id_execucao,cenario,modo,seed,t_inicio_s,t_fim_s,duracao_s,passos,id_semaforo,n_ves,ids_veiculos,tipos,criticidades,etas_s,fases_desejadas,mesmo_nivel,decidivel,decidivel_em_algum_passo,preempcao_em_curso
-1,treino_multiplas,PREEMPCAO,201,333.4,373.0,39.6,397,CRUZ_02,2,VE_ROTA_VE_CORREDOR_00|VE_ROTA_VE_TRANSVERSAL_00,AMBULANCIA|BOMBEIRO,1|1,42.4|18.4,1|2,1,1,1,
-1,treino_multiplas,PREEMPCAO,201,477.8,492.1,14.3,144,CRUZ_08,2,VE_ROTA_VE_CORREDOR_00|VE_ROTA_VE_TRANSVERSAL_00,AMBULANCIA|BOMBEIRO,1|1,13.1|40.8,2|1,1,1,1,
-1,treino_multiplas,PREEMPCAO,201,628.9,661.8,32.9,330,CRUZ_02,2,VE_ROTA_VE_CORREDOR_01|VE_ROTA_VE_TRANSVERSAL_01,BOMBEIRO|POLICIA,2|2,32.7|24.7,1|2,1,1,1,
-1,treino_multiplas,PREEMPCAO,201,745.7,771.8,26.1,262,CRUZ_08,2,VE_ROTA_VE_CORREDOR_01|VE_ROTA_VE_TRANSVERSAL_01,BOMBEIRO|POLICIA,2|2,24.8|23.1,2|1,1,1,1,
-1,treino_multiplas,PREEMPCAO,201,926.8,940.1,13.3,134,CRUZ_02,2,VE_ROTA_VE_CORREDOR_02|VE_ROTA_VE_TRANSVERSAL_02,POLICIA|AMBULANCIA,3|3,30.1|10.9,1|2,1,0,0,VE_ROTA_VE_TRANSVERSAL_02
-1,treino_multiplas,PREEMPCAO,201,1025.6,1046.8,21.2,213,CRUZ_08,2,VE_ROTA_VE_CORREDOR_02|VE_ROTA_VE_TRANSVERSAL_02,POLICIA|AMBULANCIA,3|3,36.6|13.6,2|1,1,1,1,
-1,treino_multiplas,PREEMPCAO,201,1231.4,1243.1,11.7,118,CRUZ_02,2,VE_ROTA_VE_CORREDOR_03|VE_ROTA_VE_TRANSVERSAL_03,AMBULANCIA|BOMBEIRO,2|2,71.5|3.4,1|2,1,0,0,VE_ROTA_VE_TRANSVERSAL_03
-1,treino_multiplas,PREEMPCAO,201,1344.7,1382.8,38.1,382,CRUZ_08,2,VE_ROTA_VE_CORREDOR_03|VE_ROTA_VE_TRANSVERSAL_03,AMBULANCIA|BOMBEIRO,2|2,55.3|12.9,2|1,1,0,1,VE_ROTA_VE_TRANSVERSAL_03
-1,treino_multiplas,PREEMPCAO,201,1526.5,1563.2,36.7,368,CRUZ_02,2,VE_ROTA_VE_CORREDOR_04|VE_ROTA_VE_TRANSVERSAL_04,BOMBEIRO|POLICIA,1|2,39.8|17.2,1|2,0,1,1,
-1,treino_multiplas,PREEMPCAO,201,1640.0,1682.4,42.4,425,CRUZ_08,2,VE_ROTA_VE_CORREDOR_04|VE_ROTA_VE_TRANSVERSAL_04,BOMBEIRO|POLICIA,1|2,40.5|23.0,2|1,0,1,1,
-1,treino_multiplas,PREEMPCAO,201,1822.0,1855.6,33.6,337,CRUZ_02,2,VE_ROTA_VE_CORREDOR_05|VE_ROTA_VE_TRANSVERSAL_05,POLICIA|AMBULANCIA,2|2,23.1|31.3,1|2,1,1,1,
-1,treino_multiplas,PREEMPCAO,201,1928.8,1953.5,24.7,248,CRUZ_08,2,VE_ROTA_VE_CORREDOR_05|VE_ROTA_VE_TRANSVERSAL_05,POLICIA|AMBULANCIA,2|2,21.1|23.0,2|1,1,0,0,VE_ROTA_VE_CORREDOR_05
-1,treino_multiplas,PREEMPCAO,201,2123.4,2148.2,24.8,249,CRUZ_02,2,VE_ROTA_VE_CORREDOR_06|VE_ROTA_VE_TRANSVERSAL_06,AMBULANCIA|BOMBEIRO,3|3,23.1|16.3,1|2,1,1,1,
-1,treino_multiplas,PREEMPCAO,201,2234.1,2268.1,34.0,341,CRUZ_08,2,VE_ROTA_VE_CORREDOR_06|VE_ROTA_VE_TRANSVERSAL_06,AMBULANCIA|BOMBEIRO,3|3,42.7|23.1,2|1,1,1,1,
-1,treino_multiplas,PREEMPCAO,201,2421.9,2459.2,37.3,374,CRUZ_02,2,VE_ROTA_VE_CORREDOR_07|VE_ROTA_VE_TRANSVERSAL_07,BOMBEIRO|POLICIA,2|2,23.0|20.9,1|2,1,1,1,
-1,treino_multiplas,PREEMPCAO,201,2549.5,2570.3,20.8,209,CRUZ_08,2,VE_ROTA_VE_CORREDOR_07|VE_ROTA_VE_TRANSVERSAL_07,BOMBEIRO|POLICIA,2|2,18.9|29.2,2|1,1,1,1,
-1,treino_multiplas,PREEMPCAO,201,2722.5,2741.1,18.6,187,CRUZ_02,2,VE_ROTA_VE_CORREDOR_08|VE_ROTA_VE_TRANSVERSAL_08,POLICIA|AMBULANCIA,1|1,43.6|14.9,1|2,1,1,1,
-1,treino_multiplas,PREEMPCAO,201,2839.6,2849.1,9.5,96,CRUZ_08,2,VE_ROTA_VE_CORREDOR_08|VE_ROTA_VE_TRANSVERSAL_08,POLICIA|AMBULANCIA,1|1,52.1|6.4,2|1,1,0,0,VE_ROTA_VE_TRANSVERSAL_08
-1,treino_multiplas,PREEMPCAO,201,3022.1,3055.3,33.2,333,CRUZ_02,2,VE_ROTA_VE_CORREDOR_09|VE_ROTA_VE_TRANSVERSAL_09,AMBULANCIA|BOMBEIRO,2|3,25.4|29.7,1|2,0,1,1,
-1,treino_multiplas,PREEMPCAO,201,3152.6,3172.1,19.5,196,CRUZ_08,2,VE_ROTA_VE_CORREDOR_09|VE_ROTA_VE_TRANSVERSAL_09,AMBULANCIA|BOMBEIRO,2|3,18.2|27.3,2|1,0,1,1,
-1,treino_multiplas,PREEMPCAO,201,3321.9,3355.6,33.7,338,CRUZ_02,2,VE_ROTA_VE_CORREDOR_10|VE_ROTA_VE_TRANSVERSAL_10,BOMBEIRO|POLICIA,3|3,23.0|20.1,1|2,1,1,1,
-1,treino_multiplas,PREEMPCAO,201,3447.2,3450.0,2.8,29,CRUZ_08,2,VE_ROTA_VE_CORREDOR_10|VE_ROTA_VE_TRANSVERSAL_10,BOMBEIRO|POLICIA,3|3,1.5|42.7,2|1,1,0,0,VE_ROTA_VE_CORREDOR_10
-1,treino_multiplas,PREEMPCAO,202,333.3,347.2,13.9,140,CRUZ_02,2,VE_ROTA_VE_CORREDOR_00|VE_ROTA_VE_TRANSVERSAL_00,AMBULANCIA|BOMBEIRO,1|1,58.9|12.1,1|2,1,1,1,
-1,treino_multiplas,PREEMPCAO,202,458.1,495.7,37.6,377,CRUZ_08,2,VE_ROTA_VE_CORREDOR_00|VE_ROTA_VE_TRANSVERSAL_00,AMBULANCIA|BOMBEIRO,1|1,36.7|7.8,2|1,1,0,0,VE_ROTA_VE_TRANSVERSAL_00
-1,treino_multiplas,PREEMPCAO,202,623.9,657.4,33.5,336,CRUZ_02,2,VE_ROTA_VE_CORREDOR_01|VE_ROTA_VE_TRANSVERSAL_01,BOMBEIRO|POLICIA,2|2,35.5|32.8,1|2,1,1,1,
-1,treino_multiplas,PREEMPCAO,202,745.4,772.6,27.2,273,CRUZ_08,2,VE_ROTA_VE_CORREDOR_01|VE_ROTA_VE_TRANSVERSAL_01,BOMBEIRO|POLICIA,2|2,25.9|31.9,2|1,1,1,1,
-1,treino_multiplas,PREEMPCAO,202,932.0,958.2,26.2,263,CRUZ_02,2,VE_ROTA_VE_CORREDOR_02|VE_ROTA_VE_TRANSVERSAL_02,POLICIA|AMBULANCIA,3|3,105.4|20.3,1|2,1,0,0,VE_ROTA_VE_TRANSVERSAL_02
-1,treino_multiplas,PREEMPCAO,202,1067.8,1076.6,8.8,89,CRUZ_08,2,VE_ROTA_VE_CORREDOR_02|VE_ROTA_VE_TRANSVERSAL_02,POLICIA|AMBULANCIA,3|3,45.6|6.6,2|1,1,0,0,VE_ROTA_VE_TRANSVERSAL_02
-1,treino_multiplas,PREEMPCAO,202,1222.7,1257.2,34.5,346,CRUZ_02,2,VE_ROTA_VE_CORREDOR_03|VE_ROTA_VE_TRANSVERSAL_03,AMBULANCIA|BOMBEIRO,2|2,33.3|29.2,1|2,1,1,1,
-1,treino_multiplas,PREEMPCAO,202,1347.9,1372.7,24.8,249,CRUZ_08,2,VE_ROTA_VE_CORREDOR_03|VE_ROTA_VE_TRANSVERSAL_03,AMBULANCIA|BOMBEIRO,2|2,19.6|23.1,2|1,1,1,1,
-1,treino_multiplas,PREEMPCAO,202,1526.4,1561.4,35.0,351,CRUZ_02,2,VE_ROTA_VE_CORREDOR_04|VE_ROTA_VE_TRANSVERSAL_04,BOMBEIRO|POLICIA,1|2,32.7|38.6,1|2,0,1,1,
-1,treino_multiplas,PREEMPCAO,202,1649.1,1672.3,23.2,233,CRUZ_08,2,VE_ROTA_VE_CORREDOR_04|VE_ROTA_VE_TRANSVERSAL_04,BOMBEIRO|POLICIA,1|2,15.5|23.1,2|1,0,1,1,
-1,treino_multiplas,PREEMPCAO,202,1836.8,1843.8,7.0,71,CRUZ_02,2,VE_ROTA_VE_CORREDOR_05|VE_ROTA_VE_TRANSVERSAL_05,POLICIA|AMBULANCIA,2|2,50.1|5.7,1|2,1,0,0,VE_ROTA_VE_TRANSVERSAL_05
-1,treino_multiplas,PREEMPCAO,202,1943.7,1955.6,11.9,120,CRUZ_08,2,VE_ROTA_VE_CORREDOR_05|VE_ROTA_VE_TRANSVERSAL_05,POLICIA|AMBULANCIA,2|2,53.0|8.5,2|1,1,0,0,VE_ROTA_VE_TRANSVERSAL_05
-1,treino_multiplas,PREEMPCAO,202,2128.6,2164.6,36.0,361,CRUZ_02,2,VE_ROTA_VE_CORREDOR_06|VE_ROTA_VE_TRANSVERSAL_06,AMBULANCIA|BOMBEIRO,3|3,31.7|19.1,1|2,1,1,1,
-1,treino_multiplas,PREEMPCAO,202,2268.4,2274.1,5.7,58,CRUZ_08,2,VE_ROTA_VE_CORREDOR_06|VE_ROTA_VE_TRANSVERSAL_06,AMBULANCIA|BOMBEIRO,3|3,4.4|34.1,2|1,1,0,0,VE_ROTA_VE_CORREDOR_06
-1,treino_multiplas,PREEMPCAO,202,2430.1,2441.3,11.2,113,CRUZ_02,2,VE_ROTA_VE_CORREDOR_07|VE_ROTA_VE_TRANSVERSAL_07,BOMBEIRO|POLICIA,2|2,110.1|9.8,1|2,1,0,0,VE_ROTA_VE_TRANSVERSAL_07
-1,treino_multiplas,PREEMPCAO,202,2515.7,2550.4,34.7,348,CRUZ_08,2,VE_ROTA_VE_CORREDOR_07|VE_ROTA_VE_TRANSVERSAL_07,BOMBEIRO|POLICIA,2|2,53.1|39.4,2|1,1,1,1,
-1,treino_multiplas,PREEMPCAO,202,2722.0,2764.9,42.9,430,CRUZ_02,2,VE_ROTA_VE_CORREDOR_08|VE_ROTA_VE_TRANSVERSAL_08,POLICIA|AMBULANCIA,1|1,23.1|31.7,1|2,1,1,1,
-1,treino_multiplas,PREEMPCAO,202,2857.4,2871.1,13.7,138,CRUZ_08,2,VE_ROTA_VE_CORREDOR_08|VE_ROTA_VE_TRANSVERSAL_08,POLICIA|AMBULANCIA,1|1,73.9|12.8,2|1,1,1,1,
-1,treino_multiplas,PREEMPCAO,202,3022.0,3052.1,30.1,302,CRUZ_02,2,VE_ROTA_VE_CORREDOR_09|VE_ROTA_VE_TRANSVERSAL_09,AMBULANCIA|BOMBEIRO,2|3,23.5|17.7,1|2,0,1,1,
-1,treino_multiplas,PREEMPCAO,202,3137.9,3175.8,37.9,380,CRUZ_08,2,VE_ROTA_VE_CORREDOR_09|VE_ROTA_VE_TRANSVERSAL_09,AMBULANCIA|BOMBEIRO,2|3,47.8|22.8,2|1,0,1,1,
-1,treino_multiplas,PREEMPCAO,202,3328.4,3367.4,39.0,391,CRUZ_02,2,VE_ROTA_VE_CORREDOR_10|VE_ROTA_VE_TRANSVERSAL_10,BOMBEIRO|POLICIA,3|3,52.7|25.0,1|2,1,1,1,
-1,treino_multiplas,PREEMPCAO,202,3440.7,3475.4,34.7,348,CRUZ_08,2,VE_ROTA_VE_CORREDOR_10|VE_ROTA_VE_TRANSVERSAL_10,BOMBEIRO|POLICIA,3|3,25.9|43.1,2|1,1,1,1,
-1,treino_multiplas,PREEMPCAO,203,322.5,358.4,35.9,360,CRUZ_02,2,VE_ROTA_VE_CORREDOR_00|VE_ROTA_VE_TRANSVERSAL_00,AMBULANCIA|BOMBEIRO,1|1,44.0|29.0,1|2,1,1,1,
-1,treino_multiplas,PREEMPCAO,203,478.3,492.3,14.0,141,CRUZ_08,2,VE_ROTA_VE_CORREDOR_00|VE_ROTA_VE_TRANSVERSAL_00,AMBULANCIA|BOMBEIRO,1|1,12.7|23.0,2|1,1,1,1,
-1,treino_multiplas,PREEMPCAO,203,625.5,652.0,26.5,266,CRUZ_02,2,VE_ROTA_VE_CORREDOR_01|VE_ROTA_VE_TRANSVERSAL_01,BOMBEIRO|POLICIA,2|2,30.9|17.1,1|2,1,1,1,
-1,treino_multiplas,PREEMPCAO,203,746.4,765.0,18.6,187,CRUZ_08,2,VE_ROTA_VE_CORREDOR_01|VE_ROTA_VE_TRANSVERSAL_01,BOMBEIRO|POLICIA,2|2,17.3|26.2,2|1,1,0,0,VE_ROTA_VE_CORREDOR_01
-1,treino_multiplas,PREEMPCAO,203,929.5,953.6,24.1,242,CRUZ_02,2,VE_ROTA_VE_CORREDOR_02|VE_ROTA_VE_TRANSVERSAL_02,POLICIA|AMBULANCIA,3|3,114.2|20.6,1|2,1,1,1,
-1,treino_multiplas,PREEMPCAO,203,1048.5,1055.6,7.1,72,CRUZ_08,2,VE_ROTA_VE_CORREDOR_02|VE_ROTA_VE_TRANSVERSAL_02,POLICIA|AMBULANCIA,3|3,53.7|6.7,2|1,1,0,0,VE_ROTA_VE_TRANSVERSAL_02
-1,treino_multiplas,PREEMPCAO,203,1222.0,1250.4,28.4,285,CRUZ_02,2,VE_ROTA_VE_CORREDOR_03|VE_ROTA_VE_TRANSVERSAL_03,AMBULANCIA|BOMBEIRO,2|2,23.0|28.3,1|2,1,1,1,
-1,treino_multiplas,PREEMPCAO,203,1332.4,1353.7,21.3,214,CRUZ_08,2,VE_ROTA_VE_CORREDOR_03|VE_ROTA_VE_TRANSVERSAL_03,AMBULANCIA|BOMBEIRO,2|2,14.4|23.0,2|1,1,1,1,
-1,treino_multiplas,PREEMPCAO,203,1521.9,1562.3,40.4,405,CRUZ_02,2,VE_ROTA_VE_CORREDOR_04|VE_ROTA_VE_TRANSVERSAL_04,BOMBEIRO|POLICIA,1|2,23.0|27.7,1|2,0,1,1,
-1,treino_multiplas,PREEMPCAO,203,1668.1,1687.6,19.5,196,CRUZ_08,2,VE_ROTA_VE_CORREDOR_04|VE_ROTA_VE_TRANSVERSAL_04,BOMBEIRO|POLICIA,1|2,18.2|23.1,2|1,0,1,1,
-1,treino_multiplas,PREEMPCAO,203,1823.6,1841.6,18.0,181,CRUZ_02,2,VE_ROTA_VE_CORREDOR_05|VE_ROTA_VE_TRANSVERSAL_05,POLICIA|AMBULANCIA,2|2,58.0|13.7,1|2,1,1,1,
-1,treino_multiplas,PREEMPCAO,203,1927.8,1955.1,27.3,274,CRUZ_08,2,VE_ROTA_VE_CORREDOR_05|VE_ROTA_VE_TRANSVERSAL_05,POLICIA|AMBULANCIA,2|2,52.6|19.3,2|1,1,1,1,
-1,treino_multiplas,PREEMPCAO,203,2126.5,2159.6,33.1,332,CRUZ_02,2,VE_ROTA_VE_CORREDOR_06|VE_ROTA_VE_TRANSVERSAL_06,AMBULANCIA|BOMBEIRO,3|3,30.0|15.0,1|2,1,1,1,
-1,treino_multiplas,PREEMPCAO,203,2247.6,2285.5,37.9,380,CRUZ_08,2,VE_ROTA_VE_CORREDOR_06|VE_ROTA_VE_TRANSVERSAL_06,AMBULANCIA|BOMBEIRO,3|3,80.9|23.0,2|1,1,1,1,
-1,treino_multiplas,PREEMPCAO,203,2432.0,2467.6,35.6,357,CRUZ_02,2,VE_ROTA_VE_CORREDOR_07|VE_ROTA_VE_TRANSVERSAL_07,BOMBEIRO|POLICIA,2|2,71.9|9.2,1|2,1,0,0,VE_ROTA_VE_TRANSVERSAL_07
-1,treino_multiplas,PREEMPCAO,203,2551.4,2583.7,32.3,324,CRUZ_08,2,VE_ROTA_VE_CORREDOR_07|VE_ROTA_VE_TRANSVERSAL_07,BOMBEIRO|POLICIA,2|2,25.5|23.0,2|1,1,1,1,
-1,treino_multiplas,PREEMPCAO,203,2729.4,2762.1,32.7,328,CRUZ_02,2,VE_ROTA_VE_CORREDOR_08|VE_ROTA_VE_TRANSVERSAL_08,POLICIA|AMBULANCIA,1|1,30.3|24.8,1|2,1,1,1,
-1,treino_multiplas,PREEMPCAO,203,2863.7,2880.0,16.3,164,CRUZ_08,2,VE_ROTA_VE_CORREDOR_08|VE_ROTA_VE_TRANSVERSAL_08,POLICIA|AMBULANCIA,1|1,54.4|13.3,2|1,1,0,0,VE_ROTA_VE_TRANSVERSAL_08
-1,treino_multiplas,PREEMPCAO,203,3025.4,3051.6,26.2,263,CRUZ_02,2,VE_ROTA_VE_CORREDOR_09|VE_ROTA_VE_TRANSVERSAL_09,AMBULANCIA|BOMBEIRO,2|3,29.8|37.2,1|2,0,1,1,
-1,treino_multiplas,PREEMPCAO,203,3159.2,3175.5,16.3,164,CRUZ_08,2,VE_ROTA_VE_CORREDOR_09|VE_ROTA_VE_TRANSVERSAL_09,AMBULANCIA|BOMBEIRO,2|3,7.9|23.0,2|1,0,0,0,VE_ROTA_VE_CORREDOR_09
-1,treino_multiplas,PREEMPCAO,203,3324.7,3351.1,26.4,265,CRUZ_02,2,VE_ROTA_VE_CORREDOR_10|VE_ROTA_VE_TRANSVERSAL_10,BOMBEIRO|POLICIA,3|3,98.2|25.0,1|2,1,1,1,
-1,treino_multiplas,PREEMPCAO,203,3430.4,3448.1,17.7,178,CRUZ_08,2,VE_ROTA_VE_CORREDOR_10|VE_ROTA_VE_TRANSVERSAL_10,BOMBEIRO|POLICIA,3|3,16.4|23.0,2|1,1,1,1,
-1,treino_multiplas,PREEMPCAO,204,322.5,354.5,32.0,321,CRUZ_02,2,VE_ROTA_VE_CORREDOR_00|VE_ROTA_VE_TRANSVERSAL_00,AMBULANCIA|BOMBEIRO,1|1,44.0|24.6,1|2,1,1,1,
-1,treino_multiplas,PREEMPCAO,204,437.4,465.2,27.8,279,CRUZ_08,2,VE_ROTA_VE_CORREDOR_00|VE_ROTA_VE_TRANSVERSAL_00,AMBULANCIA|BOMBEIRO,1|1,24.2|36.3,2|1,1,1,1,
-1,treino_multiplas,PREEMPCAO,204,623.5,674.3,50.8,509,CRUZ_02,2,VE_ROTA_VE_CORREDOR_01|VE_ROTA_VE_TRANSVERSAL_01,BOMBEIRO|POLICIA,2|2,41.4|37.9,1|2,1,1,1,
-1,treino_multiplas,PREEMPCAO,204,774.6,809.3,34.7,348,CRUZ_08,2,VE_ROTA_VE_CORREDOR_01|VE_ROTA_VE_TRANSVERSAL_01,BOMBEIRO|POLICIA,2|2,54.7|27.3,2|1,1,1,1,
-1,treino_multiplas,PREEMPCAO,204,931.0,970.6,39.6,397,CRUZ_02,2,VE_ROTA_VE_CORREDOR_02|VE_ROTA_VE_TRANSVERSAL_02,POLICIA|AMBULANCIA,3|3,107.9|33.8,1|2,1,1,1,
-1,treino_multiplas,PREEMPCAO,204,1064.9,1096.8,31.9,320,CRUZ_08,2,VE_ROTA_VE_CORREDOR_02|VE_ROTA_VE_TRANSVERSAL_02,POLICIA|AMBULANCIA,3|3,19.9|23.0,2|1,1,1,1,
-1,treino_multiplas,PREEMPCAO,204,1223.3,1262.6,39.3,394,CRUZ_02,2,VE_ROTA_VE_CORREDOR_03|VE_ROTA_VE_TRANSVERSAL_03,AMBULANCIA|BOMBEIRO,2|2,33.4|12.3,1|2,1,0,1,VE_ROTA_VE_TRANSVERSAL_03
-1,treino_multiplas,PREEMPCAO,204,1362.8,1375.2,12.4,125,CRUZ_08,2,VE_ROTA_VE_CORREDOR_03|VE_ROTA_VE_TRANSVERSAL_03,AMBULANCIA|BOMBEIRO,2|2,14.2|109.7,2|1,1,0,0,VE_ROTA_VE_CORREDOR_03
-1,treino_multiplas,PREEMPCAO,204,1521.9,1549.6,27.7,278,CRUZ_02,2,VE_ROTA_VE_CORREDOR_04|VE_ROTA_VE_TRANSVERSAL_04,BOMBEIRO|POLICIA,1|2,23.0|37.0,1|2,0,1,1,
-1,treino_multiplas,PREEMPCAO,204,1644.6,1647.8,3.2,33,CRUZ_08,2,VE_ROTA_VE_CORREDOR_04|VE_ROTA_VE_TRANSVERSAL_04,BOMBEIRO|POLICIA,1|2,1.9|23.0,2|1,0,0,0,VE_ROTA_VE_CORREDOR_04
-1,treino_multiplas,PREEMPCAO,204,1824.3,1839.3,15.0,151,CRUZ_02,2,VE_ROTA_VE_CORREDOR_05|VE_ROTA_VE_TRANSVERSAL_05,POLICIA|AMBULANCIA,2|2,64.3|11.5,1|2,1,0,0,VE_ROTA_VE_TRANSVERSAL_05
-1,treino_multiplas,PREEMPCAO,204,2122.0,2153.5,31.5,316,CRUZ_02,2,VE_ROTA_VE_CORREDOR_06|VE_ROTA_VE_TRANSVERSAL_06,AMBULANCIA|BOMBEIRO,3|3,23.0|20.1,1|2,1,1,1,
-1,treino_multiplas,PREEMPCAO,204,2256.8,2261.8,5.0,51,CRUZ_08,2,VE_ROTA_VE_CORREDOR_06|VE_ROTA_VE_TRANSVERSAL_06,AMBULANCIA|BOMBEIRO,3|3,4.4|23.0,2|1,1,0,0,VE_ROTA_VE_CORREDOR_06
-1,treino_multiplas,PREEMPCAO,204,2430.0,2470.9,40.9,410,CRUZ_02,2,VE_ROTA_VE_CORREDOR_07|VE_ROTA_VE_TRANSVERSAL_07,BOMBEIRO|POLICIA,2|2,125.0|44.3,1|2,1,1,1,
-1,treino_multiplas,PREEMPCAO,204,2580.2,2583.8,3.6,37,CRUZ_08,2,VE_ROTA_VE_CORREDOR_07|VE_ROTA_VE_TRANSVERSAL_07,BOMBEIRO|POLICIA,2|2,2.9|42.6,2|1,1,0,0,VE_ROTA_VE_CORREDOR_07
-1,treino_multiplas,PREEMPCAO,204,2728.6,2748.1,19.5,196,CRUZ_02,2,VE_ROTA_VE_CORREDOR_08|VE_ROTA_VE_TRANSVERSAL_08,POLICIA|AMBULANCIA,1|1,43.9|17.5,1|2,1,1,1,
-1,treino_multiplas,PREEMPCAO,204,2842.2,2858.3,16.1,162,CRUZ_08,2,VE_ROTA_VE_CORREDOR_08|VE_ROTA_VE_TRANSVERSAL_08,POLICIA|AMBULANCIA,1|1,37.9|7.1,2|1,1,0,0,VE_ROTA_VE_TRANSVERSAL_08
-1,treino_multiplas,PREEMPCAO,204,3022.0,3051.8,29.8,299,CRUZ_02,2,VE_ROTA_VE_CORREDOR_09|VE_ROTA_VE_TRANSVERSAL_09,AMBULANCIA|BOMBEIRO,2|3,23.0|37.9,1|2,0,1,1,
-1,treino_multiplas,PREEMPCAO,204,3139.7,3160.4,20.7,208,CRUZ_08,2,VE_ROTA_VE_CORREDOR_09|VE_ROTA_VE_TRANSVERSAL_09,AMBULANCIA|BOMBEIRO,2|3,19.4|23.1,2|1,0,0,0,VE_ROTA_VE_CORREDOR_09
-1,treino_multiplas,PREEMPCAO,204,3330.8,3363.7,32.9,330,CRUZ_02,2,VE_ROTA_VE_CORREDOR_10|VE_ROTA_VE_TRANSVERSAL_10,BOMBEIRO|POLICIA,3|3,38.1|22.0,1|2,1,0,0,VE_ROTA_VE_TRANSVERSAL_10
-1,treino_multiplas,PREEMPCAO,205,325.7,365.0,39.3,394,CRUZ_02,2,VE_ROTA_VE_CORREDOR_00|VE_ROTA_VE_TRANSVERSAL_00,AMBULANCIA|BOMBEIRO,1|1,105.9|32.1,1|2,1,1,1,
-1,treino_multiplas,PREEMPCAO,205,476.1,486.4,10.3,104,CRUZ_08,2,VE_ROTA_VE_CORREDOR_00|VE_ROTA_VE_TRANSVERSAL_00,AMBULANCIA|BOMBEIRO,1|1,9.0|76.8,2|1,1,0,0,VE_ROTA_VE_CORREDOR_00
-1,treino_multiplas,PREEMPCAO,205,624.0,669.2,45.2,453,CRUZ_02,2,VE_ROTA_VE_CORREDOR_01|VE_ROTA_VE_TRANSVERSAL_01,BOMBEIRO|POLICIA,2|2,24.0|20.4,1|2,1,1,1,
-1,treino_multiplas,PREEMPCAO,205,765.9,772.3,6.4,65,CRUZ_08,2,VE_ROTA_VE_CORREDOR_01|VE_ROTA_VE_TRANSVERSAL_01,BOMBEIRO|POLICIA,2|2,5.1|42.8,2|1,1,0,0,VE_ROTA_VE_CORREDOR_01
-1,treino_multiplas,PREEMPCAO,205,924.9,947.9,23.0,231,CRUZ_02,2,VE_ROTA_VE_CORREDOR_02|VE_ROTA_VE_TRANSVERSAL_02,POLICIA|AMBULANCIA,3|3,23.0|21.0,1|2,1,1,1,
-1,treino_multiplas,PREEMPCAO,205,1054.7,1054.9,0.2,3,CRUZ_08,2,VE_ROTA_VE_CORREDOR_02|VE_ROTA_VE_TRANSVERSAL_02,POLICIA|AMBULANCIA,3|3,47.9|0.0,2|1,1,0,0,VE_ROTA_VE_TRANSVERSAL_02
-1,treino_multiplas,PREEMPCAO,205,1224.0,1259.7,35.7,358,CRUZ_02,2,VE_ROTA_VE_CORREDOR_03|VE_ROTA_VE_TRANSVERSAL_03,AMBULANCIA|BOMBEIRO,2|2,98.5|17.5,1|2,1,1,1,
-1,treino_multiplas,PREEMPCAO,205,1333.7,1371.7,38.0,381,CRUZ_08,2,VE_ROTA_VE_CORREDOR_03|VE_ROTA_VE_TRANSVERSAL_03,AMBULANCIA|BOMBEIRO,2|2,51.9|39.5,2|1,1,1,1,
-1,treino_multiplas,PREEMPCAO,205,1525.1,1550.7,25.6,257,CRUZ_02,2,VE_ROTA_VE_CORREDOR_04|VE_ROTA_VE_TRANSVERSAL_04,BOMBEIRO|POLICIA,1|2,29.8|13.1,1|2,0,1,1,
-1,treino_multiplas,PREEMPCAO,205,1639.7,1662.9,23.2,233,CRUZ_08,2,VE_ROTA_VE_CORREDOR_04|VE_ROTA_VE_TRANSVERSAL_04,BOMBEIRO|POLICIA,1|2,21.9|23.1,2|1,0,1,1,
-1,treino_multiplas,PREEMPCAO,205,1822.0,1854.6,32.6,327,CRUZ_02,2,VE_ROTA_VE_CORREDOR_05|VE_ROTA_VE_TRANSVERSAL_05,POLICIA|AMBULANCIA,2|2,23.0|19.2,1|2,1,1,1,
-1,treino_multiplas,PREEMPCAO,205,2124.4,2158.2,33.8,339,CRUZ_02,2,VE_ROTA_VE_CORREDOR_06|VE_ROTA_VE_TRANSVERSAL_06,AMBULANCIA|BOMBEIRO,3|3,40.4|15.4,1|2,1,1,1,
-1,treino_multiplas,PREEMPCAO,205,2259.5,2279.0,19.5,196,CRUZ_08,2,VE_ROTA_VE_CORREDOR_06|VE_ROTA_VE_TRANSVERSAL_06,AMBULANCIA|BOMBEIRO,3|3,18.2|23.1,2|1,1,1,1,
-1,treino_multiplas,PREEMPCAO,205,2421.9,2464.0,42.1,422,CRUZ_02,2,VE_ROTA_VE_CORREDOR_07|VE_ROTA_VE_TRANSVERSAL_07,BOMBEIRO|POLICIA,2|2,23.0|22.7,1|2,1,1,1,
-1,treino_multiplas,PREEMPCAO,205,2548.1,2565.8,17.7,178,CRUZ_08,2,VE_ROTA_VE_CORREDOR_07|VE_ROTA_VE_TRANSVERSAL_07,BOMBEIRO|POLICIA,2|2,16.4|42.5,2|1,1,1,1,
-1,treino_multiplas,PREEMPCAO,205,2724.3,2749.4,25.1,252,CRUZ_02,2,VE_ROTA_VE_CORREDOR_08|VE_ROTA_VE_TRANSVERSAL_08,POLICIA|AMBULANCIA,1|1,109.9|19.9,1|2,1,1,1,
-1,treino_multiplas,PREEMPCAO,205,2830.3,2845.0,14.7,148,CRUZ_08,2,VE_ROTA_VE_CORREDOR_08|VE_ROTA_VE_TRANSVERSAL_08,POLICIA|AMBULANCIA,1|1,124.9|14.0,2|1,1,1,1,
-1,treino_multiplas,PREEMPCAO,205,3022.0,3052.2,30.2,303,CRUZ_02,2,VE_ROTA_VE_CORREDOR_09|VE_ROTA_VE_TRANSVERSAL_09,AMBULANCIA|BOMBEIRO,2|3,23.0|37.2,1|2,0,1,1,
-1,treino_multiplas,PREEMPCAO,205,3153.0,3156.9,3.9,40,CRUZ_08,2,VE_ROTA_VE_CORREDOR_09|VE_ROTA_VE_TRANSVERSAL_09,AMBULANCIA|BOMBEIRO,2|3,2.6|23.1,2|1,0,0,0,VE_ROTA_VE_CORREDOR_09
-1,treino_multiplas,PREEMPCAO,205,3330.3,3367.8,37.5,376,CRUZ_02,2,VE_ROTA_VE_CORREDOR_10|VE_ROTA_VE_TRANSVERSAL_10,BOMBEIRO|POLICIA,3|3,104.5|3.8,1|2,1,0,1,VE_ROTA_VE_TRANSVERSAL_10
-1,treino_multiplas,PREEMPCAO,205,3436.6,3462.5,25.9,260,CRUZ_08,2,VE_ROTA_VE_CORREDOR_10|VE_ROTA_VE_TRANSVERSAL_10,BOMBEIRO|POLICIA,3|3,24.6|23.3,2|1,1,1,1,
-1,treino_multiplas,PREEMPCAO,206,324.0,368.1,44.1,442,CRUZ_02,2,VE_ROTA_VE_CORREDOR_00|VE_ROTA_VE_TRANSVERSAL_00,AMBULANCIA|BOMBEIRO,1|1,107.8|25.0,1|2,1,1,1,
-1,treino_multiplas,PREEMPCAO,206,474.5,489.6,15.1,152,CRUZ_08,2,VE_ROTA_VE_CORREDOR_00|VE_ROTA_VE_TRANSVERSAL_00,AMBULANCIA|BOMBEIRO,1|1,13.8|74.1,2|1,1,1,1,
-1,treino_multiplas,PREEMPCAO,206,622.6,657.9,35.3,354,CRUZ_02,2,VE_ROTA_VE_CORREDOR_01|VE_ROTA_VE_TRANSVERSAL_01,BOMBEIRO|POLICIA,2|2,30.9|44.7,1|2,1,1,1,
-1,treino_multiplas,PREEMPCAO,206,758.1,768.7,10.6,107,CRUZ_08,2,VE_ROTA_VE_CORREDOR_01|VE_ROTA_VE_TRANSVERSAL_01,BOMBEIRO|POLICIA,2|2,9.3|23.0,2|1,1,0,0,VE_ROTA_VE_CORREDOR_01
-1,treino_multiplas,PREEMPCAO,206,922.3,959.7,37.4,375,CRUZ_02,2,VE_ROTA_VE_CORREDOR_02|VE_ROTA_VE_TRANSVERSAL_02,POLICIA|AMBULANCIA,3|3,23.0|24.4,1|2,1,1,1,
-1,treino_multiplas,PREEMPCAO,206,1041.1,1072.2,31.1,312,CRUZ_08,2,VE_ROTA_VE_CORREDOR_02|VE_ROTA_VE_TRANSVERSAL_02,POLICIA|AMBULANCIA,3|3,30.3|56.4,2|1,1,1,1,
-1,treino_multiplas,PREEMPCAO,206,1224.4,1261.6,37.2,373,CRUZ_02,2,VE_ROTA_VE_CORREDOR_03|VE_ROTA_VE_TRANSVERSAL_03,AMBULANCIA|BOMBEIRO,2|2,72.4|26.2,1|2,1,1,1,
-1,treino_multiplas,PREEMPCAO,206,1355.0,1380.5,25.5,256,CRUZ_08,2,VE_ROTA_VE_CORREDOR_03|VE_ROTA_VE_TRANSVERSAL_03,AMBULANCIA|BOMBEIRO,2|2,24.2|42.8,2|1,1,1,1,
-1,treino_multiplas,PREEMPCAO,206,1523.8,1549.0,25.2,253,CRUZ_02,2,VE_ROTA_VE_CORREDOR_04|VE_ROTA_VE_TRANSVERSAL_04,BOMBEIRO|POLICIA,1|2,29.5|16.1,1|2,0,1,1,
-1,treino_multiplas,PREEMPCAO,206,1642.2,1652.5,10.3,104,CRUZ_08,2,VE_ROTA_VE_CORREDOR_04|VE_ROTA_VE_TRANSVERSAL_04,BOMBEIRO|POLICIA,1|2,9.0|23.0,2|1,0,0,0,VE_ROTA_VE_CORREDOR_04
-1,treino_multiplas,PREEMPCAO,206,1825.9,1842.8,16.9,170,CRUZ_02,2,VE_ROTA_VE_CORREDOR_05|VE_ROTA_VE_TRANSVERSAL_05,POLICIA|AMBULANCIA,2|2,107.8|13.5,1|2,1,1,1,
-1,treino_multiplas,PREEMPCAO,206,1953.7,1978.0,24.3,244,CRUZ_08,2,VE_ROTA_VE_CORREDOR_05|VE_ROTA_VE_TRANSVERSAL_05,POLICIA|AMBULANCIA,2|2,23.6|23.0,2|1,1,1,1,
-1,treino_multiplas,PREEMPCAO,206,2130.1,2145.9,15.8,159,CRUZ_02,2,VE_ROTA_VE_CORREDOR_06|VE_ROTA_VE_TRANSVERSAL_06,AMBULANCIA|BOMBEIRO,3|3,34.4|8.7,1|2,1,0,0,VE_ROTA_VE_TRANSVERSAL_06
-1,treino_multiplas,PREEMPCAO,206,2243.2,2280.9,37.7,378,CRUZ_08,2,VE_ROTA_VE_CORREDOR_06|VE_ROTA_VE_TRANSVERSAL_06,AMBULANCIA|BOMBEIRO,3|3,37.3|3.4,2|1,1,0,1,VE_ROTA_VE_TRANSVERSAL_06
-1,treino_multiplas,PREEMPCAO,206,2421.9,2450.5,28.6,287,CRUZ_02,2,VE_ROTA_VE_CORREDOR_07|VE_ROTA_VE_TRANSVERSAL_07,BOMBEIRO|POLICIA,2|2,23.0|23.7,1|2,1,1,1,
-1,treino_multiplas,PREEMPCAO,206,2517.6,2546.0,28.4,285,CRUZ_08,2,VE_ROTA_VE_CORREDOR_07|VE_ROTA_VE_TRANSVERSAL_07,BOMBEIRO|POLICIA,2|2,26.2|23.1,2|1,1,1,1,
-1,treino_multiplas,PREEMPCAO,206,2724.8,2743.5,18.7,188,CRUZ_02,2,VE_ROTA_VE_CORREDOR_08|VE_ROTA_VE_TRANSVERSAL_08,POLICIA|AMBULANCIA,1|1,55.6|15.7,1|2,1,1,1,
-1,treino_multiplas,PREEMPCAO,206,2818.1,2841.2,23.1,232,CRUZ_08,2,VE_ROTA_VE_CORREDOR_08|VE_ROTA_VE_TRANSVERSAL_08,POLICIA|AMBULANCIA,1|1,64.8|21.3,2|1,1,1,1,
-1,treino_multiplas,PREEMPCAO,206,3028.4,3059.2,30.8,309,CRUZ_02,2,VE_ROTA_VE_CORREDOR_09|VE_ROTA_VE_TRANSVERSAL_09,AMBULANCIA|BOMBEIRO,2|3,33.9|18.6,1|2,0,1,1,
-1,treino_multiplas,PREEMPCAO,206,3145.9,3149.2,3.3,34,CRUZ_08,2,VE_ROTA_VE_CORREDOR_09|VE_ROTA_VE_TRANSVERSAL_09,AMBULANCIA|BOMBEIRO,2|3,2.3|23.1,2|1,0,0,0,VE_ROTA_VE_CORREDOR_09
-1,treino_multiplas,PREEMPCAO,206,3323.9,3356.3,32.4,325,CRUZ_02,2,VE_ROTA_VE_CORREDOR_10|VE_ROTA_VE_TRANSVERSAL_10,BOMBEIRO|POLICIA,3|3,107.0|28.5,1|2,1,1,1,
-1,treino_multiplas,PREEMPCAO,206,3435.6,3468.2,32.6,327,CRUZ_08,2,VE_ROTA_VE_CORREDOR_10|VE_ROTA_VE_TRANSVERSAL_10,BOMBEIRO|POLICIA,3|3,30.4|23.1,2|1,1,1,1,
-1,treino_multiplas,PREEMPCAO,207,322.5,357.4,34.9,350,CRUZ_02,2,VE_ROTA_VE_CORREDOR_00|VE_ROTA_VE_TRANSVERSAL_00,AMBULANCIA|BOMBEIRO,1|1,44.0|23.1,1|2,1,1,1,
-1,treino_multiplas,PREEMPCAO,207,447.2,485.0,37.8,379,CRUZ_08,2,VE_ROTA_VE_CORREDOR_00|VE_ROTA_VE_TRANSVERSAL_00,AMBULANCIA|BOMBEIRO,1|1,45.9|18.2,2|1,1,1,1,
-1,treino_multiplas,PREEMPCAO,207,621.9,646.2,24.3,244,CRUZ_02,2,VE_ROTA_VE_CORREDOR_01|VE_ROTA_VE_TRANSVERSAL_01,BOMBEIRO|POLICIA,2|2,23.0|24.4,1|2,1,1,1,
-1,treino_multiplas,PREEMPCAO,207,758.0,760.6,2.6,27,CRUZ_08,2,VE_ROTA_VE_CORREDOR_01|VE_ROTA_VE_TRANSVERSAL_01,BOMBEIRO|POLICIA,2|2,1.4|48.9,2|1,1,0,0,VE_ROTA_VE_CORREDOR_01
-1,treino_multiplas,PREEMPCAO,207,922.0,948.0,26.0,261,CRUZ_02,2,VE_ROTA_VE_CORREDOR_02|VE_ROTA_VE_TRANSVERSAL_02,POLICIA|AMBULANCIA,3|3,23.0|21.6,1|2,1,1,1,
-1,treino_multiplas,PREEMPCAO,207,1048.3,1049.9,1.6,17,CRUZ_08,2,VE_ROTA_VE_CORREDOR_02|VE_ROTA_VE_TRANSVERSAL_02,POLICIA|AMBULANCIA,3|3,48.3|0.6,2|1,1,0,0,VE_ROTA_VE_TRANSVERSAL_02
-1,treino_multiplas,PREEMPCAO,207,1226.8,1263.0,36.2,363,CRUZ_02,2,VE_ROTA_VE_CORREDOR_03|VE_ROTA_VE_TRANSVERSAL_03,AMBULANCIA|BOMBEIRO,2|2,105.7|38.0,1|2,1,1,1,
-1,treino_multiplas,PREEMPCAO,207,1361.6,1376.0,14.4,145,CRUZ_08,2,VE_ROTA_VE_CORREDOR_03|VE_ROTA_VE_TRANSVERSAL_03,AMBULANCIA|BOMBEIRO,2|2,13.1|23.5,2|1,1,1,1,
-1,treino_multiplas,PREEMPCAO,207,1521.9,1551.0,29.1,292,CRUZ_02,2,VE_ROTA_VE_CORREDOR_04|VE_ROTA_VE_TRANSVERSAL_04,BOMBEIRO|POLICIA,1|2,23.0|25.5,1|2,0,1,1,
-1,treino_multiplas,PREEMPCAO,207,1640.8,1657.2,16.4,165,CRUZ_08,2,VE_ROTA_VE_CORREDOR_04|VE_ROTA_VE_TRANSVERSAL_04,BOMBEIRO|POLICIA,1|2,15.1|23.1,2|1,0,1,1,
-1,treino_multiplas,PREEMPCAO,207,1831.3,1854.9,23.6,237,CRUZ_02,2,VE_ROTA_VE_CORREDOR_05|VE_ROTA_VE_TRANSVERSAL_05,POLICIA|AMBULANCIA,2|2,75.0|19.6,1|2,1,1,1,
-1,treino_multiplas,PREEMPCAO,207,1949.1,1973.4,24.3,244,CRUZ_08,2,VE_ROTA_VE_CORREDOR_05|VE_ROTA_VE_TRANSVERSAL_05,POLICIA|AMBULANCIA,2|2,28.0|23.0,2|1,1,1,1,
-1,treino_multiplas,PREEMPCAO,207,2122.1,2156.3,34.2,343,CRUZ_02,2,VE_ROTA_VE_CORREDOR_06|VE_ROTA_VE_TRANSVERSAL_06,AMBULANCIA|BOMBEIRO,3|3,25.9|28.8,1|2,1,1,1,
-1,treino_multiplas,PREEMPCAO,207,2247.3,2260.6,13.3,134,CRUZ_08,2,VE_ROTA_VE_CORREDOR_06|VE_ROTA_VE_TRANSVERSAL_06,AMBULANCIA|BOMBEIRO,3|3,12.0|23.0,2|1,1,0,0,VE_ROTA_VE_CORREDOR_06
-1,treino_multiplas,PREEMPCAO,207,2429.0,2456.3,27.3,274,CRUZ_02,2,VE_ROTA_VE_CORREDOR_07|VE_ROTA_VE_TRANSVERSAL_07,BOMBEIRO|POLICIA,2|2,106.4|24.0,1|2,1,1,1,
-1,treino_multiplas,PREEMPCAO,207,2543.5,2579.2,35.7,358,CRUZ_08,2,VE_ROTA_VE_CORREDOR_07|VE_ROTA_VE_TRANSVERSAL_07,BOMBEIRO|POLICIA,2|2,38.2|23.0,2|1,1,1,1,
-1,treino_multiplas,PREEMPCAO,207,2726.9,2760.3,33.4,335,CRUZ_02,2,VE_ROTA_VE_CORREDOR_08|VE_ROTA_VE_TRANSVERSAL_08,POLICIA|AMBULANCIA,1|1,40.9|21.5,1|2,1,1,1,
-1,treino_multiplas,PREEMPCAO,207,3024.4,3066.3,41.9,420,CRUZ_02,2,VE_ROTA_VE_CORREDOR_09|VE_ROTA_VE_TRANSVERSAL_09,AMBULANCIA|BOMBEIRO,2|3,31.4|17.3,1|2,0,1,1,
-1,treino_multiplas,PREEMPCAO,207,3323.9,3368.5,44.6,447,CRUZ_02,2,VE_ROTA_VE_CORREDOR_10|VE_ROTA_VE_TRANSVERSAL_10,BOMBEIRO|POLICIA,3|3,100.0|25.9,1|2,1,1,1,
-1,treino_multiplas,PREEMPCAO,207,3465.7,3472.4,6.7,68,CRUZ_08,2,VE_ROTA_VE_CORREDOR_10|VE_ROTA_VE_TRANSVERSAL_10,BOMBEIRO|POLICIA,3|3,5.4|23.1,2|1,1,0,0,VE_ROTA_VE_CORREDOR_10
-1,treino_multiplas,PREEMPCAO,208,322.7,354.7,32.0,321,CRUZ_02,2,VE_ROTA_VE_CORREDOR_00|VE_ROTA_VE_TRANSVERSAL_00,AMBULANCIA|BOMBEIRO,1|1,43.0|24.0,1|2,1,1,1,
-1,treino_multiplas,PREEMPCAO,208,449.6,466.9,17.3,174,CRUZ_08,2,VE_ROTA_VE_CORREDOR_00|VE_ROTA_VE_TRANSVERSAL_00,AMBULANCIA|BOMBEIRO,1|1,16.0|23.1,2|1,1,0,0,VE_ROTA_VE_CORREDOR_00
-1,treino_multiplas,PREEMPCAO,208,622.3,666.0,43.7,438,CRUZ_02,2,VE_ROTA_VE_CORREDOR_01|VE_ROTA_VE_TRANSVERSAL_01,BOMBEIRO|POLICIA,2|2,29.9|32.9,1|2,1,1,1,
-1,treino_multiplas,PREEMPCAO,208,773.3,795.0,21.7,218,CRUZ_08,2,VE_ROTA_VE_CORREDOR_01|VE_ROTA_VE_TRANSVERSAL_01,BOMBEIRO|POLICIA,2|2,13.7|23.0,2|1,1,1,1,
-1,treino_multiplas,PREEMPCAO,208,922.0,952.1,30.1,302,CRUZ_02,2,VE_ROTA_VE_CORREDOR_02|VE_ROTA_VE_TRANSVERSAL_02,POLICIA|AMBULANCIA,3|3,23.1|28.1,1|2,1,1,1,
-1,treino_multiplas,PREEMPCAO,208,1031.7,1071.8,40.1,402,CRUZ_08,2,VE_ROTA_VE_CORREDOR_02|VE_ROTA_VE_TRANSVERSAL_02,POLICIA|AMBULANCIA,3|3,29.9|30.2,2|1,1,1,1,
-1,treino_multiplas,PREEMPCAO,208,1227.4,1263.2,35.8,359,CRUZ_02,2,VE_ROTA_VE_CORREDOR_03|VE_ROTA_VE_TRANSVERSAL_03,AMBULANCIA|BOMBEIRO,2|2,42.1|10.2,1|2,1,1,1,
-1,treino_multiplas,PREEMPCAO,208,1376.6,1396.5,19.9,200,CRUZ_08,2,VE_ROTA_VE_CORREDOR_03|VE_ROTA_VE_TRANSVERSAL_03,AMBULANCIA|BOMBEIRO,2|2,13.9|30.3,2|1,1,1,1,
-1,treino_multiplas,PREEMPCAO,208,1521.9,1546.3,24.4,245,CRUZ_02,2,VE_ROTA_VE_CORREDOR_04|VE_ROTA_VE_TRANSVERSAL_04,BOMBEIRO|POLICIA,1|2,23.0|29.2,1|2,0,1,1,
-1,treino_multiplas,PREEMPCAO,208,1631.8,1666.9,35.1,352,CRUZ_08,2,VE_ROTA_VE_CORREDOR_04|VE_ROTA_VE_TRANSVERSAL_04,BOMBEIRO|POLICIA,1|2,31.3|45.0,2|1,0,1,1,
-1,treino_multiplas,PREEMPCAO,208,1825.0,1846.9,21.9,220,CRUZ_02,2,VE_ROTA_VE_CORREDOR_05|VE_ROTA_VE_TRANSVERSAL_05,POLICIA|AMBULANCIA,2|2,106.5|20.1,1|2,1,1,1,
-1,treino_multiplas,PREEMPCAO,208,1954.6,1961.8,7.2,73,CRUZ_08,2,VE_ROTA_VE_CORREDOR_05|VE_ROTA_VE_TRANSVERSAL_05,POLICIA|AMBULANCIA,2|2,52.7|6.6,2|1,1,0,0,VE_ROTA_VE_TRANSVERSAL_05
-1,treino_multiplas,PREEMPCAO,208,2127.2,2160.5,33.3,334,CRUZ_02,2,VE_ROTA_VE_CORREDOR_06|VE_ROTA_VE_TRANSVERSAL_06,AMBULANCIA|BOMBEIRO,3|3,31.5|7.0,1|2,1,0,0,VE_ROTA_VE_TRANSVERSAL_06
-1,treino_multiplas,PREEMPCAO,208,2249.2,2269.9,20.7,208,CRUZ_08,2,VE_ROTA_VE_CORREDOR_06|VE_ROTA_VE_TRANSVERSAL_06,AMBULANCIA|BOMBEIRO,3|3,19.4|23.0,2|1,1,1,1,
-1,treino_multiplas,PREEMPCAO,208,2421.9,2446.2,24.3,244,CRUZ_02,2,VE_ROTA_VE_CORREDOR_07|VE_ROTA_VE_TRANSVERSAL_07,BOMBEIRO|POLICIA,2|2,23.0|21.3,1|2,1,1,1,
-1,treino_multiplas,PREEMPCAO,208,2536.2,2555.4,19.2,193,CRUZ_08,2,VE_ROTA_VE_CORREDOR_07|VE_ROTA_VE_TRANSVERSAL_07,BOMBEIRO|POLICIA,2|2,18.0|27.6,2|1,1,1,1,
-1,treino_multiplas,PREEMPCAO,208,2723.3,2765.8,42.5,426,CRUZ_02,2,VE_ROTA_VE_CORREDOR_08|VE_ROTA_VE_TRANSVERSAL_08,POLICIA|AMBULANCIA,1|1,48.1|42.7,1|2,1,1,1,
-1,treino_multiplas,PREEMPCAO,208,2853.3,2867.8,14.5,146,CRUZ_08,2,VE_ROTA_VE_CORREDOR_08|VE_ROTA_VE_TRANSVERSAL_08,POLICIA|AMBULANCIA,1|1,38.6|13.8,2|1,1,1,1,
-1,treino_multiplas,PREEMPCAO,208,3032.2,3071.7,39.5,396,CRUZ_02,2,VE_ROTA_VE_CORREDOR_09|VE_ROTA_VE_TRANSVERSAL_09,AMBULANCIA|BOMBEIRO,2|3,35.3|20.3,1|2,0,1,1,
-1,treino_multiplas,PREEMPCAO,208,3169.7,3185.3,15.6,157,CRUZ_08,2,VE_ROTA_VE_CORREDOR_09|VE_ROTA_VE_TRANSVERSAL_09,AMBULANCIA|BOMBEIRO,2|3,14.3|23.0,2|1,0,1,1,
-1,treino_multiplas,PREEMPCAO,208,3321.9,3350.9,29.0,291,CRUZ_02,2,VE_ROTA_VE_CORREDOR_10|VE_ROTA_VE_TRANSVERSAL_10,BOMBEIRO|POLICIA,3|3,23.0|42.6,1|2,1,1,1,
-1,treino_multiplas,PREEMPCAO,208,3452.9,3466.4,13.5,136,CRUZ_08,2,VE_ROTA_VE_CORREDOR_10|VE_ROTA_VE_TRANSVERSAL_10,BOMBEIRO|POLICIA,3|3,12.3|23.0,2|1,1,1,1,
-1,treino_multiplas,PREEMPCAO,209,325.4,361.4,36.0,361,CRUZ_02,2,VE_ROTA_VE_CORREDOR_00|VE_ROTA_VE_TRANSVERSAL_00,AMBULANCIA|BOMBEIRO,1|1,106.0|29.8,1|2,1,1,1,
-1,treino_multiplas,PREEMPCAO,209,472.3,491.9,19.6,197,CRUZ_08,2,VE_ROTA_VE_CORREDOR_00|VE_ROTA_VE_TRANSVERSAL_00,AMBULANCIA|BOMBEIRO,1|1,18.3|95.1,2|1,1,1,1,
-1,treino_multiplas,PREEMPCAO,209,631.6,639.1,7.5,76,CRUZ_02,2,VE_ROTA_VE_CORREDOR_01|VE_ROTA_VE_TRANSVERSAL_01,BOMBEIRO|POLICIA,2|2,32.1|4.6,1|2,1,0,0,VE_ROTA_VE_TRANSVERSAL_01
-1,treino_multiplas,PREEMPCAO,209,744.8,782.4,37.6,377,CRUZ_08,2,VE_ROTA_VE_CORREDOR_01|VE_ROTA_VE_TRANSVERSAL_01,BOMBEIRO|POLICIA,2|2,36.0|13.6,2|1,1,0,0,VE_ROTA_VE_TRANSVERSAL_01
-1,treino_multiplas,PREEMPCAO,209,922.0,953.4,31.4,315,CRUZ_02,2,VE_ROTA_VE_CORREDOR_02|VE_ROTA_VE_TRANSVERSAL_02,POLICIA|AMBULANCIA,3|3,23.1|22.9,1|2,1,1,1,
-1,treino_multiplas,PREEMPCAO,209,1026.2,1058.7,32.5,326,CRUZ_08,2,VE_ROTA_VE_CORREDOR_02|VE_ROTA_VE_TRANSVERSAL_02,POLICIA|AMBULANCIA,3|3,26.0|23.0,2|1,1,1,1,
-1,treino_multiplas,PREEMPCAO,209,1227.2,1260.9,33.7,338,CRUZ_02,2,VE_ROTA_VE_CORREDOR_03|VE_ROTA_VE_TRANSVERSAL_03,AMBULANCIA|BOMBEIRO,2|2,27.9|12.1,1|2,1,1,1,
-1,treino_multiplas,PREEMPCAO,209,1352.8,1386.3,33.5,336,CRUZ_08,2,VE_ROTA_VE_CORREDOR_03|VE_ROTA_VE_TRANSVERSAL_03,AMBULANCIA|BOMBEIRO,2|2,52.4|32.0,2|1,1,1,1,
-1,treino_multiplas,PREEMPCAO,209,1521.9,1555.9,34.0,341,CRUZ_02,2,VE_ROTA_VE_CORREDOR_04|VE_ROTA_VE_TRANSVERSAL_04,BOMBEIRO|POLICIA,1|2,23.0|17.1,1|2,0,1,1,
-1,treino_multiplas,PREEMPCAO,209,1635.9,1680.9,45.0,451,CRUZ_08,2,VE_ROTA_VE_CORREDOR_04|VE_ROTA_VE_TRANSVERSAL_04,BOMBEIRO|POLICIA,1|2,45.4|24.2,2|1,0,1,1,
-1,treino_multiplas,PREEMPCAO,209,1824.9,1844.9,20.0,201,CRUZ_02,2,VE_ROTA_VE_CORREDOR_05|VE_ROTA_VE_TRANSVERSAL_05,POLICIA|AMBULANCIA,2|2,44.0|17.7,1|2,1,1,1,
-1,treino_multiplas,PREEMPCAO,209,2122.0,2147.9,25.9,260,CRUZ_02,2,VE_ROTA_VE_CORREDOR_06|VE_ROTA_VE_TRANSVERSAL_06,AMBULANCIA|BOMBEIRO,3|3,23.0|17.1,1|2,1,1,1,
-1,treino_multiplas,PREEMPCAO,209,2421.9,2455.8,33.9,340,CRUZ_02,2,VE_ROTA_VE_CORREDOR_07|VE_ROTA_VE_TRANSVERSAL_07,BOMBEIRO|POLICIA,2|2,23.0|19.6,1|2,1,0,0,VE_ROTA_VE_TRANSVERSAL_07
-1,treino_multiplas,PREEMPCAO,209,2554.5,2583.0,28.5,286,CRUZ_08,2,VE_ROTA_VE_CORREDOR_07|VE_ROTA_VE_TRANSVERSAL_07,BOMBEIRO|POLICIA,2|2,21.9|24.3,2|1,1,1,1,
-1,treino_multiplas,PREEMPCAO,209,2725.0,2761.6,36.6,367,CRUZ_02,2,VE_ROTA_VE_CORREDOR_08|VE_ROTA_VE_TRANSVERSAL_08,POLICIA|AMBULANCIA,1|1,44.8|28.1,1|2,1,1,1,
-1,treino_multiplas,PREEMPCAO,209,2844.7,2877.7,33.0,331,CRUZ_08,2,VE_ROTA_VE_CORREDOR_08|VE_ROTA_VE_TRANSVERSAL_08,POLICIA|AMBULANCIA,1|1,23.2|23.0,2|1,1,1,1,
-1,treino_multiplas,PREEMPCAO,209,3022.0,3064.3,42.3,424,CRUZ_02,2,VE_ROTA_VE_CORREDOR_09|VE_ROTA_VE_TRANSVERSAL_09,AMBULANCIA|BOMBEIRO,2|3,23.0|31.0,1|2,0,1,1,
-1,treino_multiplas,PREEMPCAO,209,3151.3,3189.6,38.3,384,CRUZ_08,2,VE_ROTA_VE_CORREDOR_09|VE_ROTA_VE_TRANSVERSAL_09,AMBULANCIA|BOMBEIRO,2|3,64.1|21.9,2|1,0,1,1,
-1,treino_multiplas,PREEMPCAO,209,3324.1,3364.8,40.7,408,CRUZ_02,2,VE_ROTA_VE_CORREDOR_10|VE_ROTA_VE_TRANSVERSAL_10,BOMBEIRO|POLICIA,3|3,105.0|28.8,1|2,1,1,1,
-1,treino_multiplas,PREEMPCAO,210,322.7,355.1,32.4,325,CRUZ_02,2,VE_ROTA_VE_CORREDOR_00|VE_ROTA_VE_TRANSVERSAL_00,AMBULANCIA|BOMBEIRO,1|1,43.0|23.8,1|2,1,1,1,
-1,treino_multiplas,PREEMPCAO,210,440.3,463.9,23.6,237,CRUZ_08,2,VE_ROTA_VE_CORREDOR_00|VE_ROTA_VE_TRANSVERSAL_00,AMBULANCIA|BOMBEIRO,1|1,21.6|38.7,2|1,1,1,1,
-1,treino_multiplas,PREEMPCAO,210,621.9,660.9,39.0,391,CRUZ_02,2,VE_ROTA_VE_CORREDOR_01|VE_ROTA_VE_TRANSVERSAL_01,BOMBEIRO|POLICIA,2|2,23.0|15.8,1|2,1,1,1,
-1,treino_multiplas,PREEMPCAO,210,753.3,774.2,20.9,210,CRUZ_08,2,VE_ROTA_VE_CORREDOR_01|VE_ROTA_VE_TRANSVERSAL_01,BOMBEIRO|POLICIA,2|2,17.4|30.1,2|1,1,1,1,
-1,treino_multiplas,PREEMPCAO,210,926.4,963.2,36.8,369,CRUZ_02,2,VE_ROTA_VE_CORREDOR_02|VE_ROTA_VE_TRANSVERSAL_02,POLICIA|AMBULANCIA,3|3,32.9|35.1,1|2,1,1,1,
-1,treino_multiplas,PREEMPCAO,210,1032.7,1063.7,31.0,311,CRUZ_08,2,VE_ROTA_VE_CORREDOR_02|VE_ROTA_VE_TRANSVERSAL_02,POLICIA|AMBULANCIA,3|3,27.9|23.1,2|1,1,1,1,
-1,treino_multiplas,PREEMPCAO,210,1232.9,1271.9,39.0,391,CRUZ_02,2,VE_ROTA_VE_CORREDOR_03|VE_ROTA_VE_TRANSVERSAL_03,AMBULANCIA|BOMBEIRO,2|2,65.9|20.6,1|2,1,1,1,
-1,treino_multiplas,PREEMPCAO,210,1369.9,1389.3,19.4,195,CRUZ_08,2,VE_ROTA_VE_CORREDOR_03|VE_ROTA_VE_TRANSVERSAL_03,AMBULANCIA|BOMBEIRO,2|2,53.3|21.9,2|1,1,1,1,
-1,treino_multiplas,PREEMPCAO,210,1526.0,1561.8,35.8,359,CRUZ_02,2,VE_ROTA_VE_CORREDOR_04|VE_ROTA_VE_TRANSVERSAL_04,BOMBEIRO|POLICIA,1|2,35.7|38.6,1|2,0,1,1,
-1,treino_multiplas,PREEMPCAO,210,1661.4,1674.0,12.6,127,CRUZ_08,2,VE_ROTA_VE_CORREDOR_04|VE_ROTA_VE_TRANSVERSAL_04,BOMBEIRO|POLICIA,1|2,8.4|23.0,2|1,0,0,0,VE_ROTA_VE_CORREDOR_04
-1,treino_multiplas,PREEMPCAO,210,1822.0,1861.3,39.3,394,CRUZ_02,2,VE_ROTA_VE_CORREDOR_05|VE_ROTA_VE_TRANSVERSAL_05,POLICIA|AMBULANCIA,2|2,23.0|31.3,1|2,1,1,1,
-1,treino_multiplas,PREEMPCAO,210,1939.7,1954.0,14.3,144,CRUZ_08,2,VE_ROTA_VE_CORREDOR_05|VE_ROTA_VE_TRANSVERSAL_05,POLICIA|AMBULANCIA,2|2,13.0|42.8,2|1,1,1,1,
-1,treino_multiplas,PREEMPCAO,210,2125.1,2158.7,33.6,337,CRUZ_02,2,VE_ROTA_VE_CORREDOR_06|VE_ROTA_VE_TRANSVERSAL_06,AMBULANCIA|BOMBEIRO,3|3,29.4|22.8,1|2,1,1,1,
-1,treino_multiplas,PREEMPCAO,210,2244.8,2284.7,39.9,400,CRUZ_08,2,VE_ROTA_VE_CORREDOR_06|VE_ROTA_VE_TRANSVERSAL_06,AMBULANCIA|BOMBEIRO,3|3,56.7|23.0,2|1,1,1,1,
-1,treino_multiplas,PREEMPCAO,210,2425.3,2468.0,42.7,428,CRUZ_02,2,VE_ROTA_VE_CORREDOR_07|VE_ROTA_VE_TRANSVERSAL_07,BOMBEIRO|POLICIA,2|2,29.9|19.9,1|2,1,1,1,
-1,treino_multiplas,PREEMPCAO,210,2557.1,2568.5,11.4,115,CRUZ_08,2,VE_ROTA_VE_CORREDOR_07|VE_ROTA_VE_TRANSVERSAL_07,BOMBEIRO|POLICIA,2|2,10.2|23.1,2|1,1,1,1,
-1,treino_multiplas,PREEMPCAO,210,2724.3,2763.0,38.7,388,CRUZ_02,2,VE_ROTA_VE_CORREDOR_08|VE_ROTA_VE_TRANSVERSAL_08,POLICIA|AMBULANCIA,1|1,109.4|29.5,1|2,1,1,1,
-1,treino_multiplas,PREEMPCAO,210,2833.2,2857.6,24.4,245,CRUZ_08,2,VE_ROTA_VE_CORREDOR_08|VE_ROTA_VE_TRANSVERSAL_08,POLICIA|AMBULANCIA,1|1,27.3|23.0,2|1,1,1,1,
-1,treino_multiplas,PREEMPCAO,210,3022.2,3054.9,32.7,328,CRUZ_02,2,VE_ROTA_VE_CORREDOR_09|VE_ROTA_VE_TRANSVERSAL_09,AMBULANCIA|BOMBEIRO,2|3,23.0|25.9,1|2,0,1,1,
-1,treino_multiplas,PREEMPCAO,210,3127.7,3167.3,39.6,397,CRUZ_08,2,VE_ROTA_VE_CORREDOR_09|VE_ROTA_VE_TRANSVERSAL_09,AMBULANCIA|BOMBEIRO,2|3,124.8|23.0,2|1,0,1,1,
-1,treino_multiplas,PREEMPCAO,210,3322.0,3364.4,42.4,425,CRUZ_02,2,VE_ROTA_VE_CORREDOR_10|VE_ROTA_VE_TRANSVERSAL_10,BOMBEIRO|POLICIA,3|3,25.3|28.0,1|2,1,1,1,
-1,treino_multiplas,PREEMPCAO,210,3449.0,3474.2,25.2,253,CRUZ_08,2,VE_ROTA_VE_CORREDOR_10|VE_ROTA_VE_TRANSVERSAL_10,BOMBEIRO|POLICIA,3|3,23.9|23.0,2|1,1,1,1,
-1,treino_multiplas,PREEMPCAO,211,334.7,379.3,44.6,447,CRUZ_02,2,VE_ROTA_VE_CORREDOR_00|VE_ROTA_VE_TRANSVERSAL_00,AMBULANCIA|BOMBEIRO,1|1,64.4|18.5,1|2,1,1,1,
-1,treino_multiplas,PREEMPCAO,211,621.9,653.4,31.5,316,CRUZ_02,2,VE_ROTA_VE_CORREDOR_01|VE_ROTA_VE_TRANSVERSAL_01,BOMBEIRO|POLICIA,2|2,23.0|42.9,1|2,1,1,1,
-1,treino_multiplas,PREEMPCAO,211,763.6,774.5,10.9,110,CRUZ_08,2,VE_ROTA_VE_CORREDOR_01|VE_ROTA_VE_TRANSVERSAL_01,BOMBEIRO|POLICIA,2|2,8.6|23.0,2|1,1,0,0,VE_ROTA_VE_CORREDOR_01
-1,treino_multiplas,PREEMPCAO,211,930.6,963.5,32.9,330,CRUZ_02,2,VE_ROTA_VE_CORREDOR_02|VE_ROTA_VE_TRANSVERSAL_02,POLICIA|AMBULANCIA,3|3,109.0|30.9,1|2,1,1,1,
-1,treino_multiplas,PREEMPCAO,211,1040.8,1066.0,25.2,253,CRUZ_08,2,VE_ROTA_VE_CORREDOR_02|VE_ROTA_VE_TRANSVERSAL_02,POLICIA|AMBULANCIA,3|3,56.7|23.0,2|1,1,1,1,
-1,treino_multiplas,PREEMPCAO,211,1224.2,1265.6,41.4,415,CRUZ_02,2,VE_ROTA_VE_CORREDOR_03|VE_ROTA_VE_TRANSVERSAL_03,AMBULANCIA|BOMBEIRO,2|2,48.3|20.4,1|2,1,1,1,
-1,treino_multiplas,PREEMPCAO,211,1360.5,1383.2,22.7,228,CRUZ_08,2,VE_ROTA_VE_CORREDOR_03|VE_ROTA_VE_TRANSVERSAL_03,AMBULANCIA|BOMBEIRO,2|2,21.5|30.3,2|1,1,1,1,
-1,treino_multiplas,PREEMPCAO,211,1525.9,1554.5,28.6,287,CRUZ_02,2,VE_ROTA_VE_CORREDOR_04|VE_ROTA_VE_TRANSVERSAL_04,BOMBEIRO|POLICIA,1|2,30.0|22.8,1|2,0,1,1,
-1,treino_multiplas,PREEMPCAO,211,1634.8,1672.7,37.9,380,CRUZ_08,2,VE_ROTA_VE_CORREDOR_04|VE_ROTA_VE_TRANSVERSAL_04,BOMBEIRO|POLICIA,1|2,48.9|26.0,2|1,0,1,1,
-1,treino_multiplas,PREEMPCAO,211,1827.3,1846.3,19.0,191,CRUZ_02,2,VE_ROTA_VE_CORREDOR_05|VE_ROTA_VE_TRANSVERSAL_05,POLICIA|AMBULANCIA,2|2,125.0|15.6,1|2,1,1,1,
-1,treino_multiplas,PREEMPCAO,211,2123.6,2159.7,36.1,362,CRUZ_02,2,VE_ROTA_VE_CORREDOR_06|VE_ROTA_VE_TRANSVERSAL_06,AMBULANCIA|BOMBEIRO,3|3,40.1|21.3,1|2,1,1,1,
-1,treino_multiplas,PREEMPCAO,211,2252.0,2285.6,33.6,337,CRUZ_08,2,VE_ROTA_VE_CORREDOR_06|VE_ROTA_VE_TRANSVERSAL_06,AMBULANCIA|BOMBEIRO,3|3,38.2|23.0,2|1,1,1,1,
-1,treino_multiplas,PREEMPCAO,211,2422.1,2446.4,24.3,244,CRUZ_02,2,VE_ROTA_VE_CORREDOR_07|VE_ROTA_VE_TRANSVERSAL_07,BOMBEIRO|POLICIA,2|2,23.1|14.5,1|2,1,1,1,
-1,treino_multiplas,PREEMPCAO,211,2538.8,2565.5,26.7,268,CRUZ_08,2,VE_ROTA_VE_CORREDOR_07|VE_ROTA_VE_TRANSVERSAL_07,BOMBEIRO|POLICIA,2|2,25.4|23.0,2|1,1,1,1,
-1,treino_multiplas,PREEMPCAO,211,2725.1,2762.5,37.4,375,CRUZ_02,2,VE_ROTA_VE_CORREDOR_08|VE_ROTA_VE_TRANSVERSAL_08,POLICIA|AMBULANCIA,1|1,35.6|35.1,1|2,1,1,1,
-1,treino_multiplas,PREEMPCAO,211,2853.4,2885.0,31.6,317,CRUZ_08,2,VE_ROTA_VE_CORREDOR_08|VE_ROTA_VE_TRANSVERSAL_08,POLICIA|AMBULANCIA,1|1,31.3|32.1,2|1,1,1,1,
-1,treino_multiplas,PREEMPCAO,211,3022.0,3053.9,31.9,320,CRUZ_02,2,VE_ROTA_VE_CORREDOR_09|VE_ROTA_VE_TRANSVERSAL_09,AMBULANCIA|BOMBEIRO,2|3,23.0|36.2,1|2,0,1,1,
-1,treino_multiplas,PREEMPCAO,211,3144.2,3180.0,35.8,359,CRUZ_08,2,VE_ROTA_VE_CORREDOR_09|VE_ROTA_VE_TRANSVERSAL_09,AMBULANCIA|BOMBEIRO,2|3,19.7|23.0,2|1,0,1,1,
-1,treino_multiplas,PREEMPCAO,211,3324.0,3361.9,37.9,380,CRUZ_02,2,VE_ROTA_VE_CORREDOR_10|VE_ROTA_VE_TRANSVERSAL_10,BOMBEIRO|POLICIA,3|3,110.0|13.8,1|2,1,0,0,VE_ROTA_VE_TRANSVERSAL_10
-1,treino_multiplas,PREEMPCAO,212,332.8,371.6,38.8,389,CRUZ_02,2,VE_ROTA_VE_CORREDOR_00|VE_ROTA_VE_TRANSVERSAL_00,AMBULANCIA|BOMBEIRO,1|1,40.0|15.8,1|2,1,1,1,
-1,treino_multiplas,PREEMPCAO,212,474.5,489.7,15.2,153,CRUZ_08,2,VE_ROTA_VE_CORREDOR_00|VE_ROTA_VE_TRANSVERSAL_00,AMBULANCIA|BOMBEIRO,1|1,14.0|74.4,2|1,1,1,1,
-1,treino_multiplas,PREEMPCAO,212,622.9,654.5,31.6,317,CRUZ_02,2,VE_ROTA_VE_CORREDOR_01|VE_ROTA_VE_TRANSVERSAL_01,BOMBEIRO|POLICIA,2|2,28.6|33.1,1|2,1,1,1,
-1,treino_multiplas,PREEMPCAO,212,745.7,764.0,18.3,184,CRUZ_08,2,VE_ROTA_VE_CORREDOR_01|VE_ROTA_VE_TRANSVERSAL_01,BOMBEIRO|POLICIA,2|2,17.0|44.3,2|1,1,1,1,
-1,treino_multiplas,PREEMPCAO,212,923.7,961.4,37.7,378,CRUZ_02,2,VE_ROTA_VE_CORREDOR_02|VE_ROTA_VE_TRANSVERSAL_02,POLICIA|AMBULANCIA,3|3,30.4|30.8,1|2,1,1,1,
-1,treino_multiplas,PREEMPCAO,212,1058.0,1088.9,30.9,310,CRUZ_08,2,VE_ROTA_VE_CORREDOR_02|VE_ROTA_VE_TRANSVERSAL_02,POLICIA|AMBULANCIA,3|3,19.3|27.2,2|1,1,1,1,
-1,treino_multiplas,PREEMPCAO,212,1227.9,1269.7,41.8,419,CRUZ_02,2,VE_ROTA_VE_CORREDOR_03|VE_ROTA_VE_TRANSVERSAL_03,AMBULANCIA|BOMBEIRO,2|2,116.6|17.2,1|2,1,1,1,
-1,treino_multiplas,PREEMPCAO,212,1357.2,1381.7,24.5,246,CRUZ_08,2,VE_ROTA_VE_CORREDOR_03|VE_ROTA_VE_TRANSVERSAL_03,AMBULANCIA|BOMBEIRO,2|2,23.3|27.8,2|1,1,1,1,
-1,treino_multiplas,PREEMPCAO,212,1525.0,1555.2,30.2,303,CRUZ_02,2,VE_ROTA_VE_CORREDOR_04|VE_ROTA_VE_TRANSVERSAL_04,BOMBEIRO|POLICIA,1|2,28.3|16.0,1|2,0,1,1,
-1,treino_multiplas,PREEMPCAO,212,1822.5,1857.1,34.6,347,CRUZ_02,2,VE_ROTA_VE_CORREDOR_05|VE_ROTA_VE_TRANSVERSAL_05,POLICIA|AMBULANCIA,2|2,43.6|27.9,1|2,1,1,1,
-1,treino_multiplas,PREEMPCAO,212,1935.0,1972.3,37.3,374,CRUZ_08,2,VE_ROTA_VE_CORREDOR_05|VE_ROTA_VE_TRANSVERSAL_05,POLICIA|AMBULANCIA,2|2,14.2|30.2,2|1,1,1,1,
-1,treino_multiplas,PREEMPCAO,212,2122.0,2155.6,33.6,337,CRUZ_02,2,VE_ROTA_VE_CORREDOR_06|VE_ROTA_VE_TRANSVERSAL_06,AMBULANCIA|BOMBEIRO,3|3,23.0|47.9,1|2,1,1,1,
-1,treino_multiplas,PREEMPCAO,212,2425.3,2450.7,25.4,255,CRUZ_02,2,VE_ROTA_VE_CORREDOR_07|VE_ROTA_VE_TRANSVERSAL_07,BOMBEIRO|POLICIA,2|2,32.7|16.9,1|2,1,1,1,
-1,treino_multiplas,PREEMPCAO,212,2546.4,2584.9,38.5,386,CRUZ_08,2,VE_ROTA_VE_CORREDOR_07|VE_ROTA_VE_TRANSVERSAL_07,BOMBEIRO|POLICIA,2|2,78.1|8.9,2|1,1,0,1,VE_ROTA_VE_TRANSVERSAL_07
-1,treino_multiplas,PREEMPCAO,212,2734.1,2760.0,25.9,260,CRUZ_02,2,VE_ROTA_VE_CORREDOR_08|VE_ROTA_VE_TRANSVERSAL_08,POLICIA|AMBULANCIA,1|1,52.8|19.4,1|2,1,1,1,
-1,treino_multiplas,PREEMPCAO,212,3025.9,3064.8,38.9,390,CRUZ_02,2,VE_ROTA_VE_CORREDOR_09|VE_ROTA_VE_TRANSVERSAL_09,AMBULANCIA|BOMBEIRO,2|3,34.4|15.7,1|2,0,1,1,
-1,treino_multiplas,PREEMPCAO,212,3321.9,3346.2,24.3,244,CRUZ_02,2,VE_ROTA_VE_CORREDOR_10|VE_ROTA_VE_TRANSVERSAL_10,BOMBEIRO|POLICIA,3|3,23.0|28.9,1|2,1,1,1,
-1,treino_multiplas,PREEMPCAO,212,3452.6,3456.0,3.4,35,CRUZ_08,2,VE_ROTA_VE_CORREDOR_10|VE_ROTA_VE_TRANSVERSAL_10,BOMBEIRO|POLICIA,3|3,2.5|23.0,2|1,1,0,0,VE_ROTA_VE_CORREDOR_10
-1,treino_multiplas,PREEMPCAO,213,324.0,361.7,37.7,378,CRUZ_02,2,VE_ROTA_VE_CORREDOR_00|VE_ROTA_VE_TRANSVERSAL_00,AMBULANCIA|BOMBEIRO,1|1,107.8|24.2,1|2,1,1,1,
-1,treino_multiplas,PREEMPCAO,213,450.1,488.0,37.9,380,CRUZ_08,2,VE_ROTA_VE_CORREDOR_00|VE_ROTA_VE_TRANSVERSAL_00,AMBULANCIA|BOMBEIRO,1|1,46.5|24.6,2|1,1,1,1,
-1,treino_multiplas,PREEMPCAO,213,630.2,666.0,35.8,359,CRUZ_02,2,VE_ROTA_VE_CORREDOR_01|VE_ROTA_VE_TRANSVERSAL_01,BOMBEIRO|POLICIA,2|2,35.3|10.5,1|2,1,0,0,VE_ROTA_VE_TRANSVERSAL_01
-1,treino_multiplas,PREEMPCAO,213,751.7,774.0,22.3,224,CRUZ_08,2,VE_ROTA_VE_CORREDOR_01|VE_ROTA_VE_TRANSVERSAL_01,BOMBEIRO|POLICIA,2|2,21.1|23.0,2|1,1,1,1,
-1,treino_multiplas,PREEMPCAO,213,922.0,942.6,20.6,207,CRUZ_02,2,VE_ROTA_VE_CORREDOR_02|VE_ROTA_VE_TRANSVERSAL_02,POLICIA|AMBULANCIA,3|3,23.0|16.3,1|2,1,1,1,
-1,treino_multiplas,PREEMPCAO,213,1025.0,1059.4,34.4,345,CRUZ_08,2,VE_ROTA_VE_CORREDOR_02|VE_ROTA_VE_TRANSVERSAL_02,POLICIA|AMBULANCIA,3|3,32.5|23.0,2|1,1,1,1,
-1,treino_multiplas,PREEMPCAO,213,1227.2,1260.6,33.4,335,CRUZ_02,2,VE_ROTA_VE_CORREDOR_03|VE_ROTA_VE_TRANSVERSAL_03,AMBULANCIA|BOMBEIRO,2|2,31.2|24.5,1|2,1,1,1,
-1,treino_multiplas,PREEMPCAO,213,1361.4,1402.3,40.9,410,CRUZ_08,2,VE_ROTA_VE_CORREDOR_03|VE_ROTA_VE_TRANSVERSAL_03,AMBULANCIA|BOMBEIRO,2|2,31.0|30.9,2|1,1,1,1,
-1,treino_multiplas,PREEMPCAO,213,1522.1,1572.3,50.2,503,CRUZ_02,2,VE_ROTA_VE_CORREDOR_04|VE_ROTA_VE_TRANSVERSAL_04,BOMBEIRO|POLICIA,1|2,23.1|30.7,1|2,0,1,1,
-1,treino_multiplas,PREEMPCAO,213,1661.3,1683.9,22.6,227,CRUZ_08,2,VE_ROTA_VE_CORREDOR_04|VE_ROTA_VE_TRANSVERSAL_04,BOMBEIRO|POLICIA,1|2,21.3|23.0,2|1,0,1,1,
-1,treino_multiplas,PREEMPCAO,213,1822.5,1862.0,39.5,396,CRUZ_02,2,VE_ROTA_VE_CORREDOR_05|VE_ROTA_VE_TRANSVERSAL_05,POLICIA|AMBULANCIA,2|2,43.6|30.0,1|2,1,1,1,
-1,treino_multiplas,PREEMPCAO,213,1942.2,1979.3,37.1,372,CRUZ_08,2,VE_ROTA_VE_CORREDOR_05|VE_ROTA_VE_TRANSVERSAL_05,POLICIA|AMBULANCIA,2|2,10.7|23.0,2|1,1,1,1,
-1,treino_multiplas,PREEMPCAO,213,2123.9,2159.9,36.0,361,CRUZ_02,2,VE_ROTA_VE_CORREDOR_06|VE_ROTA_VE_TRANSVERSAL_06,AMBULANCIA|BOMBEIRO,3|3,24.0|56.2,1|2,1,1,1,
-1,treino_multiplas,PREEMPCAO,213,2274.0,2283.0,9.0,91,CRUZ_08,2,VE_ROTA_VE_CORREDOR_06|VE_ROTA_VE_TRANSVERSAL_06,AMBULANCIA|BOMBEIRO,3|3,7.7|23.0,2|1,1,0,0,VE_ROTA_VE_CORREDOR_06
-1,treino_multiplas,PREEMPCAO,213,2424.0,2453.0,29.0,291,CRUZ_02,2,VE_ROTA_VE_CORREDOR_07|VE_ROTA_VE_TRANSVERSAL_07,BOMBEIRO|POLICIA,2|2,30.8|20.6,1|2,1,1,1,
-1,treino_multiplas,PREEMPCAO,213,2535.4,2567.0,31.6,317,CRUZ_08,2,VE_ROTA_VE_CORREDOR_07|VE_ROTA_VE_TRANSVERSAL_07,BOMBEIRO|POLICIA,2|2,30.3|24.6,2|1,1,1,1,
-1,treino_multiplas,PREEMPCAO,213,2729.5,2759.1,29.6,297,CRUZ_02,2,VE_ROTA_VE_CORREDOR_08|VE_ROTA_VE_TRANSVERSAL_08,POLICIA|AMBULANCIA,1|1,50.2|18.9,1|2,1,1,1,
-1,treino_multiplas,PREEMPCAO,213,3022.1,3062.5,40.4,405,CRUZ_02,2,VE_ROTA_VE_CORREDOR_09|VE_ROTA_VE_TRANSVERSAL_09,AMBULANCIA|BOMBEIRO,2|3,23.9|32.8,1|2,0,1,1,
-1,treino_multiplas,PREEMPCAO,213,3158.0,3188.2,30.2,303,CRUZ_08,2,VE_ROTA_VE_CORREDOR_09|VE_ROTA_VE_TRANSVERSAL_09,AMBULANCIA|BOMBEIRO,2|3,28.9|25.8,2|1,0,1,1,
-1,treino_multiplas,PREEMPCAO,213,3322.1,3353.1,31.0,311,CRUZ_02,2,VE_ROTA_VE_CORREDOR_10|VE_ROTA_VE_TRANSVERSAL_10,BOMBEIRO|POLICIA,3|3,25.8|22.8,1|2,1,1,1,
-1,treino_multiplas,PREEMPCAO,213,3443.4,3466.2,22.8,229,CRUZ_08,2,VE_ROTA_VE_CORREDOR_10|VE_ROTA_VE_TRANSVERSAL_10,BOMBEIRO|POLICIA,3|3,21.5|23.1,2|1,1,1,1,
-1,treino_multiplas,PREEMPCAO,214,322.5,355.1,32.6,327,CRUZ_02,2,VE_ROTA_VE_CORREDOR_00|VE_ROTA_VE_TRANSVERSAL_00,AMBULANCIA|BOMBEIRO,1|1,44.0|23.5,1|2,1,1,1,
-1,treino_multiplas,PREEMPCAO,214,441.6,479.6,38.0,381,CRUZ_08,2,VE_ROTA_VE_CORREDOR_00|VE_ROTA_VE_TRANSVERSAL_00,AMBULANCIA|BOMBEIRO,1|1,51.1|26.5,2|1,1,1,1,
-1,treino_multiplas,PREEMPCAO,214,626.1,668.4,42.3,424,CRUZ_02,2,VE_ROTA_VE_CORREDOR_01|VE_ROTA_VE_TRANSVERSAL_01,BOMBEIRO|POLICIA,2|2,27.5|17.9,1|2,1,1,1,
-1,treino_multiplas,PREEMPCAO,214,770.8,793.2,22.4,225,CRUZ_08,2,VE_ROTA_VE_CORREDOR_01|VE_ROTA_VE_TRANSVERSAL_01,BOMBEIRO|POLICIA,2|2,18.7|23.0,2|1,1,1,1,
-1,treino_multiplas,PREEMPCAO,214,922.0,961.0,39.0,391,CRUZ_02,2,VE_ROTA_VE_CORREDOR_02|VE_ROTA_VE_TRANSVERSAL_02,POLICIA|AMBULANCIA,3|3,23.0|29.3,1|2,1,1,1,
-1,treino_multiplas,PREEMPCAO,214,1039.3,1074.2,34.9,350,CRUZ_08,2,VE_ROTA_VE_CORREDOR_02|VE_ROTA_VE_TRANSVERSAL_02,POLICIA|AMBULANCIA,3|3,30.7|23.1,2|1,1,1,1,
-1,treino_multiplas,PREEMPCAO,214,1223.4,1257.4,34.0,341,CRUZ_02,2,VE_ROTA_VE_CORREDOR_03|VE_ROTA_VE_TRANSVERSAL_03,AMBULANCIA|BOMBEIRO,2|2,48.2|17.6,1|2,1,1,1,
-1,treino_multiplas,PREEMPCAO,214,1327.4,1364.9,37.5,376,CRUZ_08,2,VE_ROTA_VE_CORREDOR_03|VE_ROTA_VE_TRANSVERSAL_03,AMBULANCIA|BOMBEIRO,2|2,30.3|20.9,2|1,1,1,1,
-1,treino_multiplas,PREEMPCAO,214,1522.0,1571.9,49.9,500,CRUZ_02,2,VE_ROTA_VE_CORREDOR_04|VE_ROTA_VE_TRANSVERSAL_04,BOMBEIRO|POLICIA,1|2,27.2|30.7,1|2,0,1,1,
-1,treino_multiplas,PREEMPCAO,214,1680.5,1705.7,25.2,253,CRUZ_08,2,VE_ROTA_VE_CORREDOR_04|VE_ROTA_VE_TRANSVERSAL_04,BOMBEIRO|POLICIA,1|2,23.5|23.0,2|1,0,1,1,
-1,treino_multiplas,PREEMPCAO,214,1830.4,1848.5,18.1,182,CRUZ_02,2,VE_ROTA_VE_CORREDOR_05|VE_ROTA_VE_TRANSVERSAL_05,POLICIA|AMBULANCIA,2|2,124.9|16.1,1|2,1,1,1,
-1,treino_multiplas,PREEMPCAO,214,1946.3,1959.6,13.3,134,CRUZ_08,2,VE_ROTA_VE_CORREDOR_05|VE_ROTA_VE_TRANSVERSAL_05,POLICIA|AMBULANCIA,2|2,54.0|12.4,2|1,1,1,1,
-1,treino_multiplas,PREEMPCAO,214,2122.0,2152.7,30.7,308,CRUZ_02,2,VE_ROTA_VE_CORREDOR_06|VE_ROTA_VE_TRANSVERSAL_06,AMBULANCIA|BOMBEIRO,3|3,23.0|42.1,1|2,1,1,1,
-1,treino_multiplas,PREEMPCAO,214,2247.7,2254.8,7.1,72,CRUZ_08,2,VE_ROTA_VE_CORREDOR_06|VE_ROTA_VE_TRANSVERSAL_06,AMBULANCIA|BOMBEIRO,3|3,5.8|42.6,2|1,1,0,0,VE_ROTA_VE_CORREDOR_06
-1,treino_multiplas,PREEMPCAO,214,2432.4,2475.6,43.2,433,CRUZ_02,2,VE_ROTA_VE_CORREDOR_07|VE_ROTA_VE_TRANSVERSAL_07,BOMBEIRO|POLICIA,2|2,109.5|6.3,1|2,1,0,1,VE_ROTA_VE_TRANSVERSAL_07
-1,treino_multiplas,PREEMPCAO,214,2544.6,2571.1,26.5,266,CRUZ_08,2,VE_ROTA_VE_CORREDOR_07|VE_ROTA_VE_TRANSVERSAL_07,BOMBEIRO|POLICIA,2|2,36.4|23.0,2|1,1,1,1,
-1,treino_multiplas,PREEMPCAO,214,2722.4,2761.1,38.7,388,CRUZ_02,2,VE_ROTA_VE_CORREDOR_08|VE_ROTA_VE_TRANSVERSAL_08,POLICIA|AMBULANCIA,1|1,29.8|28.5,1|2,1,1,1,
-1,treino_multiplas,PREEMPCAO,214,2849.4,2872.1,22.7,228,CRUZ_08,2,VE_ROTA_VE_CORREDOR_08|VE_ROTA_VE_TRANSVERSAL_08,POLICIA|AMBULANCIA,1|1,36.9|11.8,2|1,1,1,1,
-1,treino_multiplas,PREEMPCAO,214,3022.0,3051.1,29.1,292,CRUZ_02,2,VE_ROTA_VE_CORREDOR_09|VE_ROTA_VE_TRANSVERSAL_09,AMBULANCIA|BOMBEIRO,2|3,24.0|16.3,1|2,0,1,1,
-1,treino_multiplas,PREEMPCAO,214,3139.4,3162.4,23.0,231,CRUZ_08,2,VE_ROTA_VE_CORREDOR_09|VE_ROTA_VE_TRANSVERSAL_09,AMBULANCIA|BOMBEIRO,2|3,21.7|28.2,2|1,0,1,1,
-1,treino_multiplas,PREEMPCAO,214,3321.9,3342.2,20.3,204,CRUZ_02,2,VE_ROTA_VE_CORREDOR_10|VE_ROTA_VE_TRANSVERSAL_10,BOMBEIRO|POLICIA,3|3,23.0|13.3,1|2,1,1,1,
-1,treino_multiplas,PREEMPCAO,214,3430.5,3435.0,4.5,46,CRUZ_08,2,VE_ROTA_VE_CORREDOR_10|VE_ROTA_VE_TRANSVERSAL_10,BOMBEIRO|POLICIA,3|3,3.2|23.1,2|1,1,0,0,VE_ROTA_VE_CORREDOR_10
-1,treino_multiplas,PREEMPCAO,215,329.1,365.7,36.6,367,CRUZ_02,2,VE_ROTA_VE_CORREDOR_00|VE_ROTA_VE_TRANSVERSAL_00,AMBULANCIA|BOMBEIRO,1|1,125.0|21.6,1|2,1,1,1,
-1,treino_multiplas,PREEMPCAO,215,445.6,481.1,35.5,356,CRUZ_08,2,VE_ROTA_VE_CORREDOR_00|VE_ROTA_VE_TRANSVERSAL_00,AMBULANCIA|BOMBEIRO,1|1,56.7|23.1,2|1,1,1,1,
-1,treino_multiplas,PREEMPCAO,215,623.6,673.2,49.6,497,CRUZ_02,2,VE_ROTA_VE_CORREDOR_01|VE_ROTA_VE_TRANSVERSAL_01,BOMBEIRO|POLICIA,2|2,35.3|25.0,1|2,1,1,1,
-1,treino_multiplas,PREEMPCAO,215,922.0,953.9,31.9,320,CRUZ_02,2,VE_ROTA_VE_CORREDOR_02|VE_ROTA_VE_TRANSVERSAL_02,POLICIA|AMBULANCIA,3|3,23.0|30.0,1|2,1,1,1,
-1,treino_multiplas,PREEMPCAO,215,1035.5,1066.0,30.5,306,CRUZ_08,2,VE_ROTA_VE_CORREDOR_02|VE_ROTA_VE_TRANSVERSAL_02,POLICIA|AMBULANCIA,3|3,14.1|24.7,2|1,1,1,1,
-1,treino_multiplas,PREEMPCAO,215,1228.3,1266.4,38.1,382,CRUZ_02,2,VE_ROTA_VE_CORREDOR_03|VE_ROTA_VE_TRANSVERSAL_03,AMBULANCIA|BOMBEIRO,2|2,55.6|5.6,1|2,1,0,0,VE_ROTA_VE_TRANSVERSAL_03
-1,treino_multiplas,PREEMPCAO,215,1353.7,1391.8,38.1,382,CRUZ_08,2,VE_ROTA_VE_CORREDOR_03|VE_ROTA_VE_TRANSVERSAL_03,AMBULANCIA|BOMBEIRO,2|2,56.6|22.9,2|1,1,1,1,
-1,treino_multiplas,PREEMPCAO,215,1523.5,1553.8,30.3,304,CRUZ_02,2,VE_ROTA_VE_CORREDOR_04|VE_ROTA_VE_TRANSVERSAL_04,BOMBEIRO|POLICIA,1|2,29.2|27.2,1|2,0,1,1,
-1,treino_multiplas,PREEMPCAO,215,1649.2,1678.5,29.3,294,CRUZ_08,2,VE_ROTA_VE_CORREDOR_04|VE_ROTA_VE_TRANSVERSAL_04,BOMBEIRO|POLICIA,1|2,28.0|23.0,2|1,0,1,1,
-1,treino_multiplas,PREEMPCAO,215,1824.0,1857.0,33.0,331,CRUZ_02,2,VE_ROTA_VE_CORREDOR_05|VE_ROTA_VE_TRANSVERSAL_05,POLICIA|AMBULANCIA,2|2,106.3|27.0,1|2,1,1,1,
-1,treino_multiplas,PREEMPCAO,215,1932.4,1955.1,22.7,228,CRUZ_08,2,VE_ROTA_VE_CORREDOR_05|VE_ROTA_VE_TRANSVERSAL_05,POLICIA|AMBULANCIA,2|2,30.1|20.5,2|1,1,1,1,
-1,treino_multiplas,PREEMPCAO,215,2122.5,2159.2,36.7,368,CRUZ_02,2,VE_ROTA_VE_CORREDOR_06|VE_ROTA_VE_TRANSVERSAL_06,AMBULANCIA|BOMBEIRO,3|3,28.4|17.5,1|2,1,1,1,
-1,treino_multiplas,PREEMPCAO,215,2242.3,2277.9,35.6,357,CRUZ_08,2,VE_ROTA_VE_CORREDOR_06|VE_ROTA_VE_TRANSVERSAL_06,AMBULANCIA|BOMBEIRO,3|3,35.4|23.1,2|1,1,1,1,
-1,treino_multiplas,PREEMPCAO,215,2421.9,2463.2,41.3,414,CRUZ_02,2,VE_ROTA_VE_CORREDOR_07|VE_ROTA_VE_TRANSVERSAL_07,BOMBEIRO|POLICIA,2|2,23.0|19.4,1|2,1,1,1,
-1,treino_multiplas,PREEMPCAO,215,2550.5,2567.0,16.5,166,CRUZ_08,2,VE_ROTA_VE_CORREDOR_07|VE_ROTA_VE_TRANSVERSAL_07,BOMBEIRO|POLICIA,2|2,15.2|43.1,2|1,1,1,1,
-1,treino_multiplas,PREEMPCAO,215,2723.3,2759.9,36.6,367,CRUZ_02,2,VE_ROTA_VE_CORREDOR_08|VE_ROTA_VE_TRANSVERSAL_08,POLICIA|AMBULANCIA,1|1,49.3|25.2,1|2,1,1,1,
-1,treino_multiplas,PREEMPCAO,215,2859.2,2885.1,25.9,260,CRUZ_08,2,VE_ROTA_VE_CORREDOR_08|VE_ROTA_VE_TRANSVERSAL_08,POLICIA|AMBULANCIA,1|1,19.3|23.0,2|1,1,1,1,
-1,treino_multiplas,PREEMPCAO,215,3024.4,3069.5,45.1,452,CRUZ_02,2,VE_ROTA_VE_CORREDOR_09|VE_ROTA_VE_TRANSVERSAL_09,AMBULANCIA|BOMBEIRO,2|3,32.0|27.6,1|2,0,1,1,
-1,treino_multiplas,PREEMPCAO,215,3155.7,3182.1,26.4,265,CRUZ_08,2,VE_ROTA_VE_CORREDOR_09|VE_ROTA_VE_TRANSVERSAL_09,AMBULANCIA|BOMBEIRO,2|3,22.0|23.0,2|1,0,1,1,
-1,treino_multiplas,PREEMPCAO,215,3323.5,3354.7,31.2,313,CRUZ_02,2,VE_ROTA_VE_CORREDOR_10|VE_ROTA_VE_TRANSVERSAL_10,BOMBEIRO|POLICIA,3|3,42.8|17.9,1|2,1,1,1,
-1,treino_multiplas,PREEMPCAO,215,3447.1,3448.6,1.5,16,CRUZ_08,2,VE_ROTA_VE_CORREDOR_10|VE_ROTA_VE_TRANSVERSAL_10,BOMBEIRO|POLICIA,3|3,0.4|42.5,2|1,1,0,0,VE_ROTA_VE_CORREDOR_10
-1,treino_multiplas,PREEMPCAO,216,325.4,339.9,14.5,146,CRUZ_02,2,VE_ROTA_VE_CORREDOR_00|VE_ROTA_VE_TRANSVERSAL_00,AMBULANCIA|BOMBEIRO,1|1,107.8|13.1,1|2,1,1,1,
-1,treino_multiplas,PREEMPCAO,216,456.0,493.7,37.7,378,CRUZ_08,2,VE_ROTA_VE_CORREDOR_00|VE_ROTA_VE_TRANSVERSAL_00,AMBULANCIA|BOMBEIRO,1|1,36.7|25.2,2|1,1,1,1,
-1,treino_multiplas,PREEMPCAO,216,621.9,653.8,31.9,320,CRUZ_02,2,VE_ROTA_VE_CORREDOR_01|VE_ROTA_VE_TRANSVERSAL_01,BOMBEIRO|POLICIA,2|2,23.0|17.7,1|2,1,1,1,
-1,treino_multiplas,PREEMPCAO,216,753.3,769.8,16.5,166,CRUZ_08,2,VE_ROTA_VE_CORREDOR_01|VE_ROTA_VE_TRANSVERSAL_01,BOMBEIRO|POLICIA,2|2,15.3|23.0,2|1,1,1,1,
-1,treino_multiplas,PREEMPCAO,216,926.1,944.2,18.1,182,CRUZ_02,2,VE_ROTA_VE_CORREDOR_02|VE_ROTA_VE_TRANSVERSAL_02,POLICIA|AMBULANCIA,3|3,32.8|16.8,1|2,1,1,1,
-1,treino_multiplas,PREEMPCAO,216,1025.7,1063.4,37.7,378,CRUZ_08,2,VE_ROTA_VE_CORREDOR_02|VE_ROTA_VE_TRANSVERSAL_02,POLICIA|AMBULANCIA,3|3,35.2|27.8,2|1,1,1,1,
-1,treino_multiplas,PREEMPCAO,216,1230.8,1266.9,36.1,362,CRUZ_02,2,VE_ROTA_VE_CORREDOR_03|VE_ROTA_VE_TRANSVERSAL_03,AMBULANCIA|BOMBEIRO,2|2,70.0|20.4,1|2,1,1,1,
-1,treino_multiplas,PREEMPCAO,216,1373.6,1377.3,3.7,38,CRUZ_08,2,VE_ROTA_VE_CORREDOR_03|VE_ROTA_VE_TRANSVERSAL_03,AMBULANCIA|BOMBEIRO,2|2,2.4|23.1,2|1,1,0,0,VE_ROTA_VE_CORREDOR_03
-1,treino_multiplas,PREEMPCAO,216,1521.9,1549.6,27.7,278,CRUZ_02,2,VE_ROTA_VE_CORREDOR_04|VE_ROTA_VE_TRANSVERSAL_04,BOMBEIRO|POLICIA,1|2,23.0|19.4,1|2,0,1,1,
-1,treino_multiplas,PREEMPCAO,216,1650.3,1654.2,3.9,40,CRUZ_08,2,VE_ROTA_VE_CORREDOR_04|VE_ROTA_VE_TRANSVERSAL_04,BOMBEIRO|POLICIA,1|2,2.7|42.9,2|1,0,0,0,VE_ROTA_VE_CORREDOR_04
-1,treino_multiplas,PREEMPCAO,216,1825.6,1852.6,27.0,271,CRUZ_02,2,VE_ROTA_VE_CORREDOR_05|VE_ROTA_VE_TRANSVERSAL_05,POLICIA|AMBULANCIA,2|2,29.2|13.9,1|2,1,0,0,VE_ROTA_VE_TRANSVERSAL_05
-1,treino_multiplas,PREEMPCAO,216,1962.2,1975.4,13.2,133,CRUZ_08,2,VE_ROTA_VE_CORREDOR_05|VE_ROTA_VE_TRANSVERSAL_05,POLICIA|AMBULANCIA,2|2,56.1|12.3,2|1,1,1,1,
-1,treino_multiplas,PREEMPCAO,216,2129.9,2162.1,32.2,323,CRUZ_02,2,VE_ROTA_VE_CORREDOR_06|VE_ROTA_VE_TRANSVERSAL_06,AMBULANCIA|BOMBEIRO,3|3,44.6|5.7,1|2,1,0,0,VE_ROTA_VE_TRANSVERSAL_06
-1,treino_multiplas,PREEMPCAO,216,2249.6,2287.6,38.0,381,CRUZ_08,2,VE_ROTA_VE_CORREDOR_06|VE_ROTA_VE_TRANSVERSAL_06,AMBULANCIA|BOMBEIRO,3|3,49.0|9.0,2|1,1,0,0,VE_ROTA_VE_TRANSVERSAL_06
-1,treino_multiplas,PREEMPCAO,216,2421.9,2446.3,24.4,245,CRUZ_02,2,VE_ROTA_VE_CORREDOR_07|VE_ROTA_VE_TRANSVERSAL_07,BOMBEIRO|POLICIA,2|2,23.0|31.7,1|2,1,1,1,
-1,treino_multiplas,PREEMPCAO,216,2550.1,2559.4,9.3,94,CRUZ_08,2,VE_ROTA_VE_CORREDOR_07|VE_ROTA_VE_TRANSVERSAL_07,BOMBEIRO|POLICIA,2|2,5.8|23.1,2|1,1,0,0,VE_ROTA_VE_CORREDOR_07
-1,treino_multiplas,PREEMPCAO,216,2722.0,2757.4,35.4,355,CRUZ_02,2,VE_ROTA_VE_CORREDOR_08|VE_ROTA_VE_TRANSVERSAL_08,POLICIA|AMBULANCIA,1|1,23.0|32.3,1|2,1,1,1,
-1,treino_multiplas,PREEMPCAO,216,2838.6,2853.5,14.9,150,CRUZ_08,2,VE_ROTA_VE_CORREDOR_08|VE_ROTA_VE_TRANSVERSAL_08,POLICIA|AMBULANCIA,1|1,52.4|14.3,2|1,1,0,0,VE_ROTA_VE_TRANSVERSAL_08
-1,treino_multiplas,PREEMPCAO,216,3023.8,3058.5,34.7,348,CRUZ_02,2,VE_ROTA_VE_CORREDOR_09|VE_ROTA_VE_TRANSVERSAL_09,AMBULANCIA|BOMBEIRO,2|3,44.6|23.2,1|2,0,1,1,
-1,treino_multiplas,PREEMPCAO,216,3149.9,3171.4,21.5,216,CRUZ_08,2,VE_ROTA_VE_CORREDOR_09|VE_ROTA_VE_TRANSVERSAL_09,AMBULANCIA|BOMBEIRO,2|3,20.2|42.5,2|1,0,1,1,
-1,treino_multiplas,PREEMPCAO,216,3322.1,3353.3,31.2,313,CRUZ_02,2,VE_ROTA_VE_CORREDOR_10|VE_ROTA_VE_TRANSVERSAL_10,BOMBEIRO|POLICIA,3|3,23.1|20.6,1|2,1,1,1,
-1,treino_multiplas,PREEMPCAO,216,3453.9,3495.6,41.7,418,CRUZ_08,2,VE_ROTA_VE_CORREDOR_10|VE_ROTA_VE_TRANSVERSAL_10,BOMBEIRO|POLICIA,3|3,56.2|7.0,2|1,1,0,1,VE_ROTA_VE_TRANSVERSAL_10
-1,treino_multiplas,PREEMPCAO,217,332.3,367.3,35.0,351,CRUZ_02,2,VE_ROTA_VE_CORREDOR_00|VE_ROTA_VE_TRANSVERSAL_00,AMBULANCIA|BOMBEIRO,1|1,97.7|2.4,1|2,1,0,1,VE_ROTA_VE_TRANSVERSAL_00
-1,treino_multiplas,PREEMPCAO,217,453.8,491.5,37.7,378,CRUZ_08,2,VE_ROTA_VE_CORREDOR_00|VE_ROTA_VE_TRANSVERSAL_00,AMBULANCIA|BOMBEIRO,1|1,39.0|10.8,2|1,1,1,1,
-1,treino_multiplas,PREEMPCAO,217,621.9,656.4,34.5,346,CRUZ_02,2,VE_ROTA_VE_CORREDOR_01|VE_ROTA_VE_TRANSVERSAL_01,BOMBEIRO|POLICIA,2|2,25.0|32.9,1|2,1,1,1,
-1,treino_multiplas,PREEMPCAO,217,747.2,776.4,29.2,293,CRUZ_08,2,VE_ROTA_VE_CORREDOR_01|VE_ROTA_VE_TRANSVERSAL_01,BOMBEIRO|POLICIA,2|2,27.9|37.3,2|1,1,1,1,
-1,treino_multiplas,PREEMPCAO,217,922.0,943.1,21.1,212,CRUZ_02,2,VE_ROTA_VE_CORREDOR_02|VE_ROTA_VE_TRANSVERSAL_02,POLICIA|AMBULANCIA,3|3,23.0|19.6,1|2,1,1,1,
-1,treino_multiplas,PREEMPCAO,217,1025.0,1069.6,44.6,447,CRUZ_08,2,VE_ROTA_VE_CORREDOR_02|VE_ROTA_VE_TRANSVERSAL_02,POLICIA|AMBULANCIA,3|3,23.9|44.0,2|1,1,1,1,
-1,treino_multiplas,PREEMPCAO,217,1230.8,1282.2,51.4,515,CRUZ_02,2,VE_ROTA_VE_CORREDOR_03|VE_ROTA_VE_TRANSVERSAL_03,AMBULANCIA|BOMBEIRO,2|2,77.2|20.2,1|2,1,1,1,
-1,treino_multiplas,PREEMPCAO,217,1522.0,1552.2,30.2,303,CRUZ_02,2,VE_ROTA_VE_CORREDOR_04|VE_ROTA_VE_TRANSVERSAL_04,BOMBEIRO|POLICIA,1|2,25.3|30.5,1|2,0,1,1,
-1,treino_multiplas,PREEMPCAO,217,1661.3,1661.4,0.1,2,CRUZ_08,2,VE_ROTA_VE_CORREDOR_04|VE_ROTA_VE_TRANSVERSAL_04,BOMBEIRO|POLICIA,1|2,0.0|23.1,2|1,0,0,0,VE_ROTA_VE_CORREDOR_04
-1,treino_multiplas,PREEMPCAO,217,1822.0,1846.6,24.6,247,CRUZ_02,2,VE_ROTA_VE_CORREDOR_05|VE_ROTA_VE_TRANSVERSAL_05,POLICIA|AMBULANCIA,2|2,23.0|23.3,1|2,1,1,1,
-1,treino_multiplas,PREEMPCAO,217,1924.7,1947.3,22.6,227,CRUZ_08,2,VE_ROTA_VE_CORREDOR_05|VE_ROTA_VE_TRANSVERSAL_05,POLICIA|AMBULANCIA,2|2,32.7|16.3,2|1,1,0,0,VE_ROTA_VE_TRANSVERSAL_05
-1,treino_multiplas,PREEMPCAO,217,2128.4,2162.9,34.5,346,CRUZ_02,2,VE_ROTA_VE_CORREDOR_06|VE_ROTA_VE_TRANSVERSAL_06,AMBULANCIA|BOMBEIRO,3|3,50.8|11.6,1|2,1,1,1,
-1,treino_multiplas,PREEMPCAO,217,2243.5,2288.7,45.2,453,CRUZ_08,2,VE_ROTA_VE_CORREDOR_06|VE_ROTA_VE_TRANSVERSAL_06,AMBULANCIA|BOMBEIRO,3|3,29.4|23.0,2|1,1,1,1,
-1,treino_multiplas,PREEMPCAO,217,2426.1,2452.8,26.7,268,CRUZ_02,2,VE_ROTA_VE_CORREDOR_07|VE_ROTA_VE_TRANSVERSAL_07,BOMBEIRO|POLICIA,2|2,23.0|9.6,1|2,1,0,0,VE_ROTA_VE_TRANSVERSAL_07
-1,treino_multiplas,PREEMPCAO,217,2533.2,2567.6,34.4,345,CRUZ_08,2,VE_ROTA_VE_CORREDOR_07|VE_ROTA_VE_TRANSVERSAL_07,BOMBEIRO|POLICIA,2|2,49.4|47.8,2|1,1,1,1,
-1,treino_multiplas,PREEMPCAO,217,2724.0,2754.0,30.0,301,CRUZ_02,2,VE_ROTA_VE_CORREDOR_08|VE_ROTA_VE_TRANSVERSAL_08,POLICIA|AMBULANCIA,1|1,105.2|25.5,1|2,1,1,1,
-1,treino_multiplas,PREEMPCAO,217,2844.8,2864.9,20.1,202,CRUZ_08,2,VE_ROTA_VE_CORREDOR_08|VE_ROTA_VE_TRANSVERSAL_08,POLICIA|AMBULANCIA,1|1,55.3|13.1,2|1,1,0,0,VE_ROTA_VE_TRANSVERSAL_08
-1,treino_multiplas,PREEMPCAO,217,3022.4,3058.2,35.8,359,CRUZ_02,2,VE_ROTA_VE_CORREDOR_09|VE_ROTA_VE_TRANSVERSAL_09,AMBULANCIA|BOMBEIRO,2|3,29.4|19.7,1|2,0,1,1,
-1,treino_multiplas,PREEMPCAO,217,3132.3,3166.0,33.7,338,CRUZ_08,2,VE_ROTA_VE_CORREDOR_09|VE_ROTA_VE_TRANSVERSAL_09,AMBULANCIA|BOMBEIRO,2|3,39.5|23.1,2|1,0,1,1,
-1,treino_multiplas,PREEMPCAO,217,3321.9,3346.2,24.3,244,CRUZ_02,2,VE_ROTA_VE_CORREDOR_10|VE_ROTA_VE_TRANSVERSAL_10,BOMBEIRO|POLICIA,3|3,23.0|19.5,1|2,1,1,1,
-1,treino_multiplas,PREEMPCAO,218,332.7,371.5,38.8,389,CRUZ_02,2,VE_ROTA_VE_CORREDOR_00|VE_ROTA_VE_TRANSVERSAL_00,AMBULANCIA|BOMBEIRO,1|1,73.5|8.3,1|2,1,0,0,VE_ROTA_VE_TRANSVERSAL_00
-1,treino_multiplas,PREEMPCAO,218,456.1,494.0,37.9,380,CRUZ_08,2,VE_ROTA_VE_CORREDOR_00|VE_ROTA_VE_TRANSVERSAL_00,AMBULANCIA|BOMBEIRO,1|1,46.3|20.5,2|1,1,1,1,
-1,treino_multiplas,PREEMPCAO,218,636.8,677.3,40.5,406,CRUZ_02,2,VE_ROTA_VE_CORREDOR_01|VE_ROTA_VE_TRANSVERSAL_01,BOMBEIRO|POLICIA,2|2,35.2|14.7,1|2,1,1,1,
-1,treino_multiplas,PREEMPCAO,218,771.1,773.7,2.6,27,CRUZ_08,2,VE_ROTA_VE_CORREDOR_01|VE_ROTA_VE_TRANSVERSAL_01,BOMBEIRO|POLICIA,2|2,1.3|23.0,2|1,1,0,0,VE_ROTA_VE_CORREDOR_01
-1,treino_multiplas,PREEMPCAO,218,937.8,968.7,30.9,310,CRUZ_02,2,VE_ROTA_VE_CORREDOR_02|VE_ROTA_VE_TRANSVERSAL_02,POLICIA|AMBULANCIA,3|3,125.0|21.5,1|2,1,1,1,
-1,treino_multiplas,PREEMPCAO,218,1045.7,1070.0,24.3,244,CRUZ_08,2,VE_ROTA_VE_CORREDOR_02|VE_ROTA_VE_TRANSVERSAL_02,POLICIA|AMBULANCIA,3|3,56.7|23.0,2|1,1,1,1,
-1,treino_multiplas,PREEMPCAO,218,1222.6,1244.4,21.8,219,CRUZ_02,2,VE_ROTA_VE_CORREDOR_03|VE_ROTA_VE_TRANSVERSAL_03,AMBULANCIA|BOMBEIRO,2|2,31.1|20.4,1|2,1,1,1,
-1,treino_multiplas,PREEMPCAO,218,1337.8,1359.5,21.7,218,CRUZ_08,2,VE_ROTA_VE_CORREDOR_03|VE_ROTA_VE_TRANSVERSAL_03,AMBULANCIA|BOMBEIRO,2|2,20.5|23.0,2|1,1,1,1,
-1,treino_multiplas,PREEMPCAO,218,1530.7,1560.7,30.0,301,CRUZ_02,2,VE_ROTA_VE_CORREDOR_04|VE_ROTA_VE_TRANSVERSAL_04,BOMBEIRO|POLICIA,1|2,29.9|27.2,1|2,0,1,1,
-1,treino_multiplas,PREEMPCAO,218,1832.0,1874.0,42.0,421,CRUZ_02,2,VE_ROTA_VE_CORREDOR_05|VE_ROTA_VE_TRANSVERSAL_05,POLICIA|AMBULANCIA,2|2,125.0|39.8,1|2,1,1,1,
-1,treino_multiplas,PREEMPCAO,218,1968.3,2000.6,32.3,324,CRUZ_08,2,VE_ROTA_VE_CORREDOR_05|VE_ROTA_VE_TRANSVERSAL_05,POLICIA|AMBULANCIA,2|2,26.9|23.0,2|1,1,1,1,
-1,treino_multiplas,PREEMPCAO,218,2122.0,2153.9,31.9,320,CRUZ_02,2,VE_ROTA_VE_CORREDOR_06|VE_ROTA_VE_TRANSVERSAL_06,AMBULANCIA|BOMBEIRO,3|3,23.0|14.6,1|2,1,0,0,VE_ROTA_VE_TRANSVERSAL_06
-1,treino_multiplas,PREEMPCAO,218,2249.3,2273.1,23.8,239,CRUZ_08,2,VE_ROTA_VE_CORREDOR_06|VE_ROTA_VE_TRANSVERSAL_06,AMBULANCIA|BOMBEIRO,3|3,8.9|23.1,2|1,1,0,0,VE_ROTA_VE_CORREDOR_06
-1,treino_multiplas,PREEMPCAO,218,2421.9,2459.8,37.9,380,CRUZ_02,2,VE_ROTA_VE_CORREDOR_07|VE_ROTA_VE_TRANSVERSAL_07,BOMBEIRO|POLICIA,2|2,23.0|29.6,1|2,1,1,1,
-1,treino_multiplas,PREEMPCAO,218,2538.1,2559.9,21.8,219,CRUZ_08,2,VE_ROTA_VE_CORREDOR_07|VE_ROTA_VE_TRANSVERSAL_07,BOMBEIRO|POLICIA,2|2,20.5|23.1,2|1,1,1,1,
-1,treino_multiplas,PREEMPCAO,218,2722.0,2747.8,25.8,259,CRUZ_02,2,VE_ROTA_VE_CORREDOR_08|VE_ROTA_VE_TRANSVERSAL_08,POLICIA|AMBULANCIA,1|1,23.0|17.4,1|2,1,1,1,
-1,treino_multiplas,PREEMPCAO,218,2820.9,2849.1,28.2,283,CRUZ_08,2,VE_ROTA_VE_CORREDOR_08|VE_ROTA_VE_TRANSVERSAL_08,POLICIA|AMBULANCIA,1|1,18.7|23.0,2|1,1,1,1,
-1,treino_multiplas,PREEMPCAO,218,3022.0,3051.8,29.8,299,CRUZ_02,2,VE_ROTA_VE_CORREDOR_09|VE_ROTA_VE_TRANSVERSAL_09,AMBULANCIA|BOMBEIRO,2|3,23.0|28.6,1|2,0,1,1,
-1,treino_multiplas,PREEMPCAO,218,3146.0,3169.6,23.6,237,CRUZ_08,2,VE_ROTA_VE_CORREDOR_09|VE_ROTA_VE_TRANSVERSAL_09,AMBULANCIA|BOMBEIRO,2|3,22.3|23.0,2|1,0,1,1,
-1,treino_multiplas,PREEMPCAO,218,3323.9,3350.7,26.8,269,CRUZ_02,2,VE_ROTA_VE_CORREDOR_10|VE_ROTA_VE_TRANSVERSAL_10,BOMBEIRO|POLICIA,3|3,105.6|14.1,1|2,1,1,1,
-1,treino_multiplas,PREEMPCAO,218,3448.7,3492.6,43.9,440,CRUZ_08,2,VE_ROTA_VE_CORREDOR_10|VE_ROTA_VE_TRANSVERSAL_10,BOMBEIRO|POLICIA,3|3,125.0|5.6,2|1,1,0,1,VE_ROTA_VE_TRANSVERSAL_10
-1,treino_multiplas,PREEMPCAO,219,322.5,356.8,34.3,344,CRUZ_02,2,VE_ROTA_VE_CORREDOR_00|VE_ROTA_VE_TRANSVERSAL_00,AMBULANCIA|BOMBEIRO,1|1,44.0|16.1,1|2,1,1,1,
-1,treino_multiplas,PREEMPCAO,219,445.5,483.4,37.9,380,CRUZ_08,2,VE_ROTA_VE_CORREDOR_00|VE_ROTA_VE_TRANSVERSAL_00,AMBULANCIA|BOMBEIRO,1|1,45.1|22.3,2|1,1,1,1,
-1,treino_multiplas,PREEMPCAO,219,622.1,666.5,44.4,445,CRUZ_02,2,VE_ROTA_VE_CORREDOR_01|VE_ROTA_VE_TRANSVERSAL_01,BOMBEIRO|POLICIA,2|2,27.4|24.8,1|2,1,1,1,
-1,treino_multiplas,PREEMPCAO,219,753.8,773.6,19.8,199,CRUZ_08,2,VE_ROTA_VE_CORREDOR_01|VE_ROTA_VE_TRANSVERSAL_01,BOMBEIRO|POLICIA,2|2,18.5|23.0,2|1,1,1,1,
-1,treino_multiplas,PREEMPCAO,219,922.0,954.4,32.4,325,CRUZ_02,2,VE_ROTA_VE_CORREDOR_02|VE_ROTA_VE_TRANSVERSAL_02,POLICIA|AMBULANCIA,3|3,23.0|30.9,1|2,1,1,1,
-1,treino_multiplas,PREEMPCAO,219,1048.1,1062.1,14.0,141,CRUZ_08,2,VE_ROTA_VE_CORREDOR_02|VE_ROTA_VE_TRANSVERSAL_02,POLICIA|AMBULANCIA,3|3,53.5|7.7,2|1,1,0,0,VE_ROTA_VE_TRANSVERSAL_02
-1,treino_multiplas,PREEMPCAO,219,1224.7,1259.1,34.4,345,CRUZ_02,2,VE_ROTA_VE_CORREDOR_03|VE_ROTA_VE_TRANSVERSAL_03,AMBULANCIA|BOMBEIRO,2|2,61.0|16.8,1|2,1,1,1,
-1,treino_multiplas,PREEMPCAO,219,1340.9,1373.6,32.7,328,CRUZ_08,2,VE_ROTA_VE_CORREDOR_03|VE_ROTA_VE_TRANSVERSAL_03,AMBULANCIA|BOMBEIRO,2|2,31.4|125.0,2|1,1,1,1,
-1,treino_multiplas,PREEMPCAO,219,1521.9,1552.4,30.5,306,CRUZ_02,2,VE_ROTA_VE_CORREDOR_04|VE_ROTA_VE_TRANSVERSAL_04,BOMBEIRO|POLICIA,1|2,23.0|27.9,1|2,0,1,1,
-1,treino_multiplas,PREEMPCAO,219,1637.5,1675.2,37.7,378,CRUZ_08,2,VE_ROTA_VE_CORREDOR_04|VE_ROTA_VE_TRANSVERSAL_04,BOMBEIRO|POLICIA,1|2,38.2|8.4,2|1,0,0,0,VE_ROTA_VE_TRANSVERSAL_04
-1,treino_multiplas,PREEMPCAO,219,1824.0,1862.1,38.1,382,CRUZ_02,2,VE_ROTA_VE_CORREDOR_05|VE_ROTA_VE_TRANSVERSAL_05,POLICIA|AMBULANCIA,2|2,104.6|29.1,1|2,1,1,1,
-1,treino_multiplas,PREEMPCAO,219,1963.6,1965.4,1.8,19,CRUZ_08,2,VE_ROTA_VE_CORREDOR_05|VE_ROTA_VE_TRANSVERSAL_05,POLICIA|AMBULANCIA,2|2,50.7|1.2,2|1,1,0,0,VE_ROTA_VE_TRANSVERSAL_05
-1,treino_multiplas,PREEMPCAO,219,2123.6,2163.8,40.2,403,CRUZ_02,2,VE_ROTA_VE_CORREDOR_06|VE_ROTA_VE_TRANSVERSAL_06,AMBULANCIA|BOMBEIRO,3|3,34.3|28.2,1|2,1,1,1,
-1,treino_multiplas,PREEMPCAO,219,2257.8,2280.7,22.9,230,CRUZ_08,2,VE_ROTA_VE_CORREDOR_06|VE_ROTA_VE_TRANSVERSAL_06,AMBULANCIA|BOMBEIRO,3|3,21.6|42.6,2|1,1,1,1,
-1,treino_multiplas,PREEMPCAO,219,2421.9,2458.7,36.8,369,CRUZ_02,2,VE_ROTA_VE_CORREDOR_07|VE_ROTA_VE_TRANSVERSAL_07,BOMBEIRO|POLICIA,2|2,23.0|12.4,1|2,1,1,1,
-1,treino_multiplas,PREEMPCAO,219,2542.8,2580.6,37.8,379,CRUZ_08,2,VE_ROTA_VE_CORREDOR_07|VE_ROTA_VE_TRANSVERSAL_07,BOMBEIRO|POLICIA,2|2,40.6|29.6,2|1,1,1,1,
-1,treino_multiplas,PREEMPCAO,219,2723.5,2763.1,39.6,397,CRUZ_02,2,VE_ROTA_VE_CORREDOR_08|VE_ROTA_VE_TRANSVERSAL_08,POLICIA|AMBULANCIA,1|1,46.3|33.7,1|2,1,1,1,
-1,treino_multiplas,PREEMPCAO,219,2864.6,2866.9,2.3,24,CRUZ_08,2,VE_ROTA_VE_CORREDOR_08|VE_ROTA_VE_TRANSVERSAL_08,POLICIA|AMBULANCIA,1|1,54.4|1.0,2|1,1,0,0,VE_ROTA_VE_TRANSVERSAL_08
-1,treino_multiplas,PREEMPCAO,219,3022.7,3071.6,48.9,490,CRUZ_02,2,VE_ROTA_VE_CORREDOR_09|VE_ROTA_VE_TRANSVERSAL_09,AMBULANCIA|BOMBEIRO,2|3,30.1|33.7,1|2,0,1,1,
-1,treino_multiplas,PREEMPCAO,219,3158.0,3192.7,34.7,348,CRUZ_08,2,VE_ROTA_VE_CORREDOR_09|VE_ROTA_VE_TRANSVERSAL_09,AMBULANCIA|BOMBEIRO,2|3,53.0|23.0,2|1,0,1,1,
-1,treino_multiplas,PREEMPCAO,219,3335.8,3366.8,31.0,311,CRUZ_02,2,VE_ROTA_VE_CORREDOR_10|VE_ROTA_VE_TRANSVERSAL_10,BOMBEIRO|POLICIA,3|3,47.7|10.9,1|2,1,1,1,
-1,treino_multiplas,PREEMPCAO,219,3467.2,3528.1,60.9,610,CRUZ_08,2,VE_ROTA_VE_CORREDOR_10|VE_ROTA_VE_TRANSVERSAL_10,BOMBEIRO|POLICIA,3|3,84.6|8.8,2|1,1,0,1,VE_ROTA_VE_TRANSVERSAL_10
-1,treino_multiplas,PREEMPCAO,220,322.5,359.1,36.6,367,CRUZ_02,2,VE_ROTA_VE_CORREDOR_00|VE_ROTA_VE_TRANSVERSAL_00,AMBULANCIA|BOMBEIRO,1|1,44.0|14.1,1|2,1,1,1,
-1,treino_multiplas,PREEMPCAO,220,453.8,491.8,38.0,381,CRUZ_08,2,VE_ROTA_VE_CORREDOR_00|VE_ROTA_VE_TRANSVERSAL_00,AMBULANCIA|BOMBEIRO,1|1,48.9|19.9,2|1,1,1,1,
-1,treino_multiplas,PREEMPCAO,220,626.5,674.1,47.6,477,CRUZ_02,2,VE_ROTA_VE_CORREDOR_01|VE_ROTA_VE_TRANSVERSAL_01,BOMBEIRO|POLICIA,2|2,33.8|30.5,1|2,1,1,1,
-1,treino_multiplas,PREEMPCAO,220,756.3,777.2,20.9,210,CRUZ_08,2,VE_ROTA_VE_CORREDOR_01|VE_ROTA_VE_TRANSVERSAL_01,BOMBEIRO|POLICIA,2|2,19.6|28.7,2|1,1,1,1,
-1,treino_multiplas,PREEMPCAO,220,924.3,951.6,27.3,274,CRUZ_02,2,VE_ROTA_VE_CORREDOR_02|VE_ROTA_VE_TRANSVERSAL_02,POLICIA|AMBULANCIA,3|3,29.5|21.7,1|2,1,1,1,
-1,treino_multiplas,PREEMPCAO,220,1051.1,1064.1,13.0,131,CRUZ_08,2,VE_ROTA_VE_CORREDOR_02|VE_ROTA_VE_TRANSVERSAL_02,POLICIA|AMBULANCIA,3|3,73.6|9.2,2|1,1,0,0,VE_ROTA_VE_TRANSVERSAL_02
-1,treino_multiplas,PREEMPCAO,220,1224.0,1261.6,37.6,377,CRUZ_02,2,VE_ROTA_VE_CORREDOR_03|VE_ROTA_VE_TRANSVERSAL_03,AMBULANCIA|BOMBEIRO,2|2,95.3|15.3,1|2,1,1,1,
-1,treino_multiplas,PREEMPCAO,220,1334.2,1372.3,38.1,382,CRUZ_08,2,VE_ROTA_VE_CORREDOR_03|VE_ROTA_VE_TRANSVERSAL_03,AMBULANCIA|BOMBEIRO,2|2,55.7|30.0,2|1,1,1,1,
-1,treino_multiplas,PREEMPCAO,220,1521.9,1569.1,47.2,473,CRUZ_02,2,VE_ROTA_VE_CORREDOR_04|VE_ROTA_VE_TRANSVERSAL_04,BOMBEIRO|POLICIA,1|2,23.0|23.3,1|2,0,1,1,
-1,treino_multiplas,PREEMPCAO,220,1636.7,1671.9,35.2,353,CRUZ_08,2,VE_ROTA_VE_CORREDOR_04|VE_ROTA_VE_TRANSVERSAL_04,BOMBEIRO|POLICIA,1|2,29.3|42.6,2|1,0,1,1,
-1,treino_multiplas,PREEMPCAO,220,1833.5,1842.7,9.2,93,CRUZ_02,2,VE_ROTA_VE_CORREDOR_05|VE_ROTA_VE_TRANSVERSAL_05,POLICIA|AMBULANCIA,2|2,97.4|7.8,1|2,1,0,0,VE_ROTA_VE_TRANSVERSAL_05
-1,treino_multiplas,PREEMPCAO,220,2123.0,2161.2,38.2,383,CRUZ_02,2,VE_ROTA_VE_CORREDOR_06|VE_ROTA_VE_TRANSVERSAL_06,AMBULANCIA|BOMBEIRO,3|3,34.1|27.4,1|2,1,1,1,
-1,treino_multiplas,PREEMPCAO,220,2255.1,2289.5,34.4,345,CRUZ_08,2,VE_ROTA_VE_CORREDOR_06|VE_ROTA_VE_TRANSVERSAL_06,AMBULANCIA|BOMBEIRO,3|3,49.5|23.1,2|1,1,1,1,
-1,treino_multiplas,PREEMPCAO,220,2427.4,2466.6,39.2,393,CRUZ_02,2,VE_ROTA_VE_CORREDOR_07|VE_ROTA_VE_TRANSVERSAL_07,BOMBEIRO|POLICIA,2|2,106.3|42.6,1|2,1,1,1,
-1,treino_multiplas,PREEMPCAO,220,2724.7,2763.0,38.3,384,CRUZ_02,2,VE_ROTA_VE_CORREDOR_08|VE_ROTA_VE_TRANSVERSAL_08,POLICIA|AMBULANCIA,1|1,41.8|33.7,1|2,1,1,1,
-1,treino_multiplas,PREEMPCAO,220,2849.4,2872.1,22.7,228,CRUZ_08,2,VE_ROTA_VE_CORREDOR_08|VE_ROTA_VE_TRANSVERSAL_08,POLICIA|AMBULANCIA,1|1,55.8|22.1,2|1,1,1,1,
-1,treino_multiplas,PREEMPCAO,220,3022.0,3051.3,29.3,294,CRUZ_02,2,VE_ROTA_VE_CORREDOR_09|VE_ROTA_VE_TRANSVERSAL_09,AMBULANCIA|BOMBEIRO,2|3,23.0|19.6,1|2,0,1,1,
-1,treino_multiplas,PREEMPCAO,220,3143.9,3172.9,29.0,291,CRUZ_08,2,VE_ROTA_VE_CORREDOR_09|VE_ROTA_VE_TRANSVERSAL_09,AMBULANCIA|BOMBEIRO,2|3,22.9|23.0,2|1,0,1,1,
-1,treino_multiplas,PREEMPCAO,220,3330.4,3349.7,19.3,194,CRUZ_02,2,VE_ROTA_VE_CORREDOR_10|VE_ROTA_VE_TRANSVERSAL_10,BOMBEIRO|POLICIA,3|3,42.5|17.1,1|2,1,1,1,
-1,treino_multiplas,PREEMPCAO,220,3447.2,3493.2,46.0,461,CRUZ_08,2,VE_ROTA_VE_CORREDOR_10|VE_ROTA_VE_TRANSVERSAL_10,BOMBEIRO|POLICIA,3|3,125.0|5.7,2|1,1,0,1,VE_ROTA_VE_TRANSVERSAL_10
-1,treino_multiplas,PREEMPCAO,221,327.9,357.1,29.2,293,CRUZ_02,2,VE_ROTA_VE_CORREDOR_00|VE_ROTA_VE_TRANSVERSAL_00,AMBULANCIA|BOMBEIRO,1|1,70.1|18.1,1|2,1,1,1,
-1,treino_multiplas,PREEMPCAO,221,436.6,468.0,31.4,315,CRUZ_08,2,VE_ROTA_VE_CORREDOR_00|VE_ROTA_VE_TRANSVERSAL_00,AMBULANCIA|BOMBEIRO,1|1,27.6|27.1,2|1,1,1,1,
-1,treino_multiplas,PREEMPCAO,221,622.1,650.3,28.2,283,CRUZ_02,2,VE_ROTA_VE_CORREDOR_01|VE_ROTA_VE_TRANSVERSAL_01,BOMBEIRO|POLICIA,2|2,23.1|16.7,1|2,1,1,1,
-1,treino_multiplas,PREEMPCAO,221,739.2,780.3,41.1,412,CRUZ_08,2,VE_ROTA_VE_CORREDOR_01|VE_ROTA_VE_TRANSVERSAL_01,BOMBEIRO|POLICIA,2|2,79.2|10.3,2|1,1,0,1,VE_ROTA_VE_TRANSVERSAL_01
-1,treino_multiplas,PREEMPCAO,221,922.1,967.6,45.5,456,CRUZ_02,2,VE_ROTA_VE_CORREDOR_02|VE_ROTA_VE_TRANSVERSAL_02,POLICIA|AMBULANCIA,3|3,24.6|35.0,1|2,1,1,1,
-1,treino_multiplas,PREEMPCAO,221,1045.3,1069.6,24.3,244,CRUZ_08,2,VE_ROTA_VE_CORREDOR_02|VE_ROTA_VE_TRANSVERSAL_02,POLICIA|AMBULANCIA,3|3,21.3|23.0,2|1,1,1,1,
-1,treino_multiplas,PREEMPCAO,221,1234.5,1279.5,45.0,451,CRUZ_02,2,VE_ROTA_VE_CORREDOR_03|VE_ROTA_VE_TRANSVERSAL_03,AMBULANCIA|BOMBEIRO,2|2,70.3|14.8,1|2,1,1,1,
-1,treino_multiplas,PREEMPCAO,221,1526.5,1555.8,29.3,294,CRUZ_02,2,VE_ROTA_VE_CORREDOR_04|VE_ROTA_VE_TRANSVERSAL_04,BOMBEIRO|POLICIA,1|2,23.1|23.4,1|2,0,1,1,
-1,treino_multiplas,PREEMPCAO,221,1639.3,1664.2,24.9,250,CRUZ_08,2,VE_ROTA_VE_CORREDOR_04|VE_ROTA_VE_TRANSVERSAL_04,BOMBEIRO|POLICIA,1|2,41.3|23.1,2|1,0,1,1,
-1,treino_multiplas,PREEMPCAO,221,1822.0,1853.6,31.6,317,CRUZ_02,2,VE_ROTA_VE_CORREDOR_05|VE_ROTA_VE_TRANSVERSAL_05,POLICIA|AMBULANCIA,2|2,23.0|28.0,1|2,1,1,1,
-1,treino_multiplas,PREEMPCAO,221,1938.2,1973.2,35.0,351,CRUZ_08,2,VE_ROTA_VE_CORREDOR_05|VE_ROTA_VE_TRANSVERSAL_05,POLICIA|AMBULANCIA,2|2,30.1|22.4,2|1,1,1,1,
-1,treino_multiplas,PREEMPCAO,221,2122.0,2148.4,26.4,265,CRUZ_02,2,VE_ROTA_VE_CORREDOR_06|VE_ROTA_VE_TRANSVERSAL_06,AMBULANCIA|BOMBEIRO,3|3,23.0|26.9,1|2,1,1,1,
-1,treino_multiplas,PREEMPCAO,221,2244.8,2293.3,48.5,486,CRUZ_08,2,VE_ROTA_VE_CORREDOR_06|VE_ROTA_VE_TRANSVERSAL_06,AMBULANCIA|BOMBEIRO,3|3,62.3|23.0,2|1,1,1,1,
-1,treino_multiplas,PREEMPCAO,221,2421.9,2441.5,19.6,197,CRUZ_02,2,VE_ROTA_VE_CORREDOR_07|VE_ROTA_VE_TRANSVERSAL_07,BOMBEIRO|POLICIA,2|2,23.0|13.7,1|2,1,1,1,
-1,treino_multiplas,PREEMPCAO,221,2722.5,2763.9,41.4,415,CRUZ_02,2,VE_ROTA_VE_CORREDOR_08|VE_ROTA_VE_TRANSVERSAL_08,POLICIA|AMBULANCIA,1|1,43.6|26.6,1|2,1,1,1,
-1,treino_multiplas,PREEMPCAO,221,2851.9,2876.9,25.0,251,CRUZ_08,2,VE_ROTA_VE_CORREDOR_08|VE_ROTA_VE_TRANSVERSAL_08,POLICIA|AMBULANCIA,1|1,17.0|23.0,2|1,1,1,1,
-1,treino_multiplas,PREEMPCAO,221,3023.7,3063.5,39.8,399,CRUZ_02,2,VE_ROTA_VE_CORREDOR_09|VE_ROTA_VE_TRANSVERSAL_09,AMBULANCIA|BOMBEIRO,2|3,40.1|40.4,1|2,0,1,1,
-1,treino_multiplas,PREEMPCAO,221,3166.2,3182.9,16.7,168,CRUZ_08,2,VE_ROTA_VE_CORREDOR_09|VE_ROTA_VE_TRANSVERSAL_09,AMBULANCIA|BOMBEIRO,2|3,14.7|44.4,2|1,0,1,1,
-1,treino_multiplas,PREEMPCAO,221,3331.1,3368.7,37.6,377,CRUZ_02,2,VE_ROTA_VE_CORREDOR_10|VE_ROTA_VE_TRANSVERSAL_10,BOMBEIRO|POLICIA,3|3,106.5|11.4,1|2,1,0,0,VE_ROTA_VE_TRANSVERSAL_10
-1,treino_multiplas,PREEMPCAO,221,3442.4,3458.0,15.6,157,CRUZ_08,2,VE_ROTA_VE_CORREDOR_10|VE_ROTA_VE_TRANSVERSAL_10,BOMBEIRO|POLICIA,3|3,11.1|23.1,2|1,1,1,1,
-1,treino_multiplas,PREEMPCAO,222,336.9,376.9,40.0,401,CRUZ_02,2,VE_ROTA_VE_CORREDOR_00|VE_ROTA_VE_TRANSVERSAL_00,AMBULANCIA|BOMBEIRO,1|1,53.9|14.6,1|2,1,1,1,
-1,treino_multiplas,PREEMPCAO,222,475.7,514.8,39.1,392,CRUZ_08,2,VE_ROTA_VE_CORREDOR_00|VE_ROTA_VE_TRANSVERSAL_00,AMBULANCIA|BOMBEIRO,1|1,71.7|44.5,2|1,1,1,1,
-1,treino_multiplas,PREEMPCAO,222,621.9,656.9,35.0,351,CRUZ_02,2,VE_ROTA_VE_CORREDOR_01|VE_ROTA_VE_TRANSVERSAL_01,BOMBEIRO|POLICIA,2|2,23.0|27.8,1|2,1,1,1,
-1,treino_multiplas,PREEMPCAO,222,757.2,775.6,18.4,185,CRUZ_08,2,VE_ROTA_VE_CORREDOR_01|VE_ROTA_VE_TRANSVERSAL_01,BOMBEIRO|POLICIA,2|2,16.4|23.1,2|1,1,1,1,
-1,treino_multiplas,PREEMPCAO,222,922.3,965.3,43.0,431,CRUZ_02,2,VE_ROTA_VE_CORREDOR_02|VE_ROTA_VE_TRANSVERSAL_02,POLICIA|AMBULANCIA,3|3,23.0|25.2,1|2,1,1,1,
-1,treino_multiplas,PREEMPCAO,222,1052.6,1078.4,25.8,259,CRUZ_08,2,VE_ROTA_VE_CORREDOR_02|VE_ROTA_VE_TRANSVERSAL_02,POLICIA|AMBULANCIA,3|3,3.3|23.0,2|1,1,0,0,VE_ROTA_VE_CORREDOR_02
-1,treino_multiplas,PREEMPCAO,222,1222.0,1247.1,25.1,252,CRUZ_02,2,VE_ROTA_VE_CORREDOR_03|VE_ROTA_VE_TRANSVERSAL_03,AMBULANCIA|BOMBEIRO,2|2,23.0|30.0,1|2,1,1,1,
-1,treino_multiplas,PREEMPCAO,222,1345.0,1350.7,5.7,58,CRUZ_08,2,VE_ROTA_VE_CORREDOR_03|VE_ROTA_VE_TRANSVERSAL_03,AMBULANCIA|BOMBEIRO,2|2,4.5|23.1,2|1,1,0,0,VE_ROTA_VE_CORREDOR_03
-1,treino_multiplas,PREEMPCAO,222,1521.9,1554.6,32.7,328,CRUZ_02,2,VE_ROTA_VE_CORREDOR_04|VE_ROTA_VE_TRANSVERSAL_04,BOMBEIRO|POLICIA,1|2,23.0|16.9,1|2,0,1,1,
-1,treino_multiplas,PREEMPCAO,222,1655.1,1671.7,16.6,167,CRUZ_08,2,VE_ROTA_VE_CORREDOR_04|VE_ROTA_VE_TRANSVERSAL_04,BOMBEIRO|POLICIA,1|2,8.5|48.4,2|1,0,0,0,VE_ROTA_VE_CORREDOR_04
-1,treino_multiplas,PREEMPCAO,222,1828.9,1858.2,29.3,294,CRUZ_02,2,VE_ROTA_VE_CORREDOR_05|VE_ROTA_VE_TRANSVERSAL_05,POLICIA|AMBULANCIA,2|2,47.6|23.9,1|2,1,1,1,
-1,treino_multiplas,PREEMPCAO,222,1940.7,1971.5,30.8,309,CRUZ_08,2,VE_ROTA_VE_CORREDOR_05|VE_ROTA_VE_TRANSVERSAL_05,POLICIA|AMBULANCIA,2|2,25.8|23.1,2|1,1,1,1,
-1,treino_multiplas,PREEMPCAO,222,2122.3,2139.7,17.4,175,CRUZ_02,2,VE_ROTA_VE_CORREDOR_06|VE_ROTA_VE_TRANSVERSAL_06,AMBULANCIA|BOMBEIRO,3|3,23.0|14.9,1|2,1,1,1,
-1,treino_multiplas,PREEMPCAO,222,2226.5,2238.3,11.8,119,CRUZ_08,2,VE_ROTA_VE_CORREDOR_06|VE_ROTA_VE_TRANSVERSAL_06,AMBULANCIA|BOMBEIRO,3|3,125.0|11.2,2|1,1,1,1,
-1,treino_multiplas,PREEMPCAO,222,2423.4,2459.6,36.2,363,CRUZ_02,2,VE_ROTA_VE_CORREDOR_07|VE_ROTA_VE_TRANSVERSAL_07,BOMBEIRO|POLICIA,2|2,33.2|28.5,1|2,1,1,1,
-1,treino_multiplas,PREEMPCAO,222,2723.9,2754.9,31.0,311,CRUZ_02,2,VE_ROTA_VE_CORREDOR_08|VE_ROTA_VE_TRANSVERSAL_08,POLICIA|AMBULANCIA,1|1,78.6|28.9,1|2,1,1,1,
-1,treino_multiplas,PREEMPCAO,222,2842.6,2866.9,24.3,244,CRUZ_08,2,VE_ROTA_VE_CORREDOR_08|VE_ROTA_VE_TRANSVERSAL_08,POLICIA|AMBULANCIA,1|1,78.0|23.0,2|1,1,1,1,
-1,treino_multiplas,PREEMPCAO,222,3023.3,3055.4,32.1,322,CRUZ_02,2,VE_ROTA_VE_CORREDOR_09|VE_ROTA_VE_TRANSVERSAL_09,AMBULANCIA|BOMBEIRO,2|3,23.0|37.0,1|2,0,1,1,
-1,treino_multiplas,PREEMPCAO,222,3151.1,3173.6,22.5,226,CRUZ_08,2,VE_ROTA_VE_CORREDOR_09|VE_ROTA_VE_TRANSVERSAL_09,AMBULANCIA|BOMBEIRO,2|3,21.2|94.3,2|1,0,1,1,
-1,treino_multiplas,PREEMPCAO,222,3322.7,3356.8,34.1,342,CRUZ_02,2,VE_ROTA_VE_CORREDOR_10|VE_ROTA_VE_TRANSVERSAL_10,BOMBEIRO|POLICIA,3|3,44.0|33.5,1|2,1,1,1,
-1,treino_multiplas,PREEMPCAO,223,322.5,357.8,35.3,354,CRUZ_02,2,VE_ROTA_VE_CORREDOR_00|VE_ROTA_VE_TRANSVERSAL_00,AMBULANCIA|BOMBEIRO,1|1,44.0|30.7,1|2,1,1,1,
-1,treino_multiplas,PREEMPCAO,223,454.4,492.3,37.9,380,CRUZ_08,2,VE_ROTA_VE_CORREDOR_00|VE_ROTA_VE_TRANSVERSAL_00,AMBULANCIA|BOMBEIRO,1|1,47.4|11.0,2|1,1,1,1,
-1,treino_multiplas,PREEMPCAO,223,623.4,674.0,50.6,507,CRUZ_02,2,VE_ROTA_VE_CORREDOR_01|VE_ROTA_VE_TRANSVERSAL_01,BOMBEIRO|POLICIA,2|2,36.6|27.0,1|2,1,1,1,
-1,treino_multiplas,PREEMPCAO,223,766.0,801.9,35.9,360,CRUZ_08,2,VE_ROTA_VE_CORREDOR_01|VE_ROTA_VE_TRANSVERSAL_01,BOMBEIRO|POLICIA,2|2,38.3|23.0,2|1,1,1,1,
-1,treino_multiplas,PREEMPCAO,223,928.0,954.3,26.3,264,CRUZ_02,2,VE_ROTA_VE_CORREDOR_02|VE_ROTA_VE_TRANSVERSAL_02,POLICIA|AMBULANCIA,3|3,106.9|21.2,1|2,1,1,1,
-1,treino_multiplas,PREEMPCAO,223,1031.2,1055.6,24.4,245,CRUZ_08,2,VE_ROTA_VE_CORREDOR_02|VE_ROTA_VE_TRANSVERSAL_02,POLICIA|AMBULANCIA,3|3,29.1|23.1,2|1,1,1,1,
-1,treino_multiplas,PREEMPCAO,223,1227.3,1259.9,32.6,327,CRUZ_02,2,VE_ROTA_VE_CORREDOR_03|VE_ROTA_VE_TRANSVERSAL_03,AMBULANCIA|BOMBEIRO,2|2,33.1|10.3,1|2,1,1,1,
-1,treino_multiplas,PREEMPCAO,223,1369.9,1397.2,27.3,274,CRUZ_08,2,VE_ROTA_VE_CORREDOR_03|VE_ROTA_VE_TRANSVERSAL_03,AMBULANCIA|BOMBEIRO,2|2,19.8|23.7,2|1,1,1,1,
-1,treino_multiplas,PREEMPCAO,223,1521.9,1553.1,31.2,313,CRUZ_02,2,VE_ROTA_VE_CORREDOR_04|VE_ROTA_VE_TRANSVERSAL_04,BOMBEIRO|POLICIA,1|2,23.0|28.7,1|2,0,1,1,
-1,treino_multiplas,PREEMPCAO,223,1626.7,1664.7,38.0,381,CRUZ_08,2,VE_ROTA_VE_CORREDOR_04|VE_ROTA_VE_TRANSVERSAL_04,BOMBEIRO|POLICIA,1|2,52.9|39.5,2|1,0,1,1,
-1,treino_multiplas,PREEMPCAO,223,1824.9,1852.8,27.9,280,CRUZ_02,2,VE_ROTA_VE_CORREDOR_05|VE_ROTA_VE_TRANSVERSAL_05,POLICIA|AMBULANCIA,2|2,71.3|19.7,1|2,1,1,1,
-1,treino_multiplas,PREEMPCAO,223,2122.0,2151.9,29.9,300,CRUZ_02,2,VE_ROTA_VE_CORREDOR_06|VE_ROTA_VE_TRANSVERSAL_06,AMBULANCIA|BOMBEIRO,3|3,23.0|55.9,1|2,1,1,1,
-1,treino_multiplas,PREEMPCAO,223,2269.9,2278.9,9.0,91,CRUZ_08,2,VE_ROTA_VE_CORREDOR_06|VE_ROTA_VE_TRANSVERSAL_06,AMBULANCIA|BOMBEIRO,3|3,8.5|23.1,2|1,1,0,0,VE_ROTA_VE_CORREDOR_06
-1,treino_multiplas,PREEMPCAO,223,2430.5,2454.6,24.1,242,CRUZ_02,2,VE_ROTA_VE_CORREDOR_07|VE_ROTA_VE_TRANSVERSAL_07,BOMBEIRO|POLICIA,2|2,125.0|21.9,1|2,1,1,1,
-1,treino_multiplas,PREEMPCAO,223,2527.8,2565.4,37.6,377,CRUZ_08,2,VE_ROTA_VE_CORREDOR_07|VE_ROTA_VE_TRANSVERSAL_07,BOMBEIRO|POLICIA,2|2,32.7|21.5,2|1,1,1,1,
-1,treino_multiplas,PREEMPCAO,223,2722.4,2756.3,33.9,340,CRUZ_02,2,VE_ROTA_VE_CORREDOR_08|VE_ROTA_VE_TRANSVERSAL_08,POLICIA|AMBULANCIA,1|1,26.7|24.3,1|2,1,1,1,
-1,treino_multiplas,PREEMPCAO,223,2854.9,2870.3,15.4,155,CRUZ_08,2,VE_ROTA_VE_CORREDOR_08|VE_ROTA_VE_TRANSVERSAL_08,POLICIA|AMBULANCIA,1|1,62.3|11.6,2|1,1,0,0,VE_ROTA_VE_TRANSVERSAL_08
-1,treino_multiplas,PREEMPCAO,223,3022.2,3053.0,30.8,309,CRUZ_02,2,VE_ROTA_VE_CORREDOR_09|VE_ROTA_VE_TRANSVERSAL_09,AMBULANCIA|BOMBEIRO,2|3,23.0|25.5,1|2,0,1,1,
-1,treino_multiplas,PREEMPCAO,223,3143.3,3178.8,35.5,356,CRUZ_08,2,VE_ROTA_VE_CORREDOR_09|VE_ROTA_VE_TRANSVERSAL_09,AMBULANCIA|BOMBEIRO,2|3,56.7|23.0,2|1,0,1,1,
-1,treino_multiplas,PREEMPCAO,223,3323.2,3358.2,35.0,351,CRUZ_02,2,VE_ROTA_VE_CORREDOR_10|VE_ROTA_VE_TRANSVERSAL_10,BOMBEIRO|POLICIA,3|3,40.8|30.5,1|2,1,1,1,
-1,treino_multiplas,PREEMPCAO,224,324.0,367.9,43.9,440,CRUZ_02,2,VE_ROTA_VE_CORREDOR_00|VE_ROTA_VE_TRANSVERSAL_00,AMBULANCIA|BOMBEIRO,1|1,107.4|25.9,1|2,1,1,1,
-1,treino_multiplas,PREEMPCAO,224,474.7,486.9,12.2,123,CRUZ_08,2,VE_ROTA_VE_CORREDOR_00|VE_ROTA_VE_TRANSVERSAL_00,AMBULANCIA|BOMBEIRO,1|1,10.9|67.3,2|1,1,1,1,
-1,treino_multiplas,PREEMPCAO,224,622.0,656.7,34.7,348,CRUZ_02,2,VE_ROTA_VE_CORREDOR_01|VE_ROTA_VE_TRANSVERSAL_01,BOMBEIRO|POLICIA,2|2,25.8|20.6,1|2,1,1,1,
-1,treino_multiplas,PREEMPCAO,224,730.6,762.2,31.6,317,CRUZ_08,2,VE_ROTA_VE_CORREDOR_01|VE_ROTA_VE_TRANSVERSAL_01,BOMBEIRO|POLICIA,2|2,30.3|41.6,2|1,1,1,1,
-1,treino_multiplas,PREEMPCAO,224,939.3,952.1,12.8,129,CRUZ_02,2,VE_ROTA_VE_CORREDOR_02|VE_ROTA_VE_TRANSVERSAL_02,POLICIA|AMBULANCIA,3|3,98.6|9.3,1|2,1,0,0,VE_ROTA_VE_TRANSVERSAL_02
-1,treino_multiplas,PREEMPCAO,224,1051.7,1053.7,2.0,21,CRUZ_08,2,VE_ROTA_VE_CORREDOR_02|VE_ROTA_VE_TRANSVERSAL_02,POLICIA|AMBULANCIA,3|3,56.4|0.7,2|1,1,0,0,VE_ROTA_VE_TRANSVERSAL_02
-1,treino_multiplas,PREEMPCAO,224,1226.1,1259.8,33.7,338,CRUZ_02,2,VE_ROTA_VE_CORREDOR_03|VE_ROTA_VE_TRANSVERSAL_03,AMBULANCIA|BOMBEIRO,2|2,31.2|30.9,1|2,1,1,1,
-1,treino_multiplas,PREEMPCAO,224,1363.0,1373.4,10.4,105,CRUZ_08,2,VE_ROTA_VE_CORREDOR_03|VE_ROTA_VE_TRANSVERSAL_03,AMBULANCIA|BOMBEIRO,2|2,9.1|42.8,2|1,1,0,0,VE_ROTA_VE_CORREDOR_03
-1,treino_multiplas,PREEMPCAO,224,1521.9,1555.1,33.2,333,CRUZ_02,2,VE_ROTA_VE_CORREDOR_04|VE_ROTA_VE_TRANSVERSAL_04,BOMBEIRO|POLICIA,1|2,24.4|13.4,1|2,0,0,0,VE_ROTA_VE_TRANSVERSAL_04
-1,treino_multiplas,PREEMPCAO,224,1644.2,1662.8,18.6,187,CRUZ_08,2,VE_ROTA_VE_CORREDOR_04|VE_ROTA_VE_TRANSVERSAL_04,BOMBEIRO|POLICIA,1|2,17.3|23.1,2|1,0,1,1,
-1,treino_multiplas,PREEMPCAO,224,1822.1,1842.0,19.9,200,CRUZ_02,2,VE_ROTA_VE_CORREDOR_05|VE_ROTA_VE_TRANSVERSAL_05,POLICIA|AMBULANCIA,2|2,23.0|18.3,1|2,1,1,1,
-1,treino_multiplas,PREEMPCAO,224,1914.3,1935.9,21.6,217,CRUZ_08,2,VE_ROTA_VE_CORREDOR_05|VE_ROTA_VE_TRANSVERSAL_05,POLICIA|AMBULANCIA,2|2,20.3|23.0,2|1,1,1,1,
-1,treino_multiplas,PREEMPCAO,224,2130.3,2147.1,16.8,169,CRUZ_02,2,VE_ROTA_VE_CORREDOR_06|VE_ROTA_VE_TRANSVERSAL_06,AMBULANCIA|BOMBEIRO,3|3,30.2|11.5,1|2,1,0,0,VE_ROTA_VE_TRANSVERSAL_06
-1,treino_multiplas,PREEMPCAO,224,2422.4,2456.6,34.2,343,CRUZ_02,2,VE_ROTA_VE_CORREDOR_07|VE_ROTA_VE_TRANSVERSAL_07,BOMBEIRO|POLICIA,2|2,43.9|28.6,1|2,1,1,1,
-1,treino_multiplas,PREEMPCAO,224,2542.3,2570.6,28.3,284,CRUZ_08,2,VE_ROTA_VE_CORREDOR_07|VE_ROTA_VE_TRANSVERSAL_07,BOMBEIRO|POLICIA,2|2,27.0|23.1,2|1,1,1,1,
-1,treino_multiplas,PREEMPCAO,224,2722.1,2753.7,31.6,317,CRUZ_02,2,VE_ROTA_VE_CORREDOR_08|VE_ROTA_VE_TRANSVERSAL_08,POLICIA|AMBULANCIA,1|1,27.4|26.5,1|2,1,1,1,
-1,treino_multiplas,PREEMPCAO,224,2848.8,2860.6,11.8,119,CRUZ_08,2,VE_ROTA_VE_CORREDOR_08|VE_ROTA_VE_TRANSVERSAL_08,POLICIA|AMBULANCIA,1|1,76.3|8.9,2|1,1,0,0,VE_ROTA_VE_TRANSVERSAL_08
-1,treino_multiplas,PREEMPCAO,224,3022.0,3057.0,35.0,351,CRUZ_02,2,VE_ROTA_VE_CORREDOR_09|VE_ROTA_VE_TRANSVERSAL_09,AMBULANCIA|BOMBEIRO,2|3,23.0|30.5,1|2,0,1,1,
-1,treino_multiplas,PREEMPCAO,224,3153.3,3173.3,20.0,201,CRUZ_08,2,VE_ROTA_VE_CORREDOR_09|VE_ROTA_VE_TRANSVERSAL_09,AMBULANCIA|BOMBEIRO,2|3,18.7|33.1,2|1,0,1,1,
-1,treino_multiplas,PREEMPCAO,224,3331.6,3367.8,36.2,363,CRUZ_02,2,VE_ROTA_VE_CORREDOR_10|VE_ROTA_VE_TRANSVERSAL_10,BOMBEIRO|POLICIA,3|3,45.7|9.5,1|2,1,0,0,VE_ROTA_VE_TRANSVERSAL_10
-1,treino_multiplas,PREEMPCAO,224,3446.0,3472.9,26.9,270,CRUZ_08,2,VE_ROTA_VE_CORREDOR_10|VE_ROTA_VE_TRANSVERSAL_10,BOMBEIRO|POLICIA,3|3,20.4|23.1,2|1,1,1,1,
-1,treino_multiplas,PREEMPCAO,225,332.7,371.5,38.8,389,CRUZ_02,2,VE_ROTA_VE_CORREDOR_00|VE_ROTA_VE_TRANSVERSAL_00,AMBULANCIA|BOMBEIRO,1|1,87.3|29.7,1|2,1,1,1,
-1,treino_multiplas,PREEMPCAO,225,487.0,488.8,1.8,19,CRUZ_08,2,VE_ROTA_VE_CORREDOR_00|VE_ROTA_VE_TRANSVERSAL_00,AMBULANCIA|BOMBEIRO,1|1,0.6|36.7,2|1,1,0,0,VE_ROTA_VE_CORREDOR_00
-1,treino_multiplas,PREEMPCAO,225,622.0,643.6,21.6,217,CRUZ_02,2,VE_ROTA_VE_CORREDOR_01|VE_ROTA_VE_TRANSVERSAL_01,BOMBEIRO|POLICIA,2|2,23.1|13.8,1|2,1,0,0,VE_ROTA_VE_TRANSVERSAL_01
-1,treino_multiplas,PREEMPCAO,225,729.8,767.5,37.7,378,CRUZ_08,2,VE_ROTA_VE_CORREDOR_01|VE_ROTA_VE_TRANSVERSAL_01,BOMBEIRO|POLICIA,2|2,36.6|14.5,2|1,1,1,1,
-1,treino_multiplas,PREEMPCAO,225,922.0,943.6,21.6,217,CRUZ_02,2,VE_ROTA_VE_CORREDOR_02|VE_ROTA_VE_TRANSVERSAL_02,POLICIA|AMBULANCIA,3|3,23.0|15.9,1|2,1,1,1,
-1,treino_multiplas,PREEMPCAO,225,1031.9,1046.5,14.6,147,CRUZ_08,2,VE_ROTA_VE_CORREDOR_02|VE_ROTA_VE_TRANSVERSAL_02,POLICIA|AMBULANCIA,3|3,124.9|13.4,2|1,1,0,0,VE_ROTA_VE_TRANSVERSAL_02
-1,treino_multiplas,PREEMPCAO,225,1224.5,1260.5,36.0,361,CRUZ_02,2,VE_ROTA_VE_CORREDOR_03|VE_ROTA_VE_TRANSVERSAL_03,AMBULANCIA|BOMBEIRO,2|2,64.0|27.5,1|2,1,1,1,
-1,treino_multiplas,PREEMPCAO,225,1349.2,1381.1,31.9,320,CRUZ_08,2,VE_ROTA_VE_CORREDOR_03|VE_ROTA_VE_TRANSVERSAL_03,AMBULANCIA|BOMBEIRO,2|2,23.8|23.1,2|1,1,1,1,
-1,treino_multiplas,PREEMPCAO,225,1525.5,1568.0,42.5,426,CRUZ_02,2,VE_ROTA_VE_CORREDOR_04|VE_ROTA_VE_TRANSVERSAL_04,BOMBEIRO|POLICIA,1|2,29.8|38.5,1|2,0,1,1,
-1,treino_multiplas,PREEMPCAO,225,1824.3,1841.0,16.7,168,CRUZ_02,2,VE_ROTA_VE_CORREDOR_05|VE_ROTA_VE_TRANSVERSAL_05,POLICIA|AMBULANCIA,2|2,108.5|14.8,1|2,1,1,1,
-1,treino_multiplas,PREEMPCAO,225,1944.7,1948.6,3.9,40,CRUZ_08,2,VE_ROTA_VE_CORREDOR_05|VE_ROTA_VE_TRANSVERSAL_05,POLICIA|AMBULANCIA,2|2,57.0|2.8,2|1,1,0,0,VE_ROTA_VE_TRANSVERSAL_05
-1,treino_multiplas,PREEMPCAO,225,2127.2,2166.2,39.0,391,CRUZ_02,2,VE_ROTA_VE_CORREDOR_06|VE_ROTA_VE_TRANSVERSAL_06,AMBULANCIA|BOMBEIRO,3|3,32.7|17.1,1|2,1,0,0,VE_ROTA_VE_TRANSVERSAL_06
-1,treino_multiplas,PREEMPCAO,225,2252.2,2276.1,23.9,240,CRUZ_08,2,VE_ROTA_VE_CORREDOR_06|VE_ROTA_VE_TRANSVERSAL_06,AMBULANCIA|BOMBEIRO,3|3,22.6|37.9,2|1,1,1,1,
-1,treino_multiplas,PREEMPCAO,225,2426.1,2456.9,30.8,309,CRUZ_02,2,VE_ROTA_VE_CORREDOR_07|VE_ROTA_VE_TRANSVERSAL_07,BOMBEIRO|POLICIA,2|2,35.6|10.7,1|2,1,1,1,
-1,treino_multiplas,PREEMPCAO,225,2533.0,2552.3,19.3,194,CRUZ_08,2,VE_ROTA_VE_CORREDOR_07|VE_ROTA_VE_TRANSVERSAL_07,BOMBEIRO|POLICIA,2|2,18.1|23.0,2|1,1,1,1,
-1,treino_multiplas,PREEMPCAO,225,2724.3,2742.4,18.1,182,CRUZ_02,2,VE_ROTA_VE_CORREDOR_08|VE_ROTA_VE_TRANSVERSAL_08,POLICIA|AMBULANCIA,1|1,109.7|14.0,1|2,1,0,0,VE_ROTA_VE_TRANSVERSAL_08
-1,treino_multiplas,PREEMPCAO,225,2837.5,2838.6,1.1,12,CRUZ_08,2,VE_ROTA_VE_CORREDOR_08|VE_ROTA_VE_TRANSVERSAL_08,POLICIA|AMBULANCIA,1|1,55.0|0.2,2|1,1,0,0,VE_ROTA_VE_TRANSVERSAL_08
-1,treino_multiplas,PREEMPCAO,225,3022.0,3050.4,28.4,285,CRUZ_02,2,VE_ROTA_VE_CORREDOR_09|VE_ROTA_VE_TRANSVERSAL_09,AMBULANCIA|BOMBEIRO,2|3,23.0|31.5,1|2,0,1,1,
-1,treino_multiplas,PREEMPCAO,225,3139.9,3157.0,17.1,172,CRUZ_08,2,VE_ROTA_VE_CORREDOR_09|VE_ROTA_VE_TRANSVERSAL_09,AMBULANCIA|BOMBEIRO,2|3,15.9|23.0,2|1,0,1,1,
-1,treino_multiplas,PREEMPCAO,225,3321.9,3354.5,32.6,327,CRUZ_02,2,VE_ROTA_VE_CORREDOR_10|VE_ROTA_VE_TRANSVERSAL_10,BOMBEIRO|POLICIA,3|3,23.0|38.1,1|2,1,1,1,
-1,treino_multiplas,PREEMPCAO,225,3454.9,3458.8,3.9,40,CRUZ_08,2,VE_ROTA_VE_CORREDOR_10|VE_ROTA_VE_TRANSVERSAL_10,BOMBEIRO|POLICIA,3|3,2.6|30.6,2|1,1,0,0,VE_ROTA_VE_CORREDOR_10
-1,treino_multiplas,PREEMPCAO,226,333.8,373.1,39.3,394,CRUZ_02,2,VE_ROTA_VE_CORREDOR_00|VE_ROTA_VE_TRANSVERSAL_00,AMBULANCIA|BOMBEIRO,1|1,38.3|25.1,1|2,1,1,1,
-1,treino_multiplas,PREEMPCAO,226,473.4,519.1,45.7,458,CRUZ_08,2,VE_ROTA_VE_CORREDOR_00|VE_ROTA_VE_TRANSVERSAL_00,AMBULANCIA|BOMBEIRO,1|1,99.9|70.5,2|1,1,1,1,
-1,treino_multiplas,PREEMPCAO,226,621.9,649.4,27.5,276,CRUZ_02,2,VE_ROTA_VE_CORREDOR_01|VE_ROTA_VE_TRANSVERSAL_01,BOMBEIRO|POLICIA,2|2,23.0|20.8,1|2,1,1,1,
-1,treino_multiplas,PREEMPCAO,226,743.1,748.7,5.6,57,CRUZ_08,2,VE_ROTA_VE_CORREDOR_01|VE_ROTA_VE_TRANSVERSAL_01,BOMBEIRO|POLICIA,2|2,0.7|23.1,2|1,1,0,0,VE_ROTA_VE_CORREDOR_01
-1,treino_multiplas,PREEMPCAO,226,930.2,942.6,12.4,125,CRUZ_02,2,VE_ROTA_VE_CORREDOR_02|VE_ROTA_VE_TRANSVERSAL_02,POLICIA|AMBULANCIA,3|3,108.2|8.9,1|2,1,0,0,VE_ROTA_VE_TRANSVERSAL_02
-1,treino_multiplas,PREEMPCAO,226,1222.4,1254.7,32.3,324,CRUZ_02,2,VE_ROTA_VE_CORREDOR_03|VE_ROTA_VE_TRANSVERSAL_03,AMBULANCIA|BOMBEIRO,2|2,28.8|16.3,1|2,1,1,1,
-1,treino_multiplas,PREEMPCAO,226,1351.3,1377.0,25.7,258,CRUZ_08,2,VE_ROTA_VE_CORREDOR_03|VE_ROTA_VE_TRANSVERSAL_03,AMBULANCIA|BOMBEIRO,2|2,24.3|23.0,2|1,1,1,1,
-1,treino_multiplas,PREEMPCAO,226,1530.2,1556.1,25.9,260,CRUZ_02,2,VE_ROTA_VE_CORREDOR_04|VE_ROTA_VE_TRANSVERSAL_04,BOMBEIRO|POLICIA,1|2,31.5|24.9,1|2,0,1,1,
-1,treino_multiplas,PREEMPCAO,226,1642.5,1656.7,14.2,143,CRUZ_08,2,VE_ROTA_VE_CORREDOR_04|VE_ROTA_VE_TRANSVERSAL_04,BOMBEIRO|POLICIA,1|2,12.9|23.1,2|1,0,1,1,
-1,treino_multiplas,PREEMPCAO,226,1831.0,1866.8,35.8,359,CRUZ_02,2,VE_ROTA_VE_CORREDOR_05|VE_ROTA_VE_TRANSVERSAL_05,POLICIA|AMBULANCIA,2|2,125.0|33.8,1|2,1,1,1,
-1,treino_multiplas,PREEMPCAO,226,1952.2,1997.6,45.4,455,CRUZ_08,2,VE_ROTA_VE_CORREDOR_05|VE_ROTA_VE_TRANSVERSAL_05,POLICIA|AMBULANCIA,2|2,48.2|30.4,2|1,1,1,1,
-1,treino_multiplas,PREEMPCAO,226,2129.7,2143.1,13.4,135,CRUZ_02,2,VE_ROTA_VE_CORREDOR_06|VE_ROTA_VE_TRANSVERSAL_06,AMBULANCIA|BOMBEIRO,3|3,31.8|10.6,1|2,1,1,1,
-1,treino_multiplas,PREEMPCAO,226,2234.0,2290.2,56.2,563,CRUZ_08,2,VE_ROTA_VE_CORREDOR_06|VE_ROTA_VE_TRANSVERSAL_06,AMBULANCIA|BOMBEIRO,3|3,41.7|19.5,2|1,1,1,1,
-1,treino_multiplas,PREEMPCAO,226,2443.4,2449.8,6.4,65,CRUZ_02,2,VE_ROTA_VE_CORREDOR_07|VE_ROTA_VE_TRANSVERSAL_07,BOMBEIRO|POLICIA,2|2,72.7|2.1,1|2,1,0,0,VE_ROTA_VE_TRANSVERSAL_07
-1,treino_multiplas,PREEMPCAO,226,2727.0,2768.9,41.9,420,CRUZ_02,2,VE_ROTA_VE_CORREDOR_08|VE_ROTA_VE_TRANSVERSAL_08,POLICIA|AMBULANCIA,1|1,40.5|35.0,1|2,1,1,1,
-1,treino_multiplas,PREEMPCAO,226,2843.9,2875.1,31.2,313,CRUZ_08,2,VE_ROTA_VE_CORREDOR_08|VE_ROTA_VE_TRANSVERSAL_08,POLICIA|AMBULANCIA,1|1,44.0|23.0,2|1,1,1,1,
-1,treino_multiplas,PREEMPCAO,226,3023.3,3058.5,35.2,353,CRUZ_02,2,VE_ROTA_VE_CORREDOR_09|VE_ROTA_VE_TRANSVERSAL_09,AMBULANCIA|BOMBEIRO,2|3,29.1|29.9,1|2,0,1,1,
-1,treino_multiplas,PREEMPCAO,226,3142.0,3177.4,35.4,355,CRUZ_08,2,VE_ROTA_VE_CORREDOR_09|VE_ROTA_VE_TRANSVERSAL_09,AMBULANCIA|BOMBEIRO,2|3,56.7|23.0,2|1,0,1,1,
-1,treino_multiplas,PREEMPCAO,226,3323.9,3345.9,22.0,221,CRUZ_02,2,VE_ROTA_VE_CORREDOR_10|VE_ROTA_VE_TRANSVERSAL_10,BOMBEIRO|POLICIA,3|3,96.5|20.0,1|2,1,1,1,
-1,treino_multiplas,PREEMPCAO,226,3425.0,3450.0,25.0,251,CRUZ_08,2,VE_ROTA_VE_CORREDOR_10|VE_ROTA_VE_TRANSVERSAL_10,BOMBEIRO|POLICIA,3|3,23.8|23.0,2|1,1,1,1,
-1,treino_multiplas,PREEMPCAO,227,324.1,365.4,41.3,414,CRUZ_02,2,VE_ROTA_VE_CORREDOR_00|VE_ROTA_VE_TRANSVERSAL_00,AMBULANCIA|BOMBEIRO,1|1,107.3|23.5,1|2,1,1,1,
-1,treino_multiplas,PREEMPCAO,227,454.8,489.1,34.3,344,CRUZ_08,2,VE_ROTA_VE_CORREDOR_00|VE_ROTA_VE_TRANSVERSAL_00,AMBULANCIA|BOMBEIRO,1|1,46.5|23.0,2|1,1,1,1,
-1,treino_multiplas,PREEMPCAO,227,622.8,655.4,32.6,327,CRUZ_02,2,VE_ROTA_VE_CORREDOR_01|VE_ROTA_VE_TRANSVERSAL_01,BOMBEIRO|POLICIA,2|2,23.0|44.6,1|2,1,1,1,
-1,treino_multiplas,PREEMPCAO,227,768.3,774.5,6.2,63,CRUZ_08,2,VE_ROTA_VE_CORREDOR_01|VE_ROTA_VE_TRANSVERSAL_01,BOMBEIRO|POLICIA,2|2,4.9|31.7,2|1,1,0,0,VE_ROTA_VE_CORREDOR_01
-1,treino_multiplas,PREEMPCAO,227,923.2,953.3,30.1,302,CRUZ_02,2,VE_ROTA_VE_CORREDOR_02|VE_ROTA_VE_TRANSVERSAL_02,POLICIA|AMBULANCIA,3|3,23.0|22.9,1|2,1,1,1,
-1,treino_multiplas,PREEMPCAO,227,1045.8,1071.7,25.9,260,CRUZ_08,2,VE_ROTA_VE_CORREDOR_02|VE_ROTA_VE_TRANSVERSAL_02,POLICIA|AMBULANCIA,3|3,61.1|21.6,2|1,1,1,1,
-1,treino_multiplas,PREEMPCAO,227,1222.3,1249.3,27.0,271,CRUZ_02,2,VE_ROTA_VE_CORREDOR_03|VE_ROTA_VE_TRANSVERSAL_03,AMBULANCIA|BOMBEIRO,2|2,26.9|19.3,1|2,1,1,1,
-1,treino_multiplas,PREEMPCAO,227,1336.7,1368.9,32.2,323,CRUZ_08,2,VE_ROTA_VE_CORREDOR_03|VE_ROTA_VE_TRANSVERSAL_03,AMBULANCIA|BOMBEIRO,2|2,30.9|23.0,2|1,1,1,1,
-1,treino_multiplas,PREEMPCAO,227,1527.7,1563.7,36.0,361,CRUZ_02,2,VE_ROTA_VE_CORREDOR_04|VE_ROTA_VE_TRANSVERSAL_04,BOMBEIRO|POLICIA,1|2,33.8|10.7,1|2,0,0,0,VE_ROTA_VE_TRANSVERSAL_04
-1,treino_multiplas,PREEMPCAO,227,1647.9,1668.5,20.6,207,CRUZ_08,2,VE_ROTA_VE_CORREDOR_04|VE_ROTA_VE_TRANSVERSAL_04,BOMBEIRO|POLICIA,1|2,15.7|34.2,2|1,0,1,1,
-1,treino_multiplas,PREEMPCAO,227,1822.5,1848.6,26.1,262,CRUZ_02,2,VE_ROTA_VE_CORREDOR_05|VE_ROTA_VE_TRANSVERSAL_05,POLICIA|AMBULANCIA,2|2,43.6|23.9,1|2,1,1,1,
-1,treino_multiplas,PREEMPCAO,227,1924.0,1958.8,34.8,349,CRUZ_08,2,VE_ROTA_VE_CORREDOR_05|VE_ROTA_VE_TRANSVERSAL_05,POLICIA|AMBULANCIA,2|2,13.1|23.0,2|1,1,0,0,VE_ROTA_VE_CORREDOR_05
-1,treino_multiplas,PREEMPCAO,227,2122.1,2152.9,30.8,309,CRUZ_02,2,VE_ROTA_VE_CORREDOR_06|VE_ROTA_VE_TRANSVERSAL_06,AMBULANCIA|BOMBEIRO,3|3,25.0|37.5,1|2,1,1,1,
-1,treino_multiplas,PREEMPCAO,227,2427.1,2466.2,39.1,392,CRUZ_02,2,VE_ROTA_VE_CORREDOR_07|VE_ROTA_VE_TRANSVERSAL_07,BOMBEIRO|POLICIA,2|2,35.3|29.4,1|2,1,1,1,
-1,treino_multiplas,PREEMPCAO,227,2556.7,2585.1,28.4,285,CRUZ_08,2,VE_ROTA_VE_CORREDOR_07|VE_ROTA_VE_TRANSVERSAL_07,BOMBEIRO|POLICIA,2|2,21.8|23.1,2|1,1,1,1,
-1,treino_multiplas,PREEMPCAO,227,2729.6,2750.2,20.6,207,CRUZ_02,2,VE_ROTA_VE_CORREDOR_08|VE_ROTA_VE_TRANSVERSAL_08,POLICIA|AMBULANCIA,1|1,96.3|19.3,1|2,1,1,1,
-1,treino_multiplas,PREEMPCAO,227,2839.8,2864.3,24.5,246,CRUZ_08,2,VE_ROTA_VE_CORREDOR_08|VE_ROTA_VE_TRANSVERSAL_08,POLICIA|AMBULANCIA,1|1,38.0|18.9,2|1,1,1,1,
-1,treino_multiplas,PREEMPCAO,227,3025.1,3055.7,30.6,307,CRUZ_02,2,VE_ROTA_VE_CORREDOR_09|VE_ROTA_VE_TRANSVERSAL_09,AMBULANCIA|BOMBEIRO,2|3,23.1|44.0,1|2,0,1,1,
-1,treino_multiplas,PREEMPCAO,227,3156.2,3172.4,16.2,163,CRUZ_08,2,VE_ROTA_VE_CORREDOR_09|VE_ROTA_VE_TRANSVERSAL_09,AMBULANCIA|BOMBEIRO,2|3,20.8|27.2,2|1,0,0,0,VE_ROTA_VE_CORREDOR_09
-1,treino_multiplas,PREEMPCAO,227,3321.9,3346.2,24.3,244,CRUZ_02,2,VE_ROTA_VE_CORREDOR_10|VE_ROTA_VE_TRANSVERSAL_10,BOMBEIRO|POLICIA,3|3,23.0|29.0,1|2,1,1,1,
-1,treino_multiplas,PREEMPCAO,227,3437.6,3443.0,5.4,55,CRUZ_08,2,VE_ROTA_VE_CORREDOR_10|VE_ROTA_VE_TRANSVERSAL_10,BOMBEIRO|POLICIA,3|3,4.2|23.1,2|1,1,0,0,VE_ROTA_VE_CORREDOR_10
-1,treino_multiplas,PREEMPCAO,228,334.5,373.5,39.0,391,CRUZ_02,2,VE_ROTA_VE_CORREDOR_00|VE_ROTA_VE_TRANSVERSAL_00,AMBULANCIA|BOMBEIRO,1|1,71.6|18.1,1|2,1,1,1,
-1,treino_multiplas,PREEMPCAO,228,477.8,516.7,38.9,390,CRUZ_08,2,VE_ROTA_VE_CORREDOR_00|VE_ROTA_VE_TRANSVERSAL_00,AMBULANCIA|BOMBEIRO,1|1,68.4|5.3,2|1,1,0,1,VE_ROTA_VE_TRANSVERSAL_00
-1,treino_multiplas,PREEMPCAO,228,621.9,655.8,33.9,340,CRUZ_02,2,VE_ROTA_VE_CORREDOR_01|VE_ROTA_VE_TRANSVERSAL_01,BOMBEIRO|POLICIA,2|2,23.0|26.3,1|2,1,1,1,
-1,treino_multiplas,PREEMPCAO,228,738.2,778.0,39.8,399,CRUZ_08,2,VE_ROTA_VE_CORREDOR_01|VE_ROTA_VE_TRANSVERSAL_01,BOMBEIRO|POLICIA,2|2,48.3|47.7,2|1,1,1,1,
-1,treino_multiplas,PREEMPCAO,228,922.0,947.4,25.4,255,CRUZ_02,2,VE_ROTA_VE_CORREDOR_02|VE_ROTA_VE_TRANSVERSAL_02,POLICIA|AMBULANCIA,3|3,23.0|20.3,1|2,1,1,1,
-1,treino_multiplas,PREEMPCAO,228,1033.3,1063.1,29.8,299,CRUZ_08,2,VE_ROTA_VE_CORREDOR_02|VE_ROTA_VE_TRANSVERSAL_02,POLICIA|AMBULANCIA,3|3,22.8|23.0,2|1,1,1,1,
-1,treino_multiplas,PREEMPCAO,228,1225.9,1257.6,31.7,318,CRUZ_02,2,VE_ROTA_VE_CORREDOR_03|VE_ROTA_VE_TRANSVERSAL_03,AMBULANCIA|BOMBEIRO,2|2,42.8|15.3,1|2,1,1,1,
-1,treino_multiplas,PREEMPCAO,228,1348.9,1363.4,14.5,146,CRUZ_08,2,VE_ROTA_VE_CORREDOR_03|VE_ROTA_VE_TRANSVERSAL_03,AMBULANCIA|BOMBEIRO,2|2,59.7|7.2,2|1,1,0,0,VE_ROTA_VE_TRANSVERSAL_03
-1,treino_multiplas,PREEMPCAO,228,1527.6,1551.0,23.4,235,CRUZ_02,2,VE_ROTA_VE_CORREDOR_04|VE_ROTA_VE_TRANSVERSAL_04,BOMBEIRO|POLICIA,1|2,23.0|20.9,1|2,0,1,1,
-1,treino_multiplas,PREEMPCAO,228,1639.1,1676.7,37.6,377,CRUZ_08,2,VE_ROTA_VE_CORREDOR_04|VE_ROTA_VE_TRANSVERSAL_04,BOMBEIRO|POLICIA,1|2,35.9|11.1,2|1,0,1,1,
-1,treino_multiplas,PREEMPCAO,228,1824.2,1851.5,27.3,274,CRUZ_02,2,VE_ROTA_VE_CORREDOR_05|VE_ROTA_VE_TRANSVERSAL_05,POLICIA|AMBULANCIA,2|2,105.1|25.5,1|2,1,1,1,
-1,treino_multiplas,PREEMPCAO,228,1924.6,1956.9,32.3,324,CRUZ_08,2,VE_ROTA_VE_CORREDOR_05|VE_ROTA_VE_TRANSVERSAL_05,POLICIA|AMBULANCIA,2|2,17.3|23.0,2|1,1,1,1,
-1,treino_multiplas,PREEMPCAO,228,2122.0,2158.3,36.3,364,CRUZ_02,2,VE_ROTA_VE_CORREDOR_06|VE_ROTA_VE_TRANSVERSAL_06,AMBULANCIA|BOMBEIRO,3|3,23.0|22.9,1|2,1,1,1,
-1,treino_multiplas,PREEMPCAO,228,2240.5,2280.4,39.9,400,CRUZ_08,2,VE_ROTA_VE_CORREDOR_06|VE_ROTA_VE_TRANSVERSAL_06,AMBULANCIA|BOMBEIRO,3|3,56.5|34.9,2|1,1,1,1,
-1,treino_multiplas,PREEMPCAO,228,2421.9,2446.2,24.3,244,CRUZ_02,2,VE_ROTA_VE_CORREDOR_07|VE_ROTA_VE_TRANSVERSAL_07,BOMBEIRO|POLICIA,2|2,23.0|21.5,1|2,1,1,1,
-1,treino_multiplas,PREEMPCAO,228,2534.7,2557.7,23.0,231,CRUZ_08,2,VE_ROTA_VE_CORREDOR_07|VE_ROTA_VE_TRANSVERSAL_07,BOMBEIRO|POLICIA,2|2,21.7|23.1,2|1,1,1,1,
-1,treino_multiplas,PREEMPCAO,228,2724.3,2742.9,18.6,187,CRUZ_02,2,VE_ROTA_VE_CORREDOR_08|VE_ROTA_VE_TRANSVERSAL_08,POLICIA|AMBULANCIA,1|1,66.7|15.0,1|2,1,1,1,
-1,treino_multiplas,PREEMPCAO,228,2815.7,2848.6,32.9,330,CRUZ_08,2,VE_ROTA_VE_CORREDOR_08|VE_ROTA_VE_TRANSVERSAL_08,POLICIA|AMBULANCIA,1|1,38.8|23.1,2|1,1,1,1,
-1,treino_multiplas,PREEMPCAO,228,3024.7,3049.1,24.4,245,CRUZ_02,2,VE_ROTA_VE_CORREDOR_09|VE_ROTA_VE_TRANSVERSAL_09,AMBULANCIA|BOMBEIRO,2|3,23.1|19.7,1|2,0,1,1,
-1,treino_multiplas,PREEMPCAO,228,3136.1,3139.5,3.4,35,CRUZ_08,2,VE_ROTA_VE_CORREDOR_09|VE_ROTA_VE_TRANSVERSAL_09,AMBULANCIA|BOMBEIRO,2|3,2.2|25.2,2|1,0,0,0,VE_ROTA_VE_CORREDOR_09
-1,treino_multiplas,PREEMPCAO,228,3322.7,3356.5,33.8,339,CRUZ_02,2,VE_ROTA_VE_CORREDOR_10|VE_ROTA_VE_TRANSVERSAL_10,BOMBEIRO|POLICIA,3|3,44.0|14.7,1|2,1,0,0,VE_ROTA_VE_TRANSVERSAL_10
-1,treino_multiplas,PREEMPCAO,228,3438.8,3476.6,37.8,379,CRUZ_08,2,VE_ROTA_VE_CORREDOR_10|VE_ROTA_VE_TRANSVERSAL_10,BOMBEIRO|POLICIA,3|3,44.3|23.6,2|1,1,1,1,
-1,treino_multiplas,PREEMPCAO,229,325.6,363.4,37.8,379,CRUZ_02,2,VE_ROTA_VE_CORREDOR_00|VE_ROTA_VE_TRANSVERSAL_00,AMBULANCIA|BOMBEIRO,1|1,106.0|13.7,1|2,1,0,1,VE_ROTA_VE_TRANSVERSAL_00
-1,treino_multiplas,PREEMPCAO,229,446.8,478.9,32.1,322,CRUZ_08,2,VE_ROTA_VE_CORREDOR_00|VE_ROTA_VE_TRANSVERSAL_00,AMBULANCIA|BOMBEIRO,1|1,23.1|23.0,2|1,1,1,1,
-1,treino_multiplas,PREEMPCAO,229,628.4,660.7,32.3,324,CRUZ_02,2,VE_ROTA_VE_CORREDOR_01|VE_ROTA_VE_TRANSVERSAL_01,BOMBEIRO|POLICIA,2|2,29.9|9.0,1|2,1,0,0,VE_ROTA_VE_TRANSVERSAL_01
-1,treino_multiplas,PREEMPCAO,229,754.0,792.1,38.1,382,CRUZ_08,2,VE_ROTA_VE_CORREDOR_01|VE_ROTA_VE_TRANSVERSAL_01,BOMBEIRO|POLICIA,2|2,56.5|9.5,2|1,1,0,0,VE_ROTA_VE_TRANSVERSAL_01
-1,treino_multiplas,PREEMPCAO,229,922.0,950.8,28.8,289,CRUZ_02,2,VE_ROTA_VE_CORREDOR_02|VE_ROTA_VE_TRANSVERSAL_02,POLICIA|AMBULANCIA,3|3,23.0|23.9,1|2,1,1,1,
-1,treino_multiplas,PREEMPCAO,229,1043.1,1073.2,30.1,302,CRUZ_08,2,VE_ROTA_VE_CORREDOR_02|VE_ROTA_VE_TRANSVERSAL_02,POLICIA|AMBULANCIA,3|3,4.8|23.0,2|1,1,0,0,VE_ROTA_VE_CORREDOR_02
-1,treino_multiplas,PREEMPCAO,229,1226.9,1263.6,36.7,368,CRUZ_02,2,VE_ROTA_VE_CORREDOR_03|VE_ROTA_VE_TRANSVERSAL_03,AMBULANCIA|BOMBEIRO,2|2,50.5|29.5,1|2,1,1,1,
-1,treino_multiplas,PREEMPCAO,229,1369.9,1384.6,14.7,148,CRUZ_08,2,VE_ROTA_VE_CORREDOR_03|VE_ROTA_VE_TRANSVERSAL_03,AMBULANCIA|BOMBEIRO,2|2,13.4|50.1,2|1,1,1,1,
-1,treino_multiplas,PREEMPCAO,229,1525.7,1561.2,35.5,356,CRUZ_02,2,VE_ROTA_VE_CORREDOR_04|VE_ROTA_VE_TRANSVERSAL_04,BOMBEIRO|POLICIA,1|2,29.9|19.6,1|2,0,0,0,VE_ROTA_VE_TRANSVERSAL_04
-1,treino_multiplas,PREEMPCAO,229,1643.2,1670.8,27.6,277,CRUZ_08,2,VE_ROTA_VE_CORREDOR_04|VE_ROTA_VE_TRANSVERSAL_04,BOMBEIRO|POLICIA,1|2,26.3|23.1,2|1,0,1,1,
-1,treino_multiplas,PREEMPCAO,229,1822.5,1849.4,26.9,270,CRUZ_02,2,VE_ROTA_VE_CORREDOR_05|VE_ROTA_VE_TRANSVERSAL_05,POLICIA|AMBULANCIA,2|2,43.6|25.5,1|2,1,1,1,
-1,treino_multiplas,PREEMPCAO,229,1926.2,1957.0,30.8,309,CRUZ_08,2,VE_ROTA_VE_CORREDOR_05|VE_ROTA_VE_TRANSVERSAL_05,POLICIA|AMBULANCIA,2|2,19.0|23.0,2|1,1,1,1,
-1,treino_multiplas,PREEMPCAO,229,2127.9,2159.6,31.7,318,CRUZ_02,2,VE_ROTA_VE_CORREDOR_06|VE_ROTA_VE_TRANSVERSAL_06,AMBULANCIA|BOMBEIRO,3|3,29.9|29.2,1|2,1,1,1,
-1,treino_multiplas,PREEMPCAO,229,2262.6,2280.1,17.5,176,CRUZ_08,2,VE_ROTA_VE_CORREDOR_06|VE_ROTA_VE_TRANSVERSAL_06,AMBULANCIA|BOMBEIRO,3|3,16.2|25.6,2|1,1,1,1,
-1,treino_multiplas,PREEMPCAO,229,2436.6,2455.4,18.8,189,CRUZ_02,2,VE_ROTA_VE_CORREDOR_07|VE_ROTA_VE_TRANSVERSAL_07,BOMBEIRO|POLICIA,2|2,125.0|16.7,1|2,1,1,1,
-1,treino_multiplas,PREEMPCAO,229,2561.9,2601.6,39.7,398,CRUZ_08,2,VE_ROTA_VE_CORREDOR_07|VE_ROTA_VE_TRANSVERSAL_07,BOMBEIRO|POLICIA,2|2,125.0|3.6,2|1,1,0,1,VE_ROTA_VE_TRANSVERSAL_07
-1,treino_multiplas,PREEMPCAO,229,2723.2,2773.7,50.5,506,CRUZ_02,2,VE_ROTA_VE_CORREDOR_08|VE_ROTA_VE_TRANSVERSAL_08,POLICIA|AMBULANCIA,1|1,36.7|40.7,1|2,1,1,1,
-1,treino_multiplas,PREEMPCAO,229,2863.7,2891.2,27.5,276,CRUZ_08,2,VE_ROTA_VE_CORREDOR_08|VE_ROTA_VE_TRANSVERSAL_08,POLICIA|AMBULANCIA,1|1,19.6|23.0,2|1,1,1,1,
-1,treino_multiplas,PREEMPCAO,229,3022.0,3052.6,30.6,307,CRUZ_02,2,VE_ROTA_VE_CORREDOR_09|VE_ROTA_VE_TRANSVERSAL_09,AMBULANCIA|BOMBEIRO,2|3,23.0|44.5,1|2,0,1,1,
-1,treino_multiplas,PREEMPCAO,229,3158.5,3175.1,16.6,167,CRUZ_08,2,VE_ROTA_VE_CORREDOR_09|VE_ROTA_VE_TRANSVERSAL_09,AMBULANCIA|BOMBEIRO,2|3,15.3|42.9,2|1,0,0,0,VE_ROTA_VE_CORREDOR_09
-1,treino_multiplas,PREEMPCAO,229,3323.3,3356.8,33.5,336,CRUZ_02,2,VE_ROTA_VE_CORREDOR_10|VE_ROTA_VE_TRANSVERSAL_10,BOMBEIRO|POLICIA,3|3,50.8|19.5,1|2,1,1,1,
-1,treino_multiplas,PREEMPCAO,229,3435.8,3452.2,16.4,165,CRUZ_08,2,VE_ROTA_VE_CORREDOR_10|VE_ROTA_VE_TRANSVERSAL_10,BOMBEIRO|POLICIA,3|3,15.1|23.0,2|1,1,1,1,
-1,treino_multiplas,PREEMPCAO,230,322.7,357.6,34.9,350,CRUZ_02,2,VE_ROTA_VE_CORREDOR_00|VE_ROTA_VE_TRANSVERSAL_00,AMBULANCIA|BOMBEIRO,1|1,43.3|35.8,1|2,1,1,1,
-1,treino_multiplas,PREEMPCAO,230,446.0,482.5,36.5,366,CRUZ_08,2,VE_ROTA_VE_CORREDOR_00|VE_ROTA_VE_TRANSVERSAL_00,AMBULANCIA|BOMBEIRO,1|1,42.9|23.1,2|1,1,1,1,
-1,treino_multiplas,PREEMPCAO,230,632.2,665.5,33.3,334,CRUZ_02,2,VE_ROTA_VE_CORREDOR_01|VE_ROTA_VE_TRANSVERSAL_01,BOMBEIRO|POLICIA,2|2,32.2|3.5,1|2,1,0,1,VE_ROTA_VE_TRANSVERSAL_01
-1,treino_multiplas,PREEMPCAO,230,755.6,794.2,38.6,387,CRUZ_08,2,VE_ROTA_VE_CORREDOR_01|VE_ROTA_VE_TRANSVERSAL_01,BOMBEIRO|POLICIA,2|2,76.3|15.2,2|1,1,0,0,VE_ROTA_VE_TRANSVERSAL_01
-1,treino_multiplas,PREEMPCAO,230,922.0,947.2,25.2,253,CRUZ_02,2,VE_ROTA_VE_CORREDOR_02|VE_ROTA_VE_TRANSVERSAL_02,POLICIA|AMBULANCIA,3|3,23.0|30.6,1|2,1,1,1,
-1,treino_multiplas,PREEMPCAO,230,1041.7,1060.4,18.7,188,CRUZ_08,2,VE_ROTA_VE_CORREDOR_02|VE_ROTA_VE_TRANSVERSAL_02,POLICIA|AMBULANCIA,3|3,17.4|27.8,2|1,1,1,1,
-1,treino_multiplas,PREEMPCAO,230,1231.3,1265.6,34.3,344,CRUZ_02,2,VE_ROTA_VE_CORREDOR_03|VE_ROTA_VE_TRANSVERSAL_03,AMBULANCIA|BOMBEIRO,2|2,41.5|4.9,1|2,1,0,0,VE_ROTA_VE_TRANSVERSAL_03
-1,treino_multiplas,PREEMPCAO,230,1336.2,1367.9,31.7,318,CRUZ_08,2,VE_ROTA_VE_CORREDOR_03|VE_ROTA_VE_TRANSVERSAL_03,AMBULANCIA|BOMBEIRO,2|2,125.0|121.7,2|1,1,1,1,
-1,treino_multiplas,PREEMPCAO,230,1522.0,1551.8,29.8,299,CRUZ_02,2,VE_ROTA_VE_CORREDOR_04|VE_ROTA_VE_TRANSVERSAL_04,BOMBEIRO|POLICIA,1|2,25.6|13.8,1|2,0,1,1,
-1,treino_multiplas,PREEMPCAO,230,1641.3,1679.0,37.7,378,CRUZ_08,2,VE_ROTA_VE_CORREDOR_04|VE_ROTA_VE_TRANSVERSAL_04,BOMBEIRO|POLICIA,1|2,22.7|23.0,2|1,0,1,1,
-1,treino_multiplas,PREEMPCAO,230,1824.0,1846.3,22.3,224,CRUZ_02,2,VE_ROTA_VE_CORREDOR_05|VE_ROTA_VE_TRANSVERSAL_05,POLICIA|AMBULANCIA,2|2,106.2|18.6,1|2,1,1,1,
-1,treino_multiplas,PREEMPCAO,230,1946.4,1957.1,10.7,108,CRUZ_08,2,VE_ROTA_VE_CORREDOR_05|VE_ROTA_VE_TRANSVERSAL_05,POLICIA|AMBULANCIA,2|2,69.5|7.8,2|1,1,0,0,VE_ROTA_VE_TRANSVERSAL_05
-1,treino_multiplas,PREEMPCAO,230,2126.2,2158.6,32.4,325,CRUZ_02,2,VE_ROTA_VE_CORREDOR_06|VE_ROTA_VE_TRANSVERSAL_06,AMBULANCIA|BOMBEIRO,3|3,32.7|30.4,1|2,1,1,1,
-1,treino_multiplas,PREEMPCAO,230,2251.1,2266.6,15.5,156,CRUZ_08,2,VE_ROTA_VE_CORREDOR_06|VE_ROTA_VE_TRANSVERSAL_06,AMBULANCIA|BOMBEIRO,3|3,14.3|23.0,2|1,1,1,1,
-1,treino_multiplas,PREEMPCAO,230,2421.9,2446.2,24.3,244,CRUZ_02,2,VE_ROTA_VE_CORREDOR_07|VE_ROTA_VE_TRANSVERSAL_07,BOMBEIRO|POLICIA,2|2,23.0|24.8,1|2,1,1,1,
-1,treino_multiplas,PREEMPCAO,230,2537.4,2546.4,9.0,91,CRUZ_08,2,VE_ROTA_VE_CORREDOR_07|VE_ROTA_VE_TRANSVERSAL_07,BOMBEIRO|POLICIA,2|2,7.7|42.7,2|1,1,0,0,VE_ROTA_VE_CORREDOR_07
-1,treino_multiplas,PREEMPCAO,230,2724.3,2750.8,26.5,266,CRUZ_02,2,VE_ROTA_VE_CORREDOR_08|VE_ROTA_VE_TRANSVERSAL_08,POLICIA|AMBULANCIA,1|1,66.8|14.3,1|2,1,0,0,VE_ROTA_VE_TRANSVERSAL_08
-1,treino_multiplas,PREEMPCAO,230,3022.3,3054.7,32.4,325,CRUZ_02,2,VE_ROTA_VE_CORREDOR_09|VE_ROTA_VE_TRANSVERSAL_09,AMBULANCIA|BOMBEIRO,2|3,23.0|31.1,1|2,0,1,1,
-1,treino_multiplas,PREEMPCAO,230,3149.3,3170.9,21.6,217,CRUZ_08,2,VE_ROTA_VE_CORREDOR_09|VE_ROTA_VE_TRANSVERSAL_09,AMBULANCIA|BOMBEIRO,2|3,20.3|26.2,2|1,0,1,1,
-1,treino_multiplas,PREEMPCAO,230,3334.8,3372.0,37.2,373,CRUZ_02,2,VE_ROTA_VE_CORREDOR_10|VE_ROTA_VE_TRANSVERSAL_10,BOMBEIRO|POLICIA,3|3,71.6|15.8,1|2,1,0,0,VE_ROTA_VE_TRANSVERSAL_10
-1,treino_multiplas,PREEMPCAO,230,3455.3,3478.6,23.3,234,CRUZ_08,2,VE_ROTA_VE_CORREDOR_10|VE_ROTA_VE_TRANSVERSAL_10,BOMBEIRO|POLICIA,3|3,91.0|22.4,2|1,1,1,1,
-1,treino_multiplas,PREEMPCAO,231,324.0,364.7,40.7,408,CRUZ_02,2,VE_ROTA_VE_CORREDOR_00|VE_ROTA_VE_TRANSVERSAL_00,AMBULANCIA|BOMBEIRO,1|1,107.4|19.1,1|2,1,1,1,
-1,treino_multiplas,PREEMPCAO,231,474.6,485.9,11.3,114,CRUZ_08,2,VE_ROTA_VE_CORREDOR_00|VE_ROTA_VE_TRANSVERSAL_00,AMBULANCIA|BOMBEIRO,1|1,10.1|73.5,2|1,1,1,1,
-1,treino_multiplas,PREEMPCAO,231,621.9,646.3,24.4,245,CRUZ_02,2,VE_ROTA_VE_CORREDOR_01|VE_ROTA_VE_TRANSVERSAL_01,BOMBEIRO|POLICIA,2|2,23.0|25.3,1|2,1,1,1,
-1,treino_multiplas,PREEMPCAO,231,745.9,751.1,5.2,53,CRUZ_08,2,VE_ROTA_VE_CORREDOR_01|VE_ROTA_VE_TRANSVERSAL_01,BOMBEIRO|POLICIA,2|2,3.9|23.0,2|1,1,0,0,VE_ROTA_VE_CORREDOR_01
-1,treino_multiplas,PREEMPCAO,231,936.5,948.3,11.8,119,CRUZ_02,2,VE_ROTA_VE_CORREDOR_02|VE_ROTA_VE_TRANSVERSAL_02,POLICIA|AMBULANCIA,3|3,125.0|10.5,1|2,1,1,1,
-1,treino_multiplas,PREEMPCAO,231,1228.4,1261.8,33.4,335,CRUZ_02,2,VE_ROTA_VE_CORREDOR_03|VE_ROTA_VE_TRANSVERSAL_03,AMBULANCIA|BOMBEIRO,2|2,29.9|6.0,1|2,1,0,0,VE_ROTA_VE_TRANSVERSAL_03
-1,treino_multiplas,PREEMPCAO,231,1338.3,1371.5,33.2,333,CRUZ_08,2,VE_ROTA_VE_CORREDOR_03|VE_ROTA_VE_TRANSVERSAL_03,AMBULANCIA|BOMBEIRO,2|2,24.7|23.0,2|1,1,1,1,
-1,treino_multiplas,PREEMPCAO,231,1531.1,1568.2,37.1,372,CRUZ_02,2,VE_ROTA_VE_CORREDOR_04|VE_ROTA_VE_TRANSVERSAL_04,BOMBEIRO|POLICIA,1|2,34.0|24.7,1|2,0,1,1,
-1,treino_multiplas,PREEMPCAO,231,1672.1,1697.8,25.7,258,CRUZ_08,2,VE_ROTA_VE_CORREDOR_04|VE_ROTA_VE_TRANSVERSAL_04,BOMBEIRO|POLICIA,1|2,17.3|48.6,2|1,0,1,1,
-1,treino_multiplas,PREEMPCAO,231,1832.1,1864.0,31.9,320,CRUZ_02,2,VE_ROTA_VE_CORREDOR_05|VE_ROTA_VE_TRANSVERSAL_05,POLICIA|AMBULANCIA,2|2,125.0|23.8,1|2,1,1,1,
-1,treino_multiplas,PREEMPCAO,231,1952.6,1979.3,26.7,268,CRUZ_08,2,VE_ROTA_VE_CORREDOR_05|VE_ROTA_VE_TRANSVERSAL_05,POLICIA|AMBULANCIA,2|2,28.7|23.0,2|1,1,1,1,
-1,treino_multiplas,PREEMPCAO,231,2124.0,2165.6,41.6,417,CRUZ_02,2,VE_ROTA_VE_CORREDOR_06|VE_ROTA_VE_TRANSVERSAL_06,AMBULANCIA|BOMBEIRO,3|3,39.3|27.0,1|2,1,1,1,
-1,treino_multiplas,PREEMPCAO,231,2256.5,2267.1,10.6,107,CRUZ_08,2,VE_ROTA_VE_CORREDOR_06|VE_ROTA_VE_TRANSVERSAL_06,AMBULANCIA|BOMBEIRO,3|3,9.3|23.1,2|1,1,0,0,VE_ROTA_VE_CORREDOR_06
-1,treino_multiplas,PREEMPCAO,231,2421.9,2446.2,24.3,244,CRUZ_02,2,VE_ROTA_VE_CORREDOR_07|VE_ROTA_VE_TRANSVERSAL_07,BOMBEIRO|POLICIA,2|2,23.0|20.6,1|2,1,1,1,
-1,treino_multiplas,PREEMPCAO,231,2536.0,2545.8,9.8,99,CRUZ_08,2,VE_ROTA_VE_CORREDOR_07|VE_ROTA_VE_TRANSVERSAL_07,BOMBEIRO|POLICIA,2|2,8.5|23.0,2|1,1,0,0,VE_ROTA_VE_CORREDOR_07
-1,treino_multiplas,PREEMPCAO,231,2723.6,2746.7,23.1,232,CRUZ_02,2,VE_ROTA_VE_CORREDOR_08|VE_ROTA_VE_TRANSVERSAL_08,POLICIA|AMBULANCIA,1|1,45.6|21.7,1|2,1,1,1,
-1,treino_multiplas,PREEMPCAO,231,3022.0,3046.6,24.6,247,CRUZ_02,2,VE_ROTA_VE_CORREDOR_09|VE_ROTA_VE_TRANSVERSAL_09,AMBULANCIA|BOMBEIRO,2|3,23.0|27.8,1|2,0,1,1,
-1,treino_multiplas,PREEMPCAO,231,3140.6,3149.4,8.8,89,CRUZ_08,2,VE_ROTA_VE_CORREDOR_09|VE_ROTA_VE_TRANSVERSAL_09,AMBULANCIA|BOMBEIRO,2|3,7.6|23.1,2|1,0,0,0,VE_ROTA_VE_CORREDOR_09
-1,treino_multiplas,PREEMPCAO,231,3335.0,3373.0,38.0,381,CRUZ_02,2,VE_ROTA_VE_CORREDOR_10|VE_ROTA_VE_TRANSVERSAL_10,BOMBEIRO|POLICIA,3|3,41.4|12.1,1|2,1,0,0,VE_ROTA_VE_TRANSVERSAL_10
-1,treino_multiplas,PREEMPCAO,231,3464.7,3494.1,29.4,295,CRUZ_08,2,VE_ROTA_VE_CORREDOR_10|VE_ROTA_VE_TRANSVERSAL_10,BOMBEIRO|POLICIA,3|3,28.1|23.0,2|1,1,1,1,
-1,treino_multiplas,PREEMPCAO,232,332.2,368.8,36.6,367,CRUZ_02,2,VE_ROTA_VE_CORREDOR_00|VE_ROTA_VE_TRANSVERSAL_00,AMBULANCIA|BOMBEIRO,1|1,97.4|6.2,1|2,1,0,0,VE_ROTA_VE_TRANSVERSAL_00
-1,treino_multiplas,PREEMPCAO,232,472.3,511.5,39.2,393,CRUZ_08,2,VE_ROTA_VE_CORREDOR_00|VE_ROTA_VE_TRANSVERSAL_00,AMBULANCIA|BOMBEIRO,1|1,120.1|100.3,2|1,1,1,1,
-1,treino_multiplas,PREEMPCAO,232,622.6,661.0,38.4,385,CRUZ_02,2,VE_ROTA_VE_CORREDOR_01|VE_ROTA_VE_TRANSVERSAL_01,BOMBEIRO|POLICIA,2|2,32.4|15.6,1|2,1,0,0,VE_ROTA_VE_TRANSVERSAL_01
-1,treino_multiplas,PREEMPCAO,232,748.7,788.7,40.0,401,CRUZ_08,2,VE_ROTA_VE_CORREDOR_01|VE_ROTA_VE_TRANSVERSAL_01,BOMBEIRO|POLICIA,2|2,71.2|23.3,2|1,1,1,1,
-1,treino_multiplas,PREEMPCAO,232,922.0,946.5,24.5,246,CRUZ_02,2,VE_ROTA_VE_CORREDOR_02|VE_ROTA_VE_TRANSVERSAL_02,POLICIA|AMBULANCIA,3|3,23.0|22.9,1|2,1,1,1,
-1,treino_multiplas,PREEMPCAO,232,1017.9,1044.2,26.3,264,CRUZ_08,2,VE_ROTA_VE_CORREDOR_02|VE_ROTA_VE_TRANSVERSAL_02,POLICIA|AMBULANCIA,3|3,42.3|25.5,2|1,1,1,1,
-1,treino_multiplas,PREEMPCAO,232,1232.9,1272.0,39.1,392,CRUZ_02,2,VE_ROTA_VE_CORREDOR_03|VE_ROTA_VE_TRANSVERSAL_03,AMBULANCIA|BOMBEIRO,2|2,56.4|35.3,1|2,1,1,1,
-1,treino_multiplas,PREEMPCAO,232,1372.6,1400.8,28.2,283,CRUZ_08,2,VE_ROTA_VE_CORREDOR_03|VE_ROTA_VE_TRANSVERSAL_03,AMBULANCIA|BOMBEIRO,2|2,26.9|23.1,2|1,1,1,1,
-1,treino_multiplas,PREEMPCAO,232,1521.9,1550.9,29.0,291,CRUZ_02,2,VE_ROTA_VE_CORREDOR_04|VE_ROTA_VE_TRANSVERSAL_04,BOMBEIRO|POLICIA,1|2,23.0|16.5,1|2,0,1,1,
-1,treino_multiplas,PREEMPCAO,232,1640.4,1668.1,27.7,278,CRUZ_08,2,VE_ROTA_VE_CORREDOR_04|VE_ROTA_VE_TRANSVERSAL_04,BOMBEIRO|POLICIA,1|2,19.3|23.0,2|1,0,1,1,
-1,treino_multiplas,PREEMPCAO,232,1822.2,1849.9,27.7,278,CRUZ_02,2,VE_ROTA_VE_CORREDOR_05|VE_ROTA_VE_TRANSVERSAL_05,POLICIA|AMBULANCIA,2|2,26.4|23.9,1|2,1,1,1,
-1,treino_multiplas,PREEMPCAO,232,1943.2,1950.2,7.0,71,CRUZ_08,2,VE_ROTA_VE_CORREDOR_05|VE_ROTA_VE_TRANSVERSAL_05,POLICIA|AMBULANCIA,2|2,113.8|4.8,2|1,1,0,0,VE_ROTA_VE_TRANSVERSAL_05
-1,treino_multiplas,PREEMPCAO,232,2129.8,2163.5,33.7,338,CRUZ_02,2,VE_ROTA_VE_CORREDOR_06|VE_ROTA_VE_TRANSVERSAL_06,AMBULANCIA|BOMBEIRO,3|3,43.5|22.3,1|2,1,1,1,
-1,treino_multiplas,PREEMPCAO,232,2254.0,2273.9,19.9,200,CRUZ_08,2,VE_ROTA_VE_CORREDOR_06|VE_ROTA_VE_TRANSVERSAL_06,AMBULANCIA|BOMBEIRO,3|3,18.6|23.1,2|1,1,1,1,
-1,treino_multiplas,PREEMPCAO,232,2421.9,2454.5,32.6,327,CRUZ_02,2,VE_ROTA_VE_CORREDOR_07|VE_ROTA_VE_TRANSVERSAL_07,BOMBEIRO|POLICIA,2|2,23.0|30.3,1|2,1,1,1,
-1,treino_multiplas,PREEMPCAO,232,2540.1,2561.5,21.4,215,CRUZ_08,2,VE_ROTA_VE_CORREDOR_07|VE_ROTA_VE_TRANSVERSAL_07,BOMBEIRO|POLICIA,2|2,20.2|42.8,2|1,1,1,1,
-1,treino_multiplas,PREEMPCAO,232,2722.0,2753.3,31.3,314,CRUZ_02,2,VE_ROTA_VE_CORREDOR_08|VE_ROTA_VE_TRANSVERSAL_08,POLICIA|AMBULANCIA,1|1,23.1|28.5,1|2,1,1,1,
-1,treino_multiplas,PREEMPCAO,232,2838.9,2853.3,14.4,145,CRUZ_08,2,VE_ROTA_VE_CORREDOR_08|VE_ROTA_VE_TRANSVERSAL_08,POLICIA|AMBULANCIA,1|1,60.1|13.8,2|1,1,0,0,VE_ROTA_VE_TRANSVERSAL_08
-1,treino_multiplas,PREEMPCAO,232,3029.1,3071.5,42.4,425,CRUZ_02,2,VE_ROTA_VE_CORREDOR_09|VE_ROTA_VE_TRANSVERSAL_09,AMBULANCIA|BOMBEIRO,2|3,42.0|27.0,1|2,0,1,1,
-1,treino_multiplas,PREEMPCAO,232,3167.7,3187.9,20.2,203,CRUZ_08,2,VE_ROTA_VE_CORREDOR_09|VE_ROTA_VE_TRANSVERSAL_09,AMBULANCIA|BOMBEIRO,2|3,11.2|23.0,2|1,0,1,1,
-1,treino_multiplas,PREEMPCAO,232,3321.9,3349.6,27.7,278,CRUZ_02,2,VE_ROTA_VE_CORREDOR_10|VE_ROTA_VE_TRANSVERSAL_10,BOMBEIRO|POLICIA,3|3,23.0|20.7,1|2,1,1,1,
-1,treino_multiplas,PREEMPCAO,232,3443.1,3449.6,6.5,66,CRUZ_08,2,VE_ROTA_VE_CORREDOR_10|VE_ROTA_VE_TRANSVERSAL_10,BOMBEIRO|POLICIA,3|3,5.2|37.4,2|1,1,0,0,VE_ROTA_VE_CORREDOR_10
-1,treino_multiplas,PREEMPCAO,233,324.2,340.3,16.1,162,CRUZ_02,2,VE_ROTA_VE_CORREDOR_00|VE_ROTA_VE_TRANSVERSAL_00,AMBULANCIA|BOMBEIRO,1|1,102.4|14.7,1|2,1,1,1,
-1,treino_multiplas,PREEMPCAO,233,628.8,658.2,29.4,295,CRUZ_02,2,VE_ROTA_VE_CORREDOR_01|VE_ROTA_VE_TRANSVERSAL_01,BOMBEIRO|POLICIA,2|2,29.9|21.8,1|2,1,1,1,
-1,treino_multiplas,PREEMPCAO,233,777.7,778.9,1.2,13,CRUZ_08,2,VE_ROTA_VE_CORREDOR_01|VE_ROTA_VE_TRANSVERSAL_01,BOMBEIRO|POLICIA,2|2,0.2|23.1,2|1,1,0,0,VE_ROTA_VE_CORREDOR_01
-1,treino_multiplas,PREEMPCAO,233,922.3,943.3,21.0,211,CRUZ_02,2,VE_ROTA_VE_CORREDOR_02|VE_ROTA_VE_TRANSVERSAL_02,POLICIA|AMBULANCIA,3|3,27.3|19.7,1|2,1,1,1,
-1,treino_multiplas,PREEMPCAO,233,1022.4,1054.3,31.9,320,CRUZ_08,2,VE_ROTA_VE_CORREDOR_02|VE_ROTA_VE_TRANSVERSAL_02,POLICIA|AMBULANCIA,3|3,39.7|20.7,2|1,1,1,1,
-1,treino_multiplas,PREEMPCAO,233,1223.4,1257.7,34.3,344,CRUZ_02,2,VE_ROTA_VE_CORREDOR_03|VE_ROTA_VE_TRANSVERSAL_03,AMBULANCIA|BOMBEIRO,2|2,43.6|38.0,1|2,1,1,1,
-1,treino_multiplas,PREEMPCAO,233,1354.2,1374.3,20.1,202,CRUZ_08,2,VE_ROTA_VE_CORREDOR_03|VE_ROTA_VE_TRANSVERSAL_03,AMBULANCIA|BOMBEIRO,2|2,18.9|36.6,2|1,1,1,1,
-1,treino_multiplas,PREEMPCAO,233,1521.9,1549.6,27.7,278,CRUZ_02,2,VE_ROTA_VE_CORREDOR_04|VE_ROTA_VE_TRANSVERSAL_04,BOMBEIRO|POLICIA,1|2,23.0|38.4,1|2,0,1,1,
-1,treino_multiplas,PREEMPCAO,233,1647.6,1673.9,26.3,264,CRUZ_08,2,VE_ROTA_VE_CORREDOR_04|VE_ROTA_VE_TRANSVERSAL_04,BOMBEIRO|POLICIA,1|2,21.7|44.0,2|1,0,1,1,
-1,treino_multiplas,PREEMPCAO,233,1822.5,1851.4,28.9,290,CRUZ_02,2,VE_ROTA_VE_CORREDOR_05|VE_ROTA_VE_TRANSVERSAL_05,POLICIA|AMBULANCIA,2|2,43.6|27.0,1|2,1,1,1,
-1,treino_multiplas,PREEMPCAO,233,1923.6,1951.0,27.4,275,CRUZ_08,2,VE_ROTA_VE_CORREDOR_05|VE_ROTA_VE_TRANSVERSAL_05,POLICIA|AMBULANCIA,2|2,31.5|23.1,2|1,1,1,1,
-1,treino_multiplas,PREEMPCAO,233,2122.6,2162.3,39.7,398,CRUZ_02,2,VE_ROTA_VE_CORREDOR_06|VE_ROTA_VE_TRANSVERSAL_06,AMBULANCIA|BOMBEIRO,3|3,29.5|30.7,1|2,1,1,1,
-1,treino_multiplas,PREEMPCAO,233,2256.7,2277.3,20.6,207,CRUZ_08,2,VE_ROTA_VE_CORREDOR_06|VE_ROTA_VE_TRANSVERSAL_06,AMBULANCIA|BOMBEIRO,3|3,19.4|28.8,2|1,1,1,1,
-1,treino_multiplas,PREEMPCAO,233,2422.1,2468.1,46.0,461,CRUZ_02,2,VE_ROTA_VE_CORREDOR_07|VE_ROTA_VE_TRANSVERSAL_07,BOMBEIRO|POLICIA,2|2,23.1|30.4,1|2,1,1,1,
-1,treino_multiplas,PREEMPCAO,233,2561.9,2578.4,16.5,166,CRUZ_08,2,VE_ROTA_VE_CORREDOR_07|VE_ROTA_VE_TRANSVERSAL_07,BOMBEIRO|POLICIA,2|2,15.2|38.0,2|1,1,1,1,
-1,treino_multiplas,PREEMPCAO,233,2728.6,2759.8,31.2,313,CRUZ_02,2,VE_ROTA_VE_CORREDOR_08|VE_ROTA_VE_TRANSVERSAL_08,POLICIA|AMBULANCIA,1|1,47.1|22.8,1|2,1,1,1,
-1,treino_multiplas,PREEMPCAO,233,2868.8,2893.1,24.3,244,CRUZ_08,2,VE_ROTA_VE_CORREDOR_08|VE_ROTA_VE_TRANSVERSAL_08,POLICIA|AMBULANCIA,1|1,26.1|23.0,2|1,1,1,1,
-1,treino_multiplas,PREEMPCAO,233,3022.0,3061.1,39.1,392,CRUZ_02,2,VE_ROTA_VE_CORREDOR_09|VE_ROTA_VE_TRANSVERSAL_09,AMBULANCIA|BOMBEIRO,2|3,23.4|27.0,1|2,0,1,1,
-1,treino_multiplas,PREEMPCAO,233,3165.1,3173.6,8.5,86,CRUZ_08,2,VE_ROTA_VE_CORREDOR_09|VE_ROTA_VE_TRANSVERSAL_09,AMBULANCIA|BOMBEIRO,2|3,7.2|23.1,2|1,0,0,0,VE_ROTA_VE_CORREDOR_09
-1,treino_multiplas,PREEMPCAO,233,3332.9,3369.9,37.0,371,CRUZ_02,2,VE_ROTA_VE_CORREDOR_10|VE_ROTA_VE_TRANSVERSAL_10,BOMBEIRO|POLICIA,3|3,93.2|32.5,1|2,1,1,1,
-1,treino_multiplas,PREEMPCAO,233,3450.6,3473.2,22.6,227,CRUZ_08,2,VE_ROTA_VE_CORREDOR_10|VE_ROTA_VE_TRANSVERSAL_10,BOMBEIRO|POLICIA,3|3,13.8|23.0,2|1,1,1,1,
-1,treino_multiplas,PREEMPCAO,234,334.5,376.6,42.1,422,CRUZ_02,2,VE_ROTA_VE_CORREDOR_00|VE_ROTA_VE_TRANSVERSAL_00,AMBULANCIA|BOMBEIRO,1|1,70.5|13.1,1|2,1,1,1,
-1,treino_multiplas,PREEMPCAO,234,483.7,485.4,1.7,18,CRUZ_08,2,VE_ROTA_VE_CORREDOR_00|VE_ROTA_VE_TRANSVERSAL_00,AMBULANCIA|BOMBEIRO,1|1,61.8|0.4,2|1,1,0,0,VE_ROTA_VE_TRANSVERSAL_00
-1,treino_multiplas,PREEMPCAO,234,622.4,659.1,36.7,368,CRUZ_02,2,VE_ROTA_VE_CORREDOR_01|VE_ROTA_VE_TRANSVERSAL_01,BOMBEIRO|POLICIA,2|2,30.3|30.7,1|2,1,1,1,
-1,treino_multiplas,PREEMPCAO,234,764.1,778.6,14.5,146,CRUZ_08,2,VE_ROTA_VE_CORREDOR_01|VE_ROTA_VE_TRANSVERSAL_01,BOMBEIRO|POLICIA,2|2,11.1|23.1,2|1,1,0,0,VE_ROTA_VE_CORREDOR_01
-1,treino_multiplas,PREEMPCAO,234,922.0,945.2,23.2,233,CRUZ_02,2,VE_ROTA_VE_CORREDOR_02|VE_ROTA_VE_TRANSVERSAL_02,POLICIA|AMBULANCIA,3|3,23.0|19.4,1|2,1,1,1,
-1,treino_multiplas,PREEMPCAO,234,1020.2,1058.1,37.9,380,CRUZ_08,2,VE_ROTA_VE_CORREDOR_02|VE_ROTA_VE_TRANSVERSAL_02,POLICIA|AMBULANCIA,3|3,37.4|55.6,2|1,1,1,1,
-1,treino_multiplas,PREEMPCAO,234,1222.2,1246.6,24.4,245,CRUZ_02,2,VE_ROTA_VE_CORREDOR_03|VE_ROTA_VE_TRANSVERSAL_03,AMBULANCIA|BOMBEIRO,2|2,23.1|22.6,1|2,1,1,1,
-1,treino_multiplas,PREEMPCAO,234,1332.4,1344.6,12.2,123,CRUZ_08,2,VE_ROTA_VE_CORREDOR_03|VE_ROTA_VE_TRANSVERSAL_03,AMBULANCIA|BOMBEIRO,2|2,10.3|43.0,2|1,1,0,0,VE_ROTA_VE_CORREDOR_03
-1,treino_multiplas,PREEMPCAO,234,1522.1,1552.5,30.4,305,CRUZ_02,2,VE_ROTA_VE_CORREDOR_04|VE_ROTA_VE_TRANSVERSAL_04,BOMBEIRO|POLICIA,1|2,23.1|29.5,1|2,0,1,1,
-1,treino_multiplas,PREEMPCAO,234,1647.6,1669.8,22.2,223,CRUZ_08,2,VE_ROTA_VE_CORREDOR_04|VE_ROTA_VE_TRANSVERSAL_04,BOMBEIRO|POLICIA,1|2,18.9|23.0,2|1,0,1,1,
-1,treino_multiplas,PREEMPCAO,234,1824.2,1857.9,33.7,338,CRUZ_02,2,VE_ROTA_VE_CORREDOR_05|VE_ROTA_VE_TRANSVERSAL_05,POLICIA|AMBULANCIA,2|2,104.9|31.6,1|2,1,1,1,
-1,treino_multiplas,PREEMPCAO,234,1945.9,1960.5,14.6,147,CRUZ_08,2,VE_ROTA_VE_CORREDOR_05|VE_ROTA_VE_TRANSVERSAL_05,POLICIA|AMBULANCIA,2|2,53.5|7.5,2|1,1,0,0,VE_ROTA_VE_TRANSVERSAL_05
-1,treino_multiplas,PREEMPCAO,234,2122.0,2154.3,32.3,324,CRUZ_02,2,VE_ROTA_VE_CORREDOR_06|VE_ROTA_VE_TRANSVERSAL_06,AMBULANCIA|BOMBEIRO,3|3,23.0|21.9,1|2,1,1,1,
-1,treino_multiplas,PREEMPCAO,234,2241.2,2270.4,29.2,293,CRUZ_08,2,VE_ROTA_VE_CORREDOR_06|VE_ROTA_VE_TRANSVERSAL_06,AMBULANCIA|BOMBEIRO,3|3,26.1|23.1,2|1,1,1,1,
-1,treino_multiplas,PREEMPCAO,234,2424.7,2457.9,33.2,333,CRUZ_02,2,VE_ROTA_VE_CORREDOR_07|VE_ROTA_VE_TRANSVERSAL_07,BOMBEIRO|POLICIA,2|2,31.7|42.8,1|2,1,1,1,
-1,treino_multiplas,PREEMPCAO,234,2547.5,2554.9,7.4,75,CRUZ_08,2,VE_ROTA_VE_CORREDOR_07|VE_ROTA_VE_TRANSVERSAL_07,BOMBEIRO|POLICIA,2|2,6.2|23.0,2|1,1,0,0,VE_ROTA_VE_CORREDOR_07
-1,treino_multiplas,PREEMPCAO,234,2726.3,2759.4,33.1,332,CRUZ_02,2,VE_ROTA_VE_CORREDOR_08|VE_ROTA_VE_TRANSVERSAL_08,POLICIA|AMBULANCIA,1|1,124.9|23.4,1|2,1,1,1,
-1,treino_multiplas,PREEMPCAO,234,2850.5,2879.2,28.7,288,CRUZ_08,2,VE_ROTA_VE_CORREDOR_08|VE_ROTA_VE_TRANSVERSAL_08,POLICIA|AMBULANCIA,1|1,19.2|32.0,2|1,1,1,1,
-1,treino_multiplas,PREEMPCAO,234,3022.0,3057.4,35.4,355,CRUZ_02,2,VE_ROTA_VE_CORREDOR_09|VE_ROTA_VE_TRANSVERSAL_09,AMBULANCIA|BOMBEIRO,2|3,23.0|29.9,1|2,0,1,1,
-1,treino_multiplas,PREEMPCAO,234,3135.9,3164.2,28.3,284,CRUZ_08,2,VE_ROTA_VE_CORREDOR_09|VE_ROTA_VE_TRANSVERSAL_09,AMBULANCIA|BOMBEIRO,2|3,27.0|23.0,2|1,0,1,1,
-1,treino_multiplas,PREEMPCAO,234,3330.2,3354.2,24.0,241,CRUZ_02,2,VE_ROTA_VE_CORREDOR_10|VE_ROTA_VE_TRANSVERSAL_10,BOMBEIRO|POLICIA,3|3,107.8|14.3,1|2,1,1,1,
-1,treino_multiplas,PREEMPCAO,234,3438.6,3467.9,29.3,294,CRUZ_08,2,VE_ROTA_VE_CORREDOR_10|VE_ROTA_VE_TRANSVERSAL_10,BOMBEIRO|POLICIA,3|3,30.0|62.1,2|1,1,1,1,
-1,treino_multiplas,PREEMPCAO,235,322.5,357.0,34.5,346,CRUZ_02,2,VE_ROTA_VE_CORREDOR_00|VE_ROTA_VE_TRANSVERSAL_00,AMBULANCIA|BOMBEIRO,1|1,44.1|21.6,1|2,1,1,1,
-1,treino_multiplas,PREEMPCAO,235,445.2,483.2,38.0,381,CRUZ_08,2,VE_ROTA_VE_CORREDOR_00|VE_ROTA_VE_TRANSVERSAL_00,AMBULANCIA|BOMBEIRO,1|1,50.5|23.1,2|1,1,1,1,
-1,treino_multiplas,PREEMPCAO,235,626.5,661.0,34.5,346,CRUZ_02,2,VE_ROTA_VE_CORREDOR_01|VE_ROTA_VE_TRANSVERSAL_01,BOMBEIRO|POLICIA,2|2,31.3|14.5,1|2,1,0,0,VE_ROTA_VE_TRANSVERSAL_01
-1,treino_multiplas,PREEMPCAO,235,755.2,784.7,29.5,296,CRUZ_08,2,VE_ROTA_VE_CORREDOR_01|VE_ROTA_VE_TRANSVERSAL_01,BOMBEIRO|POLICIA,2|2,93.8|32.8,2|1,1,1,1,
-1,treino_multiplas,PREEMPCAO,235,931.5,945.2,13.7,138,CRUZ_02,2,VE_ROTA_VE_CORREDOR_02|VE_ROTA_VE_TRANSVERSAL_02,POLICIA|AMBULANCIA,3|3,106.6|12.0,1|2,1,0,0,VE_ROTA_VE_TRANSVERSAL_02
-1,treino_multiplas,PREEMPCAO,235,1222.7,1256.7,34.0,341,CRUZ_02,2,VE_ROTA_VE_CORREDOR_03|VE_ROTA_VE_TRANSVERSAL_03,AMBULANCIA|BOMBEIRO,2|2,29.4|30.8,1|2,1,1,1,
-1,treino_multiplas,PREEMPCAO,235,1345.4,1359.4,14.0,141,CRUZ_08,2,VE_ROTA_VE_CORREDOR_03|VE_ROTA_VE_TRANSVERSAL_03,AMBULANCIA|BOMBEIRO,2|2,12.7|23.0,2|1,1,1,1,
-1,treino_multiplas,PREEMPCAO,235,1521.9,1547.1,25.2,253,CRUZ_02,2,VE_ROTA_VE_CORREDOR_04|VE_ROTA_VE_TRANSVERSAL_04,BOMBEIRO|POLICIA,1|2,23.0|41.5,1|2,0,1,1,
-1,treino_multiplas,PREEMPCAO,235,1825.5,1864.5,39.0,391,CRUZ_02,2,VE_ROTA_VE_CORREDOR_05|VE_ROTA_VE_TRANSVERSAL_05,POLICIA|AMBULANCIA,2|2,58.9|26.5,1|2,1,1,1,
-1,treino_multiplas,PREEMPCAO,235,1953.5,1963.7,10.2,103,CRUZ_08,2,VE_ROTA_VE_CORREDOR_05|VE_ROTA_VE_TRANSVERSAL_05,POLICIA|AMBULANCIA,2|2,36.9|9.6,2|1,1,0,0,VE_ROTA_VE_TRANSVERSAL_05
-1,treino_multiplas,PREEMPCAO,235,2122.0,2151.5,29.5,296,CRUZ_02,2,VE_ROTA_VE_CORREDOR_06|VE_ROTA_VE_TRANSVERSAL_06,AMBULANCIA|BOMBEIRO,3|3,23.0|30.3,1|2,1,1,1,
-1,treino_multiplas,PREEMPCAO,235,2240.6,2267.3,26.7,268,CRUZ_08,2,VE_ROTA_VE_CORREDOR_06|VE_ROTA_VE_TRANSVERSAL_06,AMBULANCIA|BOMBEIRO,3|3,22.6|23.0,2|1,1,1,1,
-1,treino_multiplas,PREEMPCAO,235,2427.7,2470.1,42.4,425,CRUZ_02,2,VE_ROTA_VE_CORREDOR_07|VE_ROTA_VE_TRANSVERSAL_07,BOMBEIRO|POLICIA,2|2,105.4|27.0,1|2,1,1,1,
-1,treino_multiplas,PREEMPCAO,235,2559.1,2597.2,38.1,382,CRUZ_08,2,VE_ROTA_VE_CORREDOR_07|VE_ROTA_VE_TRANSVERSAL_07,BOMBEIRO|POLICIA,2|2,51.3|21.8,2|1,1,0,1,VE_ROTA_VE_TRANSVERSAL_07
-1,treino_multiplas,PREEMPCAO,235,2722.0,2740.5,18.5,186,CRUZ_02,2,VE_ROTA_VE_CORREDOR_08|VE_ROTA_VE_TRANSVERSAL_08,POLICIA|AMBULANCIA,1|1,23.1|15.9,1|2,1,1,1,
-1,treino_multiplas,PREEMPCAO,235,2836.1,2836.9,0.8,9,CRUZ_08,2,VE_ROTA_VE_CORREDOR_08|VE_ROTA_VE_TRANSVERSAL_08,POLICIA|AMBULANCIA,1|1,50.6|0.0,2|1,1,0,0,VE_ROTA_VE_TRANSVERSAL_08
-1,treino_multiplas,PREEMPCAO,235,3024.6,3059.2,34.6,347,CRUZ_02,2,VE_ROTA_VE_CORREDOR_09|VE_ROTA_VE_TRANSVERSAL_09,AMBULANCIA|BOMBEIRO,2|3,29.9|27.5,1|2,0,1,1,
-1,treino_multiplas,PREEMPCAO,235,3149.3,3159.6,10.3,104,CRUZ_08,2,VE_ROTA_VE_CORREDOR_09|VE_ROTA_VE_TRANSVERSAL_09,AMBULANCIA|BOMBEIRO,2|3,9.0|42.3,2|1,0,0,0,VE_ROTA_VE_CORREDOR_09
-1,treino_multiplas,PREEMPCAO,235,3324.4,3359.8,35.4,355,CRUZ_02,2,VE_ROTA_VE_CORREDOR_10|VE_ROTA_VE_TRANSVERSAL_10,BOMBEIRO|POLICIA,3|3,73.9|30.8,1|2,1,1,1,
-1,treino_multiplas,PREEMPCAO,235,3460.7,3489.0,28.3,284,CRUZ_08,2,VE_ROTA_VE_CORREDOR_10|VE_ROTA_VE_TRANSVERSAL_10,BOMBEIRO|POLICIA,3|3,26.2|24.8,2|1,1,1,1,
-1,treino_multiplas,PREEMPCAO,236,322.5,355.7,33.2,333,CRUZ_02,2,VE_ROTA_VE_CORREDOR_00|VE_ROTA_VE_TRANSVERSAL_00,AMBULANCIA|BOMBEIRO,1|1,44.0|28.0,1|2,1,1,1,
-1,treino_multiplas,PREEMPCAO,236,447.1,476.2,29.1,292,CRUZ_08,2,VE_ROTA_VE_CORREDOR_00|VE_ROTA_VE_TRANSVERSAL_00,AMBULANCIA|BOMBEIRO,1|1,27.8|23.1,2|1,1,1,1,
-1,treino_multiplas,PREEMPCAO,236,627.9,663.8,35.9,360,CRUZ_02,2,VE_ROTA_VE_CORREDOR_01|VE_ROTA_VE_TRANSVERSAL_01,BOMBEIRO|POLICIA,2|2,30.3|23.9,1|2,1,1,1,
-1,treino_multiplas,PREEMPCAO,236,735.8,775.6,39.8,399,CRUZ_08,2,VE_ROTA_VE_CORREDOR_01|VE_ROTA_VE_TRANSVERSAL_01,BOMBEIRO|POLICIA,2|2,37.2|18.9,2|1,1,1,1,
-1,treino_multiplas,PREEMPCAO,236,922.0,949.6,27.6,277,CRUZ_02,2,VE_ROTA_VE_CORREDOR_02|VE_ROTA_VE_TRANSVERSAL_02,POLICIA|AMBULANCIA,3|3,23.0|22.6,1|2,1,1,1,
-1,treino_multiplas,PREEMPCAO,236,1041.2,1079.0,37.8,379,CRUZ_08,2,VE_ROTA_VE_CORREDOR_02|VE_ROTA_VE_TRANSVERSAL_02,POLICIA|AMBULANCIA,3|3,3.2|59.9,2|1,1,0,1,VE_ROTA_VE_CORREDOR_02
-1,treino_multiplas,PREEMPCAO,236,1227.6,1256.8,29.2,293,CRUZ_02,2,VE_ROTA_VE_CORREDOR_03|VE_ROTA_VE_TRANSVERSAL_03,AMBULANCIA|BOMBEIRO,2|2,31.8|20.4,1|2,1,1,1,
-1,treino_multiplas,PREEMPCAO,236,1362.1,1392.2,30.1,302,CRUZ_08,2,VE_ROTA_VE_CORREDOR_03|VE_ROTA_VE_TRANSVERSAL_03,AMBULANCIA|BOMBEIRO,2|2,28.9|23.0,2|1,1,1,1,
-1,treino_multiplas,PREEMPCAO,236,1521.9,1549.4,27.5,276,CRUZ_02,2,VE_ROTA_VE_CORREDOR_04|VE_ROTA_VE_TRANSVERSAL_04,BOMBEIRO|POLICIA,1|2,23.0|16.2,1|2,0,1,1,
-1,treino_multiplas,PREEMPCAO,236,1652.2,1689.8,37.6,377,CRUZ_08,2,VE_ROTA_VE_CORREDOR_04|VE_ROTA_VE_TRANSVERSAL_04,BOMBEIRO|POLICIA,1|2,30.2|9.5,2|1,0,0,0,VE_ROTA_VE_TRANSVERSAL_04
-1,treino_multiplas,PREEMPCAO,236,1829.7,1860.9,31.2,313,CRUZ_02,2,VE_ROTA_VE_CORREDOR_05|VE_ROTA_VE_TRANSVERSAL_05,POLICIA|AMBULANCIA,2|2,59.1|28.9,1|2,1,1,1,
-1,treino_multiplas,PREEMPCAO,236,1936.9,1970.9,34.0,341,CRUZ_08,2,VE_ROTA_VE_CORREDOR_05|VE_ROTA_VE_TRANSVERSAL_05,POLICIA|AMBULANCIA,2|2,25.7|23.0,2|1,1,1,1,
-1,treino_multiplas,PREEMPCAO,236,2126.0,2157.4,31.4,315,CRUZ_02,2,VE_ROTA_VE_CORREDOR_06|VE_ROTA_VE_TRANSVERSAL_06,AMBULANCIA|BOMBEIRO,3|3,27.2|25.1,1|2,1,1,1,
-1,treino_multiplas,PREEMPCAO,236,2250.2,2252.1,1.9,20,CRUZ_08,2,VE_ROTA_VE_CORREDOR_06|VE_ROTA_VE_TRANSVERSAL_06,AMBULANCIA|BOMBEIRO,3|3,0.7|102.2,2|1,1,0,0,VE_ROTA_VE_CORREDOR_06
-1,treino_multiplas,PREEMPCAO,236,2421.9,2457.7,35.8,359,CRUZ_02,2,VE_ROTA_VE_CORREDOR_07|VE_ROTA_VE_TRANSVERSAL_07,BOMBEIRO|POLICIA,2|2,23.0|43.2,1|2,1,1,1,
-1,treino_multiplas,PREEMPCAO,236,2726.5,2755.3,28.8,289,CRUZ_02,2,VE_ROTA_VE_CORREDOR_08|VE_ROTA_VE_TRANSVERSAL_08,POLICIA|AMBULANCIA,1|1,57.0|22.7,1|2,1,1,1,
-1,treino_multiplas,PREEMPCAO,236,2844.0,2881.4,37.4,375,CRUZ_08,2,VE_ROTA_VE_CORREDOR_08|VE_ROTA_VE_TRANSVERSAL_08,POLICIA|AMBULANCIA,1|1,30.1|23.0,2|1,1,1,1,
-1,treino_multiplas,PREEMPCAO,236,3026.0,3063.9,37.9,380,CRUZ_02,2,VE_ROTA_VE_CORREDOR_09|VE_ROTA_VE_TRANSVERSAL_09,AMBULANCIA|BOMBEIRO,2|3,35.6|14.7,1|2,0,1,1,
-1,treino_multiplas,PREEMPCAO,236,3133.4,3155.4,22.0,221,CRUZ_08,2,VE_ROTA_VE_CORREDOR_09|VE_ROTA_VE_TRANSVERSAL_09,AMBULANCIA|BOMBEIRO,2|3,36.1|21.3,2|1,0,1,1,
-1,treino_multiplas,PREEMPCAO,236,3325.0,3358.3,33.3,334,CRUZ_02,2,VE_ROTA_VE_CORREDOR_10|VE_ROTA_VE_TRANSVERSAL_10,BOMBEIRO|POLICIA,3|3,109.8|19.2,1|2,1,1,1,
-1,treino_multiplas,PREEMPCAO,236,3427.3,3450.3,23.0,231,CRUZ_08,2,VE_ROTA_VE_CORREDOR_10|VE_ROTA_VE_TRANSVERSAL_10,BOMBEIRO|POLICIA,3|3,19.2|42.7,2|1,1,0,0,VE_ROTA_VE_CORREDOR_10
-1,treino_multiplas,PREEMPCAO,237,335.9,377.9,42.0,421,CRUZ_02,2,VE_ROTA_VE_CORREDOR_00|VE_ROTA_VE_TRANSVERSAL_00,AMBULANCIA|BOMBEIRO,1|1,100.0|6.4,1|2,1,0,1,VE_ROTA_VE_TRANSVERSAL_00
-1,treino_multiplas,PREEMPCAO,237,481.8,521.3,39.5,396,CRUZ_08,2,VE_ROTA_VE_CORREDOR_00|VE_ROTA_VE_TRANSVERSAL_00,AMBULANCIA|BOMBEIRO,1|1,62.1|36.9,2|1,1,1,1,
-1,treino_multiplas,PREEMPCAO,237,622.2,655.0,32.8,329,CRUZ_02,2,VE_ROTA_VE_CORREDOR_01|VE_ROTA_VE_TRANSVERSAL_01,BOMBEIRO|POLICIA,2|2,27.0|31.7,1|2,1,1,1,
-1,treino_multiplas,PREEMPCAO,237,745.9,780.8,34.9,350,CRUZ_08,2,VE_ROTA_VE_CORREDOR_01|VE_ROTA_VE_TRANSVERSAL_01,BOMBEIRO|POLICIA,2|2,21.9|23.0,2|1,1,1,1,
-1,treino_multiplas,PREEMPCAO,237,922.0,949.1,27.1,272,CRUZ_02,2,VE_ROTA_VE_CORREDOR_02|VE_ROTA_VE_TRANSVERSAL_02,POLICIA|AMBULANCIA,3|3,23.0|21.3,1|2,1,1,1,
-1,treino_multiplas,PREEMPCAO,237,1057.9,1078.2,20.3,204,CRUZ_08,2,VE_ROTA_VE_CORREDOR_02|VE_ROTA_VE_TRANSVERSAL_02,POLICIA|AMBULANCIA,3|3,75.4|15.3,2|1,1,0,0,VE_ROTA_VE_TRANSVERSAL_02
-1,treino_multiplas,PREEMPCAO,237,1229.8,1266.0,36.2,363,CRUZ_02,2,VE_ROTA_VE_CORREDOR_03|VE_ROTA_VE_TRANSVERSAL_03,AMBULANCIA|BOMBEIRO,2|2,43.8|22.2,1|2,1,1,1,
-1,treino_multiplas,PREEMPCAO,237,1365.2,1386.1,20.9,210,CRUZ_08,2,VE_ROTA_VE_CORREDOR_03|VE_ROTA_VE_TRANSVERSAL_03,AMBULANCIA|BOMBEIRO,2|2,19.6|23.0,2|1,1,1,1,
-1,treino_multiplas,PREEMPCAO,237,1528.2,1571.8,43.6,437,CRUZ_02,2,VE_ROTA_VE_CORREDOR_04|VE_ROTA_VE_TRANSVERSAL_04,BOMBEIRO|POLICIA,1|2,32.2|20.7,1|2,0,1,1,
-1,treino_multiplas,PREEMPCAO,237,1660.4,1667.9,7.5,76,CRUZ_08,2,VE_ROTA_VE_CORREDOR_04|VE_ROTA_VE_TRANSVERSAL_04,BOMBEIRO|POLICIA,1|2,6.2|23.0,2|1,0,0,0,VE_ROTA_VE_CORREDOR_04
-1,treino_multiplas,PREEMPCAO,237,1822.5,1851.7,29.2,293,CRUZ_02,2,VE_ROTA_VE_CORREDOR_05|VE_ROTA_VE_TRANSVERSAL_05,POLICIA|AMBULANCIA,2|2,43.6|25.6,1|2,1,1,1,
-1,treino_multiplas,PREEMPCAO,237,1938.4,1951.5,13.1,132,CRUZ_08,2,VE_ROTA_VE_CORREDOR_05|VE_ROTA_VE_TRANSVERSAL_05,POLICIA|AMBULANCIA,2|2,125.0|12.5,2|1,1,0,0,VE_ROTA_VE_TRANSVERSAL_05
-1,treino_multiplas,PREEMPCAO,237,2130.9,2164.4,33.5,336,CRUZ_02,2,VE_ROTA_VE_CORREDOR_06|VE_ROTA_VE_TRANSVERSAL_06,AMBULANCIA|BOMBEIRO,3|3,31.8|21.2,1|2,1,1,1,
-1,treino_multiplas,PREEMPCAO,237,2424.8,2468.7,43.9,440,CRUZ_02,2,VE_ROTA_VE_CORREDOR_07|VE_ROTA_VE_TRANSVERSAL_07,BOMBEIRO|POLICIA,2|2,30.7|28.7,1|2,1,1,1,
-1,treino_multiplas,PREEMPCAO,237,2548.3,2571.5,23.2,233,CRUZ_08,2,VE_ROTA_VE_CORREDOR_07|VE_ROTA_VE_TRANSVERSAL_07,BOMBEIRO|POLICIA,2|2,74.5|24.2,2|1,1,1,1,
-1,treino_multiplas,PREEMPCAO,237,2729.1,2753.3,24.2,243,CRUZ_02,2,VE_ROTA_VE_CORREDOR_08|VE_ROTA_VE_TRANSVERSAL_08,POLICIA|AMBULANCIA,1|1,89.9|22.9,1|2,1,1,1,
-1,treino_multiplas,PREEMPCAO,237,2844.5,2860.6,16.1,162,CRUZ_08,2,VE_ROTA_VE_CORREDOR_08|VE_ROTA_VE_TRANSVERSAL_08,POLICIA|AMBULANCIA,1|1,39.8|13.9,2|1,1,1,1,
-1,treino_multiplas,PREEMPCAO,237,3022.0,3055.0,33.0,331,CRUZ_02,2,VE_ROTA_VE_CORREDOR_09|VE_ROTA_VE_TRANSVERSAL_09,AMBULANCIA|BOMBEIRO,2|3,23.0|33.1,1|2,0,1,1,
-1,treino_multiplas,PREEMPCAO,237,3331.6,3368.1,36.5,366,CRUZ_02,2,VE_ROTA_VE_CORREDOR_10|VE_ROTA_VE_TRANSVERSAL_10,BOMBEIRO|POLICIA,3|3,61.0|7.9,1|2,1,0,1,VE_ROTA_VE_TRANSVERSAL_10
-1,treino_multiplas,PREEMPCAO,237,3446.6,3472.3,25.7,258,CRUZ_08,2,VE_ROTA_VE_CORREDOR_10|VE_ROTA_VE_TRANSVERSAL_10,BOMBEIRO|POLICIA,3|3,43.9|23.0,2|1,1,1,1,
-1,treino_multiplas,PREEMPCAO,238,324.3,373.7,49.4,495,CRUZ_02,2,VE_ROTA_VE_CORREDOR_00|VE_ROTA_VE_TRANSVERSAL_00,AMBULANCIA|BOMBEIRO,1|1,109.1|27.1,1|2,1,1,1,
-1,treino_multiplas,PREEMPCAO,238,481.8,510.4,28.6,287,CRUZ_08,2,VE_ROTA_VE_CORREDOR_00|VE_ROTA_VE_TRANSVERSAL_00,AMBULANCIA|BOMBEIRO,1|1,58.8|32.6,2|1,1,1,1,
-1,treino_multiplas,PREEMPCAO,238,627.5,653.2,25.7,258,CRUZ_02,2,VE_ROTA_VE_CORREDOR_01|VE_ROTA_VE_TRANSVERSAL_01,BOMBEIRO|POLICIA,2|2,26.7|30.9,1|2,1,1,1,
-1,treino_multiplas,PREEMPCAO,238,754.4,779.1,24.7,248,CRUZ_08,2,VE_ROTA_VE_CORREDOR_01|VE_ROTA_VE_TRANSVERSAL_01,BOMBEIRO|POLICIA,2|2,15.7|23.0,2|1,1,1,1,
-1,treino_multiplas,PREEMPCAO,238,922.0,940.2,18.2,183,CRUZ_02,2,VE_ROTA_VE_CORREDOR_02|VE_ROTA_VE_TRANSVERSAL_02,POLICIA|AMBULANCIA,3|3,23.1|15.5,1|2,1,0,0,VE_ROTA_VE_TRANSVERSAL_02
-1,treino_multiplas,PREEMPCAO,238,1028.3,1071.8,43.5,436,CRUZ_08,2,VE_ROTA_VE_CORREDOR_02|VE_ROTA_VE_TRANSVERSAL_02,POLICIA|AMBULANCIA,3|3,56.7|25.7,2|1,1,1,1,
-1,treino_multiplas,PREEMPCAO,238,1224.5,1258.8,34.3,344,CRUZ_02,2,VE_ROTA_VE_CORREDOR_03|VE_ROTA_VE_TRANSVERSAL_03,AMBULANCIA|BOMBEIRO,2|2,63.1|31.4,1|2,1,1,1,
-1,treino_multiplas,PREEMPCAO,238,1339.0,1370.5,31.5,316,CRUZ_08,2,VE_ROTA_VE_CORREDOR_03|VE_ROTA_VE_TRANSVERSAL_03,AMBULANCIA|BOMBEIRO,2|2,30.2|38.0,2|1,1,1,1,
-1,treino_multiplas,PREEMPCAO,238,1521.9,1564.6,42.7,428,CRUZ_02,2,VE_ROTA_VE_CORREDOR_04|VE_ROTA_VE_TRANSVERSAL_04,BOMBEIRO|POLICIA,1|2,23.0|33.8,1|2,0,1,1,
-1,treino_multiplas,PREEMPCAO,238,1663.2,1670.1,6.9,70,CRUZ_08,2,VE_ROTA_VE_CORREDOR_04|VE_ROTA_VE_TRANSVERSAL_04,BOMBEIRO|POLICIA,1|2,1.4|25.1,2|1,0,0,0,VE_ROTA_VE_CORREDOR_04
-1,treino_multiplas,PREEMPCAO,238,1830.1,1856.0,25.9,260,CRUZ_02,2,VE_ROTA_VE_CORREDOR_05|VE_ROTA_VE_TRANSVERSAL_05,POLICIA|AMBULANCIA,2|2,124.9|15.7,1|2,1,1,1,
-1,treino_multiplas,PREEMPCAO,238,1945.5,1959.1,13.6,137,CRUZ_08,2,VE_ROTA_VE_CORREDOR_05|VE_ROTA_VE_TRANSVERSAL_05,POLICIA|AMBULANCIA,2|2,56.2|12.8,2|1,1,0,0,VE_ROTA_VE_TRANSVERSAL_05
-1,treino_multiplas,PREEMPCAO,238,2122.0,2155.7,33.7,338,CRUZ_02,2,VE_ROTA_VE_CORREDOR_06|VE_ROTA_VE_TRANSVERSAL_06,AMBULANCIA|BOMBEIRO,3|3,23.0|35.9,1|2,1,1,1,
-1,treino_multiplas,PREEMPCAO,238,2249.4,2267.4,18.0,181,CRUZ_08,2,VE_ROTA_VE_CORREDOR_06|VE_ROTA_VE_TRANSVERSAL_06,AMBULANCIA|BOMBEIRO,3|3,16.7|42.5,2|1,1,1,1,
-1,treino_multiplas,PREEMPCAO,238,2424.0,2458.1,34.1,342,CRUZ_02,2,VE_ROTA_VE_CORREDOR_07|VE_ROTA_VE_TRANSVERSAL_07,BOMBEIRO|POLICIA,2|2,37.5|18.9,1|2,1,1,1,
-1,treino_multiplas,PREEMPCAO,238,2545.1,2553.6,8.5,86,CRUZ_08,2,VE_ROTA_VE_CORREDOR_07|VE_ROTA_VE_TRANSVERSAL_07,BOMBEIRO|POLICIA,2|2,7.2|25.1,2|1,1,0,0,VE_ROTA_VE_CORREDOR_07
-1,treino_multiplas,PREEMPCAO,238,2722.7,2745.7,23.0,231,CRUZ_02,2,VE_ROTA_VE_CORREDOR_08|VE_ROTA_VE_TRANSVERSAL_08,POLICIA|AMBULANCIA,1|1,43.0|19.3,1|2,1,1,1,
-1,treino_multiplas,PREEMPCAO,238,2821.4,2838.9,17.5,176,CRUZ_08,2,VE_ROTA_VE_CORREDOR_08|VE_ROTA_VE_TRANSVERSAL_08,POLICIA|AMBULANCIA,1|1,66.3|16.1,2|1,1,0,0,VE_ROTA_VE_TRANSVERSAL_08
-1,treino_multiplas,PREEMPCAO,238,3022.0,3051.3,29.3,294,CRUZ_02,2,VE_ROTA_VE_CORREDOR_09|VE_ROTA_VE_TRANSVERSAL_09,AMBULANCIA|BOMBEIRO,2|3,23.0|31.1,1|2,0,1,1,
-1,treino_multiplas,PREEMPCAO,238,3139.0,3152.3,13.3,134,CRUZ_08,2,VE_ROTA_VE_CORREDOR_09|VE_ROTA_VE_TRANSVERSAL_09,AMBULANCIA|BOMBEIRO,2|3,11.8|23.0,2|1,0,1,1,
-1,treino_multiplas,PREEMPCAO,238,3321.9,3350.7,28.8,289,CRUZ_02,2,VE_ROTA_VE_CORREDOR_10|VE_ROTA_VE_TRANSVERSAL_10,BOMBEIRO|POLICIA,3|3,23.0|28.8,1|2,1,1,1,
-1,treino_multiplas,PREEMPCAO,239,331.3,367.9,36.6,367,CRUZ_02,2,VE_ROTA_VE_CORREDOR_00|VE_ROTA_VE_TRANSVERSAL_00,AMBULANCIA|BOMBEIRO,1|1,64.5|15.6,1|2,1,1,1,
-1,treino_multiplas,PREEMPCAO,239,450.1,487.8,37.7,378,CRUZ_08,2,VE_ROTA_VE_CORREDOR_00|VE_ROTA_VE_TRANSVERSAL_00,AMBULANCIA|BOMBEIRO,1|1,39.6|14.9,2|1,1,1,1,
-1,treino_multiplas,PREEMPCAO,239,621.9,656.8,34.9,350,CRUZ_02,2,VE_ROTA_VE_CORREDOR_01|VE_ROTA_VE_TRANSVERSAL_01,BOMBEIRO|POLICIA,2|2,25.0|27.7,1|2,1,1,1,
-1,treino_multiplas,PREEMPCAO,239,748.6,756.9,8.3,84,CRUZ_08,2,VE_ROTA_VE_CORREDOR_01|VE_ROTA_VE_TRANSVERSAL_01,BOMBEIRO|POLICIA,2|2,124.9|3.9,2|1,1,0,0,VE_ROTA_VE_TRANSVERSAL_01
-1,treino_multiplas,PREEMPCAO,239,923.9,939.3,15.4,155,CRUZ_02,2,VE_ROTA_VE_CORREDOR_02|VE_ROTA_VE_TRANSVERSAL_02,POLICIA|AMBULANCIA,3|3,33.7|10.1,1|2,1,0,0,VE_ROTA_VE_TRANSVERSAL_02
-1,treino_multiplas,PREEMPCAO,239,1033.7,1067.6,33.9,340,CRUZ_08,2,VE_ROTA_VE_CORREDOR_02|VE_ROTA_VE_TRANSVERSAL_02,POLICIA|AMBULANCIA,3|3,23.3|25.5,2|1,1,1,1,
-1,treino_multiplas,PREEMPCAO,239,1222.5,1248.6,26.1,262,CRUZ_02,2,VE_ROTA_VE_CORREDOR_03|VE_ROTA_VE_TRANSVERSAL_03,AMBULANCIA|BOMBEIRO,2|2,44.0|24.6,1|2,1,1,1,
-1,treino_multiplas,PREEMPCAO,239,1332.2,1355.0,22.8,229,CRUZ_08,2,VE_ROTA_VE_CORREDOR_03|VE_ROTA_VE_TRANSVERSAL_03,AMBULANCIA|BOMBEIRO,2|2,21.5|23.1,2|1,1,1,1,
-1,treino_multiplas,PREEMPCAO,239,1521.9,1560.0,38.1,382,CRUZ_02,2,VE_ROTA_VE_CORREDOR_04|VE_ROTA_VE_TRANSVERSAL_04,BOMBEIRO|POLICIA,1|2,23.0|30.8,1|2,0,1,1,
-1,treino_multiplas,PREEMPCAO,239,1646.9,1684.1,37.2,373,CRUZ_08,2,VE_ROTA_VE_CORREDOR_04|VE_ROTA_VE_TRANSVERSAL_04,BOMBEIRO|POLICIA,1|2,30.6|27.8,2|1,0,1,1,
-1,treino_multiplas,PREEMPCAO,239,1822.0,1855.3,33.3,334,CRUZ_02,2,VE_ROTA_VE_CORREDOR_05|VE_ROTA_VE_TRANSVERSAL_05,POLICIA|AMBULANCIA,2|2,23.0|28.1,1|2,1,1,1,
-1,treino_multiplas,PREEMPCAO,239,1944.4,1978.4,34.0,341,CRUZ_08,2,VE_ROTA_VE_CORREDOR_05|VE_ROTA_VE_TRANSVERSAL_05,POLICIA|AMBULANCIA,2|2,18.8|42.6,2|1,1,1,1,
-1,treino_multiplas,PREEMPCAO,239,2122.5,2147.2,24.7,248,CRUZ_02,2,VE_ROTA_VE_CORREDOR_06|VE_ROTA_VE_TRANSVERSAL_06,AMBULANCIA|BOMBEIRO,3|3,23.9|46.8,1|2,1,1,1,
-1,treino_multiplas,PREEMPCAO,239,2245.9,2249.4,3.5,36,CRUZ_08,2,VE_ROTA_VE_CORREDOR_06|VE_ROTA_VE_TRANSVERSAL_06,AMBULANCIA|BOMBEIRO,3|3,2.2|23.0,2|1,1,0,0,VE_ROTA_VE_CORREDOR_06
-1,treino_multiplas,PREEMPCAO,239,2432.5,2475.2,42.7,428,CRUZ_02,2,VE_ROTA_VE_CORREDOR_07|VE_ROTA_VE_TRANSVERSAL_07,BOMBEIRO|POLICIA,2|2,34.8|26.8,1|2,1,1,1,
-1,treino_multiplas,PREEMPCAO,239,2563.1,2595.7,32.6,327,CRUZ_08,2,VE_ROTA_VE_CORREDOR_07|VE_ROTA_VE_TRANSVERSAL_07,BOMBEIRO|POLICIA,2|2,31.4|35.5,2|1,1,1,1,
-1,treino_multiplas,PREEMPCAO,239,2722.0,2758.0,36.0,361,CRUZ_02,2,VE_ROTA_VE_CORREDOR_08|VE_ROTA_VE_TRANSVERSAL_08,POLICIA|AMBULANCIA,1|1,23.1|24.8,1|2,1,1,1,
-1,treino_multiplas,PREEMPCAO,239,2845.6,2894.1,48.5,486,CRUZ_08,2,VE_ROTA_VE_CORREDOR_08|VE_ROTA_VE_TRANSVERSAL_08,POLICIA|AMBULANCIA,1|1,22.4|45.4,2|1,1,1,1,
-1,treino_multiplas,PREEMPCAO,239,3022.0,3054.5,32.5,326,CRUZ_02,2,VE_ROTA_VE_CORREDOR_09|VE_ROTA_VE_TRANSVERSAL_09,AMBULANCIA|BOMBEIRO,2|3,23.0|14.2,1|2,0,1,1,
-1,treino_multiplas,PREEMPCAO,239,3142.6,3166.5,23.9,240,CRUZ_08,2,VE_ROTA_VE_CORREDOR_09|VE_ROTA_VE_TRANSVERSAL_09,AMBULANCIA|BOMBEIRO,2|3,22.6|23.0,2|1,0,1,1,
-1,treino_multiplas,PREEMPCAO,239,3321.9,3366.0,44.1,442,CRUZ_02,2,VE_ROTA_VE_CORREDOR_10|VE_ROTA_VE_TRANSVERSAL_10,BOMBEIRO|POLICIA,3|3,23.0|31.9,1|2,1,1,1,
-1,treino_multiplas,PREEMPCAO,239,3474.4,3486.1,11.7,118,CRUZ_08,2,VE_ROTA_VE_CORREDOR_10|VE_ROTA_VE_TRANSVERSAL_10,BOMBEIRO|POLICIA,3|3,10.5|23.1,2|1,1,0,0,VE_ROTA_VE_CORREDOR_10
-1,treino_multiplas,PREEMPCAO,240,322.7,357.2,34.5,346,CRUZ_02,2,VE_ROTA_VE_CORREDOR_00|VE_ROTA_VE_TRANSVERSAL_00,AMBULANCIA|BOMBEIRO,1|1,42.3|22.7,1|2,1,1,1,
-1,treino_multiplas,PREEMPCAO,240,448.0,482.4,34.4,345,CRUZ_08,2,VE_ROTA_VE_CORREDOR_00|VE_ROTA_VE_TRANSVERSAL_00,AMBULANCIA|BOMBEIRO,1|1,48.0|23.1,2|1,1,1,1,
-1,treino_multiplas,PREEMPCAO,240,622.1,668.4,46.3,464,CRUZ_02,2,VE_ROTA_VE_CORREDOR_01|VE_ROTA_VE_TRANSVERSAL_01,BOMBEIRO|POLICIA,2|2,23.8|30.0,1|2,1,1,1,
-1,treino_multiplas,PREEMPCAO,240,922.0,948.9,26.9,270,CRUZ_02,2,VE_ROTA_VE_CORREDOR_02|VE_ROTA_VE_TRANSVERSAL_02,POLICIA|AMBULANCIA,3|3,23.0|23.5,1|2,1,1,1,
-1,treino_multiplas,PREEMPCAO,240,1027.0,1065.0,38.0,381,CRUZ_08,2,VE_ROTA_VE_CORREDOR_02|VE_ROTA_VE_TRANSVERSAL_02,POLICIA|AMBULANCIA,3|3,33.0|63.5,2|1,1,1,1,
-1,treino_multiplas,PREEMPCAO,240,1226.3,1268.0,41.7,418,CRUZ_02,2,VE_ROTA_VE_CORREDOR_03|VE_ROTA_VE_TRANSVERSAL_03,AMBULANCIA|BOMBEIRO,2|2,64.1|26.2,1|2,1,1,1,
-1,treino_multiplas,PREEMPCAO,240,1361.8,1399.8,38.0,381,CRUZ_08,2,VE_ROTA_VE_CORREDOR_03|VE_ROTA_VE_TRANSVERSAL_03,AMBULANCIA|BOMBEIRO,2|2,51.8|25.3,2|1,1,1,1,
-1,treino_multiplas,PREEMPCAO,240,1521.9,1546.2,24.3,244,CRUZ_02,2,VE_ROTA_VE_CORREDOR_04|VE_ROTA_VE_TRANSVERSAL_04,BOMBEIRO|POLICIA,1|2,23.0|21.9,1|2,0,1,1,
-1,treino_multiplas,PREEMPCAO,240,1640.8,1658.6,17.8,179,CRUZ_08,2,VE_ROTA_VE_CORREDOR_04|VE_ROTA_VE_TRANSVERSAL_04,BOMBEIRO|POLICIA,1|2,14.1|39.8,2|1,0,0,0,VE_ROTA_VE_CORREDOR_04
-1,treino_multiplas,PREEMPCAO,240,1824.0,1860.3,36.3,364,CRUZ_02,2,VE_ROTA_VE_CORREDOR_05|VE_ROTA_VE_TRANSVERSAL_05,POLICIA|AMBULANCIA,2|2,106.5|34.3,1|2,1,1,1,
-1,treino_multiplas,PREEMPCAO,240,1932.4,1958.4,26.0,261,CRUZ_08,2,VE_ROTA_VE_CORREDOR_05|VE_ROTA_VE_TRANSVERSAL_05,POLICIA|AMBULANCIA,2|2,31.1|22.4,2|1,1,1,1,
-1,treino_multiplas,PREEMPCAO,240,2130.8,2157.0,26.2,263,CRUZ_02,2,VE_ROTA_VE_CORREDOR_06|VE_ROTA_VE_TRANSVERSAL_06,AMBULANCIA|BOMBEIRO,3|3,31.1|20.1,1|2,1,1,1,
-1,treino_multiplas,PREEMPCAO,240,2224.2,2267.1,42.9,430,CRUZ_08,2,VE_ROTA_VE_CORREDOR_06|VE_ROTA_VE_TRANSVERSAL_06,AMBULANCIA|BOMBEIRO,3|3,29.6|23.0,2|1,1,1,1,
-1,treino_multiplas,PREEMPCAO,240,2422.1,2446.5,24.4,245,CRUZ_02,2,VE_ROTA_VE_CORREDOR_07|VE_ROTA_VE_TRANSVERSAL_07,BOMBEIRO|POLICIA,2|2,23.1|26.9,1|2,1,1,1,
-1,treino_multiplas,PREEMPCAO,240,2726.3,2755.1,28.8,289,CRUZ_02,2,VE_ROTA_VE_CORREDOR_08|VE_ROTA_VE_TRANSVERSAL_08,POLICIA|AMBULANCIA,1|1,42.5|23.5,1|2,1,1,1,
-1,treino_multiplas,PREEMPCAO,240,2832.5,2868.5,36.0,361,CRUZ_08,2,VE_ROTA_VE_CORREDOR_08|VE_ROTA_VE_TRANSVERSAL_08,POLICIA|AMBULANCIA,1|1,37.1|34.7,2|1,1,1,1,
-1,treino_multiplas,PREEMPCAO,240,3022.0,3052.7,30.7,308,CRUZ_02,2,VE_ROTA_VE_CORREDOR_09|VE_ROTA_VE_TRANSVERSAL_09,AMBULANCIA|BOMBEIRO,2|3,23.0|37.3,1|2,0,1,1,
-1,treino_multiplas,PREEMPCAO,240,3158.3,3166.4,8.1,82,CRUZ_08,2,VE_ROTA_VE_CORREDOR_09|VE_ROTA_VE_TRANSVERSAL_09,AMBULANCIA|BOMBEIRO,2|3,8.5|23.1,2|1,0,0,0,VE_ROTA_VE_CORREDOR_09
-1,treino_multiplas,PREEMPCAO,240,3323.9,3346.4,22.5,226,CRUZ_02,2,VE_ROTA_VE_CORREDOR_10|VE_ROTA_VE_TRANSVERSAL_10,BOMBEIRO|POLICIA,3|3,106.7|19.6,1|2,1,1,1,
-1,treino_multiplas,PREEMPCAO,240,3449.6,3466.0,16.4,165,CRUZ_08,2,VE_ROTA_VE_CORREDOR_10|VE_ROTA_VE_TRANSVERSAL_10,BOMBEIRO|POLICIA,3|3,7.5|23.0,2|1,1,0,0,VE_ROTA_VE_CORREDOR_10
-1,treino_multiplas,PREEMPCAO,241,322.7,355.7,33.0,331,CRUZ_02,2,VE_ROTA_VE_CORREDOR_00|VE_ROTA_VE_TRANSVERSAL_00,AMBULANCIA|BOMBEIRO,1|1,42.9|26.9,1|2,1,1,1,
-1,treino_multiplas,PREEMPCAO,241,452.2,490.1,37.9,380,CRUZ_08,2,VE_ROTA_VE_CORREDOR_00|VE_ROTA_VE_TRANSVERSAL_00,AMBULANCIA|BOMBEIRO,1|1,46.2|15.3,2|1,1,1,1,
-1,treino_multiplas,PREEMPCAO,241,622.1,669.3,47.2,473,CRUZ_02,2,VE_ROTA_VE_CORREDOR_01|VE_ROTA_VE_TRANSVERSAL_01,BOMBEIRO|POLICIA,2|2,28.0|24.4,1|2,1,1,1,
-1,treino_multiplas,PREEMPCAO,241,760.9,802.0,41.1,412,CRUZ_08,2,VE_ROTA_VE_CORREDOR_01|VE_ROTA_VE_TRANSVERSAL_01,BOMBEIRO|POLICIA,2|2,73.5|20.7,2|1,1,1,1,
-1,treino_multiplas,PREEMPCAO,241,922.0,949.6,27.6,277,CRUZ_02,2,VE_ROTA_VE_CORREDOR_02|VE_ROTA_VE_TRANSVERSAL_02,POLICIA|AMBULANCIA,3|3,23.0|22.9,1|2,1,1,1,
-1,treino_multiplas,PREEMPCAO,241,1026.8,1074.6,47.8,479,CRUZ_08,2,VE_ROTA_VE_CORREDOR_02|VE_ROTA_VE_TRANSVERSAL_02,POLICIA|AMBULANCIA,3|3,35.9|32.3,2|1,1,1,1,
-1,treino_multiplas,PREEMPCAO,241,1222.2,1246.6,24.4,245,CRUZ_02,2,VE_ROTA_VE_CORREDOR_03|VE_ROTA_VE_TRANSVERSAL_03,AMBULANCIA|BOMBEIRO,2|2,23.1|20.5,1|2,1,1,1,
-1,treino_multiplas,PREEMPCAO,241,1527.1,1559.8,32.7,328,CRUZ_02,2,VE_ROTA_VE_CORREDOR_04|VE_ROTA_VE_TRANSVERSAL_04,BOMBEIRO|POLICIA,1|2,29.9|16.8,1|2,0,0,0,VE_ROTA_VE_TRANSVERSAL_04
-1,treino_multiplas,PREEMPCAO,241,1671.0,1687.6,16.6,167,CRUZ_08,2,VE_ROTA_VE_CORREDOR_04|VE_ROTA_VE_TRANSVERSAL_04,BOMBEIRO|POLICIA,1|2,15.3|23.0,2|1,0,1,1,
-1,treino_multiplas,PREEMPCAO,241,1822.5,1839.6,17.1,172,CRUZ_02,2,VE_ROTA_VE_CORREDOR_05|VE_ROTA_VE_TRANSVERSAL_05,POLICIA|AMBULANCIA,2|2,43.6|15.4,1|2,1,1,1,
-1,treino_multiplas,PREEMPCAO,241,1915.1,1943.2,28.1,282,CRUZ_08,2,VE_ROTA_VE_CORREDOR_05|VE_ROTA_VE_TRANSVERSAL_05,POLICIA|AMBULANCIA,2|2,39.5|23.7,2|1,1,1,1,
-1,treino_multiplas,PREEMPCAO,241,2122.1,2157.3,35.2,353,CRUZ_02,2,VE_ROTA_VE_CORREDOR_06|VE_ROTA_VE_TRANSVERSAL_06,AMBULANCIA|BOMBEIRO,3|3,26.1|41.7,1|2,1,1,1,
-1,treino_multiplas,PREEMPCAO,241,2266.6,2285.7,19.1,192,CRUZ_08,2,VE_ROTA_VE_CORREDOR_06|VE_ROTA_VE_TRANSVERSAL_06,AMBULANCIA|BOMBEIRO,3|3,13.9|26.6,2|1,1,1,1,
-1,treino_multiplas,PREEMPCAO,241,2421.9,2450.4,28.5,286,CRUZ_02,2,VE_ROTA_VE_CORREDOR_07|VE_ROTA_VE_TRANSVERSAL_07,BOMBEIRO|POLICIA,2|2,23.0|15.2,1|2,1,1,1,
-1,treino_multiplas,PREEMPCAO,241,2537.5,2560.7,23.2,233,CRUZ_08,2,VE_ROTA_VE_CORREDOR_07|VE_ROTA_VE_TRANSVERSAL_07,BOMBEIRO|POLICIA,2|2,21.9|23.0,2|1,1,1,1,
-1,treino_multiplas,PREEMPCAO,241,2723.5,2754.2,30.7,308,CRUZ_02,2,VE_ROTA_VE_CORREDOR_08|VE_ROTA_VE_TRANSVERSAL_08,POLICIA|AMBULANCIA,1|1,45.4|23.1,1|2,1,1,1,
-1,treino_multiplas,PREEMPCAO,241,2847.1,2859.9,12.8,129,CRUZ_08,2,VE_ROTA_VE_CORREDOR_08|VE_ROTA_VE_TRANSVERSAL_08,POLICIA|AMBULANCIA,1|1,72.5|12.2,2|1,1,0,0,VE_ROTA_VE_TRANSVERSAL_08
-1,treino_multiplas,PREEMPCAO,241,3022.5,3055.0,32.5,326,CRUZ_02,2,VE_ROTA_VE_CORREDOR_09|VE_ROTA_VE_TRANSVERSAL_09,AMBULANCIA|BOMBEIRO,2|3,27.4|37.8,1|2,0,1,1,
-1,treino_multiplas,PREEMPCAO,241,3147.6,3171.6,24.0,241,CRUZ_08,2,VE_ROTA_VE_CORREDOR_09|VE_ROTA_VE_TRANSVERSAL_09,AMBULANCIA|BOMBEIRO,2|3,22.7|23.1,2|1,0,1,1,
-1,treino_multiplas,PREEMPCAO,241,3322.4,3357.8,35.4,355,CRUZ_02,2,VE_ROTA_VE_CORREDOR_10|VE_ROTA_VE_TRANSVERSAL_10,BOMBEIRO|POLICIA,3|3,43.9|23.6,1|2,1,1,1,
-1,treino_multiplas,PREEMPCAO,241,3445.2,3460.1,14.9,150,CRUZ_08,2,VE_ROTA_VE_CORREDOR_10|VE_ROTA_VE_TRANSVERSAL_10,BOMBEIRO|POLICIA,3|3,13.6|23.1,2|1,1,1,1,
-1,treino_multiplas,PREEMPCAO,242,322.5,354.6,32.1,322,CRUZ_02,2,VE_ROTA_VE_CORREDOR_00|VE_ROTA_VE_TRANSVERSAL_00,AMBULANCIA|BOMBEIRO,1|1,44.0|27.2,1|2,1,1,1,
-1,treino_multiplas,PREEMPCAO,242,450.1,475.2,25.1,252,CRUZ_08,2,VE_ROTA_VE_CORREDOR_00|VE_ROTA_VE_TRANSVERSAL_00,AMBULANCIA|BOMBEIRO,1|1,23.9|23.1,2|1,1,1,1,
-1,treino_multiplas,PREEMPCAO,242,622.4,667.9,45.5,456,CRUZ_02,2,VE_ROTA_VE_CORREDOR_01|VE_ROTA_VE_TRANSVERSAL_01,BOMBEIRO|POLICIA,2|2,30.5|29.4,1|2,1,1,1,
-1,treino_multiplas,PREEMPCAO,242,760.4,798.3,37.9,380,CRUZ_08,2,VE_ROTA_VE_CORREDOR_01|VE_ROTA_VE_TRANSVERSAL_01,BOMBEIRO|POLICIA,2|2,56.8|34.4,2|1,1,1,1,
-1,treino_multiplas,PREEMPCAO,242,922.0,948.5,26.5,266,CRUZ_02,2,VE_ROTA_VE_CORREDOR_02|VE_ROTA_VE_TRANSVERSAL_02,POLICIA|AMBULANCIA,3|3,23.0|25.1,1|2,1,1,1,
-1,treino_multiplas,PREEMPCAO,242,1026.2,1065.6,39.4,395,CRUZ_08,2,VE_ROTA_VE_CORREDOR_02|VE_ROTA_VE_TRANSVERSAL_02,POLICIA|AMBULANCIA,3|3,32.9|26.7,2|1,1,1,1,
-1,treino_multiplas,PREEMPCAO,242,1223.5,1257.8,34.3,344,CRUZ_02,2,VE_ROTA_VE_CORREDOR_03|VE_ROTA_VE_TRANSVERSAL_03,AMBULANCIA|BOMBEIRO,2|2,47.9|20.2,1|2,1,1,1,
-1,treino_multiplas,PREEMPCAO,242,1344.9,1360.9,16.0,161,CRUZ_08,2,VE_ROTA_VE_CORREDOR_03|VE_ROTA_VE_TRANSVERSAL_03,AMBULANCIA|BOMBEIRO,2|2,14.7|42.8,2|1,1,0,0,VE_ROTA_VE_CORREDOR_03
-1,treino_multiplas,PREEMPCAO,242,1522.7,1563.7,41.0,411,CRUZ_02,2,VE_ROTA_VE_CORREDOR_04|VE_ROTA_VE_TRANSVERSAL_04,BOMBEIRO|POLICIA,1|2,29.6|29.0,1|2,0,1,1,
-1,treino_multiplas,PREEMPCAO,242,1672.6,1672.8,0.2,3,CRUZ_08,2,VE_ROTA_VE_CORREDOR_04|VE_ROTA_VE_TRANSVERSAL_04,BOMBEIRO|POLICIA,1|2,0.0|23.0,2|1,0,0,0,VE_ROTA_VE_CORREDOR_04
-1,treino_multiplas,PREEMPCAO,242,1835.2,1855.0,19.8,199,CRUZ_02,2,VE_ROTA_VE_CORREDOR_05|VE_ROTA_VE_TRANSVERSAL_05,POLICIA|AMBULANCIA,2|2,58.2|16.2,1|2,1,1,1,
-1,treino_multiplas,PREEMPCAO,242,1963.4,1975.0,11.6,117,CRUZ_08,2,VE_ROTA_VE_CORREDOR_05|VE_ROTA_VE_TRANSVERSAL_05,POLICIA|AMBULANCIA,2|2,10.3|23.1,2|1,1,0,0,VE_ROTA_VE_CORREDOR_05
-1,treino_multiplas,PREEMPCAO,242,2122.9,2158.2,35.3,354,CRUZ_02,2,VE_ROTA_VE_CORREDOR_06|VE_ROTA_VE_TRANSVERSAL_06,AMBULANCIA|BOMBEIRO,3|3,31.2|20.3,1|2,1,1,1,
-1,treino_multiplas,PREEMPCAO,242,2236.3,2257.6,21.3,214,CRUZ_08,2,VE_ROTA_VE_CORREDOR_06|VE_ROTA_VE_TRANSVERSAL_06,AMBULANCIA|BOMBEIRO,3|3,20.0|23.0,2|1,1,1,1,
-1,treino_multiplas,PREEMPCAO,242,2421.9,2446.2,24.3,244,CRUZ_02,2,VE_ROTA_VE_CORREDOR_07|VE_ROTA_VE_TRANSVERSAL_07,BOMBEIRO|POLICIA,2|2,23.0|14.9,1|2,1,1,1,
-1,treino_multiplas,PREEMPCAO,242,2540.9,2568.3,27.4,275,CRUZ_08,2,VE_ROTA_VE_CORREDOR_07|VE_ROTA_VE_TRANSVERSAL_07,BOMBEIRO|POLICIA,2|2,20.2|23.0,2|1,1,1,1,
-1,treino_multiplas,PREEMPCAO,242,2729.1,2751.1,22.0,221,CRUZ_02,2,VE_ROTA_VE_CORREDOR_08|VE_ROTA_VE_TRANSVERSAL_08,POLICIA|AMBULANCIA,1|1,38.3|18.9,1|2,1,1,1,
-1,treino_multiplas,PREEMPCAO,242,2830.0,2859.5,29.5,296,CRUZ_08,2,VE_ROTA_VE_CORREDOR_08|VE_ROTA_VE_TRANSVERSAL_08,POLICIA|AMBULANCIA,1|1,24.9|23.0,2|1,1,1,1,
-1,treino_multiplas,PREEMPCAO,242,3029.9,3061.5,31.6,317,CRUZ_02,2,VE_ROTA_VE_CORREDOR_09|VE_ROTA_VE_TRANSVERSAL_09,AMBULANCIA|BOMBEIRO,2|3,29.9|19.6,1|2,0,1,1,
-1,treino_multiplas,PREEMPCAO,242,3332.7,3367.8,35.1,352,CRUZ_02,2,VE_ROTA_VE_CORREDOR_10|VE_ROTA_VE_TRANSVERSAL_10,BOMBEIRO|POLICIA,3|3,70.1|25.6,1|2,1,1,1,
-1,treino_multiplas,PREEMPCAO,242,3436.4,3468.0,31.6,317,CRUZ_08,2,VE_ROTA_VE_CORREDOR_10|VE_ROTA_VE_TRANSVERSAL_10,BOMBEIRO|POLICIA,3|3,30.1|23.5,2|1,1,1,1,
-1,treino_multiplas,PREEMPCAO,243,330.8,344.4,13.6,137,CRUZ_02,2,VE_ROTA_VE_CORREDOR_00|VE_ROTA_VE_TRANSVERSAL_00,AMBULANCIA|BOMBEIRO,1|1,80.7|11.2,1|2,1,1,1,
-1,treino_multiplas,PREEMPCAO,243,473.3,521.8,48.5,486,CRUZ_08,2,VE_ROTA_VE_CORREDOR_00|VE_ROTA_VE_TRANSVERSAL_00,AMBULANCIA|BOMBEIRO,1|1,102.0|7.1,2|1,1,0,1,VE_ROTA_VE_TRANSVERSAL_00
-1,treino_multiplas,PREEMPCAO,243,622.1,660.1,38.0,381,CRUZ_02,2,VE_ROTA_VE_CORREDOR_01|VE_ROTA_VE_TRANSVERSAL_01,BOMBEIRO|POLICIA,2|2,28.0|15.3,1|2,1,1,1,
-1,treino_multiplas,PREEMPCAO,243,758.0,772.1,14.1,142,CRUZ_08,2,VE_ROTA_VE_CORREDOR_01|VE_ROTA_VE_TRANSVERSAL_01,BOMBEIRO|POLICIA,2|2,11.8|30.7,2|1,1,0,0,VE_ROTA_VE_CORREDOR_01
-1,treino_multiplas,PREEMPCAO,243,922.2,944.4,22.2,223,CRUZ_02,2,VE_ROTA_VE_CORREDOR_02|VE_ROTA_VE_TRANSVERSAL_02,POLICIA|AMBULANCIA,3|3,23.1|18.8,1|2,1,1,1,
-1,treino_multiplas,PREEMPCAO,243,1063.5,1069.4,5.9,60,CRUZ_08,2,VE_ROTA_VE_CORREDOR_02|VE_ROTA_VE_TRANSVERSAL_02,POLICIA|AMBULANCIA,3|3,61.4|5.4,2|1,1,0,0,VE_ROTA_VE_TRANSVERSAL_02
-1,treino_multiplas,PREEMPCAO,243,1224.9,1258.3,33.4,335,CRUZ_02,2,VE_ROTA_VE_CORREDOR_03|VE_ROTA_VE_TRANSVERSAL_03,AMBULANCIA|BOMBEIRO,2|2,62.3|17.3,1|2,1,1,1,
-1,treino_multiplas,PREEMPCAO,243,1344.6,1379.2,34.6,347,CRUZ_08,2,VE_ROTA_VE_CORREDOR_03|VE_ROTA_VE_TRANSVERSAL_03,AMBULANCIA|BOMBEIRO,2|2,52.7|51.1,2|1,1,1,1,
-1,treino_multiplas,PREEMPCAO,243,1522.1,1553.2,31.1,312,CRUZ_02,2,VE_ROTA_VE_CORREDOR_04|VE_ROTA_VE_TRANSVERSAL_04,BOMBEIRO|POLICIA,1|2,23.0|13.3,1|2,0,0,0,VE_ROTA_VE_TRANSVERSAL_04
-1,treino_multiplas,PREEMPCAO,243,1646.1,1661.1,15.0,151,CRUZ_08,2,VE_ROTA_VE_CORREDOR_04|VE_ROTA_VE_TRANSVERSAL_04,BOMBEIRO|POLICIA,1|2,13.7|37.8,2|1,0,1,1,
-1,treino_multiplas,PREEMPCAO,243,1822.8,1845.8,23.0,231,CRUZ_02,2,VE_ROTA_VE_CORREDOR_05|VE_ROTA_VE_TRANSVERSAL_05,POLICIA|AMBULANCIA,2|2,43.8|21.7,1|2,1,1,1,
-1,treino_multiplas,PREEMPCAO,243,1922.6,1947.2,24.6,247,CRUZ_08,2,VE_ROTA_VE_CORREDOR_05|VE_ROTA_VE_TRANSVERSAL_05,POLICIA|AMBULANCIA,2|2,24.2|23.1,2|1,1,1,1,
-1,treino_multiplas,PREEMPCAO,243,2129.5,2163.6,34.1,342,CRUZ_02,2,VE_ROTA_VE_CORREDOR_06|VE_ROTA_VE_TRANSVERSAL_06,AMBULANCIA|BOMBEIRO,3|3,34.1|32.1,1|2,1,1,1,
-1,treino_multiplas,PREEMPCAO,243,2253.9,2266.2,12.3,124,CRUZ_08,2,VE_ROTA_VE_CORREDOR_06|VE_ROTA_VE_TRANSVERSAL_06,AMBULANCIA|BOMBEIRO,3|3,9.7|23.1,2|1,1,0,0,VE_ROTA_VE_CORREDOR_06
-1,treino_multiplas,PREEMPCAO,243,2439.9,2463.0,23.1,232,CRUZ_02,2,VE_ROTA_VE_CORREDOR_07|VE_ROTA_VE_TRANSVERSAL_07,BOMBEIRO|POLICIA,2|2,102.7|19.2,1|2,1,1,1,
-1,treino_multiplas,PREEMPCAO,243,2539.9,2575.0,35.1,352,CRUZ_08,2,VE_ROTA_VE_CORREDOR_07|VE_ROTA_VE_TRANSVERSAL_07,BOMBEIRO|POLICIA,2|2,125.0|20.8,2|1,1,1,1,
-1,treino_multiplas,PREEMPCAO,243,2723.6,2742.8,19.2,193,CRUZ_02,2,VE_ROTA_VE_CORREDOR_08|VE_ROTA_VE_TRANSVERSAL_08,POLICIA|AMBULANCIA,1|1,29.9|17.8,1|2,1,1,1,
-1,treino_multiplas,PREEMPCAO,243,2810.3,2836.3,26.0,261,CRUZ_08,2,VE_ROTA_VE_CORREDOR_08|VE_ROTA_VE_TRANSVERSAL_08,POLICIA|AMBULANCIA,1|1,50.8|23.1,2|1,1,1,1,
-1,treino_multiplas,PREEMPCAO,243,3027.4,3052.7,25.3,254,CRUZ_02,2,VE_ROTA_VE_CORREDOR_09|VE_ROTA_VE_TRANSVERSAL_09,AMBULANCIA|BOMBEIRO,2|3,31.1|23.4,1|2,0,1,1,
-1,treino_multiplas,PREEMPCAO,243,3138.8,3139.8,1.0,11,CRUZ_08,2,VE_ROTA_VE_CORREDOR_09|VE_ROTA_VE_TRANSVERSAL_09,AMBULANCIA|BOMBEIRO,2|3,0.0|23.1,2|1,0,0,0,VE_ROTA_VE_CORREDOR_09
-1,treino_multiplas,PREEMPCAO,243,3325.1,3361.1,36.0,361,CRUZ_02,2,VE_ROTA_VE_CORREDOR_10|VE_ROTA_VE_TRANSVERSAL_10,BOMBEIRO|POLICIA,3|3,107.1|11.7,1|2,1,0,0,VE_ROTA_VE_TRANSVERSAL_10
-1,treino_multiplas,PREEMPCAO,243,3463.0,3492.9,29.9,300,CRUZ_08,2,VE_ROTA_VE_CORREDOR_10|VE_ROTA_VE_TRANSVERSAL_10,BOMBEIRO|POLICIA,3|3,28.6|23.0,2|1,1,1,1,
-1,treino_multiplas,PREEMPCAO,244,331.0,371.0,40.0,401,CRUZ_02,2,VE_ROTA_VE_CORREDOR_00|VE_ROTA_VE_TRANSVERSAL_00,AMBULANCIA|BOMBEIRO,1|1,77.1|31.1,1|2,1,1,1,
-1,treino_multiplas,PREEMPCAO,244,483.6,515.2,31.6,317,CRUZ_08,2,VE_ROTA_VE_CORREDOR_00|VE_ROTA_VE_TRANSVERSAL_00,AMBULANCIA|BOMBEIRO,1|1,29.0|38.9,2|1,1,1,1,
-1,treino_multiplas,PREEMPCAO,244,623.1,660.2,37.1,372,CRUZ_02,2,VE_ROTA_VE_CORREDOR_01|VE_ROTA_VE_TRANSVERSAL_01,BOMBEIRO|POLICIA,2|2,34.1|37.4,1|2,1,1,1,
-1,treino_multiplas,PREEMPCAO,244,764.4,791.5,27.1,272,CRUZ_08,2,VE_ROTA_VE_CORREDOR_01|VE_ROTA_VE_TRANSVERSAL_01,BOMBEIRO|POLICIA,2|2,25.8|23.0,2|1,1,1,1,
-1,treino_multiplas,PREEMPCAO,244,922.0,955.1,33.1,332,CRUZ_02,2,VE_ROTA_VE_CORREDOR_02|VE_ROTA_VE_TRANSVERSAL_02,POLICIA|AMBULANCIA,3|3,23.0|29.9,1|2,1,1,1,
-1,treino_multiplas,PREEMPCAO,244,1029.2,1072.9,43.7,438,CRUZ_08,2,VE_ROTA_VE_CORREDOR_02|VE_ROTA_VE_TRANSVERSAL_02,POLICIA|AMBULANCIA,3|3,23.8|27.8,2|1,1,1,1,
-1,treino_multiplas,PREEMPCAO,244,1225.8,1257.7,31.9,320,CRUZ_02,2,VE_ROTA_VE_CORREDOR_03|VE_ROTA_VE_TRANSVERSAL_03,AMBULANCIA|BOMBEIRO,2|2,33.3|21.3,1|2,1,1,1,
-1,treino_multiplas,PREEMPCAO,244,1353.9,1379.1,25.2,253,CRUZ_08,2,VE_ROTA_VE_CORREDOR_03|VE_ROTA_VE_TRANSVERSAL_03,AMBULANCIA|BOMBEIRO,2|2,24.0|43.9,2|1,1,1,1,
-1,treino_multiplas,PREEMPCAO,244,1521.9,1552.7,30.8,309,CRUZ_02,2,VE_ROTA_VE_CORREDOR_04|VE_ROTA_VE_TRANSVERSAL_04,BOMBEIRO|POLICIA,1|2,23.0|24.3,1|2,0,1,1,
-1,treino_multiplas,PREEMPCAO,244,1636.0,1678.7,42.7,428,CRUZ_08,2,VE_ROTA_VE_CORREDOR_04|VE_ROTA_VE_TRANSVERSAL_04,BOMBEIRO|POLICIA,1|2,36.7|15.3,2|1,0,1,1,
-1,treino_multiplas,PREEMPCAO,244,1824.0,1854.8,30.8,309,CRUZ_02,2,VE_ROTA_VE_CORREDOR_05|VE_ROTA_VE_TRANSVERSAL_05,POLICIA|AMBULANCIA,2|2,106.4|24.3,1|2,1,1,1,
-1,treino_multiplas,PREEMPCAO,244,1953.6,1968.4,14.8,149,CRUZ_08,2,VE_ROTA_VE_CORREDOR_05|VE_ROTA_VE_TRANSVERSAL_05,POLICIA|AMBULANCIA,2|2,52.8|6.3,2|1,1,0,0,VE_ROTA_VE_TRANSVERSAL_05
-1,treino_multiplas,PREEMPCAO,244,2123.1,2159.1,36.0,361,CRUZ_02,2,VE_ROTA_VE_CORREDOR_06|VE_ROTA_VE_TRANSVERSAL_06,AMBULANCIA|BOMBEIRO,3|3,31.6|15.8,1|2,1,1,1,
-1,treino_multiplas,PREEMPCAO,244,2239.5,2277.4,37.9,380,CRUZ_08,2,VE_ROTA_VE_CORREDOR_06|VE_ROTA_VE_TRANSVERSAL_06,AMBULANCIA|BOMBEIRO,3|3,48.2|17.2,2|1,1,1,1,
-1,treino_multiplas,PREEMPCAO,244,2421.9,2451.1,29.2,293,CRUZ_02,2,VE_ROTA_VE_CORREDOR_07|VE_ROTA_VE_TRANSVERSAL_07,BOMBEIRO|POLICIA,2|2,23.0|12.8,1|2,1,0,0,VE_ROTA_VE_TRANSVERSAL_07
-1,treino_multiplas,PREEMPCAO,244,2538.9,2562.5,23.6,237,CRUZ_08,2,VE_ROTA_VE_CORREDOR_07|VE_ROTA_VE_TRANSVERSAL_07,BOMBEIRO|POLICIA,2|2,22.4|42.4,2|1,1,1,1,
-1,treino_multiplas,PREEMPCAO,244,2727.0,2761.0,34.0,341,CRUZ_02,2,VE_ROTA_VE_CORREDOR_08|VE_ROTA_VE_TRANSVERSAL_08,POLICIA|AMBULANCIA,1|1,32.9|21.8,1|2,1,1,1,
-1,treino_multiplas,PREEMPCAO,244,2852.3,2887.7,35.4,355,CRUZ_08,2,VE_ROTA_VE_CORREDOR_08|VE_ROTA_VE_TRANSVERSAL_08,POLICIA|AMBULANCIA,1|1,23.0|65.2,2|1,1,1,1,
-1,treino_multiplas,PREEMPCAO,244,3022.0,3050.0,28.0,281,CRUZ_02,2,VE_ROTA_VE_CORREDOR_09|VE_ROTA_VE_TRANSVERSAL_09,AMBULANCIA|BOMBEIRO,2|3,23.0|32.1,1|2,0,1,1,
-1,treino_multiplas,PREEMPCAO,244,3328.3,3355.5,27.2,273,CRUZ_02,2,VE_ROTA_VE_CORREDOR_10|VE_ROTA_VE_TRANSVERSAL_10,BOMBEIRO|POLICIA,3|3,58.4|23.2,1|2,1,1,1,
-1,treino_multiplas,PREEMPCAO,244,3434.7,3450.4,15.7,158,CRUZ_08,2,VE_ROTA_VE_CORREDOR_10|VE_ROTA_VE_TRANSVERSAL_10,BOMBEIRO|POLICIA,3|3,14.4|23.0,2|1,1,0,0,VE_ROTA_VE_CORREDOR_10
-1,treino_multiplas,PREEMPCAO,245,332.5,373.2,40.7,408,CRUZ_02,2,VE_ROTA_VE_CORREDOR_00|VE_ROTA_VE_TRANSVERSAL_00,AMBULANCIA|BOMBEIRO,1|1,96.0|31.6,1|2,1,1,1,
-1,treino_multiplas,PREEMPCAO,245,472.2,491.4,19.2,193,CRUZ_08,2,VE_ROTA_VE_CORREDOR_00|VE_ROTA_VE_TRANSVERSAL_00,AMBULANCIA|BOMBEIRO,1|1,18.0|110.5,2|1,1,1,1,
-1,treino_multiplas,PREEMPCAO,245,622.9,658.3,35.4,355,CRUZ_02,2,VE_ROTA_VE_CORREDOR_01|VE_ROTA_VE_TRANSVERSAL_01,BOMBEIRO|POLICIA,2|2,30.5|21.4,1|2,1,1,1,
-1,treino_multiplas,PREEMPCAO,245,742.3,762.7,20.4,205,CRUZ_08,2,VE_ROTA_VE_CORREDOR_01|VE_ROTA_VE_TRANSVERSAL_01,BOMBEIRO|POLICIA,2|2,19.1|55.2,2|1,1,1,1,
-1,treino_multiplas,PREEMPCAO,245,922.0,969.5,47.5,476,CRUZ_02,2,VE_ROTA_VE_CORREDOR_02|VE_ROTA_VE_TRANSVERSAL_02,POLICIA|AMBULANCIA,3|3,23.0|45.5,1|2,1,1,1,
-1,treino_multiplas,PREEMPCAO,245,1064.0,1103.6,39.6,397,CRUZ_08,2,VE_ROTA_VE_CORREDOR_02|VE_ROTA_VE_TRANSVERSAL_02,POLICIA|AMBULANCIA,3|3,12.0|26.3,2|1,1,1,1,
-1,treino_multiplas,PREEMPCAO,245,1226.3,1264.2,37.9,380,CRUZ_02,2,VE_ROTA_VE_CORREDOR_03|VE_ROTA_VE_TRANSVERSAL_03,AMBULANCIA|BOMBEIRO,2|2,64.6|42.1,1|2,1,1,1,
-1,treino_multiplas,PREEMPCAO,245,1366.6,1379.1,12.5,126,CRUZ_08,2,VE_ROTA_VE_CORREDOR_03|VE_ROTA_VE_TRANSVERSAL_03,AMBULANCIA|BOMBEIRO,2|2,11.2|23.0,2|1,1,0,0,VE_ROTA_VE_CORREDOR_03
-1,treino_multiplas,PREEMPCAO,245,1521.9,1549.4,27.5,276,CRUZ_02,2,VE_ROTA_VE_CORREDOR_04|VE_ROTA_VE_TRANSVERSAL_04,BOMBEIRO|POLICIA,1|2,23.0|39.4,1|2,0,1,1,
-1,treino_multiplas,PREEMPCAO,245,1650.8,1662.6,11.8,119,CRUZ_08,2,VE_ROTA_VE_CORREDOR_04|VE_ROTA_VE_TRANSVERSAL_04,BOMBEIRO|POLICIA,1|2,10.5|43.5,2|1,0,1,1,
-1,treino_multiplas,PREEMPCAO,245,1829.2,1840.7,11.5,116,CRUZ_02,2,VE_ROTA_VE_CORREDOR_05|VE_ROTA_VE_TRANSVERSAL_05,POLICIA|AMBULANCIA,2|2,125.0|9.9,1|2,1,0,0,VE_ROTA_VE_TRANSVERSAL_05
-1,treino_multiplas,PREEMPCAO,245,2122.0,2153.8,31.8,319,CRUZ_02,2,VE_ROTA_VE_CORREDOR_06|VE_ROTA_VE_TRANSVERSAL_06,AMBULANCIA|BOMBEIRO,3|3,23.0|33.4,1|2,1,1,1,
-1,treino_multiplas,PREEMPCAO,245,2246.1,2257.6,11.5,116,CRUZ_08,2,VE_ROTA_VE_CORREDOR_06|VE_ROTA_VE_TRANSVERSAL_06,AMBULANCIA|BOMBEIRO,3|3,15.0|78.4,2|1,1,0,0,VE_ROTA_VE_CORREDOR_06
-1,treino_multiplas,PREEMPCAO,245,2436.4,2473.1,36.7,368,CRUZ_02,2,VE_ROTA_VE_CORREDOR_07|VE_ROTA_VE_TRANSVERSAL_07,BOMBEIRO|POLICIA,2|2,125.0|16.5,1|2,1,0,0,VE_ROTA_VE_TRANSVERSAL_07
-1,treino_multiplas,PREEMPCAO,245,2729.8,2757.7,27.9,280,CRUZ_02,2,VE_ROTA_VE_CORREDOR_08|VE_ROTA_VE_TRANSVERSAL_08,POLICIA|AMBULANCIA,1|1,41.8|21.3,1|2,1,1,1,
-1,treino_multiplas,PREEMPCAO,245,2837.9,2877.6,39.7,398,CRUZ_08,2,VE_ROTA_VE_CORREDOR_08|VE_ROTA_VE_TRANSVERSAL_08,POLICIA|AMBULANCIA,1|1,32.0|123.5,2|1,1,1,1,
-1,treino_multiplas,PREEMPCAO,245,3029.5,3061.2,31.7,318,CRUZ_02,2,VE_ROTA_VE_CORREDOR_09|VE_ROTA_VE_TRANSVERSAL_09,AMBULANCIA|BOMBEIRO,2|3,31.3|5.8,1|2,0,0,0,VE_ROTA_VE_TRANSVERSAL_09
-1,treino_multiplas,PREEMPCAO,245,3128.4,3161.0,32.6,327,CRUZ_08,2,VE_ROTA_VE_CORREDOR_09|VE_ROTA_VE_TRANSVERSAL_09,AMBULANCIA|BOMBEIRO,2|3,31.4|25.0,2|1,0,1,1,
-1,treino_multiplas,PREEMPCAO,245,3322.4,3363.6,41.2,413,CRUZ_02,2,VE_ROTA_VE_CORREDOR_10|VE_ROTA_VE_TRANSVERSAL_10,BOMBEIRO|POLICIA,3|3,43.9|20.4,1|2,1,1,1,
-1,treino_multiplas,PREEMPCAO,245,3458.4,3472.8,14.4,145,CRUZ_08,2,VE_ROTA_VE_CORREDOR_10|VE_ROTA_VE_TRANSVERSAL_10,BOMBEIRO|POLICIA,3|3,10.6|37.8,2|1,1,1,1,
-1,treino_multiplas,PREEMPCAO,246,332.7,373.8,41.1,412,CRUZ_02,2,VE_ROTA_VE_CORREDOR_00|VE_ROTA_VE_TRANSVERSAL_00,AMBULANCIA|BOMBEIRO,1|1,60.9|26.6,1|2,1,1,1,
-1,treino_multiplas,PREEMPCAO,246,479.7,520.4,40.7,408,CRUZ_08,2,VE_ROTA_VE_CORREDOR_00|VE_ROTA_VE_TRANSVERSAL_00,AMBULANCIA|BOMBEIRO,1|1,80.4|31.1,2|1,1,1,1,
-1,treino_multiplas,PREEMPCAO,246,621.9,649.7,27.8,279,CRUZ_02,2,VE_ROTA_VE_CORREDOR_01|VE_ROTA_VE_TRANSVERSAL_01,BOMBEIRO|POLICIA,2|2,23.0|17.7,1|2,1,1,1,
-1,treino_multiplas,PREEMPCAO,246,922.0,945.2,23.2,233,CRUZ_02,2,VE_ROTA_VE_CORREDOR_02|VE_ROTA_VE_TRANSVERSAL_02,POLICIA|AMBULANCIA,3|3,23.6|21.5,1|2,1,1,1,
-1,treino_multiplas,PREEMPCAO,246,1228.1,1264.0,35.9,360,CRUZ_02,2,VE_ROTA_VE_CORREDOR_03|VE_ROTA_VE_TRANSVERSAL_03,AMBULANCIA|BOMBEIRO,2|2,36.0|24.5,1|2,1,1,1,
-1,treino_multiplas,PREEMPCAO,246,1354.4,1384.3,29.9,300,CRUZ_08,2,VE_ROTA_VE_CORREDOR_03|VE_ROTA_VE_TRANSVERSAL_03,AMBULANCIA|BOMBEIRO,2|2,28.6|42.8,2|1,1,1,1,
-1,treino_multiplas,PREEMPCAO,246,1521.9,1546.9,25.0,251,CRUZ_02,2,VE_ROTA_VE_CORREDOR_04|VE_ROTA_VE_TRANSVERSAL_04,BOMBEIRO|POLICIA,1|2,23.0|24.7,1|2,0,1,1,
-1,treino_multiplas,PREEMPCAO,246,1639.2,1674.4,35.2,353,CRUZ_08,2,VE_ROTA_VE_CORREDOR_04|VE_ROTA_VE_TRANSVERSAL_04,BOMBEIRO|POLICIA,1|2,56.6|23.0,2|1,0,1,1,
-1,treino_multiplas,PREEMPCAO,246,1824.5,1849.7,25.2,253,CRUZ_02,2,VE_ROTA_VE_CORREDOR_05|VE_ROTA_VE_TRANSVERSAL_05,POLICIA|AMBULANCIA,2|2,43.8|22.0,1|2,1,1,1,
-1,treino_multiplas,PREEMPCAO,246,1939.9,1957.2,17.3,174,CRUZ_08,2,VE_ROTA_VE_CORREDOR_05|VE_ROTA_VE_TRANSVERSAL_05,POLICIA|AMBULANCIA,2|2,125.0|13.9,2|1,1,0,0,VE_ROTA_VE_TRANSVERSAL_05
-1,treino_multiplas,PREEMPCAO,246,2125.0,2163.9,38.9,390,CRUZ_02,2,VE_ROTA_VE_CORREDOR_06|VE_ROTA_VE_TRANSVERSAL_06,AMBULANCIA|BOMBEIRO,3|3,40.5|47.5,1|2,1,1,1,
-1,treino_multiplas,PREEMPCAO,246,2255.0,2274.7,19.7,198,CRUZ_08,2,VE_ROTA_VE_CORREDOR_06|VE_ROTA_VE_TRANSVERSAL_06,AMBULANCIA|BOMBEIRO,3|3,18.5|40.5,2|1,1,1,1,
-1,treino_multiplas,PREEMPCAO,246,2429.1,2461.9,32.8,329,CRUZ_02,2,VE_ROTA_VE_CORREDOR_07|VE_ROTA_VE_TRANSVERSAL_07,BOMBEIRO|POLICIA,2|2,43.1|10.1,1|2,1,0,0,VE_ROTA_VE_TRANSVERSAL_07
-1,treino_multiplas,PREEMPCAO,246,2557.1,2587.5,30.4,305,CRUZ_08,2,VE_ROTA_VE_CORREDOR_07|VE_ROTA_VE_TRANSVERSAL_07,BOMBEIRO|POLICIA,2|2,28.3|23.1,2|1,1,1,1,
-1,treino_multiplas,PREEMPCAO,246,2724.5,2752.8,28.3,284,CRUZ_02,2,VE_ROTA_VE_CORREDOR_08|VE_ROTA_VE_TRANSVERSAL_08,POLICIA|AMBULANCIA,1|1,29.6|26.5,1|2,1,1,1,
-1,treino_multiplas,PREEMPCAO,246,2843.0,2862.4,19.4,195,CRUZ_08,2,VE_ROTA_VE_CORREDOR_08|VE_ROTA_VE_TRANSVERSAL_08,POLICIA|AMBULANCIA,1|1,46.0|14.6,2|1,1,1,1,
-1,treino_multiplas,PREEMPCAO,246,3022.2,3054.6,32.4,325,CRUZ_02,2,VE_ROTA_VE_CORREDOR_09|VE_ROTA_VE_TRANSVERSAL_09,AMBULANCIA|BOMBEIRO,2|3,23.1|25.8,1|2,0,1,1,
-1,treino_multiplas,PREEMPCAO,246,3151.8,3168.1,16.3,164,CRUZ_08,2,VE_ROTA_VE_CORREDOR_09|VE_ROTA_VE_TRANSVERSAL_09,AMBULANCIA|BOMBEIRO,2|3,15.0|43.5,2|1,0,1,1,
-1,treino_multiplas,PREEMPCAO,246,3322.1,3354.9,32.8,329,CRUZ_02,2,VE_ROTA_VE_CORREDOR_10|VE_ROTA_VE_TRANSVERSAL_10,BOMBEIRO|POLICIA,3|3,23.1|23.5,1|2,1,1,1,
-1,treino_multiplas,PREEMPCAO,247,332.4,367.4,35.0,351,CRUZ_02,2,VE_ROTA_VE_CORREDOR_00|VE_ROTA_VE_TRANSVERSAL_00,AMBULANCIA|BOMBEIRO,1|1,45.7|25.5,1|2,1,1,1,
-1,treino_multiplas,PREEMPCAO,247,474.6,484.7,10.1,102,CRUZ_08,2,VE_ROTA_VE_CORREDOR_00|VE_ROTA_VE_TRANSVERSAL_00,AMBULANCIA|BOMBEIRO,1|1,8.8|70.3,2|1,1,0,0,VE_ROTA_VE_CORREDOR_00
-1,treino_multiplas,PREEMPCAO,247,621.9,650.5,28.6,287,CRUZ_02,2,VE_ROTA_VE_CORREDOR_01|VE_ROTA_VE_TRANSVERSAL_01,BOMBEIRO|POLICIA,2|2,23.0|31.0,1|2,1,1,1,
-1,treino_multiplas,PREEMPCAO,247,738.3,774.5,36.2,363,CRUZ_08,2,VE_ROTA_VE_CORREDOR_01|VE_ROTA_VE_TRANSVERSAL_01,BOMBEIRO|POLICIA,2|2,48.3|26.0,2|1,1,1,1,
-1,treino_multiplas,PREEMPCAO,247,922.3,944.0,21.7,218,CRUZ_02,2,VE_ROTA_VE_CORREDOR_02|VE_ROTA_VE_TRANSVERSAL_02,POLICIA|AMBULANCIA,3|3,23.0|18.5,1|2,1,1,1,
-1,treino_multiplas,PREEMPCAO,247,1027.6,1059.3,31.7,318,CRUZ_08,2,VE_ROTA_VE_CORREDOR_02|VE_ROTA_VE_TRANSVERSAL_02,POLICIA|AMBULANCIA,3|3,34.4|23.1,2|1,1,1,1,
-1,treino_multiplas,PREEMPCAO,247,1222.0,1246.9,24.9,250,CRUZ_02,2,VE_ROTA_VE_CORREDOR_03|VE_ROTA_VE_TRANSVERSAL_03,AMBULANCIA|BOMBEIRO,2|2,23.0|28.1,1|2,1,1,1,
-1,treino_multiplas,PREEMPCAO,247,1521.9,1556.4,34.5,346,CRUZ_02,2,VE_ROTA_VE_CORREDOR_04|VE_ROTA_VE_TRANSVERSAL_04,BOMBEIRO|POLICIA,1|2,23.0|26.0,1|2,0,1,1,
-1,treino_multiplas,PREEMPCAO,247,1659.8,1677.1,17.3,174,CRUZ_08,2,VE_ROTA_VE_CORREDOR_04|VE_ROTA_VE_TRANSVERSAL_04,BOMBEIRO|POLICIA,1|2,15.3|23.0,2|1,0,1,1,
-1,treino_multiplas,PREEMPCAO,247,1830.9,1866.8,35.9,360,CRUZ_02,2,VE_ROTA_VE_CORREDOR_05|VE_ROTA_VE_TRANSVERSAL_05,POLICIA|AMBULANCIA,2|2,114.1|33.7,1|2,1,1,1,
-1,treino_multiplas,PREEMPCAO,247,1950.2,1981.5,31.3,314,CRUZ_08,2,VE_ROTA_VE_CORREDOR_05|VE_ROTA_VE_TRANSVERSAL_05,POLICIA|AMBULANCIA,2|2,122.9|42.4,2|1,1,1,1,
-1,treino_multiplas,PREEMPCAO,247,2128.3,2142.7,14.4,145,CRUZ_02,2,VE_ROTA_VE_CORREDOR_06|VE_ROTA_VE_TRANSVERSAL_06,AMBULANCIA|BOMBEIRO,3|3,29.9|10.2,1|2,1,1,1,
-1,treino_multiplas,PREEMPCAO,247,2238.1,2276.2,38.1,382,CRUZ_08,2,VE_ROTA_VE_CORREDOR_06|VE_ROTA_VE_TRANSVERSAL_06,AMBULANCIA|BOMBEIRO,3|3,62.2|7.5,2|1,1,0,1,VE_ROTA_VE_TRANSVERSAL_06
-1,treino_multiplas,PREEMPCAO,247,2421.9,2446.2,24.3,244,CRUZ_02,2,VE_ROTA_VE_CORREDOR_07|VE_ROTA_VE_TRANSVERSAL_07,BOMBEIRO|POLICIA,2|2,23.0|51.4,1|2,1,1,1,
-1,treino_multiplas,PREEMPCAO,247,2724.8,2757.1,32.3,324,CRUZ_02,2,VE_ROTA_VE_CORREDOR_08|VE_ROTA_VE_TRANSVERSAL_08,POLICIA|AMBULANCIA,1|1,55.4|30.7,1|2,1,1,1,
-1,treino_multiplas,PREEMPCAO,247,2832.2,2862.8,30.6,307,CRUZ_08,2,VE_ROTA_VE_CORREDOR_08|VE_ROTA_VE_TRANSVERSAL_08,POLICIA|AMBULANCIA,1|1,30.0|24.1,2|1,1,1,1,
-1,treino_multiplas,PREEMPCAO,247,3022.0,3049.5,27.5,276,CRUZ_02,2,VE_ROTA_VE_CORREDOR_09|VE_ROTA_VE_TRANSVERSAL_09,AMBULANCIA|BOMBEIRO,2|3,23.0|28.1,1|2,0,1,1,
-1,treino_multiplas,PREEMPCAO,247,3332.5,3369.3,36.8,369,CRUZ_02,2,VE_ROTA_VE_CORREDOR_10|VE_ROTA_VE_TRANSVERSAL_10,BOMBEIRO|POLICIA,3|3,100.4|25.0,1|2,1,1,1,
-1,treino_multiplas,PREEMPCAO,247,3462.4,3499.8,37.4,375,CRUZ_08,2,VE_ROTA_VE_CORREDOR_10|VE_ROTA_VE_TRANSVERSAL_10,BOMBEIRO|POLICIA,3|3,22.0|23.0,2|1,1,1,1,
-1,treino_multiplas,PREEMPCAO,248,322.5,359.2,36.7,368,CRUZ_02,2,VE_ROTA_VE_CORREDOR_00|VE_ROTA_VE_TRANSVERSAL_00,AMBULANCIA|BOMBEIRO,1|1,44.0|16.3,1|2,1,1,1,
-1,treino_multiplas,PREEMPCAO,248,456.2,494.0,37.8,379,CRUZ_08,2,VE_ROTA_VE_CORREDOR_00|VE_ROTA_VE_TRANSVERSAL_00,AMBULANCIA|BOMBEIRO,1|1,44.2|2.8,2|1,1,0,0,VE_ROTA_VE_TRANSVERSAL_00
-1,treino_multiplas,PREEMPCAO,248,625.1,666.8,41.7,418,CRUZ_02,2,VE_ROTA_VE_CORREDOR_01|VE_ROTA_VE_TRANSVERSAL_01,BOMBEIRO|POLICIA,2|2,31.3|28.2,1|2,1,1,1,
-1,treino_multiplas,PREEMPCAO,248,764.8,780.4,15.6,157,CRUZ_08,2,VE_ROTA_VE_CORREDOR_01|VE_ROTA_VE_TRANSVERSAL_01,BOMBEIRO|POLICIA,2|2,14.3|23.1,2|1,1,1,1,
-1,treino_multiplas,PREEMPCAO,248,922.2,955.3,33.1,332,CRUZ_02,2,VE_ROTA_VE_CORREDOR_02|VE_ROTA_VE_TRANSVERSAL_02,POLICIA|AMBULANCIA,3|3,23.1|25.8,1|2,1,1,1,
-1,treino_multiplas,PREEMPCAO,248,1029.7,1069.9,40.2,403,CRUZ_08,2,VE_ROTA_VE_CORREDOR_02|VE_ROTA_VE_TRANSVERSAL_02,POLICIA|AMBULANCIA,3|3,31.5|24.2,2|1,1,1,1,
-1,treino_multiplas,PREEMPCAO,248,1222.0,1246.4,24.4,245,CRUZ_02,2,VE_ROTA_VE_CORREDOR_03|VE_ROTA_VE_TRANSVERSAL_03,AMBULANCIA|BOMBEIRO,2|2,23.0|20.7,1|2,1,1,1,
-1,treino_multiplas,PREEMPCAO,248,1339.4,1347.6,8.2,83,CRUZ_08,2,VE_ROTA_VE_CORREDOR_03|VE_ROTA_VE_TRANSVERSAL_03,AMBULANCIA|BOMBEIRO,2|2,6.9|42.7,2|1,1,0,0,VE_ROTA_VE_CORREDOR_03
-1,treino_multiplas,PREEMPCAO,248,1528.8,1578.6,49.8,499,CRUZ_02,2,VE_ROTA_VE_CORREDOR_04|VE_ROTA_VE_TRANSVERSAL_04,BOMBEIRO|POLICIA,1|2,34.8|27.6,1|2,0,1,1,
-1,treino_multiplas,PREEMPCAO,248,1685.3,1697.4,12.1,122,CRUZ_08,2,VE_ROTA_VE_CORREDOR_04|VE_ROTA_VE_TRANSVERSAL_04,BOMBEIRO|POLICIA,1|2,10.8|23.8,2|1,0,1,1,
-1,treino_multiplas,PREEMPCAO,248,1824.0,1848.3,24.3,244,CRUZ_02,2,VE_ROTA_VE_CORREDOR_05|VE_ROTA_VE_TRANSVERSAL_05,POLICIA|AMBULANCIA,2|2,106.2|22.9,1|2,1,1,1,
-1,treino_multiplas,PREEMPCAO,248,2122.3,2151.2,28.9,290,CRUZ_02,2,VE_ROTA_VE_CORREDOR_06|VE_ROTA_VE_TRANSVERSAL_06,AMBULANCIA|BOMBEIRO,3|3,23.0|28.5,1|2,1,1,1,
-1,treino_multiplas,PREEMPCAO,248,2421.9,2453.5,31.6,317,CRUZ_02,2,VE_ROTA_VE_CORREDOR_07|VE_ROTA_VE_TRANSVERSAL_07,BOMBEIRO|POLICIA,2|2,23.0|27.8,1|2,1,1,1,
-1,treino_multiplas,PREEMPCAO,248,2561.6,2566.7,5.1,52,CRUZ_08,2,VE_ROTA_VE_CORREDOR_07|VE_ROTA_VE_TRANSVERSAL_07,BOMBEIRO|POLICIA,2|2,5.1|23.0,2|1,1,0,0,VE_ROTA_VE_CORREDOR_07
-1,treino_multiplas,PREEMPCAO,248,2723.3,2764.4,41.1,412,CRUZ_02,2,VE_ROTA_VE_CORREDOR_08|VE_ROTA_VE_TRANSVERSAL_08,POLICIA|AMBULANCIA,1|1,48.1|33.9,1|2,1,1,1,
-1,treino_multiplas,PREEMPCAO,248,2842.1,2868.4,26.3,264,CRUZ_08,2,VE_ROTA_VE_CORREDOR_08|VE_ROTA_VE_TRANSVERSAL_08,POLICIA|AMBULANCIA,1|1,28.2|31.1,2|1,1,1,1,
-1,treino_multiplas,PREEMPCAO,248,3022.0,3052.6,30.6,307,CRUZ_02,2,VE_ROTA_VE_CORREDOR_09|VE_ROTA_VE_TRANSVERSAL_09,AMBULANCIA|BOMBEIRO,2|3,23.0|14.9,1|2,0,1,1,
-1,treino_multiplas,PREEMPCAO,248,3135.3,3155.4,20.1,202,CRUZ_08,2,VE_ROTA_VE_CORREDOR_09|VE_ROTA_VE_TRANSVERSAL_09,AMBULANCIA|BOMBEIRO,2|3,18.8|23.1,2|1,0,1,1,
-1,treino_multiplas,PREEMPCAO,248,3339.2,3377.5,38.3,384,CRUZ_02,2,VE_ROTA_VE_CORREDOR_10|VE_ROTA_VE_TRANSVERSAL_10,BOMBEIRO|POLICIA,3|3,56.9|6.8,1|2,1,0,1,VE_ROTA_VE_TRANSVERSAL_10
-1,treino_multiplas,PREEMPCAO,248,3459.7,3495.2,35.5,356,CRUZ_08,2,VE_ROTA_VE_CORREDOR_10|VE_ROTA_VE_TRANSVERSAL_10,BOMBEIRO|POLICIA,3|3,56.7|34.8,2|1,1,1,1,
-1,treino_multiplas,PREEMPCAO,249,333.0,373.0,40.0,401,CRUZ_02,2,VE_ROTA_VE_CORREDOR_00|VE_ROTA_VE_TRANSVERSAL_00,AMBULANCIA|BOMBEIRO,1|1,66.6|26.2,1|2,1,1,1,
-1,treino_multiplas,PREEMPCAO,249,486.6,524.3,37.7,378,CRUZ_08,2,VE_ROTA_VE_CORREDOR_00|VE_ROTA_VE_TRANSVERSAL_00,AMBULANCIA|BOMBEIRO,1|1,40.1|25.1,2|1,1,0,0,VE_ROTA_VE_TRANSVERSAL_00
-1,treino_multiplas,PREEMPCAO,249,625.8,637.5,11.7,118,CRUZ_02,2,VE_ROTA_VE_CORREDOR_01|VE_ROTA_VE_TRANSVERSAL_01,BOMBEIRO|POLICIA,2|2,29.9|9.3,1|2,1,0,0,VE_ROTA_VE_TRANSVERSAL_01
-1,treino_multiplas,PREEMPCAO,249,924.0,957.5,33.5,336,CRUZ_02,2,VE_ROTA_VE_CORREDOR_02|VE_ROTA_VE_TRANSVERSAL_02,POLICIA|AMBULANCIA,3|3,31.2|60.8,1|2,1,1,1,
-1,treino_multiplas,PREEMPCAO,249,1058.1,1085.4,27.3,274,CRUZ_08,2,VE_ROTA_VE_CORREDOR_02|VE_ROTA_VE_TRANSVERSAL_02,POLICIA|AMBULANCIA,3|3,2.5|37.7,2|1,1,0,0,VE_ROTA_VE_CORREDOR_02
-1,treino_multiplas,PREEMPCAO,249,1222.5,1257.3,34.8,349,CRUZ_02,2,VE_ROTA_VE_CORREDOR_03|VE_ROTA_VE_TRANSVERSAL_03,AMBULANCIA|BOMBEIRO,2|2,44.0|30.7,1|2,1,1,1,
-1,treino_multiplas,PREEMPCAO,249,1341.2,1356.9,15.7,158,CRUZ_08,2,VE_ROTA_VE_CORREDOR_03|VE_ROTA_VE_TRANSVERSAL_03,AMBULANCIA|BOMBEIRO,2|2,14.4|23.0,2|1,1,1,1,
-1,treino_multiplas,PREEMPCAO,249,1523.7,1550.2,26.5,266,CRUZ_02,2,VE_ROTA_VE_CORREDOR_04|VE_ROTA_VE_TRANSVERSAL_04,BOMBEIRO|POLICIA,1|2,23.0|27.7,1|2,0,1,1,
-1,treino_multiplas,PREEMPCAO,249,1671.8,1672.5,0.7,8,CRUZ_08,2,VE_ROTA_VE_CORREDOR_04|VE_ROTA_VE_TRANSVERSAL_04,BOMBEIRO|POLICIA,1|2,0.0|23.0,2|1,0,0,0,VE_ROTA_VE_CORREDOR_04
-1,treino_multiplas,PREEMPCAO,249,1822.0,1844.3,22.3,224,CRUZ_02,2,VE_ROTA_VE_CORREDOR_05|VE_ROTA_VE_TRANSVERSAL_05,POLICIA|AMBULANCIA,2|2,23.0|19.1,1|2,1,1,1,
-1,treino_multiplas,PREEMPCAO,249,1930.9,1956.9,26.0,261,CRUZ_08,2,VE_ROTA_VE_CORREDOR_05|VE_ROTA_VE_TRANSVERSAL_05,POLICIA|AMBULANCIA,2|2,11.0|23.0,2|1,1,1,1,
-1,treino_multiplas,PREEMPCAO,249,2124.6,2159.1,34.5,346,CRUZ_02,2,VE_ROTA_VE_CORREDOR_06|VE_ROTA_VE_TRANSVERSAL_06,AMBULANCIA|BOMBEIRO,3|3,61.1|21.7,1|2,1,1,1,
-1,treino_multiplas,PREEMPCAO,249,2261.3,2275.6,14.3,144,CRUZ_08,2,VE_ROTA_VE_CORREDOR_06|VE_ROTA_VE_TRANSVERSAL_06,AMBULANCIA|BOMBEIRO,3|3,13.0|30.7,2|1,1,1,1,
-1,treino_multiplas,PREEMPCAO,249,2424.9,2465.0,40.1,402,CRUZ_02,2,VE_ROTA_VE_CORREDOR_07|VE_ROTA_VE_TRANSVERSAL_07,BOMBEIRO|POLICIA,2|2,30.0|30.3,1|2,1,1,1,
-1,treino_multiplas,PREEMPCAO,249,2569.0,2604.2,35.2,353,CRUZ_08,2,VE_ROTA_VE_CORREDOR_07|VE_ROTA_VE_TRANSVERSAL_07,BOMBEIRO|POLICIA,2|2,23.0|46.3,2|1,1,1,1,
-1,treino_multiplas,PREEMPCAO,249,2731.4,2754.6,23.2,233,CRUZ_02,2,VE_ROTA_VE_CORREDOR_08|VE_ROTA_VE_TRANSVERSAL_08,POLICIA|AMBULANCIA,1|1,71.6|21.9,1|2,1,1,1,
-1,treino_multiplas,PREEMPCAO,249,2840.5,2851.4,10.9,110,CRUZ_08,2,VE_ROTA_VE_CORREDOR_08|VE_ROTA_VE_TRANSVERSAL_08,POLICIA|AMBULANCIA,1|1,55.2|10.2,2|1,1,1,1,
-1,treino_multiplas,PREEMPCAO,249,3024.4,3062.2,37.8,379,CRUZ_02,2,VE_ROTA_VE_CORREDOR_09|VE_ROTA_VE_TRANSVERSAL_09,AMBULANCIA|BOMBEIRO,2|3,37.6|27.2,1|2,0,1,1,
-1,treino_multiplas,PREEMPCAO,249,3167.2,3169.0,1.8,19,CRUZ_08,2,VE_ROTA_VE_CORREDOR_09|VE_ROTA_VE_TRANSVERSAL_09,AMBULANCIA|BOMBEIRO,2|3,0.7|23.1,2|1,0,0,0,VE_ROTA_VE_CORREDOR_09
-1,treino_multiplas,PREEMPCAO,249,3321.9,3366.5,44.6,447,CRUZ_02,2,VE_ROTA_VE_CORREDOR_10|VE_ROTA_VE_TRANSVERSAL_10,BOMBEIRO|POLICIA,3|3,24.8|25.3,1|2,1,1,1,
-1,treino_multiplas,PREEMPCAO,249,3446.9,3480.1,33.2,333,CRUZ_08,2,VE_ROTA_VE_CORREDOR_10|VE_ROTA_VE_TRANSVERSAL_10,BOMBEIRO|POLICIA,3|3,28.0|23.1,2|1,1,1,1,
-1,treino_multiplas,PREEMPCAO,250,331.6,368.5,36.9,370,CRUZ_02,2,VE_ROTA_VE_CORREDOR_00|VE_ROTA_VE_TRANSVERSAL_00,AMBULANCIA|BOMBEIRO,1|1,59.2|17.0,1|2,1,1,1,
-1,treino_multiplas,PREEMPCAO,250,456.6,494.3,37.7,378,CRUZ_08,2,VE_ROTA_VE_CORREDOR_00|VE_ROTA_VE_TRANSVERSAL_00,AMBULANCIA|BOMBEIRO,1|1,36.2|10.5,2|1,1,0,0,VE_ROTA_VE_TRANSVERSAL_00
-1,treino_multiplas,PREEMPCAO,250,622.2,659.4,37.2,373,CRUZ_02,2,VE_ROTA_VE_CORREDOR_01|VE_ROTA_VE_TRANSVERSAL_01,BOMBEIRO|POLICIA,2|2,28.4|33.5,1|2,1,1,1,
-1,treino_multiplas,PREEMPCAO,250,763.2,772.0,8.8,89,CRUZ_08,2,VE_ROTA_VE_CORREDOR_01|VE_ROTA_VE_TRANSVERSAL_01,BOMBEIRO|POLICIA,2|2,7.5|23.0,2|1,1,0,0,VE_ROTA_VE_CORREDOR_01
-1,treino_multiplas,PREEMPCAO,250,922.2,959.0,36.8,369,CRUZ_02,2,VE_ROTA_VE_CORREDOR_02|VE_ROTA_VE_TRANSVERSAL_02,POLICIA|AMBULANCIA,3|3,23.1|31.5,1|2,1,1,1,
-1,treino_multiplas,PREEMPCAO,250,1039.9,1064.2,24.3,244,CRUZ_08,2,VE_ROTA_VE_CORREDOR_02|VE_ROTA_VE_TRANSVERSAL_02,POLICIA|AMBULANCIA,3|3,10.5|23.0,2|1,1,1,1,
-1,treino_multiplas,PREEMPCAO,250,1224.6,1263.3,38.7,388,CRUZ_02,2,VE_ROTA_VE_CORREDOR_03|VE_ROTA_VE_TRANSVERSAL_03,AMBULANCIA|BOMBEIRO,2|2,71.3|12.5,1|2,1,1,1,
-1,treino_multiplas,PREEMPCAO,250,1359.0,1391.3,32.3,324,CRUZ_08,2,VE_ROTA_VE_CORREDOR_03|VE_ROTA_VE_TRANSVERSAL_03,AMBULANCIA|BOMBEIRO,2|2,50.1|16.3,2|1,1,1,1,
-1,treino_multiplas,PREEMPCAO,250,1521.9,1546.4,24.5,246,CRUZ_02,2,VE_ROTA_VE_CORREDOR_04|VE_ROTA_VE_TRANSVERSAL_04,BOMBEIRO|POLICIA,1|2,23.0|22.6,1|2,0,1,1,
-1,treino_multiplas,PREEMPCAO,250,1651.9,1672.6,20.7,208,CRUZ_08,2,VE_ROTA_VE_CORREDOR_04|VE_ROTA_VE_TRANSVERSAL_04,BOMBEIRO|POLICIA,1|2,19.5|23.1,2|1,0,1,1,
-1,treino_multiplas,PREEMPCAO,250,1822.5,1855.3,32.8,329,CRUZ_02,2,VE_ROTA_VE_CORREDOR_05|VE_ROTA_VE_TRANSVERSAL_05,POLICIA|AMBULANCIA,2|2,43.6|30.8,1|2,1,1,1,
-1,treino_multiplas,PREEMPCAO,250,1934.3,1962.9,28.6,287,CRUZ_08,2,VE_ROTA_VE_CORREDOR_05|VE_ROTA_VE_TRANSVERSAL_05,POLICIA|AMBULANCIA,2|2,29.1|23.0,2|1,1,1,1,
-1,treino_multiplas,PREEMPCAO,250,2122.1,2156.1,34.0,341,CRUZ_02,2,VE_ROTA_VE_CORREDOR_06|VE_ROTA_VE_TRANSVERSAL_06,AMBULANCIA|BOMBEIRO,3|3,25.9|36.0,1|2,1,1,1,
-1,treino_multiplas,PREEMPCAO,250,2267.2,2277.5,10.3,104,CRUZ_08,2,VE_ROTA_VE_CORREDOR_06|VE_ROTA_VE_TRANSVERSAL_06,AMBULANCIA|BOMBEIRO,3|3,9.1|27.4,2|1,1,0,0,VE_ROTA_VE_CORREDOR_06
-1,treino_multiplas,PREEMPCAO,250,2421.9,2448.6,26.7,268,CRUZ_02,2,VE_ROTA_VE_CORREDOR_07|VE_ROTA_VE_TRANSVERSAL_07,BOMBEIRO|POLICIA,2|2,23.0|44.0,1|2,1,1,1,
-1,treino_multiplas,PREEMPCAO,250,2722.3,2750.5,28.2,283,CRUZ_02,2,VE_ROTA_VE_CORREDOR_08|VE_ROTA_VE_TRANSVERSAL_08,POLICIA|AMBULANCIA,1|1,23.0|26.8,1|2,1,1,1,
-1,treino_multiplas,PREEMPCAO,250,2820.6,2845.3,24.7,248,CRUZ_08,2,VE_ROTA_VE_CORREDOR_08|VE_ROTA_VE_TRANSVERSAL_08,POLICIA|AMBULANCIA,1|1,30.5|19.3,2|1,1,1,1,
-1,treino_multiplas,PREEMPCAO,250,3033.0,3066.7,33.7,338,CRUZ_02,2,VE_ROTA_VE_CORREDOR_09|VE_ROTA_VE_TRANSVERSAL_09,AMBULANCIA|BOMBEIRO,2|3,35.0|28.0,1|2,0,1,1,
-1,treino_multiplas,PREEMPCAO,250,3169.1,3182.1,13.0,131,CRUZ_08,2,VE_ROTA_VE_CORREDOR_09|VE_ROTA_VE_TRANSVERSAL_09,AMBULANCIA|BOMBEIRO,2|3,9.8|23.1,2|1,0,0,0,VE_ROTA_VE_CORREDOR_09
-1,treino_multiplas,PREEMPCAO,250,3321.9,3346.4,24.5,246,CRUZ_02,2,VE_ROTA_VE_CORREDOR_10|VE_ROTA_VE_TRANSVERSAL_10,BOMBEIRO|POLICIA,3|3,23.0|30.0,1|2,1,1,1,
-1,treino_multiplas,PREEMPCAO,250,3436.6,3461.5,24.9,250,CRUZ_08,2,VE_ROTA_VE_CORREDOR_10|VE_ROTA_VE_TRANSVERSAL_10,BOMBEIRO|POLICIA,3|3,23.6|23.1,2|1,1,1,1,
