cenario,seed,versao_codigo,t_s,id_semaforo,ve_a,ve_b,tipo_a,tipo_b,criticidade,partida_a_s,partida_b_s,eta_a_s,eta_b_s,velocidade_a_ms,velocidade_b_ms,fila_acesso_a,fila_acesso_b,fila_faixa_a,fila_faixa_b,cruzamentos_restantes_a,cruzamentos_restantes_b,escolha_e8,travessia_a_se_a_s,travessia_b_se_a_s,travessia_a_se_b_s,travessia_b_se_b_s,minimax_se_a_s,minimax_se_b_s,replay_fiel,rotulo,motivo_descarte
treino_multiplas,201,48fff16,333.4,CRUZ_02,VE_ROTA_VE_CORREDOR_00,VE_ROTA_VE_TRANSVERSAL_00,AMBULANCIA,BOMBEIRO,1,300.0,302.1,42.4027,18.3612,11.7706,8.5045,11,0,5.5,0.0,8,4,A,307.8,250.6,356.5,246.6,307.8,356.5,1,A,
treino_multiplas,201,48fff16,477.8,CRUZ_08,VE_ROTA_VE_CORREDOR_00,VE_ROTA_VE_TRANSVERSAL_00,AMBULANCIA,BOMBEIRO,1,300.0,302.1,13.0786,40.7873,14.4231,12.2428,0,11,0.0,5.5,4,2,A,307.8,250.6,382.3,243.6,307.8,382.3,1,A,
treino_multiplas,201,48fff16,628.9,CRUZ_02,VE_ROTA_VE_CORREDOR_01,VE_ROTA_VE_TRANSVERSAL_01,BOMBEIRO,POLICIA,2,600.0,619.9,32.7115,24.68,15.2675,14.4283,0,0,0.0,0.0,8,4,A,288.6,201.6,327.0,210.4,288.6,327.0,1,A,
treino_multiplas,201,48fff16,745.7,CRUZ_08,VE_ROTA_VE_CORREDOR_01,VE_ROTA_VE_TRANSVERSAL_01,BOMBEIRO,POLICIA,2,600.0,619.9,24.8021,23.0821,14.4414,21.6586,3,0,3.0,0.0,4,2,A,288.6,201.6,308.5,189.0,288.6,308.5,1,A,
treino_multiplas,201,48fff16,1025.6,CRUZ_08,VE_ROTA_VE_CORREDOR_02,VE_ROTA_VE_TRANSVERSAL_02,POLICIA,AMBULANCIA,3,900.0,901.6,36.6121,13.5727,13.6286,21.6415,4,0,4.0,0.0,5,1,B,309.8,216.7,276.5,176.7,309.8,276.5,1,B,
treino_multiplas,201,48fff16,1822.0,CRUZ_02,VE_ROTA_VE_CORREDOR_05,VE_ROTA_VE_TRANSVERSAL_05,POLICIA,AMBULANCIA,2,1800.0,1819.7,23.0517,31.3307,21.6495,14.4351,0,2,0.0,2.0,8,4,B,273.6,181.6,309.8,161.8,273.6,309.8,1,A,
treino_multiplas,201,48fff16,2123.4,CRUZ_02,VE_ROTA_VE_CORREDOR_06,VE_ROTA_VE_TRANSVERSAL_06,AMBULANCIA,BOMBEIRO,3,2100.0,2106.2,23.054,16.3163,21.651,14.4202,7,0,3.5,0.0,8,4,A,281.3,194.2,299.9,171.2,281.3,299.9,1,A,
treino_multiplas,201,48fff16,2234.1,CRUZ_08,VE_ROTA_VE_CORREDOR_06,VE_ROTA_VE_TRANSVERSAL_06,AMBULANCIA,BOMBEIRO,3,2100.0,2106.2,42.7387,23.0893,10.999,21.6529,0,0,0.0,0.0,4,2,A,281.3,194.2,302.6,175.1,281.3,302.6,1,A,
treino_multiplas,201,48fff16,2421.9,CRUZ_02,VE_ROTA_VE_CORREDOR_07,VE_ROTA_VE_TRANSVERSAL_07,BOMBEIRO,POLICIA,2,2400.0,2409.1,23.0354,20.8665,21.6496,14.4381,0,0,0.0,0.0,8,4,A,310.7,210.0,318.3,211.0,310.7,318.3,1,A,
treino_multiplas,201,48fff16,2549.5,CRUZ_08,VE_ROTA_VE_CORREDOR_07,VE_ROTA_VE_TRANSVERSAL_07,BOMBEIRO,POLICIA,2,2400.0,2409.1,18.8573,29.1973,14.4422,17.0695,0,11,0.0,5.5,4,2,A,310.7,210.0,336.1,201.1,310.7,336.1,1,A,
treino_multiplas,201,48fff16,2722.5,CRUZ_02,VE_ROTA_VE_CORREDOR_08,VE_ROTA_VE_TRANSVERSAL_08,POLICIA,AMBULANCIA,1,2700.0,2701.5,43.593,14.8639,11.4501,12.4726,0,1,0.0,1.0,8,4,B,297.9,187.1,294.6,179.1,297.9,294.6,1,B,
treino_multiplas,201,48fff16,3321.9,CRUZ_02,VE_ROTA_VE_CORREDOR_10,VE_ROTA_VE_TRANSVERSAL_10,BOMBEIRO,POLICIA,3,3300.0,3308.3,23.0174,20.0614,21.6654,14.4419,0,1,0.0,1.0,8,4,A,271.9,193.0,258.9,177.3,271.9,258.9,1,B,
treino_multiplas,202,48fff16,333.3,CRUZ_02,VE_ROTA_VE_CORREDOR_00,VE_ROTA_VE_TRANSVERSAL_00,AMBULANCIA,BOMBEIRO,1,300.0,305.5,58.9042,12.1246,8.4818,11.9384,7,0,3.5,0.0,8,4,A,333.8,222.5,334.0,229.5,333.8,334.0,1,A,
treino_multiplas,202,48fff16,623.9,CRUZ_02,VE_ROTA_VE_CORREDOR_01,VE_ROTA_VE_TRANSVERSAL_01,BOMBEIRO,POLICIA,2,600.0,610.8,35.4577,32.8219,14.0856,10.7053,5,0,2.5,0.0,8,4,A,284.4,213.8,293.7,219.4,284.4,293.7,1,A,
treino_multiplas,202,48fff16,745.4,CRUZ_08,VE_ROTA_VE_CORREDOR_01,VE_ROTA_VE_TRANSVERSAL_01,BOMBEIRO,POLICIA,2,600.0,610.8,25.9287,31.9261,14.4195,15.6254,4,0,4.0,0.0,4,2,A,284.4,213.8,320.5,210.2,284.4,320.5,1,A,
treino_multiplas,202,48fff16,1222.7,CRUZ_02,VE_ROTA_VE_CORREDOR_03,VE_ROTA_VE_TRANSVERSAL_03,AMBULANCIA,BOMBEIRO,2,1200.0,1210.2,33.3391,29.195,14.9872,10.9475,0,0,0.0,0.0,8,4,A,307.1,212.7,306.7,212.1,307.1,306.7,1,B,
treino_multiplas,202,48fff16,1347.9,CRUZ_08,VE_ROTA_VE_CORREDOR_03,VE_ROTA_VE_TRANSVERSAL_03,AMBULANCIA,BOMBEIRO,2,1200.0,1210.2,19.5713,23.0965,14.4388,21.6431,0,0,0.0,0.0,4,2,A,307.1,212.7,317.5,208.6,307.1,317.5,1,A,
treino_multiplas,202,48fff16,2128.6,CRUZ_02,VE_ROTA_VE_CORREDOR_06,VE_ROTA_VE_TRANSVERSAL_06,AMBULANCIA,BOMBEIRO,3,2100.0,2114.2,31.7171,19.1134,15.7374,14.4237,2,0,1.0,0.0,8,4,A,299.5,225.8,317.9,226.9,299.5,317.9,1,A,
treino_multiplas,202,48fff16,2515.7,CRUZ_08,VE_ROTA_VE_CORREDOR_07,VE_ROTA_VE_TRANSVERSAL_07,BOMBEIRO,POLICIA,2,2400.0,2406.2,53.069,39.3971,8.9915,12.678,0,0,0.0,0.0,4,2,A,272.5,195.0,284.2,185.4,272.5,284.2,1,A,
treino_multiplas,202,48fff16,2722.0,CRUZ_02,VE_ROTA_VE_CORREDOR_08,VE_ROTA_VE_TRANSVERSAL_08,POLICIA,AMBULANCIA,1,2700.0,2717.3,23.111,31.7415,21.5935,13.1836,5,0,2.5,0.0,8,4,B,317.6,209.3,302.1,180.3,317.6,302.1,1,B,
treino_multiplas,202,48fff16,2857.4,CRUZ_08,VE_ROTA_VE_CORREDOR_08,VE_ROTA_VE_TRANSVERSAL_08,POLICIA,AMBULANCIA,1,2700.0,2717.3,73.8997,12.8154,6.7608,16.7646,0,0,0.0,0.0,5,1,B,302.4,219.6,302.1,180.3,302.4,302.1,1,B,
treino_multiplas,202,48fff16,3328.4,CRUZ_02,VE_ROTA_VE_CORREDOR_10,VE_ROTA_VE_TRANSVERSAL_10,BOMBEIRO,POLICIA,3,3300.0,3319.7,52.7276,24.9868,9.4749,14.425,0,1,0.0,1.0,8,4,A,305.9,209.9,332.8,207.4,305.9,332.8,1,A,
treino_multiplas,202,48fff16,3440.7,CRUZ_08,VE_ROTA_VE_CORREDOR_10,VE_ROTA_VE_TRANSVERSAL_10,BOMBEIRO,POLICIA,3,3300.0,3319.7,25.9279,43.1454,14.4148,11.5755,0,5,0.0,2.5,4,2,A,305.9,209.9,324.5,182.4,305.9,324.5,1,A,
treino_multiplas,203,48fff16,322.5,CRUZ_02,VE_ROTA_VE_CORREDOR_00,VE_ROTA_VE_TRANSVERSAL_00,AMBULANCIA,BOMBEIRO,1,300.0,306.8,44.0204,28.9702,11.3331,10.0962,4,0,2.0,0.0,8,4,A,312.3,244.0,325.1,235.2,312.3,325.1,1,A,
treino_multiplas,203,48fff16,478.3,CRUZ_08,VE_ROTA_VE_CORREDOR_00,VE_ROTA_VE_TRANSVERSAL_00,AMBULANCIA,BOMBEIRO,1,300.0,306.8,12.7352,22.9951,14.4184,21.6551,0,12,0.0,6.0,4,2,A,312.3,244.0,362.4,231.2,312.3,362.4,1,A,
treino_multiplas,203,48fff16,625.5,CRUZ_02,VE_ROTA_VE_CORREDOR_01,VE_ROTA_VE_TRANSVERSAL_01,BOMBEIRO,POLICIA,2,600.0,608.9,30.9376,17.0735,16.1412,14.4351,0,0,0.0,0.0,8,4,A,282.2,217.8,281.9,217.6,282.2,281.9,1,B,
treino_multiplas,203,48fff16,929.5,CRUZ_02,VE_ROTA_VE_CORREDOR_02,VE_ROTA_VE_TRANSVERSAL_02,POLICIA,AMBULANCIA,3,900.0,916.5,114.2089,20.6403,4.3741,14.4317,2,0,1.0,0.0,8,4,B,348.5,194.2,317.1,177.9,348.5,317.1,1,B,
treino_multiplas,203,48fff16,1222.0,CRUZ_02,VE_ROTA_VE_CORREDOR_03,VE_ROTA_VE_TRANSVERSAL_03,AMBULANCIA,BOMBEIRO,2,1200.0,1214.7,23.0166,28.2674,21.6604,13.4098,1,0,0.5,0.0,8,4,A,277.4,182.1,284.6,187.3,277.4,284.6,1,A,
treino_multiplas,203,48fff16,1332.4,CRUZ_08,VE_ROTA_VE_CORREDOR_03,VE_ROTA_VE_TRANSVERSAL_03,AMBULANCIA,BOMBEIRO,2,1200.0,1214.7,14.4122,22.9882,14.4339,21.6575,0,0,0.0,0.0,4,2,A,277.4,182.1,301.5,176.0,277.4,301.5,1,A,
treino_multiplas,203,48fff16,1823.6,CRUZ_02,VE_ROTA_VE_CORREDOR_05,VE_ROTA_VE_TRANSVERSAL_05,POLICIA,AMBULANCIA,2,1800.0,1803.6,57.9787,13.6555,8.6125,14.4187,0,1,0.0,1.0,8,4,B,311.4,190.3,321.7,182.2,311.4,321.7,1,A,
treino_multiplas,203,48fff16,1927.8,CRUZ_08,VE_ROTA_VE_CORREDOR_05,VE_ROTA_VE_TRANSVERSAL_05,POLICIA,AMBULANCIA,2,1800.0,1803.6,52.5721,19.3226,9.4962,16.7712,0,0,0.0,0.0,5,1,B,317.5,203.2,321.7,182.2,317.5,321.7,1,A,
treino_multiplas,203,48fff16,2126.5,CRUZ_02,VE_ROTA_VE_CORREDOR_06,VE_ROTA_VE_TRANSVERSAL_06,AMBULANCIA,BOMBEIRO,3,2100.0,2108.0,29.9952,15.0091,16.6223,14.4279,0,0,0.0,0.0,8,4,A,330.7,207.3,345.8,184.4,330.7,345.8,1,A,
treino_multiplas,203,48fff16,2247.6,CRUZ_08,VE_ROTA_VE_CORREDOR_06,VE_ROTA_VE_TRANSVERSAL_06,AMBULANCIA,BOMBEIRO,3,2100.0,2108.0,80.9145,22.9907,6.0584,21.655,0,4,0.0,2.0,5,2,A,330.7,207.3,336.7,191.7,330.7,336.7,1,A,
treino_multiplas,203,48fff16,2551.4,CRUZ_08,VE_ROTA_VE_CORREDOR_07,VE_ROTA_VE_TRANSVERSAL_07,BOMBEIRO,POLICIA,2,2400.0,2402.2,25.5059,22.9797,14.4173,21.6645,6,0,6.0,0.0,4,2,A,320.9,228.2,331.0,218.6,320.9,331.0,1,A,
treino_multiplas,203,48fff16,2729.4,CRUZ_02,VE_ROTA_VE_CORREDOR_08,VE_ROTA_VE_TRANSVERSAL_08,POLICIA,AMBULANCIA,1,2700.0,2707.9,30.3261,24.8286,16.4812,9.7488,0,1,0.0,1.0,8,4,B,354.1,211.9,335.7,204.6,354.1,335.7,1,B,
treino_multiplas,203,48fff16,3324.7,CRUZ_02,VE_ROTA_VE_CORREDOR_10,VE_ROTA_VE_TRANSVERSAL_10,BOMBEIRO,POLICIA,3,3300.0,3316.0,98.1884,24.994,5.0916,14.4202,0,1,0.0,1.0,8,4,A,284.5,185.7,284.0,184.7,284.5,284.0,1,B,
treino_multiplas,203,48fff16,3430.4,CRUZ_08,VE_ROTA_VE_CORREDOR_10,VE_ROTA_VE_TRANSVERSAL_10,BOMBEIRO,POLICIA,3,3300.0,3316.0,16.4042,22.9752,14.4269,21.6702,0,0,0.0,0.0,4,2,A,284.5,185.7,301.2,176.7,284.5,301.2,1,A,
treino_multiplas,204,48fff16,322.5,CRUZ_02,VE_ROTA_VE_CORREDOR_00,VE_ROTA_VE_TRANSVERSAL_00,AMBULANCIA,BOMBEIRO,1,300.0,303.3,43.9997,24.6392,11.3387,11.2782,4,0,2.0,0.0,8,4,A,299.1,221.4,318.8,236.1,299.1,318.8,1,A,
treino_multiplas,204,48fff16,437.4,CRUZ_08,VE_ROTA_VE_CORREDOR_00,VE_ROTA_VE_TRANSVERSAL_00,AMBULANCIA,BOMBEIRO,1,300.0,303.3,24.1885,36.3481,14.4404,13.753,1,0,1.0,0.0,4,2,A,299.1,221.4,350.3,217.5,299.1,350.3,1,A,
treino_multiplas,204,48fff16,623.5,CRUZ_02,VE_ROTA_VE_CORREDOR_01,VE_ROTA_VE_TRANSVERSAL_01,BOMBEIRO,POLICIA,2,600.0,613.8,41.3832,37.8935,12.0671,9.7105,0,3,0.0,3.0,8,4,A,338.3,255.4,348.9,237.7,338.3,348.9,1,A,
treino_multiplas,204,48fff16,774.6,CRUZ_08,VE_ROTA_VE_CORREDOR_01,VE_ROTA_VE_TRANSVERSAL_01,BOMBEIRO,POLICIA,2,600.0,613.8,54.6969,27.313,8.7354,18.3027,0,0,0.0,0.0,4,2,A,338.3,255.4,382.6,244.1,338.3,382.6,1,A,
treino_multiplas,204,48fff16,931.0,CRUZ_02,VE_ROTA_VE_CORREDOR_02,VE_ROTA_VE_TRANSVERSAL_02,POLICIA,AMBULANCIA,3,900.0,915.4,107.9453,33.8221,4.6291,9.7621,0,1,0.0,1.0,8,4,B,324.7,228.5,360.5,217.5,324.7,360.5,1,A,
treino_multiplas,204,48fff16,1064.9,CRUZ_08,VE_ROTA_VE_CORREDOR_02,VE_ROTA_VE_TRANSVERSAL_02,POLICIA,AMBULANCIA,3,900.0,915.4,19.894,22.9978,14.4197,21.6527,0,0,0.0,0.0,4,2,B,316.4,228.2,360.5,217.5,316.4,360.5,1,A,
treino_multiplas,204,48fff16,2122.0,CRUZ_02,VE_ROTA_VE_CORREDOR_06,VE_ROTA_VE_TRANSVERSAL_06,AMBULANCIA,BOMBEIRO,3,2100.0,2100.6,23.0094,20.0602,21.6661,11.261,2,0,1.0,0.0,8,4,A,287.7,206.4,286.1,211.0,287.7,286.1,1,B,
treino_multiplas,204,48fff16,2430.0,CRUZ_02,VE_ROTA_VE_CORREDOR_07,VE_ROTA_VE_TRANSVERSAL_07,BOMBEIRO,POLICIA,2,2400.0,2419.2,124.9728,44.294,3.1066,8.6739,0,5,0.0,5.0,8,4,A,310.0,216.4,334.8,234.7,310.0,334.8,1,A,
treino_multiplas,204,48fff16,2728.6,CRUZ_02,VE_ROTA_VE_CORREDOR_08,VE_ROTA_VE_TRANSVERSAL_08,POLICIA,AMBULANCIA,1,2700.0,2703.5,43.8935,17.4766,11.3696,10.208,0,1,0.0,1.0,8,4,B,337.3,197.9,300.3,185.9,337.3,300.3,1,B,
treino_multiplas,205,48fff16,325.7,CRUZ_02,VE_ROTA_VE_CORREDOR_00,VE_ROTA_VE_TRANSVERSAL_00,AMBULANCIA,BOMBEIRO,1,300.0,306.2,105.9347,32.1178,4.7187,9.2084,3,0,1.5,0.0,8,4,A,326.8,246.7,332.0,231.8,326.8,332.0,1,A,
treino_multiplas,205,48fff16,624.0,CRUZ_02,VE_ROTA_VE_CORREDOR_01,VE_ROTA_VE_TRANSVERSAL_01,BOMBEIRO,POLICIA,2,600.0,601.8,23.9928,20.3977,20.8183,10.3854,0,3,0.0,3.0,8,4,A,283.5,227.9,285.2,232.7,283.5,285.2,1,A,
treino_multiplas,205,48fff16,924.9,CRUZ_02,VE_ROTA_VE_CORREDOR_02,VE_ROTA_VE_TRANSVERSAL_02,POLICIA,AMBULANCIA,3,900.0,912.2,23.0487,20.9578,21.6554,14.4201,0,0,0.0,0.0,8,4,B,326.5,188.6,303.3,178.2,326.5,303.3,1,B,
treino_multiplas,205,48fff16,1224.0,CRUZ_02,VE_ROTA_VE_CORREDOR_03,VE_ROTA_VE_TRANSVERSAL_03,AMBULANCIA,BOMBEIRO,2,1200.0,1208.0,98.5268,17.4908,5.071,14.4419,7,0,3.5,0.0,8,4,A,296.1,216.7,318.3,215.8,296.1,318.3,1,A,
treino_multiplas,205,48fff16,1333.7,CRUZ_08,VE_ROTA_VE_CORREDOR_03,VE_ROTA_VE_TRANSVERSAL_03,AMBULANCIA,BOMBEIRO,2,1200.0,1208.0,51.8578,39.4885,9.6389,12.3422,0,0,0.0,0.0,5,2,A,296.1,216.7,340.8,201.9,296.1,340.8,1,A,
treino_multiplas,205,48fff16,1822.0,CRUZ_02,VE_ROTA_VE_CORREDOR_05,VE_ROTA_VE_TRANSVERSAL_05,POLICIA,AMBULANCIA,2,1800.0,1807.6,23.0299,19.247,21.6691,14.4272,2,0,1.0,0.0,8,4,B,379.9,210.7,326.1,178.8,379.9,326.1,1,B,
treino_multiplas,205,48fff16,2124.4,CRUZ_02,VE_ROTA_VE_CORREDOR_06,VE_ROTA_VE_TRANSVERSAL_06,AMBULANCIA,BOMBEIRO,3,2100.0,2106.3,40.3528,15.4052,12.3641,14.4287,9,0,4.5,0.0,8,4,A,295.9,220.9,303.1,215.1,295.9,303.1,1,A,
treino_multiplas,205,48fff16,2259.5,CRUZ_08,VE_ROTA_VE_CORREDOR_06,VE_ROTA_VE_TRANSVERSAL_06,AMBULANCIA,BOMBEIRO,3,2100.0,2106.3,18.2118,23.0895,14.4253,21.6522,0,2,0.0,1.0,4,2,A,295.9,220.9,299.9,208.4,295.9,299.9,1,A,
treino_multiplas,205,48fff16,2421.9,CRUZ_02,VE_ROTA_VE_CORREDOR_07,VE_ROTA_VE_TRANSVERSAL_07,BOMBEIRO,POLICIA,2,2400.0,2404.0,23.0262,22.7164,21.658,12.2298,0,1,0.0,1.0,8,4,A,278.3,229.9,281.7,231.9,278.3,281.7,1,A,
treino_multiplas,205,48fff16,2548.1,CRUZ_08,VE_ROTA_VE_CORREDOR_07,VE_ROTA_VE_TRANSVERSAL_07,BOMBEIRO,POLICIA,2,2400.0,2404.0,16.4019,42.4896,14.4362,11.7643,0,4,0.0,2.0,4,2,A,278.3,229.9,332.6,223.1,278.3,332.6,1,A,
treino_multiplas,205,48fff16,2724.3,CRUZ_02,VE_ROTA_VE_CORREDOR_08,VE_ROTA_VE_TRANSVERSAL_08,POLICIA,AMBULANCIA,1,2700.0,2710.5,109.9198,19.8506,4.5448,14.425,0,2,0.0,2.0,8,4,B,303.8,212.8,298.1,162.7,303.8,298.1,1,B,
treino_multiplas,205,48fff16,2830.3,CRUZ_08,VE_ROTA_VE_CORREDOR_08,VE_ROTA_VE_TRANSVERSAL_08,POLICIA,AMBULANCIA,1,2700.0,2710.5,124.9422,13.9538,2.9643,21.6695,0,2,0.0,1.0,5,1,B,311.6,176.2,298.1,162.7,311.6,298.1,1,B,
treino_multiplas,205,48fff16,3436.6,CRUZ_08,VE_ROTA_VE_CORREDOR_10,VE_ROTA_VE_TRANSVERSAL_10,BOMBEIRO,POLICIA,3,3300.0,3300.4,24.5709,23.2911,14.4424,21.4019,0,11,0.0,5.5,4,2,A,281.3,196.0,318.5,192.2,281.3,318.5,1,A,
treino_multiplas,206,48fff16,324.0,CRUZ_02,VE_ROTA_VE_CORREDOR_00,VE_ROTA_VE_TRANSVERSAL_00,AMBULANCIA,BOMBEIRO,1,300.0,315.5,107.844,24.9828,4.6339,14.4422,3,0,1.5,0.0,8,4,A,310.1,240.0,363.8,203.7,310.1,363.8,1,A,
treino_multiplas,206,48fff16,474.5,CRUZ_08,VE_ROTA_VE_CORREDOR_00,VE_ROTA_VE_TRANSVERSAL_00,AMBULANCIA,BOMBEIRO,1,300.0,315.5,13.794,74.0507,14.4387,6.7515,0,12,0.0,6.0,4,2,A,310.1,240.0,365.2,235.4,310.1,365.2,1,A,
treino_multiplas,206,48fff16,622.6,CRUZ_02,VE_ROTA_VE_CORREDOR_01,VE_ROTA_VE_TRANSVERSAL_01,BOMBEIRO,POLICIA,2,600.0,613.8,30.8541,44.6869,16.1735,9.2125,0,2,0.0,2.0,8,4,A,287.2,214.5,289.2,222.9,287.2,289.2,1,A,
treino_multiplas,206,48fff16,922.3,CRUZ_02,VE_ROTA_VE_CORREDOR_02,VE_ROTA_VE_TRANSVERSAL_02,POLICIA,AMBULANCIA,3,900.0,913.0,23.0093,24.3602,21.6571,14.4196,0,1,0.0,1.0,8,4,B,295.2,207.4,309.9,190.7,295.2,309.9,1,A,
treino_multiplas,206,48fff16,1041.1,CRUZ_08,VE_ROTA_VE_CORREDOR_02,VE_ROTA_VE_TRANSVERSAL_02,POLICIA,AMBULANCIA,3,900.0,913.0,30.2783,56.4174,16.4619,8.7532,0,4,0.0,2.0,5,2,B,311.6,190.7,309.9,190.7,311.6,309.9,1,B,
treino_multiplas,206,48fff16,1224.4,CRUZ_02,VE_ROTA_VE_CORREDOR_03,VE_ROTA_VE_TRANSVERSAL_03,AMBULANCIA,BOMBEIRO,2,1200.0,1217.1,72.4152,26.2265,6.9038,14.4176,10,0,5.0,0.0,8,4,A,313.6,204.6,316.3,211.5,313.6,316.3,1,A,
treino_multiplas,206,48fff16,1355.0,CRUZ_08,VE_ROTA_VE_CORREDOR_03,VE_ROTA_VE_TRANSVERSAL_03,AMBULANCIA,BOMBEIRO,2,1200.0,1217.1,24.2004,42.8033,14.4421,11.6733,3,0,3.0,0.0,4,2,A,313.6,204.6,317.4,198.4,313.6,317.4,1,A,
treino_multiplas,206,48fff16,1825.9,CRUZ_02,VE_ROTA_VE_CORREDOR_05,VE_ROTA_VE_TRANSVERSAL_05,POLICIA,AMBULANCIA,2,1800.0,1805.7,107.8076,13.4562,4.6355,14.4161,0,1,0.0,1.0,8,4,B,343.2,195.1,343.2,195.1,343.2,343.2,1,EMPATE,
treino_multiplas,206,48fff16,1953.7,CRUZ_08,VE_ROTA_VE_CORREDOR_05,VE_ROTA_VE_TRANSVERSAL_05,POLICIA,AMBULANCIA,2,1800.0,1805.7,23.6059,23.0062,9.2249,21.6486,0,0,0.0,0.0,4,2,B,313.1,207.5,343.2,195.1,313.1,343.2,1,A,
treino_multiplas,206,48fff16,2421.9,CRUZ_02,VE_ROTA_VE_CORREDOR_07,VE_ROTA_VE_TRANSVERSAL_07,BOMBEIRO,POLICIA,2,2400.0,2411.9,23.0255,23.6918,21.6585,14.4209,0,0,0.0,0.0,8,4,A,281.8,175.1,324.5,143.7,281.8,324.5,1,A,
treino_multiplas,206,48fff16,2517.6,CRUZ_08,VE_ROTA_VE_CORREDOR_07,VE_ROTA_VE_TRANSVERSAL_07,BOMBEIRO,POLICIA,2,2400.0,2411.9,26.2088,23.0898,14.4262,21.6486,2,0,2.0,0.0,4,2,A,281.8,175.1,290.8,167.0,281.8,290.8,1,A,
treino_multiplas,206,48fff16,2724.8,CRUZ_02,VE_ROTA_VE_CORREDOR_08,VE_ROTA_VE_TRANSVERSAL_08,POLICIA,AMBULANCIA,1,2700.0,2706.9,55.595,15.7357,8.9851,14.4379,0,2,0.0,2.0,8,4,B,318.1,191.5,298.9,169.2,318.1,298.9,1,B,
treino_multiplas,206,48fff16,2818.1,CRUZ_08,VE_ROTA_VE_CORREDOR_08,VE_ROTA_VE_TRANSVERSAL_08,POLICIA,AMBULANCIA,1,2700.0,2706.9,64.7801,21.2719,7.7184,21.6555,0,7,0.0,3.5,5,1,B,307.7,173.9,298.9,169.2,307.7,298.9,1,B,
treino_multiplas,206,48fff16,3323.9,CRUZ_02,VE_ROTA_VE_CORREDOR_10,VE_ROTA_VE_TRANSVERSAL_10,BOMBEIRO,POLICIA,3,3300.0,3318.7,107.0222,28.4525,4.6699,14.442,0,1,0.0,1.0,8,4,A,311.3,181.9,316.4,182.3,311.3,316.4,1,A,
treino_multiplas,206,48fff16,3435.6,CRUZ_08,VE_ROTA_VE_CORREDOR_10,VE_ROTA_VE_TRANSVERSAL_10,BOMBEIRO,POLICIA,3,3300.0,3318.7,30.3842,23.0876,14.4417,21.6559,0,7,0.0,3.5,4,2,A,311.3,181.9,321.2,164.9,311.3,321.2,1,A,
treino_multiplas,207,48fff16,322.5,CRUZ_02,VE_ROTA_VE_CORREDOR_00,VE_ROTA_VE_TRANSVERSAL_00,AMBULANCIA,BOMBEIRO,1,300.0,300.5,44.0089,23.0719,11.3362,10.4117,3,0,1.5,0.0,8,4,A,325.2,238.8,319.4,243.7,325.2,319.4,1,B,
treino_multiplas,207,48fff16,447.2,CRUZ_08,VE_ROTA_VE_CORREDOR_00,VE_ROTA_VE_TRANSVERSAL_00,AMBULANCIA,BOMBEIRO,1,300.0,300.5,45.8713,18.2472,10.8788,21.6657,2,0,2.0,0.0,5,1,A,325.2,238.8,333.4,215.8,325.2,333.4,1,A,
treino_multiplas,207,48fff16,621.9,CRUZ_02,VE_ROTA_VE_CORREDOR_01,VE_ROTA_VE_TRANSVERSAL_01,BOMBEIRO,POLICIA,2,600.0,612.6,23.0353,24.3678,21.6496,14.4353,0,1,0.0,1.0,8,4,A,291.6,209.9,291.8,224.8,291.6,291.8,1,A,
treino_multiplas,207,48fff16,922.0,CRUZ_02,VE_ROTA_VE_CORREDOR_02,VE_ROTA_VE_TRANSVERSAL_02,POLICIA,AMBULANCIA,3,900.0,910.0,23.0493,21.6273,21.6503,14.4401,0,4,0.0,4.0,8,4,B,330.7,200.4,309.0,170.0,330.7,309.0,1,B,
treino_multiplas,207,48fff16,1226.8,CRUZ_02,VE_ROTA_VE_CORREDOR_03,VE_ROTA_VE_TRANSVERSAL_03,AMBULANCIA,BOMBEIRO,2,1200.0,1217.2,105.7438,38.049,4.7251,10.5069,8,0,4.0,0.0,8,4,A,296.2,224.2,301.1,232.6,296.2,301.1,1,A,
treino_multiplas,207,48fff16,1361.6,CRUZ_08,VE_ROTA_VE_CORREDOR_03,VE_ROTA_VE_TRANSVERSAL_03,AMBULANCIA,BOMBEIRO,2,1200.0,1217.2,13.1086,23.539,14.4193,21.1676,0,12,0.0,6.0,4,2,A,296.2,224.2,347.2,214.5,296.2,347.2,1,A,
treino_multiplas,207,48fff16,1831.3,CRUZ_02,VE_ROTA_VE_CORREDOR_05,VE_ROTA_VE_TRANSVERSAL_05,POLICIA,AMBULANCIA,2,1800.0,1812.6,74.9807,19.6052,6.6655,11.4351,0,3,0.0,3.0,8,4,B,328.8,184.9,328.9,184.9,328.8,328.9,1,A,
treino_multiplas,207,48fff16,1949.1,CRUZ_08,VE_ROTA_VE_CORREDOR_05,VE_ROTA_VE_TRANSVERSAL_05,POLICIA,AMBULANCIA,2,1800.0,1812.6,27.9976,22.9983,9.7275,21.6692,0,3,0.0,1.5,4,2,B,312.8,200.1,328.9,184.9,312.8,328.9,1,A,
treino_multiplas,207,48fff16,2122.1,CRUZ_02,VE_ROTA_VE_CORREDOR_06,VE_ROTA_VE_TRANSVERSAL_06,AMBULANCIA,BOMBEIRO,3,2100.0,2117.4,25.936,28.7896,19.2205,14.4367,1,0,0.5,0.0,8,4,A,307.5,206.8,308.7,202.9,307.5,308.7,1,A,
treino_multiplas,207,48fff16,2429.0,CRUZ_02,VE_ROTA_VE_CORREDOR_07,VE_ROTA_VE_TRANSVERSAL_07,BOMBEIRO,POLICIA,2,2400.0,2410.6,106.4114,24.0108,4.6971,11.6839,0,2,0.0,2.0,8,4,A,335.7,213.8,345.6,195.8,335.7,345.6,1,A,
treino_multiplas,207,48fff16,2543.5,CRUZ_08,VE_ROTA_VE_CORREDOR_07,VE_ROTA_VE_TRANSVERSAL_07,BOMBEIRO,POLICIA,2,2400.0,2410.6,38.1631,22.9932,12.1841,21.6647,0,9,0.0,4.5,4,2,A,335.7,213.8,341.2,196.9,335.7,341.2,1,A,
treino_multiplas,207,48fff16,2726.9,CRUZ_02,VE_ROTA_VE_CORREDOR_08,VE_ROTA_VE_TRANSVERSAL_08,POLICIA,AMBULANCIA,1,2700.0,2714.7,40.9253,21.4658,12.2112,14.4146,2,0,1.0,0.0,8,4,B,355.1,208.9,324.6,182.1,355.1,324.6,1,B,
treino_multiplas,207,48fff16,3323.9,CRUZ_02,VE_ROTA_VE_CORREDOR_10,VE_ROTA_VE_TRANSVERSAL_10,BOMBEIRO,POLICIA,3,3300.0,3316.1,100.0005,25.8842,4.9969,14.4265,0,0,0.0,0.0,8,4,A,305.7,207.8,311.7,197.0,305.7,311.7,1,A,
treino_multiplas,208,48fff16,322.7,CRUZ_02,VE_ROTA_VE_CORREDOR_00,VE_ROTA_VE_TRANSVERSAL_00,AMBULANCIA,BOMBEIRO,1,300.0,302.7,43.0219,24.0179,11.6107,10.0274,4,0,2.0,0.0,8,4,A,299.2,219.8,323.0,234.1,299.2,323.0,1,A,
treino_multiplas,208,48fff16,622.3,CRUZ_02,VE_ROTA_VE_CORREDOR_01,VE_ROTA_VE_TRANSVERSAL_01,BOMBEIRO,POLICIA,2,600.0,605.3,29.8898,32.9479,16.7209,9.9155,0,2,0.0,2.0,8,4,A,320.9,232.6,315.9,226.2,320.9,315.9,1,B,
treino_multiplas,208,48fff16,773.3,CRUZ_08,VE_ROTA_VE_CORREDOR_01,VE_ROTA_VE_TRANSVERSAL_01,BOMBEIRO,POLICIA,2,600.0,605.3,13.6971,22.991,14.4246,21.6571,0,0,0.0,0.0,4,2,A,320.9,232.6,366.0,231.7,320.9,366.0,1,A,
treino_multiplas,208,48fff16,922.0,CRUZ_02,VE_ROTA_VE_CORREDOR_02,VE_ROTA_VE_TRANSVERSAL_02,POLICIA,AMBULANCIA,3,900.0,903.0,23.058,28.0744,21.643,10.5312,0,0,0.0,0.0,8,4,B,300.5,218.7,330.2,201.9,300.5,330.2,1,A,
treino_multiplas,208,48fff16,1031.7,CRUZ_08,VE_ROTA_VE_CORREDOR_02,VE_ROTA_VE_TRANSVERSAL_02,POLICIA,AMBULANCIA,3,900.0,903.0,29.887,30.2464,14.4345,16.5121,0,0,0.0,0.0,4,2,B,300.3,214.4,330.2,201.9,300.3,330.2,1,A,
treino_multiplas,208,48fff16,1227.4,CRUZ_02,VE_ROTA_VE_CORREDOR_03,VE_ROTA_VE_TRANSVERSAL_03,AMBULANCIA,BOMBEIRO,2,1200.0,1201.3,42.1228,10.1522,11.8483,12.0386,9,0,4.5,0.0,8,4,A,311.1,253.8,315.3,185.7,311.1,315.3,1,A,
treino_multiplas,208,48fff16,1376.6,CRUZ_08,VE_ROTA_VE_CORREDOR_03,VE_ROTA_VE_TRANSVERSAL_03,AMBULANCIA,BOMBEIRO,2,1200.0,1201.3,13.9061,30.2654,12.5648,16.4943,0,3,0.0,1.5,4,2,A,311.1,253.8,357.1,244.1,311.1,357.1,1,A,
treino_multiplas,208,48fff16,1825.0,CRUZ_02,VE_ROTA_VE_CORREDOR_05,VE_ROTA_VE_TRANSVERSAL_05,POLICIA,AMBULANCIA,2,1800.0,1803.2,106.4541,20.1053,4.6953,11.8616,0,3,0.0,3.0,8,4,B,305.3,193.0,307.6,193.2,305.3,307.6,1,A,
treino_multiplas,208,48fff16,2249.2,CRUZ_08,VE_ROTA_VE_CORREDOR_06,VE_ROTA_VE_TRANSVERSAL_06,AMBULANCIA,BOMBEIRO,3,2100.0,2100.7,19.4071,23.0076,14.4308,21.6476,0,0,0.0,0.0,4,2,A,298.5,225.8,314.6,213.3,298.5,314.6,1,A,
treino_multiplas,208,48fff16,2421.9,CRUZ_02,VE_ROTA_VE_CORREDOR_07,VE_ROTA_VE_TRANSVERSAL_07,BOMBEIRO,POLICIA,2,2400.0,2404.4,23.0383,21.2554,21.647,12.8084,0,1,0.0,1.0,8,4,A,286.6,207.5,286.8,211.1,286.6,286.8,1,A,
treino_multiplas,208,48fff16,2536.2,CRUZ_08,VE_ROTA_VE_CORREDOR_07,VE_ROTA_VE_TRANSVERSAL_07,BOMBEIRO,POLICIA,2,2400.0,2404.4,17.9898,27.5673,14.4202,18.1307,0,7,0.0,3.5,4,2,A,286.6,207.5,295.1,193.7,286.6,295.1,1,A,
treino_multiplas,208,48fff16,2723.3,CRUZ_02,VE_ROTA_VE_CORREDOR_08,VE_ROTA_VE_TRANSVERSAL_08,POLICIA,AMBULANCIA,1,2700.0,2719.7,48.1364,42.7208,10.3829,10.5144,0,1,0.0,1.0,8,4,B,314.6,205.7,326.9,176.4,314.6,326.9,1,A,
treino_multiplas,208,48fff16,2853.3,CRUZ_08,VE_ROTA_VE_CORREDOR_08,VE_ROTA_VE_TRANSVERSAL_08,POLICIA,AMBULANCIA,1,2700.0,2719.7,38.5816,13.8446,12.9333,21.6637,0,0,0.0,0.0,5,1,B,323.7,176.4,326.9,176.4,323.7,326.9,1,A,
treino_multiplas,208,48fff16,3321.9,CRUZ_02,VE_ROTA_VE_CORREDOR_10,VE_ROTA_VE_TRANSVERSAL_10,BOMBEIRO,POLICIA,3,3300.0,3316.8,23.0305,42.6443,21.6544,10.2451,2,0,1.0,0.0,8,4,A,293.7,208.7,337.8,223.0,293.7,337.8,1,A,
treino_multiplas,208,48fff16,3452.9,CRUZ_08,VE_ROTA_VE_CORREDOR_10,VE_ROTA_VE_TRANSVERSAL_10,BOMBEIRO,POLICIA,3,3300.0,3316.8,12.2796,23.0018,14.424,21.6452,0,0,0.0,0.0,4,2,A,293.7,208.7,339.6,205.8,293.7,339.6,1,A,
treino_multiplas,209,48fff16,325.4,CRUZ_02,VE_ROTA_VE_CORREDOR_00,VE_ROTA_VE_TRANSVERSAL_00,AMBULANCIA,BOMBEIRO,1,300.0,303.5,105.9658,29.7605,4.7171,9.7029,6,0,3.0,0.0,8,4,A,321.7,248.0,356.4,211.4,321.7,356.4,1,A,
treino_multiplas,209,48fff16,472.3,CRUZ_08,VE_ROTA_VE_CORREDOR_00,VE_ROTA_VE_TRANSVERSAL_00,AMBULANCIA,BOMBEIRO,1,300.0,303.5,18.3084,95.1029,14.441,5.2566,0,12,0.0,6.0,4,2,A,321.7,248.0,381.4,241.1,321.7,381.4,1,A,
treino_multiplas,209,48fff16,922.0,CRUZ_02,VE_ROTA_VE_CORREDOR_02,VE_ROTA_VE_TRANSVERSAL_02,POLICIA,AMBULANCIA,3,900.0,911.3,23.0544,22.9383,21.6468,14.4324,0,0,0.0,0.0,8,4,B,288.2,177.9,283.5,179.5,288.2,283.5,1,B,
treino_multiplas,209,48fff16,1026.2,CRUZ_08,VE_ROTA_VE_CORREDOR_02,VE_ROTA_VE_TRANSVERSAL_02,POLICIA,AMBULANCIA,3,900.0,911.3,26.0156,22.9831,14.4252,21.6676,4,0,4.0,0.0,4,2,B,274.7,191.8,283.5,179.5,274.7,283.5,1,A,
treino_multiplas,209,48fff16,1227.2,CRUZ_02,VE_ROTA_VE_CORREDOR_03,VE_ROTA_VE_TRANSVERSAL_03,AMBULANCIA,BOMBEIRO,2,1200.0,1202.1,27.9154,12.149,17.868,12.0174,10,0,5.0,0.0,8,4,A,333.4,214.8,320.1,161.9,333.4,320.1,1,B,
treino_multiplas,209,48fff16,1352.8,CRUZ_08,VE_ROTA_VE_CORREDOR_03,VE_ROTA_VE_TRANSVERSAL_03,AMBULANCIA,BOMBEIRO,2,1200.0,1202.1,52.3615,32.0234,9.5403,14.8957,0,0,0.0,0.0,5,1,A,333.4,214.8,366.7,211.1,333.4,366.7,1,A,
treino_multiplas,209,48fff16,1824.9,CRUZ_02,VE_ROTA_VE_CORREDOR_05,VE_ROTA_VE_TRANSVERSAL_05,POLICIA,AMBULANCIA,2,1800.0,1809.0,44.0281,17.7463,11.3311,14.428,5,0,2.5,0.0,8,4,B,282.9,209.4,293.2,173.9,282.9,293.2,1,A,
treino_multiplas,209,48fff16,2122.0,CRUZ_02,VE_ROTA_VE_CORREDOR_06,VE_ROTA_VE_TRANSVERSAL_06,AMBULANCIA,BOMBEIRO,3,2100.0,2105.6,23.0097,17.1083,21.6665,14.4267,1,0,0.5,0.0,8,4,A,286.8,213.9,315.1,214.8,286.8,315.1,1,A,
treino_multiplas,209,48fff16,2554.5,CRUZ_08,VE_ROTA_VE_CORREDOR_07,VE_ROTA_VE_TRANSVERSAL_07,BOMBEIRO,POLICIA,2,2400.0,2407.8,21.8941,24.3191,14.4161,20.5369,0,0,0.0,0.0,4,2,A,315.5,222.7,320.0,212.3,315.5,320.0,1,A,
treino_multiplas,209,48fff16,2725.0,CRUZ_02,VE_ROTA_VE_CORREDOR_08,VE_ROTA_VE_TRANSVERSAL_08,POLICIA,AMBULANCIA,1,2700.0,2719.5,44.8453,28.1365,11.1372,14.433,0,3,0.0,3.0,8,4,B,303.8,201.2,311.7,192.1,303.8,311.7,1,A,
treino_multiplas,209,48fff16,2844.7,CRUZ_08,VE_ROTA_VE_CORREDOR_08,VE_ROTA_VE_TRANSVERSAL_08,POLICIA,AMBULANCIA,1,2700.0,2719.5,23.2286,23.0271,14.4212,21.6694,0,1,0.0,0.5,4,2,B,303.3,208.9,311.7,192.1,303.3,311.7,1,A,
treino_multiplas,209,48fff16,3324.1,CRUZ_02,VE_ROTA_VE_CORREDOR_10,VE_ROTA_VE_TRANSVERSAL_10,BOMBEIRO,POLICIA,3,3300.0,3319.2,104.9748,28.768,4.7626,14.4341,0,1,0.0,1.0,8,4,A,285.6,243.4,332.4,215.4,285.6,332.4,1,A,
treino_multiplas,210,48fff16,322.7,CRUZ_02,VE_ROTA_VE_CORREDOR_00,VE_ROTA_VE_TRANSVERSAL_00,AMBULANCIA,BOMBEIRO,1,300.0,313.0,43.0448,23.7961,11.604,14.4349,4,0,2.0,0.0,8,4,A,300.0,212.5,322.8,231.1,300.0,322.8,1,A,
treino_multiplas,210,48fff16,440.3,CRUZ_08,VE_ROTA_VE_CORREDOR_00,VE_ROTA_VE_TRANSVERSAL_00,AMBULANCIA,BOMBEIRO,1,300.0,313.0,21.6181,38.7484,14.4328,12.8918,2,0,2.0,0.0,4,2,A,300.0,212.5,350.6,213.7,300.0,350.6,1,A,
treino_multiplas,210,48fff16,621.9,CRUZ_02,VE_ROTA_VE_CORREDOR_01,VE_ROTA_VE_TRANSVERSAL_01,BOMBEIRO,POLICIA,2,600.0,604.0,23.018,15.7837,21.6655,14.4253,0,2,0.0,2.0,8,4,A,319.8,224.0,277.7,217.5,319.8,277.7,1,B,
treino_multiplas,210,48fff16,753.3,CRUZ_08,VE_ROTA_VE_CORREDOR_01,VE_ROTA_VE_TRANSVERSAL_01,BOMBEIRO,POLICIA,2,600.0,604.0,17.3995,30.1471,14.4209,16.5658,0,7,0.0,3.5,4,2,A,319.8,224.0,334.3,208.5,319.8,334.3,1,A,
treino_multiplas,210,48fff16,926.4,CRUZ_02,VE_ROTA_VE_CORREDOR_02,VE_ROTA_VE_TRANSVERSAL_02,POLICIA,AMBULANCIA,3,900.0,914.9,32.9223,35.0737,15.1514,10.6115,0,1,0.0,1.0,8,4,B,338.9,198.1,300.5,184.4,338.9,300.5,1,B,
treino_multiplas,210,48fff16,1032.7,CRUZ_08,VE_ROTA_VE_CORREDOR_02,VE_ROTA_VE_TRANSVERSAL_02,POLICIA,AMBULANCIA,3,900.0,914.9,27.9386,23.0956,14.4132,21.6433,0,0,0.0,0.0,4,2,B,283.6,204.6,300.5,184.4,283.6,300.5,1,A,
treino_multiplas,210,48fff16,1232.9,CRUZ_02,VE_ROTA_VE_CORREDOR_03,VE_ROTA_VE_TRANSVERSAL_03,AMBULANCIA,BOMBEIRO,2,1200.0,1218.4,65.8796,20.5963,7.5784,13.3534,12,0,6.0,0.0,8,4,A,337.6,200.8,340.9,168.6,337.6,340.9,1,A,
treino_multiplas,210,48fff16,1369.9,CRUZ_08,VE_ROTA_VE_CORREDOR_03,VE_ROTA_VE_TRANSVERSAL_03,AMBULANCIA,BOMBEIRO,2,1200.0,1218.4,53.3338,21.9477,9.3686,14.2249,0,0,0.0,0.0,5,1,A,337.6,200.8,334.4,200.6,337.6,334.4,1,B,
treino_multiplas,210,48fff16,1822.0,CRUZ_02,VE_ROTA_VE_CORREDOR_05,VE_ROTA_VE_TRANSVERSAL_05,POLICIA,AMBULANCIA,2,1800.0,1817.4,23.0309,31.2983,21.668,13.4108,0,0,0.0,0.0,8,4,B,305.9,183.6,287.0,186.8,305.9,287.0,1,B,
treino_multiplas,210,48fff16,1939.7,CRUZ_08,VE_ROTA_VE_CORREDOR_05,VE_ROTA_VE_TRANSVERSAL_05,POLICIA,AMBULANCIA,2,1800.0,1817.4,13.0297,42.8325,14.4203,11.6648,0,4,0.0,2.0,4,2,B,286.9,188.7,287.0,186.8,286.9,287.0,1,A,
treino_multiplas,210,48fff16,2125.1,CRUZ_02,VE_ROTA_VE_CORREDOR_06,VE_ROTA_VE_TRANSVERSAL_06,AMBULANCIA,BOMBEIRO,3,2100.0,2114.4,29.4286,22.8138,16.9794,14.4239,7,0,3.5,0.0,8,4,A,338.4,223.5,341.1,175.9,338.4,341.1,1,A,
treino_multiplas,210,48fff16,2244.8,CRUZ_08,VE_ROTA_VE_CORREDOR_06,VE_ROTA_VE_TRANSVERSAL_06,AMBULANCIA,BOMBEIRO,3,2100.0,2114.4,56.6516,23.0277,8.4587,21.6207,0,0,0.0,0.0,5,2,A,338.4,223.5,345.3,219.1,338.4,345.3,1,A,
treino_multiplas,210,48fff16,2425.3,CRUZ_02,VE_ROTA_VE_CORREDOR_07,VE_ROTA_VE_TRANSVERSAL_07,BOMBEIRO,POLICIA,2,2400.0,2411.5,29.931,19.88,16.6598,14.4275,0,1,0.0,1.0,8,4,A,290.4,210.1,287.6,199.6,290.4,287.6,1,B,
treino_multiplas,210,48fff16,2557.1,CRUZ_08,VE_ROTA_VE_CORREDOR_07,VE_ROTA_VE_TRANSVERSAL_07,BOMBEIRO,POLICIA,2,2400.0,2411.5,10.1897,23.0745,14.4294,21.666,0,4,0.0,2.0,4,2,A,290.4,210.1,322.9,205.6,290.4,322.9,1,A,
treino_multiplas,210,48fff16,2724.3,CRUZ_02,VE_ROTA_VE_CORREDOR_08,VE_ROTA_VE_TRANSVERSAL_08,POLICIA,AMBULANCIA,1,2700.0,2714.5,109.4137,29.4605,4.5663,11.8671,0,1,0.0,1.0,8,4,B,317.2,188.3,314.0,171.7,317.2,314.0,1,B,
treino_multiplas,210,48fff16,2833.2,CRUZ_08,VE_ROTA_VE_CORREDOR_08,VE_ROTA_VE_TRANSVERSAL_08,POLICIA,AMBULANCIA,1,2700.0,2714.5,27.3163,22.9771,14.4234,21.6669,0,5,0.0,2.5,4,2,B,314.1,178.9,314.0,171.7,314.1,314.0,1,B,
treino_multiplas,210,48fff16,3322.0,CRUZ_02,VE_ROTA_VE_CORREDOR_10,VE_ROTA_VE_TRANSVERSAL_10,BOMBEIRO,POLICIA,3,3300.0,3303.1,25.3058,28.0043,19.7221,9.8585,0,0,0.0,0.0,8,4,A,323.6,204.1,325.5,181.6,323.6,325.5,1,A,
treino_multiplas,210,48fff16,3449.0,CRUZ_08,VE_ROTA_VE_CORREDOR_10,VE_ROTA_VE_TRANSVERSAL_10,BOMBEIRO,POLICIA,3,3300.0,3303.1,23.9014,22.9827,14.4342,21.6656,0,8,0.0,4.0,4,2,A,323.6,204.1,326.2,195.0,323.6,326.2,1,A,
treino_multiplas,211,48fff16,334.7,CRUZ_02,VE_ROTA_VE_CORREDOR_00,VE_ROTA_VE_TRANSVERSAL_00,AMBULANCIA,BOMBEIRO,1,300.0,319.7,64.3682,18.5125,7.7605,14.4231,13,0,6.5,0.0,8,4,A,360.6,197.8,362.3,190.4,360.6,362.3,1,A,
treino_multiplas,211,48fff16,621.9,CRUZ_02,VE_ROTA_VE_CORREDOR_01,VE_ROTA_VE_TRANSVERSAL_01,BOMBEIRO,POLICIA,2,600.0,612.9,23.0303,42.9035,21.6538,8.991,4,0,2.0,0.0,8,4,A,316.0,212.7,332.0,209.1,316.0,332.0,1,A,
treino_multiplas,211,48fff16,930.6,CRUZ_02,VE_ROTA_VE_CORREDOR_02,VE_ROTA_VE_TRANSVERSAL_02,POLICIA,AMBULANCIA,3,900.0,912.6,109.0116,30.8755,4.5832,9.9009,0,2,0.0,2.0,8,4,B,294.1,200.8,288.6,184.2,294.1,288.6,1,B,
treino_multiplas,211,48fff16,1040.8,CRUZ_08,VE_ROTA_VE_CORREDOR_02,VE_ROTA_VE_TRANSVERSAL_02,POLICIA,AMBULANCIA,3,900.0,912.6,56.7497,23.0136,8.4441,21.6486,0,1,0.0,0.5,5,2,B,291.3,200.2,288.6,184.2,291.3,288.6,1,B,
treino_multiplas,211,48fff16,1224.2,CRUZ_02,VE_ROTA_VE_CORREDOR_03,VE_ROTA_VE_TRANSVERSAL_03,AMBULANCIA,BOMBEIRO,2,1200.0,1210.5,48.3373,20.4396,10.3304,13.9891,0,0,0.0,0.0,8,4,A,291.7,211.1,286.2,205.2,291.7,286.2,1,B,
treino_multiplas,211,48fff16,1360.5,CRUZ_08,VE_ROTA_VE_CORREDOR_03,VE_ROTA_VE_TRANSVERSAL_03,AMBULANCIA,BOMBEIRO,2,1200.0,1210.5,21.4745,30.3143,14.4297,16.4521,0,0,0.0,0.0,4,2,A,291.7,211.1,291.7,210.9,291.7,291.7,1,EMPATE,
treino_multiplas,211,48fff16,1827.3,CRUZ_02,VE_ROTA_VE_CORREDOR_05,VE_ROTA_VE_TRANSVERSAL_05,POLICIA,AMBULANCIA,2,1800.0,1809.3,124.9804,15.6499,3.0287,14.4244,7,0,3.5,0.0,8,4,B,347.8,208.5,344.5,186.1,347.8,344.5,1,B,
treino_multiplas,211,48fff16,2123.6,CRUZ_02,VE_ROTA_VE_CORREDOR_06,VE_ROTA_VE_TRANSVERSAL_06,AMBULANCIA,BOMBEIRO,3,2100.0,2100.1,40.0667,21.2902,12.4709,9.3619,0,0,0.0,0.0,8,4,A,328.9,232.9,347.3,219.7,328.9,347.3,1,A,
treino_multiplas,211,48fff16,2252.0,CRUZ_08,VE_ROTA_VE_CORREDOR_06,VE_ROTA_VE_TRANSVERSAL_06,AMBULANCIA,BOMBEIRO,3,2100.0,2100.1,38.2228,23.0055,12.1737,21.6539,2,0,2.0,0.0,4,2,A,328.9,232.9,343.4,210.0,328.9,343.4,1,A,
treino_multiplas,211,48fff16,2422.1,CRUZ_02,VE_ROTA_VE_CORREDOR_07,VE_ROTA_VE_TRANSVERSAL_07,BOMBEIRO,POLICIA,2,2400.0,2402.9,23.0671,14.4766,21.6533,14.4309,0,2,0.0,2.0,8,4,A,307.0,211.0,315.0,208.3,307.0,315.0,1,A,
treino_multiplas,211,48fff16,2538.8,CRUZ_08,VE_ROTA_VE_CORREDOR_07,VE_ROTA_VE_TRANSVERSAL_07,BOMBEIRO,POLICIA,2,2400.0,2402.9,25.4378,22.9771,14.4137,21.6682,0,1,0.0,0.5,4,2,A,307.0,211.0,312.2,192.9,307.0,312.2,1,A,
treino_multiplas,211,48fff16,2725.1,CRUZ_02,VE_ROTA_VE_CORREDOR_08,VE_ROTA_VE_TRANSVERSAL_08,POLICIA,AMBULANCIA,1,2700.0,2702.8,35.575,35.1028,14.0493,8.5838,0,1,0.0,1.0,8,4,B,344.1,214.5,351.8,211.8,344.1,351.8,1,A,
treino_multiplas,211,48fff16,2853.4,CRUZ_08,VE_ROTA_VE_CORREDOR_08,VE_ROTA_VE_TRANSVERSAL_08,POLICIA,AMBULANCIA,1,2700.0,2702.8,31.2508,32.0874,10.6926,15.5416,0,7,0.0,3.5,4,2,B,351.6,231.4,351.8,211.8,351.6,351.8,1,A,
treino_multiplas,212,48fff16,332.8,CRUZ_02,VE_ROTA_VE_CORREDOR_00,VE_ROTA_VE_TRANSVERSAL_00,AMBULANCIA,BOMBEIRO,1,300.0,303.5,39.9685,15.7819,12.5058,9.3053,9,0,4.5,0.0,8,4,A,310.9,249.6,332.1,257.3,310.9,332.1,1,A,
treino_multiplas,212,48fff16,474.5,CRUZ_08,VE_ROTA_VE_CORREDOR_00,VE_ROTA_VE_TRANSVERSAL_00,AMBULANCIA,BOMBEIRO,1,300.0,303.5,13.9761,74.4217,14.4345,6.7142,0,14,0.0,7.0,4,2,A,310.9,249.6,359.1,244.9,310.9,359.1,1,A,
treino_multiplas,212,48fff16,622.9,CRUZ_02,VE_ROTA_VE_CORREDOR_01,VE_ROTA_VE_TRANSVERSAL_01,BOMBEIRO,POLICIA,2,600.0,616.1,28.6043,33.0702,17.4628,11.9567,4,0,2.0,0.0,8,4,A,291.1,213.3,310.7,225.2,291.1,310.7,1,A,
treino_multiplas,212,48fff16,745.7,CRUZ_08,VE_ROTA_VE_CORREDOR_01,VE_ROTA_VE_TRANSVERSAL_01,BOMBEIRO,POLICIA,2,600.0,616.1,16.9992,44.328,14.4427,11.2621,0,0,0.0,0.0,4,2,A,291.1,213.3,291.2,219.0,291.1,291.2,1,A,
treino_multiplas,212,48fff16,923.7,CRUZ_02,VE_ROTA_VE_CORREDOR_02,VE_ROTA_VE_TRANSVERSAL_02,POLICIA,AMBULANCIA,3,900.0,912.0,30.4185,30.7912,16.3996,11.5189,0,2,0.0,2.0,8,4,B,313.8,210.2,382.5,206.5,313.8,382.5,1,A,
treino_multiplas,212,48fff16,1058.0,CRUZ_08,VE_ROTA_VE_CORREDOR_02,VE_ROTA_VE_TRANSVERSAL_02,POLICIA,AMBULANCIA,3,900.0,912.0,19.3248,27.2427,14.4184,18.3514,0,1,0.0,0.5,4,2,B,341.3,218.6,382.5,206.5,341.3,382.5,1,A,
treino_multiplas,212,48fff16,1227.9,CRUZ_02,VE_ROTA_VE_CORREDOR_03,VE_ROTA_VE_TRANSVERSAL_03,AMBULANCIA,BOMBEIRO,2,1200.0,1211.6,116.6063,17.2162,4.2859,14.4205,11,0,5.5,0.0,8,4,A,350.9,229.2,315.4,220.0,350.9,315.4,1,B,
treino_multiplas,212,48fff16,1357.2,CRUZ_08,VE_ROTA_VE_CORREDOR_03,VE_ROTA_VE_TRANSVERSAL_03,AMBULANCIA,BOMBEIRO,2,1200.0,1211.6,23.2705,27.7578,14.4343,17.9895,5,0,5.0,0.0,4,2,A,350.9,229.2,351.5,217.3,350.9,351.5,1,A,
treino_multiplas,212,48fff16,1822.5,CRUZ_02,VE_ROTA_VE_CORREDOR_05,VE_ROTA_VE_TRANSVERSAL_05,POLICIA,AMBULANCIA,2,1800.0,1808.9,43.6035,27.8883,11.4474,10.6927,0,0,0.0,0.0,8,4,B,304.1,221.6,321.4,196.5,304.1,321.4,1,A,
treino_multiplas,212,48fff16,1935.0,CRUZ_08,VE_ROTA_VE_CORREDOR_05,VE_ROTA_VE_TRANSVERSAL_05,POLICIA,AMBULANCIA,2,1800.0,1808.9,14.2292,30.2242,14.4131,16.5052,0,8,0.0,4.0,4,2,B,281.7,199.5,321.4,196.5,281.7,321.4,1,A,
treino_multiplas,212,48fff16,2122.0,CRUZ_02,VE_ROTA_VE_CORREDOR_06,VE_ROTA_VE_TRANSVERSAL_06,AMBULANCIA,BOMBEIRO,3,2100.0,2117.1,23.0107,47.9022,21.6687,8.973,0,0,0.0,0.0,8,4,A,307.2,212.8,307.3,212.9,307.2,307.3,1,A,
treino_multiplas,212,48fff16,2425.3,CRUZ_02,VE_ROTA_VE_CORREDOR_07,VE_ROTA_VE_TRANSVERSAL_07,BOMBEIRO,POLICIA,2,2400.0,2406.1,32.7177,16.9225,15.2787,12.5147,0,1,0.0,1.0,8,4,A,320.8,223.2,322.7,232.0,320.8,322.7,1,A,
treino_multiplas,212,48fff16,2734.1,CRUZ_02,VE_ROTA_VE_CORREDOR_08,VE_ROTA_VE_TRANSVERSAL_08,POLICIA,AMBULANCIA,1,2700.0,2719.9,52.7702,19.4435,9.4698,14.4304,11,1,5.5,1.0,8,4,B,318.6,212.6,328.2,184.6,318.6,328.2,1,A,
treino_multiplas,212,48fff16,3321.9,CRUZ_02,VE_ROTA_VE_CORREDOR_10,VE_ROTA_VE_TRANSVERSAL_10,BOMBEIRO,POLICIA,3,3300.0,3311.3,23.0418,28.9162,21.6434,11.7678,0,2,0.0,2.0,8,4,A,300.3,196.9,312.2,204.7,300.3,312.2,1,A,
treino_multiplas,213,48fff16,324.0,CRUZ_02,VE_ROTA_VE_CORREDOR_00,VE_ROTA_VE_TRANSVERSAL_00,AMBULANCIA,BOMBEIRO,1,300.0,311.7,107.7532,24.1659,4.6378,13.3181,5,0,2.5,0.0,8,4,A,330.0,235.5,329.4,237.8,330.0,329.4,1,B,
treino_multiplas,213,48fff16,450.1,CRUZ_08,VE_ROTA_VE_CORREDOR_00,VE_ROTA_VE_TRANSVERSAL_00,AMBULANCIA,BOMBEIRO,1,300.0,311.7,46.5074,24.5651,10.7496,13.372,4,0,4.0,0.0,5,1,A,330.0,235.5,347.9,209.3,330.0,347.9,1,A,
treino_multiplas,213,48fff16,751.7,CRUZ_08,VE_ROTA_VE_CORREDOR_01,VE_ROTA_VE_TRANSVERSAL_01,BOMBEIRO,POLICIA,2,600.0,607.0,21.0922,23.0308,14.4272,21.6434,0,9,0.0,4.5,4,2,A,286.6,226.4,353.3,206.0,286.6,353.3,1,A,
treino_multiplas,213,48fff16,922.0,CRUZ_02,VE_ROTA_VE_CORREDOR_02,VE_ROTA_VE_TRANSVERSAL_02,POLICIA,AMBULANCIA,3,900.0,903.0,23.0401,16.3486,21.6592,13.0685,0,0,0.0,0.0,8,4,B,323.3,196.2,324.1,189.7,323.3,324.1,1,A,
treino_multiplas,213,48fff16,1025.0,CRUZ_08,VE_ROTA_VE_CORREDOR_02,VE_ROTA_VE_TRANSVERSAL_02,POLICIA,AMBULANCIA,3,900.0,903.0,32.4956,22.9804,15.3797,21.6664,3,0,3.0,0.0,5,2,B,280.3,212.4,324.1,189.7,280.3,324.1,1,A,
treino_multiplas,213,48fff16,1227.2,CRUZ_02,VE_ROTA_VE_CORREDOR_03,VE_ROTA_VE_TRANSVERSAL_03,AMBULANCIA,BOMBEIRO,2,1200.0,1210.6,31.2004,24.507,16.02,10.5695,10,0,5.0,0.0,8,4,A,340.9,245.1,326.7,248.1,340.9,326.7,1,B,
treino_multiplas,213,48fff16,1361.4,CRUZ_08,VE_ROTA_VE_CORREDOR_03,VE_ROTA_VE_TRANSVERSAL_03,AMBULANCIA,BOMBEIRO,2,1200.0,1210.6,30.9535,30.9391,14.4379,16.1188,0,5,0.0,2.5,4,2,A,340.9,245.1,345.7,223.7,340.9,345.7,1,A,
treino_multiplas,213,48fff16,1822.5,CRUZ_02,VE_ROTA_VE_CORREDOR_05,VE_ROTA_VE_TRANSVERSAL_05,POLICIA,AMBULANCIA,2,1800.0,1818.9,43.5838,30.0477,11.4526,14.4274,3,0,1.5,0.0,8,4,B,346.3,192.8,305.6,193.3,346.3,305.6,1,B,
treino_multiplas,213,48fff16,1942.2,CRUZ_08,VE_ROTA_VE_CORREDOR_05,VE_ROTA_VE_TRANSVERSAL_05,POLICIA,AMBULANCIA,2,1800.0,1818.9,10.7232,22.9795,14.4139,21.6671,0,1,0.0,0.5,4,2,B,286.9,197.7,305.6,193.3,286.9,305.6,1,A,
treino_multiplas,213,48fff16,2123.9,CRUZ_02,VE_ROTA_VE_CORREDOR_06,VE_ROTA_VE_TRANSVERSAL_06,AMBULANCIA,BOMBEIRO,3,2100.0,2118.6,23.9512,56.2161,20.822,7.9276,0,0,0.0,0.0,8,4,A,325.8,215.5,326.0,215.5,325.8,326.0,1,A,
treino_multiplas,213,48fff16,2424.0,CRUZ_02,VE_ROTA_VE_CORREDOR_07,VE_ROTA_VE_TRANSVERSAL_07,BOMBEIRO,POLICIA,2,2400.0,2410.9,30.7841,20.5844,16.2417,14.425,0,1,0.0,1.0,8,4,A,290.3,207.8,280.5,201.3,290.3,280.5,1,B,
treino_multiplas,213,48fff16,2535.4,CRUZ_08,VE_ROTA_VE_CORREDOR_07,VE_ROTA_VE_TRANSVERSAL_07,BOMBEIRO,POLICIA,2,2400.0,2410.9,30.3422,24.6459,14.4159,20.2411,0,0,0.0,0.0,4,2,A,290.3,207.8,315.4,197.4,290.3,315.4,1,A,
treino_multiplas,213,48fff16,2729.5,CRUZ_02,VE_ROTA_VE_CORREDOR_08,VE_ROTA_VE_TRANSVERSAL_08,POLICIA,AMBULANCIA,1,2700.0,2714.8,50.1992,18.9349,9.9494,14.436,13,0,6.5,0.0,8,4,B,355.9,205.3,303.1,180.7,355.9,303.1,1,B,
treino_multiplas,213,48fff16,3322.1,CRUZ_02,VE_ROTA_VE_CORREDOR_10,VE_ROTA_VE_TRANSVERSAL_10,BOMBEIRO,POLICIA,3,3300.0,3311.2,25.8398,22.7569,19.2973,14.4428,0,1,0.0,1.0,8,4,A,287.1,209.9,283.8,209.0,287.1,283.8,1,B,
treino_multiplas,213,48fff16,3443.4,CRUZ_08,VE_ROTA_VE_CORREDOR_10,VE_ROTA_VE_TRANSVERSAL_10,BOMBEIRO,POLICIA,3,3300.0,3311.2,21.484,23.0733,14.4408,21.6656,0,1,0.0,0.5,4,2,A,287.1,209.9,332.1,195.4,287.1,332.1,1,A,
treino_multiplas,214,48fff16,322.5,CRUZ_02,VE_ROTA_VE_CORREDOR_00,VE_ROTA_VE_TRANSVERSAL_00,AMBULANCIA,BOMBEIRO,1,300.0,312.5,44.0332,23.5313,11.3298,14.4135,3,0,1.5,0.0,8,4,A,315.4,225.0,314.5,232.7,315.4,314.5,1,B,
treino_multiplas,214,48fff16,441.6,CRUZ_08,VE_ROTA_VE_CORREDOR_00,VE_ROTA_VE_TRANSVERSAL_00,AMBULANCIA,BOMBEIRO,1,300.0,312.5,51.0784,26.4907,9.7829,17.4449,1,0,1.0,0.0,5,1,A,315.4,225.0,331.4,206.4,315.4,331.4,1,A,
treino_multiplas,214,48fff16,626.1,CRUZ_02,VE_ROTA_VE_CORREDOR_01,VE_ROTA_VE_TRANSVERSAL_01,BOMBEIRO,POLICIA,2,600.0,602.1,27.5394,17.9468,18.1397,9.3972,0,3,0.0,3.0,8,4,A,325.3,223.5,301.0,245.0,325.3,301.0,1,B,
treino_multiplas,214,48fff16,770.8,CRUZ_08,VE_ROTA_VE_CORREDOR_01,VE_ROTA_VE_TRANSVERSAL_01,BOMBEIRO,POLICIA,2,600.0,602.1,18.6543,23.0041,14.4417,21.6618,0,3,0.0,1.5,4,2,A,325.3,223.5,356.7,216.0,325.3,356.7,1,A,
treino_multiplas,214,48fff16,922.0,CRUZ_02,VE_ROTA_VE_CORREDOR_02,VE_ROTA_VE_TRANSVERSAL_02,POLICIA,AMBULANCIA,3,900.0,917.6,23.0372,29.254,21.6613,14.4241,0,1,0.0,1.0,8,4,B,306.4,187.4,310.5,188.8,306.4,310.5,1,A,
treino_multiplas,214,48fff16,1039.3,CRUZ_08,VE_ROTA_VE_CORREDOR_02,VE_ROTA_VE_TRANSVERSAL_02,POLICIA,AMBULANCIA,3,900.0,917.6,30.6708,23.0709,14.4325,21.6645,2,0,2.0,0.0,4,2,B,301.0,203.7,310.5,188.8,301.0,310.5,1,A,
treino_multiplas,214,48fff16,1223.4,CRUZ_02,VE_ROTA_VE_CORREDOR_03,VE_ROTA_VE_TRANSVERSAL_03,AMBULANCIA,BOMBEIRO,2,1200.0,1207.5,48.2149,17.5938,10.3637,14.4392,4,0,2.0,0.0,8,4,A,258.7,204.6,317.1,172.4,258.7,317.1,1,A,
treino_multiplas,214,48fff16,1327.4,CRUZ_08,VE_ROTA_VE_CORREDOR_03,VE_ROTA_VE_TRANSVERSAL_03,AMBULANCIA,BOMBEIRO,2,1200.0,1207.5,30.2794,20.8521,16.4627,21.6565,3,2,3.0,1.0,5,1,A,258.7,204.6,271.2,173.9,258.7,271.2,1,A,
treino_multiplas,214,48fff16,1830.4,CRUZ_02,VE_ROTA_VE_CORREDOR_05,VE_ROTA_VE_TRANSVERSAL_05,POLICIA,AMBULANCIA,2,1800.0,1805.0,124.9125,16.0714,3.9467,10.4553,0,1,0.0,1.0,8,4,B,352.4,218.2,335.3,184.1,352.4,335.3,1,B,
treino_multiplas,214,48fff16,1946.3,CRUZ_08,VE_ROTA_VE_CORREDOR_05,VE_ROTA_VE_TRANSVERSAL_05,POLICIA,AMBULANCIA,2,1800.0,1805.0,54.0405,12.3861,9.2388,16.7721,0,0,0.0,0.0,5,1,B,335.3,220.4,335.3,184.1,335.3,335.3,1,EMPATE,
treino_multiplas,214,48fff16,2122.0,CRUZ_02,VE_ROTA_VE_CORREDOR_06,VE_ROTA_VE_TRANSVERSAL_06,AMBULANCIA,BOMBEIRO,3,2100.0,2114.0,23.0184,42.086,21.6583,9.9298,0,0,0.0,0.0,8,4,A,291.4,197.4,291.4,197.9,291.4,291.4,1,EMPATE,
treino_multiplas,214,48fff16,2544.6,CRUZ_08,VE_ROTA_VE_CORREDOR_07,VE_ROTA_VE_TRANSVERSAL_07,BOMBEIRO,POLICIA,2,2400.0,2401.0,36.3849,23.044,13.4539,21.6674,2,4,2.0,2.0,5,2,A,320.7,197.6,326.5,197.6,320.7,326.5,1,A,
treino_multiplas,214,48fff16,2722.4,CRUZ_02,VE_ROTA_VE_CORREDOR_08,VE_ROTA_VE_TRANSVERSAL_08,POLICIA,AMBULANCIA,1,2700.0,2717.2,29.7908,28.4543,16.7646,14.4236,14,0,7.0,0.0,8,4,B,318.5,187.7,316.6,182.0,318.5,316.6,1,B,
treino_multiplas,214,48fff16,2849.4,CRUZ_08,VE_ROTA_VE_CORREDOR_08,VE_ROTA_VE_TRANSVERSAL_08,POLICIA,AMBULANCIA,1,2700.0,2717.2,36.8881,11.7648,13.5323,21.6516,3,0,3.0,0.0,5,1,B,301.6,207.3,316.6,182.0,301.6,316.6,1,A,
treino_multiplas,214,48fff16,3321.9,CRUZ_02,VE_ROTA_VE_CORREDOR_10,VE_ROTA_VE_TRANSVERSAL_10,BOMBEIRO,POLICIA,3,3300.0,3301.5,23.044,13.2761,21.6431,14.4332,0,1,0.0,1.0,8,4,A,260.9,198.4,261.7,193.1,260.9,261.7,1,A,
treino_multiplas,215,48fff16,329.1,CRUZ_02,VE_ROTA_VE_CORREDOR_00,VE_ROTA_VE_TRANSVERSAL_00,AMBULANCIA,BOMBEIRO,1,300.0,317.2,124.9805,21.6071,1.4876,14.4281,7,0,3.5,0.0,8,4,A,334.7,222.1,319.0,199.1,334.7,319.0,1,B,
treino_multiplas,215,48fff16,445.6,CRUZ_08,VE_ROTA_VE_CORREDOR_00,VE_ROTA_VE_TRANSVERSAL_00,AMBULANCIA,BOMBEIRO,1,300.0,317.2,56.6507,23.0718,8.4588,21.6562,2,0,2.0,0.0,5,2,A,334.7,222.1,356.4,203.1,334.7,356.4,1,A,
treino_multiplas,215,48fff16,623.6,CRUZ_02,VE_ROTA_VE_CORREDOR_01,VE_ROTA_VE_TRANSVERSAL_01,BOMBEIRO,POLICIA,2,600.0,604.1,35.2931,25.0328,14.1561,9.5617,0,0,0.0,0.0,8,4,A,304.5,237.7,341.9,252.1,304.5,341.9,1,A,
treino_multiplas,215,48fff16,922.0,CRUZ_02,VE_ROTA_VE_CORREDOR_02,VE_ROTA_VE_TRANSVERSAL_02,POLICIA,AMBULANCIA,3,900.0,905.0,23.0447,29.9618,21.6555,10.1946,0,0,0.0,0.0,8,4,B,271.4,196.8,324.3,197.9,271.4,324.3,1,A,
treino_multiplas,215,48fff16,1035.5,CRUZ_08,VE_ROTA_VE_CORREDOR_02,VE_ROTA_VE_TRANSVERSAL_02,POLICIA,AMBULANCIA,3,900.0,905.0,14.0751,24.7123,14.421,20.2007,0,3,0.0,1.5,4,2,B,277.3,201.4,324.3,197.9,277.3,324.3,1,A,
treino_multiplas,215,48fff16,1353.7,CRUZ_08,VE_ROTA_VE_CORREDOR_03,VE_ROTA_VE_TRANSVERSAL_03,AMBULANCIA,BOMBEIRO,2,1200.0,1200.4,56.5614,22.8779,8.8284,21.6643,0,1,0.0,0.5,5,2,A,311.3,236.9,347.8,209.1,311.3,347.8,1,A,
treino_multiplas,215,48fff16,1824.0,CRUZ_02,VE_ROTA_VE_CORREDOR_05,VE_ROTA_VE_TRANSVERSAL_05,POLICIA,AMBULANCIA,2,1800.0,1806.5,106.2979,26.9922,4.7024,10.7085,0,3,0.0,3.0,8,4,B,284.5,221.8,309.1,178.8,284.5,309.1,1,A,
treino_multiplas,215,48fff16,1932.4,CRUZ_08,VE_ROTA_VE_CORREDOR_05,VE_ROTA_VE_TRANSVERSAL_05,POLICIA,AMBULANCIA,2,1800.0,1806.5,30.0567,20.4514,16.6294,21.6479,0,0,0.0,0.0,5,1,B,306.4,197.2,309.1,178.8,306.4,309.1,1,A,
treino_multiplas,215,48fff16,2122.5,CRUZ_02,VE_ROTA_VE_CORREDOR_06,VE_ROTA_VE_TRANSVERSAL_06,AMBULANCIA,BOMBEIRO,3,2100.0,2106.5,28.3612,17.5174,17.5687,14.4199,0,0,0.0,0.0,8,4,A,297.0,209.8,301.2,163.0,297.0,301.2,1,A,
treino_multiplas,215,48fff16,2242.3,CRUZ_08,VE_ROTA_VE_CORREDOR_06,VE_ROTA_VE_TRANSVERSAL_06,AMBULANCIA,BOMBEIRO,3,2100.0,2106.5,35.3776,23.0746,13.0462,21.661,2,1,2.0,0.5,4,2,A,297.0,209.8,303.2,184.7,297.0,303.2,1,A,
treino_multiplas,215,48fff16,2421.9,CRUZ_02,VE_ROTA_VE_CORREDOR_07,VE_ROTA_VE_TRANSVERSAL_07,BOMBEIRO,POLICIA,2,2400.0,2407.6,23.0198,19.3952,21.6629,14.4171,0,2,0.0,2.0,8,4,A,291.9,220.7,323.3,249.6,291.9,323.3,1,A,
treino_multiplas,215,48fff16,2550.5,CRUZ_08,VE_ROTA_VE_CORREDOR_07,VE_ROTA_VE_TRANSVERSAL_07,BOMBEIRO,POLICIA,2,2400.0,2407.6,15.1997,43.1079,14.4309,11.5861,0,4,0.0,2.0,4,2,A,291.9,220.7,328.2,211.3,291.9,328.2,1,A,
treino_multiplas,215,48fff16,2723.3,CRUZ_02,VE_ROTA_VE_CORREDOR_08,VE_ROTA_VE_TRANSVERSAL_08,POLICIA,AMBULANCIA,1,2700.0,2701.6,49.2836,25.2279,10.1454,10.1588,0,0,0.0,0.0,8,4,B,303.8,233.1,330.1,214.1,303.8,330.1,1,A,
treino_multiplas,215,48fff16,2859.2,CRUZ_08,VE_ROTA_VE_CORREDOR_08,VE_ROTA_VE_TRANSVERSAL_08,POLICIA,AMBULANCIA,1,2700.0,2701.6,19.2897,23.0327,14.433,21.6694,0,0,0.0,0.0,4,2,B,328.0,231.1,330.1,214.1,328.0,330.1,1,A,
treino_multiplas,215,48fff16,3323.5,CRUZ_02,VE_ROTA_VE_CORREDOR_10,VE_ROTA_VE_TRANSVERSAL_10,BOMBEIRO,POLICIA,3,3300.0,3307.7,42.777,17.8727,11.6807,14.4344,0,1,0.0,1.0,8,4,A,286.2,192.6,287.1,188.1,286.2,287.1,1,A,
treino_multiplas,216,48fff16,325.4,CRUZ_02,VE_ROTA_VE_CORREDOR_00,VE_ROTA_VE_TRANSVERSAL_00,AMBULANCIA,BOMBEIRO,1,300.0,305.0,107.759,13.104,4.6373,14.4326,4,0,2.0,0.0,8,4,A,333.9,253.2,332.2,253.6,333.9,332.2,1,B,
treino_multiplas,216,48fff16,456.0,CRUZ_08,VE_ROTA_VE_CORREDOR_00,VE_ROTA_VE_TRANSVERSAL_00,AMBULANCIA,BOMBEIRO,1,300.0,305.0,36.7378,25.1609,13.6082,13.9124,0,0,0.0,0.0,5,1,A,333.9,253.2,363.4,228.6,333.9,363.4,1,A,
treino_multiplas,216,48fff16,621.9,CRUZ_02,VE_ROTA_VE_CORREDOR_01,VE_ROTA_VE_TRANSVERSAL_01,BOMBEIRO,POLICIA,2,600.0,605.9,23.0371,17.6993,21.6472,14.413,5,0,2.5,0.0,8,4,A,288.0,218.0,287.3,215.8,288.0,287.3,1,B,
treino_multiplas,216,48fff16,753.3,CRUZ_08,VE_ROTA_VE_CORREDOR_01,VE_ROTA_VE_TRANSVERSAL_01,BOMBEIRO,POLICIA,2,600.0,605.9,15.2731,22.9929,14.4301,21.6539,0,6,0.0,3.0,4,2,A,288.0,218.0,310.1,205.6,288.0,310.1,1,A,
treino_multiplas,216,48fff16,926.1,CRUZ_02,VE_ROTA_VE_CORREDOR_02,VE_ROTA_VE_TRANSVERSAL_02,POLICIA,AMBULANCIA,3,900.0,909.2,32.7763,16.7504,15.2539,14.4239,0,1,0.0,1.0,8,4,B,290.7,189.9,293.4,188.3,290.7,293.4,1,A,
treino_multiplas,216,48fff16,1025.7,CRUZ_08,VE_ROTA_VE_CORREDOR_02,VE_ROTA_VE_TRANSVERSAL_02,POLICIA,AMBULANCIA,3,900.0,909.2,35.1672,27.7817,14.1912,14.1398,0,0,0.0,0.0,5,1,B,291.4,215.5,293.4,188.3,291.4,293.4,1,A,
treino_multiplas,216,48fff16,1230.8,CRUZ_02,VE_ROTA_VE_CORREDOR_03,VE_ROTA_VE_TRANSVERSAL_03,AMBULANCIA,BOMBEIRO,2,1200.0,1204.3,69.9512,20.4038,7.1457,10.4901,7,1,3.5,1.0,8,4,A,296.2,228.0,334.4,216.0,296.2,334.4,1,A,
treino_multiplas,216,48fff16,1962.2,CRUZ_08,VE_ROTA_VE_CORREDOR_05,VE_ROTA_VE_TRANSVERSAL_05,POLICIA,AMBULANCIA,2,1800.0,1805.9,56.1348,12.2822,8.8984,21.6667,0,0,0.0,0.0,5,1,B,330.9,235.5,331.1,199.1,330.9,331.1,1,A,
treino_multiplas,216,48fff16,2421.9,CRUZ_02,VE_ROTA_VE_CORREDOR_07,VE_ROTA_VE_TRANSVERSAL_07,BOMBEIRO,POLICIA,2,2400.0,2411.5,23.0141,31.6591,21.6695,11.2456,0,1,0.0,1.0,8,4,A,284.0,198.4,322.7,208.4,284.0,322.7,1,A,
treino_multiplas,216,48fff16,2722.0,CRUZ_02,VE_ROTA_VE_CORREDOR_08,VE_ROTA_VE_TRANSVERSAL_08,POLICIA,AMBULANCIA,1,2700.0,2713.2,23.045,32.2624,21.6547,11.5099,0,1,0.0,1.0,8,4,B,322.3,196.5,322.6,169.9,322.3,322.6,1,A,
treino_multiplas,216,48fff16,3322.1,CRUZ_02,VE_ROTA_VE_CORREDOR_10,VE_ROTA_VE_TRANSVERSAL_10,BOMBEIRO,POLICIA,3,3300.0,3309.0,23.0767,20.5705,21.6483,14.4357,0,1,0.0,1.0,8,4,A,306.3,229.7,288.2,198.7,306.3,288.2,1,B,
treino_multiplas,217,48fff16,453.8,CRUZ_08,VE_ROTA_VE_CORREDOR_00,VE_ROTA_VE_TRANSVERSAL_00,AMBULANCIA,BOMBEIRO,1,300.0,301.2,38.9932,10.7709,12.8074,15.8182,3,0,3.0,0.0,5,1,A,316.3,240.1,323.4,210.3,316.3,323.4,1,A,
treino_multiplas,217,48fff16,621.9,CRUZ_02,VE_ROTA_VE_CORREDOR_01,VE_ROTA_VE_TRANSVERSAL_01,BOMBEIRO,POLICIA,2,600.0,613.7,25.0174,32.9358,19.9751,11.8367,2,0,1.0,0.0,8,4,A,299.5,222.0,301.6,227.7,299.5,301.6,1,A,
treino_multiplas,217,48fff16,747.2,CRUZ_08,VE_ROTA_VE_CORREDOR_01,VE_ROTA_VE_TRANSVERSAL_01,BOMBEIRO,POLICIA,2,600.0,613.7,27.9351,37.2509,14.4159,13.4183,1,4,1.0,2.0,4,2,A,299.5,222.0,327.0,199.0,299.5,327.0,1,A,
treino_multiplas,217,48fff16,922.0,CRUZ_02,VE_ROTA_VE_CORREDOR_02,VE_ROTA_VE_TRANSVERSAL_02,POLICIA,AMBULANCIA,3,900.0,907.9,23.0481,19.55,21.6516,14.4244,0,1,0.0,1.0,8,4,B,289.5,186.9,308.0,193.4,289.5,308.0,1,A,
treino_multiplas,217,48fff16,1025.0,CRUZ_08,VE_ROTA_VE_CORREDOR_02,VE_ROTA_VE_TRANSVERSAL_02,POLICIA,AMBULANCIA,3,900.0,907.9,23.934,44.0085,14.4152,11.3464,3,0,3.0,0.0,4,2,B,276.9,197.5,308.0,193.4,276.9,308.0,1,A,
treino_multiplas,217,48fff16,1230.8,CRUZ_02,VE_ROTA_VE_CORREDOR_03,VE_ROTA_VE_TRANSVERSAL_03,AMBULANCIA,BOMBEIRO,2,1200.0,1217.5,77.1554,20.2027,6.4803,14.4309,5,1,2.5,1.0,8,4,A,312.9,227.4,314.1,212.1,312.9,314.1,1,A,
treino_multiplas,217,48fff16,1822.0,CRUZ_02,VE_ROTA_VE_CORREDOR_05,VE_ROTA_VE_TRANSVERSAL_05,POLICIA,AMBULANCIA,2,1800.0,1811.6,23.0482,23.2506,21.652,14.4252,0,1,0.0,1.0,8,4,B,298.3,170.0,298.3,170.0,298.3,298.3,1,EMPATE,
treino_multiplas,217,48fff16,2128.4,CRUZ_02,VE_ROTA_VE_CORREDOR_06,VE_ROTA_VE_TRANSVERSAL_06,AMBULANCIA,BOMBEIRO,3,2100.0,2100.6,50.7663,11.6498,9.8466,11.8619,3,0,1.5,0.0,8,4,A,303.7,240.3,278.0,224.0,303.7,278.0,1,B,
treino_multiplas,217,48fff16,2243.5,CRUZ_08,VE_ROTA_VE_CORREDOR_06,VE_ROTA_VE_TRANSVERSAL_06,AMBULANCIA,BOMBEIRO,3,2100.0,2100.6,29.4088,22.9905,14.4235,21.6653,0,7,0.0,3.5,4,2,A,303.7,240.3,330.6,205.1,303.7,330.6,1,A,
treino_multiplas,217,48fff16,2533.2,CRUZ_08,VE_ROTA_VE_CORREDOR_07,VE_ROTA_VE_TRANSVERSAL_07,BOMBEIRO,POLICIA,2,2400.0,2402.0,49.4292,47.7933,9.6069,10.4596,0,0,0.0,0.0,4,2,A,291.4,222.1,342.0,211.9,291.4,342.0,1,A,
treino_multiplas,217,48fff16,2724.0,CRUZ_02,VE_ROTA_VE_CORREDOR_08,VE_ROTA_VE_TRANSVERSAL_08,POLICIA,AMBULANCIA,1,2700.0,2704.0,105.2492,25.4635,4.75,10.0989,0,1,0.0,1.0,8,4,B,379.7,237.1,327.4,194.2,379.7,327.4,1,B,
treino_multiplas,217,48fff16,3321.9,CRUZ_02,VE_ROTA_VE_CORREDOR_10,VE_ROTA_VE_TRANSVERSAL_10,BOMBEIRO,POLICIA,3,3300.0,3307.7,23.0208,19.4765,21.6627,14.4308,0,3,0.0,3.0,8,4,A,286.6,220.3,310.4,234.2,286.6,310.4,1,A,
treino_multiplas,218,48fff16,456.1,CRUZ_08,VE_ROTA_VE_CORREDOR_00,VE_ROTA_VE_TRANSVERSAL_00,AMBULANCIA,BOMBEIRO,1,300.0,307.5,46.3222,20.4845,10.7824,13.828,3,1,3.0,0.5,5,1,A,332.4,246.1,353.8,213.6,332.4,353.8,1,A,
treino_multiplas,218,48fff16,636.8,CRUZ_02,VE_ROTA_VE_CORREDOR_01,VE_ROTA_VE_TRANSVERSAL_01,BOMBEIRO,POLICIA,2,600.0,604.5,35.2456,14.7381,14.1552,9.7052,0,2,0.0,2.0,8,4,A,299.2,219.7,297.0,233.8,299.2,297.0,1,B,
treino_multiplas,218,48fff16,937.8,CRUZ_02,VE_ROTA_VE_CORREDOR_02,VE_ROTA_VE_TRANSVERSAL_02,POLICIA,AMBULANCIA,3,900.0,918.3,124.9944,21.4819,1.2748,11.3997,0,1,0.0,1.0,8,4,B,347.6,219.6,342.2,179.4,347.6,342.2,1,B,
treino_multiplas,218,48fff16,1045.7,CRUZ_08,VE_ROTA_VE_CORREDOR_02,VE_ROTA_VE_TRANSVERSAL_02,POLICIA,AMBULANCIA,3,900.0,918.3,56.7182,22.9968,8.4488,21.6521,0,11,0.0,5.5,5,2,B,335.5,196.4,342.2,179.4,335.5,342.2,1,A,
treino_multiplas,218,48fff16,1222.6,CRUZ_02,VE_ROTA_VE_CORREDOR_03,VE_ROTA_VE_TRANSVERSAL_03,AMBULANCIA,BOMBEIRO,2,1200.0,1209.5,31.1205,20.4062,16.0464,14.4289,0,2,0.0,2.0,8,4,A,293.1,195.1,293.0,196.7,293.1,293.0,1,B,
treino_multiplas,218,48fff16,1337.8,CRUZ_08,VE_ROTA_VE_CORREDOR_03,VE_ROTA_VE_TRANSVERSAL_03,AMBULANCIA,BOMBEIRO,2,1200.0,1209.5,20.48,23.0288,14.4325,21.6482,2,0,2.0,0.0,4,2,A,293.1,195.1,293.3,184.8,293.1,293.3,1,A,
treino_multiplas,218,48fff16,1832.0,CRUZ_02,VE_ROTA_VE_CORREDOR_05,VE_ROTA_VE_TRANSVERSAL_05,POLICIA,AMBULANCIA,2,1800.0,1819.7,124.9961,39.7697,2.6974,9.4848,0,2,0.0,2.0,8,4,B,317.4,204.6,341.6,216.4,317.4,341.6,1,A,
treino_multiplas,218,48fff16,1968.3,CRUZ_08,VE_ROTA_VE_CORREDOR_05,VE_ROTA_VE_TRANSVERSAL_05,POLICIA,AMBULANCIA,2,1800.0,1819.7,26.9342,23.0262,14.4148,21.6706,2,0,2.0,0.0,4,2,B,305.7,229.1,341.6,216.4,305.7,341.6,1,A,
treino_multiplas,218,48fff16,2421.9,CRUZ_02,VE_ROTA_VE_CORREDOR_07,VE_ROTA_VE_TRANSVERSAL_07,BOMBEIRO,POLICIA,2,2400.0,2411.0,23.0439,29.559,21.6414,11.6342,0,0,0.0,0.0,8,4,A,267.5,210.7,330.1,219.6,267.5,330.1,1,A,
treino_multiplas,218,48fff16,2538.1,CRUZ_08,VE_ROTA_VE_CORREDOR_07,VE_ROTA_VE_TRANSVERSAL_07,BOMBEIRO,POLICIA,2,2400.0,2411.0,20.5143,23.0715,14.4284,21.6676,0,2,0.0,1.0,4,2,A,267.5,210.7,333.0,196.3,267.5,333.0,1,A,
treino_multiplas,218,48fff16,2722.0,CRUZ_02,VE_ROTA_VE_CORREDOR_08,VE_ROTA_VE_TRANSVERSAL_08,POLICIA,AMBULANCIA,1,2700.0,2705.7,23.0425,17.3981,21.6573,14.3852,0,0,0.0,0.0,8,4,B,310.6,180.5,291.7,177.0,310.6,291.7,1,B,
treino_multiplas,218,48fff16,2820.9,CRUZ_08,VE_ROTA_VE_CORREDOR_08,VE_ROTA_VE_TRANSVERSAL_08,POLICIA,AMBULANCIA,1,2700.0,2705.7,18.7061,22.9946,14.416,21.6506,0,0,0.0,0.0,4,2,B,259.3,186.7,291.7,177.0,259.3,291.7,1,A,
treino_multiplas,218,48fff16,3323.9,CRUZ_02,VE_ROTA_VE_CORREDOR_10,VE_ROTA_VE_TRANSVERSAL_10,BOMBEIRO,POLICIA,3,3300.0,3302.3,105.6252,14.0856,4.7327,12.5862,0,1,0.0,1.0,8,4,A,315.9,229.3,336.4,186.1,315.9,336.4,1,A,
treino_multiplas,219,48fff16,322.5,CRUZ_02,VE_ROTA_VE_CORREDOR_00,VE_ROTA_VE_TRANSVERSAL_00,AMBULANCIA,BOMBEIRO,1,300.0,301.6,44.0333,16.0733,11.3298,12.9395,3,0,1.5,0.0,8,4,A,330.4,231.7,330.7,231.4,330.4,330.7,1,A,
treino_multiplas,219,48fff16,445.5,CRUZ_08,VE_ROTA_VE_CORREDOR_00,VE_ROTA_VE_TRANSVERSAL_00,AMBULANCIA,BOMBEIRO,1,300.0,301.6,45.1278,22.3401,11.0763,15.0879,2,0,2.0,0.0,5,1,A,330.4,231.7,352.2,210.2,330.4,352.2,1,A,
treino_multiplas,219,48fff16,622.1,CRUZ_02,VE_ROTA_VE_CORREDOR_01,VE_ROTA_VE_TRANSVERSAL_01,BOMBEIRO,POLICIA,2,600.0,613.2,27.3642,24.7703,18.2425,14.4331,0,2,0.0,2.0,8,4,A,296.4,211.0,294.4,209.9,296.4,294.4,1,B,
treino_multiplas,219,48fff16,753.8,CRUZ_08,VE_ROTA_VE_CORREDOR_01,VE_ROTA_VE_TRANSVERSAL_01,BOMBEIRO,POLICIA,2,600.0,613.2,18.5256,22.9862,14.414,21.6609,0,2,0.0,1.0,4,2,A,296.4,211.0,311.3,197.2,296.4,311.3,1,A,
treino_multiplas,219,48fff16,922.0,CRUZ_02,VE_ROTA_VE_CORREDOR_02,VE_ROTA_VE_TRANSVERSAL_02,POLICIA,AMBULANCIA,3,900.0,919.3,23.0473,30.9383,21.6518,14.4315,0,1,0.0,1.0,8,4,B,279.7,229.1,313.5,174.7,279.7,313.5,1,A,
treino_multiplas,219,48fff16,1224.7,CRUZ_02,VE_ROTA_VE_CORREDOR_03,VE_ROTA_VE_TRANSVERSAL_03,AMBULANCIA,BOMBEIRO,2,1200.0,1202.4,60.9888,16.7736,8.1922,11.9301,9,0,4.5,0.0,8,4,A,314.1,219.7,313.2,210.1,314.1,313.2,1,B,
treino_multiplas,219,48fff16,1340.9,CRUZ_08,VE_ROTA_VE_CORREDOR_03,VE_ROTA_VE_TRANSVERSAL_03,AMBULANCIA,BOMBEIRO,2,1200.0,1202.4,31.432,124.9618,14.4163,1.58,2,0,2.0,0.0,4,2,A,314.1,219.7,348.3,207.0,314.1,348.3,1,A,
treino_multiplas,219,48fff16,1824.0,CRUZ_02,VE_ROTA_VE_CORREDOR_05,VE_ROTA_VE_TRANSVERSAL_05,POLICIA,AMBULANCIA,2,1800.0,1809.4,104.5971,29.056,4.7798,11.3048,4,0,2.0,0.0,8,4,B,335.3,228.1,319.3,186.9,335.3,319.3,1,B,
treino_multiplas,219,48fff16,2123.6,CRUZ_02,VE_ROTA_VE_CORREDOR_06,VE_ROTA_VE_TRANSVERSAL_06,AMBULANCIA,BOMBEIRO,3,2100.0,2107.6,34.3401,28.1692,14.5502,11.1522,0,0,0.0,0.0,8,4,A,305.4,236.5,324.7,205.8,305.4,324.7,1,A,
treino_multiplas,219,48fff16,2257.8,CRUZ_08,VE_ROTA_VE_CORREDOR_06,VE_ROTA_VE_TRANSVERSAL_06,AMBULANCIA,BOMBEIRO,3,2100.0,2107.6,21.5919,42.5702,14.4293,11.7407,0,0,0.0,0.0,4,2,A,305.4,236.5,354.0,230.0,305.4,354.0,1,A,
treino_multiplas,219,48fff16,2421.9,CRUZ_02,VE_ROTA_VE_CORREDOR_07,VE_ROTA_VE_TRANSVERSAL_07,BOMBEIRO,POLICIA,2,2400.0,2400.6,23.017,12.3718,21.6665,14.4382,0,1,0.0,1.0,8,4,A,300.1,236.8,304.3,208.6,300.1,304.3,1,A,
treino_multiplas,219,48fff16,2542.8,CRUZ_08,VE_ROTA_VE_CORREDOR_07,VE_ROTA_VE_TRANSVERSAL_07,BOMBEIRO,POLICIA,2,2400.0,2400.6,40.6073,29.6122,12.307,13.3013,0,0,0.0,0.0,5,1,A,300.1,236.8,341.6,214.9,300.1,341.6,1,A,
treino_multiplas,219,48fff16,2723.5,CRUZ_02,VE_ROTA_VE_CORREDOR_08,VE_ROTA_VE_TRANSVERSAL_08,POLICIA,AMBULANCIA,1,2700.0,2714.2,46.2941,33.7225,10.7838,10.8147,10,0,5.0,0.0,8,4,B,338.9,201.7,339.1,191.2,338.9,339.1,1,A,
treino_multiplas,219,48fff16,3335.8,CRUZ_02,VE_ROTA_VE_CORREDOR_10,VE_ROTA_VE_TRANSVERSAL_10,BOMBEIRO,POLICIA,3,3300.0,3311.0,47.7385,10.8706,10.4681,12.3912,0,0,0.0,0.0,8,4,A,357.4,249.4,294.9,223.5,357.4,294.9,1,B,
treino_multiplas,220,48fff16,322.5,CRUZ_02,VE_ROTA_VE_CORREDOR_00,VE_ROTA_VE_TRANSVERSAL_00,AMBULANCIA,BOMBEIRO,1,300.0,303.1,44.0026,14.1015,11.338,14.4341,3,0,1.5,0.0,8,4,A,350.9,242.6,358.2,183.6,350.9,358.2,1,A,
treino_multiplas,220,48fff16,453.8,CRUZ_08,VE_ROTA_VE_CORREDOR_00,VE_ROTA_VE_TRANSVERSAL_00,AMBULANCIA,BOMBEIRO,1,300.0,303.1,48.8516,19.8613,10.227,21.6447,6,0,6.0,0.0,5,1,A,350.9,242.6,355.0,212.7,350.9,355.0,1,A,
treino_multiplas,220,48fff16,626.5,CRUZ_02,VE_ROTA_VE_CORREDOR_01,VE_ROTA_VE_TRANSVERSAL_01,BOMBEIRO,POLICIA,2,600.0,611.8,33.7576,30.4939,14.7956,11.2179,0,0,0.0,0.0,8,4,A,294.2,223.4,332.2,236.7,294.2,332.2,1,A,
treino_multiplas,220,48fff16,756.3,CRUZ_08,VE_ROTA_VE_CORREDOR_01,VE_ROTA_VE_TRANSVERSAL_01,BOMBEIRO,POLICIA,2,600.0,611.8,19.611,28.6798,14.4302,17.4127,0,9,0.0,4.5,4,2,A,294.2,223.4,339.1,212.4,294.2,339.1,1,A,
treino_multiplas,220,48fff16,924.3,CRUZ_02,VE_ROTA_VE_CORREDOR_02,VE_ROTA_VE_TRANSVERSAL_02,POLICIA,AMBULANCIA,3,900.0,908.1,29.4993,21.6931,16.9172,12.2739,2,0,1.0,0.0,8,4,B,301.7,243.7,332.9,189.0,301.7,332.9,1,A,
treino_multiplas,220,48fff16,1224.0,CRUZ_02,VE_ROTA_VE_CORREDOR_03,VE_ROTA_VE_TRANSVERSAL_03,AMBULANCIA,BOMBEIRO,2,1200.0,1205.8,95.2668,15.2991,5.2434,14.4362,7,0,3.5,0.0,8,4,A,314.1,209.5,319.2,162.0,314.1,319.2,1,A,
treino_multiplas,220,48fff16,1334.2,CRUZ_08,VE_ROTA_VE_CORREDOR_03,VE_ROTA_VE_TRANSVERSAL_03,AMBULANCIA,BOMBEIRO,2,1200.0,1205.8,55.671,29.9512,8.9711,15.0126,0,0,0.0,0.0,5,1,A,314.1,209.5,362.0,193.4,314.1,362.0,1,A,
treino_multiplas,220,48fff16,2123.0,CRUZ_02,VE_ROTA_VE_CORREDOR_06,VE_ROTA_VE_TRANSVERSAL_06,AMBULANCIA,BOMBEIRO,3,2100.0,2116.9,34.142,27.3859,14.6102,14.4393,16,0,8.0,0.0,8,4,A,313.8,233.3,327.3,215.8,313.8,327.3,1,A,
treino_multiplas,220,48fff16,2255.1,CRUZ_08,VE_ROTA_VE_CORREDOR_06,VE_ROTA_VE_TRANSVERSAL_06,AMBULANCIA,BOMBEIRO,3,2100.0,2116.9,49.4525,23.0661,9.6007,21.6525,5,0,5.0,0.0,4,2,A,313.8,233.3,320.4,211.9,313.8,320.4,1,A,
treino_multiplas,220,48fff16,2427.4,CRUZ_02,VE_ROTA_VE_CORREDOR_07,VE_ROTA_VE_TRANSVERSAL_07,BOMBEIRO,POLICIA,2,2400.0,2418.6,106.315,42.5836,4.7013,9.4154,0,1,0.0,1.0,8,4,A,302.5,205.6,288.7,207.6,302.5,288.7,1,B,
treino_multiplas,220,48fff16,2724.7,CRUZ_02,VE_ROTA_VE_CORREDOR_08,VE_ROTA_VE_TRANSVERSAL_08,POLICIA,AMBULANCIA,1,2700.0,2716.0,41.8044,33.7068,11.9504,11.1522,3,0,1.5,0.0,8,4,B,352.5,188.7,342.8,183.3,352.5,342.8,1,B,
treino_multiplas,220,48fff16,2849.4,CRUZ_08,VE_ROTA_VE_CORREDOR_08,VE_ROTA_VE_TRANSVERSAL_08,POLICIA,AMBULANCIA,1,2700.0,2716.0,55.8496,22.0645,8.9481,21.6471,0,11,0.0,5.5,5,1,B,342.6,183.3,342.8,183.3,342.6,342.8,1,A,
treino_multiplas,220,48fff16,3330.4,CRUZ_02,VE_ROTA_VE_CORREDOR_10,VE_ROTA_VE_TRANSVERSAL_10,BOMBEIRO,POLICIA,3,3300.0,3307.5,42.5098,17.1117,11.7392,10.6642,0,1,0.0,1.0,8,4,A,303.6,228.8,331.3,178.4,303.6,331.3,1,A,
treino_multiplas,221,48fff16,327.9,CRUZ_02,VE_ROTA_VE_CORREDOR_00,VE_ROTA_VE_TRANSVERSAL_00,AMBULANCIA,BOMBEIRO,1,300.0,312.5,70.1213,18.0934,7.1286,14.4386,8,0,4.0,0.0,8,4,A,302.2,210.1,303.8,220.6,302.2,303.8,1,A,
treino_multiplas,221,48fff16,436.6,CRUZ_08,VE_ROTA_VE_CORREDOR_00,VE_ROTA_VE_TRANSVERSAL_00,AMBULANCIA,BOMBEIRO,1,300.0,312.5,27.5573,27.0728,14.4357,18.4395,1,0,1.0,0.0,4,2,A,302.2,210.1,330.2,203.9,302.2,330.2,1,A,
treino_multiplas,221,48fff16,622.1,CRUZ_02,VE_ROTA_VE_CORREDOR_01,VE_ROTA_VE_TRANSVERSAL_01,BOMBEIRO,POLICIA,2,600.0,605.1,23.0546,16.683,21.667,14.4264,0,0,0.0,0.0,8,4,A,294.8,226.6,294.8,226.6,294.8,294.8,1,EMPATE,
treino_multiplas,221,48fff16,922.1,CRUZ_02,VE_ROTA_VE_CORREDOR_02,VE_ROTA_VE_TRANSVERSAL_02,POLICIA,AMBULANCIA,3,900.0,914.9,24.649,35.021,20.2101,11.3987,0,0,0.0,0.0,8,4,B,339.2,187.9,339.4,180.5,339.2,339.4,1,A,
treino_multiplas,221,48fff16,1045.3,CRUZ_08,VE_ROTA_VE_CORREDOR_02,VE_ROTA_VE_TRANSVERSAL_02,POLICIA,AMBULANCIA,3,900.0,914.9,21.3058,22.9912,14.438,21.668,0,6,0.0,3.0,4,2,B,286.3,199.1,339.4,180.5,286.3,339.4,1,A,
treino_multiplas,221,48fff16,1234.5,CRUZ_02,VE_ROTA_VE_CORREDOR_03,VE_ROTA_VE_TRANSVERSAL_03,AMBULANCIA,BOMBEIRO,2,1200.4,1210.2,70.2699,14.7523,7.1138,11.0099,12,0,6.0,0.0,8,4,A,334.6,202.0,340.9,178.6,334.6,340.9,1,A,
treino_multiplas,221,48fff16,1822.0,CRUZ_02,VE_ROTA_VE_CORREDOR_05,VE_ROTA_VE_TRANSVERSAL_05,POLICIA,AMBULANCIA,2,1800.0,1816.4,23.0312,28.0379,21.667,14.432,0,1,0.0,1.0,8,4,B,302.8,181.6,300.4,190.9,302.8,300.4,1,B,
treino_multiplas,221,48fff16,1938.2,CRUZ_08,VE_ROTA_VE_CORREDOR_05,VE_ROTA_VE_TRANSVERSAL_05,POLICIA,AMBULANCIA,2,1800.0,1816.4,30.067,22.413,16.5948,21.666,4,0,4.0,0.0,5,2,B,295.3,207.3,300.4,190.9,295.3,300.4,1,A,
treino_multiplas,221,48fff16,2122.0,CRUZ_02,VE_ROTA_VE_CORREDOR_06,VE_ROTA_VE_TRANSVERSAL_06,AMBULANCIA,BOMBEIRO,3,2100.0,2106.2,23.0118,26.8514,21.6644,10.939,7,0,3.5,0.0,8,4,A,315.5,219.4,315.7,219.5,315.5,315.7,1,A,
treino_multiplas,221,48fff16,2244.8,CRUZ_08,VE_ROTA_VE_CORREDOR_06,VE_ROTA_VE_TRANSVERSAL_06,AMBULANCIA,BOMBEIRO,3,2100.0,2106.2,62.3255,23.0031,7.7373,21.6662,1,0,1.0,0.0,5,2,A,315.5,219.4,332.1,190.8,315.5,332.1,1,A,
treino_multiplas,221,48fff16,2421.9,CRUZ_02,VE_ROTA_VE_CORREDOR_07,VE_ROTA_VE_TRANSVERSAL_07,BOMBEIRO,POLICIA,2,2400.0,2401.9,23.0372,13.6952,21.6472,14.4135,0,1,0.0,1.0,8,4,A,348.8,157.9,303.4,153.1,348.8,303.4,1,B,
treino_multiplas,221,48fff16,2722.5,CRUZ_02,VE_ROTA_VE_CORREDOR_08,VE_ROTA_VE_TRANSVERSAL_08,POLICIA,AMBULANCIA,1,2700.0,2715.4,43.6127,26.5688,11.4446,14.4158,4,0,2.0,0.0,8,4,B,284.3,209.1,333.2,203.0,284.3,333.2,1,A,
treino_multiplas,221,48fff16,2851.9,CRUZ_08,VE_ROTA_VE_CORREDOR_08,VE_ROTA_VE_TRANSVERSAL_08,POLICIA,AMBULANCIA,1,2700.0,2715.4,16.979,23.0066,14.4332,21.656,2,0,2.0,0.0,4,2,B,334.4,195.7,333.2,203.0,334.4,333.2,1,B,
treino_multiplas,221,48fff16,3442.4,CRUZ_08,VE_ROTA_VE_CORREDOR_10,VE_ROTA_VE_TRANSVERSAL_10,BOMBEIRO,POLICIA,3,3300.0,3308.8,11.1087,23.0926,14.4213,21.6503,0,0,0.0,0.0,4,2,A,268.5,208.8,268.4,209.7,268.5,268.4,1,B,
treino_multiplas,222,48fff16,336.9,CRUZ_02,VE_ROTA_VE_CORREDOR_00,VE_ROTA_VE_TRANSVERSAL_00,AMBULANCIA,BOMBEIRO,1,300.0,302.2,53.8774,14.5839,9.2769,9.9055,10,0,5.0,0.0,8,4,A,349.1,271.2,357.4,217.0,349.1,357.4,1,A,
treino_multiplas,222,48fff16,475.7,CRUZ_08,VE_ROTA_VE_CORREDOR_00,VE_ROTA_VE_TRANSVERSAL_00,AMBULANCIA,BOMBEIRO,1,300.0,302.2,71.7286,44.4995,6.9618,10.9125,0,14,0.0,7.0,5,2,A,349.1,271.2,371.6,250.6,349.1,371.6,1,A,
treino_multiplas,222,48fff16,621.9,CRUZ_02,VE_ROTA_VE_CORREDOR_01,VE_ROTA_VE_TRANSVERSAL_01,BOMBEIRO,POLICIA,2,600.0,610.7,23.0282,27.8018,21.656,11.9129,1,0,0.5,0.0,8,4,A,318.7,204.9,337.1,214.6,318.7,337.1,1,A,
treino_multiplas,222,48fff16,757.2,CRUZ_08,VE_ROTA_VE_CORREDOR_01,VE_ROTA_VE_TRANSVERSAL_01,BOMBEIRO,POLICIA,2,600.0,610.7,16.4256,23.0804,14.42,21.651,0,0,0.0,0.0,4,2,A,318.7,204.9,337.8,201.6,318.7,337.8,1,A,
treino_multiplas,222,48fff16,922.3,CRUZ_02,VE_ROTA_VE_CORREDOR_02,VE_ROTA_VE_TRANSVERSAL_02,POLICIA,AMBULANCIA,3,900.0,911.1,22.9956,25.2492,21.6498,12.8607,0,1,0.0,1.0,8,4,B,285.9,198.7,341.8,198.7,285.9,341.8,1,A,
treino_multiplas,222,48fff16,1222.0,CRUZ_02,VE_ROTA_VE_CORREDOR_03,VE_ROTA_VE_TRANSVERSAL_03,AMBULANCIA,BOMBEIRO,2,1200.0,1218.5,23.0269,30.0248,21.6584,14.4197,4,0,2.0,0.0,8,4,A,276.3,185.6,299.9,193.8,276.3,299.9,1,A,
treino_multiplas,222,48fff16,1828.9,CRUZ_02,VE_ROTA_VE_CORREDOR_05,VE_ROTA_VE_TRANSVERSAL_05,POLICIA,AMBULANCIA,2,1800.0,1814.4,47.5504,23.9408,10.5127,11.8112,0,5,0.0,5.0,8,4,B,284.2,196.0,313.7,192.5,284.2,313.7,1,A,
treino_multiplas,222,48fff16,1940.7,CRUZ_08,VE_ROTA_VE_CORREDOR_05,VE_ROTA_VE_TRANSVERSAL_05,POLICIA,AMBULANCIA,2,1800.0,1814.4,25.7854,23.0776,14.4311,21.6655,0,0,0.0,0.0,4,2,B,307.8,208.8,313.7,192.5,307.8,313.7,1,A,
treino_multiplas,222,48fff16,2122.3,CRUZ_02,VE_ROTA_VE_CORREDOR_06,VE_ROTA_VE_TRANSVERSAL_06,AMBULANCIA,BOMBEIRO,3,2100.0,2103.7,22.9828,14.9036,21.665,14.432,0,0,0.0,0.0,8,4,A,333.9,158.7,328.3,158.7,333.9,328.3,1,B,
treino_multiplas,222,48fff16,2226.5,CRUZ_08,VE_ROTA_VE_CORREDOR_06,VE_ROTA_VE_TRANSVERSAL_06,AMBULANCIA,BOMBEIRO,3,2100.0,2103.7,124.9681,11.1571,2.979,21.6495,0,0,0.0,0.0,5,1,A,333.9,158.7,325.2,158.7,333.9,325.2,1,B,
treino_multiplas,222,48fff16,2423.4,CRUZ_02,VE_ROTA_VE_CORREDOR_07,VE_ROTA_VE_TRANSVERSAL_07,BOMBEIRO,POLICIA,2,2400.0,2409.5,33.177,28.5476,15.0472,11.2653,1,0,0.5,0.0,8,4,A,309.4,252.7,309.3,241.8,309.4,309.3,1,B,
treino_multiplas,222,48fff16,2723.9,CRUZ_02,VE_ROTA_VE_CORREDOR_08,VE_ROTA_VE_TRANSVERSAL_08,POLICIA,AMBULANCIA,1,2700.0,2715.3,78.5641,28.9159,6.3583,12.76,0,0,0.0,0.0,8,4,B,331.3,189.6,321.4,174.4,331.3,321.4,1,B,
treino_multiplas,222,48fff16,2842.6,CRUZ_08,VE_ROTA_VE_CORREDOR_08,VE_ROTA_VE_TRANSVERSAL_08,POLICIA,AMBULANCIA,1,2700.0,2715.3,77.9665,23.0164,6.294,21.6508,0,0,0.0,0.0,5,2,B,321.9,197.2,321.4,174.4,321.9,321.4,1,B,
treino_multiplas,222,48fff16,3322.7,CRUZ_02,VE_ROTA_VE_CORREDOR_10,VE_ROTA_VE_TRANSVERSAL_10,BOMBEIRO,POLICIA,3,3300.0,3304.5,44.0317,33.5099,11.33,9.3884,0,0,0.0,0.0,8,4,A,265.0,208.3,272.5,210.2,265.0,272.5,1,A,
treino_multiplas,223,48fff16,322.5,CRUZ_02,VE_ROTA_VE_CORREDOR_00,VE_ROTA_VE_TRANSVERSAL_00,AMBULANCIA,BOMBEIRO,1,300.0,319.7,44.0207,30.7022,11.333,14.4304,3,0,1.5,0.0,8,4,A,326.9,225.1,364.7,169.7,326.9,364.7,1,A,
treino_multiplas,223,48fff16,454.4,CRUZ_08,VE_ROTA_VE_CORREDOR_00,VE_ROTA_VE_TRANSVERSAL_00,AMBULANCIA,BOMBEIRO,1,300.0,319.7,47.3525,11.03,10.5488,20.568,7,0,7.0,0.0,5,1,A,326.9,225.1,355.8,194.7,326.9,355.8,1,A,
treino_multiplas,223,48fff16,623.4,CRUZ_02,VE_ROTA_VE_CORREDOR_01,VE_ROTA_VE_TRANSVERSAL_01,BOMBEIRO,POLICIA,2,600.0,604.9,36.5947,27.0297,13.6616,10.4951,0,3,0.0,3.0,8,4,A,351.3,241.3,336.0,231.6,351.3,336.0,1,B,
treino_multiplas,223,48fff16,766.0,CRUZ_08,VE_ROTA_VE_CORREDOR_01,VE_ROTA_VE_TRANSVERSAL_01,BOMBEIRO,POLICIA,2,600.0,604.9,38.2631,22.9831,12.1626,21.6616,0,9,0.0,4.5,4,2,A,351.3,241.3,363.5,224.4,351.3,363.5,1,A,
treino_multiplas,223,48fff16,928.0,CRUZ_02,VE_ROTA_VE_CORREDOR_02,VE_ROTA_VE_TRANSVERSAL_02,POLICIA,AMBULANCIA,3,900.0,909.5,106.8795,21.159,4.6764,10.9597,0,1,0.0,1.0,8,4,B,268.2,209.2,281.2,168.9,268.2,281.2,1,A,
treino_multiplas,223,48fff16,1031.2,CRUZ_08,VE_ROTA_VE_CORREDOR_02,VE_ROTA_VE_TRANSVERSAL_02,POLICIA,AMBULANCIA,3,900.0,909.5,29.0947,23.092,14.4388,21.6446,0,0,0.0,0.0,4,2,B,284.5,188.0,281.2,168.9,284.5,281.2,1,B,
treino_multiplas,223,48fff16,1227.3,CRUZ_02,VE_ROTA_VE_CORREDOR_03,VE_ROTA_VE_TRANSVERSAL_03,AMBULANCIA,BOMBEIRO,2,1200.0,1202.7,33.0949,10.2806,15.0658,12.7628,1,0,0.5,0.0,8,4,A,330.6,246.4,326.5,237.0,330.6,326.5,1,B,
treino_multiplas,223,48fff16,1369.9,CRUZ_08,VE_ROTA_VE_CORREDOR_03,VE_ROTA_VE_TRANSVERSAL_03,AMBULANCIA,BOMBEIRO,2,1200.0,1202.7,19.7596,23.6795,11.2537,21.1152,0,7,0.0,3.5,4,2,A,330.6,246.4,338.5,231.0,330.6,338.5,1,A,
treino_multiplas,223,48fff16,1824.9,CRUZ_02,VE_ROTA_VE_CORREDOR_05,VE_ROTA_VE_TRANSVERSAL_05,POLICIA,AMBULANCIA,2,1800.0,1811.0,71.3158,19.7325,7.0075,14.4376,10,0,5.0,0.0,8,4,B,324.4,178.9,314.9,164.8,324.4,314.9,1,B,
treino_multiplas,223,48fff16,2122.0,CRUZ_02,VE_ROTA_VE_CORREDOR_06,VE_ROTA_VE_TRANSVERSAL_06,AMBULANCIA,BOMBEIRO,3,2100.0,2119.0,23.0038,55.8701,21.6707,8.2227,0,0,0.0,0.0,8,4,A,320.4,207.7,313.6,212.4,320.4,313.6,1,B,
treino_multiplas,223,48fff16,2430.5,CRUZ_02,VE_ROTA_VE_CORREDOR_07,VE_ROTA_VE_TRANSVERSAL_07,BOMBEIRO,POLICIA,2,2400.0,2413.3,124.9534,21.8554,2.5003,11.5682,0,2,0.0,2.0,8,4,A,328.2,207.2,328.2,208.5,328.2,328.2,1,EMPATE,
treino_multiplas,223,48fff16,2527.8,CRUZ_08,VE_ROTA_VE_CORREDOR_07,VE_ROTA_VE_TRANSVERSAL_07,BOMBEIRO,POLICIA,2,2400.0,2413.3,32.7447,21.5046,15.2635,21.6503,4,0,4.0,0.0,5,1,A,328.2,207.2,353.6,186.1,328.2,353.6,1,A,
treino_multiplas,223,48fff16,2722.4,CRUZ_02,VE_ROTA_VE_CORREDOR_08,VE_ROTA_VE_TRANSVERSAL_08,POLICIA,AMBULANCIA,1,2700.0,2710.4,26.7149,24.3309,18.6832,12.8846,1,0,0.5,0.0,8,4,B,364.3,208.7,336.2,194.9,364.3,336.2,1,B,
treino_multiplas,223,48fff16,3323.2,CRUZ_02,VE_ROTA_VE_CORREDOR_10,VE_ROTA_VE_TRANSVERSAL_10,BOMBEIRO,POLICIA,3,3300.0,3309.6,40.8435,30.4716,12.2393,11.2647,0,4,0.0,4.0,8,4,A,282.4,227.4,337.1,204.0,282.4,337.1,1,A,
treino_multiplas,224,48fff16,324.0,CRUZ_02,VE_ROTA_VE_CORREDOR_00,VE_ROTA_VE_TRANSVERSAL_00,AMBULANCIA,BOMBEIRO,1,300.0,304.6,107.4305,25.8548,4.6517,9.3512,4,0,2.0,0.0,8,4,A,315.7,251.2,322.6,248.7,315.7,322.6,1,A,
treino_multiplas,224,48fff16,474.7,CRUZ_08,VE_ROTA_VE_CORREDOR_00,VE_ROTA_VE_TRANSVERSAL_00,AMBULANCIA,BOMBEIRO,1,300.0,304.6,10.9038,67.2537,14.4335,7.4236,0,12,0.0,6.0,4,2,A,315.7,251.2,372.7,248.0,315.7,372.7,1,A,
treino_multiplas,224,48fff16,622.0,CRUZ_02,VE_ROTA_VE_CORREDOR_01,VE_ROTA_VE_TRANSVERSAL_01,BOMBEIRO,POLICIA,2,600.0,608.9,25.8119,20.5743,19.3084,14.4327,0,0,0.0,0.0,8,4,A,269.5,208.2,280.3,205.7,269.5,280.3,1,A,
treino_multiplas,224,48fff16,730.6,CRUZ_08,VE_ROTA_VE_CORREDOR_01,VE_ROTA_VE_TRANSVERSAL_01,BOMBEIRO,POLICIA,2,600.0,608.9,30.3113,41.5999,14.4261,11.992,2,0,2.0,0.0,4,2,A,269.5,208.2,338.5,201.9,269.5,338.5,1,A,
treino_multiplas,224,48fff16,1226.1,CRUZ_02,VE_ROTA_VE_CORREDOR_03,VE_ROTA_VE_TRANSVERSAL_03,AMBULANCIA,BOMBEIRO,2,1200.0,1205.2,31.2216,30.8725,16.0014,8.5918,1,0,0.5,0.0,8,4,A,305.6,226.1,301.0,230.5,305.6,301.0,1,B,
treino_multiplas,224,48fff16,1822.1,CRUZ_02,VE_ROTA_VE_CORREDOR_05,VE_ROTA_VE_TRANSVERSAL_05,POLICIA,AMBULANCIA,2,1800.0,1806.8,23.0319,18.3303,21.661,14.4403,0,2,0.0,2.0,8,4,B,292.2,179.1,256.0,181.1,292.2,256.0,1,B,
treino_multiplas,224,48fff16,1914.3,CRUZ_08,VE_ROTA_VE_CORREDOR_05,VE_ROTA_VE_TRANSVERSAL_05,POLICIA,AMBULANCIA,2,1800.0,1806.8,20.2943,22.9853,14.4383,21.6638,2,0,2.0,0.0,4,2,B,256.1,181.2,256.0,181.1,256.1,256.0,1,B,
treino_multiplas,224,48fff16,2422.4,CRUZ_02,VE_ROTA_VE_CORREDOR_07,VE_ROTA_VE_TRANSVERSAL_07,BOMBEIRO,POLICIA,2,2400.0,2417.3,43.868,28.553,11.3745,14.4417,4,0,2.0,0.0,8,4,A,306.7,210.9,301.1,205.9,306.7,301.1,1,B,
treino_multiplas,224,48fff16,2542.3,CRUZ_08,VE_ROTA_VE_CORREDOR_07,VE_ROTA_VE_TRANSVERSAL_07,BOMBEIRO,POLICIA,2,2400.0,2417.3,27.028,23.0693,14.4183,21.6696,3,0,3.0,0.0,4,2,A,306.7,210.9,314.2,195.1,306.7,314.2,1,A,
treino_multiplas,224,48fff16,2722.1,CRUZ_02,VE_ROTA_VE_CORREDOR_08,VE_ROTA_VE_TRANSVERSAL_08,POLICIA,AMBULANCIA,1,2700.0,2701.2,27.4129,26.4632,18.1798,10.4639,0,2,0.0,2.0,8,4,B,346.6,212.7,321.0,194.4,346.6,321.0,1,B,
treino_multiplas,224,48fff16,3446.0,CRUZ_08,VE_ROTA_VE_CORREDOR_10,VE_ROTA_VE_TRANSVERSAL_10,BOMBEIRO,POLICIA,3,3300.0,3307.4,20.4162,23.0787,14.4217,21.6642,0,9,0.0,4.5,4,2,A,294.6,227.3,332.4,202.9,294.6,332.4,1,A,
treino_multiplas,225,48fff16,332.7,CRUZ_02,VE_ROTA_VE_CORREDOR_00,VE_ROTA_VE_TRANSVERSAL_00,AMBULANCIA,BOMBEIRO,1,300.0,317.7,87.2654,29.7089,5.7236,10.607,8,0,4.0,0.0,8,4,A,319.4,243.8,371.5,249.4,319.4,371.5,1,A,
treino_multiplas,225,48fff16,729.8,CRUZ_08,VE_ROTA_VE_CORREDOR_01,VE_ROTA_VE_TRANSVERSAL_01,BOMBEIRO,POLICIA,2,600.0,602.1,36.6427,14.5279,13.64,21.6495,5,0,5.0,0.0,5,1,A,290.2,203.4,290.4,166.9,290.2,290.4,1,A,
treino_multiplas,225,48fff16,922.0,CRUZ_02,VE_ROTA_VE_CORREDOR_02,VE_ROTA_VE_TRANSVERSAL_02,POLICIA,AMBULANCIA,3,900.0,904.3,23.0378,15.9425,21.6613,14.4306,0,0,0.0,0.0,8,4,B,307.3,169.5,307.3,172.0,307.3,307.3,1,EMPATE,
treino_multiplas,225,48fff16,1224.5,CRUZ_02,VE_ROTA_VE_CORREDOR_03,VE_ROTA_VE_TRANSVERSAL_03,AMBULANCIA,BOMBEIRO,2,1200.0,1218.5,63.999,27.5093,7.8089,14.427,8,0,4.0,0.0,8,4,A,299.8,220.5,333.2,232.2,299.8,333.2,1,A,
treino_multiplas,225,48fff16,1349.2,CRUZ_08,VE_ROTA_VE_CORREDOR_03,VE_ROTA_VE_TRANSVERSAL_03,AMBULANCIA,BOMBEIRO,2,1200.0,1218.5,23.7931,23.0757,14.4419,21.6455,0,4,0.0,2.0,4,2,A,299.8,220.5,337.9,194.9,299.8,337.9,1,A,
treino_multiplas,225,48fff16,1824.3,CRUZ_02,VE_ROTA_VE_CORREDOR_05,VE_ROTA_VE_TRANSVERSAL_05,POLICIA,AMBULANCIA,2,1800.0,1805.5,108.5259,14.8397,4.6043,14.4356,0,0,0.0,0.0,8,4,B,322.5,187.1,318.5,175.1,322.5,318.5,1,B,
treino_multiplas,225,48fff16,2252.2,CRUZ_08,VE_ROTA_VE_CORREDOR_06,VE_ROTA_VE_TRANSVERSAL_06,AMBULANCIA,BOMBEIRO,3,2100.0,2105.0,22.6036,37.945,14.4321,13.1722,0,7,0.0,3.5,4,2,A,283.4,235.6,336.8,220.3,283.4,336.8,1,A,
treino_multiplas,225,48fff16,2426.1,CRUZ_02,VE_ROTA_VE_CORREDOR_07,VE_ROTA_VE_TRANSVERSAL_07,BOMBEIRO,POLICIA,2,2400.0,2403.1,35.6285,10.6776,13.9992,14.4315,0,0,0.0,0.0,8,4,A,278.0,196.1,282.6,173.2,278.0,282.6,1,A,
treino_multiplas,225,48fff16,2533.0,CRUZ_08,VE_ROTA_VE_CORREDOR_07,VE_ROTA_VE_TRANSVERSAL_07,BOMBEIRO,POLICIA,2,2400.0,2403.1,18.0969,23.0004,14.4148,21.6458,0,0,0.0,0.0,4,2,A,278.0,196.1,281.5,188.6,278.0,281.5,1,A,
treino_multiplas,225,48fff16,3321.9,CRUZ_02,VE_ROTA_VE_CORREDOR_10,VE_ROTA_VE_TRANSVERSAL_10,BOMBEIRO,POLICIA,3,3300.0,3306.7,23.0152,38.082,21.6684,9.4239,0,3,0.0,3.0,8,4,A,302.2,215.3,323.5,215.9,302.2,323.5,1,A,
treino_multiplas,226,48fff16,333.8,CRUZ_02,VE_ROTA_VE_CORREDOR_00,VE_ROTA_VE_TRANSVERSAL_00,AMBULANCIA,BOMBEIRO,1,300.0,311.8,38.2952,25.1412,13.0239,9.386,12,0,6.0,0.0,8,4,A,364.5,245.5,356.2,200.1,364.5,356.2,1,B,
treino_multiplas,226,48fff16,473.4,CRUZ_08,VE_ROTA_VE_CORREDOR_00,VE_ROTA_VE_TRANSVERSAL_00,AMBULANCIA,BOMBEIRO,1,300.0,311.8,99.8882,70.4849,5.0023,6.9916,0,10,0.0,5.0,5,2,A,364.5,245.5,364.7,231.5,364.5,364.7,1,A,
treino_multiplas,226,48fff16,621.9,CRUZ_02,VE_ROTA_VE_CORREDOR_01,VE_ROTA_VE_TRANSVERSAL_01,BOMBEIRO,POLICIA,2,600.0,609.0,23.0133,20.7957,21.6693,14.4172,2,0,1.0,0.0,8,4,A,277.4,194.7,321.3,178.8,277.4,321.3,1,A,
treino_multiplas,226,48fff16,1222.4,CRUZ_02,VE_ROTA_VE_CORREDOR_03,VE_ROTA_VE_TRANSVERSAL_03,AMBULANCIA,BOMBEIRO,2,1200.0,1205.2,28.7944,16.3094,17.3319,14.4266,3,0,1.5,0.0,8,4,A,299.6,220.9,298.7,219.1,299.6,298.7,1,B,
treino_multiplas,226,48fff16,1351.3,CRUZ_08,VE_ROTA_VE_CORREDOR_03,VE_ROTA_VE_TRANSVERSAL_03,AMBULANCIA,BOMBEIRO,2,1200.0,1205.2,24.3185,22.9864,5.2235,21.661,0,2,0.0,1.0,4,2,A,299.6,220.9,341.2,202.3,299.6,341.2,1,A,
treino_multiplas,226,48fff16,1831.0,CRUZ_02,VE_ROTA_VE_CORREDOR_05,VE_ROTA_VE_TRANSVERSAL_05,POLICIA,AMBULANCIA,2,1800.0,1811.7,124.9825,33.7699,1.2837,9.2966,0,1,0.0,1.0,8,4,B,375.6,217.8,349.4,217.3,375.6,349.4,1,B,
treino_multiplas,226,48fff16,1952.2,CRUZ_08,VE_ROTA_VE_CORREDOR_05,VE_ROTA_VE_TRANSVERSAL_05,POLICIA,AMBULANCIA,2,1800.0,1811.7,48.15,30.3853,10.1942,16.4404,1,0,1.0,0.0,5,2,B,324.5,226.7,349.4,217.3,324.5,349.4,1,A,
treino_multiplas,226,48fff16,2129.7,CRUZ_02,VE_ROTA_VE_CORREDOR_06,VE_ROTA_VE_TRANSVERSAL_06,AMBULANCIA,BOMBEIRO,3,2100.0,2106.8,31.7882,10.5994,15.7075,14.4415,0,0,0.0,0.0,8,4,A,313.1,225.6,312.4,224.9,313.1,312.4,1,B,
treino_multiplas,226,48fff16,2234.0,CRUZ_08,VE_ROTA_VE_CORREDOR_06,VE_ROTA_VE_TRANSVERSAL_06,AMBULANCIA,BOMBEIRO,3,2100.0,2106.8,41.6828,19.4739,11.9807,15.7583,0,7,0.0,3.5,5,1,A,313.1,225.6,311.8,180.2,313.1,311.8,1,B,
treino_multiplas,226,48fff16,2727.0,CRUZ_02,VE_ROTA_VE_CORREDOR_08,VE_ROTA_VE_TRANSVERSAL_08,POLICIA,AMBULANCIA,1,2700.0,2716.4,40.4936,35.0478,12.3451,10.5829,2,0,1.0,0.0,8,4,B,331.8,197.0,333.4,190.5,331.8,333.4,1,A,
treino_multiplas,226,48fff16,2843.9,CRUZ_08,VE_ROTA_VE_CORREDOR_08,VE_ROTA_VE_TRANSVERSAL_08,POLICIA,AMBULANCIA,1,2700.0,2716.4,44.0169,23.0021,10.7043,21.6436,0,0,0.0,0.0,4,2,B,324.8,209.7,333.4,190.5,324.8,333.4,1,A,
treino_multiplas,226,48fff16,3323.9,CRUZ_02,VE_ROTA_VE_CORREDOR_10,VE_ROTA_VE_TRANSVERSAL_10,BOMBEIRO,POLICIA,3,3300.0,3310.2,96.5236,19.9932,5.1759,14.4194,0,0,0.0,0.0,8,4,A,287.9,193.5,288.0,193.4,287.9,288.0,1,A,
treino_multiplas,226,48fff16,3425.0,CRUZ_08,VE_ROTA_VE_CORREDOR_10,VE_ROTA_VE_TRANSVERSAL_10,BOMBEIRO,POLICIA,3,3300.0,3310.2,23.7715,23.0092,14.4294,21.6492,4,0,4.0,0.0,4,2,A,287.9,193.5,320.6,177.9,287.9,320.6,1,A,
treino_multiplas,227,48fff16,324.1,CRUZ_02,VE_ROTA_VE_CORREDOR_00,VE_ROTA_VE_TRANSVERSAL_00,AMBULANCIA,BOMBEIRO,1,300.0,304.2,107.2546,23.5447,4.6595,10.4658,3,0,1.5,0.0,8,4,A,316.5,238.4,330.9,231.2,316.5,330.9,1,A,
treino_multiplas,227,48fff16,454.8,CRUZ_08,VE_ROTA_VE_CORREDOR_00,VE_ROTA_VE_TRANSVERSAL_00,AMBULANCIA,BOMBEIRO,1,300.0,304.2,46.4916,23.0006,10.1796,21.6609,6,0,6.0,0.0,4,2,A,316.5,238.4,356.6,214.6,316.5,356.6,1,A,
treino_multiplas,227,48fff16,622.8,CRUZ_02,VE_ROTA_VE_CORREDOR_01,VE_ROTA_VE_TRANSVERSAL_01,BOMBEIRO,POLICIA,2,600.0,615.1,23.0058,44.6216,21.6704,9.105,5,1,2.5,1.0,8,4,A,304.7,221.1,324.5,225.8,304.7,324.5,1,A,
treino_multiplas,227,48fff16,923.2,CRUZ_02,VE_ROTA_VE_CORREDOR_02,VE_ROTA_VE_TRANSVERSAL_02,POLICIA,AMBULANCIA,3,900.0,904.0,23.0177,22.945,21.667,11.7446,0,1,0.0,1.0,8,4,B,321.3,204.0,301.2,202.7,321.3,301.2,1,B,
treino_multiplas,227,48fff16,1045.8,CRUZ_08,VE_ROTA_VE_CORREDOR_02,VE_ROTA_VE_TRANSVERSAL_02,POLICIA,AMBULANCIA,3,900.0,904.0,61.106,21.5908,8.1768,15.539,0,10,0.0,5.0,5,1,B,299.6,228.4,301.2,202.7,299.6,301.2,1,A,
treino_multiplas,227,48fff16,1222.3,CRUZ_02,VE_ROTA_VE_CORREDOR_03,VE_ROTA_VE_TRANSVERSAL_03,AMBULANCIA,BOMBEIRO,2,1200.0,1207.5,26.8559,19.3472,18.5585,13.9596,8,0,4.0,0.0,8,4,A,312.4,193.7,311.1,199.2,312.4,311.1,1,B,
treino_multiplas,227,48fff16,1336.7,CRUZ_08,VE_ROTA_VE_CORREDOR_03,VE_ROTA_VE_TRANSVERSAL_03,AMBULANCIA,BOMBEIRO,2,1200.0,1207.5,30.9124,22.9908,14.4353,21.6567,0,0,0.0,0.0,4,2,A,312.4,193.7,312.2,178.7,312.4,312.2,1,B,
treino_multiplas,227,48fff16,1822.5,CRUZ_02,VE_ROTA_VE_CORREDOR_05,VE_ROTA_VE_TRANSVERSAL_05,POLICIA,AMBULANCIA,2,1800.0,1800.8,43.5945,23.8613,11.4497,9.4937,0,1,0.0,1.0,8,4,B,307.5,204.0,310.9,192.5,307.5,310.9,1,A,
treino_multiplas,227,48fff16,2122.1,CRUZ_02,VE_ROTA_VE_CORREDOR_06,VE_ROTA_VE_TRANSVERSAL_06,AMBULANCIA,BOMBEIRO,3,2100.0,2113.0,24.9737,37.4985,19.9598,10.4408,0,0,0.0,0.0,8,4,A,276.7,210.0,287.5,208.2,276.7,287.5,1,A,
treino_multiplas,227,48fff16,2427.1,CRUZ_02,VE_ROTA_VE_CORREDOR_07,VE_ROTA_VE_TRANSVERSAL_07,BOMBEIRO,POLICIA,2,2400.0,2411.7,35.2633,29.3827,14.1609,10.9886,0,3,0.0,3.0,8,4,A,299.3,219.3,328.6,186.5,299.3,328.6,1,A,
treino_multiplas,227,48fff16,2556.7,CRUZ_08,VE_ROTA_VE_CORREDOR_07,VE_ROTA_VE_TRANSVERSAL_07,BOMBEIRO,POLICIA,2,2400.0,2411.7,21.7561,23.0792,12.2422,21.6601,0,1,0.0,0.5,4,2,A,299.3,219.3,328.6,205.7,299.3,328.6,1,A,
treino_multiplas,227,48fff16,2729.6,CRUZ_02,VE_ROTA_VE_CORREDOR_08,VE_ROTA_VE_TRANSVERSAL_08,POLICIA,AMBULANCIA,1,2700.0,2715.2,96.3328,19.2589,5.1875,14.419,0,2,0.0,2.0,8,4,B,291.0,188.5,294.5,182.2,291.0,294.5,1,A,
treino_multiplas,227,48fff16,2839.8,CRUZ_08,VE_ROTA_VE_CORREDOR_08,VE_ROTA_VE_TRANSVERSAL_08,POLICIA,AMBULANCIA,1,2700.0,2715.2,38.0073,18.8654,13.1433,14.2656,0,0,0.0,0.0,5,1,B,314.3,215.7,294.5,182.2,314.3,294.5,1,B,
treino_multiplas,227,48fff16,3321.9,CRUZ_02,VE_ROTA_VE_CORREDOR_10,VE_ROTA_VE_TRANSVERSAL_10,BOMBEIRO,POLICIA,3,3300.0,3315.3,23.0426,29.0391,21.6432,13.478,0,1,0.0,1.0,8,4,A,261.5,186.2,265.4,193.8,261.5,265.4,1,A,
treino_multiplas,228,48fff16,334.5,CRUZ_02,VE_ROTA_VE_CORREDOR_00,VE_ROTA_VE_TRANSVERSAL_00,AMBULANCIA,BOMBEIRO,1,300.0,314.6,71.5504,18.1339,6.9838,12.728,11,0,5.5,0.0,8,4,A,326.8,243.3,361.7,176.2,326.8,361.7,1,A,
treino_multiplas,228,48fff16,621.9,CRUZ_02,VE_ROTA_VE_CORREDOR_01,VE_ROTA_VE_TRANSVERSAL_01,BOMBEIRO,POLICIA,2,600.0,614.5,23.0285,26.2997,21.655,14.4182,2,0,1.0,0.0,8,4,A,309.9,211.3,316.3,164.0,309.9,316.3,1,A,
treino_multiplas,228,48fff16,738.2,CRUZ_08,VE_ROTA_VE_CORREDOR_01,VE_ROTA_VE_TRANSVERSAL_01,BOMBEIRO,POLICIA,2,600.0,614.5,48.3046,47.6585,9.9612,10.4774,0,3,0.0,1.5,5,2,A,309.9,211.3,362.3,206.9,309.9,362.3,1,A,
treino_multiplas,228,48fff16,922.0,CRUZ_02,VE_ROTA_VE_CORREDOR_02,VE_ROTA_VE_TRANSVERSAL_02,POLICIA,AMBULANCIA,3,900.0,908.7,23.0358,20.3496,21.6636,14.4249,0,3,0.0,3.0,8,4,B,329.3,199.1,305.0,191.5,329.3,305.0,1,B,
treino_multiplas,228,48fff16,1033.3,CRUZ_08,VE_ROTA_VE_CORREDOR_02,VE_ROTA_VE_TRANSVERSAL_02,POLICIA,AMBULANCIA,3,900.0,908.7,22.802,22.9901,14.4305,21.6638,0,0,0.0,0.0,4,2,B,293.4,206.4,305.0,191.5,293.4,305.0,1,A,
treino_multiplas,228,48fff16,1225.9,CRUZ_02,VE_ROTA_VE_CORREDOR_03,VE_ROTA_VE_TRANSVERSAL_03,AMBULANCIA,BOMBEIRO,2,1200.0,1207.7,42.8361,15.3202,11.6669,14.4144,10,0,5.0,0.0,8,4,A,300.0,179.7,326.5,158.6,300.0,326.5,1,A,
treino_multiplas,228,48fff16,1824.2,CRUZ_02,VE_ROTA_VE_CORREDOR_05,VE_ROTA_VE_TRANSVERSAL_05,POLICIA,AMBULANCIA,2,1800.0,1816.0,105.0979,25.4628,4.7568,14.4186,3,0,1.5,0.0,8,4,B,278.5,186.0,327.8,176.6,278.5,327.8,1,A,
treino_multiplas,228,48fff16,1924.6,CRUZ_08,VE_ROTA_VE_CORREDOR_05,VE_ROTA_VE_TRANSVERSAL_05,POLICIA,AMBULANCIA,2,1800.0,1816.0,17.3113,23.0092,14.4266,21.6417,3,0,3.0,0.0,4,2,B,278.1,186.6,327.8,176.6,278.1,327.8,1,A,
treino_multiplas,228,48fff16,2122.0,CRUZ_02,VE_ROTA_VE_CORREDOR_06,VE_ROTA_VE_TRANSVERSAL_06,AMBULANCIA,BOMBEIRO,3,2100.0,2111.4,23.0082,22.9025,21.6679,14.4309,0,0,0.0,0.0,8,4,A,302.9,233.2,317.1,230.4,302.9,317.1,1,A,
treino_multiplas,228,48fff16,2240.5,CRUZ_08,VE_ROTA_VE_CORREDOR_06,VE_ROTA_VE_TRANSVERSAL_06,AMBULANCIA,BOMBEIRO,3,2100.0,2111.4,56.479,34.9319,8.8423,14.2573,1,0,1.0,0.0,5,2,A,302.9,233.2,349.3,214.7,302.9,349.3,1,A,
treino_multiplas,228,48fff16,2421.9,CRUZ_02,VE_ROTA_VE_CORREDOR_07,VE_ROTA_VE_TRANSVERSAL_07,BOMBEIRO,POLICIA,2,2400.0,2409.7,23.0417,21.4978,21.6433,14.4168,0,2,0.0,2.0,8,4,A,283.0,197.9,305.1,206.8,283.0,305.1,1,A,
treino_multiplas,228,48fff16,2534.7,CRUZ_08,VE_ROTA_VE_CORREDOR_07,VE_ROTA_VE_TRANSVERSAL_07,BOMBEIRO,POLICIA,2,2400.0,2409.7,21.6965,23.0723,14.4317,21.6693,0,0,0.0,0.0,4,2,A,283.0,197.9,332.0,184.3,283.0,332.0,1,A,
treino_multiplas,228,48fff16,2724.3,CRUZ_02,VE_ROTA_VE_CORREDOR_08,VE_ROTA_VE_TRANSVERSAL_08,POLICIA,AMBULANCIA,1,2700.0,2702.9,66.7092,15.0193,7.4878,12.9924,0,2,0.0,2.0,8,4,B,336.2,188.9,345.6,182.1,336.2,345.6,1,A,
treino_multiplas,228,48fff16,2815.7,CRUZ_08,VE_ROTA_VE_CORREDOR_08,VE_ROTA_VE_TRANSVERSAL_08,POLICIA,AMBULANCIA,1,2700.0,2702.9,38.846,23.0734,12.5481,21.6611,0,1,0.0,0.5,5,2,B,319.0,208.1,345.6,182.1,319.0,345.6,1,A,
treino_multiplas,228,48fff16,3438.8,CRUZ_08,VE_ROTA_VE_CORREDOR_10,VE_ROTA_VE_TRANSVERSAL_10,BOMBEIRO,POLICIA,3,3300.0,3303.7,44.2965,23.5788,11.2745,16.6225,1,0,1.0,0.0,5,1,A,291.9,211.9,298.8,185.7,291.9,298.8,1,A,
treino_multiplas,229,48fff16,446.8,CRUZ_08,VE_ROTA_VE_CORREDOR_00,VE_ROTA_VE_TRANSVERSAL_00,AMBULANCIA,BOMBEIRO,1,300.0,301.0,23.0933,22.9765,14.4302,21.6688,3,0,3.0,0.0,4,2,A,339.8,230.6,353.1,213.4,339.8,353.1,1,A,
treino_multiplas,229,48fff16,922.0,CRUZ_02,VE_ROTA_VE_CORREDOR_02,VE_ROTA_VE_TRANSVERSAL_02,POLICIA,AMBULANCIA,3,900.0,907.3,23.037,23.8864,21.6626,12.696,0,1,0.0,1.0,8,4,B,273.7,195.7,300.9,195.6,273.7,300.9,1,A,
treino_multiplas,229,48fff16,1226.9,CRUZ_02,VE_ROTA_VE_CORREDOR_03,VE_ROTA_VE_TRANSVERSAL_03,AMBULANCIA,BOMBEIRO,2,1200.0,1205.6,50.495,29.4621,9.8899,8.7225,9,0,4.5,0.0,8,4,A,309.6,239.4,313.0,231.7,309.6,313.0,1,A,
treino_multiplas,229,48fff16,1369.9,CRUZ_08,VE_ROTA_VE_CORREDOR_03,VE_ROTA_VE_TRANSVERSAL_03,AMBULANCIA,BOMBEIRO,2,1200.0,1205.6,13.4217,50.0856,14.4242,9.9718,0,6,0.0,3.0,4,2,A,309.6,239.4,309.5,242.3,309.6,309.5,1,B,
treino_multiplas,229,48fff16,1822.5,CRUZ_02,VE_ROTA_VE_CORREDOR_05,VE_ROTA_VE_TRANSVERSAL_05,POLICIA,AMBULANCIA,2,1800.0,1814.4,43.5984,25.5478,11.4486,14.4271,0,1,0.0,1.0,8,4,B,287.9,178.6,287.6,176.8,287.9,287.6,1,B,
treino_multiplas,229,48fff16,1926.2,CRUZ_08,VE_ROTA_VE_CORREDOR_05,VE_ROTA_VE_TRANSVERSAL_05,POLICIA,AMBULANCIA,2,1800.0,1814.4,19.0183,22.9852,14.4222,21.6707,0,0,0.0,0.0,4,2,B,276.6,187.9,287.6,176.8,276.6,287.6,1,A,
treino_multiplas,229,48fff16,2127.9,CRUZ_02,VE_ROTA_VE_CORREDOR_06,VE_ROTA_VE_TRANSVERSAL_06,AMBULANCIA,BOMBEIRO,3,2100.0,2104.5,29.9332,29.1737,16.6557,8.2805,0,0,0.0,0.0,8,4,A,279.0,228.0,311.6,223.8,279.0,311.6,1,A,
treino_multiplas,229,48fff16,2262.6,CRUZ_08,VE_ROTA_VE_CORREDOR_06,VE_ROTA_VE_TRANSVERSAL_06,AMBULANCIA,BOMBEIRO,3,2100.0,2104.5,16.2297,25.5791,14.4228,19.4908,0,0,0.0,0.0,4,2,A,279.0,228.0,335.3,225.4,279.0,335.3,1,A,
treino_multiplas,229,48fff16,2436.6,CRUZ_02,VE_ROTA_VE_CORREDOR_07,VE_ROTA_VE_TRANSVERSAL_07,BOMBEIRO,POLICIA,2,2400.0,2400.6,124.9565,16.6619,1.8647,9.2253,0,1,0.0,1.0,8,4,A,319.3,248.4,323.5,230.9,319.3,323.5,1,A,
treino_multiplas,229,48fff16,2723.2,CRUZ_02,VE_ROTA_VE_CORREDOR_08,VE_ROTA_VE_TRANSVERSAL_08,POLICIA,AMBULANCIA,1,2700.0,2703.1,36.685,40.6787,13.6143,8.2721,0,0,0.0,0.0,8,4,B,311.8,211.9,330.7,221.2,311.8,330.7,1,A,
treino_multiplas,229,48fff16,2863.7,CRUZ_08,VE_ROTA_VE_CORREDOR_08,VE_ROTA_VE_TRANSVERSAL_08,POLICIA,AMBULANCIA,1,2700.0,2703.1,19.6218,22.9812,14.4177,21.6673,0,0,0.0,0.0,4,2,B,309.1,230.4,330.7,221.2,309.1,330.7,1,A,
treino_multiplas,229,48fff16,3323.3,CRUZ_02,VE_ROTA_VE_CORREDOR_10,VE_ROTA_VE_TRANSVERSAL_10,BOMBEIRO,POLICIA,3,3300.0,3302.8,50.7804,19.5109,9.8295,11.4972,0,3,0.0,3.0,8,4,A,282.2,199.2,283.2,201.2,282.2,283.2,1,A,
treino_multiplas,229,48fff16,3435.8,CRUZ_08,VE_ROTA_VE_CORREDOR_10,VE_ROTA_VE_TRANSVERSAL_10,BOMBEIRO,POLICIA,3,3300.0,3302.8,15.1,22.995,14.4359,21.6551,0,7,0.0,3.5,4,2,A,282.2,199.2,287.0,187.0,282.2,287.0,1,A,
treino_multiplas,230,48fff16,322.7,CRUZ_02,VE_ROTA_VE_CORREDOR_00,VE_ROTA_VE_TRANSVERSAL_00,AMBULANCIA,BOMBEIRO,1,300.0,315.3,43.3334,35.7545,11.5224,10.9132,4,0,2.0,0.0,8,4,A,328.9,217.7,329.9,219.6,328.9,329.9,1,A,
treino_multiplas,230,48fff16,446.0,CRUZ_08,VE_ROTA_VE_CORREDOR_00,VE_ROTA_VE_TRANSVERSAL_00,AMBULANCIA,BOMBEIRO,1,300.0,315.3,42.8717,23.0894,11.2918,21.6476,2,0,2.0,0.0,5,2,A,328.9,217.7,324.7,197.1,328.9,324.7,1,B,
treino_multiplas,230,48fff16,922.0,CRUZ_02,VE_ROTA_VE_CORREDOR_02,VE_ROTA_VE_TRANSVERSAL_02,POLICIA,AMBULANCIA,3,900.0,919.0,23.0332,30.6219,21.6655,14.4393,0,0,0.0,0.0,8,4,B,271.7,197.7,274.5,186.8,271.7,274.5,1,A,
treino_multiplas,230,48fff16,1041.7,CRUZ_08,VE_ROTA_VE_CORREDOR_02,VE_ROTA_VE_TRANSVERSAL_02,POLICIA,AMBULANCIA,3,900.0,919.0,17.4034,27.7528,14.4334,17.9647,1,0,1.0,0.0,4,2,B,274.5,182.1,274.5,186.8,274.5,274.5,1,EMPATE,
treino_multiplas,230,48fff16,1336.2,CRUZ_08,VE_ROTA_VE_CORREDOR_03,VE_ROTA_VE_TRANSVERSAL_03,AMBULANCIA,BOMBEIRO,2,1200.0,1202.7,124.9507,121.6503,2.2462,0.0,0,8,0.0,4.0,5,2,A,310.0,198.6,307.2,198.6,310.0,307.2,1,B,
treino_multiplas,230,48fff16,1824.0,CRUZ_02,VE_ROTA_VE_CORREDOR_05,VE_ROTA_VE_TRANSVERSAL_05,POLICIA,AMBULANCIA,2,1800.0,1806.5,106.2485,18.6327,4.7046,12.6706,0,2,0.0,2.0,8,4,B,294.6,184.3,304.8,183.2,294.6,304.8,1,A,
treino_multiplas,230,48fff16,2126.2,CRUZ_02,VE_ROTA_VE_CORREDOR_06,VE_ROTA_VE_TRANSVERSAL_06,AMBULANCIA,BOMBEIRO,3,2100.0,2114.5,32.7325,30.3515,15.2666,11.3949,2,0,1.0,0.0,8,4,A,297.8,201.0,315.9,212.6,297.8,315.9,1,A,
treino_multiplas,230,48fff16,2251.1,CRUZ_08,VE_ROTA_VE_CORREDOR_06,VE_ROTA_VE_TRANSVERSAL_06,AMBULANCIA,BOMBEIRO,3,2100.0,2114.5,14.2792,23.0372,14.4291,21.6697,0,0,0.0,0.0,4,2,A,297.8,201.0,297.7,198.5,297.8,297.7,1,B,
treino_multiplas,230,48fff16,2421.9,CRUZ_02,VE_ROTA_VE_CORREDOR_07,VE_ROTA_VE_TRANSVERSAL_07,BOMBEIRO,POLICIA,2,2400.0,2413.0,23.0415,24.792,21.6437,14.4214,0,1,0.0,1.0,8,4,A,256.6,195.6,263.3,203.6,256.6,263.3,1,A,
treino_multiplas,230,48fff16,3455.3,CRUZ_08,VE_ROTA_VE_CORREDOR_10,VE_ROTA_VE_TRANSVERSAL_10,BOMBEIRO,POLICIA,3,3300.0,3316.9,90.989,22.4196,5.4935,21.6597,0,7,0.0,3.5,5,2,A,328.1,187.6,326.5,187.6,328.1,326.5,1,B,
treino_multiplas,231,48fff16,324.0,CRUZ_02,VE_ROTA_VE_CORREDOR_00,VE_ROTA_VE_TRANSVERSAL_00,AMBULANCIA,BOMBEIRO,1,300.0,309.6,107.3653,19.1011,4.6546,14.4324,5,0,2.5,0.0,8,4,A,317.6,248.0,317.0,243.2,317.6,317.0,1,B,
treino_multiplas,231,48fff16,474.6,CRUZ_08,VE_ROTA_VE_CORREDOR_00,VE_ROTA_VE_TRANSVERSAL_00,AMBULANCIA,BOMBEIRO,1,300.0,309.6,10.0677,73.545,14.4377,6.7926,0,13,0.0,6.5,4,2,A,317.6,248.0,372.2,243.2,317.6,372.2,1,A,
treino_multiplas,231,48fff16,621.9,CRUZ_02,VE_ROTA_VE_CORREDOR_01,VE_ROTA_VE_TRANSVERSAL_01,BOMBEIRO,POLICIA,2,600.0,601.8,23.0209,25.3141,21.6619,10.0708,0,1,0.0,1.0,8,4,A,293.0,206.1,291.8,215.5,293.0,291.8,1,B,
treino_multiplas,231,48fff16,936.5,CRUZ_02,VE_ROTA_VE_CORREDOR_02,VE_ROTA_VE_TRANSVERSAL_02,POLICIA,AMBULANCIA,3,900.0,913.3,124.9659,10.4555,2.4575,14.4152,1,0,0.5,0.0,8,4,B,314.9,165.3,311.5,165.3,314.9,311.5,1,B,
treino_multiplas,231,48fff16,1338.3,CRUZ_08,VE_ROTA_VE_CORREDOR_03,VE_ROTA_VE_TRANSVERSAL_03,AMBULANCIA,BOMBEIRO,2,1200.0,1200.9,24.7454,23.0073,14.4134,21.6413,1,0,1.0,0.0,4,2,A,280.0,221.6,293.4,203.4,280.0,293.4,1,A,
treino_multiplas,231,48fff16,1832.1,CRUZ_02,VE_ROTA_VE_CORREDOR_05,VE_ROTA_VE_TRANSVERSAL_05,POLICIA,AMBULANCIA,2,1800.0,1806.4,124.999,23.8052,1.3685,9.4367,0,1,0.0,1.0,8,4,B,366.6,220.5,327.7,206.8,366.6,327.7,1,B,
treino_multiplas,231,48fff16,1952.6,CRUZ_08,VE_ROTA_VE_CORREDOR_05,VE_ROTA_VE_TRANSVERSAL_05,POLICIA,AMBULANCIA,2,1800.0,1806.4,28.7309,23.0102,14.4235,21.6603,0,0,0.0,0.0,4,2,B,306.7,226.4,327.7,206.8,306.7,327.7,1,A,
treino_multiplas,231,48fff16,2124.0,CRUZ_02,VE_ROTA_VE_CORREDOR_06,VE_ROTA_VE_TRANSVERSAL_06,AMBULANCIA,BOMBEIRO,3,2100.0,2106.8,39.2605,26.9986,12.7232,9.9574,0,0,0.0,0.0,8,4,A,295.0,201.9,299.8,225.0,295.0,299.8,1,A,
treino_multiplas,231,48fff16,2421.9,CRUZ_02,VE_ROTA_VE_CORREDOR_07,VE_ROTA_VE_TRANSVERSAL_07,BOMBEIRO,POLICIA,2,2400.0,2404.6,23.0291,20.614,21.6556,11.6611,0,1,0.0,1.0,8,4,A,273.0,200.3,331.5,201.6,273.0,331.5,1,A,
treino_multiplas,231,48fff16,2723.6,CRUZ_02,VE_ROTA_VE_CORREDOR_08,VE_ROTA_VE_TRANSVERSAL_08,POLICIA,AMBULANCIA,1,2700.0,2711.7,45.5777,21.7274,10.9536,14.4403,0,2,0.0,2.0,8,4,B,342.5,202.2,301.0,167.3,342.5,301.0,1,B,
treino_multiplas,231,48fff16,3464.7,CRUZ_08,VE_ROTA_VE_CORREDOR_10,VE_ROTA_VE_TRANSVERSAL_10,BOMBEIRO,POLICIA,3,3300.0,3305.5,28.1313,23.0071,14.4217,21.6676,0,0,0.0,0.0,4,2,A,341.3,241.2,361.1,225.8,341.3,361.1,1,A,
treino_multiplas,232,48fff16,472.3,CRUZ_08,VE_ROTA_VE_CORREDOR_00,VE_ROTA_VE_TRANSVERSAL_00,AMBULANCIA,BOMBEIRO,1,300.0,302.3,120.0503,100.2679,0.0,4.9843,0,11,0.0,5.5,5,2,A,369.6,243.3,369.5,243.3,369.6,369.5,1,B,
treino_multiplas,232,48fff16,748.7,CRUZ_08,VE_ROTA_VE_CORREDOR_01,VE_ROTA_VE_TRANSVERSAL_01,BOMBEIRO,POLICIA,2,600.0,603.9,71.1953,23.3383,6.8057,21.3885,0,9,0.0,4.5,5,2,A,339.8,225.9,340.5,204.9,339.8,340.5,1,A,
treino_multiplas,232,48fff16,922.0,CRUZ_02,VE_ROTA_VE_CORREDOR_02,VE_ROTA_VE_TRANSVERSAL_02,POLICIA,AMBULANCIA,3,900.0,904.2,23.0497,22.9361,21.6506,12.176,0,1,0.0,1.0,8,4,B,294.3,191.2,309.6,169.6,294.3,309.6,1,A,
treino_multiplas,232,48fff16,1017.9,CRUZ_08,VE_ROTA_VE_CORREDOR_02,VE_ROTA_VE_TRANSVERSAL_02,POLICIA,AMBULANCIA,3,900.0,904.2,42.2677,25.4692,11.8217,18.126,0,0,0.0,0.0,5,1,B,308.0,192.8,309.6,169.6,308.0,309.6,1,A,
treino_multiplas,232,48fff16,1232.9,CRUZ_02,VE_ROTA_VE_CORREDOR_03,VE_ROTA_VE_TRANSVERSAL_03,AMBULANCIA,BOMBEIRO,2,1200.0,1216.7,56.379,35.2838,8.8602,9.5861,11,0,5.5,0.0,8,4,A,339.9,235.1,350.4,243.7,339.9,350.4,1,A,
treino_multiplas,232,48fff16,1372.6,CRUZ_08,VE_ROTA_VE_CORREDOR_03,VE_ROTA_VE_TRANSVERSAL_03,AMBULANCIA,BOMBEIRO,2,1200.0,1216.7,26.8707,23.071,14.4411,21.6454,2,0,2.0,0.0,4,2,A,339.9,235.1,356.7,208.8,339.9,356.7,1,A,
treino_multiplas,232,48fff16,1822.2,CRUZ_02,VE_ROTA_VE_CORREDOR_05,VE_ROTA_VE_TRANSVERSAL_05,POLICIA,AMBULANCIA,2,1800.0,1812.4,26.4078,23.8667,18.8888,14.4153,0,4,0.0,4.0,8,4,B,371.1,212.2,329.2,174.6,371.1,329.2,1,B,
treino_multiplas,232,48fff16,2129.8,CRUZ_02,VE_ROTA_VE_CORREDOR_06,VE_ROTA_VE_TRANSVERSAL_06,AMBULANCIA,BOMBEIRO,3,2100.0,2113.1,43.4895,22.3266,11.4914,11.8501,9,0,4.5,0.0,8,4,A,303.2,220.4,311.6,231.3,303.2,311.6,1,A,
treino_multiplas,232,48fff16,2254.0,CRUZ_08,VE_ROTA_VE_CORREDOR_06,VE_ROTA_VE_TRANSVERSAL_06,AMBULANCIA,BOMBEIRO,3,2100.0,2113.1,18.6286,23.0658,14.4228,21.6675,0,0,0.0,0.0,4,2,A,303.2,220.4,311.8,209.8,303.2,311.8,1,A,
treino_multiplas,232,48fff16,2421.9,CRUZ_02,VE_ROTA_VE_CORREDOR_07,VE_ROTA_VE_TRANSVERSAL_07,BOMBEIRO,POLICIA,2,2400.0,2418.5,23.0131,30.2546,21.6705,14.4402,0,0,0.0,0.0,8,4,A,275.9,201.0,332.3,228.0,275.9,332.3,1,A,
treino_multiplas,232,48fff16,2540.1,CRUZ_08,VE_ROTA_VE_CORREDOR_07,VE_ROTA_VE_TRANSVERSAL_07,BOMBEIRO,POLICIA,2,2400.0,2418.5,20.1638,42.8434,14.4344,11.6616,0,3,0.0,1.5,4,2,A,275.9,201.0,327.3,191.3,275.9,327.3,1,A,
treino_multiplas,232,48fff16,2722.0,CRUZ_02,VE_ROTA_VE_CORREDOR_08,VE_ROTA_VE_TRANSVERSAL_08,POLICIA,AMBULANCIA,1,2700.0,2716.9,23.0533,28.5455,21.6483,14.428,0,1,0.0,1.0,8,4,B,331.7,181.0,319.3,166.3,331.7,319.3,1,B,
treino_multiplas,232,48fff16,3321.9,CRUZ_02,VE_ROTA_VE_CORREDOR_10,VE_ROTA_VE_TRANSVERSAL_10,BOMBEIRO,POLICIA,3,3300.0,3300.4,23.036,20.7092,21.6475,10.1249,4,1,2.0,1.0,8,4,A,284.5,207.8,342.7,248.5,284.5,342.7,1,A,
treino_multiplas,233,48fff16,324.2,CRUZ_02,VE_ROTA_VE_CORREDOR_00,VE_ROTA_VE_TRANSVERSAL_00,AMBULANCIA,BOMBEIRO,1,300.0,305.4,102.383,14.706,4.8832,14.4307,4,0,2.0,0.0,8,4,A,349.2,181.4,311.4,181.4,349.2,311.4,1,B,
treino_multiplas,233,48fff16,628.8,CRUZ_02,VE_ROTA_VE_CORREDOR_01,VE_ROTA_VE_TRANSVERSAL_01,BOMBEIRO,POLICIA,2,600.0,616.9,29.9337,21.7677,16.6498,14.4373,1,0,0.5,0.0,8,4,A,313.1,219.4,314.7,215.3,313.1,314.7,1,A,
treino_multiplas,233,48fff16,922.3,CRUZ_02,VE_ROTA_VE_CORREDOR_02,VE_ROTA_VE_TRANSVERSAL_02,POLICIA,AMBULANCIA,3,900.0,908.3,27.2615,19.6578,18.3314,14.4184,0,0,0.0,0.0,8,4,B,300.7,193.7,300.6,182.2,300.7,300.6,1,B,
treino_multiplas,233,48fff16,1022.4,CRUZ_08,VE_ROTA_VE_CORREDOR_02,VE_ROTA_VE_TRANSVERSAL_02,POLICIA,AMBULANCIA,3,900.0,908.3,39.6986,20.6623,12.5833,14.0591,1,0,1.0,0.0,5,1,B,280.8,206.9,300.6,182.2,280.8,300.6,1,A,
treino_multiplas,233,48fff16,1223.4,CRUZ_02,VE_ROTA_VE_CORREDOR_03,VE_ROTA_VE_TRANSVERSAL_03,AMBULANCIA,BOMBEIRO,2,1200.0,1216.3,43.6346,37.9503,11.4556,10.4547,8,0,4.0,0.0,8,4,A,285.7,213.1,326.3,218.1,285.7,326.3,1,A,
treino_multiplas,233,48fff16,1354.2,CRUZ_08,VE_ROTA_VE_CORREDOR_03,VE_ROTA_VE_TRANSVERSAL_03,AMBULANCIA,BOMBEIRO,2,1200.0,1216.3,18.8822,36.5539,14.4197,13.6492,0,0,0.0,0.0,4,2,A,285.7,213.1,333.9,211.1,285.7,333.9,1,A,
treino_multiplas,233,48fff16,1822.5,CRUZ_02,VE_ROTA_VE_CORREDOR_05,VE_ROTA_VE_TRANSVERSAL_05,POLICIA,AMBULANCIA,2,1800.0,1815.9,43.5934,27.0349,11.45,14.4339,0,2,0.0,2.0,8,4,B,327.7,179.9,291.2,167.6,327.7,291.2,1,B,
treino_multiplas,233,48fff16,1923.6,CRUZ_08,VE_ROTA_VE_CORREDOR_05,VE_ROTA_VE_TRANSVERSAL_05,POLICIA,AMBULANCIA,2,1800.0,1815.9,31.4618,23.0693,14.4428,21.6696,7,0,7.0,0.0,4,2,B,272.3,187.9,291.2,167.6,272.3,291.2,1,A,
treino_multiplas,233,48fff16,2122.6,CRUZ_02,VE_ROTA_VE_CORREDOR_06,VE_ROTA_VE_TRANSVERSAL_06,AMBULANCIA,BOMBEIRO,3,2100.0,2119.8,29.4656,30.7088,16.9328,14.4271,4,0,2.0,0.0,8,4,A,300.4,219.5,335.0,233.8,300.4,335.0,1,A,
treino_multiplas,233,48fff16,2256.7,CRUZ_08,VE_ROTA_VE_CORREDOR_06,VE_ROTA_VE_TRANSVERSAL_06,AMBULANCIA,BOMBEIRO,3,2100.0,2119.8,19.3648,28.7626,14.4346,17.3742,0,12,0.0,6.0,4,2,A,300.4,219.5,350.2,206.8,300.4,350.2,1,A,
treino_multiplas,233,48fff16,2422.1,CRUZ_02,VE_ROTA_VE_CORREDOR_07,VE_ROTA_VE_TRANSVERSAL_07,BOMBEIRO,POLICIA,2,2400.0,2418.8,23.0649,30.36,21.6633,14.4377,0,1,0.0,1.0,8,4,A,313.1,214.2,307.7,194.8,313.1,307.7,1,B,
treino_multiplas,233,48fff16,2561.9,CRUZ_08,VE_ROTA_VE_CORREDOR_07,VE_ROTA_VE_TRANSVERSAL_07,BOMBEIRO,POLICIA,2,2400.0,2418.8,15.1954,37.9517,14.4402,13.1537,0,9,0.0,4.5,4,2,A,313.1,214.2,336.5,212.7,313.1,336.5,1,A,
treino_multiplas,233,48fff16,2728.6,CRUZ_02,VE_ROTA_VE_CORREDOR_08,VE_ROTA_VE_TRANSVERSAL_08,POLICIA,AMBULANCIA,1,2700.0,2711.0,47.1457,22.8333,10.5918,10.9671,0,4,0.0,4.0,8,4,B,345.9,223.6,345.6,213.6,345.9,345.6,1,B,
treino_multiplas,233,48fff16,2868.8,CRUZ_08,VE_ROTA_VE_CORREDOR_08,VE_ROTA_VE_TRANSVERSAL_08,POLICIA,AMBULANCIA,1,2700.0,2711.0,26.0715,23.004,14.4418,21.6628,0,8,0.0,4.0,4,2,B,334.0,220.2,345.6,213.6,334.0,345.6,1,A,
treino_multiplas,233,48fff16,3332.9,CRUZ_02,VE_ROTA_VE_CORREDOR_10,VE_ROTA_VE_TRANSVERSAL_10,BOMBEIRO,POLICIA,3,3300.0,3320.4,93.1702,32.4518,5.3636,11.027,0,0,0.0,0.0,8,4,A,306.4,220.0,351.8,201.0,306.4,351.8,1,A,
treino_multiplas,233,48fff16,3450.6,CRUZ_08,VE_ROTA_VE_CORREDOR_10,VE_ROTA_VE_TRANSVERSAL_10,BOMBEIRO,POLICIA,3,3300.0,3320.4,13.7786,22.9774,14.4427,21.6687,0,10,0.0,5.0,4,2,A,306.4,220.0,351.8,201.5,306.4,351.8,1,A,
treino_multiplas,234,48fff16,334.5,CRUZ_02,VE_ROTA_VE_CORREDOR_00,VE_ROTA_VE_TRANSVERSAL_00,AMBULANCIA,BOMBEIRO,1,300.0,306.2,70.5348,13.0709,7.0845,10.4719,11,0,5.5,0.0,8,4,A,358.0,215.7,355.8,205.5,358.0,355.8,1,B,
treino_multiplas,234,48fff16,622.4,CRUZ_02,VE_ROTA_VE_CORREDOR_01,VE_ROTA_VE_TRANSVERSAL_01,BOMBEIRO,POLICIA,2,600.0,602.9,30.2999,30.654,16.463,9.8553,3,0,1.5,0.0,8,4,A,327.9,222.5,322.5,219.0,327.9,322.5,1,B,
treino_multiplas,234,48fff16,922.0,CRUZ_02,VE_ROTA_VE_CORREDOR_02,VE_ROTA_VE_TRANSVERSAL_02,POLICIA,AMBULANCIA,3,900.0,903.2,23.0429,19.4192,21.6558,11.4366,0,1,0.0,1.0,8,4,B,304.1,202.0,293.8,187.2,304.1,293.8,1,B,
treino_multiplas,234,48fff16,1020.2,CRUZ_08,VE_ROTA_VE_CORREDOR_02,VE_ROTA_VE_TRANSVERSAL_02,POLICIA,AMBULANCIA,3,900.0,903.2,37.4491,55.5984,12.3946,8.9802,0,0,0.0,0.0,4,2,B,271.7,195.9,293.8,187.2,271.7,293.8,1,A,
treino_multiplas,234,48fff16,1222.2,CRUZ_02,VE_ROTA_VE_CORREDOR_03,VE_ROTA_VE_TRANSVERSAL_03,AMBULANCIA,BOMBEIRO,2,1200.0,1211.3,23.0709,22.5853,21.6675,14.4423,5,0,2.5,0.0,8,4,A,260.7,174.7,265.3,173.9,260.7,265.3,1,A,
treino_multiplas,234,48fff16,1824.2,CRUZ_02,VE_ROTA_VE_CORREDOR_05,VE_ROTA_VE_TRANSVERSAL_05,POLICIA,AMBULANCIA,2,1800.0,1810.5,104.8714,31.6103,4.7672,10.2354,0,1,0.0,1.0,8,4,B,284.0,207.2,318.0,185.4,284.0,318.0,1,A,
treino_multiplas,234,48fff16,2122.0,CRUZ_02,VE_ROTA_VE_CORREDOR_06,VE_ROTA_VE_TRANSVERSAL_06,AMBULANCIA,BOMBEIRO,3,2100.0,2102.7,23.0353,21.9474,21.6425,11.3553,0,0,0.0,0.0,8,4,A,298.9,213.0,298.4,211.5,298.9,298.4,1,B,
treino_multiplas,234,48fff16,2241.2,CRUZ_08,VE_ROTA_VE_CORREDOR_06,VE_ROTA_VE_TRANSVERSAL_06,AMBULANCIA,BOMBEIRO,3,2100.0,2102.7,26.0868,23.0661,14.4256,21.6562,1,0,1.0,0.0,4,2,A,298.9,213.0,332.5,202.2,298.9,332.5,1,A,
treino_multiplas,234,48fff16,2424.7,CRUZ_02,VE_ROTA_VE_CORREDOR_07,VE_ROTA_VE_TRANSVERSAL_07,BOMBEIRO,POLICIA,2,2400.0,2418.3,31.6786,42.8295,15.7765,10.1066,0,0,0.0,0.0,8,4,A,271.7,195.4,303.0,232.3,271.7,303.0,1,A,
treino_multiplas,234,48fff16,2726.3,CRUZ_02,VE_ROTA_VE_CORREDOR_08,VE_ROTA_VE_TRANSVERSAL_08,POLICIA,AMBULANCIA,1,2700.0,2716.1,124.9463,23.4218,3.2085,14.4426,0,2,0.0,2.0,8,4,B,308.4,206.9,316.3,186.0,308.4,316.3,1,A,
treino_multiplas,234,48fff16,2850.5,CRUZ_08,VE_ROTA_VE_CORREDOR_08,VE_ROTA_VE_TRANSVERSAL_08,POLICIA,AMBULANCIA,1,2700.0,2716.1,19.227,31.9898,14.417,15.6269,0,0,0.0,0.0,4,2,B,301.7,193.1,316.3,186.0,301.7,316.3,1,A,
treino_multiplas,234,48fff16,3330.2,CRUZ_02,VE_ROTA_VE_CORREDOR_10,VE_ROTA_VE_TRANSVERSAL_10,BOMBEIRO,POLICIA,3,3300.0,3310.8,107.8281,14.2884,4.6347,14.4202,0,2,0.0,2.0,8,4,A,316.0,193.2,323.1,180.0,316.0,323.1,1,A,
treino_multiplas,234,48fff16,3438.6,CRUZ_08,VE_ROTA_VE_CORREDOR_10,VE_ROTA_VE_TRANSVERSAL_10,BOMBEIRO,POLICIA,3,3300.0,3310.8,29.9537,62.1249,16.6682,7.8165,0,7,0.0,3.5,5,2,A,316.0,193.2,314.0,191.8,316.0,314.0,1,B,
treino_multiplas,235,48fff16,322.5,CRUZ_02,VE_ROTA_VE_CORREDOR_00,VE_ROTA_VE_TRANSVERSAL_00,AMBULANCIA,BOMBEIRO,1,300.0,310.6,44.0521,21.6273,11.3248,14.415,4,0,2.0,0.0,8,4,A,318.0,233.7,325.4,236.9,318.0,325.4,1,A,
treino_multiplas,235,48fff16,445.2,CRUZ_08,VE_ROTA_VE_CORREDOR_00,VE_ROTA_VE_TRANSVERSAL_00,AMBULANCIA,BOMBEIRO,1,300.0,310.6,50.479,23.0685,9.9027,21.6694,3,0,3.0,0.0,5,2,A,318.0,233.7,321.8,211.4,318.0,321.8,1,A,
treino_multiplas,235,48fff16,755.2,CRUZ_08,VE_ROTA_VE_CORREDOR_01,VE_ROTA_VE_TRANSVERSAL_01,BOMBEIRO,POLICIA,2,600.0,607.3,93.8181,32.7898,5.3269,13.7552,0,3,0.0,1.5,5,1,A,339.3,210.2,339.1,210.2,339.3,339.1,1,B,
treino_multiplas,235,48fff16,1222.7,CRUZ_02,VE_ROTA_VE_CORREDOR_03,VE_ROTA_VE_TRANSVERSAL_03,AMBULANCIA,BOMBEIRO,2,1200.0,1220.0,29.3586,30.7768,17.0186,14.4423,8,0,4.0,0.0,8,4,A,292.1,191.5,291.6,203.3,292.1,291.6,1,B,
treino_multiplas,235,48fff16,1345.4,CRUZ_08,VE_ROTA_VE_CORREDOR_03,VE_ROTA_VE_TRANSVERSAL_03,AMBULANCIA,BOMBEIRO,2,1200.0,1220.0,12.7225,23.0325,14.4245,21.6567,0,3,0.0,1.5,4,2,A,292.1,191.5,303.1,185.8,292.1,303.1,1,A,
treino_multiplas,235,48fff16,1825.5,CRUZ_02,VE_ROTA_VE_CORREDOR_05,VE_ROTA_VE_TRANSVERSAL_05,POLICIA,AMBULANCIA,2,1800.0,1818.3,58.8542,26.464,8.4875,14.418,0,0,0.0,0.0,8,4,B,340.0,191.3,322.2,174.9,340.0,322.2,1,B,
treino_multiplas,235,48fff16,2122.0,CRUZ_02,VE_ROTA_VE_CORREDOR_06,VE_ROTA_VE_TRANSVERSAL_06,AMBULANCIA,BOMBEIRO,3,2100.0,2118.8,23.0204,30.3083,21.6563,14.4276,0,0,0.0,0.0,8,4,A,305.8,193.8,302.6,200.4,305.8,302.6,1,B,
treino_multiplas,235,48fff16,2240.6,CRUZ_08,VE_ROTA_VE_CORREDOR_06,VE_ROTA_VE_TRANSVERSAL_06,AMBULANCIA,BOMBEIRO,3,2100.0,2118.8,22.62,23.0245,14.4255,21.6417,4,0,4.0,0.0,4,2,A,305.8,193.8,352.0,185.2,305.8,352.0,1,A,
treino_multiplas,235,48fff16,2427.7,CRUZ_02,VE_ROTA_VE_CORREDOR_07,VE_ROTA_VE_TRANSVERSAL_07,BOMBEIRO,POLICIA,2,2400.0,2419.5,105.4432,26.9576,4.7412,13.6853,0,4,0.0,4.0,8,4,A,316.0,224.1,336.0,172.1,316.0,336.0,1,A,
treino_multiplas,235,48fff16,2722.0,CRUZ_02,VE_ROTA_VE_CORREDOR_08,VE_ROTA_VE_TRANSVERSAL_08,POLICIA,AMBULANCIA,1,2700.0,2701.2,23.0563,15.8677,21.6442,12.1251,0,0,0.0,0.0,8,4,B,352.8,217.7,323.8,169.1,352.8,323.8,1,B,
treino_multiplas,235,48fff16,3324.4,CRUZ_02,VE_ROTA_VE_CORREDOR_10,VE_ROTA_VE_TRANSVERSAL_10,BOMBEIRO,POLICIA,3,3300.0,3316.4,73.9151,30.8061,6.7581,12.4253,0,4,0.0,4.0,8,4,A,332.3,218.6,330.6,184.3,332.3,330.6,1,B,
treino_multiplas,235,48fff16,3460.7,CRUZ_08,VE_ROTA_VE_CORREDOR_10,VE_ROTA_VE_TRANSVERSAL_10,BOMBEIRO,POLICIA,3,3300.0,3316.4,26.1687,24.8265,8.7694,20.1076,0,0,0.0,0.0,4,2,A,332.3,218.6,361.7,215.9,332.3,361.7,1,A,
treino_multiplas,236,48fff16,322.5,CRUZ_02,VE_ROTA_VE_CORREDOR_00,VE_ROTA_VE_TRANSVERSAL_00,AMBULANCIA,BOMBEIRO,1,300.0,317.0,44.0209,28.0105,11.3329,14.4264,4,0,2.0,0.0,8,4,A,299.7,206.7,303.7,213.6,299.7,303.7,1,A,
treino_multiplas,236,48fff16,447.1,CRUZ_08,VE_ROTA_VE_CORREDOR_00,VE_ROTA_VE_TRANSVERSAL_00,AMBULANCIA,BOMBEIRO,1,300.0,317.0,27.8141,23.1011,14.4279,21.6418,5,0,5.0,0.0,4,2,A,299.7,206.7,332.4,192.1,299.7,332.4,1,A,
treino_multiplas,236,48fff16,627.9,CRUZ_02,VE_ROTA_VE_CORREDOR_01,VE_ROTA_VE_TRANSVERSAL_01,BOMBEIRO,POLICIA,2,600.0,618.1,30.3395,23.8893,16.4469,14.4229,0,3,0.0,3.0,8,4,A,297.7,209.2,320.9,207.8,297.7,320.9,1,A,
treino_multiplas,236,48fff16,735.8,CRUZ_08,VE_ROTA_VE_CORREDOR_01,VE_ROTA_VE_TRANSVERSAL_01,BOMBEIRO,POLICIA,2,600.0,618.1,37.1555,18.8622,13.4221,21.6503,0,2,0.0,1.0,5,1,A,297.7,209.2,323.0,179.7,297.7,323.0,1,A,
treino_multiplas,236,48fff16,922.0,CRUZ_02,VE_ROTA_VE_CORREDOR_02,VE_ROTA_VE_TRANSVERSAL_02,POLICIA,AMBULANCIA,3,900.0,902.6,23.0455,22.6382,21.6545,9.8984,0,1,0.0,1.0,8,4,B,271.3,209.7,311.3,209.7,271.3,311.3,1,A,
treino_multiplas,236,48fff16,1227.6,CRUZ_02,VE_ROTA_VE_CORREDOR_03,VE_ROTA_VE_TRANSVERSAL_03,AMBULANCIA,BOMBEIRO,2,1200.0,1207.5,31.797,20.4457,15.6969,11.18,11,0,5.5,0.0,8,4,A,310.0,226.5,313.3,222.9,310.0,313.3,1,A,
treino_multiplas,236,48fff16,1362.1,CRUZ_08,VE_ROTA_VE_CORREDOR_03,VE_ROTA_VE_TRANSVERSAL_03,AMBULANCIA,BOMBEIRO,2,1200.0,1207.5,28.8636,22.9855,14.4365,21.669,3,0,3.0,0.0,4,2,A,310.0,226.5,316.4,207.0,310.0,316.4,1,A,
treino_multiplas,236,48fff16,1829.7,CRUZ_02,VE_ROTA_VE_CORREDOR_05,VE_ROTA_VE_TRANSVERSAL_05,POLICIA,AMBULANCIA,2,1800.0,1815.6,59.0625,28.9067,8.4594,11.0163,5,0,2.5,0.0,8,4,B,336.9,200.1,355.0,191.6,336.9,355.0,1,A,
treino_multiplas,236,48fff16,1936.9,CRUZ_08,VE_ROTA_VE_CORREDOR_05,VE_ROTA_VE_TRANSVERSAL_05,POLICIA,AMBULANCIA,2,1800.0,1815.6,25.689,22.9864,14.4187,21.6671,4,0,4.0,0.0,4,2,B,329.0,208.9,355.0,191.6,329.0,355.0,1,A,
treino_multiplas,236,48fff16,2126.0,CRUZ_02,VE_ROTA_VE_CORREDOR_06,VE_ROTA_VE_TRANSVERSAL_06,AMBULANCIA,BOMBEIRO,3,2100.0,2109.0,27.1751,25.1497,18.3873,10.5496,0,0,0.0,0.0,8,4,A,292.7,204.3,292.7,204.3,292.7,292.7,1,EMPATE,
treino_multiplas,236,48fff16,2421.9,CRUZ_02,VE_ROTA_VE_CORREDOR_07,VE_ROTA_VE_TRANSVERSAL_07,BOMBEIRO,POLICIA,2,2400.0,2408.5,23.0328,43.2265,21.6518,8.7182,0,1,0.0,1.0,8,4,A,260.4,230.7,293.1,206.9,260.4,293.1,1,A,
treino_multiplas,236,48fff16,2726.5,CRUZ_02,VE_ROTA_VE_CORREDOR_08,VE_ROTA_VE_TRANSVERSAL_08,POLICIA,AMBULANCIA,1,2700.0,2715.5,57.0239,22.6666,8.7535,14.4154,0,2,0.0,2.0,8,4,B,320.5,202.6,319.5,201.5,320.5,319.5,1,B,
treino_multiplas,236,48fff16,2844.0,CRUZ_08,VE_ROTA_VE_CORREDOR_08,VE_ROTA_VE_TRANSVERSAL_08,POLICIA,AMBULANCIA,1,2700.0,2715.5,30.0799,23.0083,14.4296,21.6573,0,0,0.0,0.0,4,2,B,297.0,220.8,319.5,201.5,297.0,319.5,1,A,
treino_multiplas,236,48fff16,3325.0,CRUZ_02,VE_ROTA_VE_CORREDOR_10,VE_ROTA_VE_TRANSVERSAL_10,BOMBEIRO,POLICIA,3,3300.0,3310.5,109.7858,19.1658,4.5503,14.4382,0,0,0.0,0.0,8,4,A,259.7,198.9,268.8,193.2,259.7,268.8,1,A,
treino_multiplas,237,48fff16,481.8,CRUZ_08,VE_ROTA_VE_CORREDOR_00,VE_ROTA_VE_TRANSVERSAL_00,AMBULANCIA,BOMBEIRO,1,300.0,303.5,62.0735,36.8896,8.0433,12.3347,0,6,0.0,3.0,5,1,A,371.8,267.3,371.9,246.3,371.8,371.9,1,A,
treino_multiplas,237,48fff16,622.2,CRUZ_02,VE_ROTA_VE_CORREDOR_01,VE_ROTA_VE_TRANSVERSAL_01,BOMBEIRO,POLICIA,2,600.0,610.4,26.9822,31.7484,18.4824,10.911,1,0,0.5,0.0,8,4,A,330.0,202.7,339.9,212.7,330.0,339.9,1,A,
treino_multiplas,237,48fff16,745.9,CRUZ_08,VE_ROTA_VE_CORREDOR_01,VE_ROTA_VE_TRANSVERSAL_01,BOMBEIRO,POLICIA,2,600.0,610.4,21.8788,22.978,14.4217,21.6671,0,0,0.0,0.0,4,2,A,330.0,202.7,328.8,182.6,330.0,328.8,1,B,
treino_multiplas,237,48fff16,922.0,CRUZ_02,VE_ROTA_VE_CORREDOR_02,VE_ROTA_VE_TRANSVERSAL_02,POLICIA,AMBULANCIA,3,900.0,905.2,23.0499,21.3143,21.65,12.4496,0,4,0.0,4.0,8,4,B,322.8,228.8,338.0,209.4,322.8,338.0,1,A,
treino_multiplas,237,48fff16,1229.8,CRUZ_02,VE_ROTA_VE_CORREDOR_03,VE_ROTA_VE_TRANSVERSAL_03,AMBULANCIA,BOMBEIRO,2,1200.0,1205.9,43.8233,22.154,11.3971,9.6032,9,0,4.5,0.0,8,4,A,315.1,235.8,316.2,223.7,315.1,316.2,1,A,
treino_multiplas,237,48fff16,1365.2,CRUZ_08,VE_ROTA_VE_CORREDOR_03,VE_ROTA_VE_TRANSVERSAL_03,AMBULANCIA,BOMBEIRO,2,1200.0,1205.9,19.6244,22.9998,14.4174,21.6651,1,1,1.0,0.5,4,2,A,315.1,235.8,350.9,224.2,315.1,350.9,1,A,
treino_multiplas,237,48fff16,1822.5,CRUZ_02,VE_ROTA_VE_CORREDOR_05,VE_ROTA_VE_TRANSVERSAL_05,POLICIA,AMBULANCIA,2,1800.0,1814.5,43.5973,25.6236,11.4488,14.4403,0,2,0.0,2.0,8,4,B,259.0,201.0,333.9,166.8,259.0,333.9,1,A,
treino_multiplas,237,48fff16,2130.9,CRUZ_02,VE_ROTA_VE_CORREDOR_06,VE_ROTA_VE_TRANSVERSAL_06,AMBULANCIA,BOMBEIRO,3,2100.0,2118.6,31.7526,21.1896,15.7283,14.4401,0,0,0.0,0.0,8,4,A,312.3,206.8,332.0,206.7,312.3,332.0,1,A,
treino_multiplas,237,48fff16,2424.8,CRUZ_02,VE_ROTA_VE_CORREDOR_07,VE_ROTA_VE_TRANSVERSAL_07,BOMBEIRO,POLICIA,2,2400.0,2402.5,30.7447,28.7278,16.2117,9.687,0,2,0.0,2.0,8,4,A,345.6,198.6,348.9,198.6,345.6,348.9,1,A,
treino_multiplas,237,48fff16,2548.3,CRUZ_08,VE_ROTA_VE_CORREDOR_07,VE_ROTA_VE_TRANSVERSAL_07,BOMBEIRO,POLICIA,2,2400.0,2402.5,74.4855,24.1957,6.707,15.026,0,10,0.0,5.0,5,1,A,345.6,198.6,345.6,198.6,345.6,345.6,1,EMPATE,
treino_multiplas,237,48fff16,2729.1,CRUZ_02,VE_ROTA_VE_CORREDOR_08,VE_ROTA_VE_TRANSVERSAL_08,POLICIA,AMBULANCIA,1,2700.0,2718.3,89.9491,22.8572,5.5577,14.4212,0,0,0.0,0.0,8,4,B,309.3,174.8,309.1,173.6,309.3,309.1,1,B,
treino_multiplas,237,48fff16,2844.5,CRUZ_08,VE_ROTA_VE_CORREDOR_08,VE_ROTA_VE_TRANSVERSAL_08,POLICIA,AMBULANCIA,1,2700.0,2718.3,39.7589,13.9321,12.5447,14.8663,0,0,0.0,0.0,5,1,B,305.5,197.9,309.1,173.6,305.5,309.1,1,A,
treino_multiplas,237,48fff16,3446.6,CRUZ_08,VE_ROTA_VE_CORREDOR_10,VE_ROTA_VE_TRANSVERSAL_10,BOMBEIRO,POLICIA,3,3300.0,3301.1,43.8614,22.9887,10.7398,21.6607,0,9,0.0,4.5,4,2,A,341.4,203.7,339.8,198.7,341.4,339.8,1,B,
treino_multiplas,238,48fff16,324.3,CRUZ_02,VE_ROTA_VE_CORREDOR_00,VE_ROTA_VE_TRANSVERSAL_00,AMBULANCIA,BOMBEIRO,1,300.0,317.9,109.1107,27.0949,4.5792,14.4346,0,0,0.0,0.0,8,4,A,379.2,222.5,370.0,190.9,379.2,370.0,1,B,
treino_multiplas,238,48fff16,481.8,CRUZ_08,VE_ROTA_VE_CORREDOR_00,VE_ROTA_VE_TRANSVERSAL_00,AMBULANCIA,BOMBEIRO,1,300.0,317.9,58.7929,32.5604,8.4928,13.2174,0,7,0.0,3.5,5,1,A,379.2,222.5,379.3,222.8,379.2,379.3,1,A,
treino_multiplas,238,48fff16,627.5,CRUZ_02,VE_ROTA_VE_CORREDOR_01,VE_ROTA_VE_TRANSVERSAL_01,BOMBEIRO,POLICIA,2,600.0,616.7,26.6541,30.9087,18.7249,11.8267,0,1,0.0,1.0,8,4,A,301.7,207.5,325.4,209.7,301.7,325.4,1,A,
treino_multiplas,238,48fff16,754.4,CRUZ_08,VE_ROTA_VE_CORREDOR_01,VE_ROTA_VE_TRANSVERSAL_01,BOMBEIRO,POLICIA,2,600.0,616.7,15.7122,23.0371,14.4208,21.6457,0,11,0.0,5.5,4,2,A,301.7,207.5,331.7,190.0,301.7,331.7,1,A,
treino_multiplas,238,48fff16,1028.3,CRUZ_08,VE_ROTA_VE_CORREDOR_02,VE_ROTA_VE_TRANSVERSAL_02,POLICIA,AMBULANCIA,3,900.0,903.8,56.7291,25.7102,8.4356,19.3748,2,0,2.0,0.0,4,2,B,306.1,215.0,327.7,200.6,306.1,327.7,1,A,
treino_multiplas,238,48fff16,1224.5,CRUZ_02,VE_ROTA_VE_CORREDOR_03,VE_ROTA_VE_TRANSVERSAL_03,AMBULANCIA,BOMBEIRO,2,1200.0,1214.4,63.0579,31.3732,7.9212,11.3164,5,0,2.5,0.0,8,4,A,301.9,199.5,292.7,199.7,301.9,292.7,1,B,
treino_multiplas,238,48fff16,1339.0,CRUZ_08,VE_ROTA_VE_CORREDOR_03,VE_ROTA_VE_TRANSVERSAL_03,AMBULANCIA,BOMBEIRO,2,1200.0,1214.4,30.2223,38.0272,14.4301,13.1469,3,0,3.0,0.0,4,2,A,301.9,199.5,305.7,191.6,301.9,305.7,1,A,
treino_multiplas,238,48fff16,1830.1,CRUZ_02,VE_ROTA_VE_CORREDOR_05,VE_ROTA_VE_TRANSVERSAL_05,POLICIA,AMBULANCIA,2,1800.0,1812.2,124.9307,15.7378,2.9945,14.4354,0,2,0.0,2.0,8,4,B,341.2,237.4,315.4,180.7,341.2,315.4,1,B,
treino_multiplas,238,48fff16,2122.0,CRUZ_02,VE_ROTA_VE_CORREDOR_06,VE_ROTA_VE_TRANSVERSAL_06,AMBULANCIA,BOMBEIRO,3,2100.0,2108.6,23.0357,35.8649,21.6447,9.9833,0,0,0.0,0.0,8,4,A,289.3,206.8,289.9,210.0,289.3,289.9,1,A,
treino_multiplas,238,48fff16,2249.4,CRUZ_08,VE_ROTA_VE_CORREDOR_06,VE_ROTA_VE_TRANSVERSAL_06,AMBULANCIA,BOMBEIRO,3,2100.0,2108.6,16.7201,42.5253,14.4268,11.7538,0,2,0.0,1.0,4,2,A,289.3,206.8,313.5,202.9,289.3,313.5,1,A,
treino_multiplas,238,48fff16,2424.0,CRUZ_02,VE_ROTA_VE_CORREDOR_07,VE_ROTA_VE_TRANSVERSAL_07,BOMBEIRO,POLICIA,2,2400.0,2409.2,37.494,18.8938,13.3028,14.4171,0,1,0.0,1.0,8,4,A,278.7,199.3,312.8,212.7,278.7,312.8,1,A,
treino_multiplas,238,48fff16,2722.7,CRUZ_02,VE_ROTA_VE_CORREDOR_08,VE_ROTA_VE_TRANSVERSAL_08,POLICIA,AMBULANCIA,1,2700.0,2708.3,42.969,19.2562,11.6257,14.4211,0,1,0.0,1.0,8,4,B,267.2,189.1,291.4,165.9,267.2,291.4,1,A,
treino_multiplas,238,48fff16,3321.9,CRUZ_02,VE_ROTA_VE_CORREDOR_10,VE_ROTA_VE_TRANSVERSAL_10,BOMBEIRO,POLICIA,3,3300.0,3317.0,23.0224,28.7969,21.6611,14.4196,0,2,0.0,2.0,8,4,A,260.2,184.2,302.2,183.4,260.2,302.2,1,A,
treino_multiplas,239,48fff16,331.3,CRUZ_02,VE_ROTA_VE_CORREDOR_00,VE_ROTA_VE_TRANSVERSAL_00,AMBULANCIA,BOMBEIRO,1,300.0,313.4,64.5054,15.6228,7.745,14.4133,7,0,3.5,0.0,8,4,A,327.6,227.1,322.3,173.7,327.6,322.3,1,B,
treino_multiplas,239,48fff16,450.1,CRUZ_08,VE_ROTA_VE_CORREDOR_00,VE_ROTA_VE_TRANSVERSAL_00,AMBULANCIA,BOMBEIRO,1,300.0,313.4,39.5535,14.8604,12.6192,19.0598,2,0,2.0,0.0,5,1,A,327.6,227.1,333.1,201.0,327.6,333.1,1,A,
treino_multiplas,239,48fff16,621.9,CRUZ_02,VE_ROTA_VE_CORREDOR_01,VE_ROTA_VE_TRANSVERSAL_01,BOMBEIRO,POLICIA,2,600.0,615.9,24.9636,27.6721,20.0145,14.4322,0,0,0.0,0.0,8,4,A,297.0,171.9,294.9,171.9,297.0,294.9,1,B,
treino_multiplas,239,48fff16,1033.7,CRUZ_08,VE_ROTA_VE_CORREDOR_02,VE_ROTA_VE_TRANSVERSAL_02,POLICIA,AMBULANCIA,3,900.0,900.2,23.3292,25.5057,14.4204,19.5964,0,0,0.0,0.0,4,2,B,291.5,201.5,313.5,198.8,291.5,313.5,1,A,
treino_multiplas,239,48fff16,1222.5,CRUZ_02,VE_ROTA_VE_CORREDOR_03,VE_ROTA_VE_TRANSVERSAL_03,AMBULANCIA,BOMBEIRO,2,1200.0,1213.6,44.0271,24.6024,11.3312,14.4312,7,0,3.5,0.0,8,4,A,298.5,189.5,336.7,166.6,298.5,336.7,1,A,
treino_multiplas,239,48fff16,1332.2,CRUZ_08,VE_ROTA_VE_CORREDOR_03,VE_ROTA_VE_TRANSVERSAL_03,AMBULANCIA,BOMBEIRO,2,1200.0,1213.6,21.4879,23.0828,14.4388,21.6587,2,0,2.0,0.0,4,2,A,298.5,189.5,301.0,170.6,298.5,301.0,1,A,
treino_multiplas,239,48fff16,1822.0,CRUZ_02,VE_ROTA_VE_CORREDOR_05,VE_ROTA_VE_TRANSVERSAL_05,POLICIA,AMBULANCIA,2,1800.0,1801.8,23.0365,28.1221,21.6619,10.0891,0,1,0.0,1.0,8,4,B,307.7,200.4,319.2,208.7,307.7,319.2,1,A,
treino_multiplas,239,48fff16,1944.4,CRUZ_08,VE_ROTA_VE_CORREDOR_05,VE_ROTA_VE_TRANSVERSAL_05,POLICIA,AMBULANCIA,2,1800.0,1801.8,18.832,42.6175,14.4253,11.727,0,3,0.0,1.5,4,2,B,293.2,214.7,319.2,208.7,293.2,319.2,1,A,
treino_multiplas,239,48fff16,2122.5,CRUZ_02,VE_ROTA_VE_CORREDOR_06,VE_ROTA_VE_TRANSVERSAL_06,AMBULANCIA,BOMBEIRO,3,2100.0,2119.6,23.8651,46.7597,20.8802,9.7786,9,0,4.5,0.0,8,4,A,283.2,185.4,306.2,210.7,283.2,306.2,1,A,
treino_multiplas,239,48fff16,2432.5,CRUZ_02,VE_ROTA_VE_CORREDOR_07,VE_ROTA_VE_TRANSVERSAL_07,BOMBEIRO,POLICIA,2,2400.0,2410.8,34.7545,26.7883,14.3796,10.2218,0,3,0.0,3.0,8,4,A,308.0,238.1,301.2,174.8,308.0,301.2,1,B,
treino_multiplas,239,48fff16,2563.1,CRUZ_08,VE_ROTA_VE_CORREDOR_07,VE_ROTA_VE_TRANSVERSAL_07,BOMBEIRO,POLICIA,2,2400.0,2410.8,31.3517,35.4689,14.4143,14.0941,2,0,2.0,0.0,4,2,A,308.0,238.1,331.0,226.2,308.0,331.0,1,A,
treino_multiplas,239,48fff16,2722.0,CRUZ_02,VE_ROTA_VE_CORREDOR_08,VE_ROTA_VE_TRANSVERSAL_08,POLICIA,AMBULANCIA,1,2700.0,2713.1,23.0539,24.7646,21.6463,14.4175,1,0,0.5,0.0,8,4,B,349.2,212.4,339.6,215.4,349.2,339.6,1,B,
treino_multiplas,239,48fff16,2845.6,CRUZ_08,VE_ROTA_VE_CORREDOR_08,VE_ROTA_VE_TRANSVERSAL_08,POLICIA,AMBULANCIA,1,2700.0,2713.1,22.4065,45.4056,14.4248,10.9921,3,0,3.0,0.0,4,2,B,303.6,224.1,339.6,215.4,303.6,339.6,1,A,
treino_multiplas,239,48fff16,3321.9,CRUZ_02,VE_ROTA_VE_CORREDOR_10,VE_ROTA_VE_TRANSVERSAL_10,BOMBEIRO,POLICIA,3,3300.0,3309.3,23.0164,31.8981,21.6677,10.3023,0,0,0.0,0.0,8,4,A,350.1,212.3,298.4,187.2,350.1,298.4,1,B,
treino_multiplas,240,48fff16,322.7,CRUZ_02,VE_ROTA_VE_CORREDOR_00,VE_ROTA_VE_TRANSVERSAL_00,AMBULANCIA,BOMBEIRO,1,300.0,306.8,42.3187,22.7287,11.8145,11.959,3,0,1.5,0.0,8,4,A,313.6,223.1,318.3,223.5,313.6,318.3,1,A,
treino_multiplas,240,48fff16,448.0,CRUZ_08,VE_ROTA_VE_CORREDOR_00,VE_ROTA_VE_TRANSVERSAL_00,AMBULANCIA,BOMBEIRO,1,300.0,306.8,47.993,23.0872,9.8824,21.6511,3,0,3.0,0.0,4,2,A,313.6,223.1,325.7,206.7,313.6,325.7,1,A,
treino_multiplas,240,48fff16,622.1,CRUZ_02,VE_ROTA_VE_CORREDOR_01,VE_ROTA_VE_TRANSVERSAL_01,BOMBEIRO,POLICIA,2,600.0,605.5,23.7966,29.9593,20.9988,9.1935,0,1,0.0,1.0,8,4,A,299.9,241.7,304.1,232.1,299.9,304.1,1,A,
treino_multiplas,240,48fff16,922.0,CRUZ_02,VE_ROTA_VE_CORREDOR_02,VE_ROTA_VE_TRANSVERSAL_02,POLICIA,AMBULANCIA,3,900.0,906.0,23.031,23.5354,21.6684,11.5743,0,1,0.0,1.0,8,4,B,342.0,200.7,333.8,194.5,342.0,333.8,1,B,
treino_multiplas,240,48fff16,1027.0,CRUZ_08,VE_ROTA_VE_CORREDOR_02,VE_ROTA_VE_TRANSVERSAL_02,POLICIA,AMBULANCIA,3,900.0,906.0,33.0098,63.4663,13.8552,7.8715,9,1,9.0,0.5,4,2,B,255.3,211.5,333.8,194.5,255.3,333.8,1,A,
treino_multiplas,240,48fff16,1226.3,CRUZ_02,VE_ROTA_VE_CORREDOR_03,VE_ROTA_VE_TRANSVERSAL_03,AMBULANCIA,BOMBEIRO,2,1200.0,1219.0,64.1159,26.1802,7.797,14.4428,11,0,5.5,0.0,8,4,A,321.6,231.9,321.1,184.5,321.6,321.1,1,B,
treino_multiplas,240,48fff16,1361.8,CRUZ_08,VE_ROTA_VE_CORREDOR_03,VE_ROTA_VE_TRANSVERSAL_03,AMBULANCIA,BOMBEIRO,2,1200.0,1219.0,51.7962,25.2633,9.6482,16.7783,0,6,0.0,3.0,5,1,A,321.6,231.9,323.0,202.3,321.6,323.0,1,A,
treino_multiplas,240,48fff16,1824.0,CRUZ_02,VE_ROTA_VE_CORREDOR_05,VE_ROTA_VE_TRANSVERSAL_05,POLICIA,AMBULANCIA,2,1800.0,1813.2,106.4979,34.2896,4.6935,10.6867,0,3,0.0,3.0,8,4,B,317.1,204.7,312.3,179.7,317.1,312.3,1,B,
treino_multiplas,240,48fff16,1932.4,CRUZ_08,VE_ROTA_VE_CORREDOR_05,VE_ROTA_VE_TRANSVERSAL_05,POLICIA,AMBULANCIA,2,1800.0,1813.2,31.1374,22.4298,16.0105,21.6498,0,3,0.0,1.5,5,2,B,315.3,179.7,312.3,179.7,315.3,312.3,1,B,
treino_multiplas,240,48fff16,2130.8,CRUZ_02,VE_ROTA_VE_CORREDOR_06,VE_ROTA_VE_TRANSVERSAL_06,AMBULANCIA,BOMBEIRO,3,2100.0,2117.4,31.0758,20.124,16.0386,14.4163,0,0,0.0,0.0,8,4,A,285.9,203.6,286.1,210.7,285.9,286.1,1,A,
treino_multiplas,240,48fff16,2224.2,CRUZ_08,VE_ROTA_VE_CORREDOR_06,VE_ROTA_VE_TRANSVERSAL_06,AMBULANCIA,BOMBEIRO,3,2100.0,2117.4,29.6025,23.0006,14.4387,21.6467,0,0,0.0,0.0,4,2,A,285.9,203.6,305.6,186.7,285.9,305.6,1,A,
treino_multiplas,240,48fff16,2422.1,CRUZ_02,VE_ROTA_VE_CORREDOR_07,VE_ROTA_VE_TRANSVERSAL_07,BOMBEIRO,POLICIA,2,2400.0,2415.3,23.0553,26.853,21.6703,14.4426,0,1,0.0,1.0,8,4,A,268.5,193.1,309.7,207.1,268.5,309.7,1,A,
treino_multiplas,240,48fff16,2726.3,CRUZ_02,VE_ROTA_VE_CORREDOR_08,VE_ROTA_VE_TRANSVERSAL_08,POLICIA,AMBULANCIA,1,2700.0,2716.1,42.4699,23.4512,11.761,14.4246,0,3,0.0,3.0,8,4,B,322.2,198.4,315.5,185.8,322.2,315.5,1,B,
treino_multiplas,240,48fff16,2832.5,CRUZ_08,VE_ROTA_VE_CORREDOR_08,VE_ROTA_VE_TRANSVERSAL_08,POLICIA,AMBULANCIA,1,2700.0,2716.1,37.149,34.712,12.4956,14.3718,0,15,0.0,7.5,4,2,B,315.0,197.1,315.5,185.8,315.0,315.5,1,A,
treino_multiplas,240,48fff16,3323.9,CRUZ_02,VE_ROTA_VE_CORREDOR_10,VE_ROTA_VE_TRANSVERSAL_10,BOMBEIRO,POLICIA,3,3300.0,3309.8,106.6624,19.5619,4.6857,14.4416,0,0,0.0,0.0,8,4,A,296.6,208.1,296.6,206.2,296.6,296.6,1,EMPATE,
treino_multiplas,241,48fff16,322.7,CRUZ_02,VE_ROTA_VE_CORREDOR_00,VE_ROTA_VE_TRANSVERSAL_00,AMBULANCIA,BOMBEIRO,1,300.0,316.1,42.8894,26.9073,11.6484,14.4276,3,0,1.5,0.0,8,4,A,319.7,228.4,332.3,248.3,319.7,332.3,1,A,
treino_multiplas,241,48fff16,452.2,CRUZ_08,VE_ROTA_VE_CORREDOR_00,VE_ROTA_VE_TRANSVERSAL_00,AMBULANCIA,BOMBEIRO,1,300.0,316.1,46.2027,15.3314,10.8124,15.2676,3,0,3.0,0.0,5,1,A,319.7,228.4,324.8,200.2,319.7,324.8,1,A,
treino_multiplas,241,48fff16,622.1,CRUZ_02,VE_ROTA_VE_CORREDOR_01,VE_ROTA_VE_TRANSVERSAL_01,BOMBEIRO,POLICIA,2,600.0,612.8,28.0024,24.374,17.8353,14.4318,0,1,0.0,1.0,8,4,A,325.9,232.3,300.5,232.5,325.9,300.5,1,B,
treino_multiplas,241,48fff16,760.9,CRUZ_08,VE_ROTA_VE_CORREDOR_01,VE_ROTA_VE_TRANSVERSAL_01,BOMBEIRO,POLICIA,2,600.0,612.8,73.4594,20.65,6.7974,18.1557,0,10,0.0,5.0,5,1,A,325.9,232.3,326.5,207.1,325.9,326.5,1,A,
treino_multiplas,241,48fff16,922.0,CRUZ_02,VE_ROTA_VE_CORREDOR_02,VE_ROTA_VE_TRANSVERSAL_02,POLICIA,AMBULANCIA,3,900.0,911.3,23.0428,22.9456,21.6574,14.4284,0,1,0.0,1.0,8,4,B,327.5,201.5,323.0,197.6,327.5,323.0,1,B,
treino_multiplas,241,48fff16,1026.8,CRUZ_08,VE_ROTA_VE_CORREDOR_02,VE_ROTA_VE_TRANSVERSAL_02,POLICIA,AMBULANCIA,3,900.0,911.3,35.9417,32.2617,13.6357,15.492,0,1,0.0,0.5,5,2,B,304.6,204.3,323.0,197.6,304.6,323.0,1,A,
treino_multiplas,241,48fff16,1222.2,CRUZ_02,VE_ROTA_VE_CORREDOR_03,VE_ROTA_VE_TRANSVERSAL_03,AMBULANCIA,BOMBEIRO,2,1200.0,1205.8,23.0618,20.4988,21.6548,12.172,7,0,3.5,0.0,8,4,A,260.4,203.5,273.0,204.5,260.4,273.0,1,A,
treino_multiplas,241,48fff16,1822.5,CRUZ_02,VE_ROTA_VE_CORREDOR_05,VE_ROTA_VE_TRANSVERSAL_05,POLICIA,AMBULANCIA,2,1800.0,1804.2,43.6052,15.35,11.4468,14.4241,0,0,0.0,0.0,8,4,B,336.2,208.6,311.3,161.9,336.2,311.3,1,B,
treino_multiplas,241,48fff16,1915.1,CRUZ_08,VE_ROTA_VE_CORREDOR_05,VE_ROTA_VE_TRANSVERSAL_05,POLICIA,AMBULANCIA,2,1800.0,1804.2,39.544,23.7239,12.4112,21.0569,0,0,0.0,0.0,5,2,B,291.2,185.8,311.3,161.9,291.2,311.3,1,A,
treino_multiplas,241,48fff16,2122.1,CRUZ_02,VE_ROTA_VE_CORREDOR_06,VE_ROTA_VE_TRANSVERSAL_06,AMBULANCIA,BOMBEIRO,3,2100.0,2111.4,26.1448,41.6753,19.0724,8.976,9,0,4.5,0.0,8,4,A,329.4,230.6,322.5,232.5,329.4,322.5,1,B,
treino_multiplas,241,48fff16,2266.6,CRUZ_08,VE_ROTA_VE_CORREDOR_06,VE_ROTA_VE_TRANSVERSAL_06,AMBULANCIA,BOMBEIRO,3,2100.0,2111.4,13.9119,26.5613,14.4222,18.7646,0,4,0.0,2.0,4,2,A,329.4,230.6,358.5,221.2,329.4,358.5,1,A,
treino_multiplas,241,48fff16,2421.9,CRUZ_02,VE_ROTA_VE_CORREDOR_07,VE_ROTA_VE_TRANSVERSAL_07,BOMBEIRO,POLICIA,2,2400.0,2403.4,23.0248,15.1846,21.6592,14.4228,0,1,0.0,1.0,8,4,A,290.0,204.5,293.7,197.9,290.0,293.7,1,A,
treino_multiplas,241,48fff16,2537.5,CRUZ_08,VE_ROTA_VE_CORREDOR_07,VE_ROTA_VE_TRANSVERSAL_07,BOMBEIRO,POLICIA,2,2400.0,2403.4,21.9011,23.0124,14.4239,21.6492,0,0,0.0,0.0,4,2,A,290.0,204.5,314.5,193.7,290.0,314.5,1,A,
treino_multiplas,241,48fff16,2723.5,CRUZ_02,VE_ROTA_VE_CORREDOR_08,VE_ROTA_VE_TRANSVERSAL_08,POLICIA,AMBULANCIA,1,2700.0,2713.0,45.383,23.1378,11.0002,14.4333,9,0,4.5,0.0,8,4,B,316.5,203.6,327.8,175.7,316.5,327.8,1,A,
treino_multiplas,241,48fff16,3322.4,CRUZ_02,VE_ROTA_VE_CORREDOR_10,VE_ROTA_VE_TRANSVERSAL_10,BOMBEIRO,POLICIA,3,3300.0,3305.4,43.8973,23.6217,11.3666,11.0234,0,2,0.0,2.0,8,4,A,281.5,218.9,286.9,229.4,281.5,286.9,1,A,
treino_multiplas,241,48fff16,3445.2,CRUZ_08,VE_ROTA_VE_CORREDOR_10,VE_ROTA_VE_TRANSVERSAL_10,BOMBEIRO,POLICIA,3,3300.0,3305.4,13.5834,23.0694,14.4418,21.6674,0,11,0.0,5.5,4,2,A,281.5,218.9,316.0,206.1,281.5,316.0,1,A,
treino_multiplas,242,48fff16,322.5,CRUZ_02,VE_ROTA_VE_CORREDOR_00,VE_ROTA_VE_TRANSVERSAL_00,AMBULANCIA,BOMBEIRO,1,300.0,308.9,44.0064,27.2116,11.3369,12.0967,3,0,1.5,0.0,8,4,A,301.3,219.3,317.0,228.2,301.3,317.0,1,A,
treino_multiplas,242,48fff16,450.1,CRUZ_08,VE_ROTA_VE_CORREDOR_00,VE_ROTA_VE_TRANSVERSAL_00,AMBULANCIA,BOMBEIRO,1,300.0,308.9,23.8912,23.0698,14.4233,21.6692,4,0,4.0,0.0,4,2,A,301.3,219.3,317.2,206.0,301.3,317.2,1,A,
treino_multiplas,242,48fff16,622.4,CRUZ_02,VE_ROTA_VE_CORREDOR_01,VE_ROTA_VE_TRANSVERSAL_01,BOMBEIRO,POLICIA,2,600.0,618.1,30.5276,29.3689,16.3577,14.4339,0,1,0.0,1.0,8,4,A,360.3,223.0,348.2,219.9,360.3,348.2,1,B,
treino_multiplas,242,48fff16,760.4,CRUZ_08,VE_ROTA_VE_CORREDOR_01,VE_ROTA_VE_TRANSVERSAL_01,BOMBEIRO,POLICIA,2,600.0,618.1,56.8139,34.3706,8.4345,14.5355,0,12,0.0,6.0,5,2,A,360.3,223.0,378.7,204.3,360.3,378.7,1,A,
treino_multiplas,242,48fff16,922.0,CRUZ_02,VE_ROTA_VE_CORREDOR_02,VE_ROTA_VE_TRANSVERSAL_02,POLICIA,AMBULANCIA,3,900.0,913.4,23.0363,25.0549,21.6639,14.4228,0,1,0.0,1.0,8,4,B,320.8,183.2,335.2,183.5,320.8,335.2,1,A,
treino_multiplas,242,48fff16,1026.2,CRUZ_08,VE_ROTA_VE_CORREDOR_02,VE_ROTA_VE_TRANSVERSAL_02,POLICIA,AMBULANCIA,3,900.0,913.4,32.9172,26.7423,13.8986,18.6787,0,0,0.0,0.0,4,2,B,313.1,207.1,335.2,183.5,313.1,335.2,1,A,
treino_multiplas,242,48fff16,1223.5,CRUZ_02,VE_ROTA_VE_CORREDOR_03,VE_ROTA_VE_TRANSVERSAL_03,AMBULANCIA,BOMBEIRO,2,1200.0,1210.2,47.8972,20.2062,10.4327,14.4284,5,0,2.5,0.0,8,4,A,282.2,213.2,276.8,198.3,282.2,276.8,1,B,
treino_multiplas,242,48fff16,1835.2,CRUZ_02,VE_ROTA_VE_CORREDOR_05,VE_ROTA_VE_TRANSVERSAL_05,POLICIA,AMBULANCIA,2,1800.0,1804.4,58.2394,16.1961,8.5714,10.3046,0,2,0.0,2.0,8,4,B,347.8,206.5,317.0,215.8,347.8,317.0,1,B,
treino_multiplas,242,48fff16,2122.9,CRUZ_02,VE_ROTA_VE_CORREDOR_06,VE_ROTA_VE_TRANSVERSAL_06,AMBULANCIA,BOMBEIRO,3,2100.0,2109.7,31.2451,20.3174,15.9517,14.4207,1,0,0.5,0.0,8,4,A,289.3,208.2,330.7,228.7,289.3,330.7,1,A,
treino_multiplas,242,48fff16,2236.3,CRUZ_08,VE_ROTA_VE_CORREDOR_06,VE_ROTA_VE_TRANSVERSAL_06,AMBULANCIA,BOMBEIRO,3,2100.0,2109.7,20.0224,22.9913,14.4223,21.66,0,0,0.0,0.0,4,2,A,289.3,208.2,302.1,197.0,289.3,302.1,1,A,
treino_multiplas,242,48fff16,2421.9,CRUZ_02,VE_ROTA_VE_CORREDOR_07,VE_ROTA_VE_TRANSVERSAL_07,BOMBEIRO,POLICIA,2,2400.0,2401.7,23.0294,14.9122,21.6542,13.1248,0,0,0.0,0.0,8,4,A,306.9,208.6,275.4,210.5,306.9,275.4,1,B,
treino_multiplas,242,48fff16,2540.9,CRUZ_08,VE_ROTA_VE_CORREDOR_07,VE_ROTA_VE_TRANSVERSAL_07,BOMBEIRO,POLICIA,2,2400.0,2401.7,20.2306,22.9973,14.4188,21.6567,0,14,0.0,7.0,4,2,A,306.9,208.6,334.0,191.4,306.9,334.0,1,A,
treino_multiplas,242,48fff16,2729.1,CRUZ_02,VE_ROTA_VE_CORREDOR_08,VE_ROTA_VE_TRANSVERSAL_08,POLICIA,AMBULANCIA,1,2700.0,2702.0,38.3165,18.8671,13.0458,9.3378,0,3,0.0,3.0,8,4,B,303.3,192.0,298.6,191.1,303.3,298.6,1,B,
treino_multiplas,242,48fff16,2830.0,CRUZ_08,VE_ROTA_VE_CORREDOR_08,VE_ROTA_VE_TRANSVERSAL_08,POLICIA,AMBULANCIA,1,2700.0,2702.0,24.902,22.9974,14.4307,21.6511,0,0,0.0,0.0,4,2,B,279.3,207.7,298.6,191.1,279.3,298.6,1,A,
treino_multiplas,242,48fff16,3332.7,CRUZ_02,VE_ROTA_VE_CORREDOR_10,VE_ROTA_VE_TRANSVERSAL_10,BOMBEIRO,POLICIA,3,3300.2,3313.0,70.1186,25.6093,7.1287,10.1806,0,1,0.0,1.0,8,4,A,303.4,210.6,315.2,213.8,303.4,315.2,1,A,
treino_multiplas,242,48fff16,3436.4,CRUZ_08,VE_ROTA_VE_CORREDOR_10,VE_ROTA_VE_TRANSVERSAL_10,BOMBEIRO,POLICIA,3,3300.2,3313.0,30.1023,23.5375,14.4377,21.1554,0,16,0.0,8.0,4,2,A,303.4,210.6,331.1,192.8,303.4,331.1,1,A,
treino_multiplas,243,48fff16,330.8,CRUZ_02,VE_ROTA_VE_CORREDOR_00,VE_ROTA_VE_TRANSVERSAL_00,AMBULANCIA,BOMBEIRO,1,300.0,308.5,80.6803,11.2046,6.1972,14.4295,6,0,3.0,0.0,8,4,A,319.6,245.6,319.1,245.7,319.6,319.1,1,B,
treino_multiplas,243,48fff16,622.1,CRUZ_02,VE_ROTA_VE_CORREDOR_01,VE_ROTA_VE_TRANSVERSAL_01,BOMBEIRO,POLICIA,2,600.0,603.7,28.0405,15.2669,17.7897,14.4419,2,0,1.0,0.0,8,4,A,294.3,220.7,289.7,223.5,294.3,289.7,1,B,
treino_multiplas,243,48fff16,922.2,CRUZ_02,VE_ROTA_VE_CORREDOR_02,VE_ROTA_VE_TRANSVERSAL_02,POLICIA,AMBULANCIA,3,900.0,907.4,23.0792,18.8417,21.655,14.4308,0,0,0.0,0.0,8,4,B,298.7,198.9,307.4,198.9,298.7,307.4,1,A,
treino_multiplas,243,48fff16,1224.9,CRUZ_02,VE_ROTA_VE_CORREDOR_03,VE_ROTA_VE_TRANSVERSAL_03,AMBULANCIA,BOMBEIRO,2,1200.0,1208.7,62.2975,17.3016,8.0141,14.4332,8,0,4.0,0.0,8,4,A,307.1,227.3,309.0,218.1,307.1,309.0,1,A,
treino_multiplas,243,48fff16,1344.6,CRUZ_08,VE_ROTA_VE_CORREDOR_03,VE_ROTA_VE_TRANSVERSAL_03,AMBULANCIA,BOMBEIRO,2,1200.0,1208.7,52.7284,51.147,9.0386,9.7612,0,0,0.0,0.0,4,2,A,307.1,227.3,345.6,221.9,307.1,345.6,1,A,
treino_multiplas,243,48fff16,1822.8,CRUZ_02,VE_ROTA_VE_CORREDOR_05,VE_ROTA_VE_TRANSVERSAL_05,POLICIA,AMBULANCIA,2,1800.0,1810.8,43.7886,21.6607,11.3962,14.4189,0,1,0.0,1.0,8,4,B,310.0,165.0,309.1,163.3,310.0,309.1,1,B,
treino_multiplas,243,48fff16,1922.6,CRUZ_08,VE_ROTA_VE_CORREDOR_05,VE_ROTA_VE_TRANSVERSAL_05,POLICIA,AMBULANCIA,2,1800.0,1810.8,24.168,23.0833,14.4423,21.659,0,5,0.0,2.5,4,2,B,264.7,180.3,309.1,163.3,264.7,309.1,1,A,
treino_multiplas,243,48fff16,2129.5,CRUZ_02,VE_ROTA_VE_CORREDOR_06,VE_ROTA_VE_TRANSVERSAL_06,AMBULANCIA,BOMBEIRO,3,2100.0,2112.9,34.1221,32.0589,14.6324,10.1334,2,1,1.0,1.0,8,4,A,292.5,202.4,299.4,222.8,292.5,299.4,1,A,
treino_multiplas,243,48fff16,2439.9,CRUZ_02,VE_ROTA_VE_CORREDOR_07,VE_ROTA_VE_TRANSVERSAL_07,BOMBEIRO,POLICIA,2,2400.0,2417.2,102.6785,19.1552,4.8672,11.2076,0,3,0.0,3.0,8,4,A,328.9,193.6,330.6,193.5,328.9,330.6,1,A,
treino_multiplas,243,48fff16,2539.9,CRUZ_08,VE_ROTA_VE_CORREDOR_07,VE_ROTA_VE_TRANSVERSAL_07,BOMBEIRO,POLICIA,2,2400.0,2417.2,124.9656,20.7636,2.9836,16.3315,0,2,0.0,1.0,5,1,A,328.9,193.6,316.6,193.6,328.9,316.6,1,B,
treino_multiplas,243,48fff16,2723.6,CRUZ_02,VE_ROTA_VE_CORREDOR_08,VE_ROTA_VE_TRANSVERSAL_08,POLICIA,AMBULANCIA,1,2700.0,2707.8,29.9355,17.8487,16.6588,14.4269,0,0,0.0,0.0,8,4,B,300.0,164.8,300.8,164.8,300.0,300.8,1,A,
treino_multiplas,243,48fff16,2810.3,CRUZ_08,VE_ROTA_VE_CORREDOR_08,VE_ROTA_VE_TRANSVERSAL_08,POLICIA,AMBULANCIA,1,2700.0,2707.8,50.7993,23.074,9.4676,21.6654,0,10,0.0,5.0,5,2,B,315.8,178.7,300.8,164.8,315.8,300.8,1,B,
treino_multiplas,243,48fff16,3463.0,CRUZ_08,VE_ROTA_VE_CORREDOR_10,VE_ROTA_VE_TRANSVERSAL_10,BOMBEIRO,POLICIA,3,3300.0,3300.4,28.6095,22.9914,14.4211,21.6621,2,1,2.0,0.5,4,2,A,324.7,243.0,332.5,221.2,324.7,332.5,1,A,
treino_multiplas,244,48fff16,331.0,CRUZ_02,VE_ROTA_VE_CORREDOR_00,VE_ROTA_VE_TRANSVERSAL_00,AMBULANCIA,BOMBEIRO,1,300.0,310.4,77.1481,31.061,6.4742,8.512,9,0,4.5,0.0,8,4,A,347.6,269.0,357.6,278.0,347.6,357.6,1,A,
treino_multiplas,244,48fff16,483.6,CRUZ_08,VE_ROTA_VE_CORREDOR_00,VE_ROTA_VE_TRANSVERSAL_00,AMBULANCIA,BOMBEIRO,1,300.0,310.4,29.0317,38.8683,14.4194,12.8557,0,13,0.0,6.5,4,2,A,347.6,269.0,346.8,249.6,347.6,346.8,1,B,
treino_multiplas,244,48fff16,623.1,CRUZ_02,VE_ROTA_VE_CORREDOR_01,VE_ROTA_VE_TRANSVERSAL_01,BOMBEIRO,POLICIA,2,600.0,609.2,34.0635,37.4323,14.6509,8.6633,3,1,1.5,1.0,8,4,A,310.9,237.6,318.5,234.3,310.9,318.5,1,A,
treino_multiplas,244,48fff16,764.4,CRUZ_08,VE_ROTA_VE_CORREDOR_01,VE_ROTA_VE_TRANSVERSAL_01,BOMBEIRO,POLICIA,2,600.0,609.2,25.821,22.9994,14.4225,21.6512,3,0,3.0,0.0,4,2,A,310.9,237.6,332.7,226.4,310.9,332.7,1,A,
treino_multiplas,244,48fff16,922.0,CRUZ_02,VE_ROTA_VE_CORREDOR_02,VE_ROTA_VE_TRANSVERSAL_02,POLICIA,AMBULANCIA,3,900.0,905.9,23.0459,29.8835,21.6541,10.4138,0,0,0.0,0.0,8,4,B,316.4,195.9,341.0,199.0,316.4,341.0,1,A,
treino_multiplas,244,48fff16,1029.2,CRUZ_08,VE_ROTA_VE_CORREDOR_02,VE_ROTA_VE_TRANSVERSAL_02,POLICIA,AMBULANCIA,3,900.0,905.9,23.8286,27.8199,14.4142,17.927,0,0,0.0,0.0,4,2,B,305.1,209.6,341.0,199.0,305.1,341.0,1,A,
treino_multiplas,244,48fff16,1225.8,CRUZ_02,VE_ROTA_VE_CORREDOR_03,VE_ROTA_VE_TRANSVERSAL_03,AMBULANCIA,BOMBEIRO,2,1200.0,1203.3,33.3208,21.2984,15.0029,11.5734,5,0,2.5,0.0,8,4,A,304.1,228.9,298.2,226.2,304.1,298.2,1,B,
treino_multiplas,244,48fff16,1353.9,CRUZ_08,VE_ROTA_VE_CORREDOR_03,VE_ROTA_VE_TRANSVERSAL_03,AMBULANCIA,BOMBEIRO,2,1200.0,1203.3,23.9939,43.9402,14.4173,11.3768,1,0,1.0,0.0,4,2,A,304.1,228.9,306.6,227.4,304.1,306.6,1,A,
treino_multiplas,244,48fff16,1824.0,CRUZ_02,VE_ROTA_VE_CORREDOR_05,VE_ROTA_VE_TRANSVERSAL_05,POLICIA,AMBULANCIA,2,1800.0,1809.2,106.385,24.3283,4.6985,11.724,4,0,2.0,0.0,8,4,B,362.3,231.6,322.4,196.3,362.3,322.4,1,B,
treino_multiplas,244,48fff16,2123.1,CRUZ_02,VE_ROTA_VE_CORREDOR_06,VE_ROTA_VE_TRANSVERSAL_06,AMBULANCIA,BOMBEIRO,3,2100.0,2105.4,31.5953,15.8117,15.8121,14.4241,0,0,0.0,0.0,8,4,A,300.6,219.6,303.8,170.5,300.6,303.8,1,A,
treino_multiplas,244,48fff16,2239.5,CRUZ_08,VE_ROTA_VE_CORREDOR_06,VE_ROTA_VE_TRANSVERSAL_06,AMBULANCIA,BOMBEIRO,3,2100.0,2105.4,48.2383,17.2481,10.3579,20.4503,2,0,2.0,0.0,5,1,A,300.6,219.6,300.7,202.6,300.6,300.7,1,A,
treino_multiplas,244,48fff16,2538.9,CRUZ_08,VE_ROTA_VE_CORREDOR_07,VE_ROTA_VE_TRANSVERSAL_07,BOMBEIRO,POLICIA,2,2400.0,2401.0,22.3654,42.4486,14.4283,11.7763,0,6,0.0,3.0,4,2,A,280.8,222.7,311.1,202.1,280.8,311.1,1,A,
treino_multiplas,244,48fff16,2727.0,CRUZ_02,VE_ROTA_VE_CORREDOR_08,VE_ROTA_VE_TRANSVERSAL_08,POLICIA,AMBULANCIA,1,2700.0,2715.1,32.862,21.7679,15.1961,14.4139,0,2,0.0,2.0,8,4,B,329.4,231.8,378.2,202.4,329.4,378.2,1,A,
treino_multiplas,244,48fff16,2852.3,CRUZ_08,VE_ROTA_VE_CORREDOR_08,VE_ROTA_VE_TRANSVERSAL_08,POLICIA,AMBULANCIA,1,2700.0,2715.1,22.989,65.1998,14.4178,7.6666,0,0,0.0,0.0,4,2,B,330.9,205.3,378.2,202.4,330.9,378.2,1,A,
treino_multiplas,244,48fff16,3328.3,CRUZ_02,VE_ROTA_VE_CORREDOR_10,VE_ROTA_VE_TRANSVERSAL_10,BOMBEIRO,POLICIA,3,3300.0,3309.1,58.3897,23.2375,8.5562,11.1541,0,1,0.0,1.0,8,4,A,292.9,192.8,274.6,189.5,292.9,274.6,1,B,
treino_multiplas,245,48fff16,332.5,CRUZ_02,VE_ROTA_VE_CORREDOR_00,VE_ROTA_VE_TRANSVERSAL_00,AMBULANCIA,BOMBEIRO,1,300.0,312.8,96.0488,31.6021,5.2037,9.5872,6,0,3.0,0.0,8,4,A,312.8,244.8,328.5,245.5,312.8,328.5,1,A,
treino_multiplas,245,48fff16,472.2,CRUZ_08,VE_ROTA_VE_CORREDOR_00,VE_ROTA_VE_TRANSVERSAL_00,AMBULANCIA,BOMBEIRO,1,300.0,312.8,17.9847,110.536,14.4259,4.5227,0,12,0.0,6.0,4,2,A,312.8,244.8,377.3,231.8,312.8,377.3,1,A,
treino_multiplas,245,48fff16,622.9,CRUZ_02,VE_ROTA_VE_CORREDOR_01,VE_ROTA_VE_TRANSVERSAL_01,BOMBEIRO,POLICIA,2,600.0,610.6,30.5273,21.3988,16.355,14.4165,2,0,1.0,0.0,8,4,A,297.2,214.8,332.8,213.3,297.2,332.8,1,A,
treino_multiplas,245,48fff16,742.3,CRUZ_08,VE_ROTA_VE_CORREDOR_01,VE_ROTA_VE_TRANSVERSAL_01,BOMBEIRO,POLICIA,2,600.0,610.6,19.1333,55.1569,14.4213,9.0627,3,0,3.0,0.0,4,2,A,297.2,214.8,297.2,221.5,297.2,297.2,1,EMPATE,
treino_multiplas,245,48fff16,922.0,CRUZ_02,VE_ROTA_VE_CORREDOR_02,VE_ROTA_VE_TRANSVERSAL_02,POLICIA,AMBULANCIA,3,900.0,912.7,23.029,45.4958,21.6693,8.9981,0,2,0.0,2.0,8,4,B,268.3,222.3,348.9,222.2,268.3,348.9,1,A,
treino_multiplas,245,48fff16,1064.0,CRUZ_08,VE_ROTA_VE_CORREDOR_02,VE_ROTA_VE_TRANSVERSAL_02,POLICIA,AMBULANCIA,3,900.0,912.7,12.0106,26.2663,11.0924,19.0354,0,0,0.0,0.0,4,2,B,337.0,213.0,348.9,222.2,337.0,348.9,1,A,
treino_multiplas,245,48fff16,1226.3,CRUZ_02,VE_ROTA_VE_CORREDOR_03,VE_ROTA_VE_TRANSVERSAL_03,AMBULANCIA,BOMBEIRO,2,1200.0,1217.6,64.6156,42.0818,7.727,9.6621,5,0,2.5,0.0,8,4,A,322.9,218.2,341.0,250.9,322.9,341.0,1,A,
treino_multiplas,245,48fff16,2122.0,CRUZ_02,VE_ROTA_VE_CORREDOR_06,VE_ROTA_VE_TRANSVERSAL_06,AMBULANCIA,BOMBEIRO,3,2100.0,2109.1,23.0046,33.365,21.6696,10.7198,2,0,1.0,0.0,8,4,A,289.9,202.9,303.3,208.0,289.9,303.3,1,A,
treino_multiplas,245,48fff16,2729.8,CRUZ_02,VE_ROTA_VE_CORREDOR_08,VE_ROTA_VE_TRANSVERSAL_08,POLICIA,AMBULANCIA,1,2700.0,2717.5,41.7955,21.3301,11.9609,14.4389,0,0,0.0,0.0,8,4,B,339.7,202.0,320.8,193.1,339.7,320.8,1,B,
treino_multiplas,245,48fff16,2837.9,CRUZ_08,VE_ROTA_VE_CORREDOR_08,VE_ROTA_VE_TRANSVERSAL_08,POLICIA,AMBULANCIA,1,2700.0,2717.5,32.0478,123.5428,15.5966,0.6168,1,0,1.0,0.0,5,2,B,300.1,212.5,320.8,193.1,300.1,320.8,1,A,
treino_multiplas,245,48fff16,3322.4,CRUZ_02,VE_ROTA_VE_CORREDOR_10,VE_ROTA_VE_TRANSVERSAL_10,BOMBEIRO,POLICIA,3,3300.0,3309.1,43.8761,20.3782,11.3723,14.4302,0,2,0.0,2.0,8,4,A,337.6,215.4,317.9,196.3,337.6,317.9,1,B,
treino_multiplas,245,48fff16,3458.4,CRUZ_08,VE_ROTA_VE_CORREDOR_10,VE_ROTA_VE_TRANSVERSAL_10,BOMBEIRO,POLICIA,3,3300.0,3309.1,10.6312,37.819,10.0759,13.194,0,0,0.0,0.0,4,2,A,337.6,215.4,344.9,224.2,337.6,344.9,1,A,
treino_multiplas,246,48fff16,332.7,CRUZ_02,VE_ROTA_VE_CORREDOR_00,VE_ROTA_VE_TRANSVERSAL_00,AMBULANCIA,BOMBEIRO,1,300.0,319.6,60.8516,26.55,8.2121,11.9253,10,0,5.0,0.0,8,4,A,365.1,245.4,351.0,196.8,365.1,351.0,1,B,
treino_multiplas,246,48fff16,479.7,CRUZ_08,VE_ROTA_VE_CORREDOR_00,VE_ROTA_VE_TRANSVERSAL_00,AMBULANCIA,BOMBEIRO,1,300.0,319.6,80.3546,31.1434,6.2148,14.0217,0,13,0.0,6.5,5,1,A,365.1,245.4,372.7,227.8,365.1,372.7,1,A,
treino_multiplas,246,48fff16,621.9,CRUZ_02,VE_ROTA_VE_CORREDOR_01,VE_ROTA_VE_TRANSVERSAL_01,BOMBEIRO,POLICIA,2,600.0,605.9,23.0134,17.6723,21.6704,14.4345,5,1,2.5,1.0,8,4,A,285.8,235.5,302.4,224.4,285.8,302.4,1,A,
treino_multiplas,246,48fff16,922.0,CRUZ_02,VE_ROTA_VE_CORREDOR_02,VE_ROTA_VE_TRANSVERSAL_02,POLICIA,AMBULANCIA,3,900.0,909.9,23.6131,21.5428,21.1399,14.4298,0,2,0.0,2.0,8,4,B,342.4,181.6,338.5,170.2,342.4,338.5,1,B,
treino_multiplas,246,48fff16,1228.1,CRUZ_02,VE_ROTA_VE_CORREDOR_03,VE_ROTA_VE_TRANSVERSAL_03,AMBULANCIA,BOMBEIRO,2,1200.0,1217.0,36.0255,24.4944,13.8663,13.254,11,0,5.5,0.0,8,4,A,313.5,221.4,316.2,217.9,313.5,316.2,1,A,
treino_multiplas,246,48fff16,1354.4,CRUZ_08,VE_ROTA_VE_CORREDOR_03,VE_ROTA_VE_TRANSVERSAL_03,AMBULANCIA,BOMBEIRO,2,1200.0,1217.0,28.5972,42.78,14.4411,11.6799,2,0,2.0,0.0,4,2,A,313.5,221.4,324.0,205.2,313.5,324.0,1,A,
treino_multiplas,246,48fff16,1824.5,CRUZ_02,VE_ROTA_VE_CORREDOR_05,VE_ROTA_VE_TRANSVERSAL_05,POLICIA,AMBULANCIA,2,1800.0,1808.5,43.8491,21.9871,11.3799,11.9162,0,2,0.0,2.0,8,4,B,340.8,214.8,314.9,182.3,340.8,314.9,1,B,
treino_multiplas,246,48fff16,2125.0,CRUZ_02,VE_ROTA_VE_CORREDOR_06,VE_ROTA_VE_TRANSVERSAL_06,AMBULANCIA,BOMBEIRO,3,2100.0,2119.9,40.5194,47.5373,12.3383,9.1834,0,0,0.0,0.0,8,4,A,297.8,207.4,290.3,205.4,297.8,290.3,1,B,
treino_multiplas,246,48fff16,2255.0,CRUZ_08,VE_ROTA_VE_CORREDOR_06,VE_ROTA_VE_TRANSVERSAL_06,AMBULANCIA,BOMBEIRO,3,2100.0,2119.9,18.4893,40.532,14.4193,12.3275,0,0,0.0,0.0,4,2,A,297.8,207.4,297.7,207.4,297.8,297.7,1,B,
treino_multiplas,246,48fff16,2557.1,CRUZ_08,VE_ROTA_VE_CORREDOR_07,VE_ROTA_VE_TRANSVERSAL_07,BOMBEIRO,POLICIA,2,2400.2,2405.5,28.2639,23.0687,14.4424,21.6581,0,13,0.0,6.5,4,2,A,320.8,214.3,334.1,205.3,320.8,334.1,1,A,
treino_multiplas,246,48fff16,2724.5,CRUZ_02,VE_ROTA_VE_CORREDOR_08,VE_ROTA_VE_TRANSVERSAL_08,POLICIA,AMBULANCIA,1,2700.0,2717.4,29.6428,26.5326,16.8436,14.4354,0,4,0.0,4.0,8,4,B,353.9,201.2,314.0,177.3,353.9,314.0,1,B,
treino_multiplas,246,48fff16,2843.0,CRUZ_08,VE_ROTA_VE_CORREDOR_08,VE_ROTA_VE_TRANSVERSAL_08,POLICIA,AMBULANCIA,1,2700.0,2717.4,46.0369,14.6016,10.8393,16.2418,0,0,0.0,0.0,5,1,B,316.4,197.0,314.0,177.3,316.4,314.0,1,B,
treino_multiplas,246,48fff16,3322.1,CRUZ_02,VE_ROTA_VE_CORREDOR_10,VE_ROTA_VE_TRANSVERSAL_10,BOMBEIRO,POLICIA,3,3300.0,3307.0,23.0556,23.549,21.6658,12.1295,0,2,0.0,2.0,8,4,A,270.6,233.4,261.5,194.1,270.6,261.5,1,B,
treino_multiplas,247,48fff16,332.4,CRUZ_02,VE_ROTA_VE_CORREDOR_00,VE_ROTA_VE_TRANSVERSAL_00,AMBULANCIA,BOMBEIRO,1,300.0,319.6,45.7415,25.4545,10.9073,12.0007,11,0,5.5,0.0,8,4,A,316.0,230.6,349.2,237.0,316.0,349.2,1,A,
treino_multiplas,247,48fff16,621.9,CRUZ_02,VE_ROTA_VE_CORREDOR_01,VE_ROTA_VE_TRANSVERSAL_01,BOMBEIRO,POLICIA,2,600.0,619.2,23.0375,30.9627,21.6468,14.4362,1,1,0.5,1.0,8,4,A,280.3,210.9,285.2,211.7,280.3,285.2,1,A,
treino_multiplas,247,48fff16,738.3,CRUZ_08,VE_ROTA_VE_CORREDOR_01,VE_ROTA_VE_TRANSVERSAL_01,BOMBEIRO,POLICIA,2,600.0,619.2,48.3069,25.9503,9.9607,19.2502,0,0,0.0,0.0,5,2,A,280.3,210.9,312.1,198.8,280.3,312.1,1,A,
treino_multiplas,247,48fff16,922.3,CRUZ_02,VE_ROTA_VE_CORREDOR_02,VE_ROTA_VE_TRANSVERSAL_02,POLICIA,AMBULANCIA,3,900.0,907.2,23.006,18.5452,21.6576,14.4277,0,1,0.0,1.0,8,4,B,283.1,188.6,281.8,188.7,283.1,281.8,1,B,
treino_multiplas,247,48fff16,1027.6,CRUZ_08,VE_ROTA_VE_CORREDOR_02,VE_ROTA_VE_TRANSVERSAL_02,POLICIA,AMBULANCIA,3,900.0,907.2,34.4371,23.0839,13.3458,21.658,2,0,2.0,0.0,4,2,B,291.6,208.1,281.8,188.7,291.6,281.8,1,B,
treino_multiplas,247,48fff16,1222.0,CRUZ_02,VE_ROTA_VE_CORREDOR_03,VE_ROTA_VE_TRANSVERSAL_03,AMBULANCIA,BOMBEIRO,2,1200.0,1202.3,23.0355,28.1287,21.6516,10.0092,7,0,3.5,0.0,8,4,A,268.7,213.6,283.6,214.8,268.7,283.6,1,A,
treino_multiplas,247,48fff16,1830.9,CRUZ_02,VE_ROTA_VE_CORREDOR_05,VE_ROTA_VE_TRANSVERSAL_05,POLICIA,AMBULANCIA,2,1800.0,1815.0,114.0936,33.7149,4.382,9.5382,0,2,0.0,2.0,8,4,B,347.6,205.9,335.2,199.8,347.6,335.2,1,B,
treino_multiplas,247,48fff16,1950.2,CRUZ_08,VE_ROTA_VE_CORREDOR_05,VE_ROTA_VE_TRANSVERSAL_05,POLICIA,AMBULANCIA,2,1800.0,1815.0,122.8718,42.3922,3.5431,11.793,0,6,0.0,3.0,5,2,B,341.9,199.8,335.2,199.8,341.9,335.2,1,B,
treino_multiplas,247,48fff16,2128.3,CRUZ_02,VE_ROTA_VE_CORREDOR_06,VE_ROTA_VE_TRANSVERSAL_06,AMBULANCIA,BOMBEIRO,3,2100.0,2105.0,29.8525,10.2083,16.7123,14.426,0,0,0.0,0.0,8,4,A,319.1,220.2,309.8,226.1,319.1,309.8,1,B,
treino_multiplas,247,48fff16,2421.9,CRUZ_02,VE_ROTA_VE_CORREDOR_07,VE_ROTA_VE_TRANSVERSAL_07,BOMBEIRO,POLICIA,2,2400.0,2418.0,23.0376,51.4311,21.6468,8.841,0,0,0.0,0.0,8,4,A,310.7,190.4,310.7,190.2,310.7,310.7,1,EMPATE,
treino_multiplas,247,48fff16,2724.8,CRUZ_02,VE_ROTA_VE_CORREDOR_08,VE_ROTA_VE_TRANSVERSAL_08,POLICIA,AMBULANCIA,1,2700.0,2711.9,55.3946,30.6767,9.0132,11.1959,0,7,0.0,7.0,8,4,B,329.8,189.4,339.0,182.0,329.8,339.0,1,A,
treino_multiplas,247,48fff16,2832.2,CRUZ_08,VE_ROTA_VE_CORREDOR_08,VE_ROTA_VE_TRANSVERSAL_08,POLICIA,AMBULANCIA,1,2700.0,2711.9,29.9937,24.0799,16.6405,18.5649,0,3,0.0,1.5,5,1,B,339.5,182.0,339.0,182.0,339.5,339.0,1,B,
treino_multiplas,247,48fff16,3332.5,CRUZ_02,VE_ROTA_VE_CORREDOR_10,VE_ROTA_VE_TRANSVERSAL_10,BOMBEIRO,POLICIA,3,3300.0,3314.6,100.3975,25.0353,4.9775,9.9924,0,5,0.0,5.0,8,4,A,320.1,228.1,319.2,233.5,320.1,319.2,1,B,
treino_multiplas,247,48fff16,3462.4,CRUZ_08,VE_ROTA_VE_CORREDOR_10,VE_ROTA_VE_TRANSVERSAL_10,BOMBEIRO,POLICIA,3,3300.0,3314.6,21.9897,23.0069,14.4393,21.6416,0,0,0.0,0.0,4,2,A,320.1,228.1,339.2,199.1,320.1,339.2,1,A,
treino_multiplas,248,48fff16,322.5,CRUZ_02,VE_ROTA_VE_CORREDOR_00,VE_ROTA_VE_TRANSVERSAL_00,AMBULANCIA,BOMBEIRO,1,300.0,305.3,44.0215,16.3077,11.3329,14.4279,3,0,1.5,0.0,8,4,A,324.6,220.9,316.8,175.7,324.6,316.8,1,B,
treino_multiplas,248,48fff16,625.1,CRUZ_02,VE_ROTA_VE_CORREDOR_01,VE_ROTA_VE_TRANSVERSAL_01,BOMBEIRO,POLICIA,2,600.0,613.8,31.2618,28.2487,15.9557,11.8524,0,1,0.0,1.0,8,4,A,298.2,219.5,289.2,220.4,298.2,289.2,1,B,
treino_multiplas,248,48fff16,764.8,CRUZ_08,VE_ROTA_VE_CORREDOR_01,VE_ROTA_VE_TRANSVERSAL_01,BOMBEIRO,POLICIA,2,600.0,613.8,14.3093,23.0727,14.4254,21.6614,0,12,0.0,6.0,4,2,A,298.2,219.5,360.5,207.3,298.2,360.5,1,A,
treino_multiplas,248,48fff16,922.2,CRUZ_02,VE_ROTA_VE_CORREDOR_02,VE_ROTA_VE_TRANSVERSAL_02,POLICIA,AMBULANCIA,3,900.0,907.4,23.0824,25.7972,21.6579,11.6421,0,1,0.0,1.0,8,4,B,314.2,187.8,312.3,194.7,314.2,312.3,1,B,
treino_multiplas,248,48fff16,1029.7,CRUZ_08,VE_ROTA_VE_CORREDOR_02,VE_ROTA_VE_TRANSVERSAL_02,POLICIA,AMBULANCIA,3,900.0,907.4,31.5271,24.2123,14.4238,20.5841,6,0,6.0,0.0,4,2,B,278.0,206.7,312.3,194.7,278.0,312.3,1,A,
treino_multiplas,248,48fff16,1222.0,CRUZ_02,VE_ROTA_VE_CORREDOR_03,VE_ROTA_VE_TRANSVERSAL_03,AMBULANCIA,BOMBEIRO,2,1200.0,1209.2,23.0187,20.6859,21.6669,14.443,6,0,3.0,0.0,8,4,A,272.4,193.8,287.9,173.3,272.4,287.9,1,A,
treino_multiplas,248,48fff16,1824.0,CRUZ_02,VE_ROTA_VE_CORREDOR_05,VE_ROTA_VE_TRANSVERSAL_05,POLICIA,AMBULANCIA,2,1800.0,1813.3,106.2014,22.9229,4.7066,14.442,5,0,2.5,0.0,8,4,B,358.2,203.3,318.8,147.8,358.2,318.8,1,B,
treino_multiplas,248,48fff16,2122.3,CRUZ_02,VE_ROTA_VE_CORREDOR_06,VE_ROTA_VE_TRANSVERSAL_06,AMBULANCIA,BOMBEIRO,3,2100.0,2117.3,23.047,28.5115,21.6686,14.4258,2,0,1.0,0.0,8,4,A,285.2,201.8,335.3,219.5,285.2,335.3,1,A,
treino_multiplas,248,48fff16,2421.9,CRUZ_02,VE_ROTA_VE_CORREDOR_07,VE_ROTA_VE_TRANSVERSAL_07,BOMBEIRO,POLICIA,2,2400.0,2416.0,23.0218,27.7644,21.661,14.4365,0,1,0.0,1.0,8,4,A,282.6,193.2,305.1,171.0,282.6,305.1,1,A,
treino_multiplas,248,48fff16,2723.3,CRUZ_02,VE_ROTA_VE_CORREDOR_08,VE_ROTA_VE_TRANSVERSAL_08,POLICIA,AMBULANCIA,1,2700.0,2713.7,48.0657,33.9401,10.3973,10.5305,0,0,0.0,0.0,8,4,B,331.2,190.0,325.5,186.7,331.2,325.5,1,B,
treino_multiplas,248,48fff16,2842.1,CRUZ_08,VE_ROTA_VE_CORREDOR_08,VE_ROTA_VE_TRANSVERSAL_08,POLICIA,AMBULANCIA,1,2700.0,2713.7,28.1537,31.11,14.4404,16.0578,0,5,0.0,2.5,4,2,B,300.3,212.1,325.5,186.7,300.3,325.5,1,A,
treino_multiplas,248,48fff16,3459.7,CRUZ_08,VE_ROTA_VE_CORREDOR_10,VE_ROTA_VE_TRANSVERSAL_10,BOMBEIRO,POLICIA,3,3300.4,3300.9,56.6722,34.7798,8.4556,14.3356,1,0,1.0,0.0,5,2,A,336.4,242.7,355.9,229.9,336.4,355.9,1,A,
treino_multiplas,249,48fff16,333.0,CRUZ_02,VE_ROTA_VE_CORREDOR_00,VE_ROTA_VE_TRANSVERSAL_00,AMBULANCIA,BOMBEIRO,1,300.0,314.1,66.6431,26.2338,7.5025,10.7715,10,0,5.0,0.0,8,4,A,363.9,274.6,353.5,246.7,363.9,353.5,1,B,
treino_multiplas,249,48fff16,924.0,CRUZ_02,VE_ROTA_VE_CORREDOR_02,VE_ROTA_VE_TRANSVERSAL_02,POLICIA,AMBULANCIA,3,900.0,920.5,31.153,60.7884,16.0403,7.6346,1,0,0.5,0.0,8,4,B,338.5,201.2,342.3,200.8,338.5,342.3,1,A,
treino_multiplas,249,48fff16,1222.5,CRUZ_02,VE_ROTA_VE_CORREDOR_03,VE_ROTA_VE_TRANSVERSAL_03,AMBULANCIA,BOMBEIRO,2,1200.0,1215.8,43.9935,30.7296,11.3404,12.841,0,1,0.0,1.0,8,4,A,304.1,189.2,308.9,179.6,304.1,308.9,1,A,
treino_multiplas,249,48fff16,1341.2,CRUZ_08,VE_ROTA_VE_CORREDOR_03,VE_ROTA_VE_TRANSVERSAL_03,AMBULANCIA,BOMBEIRO,2,1200.0,1215.8,14.4212,22.9989,14.42,21.6534,0,0,0.0,0.0,4,2,A,304.1,189.2,313.7,183.4,304.1,313.7,1,A,
treino_multiplas,249,48fff16,1822.0,CRUZ_02,VE_ROTA_VE_CORREDOR_05,VE_ROTA_VE_TRANSVERSAL_05,POLICIA,AMBULANCIA,2,1800.0,1807.5,23.0317,19.1342,21.6674,14.4374,0,1,0.0,1.0,8,4,B,273.9,186.2,306.4,184.5,273.9,306.4,1,A,
treino_multiplas,249,48fff16,1930.9,CRUZ_08,VE_ROTA_VE_CORREDOR_05,VE_ROTA_VE_TRANSVERSAL_05,POLICIA,AMBULANCIA,2,1800.0,1807.5,10.9932,22.9878,14.4413,21.6568,0,4,0.0,2.0,4,2,B,263.7,190.8,306.4,184.5,263.7,306.4,1,A,
treino_multiplas,249,48fff16,2124.6,CRUZ_02,VE_ROTA_VE_CORREDOR_06,VE_ROTA_VE_TRANSVERSAL_06,AMBULANCIA,BOMBEIRO,3,2100.0,2104.0,61.1326,21.7064,8.1671,11.4182,7,0,3.5,0.0,8,4,A,300.9,217.3,300.3,200.1,300.9,300.3,1,B,
treino_multiplas,249,48fff16,2261.3,CRUZ_08,VE_ROTA_VE_CORREDOR_06,VE_ROTA_VE_TRANSVERSAL_06,AMBULANCIA,BOMBEIRO,3,2100.0,2104.0,13.0213,30.7234,14.4238,16.2588,0,2,0.0,1.0,4,2,A,300.9,217.3,341.6,217.2,300.9,341.6,1,A,
treino_multiplas,249,48fff16,2424.9,CRUZ_02,VE_ROTA_VE_CORREDOR_07,VE_ROTA_VE_TRANSVERSAL_07,BOMBEIRO,POLICIA,2,2400.0,2401.2,30.0323,30.343,16.5938,9.1427,0,2,0.0,2.0,8,4,A,337.1,248.1,303.7,251.7,337.1,303.7,1,B,
treino_multiplas,249,48fff16,2569.0,CRUZ_08,VE_ROTA_VE_CORREDOR_07,VE_ROTA_VE_TRANSVERSAL_07,BOMBEIRO,POLICIA,2,2400.0,2401.2,22.9895,46.3055,14.4284,10.775,0,0,0.0,0.0,4,2,A,337.1,248.1,388.4,246.4,337.1,388.4,1,A,
treino_multiplas,249,48fff16,2731.4,CRUZ_02,VE_ROTA_VE_CORREDOR_08,VE_ROTA_VE_TRANSVERSAL_08,POLICIA,AMBULANCIA,1,2700.0,2719.6,71.5927,21.8565,6.9805,14.4216,0,2,0.0,2.0,8,4,B,329.6,187.1,303.1,154.9,329.6,303.1,1,B,
treino_multiplas,249,48fff16,2840.5,CRUZ_08,VE_ROTA_VE_CORREDOR_08,VE_ROTA_VE_TRANSVERSAL_08,POLICIA,AMBULANCIA,1,2700.0,2719.6,55.1725,10.2438,9.059,21.667,0,0,0.0,0.0,5,1,B,302.9,154.9,303.1,154.9,302.9,303.1,1,A,
treino_multiplas,249,48fff16,3321.9,CRUZ_02,VE_ROTA_VE_CORREDOR_10,VE_ROTA_VE_TRANSVERSAL_10,BOMBEIRO,POLICIA,3,3300.0,3313.5,24.8404,25.2716,20.1203,14.4334,0,1,0.0,1.0,8,4,A,326.7,209.4,321.7,209.6,326.7,321.7,1,B,
treino_multiplas,249,48fff16,3446.9,CRUZ_08,VE_ROTA_VE_CORREDOR_10,VE_ROTA_VE_TRANSVERSAL_10,BOMBEIRO,POLICIA,3,3300.0,3313.5,27.9901,23.0734,14.4179,21.6695,0,14,0.0,7.0,4,2,A,326.7,209.4,337.6,191.7,326.7,337.6,1,A,
treino_multiplas,250,48fff16,331.6,CRUZ_02,VE_ROTA_VE_CORREDOR_00,VE_ROTA_VE_TRANSVERSAL_00,AMBULANCIA,BOMBEIRO,1,300.0,315.1,59.2339,17.0152,8.4359,14.4224,8,0,4.0,0.0,8,4,A,332.7,224.1,354.8,168.3,332.7,354.8,1,A,
treino_multiplas,250,48fff16,622.2,CRUZ_02,VE_ROTA_VE_CORREDOR_01,VE_ROTA_VE_TRANSVERSAL_01,BOMBEIRO,POLICIA,2,600.0,610.8,28.4368,33.5147,17.5244,11.0341,0,0,0.0,0.0,8,4,A,296.9,218.0,335.4,243.3,296.9,335.4,1,A,
treino_multiplas,250,48fff16,922.2,CRUZ_02,VE_ROTA_VE_CORREDOR_02,VE_ROTA_VE_TRANSVERSAL_02,POLICIA,AMBULANCIA,3,900.0,911.5,23.0983,31.4884,21.644,11.7073,0,0,0.0,0.0,8,4,B,278.8,192.5,324.0,181.6,278.8,324.0,1,A,
treino_multiplas,250,48fff16,1039.9,CRUZ_08,VE_ROTA_VE_CORREDOR_02,VE_ROTA_VE_TRANSVERSAL_02,POLICIA,AMBULANCIA,3,900.0,911.5,10.4887,23.0071,14.4261,21.642,0,5,0.0,2.5,4,2,B,277.0,182.5,324.0,181.6,277.0,324.0,1,A,
treino_multiplas,250,48fff16,1224.6,CRUZ_02,VE_ROTA_VE_CORREDOR_03,VE_ROTA_VE_TRANSVERSAL_03,AMBULANCIA,BOMBEIRO,2,1200.0,1203.6,71.2536,12.5023,7.0144,14.4352,8,0,4.0,0.0,8,4,A,348.6,220.5,316.8,172.6,348.6,316.8,1,B,
treino_multiplas,250,48fff16,1359.0,CRUZ_08,VE_ROTA_VE_CORREDOR_03,VE_ROTA_VE_TRANSVERSAL_03,AMBULANCIA,BOMBEIRO,2,1200.0,1203.6,50.0782,16.2777,9.9712,21.6522,0,3,0.0,1.5,5,1,A,348.6,220.5,348.5,203.0,348.6,348.5,1,B,
treino_multiplas,250,48fff16,1822.5,CRUZ_02,VE_ROTA_VE_CORREDOR_05,VE_ROTA_VE_TRANSVERSAL_05,POLICIA,AMBULANCIA,2,1800.0,1805.5,43.5773,30.751,11.4545,10.3151,0,2,0.0,2.0,8,4,B,340.0,205.5,296.7,193.7,340.0,296.7,1,B,
treino_multiplas,250,48fff16,1934.3,CRUZ_08,VE_ROTA_VE_CORREDOR_05,VE_ROTA_VE_TRANSVERSAL_05,POLICIA,AMBULANCIA,2,1800.0,1805.5,29.1228,22.9918,14.4246,21.655,0,0,0.0,0.0,4,2,B,288.3,221.2,296.7,193.7,288.3,296.7,1,A,
treino_multiplas,250,48fff16,2122.1,CRUZ_02,VE_ROTA_VE_CORREDOR_06,VE_ROTA_VE_TRANSVERSAL_06,AMBULANCIA,BOMBEIRO,3,2100.0,2106.8,25.8809,35.9913,19.2638,9.3966,0,0,0.0,0.0,8,4,A,288.4,232.6,278.6,205.3,288.4,278.6,1,B,
treino_multiplas,250,48fff16,2421.9,CRUZ_02,VE_ROTA_VE_CORREDOR_07,VE_ROTA_VE_TRANSVERSAL_07,BOMBEIRO,POLICIA,2,2400.0,2407.4,23.0177,43.9847,21.6659,8.0374,0,2,0.0,2.0,8,4,A,271.5,260.0,290.6,236.9,271.5,290.6,1,A,
treino_multiplas,250,48fff16,2722.3,CRUZ_02,VE_ROTA_VE_CORREDOR_08,VE_ROTA_VE_TRANSVERSAL_08,POLICIA,AMBULANCIA,1,2700.0,2715.5,23.0118,26.8301,21.6469,14.4363,0,0,0.0,0.0,8,4,B,281.9,162.0,281.9,161.4,281.9,281.9,1,EMPATE,
treino_multiplas,250,48fff16,2820.6,CRUZ_08,VE_ROTA_VE_CORREDOR_08,VE_ROTA_VE_TRANSVERSAL_08,POLICIA,AMBULANCIA,1,2700.0,2715.5,30.4654,19.2703,16.4032,21.6564,0,0,0.0,0.0,5,1,B,281.9,162.0,281.9,161.4,281.9,281.9,1,EMPATE,
treino_multiplas,250,48fff16,3321.9,CRUZ_02,VE_ROTA_VE_CORREDOR_10,VE_ROTA_VE_TRANSVERSAL_10,BOMBEIRO,POLICIA,3,3300.0,3309.8,23.0356,29.9554,21.6487,10.9382,0,0,0.0,0.0,8,4,A,310.7,208.7,312.5,205.0,310.7,312.5,1,A,
treino_multiplas,250,48fff16,3436.6,CRUZ_08,VE_ROTA_VE_CORREDOR_10,VE_ROTA_VE_TRANSVERSAL_10,BOMBEIRO,POLICIA,3,3300.0,3309.8,23.6057,23.0808,14.4276,21.6451,0,0,0.0,0.0,4,2,A,310.7,208.7,315.1,193.6,310.7,315.1,1,A,
