id_execucao,cenario,modo,seed,id_veiculo,tipo,tempo_viagem_s,tempo_espera_s,paradas,velocidade_media_ms,atraso_s
-1,treino_multiplas,PREEMPCAO,201,VE_ROTA_VE_TRANSVERSAL_00,bombeiro,250.50,31.20,2,9.95,112.11
-1,treino_multiplas,PREEMPCAO,201,VE_ROTA_VE_CORREDOR_00,ambulancia,307.70,0.00,0,14.55,88.72
-1,treino_multiplas,PREEMPCAO,201,VE_ROTA_VE_TRANSVERSAL_01,policia,201.50,10.10,1,12.38,62.96
-1,treino_multiplas,PREEMPCAO,201,VE_ROTA_VE_CORREDOR_01,bombeiro,288.50,0.00,0,15.51,69.57
-1,treino_multiplas,PREEMPCAO,201,VE_ROTA_VE_TRANSVERSAL_02,ambulancia,176.60,2.10,1,14.12,38.06
-1,treino_multiplas,PREEMPCAO,201,VE_ROTA_VE_CORREDOR_02,policia,276.40,3.90,1,16.20,57.33
-1,treino_multiplas,PREEMPCAO,201,VE_ROTA_VE_TRANSVERSAL_03,bombeiro,224.50,26.80,1,11.10,86.10
-1,treino_multiplas,PREEMPCAO,201,VE_ROTA_VE_CORREDOR_03,ambulancia,286.60,0.00,0,15.62,67.52
-1,treino_multiplas,PREEMPCAO,201,VE_ROTA_VE_TRANSVERSAL_04,policia,219.40,30.90,3,11.37,80.83
-1,treino_multiplas,PREEMPCAO,201,VE_ROTA_VE_CORREDOR_04,bombeiro,297.40,3.10,1,15.05,78.55
-1,treino_multiplas,PREEMPCAO,201,VE_ROTA_VE_TRANSVERSAL_05,ambulancia,161.70,0.00,0,15.42,23.15
-1,treino_multiplas,PREEMPCAO,201,VE_ROTA_VE_CORREDOR_05,policia,309.70,18.90,2,14.46,90.68
-1,treino_multiplas,PREEMPCAO,201,VE_ROTA_VE_TRANSVERSAL_06,bombeiro,194.10,20.30,2,12.84,55.76
-1,treino_multiplas,PREEMPCAO,201,VE_ROTA_VE_CORREDOR_06,ambulancia,281.20,0.00,0,15.92,62.20
-1,treino_multiplas,PREEMPCAO,201,VE_ROTA_VE_TRANSVERSAL_07,policia,209.90,17.20,1,11.88,71.38
-1,treino_multiplas,PREEMPCAO,201,VE_ROTA_VE_CORREDOR_07,bombeiro,310.60,0.00,0,14.41,91.75
-1,treino_multiplas,PREEMPCAO,201,VE_ROTA_VE_TRANSVERSAL_08,ambulancia,179.00,8.40,1,13.93,40.44
-1,treino_multiplas,PREEMPCAO,201,VE_ROTA_VE_CORREDOR_08,policia,294.50,2.60,1,15.20,75.46
-1,treino_multiplas,PREEMPCAO,201,VE_ROTA_VE_TRANSVERSAL_09,bombeiro,201.20,4.10,1,12.38,62.77
-1,treino_multiplas,PREEMPCAO,201,VE_ROTA_VE_CORREDOR_09,ambulancia,276.70,0.00,0,16.18,57.61
-1,treino_multiplas,PREEMPCAO,201,VE_ROTA_VE_TRANSVERSAL_10,policia,192.90,10.90,3,12.93,54.37
-1,treino_multiplas,PREEMPCAO,201,VE_ROTA_VE_CORREDOR_10,bombeiro,271.80,4.70,1,16.47,52.86
-1,treino_multiplas,PREEMPCAO,202,VE_ROTA_VE_TRANSVERSAL_00,bombeiro,222.40,23.90,1,11.20,84.02
-1,treino_multiplas,PREEMPCAO,202,VE_ROTA_VE_CORREDOR_00,ambulancia,333.70,4.30,1,13.42,114.75
-1,treino_multiplas,PREEMPCAO,202,VE_ROTA_VE_TRANSVERSAL_01,policia,213.70,0.00,0,11.67,75.18
-1,treino_multiplas,PREEMPCAO,202,VE_ROTA_VE_CORREDOR_01,bombeiro,284.30,0.00,0,15.74,65.38
-1,treino_multiplas,PREEMPCAO,202,VE_ROTA_VE_TRANSVERSAL_02,ambulancia,193.10,2.40,1,12.91,54.59
-1,treino_multiplas,PREEMPCAO,202,VE_ROTA_VE_CORREDOR_02,policia,335.90,0.00,0,13.33,116.87
-1,treino_multiplas,PREEMPCAO,202,VE_ROTA_VE_TRANSVERSAL_03,bombeiro,212.60,5.00,1,11.72,74.23
-1,treino_multiplas,PREEMPCAO,202,VE_ROTA_VE_CORREDOR_03,ambulancia,307.00,0.00,0,14.58,87.99
-1,treino_multiplas,PREEMPCAO,202,VE_ROTA_VE_TRANSVERSAL_04,policia,207.30,4.00,1,12.03,68.72
-1,treino_multiplas,PREEMPCAO,202,VE_ROTA_VE_CORREDOR_04,bombeiro,293.40,3.80,1,15.25,74.56
-1,treino_multiplas,PREEMPCAO,202,VE_ROTA_VE_TRANSVERSAL_05,ambulancia,182.00,0.00,0,13.70,43.51
-1,treino_multiplas,PREEMPCAO,202,VE_ROTA_VE_CORREDOR_05,policia,321.70,0.00,0,13.92,102.71
-1,treino_multiplas,PREEMPCAO,202,VE_ROTA_VE_TRANSVERSAL_06,bombeiro,225.70,35.30,2,11.04,87.32
-1,treino_multiplas,PREEMPCAO,202,VE_ROTA_VE_CORREDOR_06,ambulancia,299.40,2.90,1,14.95,80.39
-1,treino_multiplas,PREEMPCAO,202,VE_ROTA_VE_TRANSVERSAL_07,policia,194.90,1.10,1,12.80,56.36
-1,treino_multiplas,PREEMPCAO,202,VE_ROTA_VE_CORREDOR_07,bombeiro,272.40,0.00,0,16.43,53.53
-1,treino_multiplas,PREEMPCAO,202,VE_ROTA_VE_TRANSVERSAL_08,ambulancia,180.20,0.00,0,13.84,41.68
-1,treino_multiplas,PREEMPCAO,202,VE_ROTA_VE_CORREDOR_08,policia,302.00,8.80,1,14.83,83.03
-1,treino_multiplas,PREEMPCAO,202,VE_ROTA_VE_TRANSVERSAL_09,bombeiro,225.70,14.70,2,11.04,87.29
-1,treino_multiplas,PREEMPCAO,202,VE_ROTA_VE_CORREDOR_09,ambulancia,329.40,0.00,0,13.59,110.35
-1,treino_multiplas,PREEMPCAO,202,VE_ROTA_VE_TRANSVERSAL_10,policia,209.80,18.60,2,11.89,71.22
-1,treino_multiplas,PREEMPCAO,203,VE_ROTA_VE_TRANSVERSAL_00,bombeiro,243.90,15.30,2,10.22,105.47
-1,treino_multiplas,PREEMPCAO,203,VE_ROTA_VE_CORREDOR_00,ambulancia,312.20,2.30,1,14.34,93.24
-1,treino_multiplas,PREEMPCAO,203,VE_ROTA_VE_TRANSVERSAL_01,policia,217.70,16.60,1,11.46,79.11
-1,treino_multiplas,PREEMPCAO,203,VE_ROTA_VE_CORREDOR_01,bombeiro,282.10,0.00,0,15.86,63.18
-1,treino_multiplas,PREEMPCAO,203,VE_ROTA_VE_TRANSVERSAL_02,ambulancia,177.80,0.00,0,14.03,39.32
-1,treino_multiplas,PREEMPCAO,203,VE_ROTA_VE_CORREDOR_02,policia,317.00,0.40,1,14.13,97.97
-1,treino_multiplas,PREEMPCAO,203,VE_ROTA_VE_TRANSVERSAL_03,bombeiro,182.00,0.00,0,13.69,43.66
-1,treino_multiplas,PREEMPCAO,203,VE_ROTA_VE_CORREDOR_03,ambulancia,277.30,0.00,0,16.15,58.32
-1,treino_multiplas,PREEMPCAO,203,VE_ROTA_VE_TRANSVERSAL_04,policia,225.70,18.30,2,11.05,87.13
-1,treino_multiplas,PREEMPCAO,203,VE_ROTA_VE_CORREDOR_04,bombeiro,322.30,0.00,0,13.89,103.39
-1,treino_multiplas,PREEMPCAO,203,VE_ROTA_VE_TRANSVERSAL_05,ambulancia,182.10,3.20,1,13.69,43.55
-1,treino_multiplas,PREEMPCAO,203,VE_ROTA_VE_CORREDOR_05,policia,321.60,0.00,0,13.92,102.56
-1,treino_multiplas,PREEMPCAO,203,VE_ROTA_VE_TRANSVERSAL_06,bombeiro,207.20,21.80,3,12.03,68.80
-1,treino_multiplas,PREEMPCAO,203,VE_ROTA_VE_CORREDOR_06,ambulancia,330.60,0.00,0,13.54,111.60
-1,treino_multiplas,PREEMPCAO,203,VE_ROTA_VE_TRANSVERSAL_07,policia,228.10,52.00,3,10.93,89.54
-1,treino_multiplas,PREEMPCAO,203,VE_ROTA_VE_CORREDOR_07,bombeiro,320.80,0.00,0,13.95,101.81
-1,treino_multiplas,PREEMPCAO,203,VE_ROTA_VE_TRANSVERSAL_08,ambulancia,204.50,1.60,2,12.19,65.96
-1,treino_multiplas,PREEMPCAO,203,VE_ROTA_VE_CORREDOR_08,policia,335.60,0.00,0,13.34,116.57
-1,treino_multiplas,PREEMPCAO,203,VE_ROTA_VE_TRANSVERSAL_09,bombeiro,208.80,8.20,1,11.93,70.42
-1,treino_multiplas,PREEMPCAO,203,VE_ROTA_VE_CORREDOR_09,ambulancia,313.80,0.00,0,14.27,94.83
-1,treino_multiplas,PREEMPCAO,203,VE_ROTA_VE_TRANSVERSAL_10,policia,185.60,2.20,1,13.44,47.03
-1,treino_multiplas,PREEMPCAO,203,VE_ROTA_VE_CORREDOR_10,bombeiro,284.40,0.00,0,15.74,65.46
-1,treino_multiplas,PREEMPCAO,204,VE_ROTA_VE_TRANSVERSAL_00,bombeiro,221.30,9.10,2,11.26,82.93
-1,treino_multiplas,PREEMPCAO,204,VE_ROTA_VE_CORREDOR_00,ambulancia,299.00,2.30,1,14.97,80.10
-1,treino_multiplas,PREEMPCAO,204,VE_ROTA_VE_TRANSVERSAL_01,policia,255.30,12.30,1,9.77,116.72
-1,treino_multiplas,PREEMPCAO,204,VE_ROTA_VE_CORREDOR_01,bombeiro,338.20,0.00,0,13.23,119.29
-1,treino_multiplas,PREEMPCAO,204,VE_ROTA_VE_TRANSVERSAL_02,ambulancia,217.40,9.70,1,11.47,78.89
-1,treino_multiplas,PREEMPCAO,204,VE_ROTA_VE_CORREDOR_02,policia,360.40,24.10,2,12.42,141.33
-1,treino_multiplas,PREEMPCAO,204,VE_ROTA_VE_TRANSVERSAL_03,bombeiro,240.00,26.30,1,10.38,101.57
-1,treino_multiplas,PREEMPCAO,204,VE_ROTA_VE_CORREDOR_03,ambulancia,289.60,0.00,0,15.46,70.52
-1,treino_multiplas,PREEMPCAO,204,VE_ROTA_VE_TRANSVERSAL_04,policia,191.00,0.00,0,13.06,52.47
-1,treino_multiplas,PREEMPCAO,204,VE_ROTA_VE_CORREDOR_04,bombeiro,265.40,0.00,0,16.86,46.47
-1,treino_multiplas,PREEMPCAO,204,VE_ROTA_VE_TRANSVERSAL_05,ambulancia,170.70,5.30,1,14.61,32.19
-1,treino_multiplas,PREEMPCAO,204,VE_ROTA_VE_CORREDOR_05,policia,318.30,0.00,0,14.07,99.27
-1,treino_multiplas,PREEMPCAO,204,VE_ROTA_VE_TRANSVERSAL_06,bombeiro,206.30,15.70,2,12.08,67.86
-1,treino_multiplas,PREEMPCAO,204,VE_ROTA_VE_CORREDOR_06,ambulancia,287.60,0.00,0,15.57,68.60
-1,treino_multiplas,PREEMPCAO,204,VE_ROTA_VE_TRANSVERSAL_07,policia,216.30,3.90,2,11.53,77.69
-1,treino_multiplas,PREEMPCAO,204,VE_ROTA_VE_CORREDOR_07,bombeiro,309.90,0.00,0,14.44,90.96
-1,treino_multiplas,PREEMPCAO,204,VE_ROTA_VE_TRANSVERSAL_08,ambulancia,185.80,0.50,1,13.42,47.28
-1,treino_multiplas,PREEMPCAO,204,VE_ROTA_VE_CORREDOR_08,policia,300.20,0.00,0,14.92,81.21
-1,treino_multiplas,PREEMPCAO,204,VE_ROTA_VE_TRANSVERSAL_09,bombeiro,178.30,0.00,0,13.97,39.86
-1,treino_multiplas,PREEMPCAO,204,VE_ROTA_VE_CORREDOR_09,ambulancia,278.00,0.00,0,16.11,59.02
-1,treino_multiplas,PREEMPCAO,204,VE_ROTA_VE_TRANSVERSAL_10,policia,238.30,13.30,1,10.47,99.78
-1,treino_multiplas,PREEMPCAO,204,VE_ROTA_VE_CORREDOR_10,bombeiro,296.10,0.00,0,15.11,77.16
-1,treino_multiplas,PREEMPCAO,205,VE_ROTA_VE_TRANSVERSAL_00,bombeiro,246.60,13.50,2,10.10,108.16
-1,treino_multiplas,PREEMPCAO,205,VE_ROTA_VE_CORREDOR_00,ambulancia,326.70,3.50,1,13.70,107.71
-1,treino_multiplas,PREEMPCAO,205,VE_ROTA_VE_TRANSVERSAL_01,policia,227.80,11.10,3,10.95,89.21
-1,treino_multiplas,PREEMPCAO,205,VE_ROTA_VE_CORREDOR_01,bombeiro,283.40,0.00,0,15.79,64.51
-1,treino_multiplas,PREEMPCAO,205,VE_ROTA_VE_TRANSVERSAL_02,ambulancia,178.10,0.00,0,14.00,39.61
-1,treino_multiplas,PREEMPCAO,205,VE_ROTA_VE_CORREDOR_02,policia,303.20,0.00,0,14.77,84.20
-1,treino_multiplas,PREEMPCAO,205,VE_ROTA_VE_TRANSVERSAL_03,bombeiro,216.60,22.90,2,11.50,78.19
-1,treino_multiplas,PREEMPCAO,205,VE_ROTA_VE_CORREDOR_03,ambulancia,296.00,0.00,0,15.13,77.00
-1,treino_multiplas,PREEMPCAO,205,VE_ROTA_VE_TRANSVERSAL_04,policia,220.10,26.10,3,11.33,81.56
-1,treino_multiplas,PREEMPCAO,205,VE_ROTA_VE_CORREDOR_04,bombeiro,277.70,0.00,0,16.12,58.80
-1,treino_multiplas,PREEMPCAO,205,VE_ROTA_VE_TRANSVERSAL_05,ambulancia,178.70,1.00,1,13.95,40.20
-1,treino_multiplas,PREEMPCAO,205,VE_ROTA_VE_CORREDOR_05,policia,326.00,0.00,0,13.74,107.01
-1,treino_multiplas,PREEMPCAO,205,VE_ROTA_VE_TRANSVERSAL_06,bombeiro,220.80,19.40,2,11.28,82.37
-1,treino_multiplas,PREEMPCAO,205,VE_ROTA_VE_CORREDOR_06,ambulancia,295.80,0.00,0,15.14,76.79
-1,treino_multiplas,PREEMPCAO,205,VE_ROTA_VE_TRANSVERSAL_07,policia,229.80,14.20,3,10.85,91.23
-1,treino_multiplas,PREEMPCAO,205,VE_ROTA_VE_CORREDOR_07,bombeiro,278.20,0.00,0,16.09,59.28
-1,treino_multiplas,PREEMPCAO,205,VE_ROTA_VE_TRANSVERSAL_08,ambulancia,162.60,0.00,0,15.34,24.08
-1,treino_multiplas,PREEMPCAO,205,VE_ROTA_VE_CORREDOR_08,policia,298.00,0.00,0,15.03,78.91
-1,treino_multiplas,PREEMPCAO,205,VE_ROTA_VE_TRANSVERSAL_09,bombeiro,214.70,0.00,0,11.61,76.29
-1,treino_multiplas,PREEMPCAO,205,VE_ROTA_VE_CORREDOR_09,ambulancia,289.10,0.00,0,15.49,70.15
-1,treino_multiplas,PREEMPCAO,205,VE_ROTA_VE_TRANSVERSAL_10,policia,195.90,37.50,1,12.73,57.33
-1,treino_multiplas,PREEMPCAO,205,VE_ROTA_VE_CORREDOR_10,bombeiro,281.20,0.00,0,15.91,62.22
-1,treino_multiplas,PREEMPCAO,206,VE_ROTA_VE_TRANSVERSAL_00,bombeiro,239.90,15.80,1,10.39,101.53
-1,treino_multiplas,PREEMPCAO,206,VE_ROTA_VE_CORREDOR_00,ambulancia,310.00,0.00,0,14.44,90.99
-1,treino_multiplas,PREEMPCAO,206,VE_ROTA_VE_TRANSVERSAL_01,policia,214.40,1.80,1,11.63,75.83
-1,treino_multiplas,PREEMPCAO,206,VE_ROTA_VE_CORREDOR_01,bombeiro,287.10,0.00,0,15.59,68.25
-1,treino_multiplas,PREEMPCAO,206,VE_ROTA_VE_TRANSVERSAL_02,ambulancia,190.60,4.00,2,13.08,52.06
-1,treino_multiplas,PREEMPCAO,206,VE_ROTA_VE_CORREDOR_02,policia,309.80,9.30,1,14.45,90.75
-1,treino_multiplas,PREEMPCAO,206,VE_ROTA_VE_TRANSVERSAL_03,bombeiro,204.50,11.10,3,12.18,66.07
-1,treino_multiplas,PREEMPCAO,206,VE_ROTA_VE_CORREDOR_03,ambulancia,313.50,1.30,1,14.28,94.48
-1,treino_multiplas,PREEMPCAO,206,VE_ROTA_VE_TRANSVERSAL_04,policia,204.40,17.30,2,12.20,65.86
-1,treino_multiplas,PREEMPCAO,206,VE_ROTA_VE_CORREDOR_04,bombeiro,282.80,0.00,0,15.82,63.87
-1,treino_multiplas,PREEMPCAO,206,VE_ROTA_VE_TRANSVERSAL_05,ambulancia,195.00,17.00,2,12.79,56.49
-1,treino_multiplas,PREEMPCAO,206,VE_ROTA_VE_CORREDOR_05,policia,343.10,1.70,1,13.05,124.14
-1,treino_multiplas,PREEMPCAO,206,VE_ROTA_VE_TRANSVERSAL_06,bombeiro,220.90,35.50,1,11.28,82.55
-1,treino_multiplas,PREEMPCAO,206,VE_ROTA_VE_CORREDOR_06,ambulancia,324.00,0.00,0,13.82,105.02
-1,treino_multiplas,PREEMPCAO,206,VE_ROTA_VE_TRANSVERSAL_07,policia,175.00,13.00,2,14.25,36.49
-1,treino_multiplas,PREEMPCAO,206,VE_ROTA_VE_CORREDOR_07,bombeiro,281.70,0.00,0,15.89,62.78
-1,treino_multiplas,PREEMPCAO,206,VE_ROTA_VE_TRANSVERSAL_08,ambulancia,169.10,0.00,0,14.75,30.56
-1,treino_multiplas,PREEMPCAO,206,VE_ROTA_VE_CORREDOR_08,policia,298.80,0.00,0,14.99,79.81
-1,treino_multiplas,PREEMPCAO,206,VE_ROTA_VE_TRANSVERSAL_09,bombeiro,196.30,12.00,1,12.69,57.93
-1,treino_multiplas,PREEMPCAO,206,VE_ROTA_VE_CORREDOR_09,ambulancia,296.40,0.00,0,15.11,77.45
-1,treino_multiplas,PREEMPCAO,206,VE_ROTA_VE_TRANSVERSAL_10,policia,181.80,17.80,2,13.72,43.18
-1,treino_multiplas,PREEMPCAO,207,VE_ROTA_VE_TRANSVERSAL_00,bombeiro,238.70,27.80,2,10.44,100.35
-1,treino_multiplas,PREEMPCAO,207,VE_ROTA_VE_CORREDOR_00,ambulancia,325.10,2.30,1,13.77,106.14
-1,treino_multiplas,PREEMPCAO,207,VE_ROTA_VE_TRANSVERSAL_01,policia,209.80,0.00,0,11.89,71.24
-1,treino_multiplas,PREEMPCAO,207,VE_ROTA_VE_CORREDOR_01,bombeiro,291.50,0.00,0,15.35,72.64
-1,treino_multiplas,PREEMPCAO,207,VE_ROTA_VE_TRANSVERSAL_02,ambulancia,169.90,4.20,1,14.68,31.39
-1,treino_multiplas,PREEMPCAO,207,VE_ROTA_VE_CORREDOR_02,policia,308.90,0.00,0,14.50,89.90
-1,treino_multiplas,PREEMPCAO,207,VE_ROTA_VE_TRANSVERSAL_03,bombeiro,224.10,4.10,1,11.12,85.71
-1,treino_multiplas,PREEMPCAO,207,VE_ROTA_VE_CORREDOR_03,ambulancia,296.10,0.00,0,15.12,77.07
-1,treino_multiplas,PREEMPCAO,207,VE_ROTA_VE_TRANSVERSAL_04,policia,199.60,6.60,1,12.50,61.04
-1,treino_multiplas,PREEMPCAO,207,VE_ROTA_VE_CORREDOR_04,bombeiro,272.60,0.00,0,16.42,53.71
-1,treino_multiplas,PREEMPCAO,207,VE_ROTA_VE_TRANSVERSAL_05,ambulancia,184.80,16.00,1,13.49,46.24
-1,treino_multiplas,PREEMPCAO,207,VE_ROTA_VE_CORREDOR_05,policia,328.80,0.00,0,13.62,109.78
-1,treino_multiplas,PREEMPCAO,207,VE_ROTA_VE_TRANSVERSAL_06,bombeiro,206.70,10.50,2,12.05,68.26
-1,treino_multiplas,PREEMPCAO,207,VE_ROTA_VE_CORREDOR_06,ambulancia,307.40,0.00,0,14.56,88.38
-1,treino_multiplas,PREEMPCAO,207,VE_ROTA_VE_TRANSVERSAL_07,policia,213.70,14.90,2,11.67,75.10
-1,treino_multiplas,PREEMPCAO,207,VE_ROTA_VE_CORREDOR_07,bombeiro,335.60,1.20,1,13.34,116.66
-1,treino_multiplas,PREEMPCAO,207,VE_ROTA_VE_TRANSVERSAL_08,ambulancia,182.00,5.20,1,13.70,43.49
-1,treino_multiplas,PREEMPCAO,207,VE_ROTA_VE_CORREDOR_08,policia,324.50,0.00,0,13.80,105.51
-1,treino_multiplas,PREEMPCAO,207,VE_ROTA_VE_TRANSVERSAL_09,bombeiro,186.60,28.30,1,13.35,48.18
-1,treino_multiplas,PREEMPCAO,207,VE_ROTA_VE_CORREDOR_09,ambulancia,355.10,0.00,0,12.61,136.09
-1,treino_multiplas,PREEMPCAO,207,VE_ROTA_VE_TRANSVERSAL_10,policia,207.70,6.50,1,12.01,69.12
-1,treino_multiplas,PREEMPCAO,208,VE_ROTA_VE_TRANSVERSAL_00,bombeiro,219.70,13.40,2,11.34,81.28
-1,treino_multiplas,PREEMPCAO,208,VE_ROTA_VE_CORREDOR_00,ambulancia,299.10,2.00,1,14.97,80.03
-1,treino_multiplas,PREEMPCAO,208,VE_ROTA_VE_TRANSVERSAL_01,policia,232.50,15.40,2,10.73,93.93
-1,treino_multiplas,PREEMPCAO,208,VE_ROTA_VE_CORREDOR_01,bombeiro,320.80,0.00,0,13.95,101.85
-1,treino_multiplas,PREEMPCAO,208,VE_ROTA_VE_TRANSVERSAL_02,ambulancia,201.80,5.90,1,12.36,63.28
-1,treino_multiplas,PREEMPCAO,208,VE_ROTA_VE_CORREDOR_02,policia,330.10,23.30,2,13.56,111.03
-1,treino_multiplas,PREEMPCAO,208,VE_ROTA_VE_TRANSVERSAL_03,bombeiro,253.70,60.40,2,9.82,115.34
-1,treino_multiplas,PREEMPCAO,208,VE_ROTA_VE_CORREDOR_03,ambulancia,311.00,0.00,0,14.40,92.10
-1,treino_multiplas,PREEMPCAO,208,VE_ROTA_VE_TRANSVERSAL_04,policia,206.60,1.60,1,12.07,68.03
-1,treino_multiplas,PREEMPCAO,208,VE_ROTA_VE_CORREDOR_04,bombeiro,296.30,0.00,0,15.10,77.39
-1,treino_multiplas,PREEMPCAO,208,VE_ROTA_VE_TRANSVERSAL_05,ambulancia,193.10,3.70,1,12.91,54.54
-1,treino_multiplas,PREEMPCAO,208,VE_ROTA_VE_CORREDOR_05,policia,307.50,0.00,0,14.56,88.42
-1,treino_multiplas,PREEMPCAO,208,VE_ROTA_VE_TRANSVERSAL_06,bombeiro,225.70,29.70,2,11.04,87.36
-1,treino_multiplas,PREEMPCAO,208,VE_ROTA_VE_CORREDOR_06,ambulancia,298.40,0.00,0,15.00,79.37
-1,treino_multiplas,PREEMPCAO,208,VE_ROTA_VE_TRANSVERSAL_07,policia,207.40,3.90,1,12.03,68.85
-1,treino_multiplas,PREEMPCAO,208,VE_ROTA_VE_CORREDOR_07,bombeiro,286.50,1.10,1,15.62,67.57
-1,treino_multiplas,PREEMPCAO,208,VE_ROTA_VE_TRANSVERSAL_08,ambulancia,176.30,6.80,1,14.14,37.76
-1,treino_multiplas,PREEMPCAO,208,VE_ROTA_VE_CORREDOR_08,policia,326.80,8.20,1,13.70,107.77
-1,treino_multiplas,PREEMPCAO,208,VE_ROTA_VE_TRANSVERSAL_09,bombeiro,225.40,32.60,2,11.05,86.96
-1,treino_multiplas,PREEMPCAO,208,VE_ROTA_VE_CORREDOR_09,ambulancia,310.70,1.00,1,14.41,91.72
-1,treino_multiplas,PREEMPCAO,208,VE_ROTA_VE_TRANSVERSAL_10,policia,208.60,0.00,0,11.96,70.09
-1,treino_multiplas,PREEMPCAO,208,VE_ROTA_VE_CORREDOR_10,bombeiro,293.60,0.00,0,15.24,74.72
-1,treino_multiplas,PREEMPCAO,209,VE_ROTA_VE_TRANSVERSAL_00,bombeiro,247.90,7.30,1,10.05,109.49
-1,treino_multiplas,PREEMPCAO,209,VE_ROTA_VE_CORREDOR_00,ambulancia,321.60,0.00,0,13.92,102.58
-1,treino_multiplas,PREEMPCAO,209,VE_ROTA_VE_TRANSVERSAL_01,policia,217.10,24.70,2,11.49,78.57
-1,treino_multiplas,PREEMPCAO,209,VE_ROTA_VE_CORREDOR_01,bombeiro,283.30,0.00,0,15.80,64.37
-1,treino_multiplas,PREEMPCAO,209,VE_ROTA_VE_TRANSVERSAL_02,ambulancia,179.40,0.00,0,13.90,40.87
-1,treino_multiplas,PREEMPCAO,209,VE_ROTA_VE_CORREDOR_02,policia,283.40,19.90,2,15.80,64.40
-1,treino_multiplas,PREEMPCAO,209,VE_ROTA_VE_TRANSVERSAL_03,bombeiro,214.70,28.70,2,11.61,76.32
-1,treino_multiplas,PREEMPCAO,209,VE_ROTA_VE_CORREDOR_03,ambulancia,333.30,0.20,1,13.43,114.29
-1,treino_multiplas,PREEMPCAO,209,VE_ROTA_VE_TRANSVERSAL_04,policia,220.80,25.00,3,11.30,82.26
-1,treino_multiplas,PREEMPCAO,209,VE_ROTA_VE_CORREDOR_04,bombeiro,317.90,0.00,0,14.08,99.02
-1,treino_multiplas,PREEMPCAO,209,VE_ROTA_VE_TRANSVERSAL_05,ambulancia,173.80,0.90,1,14.35,35.24
-1,treino_multiplas,PREEMPCAO,209,VE_ROTA_VE_CORREDOR_05,policia,293.10,1.60,1,15.28,74.13
-1,treino_multiplas,PREEMPCAO,209,VE_ROTA_VE_TRANSVERSAL_06,bombeiro,213.80,13.90,2,11.65,75.37
-1,treino_multiplas,PREEMPCAO,209,VE_ROTA_VE_CORREDOR_06,ambulancia,286.70,0.00,0,15.62,67.63
-1,treino_multiplas,PREEMPCAO,209,VE_ROTA_VE_TRANSVERSAL_07,policia,222.60,14.30,1,11.20,84.01
-1,treino_multiplas,PREEMPCAO,209,VE_ROTA_VE_CORREDOR_07,bombeiro,315.40,0.00,0,14.19,96.48
-1,treino_multiplas,PREEMPCAO,209,VE_ROTA_VE_TRANSVERSAL_08,ambulancia,192.00,0.00,0,12.99,53.45
-1,treino_multiplas,PREEMPCAO,209,VE_ROTA_VE_CORREDOR_08,policia,311.60,15.90,2,14.37,92.59
-1,treino_multiplas,PREEMPCAO,209,VE_ROTA_VE_TRANSVERSAL_09,bombeiro,219.40,32.50,2,11.36,81.04
-1,treino_multiplas,PREEMPCAO,209,VE_ROTA_VE_CORREDOR_09,ambulancia,314.20,0.00,0,14.25,95.20
-1,treino_multiplas,PREEMPCAO,209,VE_ROTA_VE_TRANSVERSAL_10,policia,243.30,1.00,1,10.25,104.70
-1,treino_multiplas,PREEMPCAO,209,VE_ROTA_VE_CORREDOR_10,bombeiro,285.50,0.00,0,15.68,66.63
-1,treino_multiplas,PREEMPCAO,210,VE_ROTA_VE_TRANSVERSAL_00,bombeiro,212.40,5.70,1,11.73,74.01
-1,treino_multiplas,PREEMPCAO,210,VE_ROTA_VE_CORREDOR_00,ambulancia,299.90,2.00,1,14.93,80.97
-1,treino_multiplas,PREEMPCAO,210,VE_ROTA_VE_TRANSVERSAL_01,policia,223.90,13.40,2,11.14,85.28
-1,treino_multiplas,PREEMPCAO,210,VE_ROTA_VE_CORREDOR_01,bombeiro,319.70,0.00,0,14.00,100.72
-1,treino_multiplas,PREEMPCAO,210,VE_ROTA_VE_TRANSVERSAL_02,ambulancia,184.30,0.00,0,13.53,45.75
-1,treino_multiplas,PREEMPCAO,210,VE_ROTA_VE_CORREDOR_02,policia,300.40,15.50,2,14.91,81.36
-1,treino_multiplas,PREEMPCAO,210,VE_ROTA_VE_TRANSVERSAL_03,bombeiro,200.70,16.10,2,12.41,62.28
-1,treino_multiplas,PREEMPCAO,210,VE_ROTA_VE_CORREDOR_03,ambulancia,337.50,0.00,0,13.27,118.45
-1,treino_multiplas,PREEMPCAO,210,VE_ROTA_VE_TRANSVERSAL_04,policia,213.60,0.00,0,11.68,75.00
-1,treino_multiplas,PREEMPCAO,210,VE_ROTA_VE_CORREDOR_04,bombeiro,310.90,0.00,0,14.39,91.96
-1,treino_multiplas,PREEMPCAO,210,VE_ROTA_VE_TRANSVERSAL_05,ambulancia,186.70,3.70,1,13.36,48.16
-1,treino_multiplas,PREEMPCAO,210,VE_ROTA_VE_CORREDOR_05,policia,286.90,18.10,1,15.61,67.88
-1,treino_multiplas,PREEMPCAO,210,VE_ROTA_VE_TRANSVERSAL_06,bombeiro,223.40,13.90,2,11.15,85.05
-1,treino_multiplas,PREEMPCAO,210,VE_ROTA_VE_CORREDOR_06,ambulancia,338.30,0.00,0,13.23,119.33
-1,treino_multiplas,PREEMPCAO,210,VE_ROTA_VE_TRANSVERSAL_07,policia,210.00,17.50,1,11.88,71.42
-1,treino_multiplas,PREEMPCAO,210,VE_ROTA_VE_CORREDOR_07,bombeiro,290.30,0.00,0,15.42,71.39
-1,treino_multiplas,PREEMPCAO,210,VE_ROTA_VE_TRANSVERSAL_08,ambulancia,171.60,0.00,0,14.53,33.05
-1,treino_multiplas,PREEMPCAO,210,VE_ROTA_VE_CORREDOR_08,policia,313.90,8.40,3,14.26,94.93
-1,treino_multiplas,PREEMPCAO,210,VE_ROTA_VE_TRANSVERSAL_09,bombeiro,193.70,26.00,2,12.86,55.24
-1,treino_multiplas,PREEMPCAO,210,VE_ROTA_VE_CORREDOR_09,ambulancia,297.80,0.00,0,15.03,78.78
-1,treino_multiplas,PREEMPCAO,210,VE_ROTA_VE_TRANSVERSAL_10,policia,204.00,21.60,2,12.23,65.48
-1,treino_multiplas,PREEMPCAO,211,VE_ROTA_VE_TRANSVERSAL_00,bombeiro,197.70,29.80,1,12.60,59.29
-1,treino_multiplas,PREEMPCAO,211,VE_ROTA_VE_CORREDOR_00,ambulancia,360.50,0.00,0,12.42,141.53
-1,treino_multiplas,PREEMPCAO,211,VE_ROTA_VE_TRANSVERSAL_01,policia,212.60,3.00,1,11.73,74.00
-1,treino_multiplas,PREEMPCAO,211,VE_ROTA_VE_CORREDOR_01,bombeiro,315.90,0.00,0,14.17,97.04
-1,treino_multiplas,PREEMPCAO,211,VE_ROTA_VE_TRANSVERSAL_02,ambulancia,184.10,0.60,1,13.55,45.55
-1,treino_multiplas,PREEMPCAO,211,VE_ROTA_VE_CORREDOR_02,policia,288.50,0.00,0,15.52,69.50
-1,treino_multiplas,PREEMPCAO,211,VE_ROTA_VE_TRANSVERSAL_03,bombeiro,211.00,24.10,3,11.81,72.56
-1,treino_multiplas,PREEMPCAO,211,VE_ROTA_VE_CORREDOR_03,ambulancia,291.60,0.00,0,15.35,72.64
-1,treino_multiplas,PREEMPCAO,211,VE_ROTA_VE_TRANSVERSAL_04,policia,211.30,20.30,3,11.80,72.77
-1,treino_multiplas,PREEMPCAO,211,VE_ROTA_VE_CORREDOR_04,bombeiro,328.00,0.00,0,13.64,109.06
-1,treino_multiplas,PREEMPCAO,211,VE_ROTA_VE_TRANSVERSAL_05,ambulancia,186.00,0.00,0,13.41,47.47
-1,treino_multiplas,PREEMPCAO,211,VE_ROTA_VE_CORREDOR_05,policia,344.40,0.00,0,13.00,125.38
-1,treino_multiplas,PREEMPCAO,211,VE_ROTA_VE_TRANSVERSAL_06,bombeiro,232.80,22.40,3,10.70,94.44
-1,treino_multiplas,PREEMPCAO,211,VE_ROTA_VE_CORREDOR_06,ambulancia,328.80,0.00,0,13.62,109.78
-1,treino_multiplas,PREEMPCAO,211,VE_ROTA_VE_TRANSVERSAL_07,policia,210.90,17.90,2,11.83,72.38
-1,treino_multiplas,PREEMPCAO,211,VE_ROTA_VE_CORREDOR_07,bombeiro,306.90,0.00,0,14.58,88.03
-1,treino_multiplas,PREEMPCAO,211,VE_ROTA_VE_TRANSVERSAL_08,ambulancia,211.70,3.30,1,11.78,73.14
-1,treino_multiplas,PREEMPCAO,211,VE_ROTA_VE_CORREDOR_08,policia,351.70,5.90,1,12.73,132.65
-1,treino_multiplas,PREEMPCAO,211,VE_ROTA_VE_TRANSVERSAL_09,bombeiro,227.10,7.30,1,10.97,88.66
-1,treino_multiplas,PREEMPCAO,211,VE_ROTA_VE_CORREDOR_09,ambulancia,314.00,0.00,0,14.26,95.05
-1,treino_multiplas,PREEMPCAO,211,VE_ROTA_VE_TRANSVERSAL_10,policia,215.40,24.80,1,11.58,76.79
-1,treino_multiplas,PREEMPCAO,211,VE_ROTA_VE_CORREDOR_10,bombeiro,279.10,0.00,0,16.03,60.23
-1,treino_multiplas,PREEMPCAO,212,VE_ROTA_VE_TRANSVERSAL_00,bombeiro,249.50,30.70,3,9.99,111.14
-1,treino_multiplas,PREEMPCAO,212,VE_ROTA_VE_CORREDOR_00,ambulancia,310.80,0.00,0,14.41,91.84
-1,treino_multiplas,PREEMPCAO,212,VE_ROTA_VE_TRANSVERSAL_01,policia,213.20,0.00,0,11.70,74.63
-1,treino_multiplas,PREEMPCAO,212,VE_ROTA_VE_CORREDOR_01,bombeiro,291.00,0.00,0,15.38,72.07
-1,treino_multiplas,PREEMPCAO,212,VE_ROTA_VE_TRANSVERSAL_02,ambulancia,206.40,0.00,0,12.08,67.82
-1,treino_multiplas,PREEMPCAO,212,VE_ROTA_VE_CORREDOR_02,policia,382.40,13.00,2,11.71,163.41
-1,treino_multiplas,PREEMPCAO,212,VE_ROTA_VE_TRANSVERSAL_03,bombeiro,229.10,27.10,2,10.88,90.68
-1,treino_multiplas,PREEMPCAO,212,VE_ROTA_VE_CORREDOR_03,ambulancia,350.80,0.00,0,12.76,131.80
-1,treino_multiplas,PREEMPCAO,212,VE_ROTA_VE_TRANSVERSAL_04,policia,202.70,23.60,2,12.30,64.14
-1,treino_multiplas,PREEMPCAO,212,VE_ROTA_VE_CORREDOR_04,bombeiro,296.50,0.00,0,15.09,77.56
-1,treino_multiplas,PREEMPCAO,212,VE_ROTA_VE_TRANSVERSAL_05,ambulancia,196.40,0.00,0,12.70,57.91
-1,treino_multiplas,PREEMPCAO,212,VE_ROTA_VE_CORREDOR_05,policia,321.30,33.90,3,13.94,102.34
-1,treino_multiplas,PREEMPCAO,212,VE_ROTA_VE_TRANSVERSAL_06,bombeiro,212.70,9.20,1,11.71,74.33
-1,treino_multiplas,PREEMPCAO,212,VE_ROTA_VE_CORREDOR_06,ambulancia,307.10,0.00,0,14.58,88.13
-1,treino_multiplas,PREEMPCAO,212,VE_ROTA_VE_TRANSVERSAL_07,policia,223.10,31.50,2,11.18,84.50
-1,treino_multiplas,PREEMPCAO,212,VE_ROTA_VE_CORREDOR_07,bombeiro,320.70,3.10,2,13.95,101.77
-1,treino_multiplas,PREEMPCAO,212,VE_ROTA_VE_TRANSVERSAL_08,ambulancia,184.50,0.00,0,13.52,45.95
-1,treino_multiplas,PREEMPCAO,212,VE_ROTA_VE_CORREDOR_08,policia,328.10,0.00,0,13.65,108.98
-1,treino_multiplas,PREEMPCAO,212,VE_ROTA_VE_TRANSVERSAL_09,bombeiro,180.60,21.80,1,13.80,42.23
-1,treino_multiplas,PREEMPCAO,212,VE_ROTA_VE_CORREDOR_09,ambulancia,326.00,0.00,0,13.73,106.96
-1,treino_multiplas,PREEMPCAO,212,VE_ROTA_VE_TRANSVERSAL_10,policia,196.80,0.00,0,12.67,58.20
-1,treino_multiplas,PREEMPCAO,213,VE_ROTA_VE_TRANSVERSAL_00,bombeiro,235.40,27.80,2,10.58,97.04
-1,treino_multiplas,PREEMPCAO,213,VE_ROTA_VE_CORREDOR_00,ambulancia,329.90,0.00,0,13.57,110.88
-1,treino_multiplas,PREEMPCAO,213,VE_ROTA_VE_TRANSVERSAL_01,policia,226.30,48.40,3,11.02,87.76
-1,treino_multiplas,PREEMPCAO,213,VE_ROTA_VE_CORREDOR_01,bombeiro,286.50,0.00,0,15.62,67.57
-1,treino_multiplas,PREEMPCAO,213,VE_ROTA_VE_TRANSVERSAL_02,ambulancia,189.60,10.10,1,13.15,51.05
-1,treino_multiplas,PREEMPCAO,213,VE_ROTA_VE_CORREDOR_02,policia,324.00,2.20,1,13.82,104.95
-1,treino_multiplas,PREEMPCAO,213,VE_ROTA_VE_TRANSVERSAL_03,bombeiro,245.00,14.40,3,10.17,106.59
-1,treino_multiplas,PREEMPCAO,213,VE_ROTA_VE_CORREDOR_03,ambulancia,340.80,0.00,0,13.14,121.79
-1,treino_multiplas,PREEMPCAO,213,VE_ROTA_VE_TRANSVERSAL_04,policia,223.80,22.00,3,11.14,85.24
-1,treino_multiplas,PREEMPCAO,213,VE_ROTA_VE_CORREDOR_04,bombeiro,310.60,0.00,0,14.41,91.62
-1,treino_multiplas,PREEMPCAO,213,VE_ROTA_VE_TRANSVERSAL_05,ambulancia,193.20,0.00,0,12.91,54.67
-1,treino_multiplas,PREEMPCAO,213,VE_ROTA_VE_CORREDOR_05,policia,305.50,43.50,3,14.66,86.54
-1,treino_multiplas,PREEMPCAO,213,VE_ROTA_VE_TRANSVERSAL_06,bombeiro,215.40,8.90,1,11.57,77.00
-1,treino_multiplas,PREEMPCAO,213,VE_ROTA_VE_CORREDOR_06,ambulancia,325.70,1.50,1,13.75,106.73
-1,treino_multiplas,PREEMPCAO,213,VE_ROTA_VE_TRANSVERSAL_07,policia,207.70,5.00,1,12.01,69.11
-1,treino_multiplas,PREEMPCAO,213,VE_ROTA_VE_CORREDOR_07,bombeiro,290.20,0.00,0,15.42,71.31
-1,treino_multiplas,PREEMPCAO,213,VE_ROTA_VE_TRANSVERSAL_08,ambulancia,180.60,0.00,0,13.81,42.10
-1,treino_multiplas,PREEMPCAO,213,VE_ROTA_VE_CORREDOR_08,policia,303.00,0.00,0,14.78,83.93
-1,treino_multiplas,PREEMPCAO,213,VE_ROTA_VE_TRANSVERSAL_09,bombeiro,237.00,10.10,2,10.51,98.60
-1,treino_multiplas,PREEMPCAO,213,VE_ROTA_VE_CORREDOR_09,ambulancia,322.70,0.00,0,13.87,103.73
-1,treino_multiplas,PREEMPCAO,213,VE_ROTA_VE_TRANSVERSAL_10,policia,209.80,8.20,2,11.89,71.26
-1,treino_multiplas,PREEMPCAO,213,VE_ROTA_VE_CORREDOR_10,bombeiro,287.00,0.00,0,15.59,68.09
-1,treino_multiplas,PREEMPCAO,214,VE_ROTA_VE_TRANSVERSAL_00,bombeiro,224.90,18.40,2,11.08,86.56
-1,treino_multiplas,PREEMPCAO,214,VE_ROTA_VE_CORREDOR_00,ambulancia,315.30,2.30,1,14.20,96.31
-1,treino_multiplas,PREEMPCAO,214,VE_ROTA_VE_TRANSVERSAL_01,policia,223.40,18.80,3,11.16,84.77
-1,treino_multiplas,PREEMPCAO,214,VE_ROTA_VE_CORREDOR_01,bombeiro,325.20,0.00,0,13.76,106.34
-1,treino_multiplas,PREEMPCAO,214,VE_ROTA_VE_TRANSVERSAL_02,ambulancia,188.70,0.00,0,13.21,50.15
-1,treino_multiplas,PREEMPCAO,214,VE_ROTA_VE_CORREDOR_02,policia,310.40,23.40,2,14.43,91.39
-1,treino_multiplas,PREEMPCAO,214,VE_ROTA_VE_TRANSVERSAL_03,bombeiro,204.50,32.50,2,12.18,66.09
-1,treino_multiplas,PREEMPCAO,214,VE_ROTA_VE_CORREDOR_03,ambulancia,258.60,0.00,0,17.31,39.60
-1,treino_multiplas,PREEMPCAO,214,VE_ROTA_VE_TRANSVERSAL_04,policia,252.70,28.70,2,9.87,114.14
-1,treino_multiplas,PREEMPCAO,214,VE_ROTA_VE_CORREDOR_04,bombeiro,327.90,0.00,0,13.65,109.03
-1,treino_multiplas,PREEMPCAO,214,VE_ROTA_VE_TRANSVERSAL_05,ambulancia,184.00,5.20,1,13.55,45.50
-1,treino_multiplas,PREEMPCAO,214,VE_ROTA_VE_CORREDOR_05,policia,335.20,0.00,0,13.36,116.19
-1,treino_multiplas,PREEMPCAO,214,VE_ROTA_VE_TRANSVERSAL_06,bombeiro,197.30,3.10,1,12.63,58.92
-1,treino_multiplas,PREEMPCAO,214,VE_ROTA_VE_CORREDOR_06,ambulancia,291.30,0.00,0,15.37,72.31
-1,treino_multiplas,PREEMPCAO,214,VE_ROTA_VE_TRANSVERSAL_07,policia,197.50,39.20,1,12.63,58.92
-1,treino_multiplas,PREEMPCAO,214,VE_ROTA_VE_CORREDOR_07,bombeiro,320.60,0.00,0,13.96,101.74
-1,treino_multiplas,PREEMPCAO,214,VE_ROTA_VE_TRANSVERSAL_08,ambulancia,181.90,1.80,2,13.71,43.32
-1,treino_multiplas,PREEMPCAO,214,VE_ROTA_VE_CORREDOR_08,policia,316.50,0.00,0,14.15,97.45
-1,treino_multiplas,PREEMPCAO,214,VE_ROTA_VE_TRANSVERSAL_09,bombeiro,202.50,19.80,2,12.30,64.07
-1,treino_multiplas,PREEMPCAO,214,VE_ROTA_VE_CORREDOR_09,ambulancia,274.80,0.00,0,16.29,55.79
-1,treino_multiplas,PREEMPCAO,214,VE_ROTA_VE_TRANSVERSAL_10,policia,198.30,17.50,1,12.58,59.76
-1,treino_multiplas,PREEMPCAO,214,VE_ROTA_VE_CORREDOR_10,bombeiro,260.80,0.50,1,17.16,41.86
-1,treino_multiplas,PREEMPCAO,215,VE_ROTA_VE_TRANSVERSAL_00,bombeiro,222.00,25.40,3,11.22,83.64
-1,treino_multiplas,PREEMPCAO,215,VE_ROTA_VE_CORREDOR_00,ambulancia,334.60,0.00,0,13.38,115.65
-1,treino_multiplas,PREEMPCAO,215,VE_ROTA_VE_TRANSVERSAL_01,policia,237.60,7.40,1,10.50,99.07
-1,treino_multiplas,PREEMPCAO,215,VE_ROTA_VE_CORREDOR_01,bombeiro,304.40,0.00,0,14.70,85.53
-1,treino_multiplas,PREEMPCAO,215,VE_ROTA_VE_TRANSVERSAL_02,ambulancia,197.80,0.00,0,12.61,59.29
-1,treino_multiplas,PREEMPCAO,215,VE_ROTA_VE_CORREDOR_02,policia,324.20,28.10,2,13.81,105.15
-1,treino_multiplas,PREEMPCAO,215,VE_ROTA_VE_TRANSVERSAL_03,bombeiro,236.80,47.40,2,10.52,98.43
-1,treino_multiplas,PREEMPCAO,215,VE_ROTA_VE_CORREDOR_03,ambulancia,311.20,0.00,0,14.39,92.23
-1,treino_multiplas,PREEMPCAO,215,VE_ROTA_VE_TRANSVERSAL_04,policia,211.60,7.50,1,11.79,73.04
-1,treino_multiplas,PREEMPCAO,215,VE_ROTA_VE_CORREDOR_04,bombeiro,304.50,0.00,0,14.70,85.57
-1,treino_multiplas,PREEMPCAO,215,VE_ROTA_VE_TRANSVERSAL_05,ambulancia,178.70,0.00,0,13.95,40.22
-1,treino_multiplas,PREEMPCAO,215,VE_ROTA_VE_CORREDOR_05,policia,309.00,0.00,0,14.49,89.98
-1,treino_multiplas,PREEMPCAO,215,VE_ROTA_VE_TRANSVERSAL_06,bombeiro,209.70,31.40,2,11.88,71.30
-1,treino_multiplas,PREEMPCAO,215,VE_ROTA_VE_CORREDOR_06,ambulancia,296.90,0.00,0,15.08,77.99
-1,treino_multiplas,PREEMPCAO,215,VE_ROTA_VE_TRANSVERSAL_07,policia,220.60,13.70,3,11.31,82.00
-1,treino_multiplas,PREEMPCAO,215,VE_ROTA_VE_CORREDOR_07,bombeiro,291.80,0.00,0,15.34,72.88
-1,treino_multiplas,PREEMPCAO,215,VE_ROTA_VE_TRANSVERSAL_08,ambulancia,214.00,0.00,0,11.65,75.48
-1,treino_multiplas,PREEMPCAO,215,VE_ROTA_VE_CORREDOR_08,policia,330.00,2.00,2,13.57,110.97
-1,treino_multiplas,PREEMPCAO,215,VE_ROTA_VE_TRANSVERSAL_09,bombeiro,211.80,42.10,3,11.76,73.37
-1,treino_multiplas,PREEMPCAO,215,VE_ROTA_VE_CORREDOR_09,ambulancia,310.40,0.00,0,14.42,91.42
-1,treino_multiplas,PREEMPCAO,215,VE_ROTA_VE_TRANSVERSAL_10,policia,192.50,10.50,2,12.96,53.92
-1,treino_multiplas,PREEMPCAO,215,VE_ROTA_VE_CORREDOR_10,bombeiro,286.10,1.40,1,15.64,67.11
-1,treino_multiplas,PREEMPCAO,216,VE_ROTA_VE_TRANSVERSAL_00,bombeiro,253.10,34.20,2,9.84,114.68
-1,treino_multiplas,PREEMPCAO,216,VE_ROTA_VE_CORREDOR_00,ambulancia,333.80,0.00,0,13.41,114.79
-1,treino_multiplas,PREEMPCAO,216,VE_ROTA_VE_TRANSVERSAL_01,policia,217.90,17.60,2,11.45,79.37
-1,treino_multiplas,PREEMPCAO,216,VE_ROTA_VE_CORREDOR_01,bombeiro,287.90,0.10,1,15.54,69.00
-1,treino_multiplas,PREEMPCAO,216,VE_ROTA_VE_TRANSVERSAL_02,ambulancia,188.20,0.00,0,13.25,49.65
-1,treino_multiplas,PREEMPCAO,216,VE_ROTA_VE_CORREDOR_02,policia,293.30,5.10,1,15.27,74.30
-1,treino_multiplas,PREEMPCAO,216,VE_ROTA_VE_TRANSVERSAL_03,bombeiro,227.90,32.60,2,10.93,89.49
-1,treino_multiplas,PREEMPCAO,216,VE_ROTA_VE_CORREDOR_03,ambulancia,296.10,0.00,0,15.12,77.15
-1,treino_multiplas,PREEMPCAO,216,VE_ROTA_VE_TRANSVERSAL_04,policia,211.10,16.80,3,11.82,72.49
-1,treino_multiplas,PREEMPCAO,216,VE_ROTA_VE_CORREDOR_04,bombeiro,272.50,0.00,0,16.42,53.58
-1,treino_multiplas,PREEMPCAO,216,VE_ROTA_VE_TRANSVERSAL_05,ambulancia,199.00,0.00,0,12.53,60.46
-1,treino_multiplas,PREEMPCAO,216,VE_ROTA_VE_CORREDOR_05,policia,331.00,0.00,0,13.53,111.95
-1,treino_multiplas,PREEMPCAO,216,VE_ROTA_VE_TRANSVERSAL_06,bombeiro,232.30,57.90,3,10.73,93.92
-1,treino_multiplas,PREEMPCAO,216,VE_ROTA_VE_CORREDOR_06,ambulancia,296.80,0.00,0,15.09,77.82
-1,treino_multiplas,PREEMPCAO,216,VE_ROTA_VE_TRANSVERSAL_07,policia,198.30,5.10,1,12.58,59.72
-1,treino_multiplas,PREEMPCAO,216,VE_ROTA_VE_CORREDOR_07,bombeiro,283.90,0.00,0,15.76,65.04
-1,treino_multiplas,PREEMPCAO,216,VE_ROTA_VE_TRANSVERSAL_08,ambulancia,169.80,0.00,0,14.69,31.27
-1,treino_multiplas,PREEMPCAO,216,VE_ROTA_VE_CORREDOR_08,policia,322.50,6.60,1,13.88,103.50
-1,treino_multiplas,PREEMPCAO,216,VE_ROTA_VE_TRANSVERSAL_09,bombeiro,220.40,19.50,2,11.31,81.99
-1,treino_multiplas,PREEMPCAO,216,VE_ROTA_VE_CORREDOR_09,ambulancia,300.50,0.30,1,14.90,81.54
-1,treino_multiplas,PREEMPCAO,216,VE_ROTA_VE_TRANSVERSAL_10,policia,229.60,39.20,2,10.86,90.98
-1,treino_multiplas,PREEMPCAO,217,VE_ROTA_VE_TRANSVERSAL_00,bombeiro,240.00,60.30,2,10.38,101.61
-1,treino_multiplas,PREEMPCAO,217,VE_ROTA_VE_CORREDOR_00,ambulancia,316.20,0.00,0,14.16,97.20
-1,treino_multiplas,PREEMPCAO,217,VE_ROTA_VE_TRANSVERSAL_01,policia,221.90,13.70,2,11.24,83.32
-1,treino_multiplas,PREEMPCAO,217,VE_ROTA_VE_CORREDOR_01,bombeiro,299.40,0.00,0,14.95,80.50
-1,treino_multiplas,PREEMPCAO,217,VE_ROTA_VE_TRANSVERSAL_02,ambulancia,193.30,3.80,1,12.90,54.77
-1,treino_multiplas,PREEMPCAO,217,VE_ROTA_VE_CORREDOR_02,policia,307.90,24.40,1,14.54,88.97
-1,treino_multiplas,PREEMPCAO,217,VE_ROTA_VE_TRANSVERSAL_03,bombeiro,227.30,11.60,1,10.96,88.91
-1,treino_multiplas,PREEMPCAO,217,VE_ROTA_VE_CORREDOR_03,ambulancia,312.80,2.70,1,14.31,93.81
-1,treino_multiplas,PREEMPCAO,217,VE_ROTA_VE_TRANSVERSAL_04,policia,209.30,5.00,1,11.92,70.69
-1,treino_multiplas,PREEMPCAO,217,VE_ROTA_VE_CORREDOR_04,bombeiro,283.50,0.00,0,15.79,64.63
-1,treino_multiplas,PREEMPCAO,217,VE_ROTA_VE_TRANSVERSAL_05,ambulancia,169.90,1.40,1,14.68,31.39
-1,treino_multiplas,PREEMPCAO,217,VE_ROTA_VE_CORREDOR_05,policia,298.20,0.00,0,15.02,79.21
-1,treino_multiplas,PREEMPCAO,217,VE_ROTA_VE_TRANSVERSAL_06,bombeiro,240.20,32.70,4,10.37,101.78
-1,treino_multiplas,PREEMPCAO,217,VE_ROTA_VE_CORREDOR_06,ambulancia,303.60,2.10,1,14.75,84.56
-1,treino_multiplas,PREEMPCAO,217,VE_ROTA_VE_TRANSVERSAL_07,policia,222.00,17.70,1,11.23,83.40
-1,treino_multiplas,PREEMPCAO,217,VE_ROTA_VE_CORREDOR_07,bombeiro,291.30,0.00,0,15.36,72.41
-1,treino_multiplas,PREEMPCAO,217,VE_ROTA_VE_TRANSVERSAL_08,ambulancia,194.10,0.00,0,12.85,55.58
-1,treino_multiplas,PREEMPCAO,217,VE_ROTA_VE_CORREDOR_08,policia,327.30,0.00,0,13.68,108.37
-1,treino_multiplas,PREEMPCAO,217,VE_ROTA_VE_TRANSVERSAL_09,bombeiro,204.00,26.20,2,12.21,65.61
-1,treino_multiplas,PREEMPCAO,217,VE_ROTA_VE_CORREDOR_09,ambulancia,285.60,0.00,0,15.68,66.59
-1,treino_multiplas,PREEMPCAO,217,VE_ROTA_VE_TRANSVERSAL_10,policia,220.20,10.20,2,11.33,81.59
-1,treino_multiplas,PREEMPCAO,217,VE_ROTA_VE_CORREDOR_10,bombeiro,286.50,0.60,1,15.62,67.60
-1,treino_multiplas,PREEMPCAO,218,VE_ROTA_VE_TRANSVERSAL_00,bombeiro,246.00,52.40,2,10.13,107.58
-1,treino_multiplas,PREEMPCAO,218,VE_ROTA_VE_CORREDOR_00,ambulancia,332.30,0.00,0,13.47,113.33
-1,treino_multiplas,PREEMPCAO,218,VE_ROTA_VE_TRANSVERSAL_01,policia,219.60,22.60,3,11.36,81.02
-1,treino_multiplas,PREEMPCAO,218,VE_ROTA_VE_CORREDOR_01,bombeiro,299.10,0.00,0,14.96,80.18
-1,treino_multiplas,PREEMPCAO,218,VE_ROTA_VE_TRANSVERSAL_02,ambulancia,179.30,0.00,0,13.91,40.78
-1,treino_multiplas,PREEMPCAO,218,VE_ROTA_VE_CORREDOR_02,policia,342.10,0.00,0,13.09,123.12
-1,treino_multiplas,PREEMPCAO,218,VE_ROTA_VE_TRANSVERSAL_03,bombeiro,195.00,1.40,1,12.78,56.61
-1,treino_multiplas,PREEMPCAO,218,VE_ROTA_VE_CORREDOR_03,ambulancia,293.00,0.00,0,15.28,74.04
-1,treino_multiplas,PREEMPCAO,218,VE_ROTA_VE_TRANSVERSAL_04,policia,209.70,16.20,2,11.89,71.13
-1,treino_multiplas,PREEMPCAO,218,VE_ROTA_VE_CORREDOR_04,bombeiro,317.40,4.80,1,14.10,98.56
-1,treino_multiplas,PREEMPCAO,218,VE_ROTA_VE_TRANSVERSAL_05,ambulancia,216.30,0.00,0,11.53,77.77
-1,treino_multiplas,PREEMPCAO,218,VE_ROTA_VE_CORREDOR_05,policia,341.50,12.20,1,13.11,122.43
-1,treino_multiplas,PREEMPCAO,218,VE_ROTA_VE_TRANSVERSAL_06,bombeiro,219.20,19.70,2,11.37,80.78
-1,treino_multiplas,PREEMPCAO,218,VE_ROTA_VE_CORREDOR_06,ambulancia,309.20,0.00,0,14.48,90.20
-1,treino_multiplas,PREEMPCAO,218,VE_ROTA_VE_TRANSVERSAL_07,policia,210.60,12.00,2,11.84,72.06
-1,treino_multiplas,PREEMPCAO,218,VE_ROTA_VE_CORREDOR_07,bombeiro,267.40,0.00,0,16.74,48.52
-1,treino_multiplas,PREEMPCAO,218,VE_ROTA_VE_TRANSVERSAL_08,ambulancia,176.90,0.00,0,14.10,38.38
-1,treino_multiplas,PREEMPCAO,218,VE_ROTA_VE_CORREDOR_08,policia,291.60,18.40,2,15.36,72.57
-1,treino_multiplas,PREEMPCAO,218,VE_ROTA_VE_TRANSVERSAL_09,bombeiro,217.30,4.10,2,11.47,78.93
-1,treino_multiplas,PREEMPCAO,218,VE_ROTA_VE_CORREDOR_09,ambulancia,287.20,0.00,0,15.59,68.21
-1,treino_multiplas,PREEMPCAO,218,VE_ROTA_VE_TRANSVERSAL_10,policia,229.20,42.70,2,10.88,90.59
-1,treino_multiplas,PREEMPCAO,219,VE_ROTA_VE_TRANSVERSAL_00,bombeiro,231.60,39.40,3,10.76,93.23
-1,treino_multiplas,PREEMPCAO,219,VE_ROTA_VE_CORREDOR_00,ambulancia,330.30,2.30,1,13.56,111.33
-1,treino_multiplas,PREEMPCAO,219,VE_ROTA_VE_TRANSVERSAL_01,policia,210.90,11.20,1,11.83,72.33
-1,treino_multiplas,PREEMPCAO,219,VE_ROTA_VE_CORREDOR_01,bombeiro,296.30,0.00,0,15.10,77.43
-1,treino_multiplas,PREEMPCAO,219,VE_ROTA_VE_TRANSVERSAL_02,ambulancia,174.60,0.00,0,14.28,36.12
-1,treino_multiplas,PREEMPCAO,219,VE_ROTA_VE_CORREDOR_02,policia,313.40,0.00,0,14.29,94.41
-1,treino_multiplas,PREEMPCAO,219,VE_ROTA_VE_TRANSVERSAL_03,bombeiro,219.60,19.00,1,11.35,81.23
-1,treino_multiplas,PREEMPCAO,219,VE_ROTA_VE_CORREDOR_03,ambulancia,314.00,0.00,0,14.26,94.99
-1,treino_multiplas,PREEMPCAO,219,VE_ROTA_VE_TRANSVERSAL_04,policia,200.00,27.70,1,12.47,61.46
-1,treino_multiplas,PREEMPCAO,219,VE_ROTA_VE_CORREDOR_04,bombeiro,298.40,0.00,0,15.00,79.47
-1,treino_multiplas,PREEMPCAO,219,VE_ROTA_VE_TRANSVERSAL_05,ambulancia,186.80,7.10,1,13.35,48.30
-1,treino_multiplas,PREEMPCAO,219,VE_ROTA_VE_CORREDOR_05,policia,319.20,2.70,1,14.03,100.16
-1,treino_multiplas,PREEMPCAO,219,VE_ROTA_VE_TRANSVERSAL_06,bombeiro,236.40,19.40,3,10.54,98.02
-1,treino_multiplas,PREEMPCAO,219,VE_ROTA_VE_CORREDOR_06,ambulancia,305.30,4.00,1,14.67,86.25
-1,treino_multiplas,PREEMPCAO,219,VE_ROTA_VE_TRANSVERSAL_07,policia,236.70,17.00,2,10.54,98.11
-1,treino_multiplas,PREEMPCAO,219,VE_ROTA_VE_CORREDOR_07,bombeiro,300.00,0.00,0,14.92,81.11
-1,treino_multiplas,PREEMPCAO,219,VE_ROTA_VE_TRANSVERSAL_08,ambulancia,191.10,0.00,0,13.05,52.60
-1,treino_multiplas,PREEMPCAO,219,VE_ROTA_VE_CORREDOR_08,policia,339.00,4.60,1,13.21,119.94
-1,treino_multiplas,PREEMPCAO,219,VE_ROTA_VE_TRANSVERSAL_09,bombeiro,232.00,31.90,3,10.74,93.57
-1,treino_multiplas,PREEMPCAO,219,VE_ROTA_VE_CORREDOR_09,ambulancia,307.90,0.00,0,14.54,88.88
-1,treino_multiplas,PREEMPCAO,219,VE_ROTA_VE_TRANSVERSAL_10,policia,249.30,48.30,4,10.00,110.76
-1,treino_multiplas,PREEMPCAO,220,VE_ROTA_VE_TRANSVERSAL_00,bombeiro,242.50,46.10,3,10.27,104.13
-1,treino_multiplas,PREEMPCAO,220,VE_ROTA_VE_CORREDOR_00,ambulancia,350.80,2.30,1,12.76,131.74
-1,treino_multiplas,PREEMPCAO,220,VE_ROTA_VE_TRANSVERSAL_01,policia,223.30,17.00,1,11.17,84.70
-1,treino_multiplas,PREEMPCAO,220,VE_ROTA_VE_CORREDOR_01,bombeiro,294.10,0.00,0,15.22,75.18
-1,treino_multiplas,PREEMPCAO,220,VE_ROTA_VE_TRANSVERSAL_02,ambulancia,188.90,0.00,0,13.20,50.41
-1,treino_multiplas,PREEMPCAO,220,VE_ROTA_VE_CORREDOR_02,policia,332.80,2.50,1,13.45,113.76
-1,treino_multiplas,PREEMPCAO,220,VE_ROTA_VE_TRANSVERSAL_03,bombeiro,209.40,34.50,2,11.90,70.98
-1,treino_multiplas,PREEMPCAO,220,VE_ROTA_VE_CORREDOR_03,ambulancia,314.00,0.00,0,14.26,94.96
-1,treino_multiplas,PREEMPCAO,220,VE_ROTA_VE_TRANSVERSAL_04,policia,221.00,20.80,2,11.29,82.48
-1,treino_multiplas,PREEMPCAO,220,VE_ROTA_VE_CORREDOR_04,bombeiro,301.50,2.00,1,14.84,82.63
-1,treino_multiplas,PREEMPCAO,220,VE_ROTA_VE_TRANSVERSAL_05,ambulancia,174.90,1.70,1,14.26,36.33
-1,treino_multiplas,PREEMPCAO,220,VE_ROTA_VE_CORREDOR_05,policia,327.80,0.00,0,13.66,108.79
-1,treino_multiplas,PREEMPCAO,220,VE_ROTA_VE_TRANSVERSAL_06,bombeiro,233.20,30.00,3,10.68,94.77
-1,treino_multiplas,PREEMPCAO,220,VE_ROTA_VE_CORREDOR_06,ambulancia,313.70,0.00,0,14.27,94.75
-1,treino_multiplas,PREEMPCAO,220,VE_ROTA_VE_TRANSVERSAL_07,policia,205.50,0.00,0,12.14,66.92
-1,treino_multiplas,PREEMPCAO,220,VE_ROTA_VE_CORREDOR_07,bombeiro,302.40,2.60,1,14.80,83.54
-1,treino_multiplas,PREEMPCAO,220,VE_ROTA_VE_TRANSVERSAL_08,ambulancia,183.20,5.80,1,13.61,44.64
-1,treino_multiplas,PREEMPCAO,220,VE_ROTA_VE_CORREDOR_08,policia,342.70,1.30,1,13.07,123.65
-1,treino_multiplas,PREEMPCAO,220,VE_ROTA_VE_TRANSVERSAL_09,bombeiro,208.60,29.30,3,11.94,70.18
-1,treino_multiplas,PREEMPCAO,220,VE_ROTA_VE_CORREDOR_09,ambulancia,309.80,0.00,0,14.45,90.87
-1,treino_multiplas,PREEMPCAO,220,VE_ROTA_VE_TRANSVERSAL_10,policia,228.70,41.60,1,10.91,90.15
-1,treino_multiplas,PREEMPCAO,221,VE_ROTA_VE_TRANSVERSAL_00,bombeiro,210.00,12.00,1,11.87,71.59
-1,treino_multiplas,PREEMPCAO,221,VE_ROTA_VE_CORREDOR_00,ambulancia,302.10,0.00,0,14.82,83.09
-1,treino_multiplas,PREEMPCAO,221,VE_ROTA_VE_TRANSVERSAL_01,policia,226.50,23.50,1,11.01,87.97
-1,treino_multiplas,PREEMPCAO,221,VE_ROTA_VE_CORREDOR_01,bombeiro,294.70,5.30,1,15.19,75.79
-1,treino_multiplas,PREEMPCAO,221,VE_ROTA_VE_TRANSVERSAL_02,ambulancia,180.40,0.00,0,13.82,41.91
-1,treino_multiplas,PREEMPCAO,221,VE_ROTA_VE_CORREDOR_02,policia,339.30,24.00,2,13.20,120.30
-1,treino_multiplas,PREEMPCAO,221,VE_ROTA_VE_TRANSVERSAL_03,bombeiro,201.90,34.30,1,12.34,63.52
-1,treino_multiplas,PREEMPCAO,221,VE_ROTA_VE_CORREDOR_03,ambulancia,334.50,0.00,0,13.38,115.48
-1,treino_multiplas,PREEMPCAO,221,VE_ROTA_VE_TRANSVERSAL_04,policia,181.50,0.00,0,13.74,42.92
-1,treino_multiplas,PREEMPCAO,221,VE_ROTA_VE_CORREDOR_04,bombeiro,308.70,0.00,0,14.50,89.81
-1,treino_multiplas,PREEMPCAO,221,VE_ROTA_VE_TRANSVERSAL_05,ambulancia,190.80,1.30,1,13.07,52.22
-1,treino_multiplas,PREEMPCAO,221,VE_ROTA_VE_CORREDOR_05,policia,300.30,9.50,2,14.91,81.30
-1,treino_multiplas,PREEMPCAO,221,VE_ROTA_VE_TRANSVERSAL_06,bombeiro,219.30,33.70,2,11.36,80.92
-1,treino_multiplas,PREEMPCAO,221,VE_ROTA_VE_CORREDOR_06,ambulancia,315.40,0.00,0,14.20,96.39
-1,treino_multiplas,PREEMPCAO,221,VE_ROTA_VE_TRANSVERSAL_07,policia,157.80,0.00,0,15.81,19.27
-1,treino_multiplas,PREEMPCAO,221,VE_ROTA_VE_CORREDOR_07,bombeiro,348.70,5.20,1,12.83,129.80
-1,treino_multiplas,PREEMPCAO,221,VE_ROTA_VE_TRANSVERSAL_08,ambulancia,202.90,11.30,2,12.29,64.38
-1,treino_multiplas,PREEMPCAO,221,VE_ROTA_VE_CORREDOR_08,policia,333.10,12.40,2,13.44,114.06
-1,treino_multiplas,PREEMPCAO,221,VE_ROTA_VE_TRANSVERSAL_09,bombeiro,220.50,2.10,1,11.30,82.08
-1,treino_multiplas,PREEMPCAO,221,VE_ROTA_VE_CORREDOR_09,ambulancia,312.50,0.00,0,14.33,93.50
-1,treino_multiplas,PREEMPCAO,221,VE_ROTA_VE_TRANSVERSAL_10,policia,208.70,26.70,1,11.95,70.12
-1,treino_multiplas,PREEMPCAO,221,VE_ROTA_VE_CORREDOR_10,bombeiro,268.40,0.00,0,16.67,49.49
-1,treino_multiplas,PREEMPCAO,222,VE_ROTA_VE_TRANSVERSAL_00,bombeiro,271.10,30.00,2,9.19,132.69
-1,treino_multiplas,PREEMPCAO,222,VE_ROTA_VE_CORREDOR_00,ambulancia,349.00,0.00,0,12.83,129.98
-1,treino_multiplas,PREEMPCAO,222,VE_ROTA_VE_TRANSVERSAL_01,policia,204.80,8.90,1,12.18,66.19
-1,treino_multiplas,PREEMPCAO,222,VE_ROTA_VE_CORREDOR_01,bombeiro,318.60,0.00,0,14.05,99.76
-1,treino_multiplas,PREEMPCAO,222,VE_ROTA_VE_TRANSVERSAL_02,ambulancia,198.60,0.00,0,12.56,60.03
-1,treino_multiplas,PREEMPCAO,222,VE_ROTA_VE_CORREDOR_02,policia,341.70,48.50,2,13.10,122.70
-1,treino_multiplas,PREEMPCAO,222,VE_ROTA_VE_TRANSVERSAL_03,bombeiro,185.50,7.70,1,13.43,47.10
-1,treino_multiplas,PREEMPCAO,222,VE_ROTA_VE_CORREDOR_03,ambulancia,276.20,0.00,0,16.21,57.17
-1,treino_multiplas,PREEMPCAO,222,VE_ROTA_VE_TRANSVERSAL_04,policia,211.30,10.20,1,11.80,72.76
-1,treino_multiplas,PREEMPCAO,222,VE_ROTA_VE_CORREDOR_04,bombeiro,318.60,0.00,0,14.05,99.73
-1,treino_multiplas,PREEMPCAO,222,VE_ROTA_VE_TRANSVERSAL_05,ambulancia,192.40,0.00,0,12.96,53.84
-1,treino_multiplas,PREEMPCAO,222,VE_ROTA_VE_CORREDOR_05,policia,313.60,12.90,2,14.28,94.55
-1,treino_multiplas,PREEMPCAO,222,VE_ROTA_VE_TRANSVERSAL_06,bombeiro,158.60,3.20,1,15.71,20.20
-1,treino_multiplas,PREEMPCAO,222,VE_ROTA_VE_CORREDOR_06,ambulancia,333.80,4.80,1,13.41,114.79
-1,treino_multiplas,PREEMPCAO,222,VE_ROTA_VE_TRANSVERSAL_07,policia,252.60,0.70,1,9.87,114.01
-1,treino_multiplas,PREEMPCAO,222,VE_ROTA_VE_CORREDOR_07,bombeiro,309.30,0.00,0,14.47,90.40
-1,treino_multiplas,PREEMPCAO,222,VE_ROTA_VE_TRANSVERSAL_08,ambulancia,174.30,21.60,1,14.31,35.80
-1,treino_multiplas,PREEMPCAO,222,VE_ROTA_VE_CORREDOR_08,policia,321.30,0.00,0,13.94,102.25
-1,treino_multiplas,PREEMPCAO,222,VE_ROTA_VE_TRANSVERSAL_09,bombeiro,217.50,0.00,0,11.46,79.16
-1,treino_multiplas,PREEMPCAO,222,VE_ROTA_VE_CORREDOR_09,ambulancia,288.90,0.00,0,15.50,69.93
-1,treino_multiplas,PREEMPCAO,222,VE_ROTA_VE_TRANSVERSAL_10,policia,208.20,7.70,2,11.98,69.65
-1,treino_multiplas,PREEMPCAO,222,VE_ROTA_VE_CORREDOR_10,bombeiro,264.90,4.40,1,16.89,45.98
-1,treino_multiplas,PREEMPCAO,223,VE_ROTA_VE_TRANSVERSAL_00,bombeiro,225.00,27.60,2,11.07,86.59
-1,treino_multiplas,PREEMPCAO,223,VE_ROTA_VE_CORREDOR_00,ambulancia,326.80,2.30,1,13.70,107.85
-1,treino_multiplas,PREEMPCAO,223,VE_ROTA_VE_TRANSVERSAL_01,policia,241.20,22.30,3,10.34,102.59
-1,treino_multiplas,PREEMPCAO,223,VE_ROTA_VE_CORREDOR_01,bombeiro,351.20,0.00,0,12.74,132.39
-1,treino_multiplas,PREEMPCAO,223,VE_ROTA_VE_TRANSVERSAL_02,ambulancia,168.80,0.00,0,14.77,30.28
-1,treino_multiplas,PREEMPCAO,223,VE_ROTA_VE_CORREDOR_02,policia,281.10,1.80,1,15.93,62.13
-1,treino_multiplas,PREEMPCAO,223,VE_ROTA_VE_TRANSVERSAL_03,bombeiro,246.30,46.30,2,10.12,107.93
-1,treino_multiplas,PREEMPCAO,223,VE_ROTA_VE_CORREDOR_03,ambulancia,330.50,0.00,0,13.55,111.46
-1,treino_multiplas,PREEMPCAO,223,VE_ROTA_VE_TRANSVERSAL_04,policia,197.70,3.20,1,12.62,59.18
-1,treino_multiplas,PREEMPCAO,223,VE_ROTA_VE_CORREDOR_04,bombeiro,304.40,2.00,1,14.70,85.48
-1,treino_multiplas,PREEMPCAO,223,VE_ROTA_VE_TRANSVERSAL_05,ambulancia,164.70,9.70,2,15.14,26.17
-1,treino_multiplas,PREEMPCAO,223,VE_ROTA_VE_CORREDOR_05,policia,314.80,0.00,0,14.22,95.83
-1,treino_multiplas,PREEMPCAO,223,VE_ROTA_VE_TRANSVERSAL_06,bombeiro,207.60,0.00,0,12.00,69.26
-1,treino_multiplas,PREEMPCAO,223,VE_ROTA_VE_CORREDOR_06,ambulancia,320.30,0.00,0,13.98,101.39
-1,treino_multiplas,PREEMPCAO,223,VE_ROTA_VE_TRANSVERSAL_07,policia,207.10,10.70,2,12.04,68.51
-1,treino_multiplas,PREEMPCAO,223,VE_ROTA_VE_CORREDOR_07,bombeiro,328.10,0.00,0,13.64,109.19
-1,treino_multiplas,PREEMPCAO,223,VE_ROTA_VE_TRANSVERSAL_08,ambulancia,194.80,1.90,1,12.80,56.23
-1,treino_multiplas,PREEMPCAO,223,VE_ROTA_VE_CORREDOR_08,policia,336.10,0.00,0,13.32,117.08
-1,treino_multiplas,PREEMPCAO,223,VE_ROTA_VE_TRANSVERSAL_09,bombeiro,220.10,14.50,2,11.32,81.71
-1,treino_multiplas,PREEMPCAO,223,VE_ROTA_VE_CORREDOR_09,ambulancia,310.50,0.00,0,14.42,91.49
-1,treino_multiplas,PREEMPCAO,223,VE_ROTA_VE_TRANSVERSAL_10,policia,227.30,0.60,1,10.97,88.70
-1,treino_multiplas,PREEMPCAO,223,VE_ROTA_VE_CORREDOR_10,bombeiro,282.30,0.00,0,15.85,63.45
-1,treino_multiplas,PREEMPCAO,224,VE_ROTA_VE_TRANSVERSAL_00,bombeiro,251.10,26.60,2,9.92,112.70
-1,treino_multiplas,PREEMPCAO,224,VE_ROTA_VE_CORREDOR_00,ambulancia,315.60,1.10,1,14.19,96.65
-1,treino_multiplas,PREEMPCAO,224,VE_ROTA_VE_TRANSVERSAL_01,policia,208.10,19.40,2,11.99,69.55
-1,treino_multiplas,PREEMPCAO,224,VE_ROTA_VE_CORREDOR_01,bombeiro,269.40,0.00,0,16.61,50.43
-1,treino_multiplas,PREEMPCAO,224,VE_ROTA_VE_TRANSVERSAL_02,ambulancia,174.40,0.00,0,14.30,35.85
-1,treino_multiplas,PREEMPCAO,224,VE_ROTA_VE_CORREDOR_02,policia,300.90,0.00,0,14.88,81.87
-1,treino_multiplas,PREEMPCAO,224,VE_ROTA_VE_TRANSVERSAL_03,bombeiro,226.00,14.20,3,11.03,87.62
-1,treino_multiplas,PREEMPCAO,224,VE_ROTA_VE_CORREDOR_03,ambulancia,305.50,0.00,0,14.66,86.54
-1,treino_multiplas,PREEMPCAO,224,VE_ROTA_VE_TRANSVERSAL_04,policia,201.10,16.80,1,12.40,62.58
-1,treino_multiplas,PREEMPCAO,224,VE_ROTA_VE_CORREDOR_04,bombeiro,284.00,0.00,0,15.76,65.11
-1,treino_multiplas,PREEMPCAO,224,VE_ROTA_VE_TRANSVERSAL_05,ambulancia,181.00,0.10,1,13.78,42.47
-1,treino_multiplas,PREEMPCAO,224,VE_ROTA_VE_CORREDOR_05,policia,255.90,0.00,0,17.50,36.87
-1,treino_multiplas,PREEMPCAO,224,VE_ROTA_VE_TRANSVERSAL_06,bombeiro,183.80,0.00,0,13.56,45.37
-1,treino_multiplas,PREEMPCAO,224,VE_ROTA_VE_CORREDOR_06,ambulancia,323.30,0.00,0,13.85,104.32
-1,treino_multiplas,PREEMPCAO,224,VE_ROTA_VE_TRANSVERSAL_07,policia,210.80,7.40,1,11.83,72.29
-1,treino_multiplas,PREEMPCAO,224,VE_ROTA_VE_CORREDOR_07,bombeiro,306.60,4.50,1,14.60,87.73
-1,treino_multiplas,PREEMPCAO,224,VE_ROTA_VE_TRANSVERSAL_08,ambulancia,194.30,0.00,0,12.83,55.79
-1,treino_multiplas,PREEMPCAO,224,VE_ROTA_VE_CORREDOR_08,policia,320.90,0.00,0,13.95,101.86
-1,treino_multiplas,PREEMPCAO,224,VE_ROTA_VE_TRANSVERSAL_09,bombeiro,221.10,5.30,2,11.27,82.68
-1,treino_multiplas,PREEMPCAO,224,VE_ROTA_VE_CORREDOR_09,ambulancia,305.80,0.00,0,14.64,86.81
-1,treino_multiplas,PREEMPCAO,224,VE_ROTA_VE_TRANSVERSAL_10,policia,227.20,26.80,1,10.98,88.65
-1,treino_multiplas,PREEMPCAO,224,VE_ROTA_VE_CORREDOR_10,bombeiro,294.50,2.60,1,15.20,75.63
-1,treino_multiplas,PREEMPCAO,225,VE_ROTA_VE_TRANSVERSAL_00,bombeiro,243.70,12.70,2,10.22,105.26
-1,treino_multiplas,PREEMPCAO,225,VE_ROTA_VE_CORREDOR_00,ambulancia,319.30,0.00,0,14.02,100.24
-1,treino_multiplas,PREEMPCAO,225,VE_ROTA_VE_TRANSVERSAL_01,policia,203.30,22.60,1,12.27,64.68
-1,treino_multiplas,PREEMPCAO,225,VE_ROTA_VE_CORREDOR_01,bombeiro,290.10,0.00,0,15.43,71.24
-1,treino_multiplas,PREEMPCAO,225,VE_ROTA_VE_TRANSVERSAL_02,ambulancia,171.90,0.00,0,14.51,33.38
-1,treino_multiplas,PREEMPCAO,225,VE_ROTA_VE_CORREDOR_02,policia,307.20,0.00,0,14.58,88.23
-1,treino_multiplas,PREEMPCAO,225,VE_ROTA_VE_TRANSVERSAL_03,bombeiro,220.40,15.00,2,11.31,81.98
-1,treino_multiplas,PREEMPCAO,225,VE_ROTA_VE_CORREDOR_03,ambulancia,299.70,4.20,1,14.94,80.73
-1,treino_multiplas,PREEMPCAO,225,VE_ROTA_VE_TRANSVERSAL_04,policia,222.50,11.80,2,11.21,83.88
-1,treino_multiplas,PREEMPCAO,225,VE_ROTA_VE_CORREDOR_04,bombeiro,285.20,0.00,0,15.69,66.31
-1,treino_multiplas,PREEMPCAO,225,VE_ROTA_VE_TRANSVERSAL_05,ambulancia,175.00,1.30,1,14.25,36.47
-1,treino_multiplas,PREEMPCAO,225,VE_ROTA_VE_CORREDOR_05,policia,318.40,0.00,0,14.06,99.38
-1,treino_multiplas,PREEMPCAO,225,VE_ROTA_VE_TRANSVERSAL_06,bombeiro,235.50,27.00,3,10.58,97.08
-1,treino_multiplas,PREEMPCAO,225,VE_ROTA_VE_CORREDOR_06,ambulancia,283.30,0.00,0,15.80,64.32
-1,treino_multiplas,PREEMPCAO,225,VE_ROTA_VE_TRANSVERSAL_07,policia,196.00,21.10,1,12.73,57.41
-1,treino_multiplas,PREEMPCAO,225,VE_ROTA_VE_CORREDOR_07,bombeiro,277.90,0.00,0,16.10,59.03
-1,treino_multiplas,PREEMPCAO,225,VE_ROTA_VE_TRANSVERSAL_08,ambulancia,165.60,0.00,0,15.06,27.04
-1,treino_multiplas,PREEMPCAO,225,VE_ROTA_VE_CORREDOR_08,policia,280.00,0.00,0,15.99,60.96
-1,treino_multiplas,PREEMPCAO,225,VE_ROTA_VE_TRANSVERSAL_09,bombeiro,210.40,0.90,1,11.84,71.98
-1,treino_multiplas,PREEMPCAO,225,VE_ROTA_VE_CORREDOR_09,ambulancia,285.50,0.00,0,15.68,66.49
-1,treino_multiplas,PREEMPCAO,225,VE_ROTA_VE_TRANSVERSAL_10,policia,215.20,0.00,0,11.59,76.64
-1,treino_multiplas,PREEMPCAO,226,VE_ROTA_VE_TRANSVERSAL_00,bombeiro,245.40,28.60,3,10.15,106.95
-1,treino_multiplas,PREEMPCAO,226,VE_ROTA_VE_CORREDOR_00,ambulancia,364.40,0.00,0,12.29,145.44
-1,treino_multiplas,PREEMPCAO,226,VE_ROTA_VE_TRANSVERSAL_01,policia,194.60,5.40,1,12.82,56.05
-1,treino_multiplas,PREEMPCAO,226,VE_ROTA_VE_CORREDOR_01,bombeiro,277.30,2.00,1,16.14,58.49
-1,treino_multiplas,PREEMPCAO,226,VE_ROTA_VE_TRANSVERSAL_02,ambulancia,173.30,0.00,0,14.39,34.75
-1,treino_multiplas,PREEMPCAO,226,VE_ROTA_VE_CORREDOR_02,policia,324.60,0.00,0,13.79,105.55
-1,treino_multiplas,PREEMPCAO,226,VE_ROTA_VE_TRANSVERSAL_03,bombeiro,220.80,24.10,3,11.28,82.36
-1,treino_multiplas,PREEMPCAO,226,VE_ROTA_VE_CORREDOR_03,ambulancia,299.50,0.00,0,14.95,80.42
-1,treino_multiplas,PREEMPCAO,226,VE_ROTA_VE_TRANSVERSAL_04,policia,201.50,5.40,1,12.38,62.94
-1,treino_multiplas,PREEMPCAO,226,VE_ROTA_VE_CORREDOR_04,bombeiro,289.20,0.00,0,15.47,70.33
-1,treino_multiplas,PREEMPCAO,226,VE_ROTA_VE_TRANSVERSAL_05,ambulancia,217.20,3.10,1,11.48,78.61
-1,treino_multiplas,PREEMPCAO,226,VE_ROTA_VE_CORREDOR_05,policia,349.30,5.00,1,12.82,130.22
-1,treino_multiplas,PREEMPCAO,226,VE_ROTA_VE_TRANSVERSAL_06,bombeiro,225.50,33.20,1,11.05,87.11
-1,treino_multiplas,PREEMPCAO,226,VE_ROTA_VE_CORREDOR_06,ambulancia,313.00,0.00,0,14.30,93.97
-1,treino_multiplas,PREEMPCAO,226,VE_ROTA_VE_TRANSVERSAL_07,policia,160.50,0.00,0,15.54,21.98
-1,treino_multiplas,PREEMPCAO,226,VE_ROTA_VE_CORREDOR_07,bombeiro,337.30,0.00,0,13.27,118.39
-1,treino_multiplas,PREEMPCAO,226,VE_ROTA_VE_TRANSVERSAL_08,ambulancia,190.40,0.00,0,13.10,51.90
-1,treino_multiplas,PREEMPCAO,226,VE_ROTA_VE_CORREDOR_08,policia,333.30,15.90,2,13.43,114.26
-1,treino_multiplas,PREEMPCAO,226,VE_ROTA_VE_TRANSVERSAL_09,bombeiro,214.60,13.10,3,11.61,76.19
-1,treino_multiplas,PREEMPCAO,226,VE_ROTA_VE_CORREDOR_09,ambulancia,305.20,0.00,0,14.67,86.23
-1,treino_multiplas,PREEMPCAO,226,VE_ROTA_VE_TRANSVERSAL_10,policia,193.40,22.30,2,12.90,54.80
-1,treino_multiplas,PREEMPCAO,226,VE_ROTA_VE_CORREDOR_10,bombeiro,287.80,0.00,0,15.55,68.90
-1,treino_multiplas,PREEMPCAO,227,VE_ROTA_VE_TRANSVERSAL_00,bombeiro,238.30,38.00,3,10.46,99.92
-1,treino_multiplas,PREEMPCAO,227,VE_ROTA_VE_CORREDOR_00,ambulancia,316.40,0.00,0,14.15,97.37
-1,treino_multiplas,PREEMPCAO,227,VE_ROTA_VE_TRANSVERSAL_01,policia,221.00,0.60,1,11.29,82.39
-1,treino_multiplas,PREEMPCAO,227,VE_ROTA_VE_CORREDOR_01,bombeiro,304.60,0.00,0,14.69,85.66
-1,treino_multiplas,PREEMPCAO,227,VE_ROTA_VE_TRANSVERSAL_02,ambulancia,202.60,0.00,0,12.31,64.05
-1,treino_multiplas,PREEMPCAO,227,VE_ROTA_VE_CORREDOR_02,policia,301.10,5.00,1,14.87,82.04
-1,treino_multiplas,PREEMPCAO,227,VE_ROTA_VE_TRANSVERSAL_03,bombeiro,193.60,16.40,2,12.87,55.26
-1,treino_multiplas,PREEMPCAO,227,VE_ROTA_VE_CORREDOR_03,ambulancia,312.30,0.00,0,14.34,93.30
-1,treino_multiplas,PREEMPCAO,227,VE_ROTA_VE_TRANSVERSAL_04,policia,230.20,26.90,1,10.83,91.69
-1,treino_multiplas,PREEMPCAO,227,VE_ROTA_VE_CORREDOR_04,bombeiro,296.10,1.10,1,15.11,77.20
-1,treino_multiplas,PREEMPCAO,227,VE_ROTA_VE_TRANSVERSAL_05,ambulancia,192.40,0.00,0,12.96,53.90
-1,treino_multiplas,PREEMPCAO,227,VE_ROTA_VE_CORREDOR_05,policia,310.80,27.00,2,14.41,91.84
-1,treino_multiplas,PREEMPCAO,227,VE_ROTA_VE_TRANSVERSAL_06,bombeiro,209.90,1.30,1,11.87,71.45
-1,treino_multiplas,PREEMPCAO,227,VE_ROTA_VE_CORREDOR_06,ambulancia,276.60,0.00,0,16.19,57.56
-1,treino_multiplas,PREEMPCAO,227,VE_ROTA_VE_TRANSVERSAL_07,policia,219.20,9.20,1,11.38,80.61
-1,treino_multiplas,PREEMPCAO,227,VE_ROTA_VE_CORREDOR_07,bombeiro,299.20,0.20,1,14.96,80.31
-1,treino_multiplas,PREEMPCAO,227,VE_ROTA_VE_TRANSVERSAL_08,ambulancia,182.10,0.00,0,13.69,43.60
-1,treino_multiplas,PREEMPCAO,227,VE_ROTA_VE_CORREDOR_08,policia,294.40,0.00,0,15.21,75.43
-1,treino_multiplas,PREEMPCAO,227,VE_ROTA_VE_TRANSVERSAL_09,bombeiro,206.00,2.30,1,12.10,67.61
-1,treino_multiplas,PREEMPCAO,227,VE_ROTA_VE_CORREDOR_09,ambulancia,283.00,0.00,0,15.82,63.92
-1,treino_multiplas,PREEMPCAO,227,VE_ROTA_VE_TRANSVERSAL_10,policia,186.10,0.00,0,13.40,47.57
-1,treino_multiplas,PREEMPCAO,227,VE_ROTA_VE_CORREDOR_10,bombeiro,261.40,0.00,0,17.12,42.55
-1,treino_multiplas,PREEMPCAO,228,VE_ROTA_VE_TRANSVERSAL_00,bombeiro,243.20,59.00,2,10.25,104.83
-1,treino_multiplas,PREEMPCAO,228,VE_ROTA_VE_CORREDOR_00,ambulancia,326.70,0.00,0,13.70,107.80
-1,treino_multiplas,PREEMPCAO,228,VE_ROTA_VE_TRANSVERSAL_01,policia,211.20,20.40,4,11.81,72.66
-1,treino_multiplas,PREEMPCAO,228,VE_ROTA_VE_CORREDOR_01,bombeiro,309.80,0.00,0,14.45,90.92
-1,treino_multiplas,PREEMPCAO,228,VE_ROTA_VE_TRANSVERSAL_02,ambulancia,191.40,0.40,1,13.03,52.87
-1,treino_multiplas,PREEMPCAO,228,VE_ROTA_VE_CORREDOR_02,policia,304.90,11.00,2,14.69,85.86
-1,treino_multiplas,PREEMPCAO,228,VE_ROTA_VE_TRANSVERSAL_03,bombeiro,179.60,25.50,3,13.87,41.24
-1,treino_multiplas,PREEMPCAO,228,VE_ROTA_VE_CORREDOR_03,ambulancia,299.90,0.00,0,14.93,80.98
-1,treino_multiplas,PREEMPCAO,228,VE_ROTA_VE_TRANSVERSAL_04,policia,202.60,24.90,1,12.31,64.08
-1,treino_multiplas,PREEMPCAO,228,VE_ROTA_VE_CORREDOR_04,bombeiro,304.10,0.00,0,14.72,85.24
-1,treino_multiplas,PREEMPCAO,228,VE_ROTA_VE_TRANSVERSAL_05,ambulancia,176.50,0.60,1,14.13,37.94
-1,treino_multiplas,PREEMPCAO,228,VE_ROTA_VE_CORREDOR_05,policia,327.70,15.90,1,13.66,108.68
-1,treino_multiplas,PREEMPCAO,228,VE_ROTA_VE_TRANSVERSAL_06,bombeiro,233.10,19.40,2,10.69,94.68
-1,treino_multiplas,PREEMPCAO,228,VE_ROTA_VE_CORREDOR_06,ambulancia,302.80,0.00,0,14.79,83.87
-1,treino_multiplas,PREEMPCAO,228,VE_ROTA_VE_TRANSVERSAL_07,policia,197.80,4.00,2,12.61,59.22
-1,treino_multiplas,PREEMPCAO,228,VE_ROTA_VE_CORREDOR_07,bombeiro,282.90,0.00,0,15.82,63.90
-1,treino_multiplas,PREEMPCAO,228,VE_ROTA_VE_TRANSVERSAL_08,ambulancia,182.00,0.00,0,13.70,43.53
-1,treino_multiplas,PREEMPCAO,228,VE_ROTA_VE_CORREDOR_08,policia,345.50,1.10,1,12.96,126.49
-1,treino_multiplas,PREEMPCAO,228,VE_ROTA_VE_TRANSVERSAL_09,bombeiro,190.40,6.40,1,13.09,52.04
-1,treino_multiplas,PREEMPCAO,228,VE_ROTA_VE_CORREDOR_09,ambulancia,264.70,0.00,0,16.91,45.71
-1,treino_multiplas,PREEMPCAO,228,VE_ROTA_VE_TRANSVERSAL_10,policia,211.80,37.50,2,11.78,73.19
-1,treino_multiplas,PREEMPCAO,228,VE_ROTA_VE_CORREDOR_10,bombeiro,291.80,2.30,1,15.34,72.88
-1,treino_multiplas,PREEMPCAO,229,VE_ROTA_VE_TRANSVERSAL_00,bombeiro,230.50,34.70,2,10.81,92.10
-1,treino_multiplas,PREEMPCAO,229,VE_ROTA_VE_CORREDOR_00,ambulancia,339.70,0.00,0,13.18,120.69
-1,treino_multiplas,PREEMPCAO,229,VE_ROTA_VE_TRANSVERSAL_01,policia,245.90,48.50,2,10.14,107.32
-1,treino_multiplas,PREEMPCAO,229,VE_ROTA_VE_CORREDOR_01,bombeiro,300.60,3.10,2,14.89,81.70
-1,treino_multiplas,PREEMPCAO,229,VE_ROTA_VE_TRANSVERSAL_02,ambulancia,195.50,6.50,2,12.76,56.93
-1,treino_multiplas,PREEMPCAO,229,VE_ROTA_VE_CORREDOR_02,policia,300.80,37.70,2,14.89,81.85
-1,treino_multiplas,PREEMPCAO,229,VE_ROTA_VE_TRANSVERSAL_03,bombeiro,239.30,13.70,3,10.41,100.92
-1,treino_multiplas,PREEMPCAO,229,VE_ROTA_VE_CORREDOR_03,ambulancia,309.50,0.00,0,14.47,90.56
-1,treino_multiplas,PREEMPCAO,229,VE_ROTA_VE_TRANSVERSAL_04,policia,215.30,18.00,1,11.58,76.79
-1,treino_multiplas,PREEMPCAO,229,VE_ROTA_VE_CORREDOR_04,bombeiro,300.00,0.00,0,14.92,81.06
-1,treino_multiplas,PREEMPCAO,229,VE_ROTA_VE_TRANSVERSAL_05,ambulancia,176.70,2.90,1,14.11,38.18
-1,treino_multiplas,PREEMPCAO,229,VE_ROTA_VE_CORREDOR_05,policia,287.50,18.10,2,15.57,68.52
-1,treino_multiplas,PREEMPCAO,229,VE_ROTA_VE_TRANSVERSAL_06,bombeiro,227.90,4.40,1,10.93,89.49
-1,treino_multiplas,PREEMPCAO,229,VE_ROTA_VE_CORREDOR_06,ambulancia,278.90,0.00,0,16.05,59.95
-1,treino_multiplas,PREEMPCAO,229,VE_ROTA_VE_TRANSVERSAL_07,policia,248.30,38.80,2,10.04,109.74
-1,treino_multiplas,PREEMPCAO,229,VE_ROTA_VE_CORREDOR_07,bombeiro,319.20,0.00,0,14.02,100.31
-1,treino_multiplas,PREEMPCAO,229,VE_ROTA_VE_TRANSVERSAL_08,ambulancia,221.10,3.50,1,11.28,82.54
-1,treino_multiplas,PREEMPCAO,229,VE_ROTA_VE_CORREDOR_08,policia,330.60,26.90,2,13.54,111.67
-1,treino_multiplas,PREEMPCAO,229,VE_ROTA_VE_TRANSVERSAL_09,bombeiro,206.00,2.20,1,12.10,67.61
-1,treino_multiplas,PREEMPCAO,229,VE_ROTA_VE_CORREDOR_09,ambulancia,288.00,0.00,0,15.55,68.97
-1,treino_multiplas,PREEMPCAO,229,VE_ROTA_VE_TRANSVERSAL_10,policia,199.10,10.90,1,12.53,60.57
-1,treino_multiplas,PREEMPCAO,229,VE_ROTA_VE_CORREDOR_10,bombeiro,282.10,0.20,1,15.86,63.23
-1,treino_multiplas,PREEMPCAO,230,VE_ROTA_VE_TRANSVERSAL_00,bombeiro,217.60,13.80,1,11.45,79.19
-1,treino_multiplas,PREEMPCAO,230,VE_ROTA_VE_CORREDOR_00,ambulancia,328.80,2.10,1,13.62,109.77
-1,treino_multiplas,PREEMPCAO,230,VE_ROTA_VE_TRANSVERSAL_01,policia,248.40,50.80,2,10.04,109.89
-1,treino_multiplas,PREEMPCAO,230,VE_ROTA_VE_CORREDOR_01,bombeiro,305.00,5.60,2,14.67,86.07
-1,treino_multiplas,PREEMPCAO,230,VE_ROTA_VE_TRANSVERSAL_02,ambulancia,186.70,0.00,0,13.36,48.20
-1,treino_multiplas,PREEMPCAO,230,VE_ROTA_VE_CORREDOR_02,policia,274.40,0.00,0,16.32,55.38
-1,treino_multiplas,PREEMPCAO,230,VE_ROTA_VE_TRANSVERSAL_03,bombeiro,198.50,34.60,2,12.55,60.11
-1,treino_multiplas,PREEMPCAO,230,VE_ROTA_VE_CORREDOR_03,ambulancia,309.90,0.00,0,14.45,90.89
-1,treino_multiplas,PREEMPCAO,230,VE_ROTA_VE_TRANSVERSAL_04,policia,226.10,28.90,2,11.03,87.54
-1,treino_multiplas,PREEMPCAO,230,VE_ROTA_VE_CORREDOR_04,bombeiro,296.40,0.00,0,15.10,77.46
-1,treino_multiplas,PREEMPCAO,230,VE_ROTA_VE_TRANSVERSAL_05,ambulancia,183.10,7.40,1,13.62,44.60
-1,treino_multiplas,PREEMPCAO,230,VE_ROTA_VE_CORREDOR_05,policia,304.70,4.70,3,14.70,85.57
-1,treino_multiplas,PREEMPCAO,230,VE_ROTA_VE_TRANSVERSAL_06,bombeiro,200.90,2.80,1,12.40,62.49
-1,treino_multiplas,PREEMPCAO,230,VE_ROTA_VE_CORREDOR_06,ambulancia,297.70,0.00,0,15.04,78.68
-1,treino_multiplas,PREEMPCAO,230,VE_ROTA_VE_TRANSVERSAL_07,policia,195.50,1.80,1,12.76,56.99
-1,treino_multiplas,PREEMPCAO,230,VE_ROTA_VE_CORREDOR_07,bombeiro,256.50,0.00,0,17.45,37.57
-1,treino_multiplas,PREEMPCAO,230,VE_ROTA_VE_TRANSVERSAL_08,ambulancia,174.10,5.40,1,14.32,35.57
-1,treino_multiplas,PREEMPCAO,230,VE_ROTA_VE_CORREDOR_08,policia,323.70,0.00,0,13.83,104.65
-1,treino_multiplas,PREEMPCAO,230,VE_ROTA_VE_TRANSVERSAL_09,bombeiro,206.20,24.30,3,12.08,67.76
-1,treino_multiplas,PREEMPCAO,230,VE_ROTA_VE_CORREDOR_09,ambulancia,301.80,0.00,0,14.84,82.77
-1,treino_multiplas,PREEMPCAO,230,VE_ROTA_VE_TRANSVERSAL_10,policia,187.50,23.20,1,13.30,48.93
-1,treino_multiplas,PREEMPCAO,231,VE_ROTA_VE_TRANSVERSAL_00,bombeiro,247.90,22.00,3,10.05,109.47
-1,treino_multiplas,PREEMPCAO,231,VE_ROTA_VE_CORREDOR_00,ambulancia,317.50,2.10,1,14.10,98.50
-1,treino_multiplas,PREEMPCAO,231,VE_ROTA_VE_TRANSVERSAL_01,policia,206.00,1.00,1,12.11,67.48
-1,treino_multiplas,PREEMPCAO,231,VE_ROTA_VE_CORREDOR_01,bombeiro,292.90,0.00,0,15.28,73.97
-1,treino_multiplas,PREEMPCAO,231,VE_ROTA_VE_TRANSVERSAL_02,ambulancia,165.20,0.00,0,15.09,26.65
-1,treino_multiplas,PREEMPCAO,231,VE_ROTA_VE_CORREDOR_02,policia,311.40,0.00,0,14.38,92.37
-1,treino_multiplas,PREEMPCAO,231,VE_ROTA_VE_TRANSVERSAL_03,bombeiro,221.50,41.00,3,11.25,83.09
-1,treino_multiplas,PREEMPCAO,231,VE_ROTA_VE_CORREDOR_03,ambulancia,279.90,0.00,0,16.00,60.93
-1,treino_multiplas,PREEMPCAO,231,VE_ROTA_VE_TRANSVERSAL_04,policia,242.70,8.70,1,10.28,104.10
-1,treino_multiplas,PREEMPCAO,231,VE_ROTA_VE_CORREDOR_04,bombeiro,351.60,0.00,0,12.73,132.66
-1,treino_multiplas,PREEMPCAO,231,VE_ROTA_VE_TRANSVERSAL_05,ambulancia,206.70,0.00,0,12.06,68.13
-1,treino_multiplas,PREEMPCAO,231,VE_ROTA_VE_CORREDOR_05,policia,327.60,0.00,0,13.67,108.60
-1,treino_multiplas,PREEMPCAO,231,VE_ROTA_VE_TRANSVERSAL_06,bombeiro,201.80,18.60,2,12.35,63.38
-1,treino_multiplas,PREEMPCAO,231,VE_ROTA_VE_CORREDOR_06,ambulancia,294.90,0.00,0,15.18,75.96
-1,treino_multiplas,PREEMPCAO,231,VE_ROTA_VE_TRANSVERSAL_07,policia,200.20,0.00,0,12.46,61.61
-1,treino_multiplas,PREEMPCAO,231,VE_ROTA_VE_CORREDOR_07,bombeiro,272.90,0.40,1,16.40,53.93
-1,treino_multiplas,PREEMPCAO,231,VE_ROTA_VE_TRANSVERSAL_08,ambulancia,167.20,0.00,0,14.91,28.72
-1,treino_multiplas,PREEMPCAO,231,VE_ROTA_VE_CORREDOR_08,policia,300.90,0.00,0,14.88,81.84
-1,treino_multiplas,PREEMPCAO,231,VE_ROTA_VE_TRANSVERSAL_09,bombeiro,190.60,3.40,1,13.07,52.24
-1,treino_multiplas,PREEMPCAO,231,VE_ROTA_VE_CORREDOR_09,ambulancia,298.30,0.00,0,15.01,79.33
-1,treino_multiplas,PREEMPCAO,231,VE_ROTA_VE_TRANSVERSAL_10,policia,241.10,27.40,2,10.34,102.51
-1,treino_multiplas,PREEMPCAO,232,VE_ROTA_VE_TRANSVERSAL_00,bombeiro,243.20,30.10,1,10.25,104.81
-1,treino_multiplas,PREEMPCAO,232,VE_ROTA_VE_CORREDOR_00,ambulancia,369.50,14.60,1,12.12,150.55
-1,treino_multiplas,PREEMPCAO,232,VE_ROTA_VE_TRANSVERSAL_01,policia,225.80,27.40,2,11.05,87.20
-1,treino_multiplas,PREEMPCAO,232,VE_ROTA_VE_CORREDOR_01,bombeiro,339.70,0.00,0,13.17,120.72
-1,treino_multiplas,PREEMPCAO,232,VE_ROTA_VE_TRANSVERSAL_02,ambulancia,169.50,0.00,0,14.71,30.94
-1,treino_multiplas,PREEMPCAO,232,VE_ROTA_VE_CORREDOR_02,policia,309.50,0.00,0,14.47,90.52
-1,treino_multiplas,PREEMPCAO,232,VE_ROTA_VE_TRANSVERSAL_03,bombeiro,235.00,10.00,2,10.60,96.59
-1,treino_multiplas,PREEMPCAO,232,VE_ROTA_VE_CORREDOR_03,ambulancia,339.80,0.00,0,13.18,120.75
-1,treino_multiplas,PREEMPCAO,232,VE_ROTA_VE_TRANSVERSAL_04,policia,195.60,28.90,3,12.75,57.06
-1,treino_multiplas,PREEMPCAO,232,VE_ROTA_VE_CORREDOR_04,bombeiro,299.80,0.00,0,14.93,80.88
-1,treino_multiplas,PREEMPCAO,232,VE_ROTA_VE_TRANSVERSAL_05,ambulancia,174.50,0.00,0,14.29,35.99
-1,treino_multiplas,PREEMPCAO,232,VE_ROTA_VE_CORREDOR_05,policia,329.10,0.00,0,13.61,110.03
-1,treino_multiplas,PREEMPCAO,232,VE_ROTA_VE_TRANSVERSAL_06,bombeiro,220.30,12.50,1,11.31,81.88
-1,treino_multiplas,PREEMPCAO,232,VE_ROTA_VE_CORREDOR_06,ambulancia,303.10,0.00,0,14.77,84.16
-1,treino_multiplas,PREEMPCAO,232,VE_ROTA_VE_TRANSVERSAL_07,policia,200.90,7.40,2,12.41,62.36
-1,treino_multiplas,PREEMPCAO,232,VE_ROTA_VE_CORREDOR_07,bombeiro,275.80,0.00,0,16.23,56.88
-1,treino_multiplas,PREEMPCAO,232,VE_ROTA_VE_TRANSVERSAL_08,ambulancia,166.20,0.00,0,15.00,27.66
-1,treino_multiplas,PREEMPCAO,232,VE_ROTA_VE_CORREDOR_08,policia,319.20,0.20,1,14.03,100.16
-1,treino_multiplas,PREEMPCAO,232,VE_ROTA_VE_TRANSVERSAL_09,bombeiro,226.90,18.60,2,10.98,88.55
-1,treino_multiplas,PREEMPCAO,232,VE_ROTA_VE_CORREDOR_09,ambulancia,306.00,5.10,1,14.63,87.03
-1,treino_multiplas,PREEMPCAO,232,VE_ROTA_VE_TRANSVERSAL_10,policia,207.70,11.10,1,12.01,69.11
-1,treino_multiplas,PREEMPCAO,232,VE_ROTA_VE_CORREDOR_10,bombeiro,284.40,0.00,0,15.74,65.49
-1,treino_multiplas,PREEMPCAO,233,VE_ROTA_VE_TRANSVERSAL_00,bombeiro,181.30,0.00,0,13.74,42.96
-1,treino_multiplas,PREEMPCAO,233,VE_ROTA_VE_CORREDOR_00,ambulancia,349.10,0.00,0,12.83,130.13
-1,treino_multiplas,PREEMPCAO,233,VE_ROTA_VE_TRANSVERSAL_01,policia,219.30,24.60,2,11.37,80.74
-1,treino_multiplas,PREEMPCAO,233,VE_ROTA_VE_CORREDOR_01,bombeiro,313.00,0.00,0,14.30,94.03
-1,treino_multiplas,PREEMPCAO,233,VE_ROTA_VE_TRANSVERSAL_02,ambulancia,182.10,2.10,1,13.69,43.52
-1,treino_multiplas,PREEMPCAO,233,VE_ROTA_VE_CORREDOR_02,policia,300.50,0.00,0,14.90,81.42
-1,treino_multiplas,PREEMPCAO,233,VE_ROTA_VE_TRANSVERSAL_03,bombeiro,213.00,0.00,0,11.70,74.63
-1,treino_multiplas,PREEMPCAO,233,VE_ROTA_VE_CORREDOR_03,ambulancia,285.60,0.00,0,15.68,66.57
-1,treino_multiplas,PREEMPCAO,233,VE_ROTA_VE_TRANSVERSAL_04,policia,231.10,3.40,2,10.79,92.55
-1,treino_multiplas,PREEMPCAO,233,VE_ROTA_VE_CORREDOR_04,bombeiro,307.20,0.80,1,14.57,88.28
-1,treino_multiplas,PREEMPCAO,233,VE_ROTA_VE_TRANSVERSAL_05,ambulancia,167.50,0.00,0,14.89,29.00
-1,treino_multiplas,PREEMPCAO,233,VE_ROTA_VE_CORREDOR_05,policia,291.10,7.20,2,15.38,72.07
-1,treino_multiplas,PREEMPCAO,233,VE_ROTA_VE_TRANSVERSAL_06,bombeiro,219.40,4.10,2,11.36,80.97
-1,treino_multiplas,PREEMPCAO,233,VE_ROTA_VE_CORREDOR_06,ambulancia,300.30,0.00,0,14.91,81.27
-1,treino_multiplas,PREEMPCAO,233,VE_ROTA_VE_TRANSVERSAL_07,policia,214.10,17.00,2,11.65,75.53
-1,treino_multiplas,PREEMPCAO,233,VE_ROTA_VE_CORREDOR_07,bombeiro,313.00,0.00,0,14.30,94.02
-1,treino_multiplas,PREEMPCAO,233,VE_ROTA_VE_TRANSVERSAL_08,ambulancia,213.50,22.50,1,11.68,74.94
-1,treino_multiplas,PREEMPCAO,233,VE_ROTA_VE_CORREDOR_08,policia,345.50,0.00,0,12.96,126.46
-1,treino_multiplas,PREEMPCAO,233,VE_ROTA_VE_TRANSVERSAL_09,bombeiro,212.50,6.50,2,11.73,74.13
-1,treino_multiplas,PREEMPCAO,233,VE_ROTA_VE_CORREDOR_09,ambulancia,327.50,0.00,0,13.67,108.47
-1,treino_multiplas,PREEMPCAO,233,VE_ROTA_VE_TRANSVERSAL_10,policia,219.90,7.60,1,11.34,81.39
-1,treino_multiplas,PREEMPCAO,234,VE_ROTA_VE_TRANSVERSAL_00,bombeiro,215.60,37.20,2,11.56,77.21
-1,treino_multiplas,PREEMPCAO,234,VE_ROTA_VE_CORREDOR_00,ambulancia,357.90,0.00,0,12.51,138.88
-1,treino_multiplas,PREEMPCAO,234,VE_ROTA_VE_TRANSVERSAL_01,policia,222.40,18.00,2,11.21,83.79
-1,treino_multiplas,PREEMPCAO,234,VE_ROTA_VE_CORREDOR_01,bombeiro,327.80,0.00,0,13.65,108.92
-1,treino_multiplas,PREEMPCAO,234,VE_ROTA_VE_TRANSVERSAL_02,ambulancia,187.10,0.00,0,13.33,48.62
-1,treino_multiplas,PREEMPCAO,234,VE_ROTA_VE_CORREDOR_02,policia,293.70,9.40,1,15.25,74.70
-1,treino_multiplas,PREEMPCAO,234,VE_ROTA_VE_TRANSVERSAL_03,bombeiro,174.60,0.20,1,14.27,36.17
-1,treino_multiplas,PREEMPCAO,234,VE_ROTA_VE_CORREDOR_03,ambulancia,260.60,0.00,0,17.18,41.58
-1,treino_multiplas,PREEMPCAO,234,VE_ROTA_VE_TRANSVERSAL_04,policia,210.60,2.50,1,11.84,72.06
-1,treino_multiplas,PREEMPCAO,234,VE_ROTA_VE_CORREDOR_04,bombeiro,297.70,0.00,0,15.03,78.86
-1,treino_multiplas,PREEMPCAO,234,VE_ROTA_VE_TRANSVERSAL_05,ambulancia,185.30,0.00,0,13.46,46.82
-1,treino_multiplas,PREEMPCAO,234,VE_ROTA_VE_CORREDOR_05,policia,317.90,3.70,1,14.09,98.98
-1,treino_multiplas,PREEMPCAO,234,VE_ROTA_VE_TRANSVERSAL_06,bombeiro,212.90,17.60,2,11.70,74.46
-1,treino_multiplas,PREEMPCAO,234,VE_ROTA_VE_CORREDOR_06,ambulancia,298.80,0.00,0,14.98,79.72
-1,treino_multiplas,PREEMPCAO,234,VE_ROTA_VE_TRANSVERSAL_07,policia,195.30,5.10,1,12.77,56.69
-1,treino_multiplas,PREEMPCAO,234,VE_ROTA_VE_CORREDOR_07,bombeiro,271.60,0.00,0,16.48,52.72
-1,treino_multiplas,PREEMPCAO,234,VE_ROTA_VE_TRANSVERSAL_08,ambulancia,185.90,0.40,1,13.41,47.36
-1,treino_multiplas,PREEMPCAO,234,VE_ROTA_VE_CORREDOR_08,policia,316.20,3.90,1,14.16,97.18
-1,treino_multiplas,PREEMPCAO,234,VE_ROTA_VE_TRANSVERSAL_09,bombeiro,189.60,22.30,3,13.14,51.24
-1,treino_multiplas,PREEMPCAO,234,VE_ROTA_VE_CORREDOR_09,ambulancia,311.80,0.00,0,14.36,92.78
-1,treino_multiplas,PREEMPCAO,234,VE_ROTA_VE_TRANSVERSAL_10,policia,193.10,7.20,2,12.92,54.54
-1,treino_multiplas,PREEMPCAO,235,VE_ROTA_VE_TRANSVERSAL_00,bombeiro,233.60,27.40,3,10.67,95.25
-1,treino_multiplas,PREEMPCAO,235,VE_ROTA_VE_CORREDOR_00,ambulancia,317.90,2.30,1,14.08,98.93
-1,treino_multiplas,PREEMPCAO,235,VE_ROTA_VE_TRANSVERSAL_01,policia,210.10,19.60,2,11.87,71.52
-1,treino_multiplas,PREEMPCAO,235,VE_ROTA_VE_CORREDOR_01,bombeiro,339.20,0.00,0,13.19,120.27
-1,treino_multiplas,PREEMPCAO,235,VE_ROTA_VE_TRANSVERSAL_02,ambulancia,159.00,0.00,0,15.68,20.48
-1,treino_multiplas,PREEMPCAO,235,VE_ROTA_VE_CORREDOR_02,policia,311.40,0.00,0,14.38,92.29
-1,treino_multiplas,PREEMPCAO,235,VE_ROTA_VE_TRANSVERSAL_03,bombeiro,191.40,1.50,1,13.02,53.01
-1,treino_multiplas,PREEMPCAO,235,VE_ROTA_VE_CORREDOR_03,ambulancia,292.00,2.70,1,15.33,72.97
-1,treino_multiplas,PREEMPCAO,235,VE_ROTA_VE_TRANSVERSAL_04,policia,234.30,0.00,0,10.65,95.71
-1,treino_multiplas,PREEMPCAO,235,VE_ROTA_VE_CORREDOR_04,bombeiro,290.70,4.20,1,15.39,71.81
-1,treino_multiplas,PREEMPCAO,235,VE_ROTA_VE_TRANSVERSAL_05,ambulancia,174.80,0.00,0,14.27,36.26
-1,treino_multiplas,PREEMPCAO,235,VE_ROTA_VE_CORREDOR_05,policia,322.10,0.00,0,13.90,103.06
-1,treino_multiplas,PREEMPCAO,235,VE_ROTA_VE_TRANSVERSAL_06,bombeiro,193.70,4.50,2,12.86,55.25
-1,treino_multiplas,PREEMPCAO,235,VE_ROTA_VE_CORREDOR_06,ambulancia,305.70,0.00,0,14.65,86.75
-1,treino_multiplas,PREEMPCAO,235,VE_ROTA_VE_TRANSVERSAL_07,policia,224.00,26.60,3,11.13,85.42
-1,treino_multiplas,PREEMPCAO,235,VE_ROTA_VE_CORREDOR_07,bombeiro,315.90,0.00,0,14.17,96.97
-1,treino_multiplas,PREEMPCAO,235,VE_ROTA_VE_TRANSVERSAL_08,ambulancia,169.00,0.00,0,14.76,30.46
-1,treino_multiplas,PREEMPCAO,235,VE_ROTA_VE_CORREDOR_08,policia,323.70,0.00,0,13.83,104.70
-1,treino_multiplas,PREEMPCAO,235,VE_ROTA_VE_TRANSVERSAL_09,bombeiro,206.40,12.10,2,12.07,67.98
-1,treino_multiplas,PREEMPCAO,235,VE_ROTA_VE_CORREDOR_09,ambulancia,284.40,0.00,0,15.74,65.38
-1,treino_multiplas,PREEMPCAO,235,VE_ROTA_VE_TRANSVERSAL_10,policia,218.50,3.00,1,11.41,79.93
-1,treino_multiplas,PREEMPCAO,236,VE_ROTA_VE_TRANSVERSAL_00,bombeiro,206.60,7.40,1,12.06,68.18
-1,treino_multiplas,PREEMPCAO,236,VE_ROTA_VE_CORREDOR_00,ambulancia,299.60,2.30,1,14.94,80.61
-1,treino_multiplas,PREEMPCAO,236,VE_ROTA_VE_TRANSVERSAL_01,policia,209.10,27.40,3,11.93,70.52
-1,treino_multiplas,PREEMPCAO,236,VE_ROTA_VE_CORREDOR_01,bombeiro,297.60,0.00,0,15.04,78.71
-1,treino_multiplas,PREEMPCAO,236,VE_ROTA_VE_TRANSVERSAL_02,ambulancia,209.60,0.00,0,11.90,71.04
-1,treino_multiplas,PREEMPCAO,236,VE_ROTA_VE_CORREDOR_02,policia,311.20,44.90,2,14.39,92.23
-1,treino_multiplas,PREEMPCAO,236,VE_ROTA_VE_TRANSVERSAL_03,bombeiro,226.40,17.40,3,11.01,87.99
-1,treino_multiplas,PREEMPCAO,236,VE_ROTA_VE_CORREDOR_03,ambulancia,309.90,0.00,0,14.45,90.93
-1,treino_multiplas,PREEMPCAO,236,VE_ROTA_VE_TRANSVERSAL_04,policia,217.70,43.90,3,11.46,79.08
-1,treino_multiplas,PREEMPCAO,236,VE_ROTA_VE_CORREDOR_04,bombeiro,323.90,0.00,0,13.82,104.99
-1,treino_multiplas,PREEMPCAO,236,VE_ROTA_VE_TRANSVERSAL_05,ambulancia,191.50,2.10,1,13.02,52.95
-1,treino_multiplas,PREEMPCAO,236,VE_ROTA_VE_CORREDOR_05,policia,354.90,21.30,2,12.62,135.84
-1,treino_multiplas,PREEMPCAO,236,VE_ROTA_VE_TRANSVERSAL_06,bombeiro,204.20,7.60,1,12.20,65.75
-1,treino_multiplas,PREEMPCAO,236,VE_ROTA_VE_CORREDOR_06,ambulancia,292.60,0.00,0,15.30,73.62
-1,treino_multiplas,PREEMPCAO,236,VE_ROTA_VE_TRANSVERSAL_07,policia,230.60,4.10,1,10.82,92.06
-1,treino_multiplas,PREEMPCAO,236,VE_ROTA_VE_CORREDOR_07,bombeiro,260.30,2.30,1,17.19,41.37
-1,treino_multiplas,PREEMPCAO,236,VE_ROTA_VE_TRANSVERSAL_08,ambulancia,201.40,0.20,1,12.38,62.89
-1,treino_multiplas,PREEMPCAO,236,VE_ROTA_VE_CORREDOR_08,policia,319.40,9.20,1,14.02,100.44
-1,treino_multiplas,PREEMPCAO,236,VE_ROTA_VE_TRANSVERSAL_09,bombeiro,174.10,26.90,1,14.31,35.71
-1,treino_multiplas,PREEMPCAO,236,VE_ROTA_VE_CORREDOR_09,ambulancia,294.60,0.00,0,15.20,75.62
-1,treino_multiplas,PREEMPCAO,236,VE_ROTA_VE_TRANSVERSAL_10,policia,198.80,2.20,2,12.55,60.25
-1,treino_multiplas,PREEMPCAO,236,VE_ROTA_VE_CORREDOR_10,bombeiro,259.60,1.60,2,17.24,40.69
-1,treino_multiplas,PREEMPCAO,237,VE_ROTA_VE_TRANSVERSAL_00,bombeiro,267.20,41.80,3,9.33,128.78
-1,treino_multiplas,PREEMPCAO,237,VE_ROTA_VE_CORREDOR_00,ambulancia,371.70,0.00,0,12.05,152.72
-1,treino_multiplas,PREEMPCAO,237,VE_ROTA_VE_TRANSVERSAL_01,policia,202.60,18.00,3,12.31,64.06
-1,treino_multiplas,PREEMPCAO,237,VE_ROTA_VE_CORREDOR_01,bombeiro,329.90,0.00,0,13.57,111.02
-1,treino_multiplas,PREEMPCAO,237,VE_ROTA_VE_TRANSVERSAL_02,ambulancia,209.30,5.70,1,11.91,70.76
-1,treino_multiplas,PREEMPCAO,237,VE_ROTA_VE_CORREDOR_02,policia,337.90,4.20,1,13.25,118.84
-1,treino_multiplas,PREEMPCAO,237,VE_ROTA_VE_TRANSVERSAL_03,bombeiro,235.70,22.70,2,10.57,97.33
-1,treino_multiplas,PREEMPCAO,237,VE_ROTA_VE_CORREDOR_03,ambulancia,315.00,0.00,0,14.21,95.97
-1,treino_multiplas,PREEMPCAO,237,VE_ROTA_VE_TRANSVERSAL_04,policia,211.40,35.50,2,11.80,72.82
-1,treino_multiplas,PREEMPCAO,237,VE_ROTA_VE_CORREDOR_04,bombeiro,291.60,0.00,0,15.35,72.71
-1,treino_multiplas,PREEMPCAO,237,VE_ROTA_VE_TRANSVERSAL_05,ambulancia,166.70,0.00,0,14.96,28.16
-1,treino_multiplas,PREEMPCAO,237,VE_ROTA_VE_CORREDOR_05,policia,333.80,3.40,1,13.41,114.78
-1,treino_multiplas,PREEMPCAO,237,VE_ROTA_VE_TRANSVERSAL_06,bombeiro,206.70,4.30,2,12.05,68.33
-1,treino_multiplas,PREEMPCAO,237,VE_ROTA_VE_CORREDOR_06,ambulancia,312.20,0.00,0,14.34,93.16
-1,treino_multiplas,PREEMPCAO,237,VE_ROTA_VE_TRANSVERSAL_07,policia,198.50,16.40,2,12.56,59.92
-1,treino_multiplas,PREEMPCAO,237,VE_ROTA_VE_CORREDOR_07,bombeiro,345.50,0.00,0,12.95,126.64
-1,treino_multiplas,PREEMPCAO,237,VE_ROTA_VE_TRANSVERSAL_08,ambulancia,173.50,1.20,1,14.37,34.94
-1,treino_multiplas,PREEMPCAO,237,VE_ROTA_VE_CORREDOR_08,policia,309.00,0.00,0,14.49,89.98
-1,treino_multiplas,PREEMPCAO,237,VE_ROTA_VE_TRANSVERSAL_09,bombeiro,231.40,9.50,2,10.77,93.04
-1,treino_multiplas,PREEMPCAO,237,VE_ROTA_VE_CORREDOR_09,ambulancia,297.60,0.00,0,15.04,78.64
-1,treino_multiplas,PREEMPCAO,237,VE_ROTA_VE_TRANSVERSAL_10,policia,203.60,30.20,1,12.25,65.09
-1,treino_multiplas,PREEMPCAO,238,VE_ROTA_VE_TRANSVERSAL_00,bombeiro,222.40,15.90,1,11.20,83.97
-1,treino_multiplas,PREEMPCAO,238,VE_ROTA_VE_CORREDOR_00,ambulancia,379.10,0.00,0,11.81,160.09
-1,treino_multiplas,PREEMPCAO,238,VE_ROTA_VE_TRANSVERSAL_01,policia,207.40,5.90,2,12.03,68.79
-1,treino_multiplas,PREEMPCAO,238,VE_ROTA_VE_CORREDOR_01,bombeiro,301.60,0.00,0,14.84,82.68
-1,treino_multiplas,PREEMPCAO,238,VE_ROTA_VE_TRANSVERSAL_02,ambulancia,200.50,9.30,1,12.44,61.92
-1,treino_multiplas,PREEMPCAO,238,VE_ROTA_VE_CORREDOR_02,policia,327.60,13.70,1,13.67,108.54
-1,treino_multiplas,PREEMPCAO,238,VE_ROTA_VE_TRANSVERSAL_03,bombeiro,199.40,3.80,1,12.50,61.00
-1,treino_multiplas,PREEMPCAO,238,VE_ROTA_VE_CORREDOR_03,ambulancia,301.80,1.50,1,14.84,82.82
-1,treino_multiplas,PREEMPCAO,238,VE_ROTA_VE_TRANSVERSAL_04,policia,208.00,0.00,0,11.99,69.44
-1,treino_multiplas,PREEMPCAO,238,VE_ROTA_VE_CORREDOR_04,bombeiro,307.80,1.70,1,14.54,88.91
-1,treino_multiplas,PREEMPCAO,238,VE_ROTA_VE_TRANSVERSAL_05,ambulancia,180.60,0.00,0,13.81,42.10
-1,treino_multiplas,PREEMPCAO,238,VE_ROTA_VE_CORREDOR_05,policia,315.30,0.00,0,14.20,96.22
-1,treino_multiplas,PREEMPCAO,238,VE_ROTA_VE_TRANSVERSAL_06,bombeiro,206.70,6.00,2,12.05,68.26
-1,treino_multiplas,PREEMPCAO,238,VE_ROTA_VE_CORREDOR_06,ambulancia,289.20,0.00,0,15.48,70.16
-1,treino_multiplas,PREEMPCAO,238,VE_ROTA_VE_TRANSVERSAL_07,policia,199.20,11.30,2,12.52,60.66
-1,treino_multiplas,PREEMPCAO,238,VE_ROTA_VE_CORREDOR_07,bombeiro,278.60,0.00,0,16.06,59.67
-1,treino_multiplas,PREEMPCAO,238,VE_ROTA_VE_TRANSVERSAL_08,ambulancia,165.80,0.00,0,15.04,27.31
-1,treino_multiplas,PREEMPCAO,238,VE_ROTA_VE_CORREDOR_08,policia,291.30,0.00,0,15.37,72.35
-1,treino_multiplas,PREEMPCAO,238,VE_ROTA_VE_TRANSVERSAL_09,bombeiro,190.90,0.00,0,13.05,52.50
-1,treino_multiplas,PREEMPCAO,238,VE_ROTA_VE_CORREDOR_09,ambulancia,284.30,0.00,0,15.75,65.29
-1,treino_multiplas,PREEMPCAO,238,VE_ROTA_VE_TRANSVERSAL_10,policia,184.10,0.70,1,13.55,45.54
-1,treino_multiplas,PREEMPCAO,238,VE_ROTA_VE_CORREDOR_10,bombeiro,260.10,0.00,0,17.21,41.22
-1,treino_multiplas,PREEMPCAO,239,VE_ROTA_VE_TRANSVERSAL_00,bombeiro,227.00,43.20,2,10.98,88.63
-1,treino_multiplas,PREEMPCAO,239,VE_ROTA_VE_CORREDOR_00,ambulancia,327.50,0.00,0,13.67,108.47
-1,treino_multiplas,PREEMPCAO,239,VE_ROTA_VE_TRANSVERSAL_01,policia,171.80,3.40,2,14.52,33.27
-1,treino_multiplas,PREEMPCAO,239,VE_ROTA_VE_CORREDOR_01,bombeiro,296.90,0.00,0,15.07,77.96
-1,treino_multiplas,PREEMPCAO,239,VE_ROTA_VE_TRANSVERSAL_02,ambulancia,198.70,1.50,1,12.55,60.21
-1,treino_multiplas,PREEMPCAO,239,VE_ROTA_VE_CORREDOR_02,policia,313.40,14.90,1,14.29,94.36
-1,treino_multiplas,PREEMPCAO,239,VE_ROTA_VE_TRANSVERSAL_03,bombeiro,189.40,6.00,2,13.16,51.02
-1,treino_multiplas,PREEMPCAO,239,VE_ROTA_VE_CORREDOR_03,ambulancia,298.40,0.00,0,15.00,79.42
-1,treino_multiplas,PREEMPCAO,239,VE_ROTA_VE_TRANSVERSAL_04,policia,219.10,18.90,3,11.38,80.50
-1,treino_multiplas,PREEMPCAO,239,VE_ROTA_VE_CORREDOR_04,bombeiro,319.40,0.00,0,14.01,100.47
-1,treino_multiplas,PREEMPCAO,239,VE_ROTA_VE_TRANSVERSAL_05,ambulancia,208.60,14.00,2,11.95,70.09
-1,treino_multiplas,PREEMPCAO,239,VE_ROTA_VE_CORREDOR_05,policia,319.10,24.80,2,14.03,100.11
-1,treino_multiplas,PREEMPCAO,239,VE_ROTA_VE_TRANSVERSAL_06,bombeiro,185.30,4.10,1,13.45,46.92
-1,treino_multiplas,PREEMPCAO,239,VE_ROTA_VE_CORREDOR_06,ambulancia,283.10,13.60,1,15.82,64.11
-1,treino_multiplas,PREEMPCAO,239,VE_ROTA_VE_TRANSVERSAL_07,policia,238.00,17.70,1,10.48,99.43
-1,treino_multiplas,PREEMPCAO,239,VE_ROTA_VE_CORREDOR_07,bombeiro,307.90,0.00,0,14.53,88.99
-1,treino_multiplas,PREEMPCAO,239,VE_ROTA_VE_TRANSVERSAL_08,ambulancia,215.30,1.20,1,11.58,76.79
-1,treino_multiplas,PREEMPCAO,239,VE_ROTA_VE_CORREDOR_08,policia,339.50,26.60,2,13.19,120.47
-1,treino_multiplas,PREEMPCAO,239,VE_ROTA_VE_TRANSVERSAL_09,bombeiro,211.80,19.70,1,11.76,73.43
-1,treino_multiplas,PREEMPCAO,239,VE_ROTA_VE_CORREDOR_09,ambulancia,292.70,0.00,0,15.30,73.68
-1,treino_multiplas,PREEMPCAO,239,VE_ROTA_VE_TRANSVERSAL_10,policia,212.20,12.40,3,11.75,73.64
-1,treino_multiplas,PREEMPCAO,240,VE_ROTA_VE_TRANSVERSAL_00,bombeiro,223.00,21.00,2,11.17,84.57
-1,treino_multiplas,PREEMPCAO,240,VE_ROTA_VE_CORREDOR_00,ambulancia,313.50,2.00,1,14.28,94.55
-1,treino_multiplas,PREEMPCAO,240,VE_ROTA_VE_TRANSVERSAL_01,policia,241.60,23.20,3,10.32,103.04
-1,treino_multiplas,PREEMPCAO,240,VE_ROTA_VE_CORREDOR_01,bombeiro,299.80,0.00,0,14.93,80.92
-1,treino_multiplas,PREEMPCAO,240,VE_ROTA_VE_TRANSVERSAL_02,ambulancia,194.40,0.00,0,12.83,55.90
-1,treino_multiplas,PREEMPCAO,240,VE_ROTA_VE_CORREDOR_02,policia,333.70,10.70,2,13.42,114.65
-1,treino_multiplas,PREEMPCAO,240,VE_ROTA_VE_TRANSVERSAL_03,bombeiro,231.80,24.90,2,10.75,93.43
-1,treino_multiplas,PREEMPCAO,240,VE_ROTA_VE_CORREDOR_03,ambulancia,321.50,0.00,0,13.93,102.49
-1,treino_multiplas,PREEMPCAO,240,VE_ROTA_VE_TRANSVERSAL_04,policia,211.70,4.70,2,11.78,73.09
-1,treino_multiplas,PREEMPCAO,240,VE_ROTA_VE_CORREDOR_04,bombeiro,292.20,0.00,0,15.32,73.38
-1,treino_multiplas,PREEMPCAO,240,VE_ROTA_VE_TRANSVERSAL_05,ambulancia,179.60,0.00,0,13.88,41.10
-1,treino_multiplas,PREEMPCAO,240,VE_ROTA_VE_CORREDOR_05,policia,312.20,0.00,0,14.34,93.17
-1,treino_multiplas,PREEMPCAO,240,VE_ROTA_VE_TRANSVERSAL_06,bombeiro,203.50,18.80,2,12.24,65.08
-1,treino_multiplas,PREEMPCAO,240,VE_ROTA_VE_CORREDOR_06,ambulancia,285.80,0.00,0,15.67,66.84
-1,treino_multiplas,PREEMPCAO,240,VE_ROTA_VE_TRANSVERSAL_07,policia,193.00,5.10,2,12.92,54.46
-1,treino_multiplas,PREEMPCAO,240,VE_ROTA_VE_CORREDOR_07,bombeiro,268.40,0.00,0,16.67,49.49
-1,treino_multiplas,PREEMPCAO,240,VE_ROTA_VE_TRANSVERSAL_08,ambulancia,185.70,0.00,0,13.43,47.21
-1,treino_multiplas,PREEMPCAO,240,VE_ROTA_VE_CORREDOR_08,policia,315.40,6.70,1,14.20,96.44
-1,treino_multiplas,PREEMPCAO,240,VE_ROTA_VE_TRANSVERSAL_09,bombeiro,210.40,0.00,0,11.84,72.02
-1,treino_multiplas,PREEMPCAO,240,VE_ROTA_VE_CORREDOR_09,ambulancia,285.20,0.00,0,15.70,66.18
-1,treino_multiplas,PREEMPCAO,240,VE_ROTA_VE_TRANSVERSAL_10,policia,208.00,23.50,1,11.99,69.42
-1,treino_multiplas,PREEMPCAO,240,VE_ROTA_VE_CORREDOR_10,bombeiro,296.50,5.00,1,15.09,77.67
-1,treino_multiplas,PREEMPCAO,241,VE_ROTA_VE_TRANSVERSAL_00,bombeiro,228.30,20.70,2,10.91,89.91
-1,treino_multiplas,PREEMPCAO,241,VE_ROTA_VE_CORREDOR_00,ambulancia,319.60,2.00,1,14.01,100.60
-1,treino_multiplas,PREEMPCAO,241,VE_ROTA_VE_TRANSVERSAL_01,policia,232.20,23.50,2,10.74,93.61
-1,treino_multiplas,PREEMPCAO,241,VE_ROTA_VE_CORREDOR_01,bombeiro,325.80,0.00,0,13.74,106.91
-1,treino_multiplas,PREEMPCAO,241,VE_ROTA_VE_TRANSVERSAL_02,ambulancia,197.50,0.00,0,12.63,59.01
-1,treino_multiplas,PREEMPCAO,241,VE_ROTA_VE_CORREDOR_02,policia,322.90,10.70,1,13.87,103.92
-1,treino_multiplas,PREEMPCAO,241,VE_ROTA_VE_TRANSVERSAL_03,bombeiro,203.40,5.30,1,12.25,65.01
-1,treino_multiplas,PREEMPCAO,241,VE_ROTA_VE_CORREDOR_03,ambulancia,260.30,0.00,0,17.20,41.33
-1,treino_multiplas,PREEMPCAO,241,VE_ROTA_VE_TRANSVERSAL_04,policia,210.00,20.10,2,11.88,71.43
-1,treino_multiplas,PREEMPCAO,241,VE_ROTA_VE_CORREDOR_04,bombeiro,316.20,2.80,1,14.15,97.33
-1,treino_multiplas,PREEMPCAO,241,VE_ROTA_VE_TRANSVERSAL_05,ambulancia,161.80,0.00,0,15.41,23.25
-1,treino_multiplas,PREEMPCAO,241,VE_ROTA_VE_CORREDOR_05,policia,311.20,2.60,1,14.39,92.10
-1,treino_multiplas,PREEMPCAO,241,VE_ROTA_VE_TRANSVERSAL_06,bombeiro,230.50,12.50,1,10.81,92.15
-1,treino_multiplas,PREEMPCAO,241,VE_ROTA_VE_CORREDOR_06,ambulancia,329.30,0.00,0,13.60,110.30
-1,treino_multiplas,PREEMPCAO,241,VE_ROTA_VE_TRANSVERSAL_07,policia,204.40,12.50,2,12.20,65.87
-1,treino_multiplas,PREEMPCAO,241,VE_ROTA_VE_CORREDOR_07,bombeiro,289.90,0.00,0,15.44,70.92
-1,treino_multiplas,PREEMPCAO,241,VE_ROTA_VE_TRANSVERSAL_08,ambulancia,175.60,4.80,1,14.20,37.06
-1,treino_multiplas,PREEMPCAO,241,VE_ROTA_VE_CORREDOR_08,policia,327.70,0.00,0,13.66,108.66
-1,treino_multiplas,PREEMPCAO,241,VE_ROTA_VE_TRANSVERSAL_09,bombeiro,214.10,8.40,2,11.64,75.73
-1,treino_multiplas,PREEMPCAO,241,VE_ROTA_VE_CORREDOR_09,ambulancia,292.00,0.00,0,15.33,72.97
-1,treino_multiplas,PREEMPCAO,241,VE_ROTA_VE_TRANSVERSAL_10,policia,218.80,3.90,1,11.40,80.27
-1,treino_multiplas,PREEMPCAO,241,VE_ROTA_VE_CORREDOR_10,bombeiro,281.40,4.40,2,15.90,62.42
-1,treino_multiplas,PREEMPCAO,242,VE_ROTA_VE_TRANSVERSAL_00,bombeiro,219.20,11.90,3,11.37,80.84
-1,treino_multiplas,PREEMPCAO,242,VE_ROTA_VE_CORREDOR_00,ambulancia,301.20,2.30,1,14.86,82.18
-1,treino_multiplas,PREEMPCAO,242,VE_ROTA_VE_TRANSVERSAL_01,policia,222.90,21.00,2,11.19,84.33
-1,treino_multiplas,PREEMPCAO,242,VE_ROTA_VE_CORREDOR_01,bombeiro,360.20,0.00,0,12.42,141.33
-1,treino_multiplas,PREEMPCAO,242,VE_ROTA_VE_TRANSVERSAL_02,ambulancia,183.40,1.50,1,13.60,44.87
-1,treino_multiplas,PREEMPCAO,242,VE_ROTA_VE_CORREDOR_02,policia,335.10,2.40,1,13.36,116.09
-1,treino_multiplas,PREEMPCAO,242,VE_ROTA_VE_TRANSVERSAL_03,bombeiro,213.10,21.60,3,11.69,74.74
-1,treino_multiplas,PREEMPCAO,242,VE_ROTA_VE_CORREDOR_03,ambulancia,282.10,0.00,0,15.87,63.12
-1,treino_multiplas,PREEMPCAO,242,VE_ROTA_VE_TRANSVERSAL_04,policia,212.40,12.50,2,11.74,73.86
-1,treino_multiplas,PREEMPCAO,242,VE_ROTA_VE_CORREDOR_04,bombeiro,311.90,0.00,0,14.35,92.98
-1,treino_multiplas,PREEMPCAO,242,VE_ROTA_VE_TRANSVERSAL_05,ambulancia,215.70,30.70,1,11.56,77.15
-1,treino_multiplas,PREEMPCAO,242,VE_ROTA_VE_CORREDOR_05,policia,316.90,0.00,0,14.13,97.87
-1,treino_multiplas,PREEMPCAO,242,VE_ROTA_VE_TRANSVERSAL_06,bombeiro,208.10,15.80,2,11.97,69.70
-1,treino_multiplas,PREEMPCAO,242,VE_ROTA_VE_CORREDOR_06,ambulancia,289.20,0.00,0,15.48,70.22
-1,treino_multiplas,PREEMPCAO,242,VE_ROTA_VE_TRANSVERSAL_07,policia,208.50,19.30,3,11.96,69.92
-1,treino_multiplas,PREEMPCAO,242,VE_ROTA_VE_CORREDOR_07,bombeiro,306.80,1.70,1,14.59,87.86
-1,treino_multiplas,PREEMPCAO,242,VE_ROTA_VE_TRANSVERSAL_08,ambulancia,191.00,0.00,0,13.06,52.50
-1,treino_multiplas,PREEMPCAO,242,VE_ROTA_VE_CORREDOR_08,policia,298.50,6.30,1,15.00,79.50
-1,treino_multiplas,PREEMPCAO,242,VE_ROTA_VE_TRANSVERSAL_09,bombeiro,208.00,6.90,1,11.98,69.61
-1,treino_multiplas,PREEMPCAO,242,VE_ROTA_VE_CORREDOR_09,ambulancia,293.00,0.00,0,15.28,73.91
-1,treino_multiplas,PREEMPCAO,242,VE_ROTA_VE_TRANSVERSAL_10,policia,210.50,15.00,1,11.85,71.97
-1,treino_multiplas,PREEMPCAO,243,VE_ROTA_VE_TRANSVERSAL_00,bombeiro,245.50,66.40,2,10.15,107.14
-1,treino_multiplas,PREEMPCAO,243,VE_ROTA_VE_CORREDOR_00,ambulancia,319.50,0.00,0,14.01,100.47
-1,treino_multiplas,PREEMPCAO,243,VE_ROTA_VE_TRANSVERSAL_01,policia,220.60,23.30,1,11.31,82.09
-1,treino_multiplas,PREEMPCAO,243,VE_ROTA_VE_CORREDOR_01,bombeiro,294.20,0.00,0,15.21,75.33
-1,treino_multiplas,PREEMPCAO,243,VE_ROTA_VE_TRANSVERSAL_02,ambulancia,198.80,5.40,1,12.54,60.27
-1,treino_multiplas,PREEMPCAO,243,VE_ROTA_VE_CORREDOR_02,policia,307.30,0.00,0,14.57,88.23
-1,treino_multiplas,PREEMPCAO,243,VE_ROTA_VE_TRANSVERSAL_03,bombeiro,227.20,21.60,2,10.97,88.79
-1,treino_multiplas,PREEMPCAO,243,VE_ROTA_VE_CORREDOR_03,ambulancia,307.00,0.00,0,14.58,88.06
-1,treino_multiplas,PREEMPCAO,243,VE_ROTA_VE_TRANSVERSAL_04,policia,216.00,43.60,2,11.55,77.39
-1,treino_multiplas,PREEMPCAO,243,VE_ROTA_VE_CORREDOR_04,bombeiro,275.90,0.00,0,16.22,57.03
-1,treino_multiplas,PREEMPCAO,243,VE_ROTA_VE_TRANSVERSAL_05,ambulancia,163.20,0.00,0,15.28,24.68
-1,treino_multiplas,PREEMPCAO,243,VE_ROTA_VE_CORREDOR_05,policia,309.00,9.00,3,14.49,89.97
-1,treino_multiplas,PREEMPCAO,243,VE_ROTA_VE_TRANSVERSAL_06,bombeiro,202.30,4.80,1,12.32,63.92
-1,treino_multiplas,PREEMPCAO,243,VE_ROTA_VE_CORREDOR_06,ambulancia,292.40,1.20,1,15.31,73.40
-1,treino_multiplas,PREEMPCAO,243,VE_ROTA_VE_TRANSVERSAL_07,policia,193.50,0.00,0,12.89,54.91
-1,treino_multiplas,PREEMPCAO,243,VE_ROTA_VE_CORREDOR_07,bombeiro,328.80,0.70,1,13.61,109.88
-1,treino_multiplas,PREEMPCAO,243,VE_ROTA_VE_TRANSVERSAL_08,ambulancia,164.70,0.00,0,15.14,26.22
-1,treino_multiplas,PREEMPCAO,243,VE_ROTA_VE_CORREDOR_08,policia,300.70,0.00,0,14.89,81.71
-1,treino_multiplas,PREEMPCAO,243,VE_ROTA_VE_TRANSVERSAL_09,bombeiro,176.70,4.80,1,14.10,38.33
-1,treino_multiplas,PREEMPCAO,243,VE_ROTA_VE_CORREDOR_09,ambulancia,278.40,0.00,0,16.08,59.44
-1,treino_multiplas,PREEMPCAO,243,VE_ROTA_VE_TRANSVERSAL_10,policia,242.90,38.00,3,10.27,104.29
-1,treino_multiplas,PREEMPCAO,244,VE_ROTA_VE_TRANSVERSAL_00,bombeiro,268.90,9.70,1,9.27,130.52
-1,treino_multiplas,PREEMPCAO,244,VE_ROTA_VE_CORREDOR_00,ambulancia,347.50,0.00,0,12.88,128.55
-1,treino_multiplas,PREEMPCAO,244,VE_ROTA_VE_TRANSVERSAL_01,policia,237.50,2.20,2,10.50,98.94
-1,treino_multiplas,PREEMPCAO,244,VE_ROTA_VE_CORREDOR_01,bombeiro,310.80,0.00,0,14.40,91.94
-1,treino_multiplas,PREEMPCAO,244,VE_ROTA_VE_TRANSVERSAL_02,ambulancia,198.90,0.00,0,12.54,60.37
-1,treino_multiplas,PREEMPCAO,244,VE_ROTA_VE_CORREDOR_02,policia,340.90,26.60,3,13.14,121.80
-1,treino_multiplas,PREEMPCAO,244,VE_ROTA_VE_TRANSVERSAL_03,bombeiro,228.80,10.60,1,10.89,90.44
-1,treino_multiplas,PREEMPCAO,244,VE_ROTA_VE_CORREDOR_03,ambulancia,304.00,0.00,0,14.73,84.98
-1,treino_multiplas,PREEMPCAO,244,VE_ROTA_VE_TRANSVERSAL_04,policia,215.10,12.40,3,11.60,76.53
-1,treino_multiplas,PREEMPCAO,244,VE_ROTA_VE_CORREDOR_04,bombeiro,325.50,2.40,1,13.75,106.64
-1,treino_multiplas,PREEMPCAO,244,VE_ROTA_VE_TRANSVERSAL_05,ambulancia,196.20,0.00,0,12.71,57.68
-1,treino_multiplas,PREEMPCAO,244,VE_ROTA_VE_CORREDOR_05,policia,322.30,0.00,0,13.89,103.31
-1,treino_multiplas,PREEMPCAO,244,VE_ROTA_VE_TRANSVERSAL_06,bombeiro,219.50,39.80,3,11.35,81.06
-1,treino_multiplas,PREEMPCAO,244,VE_ROTA_VE_CORREDOR_06,ambulancia,300.50,0.00,0,14.90,81.50
-1,treino_multiplas,PREEMPCAO,244,VE_ROTA_VE_TRANSVERSAL_07,policia,222.60,26.60,3,11.20,83.99
-1,treino_multiplas,PREEMPCAO,244,VE_ROTA_VE_CORREDOR_07,bombeiro,280.70,0.00,0,15.94,61.82
-1,treino_multiplas,PREEMPCAO,244,VE_ROTA_VE_TRANSVERSAL_08,ambulancia,202.30,0.00,0,12.33,63.74
-1,treino_multiplas,PREEMPCAO,244,VE_ROTA_VE_CORREDOR_08,policia,378.10,13.40,1,11.84,159.12
-1,treino_multiplas,PREEMPCAO,244,VE_ROTA_VE_TRANSVERSAL_09,bombeiro,209.30,6.00,2,11.90,70.94
-1,treino_multiplas,PREEMPCAO,244,VE_ROTA_VE_CORREDOR_09,ambulancia,275.80,0.00,0,16.23,56.79
-1,treino_multiplas,PREEMPCAO,244,VE_ROTA_VE_TRANSVERSAL_10,policia,192.70,5.50,1,12.94,54.15
-1,treino_multiplas,PREEMPCAO,244,VE_ROTA_VE_CORREDOR_10,bombeiro,292.80,0.90,1,15.28,73.91
-1,treino_multiplas,PREEMPCAO,245,VE_ROTA_VE_TRANSVERSAL_00,bombeiro,244.70,11.40,2,10.18,106.28
-1,treino_multiplas,PREEMPCAO,245,VE_ROTA_VE_CORREDOR_00,ambulancia,312.70,0.00,0,14.32,93.69
-1,treino_multiplas,PREEMPCAO,245,VE_ROTA_VE_TRANSVERSAL_01,policia,214.70,13.60,1,11.62,76.12
-1,treino_multiplas,PREEMPCAO,245,VE_ROTA_VE_CORREDOR_01,bombeiro,297.10,0.00,0,15.06,78.17
-1,treino_multiplas,PREEMPCAO,245,VE_ROTA_VE_TRANSVERSAL_02,ambulancia,222.10,7.50,2,11.23,83.61
-1,treino_multiplas,PREEMPCAO,245,VE_ROTA_VE_CORREDOR_02,policia,348.80,46.80,4,12.84,129.82
-1,treino_multiplas,PREEMPCAO,245,VE_ROTA_VE_TRANSVERSAL_03,bombeiro,218.10,0.00,0,11.42,79.68
-1,treino_multiplas,PREEMPCAO,245,VE_ROTA_VE_CORREDOR_03,ambulancia,322.80,0.00,0,13.87,103.78
-1,treino_multiplas,PREEMPCAO,245,VE_ROTA_VE_TRANSVERSAL_04,policia,205.40,1.00,1,12.14,66.81
-1,treino_multiplas,PREEMPCAO,245,VE_ROTA_VE_CORREDOR_04,bombeiro,284.00,0.00,0,15.76,65.01
-1,treino_multiplas,PREEMPCAO,245,VE_ROTA_VE_TRANSVERSAL_05,ambulancia,172.80,5.10,1,14.43,34.25
-1,treino_multiplas,PREEMPCAO,245,VE_ROTA_VE_CORREDOR_05,policia,312.60,0.00,0,14.32,93.59
-1,treino_multiplas,PREEMPCAO,245,VE_ROTA_VE_TRANSVERSAL_06,bombeiro,202.80,0.00,0,12.29,64.39
-1,treino_multiplas,PREEMPCAO,245,VE_ROTA_VE_CORREDOR_06,ambulancia,289.80,0.00,0,15.45,70.86
-1,treino_multiplas,PREEMPCAO,245,VE_ROTA_VE_TRANSVERSAL_07,policia,238.90,21.00,2,10.44,100.29
-1,treino_multiplas,PREEMPCAO,245,VE_ROTA_VE_CORREDOR_07,bombeiro,324.80,0.00,0,13.78,105.89
-1,treino_multiplas,PREEMPCAO,245,VE_ROTA_VE_TRANSVERSAL_08,ambulancia,193.00,0.00,0,12.92,54.51
-1,treino_multiplas,PREEMPCAO,245,VE_ROTA_VE_CORREDOR_08,policia,320.70,8.10,2,13.96,101.63
-1,treino_multiplas,PREEMPCAO,245,VE_ROTA_VE_TRANSVERSAL_09,bombeiro,204.30,29.60,1,12.20,65.88
-1,treino_multiplas,PREEMPCAO,245,VE_ROTA_VE_CORREDOR_09,ambulancia,297.60,0.00,0,15.04,78.63
-1,treino_multiplas,PREEMPCAO,245,VE_ROTA_VE_TRANSVERSAL_10,policia,215.30,12.90,3,11.58,76.68
-1,treino_multiplas,PREEMPCAO,246,VE_ROTA_VE_TRANSVERSAL_00,bombeiro,245.30,22.60,2,10.16,106.85
-1,treino_multiplas,PREEMPCAO,246,VE_ROTA_VE_CORREDOR_00,ambulancia,365.00,0.00,0,12.27,145.98
-1,treino_multiplas,PREEMPCAO,246,VE_ROTA_VE_TRANSVERSAL_01,policia,235.40,10.90,1,10.60,96.81
-1,treino_multiplas,PREEMPCAO,246,VE_ROTA_VE_CORREDOR_01,bombeiro,285.70,0.00,0,15.66,66.80
-1,treino_multiplas,PREEMPCAO,246,VE_ROTA_VE_TRANSVERSAL_02,ambulancia,170.10,0.20,1,14.66,31.61
-1,treino_multiplas,PREEMPCAO,246,VE_ROTA_VE_CORREDOR_02,policia,338.40,0.00,0,13.23,119.41
-1,treino_multiplas,PREEMPCAO,246,VE_ROTA_VE_TRANSVERSAL_03,bombeiro,221.30,17.60,2,11.26,82.96
-1,treino_multiplas,PREEMPCAO,246,VE_ROTA_VE_CORREDOR_03,ambulancia,313.40,0.00,0,14.29,94.42
-1,treino_multiplas,PREEMPCAO,246,VE_ROTA_VE_TRANSVERSAL_04,policia,215.60,16.40,3,11.57,77.05
-1,treino_multiplas,PREEMPCAO,246,VE_ROTA_VE_CORREDOR_04,bombeiro,290.40,0.00,0,15.41,71.50
-1,treino_multiplas,PREEMPCAO,246,VE_ROTA_VE_TRANSVERSAL_05,ambulancia,182.20,9.40,1,13.69,43.66
-1,treino_multiplas,PREEMPCAO,246,VE_ROTA_VE_CORREDOR_05,policia,314.80,0.70,1,14.22,95.76
-1,treino_multiplas,PREEMPCAO,246,VE_ROTA_VE_TRANSVERSAL_06,bombeiro,207.30,0.00,0,12.02,68.91
-1,treino_multiplas,PREEMPCAO,246,VE_ROTA_VE_CORREDOR_06,ambulancia,297.70,0.00,0,15.04,78.73
-1,treino_multiplas,PREEMPCAO,246,VE_ROTA_VE_TRANSVERSAL_07,policia,214.20,32.10,3,11.64,75.68
-1,treino_multiplas,PREEMPCAO,246,VE_ROTA_VE_CORREDOR_07,bombeiro,320.70,3.10,1,13.95,101.80
-1,treino_multiplas,PREEMPCAO,246,VE_ROTA_VE_TRANSVERSAL_08,ambulancia,177.20,0.00,0,14.07,38.71
-1,treino_multiplas,PREEMPCAO,246,VE_ROTA_VE_CORREDOR_08,policia,313.90,0.00,0,14.26,94.87
-1,treino_multiplas,PREEMPCAO,246,VE_ROTA_VE_TRANSVERSAL_09,bombeiro,217.30,25.00,2,11.47,78.91
-1,treino_multiplas,PREEMPCAO,246,VE_ROTA_VE_CORREDOR_09,ambulancia,283.50,0.00,0,15.79,64.45
-1,treino_multiplas,PREEMPCAO,246,VE_ROTA_VE_TRANSVERSAL_10,policia,233.30,7.30,2,10.69,94.72
-1,treino_multiplas,PREEMPCAO,246,VE_ROTA_VE_CORREDOR_10,bombeiro,270.50,3.80,1,16.54,51.65
-1,treino_multiplas,PREEMPCAO,247,VE_ROTA_VE_TRANSVERSAL_00,bombeiro,230.50,9.50,1,10.81,92.10
-1,treino_multiplas,PREEMPCAO,247,VE_ROTA_VE_CORREDOR_00,ambulancia,315.90,3.30,1,14.17,96.87
-1,treino_multiplas,PREEMPCAO,247,VE_ROTA_VE_TRANSVERSAL_01,policia,210.80,0.00,0,11.83,72.28
-1,treino_multiplas,PREEMPCAO,247,VE_ROTA_VE_CORREDOR_01,bombeiro,280.20,0.00,0,15.97,61.35
-1,treino_multiplas,PREEMPCAO,247,VE_ROTA_VE_TRANSVERSAL_02,ambulancia,188.60,2.30,1,13.22,50.06
-1,treino_multiplas,PREEMPCAO,247,VE_ROTA_VE_CORREDOR_02,policia,281.70,3.60,1,15.90,62.72
-1,treino_multiplas,PREEMPCAO,247,VE_ROTA_VE_TRANSVERSAL_03,bombeiro,213.50,8.90,2,11.67,75.11
-1,treino_multiplas,PREEMPCAO,247,VE_ROTA_VE_CORREDOR_03,ambulancia,268.60,0.00,0,16.67,49.64
-1,treino_multiplas,PREEMPCAO,247,VE_ROTA_VE_TRANSVERSAL_04,policia,208.70,9.40,1,11.95,70.16
-1,treino_multiplas,PREEMPCAO,247,VE_ROTA_VE_CORREDOR_04,bombeiro,303.10,0.00,0,14.76,84.16
-1,treino_multiplas,PREEMPCAO,247,VE_ROTA_VE_TRANSVERSAL_05,ambulancia,199.70,5.60,2,12.49,61.13
-1,treino_multiplas,PREEMPCAO,247,VE_ROTA_VE_CORREDOR_05,policia,335.10,5.40,3,13.36,116.08
-1,treino_multiplas,PREEMPCAO,247,VE_ROTA_VE_TRANSVERSAL_06,bombeiro,220.10,29.10,2,11.32,81.75
-1,treino_multiplas,PREEMPCAO,247,VE_ROTA_VE_CORREDOR_06,ambulancia,319.00,0.00,0,14.04,99.98
-1,treino_multiplas,PREEMPCAO,247,VE_ROTA_VE_TRANSVERSAL_07,policia,190.30,0.00,0,13.11,51.79
-1,treino_multiplas,PREEMPCAO,247,VE_ROTA_VE_CORREDOR_07,bombeiro,310.60,0.00,0,14.41,91.74
-1,treino_multiplas,PREEMPCAO,247,VE_ROTA_VE_TRANSVERSAL_08,ambulancia,181.90,0.00,0,13.71,43.38
-1,treino_multiplas,PREEMPCAO,247,VE_ROTA_VE_CORREDOR_08,policia,338.90,0.00,0,13.21,119.92
-1,treino_multiplas,PREEMPCAO,247,VE_ROTA_VE_TRANSVERSAL_09,bombeiro,202.80,22.50,2,12.29,64.35
-1,treino_multiplas,PREEMPCAO,247,VE_ROTA_VE_CORREDOR_09,ambulancia,288.10,0.00,0,15.54,69.15
-1,treino_multiplas,PREEMPCAO,247,VE_ROTA_VE_TRANSVERSAL_10,policia,228.00,29.90,3,10.94,89.46
-1,treino_multiplas,PREEMPCAO,248,VE_ROTA_VE_TRANSVERSAL_00,bombeiro,220.80,62.80,2,11.28,82.46
-1,treino_multiplas,PREEMPCAO,248,VE_ROTA_VE_CORREDOR_00,ambulancia,324.50,2.30,1,13.80,105.55
-1,treino_multiplas,PREEMPCAO,248,VE_ROTA_VE_TRANSVERSAL_01,policia,219.40,31.50,2,11.37,80.85
-1,treino_multiplas,PREEMPCAO,248,VE_ROTA_VE_CORREDOR_01,bombeiro,298.10,1.10,1,15.01,79.21
-1,treino_multiplas,PREEMPCAO,248,VE_ROTA_VE_TRANSVERSAL_02,ambulancia,194.60,0.00,0,12.81,56.12
-1,treino_multiplas,PREEMPCAO,248,VE_ROTA_VE_CORREDOR_02,policia,312.20,20.00,2,14.34,93.24
-1,treino_multiplas,PREEMPCAO,248,VE_ROTA_VE_TRANSVERSAL_03,bombeiro,193.70,4.50,2,12.86,55.36
-1,treino_multiplas,PREEMPCAO,248,VE_ROTA_VE_CORREDOR_03,ambulancia,272.30,0.00,0,16.44,53.33
-1,treino_multiplas,PREEMPCAO,248,VE_ROTA_VE_TRANSVERSAL_04,policia,242.40,42.70,2,10.29,103.85
-1,treino_multiplas,PREEMPCAO,248,VE_ROTA_VE_CORREDOR_04,bombeiro,329.60,2.40,1,13.58,110.73
-1,treino_multiplas,PREEMPCAO,248,VE_ROTA_VE_TRANSVERSAL_05,ambulancia,147.70,2.80,1,16.88,9.13
-1,treino_multiplas,PREEMPCAO,248,VE_ROTA_VE_CORREDOR_05,policia,318.70,0.00,0,14.05,99.67
-1,treino_multiplas,PREEMPCAO,248,VE_ROTA_VE_TRANSVERSAL_06,bombeiro,201.70,13.60,2,12.35,63.26
-1,treino_multiplas,PREEMPCAO,248,VE_ROTA_VE_CORREDOR_06,ambulancia,285.10,0.00,0,15.70,66.11
-1,treino_multiplas,PREEMPCAO,248,VE_ROTA_VE_TRANSVERSAL_07,policia,193.10,2.40,2,12.92,54.48
-1,treino_multiplas,PREEMPCAO,248,VE_ROTA_VE_CORREDOR_07,bombeiro,282.50,0.00,0,15.84,63.64
-1,treino_multiplas,PREEMPCAO,248,VE_ROTA_VE_TRANSVERSAL_08,ambulancia,186.60,0.00,0,13.36,48.04
-1,treino_multiplas,PREEMPCAO,248,VE_ROTA_VE_CORREDOR_08,policia,325.40,10.90,2,13.76,106.42
-1,treino_multiplas,PREEMPCAO,248,VE_ROTA_VE_TRANSVERSAL_09,bombeiro,199.00,27.00,2,12.52,60.61
-1,treino_multiplas,PREEMPCAO,248,VE_ROTA_VE_CORREDOR_09,ambulancia,281.90,0.00,0,15.88,62.90
-1,treino_multiplas,PREEMPCAO,248,VE_ROTA_VE_TRANSVERSAL_10,policia,242.60,34.80,2,10.28,104.04
-1,treino_multiplas,PREEMPCAO,249,VE_ROTA_VE_TRANSVERSAL_00,bombeiro,274.50,27.40,2,9.08,136.09
-1,treino_multiplas,PREEMPCAO,249,VE_ROTA_VE_CORREDOR_00,ambulancia,363.80,0.00,0,12.31,144.78
-1,treino_multiplas,PREEMPCAO,249,VE_ROTA_VE_TRANSVERSAL_01,policia,165.40,0.80,1,15.08,26.86
-1,treino_multiplas,PREEMPCAO,249,VE_ROTA_VE_CORREDOR_01,bombeiro,289.40,0.00,0,15.46,70.47
-1,treino_multiplas,PREEMPCAO,249,VE_ROTA_VE_TRANSVERSAL_02,ambulancia,200.70,0.00,0,12.42,62.18
-1,treino_multiplas,PREEMPCAO,249,VE_ROTA_VE_CORREDOR_02,policia,342.20,28.70,1,13.09,123.26
-1,treino_multiplas,PREEMPCAO,249,VE_ROTA_VE_TRANSVERSAL_03,bombeiro,189.10,10.60,2,13.18,50.70
-1,treino_multiplas,PREEMPCAO,249,VE_ROTA_VE_CORREDOR_03,ambulancia,304.00,9.00,2,14.73,85.00
-1,treino_multiplas,PREEMPCAO,249,VE_ROTA_VE_TRANSVERSAL_04,policia,206.70,6.30,2,12.07,68.08
-1,treino_multiplas,PREEMPCAO,249,VE_ROTA_VE_CORREDOR_04,bombeiro,293.70,0.00,0,15.24,74.73
-1,treino_multiplas,PREEMPCAO,249,VE_ROTA_VE_TRANSVERSAL_05,ambulancia,184.40,8.50,1,13.52,45.89
-1,treino_multiplas,PREEMPCAO,249,VE_ROTA_VE_CORREDOR_05,policia,306.30,18.70,1,14.62,87.31
-1,treino_multiplas,PREEMPCAO,249,VE_ROTA_VE_TRANSVERSAL_06,bombeiro,217.20,17.50,2,11.47,78.76
-1,treino_multiplas,PREEMPCAO,249,VE_ROTA_VE_CORREDOR_06,ambulancia,300.80,0.00,0,14.88,81.84
-1,treino_multiplas,PREEMPCAO,249,VE_ROTA_VE_TRANSVERSAL_07,policia,248.00,9.00,1,10.06,109.42
-1,treino_multiplas,PREEMPCAO,249,VE_ROTA_VE_CORREDOR_07,bombeiro,337.00,0.00,0,13.28,118.10
-1,treino_multiplas,PREEMPCAO,249,VE_ROTA_VE_TRANSVERSAL_08,ambulancia,154.80,0.00,0,16.11,16.24
-1,treino_multiplas,PREEMPCAO,249,VE_ROTA_VE_CORREDOR_08,policia,303.00,0.00,0,14.78,83.94
-1,treino_multiplas,PREEMPCAO,249,VE_ROTA_VE_TRANSVERSAL_09,bombeiro,205.50,7.80,2,12.12,67.08
-1,treino_multiplas,PREEMPCAO,249,VE_ROTA_VE_CORREDOR_09,ambulancia,301.50,0.00,0,14.85,82.55
-1,treino_multiplas,PREEMPCAO,249,VE_ROTA_VE_TRANSVERSAL_10,policia,209.30,13.30,2,11.92,70.78
-1,treino_multiplas,PREEMPCAO,250,VE_ROTA_VE_TRANSVERSAL_00,bombeiro,224.00,40.40,3,11.12,85.61
-1,treino_multiplas,PREEMPCAO,250,VE_ROTA_VE_CORREDOR_00,ambulancia,332.60,0.00,0,13.46,113.66
-1,treino_multiplas,PREEMPCAO,250,VE_ROTA_VE_TRANSVERSAL_01,policia,217.90,21.60,2,11.45,79.30
-1,treino_multiplas,PREEMPCAO,250,VE_ROTA_VE_CORREDOR_01,bombeiro,296.80,0.00,0,15.08,77.84
-1,treino_multiplas,PREEMPCAO,250,VE_ROTA_VE_TRANSVERSAL_02,ambulancia,181.50,0.00,0,13.74,42.98
-1,treino_multiplas,PREEMPCAO,250,VE_ROTA_VE_CORREDOR_02,policia,323.90,33.60,2,13.82,104.86
-1,treino_multiplas,PREEMPCAO,250,VE_ROTA_VE_TRANSVERSAL_03,bombeiro,220.40,31.50,3,11.31,82.02
-1,treino_multiplas,PREEMPCAO,250,VE_ROTA_VE_CORREDOR_03,ambulancia,348.50,0.00,0,12.85,129.45
-1,treino_multiplas,PREEMPCAO,250,VE_ROTA_VE_TRANSVERSAL_04,policia,211.50,5.30,1,11.79,72.92
-1,treino_multiplas,PREEMPCAO,250,VE_ROTA_VE_CORREDOR_04,bombeiro,315.90,0.00,0,14.17,97.04
-1,treino_multiplas,PREEMPCAO,250,VE_ROTA_VE_TRANSVERSAL_05,ambulancia,193.60,1.40,1,12.88,55.09
-1,treino_multiplas,PREEMPCAO,250,VE_ROTA_VE_CORREDOR_05,policia,296.60,6.40,3,15.10,77.65
-1,treino_multiplas,PREEMPCAO,250,VE_ROTA_VE_TRANSVERSAL_06,bombeiro,232.50,16.50,2,10.72,94.08
-1,treino_multiplas,PREEMPCAO,250,VE_ROTA_VE_CORREDOR_06,ambulancia,288.30,0.00,0,15.53,69.21
-1,treino_multiplas,PREEMPCAO,250,VE_ROTA_VE_TRANSVERSAL_07,policia,259.90,0.00,0,9.60,121.30
-1,treino_multiplas,PREEMPCAO,250,VE_ROTA_VE_CORREDOR_07,bombeiro,271.40,2.50,1,16.49,52.50
-1,treino_multiplas,PREEMPCAO,250,VE_ROTA_VE_TRANSVERSAL_08,ambulancia,161.30,1.00,1,15.46,22.77
-1,treino_multiplas,PREEMPCAO,250,VE_ROTA_VE_CORREDOR_08,policia,281.80,4.20,1,15.89,62.79
-1,treino_multiplas,PREEMPCAO,250,VE_ROTA_VE_TRANSVERSAL_09,bombeiro,226.00,9.40,1,11.03,87.62
-1,treino_multiplas,PREEMPCAO,250,VE_ROTA_VE_CORREDOR_09,ambulancia,304.10,0.00,0,14.72,85.06
-1,treino_multiplas,PREEMPCAO,250,VE_ROTA_VE_TRANSVERSAL_10,policia,208.60,2.40,1,11.96,70.02
