sessao,t,direcao,linha,bytes_em_espera,versao_codigo
2026-10-07T17:44:10.212497+00:00,2026-10-07T17:44:11.941043+00:00,UNO,"EV,0,BOOT",6,71a8b96
2026-10-07T17:44:10.212497+00:00,2026-10-07T17:44:11.950205+00:00,UNO,"ST,0,RRRR,C,0,0,000",2,71a8b96
2026-10-07T17:44:10.212497+00:00,2026-10-07T17:44:12.110743+00:00,PONTE,"AUT,AMBULANCIA,1",0,71a8b96
2026-10-07T17:44:10.212497+00:00,2026-10-07T17:44:12.111895+00:00,PONTE,"AUT,BOMBEIRO,1",0,71a8b96
2026-10-07T17:44:10.212497+00:00,2026-10-07T17:44:12.112674+00:00,PONTE,"AUT,POLICIA,0",0,71a8b96
2026-10-07T17:44:10.212497+00:00,2026-10-07T17:44:13.067097+00:00,UNO,"ST,1125,GGRR,C,0,0,000",6,71a8b96
2026-10-07T17:44:10.212497+00:00,2026-10-07T17:44:13.091770+00:00,UNO,"ST,1125,GGRR,C,0,0,100",3,71a8b96
2026-10-07T17:44:10.212497+00:00,2026-10-07T17:44:13.111447+00:00,UNO,"ST,1125,GGRR,C,0,0,110",0,71a8b96
2026-10-07T17:44:10.212497+00:00,2026-10-07T17:44:13.441499+00:00,UNO,"ST,1500,GGRR,C,0,0,110",6,71a8b96
2026-10-07T17:44:10.212497+00:00,2026-10-07T17:44:13.942205+00:00,UNO,"ST,2000,GGRR,C,0,0,110",6,71a8b96
2026-10-07T17:44:10.212497+00:00,2026-10-07T17:44:14.442302+00:00,UNO,"ST,2500,GGRR,C,0,0,110",6,71a8b96
2026-10-07T17:44:10.212497+00:00,2026-10-07T17:44:14.942338+00:00,UNO,"ST,3000,GGRR,C,0,0,110",6,71a8b96
2026-10-07T17:44:10.212497+00:00,2026-10-07T17:44:15.441743+00:00,UNO,"ST,3500,GGRR,C,0,0,110",6,71a8b96
2026-10-07T17:44:10.212497+00:00,2026-10-07T17:44:15.942806+00:00,UNO,"ST,4000,GGRR,C,0,0,110",6,71a8b96
2026-10-07T17:44:10.212497+00:00,2026-10-07T17:44:16.067819+00:00,UNO,"ST,4125,YYRR,C,0,0,110",6,71a8b96
2026-10-07T17:44:10.212497+00:00,2026-10-07T17:44:16.442511+00:00,UNO,"ST,4500,YYRR,C,0,0,110",6,71a8b96
2026-10-07T17:44:10.212497+00:00,2026-10-07T17:44:16.942564+00:00,UNO,"ST,5000,YYRR,C,0,0,110",6,71a8b96
2026-10-07T17:44:10.212497+00:00,2026-10-07T17:44:17.443616+00:00,UNO,"ST,5500,YYRR,C,0,0,110",6,71a8b96
2026-10-07T17:44:10.212497+00:00,2026-10-07T17:44:17.943036+00:00,UNO,"ST,6000,YYRR,C,0,0,110",6,71a8b96
2026-10-07T17:44:10.212497+00:00,2026-10-07T17:44:18.068056+00:00,UNO,"ST,6125,RRRR,C,0,0,110",6,71a8b96
2026-10-07T17:44:10.212497+00:00,2026-10-07T17:44:18.443078+00:00,UNO,"ST,6500,RRRR,C,0,0,110",6,71a8b96
2026-10-07T17:44:10.212497+00:00,2026-10-07T17:44:18.942811+00:00,UNO,"ST,7000,RRRR,C,0,0,110",6,71a8b96
2026-10-07T17:44:10.212497+00:00,2026-10-07T17:44:19.068812+00:00,UNO,"ST,7126,RRGG,C,0,0,110",6,71a8b96
2026-10-07T17:44:10.212497+00:00,2026-10-07T17:44:19.443868+00:00,UNO,"ST,7500,RRGG,C,0,0,110",6,71a8b96
2026-10-07T17:44:10.212497+00:00,2026-10-07T17:44:19.943974+00:00,UNO,"ST,8000,RRGG,C,0,0,110",6,71a8b96
2026-10-07T17:44:10.212497+00:00,2026-10-07T17:44:20.443313+00:00,UNO,"ST,8500,RRGG,C,0,0,110",6,71a8b96
2026-10-07T17:44:10.212497+00:00,2026-10-07T17:44:20.944371+00:00,UNO,"ST,9000,RRGG,C,0,0,110",6,71a8b96
2026-10-07T17:44:10.212497+00:00,2026-10-07T17:44:21.444084+00:00,UNO,"ST,9500,RRGG,C,0,0,110",6,71a8b96
2026-10-07T17:44:10.212497+00:00,2026-10-07T17:44:21.944152+00:00,UNO,"ST,10000,RRGG,C,0,0,110",6,71a8b96
2026-10-07T17:44:10.212497+00:00,2026-10-07T17:44:22.070179+00:00,UNO,"ST,10126,RRYY,C,0,0,110",6,71a8b96
2026-10-07T17:44:10.212497+00:00,2026-10-07T17:44:22.444204+00:00,UNO,"ST,10500,RRYY,C,0,0,110",6,71a8b96
2026-10-07T17:44:10.212497+00:00,2026-10-07T17:44:22.944601+00:00,UNO,"ST,11000,RRYY,C,0,0,110",6,71a8b96
2026-10-07T17:44:10.212497+00:00,2026-10-07T17:44:23.444668+00:00,UNO,"ST,11500,RRYY,C,0,0,110",6,71a8b96
2026-10-07T17:44:10.212497+00:00,2026-10-07T17:44:23.944372+00:00,UNO,"ST,12000,RRYY,C,0,0,110",6,71a8b96
2026-10-07T17:44:10.212497+00:00,2026-10-07T17:44:24.070406+00:00,UNO,"ST,12126,RRRR,C,0,0,110",6,71a8b96
2026-10-07T17:44:10.212497+00:00,2026-10-07T17:44:24.445447+00:00,UNO,"ST,12500,RRRR,C,0,0,110",6,71a8b96
2026-10-07T17:44:10.212497+00:00,2026-10-07T17:44:24.945516+00:00,UNO,"ST,13000,RRRR,C,0,0,110",6,71a8b96
2026-10-07T17:44:10.212497+00:00,2026-10-07T17:44:25.071510+00:00,UNO,"ST,13126,GGRR,C,0,0,110",6,71a8b96
2026-10-07T17:44:10.212497+00:00,2026-10-07T17:44:25.444892+00:00,UNO,"ST,13500,GGRR,C,0,0,110",6,71a8b96
2026-10-07T17:44:10.212497+00:00,2026-10-07T17:44:25.944952+00:00,UNO,"ST,14000,GGRR,C,0,0,110",6,71a8b96
2026-10-07T17:44:10.212497+00:00,2026-10-07T17:44:26.445682+00:00,UNO,"ST,14500,GGRR,C,0,0,110",6,71a8b96
2026-10-07T17:44:10.212497+00:00,2026-10-07T17:44:26.945718+00:00,UNO,"ST,15000,GGRR,C,0,0,110",6,71a8b96
2026-10-07T17:44:10.212497+00:00,2026-10-07T17:44:27.445780+00:00,UNO,"ST,15500,GGRR,C,0,0,110",6,71a8b96
2026-10-07T17:44:10.212497+00:00,2026-10-07T17:44:27.945186+00:00,UNO,"ST,16000,GGRR,C,0,0,110",6,71a8b96
2026-10-07T17:44:10.212497+00:00,2026-10-07T17:44:28.072203+00:00,UNO,"ST,16126,YYRR,C,0,0,110",6,71a8b96
2026-10-07T17:44:10.212497+00:00,2026-10-07T17:44:28.445890+00:00,UNO,"ST,16500,YYRR,C,0,0,110",6,71a8b96
2026-10-07T17:44:10.212497+00:00,2026-10-07T17:44:28.945952+00:00,UNO,"ST,17000,YYRR,C,0,0,110",6,71a8b96
2026-10-07T17:44:10.212497+00:00,2026-10-07T17:44:29.446037+00:00,UNO,"ST,17500,YYRR,C,0,0,110",6,71a8b96
2026-10-07T17:44:10.212497+00:00,2026-10-07T17:44:29.947074+00:00,UNO,"ST,18000,YYRR,C,0,0,110",6,71a8b96
2026-10-07T17:44:10.212497+00:00,2026-10-07T17:44:30.072435+00:00,UNO,"ST,18126,RRRR,C,0,0,110",6,71a8b96
2026-10-07T17:44:10.212497+00:00,2026-10-07T17:44:30.446471+00:00,UNO,"ST,18500,RRRR,C,0,0,110",6,71a8b96
2026-10-07T17:44:10.212497+00:00,2026-10-07T17:44:30.946210+00:00,UNO,"ST,19000,RRRR,C,0,0,110",6,71a8b96
2026-10-07T17:44:10.212497+00:00,2026-10-07T17:44:31.072578+00:00,UNO,"ST,19126,RRGG,C,0,0,110",6,71a8b96
2026-10-07T17:44:10.212497+00:00,2026-10-07T17:44:31.446286+00:00,UNO,"ST,19500,RRGG,C,0,0,110",6,71a8b96
2026-10-07T17:44:10.212497+00:00,2026-10-07T17:44:31.947330+00:00,UNO,"ST,20000,RRGG,C,0,0,110",6,71a8b96
2026-10-07T17:44:10.212497+00:00,2026-10-07T17:44:32.447390+00:00,UNO,"ST,20500,RRGG,C,0,0,110",6,71a8b96
2026-10-07T17:44:10.212497+00:00,2026-10-07T17:44:32.946789+00:00,UNO,"ST,21000,RRGG,C,0,0,110",6,71a8b96
2026-10-07T17:44:10.212497+00:00,2026-10-07T17:44:33.447496+00:00,UNO,"ST,21500,RRGG,C,0,0,110",6,71a8b96
2026-10-07T17:44:10.212497+00:00,2026-10-07T17:44:33.947554+00:00,UNO,"ST,22000,RRGG,C,0,0,110",6,71a8b96
2026-10-07T17:44:10.212497+00:00,2026-10-07T17:44:34.073629+00:00,UNO,"ST,22126,RRYY,C,0,0,110",6,71a8b96
2026-10-07T17:44:10.212497+00:00,2026-10-07T17:44:34.447598+00:00,UNO,"ST,22500,RRYY,C,0,0,110",6,71a8b96
2026-10-07T17:44:10.212497+00:00,2026-10-07T17:44:34.947022+00:00,UNO,"ST,23000,RRYY,C,0,0,110",6,71a8b96
2026-10-07T17:44:10.212497+00:00,2026-10-07T17:44:35.448125+00:00,UNO,"ST,23500,RRYY,C,0,0,110",6,71a8b96
2026-10-07T17:44:10.212497+00:00,2026-10-07T17:44:35.947775+00:00,UNO,"ST,24000,RRYY,C,0,0,110",6,71a8b96
2026-10-07T17:44:10.212497+00:00,2026-10-07T17:44:36.073784+00:00,UNO,"ST,24126,RRRR,C,0,0,110",6,71a8b96
2026-10-07T17:44:10.212497+00:00,2026-10-07T17:44:36.447829+00:00,UNO,"ST,24500,RRRR,C,0,0,110",6,71a8b96
2026-10-07T17:44:10.212497+00:00,2026-10-07T17:44:36.948912+00:00,UNO,"ST,25000,RRRR,C,0,0,110",6,71a8b96
2026-10-07T17:44:10.212497+00:00,2026-10-07T17:44:37.074889+00:00,UNO,"ST,25126,GGRR,C,0,0,110",6,71a8b96
2026-10-07T17:44:10.212497+00:00,2026-10-07T17:44:37.448951+00:00,UNO,"ST,25500,GGRR,C,0,0,110",6,71a8b96
2026-10-07T17:44:10.212497+00:00,2026-10-07T17:44:37.948350+00:00,UNO,"ST,26000,GGRR,C,0,0,110",6,71a8b96
2026-10-07T17:44:10.212497+00:00,2026-10-07T17:44:38.448081+00:00,UNO,"ST,26500,GGRR,C,0,0,110",6,71a8b96
2026-10-07T17:44:10.212497+00:00,2026-10-07T17:44:38.949121+00:00,UNO,"ST,27000,GGRR,C,0,0,110",6,71a8b96
2026-10-07T17:44:10.212497+00:00,2026-10-07T17:44:39.449196+00:00,UNO,"ST,27500,GGRR,C,0,0,110",6,71a8b96
2026-10-07T17:44:10.212497+00:00,2026-10-07T17:44:39.948602+00:00,UNO,"ST,28000,GGRR,C,0,0,110",6,71a8b96
2026-10-07T17:44:10.212497+00:00,2026-10-07T17:44:40.074612+00:00,UNO,"ST,28126,YYRR,C,0,0,110",6,71a8b96
2026-10-07T17:44:10.212497+00:00,2026-10-07T17:44:40.449291+00:00,UNO,"ST,28500,YYRR,C,0,0,110",6,71a8b96
2026-10-07T17:44:10.212497+00:00,2026-10-07T17:44:40.949377+00:00,UNO,"ST,29000,YYRR,C,0,0,110",6,71a8b96
2026-10-07T17:44:10.212497+00:00,2026-10-07T17:44:41.449438+00:00,UNO,"ST,29500,YYRR,C,0,0,110",6,71a8b96
2026-10-07T17:44:10.212497+00:00,2026-10-07T17:44:41.948837+00:00,UNO,"ST,30000,YYRR,C,0,0,110",6,71a8b96
2026-10-07T17:44:10.212497+00:00,2026-10-07T17:44:42.075489+00:00,UNO,"ST,30126,RRRR,C,0,0,110",6,71a8b96
2026-10-07T17:44:10.212497+00:00,2026-10-07T17:44:42.449882+00:00,UNO,"ST,30500,RRRR,C,0,0,110",6,71a8b96
2026-10-07T17:44:10.212497+00:00,2026-10-07T17:44:42.949615+00:00,UNO,"ST,31000,RRRR,C,0,0,110",6,71a8b96
2026-10-07T17:44:10.212497+00:00,2026-10-07T17:44:43.075952+00:00,UNO,"ST,31126,RRGG,C,0,0,110",6,71a8b96
2026-10-07T17:44:10.212497+00:00,2026-10-07T17:44:43.449663+00:00,UNO,"ST,31500,RRGG,C,0,0,110",6,71a8b96
2026-10-07T17:44:10.212497+00:00,2026-10-07T17:44:43.949708+00:00,UNO,"ST,32000,RRGG,C,0,0,110",6,71a8b96
2026-10-07T17:44:10.212497+00:00,2026-10-07T17:44:44.450777+00:00,UNO,"ST,32500,RRGG,C,0,0,110",6,71a8b96
2026-10-07T17:44:10.212497+00:00,2026-10-07T17:44:44.950170+00:00,UNO,"ST,33000,RRGG,C,0,0,110",6,71a8b96
2026-10-07T17:44:10.212497+00:00,2026-10-07T17:44:45.450239+00:00,UNO,"ST,33500,RRGG,C,0,0,110",6,71a8b96
2026-10-07T17:44:10.212497+00:00,2026-10-07T17:44:45.950956+00:00,UNO,"ST,34000,RRGG,C,0,0,110",6,71a8b96
2026-10-07T17:44:10.212497+00:00,2026-10-07T17:44:46.076973+00:00,UNO,"ST,34126,RRYY,C,0,0,110",6,71a8b96
2026-10-07T17:44:10.212497+00:00,2026-10-07T17:44:46.450992+00:00,UNO,"ST,34500,RRYY,C,0,0,110",6,71a8b96
2026-10-07T17:44:10.212497+00:00,2026-10-07T17:44:46.951156+00:00,UNO,"ST,35000,RRYY,C,0,0,110",6,71a8b96
2026-10-07T17:44:10.212497+00:00,2026-10-07T17:44:47.450466+00:00,UNO,"ST,35500,RRYY,C,0,0,110",6,71a8b96
2026-10-07T17:44:10.212497+00:00,2026-10-07T17:44:47.951192+00:00,UNO,"ST,36000,RRYY,C,0,0,110",6,71a8b96
2026-10-07T17:44:10.212497+00:00,2026-10-07T17:44:48.077201+00:00,UNO,"ST,36126,RRRR,C,0,0,110",6,71a8b96
2026-10-07T17:44:10.212497+00:00,2026-10-07T17:44:48.451231+00:00,UNO,"ST,36500,RRRR,C,0,0,110",6,71a8b96
2026-10-07T17:44:10.212497+00:00,2026-10-07T17:44:48.951302+00:00,UNO,"ST,37000,RRRR,C,0,0,110",6,71a8b96
2026-10-07T17:44:10.212497+00:00,2026-10-07T17:44:49.077310+00:00,UNO,"ST,37126,GGRR,C,0,0,110",6,71a8b96
2026-10-07T17:44:10.212497+00:00,2026-10-07T17:44:49.452350+00:00,UNO,"ST,37500,GGRR,C,0,0,110",6,71a8b96
2026-10-07T17:44:10.212497+00:00,2026-10-07T17:44:49.951769+00:00,UNO,"ST,38000,GGRR,C,0,0,110",6,71a8b96
2026-10-07T17:44:10.212497+00:00,2026-10-07T17:44:50.451466+00:00,UNO,"ST,38500,GGRR,C,0,0,110",6,71a8b96
2026-10-07T17:44:10.212497+00:00,2026-10-07T17:44:50.951546+00:00,UNO,"ST,39000,GGRR,C,0,0,110",6,71a8b96
2026-10-07T17:44:10.212497+00:00,2026-10-07T17:44:51.452580+00:00,UNO,"ST,39500,GGRR,C,0,0,110",6,71a8b96
2026-10-07T17:44:10.212497+00:00,2026-10-07T17:44:51.951990+00:00,UNO,"ST,40000,GGRR,C,0,0,110",6,71a8b96
2026-10-07T17:44:10.212497+00:00,2026-10-07T17:44:52.078040+00:00,UNO,"ST,40126,YYRR,C,0,0,110",6,71a8b96
2026-10-07T17:44:10.212497+00:00,2026-10-07T17:44:52.452042+00:00,UNO,"ST,40500,YYRR,C,0,0,110",6,71a8b96
2026-10-07T17:44:10.212497+00:00,2026-10-07T17:44:52.952754+00:00,UNO,"ST,41000,YYRR,C,0,0,110",6,71a8b96
2026-10-07T17:44:10.212497+00:00,2026-10-07T17:44:53.452827+00:00,UNO,"ST,41500,YYRR,C,0,0,110",6,71a8b96
2026-10-07T17:44:10.212497+00:00,2026-10-07T17:44:53.952227+00:00,UNO,"ST,42000,YYRR,C,0,0,110",6,71a8b96
2026-10-07T17:44:10.212497+00:00,2026-10-07T17:44:54.079003+00:00,UNO,"ST,42126,RRRR,C,0,0,110",6,71a8b96
2026-10-07T17:44:10.212497+00:00,2026-10-07T17:44:54.452283+00:00,UNO,"ST,42500,RRRR,C,0,0,110",6,71a8b96
2026-10-07T17:44:10.212497+00:00,2026-10-07T17:44:54.952984+00:00,UNO,"ST,43000,RRRR,C,0,0,110",6,71a8b96
2026-10-07T17:44:10.212497+00:00,2026-10-07T17:44:55.079370+00:00,UNO,"ST,43126,RRGG,C,0,0,110",6,71a8b96
2026-10-07T17:44:10.212497+00:00,2026-10-07T17:44:55.453069+00:00,UNO,"ST,43500,RRGG,C,0,0,110",6,71a8b96
2026-10-07T17:44:10.212497+00:00,2026-10-07T17:44:55.953115+00:00,UNO,"ST,44000,RRGG,C,0,0,110",6,71a8b96
2026-10-07T17:44:10.212497+00:00,2026-10-07T17:44:56.454236+00:00,UNO,"ST,44500,RRGG,C,0,0,110",6,71a8b96
2026-10-07T17:44:10.212497+00:00,2026-10-07T17:44:56.953577+00:00,UNO,"ST,45000,RRGG,C,0,0,110",6,71a8b96
2026-10-07T17:44:10.212497+00:00,2026-10-07T17:44:57.453632+00:00,UNO,"ST,45500,RRGG,C,0,0,110",6,71a8b96
2026-10-07T17:44:10.212497+00:00,2026-10-07T17:44:57.953367+00:00,UNO,"ST,46000,RRGG,C,0,0,110",6,71a8b96
2026-10-07T17:44:10.212497+00:00,2026-10-07T17:44:58.079343+00:00,UNO,"ST,46126,RRYY,C,0,0,110",6,71a8b96
2026-10-07T17:44:10.212497+00:00,2026-10-07T17:44:58.454400+00:00,UNO,"ST,46500,RRYY,C,0,0,110",6,71a8b96
2026-10-07T17:44:10.212497+00:00,2026-10-07T17:44:58.954450+00:00,UNO,"ST,47000,RRYY,C,0,0,110",6,71a8b96
2026-10-07T17:44:10.212497+00:00,2026-10-07T17:44:59.453867+00:00,UNO,"ST,47500,RRYY,C,0,0,110",6,71a8b96
2026-10-07T17:44:10.212497+00:00,2026-10-07T17:44:59.953933+00:00,UNO,"ST,48000,RRYY,C,0,0,110",6,71a8b96
2026-10-07T17:44:10.212497+00:00,2026-10-07T17:45:00.080581+00:00,UNO,"ST,48126,RRRR,C,0,0,110",6,71a8b96
2026-10-07T17:44:10.212497+00:00,2026-10-07T17:45:00.454620+00:00,UNO,"ST,48500,RRRR,C,0,0,110",6,71a8b96
2026-10-07T17:44:10.212497+00:00,2026-10-07T17:45:00.954710+00:00,UNO,"ST,49000,RRRR,C,0,0,110",6,71a8b96
2026-10-07T17:44:10.212497+00:00,2026-10-07T17:45:01.080722+00:00,UNO,"ST,49126,GGRR,C,0,0,110",6,71a8b96
2026-10-07T17:44:10.212497+00:00,2026-10-07T17:45:01.454093+00:00,UNO,"ST,49500,GGRR,C,0,0,110",6,71a8b96
2026-10-07T17:44:10.212497+00:00,2026-10-07T17:45:01.955174+00:00,UNO,"ST,50000,GGRR,C,0,0,110",6,71a8b96
2026-10-07T17:44:10.212497+00:00,2026-10-07T17:45:02.455230+00:00,UNO,"ST,50500,GGRR,C,0,0,110",6,71a8b96
2026-10-07T17:44:10.212497+00:00,2026-10-07T17:45:02.954931+00:00,UNO,"ST,51000,GGRR,C,0,0,110",6,71a8b96
2026-10-07T17:44:10.212497+00:00,2026-10-07T17:45:03.454992+00:00,UNO,"ST,51500,GGRR,C,0,0,110",6,71a8b96
2026-10-07T17:44:10.212497+00:00,2026-10-07T17:45:03.955383+00:00,UNO,"ST,52000,GGRR,C,0,0,110",6,71a8b96
2026-10-07T17:44:10.212497+00:00,2026-10-07T17:45:04.082071+00:00,UNO,"ST,52126,YYRR,C,0,0,110",6,71a8b96
2026-10-07T17:44:10.212497+00:00,2026-10-07T17:45:04.455440+00:00,UNO,"ST,52500,YYRR,C,0,0,110",6,71a8b96
2026-10-07T17:44:10.212497+00:00,2026-10-07T17:45:04.955169+00:00,UNO,"ST,53000,YYRR,C,0,0,110",6,71a8b96
2026-10-07T17:44:10.212497+00:00,2026-10-07T17:45:05.456234+00:00,UNO,"ST,53500,YYRR,C,0,0,110",6,71a8b96
2026-10-07T17:44:10.212497+00:00,2026-10-07T17:45:05.956300+00:00,UNO,"ST,54000,YYRR,C,0,0,110",6,71a8b96
2026-10-07T17:44:10.212497+00:00,2026-10-07T17:45:06.082316+00:00,UNO,"ST,54126,RRRR,C,0,0,110",6,71a8b96
2026-10-07T17:44:10.212497+00:00,2026-10-07T17:45:06.455674+00:00,UNO,"ST,54500,RRRR,C,0,0,110",6,71a8b96
2026-10-07T17:44:10.212497+00:00,2026-10-07T17:45:06.955754+00:00,UNO,"ST,55000,RRRR,C,0,0,110",6,71a8b96
2026-10-07T17:44:10.212497+00:00,2026-10-07T17:45:07.081758+00:00,UNO,"ST,55126,RRGG,C,0,0,110",6,71a8b96
2026-10-07T17:44:10.212497+00:00,2026-10-07T17:45:07.456450+00:00,UNO,"ST,55500,RRGG,C,0,0,110",6,71a8b96
2026-10-07T17:44:10.212497+00:00,2026-10-07T17:45:07.956515+00:00,UNO,"ST,56000,RRGG,C,0,0,110",6,71a8b96
2026-10-07T17:44:10.212497+00:00,2026-10-07T17:45:08.456575+00:00,UNO,"ST,56500,RRGG,C,0,0,110",6,71a8b96
2026-10-07T17:44:10.212497+00:00,2026-10-07T17:45:08.956984+00:00,UNO,"ST,57000,RRGG,C,0,0,110",6,71a8b96
2026-10-07T17:44:10.212497+00:00,2026-10-07T17:45:09.457031+00:00,UNO,"ST,57500,RRGG,C,0,0,110",6,71a8b96
2026-10-07T17:44:10.212497+00:00,2026-10-07T17:45:09.956736+00:00,UNO,"ST,58000,RRGG,C,0,0,110",6,71a8b96
2026-10-07T17:44:10.212497+00:00,2026-10-07T17:45:10.082760+00:00,UNO,"ST,58126,RRYY,C,0,0,110",6,71a8b96
2026-10-07T17:44:10.212497+00:00,2026-10-07T17:45:10.456824+00:00,UNO,"ST,58500,RRYY,C,0,0,110",6,71a8b96
2026-10-07T17:44:10.212497+00:00,2026-10-07T17:45:10.957868+00:00,UNO,"ST,59000,RRYY,C,0,0,110",6,71a8b96
2026-10-07T17:44:10.212497+00:00,2026-10-07T17:45:11.457261+00:00,UNO,"ST,59500,RRYY,C,0,0,110",6,71a8b96
2026-10-07T17:44:10.212497+00:00,2026-10-07T17:45:11.957339+00:00,UNO,"ST,60000,RRYY,C,0,0,110",6,71a8b96
2026-10-07T17:44:10.212497+00:00,2026-10-07T17:45:12.083358+00:00,UNO,"ST,60126,RRRR,C,0,0,110",6,71a8b96
2026-10-07T17:44:10.212497+00:00,2026-10-07T17:45:12.458019+00:00,UNO,"ST,60500,RRRR,C,0,0,110",6,71a8b96
2026-10-07T17:44:10.212497+00:00,2026-10-07T17:45:12.958090+00:00,UNO,"ST,61000,RRRR,C,0,0,110",6,71a8b96
2026-10-07T17:44:10.212497+00:00,2026-10-07T17:45:13.084128+00:00,UNO,"ST,61126,GGRR,C,0,0,110",6,71a8b96
2026-10-07T17:44:10.212497+00:00,2026-10-07T17:45:13.458143+00:00,UNO,"ST,61500,GGRR,C,0,0,110",6,71a8b96
2026-10-07T17:44:10.212497+00:00,2026-10-07T17:45:13.957567+00:00,UNO,"ST,62000,GGRR,C,0,0,110",6,71a8b96
2026-10-07T17:44:10.212497+00:00,2026-10-07T17:45:14.458603+00:00,UNO,"ST,62500,GGRR,C,0,0,110",6,71a8b96
2026-10-07T17:44:10.212497+00:00,2026-10-07T17:45:14.958325+00:00,UNO,"ST,63000,GGRR,C,0,0,110",6,71a8b96
2026-10-07T17:44:10.212497+00:00,2026-10-07T17:45:15.458401+00:00,UNO,"ST,63500,GGRR,C,0,0,110",6,71a8b96
2026-10-07T17:44:10.212497+00:00,2026-10-07T17:45:15.958437+00:00,UNO,"ST,64000,GGRR,C,0,0,110",6,71a8b96
2026-10-07T17:44:10.212497+00:00,2026-10-07T17:45:16.085463+00:00,UNO,"ST,64126,YYRR,C,0,0,110",6,71a8b96
2026-10-07T17:44:10.212497+00:00,2026-10-07T17:45:16.458860+00:00,UNO,"ST,64500,YYRR,C,0,0,110",6,71a8b96
2026-10-07T17:44:10.212497+00:00,2026-10-07T17:45:16.958584+00:00,UNO,"ST,65000,YYRR,C,0,0,110",6,71a8b96
2026-10-07T17:44:10.212497+00:00,2026-10-07T17:45:17.458648+00:00,UNO,"ST,65500,YYRR,C,0,0,110",6,71a8b96
2026-10-07T17:44:10.212497+00:00,2026-10-07T17:45:17.959666+00:00,UNO,"ST,66000,YYRR,C,0,0,110",6,71a8b96
2026-10-07T17:44:10.212497+00:00,2026-10-07T17:45:18.085737+00:00,UNO,"ST,66126,RRRR,C,0,0,110",6,71a8b96
2026-10-07T17:44:10.212497+00:00,2026-10-07T17:45:18.459717+00:00,UNO,"ST,66500,RRRR,C,0,0,110",6,71a8b96
2026-10-07T17:44:10.212497+00:00,2026-10-07T17:45:18.959141+00:00,UNO,"ST,67000,RRRR,C,0,0,110",6,71a8b96
2026-10-07T17:44:10.212497+00:00,2026-10-07T17:45:19.085145+00:00,UNO,"ST,67126,RRGG,C,0,0,110",6,71a8b96
2026-10-07T17:44:10.212497+00:00,2026-10-07T17:45:19.458846+00:00,UNO,"ST,67500,RRGG,C,0,0,110",6,71a8b96
2026-10-07T17:44:10.212497+00:00,2026-10-07T17:45:19.959906+00:00,UNO,"ST,68000,RRGG,C,0,0,110",6,71a8b96
2026-10-07T17:44:10.212497+00:00,2026-10-07T17:45:20.459961+00:00,UNO,"ST,68500,RRGG,C,0,0,110",6,71a8b96
2026-10-07T17:44:10.212497+00:00,2026-10-07T17:45:20.959383+00:00,UNO,"ST,69000,RRGG,C,0,0,110",6,71a8b96
2026-10-07T17:44:10.212497+00:00,2026-10-07T17:45:21.460432+00:00,UNO,"ST,69500,RRGG,C,0,0,110",6,71a8b96
2026-10-07T17:44:10.212497+00:00,2026-10-07T17:45:21.960148+00:00,UNO,"ST,70000,RRGG,C,0,0,110",6,71a8b96
2026-10-07T17:44:10.212497+00:00,2026-10-07T17:45:22.086530+00:00,UNO,"ST,70126,RRYY,C,0,0,110",6,71a8b96
2026-10-07T17:44:10.212497+00:00,2026-10-07T17:45:22.460188+00:00,UNO,"ST,70500,RRYY,C,0,0,110",6,71a8b96
2026-10-07T17:44:10.212497+00:00,2026-10-07T17:45:22.960273+00:00,UNO,"ST,71000,RRYY,C,0,0,110",6,71a8b96
2026-10-07T17:44:10.212497+00:00,2026-10-07T17:45:23.460669+00:00,UNO,"ST,71500,RRYY,C,0,0,110",6,71a8b96
2026-10-07T17:44:10.212497+00:00,2026-10-07T17:45:23.960731+00:00,UNO,"ST,72000,RRYY,C,0,0,110",6,71a8b96
2026-10-07T17:44:10.212497+00:00,2026-10-07T17:45:24.086766+00:00,UNO,"ST,72126,RRRR,C,0,0,110",6,71a8b96
2026-10-07T17:44:10.212497+00:00,2026-10-07T17:45:24.460445+00:00,UNO,"ST,72500,RRRR,C,0,0,110",6,71a8b96
2026-10-07T17:44:10.212497+00:00,2026-10-07T17:45:24.961504+00:00,UNO,"ST,73000,RRRR,C,0,0,110",6,71a8b96
2026-10-07T17:44:10.212497+00:00,2026-10-07T17:45:25.087517+00:00,UNO,"ST,73126,GGRR,C,0,0,110",6,71a8b96
2026-10-07T17:44:10.212497+00:00,2026-10-07T17:45:25.461559+00:00,UNO,"ST,73500,GGRR,C,0,0,110",6,71a8b96
2026-10-07T17:44:10.212497+00:00,2026-10-07T17:45:25.961623+00:00,UNO,"ST,74000,GGRR,C,0,0,110",6,71a8b96
2026-10-07T17:44:10.212497+00:00,2026-10-07T17:45:26.461033+00:00,UNO,"ST,74500,GGRR,C,0,0,110",6,71a8b96
2026-10-07T17:44:10.212497+00:00,2026-10-07T17:45:26.961739+00:00,UNO,"ST,75000,GGRR,C,0,0,110",6,71a8b96
2026-10-07T17:44:10.212497+00:00,2026-10-07T17:45:27.461787+00:00,UNO,"ST,75500,GGRR,C,0,0,110",6,71a8b96
2026-10-07T17:44:10.212497+00:00,2026-10-07T17:45:27.961851+00:00,UNO,"ST,76000,GGRR,C,0,0,110",6,71a8b96
2026-10-07T17:44:10.212497+00:00,2026-10-07T17:45:28.087863+00:00,UNO,"ST,76126,YYRR,C,0,0,110",6,71a8b96
2026-10-07T17:44:10.212497+00:00,2026-10-07T17:45:28.462261+00:00,UNO,"ST,76500,YYRR,C,0,0,110",6,71a8b96
2026-10-07T17:44:10.212497+00:00,2026-10-07T17:45:28.961971+00:00,UNO,"ST,77000,YYRR,C,0,0,110",6,71a8b96
2026-10-07T17:44:10.212497+00:00,2026-10-07T17:45:29.462028+00:00,UNO,"ST,77500,YYRR,C,0,0,110",6,71a8b96
2026-10-07T17:44:10.212497+00:00,2026-10-07T17:45:29.962074+00:00,UNO,"ST,78000,YYRR,C,0,0,110",6,71a8b96
2026-10-07T17:44:10.212497+00:00,2026-10-07T17:45:30.088127+00:00,UNO,"ST,78126,RRRR,C,0,0,110",6,71a8b96
2026-10-07T17:44:10.212497+00:00,2026-10-07T17:45:30.462472+00:00,UNO,"ST,78500,RRRR,C,0,0,110",6,71a8b96
2026-10-07T17:44:10.212497+00:00,2026-10-07T17:45:30.962559+00:00,UNO,"ST,79000,RRRR,C,0,0,110",6,71a8b96
2026-10-07T17:44:10.212497+00:00,2026-10-07T17:45:31.088538+00:00,UNO,"ST,79126,RRGG,C,0,0,110",6,71a8b96
2026-10-07T17:44:10.212497+00:00,2026-10-07T17:45:31.462262+00:00,UNO,"ST,79500,RRGG,C,0,0,110",6,71a8b96
2026-10-07T17:44:10.212497+00:00,2026-10-07T17:45:31.962316+00:00,UNO,"ST,80000,RRGG,C,0,0,110",6,71a8b96
2026-10-07T17:44:10.212497+00:00,2026-10-07T17:45:32.463383+00:00,UNO,"ST,80500,RRGG,C,0,0,110",6,71a8b96
2026-10-07T17:44:10.212497+00:00,2026-10-07T17:45:32.963423+00:00,UNO,"ST,81000,RRGG,C,0,0,110",6,71a8b96
2026-10-07T17:44:10.212497+00:00,2026-10-07T17:45:33.462849+00:00,UNO,"ST,81500,RRGG,C,0,0,110",6,71a8b96
2026-10-07T17:44:10.212497+00:00,2026-10-07T17:45:33.963576+00:00,UNO,"ST,82000,RRGG,C,0,0,110",6,71a8b96
2026-10-07T17:44:10.212497+00:00,2026-10-07T17:45:34.089580+00:00,UNO,"ST,82126,RRYY,C,0,0,110",6,71a8b96
2026-10-07T17:44:10.212497+00:00,2026-10-07T17:45:34.463649+00:00,UNO,"ST,82500,RRYY,C,0,0,110",6,71a8b96
2026-10-07T17:44:10.212497+00:00,2026-10-07T17:45:34.963676+00:00,UNO,"ST,83000,RRYY,C,0,0,110",6,71a8b96
2026-10-07T17:44:10.212497+00:00,2026-10-07T17:45:35.463764+00:00,UNO,"ST,83500,RRYY,C,0,0,110",6,71a8b96
2026-10-07T17:44:10.212497+00:00,2026-10-07T17:45:35.964138+00:00,UNO,"ST,84000,RRYY,C,0,0,110",6,71a8b96
2026-10-07T17:44:10.212497+00:00,2026-10-07T17:45:36.090145+00:00,UNO,"ST,84126,RRRR,C,0,0,110",6,71a8b96
2026-10-07T17:44:10.212497+00:00,2026-10-07T17:45:36.464189+00:00,UNO,"ST,84500,RRRR,C,0,0,110",6,71a8b96
2026-10-07T17:44:10.212497+00:00,2026-10-07T17:45:36.963929+00:00,UNO,"ST,85000,RRRR,C,0,0,110",6,71a8b96
2026-10-07T17:44:10.212497+00:00,2026-10-07T17:45:37.089915+00:00,UNO,"ST,85126,GGRR,C,0,0,110",6,71a8b96
2026-10-07T17:44:10.212497+00:00,2026-10-07T17:45:37.464954+00:00,UNO,"ST,85500,GGRR,C,0,0,110",6,71a8b96
2026-10-07T17:44:10.212497+00:00,2026-10-07T17:45:37.964996+00:00,UNO,"ST,86000,GGRR,C,0,0,110",6,71a8b96
2026-10-07T17:44:10.212497+00:00,2026-10-07T17:45:38.464422+00:00,UNO,"ST,86500,GGRR,C,0,0,110",6,71a8b96
2026-10-07T17:44:10.212497+00:00,2026-10-07T17:45:38.964252+00:00,UNO,"ST,87000,GGRR,C,0,0,110",6,71a8b96
2026-10-07T17:44:10.212497+00:00,2026-10-07T17:45:39.465184+00:00,UNO,"ST,87500,GGRR,C,0,0,110",6,71a8b96
2026-10-07T17:44:10.212497+00:00,2026-10-07T17:45:39.965357+00:00,UNO,"ST,88000,GGRR,C,0,0,110",6,71a8b96
2026-10-07T17:44:10.212497+00:00,2026-10-07T17:45:40.091261+00:00,UNO,"ST,88126,YYRR,C,0,0,110",6,71a8b96
2026-10-07T17:44:10.212497+00:00,2026-10-07T17:45:40.464655+00:00,UNO,"ST,88500,YYRR,C,0,0,110",6,71a8b96
2026-10-07T17:44:10.212497+00:00,2026-10-07T17:45:40.965390+00:00,UNO,"ST,89000,YYRR,C,0,0,110",6,71a8b96
2026-10-07T17:44:10.212497+00:00,2026-10-07T17:45:41.465435+00:00,UNO,"ST,89500,YYRR,C,0,0,110",6,71a8b96
2026-10-07T17:44:10.212497+00:00,2026-10-07T17:45:41.965482+00:00,UNO,"ST,90000,YYRR,C,0,0,110",6,71a8b96
2026-10-07T17:44:10.212497+00:00,2026-10-07T17:45:42.091510+00:00,UNO,"ST,90126,RRRR,C,0,0,110",6,71a8b96
2026-10-07T17:44:10.212497+00:00,2026-10-07T17:45:42.465539+00:00,UNO,"ST,90500,RRRR,C,0,0,110",6,71a8b96
2026-10-07T17:44:10.212497+00:00,2026-10-07T17:45:42.965953+00:00,UNO,"ST,91000,RRRR,C,0,0,110",6,71a8b96
2026-10-07T17:44:10.212497+00:00,2026-10-07T17:45:43.092278+00:00,UNO,"ST,91126,RRGG,C,0,0,110",6,71a8b96
2026-10-07T17:44:10.212497+00:00,2026-10-07T17:45:43.465654+00:00,UNO,"ST,91500,RRGG,C,0,0,110",6,71a8b96
2026-10-07T17:44:10.212497+00:00,2026-10-07T17:45:43.965708+00:00,UNO,"ST,92000,RRGG,C,0,0,110",6,71a8b96
2026-10-07T17:44:10.212497+00:00,2026-10-07T17:45:44.466779+00:00,UNO,"ST,92500,RRGG,C,0,0,110",6,71a8b96
2026-10-07T17:44:10.212497+00:00,2026-10-07T17:45:44.966827+00:00,UNO,"ST,93000,RRGG,C,0,0,110",6,71a8b96
2026-10-07T17:44:10.212497+00:00,2026-10-07T17:45:45.466235+00:00,UNO,"ST,93500,RRGG,C,0,0,110",6,71a8b96
2026-10-07T17:44:10.212497+00:00,2026-10-07T17:45:45.966288+00:00,UNO,"ST,94000,RRGG,C,0,0,110",6,71a8b96
2026-10-07T17:44:10.212497+00:00,2026-10-07T17:45:46.092318+00:00,UNO,"ST,94126,RRYY,C,0,0,110",6,71a8b96
2026-10-07T17:44:10.212497+00:00,2026-10-07T17:45:46.466997+00:00,UNO,"ST,94500,RRYY,C,0,0,110",6,71a8b96
2026-10-07T17:44:10.212497+00:00,2026-10-07T17:45:46.967096+00:00,UNO,"ST,95000,RRYY,C,0,0,110",6,71a8b96
2026-10-07T17:44:10.212497+00:00,2026-10-07T17:45:47.467111+00:00,UNO,"ST,95500,RRYY,C,0,0,110",6,71a8b96
2026-10-07T17:44:10.212497+00:00,2026-10-07T17:45:47.966525+00:00,UNO,"ST,96000,RRYY,C,0,0,110",6,71a8b96
2026-10-07T17:44:10.212497+00:00,2026-10-07T17:45:48.093540+00:00,UNO,"ST,96126,RRRR,C,0,0,110",6,71a8b96
2026-10-07T17:44:10.212497+00:00,2026-10-07T17:45:48.467572+00:00,UNO,"ST,96500,RRRR,C,0,0,110",6,71a8b96
2026-10-07T17:44:10.212497+00:00,2026-10-07T17:45:48.967320+00:00,UNO,"ST,97000,RRRR,C,0,0,110",6,71a8b96
2026-10-07T17:44:10.212497+00:00,2026-10-07T17:45:49.093313+00:00,UNO,"ST,97126,GGRR,C,0,0,110",6,71a8b96
2026-10-07T17:44:10.212497+00:00,2026-10-07T17:45:49.467383+00:00,UNO,"ST,97500,GGRR,C,0,0,110",6,71a8b96
2026-10-07T17:44:10.212497+00:00,2026-10-07T17:45:49.967757+00:00,UNO,"ST,98000,GGRR,C,0,0,110",6,71a8b96
2026-10-07T17:44:10.212497+00:00,2026-10-07T17:45:50.467811+00:00,UNO,"ST,98500,GGRR,C,0,0,110",6,71a8b96
2026-10-07T17:44:10.212497+00:00,2026-10-07T17:45:50.967906+00:00,UNO,"ST,99000,GGRR,C,0,0,110",6,71a8b96
2026-10-07T17:44:10.212497+00:00,2026-10-07T17:45:51.467587+00:00,UNO,"ST,99500,GGRR,C,0,0,110",6,71a8b96
2026-10-07T17:44:10.212497+00:00,2026-10-07T17:45:51.969936+00:00,UNO,"ST,100000,GGRR,C,0,0,110",6,71a8b96
2026-10-07T17:44:10.212497+00:00,2026-10-07T17:45:52.094683+00:00,UNO,"ST,100126,YYRR,C,0,0,110",6,71a8b96
2026-10-07T17:44:10.212497+00:00,2026-10-07T17:45:52.468718+00:00,UNO,"ST,100500,YYRR,C,0,0,110",6,71a8b96
2026-10-07T17:44:10.212497+00:00,2026-10-07T17:45:52.968149+00:00,UNO,"ST,101000,YYRR,C,0,0,110",6,71a8b96
2026-10-07T17:44:10.212497+00:00,2026-10-07T17:45:53.469168+00:00,UNO,"ST,101500,YYRR,C,0,0,110",6,71a8b96
2026-10-07T17:44:10.212497+00:00,2026-10-07T17:45:53.968865+00:00,UNO,"ST,102000,YYRR,C,0,0,110",6,71a8b96
2026-10-07T17:44:10.212497+00:00,2026-10-07T17:45:54.094911+00:00,UNO,"ST,102126,RRRR,C,0,0,110",6,71a8b96
2026-10-07T17:44:10.212497+00:00,2026-10-07T17:45:54.468934+00:00,UNO,"ST,102500,RRRR,C,0,0,110",6,71a8b96
2026-10-07T17:44:10.212497+00:00,2026-10-07T17:45:54.968340+00:00,UNO,"ST,103000,RRRR,C,0,0,110",6,71a8b96
2026-10-07T17:44:10.212497+00:00,2026-10-07T17:45:55.094561+00:00,UNO,"ST,103126,RRGG,C,0,0,110",6,71a8b96
2026-10-07T17:44:10.212497+00:00,2026-10-07T17:45:55.469389+00:00,UNO,"ST,103500,RRGG,C,0,0,110",6,71a8b96
2026-10-07T17:44:10.212497+00:00,2026-10-07T17:45:55.969137+00:00,UNO,"ST,104000,RRGG,C,0,0,110",6,71a8b96
2026-10-07T17:44:10.212497+00:00,2026-10-07T17:45:56.469179+00:00,UNO,"ST,104500,RRGG,C,0,0,110",6,71a8b96
2026-10-07T17:44:10.212497+00:00,2026-10-07T17:45:56.970244+00:00,UNO,"ST,105000,RRGG,C,0,0,110",6,71a8b96
2026-10-07T17:44:10.212497+00:00,2026-10-07T17:45:57.469631+00:00,UNO,"ST,105500,RRGG,C,0,0,110",6,71a8b96
2026-10-07T17:44:10.212497+00:00,2026-10-07T17:45:57.969709+00:00,UNO,"ST,106000,RRGG,C,0,0,110",6,71a8b96
2026-10-07T17:44:10.212497+00:00,2026-10-07T17:45:58.095718+00:00,UNO,"ST,106126,RRYY,C,0,0,110",6,71a8b96
2026-10-07T17:44:10.212497+00:00,2026-10-07T17:45:58.469410+00:00,UNO,"ST,106500,RRYY,C,0,0,110",6,71a8b96
2026-10-07T17:44:10.212497+00:00,2026-10-07T17:45:58.970457+00:00,UNO,"ST,107000,RRYY,C,0,0,110",6,71a8b96
2026-10-07T17:44:10.212497+00:00,2026-10-07T17:45:59.470523+00:00,UNO,"ST,107500,RRYY,C,0,0,110",6,71a8b96
2026-10-07T17:44:10.212497+00:00,2026-10-07T17:45:59.970585+00:00,UNO,"ST,108000,RRYY,C,0,0,110",6,71a8b96
2026-10-07T17:44:10.212497+00:00,2026-10-07T17:46:00.095933+00:00,UNO,"ST,108126,RRRR,C,0,0,110",6,71a8b96
2026-10-07T17:44:10.212497+00:00,2026-10-07T17:46:00.470981+00:00,UNO,"ST,108500,RRRR,C,0,0,110",6,71a8b96
2026-10-07T17:44:10.212497+00:00,2026-10-07T17:46:00.970707+00:00,UNO,"ST,109000,RRRR,C,0,0,110",6,71a8b96
2026-10-07T17:44:10.212497+00:00,2026-10-07T17:46:01.096715+00:00,UNO,"ST,109126,GGRR,C,0,0,110",6,71a8b96
2026-10-07T17:44:10.212497+00:00,2026-10-07T17:46:01.470757+00:00,UNO,"ST,109500,GGRR,C,0,0,110",6,71a8b96
2026-10-07T17:44:10.212497+00:00,2026-10-07T17:46:01.970853+00:00,UNO,"ST,110000,GGRR,C,0,0,110",6,71a8b96
2026-10-07T17:44:10.212497+00:00,2026-10-07T17:46:02.471873+00:00,UNO,"ST,110500,GGRR,C,0,0,110",6,71a8b96
2026-10-07T17:44:10.212497+00:00,2026-10-07T17:46:02.971282+00:00,UNO,"ST,111000,GGRR,C,0,0,110",6,71a8b96
2026-10-07T17:44:10.212497+00:00,2026-10-07T17:46:03.471000+00:00,UNO,"ST,111500,GGRR,C,0,0,110",6,71a8b96
2026-10-07T17:44:10.212497+00:00,2026-10-07T17:46:03.971063+00:00,UNO,"ST,112000,GGRR,C,0,0,110",6,71a8b96
2026-10-07T17:44:10.212497+00:00,2026-10-07T17:46:04.098040+00:00,UNO,"ST,112126,YYRR,C,0,0,110",6,71a8b96
2026-10-07T17:44:10.212497+00:00,2026-10-07T17:46:04.472088+00:00,UNO,"ST,112500,YYRR,C,0,0,110",6,71a8b96
2026-10-07T17:44:10.212497+00:00,2026-10-07T17:46:04.971513+00:00,UNO,"ST,113000,YYRR,C,0,0,110",6,71a8b96
2026-10-07T17:44:10.212497+00:00,2026-10-07T17:46:05.471206+00:00,UNO,"ST,113500,YYRR,C,0,0,110",6,71a8b96
2026-10-07T17:44:10.212497+00:00,2026-10-07T17:46:05.972286+00:00,UNO,"ST,114000,YYRR,C,0,0,110",6,71a8b96
2026-10-07T17:44:10.212497+00:00,2026-10-07T17:46:06.098309+00:00,UNO,"ST,114126,RRRR,C,0,0,110",6,71a8b96
2026-10-07T17:44:10.212497+00:00,2026-10-07T17:46:06.472332+00:00,UNO,"ST,114500,RRRR,C,0,0,110",6,71a8b96
2026-10-07T17:44:10.212497+00:00,2026-10-07T17:46:06.971760+00:00,UNO,"ST,115000,RRRR,C,0,0,110",6,71a8b96
2026-10-07T17:44:10.212497+00:00,2026-10-07T17:46:07.098429+00:00,UNO,"ST,115126,RRGG,C,0,0,110",6,71a8b96
2026-10-07T17:44:10.212497+00:00,2026-10-07T17:46:07.471801+00:00,UNO,"ST,115500,RRGG,C,0,0,110",6,71a8b96
2026-10-07T17:44:10.212497+00:00,2026-10-07T17:46:07.972874+00:00,UNO,"ST,116000,RRGG,C,0,0,110",6,71a8b96
2026-10-07T17:44:10.212497+00:00,2026-10-07T17:46:08.472573+00:00,UNO,"ST,116500,RRGG,C,0,0,110",6,71a8b96
2026-10-07T17:44:10.212497+00:00,2026-10-07T17:46:08.972630+00:00,UNO,"ST,117000,RRGG,C,0,0,110",6,71a8b96
2026-10-07T17:44:10.212497+00:00,2026-10-07T17:46:09.473046+00:00,UNO,"ST,117500,RRGG,C,0,0,110",6,71a8b96
2026-10-07T17:44:10.212497+00:00,2026-10-07T17:46:09.973089+00:00,UNO,"ST,118000,RRGG,C,0,0,110",6,71a8b96
2026-10-07T17:44:10.212497+00:00,2026-10-07T17:46:10.099119+00:00,UNO,"ST,118126,RRYY,C,0,0,110",6,71a8b96
2026-10-07T17:44:10.212497+00:00,2026-10-07T17:46:10.472819+00:00,UNO,"ST,118500,RRYY,C,0,0,110",6,71a8b96
2026-10-07T17:44:10.212497+00:00,2026-10-07T17:46:10.972906+00:00,UNO,"ST,119000,RRYY,C,0,0,110",6,71a8b96
2026-10-07T17:44:10.212497+00:00,2026-10-07T17:46:11.473919+00:00,UNO,"ST,119500,RRYY,C,0,0,110",6,71a8b96
2026-10-07T17:44:10.212497+00:00,2026-10-07T17:46:11.973990+00:00,UNO,"ST,120000,RRYY,C,0,0,110",6,71a8b96
2026-10-07T17:44:10.212497+00:00,2026-10-07T17:46:12.100002+00:00,UNO,"ST,120126,RRRR,C,0,0,110",6,71a8b96
2026-10-07T17:44:10.212497+00:00,2026-10-07T17:46:12.473384+00:00,UNO,"ST,120500,RRRR,C,0,0,110",6,71a8b96
2026-10-07T17:44:10.212497+00:00,2026-10-07T17:46:12.974096+00:00,UNO,"ST,121000,RRRR,C,0,0,110",6,71a8b96
2026-10-07T17:44:10.212497+00:00,2026-10-07T17:46:13.100475+00:00,UNO,"ST,121126,GGRR,C,0,0,110",6,71a8b96
2026-10-07T17:44:10.212497+00:00,2026-10-07T17:46:13.474222+00:00,UNO,"ST,121500,GGRR,C,0,0,110",6,71a8b96
2026-10-07T17:44:10.212497+00:00,2026-10-07T17:46:13.974254+00:00,UNO,"ST,122000,GGRR,C,0,0,110",6,71a8b96
2026-10-07T17:44:10.212497+00:00,2026-10-07T17:46:14.473678+00:00,UNO,"ST,122500,GGRR,C,0,0,110",6,71a8b96
2026-10-07T17:44:10.212497+00:00,2026-10-07T17:46:14.974670+00:00,UNO,"ST,123000,GGRR,C,0,0,110",6,71a8b96
2026-10-07T17:44:10.212497+00:00,2026-10-07T17:46:15.474422+00:00,UNO,"ST,123500,GGRR,C,0,0,110",6,71a8b96
2026-10-07T17:44:10.212497+00:00,2026-10-07T17:46:15.974435+00:00,UNO,"ST,124000,GGRR,C,0,0,110",6,71a8b96
2026-10-07T17:44:10.212497+00:00,2026-10-07T17:46:16.100455+00:00,UNO,"ST,124126,YYRR,C,0,0,110",6,71a8b96
2026-10-07T17:44:10.212497+00:00,2026-10-07T17:46:16.475513+00:00,UNO,"ST,124500,YYRR,C,0,0,110",6,71a8b96
2026-10-07T17:44:10.212497+00:00,2026-10-07T17:46:16.974908+00:00,UNO,"ST,125000,YYRR,C,0,0,110",6,71a8b96
2026-10-07T17:44:10.212497+00:00,2026-10-07T17:46:17.474973+00:00,UNO,"ST,125500,YYRR,C,0,0,110",6,71a8b96
2026-10-07T17:44:10.212497+00:00,2026-10-07T17:46:17.974664+00:00,UNO,"ST,126000,YYRR,C,0,0,110",6,71a8b96
2026-10-07T17:44:10.212497+00:00,2026-10-07T17:46:18.100704+00:00,UNO,"ST,126126,RRRR,C,0,0,110",6,71a8b96
2026-10-07T17:44:10.212497+00:00,2026-10-07T17:46:18.475744+00:00,UNO,"ST,126500,RRRR,C,0,0,110",6,71a8b96
2026-10-07T17:44:10.212497+00:00,2026-10-07T17:46:18.975794+00:00,UNO,"ST,127000,RRRR,C,0,0,110",6,71a8b96
2026-10-07T17:44:10.212497+00:00,2026-10-07T17:46:19.101821+00:00,UNO,"ST,127126,RRGG,C,0,0,110",6,71a8b96
2026-10-07T17:44:10.212497+00:00,2026-10-07T17:46:19.475208+00:00,UNO,"ST,127500,RRGG,C,0,0,110",6,71a8b96
2026-10-07T17:44:10.212497+00:00,2026-10-07T17:46:19.975270+00:00,UNO,"ST,128000,RRGG,C,0,0,110",6,71a8b96
2026-10-07T17:44:10.212497+00:00,2026-10-07T17:46:20.475961+00:00,UNO,"ST,128500,RRGG,C,0,0,110",6,71a8b96
2026-10-07T17:44:10.212497+00:00,2026-10-07T17:46:20.976157+00:00,UNO,"ST,129000,RRGG,C,0,0,110",6,71a8b96
2026-10-07T17:44:10.212497+00:00,2026-10-07T17:46:21.476092+00:00,UNO,"ST,129500,RRGG,C,0,0,110",6,71a8b96
2026-10-07T17:44:10.212497+00:00,2026-10-07T17:46:21.976487+00:00,UNO,"ST,130000,RRGG,C,0,0,110",6,71a8b96
2026-10-07T17:44:10.212497+00:00,2026-10-07T17:46:22.102529+00:00,UNO,"ST,130126,RRYY,C,0,0,110",6,71a8b96
2026-10-07T17:44:10.212497+00:00,2026-10-07T17:46:22.476211+00:00,UNO,"ST,130500,RRYY,C,0,0,110",6,71a8b96
2026-10-07T17:44:10.212497+00:00,2026-10-07T17:46:22.976260+00:00,UNO,"ST,131000,RRYY,C,0,0,110",6,71a8b96
2026-10-07T17:44:10.212497+00:00,2026-10-07T17:46:23.476320+00:00,UNO,"ST,131500,RRYY,C,0,0,110",6,71a8b96
2026-10-07T17:44:10.212497+00:00,2026-10-07T17:46:23.977380+00:00,UNO,"ST,132000,RRYY,C,0,0,110",6,71a8b96
2026-10-07T17:44:10.212497+00:00,2026-10-07T17:46:24.103410+00:00,UNO,"ST,132126,RRRR,C,0,0,110",6,71a8b96
2026-10-07T17:44:10.212497+00:00,2026-10-07T17:46:24.476783+00:00,UNO,"ST,132500,RRRR,C,0,0,110",6,71a8b96
2026-10-07T17:44:10.212497+00:00,2026-10-07T17:46:24.976830+00:00,UNO,"ST,133000,RRRR,C,0,0,110",6,71a8b96
2026-10-07T17:44:10.212497+00:00,2026-10-07T17:46:25.102856+00:00,UNO,"ST,133126,GGRR,C,0,0,110",6,71a8b96
2026-10-07T17:44:10.212497+00:00,2026-10-07T17:46:25.477545+00:00,UNO,"ST,133500,GGRR,C,0,0,110",6,71a8b96
2026-10-07T17:44:10.212497+00:00,2026-10-07T17:46:25.977605+00:00,UNO,"ST,134000,GGRR,C,0,0,110",6,71a8b96
2026-10-07T17:44:10.212497+00:00,2026-10-07T17:46:26.477667+00:00,UNO,"ST,134500,GGRR,C,0,0,110",6,71a8b96
2026-10-07T17:44:10.212497+00:00,2026-10-07T17:46:26.977095+00:00,UNO,"ST,135000,GGRR,C,0,0,110",6,71a8b96
2026-10-07T17:44:10.212497+00:00,2026-10-07T17:46:27.477778+00:00,UNO,"ST,135500,GGRR,C,0,0,110",6,71a8b96
2026-10-07T17:44:10.212497+00:00,2026-10-07T17:46:27.977853+00:00,UNO,"ST,136000,GGRR,C,0,0,110",6,71a8b96
2026-10-07T17:44:10.212497+00:00,2026-10-07T17:46:28.103868+00:00,UNO,"ST,136126,YYRR,C,0,0,110",6,71a8b96
2026-10-07T17:44:10.212497+00:00,2026-10-07T17:46:28.477894+00:00,UNO,"ST,136500,YYRR,C,0,0,110",6,71a8b96
2026-10-07T17:44:10.212497+00:00,2026-10-07T17:46:28.978317+00:00,UNO,"ST,137000,YYRR,C,0,0,110",6,71a8b96
2026-10-07T17:44:10.212497+00:00,2026-10-07T17:46:29.478386+00:00,UNO,"ST,137500,YYRR,C,0,0,110",6,71a8b96
2026-10-07T17:44:10.212497+00:00,2026-10-07T17:46:29.978105+00:00,UNO,"ST,138000,YYRR,C,0,0,110",6,71a8b96
2026-10-07T17:44:10.212497+00:00,2026-10-07T17:46:30.104506+00:00,UNO,"ST,138126,RRRR,C,0,0,110",6,71a8b96
2026-10-07T17:44:10.212497+00:00,2026-10-07T17:46:30.478199+00:00,UNO,"ST,138500,RRRR,C,0,0,110",6,71a8b96
2026-10-07T17:44:10.212497+00:00,2026-10-07T17:46:30.979232+00:00,UNO,"ST,139000,RRRR,C,0,0,110",6,71a8b96
2026-10-07T17:44:10.212497+00:00,2026-10-07T17:46:31.105207+00:00,UNO,"ST,139126,RRGG,C,0,0,110",6,71a8b96
2026-10-07T17:44:10.212497+00:00,2026-10-07T17:46:31.478599+00:00,UNO,"ST,139500,RRGG,C,0,0,110",6,71a8b96
2026-10-07T17:44:10.212497+00:00,2026-10-07T17:46:31.978671+00:00,UNO,"ST,140000,RRGG,C,0,0,110",6,71a8b96
2026-10-07T17:44:10.212497+00:00,2026-10-07T17:46:32.479386+00:00,UNO,"ST,140500,RRGG,C,0,0,110",6,71a8b96
2026-10-07T17:44:10.212497+00:00,2026-10-07T17:46:32.979438+00:00,UNO,"ST,141000,RRGG,C,0,0,110",6,71a8b96
2026-10-07T17:44:10.212497+00:00,2026-10-07T17:46:33.479497+00:00,UNO,"ST,141500,RRGG,C,0,0,110",6,71a8b96
2026-10-07T17:44:10.212497+00:00,2026-10-07T17:46:33.978902+00:00,UNO,"ST,142000,RRGG,C,0,0,110",6,71a8b96
2026-10-07T17:44:10.212497+00:00,2026-10-07T17:46:34.104989+00:00,UNO,"ST,142126,RRYY,C,0,0,110",6,71a8b96
2026-10-07T17:44:10.212497+00:00,2026-10-07T17:46:34.479948+00:00,UNO,"ST,142500,RRYY,C,0,0,110",6,71a8b96
2026-10-07T17:44:10.212497+00:00,2026-10-07T17:46:34.979673+00:00,UNO,"ST,143000,RRYY,C,0,0,110",6,71a8b96
2026-10-07T17:44:10.212497+00:00,2026-10-07T17:46:35.479705+00:00,UNO,"ST,143500,RRYY,C,0,0,110",6,71a8b96
2026-10-07T17:44:10.212497+00:00,2026-10-07T17:46:35.979781+00:00,UNO,"ST,144000,RRYY,C,0,0,110",6,71a8b96
2026-10-07T17:44:10.212497+00:00,2026-10-07T17:46:36.106807+00:00,UNO,"ST,144126,RRRR,C,0,0,110",6,71a8b96
2026-10-07T17:44:10.212497+00:00,2026-10-07T17:46:36.480821+00:00,UNO,"ST,144500,RRRR,C,0,0,110",6,71a8b96
2026-10-07T17:44:10.212497+00:00,2026-10-07T17:46:36.980272+00:00,UNO,"ST,145000,RRRR,C,0,0,110",6,71a8b96
2026-10-07T17:44:10.212497+00:00,2026-10-07T17:46:37.106257+00:00,UNO,"ST,145126,GGRR,C,0,0,110",6,71a8b96
2026-10-07T17:44:10.212497+00:00,2026-10-07T17:46:37.479949+00:00,UNO,"ST,145500,GGRR,C,0,0,110",6,71a8b96
2026-10-07T17:44:10.212497+00:00,2026-10-07T17:46:37.981020+00:00,UNO,"ST,146000,GGRR,C,0,0,110",6,71a8b96
2026-10-07T17:44:10.212497+00:00,2026-10-07T17:46:38.481073+00:00,UNO,"ST,146500,GGRR,C,0,0,110",6,71a8b96
2026-10-07T17:44:10.212497+00:00,2026-10-07T17:46:38.980601+00:00,UNO,"ST,147000,GGRR,C,0,0,110",6,71a8b96
2026-10-07T17:44:10.212497+00:00,2026-10-07T17:46:39.480595+00:00,UNO,"ST,147500,GGRR,C,0,0,110",6,71a8b96
2026-10-07T17:44:10.212497+00:00,2026-10-07T17:46:39.981250+00:00,UNO,"ST,148000,GGRR,C,0,0,110",6,71a8b96
2026-10-07T17:44:10.212497+00:00,2026-10-07T17:46:40.107269+00:00,UNO,"ST,148126,YYRR,C,0,0,110",6,71a8b96
2026-10-07T17:44:10.212497+00:00,2026-10-07T17:46:40.481304+00:00,UNO,"ST,148500,YYRR,C,0,0,110",6,71a8b96
2026-10-07T17:44:10.212497+00:00,2026-10-07T17:46:40.981378+00:00,UNO,"ST,149000,YYRR,C,0,0,110",6,71a8b96
2026-10-07T17:44:10.212497+00:00,2026-10-07T17:46:41.481778+00:00,UNO,"ST,149500,YYRR,C,0,0,110",6,71a8b96
2026-10-07T17:44:10.212497+00:00,2026-10-07T17:46:41.981479+00:00,UNO,"ST,150000,YYRR,C,0,0,110",6,71a8b96
2026-10-07T17:44:10.212497+00:00,2026-10-07T17:46:42.107860+00:00,UNO,"ST,150126,RRRR,C,0,0,110",6,71a8b96
2026-10-07T17:44:10.212497+00:00,2026-10-07T17:46:42.481527+00:00,UNO,"ST,150500,RRRR,C,0,0,110",6,71a8b96
2026-10-07T17:44:10.212497+00:00,2026-10-07T17:46:42.981591+00:00,UNO,"ST,151000,RRRR,C,0,0,110",6,71a8b96
2026-10-07T17:44:10.212497+00:00,2026-10-07T17:46:43.107616+00:00,UNO,"ST,151126,RRGG,C,0,0,110",6,71a8b96
2026-10-07T17:44:10.212497+00:00,2026-10-07T17:46:43.482640+00:00,UNO,"ST,151500,RRGG,C,0,0,110",6,71a8b96
2026-10-07T17:44:10.212497+00:00,2026-10-07T17:46:43.982061+00:00,UNO,"ST,152000,RRGG,C,0,0,110",6,71a8b96
2026-10-07T17:44:10.212497+00:00,2026-10-07T17:46:44.481769+00:00,UNO,"ST,152500,RRGG,C,0,0,110",6,71a8b96
2026-10-07T17:44:10.212497+00:00,2026-10-07T17:46:44.982840+00:00,UNO,"ST,153000,RRGG,C,0,0,110",6,71a8b96
2026-10-07T17:44:10.212497+00:00,2026-10-07T17:46:45.482919+00:00,UNO,"ST,153500,RRGG,C,0,0,110",6,71a8b96
2026-10-07T17:44:10.212497+00:00,2026-10-07T17:46:45.982936+00:00,UNO,"ST,154000,RRGG,C,0,0,110",6,71a8b96
2026-10-07T17:44:10.212497+00:00,2026-10-07T17:46:46.108948+00:00,UNO,"ST,154126,RRYY,C,0,0,110",6,71a8b96
2026-10-07T17:44:10.212497+00:00,2026-10-07T17:46:46.482355+00:00,UNO,"ST,154500,RRYY,C,0,0,110",6,71a8b96
2026-10-07T17:44:10.212497+00:00,2026-10-07T17:46:46.983396+00:00,UNO,"ST,155000,RRYY,C,0,0,110",6,71a8b96
2026-10-07T17:44:10.212497+00:00,2026-10-07T17:46:47.483118+00:00,UNO,"ST,155500,RRYY,C,0,0,110",6,71a8b96
2026-10-07T17:44:10.212497+00:00,2026-10-07T17:46:47.983172+00:00,UNO,"ST,156000,RRYY,C,0,0,110",6,71a8b96
2026-10-07T17:44:10.212497+00:00,2026-10-07T17:46:48.109196+00:00,UNO,"ST,156126,RRRR,C,0,0,110",6,71a8b96
2026-10-07T17:44:10.212497+00:00,2026-10-07T17:46:48.484238+00:00,UNO,"ST,156500,RRRR,C,0,0,110",6,71a8b96
2026-10-07T17:44:10.212497+00:00,2026-10-07T17:46:48.983652+00:00,UNO,"ST,157000,RRRR,C,0,0,110",6,71a8b96
2026-10-07T17:44:10.212497+00:00,2026-10-07T17:46:49.109665+00:00,UNO,"ST,157126,GGRR,C,0,0,110",6,71a8b96
2026-10-07T17:44:10.212497+00:00,2026-10-07T17:46:49.483344+00:00,UNO,"ST,157500,GGRR,C,0,0,110",6,71a8b96
2026-10-07T17:44:10.212497+00:00,2026-10-07T17:46:49.983403+00:00,UNO,"ST,158000,GGRR,C,0,0,110",6,71a8b96
2026-10-07T17:44:10.212497+00:00,2026-10-07T17:46:50.484480+00:00,UNO,"ST,158500,GGRR,C,0,0,110",6,71a8b96
2026-10-07T17:44:10.212497+00:00,2026-10-07T17:46:50.983897+00:00,UNO,"ST,159000,GGRR,C,0,0,110",6,71a8b96
2026-10-07T17:44:10.212497+00:00,2026-10-07T17:46:51.483941+00:00,UNO,"ST,159500,GGRR,C,0,0,110",6,71a8b96
2026-10-07T17:44:10.212497+00:00,2026-10-07T17:46:51.983648+00:00,UNO,"ST,160000,GGRR,C,0,0,110",6,71a8b96
2026-10-07T17:44:10.212497+00:00,2026-10-07T17:46:52.110752+00:00,UNO,"ST,160126,YYRR,C,0,0,110",6,71a8b96
2026-10-07T17:44:10.212497+00:00,2026-10-07T17:46:52.484716+00:00,UNO,"ST,160500,YYRR,C,0,0,110",6,71a8b96
2026-10-07T17:44:10.212497+00:00,2026-10-07T17:46:52.984760+00:00,UNO,"ST,161000,YYRR,C,0,0,110",6,71a8b96
2026-10-07T17:44:10.212497+00:00,2026-10-07T17:46:53.484172+00:00,UNO,"ST,161500,YYRR,C,0,0,110",6,71a8b96
2026-10-07T17:44:10.212497+00:00,2026-10-07T17:46:53.984888+00:00,UNO,"ST,162000,YYRR,C,0,0,110",6,71a8b96
2026-10-07T17:44:10.212497+00:00,2026-10-07T17:46:54.111236+00:00,UNO,"ST,162126,RRRR,C,0,0,110",6,71a8b96
2026-10-07T17:44:10.212497+00:00,2026-10-07T17:46:54.484938+00:00,UNO,"ST,162500,RRRR,C,0,0,110",6,71a8b96
2026-10-07T17:44:10.212497+00:00,2026-10-07T17:46:54.985002+00:00,UNO,"ST,163000,RRRR,C,0,0,110",6,71a8b96
2026-10-07T17:44:10.212497+00:00,2026-10-07T17:46:55.111025+00:00,UNO,"ST,163126,RRGG,C,0,0,110",6,71a8b96
2026-10-07T17:44:10.212497+00:00,2026-10-07T17:46:55.485060+00:00,UNO,"ST,163500,RRGG,C,0,0,110",6,71a8b96
2026-10-07T17:44:10.212497+00:00,2026-10-07T17:46:55.985474+00:00,UNO,"ST,164000,RRGG,C,0,0,110",6,71a8b96
2026-10-07T17:44:10.212497+00:00,2026-10-07T17:46:56.485184+00:00,UNO,"ST,164500,RRGG,C,0,0,110",6,71a8b96
2026-10-07T17:44:10.212497+00:00,2026-10-07T17:46:56.985648+00:00,UNO,"ST,165000,RRGG,C,0,0,110",6,71a8b96
2026-10-07T17:44:10.212497+00:00,2026-10-07T17:46:57.486281+00:00,UNO,"ST,165500,RRGG,C,0,0,110",6,71a8b96
2026-10-07T17:44:10.212497+00:00,2026-10-07T17:46:57.986340+00:00,UNO,"ST,166000,RRGG,C,0,0,110",6,71a8b96
2026-10-07T17:44:10.212497+00:00,2026-10-07T17:46:58.112370+00:00,UNO,"ST,166126,RRYY,C,0,0,110",6,71a8b96
2026-10-07T17:44:10.212497+00:00,2026-10-07T17:46:58.485739+00:00,UNO,"ST,166500,RRYY,C,0,0,110",6,71a8b96
2026-10-07T17:44:10.212497+00:00,2026-10-07T17:46:58.985812+00:00,UNO,"ST,167000,RRYY,C,0,0,110",6,71a8b96
2026-10-07T17:44:10.212497+00:00,2026-10-07T17:46:59.486531+00:00,UNO,"ST,167500,RRYY,C,0,0,110",6,71a8b96
2026-10-07T17:44:10.212497+00:00,2026-10-07T17:46:59.986582+00:00,UNO,"ST,168000,RRYY,C,0,0,110",6,71a8b96
2026-10-07T17:44:10.212497+00:00,2026-10-07T17:47:00.112598+00:00,UNO,"ST,168126,RRRR,C,0,0,110",6,71a8b96
2026-10-07T17:44:10.212497+00:00,2026-10-07T17:47:00.486620+00:00,UNO,"ST,168500,RRRR,C,0,0,110",6,71a8b96
2026-10-07T17:44:10.212497+00:00,2026-10-07T17:47:00.987055+00:00,UNO,"ST,169000,RRRR,C,0,0,110",6,71a8b96
2026-10-07T17:44:10.212497+00:00,2026-10-07T17:47:01.113053+00:00,UNO,"ST,169126,GGRR,C,0,0,110",6,71a8b96
2026-10-07T17:44:10.212497+00:00,2026-10-07T17:47:01.486738+00:00,UNO,"ST,169500,GGRR,C,0,0,110",6,71a8b96
2026-10-07T17:44:10.212497+00:00,2026-10-07T17:47:01.986796+00:00,UNO,"ST,170000,GGRR,C,0,0,110",6,71a8b96
2026-10-07T17:44:10.212497+00:00,2026-10-07T17:47:02.486883+00:00,UNO,"ST,170500,GGRR,C,0,0,110",6,71a8b96
2026-10-07T17:44:10.212497+00:00,2026-10-07T17:47:02.987912+00:00,UNO,"ST,171000,GGRR,C,0,0,110",6,71a8b96
2026-10-07T17:44:10.212497+00:00,2026-10-07T17:47:03.487349+00:00,UNO,"ST,171500,GGRR,C,0,0,110",6,71a8b96
2026-10-07T17:44:10.212497+00:00,2026-10-07T17:47:03.987401+00:00,UNO,"ST,172000,GGRR,C,0,0,110",6,71a8b96
2026-10-07T17:44:10.212497+00:00,2026-10-07T17:47:04.113422+00:00,UNO,"ST,172126,YYRR,C,0,0,110",6,71a8b96
2026-10-07T17:44:10.212497+00:00,2026-10-07T17:47:04.488113+00:00,UNO,"ST,172500,YYRR,C,0,0,110",6,71a8b96
2026-10-07T17:44:10.212497+00:00,2026-10-07T17:47:04.988201+00:00,UNO,"ST,173000,YYRR,C,0,0,110",6,71a8b96
2026-10-07T17:44:10.212497+00:00,2026-10-07T17:47:05.487568+00:00,UNO,"ST,173500,YYRR,C,0,0,110",6,71a8b96
2026-10-07T17:44:10.212497+00:00,2026-10-07T17:47:05.987616+00:00,UNO,"ST,174000,YYRR,C,0,0,110",6,71a8b96
2026-10-07T17:44:10.212497+00:00,2026-10-07T17:47:06.113648+00:00,UNO,"ST,174126,RRRR,C,0,0,110",6,71a8b96
2026-10-07T17:44:10.212497+00:00,2026-10-07T17:47:06.488368+00:00,UNO,"ST,174500,RRRR,C,0,0,110",6,71a8b96
2026-10-07T17:44:10.212497+00:00,2026-10-07T17:47:06.988464+00:00,UNO,"ST,175000,RRRR,C,0,0,110",6,71a8b96
2026-10-07T17:44:10.212497+00:00,2026-10-07T17:47:07.114417+00:00,UNO,"ST,175126,RRGG,C,0,0,110",6,71a8b96
2026-10-07T17:44:10.212497+00:00,2026-10-07T17:47:07.488540+00:00,UNO,"ST,175500,RRGG,C,0,0,110",6,71a8b96
2026-10-07T17:44:10.212497+00:00,2026-10-07T17:47:07.987902+00:00,UNO,"ST,176000,RRGG,C,0,0,110",6,71a8b96
2026-10-07T17:44:10.212497+00:00,2026-10-07T17:47:08.488908+00:00,UNO,"ST,176500,RRGG,C,0,0,110",6,71a8b96
2026-10-07T17:44:10.212497+00:00,2026-10-07T17:47:08.988690+00:00,UNO,"ST,177000,RRGG,C,0,0,110",6,71a8b96
2026-10-07T17:44:10.212497+00:00,2026-10-07T17:47:09.488824+00:00,UNO,"ST,177500,RRGG,C,0,0,110",6,71a8b96
2026-10-07T17:44:10.212497+00:00,2026-10-07T17:47:09.989751+00:00,UNO,"ST,178000,RRGG,C,0,0,110",6,71a8b96
2026-10-07T17:44:10.212497+00:00,2026-10-07T17:47:10.115741+00:00,UNO,"ST,178126,RRYY,C,0,0,110",6,71a8b96
2026-10-07T17:44:10.212497+00:00,2026-10-07T17:47:10.489181+00:00,UNO,"ST,178500,RRYY,C,0,0,110",6,71a8b96
2026-10-07T17:44:10.212497+00:00,2026-10-07T17:47:10.989224+00:00,UNO,"ST,179000,RRYY,C,0,0,110",6,71a8b96
2026-10-07T17:44:10.212497+00:00,2026-10-07T17:47:11.488920+00:00,UNO,"ST,179500,RRYY,C,0,0,110",6,71a8b96
2026-10-07T17:44:10.212497+00:00,2026-10-07T17:47:11.989991+00:00,UNO,"ST,180000,RRYY,C,0,0,110",6,71a8b96
2026-10-07T17:44:10.212497+00:00,2026-10-07T17:47:12.116022+00:00,UNO,"ST,180126,RRRR,C,0,0,110",6,71a8b96
2026-10-07T17:44:10.212497+00:00,2026-10-07T17:47:12.490065+00:00,UNO,"ST,180500,RRRR,C,0,0,110",6,71a8b96
2026-10-07T17:44:10.212497+00:00,2026-10-07T17:47:12.990142+00:00,UNO,"ST,181000,RRRR,C,0,0,110",6,71a8b96
2026-10-07T17:44:10.212497+00:00,2026-10-07T17:47:13.116120+00:00,UNO,"ST,181126,GGRR,C,0,0,110",6,71a8b96
2026-10-07T17:44:10.212497+00:00,2026-10-07T17:47:13.490522+00:00,UNO,"ST,181500,GGRR,C,0,0,110",6,71a8b96
2026-10-07T17:44:10.212497+00:00,2026-10-07T17:47:13.990271+00:00,UNO,"ST,182000,GGRR,C,0,0,110",6,71a8b96
2026-10-07T17:44:10.212497+00:00,2026-10-07T17:47:14.490274+00:00,UNO,"ST,182500,GGRR,C,0,0,110",6,71a8b96
2026-10-07T17:44:10.212497+00:00,2026-10-07T17:47:14.990323+00:00,UNO,"ST,183000,GGRR,C,0,0,110",6,71a8b96
2026-10-07T17:44:10.212497+00:00,2026-10-07T17:47:15.490728+00:00,UNO,"ST,183500,GGRR,C,0,0,110",6,71a8b96
2026-10-07T17:44:10.212497+00:00,2026-10-07T17:47:15.990791+00:00,UNO,"ST,184000,GGRR,C,0,0,110",6,71a8b96
2026-10-07T17:44:10.212497+00:00,2026-10-07T17:47:16.116820+00:00,UNO,"ST,184126,YYRR,C,0,0,110",6,71a8b96
2026-10-07T17:44:10.212497+00:00,2026-10-07T17:47:16.490543+00:00,UNO,"ST,184500,YYRR,C,0,0,110",6,71a8b96
2026-10-07T17:44:10.212497+00:00,2026-10-07T17:47:16.991565+00:00,UNO,"ST,185000,YYRR,C,0,0,110",6,71a8b96
2026-10-07T17:44:10.212497+00:00,2026-10-07T17:47:17.491622+00:00,UNO,"ST,185500,YYRR,C,0,0,110",6,71a8b96
2026-10-07T17:44:10.212497+00:00,2026-10-07T17:47:17.991048+00:00,UNO,"ST,186000,YYRR,C,0,0,110",6,71a8b96
2026-10-07T17:44:10.212497+00:00,2026-10-07T17:47:18.117053+00:00,UNO,"ST,186126,RRRR,C,0,0,110",6,71a8b96
2026-10-07T17:44:10.212497+00:00,2026-10-07T17:47:18.490750+00:00,UNO,"ST,186500,RRRR,C,0,0,110",6,71a8b96
2026-10-07T17:44:10.212497+00:00,2026-10-07T17:47:18.991819+00:00,UNO,"ST,187000,RRRR,C,0,0,110",6,71a8b96
2026-10-07T17:44:10.212497+00:00,2026-10-07T17:47:19.117817+00:00,UNO,"ST,187126,RRGG,C,0,0,110",6,71a8b96
2026-10-07T17:44:10.212497+00:00,2026-10-07T17:47:19.491856+00:00,UNO,"ST,187500,RRGG,C,0,0,110",6,71a8b96
2026-10-07T17:44:10.212497+00:00,2026-10-07T17:47:19.991919+00:00,UNO,"ST,188000,RRGG,C,0,0,110",6,71a8b96
2026-10-07T17:44:10.212497+00:00,2026-10-07T17:47:20.492313+00:00,UNO,"ST,188500,RRGG,C,0,0,110",6,71a8b96
2026-10-07T17:44:10.212497+00:00,2026-10-07T17:47:20.992022+00:00,UNO,"ST,189000,RRGG,C,0,0,110",6,71a8b96
2026-10-07T17:44:10.212497+00:00,2026-10-07T17:47:21.492100+00:00,UNO,"ST,189500,RRGG,C,0,0,110",6,71a8b96
2026-10-07T17:44:10.212497+00:00,2026-10-07T17:47:21.992184+00:00,UNO,"ST,190000,RRGG,C,0,0,110",6,71a8b96
2026-10-07T17:44:10.212497+00:00,2026-10-07T17:47:22.118186+00:00,UNO,"ST,190126,RRYY,C,0,0,110",6,71a8b96
2026-10-07T17:44:10.212497+00:00,2026-10-07T17:47:22.493218+00:00,UNO,"ST,190500,RRYY,C,0,0,110",6,71a8b96
2026-10-07T17:44:10.212497+00:00,2026-10-07T17:47:22.992617+00:00,UNO,"ST,191000,RRYY,C,0,0,110",6,71a8b96
2026-10-07T17:44:10.212497+00:00,2026-10-07T17:47:23.492322+00:00,UNO,"ST,191500,RRYY,C,0,0,110",6,71a8b96
2026-10-07T17:44:10.212497+00:00,2026-10-07T17:47:23.992412+00:00,UNO,"ST,192000,RRYY,C,0,0,110",6,71a8b96
2026-10-07T17:44:10.212497+00:00,2026-10-07T17:47:24.119378+00:00,UNO,"ST,192126,RRRR,C,0,0,110",6,71a8b96
2026-10-07T17:44:10.212497+00:00,2026-10-07T17:47:24.493441+00:00,UNO,"ST,192500,RRRR,C,0,0,110",6,71a8b96
2026-10-07T17:44:10.212497+00:00,2026-10-07T17:47:24.993495+00:00,UNO,"ST,193000,RRRR,C,0,0,110",6,71a8b96
2026-10-07T17:44:10.212497+00:00,2026-10-07T17:47:25.119520+00:00,UNO,"ST,193126,GGRR,C,0,0,110",6,71a8b96
2026-10-07T17:44:10.212497+00:00,2026-10-07T17:47:25.492909+00:00,UNO,"ST,193500,GGRR,C,0,0,110",6,71a8b96
2026-10-07T17:44:10.212497+00:00,2026-10-07T17:47:25.993612+00:00,UNO,"ST,194000,GGRR,C,0,0,110",6,71a8b96
2026-10-07T17:44:10.212497+00:00,2026-10-07T17:47:26.493697+00:00,UNO,"ST,194500,GGRR,C,0,0,110",6,71a8b96
2026-10-07T17:44:10.212497+00:00,2026-10-07T17:47:26.993764+00:00,UNO,"ST,195000,GGRR,C,0,0,110",6,71a8b96
2026-10-07T17:44:10.212497+00:00,2026-10-07T17:47:27.493161+00:00,UNO,"ST,195500,GGRR,C,0,0,110",6,71a8b96
2026-10-07T17:44:10.212497+00:00,2026-10-07T17:47:27.994184+00:00,UNO,"ST,196000,GGRR,C,0,0,110",6,71a8b96
2026-10-07T17:44:10.212497+00:00,2026-10-07T17:47:28.120208+00:00,UNO,"ST,196126,YYRR,C,0,0,110",6,71a8b96
2026-10-07T17:44:10.212497+00:00,2026-10-07T17:47:28.493901+00:00,UNO,"ST,196500,YYRR,C,0,0,110",6,71a8b96
2026-10-07T17:44:10.212497+00:00,2026-10-07T17:47:28.999668+00:00,UNO,"ST,197000,YYRR,C,0,0,110",6,71a8b96
2026-10-07T17:44:10.212497+00:00,2026-10-07T17:47:29.495025+00:00,UNO,"ST,197500,YYRR,C,0,0,110",6,71a8b96
2026-10-07T17:44:10.212497+00:00,2026-10-07T17:47:29.994416+00:00,UNO,"ST,198000,YYRR,C,0,0,110",6,71a8b96
2026-10-07T17:44:10.212497+00:00,2026-10-07T17:47:30.120468+00:00,UNO,"ST,198126,RRRR,C,0,0,110",6,71a8b96
2026-10-07T17:44:10.212497+00:00,2026-10-07T17:47:30.494141+00:00,UNO,"ST,198500,RRRR,C,0,0,110",6,71a8b96
2026-10-07T17:44:10.212497+00:00,2026-10-07T17:47:30.994215+00:00,UNO,"ST,199000,RRRR,C,0,0,110",6,71a8b96
2026-10-07T17:44:10.212497+00:00,2026-10-07T17:47:31.120222+00:00,UNO,"ST,199126,RRGG,C,0,0,110",6,71a8b96
2026-10-07T17:44:10.212497+00:00,2026-10-07T17:47:31.495263+00:00,UNO,"ST,199500,RRGG,C,0,0,110",6,71a8b96
2026-10-07T17:44:10.212497+00:00,2026-10-07T17:47:31.995315+00:00,UNO,"ST,200000,RRGG,C,0,0,110",6,71a8b96
2026-10-07T17:44:10.212497+00:00,2026-10-07T17:47:32.494726+00:00,UNO,"ST,200500,RRGG,C,0,0,110",6,71a8b96
2026-10-07T17:44:10.212497+00:00,2026-10-07T17:47:32.995446+00:00,UNO,"ST,201000,RRGG,C,0,0,110",6,71a8b96
2026-10-07T17:44:10.212497+00:00,2026-10-07T17:47:33.495476+00:00,UNO,"ST,201500,RRGG,C,0,0,110",6,71a8b96
2026-10-07T17:44:10.212497+00:00,2026-10-07T17:47:33.995549+00:00,UNO,"ST,202000,RRGG,C,0,0,110",6,71a8b96
2026-10-07T17:44:10.212497+00:00,2026-10-07T17:47:34.121574+00:00,UNO,"ST,202126,RRYY,C,0,0,110",6,71a8b96
2026-10-07T17:44:10.212497+00:00,2026-10-07T17:47:34.495615+00:00,UNO,"ST,202500,RRYY,C,0,0,110",6,71a8b96
2026-10-07T17:44:10.212497+00:00,2026-10-07T17:47:34.996017+00:00,UNO,"ST,203000,RRYY,C,0,0,110",6,71a8b96
2026-10-07T17:44:10.212497+00:00,2026-10-07T17:47:35.496081+00:00,UNO,"ST,203500,RRYY,C,0,0,110",6,71a8b96
2026-10-07T17:44:10.212497+00:00,2026-10-07T17:47:35.995786+00:00,UNO,"ST,204000,RRYY,C,0,0,110",6,71a8b96
2026-10-07T17:44:10.212497+00:00,2026-10-07T17:47:36.121784+00:00,UNO,"ST,204126,RRRR,C,0,0,110",6,71a8b96
2026-10-07T17:44:10.212497+00:00,2026-10-07T17:47:36.496849+00:00,UNO,"ST,204500,RRRR,C,0,0,110",6,71a8b96
2026-10-07T17:44:10.212497+00:00,2026-10-07T17:47:36.996962+00:00,UNO,"ST,205000,RRRR,C,0,0,110",6,71a8b96
2026-10-07T17:44:10.212497+00:00,2026-10-07T17:47:37.122922+00:00,UNO,"ST,205126,GGRR,C,0,0,110",6,71a8b96
2026-10-07T17:44:10.212497+00:00,2026-10-07T17:47:37.496289+00:00,UNO,"ST,205500,GGRR,C,0,0,110",6,71a8b96
2026-10-07T17:44:10.212497+00:00,2026-10-07T17:47:37.996364+00:00,UNO,"ST,206000,GGRR,C,0,0,110",6,71a8b96
2026-10-07T17:44:10.212497+00:00,2026-10-07T17:47:38.497083+00:00,UNO,"ST,206500,GGRR,C,0,0,110",6,71a8b96
2026-10-07T17:44:10.212497+00:00,2026-10-07T17:47:38.997138+00:00,UNO,"ST,207000,GGRR,C,0,0,110",6,71a8b96
2026-10-07T17:44:10.212497+00:00,2026-10-07T17:47:39.496532+00:00,UNO,"ST,207500,GGRR,C,0,0,110",6,71a8b96
2026-10-07T17:44:10.212497+00:00,2026-10-07T17:47:39.996581+00:00,UNO,"ST,208000,GGRR,C,0,0,110",6,71a8b96
2026-10-07T17:44:10.212497+00:00,2026-10-07T17:47:40.123686+00:00,UNO,"ST,208126,YYRR,C,0,0,110",6,71a8b96
2026-10-07T17:44:10.212497+00:00,2026-10-07T17:47:40.497656+00:00,UNO,"ST,208500,YYRR,C,0,0,110",6,71a8b96
2026-10-07T17:44:10.212497+00:00,2026-10-07T17:47:40.997377+00:00,UNO,"ST,209000,YYRR,C,0,0,110",6,71a8b96
2026-10-07T17:44:10.212497+00:00,2026-10-07T17:47:41.497432+00:00,UNO,"ST,209500,YYRR,C,0,0,110",6,71a8b96
2026-10-07T17:44:10.212497+00:00,2026-10-07T17:47:41.997839+00:00,UNO,"ST,210000,YYRR,C,0,0,110",6,71a8b96
2026-10-07T17:44:10.212497+00:00,2026-10-07T17:47:42.123840+00:00,UNO,"ST,210126,RRRR,C,0,0,110",6,71a8b96
2026-10-07T17:44:10.212497+00:00,2026-10-07T17:47:42.497895+00:00,UNO,"ST,210500,RRRR,C,0,0,110",6,71a8b96
2026-10-07T17:44:10.212497+00:00,2026-10-07T17:47:42.997589+00:00,UNO,"ST,211000,RRRR,C,0,0,110",6,71a8b96
2026-10-07T17:44:10.212497+00:00,2026-10-07T17:47:43.123962+00:00,UNO,"ST,211126,RRGG,C,0,0,110",6,71a8b96
2026-10-07T17:44:10.212497+00:00,2026-10-07T17:47:43.497666+00:00,UNO,"ST,211500,RRGG,C,0,0,110",6,71a8b96
2026-10-07T17:44:10.212497+00:00,2026-10-07T17:47:43.998713+00:00,UNO,"ST,212000,RRGG,C,0,0,110",6,71a8b96
2026-10-07T17:44:10.212497+00:00,2026-10-07T17:47:44.498128+00:00,UNO,"ST,212500,RRGG,C,0,0,110",6,71a8b96
2026-10-07T17:44:10.212497+00:00,2026-10-07T17:47:44.998190+00:00,UNO,"ST,213000,RRGG,C,0,0,110",6,71a8b96
2026-10-07T17:44:10.212497+00:00,2026-10-07T17:47:45.499245+00:00,UNO,"ST,213500,RRGG,C,0,0,110",6,71a8b96
2026-10-07T17:44:10.212497+00:00,2026-10-07T17:47:45.998980+00:00,UNO,"ST,214000,RRGG,C,0,0,110",6,71a8b96
2026-10-07T17:44:10.212497+00:00,2026-10-07T17:47:46.124971+00:00,UNO,"ST,214126,RRYY,C,0,0,110",6,71a8b96
2026-10-07T17:44:10.212497+00:00,2026-10-07T17:47:46.499007+00:00,UNO,"ST,214500,RRYY,C,0,0,110",6,71a8b96
2026-10-07T17:44:10.212497+00:00,2026-10-07T17:47:46.998422+00:00,UNO,"ST,215000,RRYY,C,0,0,110",6,71a8b96
2026-10-07T17:44:10.212497+00:00,2026-10-07T17:47:47.499471+00:00,UNO,"ST,215500,RRYY,C,0,0,110",6,71a8b96
2026-10-07T17:44:10.212497+00:00,2026-10-07T17:47:47.999189+00:00,UNO,"ST,216000,RRYY,C,0,0,110",6,71a8b96
2026-10-07T17:44:10.212497+00:00,2026-10-07T17:47:48.125663+00:00,UNO,"ST,216126,RRRR,C,0,0,110",6,71a8b96
2026-10-07T17:44:10.212497+00:00,2026-10-07T17:47:48.499379+00:00,UNO,"ST,216500,RRRR,C,0,0,110",6,71a8b96
2026-10-07T17:44:10.212497+00:00,2026-10-07T17:47:49.000303+00:00,UNO,"ST,217000,RRRR,C,0,0,110",6,71a8b96
2026-10-07T17:44:10.212497+00:00,2026-10-07T17:47:49.126314+00:00,UNO,"ST,217126,GGRR,C,0,0,110",6,71a8b96
2026-10-07T17:44:10.212497+00:00,2026-10-07T17:47:49.499693+00:00,UNO,"ST,217500,GGRR,C,0,0,110",6,71a8b96
2026-10-07T17:44:10.212497+00:00,2026-10-07T17:47:49.999846+00:00,UNO,"ST,218000,GGRR,C,0,0,110",6,71a8b96
2026-10-07T17:44:10.212497+00:00,2026-10-07T17:47:50.499485+00:00,UNO,"ST,218500,GGRR,C,0,0,110",6,71a8b96
2026-10-07T17:44:10.212497+00:00,2026-10-07T17:47:51.000544+00:00,UNO,"ST,219000,GGRR,C,0,0,110",6,71a8b96
2026-10-07T17:44:10.212497+00:00,2026-10-07T17:47:51.500599+00:00,UNO,"ST,219500,GGRR,C,0,0,110",6,71a8b96
2026-10-07T17:44:10.212497+00:00,2026-10-07T17:47:52+00:00,UNO,"ST,220000,GGRR,C,0,0,110",6,71a8b96
2026-10-07T17:44:10.212497+00:00,2026-10-07T17:47:52.126036+00:00,UNO,"ST,220126,YYRR,C,0,0,110",6,71a8b96
2026-10-07T17:44:10.212497+00:00,2026-10-07T17:47:52.501052+00:00,UNO,"ST,220500,YYRR,C,0,0,110",6,71a8b96
2026-10-07T17:44:10.212497+00:00,2026-10-07T17:47:53.000775+00:00,UNO,"ST,221000,YYRR,C,0,0,110",6,71a8b96
2026-10-07T17:44:10.212497+00:00,2026-10-07T17:47:53.500875+00:00,UNO,"ST,221500,YYRR,C,0,0,110",6,71a8b96
2026-10-07T17:44:10.212497+00:00,2026-10-07T17:47:54.000888+00:00,UNO,"ST,222000,YYRR,C,0,0,110",6,71a8b96
2026-10-07T17:44:10.212497+00:00,2026-10-07T17:47:54.126902+00:00,UNO,"ST,222126,RRRR,C,0,0,110",6,71a8b96
2026-10-07T17:44:10.212497+00:00,2026-10-07T17:47:54.501291+00:00,UNO,"ST,222500,RRRR,C,0,0,110",6,71a8b96
2026-10-07T17:44:10.212497+00:00,2026-10-07T17:47:55.001361+00:00,UNO,"ST,223000,RRRR,C,0,0,110",6,71a8b96
2026-10-07T17:44:10.212497+00:00,2026-10-07T17:47:55.127365+00:00,UNO,"ST,223126,RRGG,C,0,0,110",6,71a8b96
2026-10-07T17:44:10.212497+00:00,2026-10-07T17:47:55.501054+00:00,UNO,"ST,223500,RRGG,C,0,0,110",6,71a8b96
2026-10-07T17:44:10.212497+00:00,2026-10-07T17:47:56.001106+00:00,UNO,"ST,224000,RRGG,C,0,0,110",6,71a8b96
2026-10-07T17:44:10.212497+00:00,2026-10-07T17:47:56.502166+00:00,UNO,"ST,224500,RRGG,C,0,0,110",6,71a8b96
2026-10-07T17:44:10.212497+00:00,2026-10-07T17:47:57.001597+00:00,UNO,"ST,225000,RRGG,C,0,0,110",6,71a8b96
2026-10-07T17:44:10.212497+00:00,2026-10-07T17:47:57.501293+00:00,UNO,"ST,225500,RRGG,C,0,0,110",6,71a8b96
2026-10-07T17:44:10.212497+00:00,2026-10-07T17:47:58.002375+00:00,UNO,"ST,226000,RRGG,C,0,0,110",6,71a8b96
2026-10-07T17:44:10.212497+00:00,2026-10-07T17:47:58.128374+00:00,UNO,"ST,226126,RRYY,C,0,0,110",6,71a8b96
2026-10-07T17:44:10.212497+00:00,2026-10-07T17:47:58.502418+00:00,UNO,"ST,226500,RRYY,C,0,0,110",6,71a8b96
2026-10-07T17:44:10.212497+00:00,2026-10-07T17:47:59.001855+00:00,UNO,"ST,227000,RRYY,C,0,0,110",6,71a8b96
2026-10-07T17:44:10.212497+00:00,2026-10-07T17:47:59.501907+00:00,UNO,"ST,227500,RRYY,C,0,0,110",6,71a8b96
2026-10-07T17:44:10.212497+00:00,2026-10-07T17:48:00.002936+00:00,UNO,"ST,228000,RRYY,C,0,0,110",6,71a8b96
2026-10-07T17:44:10.212497+00:00,2026-10-07T17:48:00.128960+00:00,UNO,"ST,228126,RRRR,C,0,0,110",6,71a8b96
2026-10-07T17:44:10.212497+00:00,2026-10-07T17:48:00.502630+00:00,UNO,"ST,228500,RRRR,C,0,0,110",6,71a8b96
2026-10-07T17:44:10.212497+00:00,2026-10-07T17:48:01.002778+00:00,UNO,"ST,229000,RRRR,C,0,0,110",6,71a8b96
2026-10-07T17:44:10.212497+00:00,2026-10-07T17:48:01.128698+00:00,UNO,"ST,229126,GGRR,C,0,0,110",6,71a8b96
2026-10-07T17:44:10.212497+00:00,2026-10-07T17:48:01.503761+00:00,UNO,"ST,229500,GGRR,C,0,0,110",6,71a8b96
2026-10-07T17:44:10.212497+00:00,2026-10-07T17:48:02.003169+00:00,UNO,"ST,230000,GGRR,C,0,0,110",6,71a8b96
2026-10-07T17:44:10.212497+00:00,2026-10-07T17:48:02.503224+00:00,UNO,"ST,230500,GGRR,C,0,0,110",6,71a8b96
2026-10-07T17:44:10.212497+00:00,2026-10-07T17:48:03.002915+00:00,UNO,"ST,231000,GGRR,C,0,0,110",6,71a8b96
2026-10-07T17:44:10.212497+00:00,2026-10-07T17:48:03.503986+00:00,UNO,"ST,231500,GGRR,C,0,0,110",6,71a8b96
2026-10-07T17:44:10.212497+00:00,2026-10-07T17:48:04.003401+00:00,UNO,"ST,232000,GGRR,C,0,0,110",6,71a8b96
2026-10-07T17:44:10.212497+00:00,2026-10-07T17:48:04.129481+00:00,UNO,"ST,232126,YYRR,C,0,0,110",6,71a8b96
2026-10-07T17:44:10.212497+00:00,2026-10-07T17:48:04.503443+00:00,UNO,"ST,232500,YYRR,C,0,0,110",6,71a8b96
2026-10-07T17:44:10.212497+00:00,2026-10-07T17:48:05.004154+00:00,UNO,"ST,233000,YYRR,C,0,0,110",6,71a8b96
2026-10-07T17:44:10.212497+00:00,2026-10-07T17:48:05.504208+00:00,UNO,"ST,233500,YYRR,C,0,0,110",6,71a8b96
2026-10-07T17:44:10.212497+00:00,2026-10-07T17:48:06.004280+00:00,UNO,"ST,234000,YYRR,C,0,0,110",6,71a8b96
2026-10-07T17:44:10.212497+00:00,2026-10-07T17:48:06.130301+00:00,UNO,"ST,234126,RRRR,C,0,0,110",6,71a8b96
2026-10-07T17:44:10.212497+00:00,2026-10-07T17:48:06.503679+00:00,UNO,"ST,234500,RRRR,C,0,0,110",6,71a8b96
2026-10-07T17:44:10.212497+00:00,2026-10-07T17:48:07.004808+00:00,UNO,"ST,235000,RRRR,C,0,0,110",6,71a8b96
2026-10-07T17:44:10.212497+00:00,2026-10-07T17:48:07.130767+00:00,UNO,"ST,235126,RRGG,C,0,0,110",6,71a8b96
2026-10-07T17:44:10.212497+00:00,2026-10-07T17:48:07.504450+00:00,UNO,"ST,235500,RRGG,C,0,0,110",6,71a8b96
2026-10-07T17:44:10.212497+00:00,2026-10-07T17:48:08.004517+00:00,UNO,"ST,236000,RRGG,C,0,0,110",6,71a8b96
2026-10-07T17:44:10.212497+00:00,2026-10-07T17:48:08.505576+00:00,UNO,"ST,236500,RRGG,C,0,0,110",6,71a8b96
2026-10-07T17:44:10.212497+00:00,2026-10-07T17:48:09.004990+00:00,UNO,"ST,237000,RRGG,C,0,0,110",6,71a8b96
2026-10-07T17:44:10.212497+00:00,2026-10-07T17:48:09.505040+00:00,UNO,"ST,237500,RRGG,C,0,0,110",6,71a8b96
2026-10-07T17:44:10.212497+00:00,2026-10-07T17:48:10.004738+00:00,UNO,"ST,238000,RRGG,C,0,0,110",6,71a8b96
2026-10-07T17:44:10.212497+00:00,2026-10-07T17:48:10.130770+00:00,UNO,"ST,238126,RRYY,C,0,0,110",6,71a8b96
2026-10-07T17:44:10.212497+00:00,2026-10-07T17:48:10.505802+00:00,UNO,"ST,238500,RRYY,C,0,0,110",6,71a8b96
2026-10-07T17:44:10.212497+00:00,2026-10-07T17:48:11.005869+00:00,UNO,"ST,239000,RRYY,C,0,0,110",6,71a8b96
2026-10-07T17:44:10.212497+00:00,2026-10-07T17:48:11.505255+00:00,UNO,"ST,239500,RRYY,C,0,0,110",6,71a8b96
2026-10-07T17:44:10.212497+00:00,2026-10-07T17:48:12.005336+00:00,UNO,"ST,240000,RRYY,C,0,0,110",6,71a8b96
2026-10-07T17:44:10.212497+00:00,2026-10-07T17:48:12.132358+00:00,UNO,"ST,240126,RRRR,C,0,0,110",6,71a8b96
2026-10-07T17:44:10.212497+00:00,2026-10-07T17:48:12.506033+00:00,UNO,"ST,240500,RRRR,C,0,0,110",6,71a8b96
2026-10-07T17:44:10.212497+00:00,2026-10-07T17:48:13.006122+00:00,UNO,"ST,241000,RRRR,C,0,0,110",6,71a8b96
2026-10-07T17:44:10.212497+00:00,2026-10-07T17:48:13.132129+00:00,UNO,"ST,241126,GGRR,C,0,0,110",6,71a8b96
2026-10-07T17:44:10.212497+00:00,2026-10-07T17:48:13.506142+00:00,UNO,"ST,241500,GGRR,C,0,0,110",6,71a8b96
2026-10-07T17:44:10.212497+00:00,2026-10-07T17:48:14.006570+00:00,UNO,"ST,242000,GGRR,C,0,0,110",6,71a8b96
2026-10-07T17:44:10.212497+00:00,2026-10-07T17:48:14.506282+00:00,UNO,"ST,242500,GGRR,C,0,0,110",6,71a8b96
2026-10-07T17:44:10.212497+00:00,2026-10-07T17:48:15.006334+00:00,UNO,"ST,243000,GGRR,C,0,0,110",6,71a8b96
2026-10-07T17:44:10.212497+00:00,2026-10-07T17:48:15.506742+00:00,UNO,"ST,243500,GGRR,C,0,0,110",6,71a8b96
2026-10-07T17:44:10.212497+00:00,2026-10-07T17:48:16.007450+00:00,UNO,"ST,244000,GGRR,C,0,0,110",6,71a8b96
2026-10-07T17:44:10.212497+00:00,2026-10-07T17:48:16.133469+00:00,UNO,"ST,244126,YYRR,C,0,0,110",6,71a8b96
2026-10-07T17:44:10.212497+00:00,2026-10-07T17:48:16.506863+00:00,UNO,"ST,244500,YYRR,C,0,0,110",6,71a8b96
2026-10-07T17:44:10.212497+00:00,2026-10-07T17:48:17.006567+00:00,UNO,"ST,245000,YYRR,C,0,0,110",6,71a8b96
2026-10-07T17:44:10.212497+00:00,2026-10-07T17:48:17.507628+00:00,UNO,"ST,245500,YYRR,C,0,0,110",6,71a8b96
2026-10-07T17:44:10.212497+00:00,2026-10-07T17:48:18.007688+00:00,UNO,"ST,246000,YYRR,C,0,0,110",6,71a8b96
2026-10-07T17:44:10.212497+00:00,2026-10-07T17:48:18.133702+00:00,UNO,"ST,246126,RRRR,C,0,0,110",6,71a8b96
2026-10-07T17:44:10.212497+00:00,2026-10-07T17:48:18.507727+00:00,UNO,"ST,246500,RRRR,C,0,0,110",6,71a8b96
2026-10-07T17:44:10.212497+00:00,2026-10-07T17:48:19.007166+00:00,UNO,"ST,247000,RRRR,C,0,0,110",6,71a8b96
2026-10-07T17:44:10.212497+00:00,2026-10-07T17:48:19.133166+00:00,UNO,"ST,247126,RRGG,C,0,0,110",6,71a8b96
2026-10-07T17:44:10.212497+00:00,2026-10-07T17:48:19.508757+00:00,UNO,"ST,247500,RRGG,C,0,0,110",6,71a8b96
2026-10-07T17:44:10.212497+00:00,2026-10-07T17:48:20.007920+00:00,UNO,"ST,248000,RRGG,C,0,0,110",6,71a8b96
2026-10-07T17:44:10.212497+00:00,2026-10-07T17:48:20.507968+00:00,UNO,"ST,248500,RRGG,C,0,0,110",6,71a8b96
2026-10-07T17:44:10.212497+00:00,2026-10-07T17:48:21.009042+00:00,UNO,"ST,249000,RRGG,C,0,0,110",6,71a8b96
2026-10-07T17:44:10.212497+00:00,2026-10-07T17:48:21.508564+00:00,UNO,"ST,249500,RRGG,C,0,0,110",6,71a8b96
2026-10-07T17:44:10.212497+00:00,2026-10-07T17:48:22.008145+00:00,UNO,"ST,250000,RRGG,C,0,0,110",6,71a8b96
2026-10-07T17:44:10.212497+00:00,2026-10-07T17:48:22.134180+00:00,UNO,"ST,250126,RRYY,C,0,0,110",6,71a8b96
2026-10-07T17:44:10.212497+00:00,2026-10-07T17:48:22.508212+00:00,UNO,"ST,250500,RRYY,C,0,0,110",6,71a8b96
2026-10-07T17:44:10.212497+00:00,2026-10-07T17:48:23.009294+00:00,UNO,"ST,251000,RRYY,C,0,0,110",6,71a8b96
2026-10-07T17:44:10.212497+00:00,2026-10-07T17:48:23.509316+00:00,UNO,"ST,251500,RRYY,C,0,0,110",6,71a8b96
2026-10-07T17:44:10.212497+00:00,2026-10-07T17:48:24.008736+00:00,UNO,"ST,252000,RRYY,C,0,0,110",6,71a8b96
2026-10-07T17:44:10.212497+00:00,2026-10-07T17:48:24.134772+00:00,UNO,"ST,252126,RRRR,C,0,0,110",6,71a8b96
2026-10-07T17:44:10.212497+00:00,2026-10-07T17:48:24.509424+00:00,UNO,"ST,252500,RRRR,C,0,0,110",6,71a8b96
2026-10-07T17:44:10.212497+00:00,2026-10-07T17:48:25.009529+00:00,UNO,"ST,253000,RRRR,C,0,0,110",6,71a8b96
2026-10-07T17:44:10.212497+00:00,2026-10-07T17:48:25.135490+00:00,UNO,"ST,253126,GGRR,C,0,0,110",6,71a8b96
2026-10-07T17:44:10.212497+00:00,2026-10-07T17:48:25.509552+00:00,UNO,"ST,253500,GGRR,C,0,0,110",6,71a8b96
2026-10-07T17:44:10.212497+00:00,2026-10-07T17:48:26.008955+00:00,UNO,"ST,254000,GGRR,C,0,0,110",6,71a8b96
2026-10-07T17:44:10.212497+00:00,2026-10-07T17:48:26.510017+00:00,UNO,"ST,254500,GGRR,C,0,0,110",6,71a8b96
2026-10-07T17:44:10.212497+00:00,2026-10-07T17:48:27.009736+00:00,UNO,"ST,255000,GGRR,C,0,0,110",6,71a8b96
2026-10-07T17:44:10.212497+00:00,2026-10-07T17:48:27.509795+00:00,UNO,"ST,255500,GGRR,C,0,0,110",6,71a8b96
2026-10-07T17:44:10.212497+00:00,2026-10-07T17:48:28.009830+00:00,UNO,"ST,256000,GGRR,C,0,0,110",6,71a8b96
2026-10-07T17:44:10.212497+00:00,2026-10-07T17:48:28.136867+00:00,UNO,"ST,256126,YYRR,C,0,0,110",6,71a8b96
2026-10-07T17:44:10.212497+00:00,2026-10-07T17:48:28.510252+00:00,UNO,"ST,256500,YYRR,C,0,0,110",6,71a8b96
2026-10-07T17:44:10.212497+00:00,2026-10-07T17:48:29.010390+00:00,UNO,"ST,257000,YYRR,C,0,0,110",6,71a8b96
2026-10-07T17:44:10.212497+00:00,2026-10-07T17:48:29.510028+00:00,UNO,"ST,257500,YYRR,C,0,0,110",6,71a8b96
2026-10-07T17:44:10.212497+00:00,2026-10-07T17:48:30.011086+00:00,UNO,"ST,258000,YYRR,C,0,0,110",6,71a8b96
2026-10-07T17:44:10.212497+00:00,2026-10-07T17:48:30.137130+00:00,UNO,"ST,258126,RRRR,C,0,0,110",6,71a8b96
2026-10-07T17:44:10.212497+00:00,2026-10-07T17:48:30.511125+00:00,UNO,"ST,258500,RRRR,C,0,0,110",6,71a8b96
2026-10-07T17:44:10.212497+00:00,2026-10-07T17:48:31.010550+00:00,UNO,"ST,259000,RRRR,C,0,0,110",6,71a8b96
2026-10-07T17:44:10.212497+00:00,2026-10-07T17:48:31.136555+00:00,UNO,"ST,259126,RRGG,C,0,0,110",6,71a8b96
2026-10-07T17:44:10.212497+00:00,2026-10-07T17:48:31.510601+00:00,UNO,"ST,259500,RRGG,C,0,0,110",6,71a8b96
2026-10-07T17:44:10.212497+00:00,2026-10-07T17:48:32.011318+00:00,UNO,"ST,260000,RRGG,C,0,0,110",6,71a8b96
2026-10-07T17:44:10.212497+00:00,2026-10-07T17:48:32.511357+00:00,UNO,"ST,260500,RRGG,C,0,0,110",6,71a8b96
2026-10-07T17:44:10.212497+00:00,2026-10-07T17:48:33.011417+00:00,UNO,"ST,261000,RRGG,C,0,0,110",6,71a8b96
2026-10-07T17:44:10.212497+00:00,2026-10-07T17:48:33.511848+00:00,UNO,"ST,261500,RRGG,C,0,0,110",6,71a8b96
2026-10-07T17:44:10.212497+00:00,2026-10-07T17:48:34.011548+00:00,UNO,"ST,262000,RRGG,C,0,0,110",6,71a8b96
2026-10-07T17:44:10.212497+00:00,2026-10-07T17:48:34.137607+00:00,UNO,"ST,262126,RRYY,C,0,0,110",6,71a8b96
2026-10-07T17:44:10.212497+00:00,2026-10-07T17:48:34.511583+00:00,UNO,"ST,262500,RRYY,C,0,0,110",6,71a8b96
2026-10-07T17:44:10.212497+00:00,2026-10-07T17:48:35.011670+00:00,UNO,"ST,263000,RRYY,C,0,0,110",6,71a8b96
2026-10-07T17:44:10.212497+00:00,2026-10-07T17:48:35.512772+00:00,UNO,"ST,263500,RRYY,C,0,0,110",6,71a8b96
2026-10-07T17:44:10.212497+00:00,2026-10-07T17:48:36.012136+00:00,UNO,"ST,264000,RRYY,C,0,0,110",6,71a8b96
2026-10-07T17:44:10.212497+00:00,2026-10-07T17:48:36.138151+00:00,UNO,"ST,264126,RRRR,C,0,0,110",6,71a8b96
2026-10-07T17:44:10.212497+00:00,2026-10-07T17:48:36.512166+00:00,UNO,"ST,264500,RRRR,C,0,0,110",6,71a8b96
2026-10-07T17:44:10.212497+00:00,2026-10-07T17:48:37.012909+00:00,UNO,"ST,265000,RRRR,C,0,0,110",6,71a8b96
2026-10-07T17:44:10.212497+00:00,2026-10-07T17:48:37.138904+00:00,UNO,"ST,265126,GGRR,C,0,0,110",6,71a8b96
2026-10-07T17:44:10.212497+00:00,2026-10-07T17:48:37.512935+00:00,UNO,"ST,265500,GGRR,C,0,0,110",6,71a8b96
2026-10-07T17:44:10.212497+00:00,2026-10-07T17:48:38.012382+00:00,UNO,"ST,266000,GGRR,C,0,0,110",6,71a8b96
2026-10-07T17:44:10.212497+00:00,2026-10-07T17:48:38.512419+00:00,UNO,"ST,266500,GGRR,C,0,0,110",6,71a8b96
2026-10-07T17:44:10.212497+00:00,2026-10-07T17:48:39.013163+00:00,UNO,"ST,267000,GGRR,C,0,0,110",6,71a8b96
2026-10-07T17:44:10.212497+00:00,2026-10-07T17:48:39.513203+00:00,UNO,"ST,267500,GGRR,C,0,0,110",6,71a8b96
2026-10-07T17:44:10.212497+00:00,2026-10-07T17:48:40.013238+00:00,UNO,"ST,268000,GGRR,C,0,0,110",6,71a8b96
2026-10-07T17:44:10.212497+00:00,2026-10-07T17:48:40.139254+00:00,UNO,"ST,268126,YYRR,C,0,0,110",6,71a8b96
2026-10-07T17:44:10.212497+00:00,2026-10-07T17:48:40.513648+00:00,UNO,"ST,268500,YYRR,C,0,0,110",6,71a8b96
2026-10-07T17:44:10.212497+00:00,2026-10-07T17:48:41.013733+00:00,UNO,"ST,269000,YYRR,C,0,0,110",6,71a8b96
2026-10-07T17:44:10.212497+00:00,2026-10-07T17:48:41.513421+00:00,UNO,"ST,269500,YYRR,C,0,0,110",6,71a8b96
2026-10-07T17:44:10.212497+00:00,2026-10-07T17:48:42.013488+00:00,UNO,"ST,270000,YYRR,C,0,0,110",6,71a8b96
2026-10-07T17:44:10.212497+00:00,2026-10-07T17:48:42.139488+00:00,UNO,"ST,270126,RRRR,C,0,0,110",6,71a8b96
2026-10-07T17:44:10.212497+00:00,2026-10-07T17:48:42.514536+00:00,UNO,"ST,270500,RRRR,C,0,0,110",6,71a8b96
2026-10-07T17:44:10.212497+00:00,2026-10-07T17:48:43.013958+00:00,UNO,"ST,271000,RRRR,C,0,0,110",6,71a8b96
2026-10-07T17:44:10.212497+00:00,2026-10-07T17:48:43.139966+00:00,UNO,"ST,271126,RRGG,C,0,0,110",6,71a8b96
2026-10-07T17:44:10.212497+00:00,2026-10-07T17:48:43.513989+00:00,UNO,"ST,271500,RRGG,C,0,0,110",6,71a8b96
2026-10-07T17:44:10.212497+00:00,2026-10-07T17:48:44.013719+00:00,UNO,"ST,272000,RRGG,C,0,0,110",6,71a8b96
2026-10-07T17:44:10.212497+00:00,2026-10-07T17:48:44.514780+00:00,UNO,"ST,272500,RRGG,C,0,0,110",6,71a8b96
2026-10-07T17:44:10.212497+00:00,2026-10-07T17:48:45.014857+00:00,UNO,"ST,273000,RRGG,C,0,0,110",6,71a8b96
2026-10-07T17:44:10.212497+00:00,2026-10-07T17:48:45.514953+00:00,UNO,"ST,273500,RRGG,C,0,0,110",6,71a8b96
2026-10-07T17:44:10.212497+00:00,2026-10-07T17:48:46.015300+00:00,UNO,"ST,274000,RRGG,C,0,0,110",6,71a8b96
2026-10-07T17:44:10.212497+00:00,2026-10-07T17:48:46.141495+00:00,UNO,"ST,274126,RRYY,C,0,0,110",6,71a8b96
2026-10-07T17:44:10.212497+00:00,2026-10-07T17:48:46.515000+00:00,UNO,"ST,274500,RRYY,C,0,0,110",6,71a8b96
2026-10-07T17:44:10.212497+00:00,2026-10-07T17:48:47.015075+00:00,UNO,"ST,275000,RRYY,C,0,0,110",6,71a8b96
2026-10-07T17:44:10.212497+00:00,2026-10-07T17:48:47.515198+00:00,UNO,"ST,275500,RRYY,C,0,0,110",6,71a8b96
2026-10-07T17:44:10.212497+00:00,2026-10-07T17:48:48.016262+00:00,UNO,"ST,276000,RRYY,C,0,0,110",6,71a8b96
2026-10-07T17:44:10.212497+00:00,2026-10-07T17:48:48.141557+00:00,UNO,"ST,276126,RRRR,C,0,0,110",6,71a8b96
2026-10-07T17:44:10.212497+00:00,2026-10-07T17:48:48.515715+00:00,UNO,"ST,276500,RRRR,C,0,0,110",6,71a8b96
2026-10-07T17:44:10.212497+00:00,2026-10-07T17:48:49.015381+00:00,UNO,"ST,277000,RRRR,C,0,0,110",6,71a8b96
2026-10-07T17:44:10.212497+00:00,2026-10-07T17:48:49.141692+00:00,UNO,"ST,277126,GGRR,C,0,0,110",6,71a8b96
2026-10-07T17:44:10.212497+00:00,2026-10-07T17:48:49.516381+00:00,UNO,"ST,277500,GGRR,C,0,0,110",6,71a8b96
2026-10-07T17:44:10.212497+00:00,2026-10-07T17:48:50.016520+00:00,UNO,"ST,278000,GGRR,C,0,0,110",6,71a8b96
2026-10-07T17:44:10.212497+00:00,2026-10-07T17:48:50.515853+00:00,UNO,"ST,278500,GGRR,C,0,0,110",6,71a8b96
2026-10-07T17:44:10.212497+00:00,2026-10-07T17:48:51.015916+00:00,UNO,"ST,279000,GGRR,C,0,0,110",6,71a8b96
2026-10-07T17:44:10.212497+00:00,2026-10-07T17:48:51.516593+00:00,UNO,"ST,279500,GGRR,C,0,0,110",6,71a8b96
2026-10-07T17:44:10.212497+00:00,2026-10-07T17:48:52.016640+00:00,UNO,"ST,280000,GGRR,C,0,0,110",6,71a8b96
2026-10-07T17:44:10.212497+00:00,2026-10-07T17:48:52.142690+00:00,UNO,"ST,280126,YYRR,C,0,0,110",6,71a8b96
2026-10-07T17:44:10.212497+00:00,2026-10-07T17:48:52.516747+00:00,UNO,"ST,280500,YYRR,C,0,0,110",6,71a8b96
2026-10-07T17:44:10.212497+00:00,2026-10-07T17:48:53.017142+00:00,UNO,"ST,281000,YYRR,C,0,0,110",6,71a8b96
2026-10-07T17:44:10.212497+00:00,2026-10-07T17:48:53.516826+00:00,UNO,"ST,281500,YYRR,C,0,0,110",6,71a8b96
2026-10-07T17:44:10.212497+00:00,2026-10-07T17:48:54.016963+00:00,UNO,"ST,282000,YYRR,C,0,0,110",6,71a8b96
2026-10-07T17:44:10.212497+00:00,2026-10-07T17:48:54.142880+00:00,UNO,"ST,282126,RRRR,C,0,0,110",6,71a8b96
2026-10-07T17:44:10.212497+00:00,2026-10-07T17:48:54.516930+00:00,UNO,"ST,282500,RRRR,C,0,0,110",6,71a8b96
2026-10-07T17:44:10.212497+00:00,2026-10-07T17:48:55.018009+00:00,UNO,"ST,283000,RRRR,C,0,0,110",6,71a8b96
2026-10-07T17:44:10.212497+00:00,2026-10-07T17:48:55.144017+00:00,UNO,"ST,283126,RRGG,C,0,0,110",6,71a8b96
2026-10-07T17:44:10.212497+00:00,2026-10-07T17:48:55.517396+00:00,UNO,"ST,283500,RRGG,C,0,0,110",6,71a8b96
2026-10-07T17:44:10.212497+00:00,2026-10-07T17:48:56.017106+00:00,UNO,"ST,284000,RRGG,C,0,0,110",6,71a8b96
2026-10-07T17:44:10.212497+00:00,2026-10-07T17:48:56.518155+00:00,UNO,"ST,284500,RRGG,C,0,0,110",6,71a8b96
2026-10-07T17:44:10.212497+00:00,2026-10-07T17:48:57.018232+00:00,UNO,"ST,285000,RRGG,C,0,0,110",6,71a8b96
2026-10-07T17:44:10.212497+00:00,2026-10-07T17:48:57.518281+00:00,UNO,"ST,285500,RRGG,C,0,0,110",6,71a8b96
2026-10-07T17:44:10.212497+00:00,2026-10-07T17:48:58.017751+00:00,UNO,"ST,286000,RRGG,C,0,0,110",6,71a8b96
2026-10-07T17:44:10.212497+00:00,2026-10-07T17:48:58.143718+00:00,UNO,"ST,286126,RRYY,C,0,0,110",6,71a8b96
2026-10-07T17:44:10.212497+00:00,2026-10-07T17:48:58.518408+00:00,UNO,"ST,286500,RRYY,C,0,0,110",6,71a8b96
2026-10-07T17:44:10.212497+00:00,2026-10-07T17:48:59.018585+00:00,UNO,"ST,287000,RRYY,C,0,0,110",6,71a8b96
2026-10-07T17:44:10.212497+00:00,2026-10-07T17:48:59.518528+00:00,UNO,"ST,287500,RRYY,C,0,0,110",6,71a8b96
2026-10-07T17:44:10.212497+00:00,2026-10-07T17:49:00.018598+00:00,UNO,"ST,288000,RRYY,C,0,0,110",6,71a8b96
2026-10-07T17:44:10.212497+00:00,2026-10-07T17:49:00.145585+00:00,UNO,"ST,288126,RRRR,C,0,0,110",6,71a8b96
2026-10-07T17:44:10.212497+00:00,2026-10-07T17:49:00.518967+00:00,UNO,"ST,288500,RRRR,C,0,0,110",6,71a8b96
2026-10-07T17:44:10.212497+00:00,2026-10-07T17:49:01.019066+00:00,UNO,"ST,289000,RRRR,C,0,0,110",6,71a8b96
2026-10-07T17:44:10.212497+00:00,2026-10-07T17:49:01.145085+00:00,UNO,"ST,289126,GGRR,C,0,0,110",6,71a8b96
2026-10-07T17:44:10.212497+00:00,2026-10-07T17:49:01.518735+00:00,UNO,"ST,289500,GGRR,C,0,0,110",6,71a8b96
2026-10-07T17:44:10.212497+00:00,2026-10-07T17:49:02.019809+00:00,UNO,"ST,290000,GGRR,C,0,0,110",6,71a8b96
2026-10-07T17:44:10.212497+00:00,2026-10-07T17:49:02.519885+00:00,UNO,"ST,290500,GGRR,C,0,0,110",6,71a8b96
2026-10-07T17:44:10.212497+00:00,2026-10-07T17:49:03.019283+00:00,UNO,"ST,291000,GGRR,C,0,0,110",6,71a8b96
2026-10-07T17:44:10.212497+00:00,2026-10-07T17:49:03.518997+00:00,UNO,"ST,291500,GGRR,C,0,0,110",6,71a8b96
2026-10-07T17:44:10.212497+00:00,2026-10-07T17:49:04.020164+00:00,UNO,"ST,292000,GGRR,C,0,0,110",6,71a8b96
2026-10-07T17:44:10.212497+00:00,2026-10-07T17:49:04.146051+00:00,UNO,"ST,292126,YYRR,C,0,0,110",6,71a8b96
2026-10-07T17:44:10.212497+00:00,2026-10-07T17:49:04.520089+00:00,UNO,"ST,292500,YYRR,C,0,0,110",6,71a8b96
2026-10-07T17:44:10.212497+00:00,2026-10-07T17:49:05.020171+00:00,UNO,"ST,293000,YYRR,C,0,0,110",6,71a8b96
2026-10-07T17:44:10.212497+00:00,2026-10-07T17:49:05.520578+00:00,UNO,"ST,293500,YYRR,C,0,0,110",6,71a8b96
2026-10-07T17:44:10.212497+00:00,2026-10-07T17:49:06.020386+00:00,UNO,"ST,294000,YYRR,C,0,0,110",6,71a8b96
2026-10-07T17:44:10.212497+00:00,2026-10-07T17:49:06.146317+00:00,UNO,"ST,294126,RRRR,C,0,0,110",6,71a8b96
2026-10-07T17:44:10.212497+00:00,2026-10-07T17:49:06.520343+00:00,UNO,"ST,294500,RRRR,C,0,0,110",6,71a8b96
2026-10-07T17:44:10.212497+00:00,2026-10-07T17:49:07.020420+00:00,UNO,"ST,295000,RRRR,C,0,0,110",6,71a8b96
2026-10-07T17:44:10.212497+00:00,2026-10-07T17:49:07.146423+00:00,UNO,"ST,295126,RRGG,C,0,0,110",6,71a8b96
2026-10-07T17:44:10.212497+00:00,2026-10-07T17:49:07.520815+00:00,UNO,"ST,295500,RRGG,C,0,0,110",6,71a8b96
2026-10-07T17:44:10.212497+00:00,2026-10-07T17:49:08.020861+00:00,UNO,"ST,296000,RRGG,C,0,0,110",6,71a8b96
2026-10-07T17:44:10.212497+00:00,2026-10-07T17:49:08.520590+00:00,UNO,"ST,296500,RRGG,C,0,0,110",6,71a8b96
2026-10-07T17:44:10.212497+00:00,2026-10-07T17:49:09.021662+00:00,UNO,"ST,297000,RRGG,C,0,0,110",6,71a8b96
2026-10-07T17:44:10.212497+00:00,2026-10-07T17:49:09.521687+00:00,UNO,"ST,297500,RRGG,C,0,0,110",6,71a8b96
2026-10-07T17:44:10.212497+00:00,2026-10-07T17:49:10.021116+00:00,UNO,"ST,298000,RRGG,C,0,0,110",6,71a8b96
2026-10-07T17:44:10.212497+00:00,2026-10-07T17:49:10.147097+00:00,UNO,"ST,298126,RRYY,C,0,0,110",6,71a8b96
2026-10-07T17:44:10.212497+00:00,2026-10-07T17:49:10.521166+00:00,UNO,"ST,298500,RRYY,C,0,0,110",6,71a8b96
2026-10-07T17:44:10.212497+00:00,2026-10-07T17:49:11.021876+00:00,UNO,"ST,299000,RRYY,C,0,0,110",6,71a8b96
2026-10-07T17:44:10.212497+00:00,2026-10-07T17:49:11.521913+00:00,UNO,"ST,299500,RRYY,C,0,0,110",6,71a8b96
2026-10-07T17:44:10.212497+00:00,2026-10-07T17:49:12.021998+00:00,UNO,"ST,300000,RRYY,C,0,0,110",6,71a8b96
2026-10-07T17:44:10.212497+00:00,2026-10-07T17:49:12.148005+00:00,UNO,"ST,300126,RRRR,C,0,0,110",6,71a8b96
2026-10-07T17:44:10.212497+00:00,2026-10-07T17:49:12.523058+00:00,UNO,"ST,300500,RRRR,C,0,0,110",6,71a8b96
2026-10-07T17:44:10.212497+00:00,2026-10-07T17:49:13.022509+00:00,UNO,"ST,301000,RRRR,C,0,0,110",6,71a8b96
2026-10-07T17:44:10.212497+00:00,2026-10-07T17:49:13.148449+00:00,UNO,"ST,301126,GGRR,C,0,0,110",6,71a8b96
2026-10-07T17:44:10.212497+00:00,2026-10-07T17:49:13.522170+00:00,UNO,"ST,301500,GGRR,C,0,0,110",6,71a8b96
2026-10-07T17:44:10.212497+00:00,2026-10-07T17:49:14.022221+00:00,UNO,"ST,302000,GGRR,C,0,0,110",6,71a8b96
2026-10-07T17:44:10.212497+00:00,2026-10-07T17:49:14.523276+00:00,UNO,"ST,302500,GGRR,C,0,0,110",6,71a8b96
2026-10-07T17:44:10.212497+00:00,2026-10-07T17:49:15.022671+00:00,UNO,"ST,303000,GGRR,C,0,0,110",6,71a8b96
2026-10-07T17:44:10.212497+00:00,2026-10-07T17:49:15.522404+00:00,UNO,"ST,303500,GGRR,C,0,0,110",6,71a8b96
2026-10-07T17:44:10.212497+00:00,2026-10-07T17:49:16.022517+00:00,UNO,"ST,304000,GGRR,C,0,0,110",6,71a8b96
2026-10-07T17:44:10.212497+00:00,2026-10-07T17:49:16.149467+00:00,UNO,"ST,304126,YYRR,C,0,0,110",6,71a8b96
2026-10-07T17:44:10.212497+00:00,2026-10-07T17:49:16.523489+00:00,UNO,"ST,304500,YYRR,C,0,0,110",6,71a8b96
2026-10-07T17:44:10.212497+00:00,2026-10-07T17:49:17.023570+00:00,UNO,"ST,305000,YYRR,C,0,0,110",6,71a8b96
2026-10-07T17:44:10.212497+00:00,2026-10-07T17:49:17.522970+00:00,UNO,"ST,305500,YYRR,C,0,0,110",6,71a8b96
2026-10-07T17:44:10.212497+00:00,2026-10-07T17:49:18.023683+00:00,UNO,"ST,306000,YYRR,C,0,0,110",6,71a8b96
2026-10-07T17:44:10.212497+00:00,2026-10-07T17:49:18.149686+00:00,UNO,"ST,306126,RRRR,C,0,0,110",6,71a8b96
2026-10-07T17:44:10.212497+00:00,2026-10-07T17:49:18.523743+00:00,UNO,"ST,306500,RRRR,C,0,0,110",6,71a8b96
2026-10-07T17:44:10.212497+00:00,2026-10-07T17:49:19.023845+00:00,UNO,"ST,307000,RRRR,C,0,0,110",6,71a8b96
2026-10-07T17:44:10.212497+00:00,2026-10-07T17:49:19.150224+00:00,UNO,"ST,307126,RRGG,C,0,0,110",6,71a8b96
2026-10-07T17:44:10.212497+00:00,2026-10-07T17:49:19.524121+00:00,UNO,"ST,307500,RRGG,C,0,0,110",6,71a8b96
2026-10-07T17:44:10.212497+00:00,2026-10-07T17:49:20.024315+00:00,UNO,"ST,308000,RRGG,C,0,0,110",6,71a8b96
2026-10-07T17:44:10.212497+00:00,2026-10-07T17:49:20.523971+00:00,UNO,"ST,308500,RRGG,C,0,0,110",6,71a8b96
2026-10-07T17:44:10.212497+00:00,2026-10-07T17:49:21.024035+00:00,UNO,"ST,309000,RRGG,C,0,0,110",6,71a8b96
2026-10-07T17:44:10.212497+00:00,2026-10-07T17:49:21.525083+00:00,UNO,"ST,309500,RRGG,C,0,0,110",6,71a8b96
2026-10-07T17:44:10.212497+00:00,2026-10-07T17:49:22.025134+00:00,UNO,"ST,310000,RRGG,C,0,0,110",6,71a8b96
2026-10-07T17:44:10.212497+00:00,2026-10-07T17:49:22.151148+00:00,UNO,"ST,310126,RRYY,C,0,0,110",6,71a8b96
2026-10-07T17:44:10.212497+00:00,2026-10-07T17:49:22.524543+00:00,UNO,"ST,310500,RRYY,C,0,0,110",6,71a8b96
2026-10-07T17:44:10.212497+00:00,2026-10-07T17:49:23.024285+00:00,UNO,"ST,311000,RRYY,C,0,0,110",6,71a8b96
2026-10-07T17:44:10.212497+00:00,2026-10-07T17:49:23.526160+00:00,UNO,"ST,311500,RRYY,C,0,0,110",6,71a8b96
2026-10-07T17:44:10.212497+00:00,2026-10-07T17:49:24.025394+00:00,UNO,"ST,312000,RRYY,C,0,0,110",6,71a8b96
2026-10-07T17:44:10.212497+00:00,2026-10-07T17:49:24.151418+00:00,UNO,"ST,312126,RRRR,C,0,0,110",6,71a8b96
2026-10-07T17:44:10.212497+00:00,2026-10-07T17:49:24.525441+00:00,UNO,"ST,312500,RRRR,C,0,0,110",6,71a8b96
2026-10-07T17:44:10.212497+00:00,2026-10-07T17:49:25.025848+00:00,UNO,"ST,313000,RRRR,C,0,0,110",6,71a8b96
2026-10-07T17:44:10.212497+00:00,2026-10-07T17:49:25.151850+00:00,UNO,"ST,313126,GGRR,C,0,0,110",6,71a8b96
2026-10-07T17:44:10.212497+00:00,2026-10-07T17:49:25.525590+00:00,UNO,"ST,313500,GGRR,C,0,0,110",6,71a8b96
2026-10-07T17:44:10.212497+00:00,2026-10-07T17:49:26.025603+00:00,UNO,"ST,314000,GGRR,C,0,0,110",6,71a8b96
2026-10-07T17:44:10.212497+00:00,2026-10-07T17:49:26.525656+00:00,UNO,"ST,314500,GGRR,C,0,0,110",6,71a8b96
2026-10-07T17:44:10.212497+00:00,2026-10-07T17:49:27.026723+00:00,UNO,"ST,315000,GGRR,C,0,0,110",6,71a8b96
2026-10-07T17:44:10.212497+00:00,2026-10-07T17:49:27.526137+00:00,UNO,"ST,315500,GGRR,C,0,0,110",6,71a8b96
2026-10-07T17:44:10.212497+00:00,2026-10-07T17:49:28.025861+00:00,UNO,"ST,316000,GGRR,C,0,0,110",6,71a8b96
2026-10-07T17:44:10.212497+00:00,2026-10-07T17:49:28.151852+00:00,UNO,"ST,316126,YYRR,C,0,0,110",6,71a8b96
2026-10-07T17:44:10.212497+00:00,2026-10-07T17:49:28.526902+00:00,UNO,"ST,316500,YYRR,C,0,0,110",6,71a8b96
2026-10-07T17:44:10.212497+00:00,2026-10-07T17:49:29.027012+00:00,UNO,"ST,317000,YYRR,C,0,0,110",6,71a8b96
2026-10-07T17:44:10.212497+00:00,2026-10-07T17:49:29.526376+00:00,UNO,"ST,317500,YYRR,C,0,0,110",6,71a8b96
2026-10-07T17:44:10.212497+00:00,2026-10-07T17:49:30.026475+00:00,UNO,"ST,318000,YYRR,C,0,0,110",6,71a8b96
2026-10-07T17:44:10.212497+00:00,2026-10-07T17:49:30.152437+00:00,UNO,"ST,318126,RRRR,C,0,0,110",6,71a8b96
2026-10-07T17:44:10.212497+00:00,2026-10-07T17:49:30.527147+00:00,UNO,"ST,318500,RRRR,C,0,0,110",6,71a8b96
2026-10-07T17:44:10.212497+00:00,2026-10-07T17:49:31.027201+00:00,UNO,"ST,319000,RRRR,C,0,0,110",6,71a8b96
2026-10-07T17:44:10.212497+00:00,2026-10-07T17:49:31.153281+00:00,UNO,"ST,319126,RRGG,C,0,0,110",6,71a8b96
2026-10-07T17:44:10.212497+00:00,2026-10-07T17:49:31.527274+00:00,UNO,"ST,319500,RRGG,C,0,0,110",6,71a8b96
2026-10-07T17:44:10.212497+00:00,2026-10-07T17:49:32.026676+00:00,UNO,"ST,320000,RRGG,C,0,0,110",6,71a8b96
2026-10-07T17:44:10.212497+00:00,2026-10-07T17:49:32.527740+00:00,UNO,"ST,320500,RRGG,C,0,0,110",6,71a8b96
2026-10-07T17:44:10.212497+00:00,2026-10-07T17:49:33.027465+00:00,UNO,"ST,321000,RRGG,C,0,0,110",6,71a8b96
2026-10-07T17:44:10.212497+00:00,2026-10-07T17:49:33.527480+00:00,UNO,"ST,321500,RRGG,C,0,0,110",6,71a8b96
2026-10-07T17:44:10.212497+00:00,2026-10-07T17:49:34.028556+00:00,UNO,"ST,322000,RRGG,C,0,0,110",6,71a8b96
2026-10-07T17:44:10.212497+00:00,2026-10-07T17:49:34.154569+00:00,UNO,"ST,322126,RRYY,C,0,0,110",6,71a8b96
2026-10-07T17:44:10.212497+00:00,2026-10-07T17:49:34.527955+00:00,UNO,"ST,322500,RRYY,C,0,0,110",6,71a8b96
2026-10-07T17:44:10.212497+00:00,2026-10-07T17:49:35.028025+00:00,UNO,"ST,323000,RRYY,C,0,0,110",6,71a8b96
2026-10-07T17:44:10.212497+00:00,2026-10-07T17:49:35.527716+00:00,UNO,"ST,323500,RRYY,C,0,0,110",6,71a8b96
2026-10-07T17:44:10.212497+00:00,2026-10-07T17:49:36.028784+00:00,UNO,"ST,324000,RRYY,C,0,0,110",6,71a8b96
2026-10-07T17:44:10.212497+00:00,2026-10-07T17:49:36.154800+00:00,UNO,"ST,324126,RRRR,C,0,0,110",6,71a8b96
2026-10-07T17:44:10.212497+00:00,2026-10-07T17:49:36.528844+00:00,UNO,"ST,324500,RRRR,C,0,0,110",6,71a8b96
2026-10-07T17:44:10.212497+00:00,2026-10-07T17:49:37.028236+00:00,UNO,"ST,325000,RRRR,C,0,0,110",6,71a8b96
2026-10-07T17:44:10.212497+00:00,2026-10-07T17:49:37.154249+00:00,UNO,"ST,325126,GGRR,C,0,0,110",6,71a8b96
2026-10-07T17:44:10.212497+00:00,2026-10-07T17:49:37.529312+00:00,UNO,"ST,325500,GGRR,C,0,0,110",6,71a8b96
2026-10-07T17:44:10.212497+00:00,2026-10-07T17:49:38.029016+00:00,UNO,"ST,326000,GGRR,C,0,0,110",6,71a8b96
2026-10-07T17:44:10.212497+00:00,2026-10-07T17:49:38.529074+00:00,UNO,"ST,326500,GGRR,C,0,0,110",6,71a8b96
2026-10-07T17:44:10.212497+00:00,2026-10-07T17:49:39.029156+00:00,UNO,"ST,327000,GGRR,C,0,0,110",6,71a8b96
2026-10-07T17:44:10.212497+00:00,2026-10-07T17:49:39.529548+00:00,UNO,"ST,327500,GGRR,C,0,0,110",6,71a8b96
2026-10-07T17:44:10.212497+00:00,2026-10-07T17:49:40.029258+00:00,UNO,"ST,328000,GGRR,C,0,0,110",6,71a8b96
2026-10-07T17:44:10.212497+00:00,2026-10-07T17:49:40.155268+00:00,UNO,"ST,328126,YYRR,C,0,0,110",6,71a8b96
2026-10-07T17:44:10.212497+00:00,2026-10-07T17:49:40.529294+00:00,UNO,"ST,328500,YYRR,C,0,0,110",6,71a8b96
2026-10-07T17:44:10.212497+00:00,2026-10-07T17:49:41.030372+00:00,UNO,"ST,329000,YYRR,C,0,0,110",6,71a8b96
2026-10-07T17:44:10.212497+00:00,2026-10-07T17:49:41.529764+00:00,UNO,"ST,329500,YYRR,C,0,0,110",6,71a8b96
2026-10-07T17:44:10.212497+00:00,2026-10-07T17:49:42.029831+00:00,UNO,"ST,330000,YYRR,C,0,0,110",6,71a8b96
2026-10-07T17:44:10.212497+00:00,2026-10-07T17:49:42.155827+00:00,UNO,"ST,330126,RRRR,C,0,0,110",6,71a8b96
2026-10-07T17:44:10.212497+00:00,2026-10-07T17:49:42.529543+00:00,UNO,"ST,330500,RRRR,C,0,0,110",6,71a8b96
2026-10-07T17:44:10.212497+00:00,2026-10-07T17:49:43.030594+00:00,UNO,"ST,331000,RRRR,C,0,0,110",6,71a8b96
2026-10-07T17:44:10.212497+00:00,2026-10-07T17:49:43.156600+00:00,UNO,"ST,331126,RRGG,C,0,0,110",6,71a8b96
2026-10-07T17:44:10.212497+00:00,2026-10-07T17:49:43.530656+00:00,UNO,"ST,331500,RRGG,C,0,0,110",6,71a8b96
2026-10-07T17:44:10.212497+00:00,2026-10-07T17:49:44.030060+00:00,UNO,"ST,332000,RRGG,C,0,0,110",6,71a8b96
2026-10-07T17:44:10.212497+00:00,2026-10-07T17:49:44.531110+00:00,UNO,"ST,332500,RRGG,C,0,0,110",6,71a8b96
2026-10-07T17:44:10.212497+00:00,2026-10-07T17:49:45.030824+00:00,UNO,"ST,333000,RRGG,C,0,0,110",6,71a8b96
2026-10-07T17:44:10.212497+00:00,2026-10-07T17:49:45.530896+00:00,UNO,"ST,333500,RRGG,C,0,0,110",6,71a8b96
2026-10-07T17:44:10.212497+00:00,2026-10-07T17:49:46.030964+00:00,UNO,"ST,334000,RRGG,C,0,0,110",6,71a8b96
2026-10-07T17:44:10.212497+00:00,2026-10-07T17:49:46.156969+00:00,UNO,"ST,334126,RRYY,C,0,0,110",6,71a8b96
2026-10-07T17:44:10.212497+00:00,2026-10-07T17:49:46.531354+00:00,UNO,"ST,334500,RRYY,C,0,0,110",6,71a8b96
2026-10-07T17:44:10.212497+00:00,2026-10-07T17:49:47.031470+00:00,UNO,"ST,335000,RRYY,C,0,0,110",6,71a8b96
2026-10-07T17:44:10.212497+00:00,2026-10-07T17:49:47.531105+00:00,UNO,"ST,335500,RRYY,C,0,0,110",6,71a8b96
2026-10-07T17:44:10.212497+00:00,2026-10-07T17:49:48.031186+00:00,UNO,"ST,336000,RRYY,C,0,0,110",6,71a8b96
2026-10-07T17:44:10.212497+00:00,2026-10-07T17:49:48.158206+00:00,UNO,"ST,336126,RRRR,C,0,0,110",6,71a8b96
2026-10-07T17:44:10.212497+00:00,2026-10-07T17:49:48.532231+00:00,UNO,"ST,336500,RRRR,C,0,0,110",6,71a8b96
2026-10-07T17:44:10.212497+00:00,2026-10-07T17:49:49.031675+00:00,UNO,"ST,337000,RRRR,C,0,0,110",6,71a8b96
2026-10-07T17:44:10.212497+00:00,2026-10-07T17:49:49.158319+00:00,UNO,"ST,337126,GGRR,C,0,0,110",6,71a8b96
2026-10-07T17:44:10.212497+00:00,2026-10-07T17:49:49.531726+00:00,UNO,"ST,337500,GGRR,C,0,0,110",6,71a8b96
2026-10-07T17:44:10.212497+00:00,2026-10-07T17:49:50.032761+00:00,UNO,"ST,338000,GGRR,C,0,0,110",6,71a8b96
2026-10-07T17:44:10.212497+00:00,2026-10-07T17:49:50.532468+00:00,UNO,"ST,338500,GGRR,C,0,0,110",6,71a8b96
2026-10-07T17:44:10.212497+00:00,2026-10-07T17:49:51.032541+00:00,UNO,"ST,339000,GGRR,C,0,0,110",6,71a8b96
2026-10-07T17:44:10.212497+00:00,2026-10-07T17:49:51.531935+00:00,UNO,"ST,339500,GGRR,C,0,0,110",6,71a8b96
2026-10-07T17:44:10.212497+00:00,2026-10-07T17:49:52.032988+00:00,UNO,"ST,340000,GGRR,C,0,0,110",6,71a8b96
2026-10-07T17:44:10.212497+00:00,2026-10-07T17:49:52.159019+00:00,UNO,"ST,340126,YYRR,C,0,0,110",6,71a8b96
2026-10-07T17:44:10.212497+00:00,2026-10-07T17:49:52.532717+00:00,UNO,"ST,340500,YYRR,C,0,0,110",6,71a8b96
2026-10-07T17:44:10.212497+00:00,2026-10-07T17:49:53.032786+00:00,UNO,"ST,341000,YYRR,C,0,0,110",6,71a8b96
2026-10-07T17:44:10.212497+00:00,2026-10-07T17:49:53.533178+00:00,UNO,"ST,341500,YYRR,C,0,0,110",6,71a8b96
2026-10-07T17:44:10.212497+00:00,2026-10-07T17:49:54.033223+00:00,UNO,"ST,342000,YYRR,C,0,0,110",6,71a8b96
2026-10-07T17:44:10.212497+00:00,2026-10-07T17:49:54.159231+00:00,UNO,"ST,342126,RRRR,C,0,0,110",6,71a8b96
2026-10-07T17:44:10.212497+00:00,2026-10-07T17:49:54.533279+00:00,UNO,"ST,342500,RRRR,C,0,0,110",6,71a8b96
2026-10-07T17:44:10.212497+00:00,2026-10-07T17:49:55.032987+00:00,UNO,"ST,343000,RRRR,C,0,0,110",6,71a8b96
2026-10-07T17:44:10.212497+00:00,2026-10-07T17:49:55.159040+00:00,UNO,"ST,343126,RRGG,C,0,0,110",6,71a8b96
2026-10-07T17:44:10.212497+00:00,2026-10-07T17:49:55.534050+00:00,UNO,"ST,343500,RRGG,C,0,0,110",6,71a8b96
2026-10-07T17:44:10.212497+00:00,2026-10-07T17:49:56.034156+00:00,UNO,"ST,344000,RRGG,C,0,0,110",6,71a8b96
2026-10-07T17:44:10.212497+00:00,2026-10-07T17:49:56.533510+00:00,UNO,"ST,344500,RRGG,C,0,0,110",6,71a8b96
2026-10-07T17:44:10.212497+00:00,2026-10-07T17:49:57.034594+00:00,UNO,"ST,345000,RRGG,C,0,0,110",6,71a8b96
2026-10-07T17:44:10.212497+00:00,2026-10-07T17:49:57.534292+00:00,UNO,"ST,345500,RRGG,C,0,0,110",6,71a8b96
2026-10-07T17:44:10.212497+00:00,2026-10-07T17:49:58.034372+00:00,UNO,"ST,346000,RRGG,C,0,0,110",6,71a8b96
2026-10-07T17:44:10.212497+00:00,2026-10-07T17:49:58.160364+00:00,UNO,"ST,346126,RRYY,C,0,0,110",6,71a8b96
2026-10-07T17:44:10.212497+00:00,2026-10-07T17:49:58.534404+00:00,UNO,"ST,346500,RRYY,C,0,0,110",6,71a8b96
2026-10-07T17:44:10.212497+00:00,2026-10-07T17:49:59.034974+00:00,UNO,"ST,347000,RRYY,C,0,0,110",6,71a8b96
2026-10-07T17:44:10.212497+00:00,2026-10-07T17:49:59.534880+00:00,UNO,"ST,347500,RRYY,C,0,0,110",6,71a8b96
2026-10-07T17:44:10.212497+00:00,2026-10-07T17:50:00.034588+00:00,UNO,"ST,348000,RRYY,C,0,0,110",6,71a8b96
2026-10-07T17:44:10.212497+00:00,2026-10-07T17:50:00.160607+00:00,UNO,"ST,348126,RRRR,C,0,0,110",6,71a8b96
2026-10-07T17:44:10.212497+00:00,2026-10-07T17:50:00.535642+00:00,UNO,"ST,348500,RRRR,C,0,0,110",6,71a8b96
2026-10-07T17:44:10.212497+00:00,2026-10-07T17:50:01.035705+00:00,UNO,"ST,349000,RRRR,C,0,0,110",6,71a8b96
2026-10-07T17:44:10.212497+00:00,2026-10-07T17:50:01.161732+00:00,UNO,"ST,349126,GGRR,C,0,0,110",6,71a8b96
2026-10-07T17:44:10.212497+00:00,2026-10-07T17:50:01.535118+00:00,UNO,"ST,349500,GGRR,C,0,0,110",6,71a8b96
2026-10-07T17:44:10.212497+00:00,2026-10-07T17:50:02.034825+00:00,UNO,"ST,350000,GGRR,C,0,0,110",6,71a8b96
2026-10-07T17:44:10.212497+00:00,2026-10-07T17:50:02.535869+00:00,UNO,"ST,350500,GGRR,C,0,0,110",6,71a8b96
2026-10-07T17:44:10.212497+00:00,2026-10-07T17:50:03.035941+00:00,UNO,"ST,351000,GGRR,C,0,0,110",6,71a8b96
2026-10-07T17:44:10.212497+00:00,2026-10-07T17:50:03.535976+00:00,UNO,"ST,351500,GGRR,C,0,0,110",6,71a8b96
2026-10-07T17:44:10.212497+00:00,2026-10-07T17:50:04.035397+00:00,UNO,"ST,352000,GGRR,C,0,0,110",6,71a8b96
2026-10-07T17:44:10.212497+00:00,2026-10-07T17:50:04.162423+00:00,UNO,"ST,352126,YYRR,C,0,0,110",6,71a8b96
2026-10-07T17:44:10.212497+00:00,2026-10-07T17:50:04.536127+00:00,UNO,"ST,352500,YYRR,C,0,0,110",6,71a8b96
2026-10-07T17:44:10.212497+00:00,2026-10-07T17:50:05.036167+00:00,UNO,"ST,353000,YYRR,C,0,0,110",6,71a8b96
2026-10-07T17:44:10.212497+00:00,2026-10-07T17:50:05.536218+00:00,UNO,"ST,353500,YYRR,C,0,0,110",6,71a8b96
2026-10-07T17:44:10.212497+00:00,2026-10-07T17:50:06.037279+00:00,UNO,"ST,354000,YYRR,C,0,0,110",6,71a8b96
2026-10-07T17:44:10.212497+00:00,2026-10-07T17:50:06.163299+00:00,UNO,"ST,354126,RRRR,C,0,0,110",6,71a8b96
2026-10-07T17:44:10.212497+00:00,2026-10-07T17:50:06.536671+00:00,UNO,"ST,354500,RRRR,C,0,0,110",6,71a8b96
2026-10-07T17:44:10.212497+00:00,2026-10-07T17:50:07.036388+00:00,UNO,"ST,355000,RRRR,C,0,0,110",6,71a8b96
2026-10-07T17:44:10.212497+00:00,2026-10-07T17:50:07.162401+00:00,UNO,"ST,355126,RRGG,C,0,0,110",6,71a8b96
2026-10-07T17:44:10.212497+00:00,2026-10-07T17:50:07.536464+00:00,UNO,"ST,355500,RRGG,C,0,0,110",6,71a8b96
2026-10-07T17:44:10.212497+00:00,2026-10-07T17:50:08.037538+00:00,UNO,"ST,356000,RRGG,C,0,0,110",6,71a8b96
2026-10-07T17:44:10.212497+00:00,2026-10-07T17:50:08.536916+00:00,UNO,"ST,356500,RRGG,C,0,0,110",6,71a8b96
2026-10-07T17:44:10.212497+00:00,2026-10-07T17:50:09.036660+00:00,UNO,"ST,357000,RRGG,C,0,0,110",6,71a8b96
2026-10-07T17:44:10.212497+00:00,2026-10-07T17:50:09.537705+00:00,UNO,"ST,357500,RRGG,C,0,0,110",6,71a8b96
2026-10-07T17:44:10.212497+00:00,2026-10-07T17:50:10.037751+00:00,UNO,"ST,358000,RRGG,C,0,0,110",6,71a8b96
2026-10-07T17:44:10.212497+00:00,2026-10-07T17:50:10.163773+00:00,UNO,"ST,358126,RRYY,C,0,0,110",6,71a8b96
2026-10-07T17:44:10.212497+00:00,2026-10-07T17:50:10.537816+00:00,UNO,"ST,358500,RRYY,C,0,0,110",6,71a8b96
2026-10-07T17:44:10.212497+00:00,2026-10-07T17:50:11.037227+00:00,UNO,"ST,359000,RRYY,C,0,0,110",6,71a8b96
2026-10-07T17:44:10.212497+00:00,2026-10-07T17:50:11.538283+00:00,UNO,"ST,359500,RRYY,C,0,0,110",6,71a8b96
2026-10-07T17:44:10.212497+00:00,2026-10-07T17:50:12.037968+00:00,UNO,"ST,360000,RRYY,C,0,0,110",6,71a8b96
2026-10-07T17:44:10.212497+00:00,2026-10-07T17:50:12.164013+00:00,UNO,"ST,360126,RRRR,C,0,0,110",6,71a8b96
2026-10-07T17:44:10.212497+00:00,2026-10-07T17:50:12.538027+00:00,UNO,"ST,360500,RRRR,C,0,0,110",6,71a8b96
2026-10-07T17:44:10.212497+00:00,2026-10-07T17:50:13.039107+00:00,UNO,"ST,361000,RRRR,C,0,0,110",6,71a8b96
2026-10-07T17:44:10.212497+00:00,2026-10-07T17:50:13.165111+00:00,UNO,"ST,361126,GGRR,C,0,0,110",6,71a8b96
2026-10-07T17:44:10.212497+00:00,2026-10-07T17:50:13.538537+00:00,UNO,"ST,361500,GGRR,C,0,0,110",6,71a8b96
2026-10-07T17:44:10.212497+00:00,2026-10-07T17:50:14.038594+00:00,UNO,"ST,362000,GGRR,C,0,0,110",6,71a8b96
2026-10-07T17:44:10.212497+00:00,2026-10-07T17:50:14.538284+00:00,UNO,"ST,362500,GGRR,C,0,0,110",6,71a8b96
2026-10-07T17:44:10.212497+00:00,2026-10-07T17:50:15.039347+00:00,UNO,"ST,363000,GGRR,C,0,0,110",6,71a8b96
2026-10-07T17:44:10.212497+00:00,2026-10-07T17:50:15.539379+00:00,UNO,"ST,363500,GGRR,C,0,0,110",6,71a8b96
2026-10-07T17:44:10.212497+00:00,2026-10-07T17:50:16.038860+00:00,UNO,"ST,364000,GGRR,C,0,0,110",6,71a8b96
2026-10-07T17:44:10.212497+00:00,2026-10-07T17:50:16.164818+00:00,UNO,"ST,364126,YYRR,C,0,0,110",6,71a8b96
2026-10-07T17:44:10.212497+00:00,2026-10-07T17:50:16.539861+00:00,UNO,"ST,364500,YYRR,C,0,0,110",6,71a8b96
2026-10-07T17:44:10.212497+00:00,2026-10-07T17:50:17.039596+00:00,UNO,"ST,365000,YYRR,C,0,0,110",6,71a8b96
2026-10-07T17:44:10.212497+00:00,2026-10-07T17:50:17.539636+00:00,UNO,"ST,365500,YYRR,C,0,0,110",6,71a8b96
2026-10-07T17:44:10.212497+00:00,2026-10-07T17:50:18.039208+00:00,UNO,"ST,366000,YYRR,C,0,0,110",6,71a8b96
2026-10-07T17:44:10.212497+00:00,2026-10-07T17:50:18.165099+00:00,UNO,"ST,366126,RRRR,C,0,0,110",6,71a8b96
2026-10-07T17:44:10.212497+00:00,2026-10-07T17:50:18.540223+00:00,UNO,"ST,366500,RRRR,C,0,0,110",6,71a8b96
2026-10-07T17:44:10.212497+00:00,2026-10-07T17:50:19.039843+00:00,UNO,"ST,367000,RRRR,C,0,0,110",6,71a8b96
2026-10-07T17:44:10.212497+00:00,2026-10-07T17:50:19.166173+00:00,UNO,"ST,367126,RRGG,C,0,0,110",6,71a8b96
2026-10-07T17:44:10.212497+00:00,2026-10-07T17:50:19.539907+00:00,UNO,"ST,367500,RRGG,C,0,0,110",6,71a8b96
2026-10-07T17:44:10.212497+00:00,2026-10-07T17:50:20.039912+00:00,UNO,"ST,368000,RRGG,C,0,0,110",6,71a8b96
2026-10-07T17:44:10.212497+00:00,2026-10-07T17:50:20.540315+00:00,UNO,"ST,368500,RRGG,C,0,0,110",6,71a8b96
2026-10-07T17:44:10.212497+00:00,2026-10-07T17:50:21.040384+00:00,UNO,"ST,369000,RRGG,C,0,0,110",6,71a8b96
2026-10-07T17:44:10.212497+00:00,2026-10-07T17:50:21.540099+00:00,UNO,"ST,369500,RRGG,C,0,0,110",6,71a8b96
2026-10-07T17:44:10.212497+00:00,2026-10-07T17:50:22.041156+00:00,UNO,"ST,370000,RRGG,C,0,0,110",6,71a8b96
2026-10-07T17:44:10.212497+00:00,2026-10-07T17:50:22.167182+00:00,UNO,"ST,370126,RRYY,C,0,0,110",6,71a8b96
2026-10-07T17:44:10.212497+00:00,2026-10-07T17:50:22.541190+00:00,UNO,"ST,370500,RRYY,C,0,0,110",6,71a8b96
2026-10-07T17:44:10.212497+00:00,2026-10-07T17:50:23.041267+00:00,UNO,"ST,371000,RRYY,C,0,0,110",6,71a8b96
2026-10-07T17:44:10.212497+00:00,2026-10-07T17:50:23.540663+00:00,UNO,"ST,371500,RRYY,C,0,0,110",6,71a8b96
2026-10-07T17:44:10.212497+00:00,2026-10-07T17:50:24.041380+00:00,UNO,"ST,372000,RRYY,C,0,0,110",6,71a8b96
2026-10-07T17:44:10.212497+00:00,2026-10-07T17:50:24.167406+00:00,UNO,"ST,372126,RRRR,C,0,0,110",6,71a8b96
2026-10-07T17:44:10.212497+00:00,2026-10-07T17:50:24.541454+00:00,UNO,"ST,372500,RRRR,C,0,0,110",6,71a8b96
2026-10-07T17:44:10.212497+00:00,2026-10-07T17:50:25.041163+00:00,UNO,"ST,373000,RRRR,C,0,0,110",6,71a8b96
2026-10-07T17:44:10.212497+00:00,2026-10-07T17:50:25.167498+00:00,UNO,"ST,373126,GGRR,C,0,0,110",6,71a8b96
2026-10-07T17:44:10.212497+00:00,2026-10-07T17:50:25.541890+00:00,UNO,"ST,373500,GGRR,C,0,0,110",6,71a8b96
2026-10-07T17:44:10.212497+00:00,2026-10-07T17:50:26.041966+00:00,UNO,"ST,374000,GGRR,C,0,0,110",6,71a8b96
2026-10-07T17:44:10.212497+00:00,2026-10-07T17:50:26.542014+00:00,UNO,"ST,374500,GGRR,C,0,0,110",6,71a8b96
2026-10-07T17:44:10.212497+00:00,2026-10-07T17:50:27.041740+00:00,UNO,"ST,375000,GGRR,C,0,0,110",6,71a8b96
2026-10-07T17:44:10.212497+00:00,2026-10-07T17:50:27.542801+00:00,UNO,"ST,375500,GGRR,C,0,0,110",6,71a8b96
2026-10-07T17:44:10.212497+00:00,2026-10-07T17:50:28.042197+00:00,UNO,"ST,376000,GGRR,C,0,0,110",6,71a8b96
2026-10-07T17:44:10.212497+00:00,2026-10-07T17:50:28.168872+00:00,UNO,"ST,376126,YYRR,C,0,0,110",6,71a8b96
2026-10-07T17:44:10.212497+00:00,2026-10-07T17:50:28.542255+00:00,UNO,"ST,376500,YYRR,C,0,0,110",6,71a8b96
2026-10-07T17:44:10.212497+00:00,2026-10-07T17:50:29.042987+00:00,UNO,"ST,377000,YYRR,C,0,0,110",6,71a8b96
2026-10-07T17:44:10.212497+00:00,2026-10-07T17:50:29.543017+00:00,UNO,"ST,377500,YYRR,C,0,0,110",6,71a8b96
2026-10-07T17:44:10.212497+00:00,2026-10-07T17:50:30.043084+00:00,UNO,"ST,378000,YYRR,C,0,0,110",6,71a8b96
2026-10-07T17:44:10.212497+00:00,2026-10-07T17:50:30.169103+00:00,UNO,"ST,378126,RRRR,C,0,0,110",6,71a8b96
2026-10-07T17:44:10.212497+00:00,2026-10-07T17:50:30.542478+00:00,UNO,"ST,378500,RRRR,C,0,0,110",6,71a8b96
2026-10-07T17:44:10.212497+00:00,2026-10-07T17:50:31.043550+00:00,UNO,"ST,379000,RRRR,C,0,0,110",6,71a8b96
2026-10-07T17:44:10.212497+00:00,2026-10-07T17:50:31.169577+00:00,UNO,"ST,379126,RRGG,C,0,0,110",6,71a8b96
2026-10-07T17:44:10.212497+00:00,2026-10-07T17:50:31.543267+00:00,UNO,"ST,379500,RRGG,C,0,0,110",6,71a8b96
2026-10-07T17:44:10.212497+00:00,2026-10-07T17:50:32.043322+00:00,UNO,"ST,380000,RRGG,C,0,0,110",6,71a8b96
2026-10-07T17:44:10.212497+00:00,2026-10-07T17:50:32.544379+00:00,UNO,"ST,380500,RRGG,C,0,0,110",6,71a8b96
2026-10-07T17:44:10.212497+00:00,2026-10-07T17:50:33.043774+00:00,UNO,"ST,381000,RRGG,C,0,0,110",6,71a8b96
2026-10-07T17:44:10.212497+00:00,2026-10-07T17:50:33.543844+00:00,UNO,"ST,381500,RRGG,C,0,0,110",6,71a8b96
2026-10-07T17:44:10.212497+00:00,2026-10-07T17:50:34.043535+00:00,UNO,"ST,382000,RRGG,C,0,0,110",6,71a8b96
2026-10-07T17:44:10.212497+00:00,2026-10-07T17:50:34.169610+00:00,UNO,"ST,382126,RRYY,C,0,0,110",6,71a8b96
2026-10-07T17:44:10.212497+00:00,2026-10-07T17:50:34.544630+00:00,UNO,"ST,382500,RRYY,C,0,0,110",6,71a8b96
2026-10-07T17:44:10.212497+00:00,2026-10-07T17:50:35.044669+00:00,UNO,"ST,383000,RRYY,C,0,0,110",6,71a8b96
2026-10-07T17:44:10.212497+00:00,2026-10-07T17:50:35.544070+00:00,UNO,"ST,383500,RRYY,C,0,0,110",6,71a8b96
2026-10-07T17:44:10.212497+00:00,2026-10-07T17:50:36.044151+00:00,UNO,"ST,384000,RRYY,C,0,0,110",6,71a8b96
2026-10-07T17:44:10.212497+00:00,2026-10-07T17:50:36.171153+00:00,UNO,"ST,384126,RRRR,C,0,0,110",6,71a8b96
2026-10-07T17:44:10.212497+00:00,2026-10-07T17:50:36.544828+00:00,UNO,"ST,384500,RRRR,C,0,0,110",6,71a8b96
2026-10-07T17:44:10.212497+00:00,2026-10-07T17:50:37.044927+00:00,UNO,"ST,385000,RRRR,C,0,0,110",6,71a8b96
2026-10-07T17:44:10.212497+00:00,2026-10-07T17:50:37.170928+00:00,UNO,"ST,385126,GGRR,C,0,0,110",6,71a8b96
2026-10-07T17:44:10.212497+00:00,2026-10-07T17:50:37.544959+00:00,UNO,"ST,385500,GGRR,C,0,0,110",6,71a8b96
2026-10-07T17:44:10.212497+00:00,2026-10-07T17:50:38.045362+00:00,UNO,"ST,386000,GGRR,C,0,0,110",6,71a8b96
2026-10-07T17:44:10.212497+00:00,2026-10-07T17:50:38.545423+00:00,UNO,"ST,386500,GGRR,C,0,0,110",6,71a8b96
2026-10-07T17:44:10.212497+00:00,2026-10-07T17:50:39.045156+00:00,UNO,"ST,387000,GGRR,C,0,0,110",6,71a8b96
2026-10-07T17:44:10.212497+00:00,2026-10-07T17:50:39.545200+00:00,UNO,"ST,387500,GGRR,C,0,0,110",6,71a8b96
2026-10-07T17:44:10.212497+00:00,2026-10-07T17:50:40.045668+00:00,UNO,"ST,388000,GGRR,C,0,0,110",6,71a8b96
2026-10-07T17:44:10.212497+00:00,2026-10-07T17:50:40.172264+00:00,UNO,"ST,388126,YYRR,C,0,0,110",6,71a8b96
2026-10-07T17:44:10.212497+00:00,2026-10-07T17:50:40.545652+00:00,UNO,"ST,388500,YYRR,C,0,0,110",6,71a8b96
2026-10-07T17:44:10.212497+00:00,2026-10-07T17:50:41.045368+00:00,UNO,"ST,389000,YYRR,C,0,0,110",6,71a8b96
2026-10-07T17:44:10.212497+00:00,2026-10-07T17:50:41.546515+00:00,UNO,"ST,389500,YYRR,C,0,0,110",6,71a8b96
2026-10-07T17:44:10.212497+00:00,2026-10-07T17:50:42.046575+00:00,UNO,"ST,390000,YYRR,C,0,0,110",6,71a8b96
2026-10-07T17:44:10.212497+00:00,2026-10-07T17:50:42.172516+00:00,UNO,"ST,390126,RRRR,C,0,0,110",6,71a8b96
2026-10-07T17:44:10.212497+00:00,2026-10-07T17:50:42.546074+00:00,UNO,"ST,390500,RRRR,C,0,0,110",6,71a8b96
2026-10-07T17:44:10.212497+00:00,2026-10-07T17:50:43.045948+00:00,UNO,"ST,391000,RRRR,C,0,0,110",6,71a8b96
2026-10-07T17:44:10.212497+00:00,2026-10-07T17:50:43.171972+00:00,UNO,"ST,391126,RRGG,C,0,0,110",6,71a8b96
2026-10-07T17:44:10.212497+00:00,2026-10-07T17:50:43.546713+00:00,UNO,"ST,391500,RRGG,C,0,0,110",6,71a8b96
2026-10-07T17:44:10.212497+00:00,2026-10-07T17:50:44.046793+00:00,UNO,"ST,392000,RRGG,C,0,0,110",6,71a8b96
2026-10-07T17:44:10.212497+00:00,2026-10-07T17:50:44.546873+00:00,UNO,"ST,392500,RRGG,C,0,0,110",6,71a8b96
2026-10-07T17:44:10.212497+00:00,2026-10-07T17:50:45.047188+00:00,UNO,"ST,393000,RRGG,C,0,0,110",6,71a8b96
2026-10-07T17:44:10.212497+00:00,2026-10-07T17:50:45.547238+00:00,UNO,"ST,393500,RRGG,C,0,0,110",6,71a8b96
2026-10-07T17:44:10.212497+00:00,2026-10-07T17:50:46.047045+00:00,UNO,"ST,394000,RRGG,C,0,0,110",6,71a8b96
2026-10-07T17:44:10.212497+00:00,2026-10-07T17:50:46.172970+00:00,UNO,"ST,394126,RRYY,C,0,0,110",6,71a8b96
2026-10-07T17:44:10.212497+00:00,2026-10-07T17:50:46.547069+00:00,UNO,"ST,394500,RRYY,C,0,0,110",6,71a8b96
2026-10-07T17:44:10.212497+00:00,2026-10-07T17:50:47.048066+00:00,UNO,"ST,395000,RRYY,C,0,0,110",6,71a8b96
2026-10-07T17:44:10.212497+00:00,2026-10-07T17:50:47.547481+00:00,UNO,"ST,395500,RRYY,C,0,0,110",6,71a8b96
2026-10-07T17:44:10.212497+00:00,2026-10-07T17:50:48.047540+00:00,UNO,"ST,396000,RRYY,C,0,0,110",6,71a8b96
2026-10-07T17:44:10.212497+00:00,2026-10-07T17:50:48.173560+00:00,UNO,"ST,396126,RRRR,C,0,0,110",6,71a8b96
2026-10-07T17:44:10.212497+00:00,2026-10-07T17:50:48.548223+00:00,UNO,"ST,396500,RRRR,C,0,0,110",6,71a8b96
2026-10-07T17:44:10.212497+00:00,2026-10-07T17:50:49.048313+00:00,UNO,"ST,397000,RRRR,C,0,0,110",6,71a8b96
2026-10-07T17:44:10.212497+00:00,2026-10-07T17:50:49.174324+00:00,UNO,"ST,397126,GGRR,C,0,0,110",6,71a8b96
2026-10-07T17:44:10.212497+00:00,2026-10-07T17:50:49.548347+00:00,UNO,"ST,397500,GGRR,C,0,0,110",6,71a8b96
2026-10-07T17:44:10.212497+00:00,2026-10-07T17:50:50.047760+00:00,UNO,"ST,398000,GGRR,C,0,0,110",6,71a8b96
2026-10-07T17:44:10.212497+00:00,2026-10-07T17:50:50.548827+00:00,UNO,"ST,398500,GGRR,C,0,0,110",6,71a8b96
2026-10-07T17:44:10.212497+00:00,2026-10-07T17:50:51.048534+00:00,UNO,"ST,399000,GGRR,C,0,0,110",6,71a8b96
2026-10-07T17:44:10.212497+00:00,2026-10-07T17:50:51.548577+00:00,UNO,"ST,399500,GGRR,C,0,0,110",6,71a8b96
2026-10-07T17:44:10.212497+00:00,2026-10-07T17:50:52.048657+00:00,UNO,"ST,400000,GGRR,C,0,0,110",6,71a8b96
2026-10-07T17:44:10.212497+00:00,2026-10-07T17:50:52.175681+00:00,UNO,"ST,400126,YYRR,C,0,0,110",6,71a8b96
2026-10-07T17:44:10.212497+00:00,2026-10-07T17:50:52.549038+00:00,UNO,"ST,400500,YYRR,C,0,0,110",6,71a8b96
2026-10-07T17:44:10.212497+00:00,2026-10-07T17:50:53.049138+00:00,UNO,"ST,401000,YYRR,C,0,0,110",6,71a8b96
2026-10-07T17:44:10.212497+00:00,2026-10-07T17:50:53.548817+00:00,UNO,"ST,401500,YYRR,C,0,0,110",6,71a8b96
2026-10-07T17:44:10.212497+00:00,2026-10-07T17:50:54.049887+00:00,UNO,"ST,402000,YYRR,C,0,0,110",6,71a8b96
2026-10-07T17:44:10.212497+00:00,2026-10-07T17:50:54.175916+00:00,UNO,"ST,402126,RRRR,C,0,0,110",6,71a8b96
2026-10-07T17:44:10.212497+00:00,2026-10-07T17:50:54.549952+00:00,UNO,"ST,402500,RRRR,C,0,0,110",6,71a8b96
2026-10-07T17:44:10.212497+00:00,2026-10-07T17:50:55.049356+00:00,UNO,"ST,403000,RRRR,C,0,0,110",6,71a8b96
2026-10-07T17:44:10.212497+00:00,2026-10-07T17:50:55.175392+00:00,UNO,"ST,403126,RRGG,C,0,0,110",6,71a8b96
2026-10-07T17:44:10.212497+00:00,2026-10-07T17:50:55.549422+00:00,UNO,"ST,403500,RRGG,C,0,0,110",6,71a8b96
2026-10-07T17:44:10.212497+00:00,2026-10-07T17:50:56.050104+00:00,UNO,"ST,404000,RRGG,C,0,0,110",6,71a8b96
2026-10-07T17:44:10.212497+00:00,2026-10-07T17:50:56.550178+00:00,UNO,"ST,404500,RRGG,C,0,0,110",6,71a8b96
2026-10-07T17:44:10.212497+00:00,2026-10-07T17:50:57.050238+00:00,UNO,"ST,405000,RRGG,C,0,0,110",6,71a8b96
2026-10-07T17:44:10.212497+00:00,2026-10-07T17:50:57.550632+00:00,UNO,"ST,405500,RRGG,C,0,0,110",6,71a8b96
2026-10-07T17:44:10.212497+00:00,2026-10-07T17:50:58.050353+00:00,UNO,"ST,406000,RRGG,C,0,0,110",6,71a8b96
2026-10-07T17:44:10.212497+00:00,2026-10-07T17:50:58.176369+00:00,UNO,"ST,406126,RRYY,C,0,0,110",6,71a8b96
2026-10-07T17:44:10.212497+00:00,2026-10-07T17:50:58.550404+00:00,UNO,"ST,406500,RRYY,C,0,0,110",6,71a8b96
2026-10-07T17:44:10.212497+00:00,2026-10-07T17:50:59.050492+00:00,UNO,"ST,407000,RRYY,C,0,0,110",6,71a8b96
2026-10-07T17:44:10.212497+00:00,2026-10-07T17:50:59.551524+00:00,UNO,"ST,407500,RRYY,C,0,0,110",6,71a8b96
2026-10-07T17:44:10.212497+00:00,2026-10-07T17:51:00.050934+00:00,UNO,"ST,408000,RRYY,C,0,0,110",6,71a8b96
2026-10-07T17:44:10.212497+00:00,2026-10-07T17:51:00.176959+00:00,UNO,"ST,408126,RRRR,C,0,0,110",6,71a8b96
2026-10-07T17:44:10.212497+00:00,2026-10-07T17:51:00.550997+00:00,UNO,"ST,408500,RRRR,C,0,0,110",6,71a8b96
2026-10-07T17:44:10.212497+00:00,2026-10-07T17:51:01.051691+00:00,UNO,"ST,409000,RRRR,C,0,0,110",6,71a8b96
2026-10-07T17:44:10.212497+00:00,2026-10-07T17:51:01.177727+00:00,UNO,"ST,409126,GGRR,C,0,0,110",6,71a8b96
2026-10-07T17:44:10.212497+00:00,2026-10-07T17:51:01.551750+00:00,UNO,"ST,409500,GGRR,C,0,0,110",6,71a8b96
2026-10-07T17:44:10.212497+00:00,2026-10-07T17:51:02.051816+00:00,UNO,"ST,410000,GGRR,C,0,0,110",6,71a8b96
2026-10-07T17:44:10.212497+00:00,2026-10-07T17:51:02.551211+00:00,UNO,"ST,410500,GGRR,C,0,0,110",6,71a8b96
2026-10-07T17:44:10.212497+00:00,2026-10-07T17:51:03.051923+00:00,UNO,"ST,411000,GGRR,C,0,0,110",6,71a8b96
2026-10-07T17:44:10.212497+00:00,2026-10-07T17:51:03.552343+00:00,UNO,"ST,411500,GGRR,C,0,0,110",6,71a8b96
2026-10-07T17:44:10.212497+00:00,2026-10-07T17:51:04.052051+00:00,UNO,"ST,412000,GGRR,C,0,0,110",6,71a8b96
2026-10-07T17:44:10.212497+00:00,2026-10-07T17:51:04.178058+00:00,UNO,"ST,412126,YYRR,C,0,0,110",6,71a8b96
2026-10-07T17:44:10.212497+00:00,2026-10-07T17:51:04.552461+00:00,UNO,"ST,412500,YYRR,C,0,0,110",6,71a8b96
2026-10-07T17:44:10.212497+00:00,2026-10-07T17:51:05.052520+00:00,UNO,"ST,413000,YYRR,C,0,0,110",6,71a8b96
2026-10-07T17:44:10.212497+00:00,2026-10-07T17:51:05.552223+00:00,UNO,"ST,413500,YYRR,C,0,0,110",6,71a8b96
2026-10-07T17:44:10.212497+00:00,2026-10-07T17:51:06.052269+00:00,UNO,"ST,414000,YYRR,C,0,0,110",6,71a8b96
2026-10-07T17:44:10.212497+00:00,2026-10-07T17:51:06.178284+00:00,UNO,"ST,414126,RRRR,C,0,0,110",6,71a8b96
2026-10-07T17:44:10.212497+00:00,2026-10-07T17:51:06.553329+00:00,UNO,"ST,414500,RRRR,C,0,0,110",6,71a8b96
2026-10-07T17:44:10.212497+00:00,2026-10-07T17:51:07.052760+00:00,UNO,"ST,415000,RRRR,C,0,0,110",6,71a8b96
2026-10-07T17:44:10.212497+00:00,2026-10-07T17:51:07.178906+00:00,UNO,"ST,415126,RRGG,C,0,0,110",6,71a8b96
2026-10-07T17:44:10.212497+00:00,2026-10-07T17:51:07.552813+00:00,UNO,"ST,415500,RRGG,C,0,0,110",6,71a8b96
2026-10-07T17:44:10.212497+00:00,2026-10-07T17:51:08.052516+00:00,UNO,"ST,416000,RRGG,C,0,0,110",6,71a8b96
2026-10-07T17:44:10.212497+00:00,2026-10-07T17:51:08.553576+00:00,UNO,"ST,416500,RRGG,C,0,0,110",6,71a8b96
2026-10-07T17:44:10.212497+00:00,2026-10-07T17:51:09.053655+00:00,UNO,"ST,417000,RRGG,C,0,0,110",6,71a8b96
2026-10-07T17:44:10.212497+00:00,2026-10-07T17:51:09.553687+00:00,UNO,"ST,417500,RRGG,C,0,0,110",6,71a8b96
2026-10-07T17:44:10.212497+00:00,2026-10-07T17:51:10.054090+00:00,UNO,"ST,418000,RRGG,C,0,0,110",6,71a8b96
2026-10-07T17:44:10.212497+00:00,2026-10-07T17:51:10.180109+00:00,UNO,"ST,418126,RRYY,C,0,0,110",6,71a8b96
2026-10-07T17:44:10.212497+00:00,2026-10-07T17:51:10.553797+00:00,UNO,"ST,418500,RRYY,C,0,0,110",6,71a8b96
2026-10-07T17:44:10.212497+00:00,2026-10-07T17:51:11.053877+00:00,UNO,"ST,419000,RRYY,C,0,0,110",6,71a8b96
2026-10-07T17:44:10.212497+00:00,2026-10-07T17:51:11.553922+00:00,UNO,"ST,419500,RRYY,C,0,0,110",6,71a8b96
2026-10-07T17:44:10.212497+00:00,2026-10-07T17:51:12.054992+00:00,UNO,"ST,420000,RRYY,C,0,0,110",6,71a8b96
2026-10-07T17:44:10.212497+00:00,2026-10-07T17:51:12.180339+00:00,UNO,"ST,420126,RRRR,C,0,0,110",6,71a8b96
2026-10-07T17:44:10.212497+00:00,2026-10-07T17:51:12.554373+00:00,UNO,"ST,420500,RRRR,C,0,0,110",6,71a8b96
2026-10-07T17:44:10.212497+00:00,2026-10-07T17:51:13.054104+00:00,UNO,"ST,421000,RRRR,C,0,0,110",6,71a8b96
2026-10-07T17:44:10.212497+00:00,2026-10-07T17:51:13.180474+00:00,UNO,"ST,421126,GGRR,C,0,0,110",6,71a8b96
2026-10-07T17:44:10.212497+00:00,2026-10-07T17:51:13.555146+00:00,UNO,"ST,421500,GGRR,C,0,0,110",6,71a8b96
2026-10-07T17:44:10.212497+00:00,2026-10-07T17:51:14.055211+00:00,UNO,"ST,422000,GGRR,C,0,0,110",6,71a8b96
2026-10-07T17:44:10.212497+00:00,2026-10-07T17:51:14.554619+00:00,UNO,"ST,422500,GGRR,C,0,0,110",6,71a8b96
2026-10-07T17:44:10.212497+00:00,2026-10-07T17:51:15.054673+00:00,UNO,"ST,423000,GGRR,C,0,0,110",6,71a8b96
2026-10-07T17:44:10.212497+00:00,2026-10-07T17:51:15.555400+00:00,UNO,"ST,423500,GGRR,C,0,0,110",6,71a8b96
2026-10-07T17:44:10.212497+00:00,2026-10-07T17:51:16.055523+00:00,UNO,"ST,424000,GGRR,C,0,0,110",6,71a8b96
2026-10-07T17:44:10.212497+00:00,2026-10-07T17:51:16.181466+00:00,UNO,"ST,424126,YYRR,C,0,0,110",6,71a8b96
2026-10-07T17:44:10.212497+00:00,2026-10-07T17:51:16.555485+00:00,UNO,"ST,424500,YYRR,C,0,0,110",6,71a8b96
2026-10-07T17:44:10.212497+00:00,2026-10-07T17:51:17.055907+00:00,UNO,"ST,425000,YYRR,C,0,0,110",6,71a8b96
2026-10-07T17:44:10.212497+00:00,2026-10-07T17:51:17.555616+00:00,UNO,"ST,425500,YYRR,C,0,0,110",6,71a8b96
2026-10-07T17:44:10.212497+00:00,2026-10-07T17:51:18.055679+00:00,UNO,"ST,426000,YYRR,C,0,0,110",6,71a8b96
2026-10-07T17:44:10.212497+00:00,2026-10-07T17:51:18.181696+00:00,UNO,"ST,426126,RRRR,C,0,0,110",6,71a8b96
2026-10-07T17:44:10.212497+00:00,2026-10-07T17:51:18.555737+00:00,UNO,"ST,426500,RRRR,C,0,0,110",6,71a8b96
2026-10-07T17:44:10.212497+00:00,2026-10-07T17:51:19.056830+00:00,UNO,"ST,427000,RRRR,C,0,0,110",6,71a8b96
2026-10-07T17:44:10.212497+00:00,2026-10-07T17:51:19.182806+00:00,UNO,"ST,427126,RRGG,C,0,0,110",6,71a8b96
2026-10-07T17:44:10.212497+00:00,2026-10-07T17:51:19.556201+00:00,UNO,"ST,427500,RRGG,C,0,0,110",6,71a8b96
2026-10-07T17:44:10.212497+00:00,2026-10-07T17:51:20.055908+00:00,UNO,"ST,428000,RRGG,C,0,0,110",6,71a8b96
2026-10-07T17:44:10.212497+00:00,2026-10-07T17:51:20.556963+00:00,UNO,"ST,428500,RRGG,C,0,0,110",6,71a8b96
2026-10-07T17:44:10.212497+00:00,2026-10-07T17:51:21.057023+00:00,UNO,"ST,429000,RRGG,C,0,0,110",6,71a8b96
2026-10-07T17:44:10.212497+00:00,2026-10-07T17:51:21.557073+00:00,UNO,"ST,429500,RRGG,C,0,0,110",6,71a8b96
2026-10-07T17:44:10.212497+00:00,2026-10-07T17:51:22.056521+00:00,UNO,"ST,430000,RRGG,C,0,0,110",6,71a8b96
2026-10-07T17:44:10.212497+00:00,2026-10-07T17:51:22.182522+00:00,UNO,"ST,430126,RRYY,C,0,0,110",6,71a8b96
2026-10-07T17:44:10.212497+00:00,2026-10-07T17:51:22.557218+00:00,UNO,"ST,430500,RRYY,C,0,0,110",6,71a8b96
2026-10-07T17:44:10.212497+00:00,2026-10-07T17:51:23.057276+00:00,UNO,"ST,431000,RRYY,C,0,0,110",6,71a8b96
2026-10-07T17:44:10.212497+00:00,2026-10-07T17:51:23.557316+00:00,UNO,"ST,431500,RRYY,C,0,0,110",6,71a8b96
2026-10-07T17:44:10.212497+00:00,2026-10-07T17:51:24.057392+00:00,UNO,"ST,432000,RRYY,C,0,0,110",6,71a8b96
2026-10-07T17:44:10.212497+00:00,2026-10-07T17:51:24.184382+00:00,UNO,"ST,432126,RRRR,C,0,0,110",6,71a8b96
2026-10-07T17:44:10.212497+00:00,2026-10-07T17:51:24.557780+00:00,UNO,"ST,432500,RRRR,C,0,0,110",6,71a8b96
2026-10-07T17:44:10.212497+00:00,2026-10-07T17:51:25.057859+00:00,UNO,"ST,433000,RRRR,C,0,0,110",6,71a8b96
2026-10-07T17:44:10.212497+00:00,2026-10-07T17:51:25.183869+00:00,UNO,"ST,433126,GGRR,C,0,0,110",6,71a8b96
2026-10-07T17:44:10.212497+00:00,2026-10-07T17:51:25.557559+00:00,UNO,"ST,433500,GGRR,C,0,0,110",6,71a8b96
2026-10-07T17:44:10.212497+00:00,2026-10-07T17:51:26.058631+00:00,UNO,"ST,434000,GGRR,C,0,0,110",6,71a8b96
2026-10-07T17:44:10.212497+00:00,2026-10-07T17:51:26.558660+00:00,UNO,"ST,434500,GGRR,C,0,0,110",6,71a8b96
2026-10-07T17:44:10.212497+00:00,2026-10-07T17:51:27.058073+00:00,UNO,"ST,435000,GGRR,C,0,0,110",6,71a8b96
2026-10-07T17:44:10.212497+00:00,2026-10-07T17:51:27.557790+00:00,UNO,"ST,435500,GGRR,C,0,0,110",6,71a8b96
2026-10-07T17:44:10.212497+00:00,2026-10-07T17:51:28.058832+00:00,UNO,"ST,436000,GGRR,C,0,0,110",6,71a8b96
2026-10-07T17:44:10.212497+00:00,2026-10-07T17:51:28.184864+00:00,UNO,"ST,436126,YYRR,C,0,0,110",6,71a8b96
2026-10-07T17:44:10.212497+00:00,2026-10-07T17:51:28.558903+00:00,UNO,"ST,436500,YYRR,C,0,0,110",6,71a8b96
2026-10-07T17:44:10.212497+00:00,2026-10-07T17:51:29.058986+00:00,UNO,"ST,437000,YYRR,C,0,0,110",6,71a8b96
2026-10-07T17:44:10.212497+00:00,2026-10-07T17:51:29.559381+00:00,UNO,"ST,437500,YYRR,C,0,0,110",6,71a8b96
2026-10-07T17:44:10.212497+00:00,2026-10-07T17:51:30.059091+00:00,UNO,"ST,438000,YYRR,C,0,0,110",6,71a8b96
2026-10-07T17:44:10.212497+00:00,2026-10-07T17:51:30.185095+00:00,UNO,"ST,438126,RRRR,C,0,0,110",6,71a8b96
2026-10-07T17:44:10.212497+00:00,2026-10-07T17:51:30.559138+00:00,UNO,"ST,438500,RRRR,C,0,0,110",6,71a8b96
2026-10-07T17:44:10.212497+00:00,2026-10-07T17:51:31.059186+00:00,UNO,"ST,439000,RRRR,C,0,0,110",6,71a8b96
2026-10-07T17:44:10.212497+00:00,2026-10-07T17:51:31.185226+00:00,UNO,"ST,439126,RRGG,C,0,0,110",6,71a8b96
2026-10-07T17:44:10.212497+00:00,2026-10-07T17:51:31.559596+00:00,UNO,"ST,439500,RRGG,C,0,0,110",6,71a8b96
2026-10-07T17:44:10.212497+00:00,2026-10-07T17:51:32.059663+00:00,UNO,"ST,440000,RRGG,C,0,0,110",6,71a8b96
2026-10-07T17:44:10.212497+00:00,2026-10-07T17:51:32.559361+00:00,UNO,"ST,440500,RRGG,C,0,0,110",6,71a8b96
2026-10-07T17:44:10.212497+00:00,2026-10-07T17:51:33.060428+00:00,UNO,"ST,441000,RRGG,C,0,0,110",6,71a8b96
2026-10-07T17:44:10.212497+00:00,2026-10-07T17:51:33.560493+00:00,UNO,"ST,441500,RRGG,C,0,0,110",6,71a8b96
2026-10-07T17:44:10.212497+00:00,2026-10-07T17:51:34.059896+00:00,UNO,"ST,442000,RRGG,C,0,0,110",6,71a8b96
2026-10-07T17:44:10.212497+00:00,2026-10-07T17:51:34.185916+00:00,UNO,"ST,442126,RRYY,C,0,0,110",6,71a8b96
2026-10-07T17:44:10.212497+00:00,2026-10-07T17:51:34.559969+00:00,UNO,"ST,442500,RRYY,C,0,0,110",6,71a8b96
2026-10-07T17:44:10.212497+00:00,2026-10-07T17:51:35.060683+00:00,UNO,"ST,443000,RRYY,C,0,0,110",6,71a8b96
2026-10-07T17:44:10.212497+00:00,2026-10-07T17:51:35.560732+00:00,UNO,"ST,443500,RRYY,C,0,0,110",6,71a8b96
2026-10-07T17:44:10.212497+00:00,2026-10-07T17:51:36.060802+00:00,UNO,"ST,444000,RRYY,C,0,0,110",6,71a8b96
2026-10-07T17:44:10.212497+00:00,2026-10-07T17:51:36.186813+00:00,UNO,"ST,444126,RRRR,C,0,0,110",6,71a8b96
2026-10-07T17:44:10.212497+00:00,2026-10-07T17:51:36.561857+00:00,UNO,"ST,444500,RRRR,C,0,0,110",6,71a8b96
2026-10-07T17:44:10.212497+00:00,2026-10-07T17:51:37.061264+00:00,UNO,"ST,445000,RRRR,C,0,0,110",6,71a8b96
2026-10-07T17:44:10.212497+00:00,2026-10-07T17:51:37.187276+00:00,UNO,"ST,445126,GGRR,C,0,0,110",6,71a8b96
2026-10-07T17:44:10.212497+00:00,2026-10-07T17:51:37.560990+00:00,UNO,"ST,445500,GGRR,C,0,0,110",6,71a8b96
2026-10-07T17:44:10.212497+00:00,2026-10-07T17:51:38.061011+00:00,UNO,"ST,446000,GGRR,C,0,0,110",6,71a8b96
2026-10-07T17:44:10.212497+00:00,2026-10-07T17:51:38.562077+00:00,UNO,"ST,446500,GGRR,C,0,0,110",6,71a8b96
2026-10-07T17:44:10.212497+00:00,2026-10-07T17:51:39.061509+00:00,UNO,"ST,447000,GGRR,C,0,0,110",6,71a8b96
2026-10-07T17:44:10.212497+00:00,2026-10-07T17:51:39.561197+00:00,UNO,"ST,447500,GGRR,C,0,0,110",6,71a8b96
2026-10-07T17:44:10.212497+00:00,2026-10-07T17:51:40.061253+00:00,UNO,"ST,448000,GGRR,C,0,0,110",6,71a8b96
2026-10-07T17:44:10.212497+00:00,2026-10-07T17:51:40.188272+00:00,UNO,"ST,448126,YYRR,C,0,0,110",6,71a8b96
2026-10-07T17:44:10.212497+00:00,2026-10-07T17:51:40.341604+00:00,PONTE,"AUT,AMBULANCIA,0",0,71a8b96
2026-10-07T17:44:10.212497+00:00,2026-10-07T17:51:40.342509+00:00,PONTE,"AUT,BOMBEIRO,1",0,71a8b96
2026-10-07T17:44:10.212497+00:00,2026-10-07T17:51:40.343164+00:00,PONTE,"AUT,POLICIA,0",0,71a8b96
2026-10-07T17:44:10.212497+00:00,2026-10-07T17:51:40.381302+00:00,UNO,"ST,448306,YYRR,C,0,0,010",13,71a8b96
2026-10-07T17:44:10.212497+00:00,2026-10-07T17:51:40.562339+00:00,UNO,"ST,448500,YYRR,C,0,0,010",6,71a8b96
2026-10-07T17:44:10.212497+00:00,2026-10-07T17:51:41.062364+00:00,UNO,"ST,449000,YYRR,C,0,0,010",6,71a8b96
2026-10-07T17:44:10.212497+00:00,2026-10-07T17:51:41.561787+00:00,UNO,"ST,449500,YYRR,C,0,0,010",6,71a8b96
2026-10-07T17:44:10.212497+00:00,2026-10-07T17:51:42.062484+00:00,UNO,"ST,450000,YYRR,C,0,0,010",6,71a8b96
2026-10-07T17:44:10.212497+00:00,2026-10-07T17:51:42.188523+00:00,UNO,"ST,450126,RRRR,C,0,0,010",6,71a8b96
2026-10-07T17:44:10.212497+00:00,2026-10-07T17:51:42.562547+00:00,UNO,"ST,450500,RRRR,C,0,0,010",6,71a8b96
2026-10-07T17:44:10.212497+00:00,2026-10-07T17:51:43.062584+00:00,UNO,"ST,451000,RRRR,C,0,0,010",6,71a8b96
2026-10-07T17:44:10.212497+00:00,2026-10-07T17:51:43.188596+00:00,UNO,"ST,451126,RRGG,C,0,0,010",6,71a8b96
2026-10-07T17:44:10.212497+00:00,2026-10-07T17:51:43.562650+00:00,UNO,"ST,451500,RRGG,C,0,0,010",6,71a8b96
2026-10-07T17:44:10.212497+00:00,2026-10-07T17:51:44.063162+00:00,UNO,"ST,452000,RRGG,C,0,0,010",6,71a8b96
2026-10-07T17:44:10.212497+00:00,2026-10-07T17:51:44.562770+00:00,UNO,"ST,452500,RRGG,C,0,0,010",6,71a8b96
2026-10-07T17:44:10.212497+00:00,2026-10-07T17:51:45.062843+00:00,UNO,"ST,453000,RRGG,C,0,0,010",6,71a8b96
2026-10-07T17:44:10.212497+00:00,2026-10-07T17:51:45.563912+00:00,UNO,"ST,453500,RRGG,C,0,0,010",6,71a8b96
2026-10-07T17:44:10.212497+00:00,2026-10-07T17:51:46.063961+00:00,UNO,"ST,454000,RRGG,C,0,0,010",6,71a8b96
2026-10-07T17:44:10.212497+00:00,2026-10-07T17:51:46.189987+00:00,UNO,"ST,454126,RRYY,C,0,0,010",6,71a8b96
2026-10-07T17:44:10.212497+00:00,2026-10-07T17:51:46.563346+00:00,UNO,"ST,454500,RRYY,C,0,0,010",6,71a8b96
2026-10-07T17:44:10.212497+00:00,2026-10-07T17:51:47.063065+00:00,UNO,"ST,455000,RRYY,C,0,0,010",6,71a8b96
2026-10-07T17:44:10.212497+00:00,2026-10-07T17:51:47.564152+00:00,UNO,"ST,455500,RRYY,C,0,0,010",6,71a8b96
2026-10-07T17:44:10.212497+00:00,2026-10-07T17:51:48.064183+00:00,UNO,"ST,456000,RRYY,C,0,0,010",6,71a8b96
2026-10-07T17:44:10.212497+00:00,2026-10-07T17:51:48.190268+00:00,UNO,"ST,456126,RRRR,C,0,0,010",6,71a8b96
2026-10-07T17:44:10.212497+00:00,2026-10-07T17:51:48.563594+00:00,UNO,"ST,456500,RRRR,C,0,0,010",6,71a8b96
2026-10-07T17:44:10.212497+00:00,2026-10-07T17:51:49.064743+00:00,UNO,"ST,457000,RRRR,C,0,0,010",6,71a8b96
2026-10-07T17:44:10.212497+00:00,2026-10-07T17:51:49.190690+00:00,UNO,"ST,457126,GGRR,C,0,0,010",6,71a8b96
2026-10-07T17:44:10.212497+00:00,2026-10-07T17:51:49.564358+00:00,UNO,"ST,457500,GGRR,C,0,0,010",6,71a8b96
2026-10-07T17:44:10.212497+00:00,2026-10-07T17:51:50.064413+00:00,UNO,"ST,458000,GGRR,C,0,0,010",6,71a8b96
2026-10-07T17:44:10.212497+00:00,2026-10-07T17:51:50.564467+00:00,UNO,"ST,458500,GGRR,C,0,0,010",6,71a8b96
2026-10-07T17:44:10.212497+00:00,2026-10-07T17:51:51.065544+00:00,UNO,"ST,459000,GGRR,C,0,0,010",6,71a8b96
2026-10-07T17:44:10.212497+00:00,2026-10-07T17:51:51.564929+00:00,UNO,"ST,459500,GGRR,C,0,0,010",6,71a8b96
2026-10-07T17:44:10.212497+00:00,2026-10-07T17:51:52.064660+00:00,UNO,"ST,460000,GGRR,C,0,0,010",6,71a8b96
2026-10-07T17:44:10.212497+00:00,2026-10-07T17:51:52.190701+00:00,UNO,"ST,460126,YYRR,C,0,0,010",6,71a8b96
2026-10-07T17:44:10.212497+00:00,2026-10-07T17:51:52.565697+00:00,UNO,"ST,460500,YYRR,C,0,0,010",6,71a8b96
2026-10-07T17:44:10.212497+00:00,2026-10-07T17:51:53.065758+00:00,UNO,"ST,461000,YYRR,C,0,0,010",6,71a8b96
2026-10-07T17:44:10.212497+00:00,2026-10-07T17:51:53.565157+00:00,UNO,"ST,461500,YYRR,C,0,0,010",6,71a8b96
2026-10-07T17:44:10.212497+00:00,2026-10-07T17:51:54.065225+00:00,UNO,"ST,462000,YYRR,C,0,0,010",6,71a8b96
2026-10-07T17:44:10.212497+00:00,2026-10-07T17:51:54.191262+00:00,UNO,"ST,462126,RRRR,C,0,0,010",6,71a8b96
2026-10-07T17:44:10.212497+00:00,2026-10-07T17:51:54.565933+00:00,UNO,"ST,462500,RRRR,C,0,0,010",6,71a8b96
2026-10-07T17:44:10.212497+00:00,2026-10-07T17:51:55.065985+00:00,UNO,"ST,463000,RRRR,C,0,0,010",6,71a8b96
2026-10-07T17:44:10.212497+00:00,2026-10-07T17:51:55.192003+00:00,UNO,"ST,463126,RRGG,C,0,0,010",6,71a8b96
2026-10-07T17:44:10.212497+00:00,2026-10-07T17:51:55.566043+00:00,UNO,"ST,463500,RRGG,C,0,0,010",6,71a8b96
2026-10-07T17:44:10.212497+00:00,2026-10-07T17:51:56.065465+00:00,UNO,"ST,464000,RRGG,C,0,0,010",6,71a8b96
2026-10-07T17:44:10.212497+00:00,2026-10-07T17:51:56.566524+00:00,UNO,"ST,464500,RRGG,C,0,0,010",6,71a8b96
2026-10-07T17:44:10.212497+00:00,2026-10-07T17:51:57.066220+00:00,UNO,"ST,465000,RRGG,C,0,0,010",6,71a8b96
2026-10-07T17:44:10.212497+00:00,2026-10-07T17:51:57.566284+00:00,UNO,"ST,465500,RRGG,C,0,0,010",6,71a8b96
2026-10-07T17:44:10.212497+00:00,2026-10-07T17:51:58.067340+00:00,UNO,"ST,466000,RRGG,C,0,0,010",6,71a8b96
2026-10-07T17:44:10.212497+00:00,2026-10-07T17:51:58.193351+00:00,UNO,"ST,466126,RRYY,C,0,0,010",6,71a8b96
2026-10-07T17:44:10.212497+00:00,2026-10-07T17:51:58.566754+00:00,UNO,"ST,466500,RRYY,C,0,0,010",6,71a8b96
2026-10-07T17:44:10.212497+00:00,2026-10-07T17:51:59.066821+00:00,UNO,"ST,467000,RRYY,C,0,0,010",6,71a8b96
2026-10-07T17:44:10.212497+00:00,2026-10-07T17:51:59.566530+00:00,UNO,"ST,467500,RRYY,C,0,0,010",6,71a8b96
2026-10-07T17:44:10.212497+00:00,2026-10-07T17:52:00.067568+00:00,UNO,"ST,468000,RRYY,C,0,0,010",6,71a8b96
2026-10-07T17:44:10.212497+00:00,2026-10-07T17:52:00.193583+00:00,UNO,"ST,468126,RRRR,C,0,0,010",6,71a8b96
2026-10-07T17:44:10.212497+00:00,2026-10-07T17:52:00.567636+00:00,UNO,"ST,468500,RRRR,C,0,0,010",6,71a8b96
2026-10-07T17:44:10.212497+00:00,2026-10-07T17:52:01.067036+00:00,UNO,"ST,469000,RRRR,C,0,0,010",6,71a8b96
2026-10-07T17:44:10.212497+00:00,2026-10-07T17:52:01.193091+00:00,UNO,"ST,469126,GGRR,C,0,0,010",6,71a8b96
2026-10-07T17:44:10.212497+00:00,2026-10-07T17:52:01.568100+00:00,UNO,"ST,469500,GGRR,C,0,0,010",6,71a8b96
2026-10-07T17:44:10.212497+00:00,2026-10-07T17:52:02.067817+00:00,UNO,"ST,470000,GGRR,C,0,0,010",6,71a8b96
2026-10-07T17:44:10.212497+00:00,2026-10-07T17:52:02.567862+00:00,UNO,"ST,470500,GGRR,C,0,0,010",6,71a8b96
2026-10-07T17:44:10.212497+00:00,2026-10-07T17:52:03.067926+00:00,UNO,"ST,471000,GGRR,C,0,0,010",6,71a8b96
2026-10-07T17:44:10.212497+00:00,2026-10-07T17:52:03.568355+00:00,UNO,"ST,471500,GGRR,C,0,0,010",6,71a8b96
2026-10-07T17:44:10.212497+00:00,2026-10-07T17:52:04.068041+00:00,UNO,"ST,472000,GGRR,C,0,0,010",6,71a8b96
2026-10-07T17:44:10.212497+00:00,2026-10-07T17:52:04.194345+00:00,UNO,"ST,472126,YYRR,C,0,0,010",6,71a8b96
2026-10-07T17:44:10.212497+00:00,2026-10-07T17:52:04.568098+00:00,UNO,"ST,472500,YYRR,C,0,0,010",6,71a8b96
2026-10-07T17:44:10.212497+00:00,2026-10-07T17:52:05.069163+00:00,UNO,"ST,473000,YYRR,C,0,0,010",6,71a8b96
2026-10-07T17:44:10.212497+00:00,2026-10-07T17:52:05.569222+00:00,UNO,"ST,473500,YYRR,C,0,0,010",6,71a8b96
2026-10-07T17:44:10.212497+00:00,2026-10-07T17:52:06.068620+00:00,UNO,"ST,474000,YYRR,C,0,0,010",6,71a8b96
2026-10-07T17:44:10.212497+00:00,2026-10-07T17:52:06.194656+00:00,UNO,"ST,474126,RRRR,C,0,0,010",6,71a8b96
2026-10-07T17:44:10.212497+00:00,2026-10-07T17:52:06.568331+00:00,UNO,"ST,474500,RRRR,C,0,0,010",6,71a8b96
2026-10-07T17:44:10.212497+00:00,2026-10-07T17:52:07.069394+00:00,UNO,"ST,475000,RRRR,C,0,0,010",6,71a8b96
2026-10-07T17:44:10.212497+00:00,2026-10-07T17:52:07.195430+00:00,UNO,"ST,475126,RRGG,C,0,0,010",6,71a8b96
2026-10-07T17:44:10.212497+00:00,2026-10-07T17:52:07.569443+00:00,UNO,"ST,475500,RRGG,C,0,0,010",6,71a8b96
2026-10-07T17:44:10.212497+00:00,2026-10-07T17:52:08.068885+00:00,UNO,"ST,476000,RRGG,C,0,0,010",6,71a8b96
2026-10-07T17:44:10.212497+00:00,2026-10-07T17:52:08.569911+00:00,UNO,"ST,476500,RRGG,C,0,0,010",6,71a8b96
2026-10-07T17:44:10.212497+00:00,2026-10-07T17:52:09.069652+00:00,UNO,"ST,477000,RRGG,C,0,0,010",6,71a8b96
2026-10-07T17:44:10.212497+00:00,2026-10-07T17:52:09.570385+00:00,UNO,"ST,477500,RRGG,C,0,0,010",6,71a8b96
2026-10-07T17:44:10.212497+00:00,2026-10-07T17:52:10.069738+00:00,UNO,"ST,478000,RRGG,C,0,0,010",6,71a8b96
2026-10-07T17:44:10.212497+00:00,2026-10-07T17:52:10.177100+00:00,UNO,"EV,478106,SEM_OCORRENCIA,3,AMBULANCIA",6,71a8b96
2026-10-07T17:44:10.212497+00:00,2026-10-07T17:52:10.228747+00:00,UNO,"ST,478158,RRYY,C,0,0,010",6,71a8b96
2026-10-07T17:44:10.212497+00:00,2026-10-07T17:52:10.570865+00:00,UNO,"ST,478500,RRYY,C,0,0,010",6,71a8b96
2026-10-07T17:44:10.212497+00:00,2026-10-07T17:52:11.070207+00:00,UNO,"ST,479000,RRYY,C,0,0,010",6,71a8b96
2026-10-07T17:44:10.212497+00:00,2026-10-07T17:52:11.569929+00:00,UNO,"ST,479500,RRYY,C,0,0,010",6,71a8b96
2026-10-07T17:44:10.212497+00:00,2026-10-07T17:52:12.069973+00:00,UNO,"ST,480000,RRYY,C,0,0,010",6,71a8b96
2026-10-07T17:44:10.212497+00:00,2026-10-07T17:52:12.229017+00:00,UNO,"ST,480158,RRRR,C,0,0,010",6,71a8b96
2026-10-07T17:44:10.212497+00:00,2026-10-07T17:52:12.571031+00:00,UNO,"ST,480500,RRRR,C,0,0,010",6,71a8b96
2026-10-07T17:44:10.212497+00:00,2026-10-07T17:52:13.070454+00:00,UNO,"ST,481000,RRRR,C,0,0,010",6,71a8b96
2026-10-07T17:44:10.212497+00:00,2026-10-07T17:52:13.228479+00:00,UNO,"ST,481158,GGRR,C,0,0,010",6,71a8b96
2026-10-07T17:44:10.212497+00:00,2026-10-07T17:52:13.570521+00:00,UNO,"ST,481500,GGRR,C,0,0,010",6,71a8b96
2026-10-07T17:44:10.212497+00:00,2026-10-07T17:52:14.071575+00:00,UNO,"ST,482000,GGRR,C,0,0,010",6,71a8b96
2026-10-07T17:44:10.212497+00:00,2026-10-07T17:52:14.571283+00:00,UNO,"ST,482500,GGRR,C,0,0,010",6,71a8b96
2026-10-07T17:44:10.212497+00:00,2026-10-07T17:52:15.071332+00:00,UNO,"ST,483000,GGRR,C,0,0,010",6,71a8b96
2026-10-07T17:44:10.212497+00:00,2026-10-07T17:52:15.571379+00:00,UNO,"ST,483500,GGRR,C,0,0,010",6,71a8b96
2026-10-07T17:44:10.212497+00:00,2026-10-07T17:52:16.071814+00:00,UNO,"ST,484000,GGRR,C,0,0,010",6,71a8b96
2026-10-07T17:44:10.212497+00:00,2026-10-07T17:52:16.229471+00:00,UNO,"ST,484158,YYRR,C,0,0,010",6,71a8b96
2026-10-07T17:44:10.212497+00:00,2026-10-07T17:52:16.571509+00:00,UNO,"ST,484500,YYRR,C,0,0,010",6,71a8b96
2026-10-07T17:44:10.212497+00:00,2026-10-07T17:52:17.071572+00:00,UNO,"ST,485000,YYRR,C,0,0,010",6,71a8b96
2026-10-07T17:44:10.212497+00:00,2026-10-07T17:52:17.572690+00:00,UNO,"ST,485500,YYRR,C,0,0,010",6,71a8b96
2026-10-07T17:44:10.212497+00:00,2026-10-07T17:52:18.072032+00:00,UNO,"ST,486000,YYRR,C,0,0,010",6,71a8b96
2026-10-07T17:44:10.212497+00:00,2026-10-07T17:52:18.229719+00:00,UNO,"ST,486158,RRRR,C,0,0,010",6,71a8b96
2026-10-07T17:44:10.212497+00:00,2026-10-07T17:52:18.572088+00:00,UNO,"ST,486500,RRRR,C,0,0,010",6,71a8b96
2026-10-07T17:44:10.212497+00:00,2026-10-07T17:52:19.071840+00:00,UNO,"ST,487000,RRRR,C,0,0,010",6,71a8b96
2026-10-07T17:44:10.212497+00:00,2026-10-07T17:52:19.230824+00:00,UNO,"ST,487158,RRGG,C,0,0,010",6,71a8b96
2026-10-07T17:44:10.212497+00:00,2026-10-07T17:52:19.572858+00:00,UNO,"ST,487500,RRGG,C,0,0,010",6,71a8b96
2026-10-07T17:44:10.212497+00:00,2026-10-07T17:52:20.072253+00:00,UNO,"ST,488000,RRGG,C,0,0,010",6,71a8b96
2026-10-07T17:44:10.212497+00:00,2026-10-07T17:52:20.572315+00:00,UNO,"ST,488500,RRGG,C,0,0,010",6,71a8b96
2026-10-07T17:44:10.212497+00:00,2026-10-07T17:52:21.073048+00:00,UNO,"ST,489000,RRGG,C,0,0,010",6,71a8b96
2026-10-07T17:44:10.212497+00:00,2026-10-07T17:52:21.573614+00:00,UNO,"ST,489500,RRGG,C,0,0,010",6,71a8b96
2026-10-07T17:44:10.212497+00:00,2026-10-07T17:52:22.073139+00:00,UNO,"ST,490000,RRGG,C,0,0,010",6,71a8b96
2026-10-07T17:44:10.212497+00:00,2026-10-07T17:52:22.230517+00:00,UNO,"ST,490158,RRYY,C,0,0,010",6,71a8b96
2026-10-07T17:44:10.212497+00:00,2026-10-07T17:52:22.573217+00:00,UNO,"ST,490500,RRYY,C,0,0,010",6,71a8b96
2026-10-07T17:44:10.212497+00:00,2026-10-07T17:52:23.073621+00:00,UNO,"ST,491000,RRYY,C,0,0,010",6,71a8b96
2026-10-07T17:44:10.212497+00:00,2026-10-07T17:52:23.573661+00:00,UNO,"ST,491500,RRYY,C,0,0,010",6,71a8b96
2026-10-07T17:44:10.212497+00:00,2026-10-07T17:52:24.073368+00:00,UNO,"ST,492000,RRYY,C,0,0,010",6,71a8b96
2026-10-07T17:44:10.212497+00:00,2026-10-07T17:52:24.232409+00:00,UNO,"ST,492158,RRRR,C,0,0,010",6,71a8b96
2026-10-07T17:44:10.212497+00:00,2026-10-07T17:52:24.574454+00:00,UNO,"ST,492500,RRRR,C,0,0,010",6,71a8b96
2026-10-07T17:44:10.212497+00:00,2026-10-07T17:52:25.074492+00:00,UNO,"ST,493000,RRRR,C,0,0,010",6,71a8b96
2026-10-07T17:44:10.212497+00:00,2026-10-07T17:52:25.231860+00:00,UNO,"ST,493158,GGRR,C,0,0,010",6,71a8b96
2026-10-07T17:44:10.212497+00:00,2026-10-07T17:52:25.573904+00:00,UNO,"ST,493500,GGRR,C,0,0,010",6,71a8b96
2026-10-07T17:44:10.212497+00:00,2026-10-07T17:52:26.073963+00:00,UNO,"ST,494000,GGRR,C,0,0,010",6,71a8b96
2026-10-07T17:44:10.212497+00:00,2026-10-07T17:52:26.574656+00:00,UNO,"ST,494500,GGRR,C,0,0,010",6,71a8b96
2026-10-07T17:44:10.212497+00:00,2026-10-07T17:52:27.074718+00:00,UNO,"ST,495000,GGRR,C,0,0,010",6,71a8b96
2026-10-07T17:44:10.212497+00:00,2026-10-07T17:52:27.574781+00:00,UNO,"ST,495500,GGRR,C,0,0,010",6,71a8b96
2026-10-07T17:44:10.212497+00:00,2026-10-07T17:52:28.074191+00:00,UNO,"ST,496000,GGRR,C,0,0,010",6,71a8b96
2026-10-07T17:44:10.212497+00:00,2026-10-07T17:52:28.232854+00:00,UNO,"ST,496158,YYRR,C,0,0,010",6,71a8b96
2026-10-07T17:44:10.212497+00:00,2026-10-07T17:52:28.574916+00:00,UNO,"ST,496500,YYRR,C,0,0,010",6,71a8b96
2026-10-07T17:44:10.212497+00:00,2026-10-07T17:52:29.074996+00:00,UNO,"ST,497000,YYRR,C,0,0,010",6,71a8b96
2026-10-07T17:44:10.212497+00:00,2026-10-07T17:52:29.575033+00:00,UNO,"ST,497500,YYRR,C,0,0,010",6,71a8b96
2026-10-07T17:44:10.212497+00:00,2026-10-07T17:52:30.075431+00:00,UNO,"ST,498000,YYRR,C,0,0,010",6,71a8b96
2026-10-07T17:44:10.212497+00:00,2026-10-07T17:52:30.233451+00:00,UNO,"ST,498158,RRRR,C,0,0,010",6,71a8b96
2026-10-07T17:44:10.212497+00:00,2026-10-07T17:52:30.575503+00:00,UNO,"ST,498500,RRRR,C,0,0,010",6,71a8b96
2026-10-07T17:44:10.212497+00:00,2026-10-07T17:52:31.075191+00:00,UNO,"ST,499000,RRRR,C,0,0,010",6,71a8b96
2026-10-07T17:44:10.212497+00:00,2026-10-07T17:52:31.233233+00:00,UNO,"ST,499158,RRGG,C,0,0,010",6,71a8b96
2026-10-07T17:44:10.212497+00:00,2026-10-07T17:52:31.575268+00:00,UNO,"ST,499500,RRGG,C,0,0,010",6,71a8b96
2026-10-07T17:44:10.212497+00:00,2026-10-07T17:52:32.076330+00:00,UNO,"ST,500000,RRGG,C,0,0,010",6,71a8b96
2026-10-07T17:44:10.212497+00:00,2026-10-07T17:52:32.575731+00:00,UNO,"ST,500500,RRGG,C,0,0,010",6,71a8b96
2026-10-07T17:44:10.212497+00:00,2026-10-07T17:52:33.075797+00:00,UNO,"ST,501000,RRGG,C,0,0,010",6,71a8b96
2026-10-07T17:44:10.212497+00:00,2026-10-07T17:52:33.576497+00:00,UNO,"ST,501500,RRGG,C,0,0,010",6,71a8b96
2026-10-07T17:44:10.212497+00:00,2026-10-07T17:52:34.076552+00:00,UNO,"ST,502000,RRGG,C,0,0,010",6,71a8b96
2026-10-07T17:44:10.212497+00:00,2026-10-07T17:52:34.234583+00:00,UNO,"ST,502158,RRYY,C,0,0,010",6,71a8b96
2026-10-07T17:44:10.212497+00:00,2026-10-07T17:52:34.576605+00:00,UNO,"ST,502500,RRYY,C,0,0,010",6,71a8b96
2026-10-07T17:44:10.212497+00:00,2026-10-07T17:52:35.076673+00:00,UNO,"ST,503000,RRYY,C,0,0,010",6,71a8b96
2026-10-07T17:44:10.212497+00:00,2026-10-07T17:52:35.577091+00:00,UNO,"ST,503500,RRYY,C,0,0,010",6,71a8b96
2026-10-07T17:44:10.212497+00:00,2026-10-07T17:52:36.076783+00:00,UNO,"ST,504000,RRYY,C,0,0,010",6,71a8b96
2026-10-07T17:44:10.212497+00:00,2026-10-07T17:52:36.234797+00:00,UNO,"ST,504158,RRRR,C,0,0,010",6,71a8b96
2026-10-07T17:44:10.212497+00:00,2026-10-07T17:52:36.576853+00:00,UNO,"ST,504500,RRRR,C,0,0,010",6,71a8b96
2026-10-07T17:44:10.212497+00:00,2026-10-07T17:52:37.077915+00:00,UNO,"ST,505000,RRRR,C,0,0,010",6,71a8b96
2026-10-07T17:44:10.212497+00:00,2026-10-07T17:52:37.235263+00:00,UNO,"ST,505158,GGRR,C,0,0,010",6,71a8b96
2026-10-07T17:44:10.212497+00:00,2026-10-07T17:52:37.577956+00:00,UNO,"ST,505500,GGRR,C,0,0,010",6,71a8b96
2026-10-07T17:44:10.212497+00:00,2026-10-07T17:52:38.077363+00:00,UNO,"ST,506000,GGRR,C,0,0,010",6,71a8b96
2026-10-07T17:44:10.212497+00:00,2026-10-07T17:52:38.577083+00:00,UNO,"ST,506500,GGRR,C,0,0,010",6,71a8b96
2026-10-07T17:44:10.212497+00:00,2026-10-07T17:52:39.078163+00:00,UNO,"ST,507000,GGRR,C,0,0,010",6,71a8b96
2026-10-07T17:44:10.212497+00:00,2026-10-07T17:52:39.578191+00:00,UNO,"ST,507500,GGRR,C,0,0,010",6,71a8b96
2026-10-07T17:44:10.212497+00:00,2026-10-07T17:52:40.077599+00:00,UNO,"ST,508000,GGRR,C,0,0,010",6,71a8b96
2026-10-07T17:44:10.212497+00:00,2026-10-07T17:52:40.236623+00:00,UNO,"ST,508158,YYRR,C,0,0,010",6,71a8b96
2026-10-07T17:44:10.212497+00:00,2026-10-07T17:52:40.578668+00:00,UNO,"ST,508500,YYRR,C,0,0,010",6,71a8b96
2026-10-07T17:44:10.212497+00:00,2026-10-07T17:52:41.078360+00:00,UNO,"ST,509000,YYRR,C,0,0,010",6,71a8b96
2026-10-07T17:44:10.212497+00:00,2026-10-07T17:52:41.578436+00:00,UNO,"ST,509500,YYRR,C,0,0,010",6,71a8b96
2026-10-07T17:44:10.212497+00:00,2026-10-07T17:52:42.077837+00:00,UNO,"ST,510000,YYRR,C,0,0,010",6,71a8b96
2026-10-07T17:44:10.212497+00:00,2026-10-07T17:52:42.236843+00:00,UNO,"ST,510158,RRRR,C,0,0,010",6,71a8b96
2026-10-07T17:44:10.212497+00:00,2026-10-07T17:52:42.578896+00:00,UNO,"ST,510500,RRRR,C,0,0,010",6,71a8b96
2026-10-07T17:44:10.212497+00:00,2026-10-07T17:52:43.078958+00:00,UNO,"ST,511000,RRRR,C,0,0,010",6,71a8b96
2026-10-07T17:44:10.212497+00:00,2026-10-07T17:52:43.236609+00:00,UNO,"ST,511158,RRGG,C,0,0,010",6,71a8b96
2026-10-07T17:44:10.212497+00:00,2026-10-07T17:52:43.578672+00:00,UNO,"ST,511500,RRGG,C,0,0,010",6,71a8b96
2026-10-07T17:44:10.212497+00:00,2026-10-07T17:52:44.078714+00:00,UNO,"ST,512000,RRGG,C,0,0,010",6,71a8b96
2026-10-07T17:44:10.212497+00:00,2026-10-07T17:52:44.579778+00:00,UNO,"ST,512500,RRGG,C,0,0,010",6,71a8b96
2026-10-07T17:44:10.212497+00:00,2026-10-07T17:52:45.079180+00:00,UNO,"ST,513000,RRGG,C,0,0,010",6,71a8b96
2026-10-07T17:44:10.212497+00:00,2026-10-07T17:52:45.578912+00:00,UNO,"ST,513500,RRGG,C,0,0,010",6,71a8b96
2026-10-07T17:44:10.212497+00:00,2026-10-07T17:52:46.079937+00:00,UNO,"ST,514000,RRGG,C,0,0,010",6,71a8b96
2026-10-07T17:44:10.212497+00:00,2026-10-07T17:52:46.237968+00:00,UNO,"ST,514158,RRYY,C,0,0,010",6,71a8b96
2026-10-07T17:44:10.212497+00:00,2026-10-07T17:52:46.580022+00:00,UNO,"ST,514500,RRYY,C,0,0,010",6,71a8b96
2026-10-07T17:44:10.212497+00:00,2026-10-07T17:52:47.080065+00:00,UNO,"ST,515000,RRYY,C,0,0,010",6,71a8b96
2026-10-07T17:44:10.212497+00:00,2026-10-07T17:52:47.579493+00:00,UNO,"ST,515500,RRYY,C,0,0,010",6,71a8b96
2026-10-07T17:44:10.212497+00:00,2026-10-07T17:52:48.080557+00:00,UNO,"ST,516000,RRYY,C,0,0,010",6,71a8b96
2026-10-07T17:44:10.212497+00:00,2026-10-07T17:52:48.238213+00:00,UNO,"ST,516158,RRRR,C,0,0,010",6,71a8b96
2026-10-07T17:44:10.212497+00:00,2026-10-07T17:52:48.580255+00:00,UNO,"ST,516500,RRRR,C,0,0,010",6,71a8b96
2026-10-07T17:44:10.212497+00:00,2026-10-07T17:52:49.080334+00:00,UNO,"ST,517000,RRRR,C,0,0,010",6,71a8b96
2026-10-07T17:44:10.212497+00:00,2026-10-07T17:52:49.239340+00:00,UNO,"ST,517158,GGRR,C,0,0,010",6,71a8b96
2026-10-07T17:44:10.212497+00:00,2026-10-07T17:52:49.580712+00:00,UNO,"ST,517500,GGRR,C,0,0,010",6,71a8b96
2026-10-07T17:44:10.212497+00:00,2026-10-07T17:52:50.080764+00:00,UNO,"ST,518000,GGRR,C,0,0,010",6,71a8b96
2026-10-07T17:44:10.212497+00:00,2026-10-07T17:52:50.580487+00:00,UNO,"ST,518500,GGRR,C,0,0,010",6,71a8b96
2026-10-07T17:44:10.212497+00:00,2026-10-07T17:52:51.080529+00:00,UNO,"ST,519000,GGRR,C,0,0,010",6,71a8b96
2026-10-07T17:44:10.212497+00:00,2026-10-07T17:52:51.581586+00:00,UNO,"ST,519500,GGRR,C,0,0,010",6,71a8b96
2026-10-07T17:44:10.212497+00:00,2026-10-07T17:52:52.080991+00:00,UNO,"ST,520000,GGRR,C,0,0,010",6,71a8b96
2026-10-07T17:44:10.212497+00:00,2026-10-07T17:52:52.239019+00:00,UNO,"ST,520158,YYRR,C,0,0,010",6,71a8b96
2026-10-07T17:44:10.212497+00:00,2026-10-07T17:52:52.581065+00:00,UNO,"ST,520500,YYRR,C,0,0,010",6,71a8b96
2026-10-07T17:44:10.212497+00:00,2026-10-07T17:52:53.081764+00:00,UNO,"ST,521000,YYRR,C,0,0,010",6,71a8b96
2026-10-07T17:44:10.212497+00:00,2026-10-07T17:52:53.581832+00:00,UNO,"ST,521500,YYRR,C,0,0,010",6,71a8b96
2026-10-07T17:44:10.212497+00:00,2026-10-07T17:52:54.081870+00:00,UNO,"ST,522000,YYRR,C,0,0,010",6,71a8b96
2026-10-07T17:44:10.212497+00:00,2026-10-07T17:52:54.239248+00:00,UNO,"ST,522158,RRRR,C,0,0,010",6,71a8b96
2026-10-07T17:44:10.212497+00:00,2026-10-07T17:52:54.581294+00:00,UNO,"ST,522500,RRRR,C,0,0,010",6,71a8b96
2026-10-07T17:44:10.212497+00:00,2026-10-07T17:52:55.082339+00:00,UNO,"ST,523000,RRRR,C,0,0,010",6,71a8b96
2026-10-07T17:44:10.212497+00:00,2026-10-07T17:52:55.240025+00:00,UNO,"ST,523158,RRGG,C,0,0,010",6,71a8b96
2026-10-07T17:44:10.212497+00:00,2026-10-07T17:52:55.582052+00:00,UNO,"ST,523500,RRGG,C,0,0,010",6,71a8b96
2026-10-07T17:44:10.212497+00:00,2026-10-07T17:52:56.082135+00:00,UNO,"ST,524000,RRGG,C,0,0,010",6,71a8b96
2026-10-07T17:44:10.212497+00:00,2026-10-07T17:52:56.583185+00:00,UNO,"ST,524500,RRGG,C,0,0,010",6,71a8b96
2026-10-07T17:44:10.212497+00:00,2026-10-07T17:52:57.083246+00:00,UNO,"ST,525000,RRGG,C,0,0,010",6,71a8b96
2026-10-07T17:44:10.212497+00:00,2026-10-07T17:52:57.582640+00:00,UNO,"ST,525500,RRGG,C,0,0,010",6,71a8b96
2026-10-07T17:44:10.212497+00:00,2026-10-07T17:52:58.082363+00:00,UNO,"ST,526000,RRGG,C,0,0,010",6,71a8b96
2026-10-07T17:44:10.212497+00:00,2026-10-07T17:52:58.241360+00:00,UNO,"ST,526158,RRYY,C,0,0,010",6,71a8b96
2026-10-07T17:44:10.212497+00:00,2026-10-07T17:52:58.583413+00:00,UNO,"ST,526500,RRYY,C,0,0,010",6,71a8b96
2026-10-07T17:44:10.212497+00:00,2026-10-07T17:52:59.083486+00:00,UNO,"ST,527000,RRYY,C,0,0,010",6,71a8b96
2026-10-07T17:44:10.212497+00:00,2026-10-07T17:52:59.582878+00:00,UNO,"ST,527500,RRYY,C,0,0,010",6,71a8b96
2026-10-07T17:44:10.212497+00:00,2026-10-07T17:53:00.082937+00:00,UNO,"ST,528000,RRYY,C,0,0,010",6,71a8b96
2026-10-07T17:44:10.212497+00:00,2026-10-07T17:53:00.241602+00:00,UNO,"ST,528158,RRRR,C,0,0,010",6,71a8b96
2026-10-07T17:44:10.212497+00:00,2026-10-07T17:53:00.583645+00:00,UNO,"ST,528500,RRRR,C,0,0,010",6,71a8b96
2026-10-07T17:44:10.212497+00:00,2026-10-07T17:53:01.083710+00:00,UNO,"ST,529000,RRRR,C,0,0,010",6,71a8b96
2026-10-07T17:44:10.212497+00:00,2026-10-07T17:53:01.241737+00:00,UNO,"ST,529158,GGRR,C,0,0,010",6,71a8b96
2026-10-07T17:44:10.212497+00:00,2026-10-07T17:53:01.583767+00:00,UNO,"ST,529500,GGRR,C,0,0,010",6,71a8b96
2026-10-07T17:44:10.212497+00:00,2026-10-07T17:53:02.084177+00:00,UNO,"ST,530000,GGRR,C,0,0,010",6,71a8b96
2026-10-07T17:44:10.212497+00:00,2026-10-07T17:53:02.584238+00:00,UNO,"ST,530500,GGRR,C,0,0,010",6,71a8b96
2026-10-07T17:44:10.212497+00:00,2026-10-07T17:53:03.083944+00:00,UNO,"ST,531000,GGRR,C,0,0,010",6,71a8b96
2026-10-07T17:44:10.212497+00:00,2026-10-07T17:53:03.584030+00:00,UNO,"ST,531500,GGRR,C,0,0,010",6,71a8b96
2026-10-07T17:44:10.212497+00:00,2026-10-07T17:53:04.085056+00:00,UNO,"ST,532000,GGRR,C,0,0,010",6,71a8b96
2026-10-07T17:44:10.212497+00:00,2026-10-07T17:53:04.242405+00:00,UNO,"ST,532158,YYRR,C,0,0,010",6,71a8b96
2026-10-07T17:44:10.212497+00:00,2026-10-07T17:53:04.584461+00:00,UNO,"ST,532500,YYRR,C,0,0,010",6,71a8b96
2026-10-07T17:44:10.212497+00:00,2026-10-07T17:53:05.084156+00:00,UNO,"ST,533000,YYRR,C,0,0,010",6,71a8b96
2026-10-07T17:44:10.212497+00:00,2026-10-07T17:53:05.585217+00:00,UNO,"ST,533500,YYRR,C,0,0,010",6,71a8b96
2026-10-07T17:44:10.212497+00:00,2026-10-07T17:53:06.085298+00:00,UNO,"ST,534000,YYRR,C,0,0,010",6,71a8b96
2026-10-07T17:44:10.212497+00:00,2026-10-07T17:53:06.242651+00:00,UNO,"ST,534158,RRRR,C,0,0,010",6,71a8b96
2026-10-07T17:44:10.212497+00:00,2026-10-07T17:53:06.584716+00:00,UNO,"ST,534500,RRRR,C,0,0,010",6,71a8b96
2026-10-07T17:44:10.212497+00:00,2026-10-07T17:53:07.084750+00:00,UNO,"ST,535000,RRRR,C,0,0,010",6,71a8b96
2026-10-07T17:44:10.212497+00:00,2026-10-07T17:53:07.243435+00:00,UNO,"ST,535158,RRGG,C,0,0,010",6,71a8b96
2026-10-07T17:44:10.212497+00:00,2026-10-07T17:53:07.585467+00:00,UNO,"ST,535500,RRGG,C,0,0,010",6,71a8b96
2026-10-07T17:44:10.212497+00:00,2026-10-07T17:53:08.085529+00:00,UNO,"ST,536000,RRGG,C,0,0,010",6,71a8b96
2026-10-07T17:44:10.212497+00:00,2026-10-07T17:53:08.585567+00:00,UNO,"ST,536500,RRGG,C,0,0,010",6,71a8b96
2026-10-07T17:44:10.212497+00:00,2026-10-07T17:53:09.086653+00:00,UNO,"ST,537000,RRGG,C,0,0,010",6,71a8b96
2026-10-07T17:44:10.212497+00:00,2026-10-07T17:53:09.586040+00:00,UNO,"ST,537500,RRGG,C,0,0,010",6,71a8b96
2026-10-07T17:44:10.212497+00:00,2026-10-07T17:53:10.086102+00:00,UNO,"ST,538000,RRGG,C,0,0,010",6,71a8b96
2026-10-07T17:44:10.212497+00:00,2026-10-07T17:53:10.243779+00:00,UNO,"ST,538158,RRYY,C,0,0,010",6,71a8b96
2026-10-07T17:44:10.212497+00:00,2026-10-07T17:53:10.585813+00:00,UNO,"ST,538500,RRYY,C,0,0,010",6,71a8b96
2026-10-07T17:44:10.212497+00:00,2026-10-07T17:53:11.086874+00:00,UNO,"ST,539000,RRYY,C,0,0,010",6,71a8b96
2026-10-07T17:44:10.212497+00:00,2026-10-07T17:53:11.586934+00:00,UNO,"ST,539500,RRYY,C,0,0,010",6,71a8b96
2026-10-07T17:44:10.212497+00:00,2026-10-07T17:53:12.086322+00:00,UNO,"ST,540000,RRYY,C,0,0,010",6,71a8b96
2026-10-07T17:44:10.212497+00:00,2026-10-07T17:53:12.244995+00:00,UNO,"ST,540158,RRRR,C,0,0,010",6,71a8b96
2026-10-07T17:44:10.212497+00:00,2026-10-07T17:53:12.587046+00:00,UNO,"ST,540500,RRRR,C,0,0,010",6,71a8b96
2026-10-07T17:44:10.212497+00:00,2026-10-07T17:53:13.087085+00:00,UNO,"ST,541000,RRRR,C,0,0,010",6,71a8b96
2026-10-07T17:44:10.212497+00:00,2026-10-07T17:53:13.245107+00:00,UNO,"ST,541158,GGRR,C,0,0,010",6,71a8b96
2026-10-07T17:44:10.212497+00:00,2026-10-07T17:53:13.587157+00:00,UNO,"ST,541500,GGRR,C,0,0,010",6,71a8b96
2026-10-07T17:44:10.212497+00:00,2026-10-07T17:53:14.086554+00:00,UNO,"ST,542000,GGRR,C,0,0,010",6,71a8b96
2026-10-07T17:44:10.212497+00:00,2026-10-07T17:53:14.587627+00:00,UNO,"ST,542500,GGRR,C,0,0,010",6,71a8b96
2026-10-07T17:44:10.212497+00:00,2026-10-07T17:53:15.087348+00:00,UNO,"ST,543000,GGRR,C,0,0,010",6,71a8b96
2026-10-07T17:44:10.212497+00:00,2026-10-07T17:53:15.587381+00:00,UNO,"ST,543500,GGRR,C,0,0,010",6,71a8b96
2026-10-07T17:44:10.212497+00:00,2026-10-07T17:53:16.087452+00:00,UNO,"ST,544000,GGRR,C,0,0,010",6,71a8b96
2026-10-07T17:44:10.212497+00:00,2026-10-07T17:53:16.245815+00:00,UNO,"ST,544158,YYRR,C,0,0,010",6,71a8b96
2026-10-07T17:44:10.212497+00:00,2026-10-07T17:53:16.587857+00:00,UNO,"ST,544500,YYRR,C,0,0,010",6,71a8b96
2026-10-07T17:44:10.212497+00:00,2026-10-07T17:53:17.087912+00:00,UNO,"ST,545000,YYRR,C,0,0,010",6,71a8b96
2026-10-07T17:44:10.212497+00:00,2026-10-07T17:53:17.587620+00:00,UNO,"ST,545500,YYRR,C,0,0,010",6,71a8b96
2026-10-07T17:44:10.212497+00:00,2026-10-07T17:53:18.088701+00:00,UNO,"ST,546000,YYRR,C,0,0,010",6,71a8b96
2026-10-07T17:44:10.212497+00:00,2026-10-07T17:53:18.246690+00:00,UNO,"ST,546158,RRRR,C,0,0,010",6,71a8b96
2026-10-07T17:44:10.212497+00:00,2026-10-07T17:53:18.588753+00:00,UNO,"ST,546500,RRRR,C,0,0,010",6,71a8b96
2026-10-07T17:44:10.212497+00:00,2026-10-07T17:53:19.088167+00:00,UNO,"ST,547000,RRRR,C,0,0,010",6,71a8b96
2026-10-07T17:44:10.212497+00:00,2026-10-07T17:53:19.246186+00:00,UNO,"ST,547158,RRGG,C,0,0,010",6,71a8b96
2026-10-07T17:44:10.212497+00:00,2026-10-07T17:53:19.588227+00:00,UNO,"ST,547500,RRGG,C,0,0,010",6,71a8b96
2026-10-07T17:44:10.212497+00:00,2026-10-07T17:53:20.088913+00:00,UNO,"ST,548000,RRGG,C,0,0,010",6,71a8b96
2026-10-07T17:44:10.212497+00:00,2026-10-07T17:53:20.588976+00:00,UNO,"ST,548500,RRGG,C,0,0,010",6,71a8b96
2026-10-07T17:44:10.212497+00:00,2026-10-07T17:53:21.089040+00:00,UNO,"ST,549000,RRGG,C,0,0,010",6,71a8b96
2026-10-07T17:44:10.212497+00:00,2026-10-07T17:53:21.589437+00:00,UNO,"ST,549500,RRGG,C,0,0,010",6,71a8b96
2026-10-07T17:44:10.212497+00:00,2026-10-07T17:53:22.089495+00:00,UNO,"ST,550000,RRGG,C,0,0,010",6,71a8b96
2026-10-07T17:44:10.212497+00:00,2026-10-07T17:53:22.247174+00:00,UNO,"ST,550158,RRYY,C,0,0,010",6,71a8b96
2026-10-07T17:44:10.212497+00:00,2026-10-07T17:53:22.589221+00:00,UNO,"ST,550500,RRYY,C,0,0,010",6,71a8b96
2026-10-07T17:44:10.212497+00:00,2026-10-07T17:53:23.089278+00:00,UNO,"ST,551000,RRYY,C,0,0,010",6,71a8b96
2026-10-07T17:44:10.212497+00:00,2026-10-07T17:53:23.590321+00:00,UNO,"ST,551500,RRYY,C,0,0,010",6,71a8b96
2026-10-07T17:44:10.212497+00:00,2026-10-07T17:53:24.089722+00:00,UNO,"ST,552000,RRYY,C,0,0,010",6,71a8b96
2026-10-07T17:44:10.212497+00:00,2026-10-07T17:53:24.248040+00:00,UNO,"ST,552158,RRRR,C,0,0,010",6,71a8b96
2026-10-07T17:44:10.212497+00:00,2026-10-07T17:53:24.589455+00:00,UNO,"ST,552500,RRRR,C,0,0,010",6,71a8b96
2026-10-07T17:44:10.212497+00:00,2026-10-07T17:53:25.090491+00:00,UNO,"ST,553000,RRRR,C,0,0,010",6,71a8b96
2026-10-07T17:44:10.212497+00:00,2026-10-07T17:53:25.248514+00:00,UNO,"ST,553158,GGRR,C,0,0,010",6,71a8b96
2026-10-07T17:44:10.212497+00:00,2026-10-07T17:53:25.590556+00:00,UNO,"ST,553500,GGRR,C,0,0,010",6,71a8b96
2026-10-07T17:44:10.212497+00:00,2026-10-07T17:53:26.090602+00:00,UNO,"ST,554000,GGRR,C,0,0,010",6,71a8b96
2026-10-07T17:44:10.212497+00:00,2026-10-07T17:53:26.590025+00:00,UNO,"ST,554500,GGRR,C,0,0,010",6,71a8b96
2026-10-07T17:44:10.212497+00:00,2026-10-07T17:53:27.091073+00:00,UNO,"ST,555000,GGRR,C,0,0,010",6,71a8b96
2026-10-07T17:44:10.212497+00:00,2026-10-07T17:53:27.195749+00:00,PONTE,"AUT,AMBULANCIA,2",0,71a8b96
2026-10-07T17:44:10.212497+00:00,2026-10-07T17:53:27.196769+00:00,PONTE,"AUT,BOMBEIRO,1",0,71a8b96
2026-10-07T17:44:10.212497+00:00,2026-10-07T17:53:27.197440+00:00,PONTE,"AUT,POLICIA,0",0,71a8b96
2026-10-07T17:44:10.212497+00:00,2026-10-07T17:53:27.234754+00:00,UNO,"ST,555130,GGRR,C,0,0,210",13,71a8b96
2026-10-07T17:44:10.212497+00:00,2026-10-07T17:53:27.590784+00:00,UNO,"ST,555500,GGRR,C,0,0,210",6,71a8b96
2026-10-07T17:44:10.212497+00:00,2026-10-07T17:53:28.090839+00:00,UNO,"ST,556000,GGRR,C,0,0,210",6,71a8b96
2026-10-07T17:44:10.212497+00:00,2026-10-07T17:53:28.249224+00:00,UNO,"ST,556158,YYRR,C,0,0,210",6,71a8b96
2026-10-07T17:44:10.212497+00:00,2026-10-07T17:53:28.591923+00:00,UNO,"ST,556500,YYRR,C,0,0,210",6,71a8b96
2026-10-07T17:44:10.212497+00:00,2026-10-07T17:53:29.091328+00:00,UNO,"ST,557000,YYRR,C,0,0,210",6,71a8b96
2026-10-07T17:44:10.212497+00:00,2026-10-07T17:53:29.591058+00:00,UNO,"ST,557500,YYRR,C,0,0,210",6,71a8b96
2026-10-07T17:44:10.212497+00:00,2026-10-07T17:53:30.091105+00:00,UNO,"ST,558000,YYRR,C,0,0,210",6,71a8b96
2026-10-07T17:44:10.212497+00:00,2026-10-07T17:53:30.250097+00:00,UNO,"ST,558158,RRRR,C,0,0,210",6,71a8b96
2026-10-07T17:44:10.212497+00:00,2026-10-07T17:53:30.592138+00:00,UNO,"ST,558500,RRRR,C,0,0,210",6,71a8b96
2026-10-07T17:44:10.212497+00:00,2026-10-07T17:53:31.091554+00:00,UNO,"ST,559000,RRRR,C,0,0,210",6,71a8b96
2026-10-07T17:44:10.212497+00:00,2026-10-07T17:53:31.249604+00:00,UNO,"ST,559158,RRGG,C,0,0,210",6,71a8b96
2026-10-07T17:44:10.212497+00:00,2026-10-07T17:53:31.591610+00:00,UNO,"ST,559500,RRGG,C,0,0,210",6,71a8b96
2026-10-07T17:44:10.212497+00:00,2026-10-07T17:53:32.091330+00:00,UNO,"ST,560000,RRGG,C,0,0,210",6,71a8b96
2026-10-07T17:44:10.212497+00:00,2026-10-07T17:53:32.592394+00:00,UNO,"ST,560500,RRGG,C,0,0,210",6,71a8b96
2026-10-07T17:44:10.212497+00:00,2026-10-07T17:53:33.092453+00:00,UNO,"ST,561000,RRGG,C,0,0,210",6,71a8b96
2026-10-07T17:44:10.212497+00:00,2026-10-07T17:53:33.591852+00:00,UNO,"ST,561500,RRGG,C,0,0,210",6,71a8b96
2026-10-07T17:44:10.212497+00:00,2026-10-07T17:53:34.092916+00:00,UNO,"ST,562000,RRGG,C,0,0,210",6,71a8b96
2026-10-07T17:44:10.212497+00:00,2026-10-07T17:53:34.250582+00:00,UNO,"ST,562158,RRYY,C,0,0,210",6,71a8b96
2026-10-07T17:44:10.212497+00:00,2026-10-07T17:53:34.592627+00:00,UNO,"ST,562500,RRYY,C,0,0,210",6,71a8b96
2026-10-07T17:44:10.212497+00:00,2026-10-07T17:53:35.092659+00:00,UNO,"ST,563000,RRYY,C,0,0,210",6,71a8b96
2026-10-07T17:44:10.212497+00:00,2026-10-07T17:53:35.592729+00:00,UNO,"ST,563500,RRYY,C,0,0,210",6,71a8b96
2026-10-07T17:44:10.212497+00:00,2026-10-07T17:53:36.093816+00:00,UNO,"ST,564000,RRYY,C,0,0,210",6,71a8b96
2026-10-07T17:44:10.212497+00:00,2026-10-07T17:53:36.251169+00:00,UNO,"ST,564158,RRRR,C,0,0,210",6,71a8b96
2026-10-07T17:44:10.212497+00:00,2026-10-07T17:53:36.593205+00:00,UNO,"ST,564500,RRRR,C,0,0,210",6,71a8b96
2026-10-07T17:44:10.212497+00:00,2026-10-07T17:53:37.092935+00:00,UNO,"ST,565000,RRRR,C,0,0,210",6,71a8b96
2026-10-07T17:44:10.212497+00:00,2026-10-07T17:53:37.251949+00:00,UNO,"ST,565158,GGRR,C,0,0,210",6,71a8b96
2026-10-07T17:44:10.212497+00:00,2026-10-07T17:53:37.593977+00:00,UNO,"ST,565500,GGRR,C,0,0,210",6,71a8b96
2026-10-07T17:44:10.212497+00:00,2026-10-07T17:53:38.094048+00:00,UNO,"ST,566000,GGRR,C,0,0,210",6,71a8b96
2026-10-07T17:44:10.212497+00:00,2026-10-07T17:53:38.594090+00:00,UNO,"ST,566500,GGRR,C,0,0,210",6,71a8b96
2026-10-07T17:44:10.212497+00:00,2026-10-07T17:53:39.093501+00:00,UNO,"ST,567000,GGRR,C,0,0,210",6,71a8b96
2026-10-07T17:44:10.212497+00:00,2026-10-07T17:53:39.594313+00:00,UNO,"ST,567500,GGRR,C,0,0,210",6,71a8b96
2026-10-07T17:44:10.212497+00:00,2026-10-07T17:53:40.094259+00:00,UNO,"ST,568000,GGRR,C,0,0,210",6,71a8b96
2026-10-07T17:44:10.212497+00:00,2026-10-07T17:53:40.253229+00:00,UNO,"ST,568158,YYRR,C,0,0,210",6,71a8b96
2026-10-07T17:44:10.212497+00:00,2026-10-07T17:53:40.594318+00:00,UNO,"ST,568500,YYRR,C,0,0,210",6,71a8b96
2026-10-07T17:44:10.212497+00:00,2026-10-07T17:53:41.094718+00:00,UNO,"ST,569000,YYRR,C,0,0,210",6,71a8b96
2026-10-07T17:44:10.212497+00:00,2026-10-07T17:53:41.594774+00:00,UNO,"ST,569500,YYRR,C,0,0,210",6,71a8b96
2026-10-07T17:44:10.212497+00:00,2026-10-07T17:53:42.094477+00:00,UNO,"ST,570000,YYRR,C,0,0,210",6,71a8b96
2026-10-07T17:44:10.212497+00:00,2026-10-07T17:53:42.252539+00:00,UNO,"ST,570158,RRRR,C,0,0,210",6,71a8b96
2026-10-07T17:44:10.212497+00:00,2026-10-07T17:53:42.594556+00:00,UNO,"ST,570500,RRRR,C,0,0,210",6,71a8b96
2026-10-07T17:44:10.212497+00:00,2026-10-07T17:53:43.095604+00:00,UNO,"ST,571000,RRRR,C,0,0,210",6,71a8b96
2026-10-07T17:44:10.212497+00:00,2026-10-07T17:53:43.252978+00:00,UNO,"ST,571158,RRGG,C,0,0,210",6,71a8b96
2026-10-07T17:44:10.212497+00:00,2026-10-07T17:53:43.595019+00:00,UNO,"ST,571500,RRGG,C,0,0,210",6,71a8b96
2026-10-07T17:44:10.212497+00:00,2026-10-07T17:53:44.094732+00:00,UNO,"ST,572000,RRGG,C,0,0,210",6,71a8b96
2026-10-07T17:44:10.212497+00:00,2026-10-07T17:53:44.595784+00:00,UNO,"ST,572500,RRGG,C,0,0,210",6,71a8b96
2026-10-07T17:44:10.212497+00:00,2026-10-07T17:53:45.095845+00:00,UNO,"ST,573000,RRGG,C,0,0,210",6,71a8b96
2026-10-07T17:44:10.212497+00:00,2026-10-07T17:53:45.595895+00:00,UNO,"ST,573500,RRGG,C,0,0,210",6,71a8b96
2026-10-07T17:44:10.212497+00:00,2026-10-07T17:53:46.095296+00:00,UNO,"ST,574000,RRGG,C,0,0,210",6,71a8b96
2026-10-07T17:44:10.212497+00:00,2026-10-07T17:53:46.253979+00:00,UNO,"ST,574158,RRYY,C,0,0,210",6,71a8b96
2026-10-07T17:44:10.212497+00:00,2026-10-07T17:53:46.596003+00:00,UNO,"ST,574500,RRYY,C,0,0,210",6,71a8b96
2026-10-07T17:44:10.212497+00:00,2026-10-07T17:53:47.096070+00:00,UNO,"ST,575000,RRYY,C,0,0,210",6,71a8b96
2026-10-07T17:44:10.212497+00:00,2026-10-07T17:53:47.596152+00:00,UNO,"ST,575500,RRYY,C,0,0,210",6,71a8b96
2026-10-07T17:44:10.212497+00:00,2026-10-07T17:53:48.096178+00:00,UNO,"ST,576000,RRYY,C,0,0,210",6,71a8b96
2026-10-07T17:44:10.212497+00:00,2026-10-07T17:53:48.254561+00:00,UNO,"ST,576158,RRRR,C,0,0,210",6,71a8b96
2026-10-07T17:44:10.212497+00:00,2026-10-07T17:53:48.596598+00:00,UNO,"ST,576500,RRRR,C,0,0,210",6,71a8b96
2026-10-07T17:44:10.212497+00:00,2026-10-07T17:53:49.096342+00:00,UNO,"ST,577000,RRRR,C,0,0,210",6,71a8b96
2026-10-07T17:44:10.212497+00:00,2026-10-07T17:53:49.254360+00:00,UNO,"ST,577158,GGRR,C,0,0,210",6,71a8b96
2026-10-07T17:44:10.212497+00:00,2026-10-07T17:53:49.596403+00:00,UNO,"ST,577500,GGRR,C,0,0,210",6,71a8b96
2026-10-07T17:44:10.212497+00:00,2026-10-07T17:53:50.097414+00:00,UNO,"ST,578000,GGRR,C,0,0,210",6,71a8b96
2026-10-07T17:44:10.212497+00:00,2026-10-07T17:53:50.597505+00:00,UNO,"ST,578500,GGRR,C,0,0,210",6,71a8b96
2026-10-07T17:44:10.212497+00:00,2026-10-07T17:53:51.097075+00:00,UNO,"ST,579000,GGRR,C,0,0,210",6,71a8b96
2026-10-07T17:44:10.212497+00:00,2026-10-07T17:53:51.596952+00:00,UNO,"ST,579500,GGRR,C,0,0,210",6,71a8b96
2026-10-07T17:44:10.212497+00:00,2026-10-07T17:53:52.097664+00:00,UNO,"ST,580000,GGRR,C,0,0,210",6,71a8b96
2026-10-07T17:44:10.212497+00:00,2026-10-07T17:53:52.255665+00:00,UNO,"ST,580158,YYRR,C,0,0,210",6,71a8b96
2026-10-07T17:44:10.212497+00:00,2026-10-07T17:53:52.597702+00:00,UNO,"ST,580500,YYRR,C,0,0,210",6,71a8b96
2026-10-07T17:44:10.212497+00:00,2026-10-07T17:53:53.097777+00:00,UNO,"ST,581000,YYRR,C,0,0,210",6,71a8b96
2026-10-07T17:44:10.212497+00:00,2026-10-07T17:53:53.598179+00:00,UNO,"ST,581500,YYRR,C,0,0,210",6,71a8b96
2026-10-07T17:44:10.212497+00:00,2026-10-07T17:53:54.097894+00:00,UNO,"ST,582000,YYRR,C,0,0,210",6,71a8b96
2026-10-07T17:44:10.212497+00:00,2026-10-07T17:53:54.255925+00:00,UNO,"ST,582158,RRRR,C,0,0,210",6,71a8b96
2026-10-07T17:44:10.212497+00:00,2026-10-07T17:53:54.597963+00:00,UNO,"ST,582500,RRRR,C,0,0,210",6,71a8b96
2026-10-07T17:44:10.212497+00:00,2026-10-07T17:53:55.097996+00:00,UNO,"ST,583000,RRRR,C,0,0,210",6,71a8b96
2026-10-07T17:44:10.212497+00:00,2026-10-07T17:53:55.257012+00:00,UNO,"ST,583158,RRGG,C,0,0,210",6,71a8b96
2026-10-07T17:44:10.212497+00:00,2026-10-07T17:53:55.598420+00:00,UNO,"ST,583500,RRGG,C,0,0,210",6,71a8b96
2026-10-07T17:44:10.212497+00:00,2026-10-07T17:53:56.098467+00:00,UNO,"ST,584000,RRGG,C,0,0,210",6,71a8b96
2026-10-07T17:44:10.212497+00:00,2026-10-07T17:53:56.598190+00:00,UNO,"ST,584500,RRGG,C,0,0,210",6,71a8b96
2026-10-07T17:44:10.212497+00:00,2026-10-07T17:53:57.099227+00:00,UNO,"ST,585000,RRGG,C,0,0,210",6,71a8b96
2026-10-07T17:44:10.212497+00:00,2026-10-07T17:53:57.599297+00:00,UNO,"ST,585500,RRGG,C,0,0,210",6,71a8b96
2026-10-07T17:44:10.212497+00:00,2026-10-07T17:53:58.098691+00:00,UNO,"ST,586000,RRGG,C,0,0,210",6,71a8b96
2026-10-07T17:44:10.212497+00:00,2026-10-07T17:53:58.256715+00:00,UNO,"ST,586158,RRYY,C,0,0,210",6,71a8b96
2026-10-07T17:44:10.212497+00:00,2026-10-07T17:53:58.598765+00:00,UNO,"ST,586500,RRYY,C,0,0,210",6,71a8b96
2026-10-07T17:44:10.212497+00:00,2026-10-07T17:53:59.099834+00:00,UNO,"ST,587000,RRYY,C,0,0,210",6,71a8b96
2026-10-07T17:44:10.212497+00:00,2026-10-07T17:53:59.599531+00:00,UNO,"ST,587500,RRYY,C,0,0,210",6,71a8b96
2026-10-07T17:44:10.212497+00:00,2026-10-07T17:54:00.099597+00:00,UNO,"ST,588000,RRYY,C,0,0,210",6,71a8b96
2026-10-07T17:44:10.212497+00:00,2026-10-07T17:54:00.257972+00:00,UNO,"ST,588158,RRRR,C,0,0,210",6,71a8b96
2026-10-07T17:44:10.212497+00:00,2026-10-07T17:54:00.600646+00:00,UNO,"ST,588500,RRRR,C,0,0,210",6,71a8b96
2026-10-07T17:44:10.212497+00:00,2026-10-07T17:54:01.100050+00:00,UNO,"ST,589000,RRRR,C,0,0,210",6,71a8b96
2026-10-07T17:44:10.212497+00:00,2026-10-07T17:54:01.258068+00:00,UNO,"ST,589158,GGRR,C,0,0,210",6,71a8b96
2026-10-07T17:44:10.212497+00:00,2026-10-07T17:54:01.599764+00:00,UNO,"ST,589500,GGRR,C,0,0,210",6,71a8b96
2026-10-07T17:44:10.212497+00:00,2026-10-07T17:54:02.099814+00:00,UNO,"ST,590000,GGRR,C,0,0,210",6,71a8b96
2026-10-07T17:44:10.212497+00:00,2026-10-07T17:54:02.600871+00:00,UNO,"ST,590500,GGRR,C,0,0,210",6,71a8b96
2026-10-07T17:44:10.212497+00:00,2026-10-07T17:54:03.100276+00:00,UNO,"ST,591000,GGRR,C,0,0,210",6,71a8b96
2026-10-07T17:44:10.212497+00:00,2026-10-07T17:54:03.600347+00:00,UNO,"ST,591500,GGRR,C,0,0,210",6,71a8b96
2026-10-07T17:44:10.212497+00:00,2026-10-07T17:54:04.100042+00:00,UNO,"ST,592000,GGRR,C,0,0,210",6,71a8b96
2026-10-07T17:44:10.212497+00:00,2026-10-07T17:54:04.259079+00:00,UNO,"ST,592158,YYRR,C,0,0,210",6,71a8b96
2026-10-07T17:44:10.212497+00:00,2026-10-07T17:54:04.601152+00:00,UNO,"ST,592500,YYRR,C,0,0,210",6,71a8b96
2026-10-07T17:44:10.212497+00:00,2026-10-07T17:54:05.101160+00:00,UNO,"ST,593000,YYRR,C,0,0,210",6,71a8b96
2026-10-07T17:44:10.212497+00:00,2026-10-07T17:54:05.600564+00:00,UNO,"ST,593500,YYRR,C,0,0,210",6,71a8b96
2026-10-07T17:44:10.212497+00:00,2026-10-07T17:54:06.101300+00:00,UNO,"ST,594000,YYRR,C,0,0,210",6,71a8b96
2026-10-07T17:44:10.212497+00:00,2026-10-07T17:54:06.259316+00:00,UNO,"ST,594158,RRRR,C,0,0,210",6,71a8b96
2026-10-07T17:44:10.212497+00:00,2026-10-07T17:54:06.601352+00:00,UNO,"ST,594500,RRRR,C,0,0,210",6,71a8b96
2026-10-07T17:44:10.212497+00:00,2026-10-07T17:54:07.101420+00:00,UNO,"ST,595000,RRRR,C,0,0,210",6,71a8b96
2026-10-07T17:44:10.212497+00:00,2026-10-07T17:54:07.259438+00:00,UNO,"ST,595158,RRGG,C,0,0,210",6,71a8b96
2026-10-07T17:44:10.212497+00:00,2026-10-07T17:54:07.601475+00:00,UNO,"ST,595500,RRGG,C,0,0,210",6,71a8b96
2026-10-07T17:44:10.212497+00:00,2026-10-07T17:54:08.101874+00:00,UNO,"ST,596000,RRGG,C,0,0,210",6,71a8b96
2026-10-07T17:44:10.212497+00:00,2026-10-07T17:54:08.601586+00:00,UNO,"ST,596500,RRGG,C,0,0,210",6,71a8b96
2026-10-07T17:44:10.212497+00:00,2026-10-07T17:54:09.101646+00:00,UNO,"ST,597000,RRGG,C,0,0,210",6,71a8b96
2026-10-07T17:44:10.212497+00:00,2026-10-07T17:54:09.602710+00:00,UNO,"ST,597500,RRGG,C,0,0,210",6,71a8b96
2026-10-07T17:44:10.212497+00:00,2026-10-07T17:54:10.102742+00:00,UNO,"ST,598000,RRGG,C,0,0,210",6,71a8b96
2026-10-07T17:44:10.212497+00:00,2026-10-07T17:54:10.260131+00:00,UNO,"ST,598158,RRYY,C,0,0,210",6,71a8b96
2026-10-07T17:44:10.212497+00:00,2026-10-07T17:54:10.602174+00:00,UNO,"ST,598500,RRYY,C,0,0,210",6,71a8b96
2026-10-07T17:44:10.212497+00:00,2026-10-07T17:54:11.102227+00:00,UNO,"ST,599000,RRYY,C,0,0,210",6,71a8b96
2026-10-07T17:44:10.212497+00:00,2026-10-07T17:54:11.602925+00:00,UNO,"ST,599500,RRYY,C,0,0,210",6,71a8b96
2026-10-07T17:44:10.212497+00:00,2026-10-07T17:54:12.102988+00:00,UNO,"ST,600000,RRYY,C,0,0,210",6,71a8b96
2026-10-07T17:44:10.212497+00:00,2026-10-07T17:54:12.260989+00:00,UNO,"ST,600158,RRRR,C,0,0,210",6,71a8b96
2026-10-07T17:44:10.212497+00:00,2026-10-07T17:54:12.603044+00:00,UNO,"ST,600500,RRRR,C,0,0,210",6,71a8b96
2026-10-07T17:44:10.212497+00:00,2026-10-07T17:54:13.103481+00:00,UNO,"ST,601000,RRRR,C,0,0,210",6,71a8b96
2026-10-07T17:44:10.212497+00:00,2026-10-07T17:54:13.261569+00:00,UNO,"ST,601158,GGRR,C,0,0,210",6,71a8b96
2026-10-07T17:44:10.212497+00:00,2026-10-07T17:54:13.603500+00:00,UNO,"ST,601500,GGRR,C,0,0,210",6,71a8b96
2026-10-07T17:44:10.212497+00:00,2026-10-07T17:54:14.104473+00:00,UNO,"ST,602000,GGRR,C,0,0,210",6,71a8b96
2026-10-07T17:44:10.212497+00:00,2026-10-07T17:54:14.603305+00:00,UNO,"ST,602500,GGRR,C,0,0,210",6,71a8b96
2026-10-07T17:44:10.212497+00:00,2026-10-07T17:54:15.104336+00:00,UNO,"ST,603000,GGRR,C,0,0,210",6,71a8b96
2026-10-07T17:44:10.212497+00:00,2026-10-07T17:54:15.603758+00:00,UNO,"ST,603500,GGRR,C,0,0,210",6,71a8b96
2026-10-07T17:44:10.212497+00:00,2026-10-07T17:54:15.977849+00:00,UNO,"EV,603874,PREEMP_INI,3,AMBULANCIA",6,71a8b96
2026-10-07T17:44:10.212497+00:00,2026-10-07T17:54:16.014446+00:00,UNO,"ST,603874,GGRR,E,3,0,210",6,71a8b96
2026-10-07T17:44:10.212497+00:00,2026-10-07T17:54:16.103809+00:00,UNO,"ST,604000,GGRR,E,3,0,210",6,71a8b96
2026-10-07T17:44:10.212497+00:00,2026-10-07T17:54:16.262472+00:00,UNO,"ST,604158,YYRR,E,3,0,210",6,71a8b96
2026-10-07T17:44:10.212497+00:00,2026-10-07T17:54:16.604525+00:00,UNO,"ST,604500,YYRR,E,3,0,210",6,71a8b96
2026-10-07T17:44:10.212497+00:00,2026-10-07T17:54:17.104572+00:00,UNO,"ST,605000,YYRR,E,3,0,210",6,71a8b96
2026-10-07T17:44:10.212497+00:00,2026-10-07T17:54:17.603995+00:00,UNO,"ST,605500,YYRR,E,3,0,210",6,71a8b96
2026-10-07T17:44:10.212497+00:00,2026-10-07T17:54:18.104050+00:00,UNO,"ST,606000,YYRR,E,3,0,210",6,71a8b96
2026-10-07T17:44:10.212497+00:00,2026-10-07T17:54:18.262697+00:00,UNO,"ST,606158,RRRR,E,3,0,210",6,71a8b96
2026-10-07T17:44:10.212497+00:00,2026-10-07T17:54:18.604766+00:00,UNO,"ST,606500,RRRR,E,3,0,210",6,71a8b96
2026-10-07T17:44:10.212497+00:00,2026-10-07T17:54:19.104906+00:00,UNO,"ST,607000,RRRR,E,3,0,210",6,71a8b96
2026-10-07T17:44:10.212497+00:00,2026-10-07T17:54:19.262826+00:00,UNO,"ST,607158,RRGR,E,3,0,210",6,71a8b96
2026-10-07T17:44:10.212497+00:00,2026-10-07T17:54:19.604899+00:00,UNO,"ST,607500,RRGR,E,3,0,210",6,71a8b96
2026-10-07T17:44:10.212497+00:00,2026-10-07T17:54:20.104259+00:00,UNO,"ST,608000,RRGR,E,3,0,210",6,71a8b96
2026-10-07T17:44:10.212497+00:00,2026-10-07T17:54:20.605336+00:00,UNO,"ST,608500,RRGR,E,3,0,210",6,71a8b96
2026-10-07T17:44:10.212497+00:00,2026-10-07T17:54:21.105380+00:00,UNO,"ST,609000,RRGR,E,3,0,210",6,71a8b96
2026-10-07T17:44:10.212497+00:00,2026-10-07T17:54:21.605090+00:00,UNO,"ST,609500,RRGR,E,3,0,210",6,71a8b96
2026-10-07T17:44:10.212497+00:00,2026-10-07T17:54:22.106609+00:00,UNO,"ST,610000,RRGR,E,3,0,210",6,71a8b96
2026-10-07T17:44:10.212497+00:00,2026-10-07T17:54:22.606228+00:00,UNO,"ST,610500,RRGR,E,3,0,210",6,71a8b96
2026-10-07T17:44:10.212497+00:00,2026-10-07T17:54:23.105634+00:00,UNO,"ST,611000,RRGR,E,3,0,210",6,71a8b96
2026-10-07T17:44:10.212497+00:00,2026-10-07T17:54:23.605444+00:00,UNO,"ST,611500,RRGR,E,3,0,210",6,71a8b96
2026-10-07T17:44:10.212497+00:00,2026-10-07T17:54:24.106394+00:00,UNO,"ST,612000,RRGR,E,3,0,210",6,71a8b96
2026-10-07T17:44:10.212497+00:00,2026-10-07T17:54:24.606457+00:00,UNO,"ST,612500,RRGR,E,3,0,210",6,71a8b96
2026-10-07T17:44:10.212497+00:00,2026-10-07T17:54:25.106511+00:00,UNO,"ST,613000,RRGR,E,3,0,210",6,71a8b96
2026-10-07T17:44:10.212497+00:00,2026-10-07T17:54:25.606934+00:00,UNO,"ST,613500,RRGR,E,3,0,210",6,71a8b96
2026-10-07T17:44:10.212497+00:00,2026-10-07T17:54:26.106623+00:00,UNO,"ST,614000,RRGR,E,3,0,210",6,71a8b96
2026-10-07T17:44:10.212497+00:00,2026-10-07T17:54:26.606701+00:00,UNO,"ST,614500,RRGR,E,3,0,210",6,71a8b96
2026-10-07T17:44:10.212497+00:00,2026-10-07T17:54:27.106750+00:00,UNO,"ST,615000,RRGR,E,3,0,210",6,71a8b96
2026-10-07T17:44:10.212497+00:00,2026-10-07T17:54:27.607160+00:00,UNO,"ST,615500,RRGR,E,3,0,210",6,71a8b96
2026-10-07T17:44:10.212497+00:00,2026-10-07T17:54:28.107193+00:00,UNO,"ST,616000,RRGR,E,3,0,210",6,71a8b96
2026-10-07T17:44:10.212497+00:00,2026-10-07T17:54:28.264883+00:00,UNO,"EV,616158,PREEMP_FIM,3,AMBULANCIA",6,71a8b96
2026-10-07T17:44:10.212497+00:00,2026-10-07T17:54:28.301222+00:00,UNO,"ST,616158,RRYR,C,0,0,210",6,71a8b96
2026-10-07T17:44:10.212497+00:00,2026-10-07T17:54:28.607277+00:00,UNO,"ST,616500,RRYR,C,0,0,210",6,71a8b96
2026-10-07T17:44:10.212497+00:00,2026-10-07T17:54:29.108001+00:00,UNO,"ST,617000,RRYR,C,0,0,210",6,71a8b96
2026-10-07T17:44:10.212497+00:00,2026-10-07T17:54:29.608038+00:00,UNO,"ST,617500,RRYR,C,0,0,210",6,71a8b96
2026-10-07T17:44:10.212497+00:00,2026-10-07T17:54:30.108086+00:00,UNO,"ST,618000,RRYR,C,0,0,210",6,71a8b96
2026-10-07T17:44:10.212497+00:00,2026-10-07T17:54:30.265442+00:00,UNO,"ST,618158,RRRR,C,0,0,210",6,71a8b96
2026-10-07T17:44:10.212497+00:00,2026-10-07T17:54:30.607504+00:00,UNO,"ST,618500,RRRR,C,0,0,210",6,71a8b96
2026-10-07T17:44:10.212497+00:00,2026-10-07T17:54:31.108560+00:00,UNO,"ST,619000,RRRR,C,0,0,210",6,71a8b96
2026-10-07T17:44:10.212497+00:00,2026-10-07T17:54:31.266204+00:00,UNO,"ST,619158,GGRR,C,0,0,210",6,71a8b96
2026-10-07T17:44:10.212497+00:00,2026-10-07T17:54:31.608276+00:00,UNO,"ST,619500,GGRR,C,0,0,210",6,71a8b96
2026-10-07T17:44:10.212497+00:00,2026-10-07T17:54:32.108328+00:00,UNO,"ST,620000,GGRR,C,0,0,210",6,71a8b96
2026-10-07T17:44:10.212497+00:00,2026-10-07T17:54:32.608747+00:00,UNO,"ST,620500,GGRR,C,0,0,210",6,71a8b96
2026-10-07T17:44:10.212497+00:00,2026-10-07T17:54:33.108801+00:00,UNO,"ST,621000,GGRR,C,0,0,210",6,71a8b96
2026-10-07T17:44:10.212497+00:00,2026-10-07T17:54:33.608496+00:00,UNO,"ST,621500,GGRR,C,0,0,210",6,71a8b96
2026-10-07T17:44:10.212497+00:00,2026-10-07T17:54:34.108547+00:00,UNO,"ST,622000,GGRR,C,0,0,210",6,71a8b96
2026-10-07T17:44:10.212497+00:00,2026-10-07T17:54:34.267564+00:00,UNO,"ST,622158,YYRR,C,0,0,210",6,71a8b96
2026-10-07T17:44:10.212497+00:00,2026-10-07T17:54:34.609630+00:00,UNO,"ST,622500,YYRR,C,0,0,210",6,71a8b96
2026-10-07T17:44:10.212497+00:00,2026-10-07T17:54:35.109035+00:00,UNO,"ST,623000,YYRR,C,0,0,210",6,71a8b96
2026-10-07T17:44:10.212497+00:00,2026-10-07T17:54:35.609084+00:00,UNO,"ST,623500,YYRR,C,0,0,210",6,71a8b96
2026-10-07T17:44:10.212497+00:00,2026-10-07T17:54:36.108771+00:00,UNO,"ST,624000,YYRR,C,0,0,210",6,71a8b96
2026-10-07T17:44:10.212497+00:00,2026-10-07T17:54:36.267812+00:00,UNO,"ST,624158,RRRR,C,0,0,210",6,71a8b96
2026-10-07T17:44:10.212497+00:00,2026-10-07T17:54:36.609854+00:00,UNO,"ST,624500,RRRR,C,0,0,210",6,71a8b96
2026-10-07T17:44:10.212497+00:00,2026-10-07T17:54:37.109893+00:00,UNO,"ST,625000,RRRR,C,0,0,210",6,71a8b96
2026-10-07T17:44:10.212497+00:00,2026-10-07T17:54:37.267259+00:00,UNO,"ST,625158,RRGG,C,0,0,210",6,71a8b96
2026-10-07T17:44:10.212497+00:00,2026-10-07T17:54:37.609324+00:00,UNO,"ST,625500,RRGG,C,0,0,210",6,71a8b96
2026-10-07T17:44:10.212497+00:00,2026-10-07T17:54:38.110363+00:00,UNO,"ST,626000,RRGG,C,0,0,210",6,71a8b96
2026-10-07T17:44:10.212497+00:00,2026-10-07T17:54:38.610071+00:00,UNO,"ST,626500,RRGG,C,0,0,210",6,71a8b96
2026-10-07T17:44:10.212497+00:00,2026-10-07T17:54:39.110154+00:00,UNO,"ST,627000,RRGG,C,0,0,210",6,71a8b96
2026-10-07T17:44:10.212497+00:00,2026-10-07T17:54:39.610202+00:00,UNO,"ST,627500,RRGG,C,0,0,210",6,71a8b96
2026-10-07T17:44:10.212497+00:00,2026-10-07T17:54:40.110606+00:00,UNO,"ST,628000,RRGG,C,0,0,210",6,71a8b96
2026-10-07T17:44:10.212497+00:00,2026-10-07T17:54:40.268618+00:00,UNO,"ST,628158,RRYY,C,0,0,210",6,71a8b96
2026-10-07T17:44:10.212497+00:00,2026-10-07T17:54:40.610673+00:00,UNO,"ST,628500,RRYY,C,0,0,210",6,71a8b96
2026-10-07T17:44:10.212497+00:00,2026-10-07T17:54:41.110380+00:00,UNO,"ST,629000,RRYY,C,0,0,210",6,71a8b96
2026-10-07T17:44:10.212497+00:00,2026-10-07T17:54:41.611436+00:00,UNO,"ST,629500,RRYY,C,0,0,210",6,71a8b96
2026-10-07T17:44:10.212497+00:00,2026-10-07T17:54:42.111495+00:00,UNO,"ST,630000,RRYY,C,0,0,210",6,71a8b96
2026-10-07T17:44:10.212497+00:00,2026-10-07T17:54:42.268863+00:00,UNO,"ST,630158,RRRR,C,0,0,210",6,71a8b96
2026-10-07T17:44:10.212497+00:00,2026-10-07T17:54:42.610899+00:00,UNO,"ST,630500,RRRR,C,0,0,210",6,71a8b96
2026-10-07T17:44:10.212497+00:00,2026-10-07T17:54:43.110944+00:00,UNO,"ST,631000,RRRR,C,0,0,210",6,71a8b96
2026-10-07T17:44:10.212497+00:00,2026-10-07T17:54:43.269636+00:00,UNO,"ST,631158,GGRR,C,0,0,210",6,71a8b96
2026-10-07T17:44:10.212497+00:00,2026-10-07T17:54:43.611683+00:00,UNO,"ST,631500,GGRR,C,0,0,210",6,71a8b96
2026-10-07T17:44:10.212497+00:00,2026-10-07T17:54:44.111741+00:00,UNO,"ST,632000,GGRR,C,0,0,210",6,71a8b96
2026-10-07T17:44:10.212497+00:00,2026-10-07T17:54:44.611791+00:00,UNO,"ST,632500,GGRR,C,0,0,210",6,71a8b96
2026-10-07T17:44:10.212497+00:00,2026-10-07T17:54:45.112195+00:00,UNO,"ST,633000,GGRR,C,0,0,210",6,71a8b96
2026-10-07T17:44:10.212497+00:00,2026-10-07T17:54:45.612249+00:00,UNO,"ST,633500,GGRR,C,0,0,210",6,71a8b96
2026-10-07T17:44:10.212497+00:00,2026-10-07T17:54:46.111955+00:00,UNO,"ST,634000,GGRR,C,0,0,210",6,71a8b96
2026-10-07T17:44:10.212497+00:00,2026-10-07T17:54:46.269987+00:00,UNO,"ST,634158,YYRR,C,0,0,210",6,71a8b96
2026-10-07T17:44:10.212497+00:00,2026-10-07T17:54:46.612016+00:00,UNO,"ST,634500,YYRR,C,0,0,210",6,71a8b96
2026-10-07T17:44:10.212497+00:00,2026-10-07T17:54:47.113098+00:00,UNO,"ST,635000,YYRR,C,0,0,210",6,71a8b96
2026-10-07T17:44:10.212497+00:00,2026-10-07T17:54:47.612498+00:00,UNO,"ST,635500,YYRR,C,0,0,210",6,71a8b96
2026-10-07T17:44:10.212497+00:00,2026-10-07T17:54:48.112197+00:00,UNO,"ST,636000,YYRR,C,0,0,210",6,71a8b96
2026-10-07T17:44:10.212497+00:00,2026-10-07T17:54:48.271270+00:00,UNO,"ST,636158,RRRR,C,0,0,210",6,71a8b96
2026-10-07T17:44:10.212497+00:00,2026-10-07T17:54:48.613267+00:00,UNO,"ST,636500,RRRR,C,0,0,210",6,71a8b96
2026-10-07T17:44:10.212497+00:00,2026-10-07T17:54:49.113325+00:00,UNO,"ST,637000,RRRR,C,0,0,210",6,71a8b96
2026-10-07T17:44:10.212497+00:00,2026-10-07T17:54:49.271453+00:00,UNO,"ST,637158,RRGG,C,0,0,210",6,71a8b96
2026-10-07T17:44:10.212497+00:00,2026-10-07T17:54:49.613374+00:00,UNO,"ST,637500,RRGG,C,0,0,210",6,71a8b96
2026-10-07T17:44:10.212497+00:00,2026-10-07T17:54:50.112765+00:00,UNO,"ST,638000,RRGG,C,0,0,210",6,71a8b96
2026-10-07T17:44:10.212497+00:00,2026-10-07T17:54:50.613841+00:00,UNO,"ST,638500,RRGG,C,0,0,210",6,71a8b96
2026-10-07T17:44:10.212497+00:00,2026-10-07T17:54:51.113549+00:00,UNO,"ST,639000,RRGG,C,0,0,210",6,71a8b96
2026-10-07T17:44:10.212497+00:00,2026-10-07T17:54:51.613621+00:00,UNO,"ST,639500,RRGG,C,0,0,210",6,71a8b96
2026-10-07T17:44:10.212497+00:00,2026-10-07T17:54:52.112991+00:00,UNO,"ST,640000,RRGG,C,0,0,210",6,71a8b96
2026-10-07T17:44:10.212497+00:00,2026-10-07T17:54:52.272022+00:00,UNO,"ST,640158,RRYY,C,0,0,210",6,71a8b96
2026-10-07T17:44:10.212497+00:00,2026-10-07T17:54:52.614471+00:00,UNO,"ST,640500,RRYY,C,0,0,210",6,71a8b96
2026-10-07T17:44:10.212497+00:00,2026-10-07T17:54:53.114135+00:00,UNO,"ST,641000,RRYY,C,0,0,210",6,71a8b96
2026-10-07T17:44:10.212497+00:00,2026-10-07T17:54:53.613837+00:00,UNO,"ST,641500,RRYY,C,0,0,210",6,71a8b96
2026-10-07T17:44:10.212497+00:00,2026-10-07T17:54:54.114924+00:00,UNO,"ST,642000,RRYY,C,0,0,210",6,71a8b96
2026-10-07T17:44:10.212497+00:00,2026-10-07T17:54:54.272273+00:00,UNO,"ST,642158,RRRR,C,0,0,210",6,71a8b96
2026-10-07T17:44:10.212497+00:00,2026-10-07T17:54:54.614969+00:00,UNO,"ST,642500,RRRR,C,0,0,210",6,71a8b96
2026-10-07T17:44:10.212497+00:00,2026-10-07T17:54:55.114377+00:00,UNO,"ST,643000,RRRR,C,0,0,210",6,71a8b96
2026-10-07T17:44:10.212497+00:00,2026-10-07T17:54:55.272209+00:00,UNO,"ST,643158,GGRR,C,0,0,210",6,71a8b96
2026-10-07T17:44:10.212497+00:00,2026-10-07T17:54:55.614430+00:00,UNO,"ST,643500,GGRR,C,0,0,210",6,71a8b96
2026-10-07T17:44:10.212497+00:00,2026-10-07T17:54:56.115142+00:00,UNO,"ST,644000,GGRR,C,0,0,210",6,71a8b96
2026-10-07T17:44:10.212497+00:00,2026-10-07T17:54:56.615214+00:00,UNO,"ST,644500,GGRR,C,0,0,210",6,71a8b96
2026-10-07T17:44:10.212497+00:00,2026-10-07T17:54:57.114592+00:00,UNO,"ST,645000,GGRR,C,0,0,210",6,71a8b96
2026-10-07T17:44:10.212497+00:00,2026-10-07T17:54:57.615650+00:00,UNO,"ST,645500,GGRR,C,0,0,210",6,71a8b96
2026-10-07T17:44:10.212497+00:00,2026-10-07T17:54:58.115358+00:00,UNO,"ST,646000,GGRR,C,0,0,210",6,71a8b96
2026-10-07T17:44:10.212497+00:00,2026-10-07T17:54:58.273405+00:00,UNO,"ST,646158,YYRR,C,0,0,210",6,71a8b96
2026-10-07T17:44:10.212497+00:00,2026-10-07T17:54:58.615425+00:00,UNO,"ST,646500,YYRR,C,0,0,210",6,71a8b96
2026-10-07T17:44:10.212497+00:00,2026-10-07T17:54:59.115481+00:00,UNO,"ST,647000,YYRR,C,0,0,210",6,71a8b96
2026-10-07T17:44:10.212497+00:00,2026-10-07T17:54:59.616543+00:00,UNO,"ST,647500,YYRR,C,0,0,210",6,71a8b96
2026-10-07T17:44:10.212497+00:00,2026-10-07T17:55:00.115934+00:00,UNO,"ST,648000,YYRR,C,0,0,210",6,71a8b96
2026-10-07T17:44:10.212497+00:00,2026-10-07T17:55:00.273644+00:00,UNO,"ST,648158,RRRR,C,0,0,210",6,71a8b96
2026-10-07T17:44:10.212497+00:00,2026-10-07T17:55:00.615658+00:00,UNO,"ST,648500,RRRR,C,0,0,210",6,71a8b96
2026-10-07T17:44:10.212497+00:00,2026-10-07T17:55:01.116718+00:00,UNO,"ST,649000,RRRR,C,0,0,210",6,71a8b96
2026-10-07T17:44:10.212497+00:00,2026-10-07T17:55:01.274756+00:00,UNO,"ST,649158,RRGG,C,0,0,210",6,71a8b96
2026-10-07T17:44:10.212497+00:00,2026-10-07T17:55:01.616775+00:00,UNO,"ST,649500,RRGG,C,0,0,210",6,71a8b96
2026-10-07T17:44:10.212497+00:00,2026-10-07T17:55:02.116870+00:00,UNO,"ST,650000,RRGG,C,0,0,210",6,71a8b96
2026-10-07T17:44:10.212497+00:00,2026-10-07T17:55:02.616229+00:00,UNO,"ST,650500,RRGG,C,0,0,210",6,71a8b96
2026-10-07T17:44:10.212497+00:00,2026-10-07T17:55:03.116930+00:00,UNO,"ST,651000,RRGG,C,0,0,210",6,71a8b96
2026-10-07T17:44:10.212497+00:00,2026-10-07T17:55:03.616997+00:00,UNO,"ST,651500,RRGG,C,0,0,210",6,71a8b96
2026-10-07T17:44:10.212497+00:00,2026-10-07T17:55:04.117052+00:00,UNO,"ST,652000,RRGG,C,0,0,210",6,71a8b96
2026-10-07T17:44:10.212497+00:00,2026-10-07T17:55:04.276072+00:00,UNO,"ST,652158,RRYY,C,0,0,210",6,71a8b96
2026-10-07T17:44:10.212497+00:00,2026-10-07T17:55:04.618115+00:00,UNO,"ST,652500,RRYY,C,0,0,210",6,71a8b96
2026-10-07T17:44:10.212497+00:00,2026-10-07T17:55:05.117530+00:00,UNO,"ST,653000,RRYY,C,0,0,210",6,71a8b96
2026-10-07T17:44:10.212497+00:00,2026-10-07T17:55:05.617219+00:00,UNO,"ST,653500,RRYY,C,0,0,210",6,71a8b96
2026-10-07T17:44:10.212497+00:00,2026-10-07T17:55:06.117275+00:00,UNO,"ST,654000,RRYY,C,0,0,210",6,71a8b96
2026-10-07T17:44:10.212497+00:00,2026-10-07T17:55:06.276307+00:00,UNO,"ST,654158,RRRR,C,0,0,210",6,71a8b96
2026-10-07T17:44:10.212497+00:00,2026-10-07T17:55:06.618361+00:00,UNO,"ST,654500,RRRR,C,0,0,210",6,71a8b96
2026-10-07T17:44:10.212497+00:00,2026-10-07T17:55:07.118398+00:00,UNO,"ST,655000,RRRR,C,0,0,210",6,71a8b96
2026-10-07T17:44:10.212497+00:00,2026-10-07T17:55:07.275786+00:00,UNO,"ST,655158,GGRR,C,0,0,210",6,71a8b96
2026-10-07T17:44:10.212497+00:00,2026-10-07T17:55:07.617895+00:00,UNO,"ST,655500,GGRR,C,0,0,210",6,71a8b96
2026-10-07T17:44:10.212497+00:00,2026-10-07T17:55:08.117881+00:00,UNO,"ST,656000,GGRR,C,0,0,210",6,71a8b96
2026-10-07T17:44:10.212497+00:00,2026-10-07T17:55:08.618586+00:00,UNO,"ST,656500,GGRR,C,0,0,210",6,71a8b96
2026-10-07T17:44:10.212497+00:00,2026-10-07T17:55:09.118651+00:00,UNO,"ST,657000,GGRR,C,0,0,210",6,71a8b96
2026-10-07T17:44:10.212497+00:00,2026-10-07T17:55:09.618056+00:00,UNO,"ST,657500,GGRR,C,0,0,210",6,71a8b96
2026-10-07T17:44:10.212497+00:00,2026-10-07T17:55:10.119094+00:00,UNO,"ST,658000,GGRR,C,0,0,210",6,71a8b96
2026-10-07T17:44:10.212497+00:00,2026-10-07T17:55:10.276772+00:00,UNO,"ST,658158,YYRR,C,0,0,210",6,71a8b96
2026-10-07T17:44:10.212497+00:00,2026-10-07T17:55:10.618804+00:00,UNO,"ST,658500,YYRR,C,0,0,210",6,71a8b96
2026-10-07T17:44:10.212497+00:00,2026-10-07T17:55:11.118887+00:00,UNO,"ST,659000,YYRR,C,0,0,210",6,71a8b96
2026-10-07T17:44:10.212497+00:00,2026-10-07T17:55:11.618930+00:00,UNO,"ST,659500,YYRR,C,0,0,210",6,71a8b96
2026-10-07T17:44:10.212497+00:00,2026-10-07T17:55:12.119336+00:00,UNO,"ST,660000,YYRR,C,0,0,210",6,71a8b96
2026-10-07T17:44:10.212497+00:00,2026-10-07T17:55:12.277351+00:00,UNO,"ST,660158,RRRR,C,0,0,210",6,71a8b96
2026-10-07T17:44:10.212497+00:00,2026-10-07T17:55:12.619110+00:00,UNO,"ST,660500,RRRR,C,0,0,210",6,71a8b96
2026-10-07T17:44:10.212497+00:00,2026-10-07T17:55:13.119100+00:00,UNO,"ST,661000,RRRR,C,0,0,210",6,71a8b96
2026-10-07T17:44:10.212497+00:00,2026-10-07T17:55:13.278592+00:00,UNO,"ST,661158,RRGG,C,0,0,210",6,71a8b96
2026-10-07T17:44:10.212497+00:00,2026-10-07T17:55:13.620188+00:00,UNO,"ST,661500,RRGG,C,0,0,210",6,71a8b96
2026-10-07T17:44:10.212497+00:00,2026-10-07T17:55:14.120221+00:00,UNO,"ST,662000,RRGG,C,0,0,210",6,71a8b96
2026-10-07T17:44:10.212497+00:00,2026-10-07T17:55:14.619640+00:00,UNO,"ST,662500,RRGG,C,0,0,210",6,71a8b96
2026-10-07T17:44:10.212497+00:00,2026-10-07T17:55:15.119680+00:00,UNO,"ST,663000,RRGG,C,0,0,210",6,71a8b96
2026-10-07T17:44:10.212497+00:00,2026-10-07T17:55:15.620393+00:00,UNO,"ST,663500,RRGG,C,0,0,210",6,71a8b96
2026-10-07T17:44:10.212497+00:00,2026-10-07T17:55:16.121669+00:00,UNO,"ST,664000,RRGG,C,0,0,210",6,71a8b96
2026-10-07T17:44:10.212497+00:00,2026-10-07T17:55:16.278475+00:00,UNO,"ST,664158,RRYY,C,0,0,210",6,71a8b96
2026-10-07T17:44:10.212497+00:00,2026-10-07T17:55:16.620512+00:00,UNO,"ST,664500,RRYY,C,0,0,210",6,71a8b96
2026-10-07T17:44:10.212497+00:00,2026-10-07T17:55:17.120935+00:00,UNO,"ST,665000,RRYY,C,0,0,210",6,71a8b96
2026-10-07T17:44:10.212497+00:00,2026-10-07T17:55:17.621043+00:00,UNO,"ST,665500,RRYY,C,0,0,210",6,71a8b96
2026-10-07T17:44:10.212497+00:00,2026-10-07T17:55:18.120722+00:00,UNO,"ST,666000,RRYY,C,0,0,210",6,71a8b96
2026-10-07T17:44:10.212497+00:00,2026-10-07T17:55:18.278703+00:00,UNO,"ST,666158,RRRR,C,0,0,210",6,71a8b96
2026-10-07T17:44:10.212497+00:00,2026-10-07T17:55:18.620753+00:00,UNO,"ST,666500,RRRR,C,0,0,210",6,71a8b96
2026-10-07T17:44:10.212497+00:00,2026-10-07T17:55:19.121795+00:00,UNO,"ST,667000,RRRR,C,0,0,210",6,71a8b96
2026-10-07T17:44:10.212497+00:00,2026-10-07T17:55:19.279192+00:00,UNO,"ST,667158,GGRR,C,0,0,210",6,71a8b96
2026-10-07T17:44:10.212497+00:00,2026-10-07T17:55:19.621260+00:00,UNO,"ST,667500,GGRR,C,0,0,210",6,71a8b96
2026-10-07T17:44:10.212497+00:00,2026-10-07T17:55:20.121422+00:00,UNO,"ST,668000,GGRR,C,0,0,210",6,71a8b96
2026-10-07T17:44:10.212497+00:00,2026-10-07T17:55:20.621992+00:00,UNO,"ST,668500,GGRR,C,0,0,210",6,71a8b96
2026-10-07T17:44:10.212497+00:00,2026-10-07T17:55:21.122026+00:00,UNO,"ST,669000,GGRR,C,0,0,210",6,71a8b96
2026-10-07T17:44:10.212497+00:00,2026-10-07T17:55:21.622100+00:00,UNO,"ST,669500,GGRR,C,0,0,210",6,71a8b96
2026-10-07T17:44:10.212497+00:00,2026-10-07T17:55:22.121569+00:00,UNO,"ST,670000,GGRR,C,0,0,210",6,71a8b96
2026-10-07T17:44:10.212497+00:00,2026-10-07T17:55:22.280518+00:00,UNO,"ST,670158,YYRR,C,0,0,210",6,71a8b96
2026-10-07T17:44:10.212497+00:00,2026-10-07T17:55:22.622565+00:00,UNO,"ST,670500,YYRR,C,0,0,210",6,71a8b96
2026-10-07T17:44:10.212497+00:00,2026-10-07T17:55:23.122260+00:00,UNO,"ST,671000,YYRR,C,0,0,210",6,71a8b96
2026-10-07T17:44:10.212497+00:00,2026-10-07T17:55:23.622329+00:00,UNO,"ST,671500,YYRR,C,0,0,210",6,71a8b96
2026-10-07T17:44:10.212497+00:00,2026-10-07T17:55:24.121724+00:00,UNO,"ST,672000,YYRR,C,0,0,210",6,71a8b96
2026-10-07T17:44:10.212497+00:00,2026-10-07T17:55:24.280753+00:00,UNO,"ST,672158,RRRR,C,0,0,210",6,71a8b96
2026-10-07T17:44:10.212497+00:00,2026-10-07T17:55:24.622810+00:00,UNO,"ST,672500,RRRR,C,0,0,210",6,71a8b96
2026-10-07T17:44:10.212497+00:00,2026-10-07T17:55:25.122842+00:00,UNO,"ST,673000,RRRR,C,0,0,210",6,71a8b96
2026-10-07T17:44:10.212497+00:00,2026-10-07T17:55:25.280537+00:00,UNO,"ST,673158,RRGG,C,0,0,210",6,71a8b96
2026-10-07T17:44:10.212497+00:00,2026-10-07T17:55:25.622573+00:00,UNO,"ST,673500,RRGG,C,0,0,210",6,71a8b96
2026-10-07T17:44:10.212497+00:00,2026-10-07T17:55:26.123621+00:00,UNO,"ST,674000,RRGG,C,0,0,210",6,71a8b96
2026-10-07T17:44:10.212497+00:00,2026-10-07T17:55:26.623043+00:00,UNO,"ST,674500,RRGG,C,0,0,210",6,71a8b96
2026-10-07T17:44:10.212497+00:00,2026-10-07T17:55:27.123091+00:00,UNO,"ST,675000,RRGG,C,0,0,210",6,71a8b96
2026-10-07T17:44:10.212497+00:00,2026-10-07T17:55:27.622821+00:00,UNO,"ST,675500,RRGG,C,0,0,210",6,71a8b96
2026-10-07T17:44:10.212497+00:00,2026-10-07T17:55:28.123866+00:00,UNO,"ST,676000,RRGG,C,0,0,210",6,71a8b96
2026-10-07T17:44:10.212497+00:00,2026-10-07T17:55:28.281863+00:00,UNO,"ST,676158,RRYY,C,0,0,210",6,71a8b96
2026-10-07T17:44:10.212497+00:00,2026-10-07T17:55:28.623918+00:00,UNO,"ST,676500,RRYY,C,0,0,210",6,71a8b96
2026-10-07T17:44:10.212497+00:00,2026-10-07T17:55:29.123332+00:00,UNO,"ST,677000,RRYY,C,0,0,210",6,71a8b96
2026-10-07T17:44:10.212497+00:00,2026-10-07T17:55:29.624398+00:00,UNO,"ST,677500,RRYY,C,0,0,210",6,71a8b96
2026-10-07T17:44:10.212497+00:00,2026-10-07T17:55:30.124090+00:00,UNO,"ST,678000,RRYY,C,0,0,210",6,71a8b96
2026-10-07T17:44:10.212497+00:00,2026-10-07T17:55:30.282102+00:00,UNO,"ST,678158,RRRR,C,0,0,210",6,71a8b96
2026-10-07T17:44:10.212497+00:00,2026-10-07T17:55:30.624160+00:00,UNO,"ST,678500,RRRR,C,0,0,210",6,71a8b96
2026-10-07T17:44:10.212497+00:00,2026-10-07T17:55:31.124209+00:00,UNO,"ST,679000,RRRR,C,0,0,210",6,71a8b96
2026-10-07T17:44:10.212497+00:00,2026-10-07T17:55:31.283249+00:00,UNO,"ST,679158,GGRR,C,0,0,210",6,71a8b96
2026-10-07T17:44:10.212497+00:00,2026-10-07T17:55:31.624628+00:00,UNO,"ST,679500,GGRR,C,0,0,210",6,71a8b96
2026-10-07T17:44:10.212497+00:00,2026-10-07T17:55:32.124661+00:00,UNO,"ST,680000,GGRR,C,0,0,210",6,71a8b96
2026-10-07T17:44:10.212497+00:00,2026-10-07T17:55:32.624397+00:00,UNO,"ST,680500,GGRR,C,0,0,210",6,71a8b96
2026-10-07T17:44:10.212497+00:00,2026-10-07T17:55:33.125594+00:00,UNO,"ST,681000,GGRR,C,0,0,210",6,71a8b96
2026-10-07T17:44:10.212497+00:00,2026-10-07T17:55:33.625500+00:00,UNO,"ST,681500,GGRR,C,0,0,210",6,71a8b96
2026-10-07T17:44:10.212497+00:00,2026-10-07T17:55:34.125543+00:00,UNO,"ST,682000,GGRR,C,0,0,210",6,71a8b96
2026-10-07T17:44:10.212497+00:00,2026-10-07T17:55:34.282931+00:00,UNO,"ST,682158,YYRR,C,0,0,210",6,71a8b96
2026-10-07T17:44:10.212497+00:00,2026-10-07T17:55:34.624956+00:00,UNO,"ST,682500,YYRR,C,0,0,210",6,71a8b96
2026-10-07T17:44:10.212497+00:00,2026-10-07T17:55:35.125672+00:00,UNO,"ST,683000,YYRR,C,0,0,210",6,71a8b96
2026-10-07T17:44:10.212497+00:00,2026-10-07T17:55:35.625743+00:00,UNO,"ST,683500,YYRR,C,0,0,210",6,71a8b96
2026-10-07T17:44:10.212497+00:00,2026-10-07T17:55:36.125789+00:00,UNO,"ST,684000,YYRR,C,0,0,210",6,71a8b96
2026-10-07T17:44:10.212497+00:00,2026-10-07T17:55:36.284162+00:00,UNO,"ST,684158,RRRR,C,0,0,210",6,71a8b96
2026-10-07T17:44:10.212497+00:00,2026-10-07T17:55:36.626190+00:00,UNO,"ST,684500,RRRR,C,0,0,210",6,71a8b96
2026-10-07T17:44:10.212497+00:00,2026-10-07T17:55:37.126268+00:00,UNO,"ST,685000,RRRR,C,0,0,210",6,71a8b96
2026-10-07T17:44:10.212497+00:00,2026-10-07T17:55:37.283921+00:00,UNO,"ST,685158,RRGG,C,0,0,210",6,71a8b96
2026-10-07T17:44:10.212497+00:00,2026-10-07T17:55:37.625973+00:00,UNO,"ST,685500,RRGG,C,0,0,210",6,71a8b96
2026-10-07T17:44:10.212497+00:00,2026-10-07T17:55:38.126017+00:00,UNO,"ST,686000,RRGG,C,0,0,210",6,71a8b96
2026-10-07T17:44:10.212497+00:00,2026-10-07T17:55:38.627085+00:00,UNO,"ST,686500,RRGG,C,0,0,210",6,71a8b96
2026-10-07T17:44:10.212497+00:00,2026-10-07T17:55:39.126474+00:00,UNO,"ST,687000,RRGG,C,0,0,210",6,71a8b96
2026-10-07T17:44:10.212497+00:00,2026-10-07T17:55:39.626567+00:00,UNO,"ST,687500,RRGG,C,0,0,210",6,71a8b96
2026-10-07T17:44:10.212497+00:00,2026-10-07T17:55:40.126255+00:00,UNO,"ST,688000,RRGG,C,0,0,210",6,71a8b96
2026-10-07T17:44:10.212497+00:00,2026-10-07T17:55:40.285283+00:00,UNO,"ST,688158,RRYY,C,0,0,210",6,71a8b96
2026-10-07T17:44:10.212497+00:00,2026-10-07T17:55:40.627309+00:00,UNO,"ST,688500,RRYY,C,0,0,210",6,71a8b96
2026-10-07T17:44:10.212497+00:00,2026-10-07T17:55:41.127378+00:00,UNO,"ST,689000,RRYY,C,0,0,210",6,71a8b96
2026-10-07T17:44:10.212497+00:00,2026-10-07T17:55:41.626771+00:00,UNO,"ST,689500,RRYY,C,0,0,210",6,71a8b96
2026-10-07T17:44:10.212497+00:00,2026-10-07T17:55:42.127483+00:00,UNO,"ST,690000,RRYY,C,0,0,210",6,71a8b96
2026-10-07T17:44:10.212497+00:00,2026-10-07T17:55:42.285511+00:00,UNO,"ST,690158,RRRR,C,0,0,210",6,71a8b96
2026-10-07T17:44:10.212497+00:00,2026-10-07T17:55:42.627558+00:00,UNO,"ST,690500,RRRR,C,0,0,210",6,71a8b96
2026-10-07T17:44:10.212497+00:00,2026-10-07T17:55:43.127594+00:00,UNO,"ST,691000,RRRR,C,0,0,210",6,71a8b96
2026-10-07T17:44:10.212497+00:00,2026-10-07T17:55:43.285616+00:00,UNO,"ST,691158,GGRR,C,0,0,210",6,71a8b96
2026-10-07T17:44:10.212497+00:00,2026-10-07T17:55:43.627663+00:00,UNO,"ST,691500,GGRR,C,0,0,210",6,71a8b96
2026-10-07T17:44:10.212497+00:00,2026-10-07T17:55:44.128063+00:00,UNO,"ST,692000,GGRR,C,0,0,210",6,71a8b96
2026-10-07T17:44:10.212497+00:00,2026-10-07T17:55:44.628132+00:00,UNO,"ST,692500,GGRR,C,0,0,210",6,71a8b96
2026-10-07T17:44:10.212497+00:00,2026-10-07T17:55:45.127848+00:00,UNO,"ST,693000,GGRR,C,0,0,210",6,71a8b96
2026-10-07T17:44:10.212497+00:00,2026-10-07T17:55:45.628921+00:00,UNO,"ST,693500,GGRR,C,0,0,210",6,71a8b96
2026-10-07T17:44:10.212497+00:00,2026-10-07T17:55:46.128995+00:00,UNO,"ST,694000,GGRR,C,0,0,210",6,71a8b96
2026-10-07T17:44:10.212497+00:00,2026-10-07T17:55:46.286314+00:00,UNO,"ST,694158,YYRR,C,0,0,210",6,71a8b96
2026-10-07T17:44:10.212497+00:00,2026-10-07T17:55:46.628380+00:00,UNO,"ST,694500,YYRR,C,0,0,210",6,71a8b96
2026-10-07T17:44:10.212497+00:00,2026-10-07T17:55:47.128084+00:00,UNO,"ST,695000,YYRR,C,0,0,210",6,71a8b96
2026-10-07T17:44:10.212497+00:00,2026-10-07T17:55:47.629199+00:00,UNO,"ST,695500,YYRR,C,0,0,210",6,71a8b96
2026-10-07T17:44:10.212497+00:00,2026-10-07T17:55:48.129267+00:00,UNO,"ST,696000,YYRR,C,0,0,210",6,71a8b96
2026-10-07T17:44:10.212497+00:00,2026-10-07T17:55:48.286562+00:00,UNO,"ST,696158,RRRR,C,0,0,210",6,71a8b96
2026-10-07T17:44:10.212497+00:00,2026-10-07T17:55:48.628596+00:00,UNO,"ST,696500,RRRR,C,0,0,210",6,71a8b96
2026-10-07T17:44:10.212497+00:00,2026-10-07T17:55:49.129649+00:00,UNO,"ST,697000,RRRR,C,0,0,210",6,71a8b96
2026-10-07T17:44:10.212497+00:00,2026-10-07T17:55:49.287358+00:00,UNO,"ST,697158,RRGG,C,0,0,210",6,71a8b96
2026-10-07T17:44:10.212497+00:00,2026-10-07T17:55:49.629416+00:00,UNO,"ST,697500,RRGG,C,0,0,210",6,71a8b96
2026-10-07T17:44:10.212497+00:00,2026-10-07T17:55:50.129412+00:00,UNO,"ST,698000,RRGG,C,0,0,210",6,71a8b96
2026-10-07T17:44:10.212497+00:00,2026-10-07T17:55:50.629472+00:00,UNO,"ST,698500,RRGG,C,0,0,210",6,71a8b96
2026-10-07T17:44:10.212497+00:00,2026-10-07T17:55:51.129879+00:00,UNO,"ST,699000,RRGG,C,0,0,210",6,71a8b96
2026-10-07T17:44:10.212497+00:00,2026-10-07T17:55:51.629955+00:00,UNO,"ST,699500,RRGG,C,0,0,210",6,71a8b96
2026-10-07T17:44:10.212497+00:00,2026-10-07T17:55:52.130008+00:00,UNO,"ST,700000,RRGG,C,0,0,210",6,71a8b96
2026-10-07T17:44:10.212497+00:00,2026-10-07T17:55:52.288666+00:00,UNO,"ST,700158,RRYY,C,0,0,210",6,71a8b96
2026-10-07T17:44:10.212497+00:00,2026-10-07T17:55:52.630735+00:00,UNO,"ST,700500,RRYY,C,0,0,210",6,71a8b96
2026-10-07T17:44:10.212497+00:00,2026-10-07T17:55:53.130808+00:00,UNO,"ST,701000,RRYY,C,0,0,210",6,71a8b96
2026-10-07T17:44:10.212497+00:00,2026-10-07T17:55:53.630827+00:00,UNO,"ST,701500,RRYY,C,0,0,210",6,71a8b96
2026-10-07T17:44:10.212497+00:00,2026-10-07T17:55:54.130228+00:00,UNO,"ST,702000,RRYY,C,0,0,210",6,71a8b96
2026-10-07T17:44:10.212497+00:00,2026-10-07T17:55:54.289270+00:00,UNO,"ST,702158,RRRR,C,0,0,210",6,71a8b96
2026-10-07T17:44:10.212497+00:00,2026-10-07T17:55:54.630976+00:00,UNO,"ST,702500,RRRR,C,0,0,210",6,71a8b96
2026-10-07T17:44:10.212497+00:00,2026-10-07T17:55:55.130999+00:00,UNO,"ST,703000,RRRR,C,0,0,210",6,71a8b96
2026-10-07T17:44:10.212497+00:00,2026-10-07T17:55:55.289038+00:00,UNO,"ST,703158,GGRR,C,0,0,210",6,71a8b96
2026-10-07T17:44:10.212497+00:00,2026-10-07T17:55:55.631068+00:00,UNO,"ST,703500,GGRR,C,0,0,210",6,71a8b96
2026-10-07T17:44:10.212497+00:00,2026-10-07T17:55:56.130474+00:00,UNO,"ST,704000,GGRR,C,0,0,210",6,71a8b96
2026-10-07T17:44:10.212497+00:00,2026-10-07T17:55:56.631524+00:00,UNO,"ST,704500,GGRR,C,0,0,210",6,71a8b96
2026-10-07T17:44:10.212497+00:00,2026-10-07T17:55:57.131231+00:00,UNO,"ST,705000,GGRR,C,0,0,210",6,71a8b96
2026-10-07T17:44:10.212497+00:00,2026-10-07T17:55:57.631313+00:00,UNO,"ST,705500,GGRR,C,0,0,210",6,71a8b96
2026-10-07T17:44:10.212497+00:00,2026-10-07T17:55:58.132374+00:00,UNO,"ST,706000,GGRR,C,0,0,210",6,71a8b96
2026-10-07T17:44:10.212497+00:00,2026-10-07T17:55:58.289723+00:00,UNO,"ST,706158,YYRR,C,0,0,210",6,71a8b96
2026-10-07T17:44:10.212497+00:00,2026-10-07T17:55:58.631774+00:00,UNO,"ST,706500,YYRR,C,0,0,210",6,71a8b96
2026-10-07T17:44:10.212497+00:00,2026-10-07T17:55:59.131830+00:00,UNO,"ST,707000,YYRR,C,0,0,210",6,71a8b96
2026-10-07T17:44:10.212497+00:00,2026-10-07T17:55:59.631586+00:00,UNO,"ST,707500,YYRR,C,0,0,210",6,71a8b96
2026-10-07T17:44:10.212497+00:00,2026-10-07T17:56:00.132585+00:00,UNO,"ST,708000,YYRR,C,0,0,210",6,71a8b96
2026-10-07T17:44:10.212497+00:00,2026-10-07T17:56:00.290602+00:00,UNO,"ST,708158,RRRR,C,0,0,210",6,71a8b96
2026-10-07T17:44:10.212497+00:00,2026-10-07T17:56:00.632649+00:00,UNO,"ST,708500,RRRR,C,0,0,210",6,71a8b96
2026-10-07T17:44:10.212497+00:00,2026-10-07T17:56:01.132047+00:00,UNO,"ST,709000,RRRR,C,0,0,210",6,71a8b96
2026-10-07T17:44:10.212497+00:00,2026-10-07T17:56:01.291071+00:00,UNO,"ST,709158,RRGG,C,0,0,210",6,71a8b96
2026-10-07T17:44:10.212497+00:00,2026-10-07T17:56:01.633135+00:00,UNO,"ST,709500,RRGG,C,0,0,210",6,71a8b96
2026-10-07T17:44:10.212497+00:00,2026-10-07T17:56:02.132842+00:00,UNO,"ST,710000,RRGG,C,0,0,210",6,71a8b96
2026-10-07T17:44:10.212497+00:00,2026-10-07T17:56:02.632907+00:00,UNO,"ST,710500,RRGG,C,0,0,210",6,71a8b96
2026-10-07T17:44:10.212497+00:00,2026-10-07T17:56:03.132962+00:00,UNO,"ST,711000,RRGG,C,0,0,210",6,71a8b96
2026-10-07T17:44:10.212497+00:00,2026-10-07T17:56:03.633355+00:00,UNO,"ST,711500,RRGG,C,0,0,210",6,71a8b96
2026-10-07T17:44:10.212497+00:00,2026-10-07T17:56:04.133447+00:00,UNO,"ST,712000,RRGG,C,0,0,210",6,71a8b96
2026-10-07T17:44:10.212497+00:00,2026-10-07T17:56:04.291095+00:00,UNO,"ST,712158,RRYY,C,0,0,210",6,71a8b96
2026-10-07T17:44:10.212497+00:00,2026-10-07T17:56:04.633126+00:00,UNO,"ST,712500,RRYY,C,0,0,210",6,71a8b96
2026-10-07T17:44:10.212497+00:00,2026-10-07T17:56:05.134165+00:00,UNO,"ST,713000,RRYY,C,0,0,210",6,71a8b96
2026-10-07T17:44:10.212497+00:00,2026-10-07T17:56:05.634231+00:00,UNO,"ST,713500,RRYY,C,0,0,210",6,71a8b96
2026-10-07T17:44:10.212497+00:00,2026-10-07T17:56:06.133848+00:00,UNO,"ST,714000,RRYY,C,0,0,210",6,71a8b96
2026-10-07T17:44:10.212497+00:00,2026-10-07T17:56:06.291650+00:00,UNO,"ST,714158,RRRR,C,0,0,210",6,71a8b96
2026-10-07T17:44:10.212497+00:00,2026-10-07T17:56:06.633691+00:00,UNO,"ST,714500,RRRR,C,0,0,210",6,71a8b96
2026-10-07T17:44:10.212497+00:00,2026-10-07T17:56:07.134726+00:00,UNO,"ST,715000,RRRR,C,0,0,210",6,71a8b96
2026-10-07T17:44:10.212497+00:00,2026-10-07T17:56:07.292424+00:00,UNO,"ST,715158,GGRR,C,0,0,210",6,71a8b96
2026-10-07T17:44:10.212497+00:00,2026-10-07T17:56:07.634460+00:00,UNO,"ST,715500,GGRR,C,0,0,210",6,71a8b96
2026-10-07T17:44:10.212497+00:00,2026-10-07T17:56:08.134505+00:00,UNO,"ST,716000,GGRR,C,0,0,210",6,71a8b96
2026-10-07T17:44:10.212497+00:00,2026-10-07T17:56:08.634915+00:00,UNO,"ST,716500,GGRR,C,0,0,210",6,71a8b96
2026-10-07T17:44:10.212497+00:00,2026-10-07T17:56:09.134977+00:00,UNO,"ST,717000,GGRR,C,0,0,210",6,71a8b96
2026-10-07T17:44:10.212497+00:00,2026-10-07T17:56:09.634702+00:00,UNO,"ST,717500,GGRR,C,0,0,210",6,71a8b96
2026-10-07T17:44:10.212497+00:00,2026-10-07T17:56:10.134752+00:00,UNO,"ST,718000,GGRR,C,0,0,210",6,71a8b96
2026-10-07T17:44:10.212497+00:00,2026-10-07T17:56:10.293786+00:00,UNO,"ST,718158,YYRR,C,0,0,210",6,71a8b96
2026-10-07T17:44:10.212497+00:00,2026-10-07T17:56:10.636074+00:00,UNO,"ST,718500,YYRR,C,0,0,210",6,71a8b96
2026-10-07T17:44:10.212497+00:00,2026-10-07T17:56:11.135209+00:00,UNO,"ST,719000,YYRR,C,0,0,210",6,71a8b96
2026-10-07T17:44:10.212497+00:00,2026-10-07T17:56:11.634945+00:00,UNO,"ST,719500,YYRR,C,0,0,210",6,71a8b96
2026-10-07T17:44:10.212497+00:00,2026-10-07T17:56:12.135023+00:00,UNO,"ST,720000,YYRR,C,0,0,210",6,71a8b96
2026-10-07T17:44:10.212497+00:00,2026-10-07T17:56:12.294016+00:00,UNO,"ST,720158,RRRR,C,0,0,210",6,71a8b96
2026-10-07T17:44:10.212497+00:00,2026-10-07T17:56:12.636073+00:00,UNO,"ST,720500,RRRR,C,0,0,210",6,71a8b96
2026-10-07T17:44:10.212497+00:00,2026-10-07T17:56:13.136102+00:00,UNO,"ST,721000,RRRR,C,0,0,210",6,71a8b96
2026-10-07T17:44:10.212497+00:00,2026-10-07T17:56:13.293482+00:00,UNO,"ST,721158,RRGG,C,0,0,210",6,71a8b96
2026-10-07T17:44:10.212497+00:00,2026-10-07T17:56:13.635509+00:00,UNO,"ST,721500,RRGG,C,0,0,210",6,71a8b96
2026-10-07T17:44:10.212497+00:00,2026-10-07T17:56:14.136221+00:00,UNO,"ST,722000,RRGG,C,0,0,210",6,71a8b96
2026-10-07T17:44:10.212497+00:00,2026-10-07T17:56:14.636282+00:00,UNO,"ST,722500,RRGG,C,0,0,210",6,71a8b96
2026-10-07T17:44:10.212497+00:00,2026-10-07T17:56:15.136330+00:00,UNO,"ST,723000,RRGG,C,0,0,210",6,71a8b96
2026-10-07T17:44:10.212497+00:00,2026-10-07T17:56:15.636415+00:00,UNO,"ST,723500,RRGG,C,0,0,210",6,71a8b96
2026-10-07T17:44:10.212497+00:00,2026-10-07T17:56:16.136824+00:00,UNO,"ST,724000,RRGG,C,0,0,210",6,71a8b96
2026-10-07T17:44:10.212497+00:00,2026-10-07T17:56:16.294491+00:00,UNO,"ST,724158,RRYY,C,0,0,210",6,71a8b96
2026-10-07T17:44:10.212497+00:00,2026-10-07T17:56:16.636873+00:00,UNO,"ST,724500,RRYY,C,0,0,210",6,71a8b96
2026-10-07T17:44:10.212497+00:00,2026-10-07T17:56:17.136561+00:00,UNO,"ST,725000,RRYY,C,0,0,210",6,71a8b96
2026-10-07T17:44:10.212497+00:00,2026-10-07T17:56:17.637630+00:00,UNO,"ST,725500,RRYY,C,0,0,210",6,71a8b96
2026-10-07T17:44:10.212497+00:00,2026-10-07T17:56:18.137047+00:00,UNO,"ST,726000,RRYY,C,0,0,210",6,71a8b96
2026-10-07T17:44:10.212497+00:00,2026-10-07T17:56:18.295075+00:00,UNO,"ST,726158,RRRR,C,0,0,210",6,71a8b96
2026-10-07T17:44:10.212497+00:00,2026-10-07T17:56:18.637090+00:00,UNO,"ST,726500,RRRR,C,0,0,210",6,71a8b96
2026-10-07T17:44:10.212497+00:00,2026-10-07T17:56:19.137154+00:00,UNO,"ST,727000,RRRR,C,0,0,210",6,71a8b96
2026-10-07T17:44:10.212497+00:00,2026-10-07T17:56:19.295858+00:00,UNO,"ST,727158,GGRR,C,0,0,210",6,71a8b96
2026-10-07T17:44:10.212497+00:00,2026-10-07T17:56:19.637871+00:00,UNO,"ST,727500,GGRR,C,0,0,210",6,71a8b96
2026-10-07T17:44:10.212497+00:00,2026-10-07T17:56:20.137932+00:00,UNO,"ST,728000,GGRR,C,0,0,210",6,71a8b96
2026-10-07T17:44:10.212497+00:00,2026-10-07T17:56:20.637996+00:00,UNO,"ST,728500,GGRR,C,0,0,210",6,71a8b96
2026-10-07T17:44:10.212497+00:00,2026-10-07T17:56:21.138391+00:00,UNO,"ST,729000,GGRR,C,0,0,210",6,71a8b96
2026-10-07T17:44:10.212497+00:00,2026-10-07T17:56:21.638449+00:00,UNO,"ST,729500,GGRR,C,0,0,210",6,71a8b96
2026-10-07T17:44:10.212497+00:00,2026-10-07T17:56:22.138166+00:00,UNO,"ST,730000,GGRR,C,0,0,210",6,71a8b96
2026-10-07T17:44:10.212497+00:00,2026-10-07T17:56:22.296164+00:00,UNO,"ST,730158,YYRR,C,0,0,210",6,71a8b96
2026-10-07T17:44:10.212497+00:00,2026-10-07T17:56:22.638220+00:00,UNO,"ST,730500,YYRR,C,0,0,210",6,71a8b96
2026-10-07T17:44:10.212497+00:00,2026-10-07T17:56:23.139262+00:00,UNO,"ST,731000,YYRR,C,0,0,210",6,71a8b96
2026-10-07T17:44:10.212497+00:00,2026-10-07T17:56:23.638696+00:00,UNO,"ST,731500,YYRR,C,0,0,210",6,71a8b96
2026-10-07T17:44:10.212497+00:00,2026-10-07T17:56:24.138397+00:00,UNO,"ST,732000,YYRR,C,0,0,210",6,71a8b96
2026-10-07T17:44:10.212497+00:00,2026-10-07T17:56:24.297412+00:00,UNO,"ST,732158,RRRR,C,0,0,210",6,71a8b96
2026-10-07T17:44:10.212497+00:00,2026-10-07T17:56:24.639467+00:00,UNO,"ST,732500,RRRR,C,0,0,210",6,71a8b96
2026-10-07T17:44:10.212497+00:00,2026-10-07T17:56:25.139502+00:00,UNO,"ST,733000,RRRR,C,0,0,210",6,71a8b96
2026-10-07T17:44:10.212497+00:00,2026-10-07T17:56:25.296887+00:00,UNO,"ST,733158,RRGG,C,0,0,210",6,71a8b96
2026-10-07T17:44:10.212497+00:00,2026-10-07T17:56:25.638907+00:00,UNO,"ST,733500,RRGG,C,0,0,210",6,71a8b96
2026-10-07T17:44:10.212497+00:00,2026-10-07T17:56:26.138986+00:00,UNO,"ST,734000,RRGG,C,0,0,210",6,71a8b96
2026-10-07T17:44:10.212497+00:00,2026-10-07T17:56:26.639688+00:00,UNO,"ST,734500,RRGG,C,0,0,210",6,71a8b96
2026-10-07T17:44:10.212497+00:00,2026-10-07T17:56:27.139750+00:00,UNO,"ST,735000,RRGG,C,0,0,210",6,71a8b96
2026-10-07T17:44:10.212497+00:00,2026-10-07T17:56:27.639798+00:00,UNO,"ST,735500,RRGG,C,0,0,210",6,71a8b96
2026-10-07T17:44:10.212497+00:00,2026-10-07T17:56:28.139851+00:00,UNO,"ST,736000,RRGG,C,0,0,210",6,71a8b96
2026-10-07T17:44:10.212497+00:00,2026-10-07T17:56:28.298228+00:00,UNO,"ST,736158,RRYY,C,0,0,210",6,71a8b96
2026-10-07T17:44:10.212497+00:00,2026-10-07T17:56:28.640290+00:00,UNO,"ST,736500,RRYY,C,0,0,210",6,71a8b96
2026-10-07T17:44:10.212497+00:00,2026-10-07T17:56:29.139956+00:00,UNO,"ST,737000,RRYY,C,0,0,210",6,71a8b96
2026-10-07T17:44:10.212497+00:00,2026-10-07T17:56:29.640026+00:00,UNO,"ST,737500,RRYY,C,0,0,210",6,71a8b96
2026-10-07T17:44:10.212497+00:00,2026-10-07T17:56:30.141076+00:00,UNO,"ST,738000,RRYY,C,0,0,210",6,71a8b96
2026-10-07T17:44:10.212497+00:00,2026-10-07T17:56:30.299121+00:00,UNO,"ST,738158,RRRR,C,0,0,210",6,71a8b96
2026-10-07T17:44:10.212497+00:00,2026-10-07T17:56:30.640512+00:00,UNO,"ST,738500,RRRR,C,0,0,210",6,71a8b96
2026-10-07T17:44:10.212497+00:00,2026-10-07T17:56:31.140549+00:00,UNO,"ST,739000,RRRR,C,0,0,210",6,71a8b96
2026-10-07T17:44:10.212497+00:00,2026-10-07T17:56:31.298229+00:00,UNO,"ST,739158,GGRR,C,0,0,210",6,71a8b96
2026-10-07T17:44:10.212497+00:00,2026-10-07T17:56:31.640262+00:00,UNO,"ST,739500,GGRR,C,0,0,210",6,71a8b96
2026-10-07T17:44:10.212497+00:00,2026-10-07T17:56:32.141316+00:00,UNO,"ST,740000,GGRR,C,0,0,210",6,71a8b96
2026-10-07T17:44:10.212497+00:00,2026-10-07T17:56:32.470374+00:00,UNO,"EV,740329,PREEMP_INI,3,AMBULANCIA",6,71a8b96
2026-10-07T17:44:10.212497+00:00,2026-10-07T17:56:32.506708+00:00,UNO,"ST,740329,GGRR,E,3,0,210",6,71a8b96
2026-10-07T17:44:10.212497+00:00,2026-10-07T17:56:32.641393+00:00,UNO,"ST,740500,GGRR,E,3,0,210",6,71a8b96
2026-10-07T17:44:10.212497+00:00,2026-10-07T17:56:33.140798+00:00,UNO,"ST,741000,GGRR,E,3,0,210",6,71a8b96
2026-10-07T17:44:10.212497+00:00,2026-10-07T17:56:33.641850+00:00,UNO,"ST,741500,GGRR,E,3,0,210",6,71a8b96
2026-10-07T17:44:10.212497+00:00,2026-10-07T17:56:34.141547+00:00,UNO,"ST,742000,GGRR,E,3,0,210",6,71a8b96
2026-10-07T17:44:10.212497+00:00,2026-10-07T17:56:34.299588+00:00,UNO,"ST,742158,YYRR,E,3,0,210",6,71a8b96
2026-10-07T17:44:10.212497+00:00,2026-10-07T17:56:34.641618+00:00,UNO,"ST,742500,YYRR,E,3,0,210",6,71a8b96
2026-10-07T17:44:10.212497+00:00,2026-10-07T17:56:35.141670+00:00,UNO,"ST,743000,YYRR,E,3,0,210",6,71a8b96
2026-10-07T17:44:10.212497+00:00,2026-10-07T17:56:35.642095+00:00,UNO,"ST,743500,YYRR,E,3,0,210",6,71a8b96
2026-10-07T17:44:10.212497+00:00,2026-10-07T17:56:35.732338+00:00,PONTE,"RUA1,BOMBEIRO",0,71a8b96
2026-10-07T17:44:10.212497+00:00,2026-10-07T17:56:35.755761+00:00,UNO,"EV,743613,PREEMP_INI,1,BOMBEIRO",6,71a8b96
2026-10-07T17:44:10.212497+00:00,2026-10-07T17:56:35.788236+00:00,UNO,"EV,743613,FILA,3,AMBULANCIA",1,71a8b96
2026-10-07T17:44:10.212497+00:00,2026-10-07T17:56:35.814816+00:00,UNO,"ST,743613,YYRR,E,1,3,210",0,71a8b96
2026-10-07T17:44:10.212497+00:00,2026-10-07T17:56:36.142156+00:00,UNO,"ST,744000,YYRR,E,1,3,210",6,71a8b96
2026-10-07T17:44:10.212497+00:00,2026-10-07T17:56:36.299846+00:00,UNO,"ST,744158,RRRR,E,1,3,210",6,71a8b96
2026-10-07T17:44:10.212497+00:00,2026-10-07T17:56:36.641850+00:00,UNO,"ST,744500,RRRR,E,1,3,210",6,71a8b96
2026-10-07T17:44:10.212497+00:00,2026-10-07T17:56:37.142900+00:00,UNO,"ST,745000,RRRR,E,1,3,210",6,71a8b96
2026-10-07T17:44:10.212497+00:00,2026-10-07T17:56:37.300277+00:00,UNO,"ST,745158,GRRR,E,1,3,210",6,71a8b96
2026-10-07T17:44:10.212497+00:00,2026-10-07T17:56:37.642964+00:00,UNO,"ST,745500,GRRR,E,1,3,210",6,71a8b96
2026-10-07T17:44:10.212497+00:00,2026-10-07T17:56:38.142387+00:00,UNO,"ST,746000,GRRR,E,1,3,210",6,71a8b96
2026-10-07T17:44:10.212497+00:00,2026-10-07T17:56:38.642429+00:00,UNO,"ST,746500,GRRR,E,1,3,210",6,71a8b96
2026-10-07T17:44:10.212497+00:00,2026-10-07T17:56:39.143148+00:00,UNO,"ST,747000,GRRR,E,1,3,210",6,71a8b96
2026-10-07T17:44:10.212497+00:00,2026-10-07T17:56:39.643206+00:00,UNO,"ST,747500,GRRR,E,1,3,210",6,71a8b96
2026-10-07T17:44:10.212497+00:00,2026-10-07T17:56:40.143274+00:00,UNO,"ST,748000,GRRR,E,1,3,210",6,71a8b96
2026-10-07T17:44:10.212497+00:00,2026-10-07T17:56:40.644311+00:00,UNO,"ST,748500,GRRR,E,1,3,210",6,71a8b96
2026-10-07T17:44:10.212497+00:00,2026-10-07T17:56:41.143716+00:00,UNO,"ST,749000,GRRR,E,1,3,210",6,71a8b96
2026-10-07T17:44:10.212497+00:00,2026-10-07T17:56:41.643441+00:00,UNO,"ST,749500,GRRR,E,1,3,210",6,71a8b96
2026-10-07T17:44:10.212497+00:00,2026-10-07T17:56:42.143499+00:00,UNO,"ST,750000,GRRR,E,1,3,210",6,71a8b96
2026-10-07T17:44:10.212497+00:00,2026-10-07T17:56:42.644566+00:00,UNO,"ST,750500,GRRR,E,1,3,210",6,71a8b96
2026-10-07T17:44:10.212497+00:00,2026-10-07T17:56:43.144635+00:00,UNO,"ST,751000,GRRR,E,1,3,210",6,71a8b96
2026-10-07T17:44:10.212497+00:00,2026-10-07T17:56:43.644013+00:00,UNO,"ST,751500,GRRR,E,1,3,210",6,71a8b96
2026-10-07T17:44:10.212497+00:00,2026-10-07T17:56:44.143715+00:00,UNO,"ST,752000,GRRR,E,1,3,210",6,71a8b96
2026-10-07T17:44:10.212497+00:00,2026-10-07T17:56:44.644783+00:00,UNO,"ST,752500,GRRR,E,1,3,210",6,71a8b96
2026-10-07T17:44:10.212497+00:00,2026-10-07T17:56:45.144852+00:00,UNO,"ST,753000,GRRR,E,1,3,210",6,71a8b96
2026-10-07T17:44:10.212497+00:00,2026-10-07T17:56:45.302854+00:00,UNO,"EV,753158,PREEMP_FIM,1,BOMBEIRO",6,71a8b96
2026-10-07T17:44:10.212497+00:00,2026-10-07T17:56:45.332875+00:00,UNO,"EV,753158,PREEMP_INI,3,AMBULANCIA",1,71a8b96
2026-10-07T17:44:10.212497+00:00,2026-10-07T17:56:45.368789+00:00,UNO,"ST,753158,YRRR,E,3,0,210",1,71a8b96
2026-10-07T17:44:10.212497+00:00,2026-10-07T17:56:45.644261+00:00,UNO,"ST,753500,YRRR,E,3,0,210",6,71a8b96
2026-10-07T17:44:10.212497+00:00,2026-10-07T17:56:46.145390+00:00,UNO,"ST,754000,YRRR,E,3,0,210",6,71a8b96
2026-10-07T17:44:10.212497+00:00,2026-10-07T17:56:46.645028+00:00,UNO,"ST,754500,YRRR,E,3,0,210",6,71a8b96
2026-10-07T17:44:10.212497+00:00,2026-10-07T17:56:47.145070+00:00,UNO,"ST,755000,YRRR,E,3,0,210",6,71a8b96
2026-10-07T17:44:10.212497+00:00,2026-10-07T17:56:47.303106+00:00,UNO,"ST,755158,RRRR,E,3,0,210",6,71a8b96
2026-10-07T17:44:10.212497+00:00,2026-10-07T17:56:47.645145+00:00,UNO,"ST,755500,RRRR,E,3,0,210",6,71a8b96
2026-10-07T17:44:10.212497+00:00,2026-10-07T17:56:48.145533+00:00,UNO,"ST,756000,RRRR,E,3,0,210",6,71a8b96
2026-10-07T17:44:10.212497+00:00,2026-10-07T17:56:48.303567+00:00,UNO,"ST,756158,RRGR,E,3,0,210",6,71a8b96
2026-10-07T17:44:10.212497+00:00,2026-10-07T17:56:48.645600+00:00,UNO,"ST,756500,RRGR,E,3,0,210",6,71a8b96
2026-10-07T17:44:10.212497+00:00,2026-10-07T17:56:49.145309+00:00,UNO,"ST,757000,RRGR,E,3,0,210",6,71a8b96
2026-10-07T17:44:10.212497+00:00,2026-10-07T17:56:49.646369+00:00,UNO,"ST,757500,RRGR,E,3,0,210",6,71a8b96
2026-10-07T17:44:10.212497+00:00,2026-10-07T17:56:50.146443+00:00,UNO,"ST,758000,RRGR,E,3,0,210",6,71a8b96
2026-10-07T17:44:10.212497+00:00,2026-10-07T17:56:50.646479+00:00,UNO,"ST,758500,RRGR,E,3,0,210",6,71a8b96
2026-10-07T17:44:10.212497+00:00,2026-10-07T17:56:51.145882+00:00,UNO,"ST,759000,RRGR,E,3,0,210",6,71a8b96
2026-10-07T17:44:10.212497+00:00,2026-10-07T17:56:51.646607+00:00,UNO,"ST,759500,RRGR,E,3,0,210",6,71a8b96
2026-10-07T17:44:10.212497+00:00,2026-10-07T17:56:52.146671+00:00,UNO,"ST,760000,RRGR,E,3,0,210",6,71a8b96
2026-10-07T17:44:10.212497+00:00,2026-10-07T17:56:52.646714+00:00,UNO,"ST,760500,RRGR,E,3,0,210",6,71a8b96
2026-10-07T17:44:10.212497+00:00,2026-10-07T17:56:53.147114+00:00,UNO,"ST,761000,RRGR,E,3,0,210",6,71a8b96
2026-10-07T17:44:10.212497+00:00,2026-10-07T17:56:53.647180+00:00,UNO,"ST,761500,RRGR,E,3,0,210",6,71a8b96
2026-10-07T17:44:10.212497+00:00,2026-10-07T17:56:54.146892+00:00,UNO,"ST,762000,RRGR,E,3,0,210",6,71a8b96
2026-10-07T17:44:10.212497+00:00,2026-10-07T17:56:54.646944+00:00,UNO,"ST,762500,RRGR,E,3,0,210",6,71a8b96
2026-10-07T17:44:10.212497+00:00,2026-10-07T17:56:55.148015+00:00,UNO,"ST,763000,RRGR,E,3,0,210",6,71a8b96
2026-10-07T17:44:10.212497+00:00,2026-10-07T17:56:55.648057+00:00,UNO,"ST,763500,RRGR,E,3,0,210",6,71a8b96
2026-10-07T17:44:10.212497+00:00,2026-10-07T17:56:56.147465+00:00,UNO,"ST,764000,RRGR,E,3,0,210",6,71a8b96
2026-10-07T17:44:10.212497+00:00,2026-10-07T17:56:56.648532+00:00,UNO,"ST,764500,RRGR,E,3,0,210",6,71a8b96
2026-10-07T17:44:10.212497+00:00,2026-10-07T17:56:57.148230+00:00,UNO,"ST,765000,RRGR,E,3,0,210",6,71a8b96
2026-10-07T17:44:10.212497+00:00,2026-10-07T17:56:57.306269+00:00,UNO,"EV,765158,PREEMP_FIM,3,AMBULANCIA",6,71a8b96
2026-10-07T17:44:10.212497+00:00,2026-10-07T17:56:57.342245+00:00,UNO,"ST,765158,RRYR,C,0,0,210",6,71a8b96
2026-10-07T17:44:10.212497+00:00,2026-10-07T17:56:57.648302+00:00,UNO,"ST,765500,RRYR,C,0,0,210",6,71a8b96
2026-10-07T17:44:10.212497+00:00,2026-10-07T17:56:58.148381+00:00,UNO,"ST,766000,RRYR,C,0,0,210",6,71a8b96
2026-10-07T17:44:10.212497+00:00,2026-10-07T17:56:58.648771+00:00,UNO,"ST,766500,RRYR,C,0,0,210",6,71a8b96
2026-10-07T17:44:10.212497+00:00,2026-10-07T17:56:59.148486+00:00,UNO,"ST,767000,RRYR,C,0,0,210",6,71a8b96
2026-10-07T17:44:10.212497+00:00,2026-10-07T17:56:59.306521+00:00,UNO,"ST,767158,RRRR,C,0,0,210",6,71a8b96
2026-10-07T17:44:10.212497+00:00,2026-10-07T17:56:59.648549+00:00,UNO,"ST,767500,RRRR,C,0,0,210",6,71a8b96
2026-10-07T17:44:10.212497+00:00,2026-10-07T17:57:00.148583+00:00,UNO,"ST,768000,RRRR,C,0,0,210",6,71a8b96
2026-10-07T17:44:10.212497+00:00,2026-10-07T17:57:00.307618+00:00,UNO,"ST,768158,GGRR,C,0,0,210",6,71a8b96
2026-10-07T17:44:10.212497+00:00,2026-10-07T17:57:00.649642+00:00,UNO,"ST,768500,GGRR,C,0,0,210",6,71a8b96
2026-10-07T17:44:10.212497+00:00,2026-10-07T17:57:01.149054+00:00,UNO,"ST,769000,GGRR,C,0,0,210",6,71a8b96
2026-10-07T17:44:10.212497+00:00,2026-10-07T17:57:01.648760+00:00,UNO,"ST,769500,GGRR,C,0,0,210",6,71a8b96
2026-10-07T17:44:10.212497+00:00,2026-10-07T17:57:02.149826+00:00,UNO,"ST,770000,GGRR,C,0,0,210",6,71a8b96
2026-10-07T17:44:10.212497+00:00,2026-10-07T17:57:02.649883+00:00,UNO,"ST,770500,GGRR,C,0,0,210",6,71a8b96
2026-10-07T17:44:10.212497+00:00,2026-10-07T17:57:03.149934+00:00,UNO,"ST,771000,GGRR,C,0,0,210",6,71a8b96
2026-10-07T17:44:10.212497+00:00,2026-10-07T17:57:03.307315+00:00,UNO,"ST,771158,YYRR,C,0,0,210",6,71a8b96
2026-10-07T17:44:10.212497+00:00,2026-10-07T17:57:03.649363+00:00,UNO,"ST,771500,YYRR,C,0,0,210",6,71a8b96
2026-10-07T17:44:10.212497+00:00,2026-10-07T17:57:04.150051+00:00,UNO,"ST,772000,YYRR,C,0,0,210",6,71a8b96
2026-10-07T17:44:10.212497+00:00,2026-10-07T17:57:04.650114+00:00,UNO,"ST,772500,YYRR,C,0,0,210",6,71a8b96
2026-10-07T17:44:10.212497+00:00,2026-10-07T17:57:05.150162+00:00,UNO,"ST,773000,YYRR,C,0,0,210",6,71a8b96
2026-10-07T17:44:10.212497+00:00,2026-10-07T17:57:05.308529+00:00,UNO,"ST,773158,RRRR,C,0,0,210",6,71a8b96
2026-10-07T17:44:10.212497+00:00,2026-10-07T17:57:05.650585+00:00,UNO,"ST,773500,RRRR,C,0,0,210",6,71a8b96
2026-10-07T17:44:10.212497+00:00,2026-10-07T17:57:06.150638+00:00,UNO,"ST,774000,RRRR,C,0,0,210",6,71a8b96
2026-10-07T17:44:10.212497+00:00,2026-10-07T17:57:06.308312+00:00,UNO,"ST,774158,RRGG,C,0,0,210",6,71a8b96
2026-10-07T17:44:10.212497+00:00,2026-10-07T17:57:06.650358+00:00,UNO,"ST,774500,RRGG,C,0,0,210",6,71a8b96
2026-10-07T17:44:10.212497+00:00,2026-10-07T17:57:07.150423+00:00,UNO,"ST,775000,RRGG,C,0,0,210",6,71a8b96
2026-10-07T17:44:10.212497+00:00,2026-10-07T17:57:07.651503+00:00,UNO,"ST,775500,RRGG,C,0,0,210",6,71a8b96
2026-10-07T17:44:10.212497+00:00,2026-10-07T17:57:08.151519+00:00,UNO,"ST,776000,RRGG,C,0,0,210",6,71a8b96
2026-10-07T17:44:10.212497+00:00,2026-10-07T17:57:08.650924+00:00,UNO,"ST,776500,RRGG,C,0,0,210",6,71a8b96
2026-10-07T17:44:10.212497+00:00,2026-10-07T17:57:09.151649+00:00,UNO,"ST,777000,RRGG,C,0,0,210",6,71a8b96
2026-10-07T17:44:10.212497+00:00,2026-10-07T17:57:09.309668+00:00,UNO,"ST,777158,RRYY,C,0,0,210",6,71a8b96
2026-10-07T17:44:10.212497+00:00,2026-10-07T17:57:09.651699+00:00,UNO,"ST,777500,RRYY,C,0,0,210",6,71a8b96
2026-10-07T17:44:10.212497+00:00,2026-10-07T17:57:10.151758+00:00,UNO,"ST,778000,RRYY,C,0,0,210",6,71a8b96
2026-10-07T17:44:10.212497+00:00,2026-10-07T17:57:10.651176+00:00,UNO,"ST,778500,RRYY,C,0,0,210",6,71a8b96
2026-10-07T17:44:10.212497+00:00,2026-10-07T17:57:11.152220+00:00,UNO,"ST,779000,RRYY,C,0,0,210",6,71a8b96
2026-10-07T17:44:10.212497+00:00,2026-10-07T17:57:11.309937+00:00,UNO,"ST,779158,RRRR,C,0,0,210",6,71a8b96
2026-10-07T17:44:10.212497+00:00,2026-10-07T17:57:11.651940+00:00,UNO,"ST,779500,RRRR,C,0,0,210",6,71a8b96
2026-10-07T17:44:10.212497+00:00,2026-10-07T17:57:12.151997+00:00,UNO,"ST,780000,RRRR,C,0,0,210",6,71a8b96
2026-10-07T17:44:10.212497+00:00,2026-10-07T17:57:12.311026+00:00,UNO,"ST,780158,GGRR,C,0,0,210",6,71a8b96
2026-10-07T17:44:10.212497+00:00,2026-10-07T17:57:12.653117+00:00,UNO,"ST,780500,GGRR,C,0,0,210",6,71a8b96
2026-10-07T17:44:10.212497+00:00,2026-10-07T17:57:13.152457+00:00,UNO,"ST,781000,GGRR,C,0,0,210",6,71a8b96
2026-10-07T17:44:10.212497+00:00,2026-10-07T17:57:13.652524+00:00,UNO,"ST,781500,GGRR,C,0,0,210",6,71a8b96
2026-10-07T17:44:10.212497+00:00,2026-10-07T17:57:14.152226+00:00,UNO,"ST,782000,GGRR,C,0,0,210",6,71a8b96
2026-10-07T17:44:10.212497+00:00,2026-10-07T17:57:14.653342+00:00,UNO,"ST,782500,GGRR,C,0,0,210",6,71a8b96
2026-10-07T17:44:10.212497+00:00,2026-10-07T17:57:15.153446+00:00,UNO,"ST,783000,GGRR,C,0,0,210",6,71a8b96
2026-10-07T17:44:10.212497+00:00,2026-10-07T17:57:15.311372+00:00,UNO,"ST,783158,YYRR,C,0,0,210",6,71a8b96
2026-10-07T17:44:10.212497+00:00,2026-10-07T17:57:15.652754+00:00,UNO,"ST,783500,YYRR,C,0,0,210",6,71a8b96
2026-10-07T17:44:10.212497+00:00,2026-10-07T17:57:16.152481+00:00,UNO,"ST,784000,YYRR,C,0,0,210",6,71a8b96
2026-10-07T17:44:10.212497+00:00,2026-10-07T17:57:16.653541+00:00,UNO,"ST,784500,YYRR,C,0,0,210",6,71a8b96
2026-10-07T17:44:10.212497+00:00,2026-10-07T17:57:17.153572+00:00,UNO,"ST,785000,YYRR,C,0,0,210",6,71a8b96
2026-10-07T17:44:10.212497+00:00,2026-10-07T17:57:17.311588+00:00,UNO,"ST,785158,RRRR,C,0,0,210",6,71a8b96
2026-10-07T17:44:10.212497+00:00,2026-10-07T17:57:17.652974+00:00,UNO,"ST,785500,RRRR,C,0,0,210",6,71a8b96
2026-10-07T17:44:10.212497+00:00,2026-10-07T17:57:18.154044+00:00,UNO,"ST,786000,RRRR,C,0,0,210",6,71a8b96
2026-10-07T17:44:10.212497+00:00,2026-10-07T17:57:18.312069+00:00,UNO,"ST,786158,RRGG,C,0,0,210",6,71a8b96
2026-10-07T17:44:10.212497+00:00,2026-10-07T17:57:18.654112+00:00,UNO,"ST,786500,RRGG,C,0,0,210",6,71a8b96
2026-10-07T17:44:10.212497+00:00,2026-10-07T17:57:19.153821+00:00,UNO,"ST,787000,RRGG,C,0,0,210",6,71a8b96
2026-10-07T17:44:10.212497+00:00,2026-10-07T17:57:19.653880+00:00,UNO,"ST,787500,RRGG,C,0,0,210",6,71a8b96
2026-10-07T17:44:10.212497+00:00,2026-10-07T17:57:20.154936+00:00,UNO,"ST,788000,RRGG,C,0,0,210",6,71a8b96
2026-10-07T17:44:10.212497+00:00,2026-10-07T17:57:20.654344+00:00,UNO,"ST,788500,RRGG,C,0,0,210",6,71a8b96
2026-10-07T17:44:10.212497+00:00,2026-10-07T17:57:21.154380+00:00,UNO,"ST,789000,RRGG,C,0,0,210",6,71a8b96
2026-10-07T17:44:10.212497+00:00,2026-10-07T17:57:21.313058+00:00,UNO,"ST,789158,RRYY,C,0,0,210",6,71a8b96
2026-10-07T17:44:10.212497+00:00,2026-10-07T17:57:21.655113+00:00,UNO,"ST,789500,RRYY,C,0,0,210",6,71a8b96
2026-10-07T17:44:10.212497+00:00,2026-10-07T17:57:22.155146+00:00,UNO,"ST,790000,RRYY,C,0,0,210",6,71a8b96
2026-10-07T17:44:10.212497+00:00,2026-10-07T17:57:22.655233+00:00,UNO,"ST,790500,RRYY,C,0,0,210",6,71a8b96
2026-10-07T17:44:10.212497+00:00,2026-10-07T17:57:23.155257+00:00,UNO,"ST,791000,RRYY,C,0,0,210",6,71a8b96
2026-10-07T17:44:10.212497+00:00,2026-10-07T17:57:23.313628+00:00,UNO,"ST,791158,RRRR,C,0,0,210",6,71a8b96
2026-10-07T17:44:10.212497+00:00,2026-10-07T17:57:23.655692+00:00,UNO,"ST,791500,RRRR,C,0,0,210",6,71a8b96
2026-10-07T17:44:10.212497+00:00,2026-10-07T17:57:24.155399+00:00,UNO,"ST,792000,RRRR,C,0,0,210",6,71a8b96
2026-10-07T17:44:10.212497+00:00,2026-10-07T17:57:24.313411+00:00,UNO,"ST,792158,GGRR,C,0,0,210",6,71a8b96
2026-10-07T17:44:10.212497+00:00,2026-10-07T17:57:24.655450+00:00,UNO,"ST,792500,GGRR,C,0,0,210",6,71a8b96
2026-10-07T17:44:10.212497+00:00,2026-10-07T17:57:25.156498+00:00,UNO,"ST,793000,GGRR,C,0,0,210",6,71a8b96
2026-10-07T17:44:10.212497+00:00,2026-10-07T17:57:25.655906+00:00,UNO,"ST,793500,GGRR,C,0,0,210",6,71a8b96
2026-10-07T17:44:10.212497+00:00,2026-10-07T17:57:26.155615+00:00,UNO,"ST,794000,GGRR,C,0,0,210",6,71a8b96
2026-10-07T17:44:10.212497+00:00,2026-10-07T17:57:26.655674+00:00,UNO,"ST,794500,GGRR,C,0,0,210",6,71a8b96
2026-10-07T17:44:10.212497+00:00,2026-10-07T17:57:27.156759+00:00,UNO,"ST,795000,GGRR,C,0,0,210",6,71a8b96
2026-10-07T17:44:10.212497+00:00,2026-10-07T17:57:27.314745+00:00,UNO,"ST,795158,YYRR,C,0,0,210",6,71a8b96
2026-10-07T17:44:10.212497+00:00,2026-10-07T17:57:27.656811+00:00,UNO,"ST,795500,YYRR,C,0,0,210",6,71a8b96
2026-10-07T17:44:10.212497+00:00,2026-10-07T17:57:28.156205+00:00,UNO,"ST,796000,YYRR,C,0,0,210",6,71a8b96
2026-10-07T17:44:10.212497+00:00,2026-10-07T17:57:28.657272+00:00,UNO,"ST,796500,YYRR,C,0,0,210",6,71a8b96
2026-10-07T17:44:10.212497+00:00,2026-10-07T17:57:29.156962+00:00,UNO,"ST,797000,YYRR,C,0,0,210",6,71a8b96
2026-10-07T17:44:10.212497+00:00,2026-10-07T17:57:29.315016+00:00,UNO,"ST,797158,RRRR,C,0,0,210",6,71a8b96
2026-10-07T17:44:10.212497+00:00,2026-10-07T17:57:29.657046+00:00,UNO,"ST,797500,RRRR,C,0,0,210",6,71a8b96
2026-10-07T17:44:10.212497+00:00,2026-10-07T17:57:30.157092+00:00,UNO,"ST,798000,RRRR,C,0,0,210",6,71a8b96
2026-10-07T17:44:10.212497+00:00,2026-10-07T17:57:30.315461+00:00,UNO,"ST,798158,RRGG,C,0,0,210",6,71a8b96
2026-10-07T17:44:10.212497+00:00,2026-10-07T17:57:30.657521+00:00,UNO,"ST,798500,RRGG,C,0,0,210",6,71a8b96
2026-10-07T17:44:10.212497+00:00,2026-10-07T17:57:30.955961+00:00,PONTE,"RUA4,AMBULANCIA",0,71a8b96
2026-10-07T17:44:10.212497+00:00,2026-10-07T17:57:30.981196+00:00,UNO,"EV,798823,PREEMP_INI,4,AMBULANCIA",6,71a8b96
2026-10-07T17:44:10.212497+00:00,2026-10-07T17:57:31.017549+00:00,UNO,"ST,798823,RRGG,E,4,0,210",6,71a8b96
2026-10-07T17:44:10.212497+00:00,2026-10-07T17:57:31.157567+00:00,UNO,"ST,799000,RRGG,E,4,0,210",6,71a8b96
2026-10-07T17:44:10.212497+00:00,2026-10-07T17:57:31.657311+00:00,UNO,"ST,799500,RRGG,E,4,0,210",6,71a8b96
2026-10-07T17:44:10.212497+00:00,2026-10-07T17:57:32.157316+00:00,UNO,"ST,800000,RRGG,E,4,0,210",6,71a8b96
2026-10-07T17:44:10.212497+00:00,2026-10-07T17:57:32.658395+00:00,UNO,"ST,800500,RRGG,E,4,0,210",6,71a8b96
2026-10-07T17:44:10.212497+00:00,2026-10-07T17:57:33.157790+00:00,UNO,"ST,801000,RRGG,E,4,0,210",6,71a8b96
2026-10-07T17:44:10.212497+00:00,2026-10-07T17:57:33.315471+00:00,UNO,"ST,801158,RRYG,E,4,0,210",6,71a8b96
2026-10-07T17:44:10.212497+00:00,2026-10-07T17:57:33.657857+00:00,UNO,"ST,801500,RRYG,E,4,0,210",6,71a8b96
2026-10-07T17:44:10.212497+00:00,2026-10-07T17:57:34.158571+00:00,UNO,"ST,802000,RRYG,E,4,0,210",6,71a8b96
2026-10-07T17:44:10.212497+00:00,2026-10-07T17:57:34.658658+00:00,UNO,"ST,802500,RRYG,E,4,0,210",6,71a8b96
2026-10-07T17:44:10.212497+00:00,2026-10-07T17:57:35.080540+00:00,PONTE,"RUA4,AMBULANCIA",0,71a8b96
2026-10-07T17:44:10.212497+00:00,2026-10-07T17:57:35.105676+00:00,UNO,"EV,802947,RENOVADO,4,AMBULANCIA",6,71a8b96
2026-10-07T17:44:10.212497+00:00,2026-10-07T17:57:35.158678+00:00,UNO,"ST,803000,RRYG,E,4,0,210",6,71a8b96
2026-10-07T17:44:10.212497+00:00,2026-10-07T17:57:35.316031+00:00,UNO,"ST,803158,RRRG,E,4,0,210",6,71a8b96
2026-10-07T17:44:10.212497+00:00,2026-10-07T17:57:35.658095+00:00,UNO,"ST,803500,RRRG,E,4,0,210",6,71a8b96
2026-10-07T17:44:10.212497+00:00,2026-10-07T17:57:36.159154+00:00,UNO,"ST,804000,RRRG,E,4,0,210",6,71a8b96
2026-10-07T17:44:10.212497+00:00,2026-10-07T17:57:36.658866+00:00,UNO,"ST,804500,RRRG,E,4,0,210",6,71a8b96
2026-10-07T17:44:10.212497+00:00,2026-10-07T17:57:37.158922+00:00,UNO,"ST,805000,RRRG,E,4,0,210",6,71a8b96
2026-10-07T17:44:10.212497+00:00,2026-10-07T17:57:37.659973+00:00,UNO,"ST,805500,RRRG,E,4,0,210",6,71a8b96
2026-10-07T17:44:10.212497+00:00,2026-10-07T17:57:38.159387+00:00,UNO,"ST,806000,RRRG,E,4,0,210",6,71a8b96
2026-10-07T17:44:10.212497+00:00,2026-10-07T17:57:38.659421+00:00,UNO,"ST,806500,RRRG,E,4,0,210",6,71a8b96
2026-10-07T17:44:10.212497+00:00,2026-10-07T17:57:39.158316+00:00,PONTE,"RUA4,AMBULANCIA",0,71a8b96
2026-10-07T17:44:10.212497+00:00,2026-10-07T17:57:39.166135+00:00,UNO,"ST,807000,RRRG,E,4,0,210",6,71a8b96
2026-10-07T17:44:10.212497+00:00,2026-10-07T17:57:39.182345+00:00,UNO,"EV,807023,RENOVADO,4,AMBULANCIA",1,71a8b96
2026-10-07T17:44:10.212497+00:00,2026-10-07T17:57:39.660189+00:00,UNO,"ST,807500,RRRG,E,4,0,210",6,71a8b96
2026-10-07T17:44:10.212497+00:00,2026-10-07T17:57:40.160269+00:00,UNO,"ST,808000,RRRG,E,4,0,210",6,71a8b96
2026-10-07T17:44:10.212497+00:00,2026-10-07T17:57:40.659680+00:00,UNO,"ST,808500,RRRG,E,4,0,210",6,71a8b96
2026-10-07T17:44:10.212497+00:00,2026-10-07T17:57:41.160736+00:00,UNO,"ST,809000,RRRG,E,4,0,210",6,71a8b96
2026-10-07T17:44:10.212497+00:00,2026-10-07T17:57:41.660445+00:00,UNO,"ST,809500,RRRG,E,4,0,210",6,71a8b96
2026-10-07T17:44:10.212497+00:00,2026-10-07T17:57:42.160496+00:00,UNO,"ST,810000,RRRG,E,4,0,210",6,71a8b96
2026-10-07T17:44:10.212497+00:00,2026-10-07T17:57:42.660572+00:00,UNO,"ST,810500,RRRG,E,4,0,210",6,71a8b96
2026-10-07T17:44:10.212497+00:00,2026-10-07T17:57:43.161597+00:00,UNO,"ST,811000,RRRG,E,4,0,210",6,71a8b96
2026-10-07T17:44:10.212497+00:00,2026-10-07T17:57:43.239486+00:00,PONTE,"RUA4,AMBULANCIA",0,71a8b96
2026-10-07T17:44:10.212497+00:00,2026-10-07T17:57:43.264607+00:00,UNO,"EV,811104,RENOVADO,4,AMBULANCIA",6,71a8b96
2026-10-07T17:44:10.212497+00:00,2026-10-07T17:57:43.661024+00:00,UNO,"ST,811500,RRRG,E,4,0,210",6,71a8b96
2026-10-07T17:44:10.212497+00:00,2026-10-07T17:57:44.160723+00:00,UNO,"ST,812000,RRRG,E,4,0,210",6,71a8b96
2026-10-07T17:44:10.212497+00:00,2026-10-07T17:57:44.661809+00:00,UNO,"ST,812500,RRRG,E,4,0,210",6,71a8b96
2026-10-07T17:44:10.212497+00:00,2026-10-07T17:57:45.161856+00:00,UNO,"ST,813000,RRRG,E,4,0,210",6,71a8b96
2026-10-07T17:44:10.212497+00:00,2026-10-07T17:57:45.661240+00:00,UNO,"ST,813500,RRRG,E,4,0,210",6,71a8b96
2026-10-07T17:44:10.212497+00:00,2026-10-07T17:57:46.161330+00:00,UNO,"ST,814000,RRRG,E,4,0,210",6,71a8b96
2026-10-07T17:44:10.212497+00:00,2026-10-07T17:57:46.662354+00:00,UNO,"ST,814500,RRRG,E,4,0,210",6,71a8b96
2026-10-07T17:44:10.212497+00:00,2026-10-07T17:57:47.162092+00:00,UNO,"ST,815000,RRRG,E,4,0,210",6,71a8b96
2026-10-07T17:44:10.212497+00:00,2026-10-07T17:57:47.315513+00:00,PONTE,"RUA4,AMBULANCIA",0,71a8b96
2026-10-07T17:44:10.212497+00:00,2026-10-07T17:57:47.340443+00:00,UNO,"EV,815178,RENOVADO,4,AMBULANCIA",6,71a8b96
2026-10-07T17:44:10.212497+00:00,2026-10-07T17:57:47.662126+00:00,UNO,"ST,815500,RRRG,E,4,0,210",6,71a8b96
2026-10-07T17:44:10.212497+00:00,2026-10-07T17:57:48.162212+00:00,UNO,"ST,816000,RRRG,E,4,0,210",6,71a8b96
2026-10-07T17:44:10.212497+00:00,2026-10-07T17:57:48.662620+00:00,UNO,"ST,816500,RRRG,E,4,0,210",6,71a8b96
2026-10-07T17:44:10.212497+00:00,2026-10-07T17:57:49.162310+00:00,UNO,"ST,817000,RRRG,E,4,0,210",6,71a8b96
2026-10-07T17:44:10.212497+00:00,2026-10-07T17:57:49.662379+00:00,UNO,"ST,817500,RRRG,E,4,0,210",6,71a8b96
2026-10-07T17:44:10.212497+00:00,2026-10-07T17:57:50.163420+00:00,UNO,"ST,818000,RRRG,E,4,0,210",6,71a8b96
2026-10-07T17:44:10.212497+00:00,2026-10-07T17:57:50.663471+00:00,UNO,"ST,818500,RRRG,E,4,0,210",6,71a8b96
2026-10-07T17:44:10.212497+00:00,2026-10-07T17:57:51.162882+00:00,UNO,"ST,819000,RRRG,E,4,0,210",6,71a8b96
2026-10-07T17:44:10.212497+00:00,2026-10-07T17:57:51.400009+00:00,PONTE,"RUA4,AMBULANCIA",0,71a8b96
2026-10-07T17:44:10.212497+00:00,2026-10-07T17:57:51.425557+00:00,UNO,"EV,819261,RENOVADO,4,AMBULANCIA",6,71a8b96
2026-10-07T17:44:10.212497+00:00,2026-10-07T17:57:51.662969+00:00,UNO,"ST,819500,RRRG,E,4,0,210",6,71a8b96
2026-10-07T17:44:10.212497+00:00,2026-10-07T17:57:52.163646+00:00,UNO,"ST,820000,RRRG,E,4,0,210",6,71a8b96
2026-10-07T17:44:10.212497+00:00,2026-10-07T17:57:52.663728+00:00,UNO,"ST,820500,RRRG,E,4,0,210",6,71a8b96
2026-10-07T17:44:10.212497+00:00,2026-10-07T17:57:53.163770+00:00,UNO,"ST,821000,RRRG,E,4,0,210",6,71a8b96
2026-10-07T17:44:10.212497+00:00,2026-10-07T17:57:53.664195+00:00,UNO,"ST,821500,RRRG,E,4,0,210",6,71a8b96
2026-10-07T17:44:10.212497+00:00,2026-10-07T17:57:54.164252+00:00,UNO,"ST,822000,RRRG,E,4,0,210",6,71a8b96
2026-10-07T17:44:10.212497+00:00,2026-10-07T17:57:54.663945+00:00,UNO,"ST,822500,RRRG,E,4,0,210",6,71a8b96
2026-10-07T17:44:10.212497+00:00,2026-10-07T17:57:55.164005+00:00,UNO,"ST,823000,RRRG,E,4,0,210",6,71a8b96
2026-10-07T17:44:10.212497+00:00,2026-10-07T17:57:55.469446+00:00,PONTE,"RUA4,AMBULANCIA",0,71a8b96
2026-10-07T17:44:10.212497+00:00,2026-10-07T17:57:55.495034+00:00,UNO,"EV,823329,RENOVADO,4,AMBULANCIA",6,71a8b96
2026-10-07T17:44:10.212497+00:00,2026-10-07T17:57:55.665056+00:00,UNO,"ST,823500,RRRG,E,4,0,210",6,71a8b96
2026-10-07T17:44:10.212497+00:00,2026-10-07T17:57:56.164466+00:00,UNO,"ST,824000,RRRG,E,4,0,210",6,71a8b96
2026-10-07T17:44:10.212497+00:00,2026-10-07T17:57:56.664544+00:00,UNO,"ST,824500,RRRG,E,4,0,210",6,71a8b96
2026-10-07T17:44:10.212497+00:00,2026-10-07T17:57:57.165248+00:00,UNO,"ST,825000,RRRG,E,4,0,210",6,71a8b96
2026-10-07T17:44:10.212497+00:00,2026-10-07T17:57:57.665289+00:00,UNO,"ST,825500,RRRG,E,4,0,210",6,71a8b96
2026-10-07T17:44:10.212497+00:00,2026-10-07T17:57:58.165351+00:00,UNO,"ST,826000,RRRG,E,4,0,210",6,71a8b96
2026-10-07T17:44:10.212497+00:00,2026-10-07T17:57:58.664778+00:00,UNO,"ST,826500,RRRG,E,4,0,210",6,71a8b96
2026-10-07T17:44:10.212497+00:00,2026-10-07T17:57:59.165842+00:00,UNO,"ST,827000,RRRG,E,4,0,210",6,71a8b96
2026-10-07T17:44:10.212497+00:00,2026-10-07T17:57:59.665532+00:00,UNO,"ST,827500,RRRG,E,4,0,210",6,71a8b96
2026-10-07T17:44:10.212497+00:00,2026-10-07T17:58:00.165597+00:00,UNO,"ST,828000,RRRG,E,4,0,210",6,71a8b96
2026-10-07T17:44:10.212497+00:00,2026-10-07T17:58:00.666649+00:00,UNO,"ST,828500,RRRG,E,4,0,210",6,71a8b96
2026-10-07T17:44:10.212497+00:00,2026-10-07T17:58:00.989034+00:00,UNO,"EV,828823,TIMEOUT",6,71a8b96
2026-10-07T17:44:10.212497+00:00,2026-10-07T17:58:01.004634+00:00,UNO,"EV,828823,PREEMP_FIM,4,AMBULANCIA",1,71a8b96
2026-10-07T17:44:10.212497+00:00,2026-10-07T17:58:01.041045+00:00,UNO,"ST,828823,RRRY,C,0,0,210",1,71a8b96
2026-10-07T17:44:10.212497+00:00,2026-10-07T17:58:01.166713+00:00,UNO,"ST,829000,RRRY,C,0,0,210",6,71a8b96
2026-10-07T17:44:10.212497+00:00,2026-10-07T17:58:01.666127+00:00,UNO,"ST,829500,RRRY,C,0,0,210",6,71a8b96
2026-10-07T17:44:10.212497+00:00,2026-10-07T17:58:02.165828+00:00,UNO,"ST,830000,RRRY,C,0,0,210",6,71a8b96
2026-10-07T17:44:10.212497+00:00,2026-10-07T17:58:02.666905+00:00,UNO,"ST,830500,RRRY,C,0,0,210",6,71a8b96
2026-10-07T17:44:10.212497+00:00,2026-10-07T17:58:02.989967+00:00,UNO,"ST,830823,RRRR,C,0,0,210",6,71a8b96
2026-10-07T17:44:10.212497+00:00,2026-10-07T17:58:03.166953+00:00,UNO,"ST,831000,RRRR,C,0,0,210",6,71a8b96
2026-10-07T17:44:10.212497+00:00,2026-10-07T17:58:03.667002+00:00,UNO,"ST,831500,RRRR,C,0,0,210",6,71a8b96
2026-10-07T17:44:10.212497+00:00,2026-10-07T17:58:03.990400+00:00,UNO,"ST,831823,GGRR,C,0,0,210",6,71a8b96
2026-10-07T17:44:10.212497+00:00,2026-10-07T17:58:04.166405+00:00,UNO,"ST,832000,GGRR,C,0,0,210",6,71a8b96
2026-10-07T17:44:10.212497+00:00,2026-10-07T17:58:04.667479+00:00,UNO,"ST,832500,GGRR,C,0,0,210",6,71a8b96
2026-10-07T17:44:10.212497+00:00,2026-10-07T17:58:05.167185+00:00,UNO,"ST,833000,GGRR,C,0,0,210",6,71a8b96
2026-10-07T17:44:10.212497+00:00,2026-10-07T17:58:05.667237+00:00,UNO,"ST,833500,GGRR,C,0,0,210",6,71a8b96
2026-10-07T17:44:10.212497+00:00,2026-10-07T17:58:06.167653+00:00,UNO,"ST,834000,GGRR,C,0,0,210",6,71a8b96
2026-10-07T17:44:10.212497+00:00,2026-10-07T17:58:06.667691+00:00,UNO,"ST,834500,GGRR,C,0,0,210",6,71a8b96
2026-10-07T17:44:10.212497+00:00,2026-10-07T17:58:06.990389+00:00,UNO,"ST,834823,YYRR,C,0,0,210",6,71a8b96
2026-10-07T17:44:10.212497+00:00,2026-10-07T17:58:07.167409+00:00,UNO,"ST,835000,YYRR,C,0,0,210",6,71a8b96
2026-10-07T17:44:10.212497+00:00,2026-10-07T17:58:07.667466+00:00,UNO,"ST,835500,YYRR,C,0,0,210",6,71a8b96
2026-10-07T17:44:10.212497+00:00,2026-10-07T17:58:08.168527+00:00,UNO,"ST,836000,YYRR,C,0,0,210",6,71a8b96
2026-10-07T17:44:10.212497+00:00,2026-10-07T17:58:08.667945+00:00,UNO,"ST,836500,YYRR,C,0,0,210",6,71a8b96
2026-10-07T17:44:10.212497+00:00,2026-10-07T17:58:08.990628+00:00,UNO,"ST,836823,RRRR,C,0,0,210",6,71a8b96
2026-10-07T17:44:10.212497+00:00,2026-10-07T17:58:09.167997+00:00,UNO,"ST,837000,RRRR,C,0,0,210",6,71a8b96
2026-10-07T17:44:10.212497+00:00,2026-10-07T17:58:09.668708+00:00,UNO,"ST,837500,RRRR,C,0,0,210",6,71a8b96
2026-10-07T17:44:10.212497+00:00,2026-10-07T17:58:09.991751+00:00,UNO,"ST,837823,RRGG,C,0,0,210",6,71a8b96
2026-10-07T17:44:10.212497+00:00,2026-10-07T17:58:10.168773+00:00,UNO,"ST,838000,RRGG,C,0,0,210",6,71a8b96
2026-10-07T17:44:10.212497+00:00,2026-10-07T17:58:10.668800+00:00,UNO,"ST,838500,RRGG,C,0,0,210",6,71a8b96
2026-10-07T17:44:10.212497+00:00,2026-10-07T17:58:11.168874+00:00,UNO,"ST,839000,RRGG,C,0,0,210",6,71a8b96
2026-10-07T17:44:10.212497+00:00,2026-10-07T17:58:11.669392+00:00,UNO,"ST,839500,RRGG,C,0,0,210",6,71a8b96
2026-10-07T17:44:10.212497+00:00,2026-10-07T17:58:12.169382+00:00,UNO,"ST,840000,RRGG,C,0,0,210",6,71a8b96
2026-10-07T17:44:10.212497+00:00,2026-10-07T17:58:12.669074+00:00,UNO,"ST,840500,RRGG,C,0,0,210",6,71a8b96
2026-10-07T17:44:10.212497+00:00,2026-10-07T17:58:12.993121+00:00,UNO,"ST,840823,RRYY,C,0,0,210",6,71a8b96
2026-10-07T17:44:10.212497+00:00,2026-10-07T17:58:13.170139+00:00,UNO,"ST,841000,RRYY,C,0,0,210",6,71a8b96
2026-10-07T17:44:10.212497+00:00,2026-10-07T17:58:13.670180+00:00,UNO,"ST,841500,RRYY,C,0,0,210",6,71a8b96
2026-10-07T17:44:10.212497+00:00,2026-10-07T17:58:14.169566+00:00,UNO,"ST,842000,RRYY,C,0,0,210",6,71a8b96
2026-10-07T17:44:10.212497+00:00,2026-10-07T17:58:14.669277+00:00,UNO,"ST,842500,RRYY,C,0,0,210",6,71a8b96
2026-10-07T17:44:10.212497+00:00,2026-10-07T17:58:14.993344+00:00,UNO,"ST,842823,RRRR,C,0,0,210",6,71a8b96
2026-10-07T17:44:10.212497+00:00,2026-10-07T17:58:15.170356+00:00,UNO,"ST,843000,RRRR,C,0,0,210",6,71a8b96
2026-10-07T17:44:10.212497+00:00,2026-10-07T17:58:15.670405+00:00,UNO,"ST,843500,RRRR,C,0,0,210",6,71a8b96
2026-10-07T17:44:10.212497+00:00,2026-10-07T17:58:15.992783+00:00,UNO,"ST,843823,GGRR,C,0,0,210",6,71a8b96
2026-10-07T17:44:10.212497+00:00,2026-10-07T17:58:16.170478+00:00,UNO,"ST,844000,GGRR,C,0,0,210",6,71a8b96
2026-10-07T17:44:10.212497+00:00,2026-10-07T17:58:16.670899+00:00,UNO,"ST,844500,GGRR,C,0,0,210",6,71a8b96
2026-10-07T17:44:10.212497+00:00,2026-10-07T17:58:17.170937+00:00,UNO,"ST,845000,GGRR,C,0,0,210",6,71a8b96
2026-10-07T17:44:10.212497+00:00,2026-10-07T17:58:17.670625+00:00,UNO,"ST,845500,GGRR,C,0,0,210",6,71a8b96
2026-10-07T17:44:10.212497+00:00,2026-10-07T17:58:18.170708+00:00,UNO,"ST,846000,GGRR,C,0,0,210",6,71a8b96
2026-10-07T17:44:10.212497+00:00,2026-10-07T17:58:18.671106+00:00,UNO,"ST,846500,GGRR,C,0,0,210",6,71a8b96
2026-10-07T17:44:10.212497+00:00,2026-10-07T17:58:18.994132+00:00,UNO,"ST,846823,YYRR,C,0,0,210",6,71a8b96
2026-10-07T17:44:10.212497+00:00,2026-10-07T17:58:19.171153+00:00,UNO,"ST,847000,YYRR,C,0,0,210",6,71a8b96
2026-10-07T17:44:10.212497+00:00,2026-10-07T17:58:19.670873+00:00,UNO,"ST,847500,YYRR,C,0,0,210",6,71a8b96
2026-10-07T17:44:10.212497+00:00,2026-10-07T17:58:20.170923+00:00,UNO,"ST,848000,YYRR,C,0,0,210",6,71a8b96
2026-10-07T17:44:10.212497+00:00,2026-10-07T17:58:20.671989+00:00,UNO,"ST,848500,YYRR,C,0,0,210",6,71a8b96
2026-10-07T17:44:10.212497+00:00,2026-10-07T17:58:20.994383+00:00,UNO,"ST,848823,RRRR,C,0,0,210",6,71a8b96
2026-10-07T17:44:10.212497+00:00,2026-10-07T17:58:21.171397+00:00,UNO,"ST,849000,RRRR,C,0,0,210",6,71a8b96
2026-10-07T17:44:10.212497+00:00,2026-10-07T17:58:21.671503+00:00,UNO,"ST,849500,RRRR,C,0,0,210",6,71a8b96
2026-10-07T17:44:10.212497+00:00,2026-10-07T17:58:21.995141+00:00,UNO,"ST,849823,RRGG,C,0,0,210",6,71a8b96
2026-10-07T17:44:10.212497+00:00,2026-10-07T17:58:22.172160+00:00,UNO,"ST,850000,RRGG,C,0,0,210",6,71a8b96
2026-10-07T17:44:10.212497+00:00,2026-10-07T17:58:22.672250+00:00,UNO,"ST,850500,RRGG,C,0,0,210",6,71a8b96
2026-10-07T17:44:10.212497+00:00,2026-10-07T17:58:23.172289+00:00,UNO,"ST,851000,RRGG,C,0,0,210",6,71a8b96
2026-10-07T17:44:10.212497+00:00,2026-10-07T17:58:23.672388+00:00,UNO,"ST,851500,RRGG,C,0,0,210",6,71a8b96
2026-10-07T17:44:10.212497+00:00,2026-10-07T17:58:24.172748+00:00,UNO,"ST,852000,RRGG,C,0,0,210",6,71a8b96
2026-10-07T17:44:10.212497+00:00,2026-10-07T17:58:24.672462+00:00,UNO,"ST,852500,RRGG,C,0,0,210",6,71a8b96
2026-10-07T17:44:10.212497+00:00,2026-10-07T17:58:24.995503+00:00,UNO,"ST,852823,RRYY,C,0,0,210",6,71a8b96
2026-10-07T17:44:10.212497+00:00,2026-10-07T17:58:25.172527+00:00,UNO,"ST,853000,RRYY,C,0,0,210",6,71a8b96
2026-10-07T17:44:10.212497+00:00,2026-10-07T17:58:25.673573+00:00,UNO,"ST,853500,RRYY,C,0,0,210",6,71a8b96
2026-10-07T17:44:10.212497+00:00,2026-10-07T17:58:26.172965+00:00,UNO,"ST,854000,RRYY,C,0,0,210",6,71a8b96
2026-10-07T17:44:10.212497+00:00,2026-10-07T17:58:26.673030+00:00,UNO,"ST,854500,RRYY,C,0,0,210",6,71a8b96
2026-10-07T17:44:10.212497+00:00,2026-10-07T17:58:26.996727+00:00,UNO,"ST,854823,RRRR,C,0,0,210",6,71a8b96
2026-10-07T17:44:10.212497+00:00,2026-10-07T17:58:27.172734+00:00,UNO,"ST,855000,RRRR,C,0,0,210",6,71a8b96
2026-10-07T17:44:10.212497+00:00,2026-10-07T17:58:27.673800+00:00,UNO,"ST,855500,RRRR,C,0,0,210",6,71a8b96
2026-10-07T17:44:10.212497+00:00,2026-10-07T17:58:27.996844+00:00,UNO,"ST,855823,GGRR,C,0,0,210",6,71a8b96
2026-10-07T17:44:10.212497+00:00,2026-10-07T17:58:28.173881+00:00,UNO,"ST,856000,GGRR,C,0,0,210",6,71a8b96
2026-10-07T17:44:10.212497+00:00,2026-10-07T17:58:28.673280+00:00,UNO,"ST,856500,GGRR,C,0,0,210",6,71a8b96
2026-10-07T17:44:10.212497+00:00,2026-10-07T17:58:29.174338+00:00,UNO,"ST,857000,GGRR,C,0,0,210",6,71a8b96
2026-10-07T17:44:10.212497+00:00,2026-10-07T17:58:29.674372+00:00,UNO,"ST,857500,GGRR,C,0,0,210",6,71a8b96
2026-10-07T17:44:10.212497+00:00,2026-10-07T17:58:30.174078+00:00,UNO,"ST,858000,GGRR,C,0,0,210",6,71a8b96
2026-10-07T17:44:10.212497+00:00,2026-10-07T17:58:30.674138+00:00,UNO,"ST,858500,GGRR,C,0,0,210",6,71a8b96
2026-10-07T17:44:10.212497+00:00,2026-10-07T17:58:30.997541+00:00,UNO,"ST,858823,YYRR,C,0,0,210",6,71a8b96
2026-10-07T17:44:10.212497+00:00,2026-10-07T17:58:31.174572+00:00,UNO,"ST,859000,YYRR,C,0,0,210",6,71a8b96
2026-10-07T17:44:10.212497+00:00,2026-10-07T17:58:31.674635+00:00,UNO,"ST,859500,YYRR,C,0,0,210",6,71a8b96
2026-10-07T17:44:10.212497+00:00,2026-10-07T17:58:32.174328+00:00,UNO,"ST,860000,YYRR,C,0,0,210",6,71a8b96
2026-10-07T17:44:10.212497+00:00,2026-10-07T17:58:32.675420+00:00,UNO,"ST,860500,YYRR,C,0,0,210",6,71a8b96
2026-10-07T17:44:10.212497+00:00,2026-10-07T17:58:32.997771+00:00,UNO,"ST,860823,RRRR,C,0,0,210",6,71a8b96
2026-10-07T17:44:10.212497+00:00,2026-10-07T17:58:33.175448+00:00,UNO,"ST,861000,RRRR,C,0,0,210",6,71a8b96
2026-10-07T17:44:10.212497+00:00,2026-10-07T17:58:33.674850+00:00,UNO,"ST,861500,RRRR,C,0,0,210",6,71a8b96
2026-10-07T17:44:10.212497+00:00,2026-10-07T17:58:33.998542+00:00,UNO,"ST,861824,RRGG,C,0,0,210",6,71a8b96
2026-10-07T17:44:10.212497+00:00,2026-10-07T17:58:34.174900+00:00,UNO,"ST,862000,RRGG,C,0,0,210",6,71a8b96
2026-10-07T17:44:10.212497+00:00,2026-10-07T17:58:34.675625+00:00,UNO,"ST,862500,RRGG,C,0,0,210",6,71a8b96
2026-10-07T17:44:10.212497+00:00,2026-10-07T17:58:35.175671+00:00,UNO,"ST,863000,RRGG,C,0,0,210",6,71a8b96
2026-10-07T17:44:10.212497+00:00,2026-10-07T17:58:35.675730+00:00,UNO,"ST,863500,RRGG,C,0,0,210",6,71a8b96
2026-10-07T17:44:10.212497+00:00,2026-10-07T17:58:36.175130+00:00,UNO,"ST,864000,RRGG,C,0,0,210",6,71a8b96
2026-10-07T17:44:10.212497+00:00,2026-10-07T17:58:36.676209+00:00,UNO,"ST,864500,RRGG,C,0,0,210",6,71a8b96
2026-10-07T17:44:10.212497+00:00,2026-10-07T17:58:36.999912+00:00,UNO,"ST,864824,RRYY,C,0,0,210",6,71a8b96
2026-10-07T17:44:10.212497+00:00,2026-10-07T17:58:37.175926+00:00,UNO,"ST,865000,RRYY,C,0,0,210",6,71a8b96
2026-10-07T17:44:10.212497+00:00,2026-10-07T17:58:37.675975+00:00,UNO,"ST,865500,RRYY,C,0,0,210",6,71a8b96
2026-10-07T17:44:10.212497+00:00,2026-10-07T17:58:38.177096+00:00,UNO,"ST,866000,RRYY,C,0,0,210",6,71a8b96
2026-10-07T17:44:10.212497+00:00,2026-10-07T17:58:38.676427+00:00,UNO,"ST,866500,RRYY,C,0,0,210",6,71a8b96
2026-10-07T17:44:10.212497+00:00,2026-10-07T17:58:39.000118+00:00,UNO,"ST,866824,RRRR,C,0,0,210",6,71a8b96
2026-10-07T17:44:10.212497+00:00,2026-10-07T17:58:39.176494+00:00,UNO,"ST,867000,RRRR,C,0,0,210",6,71a8b96
2026-10-07T17:44:10.212497+00:00,2026-10-07T17:58:39.676217+00:00,UNO,"ST,867500,RRRR,C,0,0,210",6,71a8b96
2026-10-07T17:44:10.212497+00:00,2026-10-07T17:58:40.001236+00:00,UNO,"ST,867824,GGRR,C,0,0,210",6,71a8b96
2026-10-07T17:44:10.212497+00:00,2026-10-07T17:58:40.177306+00:00,UNO,"ST,868000,GGRR,C,0,0,210",6,71a8b96
2026-10-07T17:44:10.212497+00:00,2026-10-07T17:58:40.677307+00:00,UNO,"ST,868500,GGRR,C,0,0,210",6,71a8b96
2026-10-07T17:44:10.212497+00:00,2026-10-07T17:58:41.176713+00:00,UNO,"ST,869000,GGRR,C,0,0,210",6,71a8b96
2026-10-07T17:44:10.212497+00:00,2026-10-07T17:58:41.677800+00:00,UNO,"ST,869500,GGRR,C,0,0,210",6,71a8b96
2026-10-07T17:44:10.212497+00:00,2026-10-07T17:58:42.177498+00:00,UNO,"ST,870000,GGRR,C,0,0,210",6,71a8b96
2026-10-07T17:44:10.212497+00:00,2026-10-07T17:58:42.677570+00:00,UNO,"ST,870500,GGRR,C,0,0,210",6,71a8b96
2026-10-07T17:44:10.212497+00:00,2026-10-07T17:58:43.001957+00:00,UNO,"ST,870824,YYRR,C,0,0,210",6,71a8b96
2026-10-07T17:44:10.212497+00:00,2026-10-07T17:58:43.177615+00:00,UNO,"ST,871000,YYRR,C,0,0,210",6,71a8b96
2026-10-07T17:44:10.212497+00:00,2026-10-07T17:58:43.678038+00:00,UNO,"ST,871500,YYRR,C,0,0,210",6,71a8b96
2026-10-07T17:44:10.212497+00:00,2026-10-07T17:58:44.178086+00:00,UNO,"ST,872000,YYRR,C,0,0,210",6,71a8b96
2026-10-07T17:44:10.212497+00:00,2026-10-07T17:58:44.677802+00:00,UNO,"ST,872500,YYRR,C,0,0,210",6,71a8b96
2026-10-07T17:44:10.212497+00:00,2026-10-07T17:58:45.002818+00:00,UNO,"ST,872824,RRRR,C,0,0,210",6,71a8b96
2026-10-07T17:44:10.212497+00:00,2026-10-07T17:58:45.178871+00:00,UNO,"ST,873000,RRRR,C,0,0,210",6,71a8b96
2026-10-07T17:44:10.212497+00:00,2026-10-07T17:58:45.678919+00:00,UNO,"ST,873500,RRRR,C,0,0,210",6,71a8b96
2026-10-07T17:44:10.212497+00:00,2026-10-07T17:58:46.002306+00:00,UNO,"ST,873824,RRGG,C,0,0,210",6,71a8b96
2026-10-07T17:44:10.212497+00:00,2026-10-07T17:58:46.178328+00:00,UNO,"ST,874000,RRGG,C,0,0,210",6,71a8b96
2026-10-07T17:44:10.212497+00:00,2026-10-07T17:58:46.678372+00:00,UNO,"ST,874500,RRGG,C,0,0,210",6,71a8b96
2026-10-07T17:44:10.212497+00:00,2026-10-07T17:58:47.179069+00:00,UNO,"ST,875000,RRGG,C,0,0,210",6,71a8b96
2026-10-07T17:44:10.212497+00:00,2026-10-07T17:58:47.679137+00:00,UNO,"ST,875500,RRGG,C,0,0,210",6,71a8b96
2026-10-07T17:44:10.212497+00:00,2026-10-07T17:58:48.179182+00:00,UNO,"ST,876000,RRGG,C,0,0,210",6,71a8b96
2026-10-07T17:44:10.212497+00:00,2026-10-07T17:58:48.679602+00:00,UNO,"ST,876500,RRGG,C,0,0,210",6,71a8b96
2026-10-07T17:44:10.212497+00:00,2026-10-07T17:58:49.003320+00:00,UNO,"ST,876824,RRYY,C,0,0,210",6,71a8b96
2026-10-07T17:44:10.212497+00:00,2026-10-07T17:58:49.179327+00:00,UNO,"ST,877000,RRYY,C,0,0,210",6,71a8b96
2026-10-07T17:44:10.212497+00:00,2026-10-07T17:58:49.679354+00:00,UNO,"ST,877500,RRYY,C,0,0,210",6,71a8b96
2026-10-07T17:44:10.212497+00:00,2026-10-07T17:58:50.179416+00:00,UNO,"ST,878000,RRYY,C,0,0,210",6,71a8b96
2026-10-07T17:44:10.212497+00:00,2026-10-07T17:58:50.680475+00:00,UNO,"ST,878500,RRYY,C,0,0,210",6,71a8b96
2026-10-07T17:44:10.212497+00:00,2026-10-07T17:58:51.003880+00:00,UNO,"ST,878824,RRRR,C,0,0,210",6,71a8b96
2026-10-07T17:44:10.212497+00:00,2026-10-07T17:58:51.179907+00:00,UNO,"ST,879000,RRRR,C,0,0,210",6,71a8b96
2026-10-07T17:44:10.212497+00:00,2026-10-07T17:58:51.679947+00:00,UNO,"ST,879500,RRRR,C,0,0,210",6,71a8b96
2026-10-07T17:44:10.212497+00:00,2026-10-07T17:58:52.004630+00:00,UNO,"ST,879824,GGRR,C,0,0,210",6,71a8b96
2026-10-07T17:44:10.212497+00:00,2026-10-07T17:58:52.179665+00:00,UNO,"ST,880000,GGRR,C,0,0,210",6,71a8b96
2026-10-07T17:44:10.212497+00:00,2026-10-07T17:58:52.680731+00:00,UNO,"ST,880500,GGRR,C,0,0,210",6,71a8b96
2026-10-07T17:44:10.212497+00:00,2026-10-07T17:58:53.180775+00:00,UNO,"ST,881000,GGRR,C,0,0,210",6,71a8b96
2026-10-07T17:44:10.212497+00:00,2026-10-07T17:58:53.680171+00:00,UNO,"ST,881500,GGRR,C,0,0,210",6,71a8b96
2026-10-07T17:44:10.212497+00:00,2026-10-07T17:58:54.181256+00:00,UNO,"ST,882000,GGRR,C,0,0,210",6,71a8b96
2026-10-07T17:44:10.212497+00:00,2026-10-07T17:58:54.680954+00:00,UNO,"ST,882500,GGRR,C,0,0,210",6,71a8b96
2026-10-07T17:44:10.212497+00:00,2026-10-07T17:58:55.004976+00:00,UNO,"ST,882824,YYRR,C,0,0,210",6,71a8b96
2026-10-07T17:44:10.212497+00:00,2026-10-07T17:58:55.181072+00:00,UNO,"ST,883000,YYRR,C,0,0,210",6,71a8b96
2026-10-07T17:44:10.212497+00:00,2026-10-07T17:58:55.680414+00:00,UNO,"ST,883500,YYRR,C,0,0,210",6,71a8b96
2026-10-07T17:44:10.212497+00:00,2026-10-07T17:58:56.181481+00:00,UNO,"ST,884000,YYRR,C,0,0,210",6,71a8b96
2026-10-07T17:44:10.212497+00:00,2026-10-07T17:58:56.681178+00:00,UNO,"ST,884500,YYRR,C,0,0,210",6,71a8b96
2026-10-07T17:44:10.212497+00:00,2026-10-07T17:58:57.005221+00:00,UNO,"ST,884824,RRRR,C,0,0,210",6,71a8b96
2026-10-07T17:44:10.212497+00:00,2026-10-07T17:58:57.181255+00:00,UNO,"ST,885000,RRRR,C,0,0,210",6,71a8b96
2026-10-07T17:44:10.212497+00:00,2026-10-07T17:58:57.682292+00:00,UNO,"ST,885500,RRRR,C,0,0,210",6,71a8b96
2026-10-07T17:44:10.212497+00:00,2026-10-07T17:58:58.005695+00:00,UNO,"ST,885824,RRGG,C,0,0,210",6,71a8b96
2026-10-07T17:44:10.212497+00:00,2026-10-07T17:58:58.182359+00:00,UNO,"ST,886000,RRGG,C,0,0,210",6,71a8b96
2026-10-07T17:44:10.212497+00:00,2026-10-07T17:58:58.681775+00:00,UNO,"ST,886500,RRGG,C,0,0,210",6,71a8b96
2026-10-07T17:44:10.212497+00:00,2026-10-07T17:58:59.181483+00:00,UNO,"ST,887000,RRGG,C,0,0,210",6,71a8b96
2026-10-07T17:44:10.212497+00:00,2026-10-07T17:58:59.682540+00:00,UNO,"ST,887500,RRGG,C,0,0,210",6,71a8b96
2026-10-07T17:44:10.212497+00:00,2026-10-07T17:59:00.182582+00:00,UNO,"ST,888000,RRGG,C,0,0,210",6,71a8b96
2026-10-07T17:44:10.212497+00:00,2026-10-07T17:59:00.681992+00:00,UNO,"ST,888500,RRGG,C,0,0,210",6,71a8b96
2026-10-07T17:44:10.212497+00:00,2026-10-07T17:59:01.007032+00:00,UNO,"ST,888824,RRYY,C,0,0,210",6,71a8b96
2026-10-07T17:44:10.212497+00:00,2026-10-07T17:59:01.183082+00:00,UNO,"ST,889000,RRYY,C,0,0,210",6,71a8b96
2026-10-07T17:44:10.212497+00:00,2026-10-07T17:59:01.682783+00:00,UNO,"ST,889500,RRYY,C,0,0,210",6,71a8b96
2026-10-07T17:44:10.212497+00:00,2026-10-07T17:59:02.182821+00:00,UNO,"ST,890000,RRYY,C,0,0,210",6,71a8b96
2026-10-07T17:44:10.212497+00:00,2026-10-07T17:59:02.682911+00:00,UNO,"ST,890500,RRYY,C,0,0,210",6,71a8b96
2026-10-07T17:44:10.212497+00:00,2026-10-07T17:59:03.007293+00:00,UNO,"ST,890824,RRRR,C,0,0,210",6,71a8b96
2026-10-07T17:44:10.212497+00:00,2026-10-07T17:59:03.183935+00:00,UNO,"ST,891000,RRRR,C,0,0,210",6,71a8b96
2026-10-07T17:44:10.212497+00:00,2026-10-07T17:59:03.683372+00:00,UNO,"ST,891500,RRRR,C,0,0,210",6,71a8b96
2026-10-07T17:44:10.212497+00:00,2026-10-07T17:59:04.007091+00:00,UNO,"ST,891824,GGRR,C,0,0,210",6,71a8b96
2026-10-07T17:44:10.212497+00:00,2026-10-07T17:59:04.183414+00:00,UNO,"ST,892000,GGRR,C,0,0,210",6,71a8b96
2026-10-07T17:44:10.212497+00:00,2026-10-07T17:59:04.684120+00:00,UNO,"ST,892500,GGRR,C,0,0,210",6,71a8b96
2026-10-07T17:44:10.212497+00:00,2026-10-07T17:59:05.184200+00:00,UNO,"ST,893000,GGRR,C,0,0,210",6,71a8b96
2026-10-07T17:44:10.212497+00:00,2026-10-07T17:59:05.684242+00:00,UNO,"ST,893500,GGRR,C,0,0,210",6,71a8b96
2026-10-07T17:44:10.212497+00:00,2026-10-07T17:59:06.183647+00:00,UNO,"ST,894000,GGRR,C,0,0,210",6,71a8b96
2026-10-07T17:44:10.212497+00:00,2026-10-07T17:59:06.684714+00:00,UNO,"ST,894500,GGRR,C,0,0,210",6,71a8b96
2026-10-07T17:44:10.212497+00:00,2026-10-07T17:59:07.008393+00:00,UNO,"ST,894824,YYRR,C,0,0,210",6,71a8b96
2026-10-07T17:44:10.212497+00:00,2026-10-07T17:59:07.184418+00:00,UNO,"ST,895000,YYRR,C,0,0,210",6,71a8b96
2026-10-07T17:44:10.212497+00:00,2026-10-07T17:59:07.684458+00:00,UNO,"ST,895500,YYRR,C,0,0,210",6,71a8b96
2026-10-07T17:44:10.212497+00:00,2026-10-07T17:59:08.184545+00:00,UNO,"ST,896000,YYRR,C,0,0,210",6,71a8b96
2026-10-07T17:44:10.212497+00:00,2026-10-07T17:59:08.684927+00:00,UNO,"ST,896500,YYRR,C,0,0,210",6,71a8b96
2026-10-07T17:44:10.212497+00:00,2026-10-07T17:59:09.008638+00:00,UNO,"ST,896824,RRRR,C,0,0,210",6,71a8b96
2026-10-07T17:44:10.212497+00:00,2026-10-07T17:59:09.184647+00:00,UNO,"ST,897000,RRRR,C,0,0,210",6,71a8b96
2026-10-07T17:44:10.212497+00:00,2026-10-07T17:59:09.684702+00:00,UNO,"ST,897500,RRRR,C,0,0,210",6,71a8b96
2026-10-07T17:44:10.212497+00:00,2026-10-07T17:59:10.009740+00:00,UNO,"ST,897824,RRGG,C,0,0,210",6,71a8b96
2026-10-07T17:44:10.212497+00:00,2026-10-07T17:59:10.185763+00:00,UNO,"ST,898000,RRGG,C,0,0,210",6,71a8b96
2026-10-07T17:44:10.212497+00:00,2026-10-07T17:59:10.685163+00:00,UNO,"ST,898500,RRGG,C,0,0,210",6,71a8b96
2026-10-07T17:44:10.212497+00:00,2026-10-07T17:59:11.185237+00:00,UNO,"ST,899000,RRGG,C,0,0,210",6,71a8b96
2026-10-07T17:44:10.212497+00:00,2026-10-07T17:59:11.685106+00:00,UNO,"ST,899500,RRGG,C,0,0,210",6,71a8b96
2026-10-07T17:44:10.212497+00:00,2026-10-07T17:59:12.185994+00:00,UNO,"ST,900000,RRGG,C,0,0,210",6,71a8b96
2026-10-07T17:44:10.212497+00:00,2026-10-07T17:59:12.686069+00:00,UNO,"ST,900500,RRGG,C,0,0,210",6,71a8b96
2026-10-07T17:44:10.212497+00:00,2026-10-07T17:59:13.009436+00:00,UNO,"ST,900824,RRYY,C,0,0,210",6,71a8b96
2026-10-07T17:44:10.212497+00:00,2026-10-07T17:59:13.185608+00:00,UNO,"ST,901000,RRYY,C,0,0,210",6,71a8b96
2026-10-07T17:44:10.212497+00:00,2026-10-07T17:59:13.686520+00:00,UNO,"ST,901500,RRYY,C,0,0,210",6,71a8b96
2026-10-07T17:44:10.212497+00:00,2026-10-07T17:59:14.186588+00:00,UNO,"ST,902000,RRYY,C,0,0,210",6,71a8b96
2026-10-07T17:44:10.212497+00:00,2026-10-07T17:59:14.686302+00:00,UNO,"ST,902500,RRYY,C,0,0,210",6,71a8b96
2026-10-07T17:44:10.212497+00:00,2026-10-07T17:59:15.011325+00:00,UNO,"ST,902824,RRRR,C,0,0,210",6,71a8b96
2026-10-07T17:44:10.212497+00:00,2026-10-07T17:59:15.186351+00:00,UNO,"ST,903000,RRRR,C,0,0,210",6,71a8b96
2026-10-07T17:44:10.212497+00:00,2026-10-07T17:59:15.686739+00:00,UNO,"ST,903500,RRRR,C,0,0,210",6,71a8b96
2026-10-07T17:44:10.212497+00:00,2026-10-07T17:59:16.010779+00:00,UNO,"ST,903824,GGRR,C,0,0,210",6,71a8b96
2026-10-07T17:44:10.212497+00:00,2026-10-07T17:59:16.186803+00:00,UNO,"ST,904000,GGRR,C,0,0,210",6,71a8b96
2026-10-07T17:44:10.212497+00:00,2026-10-07T17:59:16.686512+00:00,UNO,"ST,904500,GGRR,C,0,0,210",6,71a8b96
2026-10-07T17:44:10.212497+00:00,2026-10-07T17:59:17.187576+00:00,UNO,"ST,905000,GGRR,C,0,0,210",6,71a8b96
2026-10-07T17:44:10.212497+00:00,2026-10-07T17:59:17.687626+00:00,UNO,"ST,905500,GGRR,C,0,0,210",6,71a8b96
2026-10-07T17:44:10.212497+00:00,2026-10-07T17:59:18.187062+00:00,UNO,"ST,906000,GGRR,C,0,0,210",6,71a8b96
2026-10-07T17:44:10.212497+00:00,2026-10-07T17:59:18.687103+00:00,UNO,"ST,906500,GGRR,C,0,0,210",6,71a8b96
2026-10-07T17:44:10.212497+00:00,2026-10-07T17:59:19.011802+00:00,UNO,"ST,906824,YYRR,C,0,0,210",6,71a8b96
2026-10-07T17:44:10.212497+00:00,2026-10-07T17:59:19.187825+00:00,UNO,"ST,907000,YYRR,C,0,0,210",6,71a8b96
2026-10-07T17:44:10.212497+00:00,2026-10-07T17:59:19.687867+00:00,UNO,"ST,907500,YYRR,C,0,0,210",6,71a8b96
2026-10-07T17:44:10.212497+00:00,2026-10-07T17:59:20.187933+00:00,UNO,"ST,908000,YYRR,C,0,0,210",6,71a8b96
2026-10-07T17:44:10.212497+00:00,2026-10-07T17:59:20.688324+00:00,UNO,"ST,908500,YYRR,C,0,0,210",6,71a8b96
2026-10-07T17:44:10.212497+00:00,2026-10-07T17:59:21.012078+00:00,UNO,"ST,908824,RRRR,C,0,0,210",6,71a8b96
2026-10-07T17:44:10.212497+00:00,2026-10-07T17:59:21.188408+00:00,UNO,"ST,909000,RRRR,C,0,0,210",6,71a8b96
2026-10-07T17:44:10.212497+00:00,2026-10-07T17:59:21.688118+00:00,UNO,"ST,909500,RRRR,C,0,0,210",6,71a8b96
2026-10-07T17:44:10.212497+00:00,2026-10-07T17:59:22.012178+00:00,UNO,"ST,909824,RRGG,C,0,0,210",6,71a8b96
2026-10-07T17:44:10.212497+00:00,2026-10-07T17:59:22.188172+00:00,UNO,"ST,910000,RRGG,C,0,0,210",6,71a8b96
2026-10-07T17:44:10.212497+00:00,2026-10-07T17:59:22.689239+00:00,UNO,"ST,910500,RRGG,C,0,0,210",6,71a8b96
2026-10-07T17:44:10.212497+00:00,2026-10-07T17:59:23.188616+00:00,UNO,"ST,911000,RRGG,C,0,0,210",6,71a8b96
2026-10-07T17:44:10.212497+00:00,2026-10-07T17:59:23.688353+00:00,UNO,"ST,911500,RRGG,C,0,0,210",6,71a8b96
2026-10-07T17:44:10.212497+00:00,2026-10-07T17:59:24.188390+00:00,UNO,"ST,912000,RRGG,C,0,0,210",6,71a8b96
2026-10-07T17:44:10.212497+00:00,2026-10-07T17:59:24.689449+00:00,UNO,"ST,912500,RRGG,C,0,0,210",6,71a8b96
2026-10-07T17:44:10.212497+00:00,2026-10-07T17:59:25.013500+00:00,UNO,"ST,912824,RRYY,C,0,0,210",6,71a8b96
2026-10-07T17:44:10.212497+00:00,2026-10-07T17:59:25.189531+00:00,UNO,"ST,913000,RRYY,C,0,0,210",6,71a8b96
2026-10-07T17:44:10.212497+00:00,2026-10-07T17:59:25.688907+00:00,UNO,"ST,913500,RRYY,C,0,0,210",6,71a8b96
2026-10-07T17:44:10.212497+00:00,2026-10-07T17:59:26.189968+00:00,UNO,"ST,914000,RRYY,C,0,0,210",6,71a8b96
2026-10-07T17:44:10.212497+00:00,2026-10-07T17:59:26.689685+00:00,UNO,"ST,914500,RRYY,C,0,0,210",6,71a8b96
2026-10-07T17:44:10.212497+00:00,2026-10-07T17:59:27.013737+00:00,UNO,"ST,914824,RRRR,C,0,0,210",6,71a8b96
2026-10-07T17:44:10.212497+00:00,2026-10-07T17:59:27.189759+00:00,UNO,"ST,915000,RRRR,C,0,0,210",6,71a8b96
2026-10-07T17:44:10.212497+00:00,2026-10-07T17:59:27.689801+00:00,UNO,"ST,915500,RRRR,C,0,0,210",6,71a8b96
2026-10-07T17:44:10.212497+00:00,2026-10-07T17:59:28.014194+00:00,UNO,"ST,915824,GGRR,C,0,0,210",6,71a8b96
2026-10-07T17:44:10.212497+00:00,2026-10-07T17:59:28.190218+00:00,UNO,"ST,916000,GGRR,C,0,0,210",6,71a8b96
2026-10-07T17:44:10.212497+00:00,2026-10-07T17:59:28.690265+00:00,UNO,"ST,916500,GGRR,C,0,0,210",6,71a8b96
2026-10-07T17:44:10.212497+00:00,2026-10-07T17:59:29.189997+00:00,UNO,"ST,917000,GGRR,C,0,0,210",6,71a8b96
2026-10-07T17:44:10.212497+00:00,2026-10-07T17:59:29.691028+00:00,UNO,"ST,917500,GGRR,C,0,0,210",6,71a8b96
2026-10-07T17:44:10.212497+00:00,2026-10-07T17:59:30.191095+00:00,UNO,"ST,918000,GGRR,C,0,0,210",6,71a8b96
2026-10-07T17:44:10.212497+00:00,2026-10-07T17:59:30.690494+00:00,UNO,"ST,918500,GGRR,C,0,0,210",6,71a8b96
2026-10-07T17:44:10.212497+00:00,2026-10-07T17:59:31.015553+00:00,UNO,"ST,918824,YYRR,C,0,0,210",6,71a8b96
2026-10-07T17:44:10.212497+00:00,2026-10-07T17:59:31.190222+00:00,UNO,"ST,919000,YYRR,C,0,0,210",6,71a8b96
2026-10-07T17:44:10.212497+00:00,2026-10-07T17:59:31.691286+00:00,UNO,"ST,919500,YYRR,C,0,0,210",6,71a8b96
2026-10-07T17:44:10.212497+00:00,2026-10-07T17:59:32.191319+00:00,UNO,"ST,920000,YYRR,C,0,0,210",6,71a8b96
2026-10-07T17:44:10.212497+00:00,2026-10-07T17:59:32.691424+00:00,UNO,"ST,920500,YYRR,C,0,0,210",6,71a8b96
2026-10-07T17:44:10.212497+00:00,2026-10-07T17:59:33.015784+00:00,UNO,"ST,920824,RRRR,C,0,0,210",6,71a8b96
2026-10-07T17:44:10.212497+00:00,2026-10-07T17:59:33.191808+00:00,UNO,"ST,921000,RRRR,C,0,0,210",6,71a8b96
2026-10-07T17:44:10.212497+00:00,2026-10-07T17:59:33.691843+00:00,UNO,"ST,921500,RRRR,C,0,0,210",6,71a8b96
2026-10-07T17:44:10.212497+00:00,2026-10-07T17:59:34.015546+00:00,UNO,"ST,921824,RRGG,C,0,0,210",6,71a8b96
2026-10-07T17:44:10.212497+00:00,2026-10-07T17:59:34.191570+00:00,UNO,"ST,922000,RRGG,C,0,0,210",6,71a8b96
2026-10-07T17:44:10.212497+00:00,2026-10-07T17:59:34.691640+00:00,UNO,"ST,922500,RRGG,C,0,0,210",6,71a8b96
2026-10-07T17:44:10.212497+00:00,2026-10-07T17:59:35.192702+00:00,UNO,"ST,923000,RRGG,C,0,0,210",6,71a8b96
2026-10-07T17:44:10.212497+00:00,2026-10-07T17:59:35.692088+00:00,UNO,"ST,923500,RRGG,C,0,0,210",6,71a8b96
2026-10-07T17:44:10.212497+00:00,2026-10-07T17:59:36.192173+00:00,UNO,"ST,924000,RRGG,C,0,0,210",6,71a8b96
2026-10-07T17:44:10.212497+00:00,2026-10-07T17:59:36.692874+00:00,UNO,"ST,924500,RRGG,C,0,0,210",6,71a8b96
2026-10-07T17:44:10.212497+00:00,2026-10-07T17:59:37.016902+00:00,UNO,"ST,924824,RRYY,C,0,0,210",6,71a8b96
2026-10-07T17:44:10.212497+00:00,2026-10-07T17:59:37.192940+00:00,UNO,"ST,925000,RRYY,C,0,0,210",6,71a8b96
2026-10-07T17:44:10.212497+00:00,2026-10-07T17:59:37.692967+00:00,UNO,"ST,925500,RRYY,C,0,0,210",6,71a8b96
2026-10-07T17:44:10.212497+00:00,2026-10-07T17:59:38.192368+00:00,UNO,"ST,926000,RRYY,C,0,0,210",6,71a8b96
2026-10-07T17:44:10.212497+00:00,2026-10-07T17:59:38.693435+00:00,UNO,"ST,926500,RRYY,C,0,0,210",6,71a8b96
2026-10-07T17:44:10.212497+00:00,2026-10-07T17:59:39.017140+00:00,UNO,"ST,926824,RRRR,C,0,0,210",6,71a8b96
2026-10-07T17:44:10.212497+00:00,2026-10-07T17:59:39.193144+00:00,UNO,"ST,927000,RRRR,C,0,0,210",6,71a8b96
2026-10-07T17:44:10.212497+00:00,2026-10-07T17:59:39.693217+00:00,UNO,"ST,927500,RRRR,C,0,0,210",6,71a8b96
2026-10-07T17:44:10.212497+00:00,2026-10-07T17:59:40.018252+00:00,UNO,"ST,927824,GGRR,C,0,0,210",6,71a8b96
2026-10-07T17:44:10.212497+00:00,2026-10-07T17:59:40.193326+00:00,UNO,"ST,928000,GGRR,C,0,0,210",6,71a8b96
2026-10-07T17:44:10.212497+00:00,2026-10-07T17:59:40.693658+00:00,UNO,"ST,928500,GGRR,C,0,0,210",6,71a8b96
2026-10-07T17:44:10.212497+00:00,2026-10-07T17:59:41.193741+00:00,UNO,"ST,929000,GGRR,C,0,0,210",6,71a8b96
2026-10-07T17:44:10.212497+00:00,2026-10-07T17:59:41.693454+00:00,UNO,"ST,929500,GGRR,C,0,0,210",6,71a8b96
2026-10-07T17:44:10.212497+00:00,2026-10-07T17:59:42.194504+00:00,UNO,"ST,930000,GGRR,C,0,0,210",6,71a8b96
2026-10-07T17:44:10.212497+00:00,2026-10-07T17:59:42.694575+00:00,UNO,"ST,930500,GGRR,C,0,0,210",6,71a8b96
2026-10-07T17:44:10.212497+00:00,2026-10-07T17:59:43.017959+00:00,UNO,"ST,930824,YYRR,C,0,0,210",6,71a8b96
2026-10-07T17:44:10.212497+00:00,2026-10-07T17:59:43.193968+00:00,UNO,"ST,931000,YYRR,C,0,0,210",6,71a8b96
2026-10-07T17:44:10.212497+00:00,2026-10-07T17:59:43.694019+00:00,UNO,"ST,931500,YYRR,C,0,0,210",6,71a8b96
2026-10-07T17:44:10.212497+00:00,2026-10-07T17:59:44.194758+00:00,UNO,"ST,932000,YYRR,C,0,0,210",6,71a8b96
2026-10-07T17:44:10.212497+00:00,2026-10-07T17:59:44.694858+00:00,UNO,"ST,932500,YYRR,C,0,0,210",6,71a8b96
2026-10-07T17:44:10.212497+00:00,2026-10-07T17:59:45.018229+00:00,UNO,"ST,932824,RRRR,C,0,0,210",6,71a8b96
2026-10-07T17:44:10.212497+00:00,2026-10-07T17:59:45.194868+00:00,UNO,"ST,933000,RRRR,C,0,0,210",6,71a8b96
2026-10-07T17:44:10.212497+00:00,2026-10-07T17:59:45.695290+00:00,UNO,"ST,933500,RRRR,C,0,0,210",6,71a8b96
2026-10-07T17:44:10.212497+00:00,2026-10-07T17:59:46.019294+00:00,UNO,"ST,933824,RRGG,C,0,0,210",6,71a8b96
2026-10-07T17:44:10.212497+00:00,2026-10-07T17:59:46.194965+00:00,UNO,"ST,934000,RRGG,C,0,0,210",6,71a8b96
2026-10-07T17:44:10.212497+00:00,2026-10-07T17:59:46.695036+00:00,UNO,"ST,934500,RRGG,C,0,0,210",6,71a8b96
2026-10-07T17:44:10.212497+00:00,2026-10-07T17:59:47.195083+00:00,UNO,"ST,935000,RRGG,C,0,0,210",6,71a8b96
2026-10-07T17:44:10.212497+00:00,2026-10-07T17:59:47.695498+00:00,UNO,"ST,935500,RRGG,C,0,0,210",6,71a8b96
2026-10-07T17:44:10.212497+00:00,2026-10-07T17:59:48.195602+00:00,UNO,"ST,936000,RRGG,C,0,0,210",6,71a8b96
2026-10-07T17:44:10.212497+00:00,2026-10-07T17:59:48.695617+00:00,UNO,"ST,936500,RRGG,C,0,0,210",6,71a8b96
2026-10-07T17:44:10.212497+00:00,2026-10-07T17:59:49.020286+00:00,UNO,"ST,936824,RRYY,C,0,0,210",6,71a8b96
2026-10-07T17:44:10.212497+00:00,2026-10-07T17:59:49.196993+00:00,UNO,"ST,937000,RRYY,C,0,0,210",6,71a8b96
2026-10-07T17:44:10.212497+00:00,2026-10-07T17:59:49.696389+00:00,UNO,"ST,937500,RRYY,C,0,0,210",6,71a8b96
2026-10-07T17:44:10.212497+00:00,2026-10-07T17:59:50.196424+00:00,UNO,"ST,938000,RRYY,C,0,0,210",6,71a8b96
2026-10-07T17:44:10.212497+00:00,2026-10-07T17:59:50.695832+00:00,UNO,"ST,938500,RRYY,C,0,0,210",6,71a8b96
2026-10-07T17:44:10.212497+00:00,2026-10-07T17:59:51.020518+00:00,UNO,"ST,938824,RRRR,C,0,0,210",6,71a8b96
2026-10-07T17:44:10.212497+00:00,2026-10-07T17:59:51.196554+00:00,UNO,"ST,939000,RRRR,C,0,0,210",6,71a8b96
2026-10-07T17:44:10.212497+00:00,2026-10-07T17:59:51.696690+00:00,UNO,"ST,939500,RRRR,C,0,0,210",6,71a8b96
2026-10-07T17:44:10.212497+00:00,2026-10-07T17:59:52.020690+00:00,UNO,"ST,939824,GGRR,C,0,0,210",6,71a8b96
2026-10-07T17:44:10.212497+00:00,2026-10-07T17:59:52.196679+00:00,UNO,"ST,940000,GGRR,C,0,0,210",6,71a8b96
2026-10-07T17:44:10.212497+00:00,2026-10-07T17:59:52.697749+00:00,UNO,"ST,940500,GGRR,C,0,0,210",6,71a8b96
2026-10-07T17:44:10.212497+00:00,2026-10-07T17:59:53.197120+00:00,UNO,"ST,941000,GGRR,C,0,0,210",6,71a8b96
2026-10-07T17:44:10.212497+00:00,2026-10-07T17:59:53.697190+00:00,UNO,"ST,941500,GGRR,C,0,0,210",6,71a8b96
2026-10-07T17:44:10.212497+00:00,2026-10-07T17:59:54.196907+00:00,UNO,"ST,942000,GGRR,C,0,0,210",6,71a8b96
2026-10-07T17:44:10.212497+00:00,2026-10-07T17:59:54.697947+00:00,UNO,"ST,942500,GGRR,C,0,0,210",6,71a8b96
2026-10-07T17:44:10.212497+00:00,2026-10-07T17:59:55.021351+00:00,UNO,"ST,942824,YYRR,C,0,0,210",6,71a8b96
2026-10-07T17:44:10.212497+00:00,2026-10-07T17:59:55.197359+00:00,UNO,"ST,943000,YYRR,C,0,0,210",6,71a8b96
2026-10-07T17:44:10.212497+00:00,2026-10-07T17:59:55.697429+00:00,UNO,"ST,943500,YYRR,C,0,0,210",6,71a8b96
2026-10-07T17:44:10.212497+00:00,2026-10-07T17:59:56.197150+00:00,UNO,"ST,944000,YYRR,C,0,0,210",6,71a8b96
2026-10-07T17:44:10.212497+00:00,2026-10-07T17:59:56.698178+00:00,UNO,"ST,944500,YYRR,C,0,0,210",6,71a8b96
2026-10-07T17:44:10.212497+00:00,2026-10-07T17:59:57.022240+00:00,UNO,"ST,944824,RRRR,C,0,0,210",6,71a8b96
2026-10-07T17:44:10.212497+00:00,2026-10-07T17:59:57.198251+00:00,UNO,"ST,945000,RRRR,C,0,0,210",6,71a8b96
2026-10-07T17:44:10.212497+00:00,2026-10-07T17:59:57.697651+00:00,UNO,"ST,945500,RRRR,C,0,0,210",6,71a8b96
2026-10-07T17:44:10.212497+00:00,2026-10-07T17:59:58.022706+00:00,UNO,"ST,945824,RRGG,C,0,0,210",6,71a8b96
2026-10-07T17:44:10.212497+00:00,2026-10-07T17:59:58.198736+00:00,UNO,"ST,946000,RRGG,C,0,0,210",6,71a8b96
2026-10-07T17:44:10.212497+00:00,2026-10-07T17:59:58.698424+00:00,UNO,"ST,946500,RRGG,C,0,0,210",6,71a8b96
2026-10-07T17:44:10.212497+00:00,2026-10-07T17:59:59.198465+00:00,UNO,"ST,947000,RRGG,C,0,0,210",6,71a8b96
2026-10-07T17:44:10.212497+00:00,2026-10-07T17:59:59.698555+00:00,UNO,"ST,947500,RRGG,C,0,0,210",6,71a8b96
2026-10-07T17:44:10.212497+00:00,2026-10-07T18:00:00.198959+00:00,UNO,"ST,948000,RRGG,C,0,0,210",6,71a8b96
2026-10-07T17:44:10.212497+00:00,2026-10-07T18:00:00.699006+00:00,UNO,"ST,948500,RRGG,C,0,0,210",6,71a8b96
2026-10-07T17:44:10.212497+00:00,2026-10-07T18:00:01.022764+00:00,UNO,"ST,948824,RRYY,C,0,0,210",6,71a8b96
2026-10-07T17:44:10.212497+00:00,2026-10-07T18:00:01.198701+00:00,UNO,"ST,949000,RRYY,C,0,0,210",6,71a8b96
2026-10-07T17:44:10.212497+00:00,2026-10-07T18:00:01.699794+00:00,UNO,"ST,949500,RRYY,C,0,0,210",6,71a8b96
2026-10-07T17:44:10.212497+00:00,2026-10-07T18:00:02.199817+00:00,UNO,"ST,950000,RRYY,C,0,0,210",6,71a8b96
2026-10-07T17:44:10.212497+00:00,2026-10-07T18:00:02.699910+00:00,UNO,"ST,950500,RRYY,C,0,0,210",6,71a8b96
2026-10-07T17:44:10.212497+00:00,2026-10-07T18:00:03.024287+00:00,UNO,"ST,950824,RRRR,C,0,0,210",6,71a8b96
2026-10-07T17:44:10.212497+00:00,2026-10-07T18:00:03.199307+00:00,UNO,"ST,951000,RRRR,C,0,0,210",6,71a8b96
2026-10-07T17:44:10.212497+00:00,2026-10-07T18:00:03.700366+00:00,UNO,"ST,951500,RRRR,C,0,0,210",6,71a8b96
2026-10-07T17:44:10.212497+00:00,2026-10-07T18:00:04.024052+00:00,UNO,"ST,951824,GGRR,C,0,0,210",6,71a8b96
2026-10-07T17:44:10.212497+00:00,2026-10-07T18:00:04.200070+00:00,UNO,"ST,952000,GGRR,C,0,0,210",6,71a8b96
2026-10-07T17:44:10.212497+00:00,2026-10-07T18:00:04.700118+00:00,UNO,"ST,952500,GGRR,C,0,0,210",6,71a8b96
2026-10-07T17:44:10.212497+00:00,2026-10-07T18:00:05.201190+00:00,UNO,"ST,953000,GGRR,C,0,0,210",6,71a8b96
2026-10-07T17:44:10.212497+00:00,2026-10-07T18:00:05.700582+00:00,UNO,"ST,953500,GGRR,C,0,0,210",6,71a8b96
2026-10-07T17:44:10.212497+00:00,2026-10-07T18:00:06.200316+00:00,UNO,"ST,954000,GGRR,C,0,0,210",6,71a8b96
2026-10-07T17:44:10.212497+00:00,2026-10-07T18:00:06.700385+00:00,UNO,"ST,954500,GGRR,C,0,0,210",6,71a8b96
2026-10-07T17:44:10.212497+00:00,2026-10-07T18:00:07.024785+00:00,UNO,"ST,954824,YYRR,C,0,0,210",6,71a8b96
2026-10-07T17:44:10.212497+00:00,2026-10-07T18:00:07.201432+00:00,UNO,"ST,955000,YYRR,C,0,0,210",6,71a8b96
2026-10-07T17:44:10.212497+00:00,2026-10-07T18:00:07.700963+00:00,UNO,"ST,955500,YYRR,C,0,0,210",6,71a8b96
2026-10-07T17:44:10.212497+00:00,2026-10-07T18:00:08.200808+00:00,UNO,"ST,956000,YYRR,C,0,0,210",6,71a8b96
2026-10-07T17:44:10.212497+00:00,2026-10-07T18:00:08.701623+00:00,UNO,"ST,956500,YYRR,C,0,0,210",6,71a8b96
2026-10-07T17:44:10.212497+00:00,2026-10-07T18:00:09.025642+00:00,UNO,"ST,956824,RRRR,C,0,0,210",6,71a8b96
2026-10-07T17:44:10.212497+00:00,2026-10-07T18:00:09.201665+00:00,UNO,"ST,957000,RRRR,C,0,0,210",6,71a8b96
2026-10-07T17:44:10.212497+00:00,2026-10-07T18:00:09.701727+00:00,UNO,"ST,957500,RRRR,C,0,0,210",6,71a8b96
2026-10-07T17:44:10.212497+00:00,2026-10-07T18:00:10.025103+00:00,UNO,"ST,957824,RRGG,C,0,0,210",6,71a8b96
2026-10-07T17:44:10.212497+00:00,2026-10-07T18:00:10.201132+00:00,UNO,"ST,958000,RRGG,C,0,0,210",6,71a8b96
2026-10-07T17:44:10.212497+00:00,2026-10-07T18:00:10.702193+00:00,UNO,"ST,958500,RRGG,C,0,0,210",6,71a8b96
2026-10-07T17:44:10.212497+00:00,2026-10-07T18:00:11.201897+00:00,UNO,"ST,959000,RRGG,C,0,0,210",6,71a8b96
2026-10-07T17:44:10.212497+00:00,2026-10-07T18:00:11.701938+00:00,UNO,"ST,959500,RRGG,C,0,0,210",6,71a8b96
2026-10-07T17:44:10.212497+00:00,2026-10-07T18:00:12.202008+00:00,UNO,"ST,960000,RRGG,C,0,0,210",6,71a8b96
2026-10-07T17:44:10.212497+00:00,2026-10-07T18:00:12.703119+00:00,UNO,"ST,960500,RRGG,C,0,0,210",6,71a8b96
2026-10-07T17:44:10.212497+00:00,2026-10-07T18:00:13.026119+00:00,UNO,"ST,960824,RRYY,C,0,0,210",6,71a8b96
2026-10-07T17:44:10.212497+00:00,2026-10-07T18:00:13.202116+00:00,UNO,"ST,961000,RRYY,C,0,0,210",6,71a8b96
2026-10-07T17:44:10.212497+00:00,2026-10-07T18:00:13.702169+00:00,UNO,"ST,961500,RRYY,C,0,0,210",6,71a8b96
2026-10-07T17:44:10.212497+00:00,2026-10-07T18:00:14.203326+00:00,UNO,"ST,962000,RRYY,C,0,0,210",6,71a8b96
2026-10-07T17:44:10.212497+00:00,2026-10-07T18:00:14.703294+00:00,UNO,"ST,962500,RRYY,C,0,0,210",6,71a8b96
2026-10-07T17:44:10.212497+00:00,2026-10-07T18:00:15.026684+00:00,UNO,"ST,962824,RRRR,C,0,0,210",6,71a8b96
2026-10-07T17:44:10.212497+00:00,2026-10-07T18:00:15.202692+00:00,UNO,"ST,963000,RRRR,C,0,0,210",6,71a8b96
2026-10-07T17:44:10.212497+00:00,2026-10-07T18:00:15.702771+00:00,UNO,"ST,963500,RRRR,C,0,0,210",6,71a8b96
2026-10-07T17:44:10.212497+00:00,2026-10-07T18:00:16.027457+00:00,UNO,"ST,963824,GGRR,C,0,0,210",6,71a8b96
2026-10-07T17:44:10.212497+00:00,2026-10-07T18:00:16.203458+00:00,UNO,"ST,964000,GGRR,C,0,0,210",6,71a8b96
2026-10-07T17:44:10.212497+00:00,2026-10-07T18:00:16.703599+00:00,UNO,"ST,964500,GGRR,C,0,0,210",6,71a8b96
2026-10-07T17:44:10.212497+00:00,2026-10-07T18:00:17.203563+00:00,UNO,"ST,965000,GGRR,C,0,0,210",6,71a8b96
2026-10-07T17:44:10.212497+00:00,2026-10-07T18:00:17.704021+00:00,UNO,"ST,965500,GGRR,C,0,0,210",6,71a8b96
2026-10-07T17:44:10.212497+00:00,2026-10-07T18:00:18.204032+00:00,UNO,"ST,966000,GGRR,C,0,0,210",6,71a8b96
2026-10-07T17:44:10.212497+00:00,2026-10-07T18:00:18.703782+00:00,UNO,"ST,966500,GGRR,C,0,0,210",6,71a8b96
2026-10-07T17:44:10.212497+00:00,2026-10-07T18:00:19.028812+00:00,UNO,"ST,966824,YYRR,C,0,0,210",6,71a8b96
2026-10-07T17:44:10.212497+00:00,2026-10-07T18:00:19.203835+00:00,UNO,"ST,967000,YYRR,C,0,0,210",6,71a8b96
2026-10-07T17:44:10.212497+00:00,2026-10-07T18:00:19.704884+00:00,UNO,"ST,967500,YYRR,C,0,0,210",6,71a8b96
2026-10-07T17:44:10.212497+00:00,2026-10-07T18:00:20.204372+00:00,UNO,"ST,968000,YYRR,C,0,0,210",6,71a8b96
2026-10-07T17:44:10.212497+00:00,2026-10-07T18:00:20.703975+00:00,UNO,"ST,968500,YYRR,C,0,0,210",6,71a8b96
2026-10-07T17:44:10.212497+00:00,2026-10-07T18:00:21.029027+00:00,UNO,"ST,968824,RRRR,C,0,0,210",6,71a8b96
2026-10-07T17:44:10.212497+00:00,2026-10-07T18:00:21.205055+00:00,UNO,"ST,969000,RRRR,C,0,0,210",6,71a8b96
2026-10-07T17:44:10.212497+00:00,2026-10-07T18:00:21.705119+00:00,UNO,"ST,969500,RRRR,C,0,0,210",6,71a8b96
2026-10-07T17:44:10.212497+00:00,2026-10-07T18:00:22.028580+00:00,UNO,"ST,969824,RRGG,C,0,0,210",6,71a8b96
2026-10-07T17:44:10.212497+00:00,2026-10-07T18:00:22.205195+00:00,UNO,"ST,970000,RRGG,C,0,0,210",6,71a8b96
2026-10-07T17:44:10.212497+00:00,2026-10-07T18:00:22.704635+00:00,UNO,"ST,970500,RRGG,C,0,0,210",6,71a8b96
2026-10-07T17:44:10.212497+00:00,2026-10-07T18:00:23.205648+00:00,UNO,"ST,971000,RRGG,C,0,0,210",6,71a8b96
2026-10-07T17:44:10.212497+00:00,2026-10-07T18:00:23.705414+00:00,UNO,"ST,971500,RRGG,C,0,0,210",6,71a8b96
2026-10-07T17:44:10.212497+00:00,2026-10-07T18:00:24.205418+00:00,UNO,"ST,972000,RRGG,C,0,0,210",6,71a8b96
2026-10-07T17:44:10.212497+00:00,2026-10-07T18:00:24.706575+00:00,UNO,"ST,972500,RRGG,C,0,0,210",6,71a8b96
2026-10-07T17:44:10.212497+00:00,2026-10-07T18:00:25.029978+00:00,UNO,"ST,972824,RRYY,C,0,0,210",6,71a8b96
2026-10-07T17:44:10.212497+00:00,2026-10-07T18:00:25.205884+00:00,UNO,"ST,973000,RRYY,C,0,0,210",6,71a8b96
2026-10-07T17:44:10.212497+00:00,2026-10-07T18:00:25.705946+00:00,UNO,"ST,973500,RRYY,C,0,0,210",6,71a8b96
2026-10-07T17:44:10.212497+00:00,2026-10-07T18:00:26.205646+00:00,UNO,"ST,974000,RRYY,C,0,0,210",6,71a8b96
2026-10-07T17:44:10.212497+00:00,2026-10-07T18:00:26.706710+00:00,UNO,"ST,974500,RRYY,C,0,0,210",6,71a8b96
2026-10-07T17:44:10.212497+00:00,2026-10-07T18:00:27.030736+00:00,UNO,"ST,974824,RRRR,C,0,0,210",6,71a8b96
2026-10-07T17:44:10.212497+00:00,2026-10-07T18:00:27.206766+00:00,UNO,"ST,975000,RRRR,C,0,0,210",6,71a8b96
2026-10-07T17:44:10.212497+00:00,2026-10-07T18:00:27.706155+00:00,UNO,"ST,975500,RRRR,C,0,0,210",6,71a8b96
2026-10-07T17:44:10.212497+00:00,2026-10-07T18:00:28.031192+00:00,UNO,"ST,975824,GGRR,C,0,0,210",6,71a8b96
2026-10-07T17:44:10.212497+00:00,2026-10-07T18:00:28.205864+00:00,UNO,"ST,976000,GGRR,C,0,0,210",6,71a8b96
2026-10-07T17:44:10.212497+00:00,2026-10-07T18:00:28.706928+00:00,UNO,"ST,976500,GGRR,C,0,0,210",6,71a8b96
2026-10-07T17:44:10.212497+00:00,2026-10-07T18:00:29.206983+00:00,UNO,"ST,977000,GGRR,C,0,0,210",6,71a8b96
2026-10-07T17:44:10.212497+00:00,2026-10-07T18:00:29.707057+00:00,UNO,"ST,977500,GGRR,C,0,0,210",6,71a8b96
2026-10-07T17:44:10.212497+00:00,2026-10-07T18:00:30.207455+00:00,UNO,"ST,978000,GGRR,C,0,0,210",6,71a8b96
2026-10-07T17:44:10.212497+00:00,2026-10-07T18:00:30.707519+00:00,UNO,"ST,978500,GGRR,C,0,0,210",6,71a8b96
2026-10-07T17:44:10.212497+00:00,2026-10-07T18:00:31.031219+00:00,UNO,"ST,978824,YYRR,C,0,0,210",6,71a8b96
2026-10-07T17:44:10.212497+00:00,2026-10-07T18:00:31.207222+00:00,UNO,"ST,979000,YYRR,C,0,0,210",6,71a8b96
2026-10-07T17:44:10.212497+00:00,2026-10-07T18:00:31.707308+00:00,UNO,"ST,979500,YYRR,C,0,0,210",6,71a8b96
2026-10-07T17:44:10.212497+00:00,2026-10-07T18:00:32.207692+00:00,UNO,"ST,980000,YYRR,C,0,0,210",6,71a8b96
2026-10-07T17:44:10.212497+00:00,2026-10-07T18:00:32.707757+00:00,UNO,"ST,980500,YYRR,C,0,0,210",6,71a8b96
2026-10-07T17:44:10.212497+00:00,2026-10-07T18:00:33.031442+00:00,UNO,"ST,980824,RRRR,C,0,0,210",6,71a8b96
2026-10-07T17:44:10.212497+00:00,2026-10-07T18:00:33.207469+00:00,UNO,"ST,981000,RRRR,C,0,0,210",6,71a8b96
2026-10-07T17:44:10.212497+00:00,2026-10-07T18:00:33.708512+00:00,UNO,"ST,981500,RRRR,C,0,0,210",6,71a8b96
2026-10-07T17:44:10.212497+00:00,2026-10-07T18:00:34.032550+00:00,UNO,"ST,981824,RRGG,C,0,0,210",6,71a8b96
2026-10-07T17:44:10.212497+00:00,2026-10-07T18:00:34.208562+00:00,UNO,"ST,982000,RRGG,C,0,0,210",6,71a8b96
2026-10-07T17:44:10.212497+00:00,2026-10-07T18:00:34.708632+00:00,UNO,"ST,982500,RRGG,C,0,0,210",6,71a8b96
2026-10-07T17:44:10.212497+00:00,2026-10-07T18:00:35.208043+00:00,UNO,"ST,983000,RRGG,C,0,0,210",6,71a8b96
2026-10-07T17:44:10.212497+00:00,2026-10-07T18:00:35.708753+00:00,UNO,"ST,983500,RRGG,C,0,0,210",6,71a8b96
2026-10-07T17:44:10.212497+00:00,2026-10-07T18:00:36.208803+00:00,UNO,"ST,984000,RRGG,C,0,0,210",6,71a8b96
2026-10-07T17:44:10.212497+00:00,2026-10-07T18:00:36.708864+00:00,UNO,"ST,984500,RRGG,C,0,0,210",6,71a8b96
2026-10-07T17:44:10.212497+00:00,2026-10-07T18:00:37.033250+00:00,UNO,"ST,984824,RRYY,C,0,0,210",6,71a8b96
2026-10-07T17:44:10.212497+00:00,2026-10-07T18:00:37.209274+00:00,UNO,"ST,985000,RRYY,C,0,0,210",6,71a8b96
2026-10-07T17:44:10.212497+00:00,2026-10-07T18:00:37.709334+00:00,UNO,"ST,985500,RRYY,C,0,0,210",6,71a8b96
2026-10-07T17:44:10.212497+00:00,2026-10-07T18:00:38.209385+00:00,UNO,"ST,986000,RRYY,C,0,0,210",6,71a8b96
2026-10-07T17:44:10.212497+00:00,2026-10-07T18:00:38.709077+00:00,UNO,"ST,986500,RRYY,C,0,0,210",6,71a8b96
2026-10-07T17:44:10.212497+00:00,2026-10-07T18:00:39.034119+00:00,UNO,"ST,986824,RRRR,C,0,0,210",6,71a8b96
2026-10-07T17:44:10.212497+00:00,2026-10-07T18:00:39.210161+00:00,UNO,"ST,987000,RRRR,C,0,0,210",6,71a8b96
2026-10-07T17:44:10.212497+00:00,2026-10-07T18:00:39.709562+00:00,UNO,"ST,987500,RRRR,C,0,0,210",6,71a8b96
2026-10-07T17:44:10.212497+00:00,2026-10-07T18:00:40.033600+00:00,UNO,"ST,987824,GGRR,C,0,0,210",6,71a8b96
2026-10-07T17:44:10.212497+00:00,2026-10-07T18:00:40.209624+00:00,UNO,"ST,988000,GGRR,C,0,0,210",6,71a8b96
2026-10-07T17:44:10.212497+00:00,2026-10-07T18:00:40.710310+00:00,UNO,"ST,988500,GGRR,C,0,0,210",6,71a8b96
2026-10-07T17:44:10.212497+00:00,2026-10-07T18:00:41.210374+00:00,UNO,"ST,989000,GGRR,C,0,0,210",6,71a8b96
2026-10-07T17:44:10.212497+00:00,2026-10-07T18:00:41.710447+00:00,UNO,"ST,989500,GGRR,C,0,0,210",6,71a8b96
2026-10-07T17:44:10.212497+00:00,2026-10-07T18:00:42.209836+00:00,UNO,"ST,990000,GGRR,C,0,0,210",6,71a8b96
2026-10-07T17:44:10.212497+00:00,2026-10-07T18:00:42.710926+00:00,UNO,"ST,990500,GGRR,C,0,0,210",6,71a8b96
2026-10-07T17:44:10.212497+00:00,2026-10-07T18:00:43.034593+00:00,UNO,"ST,990824,YYRR,C,0,0,210",6,71a8b96
2026-10-07T17:44:10.212497+00:00,2026-10-07T18:00:43.210621+00:00,UNO,"ST,991000,YYRR,C,0,0,210",6,71a8b96
2026-10-07T17:44:10.212497+00:00,2026-10-07T18:00:43.710677+00:00,UNO,"ST,991500,YYRR,C,0,0,210",6,71a8b96
2026-10-07T17:44:10.212497+00:00,2026-10-07T18:00:44.210730+00:00,UNO,"ST,992000,YYRR,C,0,0,210",6,71a8b96
2026-10-07T17:44:10.212497+00:00,2026-10-07T18:00:44.711138+00:00,UNO,"ST,992500,YYRR,C,0,0,210",6,71a8b96
2026-10-07T17:44:10.212497+00:00,2026-10-07T18:00:45.034833+00:00,UNO,"ST,992824,RRRR,C,0,0,210",6,71a8b96
2026-10-07T17:44:10.212497+00:00,2026-10-07T18:00:45.211308+00:00,UNO,"ST,993000,RRRR,C,0,0,210",6,71a8b96
2026-10-07T17:44:10.212497+00:00,2026-10-07T18:00:45.710913+00:00,UNO,"ST,993500,RRRR,C,0,0,210",6,71a8b96
2026-10-07T17:44:10.212497+00:00,2026-10-07T18:00:46.035939+00:00,UNO,"ST,993824,RRGG,C,0,0,210",6,71a8b96
2026-10-07T17:44:10.212497+00:00,2026-10-07T18:00:46.212016+00:00,UNO,"ST,994000,RRGG,C,0,0,210",6,71a8b96
2026-10-07T17:44:10.212497+00:00,2026-10-07T18:00:46.712041+00:00,UNO,"ST,994500,RRGG,C,0,0,210",6,71a8b96
2026-10-07T17:44:10.212497+00:00,2026-10-07T18:00:47.211433+00:00,UNO,"ST,995000,RRGG,C,0,0,210",6,71a8b96
2026-10-07T17:44:10.212497+00:00,2026-10-07T18:00:47.711155+00:00,UNO,"ST,995500,RRGG,C,0,0,210",6,71a8b96
2026-10-07T17:44:10.212497+00:00,2026-10-07T18:00:48.212217+00:00,UNO,"ST,996000,RRGG,C,0,0,210",6,71a8b96
2026-10-07T17:44:10.212497+00:00,2026-10-07T18:00:48.712324+00:00,UNO,"ST,996500,RRGG,C,0,0,210",6,71a8b96
2026-10-07T17:44:10.212497+00:00,2026-10-07T18:00:49.036364+00:00,UNO,"ST,996824,RRYY,C,0,0,210",6,71a8b96
2026-10-07T17:44:10.212497+00:00,2026-10-07T18:00:49.211948+00:00,UNO,"ST,997000,RRYY,C,0,0,210",6,71a8b96
2026-10-07T17:44:10.212497+00:00,2026-10-07T18:00:49.712819+00:00,UNO,"ST,997500,RRYY,C,0,0,210",6,71a8b96
2026-10-07T17:44:10.212497+00:00,2026-10-07T18:00:50.212882+00:00,UNO,"ST,998000,RRYY,C,0,0,210",6,71a8b96
2026-10-07T17:44:10.212497+00:00,2026-10-07T18:00:50.712489+00:00,UNO,"ST,998500,RRYY,C,0,0,210",6,71a8b96
2026-10-07T17:44:10.212497+00:00,2026-10-07T18:00:51.037596+00:00,UNO,"ST,998824,RRRR,C,0,0,210",6,71a8b96
2026-10-07T17:44:10.212497+00:00,2026-10-07T18:00:51.212553+00:00,UNO,"ST,999000,RRRR,C,0,0,210",6,71a8b96
2026-10-07T17:44:10.212497+00:00,2026-10-07T18:00:51.713619+00:00,UNO,"ST,999500,RRRR,C,0,0,210",6,71a8b96
2026-10-07T17:44:10.212497+00:00,2026-10-07T18:00:52.037034+00:00,UNO,"ST,999824,GGRR,C,0,0,210",6,71a8b96
2026-10-07T17:44:10.212497+00:00,2026-10-07T18:00:52.213699+00:00,UNO,"ST,1000000,GGRR,C,0,0,210",6,71a8b96
2026-10-07T17:44:10.212497+00:00,2026-10-07T18:00:52.713131+00:00,UNO,"ST,1000500,GGRR,C,0,0,210",6,71a8b96
2026-10-07T17:44:10.212497+00:00,2026-10-07T18:00:53.214155+00:00,UNO,"ST,1001000,GGRR,C,0,0,210",6,71a8b96
2026-10-07T17:44:10.212497+00:00,2026-10-07T18:00:53.713841+00:00,UNO,"ST,1001500,GGRR,C,0,0,210",6,71a8b96
2026-10-07T17:44:10.212497+00:00,2026-10-07T18:00:54.213944+00:00,UNO,"ST,1002000,GGRR,C,0,0,210",6,71a8b96
2026-10-07T17:44:10.212497+00:00,2026-10-07T18:00:54.713938+00:00,UNO,"ST,1002500,GGRR,C,0,0,210",6,71a8b96
2026-10-07T17:44:10.212497+00:00,2026-10-07T18:00:55.038345+00:00,UNO,"ST,1002824,YYRR,C,0,0,210",6,71a8b96
2026-10-07T17:44:10.212497+00:00,2026-10-07T18:00:55.214368+00:00,UNO,"ST,1003000,YYRR,C,0,0,210",6,71a8b96
2026-10-07T17:44:10.212497+00:00,2026-10-07T18:00:55.714053+00:00,UNO,"ST,1003500,YYRR,C,0,0,210",6,71a8b96
2026-10-07T17:44:10.212497+00:00,2026-10-07T18:00:56.214243+00:00,UNO,"ST,1004000,YYRR,C,0,0,210",6,71a8b96
2026-10-07T17:44:10.212497+00:00,2026-10-07T18:00:56.715188+00:00,UNO,"ST,1004500,YYRR,C,0,0,210",6,71a8b96
2026-10-07T17:44:10.212497+00:00,2026-10-07T18:00:57.038578+00:00,UNO,"ST,1004824,RRRR,C,0,0,210",6,71a8b96
2026-10-07T17:44:10.212497+00:00,2026-10-07T18:00:57.214582+00:00,UNO,"ST,1005000,RRRR,C,0,0,210",6,71a8b96
2026-10-07T17:44:10.212497+00:00,2026-10-07T18:00:57.714654+00:00,UNO,"ST,1005500,RRRR,C,0,0,210",6,71a8b96
2026-10-07T17:44:10.212497+00:00,2026-10-07T18:00:58.038357+00:00,UNO,"ST,1005824,RRGG,C,0,0,210",6,71a8b96
2026-10-07T17:44:10.212497+00:00,2026-10-07T18:00:58.214441+00:00,UNO,"ST,1006000,RRGG,C,0,0,210",6,71a8b96
2026-10-07T17:44:10.212497+00:00,2026-10-07T18:00:58.715436+00:00,UNO,"ST,1006500,RRGG,C,0,0,210",6,71a8b96
2026-10-07T17:44:10.212497+00:00,2026-10-07T18:00:59.215483+00:00,UNO,"ST,1007000,RRGG,C,0,0,210",6,71a8b96
2026-10-07T17:44:10.212497+00:00,2026-10-07T18:00:59.714895+00:00,UNO,"ST,1007500,RRGG,C,0,0,210",6,71a8b96
2026-10-07T17:44:10.212497+00:00,2026-10-07T18:01:00.214952+00:00,UNO,"ST,1008000,RRGG,C,0,0,210",6,71a8b96
2026-10-07T17:44:10.212497+00:00,2026-10-07T18:01:00.715652+00:00,UNO,"ST,1008500,RRGG,C,0,0,210",6,71a8b96
2026-10-07T17:44:10.212497+00:00,2026-10-07T18:01:01.039684+00:00,UNO,"ST,1008824,RRYY,C,0,0,210",6,71a8b96
2026-10-07T17:44:10.212497+00:00,2026-10-07T18:01:01.215722+00:00,UNO,"ST,1009000,RRYY,C,0,0,210",6,71a8b96
2026-10-07T17:44:10.212497+00:00,2026-10-07T18:01:01.715797+00:00,UNO,"ST,1009500,RRYY,C,0,0,210",6,71a8b96
2026-10-07T17:44:10.212497+00:00,2026-10-07T18:01:02.216186+00:00,UNO,"ST,1010000,RRYY,C,0,0,210",6,71a8b96
2026-10-07T17:44:10.212497+00:00,2026-10-07T18:01:02.716275+00:00,UNO,"ST,1010500,RRYY,C,0,0,210",6,71a8b96
2026-10-07T17:44:10.212497+00:00,2026-10-07T18:01:03.039939+00:00,UNO,"ST,1010824,RRRR,C,0,0,210",6,71a8b96
2026-10-07T17:44:10.212497+00:00,2026-10-07T18:01:03.215947+00:00,UNO,"ST,1011000,RRRR,C,0,0,210",6,71a8b96
2026-10-07T17:44:10.212497+00:00,2026-10-07T18:01:03.715983+00:00,UNO,"ST,1011500,RRRR,C,0,0,210",6,71a8b96
2026-10-07T17:44:10.212497+00:00,2026-10-07T18:01:04.041034+00:00,UNO,"ST,1011824,GGRR,C,0,0,210",6,71a8b96
2026-10-07T17:44:10.212497+00:00,2026-10-07T18:01:04.217066+00:00,UNO,"ST,1012000,GGRR,C,0,0,210",6,71a8b96
2026-10-07T17:44:10.212497+00:00,2026-10-07T18:01:04.716470+00:00,UNO,"ST,1012500,GGRR,C,0,0,210",6,71a8b96
2026-10-07T17:44:10.212497+00:00,2026-10-07T18:01:05.216525+00:00,UNO,"ST,1013000,GGRR,C,0,0,210",6,71a8b96
2026-10-07T17:44:10.212497+00:00,2026-10-07T18:01:05.717233+00:00,UNO,"ST,1013500,GGRR,C,0,0,210",6,71a8b96
2026-10-07T17:44:10.212497+00:00,2026-10-07T18:01:06.217293+00:00,UNO,"ST,1014000,GGRR,C,0,0,210",6,71a8b96
2026-10-07T17:44:10.212497+00:00,2026-10-07T18:01:06.717357+00:00,UNO,"ST,1014500,GGRR,C,0,0,210",6,71a8b96
2026-10-07T17:44:10.212497+00:00,2026-10-07T18:01:07.041750+00:00,UNO,"ST,1014824,YYRR,C,0,0,210",6,71a8b96
2026-10-07T17:44:10.212497+00:00,2026-10-07T18:01:07.276786+00:00,UNO,"ST,1015000,YYRR,C,0,0,210",26,71a8b96
2026-10-07T17:44:10.212497+00:00,2026-10-07T18:01:07.717810+00:00,UNO,"ST,1015500,YYRR,C,0,0,210",6,71a8b96
2026-10-07T17:44:10.212497+00:00,2026-10-07T18:01:08.217526+00:00,UNO,"ST,1016000,YYRR,C,0,0,210",6,71a8b96
2026-10-07T17:44:10.212497+00:00,2026-10-07T18:01:08.717571+00:00,UNO,"ST,1016500,YYRR,C,0,0,210",6,71a8b96
2026-10-07T17:44:10.212497+00:00,2026-10-07T18:01:09.041964+00:00,UNO,"ST,1016824,RRRR,C,0,0,210",6,71a8b96
2026-10-07T17:44:10.212497+00:00,2026-10-07T18:01:09.218672+00:00,UNO,"ST,1017000,RRRR,C,0,0,210",6,71a8b96
2026-10-07T17:44:10.212497+00:00,2026-10-07T18:01:09.718065+00:00,UNO,"ST,1017500,RRRR,C,0,0,210",6,71a8b96
2026-10-07T17:44:10.212497+00:00,2026-10-07T18:01:10.041730+00:00,UNO,"ST,1017824,RRGG,C,0,0,210",6,71a8b96
2026-10-07T17:44:10.212497+00:00,2026-10-07T18:01:10.217776+00:00,UNO,"ST,1018000,RRGG,C,0,0,210",6,71a8b96
2026-10-07T17:44:10.212497+00:00,2026-10-07T18:01:10.717809+00:00,UNO,"ST,1018500,RRGG,C,0,0,210",6,71a8b96
2026-10-07T17:44:10.212497+00:00,2026-10-07T18:01:11.218859+00:00,UNO,"ST,1019000,RRGG,C,0,0,210",6,71a8b96
2026-10-07T17:44:10.212497+00:00,2026-10-07T18:01:11.718317+00:00,UNO,"ST,1019500,RRGG,C,0,0,210",6,71a8b96
2026-10-07T17:44:10.212497+00:00,2026-10-07T18:01:12.218355+00:00,UNO,"ST,1020000,RRGG,C,0,0,210",6,71a8b96
2026-10-07T17:44:10.212497+00:00,2026-10-07T18:01:12.719491+00:00,UNO,"ST,1020500,RRGG,C,0,0,210",6,71a8b96
2026-10-07T17:44:10.212497+00:00,2026-10-07T18:01:13.043107+00:00,UNO,"ST,1020824,RRYY,C,0,0,210",6,71a8b96
2026-10-07T17:44:10.212497+00:00,2026-10-07T18:01:13.219149+00:00,UNO,"ST,1021000,RRYY,C,0,0,210",6,71a8b96
2026-10-07T17:44:10.212497+00:00,2026-10-07T18:01:13.719236+00:00,UNO,"ST,1021500,RRYY,C,0,0,210",6,71a8b96
2026-10-07T17:44:10.212497+00:00,2026-10-07T18:01:14.219297+00:00,UNO,"ST,1022000,RRYY,C,0,0,210",6,71a8b96
2026-10-07T17:44:10.212497+00:00,2026-10-07T18:01:14.719702+00:00,UNO,"ST,1022500,RRYY,C,0,0,210",6,71a8b96
2026-10-07T17:44:10.212497+00:00,2026-10-07T18:01:15.043327+00:00,UNO,"ST,1022824,RRRR,C,0,0,210",6,71a8b96
2026-10-07T17:44:10.212497+00:00,2026-10-07T18:01:15.219751+00:00,UNO,"ST,1023000,RRRR,C,0,0,210",6,71a8b96
2026-10-07T17:44:10.212497+00:00,2026-10-07T18:01:15.719413+00:00,UNO,"ST,1023500,RRRR,C,0,0,210",6,71a8b96
2026-10-07T17:44:10.212497+00:00,2026-10-07T18:01:16.044464+00:00,UNO,"ST,1023824,GGRR,C,0,0,210",6,71a8b96
2026-10-07T17:44:10.212497+00:00,2026-10-07T18:01:16.219493+00:00,UNO,"ST,1024000,GGRR,C,0,0,210",6,71a8b96
2026-10-07T17:44:10.212497+00:00,2026-10-07T18:01:16.720559+00:00,UNO,"ST,1024500,GGRR,C,0,0,210",6,71a8b96
2026-10-07T17:44:10.212497+00:00,2026-10-07T18:01:17.219961+00:00,UNO,"ST,1025000,GGRR,C,0,0,210",6,71a8b96
2026-10-07T17:44:10.212497+00:00,2026-10-07T18:01:17.719697+00:00,UNO,"ST,1025500,GGRR,C,0,0,210",6,71a8b96
2026-10-07T17:44:10.212497+00:00,2026-10-07T18:01:18.220707+00:00,UNO,"ST,1026000,GGRR,C,0,0,210",6,71a8b96
2026-10-07T17:44:10.212497+00:00,2026-10-07T18:01:18.720745+00:00,UNO,"ST,1026500,GGRR,C,0,0,210",6,71a8b96
2026-10-07T17:44:10.212497+00:00,2026-10-07T18:01:19.044149+00:00,UNO,"ST,1026824,YYRR,C,0,0,210",6,71a8b96
2026-10-07T17:44:10.212497+00:00,2026-10-07T18:01:19.220988+00:00,UNO,"ST,1027000,YYRR,C,0,0,210",6,71a8b96
2026-10-07T17:44:10.212497+00:00,2026-10-07T18:01:19.720306+00:00,UNO,"ST,1027500,YYRR,C,0,0,210",6,71a8b96
2026-10-07T17:44:10.212497+00:00,2026-10-07T18:01:20.220947+00:00,UNO,"ST,1028000,YYRR,C,0,0,210",6,71a8b96
2026-10-07T17:44:10.212497+00:00,2026-10-07T18:01:20.720979+00:00,UNO,"ST,1028500,YYRR,C,0,0,210",6,71a8b96
2026-10-07T17:44:10.212497+00:00,2026-10-07T18:01:21.045027+00:00,UNO,"ST,1028824,RRRR,C,0,0,210",6,71a8b96
2026-10-07T17:44:10.212497+00:00,2026-10-07T18:01:21.221045+00:00,UNO,"ST,1029000,RRRR,C,0,0,210",6,71a8b96
2026-10-07T17:44:10.212497+00:00,2026-10-07T18:01:21.721504+00:00,UNO,"ST,1029500,RRRR,C,0,0,210",6,71a8b96
2026-10-07T17:44:10.212497+00:00,2026-10-07T18:01:22.045492+00:00,UNO,"ST,1029824,RRGG,C,0,0,210",6,71a8b96
2026-10-07T17:44:10.212497+00:00,2026-10-07T18:01:22.221526+00:00,UNO,"ST,1030000,RRGG,C,0,0,210",6,71a8b96
2026-10-07T17:44:10.212497+00:00,2026-10-07T18:01:22.721293+00:00,UNO,"ST,1030500,RRGG,C,0,0,210",6,71a8b96
2026-10-07T17:44:10.212497+00:00,2026-10-07T18:01:23.221589+00:00,UNO,"ST,1031000,RRGG,C,0,0,210",6,71a8b96
2026-10-07T17:44:10.212497+00:00,2026-10-07T18:01:23.722340+00:00,UNO,"ST,1031500,RRGG,C,0,0,210",6,71a8b96
2026-10-07T17:44:10.212497+00:00,2026-10-07T18:01:24.221755+00:00,UNO,"ST,1032000,RRGG,C,0,0,210",6,71a8b96
2026-10-07T17:44:10.212497+00:00,2026-10-07T18:01:24.721810+00:00,UNO,"ST,1032500,RRGG,C,0,0,210",6,71a8b96
2026-10-07T17:44:10.212497+00:00,2026-10-07T18:01:25.046539+00:00,UNO,"ST,1032824,RRYY,C,0,0,210",6,71a8b96
2026-10-07T17:44:10.212497+00:00,2026-10-07T18:01:25.222864+00:00,UNO,"ST,1033000,RRYY,C,0,0,210",6,71a8b96
2026-10-07T17:44:10.212497+00:00,2026-10-07T18:01:25.722559+00:00,UNO,"ST,1033500,RRYY,C,0,0,210",6,71a8b96
2026-10-07T17:44:10.212497+00:00,2026-10-07T18:01:26.222663+00:00,UNO,"ST,1034000,RRYY,C,0,0,210",6,71a8b96
2026-10-07T17:44:10.212497+00:00,2026-10-07T18:01:26.722690+00:00,UNO,"ST,1034500,RRYY,C,0,0,210",6,71a8b96
2026-10-07T17:44:10.212497+00:00,2026-10-07T18:01:27.047067+00:00,UNO,"ST,1034824,RRRR,C,0,0,210",6,71a8b96
2026-10-07T17:44:10.212497+00:00,2026-10-07T18:01:27.223092+00:00,UNO,"ST,1035000,RRRR,C,0,0,210",6,71a8b96
2026-10-07T17:44:10.212497+00:00,2026-10-07T18:01:27.722822+00:00,UNO,"ST,1035500,RRRR,C,0,0,210",6,71a8b96
2026-10-07T17:44:10.212497+00:00,2026-10-07T18:01:28.046859+00:00,UNO,"ST,1035824,GGRR,C,0,0,210",6,71a8b96
2026-10-07T17:44:10.212497+00:00,2026-10-07T18:01:28.222876+00:00,UNO,"ST,1036000,GGRR,C,0,0,210",6,71a8b96
2026-10-07T17:44:10.212497+00:00,2026-10-07T18:01:28.723926+00:00,UNO,"ST,1036500,GGRR,C,0,0,210",6,71a8b96
2026-10-07T17:44:10.212497+00:00,2026-10-07T18:01:29.223319+00:00,UNO,"ST,1037000,GGRR,C,0,0,210",6,71a8b96
2026-10-07T17:44:10.212497+00:00,2026-10-07T18:01:29.723398+00:00,UNO,"ST,1037500,GGRR,C,0,0,210",6,71a8b96
2026-10-07T17:44:10.212497+00:00,2026-10-07T18:01:30.223109+00:00,UNO,"ST,1038000,GGRR,C,0,0,210",6,71a8b96
2026-10-07T17:44:10.212497+00:00,2026-10-07T18:01:30.724158+00:00,UNO,"ST,1038500,GGRR,C,0,0,210",6,71a8b96
2026-10-07T17:44:10.212497+00:00,2026-10-07T18:01:31.047544+00:00,UNO,"ST,1038824,YYRR,C,0,0,210",6,71a8b96
2026-10-07T17:44:10.212497+00:00,2026-10-07T18:01:31.224223+00:00,UNO,"ST,1039000,YYRR,C,0,0,210",6,71a8b96
2026-10-07T17:44:10.212497+00:00,2026-10-07T18:01:31.723625+00:00,UNO,"ST,1039500,YYRR,C,0,0,210",6,71a8b96
2026-10-07T17:44:10.212497+00:00,2026-10-07T18:01:32.223344+00:00,UNO,"ST,1040000,YYRR,C,0,0,210",6,71a8b96
2026-10-07T17:44:10.212497+00:00,2026-10-07T18:01:32.724399+00:00,UNO,"ST,1040500,YYRR,C,0,0,210",6,71a8b96
2026-10-07T17:44:10.212497+00:00,2026-10-07T18:01:33.048453+00:00,UNO,"ST,1040824,RRRR,C,0,0,210",6,71a8b96
2026-10-07T17:44:10.212497+00:00,2026-10-07T18:01:33.224479+00:00,UNO,"ST,1041000,RRRR,C,0,0,210",6,71a8b96
2026-10-07T17:44:10.212497+00:00,2026-10-07T18:01:33.724504+00:00,UNO,"ST,1041500,RRRR,C,0,0,210",6,71a8b96
2026-10-07T17:44:10.212497+00:00,2026-10-07T18:01:34.048898+00:00,UNO,"ST,1041824,RRGG,C,0,0,210",6,71a8b96
2026-10-07T17:44:10.212497+00:00,2026-10-07T18:01:34.224923+00:00,UNO,"ST,1042000,RRGG,C,0,0,210",6,71a8b96
2026-10-07T17:44:10.212497+00:00,2026-10-07T18:01:34.724994+00:00,UNO,"ST,1042500,RRGG,C,0,0,210",6,71a8b96
2026-10-07T17:44:10.212497+00:00,2026-10-07T18:01:35.224686+00:00,UNO,"ST,1043000,RRGG,C,0,0,210",6,71a8b96
2026-10-07T17:44:10.212497+00:00,2026-10-07T18:01:35.724743+00:00,UNO,"ST,1043500,RRGG,C,0,0,210",6,71a8b96
2026-10-07T17:44:10.212497+00:00,2026-10-07T18:01:36.225800+00:00,UNO,"ST,1044000,RRGG,C,0,0,210",6,71a8b96
2026-10-07T17:44:10.212497+00:00,2026-10-07T18:01:36.725210+00:00,UNO,"ST,1044500,RRGG,C,0,0,210",6,71a8b96
2026-10-07T17:44:10.212497+00:00,2026-10-07T18:01:37.048972+00:00,UNO,"ST,1044824,RRYY,C,0,0,210",6,71a8b96
2026-10-07T17:44:10.212497+00:00,2026-10-07T18:01:37.225274+00:00,UNO,"ST,1045000,RRYY,C,0,0,210",6,71a8b96
2026-10-07T17:44:10.212497+00:00,2026-10-07T18:01:37.725977+00:00,UNO,"ST,1045500,RRYY,C,0,0,210",6,71a8b96
2026-10-07T17:44:10.212497+00:00,2026-10-07T18:01:38.226030+00:00,UNO,"ST,1046000,RRYY,C,0,0,210",6,71a8b96
2026-10-07T17:44:10.212497+00:00,2026-10-07T18:01:38.726083+00:00,UNO,"ST,1046500,RRYY,C,0,0,210",6,71a8b96
2026-10-07T17:44:10.212497+00:00,2026-10-07T18:01:39.050463+00:00,UNO,"ST,1046824,RRRR,C,0,0,210",6,71a8b96
2026-10-07T17:44:10.212497+00:00,2026-10-07T18:01:39.225498+00:00,UNO,"ST,1047000,RRRR,C,0,0,210",6,71a8b96
2026-10-07T17:44:10.212497+00:00,2026-10-07T18:01:39.726576+00:00,UNO,"ST,1047500,RRRR,C,0,0,210",6,71a8b96
2026-10-07T17:44:10.212497+00:00,2026-10-07T18:01:40.050234+00:00,UNO,"ST,1047824,GGRR,C,0,0,210",6,71a8b96
2026-10-07T17:44:10.212497+00:00,2026-10-07T18:01:40.226270+00:00,UNO,"ST,1048000,GGRR,C,0,0,210",6,71a8b96
2026-10-07T17:44:10.212497+00:00,2026-10-07T18:01:40.726320+00:00,UNO,"ST,1048500,GGRR,C,0,0,210",6,71a8b96
2026-10-07T17:44:10.212497+00:00,2026-10-07T18:01:41.227474+00:00,UNO,"ST,1049000,GGRR,C,0,0,210",6,71a8b96
2026-10-07T17:44:10.212497+00:00,2026-10-07T18:01:41.726793+00:00,UNO,"ST,1049500,GGRR,C,0,0,210",6,71a8b96
2026-10-07T17:44:10.212497+00:00,2026-10-07T18:01:42.226859+00:00,UNO,"ST,1050000,GGRR,C,0,0,210",6,71a8b96
2026-10-07T17:44:10.212497+00:00,2026-10-07T18:01:42.726557+00:00,UNO,"ST,1050500,GGRR,C,0,0,210",6,71a8b96
2026-10-07T17:44:10.212497+00:00,2026-10-07T18:01:43.051598+00:00,UNO,"ST,1050824,YYRR,C,0,0,210",6,71a8b96
2026-10-07T17:44:10.212497+00:00,2026-10-07T18:01:43.227629+00:00,UNO,"ST,1051000,YYRR,C,0,0,210",6,71a8b96
2026-10-07T17:44:10.212497+00:00,2026-10-07T18:01:43.727035+00:00,UNO,"ST,1051500,YYRR,C,0,0,210",6,71a8b96
2026-10-07T17:44:10.212497+00:00,2026-10-07T18:01:44.227070+00:00,UNO,"ST,1052000,YYRR,C,0,0,210",6,71a8b96
2026-10-07T17:44:10.212497+00:00,2026-10-07T18:01:44.727841+00:00,UNO,"ST,1052500,YYRR,C,0,0,210",6,71a8b96
2026-10-07T17:44:10.212497+00:00,2026-10-07T18:01:45.051839+00:00,UNO,"ST,1052824,RRRR,C,0,0,210",6,71a8b96
2026-10-07T17:44:10.212497+00:00,2026-10-07T18:01:45.227884+00:00,UNO,"ST,1053000,RRRR,C,0,0,210",6,71a8b96
2026-10-07T17:44:10.212497+00:00,2026-10-07T18:01:45.727980+00:00,UNO,"ST,1053500,RRRR,C,0,0,210",6,71a8b96
2026-10-07T17:44:10.212497+00:00,2026-10-07T18:01:46.051360+00:00,UNO,"ST,1053824,RRGG,C,0,0,210",6,71a8b96
2026-10-07T17:44:10.212497+00:00,2026-10-07T18:01:46.227370+00:00,UNO,"ST,1054000,RRGG,C,0,0,210",6,71a8b96
2026-10-07T17:44:10.212497+00:00,2026-10-07T18:01:46.728423+00:00,UNO,"ST,1054500,RRGG,C,0,0,210",6,71a8b96
2026-10-07T17:44:10.212497+00:00,2026-10-07T18:01:47.228090+00:00,UNO,"ST,1055000,RRGG,C,0,0,210",6,71a8b96
2026-10-07T17:44:10.212497+00:00,2026-10-07T18:01:47.728241+00:00,UNO,"ST,1055500,RRGG,C,0,0,210",6,71a8b96
2026-10-07T17:44:10.212497+00:00,2026-10-07T18:01:48.228287+00:00,UNO,"ST,1056000,RRGG,C,0,0,210",6,71a8b96
2026-10-07T17:44:10.212497+00:00,2026-10-07T18:01:48.728688+00:00,UNO,"ST,1056500,RRGG,C,0,0,210",6,71a8b96
2026-10-07T17:44:10.212497+00:00,2026-10-07T18:01:49.052745+00:00,UNO,"ST,1056824,RRYY,C,0,0,210",6,71a8b96
2026-10-07T17:44:10.212497+00:00,2026-10-07T18:01:49.228732+00:00,UNO,"ST,1057000,RRYY,C,0,0,210",6,71a8b96
2026-10-07T17:44:10.212497+00:00,2026-10-07T18:01:49.728440+00:00,UNO,"ST,1057500,RRYY,C,0,0,210",6,71a8b96
2026-10-07T17:44:10.212497+00:00,2026-10-07T18:01:50.229480+00:00,UNO,"ST,1058000,RRYY,C,0,0,210",6,71a8b96
2026-10-07T17:44:10.212497+00:00,2026-10-07T18:01:50.729485+00:00,UNO,"ST,1058500,RRYY,C,0,0,210",6,71a8b96
2026-10-07T17:44:10.212497+00:00,2026-10-07T18:01:51.052894+00:00,UNO,"ST,1058824,RRRR,C,0,0,210",6,71a8b96
2026-10-07T17:44:10.212497+00:00,2026-10-07T18:01:51.228961+00:00,UNO,"ST,1059000,RRRR,C,0,0,210",6,71a8b96
2026-10-07T17:44:10.212497+00:00,2026-10-07T18:01:51.728988+00:00,UNO,"ST,1059500,RRRR,C,0,0,210",6,71a8b96
2026-10-07T17:44:10.212497+00:00,2026-10-07T18:01:52.054384+00:00,UNO,"ST,1059824,GGRR,C,0,0,210",6,71a8b96
2026-10-07T17:44:10.212497+00:00,2026-10-07T18:01:52.230021+00:00,UNO,"ST,1060000,GGRR,C,0,0,210",6,71a8b96
2026-10-07T17:44:10.212497+00:00,2026-10-07T18:01:52.729721+00:00,UNO,"ST,1060500,GGRR,C,0,0,210",6,71a8b96
2026-10-07T17:44:10.212497+00:00,2026-10-07T18:01:53.229783+00:00,UNO,"ST,1061000,GGRR,C,0,0,210",6,71a8b96
2026-10-07T17:44:10.212497+00:00,2026-10-07T18:01:53.730180+00:00,UNO,"ST,1061500,GGRR,C,0,0,210",6,71a8b96
2026-10-07T17:44:10.212497+00:00,2026-10-07T18:01:54.230249+00:00,UNO,"ST,1062000,GGRR,C,0,0,210",6,71a8b96
2026-10-07T17:44:10.212497+00:00,2026-10-07T18:01:54.729991+00:00,UNO,"ST,1062500,GGRR,C,0,0,210",6,71a8b96
2026-10-07T17:44:10.212497+00:00,2026-10-07T18:01:55.055026+00:00,UNO,"ST,1062824,YYRR,C,0,0,210",6,71a8b96
2026-10-07T17:44:10.212497+00:00,2026-10-07T18:01:55.230018+00:00,UNO,"ST,1063000,YYRR,C,0,0,210",6,71a8b96
2026-10-07T17:44:10.212497+00:00,2026-10-07T18:01:55.731081+00:00,UNO,"ST,1063500,YYRR,C,0,0,210",6,71a8b96
2026-10-07T17:44:10.212497+00:00,2026-10-07T18:01:56.231128+00:00,UNO,"ST,1064000,YYRR,C,0,0,210",6,71a8b96
2026-10-07T17:44:10.212497+00:00,2026-10-07T18:01:56.730545+00:00,UNO,"ST,1064500,YYRR,C,0,0,210",6,71a8b96
2026-10-07T17:44:10.212497+00:00,2026-10-07T18:01:57.055254+00:00,UNO,"ST,1064824,RRRR,C,0,0,210",6,71a8b96
2026-10-07T17:44:10.212497+00:00,2026-10-07T18:01:57.231255+00:00,UNO,"ST,1065000,RRRR,C,0,0,210",6,71a8b96
2026-10-07T17:44:10.212497+00:00,2026-10-07T18:01:57.731344+00:00,UNO,"ST,1065500,RRRR,C,0,0,210",6,71a8b96
2026-10-07T17:44:10.212497+00:00,2026-10-07T18:01:58.055348+00:00,UNO,"ST,1065824,RRGG,C,0,0,210",6,71a8b96
2026-10-07T17:44:10.212497+00:00,2026-10-07T18:01:58.231375+00:00,UNO,"ST,1066000,RRGG,C,0,0,210",6,71a8b96
2026-10-07T17:44:10.212497+00:00,2026-10-07T18:01:58.730745+00:00,UNO,"ST,1066500,RRGG,C,0,0,210",6,71a8b96
2026-10-07T17:44:10.212497+00:00,2026-10-07T18:01:59.231822+00:00,UNO,"ST,1067000,RRGG,C,0,0,210",6,71a8b96
2026-10-07T17:44:10.212497+00:00,2026-10-07T18:01:59.731558+00:00,UNO,"ST,1067500,RRGG,C,0,0,210",6,71a8b96
2026-10-07T17:44:10.212497+00:00,2026-10-07T18:02:00.231576+00:00,UNO,"ST,1068000,RRGG,C,0,0,210",6,71a8b96
2026-10-07T17:44:10.212497+00:00,2026-10-07T18:02:00.732638+00:00,UNO,"ST,1068500,RRGG,C,0,0,210",6,71a8b96
2026-10-07T17:44:10.212497+00:00,2026-10-07T18:02:01.056035+00:00,UNO,"ST,1068824,RRYY,C,0,0,210",6,71a8b96
2026-10-07T17:44:10.212497+00:00,2026-10-07T18:02:01.232061+00:00,UNO,"ST,1069000,RRYY,C,0,0,210",6,71a8b96
2026-10-07T17:44:10.212497+00:00,2026-10-07T18:02:01.732136+00:00,UNO,"ST,1069500,RRYY,C,0,0,210",6,71a8b96
2026-10-07T17:44:10.212497+00:00,2026-10-07T18:02:02.231832+00:00,UNO,"ST,1070000,RRYY,C,0,0,210",6,71a8b96
2026-10-07T17:44:10.212497+00:00,2026-10-07T18:02:02.732893+00:00,UNO,"ST,1070500,RRYY,C,0,0,210",6,71a8b96
2026-10-07T17:44:10.212497+00:00,2026-10-07T18:02:03.056930+00:00,UNO,"ST,1070824,RRRR,C,0,0,210",6,71a8b96
2026-10-07T17:44:10.212497+00:00,2026-10-07T18:02:03.232944+00:00,UNO,"ST,1071000,RRRR,C,0,0,210",6,71a8b96
2026-10-07T17:44:10.212497+00:00,2026-10-07T18:02:03.732984+00:00,UNO,"ST,1071500,RRRR,C,0,0,210",6,71a8b96
2026-10-07T17:44:10.212497+00:00,2026-10-07T18:02:04.057393+00:00,UNO,"ST,1071824,GGRR,C,0,0,210",6,71a8b96
2026-10-07T17:44:10.212497+00:00,2026-10-07T18:02:04.232397+00:00,UNO,"ST,1072000,GGRR,C,0,0,210",6,71a8b96
2026-10-07T17:44:10.212497+00:00,2026-10-07T18:02:04.733115+00:00,UNO,"ST,1072500,GGRR,C,0,0,210",6,71a8b96
2026-10-07T17:44:10.212497+00:00,2026-10-07T18:02:05.233182+00:00,UNO,"ST,1073000,GGRR,C,0,0,210",6,71a8b96
2026-10-07T17:44:10.212497+00:00,2026-10-07T18:02:05.733222+00:00,UNO,"ST,1073500,GGRR,C,0,0,210",6,71a8b96
2026-10-07T17:44:10.212497+00:00,2026-10-07T18:02:06.233654+00:00,UNO,"ST,1074000,GGRR,C,0,0,210",6,71a8b96
2026-10-07T17:44:10.212497+00:00,2026-10-07T18:02:06.733708+00:00,UNO,"ST,1074500,GGRR,C,0,0,210",6,71a8b96
2026-10-07T17:44:10.212497+00:00,2026-10-07T18:02:07.057387+00:00,UNO,"ST,1074824,YYRR,C,0,0,210",6,71a8b96
2026-10-07T17:44:10.212497+00:00,2026-10-07T18:02:07.233435+00:00,UNO,"ST,1075000,YYRR,C,0,0,210",6,71a8b96
2026-10-07T17:44:10.212497+00:00,2026-10-07T18:02:07.733475+00:00,UNO,"ST,1075500,YYRR,C,0,0,210",6,71a8b96
2026-10-07T17:44:10.212497+00:00,2026-10-07T18:02:08.234653+00:00,UNO,"ST,1076000,YYRR,C,0,0,210",6,71a8b96
2026-10-07T17:44:10.212497+00:00,2026-10-07T18:02:08.733928+00:00,UNO,"ST,1076500,YYRR,C,0,0,210",6,71a8b96
2026-10-07T17:44:10.212497+00:00,2026-10-07T18:02:09.057607+00:00,UNO,"ST,1076824,RRRR,C,0,0,210",6,71a8b96
2026-10-07T17:44:10.212497+00:00,2026-10-07T18:02:09.233639+00:00,UNO,"ST,1077000,RRRR,C,0,0,210",6,71a8b96
2026-10-07T17:44:10.212497+00:00,2026-10-07T18:02:09.734872+00:00,UNO,"ST,1077500,RRRR,C,0,0,210",6,71a8b96
2026-10-07T17:44:10.212497+00:00,2026-10-07T18:02:10.058748+00:00,UNO,"ST,1077824,RRGG,C,0,0,210",6,71a8b96
2026-10-07T17:44:10.212497+00:00,2026-10-07T18:02:10.234863+00:00,UNO,"ST,1078000,RRGG,C,0,0,210",6,71a8b96
2026-10-07T17:44:10.212497+00:00,2026-10-07T18:02:10.734869+00:00,UNO,"ST,1078500,RRGG,C,0,0,210",6,71a8b96
2026-10-07T17:44:10.212497+00:00,2026-10-07T18:02:11.234234+00:00,UNO,"ST,1079000,RRGG,C,0,0,210",6,71a8b96
2026-10-07T17:44:10.212497+00:00,2026-10-07T18:02:11.734997+00:00,UNO,"ST,1079500,RRGG,C,0,0,210",6,71a8b96
2026-10-07T17:44:10.212497+00:00,2026-10-07T18:02:12.235007+00:00,UNO,"ST,1080000,RRGG,C,0,0,210",6,71a8b96
2026-10-07T17:44:10.212497+00:00,2026-10-07T18:02:12.735153+00:00,UNO,"ST,1080500,RRGG,C,0,0,210",6,71a8b96
2026-10-07T17:44:10.212497+00:00,2026-10-07T18:02:13.059434+00:00,UNO,"ST,1080824,RRYY,C,0,0,210",6,71a8b96
2026-10-07T17:44:10.212497+00:00,2026-10-07T18:02:13.236112+00:00,UNO,"ST,1081000,RRYY,C,0,0,210",6,71a8b96
2026-10-07T17:44:10.212497+00:00,2026-10-07T18:02:13.735499+00:00,UNO,"ST,1081500,RRYY,C,0,0,210",6,71a8b96
2026-10-07T17:44:10.212497+00:00,2026-10-07T18:02:14.235291+00:00,UNO,"ST,1082000,RRYY,C,0,0,210",6,71a8b96
2026-10-07T17:44:10.212497+00:00,2026-10-07T18:02:14.735337+00:00,UNO,"ST,1082500,RRYY,C,0,0,210",6,71a8b96
2026-10-07T17:44:10.212497+00:00,2026-10-07T18:02:15.060422+00:00,UNO,"ST,1082824,RRRR,C,0,0,210",6,71a8b96
2026-10-07T17:44:10.212497+00:00,2026-10-07T18:02:15.236339+00:00,UNO,"ST,1083000,RRRR,C,0,0,210",6,71a8b96
2026-10-07T17:44:10.212497+00:00,2026-10-07T18:02:15.736396+00:00,UNO,"ST,1083500,RRRR,C,0,0,210",6,71a8b96
2026-10-07T17:44:10.212497+00:00,2026-10-07T18:02:16.059791+00:00,UNO,"ST,1083824,GGRR,C,0,0,210",6,71a8b96
2026-10-07T17:44:10.212497+00:00,2026-10-07T18:02:16.235818+00:00,UNO,"ST,1084000,GGRR,C,0,0,210",6,71a8b96
2026-10-07T17:44:10.212497+00:00,2026-10-07T18:02:16.736510+00:00,UNO,"ST,1084500,GGRR,C,0,0,210",6,71a8b96
2026-10-07T17:44:10.212497+00:00,2026-10-07T18:02:17.236569+00:00,UNO,"ST,1085000,GGRR,C,0,0,210",6,71a8b96
2026-10-07T17:44:10.212497+00:00,2026-10-07T18:02:17.736630+00:00,UNO,"ST,1085500,GGRR,C,0,0,210",6,71a8b96
2026-10-07T17:44:10.212497+00:00,2026-10-07T18:02:18.236044+00:00,UNO,"ST,1086000,GGRR,C,0,0,210",6,71a8b96
2026-10-07T17:44:10.212497+00:00,2026-10-07T18:02:18.737092+00:00,UNO,"ST,1086500,GGRR,C,0,0,210",6,71a8b96
2026-10-07T17:44:10.212497+00:00,2026-10-07T18:02:19.060804+00:00,UNO,"ST,1086824,YYRR,C,0,0,210",6,71a8b96
2026-10-07T17:44:10.212497+00:00,2026-10-07T18:02:19.236833+00:00,UNO,"ST,1087000,YYRR,C,0,0,210",6,71a8b96
2026-10-07T17:44:10.212497+00:00,2026-10-07T18:02:19.736902+00:00,UNO,"ST,1087500,YYRR,C,0,0,210",6,71a8b96
2026-10-07T17:44:10.212497+00:00,2026-10-07T18:02:20.236910+00:00,UNO,"ST,1088000,YYRR,C,0,0,210",6,71a8b96
2026-10-07T17:44:10.212497+00:00,2026-10-07T18:02:20.737329+00:00,UNO,"ST,1088500,YYRR,C,0,0,210",6,71a8b96
2026-10-07T17:44:10.212497+00:00,2026-10-07T18:02:21.061373+00:00,UNO,"ST,1088824,RRRR,C,0,0,210",6,71a8b96
2026-10-07T17:44:10.212497+00:00,2026-10-07T18:02:21.237397+00:00,UNO,"ST,1089000,RRRR,C,0,0,210",6,71a8b96
2026-10-07T17:44:10.212497+00:00,2026-10-07T18:02:21.737115+00:00,UNO,"ST,1089500,RRRR,C,0,0,210",6,71a8b96
2026-10-07T17:44:10.212497+00:00,2026-10-07T18:02:22.062143+00:00,UNO,"ST,1089824,RRGG,C,0,0,210",6,71a8b96
2026-10-07T17:44:10.212497+00:00,2026-10-07T18:02:22.238159+00:00,UNO,"ST,1090000,RRGG,C,0,0,210",6,71a8b96
2026-10-07T17:44:10.212497+00:00,2026-10-07T18:02:22.738211+00:00,UNO,"ST,1090500,RRGG,C,0,0,210",6,71a8b96
2026-10-07T17:44:10.212497+00:00,2026-10-07T18:02:23.237625+00:00,UNO,"ST,1091000,RRGG,C,0,0,210",6,71a8b96
2026-10-07T17:44:10.212497+00:00,2026-10-07T18:02:23.737685+00:00,UNO,"ST,1091500,RRGG,C,0,0,210",6,71a8b96
2026-10-07T17:44:10.212497+00:00,2026-10-07T18:02:24.238744+00:00,UNO,"ST,1092000,RRGG,C,0,0,210",6,71a8b96
2026-10-07T17:44:10.212497+00:00,2026-10-07T18:02:24.739663+00:00,UNO,"ST,1092500,RRGG,C,0,0,210",6,71a8b96
2026-10-07T17:44:10.212497+00:00,2026-10-07T18:02:25.062511+00:00,UNO,"ST,1092824,RRYY,C,0,0,210",6,71a8b96
2026-10-07T17:44:10.212497+00:00,2026-10-07T18:02:25.238509+00:00,UNO,"ST,1093000,RRYY,C,0,0,210",6,71a8b96
2026-10-07T17:44:10.212497+00:00,2026-10-07T18:02:25.739558+00:00,UNO,"ST,1093500,RRYY,C,0,0,210",6,71a8b96
2026-10-07T17:44:10.212497+00:00,2026-10-07T18:02:26.238983+00:00,UNO,"ST,1094000,RRYY,C,0,0,210",6,71a8b96
2026-10-07T17:44:10.212497+00:00,2026-10-07T18:02:26.738688+00:00,UNO,"ST,1094500,RRYY,C,0,0,210",6,71a8b96
2026-10-07T17:44:10.212497+00:00,2026-10-07T18:02:27.063715+00:00,UNO,"ST,1094824,RRRR,C,0,0,210",6,71a8b96
2026-10-07T17:44:10.212497+00:00,2026-10-07T18:02:27.238736+00:00,UNO,"ST,1095000,RRRR,C,0,0,210",6,71a8b96
2026-10-07T17:44:10.212497+00:00,2026-10-07T18:02:27.739807+00:00,UNO,"ST,1095500,RRRR,C,0,0,210",6,71a8b96
2026-10-07T17:44:10.212497+00:00,2026-10-07T18:02:28.063843+00:00,UNO,"ST,1095824,GGRR,C,0,0,210",6,71a8b96
2026-10-07T17:44:10.212497+00:00,2026-10-07T18:02:28.239224+00:00,UNO,"ST,1096000,GGRR,C,0,0,210",6,71a8b96
2026-10-07T17:44:10.212497+00:00,2026-10-07T18:02:28.739281+00:00,UNO,"ST,1096500,GGRR,C,0,0,210",6,71a8b96
2026-10-07T17:44:10.212497+00:00,2026-10-07T18:02:29.239967+00:00,UNO,"ST,1097000,GGRR,C,0,0,210",6,71a8b96
2026-10-07T17:44:10.212497+00:00,2026-10-07T18:02:29.740052+00:00,UNO,"ST,1097500,GGRR,C,0,0,210",6,71a8b96
2026-10-07T17:44:10.212497+00:00,2026-10-07T18:02:30.240080+00:00,UNO,"ST,1098000,GGRR,C,0,0,210",6,71a8b96
2026-10-07T17:44:10.212497+00:00,2026-10-07T18:02:30.739484+00:00,UNO,"ST,1098500,GGRR,C,0,0,210",6,71a8b96
2026-10-07T17:44:10.212497+00:00,2026-10-07T18:02:31.065012+00:00,UNO,"ST,1098824,YYRR,C,0,0,210",6,71a8b96
2026-10-07T17:44:10.212497+00:00,2026-10-07T18:02:31.240560+00:00,UNO,"ST,1099000,YYRR,C,0,0,210",6,71a8b96
2026-10-07T17:44:10.212497+00:00,2026-10-07T18:02:31.740287+00:00,UNO,"ST,1099500,YYRR,C,0,0,210",6,71a8b96
2026-10-07T17:44:10.212497+00:00,2026-10-07T18:02:32.240333+00:00,UNO,"ST,1100000,YYRR,C,0,0,210",6,71a8b96
2026-10-07T17:44:10.212497+00:00,2026-10-07T18:02:32.741376+00:00,UNO,"ST,1100500,YYRR,C,0,0,210",6,71a8b96
2026-10-07T17:44:10.212497+00:00,2026-10-07T18:02:33.064763+00:00,UNO,"ST,1100824,RRRR,C,0,0,210",6,71a8b96
2026-10-07T17:44:10.212497+00:00,2026-10-07T18:02:33.240813+00:00,UNO,"ST,1101000,RRRR,C,0,0,210",6,71a8b96
2026-10-07T17:44:10.212497+00:00,2026-10-07T18:02:33.740859+00:00,UNO,"ST,1101500,RRRR,C,0,0,210",6,71a8b96
2026-10-07T17:44:10.212497+00:00,2026-10-07T18:02:34.064520+00:00,UNO,"ST,1101824,RRGG,C,0,0,210",6,71a8b96
2026-10-07T17:44:10.212497+00:00,2026-10-07T18:02:34.240553+00:00,UNO,"ST,1102000,RRGG,C,0,0,210",6,71a8b96
2026-10-07T17:44:10.212497+00:00,2026-10-07T18:02:34.741591+00:00,UNO,"ST,1102500,RRGG,C,0,0,210",6,71a8b96
2026-10-07T17:44:10.212497+00:00,2026-10-07T18:02:35.241668+00:00,UNO,"ST,1103000,RRGG,C,0,0,210",6,71a8b96
2026-10-07T17:44:10.212497+00:00,2026-10-07T18:02:35.741081+00:00,UNO,"ST,1103500,RRGG,C,0,0,210",6,71a8b96
2026-10-07T17:44:10.212497+00:00,2026-10-07T18:02:36.241126+00:00,UNO,"ST,1104000,RRGG,C,0,0,210",6,71a8b96
2026-10-07T17:44:10.212497+00:00,2026-10-07T18:02:36.741828+00:00,UNO,"ST,1104500,RRGG,C,0,0,210",6,71a8b96
2026-10-07T17:44:10.212497+00:00,2026-10-07T18:02:37.065877+00:00,UNO,"ST,1104824,RRYY,C,0,0,210",6,71a8b96
2026-10-07T17:44:10.212497+00:00,2026-10-07T18:02:37.241888+00:00,UNO,"ST,1105000,RRYY,C,0,0,210",6,71a8b96
2026-10-07T17:44:10.212497+00:00,2026-10-07T18:02:37.741962+00:00,UNO,"ST,1105500,RRYY,C,0,0,210",6,71a8b96
2026-10-07T17:44:10.212497+00:00,2026-10-07T18:02:38.242367+00:00,UNO,"ST,1106000,RRYY,C,0,0,210",6,71a8b96
2026-10-07T17:44:10.212497+00:00,2026-10-07T18:02:38.742424+00:00,UNO,"ST,1106500,RRYY,C,0,0,210",6,71a8b96
2026-10-07T17:44:10.212497+00:00,2026-10-07T18:02:39.066117+00:00,UNO,"ST,1106824,RRRR,C,0,0,210",6,71a8b96
2026-10-07T17:44:10.212497+00:00,2026-10-07T18:02:39.242141+00:00,UNO,"ST,1107000,RRRR,C,0,0,210",6,71a8b96
2026-10-07T17:44:10.212497+00:00,2026-10-07T18:02:39.742193+00:00,UNO,"ST,1107500,RRRR,C,0,0,210",6,71a8b96
2026-10-07T17:44:10.212497+00:00,2026-10-07T18:02:40.067226+00:00,UNO,"ST,1107824,GGRR,C,0,0,210",6,71a8b96
2026-10-07T17:44:10.212497+00:00,2026-10-07T18:02:40.243249+00:00,UNO,"ST,1108000,GGRR,C,0,0,210",6,71a8b96
2026-10-07T17:44:10.212497+00:00,2026-10-07T18:02:40.742652+00:00,UNO,"ST,1108500,GGRR,C,0,0,210",6,71a8b96
2026-10-07T17:44:10.212497+00:00,2026-10-07T18:02:41.242731+00:00,UNO,"ST,1109000,GGRR,C,0,0,210",6,71a8b96
2026-10-07T17:44:10.212497+00:00,2026-10-07T18:02:41.743449+00:00,UNO,"ST,1109500,GGRR,C,0,0,210",6,71a8b96
2026-10-07T17:44:10.212497+00:00,2026-10-07T18:02:42.243493+00:00,UNO,"ST,1110000,GGRR,C,0,0,210",6,71a8b96
2026-10-07T17:44:10.212497+00:00,2026-10-07T18:02:42.742890+00:00,UNO,"ST,1110500,GGRR,C,0,0,210",6,71a8b96
2026-10-07T17:44:10.212497+00:00,2026-10-07T18:02:43.067935+00:00,UNO,"ST,1110824,YYRR,C,0,0,210",6,71a8b96
2026-10-07T17:44:10.212497+00:00,2026-10-07T18:02:43.242949+00:00,UNO,"ST,1111000,YYRR,C,0,0,210",6,71a8b96
2026-10-07T17:44:10.212497+00:00,2026-10-07T18:02:43.743669+00:00,UNO,"ST,1111500,YYRR,C,0,0,210",6,71a8b96
2026-10-07T17:44:10.212497+00:00,2026-10-07T18:02:44.243704+00:00,UNO,"ST,1112000,YYRR,C,0,0,210",6,71a8b96
2026-10-07T17:44:10.212497+00:00,2026-10-07T18:02:44.743770+00:00,UNO,"ST,1112500,YYRR,C,0,0,210",6,71a8b96
2026-10-07T17:44:10.212497+00:00,2026-10-07T18:02:45.068165+00:00,UNO,"ST,1112824,RRRR,C,0,0,210",6,71a8b96
2026-10-07T17:44:10.212497+00:00,2026-10-07T18:02:45.244835+00:00,UNO,"ST,1113000,RRRR,C,0,0,210",6,71a8b96
2026-10-07T17:44:10.212497+00:00,2026-10-07T18:02:45.744245+00:00,UNO,"ST,1113500,RRRR,C,0,0,210",6,71a8b96
2026-10-07T17:44:10.212497+00:00,2026-10-07T18:02:46.067936+00:00,UNO,"ST,1113824,RRGG,C,0,0,210",6,71a8b96
2026-10-07T17:44:10.212497+00:00,2026-10-07T18:02:46.243970+00:00,UNO,"ST,1114000,RRGG,C,0,0,210",6,71a8b96
2026-10-07T17:44:10.212497+00:00,2026-10-07T18:02:46.743996+00:00,UNO,"ST,1114500,RRGG,C,0,0,210",6,71a8b96
2026-10-07T17:44:10.212497+00:00,2026-10-07T18:02:47.245057+00:00,UNO,"ST,1115000,RRGG,C,0,0,210",6,71a8b96
2026-10-07T17:44:10.212497+00:00,2026-10-07T18:02:47.744466+00:00,UNO,"ST,1115500,RRGG,C,0,0,210",6,71a8b96
2026-10-07T17:44:10.212497+00:00,2026-10-07T18:02:48.244544+00:00,UNO,"ST,1116000,RRGG,C,0,0,210",6,71a8b96
2026-10-07T17:44:10.212497+00:00,2026-10-07T18:02:48.745315+00:00,UNO,"ST,1116500,RRGG,C,0,0,210",6,71a8b96
2026-10-07T17:44:10.212497+00:00,2026-10-07T18:02:49.069277+00:00,UNO,"ST,1116824,RRYY,C,0,0,210",6,71a8b96
2026-10-07T17:44:10.212497+00:00,2026-10-07T18:02:49.245302+00:00,UNO,"ST,1117000,RRYY,C,0,0,210",6,71a8b96
2026-10-07T17:44:10.212497+00:00,2026-10-07T18:02:49.745399+00:00,UNO,"ST,1117500,RRYY,C,0,0,210",6,71a8b96
2026-10-07T17:44:10.212497+00:00,2026-10-07T18:02:50.245408+00:00,UNO,"ST,1118000,RRYY,C,0,0,210",6,71a8b96
2026-10-07T17:44:10.212497+00:00,2026-10-07T18:02:50.745832+00:00,UNO,"ST,1118500,RRYY,C,0,0,210",6,71a8b96
2026-10-07T17:44:10.212497+00:00,2026-10-07T18:02:51.069519+00:00,UNO,"ST,1118824,RRRR,C,0,0,210",6,71a8b96
2026-10-07T17:44:10.212497+00:00,2026-10-07T18:02:51.245530+00:00,UNO,"ST,1119000,RRRR,C,0,0,210",6,71a8b96
2026-10-07T17:44:10.212497+00:00,2026-10-07T18:02:51.745597+00:00,UNO,"ST,1119500,RRRR,C,0,0,210",6,71a8b96
2026-10-07T17:44:10.212497+00:00,2026-10-07T18:02:52.070637+00:00,UNO,"ST,1119824,GGRR,C,0,0,210",6,71a8b96
2026-10-07T17:44:10.212497+00:00,2026-10-07T18:02:52.245647+00:00,UNO,"ST,1120000,GGRR,C,0,0,210",6,71a8b96
2026-10-07T17:44:10.212497+00:00,2026-10-07T18:02:52.746063+00:00,UNO,"ST,1120500,GGRR,C,0,0,210",6,71a8b96
2026-10-07T17:44:10.212497+00:00,2026-10-07T18:02:53.246125+00:00,UNO,"ST,1121000,GGRR,C,0,0,210",6,71a8b96
2026-10-07T17:44:10.212497+00:00,2026-10-07T18:02:53.746180+00:00,UNO,"ST,1121500,GGRR,C,0,0,210",6,71a8b96
2026-10-07T17:44:10.212497+00:00,2026-10-07T18:02:54.246880+00:00,UNO,"ST,1122000,GGRR,C,0,0,210",6,71a8b96
2026-10-07T17:44:10.212497+00:00,2026-10-07T18:02:54.746939+00:00,UNO,"ST,1122500,GGRR,C,0,0,210",6,71a8b96
2026-10-07T17:44:10.212497+00:00,2026-10-07T18:02:55.070318+00:00,UNO,"ST,1122824,YYRR,C,0,0,210",6,71a8b96
2026-10-07T17:44:10.212497+00:00,2026-10-07T18:02:55.246353+00:00,UNO,"ST,1123000,YYRR,C,0,0,210",6,71a8b96
2026-10-07T17:44:10.212497+00:00,2026-10-07T18:02:55.746422+00:00,UNO,"ST,1123500,YYRR,C,0,0,210",6,71a8b96
2026-10-07T17:44:10.212497+00:00,2026-10-07T18:02:56.247123+00:00,UNO,"ST,1124000,YYRR,C,0,0,210",6,71a8b96
2026-10-07T17:44:10.212497+00:00,2026-10-07T18:02:56.747176+00:00,UNO,"ST,1124500,YYRR,C,0,0,210",6,71a8b96
2026-10-07T17:44:10.212497+00:00,2026-10-07T18:02:57.070563+00:00,UNO,"ST,1124824,RRRR,C,0,0,210",6,71a8b96
2026-10-07T17:44:10.212497+00:00,2026-10-07T18:02:57.247218+00:00,UNO,"ST,1125000,RRRR,C,0,0,210",6,71a8b96
2026-10-07T17:44:10.212497+00:00,2026-10-07T18:02:57.747631+00:00,UNO,"ST,1125500,RRRR,C,0,0,210",6,71a8b96
2026-10-07T17:44:10.212497+00:00,2026-10-07T18:02:58.071345+00:00,UNO,"ST,1125824,RRGG,C,0,0,210",6,71a8b96
2026-10-07T17:44:10.212497+00:00,2026-10-07T18:02:58.247697+00:00,UNO,"ST,1126000,RRGG,C,0,0,210",6,71a8b96
2026-10-07T17:44:10.212497+00:00,2026-10-07T18:02:58.747421+00:00,UNO,"ST,1126500,RRGG,C,0,0,210",6,71a8b96
2026-10-07T17:44:10.212497+00:00,2026-10-07T18:02:59.247465+00:00,UNO,"ST,1127000,RRGG,C,0,0,210",6,71a8b96
2026-10-07T17:44:10.212497+00:00,2026-10-07T18:02:59.748536+00:00,UNO,"ST,1127500,RRGG,C,0,0,210",6,71a8b96
2026-10-07T17:44:10.212497+00:00,2026-10-07T18:03:00.247942+00:00,UNO,"ST,1128000,RRGG,C,0,0,210",6,71a8b96
2026-10-07T17:44:10.212497+00:00,2026-10-07T18:03:00.748211+00:00,UNO,"ST,1128500,RRGG,C,0,0,210",6,71a8b96
2026-10-07T17:44:10.212497+00:00,2026-10-07T18:03:01.072677+00:00,UNO,"ST,1128824,RRYY,C,0,0,210",6,71a8b96
2026-10-07T17:44:10.212497+00:00,2026-10-07T18:03:01.248699+00:00,UNO,"ST,1129000,RRYY,C,0,0,210",6,71a8b96
2026-10-07T17:44:10.212497+00:00,2026-10-07T18:03:01.748768+00:00,UNO,"ST,1129500,RRYY,C,0,0,210",6,71a8b96
2026-10-07T17:44:10.212497+00:00,2026-10-07T18:03:02.248822+00:00,UNO,"ST,1130000,RRYY,C,0,0,210",6,71a8b96
2026-10-07T17:44:10.212497+00:00,2026-10-07T18:03:02.748217+00:00,UNO,"ST,1130500,RRYY,C,0,0,210",6,71a8b96
2026-10-07T17:44:10.212497+00:00,2026-10-07T18:03:03.073072+00:00,UNO,"ST,1130824,RRRR,C,0,0,210",6,71a8b96
2026-10-07T17:44:10.212497+00:00,2026-10-07T18:03:03.249285+00:00,UNO,"ST,1131000,RRRR,C,0,0,210",6,71a8b96
2026-10-07T17:44:10.212497+00:00,2026-10-07T18:03:03.748991+00:00,UNO,"ST,1131500,RRRR,C,0,0,210",6,71a8b96
2026-10-07T17:44:10.212497+00:00,2026-10-07T18:03:04.073031+00:00,UNO,"ST,1131824,GGRR,C,0,0,210",6,71a8b96
2026-10-07T17:44:10.212497+00:00,2026-10-07T18:03:04.249040+00:00,UNO,"ST,1132000,GGRR,C,0,0,210",6,71a8b96
2026-10-07T17:44:10.212497+00:00,2026-10-07T18:03:04.750093+00:00,UNO,"ST,1132500,GGRR,C,0,0,210",6,71a8b96
2026-10-07T17:44:10.212497+00:00,2026-10-07T18:03:05.249511+00:00,UNO,"ST,1133000,GGRR,C,0,0,210",6,71a8b96
2026-10-07T17:44:10.212497+00:00,2026-10-07T18:03:05.749565+00:00,UNO,"ST,1133500,GGRR,C,0,0,210",6,71a8b96
2026-10-07T17:44:10.212497+00:00,2026-10-07T18:03:06.249270+00:00,UNO,"ST,1134000,GGRR,C,0,0,210",6,71a8b96
2026-10-07T17:44:10.212497+00:00,2026-10-07T18:03:06.750336+00:00,UNO,"ST,1134500,GGRR,C,0,0,210",6,71a8b96
2026-10-07T17:44:10.212497+00:00,2026-10-07T18:03:07.073734+00:00,UNO,"ST,1134824,YYRR,C,0,0,210",6,71a8b96
2026-10-07T17:44:10.212497+00:00,2026-10-07T18:03:07.250405+00:00,UNO,"ST,1135000,YYRR,C,0,0,210",6,71a8b96
2026-10-07T17:44:10.212497+00:00,2026-10-07T18:03:07.749820+00:00,UNO,"ST,1135500,YYRR,C,0,0,210",6,71a8b96
2026-10-07T17:44:10.212497+00:00,2026-10-07T18:03:08.249517+00:00,UNO,"ST,1136000,YYRR,C,0,0,210",6,71a8b96
2026-10-07T17:44:10.212497+00:00,2026-10-07T18:03:08.750572+00:00,UNO,"ST,1136500,YYRR,C,0,0,210",6,71a8b96
2026-10-07T17:44:10.212497+00:00,2026-10-07T18:03:09.074613+00:00,UNO,"ST,1136824,RRRR,C,0,0,210",6,71a8b96
2026-10-07T17:44:10.212497+00:00,2026-10-07T18:03:09.250645+00:00,UNO,"ST,1137000,RRRR,C,0,0,210",6,71a8b96
2026-10-07T17:44:10.212497+00:00,2026-10-07T18:03:09.750081+00:00,UNO,"ST,1137500,RRRR,C,0,0,210",6,71a8b96
2026-10-07T17:44:10.212497+00:00,2026-10-07T18:03:10.075080+00:00,UNO,"ST,1137824,RRGG,C,0,0,210",6,71a8b96
2026-10-07T17:44:10.212497+00:00,2026-10-07T18:03:10.251142+00:00,UNO,"ST,1138000,RRGG,C,0,0,210",6,71a8b96
2026-10-07T17:44:10.212497+00:00,2026-10-07T18:03:10.750796+00:00,UNO,"ST,1138500,RRGG,C,0,0,210",6,71a8b96
2026-10-07T17:44:10.212497+00:00,2026-10-07T18:03:11.250892+00:00,UNO,"ST,1139000,RRGG,C,0,0,210",6,71a8b96
2026-10-07T17:44:10.212497+00:00,2026-10-07T18:03:11.750979+00:00,UNO,"ST,1139500,RRGG,C,0,0,210",6,71a8b96
2026-10-07T17:44:10.212497+00:00,2026-10-07T18:03:12.251392+00:00,UNO,"ST,1140000,RRGG,C,0,0,210",6,71a8b96
2026-10-07T17:44:10.212497+00:00,2026-10-07T18:03:12.751494+00:00,UNO,"ST,1140500,RRGG,C,0,0,210",6,71a8b96
2026-10-07T17:44:10.212497+00:00,2026-10-07T18:03:13.075087+00:00,UNO,"ST,1140824,RRYY,C,0,0,210",6,71a8b96
2026-10-07T17:44:10.212497+00:00,2026-10-07T18:03:13.251538+00:00,UNO,"ST,1141000,RRYY,C,0,0,210",6,71a8b96
2026-10-07T17:44:10.212497+00:00,2026-10-07T18:03:13.752170+00:00,UNO,"ST,1141500,RRYY,C,0,0,210",6,71a8b96
2026-10-07T17:44:10.212497+00:00,2026-10-07T18:03:14.252227+00:00,UNO,"ST,1142000,RRYY,C,0,0,210",6,71a8b96
2026-10-07T17:44:10.212497+00:00,2026-10-07T18:03:14.751685+00:00,UNO,"ST,1142500,RRYY,C,0,0,210",6,71a8b96
2026-10-07T17:44:10.212497+00:00,2026-10-07T18:03:15.076655+00:00,UNO,"ST,1142824,RRRR,C,0,0,210",6,71a8b96
2026-10-07T17:44:10.212497+00:00,2026-10-07T18:03:15.251769+00:00,UNO,"ST,1143000,RRRR,C,0,0,210",6,71a8b96
2026-10-07T17:44:10.212497+00:00,2026-10-07T18:03:15.752401+00:00,UNO,"ST,1143500,RRRR,C,0,0,210",6,71a8b96
2026-10-07T17:44:10.212497+00:00,2026-10-07T18:03:16.076450+00:00,UNO,"ST,1143824,GGRR,C,0,0,210",6,71a8b96
2026-10-07T17:44:10.212497+00:00,2026-10-07T18:03:16.252456+00:00,UNO,"ST,1144000,GGRR,C,0,0,210",6,71a8b96
2026-10-07T17:44:10.212497+00:00,2026-10-07T18:03:16.752566+00:00,UNO,"ST,1144500,GGRR,C,0,0,210",6,71a8b96
2026-10-07T17:44:10.212497+00:00,2026-10-07T18:03:17.252914+00:00,UNO,"ST,1145000,GGRR,C,0,0,210",6,71a8b96
2026-10-07T17:44:10.212497+00:00,2026-10-07T18:03:17.752970+00:00,UNO,"ST,1145500,GGRR,C,0,0,210",6,71a8b96
2026-10-07T17:44:10.212497+00:00,2026-10-07T18:03:18.253031+00:00,UNO,"ST,1146000,GGRR,C,0,0,210",6,71a8b96
2026-10-07T17:44:10.212497+00:00,2026-10-07T18:03:18.752737+00:00,UNO,"ST,1146500,GGRR,C,0,0,210",6,71a8b96
2026-10-07T17:44:10.212497+00:00,2026-10-07T18:03:19.077781+00:00,UNO,"ST,1146824,YYRR,C,0,0,210",6,71a8b96
2026-10-07T17:44:10.212497+00:00,2026-10-07T18:03:19.253811+00:00,UNO,"ST,1147000,YYRR,C,0,0,210",6,71a8b96
2026-10-07T17:44:10.212497+00:00,2026-10-07T18:03:19.753327+00:00,UNO,"ST,1147500,YYRR,C,0,0,210",6,71a8b96
2026-10-07T17:44:10.212497+00:00,2026-10-07T18:03:20.253285+00:00,UNO,"ST,1148000,YYRR,C,0,0,210",6,71a8b96
2026-10-07T17:44:10.212497+00:00,2026-10-07T18:03:20.753996+00:00,UNO,"ST,1148500,YYRR,C,0,0,210",6,71a8b96
2026-10-07T17:44:10.212497+00:00,2026-10-07T18:03:21.078058+00:00,UNO,"ST,1148824,RRRR,C,0,0,210",6,71a8b96
2026-10-07T17:44:10.212497+00:00,2026-10-07T18:03:21.254066+00:00,UNO,"ST,1149000,RRRR,C,0,0,210",6,71a8b96
2026-10-07T17:44:10.212497+00:00,2026-10-07T18:03:21.754099+00:00,UNO,"ST,1149500,RRRR,C,0,0,210",6,71a8b96
2026-10-07T17:44:10.212497+00:00,2026-10-07T18:03:22.077514+00:00,UNO,"ST,1149824,RRGG,C,0,0,210",6,71a8b96
2026-10-07T17:44:10.212497+00:00,2026-10-07T18:03:22.253599+00:00,UNO,"ST,1150000,RRGG,C,0,0,210",6,71a8b96
2026-10-07T17:44:10.212497+00:00,2026-10-07T18:03:22.754550+00:00,UNO,"ST,1150500,RRGG,C,0,0,210",6,71a8b96
2026-10-07T17:44:10.212497+00:00,2026-10-07T18:03:23.254278+00:00,UNO,"ST,1151000,RRGG,C,0,0,210",6,71a8b96
2026-10-07T17:44:10.212497+00:00,2026-10-07T18:03:23.754355+00:00,UNO,"ST,1151500,RRGG,C,0,0,210",6,71a8b96
2026-10-07T17:44:10.212497+00:00,2026-10-07T18:03:24.254384+00:00,UNO,"ST,1152000,RRGG,C,0,0,210",6,71a8b96
2026-10-07T17:44:10.212497+00:00,2026-10-07T18:03:24.754784+00:00,UNO,"ST,1152500,RRGG,C,0,0,210",6,71a8b96
2026-10-07T17:44:10.212497+00:00,2026-10-07T18:03:25.078485+00:00,UNO,"ST,1152824,RRYY,C,0,0,210",6,71a8b96
2026-10-07T17:44:10.212497+00:00,2026-10-07T18:03:25.254863+00:00,UNO,"ST,1153000,RRYY,C,0,0,210",6,71a8b96
2026-10-07T17:44:10.212497+00:00,2026-10-07T18:03:25.754543+00:00,UNO,"ST,1153500,RRYY,C,0,0,210",6,71a8b96
2026-10-07T17:44:10.212497+00:00,2026-10-07T18:03:26.255608+00:00,UNO,"ST,1154000,RRYY,C,0,0,210",6,71a8b96
2026-10-07T17:44:10.212497+00:00,2026-10-07T18:03:26.755748+00:00,UNO,"ST,1154500,RRYY,C,0,0,210",6,71a8b96
2026-10-07T17:44:10.212497+00:00,2026-10-07T18:03:27.079140+00:00,UNO,"ST,1154824,RRRR,C,0,0,210",6,71a8b96
2026-10-07T17:44:10.212497+00:00,2026-10-07T18:03:27.255071+00:00,UNO,"ST,1155000,RRRR,C,0,0,210",6,71a8b96
2026-10-07T17:44:10.212497+00:00,2026-10-07T18:03:27.755173+00:00,UNO,"ST,1155500,RRRR,C,0,0,210",6,71a8b96
2026-10-07T17:44:10.212497+00:00,2026-10-07T18:03:28.079830+00:00,UNO,"ST,1155824,GGRR,C,0,0,210",6,71a8b96
2026-10-07T17:44:10.212497+00:00,2026-10-07T18:03:28.255837+00:00,UNO,"ST,1156000,GGRR,C,0,0,210",6,71a8b96
2026-10-07T17:44:10.212497+00:00,2026-10-07T18:03:28.755915+00:00,UNO,"ST,1156500,GGRR,C,0,0,210",6,71a8b96
2026-10-07T17:44:10.212497+00:00,2026-10-07T18:03:29.255955+00:00,UNO,"ST,1157000,GGRR,C,0,0,210",6,71a8b96
2026-10-07T17:44:10.212497+00:00,2026-10-07T18:03:29.756383+00:00,UNO,"ST,1157500,GGRR,C,0,0,210",6,71a8b96
2026-10-07T17:44:10.212497+00:00,2026-10-07T18:03:30.256423+00:00,UNO,"ST,1158000,GGRR,C,0,0,210",6,71a8b96
2026-10-07T17:44:10.212497+00:00,2026-10-07T18:03:30.756151+00:00,UNO,"ST,1158500,GGRR,C,0,0,210",6,71a8b96
2026-10-07T17:44:10.212497+00:00,2026-10-07T18:03:31.081182+00:00,UNO,"ST,1158824,YYRR,C,0,0,210",6,71a8b96
2026-10-07T17:44:10.212497+00:00,2026-10-07T18:03:31.256194+00:00,UNO,"ST,1159000,YYRR,C,0,0,210",6,71a8b96
2026-10-07T17:44:10.212497+00:00,2026-10-07T18:03:31.757261+00:00,UNO,"ST,1159500,YYRR,C,0,0,210",6,71a8b96
2026-10-07T17:44:10.212497+00:00,2026-10-07T18:03:32.256669+00:00,UNO,"ST,1160000,YYRR,C,0,0,210",6,71a8b96
2026-10-07T17:44:10.212497+00:00,2026-10-07T18:03:32.756715+00:00,UNO,"ST,1160500,YYRR,C,0,0,210",6,71a8b96
2026-10-07T17:44:10.212497+00:00,2026-10-07T18:03:33.081401+00:00,UNO,"ST,1160824,RRRR,C,0,0,210",6,71a8b96
2026-10-07T17:44:10.212497+00:00,2026-10-07T18:03:33.257472+00:00,UNO,"ST,1161000,RRRR,C,0,0,210",6,71a8b96
2026-10-07T17:44:10.212497+00:00,2026-10-07T18:03:33.757508+00:00,UNO,"ST,1161500,RRRR,C,0,0,210",6,71a8b96
2026-10-07T17:44:10.212497+00:00,2026-10-07T18:03:34.081534+00:00,UNO,"ST,1161824,RRGG,C,0,0,210",6,71a8b96
2026-10-07T17:44:10.212497+00:00,2026-10-07T18:03:34.257545+00:00,UNO,"ST,1162000,RRGG,C,0,0,210",6,71a8b96
2026-10-07T17:44:10.212497+00:00,2026-10-07T18:03:34.756966+00:00,UNO,"ST,1162500,RRGG,C,0,0,210",6,71a8b96
2026-10-07T17:44:10.212497+00:00,2026-10-07T18:03:35.257660+00:00,UNO,"ST,1163000,RRGG,C,0,0,210",6,71a8b96
2026-10-07T17:44:10.212497+00:00,2026-10-07T18:03:35.757728+00:00,UNO,"ST,1163500,RRGG,C,0,0,210",6,71a8b96
2026-10-07T17:44:10.212497+00:00,2026-10-07T18:03:36.257767+00:00,UNO,"ST,1164000,RRGG,C,0,0,210",6,71a8b96
2026-10-07T17:44:10.212497+00:00,2026-10-07T18:03:36.758846+00:00,UNO,"ST,1164500,RRGG,C,0,0,210",6,71a8b96
2026-10-07T17:44:10.212497+00:00,2026-10-07T18:03:37.082227+00:00,UNO,"ST,1164824,RRYY,C,0,0,210",6,71a8b96
2026-10-07T17:44:10.212497+00:00,2026-10-07T18:03:37.258252+00:00,UNO,"ST,1165000,RRYY,C,0,0,210",6,71a8b96
2026-10-07T17:44:10.212497+00:00,2026-10-07T18:03:37.757947+00:00,UNO,"ST,1165500,RRYY,C,0,0,210",6,71a8b96
2026-10-07T17:44:10.212497+00:00,2026-10-07T18:03:38.258029+00:00,UNO,"ST,1166000,RRYY,C,0,0,210",6,71a8b96
2026-10-07T17:44:10.212497+00:00,2026-10-07T18:03:38.759133+00:00,UNO,"ST,1166500,RRYY,C,0,0,210",6,71a8b96
2026-10-07T17:44:10.212497+00:00,2026-10-07T18:03:39.082467+00:00,UNO,"ST,1166824,RRRR,C,0,0,210",6,71a8b96
2026-10-07T17:44:10.212497+00:00,2026-10-07T18:03:39.259184+00:00,UNO,"ST,1167000,RRRR,C,0,0,210",6,71a8b96
2026-10-07T17:44:10.212497+00:00,2026-10-07T18:03:39.758894+00:00,UNO,"ST,1167500,RRRR,C,0,0,210",6,71a8b96
2026-10-07T17:44:10.212497+00:00,2026-10-07T18:03:40.083586+00:00,UNO,"ST,1167824,GGRR,C,0,0,210",6,71a8b96
2026-10-07T17:44:10.212497+00:00,2026-10-07T18:03:40.258602+00:00,UNO,"ST,1168000,GGRR,C,0,0,210",6,71a8b96
2026-10-07T17:44:10.212497+00:00,2026-10-07T18:03:40.759375+00:00,UNO,"ST,1168500,GGRR,C,0,0,210",6,71a8b96
2026-10-07T17:44:10.212497+00:00,2026-10-07T18:03:41.259434+00:00,UNO,"ST,1169000,GGRR,C,0,0,210",6,71a8b96
2026-10-07T17:44:10.212497+00:00,2026-10-07T18:03:41.758795+00:00,UNO,"ST,1169500,GGRR,C,0,0,210",6,71a8b96
2026-10-07T17:44:10.212497+00:00,2026-10-07T18:03:42.259822+00:00,UNO,"ST,1170000,GGRR,C,0,0,210",6,71a8b96
2026-10-07T17:44:10.212497+00:00,2026-10-07T18:03:42.759547+00:00,UNO,"ST,1170500,GGRR,C,0,0,210",6,71a8b96
2026-10-07T17:44:10.212497+00:00,2026-10-07T18:03:43.083572+00:00,UNO,"ST,1170824,YYRR,C,0,0,210",6,71a8b96
2026-10-07T17:44:10.212497+00:00,2026-10-07T18:03:43.259708+00:00,UNO,"ST,1171000,YYRR,C,0,0,210",6,71a8b96
2026-10-07T17:44:10.212497+00:00,2026-10-07T18:03:43.759672+00:00,UNO,"ST,1171500,YYRR,C,0,0,210",6,71a8b96
2026-10-07T17:44:10.212497+00:00,2026-10-07T18:03:44.260072+00:00,UNO,"ST,1172000,YYRR,C,0,0,210",6,71a8b96
2026-10-07T17:44:10.212497+00:00,2026-10-07T18:03:44.760112+00:00,UNO,"ST,1172500,YYRR,C,0,0,210",6,71a8b96
2026-10-07T17:44:10.212497+00:00,2026-10-07T18:03:45.083810+00:00,UNO,"ST,1172824,RRRR,C,0,0,210",6,71a8b96
2026-10-07T17:44:10.212497+00:00,2026-10-07T18:03:45.259834+00:00,UNO,"ST,1173000,RRRR,C,0,0,210",6,71a8b96
2026-10-07T17:44:10.212497+00:00,2026-10-07T18:03:45.760901+00:00,UNO,"ST,1173500,RRRR,C,0,0,210",6,71a8b96
2026-10-07T17:44:10.212497+00:00,2026-10-07T18:03:46.085923+00:00,UNO,"ST,1173824,RRGG,C,0,0,210",6,71a8b96
2026-10-07T17:44:10.212497+00:00,2026-10-07T18:03:46.260932+00:00,UNO,"ST,1174000,RRGG,C,0,0,210",6,71a8b96
2026-10-07T17:44:10.212497+00:00,2026-10-07T18:03:46.760348+00:00,UNO,"ST,1174500,RRGG,C,0,0,210",6,71a8b96
2026-10-07T17:44:10.212497+00:00,2026-10-07T18:03:47.260406+00:00,UNO,"ST,1175000,RRGG,C,0,0,210",6,71a8b96
2026-10-07T17:44:10.212497+00:00,2026-10-07T18:03:47.761155+00:00,UNO,"ST,1175500,RRGG,C,0,0,210",6,71a8b96
2026-10-07T17:44:10.212497+00:00,2026-10-07T18:03:48.261169+00:00,UNO,"ST,1176000,RRGG,C,0,0,210",6,71a8b96
2026-10-07T17:44:10.212497+00:00,2026-10-07T18:03:48.761236+00:00,UNO,"ST,1176500,RRGG,C,0,0,210",6,71a8b96
2026-10-07T17:44:10.212497+00:00,2026-10-07T18:03:49.085626+00:00,UNO,"ST,1176824,RRYY,C,0,0,210",6,71a8b96
2026-10-07T17:44:10.212497+00:00,2026-10-07T18:03:49.261658+00:00,UNO,"ST,1177000,RRYY,C,0,0,210",6,71a8b96
2026-10-07T17:44:10.212497+00:00,2026-10-07T18:03:49.761727+00:00,UNO,"ST,1177500,RRYY,C,0,0,210",6,71a8b96
2026-10-07T17:44:10.212497+00:00,2026-10-07T18:03:50.261428+00:00,UNO,"ST,1178000,RRYY,C,0,0,210",6,71a8b96
2026-10-07T17:44:10.212497+00:00,2026-10-07T18:03:50.761492+00:00,UNO,"ST,1178500,RRYY,C,0,0,210",6,71a8b96
2026-10-07T17:44:10.212497+00:00,2026-10-07T18:03:51.086513+00:00,UNO,"ST,1178824,RRRR,C,0,0,210",6,71a8b96
2026-10-07T17:44:10.212497+00:00,2026-10-07T18:03:51.262531+00:00,UNO,"ST,1179000,RRRR,C,0,0,210",6,71a8b96
2026-10-07T17:44:10.212497+00:00,2026-10-07T18:03:51.762594+00:00,UNO,"ST,1179500,RRRR,C,0,0,210",6,71a8b96
2026-10-07T17:44:10.212497+00:00,2026-10-07T18:03:52.085982+00:00,UNO,"ST,1179824,GGRR,C,0,0,210",6,71a8b96
2026-10-07T17:44:10.212497+00:00,2026-10-07T18:03:52.261990+00:00,UNO,"ST,1180000,GGRR,C,0,0,210",6,71a8b96
2026-10-07T17:44:10.212497+00:00,2026-10-07T18:03:52.762694+00:00,UNO,"ST,1180500,GGRR,C,0,0,210",6,71a8b96
2026-10-07T17:44:10.212497+00:00,2026-10-07T18:03:53.262775+00:00,UNO,"ST,1181000,GGRR,C,0,0,210",6,71a8b96
2026-10-07T17:44:10.212497+00:00,2026-10-07T18:03:53.762868+00:00,UNO,"ST,1181500,GGRR,C,0,0,210",6,71a8b96
2026-10-07T17:44:10.212497+00:00,2026-10-07T18:03:54.262218+00:00,UNO,"ST,1182000,GGRR,C,0,0,210",6,71a8b96
2026-10-07T17:44:10.212497+00:00,2026-10-07T18:03:54.763293+00:00,UNO,"ST,1182500,GGRR,C,0,0,210",6,71a8b96
2026-10-07T17:44:10.212497+00:00,2026-10-07T18:03:55.086975+00:00,UNO,"ST,1182824,YYRR,C,0,0,210",6,71a8b96
2026-10-07T17:44:10.212497+00:00,2026-10-07T18:03:55.262993+00:00,UNO,"ST,1183000,YYRR,C,0,0,210",6,71a8b96
2026-10-07T17:44:10.212497+00:00,2026-10-07T18:03:55.763057+00:00,UNO,"ST,1183500,YYRR,C,0,0,210",6,71a8b96
2026-10-07T17:44:10.212497+00:00,2026-10-07T18:03:56.263108+00:00,UNO,"ST,1184000,YYRR,C,0,0,210",6,71a8b96
2026-10-07T17:44:10.212497+00:00,2026-10-07T18:03:56.763550+00:00,UNO,"ST,1184500,YYRR,C,0,0,210",6,71a8b96
2026-10-07T17:44:10.212497+00:00,2026-10-07T18:03:57.087215+00:00,UNO,"ST,1184824,RRRR,C,0,0,210",6,71a8b96
2026-10-07T17:44:10.212497+00:00,2026-10-07T18:03:57.263228+00:00,UNO,"ST,1185000,RRRR,C,0,0,210",6,71a8b96
2026-10-07T17:44:10.212497+00:00,2026-10-07T18:03:57.763298+00:00,UNO,"ST,1185500,RRRR,C,0,0,210",6,71a8b96
2026-10-07T17:44:10.212497+00:00,2026-10-07T18:03:58.088328+00:00,UNO,"ST,1185824,RRGG,C,0,0,210",6,71a8b96
2026-10-07T17:44:10.212497+00:00,2026-10-07T18:03:58.264344+00:00,UNO,"ST,1186000,RRGG,C,0,0,210",6,71a8b96
2026-10-07T17:44:10.212497+00:00,2026-10-07T18:03:58.764417+00:00,UNO,"ST,1186500,RRGG,C,0,0,210",6,71a8b96
2026-10-07T17:44:10.212497+00:00,2026-10-07T18:03:59.263806+00:00,UNO,"ST,1187000,RRGG,C,0,0,210",6,71a8b96
2026-10-07T17:44:10.212497+00:00,2026-10-07T18:03:59.763900+00:00,UNO,"ST,1187500,RRGG,C,0,0,210",6,71a8b96
2026-10-07T17:44:10.212497+00:00,2026-10-07T18:04:00.264585+00:00,UNO,"ST,1188000,RRGG,C,0,0,210",6,71a8b96
2026-10-07T17:44:10.212497+00:00,2026-10-07T18:04:00.764658+00:00,UNO,"ST,1188500,RRGG,C,0,0,210",6,71a8b96
2026-10-07T17:44:10.212497+00:00,2026-10-07T18:04:01.088021+00:00,UNO,"ST,1188824,RRYY,C,0,0,210",6,71a8b96
2026-10-07T17:44:10.212497+00:00,2026-10-07T18:04:01.264054+00:00,UNO,"ST,1189000,RRYY,C,0,0,210",6,71a8b96
2026-10-07T17:44:10.212497+00:00,2026-10-07T18:04:01.765106+00:00,UNO,"ST,1189500,RRYY,C,0,0,210",6,71a8b96
2026-10-07T17:44:10.212497+00:00,2026-10-07T18:04:02.265170+00:00,UNO,"ST,1190000,RRYY,C,0,0,210",6,71a8b96
2026-10-07T17:44:10.212497+00:00,2026-10-07T18:04:02.764896+00:00,UNO,"ST,1190500,RRYY,C,0,0,210",6,71a8b96
2026-10-07T17:44:10.212497+00:00,2026-10-07T18:04:03.089907+00:00,UNO,"ST,1190824,RRRR,C,0,0,210",6,71a8b96
2026-10-07T17:44:10.212497+00:00,2026-10-07T18:04:03.264951+00:00,UNO,"ST,1191000,RRRR,C,0,0,210",6,71a8b96
2026-10-07T17:44:10.212497+00:00,2026-10-07T18:04:03.765992+00:00,UNO,"ST,1191500,RRRR,C,0,0,210",6,71a8b96
2026-10-07T17:44:10.212497+00:00,2026-10-07T18:04:04.089393+00:00,UNO,"ST,1191824,GGRR,C,0,0,210",6,71a8b96
2026-10-07T17:44:10.212497+00:00,2026-10-07T18:04:04.265421+00:00,UNO,"ST,1192000,GGRR,C,0,0,210",6,71a8b96
2026-10-07T17:44:10.212497+00:00,2026-10-07T18:04:04.765461+00:00,UNO,"ST,1192500,GGRR,C,0,0,210",6,71a8b96
2026-10-07T17:44:10.212497+00:00,2026-10-07T18:04:05.266169+00:00,UNO,"ST,1193000,GGRR,C,0,0,210",6,71a8b96
2026-10-07T17:44:10.212497+00:00,2026-10-07T18:04:05.766224+00:00,UNO,"ST,1193500,GGRR,C,0,0,210",6,71a8b96
2026-10-07T17:44:10.212497+00:00,2026-10-07T18:04:06.265625+00:00,UNO,"ST,1194000,GGRR,C,0,0,210",6,71a8b96
2026-10-07T17:44:10.212497+00:00,2026-10-07T18:04:06.765679+00:00,UNO,"ST,1194500,GGRR,C,0,0,210",6,71a8b96
2026-10-07T17:44:10.212497+00:00,2026-10-07T18:04:07.090398+00:00,UNO,"ST,1194824,YYRR,C,0,0,210",6,71a8b96
2026-10-07T17:44:10.212497+00:00,2026-10-07T18:04:07.266427+00:00,UNO,"ST,1195000,YYRR,C,0,0,210",6,71a8b96
2026-10-07T17:44:10.212497+00:00,2026-10-07T18:04:07.766454+00:00,UNO,"ST,1195500,YYRR,C,0,0,210",6,71a8b96
2026-10-07T17:44:10.212497+00:00,2026-10-07T18:04:08.266520+00:00,UNO,"ST,1196000,YYRR,C,0,0,210",6,71a8b96
2026-10-07T17:44:10.212497+00:00,2026-10-07T18:04:08.766915+00:00,UNO,"ST,1196500,YYRR,C,0,0,210",6,71a8b96
2026-10-07T17:44:10.212497+00:00,2026-10-07T18:04:09.090988+00:00,UNO,"ST,1196824,RRRR,C,0,0,210",6,71a8b96
2026-10-07T17:44:10.212497+00:00,2026-10-07T18:04:09.266994+00:00,UNO,"ST,1197000,RRRR,C,0,0,210",6,71a8b96
2026-10-07T17:44:10.212497+00:00,2026-10-07T18:04:09.766720+00:00,UNO,"ST,1197500,RRRR,C,0,0,210",6,71a8b96
2026-10-07T17:44:10.212497+00:00,2026-10-07T18:04:10.090723+00:00,UNO,"ST,1197824,RRGG,C,0,0,210",6,71a8b96
2026-10-07T17:44:10.212497+00:00,2026-10-07T18:04:10.266786+00:00,UNO,"ST,1198000,RRGG,C,0,0,210",6,71a8b96
2026-10-07T17:44:10.212497+00:00,2026-10-07T18:04:10.767793+00:00,UNO,"ST,1198500,RRGG,C,0,0,210",6,71a8b96
2026-10-07T17:44:10.212497+00:00,2026-10-07T18:04:11.267226+00:00,UNO,"ST,1199000,RRGG,C,0,0,210",6,71a8b96
2026-10-07T17:44:10.212497+00:00,2026-10-07T18:04:11.767278+00:00,UNO,"ST,1199500,RRGG,C,0,0,210",6,71a8b96
2026-10-07T17:44:10.212497+00:00,2026-10-07T18:04:12.266983+00:00,UNO,"ST,1200000,RRGG,C,0,0,210",6,71a8b96
2026-10-07T17:44:10.212497+00:00,2026-10-07T18:04:12.768049+00:00,UNO,"ST,1200500,RRGG,C,0,0,210",6,71a8b96
2026-10-07T17:44:10.212497+00:00,2026-10-07T18:04:13.092086+00:00,UNO,"ST,1200824,RRYY,C,0,0,210",6,71a8b96
2026-10-07T17:44:10.212497+00:00,2026-10-07T18:04:13.268105+00:00,UNO,"ST,1201000,RRYY,C,0,0,210",6,71a8b96
2026-10-07T17:44:10.212497+00:00,2026-10-07T18:04:13.767498+00:00,UNO,"ST,1201500,RRYY,C,0,0,210",6,71a8b96
2026-10-07T17:44:10.212497+00:00,2026-10-07T18:04:14.268591+00:00,UNO,"ST,1202000,RRYY,C,0,0,210",6,71a8b96
2026-10-07T17:44:10.212497+00:00,2026-10-07T18:04:14.768355+00:00,UNO,"ST,1202500,RRYY,C,0,0,210",6,71a8b96
2026-10-07T17:44:10.212497+00:00,2026-10-07T18:04:15.092302+00:00,UNO,"ST,1202824,RRRR,C,0,0,210",6,71a8b96
2026-10-07T17:44:10.212497+00:00,2026-10-07T18:04:15.268342+00:00,UNO,"ST,1203000,RRRR,C,0,0,210",6,71a8b96
2026-10-07T17:44:10.212497+00:00,2026-10-07T18:04:15.768395+00:00,UNO,"ST,1203500,RRRR,C,0,0,210",6,71a8b96
2026-10-07T17:44:10.212497+00:00,2026-10-07T18:04:16.093417+00:00,UNO,"ST,1203824,GGRR,C,0,0,210",6,71a8b96
2026-10-07T17:44:10.212497+00:00,2026-10-07T18:04:16.268799+00:00,UNO,"ST,1204000,GGRR,C,0,0,210",6,71a8b96
2026-10-07T17:44:10.212497+00:00,2026-10-07T18:04:16.768849+00:00,UNO,"ST,1204500,GGRR,C,0,0,210",6,71a8b96
2026-10-07T17:44:10.212497+00:00,2026-10-07T18:04:17.268569+00:00,UNO,"ST,1205000,GGRR,C,0,0,210",6,71a8b96
2026-10-07T17:44:10.212497+00:00,2026-10-07T18:04:17.769634+00:00,UNO,"ST,1205500,GGRR,C,0,0,210",6,71a8b96
2026-10-07T17:44:10.212497+00:00,2026-10-07T18:04:18.269674+00:00,UNO,"ST,1206000,GGRR,C,0,0,210",6,71a8b96
2026-10-07T17:44:10.212497+00:00,2026-10-07T18:04:18.769082+00:00,UNO,"ST,1206500,GGRR,C,0,0,210",6,71a8b96
2026-10-07T17:44:10.212497+00:00,2026-10-07T18:04:19.093782+00:00,UNO,"ST,1206824,YYRR,C,0,0,210",6,71a8b96
2026-10-07T17:44:10.212497+00:00,2026-10-07T18:04:19.269159+00:00,UNO,"ST,1207000,YYRR,C,0,0,210",6,71a8b96
2026-10-07T17:44:10.212497+00:00,2026-10-07T18:04:19.769876+00:00,UNO,"ST,1207500,YYRR,C,0,0,210",6,71a8b96
2026-10-07T17:44:10.212497+00:00,2026-10-07T18:04:20.269904+00:00,UNO,"ST,1208000,YYRR,C,0,0,210",6,71a8b96
2026-10-07T17:44:10.212497+00:00,2026-10-07T18:04:20.769967+00:00,UNO,"ST,1208500,YYRR,C,0,0,210",6,71a8b96
2026-10-07T17:44:10.212497+00:00,2026-10-07T18:04:21.094360+00:00,UNO,"ST,1208824,RRRR,C,0,0,210",6,71a8b96
2026-10-07T17:44:10.212497+00:00,2026-10-07T18:04:21.270377+00:00,UNO,"ST,1209000,RRRR,C,0,0,210",6,71a8b96
2026-10-07T17:44:10.212497+00:00,2026-10-07T18:04:21.770431+00:00,UNO,"ST,1209500,RRRR,C,0,0,210",6,71a8b96
2026-10-07T17:44:10.212497+00:00,2026-10-07T18:04:22.094130+00:00,UNO,"ST,1209824,RRGG,C,0,0,210",6,71a8b96
2026-10-07T17:44:10.212497+00:00,2026-10-07T18:04:22.270138+00:00,UNO,"ST,1210000,RRGG,C,0,0,210",6,71a8b96
2026-10-07T17:44:10.212497+00:00,2026-10-07T18:04:22.770192+00:00,UNO,"ST,1210500,RRGG,C,0,0,210",6,71a8b96
2026-10-07T17:44:10.212497+00:00,2026-10-07T18:04:23.271255+00:00,UNO,"ST,1211000,RRGG,C,0,0,210",6,71a8b96
2026-10-07T17:44:10.212497+00:00,2026-10-07T18:04:23.770674+00:00,UNO,"ST,1211500,RRGG,C,0,0,210",6,71a8b96
2026-10-07T17:44:10.212497+00:00,2026-10-07T18:04:24.270740+00:00,UNO,"ST,1212000,RRGG,C,0,0,210",6,71a8b96
2026-10-07T17:44:10.212497+00:00,2026-10-07T18:04:24.771447+00:00,UNO,"ST,1212500,RRGG,C,0,0,210",6,71a8b96
2026-10-07T17:44:10.212497+00:00,2026-10-07T18:04:25.095485+00:00,UNO,"ST,1212824,RRYY,C,0,0,210",6,71a8b96
2026-10-07T17:44:10.212497+00:00,2026-10-07T18:04:25.271505+00:00,UNO,"ST,1213000,RRYY,C,0,0,210",6,71a8b96
2026-10-07T17:44:10.212497+00:00,2026-10-07T18:04:25.771550+00:00,UNO,"ST,1213500,RRYY,C,0,0,210",6,71a8b96
2026-10-07T17:44:10.212497+00:00,2026-10-07T18:04:26.270952+00:00,UNO,"ST,1214000,RRYY,C,0,0,210",6,71a8b96
2026-10-07T17:44:10.212497+00:00,2026-10-07T18:04:26.772012+00:00,UNO,"ST,1214500,RRYY,C,0,0,210",6,71a8b96
2026-10-07T17:44:10.212497+00:00,2026-10-07T18:04:27.095705+00:00,UNO,"ST,1214824,RRRR,C,0,0,210",6,71a8b96
2026-10-07T17:44:10.212497+00:00,2026-10-07T18:04:27.271723+00:00,UNO,"ST,1215000,RRRR,C,0,0,210",6,71a8b96
2026-10-07T17:44:10.212497+00:00,2026-10-07T18:04:27.771802+00:00,UNO,"ST,1215500,RRRR,C,0,0,210",6,71a8b96
2026-10-07T17:44:10.212497+00:00,2026-10-07T18:04:28.096826+00:00,UNO,"ST,1215824,GGRR,C,0,0,210",6,71a8b96
2026-10-07T17:44:10.212497+00:00,2026-10-07T18:04:28.271838+00:00,UNO,"ST,1216000,GGRR,C,0,0,210",6,71a8b96
2026-10-07T17:44:10.212497+00:00,2026-10-07T18:04:28.772255+00:00,UNO,"ST,1216500,GGRR,C,0,0,210",6,71a8b96
2026-10-07T17:44:10.212497+00:00,2026-10-07T18:04:29.272304+00:00,UNO,"ST,1217000,GGRR,C,0,0,210",6,71a8b96
2026-10-07T17:44:10.212497+00:00,2026-10-07T18:04:29.772036+00:00,UNO,"ST,1217500,GGRR,C,0,0,210",6,71a8b96
2026-10-07T17:44:10.212497+00:00,2026-10-07T18:04:30.273067+00:00,UNO,"ST,1218000,GGRR,C,0,0,210",6,71a8b96
2026-10-07T17:44:10.212497+00:00,2026-10-07T18:04:30.772487+00:00,UNO,"ST,1218500,GGRR,C,0,0,210",6,71a8b96
2026-10-07T17:44:10.212497+00:00,2026-10-07T18:04:31.096514+00:00,UNO,"ST,1218824,YYRR,C,0,0,210",6,71a8b96
2026-10-07T17:44:10.212497+00:00,2026-10-07T18:04:31.272539+00:00,UNO,"ST,1219000,YYRR,C,0,0,210",6,71a8b96
2026-10-07T17:44:10.212497+00:00,2026-10-07T18:04:31.772625+00:00,UNO,"ST,1219500,YYRR,C,0,0,210",6,71a8b96
2026-10-07T17:44:10.212497+00:00,2026-10-07T18:04:32.273341+00:00,UNO,"ST,1220000,YYRR,C,0,0,210",6,71a8b96
2026-10-07T17:44:10.212497+00:00,2026-10-07T18:04:32.773390+00:00,UNO,"ST,1220500,YYRR,C,0,0,210",6,71a8b96
2026-10-07T17:44:10.212497+00:00,2026-10-07T18:04:33.096758+00:00,UNO,"ST,1220824,RRRR,C,0,0,210",6,71a8b96
2026-10-07T17:44:10.212497+00:00,2026-10-07T18:04:33.273455+00:00,UNO,"ST,1221000,RRRR,C,0,0,210",6,71a8b96
2026-10-07T17:44:10.212497+00:00,2026-10-07T18:04:33.773846+00:00,UNO,"ST,1221500,RRRR,C,0,0,210",6,71a8b96
2026-10-07T17:44:10.212497+00:00,2026-10-07T18:04:34.097533+00:00,UNO,"ST,1221824,RRGG,C,0,0,210",6,71a8b96
2026-10-07T17:44:10.212497+00:00,2026-10-07T18:04:34.273553+00:00,UNO,"ST,1222000,RRGG,C,0,0,210",6,71a8b96
2026-10-07T17:44:10.212497+00:00,2026-10-07T18:04:34.773613+00:00,UNO,"ST,1222500,RRGG,C,0,0,210",6,71a8b96
2026-10-07T17:44:10.212497+00:00,2026-10-07T18:04:35.273671+00:00,UNO,"ST,1223000,RRGG,C,0,0,210",6,71a8b96
2026-10-07T17:44:10.212497+00:00,2026-10-07T18:04:35.774074+00:00,UNO,"ST,1223500,RRGG,C,0,0,210",6,71a8b96
2026-10-07T17:44:10.212497+00:00,2026-10-07T18:04:36.274120+00:00,UNO,"ST,1224000,RRGG,C,0,0,210",6,71a8b96
2026-10-07T17:44:10.212497+00:00,2026-10-07T18:04:36.773859+00:00,UNO,"ST,1224500,RRGG,C,0,0,210",6,71a8b96
2026-10-07T17:44:10.212497+00:00,2026-10-07T18:04:37.098896+00:00,UNO,"ST,1224824,RRYY,C,0,0,210",6,71a8b96
2026-10-07T17:44:10.212497+00:00,2026-10-07T18:04:37.274906+00:00,UNO,"ST,1225000,RRYY,C,0,0,210",6,71a8b96
2026-10-07T17:44:10.212497+00:00,2026-10-07T18:04:37.774967+00:00,UNO,"ST,1225500,RRYY,C,0,0,210",6,71a8b96
2026-10-07T17:44:10.212497+00:00,2026-10-07T18:04:38.275014+00:00,UNO,"ST,1226000,RRYY,C,0,0,210",6,71a8b96
2026-10-07T17:44:10.212497+00:00,2026-10-07T18:04:38.774415+00:00,UNO,"ST,1226500,RRYY,C,0,0,210",6,71a8b96
2026-10-07T17:44:10.212497+00:00,2026-10-07T18:04:39.099110+00:00,UNO,"ST,1226824,RRRR,C,0,0,210",6,71a8b96
2026-10-07T17:44:10.212497+00:00,2026-10-07T18:04:39.275564+00:00,UNO,"ST,1227000,RRRR,C,0,0,210",6,71a8b96
2026-10-07T17:44:10.212497+00:00,2026-10-07T18:04:39.775224+00:00,UNO,"ST,1227500,RRRR,C,0,0,210",6,71a8b96
2026-10-07T17:44:10.212497+00:00,2026-10-07T18:04:40.099236+00:00,UNO,"ST,1227824,GGRR,C,0,0,210",6,71a8b96
2026-10-07T17:44:10.212497+00:00,2026-10-07T18:04:40.275255+00:00,UNO,"ST,1228000,GGRR,C,0,0,210",6,71a8b96
2026-10-07T17:44:10.212497+00:00,2026-10-07T18:04:40.775649+00:00,UNO,"ST,1228500,GGRR,C,0,0,210",6,71a8b96
2026-10-07T17:44:10.212497+00:00,2026-10-07T18:04:41.275710+00:00,UNO,"ST,1229000,GGRR,C,0,0,210",6,71a8b96
2026-10-07T17:44:10.212497+00:00,2026-10-07T18:04:41.775434+00:00,UNO,"ST,1229500,GGRR,C,0,0,210",6,71a8b96
2026-10-07T17:44:10.212497+00:00,2026-10-07T18:04:42.275480+00:00,UNO,"ST,1230000,GGRR,C,0,0,210",6,71a8b96
2026-10-07T17:44:10.212497+00:00,2026-10-07T18:04:42.776529+00:00,UNO,"ST,1230500,GGRR,C,0,0,210",6,71a8b96
2026-10-07T17:44:10.212497+00:00,2026-10-07T18:04:43.099930+00:00,UNO,"ST,1230824,YYRR,C,0,0,210",6,71a8b96
2026-10-07T17:44:10.212497+00:00,2026-10-07T18:04:43.276610+00:00,UNO,"ST,1231000,YYRR,C,0,0,210",6,71a8b96
2026-10-07T17:44:10.212497+00:00,2026-10-07T18:04:43.775997+00:00,UNO,"ST,1231500,YYRR,C,0,0,210",6,71a8b96
2026-10-07T17:44:10.212497+00:00,2026-10-07T18:04:44.275703+00:00,UNO,"ST,1232000,YYRR,C,0,0,210",6,71a8b96
2026-10-07T17:44:10.212497+00:00,2026-10-07T18:04:44.776773+00:00,UNO,"ST,1232500,YYRR,C,0,0,210",6,71a8b96
2026-10-07T17:44:10.212497+00:00,2026-10-07T18:04:45.100826+00:00,UNO,"ST,1232824,RRRR,C,0,0,210",6,71a8b96
2026-10-07T17:44:10.212497+00:00,2026-10-07T18:04:45.276828+00:00,UNO,"ST,1233000,RRRR,C,0,0,210",6,71a8b96
2026-10-07T17:44:10.212497+00:00,2026-10-07T18:04:45.776233+00:00,UNO,"ST,1233500,RRRR,C,0,0,210",6,71a8b96
2026-10-07T17:44:10.212497+00:00,2026-10-07T18:04:46.100931+00:00,UNO,"ST,1233824,RRGG,C,0,0,210",6,71a8b96
2026-10-07T17:44:10.212497+00:00,2026-10-07T18:04:46.277309+00:00,UNO,"ST,1234000,RRGG,C,0,0,210",6,71a8b96
2026-10-07T17:44:10.212497+00:00,2026-10-07T18:04:46.776997+00:00,UNO,"ST,1234500,RRGG,C,0,0,210",6,71a8b96
2026-10-07T17:44:10.212497+00:00,2026-10-07T18:04:47.277063+00:00,UNO,"ST,1235000,RRGG,C,0,0,210",6,71a8b96
2026-10-07T17:44:10.212497+00:00,2026-10-07T18:04:47.777118+00:00,UNO,"ST,1235500,RRGG,C,0,0,210",6,71a8b96
2026-10-07T17:44:10.212497+00:00,2026-10-07T18:04:48.277518+00:00,UNO,"ST,1236000,RRGG,C,0,0,210",6,71a8b96
2026-10-07T17:44:10.212497+00:00,2026-10-07T18:04:48.777586+00:00,UNO,"ST,1236500,RRGG,C,0,0,210",6,71a8b96
2026-10-07T17:44:10.212497+00:00,2026-10-07T18:04:49.101268+00:00,UNO,"ST,1236824,RRYY,C,0,0,210",6,71a8b96
2026-10-07T17:44:10.212497+00:00,2026-10-07T18:04:49.277290+00:00,UNO,"ST,1237000,RRYY,C,0,0,210",6,71a8b96
2026-10-07T17:44:10.212497+00:00,2026-10-07T18:04:49.778405+00:00,UNO,"ST,1237500,RRYY,C,0,0,210",6,71a8b96
2026-10-07T17:44:10.212497+00:00,2026-10-07T18:04:50.278412+00:00,UNO,"ST,1238000,RRYY,C,0,0,210",6,71a8b96
2026-10-07T17:44:10.212497+00:00,2026-10-07T18:04:50.777831+00:00,UNO,"ST,1238500,RRYY,C,0,0,210",6,71a8b96
2026-10-07T17:44:10.212497+00:00,2026-10-07T18:04:51.102875+00:00,UNO,"ST,1238824,RRRR,C,0,0,210",6,71a8b96
2026-10-07T17:44:10.212497+00:00,2026-10-07T18:04:51.277878+00:00,UNO,"ST,1239000,RRRR,C,0,0,210",6,71a8b96
2026-10-07T17:44:10.212497+00:00,2026-10-07T18:04:51.778618+00:00,UNO,"ST,1239500,RRRR,C,0,0,210",6,71a8b96
2026-10-07T17:44:10.212497+00:00,2026-10-07T18:04:52.102634+00:00,UNO,"ST,1239824,GGRR,C,0,0,210",6,71a8b96
2026-10-07T17:44:10.212497+00:00,2026-10-07T18:04:52.278649+00:00,UNO,"ST,1240000,GGRR,C,0,0,210",6,71a8b96
2026-10-07T17:44:10.212497+00:00,2026-10-07T18:04:52.778702+00:00,UNO,"ST,1240500,GGRR,C,0,0,210",6,71a8b96
2026-10-07T17:44:10.212497+00:00,2026-10-07T18:04:53.279113+00:00,UNO,"ST,1241000,GGRR,C,0,0,210",6,71a8b96
2026-10-07T17:44:10.212497+00:00,2026-10-07T18:04:53.779186+00:00,UNO,"ST,1241500,GGRR,C,0,0,210",6,71a8b96
2026-10-07T17:44:10.212497+00:00,2026-10-07T18:04:54.278896+00:00,UNO,"ST,1242000,GGRR,C,0,0,210",6,71a8b96
2026-10-07T17:44:10.212497+00:00,2026-10-07T18:04:54.778946+00:00,UNO,"ST,1242500,GGRR,C,0,0,210",6,71a8b96
2026-10-07T17:44:10.212497+00:00,2026-10-07T18:04:55.103346+00:00,UNO,"ST,1242824,YYRR,C,0,0,210",6,71a8b96
2026-10-07T17:44:10.212497+00:00,2026-10-07T18:04:55.280006+00:00,UNO,"ST,1243000,YYRR,C,0,0,210",6,71a8b96
2026-10-07T17:44:10.212497+00:00,2026-10-07T18:04:55.779410+00:00,UNO,"ST,1243500,YYRR,C,0,0,210",6,71a8b96
2026-10-07T17:44:10.212497+00:00,2026-10-07T18:04:56.279107+00:00,UNO,"ST,1244000,YYRR,C,0,0,210",6,71a8b96
2026-10-07T17:44:10.212497+00:00,2026-10-07T18:04:56.780167+00:00,UNO,"ST,1244500,YYRR,C,0,0,210",6,71a8b96
2026-10-07T17:44:10.212497+00:00,2026-10-07T18:04:57.104227+00:00,UNO,"ST,1244824,RRRR,C,0,0,210",6,71a8b96
2026-10-07T17:44:10.212497+00:00,2026-10-07T18:04:57.280237+00:00,UNO,"ST,1245000,RRRR,C,0,0,210",6,71a8b96
2026-10-07T17:44:10.212497+00:00,2026-10-07T18:04:57.779629+00:00,UNO,"ST,1245500,RRRR,C,0,0,210",6,71a8b96
2026-10-07T17:44:10.212497+00:00,2026-10-07T18:04:58.103672+00:00,UNO,"ST,1245824,RRGG,C,0,0,210",6,71a8b96
2026-10-07T17:44:10.212497+00:00,2026-10-07T18:04:58.279702+00:00,UNO,"ST,1246000,RRGG,C,0,0,210",6,71a8b96
2026-10-07T17:44:10.212497+00:00,2026-10-07T18:04:58.780405+00:00,UNO,"ST,1246500,RRGG,C,0,0,210",6,71a8b96
2026-10-07T17:44:10.212497+00:00,2026-10-07T18:04:59.280462+00:00,UNO,"ST,1247000,RRGG,C,0,0,210",6,71a8b96
2026-10-07T17:44:10.212497+00:00,2026-10-07T18:04:59.780571+00:00,UNO,"ST,1247500,RRGG,C,0,0,210",6,71a8b96
2026-10-07T17:44:10.212497+00:00,2026-10-07T18:05:00.280574+00:00,UNO,"ST,1248000,RRGG,C,0,0,210",6,71a8b96
2026-10-07T17:44:10.212497+00:00,2026-10-07T18:05:00.781002+00:00,UNO,"ST,1248500,RRGG,C,0,0,210",6,71a8b96
2026-10-07T17:44:10.212497+00:00,2026-10-07T18:05:01.104694+00:00,UNO,"ST,1248824,RRYY,C,0,0,210",6,71a8b96
2026-10-07T17:44:10.212497+00:00,2026-10-07T18:05:01.281042+00:00,UNO,"ST,1249000,RRYY,C,0,0,210",6,71a8b96
2026-10-07T17:44:10.212497+00:00,2026-10-07T18:05:01.780777+00:00,UNO,"ST,1249500,RRYY,C,0,0,210",6,71a8b96
2026-10-07T17:44:10.212497+00:00,2026-10-07T18:05:02.281830+00:00,UNO,"ST,1250000,RRYY,C,0,0,210",6,71a8b96
2026-10-07T17:44:10.212497+00:00,2026-10-07T18:05:02.781242+00:00,UNO,"ST,1250500,RRYY,C,0,0,210",6,71a8b96
2026-10-07T17:44:10.212497+00:00,2026-10-07T18:05:03.105267+00:00,UNO,"ST,1250824,RRRR,C,0,0,210",6,71a8b96
2026-10-07T17:44:10.212497+00:00,2026-10-07T18:05:03.281271+00:00,UNO,"ST,1251000,RRRR,C,0,0,210",6,71a8b96
2026-10-07T17:44:10.212497+00:00,2026-10-07T18:05:03.780984+00:00,UNO,"ST,1251500,RRRR,C,0,0,210",6,71a8b96
2026-10-07T17:44:10.212497+00:00,2026-10-07T18:05:04.106039+00:00,UNO,"ST,1251824,GGRR,C,0,0,210",6,71a8b96
2026-10-07T17:44:10.212497+00:00,2026-10-07T18:05:04.282040+00:00,UNO,"ST,1252000,GGRR,C,0,0,210",6,71a8b96
2026-10-07T17:44:10.212497+00:00,2026-10-07T18:05:04.782130+00:00,UNO,"ST,1252500,GGRR,C,0,0,210",6,71a8b96
2026-10-07T17:44:10.212497+00:00,2026-10-07T18:05:05.281514+00:00,UNO,"ST,1253000,GGRR,C,0,0,210",6,71a8b96
2026-10-07T17:44:10.212497+00:00,2026-10-07T18:05:05.782568+00:00,UNO,"ST,1253500,GGRR,C,0,0,210",6,71a8b96
2026-10-07T17:44:10.212497+00:00,2026-10-07T18:05:06.282640+00:00,UNO,"ST,1254000,GGRR,C,0,0,210",6,71a8b96
2026-10-07T17:44:10.212497+00:00,2026-10-07T18:05:06.782326+00:00,UNO,"ST,1254500,GGRR,C,0,0,210",6,71a8b96
2026-10-07T17:44:10.212497+00:00,2026-10-07T18:05:07.108252+00:00,UNO,"ST,1254824,YYRR,C,0,0,210",6,71a8b96
2026-10-07T17:44:10.212497+00:00,2026-10-07T18:05:07.282410+00:00,UNO,"ST,1255000,YYRR,C,0,0,210",6,71a8b96
2026-10-07T17:44:10.212497+00:00,2026-10-07T18:05:07.782815+00:00,UNO,"ST,1255500,YYRR,C,0,0,210",6,71a8b96
2026-10-07T17:44:10.212497+00:00,2026-10-07T18:05:08.282855+00:00,UNO,"ST,1256000,YYRR,C,0,0,210",6,71a8b96
2026-10-07T17:44:10.212497+00:00,2026-10-07T18:05:08.782569+00:00,UNO,"ST,1256500,YYRR,C,0,0,210",6,71a8b96
2026-10-07T17:44:10.212497+00:00,2026-10-07T18:05:09.107604+00:00,UNO,"ST,1256824,RRRR,C,0,0,210",6,71a8b96
2026-10-07T17:44:10.212497+00:00,2026-10-07T18:05:09.283645+00:00,UNO,"ST,1257000,RRRR,C,0,0,210",6,71a8b96
2026-10-07T17:44:10.212497+00:00,2026-10-07T18:05:09.783725+00:00,UNO,"ST,1257500,RRRR,C,0,0,210",6,71a8b96
2026-10-07T17:44:10.212497+00:00,2026-10-07T18:05:10.107079+00:00,UNO,"ST,1257824,RRGG,C,0,0,210",6,71a8b96
2026-10-07T17:44:10.212497+00:00,2026-10-07T18:05:10.283108+00:00,UNO,"ST,1258000,RRGG,C,0,0,210",6,71a8b96
2026-10-07T17:44:10.212497+00:00,2026-10-07T18:05:10.783158+00:00,UNO,"ST,1258500,RRGG,C,0,0,210",6,71a8b96
2026-10-07T17:44:10.212497+00:00,2026-10-07T18:05:11.283863+00:00,UNO,"ST,1259000,RRGG,C,0,0,210",6,71a8b96
2026-10-07T17:44:10.212497+00:00,2026-10-07T18:05:11.783954+00:00,UNO,"ST,1259500,RRGG,C,0,0,210",6,71a8b96
2026-10-07T17:44:10.212497+00:00,2026-10-07T18:05:12.283986+00:00,UNO,"ST,1260000,RRGG,C,0,0,210",6,71a8b96
2026-10-07T17:44:10.212497+00:00,2026-10-07T18:05:12.784389+00:00,UNO,"ST,1260500,RRGG,C,0,0,210",6,71a8b96
2026-10-07T17:44:10.212497+00:00,2026-10-07T18:05:13.108081+00:00,UNO,"ST,1260824,RRYY,C,0,0,210",6,71a8b96
2026-10-07T17:44:10.212497+00:00,2026-10-07T18:05:13.284450+00:00,UNO,"ST,1261000,RRYY,C,0,0,210",6,71a8b96
2026-10-07T17:44:10.212497+00:00,2026-10-07T18:05:13.784156+00:00,UNO,"ST,1261500,RRYY,C,0,0,210",6,71a8b96
2026-10-07T17:44:10.212497+00:00,2026-10-07T18:05:14.284219+00:00,UNO,"ST,1262000,RRYY,C,0,0,210",6,71a8b96
2026-10-07T17:44:10.212497+00:00,2026-10-07T18:05:14.785283+00:00,UNO,"ST,1262500,RRYY,C,0,0,210",6,71a8b96
2026-10-07T17:44:10.212497+00:00,2026-10-07T18:05:15.108662+00:00,UNO,"ST,1262824,RRRR,C,0,0,210",6,71a8b96
2026-10-07T17:44:10.212497+00:00,2026-10-07T18:05:15.284679+00:00,UNO,"ST,1263000,RRRR,C,0,0,210",6,71a8b96
2026-10-07T17:44:10.212497+00:00,2026-10-07T18:05:15.784746+00:00,UNO,"ST,1263500,RRRR,C,0,0,210",6,71a8b96
2026-10-07T17:44:10.212497+00:00,2026-10-07T18:05:16.109432+00:00,UNO,"ST,1263824,GGRR,C,0,0,210",6,71a8b96
2026-10-07T17:44:10.212497+00:00,2026-10-07T18:05:16.284455+00:00,UNO,"ST,1264000,GGRR,C,0,0,210",6,71a8b96
2026-10-07T17:44:10.212497+00:00,2026-10-07T18:05:16.785508+00:00,UNO,"ST,1264500,GGRR,C,0,0,210",6,71a8b96
2026-10-07T17:44:10.212497+00:00,2026-10-07T18:05:17.285557+00:00,UNO,"ST,1265000,GGRR,C,0,0,210",6,71a8b96
2026-10-07T17:44:10.212497+00:00,2026-10-07T18:05:17.784972+00:00,UNO,"ST,1265500,GGRR,C,0,0,210",6,71a8b96
2026-10-07T17:44:10.212497+00:00,2026-10-07T18:05:18.286042+00:00,UNO,"ST,1266000,GGRR,C,0,0,210",6,71a8b96
2026-10-07T17:44:10.212497+00:00,2026-10-07T18:05:18.785745+00:00,UNO,"ST,1266500,GGRR,C,0,0,210",6,71a8b96
2026-10-07T17:44:10.212497+00:00,2026-10-07T18:05:19.109794+00:00,UNO,"ST,1266824,YYRR,C,0,0,210",6,71a8b96
2026-10-07T17:44:10.212497+00:00,2026-10-07T18:05:19.285797+00:00,UNO,"ST,1267000,YYRR,C,0,0,210",6,71a8b96
2026-10-07T17:44:10.212497+00:00,2026-10-07T18:05:19.785236+00:00,UNO,"ST,1267500,YYRR,C,0,0,210",6,71a8b96
2026-10-07T17:44:10.212497+00:00,2026-10-07T18:05:20.286263+00:00,UNO,"ST,1268000,YYRR,C,0,0,210",6,71a8b96
2026-10-07T17:44:10.212497+00:00,2026-10-07T18:05:20.787143+00:00,UNO,"ST,1268500,YYRR,C,0,0,210",6,71a8b96
2026-10-07T17:44:10.212497+00:00,2026-10-07T18:05:21.110016+00:00,UNO,"ST,1268824,RRRR,C,0,0,210",6,71a8b96
2026-10-07T17:44:10.212497+00:00,2026-10-07T18:05:21.286029+00:00,UNO,"ST,1269000,RRRR,C,0,0,210",6,71a8b96
2026-10-07T17:44:10.212497+00:00,2026-10-07T18:05:21.787125+00:00,UNO,"ST,1269500,RRRR,C,0,0,210",6,71a8b96
2026-10-07T17:44:10.212497+00:00,2026-10-07T18:05:22.110478+00:00,UNO,"ST,1269824,RRGG,C,0,0,210",6,71a8b96
2026-10-07T17:44:10.212497+00:00,2026-10-07T18:05:22.287167+00:00,UNO,"ST,1270000,RRGG,C,0,0,210",6,71a8b96
2026-10-07T17:44:10.212497+00:00,2026-10-07T18:05:22.786571+00:00,UNO,"ST,1270500,RRGG,C,0,0,210",6,71a8b96
2026-10-07T17:44:10.212497+00:00,2026-10-07T18:05:23.286626+00:00,UNO,"ST,1271000,RRGG,C,0,0,210",6,71a8b96
2026-10-07T17:44:10.212497+00:00,2026-10-07T18:05:23.787348+00:00,UNO,"ST,1271500,RRGG,C,0,0,210",6,71a8b96
2026-10-07T17:44:10.212497+00:00,2026-10-07T18:05:24.287379+00:00,UNO,"ST,1272000,RRGG,C,0,0,210",6,71a8b96
2026-10-07T17:44:10.212497+00:00,2026-10-07T18:05:24.787441+00:00,UNO,"ST,1272500,RRGG,C,0,0,210",6,71a8b96
2026-10-07T17:44:10.212497+00:00,2026-10-07T18:05:25.111837+00:00,UNO,"ST,1272824,RRYY,C,0,0,210",6,71a8b96
2026-10-07T17:44:10.212497+00:00,2026-10-07T18:05:25.287843+00:00,UNO,"ST,1273000,RRYY,C,0,0,210",6,71a8b96
2026-10-07T17:44:10.212497+00:00,2026-10-07T18:05:25.787564+00:00,UNO,"ST,1273500,RRYY,C,0,0,210",6,71a8b96
2026-10-07T17:44:10.212497+00:00,2026-10-07T18:05:26.287610+00:00,UNO,"ST,1274000,RRYY,C,0,0,210",6,71a8b96
2026-10-07T17:44:10.212497+00:00,2026-10-07T18:05:26.787779+00:00,UNO,"ST,1274500,RRYY,C,0,0,210",6,71a8b96
2026-10-07T17:44:10.212497+00:00,2026-10-07T18:05:27.112064+00:00,UNO,"ST,1274824,RRRR,C,0,0,210",6,71a8b96
2026-10-07T17:44:10.212497+00:00,2026-10-07T18:05:27.288075+00:00,UNO,"ST,1275000,RRRR,C,0,0,210",6,71a8b96
2026-10-07T17:44:10.212497+00:00,2026-10-07T18:05:27.788140+00:00,UNO,"ST,1275500,RRRR,C,0,0,210",6,71a8b96
2026-10-07T17:44:10.212497+00:00,2026-10-07T18:05:28.111825+00:00,UNO,"ST,1275824,GGRR,C,0,0,210",6,71a8b96
2026-10-07T17:44:10.212497+00:00,2026-10-07T18:05:28.288200+00:00,UNO,"ST,1276000,GGRR,C,0,0,210",6,71a8b96
2026-10-07T17:44:10.212497+00:00,2026-10-07T18:05:28.788918+00:00,UNO,"ST,1276500,GGRR,C,0,0,210",6,71a8b96
2026-10-07T17:44:10.212497+00:00,2026-10-07T18:05:29.288958+00:00,UNO,"ST,1277000,GGRR,C,0,0,210",6,71a8b96
2026-10-07T17:44:10.212497+00:00,2026-10-07T18:05:29.789050+00:00,UNO,"ST,1277500,GGRR,C,0,0,210",6,71a8b96
2026-10-07T17:44:10.212497+00:00,2026-10-07T18:05:30.288432+00:00,UNO,"ST,1278000,GGRR,C,0,0,210",6,71a8b96
2026-10-07T17:44:10.212497+00:00,2026-10-07T18:05:30.789492+00:00,UNO,"ST,1278500,GGRR,C,0,0,210",6,71a8b96
2026-10-07T17:44:10.212497+00:00,2026-10-07T18:05:31.113188+00:00,UNO,"ST,1278824,YYRR,C,0,0,210",6,71a8b96
2026-10-07T17:44:10.212497+00:00,2026-10-07T18:05:31.289201+00:00,UNO,"ST,1279000,YYRR,C,0,0,210",6,71a8b96
2026-10-07T17:44:10.212497+00:00,2026-10-07T18:05:31.789278+00:00,UNO,"ST,1279500,YYRR,C,0,0,210",6,71a8b96
2026-10-07T17:44:10.212497+00:00,2026-10-07T18:05:32.288657+00:00,UNO,"ST,1280000,YYRR,C,0,0,210",6,71a8b96
2026-10-07T17:44:10.212497+00:00,2026-10-07T18:05:32.789730+00:00,UNO,"ST,1280500,YYRR,C,0,0,210",6,71a8b96
2026-10-07T17:44:10.212497+00:00,2026-10-07T18:05:33.113419+00:00,UNO,"ST,1280824,RRRR,C,0,0,210",6,71a8b96
2026-10-07T17:44:10.212497+00:00,2026-10-07T18:05:33.289432+00:00,UNO,"ST,1281000,RRRR,C,0,0,210",6,71a8b96
2026-10-07T17:44:10.212497+00:00,2026-10-07T18:05:33.789508+00:00,UNO,"ST,1281500,RRRR,C,0,0,210",6,71a8b96
2026-10-07T17:44:10.212497+00:00,2026-10-07T18:05:34.114545+00:00,UNO,"ST,1281824,RRGG,C,0,0,210",6,71a8b96
2026-10-07T17:44:10.212497+00:00,2026-10-07T18:05:34.290551+00:00,UNO,"ST,1282000,RRGG,C,0,0,210",6,71a8b96
2026-10-07T17:44:10.212497+00:00,2026-10-07T18:05:34.789960+00:00,UNO,"ST,1282500,RRGG,C,0,0,210",6,71a8b96
2026-10-07T17:44:10.212497+00:00,2026-10-07T18:05:35.290015+00:00,UNO,"ST,1283000,RRGG,C,0,0,210",6,71a8b96
2026-10-07T17:44:10.212497+00:00,2026-10-07T18:05:35.789717+00:00,UNO,"ST,1283500,RRGG,C,0,0,210",6,71a8b96
2026-10-07T17:44:10.212497+00:00,2026-10-07T18:05:36.290826+00:00,UNO,"ST,1284000,RRGG,C,0,0,210",6,71a8b96
2026-10-07T17:44:10.212497+00:00,2026-10-07T18:05:36.790836+00:00,UNO,"ST,1284500,RRGG,C,0,0,210",6,71a8b96
2026-10-07T17:44:10.212497+00:00,2026-10-07T18:05:37.114223+00:00,UNO,"ST,1284824,RRYY,C,0,0,210",6,71a8b96
2026-10-07T17:44:10.212497+00:00,2026-10-07T18:05:37.290257+00:00,UNO,"ST,1285000,RRYY,C,0,0,210",6,71a8b96
2026-10-07T17:44:10.212497+00:00,2026-10-07T18:05:37.791297+00:00,UNO,"ST,1285500,RRYY,C,0,0,210",6,71a8b96
2026-10-07T17:44:10.212497+00:00,2026-10-07T18:05:38.291046+00:00,UNO,"ST,1286000,RRYY,C,0,0,210",6,71a8b96
2026-10-07T17:44:10.212497+00:00,2026-10-07T18:05:38.791076+00:00,UNO,"ST,1286500,RRYY,C,0,0,210",6,71a8b96
2026-10-07T17:44:10.212497+00:00,2026-10-07T18:05:39.116130+00:00,UNO,"ST,1286824,RRRR,C,0,0,210",6,71a8b96
2026-10-07T17:44:10.212497+00:00,2026-10-07T18:05:39.291129+00:00,UNO,"ST,1287000,RRRR,C,0,0,210",6,71a8b96
2026-10-07T17:44:10.212497+00:00,2026-10-07T18:05:39.792224+00:00,UNO,"ST,1287500,RRRR,C,0,0,210",6,71a8b96
2026-10-07T17:44:10.212497+00:00,2026-10-07T18:05:40.115599+00:00,UNO,"ST,1287824,GGRR,C,0,0,210",6,71a8b96
2026-10-07T17:44:10.212497+00:00,2026-10-07T18:05:40.291607+00:00,UNO,"ST,1288000,GGRR,C,0,0,210",6,71a8b96
2026-10-07T17:44:10.212497+00:00,2026-10-07T18:05:40.791330+00:00,UNO,"ST,1288500,GGRR,C,0,0,210",6,71a8b96
2026-10-07T17:44:10.212497+00:00,2026-10-07T18:05:41.292357+00:00,UNO,"ST,1289000,GGRR,C,0,0,210",6,71a8b96
2026-10-07T17:44:10.212497+00:00,2026-10-07T18:05:41.792437+00:00,UNO,"ST,1289500,GGRR,C,0,0,210",6,71a8b96
2026-10-07T17:44:10.212497+00:00,2026-10-07T18:05:42.291847+00:00,UNO,"ST,1290000,GGRR,C,0,0,210",6,71a8b96
2026-10-07T17:44:10.212497+00:00,2026-10-07T18:05:42.791887+00:00,UNO,"ST,1290500,GGRR,C,0,0,210",6,71a8b96
2026-10-07T17:44:10.212497+00:00,2026-10-07T18:05:43.116592+00:00,UNO,"ST,1290824,YYRR,C,0,0,210",6,71a8b96
2026-10-07T17:44:10.212497+00:00,2026-10-07T18:05:43.292609+00:00,UNO,"ST,1291000,YYRR,C,0,0,210",6,71a8b96
2026-10-07T17:44:10.212497+00:00,2026-10-07T18:05:43.792650+00:00,UNO,"ST,1291500,YYRR,C,0,0,210",6,71a8b96
2026-10-07T17:44:10.212497+00:00,2026-10-07T18:05:44.292717+00:00,UNO,"ST,1292000,YYRR,C,0,0,210",6,71a8b96
2026-10-07T17:44:10.212497+00:00,2026-10-07T18:05:44.793137+00:00,UNO,"ST,1292500,YYRR,C,0,0,210",6,71a8b96
2026-10-07T17:44:10.212497+00:00,2026-10-07T18:05:45.116836+00:00,UNO,"ST,1292824,RRRR,C,0,0,210",6,71a8b96
2026-10-07T17:44:10.212497+00:00,2026-10-07T18:05:45.292842+00:00,UNO,"ST,1293000,RRRR,C,0,0,210",6,71a8b96
2026-10-07T17:44:10.212497+00:00,2026-10-07T18:05:45.792890+00:00,UNO,"ST,1293500,RRRR,C,0,0,210",6,71a8b96
2026-10-07T17:44:10.212497+00:00,2026-10-07T18:05:46.116931+00:00,UNO,"ST,1293824,RRGG,C,0,0,210",6,71a8b96
2026-10-07T17:44:10.212497+00:00,2026-10-07T18:05:46.292949+00:00,UNO,"ST,1294000,RRGG,C,0,0,210",6,71a8b96
2026-10-07T17:44:10.212497+00:00,2026-10-07T18:05:46.794011+00:00,UNO,"ST,1294500,RRGG,C,0,0,210",6,71a8b96
2026-10-07T17:44:10.212497+00:00,2026-10-07T18:05:47.293410+00:00,UNO,"ST,1295000,RRGG,C,0,0,210",6,71a8b96
2026-10-07T17:44:10.212497+00:00,2026-10-07T18:05:47.793478+00:00,UNO,"ST,1295500,RRGG,C,0,0,210",6,71a8b96
2026-10-07T17:44:10.212497+00:00,2026-10-07T18:05:48.293184+00:00,UNO,"ST,1296000,RRGG,C,0,0,210",6,71a8b96
2026-10-07T17:44:10.212497+00:00,2026-10-07T18:05:48.794251+00:00,UNO,"ST,1296500,RRGG,C,0,0,210",6,71a8b96
2026-10-07T17:44:10.212497+00:00,2026-10-07T18:05:49.117639+00:00,UNO,"ST,1296824,RRYY,C,0,0,210",6,71a8b96
2026-10-07T17:44:10.212497+00:00,2026-10-07T18:05:49.293682+00:00,UNO,"ST,1297000,RRYY,C,0,0,210",6,71a8b96
2026-10-07T17:44:10.212497+00:00,2026-10-07T18:05:49.793762+00:00,UNO,"ST,1297500,RRYY,C,0,0,210",6,71a8b96
2026-10-07T17:44:10.212497+00:00,2026-10-07T18:05:50.294782+00:00,UNO,"ST,1298000,RRYY,C,0,0,210",6,71a8b96
2026-10-07T17:44:10.212497+00:00,2026-10-07T18:05:50.794495+00:00,UNO,"ST,1298500,RRYY,C,0,0,210",6,71a8b96
2026-10-07T17:44:10.212497+00:00,2026-10-07T18:05:51.118549+00:00,UNO,"ST,1298824,RRRR,C,0,0,210",6,71a8b96
2026-10-07T17:44:10.212497+00:00,2026-10-07T18:05:51.294583+00:00,UNO,"ST,1299000,RRRR,C,0,0,210",6,71a8b96
2026-10-07T17:44:10.212497+00:00,2026-10-07T18:05:51.794596+00:00,UNO,"ST,1299500,RRRR,C,0,0,210",6,71a8b96
2026-10-07T17:44:10.212497+00:00,2026-10-07T18:05:52.118980+00:00,UNO,"ST,1299824,GGRR,C,0,0,210",6,71a8b96
2026-10-07T17:44:10.212497+00:00,2026-10-07T18:05:52.295006+00:00,UNO,"ST,1300000,GGRR,C,0,0,210",6,71a8b96
2026-10-07T17:44:10.212497+00:00,2026-10-07T18:05:52.795061+00:00,UNO,"ST,1300500,GGRR,C,0,0,210",6,71a8b96
2026-10-07T17:44:10.212497+00:00,2026-10-07T18:05:53.294802+00:00,UNO,"ST,1301000,GGRR,C,0,0,210",6,71a8b96
2026-10-07T17:44:10.212497+00:00,2026-10-07T18:05:53.795818+00:00,UNO,"ST,1301500,GGRR,C,0,0,210",6,71a8b96
2026-10-07T17:44:10.212497+00:00,2026-10-07T18:05:54.295233+00:00,UNO,"ST,1302000,GGRR,C,0,0,210",6,71a8b96
2026-10-07T17:44:10.212497+00:00,2026-10-07T18:05:54.795337+00:00,UNO,"ST,1302500,GGRR,C,0,0,210",6,71a8b96
2026-10-07T17:44:10.212497+00:00,2026-10-07T18:05:55.119997+00:00,UNO,"ST,1302824,YYRR,C,0,0,210",6,71a8b96
2026-10-07T17:44:10.212497+00:00,2026-10-07T18:05:55.295014+00:00,UNO,"ST,1303000,YYRR,C,0,0,210",6,71a8b96
2026-10-07T17:44:10.212497+00:00,2026-10-07T18:05:55.796055+00:00,UNO,"ST,1303500,YYRR,C,0,0,210",6,71a8b96
2026-10-07T17:44:10.212497+00:00,2026-10-07T18:05:56.296108+00:00,UNO,"ST,1304000,YYRR,C,0,0,210",6,71a8b96
2026-10-07T17:44:10.212497+00:00,2026-10-07T18:05:56.795541+00:00,UNO,"ST,1304500,YYRR,C,0,0,210",6,71a8b96
2026-10-07T17:44:10.212497+00:00,2026-10-07T18:05:57.120229+00:00,UNO,"ST,1304824,RRRR,C,0,0,210",6,71a8b96
2026-10-07T17:44:10.212497+00:00,2026-10-07T18:05:57.296603+00:00,UNO,"ST,1305000,RRRR,C,0,0,210",6,71a8b96
2026-10-07T17:44:10.212497+00:00,2026-10-07T18:05:57.796289+00:00,UNO,"ST,1305500,RRRR,C,0,0,210",6,71a8b96
2026-10-07T17:44:10.212497+00:00,2026-10-07T18:05:58.120339+00:00,UNO,"ST,1305824,RRGG,C,0,0,210",6,71a8b96
2026-10-07T17:44:10.212497+00:00,2026-10-07T18:05:58.296366+00:00,UNO,"ST,1306000,RRGG,C,0,0,210",6,71a8b96
2026-10-07T17:44:10.212497+00:00,2026-10-07T18:05:58.796407+00:00,UNO,"ST,1306500,RRGG,C,0,0,210",6,71a8b96
2026-10-07T17:44:10.212497+00:00,2026-10-07T18:05:59.296819+00:00,UNO,"ST,1307000,RRGG,C,0,0,210",6,71a8b96
2026-10-07T17:44:10.212497+00:00,2026-10-07T18:05:59.796958+00:00,UNO,"ST,1307500,RRGG,C,0,0,210",6,71a8b96
2026-10-07T17:44:10.212497+00:00,2026-10-07T18:06:00.296584+00:00,UNO,"ST,1308000,RRGG,C,0,0,210",6,71a8b96
2026-10-07T17:44:10.212497+00:00,2026-10-07T18:06:00.797653+00:00,UNO,"ST,1308500,RRGG,C,0,0,210",6,71a8b96
2026-10-07T17:44:10.212497+00:00,2026-10-07T18:06:01.121681+00:00,UNO,"ST,1308824,RRYY,C,0,0,210",6,71a8b96
2026-10-07T17:44:10.212497+00:00,2026-10-07T18:06:01.297704+00:00,UNO,"ST,1309000,RRYY,C,0,0,210",6,71a8b96
2026-10-07T17:44:10.212497+00:00,2026-10-07T18:06:01.797101+00:00,UNO,"ST,1309500,RRYY,C,0,0,210",6,71a8b96
2026-10-07T17:44:10.212497+00:00,2026-10-07T18:06:02.297180+00:00,UNO,"ST,1310000,RRYY,C,0,0,210",6,71a8b96
2026-10-07T17:44:10.212497+00:00,2026-10-07T18:06:02.797878+00:00,UNO,"ST,1310500,RRYY,C,0,0,210",6,71a8b96
2026-10-07T17:44:10.212497+00:00,2026-10-07T18:06:03.121991+00:00,UNO,"ST,1310824,RRRR,C,0,0,210",6,71a8b96
2026-10-07T17:44:10.212497+00:00,2026-10-07T18:06:03.297940+00:00,UNO,"ST,1311000,RRRR,C,0,0,210",6,71a8b96
2026-10-07T17:44:10.212497+00:00,2026-10-07T18:06:03.797997+00:00,UNO,"ST,1311500,RRRR,C,0,0,210",6,71a8b96
2026-10-07T17:44:10.212497+00:00,2026-10-07T18:06:04.122402+00:00,UNO,"ST,1311824,GGRR,C,0,0,210",6,71a8b96
2026-10-07T17:44:10.212497+00:00,2026-10-07T18:06:04.297399+00:00,UNO,"ST,1312000,GGRR,C,0,0,210",6,71a8b96
2026-10-07T17:44:10.212497+00:00,2026-10-07T18:06:04.798455+00:00,UNO,"ST,1312500,GGRR,C,0,0,210",6,71a8b96
2026-10-07T17:44:10.212497+00:00,2026-10-07T18:06:05.298169+00:00,UNO,"ST,1313000,GGRR,C,0,0,210",6,71a8b96
2026-10-07T17:44:10.212497+00:00,2026-10-07T18:06:05.798227+00:00,UNO,"ST,1313500,GGRR,C,0,0,210",6,71a8b96
2026-10-07T17:44:10.212497+00:00,2026-10-07T18:06:06.299291+00:00,UNO,"ST,1314000,GGRR,C,0,0,210",6,71a8b96
2026-10-07T17:44:10.212497+00:00,2026-10-07T18:06:06.798683+00:00,UNO,"ST,1314500,GGRR,C,0,0,210",6,71a8b96
2026-10-07T17:44:10.212497+00:00,2026-10-07T18:06:07.122394+00:00,UNO,"ST,1314824,YYRR,C,0,0,210",6,71a8b96
2026-10-07T17:44:10.212497+00:00,2026-10-07T18:06:07.298746+00:00,UNO,"ST,1315000,YYRR,C,0,0,210",6,71a8b96
2026-10-07T17:44:10.212497+00:00,2026-10-07T18:06:07.798474+00:00,UNO,"ST,1315500,YYRR,C,0,0,210",6,71a8b96
2026-10-07T17:44:10.212497+00:00,2026-10-07T18:06:08.299515+00:00,UNO,"ST,1316000,YYRR,C,0,0,210",6,71a8b96
2026-10-07T17:44:10.212497+00:00,2026-10-07T18:06:08.799571+00:00,UNO,"ST,1316500,YYRR,C,0,0,210",6,71a8b96
2026-10-07T17:44:10.212497+00:00,2026-10-07T18:06:09.122964+00:00,UNO,"ST,1316824,RRRR,C,0,0,210",6,71a8b96
2026-10-07T17:44:10.212497+00:00,2026-10-07T18:06:09.299001+00:00,UNO,"ST,1317000,RRRR,C,0,0,210",6,71a8b96
2026-10-07T17:44:10.212497+00:00,2026-10-07T18:06:09.799735+00:00,UNO,"ST,1317500,RRRR,C,0,0,210",6,71a8b96
2026-10-07T17:44:10.212497+00:00,2026-10-07T18:06:10.123741+00:00,UNO,"ST,1317824,RRGG,C,0,0,210",6,71a8b96
2026-10-07T17:44:10.212497+00:00,2026-10-07T18:06:10.299755+00:00,UNO,"ST,1318000,RRGG,C,0,0,210",6,71a8b96
2026-10-07T17:44:10.212497+00:00,2026-10-07T18:06:10.799824+00:00,UNO,"ST,1318500,RRGG,C,0,0,210",6,71a8b96
2026-10-07T17:44:10.212497+00:00,2026-10-07T18:06:11.299869+00:00,UNO,"ST,1319000,RRGG,C,0,0,210",6,71a8b96
2026-10-07T17:44:10.212497+00:00,2026-10-07T18:06:11.800294+00:00,UNO,"ST,1319500,RRGG,C,0,0,210",6,71a8b96
2026-10-07T17:44:10.212497+00:00,2026-10-07T18:06:12.299991+00:00,UNO,"ST,1320000,RRGG,C,0,0,210",6,71a8b96
2026-10-07T17:44:10.212497+00:00,2026-10-07T18:06:12.800045+00:00,UNO,"ST,1320500,RRGG,C,0,0,210",6,71a8b96
2026-10-07T17:44:10.212497+00:00,2026-10-07T18:06:13.125102+00:00,UNO,"ST,1320824,RRYY,C,0,0,210",6,71a8b96
2026-10-07T17:44:10.212497+00:00,2026-10-07T18:06:13.301107+00:00,UNO,"ST,1321000,RRYY,C,0,0,210",6,71a8b96
2026-10-07T17:44:10.212497+00:00,2026-10-07T18:06:13.801164+00:00,UNO,"ST,1321500,RRYY,C,0,0,210",6,71a8b96
2026-10-07T17:44:10.212497+00:00,2026-10-07T18:06:14.301839+00:00,UNO,"ST,1322000,RRYY,C,0,0,210",6,71a8b96
2026-10-07T17:44:10.212497+00:00,2026-10-07T18:06:14.800636+00:00,UNO,"ST,1322500,RRYY,C,0,0,210",6,71a8b96
2026-10-07T17:44:10.212497+00:00,2026-10-07T18:06:15.125312+00:00,UNO,"ST,1322824,RRRR,C,0,0,210",6,71a8b96
2026-10-07T17:44:10.212497+00:00,2026-10-07T18:06:15.301385+00:00,UNO,"ST,1323000,RRRR,C,0,0,210",6,71a8b96
2026-10-07T17:44:10.212497+00:00,2026-10-07T18:06:15.801389+00:00,UNO,"ST,1323500,RRRR,C,0,0,210",6,71a8b96
2026-10-07T17:44:10.212497+00:00,2026-10-07T18:06:16.125441+00:00,UNO,"ST,1323824,GGRR,C,0,0,210",6,71a8b96
2026-10-07T17:44:10.212497+00:00,2026-10-07T18:06:16.301459+00:00,UNO,"ST,1324000,GGRR,C,0,0,210",6,71a8b96
2026-10-07T17:44:10.212497+00:00,2026-10-07T18:06:16.801852+00:00,UNO,"ST,1324500,GGRR,C,0,0,210",6,71a8b96
2026-10-07T17:44:10.212497+00:00,2026-10-07T18:06:17.301597+00:00,UNO,"ST,1325000,GGRR,C,0,0,210",6,71a8b96
2026-10-07T17:44:10.212497+00:00,2026-10-07T18:06:17.801628+00:00,UNO,"ST,1325500,GGRR,C,0,0,210",6,71a8b96
2026-10-07T17:44:10.212497+00:00,2026-10-07T18:06:18.301702+00:00,UNO,"ST,1326000,GGRR,C,0,0,210",6,71a8b96
2026-10-07T17:44:10.212497+00:00,2026-10-07T18:06:18.802749+00:00,UNO,"ST,1326500,GGRR,C,0,0,210",6,71a8b96
2026-10-07T17:44:10.212497+00:00,2026-10-07T18:06:19.126138+00:00,UNO,"ST,1326824,YYRR,C,0,0,210",6,71a8b96
2026-10-07T17:44:10.212497+00:00,2026-10-07T18:06:19.302153+00:00,UNO,"ST,1327000,YYRR,C,0,0,210",6,71a8b96
2026-10-07T17:44:10.212497+00:00,2026-10-07T18:06:19.801914+00:00,UNO,"ST,1327500,YYRR,C,0,0,210",6,71a8b96
2026-10-07T17:44:10.212497+00:00,2026-10-07T18:06:20.301914+00:00,UNO,"ST,1328000,YYRR,C,0,0,210",6,71a8b96
2026-10-07T17:44:10.212497+00:00,2026-10-07T18:06:20.802978+00:00,UNO,"ST,1328500,YYRR,C,0,0,210",6,71a8b96
2026-10-07T17:44:10.212497+00:00,2026-10-07T18:06:21.126383+00:00,UNO,"ST,1328824,RRRR,C,0,0,210",6,71a8b96
2026-10-07T17:44:10.212497+00:00,2026-10-07T18:06:21.303030+00:00,UNO,"ST,1329000,RRRR,C,0,0,210",6,71a8b96
2026-10-07T17:44:10.212497+00:00,2026-10-07T18:06:21.802440+00:00,UNO,"ST,1329500,RRRR,C,0,0,210",6,71a8b96
2026-10-07T17:44:10.212497+00:00,2026-10-07T18:06:22.127143+00:00,UNO,"ST,1329824,RRGG,C,0,0,210",6,71a8b96
2026-10-07T17:44:10.212497+00:00,2026-10-07T18:06:22.303167+00:00,UNO,"ST,1330000,RRGG,C,0,0,210",6,71a8b96
2026-10-07T17:44:10.212497+00:00,2026-10-07T18:06:22.803200+00:00,UNO,"ST,1330500,RRGG,C,0,0,210",6,71a8b96
2026-10-07T17:44:10.212497+00:00,2026-10-07T18:06:23.303274+00:00,UNO,"ST,1331000,RRGG,C,0,0,210",6,71a8b96
2026-10-07T17:44:10.212497+00:00,2026-10-07T18:06:23.802685+00:00,UNO,"ST,1331500,RRGG,C,0,0,210",6,71a8b96
2026-10-07T17:44:10.212497+00:00,2026-10-07T18:06:24.303734+00:00,UNO,"ST,1332000,RRGG,C,0,0,210",6,71a8b96
2026-10-07T17:44:10.212497+00:00,2026-10-07T18:06:24.803462+00:00,UNO,"ST,1332500,RRGG,C,0,0,210",6,71a8b96
2026-10-07T17:44:10.212497+00:00,2026-10-07T18:06:25.127493+00:00,UNO,"ST,1332824,RRYY,C,0,0,210",6,71a8b96
2026-10-07T17:44:10.212497+00:00,2026-10-07T18:06:25.303510+00:00,UNO,"ST,1333000,RRYY,C,0,0,210",6,71a8b96
2026-10-07T17:44:10.212497+00:00,2026-10-07T18:06:25.804556+00:00,UNO,"ST,1333500,RRYY,C,0,0,210",6,71a8b96
2026-10-07T17:44:10.212497+00:00,2026-10-07T18:06:26.303971+00:00,UNO,"ST,1334000,RRYY,C,0,0,210",6,71a8b96
2026-10-07T17:44:10.212497+00:00,2026-10-07T18:06:26.804032+00:00,UNO,"ST,1334500,RRYY,C,0,0,210",6,71a8b96
2026-10-07T17:44:10.212497+00:00,2026-10-07T18:06:27.128708+00:00,UNO,"ST,1334824,RRRR,C,0,0,210",6,71a8b96
2026-10-07T17:44:10.212497+00:00,2026-10-07T18:06:27.303742+00:00,UNO,"ST,1335000,RRRR,C,0,0,210",6,71a8b96
2026-10-07T17:44:10.212497+00:00,2026-10-07T18:06:27.804803+00:00,UNO,"ST,1335500,RRRR,C,0,0,210",6,71a8b96
2026-10-07T17:44:10.212497+00:00,2026-10-07T18:06:28.128833+00:00,UNO,"ST,1335824,GGRR,C,0,0,210",6,71a8b96
2026-10-07T17:44:10.212497+00:00,2026-10-07T18:06:28.304872+00:00,UNO,"ST,1336000,GGRR,C,0,0,210",6,71a8b96
2026-10-07T17:44:10.212497+00:00,2026-10-07T18:06:28.804259+00:00,UNO,"ST,1336500,GGRR,C,0,0,210",6,71a8b96
2026-10-07T17:44:10.212497+00:00,2026-10-07T18:06:29.305318+00:00,UNO,"ST,1337000,GGRR,C,0,0,210",6,71a8b96
2026-10-07T17:44:10.212497+00:00,2026-10-07T18:06:29.805061+00:00,UNO,"ST,1337500,GGRR,C,0,0,210",6,71a8b96
2026-10-07T17:44:10.212497+00:00,2026-10-07T18:06:30.305089+00:00,UNO,"ST,1338000,GGRR,C,0,0,210",6,71a8b96
2026-10-07T17:44:10.212497+00:00,2026-10-07T18:06:30.805149+00:00,UNO,"ST,1338500,GGRR,C,0,0,210",6,71a8b96
2026-10-07T17:44:10.212497+00:00,2026-10-07T18:06:31.129534+00:00,UNO,"ST,1338824,YYRR,C,0,0,210",6,71a8b96
2026-10-07T17:44:10.212497+00:00,2026-10-07T18:06:31.305551+00:00,UNO,"ST,1339000,YYRR,C,0,0,210",6,71a8b96
2026-10-07T17:44:10.212497+00:00,2026-10-07T18:06:31.805616+00:00,UNO,"ST,1339500,YYRR,C,0,0,210",6,71a8b96
2026-10-07T17:44:10.212497+00:00,2026-10-07T18:06:32.305317+00:00,UNO,"ST,1340000,YYRR,C,0,0,210",6,71a8b96
2026-10-07T17:44:10.212497+00:00,2026-10-07T18:06:32.806901+00:00,UNO,"ST,1340500,YYRR,C,0,0,210",6,71a8b96
2026-10-07T17:44:10.212497+00:00,2026-10-07T18:06:33.129788+00:00,UNO,"ST,1340824,RRRR,C,0,0,210",6,71a8b96
2026-10-07T17:44:10.212497+00:00,2026-10-07T18:06:33.305794+00:00,UNO,"ST,1341000,RRRR,C,0,0,210",6,71a8b96
2026-10-07T17:44:10.212497+00:00,2026-10-07T18:06:33.805842+00:00,UNO,"ST,1341500,RRRR,C,0,0,210",6,71a8b96
2026-10-07T17:44:10.212497+00:00,2026-10-07T18:06:34.129555+00:00,UNO,"ST,1341824,RRGG,C,0,0,210",6,71a8b96
2026-10-07T17:44:10.212497+00:00,2026-10-07T18:06:34.305904+00:00,UNO,"ST,1342000,RRGG,C,0,0,210",6,71a8b96
2026-10-07T17:44:10.212497+00:00,2026-10-07T18:06:34.806668+00:00,UNO,"ST,1342500,RRGG,C,0,0,210",6,71a8b96
2026-10-07T17:44:10.212497+00:00,2026-10-07T18:06:35.306667+00:00,UNO,"ST,1343000,RRGG,C,0,0,210",6,71a8b96
2026-10-07T17:44:10.212497+00:00,2026-10-07T18:06:35.806733+00:00,UNO,"ST,1343500,RRGG,C,0,0,210",6,71a8b96
2026-10-07T17:44:10.212497+00:00,2026-10-07T18:06:36.306146+00:00,UNO,"ST,1344000,RRGG,C,0,0,210",6,71a8b96
2026-10-07T17:44:10.212497+00:00,2026-10-07T18:06:36.806850+00:00,UNO,"ST,1344500,RRGG,C,0,0,210",6,71a8b96
2026-10-07T17:44:10.212497+00:00,2026-10-07T18:06:37.130926+00:00,UNO,"ST,1344824,RRYY,C,0,0,210",6,71a8b96
2026-10-07T17:44:10.212497+00:00,2026-10-07T18:06:37.306940+00:00,UNO,"ST,1345000,RRYY,C,0,0,210",6,71a8b96
2026-10-07T17:44:10.212497+00:00,2026-10-07T18:06:37.806970+00:00,UNO,"ST,1345500,RRYY,C,0,0,210",6,71a8b96
2026-10-07T17:44:10.212497+00:00,2026-10-07T18:06:38.308039+00:00,UNO,"ST,1346000,RRYY,C,0,0,210",6,71a8b96
2026-10-07T17:44:10.212497+00:00,2026-10-07T18:06:38.807422+00:00,UNO,"ST,1346500,RRYY,C,0,0,210",6,71a8b96
2026-10-07T17:44:10.212497+00:00,2026-10-07T18:06:39.131119+00:00,UNO,"ST,1346824,RRRR,C,0,0,210",6,71a8b96
2026-10-07T17:44:10.212497+00:00,2026-10-07T18:06:39.307142+00:00,UNO,"ST,1347000,RRRR,C,0,0,210",6,71a8b96
2026-10-07T17:44:10.212497+00:00,2026-10-07T18:06:39.807243+00:00,UNO,"ST,1347500,RRRR,C,0,0,210",6,71a8b96
2026-10-07T17:44:10.212497+00:00,2026-10-07T18:06:40.132230+00:00,UNO,"ST,1347824,GGRR,C,0,0,210",6,71a8b96
2026-10-07T17:44:10.212497+00:00,2026-10-07T18:06:40.308252+00:00,UNO,"ST,1348000,GGRR,C,0,0,210",6,71a8b96
2026-10-07T17:44:10.212497+00:00,2026-10-07T18:06:40.808328+00:00,UNO,"ST,1348500,GGRR,C,0,0,210",6,71a8b96
2026-10-07T17:44:10.212497+00:00,2026-10-07T18:06:41.307722+00:00,UNO,"ST,1349000,GGRR,C,0,0,210",6,71a8b96
2026-10-07T17:44:10.212497+00:00,2026-10-07T18:06:41.808776+00:00,UNO,"ST,1349500,GGRR,C,0,0,210",6,71a8b96
2026-10-07T17:44:10.212497+00:00,2026-10-07T18:06:42.308484+00:00,UNO,"ST,1350000,GGRR,C,0,0,210",6,71a8b96
2026-10-07T17:44:10.212497+00:00,2026-10-07T18:06:42.808540+00:00,UNO,"ST,1350500,GGRR,C,0,0,210",6,71a8b96
2026-10-07T17:44:10.212497+00:00,2026-10-07T18:06:43.132957+00:00,UNO,"ST,1350824,YYRR,C,0,0,210",6,71a8b96
2026-10-07T17:44:10.212497+00:00,2026-10-07T18:06:43.307953+00:00,UNO,"ST,1351000,YYRR,C,0,0,210",6,71a8b96
2026-10-07T17:44:10.212497+00:00,2026-10-07T18:06:43.809010+00:00,UNO,"ST,1351500,YYRR,C,0,0,210",6,71a8b96
2026-10-07T17:44:10.212497+00:00,2026-10-07T18:06:44.308712+00:00,UNO,"ST,1352000,YYRR,C,0,0,210",6,71a8b96
2026-10-07T17:44:10.212497+00:00,2026-10-07T18:06:44.808789+00:00,UNO,"ST,1352500,YYRR,C,0,0,210",6,71a8b96
2026-10-07T17:44:10.212497+00:00,2026-10-07T18:06:45.133828+00:00,UNO,"ST,1352824,RRRR,C,0,0,210",6,71a8b96
2026-10-07T17:44:10.212497+00:00,2026-10-07T18:06:45.309842+00:00,UNO,"ST,1353000,RRRR,C,0,0,210",6,71a8b96
2026-10-07T17:44:10.212497+00:00,2026-10-07T18:06:45.809895+00:00,UNO,"ST,1353500,RRRR,C,0,0,210",6,71a8b96
2026-10-07T17:44:10.212497+00:00,2026-10-07T18:06:46.133301+00:00,UNO,"ST,1353824,RRGG,C,0,0,210",6,71a8b96
2026-10-07T17:44:10.212497+00:00,2026-10-07T18:06:46.309310+00:00,UNO,"ST,1354000,RRGG,C,0,0,210",6,71a8b96
2026-10-07T17:44:10.212497+00:00,2026-10-07T18:06:46.809005+00:00,UNO,"ST,1354500,RRGG,C,0,0,210",6,71a8b96
2026-10-07T17:44:10.212497+00:00,2026-10-07T18:06:47.310078+00:00,UNO,"ST,1355000,RRGG,C,0,0,210",6,71a8b96
2026-10-07T17:44:10.212497+00:00,2026-10-07T18:06:47.810145+00:00,UNO,"ST,1355500,RRGG,C,0,0,210",6,71a8b96
2026-10-07T17:44:10.212497+00:00,2026-10-07T18:06:48.310182+00:00,UNO,"ST,1356000,RRGG,C,0,0,210",6,71a8b96
2026-10-07T17:44:10.212497+00:00,2026-10-07T18:06:48.810605+00:00,UNO,"ST,1356500,RRGG,C,0,0,210",6,71a8b96
2026-10-07T17:44:10.212497+00:00,2026-10-07T18:06:49.134293+00:00,UNO,"ST,1356824,RRYY,C,0,0,210",6,71a8b96
2026-10-07T17:44:10.212497+00:00,2026-10-07T18:06:49.310303+00:00,UNO,"ST,1357000,RRYY,C,0,0,210",6,71a8b96
2026-10-07T17:44:10.212497+00:00,2026-10-07T18:06:49.810401+00:00,UNO,"ST,1357500,RRYY,C,0,0,210",6,71a8b96
2026-10-07T17:44:10.212497+00:00,2026-10-07T18:06:50.310421+00:00,UNO,"ST,1358000,RRYY,C,0,0,210",6,71a8b96
2026-10-07T17:44:10.212497+00:00,2026-10-07T18:06:50.811473+00:00,UNO,"ST,1358500,RRYY,C,0,0,210",6,71a8b96
2026-10-07T17:44:10.212497+00:00,2026-10-07T18:06:51.134992+00:00,UNO,"ST,1358824,RRRR,C,0,0,210",6,71a8b96
2026-10-07T17:44:10.212497+00:00,2026-10-07T18:06:51.310880+00:00,UNO,"ST,1359000,RRRR,C,0,0,210",6,71a8b96
2026-10-07T17:44:10.212497+00:00,2026-10-07T18:06:51.810593+00:00,UNO,"ST,1359500,RRRR,C,0,0,210",6,71a8b96
2026-10-07T17:44:10.212497+00:00,2026-10-07T18:06:52.135644+00:00,UNO,"ST,1359824,GGRR,C,0,0,210",6,71a8b96
2026-10-07T17:44:10.212497+00:00,2026-10-07T18:06:52.310654+00:00,UNO,"ST,1360000,GGRR,C,0,0,210",6,71a8b96
2026-10-07T17:44:10.212497+00:00,2026-10-07T18:06:52.811731+00:00,UNO,"ST,1360500,GGRR,C,0,0,210",6,71a8b96
2026-10-07T17:44:10.212497+00:00,2026-10-07T18:06:53.311144+00:00,UNO,"ST,1361000,GGRR,C,0,0,210",6,71a8b96
2026-10-07T17:44:10.212497+00:00,2026-10-07T18:06:53.811172+00:00,UNO,"ST,1361500,GGRR,C,0,0,210",6,71a8b96
2026-10-07T17:44:10.212497+00:00,2026-10-07T18:06:54.311908+00:00,UNO,"ST,1362000,GGRR,C,0,0,210",6,71a8b96
2026-10-07T17:44:10.212497+00:00,2026-10-07T18:06:54.811951+00:00,UNO,"ST,1362500,GGRR,C,0,0,210",6,71a8b96
2026-10-07T17:44:10.212497+00:00,2026-10-07T18:06:55.135335+00:00,UNO,"ST,1362824,YYRR,C,0,0,210",6,71a8b96
2026-10-07T17:44:10.212497+00:00,2026-10-07T18:06:55.312012+00:00,UNO,"ST,1363000,YYRR,C,0,0,210",6,71a8b96
2026-10-07T17:44:10.212497+00:00,2026-10-07T18:06:55.811422+00:00,UNO,"ST,1363500,YYRR,C,0,0,210",6,71a8b96
2026-10-07T17:44:10.212497+00:00,2026-10-07T18:06:56.312132+00:00,UNO,"ST,1364000,YYRR,C,0,0,210",6,71a8b96
2026-10-07T17:44:10.212497+00:00,2026-10-07T18:06:56.812183+00:00,UNO,"ST,1364500,YYRR,C,0,0,210",6,71a8b96
2026-10-07T17:44:10.212497+00:00,2026-10-07T18:06:57.136235+00:00,UNO,"ST,1364824,RRRR,C,0,0,210",6,71a8b96
2026-10-07T17:44:10.212497+00:00,2026-10-07T18:06:57.312347+00:00,UNO,"ST,1365000,RRRR,C,0,0,210",6,71a8b96
2026-10-07T17:44:10.212497+00:00,2026-10-07T18:06:57.813312+00:00,UNO,"ST,1365500,RRRR,C,0,0,210",6,71a8b96
2026-10-07T17:44:10.212497+00:00,2026-10-07T18:06:58.136701+00:00,UNO,"ST,1365824,RRGG,C,0,0,210",6,71a8b96
2026-10-07T17:44:10.212497+00:00,2026-10-07T18:06:58.312708+00:00,UNO,"ST,1366000,RRGG,C,0,0,210",6,71a8b96
2026-10-07T17:44:10.212497+00:00,2026-10-07T18:06:58.812765+00:00,UNO,"ST,1366500,RRGG,C,0,0,210",6,71a8b96
2026-10-07T17:44:10.212497+00:00,2026-10-07T18:06:59.312472+00:00,UNO,"ST,1367000,RRGG,C,0,0,210",6,71a8b96
2026-10-07T17:44:10.212497+00:00,2026-10-07T18:06:59.813590+00:00,UNO,"ST,1367500,RRGG,C,0,0,210",6,71a8b96
2026-10-07T17:44:10.212497+00:00,2026-10-07T18:07:00.313584+00:00,UNO,"ST,1368000,RRGG,C,0,0,210",6,71a8b96
2026-10-07T17:44:10.212497+00:00,2026-10-07T18:07:00.812994+00:00,UNO,"ST,1368500,RRGG,C,0,0,210",6,71a8b96
2026-10-07T17:44:10.212497+00:00,2026-10-07T18:07:01.138043+00:00,UNO,"ST,1368824,RRYY,C,0,0,210",6,71a8b96
2026-10-07T17:44:10.212497+00:00,2026-10-07T18:07:01.314062+00:00,UNO,"ST,1369000,RRYY,C,0,0,210",6,71a8b96
2026-10-07T17:44:10.212497+00:00,2026-10-07T18:07:01.813767+00:00,UNO,"ST,1369500,RRYY,C,0,0,210",6,71a8b96
2026-10-07T17:44:10.212497+00:00,2026-10-07T18:07:02.313825+00:00,UNO,"ST,1370000,RRYY,C,0,0,210",6,71a8b96
2026-10-07T17:44:10.212497+00:00,2026-10-07T18:07:02.813875+00:00,UNO,"ST,1370500,RRYY,C,0,0,210",6,71a8b96
2026-10-07T17:44:10.212497+00:00,2026-10-07T18:07:03.138284+00:00,UNO,"ST,1370824,RRRR,C,0,0,210",6,71a8b96
2026-10-07T17:44:10.212497+00:00,2026-10-07T18:07:03.314307+00:00,UNO,"ST,1371000,RRRR,C,0,0,210",6,71a8b96
2026-10-07T17:44:10.212497+00:00,2026-10-07T18:07:03.814342+00:00,UNO,"ST,1371500,RRRR,C,0,0,210",6,71a8b96
2026-10-07T17:44:10.212497+00:00,2026-10-07T18:07:04.138032+00:00,UNO,"ST,1371824,GGRR,C,0,0,210",6,71a8b96
2026-10-07T17:44:10.212497+00:00,2026-10-07T18:07:04.314071+00:00,UNO,"ST,1372000,GGRR,C,0,0,210",6,71a8b96
2026-10-07T17:44:10.212497+00:00,2026-10-07T18:07:04.815120+00:00,UNO,"ST,1372500,GGRR,C,0,0,210",6,71a8b96
2026-10-07T17:44:10.212497+00:00,2026-10-07T18:07:05.315213+00:00,UNO,"ST,1373000,GGRR,C,0,0,210",6,71a8b96
2026-10-07T17:44:10.212497+00:00,2026-10-07T18:07:05.814577+00:00,UNO,"ST,1373500,GGRR,C,0,0,210",6,71a8b96
2026-10-07T17:44:10.212497+00:00,2026-10-07T18:07:06.314291+00:00,UNO,"ST,1374000,GGRR,C,0,0,210",6,71a8b96
2026-10-07T17:44:10.212497+00:00,2026-10-07T18:07:06.815349+00:00,UNO,"ST,1374500,GGRR,C,0,0,210",6,71a8b96
2026-10-07T17:44:10.212497+00:00,2026-10-07T18:07:07.139386+00:00,UNO,"ST,1374824,YYRR,C,0,0,210",6,71a8b96
2026-10-07T17:44:10.212497+00:00,2026-10-07T18:07:07.315426+00:00,UNO,"ST,1375000,YYRR,C,0,0,210",6,71a8b96
2026-10-07T17:44:10.212497+00:00,2026-10-07T18:07:07.815461+00:00,UNO,"ST,1375500,YYRR,C,0,0,210",6,71a8b96
2026-10-07T17:44:10.212497+00:00,2026-10-07T18:07:08.314884+00:00,UNO,"ST,1376000,YYRR,C,0,0,210",6,71a8b96
2026-10-07T17:44:10.212497+00:00,2026-10-07T18:07:08.815930+00:00,UNO,"ST,1376500,YYRR,C,0,0,210",6,71a8b96
2026-10-07T17:44:10.212497+00:00,2026-10-07T18:07:09.139635+00:00,UNO,"ST,1376824,RRRR,C,0,0,210",6,71a8b96
2026-10-07T17:44:10.212497+00:00,2026-10-07T18:07:09.315640+00:00,UNO,"ST,1377000,RRRR,C,0,0,210",6,71a8b96
2026-10-07T17:44:10.212497+00:00,2026-10-07T18:07:09.815747+00:00,UNO,"ST,1377500,RRRR,C,0,0,210",6,71a8b96
2026-10-07T17:44:10.212497+00:00,2026-10-07T18:07:10.140085+00:00,UNO,"ST,1377824,RRGG,C,0,0,210",6,71a8b96
2026-10-07T17:44:10.212497+00:00,2026-10-07T18:07:10.316106+00:00,UNO,"ST,1378000,RRGG,C,0,0,210",6,71a8b96
2026-10-07T17:44:10.212497+00:00,2026-10-07T18:07:10.816160+00:00,UNO,"ST,1378500,RRGG,C,0,0,210",6,71a8b96
2026-10-07T17:44:10.212497+00:00,2026-10-07T18:07:11.315878+00:00,UNO,"ST,1379000,RRGG,C,0,0,210",6,71a8b96
2026-10-07T17:44:10.212497+00:00,2026-10-07T18:07:11.815951+00:00,UNO,"ST,1379500,RRGG,C,0,0,210",6,71a8b96
2026-10-07T17:44:10.212497+00:00,2026-10-07T18:07:12.317000+00:00,UNO,"ST,1380000,RRGG,C,0,0,210",6,71a8b96
2026-10-07T17:44:10.212497+00:00,2026-10-07T18:07:12.817050+00:00,UNO,"ST,1380500,RRGG,C,0,0,210",6,71a8b96
2026-10-07T17:44:10.212497+00:00,2026-10-07T18:07:13.140470+00:00,UNO,"ST,1380824,RRYY,C,0,0,210",6,71a8b96
2026-10-07T17:44:10.212497+00:00,2026-10-07T18:07:13.316455+00:00,UNO,"ST,1381000,RRYY,C,0,0,210",6,71a8b96
2026-10-07T17:44:10.212497+00:00,2026-10-07T18:07:13.817174+00:00,UNO,"ST,1381500,RRYY,C,0,0,210",6,71a8b96
2026-10-07T17:44:10.212497+00:00,2026-10-07T18:07:14.317213+00:00,UNO,"ST,1382000,RRYY,C,0,0,210",6,71a8b96
2026-10-07T17:44:10.212497+00:00,2026-10-07T18:07:14.817303+00:00,UNO,"ST,1382500,RRYY,C,0,0,210",6,71a8b96
2026-10-07T17:44:10.212497+00:00,2026-10-07T18:07:15.141691+00:00,UNO,"ST,1382824,RRRR,C,0,0,210",6,71a8b96
2026-10-07T17:44:10.212497+00:00,2026-10-07T18:07:15.317394+00:00,UNO,"ST,1383000,RRRR,C,0,0,210",6,71a8b96
2026-10-07T17:44:10.212497+00:00,2026-10-07T18:07:15.817750+00:00,UNO,"ST,1383500,RRRR,C,0,0,210",6,71a8b96
2026-10-07T17:44:10.212497+00:00,2026-10-07T18:07:16.141677+00:00,UNO,"ST,1383824,GGRR,C,0,0,210",6,71a8b96
2026-10-07T17:44:10.212497+00:00,2026-10-07T18:07:16.317524+00:00,UNO,"ST,1384000,GGRR,C,0,0,210",6,71a8b96
2026-10-07T17:44:10.212497+00:00,2026-10-07T18:07:16.817559+00:00,UNO,"ST,1384500,GGRR,C,0,0,210",6,71a8b96
2026-10-07T17:44:10.212497+00:00,2026-10-07T18:07:17.318571+00:00,UNO,"ST,1385000,GGRR,C,0,0,210",6,71a8b96
2026-10-07T17:44:10.212497+00:00,2026-10-07T18:07:17.817978+00:00,UNO,"ST,1385500,GGRR,C,0,0,210",6,71a8b96
2026-10-07T17:44:10.212497+00:00,2026-10-07T18:07:18.318046+00:00,UNO,"ST,1386000,GGRR,C,0,0,210",6,71a8b96
2026-10-07T17:44:10.212497+00:00,2026-10-07T18:07:18.817828+00:00,UNO,"ST,1386500,GGRR,C,0,0,210",6,71a8b96
2026-10-07T17:44:10.212497+00:00,2026-10-07T18:07:19.142873+00:00,UNO,"ST,1386824,YYRR,C,0,0,210",6,71a8b96
2026-10-07T17:44:10.212497+00:00,2026-10-07T18:07:19.318831+00:00,UNO,"ST,1387000,YYRR,C,0,0,210",6,71a8b96
2026-10-07T17:44:10.212497+00:00,2026-10-07T18:07:19.818903+00:00,UNO,"ST,1387500,YYRR,C,0,0,210",6,71a8b96
2026-10-07T17:44:10.212497+00:00,2026-10-07T18:07:20.318272+00:00,UNO,"ST,1388000,YYRR,C,0,0,210",6,71a8b96
2026-10-07T17:44:10.212497+00:00,2026-10-07T18:07:20.819329+00:00,UNO,"ST,1388500,YYRR,C,0,0,210",6,71a8b96
2026-10-07T17:44:10.212497+00:00,2026-10-07T18:07:21.143036+00:00,UNO,"ST,1388824,RRRR,C,0,0,210",6,71a8b96
2026-10-07T17:44:10.212497+00:00,2026-10-07T18:07:21.319059+00:00,UNO,"ST,1389000,RRRR,C,0,0,210",6,71a8b96
2026-10-07T17:44:10.212497+00:00,2026-10-07T18:07:21.819104+00:00,UNO,"ST,1389500,RRRR,C,0,0,210",6,71a8b96
2026-10-07T17:44:10.212497+00:00,2026-10-07T18:07:22.142486+00:00,UNO,"ST,1389824,RRGG,C,0,0,210",6,71a8b96
2026-10-07T17:44:10.212497+00:00,2026-10-07T18:07:22.319154+00:00,UNO,"ST,1390000,RRGG,C,0,0,210",6,71a8b96
2026-10-07T17:44:10.212497+00:00,2026-10-07T18:07:22.819561+00:00,UNO,"ST,1390500,RRGG,C,0,0,210",6,71a8b96
2026-10-07T17:44:10.212497+00:00,2026-10-07T18:07:23.319643+00:00,UNO,"ST,1391000,RRGG,C,0,0,210",6,71a8b96
2026-10-07T17:44:10.212497+00:00,2026-10-07T18:07:23.819360+00:00,UNO,"ST,1391500,RRGG,C,0,0,210",6,71a8b96
2026-10-07T17:44:10.212497+00:00,2026-10-07T18:07:24.319398+00:00,UNO,"ST,1392000,RRGG,C,0,0,210",6,71a8b96
2026-10-07T17:44:10.212497+00:00,2026-10-07T18:07:24.820468+00:00,UNO,"ST,1392500,RRGG,C,0,0,210",6,71a8b96
2026-10-07T17:44:10.212497+00:00,2026-10-07T18:07:25.143837+00:00,UNO,"ST,1392824,RRYY,C,0,0,210",6,71a8b96
2026-10-07T17:44:10.212497+00:00,2026-10-07T18:07:25.319861+00:00,UNO,"ST,1393000,RRYY,C,0,0,210",6,71a8b96
2026-10-07T17:44:10.212497+00:00,2026-10-07T18:07:25.819936+00:00,UNO,"ST,1393500,RRYY,C,0,0,210",6,71a8b96
2026-10-07T17:44:10.212497+00:00,2026-10-07T18:07:26.320625+00:00,UNO,"ST,1394000,RRYY,C,0,0,210",6,71a8b96
2026-10-07T17:44:10.212497+00:00,2026-10-07T18:07:26.820695+00:00,UNO,"ST,1394500,RRYY,C,0,0,210",6,71a8b96
2026-10-07T17:44:10.212497+00:00,2026-10-07T18:07:27.144076+00:00,UNO,"ST,1394824,RRRR,C,0,0,210",6,71a8b96
2026-10-07T17:44:10.212497+00:00,2026-10-07T18:07:27.320784+00:00,UNO,"ST,1395000,RRRR,C,0,0,210",6,71a8b96
2026-10-07T17:44:10.212497+00:00,2026-10-07T18:07:27.820141+00:00,UNO,"ST,1395500,RRRR,C,0,0,210",6,71a8b96
2026-10-07T17:44:10.212497+00:00,2026-10-07T18:07:28.144857+00:00,UNO,"ST,1395824,GGRR,C,0,0,210",6,71a8b96
2026-10-07T17:44:10.212497+00:00,2026-10-07T18:07:28.321205+00:00,UNO,"ST,1396000,GGRR,C,0,0,210",6,71a8b96
2026-10-07T17:44:10.212497+00:00,2026-10-07T18:07:28.820924+00:00,UNO,"ST,1396500,GGRR,C,0,0,210",6,71a8b96
2026-10-07T17:44:10.212497+00:00,2026-10-07T18:07:29.320967+00:00,UNO,"ST,1397000,GGRR,C,0,0,210",6,71a8b96
2026-10-07T17:44:10.212497+00:00,2026-10-07T18:07:29.822077+00:00,UNO,"ST,1397500,GGRR,C,0,0,210",6,71a8b96
2026-10-07T17:44:10.212497+00:00,2026-10-07T18:07:30.321440+00:00,UNO,"ST,1398000,GGRR,C,0,0,210",6,71a8b96
2026-10-07T17:44:10.212497+00:00,2026-10-07T18:07:30.821503+00:00,UNO,"ST,1398500,GGRR,C,0,0,210",6,71a8b96
2026-10-07T17:44:10.212497+00:00,2026-10-07T18:07:31.146188+00:00,UNO,"ST,1398824,YYRR,C,0,0,210",6,71a8b96
2026-10-07T17:44:10.212497+00:00,2026-10-07T18:07:31.322598+00:00,UNO,"ST,1399000,YYRR,C,0,0,210",6,71a8b96
2026-10-07T17:44:10.212497+00:00,2026-10-07T18:07:31.822265+00:00,UNO,"ST,1399500,YYRR,C,0,0,210",6,71a8b96
2026-10-07T17:44:10.212497+00:00,2026-10-07T18:07:32.322319+00:00,UNO,"ST,1400000,YYRR,C,0,0,210",6,71a8b96
2026-10-07T17:44:10.212497+00:00,2026-10-07T18:07:32.821744+00:00,UNO,"ST,1400500,YYRR,C,0,0,210",6,71a8b96
2026-10-07T17:44:10.212497+00:00,2026-10-07T18:07:33.146436+00:00,UNO,"ST,1400824,RRRR,C,0,0,210",6,71a8b96
2026-10-07T17:44:10.212497+00:00,2026-10-07T18:07:33.322445+00:00,UNO,"ST,1401000,RRRR,C,0,0,210",6,71a8b96
2026-10-07T17:44:10.212497+00:00,2026-10-07T18:07:33.822502+00:00,UNO,"ST,1401500,RRRR,C,0,0,210",6,71a8b96
2026-10-07T17:44:10.212497+00:00,2026-10-07T18:07:34.146565+00:00,UNO,"ST,1401824,RRGG,C,0,0,210",6,71a8b96
2026-10-07T17:44:10.212497+00:00,2026-10-07T18:07:34.322556+00:00,UNO,"ST,1402000,RRGG,C,0,0,210",6,71a8b96
2026-10-07T17:44:10.212497+00:00,2026-10-07T18:07:34.821972+00:00,UNO,"ST,1402500,RRGG,C,0,0,210",6,71a8b96
2026-10-07T17:44:10.212497+00:00,2026-10-07T18:07:35.323034+00:00,UNO,"ST,1403000,RRGG,C,0,0,210",6,71a8b96
2026-10-07T17:44:10.212497+00:00,2026-10-07T18:07:35.823091+00:00,UNO,"ST,1403500,RRGG,C,0,0,210",6,71a8b96
2026-10-07T17:44:10.212497+00:00,2026-10-07T18:07:36.322803+00:00,UNO,"ST,1404000,RRGG,C,0,0,210",6,71a8b96
2026-10-07T17:44:10.212497+00:00,2026-10-07T18:07:36.823851+00:00,UNO,"ST,1404500,RRGG,C,0,0,210",6,71a8b96
2026-10-07T17:44:10.212497+00:00,2026-10-07T18:07:37.147232+00:00,UNO,"ST,1404824,RRYY,C,0,0,210",6,71a8b96
2026-10-07T17:44:10.212497+00:00,2026-10-07T18:07:37.323268+00:00,UNO,"ST,1405000,RRYY,C,0,0,210",6,71a8b96
2026-10-07T17:44:10.212497+00:00,2026-10-07T18:07:37.823310+00:00,UNO,"ST,1405500,RRYY,C,0,0,210",6,71a8b96
2026-10-07T17:44:10.212497+00:00,2026-10-07T18:07:38.323043+00:00,UNO,"ST,1406000,RRYY,C,0,0,210",6,71a8b96
2026-10-07T17:44:10.212497+00:00,2026-10-07T18:07:38.824087+00:00,UNO,"ST,1406500,RRYY,C,0,0,210",6,71a8b96
2026-10-07T17:44:10.212497+00:00,2026-10-07T18:07:39.148121+00:00,UNO,"ST,1406824,RRRR,C,0,0,210",6,71a8b96
2026-10-07T17:44:10.212497+00:00,2026-10-07T18:07:39.324161+00:00,UNO,"ST,1407000,RRRR,C,0,0,210",6,71a8b96
2026-10-07T17:44:10.212497+00:00,2026-10-07T18:07:39.824223+00:00,UNO,"ST,1407500,RRRR,C,0,0,210",6,71a8b96
2026-10-07T17:44:10.212497+00:00,2026-10-07T18:07:40.148591+00:00,UNO,"ST,1407824,GGRR,C,0,0,210",6,71a8b96
2026-10-07T17:44:10.212497+00:00,2026-10-07T18:07:40.323607+00:00,UNO,"ST,1408000,GGRR,C,0,0,210",6,71a8b96
2026-10-07T17:44:10.212497+00:00,2026-10-07T18:07:40.824664+00:00,UNO,"ST,1408500,GGRR,C,0,0,210",6,71a8b96
2026-10-07T17:44:10.212497+00:00,2026-10-07T18:07:41.324381+00:00,UNO,"ST,1409000,GGRR,C,0,0,210",6,71a8b96
2026-10-07T17:44:10.212497+00:00,2026-10-07T18:07:41.825437+00:00,UNO,"ST,1409500,GGRR,C,0,0,210",6,71a8b96
2026-10-07T17:44:10.212497+00:00,2026-10-07T18:07:42.324838+00:00,UNO,"ST,1410000,GGRR,C,0,0,210",6,71a8b96
2026-10-07T17:44:10.212497+00:00,2026-10-07T18:07:42.824900+00:00,UNO,"ST,1410500,GGRR,C,0,0,210",6,71a8b96
2026-10-07T17:44:10.212497+00:00,2026-10-07T18:07:43.148634+00:00,UNO,"ST,1410824,YYRR,C,0,0,210",6,71a8b96
2026-10-07T17:44:10.212497+00:00,2026-10-07T18:07:43.324622+00:00,UNO,"ST,1411000,YYRR,C,0,0,210",6,71a8b96
2026-10-07T17:44:10.212497+00:00,2026-10-07T18:07:43.824664+00:00,UNO,"ST,1411500,YYRR,C,0,0,210",6,71a8b96
2026-10-07T17:44:10.212497+00:00,2026-10-07T18:07:44.325718+00:00,UNO,"ST,1412000,YYRR,C,0,0,210",6,71a8b96
2026-10-07T17:44:10.212497+00:00,2026-10-07T18:07:44.825130+00:00,UNO,"ST,1412500,YYRR,C,0,0,210",6,71a8b96
2026-10-07T17:44:10.212497+00:00,2026-10-07T18:07:45.148825+00:00,UNO,"ST,1412824,RRRR,C,0,0,210",6,71a8b96
2026-10-07T17:44:10.212497+00:00,2026-10-07T18:07:45.325194+00:00,UNO,"ST,1413000,RRRR,C,0,0,210",6,71a8b96
2026-10-07T17:44:10.212497+00:00,2026-10-07T18:07:45.825895+00:00,UNO,"ST,1413500,RRRR,C,0,0,210",6,71a8b96
2026-10-07T17:44:10.212497+00:00,2026-10-07T18:07:46.149935+00:00,UNO,"ST,1413824,RRGG,C,0,0,210",6,71a8b96
2026-10-07T17:44:10.212497+00:00,2026-10-07T18:07:46.325956+00:00,UNO,"ST,1414000,RRGG,C,0,0,210",6,71a8b96
2026-10-07T17:44:10.212497+00:00,2026-10-07T18:07:46.826018+00:00,UNO,"ST,1414500,RRGG,C,0,0,210",6,71a8b96
2026-10-07T17:44:10.212497+00:00,2026-10-07T18:07:47.325422+00:00,UNO,"ST,1415000,RRGG,C,0,0,210",6,71a8b96
2026-10-07T17:44:10.212497+00:00,2026-10-07T18:07:47.826478+00:00,UNO,"ST,1415500,RRGG,C,0,0,210",6,71a8b96
2026-10-07T17:44:10.212497+00:00,2026-10-07T18:07:48.326188+00:00,UNO,"ST,1416000,RRGG,C,0,0,210",6,71a8b96
2026-10-07T17:44:10.212497+00:00,2026-10-07T18:07:48.826245+00:00,UNO,"ST,1416500,RRGG,C,0,0,210",6,71a8b96
2026-10-07T17:44:10.212497+00:00,2026-10-07T18:07:49.151327+00:00,UNO,"ST,1416824,RRYY,C,0,0,210",6,71a8b96
2026-10-07T17:44:10.212497+00:00,2026-10-07T18:07:49.327331+00:00,UNO,"ST,1417000,RRYY,C,0,0,210",6,71a8b96
2026-10-07T17:44:10.212497+00:00,2026-10-07T18:07:49.827643+00:00,UNO,"ST,1417500,RRYY,C,0,0,210",6,71a8b96
2026-10-07T17:44:10.212497+00:00,2026-10-07T18:07:50.326768+00:00,UNO,"ST,1418000,RRYY,C,0,0,210",6,71a8b96
2026-10-07T17:44:10.212497+00:00,2026-10-07T18:07:50.826480+00:00,UNO,"ST,1418500,RRYY,C,0,0,210",6,71a8b96
2026-10-07T17:44:10.212497+00:00,2026-10-07T18:07:51.151521+00:00,UNO,"ST,1418824,RRRR,C,0,0,210",6,71a8b96
2026-10-07T17:44:10.212497+00:00,2026-10-07T18:07:51.327554+00:00,UNO,"ST,1419000,RRRR,C,0,0,210",6,71a8b96
2026-10-07T17:44:10.212497+00:00,2026-10-07T18:07:51.827602+00:00,UNO,"ST,1419500,RRRR,C,0,0,210",6,71a8b96
2026-10-07T17:44:10.212497+00:00,2026-10-07T18:07:52.150991+00:00,UNO,"ST,1419824,GGRR,C,0,0,210",6,71a8b96
2026-10-07T17:44:10.212497+00:00,2026-10-07T18:07:52.327015+00:00,UNO,"ST,1420000,GGRR,C,0,0,210",6,71a8b96
2026-10-07T17:44:10.212497+00:00,2026-10-07T18:07:52.828089+00:00,UNO,"ST,1420500,GGRR,C,0,0,210",6,71a8b96
2026-10-07T17:44:10.212497+00:00,2026-10-07T18:07:53.327783+00:00,UNO,"ST,1421000,GGRR,C,0,0,210",6,71a8b96
2026-10-07T17:44:10.212497+00:00,2026-10-07T18:07:53.827833+00:00,UNO,"ST,1421500,GGRR,C,0,0,210",6,71a8b96
2026-10-07T17:44:10.212497+00:00,2026-10-07T18:07:54.327905+00:00,UNO,"ST,1422000,GGRR,C,0,0,210",6,71a8b96
2026-10-07T17:44:10.212497+00:00,2026-10-07T18:07:54.828323+00:00,UNO,"ST,1422500,GGRR,C,0,0,210",6,71a8b96
2026-10-07T17:44:10.212497+00:00,2026-10-07T18:07:55.152013+00:00,UNO,"ST,1422824,YYRR,C,0,0,210",6,71a8b96
2026-10-07T17:44:10.212497+00:00,2026-10-07T18:07:55.328009+00:00,UNO,"ST,1423000,YYRR,C,0,0,210",6,71a8b96
2026-10-07T17:44:10.212497+00:00,2026-10-07T18:07:55.828060+00:00,UNO,"ST,1423500,YYRR,C,0,0,210",6,71a8b96
2026-10-07T17:44:10.212497+00:00,2026-10-07T18:07:56.328128+00:00,UNO,"ST,1424000,YYRR,C,0,0,210",6,71a8b96
2026-10-07T17:44:10.212497+00:00,2026-10-07T18:07:56.828528+00:00,UNO,"ST,1424500,YYRR,C,0,0,210",6,71a8b96
2026-10-07T17:44:10.212497+00:00,2026-10-07T18:07:57.152591+00:00,UNO,"ST,1424824,RRRR,C,0,0,210",6,71a8b96
2026-10-07T17:44:10.212497+00:00,2026-10-07T18:07:57.328614+00:00,UNO,"ST,1425000,RRRR,C,0,0,210",6,71a8b96
2026-10-07T17:44:10.212497+00:00,2026-10-07T18:07:57.828305+00:00,UNO,"ST,1425500,RRRR,C,0,0,210",6,71a8b96
2026-10-07T17:44:10.212497+00:00,2026-10-07T18:07:58.153353+00:00,UNO,"ST,1425824,RRGG,C,0,0,210",6,71a8b96
2026-10-07T17:44:10.212497+00:00,2026-10-07T18:07:58.329373+00:00,UNO,"ST,1426000,RRGG,C,0,0,210",6,71a8b96
2026-10-07T17:44:10.212497+00:00,2026-10-07T18:07:58.829415+00:00,UNO,"ST,1426500,RRGG,C,0,0,210",6,71a8b96
2026-10-07T17:44:10.212497+00:00,2026-10-07T18:07:59.328826+00:00,UNO,"ST,1427000,RRGG,C,0,0,210",6,71a8b96
2026-10-07T17:44:10.212497+00:00,2026-10-07T18:07:59.828907+00:00,UNO,"ST,1427500,RRGG,C,0,0,210",6,71a8b96
2026-10-07T17:44:10.212497+00:00,2026-10-07T18:08:00.329940+00:00,UNO,"ST,1428000,RRGG,C,0,0,210",6,71a8b96
2026-10-07T17:44:10.212497+00:00,2026-10-07T18:08:00.829652+00:00,UNO,"ST,1428500,RRGG,C,0,0,210",6,71a8b96
2026-10-07T17:44:10.212497+00:00,2026-10-07T18:08:01.153704+00:00,UNO,"ST,1428824,RRYY,C,0,0,210",6,71a8b96
2026-10-07T17:44:10.212497+00:00,2026-10-07T18:08:01.329721+00:00,UNO,"ST,1429000,RRYY,C,0,0,210",6,71a8b96
2026-10-07T17:44:10.212497+00:00,2026-10-07T18:08:01.830773+00:00,UNO,"ST,1429500,RRYY,C,0,0,210",6,71a8b96
2026-10-07T17:44:10.212497+00:00,2026-10-07T18:08:02.330175+00:00,UNO,"ST,1430000,RRYY,C,0,0,210",6,71a8b96
2026-10-07T17:44:10.212497+00:00,2026-10-07T18:08:02.829889+00:00,UNO,"ST,1430500,RRYY,C,0,0,210",6,71a8b96
2026-10-07T17:44:10.212497+00:00,2026-10-07T18:08:03.154965+00:00,UNO,"ST,1430824,RRRR,C,0,0,210",6,71a8b96
2026-10-07T17:44:10.212497+00:00,2026-10-07T18:08:03.329966+00:00,UNO,"ST,1431000,RRRR,C,0,0,210",6,71a8b96
2026-10-07T17:44:10.212497+00:00,2026-10-07T18:08:03.831003+00:00,UNO,"ST,1431500,RRRR,C,0,0,210",6,71a8b96
2026-10-07T17:44:10.212497+00:00,2026-10-07T18:08:04.155056+00:00,UNO,"ST,1431824,GGRR,C,0,0,210",6,71a8b96
2026-10-07T17:44:10.212497+00:00,2026-10-07T18:08:04.330405+00:00,UNO,"ST,1432000,GGRR,C,0,0,210",6,71a8b96
2026-10-07T17:44:10.212497+00:00,2026-10-07T18:08:04.830474+00:00,UNO,"ST,1432500,GGRR,C,0,0,210",6,71a8b96
2026-10-07T17:44:10.212497+00:00,2026-10-07T18:08:05.331522+00:00,UNO,"ST,1433000,GGRR,C,0,0,210",6,71a8b96
2026-10-07T17:44:10.212497+00:00,2026-10-07T18:08:05.831251+00:00,UNO,"ST,1433500,GGRR,C,0,0,210",6,71a8b96
2026-10-07T17:44:10.212497+00:00,2026-10-07T18:08:06.331289+00:00,UNO,"ST,1434000,GGRR,C,0,0,210",6,71a8b96
2026-10-07T17:44:10.212497+00:00,2026-10-07T18:08:06.831365+00:00,UNO,"ST,1434500,GGRR,C,0,0,210",6,71a8b96
2026-10-07T17:44:10.212497+00:00,2026-10-07T18:08:07.155754+00:00,UNO,"ST,1434824,YYRR,C,0,0,210",6,71a8b96
2026-10-07T17:44:10.212497+00:00,2026-10-07T18:08:07.331785+00:00,UNO,"ST,1435000,YYRR,C,0,0,210",6,71a8b96
2026-10-07T17:44:10.212497+00:00,2026-10-07T18:08:07.831460+00:00,UNO,"ST,1435500,YYRR,C,0,0,210",6,71a8b96
2026-10-07T17:44:10.212497+00:00,2026-10-07T18:08:08.331526+00:00,UNO,"ST,1436000,YYRR,C,0,0,210",6,71a8b96
2026-10-07T17:44:10.212497+00:00,2026-10-07T18:08:08.832586+00:00,UNO,"ST,1436500,YYRR,C,0,0,210",6,71a8b96
2026-10-07T17:44:10.212497+00:00,2026-10-07T18:08:09.155995+00:00,UNO,"ST,1436824,RRRR,C,0,0,210",6,71a8b96
2026-10-07T17:44:10.212497+00:00,2026-10-07T18:08:09.331990+00:00,UNO,"ST,1437000,RRRR,C,0,0,210",6,71a8b96
2026-10-07T17:44:10.212497+00:00,2026-10-07T18:08:09.832088+00:00,UNO,"ST,1437500,RRRR,C,0,0,210",6,71a8b96
2026-10-07T17:44:10.212497+00:00,2026-10-07T18:08:10.155738+00:00,UNO,"ST,1437824,RRGG,C,0,0,210",6,71a8b96
2026-10-07T17:44:10.212497+00:00,2026-10-07T18:08:10.331756+00:00,UNO,"ST,1438000,RRGG,C,0,0,210",6,71a8b96
2026-10-07T17:44:10.212497+00:00,2026-10-07T18:08:10.832809+00:00,UNO,"ST,1438500,RRGG,C,0,0,210",6,71a8b96
2026-10-07T17:44:10.212497+00:00,2026-10-07T18:08:11.332885+00:00,UNO,"ST,1439000,RRGG,C,0,0,210",6,71a8b96
2026-10-07T17:44:10.212497+00:00,2026-10-07T18:08:11.832316+00:00,UNO,"ST,1439500,RRGG,C,0,0,210",6,71a8b96
2026-10-07T17:44:10.212497+00:00,2026-10-07T18:08:12.332340+00:00,UNO,"ST,1440000,RRGG,C,0,0,210",6,71a8b96
2026-10-07T17:44:10.212497+00:00,2026-10-07T18:08:12.833050+00:00,UNO,"ST,1440500,RRGG,C,0,0,210",6,71a8b96
2026-10-07T17:44:10.212497+00:00,2026-10-07T18:08:13.157148+00:00,UNO,"ST,1440824,RRYY,C,0,0,210",6,71a8b96
2026-10-07T17:44:10.212497+00:00,2026-10-07T18:08:13.333134+00:00,UNO,"ST,1441000,RRYY,C,0,0,210",6,71a8b96
2026-10-07T17:44:10.212497+00:00,2026-10-07T18:08:13.833170+00:00,UNO,"ST,1441500,RRYY,C,0,0,210",6,71a8b96
2026-10-07T17:44:10.212497+00:00,2026-10-07T18:08:14.333624+00:00,UNO,"ST,1442000,RRYY,C,0,0,210",6,71a8b96
2026-10-07T17:44:10.212497+00:00,2026-10-07T18:08:14.833714+00:00,UNO,"ST,1442500,RRYY,C,0,0,210",6,71a8b96
2026-10-07T17:44:10.212497+00:00,2026-10-07T18:08:15.157344+00:00,UNO,"ST,1442824,RRRR,C,0,0,210",6,71a8b96
2026-10-07T17:44:10.212497+00:00,2026-10-07T18:08:15.333361+00:00,UNO,"ST,1443000,RRRR,C,0,0,210",6,71a8b96
2026-10-07T17:44:10.212497+00:00,2026-10-07T18:08:15.833393+00:00,UNO,"ST,1443500,RRRR,C,0,0,210",6,71a8b96
2026-10-07T17:44:10.212497+00:00,2026-10-07T18:08:16.158445+00:00,UNO,"ST,1443824,GGRR,C,0,0,210",6,71a8b96
2026-10-07T17:44:10.212497+00:00,2026-10-07T18:08:16.334496+00:00,UNO,"ST,1444000,GGRR,C,0,0,210",6,71a8b96
2026-10-07T17:44:10.212497+00:00,2026-10-07T18:08:16.833955+00:00,UNO,"ST,1444500,GGRR,C,0,0,210",6,71a8b96
2026-10-07T17:44:10.212497+00:00,2026-10-07T18:08:17.333979+00:00,UNO,"ST,1445000,GGRR,C,0,0,210",6,71a8b96
2026-10-07T17:44:10.212497+00:00,2026-10-07T18:08:17.834650+00:00,UNO,"ST,1445500,GGRR,C,0,0,210",6,71a8b96
2026-10-07T17:44:10.212497+00:00,2026-10-07T18:08:18.334693+00:00,UNO,"ST,1446000,GGRR,C,0,0,210",6,71a8b96
2026-10-07T17:44:10.212497+00:00,2026-10-07T18:08:18.834100+00:00,UNO,"ST,1446500,GGRR,C,0,0,210",6,71a8b96
2026-10-07T17:44:10.212497+00:00,2026-10-07T18:08:19.159146+00:00,UNO,"ST,1446824,YYRR,C,0,0,210",6,71a8b96
2026-10-07T17:44:10.212497+00:00,2026-10-07T18:08:19.334201+00:00,UNO,"ST,1447000,YYRR,C,0,0,210",6,71a8b96
2026-10-07T17:44:10.212497+00:00,2026-10-07T18:08:19.834921+00:00,UNO,"ST,1447500,YYRR,C,0,0,210",6,71a8b96
2026-10-07T17:44:10.212497+00:00,2026-10-07T18:08:20.334949+00:00,UNO,"ST,1448000,YYRR,C,0,0,210",6,71a8b96
2026-10-07T17:44:10.212497+00:00,2026-10-07T18:08:20.835019+00:00,UNO,"ST,1448500,YYRR,C,0,0,210",6,71a8b96
2026-10-07T17:44:10.212497+00:00,2026-10-07T18:08:21.159398+00:00,UNO,"ST,1448824,RRRR,C,0,0,210",6,71a8b96
2026-10-07T17:44:10.212497+00:00,2026-10-07T18:08:21.336127+00:00,UNO,"ST,1449000,RRRR,C,0,0,210",6,71a8b96
2026-10-07T17:44:10.212497+00:00,2026-10-07T18:08:21.835477+00:00,UNO,"ST,1449500,RRRR,C,0,0,210",6,71a8b96
2026-10-07T17:44:10.212497+00:00,2026-10-07T18:08:22.159169+00:00,UNO,"ST,1449824,RRGG,C,0,0,210",6,71a8b96
2026-10-07T17:44:10.212497+00:00,2026-10-07T18:08:22.335180+00:00,UNO,"ST,1450000,RRGG,C,0,0,210",6,71a8b96
2026-10-07T17:44:10.212497+00:00,2026-10-07T18:08:22.835223+00:00,UNO,"ST,1450500,RRGG,C,0,0,210",6,71a8b96
2026-10-07T17:44:10.212497+00:00,2026-10-07T18:08:23.336344+00:00,UNO,"ST,1451000,RRGG,C,0,0,210",6,71a8b96
2026-10-07T17:44:10.212497+00:00,2026-10-07T18:08:23.835720+00:00,UNO,"ST,1451500,RRGG,C,0,0,210",6,71a8b96
2026-10-07T17:44:10.212497+00:00,2026-10-07T18:08:24.335776+00:00,UNO,"ST,1452000,RRGG,C,0,0,210",6,71a8b96
2026-10-07T17:44:10.212497+00:00,2026-10-07T18:08:24.836812+00:00,UNO,"ST,1452500,RRGG,C,0,0,210",6,71a8b96
2026-10-07T17:44:10.212497+00:00,2026-10-07T18:08:25.160523+00:00,UNO,"ST,1452824,RRYY,C,0,0,210",6,71a8b96
2026-10-07T17:44:10.212497+00:00,2026-10-07T18:08:25.336607+00:00,UNO,"ST,1453000,RRYY,C,0,0,210",6,71a8b96
2026-10-07T17:44:10.212497+00:00,2026-10-07T18:08:25.836592+00:00,UNO,"ST,1453500,RRYY,C,0,0,210",6,71a8b96
2026-10-07T17:44:10.212497+00:00,2026-10-07T18:08:26.336652+00:00,UNO,"ST,1454000,RRYY,C,0,0,210",6,71a8b96
2026-10-07T17:44:10.212497+00:00,2026-10-07T18:08:26.837050+00:00,UNO,"ST,1454500,RRYY,C,0,0,210",6,71a8b96
2026-10-07T17:44:10.212497+00:00,2026-10-07T18:08:27.160749+00:00,UNO,"ST,1454824,RRRR,C,0,0,210",6,71a8b96
2026-10-07T17:44:10.212497+00:00,2026-10-07T18:08:27.336778+00:00,UNO,"ST,1455000,RRRR,C,0,0,210",6,71a8b96
2026-10-07T17:44:10.212497+00:00,2026-10-07T18:08:27.836816+00:00,UNO,"ST,1455500,RRRR,C,0,0,210",6,71a8b96
2026-10-07T17:44:10.212497+00:00,2026-10-07T18:08:28.161854+00:00,UNO,"ST,1455824,GGRR,C,0,0,210",6,71a8b96
2026-10-07T17:44:10.212497+00:00,2026-10-07T18:08:28.336867+00:00,UNO,"ST,1456000,GGRR,C,0,0,210",6,71a8b96
2026-10-07T17:44:10.212497+00:00,2026-10-07T18:08:28.837980+00:00,UNO,"ST,1456500,GGRR,C,0,0,210",6,71a8b96
2026-10-07T17:44:10.212497+00:00,2026-10-07T18:08:29.337351+00:00,UNO,"ST,1457000,GGRR,C,0,0,210",6,71a8b96
2026-10-07T17:44:10.212497+00:00,2026-10-07T18:08:29.837079+00:00,UNO,"ST,1457500,GGRR,C,0,0,210",6,71a8b96
2026-10-07T17:44:10.212497+00:00,2026-10-07T18:08:30.338116+00:00,UNO,"ST,1458000,GGRR,C,0,0,210",6,71a8b96
2026-10-07T17:44:10.212497+00:00,2026-10-07T18:08:30.838149+00:00,UNO,"ST,1458500,GGRR,C,0,0,210",6,71a8b96
2026-10-07T17:44:10.212497+00:00,2026-10-07T18:08:31.161540+00:00,UNO,"ST,1458824,YYRR,C,0,0,210",6,71a8b96
2026-10-07T17:44:10.212497+00:00,2026-10-07T18:08:31.338228+00:00,UNO,"ST,1459000,YYRR,C,0,0,210",6,71a8b96
2026-10-07T17:44:10.212497+00:00,2026-10-07T18:08:31.837627+00:00,UNO,"ST,1459500,YYRR,C,0,0,210",6,71a8b96
2026-10-07T17:44:10.212497+00:00,2026-10-07T18:08:32.338354+00:00,UNO,"ST,1460000,YYRR,C,0,0,210",6,71a8b96
2026-10-07T17:44:10.212497+00:00,2026-10-07T18:08:32.838403+00:00,UNO,"ST,1460500,YYRR,C,0,0,210",6,71a8b96
2026-10-07T17:44:10.212497+00:00,2026-10-07T18:08:33.161807+00:00,UNO,"ST,1460824,RRRR,C,0,0,210",6,71a8b96
2026-10-07T17:44:10.212497+00:00,2026-10-07T18:08:33.338453+00:00,UNO,"ST,1461000,RRRR,C,0,0,210",6,71a8b96
2026-10-07T17:44:10.212497+00:00,2026-10-07T18:08:33.838863+00:00,UNO,"ST,1461500,RRRR,C,0,0,210",6,71a8b96
2026-10-07T17:44:10.212497+00:00,2026-10-07T18:08:34.162542+00:00,UNO,"ST,1461824,RRGG,C,0,0,210",6,71a8b96
2026-10-07T17:44:10.212497+00:00,2026-10-07T18:08:34.338908+00:00,UNO,"ST,1462000,RRGG,C,0,0,210",6,71a8b96
2026-10-07T17:44:10.212497+00:00,2026-10-07T18:08:34.838609+00:00,UNO,"ST,1462500,RRGG,C,0,0,210",6,71a8b96
2026-10-07T17:44:10.212497+00:00,2026-10-07T18:08:35.338688+00:00,UNO,"ST,1463000,RRGG,C,0,0,210",6,71a8b96
2026-10-07T17:44:10.212497+00:00,2026-10-07T18:08:35.839738+00:00,UNO,"ST,1463500,RRGG,C,0,0,210",6,71a8b96
2026-10-07T17:44:10.212497+00:00,2026-10-07T18:08:36.339190+00:00,UNO,"ST,1464000,RRGG,C,0,0,210",6,71a8b96
2026-10-07T17:44:10.212497+00:00,2026-10-07T18:08:36.839204+00:00,UNO,"ST,1464500,RRGG,C,0,0,210",6,71a8b96
2026-10-07T17:44:10.212497+00:00,2026-10-07T18:08:37.163927+00:00,UNO,"ST,1464824,RRYY,C,0,0,210",6,71a8b96
2026-10-07T17:44:10.212497+00:00,2026-10-07T18:08:37.339968+00:00,UNO,"ST,1465000,RRYY,C,0,0,210",6,71a8b96
2026-10-07T17:44:10.212497+00:00,2026-10-07T18:08:37.839970+00:00,UNO,"ST,1465500,RRYY,C,0,0,210",6,71a8b96
2026-10-07T17:44:10.212497+00:00,2026-10-07T18:08:38.340029+00:00,UNO,"ST,1466000,RRYY,C,0,0,210",6,71a8b96
2026-10-07T17:44:10.212497+00:00,2026-10-07T18:08:38.839434+00:00,UNO,"ST,1466500,RRYY,C,0,0,210",6,71a8b96
2026-10-07T17:44:10.212497+00:00,2026-10-07T18:08:39.164122+00:00,UNO,"ST,1466824,RRRR,C,0,0,210",6,71a8b96
2026-10-07T17:44:10.212497+00:00,2026-10-07T18:08:39.340512+00:00,UNO,"ST,1467000,RRRR,C,0,0,210",6,71a8b96
2026-10-07T17:44:10.212497+00:00,2026-10-07T18:08:39.840222+00:00,UNO,"ST,1467500,RRRR,C,0,0,210",6,71a8b96
2026-10-07T17:44:10.212497+00:00,2026-10-07T18:08:40.164247+00:00,UNO,"ST,1467824,GGRR,C,0,0,210",6,71a8b96
2026-10-07T17:44:10.212497+00:00,2026-10-07T18:08:40.340294+00:00,UNO,"ST,1468000,GGRR,C,0,0,210",6,71a8b96
2026-10-07T17:44:10.212497+00:00,2026-10-07T18:08:40.841349+00:00,UNO,"ST,1468500,GGRR,C,0,0,210",6,71a8b96
2026-10-07T17:44:10.212497+00:00,2026-10-07T18:08:41.340724+00:00,UNO,"ST,1469000,GGRR,C,0,0,210",6,71a8b96
2026-10-07T17:44:10.212497+00:00,2026-10-07T18:08:41.840786+00:00,UNO,"ST,1469500,GGRR,C,0,0,210",6,71a8b96
2026-10-07T17:44:10.212497+00:00,2026-10-07T18:08:42.340504+00:00,UNO,"ST,1470000,GGRR,C,0,0,210",6,71a8b96
2026-10-07T17:44:10.212497+00:00,2026-10-07T18:08:42.841615+00:00,UNO,"ST,1470500,GGRR,C,0,0,210",6,71a8b96
2026-10-07T17:44:10.212497+00:00,2026-10-07T18:08:43.164968+00:00,UNO,"ST,1470824,YYRR,C,0,0,210",6,71a8b96
2026-10-07T17:44:10.212497+00:00,2026-10-07T18:08:43.341706+00:00,UNO,"ST,1471000,YYRR,C,0,0,210",6,71a8b96
2026-10-07T17:44:10.212497+00:00,2026-10-07T18:08:43.841019+00:00,UNO,"ST,1471500,YYRR,C,0,0,210",6,71a8b96
2026-10-07T17:44:10.212497+00:00,2026-10-07T18:08:44.340726+00:00,UNO,"ST,1472000,YYRR,C,0,0,210",6,71a8b96
2026-10-07T17:44:10.212497+00:00,2026-10-07T18:08:44.841850+00:00,UNO,"ST,1472500,YYRR,C,0,0,210",6,71a8b96
2026-10-07T17:44:10.212497+00:00,2026-10-07T18:08:45.165831+00:00,UNO,"ST,1472824,RRRR,C,0,0,210",6,71a8b96
2026-10-07T17:44:10.212497+00:00,2026-10-07T18:08:45.341856+00:00,UNO,"ST,1473000,RRRR,C,0,0,210",6,71a8b96
2026-10-07T17:44:10.212497+00:00,2026-10-07T18:08:45.847218+00:00,UNO,"ST,1473500,RRRR,C,0,0,210",6,71a8b96
2026-10-07T17:44:10.212497+00:00,2026-10-07T18:08:46.166294+00:00,UNO,"ST,1473824,RRGG,C,0,0,210",6,71a8b96
2026-10-07T17:44:10.212497+00:00,2026-10-07T18:08:46.342328+00:00,UNO,"ST,1474000,RRGG,C,0,0,210",6,71a8b96
2026-10-07T17:44:10.212497+00:00,2026-10-07T18:08:46.842017+00:00,UNO,"ST,1474500,RRGG,C,0,0,210",6,71a8b96
2026-10-07T17:44:10.212497+00:00,2026-10-07T18:08:47.342113+00:00,UNO,"ST,1475000,RRGG,C,0,0,210",6,71a8b96
2026-10-07T17:44:10.212497+00:00,2026-10-07T18:08:47.842130+00:00,UNO,"ST,1475500,RRGG,C,0,0,210",6,71a8b96
2026-10-07T17:44:10.212497+00:00,2026-10-07T18:08:48.342551+00:00,UNO,"ST,1476000,RRGG,C,0,0,210",6,71a8b96
2026-10-07T17:44:10.212497+00:00,2026-10-07T18:08:48.842617+00:00,UNO,"ST,1476500,RRGG,C,0,0,210",6,71a8b96
2026-10-07T17:44:10.212497+00:00,2026-10-07T18:08:49.166298+00:00,UNO,"ST,1476824,RRYY,C,0,0,210",6,71a8b96
2026-10-07T17:44:10.212497+00:00,2026-10-07T18:08:49.342338+00:00,UNO,"ST,1477000,RRYY,C,0,0,210",6,71a8b96
2026-10-07T17:44:10.212497+00:00,2026-10-07T18:08:49.843400+00:00,UNO,"ST,1477500,RRYY,C,0,0,210",6,71a8b96
2026-10-07T17:44:10.212497+00:00,2026-10-07T18:08:50.343442+00:00,UNO,"ST,1478000,RRYY,C,0,0,210",6,71a8b96
2026-10-07T17:44:10.212497+00:00,2026-10-07T18:08:50.842857+00:00,UNO,"ST,1478500,RRYY,C,0,0,210",6,71a8b96
2026-10-07T17:44:10.212497+00:00,2026-10-07T18:08:51.167880+00:00,UNO,"ST,1478824,RRRR,C,0,0,210",6,71a8b96
2026-10-07T17:44:10.212497+00:00,2026-10-07T18:08:51.342904+00:00,UNO,"ST,1479000,RRRR,C,0,0,210",6,71a8b96
2026-10-07T17:44:10.212497+00:00,2026-10-07T18:08:51.843606+00:00,UNO,"ST,1479500,RRRR,C,0,0,210",6,71a8b96
2026-10-07T17:44:10.212497+00:00,2026-10-07T18:08:52.167683+00:00,UNO,"ST,1479824,GGRR,C,0,0,210",6,71a8b96
2026-10-07T17:44:10.212497+00:00,2026-10-07T18:08:52.343666+00:00,UNO,"ST,1480000,GGRR,C,0,0,210",6,71a8b96
2026-10-07T17:44:10.212497+00:00,2026-10-07T18:08:52.843719+00:00,UNO,"ST,1480500,GGRR,C,0,0,210",6,71a8b96
2026-10-07T17:44:10.212497+00:00,2026-10-07T18:08:53.344793+00:00,UNO,"ST,1481000,GGRR,C,0,0,210",6,71a8b96
2026-10-07T17:44:10.212497+00:00,2026-10-07T18:08:53.844187+00:00,UNO,"ST,1481500,GGRR,C,0,0,210",6,71a8b96
2026-10-07T17:44:10.212497+00:00,2026-10-07T18:08:54.343887+00:00,UNO,"ST,1482000,GGRR,C,0,0,210",6,71a8b96
2026-10-07T17:44:10.212497+00:00,2026-10-07T18:08:54.843963+00:00,UNO,"ST,1482500,GGRR,C,0,0,210",6,71a8b96
2026-10-07T17:44:10.212497+00:00,2026-10-07T18:08:55.169090+00:00,UNO,"ST,1482824,YYRR,C,0,0,210",6,71a8b96
2026-10-07T17:44:10.212497+00:00,2026-10-07T18:08:55.345050+00:00,UNO,"ST,1483000,YYRR,C,0,0,210",6,71a8b96
2026-10-07T17:44:10.212497+00:00,2026-10-07T18:08:55.844417+00:00,UNO,"ST,1483500,YYRR,C,0,0,210",6,71a8b96
2026-10-07T17:44:10.212497+00:00,2026-10-07T18:08:56.344476+00:00,UNO,"ST,1484000,YYRR,C,0,0,210",6,71a8b96
2026-10-07T17:44:10.212497+00:00,2026-10-07T18:08:56.845215+00:00,UNO,"ST,1484500,YYRR,C,0,0,210",6,71a8b96
2026-10-07T17:44:10.212497+00:00,2026-10-07T18:08:57.169235+00:00,UNO,"ST,1484824,RRRR,C,0,0,210",6,71a8b96
2026-10-07T17:44:10.212497+00:00,2026-10-07T18:08:57.345274+00:00,UNO,"ST,1485000,RRRR,C,0,0,210",6,71a8b96
2026-10-07T17:44:10.212497+00:00,2026-10-07T18:08:57.845665+00:00,UNO,"ST,1485500,RRRR,C,0,0,210",6,71a8b96
2026-10-07T17:44:10.212497+00:00,2026-10-07T18:08:58.168707+00:00,UNO,"ST,1485824,RRGG,C,0,0,210",6,71a8b96
2026-10-07T17:44:10.212497+00:00,2026-10-07T18:08:58.344712+00:00,UNO,"ST,1486000,RRGG,C,0,0,210",6,71a8b96
2026-10-07T17:44:10.212497+00:00,2026-10-07T18:08:58.845788+00:00,UNO,"ST,1486500,RRGG,C,0,0,210",6,71a8b96
2026-10-07T17:44:10.212497+00:00,2026-10-07T18:08:59.345477+00:00,UNO,"ST,1487000,RRGG,C,0,0,210",6,71a8b96
2026-10-07T17:44:10.212497+00:00,2026-10-07T18:08:59.845560+00:00,UNO,"ST,1487500,RRGG,C,0,0,210",6,71a8b96
2026-10-07T17:44:10.212497+00:00,2026-10-07T18:09:00.345595+00:00,UNO,"ST,1488000,RRGG,C,0,0,210",6,71a8b96
2026-10-07T17:44:10.212497+00:00,2026-10-07T18:09:00.846002+00:00,UNO,"ST,1488500,RRGG,C,0,0,210",6,71a8b96
2026-10-07T17:44:10.212497+00:00,2026-10-07T18:09:01.169714+00:00,UNO,"ST,1488824,RRYY,C,0,0,210",6,71a8b96
2026-10-07T17:44:10.212497+00:00,2026-10-07T18:09:01.345716+00:00,UNO,"ST,1489000,RRYY,C,0,0,210",6,71a8b96
2026-10-07T17:44:10.212497+00:00,2026-10-07T18:09:01.845770+00:00,UNO,"ST,1489500,RRYY,C,0,0,210",6,71a8b96
2026-10-07T17:44:10.212497+00:00,2026-10-07T18:09:02.346824+00:00,UNO,"ST,1490000,RRYY,C,0,0,210",6,71a8b96
2026-10-07T17:44:10.212497+00:00,2026-10-07T18:09:02.846884+00:00,UNO,"ST,1490500,RRYY,C,0,0,210",6,71a8b96
2026-10-07T17:44:10.212497+00:00,2026-10-07T18:09:03.170292+00:00,UNO,"ST,1490824,RRRR,C,0,0,210",6,71a8b96
2026-10-07T17:44:10.212497+00:00,2026-10-07T18:09:03.346328+00:00,UNO,"ST,1491000,RRRR,C,0,0,210",6,71a8b96
2026-10-07T17:44:10.212497+00:00,2026-10-07T18:09:03.846350+00:00,UNO,"ST,1491500,RRRR,C,0,0,210",6,71a8b96
2026-10-07T17:44:10.212497+00:00,2026-10-07T18:09:04.171060+00:00,UNO,"ST,1491824,GGRR,C,0,0,210",6,71a8b96
2026-10-07T17:44:10.212497+00:00,2026-10-07T18:09:04.347057+00:00,UNO,"ST,1492000,GGRR,C,0,0,210",6,71a8b96
2026-10-07T17:44:10.212497+00:00,2026-10-07T18:09:04.847116+00:00,UNO,"ST,1492500,GGRR,C,0,0,210",6,71a8b96
2026-10-07T17:44:10.212497+00:00,2026-10-07T18:09:05.347184+00:00,UNO,"ST,1493000,GGRR,C,0,0,210",6,71a8b96
2026-10-07T17:44:10.212497+00:00,2026-10-07T18:09:05.847591+00:00,UNO,"ST,1493500,GGRR,C,0,0,210",6,71a8b96
2026-10-07T17:44:10.212497+00:00,2026-10-07T18:09:06.347299+00:00,UNO,"ST,1494000,GGRR,C,0,0,210",6,71a8b96
2026-10-07T17:44:10.212497+00:00,2026-10-07T18:09:06.847355+00:00,UNO,"ST,1494500,GGRR,C,0,0,210",6,71a8b96
2026-10-07T17:44:10.212497+00:00,2026-10-07T18:09:07.172415+00:00,UNO,"ST,1494824,YYRR,C,0,0,210",6,71a8b96
2026-10-07T17:44:10.212497+00:00,2026-10-07T18:09:07.347444+00:00,UNO,"ST,1495000,YYRR,C,0,0,210",6,71a8b96
2026-10-07T17:44:10.212497+00:00,2026-10-07T18:09:07.848471+00:00,UNO,"ST,1495500,YYRR,C,0,0,210",6,71a8b96
2026-10-07T17:44:10.212497+00:00,2026-10-07T18:09:08.347893+00:00,UNO,"ST,1496000,YYRR,C,0,0,210",6,71a8b96
2026-10-07T17:44:10.212497+00:00,2026-10-07T18:09:08.847601+00:00,UNO,"ST,1496500,YYRR,C,0,0,210",6,71a8b96
2026-10-07T17:44:10.212497+00:00,2026-10-07T18:09:09.172640+00:00,UNO,"ST,1496824,RRRR,C,0,0,210",6,71a8b96
2026-10-07T17:44:10.212497+00:00,2026-10-07T18:09:09.348647+00:00,UNO,"ST,1497000,RRRR,C,0,0,210",6,71a8b96
2026-10-07T17:44:10.212497+00:00,2026-10-07T18:09:09.848741+00:00,UNO,"ST,1497500,RRRR,C,0,0,210",6,71a8b96
2026-10-07T17:44:10.212497+00:00,2026-10-07T18:09:10.172087+00:00,UNO,"ST,1497824,RRGG,C,0,0,210",6,71a8b96
2026-10-07T17:44:10.212497+00:00,2026-10-07T18:09:10.348109+00:00,UNO,"ST,1498000,RRGG,C,0,0,210",6,71a8b96
2026-10-07T17:44:10.212497+00:00,2026-10-07T18:09:10.848165+00:00,UNO,"ST,1498500,RRGG,C,0,0,210",6,71a8b96
2026-10-07T17:44:10.212497+00:00,2026-10-07T18:09:11.348889+00:00,UNO,"ST,1499000,RRGG,C,0,0,210",6,71a8b96
2026-10-07T17:44:10.212497+00:00,2026-10-07T18:09:11.848954+00:00,UNO,"ST,1499500,RRGG,C,0,0,210",6,71a8b96
2026-10-07T17:44:10.212497+00:00,2026-10-07T18:09:12.349009+00:00,UNO,"ST,1500000,RRGG,C,0,0,210",6,71a8b96
2026-10-07T17:44:10.212497+00:00,2026-10-07T18:09:12.850060+00:00,UNO,"ST,1500500,RRGG,C,0,0,210",6,71a8b96
2026-10-07T17:44:10.212497+00:00,2026-10-07T18:09:13.173470+00:00,UNO,"ST,1500824,RRYY,C,0,0,210",6,71a8b96
2026-10-07T17:44:10.212497+00:00,2026-10-07T18:09:13.349460+00:00,UNO,"ST,1501000,RRYY,C,0,0,210",6,71a8b96
2026-10-07T17:44:10.212497+00:00,2026-10-07T18:09:13.849163+00:00,UNO,"ST,1501500,RRYY,C,0,0,210",6,71a8b96
2026-10-07T17:44:10.212497+00:00,2026-10-07T18:09:14.349231+00:00,UNO,"ST,1502000,RRYY,C,0,0,210",6,71a8b96
2026-10-07T17:44:10.212497+00:00,2026-10-07T18:09:14.850287+00:00,UNO,"ST,1502500,RRYY,C,0,0,210",6,71a8b96
2026-10-07T17:44:10.212497+00:00,2026-10-07T18:09:15.173685+00:00,UNO,"ST,1502824,RRRR,C,0,0,210",6,71a8b96
2026-10-07T17:44:10.212497+00:00,2026-10-07T18:09:15.350365+00:00,UNO,"ST,1503000,RRRR,C,0,0,210",6,71a8b96
2026-10-07T17:44:10.212497+00:00,2026-10-07T18:09:15.849744+00:00,UNO,"ST,1503500,RRRR,C,0,0,210",6,71a8b96
2026-10-07T17:44:10.212497+00:00,2026-10-07T18:09:16.174445+00:00,UNO,"ST,1503824,GGRR,C,0,0,210",6,71a8b96
2026-10-07T17:44:10.212497+00:00,2026-10-07T18:09:16.349477+00:00,UNO,"ST,1504000,GGRR,C,0,0,210",6,71a8b96
2026-10-07T17:44:10.212497+00:00,2026-10-07T18:09:16.850522+00:00,UNO,"ST,1504500,GGRR,C,0,0,210",6,71a8b96
2026-10-07T17:44:10.212497+00:00,2026-10-07T18:09:17.350577+00:00,UNO,"ST,1505000,GGRR,C,0,0,210",6,71a8b96
2026-10-07T17:44:10.212497+00:00,2026-10-07T18:09:17.850473+00:00,UNO,"ST,1505500,GGRR,C,0,0,210",6,71a8b96
2026-10-07T17:44:10.212497+00:00,2026-10-07T18:09:18.351043+00:00,UNO,"ST,1506000,GGRR,C,0,0,210",6,71a8b96
2026-10-07T17:44:10.212497+00:00,2026-10-07T18:09:18.850770+00:00,UNO,"ST,1506500,GGRR,C,0,0,210",6,71a8b96
2026-10-07T17:44:10.212497+00:00,2026-10-07T18:09:19.174802+00:00,UNO,"ST,1506824,YYRR,C,0,0,210",6,71a8b96
2026-10-07T17:44:10.212497+00:00,2026-10-07T18:09:19.350816+00:00,UNO,"ST,1507000,YYRR,C,0,0,210",6,71a8b96
2026-10-07T17:44:10.212497+00:00,2026-10-07T18:09:19.850908+00:00,UNO,"ST,1507500,YYRR,C,0,0,210",6,71a8b96
2026-10-07T17:44:10.212497+00:00,2026-10-07T18:09:20.351284+00:00,UNO,"ST,1508000,YYRR,C,0,0,210",6,71a8b96
2026-10-07T17:44:10.212497+00:00,2026-10-07T18:09:20.851354+00:00,UNO,"ST,1508500,YYRR,C,0,0,210",6,71a8b96
2026-10-07T17:44:10.212497+00:00,2026-10-07T18:09:21.175025+00:00,UNO,"ST,1508824,RRRR,C,0,0,210",6,71a8b96
2026-10-07T17:44:10.212497+00:00,2026-10-07T18:09:21.351053+00:00,UNO,"ST,1509000,RRRR,C,0,0,210",6,71a8b96
2026-10-07T17:44:10.212497+00:00,2026-10-07T18:09:21.852108+00:00,UNO,"ST,1509500,RRRR,C,0,0,210",6,71a8b96
2026-10-07T17:44:10.212497+00:00,2026-10-07T18:09:22.176169+00:00,UNO,"ST,1509824,RRGG,C,0,0,210",6,71a8b96
2026-10-07T17:44:10.212497+00:00,2026-10-07T18:09:22.351529+00:00,UNO,"ST,1510000,RRGG,C,0,0,210",6,71a8b96
2026-10-07T17:44:10.212497+00:00,2026-10-07T18:09:22.851562+00:00,UNO,"ST,1510500,RRGG,C,0,0,210",6,71a8b96
2026-10-07T17:44:10.212497+00:00,2026-10-07T18:09:23.351289+00:00,UNO,"ST,1511000,RRGG,C,0,0,210",6,71a8b96
2026-10-07T17:44:10.212497+00:00,2026-10-07T18:09:23.852336+00:00,UNO,"ST,1511500,RRGG,C,0,0,210",6,71a8b96
2026-10-07T17:44:10.212497+00:00,2026-10-07T18:09:24.352389+00:00,UNO,"ST,1512000,RRGG,C,0,0,210",6,71a8b96
2026-10-07T17:44:10.212497+00:00,2026-10-07T18:09:24.852462+00:00,UNO,"ST,1512500,RRGG,C,0,0,210",6,71a8b96
2026-10-07T17:44:10.212497+00:00,2026-10-07T18:09:25.176841+00:00,UNO,"ST,1512824,RRYY,C,0,0,210",6,71a8b96
2026-10-07T17:44:10.212497+00:00,2026-10-07T18:09:25.352864+00:00,UNO,"ST,1513000,RRYY,C,0,0,210",6,71a8b96
2026-10-07T17:44:10.212497+00:00,2026-10-07T18:09:25.852916+00:00,UNO,"ST,1513500,RRYY,C,0,0,210",6,71a8b96
2026-10-07T17:44:10.212497+00:00,2026-10-07T18:09:26.352622+00:00,UNO,"ST,1514000,RRYY,C,0,0,210",6,71a8b96
2026-10-07T17:44:10.212497+00:00,2026-10-07T18:09:26.852699+00:00,UNO,"ST,1514500,RRYY,C,0,0,210",6,71a8b96
2026-10-07T17:44:10.212497+00:00,2026-10-07T18:09:27.177745+00:00,UNO,"ST,1514824,RRRR,C,0,0,210",6,71a8b96
2026-10-07T17:44:10.212497+00:00,2026-10-07T18:09:27.353751+00:00,UNO,"ST,1515000,RRRR,C,0,0,210",6,71a8b96
2026-10-07T17:44:10.212497+00:00,2026-10-07T18:09:27.853152+00:00,UNO,"ST,1515500,RRRR,C,0,0,210",6,71a8b96
2026-10-07T17:44:10.212497+00:00,2026-10-07T18:09:28.177199+00:00,UNO,"ST,1515824,GGRR,C,0,0,210",6,71a8b96
2026-10-07T17:44:10.212497+00:00,2026-10-07T18:09:28.352866+00:00,UNO,"ST,1516000,GGRR,C,0,0,210",6,71a8b96
2026-10-07T17:44:10.212497+00:00,2026-10-07T18:09:28.853916+00:00,UNO,"ST,1516500,GGRR,C,0,0,210",6,71a8b96
2026-10-07T17:44:10.212497+00:00,2026-10-07T18:09:29.354000+00:00,UNO,"ST,1517000,GGRR,C,0,0,210",6,71a8b96
2026-10-07T17:44:10.212497+00:00,2026-10-07T18:09:29.854058+00:00,UNO,"ST,1517500,GGRR,C,0,0,210",6,71a8b96
2026-10-07T17:44:10.212497+00:00,2026-10-07T18:09:30.353441+00:00,UNO,"ST,1518000,GGRR,C,0,0,210",6,71a8b96
2026-10-07T17:44:10.212497+00:00,2026-10-07T18:09:30.854150+00:00,UNO,"ST,1518500,GGRR,C,0,0,210",6,71a8b96
2026-10-07T17:44:10.212497+00:00,2026-10-07T18:09:31.178191+00:00,UNO,"ST,1518824,YYRR,C,0,0,210",6,71a8b96
2026-10-07T17:44:10.212497+00:00,2026-10-07T18:09:31.354236+00:00,UNO,"ST,1519000,YYRR,C,0,0,210",6,71a8b96
2026-10-07T17:44:10.212497+00:00,2026-10-07T18:09:31.854294+00:00,UNO,"ST,1519500,YYRR,C,0,0,210",6,71a8b96
2026-10-07T17:44:10.212497+00:00,2026-10-07T18:09:32.353675+00:00,UNO,"ST,1520000,YYRR,C,0,0,210",6,71a8b96
2026-10-07T17:44:10.212497+00:00,2026-10-07T18:09:32.854737+00:00,UNO,"ST,1520500,YYRR,C,0,0,210",6,71a8b96
2026-10-07T17:44:10.212497+00:00,2026-10-07T18:09:33.178450+00:00,UNO,"ST,1520824,RRRR,C,0,0,210",6,71a8b96
2026-10-07T17:44:10.212497+00:00,2026-10-07T18:09:33.354467+00:00,UNO,"ST,1521000,RRRR,C,0,0,210",6,71a8b96
2026-10-07T17:44:10.212497+00:00,2026-10-07T18:09:33.854531+00:00,UNO,"ST,1521500,RRRR,C,0,0,210",6,71a8b96
2026-10-07T17:44:10.212497+00:00,2026-10-07T18:09:34.179546+00:00,UNO,"ST,1521824,RRGG,C,0,0,210",6,71a8b96
2026-10-07T17:44:10.212497+00:00,2026-10-07T18:09:34.355576+00:00,UNO,"ST,1522000,RRGG,C,0,0,210",6,71a8b96
2026-10-07T17:44:10.212497+00:00,2026-10-07T18:09:34.855640+00:00,UNO,"ST,1522500,RRGG,C,0,0,210",6,71a8b96
2026-10-07T17:44:10.212497+00:00,2026-10-07T18:09:35.355039+00:00,UNO,"ST,1523000,RRGG,C,0,0,210",6,71a8b96
2026-10-07T17:44:10.212497+00:00,2026-10-07T18:09:35.854789+00:00,UNO,"ST,1523500,RRGG,C,0,0,210",6,71a8b96
2026-10-07T17:44:10.212497+00:00,2026-10-07T18:09:36.355817+00:00,UNO,"ST,1524000,RRGG,C,0,0,210",6,71a8b96
2026-10-07T17:44:10.212497+00:00,2026-10-07T18:09:36.855914+00:00,UNO,"ST,1524500,RRGG,C,0,0,210",6,71a8b96
2026-10-07T17:44:10.212497+00:00,2026-10-07T18:09:37.179255+00:00,UNO,"ST,1524824,RRYY,C,0,0,210",6,71a8b96
2026-10-07T17:44:10.212497+00:00,2026-10-07T18:09:37.355263+00:00,UNO,"ST,1525000,RRYY,C,0,0,210",6,71a8b96
2026-10-07T17:44:10.212497+00:00,2026-10-07T18:09:37.856319+00:00,UNO,"ST,1525500,RRYY,C,0,0,210",6,71a8b96
2026-10-07T17:44:10.212497+00:00,2026-10-07T18:09:38.356380+00:00,UNO,"ST,1526000,RRYY,C,0,0,210",6,71a8b96
2026-10-07T17:44:10.212497+00:00,2026-10-07T18:09:38.856096+00:00,UNO,"ST,1526500,RRYY,C,0,0,210",6,71a8b96
2026-10-07T17:44:10.212497+00:00,2026-10-07T18:09:39.181131+00:00,UNO,"ST,1526824,RRRR,C,0,0,210",6,71a8b96
2026-10-07T17:44:10.212497+00:00,2026-10-07T18:09:39.356168+00:00,UNO,"ST,1527000,RRRR,C,0,0,210",6,71a8b96
2026-10-07T17:44:10.212497+00:00,2026-10-07T18:09:39.856584+00:00,UNO,"ST,1527500,RRRR,C,0,0,210",6,71a8b96
2026-10-07T17:44:10.212497+00:00,2026-10-07T18:09:40.180593+00:00,UNO,"ST,1527824,GGRR,C,0,0,210",6,71a8b96
2026-10-07T17:44:10.212497+00:00,2026-10-07T18:09:40.356611+00:00,UNO,"ST,1528000,GGRR,C,0,0,210",6,71a8b96
2026-10-07T17:44:10.212497+00:00,2026-10-07T18:09:40.856331+00:00,UNO,"ST,1528500,GGRR,C,0,0,210",6,71a8b96
2026-10-07T17:44:10.212497+00:00,2026-10-07T18:09:41.357381+00:00,UNO,"ST,1529000,GGRR,C,0,0,210",6,71a8b96
2026-10-07T17:44:10.212497+00:00,2026-10-07T18:09:41.857453+00:00,UNO,"ST,1529500,GGRR,C,0,0,210",6,71a8b96
2026-10-07T17:44:10.212497+00:00,2026-10-07T18:09:42.356842+00:00,UNO,"ST,1530000,GGRR,C,0,0,210",6,71a8b96
2026-10-07T17:44:10.212497+00:00,2026-10-07T18:09:42.856924+00:00,UNO,"ST,1530500,GGRR,C,0,0,210",6,71a8b96
2026-10-07T17:44:10.212497+00:00,2026-10-07T18:09:43.181616+00:00,UNO,"ST,1530824,YYRR,C,0,0,210",6,71a8b96
2026-10-07T17:44:10.212497+00:00,2026-10-07T18:09:43.357617+00:00,UNO,"ST,1531000,YYRR,C,0,0,210",6,71a8b96
2026-10-07T17:44:10.212497+00:00,2026-10-07T18:09:43.857670+00:00,UNO,"ST,1531500,YYRR,C,0,0,210",6,71a8b96
2026-10-07T17:44:10.212497+00:00,2026-10-07T18:09:44.357084+00:00,UNO,"ST,1532000,YYRR,C,0,0,210",6,71a8b96
2026-10-07T17:44:10.212497+00:00,2026-10-07T18:09:44.858140+00:00,UNO,"ST,1532500,YYRR,C,0,0,210",6,71a8b96
2026-10-07T17:44:10.212497+00:00,2026-10-07T18:09:45.181829+00:00,UNO,"ST,1532824,RRRR,C,0,0,210",6,71a8b96
2026-10-07T17:44:10.212497+00:00,2026-10-07T18:09:45.358202+00:00,UNO,"ST,1533000,RRRR,C,0,0,210",6,71a8b96
2026-10-07T17:44:10.212497+00:00,2026-10-07T18:09:45.857914+00:00,UNO,"ST,1533500,RRRR,C,0,0,210",6,71a8b96
2026-10-07T17:44:10.212497+00:00,2026-10-07T18:09:46.181944+00:00,UNO,"ST,1533824,RRGG,C,0,0,210",6,71a8b96
2026-10-07T17:44:10.212497+00:00,2026-10-07T18:09:46.357969+00:00,UNO,"ST,1534000,RRGG,C,0,0,210",6,71a8b96
2026-10-07T17:44:10.212497+00:00,2026-10-07T18:09:46.859021+00:00,UNO,"ST,1534500,RRGG,C,0,0,210",6,71a8b96
2026-10-07T17:44:10.212497+00:00,2026-10-07T18:09:47.358455+00:00,UNO,"ST,1535000,RRGG,C,0,0,210",6,71a8b96
2026-10-07T17:44:10.212497+00:00,2026-10-07T18:09:47.858184+00:00,UNO,"ST,1535500,RRGG,C,0,0,210",6,71a8b96
2026-10-07T17:44:10.212497+00:00,2026-10-07T18:09:48.358227+00:00,UNO,"ST,1536000,RRGG,C,0,0,210",6,71a8b96
2026-10-07T17:44:10.212497+00:00,2026-10-07T18:09:48.859296+00:00,UNO,"ST,1536500,RRGG,C,0,0,210",6,71a8b96
2026-10-07T17:44:10.212497+00:00,2026-10-07T18:09:49.183312+00:00,UNO,"ST,1536824,RRYY,C,0,0,210",6,71a8b96
2026-10-07T17:44:10.212497+00:00,2026-10-07T18:09:49.359352+00:00,UNO,"ST,1537000,RRYY,C,0,0,210",6,71a8b96
2026-10-07T17:44:10.212497+00:00,2026-10-07T18:09:49.858745+00:00,UNO,"ST,1537500,RRYY,C,0,0,210",6,71a8b96
2026-10-07T17:44:10.212497+00:00,2026-10-07T18:09:50.359776+00:00,UNO,"ST,1538000,RRYY,C,0,0,210",6,71a8b96
2026-10-07T17:44:10.212497+00:00,2026-10-07T18:09:50.859489+00:00,UNO,"ST,1538500,RRYY,C,0,0,210",6,71a8b96
2026-10-07T17:44:10.212497+00:00,2026-10-07T18:09:51.183535+00:00,UNO,"ST,1538824,RRRR,C,0,0,210",6,71a8b96
2026-10-07T17:44:10.212497+00:00,2026-10-07T18:09:51.359552+00:00,UNO,"ST,1539000,RRRR,C,0,0,210",6,71a8b96
2026-10-07T17:44:10.212497+00:00,2026-10-07T18:09:51.859603+00:00,UNO,"ST,1539500,RRRR,C,0,0,210",6,71a8b96
2026-10-07T17:44:10.212497+00:00,2026-10-07T18:09:52.184057+00:00,UNO,"ST,1539824,GGRR,C,0,0,210",6,71a8b96
2026-10-07T17:44:10.212497+00:00,2026-10-07T18:09:52.360031+00:00,UNO,"ST,1540000,GGRR,C,0,0,210",6,71a8b96
2026-10-07T17:44:10.212497+00:00,2026-10-07T18:09:52.859727+00:00,UNO,"ST,1540500,GGRR,C,0,0,210",6,71a8b96
2026-10-07T17:44:10.212497+00:00,2026-10-07T18:09:53.359800+00:00,UNO,"ST,1541000,GGRR,C,0,0,210",6,71a8b96
2026-10-07T17:44:10.212497+00:00,2026-10-07T18:09:53.860843+00:00,UNO,"ST,1541500,GGRR,C,0,0,210",6,71a8b96
2026-10-07T17:44:10.212497+00:00,2026-10-07T18:09:54.360898+00:00,UNO,"ST,1542000,GGRR,C,0,0,210",6,71a8b96
2026-10-07T17:44:10.212497+00:00,2026-10-07T18:09:54.860303+00:00,UNO,"ST,1542500,GGRR,C,0,0,210",6,71a8b96
2026-10-07T17:44:10.212497+00:00,2026-10-07T18:09:55.185002+00:00,UNO,"ST,1542824,YYRR,C,0,0,210",6,71a8b96
2026-10-07T17:44:10.212497+00:00,2026-10-07T18:09:55.360051+00:00,UNO,"ST,1543000,YYRR,C,0,0,210",6,71a8b96
2026-10-07T17:44:10.212497+00:00,2026-10-07T18:09:55.861060+00:00,UNO,"ST,1543500,YYRR,C,0,0,210",6,71a8b96
2026-10-07T17:44:10.212497+00:00,2026-10-07T18:09:56.361124+00:00,UNO,"ST,1544000,YYRR,C,0,0,210",6,71a8b96
2026-10-07T17:44:10.212497+00:00,2026-10-07T18:09:56.860536+00:00,UNO,"ST,1544500,YYRR,C,0,0,210",6,71a8b96
2026-10-07T17:44:10.212497+00:00,2026-10-07T18:09:57.185233+00:00,UNO,"ST,1544824,RRRR,C,0,0,210",6,71a8b96
2026-10-07T17:44:10.212497+00:00,2026-10-07T18:09:57.361595+00:00,UNO,"ST,1545000,RRRR,C,0,0,210",6,71a8b96
2026-10-07T17:44:10.212497+00:00,2026-10-07T18:09:57.861316+00:00,UNO,"ST,1545500,RRRR,C,0,0,210",6,71a8b96
2026-10-07T17:44:10.212497+00:00,2026-10-07T18:09:58.185347+00:00,UNO,"ST,1545824,RRGG,C,0,0,210",6,71a8b96
2026-10-07T17:44:10.212497+00:00,2026-10-07T18:09:58.361370+00:00,UNO,"ST,1546000,RRGG,C,0,0,210",6,71a8b96
2026-10-07T17:44:10.212497+00:00,2026-10-07T18:09:58.861456+00:00,UNO,"ST,1546500,RRGG,C,0,0,210",6,71a8b96
2026-10-07T17:44:10.212497+00:00,2026-10-07T18:09:59.361828+00:00,UNO,"ST,1547000,RRGG,C,0,0,210",6,71a8b96
2026-10-07T17:44:10.212497+00:00,2026-10-07T18:09:59.861937+00:00,UNO,"ST,1547500,RRGG,C,0,0,210",6,71a8b96
2026-10-07T17:44:10.212497+00:00,2026-10-07T18:10:00.361594+00:00,UNO,"ST,1548000,RRGG,C,0,0,210",6,71a8b96
2026-10-07T17:44:10.212497+00:00,2026-10-07T18:10:00.862649+00:00,UNO,"ST,1548500,RRGG,C,0,0,210",6,71a8b96
2026-10-07T17:44:10.212497+00:00,2026-10-07T18:10:01.186051+00:00,UNO,"ST,1548824,RRYY,C,0,0,210",6,71a8b96
2026-10-07T17:44:10.212497+00:00,2026-10-07T18:10:01.362725+00:00,UNO,"ST,1549000,RRYY,C,0,0,210",6,71a8b96
2026-10-07T17:44:10.212497+00:00,2026-10-07T18:10:01.862125+00:00,UNO,"ST,1549500,RRYY,C,0,0,210",6,71a8b96
2026-10-07T17:44:10.212497+00:00,2026-10-07T18:10:02.362195+00:00,UNO,"ST,1550000,RRYY,C,0,0,210",6,71a8b96
2026-10-07T17:44:10.212497+00:00,2026-10-07T18:10:02.862898+00:00,UNO,"ST,1550500,RRYY,C,0,0,210",6,71a8b96
2026-10-07T17:44:10.212497+00:00,2026-10-07T18:10:03.186956+00:00,UNO,"ST,1550824,RRRR,C,0,0,210",6,71a8b96
2026-10-07T17:44:10.212497+00:00,2026-10-07T18:10:03.362972+00:00,UNO,"ST,1551000,RRRR,C,0,0,210",6,71a8b96
2026-10-07T17:44:10.212497+00:00,2026-10-07T18:10:03.862999+00:00,UNO,"ST,1551500,RRRR,C,0,0,210",6,71a8b96
2026-10-07T17:44:10.212497+00:00,2026-10-07T18:10:04.187396+00:00,UNO,"ST,1551824,GGRR,C,0,0,210",6,71a8b96
2026-10-07T17:44:10.212497+00:00,2026-10-07T18:10:04.362424+00:00,UNO,"ST,1552000,GGRR,C,0,0,210",6,71a8b96
2026-10-07T17:44:10.212497+00:00,2026-10-07T18:10:04.863471+00:00,UNO,"ST,1552500,GGRR,C,0,0,210",6,71a8b96
2026-10-07T17:44:10.212497+00:00,2026-10-07T18:10:05.363219+00:00,UNO,"ST,1553000,GGRR,C,0,0,210",6,71a8b96
2026-10-07T17:44:10.212497+00:00,2026-10-07T18:10:05.863238+00:00,UNO,"ST,1553500,GGRR,C,0,0,210",6,71a8b96
2026-10-07T17:44:10.212497+00:00,2026-10-07T18:10:06.364298+00:00,UNO,"ST,1554000,GGRR,C,0,0,210",6,71a8b96
2026-10-07T17:44:10.212497+00:00,2026-10-07T18:10:06.863703+00:00,UNO,"ST,1554500,GGRR,C,0,0,210",6,71a8b96
2026-10-07T17:44:10.212497+00:00,2026-10-07T18:10:07.187402+00:00,UNO,"ST,1554824,YYRR,C,0,0,210",6,71a8b96
2026-10-07T17:44:10.212497+00:00,2026-10-07T18:10:07.363768+00:00,UNO,"ST,1555000,YYRR,C,0,0,210",6,71a8b96
2026-10-07T17:44:10.212497+00:00,2026-10-07T18:10:07.863476+00:00,UNO,"ST,1555500,YYRR,C,0,0,210",6,71a8b96
2026-10-07T17:44:10.212497+00:00,2026-10-07T18:10:08.364539+00:00,UNO,"ST,1556000,YYRR,C,0,0,210",6,71a8b96
2026-10-07T17:44:10.212497+00:00,2026-10-07T18:10:08.864589+00:00,UNO,"ST,1556500,YYRR,C,0,0,210",6,71a8b96
2026-10-07T17:44:10.212497+00:00,2026-10-07T18:10:09.187652+00:00,UNO,"ST,1556824,RRRR,C,0,0,210",6,71a8b96
2026-10-07T17:44:10.212497+00:00,2026-10-07T18:10:09.364016+00:00,UNO,"ST,1557000,RRRR,C,0,0,210",6,71a8b96
2026-10-07T17:44:10.212497+00:00,2026-10-07T18:10:09.864725+00:00,UNO,"ST,1557500,RRRR,C,0,0,210",6,71a8b96
2026-10-07T17:44:10.212497+00:00,2026-10-07T18:10:10.188768+00:00,UNO,"ST,1557824,RRGG,C,0,0,210",6,71a8b96
2026-10-07T17:44:10.212497+00:00,2026-10-07T18:10:10.364771+00:00,UNO,"ST,1558000,RRGG,C,0,0,210",6,71a8b96
2026-10-07T17:44:10.212497+00:00,2026-10-07T18:10:10.864823+00:00,UNO,"ST,1558500,RRGG,C,0,0,210",6,71a8b96
2026-10-07T17:44:10.212497+00:00,2026-10-07T18:10:11.364879+00:00,UNO,"ST,1559000,RRGG,C,0,0,210",6,71a8b96
2026-10-07T17:44:10.212497+00:00,2026-10-07T18:10:11.865305+00:00,UNO,"ST,1559500,RRGG,C,0,0,210",6,71a8b96
2026-10-07T17:44:10.212497+00:00,2026-10-07T18:10:12.364996+00:00,UNO,"ST,1560000,RRGG,C,0,0,210",6,71a8b96
2026-10-07T17:44:10.212497+00:00,2026-10-07T18:10:12.865066+00:00,UNO,"ST,1560500,RRGG,C,0,0,210",6,71a8b96
2026-10-07T17:44:10.212497+00:00,2026-10-07T18:10:13.190119+00:00,UNO,"ST,1560824,RRYY,C,0,0,210",6,71a8b96
2026-10-07T17:44:10.212497+00:00,2026-10-07T18:10:13.366108+00:00,UNO,"ST,1561000,RRYY,C,0,0,210",6,71a8b96
2026-10-07T17:44:10.212497+00:00,2026-10-07T18:10:13.865531+00:00,UNO,"ST,1561500,RRYY,C,0,0,210",6,71a8b96
2026-10-07T17:44:10.212497+00:00,2026-10-07T18:10:14.365578+00:00,UNO,"ST,1562000,RRYY,C,0,0,210",6,71a8b96
2026-10-07T17:44:10.212497+00:00,2026-10-07T18:10:14.865305+00:00,UNO,"ST,1562500,RRYY,C,0,0,210",6,71a8b96
2026-10-07T17:44:10.212497+00:00,2026-10-07T18:10:15.190326+00:00,UNO,"ST,1562824,RRRR,C,0,0,210",6,71a8b96
2026-10-07T17:44:10.212497+00:00,2026-10-07T18:10:15.366355+00:00,UNO,"ST,1563000,RRRR,C,0,0,210",6,71a8b96
2026-10-07T17:44:10.212497+00:00,2026-10-07T18:10:15.866398+00:00,UNO,"ST,1563500,RRRR,C,0,0,210",6,71a8b96
2026-10-07T17:44:10.212497+00:00,2026-10-07T18:10:16.189815+00:00,UNO,"ST,1563824,GGRR,C,0,0,210",6,71a8b96
2026-10-07T17:44:10.212497+00:00,2026-10-07T18:10:16.366460+00:00,UNO,"ST,1564000,GGRR,C,0,0,210",6,71a8b96
2026-10-07T17:44:10.212497+00:00,2026-10-07T18:10:16.866868+00:00,UNO,"ST,1564500,GGRR,C,0,0,210",6,71a8b96
2026-10-07T17:44:10.212497+00:00,2026-10-07T18:10:17.366576+00:00,UNO,"ST,1565000,GGRR,C,0,0,210",6,71a8b96
2026-10-07T17:44:10.212497+00:00,2026-10-07T18:10:17.866672+00:00,UNO,"ST,1565500,GGRR,C,0,0,210",6,71a8b96
2026-10-07T17:44:10.212497+00:00,2026-10-07T18:10:18.366732+00:00,UNO,"ST,1566000,GGRR,C,0,0,210",6,71a8b96
2026-10-07T17:44:10.212497+00:00,2026-10-07T18:10:18.867290+00:00,UNO,"ST,1566500,GGRR,C,0,0,210",6,71a8b96
2026-10-07T17:44:10.212497+00:00,2026-10-07T18:10:19.191161+00:00,UNO,"ST,1566824,YYRR,C,0,0,210",6,71a8b96
2026-10-07T17:44:10.212497+00:00,2026-10-07T18:10:19.367131+00:00,UNO,"ST,1567000,YYRR,C,0,0,210",6,71a8b96
2026-10-07T17:44:10.212497+00:00,2026-10-07T18:10:19.866888+00:00,UNO,"ST,1567500,YYRR,C,0,0,210",6,71a8b96
2026-10-07T17:44:10.212497+00:00,2026-10-07T18:10:20.366938+00:00,UNO,"ST,1568000,YYRR,C,0,0,210",6,71a8b96
2026-10-07T17:44:10.212497+00:00,2026-10-07T18:10:20.867994+00:00,UNO,"ST,1568500,YYRR,C,0,0,210",6,71a8b96
2026-10-07T17:44:10.212497+00:00,2026-10-07T18:10:21.191372+00:00,UNO,"ST,1568824,RRRR,C,0,0,210",6,71a8b96
2026-10-07T17:44:10.212497+00:00,2026-10-07T18:10:21.367410+00:00,UNO,"ST,1569000,RRRR,C,0,0,210",6,71a8b96
2026-10-07T17:44:10.212497+00:00,2026-10-07T18:10:21.867923+00:00,UNO,"ST,1569500,RRRR,C,0,0,210",6,71a8b96
2026-10-07T17:44:10.212497+00:00,2026-10-07T18:10:22.192252+00:00,UNO,"ST,1569824,RRGG,C,0,0,210",6,71a8b96
2026-10-07T17:44:10.212497+00:00,2026-10-07T18:10:22.368171+00:00,UNO,"ST,1570000,RRGG,C,0,0,210",6,71a8b96
2026-10-07T17:44:10.212497+00:00,2026-10-07T18:10:22.868246+00:00,UNO,"ST,1570500,RRGG,C,0,0,210",6,71a8b96
2026-10-07T17:44:10.212497+00:00,2026-10-07T18:10:23.368291+00:00,UNO,"ST,1571000,RRGG,C,0,0,210",6,71a8b96
2026-10-07T17:44:10.212497+00:00,2026-10-07T18:10:23.867722+00:00,UNO,"ST,1571500,RRGG,C,0,0,210",6,71a8b96
2026-10-07T17:44:10.212497+00:00,2026-10-07T18:10:24.368763+00:00,UNO,"ST,1572000,RRGG,C,0,0,210",6,71a8b96
2026-10-07T17:44:10.212497+00:00,2026-10-07T18:10:24.868476+00:00,UNO,"ST,1572500,RRGG,C,0,0,210",6,71a8b96
2026-10-07T17:44:10.212497+00:00,2026-10-07T18:10:25.192520+00:00,UNO,"ST,1572824,RRYY,C,0,0,210",6,71a8b96
2026-10-07T17:44:10.212497+00:00,2026-10-07T18:10:25.368515+00:00,UNO,"ST,1573000,RRYY,C,0,0,210",6,71a8b96
2026-10-07T17:44:10.212497+00:00,2026-10-07T18:10:25.869574+00:00,UNO,"ST,1573500,RRYY,C,0,0,210",6,71a8b96
2026-10-07T17:44:10.212497+00:00,2026-10-07T18:10:26.368982+00:00,UNO,"ST,1574000,RRYY,C,0,0,210",6,71a8b96
2026-10-07T17:44:10.212497+00:00,2026-10-07T18:10:26.869029+00:00,UNO,"ST,1574500,RRYY,C,0,0,210",6,71a8b96
2026-10-07T17:44:10.212497+00:00,2026-10-07T18:10:27.193729+00:00,UNO,"ST,1574824,RRRR,C,0,0,210",6,71a8b96
2026-10-07T17:44:10.212497+00:00,2026-10-07T18:10:27.368762+00:00,UNO,"ST,1575000,RRRR,C,0,0,210",6,71a8b96
2026-10-07T17:44:10.212497+00:00,2026-10-07T18:10:27.869799+00:00,UNO,"ST,1575500,RRRR,C,0,0,210",6,71a8b96
2026-10-07T17:44:10.212497+00:00,2026-10-07T18:10:28.193867+00:00,UNO,"ST,1575824,GGRR,C,0,0,210",6,71a8b96
2026-10-07T17:44:10.212497+00:00,2026-10-07T18:10:28.369858+00:00,UNO,"ST,1576000,GGRR,C,0,0,210",6,71a8b96
2026-10-07T17:44:10.212497+00:00,2026-10-07T18:10:28.869286+00:00,UNO,"ST,1576500,GGRR,C,0,0,210",6,71a8b96
2026-10-07T17:44:10.212497+00:00,2026-10-07T18:10:29.370321+00:00,UNO,"ST,1577000,GGRR,C,0,0,210",6,71a8b96
2026-10-07T17:44:10.212497+00:00,2026-10-07T18:10:29.870062+00:00,UNO,"ST,1577500,GGRR,C,0,0,210",6,71a8b96
2026-10-07T17:44:10.212497+00:00,2026-10-07T18:10:30.370089+00:00,UNO,"ST,1578000,GGRR,C,0,0,210",6,71a8b96
2026-10-07T17:44:10.212497+00:00,2026-10-07T18:10:30.870154+00:00,UNO,"ST,1578500,GGRR,C,0,0,210",6,71a8b96
2026-10-07T17:44:10.212497+00:00,2026-10-07T18:10:31.194546+00:00,UNO,"ST,1578824,YYRR,C,0,0,210",6,71a8b96
2026-10-07T17:44:10.212497+00:00,2026-10-07T18:10:31.370575+00:00,UNO,"ST,1579000,YYRR,C,0,0,210",6,71a8b96
2026-10-07T17:44:10.212497+00:00,2026-10-07T18:10:31.870275+00:00,UNO,"ST,1579500,YYRR,C,0,0,210",6,71a8b96
2026-10-07T17:44:10.212497+00:00,2026-10-07T18:10:32.370346+00:00,UNO,"ST,1580000,YYRR,C,0,0,210",6,71a8b96
2026-10-07T17:44:10.212497+00:00,2026-10-07T18:10:32.871388+00:00,UNO,"ST,1580500,YYRR,C,0,0,210",6,71a8b96
2026-10-07T17:44:10.212497+00:00,2026-10-07T18:10:33.194802+00:00,UNO,"ST,1580824,RRRR,C,0,0,210",6,71a8b96
2026-10-07T17:44:10.212497+00:00,2026-10-07T18:10:33.370799+00:00,UNO,"ST,1581000,RRRR,C,0,0,210",6,71a8b96
2026-10-07T17:44:10.212497+00:00,2026-10-07T18:10:33.870895+00:00,UNO,"ST,1581500,RRRR,C,0,0,210",6,71a8b96
2026-10-07T17:44:10.212497+00:00,2026-10-07T18:10:34.194557+00:00,UNO,"ST,1581824,RRGG,C,0,0,210",6,71a8b96
2026-10-07T17:44:10.212497+00:00,2026-10-07T18:10:34.370937+00:00,UNO,"ST,1582000,RRGG,C,0,0,210",6,71a8b96
2026-10-07T17:44:10.212497+00:00,2026-10-07T18:10:34.871625+00:00,UNO,"ST,1582500,RRGG,C,0,0,210",6,71a8b96
2026-10-07T17:44:10.212497+00:00,2026-10-07T18:10:35.371716+00:00,UNO,"ST,1583000,RRGG,C,0,0,210",6,71a8b96
2026-10-07T17:44:10.212497+00:00,2026-10-07T18:10:35.871762+00:00,UNO,"ST,1583500,RRGG,C,0,0,210",6,71a8b96
2026-10-07T17:44:10.212497+00:00,2026-10-07T18:10:36.371148+00:00,UNO,"ST,1584000,RRGG,C,0,0,210",6,71a8b96
2026-10-07T17:44:10.212497+00:00,2026-10-07T18:10:36.871859+00:00,UNO,"ST,1584500,RRGG,C,0,0,210",6,71a8b96
2026-10-07T17:44:10.212497+00:00,2026-10-07T18:10:37.195907+00:00,UNO,"ST,1584824,RRYY,C,0,0,210",6,71a8b96
2026-10-07T17:44:10.212497+00:00,2026-10-07T18:10:37.371916+00:00,UNO,"ST,1585000,RRYY,C,0,0,210",6,71a8b96
2026-10-07T17:44:10.212497+00:00,2026-10-07T18:10:37.871991+00:00,UNO,"ST,1585500,RRYY,C,0,0,210",6,71a8b96
2026-10-07T17:44:10.212497+00:00,2026-10-07T18:10:38.373037+00:00,UNO,"ST,1586000,RRYY,C,0,0,210",6,71a8b96
2026-10-07T17:44:10.212497+00:00,2026-10-07T18:10:38.872432+00:00,UNO,"ST,1586500,RRYY,C,0,0,210",6,71a8b96
2026-10-07T17:44:10.212497+00:00,2026-10-07T18:10:39.196133+00:00,UNO,"ST,1586824,RRRR,C,0,0,210",6,71a8b96
2026-10-07T17:44:10.212497+00:00,2026-10-07T18:10:39.372166+00:00,UNO,"ST,1587000,RRRR,C,0,0,210",6,71a8b96
2026-10-07T17:44:10.212497+00:00,2026-10-07T18:10:39.872204+00:00,UNO,"ST,1587500,RRRR,C,0,0,210",6,71a8b96
2026-10-07T17:44:10.212497+00:00,2026-10-07T18:10:40.197250+00:00,UNO,"ST,1587824,GGRR,C,0,0,210",6,71a8b96
2026-10-07T17:44:10.212497+00:00,2026-10-07T18:10:40.373270+00:00,UNO,"ST,1588000,GGRR,C,0,0,210",6,71a8b96
2026-10-07T17:44:10.212497+00:00,2026-10-07T18:10:40.873343+00:00,UNO,"ST,1588500,GGRR,C,0,0,210",6,71a8b96
2026-10-07T17:44:10.212497+00:00,2026-10-07T18:10:41.372726+00:00,UNO,"ST,1589000,GGRR,C,0,0,210",6,71a8b96
2026-10-07T17:44:10.212497+00:00,2026-10-07T18:10:41.873439+00:00,UNO,"ST,1589500,GGRR,C,0,0,210",6,71a8b96
2026-10-07T17:44:10.212497+00:00,2026-10-07T18:10:42.373493+00:00,UNO,"ST,1590000,GGRR,C,0,0,210",6,71a8b96
2026-10-07T17:44:10.212497+00:00,2026-10-07T18:10:42.873551+00:00,UNO,"ST,1590500,GGRR,C,0,0,210",6,71a8b96
2026-10-07T17:44:10.212497+00:00,2026-10-07T18:10:43.197985+00:00,UNO,"ST,1590824,YYRR,C,0,0,210",6,71a8b96
2026-10-07T17:44:10.212497+00:00,2026-10-07T18:10:43.372967+00:00,UNO,"ST,1591000,YYRR,C,0,0,210",6,71a8b96
2026-10-07T17:44:10.212497+00:00,2026-10-07T18:10:43.874020+00:00,UNO,"ST,1591500,YYRR,C,0,0,210",6,71a8b96
2026-10-07T17:44:10.212497+00:00,2026-10-07T18:10:44.373738+00:00,UNO,"ST,1592000,YYRR,C,0,0,210",6,71a8b96
2026-10-07T17:44:10.212497+00:00,2026-10-07T18:10:44.873796+00:00,UNO,"ST,1592500,YYRR,C,0,0,210",6,71a8b96
2026-10-07T17:44:10.212497+00:00,2026-10-07T18:10:45.198834+00:00,UNO,"ST,1592824,RRRR,C,0,0,210",6,71a8b96
2026-10-07T17:44:10.212497+00:00,2026-10-07T18:10:45.374848+00:00,UNO,"ST,1593000,RRRR,C,0,0,210",6,71a8b96
2026-10-07T17:44:10.212497+00:00,2026-10-07T18:10:45.874255+00:00,UNO,"ST,1593500,RRRR,C,0,0,210",6,71a8b96
2026-10-07T17:44:10.212497+00:00,2026-10-07T18:10:46.198287+00:00,UNO,"ST,1593824,RRGG,C,0,0,210",6,71a8b96
2026-10-07T17:44:10.212497+00:00,2026-10-07T18:10:46.374320+00:00,UNO,"ST,1594000,RRGG,C,0,0,210",6,71a8b96
2026-10-07T17:44:10.212497+00:00,2026-10-07T18:10:46.874058+00:00,UNO,"ST,1594500,RRGG,C,0,0,210",6,71a8b96
2026-10-07T17:44:10.212497+00:00,2026-10-07T18:10:47.375099+00:00,UNO,"ST,1595000,RRGG,C,0,0,210",6,71a8b96
2026-10-07T17:44:10.212497+00:00,2026-10-07T18:10:47.875151+00:00,UNO,"ST,1595500,RRGG,C,0,0,210",6,71a8b96
2026-10-07T17:44:10.212497+00:00,2026-10-07T18:10:48.374550+00:00,UNO,"ST,1596000,RRGG,C,0,0,210",6,71a8b96
2026-10-07T17:44:10.212497+00:00,2026-10-07T18:10:48.875632+00:00,UNO,"ST,1596500,RRGG,C,0,0,210",6,71a8b96
2026-10-07T17:44:10.212497+00:00,2026-10-07T18:10:49.199297+00:00,UNO,"ST,1596824,RRYY,C,0,0,210",6,71a8b96
2026-10-07T17:44:10.212497+00:00,2026-10-07T18:10:49.375344+00:00,UNO,"ST,1597000,RRYY,C,0,0,210",6,71a8b96
2026-10-07T17:44:10.212497+00:00,2026-10-07T18:10:49.875395+00:00,UNO,"ST,1597500,RRYY,C,0,0,210",6,71a8b96
2026-10-07T17:44:10.212497+00:00,2026-10-07T18:10:50.375432+00:00,UNO,"ST,1598000,RRYY,C,0,0,210",6,71a8b96
2026-10-07T17:44:10.212497+00:00,2026-10-07T18:10:50.875833+00:00,UNO,"ST,1598500,RRYY,C,0,0,210",6,71a8b96
2026-10-07T17:44:10.212497+00:00,2026-10-07T18:10:51.199531+00:00,UNO,"ST,1598824,RRRR,C,0,0,210",6,71a8b96
2026-10-07T17:44:10.212497+00:00,2026-10-07T18:10:51.375894+00:00,UNO,"ST,1599000,RRRR,C,0,0,210",6,71a8b96
2026-10-07T17:44:10.212497+00:00,2026-10-07T18:10:51.875632+00:00,UNO,"ST,1599500,RRRR,C,0,0,210",6,71a8b96
2026-10-07T17:44:10.212497+00:00,2026-10-07T18:10:52.200722+00:00,UNO,"ST,1599824,GGRR,C,0,0,210",6,71a8b96
2026-10-07T17:44:10.212497+00:00,2026-10-07T18:10:52.375718+00:00,UNO,"ST,1600000,GGRR,C,0,0,210",6,71a8b96
2026-10-07T17:44:10.212497+00:00,2026-10-07T18:10:52.876711+00:00,UNO,"ST,1600500,GGRR,C,0,0,210",6,71a8b96
2026-10-07T17:44:10.212497+00:00,2026-10-07T18:10:53.376133+00:00,UNO,"ST,1601000,GGRR,C,0,0,210",6,71a8b96
2026-10-07T17:44:10.212497+00:00,2026-10-07T18:10:53.875916+00:00,UNO,"ST,1601500,GGRR,C,0,0,210",6,71a8b96
2026-10-07T17:44:10.212497+00:00,2026-10-07T18:10:54.376889+00:00,UNO,"ST,1602000,GGRR,C,0,0,210",6,71a8b96
2026-10-07T17:44:10.212497+00:00,2026-10-07T18:10:54.876949+00:00,UNO,"ST,1602500,GGRR,C,0,0,210",6,71a8b96
2026-10-07T17:44:10.212497+00:00,2026-10-07T18:10:55.200347+00:00,UNO,"ST,1602824,YYRR,C,0,0,210",6,71a8b96
2026-10-07T17:44:10.212497+00:00,2026-10-07T18:10:55.377026+00:00,UNO,"ST,1603000,YYRR,C,0,0,210",6,71a8b96
2026-10-07T17:44:10.212497+00:00,2026-10-07T18:10:55.876415+00:00,UNO,"ST,1603500,YYRR,C,0,0,210",6,71a8b96
2026-10-07T17:44:10.212497+00:00,2026-10-07T18:10:56.377131+00:00,UNO,"ST,1604000,YYRR,C,0,0,210",6,71a8b96
2026-10-07T17:44:10.212497+00:00,2026-10-07T18:10:56.877188+00:00,UNO,"ST,1604500,YYRR,C,0,0,210",6,71a8b96
2026-10-07T17:44:10.212497+00:00,2026-10-07T18:10:57.201228+00:00,UNO,"ST,1604824,RRRR,C,0,0,210",6,71a8b96
2026-10-07T17:44:10.212497+00:00,2026-10-07T18:10:57.377253+00:00,UNO,"ST,1605000,RRRR,C,0,0,210",6,71a8b96
2026-10-07T17:44:10.212497+00:00,2026-10-07T18:10:57.878296+00:00,UNO,"ST,1605500,RRRR,C,0,0,210",6,71a8b96
2026-10-07T17:44:10.212497+00:00,2026-10-07T18:10:58.201692+00:00,UNO,"ST,1605824,RRGG,C,0,0,210",6,71a8b96
2026-10-07T17:44:10.212497+00:00,2026-10-07T18:10:58.377716+00:00,UNO,"ST,1606000,RRGG,C,0,0,210",6,71a8b96
2026-10-07T17:44:10.212497+00:00,2026-10-07T18:10:58.877425+00:00,UNO,"ST,1606500,RRGG,C,0,0,210",6,71a8b96
2026-10-07T17:44:10.212497+00:00,2026-10-07T18:10:59.377486+00:00,UNO,"ST,1607000,RRGG,C,0,0,210",6,71a8b96
2026-10-07T17:44:10.212497+00:00,2026-10-07T18:10:59.878557+00:00,UNO,"ST,1607500,RRGG,C,0,0,210",6,71a8b96
2026-10-07T17:44:10.212497+00:00,2026-10-07T18:11:00.377957+00:00,UNO,"ST,1608000,RRGG,C,0,0,210",6,71a8b96
2026-10-07T17:44:10.212497+00:00,2026-10-07T18:11:00.877999+00:00,UNO,"ST,1608500,RRGG,C,0,0,210",6,71a8b96
2026-10-07T17:44:10.212497+00:00,2026-10-07T18:11:01.202711+00:00,UNO,"ST,1608824,RRYY,C,0,0,210",6,71a8b96
2026-10-07T17:44:10.212497+00:00,2026-10-07T18:11:01.378712+00:00,UNO,"ST,1609000,RRYY,C,0,0,210",6,71a8b96
2026-10-07T17:44:10.212497+00:00,2026-10-07T18:11:01.878760+00:00,UNO,"ST,1609500,RRYY,C,0,0,210",6,71a8b96
2026-10-07T17:44:10.212497+00:00,2026-10-07T18:11:02.378839+00:00,UNO,"ST,1610000,RRYY,C,0,0,210",6,71a8b96
2026-10-07T17:44:10.212497+00:00,2026-10-07T18:11:02.878881+00:00,UNO,"ST,1610500,RRYY,C,0,0,210",6,71a8b96
2026-10-07T17:44:10.212497+00:00,2026-10-07T18:11:03.203298+00:00,UNO,"ST,1610824,RRRR,C,0,0,210",6,71a8b96
2026-10-07T17:44:10.212497+00:00,2026-10-07T18:11:03.379316+00:00,UNO,"ST,1611000,RRRR,C,0,0,210",6,71a8b96
2026-10-07T17:44:10.212497+00:00,2026-10-07T18:11:03.879007+00:00,UNO,"ST,1611500,RRRR,C,0,0,210",6,71a8b96
2026-10-07T17:44:10.212497+00:00,2026-10-07T18:11:04.203055+00:00,UNO,"ST,1611824,GGRR,C,0,0,210",6,71a8b96
2026-10-07T17:44:10.212497+00:00,2026-10-07T18:11:04.379098+00:00,UNO,"ST,1612000,GGRR,C,0,0,210",6,71a8b96
2026-10-07T17:44:10.212497+00:00,2026-10-07T18:11:04.880116+00:00,UNO,"ST,1612500,GGRR,C,0,0,210",6,71a8b96
2026-10-07T17:44:10.212497+00:00,2026-10-07T18:11:05.379526+00:00,UNO,"ST,1613000,GGRR,C,0,0,210",6,71a8b96
2026-10-07T17:44:10.212497+00:00,2026-10-07T18:11:05.879588+00:00,UNO,"ST,1613500,GGRR,C,0,0,210",6,71a8b96
2026-10-07T17:44:10.212497+00:00,2026-10-07T18:11:06.379295+00:00,UNO,"ST,1614000,GGRR,C,0,0,210",6,71a8b96
2026-10-07T17:44:10.212497+00:00,2026-10-07T18:11:06.880346+00:00,UNO,"ST,1614500,GGRR,C,0,0,210",6,71a8b96
2026-10-07T17:44:10.212497+00:00,2026-10-07T18:11:07.203743+00:00,UNO,"ST,1614824,YYRR,C,0,0,210",6,71a8b96
2026-10-07T17:44:10.212497+00:00,2026-10-07T18:11:07.380412+00:00,UNO,"ST,1615000,YYRR,C,0,0,210",6,71a8b96
2026-10-07T17:44:10.212497+00:00,2026-10-07T18:11:07.879825+00:00,UNO,"ST,1615500,YYRR,C,0,0,210",6,71a8b96
2026-10-07T17:44:10.212497+00:00,2026-10-07T18:11:08.379530+00:00,UNO,"ST,1616000,YYRR,C,0,0,210",6,71a8b96
2026-10-07T17:44:10.212497+00:00,2026-10-07T18:11:08.880594+00:00,UNO,"ST,1616500,YYRR,C,0,0,210",6,71a8b96
2026-10-07T17:44:10.212497+00:00,2026-10-07T18:11:09.204635+00:00,UNO,"ST,1616824,RRRR,C,0,0,210",6,71a8b96
2026-10-07T17:44:10.212497+00:00,2026-10-07T18:11:09.380645+00:00,UNO,"ST,1617000,RRRR,C,0,0,210",6,71a8b96
2026-10-07T17:44:10.212497+00:00,2026-10-07T18:11:09.880717+00:00,UNO,"ST,1617500,RRRR,C,0,0,210",6,71a8b96
2026-10-07T17:44:10.212497+00:00,2026-10-07T18:11:10.205110+00:00,UNO,"ST,1617824,RRGG,C,0,0,210",6,71a8b96
2026-10-07T17:44:10.212497+00:00,2026-10-07T18:11:10.381112+00:00,UNO,"ST,1618000,RRGG,C,0,0,210",6,71a8b96
2026-10-07T17:44:10.212497+00:00,2026-10-07T18:11:10.881173+00:00,UNO,"ST,1618500,RRGG,C,0,0,210",6,71a8b96
2026-10-07T17:44:10.212497+00:00,2026-10-07T18:11:11.380884+00:00,UNO,"ST,1619000,RRGG,C,0,0,210",6,71a8b96
2026-10-07T17:44:10.212497+00:00,2026-10-07T18:11:11.880942+00:00,UNO,"ST,1619500,RRGG,C,0,0,210",6,71a8b96
2026-10-07T17:44:10.212497+00:00,2026-10-07T18:11:12.382021+00:00,UNO,"ST,1620000,RRGG,C,0,0,210",6,71a8b96
2026-10-07T17:44:10.212497+00:00,2026-10-07T18:11:12.881403+00:00,UNO,"ST,1620500,RRGG,C,0,0,210",6,71a8b96
2026-10-07T17:44:10.212497+00:00,2026-10-07T18:11:13.205116+00:00,UNO,"ST,1620824,RRYY,C,0,0,210",6,71a8b96
2026-10-07T17:44:10.212497+00:00,2026-10-07T18:11:13.381471+00:00,UNO,"ST,1621000,RRYY,C,0,0,210",6,71a8b96
2026-10-07T17:44:10.212497+00:00,2026-10-07T18:11:13.882181+00:00,UNO,"ST,1621500,RRYY,C,0,0,210",6,71a8b96
2026-10-07T17:44:10.212497+00:00,2026-10-07T18:11:14.382228+00:00,UNO,"ST,1622000,RRYY,C,0,0,210",6,71a8b96
2026-10-07T17:44:10.212497+00:00,2026-10-07T18:11:14.882298+00:00,UNO,"ST,1622500,RRYY,C,0,0,210",6,71a8b96
2026-10-07T17:44:10.212497+00:00,2026-10-07T18:11:15.206679+00:00,UNO,"ST,1622824,RRRR,C,0,0,210",6,71a8b96
2026-10-07T17:44:10.212497+00:00,2026-10-07T18:11:15.381691+00:00,UNO,"ST,1623000,RRRR,C,0,0,210",6,71a8b96
2026-10-07T17:44:10.212497+00:00,2026-10-07T18:11:15.882404+00:00,UNO,"ST,1623500,RRRR,C,0,0,210",6,71a8b96
2026-10-07T17:44:10.212497+00:00,2026-10-07T18:11:16.206457+00:00,UNO,"ST,1623824,GGRR,C,0,0,210",6,71a8b96
2026-10-07T17:44:10.212497+00:00,2026-10-07T18:11:16.382465+00:00,UNO,"ST,1624000,GGRR,C,0,0,210",6,71a8b96
2026-10-07T17:44:10.212497+00:00,2026-10-07T18:11:16.882517+00:00,UNO,"ST,1624500,GGRR,C,0,0,210",6,71a8b96
2026-10-07T17:44:10.212497+00:00,2026-10-07T18:11:17.382922+00:00,UNO,"ST,1625000,GGRR,C,0,0,210",6,71a8b96
2026-10-07T17:44:10.212497+00:00,2026-10-07T18:11:17.883003+00:00,UNO,"ST,1625500,GGRR,C,0,0,210",6,71a8b96
2026-10-07T17:44:10.212497+00:00,2026-10-07T18:11:18.382688+00:00,UNO,"ST,1626000,GGRR,C,0,0,210",6,71a8b96
2026-10-07T17:44:10.212497+00:00,2026-10-07T18:11:18.882829+00:00,UNO,"ST,1626500,GGRR,C,0,0,210",6,71a8b96
2026-10-07T17:44:10.212497+00:00,2026-10-07T18:11:19.207805+00:00,UNO,"ST,1626824,YYRR,C,0,0,210",6,71a8b96
2026-10-07T17:44:10.212497+00:00,2026-10-07T18:11:19.383822+00:00,UNO,"ST,1627000,YYRR,C,0,0,210",6,71a8b96
2026-10-07T17:44:10.212497+00:00,2026-10-07T18:11:19.883249+00:00,UNO,"ST,1627500,YYRR,C,0,0,210",6,71a8b96
2026-10-07T17:44:10.212497+00:00,2026-10-07T18:11:20.383280+00:00,UNO,"ST,1628000,YYRR,C,0,0,210",6,71a8b96
2026-10-07T17:44:10.212497+00:00,2026-10-07T18:11:20.883996+00:00,UNO,"ST,1628500,YYRR,C,0,0,210",6,71a8b96
2026-10-07T17:44:10.212497+00:00,2026-10-07T18:11:21.208026+00:00,UNO,"ST,1628824,RRRR,C,0,0,210",6,71a8b96
2026-10-07T17:44:10.212497+00:00,2026-10-07T18:11:21.384046+00:00,UNO,"ST,1629000,RRRR,C,0,0,210",6,71a8b96
2026-10-07T17:44:10.212497+00:00,2026-10-07T18:11:21.884103+00:00,UNO,"ST,1629500,RRRR,C,0,0,210",6,71a8b96
2026-10-07T17:44:10.212497+00:00,2026-10-07T18:11:22.207537+00:00,UNO,"ST,1629824,RRGG,C,0,0,210",6,71a8b96
2026-10-07T17:44:10.212497+00:00,2026-10-07T18:11:22.383510+00:00,UNO,"ST,1630000,RRGG,C,0,0,210",6,71a8b96
2026-10-07T17:44:10.212497+00:00,2026-10-07T18:11:22.884570+00:00,UNO,"ST,1630500,RRGG,C,0,0,210",6,71a8b96
2026-10-07T17:44:10.212497+00:00,2026-10-07T18:11:23.384282+00:00,UNO,"ST,1631000,RRGG,C,0,0,210",6,71a8b96
2026-10-07T17:44:10.212497+00:00,2026-10-07T18:11:23.884375+00:00,UNO,"ST,1631500,RRGG,C,0,0,210",6,71a8b96
2026-10-07T17:44:10.212497+00:00,2026-10-07T18:11:24.384411+00:00,UNO,"ST,1632000,RRGG,C,0,0,210",6,71a8b96
2026-10-07T17:44:10.212497+00:00,2026-10-07T18:11:24.884821+00:00,UNO,"ST,1632500,RRGG,C,0,0,210",6,71a8b96
2026-10-07T17:44:10.212497+00:00,2026-10-07T18:11:25.208857+00:00,UNO,"ST,1632824,RRYY,C,0,0,210",6,71a8b96
2026-10-07T17:44:10.212497+00:00,2026-10-07T18:11:25.384863+00:00,UNO,"ST,1633000,RRYY,C,0,0,210",6,71a8b96
2026-10-07T17:44:10.212497+00:00,2026-10-07T18:11:25.884565+00:00,UNO,"ST,1633500,RRYY,C,0,0,210",6,71a8b96
2026-10-07T17:44:10.212497+00:00,2026-10-07T18:11:26.385625+00:00,UNO,"ST,1634000,RRYY,C,0,0,210",6,71a8b96
2026-10-07T17:44:10.212497+00:00,2026-10-07T18:11:26.885690+00:00,UNO,"ST,1634500,RRYY,C,0,0,210",6,71a8b96
2026-10-07T17:44:10.212497+00:00,2026-10-07T18:11:27.209075+00:00,UNO,"ST,1634824,RRRR,C,0,0,210",6,71a8b96
2026-10-07T17:44:10.212497+00:00,2026-10-07T18:11:27.385096+00:00,UNO,"ST,1635000,RRRR,C,0,0,210",6,71a8b96
2026-10-07T17:44:10.212497+00:00,2026-10-07T18:11:27.885157+00:00,UNO,"ST,1635500,RRRR,C,0,0,210",6,71a8b96
2026-10-07T17:44:10.212497+00:00,2026-10-07T18:11:28.209840+00:00,UNO,"ST,1635824,GGRR,C,0,0,210",6,71a8b96
2026-10-07T17:44:10.212497+00:00,2026-10-07T18:11:28.385879+00:00,UNO,"ST,1636000,GGRR,C,0,0,210",6,71a8b96
2026-10-07T17:44:10.212497+00:00,2026-10-07T18:11:28.885919+00:00,UNO,"ST,1636500,GGRR,C,0,0,210",6,71a8b96
2026-10-07T17:44:10.212497+00:00,2026-10-07T18:11:29.385975+00:00,UNO,"ST,1637000,GGRR,C,0,0,210",6,71a8b96
2026-10-07T17:44:10.212497+00:00,2026-10-07T18:11:29.886406+00:00,UNO,"ST,1637500,GGRR,C,0,0,210",6,71a8b96
2026-10-07T17:44:10.212497+00:00,2026-10-07T18:11:30.386442+00:00,UNO,"ST,1638000,GGRR,C,0,0,210",6,71a8b96
2026-10-07T17:44:10.212497+00:00,2026-10-07T18:11:30.886163+00:00,UNO,"ST,1638500,GGRR,C,0,0,210",6,71a8b96
2026-10-07T17:44:10.212497+00:00,2026-10-07T18:11:31.211189+00:00,UNO,"ST,1638824,YYRR,C,0,0,210",6,71a8b96
2026-10-07T17:44:10.212497+00:00,2026-10-07T18:11:31.386221+00:00,UNO,"ST,1639000,YYRR,C,0,0,210",6,71a8b96
2026-10-07T17:44:10.212497+00:00,2026-10-07T18:11:31.887273+00:00,UNO,"ST,1639500,YYRR,C,0,0,210",6,71a8b96
2026-10-07T17:44:10.212497+00:00,2026-10-07T18:11:32.386696+00:00,UNO,"ST,1640000,YYRR,C,0,0,210",6,71a8b96
2026-10-07T17:44:10.212497+00:00,2026-10-07T18:11:32.886439+00:00,UNO,"ST,1640500,YYRR,C,0,0,210",6,71a8b96
2026-10-07T17:44:10.212497+00:00,2026-10-07T18:11:33.211460+00:00,UNO,"ST,1640824,RRRR,C,0,0,210",6,71a8b96
2026-10-07T17:44:10.212497+00:00,2026-10-07T18:11:33.387452+00:00,UNO,"ST,1641000,RRRR,C,0,0,210",6,71a8b96
2026-10-07T17:44:10.212497+00:00,2026-10-07T18:11:33.887500+00:00,UNO,"ST,1641500,RRRR,C,0,0,210",6,71a8b96
2026-10-07T17:44:10.212497+00:00,2026-10-07T18:11:34.211566+00:00,UNO,"ST,1641824,RRGG,C,0,0,210",6,71a8b96
2026-10-07T17:44:10.212497+00:00,2026-10-07T18:11:34.387583+00:00,UNO,"ST,1642000,RRGG,C,0,0,210",6,71a8b96
2026-10-07T17:44:10.212497+00:00,2026-10-07T18:11:34.886975+00:00,UNO,"ST,1642500,RRGG,C,0,0,210",6,71a8b96
2026-10-07T17:44:10.212497+00:00,2026-10-07T18:11:35.387675+00:00,UNO,"ST,1643000,RRGG,C,0,0,210",6,71a8b96
2026-10-07T17:44:10.212497+00:00,2026-10-07T18:11:35.887739+00:00,UNO,"ST,1643500,RRGG,C,0,0,210",6,71a8b96
2026-10-07T17:44:10.212497+00:00,2026-10-07T18:11:36.387795+00:00,UNO,"ST,1644000,RRGG,C,0,0,210",6,71a8b96
2026-10-07T17:44:10.212497+00:00,2026-10-07T18:11:36.888202+00:00,UNO,"ST,1644500,RRGG,C,0,0,210",6,71a8b96
2026-10-07T17:44:10.212497+00:00,2026-10-07T18:11:37.212250+00:00,UNO,"ST,1644824,RRYY,C,0,0,210",6,71a8b96
2026-10-07T17:44:10.212497+00:00,2026-10-07T18:11:37.388278+00:00,UNO,"ST,1645000,RRYY,C,0,0,210",6,71a8b96
2026-10-07T17:44:10.212497+00:00,2026-10-07T18:11:37.887985+00:00,UNO,"ST,1645500,RRYY,C,0,0,210",6,71a8b96
2026-10-07T17:44:10.212497+00:00,2026-10-07T18:11:38.388044+00:00,UNO,"ST,1646000,RRYY,C,0,0,210",6,71a8b96
2026-10-07T17:44:10.212497+00:00,2026-10-07T18:11:38.889107+00:00,UNO,"ST,1646500,RRYY,C,0,0,210",6,71a8b96
2026-10-07T17:44:10.212497+00:00,2026-10-07T18:11:39.212493+00:00,UNO,"ST,1646824,RRRR,C,0,0,210",6,71a8b96
2026-10-07T17:44:10.212497+00:00,2026-10-07T18:11:39.389147+00:00,UNO,"ST,1647000,RRRR,C,0,0,210",6,71a8b96
2026-10-07T17:44:10.212497+00:00,2026-10-07T18:11:39.888556+00:00,UNO,"ST,1647500,RRRR,C,0,0,210",6,71a8b96
2026-10-07T17:44:10.212497+00:00,2026-10-07T18:11:40.213620+00:00,UNO,"ST,1647824,GGRR,C,0,0,210",6,71a8b96
2026-10-07T17:44:10.212497+00:00,2026-10-07T18:11:40.388612+00:00,UNO,"ST,1648000,GGRR,C,0,0,210",6,71a8b96
2026-10-07T17:44:10.212497+00:00,2026-10-07T18:11:40.889325+00:00,UNO,"ST,1648500,GGRR,C,0,0,210",6,71a8b96
2026-10-07T17:44:10.212497+00:00,2026-10-07T18:11:41.389381+00:00,UNO,"ST,1649000,GGRR,C,0,0,210",6,71a8b96
2026-10-07T17:44:10.212497+00:00,2026-10-07T18:11:41.888788+00:00,UNO,"ST,1649500,GGRR,C,0,0,210",6,71a8b96
2026-10-07T17:44:10.212497+00:00,2026-10-07T18:11:42.389844+00:00,UNO,"ST,1650000,GGRR,C,0,0,210",6,71a8b96
2026-10-07T17:44:10.212497+00:00,2026-10-07T18:11:42.889560+00:00,UNO,"ST,1650500,GGRR,C,0,0,210",6,71a8b96
2026-10-07T17:44:10.212497+00:00,2026-10-07T18:11:43.213629+00:00,UNO,"ST,1650824,YYRR,C,0,0,210",6,71a8b96
2026-10-07T17:44:10.212497+00:00,2026-10-07T18:11:43.389622+00:00,UNO,"ST,1651000,YYRR,C,0,0,210",6,71a8b96
2026-10-07T17:44:10.212497+00:00,2026-10-07T18:11:43.889677+00:00,UNO,"ST,1651500,YYRR,C,0,0,210",6,71a8b96
2026-10-07T17:44:10.212497+00:00,2026-10-07T18:11:44.390084+00:00,UNO,"ST,1652000,YYRR,C,0,0,210",6,71a8b96
2026-10-07T17:44:10.212497+00:00,2026-10-07T18:11:44.890149+00:00,UNO,"ST,1652500,YYRR,C,0,0,210",6,71a8b96
2026-10-07T17:44:10.212497+00:00,2026-10-07T18:11:45.213833+00:00,UNO,"ST,1652824,RRRR,C,0,0,210",6,71a8b96
2026-10-07T17:44:10.212497+00:00,2026-10-07T18:11:45.389859+00:00,UNO,"ST,1653000,RRRR,C,0,0,210",6,71a8b96
2026-10-07T17:44:10.212497+00:00,2026-10-07T18:11:45.890903+00:00,UNO,"ST,1653500,RRRR,C,0,0,210",6,71a8b96
2026-10-07T17:44:10.212497+00:00,2026-10-07T18:11:46.214943+00:00,UNO,"ST,1653824,RRGG,C,0,0,210",6,71a8b96
2026-10-07T17:44:10.212497+00:00,2026-10-07T18:11:46.390960+00:00,UNO,"ST,1654000,RRGG,C,0,0,210",6,71a8b96
2026-10-07T17:44:10.212497+00:00,2026-10-07T18:11:46.890392+00:00,UNO,"ST,1654500,RRGG,C,0,0,210",6,71a8b96
2026-10-07T17:44:10.212497+00:00,2026-10-07T18:11:47.390074+00:00,UNO,"ST,1655000,RRGG,C,0,0,210",6,71a8b96
2026-10-07T17:44:10.212497+00:00,2026-10-07T18:11:47.891158+00:00,UNO,"ST,1655500,RRGG,C,0,0,210",6,71a8b96
2026-10-07T17:44:10.212497+00:00,2026-10-07T18:11:48.391189+00:00,UNO,"ST,1656000,RRGG,C,0,0,210",6,71a8b96
2026-10-07T17:44:10.212497+00:00,2026-10-07T18:11:48.891258+00:00,UNO,"ST,1656500,RRGG,C,0,0,210",6,71a8b96
2026-10-07T17:44:10.212497+00:00,2026-10-07T18:11:49.215655+00:00,UNO,"ST,1656824,RRYY,C,0,0,210",6,71a8b96
2026-10-07T17:44:10.212497+00:00,2026-10-07T18:11:49.391737+00:00,UNO,"ST,1657000,RRYY,C,0,0,210",6,71a8b96
2026-10-07T17:44:10.212497+00:00,2026-10-07T18:11:49.891790+00:00,UNO,"ST,1657500,RRYY,C,0,0,210",6,71a8b96
2026-10-07T17:44:10.212497+00:00,2026-10-07T18:11:50.391429+00:00,UNO,"ST,1658000,RRYY,C,0,0,210",6,71a8b96
2026-10-07T17:44:10.212497+00:00,2026-10-07T18:11:50.891495+00:00,UNO,"ST,1658500,RRYY,C,0,0,210",6,71a8b96
2026-10-07T17:44:10.212497+00:00,2026-10-07T18:11:51.216524+00:00,UNO,"ST,1658824,RRRR,C,0,0,210",6,71a8b96
2026-10-07T17:44:10.212497+00:00,2026-10-07T18:11:51.392545+00:00,UNO,"ST,1659000,RRRR,C,0,0,210",6,71a8b96
2026-10-07T17:44:10.212497+00:00,2026-10-07T18:11:51.892038+00:00,UNO,"ST,1659500,RRRR,C,0,0,210",6,71a8b96
2026-10-07T17:44:10.212497+00:00,2026-10-07T18:11:52.215999+00:00,UNO,"ST,1659824,GGRR,C,0,0,210",6,71a8b96
2026-10-07T17:44:10.212497+00:00,2026-10-07T18:11:52.391680+00:00,UNO,"ST,1660000,GGRR,C,0,0,210",6,71a8b96
2026-10-07T17:44:10.212497+00:00,2026-10-07T18:11:52.892716+00:00,UNO,"ST,1660500,GGRR,C,0,0,210",6,71a8b96
2026-10-07T17:44:10.212497+00:00,2026-10-07T18:11:53.392786+00:00,UNO,"ST,1661000,GGRR,C,0,0,210",6,71a8b96
2026-10-07T17:44:10.212497+00:00,2026-10-07T18:11:53.892844+00:00,UNO,"ST,1661500,GGRR,C,0,0,210",6,71a8b96
2026-10-07T17:44:10.212497+00:00,2026-10-07T18:11:54.392245+00:00,UNO,"ST,1662000,GGRR,C,0,0,210",6,71a8b96
2026-10-07T17:44:10.212497+00:00,2026-10-07T18:11:54.892949+00:00,UNO,"ST,1662500,GGRR,C,0,0,210",6,71a8b96
2026-10-07T17:44:10.212497+00:00,2026-10-07T18:11:55.217009+00:00,UNO,"ST,1662824,YYRR,C,0,0,210",6,71a8b96
2026-10-07T17:44:10.212497+00:00,2026-10-07T18:11:55.393006+00:00,UNO,"ST,1663000,YYRR,C,0,0,210",6,71a8b96
2026-10-07T17:44:10.212497+00:00,2026-10-07T18:11:55.893080+00:00,UNO,"ST,1663500,YYRR,C,0,0,210",6,71a8b96
2026-10-07T17:44:10.212497+00:00,2026-10-07T18:11:56.392480+00:00,UNO,"ST,1664000,YYRR,C,0,0,210",6,71a8b96
2026-10-07T17:44:10.212497+00:00,2026-10-07T18:11:56.893540+00:00,UNO,"ST,1664500,YYRR,C,0,0,210",6,71a8b96
2026-10-07T17:44:10.212497+00:00,2026-10-07T18:11:57.217246+00:00,UNO,"ST,1664824,RRRR,C,0,0,210",6,71a8b96
2026-10-07T17:44:10.212497+00:00,2026-10-07T18:11:57.393612+00:00,UNO,"ST,1665000,RRRR,C,0,0,210",6,71a8b96
2026-10-07T17:44:10.212497+00:00,2026-10-07T18:11:57.893304+00:00,UNO,"ST,1665500,RRRR,C,0,0,210",6,71a8b96
2026-10-07T17:44:10.212497+00:00,2026-10-07T18:11:58.218343+00:00,UNO,"ST,1665824,RRGG,C,0,0,210",6,71a8b96
2026-10-07T17:44:10.212497+00:00,2026-10-07T18:11:58.394367+00:00,UNO,"ST,1666000,RRGG,C,0,0,210",6,71a8b96
2026-10-07T17:44:10.212497+00:00,2026-10-07T18:11:58.893770+00:00,UNO,"ST,1666500,RRGG,C,0,0,210",6,71a8b96
2026-10-07T17:44:10.212497+00:00,2026-10-07T18:11:59.393845+00:00,UNO,"ST,1667000,RRGG,C,0,0,210",6,71a8b96
2026-10-07T17:44:10.212497+00:00,2026-10-07T18:11:59.893540+00:00,UNO,"ST,1667500,RRGG,C,0,0,210",6,71a8b96
2026-10-07T17:44:10.212497+00:00,2026-10-07T18:12:00.394610+00:00,UNO,"ST,1668000,RRGG,C,0,0,210",6,71a8b96
2026-10-07T17:44:10.212497+00:00,2026-10-07T18:12:00.894648+00:00,UNO,"ST,1668500,RRGG,C,0,0,210",6,71a8b96
2026-10-07T17:44:10.212497+00:00,2026-10-07T18:12:01.218050+00:00,UNO,"ST,1668824,RRYY,C,0,0,210",6,71a8b96
2026-10-07T17:44:10.212497+00:00,2026-10-07T18:12:01.394718+00:00,UNO,"ST,1669000,RRYY,C,0,0,210",6,71a8b96
2026-10-07T17:44:10.212497+00:00,2026-10-07T18:12:01.895113+00:00,UNO,"ST,1669500,RRYY,C,0,0,210",6,71a8b96
2026-10-07T17:44:10.212497+00:00,2026-10-07T18:12:02.394825+00:00,UNO,"ST,1670000,RRYY,C,0,0,210",6,71a8b96
2026-10-07T17:44:10.212497+00:00,2026-10-07T18:12:02.894904+00:00,UNO,"ST,1670500,RRYY,C,0,0,210",6,71a8b96
2026-10-07T17:44:10.212497+00:00,2026-10-07T18:12:03.219948+00:00,UNO,"ST,1670824,RRRR,C,0,0,210",6,71a8b96
2026-10-07T17:44:10.212497+00:00,2026-10-07T18:12:03.394952+00:00,UNO,"ST,1671000,RRRR,C,0,0,210",6,71a8b96
2026-10-07T17:44:10.212497+00:00,2026-10-07T18:12:03.895999+00:00,UNO,"ST,1671500,RRRR,C,0,0,210",6,71a8b96
2026-10-07T17:44:10.212497+00:00,2026-10-07T18:12:04.219395+00:00,UNO,"ST,1671824,GGRR,C,0,0,210",6,71a8b96
2026-10-07T17:44:10.212497+00:00,2026-10-07T18:12:04.395408+00:00,UNO,"ST,1672000,GGRR,C,0,0,210",6,71a8b96
2026-10-07T17:44:10.212497+00:00,2026-10-07T18:12:04.895123+00:00,UNO,"ST,1672500,GGRR,C,0,0,210",6,71a8b96
2026-10-07T17:44:10.212497+00:00,2026-10-07T18:12:05.396184+00:00,UNO,"ST,1673000,GGRR,C,0,0,210",6,71a8b96
2026-10-07T17:44:10.212497+00:00,2026-10-07T18:12:05.896229+00:00,UNO,"ST,1673500,GGRR,C,0,0,210",6,71a8b96
2026-10-07T17:44:10.212497+00:00,2026-10-07T18:12:06.395645+00:00,UNO,"ST,1674000,GGRR,C,0,0,210",6,71a8b96
2026-10-07T17:44:10.212497+00:00,2026-10-07T18:12:06.895700+00:00,UNO,"ST,1674500,GGRR,C,0,0,210",6,71a8b96
2026-10-07T17:44:10.212497+00:00,2026-10-07T18:12:07.220401+00:00,UNO,"ST,1674824,YYRR,C,0,0,210",6,71a8b96
2026-10-07T17:44:10.212497+00:00,2026-10-07T18:12:07.396428+00:00,UNO,"ST,1675000,YYRR,C,0,0,210",6,71a8b96
2026-10-07T17:44:10.212497+00:00,2026-10-07T18:12:07.896463+00:00,UNO,"ST,1675500,YYRR,C,0,0,210",6,71a8b96
2026-10-07T17:44:10.212497+00:00,2026-10-07T18:12:08.396523+00:00,UNO,"ST,1676000,YYRR,C,0,0,210",6,71a8b96
2026-10-07T17:44:10.212497+00:00,2026-10-07T18:12:08.896934+00:00,UNO,"ST,1676500,YYRR,C,0,0,210",6,71a8b96
2026-10-07T17:44:10.212497+00:00,2026-10-07T18:12:09.220626+00:00,UNO,"ST,1676824,RRRR,C,0,0,210",6,71a8b96
2026-10-07T17:44:10.212497+00:00,2026-10-07T18:12:09.396664+00:00,UNO,"ST,1677000,RRRR,C,0,0,210",6,71a8b96
2026-10-07T17:44:10.212497+00:00,2026-10-07T18:12:09.896699+00:00,UNO,"ST,1677500,RRRR,C,0,0,210",6,71a8b96
2026-10-07T17:44:10.212497+00:00,2026-10-07T18:12:10.220778+00:00,UNO,"ST,1677824,RRGG,C,0,0,210",6,71a8b96
2026-10-07T17:44:10.212497+00:00,2026-10-07T18:12:10.396764+00:00,UNO,"ST,1678000,RRGG,C,0,0,210",6,71a8b96
2026-10-07T17:44:10.212497+00:00,2026-10-07T18:12:10.897825+00:00,UNO,"ST,1678500,RRGG,C,0,0,210",6,71a8b96
2026-10-07T17:44:10.212497+00:00,2026-10-07T18:12:11.397234+00:00,UNO,"ST,1679000,RRGG,C,0,0,210",6,71a8b96
2026-10-07T17:44:10.212497+00:00,2026-10-07T18:12:11.897297+00:00,UNO,"ST,1679500,RRGG,C,0,0,210",6,71a8b96
2026-10-07T17:44:10.212497+00:00,2026-10-07T18:12:12.396987+00:00,UNO,"ST,1680000,RRGG,C,0,0,210",6,71a8b96
2026-10-07T17:44:10.212497+00:00,2026-10-07T18:12:12.898052+00:00,UNO,"ST,1680500,RRGG,C,0,0,210",6,71a8b96
2026-10-07T17:44:10.212497+00:00,2026-10-07T18:12:13.221495+00:00,UNO,"ST,1680824,RRYY,C,0,0,210",6,71a8b96
2026-10-07T17:44:10.212497+00:00,2026-10-07T18:12:13.397482+00:00,UNO,"ST,1681000,RRYY,C,0,0,210",6,71a8b96
2026-10-07T17:44:10.212497+00:00,2026-10-07T18:12:13.897518+00:00,UNO,"ST,1681500,RRYY,C,0,0,210",6,71a8b96
2026-10-07T17:44:10.212497+00:00,2026-10-07T18:12:14.398572+00:00,UNO,"ST,1682000,RRYY,C,0,0,210",6,71a8b96
2026-10-07T17:44:10.212497+00:00,2026-10-07T18:12:14.898284+00:00,UNO,"ST,1682500,RRYY,C,0,0,210",6,71a8b96
2026-10-07T17:44:10.212497+00:00,2026-10-07T18:12:15.222331+00:00,UNO,"ST,1682824,RRRR,C,0,0,210",6,71a8b96
2026-10-07T17:44:10.212497+00:00,2026-10-07T18:12:15.398365+00:00,UNO,"ST,1683000,RRRR,C,0,0,210",6,71a8b96
2026-10-07T17:44:10.212497+00:00,2026-10-07T18:12:15.898425+00:00,UNO,"ST,1683500,RRRR,C,0,0,210",6,71a8b96
2026-10-07T17:44:10.212497+00:00,2026-10-07T18:12:16.222794+00:00,UNO,"ST,1683824,GGRR,C,0,0,210",6,71a8b96
2026-10-07T17:44:10.212497+00:00,2026-10-07T18:12:16.398819+00:00,UNO,"ST,1684000,GGRR,C,0,0,210",6,71a8b96
2026-10-07T17:44:10.212497+00:00,2026-10-07T18:12:16.898865+00:00,UNO,"ST,1684500,GGRR,C,0,0,210",6,71a8b96
2026-10-07T17:44:10.212497+00:00,2026-10-07T18:12:17.398585+00:00,UNO,"ST,1685000,GGRR,C,0,0,210",6,71a8b96
2026-10-07T17:44:10.212497+00:00,2026-10-07T18:12:17.899688+00:00,UNO,"ST,1685500,GGRR,C,0,0,210",6,71a8b96
2026-10-07T17:44:10.212497+00:00,2026-10-07T18:12:18.399041+00:00,UNO,"ST,1686000,GGRR,C,0,0,210",6,71a8b96
2026-10-07T17:44:10.212497+00:00,2026-10-07T18:12:18.899116+00:00,UNO,"ST,1686500,GGRR,C,0,0,210",6,71a8b96
2026-10-07T17:44:10.212497+00:00,2026-10-07T18:12:19.223809+00:00,UNO,"ST,1686824,YYRR,C,0,0,210",6,71a8b96
2026-10-07T17:44:10.212497+00:00,2026-10-07T18:12:19.398805+00:00,UNO,"ST,1687000,YYRR,C,0,0,210",6,71a8b96
2026-10-07T17:44:10.212497+00:00,2026-10-07T18:12:19.899956+00:00,UNO,"ST,1687500,YYRR,C,0,0,210",6,71a8b96
2026-10-07T17:44:10.212497+00:00,2026-10-07T18:12:20.399996+00:00,UNO,"ST,1688000,YYRR,C,0,0,210",6,71a8b96
2026-10-07T17:44:10.212497+00:00,2026-10-07T18:12:20.899330+00:00,UNO,"ST,1688500,YYRR,C,0,0,210",6,71a8b96
2026-10-07T17:44:10.212497+00:00,2026-10-07T18:12:21.224038+00:00,UNO,"ST,1688824,RRRR,C,0,0,210",6,71a8b96
2026-10-07T17:44:10.212497+00:00,2026-10-07T18:12:21.400410+00:00,UNO,"ST,1689000,RRRR,C,0,0,210",6,71a8b96
2026-10-07T17:44:10.212497+00:00,2026-10-07T18:12:21.900107+00:00,UNO,"ST,1689500,RRRR,C,0,0,210",6,71a8b96
2026-10-07T17:44:10.212497+00:00,2026-10-07T18:12:22.224429+00:00,UNO,"ST,1689824,RRGG,C,0,0,210",6,71a8b96
2026-10-07T17:44:10.212497+00:00,2026-10-07T18:12:22.400179+00:00,UNO,"ST,1690000,RRGG,C,0,0,210",6,71a8b96
2026-10-07T17:44:10.212497+00:00,2026-10-07T18:12:22.900217+00:00,UNO,"ST,1690500,RRGG,C,0,0,210",6,71a8b96
2026-10-07T17:44:10.212497+00:00,2026-10-07T18:12:23.401284+00:00,UNO,"ST,1691000,RRGG,C,0,0,210",6,71a8b96
2026-10-07T17:44:10.212497+00:00,2026-10-07T18:12:23.900330+00:00,UNO,"ST,1691500,RRGG,C,0,0,210",6,71a8b96
2026-10-07T17:44:10.212497+00:00,2026-10-07T18:12:24.400405+00:00,UNO,"ST,1692000,RRGG,C,0,0,210",6,71a8b96
2026-10-07T17:44:10.212497+00:00,2026-10-07T18:12:24.901449+00:00,UNO,"ST,1692500,RRGG,C,0,0,210",6,71a8b96
2026-10-07T17:44:10.212497+00:00,2026-10-07T18:12:25.225499+00:00,UNO,"ST,1692824,RRYY,C,0,0,210",6,71a8b96
2026-10-07T17:44:10.212497+00:00,2026-10-07T18:12:25.401527+00:00,UNO,"ST,1693000,RRYY,C,0,0,210",6,71a8b96
2026-10-07T17:44:10.212497+00:00,2026-10-07T18:12:25.901568+00:00,UNO,"ST,1693500,RRYY,C,0,0,210",6,71a8b96
2026-10-07T17:44:10.212497+00:00,2026-10-07T18:12:26.400976+00:00,UNO,"ST,1694000,RRYY,C,0,0,210",6,71a8b96
2026-10-07T17:44:10.212497+00:00,2026-10-07T18:12:26.901685+00:00,UNO,"ST,1694500,RRYY,C,0,0,210",6,71a8b96
2026-10-07T17:44:10.212497+00:00,2026-10-07T18:12:27.225743+00:00,UNO,"ST,1694824,RRRR,C,0,0,210",6,71a8b96
2026-10-07T17:44:10.212497+00:00,2026-10-07T18:12:27.401751+00:00,UNO,"ST,1695000,RRRR,C,0,0,210",6,71a8b96
2026-10-07T17:44:10.212497+00:00,2026-10-07T18:12:27.902158+00:00,UNO,"ST,1695500,RRRR,C,0,0,210",6,71a8b96
2026-10-07T17:44:10.212497+00:00,2026-10-07T18:12:28.226210+00:00,UNO,"ST,1695824,GGRR,C,0,0,210",6,71a8b96
2026-10-07T17:44:10.212497+00:00,2026-10-07T18:12:28.401219+00:00,UNO,"ST,1696000,GGRR,C,0,0,210",6,71a8b96
2026-10-07T17:44:10.212497+00:00,2026-10-07T18:12:28.902265+00:00,UNO,"ST,1696500,GGRR,C,0,0,210",6,71a8b96
2026-10-07T17:44:10.212497+00:00,2026-10-07T18:12:29.401989+00:00,UNO,"ST,1697000,GGRR,C,0,0,210",6,71a8b96
2026-10-07T17:44:10.212497+00:00,2026-10-07T18:12:29.902036+00:00,UNO,"ST,1697500,GGRR,C,0,0,210",6,71a8b96
2026-10-07T17:44:10.212497+00:00,2026-10-07T18:12:30.403112+00:00,UNO,"ST,1698000,GGRR,C,0,0,210",6,71a8b96
2026-10-07T17:44:10.212497+00:00,2026-10-07T18:12:30.902499+00:00,UNO,"ST,1698500,GGRR,C,0,0,210",6,71a8b96
2026-10-07T17:44:10.212497+00:00,2026-10-07T18:12:31.226206+00:00,UNO,"ST,1698824,YYRR,C,0,0,210",6,71a8b96
2026-10-07T17:44:10.212497+00:00,2026-10-07T18:12:31.402560+00:00,UNO,"ST,1699000,YYRR,C,0,0,210",6,71a8b96
2026-10-07T17:44:10.212497+00:00,2026-10-07T18:12:31.902266+00:00,UNO,"ST,1699500,YYRR,C,0,0,210",6,71a8b96
2026-10-07T17:44:10.212497+00:00,2026-10-07T18:12:32.403330+00:00,UNO,"ST,1700000,YYRR,C,0,0,210",6,71a8b96
2026-10-07T17:44:10.212497+00:00,2026-10-07T18:12:32.903380+00:00,UNO,"ST,1700500,YYRR,C,0,0,210",6,71a8b96
2026-10-07T17:44:10.212497+00:00,2026-10-07T18:12:33.226811+00:00,UNO,"ST,1700824,RRRR,C,0,0,210",6,71a8b96
2026-10-07T17:44:10.212497+00:00,2026-10-07T18:12:33.402827+00:00,UNO,"ST,1701000,RRRR,C,0,0,210",6,71a8b96
2026-10-07T17:44:10.212497+00:00,2026-10-07T18:12:33.903498+00:00,UNO,"ST,1701500,RRRR,C,0,0,210",6,71a8b96
2026-10-07T17:44:10.212497+00:00,2026-10-07T18:12:34.227559+00:00,UNO,"ST,1701824,RRGG,C,0,0,210",6,71a8b96
2026-10-07T17:44:10.212497+00:00,2026-10-07T18:12:34.403563+00:00,UNO,"ST,1702000,RRGG,C,0,0,210",6,71a8b96
2026-10-07T17:44:10.212497+00:00,2026-10-07T18:12:34.903631+00:00,UNO,"ST,1702500,RRGG,C,0,0,210",6,71a8b96
2026-10-07T17:44:10.212497+00:00,2026-10-07T18:12:35.403676+00:00,UNO,"ST,1703000,RRGG,C,0,0,210",6,71a8b96
2026-10-07T17:44:10.212497+00:00,2026-10-07T18:12:35.904101+00:00,UNO,"ST,1703500,RRGG,C,0,0,210",6,71a8b96
2026-10-07T17:44:10.212497+00:00,2026-10-07T18:12:36.403796+00:00,UNO,"ST,1704000,RRGG,C,0,0,210",6,71a8b96
2026-10-07T17:44:10.212497+00:00,2026-10-07T18:12:36.903846+00:00,UNO,"ST,1704500,RRGG,C,0,0,210",6,71a8b96
2026-10-07T17:44:10.212497+00:00,2026-10-07T18:12:37.228890+00:00,UNO,"ST,1704824,RRYY,C,0,0,210",6,71a8b96
2026-10-07T17:44:10.212497+00:00,2026-10-07T18:12:37.404931+00:00,UNO,"ST,1705000,RRYY,C,0,0,210",6,71a8b96
2026-10-07T17:44:10.212497+00:00,2026-10-07T18:12:37.904317+00:00,UNO,"ST,1705500,RRYY,C,0,0,210",6,71a8b96
2026-10-07T17:44:10.212497+00:00,2026-10-07T18:12:38.404382+00:00,UNO,"ST,1706000,RRYY,C,0,0,210",6,71a8b96
2026-10-07T17:44:10.212497+00:00,2026-10-07T18:12:38.904100+00:00,UNO,"ST,1706500,RRYY,C,0,0,210",6,71a8b96
2026-10-07T17:44:10.212497+00:00,2026-10-07T18:12:39.229131+00:00,UNO,"ST,1706824,RRRR,C,0,0,210",6,71a8b96
2026-10-07T17:44:10.212497+00:00,2026-10-07T18:12:39.405146+00:00,UNO,"ST,1707000,RRRR,C,0,0,210",6,71a8b96
2026-10-07T17:44:10.212497+00:00,2026-10-07T18:12:39.905241+00:00,UNO,"ST,1707500,RRRR,C,0,0,210",6,71a8b96
2026-10-07T17:44:10.212497+00:00,2026-10-07T18:12:40.228602+00:00,UNO,"ST,1707824,GGRR,C,0,0,210",6,71a8b96
2026-10-07T17:44:10.212497+00:00,2026-10-07T18:12:40.405281+00:00,UNO,"ST,1708000,GGRR,C,0,0,210",6,71a8b96
2026-10-07T17:44:10.212497+00:00,2026-10-07T18:12:40.905668+00:00,UNO,"ST,1708500,GGRR,C,0,0,210",6,71a8b96
2026-10-07T17:44:10.212497+00:00,2026-10-07T18:12:41.405394+00:00,UNO,"ST,1709000,GGRR,C,0,0,210",6,71a8b96
2026-10-07T17:44:10.212497+00:00,2026-10-07T18:12:41.905435+00:00,UNO,"ST,1709500,GGRR,C,0,0,210",6,71a8b96
2026-10-07T17:44:10.212497+00:00,2026-10-07T18:12:42.405490+00:00,UNO,"ST,1710000,GGRR,C,0,0,210",6,71a8b96
2026-10-07T17:44:10.212497+00:00,2026-10-07T18:12:42.906567+00:00,UNO,"ST,1710500,GGRR,C,0,0,210",6,71a8b96
2026-10-07T17:44:10.212497+00:00,2026-10-07T18:12:43.229964+00:00,UNO,"ST,1710824,YYRR,C,0,0,210",6,71a8b96
2026-10-07T17:44:10.212497+00:00,2026-10-07T18:12:43.405991+00:00,UNO,"ST,1711000,YYRR,C,0,0,210",6,71a8b96
2026-10-07T17:44:10.212497+00:00,2026-10-07T18:12:43.905661+00:00,UNO,"ST,1711500,YYRR,C,0,0,210",6,71a8b96
2026-10-07T17:44:10.212497+00:00,2026-10-07T18:12:44.405748+00:00,UNO,"ST,1712000,YYRR,C,0,0,210",6,71a8b96
2026-10-07T17:44:10.212497+00:00,2026-10-07T18:12:44.906803+00:00,UNO,"ST,1712500,YYRR,C,0,0,210",6,71a8b96
2026-10-07T17:44:10.212497+00:00,2026-10-07T18:12:45.230178+00:00,UNO,"ST,1712824,RRRR,C,0,0,210",6,71a8b96
2026-10-07T17:44:10.212497+00:00,2026-10-07T18:12:45.406217+00:00,UNO,"ST,1713000,RRRR,C,0,0,210",6,71a8b96
2026-10-07T17:44:10.212497+00:00,2026-10-07T18:12:45.905903+00:00,UNO,"ST,1713500,RRRR,C,0,0,210",6,71a8b96
2026-10-07T17:44:10.212497+00:00,2026-10-07T18:12:46.230948+00:00,UNO,"ST,1713824,RRGG,C,0,0,210",6,71a8b96
2026-10-07T17:44:10.212497+00:00,2026-10-07T18:12:46.407000+00:00,UNO,"ST,1714000,RRGG,C,0,0,210",6,71a8b96
2026-10-07T17:44:10.212497+00:00,2026-10-07T18:12:46.907044+00:00,UNO,"ST,1714500,RRGG,C,0,0,210",6,71a8b96
2026-10-07T17:44:10.212497+00:00,2026-10-07T18:12:47.407078+00:00,UNO,"ST,1715000,RRGG,C,0,0,210",6,71a8b96
2026-10-07T17:44:10.212497+00:00,2026-10-07T18:12:47.906665+00:00,UNO,"ST,1715500,RRGG,C,0,0,210",6,71a8b96
2026-10-07T17:44:10.212497+00:00,2026-10-07T18:12:48.407570+00:00,UNO,"ST,1716000,RRGG,C,0,0,210",6,71a8b96
2026-10-07T17:44:10.212497+00:00,2026-10-07T18:12:48.907313+00:00,UNO,"ST,1716500,RRGG,C,0,0,210",6,71a8b96
2026-10-07T17:44:10.212497+00:00,2026-10-07T18:12:49.231334+00:00,UNO,"ST,1716824,RRYY,C,0,0,210",6,71a8b96
2026-10-07T17:44:10.212497+00:00,2026-10-07T18:12:49.407342+00:00,UNO,"ST,1717000,RRYY,C,0,0,210",6,71a8b96
2026-10-07T17:44:10.212497+00:00,2026-10-07T18:12:49.908368+00:00,UNO,"ST,1717500,RRYY,C,0,0,210",6,71a8b96
2026-10-07T17:44:10.212497+00:00,2026-10-07T18:12:50.407811+00:00,UNO,"ST,1718000,RRYY,C,0,0,210",6,71a8b96
2026-10-07T17:44:10.212497+00:00,2026-10-07T18:12:50.907493+00:00,UNO,"ST,1718500,RRYY,C,0,0,210",6,71a8b96
2026-10-07T17:44:10.212497+00:00,2026-10-07T18:12:51.232540+00:00,UNO,"ST,1718824,RRRR,C,0,0,210",6,71a8b96
2026-10-07T17:44:10.212497+00:00,2026-10-07T18:12:51.407580+00:00,UNO,"ST,1719000,RRRR,C,0,0,210",6,71a8b96
2026-10-07T17:44:10.212497+00:00,2026-10-07T18:12:51.908616+00:00,UNO,"ST,1719500,RRRR,C,0,0,210",6,71a8b96
2026-10-07T17:44:10.212497+00:00,2026-10-07T18:12:52.232665+00:00,UNO,"ST,1719824,GGRR,C,0,0,210",6,71a8b96
2026-10-07T17:44:10.212497+00:00,2026-10-07T18:12:52.408666+00:00,UNO,"ST,1720000,GGRR,C,0,0,210",6,71a8b96
2026-10-07T17:44:10.212497+00:00,2026-10-07T18:12:52.908082+00:00,UNO,"ST,1720500,GGRR,C,0,0,210",6,71a8b96
2026-10-07T17:44:10.212497+00:00,2026-10-07T18:12:53.409148+00:00,UNO,"ST,1721000,GGRR,C,0,0,210",6,71a8b96
2026-10-07T17:44:10.212497+00:00,2026-10-07T18:12:53.908849+00:00,UNO,"ST,1721500,GGRR,C,0,0,210",6,71a8b96
2026-10-07T17:44:10.212497+00:00,2026-10-07T18:12:54.408894+00:00,UNO,"ST,1722000,GGRR,C,0,0,210",6,71a8b96
2026-10-07T17:44:10.212497+00:00,2026-10-07T18:12:54.908965+00:00,UNO,"ST,1722500,GGRR,C,0,0,210",6,71a8b96
2026-10-07T17:44:10.212497+00:00,2026-10-07T18:12:55.233362+00:00,UNO,"ST,1722824,YYRR,C,0,0,210",6,71a8b96
2026-10-07T17:44:10.212497+00:00,2026-10-07T18:12:55.409368+00:00,UNO,"ST,1723000,YYRR,C,0,0,210",6,71a8b96
2026-10-07T17:44:10.212497+00:00,2026-10-07T18:12:55.909075+00:00,UNO,"ST,1723500,YYRR,C,0,0,210",6,71a8b96
2026-10-07T17:44:10.212497+00:00,2026-10-07T18:12:56.409167+00:00,UNO,"ST,1724000,YYRR,C,0,0,210",6,71a8b96
2026-10-07T17:44:10.212497+00:00,2026-10-07T18:12:56.910190+00:00,UNO,"ST,1724500,YYRR,C,0,0,210",6,71a8b96
2026-10-07T17:44:10.212497+00:00,2026-10-07T18:12:57.233597+00:00,UNO,"ST,1724824,RRRR,C,0,0,210",6,71a8b96
2026-10-07T17:44:10.212497+00:00,2026-10-07T18:12:57.545835+00:00,UNO,"ST,1725000,RRRR,C,0,0,210",26,71a8b96
2026-10-07T17:44:10.212497+00:00,2026-10-07T18:12:57.909652+00:00,UNO,"ST,1725500,RRRR,C,0,0,210",6,71a8b96
2026-10-07T17:44:10.212497+00:00,2026-10-07T18:12:58.233361+00:00,UNO,"ST,1725824,RRGG,C,0,0,210",6,71a8b96
2026-10-07T17:44:10.212497+00:00,2026-10-07T18:12:58.409730+00:00,UNO,"ST,1726000,RRGG,C,0,0,210",6,71a8b96
2026-10-07T17:44:10.212497+00:00,2026-10-07T18:12:58.910436+00:00,UNO,"ST,1726500,RRGG,C,0,0,210",6,71a8b96
2026-10-07T17:44:10.212497+00:00,2026-10-07T18:12:59.410480+00:00,UNO,"ST,1727000,RRGG,C,0,0,210",6,71a8b96
2026-10-07T17:44:10.212497+00:00,2026-10-07T18:12:59.910535+00:00,UNO,"ST,1727500,RRGG,C,0,0,210",6,71a8b96
2026-10-07T17:44:10.212497+00:00,2026-10-07T18:13:00.409949+00:00,UNO,"ST,1728000,RRGG,C,0,0,210",6,71a8b96
2026-10-07T17:44:10.212497+00:00,2026-10-07T18:13:00.910652+00:00,UNO,"ST,1728500,RRGG,C,0,0,210",6,71a8b96
2026-10-07T17:44:10.212497+00:00,2026-10-07T18:13:01.234703+00:00,UNO,"ST,1728824,RRYY,C,0,0,210",6,71a8b96
2026-10-07T17:44:10.212497+00:00,2026-10-07T18:13:01.410734+00:00,UNO,"ST,1729000,RRYY,C,0,0,210",6,71a8b96
2026-10-07T17:44:10.212497+00:00,2026-10-07T18:13:01.910766+00:00,UNO,"ST,1729500,RRYY,C,0,0,210",6,71a8b96
2026-10-07T17:44:10.212497+00:00,2026-10-07T18:13:02.411832+00:00,UNO,"ST,1730000,RRYY,C,0,0,210",6,71a8b96
2026-10-07T17:44:10.212497+00:00,2026-10-07T18:13:02.911235+00:00,UNO,"ST,1730500,RRYY,C,0,0,210",6,71a8b96
2026-10-07T17:44:10.212497+00:00,2026-10-07T18:13:03.234985+00:00,UNO,"ST,1730824,RRRR,C,0,0,210",6,71a8b96
2026-10-07T17:44:10.212497+00:00,2026-10-07T18:13:03.410953+00:00,UNO,"ST,1731000,RRRR,C,0,0,210",6,71a8b96
2026-10-07T17:44:10.212497+00:00,2026-10-07T18:13:03.911000+00:00,UNO,"ST,1731500,RRRR,C,0,0,210",6,71a8b96
2026-10-07T17:44:10.212497+00:00,2026-10-07T18:13:04.236042+00:00,UNO,"ST,1731824,GGRR,C,0,0,210",6,71a8b96
2026-10-07T17:44:10.212497+00:00,2026-10-07T18:13:04.412063+00:00,UNO,"ST,1732000,GGRR,C,0,0,210",6,71a8b96
2026-10-07T17:44:10.212497+00:00,2026-10-07T18:13:04.912622+00:00,UNO,"ST,1732500,GGRR,C,0,0,210",6,71a8b96
2026-10-07T17:44:10.212497+00:00,2026-10-07T18:13:05.411528+00:00,UNO,"ST,1733000,GGRR,C,0,0,210",6,71a8b96
2026-10-07T17:44:10.212497+00:00,2026-10-07T18:13:05.912234+00:00,UNO,"ST,1733500,GGRR,C,0,0,210",6,71a8b96
2026-10-07T17:44:10.212497+00:00,2026-10-07T18:13:06.412297+00:00,UNO,"ST,1734000,GGRR,C,0,0,210",6,71a8b96
2026-10-07T17:44:10.212497+00:00,2026-10-07T18:13:06.912365+00:00,UNO,"ST,1734500,GGRR,C,0,0,210",6,71a8b96
2026-10-07T17:44:10.212497+00:00,2026-10-07T18:13:07.236759+00:00,UNO,"ST,1734824,YYRR,C,0,0,210",6,71a8b96
2026-10-07T17:44:10.212497+00:00,2026-10-07T18:13:07.411772+00:00,UNO,"ST,1735000,YYRR,C,0,0,210",6,71a8b96
2026-10-07T17:44:10.212497+00:00,2026-10-07T18:13:07.912834+00:00,UNO,"ST,1735500,YYRR,C,0,0,210",6,71a8b96
2026-10-07T17:44:10.212497+00:00,2026-10-07T18:13:08.412526+00:00,UNO,"ST,1736000,YYRR,C,0,0,210",6,71a8b96
2026-10-07T17:44:10.212497+00:00,2026-10-07T18:13:08.912587+00:00,UNO,"ST,1736500,YYRR,C,0,0,210",6,71a8b96
2026-10-07T17:44:10.212497+00:00,2026-10-07T18:13:09.236977+00:00,UNO,"ST,1736824,RRRR,C,0,0,210",6,71a8b96
2026-10-07T17:44:10.212497+00:00,2026-10-07T18:13:09.413658+00:00,UNO,"ST,1737000,RRRR,C,0,0,210",6,71a8b96
2026-10-07T17:44:10.212497+00:00,2026-10-07T18:13:09.913053+00:00,UNO,"ST,1737500,RRRR,C,0,0,210",6,71a8b96
2026-10-07T17:44:10.212497+00:00,2026-10-07T18:13:10.236759+00:00,UNO,"ST,1737824,RRGG,C,0,0,210",6,71a8b96
2026-10-07T17:44:10.212497+00:00,2026-10-07T18:13:10.412782+00:00,UNO,"ST,1738000,RRGG,C,0,0,210",6,71a8b96
2026-10-07T17:44:10.212497+00:00,2026-10-07T18:13:10.912829+00:00,UNO,"ST,1738500,RRGG,C,0,0,210",6,71a8b96
2026-10-07T17:44:10.212497+00:00,2026-10-07T18:13:11.413879+00:00,UNO,"ST,1739000,RRGG,C,0,0,210",6,71a8b96
2026-10-07T17:44:10.212497+00:00,2026-10-07T18:13:11.913284+00:00,UNO,"ST,1739500,RRGG,C,0,0,210",6,71a8b96
2026-10-07T17:44:10.212497+00:00,2026-10-07T18:13:12.413365+00:00,UNO,"ST,1740000,RRGG,C,0,0,210",6,71a8b96
2026-10-07T17:44:10.212497+00:00,2026-10-07T18:13:12.915342+00:00,UNO,"ST,1740500,RRGG,C,0,0,210",6,71a8b96
2026-10-07T17:44:10.212497+00:00,2026-10-07T18:13:13.238105+00:00,UNO,"ST,1740824,RRYY,C,0,0,210",6,71a8b96
2026-10-07T17:44:10.212497+00:00,2026-10-07T18:13:13.414138+00:00,UNO,"ST,1741000,RRYY,C,0,0,210",6,71a8b96
2026-10-07T17:44:10.212497+00:00,2026-10-07T18:13:13.914165+00:00,UNO,"ST,1741500,RRYY,C,0,0,210",6,71a8b96
2026-10-07T17:44:10.212497+00:00,2026-10-07T18:13:14.414230+00:00,UNO,"ST,1742000,RRYY,C,0,0,210",6,71a8b96
2026-10-07T17:44:10.212497+00:00,2026-10-07T18:13:14.914636+00:00,UNO,"ST,1742500,RRYY,C,0,0,210",6,71a8b96
2026-10-07T17:44:10.212497+00:00,2026-10-07T18:13:15.238336+00:00,UNO,"ST,1742824,RRRR,C,0,0,210",6,71a8b96
2026-10-07T17:44:10.212497+00:00,2026-10-07T18:13:15.414712+00:00,UNO,"ST,1743000,RRRR,C,0,0,210",6,71a8b96
2026-10-07T17:44:10.212497+00:00,2026-10-07T18:13:15.914405+00:00,UNO,"ST,1743500,RRRR,C,0,0,210",6,71a8b96
2026-10-07T17:44:10.212497+00:00,2026-10-07T18:13:16.239463+00:00,UNO,"ST,1743824,GGRR,C,0,0,210",6,71a8b96
2026-10-07T17:44:10.212497+00:00,2026-10-07T18:13:16.414470+00:00,UNO,"ST,1744000,GGRR,C,0,0,210",6,71a8b96
2026-10-07T17:44:10.212497+00:00,2026-10-07T18:13:16.915520+00:00,UNO,"ST,1744500,GGRR,C,0,0,210",6,71a8b96
2026-10-07T17:44:10.212497+00:00,2026-10-07T18:13:17.414922+00:00,UNO,"ST,1745000,GGRR,C,0,0,210",6,71a8b96
2026-10-07T17:44:10.212497+00:00,2026-10-07T18:13:17.915003+00:00,UNO,"ST,1745500,GGRR,C,0,0,210",6,71a8b96
2026-10-07T17:44:10.212497+00:00,2026-10-07T18:13:18.415701+00:00,UNO,"ST,1746000,GGRR,C,0,0,210",6,71a8b96
2026-10-07T17:44:10.212497+00:00,2026-10-07T18:13:18.915760+00:00,UNO,"ST,1746500,GGRR,C,0,0,210",6,71a8b96
2026-10-07T17:44:10.212497+00:00,2026-10-07T18:13:19.239140+00:00,UNO,"ST,1746824,YYRR,C,0,0,210",6,71a8b96
2026-10-07T17:44:10.212497+00:00,2026-10-07T18:13:19.415814+00:00,UNO,"ST,1747000,YYRR,C,0,0,210",6,71a8b96
2026-10-07T17:44:10.212497+00:00,2026-10-07T18:13:19.915228+00:00,UNO,"ST,1747500,YYRR,C,0,0,210",6,71a8b96
2026-10-07T17:44:10.212497+00:00,2026-10-07T18:13:20.415943+00:00,UNO,"ST,1748000,YYRR,C,0,0,210",6,71a8b96
2026-10-07T17:44:10.212497+00:00,2026-10-07T18:13:20.915989+00:00,UNO,"ST,1748500,YYRR,C,0,0,210",6,71a8b96
2026-10-07T17:44:10.212497+00:00,2026-10-07T18:13:21.239395+00:00,UNO,"ST,1748824,RRRR,C,0,0,210",6,71a8b96
2026-10-07T17:44:10.212497+00:00,2026-10-07T18:13:21.416048+00:00,UNO,"ST,1749000,RRRR,C,0,0,210",6,71a8b96
2026-10-07T17:44:10.212497+00:00,2026-10-07T18:13:21.916473+00:00,UNO,"ST,1749500,RRRR,C,0,0,210",6,71a8b96
2026-10-07T17:44:10.212497+00:00,2026-10-07T18:13:22.240170+00:00,UNO,"ST,1749824,RRGG,C,0,0,210",6,71a8b96
2026-10-07T17:44:10.212497+00:00,2026-10-07T18:13:22.416515+00:00,UNO,"ST,1750000,RRGG,C,0,0,210",6,71a8b96
2026-10-07T17:44:10.212497+00:00,2026-10-07T18:13:22.916229+00:00,UNO,"ST,1750500,RRGG,C,0,0,210",6,71a8b96
2026-10-07T17:44:10.212497+00:00,2026-10-07T18:13:23.416292+00:00,UNO,"ST,1751000,RRGG,C,0,0,210",6,71a8b96
2026-10-07T17:44:10.212497+00:00,2026-10-07T18:13:23.917337+00:00,UNO,"ST,1751500,RRGG,C,0,0,210",6,71a8b96
2026-10-07T17:44:10.212497+00:00,2026-10-07T18:13:24.416755+00:00,UNO,"ST,1752000,RRGG,C,0,0,210",6,71a8b96
2026-10-07T17:44:10.212497+00:00,2026-10-07T18:13:24.916813+00:00,UNO,"ST,1752500,RRGG,C,0,0,210",6,71a8b96
2026-10-07T17:44:10.212497+00:00,2026-10-07T18:13:25.241506+00:00,UNO,"ST,1752824,RRYY,C,0,0,210",6,71a8b96
2026-10-07T17:44:10.212497+00:00,2026-10-07T18:13:25.417540+00:00,UNO,"ST,1753000,RRYY,C,0,0,210",6,71a8b96
2026-10-07T17:44:10.212497+00:00,2026-10-07T18:13:25.917574+00:00,UNO,"ST,1753500,RRYY,C,0,0,210",6,71a8b96
2026-10-07T17:44:10.212497+00:00,2026-10-07T18:13:26.417655+00:00,UNO,"ST,1754000,RRYY,C,0,0,210",6,71a8b96
2026-10-07T17:44:10.212497+00:00,2026-10-07T18:13:26.917034+00:00,UNO,"ST,1754500,RRYY,C,0,0,210",6,71a8b96
2026-10-07T17:44:10.212497+00:00,2026-10-07T18:13:27.241753+00:00,UNO,"ST,1754824,RRRR,C,0,0,210",6,71a8b96
2026-10-07T17:44:10.212497+00:00,2026-10-07T18:13:27.418117+00:00,UNO,"ST,1755000,RRRR,C,0,0,210",6,71a8b96
2026-10-07T17:44:10.212497+00:00,2026-10-07T18:13:27.917804+00:00,UNO,"ST,1755500,RRRR,C,0,0,210",6,71a8b96
2026-10-07T17:44:10.212497+00:00,2026-10-07T18:13:28.241868+00:00,UNO,"ST,1755824,GGRR,C,0,0,210",6,71a8b96
2026-10-07T17:44:10.212497+00:00,2026-10-07T18:13:28.417880+00:00,UNO,"ST,1756000,GGRR,C,0,0,210",6,71a8b96
2026-10-07T17:44:10.212497+00:00,2026-10-07T18:13:28.918929+00:00,UNO,"ST,1756500,GGRR,C,0,0,210",6,71a8b96
2026-10-07T17:44:10.212497+00:00,2026-10-07T18:13:29.418350+00:00,UNO,"ST,1757000,GGRR,C,0,0,210",6,71a8b96
2026-10-07T17:44:10.212497+00:00,2026-10-07T18:13:29.918386+00:00,UNO,"ST,1757500,GGRR,C,0,0,210",6,71a8b96
2026-10-07T17:44:10.212497+00:00,2026-10-07T18:13:30.418105+00:00,UNO,"ST,1758000,GGRR,C,0,0,210",6,71a8b96
2026-10-07T17:44:10.212497+00:00,2026-10-07T18:13:30.919150+00:00,UNO,"ST,1758500,GGRR,C,0,0,210",6,71a8b96
2026-10-07T17:44:10.212497+00:00,2026-10-07T18:13:31.242562+00:00,UNO,"ST,1758824,YYRR,C,0,0,210",6,71a8b96
2026-10-07T17:44:10.212497+00:00,2026-10-07T18:13:31.419218+00:00,UNO,"ST,1759000,YYRR,C,0,0,210",6,71a8b96
2026-10-07T17:44:10.212497+00:00,2026-10-07T18:13:31.918621+00:00,UNO,"ST,1759500,YYRR,C,0,0,210",6,71a8b96
2026-10-07T17:44:10.212497+00:00,2026-10-07T18:13:32.418348+00:00,UNO,"ST,1760000,YYRR,C,0,0,210",6,71a8b96
2026-10-07T17:44:10.212497+00:00,2026-10-07T18:13:32.919413+00:00,UNO,"ST,1760500,YYRR,C,0,0,210",6,71a8b96
2026-10-07T17:44:10.212497+00:00,2026-10-07T18:13:33.243451+00:00,UNO,"ST,1760824,RRRR,C,0,0,210",6,71a8b96
2026-10-07T17:44:10.212497+00:00,2026-10-07T18:13:33.419472+00:00,UNO,"ST,1761000,RRRR,C,0,0,210",6,71a8b96
2026-10-07T17:44:10.212497+00:00,2026-10-07T18:13:33.918859+00:00,UNO,"ST,1761500,RRRR,C,0,0,210",6,71a8b96
2026-10-07T17:44:10.212497+00:00,2026-10-07T18:13:34.243895+00:00,UNO,"ST,1761824,RRGG,C,0,0,210",6,71a8b96
2026-10-07T17:44:10.212497+00:00,2026-10-07T18:13:34.419931+00:00,UNO,"ST,1762000,RRGG,C,0,0,210",6,71a8b96
2026-10-07T17:44:10.212497+00:00,2026-10-07T18:13:34.919614+00:00,UNO,"ST,1762500,RRGG,C,0,0,210",6,71a8b96
2026-10-07T17:44:10.212497+00:00,2026-10-07T18:13:35.419698+00:00,UNO,"ST,1763000,RRGG,C,0,0,210",6,71a8b96
2026-10-07T17:44:10.212497+00:00,2026-10-07T18:13:35.919746+00:00,UNO,"ST,1763500,RRGG,C,0,0,210",6,71a8b96
2026-10-07T17:44:10.212497+00:00,2026-10-07T18:13:36.420162+00:00,UNO,"ST,1764000,RRGG,C,0,0,210",6,71a8b96
2026-10-07T17:44:10.212497+00:00,2026-10-07T18:13:36.920214+00:00,UNO,"ST,1764500,RRGG,C,0,0,210",6,71a8b96
2026-10-07T17:44:10.212497+00:00,2026-10-07T18:13:37.243903+00:00,UNO,"ST,1764824,RRYY,C,0,0,210",6,71a8b96
2026-10-07T17:44:10.212497+00:00,2026-10-07T18:13:37.419943+00:00,UNO,"ST,1765000,RRYY,C,0,0,210",6,71a8b96
2026-10-07T17:44:10.212497+00:00,2026-10-07T18:13:37.920970+00:00,UNO,"ST,1765500,RRYY,C,0,0,210",6,71a8b96
2026-10-07T17:44:10.212497+00:00,2026-10-07T18:13:38.421034+00:00,UNO,"ST,1766000,RRYY,C,0,0,210",6,71a8b96
2026-10-07T17:44:10.212497+00:00,2026-10-07T18:13:38.920436+00:00,UNO,"ST,1766500,RRYY,C,0,0,210",6,71a8b96
2026-10-07T17:44:10.212497+00:00,2026-10-07T18:13:39.245490+00:00,UNO,"ST,1766824,RRRR,C,0,0,210",6,71a8b96
2026-10-07T17:44:10.212497+00:00,2026-10-07T18:13:39.420517+00:00,UNO,"ST,1767000,RRRR,C,0,0,210",6,71a8b96
2026-10-07T17:44:10.212497+00:00,2026-10-07T18:13:39.921565+00:00,UNO,"ST,1767500,RRRR,C,0,0,210",6,71a8b96
2026-10-07T17:44:10.212497+00:00,2026-10-07T18:13:40.245258+00:00,UNO,"ST,1767824,GGRR,C,0,0,210",6,71a8b96
2026-10-07T17:44:10.212497+00:00,2026-10-07T18:13:40.421284+00:00,UNO,"ST,1768000,GGRR,C,0,0,210",6,71a8b96
2026-10-07T17:44:10.212497+00:00,2026-10-07T18:13:40.921340+00:00,UNO,"ST,1768500,GGRR,C,0,0,210",6,71a8b96
2026-10-07T17:44:10.212497+00:00,2026-10-07T18:13:41.422404+00:00,UNO,"ST,1769000,GGRR,C,0,0,210",6,71a8b96
2026-10-07T17:44:10.212497+00:00,2026-10-07T18:13:41.921795+00:00,UNO,"ST,1769500,GGRR,C,0,0,210",6,71a8b96
2026-10-07T17:44:10.212497+00:00,2026-10-07T18:13:42.421500+00:00,UNO,"ST,1770000,GGRR,C,0,0,210",6,71a8b96
2026-10-07T17:44:10.212497+00:00,2026-10-07T18:13:42.921561+00:00,UNO,"ST,1770500,GGRR,C,0,0,210",6,71a8b96
2026-10-07T17:44:10.212497+00:00,2026-10-07T18:13:43.246611+00:00,UNO,"ST,1770824,YYRR,C,0,0,210",6,71a8b96
2026-10-07T17:44:10.212497+00:00,2026-10-07T18:13:43.422650+00:00,UNO,"ST,1771000,YYRR,C,0,0,210",6,71a8b96
2026-10-07T17:44:10.212497+00:00,2026-10-07T18:13:43.922028+00:00,UNO,"ST,1771500,YYRR,C,0,0,210",6,71a8b96
2026-10-07T17:44:10.212497+00:00,2026-10-07T18:13:44.422095+00:00,UNO,"ST,1772000,YYRR,C,0,0,210",6,71a8b96
2026-10-07T17:44:10.212497+00:00,2026-10-07T18:13:44.922795+00:00,UNO,"ST,1772500,YYRR,C,0,0,210",6,71a8b96
2026-10-07T17:44:10.212497+00:00,2026-10-07T18:13:45.246848+00:00,UNO,"ST,1772824,RRRR,C,0,0,210",6,71a8b96
2026-10-07T17:44:10.212497+00:00,2026-10-07T18:13:45.422860+00:00,UNO,"ST,1773000,RRRR,C,0,0,210",6,71a8b96
2026-10-07T17:44:10.212497+00:00,2026-10-07T18:13:45.922897+00:00,UNO,"ST,1773500,RRRR,C,0,0,210",6,71a8b96
2026-10-07T17:44:10.212497+00:00,2026-10-07T18:13:46.246309+00:00,UNO,"ST,1773824,RRGG,C,0,0,210",6,71a8b96
2026-10-07T17:44:10.212497+00:00,2026-10-07T18:13:46.422326+00:00,UNO,"ST,1774000,RRGG,C,0,0,210",6,71a8b96
2026-10-07T17:44:10.212497+00:00,2026-10-07T18:13:46.923393+00:00,UNO,"ST,1774500,RRGG,C,0,0,210",6,71a8b96
2026-10-07T17:44:10.212497+00:00,2026-10-07T18:13:47.423075+00:00,UNO,"ST,1775000,RRGG,C,0,0,210",6,71a8b96
2026-10-07T17:44:10.212497+00:00,2026-10-07T18:13:47.923144+00:00,UNO,"ST,1775500,RRGG,C,0,0,210",6,71a8b96
2026-10-07T17:44:10.212497+00:00,2026-10-07T18:13:48.423193+00:00,UNO,"ST,1776000,RRGG,C,0,0,210",6,71a8b96
2026-10-07T17:44:10.212497+00:00,2026-10-07T18:13:48.923598+00:00,UNO,"ST,1776500,RRGG,C,0,0,210",6,71a8b96
2026-10-07T17:44:10.212497+00:00,2026-10-07T18:13:49.247309+00:00,UNO,"ST,1776824,RRYY,C,0,0,210",6,71a8b96
2026-10-07T17:44:10.212497+00:00,2026-10-07T18:13:49.423334+00:00,UNO,"ST,1777000,RRYY,C,0,0,210",6,71a8b96
2026-10-07T17:44:10.212497+00:00,2026-10-07T18:13:49.923368+00:00,UNO,"ST,1777500,RRYY,C,0,0,210",6,71a8b96
2026-10-07T17:44:10.212497+00:00,2026-10-07T18:13:50.424439+00:00,UNO,"ST,1778000,RRYY,C,0,0,210",6,71a8b96
2026-10-07T17:44:10.212497+00:00,2026-10-07T18:13:50.924490+00:00,UNO,"ST,1778500,RRYY,C,0,0,210",6,71a8b96
2026-10-07T17:44:10.212497+00:00,2026-10-07T18:13:51.247891+00:00,UNO,"ST,1778824,RRRR,C,0,0,210",6,71a8b96
2026-10-07T17:44:10.212497+00:00,2026-10-07T18:13:51.423913+00:00,UNO,"ST,1779000,RRRR,C,0,0,210",6,71a8b96
2026-10-07T17:44:10.212497+00:00,2026-10-07T18:13:51.923964+00:00,UNO,"ST,1779500,RRRR,C,0,0,210",6,71a8b96
2026-10-07T17:44:10.212497+00:00,2026-10-07T18:13:52.248752+00:00,UNO,"ST,1779824,GGRR,C,0,0,210",6,71a8b96
2026-10-07T17:44:10.212497+00:00,2026-10-07T18:13:52.424685+00:00,UNO,"ST,1780000,GGRR,C,0,0,210",6,71a8b96
2026-10-07T17:44:10.212497+00:00,2026-10-07T18:13:52.924716+00:00,UNO,"ST,1780500,GGRR,C,0,0,210",6,71a8b96
2026-10-07T17:44:10.212497+00:00,2026-10-07T18:13:53.424806+00:00,UNO,"ST,1781000,GGRR,C,0,0,210",6,71a8b96
2026-10-07T17:44:10.212497+00:00,2026-10-07T18:13:53.925195+00:00,UNO,"ST,1781500,GGRR,C,0,0,210",6,71a8b96
2026-10-07T17:44:10.212497+00:00,2026-10-07T18:13:54.424912+00:00,UNO,"ST,1782000,GGRR,C,0,0,210",6,71a8b96
2026-10-07T17:44:10.212497+00:00,2026-10-07T18:13:54.924959+00:00,UNO,"ST,1782500,GGRR,C,0,0,210",6,71a8b96
2026-10-07T17:44:10.212497+00:00,2026-10-07T18:13:55.250003+00:00,UNO,"ST,1782824,YYRR,C,0,0,210",6,71a8b96
2026-10-07T17:44:10.212497+00:00,2026-10-07T18:13:55.425046+00:00,UNO,"ST,1783000,YYRR,C,0,0,210",6,71a8b96
2026-10-07T17:44:10.212497+00:00,2026-10-07T18:13:55.926124+00:00,UNO,"ST,1783500,YYRR,C,0,0,210",6,71a8b96
2026-10-07T17:44:10.212497+00:00,2026-10-07T18:13:56.425486+00:00,UNO,"ST,1784000,YYRR,C,0,0,210",6,71a8b96
2026-10-07T17:44:10.212497+00:00,2026-10-07T18:13:56.925180+00:00,UNO,"ST,1784500,YYRR,C,0,0,210",6,71a8b96
2026-10-07T17:44:10.212497+00:00,2026-10-07T18:13:57.250299+00:00,UNO,"ST,1784824,RRRR,C,0,0,210",6,71a8b96
2026-10-07T17:44:10.212497+00:00,2026-10-07T18:13:57.426261+00:00,UNO,"ST,1785000,RRRR,C,0,0,210",6,71a8b96
2026-10-07T17:44:10.212497+00:00,2026-10-07T18:13:57.926309+00:00,UNO,"ST,1785500,RRRR,C,0,0,210",6,71a8b96
2026-10-07T17:44:10.212497+00:00,2026-10-07T18:13:58.249695+00:00,UNO,"ST,1785824,RRGG,C,0,0,210",6,71a8b96
2026-10-07T17:44:10.212497+00:00,2026-10-07T18:13:58.425747+00:00,UNO,"ST,1786000,RRGG,C,0,0,210",6,71a8b96
2026-10-07T17:44:10.212497+00:00,2026-10-07T18:13:58.925815+00:00,UNO,"ST,1786500,RRGG,C,0,0,210",6,71a8b96
2026-10-07T17:44:10.212497+00:00,2026-10-07T18:13:59.426492+00:00,UNO,"ST,1787000,RRGG,C,0,0,210",6,71a8b96
2026-10-07T17:44:10.212497+00:00,2026-10-07T18:13:59.926547+00:00,UNO,"ST,1787500,RRGG,C,0,0,210",6,71a8b96
2026-10-07T17:44:10.212497+00:00,2026-10-07T18:14:00.426656+00:00,UNO,"ST,1788000,RRGG,C,0,0,210",6,71a8b96
2026-10-07T17:44:10.212497+00:00,2026-10-07T18:14:00.927656+00:00,UNO,"ST,1788500,RRGG,C,0,0,210",6,71a8b96
2026-10-07T17:44:10.212497+00:00,2026-10-07T18:14:01.251077+00:00,UNO,"ST,1788824,RRYY,C,0,0,210",6,71a8b96
2026-10-07T17:44:10.212497+00:00,2026-10-07T18:14:01.427082+00:00,UNO,"ST,1789000,RRYY,C,0,0,210",6,71a8b96
2026-10-07T17:44:10.212497+00:00,2026-10-07T18:14:01.926786+00:00,UNO,"ST,1789500,RRYY,C,0,0,210",6,71a8b96
2026-10-07T17:44:10.212497+00:00,2026-10-07T18:14:02.426865+00:00,UNO,"ST,1790000,RRYY,C,0,0,210",6,71a8b96
2026-10-07T17:44:10.212497+00:00,2026-10-07T18:14:02.927922+00:00,UNO,"ST,1790500,RRYY,C,0,0,210",6,71a8b96
2026-10-07T17:44:10.212497+00:00,2026-10-07T18:14:03.251370+00:00,UNO,"ST,1790824,RRRR,C,0,0,210",6,71a8b96
2026-10-07T17:44:10.212497+00:00,2026-10-07T18:14:03.427993+00:00,UNO,"ST,1791000,RRRR,C,0,0,210",6,71a8b96
2026-10-07T17:44:10.212497+00:00,2026-10-07T18:14:03.927378+00:00,UNO,"ST,1791500,RRRR,C,0,0,210",6,71a8b96
2026-10-07T17:44:10.212497+00:00,2026-10-07T18:14:04.252046+00:00,UNO,"ST,1791824,GGRR,C,0,0,210",6,71a8b96
2026-10-07T17:44:10.212497+00:00,2026-10-07T18:14:04.427076+00:00,UNO,"ST,1792000,GGRR,C,0,0,210",6,71a8b96
2026-10-07T17:44:10.212497+00:00,2026-10-07T18:14:04.928126+00:00,UNO,"ST,1792500,GGRR,C,0,0,210",6,71a8b96
2026-10-07T17:44:10.212497+00:00,2026-10-07T18:14:05.428194+00:00,UNO,"ST,1793000,GGRR,C,0,0,210",6,71a8b96
2026-10-07T17:44:10.212497+00:00,2026-10-07T18:14:05.927598+00:00,UNO,"ST,1793500,GGRR,C,0,0,210",6,71a8b96
2026-10-07T17:44:10.212497+00:00,2026-10-07T18:14:06.428646+00:00,UNO,"ST,1794000,GGRR,C,0,0,210",6,71a8b96
2026-10-07T17:44:10.212497+00:00,2026-10-07T18:14:06.928369+00:00,UNO,"ST,1794500,GGRR,C,0,0,210",6,71a8b96
2026-10-07T17:44:10.212497+00:00,2026-10-07T18:14:07.252420+00:00,UNO,"ST,1794824,YYRR,C,0,0,210",6,71a8b96
2026-10-07T17:44:10.212497+00:00,2026-10-07T18:14:07.428421+00:00,UNO,"ST,1795000,YYRR,C,0,0,210",6,71a8b96
2026-10-07T17:44:10.212497+00:00,2026-10-07T18:14:07.928482+00:00,UNO,"ST,1795500,YYRR,C,0,0,210",6,71a8b96
2026-10-07T17:44:10.212497+00:00,2026-10-07T18:14:08.428883+00:00,UNO,"ST,1796000,YYRR,C,0,0,210",6,71a8b96
2026-10-07T17:44:10.212497+00:00,2026-10-07T18:14:08.928584+00:00,UNO,"ST,1796500,YYRR,C,0,0,210",6,71a8b96
2026-10-07T17:44:10.212497+00:00,2026-10-07T18:14:09.252645+00:00,UNO,"ST,1796824,RRRR,C,0,0,210",6,71a8b96
2026-10-07T17:44:10.212497+00:00,2026-10-07T18:14:09.428663+00:00,UNO,"ST,1797000,RRRR,C,0,0,210",6,71a8b96
2026-10-07T17:44:10.212497+00:00,2026-10-07T18:14:09.929701+00:00,UNO,"ST,1797500,RRRR,C,0,0,210",6,71a8b96
2026-10-07T17:44:10.212497+00:00,2026-10-07T18:14:10.253118+00:00,UNO,"ST,1797824,RRGG,C,0,0,210",6,71a8b96
2026-10-07T17:44:10.212497+00:00,2026-10-07T18:14:10.429120+00:00,UNO,"ST,1798000,RRGG,C,0,0,210",6,71a8b96
2026-10-07T17:44:10.212497+00:00,2026-10-07T18:14:10.929192+00:00,UNO,"ST,1798500,RRGG,C,0,0,210",6,71a8b96
2026-10-07T17:44:10.212497+00:00,2026-10-07T18:14:11.428881+00:00,UNO,"ST,1799000,RRGG,C,0,0,210",6,71a8b96
2026-10-07T17:44:10.212497+00:00,2026-10-07T18:14:11.929951+00:00,UNO,"ST,1799500,RRGG,C,0,0,210",6,71a8b96
2026-10-07T17:44:10.212497+00:00,2026-10-07T18:14:12.430016+00:00,UNO,"ST,1800000,RRGG,C,0,0,210",6,71a8b96
2026-10-07T17:44:10.212497+00:00,2026-10-07T18:14:12.930053+00:00,UNO,"ST,1800500,RRGG,C,0,0,210",6,71a8b96
2026-10-07T17:44:10.212497+00:00,2026-10-07T18:14:13.254458+00:00,UNO,"ST,1800824,RRYY,C,0,0,210",6,71a8b96
2026-10-07T17:44:10.212497+00:00,2026-10-07T18:14:13.430473+00:00,UNO,"ST,1801000,RRYY,C,0,0,210",6,71a8b96
2026-10-07T17:44:10.212497+00:00,2026-10-07T18:14:13.930526+00:00,UNO,"ST,1801500,RRYY,C,0,0,210",6,71a8b96
2026-10-07T17:44:10.212497+00:00,2026-10-07T18:14:14.430254+00:00,UNO,"ST,1802000,RRYY,C,0,0,210",6,71a8b96
2026-10-07T17:44:10.212497+00:00,2026-10-07T18:14:14.930299+00:00,UNO,"ST,1802500,RRYY,C,0,0,210",6,71a8b96
2026-10-07T17:44:10.212497+00:00,2026-10-07T18:14:15.254693+00:00,UNO,"ST,1802824,RRRR,C,0,0,210",6,71a8b96
2026-10-07T17:44:10.212497+00:00,2026-10-07T18:14:15.430715+00:00,UNO,"ST,1803000,RRRR,C,0,0,210",6,71a8b96
2026-10-07T17:44:10.212497+00:00,2026-10-07T18:14:15.930778+00:00,UNO,"ST,1803500,RRRR,C,0,0,210",6,71a8b96
2026-10-07T17:44:10.212497+00:00,2026-10-07T18:14:16.254457+00:00,UNO,"ST,1803824,GGRR,C,0,0,210",6,71a8b96
2026-10-07T17:44:10.212497+00:00,2026-10-07T18:14:16.430501+00:00,UNO,"ST,1804000,GGRR,C,0,0,210",6,71a8b96
2026-10-07T17:44:10.212497+00:00,2026-10-07T18:14:16.931517+00:00,UNO,"ST,1804500,GGRR,C,0,0,210",6,71a8b96
2026-10-07T17:44:10.212497+00:00,2026-10-07T18:14:17.431668+00:00,UNO,"ST,1805000,GGRR,C,0,0,210",6,71a8b96
2026-10-07T17:44:10.212497+00:00,2026-10-07T18:14:17.930979+00:00,UNO,"ST,1805500,GGRR,C,0,0,210",6,71a8b96
2026-10-07T17:44:10.212497+00:00,2026-10-07T18:14:18.431069+00:00,UNO,"ST,1806000,GGRR,C,0,0,210",6,71a8b96
2026-10-07T17:44:10.212497+00:00,2026-10-07T18:14:18.931782+00:00,UNO,"ST,1806500,GGRR,C,0,0,210",6,71a8b96
2026-10-07T17:44:10.212497+00:00,2026-10-07T18:14:19.255789+00:00,UNO,"ST,1806824,YYRR,C,0,0,210",6,71a8b96
2026-10-07T17:44:10.212497+00:00,2026-10-07T18:14:19.431832+00:00,UNO,"ST,1807000,YYRR,C,0,0,210",6,71a8b96
2026-10-07T17:44:10.212497+00:00,2026-10-07T18:14:19.931889+00:00,UNO,"ST,1807500,YYRR,C,0,0,210",6,71a8b96
2026-10-07T17:44:10.212497+00:00,2026-10-07T18:14:20.431276+00:00,UNO,"ST,1808000,YYRR,C,0,0,210",6,71a8b96
2026-10-07T17:44:10.212497+00:00,2026-10-07T18:14:20.932344+00:00,UNO,"ST,1808500,YYRR,C,0,0,210",6,71a8b96
2026-10-07T17:44:10.212497+00:00,2026-10-07T18:14:21.256041+00:00,UNO,"ST,1808824,RRRR,C,0,0,210",6,71a8b96
2026-10-07T17:44:10.212497+00:00,2026-10-07T18:14:21.432064+00:00,UNO,"ST,1809000,RRRR,C,0,0,210",6,71a8b96
2026-10-07T17:44:10.212497+00:00,2026-10-07T18:14:21.932107+00:00,UNO,"ST,1809500,RRRR,C,0,0,210",6,71a8b96
2026-10-07T17:44:10.212497+00:00,2026-10-07T18:14:22.257168+00:00,UNO,"ST,1809824,RRGG,C,0,0,210",6,71a8b96
2026-10-07T17:44:10.212497+00:00,2026-10-07T18:14:22.433188+00:00,UNO,"ST,1810000,RRGG,C,0,0,210",6,71a8b96
2026-10-07T17:44:10.212497+00:00,2026-10-07T18:14:22.932571+00:00,UNO,"ST,1810500,RRGG,C,0,0,210",6,71a8b96
2026-10-07T17:44:10.212497+00:00,2026-10-07T18:14:23.432764+00:00,UNO,"ST,1811000,RRGG,C,0,0,210",6,71a8b96
2026-10-07T17:44:10.212497+00:00,2026-10-07T18:14:23.932370+00:00,UNO,"ST,1811500,RRGG,C,0,0,210",6,71a8b96
2026-10-07T17:44:10.212497+00:00,2026-10-07T18:14:24.433412+00:00,UNO,"ST,1812000,RRGG,C,0,0,210",6,71a8b96
2026-10-07T17:44:10.212497+00:00,2026-10-07T18:14:24.932820+00:00,UNO,"ST,1812500,RRGG,C,0,0,210",6,71a8b96
2026-10-07T17:44:10.212497+00:00,2026-10-07T18:14:25.256840+00:00,UNO,"ST,1812824,RRYY,C,0,0,210",6,71a8b96
2026-10-07T17:44:10.212497+00:00,2026-10-07T18:14:25.432880+00:00,UNO,"ST,1813000,RRYY,C,0,0,210",6,71a8b96
2026-10-07T17:44:10.212497+00:00,2026-10-07T18:14:25.933574+00:00,UNO,"ST,1813500,RRYY,C,0,0,210",6,71a8b96
2026-10-07T17:44:10.212497+00:00,2026-10-07T18:14:26.433632+00:00,UNO,"ST,1814000,RRYY,C,0,0,210",6,71a8b96
2026-10-07T17:44:10.212497+00:00,2026-10-07T18:14:26.933727+00:00,UNO,"ST,1814500,RRYY,C,0,0,210",6,71a8b96
2026-10-07T17:44:10.212497+00:00,2026-10-07T18:14:27.258089+00:00,UNO,"ST,1814824,RRRR,C,0,0,210",6,71a8b96
2026-10-07T17:44:10.212497+00:00,2026-10-07T18:14:27.433093+00:00,UNO,"ST,1815000,RRRR,C,0,0,210",6,71a8b96
2026-10-07T17:44:10.212497+00:00,2026-10-07T18:14:27.934170+00:00,UNO,"ST,1815500,RRRR,C,0,0,210",6,71a8b96
2026-10-07T17:44:10.212497+00:00,2026-10-07T18:14:28.257850+00:00,UNO,"ST,1815824,GGRR,C,0,0,210",6,71a8b96
2026-10-07T17:44:10.212497+00:00,2026-10-07T18:14:28.434209+00:00,UNO,"ST,1816000,GGRR,C,0,0,210",6,71a8b96
2026-10-07T17:44:10.212497+00:00,2026-10-07T18:14:28.933969+00:00,UNO,"ST,1816500,GGRR,C,0,0,210",6,71a8b96
2026-10-07T17:44:10.212497+00:00,2026-10-07T18:14:29.434977+00:00,UNO,"ST,1817000,GGRR,C,0,0,210",6,71a8b96
2026-10-07T17:44:10.212497+00:00,2026-10-07T18:14:29.934381+00:00,UNO,"ST,1817500,GGRR,C,0,0,210",6,71a8b96
2026-10-07T17:44:10.212497+00:00,2026-10-07T18:14:30.434460+00:00,UNO,"ST,1818000,GGRR,C,0,0,210",6,71a8b96
2026-10-07T17:44:10.212497+00:00,2026-10-07T18:14:30.934228+00:00,UNO,"ST,1818500,GGRR,C,0,0,210",6,71a8b96
2026-10-07T17:44:10.212497+00:00,2026-10-07T18:14:31.259289+00:00,UNO,"ST,1818824,YYRR,C,0,0,210",6,71a8b96
2026-10-07T17:44:10.212497+00:00,2026-10-07T18:14:31.435224+00:00,UNO,"ST,1819000,YYRR,C,0,0,210",6,71a8b96
2026-10-07T17:44:10.212497+00:00,2026-10-07T18:14:31.935268+00:00,UNO,"ST,1819500,YYRR,C,0,0,210",6,71a8b96
2026-10-07T17:44:10.212497+00:00,2026-10-07T18:14:32.434704+00:00,UNO,"ST,1820000,YYRR,C,0,0,210",6,71a8b96
2026-10-07T17:44:10.212497+00:00,2026-10-07T18:14:32.935728+00:00,UNO,"ST,1820500,YYRR,C,0,0,210",6,71a8b96
2026-10-07T17:44:10.212497+00:00,2026-10-07T18:14:33.259421+00:00,UNO,"ST,1820824,RRRR,C,0,0,210",6,71a8b96
2026-10-07T17:44:10.212497+00:00,2026-10-07T18:14:33.435546+00:00,UNO,"ST,1821000,RRRR,C,0,0,210",6,71a8b96
2026-10-07T17:44:10.212497+00:00,2026-10-07T18:14:33.935512+00:00,UNO,"ST,1821500,RRRR,C,0,0,210",6,71a8b96
2026-10-07T17:44:10.212497+00:00,2026-10-07T18:14:34.259551+00:00,UNO,"ST,1821824,RRGG,C,0,0,210",6,71a8b96
2026-10-07T17:44:10.212497+00:00,2026-10-07T18:14:34.435578+00:00,UNO,"ST,1822000,RRGG,C,0,0,210",6,71a8b96
2026-10-07T17:44:10.212497+00:00,2026-10-07T18:14:34.936052+00:00,UNO,"ST,1822500,RRGG,C,0,0,210",6,71a8b96
2026-10-07T17:44:10.212497+00:00,2026-10-07T18:14:35.435693+00:00,UNO,"ST,1823000,RRGG,C,0,0,210",6,71a8b96
2026-10-07T17:44:10.212497+00:00,2026-10-07T18:14:35.935736+00:00,UNO,"ST,1823500,RRGG,C,0,0,210",6,71a8b96
2026-10-07T17:44:10.212497+00:00,2026-10-07T18:14:36.435795+00:00,UNO,"ST,1824000,RRGG,C,0,0,210",6,71a8b96
2026-10-07T17:44:10.212497+00:00,2026-10-07T18:14:36.936873+00:00,UNO,"ST,1824500,RRGG,C,0,0,210",6,71a8b96
2026-10-07T17:44:10.212497+00:00,2026-10-07T18:14:37.260260+00:00,UNO,"ST,1824824,RRYY,C,0,0,210",6,71a8b96
2026-10-07T17:44:10.212497+00:00,2026-10-07T18:14:37.436279+00:00,UNO,"ST,1825000,RRYY,C,0,0,210",6,71a8b96
2026-10-07T17:44:10.212497+00:00,2026-10-07T18:14:37.935986+00:00,UNO,"ST,1825500,RRYY,C,0,0,210",6,71a8b96
2026-10-07T17:44:10.212497+00:00,2026-10-07T18:14:38.437037+00:00,UNO,"ST,1826000,RRYY,C,0,0,210",6,71a8b96
2026-10-07T17:44:10.212497+00:00,2026-10-07T18:14:38.937105+00:00,UNO,"ST,1826500,RRYY,C,0,0,210",6,71a8b96
2026-10-07T17:44:10.212497+00:00,2026-10-07T18:14:39.261144+00:00,UNO,"ST,1826824,RRRR,C,0,0,210",6,71a8b96
2026-10-07T17:44:10.212497+00:00,2026-10-07T18:14:39.437144+00:00,UNO,"ST,1827000,RRRR,C,0,0,210",6,71a8b96
2026-10-07T17:44:10.212497+00:00,2026-10-07T18:14:39.936548+00:00,UNO,"ST,1827500,RRRR,C,0,0,210",6,71a8b96
2026-10-07T17:44:10.212497+00:00,2026-10-07T18:14:40.261635+00:00,UNO,"ST,1827824,GGRR,C,0,0,210",6,71a8b96
2026-10-07T17:44:10.212497+00:00,2026-10-07T18:14:40.437276+00:00,UNO,"ST,1828000,GGRR,C,0,0,210",6,71a8b96
2026-10-07T17:44:10.212497+00:00,2026-10-07T18:14:40.937311+00:00,UNO,"ST,1828500,GGRR,C,0,0,210",6,71a8b96
2026-10-07T17:44:10.212497+00:00,2026-10-07T18:14:41.437387+00:00,UNO,"ST,1829000,GGRR,C,0,0,210",6,71a8b96
2026-10-07T17:44:10.212497+00:00,2026-10-07T18:14:41.938445+00:00,UNO,"ST,1829500,GGRR,C,0,0,210",6,71a8b96
2026-10-07T17:44:10.212497+00:00,2026-10-07T18:14:42.437892+00:00,UNO,"ST,1830000,GGRR,C,0,0,210",6,71a8b96
2026-10-07T17:44:10.212497+00:00,2026-10-07T18:14:42.937553+00:00,UNO,"ST,1830500,GGRR,C,0,0,210",6,71a8b96
2026-10-07T17:44:10.212497+00:00,2026-10-07T18:14:43.262605+00:00,UNO,"ST,1830824,YYRR,C,0,0,210",6,71a8b96
2026-10-07T17:44:10.212497+00:00,2026-10-07T18:14:43.437648+00:00,UNO,"ST,1831000,YYRR,C,0,0,210",6,71a8b96
2026-10-07T17:44:10.212497+00:00,2026-10-07T18:14:43.938673+00:00,UNO,"ST,1831500,YYRR,C,0,0,210",6,71a8b96
2026-10-07T17:44:10.212497+00:00,2026-10-07T18:14:44.438079+00:00,UNO,"ST,1832000,YYRR,C,0,0,210",6,71a8b96
2026-10-07T17:44:10.212497+00:00,2026-10-07T18:14:44.938158+00:00,UNO,"ST,1832500,YYRR,C,0,0,210",6,71a8b96
2026-10-07T17:44:10.212497+00:00,2026-10-07T18:14:45.262844+00:00,UNO,"ST,1832824,RRRR,C,0,0,210",6,71a8b96
2026-10-07T17:44:10.212497+00:00,2026-10-07T18:14:45.438867+00:00,UNO,"ST,1833000,RRRR,C,0,0,210",6,71a8b96
2026-10-07T17:44:10.212497+00:00,2026-10-07T18:14:45.938924+00:00,UNO,"ST,1833500,RRRR,C,0,0,210",6,71a8b96
2026-10-07T17:44:10.212497+00:00,2026-10-07T18:14:46.262301+00:00,UNO,"ST,1833824,RRGG,C,0,0,210",6,71a8b96
2026-10-07T17:44:10.212497+00:00,2026-10-07T18:14:46.438990+00:00,UNO,"ST,1834000,RRGG,C,0,0,210",6,71a8b96
2026-10-07T17:44:10.212497+00:00,2026-10-07T18:14:46.938378+00:00,UNO,"ST,1834500,RRGG,C,0,0,210",6,71a8b96
2026-10-07T17:44:10.212497+00:00,2026-10-07T18:14:47.439424+00:00,UNO,"ST,1835000,RRGG,C,0,0,210",6,71a8b96
2026-10-07T17:44:10.212497+00:00,2026-10-07T18:14:47.939152+00:00,UNO,"ST,1835500,RRGG,C,0,0,210",6,71a8b96
2026-10-07T17:44:10.212497+00:00,2026-10-07T18:14:48.439200+00:00,UNO,"ST,1836000,RRGG,C,0,0,210",6,71a8b96
2026-10-07T17:44:10.212497+00:00,2026-10-07T18:14:48.940260+00:00,UNO,"ST,1836500,RRGG,C,0,0,210",6,71a8b96
2026-10-07T17:44:10.212497+00:00,2026-10-07T18:14:49.263654+00:00,UNO,"ST,1836824,RRYY,C,0,0,210",6,71a8b96
2026-10-07T17:44:10.212497+00:00,2026-10-07T18:14:49.439659+00:00,UNO,"ST,1837000,RRYY,C,0,0,210",6,71a8b96
2026-10-07T17:44:10.212497+00:00,2026-10-07T18:14:49.939712+00:00,UNO,"ST,1837500,RRYY,C,0,0,210",6,71a8b96
2026-10-07T17:44:10.212497+00:00,2026-10-07T18:14:50.439430+00:00,UNO,"ST,1838000,RRYY,C,0,0,210",6,71a8b96
2026-10-07T17:44:10.212497+00:00,2026-10-07T18:14:50.940488+00:00,UNO,"ST,1838500,RRYY,C,0,0,210",6,71a8b96
2026-10-07T17:44:10.212497+00:00,2026-10-07T18:14:51.263877+00:00,UNO,"ST,1838824,RRRR,C,0,0,210",6,71a8b96
2026-10-07T17:44:10.212497+00:00,2026-10-07T18:14:51.440550+00:00,UNO,"ST,1839000,RRRR,C,0,0,210",6,71a8b96
2026-10-07T17:44:10.212497+00:00,2026-10-07T18:14:51.939947+00:00,UNO,"ST,1839500,RRRR,C,0,0,210",6,71a8b96
2026-10-07T17:44:10.212497+00:00,2026-10-07T18:14:52.264672+00:00,UNO,"ST,1839824,GGRR,C,0,0,210",6,71a8b96
2026-10-07T17:44:10.212497+00:00,2026-10-07T18:14:52.440031+00:00,UNO,"ST,1840000,GGRR,C,0,0,210",6,71a8b96
2026-10-07T17:44:10.212497+00:00,2026-10-07T18:14:52.940722+00:00,UNO,"ST,1840500,GGRR,C,0,0,210",6,71a8b96
2026-10-07T17:44:10.212497+00:00,2026-10-07T18:14:53.440830+00:00,UNO,"ST,1841000,GGRR,C,0,0,210",6,71a8b96
2026-10-07T17:44:10.212497+00:00,2026-10-07T18:14:53.940851+00:00,UNO,"ST,1841500,GGRR,C,0,0,210",6,71a8b96
2026-10-07T17:44:10.212497+00:00,2026-10-07T18:14:54.441242+00:00,UNO,"ST,1842000,GGRR,C,0,0,210",6,71a8b96
2026-10-07T17:44:10.212497+00:00,2026-10-07T18:14:54.941309+00:00,UNO,"ST,1842500,GGRR,C,0,0,210",6,71a8b96
2026-10-07T17:44:10.212497+00:00,2026-10-07T18:14:55.264999+00:00,UNO,"ST,1842824,YYRR,C,0,0,210",6,71a8b96
2026-10-07T17:44:10.212497+00:00,2026-10-07T18:14:55.441007+00:00,UNO,"ST,1843000,YYRR,C,0,0,210",6,71a8b96
2026-10-07T17:44:10.212497+00:00,2026-10-07T18:14:55.941066+00:00,UNO,"ST,1843500,YYRR,C,0,0,210",6,71a8b96
2026-10-07T17:44:10.212497+00:00,2026-10-07T18:14:56.442137+00:00,UNO,"ST,1844000,YYRR,C,0,0,210",6,71a8b96
2026-10-07T17:44:10.212497+00:00,2026-10-07T18:14:56.941529+00:00,UNO,"ST,1844500,YYRR,C,0,0,210",6,71a8b96
2026-10-07T17:44:10.212497+00:00,2026-10-07T18:14:57.265240+00:00,UNO,"ST,1844824,RRRR,C,0,0,210",6,71a8b96
2026-10-07T17:44:10.212497+00:00,2026-10-07T18:14:57.441255+00:00,UNO,"ST,1845000,RRRR,C,0,0,210",6,71a8b96
2026-10-07T17:44:10.212497+00:00,2026-10-07T18:14:57.942308+00:00,UNO,"ST,1845500,RRRR,C,0,0,210",6,71a8b96
2026-10-07T17:44:10.212497+00:00,2026-10-07T18:14:58.266337+00:00,UNO,"ST,1845824,RRGG,C,0,0,210",6,71a8b96
2026-10-07T17:44:10.212497+00:00,2026-10-07T18:14:58.442370+00:00,UNO,"ST,1846000,RRGG,C,0,0,210",6,71a8b96
2026-10-07T17:44:10.212497+00:00,2026-10-07T18:14:58.941767+00:00,UNO,"ST,1846500,RRGG,C,0,0,210",6,71a8b96
2026-10-07T17:44:10.212497+00:00,2026-10-07T18:14:59.441843+00:00,UNO,"ST,1847000,RRGG,C,0,0,210",6,71a8b96
2026-10-07T17:44:10.212497+00:00,2026-10-07T18:14:59.942531+00:00,UNO,"ST,1847500,RRGG,C,0,0,210",6,71a8b96
2026-10-07T17:44:10.212497+00:00,2026-10-07T18:15:00.442601+00:00,UNO,"ST,1848000,RRGG,C,0,0,210",6,71a8b96
2026-10-07T17:44:10.212497+00:00,2026-10-07T18:15:00.942643+00:00,UNO,"ST,1848500,RRGG,C,0,0,210",6,71a8b96
2026-10-07T17:44:10.212497+00:00,2026-10-07T18:15:01.267055+00:00,UNO,"ST,1848824,RRYY,C,0,0,210",6,71a8b96
2026-10-07T17:44:10.212497+00:00,2026-10-07T18:15:01.443092+00:00,UNO,"ST,1849000,RRYY,C,0,0,210",6,71a8b96
2026-10-07T17:44:10.212497+00:00,2026-10-07T18:15:01.943112+00:00,UNO,"ST,1849500,RRYY,C,0,0,210",6,71a8b96
2026-10-07T17:44:10.212497+00:00,2026-10-07T18:15:02.442851+00:00,UNO,"ST,1850000,RRYY,C,0,0,210",6,71a8b96
2026-10-07T17:44:10.212497+00:00,2026-10-07T18:15:02.942884+00:00,UNO,"ST,1850500,RRYY,C,0,0,210",6,71a8b96
2026-10-07T17:44:10.212497+00:00,2026-10-07T18:15:03.267935+00:00,UNO,"ST,1850824,RRRR,C,0,0,210",6,71a8b96
2026-10-07T17:44:10.212497+00:00,2026-10-07T18:15:03.443982+00:00,UNO,"ST,1851000,RRRR,C,0,0,210",6,71a8b96
2026-10-07T17:44:10.212497+00:00,2026-10-07T18:15:03.944001+00:00,UNO,"ST,1851500,RRRR,C,0,0,210",6,71a8b96
2026-10-07T17:44:10.212497+00:00,2026-10-07T18:15:04.267043+00:00,UNO,"ST,1851824,GGRR,C,0,0,210",6,71a8b96
2026-10-07T17:44:10.212497+00:00,2026-10-07T18:15:04.443414+00:00,UNO,"ST,1852000,GGRR,C,0,0,210",6,71a8b96
2026-10-07T17:44:10.212497+00:00,2026-10-07T18:15:04.944112+00:00,UNO,"ST,1852500,GGRR,C,0,0,210",6,71a8b96
2026-10-07T17:44:10.212497+00:00,2026-10-07T18:15:05.444189+00:00,UNO,"ST,1853000,GGRR,C,0,0,210",6,71a8b96
2026-10-07T17:44:10.212497+00:00,2026-10-07T18:15:05.944229+00:00,UNO,"ST,1853500,GGRR,C,0,0,210",6,71a8b96
2026-10-07T17:44:10.212497+00:00,2026-10-07T18:15:06.443647+00:00,UNO,"ST,1854000,GGRR,C,0,0,210",6,71a8b96
2026-10-07T17:44:10.212497+00:00,2026-10-07T18:15:06.944712+00:00,UNO,"ST,1854500,GGRR,C,0,0,210",6,71a8b96
2026-10-07T17:44:10.212497+00:00,2026-10-07T18:15:07.268418+00:00,UNO,"ST,1854824,YYRR,C,0,0,210",6,71a8b96
2026-10-07T17:44:10.212497+00:00,2026-10-07T18:15:07.444419+00:00,UNO,"ST,1855000,YYRR,C,0,0,210",6,71a8b96
2026-10-07T17:44:10.212497+00:00,2026-10-07T18:15:07.944465+00:00,UNO,"ST,1855500,YYRR,C,0,0,210",6,71a8b96
2026-10-07T17:44:10.212497+00:00,2026-10-07T18:15:08.444522+00:00,UNO,"ST,1856000,YYRR,C,0,0,210",6,71a8b96
2026-10-07T17:44:10.212497+00:00,2026-10-07T18:15:08.944928+00:00,UNO,"ST,1856500,YYRR,C,0,0,210",6,71a8b96
2026-10-07T17:44:10.212497+00:00,2026-10-07T18:15:09.268627+00:00,UNO,"ST,1856824,RRRR,C,0,0,210",6,71a8b96
2026-10-07T17:44:10.212497+00:00,2026-10-07T18:15:09.444682+00:00,UNO,"ST,1857000,RRRR,C,0,0,210",6,71a8b96
2026-10-07T17:44:10.212497+00:00,2026-10-07T18:15:09.944701+00:00,UNO,"ST,1857500,RRRR,C,0,0,210",6,71a8b96
2026-10-07T17:44:10.212497+00:00,2026-10-07T18:15:10.269778+00:00,UNO,"ST,1857824,RRGG,C,0,0,210",6,71a8b96
2026-10-07T17:44:10.212497+00:00,2026-10-07T18:15:10.445770+00:00,UNO,"ST,1858000,RRGG,C,0,0,210",6,71a8b96
2026-10-07T17:44:10.212497+00:00,2026-10-07T18:15:10.945814+00:00,UNO,"ST,1858500,RRGG,C,0,0,210",6,71a8b96
2026-10-07T17:44:10.212497+00:00,2026-10-07T18:15:11.445232+00:00,UNO,"ST,1859000,RRGG,C,0,0,210",6,71a8b96
2026-10-07T17:44:10.212497+00:00,2026-10-07T18:15:11.945285+00:00,UNO,"ST,1859500,RRGG,C,0,0,210",6,71a8b96
2026-10-07T17:44:10.212497+00:00,2026-10-07T18:15:12.446015+00:00,UNO,"ST,1860000,RRGG,C,0,0,210",6,71a8b96
2026-10-07T17:44:10.212497+00:00,2026-10-07T18:15:12.946053+00:00,UNO,"ST,1860500,RRGG,C,0,0,210",6,71a8b96
2026-10-07T17:44:10.212497+00:00,2026-10-07T18:15:13.269441+00:00,UNO,"ST,1860824,RRYY,C,0,0,210",6,71a8b96
2026-10-07T17:44:10.212497+00:00,2026-10-07T18:15:13.445479+00:00,UNO,"ST,1861000,RRYY,C,0,0,210",6,71a8b96
2026-10-07T17:44:10.212497+00:00,2026-10-07T18:15:13.946534+00:00,UNO,"ST,1861500,RRYY,C,0,0,210",6,71a8b96
2026-10-07T17:44:10.212497+00:00,2026-10-07T18:15:14.446234+00:00,UNO,"ST,1862000,RRYY,C,0,0,210",6,71a8b96
2026-10-07T17:44:10.212497+00:00,2026-10-07T18:15:14.946279+00:00,UNO,"ST,1862500,RRYY,C,0,0,210",6,71a8b96
2026-10-07T17:44:10.212497+00:00,2026-10-07T18:15:15.271330+00:00,UNO,"ST,1862824,RRRR,C,0,0,210",6,71a8b96
2026-10-07T17:44:10.212497+00:00,2026-10-07T18:15:15.446352+00:00,UNO,"ST,1863000,RRRR,C,0,0,210",6,71a8b96
2026-10-07T17:44:10.212497+00:00,2026-10-07T18:15:15.946782+00:00,UNO,"ST,1863500,RRRR,C,0,0,210",6,71a8b96
2026-10-07T17:44:10.212497+00:00,2026-10-07T18:15:16.270801+00:00,UNO,"ST,1863824,GGRR,C,0,0,210",6,71a8b96
2026-10-07T17:44:10.212497+00:00,2026-10-07T18:15:16.446827+00:00,UNO,"ST,1864000,GGRR,C,0,0,210",6,71a8b96
2026-10-07T17:44:10.212497+00:00,2026-10-07T18:15:16.946538+00:00,UNO,"ST,1864500,GGRR,C,0,0,210",6,71a8b96
2026-10-07T17:44:10.212497+00:00,2026-10-07T18:15:17.447590+00:00,UNO,"ST,1865000,GGRR,C,0,0,210",6,71a8b96
2026-10-07T17:44:10.212497+00:00,2026-10-07T18:15:17.947639+00:00,UNO,"ST,1865500,GGRR,C,0,0,210",6,71a8b96
2026-10-07T17:44:10.212497+00:00,2026-10-07T18:15:18.447068+00:00,UNO,"ST,1866000,GGRR,C,0,0,210",6,71a8b96
2026-10-07T17:44:10.212497+00:00,2026-10-07T18:15:18.947125+00:00,UNO,"ST,1866500,GGRR,C,0,0,210",6,71a8b96
2026-10-07T17:44:10.212497+00:00,2026-10-07T18:15:19.271791+00:00,UNO,"ST,1866824,YYRR,C,0,0,210",6,71a8b96
2026-10-07T17:44:10.212497+00:00,2026-10-07T18:15:19.447814+00:00,UNO,"ST,1867000,YYRR,C,0,0,210",6,71a8b96
2026-10-07T17:44:10.212497+00:00,2026-10-07T18:15:19.947876+00:00,UNO,"ST,1867500,YYRR,C,0,0,210",6,71a8b96
2026-10-07T17:44:10.212497+00:00,2026-10-07T18:15:20.447300+00:00,UNO,"ST,1868000,YYRR,C,0,0,210",6,71a8b96
2026-10-07T17:44:10.212497+00:00,2026-10-07T18:15:20.948331+00:00,UNO,"ST,1868500,YYRR,C,0,0,210",6,71a8b96
2026-10-07T17:44:10.212497+00:00,2026-10-07T18:15:21.272038+00:00,UNO,"ST,1868824,RRRR,C,0,0,210",6,71a8b96
2026-10-07T17:44:10.212497+00:00,2026-10-07T18:15:21.448409+00:00,UNO,"ST,1869000,RRRR,C,0,0,210",6,71a8b96
2026-10-07T17:44:10.212497+00:00,2026-10-07T18:15:21.948108+00:00,UNO,"ST,1869500,RRRR,C,0,0,210",6,71a8b96
2026-10-07T17:44:10.212497+00:00,2026-10-07T18:15:22.272167+00:00,UNO,"ST,1869824,RRGG,C,0,0,210",6,71a8b96
2026-10-07T17:44:10.212497+00:00,2026-10-07T18:15:22.448168+00:00,UNO,"ST,1870000,RRGG,C,0,0,210",6,71a8b96
2026-10-07T17:44:10.212497+00:00,2026-10-07T18:15:22.948571+00:00,UNO,"ST,1870500,RRGG,C,0,0,210",6,71a8b96
2026-10-07T17:44:10.212497+00:00,2026-10-07T18:15:23.448642+00:00,UNO,"ST,1871000,RRGG,C,0,0,210",6,71a8b96
2026-10-07T17:44:10.212497+00:00,2026-10-07T18:15:23.948432+00:00,UNO,"ST,1871500,RRGG,C,0,0,210",6,71a8b96
2026-10-07T17:44:10.212497+00:00,2026-10-07T18:15:24.448388+00:00,UNO,"ST,1872000,RRGG,C,0,0,210",6,71a8b96
2026-10-07T17:44:10.212497+00:00,2026-10-07T18:15:24.949454+00:00,UNO,"ST,1872500,RRGG,C,0,0,210",6,71a8b96
2026-10-07T17:44:10.212497+00:00,2026-10-07T18:15:25.272848+00:00,UNO,"ST,1872824,RRYY,C,0,0,210",6,71a8b96
2026-10-07T17:44:10.212497+00:00,2026-10-07T18:15:25.449532+00:00,UNO,"ST,1873000,RRYY,C,0,0,210",6,71a8b96
2026-10-07T17:44:10.212497+00:00,2026-10-07T18:15:25.948914+00:00,UNO,"ST,1873500,RRYY,C,0,0,210",6,71a8b96
2026-10-07T17:44:10.212497+00:00,2026-10-07T18:15:26.449620+00:00,UNO,"ST,1874000,RRYY,C,0,0,210",6,71a8b96
2026-10-07T17:44:10.212497+00:00,2026-10-07T18:15:26.949690+00:00,UNO,"ST,1874500,RRYY,C,0,0,210",6,71a8b96
2026-10-07T17:44:10.212497+00:00,2026-10-07T18:15:27.273719+00:00,UNO,"ST,1874824,RRRR,C,0,0,210",6,71a8b96
2026-10-07T17:44:10.212497+00:00,2026-10-07T18:15:27.449749+00:00,UNO,"ST,1875000,RRRR,C,0,0,210",6,71a8b96
2026-10-07T17:44:10.212497+00:00,2026-10-07T18:15:27.949166+00:00,UNO,"ST,1875500,RRRR,C,0,0,210",6,71a8b96
2026-10-07T17:44:10.212497+00:00,2026-10-07T18:15:28.274196+00:00,UNO,"ST,1875824,GGRR,C,0,0,210",6,71a8b96
2026-10-07T17:44:10.212497+00:00,2026-10-07T18:15:28.450283+00:00,UNO,"ST,1876000,GGRR,C,0,0,210",6,71a8b96
2026-10-07T17:44:10.212497+00:00,2026-10-07T18:15:28.949920+00:00,UNO,"ST,1876500,GGRR,C,0,0,210",6,71a8b96
2026-10-07T17:44:10.212497+00:00,2026-10-07T18:15:29.449972+00:00,UNO,"ST,1877000,GGRR,C,0,0,210",6,71a8b96
2026-10-07T17:44:10.212497+00:00,2026-10-07T18:15:29.951047+00:00,UNO,"ST,1877500,GGRR,C,0,0,210",6,71a8b96
2026-10-07T17:44:10.212497+00:00,2026-10-07T18:15:30.451105+00:00,UNO,"ST,1878000,GGRR,C,0,0,210",6,71a8b96
2026-10-07T17:44:10.212497+00:00,2026-10-07T18:15:30.950515+00:00,UNO,"ST,1878500,GGRR,C,0,0,210",6,71a8b96
2026-10-07T17:44:10.212497+00:00,2026-10-07T18:15:31.275206+00:00,UNO,"ST,1878824,YYRR,C,0,0,210",6,71a8b96
2026-10-07T17:44:10.212497+00:00,2026-10-07T18:15:31.450240+00:00,UNO,"ST,1879000,YYRR,C,0,0,210",6,71a8b96
2026-10-07T17:44:10.212497+00:00,2026-10-07T18:15:31.951270+00:00,UNO,"ST,1879500,YYRR,C,0,0,210",6,71a8b96
2026-10-07T17:44:10.212497+00:00,2026-10-07T18:15:32.451351+00:00,UNO,"ST,1880000,YYRR,C,0,0,210",6,71a8b96
2026-10-07T17:44:10.212497+00:00,2026-10-07T18:15:32.950728+00:00,UNO,"ST,1880500,YYRR,C,0,0,210",6,71a8b96
2026-10-07T17:44:10.212497+00:00,2026-10-07T18:15:33.275427+00:00,UNO,"ST,1880824,RRRR,C,0,0,210",6,71a8b96
2026-10-07T17:44:10.212497+00:00,2026-10-07T18:15:33.451475+00:00,UNO,"ST,1881000,RRRR,C,0,0,210",6,71a8b96
2026-10-07T17:44:10.212497+00:00,2026-10-07T18:15:33.951494+00:00,UNO,"ST,1881500,RRRR,C,0,0,210",6,71a8b96
2026-10-07T17:44:10.212497+00:00,2026-10-07T18:15:34.275538+00:00,UNO,"ST,1881824,RRGG,C,0,0,210",6,71a8b96
2026-10-07T17:44:10.212497+00:00,2026-10-07T18:15:34.451579+00:00,UNO,"ST,1882000,RRGG,C,0,0,210",6,71a8b96
2026-10-07T17:44:10.212497+00:00,2026-10-07T18:15:34.950968+00:00,UNO,"ST,1882500,RRGG,C,0,0,210",6,71a8b96
2026-10-07T17:44:10.212497+00:00,2026-10-07T18:15:35.452034+00:00,UNO,"ST,1883000,RRGG,C,0,0,210",6,71a8b96
2026-10-07T17:44:10.212497+00:00,2026-10-07T18:15:35.952089+00:00,UNO,"ST,1883500,RRGG,C,0,0,210",6,71a8b96
2026-10-07T17:44:10.212497+00:00,2026-10-07T18:15:36.451788+00:00,UNO,"ST,1884000,RRGG,C,0,0,210",6,71a8b96
2026-10-07T17:44:10.212497+00:00,2026-10-07T18:15:36.952855+00:00,UNO,"ST,1884500,RRGG,C,0,0,210",6,71a8b96
2026-10-07T17:44:10.212497+00:00,2026-10-07T18:15:37.276249+00:00,UNO,"ST,1884824,RRYY,C,0,0,210",6,71a8b96
2026-10-07T17:44:10.212497+00:00,2026-10-07T18:15:37.452271+00:00,UNO,"ST,1885000,RRYY,C,0,0,210",6,71a8b96
2026-10-07T17:44:10.212497+00:00,2026-10-07T18:15:37.952314+00:00,UNO,"ST,1885500,RRYY,C,0,0,210",6,71a8b96
2026-10-07T17:44:10.212497+00:00,2026-10-07T18:15:38.452034+00:00,UNO,"ST,1886000,RRYY,C,0,0,210",6,71a8b96
2026-10-07T17:44:10.212497+00:00,2026-10-07T18:15:38.953082+00:00,UNO,"ST,1886500,RRYY,C,0,0,210",6,71a8b96
2026-10-07T17:44:10.212497+00:00,2026-10-07T18:15:39.277133+00:00,UNO,"ST,1886824,RRRR,C,0,0,210",6,71a8b96
2026-10-07T17:44:10.212497+00:00,2026-10-07T18:15:39.453146+00:00,UNO,"ST,1887000,RRRR,C,0,0,210",6,71a8b96
2026-10-07T17:44:10.212497+00:00,2026-10-07T18:15:39.953206+00:00,UNO,"ST,1887500,RRRR,C,0,0,210",6,71a8b96
2026-10-07T17:44:10.212497+00:00,2026-10-07T18:15:40.277641+00:00,UNO,"ST,1887824,GGRR,C,0,0,210",6,71a8b96
2026-10-07T17:44:10.212497+00:00,2026-10-07T18:15:40.452626+00:00,UNO,"ST,1888000,GGRR,C,0,0,210",6,71a8b96
2026-10-07T17:44:10.212497+00:00,2026-10-07T18:15:40.953657+00:00,UNO,"ST,1888500,GGRR,C,0,0,210",6,71a8b96
2026-10-07T17:44:10.212497+00:00,2026-10-07T18:15:41.453425+00:00,UNO,"ST,1889000,GGRR,C,0,0,210",6,71a8b96
2026-10-07T17:44:10.212497+00:00,2026-10-07T18:15:41.953461+00:00,UNO,"ST,1889500,GGRR,C,0,0,210",6,71a8b96
2026-10-07T17:44:10.212497+00:00,2026-10-07T18:15:42.453871+00:00,UNO,"ST,1890000,GGRR,C,0,0,210",6,71a8b96
2026-10-07T17:44:10.212497+00:00,2026-10-07T18:15:42.953948+00:00,UNO,"ST,1890500,GGRR,C,0,0,210",6,71a8b96
2026-10-07T17:44:10.212497+00:00,2026-10-07T18:15:43.277608+00:00,UNO,"ST,1890824,YYRR,C,0,0,210",6,71a8b96
2026-10-07T17:44:10.212497+00:00,2026-10-07T18:15:43.453646+00:00,UNO,"ST,1891000,YYRR,C,0,0,210",6,71a8b96
2026-10-07T17:44:10.212497+00:00,2026-10-07T18:15:43.953741+00:00,UNO,"ST,1891500,YYRR,C,0,0,210",6,71a8b96
2026-10-07T17:44:10.212497+00:00,2026-10-07T18:15:44.454739+00:00,UNO,"ST,1892000,YYRR,C,0,0,210",6,71a8b96
2026-10-07T17:44:10.212497+00:00,2026-10-07T18:15:44.954128+00:00,UNO,"ST,1892500,YYRR,C,0,0,210",6,71a8b96
2026-10-07T17:44:10.212497+00:00,2026-10-07T18:15:45.277837+00:00,UNO,"ST,1892824,RRRR,C,0,0,210",6,71a8b96
2026-10-07T17:44:10.212497+00:00,2026-10-07T18:15:45.453871+00:00,UNO,"ST,1893000,RRRR,C,0,0,210",6,71a8b96
2026-10-07T17:44:10.212497+00:00,2026-10-07T18:15:45.954923+00:00,UNO,"ST,1893500,RRRR,C,0,0,210",6,71a8b96
2026-10-07T17:44:10.212497+00:00,2026-10-07T18:15:46.279564+00:00,UNO,"ST,1893824,RRGG,C,0,0,210",6,71a8b96
2026-10-07T17:44:10.212497+00:00,2026-10-07T18:15:46.454969+00:00,UNO,"ST,1894000,RRGG,C,0,0,210",6,71a8b96
2026-10-07T17:44:10.212497+00:00,2026-10-07T18:15:46.955040+00:00,UNO,"ST,1894500,RRGG,C,0,0,210",6,71a8b96
2026-10-07T17:44:10.212497+00:00,2026-10-07T18:15:47.454453+00:00,UNO,"ST,1895000,RRGG,C,0,0,210",6,71a8b96
2026-10-07T17:44:10.212497+00:00,2026-10-07T18:15:47.955502+00:00,UNO,"ST,1895500,RRGG,C,0,0,210",6,71a8b96
2026-10-07T17:44:10.212497+00:00,2026-10-07T18:15:48.455206+00:00,UNO,"ST,1896000,RRGG,C,0,0,210",6,71a8b96
2026-10-07T17:44:10.212497+00:00,2026-10-07T18:15:48.955255+00:00,UNO,"ST,1896500,RRGG,C,0,0,210",6,71a8b96
2026-10-07T17:44:10.212497+00:00,2026-10-07T18:15:49.280313+00:00,UNO,"ST,1896824,RRYY,C,0,0,210",6,71a8b96
2026-10-07T17:44:10.212497+00:00,2026-10-07T18:15:49.456316+00:00,UNO,"ST,1897000,RRYY,C,0,0,210",6,71a8b96
2026-10-07T17:44:10.212497+00:00,2026-10-07T18:15:49.955713+00:00,UNO,"ST,1897500,RRYY,C,0,0,210",6,71a8b96
2026-10-07T17:44:10.212497+00:00,2026-10-07T18:15:50.455791+00:00,UNO,"ST,1898000,RRYY,C,0,0,210",6,71a8b96
2026-10-07T17:44:10.212497+00:00,2026-10-07T18:15:50.955504+00:00,UNO,"ST,1898500,RRYY,C,0,0,210",6,71a8b96
2026-10-07T17:44:10.212497+00:00,2026-10-07T18:15:51.280547+00:00,UNO,"ST,1898824,RRRR,C,0,0,210",6,71a8b96
2026-10-07T17:44:10.212497+00:00,2026-10-07T18:15:51.456560+00:00,UNO,"ST,1899000,RRRR,C,0,0,210",6,71a8b96
2026-10-07T17:44:10.212497+00:00,2026-10-07T18:15:51.956595+00:00,UNO,"ST,1899500,RRRR,C,0,0,210",6,71a8b96
2026-10-07T17:44:10.212497+00:00,2026-10-07T18:15:52.279995+00:00,UNO,"ST,1899824,GGRR,C,0,0,210",6,71a8b96
2026-10-07T17:44:10.212497+00:00,2026-10-07T18:15:52.456033+00:00,UNO,"ST,1900000,GGRR,C,0,0,210",6,71a8b96
2026-10-07T17:44:10.212497+00:00,2026-10-07T18:15:52.957066+00:00,UNO,"ST,1900500,GGRR,C,0,0,210",6,71a8b96
2026-10-07T17:44:10.212497+00:00,2026-10-07T18:15:53.456815+00:00,UNO,"ST,1901000,GGRR,C,0,0,210",6,71a8b96
2026-10-07T17:44:10.212497+00:00,2026-10-07T18:15:53.956847+00:00,UNO,"ST,1901500,GGRR,C,0,0,210",6,71a8b96
2026-10-07T17:44:10.212497+00:00,2026-10-07T18:15:54.456256+00:00,UNO,"ST,1902000,GGRR,C,0,0,210",6,71a8b96
2026-10-07T17:44:10.212497+00:00,2026-10-07T18:15:54.957308+00:00,UNO,"ST,1902500,GGRR,C,0,0,210",6,71a8b96
2026-10-07T17:44:10.212497+00:00,2026-10-07T18:15:55.280988+00:00,UNO,"ST,1902824,YYRR,C,0,0,210",6,71a8b96
2026-10-07T17:44:10.212497+00:00,2026-10-07T18:15:55.457005+00:00,UNO,"ST,1903000,YYRR,C,0,0,210",6,71a8b96
2026-10-07T17:44:10.212497+00:00,2026-10-07T18:15:55.957064+00:00,UNO,"ST,1903500,YYRR,C,0,0,210",6,71a8b96
2026-10-07T17:44:10.212497+00:00,2026-10-07T18:15:56.457141+00:00,UNO,"ST,1904000,YYRR,C,0,0,210",6,71a8b96
2026-10-07T17:44:10.212497+00:00,2026-10-07T18:15:56.957542+00:00,UNO,"ST,1904500,YYRR,C,0,0,210",6,71a8b96
2026-10-07T17:44:10.212497+00:00,2026-10-07T18:15:57.281588+00:00,UNO,"ST,1904824,RRRR,C,0,0,210",6,71a8b96
2026-10-07T17:44:10.212497+00:00,2026-10-07T18:15:57.457602+00:00,UNO,"ST,1905000,RRRR,C,0,0,210",6,71a8b96
2026-10-07T17:44:10.212497+00:00,2026-10-07T18:15:57.957312+00:00,UNO,"ST,1905500,RRRR,C,0,0,210",6,71a8b96
2026-10-07T17:44:10.212497+00:00,2026-10-07T18:15:58.282354+00:00,UNO,"ST,1905824,RRGG,C,0,0,210",6,71a8b96
2026-10-07T17:44:10.212497+00:00,2026-10-07T18:15:58.458364+00:00,UNO,"ST,1906000,RRGG,C,0,0,210",6,71a8b96
2026-10-07T17:44:10.212497+00:00,2026-10-07T18:15:58.958413+00:00,UNO,"ST,1906500,RRGG,C,0,0,210",6,71a8b96
2026-10-07T17:44:10.212497+00:00,2026-10-07T18:15:59.457825+00:00,UNO,"ST,1907000,RRGG,C,0,0,210",6,71a8b96
2026-10-07T17:44:10.212497+00:00,2026-10-07T18:15:59.957881+00:00,UNO,"ST,1907500,RRGG,C,0,0,210",6,71a8b96
2026-10-07T17:44:10.212497+00:00,2026-10-07T18:16:00.458613+00:00,UNO,"ST,1908000,RRGG,C,0,0,210",6,71a8b96
2026-10-07T17:44:10.212497+00:00,2026-10-07T18:16:00.958681+00:00,UNO,"ST,1908500,RRGG,C,0,0,210",6,71a8b96
2026-10-07T17:44:10.212497+00:00,2026-10-07T18:16:01.282703+00:00,UNO,"ST,1908824,RRYY,C,0,0,210",6,71a8b96
2026-10-07T17:44:10.212497+00:00,2026-10-07T18:16:01.458721+00:00,UNO,"ST,1909000,RRYY,C,0,0,210",6,71a8b96
2026-10-07T17:44:10.212497+00:00,2026-10-07T18:16:01.959777+00:00,UNO,"ST,1909500,RRYY,C,0,0,210",6,71a8b96
2026-10-07T17:44:10.212497+00:00,2026-10-07T18:16:02.459193+00:00,UNO,"ST,1910000,RRYY,C,0,0,210",6,71a8b96
2026-10-07T17:44:10.212497+00:00,2026-10-07T18:16:02.958879+00:00,UNO,"ST,1910500,RRYY,C,0,0,210",6,71a8b96
2026-10-07T17:44:10.212497+00:00,2026-10-07T18:16:03.283931+00:00,UNO,"ST,1910824,RRRR,C,0,0,210",6,71a8b96
2026-10-07T17:44:10.212497+00:00,2026-10-07T18:16:03.458987+00:00,UNO,"ST,1911000,RRRR,C,0,0,210",6,71a8b96
2026-10-07T17:44:10.212497+00:00,2026-10-07T18:16:03.960000+00:00,UNO,"ST,1911500,RRRR,C,0,0,210",6,71a8b96
2026-10-07T17:44:10.212497+00:00,2026-10-07T18:16:04.283397+00:00,UNO,"ST,1911824,GGRR,C,0,0,210",6,71a8b96
2026-10-07T17:44:10.212497+00:00,2026-10-07T18:16:04.459418+00:00,UNO,"ST,1912000,GGRR,C,0,0,210",6,71a8b96
2026-10-07T17:44:10.212497+00:00,2026-10-07T18:16:04.959460+00:00,UNO,"ST,1912500,GGRR,C,0,0,210",6,71a8b96
2026-10-07T17:44:10.212497+00:00,2026-10-07T18:16:05.460198+00:00,UNO,"ST,1913000,GGRR,C,0,0,210",6,71a8b96
2026-10-07T17:44:10.212497+00:00,2026-10-07T18:16:05.960229+00:00,UNO,"ST,1913500,GGRR,C,0,0,210",6,71a8b96
2026-10-07T17:44:10.212497+00:00,2026-10-07T18:16:06.460303+00:00,UNO,"ST,1914000,GGRR,C,0,0,210",6,71a8b96
2026-10-07T17:44:10.212497+00:00,2026-10-07T18:16:06.959711+00:00,UNO,"ST,1914500,GGRR,C,0,0,210",6,71a8b96
2026-10-07T17:44:10.212497+00:00,2026-10-07T18:16:07.284401+00:00,UNO,"ST,1914824,YYRR,C,0,0,210",6,71a8b96
2026-10-07T17:44:10.212497+00:00,2026-10-07T18:16:07.460770+00:00,UNO,"ST,1915000,YYRR,C,0,0,210",6,71a8b96
2026-10-07T17:44:10.212497+00:00,2026-10-07T18:16:07.960457+00:00,UNO,"ST,1915500,YYRR,C,0,0,210",6,71a8b96
2026-10-07T17:44:10.212497+00:00,2026-10-07T18:16:08.460553+00:00,UNO,"ST,1916000,YYRR,C,0,0,210",6,71a8b96
2026-10-07T17:44:10.212497+00:00,2026-10-07T18:16:08.961587+00:00,UNO,"ST,1916500,YYRR,C,0,0,210",6,71a8b96
2026-10-07T17:44:10.212497+00:00,2026-10-07T18:16:09.284986+00:00,UNO,"ST,1916824,RRRR,C,0,0,210",6,71a8b96
2026-10-07T17:44:10.212497+00:00,2026-10-07T18:16:09.460993+00:00,UNO,"ST,1917000,RRRR,C,0,0,210",6,71a8b96
2026-10-07T17:44:10.212497+00:00,2026-10-07T18:16:09.960719+00:00,UNO,"ST,1917500,RRRR,C,0,0,210",6,71a8b96
2026-10-07T17:44:10.212497+00:00,2026-10-07T18:16:10.284774+00:00,UNO,"ST,1917824,RRGG,C,0,0,210",6,71a8b96
2026-10-07T17:44:10.212497+00:00,2026-10-07T18:16:10.460774+00:00,UNO,"ST,1918000,RRGG,C,0,0,210",6,71a8b96
2026-10-07T17:44:10.212497+00:00,2026-10-07T18:16:10.961830+00:00,UNO,"ST,1918500,RRGG,C,0,0,210",6,71a8b96
2026-10-07T17:44:10.212497+00:00,2026-10-07T18:16:11.461886+00:00,UNO,"ST,1919000,RRGG,C,0,0,210",6,71a8b96
2026-10-07T17:44:10.212497+00:00,2026-10-07T18:16:11.961282+00:00,UNO,"ST,1919500,RRGG,C,0,0,210",6,71a8b96
2026-10-07T17:44:10.212497+00:00,2026-10-07T18:16:12.461362+00:00,UNO,"ST,1920000,RRGG,C,0,0,210",6,71a8b96
2026-10-07T17:44:10.212497+00:00,2026-10-07T18:16:12.962049+00:00,UNO,"ST,1920500,RRGG,C,0,0,210",6,71a8b96
2026-10-07T17:44:10.212497+00:00,2026-10-07T18:16:13.286096+00:00,UNO,"ST,1920824,RRYY,C,0,0,210",6,71a8b96
2026-10-07T17:44:10.212497+00:00,2026-10-07T18:16:13.462137+00:00,UNO,"ST,1921000,RRYY,C,0,0,210",6,71a8b96
2026-10-07T17:44:10.212497+00:00,2026-10-07T18:16:13.962162+00:00,UNO,"ST,1921500,RRYY,C,0,0,210",6,71a8b96
2026-10-07T17:44:10.212497+00:00,2026-10-07T18:16:14.462572+00:00,UNO,"ST,1922000,RRYY,C,0,0,210",6,71a8b96
2026-10-07T17:44:10.212497+00:00,2026-10-07T18:16:14.962291+00:00,UNO,"ST,1922500,RRYY,C,0,0,210",6,71a8b96
2026-10-07T17:44:10.212497+00:00,2026-10-07T18:16:15.286336+00:00,UNO,"ST,1922824,RRRR,C,0,0,210",6,71a8b96
2026-10-07T17:44:10.212497+00:00,2026-10-07T18:16:15.462351+00:00,UNO,"ST,1923000,RRRR,C,0,0,210",6,71a8b96
2026-10-07T17:44:10.212497+00:00,2026-10-07T18:16:15.962406+00:00,UNO,"ST,1923500,RRRR,C,0,0,210",6,71a8b96
2026-10-07T17:44:10.212497+00:00,2026-10-07T18:16:16.286808+00:00,UNO,"ST,1923824,GGRR,C,0,0,210",6,71a8b96
2026-10-07T17:44:10.212497+00:00,2026-10-07T18:16:16.463455+00:00,UNO,"ST,1924000,GGRR,C,0,0,210",6,71a8b96
2026-10-07T17:44:10.212497+00:00,2026-10-07T18:16:16.962858+00:00,UNO,"ST,1924500,GGRR,C,0,0,210",6,71a8b96
2026-10-07T17:44:10.212497+00:00,2026-10-07T18:16:17.462566+00:00,UNO,"ST,1925000,GGRR,C,0,0,210",6,71a8b96
2026-10-07T17:44:10.212497+00:00,2026-10-07T18:16:17.963631+00:00,UNO,"ST,1925500,GGRR,C,0,0,210",6,71a8b96
2026-10-07T17:44:10.212497+00:00,2026-10-07T18:16:18.463693+00:00,UNO,"ST,1926000,GGRR,C,0,0,210",6,71a8b96
2026-10-07T17:44:10.212497+00:00,2026-10-07T18:16:18.963107+00:00,UNO,"ST,1926500,GGRR,C,0,0,210",6,71a8b96
2026-10-07T17:44:10.212497+00:00,2026-10-07T18:16:19.287790+00:00,UNO,"ST,1926824,YYRR,C,0,0,210",6,71a8b96
2026-10-07T17:44:10.212497+00:00,2026-10-07T18:16:19.463151+00:00,UNO,"ST,1927000,YYRR,C,0,0,210",6,71a8b96
2026-10-07T17:44:10.212497+00:00,2026-10-07T18:16:19.963890+00:00,UNO,"ST,1927500,YYRR,C,0,0,210",6,71a8b96
2026-10-07T17:44:10.212497+00:00,2026-10-07T18:16:20.463930+00:00,UNO,"ST,1928000,YYRR,C,0,0,210",6,71a8b96
2026-10-07T17:44:10.212497+00:00,2026-10-07T18:16:20.963973+00:00,UNO,"ST,1928500,YYRR,C,0,0,210",6,71a8b96
2026-10-07T17:44:10.212497+00:00,2026-10-07T18:16:21.288375+00:00,UNO,"ST,1928824,RRRR,C,0,0,210",6,71a8b96
2026-10-07T17:44:10.212497+00:00,2026-10-07T18:16:21.464411+00:00,UNO,"ST,1929000,RRRR,C,0,0,210",6,71a8b96
2026-10-07T17:44:10.212497+00:00,2026-10-07T18:16:21.964092+00:00,UNO,"ST,1929500,RRRR,C,0,0,210",6,71a8b96
2026-10-07T17:44:10.212497+00:00,2026-10-07T18:16:22.288202+00:00,UNO,"ST,1929824,RRGG,C,0,0,210",6,71a8b96
2026-10-07T17:44:10.212497+00:00,2026-10-07T18:16:22.464177+00:00,UNO,"ST,1930000,RRGG,C,0,0,210",6,71a8b96
2026-10-07T17:44:10.212497+00:00,2026-10-07T18:16:22.964217+00:00,UNO,"ST,1930500,RRGG,C,0,0,210",6,71a8b96
2026-10-07T17:44:10.212497+00:00,2026-10-07T18:16:23.464630+00:00,UNO,"ST,1931000,RRGG,C,0,0,210",6,71a8b96
2026-10-07T17:44:10.212497+00:00,2026-10-07T18:16:23.964683+00:00,UNO,"ST,1931500,RRGG,C,0,0,210",6,71a8b96
2026-10-07T17:44:10.212497+00:00,2026-10-07T18:16:24.464387+00:00,UNO,"ST,1932000,RRGG,C,0,0,210",6,71a8b96
2026-10-07T17:44:10.212497+00:00,2026-10-07T18:16:24.965459+00:00,UNO,"ST,1932500,RRGG,C,0,0,210",6,71a8b96
2026-10-07T17:44:10.212497+00:00,2026-10-07T18:16:25.289510+00:00,UNO,"ST,1932824,RRYY,C,0,0,210",6,71a8b96
2026-10-07T17:44:10.212497+00:00,2026-10-07T18:16:25.465528+00:00,UNO,"ST,1933000,RRYY,C,0,0,210",6,71a8b96
2026-10-07T17:44:10.212497+00:00,2026-10-07T18:16:25.964906+00:00,UNO,"ST,1933500,RRYY,C,0,0,210",6,71a8b96
2026-10-07T17:44:10.212497+00:00,2026-10-07T18:16:26.464989+00:00,UNO,"ST,1934000,RRYY,C,0,0,210",6,71a8b96
2026-10-07T17:44:10.212497+00:00,2026-10-07T18:16:26.965680+00:00,UNO,"ST,1934500,RRYY,C,0,0,210",6,71a8b96
2026-10-07T17:44:10.212497+00:00,2026-10-07T18:16:27.289710+00:00,UNO,"ST,1934824,RRRR,C,0,0,210",6,71a8b96
2026-10-07T17:44:10.212497+00:00,2026-10-07T18:16:27.465762+00:00,UNO,"ST,1935000,RRRR,C,0,0,210",6,71a8b96
2026-10-07T17:44:10.212497+00:00,2026-10-07T18:16:27.965819+00:00,UNO,"ST,1935500,RRRR,C,0,0,210",6,71a8b96
2026-10-07T17:44:10.212497+00:00,2026-10-07T18:16:28.290842+00:00,UNO,"ST,1935824,GGRR,C,0,0,210",6,71a8b96
2026-10-07T17:44:10.212497+00:00,2026-10-07T18:16:28.465867+00:00,UNO,"ST,1936000,GGRR,C,0,0,210",6,71a8b96
2026-10-07T17:44:10.212497+00:00,2026-10-07T18:16:28.966276+00:00,UNO,"ST,1936500,GGRR,C,0,0,210",6,71a8b96
2026-10-07T17:44:10.212497+00:00,2026-10-07T18:16:29.465983+00:00,UNO,"ST,1937000,GGRR,C,0,0,210",6,71a8b96
2026-10-07T17:44:10.212497+00:00,2026-10-07T18:16:29.966032+00:00,UNO,"ST,1937500,GGRR,C,0,0,210",6,71a8b96
2026-10-07T17:44:10.212497+00:00,2026-10-07T18:16:30.467104+00:00,UNO,"ST,1938000,GGRR,C,0,0,210",6,71a8b96
2026-10-07T17:44:10.212497+00:00,2026-10-07T18:16:30.966496+00:00,UNO,"ST,1938500,GGRR,C,0,0,210",6,71a8b96
2026-10-07T17:44:10.212497+00:00,2026-10-07T18:16:31.290562+00:00,UNO,"ST,1938824,YYRR,C,0,0,210",6,71a8b96
2026-10-07T17:44:10.212497+00:00,2026-10-07T18:16:31.466222+00:00,UNO,"ST,1939000,YYRR,C,0,0,210",6,71a8b96
2026-10-07T17:44:10.212497+00:00,2026-10-07T18:16:31.966266+00:00,UNO,"ST,1939500,YYRR,C,0,0,210",6,71a8b96
2026-10-07T17:44:10.212497+00:00,2026-10-07T18:16:32.467337+00:00,UNO,"ST,1940000,YYRR,C,0,0,210",6,71a8b96
2026-10-07T17:44:10.212497+00:00,2026-10-07T18:16:32.966724+00:00,UNO,"ST,1940500,YYRR,C,0,0,210",6,71a8b96
2026-10-07T17:44:10.212497+00:00,2026-10-07T18:16:33.290780+00:00,UNO,"ST,1940824,RRRR,C,0,0,210",6,71a8b96
2026-10-07T17:44:10.212497+00:00,2026-10-07T18:16:33.466815+00:00,UNO,"ST,1941000,RRRR,C,0,0,210",6,71a8b96
2026-10-07T17:44:10.212497+00:00,2026-10-07T18:16:33.967850+00:00,UNO,"ST,1941500,RRRR,C,0,0,210",6,71a8b96
2026-10-07T17:44:10.212497+00:00,2026-10-07T18:16:34.291531+00:00,UNO,"ST,1941824,RRGG,C,0,0,210",6,71a8b96
2026-10-07T17:44:10.212497+00:00,2026-10-07T18:16:34.467583+00:00,UNO,"ST,1942000,RRGG,C,0,0,210",6,71a8b96
2026-10-07T17:44:10.212497+00:00,2026-10-07T18:16:34.967611+00:00,UNO,"ST,1942500,RRGG,C,0,0,210",6,71a8b96
2026-10-07T17:44:10.212497+00:00,2026-10-07T18:16:35.467016+00:00,UNO,"ST,1943000,RRGG,C,0,0,210",6,71a8b96
2026-10-07T17:44:10.212497+00:00,2026-10-07T18:16:35.968084+00:00,UNO,"ST,1943500,RRGG,C,0,0,210",6,71a8b96
2026-10-07T17:44:10.212497+00:00,2026-10-07T18:16:36.468133+00:00,UNO,"ST,1944000,RRGG,C,0,0,210",6,71a8b96
2026-10-07T17:44:10.212497+00:00,2026-10-07T18:16:36.967852+00:00,UNO,"ST,1944500,RRGG,C,0,0,210",6,71a8b96
2026-10-07T17:44:10.212497+00:00,2026-10-07T18:16:37.292912+00:00,UNO,"ST,1944824,RRYY,C,0,0,210",6,71a8b96
2026-10-07T17:44:10.212497+00:00,2026-10-07T18:16:37.468900+00:00,UNO,"ST,1945000,RRYY,C,0,0,210",6,71a8b96
2026-10-07T17:44:10.212497+00:00,2026-10-07T18:16:37.968972+00:00,UNO,"ST,1945500,RRYY,C,0,0,210",6,71a8b96
2026-10-07T17:44:10.212497+00:00,2026-10-07T18:16:38.468397+00:00,UNO,"ST,1946000,RRYY,C,0,0,210",6,71a8b96
2026-10-07T17:44:10.212497+00:00,2026-10-07T18:16:38.968121+00:00,UNO,"ST,1946500,RRYY,C,0,0,210",6,71a8b96
2026-10-07T17:44:10.212497+00:00,2026-10-07T18:16:39.293180+00:00,UNO,"ST,1946824,RRRR,C,0,0,210",6,71a8b96
2026-10-07T17:44:10.212497+00:00,2026-10-07T18:16:39.469145+00:00,UNO,"ST,1947000,RRRR,C,0,0,210",6,71a8b96
2026-10-07T17:44:10.212497+00:00,2026-10-07T18:16:39.969204+00:00,UNO,"ST,1947500,RRRR,C,0,0,210",6,71a8b96
2026-10-07T17:44:10.212497+00:00,2026-10-07T18:16:40.293365+00:00,UNO,"ST,1947824,GGRR,C,0,0,210",6,71a8b96
2026-10-07T17:44:10.212497+00:00,2026-10-07T18:16:40.469262+00:00,UNO,"ST,1948000,GGRR,C,0,0,210",6,71a8b96
2026-10-07T17:44:10.212497+00:00,2026-10-07T18:16:40.969656+00:00,UNO,"ST,1948500,GGRR,C,0,0,210",6,71a8b96
2026-10-07T17:44:10.212497+00:00,2026-10-07T18:16:41.469710+00:00,UNO,"ST,1949000,GGRR,C,0,0,210",6,71a8b96
2026-10-07T17:44:10.212497+00:00,2026-10-07T18:16:41.969439+00:00,UNO,"ST,1949500,GGRR,C,0,0,210",6,71a8b96
2026-10-07T17:44:10.212497+00:00,2026-10-07T18:16:42.469501+00:00,UNO,"ST,1950000,GGRR,C,0,0,210",6,71a8b96
2026-10-07T17:44:10.212497+00:00,2026-10-07T18:16:42.969912+00:00,UNO,"ST,1950500,GGRR,C,0,0,210",6,71a8b96
2026-10-07T17:44:10.212497+00:00,2026-10-07T18:16:43.293950+00:00,UNO,"ST,1950824,YYRR,C,0,0,210",6,71a8b96
2026-10-07T17:44:10.212497+00:00,2026-10-07T18:16:43.469959+00:00,UNO,"ST,1951000,YYRR,C,0,0,210",6,71a8b96
2026-10-07T17:44:10.212497+00:00,2026-10-07T18:16:43.969662+00:00,UNO,"ST,1951500,YYRR,C,0,0,210",6,71a8b96
2026-10-07T17:44:10.212497+00:00,2026-10-07T18:16:44.469727+00:00,UNO,"ST,1952000,YYRR,C,0,0,210",6,71a8b96
2026-10-07T17:44:10.212497+00:00,2026-10-07T18:16:44.970800+00:00,UNO,"ST,1952500,YYRR,C,0,0,210",6,71a8b96
2026-10-07T17:44:10.212497+00:00,2026-10-07T18:16:45.294205+00:00,UNO,"ST,1952824,RRRR,C,0,0,210",6,71a8b96
2026-10-07T17:44:10.212497+00:00,2026-10-07T18:16:45.470204+00:00,UNO,"ST,1953000,RRRR,C,0,0,210",6,71a8b96
2026-10-07T17:44:10.212497+00:00,2026-10-07T18:16:45.970254+00:00,UNO,"ST,1953500,RRRR,C,0,0,210",6,71a8b96
2026-10-07T17:44:10.212497+00:00,2026-10-07T18:16:46.294943+00:00,UNO,"ST,1953824,RRGG,C,0,0,210",6,71a8b96
2026-10-07T17:44:10.212497+00:00,2026-10-07T18:16:46.470955+00:00,UNO,"ST,1954000,RRGG,C,0,0,210",6,71a8b96
2026-10-07T17:44:10.212497+00:00,2026-10-07T18:16:46.971027+00:00,UNO,"ST,1954500,RRGG,C,0,0,210",6,71a8b96
2026-10-07T17:44:10.212497+00:00,2026-10-07T18:16:47.471080+00:00,UNO,"ST,1955000,RRGG,C,0,0,210",6,71a8b96
2026-10-07T17:44:10.212497+00:00,2026-10-07T18:16:47.970471+00:00,UNO,"ST,1955500,RRGG,C,0,0,210",6,71a8b96
2026-10-07T17:44:10.212497+00:00,2026-10-07T18:16:48.471539+00:00,UNO,"ST,1956000,RRGG,C,0,0,210",6,71a8b96
2026-10-07T17:44:10.212497+00:00,2026-10-07T18:16:48.971247+00:00,UNO,"ST,1956500,RRGG,C,0,0,210",6,71a8b96
2026-10-07T17:44:10.212497+00:00,2026-10-07T18:16:49.295279+00:00,UNO,"ST,1956824,RRYY,C,0,0,210",6,71a8b96
2026-10-07T17:44:10.212497+00:00,2026-10-07T18:16:49.471307+00:00,UNO,"ST,1957000,RRYY,C,0,0,210",6,71a8b96
2026-10-07T17:44:10.212497+00:00,2026-10-07T18:16:49.972359+00:00,UNO,"ST,1957500,RRYY,C,0,0,210",6,71a8b96
2026-10-07T17:44:10.212497+00:00,2026-10-07T18:16:50.472937+00:00,UNO,"ST,1958000,RRYY,C,0,0,210",6,71a8b96
2026-10-07T17:44:10.212497+00:00,2026-10-07T18:16:50.971836+00:00,UNO,"ST,1958500,RRYY,C,0,0,210",6,71a8b96
2026-10-07T17:44:10.212497+00:00,2026-10-07T18:16:51.296533+00:00,UNO,"ST,1958824,RRRR,C,0,0,210",6,71a8b96
2026-10-07T17:44:10.212497+00:00,2026-10-07T18:16:51.471534+00:00,UNO,"ST,1959000,RRRR,C,0,0,210",6,71a8b96
2026-10-07T17:44:10.212497+00:00,2026-10-07T18:16:51.972603+00:00,UNO,"ST,1959500,RRRR,C,0,0,210",6,71a8b96
2026-10-07T17:44:10.212497+00:00,2026-10-07T18:16:52.296640+00:00,UNO,"ST,1959824,GGRR,C,0,0,210",6,71a8b96
2026-10-07T17:44:10.212497+00:00,2026-10-07T18:16:52.472685+00:00,UNO,"ST,1960000,GGRR,C,0,0,210",6,71a8b96
2026-10-07T17:44:10.212497+00:00,2026-10-07T18:16:52.972056+00:00,UNO,"ST,1960500,GGRR,C,0,0,210",6,71a8b96
2026-10-07T17:44:10.212497+00:00,2026-10-07T18:16:53.473146+00:00,UNO,"ST,1961000,GGRR,C,0,0,210",6,71a8b96
2026-10-07T17:44:10.212497+00:00,2026-10-07T18:16:53.972827+00:00,UNO,"ST,1961500,GGRR,C,0,0,210",6,71a8b96
2026-10-07T17:44:10.212497+00:00,2026-10-07T18:16:54.472883+00:00,UNO,"ST,1962000,GGRR,C,0,0,210",6,71a8b96
2026-10-07T17:44:10.212497+00:00,2026-10-07T18:16:54.972945+00:00,UNO,"ST,1962500,GGRR,C,0,0,210",6,71a8b96
2026-10-07T17:44:10.212497+00:00,2026-10-07T18:16:55.296984+00:00,UNO,"ST,1962824,YYRR,C,0,0,210",6,71a8b96
2026-10-07T17:44:10.212497+00:00,2026-10-07T18:16:55.473348+00:00,UNO,"ST,1963000,YYRR,C,0,0,210",6,71a8b96
2026-10-07T17:44:10.212497+00:00,2026-10-07T18:16:55.973061+00:00,UNO,"ST,1963500,YYRR,C,0,0,210",6,71a8b96
2026-10-07T17:44:10.212497+00:00,2026-10-07T18:16:56.473111+00:00,UNO,"ST,1964000,YYRR,C,0,0,210",6,71a8b96
2026-10-07T17:44:10.212497+00:00,2026-10-07T18:16:56.974175+00:00,UNO,"ST,1964500,YYRR,C,0,0,210",6,71a8b96
2026-10-07T17:44:10.212497+00:00,2026-10-07T18:16:57.297575+00:00,UNO,"ST,1964824,RRRR,C,0,0,210",6,71a8b96
2026-10-07T17:44:10.212497+00:00,2026-10-07T18:16:57.474247+00:00,UNO,"ST,1965000,RRRR,C,0,0,210",6,71a8b96
2026-10-07T17:44:10.212497+00:00,2026-10-07T18:16:57.973637+00:00,UNO,"ST,1965500,RRRR,C,0,0,210",6,71a8b96
2026-10-07T17:44:10.212497+00:00,2026-10-07T18:16:58.297332+00:00,UNO,"ST,1965824,RRGG,C,0,0,210",6,71a8b96
2026-10-07T17:44:10.212497+00:00,2026-10-07T18:16:58.473368+00:00,UNO,"ST,1966000,RRGG,C,0,0,210",6,71a8b96
2026-10-07T17:44:10.212497+00:00,2026-10-07T18:16:58.974400+00:00,UNO,"ST,1966500,RRGG,C,0,0,210",6,71a8b96
2026-10-07T17:44:10.212497+00:00,2026-10-07T18:16:59.474483+00:00,UNO,"ST,1967000,RRGG,C,0,0,210",6,71a8b96
2026-10-07T17:44:10.212497+00:00,2026-10-07T18:16:59.973882+00:00,UNO,"ST,1967500,RRGG,C,0,0,210",6,71a8b96
2026-10-07T17:44:10.212497+00:00,2026-10-07T18:17:00.473946+00:00,UNO,"ST,1968000,RRGG,C,0,0,210",6,71a8b96
2026-10-07T17:44:10.212497+00:00,2026-10-07T18:17:00.974645+00:00,UNO,"ST,1968500,RRGG,C,0,0,210",6,71a8b96
2026-10-07T17:44:10.212497+00:00,2026-10-07T18:17:01.298689+00:00,UNO,"ST,1968824,RRYY,C,0,0,210",6,71a8b96
2026-10-07T17:44:10.212497+00:00,2026-10-07T18:17:01.474695+00:00,UNO,"ST,1969000,RRYY,C,0,0,210",6,71a8b96
2026-10-07T17:44:10.212497+00:00,2026-10-07T18:17:01.974752+00:00,UNO,"ST,1969500,RRYY,C,0,0,210",6,71a8b96
2026-10-07T17:44:10.212497+00:00,2026-10-07T18:17:02.475185+00:00,UNO,"ST,1970000,RRYY,C,0,0,210",6,71a8b96
2026-10-07T17:44:10.212497+00:00,2026-10-07T18:17:02.975222+00:00,UNO,"ST,1970500,RRYY,C,0,0,210",6,71a8b96
2026-10-07T17:44:10.212497+00:00,2026-10-07T18:17:03.298922+00:00,UNO,"ST,1970824,RRRR,C,0,0,210",6,71a8b96
2026-10-07T17:44:10.212497+00:00,2026-10-07T18:17:03.474959+00:00,UNO,"ST,1971000,RRRR,C,0,0,210",6,71a8b96
2026-10-07T17:44:10.212497+00:00,2026-10-07T18:17:03.975007+00:00,UNO,"ST,1971500,RRRR,C,0,0,210",6,71a8b96
2026-10-07T17:44:10.212497+00:00,2026-10-07T18:17:04.300023+00:00,UNO,"ST,1971824,GGRR,C,0,0,210",6,71a8b96
2026-10-07T17:44:10.212497+00:00,2026-10-07T18:17:04.476066+00:00,UNO,"ST,1972000,GGRR,C,0,0,210",6,71a8b96
2026-10-07T17:44:10.212497+00:00,2026-10-07T18:17:04.975450+00:00,UNO,"ST,1972500,GGRR,C,0,0,210",6,71a8b96
2026-10-07T17:44:10.212497+00:00,2026-10-07T18:17:05.475513+00:00,UNO,"ST,1973000,GGRR,C,0,0,210",6,71a8b96
2026-10-07T17:44:10.212497+00:00,2026-10-07T18:17:05.976216+00:00,UNO,"ST,1973500,GGRR,C,0,0,210",6,71a8b96
2026-10-07T17:44:10.212497+00:00,2026-10-07T18:17:06.476287+00:00,UNO,"ST,1974000,GGRR,C,0,0,210",6,71a8b96
2026-10-07T17:44:10.212497+00:00,2026-10-07T18:17:06.976341+00:00,UNO,"ST,1974500,GGRR,C,0,0,210",6,71a8b96
2026-10-07T17:44:10.212497+00:00,2026-10-07T18:17:07.300740+00:00,UNO,"ST,1974824,YYRR,C,0,0,210",6,71a8b96
2026-10-07T17:44:10.212497+00:00,2026-10-07T18:17:07.475758+00:00,UNO,"ST,1975000,YYRR,C,0,0,210",6,71a8b96
2026-10-07T17:44:10.212497+00:00,2026-10-07T18:17:07.976456+00:00,UNO,"ST,1975500,YYRR,C,0,0,210",6,71a8b96
2026-10-07T17:44:10.212497+00:00,2026-10-07T18:17:08.476516+00:00,UNO,"ST,1976000,YYRR,C,0,0,210",6,71a8b96
2026-10-07T17:44:10.212497+00:00,2026-10-07T18:17:08.977012+00:00,UNO,"ST,1976500,YYRR,C,0,0,210",6,71a8b96
2026-10-07T17:44:10.212497+00:00,2026-10-07T18:17:09.300967+00:00,UNO,"ST,1976824,RRRR,C,0,0,210",6,71a8b96
2026-10-07T17:44:10.212497+00:00,2026-10-07T18:17:09.476982+00:00,UNO,"ST,1977000,RRRR,C,0,0,210",6,71a8b96
2026-10-07T17:44:10.212497+00:00,2026-10-07T18:17:09.977037+00:00,UNO,"ST,1977500,RRRR,C,0,0,210",6,71a8b96
2026-10-07T17:44:10.212497+00:00,2026-10-07T18:17:10.300756+00:00,UNO,"ST,1977824,RRGG,C,0,0,210",6,71a8b96
2026-10-07T17:44:10.212497+00:00,2026-10-07T18:17:10.476762+00:00,UNO,"ST,1978000,RRGG,C,0,0,210",6,71a8b96
2026-10-07T17:44:10.212497+00:00,2026-10-07T18:17:10.976798+00:00,UNO,"ST,1978500,RRGG,C,0,0,210",6,71a8b96
2026-10-07T17:44:10.212497+00:00,2026-10-07T18:17:11.477861+00:00,UNO,"ST,1979000,RRGG,C,0,0,210",6,71a8b96
2026-10-07T17:44:10.212497+00:00,2026-10-07T18:17:11.977936+00:00,UNO,"ST,1979500,RRGG,C,0,0,210",6,71a8b96
2026-10-07T17:44:10.212497+00:00,2026-10-07T18:17:12.477353+00:00,UNO,"ST,1980000,RRGG,C,0,0,210",6,71a8b96
2026-10-07T17:44:10.212497+00:00,2026-10-07T18:17:12.978054+00:00,UNO,"ST,1980500,RRGG,C,0,0,210",6,71a8b96
2026-10-07T17:44:10.212497+00:00,2026-10-07T18:17:13.302116+00:00,UNO,"ST,1980824,RRYY,C,0,0,210",6,71a8b96
2026-10-07T17:44:10.212497+00:00,2026-10-07T18:17:13.478120+00:00,UNO,"ST,1981000,RRYY,C,0,0,210",6,71a8b96
2026-10-07T17:44:10.212497+00:00,2026-10-07T18:17:13.978183+00:00,UNO,"ST,1981500,RRYY,C,0,0,210",6,71a8b96
2026-10-07T17:44:10.212497+00:00,2026-10-07T18:17:14.471250+00:00,UNO,"EV,1981991,PREEMP_INI,2,AMBULANCIA",6,71a8b96
2026-10-07T17:44:10.212497+00:00,2026-10-07T18:17:14.508387+00:00,UNO,"ST,1981991,RRYY,E,2,0,210",5,71a8b96
2026-10-07T17:44:10.212497+00:00,2026-10-07T18:17:14.536557+00:00,UNO,"ST,1982045,RRYY,E,2,0,210",6,71a8b96
2026-10-07T17:44:10.212497+00:00,2026-10-07T18:17:14.978639+00:00,UNO,"ST,1982500,RRYY,E,2,0,210",6,71a8b96
2026-10-07T17:44:10.212497+00:00,2026-10-07T18:17:15.302329+00:00,UNO,"ST,1982824,RRRR,E,2,0,210",6,71a8b96
2026-10-07T17:44:10.212497+00:00,2026-10-07T18:17:15.478688+00:00,UNO,"ST,1983000,RRRR,E,2,0,210",6,71a8b96
2026-10-07T17:44:10.212497+00:00,2026-10-07T18:17:15.978389+00:00,UNO,"ST,1983500,RRRR,E,2,0,210",6,71a8b96
2026-10-07T17:44:10.212497+00:00,2026-10-07T18:17:16.303437+00:00,UNO,"ST,1983824,RGRR,E,2,0,210",6,71a8b96
2026-10-07T17:44:10.212497+00:00,2026-10-07T18:17:16.478459+00:00,UNO,"ST,1984000,RGRR,E,2,0,210",6,71a8b96
2026-10-07T18:18:37.223864+00:00,2026-10-07T18:18:38.876413+00:00,UNO,"EV,0,BOOT",6,71a8b96
2026-10-07T18:18:37.223864+00:00,2026-10-07T18:18:38.885770+00:00,UNO,"ST,0,RRRR,C,0,0,000",2,71a8b96
2026-10-07T18:18:37.223864+00:00,2026-10-07T18:18:39.110639+00:00,PONTE,"AUT,AMBULANCIA,2",0,71a8b96
2026-10-07T18:18:37.223864+00:00,2026-10-07T18:18:39.111757+00:00,PONTE,"AUT,BOMBEIRO,1",0,71a8b96
2026-10-07T18:18:37.223864+00:00,2026-10-07T18:18:39.112563+00:00,PONTE,"AUT,POLICIA,0",0,71a8b96
2026-10-07T18:18:37.223864+00:00,2026-10-07T18:18:40.002548+00:00,UNO,"ST,1125,GGRR,C,0,0,000",6,71a8b96
2026-10-07T18:18:37.223864+00:00,2026-10-07T18:18:40.025549+00:00,UNO,"ST,1125,GGRR,C,0,0,200",3,71a8b96
2026-10-07T18:18:37.223864+00:00,2026-10-07T18:18:40.046658+00:00,UNO,"ST,1125,GGRR,C,0,0,210",0,71a8b96
2026-10-07T18:18:37.223864+00:00,2026-10-07T18:18:40.377661+00:00,UNO,"ST,1500,GGRR,C,0,0,210",6,71a8b96
2026-10-07T18:18:37.223864+00:00,2026-10-07T18:18:40.878025+00:00,UNO,"ST,2000,GGRR,C,0,0,210",6,71a8b96
2026-10-07T18:18:37.223864+00:00,2026-10-07T18:18:41.377723+00:00,UNO,"ST,2500,GGRR,C,0,0,210",6,71a8b96
2026-10-07T18:18:37.223864+00:00,2026-10-07T18:18:41.877783+00:00,UNO,"ST,3000,GGRR,C,0,0,210",6,71a8b96
2026-10-07T18:18:37.223864+00:00,2026-10-07T18:18:42.377829+00:00,UNO,"ST,3500,GGRR,C,0,0,210",6,71a8b96
2026-10-07T18:18:37.223864+00:00,2026-10-07T18:18:42.878250+00:00,UNO,"ST,4000,GGRR,C,0,0,210",6,71a8b96
2026-10-07T18:18:37.223864+00:00,2026-10-07T18:18:43.003914+00:00,UNO,"ST,4125,YYRR,C,0,0,210",6,71a8b96
2026-10-07T18:18:37.223864+00:00,2026-10-07T18:18:43.379075+00:00,UNO,"ST,4500,YYRR,C,0,0,210",6,71a8b96
2026-10-07T18:18:37.223864+00:00,2026-10-07T18:18:43.878016+00:00,UNO,"ST,5000,YYRR,C,0,0,210",6,71a8b96
2026-10-07T18:18:37.223864+00:00,2026-10-07T18:18:44.379069+00:00,UNO,"ST,5500,YYRR,C,0,0,210",6,71a8b96
2026-10-07T18:18:37.223864+00:00,2026-10-07T18:18:44.879134+00:00,UNO,"ST,6000,YYRR,C,0,0,210",6,71a8b96
2026-10-07T18:18:37.223864+00:00,2026-10-07T18:18:45.004149+00:00,UNO,"ST,6125,RRRR,C,0,0,210",6,71a8b96
2026-10-07T18:18:37.223864+00:00,2026-10-07T18:18:45.378548+00:00,UNO,"ST,6500,RRRR,C,0,0,210",6,71a8b96
2026-10-07T18:18:37.223864+00:00,2026-10-07T18:18:45.878604+00:00,UNO,"ST,7000,RRRR,C,0,0,210",6,71a8b96
2026-10-07T18:18:37.223864+00:00,2026-10-07T18:18:46.004623+00:00,UNO,"ST,7126,RRGG,C,0,0,210",6,71a8b96
2026-10-07T18:18:37.223864+00:00,2026-10-07T18:18:46.379302+00:00,UNO,"ST,7500,RRGG,C,0,0,210",6,71a8b96
2026-10-07T18:18:37.223864+00:00,2026-10-07T18:18:46.879364+00:00,UNO,"ST,8000,RRGG,C,0,0,210",6,71a8b96
2026-10-07T18:18:37.223864+00:00,2026-10-07T18:18:47.379411+00:00,UNO,"ST,8500,RRGG,C,0,0,210",6,71a8b96
2026-10-07T18:18:37.223864+00:00,2026-10-07T18:18:47.879844+00:00,UNO,"ST,9000,RRGG,C,0,0,210",6,71a8b96
2026-10-07T18:18:37.223864+00:00,2026-10-07T18:18:48.379895+00:00,UNO,"ST,9500,RRGG,C,0,0,210",6,71a8b96
2026-10-07T18:18:37.223864+00:00,2026-10-07T18:18:48.879599+00:00,UNO,"ST,10000,RRGG,C,0,0,210",6,71a8b96
2026-10-07T18:18:37.223864+00:00,2026-10-07T18:18:49.005613+00:00,UNO,"ST,10126,RRYY,C,0,0,210",6,71a8b96
2026-10-07T18:18:37.223864+00:00,2026-10-07T18:18:49.379667+00:00,UNO,"ST,10500,RRYY,C,0,0,210",6,71a8b96
2026-10-07T18:18:37.223864+00:00,2026-10-07T18:18:49.880714+00:00,UNO,"ST,11000,RRYY,C,0,0,210",6,71a8b96
2026-10-07T18:18:37.223864+00:00,2026-10-07T18:18:50.380159+00:00,UNO,"ST,11500,RRYY,C,0,0,210",6,71a8b96
2026-10-07T18:18:37.223864+00:00,2026-10-07T18:18:50.880229+00:00,UNO,"ST,12000,RRYY,C,0,0,210",6,71a8b96
2026-10-07T18:18:37.223864+00:00,2026-10-07T18:18:51.006214+00:00,UNO,"ST,12126,RRRR,C,0,0,210",6,71a8b96
2026-10-07T18:18:37.223864+00:00,2026-10-07T18:18:51.380900+00:00,UNO,"ST,12500,RRRR,C,0,0,210",6,71a8b96
2026-10-07T18:18:37.223864+00:00,2026-10-07T18:18:51.880970+00:00,UNO,"ST,13000,RRRR,C,0,0,210",6,71a8b96
2026-10-07T18:18:37.223864+00:00,2026-10-07T18:18:52.006978+00:00,UNO,"ST,13126,GGRR,C,0,0,210",6,71a8b96
2026-10-07T18:18:37.223864+00:00,2026-10-07T18:18:52.380994+00:00,UNO,"ST,13500,GGRR,C,0,0,210",6,71a8b96
2026-10-07T18:18:37.223864+00:00,2026-10-07T18:18:52.880457+00:00,UNO,"ST,14000,GGRR,C,0,0,210",6,71a8b96
2026-10-07T18:18:37.223864+00:00,2026-10-07T18:18:53.381480+00:00,UNO,"ST,14500,GGRR,C,0,0,210",6,71a8b96
2026-10-07T18:18:37.223864+00:00,2026-10-07T18:18:53.881178+00:00,UNO,"ST,15000,GGRR,C,0,0,210",6,71a8b96
2026-10-07T18:18:37.223864+00:00,2026-10-07T18:18:54.381234+00:00,UNO,"ST,15500,GGRR,C,0,0,210",6,71a8b96
2026-10-07T18:18:37.223864+00:00,2026-10-07T18:18:54.880652+00:00,UNO,"ST,16000,GGRR,C,0,0,210",6,71a8b96
2026-10-07T18:18:37.223864+00:00,2026-10-07T18:18:55.008291+00:00,UNO,"ST,16126,YYRR,C,0,0,210",6,71a8b96
2026-10-07T18:18:37.223864+00:00,2026-10-07T18:18:55.381720+00:00,UNO,"ST,16500,YYRR,C,0,0,210",6,71a8b96
2026-10-07T18:18:37.223864+00:00,2026-10-07T18:18:55.881783+00:00,UNO,"ST,17000,YYRR,C,0,0,210",6,71a8b96
2026-10-07T18:18:37.223864+00:00,2026-10-07T18:18:56.381460+00:00,UNO,"ST,17500,YYRR,C,0,0,210",6,71a8b96
2026-10-07T18:19:00.314018+00:00,2026-10-07T18:19:01.996480+00:00,UNO,"EV,0,BOOT",6,71a8b96
2026-10-07T18:19:00.314018+00:00,2026-10-07T18:19:02.006011+00:00,UNO,"ST,0,RRRR,C,0,0,000",2,71a8b96
2026-10-07T18:19:00.314018+00:00,2026-10-07T18:19:02.104917+00:00,PONTE,"AUT,AMBULANCIA,2",0,71a8b96
2026-10-07T18:19:00.314018+00:00,2026-10-07T18:19:02.105783+00:00,PONTE,"AUT,BOMBEIRO,1",0,71a8b96
2026-10-07T18:19:00.314018+00:00,2026-10-07T18:19:02.106683+00:00,PONTE,"AUT,POLICIA,0",0,71a8b96
2026-10-07T18:19:00.314018+00:00,2026-10-07T18:19:03.122598+00:00,UNO,"ST,1125,GGRR,C,0,0,000",6,71a8b96
2026-10-07T18:19:00.314018+00:00,2026-10-07T18:19:03.153589+00:00,PONTE,"AUT,AMBULANCIA,2",0,71a8b96
2026-10-07T18:19:00.314018+00:00,2026-10-07T18:19:03.154663+00:00,PONTE,"AUT,BOMBEIRO,1",0,71a8b96
2026-10-07T18:19:00.314018+00:00,2026-10-07T18:19:03.155524+00:00,PONTE,"AUT,POLICIA,0",0,71a8b96
2026-10-07T18:19:00.314018+00:00,2026-10-07T18:19:03.145767+00:00,UNO,"ST,1125,GGRR,C,0,0,200",3,71a8b96
2026-10-07T18:19:00.314018+00:00,2026-10-07T18:19:03.194023+00:00,UNO,"ST,1125,GGRR,C,0,0,210",23,71a8b96
2026-10-07T18:19:00.314018+00:00,2026-10-07T18:19:03.497022+00:00,UNO,"ST,1500,GGRR,C,0,0,210",6,71a8b96
2026-10-07T18:19:00.314018+00:00,2026-10-07T18:19:03.998086+00:00,UNO,"ST,2000,GGRR,C,0,0,210",6,71a8b96
2026-10-07T18:19:00.314018+00:00,2026-10-07T18:19:04.497780+00:00,UNO,"ST,2500,GGRR,C,0,0,210",6,71a8b96
2026-10-07T18:19:00.314018+00:00,2026-10-07T18:19:04.997825+00:00,UNO,"ST,3000,GGRR,C,0,0,210",6,71a8b96
2026-10-07T18:19:00.314018+00:00,2026-10-07T18:19:05.497874+00:00,UNO,"ST,3500,GGRR,C,0,0,210",6,71a8b96
2026-10-07T18:19:00.314018+00:00,2026-10-07T18:19:05.998294+00:00,UNO,"ST,4000,GGRR,C,0,0,210",6,71a8b96
2026-10-07T18:19:00.314018+00:00,2026-10-07T18:19:06.123329+00:00,UNO,"ST,4125,YYRR,C,0,0,210",6,71a8b96
2026-10-07T18:19:00.314018+00:00,2026-10-07T18:19:06.498369+00:00,UNO,"ST,4500,YYRR,C,0,0,210",6,71a8b96
2026-10-07T18:19:00.314018+00:00,2026-10-07T18:19:06.998065+00:00,UNO,"ST,5000,YYRR,C,0,0,210",6,71a8b96
2026-10-07T18:19:00.314018+00:00,2026-10-07T18:19:07.499134+00:00,UNO,"ST,5500,YYRR,C,0,0,210",6,71a8b96
2026-10-07T18:19:00.314018+00:00,2026-10-07T18:19:07.999183+00:00,UNO,"ST,6000,YYRR,C,0,0,210",6,71a8b96
2026-10-07T18:19:00.314018+00:00,2026-10-07T18:19:08.124204+00:00,UNO,"ST,6125,RRRR,C,0,0,210",6,71a8b96
2026-10-07T18:19:00.314018+00:00,2026-10-07T18:19:08.498596+00:00,UNO,"ST,6500,RRRR,C,0,0,210",6,71a8b96
2026-10-07T18:19:00.314018+00:00,2026-10-07T18:19:08.998648+00:00,UNO,"ST,7000,RRRR,C,0,0,210",6,71a8b96
2026-10-07T18:19:00.314018+00:00,2026-10-07T18:19:09.124669+00:00,UNO,"ST,7126,RRGG,C,0,0,210",6,71a8b96
2026-10-07T18:19:00.314018+00:00,2026-10-07T18:19:09.499352+00:00,UNO,"ST,7500,RRGG,C,0,0,210",6,71a8b96
2026-10-07T18:19:00.314018+00:00,2026-10-07T18:19:09.999419+00:00,UNO,"ST,8000,RRGG,C,0,0,210",6,71a8b96
2026-10-07T18:19:00.314018+00:00,2026-10-07T18:19:10.499490+00:00,UNO,"ST,8500,RRGG,C,0,0,210",6,71a8b96
2026-10-07T18:19:00.314018+00:00,2026-10-07T18:19:10.999921+00:00,UNO,"ST,9000,RRGG,C,0,0,210",6,71a8b96
2026-10-07T18:19:00.314018+00:00,2026-10-07T18:19:11.499947+00:00,UNO,"ST,9500,RRGG,C,0,0,210",6,71a8b96
2026-10-07T18:19:00.314018+00:00,2026-10-07T18:19:11.999648+00:00,UNO,"ST,10000,RRGG,C,0,0,210",6,71a8b96
2026-10-07T18:19:00.314018+00:00,2026-10-07T18:19:12.125668+00:00,UNO,"ST,10126,RRYY,C,0,0,210",6,71a8b96
2026-10-07T18:19:00.314018+00:00,2026-10-07T18:19:12.499707+00:00,UNO,"ST,10500,RRYY,C,0,0,210",6,71a8b96
2026-10-07T18:19:00.314018+00:00,2026-10-07T18:19:13.000767+00:00,UNO,"ST,11000,RRYY,C,0,0,210",6,71a8b96
2026-10-07T18:19:00.314018+00:00,2026-10-07T18:19:13.500196+00:00,UNO,"ST,11500,RRYY,C,0,0,210",6,71a8b96
2026-10-07T18:19:00.314018+00:00,2026-10-07T18:19:14.000238+00:00,UNO,"ST,12000,RRYY,C,0,0,210",6,71a8b96
2026-10-07T18:19:00.314018+00:00,2026-10-07T18:19:14.126264+00:00,UNO,"ST,12126,RRRR,C,0,0,210",6,71a8b96
2026-10-07T18:19:00.314018+00:00,2026-10-07T18:19:14.500925+00:00,UNO,"ST,12500,RRRR,C,0,0,210",6,71a8b96
2026-10-07T18:19:00.314018+00:00,2026-10-07T18:19:15.000991+00:00,UNO,"ST,13000,RRRR,C,0,0,210",6,71a8b96
2026-10-07T18:19:00.314018+00:00,2026-10-07T18:19:15.127011+00:00,UNO,"ST,13126,GGRR,C,0,0,210",6,71a8b96
2026-10-07T18:19:00.314018+00:00,2026-10-07T18:19:15.501052+00:00,UNO,"ST,13500,GGRR,C,0,0,210",6,71a8b96
2026-10-07T18:19:00.314018+00:00,2026-10-07T18:19:16.000548+00:00,UNO,"ST,14000,GGRR,C,0,0,210",6,71a8b96
2026-10-07T18:19:00.314018+00:00,2026-10-07T18:19:16.501535+00:00,UNO,"ST,14500,GGRR,C,0,0,210",6,71a8b96
2026-10-07T18:19:00.314018+00:00,2026-10-07T18:19:17.001232+00:00,UNO,"ST,15000,GGRR,C,0,0,210",6,71a8b96
2026-10-07T18:19:00.314018+00:00,2026-10-07T18:19:17.501268+00:00,UNO,"ST,15500,GGRR,C,0,0,210",6,71a8b96
2026-10-07T18:19:00.314018+00:00,2026-10-07T18:19:18.001327+00:00,UNO,"ST,16000,GGRR,C,0,0,210",6,71a8b96
2026-10-07T18:19:00.314018+00:00,2026-10-07T18:19:18.128369+00:00,UNO,"ST,16126,YYRR,C,0,0,210",6,71a8b96
2026-10-07T18:19:00.314018+00:00,2026-10-07T18:19:18.501753+00:00,UNO,"ST,16500,YYRR,C,0,0,210",6,71a8b96
2026-10-07T18:19:00.314018+00:00,2026-10-07T18:19:19.001458+00:00,UNO,"ST,17000,YYRR,C,0,0,210",6,71a8b96
2026-10-07T18:19:00.314018+00:00,2026-10-07T18:19:19.501532+00:00,UNO,"ST,17500,YYRR,C,0,0,210",6,71a8b96
2026-10-07T18:19:23.332859+00:00,2026-10-07T18:19:24.991764+00:00,UNO,"EV,0,BOOT",6,71a8b96
2026-10-07T18:19:23.332859+00:00,2026-10-07T18:19:25.001601+00:00,UNO,"ST,0,RRRR,C,0,0,000",2,71a8b96
2026-10-07T18:19:23.332859+00:00,2026-10-07T18:19:25.195629+00:00,PONTE,"AUT,AMBULANCIA,2",0,71a8b96
2026-10-07T18:19:23.332859+00:00,2026-10-07T18:19:25.196413+00:00,PONTE,"AUT,BOMBEIRO,1",0,71a8b96
2026-10-07T18:19:23.332859+00:00,2026-10-07T18:19:25.197267+00:00,PONTE,"AUT,POLICIA,0",0,71a8b96
2026-10-07T18:19:23.332859+00:00,2026-10-07T18:19:26.117557+00:00,UNO,"ST,1125,GGRR,C,0,0,000",6,71a8b96
2026-10-07T18:19:23.332859+00:00,2026-10-07T18:19:26.140397+00:00,UNO,"ST,1125,GGRR,C,0,0,200",3,71a8b96
2026-10-07T18:19:23.332859+00:00,2026-10-07T18:19:26.162217+00:00,UNO,"ST,1125,GGRR,C,0,0,210",0,71a8b96
2026-10-07T18:19:23.332859+00:00,2026-10-07T18:19:26.492608+00:00,UNO,"ST,1500,GGRR,C,0,0,210",6,71a8b96
2026-10-07T18:19:23.332859+00:00,2026-10-07T18:19:26.993014+00:00,UNO,"ST,2000,GGRR,C,0,0,210",6,71a8b96
2026-10-07T18:19:23.332859+00:00,2026-10-07T18:19:27.493064+00:00,UNO,"ST,2500,GGRR,C,0,0,210",6,71a8b96
2026-10-07T18:19:23.332859+00:00,2026-10-07T18:19:27.992760+00:00,UNO,"ST,3000,GGRR,C,0,0,210",6,71a8b96
2026-10-07T18:19:23.332859+00:00,2026-10-07T18:19:28.492833+00:00,UNO,"ST,3500,GGRR,C,0,0,210",6,71a8b96
2026-10-07T18:19:23.332859+00:00,2026-10-07T18:19:28.993874+00:00,UNO,"ST,4000,GGRR,C,0,0,210",6,71a8b96
2026-10-07T18:19:23.332859+00:00,2026-10-07T18:19:29.118907+00:00,UNO,"ST,4125,YYRR,C,0,0,210",6,71a8b96
2026-10-07T18:19:23.332859+00:00,2026-10-07T18:19:29.493316+00:00,UNO,"ST,4500,YYRR,C,0,0,210",6,71a8b96
2026-10-07T18:19:23.332859+00:00,2026-10-07T18:19:29.993350+00:00,UNO,"ST,5000,YYRR,C,0,0,210",6,71a8b96
2026-10-07T18:19:23.332859+00:00,2026-10-07T18:19:30.494088+00:00,UNO,"ST,5500,YYRR,C,0,0,210",6,71a8b96
2026-10-07T18:19:23.332859+00:00,2026-10-07T18:19:30.994122+00:00,UNO,"ST,6000,YYRR,C,0,0,210",6,71a8b96
2026-10-07T18:19:23.332859+00:00,2026-10-07T18:19:31.119126+00:00,UNO,"ST,6125,RRRR,C,0,0,210",6,71a8b96
2026-10-07T18:19:23.332859+00:00,2026-10-07T18:19:31.494180+00:00,UNO,"ST,6500,RRRR,C,0,0,210",6,71a8b96
2026-10-07T18:19:23.332859+00:00,2026-10-07T18:19:31.993603+00:00,UNO,"ST,7000,RRRR,C,0,0,210",6,71a8b96
2026-10-07T18:19:23.332859+00:00,2026-10-07T18:19:32.120232+00:00,UNO,"ST,7126,RRGG,C,0,0,210",6,71a8b96
2026-10-07T18:19:23.332859+00:00,2026-10-07T18:19:32.494660+00:00,UNO,"ST,7500,RRGG,C,0,0,210",6,71a8b96
2026-10-07T18:19:23.332859+00:00,2026-10-07T18:19:32.994358+00:00,UNO,"ST,8000,RRGG,C,0,0,210",6,71a8b96
2026-10-07T18:19:23.332859+00:00,2026-10-07T18:19:33.494404+00:00,UNO,"ST,8500,RRGG,C,0,0,210",6,71a8b96
2026-10-07T18:19:23.332859+00:00,2026-10-07T18:19:33.995459+00:00,UNO,"ST,9000,RRGG,C,0,0,210",6,71a8b96
2026-10-07T18:19:23.332859+00:00,2026-10-07T18:19:34.494890+00:00,UNO,"ST,9500,RRGG,C,0,0,210",6,71a8b96
2026-10-07T18:19:23.332859+00:00,2026-10-07T18:19:34.994948+00:00,UNO,"ST,10000,RRGG,C,0,0,210",6,71a8b96
2026-10-07T18:19:23.332859+00:00,2026-10-07T18:19:35.120967+00:00,UNO,"ST,10126,RRYY,C,0,0,210",6,71a8b96
2026-10-07T18:19:23.332859+00:00,2026-10-07T18:19:35.494630+00:00,UNO,"ST,10500,RRYY,C,0,0,210",6,71a8b96
2026-10-07T18:19:23.332859+00:00,2026-10-07T18:19:35.995710+00:00,UNO,"ST,11000,RRYY,C,0,0,210",6,71a8b96
2026-10-07T18:19:23.332859+00:00,2026-10-07T18:19:36.495764+00:00,UNO,"ST,11500,RRYY,C,0,0,210",6,71a8b96
2026-10-07T18:19:23.332859+00:00,2026-10-07T18:19:36.995173+00:00,UNO,"ST,12000,RRYY,C,0,0,210",6,71a8b96
2026-10-07T18:19:23.332859+00:00,2026-10-07T18:19:37.121210+00:00,UNO,"ST,12126,RRRR,C,0,0,210",6,71a8b96
2026-10-07T18:19:23.332859+00:00,2026-10-07T18:19:37.496258+00:00,UNO,"ST,12500,RRRR,C,0,0,210",6,71a8b96
2026-10-07T18:19:23.332859+00:00,2026-10-07T18:19:37.995943+00:00,UNO,"ST,13000,RRRR,C,0,0,210",6,71a8b96
2026-10-07T18:19:23.332859+00:00,2026-10-07T18:19:38.122315+00:00,UNO,"ST,13126,GGRR,C,0,0,210",6,71a8b96
2026-10-07T18:19:23.332859+00:00,2026-10-07T18:19:38.495975+00:00,UNO,"ST,13500,GGRR,C,0,0,210",6,71a8b96
2026-10-07T18:19:23.332859+00:00,2026-10-07T18:19:38.996041+00:00,UNO,"ST,14000,GGRR,C,0,0,210",6,71a8b96
2026-10-07T18:19:23.332859+00:00,2026-10-07T18:19:39.496524+00:00,UNO,"ST,14500,GGRR,C,0,0,210",6,71a8b96
2026-10-07T18:19:23.332859+00:00,2026-10-07T18:19:39.996589+00:00,UNO,"ST,15000,GGRR,C,0,0,210",6,71a8b96
2026-10-07T18:19:23.332859+00:00,2026-10-07T18:19:40.496250+00:00,UNO,"ST,15500,GGRR,C,0,0,210",6,71a8b96
2026-10-07T18:19:23.332859+00:00,2026-10-07T18:19:40.996301+00:00,UNO,"ST,16000,GGRR,C,0,0,210",6,71a8b96
2026-10-07T18:19:23.332859+00:00,2026-10-07T18:19:41.123310+00:00,UNO,"ST,16126,YYRR,C,0,0,210",6,71a8b96
2026-10-07T18:19:23.332859+00:00,2026-10-07T18:19:41.497343+00:00,UNO,"ST,16500,YYRR,C,0,0,210",6,71a8b96
2026-10-07T18:19:23.332859+00:00,2026-10-07T18:19:41.996819+00:00,UNO,"ST,17000,YYRR,C,0,0,210",6,71a8b96
2026-10-07T18:19:23.332859+00:00,2026-10-07T18:19:42.496902+00:00,UNO,"ST,17500,YYRR,C,0,0,210",6,71a8b96
2026-10-07T18:40:29.929392+00:00,2026-10-07T18:40:31.595327+00:00,UNO,"EV,0,BOOT",6,4eba47c
2026-10-07T18:40:29.929392+00:00,2026-10-07T18:40:31.606119+00:00,UNO,"ST,0,RRRR,C,0,0,000",2,4eba47c
2026-10-07T18:40:29.929392+00:00,2026-10-07T18:40:31.815255+00:00,PONTE,"AUT,AMBULANCIA,2",0,4eba47c
2026-10-07T18:40:29.929392+00:00,2026-10-07T18:40:31.816378+00:00,PONTE,"AUT,BOMBEIRO,1",0,4eba47c
2026-10-07T18:40:29.929392+00:00,2026-10-07T18:40:31.817172+00:00,PONTE,"AUT,POLICIA,0",0,4eba47c
2026-10-07T18:40:29.929392+00:00,2026-10-07T18:40:32.721437+00:00,UNO,"ST,1125,GGRR,C,0,0,000",6,4eba47c
2026-10-07T18:40:29.929392+00:00,2026-10-07T18:40:32.743941+00:00,UNO,"ST,1125,GGRR,C,0,0,200",3,4eba47c
2026-10-07T18:40:29.929392+00:00,2026-10-07T18:40:32.765726+00:00,UNO,"ST,1125,GGRR,C,0,0,210",0,4eba47c
2026-10-07T18:40:29.929392+00:00,2026-10-07T18:40:33.096127+00:00,UNO,"ST,1500,GGRR,C,0,0,210",6,4eba47c
2026-10-07T18:40:29.929392+00:00,2026-10-07T18:40:33.597198+00:00,UNO,"ST,2000,GGRR,C,0,0,210",6,4eba47c
2026-10-07T18:40:29.929392+00:00,2026-10-07T18:40:34.097218+00:00,UNO,"ST,2500,GGRR,C,0,0,210",6,4eba47c
2026-10-07T18:40:29.929392+00:00,2026-10-07T18:40:34.596675+00:00,UNO,"ST,3000,GGRR,C,0,0,210",6,4eba47c
2026-10-07T18:40:29.929392+00:00,2026-10-07T18:40:35.096700+00:00,UNO,"ST,3500,GGRR,C,0,0,210",6,4eba47c
2026-10-07T18:40:29.929392+00:00,2026-10-07T18:40:35.597413+00:00,UNO,"ST,4000,GGRR,C,0,0,210",6,4eba47c
2026-10-07T18:40:29.929392+00:00,2026-10-07T18:40:35.722434+00:00,UNO,"ST,4125,YYRR,C,0,0,210",6,4eba47c
2026-10-07T18:40:29.929392+00:00,2026-10-07T18:40:36.097463+00:00,UNO,"ST,4500,YYRR,C,0,0,210",6,4eba47c
2026-10-07T18:40:29.929392+00:00,2026-10-07T18:40:36.596886+00:00,UNO,"ST,5000,YYRR,C,0,0,210",6,4eba47c
2026-10-07T18:40:29.929392+00:00,2026-10-07T18:40:37.097946+00:00,UNO,"ST,5500,YYRR,C,0,0,210",6,4eba47c
2026-10-07T18:40:29.929392+00:00,2026-10-07T18:40:37.597653+00:00,UNO,"ST,6000,YYRR,C,0,0,210",6,4eba47c
2026-10-07T18:40:29.929392+00:00,2026-10-07T18:40:37.722652+00:00,UNO,"ST,6125,RRRR,C,0,0,210",6,4eba47c
2026-10-07T18:40:29.929392+00:00,2026-10-07T18:40:38.097696+00:00,UNO,"ST,6500,RRRR,C,0,0,210",6,4eba47c
2026-10-07T18:40:29.929392+00:00,2026-10-07T18:40:38.597761+00:00,UNO,"ST,7000,RRRR,C,0,0,210",6,4eba47c
2026-10-07T18:40:29.929392+00:00,2026-10-07T18:40:38.723794+00:00,UNO,"ST,7126,RRGG,C,0,0,210",6,4eba47c
2026-10-07T18:40:29.929392+00:00,2026-10-07T18:40:39.098156+00:00,UNO,"ST,7500,RRGG,C,0,0,210",6,4eba47c
2026-10-07T18:40:29.929392+00:00,2026-10-07T18:40:39.598249+00:00,UNO,"ST,8000,RRGG,C,0,0,210",6,4eba47c
2026-10-07T18:40:29.929392+00:00,2026-10-07T18:40:40.098292+00:00,UNO,"ST,8500,RRGG,C,0,0,210",6,4eba47c
2026-10-07T18:40:29.929392+00:00,2026-10-07T18:40:40.598979+00:00,UNO,"ST,9000,RRGG,C,0,0,210",6,4eba47c
2026-10-07T18:40:29.929392+00:00,2026-10-07T18:40:41.099051+00:00,UNO,"ST,9500,RRGG,C,0,0,210",6,4eba47c
2026-10-07T18:40:29.929392+00:00,2026-10-07T18:40:41.599200+00:00,UNO,"ST,10000,RRGG,C,0,0,210",6,4eba47c
2026-10-07T18:40:29.929392+00:00,2026-10-07T18:40:41.725105+00:00,UNO,"ST,10126,RRYY,C,0,0,210",6,4eba47c
2026-10-07T18:40:29.929392+00:00,2026-10-07T18:40:42.098523+00:00,UNO,"ST,10500,RRYY,C,0,0,210",6,4eba47c
2026-10-07T18:40:29.929392+00:00,2026-10-07T18:40:42.599590+00:00,UNO,"ST,11000,RRYY,C,0,0,210",6,4eba47c
2026-10-07T18:40:29.929392+00:00,2026-10-07T18:40:43.099285+00:00,UNO,"ST,11500,RRYY,C,0,0,210",6,4eba47c
2026-10-07T18:40:29.929392+00:00,2026-10-07T18:40:43.599369+00:00,UNO,"ST,12000,RRYY,C,0,0,210",6,4eba47c
2026-10-07T18:40:29.929392+00:00,2026-10-07T18:40:43.725408+00:00,UNO,"ST,12126,RRRR,C,0,0,210",6,4eba47c
2026-10-07T18:40:29.929392+00:00,2026-10-07T18:40:44.100404+00:00,UNO,"ST,12500,RRRR,C,0,0,210",6,4eba47c
2026-10-07T18:40:29.929392+00:00,2026-10-07T18:40:44.600478+00:00,UNO,"ST,13000,RRRR,C,0,0,210",6,4eba47c
2026-10-07T18:40:29.929392+00:00,2026-10-07T18:40:44.726482+00:00,UNO,"ST,13126,GGRR,C,0,0,210",6,4eba47c
2026-10-07T18:40:29.929392+00:00,2026-10-07T18:40:45.099861+00:00,UNO,"ST,13500,GGRR,C,0,0,210",6,4eba47c
2026-10-07T18:40:29.929392+00:00,2026-10-07T18:40:45.599921+00:00,UNO,"ST,14000,GGRR,C,0,0,210",6,4eba47c
2026-10-07T18:40:29.929392+00:00,2026-10-07T18:40:46.100641+00:00,UNO,"ST,14500,GGRR,C,0,0,210",6,4eba47c
2026-10-07T18:40:29.929392+00:00,2026-10-07T18:40:46.600702+00:00,UNO,"ST,15000,GGRR,C,0,0,210",6,4eba47c
2026-10-07T18:40:29.929392+00:00,2026-10-07T18:40:47.100751+00:00,UNO,"ST,15500,GGRR,C,0,0,210",6,4eba47c
2026-10-07T18:40:29.929392+00:00,2026-10-07T18:40:47.600172+00:00,UNO,"ST,16000,GGRR,C,0,0,210",6,4eba47c
2026-10-07T18:40:29.929392+00:00,2026-10-07T18:40:47.727184+00:00,UNO,"ST,16126,YYRR,C,0,0,210",6,4eba47c
2026-10-07T18:40:29.929392+00:00,2026-10-07T18:40:48.100849+00:00,UNO,"ST,16500,YYRR,C,0,0,210",6,4eba47c
2026-10-07T18:40:29.929392+00:00,2026-10-07T18:40:48.600926+00:00,UNO,"ST,17000,YYRR,C,0,0,210",6,4eba47c
2026-10-07T18:40:29.929392+00:00,2026-10-07T18:40:49.100981+00:00,UNO,"ST,17500,YYRR,C,0,0,210",6,4eba47c
2026-10-07T18:40:29.929392+00:00,2026-10-07T18:40:49.602039+00:00,UNO,"ST,18000,YYRR,C,0,0,210",6,4eba47c
2026-10-07T18:40:29.929392+00:00,2026-10-07T18:40:49.728054+00:00,UNO,"ST,18126,RRRR,C,0,0,210",6,4eba47c
2026-10-07T18:40:29.929392+00:00,2026-10-07T18:40:50.101445+00:00,UNO,"ST,18500,RRRR,C,0,0,210",6,4eba47c
2026-10-07T18:40:29.929392+00:00,2026-10-07T18:40:50.601153+00:00,UNO,"ST,19000,RRRR,C,0,0,210",6,4eba47c
2026-10-07T18:40:29.929392+00:00,2026-10-07T18:40:50.727527+00:00,UNO,"ST,19126,RRGG,C,0,0,210",6,4eba47c
2026-10-07T18:40:29.929392+00:00,2026-10-07T18:40:51.101198+00:00,UNO,"ST,19500,RRGG,C,0,0,210",6,4eba47c
2026-10-07T18:40:29.929392+00:00,2026-10-07T18:40:51.602280+00:00,UNO,"ST,20000,RRGG,C,0,0,210",6,4eba47c
2026-10-07T18:40:29.929392+00:00,2026-10-07T18:40:52.102336+00:00,UNO,"ST,20500,RRGG,C,0,0,210",6,4eba47c
2026-10-07T18:40:29.929392+00:00,2026-10-07T18:40:52.601744+00:00,UNO,"ST,21000,RRGG,C,0,0,210",6,4eba47c
2026-10-07T18:40:29.929392+00:00,2026-10-07T18:40:53.102789+00:00,UNO,"ST,21500,RRGG,C,0,0,210",6,4eba47c
2026-10-07T18:40:29.929392+00:00,2026-10-07T18:40:53.602515+00:00,UNO,"ST,22000,RRGG,C,0,0,210",6,4eba47c
2026-10-07T18:40:29.929392+00:00,2026-10-07T18:40:53.728887+00:00,UNO,"ST,22126,RRYY,C,0,0,210",6,4eba47c
2026-10-07T18:40:29.929392+00:00,2026-10-07T18:40:54.102552+00:00,UNO,"ST,22500,RRYY,C,0,0,210",6,4eba47c
2026-10-07T18:40:29.929392+00:00,2026-10-07T18:40:54.602624+00:00,UNO,"ST,23000,RRYY,C,0,0,210",6,4eba47c
2026-10-07T18:40:29.929392+00:00,2026-10-07T18:40:55.103030+00:00,UNO,"ST,23500,RRYY,C,0,0,210",6,4eba47c
2026-10-07T18:40:29.929392+00:00,2026-10-07T18:40:55.603753+00:00,UNO,"ST,24000,RRYY,C,0,0,210",6,4eba47c
2026-10-07T18:40:29.929392+00:00,2026-10-07T18:40:55.729740+00:00,UNO,"ST,24126,RRRR,C,0,0,210",6,4eba47c
2026-10-07T18:40:29.929392+00:00,2026-10-07T18:40:56.103161+00:00,UNO,"ST,24500,RRRR,C,0,0,210",6,4eba47c
2026-10-07T18:40:29.929392+00:00,2026-10-07T18:40:56.603849+00:00,UNO,"ST,25000,RRRR,C,0,0,210",6,4eba47c
2026-10-07T18:40:29.929392+00:00,2026-10-07T18:40:56.729855+00:00,UNO,"ST,25126,GGRR,C,0,0,210",6,4eba47c
2026-10-07T18:40:29.929392+00:00,2026-10-07T18:40:57.103921+00:00,UNO,"ST,25500,GGRR,C,0,0,210",6,4eba47c
2026-10-07T18:40:29.929392+00:00,2026-10-07T18:40:57.603968+00:00,UNO,"ST,26000,GGRR,C,0,0,210",6,4eba47c
2026-10-07T18:40:29.929392+00:00,2026-10-07T18:40:58.103380+00:00,UNO,"ST,26500,GGRR,C,0,0,210",6,4eba47c
2026-10-07T18:40:29.929392+00:00,2026-10-07T18:40:58.604455+00:00,UNO,"ST,27000,GGRR,C,0,0,210",6,4eba47c
2026-10-07T18:40:29.929392+00:00,2026-10-07T18:40:59.104143+00:00,UNO,"ST,27500,GGRR,C,0,0,210",6,4eba47c
2026-10-07T18:40:29.929392+00:00,2026-10-07T18:40:59.604229+00:00,UNO,"ST,28000,GGRR,C,0,0,210",6,4eba47c
2026-10-07T18:40:29.929392+00:00,2026-10-07T18:40:59.730203+00:00,UNO,"ST,28126,YYRR,C,0,0,210",6,4eba47c
2026-10-07T18:40:29.929392+00:00,2026-10-07T18:41:00.105249+00:00,UNO,"ST,28500,YYRR,C,0,0,210",6,4eba47c
2026-10-07T18:40:29.929392+00:00,2026-10-07T18:41:00.604676+00:00,UNO,"ST,29000,YYRR,C,0,0,210",6,4eba47c
2026-10-07T18:40:29.929392+00:00,2026-10-07T18:41:00.934364+00:00,UNO,"EV,29329,PREEMP_INI,3,AMBULANCIA",6,4eba47c
2026-10-07T18:40:29.929392+00:00,2026-10-07T18:41:00.964684+00:00,UNO,"ST,29329,YYRR,E,3,0,210",0,4eba47c
2026-10-07T18:40:29.929392+00:00,2026-10-07T18:41:01.104717+00:00,UNO,"ST,29500,YYRR,E,3,0,210",6,4eba47c
2026-10-07T18:40:29.929392+00:00,2026-10-07T18:41:01.604446+00:00,UNO,"ST,30000,YYRR,E,3,0,210",6,4eba47c
2026-10-07T18:40:29.929392+00:00,2026-10-07T18:41:01.730459+00:00,UNO,"ST,30126,RRRR,E,3,0,210",6,4eba47c
2026-10-07T18:40:29.929392+00:00,2026-10-07T18:41:02.105484+00:00,UNO,"ST,30500,RRRR,E,3,0,210",6,4eba47c
2026-10-07T18:40:29.929392+00:00,2026-10-07T18:41:02.605560+00:00,UNO,"ST,31000,RRRR,E,3,0,210",6,4eba47c
2026-10-07T18:40:29.929392+00:00,2026-10-07T18:41:02.731578+00:00,UNO,"ST,31126,RRGR,E,3,0,210",6,4eba47c
2026-10-07T18:40:29.929392+00:00,2026-10-07T18:41:03.105035+00:00,UNO,"ST,31500,RRGR,E,3,0,210",6,4eba47c
2026-10-07T18:40:29.929392+00:00,2026-10-07T18:41:03.605040+00:00,UNO,"ST,32000,RRGR,E,3,0,210",6,4eba47c
2026-10-07T18:40:29.929392+00:00,2026-10-07T18:41:04.105743+00:00,UNO,"ST,32500,RRGR,E,3,0,210",6,4eba47c
2026-10-07T18:40:29.929392+00:00,2026-10-07T18:41:04.605793+00:00,UNO,"ST,33000,RRGR,E,3,0,210",6,4eba47c
2026-10-07T18:40:29.929392+00:00,2026-10-07T18:41:05.105846+00:00,UNO,"ST,33500,RRGR,E,3,0,210",6,4eba47c
2026-10-07T18:40:29.929392+00:00,2026-10-07T18:41:05.606931+00:00,UNO,"ST,34000,RRGR,E,3,0,210",6,4eba47c
2026-10-07T18:40:29.929392+00:00,2026-10-07T18:41:06.106310+00:00,UNO,"ST,34500,RRGR,E,3,0,210",6,4eba47c
2026-10-07T18:40:29.929392+00:00,2026-10-07T18:41:06.606364+00:00,UNO,"ST,35000,RRGR,E,3,0,210",6,4eba47c
2026-10-07T18:40:29.929392+00:00,2026-10-07T18:41:07.106093+00:00,UNO,"ST,35500,RRGR,E,3,0,210",6,4eba47c
2026-10-07T18:40:29.929392+00:00,2026-10-07T18:41:07.607146+00:00,UNO,"ST,36000,RRGR,E,3,0,210",6,4eba47c
2026-10-07T18:40:29.929392+00:00,2026-10-07T18:41:08.107199+00:00,UNO,"ST,36500,RRGR,E,3,0,210",6,4eba47c
2026-10-07T18:40:29.929392+00:00,2026-10-07T18:41:08.606621+00:00,UNO,"ST,37000,RRGR,E,3,0,210",6,4eba47c
2026-10-07T18:40:29.929392+00:00,2026-10-07T18:41:09.107676+00:00,UNO,"ST,37500,RRGR,E,3,0,210",6,4eba47c
2026-10-07T18:40:29.929392+00:00,2026-10-07T18:41:09.607382+00:00,UNO,"ST,38000,RRGR,E,3,0,210",6,4eba47c
2026-10-07T18:40:29.929392+00:00,2026-10-07T18:41:10.107423+00:00,UNO,"ST,38500,RRGR,E,3,0,210",6,4eba47c
2026-10-07T18:40:29.929392+00:00,2026-10-07T18:41:10.607502+00:00,UNO,"ST,39000,RRGR,E,3,0,210",6,4eba47c
2026-10-07T18:40:29.929392+00:00,2026-10-07T18:41:11.108562+00:00,UNO,"ST,39500,RRGR,E,3,0,210",6,4eba47c
2026-10-07T18:40:29.929392+00:00,2026-10-07T18:41:11.608000+00:00,UNO,"ST,40000,RRGR,E,3,0,210",6,4eba47c
2026-10-07T18:40:29.929392+00:00,2026-10-07T18:41:11.733977+00:00,UNO,"EV,40126,PREEMP_FIM,3,AMBULANCIA",6,4eba47c
2026-10-07T18:40:29.929392+00:00,2026-10-07T18:41:11.764585+00:00,UNO,"ST,40126,RRYR,C,0,0,210",0,4eba47c
2026-10-07T18:40:29.929392+00:00,2026-10-07T18:41:12.107671+00:00,UNO,"ST,40500,RRYR,C,0,0,210",6,4eba47c
2026-10-07T18:40:29.929392+00:00,2026-10-07T18:41:12.608717+00:00,UNO,"ST,41000,RRYR,C,0,0,210",6,4eba47c
2026-10-07T18:40:29.929392+00:00,2026-10-07T18:41:13.108788+00:00,UNO,"ST,41500,RRYR,C,0,0,210",6,4eba47c
2026-10-07T18:40:29.929392+00:00,2026-10-07T18:41:13.608981+00:00,UNO,"ST,42000,RRYR,C,0,0,210",6,4eba47c
2026-10-07T18:40:29.929392+00:00,2026-10-07T18:41:13.734873+00:00,UNO,"ST,42126,RRRR,C,0,0,210",6,4eba47c
2026-10-07T18:40:29.929392+00:00,2026-10-07T18:41:14.108261+00:00,UNO,"ST,42500,RRRR,C,0,0,210",6,4eba47c
2026-10-07T18:40:29.929392+00:00,2026-10-07T18:41:14.609329+00:00,UNO,"ST,43000,RRRR,C,0,0,210",6,4eba47c
2026-10-07T18:40:29.929392+00:00,2026-10-07T18:41:14.735572+00:00,UNO,"ST,43126,GGRR,C,0,0,210",6,4eba47c
2026-10-07T18:40:29.929392+00:00,2026-10-07T18:41:15.109354+00:00,UNO,"ST,43500,GGRR,C,0,0,210",6,4eba47c
2026-10-07T18:40:29.929392+00:00,2026-10-07T18:41:15.609078+00:00,UNO,"ST,44000,GGRR,C,0,0,210",6,4eba47c
2026-10-07T18:40:29.929392+00:00,2026-10-07T18:41:16.110156+00:00,UNO,"ST,44500,GGRR,C,0,0,210",6,4eba47c
2026-10-07T18:40:29.929392+00:00,2026-10-07T18:41:16.609546+00:00,UNO,"ST,45000,GGRR,C,0,0,210",6,4eba47c
2026-10-07T18:40:29.929392+00:00,2026-10-07T18:41:17.109594+00:00,UNO,"ST,45500,GGRR,C,0,0,210",6,4eba47c
2026-10-07T18:40:29.929392+00:00,2026-10-07T18:41:17.609308+00:00,UNO,"ST,46000,GGRR,C,0,0,210",6,4eba47c
2026-10-07T18:40:29.929392+00:00,2026-10-07T18:41:17.735686+00:00,UNO,"ST,46126,YYRR,C,0,0,210",6,4eba47c
2026-10-07T18:40:29.929392+00:00,2026-10-07T18:41:18.110359+00:00,UNO,"ST,46500,YYRR,C,0,0,210",6,4eba47c
2026-10-07T18:40:29.929392+00:00,2026-10-07T18:41:18.610418+00:00,UNO,"ST,47000,YYRR,C,0,0,210",6,4eba47c
2026-10-07T18:40:29.929392+00:00,2026-10-07T18:41:19.109844+00:00,UNO,"ST,47500,YYRR,C,0,0,210",6,4eba47c
2026-10-07T18:40:29.929392+00:00,2026-10-07T18:41:19.609901+00:00,UNO,"ST,48000,YYRR,C,0,0,210",6,4eba47c
2026-10-07T18:40:29.929392+00:00,2026-10-07T18:41:19.736920+00:00,UNO,"ST,48126,RRRR,C,0,0,210",6,4eba47c
2026-10-07T18:40:29.929392+00:00,2026-10-07T18:41:20.110943+00:00,UNO,"ST,48500,RRRR,C,0,0,210",6,4eba47c
2026-10-07T18:40:29.929392+00:00,2026-10-07T18:41:20.610678+00:00,UNO,"ST,49000,RRRR,C,0,0,210",6,4eba47c
2026-10-07T18:40:29.929392+00:00,2026-10-07T18:41:20.736680+00:00,UNO,"ST,49126,RRGG,C,0,0,210",6,4eba47c
2026-10-07T18:40:29.929392+00:00,2026-10-07T18:41:21.110701+00:00,UNO,"ST,49500,RRGG,C,0,0,210",6,4eba47c
2026-10-07T18:40:29.929392+00:00,2026-10-07T18:41:21.611160+00:00,UNO,"ST,50000,RRGG,C,0,0,210",6,4eba47c
2026-10-07T18:40:29.929392+00:00,2026-10-07T18:41:22.111190+00:00,UNO,"ST,50500,RRGG,C,0,0,210",6,4eba47c
2026-10-07T18:40:29.929392+00:00,2026-10-07T18:41:22.610877+00:00,UNO,"ST,51000,RRGG,C,0,0,210",6,4eba47c
2026-10-07T18:40:29.929392+00:00,2026-10-07T18:41:23.110944+00:00,UNO,"ST,51500,RRGG,C,0,0,210",6,4eba47c
2026-10-07T18:40:29.929392+00:00,2026-10-07T18:41:23.612008+00:00,UNO,"ST,52000,RRGG,C,0,0,210",6,4eba47c
2026-10-07T18:40:29.929392+00:00,2026-10-07T18:41:23.738057+00:00,UNO,"ST,52126,RRYY,C,0,0,210",6,4eba47c
2026-10-07T18:40:29.929392+00:00,2026-10-07T18:41:24.112043+00:00,UNO,"ST,52500,RRYY,C,0,0,210",6,4eba47c
2026-10-07T18:40:29.929392+00:00,2026-10-07T18:41:24.611485+00:00,UNO,"ST,53000,RRYY,C,0,0,210",6,4eba47c
2026-10-07T18:40:29.929392+00:00,2026-10-07T18:41:25.112527+00:00,UNO,"ST,53500,RRYY,C,0,0,210",6,4eba47c
2026-10-07T18:40:29.929392+00:00,2026-10-07T18:41:25.612228+00:00,UNO,"ST,54000,RRYY,C,0,0,210",6,4eba47c
2026-10-07T18:40:29.929392+00:00,2026-10-07T18:41:25.738274+00:00,UNO,"ST,54126,RRRR,C,0,0,210",6,4eba47c
2026-10-07T18:40:29.929392+00:00,2026-10-07T18:41:26.112298+00:00,UNO,"ST,54500,RRRR,C,0,0,210",6,4eba47c
2026-10-07T18:40:29.929392+00:00,2026-10-07T18:41:26.612347+00:00,UNO,"ST,55000,RRRR,C,0,0,210",6,4eba47c
2026-10-07T18:40:29.929392+00:00,2026-10-07T18:41:26.738376+00:00,UNO,"ST,55126,GGRR,C,0,0,210",6,4eba47c
2026-10-07T18:40:29.929392+00:00,2026-10-07T18:41:27.113404+00:00,UNO,"ST,55500,GGRR,C,0,0,210",6,4eba47c
2026-10-07T18:40:29.929392+00:00,2026-10-07T18:41:27.612818+00:00,UNO,"ST,56000,GGRR,C,0,0,210",6,4eba47c
2026-10-07T18:40:29.929392+00:00,2026-10-07T18:41:28.112878+00:00,UNO,"ST,56500,GGRR,C,0,0,210",6,4eba47c
2026-10-07T18:40:29.929392+00:00,2026-10-07T18:41:28.613610+00:00,UNO,"ST,57000,GGRR,C,0,0,210",6,4eba47c
2026-10-07T18:40:29.929392+00:00,2026-10-07T18:41:29.113636+00:00,UNO,"ST,57500,GGRR,C,0,0,210",6,4eba47c
2026-10-07T18:40:29.929392+00:00,2026-10-07T18:41:29.613071+00:00,UNO,"ST,58000,GGRR,C,0,0,210",6,4eba47c
2026-10-07T18:40:29.929392+00:00,2026-10-07T18:41:29.739722+00:00,UNO,"ST,58126,YYRR,C,0,0,210",6,4eba47c
2026-10-07T18:40:29.929392+00:00,2026-10-07T18:41:30.113107+00:00,UNO,"ST,58500,YYRR,C,0,0,210",6,4eba47c
2026-10-07T18:40:29.929392+00:00,2026-10-07T18:41:30.614229+00:00,UNO,"ST,59000,YYRR,C,0,0,210",6,4eba47c
2026-10-07T18:40:29.929392+00:00,2026-10-07T18:41:31.113871+00:00,UNO,"ST,59500,YYRR,C,0,0,210",6,4eba47c
2026-10-07T18:40:29.929392+00:00,2026-10-07T18:41:31.613956+00:00,UNO,"ST,60000,YYRR,C,0,0,210",6,4eba47c
2026-10-07T18:40:29.929392+00:00,2026-10-07T18:41:31.739942+00:00,UNO,"ST,60126,RRRR,C,0,0,210",6,4eba47c
2026-10-07T18:40:29.929392+00:00,2026-10-07T18:41:32.114988+00:00,UNO,"ST,60500,RRRR,C,0,0,210",6,4eba47c
2026-10-07T18:40:29.929392+00:00,2026-10-07T18:41:32.614445+00:00,UNO,"ST,61000,RRRR,C,0,0,210",6,4eba47c
2026-10-07T18:40:29.929392+00:00,2026-10-07T18:41:32.741081+00:00,UNO,"ST,61126,RRGG,C,0,0,210",6,4eba47c
2026-10-07T18:40:29.929392+00:00,2026-10-07T18:41:33.114092+00:00,UNO,"ST,61500,RRGG,C,0,0,210",6,4eba47c
2026-10-07T18:40:29.929392+00:00,2026-10-07T18:41:33.614177+00:00,UNO,"ST,62000,RRGG,C,0,0,210",6,4eba47c
2026-10-07T18:40:29.929392+00:00,2026-10-07T18:41:34.115227+00:00,UNO,"ST,62500,RRGG,C,0,0,210",6,4eba47c
2026-10-07T18:40:29.929392+00:00,2026-10-07T18:41:34.615295+00:00,UNO,"ST,63000,RRGG,C,0,0,210",6,4eba47c
2026-10-07T18:40:29.929392+00:00,2026-10-07T18:41:35.114687+00:00,UNO,"ST,63500,RRGG,C,0,0,210",6,4eba47c
2026-10-07T18:40:29.929392+00:00,2026-10-07T18:41:35.614747+00:00,UNO,"ST,64000,RRGG,C,0,0,210",6,4eba47c
2026-10-07T18:40:29.929392+00:00,2026-10-07T18:41:35.741780+00:00,UNO,"ST,64126,RRYY,C,0,0,210",6,4eba47c
2026-10-07T18:40:29.929392+00:00,2026-10-07T18:41:36.115457+00:00,UNO,"ST,64500,RRYY,C,0,0,210",6,4eba47c
2026-10-07T18:40:29.929392+00:00,2026-10-07T18:41:36.615508+00:00,UNO,"ST,65000,RRYY,C,0,0,210",6,4eba47c
2026-10-07T18:40:29.929392+00:00,2026-10-07T18:41:37.115571+00:00,UNO,"ST,65500,RRYY,C,0,0,210",6,4eba47c
2026-10-07T18:40:29.929392+00:00,2026-10-07T18:41:37.615991+00:00,UNO,"ST,66000,RRYY,C,0,0,210",6,4eba47c
2026-10-07T18:40:29.929392+00:00,2026-10-07T18:41:37.742063+00:00,UNO,"ST,66126,RRRR,C,0,0,210",6,4eba47c
2026-10-07T18:40:29.929392+00:00,2026-10-07T18:41:38.116054+00:00,UNO,"ST,66500,RRRR,C,0,0,210",6,4eba47c
2026-10-07T18:40:29.929392+00:00,2026-10-07T18:41:38.615765+00:00,UNO,"ST,67000,RRRR,C,0,0,210",6,4eba47c
2026-10-07T18:40:29.929392+00:00,2026-10-07T18:41:38.742102+00:00,UNO,"ST,67126,GGRR,C,0,0,210",6,4eba47c
2026-10-07T18:40:29.929392+00:00,2026-10-07T18:41:39.115799+00:00,UNO,"ST,67500,GGRR,C,0,0,210",6,4eba47c
2026-10-07T18:40:29.929392+00:00,2026-10-07T18:41:39.616873+00:00,UNO,"ST,68000,GGRR,C,0,0,210",6,4eba47c
2026-10-07T18:40:29.929392+00:00,2026-10-07T18:41:40.116939+00:00,UNO,"ST,68500,GGRR,C,0,0,210",6,4eba47c
2026-10-07T18:40:29.929392+00:00,2026-10-07T18:41:40.616344+00:00,UNO,"ST,69000,GGRR,C,0,0,210",6,4eba47c
2026-10-07T18:40:29.929392+00:00,2026-10-07T18:41:41.117048+00:00,UNO,"ST,69500,GGRR,C,0,0,210",6,4eba47c
2026-10-07T18:40:29.929392+00:00,2026-10-07T18:41:41.617127+00:00,UNO,"ST,70000,GGRR,C,0,0,210",6,4eba47c
2026-10-07T18:40:29.929392+00:00,2026-10-07T18:41:41.743126+00:00,UNO,"ST,70126,YYRR,C,0,0,210",6,4eba47c
2026-10-07T18:40:29.929392+00:00,2026-10-07T18:41:42.117252+00:00,UNO,"ST,70500,YYRR,C,0,0,210",6,4eba47c
2026-10-07T18:40:29.929392+00:00,2026-10-07T18:41:42.616582+00:00,UNO,"ST,71000,YYRR,C,0,0,210",6,4eba47c
2026-10-07T18:40:29.929392+00:00,2026-10-07T18:41:43.117639+00:00,UNO,"ST,71500,YYRR,C,0,0,210",6,4eba47c
2026-10-07T18:40:29.929392+00:00,2026-10-07T18:41:43.617345+00:00,UNO,"ST,72000,YYRR,C,0,0,210",6,4eba47c
2026-10-07T18:40:29.929392+00:00,2026-10-07T18:41:43.743719+00:00,UNO,"ST,72126,RRRR,C,0,0,210",6,4eba47c
2026-10-07T18:40:29.929392+00:00,2026-10-07T18:41:44.117383+00:00,UNO,"ST,72500,RRRR,C,0,0,210",6,4eba47c
2026-10-07T18:40:29.929392+00:00,2026-10-07T18:41:44.618461+00:00,UNO,"ST,73000,RRRR,C,0,0,210",6,4eba47c
2026-10-07T18:40:29.929392+00:00,2026-10-07T18:41:44.744729+00:00,UNO,"ST,73126,RRGG,C,0,0,210",6,4eba47c
2026-10-07T18:40:29.929392+00:00,2026-10-07T18:41:45.117856+00:00,UNO,"ST,73500,RRGG,C,0,0,210",6,4eba47c
2026-10-07T18:40:29.929392+00:00,2026-10-07T18:41:45.617930+00:00,UNO,"ST,74000,RRGG,C,0,0,210",6,4eba47c
2026-10-07T18:40:29.929392+00:00,2026-10-07T18:41:46.118058+00:00,UNO,"ST,74500,RRGG,C,0,0,210",6,4eba47c
2026-10-07T18:40:29.929392+00:00,2026-10-07T18:41:46.618693+00:00,UNO,"ST,75000,RRGG,C,0,0,210",6,4eba47c
2026-10-07T18:40:29.929392+00:00,2026-10-07T18:41:47.118747+00:00,UNO,"ST,75500,RRGG,C,0,0,210",6,4eba47c
2026-10-07T18:40:29.929392+00:00,2026-10-07T18:41:47.618802+00:00,UNO,"ST,76000,RRGG,C,0,0,210",6,4eba47c
2026-10-07T18:40:29.929392+00:00,2026-10-07T18:41:47.744823+00:00,UNO,"ST,76126,RRYY,C,0,0,210",6,4eba47c
2026-10-07T18:40:29.929392+00:00,2026-10-07T18:41:48.119870+00:00,UNO,"ST,76500,RRYY,C,0,0,210",6,4eba47c
2026-10-07T18:40:29.929392+00:00,2026-10-07T18:41:48.619280+00:00,UNO,"ST,77000,RRYY,C,0,0,210",6,4eba47c
2026-10-07T18:40:29.929392+00:00,2026-10-07T18:41:49.118980+00:00,UNO,"ST,77500,RRYY,C,0,0,210",6,4eba47c
2026-10-07T18:40:29.929392+00:00,2026-10-07T18:41:49.619041+00:00,UNO,"ST,78000,RRYY,C,0,0,210",6,4eba47c
2026-10-07T18:40:29.929392+00:00,2026-10-07T18:41:49.745063+00:00,UNO,"ST,78126,RRRR,C,0,0,210",6,4eba47c
2026-10-07T18:40:29.929392+00:00,2026-10-07T18:41:50.120094+00:00,UNO,"ST,78500,RRRR,C,0,0,210",6,4eba47c
2026-10-07T18:40:29.929392+00:00,2026-10-07T18:41:50.619504+00:00,UNO,"ST,79000,RRRR,C,0,0,210",6,4eba47c
2026-10-07T18:40:29.929392+00:00,2026-10-07T18:41:50.746166+00:00,UNO,"ST,79126,GGRR,C,0,0,210",6,4eba47c
2026-10-07T18:40:29.929392+00:00,2026-10-07T18:41:51.119549+00:00,UNO,"ST,79500,GGRR,C,0,0,210",6,4eba47c
2026-10-07T18:40:29.929392+00:00,2026-10-07T18:41:51.619291+00:00,UNO,"ST,80000,GGRR,C,0,0,210",6,4eba47c
2026-10-07T18:40:29.929392+00:00,2026-10-07T18:41:52.120318+00:00,UNO,"ST,80500,GGRR,C,0,0,210",6,4eba47c
2026-10-07T18:40:29.929392+00:00,2026-10-07T18:41:52.620383+00:00,UNO,"ST,81000,GGRR,C,0,0,210",6,4eba47c
2026-10-07T18:40:29.929392+00:00,2026-10-07T18:41:53.120453+00:00,UNO,"ST,81500,GGRR,C,0,0,210",6,4eba47c
2026-10-07T18:40:29.929392+00:00,2026-10-07T18:41:53.620867+00:00,UNO,"ST,82000,GGRR,C,0,0,210",6,4eba47c
2026-10-07T18:40:29.929392+00:00,2026-10-07T18:41:53.746879+00:00,UNO,"ST,82126,YYRR,C,0,0,210",6,4eba47c
2026-10-07T18:40:29.929392+00:00,2026-10-07T18:41:54.120922+00:00,UNO,"ST,82500,YYRR,C,0,0,210",6,4eba47c
2026-10-07T18:40:29.929392+00:00,2026-10-07T18:41:54.620625+00:00,UNO,"ST,83000,YYRR,C,0,0,210",6,4eba47c
2026-10-07T18:40:29.929392+00:00,2026-10-07T18:41:55.120666+00:00,UNO,"ST,83500,YYRR,C,0,0,210",6,4eba47c
2026-10-07T18:40:29.929392+00:00,2026-10-07T18:41:55.621101+00:00,UNO,"ST,84000,YYRR,C,0,0,210",6,4eba47c
2026-10-07T18:40:29.929392+00:00,2026-10-07T18:41:55.747752+00:00,UNO,"ST,84126,RRRR,C,0,0,210",6,4eba47c
2026-10-07T18:40:29.929392+00:00,2026-10-07T18:41:56.121140+00:00,UNO,"ST,84500,RRRR,C,0,0,210",6,4eba47c
2026-10-07T18:40:29.929392+00:00,2026-10-07T18:41:56.621208+00:00,UNO,"ST,85000,RRRR,C,0,0,210",6,4eba47c
2026-10-07T18:40:29.929392+00:00,2026-10-07T18:41:56.747219+00:00,UNO,"ST,85126,RRGG,C,0,0,210",6,4eba47c
2026-10-07T18:40:29.929392+00:00,2026-10-07T18:41:57.121975+00:00,UNO,"ST,85500,RRGG,C,0,0,210",6,4eba47c
2026-10-07T18:40:29.929392+00:00,2026-10-07T18:41:57.500448+00:00,PONTE,"AUT,AMBULANCIA,0",0,4eba47c
2026-10-07T18:40:29.929392+00:00,2026-10-07T18:41:57.501996+00:00,PONTE,"AUT,BOMBEIRO,0",0,4eba47c
2026-10-07T18:40:29.929392+00:00,2026-10-07T18:41:57.503103+00:00,PONTE,"AUT,POLICIA,0",0,4eba47c
2026-10-07T18:40:29.929392+00:00,2026-10-07T18:41:57.539965+00:00,UNO,"ST,85905,RRGG,C,0,0,010",13,4eba47c
2026-10-07T18:40:29.929392+00:00,2026-10-07T18:41:57.549725+00:00,UNO,"ST,85920,RRGG,C,0,0,000",2,4eba47c
2026-10-07T18:40:29.929392+00:00,2026-10-07T18:41:57.622294+00:00,UNO,"ST,86000,RRGG,C,0,0,000",6,4eba47c
2026-10-07T18:40:29.929392+00:00,2026-10-07T18:41:58.122076+00:00,UNO,"ST,86500,RRGG,C,0,0,000",6,4eba47c
2026-10-07T18:40:29.929392+00:00,2026-10-07T18:41:58.621449+00:00,UNO,"ST,87000,RRGG,C,0,0,000",6,4eba47c
2026-10-07T18:40:29.929392+00:00,2026-10-07T18:41:59.122506+00:00,UNO,"ST,87500,RRGG,C,0,0,000",6,4eba47c
2026-10-07T18:40:29.929392+00:00,2026-10-07T18:41:59.622276+00:00,UNO,"ST,88000,RRGG,C,0,0,000",6,4eba47c
2026-10-07T18:40:29.929392+00:00,2026-10-07T18:41:59.748197+00:00,UNO,"ST,88126,RRYY,C,0,0,000",6,4eba47c
2026-10-07T18:40:29.929392+00:00,2026-10-07T18:42:00.122311+00:00,UNO,"ST,88500,RRYY,C,0,0,000",6,4eba47c
2026-10-07T18:40:29.929392+00:00,2026-10-07T18:42:00.623311+00:00,UNO,"ST,89000,RRYY,C,0,0,000",6,4eba47c
2026-10-07T18:40:29.929392+00:00,2026-10-07T18:42:01.123363+00:00,UNO,"ST,89500,RRYY,C,0,0,000",6,4eba47c
2026-10-07T18:40:29.929392+00:00,2026-10-07T18:42:01.622831+00:00,UNO,"ST,90000,RRYY,C,0,0,000",6,4eba47c
2026-10-07T18:40:29.929392+00:00,2026-10-07T18:42:01.748812+00:00,UNO,"ST,90126,RRRR,C,0,0,000",6,4eba47c
2026-10-07T18:40:29.929392+00:00,2026-10-07T18:42:02.122505+00:00,UNO,"ST,90500,RRRR,C,0,0,000",6,4eba47c
2026-10-07T18:40:29.929392+00:00,2026-10-07T18:42:02.623556+00:00,UNO,"ST,91000,RRRR,C,0,0,000",6,4eba47c
2026-10-07T18:40:29.929392+00:00,2026-10-07T18:42:02.749671+00:00,UNO,"ST,91126,GGRR,C,0,0,000",6,4eba47c
2026-10-07T18:40:29.929392+00:00,2026-10-07T18:42:03.123622+00:00,UNO,"ST,91500,GGRR,C,0,0,000",6,4eba47c
2026-10-07T18:40:29.929392+00:00,2026-10-07T18:42:03.623675+00:00,UNO,"ST,92000,GGRR,C,0,0,000",6,4eba47c
2026-10-07T18:40:29.929392+00:00,2026-10-07T18:42:04.124079+00:00,UNO,"ST,92500,GGRR,C,0,0,000",6,4eba47c
2026-10-07T18:40:29.929392+00:00,2026-10-07T18:42:04.624142+00:00,UNO,"ST,93000,GGRR,C,0,0,000",6,4eba47c
2026-10-07T18:40:29.929392+00:00,2026-10-07T18:42:05.124353+00:00,UNO,"ST,93500,GGRR,C,0,0,000",6,4eba47c
2026-10-07T18:40:29.929392+00:00,2026-10-07T18:42:05.623919+00:00,UNO,"ST,94000,GGRR,C,0,0,000",6,4eba47c
2026-10-07T18:40:29.929392+00:00,2026-10-07T18:42:05.749907+00:00,UNO,"ST,94126,YYRR,C,0,0,000",6,4eba47c
2026-10-07T18:40:29.929392+00:00,2026-10-07T18:42:06.124950+00:00,UNO,"ST,94500,YYRR,C,0,0,000",6,4eba47c
2026-10-07T18:40:29.929392+00:00,2026-10-07T18:42:06.624378+00:00,UNO,"ST,95000,YYRR,C,0,0,000",6,4eba47c
2026-10-07T18:40:29.929392+00:00,2026-10-07T18:42:07.124066+00:00,UNO,"ST,95500,YYRR,C,0,0,000",6,4eba47c
2026-10-07T18:40:29.929392+00:00,2026-10-07T18:42:07.624142+00:00,UNO,"ST,96000,YYRR,C,0,0,000",6,4eba47c
2026-10-07T18:40:29.929392+00:00,2026-10-07T18:42:07.751157+00:00,UNO,"ST,96126,RRRR,C,0,0,000",6,4eba47c
2026-10-07T18:40:29.929392+00:00,2026-10-07T18:42:08.125179+00:00,UNO,"ST,96500,RRRR,C,0,0,000",6,4eba47c
2026-10-07T18:40:29.929392+00:00,2026-10-07T18:42:08.625254+00:00,UNO,"ST,97000,RRRR,C,0,0,000",6,4eba47c
2026-10-07T18:40:29.929392+00:00,2026-10-07T18:42:08.751270+00:00,UNO,"ST,97126,RRGG,C,0,0,000",6,4eba47c
2026-10-07T18:40:29.929392+00:00,2026-10-07T18:42:09.124659+00:00,UNO,"ST,97500,RRGG,C,0,0,000",6,4eba47c
2026-10-07T18:40:29.929392+00:00,2026-10-07T18:42:09.625729+00:00,UNO,"ST,98000,RRGG,C,0,0,000",6,4eba47c
2026-10-07T18:40:29.929392+00:00,2026-10-07T18:42:10.125448+00:00,UNO,"ST,98500,RRGG,C,0,0,000",6,4eba47c
2026-10-07T18:40:29.929392+00:00,2026-10-07T18:42:10.625482+00:00,UNO,"ST,99000,RRGG,C,0,0,000",6,4eba47c
2026-10-07T18:40:29.929392+00:00,2026-10-07T18:42:11.125594+00:00,UNO,"ST,99500,RRGG,C,0,0,000",6,4eba47c
2026-10-07T18:40:29.929392+00:00,2026-10-07T18:42:11.626639+00:00,UNO,"ST,100000,RRGG,C,0,0,000",6,4eba47c
2026-10-07T18:40:29.929392+00:00,2026-10-07T18:42:11.752600+00:00,UNO,"ST,100126,RRYY,C,0,0,000",6,4eba47c
2026-10-07T18:40:29.929392+00:00,2026-10-07T18:42:12.126000+00:00,UNO,"ST,100500,RRYY,C,0,0,000",6,4eba47c
2026-10-07T18:40:29.929392+00:00,2026-10-07T18:42:12.625735+00:00,UNO,"ST,101000,RRYY,C,0,0,000",6,4eba47c
2026-10-07T18:40:29.929392+00:00,2026-10-07T18:42:13.126769+00:00,UNO,"ST,101500,RRYY,C,0,0,000",6,4eba47c
2026-10-07T18:40:29.929392+00:00,2026-10-07T18:42:13.626842+00:00,UNO,"ST,102000,RRYY,C,0,0,000",6,4eba47c
2026-10-07T18:40:29.929392+00:00,2026-10-07T18:42:13.752852+00:00,UNO,"ST,102126,RRRR,C,0,0,000",6,4eba47c
2026-10-07T18:40:29.929392+00:00,2026-10-07T18:42:14.127486+00:00,UNO,"ST,102500,RRRR,C,0,0,000",6,4eba47c
2026-10-07T18:40:29.929392+00:00,2026-10-07T18:42:14.626296+00:00,UNO,"ST,103000,RRRR,C,0,0,000",6,4eba47c
2026-10-07T18:40:29.929392+00:00,2026-10-07T18:42:14.752332+00:00,UNO,"ST,103126,GGRR,C,0,0,000",6,4eba47c
2026-10-07T18:40:29.929392+00:00,2026-10-07T18:42:15.127345+00:00,UNO,"ST,103500,GGRR,C,0,0,000",6,4eba47c
2026-10-07T18:40:29.929392+00:00,2026-10-07T18:42:15.627070+00:00,UNO,"ST,104000,GGRR,C,0,0,000",6,4eba47c
2026-10-07T18:40:29.929392+00:00,2026-10-07T18:42:16.127105+00:00,UNO,"ST,104500,GGRR,C,0,0,000",6,4eba47c
2026-10-07T18:40:29.929392+00:00,2026-10-07T18:42:16.628181+00:00,UNO,"ST,105000,GGRR,C,0,0,000",6,4eba47c
2026-10-07T18:40:29.929392+00:00,2026-10-07T18:42:17.127601+00:00,UNO,"ST,105500,GGRR,C,0,0,000",6,4eba47c
2026-10-07T18:40:29.929392+00:00,2026-10-07T18:42:17.627298+00:00,UNO,"ST,106000,GGRR,C,0,0,000",6,4eba47c
2026-10-07T18:40:29.929392+00:00,2026-10-07T18:42:17.753294+00:00,UNO,"ST,106126,YYRR,C,0,0,000",6,4eba47c
2026-10-07T18:40:29.929392+00:00,2026-10-07T18:42:18.127338+00:00,UNO,"ST,106500,YYRR,C,0,0,000",6,4eba47c
2026-10-07T18:40:29.929392+00:00,2026-10-07T18:42:18.628430+00:00,UNO,"ST,107000,YYRR,C,0,0,000",6,4eba47c
2026-10-07T18:40:29.929392+00:00,2026-10-07T18:42:19.128455+00:00,UNO,"ST,107500,YYRR,C,0,0,000",6,4eba47c
2026-10-07T18:40:29.929392+00:00,2026-10-07T18:42:19.627892+00:00,UNO,"ST,108000,YYRR,C,0,0,000",6,4eba47c
2026-10-07T18:40:29.929392+00:00,2026-10-07T18:42:19.753910+00:00,UNO,"ST,108126,RRRR,C,0,0,000",6,4eba47c
2026-10-07T18:40:29.929392+00:00,2026-10-07T18:42:20.128931+00:00,UNO,"ST,108500,RRRR,C,0,0,000",6,4eba47c
2026-10-07T18:40:29.929392+00:00,2026-10-07T18:42:20.628642+00:00,UNO,"ST,109000,RRRR,C,0,0,000",6,4eba47c
2026-10-07T18:40:29.929392+00:00,2026-10-07T18:42:20.754674+00:00,UNO,"ST,109126,RRGG,C,0,0,000",6,4eba47c
2026-10-07T18:40:29.929392+00:00,2026-10-07T18:42:21.128699+00:00,UNO,"ST,109500,RRGG,C,0,0,000",6,4eba47c
2026-10-07T18:40:29.929392+00:00,2026-10-07T18:42:21.628789+00:00,UNO,"ST,110000,RRGG,C,0,0,000",6,4eba47c
2026-10-07T18:40:29.929392+00:00,2026-10-07T18:42:22.129173+00:00,UNO,"ST,110500,RRGG,C,0,0,000",6,4eba47c
2026-10-07T18:40:29.929392+00:00,2026-10-07T18:42:22.629230+00:00,UNO,"ST,111000,RRGG,C,0,0,000",6,4eba47c
2026-10-07T18:40:29.929392+00:00,2026-10-07T18:42:23.128928+00:00,UNO,"ST,111500,RRGG,C,0,0,000",6,4eba47c
2026-10-07T18:40:29.929392+00:00,2026-10-07T18:42:23.629012+00:00,UNO,"ST,112000,RRGG,C,0,0,000",6,4eba47c
2026-10-07T18:40:29.929392+00:00,2026-10-07T18:42:23.756018+00:00,UNO,"ST,112126,RRYY,C,0,0,000",6,4eba47c
2026-10-07T18:40:29.929392+00:00,2026-10-07T18:42:24.130039+00:00,UNO,"ST,112500,RRYY,C,0,0,000",6,4eba47c
2026-10-07T18:40:29.929392+00:00,2026-10-07T18:42:24.629475+00:00,UNO,"ST,113000,RRYY,C,0,0,000",6,4eba47c
2026-10-07T18:40:29.929392+00:00,2026-10-07T18:42:25.129524+00:00,UNO,"ST,113500,RRYY,C,0,0,000",6,4eba47c
2026-10-07T18:40:29.929392+00:00,2026-10-07T18:42:25.631119+00:00,UNO,"ST,114000,RRYY,C,0,0,000",6,4eba47c
2026-10-07T18:40:29.929392+00:00,2026-10-07T18:42:25.756793+00:00,UNO,"ST,114126,RRRR,C,0,0,000",6,4eba47c
2026-10-07T18:40:29.929392+00:00,2026-10-07T18:42:26.130285+00:00,UNO,"ST,114500,RRRR,C,0,0,000",6,4eba47c
2026-10-07T18:40:29.929392+00:00,2026-10-07T18:42:26.630332+00:00,UNO,"ST,115000,RRRR,C,0,0,000",6,4eba47c
2026-10-07T18:40:29.929392+00:00,2026-10-07T18:42:26.756355+00:00,UNO,"ST,115126,GGRR,C,0,0,000",6,4eba47c
2026-10-07T18:40:29.929392+00:00,2026-10-07T18:42:27.130392+00:00,UNO,"ST,115500,GGRR,C,0,0,000",6,4eba47c
2026-10-07T18:40:29.929392+00:00,2026-10-07T18:42:27.630828+00:00,UNO,"ST,116000,GGRR,C,0,0,000",6,4eba47c
2026-10-07T18:40:29.929392+00:00,2026-10-07T18:42:28.130878+00:00,UNO,"ST,116500,GGRR,C,0,0,000",6,4eba47c
2026-10-07T18:40:29.929392+00:00,2026-10-07T18:42:28.630581+00:00,UNO,"ST,117000,GGRR,C,0,0,000",6,4eba47c
2026-10-07T18:40:29.929392+00:00,2026-10-07T18:42:29.131644+00:00,UNO,"ST,117500,GGRR,C,0,0,000",6,4eba47c
2026-10-07T18:40:29.929392+00:00,2026-10-07T18:42:29.631735+00:00,UNO,"ST,118000,GGRR,C,0,0,000",6,4eba47c
2026-10-07T18:40:29.929392+00:00,2026-10-07T18:42:29.757714+00:00,UNO,"ST,118126,YYRR,C,0,0,000",6,4eba47c
2026-10-07T18:40:29.929392+00:00,2026-10-07T18:42:30.131122+00:00,UNO,"ST,118500,YYRR,C,0,0,000",6,4eba47c
2026-10-07T18:40:29.929392+00:00,2026-10-07T18:42:30.630823+00:00,UNO,"ST,119000,YYRR,C,0,0,000",6,4eba47c
2026-10-07T18:40:29.929392+00:00,2026-10-07T18:42:31.131877+00:00,UNO,"ST,119500,YYRR,C,0,0,000",6,4eba47c
2026-10-07T18:40:29.929392+00:00,2026-10-07T18:42:31.631938+00:00,UNO,"ST,120000,YYRR,C,0,0,000",6,4eba47c
2026-10-07T18:40:29.929392+00:00,2026-10-07T18:42:31.757965+00:00,UNO,"ST,120126,RRRR,C,0,0,000",6,4eba47c
2026-10-07T18:40:29.929392+00:00,2026-10-07T18:42:32.131988+00:00,UNO,"ST,120500,RRRR,C,0,0,000",6,4eba47c
2026-10-07T18:40:29.929392+00:00,2026-10-07T18:42:32.632400+00:00,UNO,"ST,121000,RRRR,C,0,0,000",6,4eba47c
2026-10-07T18:40:29.929392+00:00,2026-10-07T18:42:32.759063+00:00,UNO,"ST,121126,RRGG,C,0,0,000",6,4eba47c
2026-10-07T18:40:29.929392+00:00,2026-10-07T18:42:33.132462+00:00,UNO,"ST,121500,RRGG,C,0,0,000",6,4eba47c
2026-10-07T18:40:29.929392+00:00,2026-10-07T18:42:33.632176+00:00,UNO,"ST,122000,RRGG,C,0,0,000",6,4eba47c
2026-10-07T18:40:29.929392+00:00,2026-10-07T18:42:34.132235+00:00,UNO,"ST,122500,RRGG,C,0,0,000",6,4eba47c
2026-10-07T18:40:29.929392+00:00,2026-10-07T18:42:34.633282+00:00,UNO,"ST,123000,RRGG,C,0,0,000",6,4eba47c
2026-10-07T18:40:29.929392+00:00,2026-10-07T18:42:35.132692+00:00,UNO,"ST,123500,RRGG,C,0,0,000",6,4eba47c
2026-10-07T18:40:29.929392+00:00,2026-10-07T18:42:35.632755+00:00,UNO,"ST,124000,RRGG,C,0,0,000",6,4eba47c
2026-10-07T18:40:29.929392+00:00,2026-10-07T18:42:35.758772+00:00,UNO,"ST,124126,RRYY,C,0,0,000",6,4eba47c
2026-10-07T18:40:29.929392+00:00,2026-10-07T18:42:36.133815+00:00,UNO,"ST,124500,RRYY,C,0,0,000",6,4eba47c
2026-10-07T18:40:29.929392+00:00,2026-10-07T18:42:36.633495+00:00,UNO,"ST,125000,RRYY,C,0,0,000",6,4eba47c
2026-10-07T18:40:29.929392+00:00,2026-10-07T18:42:37.133553+00:00,UNO,"ST,125500,RRYY,C,0,0,000",6,4eba47c
2026-10-07T18:40:29.929392+00:00,2026-10-07T18:42:37.633614+00:00,UNO,"ST,126000,RRYY,C,0,0,000",6,4eba47c
2026-10-07T18:40:29.929392+00:00,2026-10-07T18:42:37.759642+00:00,UNO,"ST,126126,RRRR,C,0,0,000",6,4eba47c
2026-10-07T18:40:29.929392+00:00,2026-10-07T18:42:38.134042+00:00,UNO,"ST,126500,RRRR,C,0,0,000",6,4eba47c
2026-10-07T18:40:29.929392+00:00,2026-10-07T18:42:38.633747+00:00,UNO,"ST,127000,RRRR,C,0,0,000",6,4eba47c
2026-10-07T18:40:29.929392+00:00,2026-10-07T18:42:38.760130+00:00,UNO,"ST,127126,GGRR,C,0,0,000",6,4eba47c
2026-10-07T18:40:29.929392+00:00,2026-10-07T18:42:39.133793+00:00,UNO,"ST,127500,GGRR,C,0,0,000",6,4eba47c
2026-10-07T18:40:29.929392+00:00,2026-10-07T18:42:39.633874+00:00,UNO,"ST,128000,GGRR,C,0,0,000",6,4eba47c
2026-10-07T18:40:29.929392+00:00,2026-10-07T18:42:40.134927+00:00,UNO,"ST,128500,GGRR,C,0,0,000",6,4eba47c
2026-10-07T18:40:29.929392+00:00,2026-10-07T18:42:40.634327+00:00,UNO,"ST,129000,GGRR,C,0,0,000",6,4eba47c
2026-10-07T18:40:29.929392+00:00,2026-10-07T18:42:41.134384+00:00,UNO,"ST,129500,GGRR,C,0,0,000",6,4eba47c
2026-10-07T18:40:29.929392+00:00,2026-10-07T18:42:41.635119+00:00,UNO,"ST,130000,GGRR,C,0,0,000",6,4eba47c
2026-10-07T18:40:29.929392+00:00,2026-10-07T18:42:41.761095+00:00,UNO,"ST,130126,YYRR,C,0,0,000",6,4eba47c
2026-10-07T18:40:29.929392+00:00,2026-10-07T18:42:42.135139+00:00,UNO,"ST,130500,YYRR,C,0,0,000",6,4eba47c
2026-10-07T18:40:29.929392+00:00,2026-10-07T18:42:42.635200+00:00,UNO,"ST,131000,YYRR,C,0,0,000",6,4eba47c
2026-10-07T18:40:29.929392+00:00,2026-10-07T18:42:43.134626+00:00,UNO,"ST,131500,YYRR,C,0,0,000",6,4eba47c
2026-10-07T18:40:29.929392+00:00,2026-10-07T18:42:43.635699+00:00,UNO,"ST,132000,YYRR,C,0,0,000",6,4eba47c
2026-10-07T18:40:29.929392+00:00,2026-10-07T18:42:43.761711+00:00,UNO,"ST,132126,RRRR,C,0,0,000",6,4eba47c
2026-10-07T18:40:29.929392+00:00,2026-10-07T18:42:44.135399+00:00,UNO,"ST,132500,RRRR,C,0,0,000",6,4eba47c
2026-10-07T18:40:29.929392+00:00,2026-10-07T18:42:44.635437+00:00,UNO,"ST,133000,RRRR,C,0,0,000",6,4eba47c
2026-10-07T18:40:29.929392+00:00,2026-10-07T18:42:44.761442+00:00,UNO,"ST,133126,RRGG,C,0,0,000",6,4eba47c
2026-10-07T18:40:29.929392+00:00,2026-10-07T18:42:45.136521+00:00,UNO,"ST,133500,RRGG,C,0,0,000",6,4eba47c
2026-10-07T18:40:29.929392+00:00,2026-10-07T18:42:45.635917+00:00,UNO,"ST,134000,RRGG,C,0,0,000",6,4eba47c
2026-10-07T18:40:29.929392+00:00,2026-10-07T18:42:46.135974+00:00,UNO,"ST,134500,RRGG,C,0,0,000",6,4eba47c
2026-10-07T18:40:29.929392+00:00,2026-10-07T18:42:46.635661+00:00,UNO,"ST,135000,RRGG,C,0,0,000",6,4eba47c
2026-10-07T18:40:29.929392+00:00,2026-10-07T18:42:47.136742+00:00,UNO,"ST,135500,RRGG,C,0,0,000",6,4eba47c
2026-10-07T18:40:29.929392+00:00,2026-10-07T18:42:47.636787+00:00,UNO,"ST,136000,RRGG,C,0,0,000",6,4eba47c
2026-10-07T18:40:29.929392+00:00,2026-10-07T18:42:47.762810+00:00,UNO,"ST,136126,RRYY,C,0,0,000",6,4eba47c
2026-10-07T18:40:29.929392+00:00,2026-10-07T18:42:48.136191+00:00,UNO,"ST,136500,RRYY,C,0,0,000",6,4eba47c
2026-10-07T18:40:29.929392+00:00,2026-10-07T18:42:48.637275+00:00,UNO,"ST,137000,RRYY,C,0,0,000",6,4eba47c
2026-10-07T18:40:29.929392+00:00,2026-10-07T18:42:49.136966+00:00,UNO,"ST,137500,RRYY,C,0,0,000",6,4eba47c
2026-10-07T18:40:29.929392+00:00,2026-10-07T18:42:49.637037+00:00,UNO,"ST,138000,RRYY,C,0,0,000",6,4eba47c
2026-10-07T18:40:29.929392+00:00,2026-10-07T18:42:49.763047+00:00,UNO,"ST,138126,RRRR,C,0,0,000",6,4eba47c
2026-10-07T18:40:29.929392+00:00,2026-10-07T18:42:50.137089+00:00,UNO,"ST,138500,RRRR,C,0,0,000",6,4eba47c
2026-10-07T18:40:29.929392+00:00,2026-10-07T18:42:50.638135+00:00,UNO,"ST,139000,RRRR,C,0,0,000",6,4eba47c
2026-10-07T18:40:29.929392+00:00,2026-10-07T18:42:50.764208+00:00,UNO,"ST,139126,GGRR,C,0,0,000",6,4eba47c
2026-10-07T18:40:29.929392+00:00,2026-10-07T18:42:51.137598+00:00,UNO,"ST,139500,GGRR,C,0,0,000",6,4eba47c
2026-10-07T18:40:29.929392+00:00,2026-10-07T18:42:51.637682+00:00,UNO,"ST,140000,GGRR,C,0,0,000",6,4eba47c
2026-10-07T18:40:29.929392+00:00,2026-10-07T18:42:52.138317+00:00,UNO,"ST,140500,GGRR,C,0,0,000",6,4eba47c
2026-10-07T18:40:29.929392+00:00,2026-10-07T18:42:52.638373+00:00,UNO,"ST,141000,GGRR,C,0,0,000",6,4eba47c
2026-10-07T18:40:29.929392+00:00,2026-10-07T18:42:53.138414+00:00,UNO,"ST,141500,GGRR,C,0,0,000",6,4eba47c
2026-10-07T18:40:29.929392+00:00,2026-10-07T18:42:53.637910+00:00,UNO,"ST,142000,GGRR,C,0,0,000",6,4eba47c
2026-10-07T18:40:29.929392+00:00,2026-10-07T18:42:53.763869+00:00,UNO,"ST,142126,YYRR,C,0,0,000",6,4eba47c
2026-10-07T18:40:29.929392+00:00,2026-10-07T18:42:54.138533+00:00,UNO,"ST,142500,YYRR,C,0,0,000",6,4eba47c
2026-10-07T18:40:29.929392+00:00,2026-10-07T18:42:54.638605+00:00,UNO,"ST,143000,YYRR,C,0,0,000",6,4eba47c
2026-10-07T18:40:29.929392+00:00,2026-10-07T18:42:54.688619+00:00,UNO,"EV,143049,SEM_OCORRENCIA,3,AMBULANCIA",6,4eba47c
2026-10-07T18:40:29.929392+00:00,2026-10-07T18:42:55.138672+00:00,UNO,"ST,143500,YYRR,C,0,0,000",6,4eba47c
2026-10-07T18:40:29.929392+00:00,2026-10-07T18:42:55.638708+00:00,UNO,"ST,144000,YYRR,C,0,0,000",6,4eba47c
2026-10-07T18:40:29.929392+00:00,2026-10-07T18:42:55.765731+00:00,UNO,"ST,144126,RRRR,C,0,0,000",6,4eba47c
2026-10-07T18:40:29.929392+00:00,2026-10-07T18:42:56.139121+00:00,UNO,"ST,144500,RRRR,C,0,0,000",6,4eba47c
2026-10-07T18:40:29.929392+00:00,2026-10-07T18:42:56.639204+00:00,UNO,"ST,145000,RRRR,C,0,0,000",6,4eba47c
2026-10-07T18:40:29.929392+00:00,2026-10-07T18:42:56.765211+00:00,UNO,"ST,145126,RRGG,C,0,0,000",6,4eba47c
2026-10-07T18:40:29.929392+00:00,2026-10-07T18:42:57.138888+00:00,UNO,"ST,145500,RRGG,C,0,0,000",6,4eba47c
2026-10-07T18:40:29.929392+00:00,2026-10-07T18:42:57.639942+00:00,UNO,"ST,146000,RRGG,C,0,0,000",6,4eba47c
2026-10-07T18:40:29.929392+00:00,2026-10-07T18:42:58.140026+00:00,UNO,"ST,146500,RRGG,C,0,0,000",6,4eba47c
2026-10-07T18:40:29.929392+00:00,2026-10-07T18:42:58.639438+00:00,UNO,"ST,147000,RRGG,C,0,0,000",6,4eba47c
2026-10-07T18:40:29.929392+00:00,2026-10-07T18:42:59.139493+00:00,UNO,"ST,147500,RRGG,C,0,0,000",6,4eba47c
2026-10-07T18:40:29.929392+00:00,2026-10-07T18:42:59.640191+00:00,UNO,"ST,148000,RRGG,C,0,0,000",6,4eba47c
2026-10-07T18:40:29.929392+00:00,2026-10-07T18:42:59.766574+00:00,UNO,"ST,148126,RRYY,C,0,0,000",6,4eba47c
2026-10-07T18:40:29.929392+00:00,2026-10-07T18:43:00.140250+00:00,UNO,"ST,148500,RRYY,C,0,0,000",6,4eba47c
2026-10-07T18:40:29.929392+00:00,2026-10-07T18:43:00.640375+00:00,UNO,"ST,149000,RRYY,C,0,0,000",6,4eba47c
2026-10-07T18:40:29.929392+00:00,2026-10-07T18:43:01.141363+00:00,UNO,"ST,149500,RRYY,C,0,0,000",6,4eba47c
2026-10-07T18:40:29.929392+00:00,2026-10-07T18:43:01.641418+00:00,UNO,"ST,150000,RRYY,C,0,0,000",6,4eba47c
2026-10-07T18:40:29.929392+00:00,2026-10-07T18:43:01.766810+00:00,UNO,"ST,150126,RRRR,C,0,0,000",6,4eba47c
2026-10-07T18:40:29.929392+00:00,2026-10-07T18:43:02.140484+00:00,UNO,"ST,150500,RRRR,C,0,0,000",6,4eba47c
2026-10-07T18:40:29.929392+00:00,2026-10-07T18:43:02.640526+00:00,UNO,"ST,151000,RRRR,C,0,0,000",6,4eba47c
2026-10-07T18:40:29.929392+00:00,2026-10-07T18:43:02.766557+00:00,UNO,"ST,151126,GGRR,C,0,0,000",6,4eba47c
2026-10-07T18:40:29.929392+00:00,2026-10-07T18:43:03.141604+00:00,UNO,"ST,151500,GGRR,C,0,0,000",6,4eba47c
2026-10-07T18:40:29.929392+00:00,2026-10-07T18:43:03.641669+00:00,UNO,"ST,152000,GGRR,C,0,0,000",6,4eba47c
2026-10-07T18:40:29.929392+00:00,2026-10-07T18:43:04.141056+00:00,UNO,"ST,152500,GGRR,C,0,0,000",6,4eba47c
2026-10-07T18:40:29.929392+00:00,2026-10-07T18:43:04.642128+00:00,UNO,"ST,153000,GGRR,C,0,0,000",6,4eba47c
2026-10-07T18:40:29.929392+00:00,2026-10-07T18:43:05.141838+00:00,UNO,"ST,153500,GGRR,C,0,0,000",6,4eba47c
2026-10-07T18:40:29.929392+00:00,2026-10-07T18:43:05.641890+00:00,UNO,"ST,154000,GGRR,C,0,0,000",6,4eba47c
2026-10-07T18:40:29.929392+00:00,2026-10-07T18:43:05.767912+00:00,UNO,"ST,154126,YYRR,C,0,0,000",6,4eba47c
2026-10-07T18:40:29.929392+00:00,2026-10-07T18:43:06.141298+00:00,UNO,"ST,154500,YYRR,C,0,0,000",6,4eba47c
2026-10-07T18:40:29.929392+00:00,2026-10-07T18:43:06.642368+00:00,UNO,"ST,155000,YYRR,C,0,0,000",6,4eba47c
2026-10-07T18:40:29.929392+00:00,2026-10-07T18:43:07.142071+00:00,UNO,"ST,155500,YYRR,C,0,0,000",6,4eba47c
2026-10-07T18:40:29.929392+00:00,2026-10-07T18:43:07.642135+00:00,UNO,"ST,156000,YYRR,C,0,0,000",6,4eba47c
2026-10-07T18:40:29.929392+00:00,2026-10-07T18:43:07.768577+00:00,UNO,"ST,156126,RRRR,C,0,0,000",6,4eba47c
2026-10-07T18:40:29.929392+00:00,2026-10-07T18:43:08.143167+00:00,UNO,"ST,156500,RRRR,C,0,0,000",6,4eba47c
2026-10-07T18:40:29.929392+00:00,2026-10-07T18:43:08.643239+00:00,UNO,"ST,157000,RRRR,C,0,0,000",6,4eba47c
2026-10-07T18:40:29.929392+00:00,2026-10-07T18:43:08.769257+00:00,UNO,"ST,157126,RRGG,C,0,0,000",6,4eba47c
2026-10-07T18:40:29.929392+00:00,2026-10-07T18:43:09.142648+00:00,UNO,"ST,157500,RRGG,C,0,0,000",6,4eba47c
2026-10-07T18:40:29.929392+00:00,2026-10-07T18:43:09.642710+00:00,UNO,"ST,158000,RRGG,C,0,0,000",6,4eba47c
2026-10-07T18:40:29.929392+00:00,2026-10-07T18:43:10.143417+00:00,UNO,"ST,158500,RRGG,C,0,0,000",6,4eba47c
2026-10-07T18:40:29.929392+00:00,2026-10-07T18:43:10.643478+00:00,UNO,"ST,159000,RRGG,C,0,0,000",6,4eba47c
2026-10-07T18:40:29.929392+00:00,2026-10-07T18:43:10.690172+00:00,PONTE,"AUT,AMBULANCIA,1",0,4eba47c
2026-10-07T18:40:29.929392+00:00,2026-10-07T18:43:10.691216+00:00,PONTE,"AUT,BOMBEIRO,0",0,4eba47c
2026-10-07T18:40:29.929392+00:00,2026-10-07T18:43:10.691912+00:00,PONTE,"AUT,POLICIA,0",0,4eba47c
2026-10-07T18:40:29.929392+00:00,2026-10-07T18:43:10.729491+00:00,UNO,"ST,159073,RRGG,C,0,0,100",13,4eba47c
2026-10-07T18:40:29.929392+00:00,2026-10-07T18:43:11.143533+00:00,UNO,"ST,159500,RRGG,C,0,0,100",6,4eba47c
2026-10-07T18:40:29.929392+00:00,2026-10-07T18:43:11.642971+00:00,UNO,"ST,160000,RRGG,C,0,0,100",6,4eba47c
2026-10-07T18:40:29.929392+00:00,2026-10-07T18:43:11.769983+00:00,UNO,"ST,160126,RRYY,C,0,0,100",6,4eba47c
2026-10-07T18:40:29.929392+00:00,2026-10-07T18:43:12.144004+00:00,UNO,"ST,160500,RRYY,C,0,0,100",6,4eba47c
2026-10-07T18:40:29.929392+00:00,2026-10-07T18:43:12.643708+00:00,UNO,"ST,161000,RRYY,C,0,0,100",6,4eba47c
2026-10-07T18:40:29.929392+00:00,2026-10-07T18:43:13.143757+00:00,UNO,"ST,161500,RRYY,C,0,0,100",6,4eba47c
2026-10-07T18:40:29.929392+00:00,2026-10-07T18:43:13.644827+00:00,UNO,"ST,162000,RRYY,C,0,0,100",6,4eba47c
2026-10-07T18:40:29.929392+00:00,2026-10-07T18:43:13.770823+00:00,UNO,"ST,162126,RRRR,C,0,0,100",6,4eba47c
2026-10-07T18:40:29.929392+00:00,2026-10-07T18:43:14.144224+00:00,UNO,"ST,162500,RRRR,C,0,0,100",6,4eba47c
2026-10-07T18:40:29.929392+00:00,2026-10-07T18:43:14.644304+00:00,UNO,"ST,163000,RRRR,C,0,0,100",6,4eba47c
2026-10-07T18:40:29.929392+00:00,2026-10-07T18:43:14.770402+00:00,UNO,"ST,163126,GGRR,C,0,0,100",6,4eba47c
2026-10-07T18:40:29.929392+00:00,2026-10-07T18:43:15.143979+00:00,UNO,"ST,163500,GGRR,C,0,0,100",6,4eba47c
2026-10-07T18:40:29.929392+00:00,2026-10-07T18:43:15.645071+00:00,UNO,"ST,164000,GGRR,C,0,0,100",6,4eba47c
2026-10-07T18:40:29.929392+00:00,2026-10-07T18:43:16.145099+00:00,UNO,"ST,164500,GGRR,C,0,0,100",6,4eba47c
2026-10-07T18:40:29.929392+00:00,2026-10-07T18:43:16.644521+00:00,UNO,"ST,165000,GGRR,C,0,0,100",6,4eba47c
2026-10-07T18:40:29.929392+00:00,2026-10-07T18:43:17.145594+00:00,UNO,"ST,165500,GGRR,C,0,0,100",6,4eba47c
2026-10-07T18:40:29.929392+00:00,2026-10-07T18:43:17.645293+00:00,UNO,"ST,166000,GGRR,C,0,0,100",6,4eba47c
2026-10-07T18:40:29.929392+00:00,2026-10-07T18:43:17.771907+00:00,UNO,"ST,166126,YYRR,C,0,0,100",6,4eba47c
2026-10-07T18:40:29.929392+00:00,2026-10-07T18:43:18.145332+00:00,UNO,"ST,166500,YYRR,C,0,0,100",6,4eba47c
2026-10-07T18:40:29.929392+00:00,2026-10-07T18:43:18.645422+00:00,UNO,"ST,167000,YYRR,C,0,0,100",6,4eba47c
2026-10-07T18:40:29.929392+00:00,2026-10-07T18:43:19.146903+00:00,UNO,"ST,167500,YYRR,C,0,0,100",6,4eba47c
2026-10-07T18:40:29.929392+00:00,2026-10-07T18:43:19.645910+00:00,UNO,"ST,168000,YYRR,C,0,0,100",6,4eba47c
2026-10-07T18:40:29.929392+00:00,2026-10-07T18:43:19.771875+00:00,UNO,"ST,168126,RRRR,C,0,0,100",6,4eba47c
2026-10-07T18:40:29.929392+00:00,2026-10-07T18:43:20.145670+00:00,UNO,"ST,168500,RRRR,C,0,0,100",6,4eba47c
2026-10-07T18:40:29.929392+00:00,2026-10-07T18:43:20.646624+00:00,UNO,"ST,169000,RRRR,C,0,0,100",6,4eba47c
2026-10-07T18:40:29.929392+00:00,2026-10-07T18:43:20.772639+00:00,UNO,"ST,169126,RRGG,C,0,0,100",6,4eba47c
2026-10-07T18:40:29.929392+00:00,2026-10-07T18:43:21.146685+00:00,UNO,"ST,169500,RRGG,C,0,0,100",6,4eba47c
2026-10-07T18:40:29.929392+00:00,2026-10-07T18:43:21.646119+00:00,UNO,"ST,170000,RRGG,C,0,0,100",6,4eba47c
2026-10-07T18:40:29.929392+00:00,2026-10-07T18:43:22.146174+00:00,UNO,"ST,170500,RRGG,C,0,0,100",6,4eba47c
2026-10-07T18:40:29.929392+00:00,2026-10-07T18:43:22.646850+00:00,UNO,"ST,171000,RRGG,C,0,0,100",6,4eba47c
2026-10-07T18:40:29.929392+00:00,2026-10-07T18:43:23.146924+00:00,UNO,"ST,171500,RRGG,C,0,0,100",6,4eba47c
2026-10-07T18:40:29.929392+00:00,2026-10-07T18:43:23.646986+00:00,UNO,"ST,172000,RRGG,C,0,0,100",6,4eba47c
2026-10-07T18:40:29.929392+00:00,2026-10-07T18:43:23.773013+00:00,UNO,"ST,172126,RRYY,C,0,0,100",6,4eba47c
2026-10-07T18:40:29.929392+00:00,2026-10-07T18:43:24.149012+00:00,UNO,"ST,172500,RRYY,C,0,0,100",6,4eba47c
2026-10-07T18:40:29.929392+00:00,2026-10-07T18:43:24.647449+00:00,UNO,"ST,173000,RRYY,C,0,0,100",6,4eba47c
2026-10-07T18:40:29.929392+00:00,2026-10-07T18:43:25.065163+00:00,UNO,"EV,173416,PREEMP_INI,3,AMBULANCIA",6,4eba47c
2026-10-07T18:40:29.929392+00:00,2026-10-07T18:43:25.101489+00:00,UNO,"ST,173416,RRYY,E,3,0,100",6,4eba47c
2026-10-07T18:40:29.929392+00:00,2026-10-07T18:43:25.147520+00:00,UNO,"ST,173500,RRYY,E,3,0,100",6,4eba47c
2026-10-07T18:40:29.929392+00:00,2026-10-07T18:43:25.647225+00:00,UNO,"ST,174000,RRYY,E,3,0,100",6,4eba47c
2026-10-07T18:40:29.929392+00:00,2026-10-07T18:43:25.773230+00:00,UNO,"ST,174126,RRRR,E,3,0,100",6,4eba47c
2026-10-07T18:40:29.929392+00:00,2026-10-07T18:43:26.148264+00:00,UNO,"ST,174500,RRRR,E,3,0,100",6,4eba47c
2026-10-07T18:40:29.929392+00:00,2026-10-07T18:43:26.648334+00:00,UNO,"ST,175000,RRRR,E,3,0,100",6,4eba47c
2026-10-07T18:40:29.929392+00:00,2026-10-07T18:43:26.774349+00:00,UNO,"ST,175126,RRGR,E,3,0,100",6,4eba47c
2026-10-07T18:40:29.929392+00:00,2026-10-07T18:43:27.147747+00:00,UNO,"ST,175500,RRGR,E,3,0,100",6,4eba47c
2026-10-07T18:40:29.929392+00:00,2026-10-07T18:43:27.647798+00:00,UNO,"ST,176000,RRGR,E,3,0,100",6,4eba47c
2026-10-07T18:40:29.929392+00:00,2026-10-07T18:43:28.148585+00:00,UNO,"ST,176500,RRGR,E,3,0,100",6,4eba47c
2026-10-07T18:40:29.929392+00:00,2026-10-07T18:43:28.648556+00:00,UNO,"ST,177000,RRGR,E,3,0,100",6,4eba47c
2026-10-07T18:40:29.929392+00:00,2026-10-07T18:43:29.148634+00:00,UNO,"ST,177500,RRGR,E,3,0,100",6,4eba47c
2026-10-07T18:40:29.929392+00:00,2026-10-07T18:43:29.649679+00:00,UNO,"ST,178000,RRGR,E,3,0,100",6,4eba47c
2026-10-07T18:40:29.929392+00:00,2026-10-07T18:43:30.149094+00:00,UNO,"ST,178500,RRGR,E,3,0,100",6,4eba47c
2026-10-07T18:40:29.929392+00:00,2026-10-07T18:43:30.648807+00:00,UNO,"ST,179000,RRGR,E,3,0,100",6,4eba47c
2026-10-07T18:40:29.929392+00:00,2026-10-07T18:43:31.148867+00:00,UNO,"ST,179500,RRGR,E,3,0,100",6,4eba47c
2026-10-07T18:40:29.929392+00:00,2026-10-07T18:43:31.649938+00:00,UNO,"ST,180000,RRGR,E,3,0,100",6,4eba47c
2026-10-07T18:40:29.929392+00:00,2026-10-07T18:43:32.149965+00:00,UNO,"ST,180500,RRGR,E,3,0,100",6,4eba47c
2026-10-07T18:40:29.929392+00:00,2026-10-07T18:43:32.649396+00:00,UNO,"ST,181000,RRGR,E,3,0,100",6,4eba47c
2026-10-07T18:40:29.929392+00:00,2026-10-07T18:43:33.150443+00:00,UNO,"ST,181500,RRGR,E,3,0,100",6,4eba47c
2026-10-07T18:40:29.929392+00:00,2026-10-07T18:43:33.650197+00:00,UNO,"ST,182000,RRGR,E,3,0,100",6,4eba47c
2026-10-07T18:40:29.929392+00:00,2026-10-07T18:43:34.150214+00:00,UNO,"ST,182500,RRGR,E,3,0,100",6,4eba47c
2026-10-07T18:40:29.929392+00:00,2026-10-07T18:43:34.650258+00:00,UNO,"ST,183000,RRGR,E,3,0,100",6,4eba47c
2026-10-07T18:40:29.929392+00:00,2026-10-07T18:43:35.150690+00:00,UNO,"ST,183500,RRGR,E,3,0,100",6,4eba47c
2026-10-07T18:40:29.929392+00:00,2026-10-07T18:43:35.650744+00:00,UNO,"ST,184000,RRGR,E,3,0,100",6,4eba47c
2026-10-07T18:40:29.929392+00:00,2026-10-07T18:43:35.776751+00:00,UNO,"EV,184126,PREEMP_FIM,3,AMBULANCIA",6,4eba47c
2026-10-07T18:40:29.929392+00:00,2026-10-07T18:43:35.813378+00:00,UNO,"ST,184126,RRYR,C,0,0,100",6,4eba47c
2026-10-07T18:40:29.929392+00:00,2026-10-07T18:43:36.150791+00:00,UNO,"ST,184500,RRYR,C,0,0,100",6,4eba47c
2026-10-07T18:40:29.929392+00:00,2026-10-07T18:43:36.651509+00:00,UNO,"ST,185000,RRYR,C,0,0,100",6,4eba47c
2026-10-07T18:40:29.929392+00:00,2026-10-07T18:43:37.151545+00:00,UNO,"ST,185500,RRYR,C,0,0,100",6,4eba47c
2026-10-07T18:40:29.929392+00:00,2026-10-07T18:43:37.651605+00:00,UNO,"ST,186000,RRYR,C,0,0,100",6,4eba47c
2026-10-07T18:40:29.929392+00:00,2026-10-07T18:43:37.776995+00:00,UNO,"ST,186126,RRRR,C,0,0,100",6,4eba47c
2026-10-07T18:40:29.929392+00:00,2026-10-07T18:43:38.151017+00:00,UNO,"ST,186500,RRRR,C,0,0,100",6,4eba47c
2026-10-07T18:40:29.929392+00:00,2026-10-07T18:43:38.651724+00:00,UNO,"ST,187000,RRRR,C,0,0,100",6,4eba47c
2026-10-07T18:40:29.929392+00:00,2026-10-07T18:43:38.778109+00:00,UNO,"ST,187126,GGRR,C,0,0,100",6,4eba47c
2026-10-07T18:40:29.929392+00:00,2026-10-07T18:43:39.151778+00:00,UNO,"ST,187500,GGRR,C,0,0,100",6,4eba47c
2026-10-07T18:40:29.929392+00:00,2026-10-07T18:43:39.651844+00:00,UNO,"ST,188000,GGRR,C,0,0,100",6,4eba47c
2026-10-07T18:40:29.929392+00:00,2026-10-07T18:43:40.152905+00:00,UNO,"ST,188500,GGRR,C,0,0,100",6,4eba47c
2026-10-07T18:40:29.929392+00:00,2026-10-07T18:43:40.652337+00:00,UNO,"ST,189000,GGRR,C,0,0,100",6,4eba47c
2026-10-07T18:40:29.929392+00:00,2026-10-07T18:43:41.152383+00:00,UNO,"ST,189500,GGRR,C,0,0,100",6,4eba47c
2026-10-07T18:40:29.929392+00:00,2026-10-07T18:43:41.652103+00:00,UNO,"ST,190000,GGRR,C,0,0,100",6,4eba47c
2026-10-07T18:40:29.929392+00:00,2026-10-07T18:43:41.778113+00:00,UNO,"ST,190126,YYRR,C,0,0,100",6,4eba47c
2026-10-07T18:40:29.929392+00:00,2026-10-07T18:43:42.153140+00:00,UNO,"ST,190500,YYRR,C,0,0,100",6,4eba47c
2026-10-07T18:40:29.929392+00:00,2026-10-07T18:43:42.653192+00:00,UNO,"ST,191000,YYRR,C,0,0,100",6,4eba47c
2026-10-07T18:40:29.929392+00:00,2026-10-07T18:43:43.152621+00:00,UNO,"ST,191500,YYRR,C,0,0,100",6,4eba47c
2026-10-07T18:40:29.929392+00:00,2026-10-07T18:43:43.652679+00:00,UNO,"ST,192000,YYRR,C,0,0,100",6,4eba47c
2026-10-07T18:40:29.929392+00:00,2026-10-07T18:43:43.779699+00:00,UNO,"ST,192126,RRRR,C,0,0,100",6,4eba47c
2026-10-07T18:40:29.929392+00:00,2026-10-07T18:43:44.153358+00:00,UNO,"ST,192500,RRRR,C,0,0,100",6,4eba47c
2026-10-07T18:40:29.929392+00:00,2026-10-07T18:43:44.653419+00:00,UNO,"ST,193000,RRRR,C,0,0,100",6,4eba47c
2026-10-07T18:40:29.929392+00:00,2026-10-07T18:43:44.779466+00:00,UNO,"ST,193126,RRGG,C,0,0,100",6,4eba47c
2026-10-07T18:40:29.929392+00:00,2026-10-07T18:43:45.153478+00:00,UNO,"ST,193500,RRGG,C,0,0,100",6,4eba47c
2026-10-07T18:40:29.929392+00:00,2026-10-07T18:43:45.653915+00:00,UNO,"ST,194000,RRGG,C,0,0,100",6,4eba47c
2026-10-07T18:40:29.929392+00:00,2026-10-07T18:43:46.153954+00:00,UNO,"ST,194500,RRGG,C,0,0,100",6,4eba47c
2026-10-07T18:40:29.929392+00:00,2026-10-07T18:43:46.653666+00:00,UNO,"ST,195000,RRGG,C,0,0,100",6,4eba47c
2026-10-07T18:40:29.929392+00:00,2026-10-07T18:43:47.153743+00:00,UNO,"ST,195500,RRGG,C,0,0,100",6,4eba47c
2026-10-07T18:40:29.929392+00:00,2026-10-07T18:43:47.654786+00:00,UNO,"ST,196000,RRGG,C,0,0,100",6,4eba47c
2026-10-07T18:40:29.929392+00:00,2026-10-07T18:43:47.780806+00:00,UNO,"ST,196126,RRYY,C,0,0,100",6,4eba47c
2026-10-07T18:40:29.929392+00:00,2026-10-07T18:43:48.154179+00:00,UNO,"ST,196500,RRYY,C,0,0,100",6,4eba47c
2026-10-07T18:40:29.929392+00:00,2026-10-07T18:43:48.590389+00:00,PONTE,"AUT,AMBULANCIA,2",0,4eba47c
2026-10-07T18:40:29.929392+00:00,2026-10-07T18:43:48.591257+00:00,PONTE,"AUT,BOMBEIRO,1",0,4eba47c
2026-10-07T18:40:29.929392+00:00,2026-10-07T18:43:48.592042+00:00,PONTE,"AUT,POLICIA,0",0,4eba47c
2026-10-07T18:40:29.929392+00:00,2026-10-07T18:43:48.629889+00:00,UNO,"ST,196962,RRYY,C,0,0,200",13,4eba47c
2026-10-07T18:40:29.929392+00:00,2026-10-07T18:43:48.638962+00:00,UNO,"ST,196977,RRYY,C,0,0,210",1,4eba47c
2026-10-07T18:40:29.929392+00:00,2026-10-07T18:43:48.668752+00:00,UNO,"ST,197000,RRYY,C,0,0,210",3,4eba47c
2026-10-07T18:40:29.929392+00:00,2026-10-07T18:43:48.737755+00:00,PONTE,"RUA3,AMBULANCIA",0,4eba47c
2026-10-07T18:40:29.929392+00:00,2026-10-07T18:43:48.762908+00:00,UNO,"EV,197108,PREEMP_INI,3,AMBULANCIA",6,4eba47c
2026-10-07T18:40:29.929392+00:00,2026-10-07T18:43:48.799908+00:00,UNO,"ST,197108,RRYY,E,3,0,210",6,4eba47c
2026-10-07T18:40:29.929392+00:00,2026-10-07T18:43:49.154943+00:00,UNO,"ST,197500,RRYY,E,3,0,210",6,4eba47c
2026-10-07T18:40:29.929392+00:00,2026-10-07T18:43:49.655018+00:00,UNO,"ST,198000,RRYY,E,3,0,210",6,4eba47c
2026-10-07T18:40:29.929392+00:00,2026-10-07T18:43:49.781035+00:00,UNO,"ST,198126,RRRR,E,3,0,210",6,4eba47c
2026-10-07T18:40:29.929392+00:00,2026-10-07T18:43:50.155075+00:00,UNO,"ST,198500,RRRR,E,3,0,210",6,4eba47c
2026-10-07T18:40:29.929392+00:00,2026-10-07T18:43:50.655125+00:00,UNO,"ST,199000,RRRR,E,3,0,210",6,4eba47c
2026-10-07T18:40:29.929392+00:00,2026-10-07T18:43:50.781157+00:00,UNO,"ST,199126,RRGR,E,3,0,210",6,4eba47c
2026-10-07T18:40:29.929392+00:00,2026-10-07T18:43:51.155549+00:00,UNO,"ST,199500,RRGR,E,3,0,210",6,4eba47c
2026-10-07T18:40:29.929392+00:00,2026-10-07T18:43:51.655622+00:00,UNO,"ST,200000,RRGR,E,3,0,210",6,4eba47c
2026-10-07T18:40:29.929392+00:00,2026-10-07T18:43:51.815711+00:00,PONTE,"RUA1,BOMBEIRO",0,4eba47c
2026-10-07T18:40:29.929392+00:00,2026-10-07T18:43:51.839295+00:00,UNO,"EV,200182,PREEMP_INI,1,BOMBEIRO",6,4eba47c
2026-10-07T18:40:29.929392+00:00,2026-10-07T18:43:51.869861+00:00,UNO,"EV,200182,FILA,3,AMBULANCIA",1,4eba47c
2026-10-07T18:40:29.929392+00:00,2026-10-07T18:43:51.898816+00:00,UNO,"ST,200182,RRGR,E,1,3,210",0,4eba47c
2026-10-07T18:40:29.929392+00:00,2026-10-07T18:43:52.155292+00:00,UNO,"ST,200500,RRGR,E,1,3,210",6,4eba47c
2026-10-07T18:40:29.929392+00:00,2026-10-07T18:43:52.656354+00:00,UNO,"ST,201000,RRGR,E,1,3,210",6,4eba47c
2026-10-07T18:40:29.929392+00:00,2026-10-07T18:43:53.156410+00:00,UNO,"ST,201500,RRGR,E,1,3,210",6,4eba47c
2026-10-07T18:40:29.929392+00:00,2026-10-07T18:43:53.655846+00:00,UNO,"ST,202000,RRGR,E,1,3,210",6,4eba47c
2026-10-07T18:40:29.929392+00:00,2026-10-07T18:43:53.782510+00:00,UNO,"ST,202126,RRYR,E,1,3,210",6,4eba47c
2026-10-07T18:40:29.929392+00:00,2026-10-07T18:43:54.155891+00:00,UNO,"ST,202500,RRYR,E,1,3,210",6,4eba47c
2026-10-07T18:40:29.929392+00:00,2026-10-07T18:43:54.656942+00:00,UNO,"ST,203000,RRYR,E,1,3,210",6,4eba47c
2026-10-07T18:40:29.929392+00:00,2026-10-07T18:43:55.156659+00:00,UNO,"ST,203500,RRYR,E,1,3,210",6,4eba47c
2026-10-07T18:40:29.929392+00:00,2026-10-07T18:43:55.656702+00:00,UNO,"ST,204000,RRYR,E,1,3,210",6,4eba47c
2026-10-07T18:40:29.929392+00:00,2026-10-07T18:43:55.782721+00:00,UNO,"ST,204126,RRRR,E,1,3,210",6,4eba47c
2026-10-07T18:40:29.929392+00:00,2026-10-07T18:43:56.157121+00:00,UNO,"ST,204500,RRRR,E,1,3,210",6,4eba47c
2026-10-07T18:40:29.929392+00:00,2026-10-07T18:43:56.657195+00:00,UNO,"ST,205000,RRRR,E,1,3,210",6,4eba47c
2026-10-07T18:40:29.929392+00:00,2026-10-07T18:43:56.783208+00:00,UNO,"ST,205126,GRRR,E,1,3,210",6,4eba47c
2026-10-07T18:40:29.929392+00:00,2026-10-07T18:43:57.157230+00:00,UNO,"ST,205500,GRRR,E,1,3,210",6,4eba47c
2026-10-07T18:40:29.929392+00:00,2026-10-07T18:43:57.656942+00:00,UNO,"ST,206000,GRRR,E,1,3,210",6,4eba47c
2026-10-07T18:40:29.929392+00:00,2026-10-07T18:43:58.158005+00:00,UNO,"ST,206500,GRRR,E,1,3,210",6,4eba47c
2026-10-07T18:40:29.929392+00:00,2026-10-07T18:43:58.658053+00:00,UNO,"ST,207000,GRRR,E,1,3,210",6,4eba47c
2026-10-07T18:40:29.929392+00:00,2026-10-07T18:43:59.158123+00:00,UNO,"ST,207500,GRRR,E,1,3,210",6,4eba47c
2026-10-07T18:40:29.929392+00:00,2026-10-07T18:43:59.657525+00:00,UNO,"ST,208000,GRRR,E,1,3,210",6,4eba47c
2026-10-07T18:40:29.929392+00:00,2026-10-07T18:44:00.158820+00:00,UNO,"ST,208500,GRRR,E,1,3,210",6,4eba47c
2026-10-07T18:40:29.929392+00:00,2026-10-07T18:44:00.658294+00:00,UNO,"ST,209000,GRRR,E,1,3,210",6,4eba47c
2026-10-07T18:40:29.929392+00:00,2026-10-07T18:44:01.158356+00:00,UNO,"ST,209500,GRRR,E,1,3,210",6,4eba47c
2026-10-07T18:40:29.929392+00:00,2026-10-07T18:44:01.658784+00:00,UNO,"ST,210000,GRRR,E,1,3,210",6,4eba47c
2026-10-07T18:40:29.929392+00:00,2026-10-07T18:44:02.158818+00:00,UNO,"ST,210500,GRRR,E,1,3,210",6,4eba47c
2026-10-07T18:40:29.929392+00:00,2026-10-07T18:44:02.658892+00:00,UNO,"ST,211000,GRRR,E,1,3,210",6,4eba47c
2026-10-07T18:40:29.929392+00:00,2026-10-07T18:44:03.158593+00:00,UNO,"ST,211500,GRRR,E,1,3,210",6,4eba47c
2026-10-07T18:40:29.929392+00:00,2026-10-07T18:44:03.659678+00:00,UNO,"ST,212000,GRRR,E,1,3,210",6,4eba47c
2026-10-07T18:40:29.929392+00:00,2026-10-07T18:44:04.159703+00:00,UNO,"ST,212500,GRRR,E,1,3,210",6,4eba47c
2026-10-07T18:40:29.929392+00:00,2026-10-07T18:44:04.659121+00:00,UNO,"ST,213000,GRRR,E,1,3,210",6,4eba47c
2026-10-07T18:40:29.929392+00:00,2026-10-07T18:44:04.785172+00:00,UNO,"EV,213126,PREEMP_FIM,1,BOMBEIRO",6,4eba47c
2026-10-07T18:40:29.929392+00:00,2026-10-07T18:44:04.815934+00:00,UNO,"EV,213126,PREEMP_INI,3,AMBULANCIA",1,4eba47c
2026-10-07T18:40:29.929392+00:00,2026-10-07T18:44:04.852040+00:00,UNO,"ST,213126,YRRR,E,3,0,210",1,4eba47c
2026-10-07T18:40:29.929392+00:00,2026-10-07T18:44:05.160192+00:00,UNO,"ST,213500,YRRR,E,3,0,210",6,4eba47c
2026-10-07T18:40:29.929392+00:00,2026-10-07T18:44:05.659884+00:00,UNO,"ST,214000,YRRR,E,3,0,210",6,4eba47c
2026-10-07T18:40:29.929392+00:00,2026-10-07T18:44:06.159940+00:00,UNO,"ST,214500,YRRR,E,3,0,210",6,4eba47c
2026-10-07T18:40:29.929392+00:00,2026-10-07T18:44:06.660010+00:00,UNO,"ST,215000,YRRR,E,3,0,210",6,4eba47c
2026-10-07T18:40:29.929392+00:00,2026-10-07T18:44:06.786065+00:00,UNO,"ST,215126,RRRR,E,3,0,210",6,4eba47c
2026-10-07T18:40:29.929392+00:00,2026-10-07T18:44:07.161050+00:00,UNO,"ST,215500,RRRR,E,3,0,210",6,4eba47c
2026-10-07T18:40:29.929392+00:00,2026-10-07T18:44:07.660478+00:00,UNO,"ST,216000,RRRR,E,3,0,210",6,4eba47c
2026-10-07T18:40:29.929392+00:00,2026-10-07T18:44:07.786491+00:00,UNO,"ST,216126,RRGR,E,3,0,210",6,4eba47c
2026-10-07T18:40:29.929392+00:00,2026-10-07T18:44:08.160162+00:00,UNO,"ST,216500,RRGR,E,3,0,210",6,4eba47c
2026-10-07T18:40:29.929392+00:00,2026-10-07T18:44:08.661247+00:00,UNO,"ST,217000,RRGR,E,3,0,210",6,4eba47c
2026-10-07T18:40:29.929392+00:00,2026-10-07T18:44:09.161300+00:00,UNO,"ST,217500,RRGR,E,3,0,210",6,4eba47c
2026-10-07T18:40:29.929392+00:00,2026-10-07T18:44:09.661353+00:00,UNO,"ST,218000,RRGR,E,3,0,210",6,4eba47c
2026-10-07T18:40:29.929392+00:00,2026-10-07T18:44:10.160781+00:00,UNO,"ST,218500,RRGR,E,3,0,210",6,4eba47c
2026-10-07T18:40:29.929392+00:00,2026-10-07T18:44:10.661446+00:00,UNO,"ST,219000,RRGR,E,3,0,210",6,4eba47c
2026-10-07T18:40:29.929392+00:00,2026-10-07T18:44:11.161527+00:00,UNO,"ST,219500,RRGR,E,3,0,210",6,4eba47c
2026-10-07T18:40:29.929392+00:00,2026-10-07T18:44:11.661583+00:00,UNO,"ST,220000,RRGR,E,3,0,210",6,4eba47c
2026-10-07T18:40:29.929392+00:00,2026-10-07T18:44:12.162644+00:00,UNO,"ST,220500,RRGR,E,3,0,210",6,4eba47c
2026-10-07T18:40:29.929392+00:00,2026-10-07T18:44:12.662064+00:00,UNO,"ST,221000,RRGR,E,3,0,210",6,4eba47c
2026-10-07T18:40:29.929392+00:00,2026-10-07T18:44:13.162169+00:00,UNO,"ST,221500,RRGR,E,3,0,210",6,4eba47c
2026-10-07T18:40:29.929392+00:00,2026-10-07T18:44:13.661844+00:00,UNO,"ST,222000,RRGR,E,3,0,210",6,4eba47c
2026-10-07T18:40:29.929392+00:00,2026-10-07T18:44:14.162853+00:00,UNO,"ST,222500,RRGR,E,3,0,210",6,4eba47c
2026-10-07T18:40:29.929392+00:00,2026-10-07T18:44:14.662933+00:00,UNO,"ST,223000,RRGR,E,3,0,210",6,4eba47c
2026-10-07T18:40:29.929392+00:00,2026-10-07T18:44:15.162353+00:00,UNO,"ST,223500,RRGR,E,3,0,210",6,4eba47c
2026-10-07T18:40:29.929392+00:00,2026-10-07T18:44:15.662414+00:00,UNO,"ST,224000,RRGR,E,3,0,210",6,4eba47c
2026-10-07T18:40:29.929392+00:00,2026-10-07T18:44:16.163480+00:00,UNO,"ST,224500,RRGR,E,3,0,210",6,4eba47c
2026-10-07T18:40:29.929392+00:00,2026-10-07T18:44:16.663164+00:00,UNO,"ST,225000,RRGR,E,3,0,210",6,4eba47c
2026-10-07T18:40:29.929392+00:00,2026-10-07T18:44:16.789203+00:00,UNO,"EV,225126,PREEMP_FIM,3,AMBULANCIA",6,4eba47c
2026-10-07T18:40:29.929392+00:00,2026-10-07T18:44:16.825590+00:00,UNO,"ST,225126,RRYR,C,0,0,210",6,4eba47c
2026-10-07T18:40:29.929392+00:00,2026-10-07T18:44:17.163222+00:00,UNO,"ST,225500,RRYR,C,0,0,210",6,4eba47c
2026-10-07T18:40:29.929392+00:00,2026-10-07T18:44:17.663647+00:00,UNO,"ST,226000,RRYR,C,0,0,210",6,4eba47c
2026-10-07T18:40:29.929392+00:00,2026-10-07T18:44:18.163687+00:00,UNO,"ST,226500,RRYR,C,0,0,210",6,4eba47c
2026-10-07T18:40:29.929392+00:00,2026-10-07T18:44:18.663384+00:00,UNO,"ST,227000,RRYR,C,0,0,210",6,4eba47c
2026-10-07T18:40:29.929392+00:00,2026-10-07T18:44:18.789784+00:00,UNO,"ST,227126,RRRR,C,0,0,210",6,4eba47c
2026-10-07T18:40:29.929392+00:00,2026-10-07T18:44:19.163460+00:00,UNO,"ST,227500,RRRR,C,0,0,210",6,4eba47c
2026-10-07T18:40:29.929392+00:00,2026-10-07T18:44:19.664514+00:00,UNO,"ST,228000,RRRR,C,0,0,210",6,4eba47c
2026-10-07T18:40:29.929392+00:00,2026-10-07T18:44:19.790538+00:00,UNO,"ST,228126,GGRR,C,0,0,210",6,4eba47c
2026-10-07T18:40:29.929392+00:00,2026-10-07T18:44:20.164579+00:00,UNO,"ST,228500,GGRR,C,0,0,210",6,4eba47c
2026-10-07T18:40:29.929392+00:00,2026-10-07T18:44:20.193621+00:00,PONTE,"AUT,AMBULANCIA,1",0,4eba47c
2026-10-07T18:40:29.929392+00:00,2026-10-07T18:44:20.194680+00:00,PONTE,"AUT,BOMBEIRO,2",0,4eba47c
2026-10-07T18:40:29.929392+00:00,2026-10-07T18:44:20.195456+00:00,PONTE,"AUT,POLICIA,0",0,4eba47c
2026-10-07T18:40:29.929392+00:00,2026-10-07T18:44:20.232962+00:00,UNO,"ST,228555,GGRR,C,0,0,110",13,4eba47c
2026-10-07T18:40:29.929392+00:00,2026-10-07T18:44:20.242432+00:00,UNO,"ST,228571,GGRR,C,0,0,120",1,4eba47c
2026-10-07T18:40:29.929392+00:00,2026-10-07T18:44:20.455588+00:00,PONTE,"RUA3,AMBULANCIA",0,4eba47c
2026-10-07T18:40:29.929392+00:00,2026-10-07T18:44:20.480975+00:00,UNO,"EV,228816,PREEMP_INI,3,AMBULANCIA",6,4eba47c
2026-10-07T18:40:29.929392+00:00,2026-10-07T18:44:20.517592+00:00,UNO,"ST,228816,GGRR,E,3,0,120",6,4eba47c
2026-10-07T18:40:29.929392+00:00,2026-10-07T18:44:20.663976+00:00,UNO,"ST,229000,GGRR,E,3,0,120",6,4eba47c
2026-10-07T18:40:29.929392+00:00,2026-10-07T18:44:21.165050+00:00,UNO,"ST,229500,GGRR,E,3,0,120",6,4eba47c
2026-10-07T18:40:29.929392+00:00,2026-10-07T18:44:21.665499+00:00,UNO,"ST,230000,GGRR,E,3,0,120",6,4eba47c
2026-10-07T18:40:29.929392+00:00,2026-10-07T18:44:22.164801+00:00,UNO,"ST,230500,GGRR,E,3,0,120",6,4eba47c
2026-10-07T18:40:29.929392+00:00,2026-10-07T18:44:22.664858+00:00,UNO,"ST,231000,GGRR,E,3,0,120",6,4eba47c
2026-10-07T18:40:29.929392+00:00,2026-10-07T18:44:22.790876+00:00,UNO,"ST,231126,YYRR,E,3,0,120",6,4eba47c
2026-10-07T18:40:29.929392+00:00,2026-10-07T18:44:23.165282+00:00,UNO,"ST,231500,YYRR,E,3,0,120",6,4eba47c
2026-10-07T18:40:29.929392+00:00,2026-10-07T18:44:23.536200+00:00,PONTE,"RUA1,BOMBEIRO",0,4eba47c
2026-10-07T18:40:29.929392+00:00,2026-10-07T18:44:23.559324+00:00,UNO,"EV,231894,FILA,1,BOMBEIRO",6,4eba47c
2026-10-07T18:40:29.929392+00:00,2026-10-07T18:44:23.582773+00:00,UNO,"ST,231894,YYRR,E,3,1,120",0,4eba47c
2026-10-07T18:40:29.929392+00:00,2026-10-07T18:44:23.665353+00:00,UNO,"ST,232000,YYRR,E,3,1,120",6,4eba47c
2026-10-07T18:40:29.929392+00:00,2026-10-07T18:44:24.165380+00:00,UNO,"ST,232500,YYRR,E,3,1,120",6,4eba47c
2026-10-07T18:40:29.929392+00:00,2026-10-07T18:44:24.666100+00:00,UNO,"ST,233000,YYRR,E,3,1,120",6,4eba47c
2026-10-07T18:40:29.929392+00:00,2026-10-07T18:44:24.792118+00:00,UNO,"ST,233126,RRRR,E,3,1,120",6,4eba47c
2026-10-07T18:40:29.929392+00:00,2026-10-07T18:44:25.166140+00:00,UNO,"ST,233500,RRRR,E,3,1,120",6,4eba47c
2026-10-07T18:40:29.929392+00:00,2026-10-07T18:44:25.665556+00:00,UNO,"ST,234000,RRRR,E,3,1,120",6,4eba47c
2026-10-07T18:40:29.929392+00:00,2026-10-07T18:44:25.792223+00:00,UNO,"ST,234126,RRGR,E,3,1,120",6,4eba47c
2026-10-07T18:40:29.929392+00:00,2026-10-07T18:44:26.165627+00:00,UNO,"ST,234500,RRGR,E,3,1,120",6,4eba47c
2026-10-07T18:40:29.929392+00:00,2026-10-07T18:44:26.666315+00:00,UNO,"ST,235000,RRGR,E,3,1,120",6,4eba47c
2026-10-07T18:40:29.929392+00:00,2026-10-07T18:44:27.166382+00:00,UNO,"ST,235500,RRGR,E,3,1,120",6,4eba47c
2026-10-07T18:40:29.929392+00:00,2026-10-07T18:44:27.666448+00:00,UNO,"ST,236000,RRGR,E,3,1,120",6,4eba47c
2026-10-07T18:40:29.929392+00:00,2026-10-07T18:44:28.166842+00:00,UNO,"ST,236500,RRGR,E,3,1,120",6,4eba47c
2026-10-07T18:40:29.929392+00:00,2026-10-07T18:44:28.666915+00:00,UNO,"ST,237000,RRGR,E,3,1,120",6,4eba47c
2026-10-07T18:40:29.929392+00:00,2026-10-07T18:44:29.166958+00:00,UNO,"ST,237500,RRGR,E,3,1,120",6,4eba47c
2026-10-07T18:40:29.929392+00:00,2026-10-07T18:44:29.666662+00:00,UNO,"ST,238000,RRGR,E,3,1,120",6,4eba47c
2026-10-07T18:40:29.929392+00:00,2026-10-07T18:44:30.167716+00:00,UNO,"ST,238500,RRGR,E,3,1,120",6,4eba47c
2026-10-07T18:40:29.929392+00:00,2026-10-07T18:44:30.667779+00:00,UNO,"ST,239000,RRGR,E,3,1,120",6,4eba47c
2026-10-07T18:40:29.929392+00:00,2026-10-07T18:44:31.167212+00:00,UNO,"ST,239500,RRGR,E,3,1,120",6,4eba47c
2026-10-07T18:40:29.929392+00:00,2026-10-07T18:44:31.667281+00:00,UNO,"ST,240000,RRGR,E,3,1,120",6,4eba47c
2026-10-07T18:40:29.929392+00:00,2026-10-07T18:44:32.167964+00:00,UNO,"ST,240500,RRGR,E,3,1,120",6,4eba47c
2026-10-07T18:40:29.929392+00:00,2026-10-07T18:44:32.668058+00:00,UNO,"ST,241000,RRGR,E,3,1,120",6,4eba47c
2026-10-07T18:40:29.929392+00:00,2026-10-07T18:44:33.168072+00:00,UNO,"ST,241500,RRGR,E,3,1,120",6,4eba47c
2026-10-07T18:40:29.929392+00:00,2026-10-07T18:44:33.668600+00:00,UNO,"ST,242000,RRGR,E,3,1,120",6,4eba47c
2026-10-07T18:40:29.929392+00:00,2026-10-07T18:44:34.168548+00:00,UNO,"ST,242500,RRGR,E,3,1,120",6,4eba47c
2026-10-07T18:40:29.929392+00:00,2026-10-07T18:44:34.668615+00:00,UNO,"ST,243000,RRGR,E,3,1,120",6,4eba47c
2026-10-07T18:40:29.929392+00:00,2026-10-07T18:44:34.794280+00:00,UNO,"EV,243126,PREEMP_FIM,3,AMBULANCIA",6,4eba47c
2026-10-07T18:40:29.929392+00:00,2026-10-07T18:44:34.830632+00:00,UNO,"EV,243126,PREEMP_INI,1,BOMBEIRO",6,4eba47c
2026-10-07T18:40:29.929392+00:00,2026-10-07T18:44:34.861377+00:00,UNO,"ST,243126,RRYR,E,1,0,120",1,4eba47c
2026-10-07T18:40:29.929392+00:00,2026-10-07T18:44:35.168335+00:00,UNO,"ST,243500,RRYR,E,1,0,120",6,4eba47c
2026-10-07T18:40:29.929392+00:00,2026-10-07T18:44:35.669361+00:00,UNO,"ST,244000,RRYR,E,1,0,120",6,4eba47c
2026-10-07T18:40:29.929392+00:00,2026-10-07T18:44:36.168784+00:00,UNO,"ST,244500,RRYR,E,1,0,120",6,4eba47c
2026-10-07T18:40:29.929392+00:00,2026-10-07T18:44:36.668841+00:00,UNO,"ST,245000,RRYR,E,1,0,120",6,4eba47c
2026-10-07T18:40:29.929392+00:00,2026-10-07T18:44:36.794882+00:00,UNO,"ST,245126,RRRR,E,1,0,120",6,4eba47c
2026-10-07T18:40:29.929392+00:00,2026-10-07T18:44:37.169905+00:00,UNO,"ST,245500,RRRR,E,1,0,120",6,4eba47c
2026-10-07T18:40:29.929392+00:00,2026-10-07T18:44:37.669595+00:00,UNO,"ST,246000,RRRR,E,1,0,120",6,4eba47c
2026-10-07T18:40:29.929392+00:00,2026-10-07T18:44:37.795630+00:00,UNO,"ST,246126,GRRR,E,1,0,120",6,4eba47c
2026-10-07T18:40:29.929392+00:00,2026-10-07T18:44:38.169670+00:00,UNO,"ST,246500,GRRR,E,1,0,120",6,4eba47c
2026-10-07T18:40:29.929392+00:00,2026-10-07T18:44:38.669707+00:00,UNO,"ST,247000,GRRR,E,1,0,120",6,4eba47c
2026-10-07T18:40:29.929392+00:00,2026-10-07T18:44:39.170152+00:00,UNO,"ST,247500,GRRR,E,1,0,120",6,4eba47c
2026-10-07T18:40:29.929392+00:00,2026-10-07T18:44:39.669828+00:00,UNO,"ST,248000,GRRR,E,1,0,120",6,4eba47c
2026-10-07T18:40:29.929392+00:00,2026-10-07T18:44:40.169897+00:00,UNO,"ST,248500,GRRR,E,1,0,120",6,4eba47c
2026-10-07T18:40:29.929392+00:00,2026-10-07T18:44:40.670963+00:00,UNO,"ST,249000,GRRR,E,1,0,120",6,4eba47c
2026-10-07T18:40:29.929392+00:00,2026-10-07T18:44:41.171007+00:00,UNO,"ST,249500,GRRR,E,1,0,120",6,4eba47c
2026-10-07T18:40:29.929392+00:00,2026-10-07T18:44:41.670447+00:00,UNO,"ST,250000,GRRR,E,1,0,120",6,4eba47c
2026-10-07T18:40:29.929392+00:00,2026-10-07T18:44:42.170500+00:00,UNO,"ST,250500,GRRR,E,1,0,120",6,4eba47c
2026-10-07T18:40:29.929392+00:00,2026-10-07T18:44:42.671193+00:00,UNO,"ST,251000,GRRR,E,1,0,120",6,4eba47c
2026-10-07T18:40:29.929392+00:00,2026-10-07T18:44:43.171307+00:00,UNO,"ST,251500,GRRR,E,1,0,120",6,4eba47c
2026-10-07T18:40:29.929392+00:00,2026-10-07T18:44:43.671312+00:00,UNO,"ST,252000,GRRR,E,1,0,120",6,4eba47c
2026-10-07T18:40:29.929392+00:00,2026-10-07T18:44:44.172370+00:00,UNO,"ST,252500,GRRR,E,1,0,120",6,4eba47c
2026-10-07T18:40:29.929392+00:00,2026-10-07T18:44:44.671784+00:00,UNO,"ST,253000,GRRR,E,1,0,120",6,4eba47c
2026-10-07T18:40:29.929392+00:00,2026-10-07T18:44:45.171839+00:00,UNO,"ST,253500,GRRR,E,1,0,120",6,4eba47c
2026-10-07T18:40:29.929392+00:00,2026-10-07T18:44:45.672136+00:00,UNO,"ST,254000,GRRR,E,1,0,120",6,4eba47c
2026-10-07T18:40:29.929392+00:00,2026-10-07T18:44:45.797569+00:00,UNO,"EV,254126,PREEMP_FIM,1,BOMBEIRO",6,4eba47c
2026-10-07T18:40:29.929392+00:00,2026-10-07T18:44:45.827691+00:00,UNO,"ST,254126,YRRR,C,0,0,120",1,4eba47c
2026-10-07T18:40:29.929392+00:00,2026-10-07T18:44:46.172599+00:00,UNO,"ST,254500,YRRR,C,0,0,120",6,4eba47c
2026-10-07T18:40:29.929392+00:00,2026-10-07T18:44:46.672679+00:00,UNO,"ST,255000,YRRR,C,0,0,120",6,4eba47c
2026-10-07T18:40:29.929392+00:00,2026-10-07T18:44:47.172081+00:00,UNO,"ST,255500,YRRR,C,0,0,120",6,4eba47c
2026-10-07T18:40:29.929392+00:00,2026-10-07T18:44:47.672128+00:00,UNO,"ST,256000,YRRR,C,0,0,120",6,4eba47c
2026-10-07T18:40:29.929392+00:00,2026-10-07T18:44:47.799197+00:00,UNO,"ST,256126,RRRR,C,0,0,120",6,4eba47c
2026-10-07T18:40:29.929392+00:00,2026-10-07T18:44:48.172837+00:00,UNO,"ST,256500,RRRR,C,0,0,120",6,4eba47c
2026-10-07T18:40:29.929392+00:00,2026-10-07T18:44:48.672888+00:00,UNO,"ST,257000,RRRR,C,0,0,120",6,4eba47c
2026-10-07T18:40:29.929392+00:00,2026-10-07T18:44:48.798915+00:00,UNO,"ST,257126,RRGG,C,0,0,120",6,4eba47c
2026-10-07T18:40:29.929392+00:00,2026-10-07T18:44:49.172934+00:00,UNO,"ST,257500,RRGG,C,0,0,120",6,4eba47c
2026-10-07T18:40:29.929392+00:00,2026-10-07T18:44:49.674005+00:00,UNO,"ST,258000,RRGG,C,0,0,120",6,4eba47c
2026-10-07T18:40:29.929392+00:00,2026-10-07T18:44:50.173433+00:00,UNO,"ST,258500,RRGG,C,0,0,120",6,4eba47c
2026-10-07T18:40:29.929392+00:00,2026-10-07T18:44:50.673110+00:00,UNO,"ST,259000,RRGG,C,0,0,120",6,4eba47c
2026-10-07T18:40:29.929392+00:00,2026-10-07T18:44:51.173191+00:00,UNO,"ST,259500,RRGG,C,0,0,120",6,4eba47c
2026-10-07T18:40:29.929392+00:00,2026-10-07T18:44:51.674271+00:00,UNO,"ST,260000,RRGG,C,0,0,120",6,4eba47c
2026-10-07T18:40:29.929392+00:00,2026-10-07T18:44:51.800348+00:00,UNO,"ST,260126,RRYY,C,0,0,120",6,4eba47c
2026-10-07T18:40:29.929392+00:00,2026-10-07T18:44:52.174299+00:00,UNO,"ST,260500,RRYY,C,0,0,120",6,4eba47c
2026-10-07T18:40:29.929392+00:00,2026-10-07T18:44:52.673744+00:00,UNO,"ST,261000,RRYY,C,0,0,120",6,4eba47c
2026-10-07T18:40:29.929392+00:00,2026-10-07T18:44:53.174781+00:00,UNO,"ST,261500,RRYY,C,0,0,120",6,4eba47c
2026-10-07T18:40:29.929392+00:00,2026-10-07T18:44:53.674477+00:00,UNO,"ST,262000,RRYY,C,0,0,120",6,4eba47c
2026-10-07T18:40:29.929392+00:00,2026-10-07T18:44:53.800536+00:00,UNO,"ST,262126,RRRR,C,0,0,120",6,4eba47c
2026-10-07T18:40:29.929392+00:00,2026-10-07T18:44:54.174521+00:00,UNO,"ST,262500,RRRR,C,0,0,120",6,4eba47c
2026-10-07T18:40:29.929392+00:00,2026-10-07T18:44:54.674595+00:00,UNO,"ST,263000,RRRR,C,0,0,120",6,4eba47c
2026-10-07T18:40:29.929392+00:00,2026-10-07T18:44:54.800616+00:00,UNO,"ST,263126,GGRR,C,0,0,120",6,4eba47c
2026-10-07T18:40:29.929392+00:00,2026-10-07T18:44:55.175054+00:00,UNO,"ST,263500,GGRR,C,0,0,120",6,4eba47c
2026-10-07T18:40:29.929392+00:00,2026-10-07T18:44:55.675063+00:00,UNO,"ST,264000,GGRR,C,0,0,120",6,4eba47c
2026-10-07T18:40:29.929392+00:00,2026-10-07T18:44:56.174774+00:00,UNO,"ST,264500,GGRR,C,0,0,120",6,4eba47c
2026-10-07T18:40:29.929392+00:00,2026-10-07T18:44:56.676226+00:00,UNO,"ST,265000,GGRR,C,0,0,120",6,4eba47c
2026-10-07T18:40:29.929392+00:00,2026-10-07T18:44:57.175871+00:00,UNO,"ST,265500,GGRR,C,0,0,120",6,4eba47c
2026-10-07T18:40:29.929392+00:00,2026-10-07T18:44:57.675283+00:00,UNO,"ST,266000,GGRR,C,0,0,120",6,4eba47c
2026-10-07T18:40:29.929392+00:00,2026-10-07T18:44:57.801958+00:00,UNO,"ST,266126,YYRR,C,0,0,120",6,4eba47c
2026-10-07T18:40:29.929392+00:00,2026-10-07T18:44:58.175367+00:00,UNO,"ST,266500,YYRR,C,0,0,120",6,4eba47c
2026-10-07T18:40:29.929392+00:00,2026-10-07T18:44:58.676048+00:00,UNO,"ST,267000,YYRR,C,0,0,120",6,4eba47c
2026-10-07T18:40:29.929392+00:00,2026-10-07T18:44:59.176112+00:00,UNO,"ST,267500,YYRR,C,0,0,120",6,4eba47c
2026-10-07T18:40:29.929392+00:00,2026-10-07T18:44:59.676170+00:00,UNO,"ST,268000,YYRR,C,0,0,120",6,4eba47c
2026-10-07T18:40:29.929392+00:00,2026-10-07T18:44:59.802194+00:00,UNO,"ST,268126,RRRR,C,0,0,120",6,4eba47c
2026-10-07T18:40:29.929392+00:00,2026-10-07T18:45:00.177215+00:00,UNO,"ST,268500,RRRR,C,0,0,120",6,4eba47c
2026-10-07T18:40:29.929392+00:00,2026-10-07T18:45:00.676639+00:00,UNO,"ST,269000,RRRR,C,0,0,120",6,4eba47c
2026-10-07T18:40:29.929392+00:00,2026-10-07T18:45:00.802660+00:00,UNO,"ST,269126,RRGG,C,0,0,120",6,4eba47c
2026-10-07T18:40:29.929392+00:00,2026-10-07T18:45:01.176341+00:00,UNO,"ST,269500,RRGG,C,0,0,120",6,4eba47c
2026-10-07T18:40:29.929392+00:00,2026-10-07T18:45:01.676407+00:00,UNO,"ST,270000,RRGG,C,0,0,120",6,4eba47c
2026-10-07T18:40:29.929392+00:00,2026-10-07T18:45:02.177468+00:00,UNO,"ST,270500,RRGG,C,0,0,120",6,4eba47c
2026-10-07T18:40:29.929392+00:00,2026-10-07T18:45:02.677532+00:00,UNO,"ST,271000,RRGG,C,0,0,120",6,4eba47c
2026-10-07T18:40:29.929392+00:00,2026-10-07T18:45:03.176937+00:00,UNO,"ST,271500,RRGG,C,0,0,120",6,4eba47c
2026-10-07T18:40:29.929392+00:00,2026-10-07T18:45:03.676667+00:00,UNO,"ST,272000,RRGG,C,0,0,120",6,4eba47c
2026-10-07T18:40:29.929392+00:00,2026-10-07T18:45:03.804008+00:00,UNO,"ST,272126,RRYY,C,0,0,120",6,4eba47c
2026-10-07T18:40:29.929392+00:00,2026-10-07T18:45:04.178152+00:00,UNO,"ST,272500,RRYY,C,0,0,120",6,4eba47c
2026-10-07T18:40:29.929392+00:00,2026-10-07T18:45:04.677799+00:00,UNO,"ST,273000,RRYY,C,0,0,120",6,4eba47c
2026-10-07T18:40:29.929392+00:00,2026-10-07T18:45:05.177811+00:00,UNO,"ST,273500,RRYY,C,0,0,120",6,4eba47c
2026-10-07T18:40:29.929392+00:00,2026-10-07T18:45:05.679183+00:00,UNO,"ST,274000,RRYY,C,0,0,120",6,4eba47c
2026-10-07T18:40:29.929392+00:00,2026-10-07T18:45:05.804904+00:00,UNO,"ST,274126,RRRR,C,0,0,120",6,4eba47c
2026-10-07T18:40:29.929392+00:00,2026-10-07T18:45:06.178290+00:00,UNO,"ST,274500,RRRR,C,0,0,120",6,4eba47c
2026-10-07T18:40:29.929392+00:00,2026-10-07T18:45:06.677998+00:00,UNO,"ST,275000,RRRR,C,0,0,120",6,4eba47c
2026-10-07T18:40:29.929392+00:00,2026-10-07T18:45:06.804013+00:00,UNO,"ST,275126,GGRR,C,0,0,120",6,4eba47c
2026-10-07T18:40:29.929392+00:00,2026-10-07T18:45:07.178054+00:00,UNO,"ST,275500,GGRR,C,0,0,120",6,4eba47c
2026-10-07T18:40:29.929392+00:00,2026-10-07T18:45:07.679101+00:00,UNO,"ST,276000,GGRR,C,0,0,120",6,4eba47c
2026-10-08T00:25:27.959038+00:00,2026-10-08T00:25:29.697093+00:00,UNO,"EV,0,BOOT",6,bc88ecd
2026-10-08T00:25:27.959038+00:00,2026-10-08T00:25:29.705418+00:00,UNO,"ST,0,RRRR,C,0,0,000",2,bc88ecd
2026-10-08T00:25:27.959038+00:00,2026-10-08T00:25:30.822511+00:00,UNO,"ST,1125,GGRR,C,0,0,000",6,bc88ecd
2026-10-08T00:25:27.959038+00:00,2026-10-08T00:25:31.197303+00:00,UNO,"ST,1500,GGRR,C,0,0,000",6,bc88ecd
2026-10-08T00:25:27.959038+00:00,2026-10-08T00:25:31.698408+00:00,UNO,"ST,2000,GGRR,C,0,0,000",6,bc88ecd
2026-10-08T00:25:27.959038+00:00,2026-10-08T00:25:32.198395+00:00,UNO,"ST,2500,GGRR,C,0,0,000",6,bc88ecd
2026-10-08T00:25:27.959038+00:00,2026-10-08T00:25:32.697703+00:00,UNO,"ST,3000,GGRR,C,0,0,000",6,bc88ecd
2026-10-08T00:25:27.959038+00:00,2026-10-08T00:25:33.197773+00:00,UNO,"ST,3500,GGRR,C,0,0,000",6,bc88ecd
2026-10-08T00:25:27.959038+00:00,2026-10-08T00:25:33.698506+00:00,UNO,"ST,4000,GGRR,C,0,0,000",6,bc88ecd
2026-10-08T00:25:27.959038+00:00,2026-10-08T00:25:33.823549+00:00,UNO,"ST,4125,YYRR,C,0,0,000",6,bc88ecd
2026-10-08T00:25:27.959038+00:00,2026-10-08T00:25:34.198543+00:00,UNO,"ST,4500,YYRR,C,0,0,000",6,bc88ecd
2026-10-08T00:25:27.959038+00:00,2026-10-08T00:25:34.698596+00:00,UNO,"ST,5000,YYRR,C,0,0,000",6,bc88ecd
2026-10-08T00:25:27.959038+00:00,2026-10-08T00:25:35.199011+00:00,UNO,"ST,5500,YYRR,C,0,0,000",6,bc88ecd
2026-10-08T00:25:27.959038+00:00,2026-10-08T00:25:35.699060+00:00,UNO,"ST,6000,YYRR,C,0,0,000",6,bc88ecd
2026-10-08T00:25:27.959038+00:00,2026-10-08T00:25:35.823729+00:00,UNO,"ST,6125,RRRR,C,0,0,000",6,bc88ecd
2026-10-08T00:25:27.959038+00:00,2026-10-08T00:25:36.198763+00:00,UNO,"ST,6500,RRRR,C,0,0,000",6,bc88ecd
2026-10-08T00:25:27.959038+00:00,2026-10-08T00:25:36.698817+00:00,UNO,"ST,7000,RRRR,C,0,0,000",6,bc88ecd
2026-10-08T00:25:27.959038+00:00,2026-10-08T00:25:36.824869+00:00,UNO,"ST,7126,RRGG,C,0,0,000",6,bc88ecd
2026-10-08T00:25:27.959038+00:00,2026-10-08T00:25:37.199219+00:00,UNO,"ST,7500,RRGG,C,0,0,000",6,bc88ecd
2026-10-08T00:25:27.959038+00:00,2026-10-08T00:25:37.699294+00:00,UNO,"ST,8000,RRGG,C,0,0,000",6,bc88ecd
2026-10-08T00:25:27.959038+00:00,2026-10-08T00:25:38.198993+00:00,UNO,"ST,8500,RRGG,C,0,0,000",6,bc88ecd
2026-10-08T00:25:27.959038+00:00,2026-10-08T00:25:38.700056+00:00,UNO,"ST,9000,RRGG,C,0,0,000",6,bc88ecd
2026-10-08T00:25:27.959038+00:00,2026-10-08T00:25:39.199469+00:00,UNO,"ST,9500,RRGG,C,0,0,000",6,bc88ecd
2026-10-08T00:25:27.959038+00:00,2026-10-08T00:25:39.699533+00:00,UNO,"ST,10000,RRGG,C,0,0,000",6,bc88ecd
2026-10-08T00:25:27.959038+00:00,2026-10-08T00:25:39.825543+00:00,UNO,"ST,10126,RRYY,C,0,0,000",6,bc88ecd
2026-10-08T00:25:27.959038+00:00,2026-10-08T00:25:40.155545+00:00,PONTE,"AUT,AMBULANCIA,1",0,bc88ecd
2026-10-08T00:25:27.959038+00:00,2026-10-08T00:25:40.181577+00:00,UNO,"ST,10481,RRYY,C,0,0,100",6,bc88ecd
2026-10-08T00:25:27.959038+00:00,2026-10-08T00:25:40.204672+00:00,UNO,"ST,10500,RRYY,C,0,0,100",2,bc88ecd
2026-10-08T00:25:27.959038+00:00,2026-10-08T00:25:40.700290+00:00,UNO,"ST,11000,RRYY,C,0,0,100",6,bc88ecd
2026-10-08T00:25:27.959038+00:00,2026-10-08T00:25:41.200437+00:00,UNO,"ST,11500,RRYY,C,0,0,100",6,bc88ecd
2026-10-08T00:25:27.959038+00:00,2026-10-08T00:25:41.699752+00:00,UNO,"ST,12000,RRYY,C,0,0,100",6,bc88ecd
2026-10-08T00:25:27.959038+00:00,2026-10-08T00:25:41.825744+00:00,UNO,"ST,12126,RRRR,C,0,0,100",6,bc88ecd
2026-10-08T00:25:27.959038+00:00,2026-10-08T00:25:42.200813+00:00,UNO,"ST,12500,RRRR,C,0,0,100",6,bc88ecd
2026-10-08T00:25:27.959038+00:00,2026-10-08T00:25:42.700518+00:00,UNO,"ST,13000,RRRR,C,0,0,100",6,bc88ecd
2026-10-08T00:25:27.959038+00:00,2026-10-08T00:25:42.826538+00:00,UNO,"ST,13126,GGRR,C,0,0,100",6,bc88ecd
2026-10-08T00:25:27.959038+00:00,2026-10-08T00:25:43.200584+00:00,UNO,"ST,13500,GGRR,C,0,0,100",6,bc88ecd
2026-10-08T00:25:27.959038+00:00,2026-10-08T00:25:43.700638+00:00,UNO,"ST,14000,GGRR,C,0,0,100",6,bc88ecd
2026-10-08T00:25:27.959038+00:00,2026-10-08T00:25:44.201035+00:00,UNO,"ST,14500,GGRR,C,0,0,100",6,bc88ecd
2026-10-08T00:25:27.959038+00:00,2026-10-08T00:25:44.700753+00:00,UNO,"ST,15000,GGRR,C,0,0,100",6,bc88ecd
2026-10-08T00:25:27.959038+00:00,2026-10-08T00:25:45.200852+00:00,UNO,"ST,15500,GGRR,C,0,0,100",6,bc88ecd
2026-10-08T00:25:27.959038+00:00,2026-10-08T00:25:45.700868+00:00,UNO,"ST,16000,GGRR,C,0,0,100",6,bc88ecd
2026-10-08T00:25:27.959038+00:00,2026-10-08T00:25:45.827888+00:00,UNO,"ST,16126,YYRR,C,0,0,100",6,bc88ecd
2026-10-08T00:25:27.959038+00:00,2026-10-08T00:25:46.201269+00:00,UNO,"ST,16500,YYRR,C,0,0,100",6,bc88ecd
2026-10-08T00:25:27.959038+00:00,2026-10-08T00:25:46.701343+00:00,UNO,"ST,17000,YYRR,C,0,0,100",6,bc88ecd
2026-10-08T00:25:27.959038+00:00,2026-10-08T00:25:47.201035+00:00,UNO,"ST,17500,YYRR,C,0,0,100",6,bc88ecd
2026-10-08T00:25:27.959038+00:00,2026-10-08T00:25:47.702171+00:00,UNO,"ST,18000,YYRR,C,0,0,100",6,bc88ecd
2026-10-08T00:25:27.959038+00:00,2026-10-08T00:25:47.828114+00:00,UNO,"ST,18126,RRRR,C,0,0,100",6,bc88ecd
2026-10-08T00:25:27.959038+00:00,2026-10-08T00:25:48.202134+00:00,UNO,"ST,18500,RRRR,C,0,0,100",6,bc88ecd
2026-10-08T00:25:27.959038+00:00,2026-10-08T00:25:48.701564+00:00,UNO,"ST,19000,RRRR,C,0,0,100",6,bc88ecd
2026-10-08T00:25:27.959038+00:00,2026-10-08T00:25:48.827577+00:00,UNO,"ST,19126,RRGG,C,0,0,100",6,bc88ecd
2026-10-08T00:25:27.959038+00:00,2026-10-08T00:25:49.201275+00:00,UNO,"ST,19500,RRGG,C,0,0,100",6,bc88ecd
2026-10-08T00:25:27.959038+00:00,2026-10-08T00:25:49.702325+00:00,UNO,"ST,20000,RRGG,C,0,0,100",6,bc88ecd
2026-10-08T00:25:27.959038+00:00,2026-10-08T00:25:50.202384+00:00,UNO,"ST,20500,RRGG,C,0,0,100",6,bc88ecd
2026-10-08T00:25:27.959038+00:00,2026-10-08T00:25:50.701797+00:00,UNO,"ST,21000,RRGG,C,0,0,100",6,bc88ecd
2026-10-08T00:25:27.959038+00:00,2026-10-08T00:25:51.202847+00:00,UNO,"ST,21500,RRGG,C,0,0,100",6,bc88ecd
2026-10-08T00:25:27.959038+00:00,2026-10-08T00:25:51.702557+00:00,UNO,"ST,22000,RRGG,C,0,0,100",6,bc88ecd
2026-10-08T00:25:27.959038+00:00,2026-10-08T00:25:51.828543+00:00,UNO,"ST,22126,RRYY,C,0,0,100",6,bc88ecd
2026-10-08T00:25:27.959038+00:00,2026-10-08T00:25:52.202608+00:00,UNO,"ST,22500,RRYY,C,0,0,100",6,bc88ecd
2026-10-08T00:25:27.959038+00:00,2026-10-08T00:25:52.702657+00:00,UNO,"ST,23000,RRYY,C,0,0,100",6,bc88ecd
2026-10-08T00:25:27.959038+00:00,2026-10-08T00:25:53.203076+00:00,UNO,"ST,23500,RRYY,C,0,0,100",6,bc88ecd
2026-10-08T00:25:27.959038+00:00,2026-10-08T00:25:53.702831+00:00,UNO,"ST,24000,RRYY,C,0,0,100",6,bc88ecd
2026-10-08T00:25:27.959038+00:00,2026-10-08T00:25:53.828818+00:00,UNO,"ST,24126,RRRR,C,0,0,100",6,bc88ecd
2026-10-08T00:25:27.959038+00:00,2026-10-08T00:25:54.202833+00:00,UNO,"ST,24500,RRRR,C,0,0,100",6,bc88ecd
2026-10-08T00:25:27.959038+00:00,2026-10-08T00:25:54.703902+00:00,UNO,"ST,25000,RRRR,C,0,0,100",6,bc88ecd
2026-10-08T00:25:27.959038+00:00,2026-10-08T00:25:54.829923+00:00,UNO,"ST,25126,GGRR,C,0,0,100",6,bc88ecd
2026-10-08T00:25:27.959038+00:00,2026-10-08T00:25:55.203377+00:00,UNO,"ST,25500,GGRR,C,0,0,100",6,bc88ecd
2026-10-08T00:25:27.959038+00:00,2026-10-08T00:25:55.703366+00:00,UNO,"ST,26000,GGRR,C,0,0,100",6,bc88ecd
2026-10-08T00:25:27.959038+00:00,2026-10-08T00:25:56.203085+00:00,UNO,"ST,26500,GGRR,C,0,0,100",6,bc88ecd
2026-10-08T00:25:27.959038+00:00,2026-10-08T00:25:56.704136+00:00,UNO,"ST,27000,GGRR,C,0,0,100",6,bc88ecd
2026-10-08T00:25:27.959038+00:00,2026-10-08T00:25:57.203526+00:00,UNO,"ST,27500,GGRR,C,0,0,100",6,bc88ecd
2026-10-08T00:25:27.959038+00:00,2026-10-08T00:25:57.703601+00:00,UNO,"ST,28000,GGRR,C,0,0,100",6,bc88ecd
2026-10-08T00:25:27.959038+00:00,2026-10-08T00:25:57.829629+00:00,UNO,"ST,28126,YYRR,C,0,0,100",6,bc88ecd
2026-10-08T00:25:27.959038+00:00,2026-10-08T00:25:58.204303+00:00,UNO,"ST,28500,YYRR,C,0,0,100",6,bc88ecd
2026-10-08T00:25:27.959038+00:00,2026-10-08T00:25:58.704371+00:00,UNO,"ST,29000,YYRR,C,0,0,100",6,bc88ecd
2026-10-08T00:25:27.959038+00:00,2026-10-08T00:25:59.204492+00:00,UNO,"ST,29500,YYRR,C,0,0,100",6,bc88ecd
2026-10-08T00:25:27.959038+00:00,2026-10-08T00:25:59.703826+00:00,UNO,"ST,30000,YYRR,C,0,0,100",6,bc88ecd
2026-10-08T00:25:27.959038+00:00,2026-10-08T00:25:59.829850+00:00,UNO,"ST,30126,RRRR,C,0,0,100",6,bc88ecd
2026-10-08T00:25:27.959038+00:00,2026-10-08T00:26:00.204537+00:00,UNO,"ST,30500,RRRR,C,0,0,100",6,bc88ecd
2026-10-08T00:25:27.959038+00:00,2026-10-08T00:26:00.704605+00:00,UNO,"ST,31000,RRRR,C,0,0,100",6,bc88ecd
2026-10-08T00:25:27.959038+00:00,2026-10-08T00:26:00.830592+00:00,UNO,"ST,31126,RRGG,C,0,0,100",6,bc88ecd
2026-10-08T00:25:27.959038+00:00,2026-10-08T00:26:01.204647+00:00,UNO,"ST,31500,RRGG,C,0,0,100",6,bc88ecd
2026-10-08T00:25:27.959038+00:00,2026-10-08T00:26:01.704042+00:00,UNO,"ST,32000,RRGG,C,0,0,100",6,bc88ecd
2026-10-08T00:25:27.959038+00:00,2026-10-08T00:26:02.205116+00:00,UNO,"ST,32500,RRGG,C,0,0,100",6,bc88ecd
2026-10-08T00:25:27.959038+00:00,2026-10-08T00:26:02.704821+00:00,UNO,"ST,33000,RRGG,C,0,0,100",6,bc88ecd
2026-10-08T00:25:27.959038+00:00,2026-10-08T00:26:03.204902+00:00,UNO,"ST,33500,RRGG,C,0,0,100",6,bc88ecd
2026-10-08T00:25:27.959038+00:00,2026-10-08T00:26:03.705287+00:00,UNO,"ST,34000,RRGG,C,0,0,100",6,bc88ecd
2026-10-08T00:25:27.959038+00:00,2026-10-08T00:26:03.831952+00:00,UNO,"ST,34126,RRYY,C,0,0,100",6,bc88ecd
2026-10-08T00:25:27.959038+00:00,2026-10-08T00:26:04.205340+00:00,UNO,"ST,34500,RRYY,C,0,0,100",6,bc88ecd
2026-10-08T00:25:27.959038+00:00,2026-10-08T00:26:04.705055+00:00,UNO,"ST,35000,RRYY,C,0,0,100",6,bc88ecd
2026-10-08T00:25:27.959038+00:00,2026-10-08T00:26:05.205109+00:00,UNO,"ST,35500,RRYY,C,0,0,100",6,bc88ecd
2026-10-08T00:25:27.959038+00:00,2026-10-08T00:26:05.706169+00:00,UNO,"ST,36000,RRYY,C,0,0,100",6,bc88ecd
2026-10-08T00:25:27.959038+00:00,2026-10-08T00:26:05.832172+00:00,UNO,"ST,36126,RRRR,C,0,0,100",6,bc88ecd
2026-10-08T00:25:27.959038+00:00,2026-10-08T00:26:06.205563+00:00,UNO,"ST,36500,RRRR,C,0,0,100",6,bc88ecd
2026-10-08T00:25:27.959038+00:00,2026-10-08T00:26:06.705329+00:00,UNO,"ST,37000,RRRR,C,0,0,100",6,bc88ecd
2026-10-08T00:25:27.959038+00:00,2026-10-08T00:26:06.831646+00:00,UNO,"ST,37126,GGRR,C,0,0,100",6,bc88ecd
2026-10-08T00:25:27.959038+00:00,2026-10-08T00:26:07.206327+00:00,UNO,"ST,37500,GGRR,C,0,0,100",6,bc88ecd
2026-10-08T00:25:27.959038+00:00,2026-10-08T00:26:07.706392+00:00,UNO,"ST,38000,GGRR,C,0,0,100",6,bc88ecd
2026-10-08T00:25:27.959038+00:00,2026-10-08T00:26:08.206454+00:00,UNO,"ST,38500,GGRR,C,0,0,100",6,bc88ecd
2026-10-08T00:25:27.959038+00:00,2026-10-08T00:26:08.705885+00:00,UNO,"ST,39000,GGRR,C,0,0,100",6,bc88ecd
2026-10-08T00:25:27.959038+00:00,2026-10-08T00:26:09.206572+00:00,UNO,"ST,39500,GGRR,C,0,0,100",6,bc88ecd
2026-10-08T00:25:27.959038+00:00,2026-10-08T00:26:09.706635+00:00,UNO,"ST,40000,GGRR,C,0,0,100",6,bc88ecd
2026-10-08T00:25:27.959038+00:00,2026-10-08T00:26:09.832629+00:00,UNO,"ST,40126,YYRR,C,0,0,100",6,bc88ecd
2026-10-08T00:25:27.959038+00:00,2026-10-08T00:26:10.206718+00:00,UNO,"ST,40500,YYRR,C,0,0,100",6,bc88ecd
2026-10-08T00:25:27.959038+00:00,2026-10-08T00:26:10.707079+00:00,UNO,"ST,41000,YYRR,C,0,0,100",6,bc88ecd
2026-10-08T00:25:27.959038+00:00,2026-10-08T00:26:11.206823+00:00,UNO,"ST,41500,YYRR,C,0,0,100",6,bc88ecd
2026-10-08T00:25:27.959038+00:00,2026-10-08T00:26:11.706856+00:00,UNO,"ST,42000,YYRR,C,0,0,100",6,bc88ecd
2026-10-08T00:25:27.959038+00:00,2026-10-08T00:26:11.832873+00:00,UNO,"ST,42126,RRRR,C,0,0,100",6,bc88ecd
2026-10-08T00:25:27.959038+00:00,2026-10-08T00:26:12.206975+00:00,UNO,"ST,42500,RRRR,C,0,0,100",6,bc88ecd
2026-10-08T00:25:27.959038+00:00,2026-10-08T00:26:12.707324+00:00,UNO,"ST,43000,RRRR,C,0,0,100",6,bc88ecd
2026-10-08T00:25:27.959038+00:00,2026-10-08T00:26:12.834003+00:00,UNO,"ST,43126,RRGG,C,0,0,100",6,bc88ecd
2026-10-08T00:25:27.959038+00:00,2026-10-08T00:26:13.207394+00:00,UNO,"ST,43500,RRGG,C,0,0,100",6,bc88ecd
2026-10-08T00:25:27.959038+00:00,2026-10-08T00:26:13.707191+00:00,UNO,"ST,44000,RRGG,C,0,0,100",6,bc88ecd
2026-10-08T00:25:27.959038+00:00,2026-10-08T00:26:14.208150+00:00,UNO,"ST,44500,RRGG,C,0,0,100",6,bc88ecd
2026-10-08T00:25:27.959038+00:00,2026-10-08T00:26:14.708221+00:00,UNO,"ST,45000,RRGG,C,0,0,100",6,bc88ecd
2026-10-08T00:25:27.959038+00:00,2026-10-08T00:26:15.207611+00:00,UNO,"ST,45500,RRGG,C,0,0,100",6,bc88ecd
2026-10-08T00:25:27.959038+00:00,2026-10-08T00:26:15.707675+00:00,UNO,"ST,46000,RRGG,C,0,0,100",6,bc88ecd
2026-10-08T00:25:27.959038+00:00,2026-10-08T00:26:15.833335+00:00,UNO,"ST,46126,RRYY,C,0,0,100",6,bc88ecd
2026-10-08T00:25:27.959038+00:00,2026-10-08T00:26:16.208378+00:00,UNO,"ST,46500,RRYY,C,0,0,100",6,bc88ecd
2026-10-08T00:25:27.959038+00:00,2026-10-08T00:26:16.708428+00:00,UNO,"ST,47000,RRYY,C,0,0,100",6,bc88ecd
2026-10-08T00:25:27.959038+00:00,2026-10-08T00:26:17.208492+00:00,UNO,"ST,47500,RRYY,C,0,0,100",6,bc88ecd
2026-10-08T00:25:27.959038+00:00,2026-10-08T00:26:17.707957+00:00,UNO,"ST,48000,RRYY,C,0,0,100",6,bc88ecd
2026-10-08T00:25:27.959038+00:00,2026-10-08T00:26:17.834919+00:00,UNO,"ST,48126,RRRR,C,0,0,100",6,bc88ecd
2026-10-08T00:25:27.959038+00:00,2026-10-08T00:26:18.208611+00:00,UNO,"ST,48500,RRRR,C,0,0,100",6,bc88ecd
2026-10-08T00:25:27.959038+00:00,2026-10-08T00:26:18.708715+00:00,UNO,"ST,49000,RRRR,C,0,0,100",6,bc88ecd
2026-10-08T00:25:27.959038+00:00,2026-10-08T00:26:18.834695+00:00,UNO,"ST,49126,GGRR,C,0,0,100",6,bc88ecd
2026-10-08T00:25:27.959038+00:00,2026-10-08T00:26:19.208836+00:00,UNO,"ST,49500,GGRR,C,0,0,100",6,bc88ecd
2026-10-08T00:25:27.959038+00:00,2026-10-08T00:26:19.709134+00:00,UNO,"ST,50000,GGRR,C,0,0,100",6,bc88ecd
2026-10-08T00:25:27.959038+00:00,2026-10-08T00:26:20.209188+00:00,UNO,"ST,50500,GGRR,C,0,0,100",6,bc88ecd
2026-10-08T00:25:27.959038+00:00,2026-10-08T00:26:20.708888+00:00,UNO,"ST,51000,GGRR,C,0,0,100",6,bc88ecd
2026-10-08T00:25:27.959038+00:00,2026-10-08T00:26:21.208958+00:00,UNO,"ST,51500,GGRR,C,0,0,100",6,bc88ecd
2026-10-08T00:25:27.959038+00:00,2026-10-08T00:26:21.710024+00:00,UNO,"ST,52000,GGRR,C,0,0,100",6,bc88ecd
2026-10-08T00:25:27.959038+00:00,2026-10-08T00:26:21.836038+00:00,UNO,"ST,52126,YYRR,C,0,0,100",6,bc88ecd
2026-10-08T00:25:27.959038+00:00,2026-10-08T00:26:22.209424+00:00,UNO,"ST,52500,YYRR,C,0,0,100",6,bc88ecd
2026-10-08T00:25:27.959038+00:00,2026-10-08T00:26:22.709121+00:00,UNO,"ST,53000,YYRR,C,0,0,100",6,bc88ecd
2026-10-08T00:25:27.959038+00:00,2026-10-08T00:26:23.210198+00:00,UNO,"ST,53500,YYRR,C,0,0,100",6,bc88ecd
2026-10-08T00:25:27.959038+00:00,2026-10-08T00:26:23.710272+00:00,UNO,"ST,54000,YYRR,C,0,0,100",6,bc88ecd
2026-10-08T00:25:27.959038+00:00,2026-10-08T00:26:23.836229+00:00,UNO,"ST,54126,RRRR,C,0,0,100",6,bc88ecd
2026-10-08T00:25:27.959038+00:00,2026-10-08T00:26:24.209702+00:00,UNO,"ST,54500,RRRR,C,0,0,100",6,bc88ecd
2026-10-08T00:25:27.959038+00:00,2026-10-08T00:26:24.709355+00:00,UNO,"ST,55000,RRRR,C,0,0,100",6,bc88ecd
2026-10-08T00:25:27.959038+00:00,2026-10-08T00:26:24.835385+00:00,UNO,"ST,55126,RRGG,C,0,0,100",6,bc88ecd
2026-10-08T00:25:27.959038+00:00,2026-10-08T00:26:25.210416+00:00,UNO,"ST,55500,RRGG,C,0,0,100",6,bc88ecd
2026-10-08T00:25:27.959038+00:00,2026-10-08T00:26:25.710476+00:00,UNO,"ST,56000,RRGG,C,0,0,100",6,bc88ecd
2026-10-08T00:25:27.959038+00:00,2026-10-08T00:26:26.210532+00:00,UNO,"ST,56500,RRGG,C,0,0,100",6,bc88ecd
2026-10-08T00:25:27.959038+00:00,2026-10-08T00:26:26.710944+00:00,UNO,"ST,57000,RRGG,C,0,0,100",6,bc88ecd
2026-10-08T00:25:27.959038+00:00,2026-10-08T00:26:27.210653+00:00,UNO,"ST,57500,RRGG,C,0,0,100",6,bc88ecd
2026-10-08T00:25:27.959038+00:00,2026-10-08T00:26:27.710701+00:00,UNO,"ST,58000,RRGG,C,0,0,100",6,bc88ecd
2026-10-08T00:25:27.959038+00:00,2026-10-08T00:26:27.836707+00:00,UNO,"ST,58126,RRYY,C,0,0,100",6,bc88ecd
2026-10-08T00:25:27.959038+00:00,2026-10-08T00:26:28.210759+00:00,UNO,"ST,58500,RRYY,C,0,0,100",6,bc88ecd
2026-10-08T00:25:27.959038+00:00,2026-10-08T00:26:28.711149+00:00,UNO,"ST,59000,RRYY,C,0,0,100",6,bc88ecd
2026-10-08T00:25:27.959038+00:00,2026-10-08T00:26:29.210880+00:00,UNO,"ST,59500,RRYY,C,0,0,100",6,bc88ecd
2026-10-08T00:25:27.959038+00:00,2026-10-08T00:26:29.710929+00:00,UNO,"ST,60000,RRYY,C,0,0,100",6,bc88ecd
2026-10-08T00:25:27.959038+00:00,2026-10-08T00:26:29.836949+00:00,UNO,"ST,60126,RRRR,C,0,0,100",6,bc88ecd
2026-10-08T00:25:27.959038+00:00,2026-10-08T00:26:30.211990+00:00,UNO,"ST,60500,RRRR,C,0,0,100",6,bc88ecd
2026-10-08T00:25:27.959038+00:00,2026-10-08T00:26:30.712037+00:00,UNO,"ST,61000,RRRR,C,0,0,100",6,bc88ecd
2026-10-08T00:25:27.959038+00:00,2026-10-08T00:26:30.838063+00:00,UNO,"ST,61126,GGRR,C,0,0,100",6,bc88ecd
2026-10-08T00:25:27.959038+00:00,2026-10-08T00:26:31.211458+00:00,UNO,"ST,61500,GGRR,C,0,0,100",6,bc88ecd
2026-10-08T00:25:27.959038+00:00,2026-10-08T00:26:31.711168+00:00,UNO,"ST,62000,GGRR,C,0,0,100",6,bc88ecd
2026-10-08T00:25:27.959038+00:00,2026-10-08T00:26:32.212261+00:00,UNO,"ST,62500,GGRR,C,0,0,100",6,bc88ecd
2026-10-08T00:25:27.959038+00:00,2026-10-08T00:26:32.712280+00:00,UNO,"ST,63000,GGRR,C,0,0,100",6,bc88ecd
2026-10-08T00:25:27.959038+00:00,2026-10-08T00:26:33.211692+00:00,UNO,"ST,63500,GGRR,C,0,0,100",6,bc88ecd
2026-10-08T00:25:27.959038+00:00,2026-10-08T00:26:33.711396+00:00,UNO,"ST,64000,GGRR,C,0,0,100",6,bc88ecd
2026-10-08T00:25:27.959038+00:00,2026-10-08T00:26:33.838409+00:00,UNO,"ST,64126,YYRR,C,0,0,100",6,bc88ecd
2026-10-08T00:25:27.959038+00:00,2026-10-08T00:26:34.212433+00:00,UNO,"ST,64500,YYRR,C,0,0,100",6,bc88ecd
2026-10-08T00:25:27.959038+00:00,2026-10-08T00:26:34.712512+00:00,UNO,"ST,65000,YYRR,C,0,0,100",6,bc88ecd
2026-10-08T00:25:27.959038+00:00,2026-10-08T00:26:35.211917+00:00,UNO,"ST,65500,YYRR,C,0,0,100",6,bc88ecd
2026-10-08T00:25:27.959038+00:00,2026-10-08T00:26:35.712975+00:00,UNO,"ST,66000,YYRR,C,0,0,100",6,bc88ecd
2026-10-08T00:25:27.959038+00:00,2026-10-08T00:26:35.838989+00:00,UNO,"ST,66126,RRRR,C,0,0,100",6,bc88ecd
2026-10-08T00:25:27.959038+00:00,2026-10-08T00:26:36.212679+00:00,UNO,"ST,66500,RRRR,C,0,0,100",6,bc88ecd
2026-10-08T00:25:27.959038+00:00,2026-10-08T00:26:36.712743+00:00,UNO,"ST,67000,RRRR,C,0,0,100",6,bc88ecd
2026-10-08T00:25:27.959038+00:00,2026-10-08T00:26:36.838756+00:00,UNO,"ST,67126,RRGG,C,0,0,100",6,bc88ecd
2026-10-08T00:25:27.959038+00:00,2026-10-08T00:26:37.212153+00:00,UNO,"ST,67500,RRGG,C,0,0,100",6,bc88ecd
2026-10-08T00:25:27.959038+00:00,2026-10-08T00:26:37.713214+00:00,UNO,"ST,68000,RRGG,C,0,0,100",6,bc88ecd
2026-10-08T00:25:27.959038+00:00,2026-10-08T00:26:38.212913+00:00,UNO,"ST,68500,RRGG,C,0,0,100",6,bc88ecd
2026-10-08T00:25:27.959038+00:00,2026-10-08T00:26:38.712954+00:00,UNO,"ST,69000,RRGG,C,0,0,100",6,bc88ecd
2026-10-08T00:25:27.959038+00:00,2026-10-08T00:26:39.214030+00:00,UNO,"ST,69500,RRGG,C,0,0,100",6,bc88ecd
2026-10-08T00:25:27.959038+00:00,2026-10-08T00:26:39.713429+00:00,UNO,"ST,70000,RRGG,C,0,0,100",6,bc88ecd
2026-10-08T00:25:27.959038+00:00,2026-10-08T00:26:39.840098+00:00,UNO,"ST,70126,RRYY,C,0,0,100",6,bc88ecd
2026-10-08T00:25:27.959038+00:00,2026-10-08T00:26:40.213490+00:00,UNO,"ST,70500,RRYY,C,0,0,100",6,bc88ecd
2026-10-08T00:25:27.959038+00:00,2026-10-08T00:26:40.713270+00:00,UNO,"ST,71000,RRYY,C,0,0,100",6,bc88ecd
2026-10-08T00:25:27.959038+00:00,2026-10-08T00:26:41.214258+00:00,UNO,"ST,71500,RRYY,C,0,0,100",6,bc88ecd
2026-10-08T00:25:27.959038+00:00,2026-10-08T00:26:41.714320+00:00,UNO,"ST,72000,RRYY,C,0,0,100",6,bc88ecd
2026-10-08T00:25:27.959038+00:00,2026-10-08T00:26:41.840307+00:00,UNO,"ST,72126,RRRR,C,0,0,100",6,bc88ecd
2026-10-08T00:25:27.959038+00:00,2026-10-08T00:26:42.213721+00:00,UNO,"ST,72500,RRRR,C,0,0,100",6,bc88ecd
2026-10-08T00:25:27.959038+00:00,2026-10-08T00:26:42.714792+00:00,UNO,"ST,73000,RRRR,C,0,0,100",6,bc88ecd
2026-10-08T00:25:27.959038+00:00,2026-10-08T00:26:42.840800+00:00,UNO,"ST,73126,GGRR,C,0,0,100",6,bc88ecd
2026-10-08T00:25:27.959038+00:00,2026-10-08T00:26:43.214468+00:00,UNO,"ST,73500,GGRR,C,0,0,100",6,bc88ecd
2026-10-08T00:25:27.959038+00:00,2026-10-08T00:26:43.714549+00:00,UNO,"ST,74000,GGRR,C,0,0,100",6,bc88ecd
2026-10-08T00:25:27.959038+00:00,2026-10-08T00:26:44.213950+00:00,UNO,"ST,74500,GGRR,C,0,0,100",6,bc88ecd
2026-10-08T00:25:27.959038+00:00,2026-10-08T00:26:44.715029+00:00,UNO,"ST,75000,GGRR,C,0,0,100",6,bc88ecd
2026-10-08T00:25:27.959038+00:00,2026-10-08T00:26:45.214718+00:00,UNO,"ST,75500,GGRR,C,0,0,100",6,bc88ecd
2026-10-08T00:25:27.959038+00:00,2026-10-08T00:26:45.714781+00:00,UNO,"ST,76000,GGRR,C,0,0,100",6,bc88ecd
2026-10-08T00:25:27.959038+00:00,2026-10-08T00:26:45.840800+00:00,UNO,"ST,76126,YYRR,C,0,0,100",6,bc88ecd
2026-10-08T00:25:27.959038+00:00,2026-10-08T00:26:46.215168+00:00,UNO,"ST,76500,YYRR,C,0,0,100",6,bc88ecd
2026-10-08T00:25:27.959038+00:00,2026-10-08T00:26:46.715221+00:00,UNO,"ST,77000,YYRR,C,0,0,100",6,bc88ecd
2026-10-08T00:25:27.959038+00:00,2026-10-08T00:26:47.214946+00:00,UNO,"ST,77500,YYRR,C,0,0,100",6,bc88ecd
2026-10-08T00:25:27.959038+00:00,2026-10-08T00:26:47.715005+00:00,UNO,"ST,78000,YYRR,C,0,0,100",6,bc88ecd
2026-10-08T00:25:27.959038+00:00,2026-10-08T00:26:47.841058+00:00,UNO,"ST,78126,RRRR,C,0,0,100",6,bc88ecd
2026-10-08T00:25:27.959038+00:00,2026-10-08T00:26:48.215410+00:00,UNO,"ST,78500,RRRR,C,0,0,100",6,bc88ecd
2026-10-08T00:25:27.959038+00:00,2026-10-08T00:26:48.715487+00:00,UNO,"ST,79000,RRRR,C,0,0,100",6,bc88ecd
2026-10-08T00:25:27.959038+00:00,2026-10-08T00:26:48.841490+00:00,UNO,"ST,79126,RRGG,C,0,0,100",6,bc88ecd
2026-10-08T00:25:27.959038+00:00,2026-10-08T00:26:49.215319+00:00,UNO,"ST,79500,RRGG,C,0,0,100",6,bc88ecd
2026-10-08T00:25:27.959038+00:00,2026-10-08T00:26:49.715246+00:00,UNO,"ST,80000,RRGG,C,0,0,100",6,bc88ecd
2026-10-08T00:25:27.959038+00:00,2026-10-08T00:26:50.216306+00:00,UNO,"ST,80500,RRGG,C,0,0,100",6,bc88ecd
2026-10-08T00:25:27.959038+00:00,2026-10-08T00:26:50.715716+00:00,UNO,"ST,81000,RRGG,C,0,0,100",6,bc88ecd
2026-10-08T00:25:27.959038+00:00,2026-10-08T00:26:51.215762+00:00,UNO,"ST,81500,RRGG,C,0,0,100",6,bc88ecd
2026-10-08T00:25:27.959038+00:00,2026-10-08T00:26:51.716481+00:00,UNO,"ST,82000,RRGG,C,0,0,100",6,bc88ecd
2026-10-08T00:25:27.959038+00:00,2026-10-08T00:26:51.842834+00:00,UNO,"ST,82126,RRYY,C,0,0,100",6,bc88ecd
2026-10-08T00:25:27.959038+00:00,2026-10-08T00:26:52.216516+00:00,UNO,"ST,82500,RRYY,C,0,0,100",6,bc88ecd
2026-10-08T00:25:27.959038+00:00,2026-10-08T00:26:52.716587+00:00,UNO,"ST,83000,RRYY,C,0,0,100",6,bc88ecd
2026-10-08T00:25:27.959038+00:00,2026-10-08T00:26:53.216013+00:00,UNO,"ST,83500,RRYY,C,0,0,100",6,bc88ecd
2026-10-08T00:25:27.959038+00:00,2026-10-08T00:26:53.717047+00:00,UNO,"ST,84000,RRYY,C,0,0,100",6,bc88ecd
2026-10-08T00:25:27.959038+00:00,2026-10-08T00:26:53.843040+00:00,UNO,"ST,84126,RRRR,C,0,0,100",6,bc88ecd
2026-10-08T00:25:27.959038+00:00,2026-10-08T00:26:54.216740+00:00,UNO,"ST,84500,RRRR,C,0,0,100",6,bc88ecd
2026-10-08T00:25:27.959038+00:00,2026-10-08T00:26:54.716813+00:00,UNO,"ST,85000,RRRR,C,0,0,100",6,bc88ecd
2026-10-08T00:25:27.959038+00:00,2026-10-08T00:26:54.843243+00:00,UNO,"ST,85126,GGRR,C,0,0,100",6,bc88ecd
2026-10-08T00:25:27.959038+00:00,2026-10-08T00:26:55.217859+00:00,UNO,"ST,85500,GGRR,C,0,0,100",6,bc88ecd
2026-10-08T00:25:27.959038+00:00,2026-10-08T00:26:55.717258+00:00,UNO,"ST,86000,GGRR,C,0,0,100",6,bc88ecd
2026-10-08T00:25:27.959038+00:00,2026-10-08T00:26:56.216993+00:00,UNO,"ST,86500,GGRR,C,0,0,100",6,bc88ecd
2026-10-08T00:25:27.959038+00:00,2026-10-08T00:26:56.717023+00:00,UNO,"ST,87000,GGRR,C,0,0,100",6,bc88ecd
2026-10-08T00:25:27.959038+00:00,2026-10-08T00:26:57.218108+00:00,UNO,"ST,87500,GGRR,C,0,0,100",6,bc88ecd
2026-10-08T00:25:27.959038+00:00,2026-10-08T00:26:57.717525+00:00,UNO,"ST,88000,GGRR,C,0,0,100",6,bc88ecd
2026-10-08T00:25:27.959038+00:00,2026-10-08T00:26:57.843557+00:00,UNO,"ST,88126,YYRR,C,0,0,100",6,bc88ecd
2026-10-08T00:25:27.959038+00:00,2026-10-08T00:26:58.217561+00:00,UNO,"ST,88500,YYRR,C,0,0,100",6,bc88ecd
2026-10-08T00:25:27.959038+00:00,2026-10-08T00:26:58.718276+00:00,UNO,"ST,89000,YYRR,C,0,0,100",6,bc88ecd
2026-10-08T00:25:27.959038+00:00,2026-10-08T00:26:59.218347+00:00,UNO,"ST,89500,YYRR,C,0,0,100",6,bc88ecd
2026-10-08T00:25:27.959038+00:00,2026-10-08T00:26:59.717739+00:00,UNO,"ST,90000,YYRR,C,0,0,100",6,bc88ecd
2026-10-08T00:25:27.959038+00:00,2026-10-08T00:26:59.843726+00:00,UNO,"ST,90126,RRRR,C,0,0,100",6,bc88ecd
2026-10-08T00:25:27.959038+00:00,2026-10-08T00:27:00.217452+00:00,UNO,"ST,90500,RRRR,C,0,0,100",6,bc88ecd
2026-10-08T00:25:27.959038+00:00,2026-10-08T00:27:00.718516+00:00,UNO,"ST,91000,RRRR,C,0,0,100",6,bc88ecd
2026-10-08T00:25:27.959038+00:00,2026-10-08T00:27:00.844495+00:00,UNO,"ST,91126,RRGG,C,0,0,100",6,bc88ecd
2026-10-08T00:25:27.959038+00:00,2026-10-08T00:27:01.218619+00:00,UNO,"ST,91500,RRGG,C,0,0,100",6,bc88ecd
2026-10-08T00:25:27.959038+00:00,2026-10-08T00:27:01.718628+00:00,UNO,"ST,92000,RRGG,C,0,0,100",6,bc88ecd
2026-10-08T00:25:27.959038+00:00,2026-10-08T00:27:02.219029+00:00,UNO,"ST,92500,RRGG,C,0,0,100",6,bc88ecd
2026-10-08T00:25:27.959038+00:00,2026-10-08T00:27:02.388045+00:00,UNO,"EV,92668,PREEMP_INI,1,AMBULANCIA",6,bc88ecd
2026-10-08T00:25:27.959038+00:00,2026-10-08T00:27:02.418295+00:00,UNO,"ST,92668,RRGG,E,1,0,100",0,bc88ecd
2026-10-08T00:25:27.959038+00:00,2026-10-08T00:27:02.718802+00:00,UNO,"ST,93000,RRGG,E,1,0,100",6,bc88ecd
2026-10-08T00:25:27.959038+00:00,2026-10-08T00:27:03.218794+00:00,UNO,"ST,93500,RRGG,E,1,0,100",6,bc88ecd
2026-10-08T00:25:27.959038+00:00,2026-10-08T00:27:03.718915+00:00,UNO,"ST,94000,RRGG,E,1,0,100",6,bc88ecd
2026-10-08T00:25:27.959038+00:00,2026-10-08T00:27:03.844872+00:00,UNO,"ST,94126,RRYY,E,1,0,100",6,bc88ecd
2026-10-08T00:25:27.959038+00:00,2026-10-08T00:27:04.219259+00:00,UNO,"ST,94500,RRYY,E,1,0,100",6,bc88ecd
2026-10-08T00:25:27.959038+00:00,2026-10-08T00:27:04.719304+00:00,UNO,"ST,95000,RRYY,E,1,0,100",6,bc88ecd
2026-10-08T00:25:27.959038+00:00,2026-10-08T00:27:05.219029+00:00,UNO,"ST,95500,RRYY,E,1,0,100",6,bc88ecd
2026-10-08T00:25:27.959038+00:00,2026-10-08T00:27:05.719108+00:00,UNO,"ST,96000,RRYY,E,1,0,100",6,bc88ecd
2026-10-08T00:25:27.959038+00:00,2026-10-08T00:27:05.846109+00:00,UNO,"ST,96126,RRRR,E,1,0,100",6,bc88ecd
2026-10-08T00:25:27.959038+00:00,2026-10-08T00:27:06.220136+00:00,UNO,"ST,96500,RRRR,E,1,0,100",6,bc88ecd
2026-10-08T00:25:27.959038+00:00,2026-10-08T00:27:06.719551+00:00,UNO,"ST,97000,RRRR,E,1,0,100",6,bc88ecd
2026-10-08T00:25:27.959038+00:00,2026-10-08T00:27:06.845566+00:00,UNO,"ST,97126,GRRR,E,1,0,100",6,bc88ecd
2026-10-08T00:25:27.959038+00:00,2026-10-08T00:27:07.219602+00:00,UNO,"ST,97500,GRRR,E,1,0,100",6,bc88ecd
2026-10-08T00:25:27.959038+00:00,2026-10-08T00:27:07.720320+00:00,UNO,"ST,98000,GRRR,E,1,0,100",6,bc88ecd
2026-10-08T00:25:27.959038+00:00,2026-10-08T00:27:08.220375+00:00,UNO,"ST,98500,GRRR,E,1,0,100",6,bc88ecd
2026-10-08T00:25:27.959038+00:00,2026-10-08T00:27:08.720435+00:00,UNO,"ST,99000,GRRR,E,1,0,100",6,bc88ecd
2026-10-08T00:25:27.959038+00:00,2026-10-08T00:27:09.219828+00:00,UNO,"ST,99500,GRRR,E,1,0,100",6,bc88ecd
2026-10-08T00:25:27.959038+00:00,2026-10-08T00:27:09.720543+00:00,UNO,"ST,100000,GRRR,E,1,0,100",6,bc88ecd
2026-10-08T00:25:27.959038+00:00,2026-10-08T00:27:10.220598+00:00,UNO,"ST,100500,GRRR,E,1,0,100",6,bc88ecd
2026-10-08T00:25:27.959038+00:00,2026-10-08T00:27:10.720658+00:00,UNO,"ST,101000,GRRR,E,1,0,100",6,bc88ecd
2026-10-08T00:25:27.959038+00:00,2026-10-08T00:27:11.221081+00:00,UNO,"ST,101500,GRRR,E,1,0,100",6,bc88ecd
2026-10-08T00:25:27.959038+00:00,2026-10-08T00:27:11.721151+00:00,UNO,"ST,102000,GRRR,E,1,0,100",6,bc88ecd
2026-10-08T00:25:27.959038+00:00,2026-10-08T00:27:12.220838+00:00,UNO,"ST,102500,GRRR,E,1,0,100",6,bc88ecd
2026-10-08T00:25:27.959038+00:00,2026-10-08T00:27:12.720902+00:00,UNO,"ST,103000,GRRR,E,1,0,100",6,bc88ecd
2026-10-08T00:25:27.959038+00:00,2026-10-08T00:27:13.221946+00:00,UNO,"ST,103500,GRRR,E,1,0,100",6,bc88ecd
2026-10-08T00:25:27.959038+00:00,2026-10-08T00:27:13.721348+00:00,UNO,"ST,104000,GRRR,E,1,0,100",6,bc88ecd
2026-10-08T00:25:27.959038+00:00,2026-10-08T00:27:14.221104+00:00,UNO,"ST,104500,GRRR,E,1,0,100",6,bc88ecd
2026-10-08T00:25:27.959038+00:00,2026-10-08T00:27:14.722119+00:00,UNO,"ST,105000,GRRR,E,1,0,100",6,bc88ecd
2026-10-08T00:25:27.959038+00:00,2026-10-08T00:27:15.222181+00:00,UNO,"ST,105500,GRRR,E,1,0,100",6,bc88ecd
2026-10-08T00:25:27.959038+00:00,2026-10-08T00:27:15.722234+00:00,UNO,"ST,106000,GRRR,E,1,0,100",6,bc88ecd
2026-10-08T00:25:27.959038+00:00,2026-10-08T00:27:15.847591+00:00,UNO,"EV,106126,PREEMP_FIM,1,AMBULANCIA",6,bc88ecd
2026-10-08T00:25:27.959038+00:00,2026-10-08T00:27:15.884233+00:00,UNO,"ST,106126,YRRR,C,0,0,100",6,bc88ecd
2026-10-08T00:25:27.959038+00:00,2026-10-08T00:27:16.221627+00:00,UNO,"ST,106500,YRRR,C,0,0,100",6,bc88ecd
2026-10-08T00:25:27.959038+00:00,2026-10-08T00:27:16.722342+00:00,UNO,"ST,107000,YRRR,C,0,0,100",6,bc88ecd
2026-10-08T00:25:27.959038+00:00,2026-10-08T00:27:17.222404+00:00,UNO,"ST,107500,YRRR,C,0,0,100",6,bc88ecd
2026-10-08T00:25:27.959038+00:00,2026-10-08T00:27:17.722471+00:00,UNO,"ST,108000,YRRR,C,0,0,100",6,bc88ecd
2026-10-08T00:25:27.959038+00:00,2026-10-08T00:27:17.848832+00:00,UNO,"ST,108126,RRRR,C,0,0,100",6,bc88ecd
2026-10-08T00:25:27.959038+00:00,2026-10-08T00:27:18.223524+00:00,UNO,"ST,108500,RRRR,C,0,0,100",6,bc88ecd
2026-10-08T00:25:27.959038+00:00,2026-10-08T00:27:18.722933+00:00,UNO,"ST,109000,RRRR,C,0,0,100",6,bc88ecd
2026-10-08T00:25:27.959038+00:00,2026-10-08T00:27:18.848944+00:00,UNO,"ST,109126,RRGG,C,0,0,100",6,bc88ecd
2026-10-08T00:25:27.959038+00:00,2026-10-08T00:27:19.222641+00:00,UNO,"ST,109500,RRGG,C,0,0,100",6,bc88ecd
2026-10-08T00:25:27.959038+00:00,2026-10-08T00:27:19.722692+00:00,UNO,"ST,110000,RRGG,C,0,0,100",6,bc88ecd
2026-10-08T00:25:27.959038+00:00,2026-10-08T00:27:20.223752+00:00,UNO,"ST,110500,RRGG,C,0,0,100",6,bc88ecd
2026-10-08T00:25:27.959038+00:00,2026-10-08T00:27:20.723161+00:00,UNO,"ST,111000,RRGG,C,0,0,100",6,bc88ecd
2026-10-08T00:25:27.959038+00:00,2026-10-08T00:27:21.222866+00:00,UNO,"ST,111500,RRGG,C,0,0,100",6,bc88ecd
2026-10-08T00:25:27.959038+00:00,2026-10-08T00:27:21.722926+00:00,UNO,"ST,112000,RRGG,C,0,0,100",6,bc88ecd
2026-10-08T00:25:27.959038+00:00,2026-10-08T00:27:21.849943+00:00,UNO,"ST,112126,RRYY,C,0,0,100",6,bc88ecd
2026-10-08T00:25:27.959038+00:00,2026-10-08T00:27:22.223971+00:00,UNO,"ST,112500,RRYY,C,0,0,100",6,bc88ecd
2026-10-08T00:25:27.959038+00:00,2026-10-08T00:27:22.724044+00:00,UNO,"ST,113000,RRYY,C,0,0,100",6,bc88ecd
2026-10-08T00:25:27.959038+00:00,2026-10-08T00:27:23.223511+00:00,UNO,"ST,113500,RRYY,C,0,0,100",6,bc88ecd
2026-10-08T00:25:27.959038+00:00,2026-10-08T00:27:23.724158+00:00,UNO,"ST,114000,RRYY,C,0,0,100",6,bc88ecd
2026-10-08T00:25:27.959038+00:00,2026-10-08T00:27:23.850190+00:00,UNO,"ST,114126,RRRR,C,0,0,100",6,bc88ecd
2026-10-08T00:25:27.959038+00:00,2026-10-08T00:27:24.224212+00:00,UNO,"ST,114500,RRRR,C,0,0,100",6,bc88ecd
2026-10-08T00:25:27.959038+00:00,2026-10-08T00:27:24.724275+00:00,UNO,"ST,115000,RRRR,C,0,0,100",6,bc88ecd
2026-10-08T00:25:27.959038+00:00,2026-10-08T00:27:24.850271+00:00,UNO,"ST,115126,GGRR,C,0,0,100",6,bc88ecd
2026-10-08T00:25:27.959038+00:00,2026-10-08T00:27:25.223742+00:00,UNO,"ST,115500,GGRR,C,0,0,100",6,bc88ecd
2026-10-08T00:25:27.959038+00:00,2026-10-08T00:27:25.724741+00:00,UNO,"ST,116000,GGRR,C,0,0,100",6,bc88ecd
2026-10-08T00:25:27.959038+00:00,2026-10-08T00:27:26.224531+00:00,UNO,"ST,116500,GGRR,C,0,0,100",6,bc88ecd
2026-10-08T00:25:27.959038+00:00,2026-10-08T00:27:26.724500+00:00,UNO,"ST,117000,GGRR,C,0,0,100",6,bc88ecd
2026-10-08T00:25:27.959038+00:00,2026-10-08T00:27:27.225550+00:00,UNO,"ST,117500,GGRR,C,0,0,100",6,bc88ecd
2026-10-08T00:25:27.959038+00:00,2026-10-08T00:27:27.724964+00:00,UNO,"ST,118000,GGRR,C,0,0,100",6,bc88ecd
2026-10-08T00:25:27.959038+00:00,2026-10-08T00:27:27.850973+00:00,UNO,"ST,118126,YYRR,C,0,0,100",6,bc88ecd
2026-10-08T00:25:27.959038+00:00,2026-10-08T00:27:28.224668+00:00,UNO,"ST,118500,YYRR,C,0,0,100",6,bc88ecd
2026-10-08T00:25:27.959038+00:00,2026-10-08T00:27:28.724726+00:00,UNO,"ST,119000,YYRR,C,0,0,100",6,bc88ecd
2026-10-08T00:25:27.959038+00:00,2026-10-08T00:27:29.225793+00:00,UNO,"ST,119500,YYRR,C,0,0,100",6,bc88ecd
2026-10-08T00:25:27.959038+00:00,2026-10-08T00:27:29.725204+00:00,UNO,"ST,120000,YYRR,C,0,0,100",6,bc88ecd
2026-10-08T00:25:27.959038+00:00,2026-10-08T00:27:29.851826+00:00,UNO,"ST,120126,RRRR,C,0,0,100",6,bc88ecd
2026-10-08T00:25:27.959038+00:00,2026-10-08T00:27:30.224903+00:00,UNO,"ST,120500,RRRR,C,0,0,100",6,bc88ecd
2026-10-08T00:25:27.959038+00:00,2026-10-08T00:27:30.725961+00:00,UNO,"ST,121000,RRRR,C,0,0,100",6,bc88ecd
2026-10-08T00:25:27.959038+00:00,2026-10-08T00:27:30.851959+00:00,UNO,"ST,121126,RRGG,C,0,0,100",6,bc88ecd
2026-10-08T00:25:27.959038+00:00,2026-10-08T00:27:31.226025+00:00,UNO,"ST,121500,RRGG,C,0,0,100",6,bc88ecd
2026-10-08T00:25:27.959038+00:00,2026-10-08T00:27:31.725445+00:00,UNO,"ST,122000,RRGG,C,0,0,100",6,bc88ecd
2026-10-08T00:25:27.959038+00:00,2026-10-08T00:27:32.225474+00:00,UNO,"ST,122500,RRGG,C,0,0,100",6,bc88ecd
2026-10-08T00:25:27.959038+00:00,2026-10-08T00:27:32.726216+00:00,UNO,"ST,123000,RRGG,C,0,0,100",6,bc88ecd
2026-10-08T00:25:27.959038+00:00,2026-10-08T00:27:33.226254+00:00,UNO,"ST,123500,RRGG,C,0,0,100",6,bc88ecd
2026-10-08T00:25:27.959038+00:00,2026-10-08T00:27:33.725660+00:00,UNO,"ST,124000,RRGG,C,0,0,100",6,bc88ecd
2026-10-08T00:25:27.959038+00:00,2026-10-08T00:27:33.852317+00:00,UNO,"ST,124126,RRYY,C,0,0,100",6,bc88ecd
2026-10-08T00:25:27.959038+00:00,2026-10-08T00:27:34.226757+00:00,UNO,"ST,124500,RRYY,C,0,0,100",6,bc88ecd
2026-10-08T00:25:27.959038+00:00,2026-10-08T00:27:34.726810+00:00,UNO,"ST,125000,RRYY,C,0,0,100",6,bc88ecd
2026-10-08T00:25:27.959038+00:00,2026-10-08T00:27:35.226491+00:00,UNO,"ST,125500,RRYY,C,0,0,100",6,bc88ecd
2026-10-08T00:25:27.959038+00:00,2026-10-08T00:27:35.726587+00:00,UNO,"ST,126000,RRYY,C,0,0,100",6,bc88ecd
2026-10-08T00:25:27.959038+00:00,2026-10-08T00:27:35.852547+00:00,UNO,"ST,126126,RRRR,C,0,0,100",6,bc88ecd
2026-10-08T00:25:27.959038+00:00,2026-10-08T00:27:36.226926+00:00,UNO,"ST,126500,RRRR,C,0,0,100",6,bc88ecd
2026-10-08T00:25:27.959038+00:00,2026-10-08T00:27:36.726992+00:00,UNO,"ST,127000,RRRR,C,0,0,100",6,bc88ecd
2026-10-08T00:25:27.959038+00:00,2026-10-08T00:27:36.853016+00:00,UNO,"ST,127126,GGRR,C,0,0,100",6,bc88ecd
2026-10-08T00:25:27.959038+00:00,2026-10-08T00:27:37.226715+00:00,UNO,"ST,127500,GGRR,C,0,0,100",6,bc88ecd
2026-10-08T00:28:01.131486+00:00,2026-10-08T00:28:02.793281+00:00,UNO,"EV,0,BOOT",6,bc88ecd
2026-10-08T00:28:01.131486+00:00,2026-10-08T00:28:02.802073+00:00,UNO,"ST,0,RRRR,C,0,0,000",2,bc88ecd
2026-10-08T00:28:01.131486+00:00,2026-10-08T00:28:03.919502+00:00,UNO,"ST,1125,GGRR,C,0,0,000",6,bc88ecd
2026-10-08T00:28:01.131486+00:00,2026-10-08T00:28:04.293813+00:00,UNO,"ST,1500,GGRR,C,0,0,000",6,bc88ecd
2026-10-08T00:28:01.131486+00:00,2026-10-08T00:28:04.794503+00:00,UNO,"ST,2000,GGRR,C,0,0,000",6,bc88ecd
2026-10-08T00:28:01.131486+00:00,2026-10-08T00:28:05.294599+00:00,UNO,"ST,2500,GGRR,C,0,0,000",6,bc88ecd
2026-10-08T00:28:01.131486+00:00,2026-10-08T00:28:05.794629+00:00,UNO,"ST,3000,GGRR,C,0,0,000",6,bc88ecd
2026-10-08T00:28:01.131486+00:00,2026-10-08T00:28:06.294023+00:00,UNO,"ST,3500,GGRR,C,0,0,000",6,bc88ecd
2026-10-08T00:28:01.131486+00:00,2026-10-08T00:28:06.795124+00:00,UNO,"ST,4000,GGRR,C,0,0,000",6,bc88ecd
2026-10-08T00:28:01.131486+00:00,2026-10-08T00:28:06.920088+00:00,UNO,"ST,4125,YYRR,C,0,0,000",6,bc88ecd
2026-10-08T00:28:01.131486+00:00,2026-10-08T00:28:07.294893+00:00,UNO,"ST,4500,YYRR,C,0,0,000",6,bc88ecd
2026-10-08T00:28:01.131486+00:00,2026-10-08T00:28:07.794877+00:00,UNO,"ST,5000,YYRR,C,0,0,000",6,bc88ecd
2026-10-08T00:28:01.131486+00:00,2026-10-08T00:28:08.295908+00:00,UNO,"ST,5500,YYRR,C,0,0,000",6,bc88ecd
2026-10-08T00:28:01.131486+00:00,2026-10-08T00:28:08.795340+00:00,UNO,"ST,6000,YYRR,C,0,0,000",6,bc88ecd
2026-10-08T00:28:01.131486+00:00,2026-10-08T00:28:08.920503+00:00,UNO,"ST,6125,RRRR,C,0,0,000",6,bc88ecd
2026-10-08T00:28:01.131486+00:00,2026-10-08T00:28:09.295035+00:00,UNO,"ST,6500,RRRR,C,0,0,000",6,bc88ecd
2026-10-08T00:28:01.131486+00:00,2026-10-08T00:28:09.795066+00:00,UNO,"ST,7000,RRRR,C,0,0,000",6,bc88ecd
2026-10-08T00:28:01.131486+00:00,2026-10-08T00:28:09.921062+00:00,UNO,"ST,7126,RRGG,C,0,0,000",6,bc88ecd
2026-10-08T00:28:01.131486+00:00,2026-10-08T00:28:10.296160+00:00,UNO,"ST,7500,RRGG,C,0,0,000",6,bc88ecd
2026-10-08T00:28:01.131486+00:00,2026-10-08T00:28:10.795554+00:00,UNO,"ST,8000,RRGG,C,0,0,000",6,bc88ecd
2026-10-08T00:28:01.131486+00:00,2026-10-08T00:28:11.295246+00:00,UNO,"ST,8500,RRGG,C,0,0,000",6,bc88ecd
2026-10-08T00:28:01.131486+00:00,2026-10-08T00:28:11.796305+00:00,UNO,"ST,9000,RRGG,C,0,0,000",6,bc88ecd
2026-10-08T00:28:01.131486+00:00,2026-10-08T00:28:12.057972+00:00,PONTE,"AUT,AMBULANCIA,1",0,bc88ecd
2026-10-08T00:28:01.131486+00:00,2026-10-08T00:28:12.084337+00:00,UNO,"ST,9288,RRGG,C,0,0,100",6,bc88ecd
2026-10-08T00:28:01.131486+00:00,2026-10-08T00:28:12.296368+00:00,UNO,"ST,9500,RRGG,C,0,0,100",6,bc88ecd
2026-10-08T00:28:01.131486+00:00,2026-10-08T00:28:12.796438+00:00,UNO,"ST,10000,RRGG,C,0,0,100",6,bc88ecd
2026-10-08T00:28:01.131486+00:00,2026-10-08T00:28:12.922444+00:00,UNO,"ST,10126,RRYY,C,0,0,100",6,bc88ecd
2026-10-08T00:28:01.131486+00:00,2026-10-08T00:28:13.295878+00:00,UNO,"ST,10500,RRYY,C,0,0,100",6,bc88ecd
2026-10-08T00:28:01.131486+00:00,2026-10-08T00:28:13.796888+00:00,UNO,"ST,11000,RRYY,C,0,0,100",6,bc88ecd
2026-10-08T00:28:01.131486+00:00,2026-10-08T00:28:14.296593+00:00,UNO,"ST,11500,RRYY,C,0,0,100",6,bc88ecd
2026-10-08T00:28:01.131486+00:00,2026-10-08T00:28:14.796647+00:00,UNO,"ST,12000,RRYY,C,0,0,100",6,bc88ecd
2026-10-08T00:28:01.131486+00:00,2026-10-08T00:28:14.922722+00:00,UNO,"ST,12126,RRRR,C,0,0,100",6,bc88ecd
2026-10-08T00:28:01.131486+00:00,2026-10-08T00:28:15.297704+00:00,UNO,"ST,12500,RRRR,C,0,0,100",6,bc88ecd
2026-10-08T00:28:01.131486+00:00,2026-10-08T00:28:15.797113+00:00,UNO,"ST,13000,RRRR,C,0,0,100",6,bc88ecd
2026-10-08T00:28:01.131486+00:00,2026-10-08T00:28:15.923261+00:00,UNO,"ST,13126,GGRR,C,0,0,100",6,bc88ecd
2026-10-08T00:28:01.131486+00:00,2026-10-08T00:28:16.296844+00:00,UNO,"ST,13500,GGRR,C,0,0,100",6,bc88ecd
2026-10-08T00:28:01.131486+00:00,2026-10-08T00:28:16.796883+00:00,UNO,"ST,14000,GGRR,C,0,0,100",6,bc88ecd
2026-10-08T00:28:01.131486+00:00,2026-10-08T00:28:17.297943+00:00,UNO,"ST,14500,GGRR,C,0,0,100",6,bc88ecd
2026-10-08T00:28:01.131486+00:00,2026-10-08T00:28:17.797348+00:00,UNO,"ST,15000,GGRR,C,0,0,100",6,bc88ecd
2026-10-08T00:28:01.131486+00:00,2026-10-08T00:28:18.297403+00:00,UNO,"ST,15500,GGRR,C,0,0,100",6,bc88ecd
2026-10-08T00:28:01.131486+00:00,2026-10-08T00:28:18.797111+00:00,UNO,"ST,16000,GGRR,C,0,0,100",6,bc88ecd
2026-10-08T00:28:01.131486+00:00,2026-10-08T00:28:18.924123+00:00,UNO,"ST,16126,YYRR,C,0,0,100",6,bc88ecd
2026-10-08T00:28:01.131486+00:00,2026-10-08T00:28:19.298163+00:00,UNO,"ST,16500,YYRR,C,0,0,100",6,bc88ecd
2026-10-08T00:28:01.131486+00:00,2026-10-08T00:28:19.797574+00:00,UNO,"ST,17000,YYRR,C,0,0,100",6,bc88ecd
2026-10-08T00:28:01.131486+00:00,2026-10-08T00:28:20.297299+00:00,UNO,"ST,17500,YYRR,C,0,0,100",6,bc88ecd
2026-10-08T00:28:01.131486+00:00,2026-10-08T00:28:20.798336+00:00,UNO,"ST,18000,YYRR,C,0,0,100",6,bc88ecd
2026-10-08T00:28:01.131486+00:00,2026-10-08T00:28:20.924367+00:00,UNO,"ST,18126,RRRR,C,0,0,100",6,bc88ecd
2026-10-08T00:28:01.131486+00:00,2026-10-08T00:28:21.298379+00:00,UNO,"ST,18500,RRRR,C,0,0,100",6,bc88ecd
2026-10-08T00:28:01.131486+00:00,2026-10-08T00:28:21.798460+00:00,UNO,"ST,19000,RRRR,C,0,0,100",6,bc88ecd
2026-10-08T00:28:01.131486+00:00,2026-10-08T00:28:21.924469+00:00,UNO,"ST,19126,RRGG,C,0,0,100",6,bc88ecd
2026-10-08T00:28:01.131486+00:00,2026-10-08T00:28:22.297867+00:00,UNO,"ST,19500,RRGG,C,0,0,100",6,bc88ecd
2026-10-08T00:28:01.131486+00:00,2026-10-08T00:28:22.798710+00:00,UNO,"ST,20000,RRGG,C,0,0,100",6,bc88ecd
2026-10-08T00:28:01.131486+00:00,2026-10-08T00:28:23.298634+00:00,UNO,"ST,20500,RRGG,C,0,0,100",6,bc88ecd
2026-10-08T00:28:01.131486+00:00,2026-10-08T00:28:23.798699+00:00,UNO,"ST,21000,RRGG,C,0,0,100",6,bc88ecd
2026-10-08T00:28:01.131486+00:00,2026-10-08T00:28:24.299097+00:00,UNO,"ST,21500,RRGG,C,0,0,100",6,bc88ecd
2026-10-08T00:28:01.131486+00:00,2026-10-08T00:28:24.799152+00:00,UNO,"ST,22000,RRGG,C,0,0,100",6,bc88ecd
2026-10-08T00:28:01.131486+00:00,2026-10-08T00:28:24.925155+00:00,UNO,"ST,22126,RRYY,C,0,0,100",6,bc88ecd
2026-10-08T00:28:01.131486+00:00,2026-10-08T00:28:25.298862+00:00,UNO,"ST,22500,RRYY,C,0,0,100",6,bc88ecd
2026-10-08T00:28:01.131486+00:00,2026-10-08T00:28:25.798907+00:00,UNO,"ST,23000,RRYY,C,0,0,100",6,bc88ecd
2026-10-08T00:28:01.131486+00:00,2026-10-08T00:28:26.299977+00:00,UNO,"ST,23500,RRYY,C,0,0,100",6,bc88ecd
2026-10-08T00:28:01.131486+00:00,2026-10-08T00:28:26.799382+00:00,UNO,"ST,24000,RRYY,C,0,0,100",6,bc88ecd
2026-10-08T00:28:01.131486+00:00,2026-10-08T00:28:26.925435+00:00,UNO,"ST,24126,RRRR,C,0,0,100",6,bc88ecd
2026-10-08T00:28:01.131486+00:00,2026-10-08T00:28:27.299096+00:00,UNO,"ST,24500,RRRR,C,0,0,100",6,bc88ecd
2026-10-08T00:28:01.131486+00:00,2026-10-08T00:28:27.800147+00:00,UNO,"ST,25000,RRRR,C,0,0,100",6,bc88ecd
2026-10-08T00:28:01.131486+00:00,2026-10-08T00:28:27.926173+00:00,UNO,"ST,25126,GGRR,C,0,0,100",6,bc88ecd
2026-10-08T00:28:01.131486+00:00,2026-10-08T00:28:28.300206+00:00,UNO,"ST,25500,GGRR,C,0,0,100",6,bc88ecd
2026-10-08T00:28:01.131486+00:00,2026-10-08T00:28:28.799611+00:00,UNO,"ST,26000,GGRR,C,0,0,100",6,bc88ecd
2026-10-08T00:28:01.131486+00:00,2026-10-08T00:28:29.299671+00:00,UNO,"ST,26500,GGRR,C,0,0,100",6,bc88ecd
2026-10-08T00:28:01.131486+00:00,2026-10-08T00:28:29.800375+00:00,UNO,"ST,27000,GGRR,C,0,0,100",6,bc88ecd
2026-10-08T00:28:01.131486+00:00,2026-10-08T00:28:30.300419+00:00,UNO,"ST,27500,GGRR,C,0,0,100",6,bc88ecd
2026-10-08T00:28:01.131486+00:00,2026-10-08T00:28:30.800485+00:00,UNO,"ST,28000,GGRR,C,0,0,100",6,bc88ecd
2026-10-08T00:28:01.131486+00:00,2026-10-08T00:28:30.926506+00:00,UNO,"ST,28126,YYRR,C,0,0,100",6,bc88ecd
2026-10-08T00:28:01.131486+00:00,2026-10-08T00:28:31.300884+00:00,UNO,"ST,28500,YYRR,C,0,0,100",6,bc88ecd
2026-10-08T00:28:01.131486+00:00,2026-10-08T00:28:31.800602+00:00,UNO,"ST,29000,YYRR,C,0,0,100",6,bc88ecd
2026-10-08T00:28:01.131486+00:00,2026-10-08T00:28:32.300657+00:00,UNO,"ST,29500,YYRR,C,0,0,100",6,bc88ecd
2026-10-08T00:28:01.131486+00:00,2026-10-08T00:28:32.800737+00:00,UNO,"ST,30000,YYRR,C,0,0,100",6,bc88ecd
2026-10-08T00:28:01.131486+00:00,2026-10-08T00:28:32.927016+00:00,UNO,"ST,30126,RRRR,C,0,0,100",6,bc88ecd
2026-10-08T00:28:01.131486+00:00,2026-10-08T00:28:33.301200+00:00,UNO,"ST,30500,RRRR,C,0,0,100",6,bc88ecd
2026-10-08T00:28:01.131486+00:00,2026-10-08T00:28:33.801186+00:00,UNO,"ST,31000,RRRR,C,0,0,100",6,bc88ecd
2026-10-08T00:28:01.131486+00:00,2026-10-08T00:28:33.927216+00:00,UNO,"ST,31126,RRGG,C,0,0,100",6,bc88ecd
2026-10-08T00:28:01.131486+00:00,2026-10-08T00:28:34.300907+00:00,UNO,"ST,31500,RRGG,C,0,0,100",6,bc88ecd
2026-10-08T00:28:01.131486+00:00,2026-10-08T00:28:34.800948+00:00,UNO,"ST,32000,RRGG,C,0,0,100",6,bc88ecd
2026-10-08T00:28:01.131486+00:00,2026-10-08T00:28:35.302009+00:00,UNO,"ST,32500,RRGG,C,0,0,100",6,bc88ecd
2026-10-08T00:28:01.131486+00:00,2026-10-08T00:28:35.801403+00:00,UNO,"ST,33000,RRGG,C,0,0,100",6,bc88ecd
2026-10-08T00:28:01.131486+00:00,2026-10-08T00:28:36.301129+00:00,UNO,"ST,33500,RRGG,C,0,0,100",6,bc88ecd
2026-10-08T00:28:01.131486+00:00,2026-10-08T00:28:36.802174+00:00,UNO,"ST,34000,RRGG,C,0,0,100",6,bc88ecd
2026-10-08T00:28:01.131486+00:00,2026-10-08T00:28:36.928172+00:00,UNO,"ST,34126,RRYY,C,0,0,100",6,bc88ecd
2026-10-08T00:28:01.131486+00:00,2026-10-08T00:28:37.302244+00:00,UNO,"ST,34500,RRYY,C,0,0,100",6,bc88ecd
2026-10-08T00:28:01.131486+00:00,2026-10-08T00:28:37.801655+00:00,UNO,"ST,35000,RRYY,C,0,0,100",6,bc88ecd
2026-10-08T00:28:01.131486+00:00,2026-10-08T00:28:38.301714+00:00,UNO,"ST,35500,RRYY,C,0,0,100",6,bc88ecd
2026-10-08T00:28:01.131486+00:00,2026-10-08T00:28:38.802419+00:00,UNO,"ST,36000,RRYY,C,0,0,100",6,bc88ecd
2026-10-08T00:28:01.131486+00:00,2026-10-08T00:28:38.928426+00:00,UNO,"ST,36126,RRRR,C,0,0,100",6,bc88ecd
2026-10-08T00:28:01.131486+00:00,2026-10-08T00:28:39.302472+00:00,UNO,"ST,36500,RRRR,C,0,0,100",6,bc88ecd
2026-10-08T00:28:01.131486+00:00,2026-10-08T00:28:39.802523+00:00,UNO,"ST,37000,RRRR,C,0,0,100",6,bc88ecd
2026-10-08T00:28:01.131486+00:00,2026-10-08T00:28:39.928532+00:00,UNO,"ST,37126,GGRR,C,0,0,100",6,bc88ecd
2026-10-08T00:28:01.131486+00:00,2026-10-08T00:28:40.302925+00:00,UNO,"ST,37500,GGRR,C,0,0,100",6,bc88ecd
2026-10-08T00:28:01.131486+00:00,2026-10-08T00:28:40.802634+00:00,UNO,"ST,38000,GGRR,C,0,0,100",6,bc88ecd
2026-10-08T00:28:01.131486+00:00,2026-10-08T00:28:41.302725+00:00,UNO,"ST,38500,GGRR,C,0,0,100",6,bc88ecd
2026-10-08T00:28:01.131486+00:00,2026-10-08T00:28:41.802753+00:00,UNO,"ST,39000,GGRR,C,0,0,100",6,bc88ecd
2026-10-08T00:28:01.131486+00:00,2026-10-08T00:28:42.303166+00:00,UNO,"ST,39500,GGRR,C,0,0,100",6,bc88ecd
2026-10-08T00:28:01.131486+00:00,2026-10-08T00:28:42.803235+00:00,UNO,"ST,40000,GGRR,C,0,0,100",6,bc88ecd
2026-10-08T00:28:01.131486+00:00,2026-10-08T00:28:42.929254+00:00,UNO,"ST,40126,YYRR,C,0,0,100",6,bc88ecd
2026-10-08T00:28:01.131486+00:00,2026-10-08T00:28:43.302934+00:00,UNO,"ST,40500,YYRR,C,0,0,100",6,bc88ecd
2026-10-08T00:28:01.131486+00:00,2026-10-08T00:28:43.803990+00:00,UNO,"ST,41000,YYRR,C,0,0,100",6,bc88ecd
2026-10-08T00:28:01.131486+00:00,2026-10-08T00:28:44.304052+00:00,UNO,"ST,41500,YYRR,C,0,0,100",6,bc88ecd
2026-10-08T00:28:01.131486+00:00,2026-10-08T00:28:44.803443+00:00,UNO,"ST,42000,YYRR,C,0,0,100",6,bc88ecd
2026-10-08T00:28:01.131486+00:00,2026-10-08T00:28:44.929471+00:00,UNO,"ST,42126,RRRR,C,0,0,100",6,bc88ecd
2026-10-08T00:28:01.131486+00:00,2026-10-08T00:28:45.303173+00:00,UNO,"ST,42500,RRRR,C,0,0,100",6,bc88ecd
2026-10-08T00:28:01.131486+00:00,2026-10-08T00:28:45.804221+00:00,UNO,"ST,43000,RRRR,C,0,0,100",6,bc88ecd
2026-10-08T00:28:01.131486+00:00,2026-10-08T00:28:45.930238+00:00,UNO,"ST,43126,RRGG,C,0,0,100",6,bc88ecd
2026-10-08T00:28:01.131486+00:00,2026-10-08T00:28:46.304341+00:00,UNO,"ST,43500,RRGG,C,0,0,100",6,bc88ecd
2026-10-08T00:28:01.131486+00:00,2026-10-08T00:28:46.803734+00:00,UNO,"ST,44000,RRGG,C,0,0,100",6,bc88ecd
2026-10-08T00:28:01.131486+00:00,2026-10-08T00:28:47.304772+00:00,UNO,"ST,44500,RRGG,C,0,0,100",6,bc88ecd
2026-10-08T00:28:01.131486+00:00,2026-10-08T00:28:47.804453+00:00,UNO,"ST,45000,RRGG,C,0,0,100",6,bc88ecd
2026-10-08T00:28:01.131486+00:00,2026-10-08T00:28:48.304514+00:00,UNO,"ST,45500,RRGG,C,0,0,100",6,bc88ecd
2026-10-08T00:28:01.131486+00:00,2026-10-08T00:28:48.803919+00:00,UNO,"ST,46000,RRGG,C,0,0,100",6,bc88ecd
2026-10-08T00:28:01.131486+00:00,2026-10-08T00:28:48.930575+00:00,UNO,"ST,46126,RRYY,C,0,0,100",6,bc88ecd
2026-10-08T00:28:01.131486+00:00,2026-10-08T00:28:49.304971+00:00,UNO,"ST,46500,RRYY,C,0,0,100",6,bc88ecd
2026-10-08T00:28:01.131486+00:00,2026-10-08T00:28:49.804710+00:00,UNO,"ST,47000,RRYY,C,0,0,100",6,bc88ecd
2026-10-08T00:28:01.131486+00:00,2026-10-08T00:28:50.304720+00:00,UNO,"ST,47500,RRYY,C,0,0,100",6,bc88ecd
2026-10-08T00:28:01.131486+00:00,2026-10-08T00:28:50.804821+00:00,UNO,"ST,48000,RRYY,C,0,0,100",6,bc88ecd
2026-10-08T00:28:01.131486+00:00,2026-10-08T00:28:50.931806+00:00,UNO,"ST,48126,RRRR,C,0,0,100",6,bc88ecd
2026-10-08T00:28:01.131486+00:00,2026-10-08T00:28:51.305198+00:00,UNO,"ST,48500,RRRR,C,0,0,100",6,bc88ecd
2026-10-08T00:28:01.131486+00:00,2026-10-08T00:28:51.805263+00:00,UNO,"ST,49000,RRRR,C,0,0,100",6,bc88ecd
2026-10-08T00:28:01.131486+00:00,2026-10-08T00:28:51.931272+00:00,UNO,"ST,49126,GGRR,C,0,0,100",6,bc88ecd
2026-10-08T00:28:01.131486+00:00,2026-10-08T00:28:52.304982+00:00,UNO,"ST,49500,GGRR,C,0,0,100",6,bc88ecd
2026-10-08T00:28:01.131486+00:00,2026-10-08T00:28:52.806046+00:00,UNO,"ST,50000,GGRR,C,0,0,100",6,bc88ecd
2026-10-08T00:28:01.131486+00:00,2026-10-08T00:28:53.306082+00:00,UNO,"ST,50500,GGRR,C,0,0,100",6,bc88ecd
2026-10-08T00:28:01.131486+00:00,2026-10-08T00:28:53.805470+00:00,UNO,"ST,51000,GGRR,C,0,0,100",6,bc88ecd
2026-10-08T00:28:01.131486+00:00,2026-10-08T00:28:54.305204+00:00,UNO,"ST,51500,GGRR,C,0,0,100",6,bc88ecd
2026-10-08T00:28:01.131486+00:00,2026-10-08T00:28:54.806279+00:00,UNO,"ST,52000,GGRR,C,0,0,100",6,bc88ecd
2026-10-08T00:28:01.131486+00:00,2026-10-08T00:28:54.932271+00:00,UNO,"ST,52126,YYRR,C,0,0,100",6,bc88ecd
2026-10-08T00:28:01.131486+00:00,2026-10-08T00:28:55.306313+00:00,UNO,"ST,52500,YYRR,C,0,0,100",6,bc88ecd
2026-10-08T00:28:01.131486+00:00,2026-10-08T00:28:55.805721+00:00,UNO,"ST,53000,YYRR,C,0,0,100",6,bc88ecd
2026-10-08T00:28:01.131486+00:00,2026-10-08T00:28:56.306781+00:00,UNO,"ST,53500,YYRR,C,0,0,100",6,bc88ecd
2026-10-08T00:28:01.131486+00:00,2026-10-08T00:28:56.806491+00:00,UNO,"ST,54000,YYRR,C,0,0,100",6,bc88ecd
2026-10-08T00:28:01.131486+00:00,2026-10-08T00:28:56.932506+00:00,UNO,"ST,54126,RRRR,C,0,0,100",6,bc88ecd
2026-10-08T00:28:01.131486+00:00,2026-10-08T00:28:57.306576+00:00,UNO,"ST,54500,RRRR,C,0,0,100",6,bc88ecd
2026-10-08T00:28:01.131486+00:00,2026-10-08T00:28:57.805949+00:00,UNO,"ST,55000,RRRR,C,0,0,100",6,bc88ecd
2026-10-08T00:28:01.131486+00:00,2026-10-08T00:28:57.932610+00:00,UNO,"ST,55126,RRGG,C,0,0,100",6,bc88ecd
2026-10-08T00:28:01.131486+00:00,2026-10-08T00:28:58.307019+00:00,UNO,"ST,55500,RRGG,C,0,0,100",6,bc88ecd
2026-10-08T00:28:01.131486+00:00,2026-10-08T00:28:58.807070+00:00,UNO,"ST,56000,RRGG,C,0,0,100",6,bc88ecd
2026-10-08T00:28:01.131486+00:00,2026-10-08T00:28:59.306762+00:00,UNO,"ST,56500,RRGG,C,0,0,100",6,bc88ecd
2026-10-08T00:28:01.131486+00:00,2026-10-08T00:28:59.807833+00:00,UNO,"ST,57000,RRGG,C,0,0,100",6,bc88ecd
2026-10-08T00:28:01.131486+00:00,2026-10-08T00:29:00.307241+00:00,UNO,"ST,57500,RRGG,C,0,0,100",6,bc88ecd
2026-10-08T00:28:01.131486+00:00,2026-10-08T00:29:00.806950+00:00,UNO,"ST,58000,RRGG,C,0,0,100",6,bc88ecd
2026-10-08T00:28:01.131486+00:00,2026-10-08T00:29:00.933306+00:00,UNO,"ST,58126,RRYY,C,0,0,100",6,bc88ecd
2026-10-08T00:28:01.131486+00:00,2026-10-08T00:29:01.307034+00:00,UNO,"ST,58500,RRYY,C,0,0,100",6,bc88ecd
2026-10-08T00:28:01.131486+00:00,2026-10-08T00:29:01.808062+00:00,UNO,"ST,59000,RRYY,C,0,0,100",6,bc88ecd
2026-10-08T00:28:01.131486+00:00,2026-10-08T00:29:02.307470+00:00,UNO,"ST,59500,RRYY,C,0,0,100",6,bc88ecd
2026-10-08T00:28:01.131486+00:00,2026-10-08T00:29:02.807536+00:00,UNO,"ST,60000,RRYY,C,0,0,100",6,bc88ecd
2026-10-08T00:28:01.131486+00:00,2026-10-08T00:29:02.933524+00:00,UNO,"ST,60126,RRRR,C,0,0,100",6,bc88ecd
2026-10-08T00:28:01.131486+00:00,2026-10-08T00:29:03.308232+00:00,UNO,"ST,60500,RRRR,C,0,0,100",6,bc88ecd
2026-10-08T00:28:01.131486+00:00,2026-10-08T00:29:03.808283+00:00,UNO,"ST,61000,RRRR,C,0,0,100",6,bc88ecd
2026-10-08T00:28:01.131486+00:00,2026-10-08T00:29:03.934278+00:00,UNO,"ST,61126,GGRR,C,0,0,100",6,bc88ecd
2026-10-08T00:28:01.131486+00:00,2026-10-08T00:29:04.308357+00:00,UNO,"ST,61500,GGRR,C,0,0,100",6,bc88ecd
2026-10-08T00:28:01.131486+00:00,2026-10-08T00:29:04.807742+00:00,UNO,"ST,62000,GGRR,C,0,0,100",6,bc88ecd
2026-10-08T00:28:01.131486+00:00,2026-10-08T00:29:05.308821+00:00,UNO,"ST,62500,GGRR,C,0,0,100",6,bc88ecd
2026-10-08T00:28:01.131486+00:00,2026-10-08T00:29:05.808712+00:00,UNO,"ST,63000,GGRR,C,0,0,100",6,bc88ecd
2026-10-08T00:28:01.131486+00:00,2026-10-08T00:29:06.308633+00:00,UNO,"ST,63500,GGRR,C,0,0,100",6,bc88ecd
2026-10-08T00:28:01.131486+00:00,2026-10-08T00:29:06.808701+00:00,UNO,"ST,64000,GGRR,C,0,0,100",6,bc88ecd
2026-10-08T00:28:01.131486+00:00,2026-10-08T00:29:06.934977+00:00,UNO,"ST,64126,YYRR,C,0,0,100",6,bc88ecd
2026-10-08T00:28:01.131486+00:00,2026-10-08T00:29:07.309046+00:00,UNO,"ST,64500,YYRR,C,0,0,100",6,bc88ecd
2026-10-08T00:28:01.131486+00:00,2026-10-08T00:29:07.808743+00:00,UNO,"ST,65000,YYRR,C,0,0,100",6,bc88ecd
2026-10-08T00:28:01.131486+00:00,2026-10-08T00:29:08.308871+00:00,UNO,"ST,65500,YYRR,C,0,0,100",6,bc88ecd
2026-10-08T00:28:01.131486+00:00,2026-10-08T00:29:08.809872+00:00,UNO,"ST,66000,YYRR,C,0,0,100",6,bc88ecd
2026-10-08T00:28:01.131486+00:00,2026-10-08T00:29:08.935888+00:00,UNO,"ST,66126,RRRR,C,0,0,100",6,bc88ecd
2026-10-08T00:28:01.131486+00:00,2026-10-08T00:29:09.309285+00:00,UNO,"ST,66500,RRRR,C,0,0,100",6,bc88ecd
2026-10-08T00:28:01.131486+00:00,2026-10-08T00:29:09.809013+00:00,UNO,"ST,67000,RRRR,C,0,0,100",6,bc88ecd
2026-10-08T00:28:01.131486+00:00,2026-10-08T00:29:09.935320+00:00,UNO,"ST,67126,RRGG,C,0,0,100",6,bc88ecd
2026-10-08T00:28:01.131486+00:00,2026-10-08T00:29:10.309096+00:00,UNO,"ST,67500,RRGG,C,0,0,100",6,bc88ecd
2026-10-08T00:28:01.131486+00:00,2026-10-08T00:29:10.810093+00:00,UNO,"ST,68000,RRGG,C,0,0,100",6,bc88ecd
2026-10-08T00:28:01.131486+00:00,2026-10-08T00:29:11.310164+00:00,UNO,"ST,68500,RRGG,C,0,0,100",6,bc88ecd
2026-10-08T00:28:01.131486+00:00,2026-10-08T00:29:11.809625+00:00,UNO,"ST,69000,RRGG,C,0,0,100",6,bc88ecd
2026-10-08T00:28:01.131486+00:00,2026-10-08T00:29:12.310273+00:00,UNO,"ST,69500,RRGG,C,0,0,100",6,bc88ecd
2026-10-08T00:28:01.131486+00:00,2026-10-08T00:29:12.810329+00:00,UNO,"ST,70000,RRGG,C,0,0,100",6,bc88ecd
2026-10-08T00:28:01.131486+00:00,2026-10-08T00:29:12.936356+00:00,UNO,"ST,70126,RRYY,C,0,0,100",6,bc88ecd
2026-10-08T00:28:01.131486+00:00,2026-10-08T00:29:13.310390+00:00,UNO,"ST,70500,RRYY,C,0,0,100",6,bc88ecd
2026-10-08T00:28:01.131486+00:00,2026-10-08T00:29:13.809797+00:00,UNO,"ST,71000,RRYY,C,0,0,100",6,bc88ecd
2026-10-08T00:28:01.131486+00:00,2026-10-08T00:29:14.310505+00:00,UNO,"ST,71500,RRYY,C,0,0,100",6,bc88ecd
2026-10-08T00:28:01.131486+00:00,2026-10-08T00:29:14.810745+00:00,UNO,"ST,72000,RRYY,C,0,0,100",6,bc88ecd
2026-10-08T00:28:01.131486+00:00,2026-10-08T00:29:14.936562+00:00,UNO,"ST,72126,RRRR,C,0,0,100",6,bc88ecd
2026-10-08T00:28:01.131486+00:00,2026-10-08T00:29:15.310635+00:00,UNO,"ST,72500,RRRR,C,0,0,100",6,bc88ecd
2026-10-08T00:28:01.131486+00:00,2026-10-08T00:29:15.811661+00:00,UNO,"ST,73000,RRRR,C,0,0,100",6,bc88ecd
2026-10-08T00:28:01.131486+00:00,2026-10-08T00:29:15.937696+00:00,UNO,"ST,73126,GGRR,C,0,0,100",6,bc88ecd
2026-10-08T00:28:01.131486+00:00,2026-10-08T00:29:16.311134+00:00,UNO,"ST,73500,GGRR,C,0,0,100",6,bc88ecd
2026-10-08T00:28:01.131486+00:00,2026-10-08T00:29:16.810793+00:00,UNO,"ST,74000,GGRR,C,0,0,100",6,bc88ecd
2026-10-08T00:28:01.131486+00:00,2026-10-08T00:29:17.310849+00:00,UNO,"ST,74500,GGRR,C,0,0,100",6,bc88ecd
2026-10-08T00:28:01.131486+00:00,2026-10-08T00:29:17.811902+00:00,UNO,"ST,75000,GGRR,C,0,0,100",6,bc88ecd
2026-10-08T00:28:01.131486+00:00,2026-10-08T00:29:18.311961+00:00,UNO,"ST,75500,GGRR,C,0,0,100",6,bc88ecd
2026-10-08T00:28:01.131486+00:00,2026-10-08T00:29:18.811514+00:00,UNO,"ST,76000,GGRR,C,0,0,100",6,bc88ecd
2026-10-08T00:28:01.131486+00:00,2026-10-08T00:29:18.937435+00:00,UNO,"ST,76126,YYRR,C,0,0,100",6,bc88ecd
2026-10-08T00:28:01.131486+00:00,2026-10-08T00:29:19.312073+00:00,UNO,"ST,76500,YYRR,C,0,0,100",6,bc88ecd
2026-10-08T00:28:01.131486+00:00,2026-10-08T00:29:19.812143+00:00,UNO,"ST,77000,YYRR,C,0,0,100",6,bc88ecd
2026-10-08T00:28:01.131486+00:00,2026-10-08T00:29:20.311528+00:00,UNO,"ST,77500,YYRR,C,0,0,100",6,bc88ecd
2026-10-08T00:28:01.131486+00:00,2026-10-08T00:29:20.811605+00:00,UNO,"ST,78000,YYRR,C,0,0,100",6,bc88ecd
2026-10-08T00:28:01.131486+00:00,2026-10-08T00:29:20.937611+00:00,UNO,"ST,78126,RRRR,C,0,0,100",6,bc88ecd
2026-10-08T00:28:01.131486+00:00,2026-10-08T00:29:21.312309+00:00,UNO,"ST,78500,RRRR,C,0,0,100",6,bc88ecd
2026-10-08T00:28:01.131486+00:00,2026-10-08T00:29:21.812364+00:00,UNO,"ST,79000,RRRR,C,0,0,100",6,bc88ecd
2026-10-08T00:28:01.131486+00:00,2026-10-08T00:29:21.938380+00:00,UNO,"ST,79126,RRGG,C,0,0,100",6,bc88ecd
2026-10-08T00:28:01.131486+00:00,2026-10-08T00:29:22.312426+00:00,UNO,"ST,79500,RRGG,C,0,0,100",6,bc88ecd
2026-10-08T00:28:01.131486+00:00,2026-10-08T00:29:22.811826+00:00,UNO,"ST,80000,RRGG,C,0,0,100",6,bc88ecd
2026-10-08T00:28:01.131486+00:00,2026-10-08T00:29:23.312882+00:00,UNO,"ST,80500,RRGG,C,0,0,100",6,bc88ecd
2026-10-08T00:28:01.131486+00:00,2026-10-08T00:29:23.812598+00:00,UNO,"ST,81000,RRGG,C,0,0,100",6,bc88ecd
2026-10-08T00:28:01.131486+00:00,2026-10-08T00:29:24.312662+00:00,UNO,"ST,81500,RRGG,C,0,0,100",6,bc88ecd
2026-10-08T00:28:01.131486+00:00,2026-10-08T00:29:24.818724+00:00,UNO,"ST,82000,RRGG,C,0,0,100",6,bc88ecd
2026-10-08T00:28:01.131486+00:00,2026-10-08T00:29:24.841576+00:00,UNO,"EV,82015,PREEMP_INI,1,AMBULANCIA",2,bc88ecd
2026-10-08T00:28:01.131486+00:00,2026-10-08T00:29:24.877947+00:00,UNO,"ST,82015,RRGG,E,1,0,100",3,bc88ecd
2026-10-08T00:28:01.131486+00:00,2026-10-08T00:29:24.939723+00:00,UNO,"ST,82126,RRYY,E,1,0,100",6,bc88ecd
2026-10-08T00:28:01.131486+00:00,2026-10-08T00:29:25.313125+00:00,UNO,"ST,82500,RRYY,E,1,0,100",6,bc88ecd
2026-10-08T00:28:01.131486+00:00,2026-10-08T00:29:25.812841+00:00,UNO,"ST,83000,RRYY,E,1,0,100",6,bc88ecd
2026-10-08T00:28:01.131486+00:00,2026-10-08T00:29:26.312887+00:00,UNO,"ST,83500,RRYY,E,1,0,100",6,bc88ecd
2026-10-08T00:28:01.131486+00:00,2026-10-08T00:29:26.813952+00:00,UNO,"ST,84000,RRYY,E,1,0,100",6,bc88ecd
2026-10-08T00:28:01.131486+00:00,2026-10-08T00:29:26.939935+00:00,UNO,"ST,84126,RRRR,E,1,0,100",6,bc88ecd
2026-10-08T00:28:01.131486+00:00,2026-10-08T00:29:27.314024+00:00,UNO,"ST,84500,RRRR,E,1,0,100",6,bc88ecd
2026-10-08T00:28:01.131486+00:00,2026-10-08T00:29:27.813420+00:00,UNO,"ST,85000,RRRR,E,1,0,100",6,bc88ecd
2026-10-08T00:28:01.131486+00:00,2026-10-08T00:29:27.939415+00:00,UNO,"ST,85126,GRRR,E,1,0,100",6,bc88ecd
2026-10-08T00:28:01.131486+00:00,2026-10-08T00:29:28.314120+00:00,UNO,"ST,85500,GRRR,E,1,0,100",6,bc88ecd
2026-10-08T00:28:01.131486+00:00,2026-10-08T00:29:28.814163+00:00,UNO,"ST,86000,GRRR,E,1,0,100",6,bc88ecd
2026-10-08T00:28:01.131486+00:00,2026-10-08T00:29:29.314243+00:00,UNO,"ST,86500,GRRR,E,1,0,100",6,bc88ecd
2026-10-08T00:28:01.131486+00:00,2026-10-08T00:29:29.813636+00:00,UNO,"ST,87000,GRRR,E,1,0,100",6,bc88ecd
2026-10-08T00:28:01.131486+00:00,2026-10-08T00:29:30.314696+00:00,UNO,"ST,87500,GRRR,E,1,0,100",6,bc88ecd
2026-10-08T00:28:01.131486+00:00,2026-10-08T00:29:30.814396+00:00,UNO,"ST,88000,GRRR,E,1,0,100",6,bc88ecd
2026-10-08T00:28:01.131486+00:00,2026-10-08T00:29:31.314467+00:00,UNO,"ST,88500,GRRR,E,1,0,100",6,bc88ecd
2026-10-08T00:28:01.131486+00:00,2026-10-08T00:29:31.815526+00:00,UNO,"ST,89000,GRRR,E,1,0,100",6,bc88ecd
2026-10-08T00:28:01.131486+00:00,2026-10-08T00:29:32.314944+00:00,UNO,"ST,89500,GRRR,E,1,0,100",6,bc88ecd
2026-10-08T00:28:01.131486+00:00,2026-10-08T00:29:32.815013+00:00,UNO,"ST,90000,GRRR,E,1,0,100",6,bc88ecd
2026-10-08T00:28:01.131486+00:00,2026-10-08T00:29:33.314681+00:00,UNO,"ST,90500,GRRR,E,1,0,100",6,bc88ecd
2026-10-08T00:28:01.131486+00:00,2026-10-08T00:29:33.815759+00:00,UNO,"ST,91000,GRRR,E,1,0,100",6,bc88ecd
2026-10-08T00:28:01.131486+00:00,2026-10-08T00:29:34.315166+00:00,UNO,"ST,91500,GRRR,E,1,0,100",6,bc88ecd
2026-10-08T00:28:01.131486+00:00,2026-10-08T00:29:34.815198+00:00,UNO,"ST,92000,GRRR,E,1,0,100",6,bc88ecd
2026-10-08T00:28:01.131486+00:00,2026-10-08T00:29:35.315927+00:00,UNO,"ST,92500,GRRR,E,1,0,100",6,bc88ecd
2026-10-08T00:28:01.131486+00:00,2026-10-08T00:29:35.815964+00:00,UNO,"ST,93000,GRRR,E,1,0,100",6,bc88ecd
2026-10-08T00:28:01.131486+00:00,2026-10-08T00:29:36.316006+00:00,UNO,"ST,93500,GRRR,E,1,0,100",6,bc88ecd
2026-10-08T00:28:01.131486+00:00,2026-10-08T00:29:36.815447+00:00,UNO,"ST,94000,GRRR,E,1,0,100",6,bc88ecd
2026-10-08T00:28:01.131486+00:00,2026-10-08T00:29:36.941451+00:00,UNO,"EV,94126,PREEMP_FIM,1,AMBULANCIA",6,bc88ecd
2026-10-08T00:28:01.131486+00:00,2026-10-08T00:29:36.972239+00:00,UNO,"ST,94126,YRRR,C,0,0,100",0,bc88ecd
2026-10-08T00:28:01.131486+00:00,2026-10-08T00:29:37.316144+00:00,UNO,"ST,94500,YRRR,C,0,0,100",6,bc88ecd
2026-10-08T00:28:01.131486+00:00,2026-10-08T00:29:37.816180+00:00,UNO,"ST,95000,YRRR,C,0,0,100",6,bc88ecd
2026-10-08T00:28:01.131486+00:00,2026-10-08T00:29:38.316277+00:00,UNO,"ST,95500,YRRR,C,0,0,100",6,bc88ecd
2026-10-08T00:28:01.131486+00:00,2026-10-08T00:29:38.816309+00:00,UNO,"ST,96000,YRRR,C,0,0,100",6,bc88ecd
2026-10-08T00:28:01.131486+00:00,2026-10-08T00:29:38.943355+00:00,UNO,"ST,96126,RRRR,C,0,0,100",6,bc88ecd
2026-10-08T00:28:01.131486+00:00,2026-10-08T00:29:39.316735+00:00,UNO,"ST,96500,RRRR,C,0,0,100",6,bc88ecd
2026-10-08T00:28:01.131486+00:00,2026-10-08T00:29:39.816609+00:00,UNO,"ST,97000,RRRR,C,0,0,100",6,bc88ecd
2026-10-08T00:28:01.131486+00:00,2026-10-08T00:29:39.942453+00:00,UNO,"ST,97126,RRGG,C,0,0,100",6,bc88ecd
2026-10-08T00:28:01.131486+00:00,2026-10-08T00:29:40.316489+00:00,UNO,"ST,97500,RRGG,C,0,0,100",6,bc88ecd
2026-10-08T00:28:01.131486+00:00,2026-10-08T00:29:40.817559+00:00,UNO,"ST,98000,RRGG,C,0,0,100",6,bc88ecd
2026-10-08T00:28:01.131486+00:00,2026-10-08T00:29:41.317011+00:00,UNO,"ST,98500,RRGG,C,0,0,100",6,bc88ecd
2026-10-08T00:28:01.131486+00:00,2026-10-08T00:29:41.817026+00:00,UNO,"ST,99000,RRGG,C,0,0,100",6,bc88ecd
2026-10-08T00:28:01.131486+00:00,2026-10-08T00:29:42.316736+00:00,UNO,"ST,99500,RRGG,C,0,0,100",6,bc88ecd
2026-10-08T00:28:01.131486+00:00,2026-10-08T00:29:42.817791+00:00,UNO,"ST,100000,RRGG,C,0,0,100",6,bc88ecd
2026-10-08T00:28:01.131486+00:00,2026-10-08T00:29:42.943826+00:00,UNO,"ST,100126,RRYY,C,0,0,100",6,bc88ecd
2026-10-08T00:28:01.131486+00:00,2026-10-08T00:29:43.317837+00:00,UNO,"ST,100500,RRYY,C,0,0,100",6,bc88ecd
2026-10-08T00:28:01.131486+00:00,2026-10-08T00:29:43.817224+00:00,UNO,"ST,101000,RRYY,C,0,0,100",6,bc88ecd
2026-10-08T00:28:01.131486+00:00,2026-10-08T00:29:44.318276+00:00,UNO,"ST,101500,RRYY,C,0,0,100",6,bc88ecd
2026-10-08T00:28:01.131486+00:00,2026-10-08T00:29:44.817996+00:00,UNO,"ST,102000,RRYY,C,0,0,100",6,bc88ecd
2026-10-08T00:28:01.131486+00:00,2026-10-08T00:29:44.944089+00:00,UNO,"ST,102126,RRRR,C,0,0,100",6,bc88ecd
2026-10-08T00:28:01.131486+00:00,2026-10-08T00:29:45.318076+00:00,UNO,"ST,102500,RRRR,C,0,0,100",6,bc88ecd
2026-10-08T00:28:01.131486+00:00,2026-10-08T00:29:45.817470+00:00,UNO,"ST,103000,RRRR,C,0,0,100",6,bc88ecd
2026-10-08T00:28:01.131486+00:00,2026-10-08T00:29:45.944187+00:00,UNO,"ST,103126,GGRR,C,0,0,100",6,bc88ecd
2026-10-08T00:28:01.131486+00:00,2026-10-08T00:29:46.318538+00:00,UNO,"ST,103500,GGRR,C,0,0,100",6,bc88ecd
2026-10-08T00:28:01.131486+00:00,2026-10-08T00:29:46.818218+00:00,UNO,"ST,104000,GGRR,C,0,0,100",6,bc88ecd
2026-10-08T00:28:01.131486+00:00,2026-10-08T00:29:47.318271+00:00,UNO,"ST,104500,GGRR,C,0,0,100",6,bc88ecd
2026-10-08T00:28:01.131486+00:00,2026-10-08T00:29:47.819337+00:00,UNO,"ST,105000,GGRR,C,0,0,100",6,bc88ecd
2026-10-08T00:28:01.131486+00:00,2026-10-08T00:29:48.318737+00:00,UNO,"ST,105500,GGRR,C,0,0,100",6,bc88ecd
2026-10-08T00:28:01.131486+00:00,2026-10-08T00:29:48.818470+00:00,UNO,"ST,106000,GGRR,C,0,0,100",6,bc88ecd
2026-10-08T00:28:01.131486+00:00,2026-10-08T00:29:48.944491+00:00,UNO,"ST,106126,YYRR,C,0,0,100",6,bc88ecd
2026-10-08T00:28:01.131486+00:00,2026-10-08T00:29:49.318516+00:00,UNO,"ST,106500,YYRR,C,0,0,100",6,bc88ecd
2026-10-08T00:28:01.131486+00:00,2026-10-08T00:29:49.819583+00:00,UNO,"ST,107000,YYRR,C,0,0,100",6,bc88ecd
2026-10-08T00:28:01.131486+00:00,2026-10-08T00:29:50.319639+00:00,UNO,"ST,107500,YYRR,C,0,0,100",6,bc88ecd
2026-10-08T00:28:01.131486+00:00,2026-10-08T00:29:50.819041+00:00,UNO,"ST,108000,YYRR,C,0,0,100",6,bc88ecd
2026-10-08T00:28:01.131486+00:00,2026-10-08T00:29:50.945062+00:00,UNO,"ST,108126,RRRR,C,0,0,100",6,bc88ecd
2026-10-08T00:28:01.131486+00:00,2026-10-08T00:29:51.319729+00:00,UNO,"ST,108500,RRRR,C,0,0,100",6,bc88ecd
2026-10-08T00:28:01.131486+00:00,2026-10-08T00:29:51.819814+00:00,UNO,"ST,109000,RRRR,C,0,0,100",6,bc88ecd
2026-10-08T00:28:01.131486+00:00,2026-10-08T00:29:51.945819+00:00,UNO,"ST,109126,RRGG,C,0,0,100",6,bc88ecd
2026-10-08T00:28:01.131486+00:00,2026-10-08T00:29:52.319851+00:00,UNO,"ST,109500,RRGG,C,0,0,100",6,bc88ecd
2026-10-08T00:28:01.131486+00:00,2026-10-08T00:29:52.819281+00:00,UNO,"ST,110000,RRGG,C,0,0,100",6,bc88ecd
2026-10-08T00:28:01.131486+00:00,2026-10-08T00:29:53.319980+00:00,UNO,"ST,110500,RRGG,C,0,0,100",6,bc88ecd
2026-10-08T00:28:01.131486+00:00,2026-10-08T00:29:53.820048+00:00,UNO,"ST,111000,RRGG,C,0,0,100",6,bc88ecd
2026-10-08T00:28:01.131486+00:00,2026-10-08T00:29:54.320098+00:00,UNO,"ST,111500,RRGG,C,0,0,100",6,bc88ecd
2026-10-08T00:28:01.131486+00:00,2026-10-08T00:29:54.819485+00:00,UNO,"ST,112000,RRGG,C,0,0,100",6,bc88ecd
2026-10-08T00:28:01.131486+00:00,2026-10-08T00:29:54.947156+00:00,UNO,"ST,112126,RRYY,C,0,0,100",6,bc88ecd
2026-10-08T00:28:01.131486+00:00,2026-10-08T00:29:55.320561+00:00,UNO,"ST,112500,RRYY,C,0,0,100",6,bc88ecd
2026-10-08T00:28:01.131486+00:00,2026-10-08T00:29:55.820268+00:00,UNO,"ST,113000,RRYY,C,0,0,100",6,bc88ecd
2026-10-08T00:28:01.131486+00:00,2026-10-08T00:29:56.320332+00:00,UNO,"ST,113500,RRYY,C,0,0,100",6,bc88ecd
2026-10-08T00:28:01.131486+00:00,2026-10-08T00:29:56.821381+00:00,UNO,"ST,114000,RRYY,C,0,0,100",6,bc88ecd
2026-10-08T00:28:01.131486+00:00,2026-10-08T00:29:56.947468+00:00,UNO,"ST,114126,RRRR,C,0,0,100",6,bc88ecd
2026-10-08T00:28:01.131486+00:00,2026-10-08T00:29:57.320809+00:00,UNO,"ST,114500,RRRR,C,0,0,100",6,bc88ecd
2026-10-08T00:28:01.131486+00:00,2026-10-08T00:29:57.820496+00:00,UNO,"ST,115000,RRRR,C,0,0,100",6,bc88ecd
2026-10-08T00:28:01.131486+00:00,2026-10-08T00:29:57.946870+00:00,UNO,"ST,115126,GGRR,C,0,0,100",6,bc88ecd
2026-10-08T00:28:01.131486+00:00,2026-10-08T00:29:58.320558+00:00,UNO,"ST,115500,GGRR,C,0,0,100",6,bc88ecd
2026-10-08T00:28:01.131486+00:00,2026-10-08T00:29:58.821628+00:00,UNO,"ST,116000,GGRR,C,0,0,100",6,bc88ecd
2026-10-08T00:28:01.131486+00:00,2026-10-08T00:29:59.321657+00:00,UNO,"ST,116500,GGRR,C,0,0,100",6,bc88ecd
2026-10-08T00:28:01.131486+00:00,2026-10-08T00:29:59.821081+00:00,UNO,"ST,117000,GGRR,C,0,0,100",6,bc88ecd
2026-10-08T00:28:01.131486+00:00,2026-10-08T00:30:00.321787+00:00,UNO,"ST,117500,GGRR,C,0,0,100",6,bc88ecd
2026-10-08T00:28:01.131486+00:00,2026-10-08T00:30:00.821853+00:00,UNO,"ST,118000,GGRR,C,0,0,100",6,bc88ecd
2026-10-08T00:28:01.131486+00:00,2026-10-08T00:30:00.947857+00:00,UNO,"ST,118126,YYRR,C,0,0,100",6,bc88ecd
2026-10-08T00:28:01.131486+00:00,2026-10-08T00:30:01.321894+00:00,UNO,"ST,118500,YYRR,C,0,0,100",6,bc88ecd
2026-10-08T00:28:01.131486+00:00,2026-10-08T00:30:01.821311+00:00,UNO,"ST,119000,YYRR,C,0,0,100",6,bc88ecd
2026-10-08T00:28:01.131486+00:00,2026-10-08T00:30:02.322365+00:00,UNO,"ST,119500,YYRR,C,0,0,100",6,bc88ecd
2026-10-08T00:28:01.131486+00:00,2026-10-08T00:30:02.822078+00:00,UNO,"ST,120000,YYRR,C,0,0,100",6,bc88ecd
2026-10-08T00:28:01.131486+00:00,2026-10-08T00:30:02.948089+00:00,UNO,"ST,120126,RRRR,C,0,0,100",6,bc88ecd
2026-10-08T00:28:01.131486+00:00,2026-10-08T00:30:03.322138+00:00,UNO,"ST,120500,RRRR,C,0,0,100",6,bc88ecd
2026-10-08T00:28:01.131486+00:00,2026-10-08T00:30:03.823204+00:00,UNO,"ST,121000,RRRR,C,0,0,100",6,bc88ecd
2026-10-08T00:28:01.131486+00:00,2026-10-08T00:30:03.949193+00:00,UNO,"ST,121126,RRGG,C,0,0,100",6,bc88ecd
2026-10-08T00:28:01.131486+00:00,2026-10-08T00:30:04.322581+00:00,UNO,"ST,121500,RRGG,C,0,0,100",6,bc88ecd
2026-10-08T00:28:01.131486+00:00,2026-10-08T00:30:04.822302+00:00,UNO,"ST,122000,RRGG,C,0,0,100",6,bc88ecd
2026-10-08T00:28:01.131486+00:00,2026-10-08T00:30:05.322379+00:00,UNO,"ST,122500,RRGG,C,0,0,100",6,bc88ecd
2026-10-08T00:28:01.131486+00:00,2026-10-08T00:30:05.823465+00:00,UNO,"ST,123000,RRGG,C,0,0,100",6,bc88ecd
2026-10-08T00:28:01.131486+00:00,2026-10-08T00:30:06.322839+00:00,UNO,"ST,123500,RRGG,C,0,0,100",6,bc88ecd
2026-10-08T00:28:01.131486+00:00,2026-10-08T00:30:06.822528+00:00,UNO,"ST,124000,RRGG,C,0,0,100",6,bc88ecd
2026-10-08T00:28:01.131486+00:00,2026-10-08T00:30:06.948526+00:00,UNO,"ST,124126,RRYY,C,0,0,100",6,bc88ecd
2026-10-08T00:28:01.131486+00:00,2026-10-08T00:30:07.323591+00:00,UNO,"ST,124500,RRYY,C,0,0,100",6,bc88ecd
2026-10-08T00:28:01.131486+00:00,2026-10-08T00:30:07.823663+00:00,UNO,"ST,125000,RRYY,C,0,0,100",6,bc88ecd
2026-10-08T00:28:01.131486+00:00,2026-10-08T00:30:08.323720+00:00,UNO,"ST,125500,RRYY,C,0,0,100",6,bc88ecd
2026-10-08T00:28:01.131486+00:00,2026-10-08T00:30:08.823118+00:00,UNO,"ST,126000,RRYY,C,0,0,100",6,bc88ecd
2026-10-08T00:28:01.131486+00:00,2026-10-08T00:30:08.949141+00:00,UNO,"ST,126126,RRRR,C,0,0,100",6,bc88ecd
2026-10-08T00:28:01.131486+00:00,2026-10-08T00:30:09.323813+00:00,UNO,"ST,126500,RRRR,C,0,0,100",6,bc88ecd
2026-10-08T00:28:01.131486+00:00,2026-10-08T00:30:09.823896+00:00,UNO,"ST,127000,RRRR,C,0,0,100",6,bc88ecd
2026-10-08T00:28:01.131486+00:00,2026-10-08T00:30:09.949889+00:00,UNO,"ST,127126,GGRR,C,0,0,100",6,bc88ecd
2026-10-08T00:28:01.131486+00:00,2026-10-08T00:30:10.323981+00:00,UNO,"ST,127500,GGRR,C,0,0,100",6,bc88ecd
2026-10-08T00:28:01.131486+00:00,2026-10-08T00:30:10.823373+00:00,UNO,"ST,128000,GGRR,C,0,0,100",6,bc88ecd
2026-10-08T00:32:44.495549+00:00,2026-10-08T00:32:46.159443+00:00,UNO,"EV,0,BOOT",6,bc88ecd
2026-10-08T00:32:44.495549+00:00,2026-10-08T00:32:46.167946+00:00,UNO,"ST,0,RRRR,C,0,0,000",2,bc88ecd
2026-10-08T00:32:44.495549+00:00,2026-10-08T00:32:47.284938+00:00,UNO,"ST,1125,GGRR,C,0,0,000",6,bc88ecd
2026-10-08T00:32:44.495549+00:00,2026-10-08T00:32:47.659579+00:00,UNO,"ST,1500,GGRR,C,0,0,000",6,bc88ecd
2026-10-08T00:32:44.495549+00:00,2026-10-08T00:32:48.160645+00:00,UNO,"ST,2000,GGRR,C,0,0,000",6,bc88ecd
2026-10-08T00:32:44.495549+00:00,2026-10-08T00:32:48.660047+00:00,UNO,"ST,2500,GGRR,C,0,0,000",6,bc88ecd
2026-10-08T00:32:44.495549+00:00,2026-10-08T00:32:49.160094+00:00,UNO,"ST,3000,GGRR,C,0,0,000",6,bc88ecd
2026-10-08T00:32:44.495549+00:00,2026-10-08T00:32:49.659805+00:00,UNO,"ST,3500,GGRR,C,0,0,000",6,bc88ecd
2026-10-08T00:32:44.495549+00:00,2026-10-08T00:32:50.160865+00:00,UNO,"ST,4000,GGRR,C,0,0,000",6,bc88ecd
2026-10-08T00:32:44.495549+00:00,2026-10-08T00:32:50.285885+00:00,UNO,"ST,4125,YYRR,C,0,0,000",6,bc88ecd
2026-10-08T00:32:44.495549+00:00,2026-10-08T00:32:50.660931+00:00,UNO,"ST,4500,YYRR,C,0,0,000",6,bc88ecd
2026-10-08T00:32:44.495549+00:00,2026-10-08T00:32:51.160320+00:00,UNO,"ST,5000,YYRR,C,0,0,000",6,bc88ecd
2026-10-08T00:32:44.495549+00:00,2026-10-08T00:32:51.661042+00:00,UNO,"ST,5500,YYRR,C,0,0,000",6,bc88ecd
2026-10-08T00:32:44.495549+00:00,2026-10-08T00:32:52.161088+00:00,UNO,"ST,6000,YYRR,C,0,0,000",6,bc88ecd
2026-10-08T00:32:44.495549+00:00,2026-10-08T00:32:52.286114+00:00,UNO,"ST,6125,RRRR,C,0,0,000",6,bc88ecd
2026-10-08T00:32:44.495549+00:00,2026-10-08T00:32:52.661147+00:00,UNO,"ST,6500,RRRR,C,0,0,000",6,bc88ecd
2026-10-08T00:32:44.495549+00:00,2026-10-08T00:32:53.160555+00:00,UNO,"ST,7000,RRRR,C,0,0,000",6,bc88ecd
2026-10-08T00:32:44.495549+00:00,2026-10-08T00:32:53.286582+00:00,UNO,"ST,7126,RRGG,C,0,0,000",6,bc88ecd
2026-10-08T00:32:44.495549+00:00,2026-10-08T00:32:53.661597+00:00,UNO,"ST,7500,RRGG,C,0,0,000",6,bc88ecd
2026-10-08T00:32:44.495549+00:00,2026-10-08T00:32:54.161327+00:00,UNO,"ST,8000,RRGG,C,0,0,000",6,bc88ecd
2026-10-08T00:32:44.495549+00:00,2026-10-08T00:32:54.661377+00:00,UNO,"ST,8500,RRGG,C,0,0,000",6,bc88ecd
2026-10-08T00:32:44.495549+00:00,2026-10-08T00:32:55.162450+00:00,UNO,"ST,9000,RRGG,C,0,0,000",6,bc88ecd
2026-10-08T00:32:44.495549+00:00,2026-10-08T00:32:55.661887+00:00,UNO,"ST,9500,RRGG,C,0,0,000",6,bc88ecd
2026-10-08T00:32:44.495549+00:00,2026-10-08T00:32:56.161902+00:00,UNO,"ST,10000,RRGG,C,0,0,000",6,bc88ecd
2026-10-08T00:32:44.495549+00:00,2026-10-08T00:32:56.287577+00:00,UNO,"ST,10126,RRYY,C,0,0,000",6,bc88ecd
2026-10-08T00:32:44.495549+00:00,2026-10-08T00:32:56.661604+00:00,UNO,"ST,10500,RRYY,C,0,0,000",6,bc88ecd
2026-10-08T00:32:44.495549+00:00,2026-10-08T00:32:57.162675+00:00,UNO,"ST,11000,RRYY,C,0,0,000",6,bc88ecd
2026-10-08T00:32:44.495549+00:00,2026-10-08T00:32:57.662705+00:00,UNO,"ST,11500,RRYY,C,0,0,000",6,bc88ecd
2026-10-08T00:32:44.495549+00:00,2026-10-08T00:32:58.162130+00:00,UNO,"ST,12000,RRYY,C,0,0,000",6,bc88ecd
2026-10-08T00:32:44.495549+00:00,2026-10-08T00:32:58.288126+00:00,UNO,"ST,12126,RRRR,C,0,0,000",6,bc88ecd
2026-10-08T00:32:44.495549+00:00,2026-10-08T00:32:58.662818+00:00,UNO,"ST,12500,RRRR,C,0,0,000",6,bc88ecd
2026-10-08T00:32:44.495549+00:00,2026-10-08T00:32:59.162896+00:00,UNO,"ST,13000,RRRR,C,0,0,000",6,bc88ecd
2026-10-08T00:32:44.495549+00:00,2026-10-08T00:32:59.288903+00:00,UNO,"ST,13126,GGRR,C,0,0,000",6,bc88ecd
2026-10-08T00:32:44.495549+00:00,2026-10-08T00:32:59.662968+00:00,UNO,"ST,13500,GGRR,C,0,0,000",6,bc88ecd
2026-10-08T00:32:44.495549+00:00,2026-10-08T00:33:00.162368+00:00,UNO,"ST,14000,GGRR,C,0,0,000",6,bc88ecd
2026-10-08T00:32:44.495549+00:00,2026-10-08T00:33:00.663407+00:00,UNO,"ST,14500,GGRR,C,0,0,000",6,bc88ecd
2026-10-08T00:32:44.495549+00:00,2026-10-08T00:33:01.163113+00:00,UNO,"ST,15000,GGRR,C,0,0,000",6,bc88ecd
2026-10-08T00:32:44.495549+00:00,2026-10-08T00:33:01.663168+00:00,UNO,"ST,15500,GGRR,C,0,0,000",6,bc88ecd
2026-10-08T00:32:44.495549+00:00,2026-10-08T00:33:02.162590+00:00,UNO,"ST,16000,GGRR,C,0,0,000",6,bc88ecd
2026-10-08T00:32:44.495549+00:00,2026-10-08T00:33:02.290514+00:00,UNO,"ST,16126,YYRR,C,0,0,000",6,bc88ecd
2026-10-08T00:32:44.495549+00:00,2026-10-08T00:33:02.663631+00:00,UNO,"ST,16500,YYRR,C,0,0,000",6,bc88ecd
2026-10-08T00:32:44.495549+00:00,2026-10-08T00:33:03.163337+00:00,UNO,"ST,17000,YYRR,C,0,0,000",6,bc88ecd
2026-10-08T00:32:44.495549+00:00,2026-10-08T00:33:03.447717+00:00,UNO,"EV,17283,SEM_OCORRENCIA,1,AMBULANCIA",6,bc88ecd
2026-10-08T00:32:44.495549+00:00,2026-10-08T00:33:03.663411+00:00,UNO,"ST,17500,YYRR,C,0,0,000",6,bc88ecd
2026-10-08T00:32:44.495549+00:00,2026-10-08T00:33:04.164468+00:00,UNO,"ST,18000,YYRR,C,0,0,000",6,bc88ecd
2026-10-08T00:32:44.495549+00:00,2026-10-08T00:33:04.290484+00:00,UNO,"ST,18126,RRRR,C,0,0,000",6,bc88ecd
2026-10-08T00:32:44.495549+00:00,2026-10-08T00:33:04.663866+00:00,UNO,"ST,18500,RRRR,C,0,0,000",6,bc88ecd
2026-10-08T00:32:44.495549+00:00,2026-10-08T00:33:05.163928+00:00,UNO,"ST,19000,RRRR,C,0,0,000",6,bc88ecd
2026-10-08T00:32:44.495549+00:00,2026-10-08T00:33:05.289955+00:00,UNO,"ST,19126,RRGG,C,0,0,000",6,bc88ecd
2026-10-08T00:32:44.495549+00:00,2026-10-08T00:33:05.663642+00:00,UNO,"ST,19500,RRGG,C,0,0,000",6,bc88ecd
2026-10-08T00:32:44.495549+00:00,2026-10-08T00:33:06.164713+00:00,UNO,"ST,20000,RRGG,C,0,0,000",6,bc88ecd
2026-10-08T00:32:44.495549+00:00,2026-10-08T00:33:06.664115+00:00,UNO,"ST,20500,RRGG,C,0,0,000",6,bc88ecd
2026-10-08T00:32:44.495549+00:00,2026-10-08T00:33:07.164165+00:00,UNO,"ST,21000,RRGG,C,0,0,000",6,bc88ecd
2026-10-08T00:32:44.495549+00:00,2026-10-08T00:33:07.665217+00:00,UNO,"ST,21500,RRGG,C,0,0,000",6,bc88ecd
2026-10-08T00:32:44.495549+00:00,2026-10-08T00:33:08.164957+00:00,UNO,"ST,22000,RRGG,C,0,0,000",6,bc88ecd
2026-10-08T00:32:44.495549+00:00,2026-10-08T00:33:08.263856+00:00,PONTE,"AUT,AMBULANCIA,1",0,bc88ecd
2026-10-08T00:32:44.495549+00:00,2026-10-08T00:33:08.289985+00:00,UNO,"ST,22125,RRGG,C,0,0,100",6,bc88ecd
2026-10-08T00:32:44.495549+00:00,2026-10-08T00:33:08.312783+00:00,UNO,"ST,22126,RRYY,C,0,0,100",2,bc88ecd
2026-10-08T00:32:44.495549+00:00,2026-10-08T00:33:08.664993+00:00,UNO,"ST,22500,RRYY,C,0,0,100",6,bc88ecd
2026-10-08T00:32:44.495549+00:00,2026-10-08T00:33:09.164400+00:00,UNO,"ST,23000,RRYY,C,0,0,100",6,bc88ecd
2026-10-08T00:32:44.495549+00:00,2026-10-08T00:33:09.665123+00:00,UNO,"ST,23500,RRYY,C,0,0,100",6,bc88ecd
2026-10-08T00:32:44.495549+00:00,2026-10-08T00:33:10.165143+00:00,UNO,"ST,24000,RRYY,C,0,0,100",6,bc88ecd
2026-10-08T00:32:44.495549+00:00,2026-10-08T00:33:10.291163+00:00,UNO,"ST,24126,RRRR,C,0,0,100",6,bc88ecd
2026-10-08T00:32:44.495549+00:00,2026-10-08T00:33:10.665213+00:00,UNO,"ST,24500,RRRR,C,0,0,100",6,bc88ecd
2026-10-08T00:32:44.495549+00:00,2026-10-08T00:33:11.166281+00:00,UNO,"ST,25000,RRRR,C,0,0,100",6,bc88ecd
2026-10-08T00:32:44.495549+00:00,2026-10-08T00:33:11.292275+00:00,UNO,"ST,25126,GGRR,C,0,0,100",6,bc88ecd
2026-10-08T00:32:44.495549+00:00,2026-10-08T00:33:11.665680+00:00,UNO,"ST,25500,GGRR,C,0,0,100",6,bc88ecd
2026-10-08T00:32:44.495549+00:00,2026-10-08T00:33:12.165392+00:00,UNO,"ST,26000,GGRR,C,0,0,100",6,bc88ecd
2026-10-08T00:32:44.495549+00:00,2026-10-08T00:33:12.665445+00:00,UNO,"ST,26500,GGRR,C,0,0,100",6,bc88ecd
2026-10-08T00:32:44.495549+00:00,2026-10-08T00:33:13.166498+00:00,UNO,"ST,27000,GGRR,C,0,0,100",6,bc88ecd
2026-10-08T00:32:44.495549+00:00,2026-10-08T00:33:13.665918+00:00,UNO,"ST,27500,GGRR,C,0,0,100",6,bc88ecd
2026-10-08T00:32:44.495549+00:00,2026-10-08T00:33:14.166163+00:00,UNO,"ST,28000,GGRR,C,0,0,100",6,bc88ecd
2026-10-08T00:32:44.495549+00:00,2026-10-08T00:33:14.291634+00:00,UNO,"ST,28126,YYRR,C,0,0,100",6,bc88ecd
2026-10-08T00:32:44.495549+00:00,2026-10-08T00:33:14.666675+00:00,UNO,"ST,28500,YYRR,C,0,0,100",6,bc88ecd
2026-10-08T00:32:44.495549+00:00,2026-10-08T00:33:15.166751+00:00,UNO,"ST,29000,YYRR,C,0,0,100",6,bc88ecd
2026-10-08T00:32:44.495549+00:00,2026-10-08T00:33:15.666806+00:00,UNO,"ST,29500,YYRR,C,0,0,100",6,bc88ecd
2026-10-08T00:32:44.495549+00:00,2026-10-08T00:33:16.166227+00:00,UNO,"ST,30000,YYRR,C,0,0,100",6,bc88ecd
2026-10-08T00:32:44.495549+00:00,2026-10-08T00:33:16.292211+00:00,UNO,"ST,30126,RRRR,C,0,0,100",6,bc88ecd
2026-10-08T00:32:44.495549+00:00,2026-10-08T00:33:16.666906+00:00,UNO,"ST,30500,RRRR,C,0,0,100",6,bc88ecd
2026-10-08T00:32:44.495549+00:00,2026-10-08T00:33:17.166969+00:00,UNO,"ST,31000,RRRR,C,0,0,100",6,bc88ecd
2026-10-08T00:32:44.495549+00:00,2026-10-08T00:33:17.292982+00:00,UNO,"ST,31126,RRGG,C,0,0,100",6,bc88ecd
2026-10-08T00:32:44.495549+00:00,2026-10-08T00:33:17.667022+00:00,UNO,"ST,31500,RRGG,C,0,0,100",6,bc88ecd
2026-10-08T00:32:44.495549+00:00,2026-10-08T00:33:18.166657+00:00,UNO,"ST,32000,RRGG,C,0,0,100",6,bc88ecd
2026-10-08T00:32:44.495549+00:00,2026-10-08T00:33:18.667490+00:00,UNO,"ST,32500,RRGG,C,0,0,100",6,bc88ecd
2026-10-08T00:32:44.495549+00:00,2026-10-08T00:33:19.167195+00:00,UNO,"ST,33000,RRGG,C,0,0,100",6,bc88ecd
2026-10-08T00:32:44.495549+00:00,2026-10-08T00:33:19.667236+00:00,UNO,"ST,33500,RRGG,C,0,0,100",6,bc88ecd
2026-10-08T00:32:44.495549+00:00,2026-10-08T00:33:20.168530+00:00,UNO,"ST,34000,RRGG,C,0,0,100",6,bc88ecd
2026-10-08T00:32:44.495549+00:00,2026-10-08T00:33:20.294326+00:00,UNO,"ST,34126,RRYY,C,0,0,100",6,bc88ecd
2026-10-08T00:32:44.495549+00:00,2026-10-08T00:33:20.667949+00:00,UNO,"ST,34500,RRYY,C,0,0,100",6,bc88ecd
2026-10-08T00:32:44.495549+00:00,2026-10-08T00:33:21.167757+00:00,UNO,"ST,35000,RRYY,C,0,0,100",6,bc88ecd
2026-10-08T00:32:44.495549+00:00,2026-10-08T00:33:21.667480+00:00,UNO,"ST,35500,RRYY,C,0,0,100",6,bc88ecd
2026-10-08T00:32:44.495549+00:00,2026-10-08T00:33:22.168536+00:00,UNO,"ST,36000,RRYY,C,0,0,100",6,bc88ecd
2026-10-08T00:32:44.495549+00:00,2026-10-08T00:33:22.294536+00:00,UNO,"ST,36126,RRRR,C,0,0,100",6,bc88ecd
2026-10-08T00:32:44.495549+00:00,2026-10-08T00:33:22.667929+00:00,UNO,"ST,36500,RRRR,C,0,0,100",6,bc88ecd
2026-10-08T00:32:44.495549+00:00,2026-10-08T00:33:23.167989+00:00,UNO,"ST,37000,RRRR,C,0,0,100",6,bc88ecd
2026-10-08T00:32:44.495549+00:00,2026-10-08T00:33:23.294017+00:00,UNO,"ST,37126,GGRR,C,0,0,100",6,bc88ecd
2026-10-08T00:32:44.495549+00:00,2026-10-08T00:33:23.668697+00:00,UNO,"ST,37500,GGRR,C,0,0,100",6,bc88ecd
2026-10-08T00:32:44.495549+00:00,2026-10-08T00:33:24.168762+00:00,UNO,"ST,38000,GGRR,C,0,0,100",6,bc88ecd
2026-10-08T00:32:44.495549+00:00,2026-10-08T00:33:24.668825+00:00,UNO,"ST,38500,GGRR,C,0,0,100",6,bc88ecd
2026-10-08T00:32:44.495549+00:00,2026-10-08T00:33:25.168224+00:00,UNO,"ST,39000,GGRR,C,0,0,100",6,bc88ecd
2026-10-08T00:32:44.495549+00:00,2026-10-08T00:33:25.733394+00:00,UNO,"ST,39500,GGRR,C,0,0,100",24,bc88ecd
2026-10-08T00:32:44.495549+00:00,2026-10-08T00:33:26.169300+00:00,UNO,"ST,40000,GGRR,C,0,0,100",6,bc88ecd
2026-10-08T00:32:44.495549+00:00,2026-10-08T00:33:26.865715+00:00,UNO,"ST,40126,YYRR,C,0,0,100",49,bc88ecd
2026-10-08T00:32:44.495549+00:00,2026-10-08T00:33:26.866776+00:00,UNO,"ST,40500,YYRR,C,0,0,100",24,bc88ecd
2026-10-08T00:32:44.495549+00:00,2026-10-08T00:33:27.169475+00:00,UNO,"ST,41000,YYRR,C,0,0,100",6,bc88ecd
2026-10-08T00:32:44.495549+00:00,2026-10-08T00:33:27.669159+00:00,UNO,"ST,41500,YYRR,C,0,0,100",6,bc88ecd
2026-10-08T00:32:44.495549+00:00,2026-10-08T00:33:28.169214+00:00,UNO,"ST,42000,YYRR,C,0,0,100",6,bc88ecd
2026-10-08T00:32:44.495549+00:00,2026-10-08T00:33:28.295252+00:00,UNO,"ST,42126,RRRR,C,0,0,100",6,bc88ecd
2026-10-08T00:32:44.495549+00:00,2026-10-08T00:33:28.669266+00:00,UNO,"ST,42500,RRRR,C,0,0,100",6,bc88ecd
2026-10-08T00:32:44.495549+00:00,2026-10-08T00:33:29.169678+00:00,UNO,"ST,43000,RRRR,C,0,0,100",6,bc88ecd
2026-10-08T00:32:44.495549+00:00,2026-10-08T00:33:29.295699+00:00,UNO,"ST,43126,RRGG,C,0,0,100",6,bc88ecd
2026-10-08T00:32:44.495549+00:00,2026-10-08T00:33:29.669739+00:00,UNO,"ST,43500,RRGG,C,0,0,100",6,bc88ecd
2026-10-08T00:32:44.495549+00:00,2026-10-08T00:33:30.169443+00:00,UNO,"ST,44000,RRGG,C,0,0,100",6,bc88ecd
2026-10-08T00:32:44.495549+00:00,2026-10-08T00:33:30.670528+00:00,UNO,"ST,44500,RRGG,C,0,0,100",6,bc88ecd
2026-10-08T00:32:44.495549+00:00,2026-10-08T00:33:31.170563+00:00,UNO,"ST,45000,RRGG,C,0,0,100",6,bc88ecd
2026-10-08T00:32:44.495549+00:00,2026-10-08T00:33:31.669992+00:00,UNO,"ST,45500,RRGG,C,0,0,100",6,bc88ecd
2026-10-08T00:32:44.495549+00:00,2026-10-08T00:33:32.169671+00:00,UNO,"ST,46000,RRGG,C,0,0,100",6,bc88ecd
2026-10-08T00:32:44.495549+00:00,2026-10-08T00:33:32.296052+00:00,UNO,"ST,46126,RRYY,C,0,0,100",6,bc88ecd
2026-10-08T00:32:44.495549+00:00,2026-10-08T00:33:32.670736+00:00,UNO,"ST,46500,RRYY,C,0,0,100",6,bc88ecd
2026-10-08T00:32:44.495549+00:00,2026-10-08T00:33:33.170789+00:00,UNO,"ST,47000,RRYY,C,0,0,100",6,bc88ecd
2026-10-08T00:32:44.495549+00:00,2026-10-08T00:33:33.670213+00:00,UNO,"ST,47500,RRYY,C,0,0,100",6,bc88ecd
2026-10-08T00:32:44.495549+00:00,2026-10-08T00:33:34.170272+00:00,UNO,"ST,48000,RRYY,C,0,0,100",6,bc88ecd
2026-10-08T00:32:44.495549+00:00,2026-10-08T00:33:34.297281+00:00,UNO,"ST,48126,RRRR,C,0,0,100",6,bc88ecd
2026-10-08T00:32:44.495549+00:00,2026-10-08T00:33:34.670972+00:00,UNO,"ST,48500,RRRR,C,0,0,100",6,bc88ecd
2026-10-08T00:32:44.495549+00:00,2026-10-08T00:33:35.171034+00:00,UNO,"ST,49000,RRRR,C,0,0,100",6,bc88ecd
2026-10-08T00:32:44.495549+00:00,2026-10-08T00:33:35.297045+00:00,UNO,"ST,49126,GGRR,C,0,0,100",6,bc88ecd
2026-10-08T00:32:44.495549+00:00,2026-10-08T00:33:35.671072+00:00,UNO,"ST,49500,GGRR,C,0,0,100",6,bc88ecd
2026-10-08T00:32:44.495549+00:00,2026-10-08T00:33:36.171500+00:00,UNO,"ST,50000,GGRR,C,0,0,100",6,bc88ecd
2026-10-08T00:32:44.495549+00:00,2026-10-08T00:33:36.671389+00:00,UNO,"ST,50500,GGRR,C,0,0,100",6,bc88ecd
2026-10-08T00:32:44.495549+00:00,2026-10-08T00:33:37.171267+00:00,UNO,"ST,51000,GGRR,C,0,0,100",6,bc88ecd
2026-10-08T00:32:44.495549+00:00,2026-10-08T00:33:37.671308+00:00,UNO,"ST,51500,GGRR,C,0,0,100",6,bc88ecd
2026-10-08T00:32:44.495549+00:00,2026-10-08T00:33:38.172573+00:00,UNO,"ST,52000,GGRR,C,0,0,100",6,bc88ecd
2026-10-08T00:32:44.495549+00:00,2026-10-08T00:33:38.298403+00:00,UNO,"ST,52126,YYRR,C,0,0,100",6,bc88ecd
2026-10-08T00:32:44.495549+00:00,2026-10-08T00:33:38.671771+00:00,UNO,"ST,52500,YYRR,C,0,0,100",6,bc88ecd
2026-10-08T00:32:44.495549+00:00,2026-10-08T00:33:39.171494+00:00,UNO,"ST,53000,YYRR,C,0,0,100",6,bc88ecd
2026-10-08T00:32:44.495549+00:00,2026-10-08T00:33:39.672555+00:00,UNO,"ST,53500,YYRR,C,0,0,100",6,bc88ecd
2026-10-08T00:32:44.495549+00:00,2026-10-08T00:33:40.172822+00:00,UNO,"ST,54000,YYRR,C,0,0,100",6,bc88ecd
2026-10-08T00:32:44.495549+00:00,2026-10-08T00:33:40.298640+00:00,UNO,"ST,54126,RRRR,C,0,0,100",6,bc88ecd
2026-10-08T00:32:44.495549+00:00,2026-10-08T00:33:40.672038+00:00,UNO,"ST,54500,RRRR,C,0,0,100",6,bc88ecd
2026-10-08T00:32:44.495549+00:00,2026-10-08T00:33:41.171709+00:00,UNO,"ST,55000,RRRR,C,0,0,100",6,bc88ecd
2026-10-08T00:32:44.495549+00:00,2026-10-08T00:33:41.298092+00:00,UNO,"ST,55126,RRGG,C,0,0,100",6,bc88ecd
2026-10-08T00:32:44.495549+00:00,2026-10-08T00:33:41.672771+00:00,UNO,"ST,55500,RRGG,C,0,0,100",6,bc88ecd
2026-10-08T00:32:44.495549+00:00,2026-10-08T00:33:42.172832+00:00,UNO,"ST,56000,RRGG,C,0,0,100",6,bc88ecd
2026-10-08T00:32:44.495549+00:00,2026-10-08T00:33:42.672888+00:00,UNO,"ST,56500,RRGG,C,0,0,100",6,bc88ecd
2026-10-08T00:32:44.495549+00:00,2026-10-08T00:33:43.173313+00:00,UNO,"ST,57000,RRGG,C,0,0,100",6,bc88ecd
2026-10-08T00:32:44.495549+00:00,2026-10-08T00:33:43.673022+00:00,UNO,"ST,57500,RRGG,C,0,0,100",6,bc88ecd
2026-10-08T00:32:44.495549+00:00,2026-10-08T00:33:44.173247+00:00,UNO,"ST,58000,RRGG,C,0,0,100",6,bc88ecd
2026-10-08T00:32:44.495549+00:00,2026-10-08T00:33:44.299092+00:00,UNO,"ST,58126,RRYY,C,0,0,100",6,bc88ecd
2026-10-08T00:32:44.495549+00:00,2026-10-08T00:33:44.673136+00:00,UNO,"ST,58500,RRYY,C,0,0,100",6,bc88ecd
2026-10-08T00:32:44.495549+00:00,2026-10-08T00:33:45.173544+00:00,UNO,"ST,59000,RRYY,C,0,0,100",6,bc88ecd
2026-10-08T00:32:44.495549+00:00,2026-10-08T00:33:45.673603+00:00,UNO,"ST,59500,RRYY,C,0,0,100",6,bc88ecd
2026-10-08T00:32:44.495549+00:00,2026-10-08T00:33:46.173383+00:00,UNO,"ST,60000,RRYY,C,0,0,100",6,bc88ecd
2026-10-08T00:32:44.495549+00:00,2026-10-08T00:33:46.299321+00:00,UNO,"ST,60126,RRRR,C,0,0,100",6,bc88ecd
2026-10-08T00:32:44.495549+00:00,2026-10-08T00:33:46.674347+00:00,UNO,"ST,60500,RRRR,C,0,0,100",6,bc88ecd
2026-10-08T00:32:44.495549+00:00,2026-10-08T00:33:47.174432+00:00,UNO,"ST,61000,RRRR,C,0,0,100",6,bc88ecd
2026-10-08T00:32:44.495549+00:00,2026-10-08T00:33:47.300423+00:00,UNO,"ST,61126,GGRR,C,0,0,100",6,bc88ecd
2026-10-08T00:32:44.495549+00:00,2026-10-08T00:33:47.673806+00:00,UNO,"ST,61500,GGRR,C,0,0,100",6,bc88ecd
2026-10-08T00:32:44.495549+00:00,2026-10-08T00:33:48.173520+00:00,UNO,"ST,62000,GGRR,C,0,0,100",6,bc88ecd
2026-10-08T00:32:44.495549+00:00,2026-10-08T00:33:48.674573+00:00,UNO,"ST,62500,GGRR,C,0,0,100",6,bc88ecd
2026-10-08T00:32:44.495549+00:00,2026-10-08T00:33:49.174644+00:00,UNO,"ST,63000,GGRR,C,0,0,100",6,bc88ecd
2026-10-08T00:32:44.495549+00:00,2026-10-08T00:33:49.674056+00:00,UNO,"ST,63500,GGRR,C,0,0,100",6,bc88ecd
2026-10-08T00:32:44.495549+00:00,2026-10-08T00:33:50.174117+00:00,UNO,"ST,64000,GGRR,C,0,0,100",6,bc88ecd
2026-10-08T00:32:44.495549+00:00,2026-10-08T00:33:50.301147+00:00,UNO,"ST,64126,YYRR,C,0,0,100",6,bc88ecd
2026-10-08T00:32:44.495549+00:00,2026-10-08T00:33:50.674801+00:00,UNO,"ST,64500,YYRR,C,0,0,100",6,bc88ecd
2026-10-08T00:32:44.495549+00:00,2026-10-08T00:33:51.174869+00:00,UNO,"ST,65000,YYRR,C,0,0,100",6,bc88ecd
2026-10-08T00:32:44.495549+00:00,2026-10-08T00:33:51.674291+00:00,UNO,"ST,65500,YYRR,C,0,0,100",6,bc88ecd
2026-10-08T00:32:44.495549+00:00,2026-10-08T00:33:52.175344+00:00,UNO,"ST,66000,YYRR,C,0,0,100",6,bc88ecd
2026-10-08T00:32:44.495549+00:00,2026-10-08T00:33:52.301079+00:00,UNO,"ST,66126,RRRR,C,0,0,100",6,bc88ecd
2026-10-08T00:32:44.495549+00:00,2026-10-08T00:33:52.675032+00:00,UNO,"ST,66500,RRRR,C,0,0,100",6,bc88ecd
2026-10-08T00:32:44.495549+00:00,2026-10-08T00:33:53.175099+00:00,UNO,"ST,67000,RRRR,C,0,0,100",6,bc88ecd
2026-10-08T00:32:44.495549+00:00,2026-10-08T00:33:53.301125+00:00,UNO,"ST,67126,RRGG,C,0,0,100",6,bc88ecd
2026-10-08T00:32:44.495549+00:00,2026-10-08T00:33:53.675164+00:00,UNO,"ST,67500,RRGG,C,0,0,100",6,bc88ecd
2026-10-08T00:32:44.495549+00:00,2026-10-08T00:33:54.175557+00:00,UNO,"ST,68000,RRGG,C,0,0,100",6,bc88ecd
2026-10-08T00:32:44.495549+00:00,2026-10-08T00:33:54.675263+00:00,UNO,"ST,68500,RRGG,C,0,0,100",6,bc88ecd
2026-10-08T00:32:44.495549+00:00,2026-10-08T00:33:55.175326+00:00,UNO,"ST,69000,RRGG,C,0,0,100",6,bc88ecd
2026-10-08T00:32:44.495549+00:00,2026-10-08T00:33:55.676397+00:00,UNO,"ST,69500,RRGG,C,0,0,100",6,bc88ecd
2026-10-08T00:32:44.495549+00:00,2026-10-08T00:33:56.175803+00:00,UNO,"ST,70000,RRGG,C,0,0,100",6,bc88ecd
2026-10-08T00:32:44.495549+00:00,2026-10-08T00:33:56.301823+00:00,UNO,"ST,70126,RRYY,C,0,0,100",6,bc88ecd
2026-10-08T00:32:44.495549+00:00,2026-10-08T00:33:56.675841+00:00,UNO,"ST,70500,RRYY,C,0,0,100",6,bc88ecd
2026-10-08T00:32:44.495549+00:00,2026-10-08T00:33:57.175580+00:00,UNO,"ST,71000,RRYY,C,0,0,100",6,bc88ecd
2026-10-08T00:32:44.495549+00:00,2026-10-08T00:33:57.676614+00:00,UNO,"ST,71500,RRYY,C,0,0,100",6,bc88ecd
2026-10-08T00:32:44.495549+00:00,2026-10-08T00:33:58.176660+00:00,UNO,"ST,72000,RRYY,C,0,0,100",6,bc88ecd
2026-10-08T00:32:44.495549+00:00,2026-10-08T00:33:58.302683+00:00,UNO,"ST,72126,RRRR,C,0,0,100",6,bc88ecd
2026-10-08T00:32:44.495549+00:00,2026-10-08T00:33:58.676097+00:00,UNO,"ST,72500,RRRR,C,0,0,100",6,bc88ecd
2026-10-08T00:32:44.495549+00:00,2026-10-08T00:33:59.176782+00:00,UNO,"ST,73000,RRRR,C,0,0,100",6,bc88ecd
2026-10-08T00:32:44.495549+00:00,2026-10-08T00:33:59.303167+00:00,UNO,"ST,73126,GGRR,C,0,0,100",6,bc88ecd
2026-10-08T00:32:44.495549+00:00,2026-10-08T00:33:59.676844+00:00,UNO,"ST,73500,GGRR,C,0,0,100",6,bc88ecd
2026-10-08T00:32:44.495549+00:00,2026-10-08T00:34:00.176938+00:00,UNO,"ST,74000,GGRR,C,0,0,100",6,bc88ecd
2026-10-08T00:32:44.495549+00:00,2026-10-08T00:34:00.676318+00:00,UNO,"ST,74500,GGRR,C,0,0,100",6,bc88ecd
2026-10-08T00:32:44.495549+00:00,2026-10-08T00:34:01.177377+00:00,UNO,"ST,75000,GGRR,C,0,0,100",6,bc88ecd
2026-10-08T00:32:44.495549+00:00,2026-10-08T00:34:01.677086+00:00,UNO,"ST,75500,GGRR,C,0,0,100",6,bc88ecd
2026-10-08T00:32:44.495549+00:00,2026-10-08T00:34:02.179119+00:00,UNO,"ST,76002,GGRR,C,0,0,100",6,bc88ecd
2026-10-08T00:32:44.495549+00:00,2026-10-08T00:34:02.201965+00:00,UNO,"EV,76002,PREEMP_INI,1,AMBULANCIA",2,bc88ecd
2026-10-08T00:32:44.495549+00:00,2026-10-08T00:34:02.239091+00:00,UNO,"ST,76002,GGRR,E,1,0,100",3,bc88ecd
2026-10-08T00:32:44.495549+00:00,2026-10-08T00:34:02.303159+00:00,UNO,"ST,76126,GYRR,E,1,0,100",6,bc88ecd
2026-10-08T00:32:44.495549+00:00,2026-10-08T00:34:02.678199+00:00,UNO,"ST,76500,GYRR,E,1,0,100",6,bc88ecd
2026-10-08T00:32:44.495549+00:00,2026-10-08T00:34:03.177619+00:00,UNO,"ST,77000,GYRR,E,1,0,100",6,bc88ecd
2026-10-08T00:32:44.495549+00:00,2026-10-08T00:34:03.677325+00:00,UNO,"ST,77500,GYRR,E,1,0,100",6,bc88ecd
2026-10-08T00:32:44.495549+00:00,2026-10-08T00:34:04.177360+00:00,UNO,"ST,78000,GYRR,E,1,0,100",6,bc88ecd
2026-10-08T00:32:44.495549+00:00,2026-10-08T00:34:04.303397+00:00,UNO,"ST,78126,GRRR,E,1,0,100",6,bc88ecd
2026-10-08T00:32:44.495549+00:00,2026-10-08T00:34:04.678429+00:00,UNO,"ST,78500,GRRR,E,1,0,100",6,bc88ecd
2026-10-08T00:32:44.495549+00:00,2026-10-08T00:34:05.177831+00:00,UNO,"ST,79000,GRRR,E,1,0,100",6,bc88ecd
2026-10-08T00:32:44.495549+00:00,2026-10-08T00:34:05.677884+00:00,UNO,"ST,79500,GRRR,E,1,0,100",6,bc88ecd
2026-10-08T00:32:44.495549+00:00,2026-10-08T00:34:06.177595+00:00,UNO,"ST,80000,GRRR,E,1,0,100",6,bc88ecd
2026-10-08T00:32:44.495549+00:00,2026-10-08T00:34:06.678658+00:00,UNO,"ST,80500,GRRR,E,1,0,100",6,bc88ecd
2026-10-08T00:32:44.495549+00:00,2026-10-08T00:34:07.178721+00:00,UNO,"ST,81000,GRRR,E,1,0,100",6,bc88ecd
2026-10-08T00:32:44.495549+00:00,2026-10-08T00:34:07.678116+00:00,UNO,"ST,81500,GRRR,E,1,0,100",6,bc88ecd
2026-10-08T00:32:44.495549+00:00,2026-10-08T00:34:08.179196+00:00,UNO,"ST,82000,GRRR,E,1,0,100",6,bc88ecd
2026-10-08T00:32:44.495549+00:00,2026-10-08T00:34:08.678889+00:00,UNO,"ST,82500,GRRR,E,1,0,100",6,bc88ecd
2026-10-08T00:32:44.495549+00:00,2026-10-08T00:34:09.178944+00:00,UNO,"ST,83000,GRRR,E,1,0,100",6,bc88ecd
2026-10-08T00:32:44.495549+00:00,2026-10-08T00:34:09.678341+00:00,UNO,"ST,83500,GRRR,E,1,0,100",6,bc88ecd
2026-10-08T00:32:44.495549+00:00,2026-10-08T00:34:10.179499+00:00,UNO,"ST,84000,GRRR,E,1,0,100",6,bc88ecd
2026-10-08T00:32:44.495549+00:00,2026-10-08T00:34:10.679122+00:00,UNO,"ST,84500,GRRR,E,1,0,100",6,bc88ecd
2026-10-08T00:32:44.495549+00:00,2026-10-08T00:34:11.179169+00:00,UNO,"ST,85000,GRRR,E,1,0,100",6,bc88ecd
2026-10-08T00:32:44.495549+00:00,2026-10-08T00:34:11.680244+00:00,UNO,"ST,85500,GRRR,E,1,0,100",6,bc88ecd
2026-10-08T00:32:44.495549+00:00,2026-10-08T00:34:12.179650+00:00,UNO,"ST,86000,GRRR,E,1,0,100",6,bc88ecd
2026-10-08T00:32:44.495549+00:00,2026-10-08T00:34:12.679706+00:00,UNO,"ST,86500,GRRR,E,1,0,100",6,bc88ecd
2026-10-08T00:32:44.495549+00:00,2026-10-08T00:34:13.179416+00:00,UNO,"ST,87000,GRRR,E,1,0,100",6,bc88ecd
2026-10-08T00:32:44.495549+00:00,2026-10-08T00:34:13.305405+00:00,UNO,"EV,87126,PREEMP_FIM,1,AMBULANCIA",6,bc88ecd
2026-10-08T00:32:44.495549+00:00,2026-10-08T00:34:13.335820+00:00,UNO,"ST,87126,YRRR,C,0,0,100",0,bc88ecd
2026-10-08T00:32:44.495549+00:00,2026-10-08T00:34:13.680472+00:00,UNO,"ST,87500,YRRR,C,0,0,100",6,bc88ecd
2026-10-08T00:32:44.495549+00:00,2026-10-08T00:34:14.180518+00:00,UNO,"ST,88000,YRRR,C,0,0,100",6,bc88ecd
2026-10-08T00:32:44.495549+00:00,2026-10-08T00:34:14.679921+00:00,UNO,"ST,88500,YRRR,C,0,0,100",6,bc88ecd
2026-10-08T00:32:44.495549+00:00,2026-10-08T00:34:15.180984+00:00,UNO,"ST,89000,YRRR,C,0,0,100",6,bc88ecd
2026-10-08T00:32:44.495549+00:00,2026-10-08T00:34:15.307024+00:00,UNO,"ST,89126,RRRR,C,0,0,100",6,bc88ecd
2026-10-08T20:40:56.274661+00:00,2026-10-08T20:40:58.008098+00:00,UNO,"EV,0,BOOT",6,1c9f717
2026-10-08T20:40:56.274661+00:00,2026-10-08T20:40:58.016912+00:00,UNO,"ST,0,RRRR,C,0,0,000",2,1c9f717
2026-10-08T20:40:56.274661+00:00,2026-10-08T20:40:59.134231+00:00,UNO,"ST,1125,GGRR,C,0,0,000",6,1c9f717
2026-10-08T20:40:56.274661+00:00,2026-10-08T20:40:59.508844+00:00,UNO,"ST,1500,GGRR,C,0,0,000",6,1c9f717
2026-10-08T20:40:56.274661+00:00,2026-10-08T20:41:00.009475+00:00,UNO,"ST,2000,GGRR,C,0,0,000",6,1c9f717
2026-10-08T20:40:56.274661+00:00,2026-10-08T20:41:00.509375+00:00,UNO,"ST,2500,GGRR,C,0,0,000",6,1c9f717
2026-10-08T20:40:56.274661+00:00,2026-10-08T20:41:01.009434+00:00,UNO,"ST,3000,GGRR,C,0,0,000",6,1c9f717
2026-10-08T20:40:56.274661+00:00,2026-10-08T20:41:01.509042+00:00,UNO,"ST,3500,GGRR,C,0,0,000",6,1c9f717
2026-10-08T20:40:56.274661+00:00,2026-10-08T20:41:02.010344+00:00,UNO,"ST,4000,GGRR,C,0,0,000",6,1c9f717
2026-10-08T20:40:56.274661+00:00,2026-10-08T20:41:02.135145+00:00,UNO,"ST,4125,YYRR,C,0,0,000",6,1c9f717
2026-10-08T20:40:56.274661+00:00,2026-10-08T20:41:02.509743+00:00,UNO,"ST,4500,YYRR,C,0,0,000",6,1c9f717
2026-10-08T20:40:56.274661+00:00,2026-10-08T20:41:03.009651+00:00,UNO,"ST,5000,YYRR,C,0,0,000",6,1c9f717
2026-10-08T20:40:56.274661+00:00,2026-10-08T20:41:03.510724+00:00,UNO,"ST,5500,YYRR,C,0,0,000",6,1c9f717
2026-10-08T20:40:56.274661+00:00,2026-10-08T20:41:04.010777+00:00,UNO,"ST,6000,YYRR,C,0,0,000",6,1c9f717
2026-10-08T20:40:56.274661+00:00,2026-10-08T20:41:04.135802+00:00,UNO,"ST,6125,RRRR,C,0,0,000",6,1c9f717
2026-10-08T20:40:56.274661+00:00,2026-10-08T20:41:04.510401+00:00,UNO,"ST,6500,RRRR,C,0,0,000",6,1c9f717
2026-10-08T20:40:56.274661+00:00,2026-10-08T20:41:05.010444+00:00,UNO,"ST,7000,RRRR,C,0,0,000",6,1c9f717
2026-10-08T20:40:56.274661+00:00,2026-10-08T20:41:05.136046+00:00,UNO,"ST,7126,RRGG,C,0,0,000",6,1c9f717
2026-10-08T20:40:56.274661+00:00,2026-10-08T20:41:05.510939+00:00,UNO,"ST,7500,RRGG,C,0,0,000",6,1c9f717
2026-10-08T20:40:56.274661+00:00,2026-10-08T20:41:06.011020+00:00,UNO,"ST,8000,RRGG,C,0,0,000",6,1c9f717
2026-10-08T20:40:56.274661+00:00,2026-10-08T20:41:06.510647+00:00,UNO,"ST,8500,RRGG,C,0,0,000",6,1c9f717
2026-10-08T20:40:56.274661+00:00,2026-10-08T20:41:07.011741+00:00,UNO,"ST,9000,RRGG,C,0,0,000",6,1c9f717
2026-10-08T20:40:56.274661+00:00,2026-10-08T20:41:07.511785+00:00,UNO,"ST,9500,RRGG,C,0,0,000",6,1c9f717
2026-10-08T20:40:56.274661+00:00,2026-10-08T20:41:08.011379+00:00,UNO,"ST,10000,RRGG,C,0,0,000",6,1c9f717
2026-10-08T20:40:56.274661+00:00,2026-10-08T20:41:08.137506+00:00,UNO,"ST,10126,RRYY,C,0,0,000",6,1c9f717
2026-10-08T20:40:56.274661+00:00,2026-10-08T20:41:08.511277+00:00,UNO,"ST,10500,RRYY,C,0,0,000",6,1c9f717
2026-10-08T20:40:56.274661+00:00,2026-10-08T20:41:09.012345+00:00,UNO,"ST,11000,RRYY,C,0,0,000",6,1c9f717
2026-10-08T20:40:56.274661+00:00,2026-10-08T20:41:09.511967+00:00,UNO,"ST,11500,RRYY,C,0,0,000",6,1c9f717
2026-10-08T20:40:56.274661+00:00,2026-10-08T20:41:10.012029+00:00,UNO,"ST,12000,RRYY,C,0,0,000",6,1c9f717
2026-10-08T20:40:56.274661+00:00,2026-10-08T20:41:10.138028+00:00,UNO,"ST,12126,RRRR,C,0,0,000",6,1c9f717
2026-10-08T20:40:56.274661+00:00,2026-10-08T20:41:10.512643+00:00,UNO,"ST,12500,RRRR,C,0,0,000",6,1c9f717
2026-10-08T20:40:56.274661+00:00,2026-10-08T20:41:11.012641+00:00,UNO,"ST,13000,RRRR,C,0,0,000",6,1c9f717
2026-10-08T20:40:56.274661+00:00,2026-10-08T20:41:11.138715+00:00,UNO,"ST,13126,GGRR,C,0,0,000",6,1c9f717
2026-10-08T20:40:56.274661+00:00,2026-10-08T20:41:11.512618+00:00,UNO,"ST,13500,GGRR,C,0,0,000",6,1c9f717
2026-10-08T20:40:56.274661+00:00,2026-10-08T20:41:12.012250+00:00,UNO,"ST,14000,GGRR,C,0,0,000",6,1c9f717
2026-10-08T20:40:56.274661+00:00,2026-10-08T20:41:12.513302+00:00,UNO,"ST,14500,GGRR,C,0,0,000",6,1c9f717
2026-10-08T20:40:56.274661+00:00,2026-10-08T20:41:13.012929+00:00,UNO,"ST,15000,GGRR,C,0,0,000",6,1c9f717
2026-10-08T20:40:56.274661+00:00,2026-10-08T20:41:13.512851+00:00,UNO,"ST,15500,GGRR,C,0,0,000",6,1c9f717
2026-10-08T20:40:56.274661+00:00,2026-10-08T20:41:14.012923+00:00,UNO,"ST,16000,GGRR,C,0,0,000",6,1c9f717
2026-10-08T20:40:56.274661+00:00,2026-10-08T20:41:14.139921+00:00,UNO,"ST,16126,YYRR,C,0,0,000",6,1c9f717
2026-10-08T20:40:56.274661+00:00,2026-10-08T20:41:14.513545+00:00,UNO,"ST,16500,YYRR,C,0,0,000",6,1c9f717
2026-10-08T20:40:56.274661+00:00,2026-10-08T20:41:15.013582+00:00,UNO,"ST,17000,YYRR,C,0,0,000",6,1c9f717
2026-10-08T20:40:56.274661+00:00,2026-10-08T20:41:15.513217+00:00,UNO,"ST,17500,YYRR,C,0,0,000",6,1c9f717
2026-10-08T20:40:56.274661+00:00,2026-10-08T20:41:16.014150+00:00,UNO,"ST,18000,YYRR,C,0,0,000",6,1c9f717
2026-10-08T20:40:56.274661+00:00,2026-10-08T20:41:16.140154+00:00,UNO,"ST,18126,RRRR,C,0,0,000",6,1c9f717
2026-10-08T20:40:56.274661+00:00,2026-10-08T20:41:16.514166+00:00,UNO,"ST,18500,RRRR,C,0,0,000",6,1c9f717
2026-10-08T20:40:56.274661+00:00,2026-10-08T20:41:17.013814+00:00,UNO,"ST,19000,RRRR,C,0,0,000",6,1c9f717
2026-10-08T20:40:56.274661+00:00,2026-10-08T20:41:17.139814+00:00,UNO,"ST,19126,RRGG,C,0,0,000",6,1c9f717
2026-10-08T20:40:56.274661+00:00,2026-10-08T20:41:17.513860+00:00,UNO,"ST,19500,RRGG,C,0,0,000",6,1c9f717
2026-10-08T20:40:56.274661+00:00,2026-10-08T20:41:18.014489+00:00,UNO,"ST,20000,RRGG,C,0,0,000",6,1c9f717
2026-10-08T20:40:56.274661+00:00,2026-10-08T20:41:18.514529+00:00,UNO,"ST,20500,RRGG,C,0,0,000",6,1c9f717
2026-10-08T20:40:56.274661+00:00,2026-10-08T20:41:19.014463+00:00,UNO,"ST,21000,RRGG,C,0,0,000",6,1c9f717
2026-10-08T20:40:56.274661+00:00,2026-10-08T20:41:19.515515+00:00,UNO,"ST,21500,RRGG,C,0,0,000",6,1c9f717
2026-10-08T20:40:56.274661+00:00,2026-10-08T20:41:20.015130+00:00,UNO,"ST,22000,RRGG,C,0,0,000",6,1c9f717
2026-10-08T20:40:56.274661+00:00,2026-10-08T20:41:20.141138+00:00,UNO,"ST,22126,RRYY,C,0,0,000",6,1c9f717
2026-10-08T20:40:56.274661+00:00,2026-10-08T20:41:20.515194+00:00,UNO,"ST,22500,RRYY,C,0,0,000",6,1c9f717
2026-10-08T20:40:56.274661+00:00,2026-10-08T20:41:21.014817+00:00,UNO,"ST,23000,RRYY,C,0,0,000",6,1c9f717
2026-10-08T20:40:56.274661+00:00,2026-10-08T20:41:21.515753+00:00,UNO,"ST,23500,RRYY,C,0,0,000",6,1c9f717
2026-10-08T20:40:56.274661+00:00,2026-10-08T20:41:22.015798+00:00,UNO,"ST,24000,RRYY,C,0,0,000",6,1c9f717
2026-10-08T20:40:56.274661+00:00,2026-10-08T20:41:22.141825+00:00,UNO,"ST,24126,RRRR,C,0,0,000",6,1c9f717
2026-10-08T20:40:56.274661+00:00,2026-10-08T20:41:22.515425+00:00,UNO,"ST,24500,RRRR,C,0,0,000",6,1c9f717
2026-10-08T20:40:56.274661+00:00,2026-10-08T20:41:23.016504+00:00,UNO,"ST,25000,RRRR,C,0,0,000",6,1c9f717
2026-10-08T20:40:56.274661+00:00,2026-10-08T20:41:23.142471+00:00,UNO,"ST,25126,GGRR,C,0,0,000",6,1c9f717
2026-10-08T20:40:56.274661+00:00,2026-10-08T20:41:23.516093+00:00,UNO,"ST,25500,GGRR,C,0,0,000",6,1c9f717
2026-10-08T20:40:56.274661+00:00,2026-10-08T20:41:24.016034+00:00,UNO,"ST,26000,GGRR,C,0,0,000",6,1c9f717
2026-10-08T20:40:56.274661+00:00,2026-10-08T20:41:24.516076+00:00,UNO,"ST,26500,GGRR,C,0,0,000",6,1c9f717
2026-10-08T20:40:56.274661+00:00,2026-10-08T20:41:25.016701+00:00,UNO,"ST,27000,GGRR,C,0,0,000",6,1c9f717
2026-10-08T20:40:56.274661+00:00,2026-10-08T20:41:25.516765+00:00,UNO,"ST,27500,GGRR,C,0,0,000",6,1c9f717
2026-10-08T20:40:56.274661+00:00,2026-10-08T20:41:26.016258+00:00,UNO,"ST,28000,GGRR,C,0,0,000",6,1c9f717
2026-10-08T20:40:56.274661+00:00,2026-10-08T20:41:26.142422+00:00,UNO,"ST,28126,YYRR,C,0,0,000",6,1c9f717
2026-10-08T20:40:56.274661+00:00,2026-10-08T20:41:26.517321+00:00,UNO,"ST,28500,YYRR,C,0,0,000",6,1c9f717
2026-10-08T20:40:56.274661+00:00,2026-10-08T20:41:27.017374+00:00,UNO,"ST,29000,YYRR,C,0,0,000",6,1c9f717
2026-10-08T20:40:56.274661+00:00,2026-10-08T20:41:27.516994+00:00,UNO,"ST,29500,YYRR,C,0,0,000",6,1c9f717
2026-10-08T20:40:56.274661+00:00,2026-10-08T20:41:28.017046+00:00,UNO,"ST,30000,YYRR,C,0,0,000",6,1c9f717
2026-10-08T20:40:56.274661+00:00,2026-10-08T20:41:28.143069+00:00,UNO,"ST,30126,RRRR,C,0,0,000",6,1c9f717
2026-10-08T20:40:56.274661+00:00,2026-10-08T20:41:28.517724+00:00,UNO,"ST,30500,RRRR,C,0,0,000",6,1c9f717
2026-10-08T20:40:56.274661+00:00,2026-10-08T20:41:29.017590+00:00,UNO,"ST,31000,RRRR,C,0,0,000",6,1c9f717
2026-10-08T20:40:56.274661+00:00,2026-10-08T20:41:29.143815+00:00,UNO,"ST,31126,RRGG,C,0,0,000",6,1c9f717
2026-10-08T20:40:56.274661+00:00,2026-10-08T20:41:29.517196+00:00,UNO,"ST,31500,RRGG,C,0,0,000",6,1c9f717
2026-10-08T20:40:56.274661+00:00,2026-10-08T20:41:30.017267+00:00,UNO,"ST,32000,RRGG,C,0,0,000",6,1c9f717
2026-10-08T20:40:56.274661+00:00,2026-10-08T20:41:30.518328+00:00,UNO,"ST,32500,RRGG,C,0,0,000",6,1c9f717
2026-10-08T20:40:56.274661+00:00,2026-10-08T20:41:31.017952+00:00,UNO,"ST,33000,RRGG,C,0,0,000",6,1c9f717
2026-10-08T20:40:56.274661+00:00,2026-10-08T20:41:31.517889+00:00,UNO,"ST,33500,RRGG,C,0,0,000",6,1c9f717
2026-10-08T20:40:56.274661+00:00,2026-10-08T20:41:32.018925+00:00,UNO,"ST,34000,RRGG,C,0,0,000",6,1c9f717
2026-10-08T20:40:56.274661+00:00,2026-10-08T20:41:32.144929+00:00,UNO,"ST,34126,RRYY,C,0,0,000",6,1c9f717
2026-10-08T20:40:56.274661+00:00,2026-10-08T20:41:32.518538+00:00,UNO,"ST,34500,RRYY,C,0,0,000",6,1c9f717
2026-10-08T20:40:56.274661+00:00,2026-10-08T20:41:33.018608+00:00,UNO,"ST,35000,RRYY,C,0,0,000",6,1c9f717
2026-10-08T20:40:56.274661+00:00,2026-10-08T20:41:33.518670+00:00,UNO,"ST,35500,RRYY,C,0,0,000",6,1c9f717
2026-10-08T20:40:56.274661+00:00,2026-10-08T20:41:34.019161+00:00,UNO,"ST,36000,RRYY,C,0,0,000",6,1c9f717
2026-10-08T20:40:56.274661+00:00,2026-10-08T20:41:34.145147+00:00,UNO,"ST,36126,RRRR,C,0,0,000",6,1c9f717
2026-10-08T20:40:56.274661+00:00,2026-10-08T20:41:34.519201+00:00,UNO,"ST,36500,RRRR,C,0,0,000",6,1c9f717
2026-10-08T20:40:56.274661+00:00,2026-10-08T20:41:35.018831+00:00,UNO,"ST,37000,RRRR,C,0,0,000",6,1c9f717
2026-10-08T20:40:56.274661+00:00,2026-10-08T20:41:35.144836+00:00,UNO,"ST,37126,GGRR,C,0,0,000",6,1c9f717
2026-10-08T20:40:56.274661+00:00,2026-10-08T20:41:35.519880+00:00,UNO,"ST,37500,GGRR,C,0,0,000",6,1c9f717
2026-10-08T20:40:56.274661+00:00,2026-10-08T20:41:36.019947+00:00,UNO,"ST,38000,GGRR,C,0,0,000",6,1c9f717
2026-10-08T20:40:56.274661+00:00,2026-10-08T20:41:36.519588+00:00,UNO,"ST,38500,GGRR,C,0,0,000",6,1c9f717
2026-10-08T20:40:56.274661+00:00,2026-10-08T20:41:37.019512+00:00,UNO,"ST,39000,GGRR,C,0,0,000",6,1c9f717
2026-10-08T20:40:56.274661+00:00,2026-10-08T20:41:37.520130+00:00,UNO,"ST,39500,GGRR,C,0,0,000",6,1c9f717
2026-10-08T20:40:56.274661+00:00,2026-10-08T20:41:38.020168+00:00,UNO,"ST,40000,GGRR,C,0,0,000",6,1c9f717
2026-10-08T20:40:56.274661+00:00,2026-10-08T20:41:38.146191+00:00,UNO,"ST,40126,YYRR,C,0,0,000",6,1c9f717
2026-10-08T20:40:56.274661+00:00,2026-10-08T20:41:38.520233+00:00,UNO,"ST,40500,YYRR,C,0,0,000",6,1c9f717
2026-10-08T20:40:56.274661+00:00,2026-10-08T20:41:39.020858+00:00,UNO,"ST,41000,YYRR,C,0,0,000",6,1c9f717
2026-10-08T20:40:56.274661+00:00,2026-10-08T20:41:39.520763+00:00,UNO,"ST,41500,YYRR,C,0,0,000",6,1c9f717
2026-10-08T20:40:56.274661+00:00,2026-10-08T20:41:40.020415+00:00,UNO,"ST,42000,YYRR,C,0,0,000",6,1c9f717
2026-10-08T20:40:56.274661+00:00,2026-10-08T20:41:40.146860+00:00,UNO,"ST,42126,RRRR,C,0,0,000",6,1c9f717
2026-10-08T20:40:56.274661+00:00,2026-10-08T20:41:40.520436+00:00,UNO,"ST,42500,RRRR,C,0,0,000",6,1c9f717
2026-10-08T20:40:56.274661+00:00,2026-10-08T20:41:41.021505+00:00,UNO,"ST,43000,RRRR,C,0,0,000",6,1c9f717
2026-10-08T20:40:56.274661+00:00,2026-10-08T20:41:41.147523+00:00,UNO,"ST,43126,RRGG,C,0,0,000",6,1c9f717
2026-10-08T20:40:56.274661+00:00,2026-10-08T20:41:41.520995+00:00,UNO,"ST,43500,RRGG,C,0,0,000",6,1c9f717
2026-10-08T20:40:56.274661+00:00,2026-10-08T20:41:42.021076+00:00,UNO,"ST,44000,RRGG,C,0,0,000",6,1c9f717
2026-10-08T20:40:56.274661+00:00,2026-10-08T20:41:42.522112+00:00,UNO,"ST,44500,RRGG,C,0,0,000",6,1c9f717
2026-10-08T20:40:56.274661+00:00,2026-10-08T20:41:43.021746+00:00,UNO,"ST,45000,RRGG,C,0,0,000",6,1c9f717
2026-10-08T20:40:56.274661+00:00,2026-10-08T20:41:43.521373+00:00,UNO,"ST,45500,RRGG,C,0,0,000",6,1c9f717
2026-10-08T20:40:56.274661+00:00,2026-10-08T20:41:44.021437+00:00,UNO,"ST,46000,RRGG,C,0,0,000",6,1c9f717
2026-10-08T20:40:56.274661+00:00,2026-10-08T20:41:44.147316+00:00,UNO,"ST,46126,RRYY,C,0,0,000",6,1c9f717
2026-10-08T20:40:56.274661+00:00,2026-10-08T20:41:44.522341+00:00,UNO,"ST,46500,RRYY,C,0,0,000",6,1c9f717
2026-10-08T20:40:56.274661+00:00,2026-10-08T20:41:45.022411+00:00,UNO,"ST,47000,RRYY,C,0,0,000",6,1c9f717
2026-10-08T20:40:56.274661+00:00,2026-10-08T20:41:45.522030+00:00,UNO,"ST,47500,RRYY,C,0,0,000",6,1c9f717
2026-10-08T20:40:56.274661+00:00,2026-10-08T20:41:46.022087+00:00,UNO,"ST,48000,RRYY,C,0,0,000",6,1c9f717
2026-10-08T20:40:56.274661+00:00,2026-10-08T20:41:46.149101+00:00,UNO,"ST,48126,RRRR,C,0,0,000",6,1c9f717
2026-10-08T20:40:56.274661+00:00,2026-10-08T20:41:46.522700+00:00,UNO,"ST,48500,RRRR,C,0,0,000",6,1c9f717
2026-10-08T20:40:56.274661+00:00,2026-10-08T20:41:47.022631+00:00,UNO,"ST,49000,RRRR,C,0,0,000",6,1c9f717
2026-10-08T20:40:56.274661+00:00,2026-10-08T20:41:47.148787+00:00,UNO,"ST,49126,GGRR,C,0,0,000",6,1c9f717
2026-10-08T20:40:56.274661+00:00,2026-10-08T20:41:47.522706+00:00,UNO,"ST,49500,GGRR,C,0,0,000",6,1c9f717
2026-10-08T20:40:56.274661+00:00,2026-10-08T20:41:48.023333+00:00,UNO,"ST,50000,GGRR,C,0,0,000",6,1c9f717
2026-10-08T20:40:56.274661+00:00,2026-10-08T20:41:48.523388+00:00,UNO,"ST,50500,GGRR,C,0,0,000",6,1c9f717
2026-10-08T20:40:56.274661+00:00,2026-10-08T20:41:49.023005+00:00,UNO,"ST,51000,GGRR,C,0,0,000",6,1c9f717
2026-10-08T20:40:56.274661+00:00,2026-10-08T20:41:49.522914+00:00,UNO,"ST,51500,GGRR,C,0,0,000",6,1c9f717
2026-10-08T20:40:56.274661+00:00,2026-10-08T20:41:50.023978+00:00,UNO,"ST,52000,GGRR,C,0,0,000",6,1c9f717
2026-10-08T20:40:56.274661+00:00,2026-10-08T20:41:50.149990+00:00,UNO,"ST,52126,YYRR,C,0,0,000",6,1c9f717
2026-10-08T20:40:56.274661+00:00,2026-10-08T20:41:50.523586+00:00,UNO,"ST,52500,YYRR,C,0,0,000",6,1c9f717
2026-10-08T20:40:56.274661+00:00,2026-10-08T20:41:51.023658+00:00,UNO,"ST,53000,YYRR,C,0,0,000",6,1c9f717
2026-10-08T20:40:56.274661+00:00,2026-10-08T20:41:51.524274+00:00,UNO,"ST,53500,YYRR,C,0,0,000",6,1c9f717
2026-10-08T20:40:56.274661+00:00,2026-10-08T20:41:52.024255+00:00,UNO,"ST,54000,YYRR,C,0,0,000",6,1c9f717
2026-10-08T20:40:56.274661+00:00,2026-10-08T20:41:52.150199+00:00,UNO,"ST,54126,RRRR,C,0,0,000",6,1c9f717
2026-10-08T20:40:56.274661+00:00,2026-10-08T20:41:52.524252+00:00,UNO,"ST,54500,RRRR,C,0,0,000",6,1c9f717
2026-10-08T20:40:56.274661+00:00,2026-10-08T20:41:53.023871+00:00,UNO,"ST,55000,RRRR,C,0,0,000",6,1c9f717
2026-10-08T20:40:56.274661+00:00,2026-10-08T20:41:53.149901+00:00,UNO,"ST,55126,RRGG,C,0,0,000",6,1c9f717
2026-10-08T20:40:56.274661+00:00,2026-10-08T20:41:53.524933+00:00,UNO,"ST,55500,RRGG,C,0,0,000",6,1c9f717
2026-10-08T20:40:56.274661+00:00,2026-10-08T20:41:54.024781+00:00,UNO,"ST,56000,RRGG,C,0,0,000",6,1c9f717
2026-10-08T20:40:56.274661+00:00,2026-10-08T20:41:54.524484+00:00,UNO,"ST,56500,RRGG,C,0,0,000",6,1c9f717
2026-10-08T20:40:56.274661+00:00,2026-10-08T20:41:55.025545+00:00,UNO,"ST,57000,RRGG,C,0,0,000",6,1c9f717
2026-10-08T20:40:56.274661+00:00,2026-10-08T20:41:55.525149+00:00,UNO,"ST,57500,RRGG,C,0,0,000",6,1c9f717
2026-10-08T20:40:56.274661+00:00,2026-10-08T20:41:56.025220+00:00,UNO,"ST,58000,RRGG,C,0,0,000",6,1c9f717
2026-10-08T20:40:56.274661+00:00,2026-10-08T20:41:56.151218+00:00,UNO,"ST,58126,RRYY,C,0,0,000",6,1c9f717
2026-10-08T20:40:56.274661+00:00,2026-10-08T20:41:56.524817+00:00,UNO,"ST,58500,RRYY,C,0,0,000",6,1c9f717
2026-10-08T20:40:56.274661+00:00,2026-10-08T20:41:57.025898+00:00,UNO,"ST,59000,RRYY,C,0,0,000",6,1c9f717
2026-10-08T20:40:56.274661+00:00,2026-10-08T20:41:57.525821+00:00,UNO,"ST,59500,RRYY,C,0,0,000",6,1c9f717
2026-10-08T20:40:56.274661+00:00,2026-10-08T20:41:58.025876+00:00,UNO,"ST,60000,RRYY,C,0,0,000",6,1c9f717
2026-10-08T20:40:56.274661+00:00,2026-10-08T20:41:58.151879+00:00,UNO,"ST,60126,RRRR,C,0,0,000",6,1c9f717
2026-10-08T20:40:56.274661+00:00,2026-10-08T20:41:58.526480+00:00,UNO,"ST,60500,RRRR,C,0,0,000",6,1c9f717
2026-10-08T20:40:56.274661+00:00,2026-10-08T20:41:59.026565+00:00,UNO,"ST,61000,RRRR,C,0,0,000",6,1c9f717
2026-10-08T20:40:56.274661+00:00,2026-10-08T20:41:59.152563+00:00,UNO,"ST,61126,GGRR,C,0,0,000",6,1c9f717
2026-10-08T20:40:56.274661+00:00,2026-10-08T20:41:59.526032+00:00,UNO,"ST,61500,GGRR,C,0,0,000",6,1c9f717
2026-10-08T20:40:56.274661+00:00,2026-10-08T20:42:00.026100+00:00,UNO,"ST,62000,GGRR,C,0,0,000",6,1c9f717
2026-10-08T20:40:56.274661+00:00,2026-10-08T20:42:00.527152+00:00,UNO,"ST,62500,GGRR,C,0,0,000",6,1c9f717
2026-10-08T20:40:56.274661+00:00,2026-10-08T20:42:01.026795+00:00,UNO,"ST,63000,GGRR,C,0,0,000",6,1c9f717
2026-10-08T20:40:56.274661+00:00,2026-10-08T20:42:01.526885+00:00,UNO,"ST,63500,GGRR,C,0,0,000",6,1c9f717
2026-10-08T20:40:56.274661+00:00,2026-10-08T20:42:02.026461+00:00,UNO,"ST,64000,GGRR,C,0,0,000",6,1c9f717
2026-10-08T20:40:56.274661+00:00,2026-10-08T20:42:02.153480+00:00,UNO,"ST,64126,YYRR,C,0,0,000",6,1c9f717
2026-10-08T20:40:56.274661+00:00,2026-10-08T20:42:02.527389+00:00,UNO,"ST,64500,YYRR,C,0,0,000",6,1c9f717
2026-10-08T20:40:56.274661+00:00,2026-10-08T20:42:03.027121+00:00,UNO,"ST,65000,YYRR,C,0,0,000",6,1c9f717
2026-10-08T20:40:56.274661+00:00,2026-10-08T20:42:03.527079+00:00,UNO,"ST,65500,YYRR,C,0,0,000",6,1c9f717
2026-10-08T20:40:56.274661+00:00,2026-10-08T20:42:04.027754+00:00,UNO,"ST,66000,YYRR,C,0,0,000",6,1c9f717
2026-10-08T20:40:56.274661+00:00,2026-10-08T20:42:04.154126+00:00,UNO,"ST,66126,RRRR,C,0,0,000",6,1c9f717
2026-10-08T20:40:56.274661+00:00,2026-10-08T20:42:04.527598+00:00,UNO,"ST,66500,RRRR,C,0,0,000",6,1c9f717
2026-10-08T20:40:56.274661+00:00,2026-10-08T20:42:05.027889+00:00,UNO,"ST,67000,RRRR,C,0,0,000",6,1c9f717
2026-10-08T20:40:56.274661+00:00,2026-10-08T20:42:05.153816+00:00,UNO,"ST,67126,RRGG,C,0,0,000",6,1c9f717
2026-10-08T20:40:56.274661+00:00,2026-10-08T20:42:05.527838+00:00,UNO,"ST,67500,RRGG,C,0,0,000",6,1c9f717
2026-10-08T20:40:56.274661+00:00,2026-10-08T20:42:06.028319+00:00,UNO,"ST,68000,RRGG,C,0,0,000",6,1c9f717
2026-10-08T20:40:56.274661+00:00,2026-10-08T20:42:06.528370+00:00,UNO,"ST,68500,RRGG,C,0,0,000",6,1c9f717
2026-10-08T20:40:56.274661+00:00,2026-10-08T20:42:07.028023+00:00,UNO,"ST,69000,RRGG,C,0,0,000",6,1c9f717
2026-10-08T20:40:56.274661+00:00,2026-10-08T20:42:07.529086+00:00,UNO,"ST,69500,RRGG,C,0,0,000",6,1c9f717
2026-10-08T20:40:56.274661+00:00,2026-10-08T20:42:08.029131+00:00,UNO,"ST,70000,RRGG,C,0,0,000",6,1c9f717
2026-10-08T20:40:56.274661+00:00,2026-10-08T20:42:08.155146+00:00,UNO,"ST,70126,RRYY,C,0,0,000",6,1c9f717
2026-10-08T20:40:56.274661+00:00,2026-10-08T20:42:08.528584+00:00,UNO,"ST,70500,RRYY,C,0,0,000",6,1c9f717
2026-10-08T20:40:56.274661+00:00,2026-10-08T20:42:09.028661+00:00,UNO,"ST,71000,RRYY,C,0,0,000",6,1c9f717
2026-10-08T20:40:56.274661+00:00,2026-10-08T20:42:09.529711+00:00,UNO,"ST,71500,RRYY,C,0,0,000",6,1c9f717
2026-10-08T20:40:56.274661+00:00,2026-10-08T20:42:10.029353+00:00,UNO,"ST,72000,RRYY,C,0,0,000",6,1c9f717
2026-10-08T20:40:56.274661+00:00,2026-10-08T20:42:10.155356+00:00,UNO,"ST,72126,RRRR,C,0,0,000",6,1c9f717
2026-10-08T20:40:56.274661+00:00,2026-10-08T20:42:10.529417+00:00,UNO,"ST,72500,RRRR,C,0,0,000",6,1c9f717
2026-10-08T20:40:56.274661+00:00,2026-10-08T20:42:11.029887+00:00,UNO,"ST,73000,RRRR,C,0,0,000",6,1c9f717
2026-10-08T20:40:56.274661+00:00,2026-10-08T20:42:11.156493+00:00,UNO,"ST,73126,GGRR,C,0,0,000",6,1c9f717
2026-10-08T20:40:56.274661+00:00,2026-10-08T20:42:11.529944+00:00,UNO,"ST,73500,GGRR,C,0,0,000",6,1c9f717
2026-10-08T20:40:56.274661+00:00,2026-10-08T20:42:12.029573+00:00,UNO,"ST,74000,GGRR,C,0,0,000",6,1c9f717
2026-10-08T20:40:56.274661+00:00,2026-10-08T20:42:12.529642+00:00,UNO,"ST,74500,GGRR,C,0,0,000",6,1c9f717
2026-10-08T20:40:56.274661+00:00,2026-10-08T20:42:13.030700+00:00,UNO,"ST,75000,GGRR,C,0,0,000",6,1c9f717
2026-10-08T20:40:56.274661+00:00,2026-10-08T20:42:13.530170+00:00,UNO,"ST,75500,GGRR,C,0,0,000",6,1c9f717
2026-10-08T20:40:56.274661+00:00,2026-10-08T20:42:14.030222+00:00,UNO,"ST,76000,GGRR,C,0,0,000",6,1c9f717
2026-10-08T20:40:56.274661+00:00,2026-10-08T20:42:14.156228+00:00,UNO,"ST,76126,YYRR,C,0,0,000",6,1c9f717
2026-10-08T20:40:56.274661+00:00,2026-10-08T20:42:14.531280+00:00,UNO,"ST,76500,YYRR,C,0,0,000",6,1c9f717
2026-10-08T20:40:56.274661+00:00,2026-10-08T20:42:15.030929+00:00,UNO,"ST,77000,YYRR,C,0,0,000",6,1c9f717
2026-10-08T20:40:56.274661+00:00,2026-10-08T20:42:15.530961+00:00,UNO,"ST,77500,YYRR,C,0,0,000",6,1c9f717
2026-10-08T20:40:56.274661+00:00,2026-10-08T20:42:16.030462+00:00,UNO,"ST,78000,YYRR,C,0,0,000",6,1c9f717
2026-10-08T20:40:56.274661+00:00,2026-10-08T20:42:16.156473+00:00,UNO,"ST,78126,RRRR,C,0,0,000",6,1c9f717
2026-10-08T20:40:56.274661+00:00,2026-10-08T20:42:16.531484+00:00,UNO,"ST,78500,RRRR,C,0,0,000",6,1c9f717
2026-10-08T20:40:56.274661+00:00,2026-10-08T20:42:17.031544+00:00,UNO,"ST,79000,RRRR,C,0,0,000",6,1c9f717
2026-10-08T20:40:56.274661+00:00,2026-10-08T20:42:17.157593+00:00,UNO,"ST,79126,RRGG,C,0,0,000",6,1c9f717
2026-10-08T20:40:56.274661+00:00,2026-10-08T20:42:17.531251+00:00,UNO,"ST,79500,RRGG,C,0,0,000",6,1c9f717
2026-10-08T20:40:56.274661+00:00,2026-10-08T20:42:18.031235+00:00,UNO,"ST,80000,RRGG,C,0,0,000",6,1c9f717
2026-10-08T20:40:56.274661+00:00,2026-10-08T20:42:18.531707+00:00,UNO,"ST,80500,RRGG,C,0,0,000",6,1c9f717
2026-10-08T20:40:56.274661+00:00,2026-10-08T20:42:19.031793+00:00,UNO,"ST,81000,RRGG,C,0,0,000",6,1c9f717
2026-10-08T20:40:56.274661+00:00,2026-10-08T20:42:19.531825+00:00,UNO,"ST,81500,RRGG,C,0,0,000",6,1c9f717
2026-10-08T20:40:56.274661+00:00,2026-10-08T20:42:20.032486+00:00,UNO,"ST,82000,RRGG,C,0,0,000",6,1c9f717
2026-10-08T20:40:56.274661+00:00,2026-10-08T20:42:20.158502+00:00,UNO,"ST,82126,RRYY,C,0,0,000",6,1c9f717
2026-10-08T20:40:56.274661+00:00,2026-10-08T20:42:20.532529+00:00,UNO,"ST,82500,RRYY,C,0,0,000",6,1c9f717
2026-10-08T20:40:56.274661+00:00,2026-10-08T20:42:21.032004+00:00,UNO,"ST,83000,RRYY,C,0,0,000",6,1c9f717
2026-10-08T20:40:56.274661+00:00,2026-10-08T20:42:21.532059+00:00,UNO,"ST,83500,RRYY,C,0,0,000",6,1c9f717
2026-10-08T20:40:56.274661+00:00,2026-10-08T20:42:22.033120+00:00,UNO,"ST,84000,RRYY,C,0,0,000",6,1c9f717
2026-10-08T20:40:56.274661+00:00,2026-10-08T20:42:22.159145+00:00,UNO,"ST,84126,RRRR,C,0,0,000",6,1c9f717
2026-10-08T20:40:56.274661+00:00,2026-10-08T20:42:22.532741+00:00,UNO,"ST,84500,RRRR,C,0,0,000",6,1c9f717
2026-10-08T20:40:56.274661+00:00,2026-10-08T20:42:23.032699+00:00,UNO,"ST,85000,RRRR,C,0,0,000",6,1c9f717
2026-10-08T20:40:56.274661+00:00,2026-10-08T20:42:23.159508+00:00,UNO,"ST,85126,GGRR,C,0,0,000",6,1c9f717
2026-10-08T20:40:56.274661+00:00,2026-10-08T20:42:23.533749+00:00,UNO,"ST,85500,GGRR,C,0,0,000",6,1c9f717
2026-10-08T20:40:56.274661+00:00,2026-10-08T20:42:24.033360+00:00,UNO,"ST,86000,GGRR,C,0,0,000",6,1c9f717
2026-10-08T20:40:56.274661+00:00,2026-10-08T20:42:24.533428+00:00,UNO,"ST,86500,GGRR,C,0,0,000",6,1c9f717
2026-10-08T20:40:56.274661+00:00,2026-10-08T20:42:25.032905+00:00,UNO,"ST,87000,GGRR,C,0,0,000",6,1c9f717
2026-10-08T20:40:56.274661+00:00,2026-10-08T20:42:25.533966+00:00,UNO,"ST,87500,GGRR,C,0,0,000",6,1c9f717
2026-10-08T20:40:56.274661+00:00,2026-10-08T20:42:26.034040+00:00,UNO,"ST,88000,GGRR,C,0,0,000",6,1c9f717
2026-10-08T20:40:56.274661+00:00,2026-10-08T20:42:26.160151+00:00,UNO,"ST,88126,YYRR,C,0,0,000",6,1c9f717
2026-10-08T20:40:56.274661+00:00,2026-10-08T20:42:26.533640+00:00,UNO,"ST,88500,YYRR,C,0,0,000",6,1c9f717
2026-10-08T20:40:56.274661+00:00,2026-10-08T20:42:27.034696+00:00,UNO,"ST,89000,YYRR,C,0,0,000",6,1c9f717
2026-10-08T20:40:56.274661+00:00,2026-10-08T20:42:27.534556+00:00,UNO,"ST,89500,YYRR,C,0,0,000",6,1c9f717
2026-10-08T20:40:56.274661+00:00,2026-10-08T20:42:28.034254+00:00,UNO,"ST,90000,YYRR,C,0,0,000",6,1c9f717
2026-10-08T20:40:56.274661+00:00,2026-10-08T20:42:28.160279+00:00,UNO,"ST,90126,RRRR,C,0,0,000",6,1c9f717
2026-10-08T20:40:56.274661+00:00,2026-10-08T20:42:28.534288+00:00,UNO,"ST,90500,RRRR,C,0,0,000",6,1c9f717
2026-10-08T20:40:56.274661+00:00,2026-10-08T20:42:29.034963+00:00,UNO,"ST,91000,RRRR,C,0,0,000",6,1c9f717
2026-10-08T20:40:56.274661+00:00,2026-10-08T20:42:29.160976+00:00,UNO,"ST,91126,RRGG,C,0,0,000",6,1c9f717
2026-10-08T20:40:56.274661+00:00,2026-10-08T20:42:29.534973+00:00,UNO,"ST,91500,RRGG,C,0,0,000",6,1c9f717
2026-10-08T20:40:56.274661+00:00,2026-10-08T20:42:30.034629+00:00,UNO,"ST,92000,RRGG,C,0,0,000",6,1c9f717
2026-10-08T20:40:56.274661+00:00,2026-10-08T20:42:30.535527+00:00,UNO,"ST,92500,RRGG,C,0,0,000",6,1c9f717
2026-10-08T20:40:56.274661+00:00,2026-10-08T20:42:31.035589+00:00,UNO,"ST,93000,RRGG,C,0,0,000",6,1c9f717
2026-10-08T20:40:56.274661+00:00,2026-10-08T20:42:31.535195+00:00,UNO,"ST,93500,RRGG,C,0,0,000",6,1c9f717
2026-10-08T20:40:56.274661+00:00,2026-10-08T20:42:32.035277+00:00,UNO,"ST,94000,RRGG,C,0,0,000",6,1c9f717
2026-10-08T20:40:56.274661+00:00,2026-10-08T20:42:32.161288+00:00,UNO,"ST,94126,RRYY,C,0,0,000",6,1c9f717
2026-10-08T20:40:56.274661+00:00,2026-10-08T20:42:32.535876+00:00,UNO,"ST,94500,RRYY,C,0,0,000",6,1c9f717
2026-10-08T20:40:56.274661+00:00,2026-10-08T20:42:33.035818+00:00,UNO,"ST,95000,RRYY,C,0,0,000",6,1c9f717
2026-10-08T20:40:56.274661+00:00,2026-10-08T20:42:33.535868+00:00,UNO,"ST,95500,RRYY,C,0,0,000",6,1c9f717
2026-10-08T20:40:56.274661+00:00,2026-10-08T20:42:34.035510+00:00,UNO,"ST,96000,RRYY,C,0,0,000",6,1c9f717
2026-10-08T20:40:56.274661+00:00,2026-10-08T20:42:34.162966+00:00,UNO,"ST,96126,RRRR,C,0,0,000",6,1c9f717
2026-10-08T20:40:56.274661+00:00,2026-10-08T20:42:34.536563+00:00,UNO,"ST,96500,RRRR,C,0,0,000",6,1c9f717
2026-10-08T20:40:56.274661+00:00,2026-10-08T20:42:35.036607+00:00,UNO,"ST,97000,RRRR,C,0,0,000",6,1c9f717
2026-10-08T20:40:56.274661+00:00,2026-10-08T20:42:35.162763+00:00,UNO,"ST,97126,GGRR,C,0,0,000",6,1c9f717
2026-10-08T20:40:56.274661+00:00,2026-10-08T20:42:35.536240+00:00,UNO,"ST,97500,GGRR,C,0,0,000",6,1c9f717
2026-10-08T20:40:56.274661+00:00,2026-10-08T20:42:36.037165+00:00,UNO,"ST,98000,GGRR,C,0,0,000",6,1c9f717
2026-10-08T20:40:56.274661+00:00,2026-10-08T20:42:36.536765+00:00,UNO,"ST,98500,GGRR,C,0,0,000",6,1c9f717
2026-10-08T20:40:56.274661+00:00,2026-10-08T20:42:37.036828+00:00,UNO,"ST,99000,GGRR,C,0,0,000",6,1c9f717
2026-10-08T20:40:56.274661+00:00,2026-10-08T20:42:37.536495+00:00,UNO,"ST,99500,GGRR,C,0,0,000",6,1c9f717
2026-10-08T20:40:56.274661+00:00,2026-10-08T20:42:38.037522+00:00,UNO,"ST,100000,GGRR,C,0,0,000",6,1c9f717
2026-10-08T20:40:56.274661+00:00,2026-10-08T20:42:38.163727+00:00,UNO,"ST,100126,YYRR,C,0,0,000",6,1c9f717
2026-10-08T20:40:56.274661+00:00,2026-10-08T20:42:38.537551+00:00,UNO,"ST,100500,YYRR,C,0,0,000",6,1c9f717
2026-10-08T20:40:56.274661+00:00,2026-10-08T20:42:39.037617+00:00,UNO,"ST,101000,YYRR,C,0,0,000",6,1c9f717
2026-10-08T20:40:56.274661+00:00,2026-10-08T20:42:39.538102+00:00,UNO,"ST,101500,YYRR,C,0,0,000",6,1c9f717
2026-10-08T20:40:56.274661+00:00,2026-10-08T20:42:40.038160+00:00,UNO,"ST,102000,YYRR,C,0,0,000",6,1c9f717
2026-10-08T20:40:56.274661+00:00,2026-10-08T20:42:40.164170+00:00,UNO,"ST,102126,RRRR,C,0,0,000",6,1c9f717
2026-10-08T20:40:56.274661+00:00,2026-10-08T20:42:40.537785+00:00,UNO,"ST,102500,RRRR,C,0,0,000",6,1c9f717
2026-10-08T20:40:56.274661+00:00,2026-10-08T20:42:41.037856+00:00,UNO,"ST,103000,RRRR,C,0,0,000",6,1c9f717
2026-10-08T20:40:56.274661+00:00,2026-10-08T20:42:41.163860+00:00,UNO,"ST,103126,RRGG,C,0,0,000",6,1c9f717
2026-10-08T20:40:56.274661+00:00,2026-10-08T20:42:41.538903+00:00,UNO,"ST,103500,RRGG,C,0,0,000",6,1c9f717
2026-10-08T20:40:56.274661+00:00,2026-10-08T20:42:42.038385+00:00,UNO,"ST,104000,RRGG,C,0,0,000",6,1c9f717
2026-10-08T20:40:56.274661+00:00,2026-10-08T20:42:42.538432+00:00,UNO,"ST,104500,RRGG,C,0,0,000",6,1c9f717
2026-10-08T20:40:56.274661+00:00,2026-10-08T20:42:43.039082+00:00,UNO,"ST,105000,RRGG,C,0,0,000",6,1c9f717
2026-10-08T20:40:56.274661+00:00,2026-10-08T20:42:43.539128+00:00,UNO,"ST,105500,RRGG,C,0,0,000",6,1c9f717
2026-10-08T20:40:56.274661+00:00,2026-10-08T20:42:44.039183+00:00,UNO,"ST,106000,RRGG,C,0,0,000",6,1c9f717
2026-10-08T20:40:56.274661+00:00,2026-10-08T20:42:44.165474+00:00,UNO,"ST,106126,RRYY,C,0,0,000",6,1c9f717
2026-10-08T20:40:56.274661+00:00,2026-10-08T20:42:44.538643+00:00,UNO,"ST,106500,RRYY,C,0,0,000",6,1c9f717
2026-10-08T20:40:56.274661+00:00,2026-10-08T20:42:45.039722+00:00,UNO,"ST,107000,RRYY,C,0,0,000",6,1c9f717
2026-10-08T20:40:56.274661+00:00,2026-10-08T20:42:45.539784+00:00,UNO,"ST,107500,RRYY,C,0,0,000",6,1c9f717
2026-10-08T20:40:56.274661+00:00,2026-10-08T20:42:46.039447+00:00,UNO,"ST,108000,RRYY,C,0,0,000",6,1c9f717
2026-10-08T20:40:56.274661+00:00,2026-10-08T20:42:46.165478+00:00,UNO,"ST,108126,RRRR,C,0,0,000",6,1c9f717
2026-10-08T20:40:56.274661+00:00,2026-10-08T20:42:46.540499+00:00,UNO,"ST,108500,RRRR,C,0,0,000",6,1c9f717
2026-10-08T20:40:56.274661+00:00,2026-10-08T20:42:47.040528+00:00,UNO,"ST,109000,RRRR,C,0,0,000",6,1c9f717
2026-10-08T20:40:56.274661+00:00,2026-10-08T20:42:47.166532+00:00,UNO,"ST,109126,GGRR,C,0,0,000",6,1c9f717
2026-10-08T20:40:56.274661+00:00,2026-10-08T20:42:47.540029+00:00,UNO,"ST,109500,GGRR,C,0,0,000",6,1c9f717
2026-10-08T20:40:56.274661+00:00,2026-10-08T20:42:48.040077+00:00,UNO,"ST,110000,GGRR,C,0,0,000",6,1c9f717
2026-10-08T20:40:56.274661+00:00,2026-10-08T20:42:48.540690+00:00,UNO,"ST,110500,GGRR,C,0,0,000",6,1c9f717
2026-10-08T20:40:56.274661+00:00,2026-10-08T20:42:49.040760+00:00,UNO,"ST,111000,GGRR,C,0,0,000",6,1c9f717
2026-10-08T20:40:56.274661+00:00,2026-10-08T20:42:49.540808+00:00,UNO,"ST,111500,GGRR,C,0,0,000",6,1c9f717
2026-10-08T20:40:56.274661+00:00,2026-10-08T20:42:50.040307+00:00,UNO,"ST,112000,GGRR,C,0,0,000",6,1c9f717
2026-10-08T20:40:56.274661+00:00,2026-10-08T20:42:50.167298+00:00,UNO,"ST,112126,YYRR,C,0,0,000",6,1c9f717
2026-10-08T20:40:56.274661+00:00,2026-10-08T20:42:50.541329+00:00,UNO,"ST,112500,YYRR,C,0,0,000",6,1c9f717
2026-10-08T20:40:56.274661+00:00,2026-10-08T20:42:51.040986+00:00,UNO,"ST,113000,YYRR,C,0,0,000",6,1c9f717
2026-10-08T20:40:56.274661+00:00,2026-10-08T20:42:51.541043+00:00,UNO,"ST,113500,YYRR,C,0,0,000",6,1c9f717
2026-10-08T20:40:56.274661+00:00,2026-10-08T20:42:52.042084+00:00,UNO,"ST,114000,YYRR,C,0,0,000",6,1c9f717
2026-10-08T20:40:56.274661+00:00,2026-10-08T20:42:52.168103+00:00,UNO,"ST,114126,RRRR,C,0,0,000",6,1c9f717
2026-10-08T20:40:56.274661+00:00,2026-10-08T20:42:52.541561+00:00,UNO,"ST,114500,RRRR,C,0,0,000",6,1c9f717
2026-10-08T20:40:56.274661+00:00,2026-10-08T20:42:53.041623+00:00,UNO,"ST,115000,RRRR,C,0,0,000",6,1c9f717
2026-10-08T20:40:56.274661+00:00,2026-10-08T20:42:53.167638+00:00,UNO,"ST,115126,RRGG,C,0,0,000",6,1c9f717
2026-10-08T20:40:56.274661+00:00,2026-10-08T20:42:53.541240+00:00,UNO,"ST,115500,RRGG,C,0,0,000",6,1c9f717
2026-10-08T20:40:56.274661+00:00,2026-10-08T20:42:54.042310+00:00,UNO,"ST,116000,RRGG,C,0,0,000",6,1c9f717
2026-10-08T20:40:56.274661+00:00,2026-10-08T20:42:54.541810+00:00,UNO,"ST,116500,RRGG,C,0,0,000",6,1c9f717
2026-10-08T20:40:56.274661+00:00,2026-10-08T20:42:55.041871+00:00,UNO,"ST,117000,RRGG,C,0,0,000",6,1c9f717
2026-10-08T20:40:56.274661+00:00,2026-10-08T20:42:55.542926+00:00,UNO,"ST,117500,RRGG,C,0,0,000",6,1c9f717
2026-10-08T20:40:56.274661+00:00,2026-10-08T20:42:56.042554+00:00,UNO,"ST,118000,RRGG,C,0,0,000",6,1c9f717
2026-10-08T20:40:56.274661+00:00,2026-10-08T20:42:56.168557+00:00,UNO,"ST,118126,RRYY,C,0,0,000",6,1c9f717
2026-10-08T20:40:56.274661+00:00,2026-10-08T20:42:56.542453+00:00,UNO,"ST,118500,RRYY,C,0,0,000",6,1c9f717
2026-10-08T20:40:56.274661+00:00,2026-10-08T20:42:57.042536+00:00,UNO,"ST,119000,RRYY,C,0,0,000",6,1c9f717
2026-10-08T20:40:56.274661+00:00,2026-10-08T20:42:57.543255+00:00,UNO,"ST,119500,RRYY,C,0,0,000",6,1c9f717
2026-10-08T20:40:56.274661+00:00,2026-10-08T20:42:58.043195+00:00,UNO,"ST,120000,RRYY,C,0,0,000",6,1c9f717
2026-10-08T20:40:56.274661+00:00,2026-10-08T20:42:58.169218+00:00,UNO,"ST,120126,RRRR,C,0,0,000",6,1c9f717
2026-10-08T20:40:56.274661+00:00,2026-10-08T20:42:58.543244+00:00,UNO,"ST,120500,RRRR,C,0,0,000",6,1c9f717
2026-10-08T20:40:56.274661+00:00,2026-10-08T20:42:59.043754+00:00,UNO,"ST,121000,RRRR,C,0,0,000",6,1c9f717
2026-10-08T20:40:56.274661+00:00,2026-10-08T20:42:59.169772+00:00,UNO,"ST,121126,GGRR,C,0,0,000",6,1c9f717
2026-10-08T20:40:56.274661+00:00,2026-10-08T20:42:59.543859+00:00,UNO,"ST,121500,GGRR,C,0,0,000",6,1c9f717
2026-10-08T20:40:56.274661+00:00,2026-10-08T20:43:00.043434+00:00,UNO,"ST,122000,GGRR,C,0,0,000",6,1c9f717
2026-10-08T20:40:56.274661+00:00,2026-10-08T20:43:00.543483+00:00,UNO,"ST,122500,GGRR,C,0,0,000",6,1c9f717
2026-10-08T20:40:56.274661+00:00,2026-10-08T20:43:01.044123+00:00,UNO,"ST,123000,GGRR,C,0,0,000",6,1c9f717
2026-10-08T20:40:56.274661+00:00,2026-10-08T20:43:01.544047+00:00,UNO,"ST,123500,GGRR,C,0,0,000",6,1c9f717
2026-10-08T20:40:56.274661+00:00,2026-10-08T20:43:02.044093+00:00,UNO,"ST,124000,GGRR,C,0,0,000",6,1c9f717
2026-10-08T20:40:56.274661+00:00,2026-10-08T20:43:02.170102+00:00,UNO,"ST,124126,YYRR,C,0,0,000",6,1c9f717
2026-10-08T20:40:56.274661+00:00,2026-10-08T20:43:02.544691+00:00,UNO,"ST,124500,YYRR,C,0,0,000",6,1c9f717
2026-10-08T20:40:56.274661+00:00,2026-10-08T20:43:03.044768+00:00,UNO,"ST,125000,YYRR,C,0,0,000",6,1c9f717
2026-10-08T20:40:56.274661+00:00,2026-10-08T20:43:03.544395+00:00,UNO,"ST,125500,YYRR,C,0,0,000",6,1c9f717
2026-10-08T20:40:56.274661+00:00,2026-10-08T20:43:04.044331+00:00,UNO,"ST,126000,YYRR,C,0,0,000",6,1c9f717
2026-10-08T20:40:56.274661+00:00,2026-10-08T20:43:04.170330+00:00,UNO,"ST,126126,RRRR,C,0,0,000",6,1c9f717
2026-10-08T20:40:56.274661+00:00,2026-10-08T20:43:04.545354+00:00,UNO,"ST,126500,RRRR,C,0,0,000",6,1c9f717
2026-10-08T20:40:56.274661+00:00,2026-10-08T20:43:05.044992+00:00,UNO,"ST,127000,RRRR,C,0,0,000",6,1c9f717
2026-10-08T20:40:56.274661+00:00,2026-10-08T20:43:05.171003+00:00,UNO,"ST,127126,RRGG,C,0,0,000",6,1c9f717
2026-10-08T20:40:56.274661+00:00,2026-10-08T20:43:05.545069+00:00,UNO,"ST,127500,RRGG,C,0,0,000",6,1c9f717
2026-10-08T20:40:56.274661+00:00,2026-10-08T20:43:06.044681+00:00,UNO,"ST,128000,RRGG,C,0,0,000",6,1c9f717
2026-10-08T20:40:56.274661+00:00,2026-10-08T20:43:06.545583+00:00,UNO,"ST,128500,RRGG,C,0,0,000",6,1c9f717
2026-10-08T20:40:56.274661+00:00,2026-10-08T20:43:07.045650+00:00,UNO,"ST,129000,RRGG,C,0,0,000",6,1c9f717
2026-10-08T20:40:56.274661+00:00,2026-10-08T20:43:07.545727+00:00,UNO,"ST,129500,RRGG,C,0,0,000",6,1c9f717
2026-10-08T20:40:56.274661+00:00,2026-10-08T20:43:08.046325+00:00,UNO,"ST,130000,RRGG,C,0,0,000",6,1c9f717
2026-10-08T20:40:56.274661+00:00,2026-10-08T20:43:08.172331+00:00,UNO,"ST,130126,RRYY,C,0,0,000",6,1c9f717
2026-10-08T20:40:56.274661+00:00,2026-10-08T20:43:08.546377+00:00,UNO,"ST,130500,RRYY,C,0,0,000",6,1c9f717
2026-10-08T20:40:56.274661+00:00,2026-10-08T20:43:09.046013+00:00,UNO,"ST,131000,RRYY,C,0,0,000",6,1c9f717
2026-10-08T20:40:56.274661+00:00,2026-10-08T20:43:09.545934+00:00,UNO,"ST,131500,RRYY,C,0,0,000",6,1c9f717
2026-10-08T20:40:56.274661+00:00,2026-10-08T20:43:10.046557+00:00,UNO,"ST,132000,RRYY,C,0,0,000",6,1c9f717
2026-10-08T20:40:56.274661+00:00,2026-10-08T20:43:10.172995+00:00,UNO,"ST,132126,RRRR,C,0,0,000",6,1c9f717
2026-10-08T20:40:56.274661+00:00,2026-10-08T20:43:10.546599+00:00,UNO,"ST,132500,RRRR,C,0,0,000",6,1c9f717
2026-10-08T20:40:56.274661+00:00,2026-10-08T20:43:11.046662+00:00,UNO,"ST,133000,RRRR,C,0,0,000",6,1c9f717
2026-10-08T20:40:56.274661+00:00,2026-10-08T20:43:11.172675+00:00,UNO,"ST,133126,GGRR,C,0,0,000",6,1c9f717
2026-10-08T20:40:56.274661+00:00,2026-10-08T20:43:11.547150+00:00,UNO,"ST,133500,GGRR,C,0,0,000",6,1c9f717
2026-10-08T20:40:56.274661+00:00,2026-10-08T20:43:12.047221+00:00,UNO,"ST,134000,GGRR,C,0,0,000",6,1c9f717
2026-10-08T20:40:56.274661+00:00,2026-10-08T20:43:12.547290+00:00,UNO,"ST,134500,GGRR,C,0,0,000",6,1c9f717
2026-10-08T20:40:56.274661+00:00,2026-10-08T20:43:13.046902+00:00,UNO,"ST,135000,GGRR,C,0,0,000",6,1c9f717
2026-10-08T20:40:56.274661+00:00,2026-10-08T20:43:13.547969+00:00,UNO,"ST,135500,GGRR,C,0,0,000",6,1c9f717
2026-10-08T20:40:56.274661+00:00,2026-10-08T20:43:14.047597+00:00,UNO,"ST,136000,GGRR,C,0,0,000",6,1c9f717
2026-10-08T20:40:56.274661+00:00,2026-10-08T20:43:14.173600+00:00,UNO,"ST,136126,YYRR,C,0,0,000",6,1c9f717
2026-10-08T20:40:56.274661+00:00,2026-10-08T20:43:14.547500+00:00,UNO,"ST,136500,YYRR,C,0,0,000",6,1c9f717
2026-10-08T20:40:56.274661+00:00,2026-10-08T20:43:15.048554+00:00,UNO,"ST,137000,YYRR,C,0,0,000",6,1c9f717
2026-10-08T20:40:56.274661+00:00,2026-10-08T20:43:15.548188+00:00,UNO,"ST,137500,YYRR,C,0,0,000",6,1c9f717
2026-10-08T20:40:56.274661+00:00,2026-10-08T20:43:16.048251+00:00,UNO,"ST,138000,YYRR,C,0,0,000",6,1c9f717
2026-10-08T20:40:56.274661+00:00,2026-10-08T20:43:16.174268+00:00,UNO,"ST,138126,RRRR,C,0,0,000",6,1c9f717
2026-10-08T20:40:56.274661+00:00,2026-10-08T20:43:16.547749+00:00,UNO,"ST,138500,RRRR,C,0,0,000",6,1c9f717
2026-10-08T20:40:56.274661+00:00,2026-10-08T20:43:17.048795+00:00,UNO,"ST,139000,RRRR,C,0,0,000",6,1c9f717
2026-10-08T20:40:56.274661+00:00,2026-10-08T20:43:17.174790+00:00,UNO,"ST,139126,RRGG,C,0,0,000",6,1c9f717
2026-10-08T20:40:56.274661+00:00,2026-10-08T20:43:17.548838+00:00,UNO,"ST,139500,RRGG,C,0,0,000",6,1c9f717
2026-10-08T20:40:56.274661+00:00,2026-10-08T20:43:18.048462+00:00,UNO,"ST,140000,RRGG,C,0,0,000",6,1c9f717
2026-10-08T20:40:56.274661+00:00,2026-10-08T20:43:18.549526+00:00,UNO,"ST,140500,RRGG,C,0,0,000",6,1c9f717
2026-10-08T20:40:56.274661+00:00,2026-10-08T20:43:18.670289+00:00,PONTE,"AUT,AMBULANCIA,2",0,1c9f717
2026-10-08T20:40:56.274661+00:00,2026-10-08T20:43:18.671152+00:00,PONTE,"AUT,BOMBEIRO,1",0,1c9f717
2026-10-08T20:40:56.274661+00:00,2026-10-08T20:43:18.671818+00:00,PONTE,"AUT,POLICIA,0",0,1c9f717
2026-10-08T20:40:56.274661+00:00,2026-10-08T20:43:18.709521+00:00,UNO,"ST,140647,RRGG,C,0,0,200",13,1c9f717
2026-10-08T20:40:56.274661+00:00,2026-10-08T20:43:18.719530+00:00,UNO,"ST,140662,RRGG,C,0,0,210",1,1c9f717
2026-10-08T20:40:56.274661+00:00,2026-10-08T20:43:19.049142+00:00,UNO,"ST,141000,RRGG,C,0,0,210",6,1c9f717
2026-10-08T20:40:56.274661+00:00,2026-10-08T20:43:19.549076+00:00,UNO,"ST,141500,RRGG,C,0,0,210",6,1c9f717
2026-10-08T20:40:56.274661+00:00,2026-10-08T20:43:20.049132+00:00,UNO,"ST,142000,RRGG,C,0,0,210",6,1c9f717
2026-10-08T20:40:56.274661+00:00,2026-10-08T20:43:20.175139+00:00,UNO,"ST,142126,RRYY,C,0,0,210",6,1c9f717
2026-10-08T20:40:56.274661+00:00,2026-10-08T20:43:20.549727+00:00,UNO,"ST,142500,RRYY,C,0,0,210",6,1c9f717
2026-10-08T20:40:56.274661+00:00,2026-10-08T20:43:21.049861+00:00,UNO,"ST,143000,RRYY,C,0,0,210",6,1c9f717
2026-10-08T20:40:56.274661+00:00,2026-10-08T20:43:21.549837+00:00,UNO,"ST,143500,RRYY,C,0,0,210",6,1c9f717
2026-10-08T20:40:56.274661+00:00,2026-10-08T20:43:22.049344+00:00,UNO,"ST,144000,RRYY,C,0,0,210",6,1c9f717
2026-10-08T20:40:56.274661+00:00,2026-10-08T20:43:22.176480+00:00,UNO,"ST,144126,RRRR,C,0,0,210",6,1c9f717
2026-10-08T20:40:56.274661+00:00,2026-10-08T20:43:22.550398+00:00,UNO,"ST,144500,RRRR,C,0,0,210",6,1c9f717
2026-10-08T20:40:56.274661+00:00,2026-10-08T20:43:23.050013+00:00,UNO,"ST,145000,RRRR,C,0,0,210",6,1c9f717
2026-10-08T20:40:56.274661+00:00,2026-10-08T20:43:23.176491+00:00,UNO,"ST,145126,GGRR,C,0,0,210",6,1c9f717
2026-10-08T20:40:56.274661+00:00,2026-10-08T20:43:23.550066+00:00,UNO,"ST,145500,GGRR,C,0,0,210",6,1c9f717
2026-10-08T20:40:56.274661+00:00,2026-10-08T20:43:24.051186+00:00,UNO,"ST,146000,GGRR,C,0,0,210",6,1c9f717
2026-10-08T20:40:56.274661+00:00,2026-10-08T20:43:24.550623+00:00,UNO,"ST,146500,GGRR,C,0,0,210",6,1c9f717
2026-10-08T20:40:56.274661+00:00,2026-10-08T20:43:25.050684+00:00,UNO,"ST,147000,GGRR,C,0,0,210",6,1c9f717
2026-10-08T20:40:56.274661+00:00,2026-10-08T20:43:25.550752+00:00,UNO,"ST,147500,GGRR,C,0,0,210",6,1c9f717
2026-10-08T20:40:56.274661+00:00,2026-10-08T20:43:26.051366+00:00,UNO,"ST,148000,GGRR,C,0,0,210",6,1c9f717
2026-10-08T20:40:56.274661+00:00,2026-10-08T20:43:26.177367+00:00,UNO,"ST,148126,YYRR,C,0,0,210",6,1c9f717
2026-10-08T20:40:56.274661+00:00,2026-10-08T20:43:26.551410+00:00,UNO,"ST,148500,YYRR,C,0,0,210",6,1c9f717
2026-10-08T20:40:56.274661+00:00,2026-10-08T20:43:27.050911+00:00,UNO,"ST,149000,YYRR,C,0,0,210",6,1c9f717
2026-10-08T20:40:56.274661+00:00,2026-10-08T20:43:27.551981+00:00,UNO,"ST,149500,YYRR,C,0,0,210",6,1c9f717
2026-10-08T20:40:56.274661+00:00,2026-10-08T20:43:28.051589+00:00,UNO,"ST,150000,YYRR,C,0,0,210",6,1c9f717
2026-10-08T20:40:56.274661+00:00,2026-10-08T20:43:28.178051+00:00,UNO,"ST,150126,RRRR,C,0,0,210",6,1c9f717
2026-10-08T20:40:56.274661+00:00,2026-10-08T20:43:28.551637+00:00,UNO,"ST,150500,RRRR,C,0,0,210",6,1c9f717
2026-10-08T20:40:56.274661+00:00,2026-10-08T20:43:29.051708+00:00,UNO,"ST,151000,RRRR,C,0,0,210",6,1c9f717
2026-10-08T20:40:56.274661+00:00,2026-10-08T20:43:29.174128+00:00,PONTE,"AUT,AMBULANCIA,0",0,1c9f717
2026-10-08T20:40:56.274661+00:00,2026-10-08T20:43:29.175020+00:00,PONTE,"AUT,BOMBEIRO,0",0,1c9f717
2026-10-08T20:40:56.274661+00:00,2026-10-08T20:43:29.175624+00:00,PONTE,"AUT,POLICIA,0",0,1c9f717
2026-10-08T20:40:56.274661+00:00,2026-10-08T20:43:29.183147+00:00,UNO,"ST,151126,RRGG,C,0,0,210",6,1c9f717
2026-10-08T20:40:56.274661+00:00,2026-10-08T20:43:29.214748+00:00,UNO,"ST,151148,RRGG,C,0,0,010",15,1c9f717
2026-10-08T20:40:56.274661+00:00,2026-10-08T20:43:29.229640+00:00,UNO,"ST,151163,RRGG,C,0,0,000",3,1c9f717
2026-10-08T20:40:56.274661+00:00,2026-10-08T20:43:29.552190+00:00,UNO,"ST,151500,RRGG,C,0,0,000",6,1c9f717
2026-10-08T20:40:56.274661+00:00,2026-10-08T20:43:30.052237+00:00,UNO,"ST,152000,RRGG,C,0,0,000",6,1c9f717
2026-10-08T20:40:56.274661+00:00,2026-10-08T20:43:30.552300+00:00,UNO,"ST,152500,RRGG,C,0,0,000",6,1c9f717
2026-10-08T20:40:56.274661+00:00,2026-10-08T20:43:31.052927+00:00,UNO,"ST,153000,RRGG,C,0,0,000",6,1c9f717
2026-10-08T20:40:56.274661+00:00,2026-10-08T20:43:31.552983+00:00,UNO,"ST,153500,RRGG,C,0,0,000",6,1c9f717
2026-10-08T20:40:56.274661+00:00,2026-10-08T20:43:32.052462+00:00,UNO,"ST,154000,RRGG,C,0,0,000",6,1c9f717
2026-10-08T20:40:56.274661+00:00,2026-10-08T20:43:32.178504+00:00,UNO,"ST,154126,RRYY,C,0,0,000",6,1c9f717
2026-10-08T20:40:56.274661+00:00,2026-10-08T20:43:32.552521+00:00,UNO,"ST,154500,RRYY,C,0,0,000",6,1c9f717
2026-10-08T20:40:56.274661+00:00,2026-10-08T20:43:33.053594+00:00,UNO,"ST,155000,RRYY,C,0,0,000",6,1c9f717
2026-10-08T20:40:56.274661+00:00,2026-10-08T20:43:33.553181+00:00,UNO,"ST,155500,RRYY,C,0,0,000",6,1c9f717
2026-10-08T20:40:56.274661+00:00,2026-10-08T20:43:34.053269+00:00,UNO,"ST,156000,RRYY,C,0,0,000",6,1c9f717
2026-10-08T20:40:56.274661+00:00,2026-10-08T20:43:34.179265+00:00,UNO,"ST,156126,RRRR,C,0,0,000",6,1c9f717
2026-10-08T20:40:56.274661+00:00,2026-10-08T20:43:34.553900+00:00,UNO,"ST,156500,RRRR,C,0,0,000",6,1c9f717
2026-10-08T20:40:56.274661+00:00,2026-10-08T20:43:35.054212+00:00,UNO,"ST,157000,RRRR,C,0,0,000",6,1c9f717
2026-10-08T20:40:56.274661+00:00,2026-10-08T20:43:35.179829+00:00,UNO,"ST,157126,GGRR,C,0,0,000",6,1c9f717
2026-10-08T20:40:56.274661+00:00,2026-10-08T20:43:35.553862+00:00,UNO,"ST,157500,GGRR,C,0,0,000",6,1c9f717
2026-10-08T20:40:56.274661+00:00,2026-10-08T20:43:36.053499+00:00,UNO,"ST,158000,GGRR,C,0,0,000",6,1c9f717
2026-10-08T20:40:56.274661+00:00,2026-10-08T20:43:36.554546+00:00,UNO,"ST,158500,GGRR,C,0,0,000",6,1c9f717
2026-10-08T20:40:56.274661+00:00,2026-10-08T20:43:37.054187+00:00,UNO,"ST,159000,GGRR,C,0,0,000",6,1c9f717
2026-10-08T20:40:56.274661+00:00,2026-10-08T20:43:37.554276+00:00,UNO,"ST,159500,GGRR,C,0,0,000",6,1c9f717
2026-10-08T20:40:56.274661+00:00,2026-10-08T20:43:38.054286+00:00,UNO,"ST,160000,GGRR,C,0,0,000",6,1c9f717
2026-10-08T20:40:56.274661+00:00,2026-10-08T20:43:38.181296+00:00,UNO,"ST,160126,YYRR,C,0,0,000",6,1c9f717
2026-10-08T20:40:56.274661+00:00,2026-10-08T20:43:38.554751+00:00,UNO,"ST,160500,YYRR,C,0,0,000",6,1c9f717
2026-10-08T20:40:56.274661+00:00,2026-10-08T20:43:39.054815+00:00,UNO,"ST,161000,YYRR,C,0,0,000",6,1c9f717
2026-10-08T20:40:56.274661+00:00,2026-10-08T20:43:39.554446+00:00,UNO,"ST,161500,YYRR,C,0,0,000",6,1c9f717
2026-10-08T20:40:56.274661+00:00,2026-10-08T20:43:40.055520+00:00,UNO,"ST,162000,YYRR,C,0,0,000",6,1c9f717
2026-10-08T20:40:56.274661+00:00,2026-10-08T20:43:40.181532+00:00,UNO,"ST,162126,RRRR,C,0,0,000",6,1c9f717
2026-10-08T20:40:56.274661+00:00,2026-10-08T20:43:40.555565+00:00,UNO,"ST,162500,RRRR,C,0,0,000",6,1c9f717
2026-10-08T20:40:56.274661+00:00,2026-10-08T20:43:41.055030+00:00,UNO,"ST,163000,RRRR,C,0,0,000",6,1c9f717
2026-10-08T20:40:56.274661+00:00,2026-10-08T20:43:41.181052+00:00,UNO,"ST,163126,RRGG,C,0,0,000",6,1c9f717
2026-10-08T20:40:56.274661+00:00,2026-10-08T20:43:41.555087+00:00,UNO,"ST,163500,RRGG,C,0,0,000",6,1c9f717
2026-10-08T20:40:56.274661+00:00,2026-10-08T20:43:42.056146+00:00,UNO,"ST,164000,RRGG,C,0,0,000",6,1c9f717
2026-10-08T20:40:56.274661+00:00,2026-10-08T20:43:42.555820+00:00,UNO,"ST,164500,RRGG,C,0,0,000",6,1c9f717
2026-10-08T20:40:56.274661+00:00,2026-10-08T20:43:43.055837+00:00,UNO,"ST,165000,RRGG,C,0,0,000",6,1c9f717
2026-10-08T20:40:56.274661+00:00,2026-10-08T20:43:43.556307+00:00,UNO,"ST,165500,RRGG,C,0,0,000",6,1c9f717
2026-10-08T20:40:56.274661+00:00,2026-10-08T20:43:44.056401+00:00,UNO,"ST,166000,RRGG,C,0,0,000",6,1c9f717
2026-10-08T20:40:56.274661+00:00,2026-10-08T20:43:44.182483+00:00,UNO,"ST,166126,RRYY,C,0,0,000",6,1c9f717
2026-10-08T20:40:56.274661+00:00,2026-10-08T20:43:44.556023+00:00,UNO,"ST,166500,RRYY,C,0,0,000",6,1c9f717
2026-10-08T20:40:56.274661+00:00,2026-10-08T20:43:45.056068+00:00,UNO,"ST,167000,RRYY,C,0,0,000",6,1c9f717
2026-10-08T20:40:56.274661+00:00,2026-10-08T20:43:45.557144+00:00,UNO,"ST,167500,RRYY,C,0,0,000",6,1c9f717
2026-10-08T20:40:56.274661+00:00,2026-10-08T20:43:46.057268+00:00,UNO,"ST,168000,RRYY,C,0,0,000",6,1c9f717
2026-10-08T20:40:56.274661+00:00,2026-10-08T20:43:46.183223+00:00,UNO,"ST,168126,RRRR,C,0,0,000",6,1c9f717
2026-10-08T20:40:56.274661+00:00,2026-10-08T20:43:46.556640+00:00,UNO,"ST,168500,RRRR,C,0,0,000",6,1c9f717
2026-10-08T20:40:56.274661+00:00,2026-10-08T20:43:47.057698+00:00,UNO,"ST,169000,RRRR,C,0,0,000",6,1c9f717
2026-10-08T20:40:56.274661+00:00,2026-10-08T20:43:47.183715+00:00,UNO,"ST,169126,GGRR,C,0,0,000",6,1c9f717
2026-10-08T20:40:56.274661+00:00,2026-10-08T20:43:47.557442+00:00,UNO,"ST,169500,GGRR,C,0,0,000",6,1c9f717
2026-10-08T20:40:56.274661+00:00,2026-10-08T20:43:48.057410+00:00,UNO,"ST,170000,GGRR,C,0,0,000",6,1c9f717
2026-10-08T20:40:56.274661+00:00,2026-10-08T20:43:48.557568+00:00,UNO,"ST,170500,GGRR,C,0,0,000",6,1c9f717
2026-10-08T20:40:56.274661+00:00,2026-10-08T20:43:49.057946+00:00,UNO,"ST,171000,GGRR,C,0,0,000",6,1c9f717
2026-10-08T20:40:56.274661+00:00,2026-10-08T20:43:49.557987+00:00,UNO,"ST,171500,GGRR,C,0,0,000",6,1c9f717
2026-10-08T20:40:56.274661+00:00,2026-10-08T20:43:50.057711+00:00,UNO,"ST,172000,GGRR,C,0,0,000",6,1c9f717
2026-10-08T20:40:56.274661+00:00,2026-10-08T20:43:50.183657+00:00,UNO,"ST,172126,YYRR,C,0,0,000",6,1c9f717
2026-10-08T20:40:56.274661+00:00,2026-10-08T20:43:50.558672+00:00,UNO,"ST,172500,YYRR,C,0,0,000",6,1c9f717
2026-10-08T20:40:56.274661+00:00,2026-10-08T20:43:51.058156+00:00,UNO,"ST,173000,YYRR,C,0,0,000",6,1c9f717
2026-10-08T20:40:56.274661+00:00,2026-10-08T20:43:51.558205+00:00,UNO,"ST,173500,YYRR,C,0,0,000",6,1c9f717
2026-10-08T20:40:56.274661+00:00,2026-10-08T20:43:52.057855+00:00,UNO,"ST,174000,YYRR,C,0,0,000",6,1c9f717
2026-10-08T20:40:56.274661+00:00,2026-10-08T20:43:52.184419+00:00,UNO,"ST,174126,RRRR,C,0,0,000",6,1c9f717
2026-10-08T20:40:56.274661+00:00,2026-10-08T20:43:52.558911+00:00,UNO,"ST,174500,RRRR,C,0,0,000",6,1c9f717
2026-10-08T20:40:56.274661+00:00,2026-10-08T20:43:53.058851+00:00,UNO,"ST,175000,RRRR,C,0,0,000",6,1c9f717
2026-10-08T20:40:56.274661+00:00,2026-10-08T20:43:53.184861+00:00,UNO,"ST,175126,RRGG,C,0,0,000",6,1c9f717
2026-10-08T20:40:56.274661+00:00,2026-10-08T20:43:53.558925+00:00,UNO,"ST,175500,RRGG,C,0,0,000",6,1c9f717
2026-10-08T20:40:56.274661+00:00,2026-10-08T20:43:54.058557+00:00,UNO,"ST,176000,RRGG,C,0,0,000",6,1c9f717
2026-10-08T20:40:56.274661+00:00,2026-10-08T20:43:54.559596+00:00,UNO,"ST,176500,RRGG,C,0,0,000",6,1c9f717
2026-10-08T20:40:56.274661+00:00,2026-10-08T20:43:55.059246+00:00,UNO,"ST,177000,RRGG,C,0,0,000",6,1c9f717
2026-10-08T20:40:56.274661+00:00,2026-10-08T20:43:55.559174+00:00,UNO,"ST,177500,RRGG,C,0,0,000",6,1c9f717
2026-10-08T20:40:56.274661+00:00,2026-10-08T20:43:56.060226+00:00,UNO,"ST,178000,RRGG,C,0,0,000",6,1c9f717
2026-10-08T20:40:56.274661+00:00,2026-10-08T20:43:56.186225+00:00,UNO,"ST,178126,RRYY,C,0,0,000",6,1c9f717
2026-10-08T20:40:56.274661+00:00,2026-10-08T20:43:56.559954+00:00,UNO,"ST,178500,RRYY,C,0,0,000",6,1c9f717
2026-10-08T20:40:56.274661+00:00,2026-10-08T20:43:57.059863+00:00,UNO,"ST,179000,RRYY,C,0,0,000",6,1c9f717
2026-10-08T20:40:56.274661+00:00,2026-10-08T20:43:57.560053+00:00,UNO,"ST,179500,RRYY,C,0,0,000",6,1c9f717
2026-10-08T20:40:56.274661+00:00,2026-10-08T20:43:58.060456+00:00,UNO,"ST,180000,RRYY,C,0,0,000",6,1c9f717
2026-10-08T20:40:56.274661+00:00,2026-10-08T20:43:58.186563+00:00,UNO,"ST,180126,RRRR,C,0,0,000",6,1c9f717
2026-10-08T20:40:56.274661+00:00,2026-10-08T20:43:58.560638+00:00,UNO,"ST,180500,RRRR,C,0,0,000",6,1c9f717
2026-10-08T20:40:56.274661+00:00,2026-10-08T20:43:59.060142+00:00,UNO,"ST,181000,RRRR,C,0,0,000",6,1c9f717
2026-10-08T20:40:56.274661+00:00,2026-10-08T20:43:59.186545+00:00,UNO,"ST,181126,GGRR,C,0,0,000",6,1c9f717
2026-10-08T20:40:56.274661+00:00,2026-10-08T20:43:59.561143+00:00,UNO,"ST,181500,GGRR,C,0,0,000",6,1c9f717
2026-10-08T20:40:56.274661+00:00,2026-10-08T20:44:00.060758+00:00,UNO,"ST,182000,GGRR,C,0,0,000",6,1c9f717
2026-10-08T20:40:56.274661+00:00,2026-10-08T20:44:00.560701+00:00,UNO,"ST,182500,GGRR,C,0,0,000",6,1c9f717
2026-10-08T20:40:56.274661+00:00,2026-10-08T20:44:01.060756+00:00,UNO,"ST,183000,GGRR,C,0,0,000",6,1c9f717
2026-10-08T20:40:56.274661+00:00,2026-10-08T20:44:01.561347+00:00,UNO,"ST,183500,GGRR,C,0,0,000",6,1c9f717
2026-10-08T20:40:56.274661+00:00,2026-10-08T20:44:02.061428+00:00,UNO,"ST,184000,GGRR,C,0,0,000",6,1c9f717
2026-10-08T20:40:56.274661+00:00,2026-10-08T20:44:02.187446+00:00,UNO,"ST,184126,YYRR,C,0,0,000",6,1c9f717
2026-10-08T20:40:56.274661+00:00,2026-10-08T20:44:02.561491+00:00,UNO,"ST,184500,YYRR,C,0,0,000",6,1c9f717
2026-10-08T20:40:56.274661+00:00,2026-10-08T20:44:03.061979+00:00,UNO,"ST,185000,YYRR,C,0,0,000",6,1c9f717
2026-10-08T20:40:56.274661+00:00,2026-10-08T20:44:03.562009+00:00,UNO,"ST,185500,YYRR,C,0,0,000",6,1c9f717
2026-10-08T20:40:56.274661+00:00,2026-10-08T20:44:04.061629+00:00,UNO,"ST,186000,YYRR,C,0,0,000",6,1c9f717
2026-10-08T20:40:56.274661+00:00,2026-10-08T20:44:04.188108+00:00,UNO,"ST,186126,RRRR,C,0,0,000",6,1c9f717
2026-10-08T20:40:56.274661+00:00,2026-10-08T20:44:04.561712+00:00,UNO,"ST,186500,RRRR,C,0,0,000",6,1c9f717
2026-10-08T20:40:56.274661+00:00,2026-10-08T20:44:05.062339+00:00,UNO,"ST,187000,RRRR,C,0,0,000",6,1c9f717
2026-10-08T20:40:56.274661+00:00,2026-10-08T20:44:05.188882+00:00,UNO,"ST,187126,RRGG,C,0,0,000",6,1c9f717
2026-10-08T20:40:56.274661+00:00,2026-10-08T20:44:05.562250+00:00,UNO,"ST,187500,RRGG,C,0,0,000",6,1c9f717
2026-10-08T20:40:56.274661+00:00,2026-10-08T20:44:06.062401+00:00,UNO,"ST,188000,RRGG,C,0,0,000",6,1c9f717
2026-10-08T20:40:56.274661+00:00,2026-10-08T20:44:06.563366+00:00,UNO,"ST,188500,RRGG,C,0,0,000",6,1c9f717
2026-10-08T20:40:56.274661+00:00,2026-10-08T20:44:07.063001+00:00,UNO,"ST,189000,RRGG,C,0,0,000",6,1c9f717
2026-10-08T20:40:56.274661+00:00,2026-10-08T20:44:07.563076+00:00,UNO,"ST,189500,RRGG,C,0,0,000",6,1c9f717
2026-10-08T20:40:56.274661+00:00,2026-10-08T20:44:08.062663+00:00,UNO,"ST,190000,RRGG,C,0,0,000",6,1c9f717
2026-10-08T20:40:56.274661+00:00,2026-10-08T20:44:08.188685+00:00,UNO,"ST,190126,RRYY,C,0,0,000",6,1c9f717
2026-10-08T20:40:56.274661+00:00,2026-10-08T20:44:08.563591+00:00,UNO,"ST,190500,RRYY,C,0,0,000",6,1c9f717
2026-10-08T20:40:56.274661+00:00,2026-10-08T20:44:09.063682+00:00,UNO,"ST,191000,RRYY,C,0,0,000",6,1c9f717
2026-10-08T20:40:56.274661+00:00,2026-10-08T20:44:09.563326+00:00,UNO,"ST,191500,RRYY,C,0,0,000",6,1c9f717
2026-10-08T20:40:56.274661+00:00,2026-10-08T20:44:10.063336+00:00,UNO,"ST,192000,RRYY,C,0,0,000",6,1c9f717
2026-10-08T20:40:56.274661+00:00,2026-10-08T20:44:10.190345+00:00,UNO,"ST,192126,RRRR,C,0,0,000",6,1c9f717
2026-10-08T20:40:56.274661+00:00,2026-10-08T20:44:10.564366+00:00,UNO,"ST,192500,RRRR,C,0,0,000",6,1c9f717
2026-10-08T20:40:56.274661+00:00,2026-10-08T20:44:11.063882+00:00,UNO,"ST,193000,RRRR,C,0,0,000",6,1c9f717
2026-10-08T20:40:56.274661+00:00,2026-10-08T20:44:11.189912+00:00,UNO,"ST,193126,GGRR,C,0,0,000",6,1c9f717
2026-10-08T20:40:56.274661+00:00,2026-10-08T20:44:11.563922+00:00,UNO,"ST,193500,GGRR,C,0,0,000",6,1c9f717
2026-10-08T20:40:56.274661+00:00,2026-10-08T20:44:12.064546+00:00,UNO,"ST,194000,GGRR,C,0,0,000",6,1c9f717
2026-10-08T20:40:56.274661+00:00,2026-10-08T20:44:12.564610+00:00,UNO,"ST,194500,GGRR,C,0,0,000",6,1c9f717
2026-10-08T20:40:56.274661+00:00,2026-10-08T20:44:13.064249+00:00,UNO,"ST,195000,GGRR,C,0,0,000",6,1c9f717
2026-10-08T20:40:56.274661+00:00,2026-10-08T20:44:13.564215+00:00,UNO,"ST,195500,GGRR,C,0,0,000",6,1c9f717
2026-10-08T20:40:56.274661+00:00,2026-10-08T20:44:14.065209+00:00,UNO,"ST,196000,GGRR,C,0,0,000",6,1c9f717
2026-10-08T20:40:56.274661+00:00,2026-10-08T20:44:14.191208+00:00,UNO,"ST,196126,YYRR,C,0,0,000",6,1c9f717
2026-10-08T20:40:56.274661+00:00,2026-10-08T20:44:14.564817+00:00,UNO,"ST,196500,YYRR,C,0,0,000",6,1c9f717
2026-10-08T20:40:56.274661+00:00,2026-10-08T20:44:15.064877+00:00,UNO,"ST,197000,YYRR,C,0,0,000",6,1c9f717
2026-10-08T20:40:56.274661+00:00,2026-10-08T20:44:15.565546+00:00,UNO,"ST,197500,YYRR,C,0,0,000",6,1c9f717
2026-10-08T20:40:56.274661+00:00,2026-10-08T20:44:16.065466+00:00,UNO,"ST,198000,YYRR,C,0,0,000",6,1c9f717
2026-10-08T20:40:56.274661+00:00,2026-10-08T20:44:16.191497+00:00,UNO,"ST,198126,RRRR,C,0,0,000",6,1c9f717
2026-10-08T20:40:56.274661+00:00,2026-10-08T20:44:16.565500+00:00,UNO,"ST,198500,RRRR,C,0,0,000",6,1c9f717
2026-10-08T20:40:56.274661+00:00,2026-10-08T20:44:17.065118+00:00,UNO,"ST,199000,RRRR,C,0,0,000",6,1c9f717
2026-10-08T20:40:56.274661+00:00,2026-10-08T20:44:17.191110+00:00,UNO,"ST,199126,RRGG,C,0,0,000",6,1c9f717
2026-10-08T20:40:56.274661+00:00,2026-10-08T20:44:17.566191+00:00,UNO,"ST,199500,RRGG,C,0,0,000",6,1c9f717
2026-10-08T20:40:56.274661+00:00,2026-10-08T20:44:18.065789+00:00,UNO,"ST,200000,RRGG,C,0,0,000",6,1c9f717
2026-10-08T20:40:56.274661+00:00,2026-10-08T20:44:18.565738+00:00,UNO,"ST,200500,RRGG,C,0,0,000",6,1c9f717
2026-10-08T20:40:56.274661+00:00,2026-10-08T20:44:19.066789+00:00,UNO,"ST,201000,RRGG,C,0,0,000",6,1c9f717
2026-10-08T20:40:56.274661+00:00,2026-10-08T20:44:19.566869+00:00,UNO,"ST,201500,RRGG,C,0,0,000",6,1c9f717
2026-10-08T20:40:56.274661+00:00,2026-10-08T20:44:20.066444+00:00,UNO,"ST,202000,RRGG,C,0,0,000",6,1c9f717
2026-10-08T20:40:56.274661+00:00,2026-10-08T20:44:20.192479+00:00,UNO,"ST,202126,RRYY,C,0,0,000",6,1c9f717
2026-10-08T20:40:56.274661+00:00,2026-10-08T20:44:20.566515+00:00,UNO,"ST,202500,RRYY,C,0,0,000",6,1c9f717
2026-10-08T20:40:56.274661+00:00,2026-10-08T20:44:21.067030+00:00,UNO,"ST,203000,RRYY,C,0,0,000",6,1c9f717
2026-10-08T20:40:56.274661+00:00,2026-10-08T20:44:21.567053+00:00,UNO,"ST,203500,RRYY,C,0,0,000",6,1c9f717
2026-10-08T20:40:56.274661+00:00,2026-10-08T20:44:22.066691+00:00,UNO,"ST,204000,RRYY,C,0,0,000",6,1c9f717
2026-10-08T20:40:56.274661+00:00,2026-10-08T20:44:22.193145+00:00,UNO,"ST,204126,RRRR,C,0,0,000",6,1c9f717
2026-10-08T20:40:56.274661+00:00,2026-10-08T20:44:22.567730+00:00,UNO,"ST,204500,RRRR,C,0,0,000",6,1c9f717
2026-10-08T20:40:56.274661+00:00,2026-10-08T20:44:23.067794+00:00,UNO,"ST,205000,RRRR,C,0,0,000",6,1c9f717
2026-10-08T20:40:56.274661+00:00,2026-10-08T20:44:23.193798+00:00,UNO,"ST,205126,GGRR,C,0,0,000",6,1c9f717
2026-10-08T20:40:56.274661+00:00,2026-10-08T20:44:23.567316+00:00,UNO,"ST,205500,GGRR,C,0,0,000",6,1c9f717
2026-10-08T20:40:56.274661+00:00,2026-10-08T20:44:24.067352+00:00,UNO,"ST,206000,GGRR,C,0,0,000",6,1c9f717
2026-10-08T20:40:56.274661+00:00,2026-10-08T20:44:24.568393+00:00,UNO,"ST,206500,GGRR,C,0,0,000",6,1c9f717
2026-10-08T20:40:56.274661+00:00,2026-10-08T20:44:25.068036+00:00,UNO,"ST,207000,GGRR,C,0,0,000",6,1c9f717
2026-10-08T20:40:56.274661+00:00,2026-10-08T20:44:25.568132+00:00,UNO,"ST,207500,GGRR,C,0,0,000",6,1c9f717
2026-10-08T20:40:56.274661+00:00,2026-10-08T20:44:26.067581+00:00,UNO,"ST,208000,GGRR,C,0,0,000",6,1c9f717
2026-10-08T20:40:56.274661+00:00,2026-10-08T20:44:26.194702+00:00,UNO,"ST,208126,YYRR,C,0,0,000",6,1c9f717
2026-10-08T20:40:56.274661+00:00,2026-10-08T20:44:26.568703+00:00,UNO,"ST,208500,YYRR,C,0,0,000",6,1c9f717
2026-10-08T20:40:56.274661+00:00,2026-10-08T20:44:27.068692+00:00,UNO,"ST,209000,YYRR,C,0,0,000",6,1c9f717
2026-10-08T20:40:56.274661+00:00,2026-10-08T20:44:27.568326+00:00,UNO,"ST,209500,YYRR,C,0,0,000",6,1c9f717
2026-10-08T20:40:56.274661+00:00,2026-10-08T20:44:28.068942+00:00,UNO,"ST,210000,YYRR,C,0,0,000",6,1c9f717
2026-10-08T20:40:56.274661+00:00,2026-10-08T20:44:28.195381+00:00,UNO,"ST,210126,RRRR,C,0,0,000",6,1c9f717
2026-10-08T20:40:56.274661+00:00,2026-10-08T20:44:28.569007+00:00,UNO,"ST,210500,RRRR,C,0,0,000",6,1c9f717
2026-10-08T20:40:56.274661+00:00,2026-10-08T20:44:29.068920+00:00,UNO,"ST,211000,RRRR,C,0,0,000",6,1c9f717
2026-10-08T20:40:56.274661+00:00,2026-10-08T20:44:29.194948+00:00,UNO,"ST,211126,RRGG,C,0,0,000",6,1c9f717
2026-10-08T20:40:56.274661+00:00,2026-10-08T20:44:29.568973+00:00,UNO,"ST,211500,RRGG,C,0,0,000",6,1c9f717
2026-10-08T20:40:56.274661+00:00,2026-10-08T20:44:30.069602+00:00,UNO,"ST,212000,RRGG,C,0,0,000",6,1c9f717
2026-10-08T20:40:56.274661+00:00,2026-10-08T20:44:30.569652+00:00,UNO,"ST,212500,RRGG,C,0,0,000",6,1c9f717
2026-10-08T20:40:56.274661+00:00,2026-10-08T20:44:31.069134+00:00,UNO,"ST,213000,RRGG,C,0,0,000",6,1c9f717
2026-10-08T20:40:56.274661+00:00,2026-10-08T20:44:31.570192+00:00,UNO,"ST,213500,RRGG,C,0,0,000",6,1c9f717
2026-10-08T20:40:56.274661+00:00,2026-10-08T20:44:32.070321+00:00,UNO,"ST,214000,RRGG,C,0,0,000",6,1c9f717
2026-10-08T20:40:56.274661+00:00,2026-10-08T20:44:32.196285+00:00,UNO,"ST,214126,RRYY,C,0,0,000",6,1c9f717
2026-10-08T20:40:56.274661+00:00,2026-10-08T20:44:32.569960+00:00,UNO,"ST,214500,RRYY,C,0,0,000",6,1c9f717
2026-10-08T20:40:56.274661+00:00,2026-10-08T20:44:33.070044+00:00,UNO,"ST,215000,RRYY,C,0,0,000",6,1c9f717
2026-10-08T20:40:56.274661+00:00,2026-10-08T20:44:33.570990+00:00,UNO,"ST,215500,RRYY,C,0,0,000",6,1c9f717
2026-10-08T20:40:56.274661+00:00,2026-10-08T20:44:34.070481+00:00,UNO,"ST,216000,RRYY,C,0,0,000",6,1c9f717
2026-10-08T20:40:56.274661+00:00,2026-10-08T20:44:34.196493+00:00,UNO,"ST,216126,RRRR,C,0,0,000",6,1c9f717
2026-10-08T20:40:56.274661+00:00,2026-10-08T20:44:34.570542+00:00,UNO,"ST,216500,RRRR,C,0,0,000",6,1c9f717
2026-10-08T20:40:56.274661+00:00,2026-10-08T20:44:35.071148+00:00,UNO,"ST,217000,RRRR,C,0,0,000",6,1c9f717
2026-10-08T20:40:56.274661+00:00,2026-10-08T20:44:35.197617+00:00,UNO,"ST,217126,GGRR,C,0,0,000",6,1c9f717
2026-10-08T20:40:56.274661+00:00,2026-10-08T20:44:35.571226+00:00,UNO,"ST,217500,GGRR,C,0,0,000",6,1c9f717
2026-10-08T20:40:56.274661+00:00,2026-10-08T20:44:36.070881+00:00,UNO,"ST,218000,GGRR,C,0,0,000",6,1c9f717
2026-10-08T20:40:56.274661+00:00,2026-10-08T20:44:36.571340+00:00,UNO,"ST,218500,GGRR,C,0,0,000",6,1c9f717
2026-10-08T20:40:56.274661+00:00,2026-10-08T20:44:37.071830+00:00,UNO,"ST,219000,GGRR,C,0,0,000",6,1c9f717
2026-10-08T20:40:56.274661+00:00,2026-10-08T20:44:37.571885+00:00,UNO,"ST,219500,GGRR,C,0,0,000",6,1c9f717
2026-10-08T20:40:56.274661+00:00,2026-10-08T20:44:37.794004+00:00,UNO,"EV,219720,SEM_OCORRENCIA,1,POLICIA",6,1c9f717
2026-10-08T20:40:56.274661+00:00,2026-10-08T20:44:38.071503+00:00,UNO,"ST,220000,GGRR,C,0,0,000",6,1c9f717
2026-10-08T20:40:56.274661+00:00,2026-10-08T20:44:38.197510+00:00,UNO,"ST,220126,YYRR,C,0,0,000",6,1c9f717
2026-10-08T20:40:56.274661+00:00,2026-10-08T20:44:38.572558+00:00,UNO,"ST,220500,YYRR,C,0,0,000",6,1c9f717
2026-10-08T20:40:56.274661+00:00,2026-10-08T20:44:39.072190+00:00,UNO,"ST,221000,YYRR,C,0,0,000",6,1c9f717
2026-10-08T20:40:56.274661+00:00,2026-10-08T20:44:39.572113+00:00,UNO,"ST,221500,YYRR,C,0,0,000",6,1c9f717
2026-10-08T20:40:56.274661+00:00,2026-10-08T20:44:40.071732+00:00,UNO,"ST,222000,YYRR,C,0,0,000",6,1c9f717
2026-10-08T20:40:56.274661+00:00,2026-10-08T20:44:40.198264+00:00,UNO,"ST,222126,RRRR,C,0,0,000",6,1c9f717
2026-10-08T20:40:56.274661+00:00,2026-10-08T20:44:40.572764+00:00,UNO,"ST,222500,RRRR,C,0,0,000",6,1c9f717
2026-10-08T20:40:56.274661+00:00,2026-10-08T20:44:41.072824+00:00,UNO,"ST,223000,RRRR,C,0,0,000",6,1c9f717
2026-10-08T20:40:56.274661+00:00,2026-10-08T20:44:41.198845+00:00,UNO,"ST,223126,RRGG,C,0,0,000",6,1c9f717
2026-10-08T20:40:56.274661+00:00,2026-10-08T20:44:41.572446+00:00,UNO,"ST,223500,RRGG,C,0,0,000",6,1c9f717
2026-10-08T20:40:56.274661+00:00,2026-10-08T20:44:42.072405+00:00,UNO,"ST,224000,RRGG,C,0,0,000",6,1c9f717
2026-10-08T20:40:56.274661+00:00,2026-10-08T20:44:42.573442+00:00,UNO,"ST,224500,RRGG,C,0,0,000",6,1c9f717
2026-10-08T20:40:56.274661+00:00,2026-10-08T20:44:43.073057+00:00,UNO,"ST,225000,RRGG,C,0,0,000",6,1c9f717
2026-10-08T20:40:56.274661+00:00,2026-10-08T20:44:43.573124+00:00,UNO,"ST,225500,RRGG,C,0,0,000",6,1c9f717
2026-10-08T20:40:56.274661+00:00,2026-10-08T20:44:44.073727+00:00,UNO,"ST,226000,RRGG,C,0,0,000",6,1c9f717
2026-10-08T20:40:56.274661+00:00,2026-10-08T20:44:44.217491+00:00,UNO,"ST,226126,RRYY,C,0,0,000",20,1c9f717
2026-10-08T20:40:56.274661+00:00,2026-10-08T20:44:44.573635+00:00,UNO,"ST,226500,RRYY,C,0,0,000",6,1c9f717
2026-10-08T20:40:56.274661+00:00,2026-10-08T20:44:45.073739+00:00,UNO,"ST,227000,RRYY,C,0,0,000",6,1c9f717
2026-10-08T20:40:56.274661+00:00,2026-10-08T20:44:45.573342+00:00,UNO,"ST,227500,RRYY,C,0,0,000",6,1c9f717
2026-10-08T20:40:56.274661+00:00,2026-10-08T20:44:46.074414+00:00,UNO,"ST,228000,RRYY,C,0,0,000",6,1c9f717
2026-10-08T20:40:56.274661+00:00,2026-10-08T20:44:46.200399+00:00,UNO,"ST,228126,RRRR,C,0,0,000",6,1c9f717
2026-10-08T20:40:56.274661+00:00,2026-10-08T20:44:46.574029+00:00,UNO,"ST,228500,RRRR,C,0,0,000",6,1c9f717
2026-10-08T20:40:56.274661+00:00,2026-10-08T20:44:47.073932+00:00,UNO,"ST,229000,RRRR,C,0,0,000",6,1c9f717
2026-10-08T20:40:56.274661+00:00,2026-10-08T20:44:47.199948+00:00,UNO,"ST,229126,GGRR,C,0,0,000",6,1c9f717
2026-10-08T20:40:56.274661+00:00,2026-10-08T20:44:47.575027+00:00,UNO,"ST,229500,GGRR,C,0,0,000",6,1c9f717
2026-10-08T20:40:56.274661+00:00,2026-10-08T20:44:48.074599+00:00,UNO,"ST,230000,GGRR,C,0,0,000",6,1c9f717
2026-10-08T20:40:56.274661+00:00,2026-10-08T20:44:48.574653+00:00,UNO,"ST,230500,GGRR,C,0,0,000",6,1c9f717
2026-10-08T20:40:56.274661+00:00,2026-10-08T20:44:49.074305+00:00,UNO,"ST,231000,GGRR,C,0,0,000",6,1c9f717
2026-10-08T20:40:56.274661+00:00,2026-10-08T20:44:49.575222+00:00,UNO,"ST,231500,GGRR,C,0,0,000",6,1c9f717
2026-10-08T20:40:56.274661+00:00,2026-10-08T20:44:50.075269+00:00,UNO,"ST,232000,GGRR,C,0,0,000",6,1c9f717
2026-10-08T20:40:56.274661+00:00,2026-10-08T20:44:50.201281+00:00,UNO,"ST,232126,YYRR,C,0,0,000",6,1c9f717
2026-10-08T20:40:56.274661+00:00,2026-10-08T20:44:50.574937+00:00,UNO,"ST,232500,YYRR,C,0,0,000",6,1c9f717
2026-10-08T20:40:56.274661+00:00,2026-10-08T20:44:51.075959+00:00,UNO,"ST,233000,YYRR,C,0,0,000",6,1c9f717
2026-10-08T20:40:56.274661+00:00,2026-10-08T20:44:51.575592+00:00,UNO,"ST,233500,YYRR,C,0,0,000",6,1c9f717
2026-10-08T20:40:56.274661+00:00,2026-10-08T20:44:52.075490+00:00,UNO,"ST,234000,YYRR,C,0,0,000",6,1c9f717
2026-10-08T20:40:56.274661+00:00,2026-10-08T20:44:52.201635+00:00,UNO,"ST,234126,RRRR,C,0,0,000",6,1c9f717
2026-10-08T20:40:56.274661+00:00,2026-10-08T20:44:52.575607+00:00,UNO,"ST,234500,RRRR,C,0,0,000",6,1c9f717
2026-10-08T20:40:56.274661+00:00,2026-10-08T20:44:53.076178+00:00,UNO,"ST,235000,RRRR,C,0,0,000",6,1c9f717
2026-10-08T20:40:56.274661+00:00,2026-10-08T20:44:53.202605+00:00,UNO,"ST,235126,RRGG,C,0,0,000",6,1c9f717
2026-10-08T20:40:56.274661+00:00,2026-10-08T20:44:53.576218+00:00,UNO,"ST,235500,RRGG,C,0,0,000",6,1c9f717
2026-10-08T20:40:56.274661+00:00,2026-10-08T20:44:54.076273+00:00,UNO,"ST,236000,RRGG,C,0,0,000",6,1c9f717
2026-10-08T20:40:56.274661+00:00,2026-10-08T20:44:54.576786+00:00,UNO,"ST,236500,RRGG,C,0,0,000",6,1c9f717
2026-10-08T20:40:56.274661+00:00,2026-10-08T20:44:55.076858+00:00,UNO,"ST,237000,RRGG,C,0,0,000",6,1c9f717
2026-10-08T20:40:56.274661+00:00,2026-10-08T20:44:55.576922+00:00,UNO,"ST,237500,RRGG,C,0,0,000",6,1c9f717
2026-10-08T20:40:56.274661+00:00,2026-10-08T20:44:56.076545+00:00,UNO,"ST,238000,RRGG,C,0,0,000",6,1c9f717
2026-10-08T20:40:56.274661+00:00,2026-10-08T20:44:56.202529+00:00,UNO,"ST,238126,RRYY,C,0,0,000",6,1c9f717
2026-10-08T20:40:56.274661+00:00,2026-10-08T20:44:56.577132+00:00,UNO,"ST,238500,RRYY,C,0,0,000",6,1c9f717
2026-10-08T20:40:56.274661+00:00,2026-10-08T20:44:57.077052+00:00,UNO,"ST,239000,RRYY,C,0,0,000",6,1c9f717
2026-10-08T20:40:56.274661+00:00,2026-10-08T20:44:57.577133+00:00,UNO,"ST,239500,RRYY,C,0,0,000",6,1c9f717
2026-10-08T20:40:56.274661+00:00,2026-10-08T20:44:58.077180+00:00,UNO,"ST,240000,RRYY,C,0,0,000",6,1c9f717
2026-10-08T20:40:56.274661+00:00,2026-10-08T20:44:58.204197+00:00,UNO,"ST,240126,RRRR,C,0,0,000",6,1c9f717
2026-10-08T20:40:56.274661+00:00,2026-10-08T20:44:58.577940+00:00,UNO,"ST,240500,RRRR,C,0,0,000",6,1c9f717
2026-10-08T20:40:56.274661+00:00,2026-10-08T20:44:59.077844+00:00,UNO,"ST,241000,RRRR,C,0,0,000",6,1c9f717
2026-10-08T20:40:56.274661+00:00,2026-10-08T20:44:59.203875+00:00,UNO,"ST,241126,GGRR,C,0,0,000",6,1c9f717
2026-10-08T20:40:56.274661+00:00,2026-10-08T20:44:59.577472+00:00,UNO,"ST,241500,GGRR,C,0,0,000",6,1c9f717
2026-10-08T20:40:56.274661+00:00,2026-10-08T20:45:00.078413+00:00,UNO,"ST,242000,GGRR,C,0,0,000",6,1c9f717
2026-10-08T20:40:56.274661+00:00,2026-10-08T20:45:00.578457+00:00,UNO,"ST,242500,GGRR,C,0,0,000",6,1c9f717
2026-10-08T20:40:56.274661+00:00,2026-10-08T20:45:01.078077+00:00,UNO,"ST,243000,GGRR,C,0,0,000",6,1c9f717
2026-10-08T20:40:56.274661+00:00,2026-10-08T20:45:01.578148+00:00,UNO,"ST,243500,GGRR,C,0,0,000",6,1c9f717
2026-10-08T20:40:56.274661+00:00,2026-10-08T20:45:02.078761+00:00,UNO,"ST,244000,GGRR,C,0,0,000",6,1c9f717
2026-10-08T20:40:56.274661+00:00,2026-10-08T20:45:02.205207+00:00,UNO,"ST,244126,YYRR,C,0,0,000",6,1c9f717
2026-10-08T20:40:56.274661+00:00,2026-10-08T20:45:02.578667+00:00,UNO,"ST,244500,YYRR,C,0,0,000",6,1c9f717
2026-10-08T20:40:56.274661+00:00,2026-10-08T20:45:03.078754+00:00,UNO,"ST,245000,YYRR,C,0,0,000",6,1c9f717
2026-10-08T20:40:56.274661+00:00,2026-10-08T20:45:03.579358+00:00,UNO,"ST,245500,YYRR,C,0,0,000",6,1c9f717
2026-10-08T20:40:56.274661+00:00,2026-10-08T20:45:04.079425+00:00,UNO,"ST,246000,YYRR,C,0,0,000",6,1c9f717
2026-10-08T20:40:56.274661+00:00,2026-10-08T20:45:04.205418+00:00,UNO,"ST,246126,RRRR,C,0,0,000",6,1c9f717
2026-10-08T20:40:56.274661+00:00,2026-10-08T20:45:04.578908+00:00,UNO,"ST,246500,RRRR,C,0,0,000",6,1c9f717
2026-10-08T20:40:56.274661+00:00,2026-10-08T20:45:05.078991+00:00,UNO,"ST,247000,RRRR,C,0,0,000",6,1c9f717
2026-10-08T20:40:56.274661+00:00,2026-10-08T20:45:05.205098+00:00,UNO,"ST,247126,RRGG,C,0,0,000",6,1c9f717
2026-10-08T20:40:56.274661+00:00,2026-10-08T20:45:05.580097+00:00,UNO,"ST,247500,RRGG,C,0,0,000",6,1c9f717
2026-10-08T20:40:56.274661+00:00,2026-10-08T20:45:06.079703+00:00,UNO,"ST,248000,RRGG,C,0,0,000",6,1c9f717
2026-10-08T20:40:56.274661+00:00,2026-10-08T20:45:06.579706+00:00,UNO,"ST,248500,RRGG,C,0,0,000",6,1c9f717
2026-10-08T20:40:56.274661+00:00,2026-10-08T20:45:07.080344+00:00,UNO,"ST,249000,RRGG,C,0,0,000",6,1c9f717
2026-10-08T20:40:56.274661+00:00,2026-10-08T20:45:07.580255+00:00,UNO,"ST,249500,RRGG,C,0,0,000",6,1c9f717
2026-10-08T20:40:56.274661+00:00,2026-10-08T20:45:08.080392+00:00,UNO,"ST,250000,RRGG,C,0,0,000",6,1c9f717
2026-10-08T20:40:56.274661+00:00,2026-10-08T20:45:08.206639+00:00,UNO,"ST,250126,RRYY,C,0,0,000",6,1c9f717
2026-10-08T20:40:56.274661+00:00,2026-10-08T20:45:08.580551+00:00,UNO,"ST,250500,RRYY,C,0,0,000",6,1c9f717
2026-10-08T20:40:56.274661+00:00,2026-10-08T20:45:09.080975+00:00,UNO,"ST,251000,RRYY,C,0,0,000",6,1c9f717
2026-10-08T20:40:56.274661+00:00,2026-10-08T20:45:09.580607+00:00,UNO,"ST,251500,RRYY,C,0,0,000",6,1c9f717
2026-10-08T20:40:56.274661+00:00,2026-10-08T20:45:10.080674+00:00,UNO,"ST,252000,RRYY,C,0,0,000",6,1c9f717
2026-10-08T20:40:56.274661+00:00,2026-10-08T20:45:10.206687+00:00,UNO,"ST,252126,RRRR,C,0,0,000",6,1c9f717
2026-10-08T20:40:56.274661+00:00,2026-10-08T20:45:10.581735+00:00,UNO,"ST,252500,RRRR,C,0,0,000",6,1c9f717
2026-10-08T20:40:56.274661+00:00,2026-10-08T20:45:11.081284+00:00,UNO,"ST,253000,RRRR,C,0,0,000",6,1c9f717
2026-10-08T20:40:56.274661+00:00,2026-10-08T20:45:11.207823+00:00,UNO,"ST,253126,GGRR,C,0,0,000",6,1c9f717
2026-10-08T20:40:56.274661+00:00,2026-10-08T20:45:11.581250+00:00,UNO,"ST,253500,GGRR,C,0,0,000",6,1c9f717
2026-10-08T20:40:56.274661+00:00,2026-10-08T20:45:12.080925+00:00,UNO,"ST,254000,GGRR,C,0,0,000",6,1c9f717
2026-10-08T20:40:56.274661+00:00,2026-10-08T20:45:12.581948+00:00,UNO,"ST,254500,GGRR,C,0,0,000",6,1c9f717
2026-10-08T20:40:56.274661+00:00,2026-10-08T20:45:13.081997+00:00,UNO,"ST,255000,GGRR,C,0,0,000",6,1c9f717
2026-10-08T20:40:56.274661+00:00,2026-10-08T20:45:13.582049+00:00,UNO,"ST,255500,GGRR,C,0,0,000",6,1c9f717
2026-10-08T20:40:56.274661+00:00,2026-10-08T20:45:14.081567+00:00,UNO,"ST,256000,GGRR,C,0,0,000",6,1c9f717
2026-10-08T20:40:56.274661+00:00,2026-10-08T20:45:14.208555+00:00,UNO,"ST,256126,YYRR,C,0,0,000",6,1c9f717
2026-10-08T20:40:56.274661+00:00,2026-10-08T20:45:14.582176+00:00,UNO,"ST,256500,YYRR,C,0,0,000",6,1c9f717
2026-10-08T20:40:56.274661+00:00,2026-10-08T20:45:15.082276+00:00,UNO,"ST,257000,YYRR,C,0,0,000",6,1c9f717
2026-10-08T20:40:56.274661+00:00,2026-10-08T20:45:15.582296+00:00,UNO,"ST,257500,YYRR,C,0,0,000",6,1c9f717
2026-10-08T20:40:56.274661+00:00,2026-10-08T20:45:16.082804+00:00,UNO,"ST,258000,YYRR,C,0,0,000",6,1c9f717
2026-10-08T20:40:56.274661+00:00,2026-10-08T20:45:16.209343+00:00,UNO,"ST,258126,RRRR,C,0,0,000",6,1c9f717
2026-10-08T20:40:56.274661+00:00,2026-10-08T20:45:16.582827+00:00,UNO,"ST,258500,RRRR,C,0,0,000",6,1c9f717
2026-10-08T20:40:56.274661+00:00,2026-10-08T20:45:17.082926+00:00,UNO,"ST,259000,RRRR,C,0,0,000",6,1c9f717
2026-10-08T20:40:56.274661+00:00,2026-10-08T20:45:17.208878+00:00,UNO,"ST,259126,RRGG,C,0,0,000",6,1c9f717
2026-10-08T20:40:56.274661+00:00,2026-10-08T20:45:17.582543+00:00,UNO,"ST,259500,RRGG,C,0,0,000",6,1c9f717
2026-10-08T20:40:56.274661+00:00,2026-10-08T20:45:18.083553+00:00,UNO,"ST,260000,RRGG,C,0,0,000",6,1c9f717
2026-10-08T20:40:56.274661+00:00,2026-10-08T20:45:18.583632+00:00,UNO,"ST,260500,RRGG,C,0,0,000",6,1c9f717
2026-10-08T20:40:56.274661+00:00,2026-10-08T20:45:19.083110+00:00,UNO,"ST,261000,RRGG,C,0,0,000",6,1c9f717
2026-10-08T20:40:56.274661+00:00,2026-10-08T20:45:19.584145+00:00,UNO,"ST,261500,RRGG,C,0,0,000",6,1c9f717
2026-10-08T20:40:56.274661+00:00,2026-10-08T20:45:20.083806+00:00,UNO,"ST,262000,RRGG,C,0,0,000",6,1c9f717
2026-10-08T20:40:56.274661+00:00,2026-10-08T20:45:20.209850+00:00,UNO,"ST,262126,RRYY,C,0,0,000",6,1c9f717
2026-10-08T20:40:56.274661+00:00,2026-10-08T20:45:20.583836+00:00,UNO,"ST,262500,RRYY,C,0,0,000",6,1c9f717
2026-10-08T20:40:56.274661+00:00,2026-10-08T20:45:21.083921+00:00,UNO,"ST,263000,RRYY,C,0,0,000",6,1c9f717
2026-10-08T20:40:56.274661+00:00,2026-10-08T20:45:21.584360+00:00,UNO,"ST,263500,RRYY,C,0,0,000",6,1c9f717
2026-10-08T20:40:56.274661+00:00,2026-10-08T20:45:22.084417+00:00,UNO,"ST,264000,RRYY,C,0,0,000",6,1c9f717
2026-10-08T20:40:56.274661+00:00,2026-10-08T20:45:22.210456+00:00,UNO,"ST,264126,RRRR,C,0,0,000",6,1c9f717
2026-10-08T20:40:56.274661+00:00,2026-10-08T20:45:22.584491+00:00,UNO,"ST,264500,RRRR,C,0,0,000",6,1c9f717
2026-10-08T20:40:56.274661+00:00,2026-10-08T20:45:23.084995+00:00,UNO,"ST,265000,RRRR,C,0,0,000",6,1c9f717
2026-10-08T20:40:56.274661+00:00,2026-10-08T20:45:23.211007+00:00,UNO,"ST,265126,GGRR,C,0,0,000",6,1c9f717
2026-10-08T20:40:56.274661+00:00,2026-10-08T20:45:23.585038+00:00,UNO,"ST,265500,GGRR,C,0,0,000",6,1c9f717
2026-10-08T20:40:56.274661+00:00,2026-10-08T20:45:24.084667+00:00,UNO,"ST,266000,GGRR,C,0,0,000",6,1c9f717
2026-10-08T20:40:56.274661+00:00,2026-10-08T20:45:24.584715+00:00,UNO,"ST,266500,GGRR,C,0,0,000",6,1c9f717
2026-10-08T20:40:56.274661+00:00,2026-10-08T20:45:25.085385+00:00,UNO,"ST,267000,GGRR,C,0,0,000",6,1c9f717
2026-10-08T20:40:56.274661+00:00,2026-10-08T20:45:25.585304+00:00,UNO,"ST,267500,GGRR,C,0,0,000",6,1c9f717
2026-10-08T20:40:56.274661+00:00,2026-10-08T20:45:26.085379+00:00,UNO,"ST,268000,GGRR,C,0,0,000",6,1c9f717
2026-10-08T20:40:56.274661+00:00,2026-10-08T20:45:26.211372+00:00,UNO,"ST,268126,YYRR,C,0,0,000",6,1c9f717
2026-10-08T20:40:56.274661+00:00,2026-10-08T20:45:26.585960+00:00,UNO,"ST,268500,YYRR,C,0,0,000",6,1c9f717
2026-10-08T20:40:56.274661+00:00,2026-10-08T20:45:27.086003+00:00,UNO,"ST,269000,YYRR,C,0,0,000",6,1c9f717
2026-10-08T20:40:56.274661+00:00,2026-10-08T20:45:27.585659+00:00,UNO,"ST,269500,YYRR,C,0,0,000",6,1c9f717
2026-10-08T20:40:56.274661+00:00,2026-10-08T20:45:28.085553+00:00,UNO,"ST,270000,YYRR,C,0,0,000",6,1c9f717
2026-10-08T20:40:56.274661+00:00,2026-10-08T20:45:28.211617+00:00,UNO,"ST,270126,RRRR,C,0,0,000",6,1c9f717
2026-10-08T20:40:56.274661+00:00,2026-10-08T20:45:28.586629+00:00,UNO,"ST,270500,RRRR,C,0,0,000",6,1c9f717
2026-10-08T20:40:56.274661+00:00,2026-10-08T20:45:29.086698+00:00,UNO,"ST,271000,RRRR,C,0,0,000",6,1c9f717
2026-10-08T20:40:56.274661+00:00,2026-10-08T20:45:29.212311+00:00,UNO,"ST,271126,RRGG,C,0,0,000",6,1c9f717
2026-10-08T20:40:56.274661+00:00,2026-10-08T20:45:29.586297+00:00,UNO,"ST,271500,RRGG,C,0,0,000",6,1c9f717
2026-10-08T20:40:56.274661+00:00,2026-10-08T20:45:30.085947+00:00,UNO,"ST,272000,RRGG,C,0,0,000",6,1c9f717
2026-10-08T20:40:56.274661+00:00,2026-10-08T20:45:30.586979+00:00,UNO,"ST,272500,RRGG,C,0,0,000",6,1c9f717
2026-10-08T20:40:56.274661+00:00,2026-10-08T20:45:31.086912+00:00,UNO,"ST,273000,RRGG,C,0,0,000",6,1c9f717
2026-10-08T20:40:56.274661+00:00,2026-10-08T20:45:31.586505+00:00,UNO,"ST,273500,RRGG,C,0,0,000",6,1c9f717
2026-10-08T20:40:56.274661+00:00,2026-10-08T20:45:32.087617+00:00,UNO,"ST,274000,RRGG,C,0,0,000",6,1c9f717
2026-10-08T20:40:56.274661+00:00,2026-10-08T20:45:32.213597+00:00,UNO,"ST,274126,RRYY,C,0,0,000",6,1c9f717
2026-10-08T20:40:56.274661+00:00,2026-10-08T20:45:32.587677+00:00,UNO,"ST,274500,RRYY,C,0,0,000",6,1c9f717
2026-10-08T20:40:56.274661+00:00,2026-10-08T20:45:33.087262+00:00,UNO,"ST,275000,RRYY,C,0,0,000",6,1c9f717
2026-10-08T20:40:56.274661+00:00,2026-10-08T20:45:33.587177+00:00,UNO,"ST,275500,RRYY,C,0,0,000",6,1c9f717
2026-10-08T20:40:56.274661+00:00,2026-10-08T20:45:34.087942+00:00,UNO,"ST,276000,RRYY,C,0,0,000",6,1c9f717
2026-10-08T20:40:56.274661+00:00,2026-10-08T20:45:34.214304+00:00,UNO,"ST,276126,RRRR,C,0,0,000",6,1c9f717
2026-10-08T20:40:56.274661+00:00,2026-10-08T20:45:34.587860+00:00,UNO,"ST,276500,RRRR,C,0,0,000",6,1c9f717
2026-10-08T20:40:56.274661+00:00,2026-10-08T20:45:35.087914+00:00,UNO,"ST,277000,RRRR,C,0,0,000",6,1c9f717
2026-10-08T20:40:56.274661+00:00,2026-10-08T20:45:35.213937+00:00,UNO,"ST,277126,GGRR,C,0,0,000",6,1c9f717
2026-10-08T20:40:56.274661+00:00,2026-10-08T20:45:35.588417+00:00,UNO,"ST,277500,GGRR,C,0,0,000",6,1c9f717
2026-10-08T20:40:56.274661+00:00,2026-10-08T20:45:36.088508+00:00,UNO,"ST,278000,GGRR,C,0,0,000",6,1c9f717
2026-10-08T20:40:56.274661+00:00,2026-10-08T20:45:36.588525+00:00,UNO,"ST,278500,GGRR,C,0,0,000",6,1c9f717
2026-10-08T20:40:56.274661+00:00,2026-10-08T20:45:37.088166+00:00,UNO,"ST,279000,GGRR,C,0,0,000",6,1c9f717
2026-10-08T20:40:56.274661+00:00,2026-10-08T20:45:37.589248+00:00,UNO,"ST,279500,GGRR,C,0,0,000",6,1c9f717
2026-10-08T20:40:56.274661+00:00,2026-10-08T20:45:38.088819+00:00,UNO,"ST,280000,GGRR,C,0,0,000",6,1c9f717
2026-10-08T20:40:56.274661+00:00,2026-10-08T20:45:38.214845+00:00,UNO,"ST,280126,YYRR,C,0,0,000",6,1c9f717
2026-10-08T20:40:56.274661+00:00,2026-10-08T20:45:38.588770+00:00,UNO,"ST,280500,YYRR,C,0,0,000",6,1c9f717
2026-10-08T20:40:56.274661+00:00,2026-10-08T20:45:39.089356+00:00,UNO,"ST,281000,YYRR,C,0,0,000",6,1c9f717
2026-10-08T20:40:56.274661+00:00,2026-10-08T20:45:39.589663+00:00,UNO,"ST,281500,YYRR,C,0,0,000",6,1c9f717
2026-10-08T20:40:56.274661+00:00,2026-10-08T20:45:40.089536+00:00,UNO,"ST,282000,YYRR,C,0,0,000",6,1c9f717
2026-10-08T20:40:56.274661+00:00,2026-10-08T20:45:40.215501+00:00,UNO,"ST,282126,RRRR,C,0,0,000",6,1c9f717
2026-10-08T20:40:56.274661+00:00,2026-10-08T20:45:40.589102+00:00,UNO,"ST,282500,RRRR,C,0,0,000",6,1c9f717
2026-10-08T20:40:56.274661+00:00,2026-10-08T20:45:41.090024+00:00,UNO,"ST,283000,RRRR,C,0,0,000",6,1c9f717
2026-10-08T20:40:56.274661+00:00,2026-10-08T20:45:41.216041+00:00,UNO,"ST,283126,RRGG,C,0,0,000",6,1c9f717
2026-10-08T20:40:56.274661+00:00,2026-10-08T20:45:41.590081+00:00,UNO,"ST,283500,RRGG,C,0,0,000",6,1c9f717
2026-10-08T20:40:56.274661+00:00,2026-10-08T20:45:42.089693+00:00,UNO,"ST,284000,RRGG,C,0,0,000",6,1c9f717
2026-10-08T20:40:56.274661+00:00,2026-10-08T20:45:42.590775+00:00,UNO,"ST,284500,RRGG,C,0,0,000",6,1c9f717
2026-10-08T20:40:56.274661+00:00,2026-10-08T20:45:43.090396+00:00,UNO,"ST,285000,RRGG,C,0,0,000",6,1c9f717
2026-10-08T20:40:56.274661+00:00,2026-10-08T20:45:43.590320+00:00,UNO,"ST,285500,RRGG,C,0,0,000",6,1c9f717
2026-10-08T20:40:56.274661+00:00,2026-10-08T20:45:44.090366+00:00,UNO,"ST,286000,RRGG,C,0,0,000",6,1c9f717
2026-10-08T20:40:56.274661+00:00,2026-10-08T20:45:44.216395+00:00,UNO,"ST,286126,RRYY,C,0,0,000",6,1c9f717
2026-10-08T20:40:56.274661+00:00,2026-10-08T20:45:44.590984+00:00,UNO,"ST,286500,RRYY,C,0,0,000",6,1c9f717
2026-10-08T20:40:56.274661+00:00,2026-10-08T20:45:45.091051+00:00,UNO,"ST,287000,RRYY,C,0,0,000",6,1c9f717
2026-10-08T20:40:56.274661+00:00,2026-10-08T20:45:45.591128+00:00,UNO,"ST,287500,RRYY,C,0,0,000",6,1c9f717
2026-10-08T20:40:56.274661+00:00,2026-10-08T20:45:46.090620+00:00,UNO,"ST,288000,RRYY,C,0,0,000",6,1c9f717
2026-10-08T20:40:56.274661+00:00,2026-10-08T20:45:46.217626+00:00,UNO,"ST,288126,RRRR,C,0,0,000",6,1c9f717
2026-10-08T20:40:56.274661+00:00,2026-10-08T20:45:46.591660+00:00,UNO,"ST,288500,RRRR,C,0,0,000",6,1c9f717
2026-10-08T20:40:56.274661+00:00,2026-10-08T20:45:47.091726+00:00,UNO,"ST,289000,RRRR,C,0,0,000",6,1c9f717
2026-10-08T20:40:56.274661+00:00,2026-10-08T20:45:47.217709+00:00,UNO,"ST,289126,GGRR,C,0,0,000",6,1c9f717
2026-10-08T20:40:56.274661+00:00,2026-10-08T20:45:47.591345+00:00,UNO,"ST,289500,GGRR,C,0,0,000",6,1c9f717
2026-10-08T20:40:56.274661+00:00,2026-10-08T20:45:48.092014+00:00,UNO,"ST,290000,GGRR,C,0,0,000",6,1c9f717
2026-10-08T20:40:56.274661+00:00,2026-10-08T20:45:48.592041+00:00,UNO,"ST,290500,GGRR,C,0,0,000",6,1c9f717
2026-10-08T20:40:56.274661+00:00,2026-10-08T20:45:49.091944+00:00,UNO,"ST,291000,GGRR,C,0,0,000",6,1c9f717
2026-10-08T20:40:56.274661+00:00,2026-10-08T20:45:49.591538+00:00,UNO,"ST,291500,GGRR,C,0,0,000",6,1c9f717
2026-10-08T20:40:56.274661+00:00,2026-10-08T20:45:50.092615+00:00,UNO,"ST,292000,GGRR,C,0,0,000",6,1c9f717
2026-10-08T20:40:56.274661+00:00,2026-10-08T20:45:50.218708+00:00,UNO,"ST,292126,YYRR,C,0,0,000",6,1c9f717
2026-10-08T20:40:56.274661+00:00,2026-10-08T20:45:50.592661+00:00,UNO,"ST,292500,YYRR,C,0,0,000",6,1c9f717
2026-10-08T20:40:56.274661+00:00,2026-10-08T20:45:51.092548+00:00,UNO,"ST,293000,YYRR,C,0,0,000",6,1c9f717
2026-10-08T20:40:56.274661+00:00,2026-10-08T20:45:51.593898+00:00,UNO,"ST,293500,YYRR,C,0,0,000",6,1c9f717
2026-10-08T20:40:56.274661+00:00,2026-10-08T20:45:52.093282+00:00,UNO,"ST,294000,YYRR,C,0,0,000",6,1c9f717
2026-10-08T20:40:56.274661+00:00,2026-10-08T20:45:52.219170+00:00,UNO,"ST,294126,RRRR,C,0,0,000",6,1c9f717
2026-10-08T20:40:56.274661+00:00,2026-10-08T20:45:52.348877+00:00,UNO,"EV,294254,SEM_OCORRENCIA,1,POLICIA",6,1c9f717
2026-10-08T20:40:56.274661+00:00,2026-10-08T20:45:52.592913+00:00,UNO,"ST,294500,RRRR,C,0,0,000",6,1c9f717
2026-10-08T20:40:56.274661+00:00,2026-10-08T20:45:53.092952+00:00,UNO,"ST,295000,RRRR,C,0,0,000",6,1c9f717
2026-10-08T20:40:56.274661+00:00,2026-10-08T20:45:53.218935+00:00,UNO,"ST,295126,RRGG,C,0,0,000",6,1c9f717
2026-10-08T20:40:56.274661+00:00,2026-10-08T20:45:53.593561+00:00,UNO,"ST,295500,RRGG,C,0,0,000",6,1c9f717
2026-10-08T20:40:56.274661+00:00,2026-10-08T20:45:54.093496+00:00,UNO,"ST,296000,RRGG,C,0,0,000",6,1c9f717
2026-10-08T20:40:56.274661+00:00,2026-10-08T20:45:54.593541+00:00,UNO,"ST,296500,RRGG,C,0,0,000",6,1c9f717
2026-10-08T20:40:56.274661+00:00,2026-10-08T20:45:55.094247+00:00,UNO,"ST,297000,RRGG,C,0,0,000",6,1c9f717
2026-10-08T20:40:56.274661+00:00,2026-10-08T20:45:55.594380+00:00,UNO,"ST,297500,RRGG,C,0,0,000",6,1c9f717
2026-10-08T20:40:56.274661+00:00,2026-10-08T20:45:56.093890+00:00,UNO,"ST,298000,RRGG,C,0,0,000",6,1c9f717
2026-10-08T20:40:56.274661+00:00,2026-10-08T20:45:56.220315+00:00,UNO,"ST,298126,RRYY,C,0,0,000",6,1c9f717
2026-10-08T20:40:56.274661+00:00,2026-10-08T20:45:56.593780+00:00,UNO,"ST,298500,RRYY,C,0,0,000",6,1c9f717
2026-10-08T20:40:56.274661+00:00,2026-10-08T20:45:57.094843+00:00,UNO,"ST,299000,RRYY,C,0,0,000",6,1c9f717
2026-10-08T20:40:56.274661+00:00,2026-10-08T20:45:57.594469+00:00,UNO,"ST,299500,RRYY,C,0,0,000",6,1c9f717
2026-10-08T20:40:56.274661+00:00,2026-10-08T20:45:58.094515+00:00,UNO,"ST,300000,RRYY,C,0,0,000",6,1c9f717
2026-10-08T20:40:56.274661+00:00,2026-10-08T20:45:58.220525+00:00,UNO,"ST,300126,RRRR,C,0,0,000",6,1c9f717
2026-10-08T20:40:56.274661+00:00,2026-10-08T20:45:58.595613+00:00,UNO,"ST,300500,RRRR,C,0,0,000",6,1c9f717
2026-10-08T20:40:56.274661+00:00,2026-10-08T20:45:59.095206+00:00,UNO,"ST,301000,RRRR,C,0,0,000",6,1c9f717
2026-10-08T20:40:56.274661+00:00,2026-10-08T20:45:59.221212+00:00,UNO,"ST,301126,GGRR,C,0,0,000",6,1c9f717
2026-10-08T20:40:56.274661+00:00,2026-10-08T20:45:59.595130+00:00,UNO,"ST,301500,GGRR,C,0,0,000",6,1c9f717
2026-10-08T20:40:56.274661+00:00,2026-10-08T20:46:00.094754+00:00,UNO,"ST,302000,GGRR,C,0,0,000",6,1c9f717
2026-10-08T20:40:56.274661+00:00,2026-10-08T20:46:00.595780+00:00,UNO,"ST,302500,GGRR,C,0,0,000",6,1c9f717
2026-10-08T20:40:56.274661+00:00,2026-10-08T20:46:01.095860+00:00,UNO,"ST,303000,GGRR,C,0,0,000",6,1c9f717
2026-10-08T20:40:56.274661+00:00,2026-10-08T20:46:01.595478+00:00,UNO,"ST,303500,GGRR,C,0,0,000",6,1c9f717
2026-10-08T20:40:56.274661+00:00,2026-10-08T20:46:02.095542+00:00,UNO,"ST,304000,GGRR,C,0,0,000",6,1c9f717
2026-10-08T20:40:56.274661+00:00,2026-10-08T20:46:02.222570+00:00,UNO,"ST,304126,YYRR,C,0,0,000",6,1c9f717
2026-10-08T20:40:56.274661+00:00,2026-10-08T20:46:02.596578+00:00,UNO,"ST,304500,YYRR,C,0,0,000",6,1c9f717
2026-10-08T20:40:56.274661+00:00,2026-10-08T20:46:03.096057+00:00,UNO,"ST,305000,YYRR,C,0,0,000",6,1c9f717
2026-10-08T20:40:56.274661+00:00,2026-10-08T20:46:03.595693+00:00,UNO,"ST,305500,YYRR,C,0,0,000",6,1c9f717
2026-10-08T20:40:56.274661+00:00,2026-10-08T20:46:04.096857+00:00,UNO,"ST,306000,YYRR,C,0,0,000",6,1c9f717
2026-10-08T20:40:56.274661+00:00,2026-10-08T20:46:04.222997+00:00,UNO,"ST,306126,RRRR,C,0,0,000",6,1c9f717
2026-10-08T20:40:56.274661+00:00,2026-10-08T20:46:04.596812+00:00,UNO,"ST,306500,RRRR,C,0,0,000",6,1c9f717
2026-10-08T20:40:56.274661+00:00,2026-10-08T20:46:05.096293+00:00,UNO,"ST,307000,RRRR,C,0,0,000",6,1c9f717
2026-10-08T20:40:56.274661+00:00,2026-10-08T20:46:05.222894+00:00,UNO,"ST,307126,RRGG,C,0,0,000",6,1c9f717
2026-10-08T20:40:56.274661+00:00,2026-10-08T20:46:05.596420+00:00,UNO,"ST,307500,RRGG,C,0,0,000",6,1c9f717
2026-10-08T20:40:56.274661+00:00,2026-10-08T20:46:06.097483+00:00,UNO,"ST,308000,RRGG,C,0,0,000",6,1c9f717
2026-10-08T20:40:56.274661+00:00,2026-10-08T20:46:06.597035+00:00,UNO,"ST,308500,RRGG,C,0,0,000",6,1c9f717
2026-10-08T20:40:56.274661+00:00,2026-10-08T20:46:07.097140+00:00,UNO,"ST,309000,RRGG,C,0,0,000",6,1c9f717
2026-10-08T20:40:56.274661+00:00,2026-10-08T20:46:07.597557+00:00,UNO,"ST,309500,RRGG,C,0,0,000",6,1c9f717
2026-10-08T20:40:56.274661+00:00,2026-10-08T20:46:08.097615+00:00,UNO,"ST,310000,RRGG,C,0,0,000",6,1c9f717
2026-10-08T20:40:56.274661+00:00,2026-10-08T20:46:08.223643+00:00,UNO,"ST,310126,RRYY,C,0,0,000",6,1c9f717
2026-10-08T20:40:56.274661+00:00,2026-10-08T20:46:08.597286+00:00,UNO,"ST,310500,RRYY,C,0,0,000",6,1c9f717
2026-10-08T20:40:56.274661+00:00,2026-10-08T20:46:09.097402+00:00,UNO,"ST,311000,RRYY,C,0,0,000",6,1c9f717
2026-10-08T20:40:56.274661+00:00,2026-10-08T20:46:09.598383+00:00,UNO,"ST,311500,RRYY,C,0,0,000",6,1c9f717
2026-10-08T20:40:56.274661+00:00,2026-10-08T20:46:10.098446+00:00,UNO,"ST,312000,RRYY,C,0,0,000",6,1c9f717
2026-10-08T20:40:56.274661+00:00,2026-10-08T20:46:10.224463+00:00,UNO,"ST,312126,RRRR,C,0,0,000",6,1c9f717
2026-10-08T20:40:56.274661+00:00,2026-10-08T20:46:10.597902+00:00,UNO,"ST,312500,RRRR,C,0,0,000",6,1c9f717
2026-10-08T20:40:56.274661+00:00,2026-10-08T20:46:11.098942+00:00,UNO,"ST,313000,RRRR,C,0,0,000",6,1c9f717
2026-10-08T20:40:56.274661+00:00,2026-10-08T20:46:11.224979+00:00,UNO,"ST,313126,GGRR,C,0,0,000",6,1c9f717
2026-10-08T20:40:56.274661+00:00,2026-10-08T20:46:11.598716+00:00,UNO,"ST,313500,GGRR,C,0,0,000",6,1c9f717
2026-10-08T20:40:56.274661+00:00,2026-10-08T20:46:12.098643+00:00,UNO,"ST,314000,GGRR,C,0,0,000",6,1c9f717
2026-10-08T20:40:56.274661+00:00,2026-10-08T20:46:12.598727+00:00,UNO,"ST,314500,GGRR,C,0,0,000",6,1c9f717
2026-10-08T20:40:56.274661+00:00,2026-10-08T20:46:13.099196+00:00,UNO,"ST,315000,GGRR,C,0,0,000",6,1c9f717
2026-10-08T20:40:56.274661+00:00,2026-10-08T20:46:13.599255+00:00,UNO,"ST,315500,GGRR,C,0,0,000",6,1c9f717
2026-10-08T20:40:56.274661+00:00,2026-10-08T20:46:14.098877+00:00,UNO,"ST,316000,GGRR,C,0,0,000",6,1c9f717
2026-10-08T20:40:56.274661+00:00,2026-10-08T20:46:14.224911+00:00,UNO,"ST,316126,YYRR,C,0,0,000",6,1c9f717
2026-10-08T20:40:56.274661+00:00,2026-10-08T20:46:14.599946+00:00,UNO,"ST,316500,YYRR,C,0,0,000",6,1c9f717
2026-10-08T20:40:56.274661+00:00,2026-10-08T20:46:15.099981+00:00,UNO,"ST,317000,YYRR,C,0,0,000",6,1c9f717
2026-10-08T20:40:56.274661+00:00,2026-10-08T20:46:15.599527+00:00,UNO,"ST,317500,YYRR,C,0,0,000",6,1c9f717
2026-10-08T20:40:56.274661+00:00,2026-10-08T20:46:16.099665+00:00,UNO,"ST,318000,YYRR,C,0,0,000",6,1c9f717
2026-10-08T20:40:56.274661+00:00,2026-10-08T20:46:16.225552+00:00,UNO,"ST,318126,RRRR,C,0,0,000",6,1c9f717
2026-10-08T20:40:56.274661+00:00,2026-10-08T20:46:16.600158+00:00,UNO,"ST,318500,RRRR,C,0,0,000",6,1c9f717
2026-10-08T20:40:56.274661+00:00,2026-10-08T20:46:17.100263+00:00,UNO,"ST,319000,RRRR,C,0,0,000",6,1c9f717
2026-10-08T20:40:56.274661+00:00,2026-10-08T20:46:17.226256+00:00,UNO,"ST,319126,RRGG,C,0,0,000",6,1c9f717
2026-10-08T20:40:56.274661+00:00,2026-10-08T20:46:17.600411+00:00,UNO,"ST,319500,RRGG,C,0,0,000",6,1c9f717
2026-10-08T20:40:56.274661+00:00,2026-10-08T20:46:18.099875+00:00,UNO,"ST,320000,RRGG,C,0,0,000",6,1c9f717
2026-10-08T20:40:56.274661+00:00,2026-10-08T20:46:18.600833+00:00,UNO,"ST,320500,RRGG,C,0,0,000",6,1c9f717
2026-10-08T20:40:56.274661+00:00,2026-10-08T20:46:19.100459+00:00,UNO,"ST,321000,RRGG,C,0,0,000",6,1c9f717
2026-10-08T20:40:56.274661+00:00,2026-10-08T20:46:19.600572+00:00,UNO,"ST,321500,RRGG,C,0,0,000",6,1c9f717
2026-10-08T20:40:56.274661+00:00,2026-10-08T20:46:20.101565+00:00,UNO,"ST,322000,RRGG,C,0,0,000",6,1c9f717
2026-10-08T20:40:56.274661+00:00,2026-10-08T20:46:20.227585+00:00,UNO,"ST,322126,RRYY,C,0,0,000",6,1c9f717
2026-10-08T20:40:56.274661+00:00,2026-10-08T20:46:20.601627+00:00,UNO,"ST,322500,RRYY,C,0,0,000",6,1c9f717
2026-10-08T20:40:56.274661+00:00,2026-10-08T20:46:21.101111+00:00,UNO,"ST,323000,RRYY,C,0,0,000",6,1c9f717
2026-10-08T20:40:56.274661+00:00,2026-10-08T20:46:21.600745+00:00,UNO,"ST,323500,RRYY,C,0,0,000",6,1c9f717
2026-10-08T20:40:56.274661+00:00,2026-10-08T20:46:22.101654+00:00,UNO,"ST,324000,RRYY,C,0,0,000",6,1c9f717
2026-10-08T20:40:56.274661+00:00,2026-10-08T20:46:22.227826+00:00,UNO,"ST,324126,RRRR,C,0,0,000",6,1c9f717
2026-10-08T20:40:56.274661+00:00,2026-10-08T20:46:22.601720+00:00,UNO,"ST,324500,RRRR,C,0,0,000",6,1c9f717
2026-10-08T20:40:56.274661+00:00,2026-10-08T20:46:23.101795+00:00,UNO,"ST,325000,RRRR,C,0,0,000",6,1c9f717
2026-10-08T20:40:56.274661+00:00,2026-10-08T20:46:23.227801+00:00,UNO,"ST,325126,GGRR,C,0,0,000",6,1c9f717
2026-10-08T20:40:56.274661+00:00,2026-10-08T20:46:23.602384+00:00,UNO,"ST,325500,GGRR,C,0,0,000",6,1c9f717
2026-10-08T20:40:56.274661+00:00,2026-10-08T20:46:24.102441+00:00,UNO,"ST,326000,GGRR,C,0,0,000",6,1c9f717
2026-10-08T20:40:56.274661+00:00,2026-10-08T20:46:24.601943+00:00,UNO,"ST,326500,GGRR,C,0,0,000",6,1c9f717
2026-10-08T20:40:56.274661+00:00,2026-10-08T20:46:25.102011+00:00,UNO,"ST,327000,GGRR,C,0,0,000",6,1c9f717
2026-10-08T20:40:56.274661+00:00,2026-10-08T20:46:25.603082+00:00,UNO,"ST,327500,GGRR,C,0,0,000",6,1c9f717
2026-10-08T20:40:56.274661+00:00,2026-10-08T20:46:26.102707+00:00,UNO,"ST,328000,GGRR,C,0,0,000",6,1c9f717
2026-10-08T20:40:56.274661+00:00,2026-10-08T20:46:26.228703+00:00,UNO,"ST,328126,YYRR,C,0,0,000",6,1c9f717
2026-10-08T20:40:56.274661+00:00,2026-10-08T20:46:26.602710+00:00,UNO,"ST,328500,YYRR,C,0,0,000",6,1c9f717
2026-10-08T20:40:56.274661+00:00,2026-10-08T20:46:27.103220+00:00,UNO,"ST,329000,YYRR,C,0,0,000",6,1c9f717
2026-10-08T20:40:56.274661+00:00,2026-10-08T20:46:27.603272+00:00,UNO,"ST,329500,YYRR,C,0,0,000",6,1c9f717
2026-10-08T20:40:56.274661+00:00,2026-10-08T20:46:28.102918+00:00,UNO,"ST,330000,YYRR,C,0,0,000",6,1c9f717
2026-10-08T20:40:56.274661+00:00,2026-10-08T20:46:28.229371+00:00,UNO,"ST,330126,RRRR,C,0,0,000",6,1c9f717
2026-10-08T20:40:56.274661+00:00,2026-10-08T20:46:28.602960+00:00,UNO,"ST,330500,RRRR,C,0,0,000",6,1c9f717
2026-10-08T20:40:56.274661+00:00,2026-10-08T20:46:29.104008+00:00,UNO,"ST,331000,RRRR,C,0,0,000",6,1c9f717
2026-10-08T20:40:56.274661+00:00,2026-10-08T20:46:29.230029+00:00,UNO,"ST,331126,RRGG,C,0,0,000",6,1c9f717
2026-10-08T20:40:56.274661+00:00,2026-10-08T20:46:29.603514+00:00,UNO,"ST,331500,RRGG,C,0,0,000",6,1c9f717
2026-10-08T20:40:56.274661+00:00,2026-10-08T20:46:30.103573+00:00,UNO,"ST,332000,RRGG,C,0,0,000",6,1c9f717
2026-10-08T20:40:56.274661+00:00,2026-10-08T20:46:30.604628+00:00,UNO,"ST,332500,RRGG,C,0,0,000",6,1c9f717
2026-10-08T20:40:56.274661+00:00,2026-10-08T20:46:31.104253+00:00,UNO,"ST,333000,RRGG,C,0,0,000",6,1c9f717
2026-10-08T20:40:56.274661+00:00,2026-10-08T20:46:31.604398+00:00,UNO,"ST,333500,RRGG,C,0,0,000",6,1c9f717
2026-10-08T20:40:56.274661+00:00,2026-10-08T20:46:32.103911+00:00,UNO,"ST,334000,RRGG,C,0,0,000",6,1c9f717
2026-10-08T20:40:56.274661+00:00,2026-10-08T20:46:32.230397+00:00,UNO,"ST,334126,RRYY,C,0,0,000",6,1c9f717
2026-10-08T20:40:56.274661+00:00,2026-10-08T20:46:32.604859+00:00,UNO,"ST,334500,RRYY,C,0,0,000",6,1c9f717
2026-10-08T20:40:56.274661+00:00,2026-10-08T20:46:33.104908+00:00,UNO,"ST,335000,RRYY,C,0,0,000",6,1c9f717
2026-10-08T20:40:56.274661+00:00,2026-10-08T20:46:33.604545+00:00,UNO,"ST,335500,RRYY,C,0,0,000",6,1c9f717
2026-10-08T20:40:56.274661+00:00,2026-10-08T20:46:34.104587+00:00,UNO,"ST,336000,RRYY,C,0,0,000",6,1c9f717
2026-10-08T20:40:56.274661+00:00,2026-10-08T20:46:34.231581+00:00,UNO,"ST,336126,RRRR,C,0,0,000",6,1c9f717
2026-10-08T20:40:56.274661+00:00,2026-10-08T20:46:34.605642+00:00,UNO,"ST,336500,RRRR,C,0,0,000",6,1c9f717
2026-10-08T20:40:56.274661+00:00,2026-10-08T20:46:35.105145+00:00,UNO,"ST,337000,RRRR,C,0,0,000",6,1c9f717
2026-10-08T20:40:56.274661+00:00,2026-10-08T20:46:35.231264+00:00,UNO,"ST,337126,GGRR,C,0,0,000",6,1c9f717
2026-10-08T20:40:56.274661+00:00,2026-10-08T20:46:35.605238+00:00,UNO,"ST,337500,GGRR,C,0,0,000",6,1c9f717
2026-10-08T20:40:56.274661+00:00,2026-10-08T20:46:36.105860+00:00,UNO,"ST,338000,GGRR,C,0,0,000",6,1c9f717
2026-10-08T20:40:56.274661+00:00,2026-10-08T20:46:36.605865+00:00,UNO,"ST,338500,GGRR,C,0,0,000",6,1c9f717
2026-10-08T20:40:56.274661+00:00,2026-10-08T20:46:37.105488+00:00,UNO,"ST,339000,GGRR,C,0,0,000",6,1c9f717
2026-10-08T20:40:56.274661+00:00,2026-10-08T20:46:37.605429+00:00,UNO,"ST,339500,GGRR,C,0,0,000",6,1c9f717
2026-10-08T20:40:56.274661+00:00,2026-10-08T20:46:38.106463+00:00,UNO,"ST,340000,GGRR,C,0,0,000",6,1c9f717
2026-10-08T20:40:56.274661+00:00,2026-10-08T20:46:38.232462+00:00,UNO,"ST,340126,YYRR,C,0,0,000",6,1c9f717
2026-10-08T20:40:56.274661+00:00,2026-10-08T20:46:38.606092+00:00,UNO,"ST,340500,YYRR,C,0,0,000",6,1c9f717
2026-10-08T20:40:56.274661+00:00,2026-10-08T20:46:39.106156+00:00,UNO,"ST,341000,YYRR,C,0,0,000",6,1c9f717
2026-10-08T20:40:56.274661+00:00,2026-10-08T20:46:39.607206+00:00,UNO,"ST,341500,YYRR,C,0,0,000",6,1c9f717
2026-10-08T20:40:56.274661+00:00,2026-10-08T20:46:40.106705+00:00,UNO,"ST,342000,YYRR,C,0,0,000",6,1c9f717
2026-10-08T20:40:56.274661+00:00,2026-10-08T20:46:40.232698+00:00,UNO,"ST,342126,RRRR,C,0,0,000",6,1c9f717
2026-10-08T20:40:56.274661+00:00,2026-10-08T20:46:40.606738+00:00,UNO,"ST,342500,RRRR,C,0,0,000",6,1c9f717
2026-10-08T20:40:56.274661+00:00,2026-10-08T20:46:41.106367+00:00,UNO,"ST,343000,RRRR,C,0,0,000",6,1c9f717
2026-10-08T20:40:56.274661+00:00,2026-10-08T20:46:41.232798+00:00,UNO,"ST,343126,RRGG,C,0,0,000",6,1c9f717
2026-10-08T20:40:56.274661+00:00,2026-10-08T20:46:41.607430+00:00,UNO,"ST,343500,RRGG,C,0,0,000",6,1c9f717
2026-10-08T20:40:56.274661+00:00,2026-10-08T20:46:42.107061+00:00,UNO,"ST,344000,RRGG,C,0,0,000",6,1c9f717
2026-10-08T20:40:56.274661+00:00,2026-10-08T20:46:42.606984+00:00,UNO,"ST,344500,RRGG,C,0,0,000",6,1c9f717
2026-10-08T20:40:56.274661+00:00,2026-10-08T20:46:43.108032+00:00,UNO,"ST,345000,RRGG,C,0,0,000",6,1c9f717
2026-10-08T20:40:56.274661+00:00,2026-10-08T20:46:43.607659+00:00,UNO,"ST,345500,RRGG,C,0,0,000",6,1c9f717
2026-10-08T20:40:56.274661+00:00,2026-10-08T20:46:44.107699+00:00,UNO,"ST,346000,RRGG,C,0,0,000",6,1c9f717
2026-10-08T20:40:56.274661+00:00,2026-10-08T20:46:44.233739+00:00,UNO,"ST,346126,RRYY,C,0,0,000",6,1c9f717
2026-10-08T20:40:56.274661+00:00,2026-10-08T20:46:44.607757+00:00,UNO,"ST,346500,RRYY,C,0,0,000",6,1c9f717
2026-10-08T20:40:56.274661+00:00,2026-10-08T20:46:45.108388+00:00,UNO,"ST,347000,RRYY,C,0,0,000",6,1c9f717
2026-10-08T20:40:56.274661+00:00,2026-10-08T20:46:45.608331+00:00,UNO,"ST,347500,RRYY,C,0,0,000",6,1c9f717
2026-10-08T20:40:56.274661+00:00,2026-10-08T20:46:46.108399+00:00,UNO,"ST,348000,RRYY,C,0,0,000",6,1c9f717
2026-10-08T20:40:56.274661+00:00,2026-10-08T20:46:46.234402+00:00,UNO,"ST,348126,RRRR,C,0,0,000",6,1c9f717
2026-10-08T20:40:56.274661+00:00,2026-10-08T20:46:46.608997+00:00,UNO,"ST,348500,RRRR,C,0,0,000",6,1c9f717
2026-10-08T20:40:56.274661+00:00,2026-10-08T20:46:47.109055+00:00,UNO,"ST,349000,RRRR,C,0,0,000",6,1c9f717
2026-10-08T20:40:56.274661+00:00,2026-10-08T20:46:47.235056+00:00,UNO,"ST,349126,GGRR,C,0,0,000",6,1c9f717
2026-10-08T20:40:56.274661+00:00,2026-10-08T20:46:47.608664+00:00,UNO,"ST,349500,GGRR,C,0,0,000",6,1c9f717
2026-10-08T20:40:56.274661+00:00,2026-10-08T20:46:48.108585+00:00,UNO,"ST,350000,GGRR,C,0,0,000",6,1c9f717
2026-10-08T20:40:56.274661+00:00,2026-10-08T20:46:48.609639+00:00,UNO,"ST,350500,GGRR,C,0,0,000",6,1c9f717
2026-10-08T20:40:56.274661+00:00,2026-10-08T20:46:49.109263+00:00,UNO,"ST,351000,GGRR,C,0,0,000",6,1c9f717
2026-10-08T20:40:56.274661+00:00,2026-10-08T20:46:49.609327+00:00,UNO,"ST,351500,GGRR,C,0,0,000",6,1c9f717
2026-10-08T20:40:56.274661+00:00,2026-10-08T20:46:50.108808+00:00,UNO,"ST,352000,GGRR,C,0,0,000",6,1c9f717
2026-10-08T20:40:56.274661+00:00,2026-10-08T20:46:50.235962+00:00,UNO,"ST,352126,YYRR,C,0,0,000",6,1c9f717
2026-10-08T20:40:56.274661+00:00,2026-10-08T20:46:50.609879+00:00,UNO,"ST,352500,YYRR,C,0,0,000",6,1c9f717
2026-10-08T20:40:56.274661+00:00,2026-10-08T20:46:51.109920+00:00,UNO,"ST,353000,YYRR,C,0,0,000",6,1c9f717
2026-10-08T20:40:56.274661+00:00,2026-10-08T20:46:51.609550+00:00,UNO,"ST,353500,YYRR,C,0,0,000",6,1c9f717
2026-10-08T20:40:56.274661+00:00,2026-10-08T20:46:52.110618+00:00,UNO,"ST,354000,YYRR,C,0,0,000",6,1c9f717
2026-10-08T20:40:56.274661+00:00,2026-10-08T20:46:52.236630+00:00,UNO,"ST,354126,RRRR,C,0,0,000",6,1c9f717
2026-10-08T20:40:56.274661+00:00,2026-10-08T20:46:52.610227+00:00,UNO,"ST,354500,RRRR,C,0,0,000",6,1c9f717
2026-10-08T20:40:56.274661+00:00,2026-10-08T20:46:53.110153+00:00,UNO,"ST,355000,RRRR,C,0,0,000",6,1c9f717
2026-10-08T20:40:56.274661+00:00,2026-10-08T20:46:53.236170+00:00,UNO,"ST,355126,RRGG,C,0,0,000",6,1c9f717
2026-10-08T20:40:56.274661+00:00,2026-10-08T20:46:53.610209+00:00,UNO,"ST,355500,RRGG,C,0,0,000",6,1c9f717
2026-10-08T20:40:56.274661+00:00,2026-10-08T20:46:54.110834+00:00,UNO,"ST,356000,RRGG,C,0,0,000",6,1c9f717
2026-10-08T20:40:56.274661+00:00,2026-10-08T20:46:54.610917+00:00,UNO,"ST,356500,RRGG,C,0,0,000",6,1c9f717
2026-10-08T20:40:56.274661+00:00,2026-10-08T20:46:55.110511+00:00,UNO,"ST,357000,RRGG,C,0,0,000",6,1c9f717
2026-10-08T20:40:56.274661+00:00,2026-10-08T20:46:55.611468+00:00,UNO,"ST,357500,RRGG,C,0,0,000",6,1c9f717
2026-10-08T20:40:56.274661+00:00,2026-10-08T20:46:56.111521+00:00,UNO,"ST,358000,RRGG,C,0,0,000",6,1c9f717
2026-10-08T20:40:56.274661+00:00,2026-10-08T20:46:56.237542+00:00,UNO,"ST,358126,RRYY,C,0,0,000",6,1c9f717
2026-10-08T20:40:56.274661+00:00,2026-10-08T20:46:56.611110+00:00,UNO,"ST,358500,RRYY,C,0,0,000",6,1c9f717
2026-10-08T20:40:56.274661+00:00,2026-10-08T20:46:57.111162+00:00,UNO,"ST,359000,RRYY,C,0,0,000",6,1c9f717
2026-10-08T20:40:56.274661+00:00,2026-10-08T20:46:57.612221+00:00,UNO,"ST,359500,RRYY,C,0,0,000",6,1c9f717
2026-10-08T20:40:56.274661+00:00,2026-10-08T20:46:58.111857+00:00,UNO,"ST,360000,RRYY,C,0,0,000",6,1c9f717
2026-10-08T20:40:56.274661+00:00,2026-10-08T20:46:58.237847+00:00,UNO,"ST,360126,RRRR,C,0,0,000",6,1c9f717
2026-10-08T20:40:56.274661+00:00,2026-10-08T20:46:58.611776+00:00,UNO,"ST,360500,RRRR,C,0,0,000",6,1c9f717
2026-10-08T20:40:56.274661+00:00,2026-10-08T20:46:59.112853+00:00,UNO,"ST,361000,RRRR,C,0,0,000",6,1c9f717
2026-10-08T20:40:56.274661+00:00,2026-10-08T20:46:59.238861+00:00,UNO,"ST,361126,GGRR,C,0,0,000",6,1c9f717
2026-10-08T20:40:56.274661+00:00,2026-10-08T20:46:59.612454+00:00,UNO,"ST,361500,GGRR,C,0,0,000",6,1c9f717
2026-10-08T20:40:56.274661+00:00,2026-10-08T20:47:00.112500+00:00,UNO,"ST,362000,GGRR,C,0,0,000",6,1c9f717
2026-10-08T20:40:56.274661+00:00,2026-10-08T20:47:00.611995+00:00,UNO,"ST,362500,GGRR,C,0,0,000",6,1c9f717
2026-10-08T20:40:56.274661+00:00,2026-10-08T20:47:01.113060+00:00,UNO,"ST,363000,GGRR,C,0,0,000",6,1c9f717
2026-10-08T20:40:56.274661+00:00,2026-10-08T20:47:01.613112+00:00,UNO,"ST,363500,GGRR,C,0,0,000",6,1c9f717
2026-10-08T20:40:56.274661+00:00,2026-10-08T20:47:02.112739+00:00,UNO,"ST,364000,GGRR,C,0,0,000",6,1c9f717
2026-10-08T20:40:56.274661+00:00,2026-10-08T20:47:02.238753+00:00,UNO,"ST,364126,YYRR,C,0,0,000",6,1c9f717
2026-10-08T20:40:56.274661+00:00,2026-10-08T20:47:02.613788+00:00,UNO,"ST,364500,YYRR,C,0,0,000",6,1c9f717
2026-10-08T20:40:56.274661+00:00,2026-10-08T20:47:03.113415+00:00,UNO,"ST,365000,YYRR,C,0,0,000",6,1c9f717
2026-10-08T20:40:56.274661+00:00,2026-10-08T20:47:03.613338+00:00,UNO,"ST,365500,YYRR,C,0,0,000",6,1c9f717
2026-10-08T20:40:56.274661+00:00,2026-10-08T20:47:04.113409+00:00,UNO,"ST,366000,YYRR,C,0,0,000",6,1c9f717
2026-10-08T20:40:56.274661+00:00,2026-10-08T20:47:04.239431+00:00,UNO,"ST,366126,RRRR,C,0,0,000",6,1c9f717
2026-10-08T20:40:56.274661+00:00,2026-10-08T20:47:04.614025+00:00,UNO,"ST,366500,RRRR,C,0,0,000",6,1c9f717
2026-10-08T20:40:56.274661+00:00,2026-10-08T20:47:05.113664+00:00,UNO,"ST,367000,RRRR,C,0,0,000",6,1c9f717
2026-10-08T20:40:56.274661+00:00,2026-10-08T20:47:05.240083+00:00,UNO,"ST,367126,RRGG,C,0,0,000",6,1c9f717
2026-10-08T20:40:56.274661+00:00,2026-10-08T20:47:05.613722+00:00,UNO,"ST,367500,RRGG,C,0,0,000",6,1c9f717
2026-10-08T20:40:56.274661+00:00,2026-10-08T20:47:06.113654+00:00,UNO,"ST,368000,RRGG,C,0,0,000",6,1c9f717
2026-10-08T20:40:56.274661+00:00,2026-10-08T20:47:06.614255+00:00,UNO,"ST,368500,RRGG,C,0,0,000",6,1c9f717
2026-10-08T20:40:56.274661+00:00,2026-10-08T20:47:07.114289+00:00,UNO,"ST,369000,RRGG,C,0,0,000",6,1c9f717
2026-10-08T20:40:56.274661+00:00,2026-10-08T20:47:07.614372+00:00,UNO,"ST,369500,RRGG,C,0,0,000",6,1c9f717
2026-10-08T20:40:56.274661+00:00,2026-10-08T20:47:08.115402+00:00,UNO,"ST,370000,RRGG,C,0,0,000",6,1c9f717
2026-10-08T20:40:56.274661+00:00,2026-10-08T20:47:08.241015+00:00,UNO,"ST,370126,RRYY,C,0,0,000",6,1c9f717
2026-10-08T20:40:56.274661+00:00,2026-10-08T20:47:08.614919+00:00,UNO,"ST,370500,RRYY,C,0,0,000",6,1c9f717
2026-10-08T20:40:56.274661+00:00,2026-10-08T20:47:09.114954+00:00,UNO,"ST,371000,RRYY,C,0,0,000",6,1c9f717
2026-10-08T20:40:56.274661+00:00,2026-10-08T20:47:09.614576+00:00,UNO,"ST,371500,RRYY,C,0,0,000",6,1c9f717
2026-10-08T20:40:56.274661+00:00,2026-10-08T20:47:10.115635+00:00,UNO,"ST,372000,RRYY,C,0,0,000",6,1c9f717
2026-10-08T20:40:56.274661+00:00,2026-10-08T20:47:10.241650+00:00,UNO,"ST,372126,RRRR,C,0,0,000",6,1c9f717
2026-10-08T20:40:56.274661+00:00,2026-10-08T20:47:10.615285+00:00,UNO,"ST,372500,RRRR,C,0,0,000",6,1c9f717
2026-10-08T20:40:56.274661+00:00,2026-10-08T20:47:11.115182+00:00,UNO,"ST,373000,RRRR,C,0,0,000",6,1c9f717
2026-10-08T20:40:56.274661+00:00,2026-10-08T20:47:11.241203+00:00,UNO,"ST,373126,GGRR,C,0,0,000",6,1c9f717
2026-10-08T20:40:56.274661+00:00,2026-10-08T20:47:11.616249+00:00,UNO,"ST,373500,GGRR,C,0,0,000",6,1c9f717
2026-10-08T20:40:56.274661+00:00,2026-10-08T20:47:12.116302+00:00,UNO,"ST,374000,GGRR,C,0,0,000",6,1c9f717
2026-10-08T20:40:56.274661+00:00,2026-10-08T20:47:12.615926+00:00,UNO,"ST,374500,GGRR,C,0,0,000",6,1c9f717
2026-10-08T20:40:56.274661+00:00,2026-10-08T20:47:13.115568+00:00,UNO,"ST,375000,GGRR,C,0,0,000",6,1c9f717
2026-10-08T20:40:56.274661+00:00,2026-10-08T20:47:13.616470+00:00,UNO,"ST,375500,GGRR,C,0,0,000",6,1c9f717
2026-10-08T20:40:56.274661+00:00,2026-10-08T20:47:14.116541+00:00,UNO,"ST,376000,GGRR,C,0,0,000",6,1c9f717
2026-10-08T20:40:56.274661+00:00,2026-10-08T20:47:14.242536+00:00,UNO,"ST,376126,YYRR,C,0,0,000",6,1c9f717
2026-10-08T20:40:56.274661+00:00,2026-10-08T20:47:14.616368+00:00,UNO,"ST,376500,YYRR,C,0,0,000",6,1c9f717
2026-10-08T20:40:56.274661+00:00,2026-10-08T20:47:15.117191+00:00,UNO,"ST,377000,YYRR,C,0,0,000",6,1c9f717
2026-10-08T20:40:56.274661+00:00,2026-10-08T20:47:15.616864+00:00,UNO,"ST,377500,YYRR,C,0,0,000",6,1c9f717
2026-10-08T20:40:56.274661+00:00,2026-10-08T20:47:16.116823+00:00,UNO,"ST,378000,YYRR,C,0,0,000",6,1c9f717
2026-10-08T20:40:56.274661+00:00,2026-10-08T20:47:16.242930+00:00,UNO,"ST,378126,RRRR,C,0,0,000",6,1c9f717
2026-10-08T20:40:56.274661+00:00,2026-10-08T20:47:16.616811+00:00,UNO,"ST,378500,RRRR,C,0,0,000",6,1c9f717
2026-10-08T20:40:56.274661+00:00,2026-10-08T20:47:17.117430+00:00,UNO,"ST,379000,RRRR,C,0,0,000",6,1c9f717
2026-10-08T20:40:56.274661+00:00,2026-10-08T20:47:17.243881+00:00,UNO,"ST,379126,RRGG,C,0,0,000",6,1c9f717
2026-10-08T20:40:56.274661+00:00,2026-10-08T20:47:17.617499+00:00,UNO,"ST,379500,RRGG,C,0,0,000",6,1c9f717
2026-10-08T20:40:56.274661+00:00,2026-10-08T20:47:18.117110+00:00,UNO,"ST,380000,RRGG,C,0,0,000",6,1c9f717
2026-10-08T20:40:56.274661+00:00,2026-10-08T20:47:18.618055+00:00,UNO,"ST,380500,RRGG,C,0,0,000",6,1c9f717
2026-10-08T20:40:56.274661+00:00,2026-10-08T20:47:19.118084+00:00,UNO,"ST,381000,RRGG,C,0,0,000",6,1c9f717
2026-10-08T20:40:56.274661+00:00,2026-10-08T20:47:19.617714+00:00,UNO,"ST,381500,RRGG,C,0,0,000",6,1c9f717
2026-10-08T20:40:56.274661+00:00,2026-10-08T20:47:20.117774+00:00,UNO,"ST,382000,RRGG,C,0,0,000",6,1c9f717
2026-10-08T20:40:56.274661+00:00,2026-10-08T20:47:20.243811+00:00,UNO,"ST,382126,RRYY,C,0,0,000",6,1c9f717
2026-10-08T20:40:56.274661+00:00,2026-10-08T20:47:20.618824+00:00,UNO,"ST,382500,RRYY,C,0,0,000",6,1c9f717
2026-10-08T20:40:56.274661+00:00,2026-10-08T20:47:21.118521+00:00,UNO,"ST,383000,RRYY,C,0,0,000",6,1c9f717
2026-10-08T20:40:56.274661+00:00,2026-10-08T20:47:21.618379+00:00,UNO,"ST,383500,RRYY,C,0,0,000",6,1c9f717
2026-10-08T20:40:56.274661+00:00,2026-10-08T20:47:22.118428+00:00,UNO,"ST,384000,RRYY,C,0,0,000",6,1c9f717
2026-10-08T20:40:56.274661+00:00,2026-10-08T20:47:22.245691+00:00,UNO,"ST,384126,RRRR,C,0,0,000",6,1c9f717
2026-10-08T20:40:56.274661+00:00,2026-10-08T20:47:22.619057+00:00,UNO,"ST,384500,RRRR,C,0,0,000",6,1c9f717
2026-10-08T20:40:56.274661+00:00,2026-10-08T20:47:23.119105+00:00,UNO,"ST,385000,RRRR,C,0,0,000",6,1c9f717
2026-10-08T20:40:56.274661+00:00,2026-10-08T20:47:23.245113+00:00,UNO,"ST,385126,GGRR,C,0,0,000",6,1c9f717
2026-10-08T20:40:56.274661+00:00,2026-10-08T20:47:23.618730+00:00,UNO,"ST,385500,GGRR,C,0,0,000",6,1c9f717
2026-10-08T20:40:56.274661+00:00,2026-10-08T20:47:24.119680+00:00,UNO,"ST,386000,GGRR,C,0,0,000",6,1c9f717
2026-10-08T20:40:56.274661+00:00,2026-10-08T20:47:24.619724+00:00,UNO,"ST,386500,GGRR,C,0,0,000",6,1c9f717
2026-10-08T20:40:56.274661+00:00,2026-10-08T20:47:25.119335+00:00,UNO,"ST,387000,GGRR,C,0,0,000",6,1c9f717
2026-10-08T20:40:56.274661+00:00,2026-10-08T20:47:25.619406+00:00,UNO,"ST,387500,GGRR,C,0,0,000",6,1c9f717
2026-10-08T20:40:56.274661+00:00,2026-10-08T20:47:26.120058+00:00,UNO,"ST,388000,GGRR,C,0,0,000",6,1c9f717
2026-10-08T20:40:56.274661+00:00,2026-10-08T20:47:26.246076+00:00,UNO,"ST,388126,YYRR,C,0,0,000",6,1c9f717
2026-10-08T20:40:56.274661+00:00,2026-10-08T20:47:26.619951+00:00,UNO,"ST,388500,YYRR,C,0,0,000",6,1c9f717
2026-10-08T20:40:56.274661+00:00,2026-10-08T20:47:27.120012+00:00,UNO,"ST,389000,YYRR,C,0,0,000",6,1c9f717
2026-10-08T20:40:56.274661+00:00,2026-10-08T20:47:27.620613+00:00,UNO,"ST,389500,YYRR,C,0,0,000",6,1c9f717
2026-10-08T20:40:56.274661+00:00,2026-10-08T20:47:28.120660+00:00,UNO,"ST,390000,YYRR,C,0,0,000",6,1c9f717
2026-10-08T20:40:56.274661+00:00,2026-10-08T20:47:28.246675+00:00,UNO,"ST,390126,RRRR,C,0,0,000",6,1c9f717
2026-10-08T20:40:56.274661+00:00,2026-10-08T20:47:28.620311+00:00,UNO,"ST,390500,RRRR,C,0,0,000",6,1c9f717
2026-10-08T20:40:56.274661+00:00,2026-10-08T20:47:29.120238+00:00,UNO,"ST,391000,RRRR,C,0,0,000",6,1c9f717
2026-10-08T20:40:56.274661+00:00,2026-10-08T20:47:29.246249+00:00,UNO,"ST,391126,RRGG,C,0,0,000",6,1c9f717
2026-10-08T20:40:56.274661+00:00,2026-10-08T20:47:29.621292+00:00,UNO,"ST,391500,RRGG,C,0,0,000",6,1c9f717
2026-10-08T20:40:56.274661+00:00,2026-10-08T20:47:30.120908+00:00,UNO,"ST,392000,RRGG,C,0,0,000",6,1c9f717
2026-10-08T20:40:56.274661+00:00,2026-10-08T20:47:30.621008+00:00,UNO,"ST,392500,RRGG,C,0,0,000",6,1c9f717
2026-10-08T20:40:56.274661+00:00,2026-10-08T20:47:31.122017+00:00,UNO,"ST,393000,RRGG,C,0,0,000",6,1c9f717
2026-10-08T20:40:56.274661+00:00,2026-10-08T20:47:31.621494+00:00,UNO,"ST,393500,RRGG,C,0,0,000",6,1c9f717
2026-10-08T20:40:56.274661+00:00,2026-10-08T20:47:32.121551+00:00,UNO,"ST,394000,RRGG,C,0,0,000",6,1c9f717
2026-10-08T20:40:56.274661+00:00,2026-10-08T20:47:32.247574+00:00,UNO,"ST,394126,RRYY,C,0,0,000",6,1c9f717
2026-10-08T20:40:56.274661+00:00,2026-10-08T20:47:32.621207+00:00,UNO,"ST,394500,RRYY,C,0,0,000",6,1c9f717
2026-10-08T20:40:56.274661+00:00,2026-10-08T20:47:33.122255+00:00,UNO,"ST,395000,RRYY,C,0,0,000",6,1c9f717
2026-10-08T20:40:56.274661+00:00,2026-10-08T20:47:33.622341+00:00,UNO,"ST,395500,RRYY,C,0,0,000",6,1c9f717
2026-10-08T20:40:56.274661+00:00,2026-10-08T20:47:34.121919+00:00,UNO,"ST,396000,RRYY,C,0,0,000",6,1c9f717
2026-10-08T20:40:56.274661+00:00,2026-10-08T20:47:34.247808+00:00,UNO,"ST,396126,RRRR,C,0,0,000",6,1c9f717
2026-10-08T20:40:56.274661+00:00,2026-10-08T20:47:34.622853+00:00,UNO,"ST,396500,RRRR,C,0,0,000",6,1c9f717
2026-10-08T20:40:56.274661+00:00,2026-10-08T20:47:35.122898+00:00,UNO,"ST,397000,RRRR,C,0,0,000",6,1c9f717
2026-10-08T20:40:56.274661+00:00,2026-10-08T20:47:35.248944+00:00,UNO,"ST,397126,GGRR,C,0,0,000",6,1c9f717
2026-10-08T20:40:56.274661+00:00,2026-10-08T20:47:35.622530+00:00,UNO,"ST,397500,GGRR,C,0,0,000",6,1c9f717
2026-10-08T20:40:56.274661+00:00,2026-10-08T20:47:36.122592+00:00,UNO,"ST,398000,GGRR,C,0,0,000",6,1c9f717
2026-10-08T20:40:56.274661+00:00,2026-10-08T20:47:36.623213+00:00,UNO,"ST,398500,GGRR,C,0,0,000",6,1c9f717
2026-10-08T20:40:56.274661+00:00,2026-10-08T20:47:37.123132+00:00,UNO,"ST,399000,GGRR,C,0,0,000",6,1c9f717
2026-10-08T20:40:56.274661+00:00,2026-10-08T20:47:37.623199+00:00,UNO,"ST,399500,GGRR,C,0,0,000",6,1c9f717
2026-10-08T20:40:56.274661+00:00,2026-10-08T20:47:38.122821+00:00,UNO,"ST,400000,GGRR,C,0,0,000",6,1c9f717
2026-10-08T20:40:56.274661+00:00,2026-10-08T20:47:38.206370+00:00,UNO,"EV,400081,SEM_OCORRENCIA,1,BOMBEIRO",6,1c9f717
2026-10-08T20:40:56.274661+00:00,2026-10-08T20:47:38.257785+00:00,UNO,"ST,400134,YYRR,C,0,0,000",6,1c9f717
2026-10-08T20:40:56.274661+00:00,2026-10-08T20:47:38.623412+00:00,UNO,"ST,400500,YYRR,C,0,0,000",6,1c9f717
2026-10-08T20:40:56.274661+00:00,2026-10-08T20:47:39.123356+00:00,UNO,"ST,401000,YYRR,C,0,0,000",6,1c9f717
2026-10-08T20:40:56.274661+00:00,2026-10-08T20:47:39.623434+00:00,UNO,"ST,401500,YYRR,C,0,0,000",6,1c9f717
2026-10-08T20:40:56.274661+00:00,2026-10-08T20:47:39.779421+00:00,UNO,"EV,401655,SEM_OCORRENCIA,1,POLICIA",6,1c9f717
2026-10-08T20:40:56.274661+00:00,2026-10-08T20:47:40.124470+00:00,UNO,"ST,402000,YYRR,C,0,0,000",6,1c9f717
2026-10-08T20:40:56.274661+00:00,2026-10-08T20:47:40.257465+00:00,UNO,"ST,402134,RRRR,C,0,0,000",6,1c9f717
2026-10-08T20:40:56.274661+00:00,2026-10-08T20:47:40.624077+00:00,UNO,"ST,402500,RRRR,C,0,0,000",6,1c9f717
2026-10-08T20:40:56.274661+00:00,2026-10-08T20:47:41.124133+00:00,UNO,"ST,403000,RRRR,C,0,0,000",6,1c9f717
2026-10-08T20:40:56.274661+00:00,2026-10-08T20:47:41.258156+00:00,UNO,"ST,403134,RRGG,C,0,0,000",6,1c9f717
2026-10-08T20:40:56.274661+00:00,2026-10-08T20:47:41.623651+00:00,UNO,"ST,403500,RRGG,C,0,0,000",6,1c9f717
2026-10-08T20:40:56.274661+00:00,2026-10-08T20:47:42.124685+00:00,UNO,"ST,404000,RRGG,C,0,0,000",6,1c9f717
2026-10-08T20:40:56.274661+00:00,2026-10-08T20:47:42.624746+00:00,UNO,"ST,404500,RRGG,C,0,0,000",6,1c9f717
2026-10-08T20:40:56.274661+00:00,2026-10-08T20:47:42.873332+00:00,UNO,"EV,404748,SEM_OCORRENCIA,1,BOMBEIRO",6,1c9f717
2026-10-08T20:40:56.274661+00:00,2026-10-08T20:47:43.124356+00:00,UNO,"ST,405000,RRGG,C,0,0,000",6,1c9f717
2026-10-08T20:40:56.274661+00:00,2026-10-08T20:47:43.625413+00:00,UNO,"ST,405500,RRGG,C,0,0,000",6,1c9f717
2026-10-08T20:40:56.274661+00:00,2026-10-08T20:47:44.125471+00:00,UNO,"ST,406000,RRGG,C,0,0,000",6,1c9f717
2026-10-08T20:40:56.274661+00:00,2026-10-08T20:47:44.259519+00:00,UNO,"ST,406134,RRYY,C,0,0,000",6,1c9f717
2026-10-08T20:40:56.274661+00:00,2026-10-08T20:47:44.624972+00:00,UNO,"ST,406500,RRYY,C,0,0,000",6,1c9f717
2026-10-08T20:40:56.274661+00:00,2026-10-08T20:47:45.125024+00:00,UNO,"ST,407000,RRYY,C,0,0,000",6,1c9f717
2026-10-08T20:40:56.274661+00:00,2026-10-08T20:47:45.625672+00:00,UNO,"ST,407500,RRYY,C,0,0,000",6,1c9f717
2026-10-08T20:40:56.274661+00:00,2026-10-08T20:47:46.125719+00:00,UNO,"ST,408000,RRYY,C,0,0,000",6,1c9f717
2026-10-08T20:40:56.274661+00:00,2026-10-08T20:47:46.260157+00:00,UNO,"ST,408134,RRRR,C,0,0,000",6,1c9f717
2026-10-08T20:40:56.274661+00:00,2026-10-08T20:47:46.625747+00:00,UNO,"ST,408500,RRRR,C,0,0,000",6,1c9f717
2026-10-08T20:40:56.274661+00:00,2026-10-08T20:47:47.126255+00:00,UNO,"ST,409000,RRRR,C,0,0,000",6,1c9f717
2026-10-08T20:40:56.274661+00:00,2026-10-08T20:47:47.259812+00:00,UNO,"ST,409134,GGRR,C,0,0,000",6,1c9f717
2026-10-08T20:40:56.274661+00:00,2026-10-08T20:47:47.626333+00:00,UNO,"ST,409500,GGRR,C,0,0,000",6,1c9f717
2026-10-08T20:40:56.274661+00:00,2026-10-08T20:47:48.125920+00:00,UNO,"ST,410000,GGRR,C,0,0,000",6,1c9f717
2026-10-08T20:40:56.274661+00:00,2026-10-08T20:47:48.625990+00:00,UNO,"ST,410500,GGRR,C,0,0,000",6,1c9f717
2026-10-08T20:40:56.274661+00:00,2026-10-08T20:47:49.126606+00:00,UNO,"ST,411000,GGRR,C,0,0,000",6,1c9f717
2026-10-08T20:40:56.274661+00:00,2026-10-08T20:47:49.626538+00:00,UNO,"ST,411500,GGRR,C,0,0,000",6,1c9f717
2026-10-08T20:40:56.274661+00:00,2026-10-08T20:47:50.126588+00:00,UNO,"ST,412000,GGRR,C,0,0,000",6,1c9f717
2026-10-08T20:40:56.274661+00:00,2026-10-08T20:47:50.260641+00:00,UNO,"ST,412134,YYRR,C,0,0,000",6,1c9f717
2026-10-08T20:40:56.274661+00:00,2026-10-08T20:47:50.627215+00:00,UNO,"ST,412500,YYRR,C,0,0,000",6,1c9f717
2026-10-08T20:40:56.274661+00:00,2026-10-08T20:47:51.127263+00:00,UNO,"ST,413000,YYRR,C,0,0,000",6,1c9f717
2026-10-08T20:40:56.274661+00:00,2026-10-08T20:47:51.626897+00:00,UNO,"ST,413500,YYRR,C,0,0,000",6,1c9f717
2026-10-08T20:40:56.274661+00:00,2026-10-08T20:47:52.126964+00:00,UNO,"ST,414000,YYRR,C,0,0,000",6,1c9f717
2026-10-08T20:40:56.274661+00:00,2026-10-08T20:47:52.261431+00:00,UNO,"ST,414134,RRRR,C,0,0,000",6,1c9f717
2026-10-08T20:40:56.274661+00:00,2026-10-08T20:47:52.627873+00:00,UNO,"ST,414500,RRRR,C,0,0,000",6,1c9f717
2026-10-08T20:40:56.274661+00:00,2026-10-08T20:47:53.127934+00:00,UNO,"ST,415000,RRRR,C,0,0,000",6,1c9f717
2026-10-08T20:40:56.274661+00:00,2026-10-08T20:47:53.261951+00:00,UNO,"ST,415134,RRGG,C,0,0,000",6,1c9f717
2026-10-08T20:40:56.274661+00:00,2026-10-08T20:47:53.627545+00:00,UNO,"ST,415500,RRGG,C,0,0,000",6,1c9f717
2026-10-08T20:40:56.274661+00:00,2026-10-08T20:47:54.127611+00:00,UNO,"ST,416000,RRGG,C,0,0,000",6,1c9f717
2026-10-08T20:40:56.274661+00:00,2026-10-08T20:47:54.628114+00:00,UNO,"ST,416500,RRGG,C,0,0,000",6,1c9f717
2026-10-08T20:40:56.274661+00:00,2026-10-08T20:47:55.128174+00:00,UNO,"ST,417000,RRGG,C,0,0,000",6,1c9f717
2026-10-08T20:40:56.274661+00:00,2026-10-08T20:47:55.628246+00:00,UNO,"ST,417500,RRGG,C,0,0,000",6,1c9f717
2026-10-08T20:40:56.274661+00:00,2026-10-08T20:47:56.128886+00:00,UNO,"ST,418000,RRGG,C,0,0,000",6,1c9f717
2026-10-08T20:40:56.274661+00:00,2026-10-08T20:47:56.262289+00:00,UNO,"ST,418134,RRYY,C,0,0,000",6,1c9f717
2026-10-08T20:40:56.274661+00:00,2026-10-08T20:47:56.628874+00:00,UNO,"ST,418500,RRYY,C,0,0,000",6,1c9f717
2026-10-08T20:40:56.274661+00:00,2026-10-08T20:47:57.128517+00:00,UNO,"ST,419000,RRYY,C,0,0,000",6,1c9f717
2026-10-08T20:40:56.274661+00:00,2026-10-08T20:47:57.628462+00:00,UNO,"ST,419500,RRYY,C,0,0,000",6,1c9f717
2026-10-08T20:40:56.274661+00:00,2026-10-08T20:47:58.129512+00:00,UNO,"ST,420000,RRYY,C,0,0,000",6,1c9f717
2026-10-08T20:40:56.274661+00:00,2026-10-08T20:47:58.263531+00:00,UNO,"ST,420134,RRRR,C,0,0,000",6,1c9f717
2026-10-08T20:40:56.274661+00:00,2026-10-08T20:47:58.629101+00:00,UNO,"ST,420500,RRRR,C,0,0,000",6,1c9f717
2026-10-08T20:40:56.274661+00:00,2026-10-08T20:47:59.129167+00:00,UNO,"ST,421000,RRRR,C,0,0,000",6,1c9f717
2026-10-08T20:40:56.274661+00:00,2026-10-08T20:47:59.263195+00:00,UNO,"ST,421134,GGRR,C,0,0,000",6,1c9f717
2026-10-08T20:40:56.274661+00:00,2026-10-08T20:47:59.630225+00:00,UNO,"ST,421500,GGRR,C,0,0,000",6,1c9f717
2026-10-08T20:40:56.274661+00:00,2026-10-08T20:48:00.129719+00:00,UNO,"ST,422000,GGRR,C,0,0,000",6,1c9f717
2026-10-08T20:40:56.274661+00:00,2026-10-08T20:48:00.629800+00:00,UNO,"ST,422500,GGRR,C,0,0,000",6,1c9f717
2026-10-08T20:40:56.274661+00:00,2026-10-08T20:48:01.129411+00:00,UNO,"ST,423000,GGRR,C,0,0,000",6,1c9f717
2026-10-08T20:40:56.274661+00:00,2026-10-08T20:48:01.630465+00:00,UNO,"ST,423500,GGRR,C,0,0,000",6,1c9f717
2026-10-08T20:40:56.274661+00:00,2026-10-08T20:48:02.130525+00:00,UNO,"ST,424000,GGRR,C,0,0,000",6,1c9f717
2026-10-08T20:40:56.274661+00:00,2026-10-08T20:48:02.264532+00:00,UNO,"ST,424134,YYRR,C,0,0,000",6,1c9f717
2026-10-08T20:40:56.274661+00:00,2026-10-08T20:48:02.630008+00:00,UNO,"ST,424500,YYRR,C,0,0,000",6,1c9f717
2026-10-08T20:40:56.274661+00:00,2026-10-08T20:48:03.131079+00:00,UNO,"ST,425000,YYRR,C,0,0,000",6,1c9f717
2026-10-08T20:40:56.274661+00:00,2026-10-08T20:48:03.630689+00:00,UNO,"ST,425500,YYRR,C,0,0,000",6,1c9f717
2026-10-08T20:40:56.274661+00:00,2026-10-08T20:48:04.130759+00:00,UNO,"ST,426000,YYRR,C,0,0,000",6,1c9f717
2026-10-08T20:40:56.274661+00:00,2026-10-08T20:48:04.264750+00:00,UNO,"ST,426134,RRRR,C,0,0,000",6,1c9f717
2026-10-08T20:40:56.274661+00:00,2026-10-08T20:48:04.630373+00:00,UNO,"ST,426500,RRRR,C,0,0,000",6,1c9f717
2026-10-08T20:40:56.274661+00:00,2026-10-08T20:48:05.131295+00:00,UNO,"ST,427000,RRRR,C,0,0,000",6,1c9f717
2026-10-08T20:40:56.274661+00:00,2026-10-08T20:48:05.265868+00:00,UNO,"ST,427134,RRGG,C,0,0,000",6,1c9f717
2026-10-08T20:40:56.274661+00:00,2026-10-08T20:48:05.631368+00:00,UNO,"ST,427500,RRGG,C,0,0,000",6,1c9f717
2026-10-08T20:40:56.274661+00:00,2026-10-08T20:48:06.131004+00:00,UNO,"ST,428000,RRGG,C,0,0,000",6,1c9f717
2026-10-08T20:40:56.274661+00:00,2026-10-08T20:48:06.632025+00:00,UNO,"ST,428500,RRGG,C,0,0,000",6,1c9f717
2026-10-08T20:40:56.274661+00:00,2026-10-08T20:48:07.131645+00:00,UNO,"ST,429000,RRGG,C,0,0,000",6,1c9f717
2026-10-08T20:40:56.274661+00:00,2026-10-08T20:48:07.631584+00:00,UNO,"ST,429500,RRGG,C,0,0,000",6,1c9f717
2026-10-08T20:40:56.274661+00:00,2026-10-08T20:48:08.131635+00:00,UNO,"ST,430000,RRGG,C,0,0,000",6,1c9f717
2026-10-08T20:40:56.274661+00:00,2026-10-08T20:48:08.265633+00:00,UNO,"ST,430134,RRYY,C,0,0,000",6,1c9f717
2026-10-08T20:40:56.274661+00:00,2026-10-08T20:48:08.632693+00:00,UNO,"ST,430500,RRYY,C,0,0,000",6,1c9f717
2026-10-08T20:40:56.274661+00:00,2026-10-08T20:48:09.132345+00:00,UNO,"ST,431000,RRYY,C,0,0,000",6,1c9f717
2026-10-08T20:40:56.274661+00:00,2026-10-08T20:48:09.631935+00:00,UNO,"ST,431500,RRYY,C,0,0,000",6,1c9f717
2026-10-08T20:40:56.274661+00:00,2026-10-08T20:48:10.131872+00:00,UNO,"ST,432000,RRYY,C,0,0,000",6,1c9f717
2026-10-08T20:40:56.274661+00:00,2026-10-08T20:48:10.265989+00:00,UNO,"ST,432134,RRRR,C,0,0,000",6,1c9f717
2026-10-08T20:40:56.274661+00:00,2026-10-08T20:48:10.632904+00:00,UNO,"ST,432500,RRRR,C,0,0,000",6,1c9f717
2026-10-08T20:40:56.274661+00:00,2026-10-08T20:48:11.132984+00:00,UNO,"ST,433000,RRRR,C,0,0,000",6,1c9f717
2026-10-08T20:40:56.274661+00:00,2026-10-08T20:48:11.266984+00:00,UNO,"ST,433134,GGRR,C,0,0,000",6,1c9f717
2026-10-08T20:40:56.274661+00:00,2026-10-08T20:48:11.632595+00:00,UNO,"ST,433500,GGRR,C,0,0,000",6,1c9f717
2026-10-08T20:40:56.274661+00:00,2026-10-08T20:48:12.133663+00:00,UNO,"ST,434000,GGRR,C,0,0,000",6,1c9f717
2026-10-08T20:40:56.274661+00:00,2026-10-08T20:48:12.633284+00:00,UNO,"ST,434500,GGRR,C,0,0,000",6,1c9f717
2026-10-08T20:40:56.274661+00:00,2026-10-08T20:48:13.133207+00:00,UNO,"ST,435000,GGRR,C,0,0,000",6,1c9f717
2026-10-08T20:40:56.274661+00:00,2026-10-08T20:48:13.632801+00:00,UNO,"ST,435500,GGRR,C,0,0,000",6,1c9f717
2026-10-08T20:40:56.274661+00:00,2026-10-08T20:48:14.133881+00:00,UNO,"ST,436000,GGRR,C,0,0,000",6,1c9f717
2026-10-08T20:40:56.274661+00:00,2026-10-08T20:48:14.268325+00:00,UNO,"ST,436134,YYRR,C,0,0,000",6,1c9f717
2026-10-08T20:40:56.274661+00:00,2026-10-08T20:48:14.633919+00:00,UNO,"ST,436500,YYRR,C,0,0,000",6,1c9f717
2026-10-08T20:40:56.274661+00:00,2026-10-08T20:48:15.133572+00:00,UNO,"ST,437000,YYRR,C,0,0,000",6,1c9f717
2026-10-08T20:40:56.274661+00:00,2026-10-08T20:48:15.634512+00:00,UNO,"ST,437500,YYRR,C,0,0,000",6,1c9f717
2026-10-08T20:40:56.274661+00:00,2026-10-08T20:48:16.134562+00:00,UNO,"ST,438000,YYRR,C,0,0,000",6,1c9f717
2026-10-08T20:40:56.274661+00:00,2026-10-08T20:48:16.268546+00:00,UNO,"ST,438134,RRRR,C,0,0,000",6,1c9f717
2026-10-08T20:40:56.274661+00:00,2026-10-08T20:48:16.634161+00:00,UNO,"ST,438500,RRRR,C,0,0,000",6,1c9f717
2026-10-08T20:40:56.274661+00:00,2026-10-08T20:48:17.133796+00:00,UNO,"ST,439000,RRRR,C,0,0,000",6,1c9f717
2026-10-08T20:40:56.274661+00:00,2026-10-08T20:48:17.268200+00:00,UNO,"ST,439134,RRGG,C,0,0,000",6,1c9f717
2026-10-08T20:40:56.274661+00:00,2026-10-08T20:48:17.635491+00:00,UNO,"ST,439500,RRGG,C,0,0,000",6,1c9f717
2026-10-08T20:40:56.274661+00:00,2026-10-08T20:48:18.134783+00:00,UNO,"ST,440000,RRGG,C,0,0,000",6,1c9f717
2026-10-08T20:40:56.274661+00:00,2026-10-08T20:48:18.634817+00:00,UNO,"ST,440500,RRGG,C,0,0,000",6,1c9f717
2026-10-08T20:40:56.274661+00:00,2026-10-08T20:48:19.135446+00:00,UNO,"ST,441000,RRGG,C,0,0,000",6,1c9f717
2026-10-08T20:40:56.274661+00:00,2026-10-08T20:48:19.635774+00:00,UNO,"ST,441500,RRGG,C,0,0,000",6,1c9f717
2026-10-08T20:40:56.274661+00:00,2026-10-08T20:48:20.135136+00:00,UNO,"ST,442000,RRGG,C,0,0,000",6,1c9f717
2026-10-08T20:40:56.274661+00:00,2026-10-08T20:48:20.269555+00:00,UNO,"ST,442134,RRYY,C,0,0,000",6,1c9f717
2026-10-08T20:40:56.274661+00:00,2026-10-08T20:48:20.635043+00:00,UNO,"ST,442500,RRYY,C,0,0,000",6,1c9f717
2026-10-08T20:40:56.274661+00:00,2026-10-08T20:48:21.136102+00:00,UNO,"ST,443000,RRYY,C,0,0,000",6,1c9f717
2026-10-08T20:40:56.274661+00:00,2026-10-08T20:48:21.635714+00:00,UNO,"ST,443500,RRYY,C,0,0,000",6,1c9f717
2026-10-08T20:40:56.274661+00:00,2026-10-08T20:48:22.135766+00:00,UNO,"ST,444000,RRYY,C,0,0,000",6,1c9f717
2026-10-08T20:40:56.274661+00:00,2026-10-08T20:48:22.269775+00:00,UNO,"ST,444134,RRRR,C,0,0,000",6,1c9f717
2026-10-08T20:40:56.274661+00:00,2026-10-08T20:48:22.636821+00:00,UNO,"ST,444500,RRRR,C,0,0,000",6,1c9f717
2026-10-08T20:40:56.274661+00:00,2026-10-08T20:48:23.136333+00:00,UNO,"ST,445000,RRRR,C,0,0,000",6,1c9f717
2026-10-08T20:40:56.274661+00:00,2026-10-08T20:48:23.270891+00:00,UNO,"ST,445134,GGRR,C,0,0,000",6,1c9f717
2026-10-08T20:40:56.274661+00:00,2026-10-08T20:48:23.636362+00:00,UNO,"ST,445500,GGRR,C,0,0,000",6,1c9f717
2026-10-08T20:40:56.274661+00:00,2026-10-08T20:48:24.136426+00:00,UNO,"ST,446000,GGRR,C,0,0,000",6,1c9f717
2026-10-08T20:40:56.274661+00:00,2026-10-08T20:48:24.637046+00:00,UNO,"ST,446500,GGRR,C,0,0,000",6,1c9f717
2026-10-08T20:40:56.274661+00:00,2026-10-08T20:48:25.137158+00:00,UNO,"ST,447000,GGRR,C,0,0,000",6,1c9f717
2026-10-08T20:40:56.274661+00:00,2026-10-08T20:48:25.636644+00:00,UNO,"ST,447500,GGRR,C,0,0,000",6,1c9f717
2026-10-08T20:40:56.274661+00:00,2026-10-08T20:48:26.136689+00:00,UNO,"ST,448000,GGRR,C,0,0,000",6,1c9f717
2026-10-08T20:40:56.274661+00:00,2026-10-08T20:48:26.270668+00:00,UNO,"ST,448134,YYRR,C,0,0,000",6,1c9f717
2026-10-08T20:40:56.274661+00:00,2026-10-08T20:48:26.637730+00:00,UNO,"ST,448500,YYRR,C,0,0,000",6,1c9f717
2026-10-08T20:40:56.274661+00:00,2026-10-08T20:48:27.137352+00:00,UNO,"ST,449000,YYRR,C,0,0,000",6,1c9f717
2026-10-08T20:40:56.274661+00:00,2026-10-08T20:48:27.636992+00:00,UNO,"ST,449500,YYRR,C,0,0,000",6,1c9f717
2026-10-08T20:40:56.274661+00:00,2026-10-08T20:48:28.138025+00:00,UNO,"ST,450000,YYRR,C,0,0,000",6,1c9f717
2026-10-08T20:40:56.274661+00:00,2026-10-08T20:48:28.271045+00:00,UNO,"ST,450134,RRRR,C,0,0,000",6,1c9f717
2026-10-08T20:40:56.274661+00:00,2026-10-08T20:48:28.637927+00:00,UNO,"ST,450500,RRRR,C,0,0,000",6,1c9f717
2026-10-08T20:40:56.274661+00:00,2026-10-08T20:48:29.137999+00:00,UNO,"ST,451000,RRRR,C,0,0,000",6,1c9f717
2026-10-08T20:40:56.274661+00:00,2026-10-08T20:48:29.272004+00:00,UNO,"ST,451134,RRGG,C,0,0,000",6,1c9f717
2026-10-08T20:40:56.274661+00:00,2026-10-08T20:48:29.637617+00:00,UNO,"ST,451500,RRGG,C,0,0,000",6,1c9f717
2026-10-08T20:40:56.274661+00:00,2026-10-08T20:48:30.138665+00:00,UNO,"ST,452000,RRGG,C,0,0,000",6,1c9f717
2026-10-08T20:40:56.274661+00:00,2026-10-08T20:48:30.638298+00:00,UNO,"ST,452500,RRGG,C,0,0,000",6,1c9f717
2026-10-08T20:40:56.274661+00:00,2026-10-08T20:48:31.138214+00:00,UNO,"ST,453000,RRGG,C,0,0,000",6,1c9f717
2026-10-08T20:40:56.274661+00:00,2026-10-08T20:48:31.638857+00:00,UNO,"ST,453500,RRGG,C,0,0,000",6,1c9f717
2026-10-08T20:40:56.274661+00:00,2026-10-08T20:48:32.138884+00:00,UNO,"ST,454000,RRGG,C,0,0,000",6,1c9f717
2026-10-08T20:40:56.274661+00:00,2026-10-08T20:48:32.273364+00:00,UNO,"ST,454134,RRYY,C,0,0,000",6,1c9f717
2026-10-08T20:40:56.274661+00:00,2026-10-08T20:48:32.638954+00:00,UNO,"ST,454500,RRYY,C,0,0,000",6,1c9f717
2026-10-08T20:40:56.274661+00:00,2026-10-08T20:48:33.138453+00:00,UNO,"ST,455000,RRYY,C,0,0,000",6,1c9f717
2026-10-08T20:40:56.274661+00:00,2026-10-08T20:48:33.639505+00:00,UNO,"ST,455500,RRYY,C,0,0,000",6,1c9f717
2026-10-08T20:40:56.274661+00:00,2026-10-08T20:48:34.139559+00:00,UNO,"ST,456000,RRYY,C,0,0,000",6,1c9f717
2026-10-08T20:40:56.274661+00:00,2026-10-08T20:48:34.273585+00:00,UNO,"ST,456134,RRRR,C,0,0,000",6,1c9f717
2026-10-08T20:40:56.274661+00:00,2026-10-08T20:48:34.639627+00:00,UNO,"ST,456500,RRRR,C,0,0,000",6,1c9f717
2026-10-08T20:40:56.274661+00:00,2026-10-08T20:48:35.140238+00:00,UNO,"ST,457000,RRRR,C,0,0,000",6,1c9f717
2026-10-08T20:40:56.274661+00:00,2026-10-08T20:48:35.273285+00:00,UNO,"ST,457134,GGRR,C,0,0,000",6,1c9f717
2026-10-08T20:40:56.274661+00:00,2026-10-08T20:48:35.640322+00:00,UNO,"ST,457500,GGRR,C,0,0,000",6,1c9f717
2026-10-08T20:40:56.274661+00:00,2026-10-08T20:48:36.139812+00:00,UNO,"ST,458000,GGRR,C,0,0,000",6,1c9f717
2026-10-08T20:40:56.274661+00:00,2026-10-08T20:48:36.639846+00:00,UNO,"ST,458500,GGRR,C,0,0,000",6,1c9f717
2026-10-08T20:40:56.274661+00:00,2026-10-08T20:48:37.140464+00:00,UNO,"ST,459000,GGRR,C,0,0,000",6,1c9f717
2026-10-08T20:40:56.274661+00:00,2026-10-08T20:48:37.640509+00:00,UNO,"ST,459500,GGRR,C,0,0,000",6,1c9f717
2026-10-08T20:40:56.274661+00:00,2026-10-08T20:48:38.140233+00:00,UNO,"ST,460000,GGRR,C,0,0,000",6,1c9f717
2026-10-08T20:40:56.274661+00:00,2026-10-08T20:48:38.274592+00:00,UNO,"ST,460134,YYRR,C,0,0,000",6,1c9f717
2026-10-08T20:40:56.274661+00:00,2026-10-08T20:48:38.641088+00:00,UNO,"ST,460500,YYRR,C,0,0,000",6,1c9f717
2026-10-08T20:40:56.274661+00:00,2026-10-08T20:48:39.141123+00:00,UNO,"ST,461000,YYRR,C,0,0,000",6,1c9f717
2026-10-08T20:40:56.274661+00:00,2026-10-08T20:48:39.640763+00:00,UNO,"ST,461500,YYRR,C,0,0,000",6,1c9f717
2026-10-08T20:40:56.274661+00:00,2026-10-08T20:48:40.140800+00:00,UNO,"ST,462000,YYRR,C,0,0,000",6,1c9f717
2026-10-08T20:40:56.274661+00:00,2026-10-08T20:48:40.275254+00:00,UNO,"ST,462134,RRRR,C,0,0,000",6,1c9f717
2026-10-08T20:40:56.274661+00:00,2026-10-08T20:48:40.641856+00:00,UNO,"ST,462500,RRRR,C,0,0,000",6,1c9f717
2026-10-08T20:40:56.274661+00:00,2026-10-08T20:48:41.141347+00:00,UNO,"ST,463000,RRRR,C,0,0,000",6,1c9f717
2026-10-08T20:40:56.274661+00:00,2026-10-08T20:48:41.276170+00:00,UNO,"ST,463134,RRGG,C,0,0,000",6,1c9f717
2026-10-08T20:40:56.274661+00:00,2026-10-08T20:48:41.641412+00:00,UNO,"ST,463500,RRGG,C,0,0,000",6,1c9f717
2026-10-08T20:40:56.274661+00:00,2026-10-08T20:48:42.141028+00:00,UNO,"ST,464000,RRGG,C,0,0,000",6,1c9f717
2026-10-08T20:40:56.274661+00:00,2026-10-08T20:48:42.642086+00:00,UNO,"ST,464500,RRGG,C,0,0,000",6,1c9f717
2026-10-08T20:40:56.274661+00:00,2026-10-08T20:48:43.141713+00:00,UNO,"ST,465000,RRGG,C,0,0,000",6,1c9f717
2026-10-08T20:40:56.274661+00:00,2026-10-08T20:48:43.641771+00:00,UNO,"ST,465500,RRGG,C,0,0,000",6,1c9f717
2026-10-08T20:40:56.274661+00:00,2026-10-08T20:48:44.142687+00:00,UNO,"ST,466000,RRGG,C,0,0,000",6,1c9f717
2026-10-08T20:40:56.274661+00:00,2026-10-08T20:48:44.275928+00:00,UNO,"ST,466134,RRYY,C,0,0,000",6,1c9f717
2026-10-08T20:40:56.274661+00:00,2026-10-08T20:48:44.642979+00:00,UNO,"ST,466500,RRYY,C,0,0,000",6,1c9f717
2026-10-08T20:40:56.274661+00:00,2026-10-08T20:48:45.149382+00:00,UNO,"ST,467002,RRYY,C,0,0,000",6,1c9f717
2026-10-08T20:40:56.274661+00:00,2026-10-08T20:48:45.172562+00:00,UNO,"EV,467002,SEM_OCORRENCIA,1,POLICIA",1,1c9f717
2026-10-08T20:40:56.274661+00:00,2026-10-08T20:48:45.642455+00:00,UNO,"ST,467500,RRYY,C,0,0,000",6,1c9f717
2026-10-08T20:40:56.274661+00:00,2026-10-08T20:48:46.143076+00:00,UNO,"ST,468000,RRYY,C,0,0,000",6,1c9f717
2026-10-08T20:40:56.274661+00:00,2026-10-08T20:48:46.277519+00:00,UNO,"ST,468134,RRRR,C,0,0,000",6,1c9f717
2026-10-08T20:40:56.274661+00:00,2026-10-08T20:48:46.642995+00:00,UNO,"ST,468500,RRRR,C,0,0,000",6,1c9f717
2026-10-08T20:40:56.274661+00:00,2026-10-08T20:48:47.143142+00:00,UNO,"ST,469000,RRRR,C,0,0,000",6,1c9f717
2026-10-08T20:40:56.274661+00:00,2026-10-08T20:48:47.277068+00:00,UNO,"ST,469134,GGRR,C,0,0,000",6,1c9f717
2026-10-08T20:40:56.274661+00:00,2026-10-08T20:48:47.643649+00:00,UNO,"ST,469500,GGRR,C,0,0,000",6,1c9f717
2026-10-08T20:40:56.274661+00:00,2026-10-08T20:48:48.143695+00:00,UNO,"ST,470000,GGRR,C,0,0,000",6,1c9f717
2026-10-08T20:40:56.274661+00:00,2026-10-08T20:48:48.643343+00:00,UNO,"ST,470500,GGRR,C,0,0,000",6,1c9f717
2026-10-08T20:40:56.274661+00:00,2026-10-08T20:48:48.878991+00:00,UNO,"EV,470733,SEM_OCORRENCIA,2,BOMBEIRO",6,1c9f717
2026-10-08T20:40:56.274661+00:00,2026-10-08T20:48:49.143248+00:00,UNO,"ST,471000,GGRR,C,0,0,000",6,1c9f717
2026-10-08T20:40:56.274661+00:00,2026-10-08T20:48:49.644309+00:00,UNO,"ST,471500,GGRR,C,0,0,000",6,1c9f717
2026-10-08T20:40:56.274661+00:00,2026-10-08T20:48:50.143948+00:00,UNO,"ST,472000,GGRR,C,0,0,000",6,1c9f717
2026-10-08T20:40:56.274661+00:00,2026-10-08T20:48:50.278568+00:00,UNO,"ST,472134,YYRR,C,0,0,000",6,1c9f717
2026-10-08T20:40:56.274661+00:00,2026-10-08T20:48:50.643995+00:00,UNO,"ST,472500,YYRR,C,0,0,000",6,1c9f717
2026-10-08T20:40:56.274661+00:00,2026-10-08T20:48:51.144626+00:00,UNO,"ST,473000,YYRR,C,0,0,000",6,1c9f717
2026-10-08T20:40:56.274661+00:00,2026-10-08T20:48:51.644558+00:00,UNO,"ST,473500,YYRR,C,0,0,000",6,1c9f717
2026-10-08T20:40:56.274661+00:00,2026-10-08T20:48:52.144613+00:00,UNO,"ST,474000,YYRR,C,0,0,000",6,1c9f717
2026-10-08T20:40:56.274661+00:00,2026-10-08T20:48:52.278609+00:00,UNO,"ST,474134,RRRR,C,0,0,000",6,1c9f717
2026-10-08T20:40:56.274661+00:00,2026-10-08T20:48:52.644448+00:00,UNO,"ST,474500,RRRR,C,0,0,000",6,1c9f717
2026-10-08T20:40:56.274661+00:00,2026-10-08T20:48:53.145282+00:00,UNO,"ST,475000,RRRR,C,0,0,000",6,1c9f717
2026-10-08T20:40:56.274661+00:00,2026-10-08T20:48:53.279715+00:00,UNO,"ST,475134,RRGG,C,0,0,000",6,1c9f717
2026-10-08T20:40:56.274661+00:00,2026-10-08T20:48:53.644901+00:00,UNO,"ST,475500,RRGG,C,0,0,000",6,1c9f717
2026-10-08T20:40:56.274661+00:00,2026-10-08T20:48:54.144831+00:00,UNO,"ST,476000,RRGG,C,0,0,000",6,1c9f717
2026-10-08T20:40:56.274661+00:00,2026-10-08T20:48:54.645892+00:00,UNO,"ST,476500,RRGG,C,0,0,000",6,1c9f717
2026-10-08T20:40:56.274661+00:00,2026-10-08T20:48:55.145514+00:00,UNO,"ST,477000,RRGG,C,0,0,000",6,1c9f717
2026-10-08T20:40:56.274661+00:00,2026-10-08T20:48:55.645585+00:00,UNO,"ST,477500,RRGG,C,0,0,000",6,1c9f717
2026-10-08T20:40:56.274661+00:00,2026-10-08T20:48:56.145210+00:00,UNO,"ST,478000,RRGG,C,0,0,000",6,1c9f717
2026-10-08T20:40:56.274661+00:00,2026-10-08T20:48:56.279685+00:00,UNO,"ST,478134,RRYY,C,0,0,000",6,1c9f717
2026-10-08T20:40:56.274661+00:00,2026-10-08T20:48:56.646222+00:00,UNO,"ST,478500,RRYY,C,0,0,000",6,1c9f717
2026-10-08T20:40:56.274661+00:00,2026-10-08T20:48:57.146167+00:00,UNO,"ST,479000,RRYY,C,0,0,000",6,1c9f717
2026-10-08T20:40:56.274661+00:00,2026-10-08T20:48:57.645791+00:00,UNO,"ST,479500,RRYY,C,0,0,000",6,1c9f717
2026-10-08T20:40:56.274661+00:00,2026-10-08T20:48:58.146412+00:00,UNO,"ST,480000,RRYY,C,0,0,000",6,1c9f717
2026-10-08T20:40:56.274661+00:00,2026-10-08T20:48:58.280509+00:00,UNO,"ST,480134,RRRR,C,0,0,000",6,1c9f717
2026-10-08T20:40:56.274661+00:00,2026-10-08T20:48:58.646896+00:00,UNO,"ST,480500,RRRR,C,0,0,000",6,1c9f717
2026-10-08T20:40:56.274661+00:00,2026-10-08T20:48:59.146404+00:00,UNO,"ST,481000,RRRR,C,0,0,000",6,1c9f717
2026-10-08T20:40:56.274661+00:00,2026-10-08T20:48:59.280950+00:00,UNO,"ST,481134,GGRR,C,0,0,000",6,1c9f717
2026-10-08T20:40:56.274661+00:00,2026-10-08T20:48:59.646447+00:00,UNO,"ST,481500,GGRR,C,0,0,000",6,1c9f717
2026-10-08T20:40:56.274661+00:00,2026-10-08T20:49:00.147726+00:00,UNO,"ST,482000,GGRR,C,0,0,000",6,1c9f717
2026-10-08T20:40:56.274661+00:00,2026-10-08T20:49:00.647116+00:00,UNO,"ST,482500,GGRR,C,0,0,000",6,1c9f717
2026-10-08T20:40:56.274661+00:00,2026-10-08T20:49:01.146767+00:00,UNO,"ST,483000,GGRR,C,0,0,000",6,1c9f717
2026-10-08T20:40:56.274661+00:00,2026-10-08T20:49:01.646872+00:00,UNO,"ST,483500,GGRR,C,0,0,000",6,1c9f717
2026-10-08T20:40:56.274661+00:00,2026-10-08T20:49:02.147742+00:00,UNO,"ST,484000,GGRR,C,0,0,000",6,1c9f717
2026-10-08T20:40:56.274661+00:00,2026-10-08T20:49:02.281803+00:00,UNO,"ST,484134,YYRR,C,0,0,000",6,1c9f717
2026-10-08T20:40:56.274661+00:00,2026-10-08T20:49:02.647354+00:00,UNO,"ST,484500,YYRR,C,0,0,000",6,1c9f717
2026-10-08T20:40:56.274661+00:00,2026-10-08T20:49:03.147420+00:00,UNO,"ST,485000,YYRR,C,0,0,000",6,1c9f717
2026-10-08T20:40:56.274661+00:00,2026-10-08T20:49:03.648033+00:00,UNO,"ST,485500,YYRR,C,0,0,000",6,1c9f717
2026-10-08T20:40:56.274661+00:00,2026-10-08T20:49:04.147988+00:00,UNO,"ST,486000,YYRR,C,0,0,000",6,1c9f717
2026-10-08T20:40:56.274661+00:00,2026-10-08T20:49:04.282524+00:00,UNO,"ST,486134,RRRR,C,0,0,000",6,1c9f717
2026-10-08T20:40:56.274661+00:00,2026-10-08T20:49:04.648236+00:00,UNO,"ST,486500,RRRR,C,0,0,000",6,1c9f717
2026-10-08T20:40:56.274661+00:00,2026-10-08T20:49:05.148082+00:00,UNO,"ST,487000,RRRR,C,0,0,000",6,1c9f717
2026-10-08T20:40:56.274661+00:00,2026-10-08T20:49:05.282094+00:00,UNO,"ST,487134,RRGG,C,0,0,000",6,1c9f717
2026-10-08T20:40:56.274661+00:00,2026-10-08T20:49:05.648720+00:00,UNO,"ST,487500,RRGG,C,0,0,000",6,1c9f717
2026-10-08T20:40:56.274661+00:00,2026-10-08T20:49:06.148770+00:00,UNO,"ST,488000,RRGG,C,0,0,000",6,1c9f717
2026-10-08T20:40:56.274661+00:00,2026-10-08T20:49:06.648256+00:00,UNO,"ST,488500,RRGG,C,0,0,000",6,1c9f717
2026-10-08T20:40:56.274661+00:00,2026-10-08T20:49:07.149297+00:00,UNO,"ST,489000,RRGG,C,0,0,000",6,1c9f717
2026-10-08T20:40:56.274661+00:00,2026-10-08T20:49:07.649362+00:00,UNO,"ST,489500,RRGG,C,0,0,000",6,1c9f717
2026-10-08T20:40:56.274661+00:00,2026-10-08T20:49:08.148968+00:00,UNO,"ST,490000,RRGG,C,0,0,000",6,1c9f717
2026-10-08T20:40:56.274661+00:00,2026-10-08T20:49:08.283418+00:00,UNO,"ST,490134,RRYY,C,0,0,000",6,1c9f717
2026-10-08T20:40:56.274661+00:00,2026-10-08T20:49:08.649033+00:00,UNO,"ST,490500,RRYY,C,0,0,000",6,1c9f717
2026-10-08T20:40:56.274661+00:00,2026-10-08T20:49:09.149672+00:00,UNO,"ST,491000,RRYY,C,0,0,000",6,1c9f717
2026-10-08T20:40:56.274661+00:00,2026-10-08T20:49:09.649591+00:00,UNO,"ST,491500,RRYY,C,0,0,000",6,1c9f717
2026-10-08T20:40:56.274661+00:00,2026-10-08T20:49:10.149646+00:00,UNO,"ST,492000,RRYY,C,0,0,000",6,1c9f717
2026-10-08T20:40:56.274661+00:00,2026-10-08T20:49:10.283625+00:00,UNO,"ST,492134,RRRR,C,0,0,000",6,1c9f717
2026-10-08T20:40:56.274661+00:00,2026-10-08T20:49:10.650696+00:00,UNO,"ST,492500,RRRR,C,0,0,000",6,1c9f717
2026-10-08T20:40:56.274661+00:00,2026-10-08T20:49:11.150304+00:00,UNO,"ST,493000,RRRR,C,0,0,000",6,1c9f717
2026-10-08T20:40:56.274661+00:00,2026-10-08T20:49:11.284307+00:00,UNO,"ST,493134,GGRR,C,0,0,000",6,1c9f717
2026-10-08T20:40:56.274661+00:00,2026-10-08T20:49:11.649952+00:00,UNO,"ST,493500,GGRR,C,0,0,000",6,1c9f717
2026-10-08T20:40:56.274661+00:00,2026-10-08T20:49:12.149872+00:00,UNO,"ST,494000,GGRR,C,0,0,000",6,1c9f717
2026-10-08T20:40:56.274661+00:00,2026-10-08T20:49:12.650950+00:00,UNO,"ST,494500,GGRR,C,0,0,000",6,1c9f717
2026-10-08T20:40:56.274661+00:00,2026-10-08T20:49:13.150621+00:00,UNO,"ST,495000,GGRR,C,0,0,000",6,1c9f717
2026-10-08T20:40:56.274661+00:00,2026-10-08T20:49:13.650603+00:00,UNO,"ST,495500,GGRR,C,0,0,000",6,1c9f717
2026-10-08T20:40:56.274661+00:00,2026-10-08T20:49:14.150219+00:00,UNO,"ST,496000,GGRR,C,0,0,000",6,1c9f717
2026-10-08T20:40:56.274661+00:00,2026-10-08T20:49:14.284672+00:00,UNO,"ST,496134,YYRR,C,0,0,000",6,1c9f717
2026-10-08T20:40:56.274661+00:00,2026-10-08T20:49:14.651142+00:00,UNO,"ST,496500,YYRR,C,0,0,000",6,1c9f717
2026-10-08T20:40:56.274661+00:00,2026-10-08T20:49:15.151201+00:00,UNO,"ST,497000,YYRR,C,0,0,000",6,1c9f717
2026-10-08T20:40:56.274661+00:00,2026-10-08T20:49:15.650836+00:00,UNO,"ST,497500,YYRR,C,0,0,000",6,1c9f717
2026-10-08T20:40:56.274661+00:00,2026-10-08T20:49:16.151884+00:00,UNO,"ST,498000,YYRR,C,0,0,000",6,1c9f717
2026-10-08T20:40:56.274661+00:00,2026-10-08T20:49:16.284888+00:00,UNO,"ST,498134,RRRR,C,0,0,000",6,1c9f717
2026-10-08T20:40:56.274661+00:00,2026-10-08T20:49:16.480920+00:00,UNO,"EV,498329,SEM_OCORRENCIA,1,AMBULANCIA",6,1c9f717
2026-10-08T20:40:56.274661+00:00,2026-10-08T20:49:16.651920+00:00,UNO,"ST,498500,RRRR,C,0,0,000",6,1c9f717
2026-10-08T20:40:56.274661+00:00,2026-10-08T20:49:17.151423+00:00,UNO,"ST,499000,RRRR,C,0,0,000",6,1c9f717
2026-10-08T20:40:56.274661+00:00,2026-10-08T20:49:17.285566+00:00,UNO,"ST,499134,RRGG,C,0,0,000",6,1c9f717
2026-10-08T20:40:56.274661+00:00,2026-10-08T20:49:17.651489+00:00,UNO,"ST,499500,RRGG,C,0,0,000",6,1c9f717
2026-10-08T20:40:56.274661+00:00,2026-10-08T20:49:18.152540+00:00,UNO,"ST,500000,RRGG,C,0,0,000",6,1c9f717
2026-10-08T20:40:56.274661+00:00,2026-10-08T20:49:18.652172+00:00,UNO,"ST,500500,RRGG,C,0,0,000",6,1c9f717
2026-10-08T20:40:56.274661+00:00,2026-10-08T20:49:19.152433+00:00,UNO,"ST,501000,RRGG,C,0,0,000",6,1c9f717
2026-10-08T20:40:56.274661+00:00,2026-10-08T20:49:19.652847+00:00,UNO,"ST,501500,RRGG,C,0,0,000",6,1c9f717
2026-10-08T20:40:56.274661+00:00,2026-10-08T20:49:20.152776+00:00,UNO,"ST,502000,RRGG,C,0,0,000",6,1c9f717
2026-10-08T20:40:56.274661+00:00,2026-10-08T20:49:20.286778+00:00,UNO,"ST,502134,RRYY,C,0,0,000",6,1c9f717
2026-10-08T20:40:56.274661+00:00,2026-10-08T20:49:20.652826+00:00,UNO,"ST,502500,RRYY,C,0,0,000",6,1c9f717
2026-10-08T20:40:56.274661+00:00,2026-10-08T20:49:21.152457+00:00,UNO,"ST,503000,RRYY,C,0,0,000",6,1c9f717
2026-10-08T20:40:56.274661+00:00,2026-10-08T20:49:21.653480+00:00,UNO,"ST,503500,RRYY,C,0,0,000",6,1c9f717
2026-10-08T20:40:56.274661+00:00,2026-10-08T20:49:22.153114+00:00,UNO,"ST,504000,RRYY,C,0,0,000",6,1c9f717
2026-10-08T20:40:56.274661+00:00,2026-10-08T20:49:22.287547+00:00,UNO,"ST,504134,RRRR,C,0,0,000",6,1c9f717
2026-10-08T20:40:56.274661+00:00,2026-10-08T20:49:22.653059+00:00,UNO,"ST,504500,RRRR,C,0,0,000",6,1c9f717
2026-10-08T20:40:56.274661+00:00,2026-10-08T20:49:23.154095+00:00,UNO,"ST,505000,RRRR,C,0,0,000",6,1c9f717
2026-10-08T20:40:56.274661+00:00,2026-10-08T20:49:23.287116+00:00,UNO,"ST,505134,GGRR,C,0,0,000",6,1c9f717
2026-10-08T20:40:56.274661+00:00,2026-10-08T20:49:23.653693+00:00,UNO,"ST,505500,GGRR,C,0,0,000",6,1c9f717
2026-10-08T20:40:56.274661+00:00,2026-10-08T20:49:24.153794+00:00,UNO,"ST,506000,GGRR,C,0,0,000",6,1c9f717
2026-10-08T20:40:56.274661+00:00,2026-10-08T20:49:24.653293+00:00,UNO,"ST,506500,GGRR,C,0,0,000",6,1c9f717
2026-10-08T20:40:56.274661+00:00,2026-10-08T20:49:25.154314+00:00,UNO,"ST,507000,GGRR,C,0,0,000",6,1c9f717
2026-10-08T20:40:56.274661+00:00,2026-10-08T20:49:25.654404+00:00,UNO,"ST,507500,GGRR,C,0,0,000",6,1c9f717
2026-10-08T20:40:56.274661+00:00,2026-10-08T20:49:26.154002+00:00,UNO,"ST,508000,GGRR,C,0,0,000",6,1c9f717
2026-10-08T20:40:56.274661+00:00,2026-10-08T20:49:26.288470+00:00,UNO,"ST,508134,YYRR,C,0,0,000",6,1c9f717
2026-10-08T20:40:56.274661+00:00,2026-10-08T20:49:26.655064+00:00,UNO,"ST,508500,YYRR,C,0,0,000",6,1c9f717
2026-10-08T20:40:56.274661+00:00,2026-10-08T20:49:27.155306+00:00,UNO,"ST,509000,YYRR,C,0,0,000",6,1c9f717
2026-10-08T20:40:56.274661+00:00,2026-10-08T20:49:27.654627+00:00,UNO,"ST,509500,YYRR,C,0,0,000",6,1c9f717
2026-10-08T20:40:56.274661+00:00,2026-10-08T20:49:28.154661+00:00,UNO,"ST,510000,YYRR,C,0,0,000",6,1c9f717
2026-10-08T20:40:56.274661+00:00,2026-10-08T20:49:28.288685+00:00,UNO,"ST,510134,RRRR,C,0,0,000",6,1c9f717
2026-10-08T20:40:56.274661+00:00,2026-10-08T20:49:28.655273+00:00,UNO,"ST,510500,RRRR,C,0,0,000",6,1c9f717
2026-10-08T20:40:56.274661+00:00,2026-10-08T20:49:29.155357+00:00,UNO,"ST,511000,RRRR,C,0,0,000",6,1c9f717
2026-10-08T20:40:56.274661+00:00,2026-10-08T20:49:29.289777+00:00,UNO,"ST,511134,RRGG,C,0,0,000",6,1c9f717
2026-10-08T20:40:56.274661+00:00,2026-10-08T20:49:29.654976+00:00,UNO,"ST,511500,RRGG,C,0,0,000",6,1c9f717
2026-10-08T20:40:56.274661+00:00,2026-10-08T20:49:30.154896+00:00,UNO,"ST,512000,RRGG,C,0,0,000",6,1c9f717
2026-10-08T20:40:56.274661+00:00,2026-10-08T20:49:30.655955+00:00,UNO,"ST,512500,RRGG,C,0,0,000",6,1c9f717
2026-10-08T20:40:56.274661+00:00,2026-10-08T20:49:31.155586+00:00,UNO,"ST,513000,RRGG,C,0,0,000",6,1c9f717
2026-10-08T20:40:56.274661+00:00,2026-10-08T20:49:31.655626+00:00,UNO,"ST,513500,RRGG,C,0,0,000",6,1c9f717
2026-10-08T20:40:56.274661+00:00,2026-10-08T20:49:32.156261+00:00,UNO,"ST,514000,RRGG,C,0,0,000",6,1c9f717
2026-10-08T20:40:56.274661+00:00,2026-10-08T20:49:32.289726+00:00,UNO,"ST,514134,RRYY,C,0,0,000",6,1c9f717
2026-10-08T20:40:56.274661+00:00,2026-10-08T20:49:32.656188+00:00,UNO,"ST,514500,RRYY,C,0,0,000",6,1c9f717
2026-10-08T20:40:56.274661+00:00,2026-10-08T20:49:33.156244+00:00,UNO,"ST,515000,RRYY,C,0,0,000",6,1c9f717
2026-10-08T20:40:56.274661+00:00,2026-10-08T20:49:33.655832+00:00,UNO,"ST,515500,RRYY,C,0,0,000",6,1c9f717
2026-10-08T20:40:56.274661+00:00,2026-10-08T20:49:34.156906+00:00,UNO,"ST,516000,RRYY,C,0,0,000",6,1c9f717
2026-10-08T20:40:56.274661+00:00,2026-10-08T20:49:34.291347+00:00,UNO,"ST,516134,RRRR,C,0,0,000",6,1c9f717
2026-10-08T20:40:56.274661+00:00,2026-10-08T20:49:34.656953+00:00,UNO,"ST,516500,RRRR,C,0,0,000",6,1c9f717
2026-10-08T20:40:56.274661+00:00,2026-10-08T20:49:35.156448+00:00,UNO,"ST,517000,RRRR,C,0,0,000",6,1c9f717
2026-10-08T20:40:56.274661+00:00,2026-10-08T20:49:35.291041+00:00,UNO,"ST,517134,GGRR,C,0,0,000",6,1c9f717
2026-10-08T20:40:56.274661+00:00,2026-10-08T20:49:35.657517+00:00,UNO,"ST,517500,GGRR,C,0,0,000",6,1c9f717
2026-10-08T20:40:56.274661+00:00,2026-10-08T20:49:36.157581+00:00,UNO,"ST,518000,GGRR,C,0,0,000",6,1c9f717
2026-10-08T20:40:56.274661+00:00,2026-10-08T20:49:36.657195+00:00,UNO,"ST,518500,GGRR,C,0,0,000",6,1c9f717
2026-10-08T20:40:56.274661+00:00,2026-10-08T20:49:37.157243+00:00,UNO,"ST,519000,GGRR,C,0,0,000",6,1c9f717
2026-10-08T20:40:56.274661+00:00,2026-10-08T20:49:37.657743+00:00,UNO,"ST,519500,GGRR,C,0,0,000",6,1c9f717
2026-10-08T20:40:56.274661+00:00,2026-10-08T20:49:38.157806+00:00,UNO,"ST,520000,GGRR,C,0,0,000",6,1c9f717
2026-10-08T20:40:56.274661+00:00,2026-10-08T20:49:38.291814+00:00,UNO,"ST,520134,YYRR,C,0,0,000",6,1c9f717
2026-10-08T20:40:56.274661+00:00,2026-10-08T20:49:38.657429+00:00,UNO,"ST,520500,YYRR,C,0,0,000",6,1c9f717
2026-10-08T20:40:56.274661+00:00,2026-10-08T20:49:39.158487+00:00,UNO,"ST,521000,YYRR,C,0,0,000",6,1c9f717
2026-10-08T20:40:56.274661+00:00,2026-10-08T20:49:39.658118+00:00,UNO,"ST,521500,YYRR,C,0,0,000",6,1c9f717
2026-10-08T20:40:56.274661+00:00,2026-10-08T20:49:40.158249+00:00,UNO,"ST,522000,YYRR,C,0,0,000",6,1c9f717
2026-10-08T20:40:56.274661+00:00,2026-10-08T20:49:40.292590+00:00,UNO,"ST,522134,RRRR,C,0,0,000",6,1c9f717
2026-10-08T20:40:56.274661+00:00,2026-10-08T20:49:40.658101+00:00,UNO,"ST,522500,RRRR,C,0,0,000",6,1c9f717
2026-10-08T20:40:56.274661+00:00,2026-10-08T20:49:41.159144+00:00,UNO,"ST,523000,RRRR,C,0,0,000",6,1c9f717
2026-10-08T20:40:56.274661+00:00,2026-10-08T20:49:41.293141+00:00,UNO,"ST,523134,RRGG,C,0,0,000",6,1c9f717
2026-10-08T20:40:56.274661+00:00,2026-10-08T20:49:41.658764+00:00,UNO,"ST,523500,RRGG,C,0,0,000",6,1c9f717
2026-10-08T20:40:56.274661+00:00,2026-10-08T20:49:42.158809+00:00,UNO,"ST,524000,RRGG,C,0,0,000",6,1c9f717
2026-10-08T20:40:56.274661+00:00,2026-10-08T20:49:42.659449+00:00,UNO,"ST,524500,RRGG,C,0,0,000",6,1c9f717
2026-10-08T20:40:56.274661+00:00,2026-10-08T20:49:43.159371+00:00,UNO,"ST,525000,RRGG,C,0,0,000",6,1c9f717
2026-10-08T20:40:56.274661+00:00,2026-10-08T20:49:43.659439+00:00,UNO,"ST,525500,RRGG,C,0,0,000",6,1c9f717
2026-10-08T20:40:56.274661+00:00,2026-10-08T20:49:44.159047+00:00,UNO,"ST,526000,RRGG,C,0,0,000",6,1c9f717
2026-10-08T20:40:56.274661+00:00,2026-10-08T20:49:44.293482+00:00,UNO,"ST,526134,RRYY,C,0,0,000",6,1c9f717
2026-10-08T20:40:56.274661+00:00,2026-10-08T20:49:44.660092+00:00,UNO,"ST,526500,RRYY,C,0,0,000",6,1c9f717
2026-10-08T20:40:56.274661+00:00,2026-10-08T20:49:45.159727+00:00,UNO,"ST,527000,RRYY,C,0,0,000",6,1c9f717
2026-10-08T20:40:56.274661+00:00,2026-10-08T20:49:45.659662+00:00,UNO,"ST,527500,RRYY,C,0,0,000",6,1c9f717
2026-10-08T20:40:56.274661+00:00,2026-10-08T20:49:46.159694+00:00,UNO,"ST,528000,RRYY,C,0,0,000",6,1c9f717
2026-10-08T20:40:56.274661+00:00,2026-10-08T20:49:46.293752+00:00,UNO,"ST,528134,RRRR,C,0,0,000",6,1c9f717
2026-10-08T20:40:56.274661+00:00,2026-10-08T20:49:46.660980+00:00,UNO,"ST,528500,RRRR,C,0,0,000",6,1c9f717
2026-10-08T20:40:56.274661+00:00,2026-10-08T20:49:47.160396+00:00,UNO,"ST,529000,RRRR,C,0,0,000",6,1c9f717
2026-10-08T20:40:56.274661+00:00,2026-10-08T20:49:47.294373+00:00,UNO,"ST,529134,GGRR,C,0,0,000",6,1c9f717
2026-10-08T20:40:56.274661+00:00,2026-10-08T20:49:47.660013+00:00,UNO,"ST,529500,GGRR,C,0,0,000",6,1c9f717
2026-10-08T20:40:56.274661+00:00,2026-10-08T20:49:48.160948+00:00,UNO,"ST,530000,GGRR,C,0,0,000",6,1c9f717
2026-10-08T20:40:56.274661+00:00,2026-10-08T20:49:48.660992+00:00,UNO,"ST,530500,GGRR,C,0,0,000",6,1c9f717
2026-10-08T20:40:56.274661+00:00,2026-10-08T20:49:49.161039+00:00,UNO,"ST,531000,GGRR,C,0,0,000",6,1c9f717
2026-10-08T20:40:56.274661+00:00,2026-10-08T20:49:49.660659+00:00,UNO,"ST,531500,GGRR,C,0,0,000",6,1c9f717
2026-10-08T20:40:56.274661+00:00,2026-10-08T20:49:50.161725+00:00,UNO,"ST,532000,GGRR,C,0,0,000",6,1c9f717
2026-10-08T20:40:56.274661+00:00,2026-10-08T20:49:50.295715+00:00,UNO,"ST,532134,YYRR,C,0,0,000",6,1c9f717
2026-10-08T20:40:56.274661+00:00,2026-10-08T20:49:50.661198+00:00,UNO,"ST,532500,YYRR,C,0,0,000",6,1c9f717
2026-10-08T20:40:56.274661+00:00,2026-10-08T20:49:51.161256+00:00,UNO,"ST,533000,YYRR,C,0,0,000",6,1c9f717
2026-10-08T20:40:56.274661+00:00,2026-10-08T20:49:51.661868+00:00,UNO,"ST,533500,YYRR,C,0,0,000",6,1c9f717
2026-10-08T20:40:56.274661+00:00,2026-10-08T20:49:52.161959+00:00,UNO,"ST,534000,YYRR,C,0,0,000",6,1c9f717
2026-10-08T20:40:56.274661+00:00,2026-10-08T20:49:52.296381+00:00,UNO,"ST,534134,RRRR,C,0,0,000",6,1c9f717
2026-10-08T20:40:56.274661+00:00,2026-10-08T20:49:52.661562+00:00,UNO,"ST,534500,RRRR,C,0,0,000",6,1c9f717
2026-10-08T20:40:56.274661+00:00,2026-10-08T20:49:53.161483+00:00,UNO,"ST,535000,RRRR,C,0,0,000",6,1c9f717
2026-10-08T20:40:56.274661+00:00,2026-10-08T20:49:53.296059+00:00,UNO,"ST,535134,RRGG,C,0,0,000",6,1c9f717
2026-10-08T20:40:56.274661+00:00,2026-10-08T20:49:53.662540+00:00,UNO,"ST,535500,RRGG,C,0,0,000",6,1c9f717
2026-10-08T20:40:56.274661+00:00,2026-10-08T20:49:54.162600+00:00,UNO,"ST,536000,RRGG,C,0,0,000",6,1c9f717
2026-10-08T20:40:56.274661+00:00,2026-10-08T20:49:54.662213+00:00,UNO,"ST,536500,RRGG,C,0,0,000",6,1c9f717
2026-10-08T20:40:56.274661+00:00,2026-10-08T20:49:55.162856+00:00,UNO,"ST,537000,RRGG,C,0,0,000",6,1c9f717
2026-10-08T20:40:56.274661+00:00,2026-10-08T20:49:55.662921+00:00,UNO,"ST,537500,RRGG,C,0,0,000",6,1c9f717
2026-10-08T20:40:56.274661+00:00,2026-10-08T20:49:56.162817+00:00,UNO,"ST,538000,RRGG,C,0,0,000",6,1c9f717
2026-10-08T20:40:56.274661+00:00,2026-10-08T20:49:56.297013+00:00,UNO,"ST,538134,RRYY,C,0,0,000",6,1c9f717
2026-10-08T20:40:56.274661+00:00,2026-10-08T20:49:56.662878+00:00,UNO,"ST,538500,RRYY,C,0,0,000",6,1c9f717
2026-10-08T20:40:56.274661+00:00,2026-10-08T20:49:57.163531+00:00,UNO,"ST,539000,RRYY,C,0,0,000",6,1c9f717
2026-10-08T20:40:56.274661+00:00,2026-10-08T20:49:57.663596+00:00,UNO,"ST,539500,RRYY,C,0,0,000",6,1c9f717
2026-10-08T20:40:56.274661+00:00,2026-10-08T20:49:58.163096+00:00,UNO,"ST,540000,RRYY,C,0,0,000",6,1c9f717
2026-10-08T20:40:56.274661+00:00,2026-10-08T20:49:58.297669+00:00,UNO,"ST,540134,RRRR,C,0,0,000",6,1c9f717
2026-10-08T20:40:56.274661+00:00,2026-10-08T20:49:58.664132+00:00,UNO,"ST,540500,RRRR,C,0,0,000",6,1c9f717
2026-10-08T20:40:56.274661+00:00,2026-10-08T20:49:59.164245+00:00,UNO,"ST,541000,RRRR,C,0,0,000",6,1c9f717
2026-10-08T20:40:56.274661+00:00,2026-10-08T20:49:59.298199+00:00,UNO,"ST,541134,GGRR,C,0,0,000",6,1c9f717
2026-10-08T20:40:56.274661+00:00,2026-10-08T20:49:59.663797+00:00,UNO,"ST,541500,GGRR,C,0,0,000",6,1c9f717
2026-10-08T20:40:56.274661+00:00,2026-10-08T20:50:00.163843+00:00,UNO,"ST,542000,GGRR,C,0,0,000",6,1c9f717
2026-10-08T20:40:56.274661+00:00,2026-10-08T20:50:00.664485+00:00,UNO,"ST,542500,GGRR,C,0,0,000",6,1c9f717
2026-10-08T20:40:56.274661+00:00,2026-10-08T20:50:01.164403+00:00,UNO,"ST,543000,GGRR,C,0,0,000",6,1c9f717
2026-10-08T20:40:56.274661+00:00,2026-10-08T20:50:01.664466+00:00,UNO,"ST,543500,GGRR,C,0,0,000",6,1c9f717
2026-10-08T20:40:56.274661+00:00,2026-10-08T20:50:02.164082+00:00,UNO,"ST,544000,GGRR,C,0,0,000",6,1c9f717
2026-10-08T20:40:56.274661+00:00,2026-10-08T20:50:02.298517+00:00,UNO,"ST,544134,YYRR,C,0,0,000",6,1c9f717
2026-10-08T20:40:56.274661+00:00,2026-10-08T20:50:02.665119+00:00,UNO,"ST,544500,YYRR,C,0,0,000",6,1c9f717
2026-10-08T20:40:56.274661+00:00,2026-10-08T20:50:03.164747+00:00,UNO,"ST,545000,YYRR,C,0,0,000",6,1c9f717
2026-10-08T20:40:56.274661+00:00,2026-10-08T20:50:03.664677+00:00,UNO,"ST,545500,YYRR,C,0,0,000",6,1c9f717
2026-10-08T20:40:56.274661+00:00,2026-10-08T20:50:04.165758+00:00,UNO,"ST,546000,YYRR,C,0,0,000",6,1c9f717
2026-10-08T20:40:56.274661+00:00,2026-10-08T20:50:04.298767+00:00,UNO,"ST,546134,RRRR,C,0,0,000",6,1c9f717
2026-10-08T20:40:56.274661+00:00,2026-10-08T20:50:04.666169+00:00,UNO,"ST,546500,RRRR,C,0,0,000",6,1c9f717
2026-10-08T20:40:56.274661+00:00,2026-10-08T20:50:05.165421+00:00,UNO,"ST,547000,RRRR,C,0,0,000",6,1c9f717
2026-10-08T20:40:56.274661+00:00,2026-10-08T20:50:05.299407+00:00,UNO,"ST,547134,RRGG,C,0,0,000",6,1c9f717
2026-10-08T20:40:56.274661+00:00,2026-10-08T20:50:05.665047+00:00,UNO,"ST,547500,RRGG,C,0,0,000",6,1c9f717
2026-10-08T20:40:56.274661+00:00,2026-10-08T20:50:06.165959+00:00,UNO,"ST,548000,RRGG,C,0,0,000",6,1c9f717
2026-10-08T20:40:56.274661+00:00,2026-10-08T20:50:06.666044+00:00,UNO,"ST,548500,RRGG,C,0,0,000",6,1c9f717
2026-10-08T20:40:56.274661+00:00,2026-10-08T20:50:07.165679+00:00,UNO,"ST,549000,RRGG,C,0,0,000",6,1c9f717
2026-10-08T20:40:56.274661+00:00,2026-10-08T20:50:07.666760+00:00,UNO,"ST,549500,RRGG,C,0,0,000",6,1c9f717
2026-10-08T20:40:56.274661+00:00,2026-10-08T20:50:08.166313+00:00,UNO,"ST,550000,RRGG,C,0,0,000",6,1c9f717
2026-10-08T20:40:56.274661+00:00,2026-10-08T20:50:08.300747+00:00,UNO,"ST,550134,RRYY,C,0,0,000",6,1c9f717
2026-10-08T20:40:56.274661+00:00,2026-10-08T20:50:08.666255+00:00,UNO,"ST,550500,RRYY,C,0,0,000",6,1c9f717
2026-10-08T20:40:56.274661+00:00,2026-10-08T20:50:09.166299+00:00,UNO,"ST,551000,RRYY,C,0,0,000",6,1c9f717
2026-10-08T20:40:56.274661+00:00,2026-10-08T20:50:09.666976+00:00,UNO,"ST,551500,RRYY,C,0,0,000",6,1c9f717
2026-10-08T20:40:56.274661+00:00,2026-10-08T20:50:10.166963+00:00,UNO,"ST,552000,RRYY,C,0,0,000",6,1c9f717
2026-10-08T20:40:56.274661+00:00,2026-10-08T20:50:10.300976+00:00,UNO,"ST,552134,RRRR,C,0,0,000",6,1c9f717
2026-10-08T20:40:56.274661+00:00,2026-10-08T20:50:10.667048+00:00,UNO,"ST,552500,RRRR,C,0,0,000",6,1c9f717
2026-10-08T20:40:56.274661+00:00,2026-10-08T20:50:11.167652+00:00,UNO,"ST,553000,RRRR,C,0,0,000",6,1c9f717
2026-10-08T20:40:56.274661+00:00,2026-10-08T20:50:11.301084+00:00,UNO,"ST,553134,GGRR,C,0,0,000",6,1c9f717
2026-10-08T20:40:56.274661+00:00,2026-10-08T20:50:11.667576+00:00,UNO,"ST,553500,GGRR,C,0,0,000",6,1c9f717
2026-10-08T20:40:56.274661+00:00,2026-10-08T20:50:12.167631+00:00,UNO,"ST,554000,GGRR,C,0,0,000",6,1c9f717
2026-10-08T20:40:56.274661+00:00,2026-10-08T20:50:12.667250+00:00,UNO,"ST,554500,GGRR,C,0,0,000",6,1c9f717
2026-10-08T20:40:56.274661+00:00,2026-10-08T20:50:13.168305+00:00,UNO,"ST,555000,GGRR,C,0,0,000",6,1c9f717
2026-10-08T20:40:56.274661+00:00,2026-10-08T20:50:13.667795+00:00,UNO,"ST,555500,GGRR,C,0,0,000",6,1c9f717
2026-10-08T20:40:56.274661+00:00,2026-10-08T20:50:14.167883+00:00,UNO,"ST,556000,GGRR,C,0,0,000",6,1c9f717
2026-10-08T20:40:56.274661+00:00,2026-10-08T20:50:14.302002+00:00,UNO,"ST,556134,YYRR,C,0,0,000",6,1c9f717
2026-10-08T20:40:56.274661+00:00,2026-10-08T20:50:14.668910+00:00,UNO,"ST,556500,YYRR,C,0,0,000",6,1c9f717
2026-10-08T20:40:56.274661+00:00,2026-10-08T20:50:15.168535+00:00,UNO,"ST,557000,YYRR,C,0,0,000",6,1c9f717
2026-10-08T20:40:56.274661+00:00,2026-10-08T20:50:15.668188+00:00,UNO,"ST,557500,YYRR,C,0,0,000",6,1c9f717
2026-10-08T20:40:56.274661+00:00,2026-10-08T20:50:16.168080+00:00,UNO,"ST,558000,YYRR,C,0,0,000",6,1c9f717
2026-10-08T20:40:56.274661+00:00,2026-10-08T20:50:16.302679+00:00,UNO,"ST,558134,RRRR,C,0,0,000",6,1c9f717
2026-10-08T20:40:56.274661+00:00,2026-10-08T20:50:16.669145+00:00,UNO,"ST,558500,RRRR,C,0,0,000",6,1c9f717
2026-10-08T20:40:56.274661+00:00,2026-10-08T20:50:17.169209+00:00,UNO,"ST,559000,RRRR,C,0,0,000",6,1c9f717
2026-10-08T20:40:56.274661+00:00,2026-10-08T20:50:17.303199+00:00,UNO,"ST,559134,RRGG,C,0,0,000",6,1c9f717
2026-10-08T20:40:56.274661+00:00,2026-10-08T20:50:17.668804+00:00,UNO,"ST,559500,RRGG,C,0,0,000",6,1c9f717
2026-10-08T20:40:56.274661+00:00,2026-10-08T20:50:18.168860+00:00,UNO,"ST,560000,RRGG,C,0,0,000",6,1c9f717
2026-10-08T20:40:56.274661+00:00,2026-10-08T20:50:18.669489+00:00,UNO,"ST,560500,RRGG,C,0,0,000",6,1c9f717
2026-10-08T20:40:56.274661+00:00,2026-10-08T20:50:19.169436+00:00,UNO,"ST,561000,RRGG,C,0,0,000",6,1c9f717
2026-10-08T20:40:56.274661+00:00,2026-10-08T20:50:19.669473+00:00,UNO,"ST,561500,RRGG,C,0,0,000",6,1c9f717
2026-10-08T20:40:56.274661+00:00,2026-10-08T20:50:20.170086+00:00,UNO,"ST,562000,RRGG,C,0,0,000",6,1c9f717
2026-10-08T20:40:56.274661+00:00,2026-10-08T20:50:20.303574+00:00,UNO,"ST,562134,RRYY,C,0,0,000",6,1c9f717
2026-10-08T20:40:56.274661+00:00,2026-10-08T20:50:20.670137+00:00,UNO,"ST,562500,RRYY,C,0,0,000",6,1c9f717
2026-10-08T20:40:56.274661+00:00,2026-10-08T20:50:21.169774+00:00,UNO,"ST,563000,RRYY,C,0,0,000",6,1c9f717
2026-10-08T20:40:56.274661+00:00,2026-10-08T20:50:21.669698+00:00,UNO,"ST,563500,RRYY,C,0,0,000",6,1c9f717
2026-10-08T20:40:56.274661+00:00,2026-10-08T20:50:22.170766+00:00,UNO,"ST,564000,RRYY,C,0,0,000",6,1c9f717
2026-10-08T20:40:56.274661+00:00,2026-10-08T20:50:22.304773+00:00,UNO,"ST,564134,RRRR,C,0,0,000",6,1c9f717
2026-10-08T20:40:56.274661+00:00,2026-10-08T20:50:22.670811+00:00,UNO,"ST,564500,RRRR,C,0,0,000",6,1c9f717
2026-10-08T20:40:56.274661+00:00,2026-10-08T20:50:23.170429+00:00,UNO,"ST,565000,RRRR,C,0,0,000",6,1c9f717
2026-10-08T20:40:56.274661+00:00,2026-10-08T20:50:23.304453+00:00,UNO,"ST,565134,GGRR,C,0,0,000",6,1c9f717
2026-10-08T20:40:56.274661+00:00,2026-10-08T20:50:23.671483+00:00,UNO,"ST,565500,GGRR,C,0,0,000",6,1c9f717
2026-10-08T20:40:56.274661+00:00,2026-10-08T20:50:24.170981+00:00,UNO,"ST,566000,GGRR,C,0,0,000",6,1c9f717
2026-10-08T20:40:56.274661+00:00,2026-10-08T20:50:25.245557+00:00,UNO,"ST,566500,GGRR,C,0,0,000",51,1c9f717
2026-10-08T20:40:56.274661+00:00,2026-10-08T20:50:25.247080+00:00,UNO,"ST,567000,GGRR,C,0,0,000",25,1c9f717
2026-10-08T20:40:56.274661+00:00,2026-10-08T20:50:25.671735+00:00,UNO,"ST,567500,GGRR,C,0,0,000",6,1c9f717
2026-10-08T20:40:56.274661+00:00,2026-10-08T20:50:26.171775+00:00,UNO,"ST,568000,GGRR,C,0,0,000",6,1c9f717
2026-10-08T20:40:56.274661+00:00,2026-10-08T20:50:26.305806+00:00,UNO,"ST,568134,YYRR,C,0,0,000",6,1c9f717
2026-10-08T20:40:56.274661+00:00,2026-10-08T20:50:26.671268+00:00,UNO,"ST,568500,YYRR,C,0,0,000",6,1c9f717
2026-10-08T20:40:56.274661+00:00,2026-10-08T20:50:27.172346+00:00,UNO,"ST,569000,YYRR,C,0,0,000",6,1c9f717
2026-10-08T20:40:56.274661+00:00,2026-10-08T20:50:27.671950+00:00,UNO,"ST,569500,YYRR,C,0,0,000",6,1c9f717
2026-10-08T20:40:56.274661+00:00,2026-10-08T20:50:28.172006+00:00,UNO,"ST,570000,YYRR,C,0,0,000",6,1c9f717
2026-10-08T20:40:56.274661+00:00,2026-10-08T20:50:28.306460+00:00,UNO,"ST,570134,RRRR,C,0,0,000",6,1c9f717
2026-10-08T20:40:56.274661+00:00,2026-10-08T20:50:28.671643+00:00,UNO,"ST,570500,RRRR,C,0,0,000",6,1c9f717
2026-10-08T20:40:56.274661+00:00,2026-10-08T20:50:29.172580+00:00,UNO,"ST,571000,RRRR,C,0,0,000",6,1c9f717
2026-10-08T20:40:56.274661+00:00,2026-10-08T20:50:29.307152+00:00,UNO,"ST,571134,RRGG,C,0,0,000",6,1c9f717
2026-10-08T20:40:56.274661+00:00,2026-10-08T20:50:29.672612+00:00,UNO,"ST,571500,RRGG,C,0,0,000",6,1c9f717
2026-10-08T20:40:56.274661+00:00,2026-10-08T20:50:30.172242+00:00,UNO,"ST,572000,RRGG,C,0,0,000",6,1c9f717
2026-10-08T20:40:56.274661+00:00,2026-10-08T20:50:30.673315+00:00,UNO,"ST,572500,RRGG,C,0,0,000",6,1c9f717
2026-10-08T20:40:56.274661+00:00,2026-10-08T20:50:31.172945+00:00,UNO,"ST,573000,RRGG,C,0,0,000",6,1c9f717
2026-10-08T20:40:56.274661+00:00,2026-10-08T20:50:31.672973+00:00,UNO,"ST,573500,RRGG,C,0,0,000",6,1c9f717
2026-10-08T20:40:56.274661+00:00,2026-10-08T20:50:32.172926+00:00,UNO,"ST,574000,RRGG,C,0,0,000",6,1c9f717
2026-10-08T20:40:56.274661+00:00,2026-10-08T20:50:32.306898+00:00,UNO,"ST,574134,RRYY,C,0,0,000",6,1c9f717
2026-10-08T20:40:56.274661+00:00,2026-10-08T20:50:32.673947+00:00,UNO,"ST,574500,RRYY,C,0,0,000",6,1c9f717
2026-10-08T20:40:56.274661+00:00,2026-10-08T20:50:33.173583+00:00,UNO,"ST,575000,RRYY,C,0,0,000",6,1c9f717
2026-10-08T20:40:56.274661+00:00,2026-10-08T20:50:33.673212+00:00,UNO,"ST,575500,RRYY,C,0,0,000",6,1c9f717
2026-10-08T20:40:56.274661+00:00,2026-10-08T20:50:34.173129+00:00,UNO,"ST,576000,RRYY,C,0,0,000",6,1c9f717
2026-10-08T20:40:56.274661+00:00,2026-10-08T20:50:34.307685+00:00,UNO,"ST,576134,RRRR,C,0,0,000",6,1c9f717
2026-10-08T20:40:56.274661+00:00,2026-10-08T20:50:34.674174+00:00,UNO,"ST,576500,RRRR,C,0,0,000",6,1c9f717
2026-10-08T20:40:56.274661+00:00,2026-10-08T20:50:35.174239+00:00,UNO,"ST,577000,RRRR,C,0,0,000",6,1c9f717
2026-10-08T20:40:56.274661+00:00,2026-10-08T20:50:35.308234+00:00,UNO,"ST,577134,GGRR,C,0,0,000",6,1c9f717
2026-10-08T20:40:56.274661+00:00,2026-10-08T20:50:35.673848+00:00,UNO,"ST,577500,GGRR,C,0,0,000",6,1c9f717
2026-10-08T20:40:56.274661+00:00,2026-10-08T20:50:36.174905+00:00,UNO,"ST,578000,GGRR,C,0,0,000",6,1c9f717
2026-10-08T20:40:56.274661+00:00,2026-10-08T20:50:36.674548+00:00,UNO,"ST,578500,GGRR,C,0,0,000",6,1c9f717
2026-10-08T20:40:56.274661+00:00,2026-10-08T20:50:37.174467+00:00,UNO,"ST,579000,GGRR,C,0,0,000",6,1c9f717
2026-10-08T20:40:56.274661+00:00,2026-10-08T20:50:37.674520+00:00,UNO,"ST,579500,GGRR,C,0,0,000",6,1c9f717
2026-10-08T20:40:56.274661+00:00,2026-10-08T20:50:38.175122+00:00,UNO,"ST,580000,GGRR,C,0,0,000",6,1c9f717
2026-10-08T20:40:56.274661+00:00,2026-10-08T20:50:38.309576+00:00,UNO,"ST,580134,YYRR,C,0,0,000",6,1c9f717
2026-10-08T20:40:56.274661+00:00,2026-10-08T20:50:38.675203+00:00,UNO,"ST,580500,YYRR,C,0,0,000",6,1c9f717
2026-10-08T20:40:56.274661+00:00,2026-10-08T20:50:39.174822+00:00,UNO,"ST,581000,YYRR,C,0,0,000",6,1c9f717
2026-10-08T20:40:56.274661+00:00,2026-10-08T20:50:39.675765+00:00,UNO,"ST,581500,YYRR,C,0,0,000",6,1c9f717
2026-10-08T20:40:56.274661+00:00,2026-10-08T20:50:40.175794+00:00,UNO,"ST,582000,YYRR,C,0,0,000",6,1c9f717
2026-10-08T20:40:56.274661+00:00,2026-10-08T20:50:40.309805+00:00,UNO,"ST,582134,RRRR,C,0,0,000",6,1c9f717
2026-10-08T20:40:56.274661+00:00,2026-10-08T20:50:40.675425+00:00,UNO,"ST,582500,RRRR,C,0,0,000",6,1c9f717
2026-10-08T20:40:56.274661+00:00,2026-10-08T20:50:41.175489+00:00,UNO,"ST,583000,RRRR,C,0,0,000",6,1c9f717
2026-10-08T20:40:56.274661+00:00,2026-10-08T20:50:41.309497+00:00,UNO,"ST,583134,RRGG,C,0,0,000",6,1c9f717
2026-10-08T20:40:56.274661+00:00,2026-10-08T20:50:41.676527+00:00,UNO,"ST,583500,RRGG,C,0,0,000",6,1c9f717
2026-10-08T20:40:56.274661+00:00,2026-10-08T20:50:42.176040+00:00,UNO,"ST,584000,RRGG,C,0,0,000",6,1c9f717
2026-10-08T20:40:56.274661+00:00,2026-10-08T20:50:42.676095+00:00,UNO,"ST,584500,RRGG,C,0,0,000",6,1c9f717
2026-10-08T20:40:56.274661+00:00,2026-10-08T20:50:43.176705+00:00,UNO,"ST,585000,RRGG,C,0,0,000",6,1c9f717
2026-10-08T20:40:56.274661+00:00,2026-10-08T20:50:43.676772+00:00,UNO,"ST,585500,RRGG,C,0,0,000",6,1c9f717
2026-10-08T20:40:56.274661+00:00,2026-10-08T20:50:44.176389+00:00,UNO,"ST,586000,RRGG,C,0,0,000",6,1c9f717
2026-10-08T20:40:56.274661+00:00,2026-10-08T20:50:44.310839+00:00,UNO,"ST,586134,RRYY,C,0,0,000",6,1c9f717
2026-10-08T20:40:56.274661+00:00,2026-10-08T20:50:44.676299+00:00,UNO,"ST,586500,RRYY,C,0,0,000",6,1c9f717
2026-10-08T20:40:56.274661+00:00,2026-10-08T20:50:45.177375+00:00,UNO,"ST,587000,RRYY,C,0,0,000",6,1c9f717
2026-10-08T20:40:56.274661+00:00,2026-10-08T20:50:45.676985+00:00,UNO,"ST,587500,RRYY,C,0,0,000",6,1c9f717
2026-10-08T20:40:56.274661+00:00,2026-10-08T20:50:46.177038+00:00,UNO,"ST,588000,RRYY,C,0,0,000",6,1c9f717
2026-10-08T20:40:56.274661+00:00,2026-10-08T20:50:46.311099+00:00,UNO,"ST,588134,RRRR,C,0,0,000",6,1c9f717
2026-10-08T20:40:56.274661+00:00,2026-10-08T20:50:46.678084+00:00,UNO,"ST,588500,RRRR,C,0,0,000",6,1c9f717
2026-10-08T20:40:56.274661+00:00,2026-10-08T20:50:47.177736+00:00,UNO,"ST,589000,RRRR,C,0,0,000",6,1c9f717
2026-10-08T20:40:56.274661+00:00,2026-10-08T20:50:47.312145+00:00,UNO,"ST,589134,GGRR,C,0,0,000",6,1c9f717
2026-10-08T20:40:56.274661+00:00,2026-10-08T20:50:47.677626+00:00,UNO,"ST,589500,GGRR,C,0,0,000",6,1c9f717
2026-10-08T20:40:56.274661+00:00,2026-10-08T20:50:48.177702+00:00,UNO,"ST,590000,GGRR,C,0,0,000",6,1c9f717
2026-10-08T20:40:56.274661+00:00,2026-10-08T20:50:48.678320+00:00,UNO,"ST,590500,GGRR,C,0,0,000",6,1c9f717
2026-10-08T20:40:56.274661+00:00,2026-10-08T20:50:49.178379+00:00,UNO,"ST,591000,GGRR,C,0,0,000",6,1c9f717
2026-10-08T20:40:56.274661+00:00,2026-10-08T20:50:49.677878+00:00,UNO,"ST,591500,GGRR,C,0,0,000",6,1c9f717
2026-10-08T20:40:56.274661+00:00,2026-10-08T20:50:50.177931+00:00,UNO,"ST,592000,GGRR,C,0,0,000",6,1c9f717
2026-10-08T20:40:56.274661+00:00,2026-10-08T20:50:50.312083+00:00,UNO,"ST,592134,YYRR,C,0,0,000",6,1c9f717
2026-10-08T20:40:56.274661+00:00,2026-10-08T20:50:50.678979+00:00,UNO,"ST,592500,YYRR,C,0,0,000",6,1c9f717
2026-10-08T20:40:56.274661+00:00,2026-10-08T20:50:51.178744+00:00,UNO,"ST,593000,YYRR,C,0,0,000",6,1c9f717
2026-10-08T20:40:56.274661+00:00,2026-10-08T20:50:51.678242+00:00,UNO,"ST,593500,YYRR,C,0,0,000",6,1c9f717
2026-10-08T20:40:56.274661+00:00,2026-10-08T20:50:52.179328+00:00,UNO,"ST,594000,YYRR,C,0,0,000",6,1c9f717
2026-10-08T20:40:56.274661+00:00,2026-10-08T20:50:52.312745+00:00,UNO,"ST,594134,RRRR,C,0,0,000",6,1c9f717
2026-10-08T20:40:56.274661+00:00,2026-10-08T20:50:52.679214+00:00,UNO,"ST,594500,RRRR,C,0,0,000",6,1c9f717
2026-10-08T20:40:56.274661+00:00,2026-10-08T20:50:53.179271+00:00,UNO,"ST,595000,RRRR,C,0,0,000",6,1c9f717
2026-10-08T20:40:56.274661+00:00,2026-10-08T20:50:53.313288+00:00,UNO,"ST,595134,RRGG,C,0,0,000",6,1c9f717
2026-10-08T20:40:56.274661+00:00,2026-10-08T20:50:53.678887+00:00,UNO,"ST,595500,RRGG,C,0,0,000",6,1c9f717
2026-10-08T20:40:56.274661+00:00,2026-10-08T20:50:54.179933+00:00,UNO,"ST,596000,RRGG,C,0,0,000",6,1c9f717
2026-10-08T20:40:56.274661+00:00,2026-10-08T20:50:54.679559+00:00,UNO,"ST,596500,RRGG,C,0,0,000",6,1c9f717
2026-10-08T20:40:56.274661+00:00,2026-10-08T20:50:55.179486+00:00,UNO,"ST,597000,RRGG,C,0,0,000",6,1c9f717
2026-10-08T20:40:56.274661+00:00,2026-10-08T20:50:55.680567+00:00,UNO,"ST,597500,RRGG,C,0,0,000",6,1c9f717
2026-10-08T20:40:56.274661+00:00,2026-10-08T20:50:56.180172+00:00,UNO,"ST,598000,RRGG,C,0,0,000",6,1c9f717
2026-10-08T20:40:56.274661+00:00,2026-10-08T20:50:56.314608+00:00,UNO,"ST,598134,RRYY,C,0,0,000",6,1c9f717
2026-10-08T20:40:56.274661+00:00,2026-10-08T20:50:56.680234+00:00,UNO,"ST,598500,RRYY,C,0,0,000",6,1c9f717
2026-10-08T20:40:56.274661+00:00,2026-10-08T20:50:57.179859+00:00,UNO,"ST,599000,RRYY,C,0,0,000",6,1c9f717
2026-10-08T20:40:56.274661+00:00,2026-10-08T20:50:57.680777+00:00,UNO,"ST,599500,RRYY,C,0,0,000",6,1c9f717
2026-10-08T20:40:56.274661+00:00,2026-10-08T20:50:58.180824+00:00,UNO,"ST,600000,RRYY,C,0,0,000",6,1c9f717
2026-10-08T20:40:56.274661+00:00,2026-10-08T20:50:58.314967+00:00,UNO,"ST,600134,RRRR,C,0,0,000",6,1c9f717
2026-10-08T20:40:56.274661+00:00,2026-10-08T20:50:58.680872+00:00,UNO,"ST,600500,RRRR,C,0,0,000",6,1c9f717
2026-10-08T20:40:56.274661+00:00,2026-10-08T20:50:59.181502+00:00,UNO,"ST,601000,RRRR,C,0,0,000",6,1c9f717
2026-10-08T20:40:56.274661+00:00,2026-10-08T20:50:59.314525+00:00,UNO,"ST,601134,GGRR,C,0,0,000",6,1c9f717
2026-10-08T20:40:56.274661+00:00,2026-10-08T20:50:59.681553+00:00,UNO,"ST,601500,GGRR,C,0,0,000",6,1c9f717
2026-10-08T20:40:56.274661+00:00,2026-10-08T20:51:00.181059+00:00,UNO,"ST,602000,GGRR,C,0,0,000",6,1c9f717
2026-10-08T20:40:56.274661+00:00,2026-10-08T20:51:00.681125+00:00,UNO,"ST,602500,GGRR,C,0,0,000",6,1c9f717
2026-10-08T20:40:56.274661+00:00,2026-10-08T20:51:01.181724+00:00,UNO,"ST,603000,GGRR,C,0,0,000",6,1c9f717
2026-10-08T20:40:56.274661+00:00,2026-10-08T20:51:01.681776+00:00,UNO,"ST,603500,GGRR,C,0,0,000",6,1c9f717
2026-10-08T20:40:56.274661+00:00,2026-10-08T20:51:02.181835+00:00,UNO,"ST,604000,GGRR,C,0,0,000",6,1c9f717
2026-10-08T20:40:56.274661+00:00,2026-10-08T20:51:02.315855+00:00,UNO,"ST,604134,YYRR,C,0,0,000",6,1c9f717
2026-10-08T20:40:56.274661+00:00,2026-10-08T20:51:02.682327+00:00,UNO,"ST,604500,YYRR,C,0,0,000",6,1c9f717
2026-10-08T20:40:56.274661+00:00,2026-10-08T20:51:03.182390+00:00,UNO,"ST,605000,YYRR,C,0,0,000",6,1c9f717
2026-10-08T20:40:56.274661+00:00,2026-10-08T20:51:03.682006+00:00,UNO,"ST,605500,YYRR,C,0,0,000",6,1c9f717
2026-10-08T20:40:56.274661+00:00,2026-10-08T20:51:04.182064+00:00,UNO,"ST,606000,YYRR,C,0,0,000",6,1c9f717
2026-10-08T20:40:56.274661+00:00,2026-10-08T20:51:04.316528+00:00,UNO,"ST,606134,RRRR,C,0,0,000",6,1c9f717
2026-10-08T20:40:56.274661+00:00,2026-10-08T20:51:04.683108+00:00,UNO,"ST,606500,RRRR,C,0,0,000",6,1c9f717
2026-10-08T20:40:56.274661+00:00,2026-10-08T20:51:05.182622+00:00,UNO,"ST,607000,RRRR,C,0,0,000",6,1c9f717
2026-10-08T20:40:56.274661+00:00,2026-10-08T20:51:05.317202+00:00,UNO,"ST,607134,RRGG,C,0,0,000",6,1c9f717
2026-10-08T20:40:56.274661+00:00,2026-10-08T20:51:05.682670+00:00,UNO,"ST,607500,RRGG,C,0,0,000",6,1c9f717
2026-10-08T20:40:56.274661+00:00,2026-10-08T20:51:06.182294+00:00,UNO,"ST,608000,RRGG,C,0,0,000",6,1c9f717
2026-10-08T20:40:56.274661+00:00,2026-10-08T20:51:06.683364+00:00,UNO,"ST,608500,RRGG,C,0,0,000",6,1c9f717
2026-10-08T20:40:56.274661+00:00,2026-10-08T20:51:07.183408+00:00,UNO,"ST,609000,RRGG,C,0,0,000",6,1c9f717
2026-10-08T20:40:56.274661+00:00,2026-10-08T20:51:07.682890+00:00,UNO,"ST,609500,RRGG,C,0,0,000",6,1c9f717
2026-10-08T20:40:56.274661+00:00,2026-10-08T20:51:08.183945+00:00,UNO,"ST,610000,RRGG,C,0,0,000",6,1c9f717
2026-10-08T20:40:56.274661+00:00,2026-10-08T20:51:08.316955+00:00,UNO,"ST,610134,RRYY,C,0,0,000",6,1c9f717
2026-10-08T20:40:56.274661+00:00,2026-10-08T20:51:08.684010+00:00,UNO,"ST,610500,RRYY,C,0,0,000",6,1c9f717
2026-10-08T20:40:56.274661+00:00,2026-10-08T20:51:09.183649+00:00,UNO,"ST,611000,RRYY,C,0,0,000",6,1c9f717
2026-10-08T20:40:56.274661+00:00,2026-10-08T20:51:09.683676+00:00,UNO,"ST,611500,RRYY,C,0,0,000",6,1c9f717
2026-10-08T20:40:56.274661+00:00,2026-10-08T20:51:10.184165+00:00,UNO,"ST,612000,RRYY,C,0,0,000",6,1c9f717
2026-10-08T20:40:56.274661+00:00,2026-10-08T20:51:10.318788+00:00,UNO,"ST,612134,RRRR,C,0,0,000",6,1c9f717
2026-10-08T20:40:56.274661+00:00,2026-10-08T20:51:10.684229+00:00,UNO,"ST,612500,RRRR,C,0,0,000",6,1c9f717
2026-10-08T20:40:56.274661+00:00,2026-10-08T20:51:11.184294+00:00,UNO,"ST,613000,RRRR,C,0,0,000",6,1c9f717
2026-10-08T20:40:56.274661+00:00,2026-10-08T20:51:11.318697+00:00,UNO,"ST,613134,GGRR,C,0,0,000",6,1c9f717
2026-10-08T20:40:56.274661+00:00,2026-10-08T20:51:11.684914+00:00,UNO,"ST,613500,GGRR,C,0,0,000",6,1c9f717
2026-10-08T20:40:56.274661+00:00,2026-10-08T20:51:12.184974+00:00,UNO,"ST,614000,GGRR,C,0,0,000",6,1c9f717
2026-10-08T20:40:56.274661+00:00,2026-10-08T20:51:12.684618+00:00,UNO,"ST,614500,GGRR,C,0,0,000",6,1c9f717
2026-10-08T20:40:56.274661+00:00,2026-10-08T20:51:13.184524+00:00,UNO,"ST,615000,GGRR,C,0,0,000",6,1c9f717
2026-10-08T20:40:56.274661+00:00,2026-10-08T20:51:13.685588+00:00,UNO,"ST,615500,GGRR,C,0,0,000",6,1c9f717
2026-10-08T20:40:56.274661+00:00,2026-10-08T20:51:14.185195+00:00,UNO,"ST,616000,GGRR,C,0,0,000",6,1c9f717
2026-10-08T20:40:56.274661+00:00,2026-10-08T20:51:14.319650+00:00,UNO,"ST,616134,YYRR,C,0,0,000",6,1c9f717
2026-10-08T20:40:56.274661+00:00,2026-10-08T20:51:14.685250+00:00,UNO,"ST,616500,YYRR,C,0,0,000",6,1c9f717
2026-10-08T20:40:56.274661+00:00,2026-10-08T20:51:15.185880+00:00,UNO,"ST,617000,YYRR,C,0,0,000",6,1c9f717
2026-10-08T20:40:56.274661+00:00,2026-10-08T20:51:15.685835+00:00,UNO,"ST,617500,YYRR,C,0,0,000",6,1c9f717
2026-10-08T20:40:56.274661+00:00,2026-10-08T20:51:16.185872+00:00,UNO,"ST,618000,YYRR,C,0,0,000",6,1c9f717
2026-10-08T20:40:56.274661+00:00,2026-10-08T20:51:16.319888+00:00,UNO,"ST,618134,RRRR,C,0,0,000",6,1c9f717
2026-10-08T20:40:56.274661+00:00,2026-10-08T20:51:16.685494+00:00,UNO,"ST,618500,RRRR,C,0,0,000",6,1c9f717
2026-10-08T20:40:56.274661+00:00,2026-10-08T20:51:17.186552+00:00,UNO,"ST,619000,RRRR,C,0,0,000",6,1c9f717
2026-10-08T20:40:56.274661+00:00,2026-10-08T20:51:17.320534+00:00,UNO,"ST,619134,RRGG,C,0,0,000",6,1c9f717
2026-10-08T20:40:56.274661+00:00,2026-10-08T20:51:17.686044+00:00,UNO,"ST,619500,RRGG,C,0,0,000",6,1c9f717
2026-10-08T20:40:56.274661+00:00,2026-10-08T20:51:18.186100+00:00,UNO,"ST,620000,RRGG,C,0,0,000",6,1c9f717
2026-10-08T20:40:56.274661+00:00,2026-10-08T20:51:18.687157+00:00,UNO,"ST,620500,RRGG,C,0,0,000",6,1c9f717
2026-10-08T20:40:56.274661+00:00,2026-10-08T20:51:19.187191+00:00,UNO,"ST,621000,RRGG,C,0,0,000",6,1c9f717
2026-10-08T20:40:56.274661+00:00,2026-10-08T20:51:19.686827+00:00,UNO,"ST,621500,RRGG,C,0,0,000",6,1c9f717
2026-10-08T20:40:56.274661+00:00,2026-10-08T20:51:20.186458+00:00,UNO,"ST,622000,RRGG,C,0,0,000",6,1c9f717
2026-10-08T20:40:56.274661+00:00,2026-10-08T20:51:20.320879+00:00,UNO,"ST,622134,RRYY,C,0,0,000",6,1c9f717
2026-10-08T20:40:56.274661+00:00,2026-10-08T20:51:20.687358+00:00,UNO,"ST,622500,RRYY,C,0,0,000",6,1c9f717
2026-10-08T20:40:56.274661+00:00,2026-10-08T20:51:21.187708+00:00,UNO,"ST,623000,RRYY,C,0,0,000",6,1c9f717
2026-10-08T20:40:56.274661+00:00,2026-10-08T20:51:21.687501+00:00,UNO,"ST,623500,RRYY,C,0,0,000",6,1c9f717
2026-10-08T20:40:56.274661+00:00,2026-10-08T20:51:22.187118+00:00,UNO,"ST,624000,RRYY,C,0,0,000",6,1c9f717
2026-10-08T20:40:56.274661+00:00,2026-10-08T20:51:22.321555+00:00,UNO,"ST,624134,RRRR,C,0,0,000",6,1c9f717
2026-10-08T20:40:56.274661+00:00,2026-10-08T20:51:22.687734+00:00,UNO,"ST,624500,RRRR,C,0,0,000",6,1c9f717
2026-10-08T20:40:56.274661+00:00,2026-10-08T20:51:23.187659+00:00,UNO,"ST,625000,RRRR,C,0,0,000",6,1c9f717
2026-10-08T20:40:56.274661+00:00,2026-10-08T20:51:23.322226+00:00,UNO,"ST,625134,GGRR,C,0,0,000",6,1c9f717
2026-10-08T20:40:56.274661+00:00,2026-10-08T20:51:23.687701+00:00,UNO,"ST,625500,GGRR,C,0,0,000",6,1c9f717
2026-10-08T20:40:56.274661+00:00,2026-10-08T20:51:24.189001+00:00,UNO,"ST,626000,GGRR,C,0,0,000",6,1c9f717
2026-10-08T20:40:56.274661+00:00,2026-10-08T20:51:24.688389+00:00,UNO,"ST,626500,GGRR,C,0,0,000",6,1c9f717
2026-10-08T20:40:56.274661+00:00,2026-10-08T20:51:25.188033+00:00,UNO,"ST,627000,GGRR,C,0,0,000",6,1c9f717
2026-10-08T20:40:56.274661+00:00,2026-10-08T20:51:25.688026+00:00,UNO,"ST,627500,GGRR,C,0,0,000",6,1c9f717
2026-10-08T20:40:56.274661+00:00,2026-10-08T20:51:26.189871+00:00,UNO,"ST,628000,GGRR,C,0,0,000",6,1c9f717
2026-10-08T20:40:56.274661+00:00,2026-10-08T20:51:26.323156+00:00,UNO,"ST,628134,YYRR,C,0,0,000",6,1c9f717
2026-10-08T20:40:56.274661+00:00,2026-10-08T20:51:26.688614+00:00,UNO,"ST,628500,YYRR,C,0,0,000",6,1c9f717
2026-10-08T20:40:56.274661+00:00,2026-10-08T20:51:27.188690+00:00,UNO,"ST,629000,YYRR,C,0,0,000",6,1c9f717
2026-10-08T20:40:56.274661+00:00,2026-10-08T20:51:27.689718+00:00,UNO,"ST,629500,YYRR,C,0,0,000",6,1c9f717
2026-10-08T20:40:56.274661+00:00,2026-10-08T20:51:28.189242+00:00,UNO,"ST,630000,YYRR,C,0,0,000",6,1c9f717
2026-10-08T20:40:56.274661+00:00,2026-10-08T20:51:28.323357+00:00,UNO,"ST,630134,RRRR,C,0,0,000",6,1c9f717
2026-10-08T20:40:56.274661+00:00,2026-10-08T20:51:28.689264+00:00,UNO,"ST,630500,RRRR,C,0,0,000",6,1c9f717
2026-10-08T20:40:56.274661+00:00,2026-10-08T20:51:29.189336+00:00,UNO,"ST,631000,RRRR,C,0,0,000",6,1c9f717
2026-10-08T20:40:56.274661+00:00,2026-10-08T20:51:29.323321+00:00,UNO,"ST,631134,RRGG,C,0,0,000",6,1c9f717
2026-10-08T20:40:56.274661+00:00,2026-10-08T20:51:29.689934+00:00,UNO,"ST,631500,RRGG,C,0,0,000",6,1c9f717
2026-10-08T20:40:56.274661+00:00,2026-10-08T20:51:30.190012+00:00,UNO,"ST,632000,RRGG,C,0,0,000",6,1c9f717
2026-10-08T20:40:56.274661+00:00,2026-10-08T20:51:30.689586+00:00,UNO,"ST,632500,RRGG,C,0,0,000",6,1c9f717
2026-10-08T20:40:56.274661+00:00,2026-10-08T20:51:31.190547+00:00,UNO,"ST,633000,RRGG,C,0,0,000",6,1c9f717
2026-10-08T20:40:56.274661+00:00,2026-10-08T20:51:31.690612+00:00,UNO,"ST,633500,RRGG,C,0,0,000",6,1c9f717
2026-10-08T20:40:56.274661+00:00,2026-10-08T20:51:32.190277+00:00,UNO,"ST,634000,RRGG,C,0,0,000",6,1c9f717
2026-10-08T20:40:56.274661+00:00,2026-10-08T20:51:32.324667+00:00,UNO,"ST,634134,RRYY,C,0,0,000",6,1c9f717
2026-10-08T20:40:56.274661+00:00,2026-10-08T20:51:32.690290+00:00,UNO,"ST,634500,RRYY,C,0,0,000",6,1c9f717
2026-10-08T20:40:56.274661+00:00,2026-10-08T20:51:33.191351+00:00,UNO,"ST,635000,RRYY,C,0,0,000",6,1c9f717
2026-10-08T20:40:56.274661+00:00,2026-10-08T20:51:33.690869+00:00,UNO,"ST,635500,RRYY,C,0,0,000",6,1c9f717
2026-10-08T20:40:56.274661+00:00,2026-10-08T20:51:34.191022+00:00,UNO,"ST,636000,RRYY,C,0,0,000",6,1c9f717
2026-10-08T20:40:56.274661+00:00,2026-10-08T20:51:34.324918+00:00,UNO,"ST,636134,RRRR,C,0,0,000",6,1c9f717
2026-10-08T20:40:56.274661+00:00,2026-10-08T20:51:34.691961+00:00,UNO,"ST,636500,RRRR,C,0,0,000",6,1c9f717
2026-10-08T20:40:56.274661+00:00,2026-10-08T20:51:35.191580+00:00,UNO,"ST,637000,RRRR,C,0,0,000",6,1c9f717
2026-10-08T20:40:56.274661+00:00,2026-10-08T20:51:35.326009+00:00,UNO,"ST,637134,GGRR,C,0,0,000",6,1c9f717
2026-10-08T20:40:56.274661+00:00,2026-10-08T20:51:35.691229+00:00,UNO,"ST,637500,GGRR,C,0,0,000",6,1c9f717
2026-10-08T20:40:56.274661+00:00,2026-10-08T20:51:36.191349+00:00,UNO,"ST,638000,GGRR,C,0,0,000",6,1c9f717
2026-10-08T20:40:56.274661+00:00,2026-10-08T20:51:36.692197+00:00,UNO,"ST,638500,GGRR,C,0,0,000",6,1c9f717
2026-10-08T20:40:56.274661+00:00,2026-10-08T20:51:37.191800+00:00,UNO,"ST,639000,GGRR,C,0,0,000",6,1c9f717
2026-10-08T20:40:56.274661+00:00,2026-10-08T20:51:37.691859+00:00,UNO,"ST,639500,GGRR,C,0,0,000",6,1c9f717
2026-10-08T20:40:56.274661+00:00,2026-10-08T20:51:38.191902+00:00,UNO,"ST,640000,GGRR,C,0,0,000",6,1c9f717
2026-10-08T20:40:56.274661+00:00,2026-10-08T20:51:38.325903+00:00,UNO,"ST,640134,YYRR,C,0,0,000",6,1c9f717
2026-10-08T20:40:56.274661+00:00,2026-10-08T20:51:38.692407+00:00,UNO,"ST,640500,YYRR,C,0,0,000",6,1c9f717
2026-10-08T20:40:56.274661+00:00,2026-10-08T20:51:39.192474+00:00,UNO,"ST,641000,YYRR,C,0,0,000",6,1c9f717
2026-10-08T20:40:56.274661+00:00,2026-10-08T20:51:39.692532+00:00,UNO,"ST,641500,YYRR,C,0,0,000",6,1c9f717
2026-10-08T20:40:56.274661+00:00,2026-10-08T20:51:40.193356+00:00,UNO,"ST,642000,YYRR,C,0,0,000",6,1c9f717
2026-10-08T20:40:56.274661+00:00,2026-10-08T20:51:40.326172+00:00,UNO,"ST,642134,RRRR,C,0,0,000",6,1c9f717
2026-10-08T20:40:56.274661+00:00,2026-10-08T20:51:40.692762+00:00,UNO,"ST,642500,RRRR,C,0,0,000",6,1c9f717
2026-10-08T20:40:56.274661+00:00,2026-10-08T20:51:41.192701+00:00,UNO,"ST,643000,RRRR,C,0,0,000",6,1c9f717
2026-10-08T20:40:56.274661+00:00,2026-10-08T20:51:41.327565+00:00,UNO,"ST,643134,RRGG,C,0,0,000",6,1c9f717
2026-10-08T20:40:56.274661+00:00,2026-10-08T20:51:41.692754+00:00,UNO,"ST,643500,RRGG,C,0,0,000",6,1c9f717
2026-10-08T20:40:56.274661+00:00,2026-10-08T20:51:42.193355+00:00,UNO,"ST,644000,RRGG,C,0,0,000",6,1c9f717
2026-10-08T20:40:56.274661+00:00,2026-10-08T20:51:42.693432+00:00,UNO,"ST,644500,RRGG,C,0,0,000",6,1c9f717
2026-10-08T20:40:56.274661+00:00,2026-10-08T20:51:43.193473+00:00,UNO,"ST,645000,RRGG,C,0,0,000",6,1c9f717
2026-10-08T20:40:56.274661+00:00,2026-10-08T20:51:43.694098+00:00,UNO,"ST,645500,RRGG,C,0,0,000",6,1c9f717
2026-10-08T20:40:56.274661+00:00,2026-10-08T20:51:44.194039+00:00,UNO,"ST,646000,RRGG,C,0,0,000",6,1c9f717
2026-10-08T20:40:56.274661+00:00,2026-10-08T20:51:44.328192+00:00,UNO,"ST,646134,RRYY,C,0,0,000",6,1c9f717
2026-10-08T20:40:56.274661+00:00,2026-10-08T20:51:44.694084+00:00,UNO,"ST,646500,RRYY,C,0,0,000",6,1c9f717
2026-10-08T20:40:56.274661+00:00,2026-10-08T20:51:45.193737+00:00,UNO,"ST,647000,RRYY,C,0,0,000",6,1c9f717
2026-10-08T20:40:56.274661+00:00,2026-10-08T20:51:45.694777+00:00,UNO,"ST,647500,RRYY,C,0,0,000",6,1c9f717
2026-10-08T20:40:56.274661+00:00,2026-10-08T20:51:46.194244+00:00,UNO,"ST,648000,RRYY,C,0,0,000",6,1c9f717
2026-10-08T20:40:56.274661+00:00,2026-10-08T20:51:46.328821+00:00,UNO,"ST,648134,RRRR,C,0,0,000",6,1c9f717
2026-10-08T20:40:56.274661+00:00,2026-10-08T20:51:46.694303+00:00,UNO,"ST,648500,RRRR,C,0,0,000",6,1c9f717
2026-10-08T20:40:56.274661+00:00,2026-10-08T20:51:47.195377+00:00,UNO,"ST,649000,RRRR,C,0,0,000",6,1c9f717
2026-10-08T20:40:56.274661+00:00,2026-10-08T20:51:47.328521+00:00,UNO,"ST,649134,GGRR,C,0,0,000",6,1c9f717
2026-10-08T20:40:56.274661+00:00,2026-10-08T20:51:47.694987+00:00,UNO,"ST,649500,GGRR,C,0,0,000",6,1c9f717
2026-10-08T20:40:56.274661+00:00,2026-10-08T20:51:48.195044+00:00,UNO,"ST,650000,GGRR,C,0,0,000",6,1c9f717
2026-10-08T20:40:56.274661+00:00,2026-10-08T20:51:48.694671+00:00,UNO,"ST,650500,GGRR,C,0,0,000",6,1c9f717
2026-10-08T20:40:56.274661+00:00,2026-10-08T20:51:49.195604+00:00,UNO,"ST,651000,GGRR,C,0,0,000",6,1c9f717
2026-10-08T20:40:56.274661+00:00,2026-10-08T20:51:49.695659+00:00,UNO,"ST,651500,GGRR,C,0,0,000",6,1c9f717
2026-10-08T20:40:56.274661+00:00,2026-10-08T20:51:50.195277+00:00,UNO,"ST,652000,GGRR,C,0,0,000",6,1c9f717
2026-10-08T20:40:56.274661+00:00,2026-10-08T20:51:50.329713+00:00,UNO,"ST,652134,YYRR,C,0,0,000",6,1c9f717
2026-10-08T20:40:56.274661+00:00,2026-10-08T20:51:50.696327+00:00,UNO,"ST,652500,YYRR,C,0,0,000",6,1c9f717
2026-10-08T20:40:56.274661+00:00,2026-10-08T20:51:51.195962+00:00,UNO,"ST,653000,YYRR,C,0,0,000",6,1c9f717
2026-10-08T20:40:56.274661+00:00,2026-10-08T20:51:51.695881+00:00,UNO,"ST,653500,YYRR,C,0,0,000",6,1c9f717
2026-10-08T20:40:56.274661+00:00,2026-10-08T20:51:52.195934+00:00,UNO,"ST,654000,YYRR,C,0,0,000",6,1c9f717
2026-10-08T20:40:56.274661+00:00,2026-10-08T20:51:52.329936+00:00,UNO,"ST,654134,RRRR,C,0,0,000",6,1c9f717
2026-10-08T20:40:56.274661+00:00,2026-10-08T20:51:52.696541+00:00,UNO,"ST,654500,RRRR,C,0,0,000",6,1c9f717
2026-10-08T20:40:56.274661+00:00,2026-10-08T20:51:53.196612+00:00,UNO,"ST,655000,RRRR,C,0,0,000",6,1c9f717
2026-10-08T20:40:56.274661+00:00,2026-10-08T20:51:53.330621+00:00,UNO,"ST,655134,RRGG,C,0,0,000",6,1c9f717
2026-10-08T20:40:56.274661+00:00,2026-10-08T20:51:53.696256+00:00,UNO,"ST,655500,RRGG,C,0,0,000",6,1c9f717
2026-10-08T20:40:56.274661+00:00,2026-10-08T20:51:54.196150+00:00,UNO,"ST,656000,RRGG,C,0,0,000",6,1c9f717
2026-10-08T20:40:56.274661+00:00,2026-10-08T20:51:54.697203+00:00,UNO,"ST,656500,RRGG,C,0,0,000",6,1c9f717
2026-10-08T20:40:56.274661+00:00,2026-10-08T20:51:55.196817+00:00,UNO,"ST,657000,RRGG,C,0,0,000",6,1c9f717
2026-10-08T20:40:56.274661+00:00,2026-10-08T20:51:55.696914+00:00,UNO,"ST,657500,RRGG,C,0,0,000",6,1c9f717
2026-10-08T20:40:56.274661+00:00,2026-10-08T20:51:56.197506+00:00,UNO,"ST,658000,RRGG,C,0,0,000",6,1c9f717
2026-10-08T20:40:56.274661+00:00,2026-10-08T20:51:56.330966+00:00,UNO,"ST,658134,RRYY,C,0,0,000",6,1c9f717
2026-10-08T20:40:56.274661+00:00,2026-10-08T20:51:56.697430+00:00,UNO,"ST,658500,RRYY,C,0,0,000",6,1c9f717
2026-10-08T20:40:56.274661+00:00,2026-10-08T20:51:57.197485+00:00,UNO,"ST,659000,RRYY,C,0,0,000",6,1c9f717
2026-10-08T20:40:56.274661+00:00,2026-10-08T20:51:57.697542+00:00,UNO,"ST,659500,RRYY,C,0,0,000",6,1c9f717
2026-10-08T20:40:56.274661+00:00,2026-10-08T20:51:58.198188+00:00,UNO,"ST,660000,RRYY,C,0,0,000",6,1c9f717
2026-10-08T20:40:56.274661+00:00,2026-10-08T20:51:58.332217+00:00,UNO,"ST,660134,RRRR,C,0,0,000",6,1c9f717
2026-10-08T20:40:56.274661+00:00,2026-10-08T20:51:58.697786+00:00,UNO,"ST,660500,RRRR,C,0,0,000",6,1c9f717
2026-10-08T20:40:56.274661+00:00,2026-10-08T20:51:59.197714+00:00,UNO,"ST,661000,RRRR,C,0,0,000",6,1c9f717
2026-10-08T20:40:56.274661+00:00,2026-10-08T20:51:59.332308+00:00,UNO,"ST,661134,GGRR,C,0,0,000",6,1c9f717
2026-10-08T20:40:56.274661+00:00,2026-10-08T20:51:59.698766+00:00,UNO,"ST,661500,GGRR,C,0,0,000",6,1c9f717
2026-10-08T20:40:56.274661+00:00,2026-10-08T20:52:00.198819+00:00,UNO,"ST,662000,GGRR,C,0,0,000",6,1c9f717
2026-10-08T20:40:56.274661+00:00,2026-10-08T20:52:00.698450+00:00,UNO,"ST,662500,GGRR,C,0,0,000",6,1c9f717
2026-10-08T20:40:56.274661+00:00,2026-10-08T20:52:01.198079+00:00,UNO,"ST,663000,GGRR,C,0,0,000",6,1c9f717
2026-10-08T20:40:56.274661+00:00,2026-10-08T20:52:01.699010+00:00,UNO,"ST,663500,GGRR,C,0,0,000",6,1c9f717
2026-10-08T20:40:56.274661+00:00,2026-10-08T20:52:02.199069+00:00,UNO,"ST,664000,GGRR,C,0,0,000",6,1c9f717
2026-10-08T20:40:56.274661+00:00,2026-10-08T20:52:02.333215+00:00,UNO,"ST,664134,YYRR,C,0,0,000",6,1c9f717
2026-10-08T20:40:56.274661+00:00,2026-10-08T20:52:02.698655+00:00,UNO,"ST,664500,YYRR,C,0,0,000",6,1c9f717
2026-10-08T20:40:56.274661+00:00,2026-10-08T20:52:03.199727+00:00,UNO,"ST,665000,YYRR,C,0,0,000",6,1c9f717
2026-10-08T20:40:56.274661+00:00,2026-10-08T20:52:03.699779+00:00,UNO,"ST,665500,YYRR,C,0,0,000",6,1c9f717
2026-10-08T20:40:56.274661+00:00,2026-10-08T20:52:04.199309+00:00,UNO,"ST,666000,YYRR,C,0,0,000",6,1c9f717
2026-10-08T20:40:56.274661+00:00,2026-10-08T20:52:04.333654+00:00,UNO,"ST,666134,RRRR,C,0,0,000",6,1c9f717
2026-10-08T20:40:56.274661+00:00,2026-10-08T20:52:04.699330+00:00,UNO,"ST,666500,RRRR,C,0,0,000",6,1c9f717
2026-10-08T20:40:56.274661+00:00,2026-10-08T20:52:05.200384+00:00,UNO,"ST,667000,RRRR,C,0,0,000",6,1c9f717
2026-10-08T20:40:56.274661+00:00,2026-10-08T20:52:05.334634+00:00,UNO,"ST,667134,RRGG,C,0,0,000",6,1c9f717
2026-10-08T20:40:56.274661+00:00,2026-10-08T20:52:05.700017+00:00,UNO,"ST,667500,RRGG,C,0,0,000",6,1c9f717
2026-10-08T20:40:56.274661+00:00,2026-10-08T20:52:06.200067+00:00,UNO,"ST,668000,RRGG,C,0,0,000",6,1c9f717
2026-10-08T20:40:56.274661+00:00,2026-10-08T20:52:06.700693+00:00,UNO,"ST,668500,RRGG,C,0,0,000",6,1c9f717
2026-10-08T20:40:56.274661+00:00,2026-10-08T20:52:07.200642+00:00,UNO,"ST,669000,RRGG,C,0,0,000",6,1c9f717
2026-10-08T20:40:56.274661+00:00,2026-10-08T20:52:07.700706+00:00,UNO,"ST,669500,RRGG,C,0,0,000",6,1c9f717
2026-10-08T20:40:56.274661+00:00,2026-10-08T20:52:08.200288+00:00,UNO,"ST,670000,RRGG,C,0,0,000",6,1c9f717
2026-10-08T20:40:56.274661+00:00,2026-10-08T20:52:08.334737+00:00,UNO,"ST,670134,RRYY,C,0,0,000",6,1c9f717
2026-10-08T20:40:56.274661+00:00,2026-10-08T20:52:08.701365+00:00,UNO,"ST,670500,RRYY,C,0,0,000",6,1c9f717
2026-10-08T20:40:56.274661+00:00,2026-10-08T20:52:09.201405+00:00,UNO,"ST,671000,RRYY,C,0,0,000",6,1c9f717
2026-10-08T20:40:56.274661+00:00,2026-10-08T20:52:09.700905+00:00,UNO,"ST,671500,RRYY,C,0,0,000",6,1c9f717
2026-10-08T20:40:56.274661+00:00,2026-10-08T20:52:10.200962+00:00,UNO,"ST,672000,RRYY,C,0,0,000",6,1c9f717
2026-10-08T20:40:56.274661+00:00,2026-10-08T20:52:10.334959+00:00,UNO,"ST,672134,RRRR,C,0,0,000",6,1c9f717
2026-10-08T20:40:56.274661+00:00,2026-10-08T20:52:10.701581+00:00,UNO,"ST,672500,RRRR,C,0,0,000",6,1c9f717
2026-10-08T20:40:56.274661+00:00,2026-10-08T20:52:11.201649+00:00,UNO,"ST,673000,RRRR,C,0,0,000",6,1c9f717
2026-10-08T20:40:56.274661+00:00,2026-10-08T20:52:11.336114+00:00,UNO,"ST,673134,GGRR,C,0,0,000",6,1c9f717
2026-10-08T20:40:56.274661+00:00,2026-10-08T20:52:11.701704+00:00,UNO,"ST,673500,GGRR,C,0,0,000",6,1c9f717
2026-10-08T20:40:56.274661+00:00,2026-10-08T20:52:12.202175+00:00,UNO,"ST,674000,GGRR,C,0,0,000",6,1c9f717
2026-10-08T20:40:56.274661+00:00,2026-10-08T20:52:12.702273+00:00,UNO,"ST,674500,GGRR,C,0,0,000",6,1c9f717
2026-10-08T20:40:56.274661+00:00,2026-10-08T20:52:13.201872+00:00,UNO,"ST,675000,GGRR,C,0,0,000",6,1c9f717
2026-10-08T20:40:56.274661+00:00,2026-10-08T20:52:13.701910+00:00,UNO,"ST,675500,GGRR,C,0,0,000",6,1c9f717
2026-10-08T20:40:56.274661+00:00,2026-10-08T20:52:14.202835+00:00,UNO,"ST,676000,GGRR,C,0,0,000",6,1c9f717
2026-10-08T20:40:56.274661+00:00,2026-10-08T20:52:14.336992+00:00,UNO,"ST,676134,YYRR,C,0,0,000",6,1c9f717
2026-10-08T20:40:56.274661+00:00,2026-10-08T20:52:14.702482+00:00,UNO,"ST,676500,YYRR,C,0,0,000",6,1c9f717
2026-10-08T20:40:56.274661+00:00,2026-10-08T20:52:15.202528+00:00,UNO,"ST,677000,YYRR,C,0,0,000",6,1c9f717
2026-10-08T20:40:56.274661+00:00,2026-10-08T20:52:15.703162+00:00,UNO,"ST,677500,YYRR,C,0,0,000",6,1c9f717
2026-10-08T20:40:56.274661+00:00,2026-10-08T20:52:16.203573+00:00,UNO,"ST,678000,YYRR,C,0,0,000",6,1c9f717
2026-10-08T20:40:56.274661+00:00,2026-10-08T20:52:16.337224+00:00,UNO,"ST,678134,RRRR,C,0,0,000",6,1c9f717
2026-10-08T20:40:56.274661+00:00,2026-10-08T20:52:16.703253+00:00,UNO,"ST,678500,RRRR,C,0,0,000",6,1c9f717
2026-10-08T20:40:56.274661+00:00,2026-10-08T20:52:17.202766+00:00,UNO,"ST,679000,RRRR,C,0,0,000",6,1c9f717
2026-10-08T20:40:56.274661+00:00,2026-10-08T20:52:17.337339+00:00,UNO,"ST,679134,RRGG,C,0,0,000",6,1c9f717
2026-10-08T20:40:56.274661+00:00,2026-10-08T20:52:17.703813+00:00,UNO,"ST,679500,RRGG,C,0,0,000",6,1c9f717
2026-10-08T20:40:56.274661+00:00,2026-10-08T20:52:18.203871+00:00,UNO,"ST,680000,RRGG,C,0,0,000",6,1c9f717
2026-10-08T20:40:56.274661+00:00,2026-10-08T20:52:18.703477+00:00,UNO,"ST,680500,RRGG,C,0,0,000",6,1c9f717
2026-10-08T20:40:56.274661+00:00,2026-10-08T20:52:19.204530+00:00,UNO,"ST,681000,RRGG,C,0,0,000",6,1c9f717
2026-10-08T20:40:56.274661+00:00,2026-10-08T20:52:19.704190+00:00,UNO,"ST,681500,RRGG,C,0,0,000",6,1c9f717
2026-10-08T20:40:56.274661+00:00,2026-10-08T20:52:20.204082+00:00,UNO,"ST,682000,RRGG,C,0,0,000",6,1c9f717
2026-10-08T20:40:56.274661+00:00,2026-10-08T20:52:20.338243+00:00,UNO,"ST,682134,RRYY,C,0,0,000",6,1c9f717
2026-10-08T20:40:56.274661+00:00,2026-10-08T20:52:20.704138+00:00,UNO,"ST,682500,RRYY,C,0,0,000",6,1c9f717
2026-10-08T20:40:56.274661+00:00,2026-10-08T20:52:21.204801+00:00,UNO,"ST,683000,RRYY,C,0,0,000",6,1c9f717
2026-10-08T20:40:56.274661+00:00,2026-10-08T20:52:21.704831+00:00,UNO,"ST,683500,RRYY,C,0,0,000",6,1c9f717
2026-10-08T20:40:56.274661+00:00,2026-10-08T20:52:22.204458+00:00,UNO,"ST,684000,RRYY,C,0,0,000",6,1c9f717
2026-10-08T20:40:56.274661+00:00,2026-10-08T20:52:22.338883+00:00,UNO,"ST,684134,RRRR,C,0,0,000",6,1c9f717
2026-10-08T20:40:56.274661+00:00,2026-10-08T20:52:22.705384+00:00,UNO,"ST,684500,RRRR,C,0,0,000",6,1c9f717
2026-10-08T20:40:56.274661+00:00,2026-10-08T20:52:23.205442+00:00,UNO,"ST,685000,RRRR,C,0,0,000",6,1c9f717
2026-10-08T20:40:56.274661+00:00,2026-10-08T20:52:23.339435+00:00,UNO,"ST,685134,GGRR,C,0,0,000",6,1c9f717
2026-10-08T20:40:56.274661+00:00,2026-10-08T20:52:23.705055+00:00,UNO,"ST,685500,GGRR,C,0,0,000",6,1c9f717
2026-10-08T20:40:56.274661+00:00,2026-10-08T20:52:24.205097+00:00,UNO,"ST,686000,GGRR,C,0,0,000",6,1c9f717
2026-10-08T20:40:56.274661+00:00,2026-10-08T20:52:24.705714+00:00,UNO,"ST,686500,GGRR,C,0,0,000",6,1c9f717
2026-10-08T20:40:56.274661+00:00,2026-10-08T20:52:25.205654+00:00,UNO,"ST,687000,GGRR,C,0,0,000",6,1c9f717
2026-10-08T20:40:56.274661+00:00,2026-10-08T20:52:25.705710+00:00,UNO,"ST,687500,GGRR,C,0,0,000",6,1c9f717
2026-10-08T20:40:56.274661+00:00,2026-10-08T20:52:26.205348+00:00,UNO,"ST,688000,GGRR,C,0,0,000",6,1c9f717
2026-10-08T20:40:56.274661+00:00,2026-10-08T20:52:26.339778+00:00,UNO,"ST,688134,YYRR,C,0,0,000",6,1c9f717
2026-10-08T20:40:56.274661+00:00,2026-10-08T20:52:26.706395+00:00,UNO,"ST,688500,YYRR,C,0,0,000",6,1c9f717
2026-10-08T20:40:56.274661+00:00,2026-10-08T20:52:27.205886+00:00,UNO,"ST,689000,YYRR,C,0,0,000",6,1c9f717
2026-10-08T20:40:56.274661+00:00,2026-10-08T20:52:27.705950+00:00,UNO,"ST,689500,YYRR,C,0,0,000",6,1c9f717
2026-10-08T20:40:56.274661+00:00,2026-10-08T20:52:28.207015+00:00,UNO,"ST,690000,YYRR,C,0,0,000",6,1c9f717
2026-10-08T20:40:56.274661+00:00,2026-10-08T20:52:28.339993+00:00,UNO,"ST,690134,RRRR,C,0,0,000",6,1c9f717
2026-10-08T20:40:56.274661+00:00,2026-10-08T20:52:28.706963+00:00,UNO,"ST,690500,RRRR,C,0,0,000",6,1c9f717
2026-10-08T20:40:56.274661+00:00,2026-10-08T20:52:29.206738+00:00,UNO,"ST,691000,RRRR,C,0,0,000",6,1c9f717
2026-10-08T20:40:56.274661+00:00,2026-10-08T20:52:29.340669+00:00,UNO,"ST,691134,RRGG,C,0,0,000",6,1c9f717
2026-10-08T20:40:56.274661+00:00,2026-10-08T20:52:29.706715+00:00,UNO,"ST,691500,RRGG,C,0,0,000",6,1c9f717
2026-10-08T20:40:56.274661+00:00,2026-10-08T20:52:30.207222+00:00,UNO,"ST,692000,RRGG,C,0,0,000",6,1c9f717
2026-10-08T20:40:56.274661+00:00,2026-10-08T20:52:30.707284+00:00,UNO,"ST,692500,RRGG,C,0,0,000",6,1c9f717
2026-10-08T20:40:56.274661+00:00,2026-10-08T20:52:31.206892+00:00,UNO,"ST,693000,RRGG,C,0,0,000",6,1c9f717
2026-10-08T20:40:56.274661+00:00,2026-10-08T20:52:31.707965+00:00,UNO,"ST,693500,RRGG,C,0,0,000",6,1c9f717
2026-10-08T20:40:56.274661+00:00,2026-10-08T20:52:32.208014+00:00,UNO,"ST,694000,RRGG,C,0,0,000",6,1c9f717
2026-10-08T20:40:56.274661+00:00,2026-10-08T20:52:32.342034+00:00,UNO,"ST,694134,RRYY,C,0,0,000",6,1c9f717
2026-10-08T20:40:56.274661+00:00,2026-10-08T20:52:32.707474+00:00,UNO,"ST,694500,RRYY,C,0,0,000",6,1c9f717
2026-10-08T20:40:56.274661+00:00,2026-10-08T20:52:33.207536+00:00,UNO,"ST,695000,RRYY,C,0,0,000",6,1c9f717
2026-10-08T20:40:56.274661+00:00,2026-10-08T20:52:33.708175+00:00,UNO,"ST,695500,RRYY,C,0,0,000",6,1c9f717
2026-10-08T20:40:56.274661+00:00,2026-10-08T20:52:34.208214+00:00,UNO,"ST,696000,RRYY,C,0,0,000",6,1c9f717
2026-10-08T20:40:56.274661+00:00,2026-10-08T20:52:34.342239+00:00,UNO,"ST,696134,RRRR,C,0,0,000",6,1c9f717
2026-10-08T20:40:56.274661+00:00,2026-10-08T20:52:34.707854+00:00,UNO,"ST,696500,RRRR,C,0,0,000",6,1c9f717
2026-10-08T20:40:56.274661+00:00,2026-10-08T20:52:35.208918+00:00,UNO,"ST,697000,RRRR,C,0,0,000",6,1c9f717
2026-10-08T20:40:56.274661+00:00,2026-10-08T20:52:35.342355+00:00,UNO,"ST,697134,GGRR,C,0,0,000",6,1c9f717
2026-10-08T20:40:56.274661+00:00,2026-10-08T20:52:35.708843+00:00,UNO,"ST,697500,GGRR,C,0,0,000",6,1c9f717
2026-10-08T20:40:56.274661+00:00,2026-10-08T20:52:36.209280+00:00,UNO,"ST,698000,GGRR,C,0,0,000",6,1c9f717
2026-10-08T20:40:56.274661+00:00,2026-10-08T20:52:36.708527+00:00,UNO,"ST,698500,GGRR,C,0,0,000",6,1c9f717
2026-10-08T20:40:56.274661+00:00,2026-10-08T20:52:37.209582+00:00,UNO,"ST,699000,GGRR,C,0,0,000",6,1c9f717
2026-10-08T20:40:56.274661+00:00,2026-10-08T20:52:37.709065+00:00,UNO,"ST,699500,GGRR,C,0,0,000",6,1c9f717
2026-10-08T20:40:56.274661+00:00,2026-10-08T20:52:38.209131+00:00,UNO,"ST,700000,GGRR,C,0,0,000",6,1c9f717
2026-10-08T20:40:56.274661+00:00,2026-10-08T20:52:38.343269+00:00,UNO,"ST,700134,YYRR,C,0,0,000",6,1c9f717
2026-10-08T20:40:56.274661+00:00,2026-10-08T20:52:38.710185+00:00,UNO,"ST,700500,YYRR,C,0,0,000",6,1c9f717
2026-10-08T20:40:56.274661+00:00,2026-10-08T20:52:39.209801+00:00,UNO,"ST,701000,YYRR,C,0,0,000",6,1c9f717
2026-10-08T20:40:56.274661+00:00,2026-10-08T20:52:39.709870+00:00,UNO,"ST,701500,YYRR,C,0,0,000",6,1c9f717
2026-10-08T20:40:56.274661+00:00,2026-10-08T20:52:40.209488+00:00,UNO,"ST,702000,YYRR,C,0,0,000",6,1c9f717
2026-10-08T20:40:56.274661+00:00,2026-10-08T20:52:40.343502+00:00,UNO,"ST,702134,RRRR,C,0,0,000",6,1c9f717
2026-10-08T20:40:56.274661+00:00,2026-10-08T20:52:40.710420+00:00,UNO,"ST,702500,RRRR,C,0,0,000",6,1c9f717
2026-10-08T20:40:56.274661+00:00,2026-10-08T20:52:41.210016+00:00,UNO,"ST,703000,RRRR,C,0,0,000",6,1c9f717
2026-10-08T20:40:56.274661+00:00,2026-10-08T20:52:41.344487+00:00,UNO,"ST,703134,RRGG,C,0,0,000",6,1c9f717
2026-10-08T20:40:56.274661+00:00,2026-10-08T20:52:41.710075+00:00,UNO,"ST,703500,RRGG,C,0,0,000",6,1c9f717
2026-10-08T20:40:56.274661+00:00,2026-10-08T20:52:42.210131+00:00,UNO,"ST,704000,RRGG,C,0,0,000",6,1c9f717
2026-10-08T20:40:56.274661+00:00,2026-10-08T20:52:42.710760+00:00,UNO,"ST,704500,RRGG,C,0,0,000",6,1c9f717
2026-10-08T20:40:56.274661+00:00,2026-10-08T20:52:43.210704+00:00,UNO,"ST,705000,RRGG,C,0,0,000",6,1c9f717
2026-10-08T20:40:56.274661+00:00,2026-10-08T20:52:43.710792+00:00,UNO,"ST,705500,RRGG,C,0,0,000",6,1c9f717
2026-10-08T20:40:56.274661+00:00,2026-10-08T20:52:44.211363+00:00,UNO,"ST,706000,RRGG,C,0,0,000",6,1c9f717
2026-10-08T20:40:56.274661+00:00,2026-10-08T20:52:44.344799+00:00,UNO,"ST,706134,RRYY,C,0,0,000",6,1c9f717
2026-10-08T20:40:56.274661+00:00,2026-10-08T20:52:44.711415+00:00,UNO,"ST,706500,RRYY,C,0,0,000",6,1c9f717
2026-10-08T20:40:56.274661+00:00,2026-10-08T20:52:45.211461+00:00,UNO,"ST,707000,RRYY,C,0,0,000",6,1c9f717
2026-10-08T20:40:56.274661+00:00,2026-10-08T20:52:45.710965+00:00,UNO,"ST,707500,RRYY,C,0,0,000",6,1c9f717
2026-10-08T20:40:56.274661+00:00,2026-10-08T20:52:46.212018+00:00,UNO,"ST,708000,RRYY,C,0,0,000",6,1c9f717
2026-10-08T20:40:56.274661+00:00,2026-10-08T20:52:46.346071+00:00,UNO,"ST,708134,RRRR,C,0,0,000",6,1c9f717
2026-10-08T20:40:56.274661+00:00,2026-10-08T20:52:46.711649+00:00,UNO,"ST,708500,RRRR,C,0,0,000",6,1c9f717
2026-10-08T20:40:56.274661+00:00,2026-10-08T20:52:47.211702+00:00,UNO,"ST,709000,RRRR,C,0,0,000",6,1c9f717
2026-10-08T20:40:56.274661+00:00,2026-10-08T20:52:47.346139+00:00,UNO,"ST,709134,GGRR,C,0,0,000",6,1c9f717
2026-10-08T20:40:56.274661+00:00,2026-10-08T20:52:47.712739+00:00,UNO,"ST,709500,GGRR,C,0,0,000",6,1c9f717
2026-10-08T20:40:56.274661+00:00,2026-10-08T20:52:48.212246+00:00,UNO,"ST,710000,GGRR,C,0,0,000",6,1c9f717
2026-10-08T20:40:56.274661+00:00,2026-10-08T20:52:48.712327+00:00,UNO,"ST,710500,GGRR,C,0,0,000",6,1c9f717
2026-10-08T20:40:56.274661+00:00,2026-10-08T20:52:49.211925+00:00,UNO,"ST,711000,GGRR,C,0,0,000",6,1c9f717
2026-10-08T20:40:56.274661+00:00,2026-10-08T20:52:49.712979+00:00,UNO,"ST,711500,GGRR,C,0,0,000",6,1c9f717
2026-10-08T20:40:56.274661+00:00,2026-10-08T20:52:50.212598+00:00,UNO,"ST,712000,GGRR,C,0,0,000",6,1c9f717
2026-10-08T20:40:56.274661+00:00,2026-10-08T20:52:50.347053+00:00,UNO,"ST,712134,YYRR,C,0,0,000",6,1c9f717
2026-10-08T20:40:56.274661+00:00,2026-10-08T20:52:50.712532+00:00,UNO,"ST,712500,YYRR,C,0,0,000",6,1c9f717
2026-10-08T20:40:56.274661+00:00,2026-10-08T20:52:51.213589+00:00,UNO,"ST,713000,YYRR,C,0,0,000",6,1c9f717
2026-10-08T20:40:56.274661+00:00,2026-10-08T20:52:51.713205+00:00,UNO,"ST,713500,YYRR,C,0,0,000",6,1c9f717
2026-10-08T20:40:56.274661+00:00,2026-10-08T20:52:52.213255+00:00,UNO,"ST,714000,YYRR,C,0,0,000",6,1c9f717
2026-10-08T20:40:56.274661+00:00,2026-10-08T20:52:52.347302+00:00,UNO,"ST,714134,RRRR,C,0,0,000",6,1c9f717
2026-10-08T20:40:56.274661+00:00,2026-10-08T20:52:52.712873+00:00,UNO,"ST,714500,RRRR,C,0,0,000",6,1c9f717
2026-10-08T20:40:56.274661+00:00,2026-10-08T20:52:53.213821+00:00,UNO,"ST,715000,RRRR,C,0,0,000",6,1c9f717
2026-10-08T20:40:56.274661+00:00,2026-10-08T20:52:53.348400+00:00,UNO,"ST,715134,RRGG,C,0,0,000",6,1c9f717
2026-10-08T20:40:56.274661+00:00,2026-10-08T20:52:53.713865+00:00,UNO,"ST,715500,RRGG,C,0,0,000",6,1c9f717
2026-10-08T20:40:56.274661+00:00,2026-10-08T20:52:54.213926+00:00,UNO,"ST,716000,RRGG,C,0,0,000",6,1c9f717
2026-10-08T20:40:56.274661+00:00,2026-10-08T20:52:54.714542+00:00,UNO,"ST,716500,RRGG,C,0,0,000",6,1c9f717
2026-10-08T20:40:56.274661+00:00,2026-10-08T20:52:55.214173+00:00,UNO,"ST,717000,RRGG,C,0,0,000",6,1c9f717
2026-10-08T20:40:56.274661+00:00,2026-10-08T20:52:55.714247+00:00,UNO,"ST,717500,RRGG,C,0,0,000",6,1c9f717
2026-10-08T20:40:56.274661+00:00,2026-10-08T20:52:56.214149+00:00,UNO,"ST,718000,RRGG,C,0,0,000",6,1c9f717
2026-10-08T20:40:56.274661+00:00,2026-10-08T20:52:56.348341+00:00,UNO,"ST,718134,RRYY,C,0,0,000",6,1c9f717
2026-10-08T20:40:56.274661+00:00,2026-10-08T20:52:56.714772+00:00,UNO,"ST,718500,RRYY,C,0,0,000",6,1c9f717
2026-10-08T20:40:56.274661+00:00,2026-10-08T20:52:57.214856+00:00,UNO,"ST,719000,RRYY,C,0,0,000",6,1c9f717
2026-10-08T20:40:56.274661+00:00,2026-10-08T20:52:57.714883+00:00,UNO,"ST,719500,RRYY,C,0,0,000",6,1c9f717
2026-10-08T20:40:56.274661+00:00,2026-10-08T20:52:58.214405+00:00,UNO,"ST,720000,RRYY,C,0,0,000",6,1c9f717
2026-10-08T20:40:56.274661+00:00,2026-10-08T20:52:58.348955+00:00,UNO,"ST,720134,RRRR,C,0,0,000",6,1c9f717
2026-10-08T20:40:56.274661+00:00,2026-10-08T20:52:58.715427+00:00,UNO,"ST,720500,RRRR,C,0,0,000",6,1c9f717
2026-10-08T20:40:56.274661+00:00,2026-10-08T20:52:59.215491+00:00,UNO,"ST,721000,RRRR,C,0,0,000",6,1c9f717
2026-10-08T20:40:56.274661+00:00,2026-10-08T20:52:59.349522+00:00,UNO,"ST,721134,GGRR,C,0,0,000",6,1c9f717
2026-10-08T20:40:56.274661+00:00,2026-10-08T20:52:59.715110+00:00,UNO,"ST,721500,GGRR,C,0,0,000",6,1c9f717
2026-10-08T20:40:56.274661+00:00,2026-10-08T20:53:00.216172+00:00,UNO,"ST,722000,GGRR,C,0,0,000",6,1c9f717
2026-10-08T20:40:56.274661+00:00,2026-10-08T20:53:00.715788+00:00,UNO,"ST,722500,GGRR,C,0,0,000",6,1c9f717
2026-10-08T20:40:56.274661+00:00,2026-10-08T20:53:01.215721+00:00,UNO,"ST,723000,GGRR,C,0,0,000",6,1c9f717
2026-10-08T20:40:56.274661+00:00,2026-10-08T20:53:01.715783+00:00,UNO,"ST,723500,GGRR,C,0,0,000",6,1c9f717
2026-10-08T20:40:56.274661+00:00,2026-10-08T20:53:02.216394+00:00,UNO,"ST,724000,GGRR,C,0,0,000",6,1c9f717
2026-10-08T20:40:56.274661+00:00,2026-10-08T20:53:02.350880+00:00,UNO,"ST,724134,YYRR,C,0,0,000",6,1c9f717
2026-10-08T20:40:56.274661+00:00,2026-10-08T20:53:02.716468+00:00,UNO,"ST,724500,YYRR,C,0,0,000",6,1c9f717
2026-10-08T20:40:56.274661+00:00,2026-10-08T20:53:03.215957+00:00,UNO,"ST,725000,YYRR,C,0,0,000",6,1c9f717
2026-10-08T20:40:56.274661+00:00,2026-10-08T20:53:03.717006+00:00,UNO,"ST,725500,YYRR,C,0,0,000",6,1c9f717
2026-10-08T20:40:56.274661+00:00,2026-10-08T20:53:04.216635+00:00,UNO,"ST,726000,YYRR,C,0,0,000",6,1c9f717
2026-10-08T20:40:56.274661+00:00,2026-10-08T20:53:04.351059+00:00,UNO,"ST,726134,RRRR,C,0,0,000",6,1c9f717
2026-10-08T20:40:56.274661+00:00,2026-10-08T20:53:04.716690+00:00,UNO,"ST,726500,RRRR,C,0,0,000",6,1c9f717
2026-10-08T20:40:56.274661+00:00,2026-10-08T20:53:05.216751+00:00,UNO,"ST,727000,RRRR,C,0,0,000",6,1c9f717
2026-10-08T20:40:56.274661+00:00,2026-10-08T20:53:05.350728+00:00,UNO,"ST,727134,RRGG,C,0,0,000",6,1c9f717
2026-10-08T20:40:56.274661+00:00,2026-10-08T20:53:05.717371+00:00,UNO,"ST,727500,RRGG,C,0,0,000",6,1c9f717
2026-10-08T20:40:56.274661+00:00,2026-10-08T20:53:06.217301+00:00,UNO,"ST,728000,RRGG,C,0,0,000",6,1c9f717
2026-10-08T20:40:56.274661+00:00,2026-10-08T20:53:06.717335+00:00,UNO,"ST,728500,RRGG,C,0,0,000",6,1c9f717
2026-10-08T20:40:56.274661+00:00,2026-10-08T20:53:07.217998+00:00,UNO,"ST,729000,RRGG,C,0,0,000",6,1c9f717
2026-10-08T20:40:56.274661+00:00,2026-10-08T20:53:07.718021+00:00,UNO,"ST,729500,RRGG,C,0,0,000",6,1c9f717
2026-10-08T20:40:56.274661+00:00,2026-10-08T20:53:08.218072+00:00,UNO,"ST,730000,RRGG,C,0,0,000",6,1c9f717
2026-10-08T20:40:56.274661+00:00,2026-10-08T20:53:08.352082+00:00,UNO,"ST,730134,RRYY,C,0,0,000",6,1c9f717
2026-10-08T20:40:56.274661+00:00,2026-10-08T20:53:08.717578+00:00,UNO,"ST,730500,RRYY,C,0,0,000",6,1c9f717
2026-10-08T20:40:56.274661+00:00,2026-10-08T20:53:09.218640+00:00,UNO,"ST,731000,RRYY,C,0,0,000",6,1c9f717
2026-10-08T20:40:56.274661+00:00,2026-10-08T20:53:09.718251+00:00,UNO,"ST,731500,RRYY,C,0,0,000",6,1c9f717
2026-10-08T20:40:56.274661+00:00,2026-10-08T20:53:10.218292+00:00,UNO,"ST,732000,RRYY,C,0,0,000",6,1c9f717
2026-10-08T20:40:56.274661+00:00,2026-10-08T20:53:10.352322+00:00,UNO,"ST,732134,RRRR,C,0,0,000",6,1c9f717
2026-10-08T20:40:56.274661+00:00,2026-10-08T20:53:10.719371+00:00,UNO,"ST,732500,RRRR,C,0,0,000",6,1c9f717
2026-10-08T20:40:56.274661+00:00,2026-10-08T20:53:11.218983+00:00,UNO,"ST,733000,RRRR,C,0,0,000",6,1c9f717
2026-10-08T20:40:56.274661+00:00,2026-10-08T20:53:11.353442+00:00,UNO,"ST,733134,GGRR,C,0,0,000",6,1c9f717
2026-10-08T20:40:56.274661+00:00,2026-10-08T20:53:11.719009+00:00,UNO,"ST,733500,GGRR,C,0,0,000",6,1c9f717
2026-10-08T20:40:56.274661+00:00,2026-10-08T20:53:12.218964+00:00,UNO,"ST,734000,GGRR,C,0,0,000",6,1c9f717
2026-10-08T20:40:56.274661+00:00,2026-10-08T20:53:12.719591+00:00,UNO,"ST,734500,GGRR,C,0,0,000",6,1c9f717
2026-10-08T20:40:56.274661+00:00,2026-10-08T20:53:13.219637+00:00,UNO,"ST,735000,GGRR,C,0,0,000",6,1c9f717
2026-10-08T20:40:56.274661+00:00,2026-10-08T20:53:13.719145+00:00,UNO,"ST,735500,GGRR,C,0,0,000",6,1c9f717
2026-10-08T20:40:56.274661+00:00,2026-10-08T20:53:14.219229+00:00,UNO,"ST,736000,GGRR,C,0,0,000",6,1c9f717
2026-10-08T20:40:56.274661+00:00,2026-10-08T20:53:14.353330+00:00,UNO,"ST,736134,YYRR,C,0,0,000",6,1c9f717
2026-10-08T20:40:56.274661+00:00,2026-10-08T20:53:14.720243+00:00,UNO,"ST,736500,YYRR,C,0,0,000",6,1c9f717
2026-10-08T20:40:56.274661+00:00,2026-10-08T20:53:15.219857+00:00,UNO,"ST,737000,YYRR,C,0,0,000",6,1c9f717
2026-10-08T20:40:56.274661+00:00,2026-10-08T20:53:15.719934+00:00,UNO,"ST,737500,YYRR,C,0,0,000",6,1c9f717
2026-10-08T20:40:56.274661+00:00,2026-10-08T20:53:16.220537+00:00,UNO,"ST,738000,YYRR,C,0,0,000",6,1c9f717
2026-10-08T20:40:56.274661+00:00,2026-10-08T20:53:16.353577+00:00,UNO,"ST,738134,RRRR,C,0,0,000",6,1c9f717
2026-10-08T20:40:56.274661+00:00,2026-10-08T20:53:16.720469+00:00,UNO,"ST,738500,RRRR,C,0,0,000",6,1c9f717
2026-10-08T20:40:56.274661+00:00,2026-10-08T20:53:17.220335+00:00,UNO,"ST,739000,RRRR,C,0,0,000",6,1c9f717
2026-10-08T20:40:56.274661+00:00,2026-10-08T20:53:17.354531+00:00,UNO,"ST,739134,RRGG,C,0,0,000",6,1c9f717
2026-10-08T20:40:56.274661+00:00,2026-10-08T20:53:17.720137+00:00,UNO,"ST,739500,RRGG,C,0,0,000",6,1c9f717
2026-10-08T20:40:56.274661+00:00,2026-10-08T20:53:18.220799+00:00,UNO,"ST,740000,RRGG,C,0,0,000",6,1c9f717
2026-10-08T20:40:56.274661+00:00,2026-10-08T20:53:18.720838+00:00,UNO,"ST,740500,RRGG,C,0,0,000",6,1c9f717
2026-10-08T20:40:56.274661+00:00,2026-10-08T20:53:19.220743+00:00,UNO,"ST,741000,RRGG,C,0,0,000",6,1c9f717
2026-10-08T20:40:56.274661+00:00,2026-10-08T20:53:19.721825+00:00,UNO,"ST,741500,RRGG,C,0,0,000",6,1c9f717
2026-10-08T20:40:56.274661+00:00,2026-10-08T20:53:20.221427+00:00,UNO,"ST,742000,RRGG,C,0,0,000",6,1c9f717
2026-10-08T20:40:56.274661+00:00,2026-10-08T20:53:20.355881+00:00,UNO,"ST,742134,RRYY,C,0,0,000",6,1c9f717
2026-10-08T20:40:56.274661+00:00,2026-10-08T20:53:20.721485+00:00,UNO,"ST,742500,RRYY,C,0,0,000",6,1c9f717
2026-10-08T20:40:56.274661+00:00,2026-10-08T20:53:21.220987+00:00,UNO,"ST,743000,RRYY,C,0,0,000",6,1c9f717
2026-10-08T20:40:56.274661+00:00,2026-10-08T20:53:21.722029+00:00,UNO,"ST,743500,RRYY,C,0,0,000",6,1c9f717
2026-10-08T20:40:56.274661+00:00,2026-10-08T20:53:22.222084+00:00,UNO,"ST,744000,RRYY,C,0,0,000",6,1c9f717
2026-10-08T20:40:56.274661+00:00,2026-10-08T20:53:22.356109+00:00,UNO,"ST,744134,RRRR,C,0,0,000",6,1c9f717
2026-10-08T20:40:56.274661+00:00,2026-10-08T20:53:22.721734+00:00,UNO,"ST,744500,RRRR,C,0,0,000",6,1c9f717
2026-10-08T20:40:56.274661+00:00,2026-10-08T20:53:23.222763+00:00,UNO,"ST,745000,RRRR,C,0,0,000",6,1c9f717
2026-10-08T20:40:56.274661+00:00,2026-10-08T20:53:23.356231+00:00,UNO,"ST,745134,GGRR,C,0,0,000",6,1c9f717
2026-10-08T20:40:56.274661+00:00,2026-10-08T20:53:23.722383+00:00,UNO,"ST,745500,GGRR,C,0,0,000",6,1c9f717
2026-10-08T20:40:56.274661+00:00,2026-10-08T20:53:24.222313+00:00,UNO,"ST,746000,GGRR,C,0,0,000",6,1c9f717
2026-10-08T20:40:56.274661+00:00,2026-10-08T20:53:24.722366+00:00,UNO,"ST,746500,GGRR,C,0,0,000",6,1c9f717
2026-10-08T20:40:56.274661+00:00,2026-10-08T20:53:25.222985+00:00,UNO,"ST,747000,GGRR,C,0,0,000",6,1c9f717
2026-10-08T20:40:56.274661+00:00,2026-10-08T20:53:25.723044+00:00,UNO,"ST,747500,GGRR,C,0,0,000",6,1c9f717
2026-10-08T20:40:56.274661+00:00,2026-10-08T20:53:26.222671+00:00,UNO,"ST,748000,GGRR,C,0,0,000",6,1c9f717
2026-10-08T20:40:56.274661+00:00,2026-10-08T20:53:26.357109+00:00,UNO,"ST,748134,YYRR,C,0,0,000",6,1c9f717
2026-10-08T20:40:56.274661+00:00,2026-10-08T20:53:26.723594+00:00,UNO,"ST,748500,YYRR,C,0,0,000",6,1c9f717
2026-10-08T20:40:56.274661+00:00,2026-10-08T20:53:27.223683+00:00,UNO,"ST,749000,YYRR,C,0,0,000",6,1c9f717
2026-10-08T20:40:56.274661+00:00,2026-10-08T20:53:27.723261+00:00,UNO,"ST,749500,YYRR,C,0,0,000",6,1c9f717
2026-10-08T20:40:56.274661+00:00,2026-10-08T20:53:28.223384+00:00,UNO,"ST,750000,YYRR,C,0,0,000",6,1c9f717
2026-10-08T20:40:56.274661+00:00,2026-10-08T20:53:28.357334+00:00,UNO,"ST,750134,RRRR,C,0,0,000",6,1c9f717
2026-10-08T20:40:56.274661+00:00,2026-10-08T20:53:28.724376+00:00,UNO,"ST,750500,RRRR,C,0,0,000",6,1c9f717
2026-10-08T20:40:56.274661+00:00,2026-10-08T20:53:29.223872+00:00,UNO,"ST,751000,RRRR,C,0,0,000",6,1c9f717
2026-10-08T20:40:56.274661+00:00,2026-10-08T20:53:29.358464+00:00,UNO,"ST,751134,RRGG,C,0,0,000",6,1c9f717
2026-10-08T20:40:56.274661+00:00,2026-10-08T20:53:29.723930+00:00,UNO,"ST,751500,RRGG,C,0,0,000",6,1c9f717
2026-10-08T20:40:56.274661+00:00,2026-10-08T20:53:30.223606+00:00,UNO,"ST,752000,RRGG,C,0,0,000",6,1c9f717
2026-10-08T20:40:56.274661+00:00,2026-10-08T20:53:30.724601+00:00,UNO,"ST,752500,RRGG,C,0,0,000",6,1c9f717
2026-10-08T20:40:56.274661+00:00,2026-10-08T20:53:31.224230+00:00,UNO,"ST,753000,RRGG,C,0,0,000",6,1c9f717
2026-10-08T20:40:56.274661+00:00,2026-10-08T20:53:31.724311+00:00,UNO,"ST,753500,RRGG,C,0,0,000",6,1c9f717
2026-10-08T20:40:56.274661+00:00,2026-10-08T20:53:32.225215+00:00,UNO,"ST,754000,RRGG,C,0,0,000",6,1c9f717
2026-10-08T20:40:56.274661+00:00,2026-10-08T20:53:32.358384+00:00,UNO,"ST,754134,RRYY,C,0,0,000",6,1c9f717
2026-10-08T20:40:56.274661+00:00,2026-10-08T20:53:32.724827+00:00,UNO,"ST,754500,RRYY,C,0,0,000",6,1c9f717
2026-10-08T20:40:56.274661+00:00,2026-10-08T20:53:33.224913+00:00,UNO,"ST,755000,RRYY,C,0,0,000",6,1c9f717
2026-10-08T20:40:56.274661+00:00,2026-10-08T20:53:33.724967+00:00,UNO,"ST,755500,RRYY,C,0,0,000",6,1c9f717
2026-10-08T20:40:56.274661+00:00,2026-10-08T20:53:34.225572+00:00,UNO,"ST,756000,RRYY,C,0,0,000",6,1c9f717
2026-10-08T20:40:56.274661+00:00,2026-10-08T20:53:34.360049+00:00,UNO,"ST,756134,RRRR,C,0,0,000",6,1c9f717
2026-10-08T20:40:56.274661+00:00,2026-10-08T20:53:34.725484+00:00,UNO,"ST,756500,RRRR,C,0,0,000",6,1c9f717
2026-10-08T20:40:56.274661+00:00,2026-10-08T20:53:35.225552+00:00,UNO,"ST,757000,RRRR,C,0,0,000",6,1c9f717
2026-10-08T20:40:56.274661+00:00,2026-10-08T20:53:35.359604+00:00,UNO,"ST,757134,GGRR,C,0,0,000",6,1c9f717
2026-10-08T20:40:56.274661+00:00,2026-10-08T20:53:35.726167+00:00,UNO,"ST,757500,GGRR,C,0,0,000",6,1c9f717
2026-10-08T20:40:56.274661+00:00,2026-10-08T20:53:36.226230+00:00,UNO,"ST,758000,GGRR,C,0,0,000",6,1c9f717
2026-10-08T20:40:56.274661+00:00,2026-10-08T20:53:36.725844+00:00,UNO,"ST,758500,GGRR,C,0,0,000",6,1c9f717
2026-10-08T20:40:56.274661+00:00,2026-10-08T20:53:37.225802+00:00,UNO,"ST,759000,GGRR,C,0,0,000",6,1c9f717
2026-10-08T20:40:56.274661+00:00,2026-10-08T20:53:37.726839+00:00,UNO,"ST,759500,GGRR,C,0,0,000",6,1c9f717
2026-10-08T20:40:56.274661+00:00,2026-10-08T20:53:38.226532+00:00,UNO,"ST,760000,GGRR,C,0,0,000",6,1c9f717
2026-10-08T20:40:56.274661+00:00,2026-10-08T20:53:38.360918+00:00,UNO,"ST,760134,YYRR,C,0,0,000",6,1c9f717
2026-10-08T20:40:56.274661+00:00,2026-10-08T20:53:38.726507+00:00,UNO,"ST,760500,YYRR,C,0,0,000",6,1c9f717
2026-10-08T20:40:56.274661+00:00,2026-10-08T20:53:39.227004+00:00,UNO,"ST,761000,YYRR,C,0,0,000",6,1c9f717
2026-10-08T20:40:56.274661+00:00,2026-10-08T20:53:39.727065+00:00,UNO,"ST,761500,YYRR,C,0,0,000",6,1c9f717
2026-10-08T20:40:56.274661+00:00,2026-10-08T20:53:40.227125+00:00,UNO,"ST,762000,YYRR,C,0,0,000",6,1c9f717
2026-10-08T20:40:56.274661+00:00,2026-10-08T20:53:40.361146+00:00,UNO,"ST,762134,RRRR,C,0,0,000",6,1c9f717
2026-10-08T20:40:56.274661+00:00,2026-10-08T20:53:40.726731+00:00,UNO,"ST,762500,RRRR,C,0,0,000",6,1c9f717
2026-10-08T20:40:56.274661+00:00,2026-10-08T20:53:41.227793+00:00,UNO,"ST,763000,RRRR,C,0,0,000",6,1c9f717
2026-10-08T20:40:56.274661+00:00,2026-10-08T20:53:41.361832+00:00,UNO,"ST,763134,RRGG,C,0,0,000",6,1c9f717
2026-10-08T20:40:56.274661+00:00,2026-10-08T20:53:41.727425+00:00,UNO,"ST,763500,RRGG,C,0,0,000",6,1c9f717
2026-10-08T20:40:56.274661+00:00,2026-10-08T20:53:42.227336+00:00,UNO,"ST,764000,RRGG,C,0,0,000",6,1c9f717
2026-10-08T20:40:56.274661+00:00,2026-10-08T20:53:42.728409+00:00,UNO,"ST,764500,RRGG,C,0,0,000",6,1c9f717
2026-10-08T20:40:56.274661+00:00,2026-10-08T20:53:43.228018+00:00,UNO,"ST,765000,RRGG,C,0,0,000",6,1c9f717
2026-10-08T20:40:56.274661+00:00,2026-10-08T20:53:43.728107+00:00,UNO,"ST,765500,RRGG,C,0,0,000",6,1c9f717
2026-10-08T20:40:56.274661+00:00,2026-10-08T20:53:44.227707+00:00,UNO,"ST,766000,RRGG,C,0,0,000",6,1c9f717
2026-10-08T20:40:56.274661+00:00,2026-10-08T20:53:44.362146+00:00,UNO,"ST,766134,RRYY,C,0,0,000",6,1c9f717
2026-10-08T20:40:56.274661+00:00,2026-10-08T20:53:44.728778+00:00,UNO,"ST,766500,RRYY,C,0,0,000",6,1c9f717
2026-10-08T20:40:56.274661+00:00,2026-10-08T20:53:45.228701+00:00,UNO,"ST,767000,RRYY,C,0,0,000",6,1c9f717
2026-10-08T20:40:56.274661+00:00,2026-10-08T20:53:45.728328+00:00,UNO,"ST,767500,RRYY,C,0,0,000",6,1c9f717
2026-10-08T20:40:56.274661+00:00,2026-10-08T20:53:46.228363+00:00,UNO,"ST,768000,RRYY,C,0,0,000",6,1c9f717
2026-10-08T20:40:56.274661+00:00,2026-10-08T20:53:46.362365+00:00,UNO,"ST,768134,RRRR,C,0,0,000",6,1c9f717
2026-10-08T20:40:56.274661+00:00,2026-10-08T20:53:46.728984+00:00,UNO,"ST,768500,RRRR,C,0,0,000",6,1c9f717
2026-10-08T20:40:56.274661+00:00,2026-10-08T20:53:47.228927+00:00,UNO,"ST,769000,RRRR,C,0,0,000",6,1c9f717
2026-10-08T20:40:56.274661+00:00,2026-10-08T20:53:47.363474+00:00,UNO,"ST,769134,GGRR,C,0,0,000",6,1c9f717
2026-10-08T20:40:56.274661+00:00,2026-10-08T20:53:47.728975+00:00,UNO,"ST,769500,GGRR,C,0,0,000",6,1c9f717
2026-10-08T20:40:56.274661+00:00,2026-10-08T20:53:48.230054+00:00,UNO,"ST,770000,GGRR,C,0,0,000",6,1c9f717
2026-10-08T20:40:56.274661+00:00,2026-10-08T20:53:48.729762+00:00,UNO,"ST,770500,GGRR,C,0,0,000",6,1c9f717
2026-10-08T20:40:56.274661+00:00,2026-10-08T20:53:49.229698+00:00,UNO,"ST,771000,GGRR,C,0,0,000",6,1c9f717
2026-10-08T20:40:56.274661+00:00,2026-10-08T20:53:49.729206+00:00,UNO,"ST,771500,GGRR,C,0,0,000",6,1c9f717
2026-10-08T20:40:56.274661+00:00,2026-10-08T20:53:50.230281+00:00,UNO,"ST,772000,GGRR,C,0,0,000",6,1c9f717
2026-10-08T20:40:56.274661+00:00,2026-10-08T20:53:50.364420+00:00,UNO,"ST,772134,YYRR,C,0,0,000",6,1c9f717
2026-10-08T20:40:56.274661+00:00,2026-10-08T20:53:50.730303+00:00,UNO,"ST,772500,YYRR,C,0,0,000",6,1c9f717
2026-10-08T20:40:56.274661+00:00,2026-10-08T20:53:51.229935+00:00,UNO,"ST,773000,YYRR,C,0,0,000",6,1c9f717
2026-10-08T20:40:56.274661+00:00,2026-10-08T20:53:51.731072+00:00,UNO,"ST,773500,YYRR,C,0,0,000",6,1c9f717
2026-10-08T20:40:56.274661+00:00,2026-10-08T20:53:52.230623+00:00,UNO,"ST,774000,YYRR,C,0,0,000",6,1c9f717
2026-10-08T20:40:56.274661+00:00,2026-10-08T20:53:52.365048+00:00,UNO,"ST,774134,RRRR,C,0,0,000",6,1c9f717
2026-10-08T20:40:56.274661+00:00,2026-10-08T20:53:52.730539+00:00,UNO,"ST,774500,RRRR,C,0,0,000",6,1c9f717
2026-10-08T20:40:56.274661+00:00,2026-10-08T20:53:53.230138+00:00,UNO,"ST,775000,RRRR,C,0,0,000",6,1c9f717
2026-10-08T20:40:56.274661+00:00,2026-10-08T20:53:53.364594+00:00,UNO,"ST,775134,RRGG,C,0,0,000",6,1c9f717
2026-10-08T20:40:56.274661+00:00,2026-10-08T20:53:53.731204+00:00,UNO,"ST,775500,RRGG,C,0,0,000",6,1c9f717
2026-10-08T20:40:56.274661+00:00,2026-10-08T20:53:54.230838+00:00,UNO,"ST,776000,RRGG,C,0,0,000",6,1c9f717
2026-10-08T20:40:56.274661+00:00,2026-10-08T20:53:54.730908+00:00,UNO,"ST,776500,RRGG,C,0,0,000",6,1c9f717
2026-10-08T20:40:56.274661+00:00,2026-10-08T20:53:55.231812+00:00,UNO,"ST,777000,RRGG,C,0,0,000",6,1c9f717
2026-10-08T20:40:56.274661+00:00,2026-10-08T20:53:55.731501+00:00,UNO,"ST,777500,RRGG,C,0,0,000",6,1c9f717
2026-10-08T20:40:56.274661+00:00,2026-10-08T20:53:56.231488+00:00,UNO,"ST,778000,RRGG,C,0,0,000",6,1c9f717
2026-10-08T20:40:56.274661+00:00,2026-10-08T20:53:56.365515+00:00,UNO,"ST,778134,RRYY,C,0,0,000",6,1c9f717
2026-10-08T20:40:56.274661+00:00,2026-10-08T20:53:56.731550+00:00,UNO,"ST,778500,RRYY,C,0,0,000",6,1c9f717
2026-10-08T20:40:56.274661+00:00,2026-10-08T20:53:57.232193+00:00,UNO,"ST,779000,RRYY,C,0,0,000",6,1c9f717
2026-10-08T20:40:56.274661+00:00,2026-10-08T20:53:57.732093+00:00,UNO,"ST,779500,RRYY,C,0,0,000",6,1c9f717
2026-10-08T20:40:56.274661+00:00,2026-10-08T20:53:58.232159+00:00,UNO,"ST,780000,RRYY,C,0,0,000",6,1c9f717
2026-10-08T20:40:56.274661+00:00,2026-10-08T20:53:58.366156+00:00,UNO,"ST,780134,RRRR,C,0,0,000",6,1c9f717
2026-10-08T20:40:56.274661+00:00,2026-10-08T20:53:58.732959+00:00,UNO,"ST,780500,RRRR,C,0,0,000",6,1c9f717
2026-10-08T20:40:56.274661+00:00,2026-10-08T20:53:59.232833+00:00,UNO,"ST,781000,RRRR,C,0,0,000",6,1c9f717
2026-10-08T20:40:56.274661+00:00,2026-10-08T20:53:59.367283+00:00,UNO,"ST,781134,GGRR,C,0,0,000",6,1c9f717
2026-10-08T20:40:56.274661+00:00,2026-10-08T20:53:59.732892+00:00,UNO,"ST,781500,GGRR,C,0,0,000",6,1c9f717
2026-10-08T20:40:56.274661+00:00,2026-10-08T20:54:00.232404+00:00,UNO,"ST,782000,GGRR,C,0,0,000",6,1c9f717
2026-10-08T20:40:56.274661+00:00,2026-10-08T20:54:00.733459+00:00,UNO,"ST,782500,GGRR,C,0,0,000",6,1c9f717
2026-10-08T20:40:56.274661+00:00,2026-10-08T20:54:01.233057+00:00,UNO,"ST,783000,GGRR,C,0,0,000",6,1c9f717
2026-10-08T20:40:56.274661+00:00,2026-10-08T20:54:01.733118+00:00,UNO,"ST,783500,GGRR,C,0,0,000",6,1c9f717
2026-10-08T20:40:56.274661+00:00,2026-10-08T20:54:02.232749+00:00,UNO,"ST,784000,GGRR,C,0,0,000",6,1c9f717
2026-10-08T20:40:56.274661+00:00,2026-10-08T20:54:02.367162+00:00,UNO,"ST,784134,YYRR,C,0,0,000",6,1c9f717
2026-10-08T20:40:56.274661+00:00,2026-10-08T20:54:02.733672+00:00,UNO,"ST,784500,YYRR,C,0,0,000",6,1c9f717
2026-10-08T20:40:56.274661+00:00,2026-10-08T20:54:03.233734+00:00,UNO,"ST,785000,YYRR,C,0,0,000",6,1c9f717
2026-10-08T20:40:56.274661+00:00,2026-10-08T20:54:03.733888+00:00,UNO,"ST,785500,YYRR,C,0,0,000",6,1c9f717
2026-10-08T20:40:56.274661+00:00,2026-10-08T20:54:04.234408+00:00,UNO,"ST,786000,YYRR,C,0,0,000",6,1c9f717
2026-10-08T20:40:56.274661+00:00,2026-10-08T20:54:04.367393+00:00,UNO,"ST,786134,RRRR,C,0,0,000",6,1c9f717
2026-10-08T20:40:56.274661+00:00,2026-10-08T20:54:04.734461+00:00,UNO,"ST,786500,RRRR,C,0,0,000",6,1c9f717
2026-10-08T20:40:56.274661+00:00,2026-10-08T20:54:05.233970+00:00,UNO,"ST,787000,RRRR,C,0,0,000",6,1c9f717
2026-10-08T20:40:56.274661+00:00,2026-10-08T20:54:05.368532+00:00,UNO,"ST,787134,RRGG,C,0,0,000",6,1c9f717
2026-10-08T20:40:56.274661+00:00,2026-10-08T20:54:05.734023+00:00,UNO,"ST,787500,RRGG,C,0,0,000",6,1c9f717
2026-10-08T20:40:56.274661+00:00,2026-10-08T20:54:06.235056+00:00,UNO,"ST,788000,RRGG,C,0,0,000",6,1c9f717
2026-10-08T20:40:56.274661+00:00,2026-10-08T20:54:06.734666+00:00,UNO,"ST,788500,RRGG,C,0,0,000",6,1c9f717
2026-10-08T20:40:56.274661+00:00,2026-10-08T20:54:07.234346+00:00,UNO,"ST,789000,RRGG,C,0,0,000",6,1c9f717
2026-10-08T20:40:56.274661+00:00,2026-10-08T20:54:07.735232+00:00,UNO,"ST,789500,RRGG,C,0,0,000",6,1c9f717
2026-10-08T20:40:56.274661+00:00,2026-10-08T20:54:08.235302+00:00,UNO,"ST,790000,RRGG,C,0,0,000",6,1c9f717
2026-10-08T20:40:56.274661+00:00,2026-10-08T20:54:08.369433+00:00,UNO,"ST,790134,RRYY,C,0,0,000",6,1c9f717
2026-10-08T20:40:56.274661+00:00,2026-10-08T20:54:08.734911+00:00,UNO,"ST,790500,RRYY,C,0,0,000",6,1c9f717
2026-10-08T20:40:56.274661+00:00,2026-10-08T20:54:09.234973+00:00,UNO,"ST,791000,RRYY,C,0,0,000",6,1c9f717
2026-10-08T20:40:56.274661+00:00,2026-10-08T20:54:09.736027+00:00,UNO,"ST,791500,RRYY,C,0,0,000",6,1c9f717
2026-10-08T20:40:56.274661+00:00,2026-10-08T20:54:10.235498+00:00,UNO,"ST,792000,RRYY,C,0,0,000",6,1c9f717
2026-10-08T20:40:56.274661+00:00,2026-10-08T20:54:10.370066+00:00,UNO,"ST,792134,RRRR,C,0,0,000",6,1c9f717
2026-10-08T20:40:56.274661+00:00,2026-10-08T20:54:10.735576+00:00,UNO,"ST,792500,RRRR,C,0,0,000",6,1c9f717
2026-10-08T20:40:56.274661+00:00,2026-10-08T20:54:11.236628+00:00,UNO,"ST,793000,RRRR,C,0,0,000",6,1c9f717
2026-10-08T20:40:56.274661+00:00,2026-10-08T20:54:11.369654+00:00,UNO,"ST,793134,GGRR,C,0,0,000",6,1c9f717
2026-10-08T20:40:56.274661+00:00,2026-10-08T20:54:11.736236+00:00,UNO,"ST,793500,GGRR,C,0,0,000",6,1c9f717
2026-10-08T20:40:56.274661+00:00,2026-10-08T20:54:12.236305+00:00,UNO,"ST,794000,GGRR,C,0,0,000",6,1c9f717
2026-10-08T20:40:56.274661+00:00,2026-10-08T20:54:12.735937+00:00,UNO,"ST,794500,GGRR,C,0,0,000",6,1c9f717
2026-10-08T20:40:56.274661+00:00,2026-10-08T20:54:13.236866+00:00,UNO,"ST,795000,GGRR,C,0,0,000",6,1c9f717
2026-10-08T20:40:56.274661+00:00,2026-10-08T20:54:13.736896+00:00,UNO,"ST,795500,GGRR,C,0,0,000",6,1c9f717
2026-10-08T20:40:56.274661+00:00,2026-10-08T20:54:14.236552+00:00,UNO,"ST,796000,GGRR,C,0,0,000",6,1c9f717
2026-10-08T20:40:56.274661+00:00,2026-10-08T20:54:14.370968+00:00,UNO,"ST,796134,YYRR,C,0,0,000",6,1c9f717
2026-10-08T20:40:56.274661+00:00,2026-10-08T20:54:14.737141+00:00,UNO,"ST,796500,YYRR,C,0,0,000",6,1c9f717
2026-10-08T20:40:56.274661+00:00,2026-10-08T20:54:15.237066+00:00,UNO,"ST,797000,YYRR,C,0,0,000",6,1c9f717
2026-10-08T20:40:56.274661+00:00,2026-10-08T20:54:15.737137+00:00,UNO,"ST,797500,YYRR,C,0,0,000",6,1c9f717
2026-10-08T20:40:56.274661+00:00,2026-10-08T20:54:16.237176+00:00,UNO,"ST,798000,YYRR,C,0,0,000",6,1c9f717
2026-10-08T20:40:56.274661+00:00,2026-10-08T20:54:16.371191+00:00,UNO,"ST,798134,RRRR,C,0,0,000",6,1c9f717
2026-10-08T20:40:56.274661+00:00,2026-10-08T20:54:16.738227+00:00,UNO,"ST,798500,RRRR,C,0,0,000",6,1c9f717
2026-10-08T20:40:56.274661+00:00,2026-10-08T20:54:17.237889+00:00,UNO,"ST,799000,RRRR,C,0,0,000",6,1c9f717
2026-10-08T20:40:56.274661+00:00,2026-10-08T20:54:17.371862+00:00,UNO,"ST,799134,RRGG,C,0,0,000",6,1c9f717
2026-10-08T20:40:56.274661+00:00,2026-10-08T20:54:17.737353+00:00,UNO,"ST,799500,RRGG,C,0,0,000",6,1c9f717
2026-10-08T20:40:56.274661+00:00,2026-10-08T20:54:18.237417+00:00,UNO,"ST,800000,RRGG,C,0,0,000",6,1c9f717
2026-10-08T20:40:56.274661+00:00,2026-10-08T20:54:18.738454+00:00,UNO,"ST,800500,RRGG,C,0,0,000",6,1c9f717
2026-10-08T20:40:56.274661+00:00,2026-10-08T20:54:19.238074+00:00,UNO,"ST,801000,RRGG,C,0,0,000",6,1c9f717
2026-10-08T20:40:56.274661+00:00,2026-10-08T20:54:19.738161+00:00,UNO,"ST,801500,RRGG,C,0,0,000",6,1c9f717
2026-10-08T20:40:56.274661+00:00,2026-10-08T20:54:20.238620+00:00,UNO,"ST,802000,RRGG,C,0,0,000",6,1c9f717
2026-10-08T20:40:56.274661+00:00,2026-10-08T20:54:20.372195+00:00,UNO,"ST,802134,RRYY,C,0,0,000",6,1c9f717
2026-10-08T20:40:56.274661+00:00,2026-10-08T20:54:20.738683+00:00,UNO,"ST,802500,RRYY,C,0,0,000",6,1c9f717
2026-10-08T20:40:56.274661+00:00,2026-10-08T20:54:21.238746+00:00,UNO,"ST,803000,RRYY,C,0,0,000",6,1c9f717
2026-10-08T20:40:56.274661+00:00,2026-10-08T20:54:21.738361+00:00,UNO,"ST,803500,RRYY,C,0,0,000",6,1c9f717
2026-10-08T20:40:56.274661+00:00,2026-10-08T20:54:22.239425+00:00,UNO,"ST,804000,RRYY,C,0,0,000",6,1c9f717
2026-10-08T20:40:56.274661+00:00,2026-10-08T20:54:22.373694+00:00,UNO,"ST,804134,RRRR,C,0,0,000",6,1c9f717
2026-10-08T20:40:56.274661+00:00,2026-10-08T20:54:22.739042+00:00,UNO,"ST,804500,RRRR,C,0,0,000",6,1c9f717
2026-10-08T20:40:56.274661+00:00,2026-10-08T20:54:23.134529+00:00,UNO,"EV,804893,SEM_OCORRENCIA,1,POLICIA",6,1c9f717
2026-10-08T20:40:56.274661+00:00,2026-10-08T20:54:23.238949+00:00,UNO,"ST,805000,RRRR,C,0,0,000",6,1c9f717
2026-10-08T20:40:56.274661+00:00,2026-10-08T20:54:23.373771+00:00,UNO,"ST,805134,GGRR,C,0,0,000",6,1c9f717
2026-10-08T20:40:56.274661+00:00,2026-10-08T20:54:23.740018+00:00,UNO,"ST,805500,GGRR,C,0,0,000",6,1c9f717
2026-10-08T20:40:56.274661+00:00,2026-10-08T20:54:24.240109+00:00,UNO,"ST,806000,GGRR,C,0,0,000",6,1c9f717
2026-10-08T20:40:56.274661+00:00,2026-10-08T20:54:24.739705+00:00,UNO,"ST,806500,GGRR,C,0,0,000",6,1c9f717
2026-10-08T20:40:56.274661+00:00,2026-10-08T20:54:25.239327+00:00,UNO,"ST,807000,GGRR,C,0,0,000",6,1c9f717
2026-10-08T20:40:56.274661+00:00,2026-10-08T20:54:25.740386+00:00,UNO,"ST,807500,GGRR,C,0,0,000",6,1c9f717
2026-10-08T20:40:56.274661+00:00,2026-10-08T20:54:26.240329+00:00,UNO,"ST,808000,GGRR,C,0,0,000",6,1c9f717
2026-10-08T20:40:56.274661+00:00,2026-10-08T20:54:26.374329+00:00,UNO,"ST,808134,YYRR,C,0,0,000",6,1c9f717
2026-10-08T20:40:56.274661+00:00,2026-10-08T20:54:26.739921+00:00,UNO,"ST,808500,YYRR,C,0,0,000",6,1c9f717
2026-10-08T20:40:56.274661+00:00,2026-10-08T20:54:27.241005+00:00,UNO,"ST,809000,YYRR,C,0,0,000",6,1c9f717
2026-10-08T20:40:56.274661+00:00,2026-10-08T20:54:27.740615+00:00,UNO,"ST,809500,YYRR,C,0,0,000",6,1c9f717
2026-10-08T20:40:56.274661+00:00,2026-10-08T20:54:28.240564+00:00,UNO,"ST,810000,YYRR,C,0,0,000",6,1c9f717
2026-10-08T20:40:56.274661+00:00,2026-10-08T20:54:28.375106+00:00,UNO,"ST,810134,RRRR,C,0,0,000",6,1c9f717
2026-10-08T20:40:56.274661+00:00,2026-10-08T20:54:28.740590+00:00,UNO,"ST,810500,RRRR,C,0,0,000",6,1c9f717
2026-10-08T20:40:56.274661+00:00,2026-10-08T20:54:29.241649+00:00,UNO,"ST,811000,RRRR,C,0,0,000",6,1c9f717
2026-10-08T20:40:56.274661+00:00,2026-10-08T20:54:29.375666+00:00,UNO,"ST,811134,RRGG,C,0,0,000",6,1c9f717
2026-10-08T20:40:56.274661+00:00,2026-10-08T20:54:29.741262+00:00,UNO,"ST,811500,RRGG,C,0,0,000",6,1c9f717
2026-10-08T20:40:56.274661+00:00,2026-10-08T20:54:30.241336+00:00,UNO,"ST,812000,RRGG,C,0,0,000",6,1c9f717
2026-10-08T20:40:56.274661+00:00,2026-10-08T20:54:30.741818+00:00,UNO,"ST,812500,RRGG,C,0,0,000",6,1c9f717
2026-10-08T20:40:56.274661+00:00,2026-10-08T20:54:31.241867+00:00,UNO,"ST,813000,RRGG,C,0,0,000",6,1c9f717
2026-10-08T20:40:56.274661+00:00,2026-10-08T20:54:31.741951+00:00,UNO,"ST,813500,RRGG,C,0,0,000",6,1c9f717
2026-10-08T20:40:56.274661+00:00,2026-10-08T20:54:32.241540+00:00,UNO,"ST,814000,RRGG,C,0,0,000",6,1c9f717
2026-10-08T20:40:56.274661+00:00,2026-10-08T20:54:32.376017+00:00,UNO,"ST,814134,RRYY,C,0,0,000",6,1c9f717
2026-10-08T20:40:56.274661+00:00,2026-10-08T20:54:32.742607+00:00,UNO,"ST,814500,RRYY,C,0,0,000",6,1c9f717
2026-10-08T20:40:56.274661+00:00,2026-10-08T20:54:33.242233+00:00,UNO,"ST,815000,RRYY,C,0,0,000",6,1c9f717
2026-10-08T20:40:56.274661+00:00,2026-10-08T20:54:33.742158+00:00,UNO,"ST,815500,RRYY,C,0,0,000",6,1c9f717
2026-10-08T20:40:56.274661+00:00,2026-10-08T20:54:34.242216+00:00,UNO,"ST,816000,RRYY,C,0,0,000",6,1c9f717
2026-10-08T20:40:56.274661+00:00,2026-10-08T20:54:34.376241+00:00,UNO,"ST,816134,RRRR,C,0,0,000",6,1c9f717
2026-10-08T20:40:56.274661+00:00,2026-10-08T20:54:34.742838+00:00,UNO,"ST,816500,RRRR,C,0,0,000",6,1c9f717
2026-10-08T20:40:56.274661+00:00,2026-10-08T20:54:35.242892+00:00,UNO,"ST,817000,RRRR,C,0,0,000",6,1c9f717
2026-10-08T20:40:56.274661+00:00,2026-10-08T20:54:35.376906+00:00,UNO,"ST,817134,GGRR,C,0,0,000",6,1c9f717
2026-10-08T20:40:56.274661+00:00,2026-10-08T20:54:35.742524+00:00,UNO,"ST,817500,GGRR,C,0,0,000",6,1c9f717
2026-10-08T20:40:56.274661+00:00,2026-10-08T20:54:36.243442+00:00,UNO,"ST,818000,GGRR,C,0,0,000",6,1c9f717
2026-10-08T20:40:56.274661+00:00,2026-10-08T20:54:36.743501+00:00,UNO,"ST,818500,GGRR,C,0,0,000",6,1c9f717
2026-10-08T20:40:56.274661+00:00,2026-10-08T20:54:37.243180+00:00,UNO,"ST,819000,GGRR,C,0,0,000",6,1c9f717
2026-10-08T20:40:56.274661+00:00,2026-10-08T20:54:37.743179+00:00,UNO,"ST,819500,GGRR,C,0,0,000",6,1c9f717
2026-10-08T20:40:56.274661+00:00,2026-10-08T20:54:38.243702+00:00,UNO,"ST,820000,GGRR,C,0,0,000",6,1c9f717
2026-10-08T20:40:56.274661+00:00,2026-10-08T20:54:38.378226+00:00,UNO,"ST,820134,YYRR,C,0,0,000",6,1c9f717
2026-10-08T20:40:56.274661+00:00,2026-10-08T20:54:38.743739+00:00,UNO,"ST,820500,YYRR,C,0,0,000",6,1c9f717
2026-10-08T20:40:56.274661+00:00,2026-10-08T20:54:39.243788+00:00,UNO,"ST,821000,YYRR,C,0,0,000",6,1c9f717
2026-10-08T20:40:56.274661+00:00,2026-10-08T20:54:39.744411+00:00,UNO,"ST,821500,YYRR,C,0,0,000",6,1c9f717
2026-10-08T20:40:56.274661+00:00,2026-10-08T20:54:40.244445+00:00,UNO,"ST,822000,YYRR,C,0,0,000",6,1c9f717
2026-10-08T20:40:56.274661+00:00,2026-10-08T20:54:40.378483+00:00,UNO,"ST,822134,RRRR,C,0,0,000",6,1c9f717
2026-10-08T20:40:56.274661+00:00,2026-10-08T20:54:40.744120+00:00,UNO,"ST,822500,RRRR,C,0,0,000",6,1c9f717
2026-10-08T20:40:56.274661+00:00,2026-10-08T20:54:41.244017+00:00,UNO,"ST,823000,RRRR,C,0,0,000",6,1c9f717
2026-10-08T20:40:56.274661+00:00,2026-10-08T20:54:41.378170+00:00,UNO,"ST,823134,RRGG,C,0,0,000",6,1c9f717
2026-10-08T20:40:56.274661+00:00,2026-10-08T20:54:41.745059+00:00,UNO,"ST,823500,RRGG,C,0,0,000",6,1c9f717
2026-10-08T20:40:56.274661+00:00,2026-10-08T20:54:42.244706+00:00,UNO,"ST,824000,RRGG,C,0,0,000",6,1c9f717
2026-10-08T20:40:56.274661+00:00,2026-10-08T20:54:42.744753+00:00,UNO,"ST,824500,RRGG,C,0,0,000",6,1c9f717
2026-10-08T20:40:56.274661+00:00,2026-10-08T20:54:43.245369+00:00,UNO,"ST,825000,RRGG,C,0,0,000",6,1c9f717
2026-10-08T20:40:56.274661+00:00,2026-10-08T20:54:43.745302+00:00,UNO,"ST,825500,RRGG,C,0,0,000",6,1c9f717
2026-10-08T20:40:56.274661+00:00,2026-10-08T20:54:44.245339+00:00,UNO,"ST,826000,RRGG,C,0,0,000",6,1c9f717
2026-10-08T20:40:56.274661+00:00,2026-10-08T20:54:44.379348+00:00,UNO,"ST,826134,RRYY,C,0,0,000",6,1c9f717
2026-10-08T20:40:56.274661+00:00,2026-10-08T20:54:44.744958+00:00,UNO,"ST,826500,RRYY,C,0,0,000",6,1c9f717
2026-10-08T20:40:56.274661+00:00,2026-10-08T20:54:45.246045+00:00,UNO,"ST,827000,RRYY,C,0,0,000",6,1c9f717
2026-10-08T20:40:56.274661+00:00,2026-10-08T20:54:45.745648+00:00,UNO,"ST,827500,RRYY,C,0,0,000",6,1c9f717
2026-10-08T20:40:56.274661+00:00,2026-10-08T20:54:46.245584+00:00,UNO,"ST,828000,RRYY,C,0,0,000",6,1c9f717
2026-10-08T20:40:56.274661+00:00,2026-10-08T20:54:46.379826+00:00,UNO,"ST,828134,RRRR,C,0,0,000",6,1c9f717
2026-10-08T20:40:56.274661+00:00,2026-10-08T20:54:46.746625+00:00,UNO,"ST,828500,RRRR,C,0,0,000",6,1c9f717
2026-10-08T20:40:56.274661+00:00,2026-10-08T20:54:47.246707+00:00,UNO,"ST,829000,RRRR,C,0,0,000",6,1c9f717
2026-10-08T20:40:56.274661+00:00,2026-10-08T20:54:47.380691+00:00,UNO,"ST,829134,GGRR,C,0,0,000",6,1c9f717
2026-10-08T20:40:56.274661+00:00,2026-10-08T20:54:47.746518+00:00,UNO,"ST,829500,GGRR,C,0,0,000",6,1c9f717
2026-10-08T20:40:56.274661+00:00,2026-10-08T20:54:48.246372+00:00,UNO,"ST,830000,GGRR,C,0,0,000",6,1c9f717
2026-10-08T20:40:56.274661+00:00,2026-10-08T20:54:48.747001+00:00,UNO,"ST,830500,GGRR,C,0,0,000",6,1c9f717
2026-10-08T20:40:56.274661+00:00,2026-10-08T20:54:49.246926+00:00,UNO,"ST,831000,GGRR,C,0,0,000",6,1c9f717
2026-10-08T20:40:56.274661+00:00,2026-10-08T20:54:49.746543+00:00,UNO,"ST,831500,GGRR,C,0,0,000",6,1c9f717
2026-10-08T20:40:56.274661+00:00,2026-10-08T20:54:50.246582+00:00,UNO,"ST,832000,GGRR,C,0,0,000",6,1c9f717
2026-10-08T20:40:56.274661+00:00,2026-10-08T20:54:50.381040+00:00,UNO,"ST,832134,YYRR,C,0,0,000",6,1c9f717
2026-10-08T20:40:56.274661+00:00,2026-10-08T20:54:50.748309+00:00,UNO,"ST,832500,YYRR,C,0,0,000",6,1c9f717
2026-10-08T20:40:56.274661+00:00,2026-10-08T20:54:51.247286+00:00,UNO,"ST,833000,YYRR,C,0,0,000",6,1c9f717
2026-10-08T20:40:56.274661+00:00,2026-10-08T20:54:51.747217+00:00,UNO,"ST,833500,YYRR,C,0,0,000",6,1c9f717
2026-10-08T20:40:56.274661+00:00,2026-10-08T20:54:52.248517+00:00,UNO,"ST,834000,YYRR,C,0,0,000",6,1c9f717
2026-10-08T20:40:56.274661+00:00,2026-10-08T20:54:52.381260+00:00,UNO,"ST,834134,RRRR,C,0,0,000",6,1c9f717
2026-10-08T20:40:56.274661+00:00,2026-10-08T20:54:52.747880+00:00,UNO,"ST,834500,RRRR,C,0,0,000",6,1c9f717
2026-10-08T20:40:56.274661+00:00,2026-10-08T20:54:53.247512+00:00,UNO,"ST,835000,RRRR,C,0,0,000",6,1c9f717
2026-10-08T20:40:56.274661+00:00,2026-10-08T20:54:53.381921+00:00,UNO,"ST,835134,RRGG,C,0,0,000",6,1c9f717
2026-10-08T20:40:56.274661+00:00,2026-10-08T20:54:53.747411+00:00,UNO,"ST,835500,RRGG,C,0,0,000",6,1c9f717
2026-10-08T20:40:56.274661+00:00,2026-10-08T20:54:54.249428+00:00,UNO,"ST,836000,RRGG,C,0,0,000",6,1c9f717
2026-10-08T20:40:56.274661+00:00,2026-10-08T20:54:54.748544+00:00,UNO,"ST,836500,RRGG,C,0,0,000",6,1c9f717
2026-10-08T20:40:56.274661+00:00,2026-10-08T20:54:55.248161+00:00,UNO,"ST,837000,RRGG,C,0,0,000",6,1c9f717
2026-10-08T20:40:56.274661+00:00,2026-10-08T20:54:55.749210+00:00,UNO,"ST,837500,RRGG,C,0,0,000",6,1c9f717
2026-10-08T20:40:56.274661+00:00,2026-10-08T20:54:56.248829+00:00,UNO,"ST,838000,RRGG,C,0,0,000",6,1c9f717
2026-10-08T20:40:56.274661+00:00,2026-10-08T20:54:56.383274+00:00,UNO,"ST,838134,RRYY,C,0,0,000",6,1c9f717
2026-10-08T20:40:56.274661+00:00,2026-10-08T20:54:56.748760+00:00,UNO,"ST,838500,RRYY,C,0,0,000",6,1c9f717
2026-10-08T20:40:56.274661+00:00,2026-10-08T20:54:57.248826+00:00,UNO,"ST,839000,RRYY,C,0,0,000",6,1c9f717
2026-10-08T20:40:56.274661+00:00,2026-10-08T20:54:57.749432+00:00,UNO,"ST,839500,RRYY,C,0,0,000",6,1c9f717
2026-10-08T20:40:56.274661+00:00,2026-10-08T20:54:58.249550+00:00,UNO,"ST,840000,RRYY,C,0,0,000",6,1c9f717
2026-10-08T20:40:56.274661+00:00,2026-10-08T20:54:58.383560+00:00,UNO,"ST,840134,RRRR,C,0,0,000",6,1c9f717
2026-10-08T20:40:56.274661+00:00,2026-10-08T20:54:58.749205+00:00,UNO,"ST,840500,RRRR,C,0,0,000",6,1c9f717
2026-10-08T20:40:56.274661+00:00,2026-10-08T20:54:59.250779+00:00,UNO,"ST,841000,RRRR,C,0,0,000",6,1c9f717
2026-10-08T20:40:56.274661+00:00,2026-10-08T20:54:59.383605+00:00,UNO,"ST,841134,GGRR,C,0,0,000",6,1c9f717
2026-10-08T20:40:56.274661+00:00,2026-10-08T20:54:59.750100+00:00,UNO,"ST,841500,GGRR,C,0,0,000",6,1c9f717
2026-10-08T20:40:56.274661+00:00,2026-10-08T20:55:00.249707+00:00,UNO,"ST,842000,GGRR,C,0,0,000",6,1c9f717
2026-10-08T20:40:56.274661+00:00,2026-10-08T20:55:00.749989+00:00,UNO,"ST,842500,GGRR,C,0,0,000",6,1c9f717
2026-10-08T20:40:56.274661+00:00,2026-10-08T20:55:01.250828+00:00,UNO,"ST,843000,GGRR,C,0,0,000",6,1c9f717
2026-10-08T20:40:56.274661+00:00,2026-10-08T20:55:01.750313+00:00,UNO,"ST,843500,GGRR,C,0,0,000",6,1c9f717
2026-10-08T20:40:56.274661+00:00,2026-10-08T20:55:02.250413+00:00,UNO,"ST,844000,GGRR,C,0,0,000",6,1c9f717
2026-10-08T20:40:56.274661+00:00,2026-10-08T20:55:02.384389+00:00,UNO,"ST,844134,YYRR,C,0,0,000",6,1c9f717
2026-10-08T20:40:56.274661+00:00,2026-10-08T20:55:02.751443+00:00,UNO,"ST,844500,YYRR,C,0,0,000",6,1c9f717
2026-10-08T20:40:56.274661+00:00,2026-10-08T20:55:03.251072+00:00,UNO,"ST,845000,YYRR,C,0,0,000",6,1c9f717
2026-10-08T20:40:56.274661+00:00,2026-10-08T20:55:03.750678+00:00,UNO,"ST,845500,YYRR,C,0,0,000",6,1c9f717
2026-10-08T20:40:56.274661+00:00,2026-10-08T20:55:04.250625+00:00,UNO,"ST,846000,YYRR,C,0,0,000",6,1c9f717
2026-10-08T20:40:56.274661+00:00,2026-10-08T20:55:04.384749+00:00,UNO,"ST,846134,RRRR,C,0,0,000",6,1c9f717
2026-10-08T20:40:56.274661+00:00,2026-10-08T20:55:04.751774+00:00,UNO,"ST,846500,RRRR,C,0,0,000",6,1c9f717
2026-10-08T20:40:56.274661+00:00,2026-10-08T20:55:05.251275+00:00,UNO,"ST,847000,RRRR,C,0,0,000",6,1c9f717
2026-10-08T20:40:56.274661+00:00,2026-10-08T20:55:05.385720+00:00,UNO,"ST,847134,RRGG,C,0,0,000",6,1c9f717
2026-10-08T20:40:56.274661+00:00,2026-10-08T20:55:05.751338+00:00,UNO,"ST,847500,RRGG,C,0,0,000",6,1c9f717
2026-10-08T20:40:56.274661+00:00,2026-10-08T20:55:06.251394+00:00,UNO,"ST,848000,RRGG,C,0,0,000",6,1c9f717
2026-10-08T20:40:56.274661+00:00,2026-10-08T20:55:06.751873+00:00,UNO,"ST,848500,RRGG,C,0,0,000",6,1c9f717
2026-10-08T20:40:56.274661+00:00,2026-10-08T20:55:07.251971+00:00,UNO,"ST,849000,RRGG,C,0,0,000",6,1c9f717
2026-10-08T20:40:56.274661+00:00,2026-10-08T20:55:07.751996+00:00,UNO,"ST,849500,RRGG,C,0,0,000",6,1c9f717
2026-10-08T20:40:56.274661+00:00,2026-10-08T20:55:08.252640+00:00,UNO,"ST,850000,RRGG,C,0,0,000",6,1c9f717
2026-10-08T20:40:56.274661+00:00,2026-10-08T20:55:08.386060+00:00,UNO,"ST,850134,RRYY,C,0,0,000",6,1c9f717
2026-10-08T20:40:56.274661+00:00,2026-10-08T20:55:08.752651+00:00,UNO,"ST,850500,RRYY,C,0,0,000",6,1c9f717
2026-10-08T20:40:56.274661+00:00,2026-10-08T20:55:09.252150+00:00,UNO,"ST,851000,RRYY,C,0,0,000",6,1c9f717
2026-10-08T20:40:56.274661+00:00,2026-10-08T20:55:09.752215+00:00,UNO,"ST,851500,RRYY,C,0,0,000",6,1c9f717
2026-10-08T20:40:56.274661+00:00,2026-10-08T20:55:10.253277+00:00,UNO,"ST,852000,RRYY,C,0,0,000",6,1c9f717
2026-10-08T20:40:56.274661+00:00,2026-10-08T20:55:10.387270+00:00,UNO,"ST,852134,RRRR,C,0,0,000",6,1c9f717
2026-10-08T20:40:56.274661+00:00,2026-10-08T20:55:10.752885+00:00,UNO,"ST,852500,RRRR,C,0,0,000",6,1c9f717
2026-10-08T20:40:56.274661+00:00,2026-10-08T20:55:11.252968+00:00,UNO,"ST,853000,RRRR,C,0,0,000",6,1c9f717
2026-10-08T20:40:56.274661+00:00,2026-10-08T20:55:11.386962+00:00,UNO,"ST,853134,GGRR,C,0,0,000",6,1c9f717
2026-10-08T20:40:56.274661+00:00,2026-10-08T20:55:11.753569+00:00,UNO,"ST,853500,GGRR,C,0,0,000",6,1c9f717
2026-10-08T20:40:56.274661+00:00,2026-10-08T20:55:12.253490+00:00,UNO,"ST,854000,GGRR,C,0,0,000",6,1c9f717
2026-10-08T20:40:56.274661+00:00,2026-10-08T20:55:12.753565+00:00,UNO,"ST,854500,GGRR,C,0,0,000",6,1c9f717
2026-10-08T20:40:56.274661+00:00,2026-10-08T20:55:13.253180+00:00,UNO,"ST,855000,GGRR,C,0,0,000",6,1c9f717
2026-10-08T20:40:56.274661+00:00,2026-10-08T20:55:13.754226+00:00,UNO,"ST,855500,GGRR,C,0,0,000",6,1c9f717
2026-10-08T20:40:56.274661+00:00,2026-10-08T20:55:14.253861+00:00,UNO,"ST,856000,GGRR,C,0,0,000",6,1c9f717
2026-10-08T20:40:56.274661+00:00,2026-10-08T20:55:14.388307+00:00,UNO,"ST,856134,YYRR,C,0,0,000",6,1c9f717
2026-10-08T20:40:56.274661+00:00,2026-10-08T20:55:14.753780+00:00,UNO,"ST,856500,YYRR,C,0,0,000",6,1c9f717
2026-10-08T20:40:56.274661+00:00,2026-10-08T20:55:15.254850+00:00,UNO,"ST,857000,YYRR,C,0,0,000",6,1c9f717
2026-10-08T20:40:56.274661+00:00,2026-10-08T20:55:15.754462+00:00,UNO,"ST,857500,YYRR,C,0,0,000",6,1c9f717
2026-10-08T20:40:56.274661+00:00,2026-10-08T20:55:16.254506+00:00,UNO,"ST,858000,YYRR,C,0,0,000",6,1c9f717
2026-10-08T20:40:56.274661+00:00,2026-10-08T20:55:16.388543+00:00,UNO,"ST,858134,RRRR,C,0,0,000",6,1c9f717
2026-10-08T20:40:56.274661+00:00,2026-10-08T20:55:16.754015+00:00,UNO,"ST,858500,RRRR,C,0,0,000",6,1c9f717
2026-10-08T20:40:56.274661+00:00,2026-10-08T20:55:17.255128+00:00,UNO,"ST,859000,RRRR,C,0,0,000",6,1c9f717
2026-10-08T20:40:56.274661+00:00,2026-10-08T20:55:17.389644+00:00,UNO,"ST,859134,RRGG,C,0,0,000",6,1c9f717
2026-10-08T20:40:56.274661+00:00,2026-10-08T20:55:17.755121+00:00,UNO,"ST,859500,RRGG,C,0,0,000",6,1c9f717
2026-10-08T20:40:56.274661+00:00,2026-10-08T20:55:18.254757+00:00,UNO,"ST,860000,RRGG,C,0,0,000",6,1c9f717
2026-10-08T20:40:56.274661+00:00,2026-10-08T20:55:18.755795+00:00,UNO,"ST,860500,RRGG,C,0,0,000",6,1c9f717
2026-10-08T20:40:56.274661+00:00,2026-10-08T20:55:19.255424+00:00,UNO,"ST,861000,RRGG,C,0,0,000",6,1c9f717
2026-10-08T20:40:56.274661+00:00,2026-10-08T20:55:19.755375+00:00,UNO,"ST,861500,RRGG,C,0,0,000",6,1c9f717
2026-10-08T20:40:56.274661+00:00,2026-10-08T20:55:20.255397+00:00,UNO,"ST,862000,RRGG,C,0,0,000",6,1c9f717
2026-10-08T20:40:56.274661+00:00,2026-10-08T20:55:20.389430+00:00,UNO,"ST,862134,RRYY,C,0,0,000",6,1c9f717
2026-10-08T20:40:56.274661+00:00,2026-10-08T20:55:20.756015+00:00,UNO,"ST,862500,RRYY,C,0,0,000",6,1c9f717
2026-10-08T20:40:56.274661+00:00,2026-10-08T20:55:21.256106+00:00,UNO,"ST,863000,RRYY,C,0,0,000",6,1c9f717
2026-10-08T20:40:56.274661+00:00,2026-10-08T20:55:21.755696+00:00,UNO,"ST,863500,RRYY,C,0,0,000",6,1c9f717
2026-10-08T20:40:56.274661+00:00,2026-10-08T20:55:22.255632+00:00,UNO,"ST,864000,RRYY,C,0,0,000",6,1c9f717
2026-10-08T20:40:56.274661+00:00,2026-10-08T20:55:22.390208+00:00,UNO,"ST,864134,RRRR,C,0,0,000",6,1c9f717
2026-10-08T20:40:56.274661+00:00,2026-10-08T20:55:22.756694+00:00,UNO,"ST,864500,RRRR,C,0,0,000",6,1c9f717
2026-10-08T20:40:56.274661+00:00,2026-10-08T20:55:23.256748+00:00,UNO,"ST,865000,RRRR,C,0,0,000",6,1c9f717
2026-10-08T20:40:56.274661+00:00,2026-10-08T20:55:23.390770+00:00,UNO,"ST,865134,GGRR,C,0,0,000",6,1c9f717
2026-10-08T20:40:56.274661+00:00,2026-10-08T20:55:23.756365+00:00,UNO,"ST,865500,GGRR,C,0,0,000",6,1c9f717
2026-10-08T20:40:56.274661+00:00,2026-10-08T20:55:24.257279+00:00,UNO,"ST,866000,GGRR,C,0,0,000",6,1c9f717
2026-10-08T20:40:56.274661+00:00,2026-10-08T20:55:24.757056+00:00,UNO,"ST,866500,GGRR,C,0,0,000",6,1c9f717
2026-10-08T20:40:56.274661+00:00,2026-10-08T20:55:25.256989+00:00,UNO,"ST,867000,GGRR,C,0,0,000",6,1c9f717
2026-10-08T20:40:56.274661+00:00,2026-10-08T20:55:25.756585+00:00,UNO,"ST,867500,GGRR,C,0,0,000",6,1c9f717
2026-10-08T20:40:56.274661+00:00,2026-10-08T20:55:26.257658+00:00,UNO,"ST,868000,GGRR,C,0,0,000",6,1c9f717
2026-10-08T20:40:56.274661+00:00,2026-10-08T20:55:26.391665+00:00,UNO,"ST,868134,YYRR,C,0,0,000",6,1c9f717
2026-10-08T20:40:56.274661+00:00,2026-10-08T20:55:26.757705+00:00,UNO,"ST,868500,YYRR,C,0,0,000",6,1c9f717
2026-10-08T20:40:56.274661+00:00,2026-10-08T20:55:27.257220+00:00,UNO,"ST,869000,YYRR,C,0,0,000",6,1c9f717
2026-10-08T20:40:56.274661+00:00,2026-10-08T20:55:27.758276+00:00,UNO,"ST,869500,YYRR,C,0,0,000",6,1c9f717
2026-10-08T20:40:56.274661+00:00,2026-10-08T20:55:28.257898+00:00,UNO,"ST,870000,YYRR,C,0,0,000",6,1c9f717
2026-10-08T20:40:56.274661+00:00,2026-10-08T20:55:28.392324+00:00,UNO,"ST,870134,RRRR,C,0,0,000",6,1c9f717
2026-10-08T20:40:56.274661+00:00,2026-10-08T20:55:28.757926+00:00,UNO,"ST,870500,RRRR,C,0,0,000",6,1c9f717
2026-10-08T20:40:56.274661+00:00,2026-10-08T20:55:29.258003+00:00,UNO,"ST,871000,RRRR,C,0,0,000",6,1c9f717
2026-10-08T20:40:56.274661+00:00,2026-10-08T20:55:29.392003+00:00,UNO,"ST,871134,RRGG,C,0,0,000",6,1c9f717
2026-10-08T20:40:56.274661+00:00,2026-10-08T20:55:29.758841+00:00,UNO,"ST,871500,RRGG,C,0,0,000",6,1c9f717
2026-10-08T20:40:56.274661+00:00,2026-10-08T20:55:30.258561+00:00,UNO,"ST,872000,RRGG,C,0,0,000",6,1c9f717
2026-10-08T20:40:56.274661+00:00,2026-10-08T20:55:30.758611+00:00,UNO,"ST,872500,RRGG,C,0,0,000",6,1c9f717
2026-10-08T20:40:56.274661+00:00,2026-10-08T20:55:31.259221+00:00,UNO,"ST,873000,RRGG,C,0,0,000",6,1c9f717
2026-10-08T20:40:56.274661+00:00,2026-10-08T20:55:31.759259+00:00,UNO,"ST,873500,RRGG,C,0,0,000",6,1c9f717
2026-10-08T20:40:56.274661+00:00,2026-10-08T20:55:32.258774+00:00,UNO,"ST,874000,RRGG,C,0,0,000",6,1c9f717
2026-10-08T20:40:56.274661+00:00,2026-10-08T20:55:32.393342+00:00,UNO,"ST,874134,RRYY,C,0,0,000",6,1c9f717
2026-10-08T20:40:56.274661+00:00,2026-10-08T20:55:32.758823+00:00,UNO,"ST,874500,RRYY,C,0,0,000",6,1c9f717
2026-10-08T20:40:56.274661+00:00,2026-10-08T20:55:33.259878+00:00,UNO,"ST,875000,RRYY,C,0,0,000",6,1c9f717
2026-10-08T20:40:56.274661+00:00,2026-10-08T20:55:33.759515+00:00,UNO,"ST,875500,RRYY,C,0,0,000",6,1c9f717
2026-10-08T20:40:56.274661+00:00,2026-10-08T20:55:34.259562+00:00,UNO,"ST,876000,RRYY,C,0,0,000",6,1c9f717
2026-10-08T20:40:56.274661+00:00,2026-10-08T20:55:34.393562+00:00,UNO,"ST,876134,RRRR,C,0,0,000",6,1c9f717
2026-10-08T20:40:56.274661+00:00,2026-10-08T20:55:34.760624+00:00,UNO,"ST,876500,RRRR,C,0,0,000",6,1c9f717
2026-10-08T20:40:56.274661+00:00,2026-10-08T20:55:35.260111+00:00,UNO,"ST,877000,RRRR,C,0,0,000",6,1c9f717
2026-10-08T20:40:56.274661+00:00,2026-10-08T20:55:35.394239+00:00,UNO,"ST,877134,GGRR,C,0,0,000",6,1c9f717
2026-10-08T20:40:56.274661+00:00,2026-10-08T20:55:35.760173+00:00,UNO,"ST,877500,GGRR,C,0,0,000",6,1c9f717
2026-10-08T20:40:56.274661+00:00,2026-10-08T20:55:36.260223+00:00,UNO,"ST,878000,GGRR,C,0,0,000",6,1c9f717
2026-10-08T20:40:56.274661+00:00,2026-10-08T20:55:36.760840+00:00,UNO,"ST,878500,GGRR,C,0,0,000",6,1c9f717
2026-10-08T20:40:56.274661+00:00,2026-10-08T20:55:37.260929+00:00,UNO,"ST,879000,GGRR,C,0,0,000",6,1c9f717
2026-10-08T20:40:56.274661+00:00,2026-10-08T20:55:37.760394+00:00,UNO,"ST,879500,GGRR,C,0,0,000",6,1c9f717
2026-10-08T20:40:56.274661+00:00,2026-10-08T20:55:38.260453+00:00,UNO,"ST,880000,GGRR,C,0,0,000",6,1c9f717
2026-10-08T20:40:56.274661+00:00,2026-10-08T20:55:38.394618+00:00,UNO,"ST,880134,YYRR,C,0,0,000",6,1c9f717
2026-10-08T20:40:56.274661+00:00,2026-10-08T20:55:38.761489+00:00,UNO,"ST,880500,YYRR,C,0,0,000",6,1c9f717
2026-10-08T20:40:56.274661+00:00,2026-10-08T20:55:39.261117+00:00,UNO,"ST,881000,YYRR,C,0,0,000",6,1c9f717
2026-10-08T20:40:56.274661+00:00,2026-10-08T20:55:39.760760+00:00,UNO,"ST,881500,YYRR,C,0,0,000",6,1c9f717
2026-10-08T20:40:56.274661+00:00,2026-10-08T20:55:40.261889+00:00,UNO,"ST,882000,YYRR,C,0,0,000",6,1c9f717
2026-10-08T20:40:56.274661+00:00,2026-10-08T20:55:40.394848+00:00,UNO,"ST,882134,RRRR,C,0,0,000",6,1c9f717
2026-10-08T20:40:56.274661+00:00,2026-10-08T20:55:40.761733+00:00,UNO,"ST,882500,RRRR,C,0,0,000",6,1c9f717
2026-10-08T20:40:56.274661+00:00,2026-10-08T20:55:41.142955+00:00,PONTE,"AUT,AMBULANCIA,2",0,1c9f717
2026-10-08T20:40:56.274661+00:00,2026-10-08T20:55:41.143770+00:00,PONTE,"AUT,BOMBEIRO,1",0,1c9f717
2026-10-08T20:40:56.274661+00:00,2026-10-08T20:55:41.144383+00:00,PONTE,"AUT,POLICIA,0",0,1c9f717
2026-10-08T20:40:56.274661+00:00,2026-10-08T20:55:41.182334+00:00,UNO,"ST,882907,RRRR,C,0,0,200",13,1c9f717
2026-10-08T20:40:56.274661+00:00,2026-10-08T20:55:41.191625+00:00,UNO,"ST,882923,RRRR,C,0,0,210",1,1c9f717
2026-10-08T20:40:56.274661+00:00,2026-10-08T20:55:41.261336+00:00,UNO,"ST,883000,RRRR,C,0,0,210",6,1c9f717
2026-10-08T20:40:56.274661+00:00,2026-10-08T20:55:41.395781+00:00,UNO,"ST,883134,RRGG,C,0,0,210",6,1c9f717
2026-10-08T20:40:56.274661+00:00,2026-10-08T20:55:41.761382+00:00,UNO,"ST,883500,RRGG,C,0,0,210",6,1c9f717
2026-10-08T20:40:56.274661+00:00,2026-10-08T20:55:42.262461+00:00,UNO,"ST,884000,RRGG,C,0,0,210",6,1c9f717
2026-10-08T20:40:56.274661+00:00,2026-10-08T20:55:42.761964+00:00,UNO,"ST,884500,RRGG,C,0,0,210",6,1c9f717
2026-10-08T20:40:56.274661+00:00,2026-10-08T20:55:43.262004+00:00,UNO,"ST,885000,RRGG,C,0,0,210",6,1c9f717
2026-10-08T20:40:56.274661+00:00,2026-10-08T20:55:43.763056+00:00,UNO,"ST,885500,RRGG,C,0,0,210",6,1c9f717
2026-10-08T20:40:56.274661+00:00,2026-10-08T20:55:44.262688+00:00,UNO,"ST,886000,RRGG,C,0,0,210",6,1c9f717
2026-10-08T20:40:56.274661+00:00,2026-10-08T20:55:44.397150+00:00,UNO,"ST,886134,RRYY,C,0,0,210",6,1c9f717
2026-10-08T20:40:56.274661+00:00,2026-10-08T20:55:44.762736+00:00,UNO,"ST,886500,RRYY,C,0,0,210",6,1c9f717
2026-10-08T20:40:56.274661+00:00,2026-10-08T20:55:45.262361+00:00,UNO,"ST,887000,RRYY,C,0,0,210",6,1c9f717
2026-10-08T20:40:56.274661+00:00,2026-10-08T20:55:45.763291+00:00,UNO,"ST,887500,RRYY,C,0,0,210",6,1c9f717
2026-10-08T20:40:56.274661+00:00,2026-10-08T20:55:46.262929+00:00,UNO,"ST,888000,RRYY,C,0,0,210",6,1c9f717
2026-10-08T20:40:56.274661+00:00,2026-10-08T20:55:46.397351+00:00,UNO,"ST,888134,RRRR,C,0,0,210",6,1c9f717
2026-10-08T20:40:56.274661+00:00,2026-10-08T20:55:46.762953+00:00,UNO,"ST,888500,RRRR,C,0,0,210",6,1c9f717
2026-10-08T20:40:56.274661+00:00,2026-10-08T20:55:47.264058+00:00,UNO,"ST,889000,RRRR,C,0,0,210",6,1c9f717
2026-10-08T20:40:56.274661+00:00,2026-10-08T20:55:47.397025+00:00,UNO,"ST,889134,GGRR,C,0,0,210",6,1c9f717
2026-10-08T20:40:56.274661+00:00,2026-10-08T20:55:47.763524+00:00,UNO,"ST,889500,GGRR,C,0,0,210",6,1c9f717
2026-10-08T20:40:56.274661+00:00,2026-10-08T20:55:48.263588+00:00,UNO,"ST,890000,GGRR,C,0,0,210",6,1c9f717
2026-10-08T20:40:56.274661+00:00,2026-10-08T20:55:48.414706+00:00,UNO,"EV,890150,PREEMP_INI,3,AMBULANCIA",6,1c9f717
2026-10-08T20:40:56.274661+00:00,2026-10-08T20:55:48.451127+00:00,UNO,"ST,890150,GGRR,E,3,0,210",6,1c9f717
2026-10-08T20:40:56.274661+00:00,2026-10-08T20:55:48.763658+00:00,UNO,"ST,890500,GGRR,E,3,0,210",6,1c9f717
2026-10-08T20:40:56.274661+00:00,2026-10-08T20:55:49.264252+00:00,UNO,"ST,891000,GGRR,E,3,0,210",6,1c9f717
2026-10-08T20:40:56.274661+00:00,2026-10-08T20:55:49.764301+00:00,UNO,"ST,891500,GGRR,E,3,0,210",6,1c9f717
2026-10-08T20:40:56.274661+00:00,2026-10-08T20:55:50.263809+00:00,UNO,"ST,892000,GGRR,E,3,0,210",6,1c9f717
2026-10-08T20:40:56.274661+00:00,2026-10-08T20:55:50.398360+00:00,UNO,"ST,892134,YYRR,E,3,0,210",6,1c9f717
2026-10-08T20:40:56.274661+00:00,2026-10-08T20:55:50.764863+00:00,UNO,"ST,892500,YYRR,E,3,0,210",6,1c9f717
2026-10-08T20:40:56.274661+00:00,2026-10-08T20:55:51.264935+00:00,UNO,"ST,893000,YYRR,E,3,0,210",6,1c9f717
2026-10-08T20:40:56.274661+00:00,2026-10-08T20:55:51.764526+00:00,UNO,"ST,893500,YYRR,E,3,0,210",6,1c9f717
2026-10-08T20:40:56.274661+00:00,2026-10-08T20:55:52.264594+00:00,UNO,"ST,894000,YYRR,E,3,0,210",6,1c9f717
2026-10-08T20:40:56.274661+00:00,2026-10-08T20:55:52.398589+00:00,UNO,"ST,894134,RRRR,E,3,0,210",6,1c9f717
2026-10-08T20:40:56.274661+00:00,2026-10-08T20:55:52.765220+00:00,UNO,"ST,894500,RRRR,E,3,0,210",6,1c9f717
2026-10-08T20:40:56.274661+00:00,2026-10-08T20:55:53.265145+00:00,UNO,"ST,895000,RRRR,E,3,0,210",6,1c9f717
2026-10-08T20:40:56.274661+00:00,2026-10-08T20:55:53.399265+00:00,UNO,"ST,895134,RRGR,E,3,0,210",6,1c9f717
2026-10-08T20:40:56.274661+00:00,2026-10-08T20:55:53.765202+00:00,UNO,"ST,895500,RRGR,E,3,0,210",6,1c9f717
2026-10-08T20:40:56.274661+00:00,2026-10-08T20:55:54.264815+00:00,UNO,"ST,896000,RRGR,E,3,0,210",6,1c9f717
2026-10-08T20:40:56.274661+00:00,2026-10-08T20:55:54.706314+00:00,UNO,"EV,896441,PREEMP_INI,1,BOMBEIRO",6,1c9f717
2026-10-08T20:40:56.274661+00:00,2026-10-08T20:55:54.736524+00:00,UNO,"EV,896441,FILA,3,AMBULANCIA",1,1c9f717
2026-10-08T20:40:56.274661+00:00,2026-10-08T20:55:54.765774+00:00,UNO,"ST,896441,RRGR,E,1,3,210",0,1c9f717
2026-10-08T20:40:56.274661+00:00,2026-10-08T20:55:54.794597+00:00,UNO,"ST,896516,RRGR,E,1,3,210",2,1c9f717
2026-10-08T20:40:56.274661+00:00,2026-10-08T20:55:55.265504+00:00,UNO,"ST,897000,RRGR,E,1,3,210",6,1c9f717
2026-10-08T20:40:56.274661+00:00,2026-10-08T20:55:55.765407+00:00,UNO,"ST,897500,RRGR,E,1,3,210",6,1c9f717
2026-10-08T20:40:56.274661+00:00,2026-10-08T20:55:56.266483+00:00,UNO,"ST,898000,RRGR,E,1,3,210",6,1c9f717
2026-10-08T20:40:56.274661+00:00,2026-10-08T20:55:56.399489+00:00,UNO,"ST,898134,RRYR,E,1,3,210",6,1c9f717
2026-10-08T20:40:56.274661+00:00,2026-10-08T20:55:56.766085+00:00,UNO,"ST,898500,RRYR,E,1,3,210",6,1c9f717
2026-10-08T20:40:56.274661+00:00,2026-10-08T20:55:57.266197+00:00,UNO,"ST,899000,RRYR,E,1,3,210",6,1c9f717
2026-10-08T20:40:56.274661+00:00,2026-10-08T20:55:57.765788+00:00,UNO,"ST,899500,RRYR,E,1,3,210",6,1c9f717
2026-10-08T20:40:56.274661+00:00,2026-10-08T20:55:58.266714+00:00,UNO,"ST,900000,RRYR,E,1,3,210",6,1c9f717
2026-10-08T20:40:56.274661+00:00,2026-10-08T20:55:58.400855+00:00,UNO,"ST,900134,RRRR,E,1,3,210",6,1c9f717
2026-10-08T20:40:56.274661+00:00,2026-10-08T20:55:58.766751+00:00,UNO,"ST,900500,RRRR,E,1,3,210",6,1c9f717
2026-10-08T20:40:56.274661+00:00,2026-10-08T20:55:59.266817+00:00,UNO,"ST,901000,RRRR,E,1,3,210",6,1c9f717
2026-10-08T20:40:56.274661+00:00,2026-10-08T20:55:59.400843+00:00,UNO,"ST,901134,GRRR,E,1,3,210",6,1c9f717
2026-10-08T20:40:56.274661+00:00,2026-10-08T20:55:59.767421+00:00,UNO,"ST,901500,GRRR,E,1,3,210",6,1c9f717
2026-10-08T20:40:56.274661+00:00,2026-10-08T20:56:00.267058+00:00,UNO,"ST,902000,GRRR,E,1,3,210",6,1c9f717
2026-10-08T20:40:56.274661+00:00,2026-10-08T20:56:00.766967+00:00,UNO,"ST,902500,GRRR,E,1,3,210",6,1c9f717
2026-10-08T20:40:56.274661+00:00,2026-10-08T20:56:01.267060+00:00,UNO,"ST,903000,GRRR,E,1,3,210",6,1c9f717
2026-10-08T20:40:56.274661+00:00,2026-10-08T20:56:01.767641+00:00,UNO,"ST,903500,GRRR,E,1,3,210",6,1c9f717
2026-10-08T20:40:56.274661+00:00,2026-10-08T20:56:02.267701+00:00,UNO,"ST,904000,GRRR,E,1,3,210",6,1c9f717
2026-10-08T20:40:56.274661+00:00,2026-10-08T20:56:02.767362+00:00,UNO,"ST,904500,GRRR,E,1,3,210",6,1c9f717
2026-10-08T20:40:56.274661+00:00,2026-10-08T20:56:03.268397+00:00,UNO,"ST,905000,GRRR,E,1,3,210",6,1c9f717
2026-10-08T20:40:56.274661+00:00,2026-10-08T20:56:03.768315+00:00,UNO,"ST,905500,GRRR,E,1,3,210",6,1c9f717
2026-10-08T20:40:56.274661+00:00,2026-10-08T20:56:04.268368+00:00,UNO,"ST,906000,GRRR,E,1,3,210",6,1c9f717
2026-10-08T20:40:56.274661+00:00,2026-10-08T20:56:04.767987+00:00,UNO,"ST,906500,GRRR,E,1,3,210",6,1c9f717
2026-10-08T20:40:56.274661+00:00,2026-10-08T20:56:05.269056+00:00,UNO,"ST,907000,GRRR,E,1,3,210",6,1c9f717
2026-10-08T20:40:56.274661+00:00,2026-10-08T20:56:05.768694+00:00,UNO,"ST,907500,GRRR,E,1,3,210",6,1c9f717
2026-10-08T20:40:56.274661+00:00,2026-10-08T20:56:06.268610+00:00,UNO,"ST,908000,GRRR,E,1,3,210",6,1c9f717
2026-10-08T20:40:56.274661+00:00,2026-10-08T20:56:06.769670+00:00,UNO,"ST,908500,GRRR,E,1,3,210",6,1c9f717
2026-10-08T20:40:56.274661+00:00,2026-10-08T20:56:07.269313+00:00,UNO,"ST,909000,GRRR,E,1,3,210",6,1c9f717
2026-10-08T20:40:56.274661+00:00,2026-10-08T20:56:07.403751+00:00,UNO,"EV,909134,PREEMP_FIM,1,BOMBEIRO",6,1c9f717
2026-10-08T20:40:56.274661+00:00,2026-10-08T20:56:07.433929+00:00,UNO,"EV,909134,PREEMP_INI,3,AMBULANCIA",1,1c9f717
2026-10-08T20:40:56.274661+00:00,2026-10-08T20:56:07.470227+00:00,UNO,"ST,909134,YRRR,E,3,0,210",1,1c9f717
2026-10-08T20:40:56.274661+00:00,2026-10-08T20:56:07.769326+00:00,UNO,"ST,909500,YRRR,E,3,0,210",6,1c9f717
2026-10-08T20:40:56.274661+00:00,2026-10-08T20:56:08.269414+00:00,UNO,"ST,910000,YRRR,E,3,0,210",6,1c9f717
2026-10-08T20:40:56.274661+00:00,2026-10-08T20:56:08.769874+00:00,UNO,"ST,910500,YRRR,E,3,0,210",6,1c9f717
2026-10-08T20:40:56.274661+00:00,2026-10-08T20:56:09.269945+00:00,UNO,"ST,911000,YRRR,E,3,0,210",6,1c9f717
2026-10-08T20:40:56.274661+00:00,2026-10-08T20:56:09.404089+00:00,UNO,"ST,911134,RRRR,E,3,0,210",6,1c9f717
2026-10-08T20:40:56.274661+00:00,2026-10-08T20:56:09.769550+00:00,UNO,"ST,911500,RRRR,E,3,0,210",6,1c9f717
2026-10-08T20:40:56.274661+00:00,2026-10-08T20:56:10.269599+00:00,UNO,"ST,912000,RRRR,E,3,0,210",6,1c9f717
2026-10-08T20:40:56.274661+00:00,2026-10-08T20:56:10.404074+00:00,UNO,"ST,912134,RRGR,E,3,0,210",6,1c9f717
2026-10-08T20:40:56.274661+00:00,2026-10-08T20:56:10.770662+00:00,UNO,"ST,912500,RRGR,E,3,0,210",6,1c9f717
2026-10-08T20:40:56.274661+00:00,2026-10-08T20:56:11.270310+00:00,UNO,"ST,913000,RRGR,E,3,0,210",6,1c9f717
2026-10-08T20:40:56.274661+00:00,2026-10-08T20:56:11.770235+00:00,UNO,"ST,913500,RRGR,E,3,0,210",6,1c9f717
2026-10-08T20:40:56.274661+00:00,2026-10-08T20:56:12.271277+00:00,UNO,"ST,914000,RRGR,E,3,0,210",6,1c9f717
2026-10-08T20:40:56.274661+00:00,2026-10-08T20:56:12.770894+00:00,UNO,"ST,914500,RRGR,E,3,0,210",6,1c9f717
2026-10-08T20:40:56.274661+00:00,2026-10-08T20:56:13.270978+00:00,UNO,"ST,915000,RRGR,E,3,0,210",6,1c9f717
2026-10-08T20:40:56.274661+00:00,2026-10-08T20:56:13.771006+00:00,UNO,"ST,915500,RRGR,E,3,0,210",6,1c9f717
2026-10-08T20:40:56.274661+00:00,2026-10-08T20:56:14.271531+00:00,UNO,"ST,916000,RRGR,E,3,0,210",6,1c9f717
2026-10-08T20:40:56.274661+00:00,2026-10-08T20:56:14.771826+00:00,UNO,"ST,916500,RRGR,E,3,0,210",6,1c9f717
2026-10-08T20:40:56.274661+00:00,2026-10-08T20:56:15.271640+00:00,UNO,"ST,917000,RRGR,E,3,0,210",6,1c9f717
2026-10-08T20:40:56.274661+00:00,2026-10-08T20:56:15.772246+00:00,UNO,"ST,917500,RRGR,E,3,0,210",6,1c9f717
2026-10-08T20:40:56.274661+00:00,2026-10-08T20:56:16.271878+00:00,UNO,"ST,918000,RRGR,E,3,0,210",6,1c9f717
2026-10-08T20:40:56.274661+00:00,2026-10-08T20:56:16.771925+00:00,UNO,"ST,918500,RRGR,E,3,0,210",6,1c9f717
2026-10-08T20:40:56.274661+00:00,2026-10-08T20:56:17.271875+00:00,UNO,"ST,919000,RRGR,E,3,0,210",6,1c9f717
2026-10-08T20:40:56.274661+00:00,2026-10-08T20:56:17.772458+00:00,UNO,"ST,919500,RRGR,E,3,0,210",6,1c9f717
2026-10-08T20:40:56.274661+00:00,2026-10-08T20:56:18.272536+00:00,UNO,"ST,920000,RRGR,E,3,0,210",6,1c9f717
2026-10-08T20:40:56.274661+00:00,2026-10-08T20:56:18.421980+00:00,UNO,"EV,920150,TIMEOUT",6,1c9f717
2026-10-08T20:40:56.274661+00:00,2026-10-08T20:56:18.437594+00:00,UNO,"EV,920150,PREEMP_FIM,3,AMBULANCIA",1,1c9f717
2026-10-08T20:40:56.274661+00:00,2026-10-08T20:56:18.473973+00:00,UNO,"ST,920150,RRYR,C,0,0,210",1,1c9f717
2026-10-08T20:40:56.274661+00:00,2026-10-08T20:56:18.772575+00:00,UNO,"ST,920500,RRYR,C,0,0,210",6,1c9f717
2026-10-08T20:40:56.274661+00:00,2026-10-08T20:56:19.273220+00:00,UNO,"ST,921000,RRYR,C,0,0,210",6,1c9f717
2026-10-08T20:40:56.274661+00:00,2026-10-08T20:56:19.773127+00:00,UNO,"ST,921500,RRYR,C,0,0,210",6,1c9f717
2026-10-08T20:40:56.274661+00:00,2026-10-08T20:56:20.273188+00:00,UNO,"ST,922000,RRYR,C,0,0,210",6,1c9f717
2026-10-08T20:40:56.274661+00:00,2026-10-08T20:56:20.423769+00:00,UNO,"ST,922150,RRRR,C,0,0,210",6,1c9f717
2026-10-08T20:40:56.274661+00:00,2026-10-08T20:56:20.772802+00:00,UNO,"ST,922500,RRRR,C,0,0,210",6,1c9f717
2026-10-08T20:40:56.274661+00:00,2026-10-08T20:56:21.273867+00:00,UNO,"ST,923000,RRRR,C,0,0,210",6,1c9f717
2026-10-08T20:40:56.274661+00:00,2026-10-08T20:56:21.423316+00:00,UNO,"ST,923150,GGRR,C,0,0,210",6,1c9f717
2026-10-08T20:40:56.274661+00:00,2026-10-08T20:56:21.676409+00:00,PONTE,"AUT,AMBULANCIA,1",0,1c9f717
2026-10-08T20:40:56.274661+00:00,2026-10-08T20:56:21.677356+00:00,PONTE,"AUT,BOMBEIRO,0",0,1c9f717
2026-10-08T20:40:56.274661+00:00,2026-10-08T20:56:21.677972+00:00,PONTE,"AUT,POLICIA,0",0,1c9f717
2026-10-08T20:40:56.274661+00:00,2026-10-08T20:56:21.715494+00:00,UNO,"ST,923428,GGRR,C,0,0,110",13,1c9f717
2026-10-08T20:40:56.274661+00:00,2026-10-08T20:56:21.725230+00:00,UNO,"ST,923444,GGRR,C,0,0,100",1,1c9f717
2026-10-08T20:40:56.274661+00:00,2026-10-08T20:56:21.773883+00:00,UNO,"ST,923500,GGRR,C,0,0,100",6,1c9f717
2026-10-08T20:40:56.274661+00:00,2026-10-08T20:56:22.273413+00:00,UNO,"ST,924000,GGRR,C,0,0,100",6,1c9f717
2026-10-08T20:40:56.274661+00:00,2026-10-08T20:56:22.729906+00:00,PONTE,"AUT,AMBULANCIA,1",0,1c9f717
2026-10-08T20:40:56.274661+00:00,2026-10-08T20:56:22.730721+00:00,PONTE,"AUT,BOMBEIRO,0",0,1c9f717
2026-10-08T20:40:56.274661+00:00,2026-10-08T20:56:22.731500+00:00,PONTE,"AUT,POLICIA,2",0,1c9f717
2026-10-08T20:40:56.274661+00:00,2026-10-08T20:56:22.774447+00:00,UNO,"ST,924500,GGRR,C,0,0,100",6,1c9f717
2026-10-08T20:40:56.274661+00:00,2026-10-08T20:56:22.796878+00:00,UNO,"ST,924512,GGRR,C,0,0,102",1,1c9f717
2026-10-08T20:40:56.274661+00:00,2026-10-08T20:56:23.274073+00:00,UNO,"ST,925000,GGRR,C,0,0,102",6,1c9f717
2026-10-08T20:40:56.274661+00:00,2026-10-08T20:56:23.774123+00:00,UNO,"ST,925500,GGRR,C,0,0,102",6,1c9f717
2026-10-08T20:40:56.274661+00:00,2026-10-08T20:56:24.274193+00:00,UNO,"ST,926000,GGRR,C,0,0,102",6,1c9f717
2026-10-08T20:40:56.274661+00:00,2026-10-08T20:56:24.424637+00:00,UNO,"ST,926150,YYRR,C,0,0,102",6,1c9f717
2026-10-08T20:40:56.274661+00:00,2026-10-08T20:56:24.774678+00:00,UNO,"ST,926500,YYRR,C,0,0,102",6,1c9f717
2026-10-08T20:40:56.274661+00:00,2026-10-08T20:56:25.274765+00:00,UNO,"ST,927000,YYRR,C,0,0,102",6,1c9f717
2026-10-08T20:40:56.274661+00:00,2026-10-08T20:56:25.774351+00:00,UNO,"ST,927500,YYRR,C,0,0,102",6,1c9f717
2026-10-08T20:40:56.274661+00:00,2026-10-08T20:56:26.274427+00:00,UNO,"ST,928000,YYRR,C,0,0,102",6,1c9f717
2026-10-08T20:40:56.274661+00:00,2026-10-08T20:56:26.424858+00:00,UNO,"ST,928150,RRRR,C,0,0,102",6,1c9f717
2026-10-08T20:40:56.274661+00:00,2026-10-08T20:56:26.584476+00:00,UNO,"EV,928309,PREEMP_INI,3,AMBULANCIA",6,1c9f717
2026-10-08T20:40:56.274661+00:00,2026-10-08T20:56:26.620876+00:00,UNO,"ST,928309,RRRR,E,3,0,102",6,1c9f717
2026-10-08T20:40:56.274661+00:00,2026-10-08T20:56:26.775032+00:00,UNO,"ST,928500,RRRR,E,3,0,102",6,1c9f717
2026-10-08T20:40:56.274661+00:00,2026-10-08T20:56:27.275462+00:00,UNO,"ST,929000,RRRR,E,3,0,102",6,1c9f717
2026-10-08T20:40:56.274661+00:00,2026-10-08T20:56:27.425988+00:00,UNO,"ST,929150,RRGR,E,3,0,102",6,1c9f717
2026-10-08T20:40:56.274661+00:00,2026-10-08T20:56:27.775025+00:00,UNO,"ST,929500,RRGR,E,3,0,102",6,1c9f717
2026-10-08T20:40:56.274661+00:00,2026-10-08T20:56:28.275662+00:00,UNO,"ST,930000,RRGR,E,3,0,102",6,1c9f717
2026-10-08T20:40:56.274661+00:00,2026-10-08T20:56:28.775719+00:00,UNO,"ST,930500,RRGR,E,3,0,102",6,1c9f717
2026-10-08T20:40:56.274661+00:00,2026-10-08T20:56:29.275347+00:00,UNO,"ST,931000,RRGR,E,3,0,102",6,1c9f717
2026-10-08T20:40:56.274661+00:00,2026-10-08T20:56:29.775403+00:00,UNO,"ST,931500,RRGR,E,3,0,102",6,1c9f717
2026-10-08T20:40:56.274661+00:00,2026-10-08T20:56:30.276325+00:00,UNO,"ST,932000,RRGR,E,3,0,102",6,1c9f717
2026-10-08T20:40:56.274661+00:00,2026-10-08T20:56:30.775946+00:00,UNO,"ST,932500,RRGR,E,3,0,102",6,1c9f717
2026-10-08T20:40:56.274661+00:00,2026-10-08T20:56:31.276187+00:00,UNO,"ST,933000,RRGR,E,3,0,102",6,1c9f717
2026-10-08T20:40:56.274661+00:00,2026-10-08T20:56:31.777044+00:00,UNO,"ST,933500,RRGR,E,3,0,102",6,1c9f717
2026-10-08T20:40:56.274661+00:00,2026-10-08T20:56:32.276538+00:00,UNO,"ST,934000,RRGR,E,3,0,102",6,1c9f717
2026-10-08T20:40:56.274661+00:00,2026-10-08T20:56:32.776607+00:00,UNO,"ST,934500,RRGR,E,3,0,102",6,1c9f717
2026-10-08T20:40:56.274661+00:00,2026-10-08T20:56:33.276661+00:00,UNO,"ST,935000,RRGR,E,3,0,102",6,1c9f717
2026-10-08T20:40:56.274661+00:00,2026-10-08T20:56:33.777282+00:00,UNO,"ST,935500,RRGR,E,3,0,102",6,1c9f717
2026-10-08T20:40:56.274661+00:00,2026-10-08T20:56:33.920278+00:00,UNO,"EV,935641,FILA,1,POLICIA",6,1c9f717
2026-10-08T20:40:56.274661+00:00,2026-10-08T20:56:33.943266+00:00,UNO,"ST,935641,RRGR,E,3,1,102",1,1c9f717
2026-10-08T20:40:56.274661+00:00,2026-10-08T20:56:34.277341+00:00,UNO,"ST,936000,RRGR,E,3,1,102",6,1c9f717
2026-10-08T20:40:56.274661+00:00,2026-10-08T20:56:34.776817+00:00,UNO,"ST,936500,RRGR,E,3,1,102",6,1c9f717
2026-10-08T20:40:56.274661+00:00,2026-10-08T20:56:35.278022+00:00,UNO,"ST,937000,RRGR,E,3,1,102",6,1c9f717
2026-10-08T20:40:56.274661+00:00,2026-10-08T20:56:35.777933+00:00,UNO,"ST,937500,RRGR,E,3,1,102",6,1c9f717
2026-10-08T20:40:56.274661+00:00,2026-10-08T20:56:36.277989+00:00,UNO,"ST,938000,RRGR,E,3,1,102",6,1c9f717
2026-10-08T20:40:56.274661+00:00,2026-10-08T20:56:36.428123+00:00,UNO,"EV,938150,PREEMP_FIM,3,AMBULANCIA",6,1c9f717
2026-10-08T20:40:56.274661+00:00,2026-10-08T20:56:36.464532+00:00,UNO,"EV,938150,PREEMP_INI,1,POLICIA",6,1c9f717
2026-10-08T20:40:56.274661+00:00,2026-10-08T20:56:36.494771+00:00,UNO,"ST,938150,RRYR,E,1,0,102",2,1c9f717
2026-10-08T20:40:56.274661+00:00,2026-10-08T20:56:36.777597+00:00,UNO,"ST,938500,RRYR,E,1,0,102",6,1c9f717
2026-10-08T20:40:56.274661+00:00,2026-10-08T20:56:37.278292+00:00,UNO,"ST,939000,RRYR,E,1,0,102",6,1c9f717
2026-10-08T20:40:56.274661+00:00,2026-10-08T20:56:37.778148+00:00,UNO,"ST,939500,RRYR,E,1,0,102",6,1c9f717
2026-10-08T20:40:56.274661+00:00,2026-10-08T20:56:38.278227+00:00,UNO,"ST,940000,RRYR,E,1,0,102",6,1c9f717
2026-10-08T20:40:56.274661+00:00,2026-10-08T20:56:38.428888+00:00,UNO,"ST,940150,RRRR,E,1,0,102",6,1c9f717
2026-10-08T20:40:56.274661+00:00,2026-10-08T20:56:38.778925+00:00,UNO,"ST,940500,RRRR,E,1,0,102",6,1c9f717
2026-10-08T20:40:56.274661+00:00,2026-10-08T20:56:39.279075+00:00,UNO,"ST,941000,RRRR,E,1,0,102",6,1c9f717
2026-10-08T20:40:56.274661+00:00,2026-10-08T20:56:39.428504+00:00,UNO,"ST,941150,GRRR,E,1,0,102",6,1c9f717
2026-10-08T20:40:56.274661+00:00,2026-10-08T20:56:39.779073+00:00,UNO,"ST,941500,GRRR,E,1,0,102",6,1c9f717
2026-10-08T20:40:56.274661+00:00,2026-10-08T20:56:40.278575+00:00,UNO,"ST,942000,GRRR,E,1,0,102",6,1c9f717
2026-10-08T20:40:56.274661+00:00,2026-10-08T20:56:40.779502+00:00,UNO,"ST,942500,GRRR,E,1,0,102",6,1c9f717
2026-10-08T20:40:56.274661+00:00,2026-10-08T20:56:41.279573+00:00,UNO,"ST,943000,GRRR,E,1,0,102",6,1c9f717
2026-10-08T20:40:56.274661+00:00,2026-10-08T20:56:41.779261+00:00,UNO,"ST,943500,GRRR,E,1,0,102",6,1c9f717
2026-10-08T20:40:56.274661+00:00,2026-10-08T20:56:42.279230+00:00,UNO,"ST,944000,GRRR,E,1,0,102",6,1c9f717
2026-10-08T20:40:56.274661+00:00,2026-10-08T20:56:42.780302+00:00,UNO,"ST,944500,GRRR,E,1,0,102",6,1c9f717
2026-10-08T20:40:56.274661+00:00,2026-10-08T20:56:43.279913+00:00,UNO,"ST,945000,GRRR,E,1,0,102",6,1c9f717
2026-10-08T20:40:56.274661+00:00,2026-10-08T20:56:43.779833+00:00,UNO,"ST,945500,GRRR,E,1,0,102",6,1c9f717
2026-10-08T20:40:56.274661+00:00,2026-10-08T20:56:44.280891+00:00,UNO,"ST,946000,GRRR,E,1,0,102",6,1c9f717
2026-10-08T20:40:56.274661+00:00,2026-10-08T20:56:44.780501+00:00,UNO,"ST,946500,GRRR,E,1,0,102",6,1c9f717
2026-10-08T20:40:56.274661+00:00,2026-10-08T20:56:45.280579+00:00,UNO,"ST,947000,GRRR,E,1,0,102",6,1c9f717
2026-10-08T20:40:56.274661+00:00,2026-10-08T20:56:45.780053+00:00,UNO,"ST,947500,GRRR,E,1,0,102",6,1c9f717
2026-10-08T20:40:56.274661+00:00,2026-10-08T20:56:46.281122+00:00,UNO,"ST,948000,GRRR,E,1,0,102",6,1c9f717
2026-10-08T20:40:56.274661+00:00,2026-10-08T20:56:46.430676+00:00,UNO,"EV,948150,PREEMP_FIM,1,POLICIA",6,1c9f717
2026-10-08T20:40:56.274661+00:00,2026-10-08T20:56:46.460768+00:00,UNO,"ST,948150,YRRR,C,0,0,102",2,1c9f717
2026-10-08T20:40:56.274661+00:00,2026-10-08T20:56:46.780752+00:00,UNO,"ST,948500,YRRR,C,0,0,102",6,1c9f717
2026-10-08T20:40:56.274661+00:00,2026-10-08T20:56:47.280816+00:00,UNO,"ST,949000,YRRR,C,0,0,102",6,1c9f717
2026-10-08T20:40:56.274661+00:00,2026-10-08T20:56:47.781855+00:00,UNO,"ST,949500,YRRR,C,0,0,102",6,1c9f717
2026-10-08T20:40:56.274661+00:00,2026-10-08T20:56:48.281504+00:00,UNO,"ST,950000,YRRR,C,0,0,102",6,1c9f717
2026-10-08T20:40:56.274661+00:00,2026-10-08T20:56:48.431354+00:00,UNO,"ST,950150,RRRR,C,0,0,102",6,1c9f717
2026-10-08T20:40:56.274661+00:00,2026-10-08T20:56:48.781397+00:00,UNO,"ST,950500,RRRR,C,0,0,102",6,1c9f717
2026-10-08T20:40:56.274661+00:00,2026-10-08T20:56:49.281451+00:00,UNO,"ST,951000,RRRR,C,0,0,102",6,1c9f717
2026-10-08T20:40:56.274661+00:00,2026-10-08T20:56:49.432039+00:00,UNO,"ST,951150,RRGG,C,0,0,102",6,1c9f717
2026-10-08T20:40:56.274661+00:00,2026-10-08T20:56:49.782056+00:00,UNO,"ST,951500,RRGG,C,0,0,102",6,1c9f717
2026-10-08T20:40:56.274661+00:00,2026-10-08T20:56:49.846145+00:00,PONTE,"AUT,AMBULANCIA,0",0,1c9f717
2026-10-08T20:40:56.274661+00:00,2026-10-08T20:56:49.846916+00:00,PONTE,"AUT,BOMBEIRO,0",0,1c9f717
2026-10-08T20:40:56.274661+00:00,2026-10-08T20:56:49.847637+00:00,PONTE,"AUT,POLICIA,0",0,1c9f717
2026-10-08T20:40:56.274661+00:00,2026-10-08T20:56:49.885522+00:00,UNO,"ST,951589,RRGG,C,0,0,002",13,1c9f717
2026-10-08T20:40:56.274661+00:00,2026-10-08T20:56:49.902490+00:00,UNO,"ST,951620,RRGG,C,0,0,000",6,1c9f717
2026-10-08T20:40:56.274661+00:00,2026-10-08T20:56:50.282149+00:00,UNO,"ST,952000,RRGG,C,0,0,000",6,1c9f717
2026-10-08T20:40:56.274661+00:00,2026-10-08T20:56:50.781748+00:00,UNO,"ST,952500,RRGG,C,0,0,000",6,1c9f717
2026-10-08T20:40:56.274661+00:00,2026-10-08T20:56:51.282695+00:00,UNO,"ST,953000,RRGG,C,0,0,000",6,1c9f717
2026-10-08T20:40:56.274661+00:00,2026-10-08T20:56:51.782743+00:00,UNO,"ST,953500,RRGG,C,0,0,000",6,1c9f717
2026-10-08T20:40:56.274661+00:00,2026-10-08T20:56:52.282787+00:00,UNO,"ST,954000,RRGG,C,0,0,000",6,1c9f717
2026-10-08T20:40:56.274661+00:00,2026-10-08T20:56:52.432952+00:00,UNO,"ST,954150,RRYY,C,0,0,000",6,1c9f717
2026-10-08T20:40:56.274661+00:00,2026-10-08T20:56:52.782419+00:00,UNO,"ST,954500,RRYY,C,0,0,000",6,1c9f717
2026-10-08T20:40:56.274661+00:00,2026-10-08T20:56:53.283458+00:00,UNO,"ST,955000,RRYY,C,0,0,000",6,1c9f717
2026-10-08T20:40:56.274661+00:00,2026-10-08T20:56:53.783101+00:00,UNO,"ST,955500,RRYY,C,0,0,000",6,1c9f717
2026-10-08T20:40:56.274661+00:00,2026-10-08T20:56:54.283019+00:00,UNO,"ST,956000,RRYY,C,0,0,000",6,1c9f717
2026-10-08T20:40:56.274661+00:00,2026-10-08T20:56:54.433597+00:00,UNO,"ST,956150,RRRR,C,0,0,000",6,1c9f717
2026-10-08T20:40:56.274661+00:00,2026-10-08T20:56:54.784067+00:00,UNO,"ST,956500,RRRR,C,0,0,000",6,1c9f717
2026-10-08T20:40:56.274661+00:00,2026-10-08T20:56:55.283705+00:00,UNO,"ST,957000,RRRR,C,0,0,000",6,1c9f717
2026-10-08T20:40:56.274661+00:00,2026-10-08T20:56:55.433291+00:00,UNO,"ST,957150,GGRR,C,0,0,000",6,1c9f717
2026-10-08T20:40:56.274661+00:00,2026-10-08T20:56:55.783745+00:00,UNO,"ST,957500,GGRR,C,0,0,000",6,1c9f717
2026-10-08T20:40:56.274661+00:00,2026-10-08T20:56:56.283384+00:00,UNO,"ST,958000,GGRR,C,0,0,000",6,1c9f717
2026-10-08T20:40:56.274661+00:00,2026-10-08T20:56:56.784293+00:00,UNO,"ST,958500,GGRR,C,0,0,000",6,1c9f717
2026-10-08T20:40:56.274661+00:00,2026-10-08T20:56:57.284400+00:00,UNO,"ST,959000,GGRR,C,0,0,000",6,1c9f717
2026-10-08T20:40:56.274661+00:00,2026-10-08T20:56:57.783971+00:00,UNO,"ST,959500,GGRR,C,0,0,000",6,1c9f717
2026-10-08T20:40:56.274661+00:00,2026-10-08T20:56:58.284050+00:00,UNO,"ST,960000,GGRR,C,0,0,000",6,1c9f717
2026-10-08T20:40:56.274661+00:00,2026-10-08T20:56:58.434491+00:00,UNO,"ST,960150,YYRR,C,0,0,000",6,1c9f717
2026-10-08T20:40:56.274661+00:00,2026-10-08T20:56:58.784657+00:00,UNO,"ST,960500,YYRR,C,0,0,000",6,1c9f717
2026-10-08T20:40:56.274661+00:00,2026-10-08T20:56:59.284580+00:00,UNO,"ST,961000,YYRR,C,0,0,000",6,1c9f717
2026-10-08T20:40:56.274661+00:00,2026-10-08T20:56:59.784646+00:00,UNO,"ST,961500,YYRR,C,0,0,000",6,1c9f717
2026-10-08T20:40:56.274661+00:00,2026-10-08T20:57:00.285267+00:00,UNO,"ST,962000,YYRR,C,0,0,000",6,1c9f717
2026-10-08T20:40:56.274661+00:00,2026-10-08T20:57:00.434723+00:00,UNO,"ST,962150,RRRR,C,0,0,000",6,1c9f717
2026-10-08T20:40:56.274661+00:00,2026-10-08T20:57:00.785327+00:00,UNO,"ST,962500,RRRR,C,0,0,000",6,1c9f717
2026-10-08T20:40:56.274661+00:00,2026-10-08T20:57:01.284956+00:00,UNO,"ST,963000,RRRR,C,0,0,000",6,1c9f717
2026-10-08T20:40:56.274661+00:00,2026-10-08T20:57:01.435821+00:00,UNO,"ST,963150,RRGG,C,0,0,000",6,1c9f717
2026-10-08T20:40:56.274661+00:00,2026-10-08T20:57:01.784869+00:00,UNO,"ST,963500,RRGG,C,0,0,000",6,1c9f717
2026-10-08T20:40:56.274661+00:00,2026-10-08T20:57:02.285930+00:00,UNO,"ST,964000,RRGG,C,0,0,000",6,1c9f717
2026-10-08T20:40:56.274661+00:00,2026-10-08T20:57:02.785528+00:00,UNO,"ST,964500,RRGG,C,0,0,000",6,1c9f717
2026-10-08T20:40:56.274661+00:00,2026-10-08T20:57:03.285592+00:00,UNO,"ST,965000,RRGG,C,0,0,000",6,1c9f717
2026-10-08T20:40:56.274661+00:00,2026-10-08T20:57:03.786635+00:00,UNO,"ST,965500,RRGG,C,0,0,000",6,1c9f717
2026-10-08T20:40:56.274661+00:00,2026-10-08T20:57:04.286142+00:00,UNO,"ST,966000,RRGG,C,0,0,000",6,1c9f717
2026-10-08T20:40:56.274661+00:00,2026-10-08T20:57:04.435708+00:00,UNO,"ST,966150,RRYY,C,0,0,000",6,1c9f717
2026-10-08T20:40:56.274661+00:00,2026-10-08T20:57:04.786197+00:00,UNO,"ST,966500,RRYY,C,0,0,000",6,1c9f717
2026-10-08T20:40:56.274661+00:00,2026-10-08T20:57:05.285827+00:00,UNO,"ST,967000,RRYY,C,0,0,000",6,1c9f717
2026-10-08T20:40:56.274661+00:00,2026-10-08T20:57:05.786890+00:00,UNO,"ST,967500,RRYY,C,0,0,000",6,1c9f717
2026-10-08T20:40:56.274661+00:00,2026-10-08T20:57:06.286954+00:00,UNO,"ST,968000,RRYY,C,0,0,000",6,1c9f717
2026-10-08T20:40:56.274661+00:00,2026-10-08T20:57:06.436415+00:00,UNO,"ST,968150,RRRR,C,0,0,000",6,1c9f717
2026-10-08T20:40:56.274661+00:00,2026-10-08T20:57:06.786569+00:00,UNO,"ST,968500,RRRR,C,0,0,000",6,1c9f717
2026-10-08T20:40:56.274661+00:00,2026-10-08T20:57:07.287506+00:00,UNO,"ST,969000,RRRR,C,0,0,000",6,1c9f717
2026-10-08T20:40:56.274661+00:00,2026-10-08T20:57:07.437094+00:00,UNO,"ST,969150,GGRR,C,0,0,000",6,1c9f717
2026-10-08T20:40:56.274661+00:00,2026-10-08T20:57:07.787536+00:00,UNO,"ST,969500,GGRR,C,0,0,000",6,1c9f717
2026-10-08T20:40:56.274661+00:00,2026-10-08T20:57:08.287235+00:00,UNO,"ST,970000,GGRR,C,0,0,000",6,1c9f717
2026-10-08T20:40:56.274661+00:00,2026-10-08T20:57:08.786796+00:00,UNO,"ST,970500,GGRR,C,0,0,000",6,1c9f717
2026-10-08T20:40:56.274661+00:00,2026-10-08T20:57:09.287731+00:00,UNO,"ST,971000,GGRR,C,0,0,000",6,1c9f717
2026-10-08T20:40:56.274661+00:00,2026-10-08T20:57:09.787783+00:00,UNO,"ST,971500,GGRR,C,0,0,000",6,1c9f717
2026-10-08T20:40:56.274661+00:00,2026-10-08T20:57:10.287907+00:00,UNO,"ST,972000,GGRR,C,0,0,000",6,1c9f717
2026-10-08T20:40:56.274661+00:00,2026-10-08T20:57:10.438397+00:00,UNO,"ST,972150,YYRR,C,0,0,000",6,1c9f717
2026-10-08T20:40:56.274661+00:00,2026-10-08T20:57:10.788487+00:00,UNO,"ST,972500,YYRR,C,0,0,000",6,1c9f717
2026-10-08T20:40:56.274661+00:00,2026-10-08T20:57:11.288126+00:00,UNO,"ST,973000,YYRR,C,0,0,000",6,1c9f717
2026-10-08T20:40:56.274661+00:00,2026-10-08T20:57:11.788001+00:00,UNO,"ST,973500,YYRR,C,0,0,000",6,1c9f717
2026-10-08T20:40:56.274661+00:00,2026-10-08T20:57:12.288044+00:00,UNO,"ST,974000,YYRR,C,0,0,000",6,1c9f717
2026-10-08T20:40:56.274661+00:00,2026-10-08T20:57:12.438613+00:00,UNO,"ST,974150,RRRR,C,0,0,000",6,1c9f717
2026-10-08T20:40:56.274661+00:00,2026-10-08T20:57:12.789109+00:00,UNO,"ST,974500,RRRR,C,0,0,000",6,1c9f717
2026-10-08T20:40:56.274661+00:00,2026-10-08T20:57:13.288774+00:00,UNO,"ST,975000,RRRR,C,0,0,000",6,1c9f717
2026-10-08T20:40:56.274661+00:00,2026-10-08T20:57:13.438306+00:00,UNO,"ST,975150,RRGG,C,0,0,000",6,1c9f717
2026-10-08T20:40:56.274661+00:00,2026-10-08T20:57:13.788773+00:00,UNO,"ST,975500,RRGG,C,0,0,000",6,1c9f717
2026-10-08T20:40:56.274661+00:00,2026-10-08T20:57:14.288417+00:00,UNO,"ST,976000,RRGG,C,0,0,000",6,1c9f717
2026-10-08T20:40:56.274661+00:00,2026-10-08T20:57:14.789338+00:00,UNO,"ST,976500,RRGG,C,0,0,000",6,1c9f717
2026-10-08T20:40:56.274661+00:00,2026-10-08T20:57:15.289408+00:00,UNO,"ST,977000,RRGG,C,0,0,000",6,1c9f717
2026-10-08T20:40:56.274661+00:00,2026-10-08T20:57:15.789039+00:00,UNO,"ST,977500,RRGG,C,0,0,000",6,1c9f717
2026-10-08T20:40:56.274661+00:00,2026-10-08T20:57:16.290063+00:00,UNO,"ST,978000,RRGG,C,0,0,000",6,1c9f717
2026-10-08T20:40:56.274661+00:00,2026-10-08T20:57:16.439507+00:00,UNO,"ST,978150,RRYY,C,0,0,000",6,1c9f717
2026-10-08T20:40:56.274661+00:00,2026-10-08T20:57:16.789708+00:00,UNO,"ST,978500,RRYY,C,0,0,000",6,1c9f717
2026-10-08T20:40:56.274661+00:00,2026-10-08T20:57:17.289682+00:00,UNO,"ST,979000,RRYY,C,0,0,000",6,1c9f717
2026-10-08T20:40:56.274661+00:00,2026-10-08T20:57:17.789655+00:00,UNO,"ST,979500,RRYY,C,0,0,000",6,1c9f717
2026-10-08T20:40:56.274661+00:00,2026-10-08T20:57:18.290956+00:00,UNO,"ST,980000,RRYY,C,0,0,000",6,1c9f717
2026-10-08T20:40:56.274661+00:00,2026-10-08T20:57:18.440303+00:00,UNO,"ST,980150,RRRR,C,0,0,000",6,1c9f717
2026-10-08T20:40:56.274661+00:00,2026-10-08T20:57:18.790353+00:00,UNO,"ST,980500,RRRR,C,0,0,000",6,1c9f717
2026-10-08T20:40:56.274661+00:00,2026-10-08T20:57:19.289980+00:00,UNO,"ST,981000,RRRR,C,0,0,000",6,1c9f717
2026-10-08T20:40:56.274661+00:00,2026-10-08T20:57:19.440862+00:00,UNO,"ST,981150,GGRR,C,0,0,000",6,1c9f717
2026-10-08T20:40:56.274661+00:00,2026-10-08T20:57:19.790890+00:00,UNO,"ST,981500,GGRR,C,0,0,000",6,1c9f717
2026-10-08T20:40:56.274661+00:00,2026-10-08T20:57:20.290948+00:00,UNO,"ST,982000,GGRR,C,0,0,000",6,1c9f717
2026-10-08T20:40:56.274661+00:00,2026-10-08T20:57:20.791012+00:00,UNO,"ST,982500,GGRR,C,0,0,000",6,1c9f717
