id_execucao,cenario,modo,seed,t_inicio_s,t_fim_s,duracao_s,passos,id_semaforo,n_ves,ids_veiculos,tipos,criticidades,etas_s,fases_desejadas,mesmo_nivel,decidivel,decidivel_em_algum_passo,preempcao_em_curso,decidida_pelo_modelo,modelo_divergiu_do_e8
117,multiplas_emergencias,PREEMPCAO,1,329.5,348.9,19.4,195,CRUZ_02,2,VE_ROTA_VE_CORREDOR_00|VE_ROTA_VE_TRANSVERSAL_00,AMBULANCIA|AMBULANCIA,1|1,124.9|16.2,1|2,1,1,1,,0,0
117,multiplas_emergencias,PREEMPCAO,1,924.0,953.0,29.0,291,CRUZ_02,2,VE_ROTA_VE_CORREDOR_01|VE_ROTA_VE_TRANSVERSAL_01,BOMBEIRO|BOMBEIRO,2|2,29.6|25.1,1|2,1,1,1,,0,0
117,multiplas_emergencias,PREEMPCAO,1,1523.1,1572.2,49.1,492,CRUZ_02,2,VE_ROTA_VE_CORREDOR_02|VE_ROTA_VE_TRANSVERSAL_02,POLICIA|POLICIA,3|3,35.2|38.3,1|2,1,1,1,,0,0
117,multiplas_emergencias,PREEMPCAO,1,1657.5,1686.8,29.3,294,CRUZ_08,2,VE_ROTA_VE_CORREDOR_02|VE_ROTA_VE_TRANSVERSAL_02,POLICIA|POLICIA,3|3,22.5|23.0,2|1,1,1,1,,0,0
117,multiplas_emergencias,PREEMPCAO,1,2131.7,2166.4,34.7,348,CRUZ_02,2,VE_ROTA_VE_CORREDOR_03|VE_ROTA_VE_TRANSVERSAL_03,AMBULANCIA|AMBULANCIA,1|1,40.2|23.0,1|2,1,1,1,,0,0
117,multiplas_emergencias,PREEMPCAO,1,2287.5,2296.4,8.9,90,CRUZ_08,2,VE_ROTA_VE_CORREDOR_03|VE_ROTA_VE_TRANSVERSAL_03,AMBULANCIA|AMBULANCIA,1|1,43.7|6.2,2|1,1,0,0,VE_ROTA_VE_TRANSVERSAL_03,0,0
117,multiplas_emergencias,PREEMPCAO,1,2729.3,2759.2,29.9,300,CRUZ_02,2,VE_ROTA_VE_CORREDOR_04|VE_ROTA_VE_TRANSVERSAL_04,BOMBEIRO|BOMBEIRO,2|2,108.2|25.0,1|2,1,1,1,,0,0
117,multiplas_emergencias,PREEMPCAO,1,2851.5,2880.5,29.0,291,CRUZ_08,2,VE_ROTA_VE_CORREDOR_04|VE_ROTA_VE_TRANSVERSAL_04,BOMBEIRO|BOMBEIRO,2|2,26.0|23.0,2|1,1,1,1,,0,0
117,multiplas_emergencias,PREEMPCAO,1,3322.0,3357.4,35.4,355,CRUZ_02,2,VE_ROTA_VE_CORREDOR_05|VE_ROTA_VE_TRANSVERSAL_05,POLICIA|POLICIA,3|3,23.0|21.7,1|2,1,1,1,,0,0
117,multiplas_emergencias,PREEMPCAO,1,3444.6,3479.4,34.8,349,CRUZ_08,2,VE_ROTA_VE_CORREDOR_05|VE_ROTA_VE_TRANSVERSAL_05,POLICIA|POLICIA,3|3,28.0|33.6,2|1,1,1,1,,0,0
118,multiplas_emergencias,PREEMPCAO_COMPENSADA,1,329.5,348.9,19.4,195,CRUZ_02,2,VE_ROTA_VE_CORREDOR_00|VE_ROTA_VE_TRANSVERSAL_00,AMBULANCIA|AMBULANCIA,1|1,124.9|16.2,1|2,1,1,1,,0,0
118,multiplas_emergencias,PREEMPCAO_COMPENSADA,1,924.1,950.7,26.6,267,CRUZ_02,2,VE_ROTA_VE_CORREDOR_01|VE_ROTA_VE_TRANSVERSAL_01,BOMBEIRO|BOMBEIRO,2|2,30.6|25.0,1|2,1,1,1,,0,0
118,multiplas_emergencias,PREEMPCAO_COMPENSADA,1,1040.0,1048.1,8.1,82,CRUZ_08,2,VE_ROTA_VE_CORREDOR_01|VE_ROTA_VE_TRANSVERSAL_01,BOMBEIRO|BOMBEIRO,2|2,125.0|6.7,2|1,1,0,0,VE_ROTA_VE_TRANSVERSAL_01,0,0
118,multiplas_emergencias,PREEMPCAO_COMPENSADA,1,1522.0,1551.3,29.3,294,CRUZ_02,2,VE_ROTA_VE_CORREDOR_02|VE_ROTA_VE_TRANSVERSAL_02,POLICIA|POLICIA,3|3,23.0|39.3,1|2,1,1,1,,0,0
118,multiplas_emergencias,PREEMPCAO_COMPENSADA,1,1657.5,1678.3,20.8,209,CRUZ_08,2,VE_ROTA_VE_CORREDOR_02|VE_ROTA_VE_TRANSVERSAL_02,POLICIA|POLICIA,3|3,7.4|23.0,2|1,1,0,0,VE_ROTA_VE_CORREDOR_02,0,0
118,multiplas_emergencias,PREEMPCAO_COMPENSADA,1,2132.0,2166.3,34.3,344,CRUZ_02,2,VE_ROTA_VE_CORREDOR_03|VE_ROTA_VE_TRANSVERSAL_03,AMBULANCIA|AMBULANCIA,1|1,41.6|22.7,1|2,1,1,1,,0,0
118,multiplas_emergencias,PREEMPCAO_COMPENSADA,1,2272.6,2284.7,12.1,122,CRUZ_08,2,VE_ROTA_VE_CORREDOR_03|VE_ROTA_VE_TRANSVERSAL_03,AMBULANCIA|AMBULANCIA,1|1,52.6|7.0,2|1,1,0,0,VE_ROTA_VE_TRANSVERSAL_03,0,0
118,multiplas_emergencias,PREEMPCAO_COMPENSADA,1,2729.3,2760.6,31.3,314,CRUZ_02,2,VE_ROTA_VE_CORREDOR_04|VE_ROTA_VE_TRANSVERSAL_04,BOMBEIRO|BOMBEIRO,2|2,108.2|25.0,1|2,1,1,1,,0,0
118,multiplas_emergencias,PREEMPCAO_COMPENSADA,1,2842.0,2866.3,24.3,244,CRUZ_08,2,VE_ROTA_VE_CORREDOR_04|VE_ROTA_VE_TRANSVERSAL_04,BOMBEIRO|BOMBEIRO,2|2,34.2|23.0,2|1,1,1,1,,0,0
118,multiplas_emergencias,PREEMPCAO_COMPENSADA,1,3322.0,3349.8,27.8,279,CRUZ_02,2,VE_ROTA_VE_CORREDOR_05|VE_ROTA_VE_TRANSVERSAL_05,POLICIA|POLICIA,3|3,23.0|21.7,1|2,1,1,1,,0,0
118,multiplas_emergencias,PREEMPCAO_COMPENSADA,1,3430.7,3465.3,34.6,347,CRUZ_08,2,VE_ROTA_VE_CORREDOR_05|VE_ROTA_VE_TRANSVERSAL_05,POLICIA|POLICIA,3|3,40.7|23.3,2|1,1,1,1,,0,0
119,multiplas_emergencias,PREEMPCAO_ML,1,329.5,365.8,36.3,364,CRUZ_02,2,VE_ROTA_VE_CORREDOR_00|VE_ROTA_VE_TRANSVERSAL_00,AMBULANCIA|AMBULANCIA,1|1,124.9|16.2,1|2,1,1,1,,1,1
119,multiplas_emergencias,PREEMPCAO_ML,1,924.0,953.1,29.1,292,CRUZ_02,2,VE_ROTA_VE_CORREDOR_01|VE_ROTA_VE_TRANSVERSAL_01,BOMBEIRO|BOMBEIRO,2|2,29.5|25.1,1|2,1,1,1,,1,1
119,multiplas_emergencias,PREEMPCAO_ML,1,1040.8,1051.0,10.2,103,CRUZ_08,2,VE_ROTA_VE_CORREDOR_01|VE_ROTA_VE_TRANSVERSAL_01,BOMBEIRO|BOMBEIRO,2|2,8.9|23.0,2|1,1,0,0,VE_ROTA_VE_CORREDOR_01,0,0
119,multiplas_emergencias,PREEMPCAO_ML,1,1523.2,1563.0,39.8,399,CRUZ_02,2,VE_ROTA_VE_CORREDOR_02|VE_ROTA_VE_TRANSVERSAL_02,POLICIA|POLICIA,3|3,35.2|38.3,1|2,1,1,1,,1,0
119,multiplas_emergencias,PREEMPCAO_ML,1,1657.4,1679.7,22.3,224,CRUZ_08,2,VE_ROTA_VE_CORREDOR_02|VE_ROTA_VE_TRANSVERSAL_02,POLICIA|POLICIA,3|3,11.4|23.1,2|1,1,0,0,VE_ROTA_VE_CORREDOR_02,0,0
119,multiplas_emergencias,PREEMPCAO_ML,1,2131.6,2173.6,42.0,421,CRUZ_02,2,VE_ROTA_VE_CORREDOR_03|VE_ROTA_VE_TRANSVERSAL_03,AMBULANCIA|AMBULANCIA,1|1,40.2|23.0,1|2,1,1,1,,1,1
119,multiplas_emergencias,PREEMPCAO_ML,1,2269.6,2301.9,32.3,324,CRUZ_08,2,VE_ROTA_VE_CORREDOR_03|VE_ROTA_VE_TRANSVERSAL_03,AMBULANCIA|AMBULANCIA,1|1,31.0|39.2,2|1,1,1,1,,1,0
119,multiplas_emergencias,PREEMPCAO_ML,1,2729.3,2764.0,34.7,348,CRUZ_02,2,VE_ROTA_VE_CORREDOR_04|VE_ROTA_VE_TRANSVERSAL_04,BOMBEIRO|BOMBEIRO,2|2,108.4|25.0,1|2,1,1,1,,1,0
119,multiplas_emergencias,PREEMPCAO_ML,1,2844.5,2882.1,37.6,377,CRUZ_08,2,VE_ROTA_VE_CORREDOR_04|VE_ROTA_VE_TRANSVERSAL_04,BOMBEIRO|BOMBEIRO,2|2,32.8|121.7,2|1,1,1,1,,1,1
119,multiplas_emergencias,PREEMPCAO_ML,1,3322.0,3346.3,24.3,244,CRUZ_02,2,VE_ROTA_VE_CORREDOR_05|VE_ROTA_VE_TRANSVERSAL_05,POLICIA|POLICIA,3|3,23.1|21.7,1|2,1,1,1,,1,1
119,multiplas_emergencias,PREEMPCAO_ML,1,3443.7,3451.1,7.4,75,CRUZ_08,2,VE_ROTA_VE_CORREDOR_05|VE_ROTA_VE_TRANSVERSAL_05,POLICIA|POLICIA,3|3,6.1|23.1,2|1,1,0,0,VE_ROTA_VE_CORREDOR_05,0,0
130,multiplas_emergencias,PREEMPCAO,2,322.5,345.0,22.5,226,CRUZ_02,2,VE_ROTA_VE_CORREDOR_00|VE_ROTA_VE_TRANSVERSAL_00,AMBULANCIA|AMBULANCIA,1|1,44.0|21.1,1|2,1,1,1,,0,0
130,multiplas_emergencias,PREEMPCAO,2,447.3,454.1,6.8,69,CRUZ_08,2,VE_ROTA_VE_CORREDOR_00|VE_ROTA_VE_TRANSVERSAL_00,AMBULANCIA|AMBULANCIA,1|1,36.0|5.9,2|1,1,0,0,VE_ROTA_VE_TRANSVERSAL_00,0,0
130,multiplas_emergencias,PREEMPCAO,2,921.9,969.3,47.4,475,CRUZ_02,2,VE_ROTA_VE_CORREDOR_01|VE_ROTA_VE_TRANSVERSAL_01,BOMBEIRO|BOMBEIRO,2|2,23.0|21.6,1|2,1,1,1,,0,0
130,multiplas_emergencias,PREEMPCAO,2,1529.3,1554.6,25.3,254,CRUZ_02,2,VE_ROTA_VE_CORREDOR_02|VE_ROTA_VE_TRANSVERSAL_02,POLICIA|POLICIA,3|3,36.6|22.2,1|2,1,1,1,,0,0
130,multiplas_emergencias,PREEMPCAO,2,1645.3,1663.3,18.0,181,CRUZ_08,2,VE_ROTA_VE_CORREDOR_02|VE_ROTA_VE_TRANSVERSAL_02,POLICIA|POLICIA,3|3,38.9|6.9,2|1,1,0,0,VE_ROTA_VE_TRANSVERSAL_02,0,0
130,multiplas_emergencias,PREEMPCAO,2,2122.1,2145.2,23.1,232,CRUZ_02,2,VE_ROTA_VE_CORREDOR_03|VE_ROTA_VE_TRANSVERSAL_03,AMBULANCIA|AMBULANCIA,1|1,25.0|21.5,1|2,1,1,1,,0,0
130,multiplas_emergencias,PREEMPCAO,2,2236.0,2274.1,38.1,382,CRUZ_08,2,VE_ROTA_VE_CORREDOR_03|VE_ROTA_VE_TRANSVERSAL_03,AMBULANCIA|AMBULANCIA,1|1,55.2|34.4,2|1,1,1,1,,0,0
130,multiplas_emergencias,PREEMPCAO,2,2727.7,2753.1,25.4,255,CRUZ_02,2,VE_ROTA_VE_CORREDOR_04|VE_ROTA_VE_TRANSVERSAL_04,BOMBEIRO|BOMBEIRO,2|2,32.7|19.6,1|2,1,1,1,,0,0
130,multiplas_emergencias,PREEMPCAO,2,2858.5,2885.9,27.4,275,CRUZ_08,2,VE_ROTA_VE_CORREDOR_04|VE_ROTA_VE_TRANSVERSAL_04,BOMBEIRO|BOMBEIRO,2|2,52.0|21.0,2|1,1,1,1,,0,0
130,multiplas_emergencias,PREEMPCAO,2,3322.9,3345.4,22.5,226,CRUZ_02,2,VE_ROTA_VE_CORREDOR_05|VE_ROTA_VE_TRANSVERSAL_05,POLICIA|POLICIA,3|3,36.5|20.8,1|2,1,1,1,,0,0
130,multiplas_emergencias,PREEMPCAO,2,3430.7,3455.0,24.3,244,CRUZ_08,2,VE_ROTA_VE_CORREDOR_05|VE_ROTA_VE_TRANSVERSAL_05,POLICIA|POLICIA,3|3,31.0|23.0,2|1,1,1,1,,0,0
131,multiplas_emergencias,PREEMPCAO_COMPENSADA,2,322.5,345.0,22.5,226,CRUZ_02,2,VE_ROTA_VE_CORREDOR_00|VE_ROTA_VE_TRANSVERSAL_00,AMBULANCIA|AMBULANCIA,1|1,44.0|21.1,1|2,1,1,1,,0,0
131,multiplas_emergencias,PREEMPCAO_COMPENSADA,2,447.3,454.3,7.0,71,CRUZ_08,2,VE_ROTA_VE_CORREDOR_00|VE_ROTA_VE_TRANSVERSAL_00,AMBULANCIA|AMBULANCIA,1|1,36.0|6.1,2|1,1,0,0,VE_ROTA_VE_TRANSVERSAL_00,0,0
131,multiplas_emergencias,PREEMPCAO_COMPENSADA,2,925.5,949.9,24.4,245,CRUZ_02,2,VE_ROTA_VE_CORREDOR_01|VE_ROTA_VE_TRANSVERSAL_01,BOMBEIRO|BOMBEIRO,2|2,48.1|18.0,1|2,1,1,1,,0,0
131,multiplas_emergencias,PREEMPCAO_COMPENSADA,2,1056.7,1059.8,3.1,32,CRUZ_08,2,VE_ROTA_VE_CORREDOR_01|VE_ROTA_VE_TRANSVERSAL_01,BOMBEIRO|BOMBEIRO,2|2,58.5|1.8,2|1,1,0,0,VE_ROTA_VE_TRANSVERSAL_01,0,0
131,multiplas_emergencias,PREEMPCAO_COMPENSADA,2,1529.9,1553.5,23.6,237,CRUZ_02,2,VE_ROTA_VE_CORREDOR_02|VE_ROTA_VE_TRANSVERSAL_02,POLICIA|POLICIA,3|3,45.3|21.5,1|2,1,1,1,,0,0
131,multiplas_emergencias,PREEMPCAO_COMPENSADA,2,1627.6,1656.3,28.7,288,CRUZ_08,2,VE_ROTA_VE_CORREDOR_02|VE_ROTA_VE_TRANSVERSAL_02,POLICIA|POLICIA,3|3,53.0|23.0,2|1,1,1,1,,0,0
131,multiplas_emergencias,PREEMPCAO_COMPENSADA,2,2122.1,2145.0,22.9,230,CRUZ_02,2,VE_ROTA_VE_CORREDOR_03|VE_ROTA_VE_TRANSVERSAL_03,AMBULANCIA|AMBULANCIA,1|1,25.0|21.5,1|2,1,1,1,,0,0
131,multiplas_emergencias,PREEMPCAO_COMPENSADA,2,2242.6,2259.9,17.3,174,CRUZ_08,2,VE_ROTA_VE_CORREDOR_03|VE_ROTA_VE_TRANSVERSAL_03,AMBULANCIA|AMBULANCIA,1|1,39.0|16.6,2|1,1,1,1,,0,0
131,multiplas_emergencias,PREEMPCAO_COMPENSADA,2,2728.2,2749.2,21.0,211,CRUZ_02,2,VE_ROTA_VE_CORREDOR_04|VE_ROTA_VE_TRANSVERSAL_04,BOMBEIRO|BOMBEIRO,2|2,38.3|19.1,1|2,1,1,1,,0,0
131,multiplas_emergencias,PREEMPCAO_COMPENSADA,2,3322.0,3345.3,23.3,234,CRUZ_02,2,VE_ROTA_VE_CORREDOR_05|VE_ROTA_VE_TRANSVERSAL_05,POLICIA|POLICIA,3|3,23.1|21.7,1|2,1,1,1,,0,0
131,multiplas_emergencias,PREEMPCAO_COMPENSADA,2,3445.2,3455.0,9.8,99,CRUZ_08,2,VE_ROTA_VE_CORREDOR_05|VE_ROTA_VE_TRANSVERSAL_05,POLICIA|POLICIA,3|3,49.8|9.2,2|1,1,0,0,VE_ROTA_VE_TRANSVERSAL_05,0,0
132,multiplas_emergencias,PREEMPCAO_ML,2,322.5,356.7,34.2,343,CRUZ_02,2,VE_ROTA_VE_CORREDOR_00|VE_ROTA_VE_TRANSVERSAL_00,AMBULANCIA|AMBULANCIA,1|1,44.0|21.1,1|2,1,1,1,,1,1
132,multiplas_emergencias,PREEMPCAO_ML,2,437.9,475.6,37.7,378,CRUZ_08,2,VE_ROTA_VE_CORREDOR_00|VE_ROTA_VE_TRANSVERSAL_00,AMBULANCIA|AMBULANCIA,1|1,40.0|18.7,2|1,1,1,1,,1,1
132,multiplas_emergencias,PREEMPCAO_ML,2,921.9,959.5,37.6,377,CRUZ_02,2,VE_ROTA_VE_CORREDOR_01|VE_ROTA_VE_TRANSVERSAL_01,BOMBEIRO|BOMBEIRO,2|2,23.0|21.6,1|2,1,1,1,,1,1
132,multiplas_emergencias,PREEMPCAO_ML,2,1050.7,1084.5,33.8,339,CRUZ_08,2,VE_ROTA_VE_CORREDOR_01|VE_ROTA_VE_TRANSVERSAL_01,BOMBEIRO|BOMBEIRO,2|2,40.4|23.0,2|1,1,1,1,,1,1
132,multiplas_emergencias,PREEMPCAO_ML,2,1529.2,1553.5,24.3,244,CRUZ_02,2,VE_ROTA_VE_CORREDOR_02|VE_ROTA_VE_TRANSVERSAL_02,POLICIA|POLICIA,3|3,36.7|22.1,1|2,1,1,1,,1,1
132,multiplas_emergencias,PREEMPCAO_ML,2,1640.8,1658.3,17.5,176,CRUZ_08,2,VE_ROTA_VE_CORREDOR_02|VE_ROTA_VE_TRANSVERSAL_02,POLICIA|POLICIA,3|3,53.4|8.7,2|1,1,0,0,VE_ROTA_VE_TRANSVERSAL_02,0,0
132,multiplas_emergencias,PREEMPCAO_ML,2,2122.1,2149.8,27.7,278,CRUZ_02,2,VE_ROTA_VE_CORREDOR_03|VE_ROTA_VE_TRANSVERSAL_03,AMBULANCIA|AMBULANCIA,1|1,25.0|21.5,1|2,1,1,1,,1,1
132,multiplas_emergencias,PREEMPCAO_ML,2,2235.8,2242.5,6.7,68,CRUZ_08,2,VE_ROTA_VE_CORREDOR_03|VE_ROTA_VE_TRANSVERSAL_03,AMBULANCIA|AMBULANCIA,1|1,5.4|23.1,2|1,1,0,0,VE_ROTA_VE_CORREDOR_03,0,0
132,multiplas_emergencias,PREEMPCAO_ML,2,2727.7,2765.7,38.0,381,CRUZ_02,2,VE_ROTA_VE_CORREDOR_04|VE_ROTA_VE_TRANSVERSAL_04,BOMBEIRO|BOMBEIRO,2|2,32.8|19.6,1|2,1,1,1,,1,1
132,multiplas_emergencias,PREEMPCAO_ML,2,2854.0,2858.2,4.2,43,CRUZ_08,2,VE_ROTA_VE_CORREDOR_04|VE_ROTA_VE_TRANSVERSAL_04,BOMBEIRO|BOMBEIRO,2|2,30.3|2.8,2|1,1,0,0,VE_ROTA_VE_TRANSVERSAL_04,0,0
132,multiplas_emergencias,PREEMPCAO_ML,2,3322.9,3355.6,32.7,328,CRUZ_02,2,VE_ROTA_VE_CORREDOR_05|VE_ROTA_VE_TRANSVERSAL_05,POLICIA|POLICIA,3|3,36.1|20.8,1|2,1,1,1,,1,1
132,multiplas_emergencias,PREEMPCAO_ML,2,3437.9,3462.7,24.8,249,CRUZ_08,2,VE_ROTA_VE_CORREDOR_05|VE_ROTA_VE_TRANSVERSAL_05,POLICIA|POLICIA,3|3,23.5|39.4,2|1,1,1,1,,1,0
143,multiplas_emergencias,PREEMPCAO,3,324.2,345.0,20.8,209,CRUZ_02,2,VE_ROTA_VE_CORREDOR_00|VE_ROTA_VE_TRANSVERSAL_00,AMBULANCIA|AMBULANCIA,1|1,107.0|19.4,1|2,1,1,1,,0,0
143,multiplas_emergencias,PREEMPCAO,3,448.4,487.8,39.4,395,CRUZ_08,2,VE_ROTA_VE_CORREDOR_00|VE_ROTA_VE_TRANSVERSAL_00,AMBULANCIA|AMBULANCIA,1|1,34.4|22.6,2|1,1,1,1,,0,0
143,multiplas_emergencias,PREEMPCAO,3,922.1,972.7,50.6,507,CRUZ_02,2,VE_ROTA_VE_CORREDOR_01|VE_ROTA_VE_TRANSVERSAL_01,BOMBEIRO|BOMBEIRO,2|2,23.1|21.4,1|2,1,1,1,,0,0
143,multiplas_emergencias,PREEMPCAO,3,1077.7,1083.7,6.0,61,CRUZ_08,2,VE_ROTA_VE_CORREDOR_01|VE_ROTA_VE_TRANSVERSAL_01,BOMBEIRO|BOMBEIRO,2|2,36.2|4.7,2|1,1,0,0,VE_ROTA_VE_TRANSVERSAL_01,0,0
143,multiplas_emergencias,PREEMPCAO,3,1523.7,1557.6,33.9,340,CRUZ_02,2,VE_ROTA_VE_CORREDOR_02|VE_ROTA_VE_TRANSVERSAL_02,POLICIA|POLICIA,3|3,35.3|24.8,1|2,1,1,1,,0,0
143,multiplas_emergencias,PREEMPCAO,3,1637.7,1691.8,54.1,542,CRUZ_08,2,VE_ROTA_VE_CORREDOR_02|VE_ROTA_VE_TRANSVERSAL_02,POLICIA|POLICIA,3|3,32.6|19.9,2|1,1,1,1,,0,0
143,multiplas_emergencias,PREEMPCAO,3,2130.2,2147.6,17.4,175,CRUZ_02,2,VE_ROTA_VE_CORREDOR_03|VE_ROTA_VE_TRANSVERSAL_03,AMBULANCIA|AMBULANCIA,1|1,41.6|13.4,1|2,1,1,1,,0,0
143,multiplas_emergencias,PREEMPCAO,3,2246.8,2250.7,3.9,40,CRUZ_08,2,VE_ROTA_VE_CORREDOR_03|VE_ROTA_VE_TRANSVERSAL_03,AMBULANCIA|AMBULANCIA,1|1,55.0|3.0,2|1,1,0,0,VE_ROTA_VE_TRANSVERSAL_03,0,0
143,multiplas_emergencias,PREEMPCAO,3,2722.4,2764.9,42.5,426,CRUZ_02,2,VE_ROTA_VE_CORREDOR_04|VE_ROTA_VE_TRANSVERSAL_04,BOMBEIRO|BOMBEIRO,2|2,27.6|31.4,1|2,1,1,1,,0,0
143,multiplas_emergencias,PREEMPCAO,3,2869.2,2885.1,15.9,160,CRUZ_08,2,VE_ROTA_VE_CORREDOR_04|VE_ROTA_VE_TRANSVERSAL_04,BOMBEIRO|BOMBEIRO,2|2,12.1|23.0,2|1,1,1,1,,0,0
143,multiplas_emergencias,PREEMPCAO,3,3335.1,3345.1,10.0,101,CRUZ_02,2,VE_ROTA_VE_CORREDOR_05|VE_ROTA_VE_TRANSVERSAL_05,POLICIA|POLICIA,3|3,44.9|8.6,1|2,1,0,0,VE_ROTA_VE_TRANSVERSAL_05,0,0
144,multiplas_emergencias,PREEMPCAO_COMPENSADA,3,324.2,345.0,20.8,209,CRUZ_02,2,VE_ROTA_VE_CORREDOR_00|VE_ROTA_VE_TRANSVERSAL_00,AMBULANCIA|AMBULANCIA,1|1,107.0|19.4,1|2,1,1,1,,0,0
144,multiplas_emergencias,PREEMPCAO_COMPENSADA,3,448.4,487.8,39.4,395,CRUZ_08,2,VE_ROTA_VE_CORREDOR_00|VE_ROTA_VE_TRANSVERSAL_00,AMBULANCIA|AMBULANCIA,1|1,34.6|22.5,2|1,1,1,1,,0,0
144,multiplas_emergencias,PREEMPCAO_COMPENSADA,3,927.4,958.8,31.4,315,CRUZ_02,2,VE_ROTA_VE_CORREDOR_01|VE_ROTA_VE_TRANSVERSAL_01,BOMBEIRO|BOMBEIRO,2|2,52.3|20.7,1|2,1,0,0,VE_ROTA_VE_TRANSVERSAL_01,0,0
144,multiplas_emergencias,PREEMPCAO_COMPENSADA,3,1069.8,1088.5,18.7,188,CRUZ_08,2,VE_ROTA_VE_CORREDOR_01|VE_ROTA_VE_TRANSVERSAL_01,BOMBEIRO|BOMBEIRO,2|2,57.8|19.2,2|1,1,0,0,VE_ROTA_VE_TRANSVERSAL_01,0,0
144,multiplas_emergencias,PREEMPCAO_COMPENSADA,3,1522.7,1553.2,30.5,306,CRUZ_02,2,VE_ROTA_VE_CORREDOR_02|VE_ROTA_VE_TRANSVERSAL_02,POLICIA|POLICIA,3|3,28.7|25.0,1|2,1,1,1,,0,0
144,multiplas_emergencias,PREEMPCAO_COMPENSADA,3,1659.1,1665.3,6.2,63,CRUZ_08,2,VE_ROTA_VE_CORREDOR_02|VE_ROTA_VE_TRANSVERSAL_02,POLICIA|POLICIA,3|3,43.2|5.3,2|1,1,0,0,VE_ROTA_VE_TRANSVERSAL_02,0,0
144,multiplas_emergencias,PREEMPCAO_COMPENSADA,3,2129.0,2147.6,18.6,187,CRUZ_02,2,VE_ROTA_VE_CORREDOR_03|VE_ROTA_VE_TRANSVERSAL_03,AMBULANCIA|AMBULANCIA,1|1,34.0|14.6,1|2,1,1,1,,0,0
144,multiplas_emergencias,PREEMPCAO_COMPENSADA,3,2242.3,2254.3,12.0,121,CRUZ_08,2,VE_ROTA_VE_CORREDOR_03|VE_ROTA_VE_TRANSVERSAL_03,AMBULANCIA|AMBULANCIA,1|1,55.3|6.1,2|1,1,0,0,VE_ROTA_VE_TRANSVERSAL_03,0,0
144,multiplas_emergencias,PREEMPCAO_COMPENSADA,3,2728.2,2755.5,27.3,274,CRUZ_02,2,VE_ROTA_VE_CORREDOR_04|VE_ROTA_VE_TRANSVERSAL_04,BOMBEIRO|BOMBEIRO,2|2,78.6|25.5,1|2,1,1,1,,0,0
144,multiplas_emergencias,PREEMPCAO_COMPENSADA,3,3331.6,3345.1,13.5,136,CRUZ_02,2,VE_ROTA_VE_CORREDOR_05|VE_ROTA_VE_TRANSVERSAL_05,POLICIA|POLICIA,3|3,33.1|12.1,1|2,1,0,0,VE_ROTA_VE_TRANSVERSAL_05,0,0
145,multiplas_emergencias,PREEMPCAO_ML,3,324.2,360.5,36.3,364,CRUZ_02,2,VE_ROTA_VE_CORREDOR_00|VE_ROTA_VE_TRANSVERSAL_00,AMBULANCIA|AMBULANCIA,1|1,107.0|19.4,1|2,1,1,1,,1,1
145,multiplas_emergencias,PREEMPCAO_ML,3,442.6,481.7,39.1,392,CRUZ_08,2,VE_ROTA_VE_CORREDOR_00|VE_ROTA_VE_TRANSVERSAL_00,AMBULANCIA|AMBULANCIA,1|1,36.6|49.0,2|1,1,1,1,,1,1
145,multiplas_emergencias,PREEMPCAO_ML,3,922.1,959.6,37.5,376,CRUZ_02,2,VE_ROTA_VE_CORREDOR_01|VE_ROTA_VE_TRANSVERSAL_01,BOMBEIRO|BOMBEIRO,2|2,23.1|21.4,1|2,1,0,0,VE_ROTA_VE_TRANSVERSAL_01,0,0
145,multiplas_emergencias,PREEMPCAO_ML,3,1523.7,1559.3,35.6,357,CRUZ_02,2,VE_ROTA_VE_CORREDOR_02|VE_ROTA_VE_TRANSVERSAL_02,POLICIA|POLICIA,3|3,35.2|25.0,1|2,1,1,1,,1,1
145,multiplas_emergencias,PREEMPCAO_ML,3,1652.1,1688.3,36.2,363,CRUZ_08,2,VE_ROTA_VE_CORREDOR_02|VE_ROTA_VE_TRANSVERSAL_02,POLICIA|POLICIA,3|3,48.3|42.8,2|1,1,1,1,,1,1
145,multiplas_emergencias,PREEMPCAO_ML,3,2130.2,2147.6,17.4,175,CRUZ_02,2,VE_ROTA_VE_CORREDOR_03|VE_ROTA_VE_TRANSVERSAL_03,AMBULANCIA|AMBULANCIA,1|1,41.8|13.4,1|2,1,1,1,,1,1
145,multiplas_emergencias,PREEMPCAO_ML,3,2227.5,2261.7,34.2,343,CRUZ_08,2,VE_ROTA_VE_CORREDOR_03|VE_ROTA_VE_TRANSVERSAL_03,AMBULANCIA|AMBULANCIA,1|1,125.0|16.1,2|1,1,1,1,,1,1
145,multiplas_emergencias,PREEMPCAO_ML,3,2722.5,2764.9,42.4,425,CRUZ_02,2,VE_ROTA_VE_CORREDOR_04|VE_ROTA_VE_TRANSVERSAL_04,BOMBEIRO|BOMBEIRO,2|2,27.5|31.2,1|2,1,1,1,,1,0
145,multiplas_emergencias,PREEMPCAO_ML,3,2876.8,2880.7,3.9,40,CRUZ_08,2,VE_ROTA_VE_CORREDOR_04|VE_ROTA_VE_TRANSVERSAL_04,BOMBEIRO|BOMBEIRO,2|2,3.3|42.6,2|1,1,0,0,VE_ROTA_VE_CORREDOR_04,0,0
145,multiplas_emergencias,PREEMPCAO_ML,3,3335.0,3345.1,10.1,102,CRUZ_02,2,VE_ROTA_VE_CORREDOR_05|VE_ROTA_VE_TRANSVERSAL_05,POLICIA|POLICIA,3|3,45.0|8.7,1|2,1,0,0,VE_ROTA_VE_TRANSVERSAL_05,0,0
156,multiplas_emergencias,PREEMPCAO,4,334.4,350.6,16.2,163,CRUZ_02,2,VE_ROTA_VE_CORREDOR_00|VE_ROTA_VE_TRANSVERSAL_00,AMBULANCIA|AMBULANCIA,1|1,37.7|14.6,1|2,1,1,1,,0,0
156,multiplas_emergencias,PREEMPCAO,4,930.4,949.5,19.1,192,CRUZ_02,2,VE_ROTA_VE_CORREDOR_01|VE_ROTA_VE_TRANSVERSAL_01,BOMBEIRO|BOMBEIRO,2|2,105.9|13.1,1|2,1,1,1,,0,0
156,multiplas_emergencias,PREEMPCAO,4,1035.9,1062.7,26.8,269,CRUZ_08,2,VE_ROTA_VE_CORREDOR_01|VE_ROTA_VE_TRANSVERSAL_01,BOMBEIRO|BOMBEIRO,2|2,56.7|23.0,2|1,1,1,1,,0,0
156,multiplas_emergencias,PREEMPCAO,4,1522.7,1552.9,30.2,303,CRUZ_02,2,VE_ROTA_VE_CORREDOR_02|VE_ROTA_VE_TRANSVERSAL_02,POLICIA|POLICIA,3|3,28.0|36.1,1|2,1,1,1,,0,0
156,multiplas_emergencias,PREEMPCAO,4,1647.0,1693.9,46.9,470,CRUZ_08,2,VE_ROTA_VE_CORREDOR_02|VE_ROTA_VE_TRANSVERSAL_02,POLICIA|POLICIA,3|3,22.8|24.9,2|1,1,1,1,,0,0
156,multiplas_emergencias,PREEMPCAO,4,2122.4,2149.2,26.8,269,CRUZ_02,2,VE_ROTA_VE_CORREDOR_03|VE_ROTA_VE_TRANSVERSAL_03,AMBULANCIA|AMBULANCIA,1|1,28.8|33.8,1|2,1,1,1,,0,0
156,multiplas_emergencias,PREEMPCAO,4,2239.8,2248.1,8.3,84,CRUZ_08,2,VE_ROTA_VE_CORREDOR_03|VE_ROTA_VE_TRANSVERSAL_03,AMBULANCIA|AMBULANCIA,1|1,7.1|42.7,2|1,1,0,0,VE_ROTA_VE_CORREDOR_03,0,0
156,multiplas_emergencias,PREEMPCAO,4,2727.4,2744.9,17.5,176,CRUZ_02,2,VE_ROTA_VE_CORREDOR_04|VE_ROTA_VE_TRANSVERSAL_04,BOMBEIRO|BOMBEIRO,2|2,51.8|16.1,1|2,1,1,1,,0,0
156,multiplas_emergencias,PREEMPCAO,4,2827.3,2835.9,8.6,87,CRUZ_08,2,VE_ROTA_VE_CORREDOR_04|VE_ROTA_VE_TRANSVERSAL_04,BOMBEIRO|BOMBEIRO,2|2,36.3|8.0,2|1,1,0,0,VE_ROTA_VE_TRANSVERSAL_04,0,0
156,multiplas_emergencias,PREEMPCAO,4,3334.7,3345.2,10.5,106,CRUZ_02,2,VE_ROTA_VE_CORREDOR_05|VE_ROTA_VE_TRANSVERSAL_05,POLICIA|POLICIA,3|3,101.2|9.0,1|2,1,0,0,VE_ROTA_VE_TRANSVERSAL_05,0,0
157,multiplas_emergencias,PREEMPCAO_COMPENSADA,4,334.4,350.6,16.2,163,CRUZ_02,2,VE_ROTA_VE_CORREDOR_00|VE_ROTA_VE_TRANSVERSAL_00,AMBULANCIA|AMBULANCIA,1|1,37.7|14.6,1|2,1,1,1,,0,0
157,multiplas_emergencias,PREEMPCAO_COMPENSADA,4,929.0,949.5,20.5,206,CRUZ_02,2,VE_ROTA_VE_CORREDOR_01|VE_ROTA_VE_TRANSVERSAL_01,BOMBEIRO|BOMBEIRO,2|2,30.0|14.5,1|2,1,1,1,,0,0
157,multiplas_emergencias,PREEMPCAO_COMPENSADA,4,1045.2,1058.6,13.4,135,CRUZ_08,2,VE_ROTA_VE_CORREDOR_01|VE_ROTA_VE_TRANSVERSAL_01,BOMBEIRO|BOMBEIRO,2|2,87.9|12.6,2|1,1,0,0,VE_ROTA_VE_TRANSVERSAL_01,0,0
157,multiplas_emergencias,PREEMPCAO_COMPENSADA,4,1532.1,1560.4,28.3,284,CRUZ_02,2,VE_ROTA_VE_CORREDOR_02|VE_ROTA_VE_TRANSVERSAL_02,POLICIA|POLICIA,3|3,124.9|26.4,1|2,1,1,1,,0,0
157,multiplas_emergencias,PREEMPCAO_COMPENSADA,4,1652.9,1668.0,15.1,152,CRUZ_08,2,VE_ROTA_VE_CORREDOR_02|VE_ROTA_VE_TRANSVERSAL_02,POLICIA|POLICIA,3|3,36.1|14.5,2|1,1,1,1,,0,0
157,multiplas_emergencias,PREEMPCAO_COMPENSADA,4,2122.0,2170.3,48.3,484,CRUZ_02,2,VE_ROTA_VE_CORREDOR_03|VE_ROTA_VE_TRANSVERSAL_03,AMBULANCIA|AMBULANCIA,1|1,23.4|33.6,1|2,1,1,1,,0,0
157,multiplas_emergencias,PREEMPCAO_COMPENSADA,4,2262.7,2300.1,37.4,375,CRUZ_08,2,VE_ROTA_VE_CORREDOR_03|VE_ROTA_VE_TRANSVERSAL_03,AMBULANCIA|AMBULANCIA,1|1,32.0|38.9,2|1,1,1,1,,0,0
157,multiplas_emergencias,PREEMPCAO_COMPENSADA,4,2725.4,2744.9,19.5,196,CRUZ_02,2,VE_ROTA_VE_CORREDOR_04|VE_ROTA_VE_TRANSVERSAL_04,BOMBEIRO|BOMBEIRO,2|2,23.1|18.1,1|2,1,1,1,,0,0
157,multiplas_emergencias,PREEMPCAO_COMPENSADA,4,2836.0,2871.5,35.5,356,CRUZ_08,2,VE_ROTA_VE_CORREDOR_04|VE_ROTA_VE_TRANSVERSAL_04,BOMBEIRO|BOMBEIRO,2|2,56.7|55.8,2|1,1,1,1,,0,0
157,multiplas_emergencias,PREEMPCAO_COMPENSADA,4,3327.5,3345.2,17.7,178,CRUZ_02,2,VE_ROTA_VE_CORREDOR_05|VE_ROTA_VE_TRANSVERSAL_05,POLICIA|POLICIA,3|3,46.0|16.2,1|2,1,1,1,,0,0
157,multiplas_emergencias,PREEMPCAO_COMPENSADA,4,3435.4,3450.1,14.7,148,CRUZ_08,2,VE_ROTA_VE_CORREDOR_05|VE_ROTA_VE_TRANSVERSAL_05,POLICIA|POLICIA,3|3,37.8|12.4,2|1,1,0,0,VE_ROTA_VE_TRANSVERSAL_05,0,0
158,multiplas_emergencias,PREEMPCAO_ML,4,334.4,370.1,35.7,358,CRUZ_02,2,VE_ROTA_VE_CORREDOR_00|VE_ROTA_VE_TRANSVERSAL_00,AMBULANCIA|AMBULANCIA,1|1,37.7|14.6,1|2,1,1,1,,1,1
158,multiplas_emergencias,PREEMPCAO_ML,4,456.5,475.6,19.1,192,CRUZ_08,2,VE_ROTA_VE_CORREDOR_00|VE_ROTA_VE_TRANSVERSAL_00,AMBULANCIA|AMBULANCIA,1|1,30.3|12.2,2|1,1,0,0,VE_ROTA_VE_TRANSVERSAL_00,0,0
158,multiplas_emergencias,PREEMPCAO_ML,4,930.4,949.5,19.1,192,CRUZ_02,2,VE_ROTA_VE_CORREDOR_01|VE_ROTA_VE_TRANSVERSAL_01,BOMBEIRO|BOMBEIRO,2|2,105.4|13.1,1|2,1,1,1,,1,0
158,multiplas_emergencias,PREEMPCAO_ML,4,1522.7,1552.9,30.2,303,CRUZ_02,2,VE_ROTA_VE_CORREDOR_02|VE_ROTA_VE_TRANSVERSAL_02,POLICIA|POLICIA,3|3,28.0|35.9,1|2,1,1,1,,1,0
158,multiplas_emergencias,PREEMPCAO_ML,4,1645.5,1661.9,16.4,165,CRUZ_08,2,VE_ROTA_VE_CORREDOR_02|VE_ROTA_VE_TRANSVERSAL_02,POLICIA|POLICIA,3|3,12.3|23.0,2|1,1,0,0,VE_ROTA_VE_CORREDOR_02,0,0
158,multiplas_emergencias,PREEMPCAO_ML,4,2122.4,2149.6,27.2,273,CRUZ_02,2,VE_ROTA_VE_CORREDOR_03|VE_ROTA_VE_TRANSVERSAL_03,AMBULANCIA|AMBULANCIA,1|1,29.2|33.8,1|2,1,1,1,,1,0
158,multiplas_emergencias,PREEMPCAO_ML,4,2727.4,2744.9,17.5,176,CRUZ_02,2,VE_ROTA_VE_CORREDOR_04|VE_ROTA_VE_TRANSVERSAL_04,BOMBEIRO|BOMBEIRO,2|2,51.0|16.1,1|2,1,1,1,,1,1
158,multiplas_emergencias,PREEMPCAO_ML,4,2833.2,2841.9,8.7,88,CRUZ_08,2,VE_ROTA_VE_CORREDOR_04|VE_ROTA_VE_TRANSVERSAL_04,BOMBEIRO|BOMBEIRO,2|2,32.9|7.4,2|1,1,0,0,VE_ROTA_VE_TRANSVERSAL_04,0,0
158,multiplas_emergencias,PREEMPCAO_ML,4,3334.8,3345.3,10.5,106,CRUZ_02,2,VE_ROTA_VE_CORREDOR_05|VE_ROTA_VE_TRANSVERSAL_05,POLICIA|POLICIA,3|3,102.2|8.9,1|2,1,0,0,VE_ROTA_VE_TRANSVERSAL_05,0,0
169,multiplas_emergencias,PREEMPCAO,5,337.6,367.7,30.1,302,CRUZ_02,2,VE_ROTA_VE_CORREDOR_00|VE_ROTA_VE_TRANSVERSAL_00,AMBULANCIA|AMBULANCIA,1|1,79.7|25.5,1|2,1,1,1,,0,0
169,multiplas_emergencias,PREEMPCAO,5,921.9,946.6,24.7,248,CRUZ_02,2,VE_ROTA_VE_CORREDOR_01|VE_ROTA_VE_TRANSVERSAL_01,BOMBEIRO|BOMBEIRO,2|2,23.0|35.2,1|2,1,1,1,,0,0
169,multiplas_emergencias,PREEMPCAO,5,1043.0,1060.9,17.9,180,CRUZ_08,2,VE_ROTA_VE_CORREDOR_01|VE_ROTA_VE_TRANSVERSAL_01,BOMBEIRO|BOMBEIRO,2|2,14.0|34.7,2|1,1,1,1,,0,0
169,multiplas_emergencias,PREEMPCAO,5,1529.6,1550.5,20.9,210,CRUZ_02,2,VE_ROTA_VE_CORREDOR_02|VE_ROTA_VE_TRANSVERSAL_02,POLICIA|POLICIA,3|3,31.7|15.6,1|2,1,1,1,,0,0
169,multiplas_emergencias,PREEMPCAO,5,2132.5,2145.3,12.8,129,CRUZ_02,2,VE_ROTA_VE_CORREDOR_03|VE_ROTA_VE_TRANSVERSAL_03,AMBULANCIA|AMBULANCIA,1|1,54.1|11.1,1|2,1,0,0,VE_ROTA_VE_TRANSVERSAL_03,0,0
169,multiplas_emergencias,PREEMPCAO,5,2721.9,2746.2,24.3,244,CRUZ_02,2,VE_ROTA_VE_CORREDOR_04|VE_ROTA_VE_TRANSVERSAL_04,BOMBEIRO|BOMBEIRO,2|2,23.0|36.2,1|2,1,1,1,,0,0
169,multiplas_emergencias,PREEMPCAO,5,2827.0,2852.4,25.4,255,CRUZ_08,2,VE_ROTA_VE_CORREDOR_04|VE_ROTA_VE_TRANSVERSAL_04,BOMBEIRO|BOMBEIRO,2|2,25.6|23.1,2|1,1,1,1,,0,0
169,multiplas_emergencias,PREEMPCAO,5,3324.9,3373.5,48.6,487,CRUZ_02,2,VE_ROTA_VE_CORREDOR_05|VE_ROTA_VE_TRANSVERSAL_05,POLICIA|POLICIA,3|3,29.4|28.2,1|2,1,1,1,,0,0
169,multiplas_emergencias,PREEMPCAO,5,3456.5,3479.0,22.5,226,CRUZ_08,2,VE_ROTA_VE_CORREDOR_05|VE_ROTA_VE_TRANSVERSAL_05,POLICIA|POLICIA,3|3,11.0|23.1,2|1,1,0,0,VE_ROTA_VE_CORREDOR_05,0,0
170,multiplas_emergencias,PREEMPCAO_COMPENSADA,5,337.6,367.7,30.1,302,CRUZ_02,2,VE_ROTA_VE_CORREDOR_00|VE_ROTA_VE_TRANSVERSAL_00,AMBULANCIA|AMBULANCIA,1|1,79.7|25.5,1|2,1,1,1,,0,0
170,multiplas_emergencias,PREEMPCAO_COMPENSADA,5,921.9,946.2,24.3,244,CRUZ_02,2,VE_ROTA_VE_CORREDOR_01|VE_ROTA_VE_TRANSVERSAL_01,BOMBEIRO|BOMBEIRO,2|2,23.0|35.2,1|2,1,1,1,,0,0
170,multiplas_emergencias,PREEMPCAO_COMPENSADA,5,1529.6,1554.8,25.2,253,CRUZ_02,2,VE_ROTA_VE_CORREDOR_02|VE_ROTA_VE_TRANSVERSAL_02,POLICIA|POLICIA,3|3,35.3|15.6,1|2,1,1,1,,0,0
170,multiplas_emergencias,PREEMPCAO_COMPENSADA,5,1645.1,1689.3,44.2,443,CRUZ_08,2,VE_ROTA_VE_CORREDOR_02|VE_ROTA_VE_TRANSVERSAL_02,POLICIA|POLICIA,3|3,52.1|30.4,2|1,1,1,1,,0,0
170,multiplas_emergencias,PREEMPCAO_COMPENSADA,5,2129.3,2145.0,15.7,158,CRUZ_02,2,VE_ROTA_VE_CORREDOR_03|VE_ROTA_VE_TRANSVERSAL_03,AMBULANCIA|AMBULANCIA,1|1,30.0|14.3,1|2,1,0,0,VE_ROTA_VE_TRANSVERSAL_03,0,0
170,multiplas_emergencias,PREEMPCAO_COMPENSADA,5,2235.5,2257.8,22.3,224,CRUZ_08,2,VE_ROTA_VE_CORREDOR_03|VE_ROTA_VE_TRANSVERSAL_03,AMBULANCIA|AMBULANCIA,1|1,38.0|15.3,2|1,1,1,1,,0,0
170,multiplas_emergencias,PREEMPCAO_COMPENSADA,5,2723.8,2758.9,35.1,352,CRUZ_02,2,VE_ROTA_VE_CORREDOR_04|VE_ROTA_VE_TRANSVERSAL_04,BOMBEIRO|BOMBEIRO,2|2,88.1|33.8,1|2,1,1,1,,0,0
170,multiplas_emergencias,PREEMPCAO_COMPENSADA,5,2841.4,2853.0,11.6,117,CRUZ_08,2,VE_ROTA_VE_CORREDOR_04|VE_ROTA_VE_TRANSVERSAL_04,BOMBEIRO|BOMBEIRO,2|2,125.0|9.4,2|1,1,0,0,VE_ROTA_VE_TRANSVERSAL_04,0,0
170,multiplas_emergencias,PREEMPCAO_COMPENSADA,5,3324.5,3351.1,26.6,267,CRUZ_02,2,VE_ROTA_VE_CORREDOR_05|VE_ROTA_VE_TRANSVERSAL_05,POLICIA|POLICIA,3|3,23.0|28.4,1|2,1,1,1,,0,0
171,multiplas_emergencias,PREEMPCAO_ML,5,337.6,372.0,34.4,345,CRUZ_02,2,VE_ROTA_VE_CORREDOR_00|VE_ROTA_VE_TRANSVERSAL_00,AMBULANCIA|AMBULANCIA,1|1,79.7|25.5,1|2,1,1,1,,1,1
171,multiplas_emergencias,PREEMPCAO_ML,5,921.9,948.1,26.2,263,CRUZ_02,2,VE_ROTA_VE_CORREDOR_01|VE_ROTA_VE_TRANSVERSAL_01,BOMBEIRO|BOMBEIRO,2|2,23.0|35.2,1|2,1,1,1,,1,0
171,multiplas_emergencias,PREEMPCAO_ML,5,1043.9,1061.7,17.8,179,CRUZ_08,2,VE_ROTA_VE_CORREDOR_01|VE_ROTA_VE_TRANSVERSAL_01,BOMBEIRO|BOMBEIRO,2|2,13.1|29.3,2|1,1,1,1,,1,0
171,multiplas_emergencias,PREEMPCAO_ML,5,1529.6,1566.2,36.6,367,CRUZ_02,2,VE_ROTA_VE_CORREDOR_02|VE_ROTA_VE_TRANSVERSAL_02,POLICIA|POLICIA,3|3,31.8|15.6,1|2,1,1,1,,1,1
171,multiplas_emergencias,PREEMPCAO_ML,5,1649.5,1684.8,35.3,354,CRUZ_08,2,VE_ROTA_VE_CORREDOR_02|VE_ROTA_VE_TRANSVERSAL_02,POLICIA|POLICIA,3|3,56.7|33.8,2|1,1,1,1,,1,1
171,multiplas_emergencias,PREEMPCAO_ML,5,2132.5,2150.1,17.6,177,CRUZ_02,2,VE_ROTA_VE_CORREDOR_03|VE_ROTA_VE_TRANSVERSAL_03,AMBULANCIA|AMBULANCIA,1|1,55.8|11.1,1|2,1,0,0,VE_ROTA_VE_TRANSVERSAL_03,0,0
171,multiplas_emergencias,PREEMPCAO_ML,5,2721.9,2746.2,24.3,244,CRUZ_02,2,VE_ROTA_VE_CORREDOR_04|VE_ROTA_VE_TRANSVERSAL_04,BOMBEIRO|BOMBEIRO,2|2,23.0|36.1,1|2,1,1,1,,1,0
171,multiplas_emergencias,PREEMPCAO_ML,5,2831.5,2862.2,30.7,308,CRUZ_08,2,VE_ROTA_VE_CORREDOR_04|VE_ROTA_VE_TRANSVERSAL_04,BOMBEIRO|BOMBEIRO,2|2,22.9|37.8,2|1,1,1,1,,1,0
171,multiplas_emergencias,PREEMPCAO_ML,5,3324.9,3356.4,31.5,316,CRUZ_02,2,VE_ROTA_VE_CORREDOR_05|VE_ROTA_VE_TRANSVERSAL_05,POLICIA|POLICIA,3|3,28.9|28.0,1|2,1,1,1,,1,1
182,multiplas_emergencias,PREEMPCAO,6,333.1,356.9,23.8,239,CRUZ_02,2,VE_ROTA_VE_CORREDOR_00|VE_ROTA_VE_TRANSVERSAL_00,AMBULANCIA|AMBULANCIA,1|1,65.3|21.9,1|2,1,1,1,,0,0
182,multiplas_emergencias,PREEMPCAO,6,477.5,480.2,2.7,28,CRUZ_08,2,VE_ROTA_VE_CORREDOR_00|VE_ROTA_VE_TRANSVERSAL_00,AMBULANCIA|AMBULANCIA,1|1,65.7|1.5,2|1,1,0,0,VE_ROTA_VE_TRANSVERSAL_00,0,0
182,multiplas_emergencias,PREEMPCAO,6,921.9,946.2,24.3,244,CRUZ_02,2,VE_ROTA_VE_CORREDOR_01|VE_ROTA_VE_TRANSVERSAL_01,BOMBEIRO|BOMBEIRO,2|2,23.0|21.6,1|2,1,1,1,,0,0
182,multiplas_emergencias,PREEMPCAO,6,1046.5,1059.8,13.3,134,CRUZ_08,2,VE_ROTA_VE_CORREDOR_01|VE_ROTA_VE_TRANSVERSAL_01,BOMBEIRO|BOMBEIRO,2|2,11.3|23.1,2|1,1,0,0,VE_ROTA_VE_CORREDOR_01,0,0
182,multiplas_emergencias,PREEMPCAO,6,1523.1,1545.1,22.0,221,CRUZ_02,2,VE_ROTA_VE_CORREDOR_02|VE_ROTA_VE_TRANSVERSAL_02,POLICIA|POLICIA,3|3,28.9|20.6,1|2,1,1,1,,0,0
182,multiplas_emergencias,PREEMPCAO,6,1621.2,1643.2,22.0,221,CRUZ_08,2,VE_ROTA_VE_CORREDOR_02|VE_ROTA_VE_TRANSVERSAL_02,POLICIA|POLICIA,3|3,29.5|19.3,2|1,1,1,1,,0,0
182,multiplas_emergencias,PREEMPCAO,6,2129.1,2159.9,30.8,309,CRUZ_02,2,VE_ROTA_VE_CORREDOR_03|VE_ROTA_VE_TRANSVERSAL_03,AMBULANCIA|AMBULANCIA,1|1,51.1|27.5,1|2,1,1,1,,0,0
182,multiplas_emergencias,PREEMPCAO,6,2236.8,2258.4,21.6,217,CRUZ_08,2,VE_ROTA_VE_CORREDOR_03|VE_ROTA_VE_TRANSVERSAL_03,AMBULANCIA|AMBULANCIA,1|1,30.3|20.5,2|1,1,0,0,VE_ROTA_VE_TRANSVERSAL_03,0,0
182,multiplas_emergencias,PREEMPCAO,6,2734.9,2765.5,30.6,307,CRUZ_02,2,VE_ROTA_VE_CORREDOR_04|VE_ROTA_VE_TRANSVERSAL_04,BOMBEIRO|BOMBEIRO,2|2,93.6|18.3,1|2,1,1,1,,0,0
182,multiplas_emergencias,PREEMPCAO,6,2857.6,2889.9,32.3,324,CRUZ_08,2,VE_ROTA_VE_CORREDOR_04|VE_ROTA_VE_TRANSVERSAL_04,BOMBEIRO|BOMBEIRO,2|2,27.1|25.2,2|1,1,1,1,,0,0
182,multiplas_emergencias,PREEMPCAO,6,3322.0,3350.8,28.8,289,CRUZ_02,2,VE_ROTA_VE_CORREDOR_05|VE_ROTA_VE_TRANSVERSAL_05,POLICIA|POLICIA,3|3,23.0|21.7,1|2,1,1,1,,0,0
182,multiplas_emergencias,PREEMPCAO,6,3426.2,3445.2,19.0,191,CRUZ_08,2,VE_ROTA_VE_CORREDOR_05|VE_ROTA_VE_TRANSVERSAL_05,POLICIA|POLICIA,3|3,17.7|23.0,2|1,1,1,1,,0,0
183,multiplas_emergencias,PREEMPCAO_COMPENSADA,6,333.1,356.9,23.8,239,CRUZ_02,2,VE_ROTA_VE_CORREDOR_00|VE_ROTA_VE_TRANSVERSAL_00,AMBULANCIA|AMBULANCIA,1|1,65.3|21.9,1|2,1,1,1,,0,0
183,multiplas_emergencias,PREEMPCAO_COMPENSADA,6,477.5,480.2,2.7,28,CRUZ_08,2,VE_ROTA_VE_CORREDOR_00|VE_ROTA_VE_TRANSVERSAL_00,AMBULANCIA|AMBULANCIA,1|1,65.7|1.5,2|1,1,0,0,VE_ROTA_VE_TRANSVERSAL_00,0,0
183,multiplas_emergencias,PREEMPCAO_COMPENSADA,6,921.9,951.5,29.6,297,CRUZ_02,2,VE_ROTA_VE_CORREDOR_01|VE_ROTA_VE_TRANSVERSAL_01,BOMBEIRO|BOMBEIRO,2|2,23.3|21.6,1|2,1,1,1,,0,0
183,multiplas_emergencias,PREEMPCAO_COMPENSADA,6,1043.8,1054.8,11.0,111,CRUZ_08,2,VE_ROTA_VE_CORREDOR_01|VE_ROTA_VE_TRANSVERSAL_01,BOMBEIRO|BOMBEIRO,2|2,98.4|10.4,2|1,1,1,1,,0,0
183,multiplas_emergencias,PREEMPCAO_COMPENSADA,6,1522.0,1545.1,23.1,232,CRUZ_02,2,VE_ROTA_VE_CORREDOR_02|VE_ROTA_VE_TRANSVERSAL_02,POLICIA|POLICIA,3|3,23.9|21.7,1|2,1,1,1,,0,0
183,multiplas_emergencias,PREEMPCAO_COMPENSADA,6,1636.8,1644.3,7.5,76,CRUZ_08,2,VE_ROTA_VE_CORREDOR_02|VE_ROTA_VE_TRANSVERSAL_02,POLICIA|POLICIA,3|3,50.7|8.9,2|1,1,0,0,VE_ROTA_VE_TRANSVERSAL_02,0,0
183,multiplas_emergencias,PREEMPCAO_COMPENSADA,6,2127.6,2167.5,39.9,400,CRUZ_02,2,VE_ROTA_VE_CORREDOR_03|VE_ROTA_VE_TRANSVERSAL_03,AMBULANCIA|AMBULANCIA,1|1,38.5|29.0,1|2,1,1,1,,0,0
183,multiplas_emergencias,PREEMPCAO_COMPENSADA,6,2245.6,2273.4,27.8,279,CRUZ_08,2,VE_ROTA_VE_CORREDOR_03|VE_ROTA_VE_TRANSVERSAL_03,AMBULANCIA|AMBULANCIA,1|1,16.4|55.1,2|1,1,1,1,,0,0
183,multiplas_emergencias,PREEMPCAO_COMPENSADA,6,2728.1,2769.0,40.9,410,CRUZ_02,2,VE_ROTA_VE_CORREDOR_04|VE_ROTA_VE_TRANSVERSAL_04,BOMBEIRO|BOMBEIRO,2|2,32.7|24.4,1|2,1,1,1,,0,0
183,multiplas_emergencias,PREEMPCAO_COMPENSADA,6,2857.5,2881.9,24.4,245,CRUZ_08,2,VE_ROTA_VE_CORREDOR_04|VE_ROTA_VE_TRANSVERSAL_04,BOMBEIRO|BOMBEIRO,2|2,21.1|23.1,2|1,1,1,1,,0,0
183,multiplas_emergencias,PREEMPCAO_COMPENSADA,6,3323.6,3349.6,26.0,261,CRUZ_02,2,VE_ROTA_VE_CORREDOR_05|VE_ROTA_VE_TRANSVERSAL_05,POLICIA|POLICIA,3|3,54.3|20.1,1|2,1,1,1,,0,0
183,multiplas_emergencias,PREEMPCAO_COMPENSADA,6,3423.5,3459.8,36.3,364,CRUZ_08,2,VE_ROTA_VE_CORREDOR_05|VE_ROTA_VE_TRANSVERSAL_05,POLICIA|POLICIA,3|3,29.5|34.4,2|1,1,1,1,,0,0
184,multiplas_emergencias,PREEMPCAO_ML,6,333.1,372.0,38.9,390,CRUZ_02,2,VE_ROTA_VE_CORREDOR_00|VE_ROTA_VE_TRANSVERSAL_00,AMBULANCIA|AMBULANCIA,1|1,65.3|21.9,1|2,1,1,1,,1,1
184,multiplas_emergencias,PREEMPCAO_ML,6,479.9,484.2,4.3,44,CRUZ_08,2,VE_ROTA_VE_CORREDOR_00|VE_ROTA_VE_TRANSVERSAL_00,AMBULANCIA|AMBULANCIA,1|1,60.4|4.9,2|1,1,0,0,VE_ROTA_VE_TRANSVERSAL_00,0,0
184,multiplas_emergencias,PREEMPCAO_ML,6,921.9,950.3,28.4,285,CRUZ_02,2,VE_ROTA_VE_CORREDOR_01|VE_ROTA_VE_TRANSVERSAL_01,BOMBEIRO|BOMBEIRO,2|2,23.0|21.6,1|2,1,1,1,,1,1
184,multiplas_emergencias,PREEMPCAO_ML,6,1046.6,1070.1,23.5,236,CRUZ_08,2,VE_ROTA_VE_CORREDOR_01|VE_ROTA_VE_TRANSVERSAL_01,BOMBEIRO|BOMBEIRO,2|2,22.2|23.0,2|1,1,1,1,,1,0
184,multiplas_emergencias,PREEMPCAO_ML,6,1523.1,1545.1,22.0,221,CRUZ_02,2,VE_ROTA_VE_CORREDOR_02|VE_ROTA_VE_TRANSVERSAL_02,POLICIA|POLICIA,3|3,29.1|20.6,1|2,1,1,1,,1,1
184,multiplas_emergencias,PREEMPCAO_ML,6,1622.1,1641.7,19.6,197,CRUZ_08,2,VE_ROTA_VE_CORREDOR_02|VE_ROTA_VE_TRANSVERSAL_02,POLICIA|POLICIA,3|3,64.8|8.3,2|1,1,0,0,VE_ROTA_VE_TRANSVERSAL_02,0,0
184,multiplas_emergencias,PREEMPCAO_ML,6,2129.0,2168.7,39.7,398,CRUZ_02,2,VE_ROTA_VE_CORREDOR_03|VE_ROTA_VE_TRANSVERSAL_03,AMBULANCIA|AMBULANCIA,1|1,50.1|27.7,1|2,1,1,1,,1,1
184,multiplas_emergencias,PREEMPCAO_ML,6,2266.6,2282.1,15.5,156,CRUZ_08,2,VE_ROTA_VE_CORREDOR_03|VE_ROTA_VE_TRANSVERSAL_03,AMBULANCIA|AMBULANCIA,1|1,11.5|39.7,2|1,1,1,1,,1,0
184,multiplas_emergencias,PREEMPCAO_ML,6,2734.9,2755.8,20.9,210,CRUZ_02,2,VE_ROTA_VE_CORREDOR_04|VE_ROTA_VE_TRANSVERSAL_04,BOMBEIRO|BOMBEIRO,2|2,94.2|18.3,1|2,1,1,1,,1,1
184,multiplas_emergencias,PREEMPCAO_ML,6,2857.5,2897.4,39.9,400,CRUZ_08,2,VE_ROTA_VE_CORREDOR_04|VE_ROTA_VE_TRANSVERSAL_04,BOMBEIRO|BOMBEIRO,2|2,56.7|23.0,2|1,1,1,1,,1,1
184,multiplas_emergencias,PREEMPCAO_ML,6,3322.0,3346.3,24.3,244,CRUZ_02,2,VE_ROTA_VE_CORREDOR_05|VE_ROTA_VE_TRANSVERSAL_05,POLICIA|POLICIA,3|3,23.0|21.7,1|2,1,1,1,,1,1
184,multiplas_emergencias,PREEMPCAO_ML,6,3432.8,3451.6,18.8,189,CRUZ_08,2,VE_ROTA_VE_CORREDOR_05|VE_ROTA_VE_TRANSVERSAL_05,POLICIA|POLICIA,3|3,13.9|23.1,2|1,1,0,0,VE_ROTA_VE_CORREDOR_05,0,0
195,multiplas_emergencias,PREEMPCAO,7,324.2,345.0,20.8,209,CRUZ_02,2,VE_ROTA_VE_CORREDOR_00|VE_ROTA_VE_TRANSVERSAL_00,AMBULANCIA|AMBULANCIA,1|1,107.0|19.5,1|2,1,1,1,,0,0
195,multiplas_emergencias,PREEMPCAO,7,926.8,951.9,25.1,252,CRUZ_02,2,VE_ROTA_VE_CORREDOR_01|VE_ROTA_VE_TRANSVERSAL_01,BOMBEIRO|BOMBEIRO,2|2,35.7|16.7,1|2,1,1,1,,0,0
195,multiplas_emergencias,PREEMPCAO,7,1523.5,1551.1,27.6,277,CRUZ_02,2,VE_ROTA_VE_CORREDOR_02|VE_ROTA_VE_TRANSVERSAL_02,POLICIA|POLICIA,3|3,33.2|20.2,1|2,1,1,1,,0,0
195,multiplas_emergencias,PREEMPCAO,7,1632.9,1670.5,37.6,377,CRUZ_08,2,VE_ROTA_VE_CORREDOR_02|VE_ROTA_VE_TRANSVERSAL_02,POLICIA|POLICIA,3|3,50.3|54.3,2|1,1,1,1,,0,0
195,multiplas_emergencias,PREEMPCAO,7,2128.3,2156.3,28.0,281,CRUZ_02,2,VE_ROTA_VE_CORREDOR_03|VE_ROTA_VE_TRANSVERSAL_03,AMBULANCIA|AMBULANCIA,1|1,77.5|22.5,1|2,1,1,1,,0,0
195,multiplas_emergencias,PREEMPCAO,7,2252.1,2268.4,16.3,164,CRUZ_08,2,VE_ROTA_VE_CORREDOR_03|VE_ROTA_VE_TRANSVERSAL_03,AMBULANCIA|AMBULANCIA,1|1,65.2|15.0,2|1,1,1,1,,0,0
195,multiplas_emergencias,PREEMPCAO,7,2722.7,2754.0,31.3,314,CRUZ_02,2,VE_ROTA_VE_CORREDOR_04|VE_ROTA_VE_TRANSVERSAL_04,BOMBEIRO|BOMBEIRO,2|2,28.0|34.8,1|2,1,1,1,,0,0
195,multiplas_emergencias,PREEMPCAO,7,2854.4,2854.6,0.2,3,CRUZ_08,2,VE_ROTA_VE_CORREDOR_04|VE_ROTA_VE_TRANSVERSAL_04,BOMBEIRO|BOMBEIRO,2|2,0.0|43.4,2|1,1,0,0,VE_ROTA_VE_CORREDOR_04,0,0
195,multiplas_emergencias,PREEMPCAO,7,3327.7,3352.5,24.8,249,CRUZ_02,2,VE_ROTA_VE_CORREDOR_05|VE_ROTA_VE_TRANSVERSAL_05,POLICIA|POLICIA,3|3,35.8|20.1,1|2,1,1,1,,0,0
195,multiplas_emergencias,PREEMPCAO,7,3443.8,3454.8,11.0,111,CRUZ_08,2,VE_ROTA_VE_CORREDOR_05|VE_ROTA_VE_TRANSVERSAL_05,POLICIA|POLICIA,3|3,55.5|9.8,2|1,1,0,0,VE_ROTA_VE_TRANSVERSAL_05,0,0
196,multiplas_emergencias,PREEMPCAO_COMPENSADA,7,324.2,345.0,20.8,209,CRUZ_02,2,VE_ROTA_VE_CORREDOR_00|VE_ROTA_VE_TRANSVERSAL_00,AMBULANCIA|AMBULANCIA,1|1,107.0|19.5,1|2,1,1,1,,0,0
196,multiplas_emergencias,PREEMPCAO_COMPENSADA,7,929.0,954.3,25.3,254,CRUZ_02,2,VE_ROTA_VE_CORREDOR_01|VE_ROTA_VE_TRANSVERSAL_01,BOMBEIRO|BOMBEIRO,2|2,48.5|14.5,1|2,1,0,0,VE_ROTA_VE_TRANSVERSAL_01,0,0
196,multiplas_emergencias,PREEMPCAO_COMPENSADA,7,1062.5,1090.4,27.9,280,CRUZ_08,2,VE_ROTA_VE_CORREDOR_01|VE_ROTA_VE_TRANSVERSAL_01,BOMBEIRO|BOMBEIRO,2|2,82.8|23.5,2|1,1,1,1,,0,0
196,multiplas_emergencias,PREEMPCAO_COMPENSADA,7,1523.0,1552.8,29.8,299,CRUZ_02,2,VE_ROTA_VE_CORREDOR_02|VE_ROTA_VE_TRANSVERSAL_02,POLICIA|POLICIA,3|3,29.4|20.7,1|2,1,1,1,,0,0
196,multiplas_emergencias,PREEMPCAO_COMPENSADA,7,1657.0,1687.0,30.0,301,CRUZ_08,2,VE_ROTA_VE_CORREDOR_02|VE_ROTA_VE_TRANSVERSAL_02,POLICIA|POLICIA,3|3,37.2|19.7,2|1,1,1,1,,0,0
196,multiplas_emergencias,PREEMPCAO_COMPENSADA,7,2123.4,2164.2,40.8,409,CRUZ_02,2,VE_ROTA_VE_CORREDOR_03|VE_ROTA_VE_TRANSVERSAL_03,AMBULANCIA|AMBULANCIA,1|1,28.5|27.0,1|2,1,1,1,,0,0
196,multiplas_emergencias,PREEMPCAO_COMPENSADA,7,2249.6,2264.6,15.0,151,CRUZ_08,2,VE_ROTA_VE_CORREDOR_03|VE_ROTA_VE_TRANSVERSAL_03,AMBULANCIA|AMBULANCIA,1|1,36.1|10.2,2|1,1,0,0,VE_ROTA_VE_TRANSVERSAL_03,0,0
196,multiplas_emergencias,PREEMPCAO_COMPENSADA,7,2723.5,2761.7,38.2,383,CRUZ_02,2,VE_ROTA_VE_CORREDOR_04|VE_ROTA_VE_TRANSVERSAL_04,BOMBEIRO|BOMBEIRO,2|2,31.2|34.0,1|2,1,1,1,,0,0
196,multiplas_emergencias,PREEMPCAO_COMPENSADA,7,3331.1,3352.4,21.3,214,CRUZ_02,2,VE_ROTA_VE_CORREDOR_05|VE_ROTA_VE_TRANSVERSAL_05,POLICIA|POLICIA,3|3,73.9|18.3,1|2,1,1,1,,0,0
197,multiplas_emergencias,PREEMPCAO_ML,7,324.2,366.2,42.0,421,CRUZ_02,2,VE_ROTA_VE_CORREDOR_00|VE_ROTA_VE_TRANSVERSAL_00,AMBULANCIA|AMBULANCIA,1|1,107.0|19.5,1|2,1,1,1,,1,1
197,multiplas_emergencias,PREEMPCAO_ML,7,455.1,488.1,33.0,331,CRUZ_08,2,VE_ROTA_VE_CORREDOR_00|VE_ROTA_VE_TRANSVERSAL_00,AMBULANCIA|AMBULANCIA,1|1,44.9|14.9,2|1,1,1,1,,1,1
197,multiplas_emergencias,PREEMPCAO_ML,7,926.7,953.1,26.4,265,CRUZ_02,2,VE_ROTA_VE_CORREDOR_01|VE_ROTA_VE_TRANSVERSAL_01,BOMBEIRO|BOMBEIRO,2|2,35.7|16.8,1|2,1,0,0,VE_ROTA_VE_TRANSVERSAL_01,0,0
197,multiplas_emergencias,PREEMPCAO_ML,7,1523.6,1553.2,29.6,297,CRUZ_02,2,VE_ROTA_VE_CORREDOR_02|VE_ROTA_VE_TRANSVERSAL_02,POLICIA|POLICIA,3|3,33.9|20.1,1|2,1,1,1,,1,1
197,multiplas_emergencias,PREEMPCAO_ML,7,1632.9,1671.7,38.8,389,CRUZ_08,2,VE_ROTA_VE_CORREDOR_02|VE_ROTA_VE_TRANSVERSAL_02,POLICIA|POLICIA,3|3,53.4|28.9,2|1,1,1,1,,1,1
197,multiplas_emergencias,PREEMPCAO_ML,7,2128.2,2164.4,36.2,363,CRUZ_02,2,VE_ROTA_VE_CORREDOR_03|VE_ROTA_VE_TRANSVERSAL_03,AMBULANCIA|AMBULANCIA,1|1,75.4|22.6,1|2,1,1,1,,1,1
197,multiplas_emergencias,PREEMPCAO_ML,7,2260.5,2269.4,8.9,90,CRUZ_08,2,VE_ROTA_VE_CORREDOR_03|VE_ROTA_VE_TRANSVERSAL_03,AMBULANCIA|AMBULANCIA,1|1,66.0|8.0,2|1,1,0,0,VE_ROTA_VE_TRANSVERSAL_03,0,0
197,multiplas_emergencias,PREEMPCAO_ML,7,2731.5,2772.2,40.7,408,CRUZ_02,2,VE_ROTA_VE_CORREDOR_04|VE_ROTA_VE_TRANSVERSAL_04,BOMBEIRO|BOMBEIRO,2|2,125.0|25.9,1|2,1,1,1,,1,1
197,multiplas_emergencias,PREEMPCAO_ML,7,2857.0,2904.0,47.0,471,CRUZ_08,2,VE_ROTA_VE_CORREDOR_04|VE_ROTA_VE_TRANSVERSAL_04,BOMBEIRO|BOMBEIRO,2|2,125.0|45.4,2|1,1,1,1,,1,1
197,multiplas_emergencias,PREEMPCAO_ML,7,3326.7,3360.5,33.8,339,CRUZ_02,2,VE_ROTA_VE_CORREDOR_05|VE_ROTA_VE_TRANSVERSAL_05,POLICIA|POLICIA,3|3,32.8|20.6,1|2,1,1,1,,1,1
208,multiplas_emergencias,PREEMPCAO,8,322.5,353.5,31.0,311,CRUZ_02,2,VE_ROTA_VE_CORREDOR_00|VE_ROTA_VE_TRANSVERSAL_00,AMBULANCIA|AMBULANCIA,1|1,44.0|21.2,1|2,1,1,1,,0,0
208,multiplas_emergencias,PREEMPCAO,8,450.5,480.6,30.1,302,CRUZ_08,2,VE_ROTA_VE_CORREDOR_00|VE_ROTA_VE_TRANSVERSAL_00,AMBULANCIA|AMBULANCIA,1|1,36.0|18.2,2|1,1,1,1,,0,0
208,multiplas_emergencias,PREEMPCAO,8,921.9,946.2,24.3,244,CRUZ_02,2,VE_ROTA_VE_CORREDOR_01|VE_ROTA_VE_TRANSVERSAL_01,BOMBEIRO|BOMBEIRO,2|2,23.0|25.4,1|2,1,1,1,,0,0
208,multiplas_emergencias,PREEMPCAO,8,1522.8,1557.1,34.3,344,CRUZ_02,2,VE_ROTA_VE_CORREDOR_02|VE_ROTA_VE_TRANSVERSAL_02,POLICIA|POLICIA,3|3,32.1|32.5,1|2,1,1,1,,0,0
208,multiplas_emergencias,PREEMPCAO,8,1645.1,1666.0,20.9,210,CRUZ_08,2,VE_ROTA_VE_CORREDOR_02|VE_ROTA_VE_TRANSVERSAL_02,POLICIA|POLICIA,3|3,19.7|23.0,2|1,1,1,1,,0,0
208,multiplas_emergencias,PREEMPCAO,8,2128.6,2146.6,18.0,181,CRUZ_02,2,VE_ROTA_VE_CORREDOR_03|VE_ROTA_VE_TRANSVERSAL_03,AMBULANCIA|AMBULANCIA,1|1,42.9|15.1,1|2,1,1,1,,0,0
208,multiplas_emergencias,PREEMPCAO,8,2240.5,2243.5,3.0,31,CRUZ_08,2,VE_ROTA_VE_CORREDOR_03|VE_ROTA_VE_TRANSVERSAL_03,AMBULANCIA|AMBULANCIA,1|1,59.5|1.8,2|1,1,0,0,VE_ROTA_VE_TRANSVERSAL_03,0,0
208,multiplas_emergencias,PREEMPCAO,8,2730.3,2751.8,21.5,216,CRUZ_02,2,VE_ROTA_VE_CORREDOR_04|VE_ROTA_VE_TRANSVERSAL_04,BOMBEIRO|BOMBEIRO,2|2,125.0|13.2,1|2,1,0,0,VE_ROTA_VE_TRANSVERSAL_04,0,0
208,multiplas_emergencias,PREEMPCAO,8,2855.8,2867.1,11.3,114,CRUZ_08,2,VE_ROTA_VE_CORREDOR_04|VE_ROTA_VE_TRANSVERSAL_04,BOMBEIRO|BOMBEIRO,2|2,54.0|10.1,2|1,1,0,0,VE_ROTA_VE_TRANSVERSAL_04,0,0
208,multiplas_emergencias,PREEMPCAO,8,3322.0,3348.1,26.1,262,CRUZ_02,2,VE_ROTA_VE_CORREDOR_05|VE_ROTA_VE_TRANSVERSAL_05,POLICIA|POLICIA,3|3,23.0|23.7,1|2,1,1,1,,0,0
208,multiplas_emergencias,PREEMPCAO,8,3441.3,3460.5,19.2,193,CRUZ_08,2,VE_ROTA_VE_CORREDOR_05|VE_ROTA_VE_TRANSVERSAL_05,POLICIA|POLICIA,3|3,18.0|23.0,2|1,1,1,1,,0,0
209,multiplas_emergencias,PREEMPCAO_COMPENSADA,8,322.5,353.5,31.0,311,CRUZ_02,2,VE_ROTA_VE_CORREDOR_00|VE_ROTA_VE_TRANSVERSAL_00,AMBULANCIA|AMBULANCIA,1|1,44.0|21.2,1|2,1,1,1,,0,0
209,multiplas_emergencias,PREEMPCAO_COMPENSADA,8,450.5,480.5,30.0,301,CRUZ_08,2,VE_ROTA_VE_CORREDOR_00|VE_ROTA_VE_TRANSVERSAL_00,AMBULANCIA|AMBULANCIA,1|1,35.9|18.2,2|1,1,1,1,,0,0
209,multiplas_emergencias,PREEMPCAO_COMPENSADA,8,921.9,951.4,29.5,296,CRUZ_02,2,VE_ROTA_VE_CORREDOR_01|VE_ROTA_VE_TRANSVERSAL_01,BOMBEIRO|BOMBEIRO,2|2,23.0|25.5,1|2,1,1,1,,0,0
209,multiplas_emergencias,PREEMPCAO_COMPENSADA,8,1043.5,1046.1,2.6,27,CRUZ_08,2,VE_ROTA_VE_CORREDOR_01|VE_ROTA_VE_TRANSVERSAL_01,BOMBEIRO|BOMBEIRO,2|2,1.5|42.8,2|1,1,0,0,VE_ROTA_VE_CORREDOR_01,0,0
209,multiplas_emergencias,PREEMPCAO_COMPENSADA,8,1522.0,1552.3,30.3,304,CRUZ_02,2,VE_ROTA_VE_CORREDOR_02|VE_ROTA_VE_TRANSVERSAL_02,POLICIA|POLICIA,3|3,23.0|33.6,1|2,1,1,1,,0,0
209,multiplas_emergencias,PREEMPCAO_COMPENSADA,8,1669.2,1687.3,18.1,182,CRUZ_08,2,VE_ROTA_VE_CORREDOR_02|VE_ROTA_VE_TRANSVERSAL_02,POLICIA|POLICIA,3|3,12.3|30.0,2|1,1,0,0,VE_ROTA_VE_CORREDOR_02,0,0
209,multiplas_emergencias,PREEMPCAO_COMPENSADA,8,2128.6,2155.1,26.5,266,CRUZ_02,2,VE_ROTA_VE_CORREDOR_03|VE_ROTA_VE_TRANSVERSAL_03,AMBULANCIA|AMBULANCIA,1|1,42.7|15.1,1|2,1,1,1,,0,0
209,multiplas_emergencias,PREEMPCAO_COMPENSADA,8,2252.8,2264.0,11.2,113,CRUZ_08,2,VE_ROTA_VE_CORREDOR_03|VE_ROTA_VE_TRANSVERSAL_03,AMBULANCIA|AMBULANCIA,1|1,36.6|10.1,2|1,1,1,1,,0,0
209,multiplas_emergencias,PREEMPCAO_COMPENSADA,8,2722.2,2768.2,46.0,461,CRUZ_02,2,VE_ROTA_VE_CORREDOR_04|VE_ROTA_VE_TRANSVERSAL_04,BOMBEIRO|BOMBEIRO,2|2,27.3|21.3,1|2,1,1,1,,0,0
209,multiplas_emergencias,PREEMPCAO_COMPENSADA,8,2846.5,2870.5,24.0,241,CRUZ_08,2,VE_ROTA_VE_CORREDOR_04|VE_ROTA_VE_TRANSVERSAL_04,BOMBEIRO|BOMBEIRO,2|2,66.1|48.2,2|1,1,1,1,,0,0
209,multiplas_emergencias,PREEMPCAO_COMPENSADA,8,3327.4,3353.7,26.3,264,CRUZ_02,2,VE_ROTA_VE_CORREDOR_05|VE_ROTA_VE_TRANSVERSAL_05,POLICIA|POLICIA,3|3,94.0|23.1,1|2,1,1,1,,0,0
209,multiplas_emergencias,PREEMPCAO_COMPENSADA,8,3452.6,3454.1,1.5,16,CRUZ_08,2,VE_ROTA_VE_CORREDOR_05|VE_ROTA_VE_TRANSVERSAL_05,POLICIA|POLICIA,3|3,38.3|0.6,2|1,1,0,0,VE_ROTA_VE_TRANSVERSAL_05,0,0
210,multiplas_emergencias,PREEMPCAO_ML,8,322.5,353.5,31.0,311,CRUZ_02,2,VE_ROTA_VE_CORREDOR_00|VE_ROTA_VE_TRANSVERSAL_00,AMBULANCIA|AMBULANCIA,1|1,44.0|21.2,1|2,1,1,1,,1,1
210,multiplas_emergencias,PREEMPCAO_ML,8,450.5,488.8,38.3,384,CRUZ_08,2,VE_ROTA_VE_CORREDOR_00|VE_ROTA_VE_TRANSVERSAL_00,AMBULANCIA|AMBULANCIA,1|1,36.0|18.2,2|1,1,1,1,,1,1
210,multiplas_emergencias,PREEMPCAO_ML,8,921.9,946.2,24.3,244,CRUZ_02,2,VE_ROTA_VE_CORREDOR_01|VE_ROTA_VE_TRANSVERSAL_01,BOMBEIRO|BOMBEIRO,2|2,23.0|25.5,1|2,1,1,1,,1,0
210,multiplas_emergencias,PREEMPCAO_ML,8,1522.8,1557.1,34.3,344,CRUZ_02,2,VE_ROTA_VE_CORREDOR_02|VE_ROTA_VE_TRANSVERSAL_02,POLICIA|POLICIA,3|3,34.4|32.7,1|2,1,1,1,,1,1
210,multiplas_emergencias,PREEMPCAO_ML,8,1645.1,1661.2,16.1,162,CRUZ_08,2,VE_ROTA_VE_CORREDOR_02|VE_ROTA_VE_TRANSVERSAL_02,POLICIA|POLICIA,3|3,14.8|23.0,2|1,1,1,1,,1,0
210,multiplas_emergencias,PREEMPCAO_ML,8,2128.6,2146.6,18.0,181,CRUZ_02,2,VE_ROTA_VE_CORREDOR_03|VE_ROTA_VE_TRANSVERSAL_03,AMBULANCIA|AMBULANCIA,1|1,43.0|15.0,1|2,1,1,1,,1,1
210,multiplas_emergencias,PREEMPCAO_ML,8,2240.6,2241.7,1.1,12,CRUZ_08,2,VE_ROTA_VE_CORREDOR_03|VE_ROTA_VE_TRANSVERSAL_03,AMBULANCIA|AMBULANCIA,1|1,59.4|0.3,2|1,1,0,0,VE_ROTA_VE_TRANSVERSAL_03,0,0
210,multiplas_emergencias,PREEMPCAO_ML,8,2730.3,2751.8,21.5,216,CRUZ_02,2,VE_ROTA_VE_CORREDOR_04|VE_ROTA_VE_TRANSVERSAL_04,BOMBEIRO|BOMBEIRO,2|2,125.0|13.2,1|2,1,0,0,VE_ROTA_VE_TRANSVERSAL_04,0,0
210,multiplas_emergencias,PREEMPCAO_ML,8,2852.5,2867.5,15.0,151,CRUZ_08,2,VE_ROTA_VE_CORREDOR_04|VE_ROTA_VE_TRANSVERSAL_04,BOMBEIRO|BOMBEIRO,2|2,54.7|13.4,2|1,1,0,0,VE_ROTA_VE_TRANSVERSAL_04,0,0
210,multiplas_emergencias,PREEMPCAO_ML,8,3322.0,3349.6,27.6,277,CRUZ_02,2,VE_ROTA_VE_CORREDOR_05|VE_ROTA_VE_TRANSVERSAL_05,POLICIA|POLICIA,3|3,23.1|23.8,1|2,1,1,1,,1,0
210,multiplas_emergencias,PREEMPCAO_ML,8,3442.9,3460.8,17.9,180,CRUZ_08,2,VE_ROTA_VE_CORREDOR_05|VE_ROTA_VE_TRANSVERSAL_05,POLICIA|POLICIA,3|3,16.7|28.2,2|1,1,1,1,,1,0
221,multiplas_emergencias,PREEMPCAO,9,324.0,345.4,21.4,215,CRUZ_02,2,VE_ROTA_VE_CORREDOR_00|VE_ROTA_VE_TRANSVERSAL_00,AMBULANCIA|AMBULANCIA,1|1,107.5|19.6,1|2,1,1,1,,0,0
221,multiplas_emergencias,PREEMPCAO,9,453.1,460.8,7.7,78,CRUZ_08,2,VE_ROTA_VE_CORREDOR_00|VE_ROTA_VE_TRANSVERSAL_00,AMBULANCIA|AMBULANCIA,1|1,37.4|6.8,2|1,1,0,0,VE_ROTA_VE_TRANSVERSAL_00,0,0
221,multiplas_emergencias,PREEMPCAO,9,928.8,944.9,16.1,162,CRUZ_02,2,VE_ROTA_VE_CORREDOR_01|VE_ROTA_VE_TRANSVERSAL_01,BOMBEIRO|BOMBEIRO,2|2,107.2|14.7,1|2,1,1,1,,0,0
221,multiplas_emergencias,PREEMPCAO,9,1016.9,1050.8,33.9,340,CRUZ_08,2,VE_ROTA_VE_CORREDOR_01|VE_ROTA_VE_TRANSVERSAL_01,BOMBEIRO|BOMBEIRO,2|2,31.3|19.1,2|1,1,1,1,,0,0
221,multiplas_emergencias,PREEMPCAO,9,1528.6,1558.5,29.9,300,CRUZ_02,2,VE_ROTA_VE_CORREDOR_02|VE_ROTA_VE_TRANSVERSAL_02,POLICIA|POLICIA,3|3,35.1|17.8,1|2,1,0,0,VE_ROTA_VE_TRANSVERSAL_02,0,0
221,multiplas_emergencias,PREEMPCAO,9,1657.6,1665.2,7.6,77,CRUZ_08,2,VE_ROTA_VE_CORREDOR_02|VE_ROTA_VE_TRANSVERSAL_02,POLICIA|POLICIA,3|3,38.3|4.9,2|1,1,0,0,VE_ROTA_VE_TRANSVERSAL_02,0,0
221,multiplas_emergencias,PREEMPCAO,9,2123.5,2146.8,23.3,234,CRUZ_02,2,VE_ROTA_VE_CORREDOR_03|VE_ROTA_VE_TRANSVERSAL_03,AMBULANCIA|AMBULANCIA,1|1,40.4|20.1,1|2,1,1,1,,0,0
221,multiplas_emergencias,PREEMPCAO,9,2732.1,2753.6,21.5,216,CRUZ_02,2,VE_ROTA_VE_CORREDOR_04|VE_ROTA_VE_TRANSVERSAL_04,BOMBEIRO|BOMBEIRO,2|2,66.1|18.0,1|2,1,1,1,,0,0
221,multiplas_emergencias,PREEMPCAO,9,3332.8,3347.7,14.9,150,CRUZ_02,2,VE_ROTA_VE_CORREDOR_05|VE_ROTA_VE_TRANSVERSAL_05,POLICIA|POLICIA,3|3,81.4|12.2,1|2,1,0,0,VE_ROTA_VE_TRANSVERSAL_05,0,0
221,multiplas_emergencias,PREEMPCAO,9,3439.6,3466.5,26.9,270,CRUZ_08,2,VE_ROTA_VE_CORREDOR_05|VE_ROTA_VE_TRANSVERSAL_05,POLICIA|POLICIA,3|3,26.7|23.0,2|1,1,1,1,,0,0
222,multiplas_emergencias,PREEMPCAO_COMPENSADA,9,324.0,345.4,21.4,215,CRUZ_02,2,VE_ROTA_VE_CORREDOR_00|VE_ROTA_VE_TRANSVERSAL_00,AMBULANCIA|AMBULANCIA,1|1,107.5|19.6,1|2,1,1,1,,0,0
222,multiplas_emergencias,PREEMPCAO_COMPENSADA,9,453.1,460.8,7.7,78,CRUZ_08,2,VE_ROTA_VE_CORREDOR_00|VE_ROTA_VE_TRANSVERSAL_00,AMBULANCIA|AMBULANCIA,1|1,37.4|6.8,2|1,1,0,0,VE_ROTA_VE_TRANSVERSAL_00,0,0
222,multiplas_emergencias,PREEMPCAO_COMPENSADA,9,927.1,944.9,17.8,179,CRUZ_02,2,VE_ROTA_VE_CORREDOR_01|VE_ROTA_VE_TRANSVERSAL_01,BOMBEIRO|BOMBEIRO,2|2,28.3|16.4,1|2,1,1,1,,0,0
222,multiplas_emergencias,PREEMPCAO_COMPENSADA,9,1025.5,1047.5,22.0,221,CRUZ_08,2,VE_ROTA_VE_CORREDOR_01|VE_ROTA_VE_TRANSVERSAL_01,BOMBEIRO|BOMBEIRO,2|2,35.0|16.8,2|1,1,1,1,,0,0
222,multiplas_emergencias,PREEMPCAO_COMPENSADA,9,1535.5,1558.5,23.0,231,CRUZ_02,2,VE_ROTA_VE_CORREDOR_02|VE_ROTA_VE_TRANSVERSAL_02,POLICIA|POLICIA,3|3,125.0|13.2,1|2,1,0,0,VE_ROTA_VE_TRANSVERSAL_02,0,0
222,multiplas_emergencias,PREEMPCAO_COMPENSADA,9,1680.0,1683.7,3.7,38,CRUZ_08,2,VE_ROTA_VE_CORREDOR_02|VE_ROTA_VE_TRANSVERSAL_02,POLICIA|POLICIA,3|3,36.1|3.0,2|1,1,0,0,VE_ROTA_VE_TRANSVERSAL_02,0,0
222,multiplas_emergencias,PREEMPCAO_COMPENSADA,9,2124.7,2146.9,22.2,223,CRUZ_02,2,VE_ROTA_VE_CORREDOR_03|VE_ROTA_VE_TRANSVERSAL_03,AMBULANCIA|AMBULANCIA,1|1,45.9|18.9,1|2,1,1,1,,0,0
222,multiplas_emergencias,PREEMPCAO_COMPENSADA,9,2248.0,2257.1,9.1,92,CRUZ_08,2,VE_ROTA_VE_CORREDOR_03|VE_ROTA_VE_TRANSVERSAL_03,AMBULANCIA|AMBULANCIA,1|1,46.3|7.2,2|1,1,0,0,VE_ROTA_VE_TRANSVERSAL_03,0,0
222,multiplas_emergencias,PREEMPCAO_COMPENSADA,9,2724.1,2761.2,37.1,372,CRUZ_02,2,VE_ROTA_VE_CORREDOR_04|VE_ROTA_VE_TRANSVERSAL_04,BOMBEIRO|BOMBEIRO,2|2,23.5|20.6,1|2,1,1,1,,0,0
222,multiplas_emergencias,PREEMPCAO_COMPENSADA,9,2833.6,2861.3,27.7,278,CRUZ_08,2,VE_ROTA_VE_CORREDOR_04|VE_ROTA_VE_TRANSVERSAL_04,BOMBEIRO|BOMBEIRO,2|2,45.3|23.0,2|1,1,1,1,,0,0
222,multiplas_emergencias,PREEMPCAO_COMPENSADA,9,3329.4,3349.0,19.6,197,CRUZ_02,2,VE_ROTA_VE_CORREDOR_05|VE_ROTA_VE_TRANSVERSAL_05,POLICIA|POLICIA,3|3,45.7|14.3,1|2,1,0,0,VE_ROTA_VE_TRANSVERSAL_05,0,0
222,multiplas_emergencias,PREEMPCAO_COMPENSADA,9,3447.5,3477.3,29.8,299,CRUZ_08,2,VE_ROTA_VE_CORREDOR_05|VE_ROTA_VE_TRANSVERSAL_05,POLICIA|POLICIA,3|3,125.0|39.4,2|1,1,1,1,,0,0
223,multiplas_emergencias,PREEMPCAO_ML,9,324.0,365.1,41.1,412,CRUZ_02,2,VE_ROTA_VE_CORREDOR_00|VE_ROTA_VE_TRANSVERSAL_00,AMBULANCIA|AMBULANCIA,1|1,107.5|19.6,1|2,1,1,1,,1,1
223,multiplas_emergencias,PREEMPCAO_ML,9,454.0,494.6,40.6,407,CRUZ_08,2,VE_ROTA_VE_CORREDOR_00|VE_ROTA_VE_TRANSVERSAL_00,AMBULANCIA|AMBULANCIA,1|1,42.8|15.5,2|1,1,1,1,,1,1
223,multiplas_emergencias,PREEMPCAO_ML,9,936.1,944.9,8.8,89,CRUZ_02,2,VE_ROTA_VE_CORREDOR_01|VE_ROTA_VE_TRANSVERSAL_01,BOMBEIRO|BOMBEIRO,2|2,125.0|7.4,1|2,1,0,0,VE_ROTA_VE_TRANSVERSAL_01,0,0
223,multiplas_emergencias,PREEMPCAO_ML,9,1528.6,1558.7,30.1,302,CRUZ_02,2,VE_ROTA_VE_CORREDOR_02|VE_ROTA_VE_TRANSVERSAL_02,POLICIA|POLICIA,3|3,35.1|17.7,1|2,1,0,0,VE_ROTA_VE_TRANSVERSAL_02,0,0
223,multiplas_emergencias,PREEMPCAO_ML,9,2123.5,2156.7,33.2,333,CRUZ_02,2,VE_ROTA_VE_CORREDOR_03|VE_ROTA_VE_TRANSVERSAL_03,AMBULANCIA|AMBULANCIA,1|1,40.4|20.1,1|2,1,1,1,,1,1
223,multiplas_emergencias,PREEMPCAO_ML,9,2256.9,2286.5,29.6,297,CRUZ_08,2,VE_ROTA_VE_CORREDOR_03|VE_ROTA_VE_TRANSVERSAL_03,AMBULANCIA|AMBULANCIA,1|1,49.8|14.5,2|1,1,1,1,,1,1
223,multiplas_emergencias,PREEMPCAO_ML,9,2732.2,2759.5,27.3,274,CRUZ_02,2,VE_ROTA_VE_CORREDOR_04|VE_ROTA_VE_TRANSVERSAL_04,BOMBEIRO|BOMBEIRO,2|2,66.9|17.9,1|2,1,1,1,,1,1
223,multiplas_emergencias,PREEMPCAO_ML,9,2861.9,2890.7,28.8,289,CRUZ_08,2,VE_ROTA_VE_CORREDOR_04|VE_ROTA_VE_TRANSVERSAL_04,BOMBEIRO|BOMBEIRO,2|2,54.9|14.3,2|1,1,1,1,,1,1
223,multiplas_emergencias,PREEMPCAO_ML,9,3332.7,3347.4,14.7,148,CRUZ_02,2,VE_ROTA_VE_CORREDOR_05|VE_ROTA_VE_TRANSVERSAL_05,POLICIA|POLICIA,3|3,78.9|12.3,1|2,1,0,0,VE_ROTA_VE_TRANSVERSAL_05,0,0
223,multiplas_emergencias,PREEMPCAO_ML,9,3429.8,3451.1,21.3,214,CRUZ_08,2,VE_ROTA_VE_CORREDOR_05|VE_ROTA_VE_TRANSVERSAL_05,POLICIA|POLICIA,3|3,31.6|20.6,2|1,1,1,1,,1,1
234,multiplas_emergencias,PREEMPCAO,10,329.4,368.1,38.7,388,CRUZ_02,2,VE_ROTA_VE_CORREDOR_00|VE_ROTA_VE_TRANSVERSAL_00,AMBULANCIA|AMBULANCIA,1|1,125.0|33.2,1|2,1,1,1,,0,0
234,multiplas_emergencias,PREEMPCAO,10,928.5,955.8,27.3,274,CRUZ_02,2,VE_ROTA_VE_CORREDOR_01|VE_ROTA_VE_TRANSVERSAL_01,BOMBEIRO|BOMBEIRO,2|2,108.3|15.0,1|2,1,1,1,,0,0
234,multiplas_emergencias,PREEMPCAO,10,1041.3,1078.8,37.5,376,CRUZ_08,2,VE_ROTA_VE_CORREDOR_01|VE_ROTA_VE_TRANSVERSAL_01,BOMBEIRO|BOMBEIRO,2|2,37.4|55.2,2|1,1,1,1,,0,0
234,multiplas_emergencias,PREEMPCAO,10,1522.0,1546.9,24.9,250,CRUZ_02,2,VE_ROTA_VE_CORREDOR_02|VE_ROTA_VE_TRANSVERSAL_02,POLICIA|POLICIA,3|3,23.0|37.3,1|2,1,1,1,,0,0
234,multiplas_emergencias,PREEMPCAO,10,2128.5,2151.1,22.6,227,CRUZ_02,2,VE_ROTA_VE_CORREDOR_03|VE_ROTA_VE_TRANSVERSAL_03,AMBULANCIA|AMBULANCIA,1|1,35.2|21.0,1|2,1,1,1,,0,0
234,multiplas_emergencias,PREEMPCAO,10,2245.5,2251.6,6.1,62,CRUZ_08,2,VE_ROTA_VE_CORREDOR_03|VE_ROTA_VE_TRANSVERSAL_03,AMBULANCIA|AMBULANCIA,1|1,36.1|5.3,2|1,1,0,0,VE_ROTA_VE_TRANSVERSAL_03,0,0
234,multiplas_emergencias,PREEMPCAO,10,2725.6,2759.1,33.5,336,CRUZ_02,2,VE_ROTA_VE_CORREDOR_04|VE_ROTA_VE_TRANSVERSAL_04,BOMBEIRO|BOMBEIRO,2|2,43.1|21.5,1|2,1,1,1,,0,0
234,multiplas_emergencias,PREEMPCAO,10,2839.7,2871.0,31.3,314,CRUZ_08,2,VE_ROTA_VE_CORREDOR_04|VE_ROTA_VE_TRANSVERSAL_04,BOMBEIRO|BOMBEIRO,2|2,26.5|37.9,2|1,1,1,1,,0,0
234,multiplas_emergencias,PREEMPCAO,10,3322.0,3345.1,23.1,232,CRUZ_02,2,VE_ROTA_VE_CORREDOR_05|VE_ROTA_VE_TRANSVERSAL_05,POLICIA|POLICIA,3|3,23.1|21.7,1|2,1,1,1,,0,0
234,multiplas_emergencias,PREEMPCAO,10,3436.6,3438.5,1.9,20,CRUZ_08,2,VE_ROTA_VE_CORREDOR_05|VE_ROTA_VE_TRANSVERSAL_05,POLICIA|POLICIA,3|3,64.6|1.1,2|1,1,0,0,VE_ROTA_VE_TRANSVERSAL_05,0,0
235,multiplas_emergencias,PREEMPCAO_COMPENSADA,10,329.4,368.1,38.7,388,CRUZ_02,2,VE_ROTA_VE_CORREDOR_00|VE_ROTA_VE_TRANSVERSAL_00,AMBULANCIA|AMBULANCIA,1|1,125.0|33.2,1|2,1,1,1,,0,0
235,multiplas_emergencias,PREEMPCAO_COMPENSADA,10,927.1,948.9,21.8,219,CRUZ_02,2,VE_ROTA_VE_CORREDOR_01|VE_ROTA_VE_TRANSVERSAL_01,BOMBEIRO|BOMBEIRO,2|2,30.7|16.4,1|2,1,1,1,,0,0
235,multiplas_emergencias,PREEMPCAO_COMPENSADA,10,1052.2,1082.5,30.3,304,CRUZ_08,2,VE_ROTA_VE_CORREDOR_01|VE_ROTA_VE_TRANSVERSAL_01,BOMBEIRO|BOMBEIRO,2|2,91.9|19.8,2|1,1,0,0,VE_ROTA_VE_TRANSVERSAL_01,0,0
235,multiplas_emergencias,PREEMPCAO_COMPENSADA,10,1522.0,1553.2,31.2,313,CRUZ_02,2,VE_ROTA_VE_CORREDOR_02|VE_ROTA_VE_TRANSVERSAL_02,POLICIA|POLICIA,3|3,23.0|37.1,1|2,1,1,1,,0,0
235,multiplas_emergencias,PREEMPCAO_COMPENSADA,10,1642.8,1669.5,26.7,268,CRUZ_08,2,VE_ROTA_VE_CORREDOR_02|VE_ROTA_VE_TRANSVERSAL_02,POLICIA|POLICIA,3|3,23.6|23.1,2|1,1,1,1,,0,0
235,multiplas_emergencias,PREEMPCAO_COMPENSADA,10,2128.4,2157.2,28.8,289,CRUZ_02,2,VE_ROTA_VE_CORREDOR_03|VE_ROTA_VE_TRANSVERSAL_03,AMBULANCIA|AMBULANCIA,1|1,38.0|21.2,1|2,1,1,1,,0,0
235,multiplas_emergencias,PREEMPCAO_COMPENSADA,10,2247.4,2263.7,16.3,164,CRUZ_08,2,VE_ROTA_VE_CORREDOR_03|VE_ROTA_VE_TRANSVERSAL_03,AMBULANCIA|AMBULANCIA,1|1,124.9|6.7,2|1,1,0,0,VE_ROTA_VE_TRANSVERSAL_03,0,0
235,multiplas_emergencias,PREEMPCAO_COMPENSADA,10,2725.2,2770.5,45.3,454,CRUZ_02,2,VE_ROTA_VE_CORREDOR_04|VE_ROTA_VE_TRANSVERSAL_04,BOMBEIRO|BOMBEIRO,2|2,23.0|21.6,1|2,1,1,1,,0,0
235,multiplas_emergencias,PREEMPCAO_COMPENSADA,10,2858.1,2883.5,25.4,255,CRUZ_08,2,VE_ROTA_VE_CORREDOR_04|VE_ROTA_VE_TRANSVERSAL_04,BOMBEIRO|BOMBEIRO,2|2,56.8|23.0,2|1,1,1,1,,0,0
235,multiplas_emergencias,PREEMPCAO_COMPENSADA,10,3322.0,3345.1,23.1,232,CRUZ_02,2,VE_ROTA_VE_CORREDOR_05|VE_ROTA_VE_TRANSVERSAL_05,POLICIA|POLICIA,3|3,23.0|21.7,1|2,1,1,1,,0,0
235,multiplas_emergencias,PREEMPCAO_COMPENSADA,10,3433.9,3449.0,15.1,152,CRUZ_08,2,VE_ROTA_VE_CORREDOR_05|VE_ROTA_VE_TRANSVERSAL_05,POLICIA|POLICIA,3|3,38.1|14.0,2|1,1,1,1,,0,0
236,multiplas_emergencias,PREEMPCAO_ML,10,329.4,370.0,40.6,407,CRUZ_02,2,VE_ROTA_VE_CORREDOR_00|VE_ROTA_VE_TRANSVERSAL_00,AMBULANCIA|AMBULANCIA,1|1,125.0|33.2,1|2,1,1,1,,1,1
236,multiplas_emergencias,PREEMPCAO_ML,10,478.9,491.7,12.8,129,CRUZ_08,2,VE_ROTA_VE_CORREDOR_00|VE_ROTA_VE_TRANSVERSAL_00,AMBULANCIA|AMBULANCIA,1|1,11.6|27.4,2|1,1,1,1,,1,0
236,multiplas_emergencias,PREEMPCAO_ML,10,928.5,950.6,22.1,222,CRUZ_02,2,VE_ROTA_VE_CORREDOR_01|VE_ROTA_VE_TRANSVERSAL_01,BOMBEIRO|BOMBEIRO,2|2,108.6|15.0,1|2,1,0,0,VE_ROTA_VE_TRANSVERSAL_01,0,0
236,multiplas_emergencias,PREEMPCAO_ML,10,1053.4,1072.3,18.9,190,CRUZ_08,2,VE_ROTA_VE_CORREDOR_01|VE_ROTA_VE_TRANSVERSAL_01,BOMBEIRO|BOMBEIRO,2|2,53.0|9.9,2|1,1,0,0,VE_ROTA_VE_TRANSVERSAL_01,0,0
236,multiplas_emergencias,PREEMPCAO_ML,10,1522.0,1546.9,24.9,250,CRUZ_02,2,VE_ROTA_VE_CORREDOR_02|VE_ROTA_VE_TRANSVERSAL_02,POLICIA|POLICIA,3|3,23.0|37.2,1|2,1,1,1,,1,0
236,multiplas_emergencias,PREEMPCAO_ML,10,1642.1,1654.3,12.2,123,CRUZ_08,2,VE_ROTA_VE_CORREDOR_02|VE_ROTA_VE_TRANSVERSAL_02,POLICIA|POLICIA,3|3,10.9|23.0,2|1,1,0,0,VE_ROTA_VE_CORREDOR_02,0,0
236,multiplas_emergencias,PREEMPCAO_ML,10,2128.6,2163.7,35.1,352,CRUZ_02,2,VE_ROTA_VE_CORREDOR_03|VE_ROTA_VE_TRANSVERSAL_03,AMBULANCIA|AMBULANCIA,1|1,35.4|20.9,1|2,1,1,1,,1,1
236,multiplas_emergencias,PREEMPCAO_ML,10,2248.2,2286.2,38.0,381,CRUZ_08,2,VE_ROTA_VE_CORREDOR_03|VE_ROTA_VE_TRANSVERSAL_03,AMBULANCIA|AMBULANCIA,1|1,48.7|38.8,2|1,1,1,1,,1,1
236,multiplas_emergencias,PREEMPCAO_ML,10,2725.6,2751.1,25.5,256,CRUZ_02,2,VE_ROTA_VE_CORREDOR_04|VE_ROTA_VE_TRANSVERSAL_04,BOMBEIRO|BOMBEIRO,2|2,42.6|21.5,1|2,1,1,1,,1,1
236,multiplas_emergencias,PREEMPCAO_ML,10,3322.0,3346.3,24.3,244,CRUZ_02,2,VE_ROTA_VE_CORREDOR_05|VE_ROTA_VE_TRANSVERSAL_05,POLICIA|POLICIA,3|3,23.1|21.7,1|2,1,1,1,,1,1
236,multiplas_emergencias,PREEMPCAO_ML,10,3422.3,3458.4,36.1,362,CRUZ_08,2,VE_ROTA_VE_CORREDOR_05|VE_ROTA_VE_TRANSVERSAL_05,POLICIA|POLICIA,3|3,30.5|47.1,2|1,1,1,1,,1,0
247,multiplas_emergencias,PREEMPCAO,11,322.5,349.1,26.6,267,CRUZ_02,2,VE_ROTA_VE_CORREDOR_00|VE_ROTA_VE_TRANSVERSAL_00,AMBULANCIA|AMBULANCIA,1|1,44.0|21.1,1|2,1,1,1,,0,0
247,multiplas_emergencias,PREEMPCAO,11,449.8,477.8,28.0,281,CRUZ_08,2,VE_ROTA_VE_CORREDOR_00|VE_ROTA_VE_TRANSVERSAL_00,AMBULANCIA|AMBULANCIA,1|1,36.1|14.1,2|1,1,1,1,,0,0
247,multiplas_emergencias,PREEMPCAO,11,921.9,946.3,24.4,245,CRUZ_02,2,VE_ROTA_VE_CORREDOR_01|VE_ROTA_VE_TRANSVERSAL_01,BOMBEIRO|BOMBEIRO,2|2,23.0|25.0,1|2,1,1,1,,0,0
247,multiplas_emergencias,PREEMPCAO,11,1037.9,1040.5,2.6,27,CRUZ_08,2,VE_ROTA_VE_CORREDOR_01|VE_ROTA_VE_TRANSVERSAL_01,BOMBEIRO|BOMBEIRO,2|2,1.3|23.0,2|1,1,0,0,VE_ROTA_VE_CORREDOR_01,0,0
247,multiplas_emergencias,PREEMPCAO,11,1522.0,1547.9,25.9,260,CRUZ_02,2,VE_ROTA_VE_CORREDOR_02|VE_ROTA_VE_TRANSVERSAL_02,POLICIA|POLICIA,3|3,23.1|21.7,1|2,1,1,1,,0,0
247,multiplas_emergencias,PREEMPCAO,11,1629.4,1657.9,28.5,286,CRUZ_08,2,VE_ROTA_VE_CORREDOR_02|VE_ROTA_VE_TRANSVERSAL_02,POLICIA|POLICIA,3|3,33.0|20.2,2|1,1,1,1,,0,0
247,multiplas_emergencias,PREEMPCAO,11,2124.4,2150.0,25.6,257,CRUZ_02,2,VE_ROTA_VE_CORREDOR_03|VE_ROTA_VE_TRANSVERSAL_03,AMBULANCIA|AMBULANCIA,1|1,70.6|19.2,1|2,1,1,1,,0,0
247,multiplas_emergencias,PREEMPCAO,11,2239.3,2266.5,27.2,273,CRUZ_08,2,VE_ROTA_VE_CORREDOR_03|VE_ROTA_VE_TRANSVERSAL_03,AMBULANCIA|AMBULANCIA,1|1,52.4|22.2,2|1,1,1,1,,0,0
247,multiplas_emergencias,PREEMPCAO,11,2723.9,2765.3,41.4,415,CRUZ_02,2,VE_ROTA_VE_CORREDOR_04|VE_ROTA_VE_TRANSVERSAL_04,BOMBEIRO|BOMBEIRO,2|2,107.1|33.9,1|2,1,1,1,,0,0
247,multiplas_emergencias,PREEMPCAO,11,3322.0,3345.4,23.4,235,CRUZ_02,2,VE_ROTA_VE_CORREDOR_05|VE_ROTA_VE_TRANSVERSAL_05,POLICIA|POLICIA,3|3,23.0|21.7,1|2,1,1,1,,0,0
247,multiplas_emergencias,PREEMPCAO,11,3437.1,3461.7,24.6,247,CRUZ_08,2,VE_ROTA_VE_CORREDOR_05|VE_ROTA_VE_TRANSVERSAL_05,POLICIA|POLICIA,3|3,25.5|23.1,2|1,1,1,1,,0,0
248,multiplas_emergencias,PREEMPCAO_COMPENSADA,11,322.5,349.1,26.6,267,CRUZ_02,2,VE_ROTA_VE_CORREDOR_00|VE_ROTA_VE_TRANSVERSAL_00,AMBULANCIA|AMBULANCIA,1|1,44.0|21.1,1|2,1,1,1,,0,0
248,multiplas_emergencias,PREEMPCAO_COMPENSADA,11,449.8,477.8,28.0,281,CRUZ_08,2,VE_ROTA_VE_CORREDOR_00|VE_ROTA_VE_TRANSVERSAL_00,AMBULANCIA|AMBULANCIA,1|1,36.1|14.1,2|1,1,1,1,,0,0
248,multiplas_emergencias,PREEMPCAO_COMPENSADA,11,921.9,952.5,30.6,307,CRUZ_02,2,VE_ROTA_VE_CORREDOR_01|VE_ROTA_VE_TRANSVERSAL_01,BOMBEIRO|BOMBEIRO,2|2,23.0|25.0,1|2,1,1,1,,0,0
248,multiplas_emergencias,PREEMPCAO_COMPENSADA,11,1037.8,1065.9,28.1,282,CRUZ_08,2,VE_ROTA_VE_CORREDOR_01|VE_ROTA_VE_TRANSVERSAL_01,BOMBEIRO|BOMBEIRO,2|2,26.8|42.8,2|1,1,1,1,,0,0
248,multiplas_emergencias,PREEMPCAO_COMPENSADA,11,1522.0,1547.9,25.9,260,CRUZ_02,2,VE_ROTA_VE_CORREDOR_02|VE_ROTA_VE_TRANSVERSAL_02,POLICIA|POLICIA,3|3,23.0|21.7,1|2,1,1,1,,0,0
248,multiplas_emergencias,PREEMPCAO_COMPENSADA,11,2122.4,2147.1,24.7,248,CRUZ_02,2,VE_ROTA_VE_CORREDOR_03|VE_ROTA_VE_TRANSVERSAL_03,AMBULANCIA|AMBULANCIA,1|1,26.1|21.2,1|2,1,1,1,,0,0
248,multiplas_emergencias,PREEMPCAO_COMPENSADA,11,2237.8,2277.4,39.6,397,CRUZ_08,2,VE_ROTA_VE_CORREDOR_03|VE_ROTA_VE_TRANSVERSAL_03,AMBULANCIA|AMBULANCIA,1|1,30.3|25.2,2|1,1,1,1,,0,0
248,multiplas_emergencias,PREEMPCAO_COMPENSADA,11,2721.9,2751.4,29.5,296,CRUZ_02,2,VE_ROTA_VE_CORREDOR_04|VE_ROTA_VE_TRANSVERSAL_04,BOMBEIRO|BOMBEIRO,2|2,23.0|36.0,1|2,1,1,1,,0,0
248,multiplas_emergencias,PREEMPCAO_COMPENSADA,11,2839.0,2857.3,18.3,184,CRUZ_08,2,VE_ROTA_VE_CORREDOR_04|VE_ROTA_VE_TRANSVERSAL_04,BOMBEIRO|BOMBEIRO,2|2,17.0|23.1,2|1,1,1,1,,0,0
248,multiplas_emergencias,PREEMPCAO_COMPENSADA,11,3322.4,3345.1,22.7,228,CRUZ_02,2,VE_ROTA_VE_CORREDOR_05|VE_ROTA_VE_TRANSVERSAL_05,POLICIA|POLICIA,3|3,24.7|21.3,1|2,1,1,1,,0,0
248,multiplas_emergencias,PREEMPCAO_COMPENSADA,11,3425.4,3448.0,22.6,227,CRUZ_08,2,VE_ROTA_VE_CORREDOR_05|VE_ROTA_VE_TRANSVERSAL_05,POLICIA|POLICIA,3|3,64.9|9.1,2|1,1,0,0,VE_ROTA_VE_TRANSVERSAL_05,0,0
249,multiplas_emergencias,PREEMPCAO_ML,11,322.5,349.1,26.6,267,CRUZ_02,2,VE_ROTA_VE_CORREDOR_00|VE_ROTA_VE_TRANSVERSAL_00,AMBULANCIA|AMBULANCIA,1|1,44.0|21.1,1|2,1,1,1,,1,1
249,multiplas_emergencias,PREEMPCAO_ML,11,449.8,477.8,28.0,281,CRUZ_08,2,VE_ROTA_VE_CORREDOR_00|VE_ROTA_VE_TRANSVERSAL_00,AMBULANCIA|AMBULANCIA,1|1,36.1|14.1,2|1,1,1,1,,1,1
249,multiplas_emergencias,PREEMPCAO_ML,11,921.9,946.3,24.4,245,CRUZ_02,2,VE_ROTA_VE_CORREDOR_01|VE_ROTA_VE_TRANSVERSAL_01,BOMBEIRO|BOMBEIRO,2|2,23.0|25.0,1|2,1,1,1,,1,0
249,multiplas_emergencias,PREEMPCAO_ML,11,1037.9,1040.5,2.6,27,CRUZ_08,2,VE_ROTA_VE_CORREDOR_01|VE_ROTA_VE_TRANSVERSAL_01,BOMBEIRO|BOMBEIRO,2|2,1.3|23.0,2|1,1,0,0,VE_ROTA_VE_CORREDOR_01,0,0
249,multiplas_emergencias,PREEMPCAO_ML,11,1522.0,1556.1,34.1,342,CRUZ_02,2,VE_ROTA_VE_CORREDOR_02|VE_ROTA_VE_TRANSVERSAL_02,POLICIA|POLICIA,3|3,23.1|21.7,1|2,1,1,1,,1,1
249,multiplas_emergencias,PREEMPCAO_ML,11,1640.5,1670.1,29.6,297,CRUZ_08,2,VE_ROTA_VE_CORREDOR_02|VE_ROTA_VE_TRANSVERSAL_02,POLICIA|POLICIA,3|3,23.0|43.8,2|1,1,1,1,,1,0
249,multiplas_emergencias,PREEMPCAO_ML,11,2124.4,2147.1,22.7,228,CRUZ_02,2,VE_ROTA_VE_CORREDOR_03|VE_ROTA_VE_TRANSVERSAL_03,AMBULANCIA|AMBULANCIA,1|1,69.5|19.3,1|2,1,1,1,,1,1
249,multiplas_emergencias,PREEMPCAO_ML,11,2233.0,2249.3,16.3,164,CRUZ_08,2,VE_ROTA_VE_CORREDOR_03|VE_ROTA_VE_TRANSVERSAL_03,AMBULANCIA|AMBULANCIA,1|1,52.3|7.1,2|1,1,0,0,VE_ROTA_VE_TRANSVERSAL_03,0,0
249,multiplas_emergencias,PREEMPCAO_ML,11,2723.9,2759.8,35.9,360,CRUZ_02,2,VE_ROTA_VE_CORREDOR_04|VE_ROTA_VE_TRANSVERSAL_04,BOMBEIRO|BOMBEIRO,2|2,107.3|33.9,1|2,1,1,1,,1,1
249,multiplas_emergencias,PREEMPCAO_ML,11,3322.0,3347.1,25.1,252,CRUZ_02,2,VE_ROTA_VE_CORREDOR_05|VE_ROTA_VE_TRANSVERSAL_05,POLICIA|POLICIA,3|3,23.0|21.7,1|2,1,1,1,,1,1
249,multiplas_emergencias,PREEMPCAO_ML,11,3437.2,3451.6,14.4,145,CRUZ_08,2,VE_ROTA_VE_CORREDOR_05|VE_ROTA_VE_TRANSVERSAL_05,POLICIA|POLICIA,3|3,13.1|23.7,2|1,1,1,1,,1,0
260,multiplas_emergencias,PREEMPCAO,12,329.8,345.0,15.2,153,CRUZ_02,2,VE_ROTA_VE_CORREDOR_00|VE_ROTA_VE_TRANSVERSAL_00,AMBULANCIA|AMBULANCIA,1|1,125.0|13.9,1|2,1,1,1,,0,0
260,multiplas_emergencias,PREEMPCAO,12,451.5,456.6,5.1,52,CRUZ_08,2,VE_ROTA_VE_CORREDOR_00|VE_ROTA_VE_TRANSVERSAL_00,AMBULANCIA|AMBULANCIA,1|1,47.0|4.1,2|1,1,0,0,VE_ROTA_VE_TRANSVERSAL_00,0,0
260,multiplas_emergencias,PREEMPCAO,12,925.6,951.3,25.7,258,CRUZ_02,2,VE_ROTA_VE_CORREDOR_01|VE_ROTA_VE_TRANSVERSAL_01,BOMBEIRO|BOMBEIRO,2|2,29.9|17.9,1|2,1,1,1,,0,0
260,multiplas_emergencias,PREEMPCAO,12,1042.1,1069.2,27.1,272,CRUZ_08,2,VE_ROTA_VE_CORREDOR_01|VE_ROTA_VE_TRANSVERSAL_01,BOMBEIRO|BOMBEIRO,2|2,27.5|23.0,2|1,1,1,1,,0,0
260,multiplas_emergencias,PREEMPCAO,12,1522.5,1555.4,32.9,330,CRUZ_02,2,VE_ROTA_VE_CORREDOR_02|VE_ROTA_VE_TRANSVERSAL_02,POLICIA|POLICIA,3|3,26.5|32.9,1|2,1,1,1,,0,0
260,multiplas_emergencias,PREEMPCAO,12,1646.5,1660.0,13.5,136,CRUZ_08,2,VE_ROTA_VE_CORREDOR_02|VE_ROTA_VE_TRANSVERSAL_02,POLICIA|POLICIA,3|3,7.9|24.2,2|1,1,0,0,VE_ROTA_VE_CORREDOR_02,0,0
260,multiplas_emergencias,PREEMPCAO,12,2124.8,2145.0,20.2,203,CRUZ_02,2,VE_ROTA_VE_CORREDOR_03|VE_ROTA_VE_TRANSVERSAL_03,AMBULANCIA|AMBULANCIA,1|1,46.8|18.8,1|2,1,1,1,,0,0
260,multiplas_emergencias,PREEMPCAO,12,2724.2,2762.1,37.9,380,CRUZ_02,2,VE_ROTA_VE_CORREDOR_04|VE_ROTA_VE_TRANSVERSAL_04,BOMBEIRO|BOMBEIRO,2|2,108.8|31.9,1|2,1,1,1,,0,0
260,multiplas_emergencias,PREEMPCAO,12,2847.8,2876.6,28.8,289,CRUZ_08,2,VE_ROTA_VE_CORREDOR_04|VE_ROTA_VE_TRANSVERSAL_04,BOMBEIRO|BOMBEIRO,2|2,22.4|24.6,2|1,1,1,1,,0,0
260,multiplas_emergencias,PREEMPCAO,12,3326.1,3345.7,19.6,197,CRUZ_02,2,VE_ROTA_VE_CORREDOR_05|VE_ROTA_VE_TRANSVERSAL_05,POLICIA|POLICIA,3|3,30.0|17.6,1|2,1,1,1,,0,0
260,multiplas_emergencias,PREEMPCAO,12,3427.0,3449.2,22.2,223,CRUZ_08,2,VE_ROTA_VE_CORREDOR_05|VE_ROTA_VE_TRANSVERSAL_05,POLICIA|POLICIA,3|3,36.2|12.5,2|1,1,0,0,VE_ROTA_VE_TRANSVERSAL_05,0,0
261,multiplas_emergencias,PREEMPCAO_COMPENSADA,12,329.8,345.0,15.2,153,CRUZ_02,2,VE_ROTA_VE_CORREDOR_00|VE_ROTA_VE_TRANSVERSAL_00,AMBULANCIA|AMBULANCIA,1|1,125.0|13.9,1|2,1,1,1,,0,0
261,multiplas_emergencias,PREEMPCAO_COMPENSADA,12,451.5,456.6,5.1,52,CRUZ_08,2,VE_ROTA_VE_CORREDOR_00|VE_ROTA_VE_TRANSVERSAL_00,AMBULANCIA|AMBULANCIA,1|1,46.8|4.2,2|1,1,0,0,VE_ROTA_VE_TRANSVERSAL_00,0,0
261,multiplas_emergencias,PREEMPCAO_COMPENSADA,12,926.0,948.0,22.0,221,CRUZ_02,2,VE_ROTA_VE_CORREDOR_01|VE_ROTA_VE_TRANSVERSAL_01,BOMBEIRO|BOMBEIRO,2|2,34.9|17.5,1|2,1,1,1,,0,0
261,multiplas_emergencias,PREEMPCAO_COMPENSADA,12,1043.7,1063.4,19.7,198,CRUZ_08,2,VE_ROTA_VE_CORREDOR_01|VE_ROTA_VE_TRANSVERSAL_01,BOMBEIRO|BOMBEIRO,2|2,59.5|19.1,2|1,1,0,0,VE_ROTA_VE_TRANSVERSAL_01,0,0
261,multiplas_emergencias,PREEMPCAO_COMPENSADA,12,1522.0,1557.4,35.4,355,CRUZ_02,2,VE_ROTA_VE_CORREDOR_02|VE_ROTA_VE_TRANSVERSAL_02,POLICIA|POLICIA,3|3,23.0|33.3,1|2,1,1,1,,0,0
261,multiplas_emergencias,PREEMPCAO_COMPENSADA,12,1666.2,1676.2,10.0,101,CRUZ_08,2,VE_ROTA_VE_CORREDOR_02|VE_ROTA_VE_TRANSVERSAL_02,POLICIA|POLICIA,3|3,125.0|13.8,2|1,1,0,0,VE_ROTA_VE_TRANSVERSAL_02,0,0
261,multiplas_emergencias,PREEMPCAO_COMPENSADA,12,2122.8,2145.4,22.6,227,CRUZ_02,2,VE_ROTA_VE_CORREDOR_03|VE_ROTA_VE_TRANSVERSAL_03,AMBULANCIA|AMBULANCIA,1|1,28.0|20.9,1|2,1,1,1,,0,0
261,multiplas_emergencias,PREEMPCAO_COMPENSADA,12,2220.4,2244.8,24.4,245,CRUZ_08,2,VE_ROTA_VE_CORREDOR_03|VE_ROTA_VE_TRANSVERSAL_03,AMBULANCIA|AMBULANCIA,1|1,28.9|23.1,2|1,1,1,1,,0,0
261,multiplas_emergencias,PREEMPCAO_COMPENSADA,12,2722.2,2750.7,28.5,286,CRUZ_02,2,VE_ROTA_VE_CORREDOR_04|VE_ROTA_VE_TRANSVERSAL_04,BOMBEIRO|BOMBEIRO,2|2,23.0|33.9,1|2,1,1,1,,0,0
261,multiplas_emergencias,PREEMPCAO_COMPENSADA,12,2856.9,2865.5,8.6,87,CRUZ_08,2,VE_ROTA_VE_CORREDOR_04|VE_ROTA_VE_TRANSVERSAL_04,BOMBEIRO|BOMBEIRO,2|2,6.0|41.6,2|1,1,0,0,VE_ROTA_VE_CORREDOR_04,0,0
261,multiplas_emergencias,PREEMPCAO_COMPENSADA,12,3329.2,3345.4,16.2,163,CRUZ_02,2,VE_ROTA_VE_CORREDOR_05|VE_ROTA_VE_TRANSVERSAL_05,POLICIA|POLICIA,3|3,54.8|14.5,1|2,1,1,1,,0,0
262,multiplas_emergencias,PREEMPCAO_ML,12,329.8,345.0,15.2,153,CRUZ_02,2,VE_ROTA_VE_CORREDOR_00|VE_ROTA_VE_TRANSVERSAL_00,AMBULANCIA|AMBULANCIA,1|1,125.0|13.9,1|2,1,1,1,,1,1
262,multiplas_emergencias,PREEMPCAO_ML,12,451.4,456.6,5.2,53,CRUZ_08,2,VE_ROTA_VE_CORREDOR_00|VE_ROTA_VE_TRANSVERSAL_00,AMBULANCIA|AMBULANCIA,1|1,46.9|4.2,2|1,1,0,0,VE_ROTA_VE_TRANSVERSAL_00,0,0
262,multiplas_emergencias,PREEMPCAO_ML,12,925.6,960.8,35.2,353,CRUZ_02,2,VE_ROTA_VE_CORREDOR_01|VE_ROTA_VE_TRANSVERSAL_01,BOMBEIRO|BOMBEIRO,2|2,29.8|17.9,1|2,1,1,1,,1,1
262,multiplas_emergencias,PREEMPCAO_ML,12,1042.0,1069.3,27.3,274,CRUZ_08,2,VE_ROTA_VE_CORREDOR_01|VE_ROTA_VE_TRANSVERSAL_01,BOMBEIRO|BOMBEIRO,2|2,43.8|23.0,2|1,1,1,1,,1,1
262,multiplas_emergencias,PREEMPCAO_ML,12,1522.5,1555.5,33.0,331,CRUZ_02,2,VE_ROTA_VE_CORREDOR_02|VE_ROTA_VE_TRANSVERSAL_02,POLICIA|POLICIA,3|3,26.8|33.0,1|2,1,1,1,,1,0
262,multiplas_emergencias,PREEMPCAO_ML,12,1644.6,1666.2,21.6,217,CRUZ_08,2,VE_ROTA_VE_CORREDOR_02|VE_ROTA_VE_TRANSVERSAL_02,POLICIA|POLICIA,3|3,9.2|23.1,2|1,1,0,0,VE_ROTA_VE_CORREDOR_02,0,0
262,multiplas_emergencias,PREEMPCAO_ML,12,2125.3,2145.0,19.7,198,CRUZ_02,2,VE_ROTA_VE_CORREDOR_03|VE_ROTA_VE_TRANSVERSAL_03,AMBULANCIA|AMBULANCIA,1|1,60.1|18.3,1|2,1,1,1,,1,1
262,multiplas_emergencias,PREEMPCAO_ML,12,2223.0,2232.8,9.8,99,CRUZ_08,2,VE_ROTA_VE_CORREDOR_03|VE_ROTA_VE_TRANSVERSAL_03,AMBULANCIA|AMBULANCIA,1|1,30.3|5.8,2|1,1,0,0,VE_ROTA_VE_TRANSVERSAL_03,0,0
262,multiplas_emergencias,PREEMPCAO_ML,12,2724.2,2762.6,38.4,385,CRUZ_02,2,VE_ROTA_VE_CORREDOR_04|VE_ROTA_VE_TRANSVERSAL_04,BOMBEIRO|BOMBEIRO,2|2,109.2|31.9,1|2,1,1,1,,1,1
262,multiplas_emergencias,PREEMPCAO_ML,12,2847.2,2876.0,28.8,289,CRUZ_08,2,VE_ROTA_VE_CORREDOR_04|VE_ROTA_VE_TRANSVERSAL_04,BOMBEIRO|BOMBEIRO,2|2,23.5|23.1,2|1,1,1,1,,1,1
262,multiplas_emergencias,PREEMPCAO_ML,12,3326.1,3353.0,26.9,270,CRUZ_02,2,VE_ROTA_VE_CORREDOR_05|VE_ROTA_VE_TRANSVERSAL_05,POLICIA|POLICIA,3|3,29.9|17.6,1|2,1,1,1,,1,1
262,multiplas_emergencias,PREEMPCAO_ML,12,3429.3,3466.9,37.6,377,CRUZ_08,2,VE_ROTA_VE_CORREDOR_05|VE_ROTA_VE_TRANSVERSAL_05,POLICIA|POLICIA,3|3,30.8|24.5,2|1,1,1,1,,1,1
273,multiplas_emergencias,PREEMPCAO,13,327.7,352.6,24.9,250,CRUZ_02,2,VE_ROTA_VE_CORREDOR_00|VE_ROTA_VE_TRANSVERSAL_00,AMBULANCIA|AMBULANCIA,1|1,81.1|21.9,1|2,1,1,1,,0,0
273,multiplas_emergencias,PREEMPCAO,13,921.9,946.5,24.6,247,CRUZ_02,2,VE_ROTA_VE_CORREDOR_01|VE_ROTA_VE_TRANSVERSAL_01,BOMBEIRO|BOMBEIRO,2|2,24.5|21.6,1|2,1,1,1,,0,0
273,multiplas_emergencias,PREEMPCAO,13,1046.7,1056.0,9.3,94,CRUZ_08,2,VE_ROTA_VE_CORREDOR_01|VE_ROTA_VE_TRANSVERSAL_01,BOMBEIRO|BOMBEIRO,2|2,7.4|23.0,2|1,1,0,0,VE_ROTA_VE_CORREDOR_01,0,0
273,multiplas_emergencias,PREEMPCAO,13,1529.3,1564.6,35.3,354,CRUZ_02,2,VE_ROTA_VE_CORREDOR_02|VE_ROTA_VE_TRANSVERSAL_02,POLICIA|POLICIA,3|3,47.7|29.8,1|2,1,1,1,,0,0
273,multiplas_emergencias,PREEMPCAO,13,1647.5,1675.6,28.1,282,CRUZ_08,2,VE_ROTA_VE_CORREDOR_02|VE_ROTA_VE_TRANSVERSAL_02,POLICIA|POLICIA,3|3,36.7|24.5,2|1,1,1,1,,0,0
273,multiplas_emergencias,PREEMPCAO,13,2124.3,2164.8,40.5,406,CRUZ_02,2,VE_ROTA_VE_CORREDOR_03|VE_ROTA_VE_TRANSVERSAL_03,AMBULANCIA|AMBULANCIA,1|1,108.2|22.9,1|2,1,1,1,,0,0
273,multiplas_emergencias,PREEMPCAO,13,2252.3,2276.6,24.3,244,CRUZ_08,2,VE_ROTA_VE_CORREDOR_03|VE_ROTA_VE_TRANSVERSAL_03,AMBULANCIA|AMBULANCIA,1|1,30.8|23.0,2|1,1,1,1,,0,0
273,multiplas_emergencias,PREEMPCAO,13,2722.0,2745.1,23.1,232,CRUZ_02,2,VE_ROTA_VE_CORREDOR_04|VE_ROTA_VE_TRANSVERSAL_04,BOMBEIRO|BOMBEIRO,2|2,23.0|21.5,1|2,1,1,1,,0,0
273,multiplas_emergencias,PREEMPCAO,13,2822.4,2846.9,24.5,246,CRUZ_08,2,VE_ROTA_VE_CORREDOR_04|VE_ROTA_VE_TRANSVERSAL_04,BOMBEIRO|BOMBEIRO,2|2,33.5|20.1,2|1,1,1,1,,0,0
273,multiplas_emergencias,PREEMPCAO,13,3322.0,3351.1,29.1,292,CRUZ_02,2,VE_ROTA_VE_CORREDOR_05|VE_ROTA_VE_TRANSVERSAL_05,POLICIA|POLICIA,3|3,23.2|21.7,1|2,1,1,1,,0,0
273,multiplas_emergencias,PREEMPCAO,13,3438.8,3463.6,24.8,249,CRUZ_08,2,VE_ROTA_VE_CORREDOR_05|VE_ROTA_VE_TRANSVERSAL_05,POLICIA|POLICIA,3|3,49.6|25.8,2|1,1,1,1,,0,0
274,multiplas_emergencias,PREEMPCAO_COMPENSADA,13,327.7,352.6,24.9,250,CRUZ_02,2,VE_ROTA_VE_CORREDOR_00|VE_ROTA_VE_TRANSVERSAL_00,AMBULANCIA|AMBULANCIA,1|1,81.1|21.9,1|2,1,1,1,,0,0
274,multiplas_emergencias,PREEMPCAO_COMPENSADA,13,921.9,951.1,29.2,293,CRUZ_02,2,VE_ROTA_VE_CORREDOR_01|VE_ROTA_VE_TRANSVERSAL_01,BOMBEIRO|BOMBEIRO,2|2,24.5|21.6,1|2,1,1,1,,0,0
274,multiplas_emergencias,PREEMPCAO_COMPENSADA,13,1525.5,1555.1,29.6,297,CRUZ_02,2,VE_ROTA_VE_CORREDOR_02|VE_ROTA_VE_TRANSVERSAL_02,POLICIA|POLICIA,3|3,29.8|33.8,1|2,1,1,1,,0,0
274,multiplas_emergencias,PREEMPCAO_COMPENSADA,13,1639.5,1645.4,5.9,60,CRUZ_08,2,VE_ROTA_VE_CORREDOR_02|VE_ROTA_VE_TRANSVERSAL_02,POLICIA|POLICIA,3|3,4.5|27.8,2|1,1,0,0,VE_ROTA_VE_CORREDOR_02,0,0
274,multiplas_emergencias,PREEMPCAO_COMPENSADA,13,2122.3,2146.7,24.4,245,CRUZ_02,2,VE_ROTA_VE_CORREDOR_03|VE_ROTA_VE_TRANSVERSAL_03,AMBULANCIA|AMBULANCIA,1|1,23.0|23.4,1|2,1,1,1,,0,0
274,multiplas_emergencias,PREEMPCAO_COMPENSADA,13,2722.0,2744.9,22.9,230,CRUZ_02,2,VE_ROTA_VE_CORREDOR_04|VE_ROTA_VE_TRANSVERSAL_04,BOMBEIRO|BOMBEIRO,2|2,23.0|21.5,1|2,1,1,1,,0,0
274,multiplas_emergencias,PREEMPCAO_COMPENSADA,13,2835.7,2859.4,23.7,238,CRUZ_08,2,VE_ROTA_VE_CORREDOR_04|VE_ROTA_VE_TRANSVERSAL_04,BOMBEIRO|BOMBEIRO,2|2,37.6|19.6,2|1,1,1,1,,0,0
274,multiplas_emergencias,PREEMPCAO_COMPENSADA,13,3323.6,3350.1,26.5,266,CRUZ_02,2,VE_ROTA_VE_CORREDOR_05|VE_ROTA_VE_TRANSVERSAL_05,POLICIA|POLICIA,3|3,61.5|20.3,1|2,1,1,1,,0,0
274,multiplas_emergencias,PREEMPCAO_COMPENSADA,13,3452.8,3453.9,1.1,12,CRUZ_08,2,VE_ROTA_VE_CORREDOR_05|VE_ROTA_VE_TRANSVERSAL_05,POLICIA|POLICIA,3|3,58.3|0.1,2|1,1,0,0,VE_ROTA_VE_TRANSVERSAL_05,0,0
275,multiplas_emergencias,PREEMPCAO_ML,13,327.7,364.0,36.3,364,CRUZ_02,2,VE_ROTA_VE_CORREDOR_00|VE_ROTA_VE_TRANSVERSAL_00,AMBULANCIA|AMBULANCIA,1|1,81.1|21.9,1|2,1,1,1,,1,1
275,multiplas_emergencias,PREEMPCAO_ML,13,453.6,486.8,33.2,333,CRUZ_08,2,VE_ROTA_VE_CORREDOR_00|VE_ROTA_VE_TRANSVERSAL_00,AMBULANCIA|AMBULANCIA,1|1,36.9|16.6,2|1,1,1,1,,1,1
275,multiplas_emergencias,PREEMPCAO_ML,13,921.9,950.1,28.2,283,CRUZ_02,2,VE_ROTA_VE_CORREDOR_01|VE_ROTA_VE_TRANSVERSAL_01,BOMBEIRO|BOMBEIRO,2|2,24.5|21.6,1|2,1,1,1,,1,1
275,multiplas_emergencias,PREEMPCAO_ML,13,1052.0,1060.8,8.8,89,CRUZ_08,2,VE_ROTA_VE_CORREDOR_01|VE_ROTA_VE_TRANSVERSAL_01,BOMBEIRO|BOMBEIRO,2|2,6.8|23.0,2|1,1,0,0,VE_ROTA_VE_CORREDOR_01,0,0
275,multiplas_emergencias,PREEMPCAO_ML,13,1529.4,1569.0,39.6,397,CRUZ_02,2,VE_ROTA_VE_CORREDOR_02|VE_ROTA_VE_TRANSVERSAL_02,POLICIA|POLICIA,3|3,48.3|29.8,1|2,1,1,1,,1,1
275,multiplas_emergencias,PREEMPCAO_ML,13,1656.1,1688.3,32.2,323,CRUZ_08,2,VE_ROTA_VE_CORREDOR_02|VE_ROTA_VE_TRANSVERSAL_02,POLICIA|POLICIA,3|3,36.7|16.7,2|1,1,1,1,,1,1
275,multiplas_emergencias,PREEMPCAO_ML,13,2124.3,2162.8,38.5,386,CRUZ_02,2,VE_ROTA_VE_CORREDOR_03|VE_ROTA_VE_TRANSVERSAL_03,AMBULANCIA|AMBULANCIA,1|1,109.4|22.9,1|2,1,1,1,,1,1
275,multiplas_emergencias,PREEMPCAO_ML,13,2722.0,2747.9,25.9,260,CRUZ_02,2,VE_ROTA_VE_CORREDOR_04|VE_ROTA_VE_TRANSVERSAL_04,BOMBEIRO|BOMBEIRO,2|2,23.0|21.5,1|2,1,1,1,,1,1
275,multiplas_emergencias,PREEMPCAO_ML,13,2821.2,2853.4,32.2,323,CRUZ_08,2,VE_ROTA_VE_CORREDOR_04|VE_ROTA_VE_TRANSVERSAL_04,BOMBEIRO|BOMBEIRO,2|2,48.9|18.2,2|1,1,1,1,,1,1
275,multiplas_emergencias,PREEMPCAO_ML,13,3322.0,3354.2,32.2,323,CRUZ_02,2,VE_ROTA_VE_CORREDOR_05|VE_ROTA_VE_TRANSVERSAL_05,POLICIA|POLICIA,3|3,23.3|21.7,1|2,1,1,1,,1,1
275,multiplas_emergencias,PREEMPCAO_ML,13,3433.7,3441.6,7.9,80,CRUZ_08,2,VE_ROTA_VE_CORREDOR_05|VE_ROTA_VE_TRANSVERSAL_05,POLICIA|POLICIA,3|3,6.7|23.0,2|1,1,0,0,VE_ROTA_VE_CORREDOR_05,0,0
286,multiplas_emergencias,PREEMPCAO,14,332.6,372.2,39.6,397,CRUZ_02,2,VE_ROTA_VE_CORREDOR_00|VE_ROTA_VE_TRANSVERSAL_00,AMBULANCIA|AMBULANCIA,1|1,83.5|24.5,1|2,1,1,1,,0,0
286,multiplas_emergencias,PREEMPCAO,14,923.5,980.5,57.0,571,CRUZ_02,2,VE_ROTA_VE_CORREDOR_01|VE_ROTA_VE_TRANSVERSAL_01,BOMBEIRO|BOMBEIRO,2|2,33.6|36.3,1|2,1,1,1,,0,0
286,multiplas_emergencias,PREEMPCAO,14,1056.7,1084.9,28.2,283,CRUZ_08,2,VE_ROTA_VE_CORREDOR_01|VE_ROTA_VE_TRANSVERSAL_01,BOMBEIRO|BOMBEIRO,2|2,26.9|36.2,2|1,1,1,1,,0,0
286,multiplas_emergencias,PREEMPCAO,14,1522.4,1559.1,36.7,368,CRUZ_02,2,VE_ROTA_VE_CORREDOR_02|VE_ROTA_VE_TRANSVERSAL_02,POLICIA|POLICIA,3|3,23.0|27.0,1|2,1,1,1,,0,0
286,multiplas_emergencias,PREEMPCAO,14,1628.7,1665.4,36.7,368,CRUZ_08,2,VE_ROTA_VE_CORREDOR_02|VE_ROTA_VE_TRANSVERSAL_02,POLICIA|POLICIA,3|3,33.7|71.8,2|1,1,1,1,,0,0
286,multiplas_emergencias,PREEMPCAO,14,2124.0,2145.0,21.0,211,CRUZ_02,2,VE_ROTA_VE_CORREDOR_03|VE_ROTA_VE_TRANSVERSAL_03,AMBULANCIA|AMBULANCIA,1|1,50.1|19.6,1|2,1,1,1,,0,0
286,multiplas_emergencias,PREEMPCAO,14,2223.1,2254.6,31.5,316,CRUZ_08,2,VE_ROTA_VE_CORREDOR_03|VE_ROTA_VE_TRANSVERSAL_03,AMBULANCIA|AMBULANCIA,1|1,28.5|42.4,2|1,1,1,1,,0,0
286,multiplas_emergencias,PREEMPCAO,14,2722.4,2754.1,31.7,318,CRUZ_02,2,VE_ROTA_VE_CORREDOR_04|VE_ROTA_VE_TRANSVERSAL_04,BOMBEIRO|BOMBEIRO,2|2,43.9|23.7,1|2,1,1,1,,0,0
286,multiplas_emergencias,PREEMPCAO,14,2841.3,2851.9,10.6,107,CRUZ_08,2,VE_ROTA_VE_CORREDOR_04|VE_ROTA_VE_TRANSVERSAL_04,BOMBEIRO|BOMBEIRO,2|2,56.9|8.5,2|1,1,0,0,VE_ROTA_VE_TRANSVERSAL_04,0,0
286,multiplas_emergencias,PREEMPCAO,14,3328.2,3347.2,19.0,191,CRUZ_02,2,VE_ROTA_VE_CORREDOR_05|VE_ROTA_VE_TRANSVERSAL_05,POLICIA|POLICIA,3|3,108.5|15.5,1|2,1,1,1,,0,0
286,multiplas_emergencias,PREEMPCAO,14,3446.2,3447.2,1.0,11,CRUZ_08,2,VE_ROTA_VE_CORREDOR_05|VE_ROTA_VE_TRANSVERSAL_05,POLICIA|POLICIA,3|3,57.2|0.0,2|1,1,0,0,VE_ROTA_VE_TRANSVERSAL_05,0,0
287,multiplas_emergencias,PREEMPCAO_COMPENSADA,14,332.6,372.2,39.6,397,CRUZ_02,2,VE_ROTA_VE_CORREDOR_00|VE_ROTA_VE_TRANSVERSAL_00,AMBULANCIA|AMBULANCIA,1|1,83.5|24.5,1|2,1,1,1,,0,0
287,multiplas_emergencias,PREEMPCAO_COMPENSADA,14,924.2,967.7,43.5,436,CRUZ_02,2,VE_ROTA_VE_CORREDOR_01|VE_ROTA_VE_TRANSVERSAL_01,BOMBEIRO|BOMBEIRO,2|2,37.0|35.6,1|2,1,1,1,,0,0
287,multiplas_emergencias,PREEMPCAO_COMPENSADA,14,1065.6,1068.5,2.9,30,CRUZ_08,2,VE_ROTA_VE_CORREDOR_01|VE_ROTA_VE_TRANSVERSAL_01,BOMBEIRO|BOMBEIRO,2|2,125.0|2.1,2|1,1,0,0,VE_ROTA_VE_TRANSVERSAL_01,0,0
287,multiplas_emergencias,PREEMPCAO_COMPENSADA,14,1522.0,1553.8,31.8,319,CRUZ_02,2,VE_ROTA_VE_CORREDOR_02|VE_ROTA_VE_TRANSVERSAL_02,POLICIA|POLICIA,3|3,23.0|27.3,1|2,1,1,1,,0,0
287,multiplas_emergencias,PREEMPCAO_COMPENSADA,14,1651.2,1695.4,44.2,443,CRUZ_08,2,VE_ROTA_VE_CORREDOR_02|VE_ROTA_VE_TRANSVERSAL_02,POLICIA|POLICIA,3|3,52.0|26.4,2|1,1,1,1,,0,0
287,multiplas_emergencias,PREEMPCAO_COMPENSADA,14,2123.9,2145.0,21.1,212,CRUZ_02,2,VE_ROTA_VE_CORREDOR_03|VE_ROTA_VE_TRANSVERSAL_03,AMBULANCIA|AMBULANCIA,1|1,48.2|19.8,1|2,1,1,1,,0,0
287,multiplas_emergencias,PREEMPCAO_COMPENSADA,14,2224.0,2256.3,32.3,324,CRUZ_08,2,VE_ROTA_VE_CORREDOR_03|VE_ROTA_VE_TRANSVERSAL_03,AMBULANCIA|AMBULANCIA,1|1,31.1|26.1,2|1,1,1,1,,0,0
287,multiplas_emergencias,PREEMPCAO_COMPENSADA,14,2721.9,2754.1,32.2,323,CRUZ_02,2,VE_ROTA_VE_CORREDOR_04|VE_ROTA_VE_TRANSVERSAL_04,BOMBEIRO|BOMBEIRO,2|2,23.8|23.7,1|2,1,1,1,,0,0
287,multiplas_emergencias,PREEMPCAO_COMPENSADA,14,3326.7,3346.7,20.0,201,CRUZ_02,2,VE_ROTA_VE_CORREDOR_05|VE_ROTA_VE_TRANSVERSAL_05,POLICIA|POLICIA,3|3,30.1|17.0,1|2,1,1,1,,0,0
287,multiplas_emergencias,PREEMPCAO_COMPENSADA,14,3445.8,3458.2,12.4,125,CRUZ_08,2,VE_ROTA_VE_CORREDOR_05|VE_ROTA_VE_TRANSVERSAL_05,POLICIA|POLICIA,3|3,36.0|10.8,2|1,1,1,1,,0,0
288,multiplas_emergencias,PREEMPCAO_ML,14,332.6,374.6,42.0,421,CRUZ_02,2,VE_ROTA_VE_CORREDOR_00|VE_ROTA_VE_TRANSVERSAL_00,AMBULANCIA|AMBULANCIA,1|1,83.5|24.5,1|2,1,1,1,,1,1
288,multiplas_emergencias,PREEMPCAO_ML,14,486.2,520.6,34.4,345,CRUZ_08,2,VE_ROTA_VE_CORREDOR_00|VE_ROTA_VE_TRANSVERSAL_00,AMBULANCIA|AMBULANCIA,1|1,35.5|33.4,2|1,1,1,1,,1,1
288,multiplas_emergencias,PREEMPCAO_ML,14,923.5,961.5,38.0,381,CRUZ_02,2,VE_ROTA_VE_CORREDOR_01|VE_ROTA_VE_TRANSVERSAL_01,BOMBEIRO|BOMBEIRO,2|2,33.6|36.3,1|2,1,1,1,,1,1
288,multiplas_emergencias,PREEMPCAO_ML,14,1066.3,1078.7,12.4,125,CRUZ_08,2,VE_ROTA_VE_CORREDOR_01|VE_ROTA_VE_TRANSVERSAL_01,BOMBEIRO|BOMBEIRO,2|2,11.1|43.1,2|1,1,1,1,,1,0
288,multiplas_emergencias,PREEMPCAO_ML,14,1522.4,1550.2,27.8,279,CRUZ_02,2,VE_ROTA_VE_CORREDOR_02|VE_ROTA_VE_TRANSVERSAL_02,POLICIA|POLICIA,3|3,23.0|26.9,1|2,1,1,1,,1,1
288,multiplas_emergencias,PREEMPCAO_ML,14,1626.0,1644.3,18.3,184,CRUZ_08,2,VE_ROTA_VE_CORREDOR_02|VE_ROTA_VE_TRANSVERSAL_02,POLICIA|POLICIA,3|3,17.1|23.3,2|1,1,1,1,,1,0
288,multiplas_emergencias,PREEMPCAO_ML,14,2124.0,2145.0,21.0,211,CRUZ_02,2,VE_ROTA_VE_CORREDOR_03|VE_ROTA_VE_TRANSVERSAL_03,AMBULANCIA|AMBULANCIA,1|1,52.3|19.6,1|2,1,1,1,,1,1
288,multiplas_emergencias,PREEMPCAO_ML,14,2227.7,2258.3,30.6,307,CRUZ_08,2,VE_ROTA_VE_CORREDOR_03|VE_ROTA_VE_TRANSVERSAL_03,AMBULANCIA|AMBULANCIA,1|1,29.4|25.8,2|1,1,1,1,,1,1
288,multiplas_emergencias,PREEMPCAO_ML,14,2722.4,2754.3,31.9,320,CRUZ_02,2,VE_ROTA_VE_CORREDOR_04|VE_ROTA_VE_TRANSVERSAL_04,BOMBEIRO|BOMBEIRO,2|2,43.9|23.7,1|2,1,1,1,,1,1
288,multiplas_emergencias,PREEMPCAO_ML,14,2829.1,2869.6,40.5,406,CRUZ_08,2,VE_ROTA_VE_CORREDOR_04|VE_ROTA_VE_TRANSVERSAL_04,BOMBEIRO|BOMBEIRO,2|2,41.0|33.5,2|1,1,1,1,,1,1
288,multiplas_emergencias,PREEMPCAO_ML,14,3328.2,3347.2,19.0,191,CRUZ_02,2,VE_ROTA_VE_CORREDOR_05|VE_ROTA_VE_TRANSVERSAL_05,POLICIA|POLICIA,3|3,107.2|15.5,1|2,1,1,1,,1,0
299,multiplas_emergencias,PREEMPCAO,15,329.5,372.2,42.7,428,CRUZ_02,2,VE_ROTA_VE_CORREDOR_00|VE_ROTA_VE_TRANSVERSAL_00,AMBULANCIA|AMBULANCIA,1|1,125.0|27.8,1|2,1,1,1,,0,0
299,multiplas_emergencias,PREEMPCAO,15,445.1,489.6,44.5,446,CRUZ_08,2,VE_ROTA_VE_CORREDOR_00|VE_ROTA_VE_TRANSVERSAL_00,AMBULANCIA|AMBULANCIA,1|1,56.7|23.1,2|1,1,1,1,,0,0
299,multiplas_emergencias,PREEMPCAO,15,923.5,958.2,34.7,348,CRUZ_02,2,VE_ROTA_VE_CORREDOR_01|VE_ROTA_VE_TRANSVERSAL_01,BOMBEIRO|BOMBEIRO,2|2,30.0|36.9,1|2,1,1,1,,0,0
299,multiplas_emergencias,PREEMPCAO,15,1051.0,1074.2,23.2,233,CRUZ_08,2,VE_ROTA_VE_CORREDOR_01|VE_ROTA_VE_TRANSVERSAL_01,BOMBEIRO|BOMBEIRO,2|2,21.9|24.2,2|1,1,1,1,,0,0
299,multiplas_emergencias,PREEMPCAO,15,1522.0,1546.3,24.3,244,CRUZ_02,2,VE_ROTA_VE_CORREDOR_02|VE_ROTA_VE_TRANSVERSAL_02,POLICIA|POLICIA,3|3,23.0|21.7,1|2,1,0,0,VE_ROTA_VE_TRANSVERSAL_02,0,0
299,multiplas_emergencias,PREEMPCAO,15,2124.0,2168.7,44.7,448,CRUZ_02,2,VE_ROTA_VE_CORREDOR_03|VE_ROTA_VE_TRANSVERSAL_03,AMBULANCIA|AMBULANCIA,1|1,105.3|33.7,1|2,1,1,1,,0,0
299,multiplas_emergencias,PREEMPCAO,15,2243.7,2276.0,32.3,324,CRUZ_08,2,VE_ROTA_VE_CORREDOR_03|VE_ROTA_VE_TRANSVERSAL_03,AMBULANCIA|AMBULANCIA,1|1,34.2|60.4,2|1,1,1,1,,0,0
299,multiplas_emergencias,PREEMPCAO,15,2721.9,2746.5,24.6,247,CRUZ_02,2,VE_ROTA_VE_CORREDOR_04|VE_ROTA_VE_TRANSVERSAL_04,BOMBEIRO|BOMBEIRO,2|2,23.0|21.6,1|2,1,1,1,,0,0
299,multiplas_emergencias,PREEMPCAO,15,3322.2,3354.4,32.2,323,CRUZ_02,2,VE_ROTA_VE_CORREDOR_05|VE_ROTA_VE_TRANSVERSAL_05,POLICIA|POLICIA,3|3,26.6|34.2,1|2,1,1,1,,0,0
299,multiplas_emergencias,PREEMPCAO,15,3455.1,3456.0,0.9,10,CRUZ_08,2,VE_ROTA_VE_CORREDOR_05|VE_ROTA_VE_TRANSVERSAL_05,POLICIA|POLICIA,3|3,0.0|102.8,2|1,1,0,0,VE_ROTA_VE_CORREDOR_05,0,0
300,multiplas_emergencias,PREEMPCAO_COMPENSADA,15,329.5,372.2,42.7,428,CRUZ_02,2,VE_ROTA_VE_CORREDOR_00|VE_ROTA_VE_TRANSVERSAL_00,AMBULANCIA|AMBULANCIA,1|1,125.0|27.8,1|2,1,1,1,,0,0
300,multiplas_emergencias,PREEMPCAO_COMPENSADA,15,445.1,507.6,62.5,626,CRUZ_08,2,VE_ROTA_VE_CORREDOR_00|VE_ROTA_VE_TRANSVERSAL_00,AMBULANCIA|AMBULANCIA,1|1,56.7|23.1,2|1,1,1,1,,0,0
300,multiplas_emergencias,PREEMPCAO_COMPENSADA,15,924.8,973.1,48.3,484,CRUZ_02,2,VE_ROTA_VE_CORREDOR_01|VE_ROTA_VE_TRANSVERSAL_01,BOMBEIRO|BOMBEIRO,2|2,38.8|35.7,1|2,1,1,1,,0,0
300,multiplas_emergencias,PREEMPCAO_COMPENSADA,15,1072.4,1094.6,22.2,223,CRUZ_08,2,VE_ROTA_VE_CORREDOR_01|VE_ROTA_VE_TRANSVERSAL_01,BOMBEIRO|BOMBEIRO,2|2,21.0|29.5,2|1,1,1,1,,0,0
300,multiplas_emergencias,PREEMPCAO_COMPENSADA,15,1522.0,1564.1,42.1,422,CRUZ_02,2,VE_ROTA_VE_CORREDOR_02|VE_ROTA_VE_TRANSVERSAL_02,POLICIA|POLICIA,3|3,23.0|21.7,1|2,1,1,1,,0,0
300,multiplas_emergencias,PREEMPCAO_COMPENSADA,15,1659.5,1671.5,12.0,121,CRUZ_08,2,VE_ROTA_VE_CORREDOR_02|VE_ROTA_VE_TRANSVERSAL_02,POLICIA|POLICIA,3|3,7.8|42.6,2|1,1,0,0,VE_ROTA_VE_CORREDOR_02,0,0
300,multiplas_emergencias,PREEMPCAO_COMPENSADA,15,2123.7,2157.1,33.4,335,CRUZ_02,2,VE_ROTA_VE_CORREDOR_03|VE_ROTA_VE_TRANSVERSAL_03,AMBULANCIA|AMBULANCIA,1|1,44.6|34.1,1|2,1,1,1,,0,0
300,multiplas_emergencias,PREEMPCAO_COMPENSADA,15,2721.9,2747.5,25.6,257,CRUZ_02,2,VE_ROTA_VE_CORREDOR_04|VE_ROTA_VE_TRANSVERSAL_04,BOMBEIRO|BOMBEIRO,2|2,23.0|21.6,1|2,1,1,1,,0,0
300,multiplas_emergencias,PREEMPCAO_COMPENSADA,15,2854.0,2877.3,23.3,234,CRUZ_08,2,VE_ROTA_VE_CORREDOR_04|VE_ROTA_VE_TRANSVERSAL_04,BOMBEIRO|BOMBEIRO,2|2,16.5|51.0,2|1,1,1,1,,0,0
300,multiplas_emergencias,PREEMPCAO_COMPENSADA,15,3322.8,3351.3,28.5,286,CRUZ_02,2,VE_ROTA_VE_CORREDOR_05|VE_ROTA_VE_TRANSVERSAL_05,POLICIA|POLICIA,3|3,43.8|33.5,1|2,1,1,1,,0,0
301,multiplas_emergencias,PREEMPCAO_ML,15,329.5,368.1,38.6,387,CRUZ_02,2,VE_ROTA_VE_CORREDOR_00|VE_ROTA_VE_TRANSVERSAL_00,AMBULANCIA|AMBULANCIA,1|1,125.0|27.8,1|2,1,1,1,,1,1
301,multiplas_emergencias,PREEMPCAO_ML,15,474.5,488.3,13.8,139,CRUZ_08,2,VE_ROTA_VE_CORREDOR_00|VE_ROTA_VE_TRANSVERSAL_00,AMBULANCIA|AMBULANCIA,1|1,12.6|71.0,2|1,1,1,1,,1,0
301,multiplas_emergencias,PREEMPCAO_ML,15,923.5,959.9,36.4,365,CRUZ_02,2,VE_ROTA_VE_CORREDOR_01|VE_ROTA_VE_TRANSVERSAL_01,BOMBEIRO|BOMBEIRO,2|2,30.0|36.7,1|2,1,1,1,,1,0
301,multiplas_emergencias,PREEMPCAO_ML,15,1072.6,1075.8,3.2,33,CRUZ_08,2,VE_ROTA_VE_CORREDOR_01|VE_ROTA_VE_TRANSVERSAL_01,BOMBEIRO|BOMBEIRO,2|2,1.9|31.3,2|1,1,0,0,VE_ROTA_VE_CORREDOR_01,0,0
301,multiplas_emergencias,PREEMPCAO_ML,15,1522.0,1549.6,27.6,277,CRUZ_02,2,VE_ROTA_VE_CORREDOR_02|VE_ROTA_VE_TRANSVERSAL_02,POLICIA|POLICIA,3|3,23.0|21.7,1|2,1,0,0,VE_ROTA_VE_TRANSVERSAL_02,0,0
301,multiplas_emergencias,PREEMPCAO_ML,15,1632.6,1641.4,8.8,89,CRUZ_08,2,VE_ROTA_VE_CORREDOR_02|VE_ROTA_VE_TRANSVERSAL_02,POLICIA|POLICIA,3|3,7.5|39.9,2|1,1,0,0,VE_ROTA_VE_CORREDOR_02,0,0
301,multiplas_emergencias,PREEMPCAO_ML,15,2124.0,2166.9,42.9,430,CRUZ_02,2,VE_ROTA_VE_CORREDOR_03|VE_ROTA_VE_TRANSVERSAL_03,AMBULANCIA|AMBULANCIA,1|1,105.6|33.7,1|2,1,1,1,,1,1
301,multiplas_emergencias,PREEMPCAO_ML,15,2257.6,2267.3,9.7,98,CRUZ_08,2,VE_ROTA_VE_CORREDOR_03|VE_ROTA_VE_TRANSVERSAL_03,AMBULANCIA|AMBULANCIA,1|1,8.4|23.0,2|1,1,0,0,VE_ROTA_VE_CORREDOR_03,0,0
301,multiplas_emergencias,PREEMPCAO_ML,15,2721.9,2753.6,31.7,318,CRUZ_02,2,VE_ROTA_VE_CORREDOR_04|VE_ROTA_VE_TRANSVERSAL_04,BOMBEIRO|BOMBEIRO,2|2,23.0|21.6,1|2,1,1,1,,1,1
301,multiplas_emergencias,PREEMPCAO_ML,15,2841.8,2879.7,37.9,380,CRUZ_08,2,VE_ROTA_VE_CORREDOR_04|VE_ROTA_VE_TRANSVERSAL_04,BOMBEIRO|BOMBEIRO,2|2,26.2|50.1,2|1,1,1,1,,1,0
301,multiplas_emergencias,PREEMPCAO_ML,15,3322.2,3354.5,32.3,324,CRUZ_02,2,VE_ROTA_VE_CORREDOR_05|VE_ROTA_VE_TRANSVERSAL_05,POLICIA|POLICIA,3|3,26.6|34.2,1|2,1,1,1,,1,0
301,multiplas_emergencias,PREEMPCAO_ML,15,3449.9,3459.3,9.4,95,CRUZ_08,2,VE_ROTA_VE_CORREDOR_05|VE_ROTA_VE_TRANSVERSAL_05,POLICIA|POLICIA,3|3,2.2|41.5,2|1,1,0,0,VE_ROTA_VE_CORREDOR_05,0,0
312,multiplas_emergencias,PREEMPCAO,16,324.1,345.0,20.9,210,CRUZ_02,2,VE_ROTA_VE_CORREDOR_00|VE_ROTA_VE_TRANSVERSAL_00,AMBULANCIA|AMBULANCIA,1|1,109.7|19.6,1|2,1,1,1,,0,0
312,multiplas_emergencias,PREEMPCAO,16,921.9,944.9,23.0,231,CRUZ_02,2,VE_ROTA_VE_CORREDOR_01|VE_ROTA_VE_TRANSVERSAL_01,BOMBEIRO|BOMBEIRO,2|2,23.0|21.6,1|2,1,1,1,,0,0
312,multiplas_emergencias,PREEMPCAO,16,1021.5,1058.5,37.0,371,CRUZ_08,2,VE_ROTA_VE_CORREDOR_01|VE_ROTA_VE_TRANSVERSAL_01,BOMBEIRO|BOMBEIRO,2|2,29.7|40.1,2|1,1,1,1,,0,0
312,multiplas_emergencias,PREEMPCAO,16,1522.2,1551.4,29.2,293,CRUZ_02,2,VE_ROTA_VE_CORREDOR_02|VE_ROTA_VE_TRANSVERSAL_02,POLICIA|POLICIA,3|3,26.9|21.5,1|2,1,1,1,,0,0
312,multiplas_emergencias,PREEMPCAO,16,1642.2,1661.6,19.4,195,CRUZ_08,2,VE_ROTA_VE_CORREDOR_02|VE_ROTA_VE_TRANSVERSAL_02,POLICIA|POLICIA,3|3,18.2|52.6,2|1,1,1,1,,0,0
312,multiplas_emergencias,PREEMPCAO,16,2126.3,2151.0,24.7,248,CRUZ_02,2,VE_ROTA_VE_CORREDOR_03|VE_ROTA_VE_TRANSVERSAL_03,AMBULANCIA|AMBULANCIA,1|1,67.3|17.4,1|2,1,1,1,,0,0
312,multiplas_emergencias,PREEMPCAO,16,2262.0,2282.6,20.6,207,CRUZ_08,2,VE_ROTA_VE_CORREDOR_03|VE_ROTA_VE_TRANSVERSAL_03,AMBULANCIA|AMBULANCIA,1|1,42.1|9.9,2|1,1,0,0,VE_ROTA_VE_TRANSVERSAL_03,0,0
312,multiplas_emergencias,PREEMPCAO,16,2722.4,2764.5,42.1,422,CRUZ_02,2,VE_ROTA_VE_CORREDOR_04|VE_ROTA_VE_TRANSVERSAL_04,BOMBEIRO|BOMBEIRO,2|2,43.9|24.1,1|2,1,1,1,,0,0
312,multiplas_emergencias,PREEMPCAO,16,2842.4,2857.6,15.2,153,CRUZ_08,2,VE_ROTA_VE_CORREDOR_04|VE_ROTA_VE_TRANSVERSAL_04,BOMBEIRO|BOMBEIRO,2|2,13.9|86.5,2|1,1,0,0,VE_ROTA_VE_CORREDOR_04,0,0
312,multiplas_emergencias,PREEMPCAO,16,3328.9,3348.6,19.7,198,CRUZ_02,2,VE_ROTA_VE_CORREDOR_05|VE_ROTA_VE_TRANSVERSAL_05,POLICIA|POLICIA,3|3,43.5|14.8,1|2,1,1,1,,0,0
313,multiplas_emergencias,PREEMPCAO_COMPENSADA,16,324.1,345.0,20.9,210,CRUZ_02,2,VE_ROTA_VE_CORREDOR_00|VE_ROTA_VE_TRANSVERSAL_00,AMBULANCIA|AMBULANCIA,1|1,109.7|19.6,1|2,1,1,1,,0,0
313,multiplas_emergencias,PREEMPCAO_COMPENSADA,16,921.9,944.9,23.0,231,CRUZ_02,2,VE_ROTA_VE_CORREDOR_01|VE_ROTA_VE_TRANSVERSAL_01,BOMBEIRO|BOMBEIRO,2|2,23.0|21.6,1|2,1,1,1,,0,0
313,multiplas_emergencias,PREEMPCAO_COMPENSADA,16,1022.1,1059.7,37.6,377,CRUZ_08,2,VE_ROTA_VE_CORREDOR_01|VE_ROTA_VE_TRANSVERSAL_01,BOMBEIRO|BOMBEIRO,2|2,30.3|13.9,2|1,1,1,1,,0,0
313,multiplas_emergencias,PREEMPCAO_COMPENSADA,16,1522.0,1566.0,44.0,441,CRUZ_02,2,VE_ROTA_VE_CORREDOR_02|VE_ROTA_VE_TRANSVERSAL_02,POLICIA|POLICIA,3|3,23.1|21.7,1|2,1,1,1,,0,0
313,multiplas_emergencias,PREEMPCAO_COMPENSADA,16,1652.9,1693.2,40.3,404,CRUZ_08,2,VE_ROTA_VE_CORREDOR_02|VE_ROTA_VE_TRANSVERSAL_02,POLICIA|POLICIA,3|3,56.6|45.8,2|1,1,1,1,,0,0
313,multiplas_emergencias,PREEMPCAO_COMPENSADA,16,2123.3,2151.5,28.2,283,CRUZ_02,2,VE_ROTA_VE_CORREDOR_03|VE_ROTA_VE_TRANSVERSAL_03,AMBULANCIA|AMBULANCIA,1|1,34.7|20.3,1|2,1,1,1,,0,0
313,multiplas_emergencias,PREEMPCAO_COMPENSADA,16,2244.8,2294.1,49.3,494,CRUZ_08,2,VE_ROTA_VE_CORREDOR_03|VE_ROTA_VE_TRANSVERSAL_03,AMBULANCIA|AMBULANCIA,1|1,47.3|28.6,2|1,1,1,1,,0,0
313,multiplas_emergencias,PREEMPCAO_COMPENSADA,16,2721.9,2776.6,54.7,548,CRUZ_02,2,VE_ROTA_VE_CORREDOR_04|VE_ROTA_VE_TRANSVERSAL_04,BOMBEIRO|BOMBEIRO,2|2,23.0|23.6,1|2,1,1,1,,0,0
313,multiplas_emergencias,PREEMPCAO_COMPENSADA,16,2864.1,2898.7,34.6,347,CRUZ_08,2,VE_ROTA_VE_CORREDOR_04|VE_ROTA_VE_TRANSVERSAL_04,BOMBEIRO|BOMBEIRO,2|2,27.2|23.0,2|1,1,1,1,,0,0
313,multiplas_emergencias,PREEMPCAO_COMPENSADA,16,3329.3,3348.6,19.3,194,CRUZ_02,2,VE_ROTA_VE_CORREDOR_05|VE_ROTA_VE_TRANSVERSAL_05,POLICIA|POLICIA,3|3,36.4|14.4,1|2,1,1,1,,0,0
313,multiplas_emergencias,PREEMPCAO_COMPENSADA,16,3423.9,3452.8,28.9,290,CRUZ_08,2,VE_ROTA_VE_CORREDOR_05|VE_ROTA_VE_TRANSVERSAL_05,POLICIA|POLICIA,3|3,50.3|23.4,2|1,1,1,1,,0,0
314,multiplas_emergencias,PREEMPCAO_ML,16,324.1,372.5,48.4,485,CRUZ_02,2,VE_ROTA_VE_CORREDOR_00|VE_ROTA_VE_TRANSVERSAL_00,AMBULANCIA|AMBULANCIA,1|1,109.7|19.6,1|2,1,1,1,,1,1
314,multiplas_emergencias,PREEMPCAO_ML,16,921.9,944.9,23.0,231,CRUZ_02,2,VE_ROTA_VE_CORREDOR_01|VE_ROTA_VE_TRANSVERSAL_01,BOMBEIRO|BOMBEIRO,2|2,23.0|21.6,1|2,1,1,1,,1,1
314,multiplas_emergencias,PREEMPCAO_ML,16,1020.4,1056.2,35.8,359,CRUZ_08,2,VE_ROTA_VE_CORREDOR_01|VE_ROTA_VE_TRANSVERSAL_01,BOMBEIRO|BOMBEIRO,2|2,29.6|49.1,2|1,1,1,1,,1,0
314,multiplas_emergencias,PREEMPCAO_ML,16,1522.2,1558.6,36.4,365,CRUZ_02,2,VE_ROTA_VE_CORREDOR_02|VE_ROTA_VE_TRANSVERSAL_02,POLICIA|POLICIA,3|3,26.2|21.5,1|2,1,1,1,,1,1
314,multiplas_emergencias,PREEMPCAO_ML,16,1638.4,1676.7,38.3,384,CRUZ_08,2,VE_ROTA_VE_CORREDOR_02|VE_ROTA_VE_TRANSVERSAL_02,POLICIA|POLICIA,3|3,41.4|37.6,2|1,1,1,1,,1,1
314,multiplas_emergencias,PREEMPCAO_ML,16,2126.3,2158.7,32.4,325,CRUZ_02,2,VE_ROTA_VE_CORREDOR_03|VE_ROTA_VE_TRANSVERSAL_03,AMBULANCIA|AMBULANCIA,1|1,67.9|17.3,1|2,1,1,1,,1,1
314,multiplas_emergencias,PREEMPCAO_ML,16,2248.6,2289.9,41.3,414,CRUZ_08,2,VE_ROTA_VE_CORREDOR_03|VE_ROTA_VE_TRANSVERSAL_03,AMBULANCIA|AMBULANCIA,1|1,56.7|39.7,2|1,1,1,1,,1,1
314,multiplas_emergencias,PREEMPCAO_ML,16,2722.4,2759.7,37.3,374,CRUZ_02,2,VE_ROTA_VE_CORREDOR_04|VE_ROTA_VE_TRANSVERSAL_04,BOMBEIRO|BOMBEIRO,2|2,43.9|24.0,1|2,1,1,1,,1,1
314,multiplas_emergencias,PREEMPCAO_ML,16,2836.6,2852.7,16.1,162,CRUZ_08,2,VE_ROTA_VE_CORREDOR_04|VE_ROTA_VE_TRANSVERSAL_04,BOMBEIRO|BOMBEIRO,2|2,14.9|29.5,2|1,1,1,1,,1,0
314,multiplas_emergencias,PREEMPCAO_ML,16,3329.0,3348.6,19.6,197,CRUZ_02,2,VE_ROTA_VE_CORREDOR_05|VE_ROTA_VE_TRANSVERSAL_05,POLICIA|POLICIA,3|3,43.5|14.7,1|2,1,1,1,,1,1
314,multiplas_emergencias,PREEMPCAO_ML,16,3441.5,3472.6,31.1,312,CRUZ_08,2,VE_ROTA_VE_CORREDOR_05|VE_ROTA_VE_TRANSVERSAL_05,POLICIA|POLICIA,3|3,51.8|20.4,2|1,1,1,1,,1,1
325,multiplas_emergencias,PREEMPCAO,17,329.6,345.0,15.4,155,CRUZ_02,2,VE_ROTA_VE_CORREDOR_00|VE_ROTA_VE_TRANSVERSAL_00,AMBULANCIA|AMBULANCIA,1|1,125.0|14.0,1|2,1,1,1,,0,0
325,multiplas_emergencias,PREEMPCAO,17,443.3,457.1,13.8,139,CRUZ_08,2,VE_ROTA_VE_CORREDOR_00|VE_ROTA_VE_TRANSVERSAL_00,AMBULANCIA|AMBULANCIA,1|1,38.3|12.9,2|1,1,1,1,,0,0
325,multiplas_emergencias,PREEMPCAO,17,921.9,949.2,27.3,274,CRUZ_02,2,VE_ROTA_VE_CORREDOR_01|VE_ROTA_VE_TRANSVERSAL_01,BOMBEIRO|BOMBEIRO,2|2,23.0|21.6,1|2,1,1,1,,0,0
325,multiplas_emergencias,PREEMPCAO,17,1061.6,1078.6,17.0,171,CRUZ_08,2,VE_ROTA_VE_CORREDOR_01|VE_ROTA_VE_TRANSVERSAL_01,BOMBEIRO|BOMBEIRO,2|2,12.8|23.1,2|1,1,1,1,,0,0
325,multiplas_emergencias,PREEMPCAO,17,1522.1,1553.5,31.4,315,CRUZ_02,2,VE_ROTA_VE_CORREDOR_02|VE_ROTA_VE_TRANSVERSAL_02,POLICIA|POLICIA,3|3,24.8|30.6,1|2,1,1,1,,0,0
325,multiplas_emergencias,PREEMPCAO,17,1644.0,1658.2,14.2,143,CRUZ_08,2,VE_ROTA_VE_CORREDOR_02|VE_ROTA_VE_TRANSVERSAL_02,POLICIA|POLICIA,3|3,4.9|23.0,2|1,1,0,0,VE_ROTA_VE_CORREDOR_02,0,0
325,multiplas_emergencias,PREEMPCAO,17,2133.1,2145.0,11.9,120,CRUZ_02,2,VE_ROTA_VE_CORREDOR_03|VE_ROTA_VE_TRANSVERSAL_03,AMBULANCIA|AMBULANCIA,1|1,58.8|10.5,1|2,1,0,0,VE_ROTA_VE_TRANSVERSAL_03,0,0
325,multiplas_emergencias,PREEMPCAO,17,2724.1,2745.1,21.0,211,CRUZ_02,2,VE_ROTA_VE_CORREDOR_04|VE_ROTA_VE_TRANSVERSAL_04,BOMBEIRO|BOMBEIRO,2|2,104.6|19.4,1|2,1,1,1,,0,0
325,multiplas_emergencias,PREEMPCAO,17,2837.3,2844.2,6.9,70,CRUZ_08,2,VE_ROTA_VE_CORREDOR_04|VE_ROTA_VE_TRANSVERSAL_04,BOMBEIRO|BOMBEIRO,2|2,95.5|6.2,2|1,1,0,0,VE_ROTA_VE_TRANSVERSAL_04,0,0
325,multiplas_emergencias,PREEMPCAO,17,3322.1,3345.1,23.0,231,CRUZ_02,2,VE_ROTA_VE_CORREDOR_05|VE_ROTA_VE_TRANSVERSAL_05,POLICIA|POLICIA,3|3,23.1|21.6,1|2,1,1,1,,0,0
326,multiplas_emergencias,PREEMPCAO_COMPENSADA,17,329.6,345.0,15.4,155,CRUZ_02,2,VE_ROTA_VE_CORREDOR_00|VE_ROTA_VE_TRANSVERSAL_00,AMBULANCIA|AMBULANCIA,1|1,125.0|14.0,1|2,1,1,1,,0,0
326,multiplas_emergencias,PREEMPCAO_COMPENSADA,17,443.2,457.1,13.9,140,CRUZ_08,2,VE_ROTA_VE_CORREDOR_00|VE_ROTA_VE_TRANSVERSAL_00,AMBULANCIA|AMBULANCIA,1|1,38.2|13.0,2|1,1,1,1,,0,0
326,multiplas_emergencias,PREEMPCAO_COMPENSADA,17,923.0,954.3,31.3,314,CRUZ_02,2,VE_ROTA_VE_CORREDOR_01|VE_ROTA_VE_TRANSVERSAL_01,BOMBEIRO|BOMBEIRO,2|2,35.8|20.5,1|2,1,1,1,,0,0
326,multiplas_emergencias,PREEMPCAO_COMPENSADA,17,1048.0,1059.0,11.0,111,CRUZ_08,2,VE_ROTA_VE_CORREDOR_01|VE_ROTA_VE_TRANSVERSAL_01,BOMBEIRO|BOMBEIRO,2|2,105.1|10.4,2|1,1,0,0,VE_ROTA_VE_TRANSVERSAL_01,0,0
326,multiplas_emergencias,PREEMPCAO_COMPENSADA,17,1522.0,1549.5,27.5,276,CRUZ_02,2,VE_ROTA_VE_CORREDOR_02|VE_ROTA_VE_TRANSVERSAL_02,POLICIA|POLICIA,3|3,23.0|30.7,1|2,1,1,1,,0,0
326,multiplas_emergencias,PREEMPCAO_COMPENSADA,17,1634.1,1664.5,30.4,305,CRUZ_08,2,VE_ROTA_VE_CORREDOR_02|VE_ROTA_VE_TRANSVERSAL_02,POLICIA|POLICIA,3|3,27.8|38.6,2|1,1,0,0,VE_ROTA_VE_CORREDOR_02,0,0
326,multiplas_emergencias,PREEMPCAO_COMPENSADA,17,2128.9,2145.0,16.1,162,CRUZ_02,2,VE_ROTA_VE_CORREDOR_03|VE_ROTA_VE_TRANSVERSAL_03,AMBULANCIA|AMBULANCIA,1|1,49.7|14.7,1|2,1,1,1,,0,0
326,multiplas_emergencias,PREEMPCAO_COMPENSADA,17,2243.6,2243.9,0.3,4,CRUZ_08,2,VE_ROTA_VE_CORREDOR_03|VE_ROTA_VE_TRANSVERSAL_03,AMBULANCIA|AMBULANCIA,1|1,36.0|0.0,2|1,1,0,0,VE_ROTA_VE_TRANSVERSAL_03,0,0
326,multiplas_emergencias,PREEMPCAO_COMPENSADA,17,2722.1,2744.9,22.8,229,CRUZ_02,2,VE_ROTA_VE_CORREDOR_04|VE_ROTA_VE_TRANSVERSAL_04,BOMBEIRO|BOMBEIRO,2|2,23.1|21.4,1|2,1,1,1,,0,0
326,multiplas_emergencias,PREEMPCAO_COMPENSADA,17,3322.1,3345.1,23.0,231,CRUZ_02,2,VE_ROTA_VE_CORREDOR_05|VE_ROTA_VE_TRANSVERSAL_05,POLICIA|POLICIA,3|3,23.1|21.6,1|2,1,1,1,,0,0
327,multiplas_emergencias,PREEMPCAO_ML,17,329.6,345.0,15.4,155,CRUZ_02,2,VE_ROTA_VE_CORREDOR_00|VE_ROTA_VE_TRANSVERSAL_00,AMBULANCIA|AMBULANCIA,1|1,125.0|14.0,1|2,1,1,1,,1,1
327,multiplas_emergencias,PREEMPCAO_ML,17,443.7,474.1,30.4,305,CRUZ_08,2,VE_ROTA_VE_CORREDOR_00|VE_ROTA_VE_TRANSVERSAL_00,AMBULANCIA|AMBULANCIA,1|1,31.6|12.7,2|1,1,1,1,,1,1
327,multiplas_emergencias,PREEMPCAO_ML,17,921.9,949.3,27.4,275,CRUZ_02,2,VE_ROTA_VE_CORREDOR_01|VE_ROTA_VE_TRANSVERSAL_01,BOMBEIRO|BOMBEIRO,2|2,23.0|21.6,1|2,1,1,1,,1,1
327,multiplas_emergencias,PREEMPCAO_ML,17,1057.9,1075.8,17.9,180,CRUZ_08,2,VE_ROTA_VE_CORREDOR_01|VE_ROTA_VE_TRANSVERSAL_01,BOMBEIRO|BOMBEIRO,2|2,16.3|23.0,2|1,1,1,1,,1,0
327,multiplas_emergencias,PREEMPCAO_ML,17,1522.1,1553.4,31.3,314,CRUZ_02,2,VE_ROTA_VE_CORREDOR_02|VE_ROTA_VE_TRANSVERSAL_02,POLICIA|POLICIA,3|3,24.6|30.6,1|2,1,1,1,,1,1
327,multiplas_emergencias,PREEMPCAO_ML,17,1647.4,1655.4,8.0,81,CRUZ_08,2,VE_ROTA_VE_CORREDOR_02|VE_ROTA_VE_TRANSVERSAL_02,POLICIA|POLICIA,3|3,1.4|52.5,2|1,1,0,0,VE_ROTA_VE_CORREDOR_02,0,0
327,multiplas_emergencias,PREEMPCAO_ML,17,2133.0,2145.0,12.0,121,CRUZ_02,2,VE_ROTA_VE_CORREDOR_03|VE_ROTA_VE_TRANSVERSAL_03,AMBULANCIA|AMBULANCIA,1|1,57.9|10.7,1|2,1,0,0,VE_ROTA_VE_TRANSVERSAL_03,0,0
327,multiplas_emergencias,PREEMPCAO_ML,17,2251.5,2260.7,9.2,93,CRUZ_08,2,VE_ROTA_VE_CORREDOR_03|VE_ROTA_VE_TRANSVERSAL_03,AMBULANCIA|AMBULANCIA,1|1,36.0|8.6,2|1,1,0,0,VE_ROTA_VE_TRANSVERSAL_03,0,0
327,multiplas_emergencias,PREEMPCAO_ML,17,2724.1,2745.3,21.2,213,CRUZ_02,2,VE_ROTA_VE_CORREDOR_04|VE_ROTA_VE_TRANSVERSAL_04,BOMBEIRO|BOMBEIRO,2|2,105.0|19.4,1|2,1,1,1,,1,1
327,multiplas_emergencias,PREEMPCAO_ML,17,2837.8,2847.3,9.5,96,CRUZ_08,2,VE_ROTA_VE_CORREDOR_04|VE_ROTA_VE_TRANSVERSAL_04,BOMBEIRO|BOMBEIRO,2|2,97.6|7.0,2|1,1,0,0,VE_ROTA_VE_TRANSVERSAL_04,0,0
327,multiplas_emergencias,PREEMPCAO_ML,17,3322.1,3353.3,31.2,313,CRUZ_02,2,VE_ROTA_VE_CORREDOR_05|VE_ROTA_VE_TRANSVERSAL_05,POLICIA|POLICIA,3|3,23.0|21.6,1|2,1,1,1,,1,1
338,multiplas_emergencias,PREEMPCAO,18,324.0,346.9,22.9,230,CRUZ_02,2,VE_ROTA_VE_CORREDOR_00|VE_ROTA_VE_TRANSVERSAL_00,AMBULANCIA|AMBULANCIA,1|1,107.7|19.7,1|2,1,1,1,,0,0
338,multiplas_emergencias,PREEMPCAO,18,922.1,951.3,29.2,293,CRUZ_02,2,VE_ROTA_VE_CORREDOR_01|VE_ROTA_VE_TRANSVERSAL_01,BOMBEIRO|BOMBEIRO,2|2,23.1|21.4,1|2,1,1,1,,0,0
338,multiplas_emergencias,PREEMPCAO,18,1036.8,1057.0,20.2,203,CRUZ_08,2,VE_ROTA_VE_CORREDOR_01|VE_ROTA_VE_TRANSVERSAL_01,BOMBEIRO|BOMBEIRO,2|2,14.3|23.2,2|1,1,1,1,,0,0
338,multiplas_emergencias,PREEMPCAO,18,1524.0,1569.1,45.1,452,CRUZ_02,2,VE_ROTA_VE_CORREDOR_02|VE_ROTA_VE_TRANSVERSAL_02,POLICIA|POLICIA,3|3,39.9|32.3,1|2,1,1,1,,0,0
338,multiplas_emergencias,PREEMPCAO,18,1655.7,1701.6,45.9,460,CRUZ_08,2,VE_ROTA_VE_CORREDOR_02|VE_ROTA_VE_TRANSVERSAL_02,POLICIA|POLICIA,3|3,25.8|23.0,2|1,1,1,1,,0,0
338,multiplas_emergencias,PREEMPCAO,18,2131.8,2151.0,19.2,193,CRUZ_02,2,VE_ROTA_VE_CORREDOR_03|VE_ROTA_VE_TRANSVERSAL_03,AMBULANCIA|AMBULANCIA,1|1,34.7|11.9,1|2,1,1,1,,0,0
338,multiplas_emergencias,PREEMPCAO,18,2721.9,2746.2,24.3,244,CRUZ_02,2,VE_ROTA_VE_CORREDOR_04|VE_ROTA_VE_TRANSVERSAL_04,BOMBEIRO|BOMBEIRO,2|2,23.0|33.5,1|2,1,1,1,,0,0
338,multiplas_emergencias,PREEMPCAO,18,2831.2,2854.5,23.3,234,CRUZ_08,2,VE_ROTA_VE_CORREDOR_04|VE_ROTA_VE_TRANSVERSAL_04,BOMBEIRO|BOMBEIRO,2|2,22.0|23.1,2|1,1,1,1,,0,0
338,multiplas_emergencias,PREEMPCAO,18,3322.3,3358.0,35.7,358,CRUZ_02,2,VE_ROTA_VE_CORREDOR_05|VE_ROTA_VE_TRANSVERSAL_05,POLICIA|POLICIA,3|3,27.5|38.4,1|2,1,1,1,,0,0
338,multiplas_emergencias,PREEMPCAO,18,3454.5,3467.1,12.6,127,CRUZ_08,2,VE_ROTA_VE_CORREDOR_05|VE_ROTA_VE_TRANSVERSAL_05,POLICIA|POLICIA,3|3,10.1|23.0,2|1,1,0,0,VE_ROTA_VE_CORREDOR_05,0,0
339,multiplas_emergencias,PREEMPCAO_COMPENSADA,18,324.0,346.9,22.9,230,CRUZ_02,2,VE_ROTA_VE_CORREDOR_00|VE_ROTA_VE_TRANSVERSAL_00,AMBULANCIA|AMBULANCIA,1|1,107.7|19.7,1|2,1,1,1,,0,0
339,multiplas_emergencias,PREEMPCAO_COMPENSADA,18,923.4,949.6,26.2,263,CRUZ_02,2,VE_ROTA_VE_CORREDOR_01|VE_ROTA_VE_TRANSVERSAL_01,BOMBEIRO|BOMBEIRO,2|2,40.3|20.1,1|2,1,0,0,VE_ROTA_VE_TRANSVERSAL_01,0,0
339,multiplas_emergencias,PREEMPCAO_COMPENSADA,18,1048.3,1074.4,26.1,262,CRUZ_08,2,VE_ROTA_VE_CORREDOR_01|VE_ROTA_VE_TRANSVERSAL_01,BOMBEIRO|BOMBEIRO,2|2,73.1|26.1,2|1,1,1,1,,0,0
339,multiplas_emergencias,PREEMPCAO_COMPENSADA,18,1524.7,1558.1,33.4,335,CRUZ_02,2,VE_ROTA_VE_CORREDOR_02|VE_ROTA_VE_TRANSVERSAL_02,POLICIA|POLICIA,3|3,52.6|31.5,1|2,1,1,1,,0,0
339,multiplas_emergencias,PREEMPCAO_COMPENSADA,18,1653.0,1675.1,22.1,222,CRUZ_08,2,VE_ROTA_VE_CORREDOR_02|VE_ROTA_VE_TRANSVERSAL_02,POLICIA|POLICIA,3|3,54.0|21.5,2|1,1,1,1,,0,0
339,multiplas_emergencias,PREEMPCAO_COMPENSADA,18,2131.2,2145.0,13.8,139,CRUZ_02,2,VE_ROTA_VE_CORREDOR_03|VE_ROTA_VE_TRANSVERSAL_03,AMBULANCIA|AMBULANCIA,1|1,29.9|12.4,1|2,1,0,0,VE_ROTA_VE_TRANSVERSAL_03,0,0
339,multiplas_emergencias,PREEMPCAO_COMPENSADA,18,2251.2,2259.4,8.2,83,CRUZ_08,2,VE_ROTA_VE_CORREDOR_03|VE_ROTA_VE_TRANSVERSAL_03,AMBULANCIA|AMBULANCIA,1|1,44.3|7.1,2|1,1,0,0,VE_ROTA_VE_TRANSVERSAL_03,0,0
339,multiplas_emergencias,PREEMPCAO_COMPENSADA,18,2722.4,2754.0,31.6,317,CRUZ_02,2,VE_ROTA_VE_CORREDOR_04|VE_ROTA_VE_TRANSVERSAL_04,BOMBEIRO|BOMBEIRO,2|2,43.9|33.0,1|2,1,1,1,,0,0
339,multiplas_emergencias,PREEMPCAO_COMPENSADA,18,2835.2,2862.4,27.2,273,CRUZ_08,2,VE_ROTA_VE_CORREDOR_04|VE_ROTA_VE_TRANSVERSAL_04,BOMBEIRO|BOMBEIRO,2|2,56.8|32.7,2|1,1,1,1,,0,0
339,multiplas_emergencias,PREEMPCAO_COMPENSADA,18,3322.0,3356.2,34.2,343,CRUZ_02,2,VE_ROTA_VE_CORREDOR_05|VE_ROTA_VE_TRANSVERSAL_05,POLICIA|POLICIA,3|3,23.1|39.0,1|2,1,1,1,,0,0
340,multiplas_emergencias,PREEMPCAO_ML,18,324.0,369.5,45.5,456,CRUZ_02,2,VE_ROTA_VE_CORREDOR_00|VE_ROTA_VE_TRANSVERSAL_00,AMBULANCIA|AMBULANCIA,1|1,107.7|19.7,1|2,1,1,1,,1,1
340,multiplas_emergencias,PREEMPCAO_ML,18,473.3,485.4,12.1,122,CRUZ_08,2,VE_ROTA_VE_CORREDOR_00|VE_ROTA_VE_TRANSVERSAL_00,AMBULANCIA|AMBULANCIA,1|1,98.3|10.1,2|1,1,0,0,VE_ROTA_VE_TRANSVERSAL_00,0,0
340,multiplas_emergencias,PREEMPCAO_ML,18,922.1,955.3,33.2,333,CRUZ_02,2,VE_ROTA_VE_CORREDOR_01|VE_ROTA_VE_TRANSVERSAL_01,BOMBEIRO|BOMBEIRO,2|2,23.1|21.4,1|2,1,1,1,,1,1
340,multiplas_emergencias,PREEMPCAO_ML,18,1053.6,1071.5,17.9,180,CRUZ_08,2,VE_ROTA_VE_CORREDOR_01|VE_ROTA_VE_TRANSVERSAL_01,BOMBEIRO|BOMBEIRO,2|2,16.6|23.0,2|1,1,1,1,,1,0
340,multiplas_emergencias,PREEMPCAO_ML,18,1524.1,1566.9,42.8,429,CRUZ_02,2,VE_ROTA_VE_CORREDOR_02|VE_ROTA_VE_TRANSVERSAL_02,POLICIA|POLICIA,3|3,40.7|32.1,1|2,1,1,1,,1,1
340,multiplas_emergencias,PREEMPCAO_ML,18,1654.3,1693.8,39.5,396,CRUZ_08,2,VE_ROTA_VE_CORREDOR_02|VE_ROTA_VE_TRANSVERSAL_02,POLICIA|POLICIA,3|3,29.5|23.0,2|1,1,1,1,,1,1
340,multiplas_emergencias,PREEMPCAO_ML,18,2131.9,2146.1,14.2,143,CRUZ_02,2,VE_ROTA_VE_CORREDOR_03|VE_ROTA_VE_TRANSVERSAL_03,AMBULANCIA|AMBULANCIA,1|1,34.4|11.8,1|2,1,0,0,VE_ROTA_VE_TRANSVERSAL_03,0,0
340,multiplas_emergencias,PREEMPCAO_ML,18,2249.5,2269.0,19.5,196,CRUZ_08,2,VE_ROTA_VE_CORREDOR_03|VE_ROTA_VE_TRANSVERSAL_03,AMBULANCIA|AMBULANCIA,1|1,84.0|18.6,2|1,1,0,0,VE_ROTA_VE_TRANSVERSAL_03,0,0
340,multiplas_emergencias,PREEMPCAO_ML,18,2721.9,2746.2,24.3,244,CRUZ_02,2,VE_ROTA_VE_CORREDOR_04|VE_ROTA_VE_TRANSVERSAL_04,BOMBEIRO|BOMBEIRO,2|2,23.0|33.6,1|2,1,1,1,,1,0
340,multiplas_emergencias,PREEMPCAO_ML,18,2843.9,2854.7,10.8,109,CRUZ_08,2,VE_ROTA_VE_CORREDOR_04|VE_ROTA_VE_TRANSVERSAL_04,BOMBEIRO|BOMBEIRO,2|2,9.5|37.6,2|1,1,0,0,VE_ROTA_VE_CORREDOR_04,0,0
340,multiplas_emergencias,PREEMPCAO_ML,18,3322.3,3358.0,35.7,358,CRUZ_02,2,VE_ROTA_VE_CORREDOR_05|VE_ROTA_VE_TRANSVERSAL_05,POLICIA|POLICIA,3|3,27.4|38.5,1|2,1,1,1,,1,0
340,multiplas_emergencias,PREEMPCAO_ML,18,3454.9,3467.3,12.4,125,CRUZ_08,2,VE_ROTA_VE_CORREDOR_05|VE_ROTA_VE_TRANSVERSAL_05,POLICIA|POLICIA,3|3,9.7|42.3,2|1,1,0,0,VE_ROTA_VE_CORREDOR_05,0,0
351,multiplas_emergencias,PREEMPCAO,19,334.8,370.3,35.5,356,CRUZ_02,2,VE_ROTA_VE_CORREDOR_00|VE_ROTA_VE_TRANSVERSAL_00,AMBULANCIA|AMBULANCIA,1|1,61.7|24.1,1|2,1,1,1,,0,0
351,multiplas_emergencias,PREEMPCAO,19,925.3,959.3,34.0,341,CRUZ_02,2,VE_ROTA_VE_CORREDOR_01|VE_ROTA_VE_TRANSVERSAL_01,BOMBEIRO|BOMBEIRO,2|2,31.2|18.2,1|2,1,1,1,,0,0
351,multiplas_emergencias,PREEMPCAO,19,1059.5,1087.8,28.3,284,CRUZ_08,2,VE_ROTA_VE_CORREDOR_01|VE_ROTA_VE_TRANSVERSAL_01,BOMBEIRO|BOMBEIRO,2|2,50.6|24.5,2|1,1,1,1,,0,0
351,multiplas_emergencias,PREEMPCAO,19,1522.4,1545.1,22.7,228,CRUZ_02,2,VE_ROTA_VE_CORREDOR_02|VE_ROTA_VE_TRANSVERSAL_02,POLICIA|POLICIA,3|3,25.5|21.3,1|2,1,1,1,,0,0
351,multiplas_emergencias,PREEMPCAO,19,2122.5,2146.9,24.4,245,CRUZ_02,2,VE_ROTA_VE_CORREDOR_03|VE_ROTA_VE_TRANSVERSAL_03,AMBULANCIA|AMBULANCIA,1|1,44.0|21.2,1|2,1,1,1,,0,0
351,multiplas_emergencias,PREEMPCAO,19,2222.8,2254.8,32.0,321,CRUZ_08,2,VE_ROTA_VE_CORREDOR_03|VE_ROTA_VE_TRANSVERSAL_03,AMBULANCIA|AMBULANCIA,1|1,30.7|45.9,2|1,1,1,1,,0,0
351,multiplas_emergencias,PREEMPCAO,19,2733.6,2744.9,11.3,114,CRUZ_02,2,VE_ROTA_VE_CORREDOR_04|VE_ROTA_VE_TRANSVERSAL_04,BOMBEIRO|BOMBEIRO,2|2,112.1|9.9,1|2,1,0,0,VE_ROTA_VE_TRANSVERSAL_04,0,0
351,multiplas_emergencias,PREEMPCAO,19,3322.3,3346.6,24.3,244,CRUZ_02,2,VE_ROTA_VE_CORREDOR_05|VE_ROTA_VE_TRANSVERSAL_05,POLICIA|POLICIA,3|3,23.0|28.0,1|2,1,1,1,,0,0
352,multiplas_emergencias,PREEMPCAO_COMPENSADA,19,334.8,370.3,35.5,356,CRUZ_02,2,VE_ROTA_VE_CORREDOR_00|VE_ROTA_VE_TRANSVERSAL_00,AMBULANCIA|AMBULANCIA,1|1,61.7|24.1,1|2,1,1,1,,0,0
352,multiplas_emergencias,PREEMPCAO_COMPENSADA,19,925.7,962.0,36.3,364,CRUZ_02,2,VE_ROTA_VE_CORREDOR_01|VE_ROTA_VE_TRANSVERSAL_01,BOMBEIRO|BOMBEIRO,2|2,35.4|17.8,1|2,1,1,1,,0,0
352,multiplas_emergencias,PREEMPCAO_COMPENSADA,19,1522.3,1545.1,22.8,229,CRUZ_02,2,VE_ROTA_VE_CORREDOR_02|VE_ROTA_VE_TRANSVERSAL_02,POLICIA|POLICIA,3|3,23.0|21.4,1|2,1,1,1,,0,0
352,multiplas_emergencias,PREEMPCAO_COMPENSADA,19,1639.9,1645.1,5.2,53,CRUZ_08,2,VE_ROTA_VE_CORREDOR_02|VE_ROTA_VE_TRANSVERSAL_02,POLICIA|POLICIA,3|3,105.8|3.8,2|1,1,0,0,VE_ROTA_VE_TRANSVERSAL_02,0,0
352,multiplas_emergencias,PREEMPCAO_COMPENSADA,19,2122.0,2145.0,23.0,231,CRUZ_02,2,VE_ROTA_VE_CORREDOR_03|VE_ROTA_VE_TRANSVERSAL_03,AMBULANCIA|AMBULANCIA,1|1,23.0|21.6,1|2,1,1,1,,0,0
352,multiplas_emergencias,PREEMPCAO_COMPENSADA,19,2242.2,2260.8,18.6,187,CRUZ_08,2,VE_ROTA_VE_CORREDOR_03|VE_ROTA_VE_TRANSVERSAL_03,AMBULANCIA|AMBULANCIA,1|1,30.3|12.2,2|1,1,0,0,VE_ROTA_VE_TRANSVERSAL_03,0,0
352,multiplas_emergencias,PREEMPCAO_COMPENSADA,19,2729.3,2744.9,15.6,157,CRUZ_02,2,VE_ROTA_VE_CORREDOR_04|VE_ROTA_VE_TRANSVERSAL_04,BOMBEIRO|BOMBEIRO,2|2,30.0|14.2,1|2,1,1,1,,0,0
352,multiplas_emergencias,PREEMPCAO_COMPENSADA,19,3324.0,3357.9,33.9,340,CRUZ_02,2,VE_ROTA_VE_CORREDOR_05|VE_ROTA_VE_TRANSVERSAL_05,POLICIA|POLICIA,3|3,69.6|28.5,1|2,1,1,1,,0,0
353,multiplas_emergencias,PREEMPCAO_ML,19,334.8,378.4,43.6,437,CRUZ_02,2,VE_ROTA_VE_CORREDOR_00|VE_ROTA_VE_TRANSVERSAL_00,AMBULANCIA|AMBULANCIA,1|1,61.7|24.1,1|2,1,1,1,,1,1
353,multiplas_emergencias,PREEMPCAO_ML,19,482.7,521.1,38.4,385,CRUZ_08,2,VE_ROTA_VE_CORREDOR_00|VE_ROTA_VE_TRANSVERSAL_00,AMBULANCIA|AMBULANCIA,1|1,63.5|32.5,2|1,1,1,1,,1,1
353,multiplas_emergencias,PREEMPCAO_ML,19,925.3,957.6,32.3,324,CRUZ_02,2,VE_ROTA_VE_CORREDOR_01|VE_ROTA_VE_TRANSVERSAL_01,BOMBEIRO|BOMBEIRO,2|2,31.2|18.2,1|2,1,1,1,,1,1
353,multiplas_emergencias,PREEMPCAO_ML,19,1054.0,1094.2,40.2,403,CRUZ_08,2,VE_ROTA_VE_CORREDOR_01|VE_ROTA_VE_TRANSVERSAL_01,BOMBEIRO|BOMBEIRO,2|2,42.7|21.7,2|1,1,1,1,,1,1
353,multiplas_emergencias,PREEMPCAO_ML,19,1522.4,1552.5,30.1,302,CRUZ_02,2,VE_ROTA_VE_CORREDOR_02|VE_ROTA_VE_TRANSVERSAL_02,POLICIA|POLICIA,3|3,25.8|21.3,1|2,1,1,1,,1,1
353,multiplas_emergencias,PREEMPCAO_ML,19,1640.5,1645.8,5.3,54,CRUZ_08,2,VE_ROTA_VE_CORREDOR_02|VE_ROTA_VE_TRANSVERSAL_02,POLICIA|POLICIA,3|3,96.9|4.4,2|1,1,0,0,VE_ROTA_VE_TRANSVERSAL_02,0,0
353,multiplas_emergencias,PREEMPCAO_ML,19,2122.5,2148.9,26.4,265,CRUZ_02,2,VE_ROTA_VE_CORREDOR_03|VE_ROTA_VE_TRANSVERSAL_03,AMBULANCIA|AMBULANCIA,1|1,44.0|21.1,1|2,1,1,1,,1,1
353,multiplas_emergencias,PREEMPCAO_ML,19,2232.1,2258.6,26.5,266,CRUZ_08,2,VE_ROTA_VE_CORREDOR_03|VE_ROTA_VE_TRANSVERSAL_03,AMBULANCIA|AMBULANCIA,1|1,37.7|23.1,2|1,1,1,1,,1,1
353,multiplas_emergencias,PREEMPCAO_ML,19,2733.6,2744.9,11.3,114,CRUZ_02,2,VE_ROTA_VE_CORREDOR_04|VE_ROTA_VE_TRANSVERSAL_04,BOMBEIRO|BOMBEIRO,2|2,105.9|9.9,1|2,1,1,1,,1,0
353,multiplas_emergencias,PREEMPCAO_ML,19,3322.3,3346.6,24.3,244,CRUZ_02,2,VE_ROTA_VE_CORREDOR_05|VE_ROTA_VE_TRANSVERSAL_05,POLICIA|POLICIA,3|3,23.0|28.0,1|2,1,1,1,,1,0
353,multiplas_emergencias,PREEMPCAO_ML,19,3450.1,3461.3,11.2,113,CRUZ_08,2,VE_ROTA_VE_CORREDOR_05|VE_ROTA_VE_TRANSVERSAL_05,POLICIA|POLICIA,3|3,13.3|23.0,2|1,1,0,0,VE_ROTA_VE_CORREDOR_05,0,0
364,multiplas_emergencias,PREEMPCAO,20,322.5,351.8,29.3,294,CRUZ_02,2,VE_ROTA_VE_CORREDOR_00|VE_ROTA_VE_TRANSVERSAL_00,AMBULANCIA|AMBULANCIA,1|1,44.0|21.7,1|2,1,1,1,,0,0
364,multiplas_emergencias,PREEMPCAO,20,924.9,957.3,32.4,325,CRUZ_02,2,VE_ROTA_VE_CORREDOR_01|VE_ROTA_VE_TRANSVERSAL_01,BOMBEIRO|BOMBEIRO,2|2,33.6|27.9,1|2,1,1,1,,0,0
364,multiplas_emergencias,PREEMPCAO,20,1056.6,1088.3,31.7,318,CRUZ_08,2,VE_ROTA_VE_CORREDOR_01|VE_ROTA_VE_TRANSVERSAL_01,BOMBEIRO|BOMBEIRO,2|2,38.4|17.5,2|1,1,1,1,,0,0
364,multiplas_emergencias,PREEMPCAO,20,1524.3,1558.7,34.4,345,CRUZ_02,2,VE_ROTA_VE_CORREDOR_02|VE_ROTA_VE_TRANSVERSAL_02,POLICIA|POLICIA,3|3,48.6|34.6,1|2,1,1,1,,0,0
364,multiplas_emergencias,PREEMPCAO,20,1659.1,1682.4,23.3,234,CRUZ_08,2,VE_ROTA_VE_CORREDOR_02|VE_ROTA_VE_TRANSVERSAL_02,POLICIA|POLICIA,3|3,21.2|49.3,2|1,1,1,1,,0,0
364,multiplas_emergencias,PREEMPCAO,20,2124.3,2149.6,25.3,254,CRUZ_02,2,VE_ROTA_VE_CORREDOR_03|VE_ROTA_VE_TRANSVERSAL_03,AMBULANCIA|AMBULANCIA,1|1,68.1|23.2,1|2,1,1,1,,0,0
364,multiplas_emergencias,PREEMPCAO,20,2724.0,2763.9,39.9,400,CRUZ_02,2,VE_ROTA_VE_CORREDOR_04|VE_ROTA_VE_TRANSVERSAL_04,BOMBEIRO|BOMBEIRO,2|2,108.6|37.3,1|2,1,1,1,,0,0
364,multiplas_emergencias,PREEMPCAO,20,3322.0,3364.6,42.6,427,CRUZ_02,2,VE_ROTA_VE_CORREDOR_05|VE_ROTA_VE_TRANSVERSAL_05,POLICIA|POLICIA,3|3,23.0|39.2,1|2,1,1,1,,0,0
364,multiplas_emergencias,PREEMPCAO,20,3453.9,3488.2,34.3,344,CRUZ_08,2,VE_ROTA_VE_CORREDOR_05|VE_ROTA_VE_TRANSVERSAL_05,POLICIA|POLICIA,3|3,43.4|22.5,2|1,1,1,1,,0,0
365,multiplas_emergencias,PREEMPCAO_COMPENSADA,20,322.5,351.8,29.3,294,CRUZ_02,2,VE_ROTA_VE_CORREDOR_00|VE_ROTA_VE_TRANSVERSAL_00,AMBULANCIA|AMBULANCIA,1|1,44.0|21.7,1|2,1,1,1,,0,0
365,multiplas_emergencias,PREEMPCAO_COMPENSADA,20,925.4,955.0,29.6,297,CRUZ_02,2,VE_ROTA_VE_CORREDOR_01|VE_ROTA_VE_TRANSVERSAL_01,BOMBEIRO|BOMBEIRO,2|2,38.3|27.6,1|2,1,1,1,,0,0
365,multiplas_emergencias,PREEMPCAO_COMPENSADA,20,1522.0,1556.2,34.2,343,CRUZ_02,2,VE_ROTA_VE_CORREDOR_02|VE_ROTA_VE_TRANSVERSAL_02,POLICIA|POLICIA,3|3,23.0|36.6,1|2,1,1,1,,0,0
365,multiplas_emergencias,PREEMPCAO_COMPENSADA,20,1672.8,1677.0,4.2,43,CRUZ_08,2,VE_ROTA_VE_CORREDOR_02|VE_ROTA_VE_TRANSVERSAL_02,POLICIA|POLICIA,3|3,2.9|25.3,2|1,1,0,0,VE_ROTA_VE_CORREDOR_02,0,0
365,multiplas_emergencias,PREEMPCAO_COMPENSADA,20,2124.7,2152.4,27.7,278,CRUZ_02,2,VE_ROTA_VE_CORREDOR_03|VE_ROTA_VE_TRANSVERSAL_03,AMBULANCIA|AMBULANCIA,1|1,82.1|22.7,1|2,1,1,1,,0,0
365,multiplas_emergencias,PREEMPCAO_COMPENSADA,20,2239.2,2268.4,29.2,293,CRUZ_08,2,VE_ROTA_VE_CORREDOR_03|VE_ROTA_VE_TRANSVERSAL_03,AMBULANCIA|AMBULANCIA,1|1,27.9|30.8,2|1,1,1,1,,0,0
365,multiplas_emergencias,PREEMPCAO_COMPENSADA,20,2722.4,2764.9,42.5,426,CRUZ_02,2,VE_ROTA_VE_CORREDOR_04|VE_ROTA_VE_TRANSVERSAL_04,BOMBEIRO|BOMBEIRO,2|2,28.7|38.9,1|2,1,1,1,,0,0
365,multiplas_emergencias,PREEMPCAO_COMPENSADA,20,2875.3,2882.0,6.7,68,CRUZ_08,2,VE_ROTA_VE_CORREDOR_04|VE_ROTA_VE_TRANSVERSAL_04,BOMBEIRO|BOMBEIRO,2|2,5.5|24.3,2|1,1,0,0,VE_ROTA_VE_CORREDOR_04,0,0
365,multiplas_emergencias,PREEMPCAO_COMPENSADA,20,3323.3,3355.6,32.3,324,CRUZ_02,2,VE_ROTA_VE_CORREDOR_05|VE_ROTA_VE_TRANSVERSAL_05,POLICIA|POLICIA,3|3,40.0|38.1,1|2,1,1,1,,0,0
365,multiplas_emergencias,PREEMPCAO_COMPENSADA,20,3449.5,3470.6,21.1,212,CRUZ_08,2,VE_ROTA_VE_CORREDOR_05|VE_ROTA_VE_TRANSVERSAL_05,POLICIA|POLICIA,3|3,17.2|23.0,2|1,1,1,1,,0,0
366,multiplas_emergencias,PREEMPCAO_ML,20,322.5,359.5,37.0,371,CRUZ_02,2,VE_ROTA_VE_CORREDOR_00|VE_ROTA_VE_TRANSVERSAL_00,AMBULANCIA|AMBULANCIA,1|1,44.0|21.7,1|2,1,1,1,,1,1
366,multiplas_emergencias,PREEMPCAO_ML,20,456.5,479.6,23.1,232,CRUZ_08,2,VE_ROTA_VE_CORREDOR_00|VE_ROTA_VE_TRANSVERSAL_00,AMBULANCIA|AMBULANCIA,1|1,45.8|14.1,2|1,1,0,0,VE_ROTA_VE_TRANSVERSAL_00,0,0
366,multiplas_emergencias,PREEMPCAO_ML,20,924.9,967.4,42.5,426,CRUZ_02,2,VE_ROTA_VE_CORREDOR_01|VE_ROTA_VE_TRANSVERSAL_01,BOMBEIRO|BOMBEIRO,2|2,33.5|28.1,1|2,1,1,1,,1,1
366,multiplas_emergencias,PREEMPCAO_ML,20,1059.7,1100.4,40.7,408,CRUZ_08,2,VE_ROTA_VE_CORREDOR_01|VE_ROTA_VE_TRANSVERSAL_01,BOMBEIRO|BOMBEIRO,2|2,52.9|25.5,2|1,1,1,1,,1,1
366,multiplas_emergencias,PREEMPCAO_ML,20,1524.2,1562.0,37.8,379,CRUZ_02,2,VE_ROTA_VE_CORREDOR_02|VE_ROTA_VE_TRANSVERSAL_02,POLICIA|POLICIA,3|3,47.8|34.9,1|2,1,1,1,,1,1
366,multiplas_emergencias,PREEMPCAO_ML,20,1659.8,1664.7,4.9,50,CRUZ_08,2,VE_ROTA_VE_CORREDOR_02|VE_ROTA_VE_TRANSVERSAL_02,POLICIA|POLICIA,3|3,3.6|23.1,2|1,1,0,0,VE_ROTA_VE_CORREDOR_02,0,0
366,multiplas_emergencias,PREEMPCAO_ML,20,2124.3,2161.6,37.3,374,CRUZ_02,2,VE_ROTA_VE_CORREDOR_03|VE_ROTA_VE_TRANSVERSAL_03,AMBULANCIA|AMBULANCIA,1|1,69.7|23.1,1|2,1,1,1,,1,1
366,multiplas_emergencias,PREEMPCAO_ML,20,2258.2,2283.3,25.1,252,CRUZ_08,2,VE_ROTA_VE_CORREDOR_03|VE_ROTA_VE_TRANSVERSAL_03,AMBULANCIA|AMBULANCIA,1|1,23.8|23.1,2|1,1,1,1,,1,1
366,multiplas_emergencias,PREEMPCAO_ML,20,2724.0,2763.8,39.8,399,CRUZ_02,2,VE_ROTA_VE_CORREDOR_04|VE_ROTA_VE_TRANSVERSAL_04,BOMBEIRO|BOMBEIRO,2|2,108.8|37.4,1|2,1,1,1,,1,1
366,multiplas_emergencias,PREEMPCAO_ML,20,2864.6,2887.4,22.8,229,CRUZ_08,2,VE_ROTA_VE_CORREDOR_04|VE_ROTA_VE_TRANSVERSAL_04,BOMBEIRO|BOMBEIRO,2|2,20.6|23.0,2|1,1,1,1,,1,0
366,multiplas_emergencias,PREEMPCAO_ML,20,3322.0,3359.6,37.6,377,CRUZ_02,2,VE_ROTA_VE_CORREDOR_05|VE_ROTA_VE_TRANSVERSAL_05,POLICIA|POLICIA,3|3,23.1|39.2,1|2,1,1,1,,1,0
377,multiplas_emergencias,PREEMPCAO,21,322.5,354.7,32.2,323,CRUZ_02,2,VE_ROTA_VE_CORREDOR_00|VE_ROTA_VE_TRANSVERSAL_00,AMBULANCIA|AMBULANCIA,1|1,44.0|42.4,1|2,1,1,1,,0,0
377,multiplas_emergencias,PREEMPCAO,21,464.9,468.7,3.8,39,CRUZ_08,2,VE_ROTA_VE_CORREDOR_00|VE_ROTA_VE_TRANSVERSAL_00,AMBULANCIA|AMBULANCIA,1|1,2.5|42.7,2|1,1,0,0,VE_ROTA_VE_CORREDOR_00,0,0
377,multiplas_emergencias,PREEMPCAO,21,936.0,944.9,8.9,90,CRUZ_02,2,VE_ROTA_VE_CORREDOR_01|VE_ROTA_VE_TRANSVERSAL_01,BOMBEIRO|BOMBEIRO,2|2,125.0|7.5,1|2,1,0,0,VE_ROTA_VE_TRANSVERSAL_01,0,0
377,multiplas_emergencias,PREEMPCAO,21,1522.8,1570.6,47.8,479,CRUZ_02,2,VE_ROTA_VE_CORREDOR_02|VE_ROTA_VE_TRANSVERSAL_02,POLICIA|POLICIA,3|3,23.0|20.9,1|2,1,1,1,,0,0
377,multiplas_emergencias,PREEMPCAO,21,1650.3,1675.0,24.7,248,CRUZ_08,2,VE_ROTA_VE_CORREDOR_02|VE_ROTA_VE_TRANSVERSAL_02,POLICIA|POLICIA,3|3,82.4|18.3,2|1,1,1,1,,0,0
377,multiplas_emergencias,PREEMPCAO,21,2123.5,2153.9,30.4,305,CRUZ_02,2,VE_ROTA_VE_CORREDOR_03|VE_ROTA_VE_TRANSVERSAL_03,AMBULANCIA|AMBULANCIA,1|1,36.2|20.1,1|2,1,1,1,,0,0
377,multiplas_emergencias,PREEMPCAO,21,2257.2,2295.8,38.6,387,CRUZ_08,2,VE_ROTA_VE_CORREDOR_03|VE_ROTA_VE_TRANSVERSAL_03,AMBULANCIA|AMBULANCIA,1|1,91.0|19.9,2|1,1,1,1,,0,0
377,multiplas_emergencias,PREEMPCAO,21,2722.1,2757.1,35.0,351,CRUZ_02,2,VE_ROTA_VE_CORREDOR_04|VE_ROTA_VE_TRANSVERSAL_04,BOMBEIRO|BOMBEIRO,2|2,23.1|21.4,1|2,1,1,1,,0,0
377,multiplas_emergencias,PREEMPCAO,21,2849.4,2866.3,16.9,170,CRUZ_08,2,VE_ROTA_VE_CORREDOR_04|VE_ROTA_VE_TRANSVERSAL_04,BOMBEIRO|BOMBEIRO,2|2,15.7|33.2,2|1,1,1,1,,0,0
377,multiplas_emergencias,PREEMPCAO,21,3327.0,3346.8,19.8,199,CRUZ_02,2,VE_ROTA_VE_CORREDOR_05|VE_ROTA_VE_TRANSVERSAL_05,POLICIA|POLICIA,3|3,81.5|16.7,1|2,1,0,0,VE_ROTA_VE_TRANSVERSAL_05,0,0
377,multiplas_emergencias,PREEMPCAO,21,3441.0,3483.8,42.8,429,CRUZ_08,2,VE_ROTA_VE_CORREDOR_05|VE_ROTA_VE_TRANSVERSAL_05,POLICIA|POLICIA,3|3,21.3|42.3,2|1,1,1,1,,0,0
378,multiplas_emergencias,PREEMPCAO_COMPENSADA,21,322.5,354.7,32.2,323,CRUZ_02,2,VE_ROTA_VE_CORREDOR_00|VE_ROTA_VE_TRANSVERSAL_00,AMBULANCIA|AMBULANCIA,1|1,44.0|42.4,1|2,1,1,1,,0,0
378,multiplas_emergencias,PREEMPCAO_COMPENSADA,21,464.9,468.6,3.7,38,CRUZ_08,2,VE_ROTA_VE_CORREDOR_00|VE_ROTA_VE_TRANSVERSAL_00,AMBULANCIA|AMBULANCIA,1|1,2.5|42.9,2|1,1,0,0,VE_ROTA_VE_CORREDOR_00,0,0
378,multiplas_emergencias,PREEMPCAO_COMPENSADA,21,928.6,949.6,21.0,211,CRUZ_02,2,VE_ROTA_VE_CORREDOR_01|VE_ROTA_VE_TRANSVERSAL_01,BOMBEIRO|BOMBEIRO,2|2,37.7|14.9,1|2,1,0,0,VE_ROTA_VE_TRANSVERSAL_01,0,0
378,multiplas_emergencias,PREEMPCAO_COMPENSADA,21,1522.8,1554.6,31.8,319,CRUZ_02,2,VE_ROTA_VE_CORREDOR_02|VE_ROTA_VE_TRANSVERSAL_02,POLICIA|POLICIA,3|3,23.0|20.9,1|2,1,1,1,,0,0
378,multiplas_emergencias,PREEMPCAO_COMPENSADA,21,1648.7,1682.6,33.9,340,CRUZ_08,2,VE_ROTA_VE_CORREDOR_02|VE_ROTA_VE_TRANSVERSAL_02,POLICIA|POLICIA,3|3,30.7|32.3,2|1,1,1,1,,0,0
378,multiplas_emergencias,PREEMPCAO_COMPENSADA,21,2124.7,2148.9,24.2,243,CRUZ_02,2,VE_ROTA_VE_CORREDOR_03|VE_ROTA_VE_TRANSVERSAL_03,AMBULANCIA|AMBULANCIA,1|1,80.1|18.9,1|2,1,1,1,,0,0
378,multiplas_emergencias,PREEMPCAO_COMPENSADA,21,2245.9,2266.5,20.6,207,CRUZ_08,2,VE_ROTA_VE_CORREDOR_03|VE_ROTA_VE_TRANSVERSAL_03,AMBULANCIA|AMBULANCIA,1|1,16.5|46.8,2|1,1,1,1,,0,0
378,multiplas_emergencias,PREEMPCAO_COMPENSADA,21,2722.1,2751.6,29.5,296,CRUZ_02,2,VE_ROTA_VE_CORREDOR_04|VE_ROTA_VE_TRANSVERSAL_04,BOMBEIRO|BOMBEIRO,2|2,23.0|21.4,1|2,1,1,1,,0,0
378,multiplas_emergencias,PREEMPCAO_COMPENSADA,21,2851.6,2867.6,16.0,161,CRUZ_08,2,VE_ROTA_VE_CORREDOR_04|VE_ROTA_VE_TRANSVERSAL_04,BOMBEIRO|BOMBEIRO,2|2,14.7|23.0,2|1,1,0,0,VE_ROTA_VE_CORREDOR_04,0,0
378,multiplas_emergencias,PREEMPCAO_COMPENSADA,21,3325.7,3346.7,21.0,211,CRUZ_02,2,VE_ROTA_VE_CORREDOR_05|VE_ROTA_VE_TRANSVERSAL_05,POLICIA|POLICIA,3|3,29.8|18.0,1|2,1,1,1,,0,0
378,multiplas_emergencias,PREEMPCAO_COMPENSADA,21,3430.7,3455.0,24.3,244,CRUZ_08,2,VE_ROTA_VE_CORREDOR_05|VE_ROTA_VE_TRANSVERSAL_05,POLICIA|POLICIA,3|3,31.2|23.0,2|1,1,1,1,,0,0
379,multiplas_emergencias,PREEMPCAO_ML,21,322.5,354.7,32.2,323,CRUZ_02,2,VE_ROTA_VE_CORREDOR_00|VE_ROTA_VE_TRANSVERSAL_00,AMBULANCIA|AMBULANCIA,1|1,44.0|42.4,1|2,1,1,1,,1,1
379,multiplas_emergencias,PREEMPCAO_ML,21,464.9,468.7,3.8,39,CRUZ_08,2,VE_ROTA_VE_CORREDOR_00|VE_ROTA_VE_TRANSVERSAL_00,AMBULANCIA|AMBULANCIA,1|1,2.5|42.7,2|1,1,0,0,VE_ROTA_VE_CORREDOR_00,0,0
379,multiplas_emergencias,PREEMPCAO_ML,21,936.0,944.9,8.9,90,CRUZ_02,2,VE_ROTA_VE_CORREDOR_01|VE_ROTA_VE_TRANSVERSAL_01,BOMBEIRO|BOMBEIRO,2|2,125.0|7.5,1|2,1,0,0,VE_ROTA_VE_TRANSVERSAL_01,0,0
379,multiplas_emergencias,PREEMPCAO_ML,21,1522.8,1558.2,35.4,355,CRUZ_02,2,VE_ROTA_VE_CORREDOR_02|VE_ROTA_VE_TRANSVERSAL_02,POLICIA|POLICIA,3|3,23.0|20.9,1|2,1,1,1,,1,1
379,multiplas_emergencias,PREEMPCAO_ML,21,1663.8,1675.1,11.3,114,CRUZ_08,2,VE_ROTA_VE_CORREDOR_02|VE_ROTA_VE_TRANSVERSAL_02,POLICIA|POLICIA,3|3,62.1|5.4,2|1,1,0,0,VE_ROTA_VE_TRANSVERSAL_02,0,0
379,multiplas_emergencias,PREEMPCAO_ML,21,2123.5,2156.5,33.0,331,CRUZ_02,2,VE_ROTA_VE_CORREDOR_03|VE_ROTA_VE_TRANSVERSAL_03,AMBULANCIA|AMBULANCIA,1|1,37.1|20.1,1|2,1,1,1,,1,1
379,multiplas_emergencias,PREEMPCAO_ML,21,2245.9,2273.6,27.7,278,CRUZ_08,2,VE_ROTA_VE_CORREDOR_03|VE_ROTA_VE_TRANSVERSAL_03,AMBULANCIA|AMBULANCIA,1|1,26.4|23.0,2|1,1,1,1,,1,1
379,multiplas_emergencias,PREEMPCAO_ML,21,2722.1,2746.4,24.3,244,CRUZ_02,2,VE_ROTA_VE_CORREDOR_04|VE_ROTA_VE_TRANSVERSAL_04,BOMBEIRO|BOMBEIRO,2|2,23.1|21.4,1|2,1,1,1,,1,1
379,multiplas_emergencias,PREEMPCAO_ML,21,2846.6,2883.6,37.0,371,CRUZ_08,2,VE_ROTA_VE_CORREDOR_04|VE_ROTA_VE_TRANSVERSAL_04,BOMBEIRO|BOMBEIRO,2|2,22.7|27.8,2|1,1,1,1,,1,1
379,multiplas_emergencias,PREEMPCAO_ML,21,3327.0,3362.3,35.3,354,CRUZ_02,2,VE_ROTA_VE_CORREDOR_05|VE_ROTA_VE_TRANSVERSAL_05,POLICIA|POLICIA,3|3,81.9|16.7,1|2,1,1,1,,1,1
379,multiplas_emergencias,PREEMPCAO_ML,21,3443.8,3458.3,14.5,146,CRUZ_08,2,VE_ROTA_VE_CORREDOR_05|VE_ROTA_VE_TRANSVERSAL_05,POLICIA|POLICIA,3|3,59.7|11.7,2|1,1,0,0,VE_ROTA_VE_TRANSVERSAL_05,0,0
390,multiplas_emergencias,PREEMPCAO,22,324.2,367.9,43.7,438,CRUZ_02,2,VE_ROTA_VE_CORREDOR_00|VE_ROTA_VE_TRANSVERSAL_00,AMBULANCIA|AMBULANCIA,1|1,105.8|31.3,1|2,1,1,1,,0,0
390,multiplas_emergencias,PREEMPCAO,22,487.8,490.2,2.4,25,CRUZ_08,2,VE_ROTA_VE_CORREDOR_00|VE_ROTA_VE_TRANSVERSAL_00,AMBULANCIA|AMBULANCIA,1|1,58.1|1.2,2|1,1,0,0,VE_ROTA_VE_TRANSVERSAL_00,0,0
390,multiplas_emergencias,PREEMPCAO,22,923.2,953.0,29.8,299,CRUZ_02,2,VE_ROTA_VE_CORREDOR_01|VE_ROTA_VE_TRANSVERSAL_01,BOMBEIRO|BOMBEIRO,2|2,29.0|31.3,1|2,1,1,1,,0,0
390,multiplas_emergencias,PREEMPCAO,22,1032.8,1076.0,43.2,433,CRUZ_08,2,VE_ROTA_VE_CORREDOR_01|VE_ROTA_VE_TRANSVERSAL_01,BOMBEIRO|BOMBEIRO,2|2,44.1|36.1,2|1,1,1,1,,0,0
390,multiplas_emergencias,PREEMPCAO,22,1529.1,1550.3,21.2,213,CRUZ_02,2,VE_ROTA_VE_CORREDOR_02|VE_ROTA_VE_TRANSVERSAL_02,POLICIA|POLICIA,3|3,37.5|18.8,1|2,1,1,1,,0,0
390,multiplas_emergencias,PREEMPCAO,22,1645.9,1662.6,16.7,168,CRUZ_08,2,VE_ROTA_VE_CORREDOR_02|VE_ROTA_VE_TRANSVERSAL_02,POLICIA|POLICIA,3|3,51.1|14.3,2|1,1,1,1,,0,0
390,multiplas_emergencias,PREEMPCAO,22,2133.2,2156.0,22.8,229,CRUZ_02,2,VE_ROTA_VE_CORREDOR_03|VE_ROTA_VE_TRANSVERSAL_03,AMBULANCIA|AMBULANCIA,1|1,56.0|20.8,1|2,1,1,1,,0,0
390,multiplas_emergencias,PREEMPCAO,22,2259.4,2273.0,13.6,137,CRUZ_08,2,VE_ROTA_VE_CORREDOR_03|VE_ROTA_VE_TRANSVERSAL_03,AMBULANCIA|AMBULANCIA,1|1,53.2|11.7,2|1,1,0,0,VE_ROTA_VE_TRANSVERSAL_03,0,0
390,multiplas_emergencias,PREEMPCAO,22,2734.5,2758.3,23.8,239,CRUZ_02,2,VE_ROTA_VE_CORREDOR_04|VE_ROTA_VE_TRANSVERSAL_04,BOMBEIRO|BOMBEIRO,2|2,125.0|21.9,1|2,1,1,1,,0,0
390,multiplas_emergencias,PREEMPCAO,22,3322.0,3347.2,25.2,253,CRUZ_02,2,VE_ROTA_VE_CORREDOR_05|VE_ROTA_VE_TRANSVERSAL_05,POLICIA|POLICIA,3|3,23.0|21.7,1|2,1,1,1,,0,0
390,multiplas_emergencias,PREEMPCAO,22,3429.9,3480.7,50.8,509,CRUZ_08,2,VE_ROTA_VE_CORREDOR_05|VE_ROTA_VE_TRANSVERSAL_05,POLICIA|POLICIA,3|3,33.7|29.8,2|1,1,1,1,,0,0
391,multiplas_emergencias,PREEMPCAO_COMPENSADA,22,324.2,367.9,43.7,438,CRUZ_02,2,VE_ROTA_VE_CORREDOR_00|VE_ROTA_VE_TRANSVERSAL_00,AMBULANCIA|AMBULANCIA,1|1,105.8|31.3,1|2,1,1,1,,0,0
391,multiplas_emergencias,PREEMPCAO_COMPENSADA,22,487.9,490.2,2.3,24,CRUZ_08,2,VE_ROTA_VE_CORREDOR_00|VE_ROTA_VE_TRANSVERSAL_00,AMBULANCIA|AMBULANCIA,1|1,57.4|1.1,2|1,1,0,0,VE_ROTA_VE_TRANSVERSAL_00,0,0
391,multiplas_emergencias,PREEMPCAO_COMPENSADA,22,923.1,956.0,32.9,330,CRUZ_02,2,VE_ROTA_VE_CORREDOR_01|VE_ROTA_VE_TRANSVERSAL_01,BOMBEIRO|BOMBEIRO,2|2,28.8|31.3,1|2,1,1,1,,0,0
391,multiplas_emergencias,PREEMPCAO_COMPENSADA,22,1047.6,1054.2,6.6,67,CRUZ_08,2,VE_ROTA_VE_CORREDOR_01|VE_ROTA_VE_TRANSVERSAL_01,BOMBEIRO|BOMBEIRO,2|2,82.6|7.5,2|1,1,0,0,VE_ROTA_VE_TRANSVERSAL_01,0,0
391,multiplas_emergencias,PREEMPCAO_COMPENSADA,22,1526.7,1550.3,23.6,237,CRUZ_02,2,VE_ROTA_VE_CORREDOR_02|VE_ROTA_VE_TRANSVERSAL_02,POLICIA|POLICIA,3|3,23.1|20.5,1|2,1,1,1,,0,0
391,multiplas_emergencias,PREEMPCAO_COMPENSADA,22,1646.0,1675.5,29.5,296,CRUZ_08,2,VE_ROTA_VE_CORREDOR_02|VE_ROTA_VE_TRANSVERSAL_02,POLICIA|POLICIA,3|3,40.2|17.5,2|1,1,1,1,,0,0
391,multiplas_emergencias,PREEMPCAO_COMPENSADA,22,2131.1,2156.0,24.9,250,CRUZ_02,2,VE_ROTA_VE_CORREDOR_03|VE_ROTA_VE_TRANSVERSAL_03,AMBULANCIA|AMBULANCIA,1|1,43.1|22.8,1|2,1,1,1,,0,0
391,multiplas_emergencias,PREEMPCAO_COMPENSADA,22,2261.8,2262.5,0.7,8,CRUZ_08,2,VE_ROTA_VE_CORREDOR_03|VE_ROTA_VE_TRANSVERSAL_03,AMBULANCIA|AMBULANCIA,1|1,59.4|0.0,2|1,1,0,0,VE_ROTA_VE_TRANSVERSAL_03,0,0
391,multiplas_emergencias,PREEMPCAO_COMPENSADA,22,2727.6,2758.3,30.7,308,CRUZ_02,2,VE_ROTA_VE_CORREDOR_04|VE_ROTA_VE_TRANSVERSAL_04,BOMBEIRO|BOMBEIRO,2|2,29.9|28.8,1|2,1,1,1,,0,0
391,multiplas_emergencias,PREEMPCAO_COMPENSADA,22,2841.0,2863.9,22.9,230,CRUZ_08,2,VE_ROTA_VE_CORREDOR_04|VE_ROTA_VE_TRANSVERSAL_04,BOMBEIRO|BOMBEIRO,2|2,57.0|20.4,2|1,1,1,1,,0,0
391,multiplas_emergencias,PREEMPCAO_COMPENSADA,22,3324.2,3345.1,20.9,210,CRUZ_02,2,VE_ROTA_VE_CORREDOR_05|VE_ROTA_VE_TRANSVERSAL_05,POLICIA|POLICIA,3|3,105.5|19.5,1|2,1,1,1,,0,0
391,multiplas_emergencias,PREEMPCAO_COMPENSADA,22,3438.0,3462.1,24.1,242,CRUZ_08,2,VE_ROTA_VE_CORREDOR_05|VE_ROTA_VE_TRANSVERSAL_05,POLICIA|POLICIA,3|3,50.3|24.1,2|1,1,1,1,,0,0
392,multiplas_emergencias,PREEMPCAO_ML,22,324.2,369.8,45.6,457,CRUZ_02,2,VE_ROTA_VE_CORREDOR_00|VE_ROTA_VE_TRANSVERSAL_00,AMBULANCIA|AMBULANCIA,1|1,105.8|31.3,1|2,1,1,1,,1,1
392,multiplas_emergencias,PREEMPCAO_ML,22,472.3,490.3,18.0,181,CRUZ_08,2,VE_ROTA_VE_CORREDOR_00|VE_ROTA_VE_TRANSVERSAL_00,AMBULANCIA|AMBULANCIA,1|1,16.7|101.1,2|1,1,1,1,,1,0
392,multiplas_emergencias,PREEMPCAO_ML,22,923.2,956.1,32.9,330,CRUZ_02,2,VE_ROTA_VE_CORREDOR_01|VE_ROTA_VE_TRANSVERSAL_01,BOMBEIRO|BOMBEIRO,2|2,29.1|31.2,1|2,1,1,1,,1,0
392,multiplas_emergencias,PREEMPCAO_ML,22,1048.7,1058.2,9.5,96,CRUZ_08,2,VE_ROTA_VE_CORREDOR_01|VE_ROTA_VE_TRANSVERSAL_01,BOMBEIRO|BOMBEIRO,2|2,8.2|42.6,2|1,1,0,0,VE_ROTA_VE_CORREDOR_01,0,0
392,multiplas_emergencias,PREEMPCAO_ML,22,1529.2,1550.3,21.1,212,CRUZ_02,2,VE_ROTA_VE_CORREDOR_02|VE_ROTA_VE_TRANSVERSAL_02,POLICIA|POLICIA,3|3,38.1|18.8,1|2,1,0,0,VE_ROTA_VE_TRANSVERSAL_02,0,0
392,multiplas_emergencias,PREEMPCAO_ML,22,1636.4,1676.4,40.0,401,CRUZ_08,2,VE_ROTA_VE_CORREDOR_02|VE_ROTA_VE_TRANSVERSAL_02,POLICIA|POLICIA,3|3,56.8|23.1,2|1,1,1,1,,1,1
392,multiplas_emergencias,PREEMPCAO_ML,22,2133.3,2158.6,25.3,254,CRUZ_02,2,VE_ROTA_VE_CORREDOR_03|VE_ROTA_VE_TRANSVERSAL_03,AMBULANCIA|AMBULANCIA,1|1,55.6|20.7,1|2,1,1,1,,1,1
392,multiplas_emergencias,PREEMPCAO_ML,22,2236.2,2267.8,31.6,317,CRUZ_08,2,VE_ROTA_VE_CORREDOR_03|VE_ROTA_VE_TRANSVERSAL_03,AMBULANCIA|AMBULANCIA,1|1,46.4|31.6,2|1,1,1,1,,1,1
392,multiplas_emergencias,PREEMPCAO_ML,22,2734.5,2765.6,31.1,312,CRUZ_02,2,VE_ROTA_VE_CORREDOR_04|VE_ROTA_VE_TRANSVERSAL_04,BOMBEIRO|BOMBEIRO,2|2,125.0|21.9,1|2,1,1,1,,1,1
392,multiplas_emergencias,PREEMPCAO_ML,22,2864.1,2891.3,27.2,273,CRUZ_08,2,VE_ROTA_VE_CORREDOR_04|VE_ROTA_VE_TRANSVERSAL_04,BOMBEIRO|BOMBEIRO,2|2,25.5|41.5,2|1,1,1,1,,1,0
392,multiplas_emergencias,PREEMPCAO_ML,22,3322.0,3346.9,24.9,250,CRUZ_02,2,VE_ROTA_VE_CORREDOR_05|VE_ROTA_VE_TRANSVERSAL_05,POLICIA|POLICIA,3|3,23.0|21.7,1|2,1,1,1,,1,1
392,multiplas_emergencias,PREEMPCAO_ML,22,3419.3,3459.4,40.1,402,CRUZ_08,2,VE_ROTA_VE_CORREDOR_05|VE_ROTA_VE_TRANSVERSAL_05,POLICIA|POLICIA,3|3,40.0|23.0,2|1,1,1,1,,1,1
403,multiplas_emergencias,PREEMPCAO,23,324.0,350.1,26.1,262,CRUZ_02,2,VE_ROTA_VE_CORREDOR_00|VE_ROTA_VE_TRANSVERSAL_00,AMBULANCIA|AMBULANCIA,1|1,107.3|19.7,1|2,1,1,1,,0,0
403,multiplas_emergencias,PREEMPCAO,23,475.7,488.2,12.5,126,CRUZ_08,2,VE_ROTA_VE_CORREDOR_00|VE_ROTA_VE_TRANSVERSAL_00,AMBULANCIA|AMBULANCIA,1|1,70.7|19.1,2|1,1,0,0,VE_ROTA_VE_TRANSVERSAL_00,0,0
403,multiplas_emergencias,PREEMPCAO,23,923.6,945.3,21.7,218,CRUZ_02,2,VE_ROTA_VE_CORREDOR_01|VE_ROTA_VE_TRANSVERSAL_01,BOMBEIRO|BOMBEIRO,2|2,29.2|19.9,1|2,1,1,1,,0,0
403,multiplas_emergencias,PREEMPCAO,23,1027.3,1064.1,36.8,369,CRUZ_08,2,VE_ROTA_VE_CORREDOR_01|VE_ROTA_VE_TRANSVERSAL_01,BOMBEIRO|BOMBEIRO,2|2,35.5|51.8,2|1,1,1,1,,0,0
403,multiplas_emergencias,PREEMPCAO,23,1531.2,1555.7,24.5,246,CRUZ_02,2,VE_ROTA_VE_CORREDOR_02|VE_ROTA_VE_TRANSVERSAL_02,POLICIA|POLICIA,3|3,51.0|12.5,1|2,1,0,0,VE_ROTA_VE_TRANSVERSAL_02,0,0
403,multiplas_emergencias,PREEMPCAO,23,1656.7,1685.1,28.4,285,CRUZ_08,2,VE_ROTA_VE_CORREDOR_02|VE_ROTA_VE_TRANSVERSAL_02,POLICIA|POLICIA,3|3,50.9|23.0,2|1,1,1,1,,0,0
403,multiplas_emergencias,PREEMPCAO,23,2122.7,2145.5,22.8,229,CRUZ_02,2,VE_ROTA_VE_CORREDOR_03|VE_ROTA_VE_TRANSVERSAL_03,AMBULANCIA|AMBULANCIA,1|1,42.3|20.9,1|2,1,1,1,,0,0
403,multiplas_emergencias,PREEMPCAO,23,2229.4,2256.1,26.7,268,CRUZ_08,2,VE_ROTA_VE_CORREDOR_03|VE_ROTA_VE_TRANSVERSAL_03,AMBULANCIA|AMBULANCIA,1|1,27.3|23.0,2|1,1,1,1,,0,0
403,multiplas_emergencias,PREEMPCAO,23,2721.9,2746.2,24.3,244,CRUZ_02,2,VE_ROTA_VE_CORREDOR_04|VE_ROTA_VE_TRANSVERSAL_04,BOMBEIRO|BOMBEIRO,2|2,23.0|40.7,1|2,1,1,1,,0,0
403,multiplas_emergencias,PREEMPCAO,23,2845.5,2855.7,10.2,103,CRUZ_08,2,VE_ROTA_VE_CORREDOR_04|VE_ROTA_VE_TRANSVERSAL_04,BOMBEIRO|BOMBEIRO,2|2,8.9|23.0,2|1,1,0,0,VE_ROTA_VE_CORREDOR_04,0,0
403,multiplas_emergencias,PREEMPCAO,23,3322.7,3352.2,29.5,296,CRUZ_02,2,VE_ROTA_VE_CORREDOR_05|VE_ROTA_VE_TRANSVERSAL_05,POLICIA|POLICIA,3|3,30.4|23.8,1|2,1,1,1,,0,0
403,multiplas_emergencias,PREEMPCAO,23,3446.6,3476.5,29.9,300,CRUZ_08,2,VE_ROTA_VE_CORREDOR_05|VE_ROTA_VE_TRANSVERSAL_05,POLICIA|POLICIA,3|3,49.5|21.1,2|1,1,1,1,,0,0
404,multiplas_emergencias,PREEMPCAO_COMPENSADA,23,324.0,350.1,26.1,262,CRUZ_02,2,VE_ROTA_VE_CORREDOR_00|VE_ROTA_VE_TRANSVERSAL_00,AMBULANCIA|AMBULANCIA,1|1,107.3|19.7,1|2,1,1,1,,0,0
404,multiplas_emergencias,PREEMPCAO_COMPENSADA,23,475.7,488.2,12.5,126,CRUZ_08,2,VE_ROTA_VE_CORREDOR_00|VE_ROTA_VE_TRANSVERSAL_00,AMBULANCIA|AMBULANCIA,1|1,71.9|19.1,2|1,1,0,0,VE_ROTA_VE_TRANSVERSAL_00,0,0
404,multiplas_emergencias,PREEMPCAO_COMPENSADA,23,924.4,944.9,20.5,206,CRUZ_02,2,VE_ROTA_VE_CORREDOR_01|VE_ROTA_VE_TRANSVERSAL_01,BOMBEIRO|BOMBEIRO,2|2,36.2|19.1,1|2,1,1,1,,0,0
404,multiplas_emergencias,PREEMPCAO_COMPENSADA,23,1048.4,1052.1,3.7,38,CRUZ_08,2,VE_ROTA_VE_CORREDOR_01|VE_ROTA_VE_TRANSVERSAL_01,BOMBEIRO|BOMBEIRO,2|2,54.2|2.7,2|1,1,0,0,VE_ROTA_VE_TRANSVERSAL_01,0,0
404,multiplas_emergencias,PREEMPCAO_COMPENSADA,23,1528.2,1548.1,19.9,200,CRUZ_02,2,VE_ROTA_VE_CORREDOR_02|VE_ROTA_VE_TRANSVERSAL_02,POLICIA|POLICIA,3|3,31.3|15.5,1|2,1,1,1,,0,0
404,multiplas_emergencias,PREEMPCAO_COMPENSADA,23,1636.8,1661.0,24.2,243,CRUZ_08,2,VE_ROTA_VE_CORREDOR_02|VE_ROTA_VE_TRANSVERSAL_02,POLICIA|POLICIA,3|3,44.0|22.6,2|1,1,1,1,,0,0
404,multiplas_emergencias,PREEMPCAO_COMPENSADA,23,2122.7,2145.8,23.1,232,CRUZ_02,2,VE_ROTA_VE_CORREDOR_03|VE_ROTA_VE_TRANSVERSAL_03,AMBULANCIA|AMBULANCIA,1|1,42.3|20.9,1|2,1,0,0,VE_ROTA_VE_TRANSVERSAL_03,0,0
404,multiplas_emergencias,PREEMPCAO_COMPENSADA,23,2247.0,2249.0,2.0,21,CRUZ_08,2,VE_ROTA_VE_CORREDOR_03|VE_ROTA_VE_TRANSVERSAL_03,AMBULANCIA|AMBULANCIA,1|1,125.0|1.1,2|1,1,0,0,VE_ROTA_VE_TRANSVERSAL_03,0,0
404,multiplas_emergencias,PREEMPCAO_COMPENSADA,23,2721.9,2748.3,26.4,265,CRUZ_02,2,VE_ROTA_VE_CORREDOR_04|VE_ROTA_VE_TRANSVERSAL_04,BOMBEIRO|BOMBEIRO,2|2,23.0|40.8,1|2,1,1,1,,0,0
404,multiplas_emergencias,PREEMPCAO_COMPENSADA,23,2841.5,2860.2,18.7,188,CRUZ_08,2,VE_ROTA_VE_CORREDOR_04|VE_ROTA_VE_TRANSVERSAL_04,BOMBEIRO|BOMBEIRO,2|2,13.9|39.6,2|1,1,1,1,,0,0
404,multiplas_emergencias,PREEMPCAO_COMPENSADA,23,3323.8,3353.2,29.4,295,CRUZ_02,2,VE_ROTA_VE_CORREDOR_05|VE_ROTA_VE_TRANSVERSAL_05,POLICIA|POLICIA,3|3,71.5|22.7,1|2,1,1,1,,0,0
404,multiplas_emergencias,PREEMPCAO_COMPENSADA,23,3424.2,3448.9,24.7,248,CRUZ_08,2,VE_ROTA_VE_CORREDOR_05|VE_ROTA_VE_TRANSVERSAL_05,POLICIA|POLICIA,3|3,23.5|23.0,2|1,1,1,1,,0,0
405,multiplas_emergencias,PREEMPCAO_ML,23,324.0,364.2,40.2,403,CRUZ_02,2,VE_ROTA_VE_CORREDOR_00|VE_ROTA_VE_TRANSVERSAL_00,AMBULANCIA|AMBULANCIA,1|1,107.3|19.7,1|2,1,1,1,,1,1
405,multiplas_emergencias,PREEMPCAO_ML,23,455.4,501.2,45.8,459,CRUZ_08,2,VE_ROTA_VE_CORREDOR_00|VE_ROTA_VE_TRANSVERSAL_00,AMBULANCIA|AMBULANCIA,1|1,45.7|17.8,2|1,1,1,1,,1,1
405,multiplas_emergencias,PREEMPCAO_ML,23,923.6,957.6,34.0,341,CRUZ_02,2,VE_ROTA_VE_CORREDOR_01|VE_ROTA_VE_TRANSVERSAL_01,BOMBEIRO|BOMBEIRO,2|2,29.2|19.9,1|2,1,1,1,,1,1
405,multiplas_emergencias,PREEMPCAO_ML,23,1034.3,1059.6,25.3,254,CRUZ_08,2,VE_ROTA_VE_CORREDOR_01|VE_ROTA_VE_TRANSVERSAL_01,BOMBEIRO|BOMBEIRO,2|2,24.0|41.5,2|1,1,1,1,,1,0
405,multiplas_emergencias,PREEMPCAO_ML,23,1531.1,1546.8,15.7,158,CRUZ_02,2,VE_ROTA_VE_CORREDOR_02|VE_ROTA_VE_TRANSVERSAL_02,POLICIA|POLICIA,3|3,50.5|12.6,1|2,1,1,1,,1,1
405,multiplas_emergencias,PREEMPCAO_ML,23,1650.6,1688.3,37.7,378,CRUZ_08,2,VE_ROTA_VE_CORREDOR_02|VE_ROTA_VE_TRANSVERSAL_02,POLICIA|POLICIA,3|3,38.9|21.5,2|1,1,1,1,,1,1
405,multiplas_emergencias,PREEMPCAO_ML,23,2122.7,2156.7,34.0,341,CRUZ_02,2,VE_ROTA_VE_CORREDOR_03|VE_ROTA_VE_TRANSVERSAL_03,AMBULANCIA|AMBULANCIA,1|1,42.3|21.0,1|2,1,1,1,,1,1
405,multiplas_emergencias,PREEMPCAO_ML,23,2230.1,2248.5,18.4,185,CRUZ_08,2,VE_ROTA_VE_CORREDOR_03|VE_ROTA_VE_TRANSVERSAL_03,AMBULANCIA|AMBULANCIA,1|1,17.1|42.9,2|1,1,1,1,,1,0
405,multiplas_emergencias,PREEMPCAO_ML,23,2721.9,2746.2,24.3,244,CRUZ_02,2,VE_ROTA_VE_CORREDOR_04|VE_ROTA_VE_TRANSVERSAL_04,BOMBEIRO|BOMBEIRO,2|2,23.0|40.7,1|2,1,1,1,,1,0
405,multiplas_emergencias,PREEMPCAO_ML,23,2843.5,2855.0,11.5,116,CRUZ_08,2,VE_ROTA_VE_CORREDOR_04|VE_ROTA_VE_TRANSVERSAL_04,BOMBEIRO|BOMBEIRO,2|2,8.1|42.8,2|1,1,0,0,VE_ROTA_VE_CORREDOR_04,0,0
405,multiplas_emergencias,PREEMPCAO_ML,23,3322.7,3366.2,43.5,436,CRUZ_02,2,VE_ROTA_VE_CORREDOR_05|VE_ROTA_VE_TRANSVERSAL_05,POLICIA|POLICIA,3|3,30.3|23.8,1|2,1,1,1,,1,1
405,multiplas_emergencias,PREEMPCAO_ML,23,3447.1,3477.9,30.8,309,CRUZ_08,2,VE_ROTA_VE_CORREDOR_05|VE_ROTA_VE_TRANSVERSAL_05,POLICIA|POLICIA,3|3,47.0|18.9,2|1,1,1,1,,1,1
416,multiplas_emergencias,PREEMPCAO,24,322.5,358.6,36.1,362,CRUZ_02,2,VE_ROTA_VE_CORREDOR_00|VE_ROTA_VE_TRANSVERSAL_00,AMBULANCIA|AMBULANCIA,1|1,44.0|35.3,1|2,1,1,1,,0,0
416,multiplas_emergencias,PREEMPCAO,24,474.5,487.3,12.8,129,CRUZ_08,2,VE_ROTA_VE_CORREDOR_00|VE_ROTA_VE_TRANSVERSAL_00,AMBULANCIA|AMBULANCIA,1|1,11.5|70.6,2|1,1,1,1,,0,0
416,multiplas_emergencias,PREEMPCAO,24,927.9,944.9,17.0,171,CRUZ_02,2,VE_ROTA_VE_CORREDOR_01|VE_ROTA_VE_TRANSVERSAL_01,BOMBEIRO|BOMBEIRO,2|2,107.3|15.6,1|2,1,1,1,,0,0
416,multiplas_emergencias,PREEMPCAO,24,1522.2,1547.3,25.1,252,CRUZ_02,2,VE_ROTA_VE_CORREDOR_02|VE_ROTA_VE_TRANSVERSAL_02,POLICIA|POLICIA,3|3,23.1|21.5,1|2,1,1,1,,0,0
416,multiplas_emergencias,PREEMPCAO,24,1650.2,1667.0,16.8,169,CRUZ_08,2,VE_ROTA_VE_CORREDOR_02|VE_ROTA_VE_TRANSVERSAL_02,POLICIA|POLICIA,3|3,15.6|23.0,2|1,1,1,1,,0,0
416,multiplas_emergencias,PREEMPCAO,24,2128.5,2145.0,16.5,166,CRUZ_02,2,VE_ROTA_VE_CORREDOR_03|VE_ROTA_VE_TRANSVERSAL_03,AMBULANCIA|AMBULANCIA,1|1,39.9|15.1,1|2,1,1,1,,0,0
416,multiplas_emergencias,PREEMPCAO,24,2235.8,2246.2,10.4,105,CRUZ_08,2,VE_ROTA_VE_CORREDOR_03|VE_ROTA_VE_TRANSVERSAL_03,AMBULANCIA|AMBULANCIA,1|1,53.2|9.8,2|1,1,0,0,VE_ROTA_VE_TRANSVERSAL_03,0,0
416,multiplas_emergencias,PREEMPCAO,24,2722.4,2755.9,33.5,336,CRUZ_02,2,VE_ROTA_VE_CORREDOR_04|VE_ROTA_VE_TRANSVERSAL_04,BOMBEIRO|BOMBEIRO,2|2,43.9|25.5,1|2,1,1,1,,0,0
416,multiplas_emergencias,PREEMPCAO,24,3322.3,3351.4,29.1,292,CRUZ_02,2,VE_ROTA_VE_CORREDOR_05|VE_ROTA_VE_TRANSVERSAL_05,POLICIA|POLICIA,3|3,23.0|21.4,1|2,1,1,1,,0,0
416,multiplas_emergencias,PREEMPCAO,24,3436.9,3489.5,52.6,527,CRUZ_08,2,VE_ROTA_VE_CORREDOR_05|VE_ROTA_VE_TRANSVERSAL_05,POLICIA|POLICIA,3|3,46.7|23.0,2|1,1,1,1,,0,0
417,multiplas_emergencias,PREEMPCAO_COMPENSADA,24,322.5,358.6,36.1,362,CRUZ_02,2,VE_ROTA_VE_CORREDOR_00|VE_ROTA_VE_TRANSVERSAL_00,AMBULANCIA|AMBULANCIA,1|1,44.0|35.3,1|2,1,1,1,,0,0
417,multiplas_emergencias,PREEMPCAO_COMPENSADA,24,474.5,487.3,12.8,129,CRUZ_08,2,VE_ROTA_VE_CORREDOR_00|VE_ROTA_VE_TRANSVERSAL_00,AMBULANCIA|AMBULANCIA,1|1,11.5|68.3,2|1,1,1,1,,0,0
417,multiplas_emergencias,PREEMPCAO_COMPENSADA,24,926.8,944.9,18.1,182,CRUZ_02,2,VE_ROTA_VE_CORREDOR_01|VE_ROTA_VE_TRANSVERSAL_01,BOMBEIRO|BOMBEIRO,2|2,35.5|16.7,1|2,1,1,1,,0,0
417,multiplas_emergencias,PREEMPCAO_COMPENSADA,24,1524.0,1548.8,24.8,249,CRUZ_02,2,VE_ROTA_VE_CORREDOR_02|VE_ROTA_VE_TRANSVERSAL_02,POLICIA|POLICIA,3|3,43.0|19.7,1|2,1,1,1,,0,0
417,multiplas_emergencias,PREEMPCAO_COMPENSADA,24,1644.2,1648.4,4.2,43,CRUZ_08,2,VE_ROTA_VE_CORREDOR_02|VE_ROTA_VE_TRANSVERSAL_02,POLICIA|POLICIA,3|3,54.7|3.6,2|1,1,0,0,VE_ROTA_VE_TRANSVERSAL_02,0,0
417,multiplas_emergencias,PREEMPCAO_COMPENSADA,24,2126.8,2145.0,18.2,183,CRUZ_02,2,VE_ROTA_VE_CORREDOR_03|VE_ROTA_VE_TRANSVERSAL_03,AMBULANCIA|AMBULANCIA,1|1,30.0|16.8,1|2,1,1,1,,0,0
417,multiplas_emergencias,PREEMPCAO_COMPENSADA,24,2252.3,2268.5,16.2,163,CRUZ_08,2,VE_ROTA_VE_CORREDOR_03|VE_ROTA_VE_TRANSVERSAL_03,AMBULANCIA|AMBULANCIA,1|1,35.9|15.5,2|1,1,1,1,,0,0
417,multiplas_emergencias,PREEMPCAO_COMPENSADA,24,2722.4,2751.3,28.9,290,CRUZ_02,2,VE_ROTA_VE_CORREDOR_04|VE_ROTA_VE_TRANSVERSAL_04,BOMBEIRO|BOMBEIRO,2|2,43.9|25.5,1|2,1,1,1,,0,0
417,multiplas_emergencias,PREEMPCAO_COMPENSADA,24,2863.7,2869.8,6.1,62,CRUZ_08,2,VE_ROTA_VE_CORREDOR_04|VE_ROTA_VE_TRANSVERSAL_04,BOMBEIRO|BOMBEIRO,2|2,53.3|4.7,2|1,1,0,0,VE_ROTA_VE_TRANSVERSAL_04,0,0
417,multiplas_emergencias,PREEMPCAO_COMPENSADA,24,3322.3,3351.4,29.1,292,CRUZ_02,2,VE_ROTA_VE_CORREDOR_05|VE_ROTA_VE_TRANSVERSAL_05,POLICIA|POLICIA,3|3,23.0|21.4,1|2,1,1,1,,0,0
417,multiplas_emergencias,PREEMPCAO_COMPENSADA,24,3444.5,3470.3,25.8,259,CRUZ_08,2,VE_ROTA_VE_CORREDOR_05|VE_ROTA_VE_TRANSVERSAL_05,POLICIA|POLICIA,3|3,53.6|14.7,2|1,1,1,1,,0,0
418,multiplas_emergencias,PREEMPCAO_ML,24,322.5,372.4,49.9,500,CRUZ_02,2,VE_ROTA_VE_CORREDOR_00|VE_ROTA_VE_TRANSVERSAL_00,AMBULANCIA|AMBULANCIA,1|1,44.0|35.3,1|2,1,1,1,,1,1
418,multiplas_emergencias,PREEMPCAO_ML,24,927.9,953.3,25.4,255,CRUZ_02,2,VE_ROTA_VE_CORREDOR_01|VE_ROTA_VE_TRANSVERSAL_01,BOMBEIRO|BOMBEIRO,2|2,106.5|15.6,1|2,1,1,1,,1,0
418,multiplas_emergencias,PREEMPCAO_ML,24,1033.3,1051.6,18.3,184,CRUZ_08,2,VE_ROTA_VE_CORREDOR_01|VE_ROTA_VE_TRANSVERSAL_01,BOMBEIRO|BOMBEIRO,2|2,44.3|13.9,2|1,1,0,0,VE_ROTA_VE_TRANSVERSAL_01,0,0
418,multiplas_emergencias,PREEMPCAO_ML,24,1522.2,1547.3,25.1,252,CRUZ_02,2,VE_ROTA_VE_CORREDOR_02|VE_ROTA_VE_TRANSVERSAL_02,POLICIA|POLICIA,3|3,23.1|21.5,1|2,1,1,1,,1,1
418,multiplas_emergencias,PREEMPCAO_ML,24,1650.2,1677.6,27.4,275,CRUZ_08,2,VE_ROTA_VE_CORREDOR_02|VE_ROTA_VE_TRANSVERSAL_02,POLICIA|POLICIA,3|3,24.4|23.0,2|1,1,1,1,,1,1
418,multiplas_emergencias,PREEMPCAO_ML,24,2128.5,2145.0,16.5,166,CRUZ_02,2,VE_ROTA_VE_CORREDOR_03|VE_ROTA_VE_TRANSVERSAL_03,AMBULANCIA|AMBULANCIA,1|1,39.4|15.1,1|2,1,1,1,,1,1
418,multiplas_emergencias,PREEMPCAO_ML,24,2242.2,2245.4,3.2,33,CRUZ_08,2,VE_ROTA_VE_CORREDOR_03|VE_ROTA_VE_TRANSVERSAL_03,AMBULANCIA|AMBULANCIA,1|1,90.4|2.1,2|1,1,0,0,VE_ROTA_VE_TRANSVERSAL_03,0,0
418,multiplas_emergencias,PREEMPCAO_ML,24,2722.4,2755.1,32.7,328,CRUZ_02,2,VE_ROTA_VE_CORREDOR_04|VE_ROTA_VE_TRANSVERSAL_04,BOMBEIRO|BOMBEIRO,2|2,43.9|25.5,1|2,1,1,1,,1,1
418,multiplas_emergencias,PREEMPCAO_ML,24,2832.3,2870.2,37.9,380,CRUZ_08,2,VE_ROTA_VE_CORREDOR_04|VE_ROTA_VE_TRANSVERSAL_04,BOMBEIRO|BOMBEIRO,2|2,31.8|19.5,2|1,1,1,1,,1,1
418,multiplas_emergencias,PREEMPCAO_ML,24,3322.3,3353.9,31.6,317,CRUZ_02,2,VE_ROTA_VE_CORREDOR_05|VE_ROTA_VE_TRANSVERSAL_05,POLICIA|POLICIA,3|3,23.0|21.4,1|2,1,1,1,,1,1
429,multiplas_emergencias,PREEMPCAO,25,324.2,345.0,20.8,209,CRUZ_02,2,VE_ROTA_VE_CORREDOR_00|VE_ROTA_VE_TRANSVERSAL_00,AMBULANCIA|AMBULANCIA,1|1,105.1|19.4,1|2,1,1,1,,0,0
429,multiplas_emergencias,PREEMPCAO,25,475.7,477.4,1.7,18,CRUZ_08,2,VE_ROTA_VE_CORREDOR_00|VE_ROTA_VE_TRANSVERSAL_00,AMBULANCIA|AMBULANCIA,1|1,73.6|0.4,2|1,1,0,0,VE_ROTA_VE_TRANSVERSAL_00,0,0
429,multiplas_emergencias,PREEMPCAO,25,924.2,960.3,36.1,362,CRUZ_02,2,VE_ROTA_VE_CORREDOR_01|VE_ROTA_VE_TRANSVERSAL_01,BOMBEIRO|BOMBEIRO,2|2,33.1|31.0,1|2,1,1,1,,0,0
429,multiplas_emergencias,PREEMPCAO,25,1049.4,1051.1,1.7,18,CRUZ_08,2,VE_ROTA_VE_CORREDOR_01|VE_ROTA_VE_TRANSVERSAL_01,BOMBEIRO|BOMBEIRO,2|2,0.8|23.1,2|1,1,0,0,VE_ROTA_VE_CORREDOR_01,0,0
429,multiplas_emergencias,PREEMPCAO,25,1522.7,1545.8,23.1,232,CRUZ_02,2,VE_ROTA_VE_CORREDOR_02|VE_ROTA_VE_TRANSVERSAL_02,POLICIA|POLICIA,3|3,30.6|21.0,1|2,1,1,1,,0,0
429,multiplas_emergencias,PREEMPCAO,25,1630.1,1638.3,8.2,83,CRUZ_08,2,VE_ROTA_VE_CORREDOR_02|VE_ROTA_VE_TRANSVERSAL_02,POLICIA|POLICIA,3|3,6.9|23.1,2|1,1,0,0,VE_ROTA_VE_CORREDOR_02,0,0
429,multiplas_emergencias,PREEMPCAO,25,2122.3,2146.7,24.4,245,CRUZ_02,2,VE_ROTA_VE_CORREDOR_03|VE_ROTA_VE_TRANSVERSAL_03,AMBULANCIA|AMBULANCIA,1|1,26.7|28.6,1|2,1,1,1,,0,0
429,multiplas_emergencias,PREEMPCAO,25,2238.8,2254.6,15.8,159,CRUZ_08,2,VE_ROTA_VE_CORREDOR_03|VE_ROTA_VE_TRANSVERSAL_03,AMBULANCIA|AMBULANCIA,1|1,10.5|23.0,2|1,1,0,0,VE_ROTA_VE_CORREDOR_03,0,0
429,multiplas_emergencias,PREEMPCAO,25,2722.6,2751.5,28.9,290,CRUZ_02,2,VE_ROTA_VE_CORREDOR_04|VE_ROTA_VE_TRANSVERSAL_04,BOMBEIRO|BOMBEIRO,2|2,42.7|27.0,1|2,1,1,1,,0,0
429,multiplas_emergencias,PREEMPCAO,25,2838.7,2856.2,17.5,176,CRUZ_08,2,VE_ROTA_VE_CORREDOR_04|VE_ROTA_VE_TRANSVERSAL_04,BOMBEIRO|BOMBEIRO,2|2,34.5|16.9,2|1,1,1,1,,0,0
429,multiplas_emergencias,PREEMPCAO,25,3337.6,3345.1,7.5,76,CRUZ_02,2,VE_ROTA_VE_CORREDOR_05|VE_ROTA_VE_TRANSVERSAL_05,POLICIA|POLICIA,3|3,125.0|6.1,1|2,1,0,0,VE_ROTA_VE_TRANSVERSAL_05,0,0
429,multiplas_emergencias,PREEMPCAO,25,3448.0,3454.3,6.3,64,CRUZ_08,2,VE_ROTA_VE_CORREDOR_05|VE_ROTA_VE_TRANSVERSAL_05,POLICIA|POLICIA,3|3,53.8|5.7,2|1,1,0,0,VE_ROTA_VE_TRANSVERSAL_05,0,0
430,multiplas_emergencias,PREEMPCAO_COMPENSADA,25,324.2,345.0,20.8,209,CRUZ_02,2,VE_ROTA_VE_CORREDOR_00|VE_ROTA_VE_TRANSVERSAL_00,AMBULANCIA|AMBULANCIA,1|1,105.1|19.4,1|2,1,1,1,,0,0
430,multiplas_emergencias,PREEMPCAO_COMPENSADA,25,475.5,477.4,1.9,20,CRUZ_08,2,VE_ROTA_VE_CORREDOR_00|VE_ROTA_VE_TRANSVERSAL_00,AMBULANCIA|AMBULANCIA,1|1,72.8|0.6,2|1,1,0,0,VE_ROTA_VE_TRANSVERSAL_00,0,0
430,multiplas_emergencias,PREEMPCAO_COMPENSADA,25,924.2,954.9,30.7,308,CRUZ_02,2,VE_ROTA_VE_CORREDOR_01|VE_ROTA_VE_TRANSVERSAL_01,BOMBEIRO|BOMBEIRO,2|2,33.0|31.0,1|2,1,1,1,,0,0
430,multiplas_emergencias,PREEMPCAO_COMPENSADA,25,1044.8,1059.5,14.7,148,CRUZ_08,2,VE_ROTA_VE_CORREDOR_01|VE_ROTA_VE_TRANSVERSAL_01,BOMBEIRO|BOMBEIRO,2|2,13.4|48.4,2|1,1,1,1,,0,0
430,multiplas_emergencias,PREEMPCAO_COMPENSADA,25,1522.0,1548.3,26.3,264,CRUZ_02,2,VE_ROTA_VE_CORREDOR_02|VE_ROTA_VE_TRANSVERSAL_02,POLICIA|POLICIA,3|3,23.0|21.7,1|2,1,1,1,,0,0
430,multiplas_emergencias,PREEMPCAO_COMPENSADA,25,1631.9,1671.8,39.9,400,CRUZ_08,2,VE_ROTA_VE_CORREDOR_02|VE_ROTA_VE_TRANSVERSAL_02,POLICIA|POLICIA,3|3,51.5|23.6,2|1,1,1,1,,0,0
430,multiplas_emergencias,PREEMPCAO_COMPENSADA,25,2122.6,2148.2,25.6,257,CRUZ_02,2,VE_ROTA_VE_CORREDOR_03|VE_ROTA_VE_TRANSVERSAL_03,AMBULANCIA|AMBULANCIA,1|1,33.1|28.4,1|2,1,1,1,,0,0
430,multiplas_emergencias,PREEMPCAO_COMPENSADA,25,2238.8,2257.2,18.4,185,CRUZ_08,2,VE_ROTA_VE_CORREDOR_03|VE_ROTA_VE_TRANSVERSAL_03,AMBULANCIA|AMBULANCIA,1|1,9.2|23.0,2|1,1,0,0,VE_ROTA_VE_CORREDOR_03,0,0
430,multiplas_emergencias,PREEMPCAO_COMPENSADA,25,2722.2,2747.7,25.5,256,CRUZ_02,2,VE_ROTA_VE_CORREDOR_04|VE_ROTA_VE_TRANSVERSAL_04,BOMBEIRO|BOMBEIRO,2|2,23.0|27.5,1|2,1,1,1,,0,0
430,multiplas_emergencias,PREEMPCAO_COMPENSADA,25,2857.5,2858.7,1.2,13,CRUZ_08,2,VE_ROTA_VE_CORREDOR_04|VE_ROTA_VE_TRANSVERSAL_04,BOMBEIRO|BOMBEIRO,2|2,0.2|23.1,2|1,1,0,0,VE_ROTA_VE_CORREDOR_04,0,0
430,multiplas_emergencias,PREEMPCAO_COMPENSADA,25,3330.3,3345.1,14.8,149,CRUZ_02,2,VE_ROTA_VE_CORREDOR_05|VE_ROTA_VE_TRANSVERSAL_05,POLICIA|POLICIA,3|3,44.8|13.4,1|2,1,1,1,,0,0
431,multiplas_emergencias,PREEMPCAO_ML,25,324.2,366.1,41.9,420,CRUZ_02,2,VE_ROTA_VE_CORREDOR_00|VE_ROTA_VE_TRANSVERSAL_00,AMBULANCIA|AMBULANCIA,1|1,105.1|19.4,1|2,1,1,1,,1,1
431,multiplas_emergencias,PREEMPCAO_ML,25,463.7,498.2,34.5,346,CRUZ_08,2,VE_ROTA_VE_CORREDOR_00|VE_ROTA_VE_TRANSVERSAL_00,AMBULANCIA|AMBULANCIA,1|1,49.3|20.6,2|1,1,1,1,,1,1
431,multiplas_emergencias,PREEMPCAO_ML,25,924.2,952.9,28.7,288,CRUZ_02,2,VE_ROTA_VE_CORREDOR_01|VE_ROTA_VE_TRANSVERSAL_01,BOMBEIRO|BOMBEIRO,2|2,33.1|31.0,1|2,1,1,1,,1,1
431,multiplas_emergencias,PREEMPCAO_ML,25,1046.1,1063.2,17.1,172,CRUZ_08,2,VE_ROTA_VE_CORREDOR_01|VE_ROTA_VE_TRANSVERSAL_01,BOMBEIRO|BOMBEIRO,2|2,14.2|26.7,2|1,1,1,1,,1,0
431,multiplas_emergencias,PREEMPCAO_ML,25,1522.7,1552.3,29.6,297,CRUZ_02,2,VE_ROTA_VE_CORREDOR_02|VE_ROTA_VE_TRANSVERSAL_02,POLICIA|POLICIA,3|3,30.2|21.0,1|2,1,1,1,,1,1
431,multiplas_emergencias,PREEMPCAO_ML,25,1622.5,1646.6,24.1,242,CRUZ_08,2,VE_ROTA_VE_CORREDOR_02|VE_ROTA_VE_TRANSVERSAL_02,POLICIA|POLICIA,3|3,22.9|23.0,2|1,1,1,1,,1,0
431,multiplas_emergencias,PREEMPCAO_ML,25,2122.3,2150.3,28.0,281,CRUZ_02,2,VE_ROTA_VE_CORREDOR_03|VE_ROTA_VE_TRANSVERSAL_03,AMBULANCIA|AMBULANCIA,1|1,26.8|28.8,1|2,1,1,1,,1,0
431,multiplas_emergencias,PREEMPCAO_ML,25,2239.0,2267.1,28.1,282,CRUZ_08,2,VE_ROTA_VE_CORREDOR_03|VE_ROTA_VE_TRANSVERSAL_03,AMBULANCIA|AMBULANCIA,1|1,26.8|27.9,2|1,1,1,1,,1,0
431,multiplas_emergencias,PREEMPCAO_ML,25,2722.6,2757.3,34.7,348,CRUZ_02,2,VE_ROTA_VE_CORREDOR_04|VE_ROTA_VE_TRANSVERSAL_04,BOMBEIRO|BOMBEIRO,2|2,42.7|27.1,1|2,1,1,1,,1,1
431,multiplas_emergencias,PREEMPCAO_ML,25,2860.6,2884.2,23.6,237,CRUZ_08,2,VE_ROTA_VE_CORREDOR_04|VE_ROTA_VE_TRANSVERSAL_04,BOMBEIRO|BOMBEIRO,2|2,22.4|43.6,2|1,1,1,1,,1,0
431,multiplas_emergencias,PREEMPCAO_ML,25,3337.5,3345.1,7.6,77,CRUZ_02,2,VE_ROTA_VE_CORREDOR_05|VE_ROTA_VE_TRANSVERSAL_05,POLICIA|POLICIA,3|3,125.0|6.2,1|2,1,0,0,VE_ROTA_VE_TRANSVERSAL_05,0,0
442,multiplas_emergencias,PREEMPCAO,26,333.3,349.6,16.3,164,CRUZ_02,2,VE_ROTA_VE_CORREDOR_00|VE_ROTA_VE_TRANSVERSAL_00,AMBULANCIA|AMBULANCIA,1|1,56.4|14.1,1|2,1,1,1,,0,0
442,multiplas_emergencias,PREEMPCAO,26,936.0,948.3,12.3,124,CRUZ_02,2,VE_ROTA_VE_CORREDOR_01|VE_ROTA_VE_TRANSVERSAL_01,BOMBEIRO|BOMBEIRO,2|2,125.0|7.5,1|2,1,0,0,VE_ROTA_VE_TRANSVERSAL_01,0,0
442,multiplas_emergencias,PREEMPCAO,26,1043.4,1056.1,12.7,128,CRUZ_08,2,VE_ROTA_VE_CORREDOR_01|VE_ROTA_VE_TRANSVERSAL_01,BOMBEIRO|BOMBEIRO,2|2,54.1|11.9,2|1,1,0,0,VE_ROTA_VE_TRANSVERSAL_01,0,0
442,multiplas_emergencias,PREEMPCAO,26,1528.6,1559.9,31.3,314,CRUZ_02,2,VE_ROTA_VE_CORREDOR_02|VE_ROTA_VE_TRANSVERSAL_02,POLICIA|POLICIA,3|3,31.7|29.3,1|2,1,1,1,,0,0
442,multiplas_emergencias,PREEMPCAO,26,2122.3,2147.7,25.4,255,CRUZ_02,2,VE_ROTA_VE_CORREDOR_03|VE_ROTA_VE_TRANSVERSAL_03,AMBULANCIA|AMBULANCIA,1|1,25.2|21.3,1|2,1,1,1,,0,0
442,multiplas_emergencias,PREEMPCAO,26,2234.5,2267.9,33.4,335,CRUZ_08,2,VE_ROTA_VE_CORREDOR_03|VE_ROTA_VE_TRANSVERSAL_03,AMBULANCIA|AMBULANCIA,1|1,36.3|43.1,2|1,1,1,1,,0,0
442,multiplas_emergencias,PREEMPCAO,26,2727.0,2757.0,30.0,301,CRUZ_02,2,VE_ROTA_VE_CORREDOR_04|VE_ROTA_VE_TRANSVERSAL_04,BOMBEIRO|BOMBEIRO,2|2,94.3|23.1,1|2,1,1,1,,0,0
442,multiplas_emergencias,PREEMPCAO,26,2853.9,2886.9,33.0,331,CRUZ_08,2,VE_ROTA_VE_CORREDOR_04|VE_ROTA_VE_TRANSVERSAL_04,BOMBEIRO|BOMBEIRO,2|2,44.9|18.0,2|1,1,1,1,,0,0
442,multiplas_emergencias,PREEMPCAO,26,3325.1,3345.4,20.3,204,CRUZ_02,2,VE_ROTA_VE_CORREDOR_05|VE_ROTA_VE_TRANSVERSAL_05,POLICIA|POLICIA,3|3,109.6|18.6,1|2,1,1,1,,0,0
442,multiplas_emergencias,PREEMPCAO,26,3426.5,3456.9,30.4,305,CRUZ_08,2,VE_ROTA_VE_CORREDOR_05|VE_ROTA_VE_TRANSVERSAL_05,POLICIA|POLICIA,3|3,35.1|31.2,2|1,1,1,1,,0,0
443,multiplas_emergencias,PREEMPCAO_COMPENSADA,26,333.3,349.6,16.3,164,CRUZ_02,2,VE_ROTA_VE_CORREDOR_00|VE_ROTA_VE_TRANSVERSAL_00,AMBULANCIA|AMBULANCIA,1|1,56.4|14.1,1|2,1,1,1,,0,0
443,multiplas_emergencias,PREEMPCAO_COMPENSADA,26,927.7,947.5,19.8,199,CRUZ_02,2,VE_ROTA_VE_CORREDOR_01|VE_ROTA_VE_TRANSVERSAL_01,BOMBEIRO|BOMBEIRO,2|2,32.7|15.8,1|2,1,1,1,,0,0
443,multiplas_emergencias,PREEMPCAO_COMPENSADA,26,1039.6,1055.4,15.8,159,CRUZ_08,2,VE_ROTA_VE_CORREDOR_01|VE_ROTA_VE_TRANSVERSAL_01,BOMBEIRO|BOMBEIRO,2|2,36.0|12.3,2|1,1,0,0,VE_ROTA_VE_TRANSVERSAL_01,0,0
443,multiplas_emergencias,PREEMPCAO_COMPENSADA,26,1528.6,1559.9,31.3,314,CRUZ_02,2,VE_ROTA_VE_CORREDOR_02|VE_ROTA_VE_TRANSVERSAL_02,POLICIA|POLICIA,3|3,31.6|29.3,1|2,1,1,1,,0,0
443,multiplas_emergencias,PREEMPCAO_COMPENSADA,26,2122.3,2148.8,26.5,266,CRUZ_02,2,VE_ROTA_VE_CORREDOR_03|VE_ROTA_VE_TRANSVERSAL_03,AMBULANCIA|AMBULANCIA,1|1,23.1|21.4,1|2,1,1,1,,0,0
443,multiplas_emergencias,PREEMPCAO_COMPENSADA,26,2721.9,2757.4,35.5,356,CRUZ_02,2,VE_ROTA_VE_CORREDOR_04|VE_ROTA_VE_TRANSVERSAL_04,BOMBEIRO|BOMBEIRO,2|2,23.0|26.6,1|2,1,1,1,,0,0
443,multiplas_emergencias,PREEMPCAO_COMPENSADA,26,2850.8,2885.3,34.5,346,CRUZ_08,2,VE_ROTA_VE_CORREDOR_04|VE_ROTA_VE_TRANSVERSAL_04,BOMBEIRO|BOMBEIRO,2|2,49.6|46.5,2|1,1,1,1,,0,0
443,multiplas_emergencias,PREEMPCAO_COMPENSADA,26,3323.5,3346.3,22.8,229,CRUZ_02,2,VE_ROTA_VE_CORREDOR_05|VE_ROTA_VE_TRANSVERSAL_05,POLICIA|POLICIA,3|3,29.0|20.2,1|2,1,1,1,,0,0
443,multiplas_emergencias,PREEMPCAO_COMPENSADA,26,3419.9,3451.1,31.2,313,CRUZ_08,2,VE_ROTA_VE_CORREDOR_05|VE_ROTA_VE_TRANSVERSAL_05,POLICIA|POLICIA,3|3,19.0|27.9,2|1,1,1,1,,0,0
444,multiplas_emergencias,PREEMPCAO_ML,26,333.3,376.5,43.2,433,CRUZ_02,2,VE_ROTA_VE_CORREDOR_00|VE_ROTA_VE_TRANSVERSAL_00,AMBULANCIA|AMBULANCIA,1|1,56.4|14.1,1|2,1,1,1,,1,1
444,multiplas_emergencias,PREEMPCAO_ML,26,482.9,483.2,0.3,4,CRUZ_08,2,VE_ROTA_VE_CORREDOR_00|VE_ROTA_VE_TRANSVERSAL_00,AMBULANCIA|AMBULANCIA,1|1,63.0|0.0,2|1,1,0,0,VE_ROTA_VE_TRANSVERSAL_00,0,0
444,multiplas_emergencias,PREEMPCAO_ML,26,936.1,948.3,12.2,123,CRUZ_02,2,VE_ROTA_VE_CORREDOR_01|VE_ROTA_VE_TRANSVERSAL_01,BOMBEIRO|BOMBEIRO,2|2,125.0|7.4,1|2,1,0,0,VE_ROTA_VE_TRANSVERSAL_01,0,0
444,multiplas_emergencias,PREEMPCAO_ML,26,1054.9,1070.3,15.4,155,CRUZ_08,2,VE_ROTA_VE_CORREDOR_01|VE_ROTA_VE_TRANSVERSAL_01,BOMBEIRO|BOMBEIRO,2|2,39.0|4.4,2|1,1,0,0,VE_ROTA_VE_TRANSVERSAL_01,0,0
444,multiplas_emergencias,PREEMPCAO_ML,26,1528.6,1572.7,44.1,442,CRUZ_02,2,VE_ROTA_VE_CORREDOR_02|VE_ROTA_VE_TRANSVERSAL_02,POLICIA|POLICIA,3|3,31.6|29.2,1|2,1,1,1,,1,1
444,multiplas_emergencias,PREEMPCAO_ML,26,1644.0,1675.8,31.8,319,CRUZ_08,2,VE_ROTA_VE_CORREDOR_02|VE_ROTA_VE_TRANSVERSAL_02,POLICIA|POLICIA,3|3,52.8|19.5,2|1,1,1,1,,1,1
444,multiplas_emergencias,PREEMPCAO_ML,26,2122.3,2155.5,33.2,333,CRUZ_02,2,VE_ROTA_VE_CORREDOR_03|VE_ROTA_VE_TRANSVERSAL_03,AMBULANCIA|AMBULANCIA,1|1,25.5|21.4,1|2,1,1,1,,1,1
444,multiplas_emergencias,PREEMPCAO_ML,26,2242.6,2264.5,21.9,220,CRUZ_08,2,VE_ROTA_VE_CORREDOR_03|VE_ROTA_VE_TRANSVERSAL_03,AMBULANCIA|AMBULANCIA,1|1,15.9|39.8,2|1,1,0,0,VE_ROTA_VE_CORREDOR_03,0,0
444,multiplas_emergencias,PREEMPCAO_ML,26,2727.1,2770.2,43.1,432,CRUZ_02,2,VE_ROTA_VE_CORREDOR_04|VE_ROTA_VE_TRANSVERSAL_04,BOMBEIRO|BOMBEIRO,2|2,95.0|23.0,1|2,1,1,1,,1,1
444,multiplas_emergencias,PREEMPCAO_ML,26,2862.5,2897.6,35.1,352,CRUZ_08,2,VE_ROTA_VE_CORREDOR_04|VE_ROTA_VE_TRANSVERSAL_04,BOMBEIRO|BOMBEIRO,2|2,56.7|38.5,2|1,1,1,1,,1,1
444,multiplas_emergencias,PREEMPCAO_ML,26,3325.1,3345.3,20.2,203,CRUZ_02,2,VE_ROTA_VE_CORREDOR_05|VE_ROTA_VE_TRANSVERSAL_05,POLICIA|POLICIA,3|3,110.0|18.6,1|2,1,1,1,,1,0
444,multiplas_emergencias,PREEMPCAO_ML,26,3426.1,3471.2,45.1,452,CRUZ_08,2,VE_ROTA_VE_CORREDOR_05|VE_ROTA_VE_TRANSVERSAL_05,POLICIA|POLICIA,3|3,35.0|23.1,2|1,1,1,1,,1,1
455,multiplas_emergencias,PREEMPCAO,27,329.7,355.1,25.4,255,CRUZ_02,2,VE_ROTA_VE_CORREDOR_00|VE_ROTA_VE_TRANSVERSAL_00,AMBULANCIA|AMBULANCIA,1|1,30.0|23.7,1|2,1,1,1,,0,0
455,multiplas_emergencias,PREEMPCAO,27,458.0,479.5,21.5,216,CRUZ_08,2,VE_ROTA_VE_CORREDOR_00|VE_ROTA_VE_TRANSVERSAL_00,AMBULANCIA|AMBULANCIA,1|1,34.9|10.5,2|1,1,0,0,VE_ROTA_VE_TRANSVERSAL_00,0,0
455,multiplas_emergencias,PREEMPCAO,27,928.2,960.8,32.6,327,CRUZ_02,2,VE_ROTA_VE_CORREDOR_01|VE_ROTA_VE_TRANSVERSAL_01,BOMBEIRO|BOMBEIRO,2|2,106.6|28.4,1|2,1,1,1,,0,0
455,multiplas_emergencias,PREEMPCAO,27,1042.6,1065.8,23.2,233,CRUZ_08,2,VE_ROTA_VE_CORREDOR_01|VE_ROTA_VE_TRANSVERSAL_01,BOMBEIRO|BOMBEIRO,2|2,10.4|23.0,2|1,1,0,0,VE_ROTA_VE_CORREDOR_01,0,0
455,multiplas_emergencias,PREEMPCAO,27,1522.0,1546.5,24.5,246,CRUZ_02,2,VE_ROTA_VE_CORREDOR_02|VE_ROTA_VE_TRANSVERSAL_02,POLICIA|POLICIA,3|3,23.1|38.3,1|2,1,1,1,,0,0
455,multiplas_emergencias,PREEMPCAO,27,1647.0,1680.1,33.1,332,CRUZ_08,2,VE_ROTA_VE_CORREDOR_02|VE_ROTA_VE_TRANSVERSAL_02,POLICIA|POLICIA,3|3,16.8|35.6,2|1,1,1,1,,0,0
455,multiplas_emergencias,PREEMPCAO,27,2134.2,2151.5,17.3,174,CRUZ_02,2,VE_ROTA_VE_CORREDOR_03|VE_ROTA_VE_TRANSVERSAL_03,AMBULANCIA|AMBULANCIA,1|1,48.8|12.9,1|2,1,1,1,,0,0
455,multiplas_emergencias,PREEMPCAO,27,2266.7,2269.9,3.2,33,CRUZ_08,2,VE_ROTA_VE_CORREDOR_03|VE_ROTA_VE_TRANSVERSAL_03,AMBULANCIA|AMBULANCIA,1|1,41.3|2.1,2|1,1,0,0,VE_ROTA_VE_TRANSVERSAL_03,0,0
455,multiplas_emergencias,PREEMPCAO,27,2732.6,2745.0,12.4,125,CRUZ_02,2,VE_ROTA_VE_CORREDOR_04|VE_ROTA_VE_TRANSVERSAL_04,BOMBEIRO|BOMBEIRO,2|2,55.9|10.9,1|2,1,0,0,VE_ROTA_VE_TRANSVERSAL_04,0,0
455,multiplas_emergencias,PREEMPCAO,27,2826.8,2861.1,34.3,344,CRUZ_08,2,VE_ROTA_VE_CORREDOR_04|VE_ROTA_VE_TRANSVERSAL_04,BOMBEIRO|BOMBEIRO,2|2,46.4|29.1,2|1,1,1,1,,0,0
455,multiplas_emergencias,PREEMPCAO,27,3335.7,3345.5,9.8,99,CRUZ_02,2,VE_ROTA_VE_CORREDOR_05|VE_ROTA_VE_TRANSVERSAL_05,POLICIA|POLICIA,3|3,79.9|8.0,1|2,1,0,0,VE_ROTA_VE_TRANSVERSAL_05,0,0
455,multiplas_emergencias,PREEMPCAO,27,3445.4,3455.7,10.3,104,CRUZ_08,2,VE_ROTA_VE_CORREDOR_05|VE_ROTA_VE_TRANSVERSAL_05,POLICIA|POLICIA,3|3,35.9|9.6,2|1,1,0,0,VE_ROTA_VE_TRANSVERSAL_05,0,0
456,multiplas_emergencias,PREEMPCAO_COMPENSADA,27,329.7,355.1,25.4,255,CRUZ_02,2,VE_ROTA_VE_CORREDOR_00|VE_ROTA_VE_TRANSVERSAL_00,AMBULANCIA|AMBULANCIA,1|1,30.0|23.7,1|2,1,1,1,,0,0
456,multiplas_emergencias,PREEMPCAO_COMPENSADA,27,458.0,479.6,21.6,217,CRUZ_08,2,VE_ROTA_VE_CORREDOR_00|VE_ROTA_VE_TRANSVERSAL_00,AMBULANCIA|AMBULANCIA,1|1,35.0|10.6,2|1,1,0,0,VE_ROTA_VE_TRANSVERSAL_00,0,0
456,multiplas_emergencias,PREEMPCAO_COMPENSADA,27,926.0,967.4,41.4,415,CRUZ_02,2,VE_ROTA_VE_CORREDOR_01|VE_ROTA_VE_TRANSVERSAL_01,BOMBEIRO|BOMBEIRO,2|2,23.0|30.0,1|2,1,1,1,,0,0
456,multiplas_emergencias,PREEMPCAO_COMPENSADA,27,1060.1,1075.5,15.4,155,CRUZ_08,2,VE_ROTA_VE_CORREDOR_01|VE_ROTA_VE_TRANSVERSAL_01,BOMBEIRO|BOMBEIRO,2|2,54.6|14.4,2|1,1,1,1,,0,0
456,multiplas_emergencias,PREEMPCAO_COMPENSADA,27,1530.0,1564.9,34.9,350,CRUZ_02,2,VE_ROTA_VE_CORREDOR_02|VE_ROTA_VE_TRANSVERSAL_02,POLICIA|POLICIA,3|3,125.0|29.6,1|2,1,1,1,,0,0
456,multiplas_emergencias,PREEMPCAO_COMPENSADA,27,1677.6,1681.8,4.2,43,CRUZ_08,2,VE_ROTA_VE_CORREDOR_02|VE_ROTA_VE_TRANSVERSAL_02,POLICIA|POLICIA,3|3,4.4|35.5,2|1,1,0,0,VE_ROTA_VE_CORREDOR_02,0,0
456,multiplas_emergencias,PREEMPCAO_COMPENSADA,27,2134.1,2151.5,17.4,175,CRUZ_02,2,VE_ROTA_VE_CORREDOR_03|VE_ROTA_VE_TRANSVERSAL_03,AMBULANCIA|AMBULANCIA,1|1,48.0|12.9,1|2,1,1,1,,0,0
456,multiplas_emergencias,PREEMPCAO_COMPENSADA,27,2726.5,2745.0,18.5,186,CRUZ_02,2,VE_ROTA_VE_CORREDOR_04|VE_ROTA_VE_TRANSVERSAL_04,BOMBEIRO|BOMBEIRO,2|2,39.1|17.0,1|2,1,1,1,,0,0
456,multiplas_emergencias,PREEMPCAO_COMPENSADA,27,2863.6,2865.4,1.8,19,CRUZ_08,2,VE_ROTA_VE_CORREDOR_04|VE_ROTA_VE_TRANSVERSAL_04,BOMBEIRO|BOMBEIRO,2|2,55.7|1.0,2|1,1,0,0,VE_ROTA_VE_TRANSVERSAL_04,0,0
456,multiplas_emergencias,PREEMPCAO_COMPENSADA,27,3330.1,3345.5,15.4,155,CRUZ_02,2,VE_ROTA_VE_CORREDOR_05|VE_ROTA_VE_TRANSVERSAL_05,POLICIA|POLICIA,3|3,36.3|13.6,1|2,1,1,1,,0,0
456,multiplas_emergencias,PREEMPCAO_COMPENSADA,27,3447.8,3453.4,5.6,57,CRUZ_08,2,VE_ROTA_VE_CORREDOR_05|VE_ROTA_VE_TRANSVERSAL_05,POLICIA|POLICIA,3|3,53.4|3.9,2|1,1,0,0,VE_ROTA_VE_TRANSVERSAL_05,0,0
457,multiplas_emergencias,PREEMPCAO_ML,27,329.7,363.0,33.3,334,CRUZ_02,2,VE_ROTA_VE_CORREDOR_00|VE_ROTA_VE_TRANSVERSAL_00,AMBULANCIA|AMBULANCIA,1|1,30.0|23.7,1|2,1,1,1,,1,1
457,multiplas_emergencias,PREEMPCAO_ML,27,448.1,488.5,40.4,405,CRUZ_08,2,VE_ROTA_VE_CORREDOR_00|VE_ROTA_VE_TRANSVERSAL_00,AMBULANCIA|AMBULANCIA,1|1,42.3|22.3,2|1,1,1,1,,1,1
457,multiplas_emergencias,PREEMPCAO_ML,27,928.2,959.5,31.3,314,CRUZ_02,2,VE_ROTA_VE_CORREDOR_01|VE_ROTA_VE_TRANSVERSAL_01,BOMBEIRO|BOMBEIRO,2|2,106.6|28.4,1|2,1,1,1,,1,1
457,multiplas_emergencias,PREEMPCAO_ML,27,1062.7,1067.5,4.8,49,CRUZ_08,2,VE_ROTA_VE_CORREDOR_01|VE_ROTA_VE_TRANSVERSAL_01,BOMBEIRO|BOMBEIRO,2|2,47.5|3.4,2|1,1,0,0,VE_ROTA_VE_TRANSVERSAL_01,0,0
457,multiplas_emergencias,PREEMPCAO_ML,27,1522.0,1546.5,24.5,246,CRUZ_02,2,VE_ROTA_VE_CORREDOR_02|VE_ROTA_VE_TRANSVERSAL_02,POLICIA|POLICIA,3|3,23.0|38.3,1|2,1,1,1,,1,0
457,multiplas_emergencias,PREEMPCAO_ML,27,1646.4,1678.7,32.3,324,CRUZ_08,2,VE_ROTA_VE_CORREDOR_02|VE_ROTA_VE_TRANSVERSAL_02,POLICIA|POLICIA,3|3,12.2|29.5,2|1,1,1,1,,1,0
457,multiplas_emergencias,PREEMPCAO_ML,27,2134.0,2168.6,34.6,347,CRUZ_02,2,VE_ROTA_VE_CORREDOR_03|VE_ROTA_VE_TRANSVERSAL_03,AMBULANCIA|AMBULANCIA,1|1,47.7|12.9,1|2,1,1,1,,1,1
457,multiplas_emergencias,PREEMPCAO_ML,27,2267.2,2273.6,6.4,65,CRUZ_08,2,VE_ROTA_VE_CORREDOR_03|VE_ROTA_VE_TRANSVERSAL_03,AMBULANCIA|AMBULANCIA,1|1,38.0|5.7,2|1,1,0,0,VE_ROTA_VE_TRANSVERSAL_03,0,0
457,multiplas_emergencias,PREEMPCAO_ML,27,2737.0,2751.7,14.7,148,CRUZ_02,2,VE_ROTA_VE_CORREDOR_04|VE_ROTA_VE_TRANSVERSAL_04,BOMBEIRO|BOMBEIRO,2|2,73.9|6.5,1|2,1,0,0,VE_ROTA_VE_TRANSVERSAL_04,0,0
457,multiplas_emergencias,PREEMPCAO_ML,27,3335.7,3345.5,9.8,99,CRUZ_02,2,VE_ROTA_VE_CORREDOR_05|VE_ROTA_VE_TRANSVERSAL_05,POLICIA|POLICIA,3|3,81.7|8.0,1|2,1,0,0,VE_ROTA_VE_TRANSVERSAL_05,0,0
457,multiplas_emergencias,PREEMPCAO_ML,27,3435.3,3466.1,30.8,309,CRUZ_08,2,VE_ROTA_VE_CORREDOR_05|VE_ROTA_VE_TRANSVERSAL_05,POLICIA|POLICIA,3|3,36.0|14.0,2|1,1,1,1,,1,1
468,multiplas_emergencias,PREEMPCAO,28,329.0,345.0,16.0,161,CRUZ_02,2,VE_ROTA_VE_CORREDOR_00|VE_ROTA_VE_TRANSVERSAL_00,AMBULANCIA|AMBULANCIA,1|1,30.5|14.6,1|2,1,1,1,,0,0
468,multiplas_emergencias,PREEMPCAO,28,452.9,477.8,24.9,250,CRUZ_08,2,VE_ROTA_VE_CORREDOR_00|VE_ROTA_VE_TRANSVERSAL_00,AMBULANCIA|AMBULANCIA,1|1,40.3|20.6,2|1,1,1,1,,0,0
468,multiplas_emergencias,PREEMPCAO,28,928.4,950.7,22.3,224,CRUZ_02,2,VE_ROTA_VE_CORREDOR_01|VE_ROTA_VE_TRANSVERSAL_01,BOMBEIRO|BOMBEIRO,2|2,106.9|15.1,1|2,1,1,1,,0,0
468,multiplas_emergencias,PREEMPCAO,28,1528.0,1560.3,32.3,324,CRUZ_02,2,VE_ROTA_VE_CORREDOR_02|VE_ROTA_VE_TRANSVERSAL_02,POLICIA|POLICIA,3|3,33.7|26.8,1|2,1,1,1,,0,0
468,multiplas_emergencias,PREEMPCAO,28,2126.2,2159.6,33.4,335,CRUZ_02,2,VE_ROTA_VE_CORREDOR_03|VE_ROTA_VE_TRANSVERSAL_03,AMBULANCIA|AMBULANCIA,1|1,30.5|31.5,1|2,1,1,1,,0,0
468,multiplas_emergencias,PREEMPCAO,28,2723.8,2744.9,21.1,212,CRUZ_02,2,VE_ROTA_VE_CORREDOR_04|VE_ROTA_VE_TRANSVERSAL_04,BOMBEIRO|BOMBEIRO,2|2,23.0|19.7,1|2,1,1,1,,0,0
468,multiplas_emergencias,PREEMPCAO,28,2819.0,2835.5,16.5,166,CRUZ_08,2,VE_ROTA_VE_CORREDOR_04|VE_ROTA_VE_TRANSVERSAL_04,BOMBEIRO|BOMBEIRO,2|2,52.4|15.9,2|1,1,0,0,VE_ROTA_VE_TRANSVERSAL_04,0,0
468,multiplas_emergencias,PREEMPCAO,28,3322.5,3360.8,38.3,384,CRUZ_02,2,VE_ROTA_VE_CORREDOR_05|VE_ROTA_VE_TRANSVERSAL_05,POLICIA|POLICIA,3|3,43.6|33.0,1|2,1,1,1,,0,0
468,multiplas_emergencias,PREEMPCAO,28,3459.4,3467.2,7.8,79,CRUZ_08,2,VE_ROTA_VE_CORREDOR_05|VE_ROTA_VE_TRANSVERSAL_05,POLICIA|POLICIA,3|3,8.4|23.0,2|1,1,0,0,VE_ROTA_VE_CORREDOR_05,0,0
469,multiplas_emergencias,PREEMPCAO_COMPENSADA,28,329.0,345.0,16.0,161,CRUZ_02,2,VE_ROTA_VE_CORREDOR_00|VE_ROTA_VE_TRANSVERSAL_00,AMBULANCIA|AMBULANCIA,1|1,30.5|14.6,1|2,1,1,1,,0,0
469,multiplas_emergencias,PREEMPCAO_COMPENSADA,28,452.9,477.8,24.9,250,CRUZ_08,2,VE_ROTA_VE_CORREDOR_00|VE_ROTA_VE_TRANSVERSAL_00,AMBULANCIA|AMBULANCIA,1|1,40.5|20.5,2|1,1,1,1,,0,0
469,multiplas_emergencias,PREEMPCAO_COMPENSADA,28,927.0,945.7,18.7,188,CRUZ_02,2,VE_ROTA_VE_CORREDOR_01|VE_ROTA_VE_TRANSVERSAL_01,BOMBEIRO|BOMBEIRO,2|2,30.0|16.5,1|2,1,1,1,,0,0
469,multiplas_emergencias,PREEMPCAO_COMPENSADA,28,1035.9,1058.9,23.0,231,CRUZ_08,2,VE_ROTA_VE_CORREDOR_01|VE_ROTA_VE_TRANSVERSAL_01,BOMBEIRO|BOMBEIRO,2|2,36.0|22.2,2|1,1,1,1,,0,0
469,multiplas_emergencias,PREEMPCAO_COMPENSADA,28,1528.0,1556.7,28.7,288,CRUZ_02,2,VE_ROTA_VE_CORREDOR_02|VE_ROTA_VE_TRANSVERSAL_02,POLICIA|POLICIA,3|3,33.8|26.9,1|2,1,1,1,,0,0
469,multiplas_emergencias,PREEMPCAO_COMPENSADA,28,2127.2,2160.9,33.7,338,CRUZ_02,2,VE_ROTA_VE_CORREDOR_03|VE_ROTA_VE_TRANSVERSAL_03,AMBULANCIA|AMBULANCIA,1|1,39.7|30.5,1|2,1,1,1,,0,0
469,multiplas_emergencias,PREEMPCAO_COMPENSADA,28,2254.4,2283.5,29.1,292,CRUZ_08,2,VE_ROTA_VE_CORREDOR_03|VE_ROTA_VE_TRANSVERSAL_03,AMBULANCIA|AMBULANCIA,1|1,37.8|25.2,2|1,1,1,1,,0,0
469,multiplas_emergencias,PREEMPCAO_COMPENSADA,28,2724.0,2750.8,26.8,269,CRUZ_02,2,VE_ROTA_VE_CORREDOR_04|VE_ROTA_VE_TRANSVERSAL_04,BOMBEIRO|BOMBEIRO,2|2,23.0|19.5,1|2,1,1,1,,0,0
469,multiplas_emergencias,PREEMPCAO_COMPENSADA,28,2816.1,2859.2,43.1,432,CRUZ_08,2,VE_ROTA_VE_CORREDOR_04|VE_ROTA_VE_TRANSVERSAL_04,BOMBEIRO|BOMBEIRO,2|2,56.7|44.9,2|1,1,1,1,,0,0
469,multiplas_emergencias,PREEMPCAO_COMPENSADA,28,3322.5,3355.4,32.9,330,CRUZ_02,2,VE_ROTA_VE_CORREDOR_05|VE_ROTA_VE_TRANSVERSAL_05,POLICIA|POLICIA,3|3,43.6|33.2,1|2,1,1,1,,0,0
470,multiplas_emergencias,PREEMPCAO_ML,28,329.0,356.6,27.6,277,CRUZ_02,2,VE_ROTA_VE_CORREDOR_00|VE_ROTA_VE_TRANSVERSAL_00,AMBULANCIA|AMBULANCIA,1|1,30.5|14.6,1|2,1,1,1,,1,1
470,multiplas_emergencias,PREEMPCAO_ML,28,457.0,486.1,29.1,292,CRUZ_08,2,VE_ROTA_VE_CORREDOR_00|VE_ROTA_VE_TRANSVERSAL_00,AMBULANCIA|AMBULANCIA,1|1,27.8|23.0,2|1,1,1,1,,1,1
470,multiplas_emergencias,PREEMPCAO_ML,28,928.4,945.7,17.3,174,CRUZ_02,2,VE_ROTA_VE_CORREDOR_01|VE_ROTA_VE_TRANSVERSAL_01,BOMBEIRO|BOMBEIRO,2|2,107.2|15.1,1|2,1,1,1,,1,0
470,multiplas_emergencias,PREEMPCAO_ML,28,1528.0,1572.7,44.7,448,CRUZ_02,2,VE_ROTA_VE_CORREDOR_02|VE_ROTA_VE_TRANSVERSAL_02,POLICIA|POLICIA,3|3,33.5|26.8,1|2,1,1,1,,1,1
470,multiplas_emergencias,PREEMPCAO_ML,28,1671.3,1682.9,11.6,117,CRUZ_08,2,VE_ROTA_VE_CORREDOR_02|VE_ROTA_VE_TRANSVERSAL_02,POLICIA|POLICIA,3|3,86.3|11.0,2|1,1,0,0,VE_ROTA_VE_TRANSVERSAL_02,0,0
470,multiplas_emergencias,PREEMPCAO_ML,28,2126.2,2165.0,38.8,389,CRUZ_02,2,VE_ROTA_VE_CORREDOR_03|VE_ROTA_VE_TRANSVERSAL_03,AMBULANCIA|AMBULANCIA,1|1,30.7|31.4,1|2,1,1,1,,1,1
470,multiplas_emergencias,PREEMPCAO_ML,28,2260.8,2288.1,27.3,274,CRUZ_08,2,VE_ROTA_VE_CORREDOR_03|VE_ROTA_VE_TRANSVERSAL_03,AMBULANCIA|AMBULANCIA,1|1,26.0|42.9,2|1,1,1,1,,1,1
470,multiplas_emergencias,PREEMPCAO_ML,28,2723.8,2748.1,24.3,244,CRUZ_02,2,VE_ROTA_VE_CORREDOR_04|VE_ROTA_VE_TRANSVERSAL_04,BOMBEIRO|BOMBEIRO,2|2,23.0|19.7,1|2,1,1,1,,1,1
470,multiplas_emergencias,PREEMPCAO_ML,28,2816.5,2835.7,19.2,193,CRUZ_08,2,VE_ROTA_VE_CORREDOR_04|VE_ROTA_VE_TRANSVERSAL_04,BOMBEIRO|BOMBEIRO,2|2,14.3|23.1,2|1,1,0,0,VE_ROTA_VE_CORREDOR_04,0,0
470,multiplas_emergencias,PREEMPCAO_ML,28,3322.5,3356.7,34.2,343,CRUZ_02,2,VE_ROTA_VE_CORREDOR_05|VE_ROTA_VE_TRANSVERSAL_05,POLICIA|POLICIA,3|3,43.6|33.1,1|2,1,1,1,,1,1
470,multiplas_emergencias,PREEMPCAO_ML,28,3450.4,3468.6,18.2,183,CRUZ_08,2,VE_ROTA_VE_CORREDOR_05|VE_ROTA_VE_TRANSVERSAL_05,POLICIA|POLICIA,3|3,16.9|43.0,2|1,1,1,1,,1,0
481,multiplas_emergencias,PREEMPCAO,29,322.7,345.0,22.3,224,CRUZ_02,2,VE_ROTA_VE_CORREDOR_00|VE_ROTA_VE_TRANSVERSAL_00,AMBULANCIA|AMBULANCIA,1|1,42.3|20.9,1|2,1,1,1,,0,0
481,multiplas_emergencias,PREEMPCAO,29,922.2,946.5,24.3,244,CRUZ_02,2,VE_ROTA_VE_CORREDOR_01|VE_ROTA_VE_TRANSVERSAL_01,BOMBEIRO|BOMBEIRO,2|2,23.0|31.5,1|2,1,1,1,,0,0
481,multiplas_emergencias,PREEMPCAO,29,1530.2,1552.9,22.7,228,CRUZ_02,2,VE_ROTA_VE_CORREDOR_02|VE_ROTA_VE_TRANSVERSAL_02,POLICIA|POLICIA,3|3,43.0|20.3,1|2,1,1,1,,0,0
481,multiplas_emergencias,PREEMPCAO,29,1649.8,1656.7,6.9,70,CRUZ_08,2,VE_ROTA_VE_CORREDOR_02|VE_ROTA_VE_TRANSVERSAL_02,POLICIA|POLICIA,3|3,36.6|6.0,2|1,1,0,0,VE_ROTA_VE_TRANSVERSAL_02,0,0
481,multiplas_emergencias,PREEMPCAO,29,2128.9,2155.5,26.6,267,CRUZ_02,2,VE_ROTA_VE_CORREDOR_03|VE_ROTA_VE_TRANSVERSAL_03,AMBULANCIA|AMBULANCIA,1|1,34.7|21.2,1|2,1,1,1,,0,0
481,multiplas_emergencias,PREEMPCAO,29,2239.8,2277.5,37.7,378,CRUZ_08,2,VE_ROTA_VE_CORREDOR_03|VE_ROTA_VE_TRANSVERSAL_03,AMBULANCIA|AMBULANCIA,1|1,33.9|52.0,2|1,1,1,1,,0,0
481,multiplas_emergencias,PREEMPCAO,29,2730.2,2745.7,15.5,156,CRUZ_02,2,VE_ROTA_VE_CORREDOR_04|VE_ROTA_VE_TRANSVERSAL_04,BOMBEIRO|BOMBEIRO,2|2,125.0|13.3,1|2,1,0,0,VE_ROTA_VE_TRANSVERSAL_04,0,0
481,multiplas_emergencias,PREEMPCAO,29,2837.9,2857.1,19.2,193,CRUZ_08,2,VE_ROTA_VE_CORREDOR_04|VE_ROTA_VE_TRANSVERSAL_04,BOMBEIRO|BOMBEIRO,2|2,13.6|38.3,2|1,1,1,1,,0,0
481,multiplas_emergencias,PREEMPCAO,29,3337.0,3348.2,11.2,113,CRUZ_02,2,VE_ROTA_VE_CORREDOR_05|VE_ROTA_VE_TRANSVERSAL_05,POLICIA|POLICIA,3|3,125.0|6.7,1|2,1,0,0,VE_ROTA_VE_TRANSVERSAL_05,0,0
481,multiplas_emergencias,PREEMPCAO,29,3445.3,3446.8,1.5,16,CRUZ_08,2,VE_ROTA_VE_CORREDOR_05|VE_ROTA_VE_TRANSVERSAL_05,POLICIA|POLICIA,3|3,34.4|0.9,2|1,1,0,0,VE_ROTA_VE_TRANSVERSAL_05,0,0
482,multiplas_emergencias,PREEMPCAO_COMPENSADA,29,322.7,345.0,22.3,224,CRUZ_02,2,VE_ROTA_VE_CORREDOR_00|VE_ROTA_VE_TRANSVERSAL_00,AMBULANCIA|AMBULANCIA,1|1,42.3|20.9,1|2,1,1,1,,0,0
482,multiplas_emergencias,PREEMPCAO_COMPENSADA,29,922.4,959.6,37.2,373,CRUZ_02,2,VE_ROTA_VE_CORREDOR_01|VE_ROTA_VE_TRANSVERSAL_01,BOMBEIRO|BOMBEIRO,2|2,28.3|31.3,1|2,1,1,1,,0,0
482,multiplas_emergencias,PREEMPCAO_COMPENSADA,29,1063.3,1092.5,29.2,293,CRUZ_08,2,VE_ROTA_VE_CORREDOR_01|VE_ROTA_VE_TRANSVERSAL_01,BOMBEIRO|BOMBEIRO,2|2,58.6|25.2,2|1,1,1,1,,0,0
482,multiplas_emergencias,PREEMPCAO_COMPENSADA,29,1526.1,1552.9,26.8,269,CRUZ_02,2,VE_ROTA_VE_CORREDOR_02|VE_ROTA_VE_TRANSVERSAL_02,POLICIA|POLICIA,3|3,35.6|22.8,1|2,1,1,1,,0,0
482,multiplas_emergencias,PREEMPCAO_COMPENSADA,29,2129.2,2155.6,26.4,265,CRUZ_02,2,VE_ROTA_VE_CORREDOR_03|VE_ROTA_VE_TRANSVERSAL_03,AMBULANCIA|AMBULANCIA,1|1,37.8|21.0,1|2,1,1,1,,0,0
482,multiplas_emergencias,PREEMPCAO_COMPENSADA,29,2231.1,2277.4,46.3,464,CRUZ_08,2,VE_ROTA_VE_CORREDOR_03|VE_ROTA_VE_TRANSVERSAL_03,AMBULANCIA|AMBULANCIA,1|1,22.9|23.0,2|1,1,1,1,,0,0
482,multiplas_emergencias,PREEMPCAO_COMPENSADA,29,2723.6,2744.9,21.3,214,CRUZ_02,2,VE_ROTA_VE_CORREDOR_04|VE_ROTA_VE_TRANSVERSAL_04,BOMBEIRO|BOMBEIRO,2|2,29.7|19.9,1|2,1,1,1,,0,0
482,multiplas_emergencias,PREEMPCAO_COMPENSADA,29,2838.4,2848.1,9.7,98,CRUZ_08,2,VE_ROTA_VE_CORREDOR_04|VE_ROTA_VE_TRANSVERSAL_04,BOMBEIRO|BOMBEIRO,2|2,124.9|8.9,2|1,1,0,0,VE_ROTA_VE_TRANSVERSAL_04,0,0
482,multiplas_emergencias,PREEMPCAO_COMPENSADA,29,3330.5,3345.9,15.4,155,CRUZ_02,2,VE_ROTA_VE_CORREDOR_05|VE_ROTA_VE_TRANSVERSAL_05,POLICIA|POLICIA,3|3,42.9|13.2,1|2,1,1,1,,0,0
482,multiplas_emergencias,PREEMPCAO_COMPENSADA,29,3454.8,3464.8,10.0,101,CRUZ_08,2,VE_ROTA_VE_CORREDOR_05|VE_ROTA_VE_TRANSVERSAL_05,POLICIA|POLICIA,3|3,34.5|7.6,2|1,1,0,0,VE_ROTA_VE_TRANSVERSAL_05,0,0
483,multiplas_emergencias,PREEMPCAO_ML,29,322.7,356.0,33.3,334,CRUZ_02,2,VE_ROTA_VE_CORREDOR_00|VE_ROTA_VE_TRANSVERSAL_00,AMBULANCIA|AMBULANCIA,1|1,42.3|20.9,1|2,1,1,1,,1,1
483,multiplas_emergencias,PREEMPCAO_ML,29,439.9,477.8,37.9,380,CRUZ_08,2,VE_ROTA_VE_CORREDOR_00|VE_ROTA_VE_TRANSVERSAL_00,AMBULANCIA|AMBULANCIA,1|1,47.2|30.6,2|1,1,1,1,,1,1
483,multiplas_emergencias,PREEMPCAO_ML,29,922.2,951.8,29.6,297,CRUZ_02,2,VE_ROTA_VE_CORREDOR_01|VE_ROTA_VE_TRANSVERSAL_01,BOMBEIRO|BOMBEIRO,2|2,23.0|31.3,1|2,1,1,1,,1,0
483,multiplas_emergencias,PREEMPCAO_ML,29,1063.0,1075.7,12.7,128,CRUZ_08,2,VE_ROTA_VE_CORREDOR_01|VE_ROTA_VE_TRANSVERSAL_01,BOMBEIRO|BOMBEIRO,2|2,11.5|23.1,2|1,1,0,0,VE_ROTA_VE_CORREDOR_01,0,0
483,multiplas_emergencias,PREEMPCAO_ML,29,1529.7,1569.8,40.1,402,CRUZ_02,2,VE_ROTA_VE_CORREDOR_02|VE_ROTA_VE_TRANSVERSAL_02,POLICIA|POLICIA,3|3,40.1|20.7,1|2,1,1,1,,1,1
483,multiplas_emergencias,PREEMPCAO_ML,29,1669.0,1669.7,0.7,8,CRUZ_08,2,VE_ROTA_VE_CORREDOR_02|VE_ROTA_VE_TRANSVERSAL_02,POLICIA|POLICIA,3|3,45.1|0.1,2|1,1,0,0,VE_ROTA_VE_TRANSVERSAL_02,0,0
483,multiplas_emergencias,PREEMPCAO_ML,29,2129.0,2160.5,31.5,316,CRUZ_02,2,VE_ROTA_VE_CORREDOR_03|VE_ROTA_VE_TRANSVERSAL_03,AMBULANCIA|AMBULANCIA,1|1,34.8|21.2,1|2,1,1,1,,1,1
483,multiplas_emergencias,PREEMPCAO_ML,29,2245.1,2266.5,21.4,215,CRUZ_08,2,VE_ROTA_VE_CORREDOR_03|VE_ROTA_VE_TRANSVERSAL_03,AMBULANCIA|AMBULANCIA,1|1,31.0|8.1,2|1,1,0,0,VE_ROTA_VE_TRANSVERSAL_03,0,0
483,multiplas_emergencias,PREEMPCAO_ML,29,2730.3,2745.9,15.6,157,CRUZ_02,2,VE_ROTA_VE_CORREDOR_04|VE_ROTA_VE_TRANSVERSAL_04,BOMBEIRO|BOMBEIRO,2|2,125.0|13.2,1|2,1,0,0,VE_ROTA_VE_TRANSVERSAL_04,0,0
483,multiplas_emergencias,PREEMPCAO_ML,29,2828.4,2864.0,35.6,357,CRUZ_08,2,VE_ROTA_VE_CORREDOR_04|VE_ROTA_VE_TRANSVERSAL_04,BOMBEIRO|BOMBEIRO,2|2,76.9|23.7,2|1,1,1,1,,1,1
483,multiplas_emergencias,PREEMPCAO_ML,29,3337.0,3348.2,11.2,113,CRUZ_02,2,VE_ROTA_VE_CORREDOR_05|VE_ROTA_VE_TRANSVERSAL_05,POLICIA|POLICIA,3|3,125.0|6.7,1|2,1,0,0,VE_ROTA_VE_TRANSVERSAL_05,0,0
494,multiplas_emergencias,PREEMPCAO,30,324.0,345.0,21.0,211,CRUZ_02,2,VE_ROTA_VE_CORREDOR_00|VE_ROTA_VE_TRANSVERSAL_00,AMBULANCIA|AMBULANCIA,1|1,107.2|19.6,1|2,1,1,1,,0,0
494,multiplas_emergencias,PREEMPCAO,30,921.9,947.1,25.2,253,CRUZ_02,2,VE_ROTA_VE_CORREDOR_01|VE_ROTA_VE_TRANSVERSAL_01,BOMBEIRO|BOMBEIRO,2|2,23.0|21.6,1|2,1,1,1,,0,0
494,multiplas_emergencias,PREEMPCAO,30,1035.2,1059.5,24.3,244,CRUZ_08,2,VE_ROTA_VE_CORREDOR_01|VE_ROTA_VE_TRANSVERSAL_01,BOMBEIRO|BOMBEIRO,2|2,27.5|23.0,2|1,1,1,1,,0,0
494,multiplas_emergencias,PREEMPCAO,30,1522.4,1564.8,42.4,425,CRUZ_02,2,VE_ROTA_VE_CORREDOR_02|VE_ROTA_VE_TRANSVERSAL_02,POLICIA|POLICIA,3|3,27.4|37.5,1|2,1,1,1,,0,0
494,multiplas_emergencias,PREEMPCAO,30,1643.6,1668.2,24.6,247,CRUZ_08,2,VE_ROTA_VE_CORREDOR_02|VE_ROTA_VE_TRANSVERSAL_02,POLICIA|POLICIA,3|3,50.3|23.0,2|1,1,1,1,,0,0
494,multiplas_emergencias,PREEMPCAO,30,2126.2,2148.0,21.8,219,CRUZ_02,2,VE_ROTA_VE_CORREDOR_03|VE_ROTA_VE_TRANSVERSAL_03,AMBULANCIA|AMBULANCIA,1|1,68.5|17.5,1|2,1,1,1,,0,0
494,multiplas_emergencias,PREEMPCAO,30,2733.4,2746.8,13.4,135,CRUZ_02,2,VE_ROTA_VE_CORREDOR_04|VE_ROTA_VE_TRANSVERSAL_04,BOMBEIRO|BOMBEIRO,2|2,63.0|10.1,1|2,1,0,0,VE_ROTA_VE_TRANSVERSAL_04,0,0
494,multiplas_emergencias,PREEMPCAO,30,2871.6,2882.1,10.5,106,CRUZ_08,2,VE_ROTA_VE_CORREDOR_04|VE_ROTA_VE_TRANSVERSAL_04,BOMBEIRO|BOMBEIRO,2|2,59.3|6.7,2|1,1,0,0,VE_ROTA_VE_TRANSVERSAL_04,0,0
494,multiplas_emergencias,PREEMPCAO,30,3322.0,3346.6,24.6,247,CRUZ_02,2,VE_ROTA_VE_CORREDOR_05|VE_ROTA_VE_TRANSVERSAL_05,POLICIA|POLICIA,3|3,23.0|27.7,1|2,1,1,1,,0,0
494,multiplas_emergencias,PREEMPCAO,30,3451.3,3471.4,20.1,202,CRUZ_08,2,VE_ROTA_VE_CORREDOR_05|VE_ROTA_VE_TRANSVERSAL_05,POLICIA|POLICIA,3|3,18.8|42.5,2|1,1,1,1,,0,0
495,multiplas_emergencias,PREEMPCAO_COMPENSADA,30,324.0,345.0,21.0,211,CRUZ_02,2,VE_ROTA_VE_CORREDOR_00|VE_ROTA_VE_TRANSVERSAL_00,AMBULANCIA|AMBULANCIA,1|1,107.2|19.6,1|2,1,1,1,,0,0
495,multiplas_emergencias,PREEMPCAO_COMPENSADA,30,922.2,948.5,26.3,264,CRUZ_02,2,VE_ROTA_VE_CORREDOR_01|VE_ROTA_VE_TRANSVERSAL_01,BOMBEIRO|BOMBEIRO,2|2,27.9|21.3,1|2,1,1,1,,0,0
495,multiplas_emergencias,PREEMPCAO_COMPENSADA,30,1050.0,1050.9,0.9,10,CRUZ_08,2,VE_ROTA_VE_CORREDOR_01|VE_ROTA_VE_TRANSVERSAL_01,BOMBEIRO|BOMBEIRO,2|2,98.8|0.3,2|1,1,0,0,VE_ROTA_VE_TRANSVERSAL_01,0,0
495,multiplas_emergencias,PREEMPCAO_COMPENSADA,30,1522.2,1576.9,54.7,548,CRUZ_02,2,VE_ROTA_VE_CORREDOR_02|VE_ROTA_VE_TRANSVERSAL_02,POLICIA|POLICIA,3|3,23.1|37.3,1|2,1,1,1,,0,0
495,multiplas_emergencias,PREEMPCAO_COMPENSADA,30,1660.6,1686.8,26.2,263,CRUZ_08,2,VE_ROTA_VE_CORREDOR_02|VE_ROTA_VE_TRANSVERSAL_02,POLICIA|POLICIA,3|3,21.8|42.6,2|1,1,1,1,,0,0
495,multiplas_emergencias,PREEMPCAO_COMPENSADA,30,2123.3,2148.4,25.1,252,CRUZ_02,2,VE_ROTA_VE_CORREDOR_03|VE_ROTA_VE_TRANSVERSAL_03,AMBULANCIA|AMBULANCIA,1|1,35.1|20.4,1|2,1,1,1,,0,0
495,multiplas_emergencias,PREEMPCAO_COMPENSADA,30,2239.2,2286.6,47.4,475,CRUZ_08,2,VE_ROTA_VE_CORREDOR_03|VE_ROTA_VE_TRANSVERSAL_03,AMBULANCIA|AMBULANCIA,1|1,32.6|30.8,2|1,1,1,1,,0,0
495,multiplas_emergencias,PREEMPCAO_COMPENSADA,30,2729.4,2744.9,15.5,156,CRUZ_02,2,VE_ROTA_VE_CORREDOR_04|VE_ROTA_VE_TRANSVERSAL_04,BOMBEIRO|BOMBEIRO,2|2,30.0|14.1,1|2,1,1,1,,0,0
495,multiplas_emergencias,PREEMPCAO_COMPENSADA,30,2838.1,2852.4,14.3,144,CRUZ_08,2,VE_ROTA_VE_CORREDOR_04|VE_ROTA_VE_TRANSVERSAL_04,BOMBEIRO|BOMBEIRO,2|2,33.6|8.6,2|1,1,0,0,VE_ROTA_VE_TRANSVERSAL_04,0,0
495,multiplas_emergencias,PREEMPCAO_COMPENSADA,30,3323.9,3351.5,27.6,277,CRUZ_02,2,VE_ROTA_VE_CORREDOR_05|VE_ROTA_VE_TRANSVERSAL_05,POLICIA|POLICIA,3|3,75.9|25.9,1|2,1,1,1,,0,0
496,multiplas_emergencias,PREEMPCAO_ML,30,324.0,367.3,43.3,434,CRUZ_02,2,VE_ROTA_VE_CORREDOR_00|VE_ROTA_VE_TRANSVERSAL_00,AMBULANCIA|AMBULANCIA,1|1,107.2|19.6,1|2,1,1,1,,1,1
496,multiplas_emergencias,PREEMPCAO_ML,30,455.8,493.5,37.7,378,CRUZ_08,2,VE_ROTA_VE_CORREDOR_00|VE_ROTA_VE_TRANSVERSAL_00,AMBULANCIA|AMBULANCIA,1|1,39.5|26.8,2|1,1,1,1,,1,1
496,multiplas_emergencias,PREEMPCAO_ML,30,921.9,954.8,32.9,330,CRUZ_02,2,VE_ROTA_VE_CORREDOR_01|VE_ROTA_VE_TRANSVERSAL_01,BOMBEIRO|BOMBEIRO,2|2,23.0|21.6,1|2,1,1,1,,1,1
496,multiplas_emergencias,PREEMPCAO_ML,30,1049.8,1074.2,24.4,245,CRUZ_08,2,VE_ROTA_VE_CORREDOR_01|VE_ROTA_VE_TRANSVERSAL_01,BOMBEIRO|BOMBEIRO,2|2,28.0|23.1,2|1,1,1,1,,1,1
496,multiplas_emergencias,PREEMPCAO_ML,30,1522.4,1551.9,29.5,296,CRUZ_02,2,VE_ROTA_VE_CORREDOR_02|VE_ROTA_VE_TRANSVERSAL_02,POLICIA|POLICIA,3|3,27.0|37.5,1|2,1,1,1,,1,0
496,multiplas_emergencias,PREEMPCAO_ML,30,1647.7,1655.4,7.7,78,CRUZ_08,2,VE_ROTA_VE_CORREDOR_02|VE_ROTA_VE_TRANSVERSAL_02,POLICIA|POLICIA,3|3,8.3|23.0,2|1,1,0,0,VE_ROTA_VE_CORREDOR_02,0,0
496,multiplas_emergencias,PREEMPCAO_ML,30,2126.2,2145.0,18.8,189,CRUZ_02,2,VE_ROTA_VE_CORREDOR_03|VE_ROTA_VE_TRANSVERSAL_03,AMBULANCIA|AMBULANCIA,1|1,69.7|17.5,1|2,1,1,1,,1,1
496,multiplas_emergencias,PREEMPCAO_ML,30,2246.6,2256.4,9.8,99,CRUZ_08,2,VE_ROTA_VE_CORREDOR_03|VE_ROTA_VE_TRANSVERSAL_03,AMBULANCIA|AMBULANCIA,1|1,36.9|9.2,2|1,1,0,0,VE_ROTA_VE_TRANSVERSAL_03,0,0
496,multiplas_emergencias,PREEMPCAO_ML,30,2733.6,2746.9,13.3,134,CRUZ_02,2,VE_ROTA_VE_CORREDOR_04|VE_ROTA_VE_TRANSVERSAL_04,BOMBEIRO|BOMBEIRO,2|2,62.5|9.9,1|2,1,0,0,VE_ROTA_VE_TRANSVERSAL_04,0,0
496,multiplas_emergencias,PREEMPCAO_ML,30,3322.0,3346.7,24.7,248,CRUZ_02,2,VE_ROTA_VE_CORREDOR_05|VE_ROTA_VE_TRANSVERSAL_05,POLICIA|POLICIA,3|3,23.1|27.7,1|2,1,1,1,,1,0
496,multiplas_emergencias,PREEMPCAO_ML,30,3449.7,3462.8,13.1,132,CRUZ_08,2,VE_ROTA_VE_CORREDOR_05|VE_ROTA_VE_TRANSVERSAL_05,POLICIA|POLICIA,3|3,11.9|23.0,2|1,1,1,1,,1,0
507,multiplas_emergencias,PREEMPCAO,31,322.5,354.8,32.3,324,CRUZ_02,2,VE_ROTA_VE_CORREDOR_00|VE_ROTA_VE_TRANSVERSAL_00,AMBULANCIA|AMBULANCIA,1|1,44.0|36.9,1|2,1,1,1,,0,0
507,multiplas_emergencias,PREEMPCAO,31,445.4,467.4,22.0,221,CRUZ_08,2,VE_ROTA_VE_CORREDOR_00|VE_ROTA_VE_TRANSVERSAL_00,AMBULANCIA|AMBULANCIA,1|1,20.7|23.1,2|1,1,1,1,,0,0
507,multiplas_emergencias,PREEMPCAO,31,921.9,945.7,23.8,239,CRUZ_02,2,VE_ROTA_VE_CORREDOR_01|VE_ROTA_VE_TRANSVERSAL_01,BOMBEIRO|BOMBEIRO,2|2,23.0|21.6,1|2,1,0,0,VE_ROTA_VE_TRANSVERSAL_01,0,0
507,multiplas_emergencias,PREEMPCAO,31,1050.8,1064.6,13.8,139,CRUZ_08,2,VE_ROTA_VE_CORREDOR_01|VE_ROTA_VE_TRANSVERSAL_01,BOMBEIRO|BOMBEIRO,2|2,53.3|13.1,2|1,1,1,1,,0,0
507,multiplas_emergencias,PREEMPCAO,31,1523.1,1555.6,32.5,326,CRUZ_02,2,VE_ROTA_VE_CORREDOR_02|VE_ROTA_VE_TRANSVERSAL_02,POLICIA|POLICIA,3|3,32.1|30.1,1|2,1,1,1,,0,0
507,multiplas_emergencias,PREEMPCAO,31,1649.7,1663.9,14.2,143,CRUZ_08,2,VE_ROTA_VE_CORREDOR_02|VE_ROTA_VE_TRANSVERSAL_02,POLICIA|POLICIA,3|3,91.5|12.1,2|1,1,0,0,VE_ROTA_VE_TRANSVERSAL_02,0,0
507,multiplas_emergencias,PREEMPCAO,31,2128.0,2155.1,27.1,272,CRUZ_02,2,VE_ROTA_VE_CORREDOR_03|VE_ROTA_VE_TRANSVERSAL_03,AMBULANCIA|AMBULANCIA,1|1,68.5|23.2,1|2,1,1,1,,0,0
507,multiplas_emergencias,PREEMPCAO,31,2254.0,2266.9,12.9,130,CRUZ_08,2,VE_ROTA_VE_CORREDOR_03|VE_ROTA_VE_TRANSVERSAL_03,AMBULANCIA|AMBULANCIA,1|1,125.0|9.4,2|1,1,0,0,VE_ROTA_VE_TRANSVERSAL_03,0,0
507,multiplas_emergencias,PREEMPCAO,31,2732.8,2768.4,35.6,357,CRUZ_02,2,VE_ROTA_VE_CORREDOR_04|VE_ROTA_VE_TRANSVERSAL_04,BOMBEIRO|BOMBEIRO,2|2,65.0|33.2,1|2,1,1,1,,0,0
507,multiplas_emergencias,PREEMPCAO,31,2854.1,2882.7,28.6,287,CRUZ_08,2,VE_ROTA_VE_CORREDOR_04|VE_ROTA_VE_TRANSVERSAL_04,BOMBEIRO|BOMBEIRO,2|2,125.0|26.8,2|1,1,1,1,,0,0
507,multiplas_emergencias,PREEMPCAO,31,3322.0,3355.8,33.8,339,CRUZ_02,2,VE_ROTA_VE_CORREDOR_05|VE_ROTA_VE_TRANSVERSAL_05,POLICIA|POLICIA,3|3,23.4|27.1,1|2,1,1,1,,0,0
507,multiplas_emergencias,PREEMPCAO,31,3438.0,3469.6,31.6,317,CRUZ_08,2,VE_ROTA_VE_CORREDOR_05|VE_ROTA_VE_TRANSVERSAL_05,POLICIA|POLICIA,3|3,35.2|22.4,2|1,1,1,1,,0,0
508,multiplas_emergencias,PREEMPCAO_COMPENSADA,31,322.5,354.8,32.3,324,CRUZ_02,2,VE_ROTA_VE_CORREDOR_00|VE_ROTA_VE_TRANSVERSAL_00,AMBULANCIA|AMBULANCIA,1|1,44.0|36.9,1|2,1,1,1,,0,0
508,multiplas_emergencias,PREEMPCAO_COMPENSADA,31,445.4,467.4,22.0,221,CRUZ_08,2,VE_ROTA_VE_CORREDOR_00|VE_ROTA_VE_TRANSVERSAL_00,AMBULANCIA|AMBULANCIA,1|1,20.7|23.1,2|1,1,1,1,,0,0
508,multiplas_emergencias,PREEMPCAO_COMPENSADA,31,922.8,950.2,27.4,275,CRUZ_02,2,VE_ROTA_VE_CORREDOR_01|VE_ROTA_VE_TRANSVERSAL_01,BOMBEIRO|BOMBEIRO,2|2,33.2|20.7,1|2,1,1,1,,0,0
508,multiplas_emergencias,PREEMPCAO_COMPENSADA,31,1522.2,1563.4,41.2,413,CRUZ_02,2,VE_ROTA_VE_CORREDOR_02|VE_ROTA_VE_TRANSVERSAL_02,POLICIA|POLICIA,3|3,26.0|30.9,1|2,1,1,1,,0,0
508,multiplas_emergencias,PREEMPCAO_COMPENSADA,31,1657.3,1663.3,6.0,61,CRUZ_08,2,VE_ROTA_VE_CORREDOR_02|VE_ROTA_VE_TRANSVERSAL_02,POLICIA|POLICIA,3|3,51.5|5.4,2|1,1,0,0,VE_ROTA_VE_TRANSVERSAL_02,0,0
508,multiplas_emergencias,PREEMPCAO_COMPENSADA,31,2125.4,2155.2,29.8,299,CRUZ_02,2,VE_ROTA_VE_CORREDOR_03|VE_ROTA_VE_TRANSVERSAL_03,AMBULANCIA|AMBULANCIA,1|1,57.0|25.7,1|2,1,1,1,,0,0
508,multiplas_emergencias,PREEMPCAO_COMPENSADA,31,2263.7,2264.0,0.3,4,CRUZ_08,2,VE_ROTA_VE_CORREDOR_03|VE_ROTA_VE_TRANSVERSAL_03,AMBULANCIA|AMBULANCIA,1|1,36.1|0.0,2|1,1,0,0,VE_ROTA_VE_TRANSVERSAL_03,0,0
508,multiplas_emergencias,PREEMPCAO_COMPENSADA,31,2728.0,2759.2,31.2,313,CRUZ_02,2,VE_ROTA_VE_CORREDOR_04|VE_ROTA_VE_TRANSVERSAL_04,BOMBEIRO|BOMBEIRO,2|2,29.9|38.2,1|2,1,1,1,,0,0
508,multiplas_emergencias,PREEMPCAO_COMPENSADA,31,2856.2,2874.9,18.7,188,CRUZ_08,2,VE_ROTA_VE_CORREDOR_04|VE_ROTA_VE_TRANSVERSAL_04,BOMBEIRO|BOMBEIRO,2|2,17.4|49.4,2|1,1,1,1,,0,0
508,multiplas_emergencias,PREEMPCAO_COMPENSADA,31,3324.4,3355.2,30.8,309,CRUZ_02,2,VE_ROTA_VE_CORREDOR_05|VE_ROTA_VE_TRANSVERSAL_05,POLICIA|POLICIA,3|3,104.9|25.3,1|2,1,1,1,,0,0
508,multiplas_emergencias,PREEMPCAO_COMPENSADA,31,3439.6,3473.8,34.2,343,CRUZ_08,2,VE_ROTA_VE_CORREDOR_05|VE_ROTA_VE_TRANSVERSAL_05,POLICIA|POLICIA,3|3,21.0|42.7,2|1,1,1,1,,0,0
509,multiplas_emergencias,PREEMPCAO_ML,31,322.5,354.8,32.3,324,CRUZ_02,2,VE_ROTA_VE_CORREDOR_00|VE_ROTA_VE_TRANSVERSAL_00,AMBULANCIA|AMBULANCIA,1|1,44.0|36.9,1|2,1,1,1,,1,1
509,multiplas_emergencias,PREEMPCAO_ML,31,445.4,467.4,22.0,221,CRUZ_08,2,VE_ROTA_VE_CORREDOR_00|VE_ROTA_VE_TRANSVERSAL_00,AMBULANCIA|AMBULANCIA,1|1,20.7|23.1,2|1,1,1,1,,1,0
509,multiplas_emergencias,PREEMPCAO_ML,31,921.9,945.7,23.8,239,CRUZ_02,2,VE_ROTA_VE_CORREDOR_01|VE_ROTA_VE_TRANSVERSAL_01,BOMBEIRO|BOMBEIRO,2|2,23.0|21.6,1|2,1,0,0,VE_ROTA_VE_TRANSVERSAL_01,0,0
509,multiplas_emergencias,PREEMPCAO_ML,31,1050.8,1064.6,13.8,139,CRUZ_08,2,VE_ROTA_VE_CORREDOR_01|VE_ROTA_VE_TRANSVERSAL_01,BOMBEIRO|BOMBEIRO,2|2,53.3|13.1,2|1,1,1,1,,1,1
509,multiplas_emergencias,PREEMPCAO_ML,31,1523.3,1555.6,32.3,324,CRUZ_02,2,VE_ROTA_VE_CORREDOR_02|VE_ROTA_VE_TRANSVERSAL_02,POLICIA|POLICIA,3|3,32.8|30.0,1|2,1,1,1,,1,1
509,multiplas_emergencias,PREEMPCAO_ML,31,1649.4,1661.6,12.2,123,CRUZ_08,2,VE_ROTA_VE_CORREDOR_02|VE_ROTA_VE_TRANSVERSAL_02,POLICIA|POLICIA,3|3,98.1|11.7,2|1,1,0,0,VE_ROTA_VE_TRANSVERSAL_02,0,0
509,multiplas_emergencias,PREEMPCAO_ML,31,2128.1,2163.1,35.0,351,CRUZ_02,2,VE_ROTA_VE_CORREDOR_03|VE_ROTA_VE_TRANSVERSAL_03,AMBULANCIA|AMBULANCIA,1|1,67.9|23.1,1|2,1,1,1,,1,1
509,multiplas_emergencias,PREEMPCAO_ML,31,2262.6,2294.5,31.9,320,CRUZ_08,2,VE_ROTA_VE_CORREDOR_03|VE_ROTA_VE_TRANSVERSAL_03,AMBULANCIA|AMBULANCIA,1|1,29.7|23.0,2|1,1,1,1,,1,1
509,multiplas_emergencias,PREEMPCAO_ML,31,2732.9,2768.4,35.5,356,CRUZ_02,2,VE_ROTA_VE_CORREDOR_04|VE_ROTA_VE_TRANSVERSAL_04,BOMBEIRO|BOMBEIRO,2|2,67.4|33.4,1|2,1,1,1,,1,1
509,multiplas_emergencias,PREEMPCAO_ML,31,2863.4,2910.6,47.2,473,CRUZ_08,2,VE_ROTA_VE_CORREDOR_04|VE_ROTA_VE_TRANSVERSAL_04,BOMBEIRO|BOMBEIRO,2|2,56.8|23.0,2|1,1,1,1,,1,1
509,multiplas_emergencias,PREEMPCAO_ML,31,3322.0,3355.7,33.7,338,CRUZ_02,2,VE_ROTA_VE_CORREDOR_05|VE_ROTA_VE_TRANSVERSAL_05,POLICIA|POLICIA,3|3,23.4|27.0,1|2,1,1,1,,1,1
509,multiplas_emergencias,PREEMPCAO_ML,31,3455.9,3468.3,12.4,125,CRUZ_08,2,VE_ROTA_VE_CORREDOR_05|VE_ROTA_VE_TRANSVERSAL_05,POLICIA|POLICIA,3|3,11.1|107.3,2|1,1,1,1,,1,0
520,multiplas_emergencias,PREEMPCAO,32,324.0,345.0,21.0,211,CRUZ_02,2,VE_ROTA_VE_CORREDOR_00|VE_ROTA_VE_TRANSVERSAL_00,AMBULANCIA|AMBULANCIA,1|1,107.3|19.6,1|2,1,1,1,,0,0
520,multiplas_emergencias,PREEMPCAO,32,925.4,948.2,22.8,229,CRUZ_02,2,VE_ROTA_VE_CORREDOR_01|VE_ROTA_VE_TRANSVERSAL_01,BOMBEIRO|BOMBEIRO,2|2,32.5|19.1,1|2,1,1,1,,0,0
520,multiplas_emergencias,PREEMPCAO,32,1027.1,1066.3,39.2,393,CRUZ_08,2,VE_ROTA_VE_CORREDOR_01|VE_ROTA_VE_TRANSVERSAL_01,BOMBEIRO|BOMBEIRO,2|2,39.2|28.0,2|1,1,1,1,,0,0
520,multiplas_emergencias,PREEMPCAO,32,1522.6,1553.7,31.1,312,CRUZ_02,2,VE_ROTA_VE_CORREDOR_02|VE_ROTA_VE_TRANSVERSAL_02,POLICIA|POLICIA,3|3,29.4|28.2,1|2,1,1,1,,0,0
520,multiplas_emergencias,PREEMPCAO,32,1640.1,1672.8,32.7,328,CRUZ_08,2,VE_ROTA_VE_CORREDOR_02|VE_ROTA_VE_TRANSVERSAL_02,POLICIA|POLICIA,3|3,56.8|43.3,2|1,1,1,1,,0,0
520,multiplas_emergencias,PREEMPCAO,32,2131.4,2151.1,19.7,198,CRUZ_02,2,VE_ROTA_VE_CORREDOR_03|VE_ROTA_VE_TRANSVERSAL_03,AMBULANCIA|AMBULANCIA,1|1,46.6|12.3,1|2,1,0,0,VE_ROTA_VE_TRANSVERSAL_03,0,0
520,multiplas_emergencias,PREEMPCAO,32,2723.9,2761.0,37.1,372,CRUZ_02,2,VE_ROTA_VE_CORREDOR_04|VE_ROTA_VE_TRANSVERSAL_04,BOMBEIRO|BOMBEIRO,2|2,107.1|33.3,1|2,1,1,1,,0,0
520,multiplas_emergencias,PREEMPCAO,32,2846.4,2878.0,31.6,317,CRUZ_08,2,VE_ROTA_VE_CORREDOR_04|VE_ROTA_VE_TRANSVERSAL_04,BOMBEIRO|BOMBEIRO,2|2,56.8|23.0,2|1,1,1,1,,0,0
520,multiplas_emergencias,PREEMPCAO,32,3322.0,3346.6,24.6,247,CRUZ_02,2,VE_ROTA_VE_CORREDOR_05|VE_ROTA_VE_TRANSVERSAL_05,POLICIA|POLICIA,3|3,23.0|21.8,1|2,1,1,1,,0,0
521,multiplas_emergencias,PREEMPCAO_COMPENSADA,32,324.0,345.0,21.0,211,CRUZ_02,2,VE_ROTA_VE_CORREDOR_00|VE_ROTA_VE_TRANSVERSAL_00,AMBULANCIA|AMBULANCIA,1|1,107.3|19.6,1|2,1,1,1,,0,0
521,multiplas_emergencias,PREEMPCAO_COMPENSADA,32,925.4,948.2,22.8,229,CRUZ_02,2,VE_ROTA_VE_CORREDOR_01|VE_ROTA_VE_TRANSVERSAL_01,BOMBEIRO|BOMBEIRO,2|2,32.0|19.0,1|2,1,1,1,,0,0
521,multiplas_emergencias,PREEMPCAO_COMPENSADA,32,1023.7,1061.3,37.6,377,CRUZ_08,2,VE_ROTA_VE_CORREDOR_01|VE_ROTA_VE_TRANSVERSAL_01,BOMBEIRO|BOMBEIRO,2|2,30.0|18.8,2|1,1,1,1,,0,0
521,multiplas_emergencias,PREEMPCAO_COMPENSADA,32,1522.0,1560.7,38.7,388,CRUZ_02,2,VE_ROTA_VE_CORREDOR_02|VE_ROTA_VE_TRANSVERSAL_02,POLICIA|POLICIA,3|3,23.0|28.5,1|2,1,1,1,,0,0
521,multiplas_emergencias,PREEMPCAO_COMPENSADA,32,1649.3,1672.6,23.3,234,CRUZ_08,2,VE_ROTA_VE_CORREDOR_02|VE_ROTA_VE_TRANSVERSAL_02,POLICIA|POLICIA,3|3,36.9|25.5,2|1,1,1,1,,0,0
521,multiplas_emergencias,PREEMPCAO_COMPENSADA,32,2130.7,2152.3,21.6,217,CRUZ_02,2,VE_ROTA_VE_CORREDOR_03|VE_ROTA_VE_TRANSVERSAL_03,AMBULANCIA|AMBULANCIA,1|1,44.1|12.9,1|2,1,0,0,VE_ROTA_VE_TRANSVERSAL_03,0,0
521,multiplas_emergencias,PREEMPCAO_COMPENSADA,32,2246.9,2270.0,23.1,232,CRUZ_08,2,VE_ROTA_VE_CORREDOR_03|VE_ROTA_VE_TRANSVERSAL_03,AMBULANCIA|AMBULANCIA,1|1,40.0|20.5,2|1,1,1,1,,0,0
521,multiplas_emergencias,PREEMPCAO_COMPENSADA,32,2721.9,2780.9,59.0,591,CRUZ_02,2,VE_ROTA_VE_CORREDOR_04|VE_ROTA_VE_TRANSVERSAL_04,BOMBEIRO|BOMBEIRO,2|2,23.0|35.2,1|2,1,1,1,,0,0
521,multiplas_emergencias,PREEMPCAO_COMPENSADA,32,2879.1,2903.2,24.1,242,CRUZ_08,2,VE_ROTA_VE_CORREDOR_04|VE_ROTA_VE_TRANSVERSAL_04,BOMBEIRO|BOMBEIRO,2|2,22.9|29.1,2|1,1,1,1,,0,0
521,multiplas_emergencias,PREEMPCAO_COMPENSADA,32,3327.0,3363.2,36.2,363,CRUZ_02,2,VE_ROTA_VE_CORREDOR_05|VE_ROTA_VE_TRANSVERSAL_05,POLICIA|POLICIA,3|3,125.0|23.2,1|2,1,1,1,,0,0
522,multiplas_emergencias,PREEMPCAO_ML,32,324.0,368.9,44.9,450,CRUZ_02,2,VE_ROTA_VE_CORREDOR_00|VE_ROTA_VE_TRANSVERSAL_00,AMBULANCIA|AMBULANCIA,1|1,107.3|19.6,1|2,1,1,1,,1,1
522,multiplas_emergencias,PREEMPCAO_ML,32,473.5,479.3,5.8,59,CRUZ_08,2,VE_ROTA_VE_CORREDOR_00|VE_ROTA_VE_TRANSVERSAL_00,AMBULANCIA|AMBULANCIA,1|1,102.4|7.3,2|1,1,0,0,VE_ROTA_VE_TRANSVERSAL_00,0,0
522,multiplas_emergencias,PREEMPCAO_ML,32,925.4,948.2,22.8,229,CRUZ_02,2,VE_ROTA_VE_CORREDOR_01|VE_ROTA_VE_TRANSVERSAL_01,BOMBEIRO|BOMBEIRO,2|2,32.0|19.1,1|2,1,0,0,VE_ROTA_VE_TRANSVERSAL_01,0,0
522,multiplas_emergencias,PREEMPCAO_ML,32,1027.6,1064.5,36.9,370,CRUZ_08,2,VE_ROTA_VE_CORREDOR_01|VE_ROTA_VE_TRANSVERSAL_01,BOMBEIRO|BOMBEIRO,2|2,42.2|29.1,2|1,1,1,1,,1,1
522,multiplas_emergencias,PREEMPCAO_ML,32,1522.5,1554.0,31.5,316,CRUZ_02,2,VE_ROTA_VE_CORREDOR_02|VE_ROTA_VE_TRANSVERSAL_02,POLICIA|POLICIA,3|3,26.5|28.2,1|2,1,1,1,,1,1
522,multiplas_emergencias,PREEMPCAO_ML,32,1645.5,1671.9,26.4,265,CRUZ_08,2,VE_ROTA_VE_CORREDOR_02|VE_ROTA_VE_TRANSVERSAL_02,POLICIA|POLICIA,3|3,18.3|31.5,2|1,1,1,1,,1,0
522,multiplas_emergencias,PREEMPCAO_ML,32,2131.4,2146.8,15.4,155,CRUZ_02,2,VE_ROTA_VE_CORREDOR_03|VE_ROTA_VE_TRANSVERSAL_03,AMBULANCIA|AMBULANCIA,1|1,46.0|12.2,1|2,1,1,1,,1,1
522,multiplas_emergencias,PREEMPCAO_ML,32,2723.9,2767.1,43.2,433,CRUZ_02,2,VE_ROTA_VE_CORREDOR_04|VE_ROTA_VE_TRANSVERSAL_04,BOMBEIRO|BOMBEIRO,2|2,107.1|33.0,1|2,1,1,1,,1,1
522,multiplas_emergencias,PREEMPCAO_ML,32,3322.0,3356.3,34.3,344,CRUZ_02,2,VE_ROTA_VE_CORREDOR_05|VE_ROTA_VE_TRANSVERSAL_05,POLICIA|POLICIA,3|3,23.0|21.7,1|2,1,1,1,,1,1
533,multiplas_emergencias,PREEMPCAO,33,334.9,370.0,35.1,352,CRUZ_02,2,VE_ROTA_VE_CORREDOR_00|VE_ROTA_VE_TRANSVERSAL_00,AMBULANCIA|AMBULANCIA,1|1,45.5|20.2,1|2,1,1,1,,0,0
533,multiplas_emergencias,PREEMPCAO,33,921.9,959.7,37.8,379,CRUZ_02,2,VE_ROTA_VE_CORREDOR_01|VE_ROTA_VE_TRANSVERSAL_01,BOMBEIRO|BOMBEIRO,2|2,23.0|32.0,1|2,1,1,1,,0,0
533,multiplas_emergencias,PREEMPCAO,33,1523.0,1545.1,22.1,222,CRUZ_02,2,VE_ROTA_VE_CORREDOR_02|VE_ROTA_VE_TRANSVERSAL_02,POLICIA|POLICIA,3|3,34.3|20.7,1|2,1,1,1,,0,0
533,multiplas_emergencias,PREEMPCAO,33,2123.4,2156.8,33.4,335,CRUZ_02,2,VE_ROTA_VE_CORREDOR_03|VE_ROTA_VE_TRANSVERSAL_03,AMBULANCIA|AMBULANCIA,1|1,50.8|20.2,1|2,1,1,1,,0,0
533,multiplas_emergencias,PREEMPCAO,33,2730.4,2753.0,22.6,227,CRUZ_02,2,VE_ROTA_VE_CORREDOR_04|VE_ROTA_VE_TRANSVERSAL_04,BOMBEIRO|BOMBEIRO,2|2,125.0|20.6,1|2,1,1,1,,0,0
533,multiplas_emergencias,PREEMPCAO,33,2835.7,2854.9,19.2,193,CRUZ_08,2,VE_ROTA_VE_CORREDOR_04|VE_ROTA_VE_TRANSVERSAL_04,BOMBEIRO|BOMBEIRO,2|2,50.0|18.6,2|1,1,1,1,,0,0
533,multiplas_emergencias,PREEMPCAO,33,3322.0,3346.3,24.3,244,CRUZ_02,2,VE_ROTA_VE_CORREDOR_05|VE_ROTA_VE_TRANSVERSAL_05,POLICIA|POLICIA,3|3,23.0|24.6,1|2,1,1,1,,0,0
534,multiplas_emergencias,PREEMPCAO_COMPENSADA,33,334.9,370.0,35.1,352,CRUZ_02,2,VE_ROTA_VE_CORREDOR_00|VE_ROTA_VE_TRANSVERSAL_00,AMBULANCIA|AMBULANCIA,1|1,45.5|20.2,1|2,1,1,1,,0,0
534,multiplas_emergencias,PREEMPCAO_COMPENSADA,33,922.9,964.6,41.7,418,CRUZ_02,2,VE_ROTA_VE_CORREDOR_01|VE_ROTA_VE_TRANSVERSAL_01,BOMBEIRO|BOMBEIRO,2|2,35.3|32.0,1|2,1,1,1,,0,0
534,multiplas_emergencias,PREEMPCAO_COMPENSADA,33,1062.7,1077.0,14.3,144,CRUZ_08,2,VE_ROTA_VE_CORREDOR_01|VE_ROTA_VE_TRANSVERSAL_01,BOMBEIRO|BOMBEIRO,2|2,48.6|11.9,2|1,1,0,0,VE_ROTA_VE_TRANSVERSAL_01,0,0
534,multiplas_emergencias,PREEMPCAO_COMPENSADA,33,1522.0,1545.8,23.8,239,CRUZ_02,2,VE_ROTA_VE_CORREDOR_02|VE_ROTA_VE_TRANSVERSAL_02,POLICIA|POLICIA,3|3,23.0|21.7,1|2,1,1,1,,0,0
534,multiplas_emergencias,PREEMPCAO_COMPENSADA,33,1643.8,1669.0,25.2,253,CRUZ_08,2,VE_ROTA_VE_CORREDOR_02|VE_ROTA_VE_TRANSVERSAL_02,POLICIA|POLICIA,3|3,51.4|18.0,2|1,1,1,1,,0,0
534,multiplas_emergencias,PREEMPCAO_COMPENSADA,33,2122.5,2150.4,27.9,280,CRUZ_02,2,VE_ROTA_VE_CORREDOR_03|VE_ROTA_VE_TRANSVERSAL_03,AMBULANCIA|AMBULANCIA,1|1,31.5|21.1,1|2,1,1,1,,0,0
534,multiplas_emergencias,PREEMPCAO_COMPENSADA,33,2237.2,2260.1,22.9,230,CRUZ_08,2,VE_ROTA_VE_CORREDOR_03|VE_ROTA_VE_TRANSVERSAL_03,AMBULANCIA|AMBULANCIA,1|1,40.2|18.4,2|1,1,1,1,,0,0
534,multiplas_emergencias,PREEMPCAO_COMPENSADA,33,2725.6,2760.9,35.3,354,CRUZ_02,2,VE_ROTA_VE_CORREDOR_04|VE_ROTA_VE_TRANSVERSAL_04,BOMBEIRO|BOMBEIRO,2|2,29.9|24.9,1|2,1,1,1,,0,0
534,multiplas_emergencias,PREEMPCAO_COMPENSADA,33,2854.4,2884.5,30.1,302,CRUZ_08,2,VE_ROTA_VE_CORREDOR_04|VE_ROTA_VE_TRANSVERSAL_04,BOMBEIRO|BOMBEIRO,2|2,25.3|23.0,2|1,1,1,1,,0,0
534,multiplas_emergencias,PREEMPCAO_COMPENSADA,33,3324.0,3365.3,41.3,414,CRUZ_02,2,VE_ROTA_VE_CORREDOR_05|VE_ROTA_VE_TRANSVERSAL_05,POLICIA|POLICIA,3|3,96.2|25.2,1|2,1,1,1,,0,0
534,multiplas_emergencias,PREEMPCAO_COMPENSADA,33,3457.3,3488.3,31.0,311,CRUZ_08,2,VE_ROTA_VE_CORREDOR_05|VE_ROTA_VE_TRANSVERSAL_05,POLICIA|POLICIA,3|3,11.4|23.0,2|1,1,0,0,VE_ROTA_VE_CORREDOR_05,0,0
535,multiplas_emergencias,PREEMPCAO_ML,33,334.9,384.6,49.7,498,CRUZ_02,2,VE_ROTA_VE_CORREDOR_00|VE_ROTA_VE_TRANSVERSAL_00,AMBULANCIA|AMBULANCIA,1|1,45.5|20.2,1|2,1,1,1,,1,1
535,multiplas_emergencias,PREEMPCAO_ML,33,506.5,519.2,12.7,128,CRUZ_08,2,VE_ROTA_VE_CORREDOR_00|VE_ROTA_VE_TRANSVERSAL_00,AMBULANCIA|AMBULANCIA,1|1,53.8|11.7,2|1,1,1,1,,1,1
535,multiplas_emergencias,PREEMPCAO_ML,33,921.9,954.3,32.4,325,CRUZ_02,2,VE_ROTA_VE_CORREDOR_01|VE_ROTA_VE_TRANSVERSAL_01,BOMBEIRO|BOMBEIRO,2|2,23.0|31.9,1|2,1,1,1,,1,0
535,multiplas_emergencias,PREEMPCAO_ML,33,1076.2,1089.2,13.0,131,CRUZ_08,2,VE_ROTA_VE_CORREDOR_01|VE_ROTA_VE_TRANSVERSAL_01,BOMBEIRO|BOMBEIRO,2|2,11.7|42.7,2|1,1,0,0,VE_ROTA_VE_CORREDOR_01,0,0
535,multiplas_emergencias,PREEMPCAO_ML,33,1522.9,1545.1,22.2,223,CRUZ_02,2,VE_ROTA_VE_CORREDOR_02|VE_ROTA_VE_TRANSVERSAL_02,POLICIA|POLICIA,3|3,33.0|20.8,1|2,1,1,1,,1,1
535,multiplas_emergencias,PREEMPCAO_ML,33,1624.9,1658.2,33.3,334,CRUZ_08,2,VE_ROTA_VE_CORREDOR_02|VE_ROTA_VE_TRANSVERSAL_02,POLICIA|POLICIA,3|3,35.4|23.0,2|1,1,1,1,,1,1
535,multiplas_emergencias,PREEMPCAO_ML,33,2123.4,2167.0,43.6,437,CRUZ_02,2,VE_ROTA_VE_CORREDOR_03|VE_ROTA_VE_TRANSVERSAL_03,AMBULANCIA|AMBULANCIA,1|1,51.2|20.3,1|2,1,1,1,,1,1
535,multiplas_emergencias,PREEMPCAO_ML,33,2259.6,2276.5,16.9,170,CRUZ_08,2,VE_ROTA_VE_CORREDOR_03|VE_ROTA_VE_TRANSVERSAL_03,AMBULANCIA|AMBULANCIA,1|1,13.4|23.0,2|1,1,0,0,VE_ROTA_VE_CORREDOR_03,0,0
535,multiplas_emergencias,PREEMPCAO_ML,33,2730.4,2762.5,32.1,322,CRUZ_02,2,VE_ROTA_VE_CORREDOR_04|VE_ROTA_VE_TRANSVERSAL_04,BOMBEIRO|BOMBEIRO,2|2,125.0|20.6,1|2,1,1,1,,1,1
535,multiplas_emergencias,PREEMPCAO_ML,33,2844.1,2856.3,12.2,123,CRUZ_08,2,VE_ROTA_VE_CORREDOR_04|VE_ROTA_VE_TRANSVERSAL_04,BOMBEIRO|BOMBEIRO,2|2,30.3|11.6,2|1,1,0,0,VE_ROTA_VE_TRANSVERSAL_04,0,0
535,multiplas_emergencias,PREEMPCAO_ML,33,3322.0,3346.3,24.3,244,CRUZ_02,2,VE_ROTA_VE_CORREDOR_05|VE_ROTA_VE_TRANSVERSAL_05,POLICIA|POLICIA,3|3,23.1|24.6,1|2,1,1,1,,1,0
546,multiplas_emergencias,PREEMPCAO,34,338.9,345.0,6.1,62,CRUZ_02,2,VE_ROTA_VE_CORREDOR_00|VE_ROTA_VE_TRANSVERSAL_00,AMBULANCIA|AMBULANCIA,1|1,60.4|4.7,1|2,1,0,0,VE_ROTA_VE_TRANSVERSAL_00,0,0
546,multiplas_emergencias,PREEMPCAO,34,925.7,952.5,26.8,269,CRUZ_02,2,VE_ROTA_VE_CORREDOR_01|VE_ROTA_VE_TRANSVERSAL_01,BOMBEIRO|BOMBEIRO,2|2,33.5|17.8,1|2,1,1,1,,0,0
546,multiplas_emergencias,PREEMPCAO,34,1024.4,1054.3,29.9,300,CRUZ_08,2,VE_ROTA_VE_CORREDOR_01|VE_ROTA_VE_TRANSVERSAL_01,BOMBEIRO|BOMBEIRO,2|2,53.0|22.8,2|1,1,1,1,,0,0
546,multiplas_emergencias,PREEMPCAO,34,1523.1,1555.6,32.5,326,CRUZ_02,2,VE_ROTA_VE_CORREDOR_02|VE_ROTA_VE_TRANSVERSAL_02,POLICIA|POLICIA,3|3,34.6|29.1,1|2,1,1,1,,0,0
546,multiplas_emergencias,PREEMPCAO,34,1666.9,1674.6,7.7,78,CRUZ_08,2,VE_ROTA_VE_CORREDOR_02|VE_ROTA_VE_TRANSVERSAL_02,POLICIA|POLICIA,3|3,59.7|6.8,2|1,1,0,0,VE_ROTA_VE_TRANSVERSAL_02,0,0
546,multiplas_emergencias,PREEMPCAO,34,2124.6,2164.5,39.9,400,CRUZ_02,2,VE_ROTA_VE_CORREDOR_03|VE_ROTA_VE_TRANSVERSAL_03,AMBULANCIA|AMBULANCIA,1|1,63.4|20.3,1|2,1,1,1,,0,0
546,multiplas_emergencias,PREEMPCAO,34,2258.4,2265.6,7.2,73,CRUZ_08,2,VE_ROTA_VE_CORREDOR_03|VE_ROTA_VE_TRANSVERSAL_03,AMBULANCIA|AMBULANCIA,1|1,6.0|23.3,2|1,1,0,0,VE_ROTA_VE_CORREDOR_03,0,0
546,multiplas_emergencias,PREEMPCAO,34,2731.2,2757.8,26.6,267,CRUZ_02,2,VE_ROTA_VE_CORREDOR_04|VE_ROTA_VE_TRANSVERSAL_04,BOMBEIRO|BOMBEIRO,2|2,77.1|24.5,1|2,1,0,0,VE_ROTA_VE_TRANSVERSAL_04,0,0
546,multiplas_emergencias,PREEMPCAO,34,2846.3,2870.6,24.3,244,CRUZ_08,2,VE_ROTA_VE_CORREDOR_04|VE_ROTA_VE_TRANSVERSAL_04,BOMBEIRO|BOMBEIRO,2|2,56.8|23.0,2|1,1,1,1,,0,0
546,multiplas_emergencias,PREEMPCAO,34,3322.0,3346.6,24.6,247,CRUZ_02,2,VE_ROTA_VE_CORREDOR_05|VE_ROTA_VE_TRANSVERSAL_05,POLICIA|POLICIA,3|3,24.0|30.3,1|2,1,1,1,,0,0
546,multiplas_emergencias,PREEMPCAO,34,3430.5,3444.4,13.9,140,CRUZ_08,2,VE_ROTA_VE_CORREDOR_05|VE_ROTA_VE_TRANSVERSAL_05,POLICIA|POLICIA,3|3,12.6|42.6,2|1,1,0,0,VE_ROTA_VE_CORREDOR_05,0,0
547,multiplas_emergencias,PREEMPCAO_COMPENSADA,34,338.9,345.0,6.1,62,CRUZ_02,2,VE_ROTA_VE_CORREDOR_00|VE_ROTA_VE_TRANSVERSAL_00,AMBULANCIA|AMBULANCIA,1|1,60.4|4.7,1|2,1,0,0,VE_ROTA_VE_TRANSVERSAL_00,0,0
547,multiplas_emergencias,PREEMPCAO_COMPENSADA,34,926.2,952.3,26.1,262,CRUZ_02,2,VE_ROTA_VE_CORREDOR_01|VE_ROTA_VE_TRANSVERSAL_01,BOMBEIRO|BOMBEIRO,2|2,40.8|17.3,1|2,1,1,1,,0,0
547,multiplas_emergencias,PREEMPCAO_COMPENSADA,34,1050.6,1057.4,6.8,69,CRUZ_08,2,VE_ROTA_VE_CORREDOR_01|VE_ROTA_VE_TRANSVERSAL_01,BOMBEIRO|BOMBEIRO,2|2,124.3|9.6,2|1,1,0,0,VE_ROTA_VE_TRANSVERSAL_01,0,0
547,multiplas_emergencias,PREEMPCAO_COMPENSADA,34,1522.0,1561.7,39.7,398,CRUZ_02,2,VE_ROTA_VE_CORREDOR_02|VE_ROTA_VE_TRANSVERSAL_02,POLICIA|POLICIA,3|3,23.0|29.5,1|2,1,1,1,,0,0
547,multiplas_emergencias,PREEMPCAO_COMPENSADA,34,1655.7,1688.2,32.5,326,CRUZ_08,2,VE_ROTA_VE_CORREDOR_02|VE_ROTA_VE_TRANSVERSAL_02,POLICIA|POLICIA,3|3,56.7|23.1,2|1,1,1,1,,0,0
547,multiplas_emergencias,PREEMPCAO_COMPENSADA,34,2124.4,2157.9,33.5,336,CRUZ_02,2,VE_ROTA_VE_CORREDOR_03|VE_ROTA_VE_TRANSVERSAL_03,AMBULANCIA|AMBULANCIA,1|1,58.1|20.5,1|2,1,1,1,,0,0
547,multiplas_emergencias,PREEMPCAO_COMPENSADA,34,2240.9,2264.9,24.0,241,CRUZ_08,2,VE_ROTA_VE_CORREDOR_03|VE_ROTA_VE_TRANSVERSAL_03,AMBULANCIA|AMBULANCIA,1|1,20.9|23.0,2|1,1,1,1,,0,0
547,multiplas_emergencias,PREEMPCAO_COMPENSADA,34,2728.6,2784.9,56.3,564,CRUZ_02,2,VE_ROTA_VE_CORREDOR_04|VE_ROTA_VE_TRANSVERSAL_04,BOMBEIRO|BOMBEIRO,2|2,23.0|27.2,1|2,1,1,1,,0,0
547,multiplas_emergencias,PREEMPCAO_COMPENSADA,34,2893.9,2903.3,9.4,95,CRUZ_08,2,VE_ROTA_VE_CORREDOR_04|VE_ROTA_VE_TRANSVERSAL_04,BOMBEIRO|BOMBEIRO,2|2,7.1|23.0,2|1,1,0,0,VE_ROTA_VE_CORREDOR_04,0,0
547,multiplas_emergencias,PREEMPCAO_COMPENSADA,34,3324.0,3354.0,30.0,301,CRUZ_02,2,VE_ROTA_VE_CORREDOR_05|VE_ROTA_VE_TRANSVERSAL_05,POLICIA|POLICIA,3|3,106.1|28.3,1|2,1,1,1,,0,0
547,multiplas_emergencias,PREEMPCAO_COMPENSADA,34,3429.8,3475.6,45.8,459,CRUZ_08,2,VE_ROTA_VE_CORREDOR_05|VE_ROTA_VE_TRANSVERSAL_05,POLICIA|POLICIA,3|3,36.3|23.7,2|1,1,1,1,,0,0
548,multiplas_emergencias,PREEMPCAO_ML,34,338.9,345.0,6.1,62,CRUZ_02,2,VE_ROTA_VE_CORREDOR_00|VE_ROTA_VE_TRANSVERSAL_00,AMBULANCIA|AMBULANCIA,1|1,60.4|4.7,1|2,1,0,0,VE_ROTA_VE_TRANSVERSAL_00,0,0
548,multiplas_emergencias,PREEMPCAO_ML,34,925.7,961.4,35.7,358,CRUZ_02,2,VE_ROTA_VE_CORREDOR_01|VE_ROTA_VE_TRANSVERSAL_01,BOMBEIRO|BOMBEIRO,2|2,33.5|17.8,1|2,1,1,1,,1,1
548,multiplas_emergencias,PREEMPCAO_ML,34,1032.3,1063.7,31.4,315,CRUZ_08,2,VE_ROTA_VE_CORREDOR_01|VE_ROTA_VE_TRANSVERSAL_01,BOMBEIRO|BOMBEIRO,2|2,25.0|23.0,2|1,1,1,1,,1,1
548,multiplas_emergencias,PREEMPCAO_ML,34,1523.1,1558.6,35.5,356,CRUZ_02,2,VE_ROTA_VE_CORREDOR_02|VE_ROTA_VE_TRANSVERSAL_02,POLICIA|POLICIA,3|3,34.6|29.1,1|2,1,1,1,,1,1
548,multiplas_emergencias,PREEMPCAO_ML,34,1661.0,1699.0,38.0,381,CRUZ_08,2,VE_ROTA_VE_CORREDOR_02|VE_ROTA_VE_TRANSVERSAL_02,POLICIA|POLICIA,3|3,52.9|46.2,2|1,1,1,1,,1,1
548,multiplas_emergencias,PREEMPCAO_ML,34,2124.6,2158.9,34.3,344,CRUZ_02,2,VE_ROTA_VE_CORREDOR_03|VE_ROTA_VE_TRANSVERSAL_03,AMBULANCIA|AMBULANCIA,1|1,61.9|20.3,1|2,1,1,1,,1,1
548,multiplas_emergencias,PREEMPCAO_ML,34,2261.3,2267.6,6.3,64,CRUZ_08,2,VE_ROTA_VE_CORREDOR_03|VE_ROTA_VE_TRANSVERSAL_03,AMBULANCIA|AMBULANCIA,1|1,5.0|42.0,2|1,1,0,0,VE_ROTA_VE_CORREDOR_03,0,0
548,multiplas_emergencias,PREEMPCAO_ML,34,2731.3,2769.3,38.0,381,CRUZ_02,2,VE_ROTA_VE_CORREDOR_04|VE_ROTA_VE_TRANSVERSAL_04,BOMBEIRO|BOMBEIRO,2|2,76.6|24.4,1|2,1,1,1,,1,1
548,multiplas_emergencias,PREEMPCAO_ML,34,2875.5,2893.7,18.2,183,CRUZ_08,2,VE_ROTA_VE_CORREDOR_04|VE_ROTA_VE_TRANSVERSAL_04,BOMBEIRO|BOMBEIRO,2|2,11.3|23.0,2|1,1,0,0,VE_ROTA_VE_CORREDOR_04,0,0
548,multiplas_emergencias,PREEMPCAO_ML,34,3322.0,3351.7,29.7,298,CRUZ_02,2,VE_ROTA_VE_CORREDOR_05|VE_ROTA_VE_TRANSVERSAL_05,POLICIA|POLICIA,3|3,24.0|30.3,1|2,1,1,1,,1,0
548,multiplas_emergencias,PREEMPCAO_ML,34,3430.9,3444.6,13.7,138,CRUZ_08,2,VE_ROTA_VE_CORREDOR_05|VE_ROTA_VE_TRANSVERSAL_05,POLICIA|POLICIA,3|3,12.4|24.5,2|1,1,0,0,VE_ROTA_VE_CORREDOR_05,0,0
559,multiplas_emergencias,PREEMPCAO,35,324.2,345.0,20.8,209,CRUZ_02,2,VE_ROTA_VE_CORREDOR_00|VE_ROTA_VE_TRANSVERSAL_00,AMBULANCIA|AMBULANCIA,1|1,107.2|19.4,1|2,1,1,1,,0,0
559,multiplas_emergencias,PREEMPCAO,35,453.3,459.3,6.0,61,CRUZ_08,2,VE_ROTA_VE_CORREDOR_00|VE_ROTA_VE_TRANSVERSAL_00,AMBULANCIA|AMBULANCIA,1|1,36.3|4.9,2|1,1,0,0,VE_ROTA_VE_TRANSVERSAL_00,0,0
559,multiplas_emergencias,PREEMPCAO,35,922.3,949.5,27.2,273,CRUZ_02,2,VE_ROTA_VE_CORREDOR_01|VE_ROTA_VE_TRANSVERSAL_01,BOMBEIRO|BOMBEIRO,2|2,27.0|21.2,1|2,1,1,1,,0,0
559,multiplas_emergencias,PREEMPCAO,35,1053.7,1057.1,3.4,35,CRUZ_08,2,VE_ROTA_VE_CORREDOR_01|VE_ROTA_VE_TRANSVERSAL_01,BOMBEIRO|BOMBEIRO,2|2,58.6|2.0,2|1,1,0,0,VE_ROTA_VE_TRANSVERSAL_01,0,0
559,multiplas_emergencias,PREEMPCAO,35,1522.2,1554.9,32.7,328,CRUZ_02,2,VE_ROTA_VE_CORREDOR_02|VE_ROTA_VE_TRANSVERSAL_02,POLICIA|POLICIA,3|3,26.6|21.5,1|2,1,1,1,,0,0
559,multiplas_emergencias,PREEMPCAO,35,1636.3,1674.0,37.7,378,CRUZ_08,2,VE_ROTA_VE_CORREDOR_02|VE_ROTA_VE_TRANSVERSAL_02,POLICIA|POLICIA,3|3,39.9|40.6,2|1,1,1,1,,0,0
559,multiplas_emergencias,PREEMPCAO,35,2124.7,2147.3,22.6,227,CRUZ_02,2,VE_ROTA_VE_CORREDOR_03|VE_ROTA_VE_TRANSVERSAL_03,AMBULANCIA|AMBULANCIA,1|1,64.5|19.0,1|2,1,1,1,,0,0
559,multiplas_emergencias,PREEMPCAO,35,2225.4,2253.8,28.4,285,CRUZ_08,2,VE_ROTA_VE_CORREDOR_03|VE_ROTA_VE_TRANSVERSAL_03,AMBULANCIA|AMBULANCIA,1|1,49.3|20.3,2|1,1,1,1,,0,0
559,multiplas_emergencias,PREEMPCAO,35,2722.4,2754.8,32.4,325,CRUZ_02,2,VE_ROTA_VE_CORREDOR_04|VE_ROTA_VE_TRANSVERSAL_04,BOMBEIRO|BOMBEIRO,2|2,43.9|30.4,1|2,1,1,1,,0,0
559,multiplas_emergencias,PREEMPCAO,35,2832.2,2856.9,24.7,248,CRUZ_08,2,VE_ROTA_VE_CORREDOR_04|VE_ROTA_VE_TRANSVERSAL_04,BOMBEIRO|BOMBEIRO,2|2,23.4|23.0,2|1,1,1,1,,0,0
559,multiplas_emergencias,PREEMPCAO,35,3322.0,3350.3,28.3,284,CRUZ_02,2,VE_ROTA_VE_CORREDOR_05|VE_ROTA_VE_TRANSVERSAL_05,POLICIA|POLICIA,3|3,23.0|21.7,1|2,1,1,1,,0,0
559,multiplas_emergencias,PREEMPCAO,35,3445.1,3456.7,11.6,117,CRUZ_08,2,VE_ROTA_VE_CORREDOR_05|VE_ROTA_VE_TRANSVERSAL_05,POLICIA|POLICIA,3|3,9.4|34.3,2|1,1,0,0,VE_ROTA_VE_CORREDOR_05,0,0
560,multiplas_emergencias,PREEMPCAO_COMPENSADA,35,324.2,345.0,20.8,209,CRUZ_02,2,VE_ROTA_VE_CORREDOR_00|VE_ROTA_VE_TRANSVERSAL_00,AMBULANCIA|AMBULANCIA,1|1,107.2|19.4,1|2,1,1,1,,0,0
560,multiplas_emergencias,PREEMPCAO_COMPENSADA,35,453.3,459.1,5.8,59,CRUZ_08,2,VE_ROTA_VE_CORREDOR_00|VE_ROTA_VE_TRANSVERSAL_00,AMBULANCIA|AMBULANCIA,1|1,36.4|4.8,2|1,1,0,0,VE_ROTA_VE_TRANSVERSAL_00,0,0
560,multiplas_emergencias,PREEMPCAO_COMPENSADA,35,924.3,947.3,23.0,231,CRUZ_02,2,VE_ROTA_VE_CORREDOR_01|VE_ROTA_VE_TRANSVERSAL_01,BOMBEIRO|BOMBEIRO,2|2,40.9|19.2,1|2,1,1,1,,0,0
560,multiplas_emergencias,PREEMPCAO_COMPENSADA,35,1522.9,1552.1,29.2,293,CRUZ_02,2,VE_ROTA_VE_CORREDOR_02|VE_ROTA_VE_TRANSVERSAL_02,POLICIA|POLICIA,3|3,32.2|20.8,1|2,1,1,1,,0,0
560,multiplas_emergencias,PREEMPCAO_COMPENSADA,35,2122.2,2145.0,22.8,229,CRUZ_02,2,VE_ROTA_VE_CORREDOR_03|VE_ROTA_VE_TRANSVERSAL_03,AMBULANCIA|AMBULANCIA,1|1,23.1|21.4,1|2,1,1,1,,0,0
560,multiplas_emergencias,PREEMPCAO_COMPENSADA,35,2241.0,2281.0,40.0,401,CRUZ_08,2,VE_ROTA_VE_CORREDOR_03|VE_ROTA_VE_TRANSVERSAL_03,AMBULANCIA|AMBULANCIA,1|1,54.2|22.7,2|1,1,1,1,,0,0
560,multiplas_emergencias,PREEMPCAO_COMPENSADA,35,2722.0,2762.3,40.3,404,CRUZ_02,2,VE_ROTA_VE_CORREDOR_04|VE_ROTA_VE_TRANSVERSAL_04,BOMBEIRO|BOMBEIRO,2|2,25.9|30.6,1|2,1,1,1,,0,0
560,multiplas_emergencias,PREEMPCAO_COMPENSADA,35,2831.1,2859.8,28.7,288,CRUZ_08,2,VE_ROTA_VE_CORREDOR_04|VE_ROTA_VE_TRANSVERSAL_04,BOMBEIRO|BOMBEIRO,2|2,49.6|23.1,2|1,1,1,1,,0,0
560,multiplas_emergencias,PREEMPCAO_COMPENSADA,35,3322.0,3352.9,30.9,310,CRUZ_02,2,VE_ROTA_VE_CORREDOR_05|VE_ROTA_VE_TRANSVERSAL_05,POLICIA|POLICIA,3|3,23.0|21.7,1|2,1,1,1,,0,0
560,multiplas_emergencias,PREEMPCAO_COMPENSADA,35,3452.0,3455.4,3.4,35,CRUZ_08,2,VE_ROTA_VE_CORREDOR_05|VE_ROTA_VE_TRANSVERSAL_05,POLICIA|POLICIA,3|3,47.4|2.7,2|1,1,0,0,VE_ROTA_VE_TRANSVERSAL_05,0,0
561,multiplas_emergencias,PREEMPCAO_ML,35,324.2,345.0,20.8,209,CRUZ_02,2,VE_ROTA_VE_CORREDOR_00|VE_ROTA_VE_TRANSVERSAL_00,AMBULANCIA|AMBULANCIA,1|1,107.2|19.4,1|2,1,1,1,,1,1
561,multiplas_emergencias,PREEMPCAO_ML,35,451.0,459.3,8.3,84,CRUZ_08,2,VE_ROTA_VE_CORREDOR_00|VE_ROTA_VE_TRANSVERSAL_00,AMBULANCIA|AMBULANCIA,1|1,45.0|7.2,2|1,1,0,0,VE_ROTA_VE_TRANSVERSAL_00,0,0
561,multiplas_emergencias,PREEMPCAO_ML,35,922.3,957.7,35.4,355,CRUZ_02,2,VE_ROTA_VE_CORREDOR_01|VE_ROTA_VE_TRANSVERSAL_01,BOMBEIRO|BOMBEIRO,2|2,29.3|21.2,1|2,1,1,1,,1,1
561,multiplas_emergencias,PREEMPCAO_ML,35,1051.3,1058.5,7.2,73,CRUZ_08,2,VE_ROTA_VE_CORREDOR_01|VE_ROTA_VE_TRANSVERSAL_01,BOMBEIRO|BOMBEIRO,2|2,68.0|6.3,2|1,1,0,0,VE_ROTA_VE_TRANSVERSAL_01,0,0
561,multiplas_emergencias,PREEMPCAO_ML,35,1522.2,1556.8,34.6,347,CRUZ_02,2,VE_ROTA_VE_CORREDOR_02|VE_ROTA_VE_TRANSVERSAL_02,POLICIA|POLICIA,3|3,26.7|21.5,1|2,1,1,1,,1,1
561,multiplas_emergencias,PREEMPCAO_ML,35,1651.9,1672.9,21.0,211,CRUZ_08,2,VE_ROTA_VE_CORREDOR_02|VE_ROTA_VE_TRANSVERSAL_02,POLICIA|POLICIA,3|3,19.6|23.1,2|1,1,1,1,,1,0
561,multiplas_emergencias,PREEMPCAO_ML,35,2124.7,2145.0,20.3,204,CRUZ_02,2,VE_ROTA_VE_CORREDOR_03|VE_ROTA_VE_TRANSVERSAL_03,AMBULANCIA|AMBULANCIA,1|1,64.1|18.9,1|2,1,1,1,,1,1
561,multiplas_emergencias,PREEMPCAO_ML,35,2225.0,2273.3,48.3,484,CRUZ_08,2,VE_ROTA_VE_CORREDOR_03|VE_ROTA_VE_TRANSVERSAL_03,AMBULANCIA|AMBULANCIA,1|1,33.0|121.7,2|1,1,1,1,,1,1
561,multiplas_emergencias,PREEMPCAO_ML,35,2722.4,2754.8,32.4,325,CRUZ_02,2,VE_ROTA_VE_CORREDOR_04|VE_ROTA_VE_TRANSVERSAL_04,BOMBEIRO|BOMBEIRO,2|2,43.9|30.3,1|2,1,1,1,,1,1
561,multiplas_emergencias,PREEMPCAO_ML,35,2832.2,2852.9,20.7,208,CRUZ_08,2,VE_ROTA_VE_CORREDOR_04|VE_ROTA_VE_TRANSVERSAL_04,BOMBEIRO|BOMBEIRO,2|2,13.2|23.0,2|1,1,1,1,,1,0
561,multiplas_emergencias,PREEMPCAO_ML,35,3322.0,3350.3,28.3,284,CRUZ_02,2,VE_ROTA_VE_CORREDOR_05|VE_ROTA_VE_TRANSVERSAL_05,POLICIA|POLICIA,3|3,23.0|21.7,1|2,1,1,1,,1,1
561,multiplas_emergencias,PREEMPCAO_ML,35,3445.2,3462.9,17.7,178,CRUZ_08,2,VE_ROTA_VE_CORREDOR_05|VE_ROTA_VE_TRANSVERSAL_05,POLICIA|POLICIA,3|3,15.6|43.8,2|1,1,0,0,VE_ROTA_VE_CORREDOR_05,0,0
572,multiplas_emergencias,PREEMPCAO,36,322.5,356.5,34.0,341,CRUZ_02,2,VE_ROTA_VE_CORREDOR_00|VE_ROTA_VE_TRANSVERSAL_00,AMBULANCIA|AMBULANCIA,1|1,44.0|35.0,1|2,1,1,1,,0,0
572,multiplas_emergencias,PREEMPCAO,36,458.4,491.4,33.0,331,CRUZ_08,2,VE_ROTA_VE_CORREDOR_00|VE_ROTA_VE_TRANSVERSAL_00,AMBULANCIA|AMBULANCIA,1|1,25.0|23.0,2|1,1,1,1,,0,0
572,multiplas_emergencias,PREEMPCAO,36,921.9,949.2,27.3,274,CRUZ_02,2,VE_ROTA_VE_CORREDOR_01|VE_ROTA_VE_TRANSVERSAL_01,BOMBEIRO|BOMBEIRO,2|2,23.0|25.6,1|2,1,1,1,,0,0
572,multiplas_emergencias,PREEMPCAO,36,1067.1,1077.7,10.6,107,CRUZ_08,2,VE_ROTA_VE_CORREDOR_01|VE_ROTA_VE_TRANSVERSAL_01,BOMBEIRO|BOMBEIRO,2|2,8.0|23.0,2|1,1,0,0,VE_ROTA_VE_CORREDOR_01,0,0
572,multiplas_emergencias,PREEMPCAO,36,1522.7,1546.2,23.5,236,CRUZ_02,2,VE_ROTA_VE_CORREDOR_02|VE_ROTA_VE_TRANSVERSAL_02,POLICIA|POLICIA,3|3,31.8|21.0,1|2,1,1,1,,0,0
572,multiplas_emergencias,PREEMPCAO,36,1625.4,1654.5,29.1,292,CRUZ_08,2,VE_ROTA_VE_CORREDOR_02|VE_ROTA_VE_TRANSVERSAL_02,POLICIA|POLICIA,3|3,56.8|23.0,2|1,1,1,1,,0,0
572,multiplas_emergencias,PREEMPCAO,36,2122.7,2155.6,32.9,330,CRUZ_02,2,VE_ROTA_VE_CORREDOR_03|VE_ROTA_VE_TRANSVERSAL_03,AMBULANCIA|AMBULANCIA,1|1,35.0|21.4,1|2,1,1,1,,0,0
572,multiplas_emergencias,PREEMPCAO,36,2249.0,2255.3,6.3,64,CRUZ_08,2,VE_ROTA_VE_CORREDOR_03|VE_ROTA_VE_TRANSVERSAL_03,AMBULANCIA|AMBULANCIA,1|1,5.0|23.0,2|1,1,0,0,VE_ROTA_VE_CORREDOR_03,0,0
572,multiplas_emergencias,PREEMPCAO,36,2733.3,2748.2,14.9,150,CRUZ_02,2,VE_ROTA_VE_CORREDOR_04|VE_ROTA_VE_TRANSVERSAL_04,BOMBEIRO|BOMBEIRO,2|2,46.7|13.1,1|2,1,0,0,VE_ROTA_VE_TRANSVERSAL_04,0,0
572,multiplas_emergencias,PREEMPCAO,36,2842.3,2878.0,35.7,358,CRUZ_08,2,VE_ROTA_VE_CORREDOR_04|VE_ROTA_VE_TRANSVERSAL_04,BOMBEIRO|BOMBEIRO,2|2,57.2|30.0,2|1,1,1,1,,0,0
572,multiplas_emergencias,PREEMPCAO,36,3338.5,3352.6,14.1,142,CRUZ_02,2,VE_ROTA_VE_CORREDOR_05|VE_ROTA_VE_TRANSVERSAL_05,POLICIA|POLICIA,3|3,93.7|7.5,1|2,1,0,0,VE_ROTA_VE_TRANSVERSAL_05,0,0
572,multiplas_emergencias,PREEMPCAO,36,3455.3,3465.2,9.9,100,CRUZ_08,2,VE_ROTA_VE_CORREDOR_05|VE_ROTA_VE_TRANSVERSAL_05,POLICIA|POLICIA,3|3,59.1|8.7,2|1,1,0,0,VE_ROTA_VE_TRANSVERSAL_05,0,0
573,multiplas_emergencias,PREEMPCAO_COMPENSADA,36,322.5,356.5,34.0,341,CRUZ_02,2,VE_ROTA_VE_CORREDOR_00|VE_ROTA_VE_TRANSVERSAL_00,AMBULANCIA|AMBULANCIA,1|1,44.0|35.0,1|2,1,1,1,,0,0
573,multiplas_emergencias,PREEMPCAO_COMPENSADA,36,458.4,491.4,33.0,331,CRUZ_08,2,VE_ROTA_VE_CORREDOR_00|VE_ROTA_VE_TRANSVERSAL_00,AMBULANCIA|AMBULANCIA,1|1,24.8|23.0,2|1,1,1,1,,0,0
573,multiplas_emergencias,PREEMPCAO_COMPENSADA,36,921.9,959.2,37.3,374,CRUZ_02,2,VE_ROTA_VE_CORREDOR_01|VE_ROTA_VE_TRANSVERSAL_01,BOMBEIRO|BOMBEIRO,2|2,23.0|25.5,1|2,1,1,1,,0,0
573,multiplas_emergencias,PREEMPCAO_COMPENSADA,36,1034.0,1096.7,62.7,628,CRUZ_08,2,VE_ROTA_VE_CORREDOR_01|VE_ROTA_VE_TRANSVERSAL_01,BOMBEIRO|BOMBEIRO,2|2,21.8|23.8,2|1,1,1,1,,0,0
573,multiplas_emergencias,PREEMPCAO_COMPENSADA,36,1522.0,1546.3,24.3,244,CRUZ_02,2,VE_ROTA_VE_CORREDOR_02|VE_ROTA_VE_TRANSVERSAL_02,POLICIA|POLICIA,3|3,23.0|21.7,1|2,1,1,1,,0,0
573,multiplas_emergencias,PREEMPCAO_COMPENSADA,36,2122.2,2150.2,28.0,281,CRUZ_02,2,VE_ROTA_VE_CORREDOR_03|VE_ROTA_VE_TRANSVERSAL_03,AMBULANCIA|AMBULANCIA,1|1,27.6|21.7,1|2,1,1,1,,0,0
573,multiplas_emergencias,PREEMPCAO_COMPENSADA,36,2232.5,2288.5,56.0,561,CRUZ_08,2,VE_ROTA_VE_CORREDOR_03|VE_ROTA_VE_TRANSVERSAL_03,AMBULANCIA|AMBULANCIA,1|1,56.6|42.8,2|1,1,1,1,,0,0
573,multiplas_emergencias,PREEMPCAO_COMPENSADA,36,2730.3,2748.2,17.9,180,CRUZ_02,2,VE_ROTA_VE_CORREDOR_04|VE_ROTA_VE_TRANSVERSAL_04,BOMBEIRO|BOMBEIRO,2|2,23.0|15.9,1|2,1,1,1,,0,0
573,multiplas_emergencias,PREEMPCAO_COMPENSADA,36,3334.2,3347.9,13.7,138,CRUZ_02,2,VE_ROTA_VE_CORREDOR_05|VE_ROTA_VE_TRANSVERSAL_05,POLICIA|POLICIA,3|3,49.6|11.8,1|2,1,1,1,,0,0
573,multiplas_emergencias,PREEMPCAO_COMPENSADA,36,3458.4,3469.1,10.7,108,CRUZ_08,2,VE_ROTA_VE_CORREDOR_05|VE_ROTA_VE_TRANSVERSAL_05,POLICIA|POLICIA,3|3,48.6|9.8,2|1,1,0,0,VE_ROTA_VE_TRANSVERSAL_05,0,0
574,multiplas_emergencias,PREEMPCAO_ML,36,322.5,356.5,34.0,341,CRUZ_02,2,VE_ROTA_VE_CORREDOR_00|VE_ROTA_VE_TRANSVERSAL_00,AMBULANCIA|AMBULANCIA,1|1,44.0|35.0,1|2,1,1,1,,1,1
574,multiplas_emergencias,PREEMPCAO_ML,36,458.4,484.6,26.2,263,CRUZ_08,2,VE_ROTA_VE_CORREDOR_00|VE_ROTA_VE_TRANSVERSAL_00,AMBULANCIA|AMBULANCIA,1|1,25.0|23.0,2|1,1,1,1,,1,1
574,multiplas_emergencias,PREEMPCAO_ML,36,921.9,949.3,27.4,275,CRUZ_02,2,VE_ROTA_VE_CORREDOR_01|VE_ROTA_VE_TRANSVERSAL_01,BOMBEIRO|BOMBEIRO,2|2,23.0|25.5,1|2,1,1,1,,1,0
574,multiplas_emergencias,PREEMPCAO_ML,36,1067.1,1076.5,9.4,95,CRUZ_08,2,VE_ROTA_VE_CORREDOR_01|VE_ROTA_VE_TRANSVERSAL_01,BOMBEIRO|BOMBEIRO,2|2,8.1|23.0,2|1,1,0,0,VE_ROTA_VE_CORREDOR_01,0,0
574,multiplas_emergencias,PREEMPCAO_ML,36,1522.8,1546.3,23.5,236,CRUZ_02,2,VE_ROTA_VE_CORREDOR_02|VE_ROTA_VE_TRANSVERSAL_02,POLICIA|POLICIA,3|3,32.1|20.9,1|2,1,1,1,,1,1
574,multiplas_emergencias,PREEMPCAO_ML,36,1640.6,1652.7,12.1,122,CRUZ_08,2,VE_ROTA_VE_CORREDOR_02|VE_ROTA_VE_TRANSVERSAL_02,POLICIA|POLICIA,3|3,93.4|8.5,2|1,1,0,0,VE_ROTA_VE_TRANSVERSAL_02,0,0
574,multiplas_emergencias,PREEMPCAO_ML,36,2122.7,2160.4,37.7,378,CRUZ_02,2,VE_ROTA_VE_CORREDOR_03|VE_ROTA_VE_TRANSVERSAL_03,AMBULANCIA|AMBULANCIA,1|1,34.8|21.4,1|2,1,1,1,,1,1
574,multiplas_emergencias,PREEMPCAO_ML,36,2231.4,2267.4,36.0,361,CRUZ_08,2,VE_ROTA_VE_CORREDOR_03|VE_ROTA_VE_TRANSVERSAL_03,AMBULANCIA|AMBULANCIA,1|1,53.6|39.2,2|1,1,1,1,,1,1
574,multiplas_emergencias,PREEMPCAO_ML,36,2733.1,2757.4,24.3,244,CRUZ_02,2,VE_ROTA_VE_CORREDOR_04|VE_ROTA_VE_TRANSVERSAL_04,BOMBEIRO|BOMBEIRO,2|2,47.3|13.3,1|2,1,1,1,,1,1
574,multiplas_emergencias,PREEMPCAO_ML,36,2845.3,2880.8,35.5,356,CRUZ_08,2,VE_ROTA_VE_CORREDOR_04|VE_ROTA_VE_TRANSVERSAL_04,BOMBEIRO|BOMBEIRO,2|2,28.3|23.0,2|1,1,1,1,,1,1
574,multiplas_emergencias,PREEMPCAO_ML,36,3338.6,3352.7,14.1,142,CRUZ_02,2,VE_ROTA_VE_CORREDOR_05|VE_ROTA_VE_TRANSVERSAL_05,POLICIA|POLICIA,3|3,93.9|7.4,1|2,1,0,0,VE_ROTA_VE_TRANSVERSAL_05,0,0
574,multiplas_emergencias,PREEMPCAO_ML,36,3455.8,3468.3,12.5,126,CRUZ_08,2,VE_ROTA_VE_CORREDOR_05|VE_ROTA_VE_TRANSVERSAL_05,POLICIA|POLICIA,3|3,52.2|9.7,2|1,1,0,0,VE_ROTA_VE_TRANSVERSAL_05,0,0
585,multiplas_emergencias,PREEMPCAO,37,324.0,373.1,49.1,492,CRUZ_02,2,VE_ROTA_VE_CORREDOR_00|VE_ROTA_VE_TRANSVERSAL_00,AMBULANCIA|AMBULANCIA,1|1,107.7|34.7,1|2,1,1,1,,0,0
585,multiplas_emergencias,PREEMPCAO,37,477.3,481.4,4.1,42,CRUZ_08,2,VE_ROTA_VE_CORREDOR_00|VE_ROTA_VE_TRANSVERSAL_00,AMBULANCIA|AMBULANCIA,1|1,101.3|3.2,2|1,1,0,0,VE_ROTA_VE_TRANSVERSAL_00,0,0
585,multiplas_emergencias,PREEMPCAO,37,922.1,954.0,31.9,320,CRUZ_02,2,VE_ROTA_VE_CORREDOR_01|VE_ROTA_VE_TRANSVERSAL_01,BOMBEIRO|BOMBEIRO,2|2,23.1|21.4,1|2,1,1,1,,0,0
585,multiplas_emergencias,PREEMPCAO,37,1052.6,1067.3,14.7,148,CRUZ_08,2,VE_ROTA_VE_CORREDOR_01|VE_ROTA_VE_TRANSVERSAL_01,BOMBEIRO|BOMBEIRO,2|2,31.3|6.6,2|1,1,0,0,VE_ROTA_VE_TRANSVERSAL_01,0,0
585,multiplas_emergencias,PREEMPCAO,37,1522.6,1554.9,32.3,324,CRUZ_02,2,VE_ROTA_VE_CORREDOR_02|VE_ROTA_VE_TRANSVERSAL_02,POLICIA|POLICIA,3|3,30.7|33.0,1|2,1,1,1,,0,0
585,multiplas_emergencias,PREEMPCAO,37,2126.4,2164.6,38.2,383,CRUZ_02,2,VE_ROTA_VE_CORREDOR_03|VE_ROTA_VE_TRANSVERSAL_03,AMBULANCIA|AMBULANCIA,1|1,31.0|31.6,1|2,1,1,1,,0,0
585,multiplas_emergencias,PREEMPCAO,37,2258.8,2265.1,6.3,64,CRUZ_08,2,VE_ROTA_VE_CORREDOR_03|VE_ROTA_VE_TRANSVERSAL_03,AMBULANCIA|AMBULANCIA,1|1,37.6|5.0,2|1,1,0,0,VE_ROTA_VE_TRANSVERSAL_03,0,0
585,multiplas_emergencias,PREEMPCAO,37,2722.4,2745.0,22.6,227,CRUZ_02,2,VE_ROTA_VE_CORREDOR_04|VE_ROTA_VE_TRANSVERSAL_04,BOMBEIRO|BOMBEIRO,2|2,43.9|21.1,1|2,1,1,1,,0,0
585,multiplas_emergencias,PREEMPCAO,37,2821.2,2860.4,39.2,393,CRUZ_08,2,VE_ROTA_VE_CORREDOR_04|VE_ROTA_VE_TRANSVERSAL_04,BOMBEIRO|BOMBEIRO,2|2,51.9|42.8,2|1,1,1,1,,0,0
585,multiplas_emergencias,PREEMPCAO,37,3322.3,3346.6,24.3,244,CRUZ_02,2,VE_ROTA_VE_CORREDOR_05|VE_ROTA_VE_TRANSVERSAL_05,POLICIA|POLICIA,3|3,23.0|21.4,1|2,1,1,1,,0,0
585,multiplas_emergencias,PREEMPCAO,37,3449.4,3468.1,18.7,188,CRUZ_08,2,VE_ROTA_VE_CORREDOR_05|VE_ROTA_VE_TRANSVERSAL_05,POLICIA|POLICIA,3|3,16.8|53.8,2|1,1,1,1,,0,0
586,multiplas_emergencias,PREEMPCAO_COMPENSADA,37,324.0,373.1,49.1,492,CRUZ_02,2,VE_ROTA_VE_CORREDOR_00|VE_ROTA_VE_TRANSVERSAL_00,AMBULANCIA|AMBULANCIA,1|1,107.7|34.7,1|2,1,1,1,,0,0
586,multiplas_emergencias,PREEMPCAO_COMPENSADA,37,477.3,481.4,4.1,42,CRUZ_08,2,VE_ROTA_VE_CORREDOR_00|VE_ROTA_VE_TRANSVERSAL_00,AMBULANCIA|AMBULANCIA,1|1,100.7|3.2,2|1,1,0,0,VE_ROTA_VE_TRANSVERSAL_00,0,0
586,multiplas_emergencias,PREEMPCAO_COMPENSADA,37,922.7,945.2,22.5,226,CRUZ_02,2,VE_ROTA_VE_CORREDOR_01|VE_ROTA_VE_TRANSVERSAL_01,BOMBEIRO|BOMBEIRO,2|2,29.2|20.8,1|2,1,1,1,,0,0
586,multiplas_emergencias,PREEMPCAO_COMPENSADA,37,1028.1,1042.7,14.6,147,CRUZ_08,2,VE_ROTA_VE_CORREDOR_01|VE_ROTA_VE_TRANSVERSAL_01,BOMBEIRO|BOMBEIRO,2|2,36.1|8.2,2|1,1,0,0,VE_ROTA_VE_TRANSVERSAL_01,0,0
586,multiplas_emergencias,PREEMPCAO_COMPENSADA,37,1524.1,1581.8,57.7,578,CRUZ_02,2,VE_ROTA_VE_CORREDOR_02|VE_ROTA_VE_TRANSVERSAL_02,POLICIA|POLICIA,3|3,59.9|31.4,1|2,1,1,1,,0,0
586,multiplas_emergencias,PREEMPCAO_COMPENSADA,37,1659.3,1684.5,25.2,253,CRUZ_08,2,VE_ROTA_VE_CORREDOR_02|VE_ROTA_VE_TRANSVERSAL_02,POLICIA|POLICIA,3|3,57.2|12.3,2|1,1,1,1,,0,0
586,multiplas_emergencias,PREEMPCAO_COMPENSADA,37,2126.4,2157.8,31.4,315,CRUZ_02,2,VE_ROTA_VE_CORREDOR_03|VE_ROTA_VE_TRANSVERSAL_03,AMBULANCIA|AMBULANCIA,1|1,30.7|31.6,1|2,1,1,1,,0,0
586,multiplas_emergencias,PREEMPCAO_COMPENSADA,37,2253.3,2280.3,27.0,271,CRUZ_08,2,VE_ROTA_VE_CORREDOR_03|VE_ROTA_VE_TRANSVERSAL_03,AMBULANCIA|AMBULANCIA,1|1,14.1|23.5,2|1,1,1,1,,0,0
586,multiplas_emergencias,PREEMPCAO_COMPENSADA,37,2722.4,2744.9,22.5,226,CRUZ_02,2,VE_ROTA_VE_CORREDOR_04|VE_ROTA_VE_TRANSVERSAL_04,BOMBEIRO|BOMBEIRO,2|2,43.9|21.1,1|2,1,1,1,,0,0
586,multiplas_emergencias,PREEMPCAO_COMPENSADA,37,2825.3,2847.3,22.0,221,CRUZ_08,2,VE_ROTA_VE_CORREDOR_04|VE_ROTA_VE_TRANSVERSAL_04,BOMBEIRO|BOMBEIRO,2|2,13.5|23.1,2|1,1,1,1,,0,0
586,multiplas_emergencias,PREEMPCAO_COMPENSADA,37,3322.5,3378.6,56.1,562,CRUZ_02,2,VE_ROTA_VE_CORREDOR_05|VE_ROTA_VE_TRANSVERSAL_05,POLICIA|POLICIA,3|3,27.4|21.2,1|2,1,1,1,,0,0
586,multiplas_emergencias,PREEMPCAO_COMPENSADA,37,3449.0,3461.2,12.2,123,CRUZ_08,2,VE_ROTA_VE_CORREDOR_05|VE_ROTA_VE_TRANSVERSAL_05,POLICIA|POLICIA,3|3,37.3|11.6,2|1,1,1,1,,0,0
587,multiplas_emergencias,PREEMPCAO_ML,37,324.0,363.4,39.4,395,CRUZ_02,2,VE_ROTA_VE_CORREDOR_00|VE_ROTA_VE_TRANSVERSAL_00,AMBULANCIA|AMBULANCIA,1|1,107.7|34.7,1|2,1,1,1,,1,1
587,multiplas_emergencias,PREEMPCAO_ML,37,472.8,492.8,20.0,201,CRUZ_08,2,VE_ROTA_VE_CORREDOR_00|VE_ROTA_VE_TRANSVERSAL_00,AMBULANCIA|AMBULANCIA,1|1,18.7|72.9,2|1,1,1,1,,1,0
587,multiplas_emergencias,PREEMPCAO_ML,37,922.1,953.8,31.7,318,CRUZ_02,2,VE_ROTA_VE_CORREDOR_01|VE_ROTA_VE_TRANSVERSAL_01,BOMBEIRO|BOMBEIRO,2|2,23.1|21.4,1|2,1,1,1,,1,1
587,multiplas_emergencias,PREEMPCAO_ML,37,1028.5,1061.5,33.0,331,CRUZ_08,2,VE_ROTA_VE_CORREDOR_01|VE_ROTA_VE_TRANSVERSAL_01,BOMBEIRO|BOMBEIRO,2|2,33.7|23.1,2|1,1,1,1,,1,1
587,multiplas_emergencias,PREEMPCAO_ML,37,1522.6,1559.5,36.9,370,CRUZ_02,2,VE_ROTA_VE_CORREDOR_02|VE_ROTA_VE_TRANSVERSAL_02,POLICIA|POLICIA,3|3,30.9|32.9,1|2,1,1,1,,1,1
587,multiplas_emergencias,PREEMPCAO_ML,37,1648.8,1665.3,16.5,166,CRUZ_08,2,VE_ROTA_VE_CORREDOR_02|VE_ROTA_VE_TRANSVERSAL_02,POLICIA|POLICIA,3|3,7.2|23.0,2|1,1,0,0,VE_ROTA_VE_CORREDOR_02,0,0
587,multiplas_emergencias,PREEMPCAO_ML,37,2126.4,2161.3,34.9,350,CRUZ_02,2,VE_ROTA_VE_CORREDOR_03|VE_ROTA_VE_TRANSVERSAL_03,AMBULANCIA|AMBULANCIA,1|1,30.9|31.6,1|2,1,1,1,,1,1
587,multiplas_emergencias,PREEMPCAO_ML,37,2253.2,2282.5,29.3,294,CRUZ_08,2,VE_ROTA_VE_CORREDOR_03|VE_ROTA_VE_TRANSVERSAL_03,AMBULANCIA|AMBULANCIA,1|1,19.9|23.1,2|1,1,1,1,,1,0
587,multiplas_emergencias,PREEMPCAO_ML,37,2722.4,2744.9,22.5,226,CRUZ_02,2,VE_ROTA_VE_CORREDOR_04|VE_ROTA_VE_TRANSVERSAL_04,BOMBEIRO|BOMBEIRO,2|2,43.9|21.1,1|2,1,0,0,VE_ROTA_VE_TRANSVERSAL_04,0,0
587,multiplas_emergencias,PREEMPCAO_ML,37,2817.1,2844.7,27.6,277,CRUZ_08,2,VE_ROTA_VE_CORREDOR_04|VE_ROTA_VE_TRANSVERSAL_04,BOMBEIRO|BOMBEIRO,2|2,26.3|23.1,2|1,1,1,1,,1,1
587,multiplas_emergencias,PREEMPCAO_ML,37,3322.3,3357.0,34.7,348,CRUZ_02,2,VE_ROTA_VE_CORREDOR_05|VE_ROTA_VE_TRANSVERSAL_05,POLICIA|POLICIA,3|3,23.0|21.4,1|2,1,1,1,,1,1
587,multiplas_emergencias,PREEMPCAO_ML,37,3441.6,3476.2,34.6,347,CRUZ_08,2,VE_ROTA_VE_CORREDOR_05|VE_ROTA_VE_TRANSVERSAL_05,POLICIA|POLICIA,3|3,51.2|23.0,2|1,1,1,1,,1,1
598,multiplas_emergencias,PREEMPCAO,38,324.2,356.8,32.6,327,CRUZ_02,2,VE_ROTA_VE_CORREDOR_00|VE_ROTA_VE_TRANSVERSAL_00,AMBULANCIA|AMBULANCIA,1|1,106.3|39.7,1|2,1,1,1,,0,0
598,multiplas_emergencias,PREEMPCAO,38,445.2,489.4,44.2,443,CRUZ_08,2,VE_ROTA_VE_CORREDOR_00|VE_ROTA_VE_TRANSVERSAL_00,AMBULANCIA|AMBULANCIA,1|1,30.8|23.0,2|1,1,1,1,,0,0
598,multiplas_emergencias,PREEMPCAO,38,921.9,944.9,23.0,231,CRUZ_02,2,VE_ROTA_VE_CORREDOR_01|VE_ROTA_VE_TRANSVERSAL_01,BOMBEIRO|BOMBEIRO,2|2,23.0|21.6,1|2,1,1,1,,0,0
598,multiplas_emergencias,PREEMPCAO,38,1051.6,1057.6,6.0,61,CRUZ_08,2,VE_ROTA_VE_CORREDOR_01|VE_ROTA_VE_TRANSVERSAL_01,BOMBEIRO|BOMBEIRO,2|2,80.0|4.5,2|1,1,0,0,VE_ROTA_VE_TRANSVERSAL_01,0,0
598,multiplas_emergencias,PREEMPCAO,38,1526.2,1548.1,21.9,220,CRUZ_02,2,VE_ROTA_VE_CORREDOR_02|VE_ROTA_VE_TRANSVERSAL_02,POLICIA|POLICIA,3|3,44.1|17.5,1|2,1,0,0,VE_ROTA_VE_TRANSVERSAL_02,0,0
598,multiplas_emergencias,PREEMPCAO,38,1633.8,1662.3,28.5,286,CRUZ_08,2,VE_ROTA_VE_CORREDOR_02|VE_ROTA_VE_TRANSVERSAL_02,POLICIA|POLICIA,3|3,37.7|43.0,2|1,1,1,1,,0,0
598,multiplas_emergencias,PREEMPCAO,38,2129.1,2153.4,24.3,244,CRUZ_02,2,VE_ROTA_VE_CORREDOR_03|VE_ROTA_VE_TRANSVERSAL_03,AMBULANCIA|AMBULANCIA,1|1,91.1|20.8,1|2,1,1,1,,0,0
598,multiplas_emergencias,PREEMPCAO,38,2250.8,2278.2,27.4,275,CRUZ_08,2,VE_ROTA_VE_CORREDOR_03|VE_ROTA_VE_TRANSVERSAL_03,AMBULANCIA|AMBULANCIA,1|1,49.9|24.0,2|1,1,1,1,,0,0
598,multiplas_emergencias,PREEMPCAO,38,2722.1,2745.2,23.1,232,CRUZ_02,2,VE_ROTA_VE_CORREDOR_04|VE_ROTA_VE_TRANSVERSAL_04,BOMBEIRO|BOMBEIRO,2|2,23.1|21.4,1|2,1,1,1,,0,0
598,multiplas_emergencias,PREEMPCAO,38,2830.3,2875.8,45.5,456,CRUZ_08,2,VE_ROTA_VE_CORREDOR_04|VE_ROTA_VE_TRANSVERSAL_04,BOMBEIRO|BOMBEIRO,2|2,24.1|23.1,2|1,1,1,1,,0,0
598,multiplas_emergencias,PREEMPCAO,38,3322.0,3345.1,23.1,232,CRUZ_02,2,VE_ROTA_VE_CORREDOR_05|VE_ROTA_VE_TRANSVERSAL_05,POLICIA|POLICIA,3|3,23.0|21.7,1|2,1,1,1,,0,0
598,multiplas_emergencias,PREEMPCAO,38,3434.8,3464.2,29.4,295,CRUZ_08,2,VE_ROTA_VE_CORREDOR_05|VE_ROTA_VE_TRANSVERSAL_05,POLICIA|POLICIA,3|3,18.2|23.5,2|1,1,1,1,,0,0
599,multiplas_emergencias,PREEMPCAO_COMPENSADA,38,324.2,356.8,32.6,327,CRUZ_02,2,VE_ROTA_VE_CORREDOR_00|VE_ROTA_VE_TRANSVERSAL_00,AMBULANCIA|AMBULANCIA,1|1,106.3|39.7,1|2,1,1,1,,0,0
599,multiplas_emergencias,PREEMPCAO_COMPENSADA,38,445.2,489.5,44.3,444,CRUZ_08,2,VE_ROTA_VE_CORREDOR_00|VE_ROTA_VE_TRANSVERSAL_00,AMBULANCIA|AMBULANCIA,1|1,30.8|23.0,2|1,1,1,1,,0,0
599,multiplas_emergencias,PREEMPCAO_COMPENSADA,38,922.7,946.8,24.1,242,CRUZ_02,2,VE_ROTA_VE_CORREDOR_01|VE_ROTA_VE_TRANSVERSAL_01,BOMBEIRO|BOMBEIRO,2|2,31.0|20.8,1|2,1,1,1,,0,0
599,multiplas_emergencias,PREEMPCAO_COMPENSADA,38,1034.5,1062.1,27.6,277,CRUZ_08,2,VE_ROTA_VE_CORREDOR_01|VE_ROTA_VE_TRANSVERSAL_01,BOMBEIRO|BOMBEIRO,2|2,36.0|19.0,2|1,1,1,1,,0,0
599,multiplas_emergencias,PREEMPCAO_COMPENSADA,38,1525.8,1545.1,19.3,194,CRUZ_02,2,VE_ROTA_VE_CORREDOR_02|VE_ROTA_VE_TRANSVERSAL_02,POLICIA|POLICIA,3|3,32.5|17.9,1|2,1,1,1,,0,0
599,multiplas_emergencias,PREEMPCAO_COMPENSADA,38,1637.1,1662.3,25.2,253,CRUZ_08,2,VE_ROTA_VE_CORREDOR_02|VE_ROTA_VE_TRANSVERSAL_02,POLICIA|POLICIA,3|3,38.0|13.9,2|1,1,0,0,VE_ROTA_VE_TRANSVERSAL_02,0,0
599,multiplas_emergencias,PREEMPCAO_COMPENSADA,38,2123.9,2151.5,27.6,277,CRUZ_02,2,VE_ROTA_VE_CORREDOR_03|VE_ROTA_VE_TRANSVERSAL_03,AMBULANCIA|AMBULANCIA,1|1,37.8|26.0,1|2,1,1,1,,0,0
599,multiplas_emergencias,PREEMPCAO_COMPENSADA,38,2722.1,2744.9,22.8,229,CRUZ_02,2,VE_ROTA_VE_CORREDOR_04|VE_ROTA_VE_TRANSVERSAL_04,BOMBEIRO|BOMBEIRO,2|2,23.1|21.4,1|2,1,1,1,,0,0
599,multiplas_emergencias,PREEMPCAO_COMPENSADA,38,2851.5,2872.3,20.8,209,CRUZ_08,2,VE_ROTA_VE_CORREDOR_04|VE_ROTA_VE_TRANSVERSAL_04,BOMBEIRO|BOMBEIRO,2|2,53.8|16.1,2|1,1,1,1,,0,0
599,multiplas_emergencias,PREEMPCAO_COMPENSADA,38,3322.0,3345.1,23.1,232,CRUZ_02,2,VE_ROTA_VE_CORREDOR_05|VE_ROTA_VE_TRANSVERSAL_05,POLICIA|POLICIA,3|3,23.0|21.7,1|2,1,1,1,,0,0
599,multiplas_emergencias,PREEMPCAO_COMPENSADA,38,3434.7,3479.0,44.3,444,CRUZ_08,2,VE_ROTA_VE_CORREDOR_05|VE_ROTA_VE_TRANSVERSAL_05,POLICIA|POLICIA,3|3,24.5|23.1,2|1,1,1,1,,0,0
600,multiplas_emergencias,PREEMPCAO_ML,38,324.2,366.8,42.6,427,CRUZ_02,2,VE_ROTA_VE_CORREDOR_00|VE_ROTA_VE_TRANSVERSAL_00,AMBULANCIA|AMBULANCIA,1|1,106.3|39.7,1|2,1,1,1,,1,1
600,multiplas_emergencias,PREEMPCAO_ML,38,450.2,496.9,46.7,468,CRUZ_08,2,VE_ROTA_VE_CORREDOR_00|VE_ROTA_VE_TRANSVERSAL_00,AMBULANCIA|AMBULANCIA,1|1,45.8|18.8,2|1,1,1,1,,1,1
600,multiplas_emergencias,PREEMPCAO_ML,38,921.9,955.8,33.9,340,CRUZ_02,2,VE_ROTA_VE_CORREDOR_01|VE_ROTA_VE_TRANSVERSAL_01,BOMBEIRO|BOMBEIRO,2|2,23.0|21.6,1|2,1,1,1,,1,1
600,multiplas_emergencias,PREEMPCAO_ML,38,1051.6,1076.8,25.2,253,CRUZ_08,2,VE_ROTA_VE_CORREDOR_01|VE_ROTA_VE_TRANSVERSAL_01,BOMBEIRO|BOMBEIRO,2|2,22.4|23.0,2|1,1,1,1,,1,0
600,multiplas_emergencias,PREEMPCAO_ML,38,1526.2,1545.1,18.9,190,CRUZ_02,2,VE_ROTA_VE_CORREDOR_02|VE_ROTA_VE_TRANSVERSAL_02,POLICIA|POLICIA,3|3,44.3|17.5,1|2,1,1,1,,1,1
600,multiplas_emergencias,PREEMPCAO_ML,38,1620.5,1661.2,40.7,408,CRUZ_08,2,VE_ROTA_VE_CORREDOR_02|VE_ROTA_VE_TRANSVERSAL_02,POLICIA|POLICIA,3|3,30.1|18.6,2|1,1,1,1,,1,1
600,multiplas_emergencias,PREEMPCAO_ML,38,2129.1,2163.6,34.5,346,CRUZ_02,2,VE_ROTA_VE_CORREDOR_03|VE_ROTA_VE_TRANSVERSAL_03,AMBULANCIA|AMBULANCIA,1|1,90.1|20.8,1|2,1,1,1,,1,1
600,multiplas_emergencias,PREEMPCAO_ML,38,2253.0,2276.2,23.2,233,CRUZ_08,2,VE_ROTA_VE_CORREDOR_03|VE_ROTA_VE_TRANSVERSAL_03,AMBULANCIA|AMBULANCIA,1|1,36.5|21.0,2|1,1,1,1,,1,1
600,multiplas_emergencias,PREEMPCAO_ML,38,2722.1,2751.1,29.0,291,CRUZ_02,2,VE_ROTA_VE_CORREDOR_04|VE_ROTA_VE_TRANSVERSAL_04,BOMBEIRO|BOMBEIRO,2|2,23.1|21.4,1|2,1,1,1,,1,1
600,multiplas_emergencias,PREEMPCAO_ML,38,2843.4,2856.9,13.5,136,CRUZ_08,2,VE_ROTA_VE_CORREDOR_04|VE_ROTA_VE_TRANSVERSAL_04,BOMBEIRO|BOMBEIRO,2|2,12.2|25.3,2|1,1,0,0,VE_ROTA_VE_CORREDOR_04,0,0
600,multiplas_emergencias,PREEMPCAO_ML,38,3322.0,3352.8,30.8,309,CRUZ_02,2,VE_ROTA_VE_CORREDOR_05|VE_ROTA_VE_TRANSVERSAL_05,POLICIA|POLICIA,3|3,23.1|21.7,1|2,1,1,1,,1,1
600,multiplas_emergencias,PREEMPCAO_ML,38,3444.5,3460.8,16.3,164,CRUZ_08,2,VE_ROTA_VE_CORREDOR_05|VE_ROTA_VE_TRANSVERSAL_05,POLICIA|POLICIA,3|3,11.7|25.6,2|1,1,0,0,VE_ROTA_VE_CORREDOR_05,0,0
611,multiplas_emergencias,PREEMPCAO,39,327.2,354.6,27.4,275,CRUZ_02,2,VE_ROTA_VE_CORREDOR_00|VE_ROTA_VE_TRANSVERSAL_00,AMBULANCIA|AMBULANCIA,1|1,37.2|24.9,1|2,1,1,1,,0,0
611,multiplas_emergencias,PREEMPCAO,39,439.7,475.8,36.1,362,CRUZ_08,2,VE_ROTA_VE_CORREDOR_00|VE_ROTA_VE_TRANSVERSAL_00,AMBULANCIA|AMBULANCIA,1|1,40.3|23.1,2|1,1,1,1,,0,0
611,multiplas_emergencias,PREEMPCAO,39,925.4,958.5,33.1,332,CRUZ_02,2,VE_ROTA_VE_CORREDOR_01|VE_ROTA_VE_TRANSVERSAL_01,BOMBEIRO|BOMBEIRO,2|2,23.0|31.3,1|2,1,1,1,,0,0
611,multiplas_emergencias,PREEMPCAO,39,1057.3,1076.2,18.9,190,CRUZ_08,2,VE_ROTA_VE_CORREDOR_01|VE_ROTA_VE_TRANSVERSAL_01,BOMBEIRO|BOMBEIRO,2|2,49.5|18.3,2|1,1,1,1,,0,0
611,multiplas_emergencias,PREEMPCAO,39,1522.1,1546.1,24.0,241,CRUZ_02,2,VE_ROTA_VE_CORREDOR_02|VE_ROTA_VE_TRANSVERSAL_02,POLICIA|POLICIA,3|3,24.9|21.6,1|2,1,1,1,,0,0
611,multiplas_emergencias,PREEMPCAO,39,1654.2,1665.9,11.7,118,CRUZ_08,2,VE_ROTA_VE_CORREDOR_02|VE_ROTA_VE_TRANSVERSAL_02,POLICIA|POLICIA,3|3,71.1|10.2,2|1,1,0,0,VE_ROTA_VE_TRANSVERSAL_02,0,0
611,multiplas_emergencias,PREEMPCAO,39,2124.3,2149.8,25.5,256,CRUZ_02,2,VE_ROTA_VE_CORREDOR_03|VE_ROTA_VE_TRANSVERSAL_03,AMBULANCIA|AMBULANCIA,1|1,29.6|34.9,1|2,1,1,1,,0,0
611,multiplas_emergencias,PREEMPCAO,39,2254.2,2261.3,7.1,72,CRUZ_08,2,VE_ROTA_VE_CORREDOR_03|VE_ROTA_VE_TRANSVERSAL_03,AMBULANCIA|AMBULANCIA,1|1,5.8|42.7,2|1,1,0,0,VE_ROTA_VE_CORREDOR_03,0,0
611,multiplas_emergencias,PREEMPCAO,39,2723.9,2748.0,24.1,242,CRUZ_02,2,VE_ROTA_VE_CORREDOR_04|VE_ROTA_VE_TRANSVERSAL_04,BOMBEIRO|BOMBEIRO,2|2,107.4|19.6,1|2,1,1,1,,0,0
611,multiplas_emergencias,PREEMPCAO,39,2841.7,2865.6,23.9,240,CRUZ_08,2,VE_ROTA_VE_CORREDOR_04|VE_ROTA_VE_TRANSVERSAL_04,BOMBEIRO|BOMBEIRO,2|2,50.6|22.7,2|1,1,1,1,,0,0
611,multiplas_emergencias,PREEMPCAO,39,3330.6,3361.3,30.7,308,CRUZ_02,2,VE_ROTA_VE_CORREDOR_05|VE_ROTA_VE_TRANSVERSAL_05,POLICIA|POLICIA,3|3,107.5|25.4,1|2,1,1,1,,0,0
611,multiplas_emergencias,PREEMPCAO,39,3463.3,3527.4,64.1,642,CRUZ_08,2,VE_ROTA_VE_CORREDOR_05|VE_ROTA_VE_TRANSVERSAL_05,POLICIA|POLICIA,3|3,28.0|23.5,2|1,1,1,1,,0,0
612,multiplas_emergencias,PREEMPCAO_COMPENSADA,39,327.2,354.6,27.4,275,CRUZ_02,2,VE_ROTA_VE_CORREDOR_00|VE_ROTA_VE_TRANSVERSAL_00,AMBULANCIA|AMBULANCIA,1|1,37.2|24.9,1|2,1,1,1,,0,0
612,multiplas_emergencias,PREEMPCAO_COMPENSADA,39,439.7,475.7,36.0,361,CRUZ_08,2,VE_ROTA_VE_CORREDOR_00|VE_ROTA_VE_TRANSVERSAL_00,AMBULANCIA|AMBULANCIA,1|1,40.4|23.1,2|1,1,1,1,,0,0
612,multiplas_emergencias,PREEMPCAO_COMPENSADA,39,925.5,958.5,33.0,331,CRUZ_02,2,VE_ROTA_VE_CORREDOR_01|VE_ROTA_VE_TRANSVERSAL_01,BOMBEIRO|BOMBEIRO,2|2,25.8|31.1,1|2,1,1,1,,0,0
612,multiplas_emergencias,PREEMPCAO_COMPENSADA,39,1051.8,1055.4,3.6,37,CRUZ_08,2,VE_ROTA_VE_CORREDOR_01|VE_ROTA_VE_TRANSVERSAL_01,BOMBEIRO|BOMBEIRO,2|2,41.8|2.4,2|1,1,0,0,VE_ROTA_VE_TRANSVERSAL_01,0,0
612,multiplas_emergencias,PREEMPCAO_COMPENSADA,39,1522.5,1545.1,22.6,227,CRUZ_02,2,VE_ROTA_VE_CORREDOR_02|VE_ROTA_VE_TRANSVERSAL_02,POLICIA|POLICIA,3|3,43.6|21.2,1|2,1,1,1,,0,0
612,multiplas_emergencias,PREEMPCAO_COMPENSADA,39,1630.5,1655.8,25.3,254,CRUZ_08,2,VE_ROTA_VE_CORREDOR_02|VE_ROTA_VE_TRANSVERSAL_02,POLICIA|POLICIA,3|3,51.5|19.7,2|1,1,1,1,,0,0
612,multiplas_emergencias,PREEMPCAO_COMPENSADA,39,2124.3,2164.5,40.2,403,CRUZ_02,2,VE_ROTA_VE_CORREDOR_03|VE_ROTA_VE_TRANSVERSAL_03,AMBULANCIA|AMBULANCIA,1|1,29.6|34.8,1|2,1,1,1,,0,0
612,multiplas_emergencias,PREEMPCAO_COMPENSADA,39,2255.1,2282.9,27.8,279,CRUZ_08,2,VE_ROTA_VE_CORREDOR_03|VE_ROTA_VE_TRANSVERSAL_03,AMBULANCIA|AMBULANCIA,1|1,86.9|22.4,2|1,1,1,1,,0,0
612,multiplas_emergencias,PREEMPCAO_COMPENSADA,39,2723.4,2747.9,24.5,246,CRUZ_02,2,VE_ROTA_VE_CORREDOR_04|VE_ROTA_VE_TRANSVERSAL_04,BOMBEIRO|BOMBEIRO,2|2,44.8|20.1,1|2,1,1,1,,0,0
612,multiplas_emergencias,PREEMPCAO_COMPENSADA,39,2824.0,2869.2,45.2,453,CRUZ_08,2,VE_ROTA_VE_CORREDOR_04|VE_ROTA_VE_TRANSVERSAL_04,BOMBEIRO|BOMBEIRO,2|2,56.4|35.0,2|1,1,1,1,,0,0
612,multiplas_emergencias,PREEMPCAO_COMPENSADA,39,3328.7,3354.8,26.1,262,CRUZ_02,2,VE_ROTA_VE_CORREDOR_05|VE_ROTA_VE_TRANSVERSAL_05,POLICIA|POLICIA,3|3,23.0|27.4,1|2,1,1,1,,0,0
613,multiplas_emergencias,PREEMPCAO_ML,39,327.2,354.8,27.6,277,CRUZ_02,2,VE_ROTA_VE_CORREDOR_00|VE_ROTA_VE_TRANSVERSAL_00,AMBULANCIA|AMBULANCIA,1|1,37.2|24.9,1|2,1,1,1,,1,1
613,multiplas_emergencias,PREEMPCAO_ML,39,455.9,475.9,20.0,201,CRUZ_08,2,VE_ROTA_VE_CORREDOR_00|VE_ROTA_VE_TRANSVERSAL_00,AMBULANCIA|AMBULANCIA,1|1,36.0|7.5,2|1,1,0,0,VE_ROTA_VE_TRANSVERSAL_00,0,0
613,multiplas_emergencias,PREEMPCAO_ML,39,925.4,950.1,24.7,248,CRUZ_02,2,VE_ROTA_VE_CORREDOR_01|VE_ROTA_VE_TRANSVERSAL_01,BOMBEIRO|BOMBEIRO,2|2,23.1|31.3,1|2,1,1,1,,1,0
613,multiplas_emergencias,PREEMPCAO_ML,39,1051.9,1060.2,8.3,84,CRUZ_08,2,VE_ROTA_VE_CORREDOR_01|VE_ROTA_VE_TRANSVERSAL_01,BOMBEIRO|BOMBEIRO,2|2,7.0|23.0,2|1,1,0,0,VE_ROTA_VE_CORREDOR_01,0,0
613,multiplas_emergencias,PREEMPCAO_ML,39,1522.1,1554.6,32.5,326,CRUZ_02,2,VE_ROTA_VE_CORREDOR_02|VE_ROTA_VE_TRANSVERSAL_02,POLICIA|POLICIA,3|3,25.5|21.6,1|2,1,1,1,,1,1
613,multiplas_emergencias,PREEMPCAO_ML,39,1636.9,1659.7,22.8,229,CRUZ_08,2,VE_ROTA_VE_CORREDOR_02|VE_ROTA_VE_TRANSVERSAL_02,POLICIA|POLICIA,3|3,14.6|23.0,2|1,1,1,1,,1,0
613,multiplas_emergencias,PREEMPCAO_ML,39,2124.3,2152.8,28.5,286,CRUZ_02,2,VE_ROTA_VE_CORREDOR_03|VE_ROTA_VE_TRANSVERSAL_03,AMBULANCIA|AMBULANCIA,1|1,29.6|34.8,1|2,1,1,1,,1,0
613,multiplas_emergencias,PREEMPCAO_ML,39,2265.2,2276.5,11.3,114,CRUZ_08,2,VE_ROTA_VE_CORREDOR_03|VE_ROTA_VE_TRANSVERSAL_03,AMBULANCIA|AMBULANCIA,1|1,10.1|23.0,2|1,1,0,0,VE_ROTA_VE_CORREDOR_03,0,0
613,multiplas_emergencias,PREEMPCAO_ML,39,2723.9,2747.9,24.0,241,CRUZ_02,2,VE_ROTA_VE_CORREDOR_04|VE_ROTA_VE_TRANSVERSAL_04,BOMBEIRO|BOMBEIRO,2|2,106.9|19.6,1|2,1,1,1,,1,1
613,multiplas_emergencias,PREEMPCAO_ML,39,3330.6,3364.6,34.0,341,CRUZ_02,2,VE_ROTA_VE_CORREDOR_05|VE_ROTA_VE_TRANSVERSAL_05,POLICIA|POLICIA,3|3,107.7|25.6,1|2,1,1,1,,1,1
613,multiplas_emergencias,PREEMPCAO_ML,39,3448.6,3469.0,20.4,205,CRUZ_08,2,VE_ROTA_VE_CORREDOR_05|VE_ROTA_VE_TRANSVERSAL_05,POLICIA|POLICIA,3|3,77.4|19.5,2|1,1,0,0,VE_ROTA_VE_TRANSVERSAL_05,0,0
624,multiplas_emergencias,PREEMPCAO,40,322.5,352.1,29.6,297,CRUZ_02,2,VE_ROTA_VE_CORREDOR_00|VE_ROTA_VE_TRANSVERSAL_00,AMBULANCIA|AMBULANCIA,1|1,44.0|28.1,1|2,1,1,1,,0,0
624,multiplas_emergencias,PREEMPCAO,40,454.0,482.4,28.4,285,CRUZ_08,2,VE_ROTA_VE_CORREDOR_00|VE_ROTA_VE_TRANSVERSAL_00,AMBULANCIA|AMBULANCIA,1|1,36.4|13.6,2|1,1,1,1,,0,0
624,multiplas_emergencias,PREEMPCAO,40,922.2,946.5,24.3,244,CRUZ_02,2,VE_ROTA_VE_CORREDOR_01|VE_ROTA_VE_TRANSVERSAL_01,BOMBEIRO|BOMBEIRO,2|2,23.0|29.5,1|2,1,1,1,,0,0
624,multiplas_emergencias,PREEMPCAO,40,1523.8,1559.1,35.3,354,CRUZ_02,2,VE_ROTA_VE_CORREDOR_02|VE_ROTA_VE_TRANSVERSAL_02,POLICIA|POLICIA,3|3,34.2|36.1,1|2,1,1,1,,0,0
624,multiplas_emergencias,PREEMPCAO,40,1669.7,1670.2,0.5,6,CRUZ_08,2,VE_ROTA_VE_CORREDOR_02|VE_ROTA_VE_TRANSVERSAL_02,POLICIA|POLICIA,3|3,0.0|23.0,2|1,1,0,0,VE_ROTA_VE_CORREDOR_02,0,0
624,multiplas_emergencias,PREEMPCAO,40,2129.7,2151.4,21.7,218,CRUZ_02,2,VE_ROTA_VE_CORREDOR_03|VE_ROTA_VE_TRANSVERSAL_03,AMBULANCIA|AMBULANCIA,1|1,39.1|18.9,1|2,1,0,0,VE_ROTA_VE_TRANSVERSAL_03,0,0
624,multiplas_emergencias,PREEMPCAO,40,2722.4,2746.7,24.3,244,CRUZ_02,2,VE_ROTA_VE_CORREDOR_04|VE_ROTA_VE_TRANSVERSAL_04,BOMBEIRO|BOMBEIRO,2|2,43.9|21.1,1|2,1,1,1,,0,0
624,multiplas_emergencias,PREEMPCAO,40,2823.8,2859.6,35.8,359,CRUZ_08,2,VE_ROTA_VE_CORREDOR_04|VE_ROTA_VE_TRANSVERSAL_04,BOMBEIRO|BOMBEIRO,2|2,56.7|47.4,2|1,1,1,1,,0,0
624,multiplas_emergencias,PREEMPCAO,40,3326.3,3359.9,33.6,337,CRUZ_02,2,VE_ROTA_VE_CORREDOR_05|VE_ROTA_VE_TRANSVERSAL_05,POLICIA|POLICIA,3|3,29.9|17.4,1|2,1,1,1,,0,0
624,multiplas_emergencias,PREEMPCAO,40,3434.6,3478.1,43.5,436,CRUZ_08,2,VE_ROTA_VE_CORREDOR_05|VE_ROTA_VE_TRANSVERSAL_05,POLICIA|POLICIA,3|3,30.1|38.8,2|1,1,1,1,,0,0
625,multiplas_emergencias,PREEMPCAO_COMPENSADA,40,322.5,352.1,29.6,297,CRUZ_02,2,VE_ROTA_VE_CORREDOR_00|VE_ROTA_VE_TRANSVERSAL_00,AMBULANCIA|AMBULANCIA,1|1,44.0|28.1,1|2,1,1,1,,0,0
625,multiplas_emergencias,PREEMPCAO_COMPENSADA,40,454.0,482.2,28.2,283,CRUZ_08,2,VE_ROTA_VE_CORREDOR_00|VE_ROTA_VE_TRANSVERSAL_00,AMBULANCIA|AMBULANCIA,1|1,36.2|13.5,2|1,1,1,1,,0,0
625,multiplas_emergencias,PREEMPCAO_COMPENSADA,40,922.2,951.1,28.9,290,CRUZ_02,2,VE_ROTA_VE_CORREDOR_01|VE_ROTA_VE_TRANSVERSAL_01,BOMBEIRO|BOMBEIRO,2|2,23.0|29.6,1|2,1,1,1,,0,0
625,multiplas_emergencias,PREEMPCAO_COMPENSADA,40,1523.7,1548.9,25.2,253,CRUZ_02,2,VE_ROTA_VE_CORREDOR_02|VE_ROTA_VE_TRANSVERSAL_02,POLICIA|POLICIA,3|3,29.3|36.2,1|2,1,1,1,,0,0
625,multiplas_emergencias,PREEMPCAO_COMPENSADA,40,1655.6,1669.3,13.7,138,CRUZ_08,2,VE_ROTA_VE_CORREDOR_02|VE_ROTA_VE_TRANSVERSAL_02,POLICIA|POLICIA,3|3,5.5|33.1,2|1,1,0,0,VE_ROTA_VE_CORREDOR_02,0,0
625,multiplas_emergencias,PREEMPCAO_COMPENSADA,40,2129.7,2151.4,21.7,218,CRUZ_02,2,VE_ROTA_VE_CORREDOR_03|VE_ROTA_VE_TRANSVERSAL_03,AMBULANCIA|AMBULANCIA,1|1,38.7|18.8,1|2,1,1,1,,0,0
625,multiplas_emergencias,PREEMPCAO_COMPENSADA,40,2257.5,2258.1,0.6,7,CRUZ_08,2,VE_ROTA_VE_CORREDOR_03|VE_ROTA_VE_TRANSVERSAL_03,AMBULANCIA|AMBULANCIA,1|1,63.1|0.0,2|1,1,0,0,VE_ROTA_VE_TRANSVERSAL_03,0,0
625,multiplas_emergencias,PREEMPCAO_COMPENSADA,40,2721.9,2746.7,24.8,249,CRUZ_02,2,VE_ROTA_VE_CORREDOR_04|VE_ROTA_VE_TRANSVERSAL_04,BOMBEIRO|BOMBEIRO,2|2,23.0|21.6,1|2,1,1,1,,0,0
625,multiplas_emergencias,PREEMPCAO_COMPENSADA,40,2834.6,2858.8,24.2,243,CRUZ_08,2,VE_ROTA_VE_CORREDOR_04|VE_ROTA_VE_TRANSVERSAL_04,BOMBEIRO|BOMBEIRO,2|2,54.6|12.5,2|1,1,0,0,VE_ROTA_VE_TRANSVERSAL_04,0,0
625,multiplas_emergencias,PREEMPCAO_COMPENSADA,40,3327.6,3366.6,39.0,391,CRUZ_02,2,VE_ROTA_VE_CORREDOR_05|VE_ROTA_VE_TRANSVERSAL_05,POLICIA|POLICIA,3|3,42.8|16.1,1|2,1,1,1,,0,0
625,multiplas_emergencias,PREEMPCAO_COMPENSADA,40,3461.6,3487.0,25.4,255,CRUZ_08,2,VE_ROTA_VE_CORREDOR_05|VE_ROTA_VE_TRANSVERSAL_05,POLICIA|POLICIA,3|3,93.3|25.1,2|1,1,1,1,,0,0
626,multiplas_emergencias,PREEMPCAO_ML,40,322.5,356.3,33.8,339,CRUZ_02,2,VE_ROTA_VE_CORREDOR_00|VE_ROTA_VE_TRANSVERSAL_00,AMBULANCIA|AMBULANCIA,1|1,44.0|28.1,1|2,1,1,1,,1,1
626,multiplas_emergencias,PREEMPCAO_ML,40,448.9,485.3,36.4,365,CRUZ_08,2,VE_ROTA_VE_CORREDOR_00|VE_ROTA_VE_TRANSVERSAL_00,AMBULANCIA|AMBULANCIA,1|1,44.1|23.0,2|1,1,1,1,,1,1
626,multiplas_emergencias,PREEMPCAO_ML,40,922.2,949.2,27.0,271,CRUZ_02,2,VE_ROTA_VE_CORREDOR_01|VE_ROTA_VE_TRANSVERSAL_01,BOMBEIRO|BOMBEIRO,2|2,23.0|29.7,1|2,1,1,1,,1,0
626,multiplas_emergencias,PREEMPCAO_ML,40,1067.7,1072.5,4.8,49,CRUZ_08,2,VE_ROTA_VE_CORREDOR_01|VE_ROTA_VE_TRANSVERSAL_01,BOMBEIRO|BOMBEIRO,2|2,3.6|23.0,2|1,1,0,0,VE_ROTA_VE_CORREDOR_01,0,0
626,multiplas_emergencias,PREEMPCAO_ML,40,1523.7,1562.2,38.5,386,CRUZ_02,2,VE_ROTA_VE_CORREDOR_02|VE_ROTA_VE_TRANSVERSAL_02,POLICIA|POLICIA,3|3,29.3|36.3,1|2,1,1,1,,1,0
626,multiplas_emergencias,PREEMPCAO_ML,40,1657.6,1687.4,29.8,299,CRUZ_08,2,VE_ROTA_VE_CORREDOR_02|VE_ROTA_VE_TRANSVERSAL_02,POLICIA|POLICIA,3|3,24.5|23.0,2|1,1,1,1,,1,1
626,multiplas_emergencias,PREEMPCAO_ML,40,2129.7,2169.0,39.3,394,CRUZ_02,2,VE_ROTA_VE_CORREDOR_03|VE_ROTA_VE_TRANSVERSAL_03,AMBULANCIA|AMBULANCIA,1|1,39.3|18.9,1|2,1,1,1,,1,1
626,multiplas_emergencias,PREEMPCAO_ML,40,2262.8,2303.3,40.5,406,CRUZ_08,2,VE_ROTA_VE_CORREDOR_03|VE_ROTA_VE_TRANSVERSAL_03,AMBULANCIA|AMBULANCIA,1|1,46.7|23.0,2|1,1,1,1,,1,1
626,multiplas_emergencias,PREEMPCAO_ML,40,2722.4,2744.9,22.5,226,CRUZ_02,2,VE_ROTA_VE_CORREDOR_04|VE_ROTA_VE_TRANSVERSAL_04,BOMBEIRO|BOMBEIRO,2|2,43.9|21.1,1|2,1,1,1,,1,1
626,multiplas_emergencias,PREEMPCAO_ML,40,2839.9,2875.9,36.0,361,CRUZ_08,2,VE_ROTA_VE_CORREDOR_04|VE_ROTA_VE_TRANSVERSAL_04,BOMBEIRO|BOMBEIRO,2|2,43.7|17.7,2|1,1,1,1,,1,1
626,multiplas_emergencias,PREEMPCAO_ML,40,3326.3,3355.0,28.7,288,CRUZ_02,2,VE_ROTA_VE_CORREDOR_05|VE_ROTA_VE_TRANSVERSAL_05,POLICIA|POLICIA,3|3,30.0|17.4,1|2,1,1,1,,1,1
626,multiplas_emergencias,PREEMPCAO_ML,40,3429.6,3465.9,36.3,364,CRUZ_08,2,VE_ROTA_VE_CORREDOR_05|VE_ROTA_VE_TRANSVERSAL_05,POLICIA|POLICIA,3|3,56.7|23.4,2|1,1,1,1,,1,1
637,multiplas_emergencias,PREEMPCAO,41,332.7,370.0,37.3,374,CRUZ_02,2,VE_ROTA_VE_CORREDOR_00|VE_ROTA_VE_TRANSVERSAL_00,AMBULANCIA|AMBULANCIA,1|1,81.4|24.5,1|2,1,1,1,,0,0
637,multiplas_emergencias,PREEMPCAO,41,921.9,954.0,32.1,322,CRUZ_02,2,VE_ROTA_VE_CORREDOR_01|VE_ROTA_VE_TRANSVERSAL_01,BOMBEIRO|BOMBEIRO,2|2,23.0|36.5,1|2,1,1,1,,0,0
637,multiplas_emergencias,PREEMPCAO,41,1042.0,1105.6,63.6,637,CRUZ_08,2,VE_ROTA_VE_CORREDOR_01|VE_ROTA_VE_TRANSVERSAL_01,BOMBEIRO|BOMBEIRO,2|2,53.4|39.2,2|1,1,1,1,,0,0
637,multiplas_emergencias,PREEMPCAO,41,1533.6,1548.5,14.9,150,CRUZ_02,2,VE_ROTA_VE_CORREDOR_02|VE_ROTA_VE_TRANSVERSAL_02,POLICIA|POLICIA,3|3,43.4|13.2,1|2,1,1,1,,0,0
637,multiplas_emergencias,PREEMPCAO,41,1650.6,1657.7,7.1,72,CRUZ_08,2,VE_ROTA_VE_CORREDOR_02|VE_ROTA_VE_TRANSVERSAL_02,POLICIA|POLICIA,3|3,54.4|5.3,2|1,1,0,0,VE_ROTA_VE_TRANSVERSAL_02,0,0
637,multiplas_emergencias,PREEMPCAO,41,2124.3,2152.7,28.4,285,CRUZ_02,2,VE_ROTA_VE_CORREDOR_03|VE_ROTA_VE_TRANSVERSAL_03,AMBULANCIA|AMBULANCIA,1|1,107.8|24.6,1|2,1,1,1,,0,0
637,multiplas_emergencias,PREEMPCAO,41,2721.9,2748.2,26.3,264,CRUZ_02,2,VE_ROTA_VE_CORREDOR_04|VE_ROTA_VE_TRANSVERSAL_04,BOMBEIRO|BOMBEIRO,2|2,23.0|31.3,1|2,1,1,1,,0,0
637,multiplas_emergencias,PREEMPCAO,41,2831.9,2861.5,29.6,297,CRUZ_08,2,VE_ROTA_VE_CORREDOR_04|VE_ROTA_VE_TRANSVERSAL_04,BOMBEIRO|BOMBEIRO,2|2,29.3|28.2,2|1,1,1,1,,0,0
637,multiplas_emergencias,PREEMPCAO,41,3322.1,3351.1,29.0,291,CRUZ_02,2,VE_ROTA_VE_CORREDOR_05|VE_ROTA_VE_TRANSVERSAL_05,POLICIA|POLICIA,3|3,25.1|26.5,1|2,1,1,1,,0,0
637,multiplas_emergencias,PREEMPCAO,41,3430.2,3460.6,30.4,305,CRUZ_08,2,VE_ROTA_VE_CORREDOR_05|VE_ROTA_VE_TRANSVERSAL_05,POLICIA|POLICIA,3|3,37.4|44.0,2|1,1,1,1,,0,0
638,multiplas_emergencias,PREEMPCAO_COMPENSADA,41,332.7,370.0,37.3,374,CRUZ_02,2,VE_ROTA_VE_CORREDOR_00|VE_ROTA_VE_TRANSVERSAL_00,AMBULANCIA|AMBULANCIA,1|1,81.4|24.5,1|2,1,1,1,,0,0
638,multiplas_emergencias,PREEMPCAO_COMPENSADA,41,924.5,960.0,35.5,356,CRUZ_02,2,VE_ROTA_VE_CORREDOR_01|VE_ROTA_VE_TRANSVERSAL_01,BOMBEIRO|BOMBEIRO,2|2,47.8|33.7,1|2,1,1,1,,0,0
638,multiplas_emergencias,PREEMPCAO_COMPENSADA,41,1535.1,1549.8,14.7,148,CRUZ_02,2,VE_ROTA_VE_CORREDOR_02|VE_ROTA_VE_TRANSVERSAL_02,POLICIA|POLICIA,3|3,54.8|11.7,1|2,1,0,0,VE_ROTA_VE_TRANSVERSAL_02,0,0
638,multiplas_emergencias,PREEMPCAO_COMPENSADA,41,1646.2,1659.6,13.4,135,CRUZ_08,2,VE_ROTA_VE_CORREDOR_02|VE_ROTA_VE_TRANSVERSAL_02,POLICIA|POLICIA,3|3,37.1|12.2,2|1,1,1,1,,0,0
638,multiplas_emergencias,PREEMPCAO_COMPENSADA,41,2124.3,2151.1,26.8,269,CRUZ_02,2,VE_ROTA_VE_CORREDOR_03|VE_ROTA_VE_TRANSVERSAL_03,AMBULANCIA|AMBULANCIA,1|1,38.4|24.6,1|2,1,1,1,,0,0
638,multiplas_emergencias,PREEMPCAO_COMPENSADA,41,2721.9,2756.3,34.4,345,CRUZ_02,2,VE_ROTA_VE_CORREDOR_04|VE_ROTA_VE_TRANSVERSAL_04,BOMBEIRO|BOMBEIRO,2|2,23.0|31.3,1|2,1,1,1,,0,0
638,multiplas_emergencias,PREEMPCAO_COMPENSADA,41,2859.4,2873.1,13.7,138,CRUZ_08,2,VE_ROTA_VE_CORREDOR_04|VE_ROTA_VE_TRANSVERSAL_04,BOMBEIRO|BOMBEIRO,2|2,11.9|42.2,2|1,1,0,0,VE_ROTA_VE_CORREDOR_04,0,0
638,multiplas_emergencias,PREEMPCAO_COMPENSADA,41,3323.2,3351.1,27.9,280,CRUZ_02,2,VE_ROTA_VE_CORREDOR_05|VE_ROTA_VE_TRANSVERSAL_05,POLICIA|POLICIA,3|3,44.3|25.7,1|2,1,1,1,,0,0
638,multiplas_emergencias,PREEMPCAO_COMPENSADA,41,3428.7,3458.5,29.8,299,CRUZ_08,2,VE_ROTA_VE_CORREDOR_05|VE_ROTA_VE_TRANSVERSAL_05,POLICIA|POLICIA,3|3,56.6|23.1,2|1,1,1,1,,0,0
639,multiplas_emergencias,PREEMPCAO_ML,41,332.7,373.3,40.6,407,CRUZ_02,2,VE_ROTA_VE_CORREDOR_00|VE_ROTA_VE_TRANSVERSAL_00,AMBULANCIA|AMBULANCIA,1|1,81.4|24.5,1|2,1,1,1,,1,1
639,multiplas_emergencias,PREEMPCAO_ML,41,477.7,518.1,40.4,405,CRUZ_08,2,VE_ROTA_VE_CORREDOR_00|VE_ROTA_VE_TRANSVERSAL_00,AMBULANCIA|AMBULANCIA,1|1,64.3|40.4,2|1,1,1,1,,1,1
639,multiplas_emergencias,PREEMPCAO_ML,41,921.9,959.1,37.2,373,CRUZ_02,2,VE_ROTA_VE_CORREDOR_01|VE_ROTA_VE_TRANSVERSAL_01,BOMBEIRO|BOMBEIRO,2|2,23.0|36.5,1|2,1,1,1,,1,0
639,multiplas_emergencias,PREEMPCAO_ML,41,1045.8,1069.3,23.5,236,CRUZ_08,2,VE_ROTA_VE_CORREDOR_01|VE_ROTA_VE_TRANSVERSAL_01,BOMBEIRO|BOMBEIRO,2|2,22.3|23.0,2|1,1,1,1,,1,0
639,multiplas_emergencias,PREEMPCAO_ML,41,1533.6,1549.5,15.9,160,CRUZ_02,2,VE_ROTA_VE_CORREDOR_02|VE_ROTA_VE_TRANSVERSAL_02,POLICIA|POLICIA,3|3,43.4|13.2,1|2,1,1,1,,1,1
639,multiplas_emergencias,PREEMPCAO_ML,41,1645.9,1653.8,7.9,80,CRUZ_08,2,VE_ROTA_VE_CORREDOR_02|VE_ROTA_VE_TRANSVERSAL_02,POLICIA|POLICIA,3|3,56.1|4.8,2|1,1,0,0,VE_ROTA_VE_TRANSVERSAL_02,0,0
639,multiplas_emergencias,PREEMPCAO_ML,41,2124.3,2158.6,34.3,344,CRUZ_02,2,VE_ROTA_VE_CORREDOR_03|VE_ROTA_VE_TRANSVERSAL_03,AMBULANCIA|AMBULANCIA,1|1,108.1|24.6,1|2,1,1,1,,1,1
639,multiplas_emergencias,PREEMPCAO_ML,41,2232.0,2264.4,32.4,325,CRUZ_08,2,VE_ROTA_VE_CORREDOR_03|VE_ROTA_VE_TRANSVERSAL_03,AMBULANCIA|AMBULANCIA,1|1,32.6|21.2,2|1,1,1,1,,1,1
639,multiplas_emergencias,PREEMPCAO_ML,41,2721.9,2748.2,26.3,264,CRUZ_02,2,VE_ROTA_VE_CORREDOR_04|VE_ROTA_VE_TRANSVERSAL_04,BOMBEIRO|BOMBEIRO,2|2,23.0|31.4,1|2,1,1,1,,1,0
639,multiplas_emergencias,PREEMPCAO_ML,41,2834.1,2862.6,28.5,286,CRUZ_08,2,VE_ROTA_VE_CORREDOR_04|VE_ROTA_VE_TRANSVERSAL_04,BOMBEIRO|BOMBEIRO,2|2,27.2|23.1,2|1,1,1,1,,1,1
639,multiplas_emergencias,PREEMPCAO_ML,41,3322.1,3353.4,31.3,314,CRUZ_02,2,VE_ROTA_VE_CORREDOR_05|VE_ROTA_VE_TRANSVERSAL_05,POLICIA|POLICIA,3|3,25.2|26.3,1|2,1,1,1,,1,1
639,multiplas_emergencias,PREEMPCAO_ML,41,3438.6,3467.8,29.2,293,CRUZ_08,2,VE_ROTA_VE_CORREDOR_05|VE_ROTA_VE_TRANSVERSAL_05,POLICIA|POLICIA,3|3,23.5|40.2,2|1,1,1,1,,1,0
650,multiplas_emergencias,PREEMPCAO,42,322.7,355.1,32.4,325,CRUZ_02,2,VE_ROTA_VE_CORREDOR_00|VE_ROTA_VE_TRANSVERSAL_00,AMBULANCIA|AMBULANCIA,1|1,43.4|30.5,1|2,1,1,1,,0,0
650,multiplas_emergencias,PREEMPCAO,42,473.3,479.4,6.1,62,CRUZ_08,2,VE_ROTA_VE_CORREDOR_00|VE_ROTA_VE_TRANSVERSAL_00,AMBULANCIA|AMBULANCIA,1|1,123.9|8.2,2|1,1,0,0,VE_ROTA_VE_TRANSVERSAL_00,0,0
650,multiplas_emergencias,PREEMPCAO,42,921.9,948.6,26.7,268,CRUZ_02,2,VE_ROTA_VE_CORREDOR_01|VE_ROTA_VE_TRANSVERSAL_01,BOMBEIRO|BOMBEIRO,2|2,23.0|21.6,1|2,1,1,1,,0,0
650,multiplas_emergencias,PREEMPCAO,42,1523.2,1547.2,24.0,241,CRUZ_02,2,VE_ROTA_VE_CORREDOR_02|VE_ROTA_VE_TRANSVERSAL_02,POLICIA|POLICIA,3|3,36.1|20.5,1|2,1,1,1,,0,0
650,multiplas_emergencias,PREEMPCAO,42,1642.5,1678.3,35.8,359,CRUZ_08,2,VE_ROTA_VE_CORREDOR_02|VE_ROTA_VE_TRANSVERSAL_02,POLICIA|POLICIA,3|3,56.8|48.2,2|1,1,1,1,,0,0
650,multiplas_emergencias,PREEMPCAO,42,2124.5,2145.0,20.5,206,CRUZ_02,2,VE_ROTA_VE_CORREDOR_03|VE_ROTA_VE_TRANSVERSAL_03,AMBULANCIA|AMBULANCIA,1|1,29.9|19.2,1|2,1,1,1,,0,0
650,multiplas_emergencias,PREEMPCAO,42,2216.7,2251.7,35.0,351,CRUZ_08,2,VE_ROTA_VE_CORREDOR_03|VE_ROTA_VE_TRANSVERSAL_03,AMBULANCIA|AMBULANCIA,1|1,30.2|30.9,2|1,1,1,1,,0,0
650,multiplas_emergencias,PREEMPCAO,42,2722.4,2748.9,26.5,266,CRUZ_02,2,VE_ROTA_VE_CORREDOR_04|VE_ROTA_VE_TRANSVERSAL_04,BOMBEIRO|BOMBEIRO,2|2,43.9|21.1,1|2,1,1,1,,0,0
650,multiplas_emergencias,PREEMPCAO,42,2841.2,2864.8,23.6,237,CRUZ_08,2,VE_ROTA_VE_CORREDOR_04|VE_ROTA_VE_TRANSVERSAL_04,BOMBEIRO|BOMBEIRO,2|2,35.2|22.4,2|1,1,1,1,,0,0
650,multiplas_emergencias,PREEMPCAO,42,3323.6,3355.0,31.4,315,CRUZ_02,2,VE_ROTA_VE_CORREDOR_05|VE_ROTA_VE_TRANSVERSAL_05,POLICIA|POLICIA,3|3,30.2|27.2,1|2,1,1,1,,0,0
650,multiplas_emergencias,PREEMPCAO,42,3445.7,3475.7,30.0,301,CRUZ_08,2,VE_ROTA_VE_CORREDOR_05|VE_ROTA_VE_TRANSVERSAL_05,POLICIA|POLICIA,3|3,27.6|23.2,2|1,1,1,1,,0,0
651,multiplas_emergencias,PREEMPCAO_COMPENSADA,42,322.7,355.1,32.4,325,CRUZ_02,2,VE_ROTA_VE_CORREDOR_00|VE_ROTA_VE_TRANSVERSAL_00,AMBULANCIA|AMBULANCIA,1|1,43.4|30.5,1|2,1,1,1,,0,0
651,multiplas_emergencias,PREEMPCAO_COMPENSADA,42,473.4,479.4,6.0,61,CRUZ_08,2,VE_ROTA_VE_CORREDOR_00|VE_ROTA_VE_TRANSVERSAL_00,AMBULANCIA|AMBULANCIA,1|1,123.5|8.1,2|1,1,0,0,VE_ROTA_VE_TRANSVERSAL_00,0,0
651,multiplas_emergencias,PREEMPCAO_COMPENSADA,42,925.0,950.6,25.6,257,CRUZ_02,2,VE_ROTA_VE_CORREDOR_01|VE_ROTA_VE_TRANSVERSAL_01,BOMBEIRO|BOMBEIRO,2|2,46.8|18.5,1|2,1,1,1,,0,0
651,multiplas_emergencias,PREEMPCAO_COMPENSADA,42,1522.0,1547.3,25.3,254,CRUZ_02,2,VE_ROTA_VE_CORREDOR_02|VE_ROTA_VE_TRANSVERSAL_02,POLICIA|POLICIA,3|3,23.0|21.7,1|2,1,1,1,,0,0
651,multiplas_emergencias,PREEMPCAO_COMPENSADA,42,1647.2,1678.2,31.0,311,CRUZ_08,2,VE_ROTA_VE_CORREDOR_02|VE_ROTA_VE_TRANSVERSAL_02,POLICIA|POLICIA,3|3,29.7|125.0,2|1,1,1,1,,0,0
651,multiplas_emergencias,PREEMPCAO_COMPENSADA,42,2124.8,2145.0,20.2,203,CRUZ_02,2,VE_ROTA_VE_CORREDOR_03|VE_ROTA_VE_TRANSVERSAL_03,AMBULANCIA|AMBULANCIA,1|1,34.9|18.8,1|2,1,1,1,,0,0
651,multiplas_emergencias,PREEMPCAO_COMPENSADA,42,2222.0,2248.2,26.2,263,CRUZ_08,2,VE_ROTA_VE_CORREDOR_03|VE_ROTA_VE_TRANSVERSAL_03,AMBULANCIA|AMBULANCIA,1|1,30.3|23.0,2|1,1,1,1,,0,0
651,multiplas_emergencias,PREEMPCAO_COMPENSADA,42,2721.9,2748.9,27.0,271,CRUZ_02,2,VE_ROTA_VE_CORREDOR_04|VE_ROTA_VE_TRANSVERSAL_04,BOMBEIRO|BOMBEIRO,2|2,23.0|21.6,1|2,1,1,1,,0,0
651,multiplas_emergencias,PREEMPCAO_COMPENSADA,42,2849.3,2864.9,15.6,157,CRUZ_08,2,VE_ROTA_VE_CORREDOR_04|VE_ROTA_VE_TRANSVERSAL_04,BOMBEIRO|BOMBEIRO,2|2,48.8|15.0,2|1,1,1,1,,0,0
651,multiplas_emergencias,PREEMPCAO_COMPENSADA,42,3323.6,3352.6,29.0,291,CRUZ_02,2,VE_ROTA_VE_CORREDOR_05|VE_ROTA_VE_TRANSVERSAL_05,POLICIA|POLICIA,3|3,30.1|27.2,1|2,1,1,1,,0,0
651,multiplas_emergencias,PREEMPCAO_COMPENSADA,42,3450.6,3465.0,14.4,145,CRUZ_08,2,VE_ROTA_VE_CORREDOR_05|VE_ROTA_VE_TRANSVERSAL_05,POLICIA|POLICIA,3|3,36.2|13.8,2|1,1,1,1,,0,0
652,multiplas_emergencias,PREEMPCAO_ML,42,322.7,358.7,36.0,361,CRUZ_02,2,VE_ROTA_VE_CORREDOR_00|VE_ROTA_VE_TRANSVERSAL_00,AMBULANCIA|AMBULANCIA,1|1,43.4|30.5,1|2,1,1,1,,1,1
652,multiplas_emergencias,PREEMPCAO_ML,42,472.3,495.4,23.1,232,CRUZ_08,2,VE_ROTA_VE_CORREDOR_00|VE_ROTA_VE_TRANSVERSAL_00,AMBULANCIA|AMBULANCIA,1|1,21.8|99.1,2|1,1,1,1,,1,0
652,multiplas_emergencias,PREEMPCAO_ML,42,921.9,961.8,39.9,400,CRUZ_02,2,VE_ROTA_VE_CORREDOR_01|VE_ROTA_VE_TRANSVERSAL_01,BOMBEIRO|BOMBEIRO,2|2,23.0|21.6,1|2,1,1,1,,1,1
652,multiplas_emergencias,PREEMPCAO_ML,42,1065.3,1088.2,22.9,230,CRUZ_08,2,VE_ROTA_VE_CORREDOR_01|VE_ROTA_VE_TRANSVERSAL_01,BOMBEIRO|BOMBEIRO,2|2,21.6|34.1,2|1,1,1,1,,1,0
652,multiplas_emergencias,PREEMPCAO_ML,42,1523.2,1549.0,25.8,259,CRUZ_02,2,VE_ROTA_VE_CORREDOR_02|VE_ROTA_VE_TRANSVERSAL_02,POLICIA|POLICIA,3|3,35.7|20.5,1|2,1,0,0,VE_ROTA_VE_TRANSVERSAL_02,0,0
652,multiplas_emergencias,PREEMPCAO_ML,42,1632.2,1673.8,41.6,417,CRUZ_08,2,VE_ROTA_VE_CORREDOR_02|VE_ROTA_VE_TRANSVERSAL_02,POLICIA|POLICIA,3|3,30.0|23.1,2|1,1,1,1,,1,1
652,multiplas_emergencias,PREEMPCAO_ML,42,2124.5,2149.5,25.0,251,CRUZ_02,2,VE_ROTA_VE_CORREDOR_03|VE_ROTA_VE_TRANSVERSAL_03,AMBULANCIA|AMBULANCIA,1|1,30.0|19.2,1|2,1,1,1,,1,1
652,multiplas_emergencias,PREEMPCAO_ML,42,2224.7,2257.4,32.7,328,CRUZ_08,2,VE_ROTA_VE_CORREDOR_03|VE_ROTA_VE_TRANSVERSAL_03,AMBULANCIA|AMBULANCIA,1|1,23.5|23.1,2|1,1,1,1,,1,1
652,multiplas_emergencias,PREEMPCAO_ML,42,2722.4,2762.9,40.5,406,CRUZ_02,2,VE_ROTA_VE_CORREDOR_04|VE_ROTA_VE_TRANSVERSAL_04,BOMBEIRO|BOMBEIRO,2|2,43.9|21.1,1|2,1,1,1,,1,1
652,multiplas_emergencias,PREEMPCAO_ML,42,2860.2,2893.2,33.0,331,CRUZ_08,2,VE_ROTA_VE_CORREDOR_04|VE_ROTA_VE_TRANSVERSAL_04,BOMBEIRO|BOMBEIRO,2|2,47.5|23.0,2|1,1,1,1,,1,1
652,multiplas_emergencias,PREEMPCAO_ML,42,3323.6,3361.9,38.3,384,CRUZ_02,2,VE_ROTA_VE_CORREDOR_05|VE_ROTA_VE_TRANSVERSAL_05,POLICIA|POLICIA,3|3,30.1|27.1,1|2,1,1,1,,1,1
652,multiplas_emergencias,PREEMPCAO_ML,42,3455.2,3495.5,40.3,404,CRUZ_08,2,VE_ROTA_VE_CORREDOR_05|VE_ROTA_VE_TRANSVERSAL_05,POLICIA|POLICIA,3|3,93.0|23.8,2|1,1,1,1,,1,1
663,multiplas_emergencias,PREEMPCAO,43,322.5,356.2,33.7,338,CRUZ_02,2,VE_ROTA_VE_CORREDOR_00|VE_ROTA_VE_TRANSVERSAL_00,AMBULANCIA|AMBULANCIA,1|1,43.2|32.8,1|2,1,1,1,,0,0
663,multiplas_emergencias,PREEMPCAO,43,450.4,474.5,24.1,242,CRUZ_08,2,VE_ROTA_VE_CORREDOR_00|VE_ROTA_VE_TRANSVERSAL_00,AMBULANCIA|AMBULANCIA,1|1,22.8|23.0,2|1,1,1,1,,0,0
663,multiplas_emergencias,PREEMPCAO,43,922.5,949.2,26.7,268,CRUZ_02,2,VE_ROTA_VE_CORREDOR_01|VE_ROTA_VE_TRANSVERSAL_01,BOMBEIRO|BOMBEIRO,2|2,23.0|38.0,1|2,1,1,1,,0,0
663,multiplas_emergencias,PREEMPCAO,43,1046.5,1067.8,21.3,214,CRUZ_08,2,VE_ROTA_VE_CORREDOR_01|VE_ROTA_VE_TRANSVERSAL_01,BOMBEIRO|BOMBEIRO,2|2,15.7|36.2,2|1,1,1,1,,0,0
663,multiplas_emergencias,PREEMPCAO,43,1523.7,1550.3,26.6,267,CRUZ_02,2,VE_ROTA_VE_CORREDOR_02|VE_ROTA_VE_TRANSVERSAL_02,POLICIA|POLICIA,3|3,36.2|20.0,1|2,1,1,1,,0,0
663,multiplas_emergencias,PREEMPCAO,43,1634.7,1659.1,24.4,245,CRUZ_08,2,VE_ROTA_VE_CORREDOR_02|VE_ROTA_VE_TRANSVERSAL_02,POLICIA|POLICIA,3|3,30.5|23.1,2|1,1,1,1,,0,0
663,multiplas_emergencias,PREEMPCAO,43,2130.1,2161.1,31.0,311,CRUZ_02,2,VE_ROTA_VE_CORREDOR_03|VE_ROTA_VE_TRANSVERSAL_03,AMBULANCIA|AMBULANCIA,1|1,44.6|22.2,1|2,1,1,1,,0,0
663,multiplas_emergencias,PREEMPCAO,43,2257.2,2285.9,28.7,288,CRUZ_08,2,VE_ROTA_VE_CORREDOR_03|VE_ROTA_VE_TRANSVERSAL_03,AMBULANCIA|AMBULANCIA,1|1,21.0|23.1,2|1,1,1,1,,0,0
663,multiplas_emergencias,PREEMPCAO,43,2730.4,2758.2,27.8,279,CRUZ_02,2,VE_ROTA_VE_CORREDOR_04|VE_ROTA_VE_TRANSVERSAL_04,BOMBEIRO|BOMBEIRO,2|2,125.0|24.0,1|2,1,1,1,,0,0
663,multiplas_emergencias,PREEMPCAO,43,2842.0,2860.9,18.9,190,CRUZ_08,2,VE_ROTA_VE_CORREDOR_04|VE_ROTA_VE_TRANSVERSAL_04,BOMBEIRO|BOMBEIRO,2|2,30.2|12.3,2|1,1,0,0,VE_ROTA_VE_TRANSVERSAL_04,0,0
663,multiplas_emergencias,PREEMPCAO,43,3323.3,3361.5,38.2,383,CRUZ_02,2,VE_ROTA_VE_CORREDOR_05|VE_ROTA_VE_TRANSVERSAL_05,POLICIA|POLICIA,3|3,32.2|24.2,1|2,1,1,1,,0,0
663,multiplas_emergencias,PREEMPCAO,43,3452.1,3474.9,22.8,229,CRUZ_08,2,VE_ROTA_VE_CORREDOR_05|VE_ROTA_VE_TRANSVERSAL_05,POLICIA|POLICIA,3|3,19.9|23.0,2|1,1,1,1,,0,0
664,multiplas_emergencias,PREEMPCAO_COMPENSADA,43,322.5,356.2,33.7,338,CRUZ_02,2,VE_ROTA_VE_CORREDOR_00|VE_ROTA_VE_TRANSVERSAL_00,AMBULANCIA|AMBULANCIA,1|1,43.2|32.8,1|2,1,1,1,,0,0
664,multiplas_emergencias,PREEMPCAO_COMPENSADA,43,450.4,474.5,24.1,242,CRUZ_08,2,VE_ROTA_VE_CORREDOR_00|VE_ROTA_VE_TRANSVERSAL_00,AMBULANCIA|AMBULANCIA,1|1,22.8|23.0,2|1,1,1,1,,0,0
664,multiplas_emergencias,PREEMPCAO_COMPENSADA,43,922.4,956.8,34.4,345,CRUZ_02,2,VE_ROTA_VE_CORREDOR_01|VE_ROTA_VE_TRANSVERSAL_01,BOMBEIRO|BOMBEIRO,2|2,23.0|38.1,1|2,1,1,1,,0,0
664,multiplas_emergencias,PREEMPCAO_COMPENSADA,43,1062.5,1075.8,13.3,134,CRUZ_08,2,VE_ROTA_VE_CORREDOR_01|VE_ROTA_VE_TRANSVERSAL_01,BOMBEIRO|BOMBEIRO,2|2,12.0|46.0,2|1,1,0,0,VE_ROTA_VE_CORREDOR_01,0,0
664,multiplas_emergencias,PREEMPCAO_COMPENSADA,43,1522.0,1552.4,30.4,305,CRUZ_02,2,VE_ROTA_VE_CORREDOR_02|VE_ROTA_VE_TRANSVERSAL_02,POLICIA|POLICIA,3|3,23.0|21.7,1|2,1,1,1,,0,0
664,multiplas_emergencias,PREEMPCAO_COMPENSADA,43,1633.9,1661.7,27.8,279,CRUZ_08,2,VE_ROTA_VE_CORREDOR_02|VE_ROTA_VE_TRANSVERSAL_02,POLICIA|POLICIA,3|3,29.8|23.0,2|1,1,1,1,,0,0
664,multiplas_emergencias,PREEMPCAO_COMPENSADA,43,2129.4,2161.2,31.8,319,CRUZ_02,2,VE_ROTA_VE_CORREDOR_03|VE_ROTA_VE_TRANSVERSAL_03,AMBULANCIA|AMBULANCIA,1|1,39.8|22.8,1|2,1,1,1,,0,0
664,multiplas_emergencias,PREEMPCAO_COMPENSADA,43,2266.3,2312.1,45.8,459,CRUZ_08,2,VE_ROTA_VE_CORREDOR_03|VE_ROTA_VE_TRANSVERSAL_03,AMBULANCIA|AMBULANCIA,1|1,40.2|32.7,2|1,1,1,1,,0,0
664,multiplas_emergencias,PREEMPCAO_COMPENSADA,43,2721.9,2795.9,74.0,741,CRUZ_02,2,VE_ROTA_VE_CORREDOR_04|VE_ROTA_VE_TRANSVERSAL_04,BOMBEIRO|BOMBEIRO,2|2,23.0|32.4,1|2,1,1,1,,0,0
664,multiplas_emergencias,PREEMPCAO_COMPENSADA,43,2882.2,2894.8,12.6,127,CRUZ_08,2,VE_ROTA_VE_CORREDOR_04|VE_ROTA_VE_TRANSVERSAL_04,BOMBEIRO|BOMBEIRO,2|2,39.3|8.8,2|1,1,0,0,VE_ROTA_VE_TRANSVERSAL_04,0,0
664,multiplas_emergencias,PREEMPCAO_COMPENSADA,43,3326.1,3359.1,33.0,331,CRUZ_02,2,VE_ROTA_VE_CORREDOR_05|VE_ROTA_VE_TRANSVERSAL_05,POLICIA|POLICIA,3|3,77.5|23.6,1|2,1,1,1,,0,0
664,multiplas_emergencias,PREEMPCAO_COMPENSADA,43,3452.0,3484.8,32.8,329,CRUZ_08,2,VE_ROTA_VE_CORREDOR_05|VE_ROTA_VE_TRANSVERSAL_05,POLICIA|POLICIA,3|3,31.5|23.1,2|1,1,1,1,,0,0
665,multiplas_emergencias,PREEMPCAO_ML,43,322.5,355.9,33.4,335,CRUZ_02,2,VE_ROTA_VE_CORREDOR_00|VE_ROTA_VE_TRANSVERSAL_00,AMBULANCIA|AMBULANCIA,1|1,43.2|32.8,1|2,1,1,1,,1,1
665,multiplas_emergencias,PREEMPCAO_ML,43,450.4,476.6,26.2,263,CRUZ_08,2,VE_ROTA_VE_CORREDOR_00|VE_ROTA_VE_TRANSVERSAL_00,AMBULANCIA|AMBULANCIA,1|1,24.9|23.0,2|1,1,1,1,,1,1
665,multiplas_emergencias,PREEMPCAO_ML,43,922.4,949.2,26.8,269,CRUZ_02,2,VE_ROTA_VE_CORREDOR_01|VE_ROTA_VE_TRANSVERSAL_01,BOMBEIRO|BOMBEIRO,2|2,23.0|38.4,1|2,1,1,1,,1,0
665,multiplas_emergencias,PREEMPCAO_ML,43,1050.6,1066.9,16.3,164,CRUZ_08,2,VE_ROTA_VE_CORREDOR_01|VE_ROTA_VE_TRANSVERSAL_01,BOMBEIRO|BOMBEIRO,2|2,12.2|35.9,2|1,1,1,1,,1,0
665,multiplas_emergencias,PREEMPCAO_ML,43,1523.8,1559.4,35.6,357,CRUZ_02,2,VE_ROTA_VE_CORREDOR_02|VE_ROTA_VE_TRANSVERSAL_02,POLICIA|POLICIA,3|3,36.5|19.9,1|2,1,1,1,,1,1
665,multiplas_emergencias,PREEMPCAO_ML,43,1648.8,1670.5,21.7,218,CRUZ_08,2,VE_ROTA_VE_CORREDOR_02|VE_ROTA_VE_TRANSVERSAL_02,POLICIA|POLICIA,3|3,17.0|31.2,2|1,1,1,1,,1,0
665,multiplas_emergencias,PREEMPCAO_ML,43,2130.2,2168.8,38.6,387,CRUZ_02,2,VE_ROTA_VE_CORREDOR_03|VE_ROTA_VE_TRANSVERSAL_03,AMBULANCIA|AMBULANCIA,1|1,44.8|22.1,1|2,1,1,1,,1,1
665,multiplas_emergencias,PREEMPCAO_ML,43,2265.3,2286.2,20.9,210,CRUZ_08,2,VE_ROTA_VE_CORREDOR_03|VE_ROTA_VE_TRANSVERSAL_03,AMBULANCIA|AMBULANCIA,1|1,17.9|23.0,2|1,1,1,1,,1,0
665,multiplas_emergencias,PREEMPCAO_ML,43,2730.4,2759.6,29.2,293,CRUZ_02,2,VE_ROTA_VE_CORREDOR_04|VE_ROTA_VE_TRANSVERSAL_04,BOMBEIRO|BOMBEIRO,2|2,125.0|24.0,1|2,1,1,1,,1,0
665,multiplas_emergencias,PREEMPCAO_ML,43,2843.9,2868.3,24.4,245,CRUZ_08,2,VE_ROTA_VE_CORREDOR_04|VE_ROTA_VE_TRANSVERSAL_04,BOMBEIRO|BOMBEIRO,2|2,125.0|32.4,2|1,1,1,1,,1,1
665,multiplas_emergencias,PREEMPCAO_ML,43,3323.3,3354.2,30.9,310,CRUZ_02,2,VE_ROTA_VE_CORREDOR_05|VE_ROTA_VE_TRANSVERSAL_05,POLICIA|POLICIA,3|3,32.2|24.2,1|2,1,1,1,,1,1
665,multiplas_emergencias,PREEMPCAO_ML,43,3451.7,3464.6,12.9,130,CRUZ_08,2,VE_ROTA_VE_CORREDOR_05|VE_ROTA_VE_TRANSVERSAL_05,POLICIA|POLICIA,3|3,11.6|23.0,2|1,1,1,1,,1,0
676,multiplas_emergencias,PREEMPCAO,44,322.5,358.1,35.6,357,CRUZ_02,2,VE_ROTA_VE_CORREDOR_00|VE_ROTA_VE_TRANSVERSAL_00,AMBULANCIA|AMBULANCIA,1|1,44.0|36.5,1|2,1,1,1,,0,0
676,multiplas_emergencias,PREEMPCAO,44,451.3,481.3,30.0,301,CRUZ_08,2,VE_ROTA_VE_CORREDOR_00|VE_ROTA_VE_TRANSVERSAL_00,AMBULANCIA|AMBULANCIA,1|1,56.7|23.1,2|1,1,1,1,,0,0
676,multiplas_emergencias,PREEMPCAO,44,924.8,962.7,37.9,380,CRUZ_02,2,VE_ROTA_VE_CORREDOR_01|VE_ROTA_VE_TRANSVERSAL_01,BOMBEIRO|BOMBEIRO,2|2,32.2|35.4,1|2,1,1,1,,0,0
676,multiplas_emergencias,PREEMPCAO,44,1060.6,1068.5,7.9,80,CRUZ_08,2,VE_ROTA_VE_CORREDOR_01|VE_ROTA_VE_TRANSVERSAL_01,BOMBEIRO|BOMBEIRO,2|2,54.7|7.3,2|1,1,0,0,VE_ROTA_VE_TRANSVERSAL_01,0,0
676,multiplas_emergencias,PREEMPCAO,44,1526.1,1545.1,19.0,191,CRUZ_02,2,VE_ROTA_VE_CORREDOR_02|VE_ROTA_VE_TRANSVERSAL_02,POLICIA|POLICIA,3|3,30.1|17.6,1|2,1,1,1,,0,0
676,multiplas_emergencias,PREEMPCAO,44,2130.4,2147.5,17.1,172,CRUZ_02,2,VE_ROTA_VE_CORREDOR_03|VE_ROTA_VE_TRANSVERSAL_03,AMBULANCIA|AMBULANCIA,1|1,73.1|13.3,1|2,1,0,0,VE_ROTA_VE_TRANSVERSAL_03,0,0
676,multiplas_emergencias,PREEMPCAO,44,2248.4,2266.7,18.3,184,CRUZ_08,2,VE_ROTA_VE_CORREDOR_03|VE_ROTA_VE_TRANSVERSAL_03,AMBULANCIA|AMBULANCIA,1|1,51.4|17.6,2|1,1,1,1,,0,0
676,multiplas_emergencias,PREEMPCAO,44,2730.6,2747.2,16.6,167,CRUZ_02,2,VE_ROTA_VE_CORREDOR_04|VE_ROTA_VE_TRANSVERSAL_04,BOMBEIRO|BOMBEIRO,2|2,106.9|12.9,1|2,1,1,1,,0,0
676,multiplas_emergencias,PREEMPCAO,44,2818.9,2860.4,41.5,416,CRUZ_08,2,VE_ROTA_VE_CORREDOR_04|VE_ROTA_VE_TRANSVERSAL_04,BOMBEIRO|BOMBEIRO,2|2,31.3|21.4,2|1,1,1,1,,0,0
676,multiplas_emergencias,PREEMPCAO,44,3322.0,3350.9,28.9,290,CRUZ_02,2,VE_ROTA_VE_CORREDOR_05|VE_ROTA_VE_TRANSVERSAL_05,POLICIA|POLICIA,3|3,23.0|30.6,1|2,1,1,1,,0,0
676,multiplas_emergencias,PREEMPCAO,44,3438.0,3454.9,16.9,170,CRUZ_08,2,VE_ROTA_VE_CORREDOR_05|VE_ROTA_VE_TRANSVERSAL_05,POLICIA|POLICIA,3|3,15.6|23.0,2|1,1,1,1,,0,0
677,multiplas_emergencias,PREEMPCAO_COMPENSADA,44,322.5,358.1,35.6,357,CRUZ_02,2,VE_ROTA_VE_CORREDOR_00|VE_ROTA_VE_TRANSVERSAL_00,AMBULANCIA|AMBULANCIA,1|1,44.0|36.5,1|2,1,1,1,,0,0
677,multiplas_emergencias,PREEMPCAO_COMPENSADA,44,451.4,481.3,29.9,300,CRUZ_08,2,VE_ROTA_VE_CORREDOR_00|VE_ROTA_VE_TRANSVERSAL_00,AMBULANCIA|AMBULANCIA,1|1,56.7|23.0,2|1,1,1,1,,0,0
677,multiplas_emergencias,PREEMPCAO_COMPENSADA,44,924.9,959.0,34.1,342,CRUZ_02,2,VE_ROTA_VE_CORREDOR_01|VE_ROTA_VE_TRANSVERSAL_01,BOMBEIRO|BOMBEIRO,2|2,32.2|35.3,1|2,1,1,1,,0,0
677,multiplas_emergencias,PREEMPCAO_COMPENSADA,44,1046.7,1071.1,24.4,245,CRUZ_08,2,VE_ROTA_VE_CORREDOR_01|VE_ROTA_VE_TRANSVERSAL_01,BOMBEIRO|BOMBEIRO,2|2,28.2|23.1,2|1,1,1,1,,0,0
677,multiplas_emergencias,PREEMPCAO_COMPENSADA,44,1526.1,1545.1,19.0,191,CRUZ_02,2,VE_ROTA_VE_CORREDOR_02|VE_ROTA_VE_TRANSVERSAL_02,POLICIA|POLICIA,3|3,30.0|17.6,1|2,1,1,1,,0,0
677,multiplas_emergencias,PREEMPCAO_COMPENSADA,44,1641.1,1645.9,4.8,49,CRUZ_08,2,VE_ROTA_VE_CORREDOR_02|VE_ROTA_VE_TRANSVERSAL_02,POLICIA|POLICIA,3|3,78.5|4.1,2|1,1,0,0,VE_ROTA_VE_TRANSVERSAL_02,0,0
677,multiplas_emergencias,PREEMPCAO_COMPENSADA,44,2126.9,2145.0,18.1,182,CRUZ_02,2,VE_ROTA_VE_CORREDOR_03|VE_ROTA_VE_TRANSVERSAL_03,AMBULANCIA|AMBULANCIA,1|1,39.9|16.8,1|2,1,1,1,,0,0
677,multiplas_emergencias,PREEMPCAO_COMPENSADA,44,2729.2,2747.2,18.0,181,CRUZ_02,2,VE_ROTA_VE_CORREDOR_04|VE_ROTA_VE_TRANSVERSAL_04,BOMBEIRO|BOMBEIRO,2|2,30.5|14.3,1|2,1,1,1,,0,0
677,multiplas_emergencias,PREEMPCAO_COMPENSADA,44,2835.2,2862.2,27.0,271,CRUZ_08,2,VE_ROTA_VE_CORREDOR_04|VE_ROTA_VE_TRANSVERSAL_04,BOMBEIRO|BOMBEIRO,2|2,37.6|26.9,2|1,1,1,1,,0,0
677,multiplas_emergencias,PREEMPCAO_COMPENSADA,44,3330.5,3364.6,34.1,342,CRUZ_02,2,VE_ROTA_VE_CORREDOR_05|VE_ROTA_VE_TRANSVERSAL_05,POLICIA|POLICIA,3|3,125.0|22.3,1|2,1,1,1,,0,0
677,multiplas_emergencias,PREEMPCAO_COMPENSADA,44,3464.0,3479.4,15.4,155,CRUZ_08,2,VE_ROTA_VE_CORREDOR_05|VE_ROTA_VE_TRANSVERSAL_05,POLICIA|POLICIA,3|3,46.1|11.4,2|1,1,0,0,VE_ROTA_VE_TRANSVERSAL_05,0,0
678,multiplas_emergencias,PREEMPCAO_ML,44,322.5,358.1,35.6,357,CRUZ_02,2,VE_ROTA_VE_CORREDOR_00|VE_ROTA_VE_TRANSVERSAL_00,AMBULANCIA|AMBULANCIA,1|1,44.0|36.5,1|2,1,1,1,,1,1
678,multiplas_emergencias,PREEMPCAO_ML,44,451.3,486.4,35.1,352,CRUZ_08,2,VE_ROTA_VE_CORREDOR_00|VE_ROTA_VE_TRANSVERSAL_00,AMBULANCIA|AMBULANCIA,1|1,56.7|23.1,2|1,1,1,1,,1,1
678,multiplas_emergencias,PREEMPCAO_ML,44,924.9,961.6,36.7,368,CRUZ_02,2,VE_ROTA_VE_CORREDOR_01|VE_ROTA_VE_TRANSVERSAL_01,BOMBEIRO|BOMBEIRO,2|2,32.1|35.3,1|2,1,1,1,,1,0
678,multiplas_emergencias,PREEMPCAO_ML,44,1049.4,1083.9,34.5,346,CRUZ_08,2,VE_ROTA_VE_CORREDOR_01|VE_ROTA_VE_TRANSVERSAL_01,BOMBEIRO|BOMBEIRO,2|2,24.9|23.1,2|1,1,1,1,,1,1
678,multiplas_emergencias,PREEMPCAO_ML,44,1526.1,1545.1,19.0,191,CRUZ_02,2,VE_ROTA_VE_CORREDOR_02|VE_ROTA_VE_TRANSVERSAL_02,POLICIA|POLICIA,3|3,30.0|17.6,1|2,1,1,1,,1,1
678,multiplas_emergencias,PREEMPCAO_ML,44,1624.1,1633.4,9.3,94,CRUZ_08,2,VE_ROTA_VE_CORREDOR_02|VE_ROTA_VE_TRANSVERSAL_02,POLICIA|POLICIA,3|3,33.6|6.3,2|1,1,0,0,VE_ROTA_VE_TRANSVERSAL_02,0,0
678,multiplas_emergencias,PREEMPCAO_ML,44,2130.3,2147.3,17.0,171,CRUZ_02,2,VE_ROTA_VE_CORREDOR_03|VE_ROTA_VE_TRANSVERSAL_03,AMBULANCIA|AMBULANCIA,1|1,69.5|13.3,1|2,1,0,0,VE_ROTA_VE_TRANSVERSAL_03,0,0
678,multiplas_emergencias,PREEMPCAO_ML,44,2243.2,2282.0,38.8,389,CRUZ_08,2,VE_ROTA_VE_CORREDOR_03|VE_ROTA_VE_TRANSVERSAL_03,AMBULANCIA|AMBULANCIA,1|1,46.9|17.1,2|1,1,1,1,,1,1
678,multiplas_emergencias,PREEMPCAO_ML,44,2730.6,2747.2,16.6,167,CRUZ_02,2,VE_ROTA_VE_CORREDOR_04|VE_ROTA_VE_TRANSVERSAL_04,BOMBEIRO|BOMBEIRO,2|2,106.6|12.9,1|2,1,1,1,,1,0
678,multiplas_emergencias,PREEMPCAO_ML,44,2826.8,2842.6,15.8,159,CRUZ_08,2,VE_ROTA_VE_CORREDOR_04|VE_ROTA_VE_TRANSVERSAL_04,BOMBEIRO|BOMBEIRO,2|2,65.9|10.0,2|1,1,0,0,VE_ROTA_VE_TRANSVERSAL_04,0,0
678,multiplas_emergencias,PREEMPCAO_ML,44,3322.0,3350.9,28.9,290,CRUZ_02,2,VE_ROTA_VE_CORREDOR_05|VE_ROTA_VE_TRANSVERSAL_05,POLICIA|POLICIA,3|3,23.0|30.5,1|2,1,1,1,,1,0
678,multiplas_emergencias,PREEMPCAO_ML,44,3430.5,3461.3,30.8,309,CRUZ_08,2,VE_ROTA_VE_CORREDOR_05|VE_ROTA_VE_TRANSVERSAL_05,POLICIA|POLICIA,3|3,24.0|23.1,2|1,1,1,1,,1,1
689,multiplas_emergencias,PREEMPCAO,45,329.9,345.0,15.1,152,CRUZ_02,2,VE_ROTA_VE_CORREDOR_00|VE_ROTA_VE_TRANSVERSAL_00,AMBULANCIA|AMBULANCIA,1|1,124.9|13.7,1|2,1,1,1,,0,0
689,multiplas_emergencias,PREEMPCAO,45,454.5,460.1,5.6,57,CRUZ_08,2,VE_ROTA_VE_CORREDOR_00|VE_ROTA_VE_TRANSVERSAL_00,AMBULANCIA|AMBULANCIA,1|1,34.3|4.7,2|1,1,0,0,VE_ROTA_VE_TRANSVERSAL_00,0,0
689,multiplas_emergencias,PREEMPCAO,45,921.9,953.6,31.7,318,CRUZ_02,2,VE_ROTA_VE_CORREDOR_01|VE_ROTA_VE_TRANSVERSAL_01,BOMBEIRO|BOMBEIRO,2|2,23.0|21.6,1|2,1,1,1,,0,0
689,multiplas_emergencias,PREEMPCAO,45,1044.9,1051.0,6.1,62,CRUZ_08,2,VE_ROTA_VE_CORREDOR_01|VE_ROTA_VE_TRANSVERSAL_01,BOMBEIRO|BOMBEIRO,2|2,4.8|23.0,2|1,1,0,0,VE_ROTA_VE_CORREDOR_01,0,0
689,multiplas_emergencias,PREEMPCAO,45,1522.9,1554.6,31.7,318,CRUZ_02,2,VE_ROTA_VE_CORREDOR_02|VE_ROTA_VE_TRANSVERSAL_02,POLICIA|POLICIA,3|3,29.6|33.6,1|2,1,1,1,,0,0
689,multiplas_emergencias,PREEMPCAO,45,1657.8,1669.0,11.2,113,CRUZ_08,2,VE_ROTA_VE_CORREDOR_02|VE_ROTA_VE_TRANSVERSAL_02,POLICIA|POLICIA,3|3,16.7|23.0,2|1,1,0,0,VE_ROTA_VE_CORREDOR_02,0,0
689,multiplas_emergencias,PREEMPCAO,45,2122.3,2146.7,24.4,245,CRUZ_02,2,VE_ROTA_VE_CORREDOR_03|VE_ROTA_VE_TRANSVERSAL_03,AMBULANCIA|AMBULANCIA,1|1,26.8|23.8,1|2,1,1,1,,0,0
689,multiplas_emergencias,PREEMPCAO,45,2724.2,2744.9,20.7,208,CRUZ_02,2,VE_ROTA_VE_CORREDOR_04|VE_ROTA_VE_TRANSVERSAL_04,BOMBEIRO|BOMBEIRO,2|2,109.5|19.3,1|2,1,1,1,,0,0
689,multiplas_emergencias,PREEMPCAO,45,2827.7,2836.1,8.4,85,CRUZ_08,2,VE_ROTA_VE_CORREDOR_04|VE_ROTA_VE_TRANSVERSAL_04,BOMBEIRO|BOMBEIRO,2|2,31.5|7.5,2|1,1,0,0,VE_ROTA_VE_TRANSVERSAL_04,0,0
689,multiplas_emergencias,PREEMPCAO,45,3322.2,3359.5,37.3,374,CRUZ_02,2,VE_ROTA_VE_CORREDOR_05|VE_ROTA_VE_TRANSVERSAL_05,POLICIA|POLICIA,3|3,23.1|21.5,1|2,1,1,1,,0,0
689,multiplas_emergencias,PREEMPCAO,45,3435.6,3458.0,22.4,225,CRUZ_08,2,VE_ROTA_VE_CORREDOR_05|VE_ROTA_VE_TRANSVERSAL_05,POLICIA|POLICIA,3|3,53.2|25.0,2|1,1,1,1,,0,0
690,multiplas_emergencias,PREEMPCAO_COMPENSADA,45,329.9,345.0,15.1,152,CRUZ_02,2,VE_ROTA_VE_CORREDOR_00|VE_ROTA_VE_TRANSVERSAL_00,AMBULANCIA|AMBULANCIA,1|1,124.9|13.7,1|2,1,1,1,,0,0
690,multiplas_emergencias,PREEMPCAO_COMPENSADA,45,454.5,460.1,5.6,57,CRUZ_08,2,VE_ROTA_VE_CORREDOR_00|VE_ROTA_VE_TRANSVERSAL_00,AMBULANCIA|AMBULANCIA,1|1,34.7|4.7,2|1,1,0,0,VE_ROTA_VE_TRANSVERSAL_00,0,0
690,multiplas_emergencias,PREEMPCAO_COMPENSADA,45,921.9,948.2,26.3,264,CRUZ_02,2,VE_ROTA_VE_CORREDOR_01|VE_ROTA_VE_TRANSVERSAL_01,BOMBEIRO|BOMBEIRO,2|2,23.0|21.6,1|2,1,1,1,,0,0
690,multiplas_emergencias,PREEMPCAO_COMPENSADA,45,1028.2,1055.6,27.4,275,CRUZ_08,2,VE_ROTA_VE_CORREDOR_01|VE_ROTA_VE_TRANSVERSAL_01,BOMBEIRO|BOMBEIRO,2|2,25.8|23.1,2|1,1,1,1,,0,0
690,multiplas_emergencias,PREEMPCAO_COMPENSADA,45,1522.3,1550.9,28.6,287,CRUZ_02,2,VE_ROTA_VE_CORREDOR_02|VE_ROTA_VE_TRANSVERSAL_02,POLICIA|POLICIA,3|3,23.0|34.2,1|2,1,1,1,,0,0
690,multiplas_emergencias,PREEMPCAO_COMPENSADA,45,1657.9,1660.6,2.7,28,CRUZ_08,2,VE_ROTA_VE_CORREDOR_02|VE_ROTA_VE_TRANSVERSAL_02,POLICIA|POLICIA,3|3,1.8|31.4,2|1,1,0,0,VE_ROTA_VE_CORREDOR_02,0,0
690,multiplas_emergencias,PREEMPCAO_COMPENSADA,45,2122.0,2146.3,24.3,244,CRUZ_02,2,VE_ROTA_VE_CORREDOR_03|VE_ROTA_VE_TRANSVERSAL_03,AMBULANCIA|AMBULANCIA,1|1,23.0|23.6,1|2,1,1,1,,0,0
690,multiplas_emergencias,PREEMPCAO_COMPENSADA,45,2229.0,2262.9,33.9,340,CRUZ_08,2,VE_ROTA_VE_CORREDOR_03|VE_ROTA_VE_TRANSVERSAL_03,AMBULANCIA|AMBULANCIA,1|1,56.7|23.1,2|1,1,1,1,,0,0
690,multiplas_emergencias,PREEMPCAO_COMPENSADA,45,2722.1,2744.9,22.8,229,CRUZ_02,2,VE_ROTA_VE_CORREDOR_04|VE_ROTA_VE_TRANSVERSAL_04,BOMBEIRO|BOMBEIRO,2|2,23.1|21.4,1|2,1,1,1,,0,0
690,multiplas_emergencias,PREEMPCAO_COMPENSADA,45,2814.6,2849.7,35.1,352,CRUZ_08,2,VE_ROTA_VE_CORREDOR_04|VE_ROTA_VE_TRANSVERSAL_04,BOMBEIRO|BOMBEIRO,2|2,30.3|22.4,2|1,1,1,1,,0,0
690,multiplas_emergencias,PREEMPCAO_COMPENSADA,45,3322.7,3345.5,22.8,229,CRUZ_02,2,VE_ROTA_VE_CORREDOR_05|VE_ROTA_VE_TRANSVERSAL_05,POLICIA|POLICIA,3|3,29.0|21.0,1|2,1,1,1,,0,0
691,multiplas_emergencias,PREEMPCAO_ML,45,329.9,367.1,37.2,373,CRUZ_02,2,VE_ROTA_VE_CORREDOR_00|VE_ROTA_VE_TRANSVERSAL_00,AMBULANCIA|AMBULANCIA,1|1,124.9|13.7,1|2,1,1,1,,1,1
691,multiplas_emergencias,PREEMPCAO_ML,45,454.0,497.6,43.6,437,CRUZ_08,2,VE_ROTA_VE_CORREDOR_00|VE_ROTA_VE_TRANSVERSAL_00,AMBULANCIA|AMBULANCIA,1|1,40.4|21.0,2|1,1,1,1,,1,1
691,multiplas_emergencias,PREEMPCAO_ML,45,921.9,951.2,29.3,294,CRUZ_02,2,VE_ROTA_VE_CORREDOR_01|VE_ROTA_VE_TRANSVERSAL_01,BOMBEIRO|BOMBEIRO,2|2,23.0|21.6,1|2,1,1,1,,1,1
691,multiplas_emergencias,PREEMPCAO_ML,45,1045.0,1052.1,7.1,72,CRUZ_08,2,VE_ROTA_VE_CORREDOR_01|VE_ROTA_VE_TRANSVERSAL_01,BOMBEIRO|BOMBEIRO,2|2,5.8|23.0,2|1,1,0,0,VE_ROTA_VE_CORREDOR_01,0,0
691,multiplas_emergencias,PREEMPCAO_ML,45,1522.9,1555.1,32.2,323,CRUZ_02,2,VE_ROTA_VE_CORREDOR_02|VE_ROTA_VE_TRANSVERSAL_02,POLICIA|POLICIA,3|3,29.9|33.7,1|2,1,1,1,,1,0
691,multiplas_emergencias,PREEMPCAO_ML,45,1657.8,1668.8,11.0,111,CRUZ_08,2,VE_ROTA_VE_CORREDOR_02|VE_ROTA_VE_TRANSVERSAL_02,POLICIA|POLICIA,3|3,15.9|23.0,2|1,1,0,0,VE_ROTA_VE_CORREDOR_02,0,0
691,multiplas_emergencias,PREEMPCAO_ML,45,2123.7,2157.9,34.2,343,CRUZ_02,2,VE_ROTA_VE_CORREDOR_03|VE_ROTA_VE_TRANSVERSAL_03,AMBULANCIA|AMBULANCIA,1|1,64.6|23.8,1|2,1,1,1,,1,1
691,multiplas_emergencias,PREEMPCAO_ML,45,2239.3,2277.7,38.4,385,CRUZ_08,2,VE_ROTA_VE_CORREDOR_03|VE_ROTA_VE_TRANSVERSAL_03,AMBULANCIA|AMBULANCIA,1|1,34.4|24.9,2|1,1,1,1,,1,1
691,multiplas_emergencias,PREEMPCAO_ML,45,2724.2,2744.9,20.7,208,CRUZ_02,2,VE_ROTA_VE_CORREDOR_04|VE_ROTA_VE_TRANSVERSAL_04,BOMBEIRO|BOMBEIRO,2|2,110.0|19.3,1|2,1,1,1,,1,1
691,multiplas_emergencias,PREEMPCAO_ML,45,2835.7,2840.7,5.0,51,CRUZ_08,2,VE_ROTA_VE_CORREDOR_04|VE_ROTA_VE_TRANSVERSAL_04,BOMBEIRO|BOMBEIRO,2|2,44.2|3.6,2|1,1,0,0,VE_ROTA_VE_TRANSVERSAL_04,0,0
691,multiplas_emergencias,PREEMPCAO_ML,45,3322.2,3346.6,24.4,245,CRUZ_02,2,VE_ROTA_VE_CORREDOR_05|VE_ROTA_VE_TRANSVERSAL_05,POLICIA|POLICIA,3|3,23.1|21.5,1|2,1,1,1,,1,1
702,multiplas_emergencias,PREEMPCAO,46,324.0,356.1,32.1,322,CRUZ_02,2,VE_ROTA_VE_CORREDOR_00|VE_ROTA_VE_TRANSVERSAL_00,AMBULANCIA|AMBULANCIA,1|1,107.4|30.2,1|2,1,1,1,,0,0
702,multiplas_emergencias,PREEMPCAO,46,930.4,946.6,16.2,163,CRUZ_02,2,VE_ROTA_VE_CORREDOR_01|VE_ROTA_VE_TRANSVERSAL_01,BOMBEIRO|BOMBEIRO,2|2,107.1|13.1,1|2,1,1,1,,0,0
702,multiplas_emergencias,PREEMPCAO,46,1036.9,1067.3,30.4,305,CRUZ_08,2,VE_ROTA_VE_CORREDOR_01|VE_ROTA_VE_TRANSVERSAL_01,BOMBEIRO|BOMBEIRO,2|2,49.6|29.1,2|1,1,1,1,,0,0
702,multiplas_emergencias,PREEMPCAO,46,1522.0,1545.1,23.1,232,CRUZ_02,2,VE_ROTA_VE_CORREDOR_02|VE_ROTA_VE_TRANSVERSAL_02,POLICIA|POLICIA,3|3,23.0|21.7,1|2,1,1,1,,0,0
702,multiplas_emergencias,PREEMPCAO,46,1624.8,1656.7,31.9,320,CRUZ_08,2,VE_ROTA_VE_CORREDOR_02|VE_ROTA_VE_TRANSVERSAL_02,POLICIA|POLICIA,3|3,124.9|15.3,2|1,1,1,1,,0,0
702,multiplas_emergencias,PREEMPCAO,46,2123.2,2155.3,32.1,322,CRUZ_02,2,VE_ROTA_VE_CORREDOR_03|VE_ROTA_VE_TRANSVERSAL_03,AMBULANCIA|AMBULANCIA,1|1,35.5|20.5,1|2,1,1,1,,0,0
702,multiplas_emergencias,PREEMPCAO,46,2247.5,2271.3,23.8,239,CRUZ_08,2,VE_ROTA_VE_CORREDOR_03|VE_ROTA_VE_TRANSVERSAL_03,AMBULANCIA|AMBULANCIA,1|1,16.9|23.1,2|1,1,1,1,,0,0
702,multiplas_emergencias,PREEMPCAO,46,2723.5,2753.2,29.7,298,CRUZ_02,2,VE_ROTA_VE_CORREDOR_04|VE_ROTA_VE_TRANSVERSAL_04,BOMBEIRO|BOMBEIRO,2|2,59.5|20.0,1|2,1,1,1,,0,0
702,multiplas_emergencias,PREEMPCAO,46,2850.2,2860.0,9.8,99,CRUZ_08,2,VE_ROTA_VE_CORREDOR_04|VE_ROTA_VE_TRANSVERSAL_04,BOMBEIRO|BOMBEIRO,2|2,38.7|8.4,2|1,1,0,0,VE_ROTA_VE_TRANSVERSAL_04,0,0
702,multiplas_emergencias,PREEMPCAO,46,3324.0,3356.1,32.1,322,CRUZ_02,2,VE_ROTA_VE_CORREDOR_05|VE_ROTA_VE_TRANSVERSAL_05,POLICIA|POLICIA,3|3,106.4|25.4,1|2,1,1,1,,0,0
702,multiplas_emergencias,PREEMPCAO,46,3448.3,3470.3,22.0,221,CRUZ_08,2,VE_ROTA_VE_CORREDOR_05|VE_ROTA_VE_TRANSVERSAL_05,POLICIA|POLICIA,3|3,45.3|13.5,2|1,1,0,0,VE_ROTA_VE_TRANSVERSAL_05,0,0
703,multiplas_emergencias,PREEMPCAO_COMPENSADA,46,324.0,356.1,32.1,322,CRUZ_02,2,VE_ROTA_VE_CORREDOR_00|VE_ROTA_VE_TRANSVERSAL_00,AMBULANCIA|AMBULANCIA,1|1,107.4|30.2,1|2,1,1,1,,0,0
703,multiplas_emergencias,PREEMPCAO_COMPENSADA,46,929.0,947.0,18.0,181,CRUZ_02,2,VE_ROTA_VE_CORREDOR_01|VE_ROTA_VE_TRANSVERSAL_01,BOMBEIRO|BOMBEIRO,2|2,30.0|14.5,1|2,1,1,1,,0,0
703,multiplas_emergencias,PREEMPCAO_COMPENSADA,46,1053.0,1060.8,7.8,79,CRUZ_08,2,VE_ROTA_VE_CORREDOR_01|VE_ROTA_VE_TRANSVERSAL_01,BOMBEIRO|BOMBEIRO,2|2,75.6|7.1,2|1,1,0,0,VE_ROTA_VE_TRANSVERSAL_01,0,0
703,multiplas_emergencias,PREEMPCAO_COMPENSADA,46,1522.0,1545.1,23.1,232,CRUZ_02,2,VE_ROTA_VE_CORREDOR_02|VE_ROTA_VE_TRANSVERSAL_02,POLICIA|POLICIA,3|3,23.0|21.7,1|2,1,1,1,,0,0
703,multiplas_emergencias,PREEMPCAO_COMPENSADA,46,1629.7,1674.4,44.7,448,CRUZ_08,2,VE_ROTA_VE_CORREDOR_02|VE_ROTA_VE_TRANSVERSAL_02,POLICIA|POLICIA,3|3,43.6|30.7,2|1,1,1,1,,0,0
703,multiplas_emergencias,PREEMPCAO_COMPENSADA,46,2124.3,2155.4,31.1,312,CRUZ_02,2,VE_ROTA_VE_CORREDOR_03|VE_ROTA_VE_TRANSVERSAL_03,AMBULANCIA|AMBULANCIA,1|1,52.6|19.3,1|2,1,1,1,,0,0
703,multiplas_emergencias,PREEMPCAO_COMPENSADA,46,2246.1,2259.0,12.9,130,CRUZ_08,2,VE_ROTA_VE_CORREDOR_03|VE_ROTA_VE_TRANSVERSAL_03,AMBULANCIA|AMBULANCIA,1|1,125.0|9.8,2|1,1,0,0,VE_ROTA_VE_TRANSVERSAL_03,0,0
703,multiplas_emergencias,PREEMPCAO_COMPENSADA,46,2723.2,2746.6,23.4,235,CRUZ_02,2,VE_ROTA_VE_CORREDOR_04|VE_ROTA_VE_TRANSVERSAL_04,BOMBEIRO|BOMBEIRO,2|2,37.1|20.3,1|2,1,1,1,,0,0
703,multiplas_emergencias,PREEMPCAO_COMPENSADA,46,2852.3,2861.2,8.9,90,CRUZ_08,2,VE_ROTA_VE_CORREDOR_04|VE_ROTA_VE_TRANSVERSAL_04,BOMBEIRO|BOMBEIRO,2|2,46.2|7.9,2|1,1,0,0,VE_ROTA_VE_TRANSVERSAL_04,0,0
703,multiplas_emergencias,PREEMPCAO_COMPENSADA,46,3322.2,3362.6,40.4,405,CRUZ_02,2,VE_ROTA_VE_CORREDOR_05|VE_ROTA_VE_TRANSVERSAL_05,POLICIA|POLICIA,3|3,23.1|24.8,1|2,1,1,1,,0,0
703,multiplas_emergencias,PREEMPCAO_COMPENSADA,46,3451.8,3468.9,17.1,172,CRUZ_08,2,VE_ROTA_VE_CORREDOR_05|VE_ROTA_VE_TRANSVERSAL_05,POLICIA|POLICIA,3|3,47.7|16.5,2|1,1,1,1,,0,0
704,multiplas_emergencias,PREEMPCAO_ML,46,324.0,370.1,46.1,462,CRUZ_02,2,VE_ROTA_VE_CORREDOR_00|VE_ROTA_VE_TRANSVERSAL_00,AMBULANCIA|AMBULANCIA,1|1,107.4|30.2,1|2,1,1,1,,1,1
704,multiplas_emergencias,PREEMPCAO_ML,46,481.8,509.8,28.0,281,CRUZ_08,2,VE_ROTA_VE_CORREDOR_00|VE_ROTA_VE_TRANSVERSAL_00,AMBULANCIA|AMBULANCIA,1|1,61.6|25.6,2|1,1,0,0,VE_ROTA_VE_TRANSVERSAL_00,0,0
704,multiplas_emergencias,PREEMPCAO_ML,46,930.4,946.9,16.5,166,CRUZ_02,2,VE_ROTA_VE_CORREDOR_01|VE_ROTA_VE_TRANSVERSAL_01,BOMBEIRO|BOMBEIRO,2|2,107.4|13.1,1|2,1,0,0,VE_ROTA_VE_TRANSVERSAL_01,0,0
704,multiplas_emergencias,PREEMPCAO_ML,46,1522.0,1547.3,25.3,254,CRUZ_02,2,VE_ROTA_VE_CORREDOR_02|VE_ROTA_VE_TRANSVERSAL_02,POLICIA|POLICIA,3|3,23.0|21.7,1|2,1,1,1,,1,1
704,multiplas_emergencias,PREEMPCAO_ML,46,1646.5,1655.5,9.0,91,CRUZ_08,2,VE_ROTA_VE_CORREDOR_02|VE_ROTA_VE_TRANSVERSAL_02,POLICIA|POLICIA,3|3,7.8|23.1,2|1,1,0,0,VE_ROTA_VE_CORREDOR_02,0,0
704,multiplas_emergencias,PREEMPCAO_ML,46,2123.1,2157.0,33.9,340,CRUZ_02,2,VE_ROTA_VE_CORREDOR_03|VE_ROTA_VE_TRANSVERSAL_03,AMBULANCIA|AMBULANCIA,1|1,35.2|20.6,1|2,1,1,1,,1,1
704,multiplas_emergencias,PREEMPCAO_ML,46,2257.8,2265.9,8.1,82,CRUZ_08,2,VE_ROTA_VE_CORREDOR_03|VE_ROTA_VE_TRANSVERSAL_03,AMBULANCIA|AMBULANCIA,1|1,10.0|27.4,2|1,1,0,0,VE_ROTA_VE_CORREDOR_03,0,0
704,multiplas_emergencias,PREEMPCAO_ML,46,2723.5,2760.8,37.3,374,CRUZ_02,2,VE_ROTA_VE_CORREDOR_04|VE_ROTA_VE_TRANSVERSAL_04,BOMBEIRO|BOMBEIRO,2|2,59.5|20.0,1|2,1,1,1,,1,1
704,multiplas_emergencias,PREEMPCAO_ML,46,2859.3,2890.3,31.0,311,CRUZ_08,2,VE_ROTA_VE_CORREDOR_04|VE_ROTA_VE_TRANSVERSAL_04,BOMBEIRO|BOMBEIRO,2|2,57.5|16.0,2|1,1,1,1,,1,1
704,multiplas_emergencias,PREEMPCAO_ML,46,3324.0,3368.0,44.0,441,CRUZ_02,2,VE_ROTA_VE_CORREDOR_05|VE_ROTA_VE_TRANSVERSAL_05,POLICIA|POLICIA,3|3,106.3|25.2,1|2,1,1,1,,1,1
704,multiplas_emergencias,PREEMPCAO_ML,46,3462.2,3510.9,48.7,488,CRUZ_08,2,VE_ROTA_VE_CORREDOR_05|VE_ROTA_VE_TRANSVERSAL_05,POLICIA|POLICIA,3|3,65.3|25.1,2|1,1,1,1,,1,1
715,multiplas_emergencias,PREEMPCAO,47,332.4,345.0,12.6,127,CRUZ_02,2,VE_ROTA_VE_CORREDOR_00|VE_ROTA_VE_TRANSVERSAL_00,AMBULANCIA|AMBULANCIA,1|1,45.1|11.2,1|2,1,1,1,,0,0
715,multiplas_emergencias,PREEMPCAO,47,936.1,960.5,24.4,245,CRUZ_02,2,VE_ROTA_VE_CORREDOR_01|VE_ROTA_VE_TRANSVERSAL_01,BOMBEIRO|BOMBEIRO,2|2,125.0|22.3,1|2,1,1,1,,0,0
715,multiplas_emergencias,PREEMPCAO,47,1052.4,1077.8,25.4,255,CRUZ_08,2,VE_ROTA_VE_CORREDOR_01|VE_ROTA_VE_TRANSVERSAL_01,BOMBEIRO|BOMBEIRO,2|2,19.5|23.0,2|1,1,1,1,,0,0
715,multiplas_emergencias,PREEMPCAO,47,1526.5,1554.1,27.6,277,CRUZ_02,2,VE_ROTA_VE_CORREDOR_02|VE_ROTA_VE_TRANSVERSAL_02,POLICIA|POLICIA,3|3,29.9|26.0,1|2,1,1,1,,0,0
715,multiplas_emergencias,PREEMPCAO,47,1634.7,1653.2,18.5,186,CRUZ_08,2,VE_ROTA_VE_CORREDOR_02|VE_ROTA_VE_TRANSVERSAL_02,POLICIA|POLICIA,3|3,53.3|17.4,2|1,1,0,0,VE_ROTA_VE_TRANSVERSAL_02,0,0
715,multiplas_emergencias,PREEMPCAO,47,2122.8,2145.2,22.4,225,CRUZ_02,2,VE_ROTA_VE_CORREDOR_03|VE_ROTA_VE_TRANSVERSAL_03,AMBULANCIA|AMBULANCIA,1|1,28.7|20.9,1|2,1,1,1,,0,0
715,multiplas_emergencias,PREEMPCAO,47,2240.9,2252.7,11.8,119,CRUZ_08,2,VE_ROTA_VE_CORREDOR_03|VE_ROTA_VE_TRANSVERSAL_03,AMBULANCIA|AMBULANCIA,1|1,78.0|10.4,2|1,1,0,0,VE_ROTA_VE_TRANSVERSAL_03,0,0
715,multiplas_emergencias,PREEMPCAO,47,2722.2,2746.6,24.4,245,CRUZ_02,2,VE_ROTA_VE_CORREDOR_04|VE_ROTA_VE_TRANSVERSAL_04,BOMBEIRO|BOMBEIRO,2|2,26.7|31.4,1|2,1,1,1,,0,0
715,multiplas_emergencias,PREEMPCAO,47,3330.4,3348.5,18.1,182,CRUZ_02,2,VE_ROTA_VE_CORREDOR_05|VE_ROTA_VE_TRANSVERSAL_05,POLICIA|POLICIA,3|3,125.0|13.4,1|2,1,1,1,,0,0
715,multiplas_emergencias,PREEMPCAO,47,3443.3,3452.1,8.8,89,CRUZ_08,2,VE_ROTA_VE_CORREDOR_05|VE_ROTA_VE_TRANSVERSAL_05,POLICIA|POLICIA,3|3,35.9|8.1,2|1,1,0,0,VE_ROTA_VE_TRANSVERSAL_05,0,0
716,multiplas_emergencias,PREEMPCAO_COMPENSADA,47,332.4,345.0,12.6,127,CRUZ_02,2,VE_ROTA_VE_CORREDOR_00|VE_ROTA_VE_TRANSVERSAL_00,AMBULANCIA|AMBULANCIA,1|1,45.1|11.2,1|2,1,1,1,,0,0
716,multiplas_emergencias,PREEMPCAO_COMPENSADA,47,927.1,960.5,33.4,335,CRUZ_02,2,VE_ROTA_VE_CORREDOR_01|VE_ROTA_VE_TRANSVERSAL_01,BOMBEIRO|BOMBEIRO,2|2,30.0|31.1,1|2,1,1,1,,0,0
716,multiplas_emergencias,PREEMPCAO_COMPENSADA,47,1057.0,1080.5,23.5,236,CRUZ_08,2,VE_ROTA_VE_CORREDOR_01|VE_ROTA_VE_TRANSVERSAL_01,BOMBEIRO|BOMBEIRO,2|2,51.3|19.8,2|1,1,1,1,,0,0
716,multiplas_emergencias,PREEMPCAO_COMPENSADA,47,1526.5,1554.1,27.6,277,CRUZ_02,2,VE_ROTA_VE_CORREDOR_02|VE_ROTA_VE_TRANSVERSAL_02,POLICIA|POLICIA,3|3,29.9|26.0,1|2,1,1,1,,0,0
716,multiplas_emergencias,PREEMPCAO_COMPENSADA,47,1646.0,1673.0,27.0,271,CRUZ_08,2,VE_ROTA_VE_CORREDOR_02|VE_ROTA_VE_TRANSVERSAL_02,POLICIA|POLICIA,3|3,51.8|19.3,2|1,1,1,1,,0,0
716,multiplas_emergencias,PREEMPCAO_COMPENSADA,47,2124.4,2145.2,20.8,209,CRUZ_02,2,VE_ROTA_VE_CORREDOR_03|VE_ROTA_VE_TRANSVERSAL_03,AMBULANCIA|AMBULANCIA,1|1,49.4|19.3,1|2,1,1,1,,0,0
716,multiplas_emergencias,PREEMPCAO_COMPENSADA,47,2239.8,2250.2,10.4,105,CRUZ_08,2,VE_ROTA_VE_CORREDOR_03|VE_ROTA_VE_TRANSVERSAL_03,AMBULANCIA|AMBULANCIA,1|1,35.2|10.3,2|1,1,1,1,,0,0
716,multiplas_emergencias,PREEMPCAO_COMPENSADA,47,2722.4,2760.5,38.1,382,CRUZ_02,2,VE_ROTA_VE_CORREDOR_04|VE_ROTA_VE_TRANSVERSAL_04,BOMBEIRO|BOMBEIRO,2|2,43.9|31.4,1|2,1,1,1,,0,0
716,multiplas_emergencias,PREEMPCAO_COMPENSADA,47,2864.2,2876.9,12.7,128,CRUZ_08,2,VE_ROTA_VE_CORREDOR_04|VE_ROTA_VE_TRANSVERSAL_04,BOMBEIRO|BOMBEIRO,2|2,17.8|27.7,2|1,1,0,0,VE_ROTA_VE_CORREDOR_04,0,0
716,multiplas_emergencias,PREEMPCAO_COMPENSADA,47,3322.8,3348.5,25.7,258,CRUZ_02,2,VE_ROTA_VE_CORREDOR_05|VE_ROTA_VE_TRANSVERSAL_05,POLICIA|POLICIA,3|3,33.2|20.9,1|2,1,1,1,,0,0
716,multiplas_emergencias,PREEMPCAO_COMPENSADA,47,3449.7,3470.5,20.8,209,CRUZ_08,2,VE_ROTA_VE_CORREDOR_05|VE_ROTA_VE_TRANSVERSAL_05,POLICIA|POLICIA,3|3,53.7|13.4,2|1,1,0,0,VE_ROTA_VE_TRANSVERSAL_05,0,0
717,multiplas_emergencias,PREEMPCAO_ML,47,332.4,369.6,37.2,373,CRUZ_02,2,VE_ROTA_VE_CORREDOR_00|VE_ROTA_VE_TRANSVERSAL_00,AMBULANCIA|AMBULANCIA,1|1,45.1|11.2,1|2,1,1,1,,1,1
717,multiplas_emergencias,PREEMPCAO_ML,47,452.9,479.7,26.8,269,CRUZ_08,2,VE_ROTA_VE_CORREDOR_00|VE_ROTA_VE_TRANSVERSAL_00,AMBULANCIA|AMBULANCIA,1|1,38.2|12.8,2|1,1,1,1,,1,1
717,multiplas_emergencias,PREEMPCAO_ML,47,936.0,974.8,38.8,389,CRUZ_02,2,VE_ROTA_VE_CORREDOR_01|VE_ROTA_VE_TRANSVERSAL_01,BOMBEIRO|BOMBEIRO,2|2,125.0|22.5,1|2,1,1,1,,1,1
717,multiplas_emergencias,PREEMPCAO_ML,47,1052.4,1100.3,47.9,480,CRUZ_08,2,VE_ROTA_VE_CORREDOR_01|VE_ROTA_VE_TRANSVERSAL_01,BOMBEIRO|BOMBEIRO,2|2,50.7|24.1,2|1,1,1,1,,1,1
717,multiplas_emergencias,PREEMPCAO_ML,47,1526.5,1561.1,34.6,347,CRUZ_02,2,VE_ROTA_VE_CORREDOR_02|VE_ROTA_VE_TRANSVERSAL_02,POLICIA|POLICIA,3|3,30.0|26.0,1|2,1,1,1,,1,1
717,multiplas_emergencias,PREEMPCAO_ML,47,1653.6,1664.9,11.3,114,CRUZ_08,2,VE_ROTA_VE_CORREDOR_02|VE_ROTA_VE_TRANSVERSAL_02,POLICIA|POLICIA,3|3,10.0|28.2,2|1,1,1,1,,1,0
717,multiplas_emergencias,PREEMPCAO_ML,47,2122.9,2145.0,22.1,222,CRUZ_02,2,VE_ROTA_VE_CORREDOR_03|VE_ROTA_VE_TRANSVERSAL_03,AMBULANCIA|AMBULANCIA,1|1,29.8|20.7,1|2,1,1,1,,1,1
717,multiplas_emergencias,PREEMPCAO_ML,47,2233.0,2240.8,7.8,79,CRUZ_08,2,VE_ROTA_VE_CORREDOR_03|VE_ROTA_VE_TRANSVERSAL_03,AMBULANCIA|AMBULANCIA,1|1,55.5|6.6,2|1,1,0,0,VE_ROTA_VE_TRANSVERSAL_03,0,0
717,multiplas_emergencias,PREEMPCAO_ML,47,2722.2,2746.6,24.4,245,CRUZ_02,2,VE_ROTA_VE_CORREDOR_04|VE_ROTA_VE_TRANSVERSAL_04,BOMBEIRO|BOMBEIRO,2|2,28.0|31.5,1|2,1,1,1,,1,0
717,multiplas_emergencias,PREEMPCAO_ML,47,3330.5,3368.4,37.9,380,CRUZ_02,2,VE_ROTA_VE_CORREDOR_05|VE_ROTA_VE_TRANSVERSAL_05,POLICIA|POLICIA,3|3,125.0|13.4,1|2,1,1,1,,1,1
728,multiplas_emergencias,PREEMPCAO,48,328.4,352.7,24.3,244,CRUZ_02,2,VE_ROTA_VE_CORREDOR_00|VE_ROTA_VE_TRANSVERSAL_00,AMBULANCIA|AMBULANCIA,1|1,44.4|17.6,1|2,1,1,1,,0,0
728,multiplas_emergencias,PREEMPCAO,48,453.4,460.0,6.6,67,CRUZ_08,2,VE_ROTA_VE_CORREDOR_00|VE_ROTA_VE_TRANSVERSAL_00,AMBULANCIA|AMBULANCIA,1|1,46.4|5.7,2|1,1,0,0,VE_ROTA_VE_TRANSVERSAL_00,0,0
728,multiplas_emergencias,PREEMPCAO,48,923.1,949.2,26.1,262,CRUZ_02,2,VE_ROTA_VE_CORREDOR_01|VE_ROTA_VE_TRANSVERSAL_01,BOMBEIRO|BOMBEIRO,2|2,28.8|20.4,1|2,1,1,1,,0,0
728,multiplas_emergencias,PREEMPCAO,48,1038.7,1063.0,24.3,244,CRUZ_08,2,VE_ROTA_VE_CORREDOR_01|VE_ROTA_VE_TRANSVERSAL_01,BOMBEIRO|BOMBEIRO,2|2,103.7|23.0,2|1,1,1,1,,0,0
728,multiplas_emergencias,PREEMPCAO,48,1527.5,1558.0,30.5,306,CRUZ_02,2,VE_ROTA_VE_CORREDOR_02|VE_ROTA_VE_TRANSVERSAL_02,POLICIA|POLICIA,3|3,58.7|26.8,1|2,1,1,1,,0,0
728,multiplas_emergencias,PREEMPCAO,48,1660.1,1674.3,14.2,143,CRUZ_08,2,VE_ROTA_VE_CORREDOR_02|VE_ROTA_VE_TRANSVERSAL_02,POLICIA|POLICIA,3|3,56.6|10.7,2|1,1,0,0,VE_ROTA_VE_TRANSVERSAL_02,0,0
728,multiplas_emergencias,PREEMPCAO,48,2123.3,2152.2,28.9,290,CRUZ_02,2,VE_ROTA_VE_CORREDOR_03|VE_ROTA_VE_TRANSVERSAL_03,AMBULANCIA|AMBULANCIA,1|1,47.9|33.1,1|2,1,1,1,,0,0
728,multiplas_emergencias,PREEMPCAO,48,2251.6,2252.4,0.8,9,CRUZ_08,2,VE_ROTA_VE_CORREDOR_03|VE_ROTA_VE_TRANSVERSAL_03,AMBULANCIA|AMBULANCIA,1|1,0.0|44.1,2|1,1,0,0,VE_ROTA_VE_CORREDOR_03,0,0
728,multiplas_emergencias,PREEMPCAO,48,2722.4,2758.4,36.0,361,CRUZ_02,2,VE_ROTA_VE_CORREDOR_04|VE_ROTA_VE_TRANSVERSAL_04,BOMBEIRO|BOMBEIRO,2|2,43.9|33.4,1|2,1,1,1,,0,0
728,multiplas_emergencias,PREEMPCAO,48,2863.3,2885.2,21.9,220,CRUZ_08,2,VE_ROTA_VE_CORREDOR_04|VE_ROTA_VE_TRANSVERSAL_04,BOMBEIRO|BOMBEIRO,2|2,20.6|23.8,2|1,1,1,1,,0,0
728,multiplas_emergencias,PREEMPCAO,48,3336.2,3352.8,16.6,167,CRUZ_02,2,VE_ROTA_VE_CORREDOR_05|VE_ROTA_VE_TRANSVERSAL_05,POLICIA|POLICIA,3|3,125.0|15.0,1|2,1,1,1,,0,0
728,multiplas_emergencias,PREEMPCAO,48,3464.6,3473.3,8.7,88,CRUZ_08,2,VE_ROTA_VE_CORREDOR_05|VE_ROTA_VE_TRANSVERSAL_05,POLICIA|POLICIA,3|3,54.9|11.3,2|1,1,0,0,VE_ROTA_VE_TRANSVERSAL_05,0,0
729,multiplas_emergencias,PREEMPCAO_COMPENSADA,48,328.4,352.7,24.3,244,CRUZ_02,2,VE_ROTA_VE_CORREDOR_00|VE_ROTA_VE_TRANSVERSAL_00,AMBULANCIA|AMBULANCIA,1|1,44.4|17.6,1|2,1,1,1,,0,0
729,multiplas_emergencias,PREEMPCAO_COMPENSADA,48,453.4,460.0,6.6,67,CRUZ_08,2,VE_ROTA_VE_CORREDOR_00|VE_ROTA_VE_TRANSVERSAL_00,AMBULANCIA|AMBULANCIA,1|1,46.3|5.7,2|1,1,0,0,VE_ROTA_VE_TRANSVERSAL_00,0,0
729,multiplas_emergencias,PREEMPCAO_COMPENSADA,48,923.1,945.0,21.9,220,CRUZ_02,2,VE_ROTA_VE_CORREDOR_01|VE_ROTA_VE_TRANSVERSAL_01,BOMBEIRO|BOMBEIRO,2|2,29.0|20.4,1|2,1,1,1,,0,0
729,multiplas_emergencias,PREEMPCAO_COMPENSADA,48,1033.6,1058.2,24.6,247,CRUZ_08,2,VE_ROTA_VE_CORREDOR_01|VE_ROTA_VE_TRANSVERSAL_01,BOMBEIRO|BOMBEIRO,2|2,45.3|23.0,2|1,1,1,1,,0,0
729,multiplas_emergencias,PREEMPCAO_COMPENSADA,48,1522.0,1562.8,40.8,409,CRUZ_02,2,VE_ROTA_VE_CORREDOR_02|VE_ROTA_VE_TRANSVERSAL_02,POLICIA|POLICIA,3|3,23.0|28.8,1|2,1,1,1,,0,0
729,multiplas_emergencias,PREEMPCAO_COMPENSADA,48,2122.4,2164.7,42.3,424,CRUZ_02,2,VE_ROTA_VE_CORREDOR_03|VE_ROTA_VE_TRANSVERSAL_03,AMBULANCIA|AMBULANCIA,1|1,29.1|34.2,1|2,1,1,1,,0,0
729,multiplas_emergencias,PREEMPCAO_COMPENSADA,48,2271.5,2273.2,1.7,18,CRUZ_08,2,VE_ROTA_VE_CORREDOR_03|VE_ROTA_VE_TRANSVERSAL_03,AMBULANCIA|AMBULANCIA,1|1,0.7|94.8,2|1,1,0,0,VE_ROTA_VE_CORREDOR_03,0,0
729,multiplas_emergencias,PREEMPCAO_COMPENSADA,48,2721.9,2749.5,27.6,277,CRUZ_02,2,VE_ROTA_VE_CORREDOR_04|VE_ROTA_VE_TRANSVERSAL_04,BOMBEIRO|BOMBEIRO,2|2,23.0|33.8,1|2,1,1,1,,0,0
729,multiplas_emergencias,PREEMPCAO_COMPENSADA,48,2864.0,2872.8,8.8,89,CRUZ_08,2,VE_ROTA_VE_CORREDOR_04|VE_ROTA_VE_TRANSVERSAL_04,BOMBEIRO|BOMBEIRO,2|2,7.4|23.1,2|1,1,0,0,VE_ROTA_VE_CORREDOR_04,0,0
729,multiplas_emergencias,PREEMPCAO_COMPENSADA,48,3329.0,3352.8,23.8,239,CRUZ_02,2,VE_ROTA_VE_CORREDOR_05|VE_ROTA_VE_TRANSVERSAL_05,POLICIA|POLICIA,3|3,41.2|22.2,1|2,1,1,1,,0,0
730,multiplas_emergencias,PREEMPCAO_ML,48,328.4,352.7,24.3,244,CRUZ_02,2,VE_ROTA_VE_CORREDOR_00|VE_ROTA_VE_TRANSVERSAL_00,AMBULANCIA|AMBULANCIA,1|1,44.4|17.6,1|2,1,1,1,,1,1
730,multiplas_emergencias,PREEMPCAO_ML,48,453.4,460.0,6.6,67,CRUZ_08,2,VE_ROTA_VE_CORREDOR_00|VE_ROTA_VE_TRANSVERSAL_00,AMBULANCIA|AMBULANCIA,1|1,46.4|5.7,2|1,1,0,0,VE_ROTA_VE_TRANSVERSAL_00,0,0
730,multiplas_emergencias,PREEMPCAO_ML,48,923.1,962.0,38.9,390,CRUZ_02,2,VE_ROTA_VE_CORREDOR_01|VE_ROTA_VE_TRANSVERSAL_01,BOMBEIRO|BOMBEIRO,2|2,28.8|20.4,1|2,1,1,1,,1,1
730,multiplas_emergencias,PREEMPCAO_ML,48,1043.3,1068.9,25.6,257,CRUZ_08,2,VE_ROTA_VE_CORREDOR_01|VE_ROTA_VE_TRANSVERSAL_01,BOMBEIRO|BOMBEIRO,2|2,31.2|18.7,2|1,1,1,1,,1,1
730,multiplas_emergencias,PREEMPCAO_ML,48,1527.4,1568.1,40.7,408,CRUZ_02,2,VE_ROTA_VE_CORREDOR_02|VE_ROTA_VE_TRANSVERSAL_02,POLICIA|POLICIA,3|3,57.5|26.9,1|2,1,1,1,,1,1
730,multiplas_emergencias,PREEMPCAO_ML,48,1663.7,1672.7,9.0,91,CRUZ_08,2,VE_ROTA_VE_CORREDOR_02|VE_ROTA_VE_TRANSVERSAL_02,POLICIA|POLICIA,3|3,53.5|5.7,2|1,1,0,0,VE_ROTA_VE_TRANSVERSAL_02,0,0
730,multiplas_emergencias,PREEMPCAO_ML,48,2123.3,2152.4,29.1,292,CRUZ_02,2,VE_ROTA_VE_CORREDOR_03|VE_ROTA_VE_TRANSVERSAL_03,AMBULANCIA|AMBULANCIA,1|1,48.0|33.2,1|2,1,1,1,,1,1
730,multiplas_emergencias,PREEMPCAO_ML,48,2249.3,2269.9,20.6,207,CRUZ_08,2,VE_ROTA_VE_CORREDOR_03|VE_ROTA_VE_TRANSVERSAL_03,AMBULANCIA|AMBULANCIA,1|1,19.4|23.1,2|1,1,1,1,,1,0
730,multiplas_emergencias,PREEMPCAO_ML,48,2722.4,2757.8,35.4,355,CRUZ_02,2,VE_ROTA_VE_CORREDOR_04|VE_ROTA_VE_TRANSVERSAL_04,BOMBEIRO|BOMBEIRO,2|2,43.9|33.4,1|2,1,1,1,,1,1
730,multiplas_emergencias,PREEMPCAO_ML,48,2869.7,2889.5,19.8,199,CRUZ_08,2,VE_ROTA_VE_CORREDOR_04|VE_ROTA_VE_TRANSVERSAL_04,BOMBEIRO|BOMBEIRO,2|2,18.5|23.1,2|1,1,1,1,,1,0
730,multiplas_emergencias,PREEMPCAO_ML,48,3336.2,3352.8,16.6,167,CRUZ_02,2,VE_ROTA_VE_CORREDOR_05|VE_ROTA_VE_TRANSVERSAL_05,POLICIA|POLICIA,3|3,125.0|14.9,1|2,1,1,1,,1,1
730,multiplas_emergencias,PREEMPCAO_ML,48,3460.0,3472.7,12.7,128,CRUZ_08,2,VE_ROTA_VE_CORREDOR_05|VE_ROTA_VE_TRANSVERSAL_05,POLICIA|POLICIA,3|3,52.5|19.9,2|1,1,0,0,VE_ROTA_VE_TRANSVERSAL_05,0,0
741,multiplas_emergencias,PREEMPCAO,49,326.8,350.6,23.8,239,CRUZ_02,2,VE_ROTA_VE_CORREDOR_00|VE_ROTA_VE_TRANSVERSAL_00,AMBULANCIA|AMBULANCIA,1|1,108.5|17.3,1|2,1,1,1,,0,0
741,multiplas_emergencias,PREEMPCAO,49,921.9,945.1,23.2,233,CRUZ_02,2,VE_ROTA_VE_CORREDOR_01|VE_ROTA_VE_TRANSVERSAL_01,BOMBEIRO|BOMBEIRO,2|2,23.0|21.6,1|2,1,1,1,,0,0
741,multiplas_emergencias,PREEMPCAO,49,1029.4,1065.3,35.9,360,CRUZ_08,2,VE_ROTA_VE_CORREDOR_01|VE_ROTA_VE_TRANSVERSAL_01,BOMBEIRO|BOMBEIRO,2|2,56.8|33.2,2|1,1,1,1,,0,0
741,multiplas_emergencias,PREEMPCAO,49,1522.3,1549.2,26.9,270,CRUZ_02,2,VE_ROTA_VE_CORREDOR_02|VE_ROTA_VE_TRANSVERSAL_02,POLICIA|POLICIA,3|3,28.3|21.4,1|2,1,1,1,,0,0
741,multiplas_emergencias,PREEMPCAO,49,1645.3,1682.6,37.3,374,CRUZ_08,2,VE_ROTA_VE_CORREDOR_02|VE_ROTA_VE_TRANSVERSAL_02,POLICIA|POLICIA,3|3,44.2|23.7,2|1,1,1,1,,0,0
741,multiplas_emergencias,PREEMPCAO,49,2126.0,2152.7,26.7,268,CRUZ_02,2,VE_ROTA_VE_CORREDOR_03|VE_ROTA_VE_TRANSVERSAL_03,AMBULANCIA|AMBULANCIA,1|1,45.0|17.6,1|2,1,1,1,,0,0
741,multiplas_emergencias,PREEMPCAO,49,2243.5,2271.9,28.4,285,CRUZ_08,2,VE_ROTA_VE_CORREDOR_03|VE_ROTA_VE_TRANSVERSAL_03,AMBULANCIA|AMBULANCIA,1|1,125.0|21.6,2|1,1,1,1,,0,0
741,multiplas_emergencias,PREEMPCAO,49,2728.2,2745.1,16.9,170,CRUZ_02,2,VE_ROTA_VE_CORREDOR_04|VE_ROTA_VE_TRANSVERSAL_04,BOMBEIRO|BOMBEIRO,2|2,125.0|15.3,1|2,1,1,1,,0,0
741,multiplas_emergencias,PREEMPCAO,49,2854.1,2861.3,7.2,73,CRUZ_08,2,VE_ROTA_VE_CORREDOR_04|VE_ROTA_VE_TRANSVERSAL_04,BOMBEIRO|BOMBEIRO,2|2,59.9|8.7,2|1,1,0,0,VE_ROTA_VE_TRANSVERSAL_04,0,0
741,multiplas_emergencias,PREEMPCAO,49,3322.0,3349.1,27.1,272,CRUZ_02,2,VE_ROTA_VE_CORREDOR_05|VE_ROTA_VE_TRANSVERSAL_05,POLICIA|POLICIA,3|3,23.0|21.7,1|2,1,1,1,,0,0
741,multiplas_emergencias,PREEMPCAO,49,3435.3,3472.9,37.6,377,CRUZ_08,2,VE_ROTA_VE_CORREDOR_05|VE_ROTA_VE_TRANSVERSAL_05,POLICIA|POLICIA,3|3,36.0|23.7,2|1,1,1,1,,0,0
742,multiplas_emergencias,PREEMPCAO_COMPENSADA,49,326.8,350.6,23.8,239,CRUZ_02,2,VE_ROTA_VE_CORREDOR_00|VE_ROTA_VE_TRANSVERSAL_00,AMBULANCIA|AMBULANCIA,1|1,108.5|17.3,1|2,1,1,1,,0,0
742,multiplas_emergencias,PREEMPCAO_COMPENSADA,49,921.9,948.3,26.4,265,CRUZ_02,2,VE_ROTA_VE_CORREDOR_01|VE_ROTA_VE_TRANSVERSAL_01,BOMBEIRO|BOMBEIRO,2|2,23.0|21.6,1|2,1,1,1,,0,0
742,multiplas_emergencias,PREEMPCAO_COMPENSADA,49,1030.7,1048.4,17.7,178,CRUZ_08,2,VE_ROTA_VE_CORREDOR_01|VE_ROTA_VE_TRANSVERSAL_01,BOMBEIRO|BOMBEIRO,2|2,30.3|16.7,2|1,1,1,1,,0,0
742,multiplas_emergencias,PREEMPCAO_COMPENSADA,49,1522.7,1551.4,28.7,288,CRUZ_02,2,VE_ROTA_VE_CORREDOR_02|VE_ROTA_VE_TRANSVERSAL_02,POLICIA|POLICIA,3|3,32.4|21.0,1|2,1,0,0,VE_ROTA_VE_TRANSVERSAL_02,0,0
742,multiplas_emergencias,PREEMPCAO_COMPENSADA,49,1645.3,1672.9,27.6,277,CRUZ_08,2,VE_ROTA_VE_CORREDOR_02|VE_ROTA_VE_TRANSVERSAL_02,POLICIA|POLICIA,3|3,53.2|23.0,2|1,1,1,1,,0,0
742,multiplas_emergencias,PREEMPCAO_COMPENSADA,49,2123.5,2153.9,30.4,305,CRUZ_02,2,VE_ROTA_VE_CORREDOR_03|VE_ROTA_VE_TRANSVERSAL_03,AMBULANCIA|AMBULANCIA,1|1,29.8|20.1,1|2,1,1,1,,0,0
742,multiplas_emergencias,PREEMPCAO_COMPENSADA,49,2250.4,2264.4,14.0,141,CRUZ_08,2,VE_ROTA_VE_CORREDOR_03|VE_ROTA_VE_TRANSVERSAL_03,AMBULANCIA|AMBULANCIA,1|1,31.0|13.2,2|1,1,1,1,,0,0
742,multiplas_emergencias,PREEMPCAO_COMPENSADA,49,2725.1,2745.1,20.0,201,CRUZ_02,2,VE_ROTA_VE_CORREDOR_04|VE_ROTA_VE_TRANSVERSAL_04,BOMBEIRO|BOMBEIRO,2|2,94.8|18.4,1|2,1,1,1,,0,0
742,multiplas_emergencias,PREEMPCAO_COMPENSADA,49,2831.8,2852.7,20.9,210,CRUZ_08,2,VE_ROTA_VE_CORREDOR_04|VE_ROTA_VE_TRANSVERSAL_04,BOMBEIRO|BOMBEIRO,2|2,37.7|16.8,2|1,1,1,1,,0,0
742,multiplas_emergencias,PREEMPCAO_COMPENSADA,49,3322.0,3345.1,23.1,232,CRUZ_02,2,VE_ROTA_VE_CORREDOR_05|VE_ROTA_VE_TRANSVERSAL_05,POLICIA|POLICIA,3|3,23.0|21.7,1|2,1,1,1,,0,0
742,multiplas_emergencias,PREEMPCAO_COMPENSADA,49,3438.4,3452.4,14.0,141,CRUZ_08,2,VE_ROTA_VE_CORREDOR_05|VE_ROTA_VE_TRANSVERSAL_05,POLICIA|POLICIA,3|3,56.7|12.0,2|1,1,0,0,VE_ROTA_VE_TRANSVERSAL_05,0,0
743,multiplas_emergencias,PREEMPCAO_ML,49,326.8,368.7,41.9,420,CRUZ_02,2,VE_ROTA_VE_CORREDOR_00|VE_ROTA_VE_TRANSVERSAL_00,AMBULANCIA|AMBULANCIA,1|1,108.5|17.3,1|2,1,1,1,,1,1
743,multiplas_emergencias,PREEMPCAO_ML,49,477.1,511.9,34.8,349,CRUZ_08,2,VE_ROTA_VE_CORREDOR_00|VE_ROTA_VE_TRANSVERSAL_00,AMBULANCIA|AMBULANCIA,1|1,34.4|44.1,2|1,1,1,1,,1,0
743,multiplas_emergencias,PREEMPCAO_ML,49,921.9,954.7,32.8,329,CRUZ_02,2,VE_ROTA_VE_CORREDOR_01|VE_ROTA_VE_TRANSVERSAL_01,BOMBEIRO|BOMBEIRO,2|2,23.0|21.6,1|2,1,1,1,,1,1
743,multiplas_emergencias,PREEMPCAO_ML,49,1047.7,1064.9,17.2,173,CRUZ_08,2,VE_ROTA_VE_CORREDOR_01|VE_ROTA_VE_TRANSVERSAL_01,BOMBEIRO|BOMBEIRO,2|2,15.9|23.0,2|1,1,1,1,,1,0
743,multiplas_emergencias,PREEMPCAO_ML,49,1522.4,1549.4,27.0,271,CRUZ_02,2,VE_ROTA_VE_CORREDOR_02|VE_ROTA_VE_TRANSVERSAL_02,POLICIA|POLICIA,3|3,28.5|21.3,1|2,1,0,0,VE_ROTA_VE_TRANSVERSAL_02,0,0
743,multiplas_emergencias,PREEMPCAO_ML,49,1634.7,1646.2,11.5,116,CRUZ_08,2,VE_ROTA_VE_CORREDOR_02|VE_ROTA_VE_TRANSVERSAL_02,POLICIA|POLICIA,3|3,57.4|10.6,2|1,1,0,0,VE_ROTA_VE_TRANSVERSAL_02,0,0
743,multiplas_emergencias,PREEMPCAO_ML,49,2126.0,2162.4,36.4,365,CRUZ_02,2,VE_ROTA_VE_CORREDOR_03|VE_ROTA_VE_TRANSVERSAL_03,AMBULANCIA|AMBULANCIA,1|1,46.2|17.7,1|2,1,1,1,,1,1
743,multiplas_emergencias,PREEMPCAO_ML,49,2266.7,2281.3,14.6,147,CRUZ_08,2,VE_ROTA_VE_CORREDOR_03|VE_ROTA_VE_TRANSVERSAL_03,AMBULANCIA|AMBULANCIA,1|1,11.3|23.0,2|1,1,1,1,,1,0
743,multiplas_emergencias,PREEMPCAO_ML,49,2728.2,2746.0,17.8,179,CRUZ_02,2,VE_ROTA_VE_CORREDOR_04|VE_ROTA_VE_TRANSVERSAL_04,BOMBEIRO|BOMBEIRO,2|2,125.0|15.3,1|2,1,0,0,VE_ROTA_VE_TRANSVERSAL_04,0,0
743,multiplas_emergencias,PREEMPCAO_ML,49,2846.4,2860.2,13.8,139,CRUZ_08,2,VE_ROTA_VE_CORREDOR_04|VE_ROTA_VE_TRANSVERSAL_04,BOMBEIRO|BOMBEIRO,2|2,125.0|11.7,2|1,1,0,0,VE_ROTA_VE_TRANSVERSAL_04,0,0
743,multiplas_emergencias,PREEMPCAO_ML,49,3322.0,3346.3,24.3,244,CRUZ_02,2,VE_ROTA_VE_CORREDOR_05|VE_ROTA_VE_TRANSVERSAL_05,POLICIA|POLICIA,3|3,23.0|21.7,1|2,1,1,1,,1,1
743,multiplas_emergencias,PREEMPCAO_ML,49,3444.2,3460.6,16.4,165,CRUZ_08,2,VE_ROTA_VE_CORREDOR_05|VE_ROTA_VE_TRANSVERSAL_05,POLICIA|POLICIA,3|3,15.1|23.0,2|1,1,1,1,,1,0
754,multiplas_emergencias,PREEMPCAO,50,332.4,352.3,19.9,200,CRUZ_02,2,VE_ROTA_VE_CORREDOR_00|VE_ROTA_VE_TRANSVERSAL_00,AMBULANCIA|AMBULANCIA,1|1,34.0|18.2,1|2,1,1,1,,0,0
754,multiplas_emergencias,PREEMPCAO,50,454.3,459.6,5.3,54,CRUZ_08,2,VE_ROTA_VE_CORREDOR_00|VE_ROTA_VE_TRANSVERSAL_00,AMBULANCIA|AMBULANCIA,1|1,35.6|4.4,2|1,1,0,0,VE_ROTA_VE_TRANSVERSAL_00,0,0
754,multiplas_emergencias,PREEMPCAO,50,922.6,953.9,31.3,314,CRUZ_02,2,VE_ROTA_VE_CORREDOR_01|VE_ROTA_VE_TRANSVERSAL_01,BOMBEIRO|BOMBEIRO,2|2,23.1|32.9,1|2,1,1,1,,0,0
754,multiplas_emergencias,PREEMPCAO,50,1530.1,1572.0,41.9,420,CRUZ_02,2,VE_ROTA_VE_CORREDOR_02|VE_ROTA_VE_TRANSVERSAL_02,POLICIA|POLICIA,3|3,35.8|31.1,1|2,1,1,1,,0,0
754,multiplas_emergencias,PREEMPCAO,50,1647.0,1667.4,20.4,205,CRUZ_08,2,VE_ROTA_VE_CORREDOR_02|VE_ROTA_VE_TRANSVERSAL_02,POLICIA|POLICIA,3|3,19.1|23.0,2|1,1,1,1,,0,0
754,multiplas_emergencias,PREEMPCAO,50,2122.7,2154.3,31.6,317,CRUZ_02,2,VE_ROTA_VE_CORREDOR_03|VE_ROTA_VE_TRANSVERSAL_03,AMBULANCIA|AMBULANCIA,1|1,43.4|29.4,1|2,1,1,1,,0,0
754,multiplas_emergencias,PREEMPCAO,50,2244.0,2259.8,15.8,159,CRUZ_08,2,VE_ROTA_VE_CORREDOR_03|VE_ROTA_VE_TRANSVERSAL_03,AMBULANCIA|AMBULANCIA,1|1,57.9|18.5,2|1,1,1,1,,0,0
754,multiplas_emergencias,PREEMPCAO,50,2721.9,2746.2,24.3,244,CRUZ_02,2,VE_ROTA_VE_CORREDOR_04|VE_ROTA_VE_TRANSVERSAL_04,BOMBEIRO|BOMBEIRO,2|2,23.0|21.6,1|2,1,1,1,,0,0
754,multiplas_emergencias,PREEMPCAO,50,3323.7,3350.8,27.1,272,CRUZ_02,2,VE_ROTA_VE_CORREDOR_05|VE_ROTA_VE_TRANSVERSAL_05,POLICIA|POLICIA,3|3,36.0|20.0,1|2,1,1,1,,0,0
754,multiplas_emergencias,PREEMPCAO,50,3439.7,3476.4,36.7,368,CRUZ_08,2,VE_ROTA_VE_CORREDOR_05|VE_ROTA_VE_TRANSVERSAL_05,POLICIA|POLICIA,3|3,56.7|23.0,2|1,1,1,1,,0,0
755,multiplas_emergencias,PREEMPCAO_COMPENSADA,50,332.4,352.3,19.9,200,CRUZ_02,2,VE_ROTA_VE_CORREDOR_00|VE_ROTA_VE_TRANSVERSAL_00,AMBULANCIA|AMBULANCIA,1|1,34.0|18.2,1|2,1,1,1,,0,0
755,multiplas_emergencias,PREEMPCAO_COMPENSADA,50,454.3,459.8,5.5,56,CRUZ_08,2,VE_ROTA_VE_CORREDOR_00|VE_ROTA_VE_TRANSVERSAL_00,AMBULANCIA|AMBULANCIA,1|1,35.6|4.6,2|1,1,0,0,VE_ROTA_VE_TRANSVERSAL_00,0,0
755,multiplas_emergencias,PREEMPCAO_COMPENSADA,50,922.6,958.3,35.7,358,CRUZ_02,2,VE_ROTA_VE_CORREDOR_01|VE_ROTA_VE_TRANSVERSAL_01,BOMBEIRO|BOMBEIRO,2|2,23.1|32.8,1|2,1,1,1,,0,0
755,multiplas_emergencias,PREEMPCAO_COMPENSADA,50,1530.2,1564.2,34.0,341,CRUZ_02,2,VE_ROTA_VE_CORREDOR_02|VE_ROTA_VE_TRANSVERSAL_02,POLICIA|POLICIA,3|3,49.8|31.0,1|2,1,1,1,,0,0
755,multiplas_emergencias,PREEMPCAO_COMPENSADA,50,1658.1,1674.5,16.4,165,CRUZ_08,2,VE_ROTA_VE_CORREDOR_02|VE_ROTA_VE_TRANSVERSAL_02,POLICIA|POLICIA,3|3,35.6|15.8,2|1,1,0,0,VE_ROTA_VE_TRANSVERSAL_02,0,0
755,multiplas_emergencias,PREEMPCAO_COMPENSADA,50,2122.3,2154.1,31.8,319,CRUZ_02,2,VE_ROTA_VE_CORREDOR_03|VE_ROTA_VE_TRANSVERSAL_03,AMBULANCIA|AMBULANCIA,1|1,26.2|30.0,1|2,1,1,1,,0,0
755,multiplas_emergencias,PREEMPCAO_COMPENSADA,50,2240.2,2262.2,22.0,221,CRUZ_08,2,VE_ROTA_VE_CORREDOR_03|VE_ROTA_VE_TRANSVERSAL_03,AMBULANCIA|AMBULANCIA,1|1,37.3|16.9,2|1,1,1,1,,0,0
755,multiplas_emergencias,PREEMPCAO_COMPENSADA,50,2721.9,2749.3,27.4,275,CRUZ_02,2,VE_ROTA_VE_CORREDOR_04|VE_ROTA_VE_TRANSVERSAL_04,BOMBEIRO|BOMBEIRO,2|2,23.0|21.6,1|2,1,1,1,,0,0
755,multiplas_emergencias,PREEMPCAO_COMPENSADA,50,2837.9,2858.7,20.8,209,CRUZ_08,2,VE_ROTA_VE_CORREDOR_04|VE_ROTA_VE_TRANSVERSAL_04,BOMBEIRO|BOMBEIRO,2|2,12.9|23.0,2|1,1,0,0,VE_ROTA_VE_CORREDOR_04,0,0
755,multiplas_emergencias,PREEMPCAO_COMPENSADA,50,3323.5,3352.4,28.9,290,CRUZ_02,2,VE_ROTA_VE_CORREDOR_05|VE_ROTA_VE_TRANSVERSAL_05,POLICIA|POLICIA,3|3,35.1|20.2,1|2,1,1,1,,0,0
755,multiplas_emergencias,PREEMPCAO_COMPENSADA,50,3438.2,3462.6,24.4,245,CRUZ_08,2,VE_ROTA_VE_CORREDOR_05|VE_ROTA_VE_TRANSVERSAL_05,POLICIA|POLICIA,3|3,45.5|23.1,2|1,1,1,1,,0,0
756,multiplas_emergencias,PREEMPCAO_ML,50,332.4,367.8,35.4,355,CRUZ_02,2,VE_ROTA_VE_CORREDOR_00|VE_ROTA_VE_TRANSVERSAL_00,AMBULANCIA|AMBULANCIA,1|1,34.0|18.2,1|2,1,1,1,,1,1
756,multiplas_emergencias,PREEMPCAO_ML,50,449.3,488.3,39.0,391,CRUZ_08,2,VE_ROTA_VE_CORREDOR_00|VE_ROTA_VE_TRANSVERSAL_00,AMBULANCIA|AMBULANCIA,1|1,35.9|22.7,2|1,1,1,1,,1,1
756,multiplas_emergencias,PREEMPCAO_ML,50,922.6,957.2,34.6,347,CRUZ_02,2,VE_ROTA_VE_CORREDOR_01|VE_ROTA_VE_TRANSVERSAL_01,BOMBEIRO|BOMBEIRO,2|2,23.1|32.8,1|2,1,1,1,,1,0
756,multiplas_emergencias,PREEMPCAO_ML,50,1064.9,1075.1,10.2,103,CRUZ_08,2,VE_ROTA_VE_CORREDOR_01|VE_ROTA_VE_TRANSVERSAL_01,BOMBEIRO|BOMBEIRO,2|2,9.2|31.5,2|1,1,0,0,VE_ROTA_VE_CORREDOR_01,0,0
756,multiplas_emergencias,PREEMPCAO_ML,50,1530.1,1564.9,34.8,349,CRUZ_02,2,VE_ROTA_VE_CORREDOR_02|VE_ROTA_VE_TRANSVERSAL_02,POLICIA|POLICIA,3|3,36.1|31.2,1|2,1,1,1,,1,1
756,multiplas_emergencias,PREEMPCAO_ML,50,1658.2,1661.1,2.9,30,CRUZ_08,2,VE_ROTA_VE_CORREDOR_02|VE_ROTA_VE_TRANSVERSAL_02,POLICIA|POLICIA,3|3,1.7|28.4,2|1,1,0,0,VE_ROTA_VE_CORREDOR_02,0,0
756,multiplas_emergencias,PREEMPCAO_ML,50,2122.7,2154.1,31.4,315,CRUZ_02,2,VE_ROTA_VE_CORREDOR_03|VE_ROTA_VE_TRANSVERSAL_03,AMBULANCIA|AMBULANCIA,1|1,43.4|29.6,1|2,1,1,1,,1,1
756,multiplas_emergencias,PREEMPCAO_ML,50,2229.6,2245.5,15.9,160,CRUZ_08,2,VE_ROTA_VE_CORREDOR_03|VE_ROTA_VE_TRANSVERSAL_03,AMBULANCIA|AMBULANCIA,1|1,39.1|15.3,2|1,1,0,0,VE_ROTA_VE_TRANSVERSAL_03,0,0
756,multiplas_emergencias,PREEMPCAO_ML,50,2721.9,2753.3,31.4,315,CRUZ_02,2,VE_ROTA_VE_CORREDOR_04|VE_ROTA_VE_TRANSVERSAL_04,BOMBEIRO|BOMBEIRO,2|2,23.0|21.6,1|2,1,1,1,,1,1
756,multiplas_emergencias,PREEMPCAO_ML,50,2826.4,2845.1,18.7,188,CRUZ_08,2,VE_ROTA_VE_CORREDOR_04|VE_ROTA_VE_TRANSVERSAL_04,BOMBEIRO|BOMBEIRO,2|2,17.4|23.1,2|1,1,1,1,,1,0
756,multiplas_emergencias,PREEMPCAO_ML,50,3323.7,3360.6,36.9,370,CRUZ_02,2,VE_ROTA_VE_CORREDOR_05|VE_ROTA_VE_TRANSVERSAL_05,POLICIA|POLICIA,3|3,35.9|20.0,1|2,1,1,1,,1,1
756,multiplas_emergencias,PREEMPCAO_ML,50,3452.1,3480.9,28.8,289,CRUZ_08,2,VE_ROTA_VE_CORREDOR_05|VE_ROTA_VE_TRANSVERSAL_05,POLICIA|POLICIA,3|3,27.6|23.0,2|1,1,1,1,,1,1
