lote: 650 execuções (4 cenários x 4 modos x 50 seeds) · 6 processos · 13 exemplares (P5)
  PREEMPCAO_ML fica de fora de leve, moderado, intenso: um VE só, sem disputa (150 execuções a menos que o produto)
***Starting server on port 55718 ***
***Starting server on port 55719 ***
***Starting server on port 55723 ***
***Starting server on port 55721 ***
***Starting server on port 55722 ***
***Starting server on port 55720 ***
Loading net-file from 'C:\Users\User\Desktop\tcc-bloco8\sim\config\../rede/malha.net.xml' ...Loading net-file from 'C:\Users\User\Desktop\tcc-bloco8\sim\config\../rede/malha.net.xml' ...Loading net-file from 'C:\Users\User\Desktop\tcc-bloco8\sim\config\../rede/malha.net.xml' ...Loading net-file from 'C:\Users\User\Desktop\tcc-bloco8\sim\config\../rede/malha.net.xml' ...Loading net-file from 'C:\Users\User\Desktop\tcc-bloco8\sim\config\../rede/malha.net.xml' ...Loading net-file from 'C:\Users\User\Desktop\tcc-bloco8\sim\config\../rede/malha.net.xml' ... done (7ms).
 done (8ms).
 done (10ms).
 done (10ms).
 done (10ms).
 done (6ms).
Loading additional-files from 'C:\Users\User\Desktop\tcc-bloco8\sim\saida\leve_PREEMPCAO_1\malha.det.add.xml' ...Loading additional-files from 'C:\Users\User\Desktop\tcc-bloco8\sim\saida\leve_FIXO_1\malha.det.add.xml' ...Loading additional-files from 'C:\Users\User\Desktop\tcc-bloco8\sim\saida\leve_PREEMPCAO_COMPENSADA_1\malha.det.add.xml' ...Loading additional-files from 'C:\Users\User\Desktop\tcc-bloco8\sim\saida\moderado_PREEMPCAO_1\malha.det.add.xml' ...Loading additional-files from 'C:\Users\User\Desktop\tcc-bloco8\sim\saida\moderado_PREEMPCAO_COMPENSADA_1\malha.det.add.xml' ...Loading additional-files from 'C:\Users\User\Desktop\tcc-bloco8\sim\saida\moderado_FIXO_1\malha.det.add.xml' ... done (38ms).
 done (44ms).
 done (43ms).
 done (43ms).
 done (49ms).
 done (53ms).
Loading route-files incrementally from 'C:\Users\User\Desktop\tcc-bloco8\sim\demanda\veiculos.typ.xml'
Loading route-files incrementally from 'C:\Users\User\Desktop\tcc-bloco8\sim\saida\rotas\moderado_1.rou.xml'
Loading done.
Loading route-files incrementally from 'C:\Users\User\Desktop\tcc-bloco8\sim\demanda\veiculos.typ.xml'
Loading route-files incrementally from 'C:\Users\User\Desktop\tcc-bloco8\sim\saida\rotas\moderado_1.rou.xml'
Loading done.
Loading route-files incrementally from 'C:\Users\User\Desktop\tcc-bloco8\sim\demanda\veiculos.typ.xml'
Loading route-files incrementally from 'C:\Users\User\Desktop\tcc-bloco8\sim\saida\rotas\leve_1.rou.xml'
Loading done.
Loading route-files incrementally from 'C:\Users\User\Desktop\tcc-bloco8\sim\demanda\veiculos.typ.xml'
Loading route-files incrementally from 'C:\Users\User\Desktop\tcc-bloco8\sim\saida\rotas\moderado_1.rou.xml'
Loading done.
Loading route-files incrementally from 'C:\Users\User\Desktop\tcc-bloco8\sim\demanda\veiculos.typ.xml'
Loading route-files incrementally from 'C:\Users\User\Desktop\tcc-bloco8\sim\saida\rotas\leve_1.rou.xml'
Loading done.
Loading route-files incrementally from 'C:\Users\User\Desktop\tcc-bloco8\sim\demanda\veiculos.typ.xml'
Loading route-files incrementally from 'C:\Users\User\Desktop\tcc-bloco8\sim\saida\rotas\leve_1.rou.xml'
Loading done.
Simulation version 1.27.1 started with time: 0.00.
Simulation version 1.27.1 started with time: 0.00.
Simulation version 1.27.1 started with time: 0.00.
Simulation version 1.27.1 started with time: 0.00.
Simulation version 1.27.1 started with time: 0.00.
Simulation version 1.27.1 started with time: 0.00.
Simulation ended at time: 3600.00.
Reason: TraCI requested termination.
Performance:
 Duration: 61.06s
 TraCI-Duration: 39.44s
 Real time factor: 58.9565
 UPS: 69523.844617
Vehicles:
 Inserted: 2280
 Running: 100
 Waiting: 0
Statistics (avg of 2180):
 RouteLength: 2018.81
 Speed: 10.68
 Duration: 190.17
 WaitingTime: 23.13
 TimeLoss: 42.85
 DepartDelay: 0.05
  [  1/650] leve/PREEMPCAO/seed=1                                ok        1m05s · restam ~14h32m40s
***Starting server on port 53307 ***
Loading net-file from 'C:\Users\User\Desktop\tcc-bloco8\sim\config\../rede/malha.net.xml' ... done (11ms).
Loading additional-files from 'C:\Users\User\Desktop\tcc-bloco8\sim\saida\intenso_FIXO_1\malha.det.add.xml' ... done (46ms).
Loading route-files incrementally from 'C:\Users\User\Desktop\tcc-bloco8\sim\demanda\veiculos.typ.xml'
Loading route-files incrementally from 'C:\Users\User\Desktop\tcc-bloco8\sim\saida\rotas\intenso_1.rou.xml'
Loading done.
Simulation version 1.27.1 started with time: 0.00.
Simulation ended at time: 3600.00.
Reason: TraCI requested termination.
Performance:
 Duration: 63.08s
 TraCI-Duration: 40.20s
 Real time factor: 57.0695
 UPS: 69349.106704
Vehicles:
 Inserted: 2280
 Running: 103
 Waiting: 0
Statistics (avg of 2177):
 RouteLength: 2017.24
 Speed: 10.32
 Duration: 196.12
 WaitingTime: 27.31
 TimeLoss: 48.82
 DepartDelay: 0.05
  [  2/650] leve/PREEMPCAO_COMPENSADA/seed=1                     ok        1m07s · restam ~7h26m34s
***Starting server on port 53315 ***
Loading net-file from 'C:\Users\User\Desktop\tcc-bloco8\sim\config\../rede/malha.net.xml' ... done (6ms).
Loading additional-files from 'C:\Users\User\Desktop\tcc-bloco8\sim\saida\intenso_PREEMPCAO_1\malha.det.add.xml' ... done (41ms).
Loading route-files incrementally from 'C:\Users\User\Desktop\tcc-bloco8\sim\demanda\veiculos.typ.xml'
Loading route-files incrementally from 'C:\Users\User\Desktop\tcc-bloco8\sim\saida\rotas\intenso_1.rou.xml'
Loading done.
Simulation version 1.27.1 started with time: 0.00.
Simulation ended at time: 3600.00.
Reason: TraCI requested termination.
Performance:
 Duration: 66.51s
 TraCI-Duration: 39.29s
 Real time factor: 54.1248
 UPS: 76987.190474
Vehicles:
 Inserted: 2280
 Running: 139
 Waiting: 0
Statistics (avg of 2141):
 RouteLength: 2006.41
 Speed: 8.79
 Duration: 229.61
 WaitingTime: 50.83
 TimeLoss: 82.54
 DepartDelay: 0.05
  [  3/650] leve/FIXO/seed=1                                     ok        1m10s · restam ~5h09m04s
***Starting server on port 53324 ***
Loading net-file from 'C:\Users\User\Desktop\tcc-bloco8\sim\config\../rede/malha.net.xml' ... done (6ms).
Loading additional-files from 'C:\Users\User\Desktop\tcc-bloco8\sim\saida\intenso_PREEMPCAO_COMPENSADA_1\malha.det.add.xml' ... done (46ms).
Loading route-files incrementally from 'C:\Users\User\Desktop\tcc-bloco8\sim\demanda\veiculos.typ.xml'
Loading route-files incrementally from 'C:\Users\User\Desktop\tcc-bloco8\sim\saida\rotas\intenso_1.rou.xml'
Loading done.
Simulation version 1.27.1 started with time: 0.00.
Simulation ended at time: 3600.00.
Reason: TraCI requested termination.
Performance:
 Duration: 90.45s
 TraCI-Duration: 39.96s
 Real time factor: 39.8006
 UPS: 117288.421355
Vehicles:
 Inserted: 5278
 Running: 321
 Waiting: 0
Statistics (avg of 4957):
 RouteLength: 2020.95
 Speed: 9.77
 Duration: 207.21
 WaitingTime: 25.21
 TimeLoss: 59.98
 DepartDelay: 0.06
Simulation ended at time: 3600.00.
Reason: TraCI requested termination.
Performance:
 Duration: 91.13s
 TraCI-Duration: 41.25s
 Real time factor: 39.5057
 UPS: 114677.051555
Vehicles:
 Inserted: 5278
 Running: 306
 Waiting: 0
Statistics (avg of 4972):
 RouteLength: 2022.98
 Speed: 9.95
 Duration: 204.06
 WaitingTime: 24.01
 TimeLoss: 56.77
 DepartDelay: 0.06
  [  4/650] moderado/PREEMPCAO/seed=1                            ok        1m34s · restam ~4h56m48s
***Starting server on port 53367 ***
  [  5/650] moderado/PREEMPCAO_COMPENSADA/seed=1                 ok        1m35s · restam ~3h58m18s
Loading net-file from 'C:\Users\User\Desktop\tcc-bloco8\sim\config\../rede/malha.net.xml' ... done (10ms).
Loading additional-files from 'C:\Users\User\Desktop\tcc-bloco8\sim\saida\multiplas_emergencias_FIXO_1\malha.det.add.xml' ...***Starting server on port 53371 ***
 done (47ms).
Loading route-files incrementally from 'C:\Users\User\Desktop\tcc-bloco8\sim\demanda\veiculos.typ.xml'
Loading route-files incrementally from 'C:\Users\User\Desktop\tcc-bloco8\sim\saida\rotas\multiplas_emergencias_1.rou.xml'
Loading done.
Simulation version 1.27.1 started with time: 0.00.
Loading net-file from 'C:\Users\User\Desktop\tcc-bloco8\sim\config\../rede/malha.net.xml' ... done (9ms).
Loading additional-files from 'C:\Users\User\Desktop\tcc-bloco8\sim\saida\multiplas_emergencias_PREEMPCAO_1\malha.det.add.xml' ... done (54ms).
Loading route-files incrementally from 'C:\Users\User\Desktop\tcc-bloco8\sim\demanda\veiculos.typ.xml'
Loading route-files incrementally from 'C:\Users\User\Desktop\tcc-bloco8\sim\saida\rotas\multiplas_emergencias_1.rou.xml'
Loading done.
Simulation version 1.27.1 started with time: 0.00.
Simulation ended at time: 3600.00.
Reason: TraCI requested termination.
Performance:
 Duration: 98.94s
 TraCI-Duration: 39.73s
 Real time factor: 36.3853
 UPS: 122204.525930
Vehicles:
 Inserted: 5278
 Running: 379
 Waiting: 0
Statistics (avg of 4899):
 RouteLength: 2013.29
 Speed: 8.51
 Duration: 236.69
 WaitingTime: 42.04
 TimeLoss: 89.58
 DepartDelay: 0.06
  [  6/650] moderado/FIXO/seed=1                                 ok        1m42s · restam ~3h31m54s
***Starting server on port 53388 ***
Loading net-file from 'C:\Users\User\Desktop\tcc-bloco8\sim\config\../rede/malha.net.xml' ... done (7ms).
Loading additional-files from 'C:\Users\User\Desktop\tcc-bloco8\sim\saida\multiplas_emergencias_PREEMPCAO_COMPENSADA_1\malha.det.add.xml' ... done (48ms).
Loading route-files incrementally from 'C:\Users\User\Desktop\tcc-bloco8\sim\demanda\veiculos.typ.xml'
Loading route-files incrementally from 'C:\Users\User\Desktop\tcc-bloco8\sim\saida\rotas\multiplas_emergencias_1.rou.xml'
Loading done.
Simulation version 1.27.1 started with time: 0.00.
Simulation ended at time: 3600.00.
Reason: TraCI requested termination.
Performance:
 Duration: 94.07s
 TraCI-Duration: 42.08s
 Real time factor: 38.2706
 UPS: 111274.442684
Vehicles:
 Inserted: 5284
 Running: 323
 Waiting: 0
Statistics (avg of 4961):
 RouteLength: 2020.52
 Speed: 9.93
 Duration: 204.04
 WaitingTime: 23.41
 TimeLoss: 56.81
 DepartDelay: 0.06
  [  7/650] multiplas_emergencias/PREEMPCAO/seed=1               ok        1m35s · restam ~5h16m33s
***Starting server on port 50770 ***
Loading net-file from 'C:\Users\User\Desktop\tcc-bloco8\sim\config\../rede/malha.net.xml' ... done (11ms).
Loading additional-files from 'C:\Users\User\Desktop\tcc-bloco8\sim\saida\multiplas_emergencias_PREEMPCAO_ML_1\malha.det.add.xml' ... done (54ms).
Loading route-files incrementally from 'C:\Users\User\Desktop\tcc-bloco8\sim\demanda\veiculos.typ.xml'
Loading route-files incrementally from 'C:\Users\User\Desktop\tcc-bloco8\sim\saida\rotas\multiplas_emergencias_1.rou.xml'
Loading done.
Simulation version 1.27.1 started with time: 0.00.
Simulation ended at time: 3600.00.
Reason: TraCI requested termination.
Performance:
 Duration: 103.87s
 TraCI-Duration: 41.26s
 Real time factor: 34.659
 UPS: 116568.302381
Vehicles:
 Inserted: 5284
 Running: 379
 Waiting: 0
Statistics (avg of 4905):
 RouteLength: 2013.88
 Speed: 8.51
 Duration: 236.75
 WaitingTime: 41.99
 TimeLoss: 89.65
 DepartDelay: 0.06
Simulation ended at time: 3600.00.
Reason: TraCI requested termination.
Performance:
 Duration: 95.72s
 TraCI-Duration: 42.81s
 Real time factor: 37.6117
 UPS: 109562.221177
Vehicles:
 Inserted: 5284
 Running: 311
 Waiting: 0
Statistics (avg of 4973):
 RouteLength: 2021.07
 Speed: 9.93
 Duration: 204.47
 WaitingTime: 24.00
 TimeLoss: 57.24
 DepartDelay: 0.06
  [  8/650] multiplas_emergencias/FIXO/seed=1                    ok        1m45s · restam ~4h48m42s
  [  9/650] multiplas_emergencias/PREEMPCAO_COMPENSADA/seed=1    ok        1m37s · restam ~4h16m21s
***Starting server on port 50787 ***
***Starting server on port 50790 ***
Loading net-file from 'C:\Users\User\Desktop\tcc-bloco8\sim\config\../rede/malha.net.xml' ... done (6ms).
Loading additional-files from 'C:\Users\User\Desktop\tcc-bloco8\sim\saida\leve_FIXO_2\malha.det.add.xml' ... done (43ms).
Loading route-files incrementally from 'C:\Users\User\Desktop\tcc-bloco8\sim\demanda\veiculos.typ.xml'
Loading route-files incrementally from 'C:\Users\User\Desktop\tcc-bloco8\sim\saida\rotas\leve_2.rou.xml'
Loading done.
Simulation version 1.27.1 started with time: 0.00.
Loading net-file from 'C:\Users\User\Desktop\tcc-bloco8\sim\config\../rede/malha.net.xml' ... done (6ms).
Loading additional-files from 'C:\Users\User\Desktop\tcc-bloco8\sim\saida\leve_PREEMPCAO_2\malha.det.add.xml' ... done (43ms).
Loading route-files incrementally from 'C:\Users\User\Desktop\tcc-bloco8\sim\demanda\veiculos.typ.xml'
Loading route-files incrementally from 'C:\Users\User\Desktop\tcc-bloco8\sim\saida\rotas\leve_2.rou.xml'
Loading done.
Simulation version 1.27.1 started with time: 0.00.
Simulation ended at time: 3600.00.
Reason: TraCI requested termination.
Performance:
 Duration: 149.37s
 TraCI-Duration: 42.86s
 Real time factor: 24.1012
 UPS: 134046.763072
Vehicles:
 Inserted: 9100
 Running: 563
 Waiting: 0
Statistics (avg of 8537):
 RouteLength: 2020.87
 Speed: 8.91
 Duration: 226.72
 WaitingTime: 27.47
 TimeLoss: 79.49
 DepartDelay: 0.09
  [ 10/650] intenso/PREEMPCAO/seed=1                             ok        2m31s · restam ~4h09m35s
***Starting server on port 64736 ***
Loading net-file from 'C:\Users\User\Desktop\tcc-bloco8\sim\config\../rede/malha.net.xml' ... done (9ms).
Loading additional-files from 'C:\Users\User\Desktop\tcc-bloco8\sim\saida\leve_PREEMPCAO_COMPENSADA_2\malha.det.add.xml' ... done (46ms).
Loading route-files incrementally from 'C:\Users\User\Desktop\tcc-bloco8\sim\demanda\veiculos.typ.xml'
Loading route-files incrementally from 'C:\Users\User\Desktop\tcc-bloco8\sim\saida\rotas\leve_2.rou.xml'
Loading done.
Simulation version 1.27.1 started with time: 0.00.
Simulation ended at time: 3600.00.
Reason: TraCI requested termination.
Performance:
 Duration: 165.03s
 TraCI-Duration: 42.59s
 Real time factor: 21.8147
 UPS: 132079.423848
Vehicles:
 Inserted: 9100
 Running: 637
 Waiting: 0
Statistics (avg of 8463):
 RouteLength: 2014.12
 Speed: 8.12
 Duration: 247.22
 WaitingTime: 35.27
 TimeLoss: 100.12
 DepartDelay: 0.09
Simulation ended at time: 3600.00.
Reason: TraCI requested termination.
Performance:
 Duration: 163.78s
 TraCI-Duration: 44.71s
 Real time factor: 21.9811
 UPS: 128395.415718
Vehicles:
 Inserted: 9100
 Running: 543
 Waiting: 0
Statistics (avg of 8557):
 RouteLength: 2018.35
 Speed: 8.47
 Duration: 238.34
 WaitingTime: 32.30
 TimeLoss: 91.18
 DepartDelay: 0.09
  [ 11/650] intenso/PREEMPCAO_COMPENSADA/seed=1                  ok        2m57s · restam ~4h15m04s
  [ 12/650] intenso/FIXO/seed=1                                  ok        3m02s · restam ~3h53m31s
***Starting server on port 57022 ***
***Starting server on port 57025 ***
Loading net-file from 'C:\Users\User\Desktop\tcc-bloco8\sim\config\../rede/malha.net.xml' ... done (10ms).
Loading additional-files from 'C:\Users\User\Desktop\tcc-bloco8\sim\saida\moderado_FIXO_2\malha.det.add.xml' ... done (47ms).
Loading net-file from 'C:\Users\User\Desktop\tcc-bloco8\sim\config\../rede/malha.net.xml' ... done (8ms).
Loading additional-files from 'C:\Users\User\Desktop\tcc-bloco8\sim\saida\moderado_PREEMPCAO_2\malha.det.add.xml' ...Loading route-files incrementally from 'C:\Users\User\Desktop\tcc-bloco8\sim\demanda\veiculos.typ.xml'
Loading route-files incrementally from 'C:\Users\User\Desktop\tcc-bloco8\sim\saida\rotas\moderado_2.rou.xml'
Loading done.
Simulation version 1.27.1 started with time: 0.00.
 done (43ms).
Loading route-files incrementally from 'C:\Users\User\Desktop\tcc-bloco8\sim\demanda\veiculos.typ.xml'
Loading route-files incrementally from 'C:\Users\User\Desktop\tcc-bloco8\sim\saida\rotas\moderado_2.rou.xml'
Loading done.
Simulation version 1.27.1 started with time: 0.00.
Simulation ended at time: 3600.00.
Reason: TraCI requested termination.
Performance:
 Duration: 70.89s
 TraCI-Duration: 41.85s
 Real time factor: 50.78
 UPS: 58772.519536
Vehicles:
 Inserted: 2265 (Loaded: 2266)
 Running: 124
 Waiting: 0
Statistics (avg of 2141):
 RouteLength: 2028.88
 Speed: 10.79
 Duration: 189.13
 WaitingTime: 21.93
 TimeLoss: 41.08
 DepartDelay: 0.05
  [ 13/650] leve/PREEMPCAO/seed=2                                ok        1m11s · restam ~3h55m06s
***Starting server on port 53158 ***
Loading net-file from 'C:\Users\User\Desktop\tcc-bloco8\sim\config\../rede/malha.net.xml' ... done (6ms).
Loading additional-files from 'C:\Users\User\Desktop\tcc-bloco8\sim\saida\moderado_PREEMPCAO_COMPENSADA_2\malha.det.add.xml' ... done (35ms).
Loading route-files incrementally from 'C:\Users\User\Desktop\tcc-bloco8\sim\demanda\veiculos.typ.xml'
Loading route-files incrementally from 'C:\Users\User\Desktop\tcc-bloco8\sim\saida\rotas\moderado_2.rou.xml'
Loading done.
Simulation version 1.27.1 started with time: 0.00.
Simulation ended at time: 3600.00.
Reason: TraCI requested termination.
Performance:
 Duration: 79.65s
 TraCI-Duration: 42.39s
 Real time factor: 45.1977
 UPS: 63870.056497
Vehicles:
 Inserted: 2265 (Loaded: 2266)
 Running: 147
 Waiting: 0
Statistics (avg of 2118):
 RouteLength: 2017.69
 Speed: 8.77
 Duration: 231.55
 WaitingTime: 51.92
 TimeLoss: 83.70
 DepartDelay: 0.05
  [ 14/650] leve/FIXO/seed=2                                     ok        1m20s · restam ~3h44m30s
***Starting server on port 53174 ***
Loading net-file from 'C:\Users\User\Desktop\tcc-bloco8\sim\config\../rede/malha.net.xml' ... done (7ms).
Loading additional-files from 'C:\Users\User\Desktop\tcc-bloco8\sim\saida\intenso_FIXO_2\malha.det.add.xml' ... done (38ms).
Loading route-files incrementally from 'C:\Users\User\Desktop\tcc-bloco8\sim\demanda\veiculos.typ.xml'
Loading route-files incrementally from 'C:\Users\User\Desktop\tcc-bloco8\sim\saida\rotas\intenso_2.rou.xml'
Loading done.
Simulation version 1.27.1 started with time: 0.00.
Simulation ended at time: 3600.00.
Reason: TraCI requested termination.
Performance:
 Duration: 72.95s
 TraCI-Duration: 44.15s
 Real time factor: 49.3509
 UPS: 58976.297860
Vehicles:
 Inserted: 2265 (Loaded: 2266)
 Running: 120
 Waiting: 0
Statistics (avg of 2145):
 RouteLength: 2028.35
 Speed: 10.43
 Duration: 195.40
 WaitingTime: 26.70
 TimeLoss: 47.36
 DepartDelay: 0.05
  [ 15/650] leve/PREEMPCAO_COMPENSADA/seed=2                     ok        1m13s · restam ~3h37m16s
***Starting server on port 53193 ***
Loading net-file from 'C:\Users\User\Desktop\tcc-bloco8\sim\config\../rede/malha.net.xml' ... done (7ms).
Loading additional-files from 'C:\Users\User\Desktop\tcc-bloco8\sim\saida\intenso_PREEMPCAO_2\malha.det.add.xml' ... done (37ms).
Loading route-files incrementally from 'C:\Users\User\Desktop\tcc-bloco8\sim\demanda\veiculos.typ.xml'
Loading route-files incrementally from 'C:\Users\User\Desktop\tcc-bloco8\sim\saida\rotas\intenso_2.rou.xml'
Loading done.
Simulation version 1.27.1 started with time: 0.00.
Simulation ended at time: 3600.00.
Reason: TraCI requested termination.
Performance:
 Duration: 104.58s
 TraCI-Duration: 44.47s
 Real time factor: 34.4247
 UPS: 98854.192166
Vehicles:
 Inserted: 5284
 Running: 316
 Waiting: 0
Statistics (avg of 4968):
 RouteLength: 2023.20
 Speed: 10.06
 Duration: 201.59
 WaitingTime: 22.46
 TimeLoss: 54.32
 DepartDelay: 0.06
  [ 16/650] multiplas_emergencias/PREEMPCAO_ML/seed=1            ok        1m46s · restam ~3h27m02s
***Starting server on port 53205 ***
Loading net-file from 'C:\Users\User\Desktop\tcc-bloco8\sim\config\../rede/malha.net.xml' ... done (9ms).
Loading additional-files from 'C:\Users\User\Desktop\tcc-bloco8\sim\saida\intenso_PREEMPCAO_COMPENSADA_2\malha.det.add.xml' ... done (45ms).
Loading route-files incrementally from 'C:\Users\User\Desktop\tcc-bloco8\sim\demanda\veiculos.typ.xml'
Loading route-files incrementally from 'C:\Users\User\Desktop\tcc-bloco8\sim\saida\rotas\intenso_2.rou.xml'
Loading done.
Simulation version 1.27.1 started with time: 0.00.
Simulation ended at time: 3600.00.
Reason: TraCI requested termination.
Performance:
 Duration: 109.85s
 TraCI-Duration: 46.76s
 Real time factor: 32.7735
 UPS: 95846.155947
Vehicles:
 Inserted: 5348
 Running: 291
 Waiting: 0
Statistics (avg of 5057):
 RouteLength: 2016.64
 Speed: 10.00
 Duration: 202.21
 WaitingTime: 22.29
 TimeLoss: 54.63
 DepartDelay: 0.06
  [ 17/650] moderado/PREEMPCAO/seed=2                            ok        1m51s · restam ~3h52m28s
***Starting server on port 60653 ***
Loading net-file from 'C:\Users\User\Desktop\tcc-bloco8\sim\config\../rede/malha.net.xml' ... done (13ms).
Loading additional-files from 'C:\Users\User\Desktop\tcc-bloco8\sim\saida\multiplas_emergencias_FIXO_2\malha.det.add.xml' ... done (74ms).
Loading route-files incrementally from 'C:\Users\User\Desktop\tcc-bloco8\sim\demanda\veiculos.typ.xml'
Loading route-files incrementally from 'C:\Users\User\Desktop\tcc-bloco8\sim\saida\rotas\multiplas_emergencias_2.rou.xml'
Loading done.
Simulation version 1.27.1 started with time: 0.00.
Simulation ended at time: 3600.00.
Reason: TraCI requested termination.
Performance:
 Duration: 124.47s
 TraCI-Duration: 47.27s
 Real time factor: 28.9229
 UPS: 98609.155693
Vehicles:
 Inserted: 5348
 Running: 348
 Waiting: 0
Statistics (avg of 5000):
 RouteLength: 2008.59
 Speed: 8.51
 Duration: 236.25
 WaitingTime: 41.46
 TimeLoss: 88.83
 DepartDelay: 0.06
  [ 18/650] moderado/FIXO/seed=2                                 ok        2m05s · restam ~3h47m39s
***Starting server on port 60838 ***
Loading net-file from 'C:\Users\User\Desktop\tcc-bloco8\sim\config\../rede/malha.net.xml' ... done (11ms).
Loading additional-files from 'C:\Users\User\Desktop\tcc-bloco8\sim\saida\multiplas_emergencias_PREEMPCAO_2\malha.det.add.xml' ... done (72ms).
Loading route-files incrementally from 'C:\Users\User\Desktop\tcc-bloco8\sim\demanda\veiculos.typ.xml'
Loading route-files incrementally from 'C:\Users\User\Desktop\tcc-bloco8\sim\saida\rotas\multiplas_emergencias_2.rou.xml'
Loading done.
Simulation version 1.27.1 started with time: 0.00.
Simulation ended at time: 3600.00.
Reason: TraCI requested termination.
Performance:
 Duration: 116.13s
 TraCI-Duration: 47.94s
 Real time factor: 31.0008
 UPS: 93505.795429
Vehicles:
 Inserted: 5348
 Running: 281
 Waiting: 0
Statistics (avg of 5067):
 RouteLength: 2016.59
 Speed: 9.69
 Duration: 208.71
 WaitingTime: 26.11
 TimeLoss: 61.16
 DepartDelay: 0.06
  [ 19/650] moderado/PREEMPCAO_COMPENSADA/seed=2                 ok        1m57s · restam ~3h44m15s
***Starting server on port 55356 ***
Loading net-file from 'C:\Users\User\Desktop\tcc-bloco8\sim\config\../rede/malha.net.xml' ... done (8ms).
Loading additional-files from 'C:\Users\User\Desktop\tcc-bloco8\sim\saida\multiplas_emergencias_PREEMPCAO_COMPENSADA_2\malha.det.add.xml' ... done (49ms).
Loading route-files incrementally from 'C:\Users\User\Desktop\tcc-bloco8\sim\demanda\veiculos.typ.xml'
Loading route-files incrementally from 'C:\Users\User\Desktop\tcc-bloco8\sim\saida\rotas\multiplas_emergencias_2.rou.xml'
Loading done.
Simulation version 1.27.1 started with time: 0.00.
Simulation ended at time: 3600.00.
Reason: TraCI requested termination.
Performance:
 Duration: 103.63s
 TraCI-Duration: 41.69s
 Real time factor: 34.7403
 UPS: 118588.713257
Vehicles:
 Inserted: 5354
 Running: 348
 Waiting: 0
Statistics (avg of 5006):
 RouteLength: 2009.17
 Speed: 8.51
 Duration: 236.27
 WaitingTime: 41.44
 TimeLoss: 88.86
 DepartDelay: 0.06
  [ 20/650] multiplas_emergencias/FIXO/seed=2                    ok        1m44s · restam ~4h11m42s
***Starting server on port 55462 ***
Loading net-file from 'C:\Users\User\Desktop\tcc-bloco8\sim\config\../rede/malha.net.xml' ... done (11ms).
Loading additional-files from 'C:\Users\User\Desktop\tcc-bloco8\sim\saida\multiplas_emergencias_PREEMPCAO_ML_2\malha.det.add.xml' ... done (54ms).
Loading route-files incrementally from 'C:\Users\User\Desktop\tcc-bloco8\sim\demanda\veiculos.typ.xml'
Loading route-files incrementally from 'C:\Users\User\Desktop\tcc-bloco8\sim\saida\rotas\multiplas_emergencias_2.rou.xml'
Loading done.
Simulation version 1.27.1 started with time: 0.00.
Simulation ended at time: 3600.00.
Reason: TraCI requested termination.
Performance:
 Duration: 90.74s
 TraCI-Duration: 40.61s
 Real time factor: 39.6734
 UPS: 115415.534323
Vehicles:
 Inserted: 5354
 Running: 279
 Waiting: 0
Statistics (avg of 5075):
 RouteLength: 2016.17
 Speed: 10.06
 Duration: 200.80
 WaitingTime: 21.90
 TimeLoss: 53.28
 DepartDelay: 0.06
  [ 21/650] multiplas_emergencias/PREEMPCAO/seed=2               ok        1m31s · restam ~4h00m05s
***Starting server on port 55469 ***
Loading net-file from 'C:\Users\User\Desktop\tcc-bloco8\sim\config\../rede/malha.net.xml' ... done (9ms).
Loading additional-files from 'C:\Users\User\Desktop\tcc-bloco8\sim\saida\leve_FIXO_3\malha.det.add.xml' ... done (63ms).
Loading route-files incrementally from 'C:\Users\User\Desktop\tcc-bloco8\sim\demanda\veiculos.typ.xml'
Loading route-files incrementally from 'C:\Users\User\Desktop\tcc-bloco8\sim\saida\rotas\leve_3.rou.xml'
Loading done.
Simulation version 1.27.1 started with time: 0.00.
Simulation ended at time: 3600.00.
Reason: TraCI requested termination.
Performance:
 Duration: 185.70s
 TraCI-Duration: 45.86s
 Real time factor: 19.3857
 UPS: 117954.890579
Vehicles:
 Inserted: 9169
 Running: 615
 Waiting: 0
Statistics (avg of 8554):
 RouteLength: 2011.31
 Speed: 8.15
 Duration: 246.04
 WaitingTime: 34.87
 TimeLoss: 98.75
 DepartDelay: 0.09
  [ 22/650] intenso/FIXO/seed=2                                  ok        3m07s · restam ~3h50m13s
***Starting server on port 55477 ***
Loading net-file from 'C:\Users\User\Desktop\tcc-bloco8\sim\config\../rede/malha.net.xml' ... done (6ms).
Loading additional-files from 'C:\Users\User\Desktop\tcc-bloco8\sim\saida\leve_PREEMPCAO_3\malha.det.add.xml' ... done (53ms).
Loading route-files incrementally from 'C:\Users\User\Desktop\tcc-bloco8\sim\demanda\veiculos.typ.xml'
Loading route-files incrementally from 'C:\Users\User\Desktop\tcc-bloco8\sim\saida\rotas\leve_3.rou.xml'
Loading done.
Simulation version 1.27.1 started with time: 0.00.
Simulation ended at time: 3600.00.
Reason: TraCI requested termination.
Performance:
 Duration: 179.38s
 TraCI-Duration: 47.11s
 Real time factor: 20.0697
 UPS: 114973.965157
Vehicles:
 Inserted: 9169
 Running: 516
 Waiting: 0
Statistics (avg of 8653):
 RouteLength: 2018.23
 Speed: 8.73
 Duration: 231.44
 WaitingTime: 28.98
 TimeLoss: 84.03
 DepartDelay: 0.09
  [ 23/650] intenso/PREEMPCAO/seed=2                             ok        3m00s · restam ~3h41m58s
***Starting server on port 55488 ***
Loading net-file from 'C:\Users\User\Desktop\tcc-bloco8\sim\config\../rede/malha.net.xml' ... done (10ms).
Loading additional-files from 'C:\Users\User\Desktop\tcc-bloco8\sim\saida\leve_PREEMPCAO_COMPENSADA_3\malha.det.add.xml' ... done (56ms).
Loading route-files incrementally from 'C:\Users\User\Desktop\tcc-bloco8\sim\demanda\veiculos.typ.xml'
Loading route-files incrementally from 'C:\Users\User\Desktop\tcc-bloco8\sim\saida\rotas\leve_3.rou.xml'
Loading done.
Simulation version 1.27.1 started with time: 0.00.
Simulation ended at time: 3600.00.
Reason: TraCI requested termination.
Performance:
 Duration: 184.73s
 TraCI-Duration: 48.72s
 Real time factor: 19.4875
 UPS: 114999.826778
Vehicles:
 Inserted: 9169
 Running: 554
 Waiting: 0
Statistics (avg of 8615):
 RouteLength: 2015.31
 Speed: 8.43
 Duration: 238.66
 WaitingTime: 32.75
 TimeLoss: 91.29
 DepartDelay: 0.09
  [ 24/650] intenso/PREEMPCAO_COMPENSADA/seed=2                  ok        3m07s · restam ~3h37m45s
***Starting server on port 55522 ***
Loading net-file from 'C:\Users\User\Desktop\tcc-bloco8\sim\config\../rede/malha.net.xml' ... done (7ms).
Loading additional-files from 'C:\Users\User\Desktop\tcc-bloco8\sim\saida\moderado_FIXO_3\malha.det.add.xml' ... done (45ms).
Loading route-files incrementally from 'C:\Users\User\Desktop\tcc-bloco8\sim\demanda\veiculos.typ.xml'
Loading route-files incrementally from 'C:\Users\User\Desktop\tcc-bloco8\sim\saida\rotas\moderado_3.rou.xml'
Loading done.
Simulation version 1.27.1 started with time: 0.00.
Simulation ended at time: 3600.00.
Reason: TraCI requested termination.
Performance:
 Duration: 114.26s
 TraCI-Duration: 43.74s
 Real time factor: 31.5085
 UPS: 96407.168176
Vehicles:
 Inserted: 5354
 Running: 306
 Waiting: 0
Statistics (avg of 5048):
 RouteLength: 2014.60
 Speed: 9.52
 Duration: 211.47
 WaitingTime: 28.25
 TimeLoss: 63.97
 DepartDelay: 0.06
  [ 25/650] multiplas_emergencias/PREEMPCAO_COMPENSADA/seed=2    ok        1m57s · restam ~3h37m42s
***Starting server on port 49481 ***
Warning: Vehicle 'A1_LESTE_carro_0161' performs emergency braking on lane 'A1_L1_0' with decel=9.00, wished=4.50, severity=1.00, time=1009.20.
Loading net-file from 'C:\Users\User\Desktop\tcc-bloco8\sim\config\../rede/malha.net.xml' ... done (11ms).
Loading additional-files from 'C:\Users\User\Desktop\tcc-bloco8\sim\saida\moderado_PREEMPCAO_3\malha.det.add.xml' ... done (72ms).
Loading route-files incrementally from 'C:\Users\User\Desktop\tcc-bloco8\sim\demanda\veiculos.typ.xml'
Loading route-files incrementally from 'C:\Users\User\Desktop\tcc-bloco8\sim\saida\rotas\moderado_3.rou.xml'
Loading done.
Simulation version 1.27.1 started with time: 0.00.
Simulation ended at time: 3600.00.
Reason: TraCI requested termination.
Performance:
 Duration: 96.35s
 TraCI-Duration: 46.86s
 Real time factor: 37.363
 UPS: 44391.678429
Vehicles:
 Inserted: 2299
 Running: 132
 Waiting: 0
Statistics (avg of 2167):
 RouteLength: 2028.00
 Speed: 10.61
 Duration: 192.00
 WaitingTime: 24.36
 TimeLoss: 44.62
 DepartDelay: 0.05
  [ 26/650] leve/PREEMPCAO/seed=3                                ok        1m37s · restam ~3h52m31s
***Starting server on port 56505 ***
Loading net-file from 'C:\Users\User\Desktop\tcc-bloco8\sim\config\../rede/malha.net.xml' ... done (11ms).
Loading additional-files from 'C:\Users\User\Desktop\tcc-bloco8\sim\saida\moderado_PREEMPCAO_COMPENSADA_3\malha.det.add.xml' ... done (51ms).
Loading route-files incrementally from 'C:\Users\User\Desktop\tcc-bloco8\sim\demanda\veiculos.typ.xml'
Loading route-files incrementally from 'C:\Users\User\Desktop\tcc-bloco8\sim\saida\rotas\moderado_3.rou.xml'
Loading done.
Simulation version 1.27.1 started with time: 0.00.
Simulation ended at time: 3600.00.
Reason: TraCI requested termination.
Performance:
 Duration: 93.15s
 TraCI-Duration: 46.98s
 Real time factor: 38.6457
 UPS: 46528.372373
Vehicles:
 Inserted: 2299
 Running: 133
 Waiting: 0
Statistics (avg of 2166):
 RouteLength: 2026.40
 Speed: 10.48
 Duration: 194.57
 WaitingTime: 26.57
 TimeLoss: 47.22
 DepartDelay: 0.05
Simulation ended at time: 3600.00.
Reason: TraCI requested termination.
Performance:
 Duration: 100.81s
 TraCI-Duration: 45.74s
 Real time factor: 35.7122
 UPS: 50896.028014
Vehicles:
 Inserted: 2299
 Running: 188
 Waiting: 0
Statistics (avg of 2111):
 RouteLength: 2012.30
 Speed: 8.78
 Duration: 230.59
 WaitingTime: 52.31
 TimeLoss: 83.56
 DepartDelay: 0.05
  [ 27/650] leve/FIXO/seed=3                                     ok        1m41s · restam ~3h44m06s
  [ 28/650] leve/PREEMPCAO_COMPENSADA/seed=3                     ok        1m34s · restam ~3h35m46s
***Starting server on port 56513 ***
***Starting server on port 56514 ***
Loading net-file from 'C:\Users\User\Desktop\tcc-bloco8\sim\config\../rede/malha.net.xml' ...Loading net-file from 'C:\Users\User\Desktop\tcc-bloco8\sim\config\../rede/malha.net.xml' ... done (11ms).
 done (11ms).
Loading additional-files from 'C:\Users\User\Desktop\tcc-bloco8\sim\saida\intenso_FIXO_3\malha.det.add.xml' ...Loading additional-files from 'C:\Users\User\Desktop\tcc-bloco8\sim\saida\intenso_PREEMPCAO_3\malha.det.add.xml' ... done (58ms).
 done (60ms).
Loading route-files incrementally from 'C:\Users\User\Desktop\tcc-bloco8\sim\demanda\veiculos.typ.xml'
Loading route-files incrementally from 'C:\Users\User\Desktop\tcc-bloco8\sim\saida\rotas\intenso_3.rou.xml'
Loading done.
Loading route-files incrementally from 'C:\Users\User\Desktop\tcc-bloco8\sim\demanda\veiculos.typ.xml'
Loading route-files incrementally from 'C:\Users\User\Desktop\tcc-bloco8\sim\saida\rotas\intenso_3.rou.xml'
Loading done.
Simulation version 1.27.1 started with time: 0.00.
Simulation version 1.27.1 started with time: 0.00.
Simulation ended at time: 3600.00.
Reason: TraCI requested termination.
Performance:
 Duration: 130.10s
 TraCI-Duration: 46.96s
 Real time factor: 27.6712
 UPS: 81871.797631
Vehicles:
 Inserted: 5354
 Running: 282
 Waiting: 0
 Emergency Braking: 1
Statistics (avg of 5072):
 RouteLength: 2016.87
 Speed: 9.91
 Duration: 204.41
 WaitingTime: 23.82
 TimeLoss: 56.86
 DepartDelay: 0.06
  [ 29/650] multiplas_emergencias/PREEMPCAO_ML/seed=2            ok        2m11s · restam ~3h37m57s
***Starting server on port 60448 ***
Loading net-file from 'C:\Users\User\Desktop\tcc-bloco8\sim\config\../rede/malha.net.xml' ... done (8ms).
Loading additional-files from 'C:\Users\User\Desktop\tcc-bloco8\sim\saida\intenso_PREEMPCAO_COMPENSADA_3\malha.det.add.xml' ... done (53ms).
Loading route-files incrementally from 'C:\Users\User\Desktop\tcc-bloco8\sim\demanda\veiculos.typ.xml'
Loading route-files incrementally from 'C:\Users\User\Desktop\tcc-bloco8\sim\saida\rotas\intenso_3.rou.xml'
Loading done.
Simulation version 1.27.1 started with time: 0.00.
Simulation ended at time: 3600.00.
Reason: TraCI requested termination.
Performance:
 Duration: 108.43s
 TraCI-Duration: 44.02s
 Real time factor: 33.2018
 UPS: 95884.753016
Vehicles:
 Inserted: 5373
 Running: 312
 Waiting: 0
Statistics (avg of 5061):
 RouteLength: 2015.06
 Speed: 10.13
 Duration: 199.49
 WaitingTime: 21.61
 TimeLoss: 52.25
 DepartDelay: 0.06
  [ 30/650] moderado/PREEMPCAO/seed=3                            ok        1m50s · restam ~3h37m51s
***Starting server on port 52559 ***
Loading net-file from 'C:\Users\User\Desktop\tcc-bloco8\sim\config\../rede/malha.net.xml' ... done (11ms).
Loading additional-files from 'C:\Users\User\Desktop\tcc-bloco8\sim\saida\multiplas_emergencias_FIXO_3\malha.det.add.xml' ... done (76ms).
Loading route-files incrementally from 'C:\Users\User\Desktop\tcc-bloco8\sim\demanda\veiculos.typ.xml'
Loading route-files incrementally from 'C:\Users\User\Desktop\tcc-bloco8\sim\saida\rotas\multiplas_emergencias_3.rou.xml'
Loading done.
Simulation version 1.27.1 started with time: 0.00.
Simulation ended at time: 3600.00.
Reason: TraCI requested termination.
Performance:
 Duration: 132.63s
 TraCI-Duration: 47.27s
 Real time factor: 27.144
 UPS: 92149.902734
Vehicles:
 Inserted: 5373
 Running: 389
 Waiting: 0
Statistics (avg of 4984):
 RouteLength: 2008.25
 Speed: 8.55
 Duration: 235.18
 WaitingTime: 41.25
 TimeLoss: 88.11
 DepartDelay: 0.06
  [ 31/650] moderado/FIXO/seed=3                                 ok        2m26s · restam ~3h35m33s
***Starting server on port 60205 ***
Loading net-file from 'C:\Users\User\Desktop\tcc-bloco8\sim\config\../rede/malha.net.xml' ... done (10ms).
Loading additional-files from 'C:\Users\User\Desktop\tcc-bloco8\sim\saida\multiplas_emergencias_PREEMPCAO_3\malha.det.add.xml' ... done (48ms).
Loading route-files incrementally from 'C:\Users\User\Desktop\tcc-bloco8\sim\demanda\veiculos.typ.xml'
Loading route-files incrementally from 'C:\Users\User\Desktop\tcc-bloco8\sim\saida\rotas\multiplas_emergencias_3.rou.xml'
Loading done.
Simulation version 1.27.1 started with time: 0.00.
Simulation ended at time: 3600.00.
Reason: TraCI requested termination.
Performance:
 Duration: 118.52s
 TraCI-Duration: 49.66s
 Real time factor: 30.3749
 UPS: 90909.255056
Vehicles:
 Inserted: 5373
 Running: 331
 Waiting: 0
Statistics (avg of 5042):
 RouteLength: 2015.43
 Speed: 9.76
 Duration: 207.00
 WaitingTime: 25.70
 TimeLoss: 59.76
 DepartDelay: 0.06
  [ 32/650] moderado/PREEMPCAO_COMPENSADA/seed=3                 ok        2m00s · restam ~3h45m45s
***Starting server on port 57835 ***
Loading net-file from 'C:\Users\User\Desktop\tcc-bloco8\sim\config\../rede/malha.net.xml' ... done (14ms).
Loading additional-files from 'C:\Users\User\Desktop\tcc-bloco8\sim\saida\multiplas_emergencias_PREEMPCAO_COMPENSADA_3\malha.det.add.xml' ... done (78ms).
Loading route-files incrementally from 'C:\Users\User\Desktop\tcc-bloco8\sim\demanda\veiculos.typ.xml'
Loading route-files incrementally from 'C:\Users\User\Desktop\tcc-bloco8\sim\saida\rotas\multiplas_emergencias_3.rou.xml'
Loading done.
Simulation version 1.27.1 started with time: 0.00.
Simulation ended at time: 3600.00.
Reason: TraCI requested termination.
Performance:
 Duration: 147.85s
 TraCI-Duration: 56.13s
 Real time factor: 24.3495
 UPS: 70586.308819
Vehicles:
 Inserted: 5379
 Running: 323
 Waiting: 0
Statistics (avg of 5056):
 RouteLength: 2016.76
 Speed: 10.10
 Duration: 200.09
 WaitingTime: 21.52
 TimeLoss: 52.85
 DepartDelay: 0.06
  [ 33/650] multiplas_emergencias/PREEMPCAO/seed=3               ok        2m29s · restam ~4h08m16s
***Starting server on port 50428 ***
Loading net-file from 'C:\Users\User\Desktop\tcc-bloco8\sim\config\../rede/malha.net.xml' ... done (13ms).
Loading additional-files from 'C:\Users\User\Desktop\tcc-bloco8\sim\saida\multiplas_emergencias_PREEMPCAO_ML_3\malha.det.add.xml' ... done (68ms).
Loading route-files incrementally from 'C:\Users\User\Desktop\tcc-bloco8\sim\demanda\veiculos.typ.xml'
Loading route-files incrementally from 'C:\Users\User\Desktop\tcc-bloco8\sim\saida\rotas\multiplas_emergencias_3.rou.xml'
Loading done.
Simulation version 1.27.1 started with time: 0.00.
Simulation ended at time: 3600.00.
Reason: TraCI requested termination.
Performance:
 Duration: 164.95s
 TraCI-Duration: 55.00s
 Real time factor: 21.8248
 UPS: 74201.036678
Vehicles:
 Inserted: 5379
 Running: 389
 Waiting: 0
Statistics (avg of 4990):
 RouteLength: 2008.83
 Speed: 8.55
 Duration: 235.25
 WaitingTime: 41.27
 TimeLoss: 88.19
 DepartDelay: 0.06
  [ 34/650] multiplas_emergencias/FIXO/seed=3                    ok        2m46s · restam ~4h01m10s
***Starting server on port 50435 ***
Loading net-file from 'C:\Users\User\Desktop\tcc-bloco8\sim\config\../rede/malha.net.xml' ... done (9ms).
Loading additional-files from 'C:\Users\User\Desktop\tcc-bloco8\sim\saida\leve_FIXO_4\malha.det.add.xml' ... done (61ms).
Loading route-files incrementally from 'C:\Users\User\Desktop\tcc-bloco8\sim\demanda\veiculos.typ.xml'
Loading route-files incrementally from 'C:\Users\User\Desktop\tcc-bloco8\sim\saida\rotas\leve_4.rou.xml'
Loading done.
Simulation version 1.27.1 started with time: 0.00.
Simulation ended at time: 3600.00.
Reason: TraCI requested termination.
Performance:
 Duration: 221.31s
 TraCI-Duration: 54.91s
 Real time factor: 16.2665
 UPS: 90433.732163
Vehicles:
 Inserted: 9073
 Running: 578
 Waiting: 0
Statistics (avg of 8495):
 RouteLength: 2024.25
 Speed: 8.87
 Duration: 227.77
 WaitingTime: 27.35
 TimeLoss: 80.29
 DepartDelay: 0.09
  [ 35/650] intenso/PREEMPCAO/seed=3                             ok        3m42s · restam ~3h55m53s
***Starting server on port 50447 ***
Loading net-file from 'C:\Users\User\Desktop\tcc-bloco8\sim\config\../rede/malha.net.xml' ... done (9ms).
Loading additional-files from 'C:\Users\User\Desktop\tcc-bloco8\sim\saida\leve_PREEMPCAO_4\malha.det.add.xml' ... done (61ms).
Loading route-files incrementally from 'C:\Users\User\Desktop\tcc-bloco8\sim\demanda\veiculos.typ.xml'
Loading route-files incrementally from 'C:\Users\User\Desktop\tcc-bloco8\sim\saida\rotas\leve_4.rou.xml'
Loading done.
Simulation version 1.27.1 started with time: 0.00.
Simulation ended at time: 3600.00.
Reason: TraCI requested termination.
Performance:
 Duration: 245.33s
 TraCI-Duration: 54.97s
 Real time factor: 14.6744
 UPS: 88663.030674
Vehicles:
 Inserted: 9073
 Running: 662
 Waiting: 0
Statistics (avg of 8411):
 RouteLength: 2017.88
 Speed: 8.12
 Duration: 247.79
 WaitingTime: 35.37
 TimeLoss: 100.46
 DepartDelay: 0.09
  [ 36/650] intenso/FIXO/seed=3                                  ok        4m06s · restam ~3h55m49s
***Starting server on port 58896 ***
Loading net-file from 'C:\Users\User\Desktop\tcc-bloco8\sim\config\../rede/malha.net.xml' ... done (13ms).
Loading additional-files from 'C:\Users\User\Desktop\tcc-bloco8\sim\saida\leve_PREEMPCAO_COMPENSADA_4\malha.det.add.xml' ... done (99ms).
Loading route-files incrementally from 'C:\Users\User\Desktop\tcc-bloco8\sim\demanda\veiculos.typ.xml'
Loading route-files incrementally from 'C:\Users\User\Desktop\tcc-bloco8\sim\saida\rotas\leve_4.rou.xml'
Loading done.
Simulation version 1.27.1 started with time: 0.00.
Warning: Vehicle 'A1_OESTE_carro_0118' performs emergency braking on lane 'A1_O4_0' with decel=9.00, wished=4.50, severity=1.00, time=1829.80.
Simulation ended at time: 3600.00.
Reason: TraCI requested termination.
Performance:
 Duration: 156.74s
 TraCI-Duration: 58.48s
 Real time factor: 22.9681
 UPS: 69692.667428
Vehicles:
 Inserted: 5379
 Running: 338
 Waiting: 0
Statistics (avg of 5041):
 RouteLength: 2014.94
 Speed: 9.62
 Duration: 209.60
 WaitingTime: 26.75
 TimeLoss: 62.41
 DepartDelay: 0.06
  [ 37/650] multiplas_emergencias/PREEMPCAO_COMPENSADA/seed=3    ok        2m37s · restam ~3h57m16s
***Starting server on port 60974 ***
Loading net-file from 'C:\Users\User\Desktop\tcc-bloco8\sim\config\../rede/malha.net.xml' ... done (10ms).
Loading additional-files from 'C:\Users\User\Desktop\tcc-bloco8\sim\saida\moderado_FIXO_4\malha.det.add.xml' ... done (65ms).
Loading route-files incrementally from 'C:\Users\User\Desktop\tcc-bloco8\sim\demanda\veiculos.typ.xml'
Loading route-files incrementally from 'C:\Users\User\Desktop\tcc-bloco8\sim\saida\rotas\moderado_4.rou.xml'
Loading done.
Simulation version 1.27.1 started with time: 0.00.
Simulation ended at time: 3600.00.
Reason: TraCI requested termination.
Performance:
 Duration: 249.81s
 TraCI-Duration: 59.59s
 Real time factor: 14.4108
 UPS: 84326.792441
Vehicles:
 Inserted: 9073
 Running: 578
 Waiting: 0
Statistics (avg of 8495):
 RouteLength: 2023.78
 Speed: 8.44
 Duration: 240.09
 WaitingTime: 33.65
 TimeLoss: 92.62
 DepartDelay: 0.09
  [ 38/650] intenso/PREEMPCAO_COMPENSADA/seed=3                  ok        4m11s · restam ~3h51m20s
***Starting server on port 60981 ***
Loading net-file from 'C:\Users\User\Desktop\tcc-bloco8\sim\config\../rede/malha.net.xml' ... done (9ms).
Loading additional-files from 'C:\Users\User\Desktop\tcc-bloco8\sim\saida\moderado_PREEMPCAO_4\malha.det.add.xml' ... done (60ms).
Loading route-files incrementally from 'C:\Users\User\Desktop\tcc-bloco8\sim\demanda\veiculos.typ.xml'
Loading route-files incrementally from 'C:\Users\User\Desktop\tcc-bloco8\sim\saida\rotas\moderado_4.rou.xml'
Loading done.
Simulation version 1.27.1 started with time: 0.00.
Simulation ended at time: 3600.00.
Reason: TraCI requested termination.
Performance:
 Duration: 79.42s
 TraCI-Duration: 49.66s
 Real time factor: 45.3269
 UPS: 53459.942334
Vehicles:
 Inserted: 2248
 Running: 122
 Waiting: 0
Statistics (avg of 2126):
 RouteLength: 2018.04
 Speed: 10.44
 Duration: 194.37
 WaitingTime: 26.61
 TimeLoss: 47.39
 DepartDelay: 0.05
Simulation ended at time: 3600.00.
Reason: TraCI requested termination.
Performance:
 Duration: 87.23s
 TraCI-Duration: 50.15s
 Real time factor: 41.2721
 UPS: 57335.244079
Vehicles:
 Inserted: 2248
 Running: 148
 Waiting: 0
 Emergency Braking: 1
Statistics (avg of 2100):
 RouteLength: 2009.28
 Speed: 8.82
 Duration: 229.29
 WaitingTime: 51.63
 TimeLoss: 82.50
 DepartDelay: 0.05
  [ 39/650] leve/PREEMPCAO/seed=4                                ok        1m22s · restam ~3h51m48s
***Starting server on port 59912 ***
  [ 40/650] leve/FIXO/seed=4                                     ok        1m32s · restam ~3h46m32s
Loading net-file from 'C:\Users\User\Desktop\tcc-bloco8\sim\config\../rede/malha.net.xml' ... done (7ms).
Loading additional-files from 'C:\Users\User\Desktop\tcc-bloco8\sim\saida\moderado_PREEMPCAO_COMPENSADA_4\malha.det.add.xml' ...***Starting server on port 59918 ***
 done (40ms).
Loading route-files incrementally from 'C:\Users\User\Desktop\tcc-bloco8\sim\demanda\veiculos.typ.xml'
Loading route-files incrementally from 'C:\Users\User\Desktop\tcc-bloco8\sim\saida\rotas\moderado_4.rou.xml'
Loading done.
Simulation version 1.27.1 started with time: 0.00.
Loading net-file from 'C:\Users\User\Desktop\tcc-bloco8\sim\config\../rede/malha.net.xml' ... done (11ms).
Loading additional-files from 'C:\Users\User\Desktop\tcc-bloco8\sim\saida\intenso_FIXO_4\malha.det.add.xml' ... done (52ms).
Loading route-files incrementally from 'C:\Users\User\Desktop\tcc-bloco8\sim\demanda\veiculos.typ.xml'
Loading route-files incrementally from 'C:\Users\User\Desktop\tcc-bloco8\sim\saida\rotas\intenso_4.rou.xml'
Loading done.
Simulation version 1.27.1 started with time: 0.00.
Simulation ended at time: 3600.00.
Reason: TraCI requested termination.
Performance:
 Duration: 76.86s
 TraCI-Duration: 47.67s
 Real time factor: 46.8372
 UPS: 55834.352476
Vehicles:
 Inserted: 2248
 Running: 124
 Waiting: 0
Statistics (avg of 2124):
 RouteLength: 2018.54
 Speed: 10.31
 Duration: 196.50
 WaitingTime: 28.15
 TimeLoss: 49.49
 DepartDelay: 0.05
  [ 41/650] leve/PREEMPCAO_COMPENSADA/seed=4                     ok        1m17s · restam ~3h44m41s
***Starting server on port 59969 ***
Loading net-file from 'C:\Users\User\Desktop\tcc-bloco8\sim\config\../rede/malha.net.xml' ... done (12ms).
Loading additional-files from 'C:\Users\User\Desktop\tcc-bloco8\sim\saida\intenso_PREEMPCAO_4\malha.det.add.xml' ... done (45ms).
Loading route-files incrementally from 'C:\Users\User\Desktop\tcc-bloco8\sim\demanda\veiculos.typ.xml'
Loading route-files incrementally from 'C:\Users\User\Desktop\tcc-bloco8\sim\saida\rotas\intenso_4.rou.xml'
Loading done.
Simulation version 1.27.1 started with time: 0.00.
Simulation ended at time: 3600.00.
Reason: TraCI requested termination.
Performance:
 Duration: 121.95s
 TraCI-Duration: 51.79s
 Real time factor: 29.5203
 UPS: 87293.480935
Vehicles:
 Inserted: 5379
 Running: 333
 Waiting: 0
Statistics (avg of 5046):
 RouteLength: 2014.82
 Speed: 9.90
 Duration: 204.09
 WaitingTime: 24.07
 TimeLoss: 56.90
 DepartDelay: 0.06
  [ 42/650] multiplas_emergencias/PREEMPCAO_ML/seed=3            ok        2m03s · restam ~3h41m55s
***Starting server on port 61815 ***
Loading net-file from 'C:\Users\User\Desktop\tcc-bloco8\sim\config\../rede/malha.net.xml' ... done (6ms).
Loading additional-files from 'C:\Users\User\Desktop\tcc-bloco8\sim\saida\intenso_PREEMPCAO_COMPENSADA_4\malha.det.add.xml' ... done (52ms).
Loading route-files incrementally from 'C:\Users\User\Desktop\tcc-bloco8\sim\demanda\veiculos.typ.xml'
Loading route-files incrementally from 'C:\Users\User\Desktop\tcc-bloco8\sim\saida\rotas\intenso_4.rou.xml'
Loading done.
Simulation version 1.27.1 started with time: 0.00.
Simulation ended at time: 3600.00.
Reason: TraCI requested termination.
Performance:
 Duration: 89.87s
 TraCI-Duration: 41.14s
 Real time factor: 40.0583
 UPS: 113346.760284
Vehicles:
 Inserted: 5306
 Running: 291
 Waiting: 0
Statistics (avg of 5015):
 RouteLength: 2022.62
 Speed: 10.32
 Duration: 197.27
 WaitingTime: 20.61
 TimeLoss: 50.05
 DepartDelay: 0.06
  [ 43/650] moderado/PREEMPCAO/seed=4                            ok        1m31s · restam ~3h44m11s
***Starting server on port 60800 ***
Loading net-file from 'C:\Users\User\Desktop\tcc-bloco8\sim\config\../rede/malha.net.xml' ... done (7ms).
Loading additional-files from 'C:\Users\User\Desktop\tcc-bloco8\sim\saida\multiplas_emergencias_FIXO_4\malha.det.add.xml' ... done (38ms).
Loading route-files incrementally from 'C:\Users\User\Desktop\tcc-bloco8\sim\demanda\veiculos.typ.xml'
Loading route-files incrementally from 'C:\Users\User\Desktop\tcc-bloco8\sim\saida\rotas\multiplas_emergencias_4.rou.xml'
Loading done.
Simulation version 1.27.1 started with time: 0.00.
Simulation ended at time: 3600.00.
Reason: TraCI requested termination.
Performance:
 Duration: 99.80s
 TraCI-Duration: 40.71s
 Real time factor: 36.0714
 UPS: 121923.448428
Vehicles:
 Inserted: 5306
 Running: 368
 Waiting: 0
Statistics (avg of 4938):
 RouteLength: 2012.63
 Speed: 8.53
 Duration: 236.33
 WaitingTime: 41.80
 TimeLoss: 89.38
 DepartDelay: 0.06
  [ 44/650] moderado/FIXO/seed=4                                 ok        1m40s · restam ~3h40m24s
***Starting server on port 60814 ***
Loading net-file from 'C:\Users\User\Desktop\tcc-bloco8\sim\config\../rede/malha.net.xml' ... done (10ms).
Loading additional-files from 'C:\Users\User\Desktop\tcc-bloco8\sim\saida\multiplas_emergencias_PREEMPCAO_4\malha.det.add.xml' ... done (42ms).
Loading route-files incrementally from 'C:\Users\User\Desktop\tcc-bloco8\sim\demanda\veiculos.typ.xml'
Loading route-files incrementally from 'C:\Users\User\Desktop\tcc-bloco8\sim\saida\rotas\multiplas_emergencias_4.rou.xml'
Loading done.
Simulation version 1.27.1 started with time: 0.00.
Simulation ended at time: 3600.00.
Reason: TraCI requested termination.
Performance:
 Duration: 85.27s
 TraCI-Duration: 39.05s
 Real time factor: 42.2178
 UPS: 127656.933108
Vehicles:
 Inserted: 5306
 Running: 281
 Waiting: 0
Statistics (avg of 5025):
 RouteLength: 2023.76
 Speed: 9.58
 Duration: 211.21
 WaitingTime: 26.94
 TimeLoss: 63.96
 DepartDelay: 0.06
  [ 45/650] moderado/PREEMPCAO_COMPENSADA/seed=4                 ok        1m29s · restam ~3h38m57s
***Starting server on port 60843 ***
Loading net-file from 'C:\Users\User\Desktop\tcc-bloco8\sim\config\../rede/malha.net.xml' ... done (6ms).
Loading additional-files from 'C:\Users\User\Desktop\tcc-bloco8\sim\saida\multiplas_emergencias_PREEMPCAO_COMPENSADA_4\malha.det.add.xml' ... done (43ms).
Loading route-files incrementally from 'C:\Users\User\Desktop\tcc-bloco8\sim\demanda\veiculos.typ.xml'
Loading route-files incrementally from 'C:\Users\User\Desktop\tcc-bloco8\sim\saida\rotas\multiplas_emergencias_4.rou.xml'
Loading done.
Simulation version 1.27.1 started with time: 0.00.
Warning: Vehicle 'A2_LESTE_carro_0142' performs emergency braking on lane 'A2_L2_0' with decel=9.00, wished=4.50, severity=1.00, time=964.60.
Warning: Vehicle 'VE_ROTA_VE_TRANSVERSAL_02' performs emergency braking on lane ':CRUZ_06_2_0' with decel=9.00, wished=5.00, severity=1.00, time=1651.10.
Warning: Vehicle 'VE_ROTA_VE_CORREDOR_03' performs emergency braking on lane 'A1_L0_1' with decel=9.00, wished=5.00, severity=1.00, time=2122.50.
Simulation ended at time: 3600.00.
Reason: TraCI requested termination.
Performance:
 Duration: 142.48s
 TraCI-Duration: 39.88s
 Real time factor: 25.2674
 UPS: 153940.621578
Vehicles:
 Inserted: 9133 (Loaded: 9134)
 Running: 659
 Waiting: 0
Statistics (avg of 8474):
 RouteLength: 2017.41
 Speed: 8.10
 Duration: 248.31
 WaitingTime: 35.67
 TimeLoss: 101.13
 DepartDelay: 0.09
  [ 46/650] intenso/FIXO/seed=4                                  ok        2m23s · restam ~3h46m28s
Simulation ended at time: 3600.00.
Reason: TraCI requested termination.
Performance:
 Duration: 126.77s
 TraCI-Duration: 38.59s
 Real time factor: 28.3986
 UPS: 159886.184890
Vehicles:
 Inserted: 9133 (Loaded: 9134)
 Running: 570
 Waiting: 0
Statistics (avg of 8563):
 RouteLength: 2023.20
 Speed: 8.81
 Duration: 229.21
 WaitingTime: 28.16
 TimeLoss: 81.92
 DepartDelay: 0.09
***Starting server on port 57359 ***
  [ 47/650] intenso/PREEMPCAO/seed=4                             ok        2m07s · restam ~3h41m25s
Loading net-file from 'C:\Users\User\Desktop\tcc-bloco8\sim\config\../rede/malha.net.xml' ... done (9ms).
Loading additional-files from 'C:\Users\User\Desktop\tcc-bloco8\sim\saida\multiplas_emergencias_PREEMPCAO_ML_4\malha.det.add.xml' ... done (53ms).
***Starting server on port 57364 ***
Loading route-files incrementally from 'C:\Users\User\Desktop\tcc-bloco8\sim\demanda\veiculos.typ.xml'
Loading route-files incrementally from 'C:\Users\User\Desktop\tcc-bloco8\sim\saida\rotas\multiplas_emergencias_4.rou.xml'
Loading done.
Simulation version 1.27.1 started with time: 0.00.
Loading net-file from 'C:\Users\User\Desktop\tcc-bloco8\sim\config\../rede/malha.net.xml' ... done (11ms).
Loading additional-files from 'C:\Users\User\Desktop\tcc-bloco8\sim\saida\leve_FIXO_5\malha.det.add.xml' ... done (65ms).
Loading route-files incrementally from 'C:\Users\User\Desktop\tcc-bloco8\sim\demanda\veiculos.typ.xml'
Loading route-files incrementally from 'C:\Users\User\Desktop\tcc-bloco8\sim\saida\rotas\leve_5.rou.xml'
Loading done.
Simulation version 1.27.1 started with time: 0.00.
Simulation ended at time: 3600.00.
Reason: TraCI requested termination.
Performance:
 Duration: 83.91s
 TraCI-Duration: 38.49s
 Real time factor: 42.9026
 UPS: 125656.779207
Vehicles:
 Inserted: 5312
 Running: 297
 Waiting: 0
 Emergency Braking: 1
Statistics (avg of 5015):
 RouteLength: 2020.83
 Speed: 9.91
 Duration: 204.02
 WaitingTime: 23.42
 TimeLoss: 56.87
 DepartDelay: 0.06
Simulation ended at time: 3600.00.
Reason: TraCI requested termination.
Performance:
 Duration: 91.43s
 TraCI-Duration: 37.77s
 Real time factor: 39.3731
 UPS: 133273.336760
Vehicles:
 Inserted: 5312
 Running: 368
 Waiting: 0
 Emergency Braking: 1
Statistics (avg of 4944):
 RouteLength: 2013.22
 Speed: 8.53
 Duration: 236.40
 WaitingTime: 41.80
 TimeLoss: 89.45
 DepartDelay: 0.06
  [ 48/650] multiplas_emergencias/PREEMPCAO/seed=4               ok        1m24s · restam ~3h38m28s
  [ 49/650] multiplas_emergencias/FIXO/seed=4                    ok        1m32s · restam ~3h33m42s
***Starting server on port 57383 ***
***Starting server on port 57386 ***
Loading net-file from 'C:\Users\User\Desktop\tcc-bloco8\sim\config\../rede/malha.net.xml' ... done (6ms).
Loading additional-files from 'C:\Users\User\Desktop\tcc-bloco8\sim\saida\leve_PREEMPCAO_5\malha.det.add.xml' ... done (60ms).
Loading route-files incrementally from 'C:\Users\User\Desktop\tcc-bloco8\sim\demanda\veiculos.typ.xml'
Loading route-files incrementally from 'C:\Users\User\Desktop\tcc-bloco8\sim\saida\rotas\leve_5.rou.xml'
Loading done.
Simulation version 1.27.1 started with time: 0.00.
Loading net-file from 'C:\Users\User\Desktop\tcc-bloco8\sim\config\../rede/malha.net.xml' ... done (11ms).
Loading additional-files from 'C:\Users\User\Desktop\tcc-bloco8\sim\saida\leve_PREEMPCAO_COMPENSADA_5\malha.det.add.xml' ... done (50ms).
Loading route-files incrementally from 'C:\Users\User\Desktop\tcc-bloco8\sim\demanda\veiculos.typ.xml'
Loading route-files incrementally from 'C:\Users\User\Desktop\tcc-bloco8\sim\saida\rotas\leve_5.rou.xml'
Loading done.
Simulation version 1.27.1 started with time: 0.00.
Simulation ended at time: 3600.00.
Reason: TraCI requested termination.
Performance:
 Duration: 143.62s
 TraCI-Duration: 41.37s
 Real time factor: 25.066
 UPS: 149291.176081
Vehicles:
 Inserted: 9133 (Loaded: 9134)
 Running: 607
 Waiting: 0
Statistics (avg of 8526):
 RouteLength: 2020.68
 Speed: 8.32
 Duration: 242.81
 WaitingTime: 34.45
 TimeLoss: 95.57
 DepartDelay: 0.09
  [ 50/650] intenso/PREEMPCAO_COMPENSADA/seed=4                  ok        2m24s · restam ~3h32m54s
***Starting server on port 57416 ***
Loading net-file from 'C:\Users\User\Desktop\tcc-bloco8\sim\config\../rede/malha.net.xml' ... done (11ms).
Loading additional-files from 'C:\Users\User\Desktop\tcc-bloco8\sim\saida\moderado_FIXO_5\malha.det.add.xml' ... done (40ms).
Loading route-files incrementally from 'C:\Users\User\Desktop\tcc-bloco8\sim\demanda\veiculos.typ.xml'
Loading route-files incrementally from 'C:\Users\User\Desktop\tcc-bloco8\sim\saida\rotas\moderado_5.rou.xml'
Loading done.
Simulation version 1.27.1 started with time: 0.00.
Simulation ended at time: 3600.00.
Reason: TraCI requested termination.
Performance:
 Duration: 89.24s
 TraCI-Duration: 41.31s
 Real time factor: 40.3388
 UPS: 118888.698400
Vehicles:
 Inserted: 5312
 Running: 286
 Waiting: 0
 Emergency Braking: 1
Statistics (avg of 5026):
 RouteLength: 2023.65
 Speed: 9.86
 Duration: 205.47
 WaitingTime: 24.87
 TimeLoss: 58.25
 DepartDelay: 0.06
  [ 51/650] multiplas_emergencias/PREEMPCAO_COMPENSADA/seed=4    ok        1m30s · restam ~3h28m57s
***Starting server on port 61689 ***
Loading net-file from 'C:\Users\User\Desktop\tcc-bloco8\sim\config\../rede/malha.net.xml' ... done (14ms).
Loading additional-files from 'C:\Users\User\Desktop\tcc-bloco8\sim\saida\moderado_PREEMPCAO_5\malha.det.add.xml' ... done (82ms).
Loading route-files incrementally from 'C:\Users\User\Desktop\tcc-bloco8\sim\demanda\veiculos.typ.xml'
Loading route-files incrementally from 'C:\Users\User\Desktop\tcc-bloco8\sim\saida\rotas\moderado_5.rou.xml'
Loading done.
Simulation version 1.27.1 started with time: 0.00.
Simulation ended at time: 3600.00.
Reason: TraCI requested termination.
Performance:
 Duration: 68.77s
 TraCI-Duration: 40.24s
 Real time factor: 52.3476
 UPS: 75946.081924
Vehicles:
 Inserted: 2333
 Running: 162
 Waiting: 0
Statistics (avg of 2171):
 RouteLength: 2021.46
 Speed: 8.81
 Duration: 230.95
 WaitingTime: 51.79
 TimeLoss: 83.75
 DepartDelay: 0.05
  [ 52/650] leve/FIXO/seed=5                                     ok        1m09s · restam ~3h31m50s
***Starting server on port 61222 ***
Loading net-file from 'C:\Users\User\Desktop\tcc-bloco8\sim\config\../rede/malha.net.xml' ... done (6ms).
Loading additional-files from 'C:\Users\User\Desktop\tcc-bloco8\sim\saida\moderado_PREEMPCAO_COMPENSADA_5\malha.det.add.xml' ... done (59ms).
Loading route-files incrementally from 'C:\Users\User\Desktop\tcc-bloco8\sim\demanda\veiculos.typ.xml'
Loading route-files incrementally from 'C:\Users\User\Desktop\tcc-bloco8\sim\saida\rotas\moderado_5.rou.xml'
Loading done.
Simulation version 1.27.1 started with time: 0.00.
Simulation ended at time: 3600.00.
Reason: TraCI requested termination.
Performance:
 Duration: 61.25s
 TraCI-Duration: 39.51s
 Real time factor: 58.7746
 UPS: 70567.484612
Vehicles:
 Inserted: 2333
 Running: 130
 Waiting: 0
Statistics (avg of 2203):
 RouteLength: 2032.88
 Speed: 10.75
 Duration: 190.57
 WaitingTime: 23.23
 TimeLoss: 43.13
 DepartDelay: 0.05
  [ 53/650] leve/PREEMPCAO/seed=5                                ok        1m02s · restam ~3h27m54s
***Starting server on port 61229 ***
Loading net-file from 'C:\Users\User\Desktop\tcc-bloco8\sim\config\../rede/malha.net.xml' ... done (13ms).
Loading additional-files from 'C:\Users\User\Desktop\tcc-bloco8\sim\saida\intenso_FIXO_5\malha.det.add.xml' ... done (90ms).
Loading route-files incrementally from 'C:\Users\User\Desktop\tcc-bloco8\sim\demanda\veiculos.typ.xml'
Loading route-files incrementally from 'C:\Users\User\Desktop\tcc-bloco8\sim\saida\rotas\intenso_5.rou.xml'
Loading done.
Simulation version 1.27.1 started with time: 0.00.
Simulation ended at time: 3600.00.
Reason: TraCI requested termination.
Performance:
 Duration: 62.79s
 TraCI-Duration: 40.52s
 Real time factor: 57.3385
 UPS: 70782.448037
Vehicles:
 Inserted: 2333
 Running: 132
 Waiting: 0
Statistics (avg of 2201):
 RouteLength: 2030.63
 Speed: 10.42
 Duration: 196.04
 WaitingTime: 26.72
 TimeLoss: 48.65
 DepartDelay: 0.05
  [ 54/650] leve/PREEMPCAO_COMPENSADA/seed=5                     ok        1m03s · restam ~3h24m02s
***Starting server on port 61236 ***
Loading net-file from 'C:\Users\User\Desktop\tcc-bloco8\sim\config\../rede/malha.net.xml' ... done (7ms).
Loading additional-files from 'C:\Users\User\Desktop\tcc-bloco8\sim\saida\intenso_PREEMPCAO_5\malha.det.add.xml' ... done (45ms).
Loading route-files incrementally from 'C:\Users\User\Desktop\tcc-bloco8\sim\demanda\veiculos.typ.xml'
Loading route-files incrementally from 'C:\Users\User\Desktop\tcc-bloco8\sim\saida\rotas\intenso_5.rou.xml'
Loading done.
Simulation version 1.27.1 started with time: 0.00.
Simulation ended at time: 3600.00.
Reason: TraCI requested termination.
Performance:
 Duration: 90.56s
 TraCI-Duration: 41.02s
 Real time factor: 39.7518
 UPS: 115822.166030
Vehicles:
 Inserted: 5312
 Running: 294
 Waiting: 0
Statistics (avg of 5018):
 RouteLength: 2020.72
 Speed: 10.00
 Duration: 202.95
 WaitingTime: 23.22
 TimeLoss: 55.81
 DepartDelay: 0.06
  [ 55/650] multiplas_emergencias/PREEMPCAO_ML/seed=4            ok        1m31s · restam ~3h23m07s
***Starting server on port 61262 ***
Loading net-file from 'C:\Users\User\Desktop\tcc-bloco8\sim\config\../rede/malha.net.xml' ... done (7ms).
Loading additional-files from 'C:\Users\User\Desktop\tcc-bloco8\sim\saida\intenso_PREEMPCAO_COMPENSADA_5\malha.det.add.xml' ... done (49ms).
Loading route-files incrementally from 'C:\Users\User\Desktop\tcc-bloco8\sim\demanda\veiculos.typ.xml'
Loading route-files incrementally from 'C:\Users\User\Desktop\tcc-bloco8\sim\saida\rotas\intenso_5.rou.xml'
Loading done.
Simulation version 1.27.1 started with time: 0.00.
Simulation ended at time: 3600.00.
Reason: TraCI requested termination.
Performance:
 Duration: 83.26s
 TraCI-Duration: 38.81s
 Real time factor: 43.236
 UPS: 124362.209358
Vehicles:
 Inserted: 5307
 Running: 276
 Waiting: 0
Statistics (avg of 5031):
 RouteLength: 2037.21
 Speed: 10.24
 Duration: 200.09
 WaitingTime: 21.71
 TimeLoss: 52.45
 DepartDelay: 0.06
  [ 56/650] moderado/PREEMPCAO/seed=5                            ok        1m24s · restam ~3h23m37s
***Starting server on port 61301 ***
Loading net-file from 'C:\Users\User\Desktop\tcc-bloco8\sim\config\../rede/malha.net.xml' ... done (8ms).
Loading additional-files from 'C:\Users\User\Desktop\tcc-bloco8\sim\saida\multiplas_emergencias_FIXO_5\malha.det.add.xml' ... done (41ms).
Loading route-files incrementally from 'C:\Users\User\Desktop\tcc-bloco8\sim\demanda\veiculos.typ.xml'
Loading route-files incrementally from 'C:\Users\User\Desktop\tcc-bloco8\sim\saida\rotas\multiplas_emergencias_5.rou.xml'
Loading done.
Simulation version 1.27.1 started with time: 0.00.
Simulation ended at time: 3600.00.
Reason: TraCI requested termination.
Performance:
 Duration: 94.23s
 TraCI-Duration: 39.08s
 Real time factor: 38.2044
 UPS: 130402.546960
Vehicles:
 Inserted: 5307
 Running: 358
 Waiting: 0
Statistics (avg of 4949):
 RouteLength: 2028.01
 Speed: 8.54
 Duration: 238.09
 WaitingTime: 42.36
 TimeLoss: 90.67
 DepartDelay: 0.06
  [ 57/650] moderado/FIXO/seed=5                                 ok        1m35s · restam ~3h21m07s
***Starting server on port 61315 ***
Loading net-file from 'C:\Users\User\Desktop\tcc-bloco8\sim\config\../rede/malha.net.xml' ... done (11ms).
Loading additional-files from 'C:\Users\User\Desktop\tcc-bloco8\sim\saida\multiplas_emergencias_PREEMPCAO_5\malha.det.add.xml' ... done (58ms).
Loading route-files incrementally from 'C:\Users\User\Desktop\tcc-bloco8\sim\demanda\veiculos.typ.xml'
Loading route-files incrementally from 'C:\Users\User\Desktop\tcc-bloco8\sim\saida\rotas\multiplas_emergencias_5.rou.xml'
Loading done.
Simulation version 1.27.1 started with time: 0.00.
Simulation ended at time: 3600.00.
Reason: TraCI requested termination.
Performance:
 Duration: 83.31s
 TraCI-Duration: 37.99s
 Real time factor: 43.2147
 UPS: 129117.351900
Vehicles:
 Inserted: 5307
 Running: 289
 Waiting: 0
Statistics (avg of 5018):
 RouteLength: 2035.43
 Speed: 9.84
 Duration: 207.98
 WaitingTime: 26.30
 TimeLoss: 60.38
 DepartDelay: 0.06
  [ 58/650] moderado/PREEMPCAO_COMPENSADA/seed=5                 ok        1m24s · restam ~3h22m22s
***Starting server on port 61359 ***
Loading net-file from 'C:\Users\User\Desktop\tcc-bloco8\sim\config\../rede/malha.net.xml' ... done (6ms).
Loading additional-files from 'C:\Users\User\Desktop\tcc-bloco8\sim\saida\multiplas_emergencias_PREEMPCAO_COMPENSADA_5\malha.det.add.xml' ... done (51ms).
Loading route-files incrementally from 'C:\Users\User\Desktop\tcc-bloco8\sim\demanda\veiculos.typ.xml'
Loading route-files incrementally from 'C:\Users\User\Desktop\tcc-bloco8\sim\saida\rotas\multiplas_emergencias_5.rou.xml'
Loading done.
Simulation version 1.27.1 started with time: 0.00.
Simulation ended at time: 3600.00.
Reason: TraCI requested termination.
Performance:
 Duration: 123.43s
 TraCI-Duration: 38.60s
 Real time factor: 29.1673
 UPS: 160898.173805
Vehicles:
 Inserted: 9045
 Running: 573
 Waiting: 0
Statistics (avg of 8472):
 RouteLength: 2020.99
 Speed: 8.91
 Duration: 226.31
 WaitingTime: 26.91
 TimeLoss: 78.99
 DepartDelay: 0.09
  [ 59/650] intenso/PREEMPCAO/seed=5                             ok        2m04s · restam ~3h25m59s
***Starting server on port 53731 ***
Loading net-file from 'C:\Users\User\Desktop\tcc-bloco8\sim\config\../rede/malha.net.xml' ... done (7ms).
Loading additional-files from 'C:\Users\User\Desktop\tcc-bloco8\sim\saida\multiplas_emergencias_PREEMPCAO_ML_5\malha.det.add.xml' ... done (37ms).
Loading route-files incrementally from 'C:\Users\User\Desktop\tcc-bloco8\sim\demanda\veiculos.typ.xml'
Loading route-files incrementally from 'C:\Users\User\Desktop\tcc-bloco8\sim\saida\rotas\multiplas_emergencias_5.rou.xml'
Loading done.
Simulation version 1.27.1 started with time: 0.00.
Simulation ended at time: 3600.00.
Reason: TraCI requested termination.
Performance:
 Duration: 77.65s
 TraCI-Duration: 36.67s
 Real time factor: 46.3649
 UPS: 133070.745058
Vehicles:
 Inserted: 5313
 Running: 253
 Waiting: 0
Statistics (avg of 5060):
 RouteLength: 2038.25
 Speed: 10.26
 Duration: 199.44
 WaitingTime: 21.39
 TimeLoss: 51.80
 DepartDelay: 0.06
  [ 60/650] multiplas_emergencias/PREEMPCAO/seed=5               ok        1m18s · restam ~3h23m00s
***Starting server on port 53743 ***
Simulation ended at time: 3600.00.
Reason: TraCI requested termination.
Performance:
 Duration: 86.70s
 TraCI-Duration: 36.43s
 Real time factor: 41.5239
 UPS: 141980.898993
Vehicles:
 Inserted: 5313
 Running: 358
 Waiting: 0
Statistics (avg of 4955):
 RouteLength: 2028.58
 Speed: 8.53
 Duration: 238.24
 WaitingTime: 42.38
 TimeLoss: 90.82
 DepartDelay: 0.06
  [ 61/650] multiplas_emergencias/FIXO/seed=5                    ok        1m27s · restam ~3h19m28s
Loading net-file from 'C:\Users\User\Desktop\tcc-bloco8\sim\config\../rede/malha.net.xml' ... done (7ms).
Loading additional-files from 'C:\Users\User\Desktop\tcc-bloco8\sim\saida\leve_FIXO_6\malha.det.add.xml' ... done (46ms).
Loading route-files incrementally from 'C:\Users\User\Desktop\tcc-bloco8\sim\demanda\veiculos.typ.xml'
Loading route-files incrementally from 'C:\Users\User\Desktop\tcc-bloco8\sim\saida\rotas\leve_6.rou.xml'
Loading done.
Simulation version 1.27.1 started with time: 0.00.
***Starting server on port 53749 ***
Loading net-file from 'C:\Users\User\Desktop\tcc-bloco8\sim\config\../rede/malha.net.xml' ... done (10ms).
Loading additional-files from 'C:\Users\User\Desktop\tcc-bloco8\sim\saida\leve_PREEMPCAO_6\malha.det.add.xml' ... done (41ms).
Loading route-files incrementally from 'C:\Users\User\Desktop\tcc-bloco8\sim\demanda\veiculos.typ.xml'
Loading route-files incrementally from 'C:\Users\User\Desktop\tcc-bloco8\sim\saida\rotas\leve_6.rou.xml'
Loading done.
Simulation version 1.27.1 started with time: 0.00.
Simulation ended at time: 3600.00.
Reason: TraCI requested termination.
Performance:
 Duration: 135.40s
 TraCI-Duration: 38.13s
 Real time factor: 26.5887
 UPS: 159710.043133
Vehicles:
 Inserted: 9045
 Running: 636
 Waiting: 0
Statistics (avg of 8409):
 RouteLength: 2014.46
 Speed: 8.14
 Duration: 246.71
 WaitingTime: 35.51
 TimeLoss: 99.52
 DepartDelay: 0.09
  [ 62/650] intenso/FIXO/seed=5                                  ok        2m16s · restam ~3h16m37s
***Starting server on port 60453 ***
Loading net-file from 'C:\Users\User\Desktop\tcc-bloco8\sim\config\../rede/malha.net.xml' ... done (7ms).
Loading additional-files from 'C:\Users\User\Desktop\tcc-bloco8\sim\saida\leve_PREEMPCAO_COMPENSADA_6\malha.det.add.xml' ... done (41ms).
Loading route-files incrementally from 'C:\Users\User\Desktop\tcc-bloco8\sim\demanda\veiculos.typ.xml'
Loading route-files incrementally from 'C:\Users\User\Desktop\tcc-bloco8\sim\saida\rotas\leve_6.rou.xml'
Loading done.
Simulation version 1.27.1 started with time: 0.00.
Simulation ended at time: 3600.00.
Reason: TraCI requested termination.
Performance:
 Duration: 131.15s
 TraCI-Duration: 39.59s
 Real time factor: 27.4489
 UPS: 159088.507316
Vehicles:
 Inserted: 9045
 Running: 605
 Waiting: 0
Statistics (avg of 8440):
 RouteLength: 2017.06
 Speed: 8.47
 Duration: 237.94
 WaitingTime: 32.70
 TimeLoss: 90.70
 DepartDelay: 0.09
  [ 63/650] intenso/PREEMPCAO_COMPENSADA/seed=5                  ok        2m12s · restam ~3h15m29s
***Starting server on port 60479 ***
Loading net-file from 'C:\Users\User\Desktop\tcc-bloco8\sim\config\../rede/malha.net.xml' ... done (10ms).
Loading additional-files from 'C:\Users\User\Desktop\tcc-bloco8\sim\saida\moderado_FIXO_6\malha.det.add.xml' ... done (53ms).
Loading route-files incrementally from 'C:\Users\User\Desktop\tcc-bloco8\sim\demanda\veiculos.typ.xml'
Loading route-files incrementally from 'C:\Users\User\Desktop\tcc-bloco8\sim\saida\rotas\moderado_6.rou.xml'
Loading done.
Simulation version 1.27.1 started with time: 0.00.
Simulation ended at time: 3600.00.
Reason: TraCI requested termination.
Performance:
 Duration: 84.04s
 TraCI-Duration: 39.30s
 Real time factor: 42.8352
 UPS: 128015.694347
Vehicles:
 Inserted: 5313
 Running: 285
 Waiting: 0
Statistics (avg of 5028):
 RouteLength: 2036.74
 Speed: 9.82
 Duration: 207.83
 WaitingTime: 25.31
 TimeLoss: 60.22
 DepartDelay: 0.06
  [ 64/650] multiplas_emergencias/PREEMPCAO_COMPENSADA/seed=5    ok        1m25s · restam ~3h14m38s
***Starting server on port 60531 ***
Loading net-file from 'C:\Users\User\Desktop\tcc-bloco8\sim\config\../rede/malha.net.xml' ... done (8ms).
Loading additional-files from 'C:\Users\User\Desktop\tcc-bloco8\sim\saida\moderado_PREEMPCAO_6\malha.det.add.xml' ... done (52ms).
Loading route-files incrementally from 'C:\Users\User\Desktop\tcc-bloco8\sim\demanda\veiculos.typ.xml'
Loading route-files incrementally from 'C:\Users\User\Desktop\tcc-bloco8\sim\saida\rotas\moderado_6.rou.xml'
Loading done.
Simulation version 1.27.1 started with time: 0.00.
Simulation ended at time: 3600.00.
Reason: TraCI requested termination.
Performance:
 Duration: 55.70s
 TraCI-Duration: 36.97s
 Real time factor: 64.6296
 UPS: 75356.073391
Vehicles:
 Inserted: 2273
 Running: 112
 Waiting: 0
Statistics (avg of 2161):
 RouteLength: 2017.92
 Speed: 10.71
 Duration: 189.40
 WaitingTime: 22.25
 TimeLoss: 42.04
 DepartDelay: 0.05
  [ 65/650] leve/PREEMPCAO/seed=6                                ok        0m56s · restam ~3h14m25s
***Starting server on port 60562 ***
Loading net-file from 'C:\Users\User\Desktop\tcc-bloco8\sim\config\../rede/malha.net.xml' ... done (6ms).
Loading additional-files from 'C:\Users\User\Desktop\tcc-bloco8\sim\saida\moderado_PREEMPCAO_COMPENSADA_6\malha.det.add.xml' ... done (43ms).
Loading route-files incrementally from 'C:\Users\User\Desktop\tcc-bloco8\sim\demanda\veiculos.typ.xml'
Loading route-files incrementally from 'C:\Users\User\Desktop\tcc-bloco8\sim\saida\rotas\moderado_6.rou.xml'
Loading done.
Simulation version 1.27.1 started with time: 0.00.
Simulation ended at time: 3600.00.
Reason: TraCI requested termination.
Performance:
 Duration: 60.24s
 TraCI-Duration: 37.05s
 Real time factor: 59.7619
 UPS: 84474.343864
Vehicles:
 Inserted: 2273
 Running: 146
 Waiting: 0
Statistics (avg of 2127):
 RouteLength: 2008.89
 Speed: 8.78
 Duration: 230.01
 WaitingTime: 51.29
 TimeLoss: 82.87
 DepartDelay: 0.05
  [ 66/650] leve/FIXO/seed=6                                     ok        1m01s · restam ~3h11m44s
***Starting server on port 60572 ***
Loading net-file from 'C:\Users\User\Desktop\tcc-bloco8\sim\config\../rede/malha.net.xml' ... done (10ms).
Loading additional-files from 'C:\Users\User\Desktop\tcc-bloco8\sim\saida\intenso_FIXO_6\malha.det.add.xml' ... done (50ms).
Loading route-files incrementally from 'C:\Users\User\Desktop\tcc-bloco8\sim\demanda\veiculos.typ.xml'
Loading route-files incrementally from 'C:\Users\User\Desktop\tcc-bloco8\sim\saida\rotas\intenso_6.rou.xml'
Loading done.
Simulation version 1.27.1 started with time: 0.00.
Simulation ended at time: 3600.00.
Reason: TraCI requested termination.
Performance:
 Duration: 57.30s
 TraCI-Duration: 37.86s
 Real time factor: 62.8228
 UPS: 75560.746196
Vehicles:
 Inserted: 2273
 Running: 116
 Waiting: 0
Statistics (avg of 2157):
 RouteLength: 2018.44
 Speed: 10.37
 Duration: 195.50
 WaitingTime: 27.12
 TimeLoss: 48.16
 DepartDelay: 0.05
  [ 67/650] leve/PREEMPCAO_COMPENSADA/seed=6                     ok        0m58s · restam ~3h08m51s
***Starting server on port 60578 ***
Loading net-file from 'C:\Users\User\Desktop\tcc-bloco8\sim\config\../rede/malha.net.xml' ... done (7ms).
Loading additional-files from 'C:\Users\User\Desktop\tcc-bloco8\sim\saida\intenso_PREEMPCAO_6\malha.det.add.xml' ... done (49ms).
Loading route-files incrementally from 'C:\Users\User\Desktop\tcc-bloco8\sim\demanda\veiculos.typ.xml'
Loading route-files incrementally from 'C:\Users\User\Desktop\tcc-bloco8\sim\saida\rotas\intenso_6.rou.xml'
Loading done.
Simulation version 1.27.1 started with time: 0.00.
Simulation ended at time: 3600.00.
Reason: TraCI requested termination.
Performance:
 Duration: 81.80s
 TraCI-Duration: 38.71s
 Real time factor: 44.0082
 UPS: 127788.785252
Vehicles:
 Inserted: 5313
 Running: 278
 Waiting: 0
Statistics (avg of 5035):
 RouteLength: 2037.18
 Speed: 10.11
 Duration: 201.78
 WaitingTime: 22.62
 TimeLoss: 54.15
 DepartDelay: 0.06
  [ 68/650] multiplas_emergencias/PREEMPCAO_ML/seed=5            ok        1m22s · restam ~3h07m49s
***Starting server on port 60602 ***
Loading net-file from 'C:\Users\User\Desktop\tcc-bloco8\sim\config\../rede/malha.net.xml' ... done (9ms).
Loading additional-files from 'C:\Users\User\Desktop\tcc-bloco8\sim\saida\intenso_PREEMPCAO_COMPENSADA_6\malha.det.add.xml' ... done (46ms).
Loading route-files incrementally from 'C:\Users\User\Desktop\tcc-bloco8\sim\demanda\veiculos.typ.xml'
Loading route-files incrementally from 'C:\Users\User\Desktop\tcc-bloco8\sim\saida\rotas\intenso_6.rou.xml'
Loading done.
Simulation version 1.27.1 started with time: 0.00.
Simulation ended at time: 3600.00.
Reason: TraCI requested termination.
Performance:
 Duration: 87.74s
 TraCI-Duration: 37.28s
 Real time factor: 41.0322
 UPS: 137303.877542
Vehicles:
 Inserted: 5237 (Loaded: 5238)
 Running: 376
 Waiting: 1
Statistics (avg of 4861):
 RouteLength: 2020.40
 Speed: 8.54
 Duration: 237.09
 WaitingTime: 42.26
 TimeLoss: 89.86
 DepartDelay: 0.06
  [ 69/650] moderado/FIXO/seed=6                                 ok        1m28s · restam ~3h09m07s
***Starting server on port 60646 ***
Loading net-file from 'C:\Users\User\Desktop\tcc-bloco8\sim\config\../rede/malha.net.xml' ... done (9ms).
Loading additional-files from 'C:\Users\User\Desktop\tcc-bloco8\sim\saida\multiplas_emergencias_FIXO_6\malha.det.add.xml' ... done (55ms).
Loading route-files incrementally from 'C:\Users\User\Desktop\tcc-bloco8\sim\demanda\veiculos.typ.xml'
Loading route-files incrementally from 'C:\Users\User\Desktop\tcc-bloco8\sim\saida\rotas\multiplas_emergencias_6.rou.xml'
Loading done.
Simulation version 1.27.1 started with time: 0.00.
Simulation ended at time: 3600.00.
Reason: TraCI requested termination.
Performance:
 Duration: 74.93s
 TraCI-Duration: 36.15s
 Real time factor: 48.048
 UPS: 135393.473473
Vehicles:
 Inserted: 5237 (Loaded: 5238)
 Running: 280
 Waiting: 1
Statistics (avg of 4957):
 RouteLength: 2029.59
 Speed: 10.25
 Duration: 199.07
 WaitingTime: 21.32
 TimeLoss: 51.66
 DepartDelay: 0.06
  [ 70/650] moderado/PREEMPCAO/seed=6                            ok        1m15s · restam ~3h06m38s
***Starting server on port 60656 ***
Loading net-file from 'C:\Users\User\Desktop\tcc-bloco8\sim\config\../rede/malha.net.xml' ... done (7ms).
Loading additional-files from 'C:\Users\User\Desktop\tcc-bloco8\sim\saida\multiplas_emergencias_PREEMPCAO_6\malha.det.add.xml' ... done (44ms).
Loading route-files incrementally from 'C:\Users\User\Desktop\tcc-bloco8\sim\demanda\veiculos.typ.xml'
Loading route-files incrementally from 'C:\Users\User\Desktop\tcc-bloco8\sim\saida\rotas\multiplas_emergencias_6.rou.xml'
Loading done.
Simulation version 1.27.1 started with time: 0.00.
Simulation ended at time: 3600.00.
Reason: TraCI requested termination.
Performance:
 Duration: 80.01s
 TraCI-Duration: 37.26s
 Real time factor: 44.9966
 UPS: 132950.328725
Vehicles:
 Inserted: 5237 (Loaded: 5238)
 Running: 287
 Waiting: 1
Statistics (avg of 4950):
 RouteLength: 2028.93
 Speed: 9.72
 Duration: 208.97
 WaitingTime: 26.98
 TimeLoss: 61.58
 DepartDelay: 0.06
  [ 71/650] moderado/PREEMPCAO_COMPENSADA/seed=6                 ok        1m21s · restam ~3h07m11s
***Starting server on port 60696 ***
Loading net-file from 'C:\Users\User\Desktop\tcc-bloco8\sim\config\../rede/malha.net.xml' ... done (7ms).
Loading additional-files from 'C:\Users\User\Desktop\tcc-bloco8\sim\saida\multiplas_emergencias_PREEMPCAO_COMPENSADA_6\malha.det.add.xml' ... done (54ms).
Loading route-files incrementally from 'C:\Users\User\Desktop\tcc-bloco8\sim\demanda\veiculos.typ.xml'
Loading route-files incrementally from 'C:\Users\User\Desktop\tcc-bloco8\sim\saida\rotas\multiplas_emergencias_6.rou.xml'
Loading done.
Simulation version 1.27.1 started with time: 0.00.
Simulation ended at time: 3600.00.
Reason: TraCI requested termination.
Performance:
 Duration: 78.65s
 TraCI-Duration: 37.37s
 Real time factor: 45.7707
 UPS: 129770.243983
Vehicles:
 Inserted: 5243 (Loaded: 5244)
 Running: 298
 Waiting: 1
Statistics (avg of 4945):
 RouteLength: 2030.28
 Speed: 10.20
 Duration: 200.06
 WaitingTime: 22.20
 TimeLoss: 52.65
 DepartDelay: 0.06
  [ 72/650] multiplas_emergencias/PREEMPCAO/seed=6               ok        1m19s · restam ~3h11m29s
***Starting server on port 49227 ***
Loading net-file from 'C:\Users\User\Desktop\tcc-bloco8\sim\config\../rede/malha.net.xml' ... done (9ms).
Loading additional-files from 'C:\Users\User\Desktop\tcc-bloco8\sim\saida\multiplas_emergencias_PREEMPCAO_ML_6\malha.det.add.xml' ... done (69ms).
Loading route-files incrementally from 'C:\Users\User\Desktop\tcc-bloco8\sim\demanda\veiculos.typ.xml'
Loading route-files incrementally from 'C:\Users\User\Desktop\tcc-bloco8\sim\saida\rotas\multiplas_emergencias_6.rou.xml'
Loading done.
Simulation ended at time: 3600.00.
Reason: TraCI requested termination.
Performance:
 Duration: 129.17s
 TraCI-Duration: 39.19s
 Real time factor: 27.8707
 UPS: 160285.744147
Vehicles:
 Inserted: 9156 (Loaded: 9158)
 Running: 545
 Waiting: 0
Statistics (avg of 8611):
 RouteLength: 2014.12
 Speed: 8.64
 Duration: 232.91
 WaitingTime: 29.40
 TimeLoss: 85.91
 DepartDelay: 0.09
Simulation version 1.27.1 started with time: 0.00.
  [ 73/650] intenso/PREEMPCAO/seed=6                             ok        2m10s · restam ~3h08m43s
***Starting server on port 49232 ***
Loading net-file from 'C:\Users\User\Desktop\tcc-bloco8\sim\config\../rede/malha.net.xml' ... done (7ms).
Loading additional-files from 'C:\Users\User\Desktop\tcc-bloco8\sim\saida\leve_FIXO_7\malha.det.add.xml' ... done (43ms).
Loading route-files incrementally from 'C:\Users\User\Desktop\tcc-bloco8\sim\demanda\veiculos.typ.xml'
Loading route-files incrementally from 'C:\Users\User\Desktop\tcc-bloco8\sim\saida\rotas\leve_7.rou.xml'
Loading done.
Simulation version 1.27.1 started with time: 0.00.
Simulation ended at time: 3600.00.
Reason: TraCI requested termination.
Performance:
 Duration: 88.72s
 TraCI-Duration: 37.24s
 Real time factor: 40.5757
 UPS: 135971.957666
Vehicles:
 Inserted: 5243 (Loaded: 5244)
 Running: 376
 Waiting: 1
Statistics (avg of 4867):
 RouteLength: 2020.98
 Speed: 8.54
 Duration: 237.16
 WaitingTime: 42.24
 TimeLoss: 89.94
 DepartDelay: 0.06
  [ 74/650] multiplas_emergencias/FIXO/seed=6                    ok        1m29s · restam ~3h06m28s
***Starting server on port 49243 ***
Loading net-file from 'C:\Users\User\Desktop\tcc-bloco8\sim\config\../rede/malha.net.xml' ... done (7ms).
Loading additional-files from 'C:\Users\User\Desktop\tcc-bloco8\sim\saida\leve_PREEMPCAO_7\malha.det.add.xml' ... done (47ms).
Loading route-files incrementally from 'C:\Users\User\Desktop\tcc-bloco8\sim\demanda\veiculos.typ.xml'
Loading route-files incrementally from 'C:\Users\User\Desktop\tcc-bloco8\sim\saida\rotas\leve_7.rou.xml'
Loading done.
Simulation version 1.27.1 started with time: 0.00.
Simulation ended at time: 3600.00.
Reason: TraCI requested termination.
Performance:
 Duration: 138.60s
 TraCI-Duration: 38.58s
 Real time factor: 25.9737
 UPS: 158308.906076
Vehicles:
 Inserted: 9156 (Loaded: 9158)
 Running: 613
 Waiting: 0
Statistics (avg of 8543):
 RouteLength: 2007.37
 Speed: 8.10
 Duration: 246.97
 WaitingTime: 35.10
 TimeLoss: 100.11
 DepartDelay: 0.09
  [ 75/650] intenso/FIXO/seed=6                                  ok        2m19s · restam ~3h03m58s
***Starting server on port 49250 ***
Loading net-file from 'C:\Users\User\Desktop\tcc-bloco8\sim\config\../rede/malha.net.xml' ... done (6ms).
Loading additional-files from 'C:\Users\User\Desktop\tcc-bloco8\sim\saida\leve_PREEMPCAO_COMPENSADA_7\malha.det.add.xml' ... done (42ms).
Loading route-files incrementally from 'C:\Users\User\Desktop\tcc-bloco8\sim\demanda\veiculos.typ.xml'
Loading route-files incrementally from 'C:\Users\User\Desktop\tcc-bloco8\sim\saida\rotas\leve_7.rou.xml'
Loading done.
Simulation version 1.27.1 started with time: 0.00.
Simulation ended at time: 3600.00.
Reason: TraCI requested termination.
Performance:
 Duration: 139.88s
 TraCI-Duration: 41.37s
 Real time factor: 25.7363
 UPS: 153098.534458
Vehicles:
 Inserted: 9156 (Loaded: 9158)
 Running: 528
 Waiting: 0
Statistics (avg of 8628):
 RouteLength: 2012.98
 Speed: 8.33
 Duration: 241.18
 WaitingTime: 34.11
 TimeLoss: 94.20
 DepartDelay: 0.09
  [ 76/650] intenso/PREEMPCAO_COMPENSADA/seed=6                  ok        2m21s · restam ~3h03m30s
***Starting server on port 49306 ***
Loading net-file from 'C:\Users\User\Desktop\tcc-bloco8\sim\config\../rede/malha.net.xml' ... done (13ms).
Loading additional-files from 'C:\Users\User\Desktop\tcc-bloco8\sim\saida\moderado_FIXO_7\malha.det.add.xml' ... done (81ms).
Loading route-files incrementally from 'C:\Users\User\Desktop\tcc-bloco8\sim\demanda\veiculos.typ.xml'
Loading route-files incrementally from 'C:\Users\User\Desktop\tcc-bloco8\sim\saida\rotas\moderado_7.rou.xml'
Loading done.
Simulation version 1.27.1 started with time: 0.00.
Simulation ended at time: 3600.00.
Reason: TraCI requested termination.
Performance:
 Duration: 88.30s
 TraCI-Duration: 40.35s
 Real time factor: 40.7715
 UPS: 120789.573825
Vehicles:
 Inserted: 5243 (Loaded: 5244)
 Running: 304
 Waiting: 1
Statistics (avg of 4939):
 RouteLength: 2027.49
 Speed: 9.71
 Duration: 209.17
 WaitingTime: 26.56
 TimeLoss: 61.84
 DepartDelay: 0.06
  [ 77/650] multiplas_emergencias/PREEMPCAO_COMPENSADA/seed=6    ok        1m29s · restam ~3h01m54s
***Starting server on port 49324 ***
Loading net-file from 'C:\Users\User\Desktop\tcc-bloco8\sim\config\../rede/malha.net.xml' ... done (10ms).
Loading additional-files from 'C:\Users\User\Desktop\tcc-bloco8\sim\saida\moderado_PREEMPCAO_7\malha.det.add.xml' ... done (55ms).
Loading route-files incrementally from 'C:\Users\User\Desktop\tcc-bloco8\sim\demanda\veiculos.typ.xml'
Loading route-files incrementally from 'C:\Users\User\Desktop\tcc-bloco8\sim\saida\rotas\moderado_7.rou.xml'
Loading done.
Simulation version 1.27.1 started with time: 0.00.
Simulation ended at time: 3600.00.
Reason: TraCI requested termination.
Performance:
 Duration: 62.43s
 TraCI-Duration: 37.45s
 Real time factor: 57.6692
 UPS: 84730.204245
Vehicles:
 Inserted: 2351
 Running: 149
 Waiting: 0
Statistics (avg of 2202):
 RouteLength: 2016.73
 Speed: 8.78
 Duration: 230.94
 WaitingTime: 51.44
 TimeLoss: 83.59
 DepartDelay: 0.05
  [ 78/650] leve/FIXO/seed=7                                     ok        1m03s · restam ~3h02m50s
***Starting server on port 49370 ***
Loading net-file from 'C:\Users\User\Desktop\tcc-bloco8\sim\config\../rede/malha.net.xml' ... done (6ms).
Simulation ended at time: 3600.00.
Reason: TraCI requested termination.
Performance:
 Duration: 58.65s
 TraCI-Duration: 37.98s
 Real time factor: 61.3842
 UPS: 73731.324705
Vehicles:
 Inserted: 2351
 Running: 113
 Waiting: 0
Statistics (avg of 2238):
 RouteLength: 2027.99
 Speed: 10.82
 Duration: 188.36
 WaitingTime: 21.78
 TimeLoss: 40.79
 DepartDelay: 0.05
Loading additional-files from 'C:\Users\User\Desktop\tcc-bloco8\sim\saida\moderado_PREEMPCAO_COMPENSADA_7\malha.det.add.xml' ... done (62ms).
Loading route-files incrementally from 'C:\Users\User\Desktop\tcc-bloco8\sim\demanda\veiculos.typ.xml'
Loading route-files incrementally from 'C:\Users\User\Desktop\tcc-bloco8\sim\saida\rotas\moderado_7.rou.xml'
Loading done.
Simulation version 1.27.1 started with time: 0.00.
  [ 79/650] leve/PREEMPCAO/seed=7                                ok        0m59s · restam ~3h00m20s
***Starting server on port 49376 ***
Loading net-file from 'C:\Users\User\Desktop\tcc-bloco8\sim\config\../rede/malha.net.xml' ... done (10ms).
Loading additional-files from 'C:\Users\User\Desktop\tcc-bloco8\sim\saida\intenso_FIXO_7\malha.det.add.xml' ... done (47ms).
Loading route-files incrementally from 'C:\Users\User\Desktop\tcc-bloco8\sim\demanda\veiculos.typ.xml'
Loading route-files incrementally from 'C:\Users\User\Desktop\tcc-bloco8\sim\saida\rotas\intenso_7.rou.xml'
Loading done.
Simulation version 1.27.1 started with time: 0.00.
Simulation ended at time: 3600.00.
Reason: TraCI requested termination.
Performance:
 Duration: 61.12s
 TraCI-Duration: 38.92s
 Real time factor: 58.9005
 UPS: 74164.463351
Vehicles:
 Inserted: 2351
 Running: 112
 Waiting: 0
Statistics (avg of 2239):
 RouteLength: 2026.42
 Speed: 10.30
 Duration: 197.63
 WaitingTime: 27.75
 TimeLoss: 50.09
 DepartDelay: 0.05
  [ 80/650] leve/PREEMPCAO_COMPENSADA/seed=7                     ok        1m02s · restam ~2h58m21s
***Starting server on port 49274 ***
Loading net-file from 'C:\Users\User\Desktop\tcc-bloco8\sim\config\../rede/malha.net.xml' ... done (11ms).
Loading additional-files from 'C:\Users\User\Desktop\tcc-bloco8\sim\saida\intenso_PREEMPCAO_7\malha.det.add.xml' ... done (53ms).
Loading route-files incrementally from 'C:\Users\User\Desktop\tcc-bloco8\sim\demanda\veiculos.typ.xml'
Loading route-files incrementally from 'C:\Users\User\Desktop\tcc-bloco8\sim\saida\rotas\intenso_7.rou.xml'
Loading done.
Simulation version 1.27.1 started with time: 0.00.
Simulation ended at time: 3600.00.
Reason: TraCI requested termination.
Performance:
 Duration: 82.37s
 TraCI-Duration: 39.31s
 Real time factor: 43.7074
 UPS: 123970.181871
Vehicles:
 Inserted: 5243 (Loaded: 5244)
 Running: 286
 Waiting: 1
Statistics (avg of 4957):
 RouteLength: 2030.20
 Speed: 10.17
 Duration: 200.14
 WaitingTime: 22.06
 TimeLoss: 52.74
 DepartDelay: 0.06
  [ 81/650] multiplas_emergencias/PREEMPCAO_ML/seed=6            ok        1m23s · restam ~2h57m20s
***Starting server on port 59691 ***
Loading net-file from 'C:\Users\User\Desktop\tcc-bloco8\sim\config\../rede/malha.net.xml' ... done (9ms).
Loading additional-files from 'C:\Users\User\Desktop\tcc-bloco8\sim\saida\intenso_PREEMPCAO_COMPENSADA_7\malha.det.add.xml' ... done (49ms).
Loading route-files incrementally from 'C:\Users\User\Desktop\tcc-bloco8\sim\demanda\veiculos.typ.xml'
Loading route-files incrementally from 'C:\Users\User\Desktop\tcc-bloco8\sim\saida\rotas\intenso_7.rou.xml'
Loading done.
Simulation version 1.27.1 started with time: 0.00.
Simulation ended at time: 3600.00.
Reason: TraCI requested termination.
Performance:
 Duration: 80.73s
 TraCI-Duration: 37.51s
 Real time factor: 44.5914
 UPS: 131528.680961
Vehicles:
 Inserted: 5387
 Running: 308
 Waiting: 0
Statistics (avg of 5079):
 RouteLength: 2032.13
 Speed: 10.03
 Duration: 203.15
 WaitingTime: 22.70
 TimeLoss: 55.56
 DepartDelay: 0.06
  [ 82/650] moderado/PREEMPCAO/seed=7                            ok        1m21s · restam ~2h58m45s
Simulation ended at time: 3600.00.
Reason: TraCI requested termination.
Performance:
 Duration: 90.23s
 TraCI-Duration: 37.34s
 Real time factor: 39.8967
 UPS: 137126.550153
Vehicles:
 Inserted: 5387
 Running: 382
 Waiting: 0
Statistics (avg of 5005):
 RouteLength: 2025.68
 Speed: 8.55
 Duration: 237.28
 WaitingTime: 41.73
 TimeLoss: 89.86
 DepartDelay: 0.06
***Starting server on port 55126 ***
  [ 83/650] moderado/FIXO/seed=7                                 ok        1m31s · restam ~2h56m22s
Loading net-file from 'C:\Users\User\Desktop\tcc-bloco8\sim\config\../rede/malha.net.xml' ... done (12ms).
Loading additional-files from 'C:\Users\User\Desktop\tcc-bloco8\sim\saida\multiplas_emergencias_FIXO_7\malha.det.add.xml' ... done (60ms).
Loading route-files incrementally from 'C:\Users\User\Desktop\tcc-bloco8\sim\demanda\veiculos.typ.xml'
Loading route-files incrementally from 'C:\Users\User\Desktop\tcc-bloco8\sim\saida\rotas\multiplas_emergencias_7.rou.xml'
Loading done.
Simulation version 1.27.1 started with time: 0.00.
***Starting server on port 55132 ***
Loading net-file from 'C:\Users\User\Desktop\tcc-bloco8\sim\config\../rede/malha.net.xml' ... done (7ms).
Loading additional-files from 'C:\Users\User\Desktop\tcc-bloco8\sim\saida\multiplas_emergencias_PREEMPCAO_7\malha.det.add.xml' ... done (55ms).
Loading route-files incrementally from 'C:\Users\User\Desktop\tcc-bloco8\sim\demanda\veiculos.typ.xml'
Loading route-files incrementally from 'C:\Users\User\Desktop\tcc-bloco8\sim\saida\rotas\multiplas_emergencias_7.rou.xml'
Loading done.
Simulation version 1.27.1 started with time: 0.00.
Simulation ended at time: 3600.00.
Reason: TraCI requested termination.
Performance:
 Duration: 84.95s
 TraCI-Duration: 38.48s
 Real time factor: 42.3784
 UPS: 131762.834171
Vehicles:
 Inserted: 5387
 Running: 325
 Waiting: 0
Statistics (avg of 5062):
 RouteLength: 2032.55
 Speed: 9.49
 Duration: 214.51
 WaitingTime: 29.08
 TimeLoss: 66.92
 DepartDelay: 0.06
  [ 84/650] moderado/PREEMPCAO_COMPENSADA/seed=7                 ok        1m25s · restam ~2h57m39s
***Starting server on port 55188 ***
Loading net-file from 'C:\Users\User\Desktop\tcc-bloco8\sim\config\../rede/malha.net.xml' ... done (9ms).
Loading additional-files from 'C:\Users\User\Desktop\tcc-bloco8\sim\saida\multiplas_emergencias_PREEMPCAO_COMPENSADA_7\malha.det.add.xml' ... done (51ms).
Loading route-files incrementally from 'C:\Users\User\Desktop\tcc-bloco8\sim\demanda\veiculos.typ.xml'
Loading route-files incrementally from 'C:\Users\User\Desktop\tcc-bloco8\sim\saida\rotas\multiplas_emergencias_7.rou.xml'
Loading done.
Simulation version 1.27.1 started with time: 0.00.
Simulation ended at time: 3600.00.
Reason: TraCI requested termination.
Performance:
 Duration: 86.29s
 TraCI-Duration: 37.01s
 Real time factor: 41.7188
 UPS: 122951.432346
Vehicles:
 Inserted: 5393
 Running: 303
 Waiting: 0
Statistics (avg of 5090):
 RouteLength: 2032.93
 Speed: 10.07
 Duration: 202.69
 WaitingTime: 22.61
 TimeLoss: 55.11
 DepartDelay: 0.06
Simulation ended at time: 3600.00.
Reason: TraCI requested termination.
Performance:
 Duration: 133.75s
 TraCI-Duration: 39.21s
 Real time factor: 26.9161
 UPS: 153349.871775
Vehicles:
 Inserted: 9142
 Running: 567
 Waiting: 0
Statistics (avg of 8575):
 RouteLength: 2026.21
 Speed: 8.75
 Duration: 231.76
 WaitingTime: 28.66
 TimeLoss: 84.26
 DepartDelay: 0.10
  [ 85/650] multiplas_emergencias/PREEMPCAO/seed=7               ok        1m27s · restam ~3h01m18s
  [ 86/650] intenso/PREEMPCAO/seed=7                             ok        2m14s · restam ~2h58m55s
***Starting server on port 56575 ***
***Starting server on port 56580 ***
Loading net-file from 'C:\Users\User\Desktop\tcc-bloco8\sim\config\../rede/malha.net.xml' ... done (12ms).
Loading additional-files from 'C:\Users\User\Desktop\tcc-bloco8\sim\saida\multiplas_emergencias_PREEMPCAO_ML_7\malha.det.add.xml' ... done (66ms).
Loading route-files incrementally from 'C:\Users\User\Desktop\tcc-bloco8\sim\demanda\veiculos.typ.xml'
Loading route-files incrementally from 'C:\Users\User\Desktop\tcc-bloco8\sim\saida\rotas\multiplas_emergencias_7.rou.xml'
Loading done.
Simulation version 1.27.1 started with time: 0.00.
Loading net-file from 'C:\Users\User\Desktop\tcc-bloco8\sim\config\../rede/malha.net.xml' ... done (11ms).
Loading additional-files from 'C:\Users\User\Desktop\tcc-bloco8\sim\saida\leve_FIXO_8\malha.det.add.xml' ... done (67ms).
Loading route-files incrementally from 'C:\Users\User\Desktop\tcc-bloco8\sim\demanda\veiculos.typ.xml'
Loading route-files incrementally from 'C:\Users\User\Desktop\tcc-bloco8\sim\saida\rotas\leve_8.rou.xml'
Loading done.
Simulation version 1.27.1 started with time: 0.00.
Simulation ended at time: 3600.00.
Reason: TraCI requested termination.
Performance:
 Duration: 95.48s
 TraCI-Duration: 37.34s
 Real time factor: 37.703
 UPS: 129772.137449
Vehicles:
 Inserted: 5393
 Running: 382
 Waiting: 0
Statistics (avg of 5011):
 RouteLength: 2026.24
 Speed: 8.55
 Duration: 237.35
 WaitingTime: 41.73
 TimeLoss: 89.94
 DepartDelay: 0.06
  [ 87/650] multiplas_emergencias/FIXO/seed=7                    ok        1m36s · restam ~2h57m25s
***Starting server on port 56598 ***
Loading net-file from 'C:\Users\User\Desktop\tcc-bloco8\sim\config\../rede/malha.net.xml' ... done (5ms).
Loading additional-files from 'C:\Users\User\Desktop\tcc-bloco8\sim\saida\leve_PREEMPCAO_8\malha.det.add.xml' ... done (44ms).
Loading route-files incrementally from 'C:\Users\User\Desktop\tcc-bloco8\sim\demanda\veiculos.typ.xml'
Loading route-files incrementally from 'C:\Users\User\Desktop\tcc-bloco8\sim\saida\rotas\leve_8.rou.xml'
Loading done.
Simulation version 1.27.1 started with time: 0.00.
Simulation ended at time: 3600.00.
Reason: TraCI requested termination.
Performance:
 Duration: 148.24s
 TraCI-Duration: 39.30s
 Real time factor: 24.2851
 UPS: 147537.355217
Vehicles:
 Inserted: 9142
 Running: 660
 Waiting: 0
Statistics (avg of 8482):
 RouteLength: 2019.19
 Speed: 8.15
 Duration: 247.23
 WaitingTime: 34.84
 TimeLoss: 99.89
 DepartDelay: 0.10
  [ 88/650] intenso/FIXO/seed=7                                  ok        2m29s · restam ~2h55m14s
***Starting server on port 56605 ***
Loading net-file from 'C:\Users\User\Desktop\tcc-bloco8\sim\config\../rede/malha.net.xml' ... done (6ms).
Loading additional-files from 'C:\Users\User\Desktop\tcc-bloco8\sim\saida\leve_PREEMPCAO_COMPENSADA_8\malha.det.add.xml' ... done (43ms).
Loading route-files incrementally from 'C:\Users\User\Desktop\tcc-bloco8\sim\demanda\veiculos.typ.xml'
Loading route-files incrementally from 'C:\Users\User\Desktop\tcc-bloco8\sim\saida\rotas\leve_8.rou.xml'
Loading done.
Simulation version 1.27.1 started with time: 0.00.
Simulation ended at time: 3600.00.
Reason: TraCI requested termination.
Performance:
 Duration: 141.75s
 TraCI-Duration: 40.65s
 Real time factor: 25.397
 UPS: 149977.587143
Vehicles:
 Inserted: 9142
 Running: 599
 Waiting: 0
Statistics (avg of 8543):
 RouteLength: 2025.16
 Speed: 8.43
 Duration: 240.43
 WaitingTime: 33.76
 TimeLoss: 92.96
 DepartDelay: 0.10
  [ 89/650] intenso/PREEMPCAO_COMPENSADA/seed=7                  ok        2m22s · restam ~2h54m08s
***Starting server on port 56624 ***
Loading net-file from 'C:\Users\User\Desktop\tcc-bloco8\sim\config\../rede/malha.net.xml' ... done (10ms).
Loading additional-files from 'C:\Users\User\Desktop\tcc-bloco8\sim\saida\moderado_FIXO_8\malha.det.add.xml' ... done (55ms).
Loading route-files incrementally from 'C:\Users\User\Desktop\tcc-bloco8\sim\demanda\veiculos.typ.xml'
Loading route-files incrementally from 'C:\Users\User\Desktop\tcc-bloco8\sim\saida\rotas\moderado_8.rou.xml'
Loading done.
Simulation version 1.27.1 started with time: 0.00.
Simulation ended at time: 3600.00.
Reason: TraCI requested termination.
Performance:
 Duration: 96.45s
 TraCI-Duration: 40.28s
 Real time factor: 37.327
 UPS: 115341.645497
Vehicles:
 Inserted: 5393
 Running: 315
 Waiting: 0
Statistics (avg of 5078):
 RouteLength: 2034.20
 Speed: 9.57
 Duration: 212.95
 WaitingTime: 28.42
 TimeLoss: 65.33
 DepartDelay: 0.06
  [ 90/650] multiplas_emergencias/PREEMPCAO_COMPENSADA/seed=7    ok        1m37s · restam ~2h54m10s
***Starting server on port 50153 ***
Loading net-file from 'C:\Users\User\Desktop\tcc-bloco8\sim\config\../rede/malha.net.xml' ... done (8ms).
Loading additional-files from 'C:\Users\User\Desktop\tcc-bloco8\sim\saida\moderado_PREEMPCAO_8\malha.det.add.xml' ... done (44ms).
Loading route-files incrementally from 'C:\Users\User\Desktop\tcc-bloco8\sim\demanda\veiculos.typ.xml'
Loading route-files incrementally from 'C:\Users\User\Desktop\tcc-bloco8\sim\saida\rotas\moderado_8.rou.xml'
Loading done.
Simulation version 1.27.1 started with time: 0.00.
Simulation ended at time: 3600.00.
Reason: TraCI requested termination.
Performance:
 Duration: 70.30s
 TraCI-Duration: 41.72s
 Real time factor: 51.2106
 UPS: 73586.972602
Vehicles:
 Inserted: 2312
 Running: 174
 Waiting: 0
Statistics (avg of 2138):
 RouteLength: 2005.25
 Speed: 8.75
 Duration: 230.53
 WaitingTime: 51.75
 TimeLoss: 83.61
 DepartDelay: 0.05
  [ 91/650] leve/FIXO/seed=8                                     ok        1m11s · restam ~2h54m53s
***Starting server on port 49178 ***
Loading net-file from 'C:\Users\User\Desktop\tcc-bloco8\sim\config\../rede/malha.net.xml' ... done (7ms).
Loading additional-files from 'C:\Users\User\Desktop\tcc-bloco8\sim\saida\moderado_PREEMPCAO_COMPENSADA_8\malha.det.add.xml' ... done (35ms).
Loading route-files incrementally from 'C:\Users\User\Desktop\tcc-bloco8\sim\demanda\veiculos.typ.xml'
Loading route-files incrementally from 'C:\Users\User\Desktop\tcc-bloco8\sim\saida\rotas\moderado_8.rou.xml'
Loading done.
Simulation version 1.27.1 started with time: 0.00.
Simulation ended at time: 3600.00.
Reason: TraCI requested termination.
Performance:
 Duration: 65.51s
 TraCI-Duration: 42.12s
 Real time factor: 54.956
 UPS: 65438.075320
Vehicles:
 Inserted: 2312
 Running: 123
 Waiting: 0
Statistics (avg of 2189):
 RouteLength: 2017.12
 Speed: 10.66
 Duration: 190.52
 WaitingTime: 23.57
 TimeLoss: 43.35
 DepartDelay: 0.05
  [ 92/650] leve/PREEMPCAO/seed=8                                ok        1m06s · restam ~2h53m01s
***Starting server on port 49187 ***
Loading net-file from 'C:\Users\User\Desktop\tcc-bloco8\sim\config\../rede/malha.net.xml' ... done (6ms).
Loading additional-files from 'C:\Users\User\Desktop\tcc-bloco8\sim\saida\intenso_FIXO_8\malha.det.add.xml' ... done (34ms).
Loading route-files incrementally from 'C:\Users\User\Desktop\tcc-bloco8\sim\demanda\veiculos.typ.xml'
Loading route-files incrementally from 'C:\Users\User\Desktop\tcc-bloco8\sim\saida\rotas\intenso_8.rou.xml'
Loading done.
Simulation version 1.27.1 started with time: 0.00.
Simulation ended at time: 3600.00.
Reason: TraCI requested termination.
Performance:
 Duration: 67.69s
 TraCI-Duration: 43.56s
 Real time factor: 53.1836
 UPS: 64300.679569
Vehicles:
 Inserted: 2312
 Running: 126
 Waiting: 0
Statistics (avg of 2186):
 RouteLength: 2015.54
 Speed: 10.49
 Duration: 193.39
 WaitingTime: 25.66
 TimeLoss: 46.26
 DepartDelay: 0.05
  [ 93/650] leve/PREEMPCAO_COMPENSADA/seed=8                     ok        1m08s · restam ~2h51m12s
***Starting server on port 49196 ***
Loading net-file from 'C:\Users\User\Desktop\tcc-bloco8\sim\config\../rede/malha.net.xml' ... done (7ms).
Loading additional-files from 'C:\Users\User\Desktop\tcc-bloco8\sim\saida\intenso_PREEMPCAO_8\malha.det.add.xml' ... done (50ms).
Loading route-files incrementally from 'C:\Users\User\Desktop\tcc-bloco8\sim\demanda\veiculos.typ.xml'
Loading route-files incrementally from 'C:\Users\User\Desktop\tcc-bloco8\sim\saida\rotas\intenso_8.rou.xml'
Loading done.
Simulation version 1.27.1 started with time: 0.00.
Simulation ended at time: 3600.00.
Reason: TraCI requested termination.
Performance:
 Duration: 101.87s
 TraCI-Duration: 44.84s
 Real time factor: 35.3385
 UPS: 105964.425946
Vehicles:
 Inserted: 5393
 Running: 324
 Waiting: 0
Statistics (avg of 5069):
 RouteLength: 2033.78
 Speed: 9.87
 Duration: 206.48
 WaitingTime: 24.66
 TimeLoss: 58.88
 DepartDelay: 0.06
  [ 94/650] multiplas_emergencias/PREEMPCAO_ML/seed=7            ok        1m43s · restam ~2h51m29s
***Starting server on port 49237 ***
Loading net-file from 'C:\Users\User\Desktop\tcc-bloco8\sim\config\../rede/malha.net.xml' ... done (6ms).
Loading additional-files from 'C:\Users\User\Desktop\tcc-bloco8\sim\saida\intenso_PREEMPCAO_COMPENSADA_8\malha.det.add.xml' ... done (34ms).
Loading route-files incrementally from 'C:\Users\User\Desktop\tcc-bloco8\sim\demanda\veiculos.typ.xml'
Loading route-files incrementally from 'C:\Users\User\Desktop\tcc-bloco8\sim\saida\rotas\intenso_8.rou.xml'
Loading done.
Simulation version 1.27.1 started with time: 0.00.
Simulation ended at time: 3600.00.
Reason: TraCI requested termination.
Performance:
 Duration: 113.28s
 TraCI-Duration: 44.87s
 Real time factor: 31.7794
 UPS: 108761.601681
Vehicles:
 Inserted: 5360
 Running: 368
 Waiting: 0
Statistics (avg of 4992):
 RouteLength: 2009.02
 Speed: 8.51
 Duration: 236.31
 WaitingTime: 40.85
 TimeLoss: 89.11
 DepartDelay: 0.07
  [ 95/650] moderado/FIXO/seed=8                                 ok        1m54s · restam ~2h52m31s
***Starting server on port 54156 ***
Loading net-file from 'C:\Users\User\Desktop\tcc-bloco8\sim\config\../rede/malha.net.xml' ... done (5ms).
Loading additional-files from 'C:\Users\User\Desktop\tcc-bloco8\sim\saida\multiplas_emergencias_FIXO_8\malha.det.add.xml' ... done (34ms).
Loading route-files incrementally from 'C:\Users\User\Desktop\tcc-bloco8\sim\demanda\veiculos.typ.xml'
Loading route-files incrementally from 'C:\Users\User\Desktop\tcc-bloco8\sim\saida\rotas\multiplas_emergencias_8.rou.xml'
Loading done.
Simulation version 1.27.1 started with time: 0.00.
Simulation ended at time: 3600.00.
Reason: TraCI requested termination.
Performance:
 Duration: 98.90s
 TraCI-Duration: 44.43s
 Real time factor: 36.4
 UPS: 105597.314486
Vehicles:
 Inserted: 5360
 Running: 270
 Waiting: 0
Statistics (avg of 5090):
 RouteLength: 2020.14
 Speed: 10.14
 Duration: 199.97
 WaitingTime: 21.46
 TimeLoss: 52.53
 DepartDelay: 0.07
  [ 96/650] moderado/PREEMPCAO/seed=8                            ok        1m39s · restam ~2h51m09s
***Starting server on port 53454 ***
Loading net-file from 'C:\Users\User\Desktop\tcc-bloco8\sim\config\../rede/malha.net.xml' ... done (8ms).
Loading additional-files from 'C:\Users\User\Desktop\tcc-bloco8\sim\saida\multiplas_emergencias_PREEMPCAO_8\malha.det.add.xml' ... done (36ms).
Loading route-files incrementally from 'C:\Users\User\Desktop\tcc-bloco8\sim\demanda\veiculos.typ.xml'
Loading route-files incrementally from 'C:\Users\User\Desktop\tcc-bloco8\sim\saida\rotas\multiplas_emergencias_8.rou.xml'
Loading done.
Simulation version 1.27.1 started with time: 0.00.
Simulation ended at time: 3600.00.
Reason: TraCI requested termination.
Performance:
 Duration: 93.30s
 TraCI-Duration: 42.63s
 Real time factor: 38.5844
 UPS: 114745.460976
Vehicles:
 Inserted: 5360
 Running: 281
 Waiting: 0
Statistics (avg of 5079):
 RouteLength: 2020.30
 Speed: 9.89
 Duration: 205.12
 WaitingTime: 24.41
 TimeLoss: 57.69
 DepartDelay: 0.07
  [ 97/650] moderado/PREEMPCAO_COMPENSADA/seed=8                 ok        1m34s · restam ~2h51m16s
***Starting server on port 56382 ***
Loading net-file from 'C:\Users\User\Desktop\tcc-bloco8\sim\config\../rede/malha.net.xml' ... done (9ms).
Loading additional-files from 'C:\Users\User\Desktop\tcc-bloco8\sim\saida\multiplas_emergencias_PREEMPCAO_COMPENSADA_8\malha.det.add.xml' ... done (49ms).
Loading route-files incrementally from 'C:\Users\User\Desktop\tcc-bloco8\sim\demanda\veiculos.typ.xml'
Loading route-files incrementally from 'C:\Users\User\Desktop\tcc-bloco8\sim\saida\rotas\multiplas_emergencias_8.rou.xml'
Loading done.
Simulation version 1.27.1 started with time: 0.00.
Warning: Vehicle 'A1_LESTE_carro_0137' performs emergency braking on lane 'A1_L2_0' with decel=9.00, wished=4.50, severity=1.00, time=855.90.
Simulation ended at time: 3600.00.
Reason: TraCI requested termination.
Performance:
 Duration: 150.77s
 TraCI-Duration: 43.12s
 Real time factor: 23.8781
 UPS: 138729.760025
Vehicles:
 Inserted: 9165
 Running: 583
 Waiting: 0
Statistics (avg of 8582):
 RouteLength: 2018.45
 Speed: 8.54
 Duration: 235.88
 WaitingTime: 30.05
 TimeLoss: 88.56
 DepartDelay: 0.10
Simulation ended at time: 3600.00.
Reason: TraCI requested termination.
Performance:
 Duration: 86.53s
 TraCI-Duration: 39.19s
 Real time factor: 41.6065
 UPS: 119586.986420
Vehicles:
 Inserted: 5366
 Running: 272
 Waiting: 0
Statistics (avg of 5094):
 RouteLength: 2020.12
 Speed: 10.26
 Duration: 197.82
 WaitingTime: 20.82
 TimeLoss: 50.40
 DepartDelay: 0.07
  [ 98/650] intenso/PREEMPCAO/seed=8                             ok        2m31s · restam ~2h55m16s
  [ 99/650] multiplas_emergencias/PREEMPCAO/seed=8               ok        1m27s · restam ~2h53m12s
***Starting server on port 61544 ***
***Starting server on port 61547 ***
Loading net-file from 'C:\Users\User\Desktop\tcc-bloco8\sim\config\../rede/malha.net.xml' ... done (6ms).
Loading additional-files from 'C:\Users\User\Desktop\tcc-bloco8\sim\saida\multiplas_emergencias_PREEMPCAO_ML_8\malha.det.add.xml' ... done (38ms).
Loading route-files incrementally from 'C:\Users\User\Desktop\tcc-bloco8\sim\demanda\veiculos.typ.xml'
Loading route-files incrementally from 'C:\Users\User\Desktop\tcc-bloco8\sim\saida\rotas\multiplas_emergencias_8.rou.xml'
Loading done.
Loading net-file from 'C:\Users\User\Desktop\tcc-bloco8\sim\config\../rede/malha.net.xml' ... done (7ms).
Simulation version 1.27.1 started with time: 0.00.
Loading additional-files from 'C:\Users\User\Desktop\tcc-bloco8\sim\saida\leve_FIXO_9\malha.det.add.xml' ... done (52ms).
Loading route-files incrementally from 'C:\Users\User\Desktop\tcc-bloco8\sim\demanda\veiculos.typ.xml'
Loading route-files incrementally from 'C:\Users\User\Desktop\tcc-bloco8\sim\saida\rotas\leve_9.rou.xml'
Loading done.
Simulation version 1.27.1 started with time: 0.00.
Simulation ended at time: 3600.00.
Reason: TraCI requested termination.
Performance:
 Duration: 96.39s
 TraCI-Duration: 39.24s
 Real time factor: 37.3479
 UPS: 127983.815916
Vehicles:
 Inserted: 5366
 Running: 368
 Waiting: 0
Statistics (avg of 4998):
 RouteLength: 2009.60
 Speed: 8.51
 Duration: 236.34
 WaitingTime: 40.84
 TimeLoss: 89.15
 DepartDelay: 0.07
  [100/650] multiplas_emergencias/FIXO/seed=8                    ok        1m37s · restam ~2h51m21s
***Starting server on port 61554 ***
Loading net-file from 'C:\Users\User\Desktop\tcc-bloco8\sim\config\../rede/malha.net.xml' ... done (9ms).
Loading additional-files from 'C:\Users\User\Desktop\tcc-bloco8\sim\saida\leve_PREEMPCAO_9\malha.det.add.xml' ... done (51ms).
Loading route-files incrementally from 'C:\Users\User\Desktop\tcc-bloco8\sim\demanda\veiculos.typ.xml'
Loading route-files incrementally from 'C:\Users\User\Desktop\tcc-bloco8\sim\saida\rotas\leve_9.rou.xml'
Loading done.
Simulation version 1.27.1 started with time: 0.00.
Simulation ended at time: 3600.00.
Reason: TraCI requested termination.
Performance:
 Duration: 158.72s
 TraCI-Duration: 42.88s
 Real time factor: 22.6812
 UPS: 138527.255201
Vehicles:
 Inserted: 9165
 Running: 652
 Waiting: 0
Statistics (avg of 8513):
 RouteLength: 2013.53
 Speed: 8.10
 Duration: 248.07
 WaitingTime: 35.18
 TimeLoss: 100.85
 DepartDelay: 0.10
  [101/650] intenso/FIXO/seed=8                                  ok        2m39s · restam ~2h49m32s
***Starting server on port 61561 ***
Loading net-file from 'C:\Users\User\Desktop\tcc-bloco8\sim\config\../rede/malha.net.xml' ... done (8ms).
Loading additional-files from 'C:\Users\User\Desktop\tcc-bloco8\sim\saida\leve_PREEMPCAO_COMPENSADA_9\malha.det.add.xml' ... done (52ms).
Loading route-files incrementally from 'C:\Users\User\Desktop\tcc-bloco8\sim\demanda\veiculos.typ.xml'
Loading route-files incrementally from 'C:\Users\User\Desktop\tcc-bloco8\sim\saida\rotas\leve_9.rou.xml'
Loading done.
Simulation version 1.27.1 started with time: 0.00.
Simulation ended at time: 3600.00.
Reason: TraCI requested termination.
Performance:
 Duration: 89.66s
 TraCI-Duration: 40.93s
 Real time factor: 40.1499
 UPS: 118763.115632
Vehicles:
 Inserted: 5366
 Running: 316
 Waiting: 0
 Emergency Braking: 1
Statistics (avg of 5050):
 RouteLength: 2015.59
 Speed: 9.94
 Duration: 203.46
 WaitingTime: 23.56
 TimeLoss: 56.16
 DepartDelay: 0.07
Simulation ended at time: 3600.00.
Reason: TraCI requested termination.
Performance:
 Duration: 152.73s
 TraCI-Duration: 43.58s
 Real time factor: 23.5704
 UPS: 140842.235521
Vehicles:
 Inserted: 9165
 Running: 611
 Waiting: 0
Statistics (avg of 8554):
 RouteLength: 2015.72
 Speed: 8.31
 Duration: 242.64
 WaitingTime: 34.23
 TimeLoss: 95.38
 DepartDelay: 0.10
  [102/650] multiplas_emergencias/PREEMPCAO_COMPENSADA/seed=8    ok        1m30s · restam ~2h49m32s
  [103/650] intenso/PREEMPCAO_COMPENSADA/seed=8                  ok        2m33s · restam ~2h47m35s
***Starting server on port 56048 ***
***Starting server on port 56049 ***
Loading net-file from 'C:\Users\User\Desktop\tcc-bloco8\sim\config\../rede/malha.net.xml' ...Loading net-file from 'C:\Users\User\Desktop\tcc-bloco8\sim\config\../rede/malha.net.xml' ... done (10ms).
 done (11ms).
Loading additional-files from 'C:\Users\User\Desktop\tcc-bloco8\sim\saida\moderado_PREEMPCAO_9\malha.det.add.xml' ...Loading additional-files from 'C:\Users\User\Desktop\tcc-bloco8\sim\saida\moderado_FIXO_9\malha.det.add.xml' ... done (59ms).
 done (63ms).
Loading route-files incrementally from 'C:\Users\User\Desktop\tcc-bloco8\sim\demanda\veiculos.typ.xml'
Loading route-files incrementally from 'C:\Users\User\Desktop\tcc-bloco8\sim\saida\rotas\moderado_9.rou.xml'
Loading done.
Loading route-files incrementally from 'C:\Users\User\Desktop\tcc-bloco8\sim\demanda\veiculos.typ.xml'
Loading route-files incrementally from 'C:\Users\User\Desktop\tcc-bloco8\sim\saida\rotas\moderado_9.rou.xml'
Loading done.
Simulation version 1.27.1 started with time: 0.00.
Simulation version 1.27.1 started with time: 0.00.
Simulation ended at time: 3600.00.
Reason: TraCI requested termination.
Performance:
 Duration: 60.84s
 TraCI-Duration: 39.91s
 Real time factor: 59.1745
 UPS: 69468.842974
Vehicles:
 Inserted: 2282
 Running: 134
 Waiting: 0
Statistics (avg of 2148):
 RouteLength: 2028.02
 Speed: 10.66
 Duration: 191.24
 WaitingTime: 23.69
 TimeLoss: 43.66
 DepartDelay: 0.05
  [104/650] leve/PREEMPCAO/seed=9                                ok        1m02s · restam ~2h49m00s
***Starting server on port 54240 ***
Loading net-file from 'C:\Users\User\Desktop\tcc-bloco8\sim\config\../rede/malha.net.xml' ... done (11ms).
Loading additional-files from 'C:\Users\User\Desktop\tcc-bloco8\sim\saida\moderado_PREEMPCAO_COMPENSADA_9\malha.det.add.xml' ... done (73ms).
Loading route-files incrementally from 'C:\Users\User\Desktop\tcc-bloco8\sim\demanda\veiculos.typ.xml'
Loading route-files incrementally from 'C:\Users\User\Desktop\tcc-bloco8\sim\saida\rotas\moderado_9.rou.xml'
Loading done.
Simulation version 1.27.1 started with time: 0.00.
Simulation ended at time: 3600.00.
Reason: TraCI requested termination.
Performance:
 Duration: 67.96s
 TraCI-Duration: 40.48s
 Real time factor: 52.9747
 UPS: 74886.737201
Vehicles:
 Inserted: 2282
 Running: 179
 Waiting: 0
Statistics (avg of 2103):
 RouteLength: 2015.19
 Speed: 8.78
 Duration: 230.93
 WaitingTime: 52.06
 TimeLoss: 83.61
 DepartDelay: 0.05
  [105/650] leve/FIXO/seed=9                                     ok        1m09s · restam ~2h47m29s
***Starting server on port 59575 ***
Loading net-file from 'C:\Users\User\Desktop\tcc-bloco8\sim\config\../rede/malha.net.xml' ... done (11ms).
Loading additional-files from 'C:\Users\User\Desktop\tcc-bloco8\sim\saida\intenso_FIXO_9\malha.det.add.xml' ... done (67ms).
Loading route-files incrementally from 'C:\Users\User\Desktop\tcc-bloco8\sim\demanda\veiculos.typ.xml'
Loading route-files incrementally from 'C:\Users\User\Desktop\tcc-bloco8\sim\saida\rotas\intenso_9.rou.xml'
Loading done.
Simulation version 1.27.1 started with time: 0.00.
Simulation ended at time: 3600.00.
Reason: TraCI requested termination.
Performance:
 Duration: 65.32s
 TraCI-Duration: 42.09s
 Real time factor: 55.1108
 UPS: 66871.821564
Vehicles:
 Inserted: 2282
 Running: 145
 Waiting: 0
Statistics (avg of 2137):
 RouteLength: 2026.08
 Speed: 10.29
 Duration: 197.79
 WaitingTime: 28.03
 TimeLoss: 50.25
 DepartDelay: 0.05
  [106/650] leve/PREEMPCAO_COMPENSADA/seed=9                     ok        1m06s · restam ~2h45m45s
***Starting server on port 59581 ***
Loading net-file from 'C:\Users\User\Desktop\tcc-bloco8\sim\config\../rede/malha.net.xml' ... done (6ms).
Loading additional-files from 'C:\Users\User\Desktop\tcc-bloco8\sim\saida\intenso_PREEMPCAO_9\malha.det.add.xml' ... done (51ms).
Loading route-files incrementally from 'C:\Users\User\Desktop\tcc-bloco8\sim\demanda\veiculos.typ.xml'
Loading route-files incrementally from 'C:\Users\User\Desktop\tcc-bloco8\sim\saida\rotas\intenso_9.rou.xml'
Loading done.
Simulation version 1.27.1 started with time: 0.00.
Simulation ended at time: 3600.00.
Reason: TraCI requested termination.
Performance:
 Duration: 95.37s
 TraCI-Duration: 43.82s
 Real time factor: 37.7493
 UPS: 108261.539752
Vehicles:
 Inserted: 5366
 Running: 267
 Waiting: 0
Statistics (avg of 5099):
 RouteLength: 2020.39
 Speed: 10.29
 Duration: 197.39
 WaitingTime: 20.69
 TimeLoss: 49.96
 DepartDelay: 0.07
  [107/650] multiplas_emergencias/PREEMPCAO_ML/seed=8            ok        1m36s · restam ~2h46m04s
***Starting server on port 59620 ***
Loading net-file from 'C:\Users\User\Desktop\tcc-bloco8\sim\config\../rede/malha.net.xml' ... done (6ms).
Loading additional-files from 'C:\Users\User\Desktop\tcc-bloco8\sim\saida\intenso_PREEMPCAO_COMPENSADA_9\malha.det.add.xml' ... done (44ms).
Loading route-files incrementally from 'C:\Users\User\Desktop\tcc-bloco8\sim\demanda\veiculos.typ.xml'
Loading route-files incrementally from 'C:\Users\User\Desktop\tcc-bloco8\sim\saida\rotas\intenso_9.rou.xml'
Loading done.
Simulation version 1.27.1 started with time: 0.00.
Simulation ended at time: 3600.00.
Reason: TraCI requested termination.
Performance:
 Duration: 93.49s
 TraCI-Duration: 42.34s
 Real time factor: 38.5072
 UPS: 113606.873536
Vehicles:
 Inserted: 5385
 Running: 316
 Waiting: 0
Statistics (avg of 5069):
 RouteLength: 2019.57
 Speed: 9.97
 Duration: 202.97
 WaitingTime: 22.25
 TimeLoss: 55.54
 DepartDelay: 0.07
  [108/650] moderado/PREEMPCAO/seed=9                            ok        1m34s · restam ~2h46m16s
***Starting server on port 59656 ***
Loading net-file from 'C:\Users\User\Desktop\tcc-bloco8\sim\config\../rede/malha.net.xml' ... done (8ms).
Loading additional-files from 'C:\Users\User\Desktop\tcc-bloco8\sim\saida\multiplas_emergencias_FIXO_9\malha.det.add.xml' ... done (42ms).
Loading route-files incrementally from 'C:\Users\User\Desktop\tcc-bloco8\sim\demanda\veiculos.typ.xml'
Loading route-files incrementally from 'C:\Users\User\Desktop\tcc-bloco8\sim\saida\rotas\multiplas_emergencias_9.rou.xml'
Loading done.
Simulation version 1.27.1 started with time: 0.00.
Simulation ended at time: 3600.00.
Reason: TraCI requested termination.
Performance:
 Duration: 103.29s
 TraCI-Duration: 41.80s
 Real time factor: 34.852
 UPS: 119454.711794
Vehicles:
 Inserted: 5385
 Running: 387
 Waiting: 0
Statistics (avg of 4998):
 RouteLength: 2010.01
 Speed: 8.50
 Duration: 236.60
 WaitingTime: 41.52
 TimeLoss: 89.33
 DepartDelay: 0.07
  [109/650] moderado/FIXO/seed=9                                 ok        1m44s · restam ~2h45m15s
***Starting server on port 59676 ***
Loading net-file from 'C:\Users\User\Desktop\tcc-bloco8\sim\config\../rede/malha.net.xml' ... done (12ms).
Loading additional-files from 'C:\Users\User\Desktop\tcc-bloco8\sim\saida\multiplas_emergencias_PREEMPCAO_9\malha.det.add.xml' ... done (62ms).
Loading route-files incrementally from 'C:\Users\User\Desktop\tcc-bloco8\sim\demanda\veiculos.typ.xml'
Loading route-files incrementally from 'C:\Users\User\Desktop\tcc-bloco8\sim\saida\rotas\multiplas_emergencias_9.rou.xml'
Loading done.
Simulation version 1.27.1 started with time: 0.00.
Simulation ended at time: 3600.00.
Reason: TraCI requested termination.
Performance:
 Duration: 97.18s
 TraCI-Duration: 43.43s
 Real time factor: 37.0462
 UPS: 112714.682638
Vehicles:
 Inserted: 5385
 Running: 304
 Waiting: 0
Statistics (avg of 5081):
 RouteLength: 2018.13
 Speed: 9.64
 Duration: 209.54
 WaitingTime: 26.30
 TimeLoss: 62.12
 DepartDelay: 0.07
  [110/650] moderado/PREEMPCAO_COMPENSADA/seed=9                 ok        1m38s · restam ~2h46m05s
***Starting server on port 55960 ***
Loading net-file from 'C:\Users\User\Desktop\tcc-bloco8\sim\config\../rede/malha.net.xml' ... done (9ms).
Loading additional-files from 'C:\Users\User\Desktop\tcc-bloco8\sim\saida\multiplas_emergencias_PREEMPCAO_COMPENSADA_9\malha.det.add.xml' ... done (62ms).
Loading route-files incrementally from 'C:\Users\User\Desktop\tcc-bloco8\sim\demanda\veiculos.typ.xml'
Loading route-files incrementally from 'C:\Users\User\Desktop\tcc-bloco8\sim\saida\rotas\multiplas_emergencias_9.rou.xml'
Loading done.
Simulation version 1.27.1 started with time: 0.00.
Simulation ended at time: 3600.00.
Reason: TraCI requested termination.
Performance:
 Duration: 153.84s
 TraCI-Duration: 45.91s
 Real time factor: 23.4015
 UPS: 128103.005798
Vehicles:
 Inserted: 9251
 Running: 578
 Waiting: 0
Statistics (avg of 8673):
 RouteLength: 2015.17
 Speed: 9.24
 Duration: 220.07
 WaitingTime: 25.20
 TimeLoss: 72.97
 DepartDelay: 0.09
  [111/650] intenso/PREEMPCAO/seed=9                             ok        2m35s · restam ~2h49m23s
***Starting server on port 61990 ***
Loading net-file from 'C:\Users\User\Desktop\tcc-bloco8\sim\config\../rede/malha.net.xml' ... done (8ms).
Loading additional-files from 'C:\Users\User\Desktop\tcc-bloco8\sim\saida\multiplas_emergencias_PREEMPCAO_ML_9\malha.det.add.xml' ... done (41ms).
Loading route-files incrementally from 'C:\Users\User\Desktop\tcc-bloco8\sim\demanda\veiculos.typ.xml'
Loading route-files incrementally from 'C:\Users\User\Desktop\tcc-bloco8\sim\saida\rotas\multiplas_emergencias_9.rou.xml'
Loading done.
Simulation version 1.27.1 started with time: 0.00.
Simulation ended at time: 3600.00.
Reason: TraCI requested termination.
Performance:
 Duration: 110.32s
 TraCI-Duration: 47.88s
 Real time factor: 32.6332
 UPS: 97035.969071
Vehicles:
 Inserted: 5391
 Running: 314
 Waiting: 0
Statistics (avg of 5077):
 RouteLength: 2018.54
 Speed: 9.90
 Duration: 204.38
 WaitingTime: 23.32
 TimeLoss: 56.97
 DepartDelay: 0.07
  [112/650] multiplas_emergencias/PREEMPCAO/seed=9               ok        1m51s · restam ~2h48m51s
Simulation ended at time: 3600.00.
Reason: TraCI requested termination.
Performance:
 Duration: 120.74s
 TraCI-Duration: 46.48s
 Real time factor: 29.8171
 UPS: 102334.216804
Vehicles:
 Inserted: 5391
 Running: 387
 Waiting: 0
Statistics (avg of 5004):
 RouteLength: 2010.59
 Speed: 8.50
 Duration: 236.65
 WaitingTime: 41.51
 TimeLoss: 89.39
 DepartDelay: 0.07
***Starting server on port 62016 ***
  [113/650] multiplas_emergencias/FIXO/seed=9                    ok        2m01s · restam ~2h47m06s
Loading net-file from 'C:\Users\User\Desktop\tcc-bloco8\sim\config\../rede/malha.net.xml' ... done (7ms).
Loading additional-files from 'C:\Users\User\Desktop\tcc-bloco8\sim\saida\leve_FIXO_10\malha.det.add.xml' ... done (58ms).
***Starting server on port 62020 ***
Loading route-files incrementally from 'C:\Users\User\Desktop\tcc-bloco8\sim\demanda\veiculos.typ.xml'
Loading route-files incrementally from 'C:\Users\User\Desktop\tcc-bloco8\sim\saida\rotas\leve_10.rou.xml'
Loading done.
Simulation version 1.27.1 started with time: 0.00.
Loading net-file from 'C:\Users\User\Desktop\tcc-bloco8\sim\config\../rede/malha.net.xml' ... done (10ms).
Loading additional-files from 'C:\Users\User\Desktop\tcc-bloco8\sim\saida\leve_PREEMPCAO_10\malha.det.add.xml' ... done (67ms).
Loading route-files incrementally from 'C:\Users\User\Desktop\tcc-bloco8\sim\demanda\veiculos.typ.xml'
Loading route-files incrementally from 'C:\Users\User\Desktop\tcc-bloco8\sim\saida\rotas\leve_10.rou.xml'
Loading done.
Simulation version 1.27.1 started with time: 0.00.
Simulation ended at time: 3600.00.
Reason: TraCI requested termination.
Performance:
 Duration: 183.79s
 TraCI-Duration: 47.29s
 Real time factor: 19.5877
 UPS: 120001.915240
Vehicles:
 Inserted: 9251
 Running: 667
 Waiting: 0
Statistics (avg of 8584):
 RouteLength: 2011.02
 Speed: 8.12
 Duration: 246.95
 WaitingTime: 34.97
 TimeLoss: 99.94
 DepartDelay: 0.09
  [114/650] intenso/FIXO/seed=9                                  ok        3m07s · restam ~2h46m26s
***Starting server on port 51368 ***
Loading net-file from 'C:\Users\User\Desktop\tcc-bloco8\sim\config\../rede/malha.net.xml' ... done (9ms).
Loading additional-files from 'C:\Users\User\Desktop\tcc-bloco8\sim\saida\leve_PREEMPCAO_COMPENSADA_10\malha.det.add.xml' ... done (50ms).
Loading route-files incrementally from 'C:\Users\User\Desktop\tcc-bloco8\sim\demanda\veiculos.typ.xml'
Loading route-files incrementally from 'C:\Users\User\Desktop\tcc-bloco8\sim\saida\rotas\leve_10.rou.xml'
Loading done.
Simulation version 1.27.1 started with time: 0.00.
Simulation ended at time: 3600.00.
Reason: TraCI requested termination.
Performance:
 Duration: 120.76s
 TraCI-Duration: 51.54s
 Real time factor: 29.8107
 UPS: 90033.553601
Vehicles:
 Inserted: 5391
 Running: 331
 Waiting: 0
Statistics (avg of 5060):
 RouteLength: 2019.31
 Speed: 9.76
 Duration: 207.79
 WaitingTime: 25.69
 TimeLoss: 60.36
 DepartDelay: 0.07
Simulation ended at time: 3600.00.
Reason: TraCI requested termination.
Performance:
 Duration: 187.26s
 TraCI-Duration: 50.04s
 Real time factor: 19.2242
 UPS: 115208.096591
Vehicles:
 Inserted: 9251
 Running: 629
 Waiting: 0
Statistics (avg of 8622):
 RouteLength: 2015.23
 Speed: 8.34
 Duration: 241.56
 WaitingTime: 33.90
 TimeLoss: 94.45
 DepartDelay: 0.09
  [115/650] multiplas_emergencias/PREEMPCAO_COMPENSADA/seed=9    ok        2m01s · restam ~2h46m50s
  [116/650] intenso/PREEMPCAO_COMPENSADA/seed=9                  ok        3m08s · restam ~2h45m06s
***Starting server on port 49918 ***
***Starting server on port 49921 ***
Loading net-file from 'C:\Users\User\Desktop\tcc-bloco8\sim\config\../rede/malha.net.xml' ... done (11ms).
Loading additional-files from 'C:\Users\User\Desktop\tcc-bloco8\sim\saida\moderado_FIXO_10\malha.det.add.xml' ...Loading net-file from 'C:\Users\User\Desktop\tcc-bloco8\sim\config\../rede/malha.net.xml' ... done (8ms).
Loading additional-files from 'C:\Users\User\Desktop\tcc-bloco8\sim\saida\moderado_PREEMPCAO_10\malha.det.add.xml' ... done (56ms).
 done (60ms).
Loading route-files incrementally from 'C:\Users\User\Desktop\tcc-bloco8\sim\demanda\veiculos.typ.xml'
Loading route-files incrementally from 'C:\Users\User\Desktop\tcc-bloco8\sim\saida\rotas\moderado_10.rou.xml'
Loading done.
Simulation version 1.27.1 started with time: 0.00.
Loading route-files incrementally from 'C:\Users\User\Desktop\tcc-bloco8\sim\demanda\veiculos.typ.xml'
Loading route-files incrementally from 'C:\Users\User\Desktop\tcc-bloco8\sim\saida\rotas\moderado_10.rou.xml'
Loading done.
Simulation version 1.27.1 started with time: 0.00.
Warning: Vehicle 'A1_LESTE_carro_0199' performs emergency braking on lane 'A1_L0_0' with decel=9.00, wished=4.50, severity=1.00, time=2612.90.
Simulation ended at time: 3600.00.
Reason: TraCI requested termination.
Performance:
 Duration: 76.98s
 TraCI-Duration: 47.55s
 Real time factor: 46.7684
 UPS: 54711.568691
Vehicles:
 Inserted: 2290
 Running: 143
 Waiting: 0
Statistics (avg of 2147):
 RouteLength: 2035.30
 Speed: 10.80
 Duration: 189.49
 WaitingTime: 22.78
 TimeLoss: 41.49
 DepartDelay: 0.05
  [117/650] leve/PREEMPCAO/seed=10                               ok        1m18s · restam ~2h46m07s
***Starting server on port 56257 ***
Loading net-file from 'C:\Users\User\Desktop\tcc-bloco8\sim\config\../rede/malha.net.xml' ... done (11ms).
Loading additional-files from 'C:\Users\User\Desktop\tcc-bloco8\sim\saida\moderado_PREEMPCAO_COMPENSADA_10\malha.det.add.xml' ... done (78ms).
Loading route-files incrementally from 'C:\Users\User\Desktop\tcc-bloco8\sim\demanda\veiculos.typ.xml'
Loading route-files incrementally from 'C:\Users\User\Desktop\tcc-bloco8\sim\saida\rotas\moderado_10.rou.xml'
Loading done.
Simulation version 1.27.1 started with time: 0.00.
Simulation ended at time: 3600.00.
Reason: TraCI requested termination.
Performance:
 Duration: 84.70s
 TraCI-Duration: 48.49s
 Real time factor: 42.5019
 UPS: 60667.280584
Vehicles:
 Inserted: 2290
 Running: 168
 Waiting: 0
Statistics (avg of 2122):
 RouteLength: 2024.71
 Speed: 8.78
 Duration: 231.93
 WaitingTime: 52.65
 TimeLoss: 84.21
 DepartDelay: 0.05
  [118/650] leve/FIXO/seed=10                                    ok        1m25s · restam ~2h44m56s
***Starting server on port 59431 ***
Loading net-file from 'C:\Users\User\Desktop\tcc-bloco8\sim\config\../rede/malha.net.xml' ... done (7ms).
Loading additional-files from 'C:\Users\User\Desktop\tcc-bloco8\sim\saida\intenso_FIXO_10\malha.det.add.xml' ... done (47ms).
Loading route-files incrementally from 'C:\Users\User\Desktop\tcc-bloco8\sim\demanda\veiculos.typ.xml'
Loading route-files incrementally from 'C:\Users\User\Desktop\tcc-bloco8\sim\saida\rotas\intenso_10.rou.xml'
Loading done.
Simulation version 1.27.1 started with time: 0.00.
Simulation ended at time: 3600.00.
Reason: TraCI requested termination.
Performance:
 Duration: 78.64s
 TraCI-Duration: 49.56s
 Real time factor: 45.7771
 UPS: 54633.808906
Vehicles:
 Inserted: 2290
 Running: 134
 Waiting: 0
 Emergency Braking: 1
Statistics (avg of 2156):
 RouteLength: 2035.83
 Speed: 10.60
 Duration: 193.42
 WaitingTime: 25.31
 TimeLoss: 45.45
 DepartDelay: 0.05
  [119/650] leve/PREEMPCAO_COMPENSADA/seed=10                    ok        1m19s · restam ~2h43m53s
***Starting server on port 59447 ***
Loading net-file from 'C:\Users\User\Desktop\tcc-bloco8\sim\config\../rede/malha.net.xml' ... done (7ms).
Loading additional-files from 'C:\Users\User\Desktop\tcc-bloco8\sim\saida\intenso_PREEMPCAO_10\malha.det.add.xml' ... done (43ms).
Loading route-files incrementally from 'C:\Users\User\Desktop\tcc-bloco8\sim\demanda\veiculos.typ.xml'
Loading route-files incrementally from 'C:\Users\User\Desktop\tcc-bloco8\sim\saida\rotas\intenso_10.rou.xml'
Loading done.
Simulation version 1.27.1 started with time: 0.00.
Simulation ended at time: 3600.00.
Reason: TraCI requested termination.
Performance:
 Duration: 127.73s
 TraCI-Duration: 53.65s
 Real time factor: 28.1851
 UPS: 84238.242502
Vehicles:
 Inserted: 5391
 Running: 313
 Waiting: 0
Statistics (avg of 5078):
 RouteLength: 2018.44
 Speed: 9.83
 Duration: 205.46
 WaitingTime: 23.48
 TimeLoss: 58.05
 DepartDelay: 0.07
  [120/650] multiplas_emergencias/PREEMPCAO_ML/seed=9            ok        2m08s · restam ~2h43m33s
***Starting server on port 59478 ***
Loading net-file from 'C:\Users\User\Desktop\tcc-bloco8\sim\config\../rede/malha.net.xml' ... done (11ms).
Loading additional-files from 'C:\Users\User\Desktop\tcc-bloco8\sim\saida\intenso_PREEMPCAO_COMPENSADA_10\malha.det.add.xml' ... done (69ms).
Loading route-files incrementally from 'C:\Users\User\Desktop\tcc-bloco8\sim\demanda\veiculos.typ.xml'
Loading route-files incrementally from 'C:\Users\User\Desktop\tcc-bloco8\sim\saida\rotas\intenso_10.rou.xml'
Loading done.
Simulation version 1.27.1 started with time: 0.00.
Simulation ended at time: 3600.00.
Reason: TraCI requested termination.
Performance:
 Duration: 131.54s
 TraCI-Duration: 54.33s
 Real time factor: 27.3675
 UPS: 79714.618034
Vehicles:
 Inserted: 5337
 Running: 256
 Waiting: 0
Statistics (avg of 5081):
 RouteLength: 2024.25
 Speed: 10.04
 Duration: 201.60
 WaitingTime: 21.88
 TimeLoss: 54.19
 DepartDelay: 0.06
  [121/650] moderado/PREEMPCAO/seed=10                           ok        2m12s · restam ~2h46m28s
***Starting server on port 59579 ***
Loading net-file from 'C:\Users\User\Desktop\tcc-bloco8\sim\config\../rede/malha.net.xml' ... done (8ms).
Loading additional-files from 'C:\Users\User\Desktop\tcc-bloco8\sim\saida\multiplas_emergencias_FIXO_10\malha.det.add.xml' ... done (82ms).
Loading route-files incrementally from 'C:\Users\User\Desktop\tcc-bloco8\sim\demanda\veiculos.typ.xml'
Loading route-files incrementally from 'C:\Users\User\Desktop\tcc-bloco8\sim\saida\rotas\multiplas_emergencias_10.rou.xml'
Loading done.
Simulation version 1.27.1 started with time: 0.00.
Simulation ended at time: 3600.00.
Reason: TraCI requested termination.
Performance:
 Duration: 159.54s
 TraCI-Duration: 56.51s
 Real time factor: 22.5656
 UPS: 76900.799198
Vehicles:
 Inserted: 5337
 Running: 329
 Waiting: 0
Statistics (avg of 5008):
 RouteLength: 2016.18
 Speed: 8.54
 Duration: 236.34
 WaitingTime: 41.35
 TimeLoss: 89.08
 DepartDelay: 0.06
  [122/650] moderado/FIXO/seed=10                                ok        2m40s · restam ~2h46m49s
***Starting server on port 59626 ***
Loading net-file from 'C:\Users\User\Desktop\tcc-bloco8\sim\config\../rede/malha.net.xml' ... done (12ms).
Loading additional-files from 'C:\Users\User\Desktop\tcc-bloco8\sim\saida\multiplas_emergencias_PREEMPCAO_10\malha.det.add.xml' ... done (80ms).
Loading route-files incrementally from 'C:\Users\User\Desktop\tcc-bloco8\sim\demanda\veiculos.typ.xml'
Loading route-files incrementally from 'C:\Users\User\Desktop\tcc-bloco8\sim\saida\rotas\multiplas_emergencias_10.rou.xml'
Loading done.
Simulation version 1.27.1 started with time: 0.00.
Simulation ended at time: 3600.00.
Reason: TraCI requested termination.
Performance:
 Duration: 150.69s
 TraCI-Duration: 60.65s
 Real time factor: 23.8896
 UPS: 71055.563298
Vehicles:
 Inserted: 5337
 Running: 270
 Waiting: 0
Statistics (avg of 5067):
 RouteLength: 2021.56
 Speed: 9.85
 Duration: 205.81
 WaitingTime: 24.80
 TimeLoss: 58.44
 DepartDelay: 0.06
  [123/650] moderado/PREEMPCAO_COMPENSADA/seed=10                ok        2m32s · restam ~2h47m06s
***Starting server on port 58906 ***
Loading net-file from 'C:\Users\User\Desktop\tcc-bloco8\sim\config\../rede/malha.net.xml' ... done (11ms).
Loading additional-files from 'C:\Users\User\Desktop\tcc-bloco8\sim\saida\multiplas_emergencias_PREEMPCAO_COMPENSADA_10\malha.det.add.xml' ... done (63ms).
Loading route-files incrementally from 'C:\Users\User\Desktop\tcc-bloco8\sim\demanda\veiculos.typ.xml'
Loading route-files incrementally from 'C:\Users\User\Desktop\tcc-bloco8\sim\saida\rotas\multiplas_emergencias_10.rou.xml'
Loading done.
Simulation version 1.27.1 started with time: 0.00.
Simulation ended at time: 3600.00.
Reason: TraCI requested termination.
Performance:
 Duration: 169.12s
 TraCI-Duration: 60.86s
 Real time factor: 21.2867
 UPS: 72680.581835
Vehicles:
 Inserted: 5343
 Running: 329
 Waiting: 0
Statistics (avg of 5014):
 RouteLength: 2016.76
 Speed: 8.53
 Duration: 236.53
 WaitingTime: 41.43
 TimeLoss: 89.28
 DepartDelay: 0.06
  [124/650] multiplas_emergencias/FIXO/seed=10                   ok        2m51s · restam ~2h53m37s
***Starting server on port 64590 ***
Loading net-file from 'C:\Users\User\Desktop\tcc-bloco8\sim\config\../rede/malha.net.xml' ... done (17ms).
Loading additional-files from 'C:\Users\User\Desktop\tcc-bloco8\sim\saida\multiplas_emergencias_PREEMPCAO_ML_10\malha.det.add.xml' ... done (68ms).
Loading route-files incrementally from 'C:\Users\User\Desktop\tcc-bloco8\sim\demanda\veiculos.typ.xml'
Loading route-files incrementally from 'C:\Users\User\Desktop\tcc-bloco8\sim\saida\rotas\multiplas_emergencias_10.rou.xml'
Loading done.
Simulation version 1.27.1 started with time: 0.00.
Simulation ended at time: 3600.00.
Reason: TraCI requested termination.
Performance:
 Duration: 146.31s
 TraCI-Duration: 60.73s
 Real time factor: 24.6046
 UPS: 72735.589212
Vehicles:
 Inserted: 5343
 Running: 269
 Waiting: 0
Statistics (avg of 5074):
 RouteLength: 2022.21
 Speed: 9.92
 Duration: 204.34
 WaitingTime: 24.01
 TimeLoss: 56.98
 DepartDelay: 0.06
  [125/650] multiplas_emergencias/PREEMPCAO/seed=10              ok        2m27s · restam ~2h52m13s
***Starting server on port 64600 ***
Loading net-file from 'C:\Users\User\Desktop\tcc-bloco8\sim\config\../rede/malha.net.xml' ... done (10ms).
Loading additional-files from 'C:\Users\User\Desktop\tcc-bloco8\sim\saida\leve_FIXO_11\malha.det.add.xml' ... done (57ms).
Loading route-files incrementally from 'C:\Users\User\Desktop\tcc-bloco8\sim\demanda\veiculos.typ.xml'
Loading route-files incrementally from 'C:\Users\User\Desktop\tcc-bloco8\sim\saida\rotas\leve_11.rou.xml'
Loading done.
Simulation version 1.27.1 started with time: 0.00.
Simulation ended at time: 3600.00.
Reason: TraCI requested termination.
Performance:
 Duration: 258.94s
 TraCI-Duration: 65.07s
 Real time factor: 13.9027
 UPS: 79899.012134
Vehicles:
 Inserted: 9200 (Loaded: 9201)
 Running: 546
 Waiting: 0
Statistics (avg of 8654):
 RouteLength: 2017.08
 Speed: 8.73
 Duration: 232.06
 WaitingTime: 28.78
 TimeLoss: 84.74
 DepartDelay: 0.09
  [126/650] intenso/PREEMPCAO/seed=10                            ok        4m20s · restam ~2h50m47s
***Starting server on port 64609 ***
Loading net-file from 'C:\Users\User\Desktop\tcc-bloco8\sim\config\../rede/malha.net.xml' ... done (13ms).
Loading additional-files from 'C:\Users\User\Desktop\tcc-bloco8\sim\saida\leve_PREEMPCAO_11\malha.det.add.xml' ... done (79ms).
Loading route-files incrementally from 'C:\Users\User\Desktop\tcc-bloco8\sim\demanda\veiculos.typ.xml'
Loading route-files incrementally from 'C:\Users\User\Desktop\tcc-bloco8\sim\saida\rotas\leve_11.rou.xml'
Loading done.
Simulation version 1.27.1 started with time: 0.00.
Simulation ended at time: 3600.00.
Reason: TraCI requested termination.
Performance:
 Duration: 276.34s
 TraCI-Duration: 63.42s
 Real time factor: 13.0275
 UPS: 79946.066245
Vehicles:
 Inserted: 9200 (Loaded: 9201)
 Running: 632
 Waiting: 0
Statistics (avg of 8568):
 RouteLength: 2011.00
 Speed: 8.09
 Duration: 247.85
 WaitingTime: 35.03
 TimeLoss: 100.64
 DepartDelay: 0.09
  [127/650] intenso/FIXO/seed=10                                 ok        4m37s · restam ~2h49m42s
***Starting server on port 64642 ***
Loading net-file from 'C:\Users\User\Desktop\tcc-bloco8\sim\config\../rede/malha.net.xml' ... done (10ms).
Loading additional-files from 'C:\Users\User\Desktop\tcc-bloco8\sim\saida\leve_PREEMPCAO_COMPENSADA_11\malha.det.add.xml' ... done (61ms).
Loading route-files incrementally from 'C:\Users\User\Desktop\tcc-bloco8\sim\demanda\veiculos.typ.xml'
Loading route-files incrementally from 'C:\Users\User\Desktop\tcc-bloco8\sim\saida\rotas\leve_11.rou.xml'
Loading done.
Simulation version 1.27.1 started with time: 0.00.
Simulation ended at time: 3600.00.
Reason: TraCI requested termination.
Performance:
 Duration: 139.82s
 TraCI-Duration: 58.43s
 Real time factor: 25.7467
 UPS: 76450.680856
Vehicles:
 Inserted: 5343
 Running: 260
 Waiting: 0
Statistics (avg of 5083):
 RouteLength: 2022.85
 Speed: 9.86
 Duration: 205.26
 WaitingTime: 24.62
 TimeLoss: 57.88
 DepartDelay: 0.06
  [128/650] multiplas_emergencias/PREEMPCAO_COMPENSADA/seed=10   ok        2m20s · restam ~2h48m38s
***Starting server on port 64668 ***
Loading net-file from 'C:\Users\User\Desktop\tcc-bloco8\sim\config\../rede/malha.net.xml' ... done (11ms).
Loading additional-files from 'C:\Users\User\Desktop\tcc-bloco8\sim\saida\moderado_FIXO_11\malha.det.add.xml' ... done (61ms).
Loading route-files incrementally from 'C:\Users\User\Desktop\tcc-bloco8\sim\demanda\veiculos.typ.xml'
Loading route-files incrementally from 'C:\Users\User\Desktop\tcc-bloco8\sim\saida\rotas\moderado_11.rou.xml'
Loading done.
Simulation version 1.27.1 started with time: 0.00.
Simulation ended at time: 3600.00.
Reason: TraCI requested termination.
Performance:
 Duration: 259.99s
 TraCI-Duration: 65.17s
 Real time factor: 13.8469
 UPS: 80548.283369
Vehicles:
 Inserted: 9200 (Loaded: 9201)
 Running: 533
 Waiting: 0
Statistics (avg of 8667):
 RouteLength: 2017.34
 Speed: 8.62
 Duration: 234.88
 WaitingTime: 31.23
 TimeLoss: 87.56
 DepartDelay: 0.09
  [129/650] intenso/PREEMPCAO_COMPENSADA/seed=10                 ok        4m21s · restam ~2h47m08s
***Starting server on port 64675 ***
Loading net-file from 'C:\Users\User\Desktop\tcc-bloco8\sim\config\../rede/malha.net.xml' ... done (8ms).
Loading additional-files from 'C:\Users\User\Desktop\tcc-bloco8\sim\saida\moderado_PREEMPCAO_11\malha.det.add.xml' ... done (46ms).
Loading route-files incrementally from 'C:\Users\User\Desktop\tcc-bloco8\sim\demanda\veiculos.typ.xml'
Loading route-files incrementally from 'C:\Users\User\Desktop\tcc-bloco8\sim\saida\rotas\moderado_11.rou.xml'
Loading done.
Simulation version 1.27.1 started with time: 0.00.
Simulation ended at time: 3600.00.
Reason: TraCI requested termination.
Performance:
 Duration: 70.29s
 TraCI-Duration: 45.49s
 Real time factor: 51.2164
 UPS: 58888.149097
Vehicles:
 Inserted: 2274
 Running: 122
 Waiting: 0
Statistics (avg of 2152):
 RouteLength: 2009.43
 Speed: 10.81
 Duration: 187.11
 WaitingTime: 21.82
 TimeLoss: 40.37
 DepartDelay: 0.05
  [130/650] leve/PREEMPCAO/seed=11                               ok        1m11s · restam ~2h49m02s
***Starting server on port 51709 ***
Loading net-file from 'C:\Users\User\Desktop\tcc-bloco8\sim\config\../rede/malha.net.xml' ... done (10ms).
Loading additional-files from 'C:\Users\User\Desktop\tcc-bloco8\sim\saida\moderado_PREEMPCAO_COMPENSADA_11\malha.det.add.xml' ... done (42ms).
Loading route-files incrementally from 'C:\Users\User\Desktop\tcc-bloco8\sim\demanda\veiculos.typ.xml'
Loading route-files incrementally from 'C:\Users\User\Desktop\tcc-bloco8\sim\saida\rotas\moderado_11.rou.xml'
Loading done.
Simulation version 1.27.1 started with time: 0.00.
Simulation ended at time: 3600.00.
Reason: TraCI requested termination.
Performance:
 Duration: 77.22s
 TraCI-Duration: 45.84s
 Real time factor: 46.6207
 UPS: 65267.654334
Vehicles:
 Inserted: 2274
 Running: 157
 Waiting: 0
Statistics (avg of 2117):
 RouteLength: 1996.69
 Speed: 8.79
 Duration: 228.45
 WaitingTime: 50.87
 TimeLoss: 82.02
 DepartDelay: 0.05
  [131/650] leve/FIXO/seed=11                                    ok        1m18s · restam ~2h47m37s
***Starting server on port 51719 ***
Loading net-file from 'C:\Users\User\Desktop\tcc-bloco8\sim\config\../rede/malha.net.xml' ... done (7ms).
Loading additional-files from 'C:\Users\User\Desktop\tcc-bloco8\sim\saida\intenso_FIXO_11\malha.det.add.xml' ... done (50ms).
Loading route-files incrementally from 'C:\Users\User\Desktop\tcc-bloco8\sim\demanda\veiculos.typ.xml'
Loading route-files incrementally from 'C:\Users\User\Desktop\tcc-bloco8\sim\saida\rotas\intenso_11.rou.xml'
Loading done.
Simulation version 1.27.1 started with time: 0.00.
Simulation ended at time: 3600.00.
Reason: TraCI requested termination.
Performance:
 Duration: 73.11s
 TraCI-Duration: 47.11s
 Real time factor: 49.2422
 UPS: 58082.521749
Vehicles:
 Inserted: 2274
 Running: 122
 Waiting: 0
Statistics (avg of 2152):
 RouteLength: 2008.50
 Speed: 10.51
 Duration: 192.06
 WaitingTime: 25.61
 TimeLoss: 45.33
 DepartDelay: 0.05
  [132/650] leve/PREEMPCAO_COMPENSADA/seed=11                    ok        1m14s · restam ~2h46m34s
***Starting server on port 51757 ***
Loading net-file from 'C:\Users\User\Desktop\tcc-bloco8\sim\config\../rede/malha.net.xml' ... done (7ms).
Loading additional-files from 'C:\Users\User\Desktop\tcc-bloco8\sim\saida\intenso_PREEMPCAO_11\malha.det.add.xml' ... done (65ms).
Loading route-files incrementally from 'C:\Users\User\Desktop\tcc-bloco8\sim\demanda\veiculos.typ.xml'
Loading route-files incrementally from 'C:\Users\User\Desktop\tcc-bloco8\sim\saida\rotas\intenso_11.rou.xml'
Loading done.
Simulation version 1.27.1 started with time: 0.00.
Simulation ended at time: 3600.00.
Reason: TraCI requested termination.
Performance:
 Duration: 113.37s
 TraCI-Duration: 49.45s
 Real time factor: 31.7553
 UPS: 93059.400002
Vehicles:
 Inserted: 5343
 Running: 252
 Waiting: 0
Statistics (avg of 5091):
 RouteLength: 2024.77
 Speed: 10.00
 Duration: 202.61
 WaitingTime: 23.13
 TimeLoss: 55.20
 DepartDelay: 0.06
  [133/650] multiplas_emergencias/PREEMPCAO_ML/seed=10           ok        1m54s · restam ~2h46m31s
***Starting server on port 62749 ***
Loading net-file from 'C:\Users\User\Desktop\tcc-bloco8\sim\config\../rede/malha.net.xml' ... done (6ms).
Loading additional-files from 'C:\Users\User\Desktop\tcc-bloco8\sim\saida\intenso_PREEMPCAO_COMPENSADA_11\malha.det.add.xml' ... done (43ms).
Loading route-files incrementally from 'C:\Users\User\Desktop\tcc-bloco8\sim\demanda\veiculos.typ.xml'
Loading route-files incrementally from 'C:\Users\User\Desktop\tcc-bloco8\sim\saida\rotas\intenso_11.rou.xml'
Loading done.
Simulation version 1.27.1 started with time: 0.00.
Simulation ended at time: 3600.00.
Reason: TraCI requested termination.
Performance:
 Duration: 112.81s
 TraCI-Duration: 48.82s
 Real time factor: 31.9118
 UPS: 92341.349691
Vehicles:
 Inserted: 5331
 Running: 325
 Waiting: 0
Statistics (avg of 5006):
 RouteLength: 2014.79
 Speed: 10.03
 Duration: 201.74
 WaitingTime: 23.49
 TimeLoss: 54.74
 DepartDelay: 0.06
  [134/650] moderado/PREEMPCAO/seed=11                           ok        1m53s · restam ~2h46m40s
***Starting server on port 62833 ***
Loading net-file from 'C:\Users\User\Desktop\tcc-bloco8\sim\config\../rede/malha.net.xml' ... done (10ms).
Loading additional-files from 'C:\Users\User\Desktop\tcc-bloco8\sim\saida\multiplas_emergencias_FIXO_11\malha.det.add.xml' ... done (57ms).
Loading route-files incrementally from 'C:\Users\User\Desktop\tcc-bloco8\sim\demanda\veiculos.typ.xml'
Loading route-files incrementally from 'C:\Users\User\Desktop\tcc-bloco8\sim\saida\rotas\multiplas_emergencias_11.rou.xml'
Loading done.
Simulation version 1.27.1 started with time: 0.00.
Simulation ended at time: 3600.00.
Reason: TraCI requested termination.
Performance:
 Duration: 128.54s
 TraCI-Duration: 48.94s
 Real time factor: 28.0071
 UPS: 94080.496970
Vehicles:
 Inserted: 5331
 Running: 413
 Waiting: 0
Statistics (avg of 4918):
 RouteLength: 2004.98
 Speed: 8.55
 Duration: 234.66
 WaitingTime: 41.29
 TimeLoss: 87.92
 DepartDelay: 0.06
  [135/650] moderado/FIXO/seed=11                                ok        2m09s · restam ~2h45m59s
***Starting server on port 62893 ***
Loading net-file from 'C:\Users\User\Desktop\tcc-bloco8\sim\config\../rede/malha.net.xml' ... done (6ms).
Loading additional-files from 'C:\Users\User\Desktop\tcc-bloco8\sim\saida\multiplas_emergencias_PREEMPCAO_11\malha.det.add.xml' ... done (43ms).
Loading route-files incrementally from 'C:\Users\User\Desktop\tcc-bloco8\sim\demanda\veiculos.typ.xml'
Loading route-files incrementally from 'C:\Users\User\Desktop\tcc-bloco8\sim\saida\rotas\multiplas_emergencias_11.rou.xml'
Loading done.
Simulation version 1.27.1 started with time: 0.00.
Simulation ended at time: 3600.00.
Reason: TraCI requested termination.
Performance:
 Duration: 119.24s
 TraCI-Duration: 50.67s
 Real time factor: 30.1915
 UPS: 90753.838929
Vehicles:
 Inserted: 5331
 Running: 340
 Waiting: 0
Statistics (avg of 4991):
 RouteLength: 2014.75
 Speed: 9.60
 Duration: 209.84
 WaitingTime: 26.93
 TimeLoss: 62.82
 DepartDelay: 0.06
  [136/650] moderado/PREEMPCAO_COMPENSADA/seed=11                ok        2m00s · restam ~2h47m17s
***Starting server on port 50971 ***
Loading net-file from 'C:\Users\User\Desktop\tcc-bloco8\sim\config\../rede/malha.net.xml' ... done (11ms).
Loading additional-files from 'C:\Users\User\Desktop\tcc-bloco8\sim\saida\multiplas_emergencias_PREEMPCAO_COMPENSADA_11\malha.det.add.xml' ... done (40ms).
Loading route-files incrementally from 'C:\Users\User\Desktop\tcc-bloco8\sim\demanda\veiculos.typ.xml'
Loading route-files incrementally from 'C:\Users\User\Desktop\tcc-bloco8\sim\saida\rotas\multiplas_emergencias_11.rou.xml'
Loading done.
Simulation version 1.27.1 started with time: 0.00.
Simulation ended at time: 3600.00.
Reason: TraCI requested termination.
Performance:
 Duration: 111.40s
 TraCI-Duration: 50.15s
 Real time factor: 32.3168
 UPS: 92113.001248
Vehicles:
 Inserted: 5337
 Running: 337
 Waiting: 0
Statistics (avg of 5000):
 RouteLength: 2012.22
 Speed: 10.21
 Duration: 198.19
 WaitingTime: 20.89
 TimeLoss: 51.29
 DepartDelay: 0.06
  [137/650] multiplas_emergencias/PREEMPCAO/seed=11              ok        1m52s · restam ~2h49m57s
***Starting server on port 54276 ***
Loading net-file from 'C:\Users\User\Desktop\tcc-bloco8\sim\config\../rede/malha.net.xml' ... done (12ms).
Loading additional-files from 'C:\Users\User\Desktop\tcc-bloco8\sim\saida\multiplas_emergencias_PREEMPCAO_ML_11\malha.det.add.xml' ... done (58ms).
Loading route-files incrementally from 'C:\Users\User\Desktop\tcc-bloco8\sim\demanda\veiculos.typ.xml'
Loading route-files incrementally from 'C:\Users\User\Desktop\tcc-bloco8\sim\saida\rotas\multiplas_emergencias_11.rou.xml'
Loading done.
Simulation version 1.27.1 started with time: 0.00.
Simulation ended at time: 3600.00.
Reason: TraCI requested termination.
Performance:
 Duration: 128.20s
 TraCI-Duration: 49.90s
 Real time factor: 28.0816
 UPS: 94455.880747
Vehicles:
 Inserted: 5337
 Running: 413
 Waiting: 0
Statistics (avg of 4924):
 RouteLength: 2005.58
 Speed: 8.55
 Duration: 234.70
 WaitingTime: 41.32
 TimeLoss: 87.97
 DepartDelay: 0.06
  [138/650] multiplas_emergencias/FIXO/seed=11                   ok        2m09s · restam ~2h48m35s
***Starting server on port 54290 ***
Loading net-file from 'C:\Users\User\Desktop\tcc-bloco8\sim\config\../rede/malha.net.xml' ... done (7ms).
Loading additional-files from 'C:\Users\User\Desktop\tcc-bloco8\sim\saida\leve_FIXO_12\malha.det.add.xml' ... done (50ms).
Loading route-files incrementally from 'C:\Users\User\Desktop\tcc-bloco8\sim\demanda\veiculos.typ.xml'
Loading route-files incrementally from 'C:\Users\User\Desktop\tcc-bloco8\sim\saida\rotas\leve_12.rou.xml'
Loading done.
Simulation version 1.27.1 started with time: 0.00.
Simulation ended at time: 3600.00.
Reason: TraCI requested termination.
Performance:
 Duration: 199.19s
 TraCI-Duration: 53.87s
 Real time factor: 18.0729
 UPS: 103125.370871
Vehicles:
 Inserted: 9155
 Running: 582
 Waiting: 0
Statistics (avg of 8573):
 RouteLength: 2023.31
 Speed: 8.76
 Duration: 231.32
 WaitingTime: 29.07
 TimeLoss: 83.97
 DepartDelay: 0.09
  [139/650] intenso/PREEMPCAO/seed=11                            ok        3m20s · restam ~2h48m19s
***Starting server on port 56007 ***
Loading net-file from 'C:\Users\User\Desktop\tcc-bloco8\sim\config\../rede/malha.net.xml' ... done (8ms).
Loading additional-files from 'C:\Users\User\Desktop\tcc-bloco8\sim\saida\leve_PREEMPCAO_12\malha.det.add.xml' ... done (42ms).
Loading route-files incrementally from 'C:\Users\User\Desktop\tcc-bloco8\sim\demanda\veiculos.typ.xml'
Loading route-files incrementally from 'C:\Users\User\Desktop\tcc-bloco8\sim\saida\rotas\leve_12.rou.xml'
Loading done.
Simulation version 1.27.1 started with time: 0.00.
Simulation ended at time: 3600.00.
Reason: TraCI requested termination.
Performance:
 Duration: 213.99s
 TraCI-Duration: 52.59s
 Real time factor: 16.8235
 UPS: 102598.531687
Vehicles:
 Inserted: 9155
 Running: 637
 Waiting: 0
Statistics (avg of 8518):
 RouteLength: 2016.63
 Speed: 8.13
 Duration: 247.52
 WaitingTime: 35.32
 TimeLoss: 100.33
 DepartDelay: 0.09
  [140/650] intenso/FIXO/seed=11                                 ok        3m35s · restam ~2h47m11s
***Starting server on port 56024 ***
Loading net-file from 'C:\Users\User\Desktop\tcc-bloco8\sim\config\../rede/malha.net.xml' ... done (6ms).
Loading additional-files from 'C:\Users\User\Desktop\tcc-bloco8\sim\saida\leve_PREEMPCAO_COMPENSADA_12\malha.det.add.xml' ... done (43ms).
Loading route-files incrementally from 'C:\Users\User\Desktop\tcc-bloco8\sim\demanda\veiculos.typ.xml'
Loading route-files incrementally from 'C:\Users\User\Desktop\tcc-bloco8\sim\saida\rotas\leve_12.rou.xml'
Loading done.
Simulation version 1.27.1 started with time: 0.00.
Simulation ended at time: 3600.00.
Reason: TraCI requested termination.
Performance:
 Duration: 116.55s
 TraCI-Duration: 51.22s
 Real time factor: 30.888
 UPS: 91798.567139
Vehicles:
 Inserted: 5337
 Running: 337
 Waiting: 0
Statistics (avg of 5000):
 RouteLength: 2014.61
 Speed: 9.75
 Duration: 207.08
 WaitingTime: 26.15
 TimeLoss: 60.11
 DepartDelay: 0.06
  [141/650] multiplas_emergencias/PREEMPCAO_COMPENSADA/seed=11   ok        1m57s · restam ~2h46m52s
***Starting server on port 56183 ***
Loading net-file from 'C:\Users\User\Desktop\tcc-bloco8\sim\config\../rede/malha.net.xml' ... done (12ms).
Loading additional-files from 'C:\Users\User\Desktop\tcc-bloco8\sim\saida\moderado_FIXO_12\malha.det.add.xml' ... done (61ms).
Loading route-files incrementally from 'C:\Users\User\Desktop\tcc-bloco8\sim\demanda\veiculos.typ.xml'
Loading route-files incrementally from 'C:\Users\User\Desktop\tcc-bloco8\sim\saida\rotas\moderado_12.rou.xml'
Loading done.
Simulation version 1.27.1 started with time: 0.00.
Simulation ended at time: 3600.00.
Reason: TraCI requested termination.
Performance:
 Duration: 203.86s
 TraCI-Duration: 54.58s
 Real time factor: 17.6591
 UPS: 104199.817523
Vehicles:
 Inserted: 9155
 Running: 573
 Waiting: 0
Statistics (avg of 8582):
 RouteLength: 2020.54
 Speed: 8.48
 Duration: 239.38
 WaitingTime: 32.93
 TimeLoss: 92.12
 DepartDelay: 0.09
  [142/650] intenso/PREEMPCAO_COMPENSADA/seed=11                 ok        3m25s · restam ~2h45m28s
***Starting server on port 56189 ***
Loading net-file from 'C:\Users\User\Desktop\tcc-bloco8\sim\config\../rede/malha.net.xml' ... done (7ms).
Loading additional-files from 'C:\Users\User\Desktop\tcc-bloco8\sim\saida\moderado_PREEMPCAO_12\malha.det.add.xml' ... done (51ms).
Loading route-files incrementally from 'C:\Users\User\Desktop\tcc-bloco8\sim\demanda\veiculos.typ.xml'
Loading route-files incrementally from 'C:\Users\User\Desktop\tcc-bloco8\sim\saida\rotas\moderado_12.rou.xml'
Loading done.
Simulation version 1.27.1 started with time: 0.00.
Simulation ended at time: 3600.00.
Reason: TraCI requested termination.
Performance:
 Duration: 77.79s
 TraCI-Duration: 46.15s
 Real time factor: 46.2814
 UPS: 65791.707913
Vehicles:
 Inserted: 2277
 Running: 140
 Waiting: 0
Statistics (avg of 2137):
 RouteLength: 2006.43
 Speed: 8.72
 Duration: 231.10
 WaitingTime: 51.92
 TimeLoss: 83.77
 DepartDelay: 0.05
  [143/650] leve/FIXO/seed=12                                    ok        1m19s · restam ~2h45m48s
***Starting server on port 56344 ***
Loading net-file from 'C:\Users\User\Desktop\tcc-bloco8\sim\config\../rede/malha.net.xml' ... done (6ms).
Loading additional-files from 'C:\Users\User\Desktop\tcc-bloco8\sim\saida\moderado_PREEMPCAO_COMPENSADA_12\malha.det.add.xml' ... done (45ms).
Loading route-files incrementally from 'C:\Users\User\Desktop\tcc-bloco8\sim\demanda\veiculos.typ.xml'
Loading route-files incrementally from 'C:\Users\User\Desktop\tcc-bloco8\sim\saida\rotas\moderado_12.rou.xml'
Loading done.
Simulation version 1.27.1 started with time: 0.00.
Simulation ended at time: 3600.00.
Reason: TraCI requested termination.
Performance:
 Duration: 72.62s
 TraCI-Duration: 45.63s
 Real time factor: 49.5759
 UPS: 57775.986009
Vehicles:
 Inserted: 2277
 Running: 108
 Waiting: 0
Statistics (avg of 2169):
 RouteLength: 2017.33
 Speed: 10.75
 Duration: 188.92
 WaitingTime: 22.34
 TimeLoss: 41.36
 DepartDelay: 0.05
  [144/650] leve/PREEMPCAO/seed=12                               ok        1m15s · restam ~2h45m19s
***Starting server on port 56407 ***
Loading net-file from 'C:\Users\User\Desktop\tcc-bloco8\sim\config\../rede/malha.net.xml' ... done (8ms).
Loading additional-files from 'C:\Users\User\Desktop\tcc-bloco8\sim\saida\intenso_FIXO_12\malha.det.add.xml' ... done (38ms).
Loading route-files incrementally from 'C:\Users\User\Desktop\tcc-bloco8\sim\demanda\veiculos.typ.xml'
Loading route-files incrementally from 'C:\Users\User\Desktop\tcc-bloco8\sim\saida\rotas\intenso_12.rou.xml'
Loading done.
Simulation version 1.27.1 started with time: 0.00.
Simulation ended at time: 3600.00.
Reason: TraCI requested termination.
Performance:
 Duration: 76.08s
 TraCI-Duration: 46.46s
 Real time factor: 47.3161
 UPS: 56256.834551
Vehicles:
 Inserted: 2277
 Running: 113
 Waiting: 0
Statistics (avg of 2164):
 RouteLength: 2018.07
 Speed: 10.51
 Duration: 192.87
 WaitingTime: 25.31
 TimeLoss: 45.29
 DepartDelay: 0.05
Simulation ended at time: 3600.00.
Reason: TraCI requested termination.
Performance:
 Duration: 107.44s
 TraCI-Duration: 48.11s
 Real time factor: 33.5061
 UPS: 95498.487570
Vehicles:
 Inserted: 5337
 Running: 344
 Waiting: 0
Statistics (avg of 4993):
 RouteLength: 2015.74
 Speed: 10.20
 Duration: 198.35
 WaitingTime: 21.42
 TimeLoss: 51.35
 DepartDelay: 0.06
  [145/650] leve/PREEMPCAO_COMPENSADA/seed=12                    ok        1m18s · restam ~2h44m25s
  [146/650] multiplas_emergencias/PREEMPCAO_ML/seed=11           ok        1m53s · restam ~2h43m11s
***Starting server on port 56535 ***
***Starting server on port 56538 ***
Loading net-file from 'C:\Users\User\Desktop\tcc-bloco8\sim\config\../rede/malha.net.xml' ... done (9ms).
Loading additional-files from 'C:\Users\User\Desktop\tcc-bloco8\sim\saida\intenso_PREEMPCAO_12\malha.det.add.xml' ...Loading net-file from 'C:\Users\User\Desktop\tcc-bloco8\sim\config\../rede/malha.net.xml' ... done (10ms).
 done (292ms).
Loading route-files incrementally from 'C:\Users\User\Desktop\tcc-bloco8\sim\demanda\veiculos.typ.xml'
Loading route-files incrementally from 'C:\Users\User\Desktop\tcc-bloco8\sim\saida\rotas\intenso_12.rou.xml'
Loading done.
Simulation version 1.27.1 started with time: 0.00.
Loading additional-files from 'C:\Users\User\Desktop\tcc-bloco8\sim\saida\intenso_PREEMPCAO_COMPENSADA_12\malha.det.add.xml' ... done (42ms).
Loading route-files incrementally from 'C:\Users\User\Desktop\tcc-bloco8\sim\demanda\veiculos.typ.xml'
Loading route-files incrementally from 'C:\Users\User\Desktop\tcc-bloco8\sim\saida\rotas\intenso_12.rou.xml'
Loading done.
Simulation version 1.27.1 started with time: 0.00.
Simulation ended at time: 3600.00.
Reason: TraCI requested termination.
Performance:
 Duration: 110.91s
 TraCI-Duration: 47.54s
 Real time factor: 32.4596
 UPS: 92698.224639
Vehicles:
 Inserted: 5245
 Running: 283
 Waiting: 0
Statistics (avg of 4962):
 RouteLength: 2021.80
 Speed: 10.09
 Duration: 201.62
 WaitingTime: 22.65
 TimeLoss: 54.03
 DepartDelay: 0.06
  [147/650] moderado/PREEMPCAO/seed=12                           ok        1m52s · restam ~2h44m40s
***Starting server on port 56747 ***
Loading net-file from 'C:\Users\User\Desktop\tcc-bloco8\sim\config\../rede/malha.net.xml' ... done (7ms).
Loading additional-files from 'C:\Users\User\Desktop\tcc-bloco8\sim\saida\multiplas_emergencias_FIXO_12\malha.det.add.xml' ... done (41ms).
Loading route-files incrementally from 'C:\Users\User\Desktop\tcc-bloco8\sim\demanda\veiculos.typ.xml'
Loading route-files incrementally from 'C:\Users\User\Desktop\tcc-bloco8\sim\saida\rotas\multiplas_emergencias_12.rou.xml'
Loading done.
Simulation version 1.27.1 started with time: 0.00.
Simulation ended at time: 3600.00.
Reason: TraCI requested termination.
Performance:
 Duration: 122.39s
 TraCI-Duration: 47.36s
 Real time factor: 29.4142
 UPS: 98062.627666
Vehicles:
 Inserted: 5245
 Running: 362
 Waiting: 0
Statistics (avg of 4883):
 RouteLength: 2011.08
 Speed: 8.54
 Duration: 235.84
 WaitingTime: 41.61
 TimeLoss: 88.51
 DepartDelay: 0.06
  [148/650] moderado/FIXO/seed=12                                ok        2m03s · restam ~2h43m46s
***Starting server on port 56787 ***
Loading net-file from 'C:\Users\User\Desktop\tcc-bloco8\sim\config\../rede/malha.net.xml' ... done (11ms).
Loading additional-files from 'C:\Users\User\Desktop\tcc-bloco8\sim\saida\multiplas_emergencias_PREEMPCAO_12\malha.det.add.xml' ... done (60ms).
Loading route-files incrementally from 'C:\Users\User\Desktop\tcc-bloco8\sim\demanda\veiculos.typ.xml'
Loading route-files incrementally from 'C:\Users\User\Desktop\tcc-bloco8\sim\saida\rotas\multiplas_emergencias_12.rou.xml'
Loading done.
Simulation version 1.27.1 started with time: 0.00.
Simulation ended at time: 3600.00.
Reason: TraCI requested termination.
Performance:
 Duration: 118.89s
 TraCI-Duration: 49.16s
 Real time factor: 30.2793
 UPS: 88187.109418
Vehicles:
 Inserted: 5245
 Running: 288
 Waiting: 0
Statistics (avg of 4957):
 RouteLength: 2020.12
 Speed: 9.86
 Duration: 205.70
 WaitingTime: 24.57
 TimeLoss: 58.16
 DepartDelay: 0.06
  [149/650] moderado/PREEMPCAO_COMPENSADA/seed=12                ok        2m00s · restam ~2h44m01s
***Starting server on port 56965 ***
Loading net-file from 'C:\Users\User\Desktop\tcc-bloco8\sim\config\../rede/malha.net.xml' ... done (10ms).
Loading additional-files from 'C:\Users\User\Desktop\tcc-bloco8\sim\saida\multiplas_emergencias_PREEMPCAO_COMPENSADA_12\malha.det.add.xml' ... done (57ms).
Loading route-files incrementally from 'C:\Users\User\Desktop\tcc-bloco8\sim\demanda\veiculos.typ.xml'
Loading route-files incrementally from 'C:\Users\User\Desktop\tcc-bloco8\sim\saida\rotas\multiplas_emergencias_12.rou.xml'
Loading done.
Simulation version 1.27.1 started with time: 0.00.
Simulation ended at time: 3600.00.
Reason: TraCI requested termination.
Performance:
 Duration: 109.59s
 TraCI-Duration: 48.78s
 Real time factor: 32.85
 UPS: 93767.869038
Vehicles:
 Inserted: 5251
 Running: 306
 Waiting: 0
Statistics (avg of 4945):
 RouteLength: 2019.57
 Speed: 10.09
 Duration: 201.16
 WaitingTime: 22.55
 TimeLoss: 53.66
 DepartDelay: 0.06
  [150/650] multiplas_emergencias/PREEMPCAO/seed=12              ok        1m50s · restam ~2h47m06s
***Starting server on port 63797 ***
Loading net-file from 'C:\Users\User\Desktop\tcc-bloco8\sim\config\../rede/malha.net.xml' ... done (10ms).
Loading additional-files from 'C:\Users\User\Desktop\tcc-bloco8\sim\saida\multiplas_emergencias_PREEMPCAO_ML_12\malha.det.add.xml' ... done (66ms).
Loading route-files incrementally from 'C:\Users\User\Desktop\tcc-bloco8\sim\demanda\veiculos.typ.xml'
Loading route-files incrementally from 'C:\Users\User\Desktop\tcc-bloco8\sim\saida\rotas\multiplas_emergencias_12.rou.xml'
Loading done.
Simulation version 1.27.1 started with time: 0.00.
Simulation ended at time: 3600.00.
Reason: TraCI requested termination.
Performance:
 Duration: 124.93s
 TraCI-Duration: 48.94s
 Real time factor: 28.8171
 UPS: 96205.033380
Vehicles:
 Inserted: 5251
 Running: 362
 Waiting: 0
Statistics (avg of 4889):
 RouteLength: 2011.67
 Speed: 8.54
 Duration: 235.89
 WaitingTime: 41.64
 TimeLoss: 88.57
 DepartDelay: 0.06
  [151/650] multiplas_emergencias/FIXO/seed=12                   ok        2m06s · restam ~2h45m58s
***Starting server on port 63812 ***
Loading net-file from 'C:\Users\User\Desktop\tcc-bloco8\sim\config\../rede/malha.net.xml' ... done (8ms).
Loading additional-files from 'C:\Users\User\Desktop\tcc-bloco8\sim\saida\leve_FIXO_13\malha.det.add.xml' ... done (44ms).
Loading route-files incrementally from 'C:\Users\User\Desktop\tcc-bloco8\sim\demanda\veiculos.typ.xml'
Loading route-files incrementally from 'C:\Users\User\Desktop\tcc-bloco8\sim\saida\rotas\leve_13.rou.xml'
Loading done.
Simulation version 1.27.1 started with time: 0.00.
Simulation ended at time: 3600.00.
Reason: TraCI requested termination.
Performance:
 Duration: 202.56s
 TraCI-Duration: 51.42s
 Real time factor: 17.7722
 UPS: 107284.820031
Vehicles:
 Inserted: 9096 (Loaded: 9097)
 Running: 603
 Waiting: 0
Statistics (avg of 8493):
 RouteLength: 2010.05
 Speed: 8.13
 Duration: 246.60
 WaitingTime: 34.84
 TimeLoss: 99.44
 DepartDelay: 0.09
  [152/650] intenso/FIXO/seed=12                                 ok        3m24s · restam ~2h45m18s
***Starting server on port 64111 ***
Loading net-file from 'C:\Users\User\Desktop\tcc-bloco8\sim\config\../rede/malha.net.xml' ... done (6ms).
Loading additional-files from 'C:\Users\User\Desktop\tcc-bloco8\sim\saida\leve_PREEMPCAO_13\malha.det.add.xml' ... done (42ms).
Loading route-files incrementally from 'C:\Users\User\Desktop\tcc-bloco8\sim\demanda\veiculos.typ.xml'
Loading route-files incrementally from 'C:\Users\User\Desktop\tcc-bloco8\sim\saida\rotas\leve_13.rou.xml'
Loading done.
Simulation version 1.27.1 started with time: 0.00.
Simulation ended at time: 3600.00.
Reason: TraCI requested termination.
Performance:
 Duration: 191.91s
 TraCI-Duration: 52.35s
 Real time factor: 18.7586
 UPS: 107126.651799
Vehicles:
 Inserted: 9096 (Loaded: 9097)
 Running: 542
 Waiting: 0
Statistics (avg of 8554):
 RouteLength: 2015.84
 Speed: 8.66
 Duration: 233.25
 WaitingTime: 29.22
 TimeLoss: 85.93
 DepartDelay: 0.09
  [153/650] intenso/PREEMPCAO/seed=12                            ok        3m19s · restam ~2h44m08s
***Starting server on port 64122 ***
Loading net-file from 'C:\Users\User\Desktop\tcc-bloco8\sim\config\../rede/malha.net.xml' ... done (6ms).
Loading additional-files from 'C:\Users\User\Desktop\tcc-bloco8\sim\saida\leve_PREEMPCAO_COMPENSADA_13\malha.det.add.xml' ... done (42ms).
Loading route-files incrementally from 'C:\Users\User\Desktop\tcc-bloco8\sim\demanda\veiculos.typ.xml'
Loading route-files incrementally from 'C:\Users\User\Desktop\tcc-bloco8\sim\saida\rotas\leve_13.rou.xml'
Loading done.
Simulation version 1.27.1 started with time: 0.00.
Simulation ended at time: 3600.00.
Reason: TraCI requested termination.
Performance:
 Duration: 200.52s
 TraCI-Duration: 54.19s
 Real time factor: 17.9533
 UPS: 105585.747058
Vehicles:
 Inserted: 9096 (Loaded: 9097)
 Running: 588
 Waiting: 0
Statistics (avg of 8508):
 RouteLength: 2012.78
 Speed: 8.37
 Duration: 240.23
 WaitingTime: 33.47
 TimeLoss: 93.01
 DepartDelay: 0.09
  [154/650] intenso/PREEMPCAO_COMPENSADA/seed=12                 ok        3m24s · restam ~2h43m13s
***Starting server on port 64141 ***
Simulation ended at time: 3600.00.
Reason: TraCI requested termination.
Performance:
 Duration: 113.91s
 TraCI-Duration: 50.03s
 Real time factor: 31.605
 UPS: 93334.626798
Vehicles:
 Inserted: 5251
 Running: 315
 Waiting: 0
Statistics (avg of 4936):
 RouteLength: 2018.30
 Speed: 9.72
 Duration: 208.30
 WaitingTime: 26.02
 TimeLoss: 60.83
 DepartDelay: 0.06
Loading net-file from 'C:\Users\User\Desktop\tcc-bloco8\sim\config\../rede/malha.net.xml' ... done (9ms).
Loading additional-files from 'C:\Users\User\Desktop\tcc-bloco8\sim\saida\moderado_FIXO_13\malha.det.add.xml' ... done (44ms).
Loading route-files incrementally from 'C:\Users\User\Desktop\tcc-bloco8\sim\demanda\veiculos.typ.xml'
Loading route-files incrementally from 'C:\Users\User\Desktop\tcc-bloco8\sim\saida\rotas\moderado_13.rou.xml'
Loading done.
Simulation version 1.27.1 started with time: 0.00.
  [155/650] multiplas_emergencias/PREEMPCAO_COMPENSADA/seed=12   ok        1m55s · restam ~2h41m54s
***Starting server on port 64150 ***
Loading net-file from 'C:\Users\User\Desktop\tcc-bloco8\sim\config\../rede/malha.net.xml' ... done (7ms).
Loading additional-files from 'C:\Users\User\Desktop\tcc-bloco8\sim\saida\moderado_PREEMPCAO_13\malha.det.add.xml' ... done (54ms).
Loading route-files incrementally from 'C:\Users\User\Desktop\tcc-bloco8\sim\demanda\veiculos.typ.xml'
Loading route-files incrementally from 'C:\Users\User\Desktop\tcc-bloco8\sim\saida\rotas\moderado_13.rou.xml'
Loading done.
Simulation version 1.27.1 started with time: 0.00.
Warning: Vehicle 'A2_LESTE_carro_0171' performs emergency braking on lane 'A2_L1_0' with decel=9.00, wished=4.50, severity=1.00, time=2040.00.
Simulation ended at time: 3600.00.
Reason: TraCI requested termination.
Performance:
 Duration: 79.64s
 TraCI-Duration: 45.78s
 Real time factor: 45.204
 UPS: 64479.790053
Vehicles:
 Inserted: 2268 (Loaded: 2269)
 Running: 144
 Waiting: 0
Statistics (avg of 2124):
 RouteLength: 2031.70
 Speed: 8.80
 Duration: 232.61
 WaitingTime: 52.60
 TimeLoss: 84.72
 DepartDelay: 0.05
  [156/650] leve/FIXO/seed=13                                    ok        1m20s · restam ~2h43m18s
***Starting server on port 59406 ***
Loading net-file from 'C:\Users\User\Desktop\tcc-bloco8\sim\config\../rede/malha.net.xml' ... done (7ms).
Loading additional-files from 'C:\Users\User\Desktop\tcc-bloco8\sim\saida\moderado_PREEMPCAO_COMPENSADA_13\malha.det.add.xml' ... done (76ms).
Loading route-files incrementally from 'C:\Users\User\Desktop\tcc-bloco8\sim\demanda\veiculos.typ.xml'
Loading route-files incrementally from 'C:\Users\User\Desktop\tcc-bloco8\sim\saida\rotas\moderado_13.rou.xml'
Loading done.
Simulation version 1.27.1 started with time: 0.00.
Simulation ended at time: 3600.00.
Reason: TraCI requested termination.
Performance:
 Duration: 75.75s
 TraCI-Duration: 47.25s
 Real time factor: 47.5241
 UPS: 56442.898444
Vehicles:
 Inserted: 2268 (Loaded: 2269)
 Running: 106
 Waiting: 0
 Emergency Braking: 1
Statistics (avg of 2162):
 RouteLength: 2042.62
 Speed: 10.62
 Duration: 193.11
 WaitingTime: 24.49
 TimeLoss: 45.03
 DepartDelay: 0.05
  [157/650] leve/PREEMPCAO/seed=13                               ok        1m16s · restam ~2h42m27s
***Starting server on port 59428 ***
Loading net-file from 'C:\Users\User\Desktop\tcc-bloco8\sim\config\../rede/malha.net.xml' ... done (8ms).
Loading additional-files from 'C:\Users\User\Desktop\tcc-bloco8\sim\saida\intenso_FIXO_13\malha.det.add.xml' ... done (35ms).
Loading route-files incrementally from 'C:\Users\User\Desktop\tcc-bloco8\sim\demanda\veiculos.typ.xml'
Loading route-files incrementally from 'C:\Users\User\Desktop\tcc-bloco8\sim\saida\rotas\intenso_13.rou.xml'
Loading done.
Simulation version 1.27.1 started with time: 0.00.
Simulation ended at time: 3600.00.
Reason: TraCI requested termination.
Performance:
 Duration: 77.22s
 TraCI-Duration: 47.74s
 Real time factor: 46.6207
 UPS: 55154.508605
Vehicles:
 Inserted: 2268 (Loaded: 2269)
 Running: 109
 Waiting: 0
Statistics (avg of 2159):
 RouteLength: 2041.53
 Speed: 10.67
 Duration: 192.33
 WaitingTime: 24.25
 TimeLoss: 44.27
 DepartDelay: 0.05
  [158/650] leve/PREEMPCAO_COMPENSADA/seed=13                    ok        1m18s · restam ~2h41m24s
***Starting server on port 59436 ***
Loading net-file from 'C:\Users\User\Desktop\tcc-bloco8\sim\config\../rede/malha.net.xml' ... done (6ms).
Loading additional-files from 'C:\Users\User\Desktop\tcc-bloco8\sim\saida\intenso_PREEMPCAO_13\malha.det.add.xml' ... done (43ms).
Loading route-files incrementally from 'C:\Users\User\Desktop\tcc-bloco8\sim\demanda\veiculos.typ.xml'
Loading route-files incrementally from 'C:\Users\User\Desktop\tcc-bloco8\sim\saida\rotas\intenso_13.rou.xml'
Loading done.
Simulation version 1.27.1 started with time: 0.00.
Simulation ended at time: 3600.00.
Reason: TraCI requested termination.
Performance:
 Duration: 109.63s
 TraCI-Duration: 48.94s
 Real time factor: 32.8386
 UPS: 92433.469857
Vehicles:
 Inserted: 5251
 Running: 312
 Waiting: 0
Statistics (avg of 4939):
 RouteLength: 2019.40
 Speed: 10.24
 Duration: 198.22
 WaitingTime: 21.18
 TimeLoss: 50.73
 DepartDelay: 0.06
  [159/650] multiplas_emergencias/PREEMPCAO_ML/seed=12           ok        1m50s · restam ~2h40m30s
***Starting server on port 59454 ***
Loading net-file from 'C:\Users\User\Desktop\tcc-bloco8\sim\config\../rede/malha.net.xml' ... done (6ms).
Loading additional-files from 'C:\Users\User\Desktop\tcc-bloco8\sim\saida\intenso_PREEMPCAO_COMPENSADA_13\malha.det.add.xml' ... done (37ms).
Loading route-files incrementally from 'C:\Users\User\Desktop\tcc-bloco8\sim\demanda\veiculos.typ.xml'
Loading route-files incrementally from 'C:\Users\User\Desktop\tcc-bloco8\sim\saida\rotas\intenso_13.rou.xml'
Loading done.
Simulation version 1.27.1 started with time: 0.00.
Simulation ended at time: 3600.00.
Reason: TraCI requested termination.
Performance:
 Duration: 111.00s
 TraCI-Duration: 48.21s
 Real time factor: 32.4316
 UPS: 95068.583732
Vehicles:
 Inserted: 5387
 Running: 302
 Waiting: 0
Statistics (avg of 5085):
 RouteLength: 2023.81
 Speed: 10.06
 Duration: 201.62
 WaitingTime: 22.29
 TimeLoss: 54.07
 DepartDelay: 0.06
  [160/650] moderado/PREEMPCAO/seed=13                           ok        1m53s · restam ~2h41m03s
***Starting server on port 59512 ***
Loading net-file from 'C:\Users\User\Desktop\tcc-bloco8\sim\config\../rede/malha.net.xml' ... done (13ms).
Loading additional-files from 'C:\Users\User\Desktop\tcc-bloco8\sim\saida\multiplas_emergencias_FIXO_13\malha.det.add.xml' ... done (77ms).
Loading route-files incrementally from 'C:\Users\User\Desktop\tcc-bloco8\sim\demanda\veiculos.typ.xml'
Loading route-files incrementally from 'C:\Users\User\Desktop\tcc-bloco8\sim\saida\rotas\multiplas_emergencias_13.rou.xml'
Loading done.
Simulation version 1.27.1 started with time: 0.00.
Simulation ended at time: 3600.00.
Reason: TraCI requested termination.
Performance:
 Duration: 127.67s
 TraCI-Duration: 49.35s
 Real time factor: 28.1988
 UPS: 96723.894568
Vehicles:
 Inserted: 5387
 Running: 381
 Waiting: 0
Statistics (avg of 5006):
 RouteLength: 2012.58
 Speed: 8.53
 Duration: 236.43
 WaitingTime: 41.50
 TimeLoss: 89.15
 DepartDelay: 0.06
  [161/650] moderado/FIXO/seed=13                                ok        2m08s · restam ~2h40m26s
***Starting server on port 59536 ***
Loading net-file from 'C:\Users\User\Desktop\tcc-bloco8\sim\config\../rede/malha.net.xml' ... done (7ms).
Loading additional-files from 'C:\Users\User\Desktop\tcc-bloco8\sim\saida\multiplas_emergencias_PREEMPCAO_13\malha.det.add.xml' ... done (56ms).
Loading route-files incrementally from 'C:\Users\User\Desktop\tcc-bloco8\sim\demanda\veiculos.typ.xml'
Loading route-files incrementally from 'C:\Users\User\Desktop\tcc-bloco8\sim\saida\rotas\multiplas_emergencias_13.rou.xml'
Loading done.
Simulation version 1.27.1 started with time: 0.00.
Simulation ended at time: 3600.00.
Reason: TraCI requested termination.
Performance:
 Duration: 125.75s
 TraCI-Duration: 53.03s
 Real time factor: 28.6282
 UPS: 85714.298211
Vehicles:
 Inserted: 5387
 Running: 317
 Waiting: 0
Statistics (avg of 5070):
 RouteLength: 2020.45
 Speed: 9.86
 Duration: 205.92
 WaitingTime: 24.47
 TimeLoss: 58.47
 DepartDelay: 0.06
  [162/650] moderado/PREEMPCAO_COMPENSADA/seed=13                ok        2m07s · restam ~2h41m43s
***Starting server on port 59652 ***
Loading net-file from 'C:\Users\User\Desktop\tcc-bloco8\sim\config\../rede/malha.net.xml' ... done (13ms).
Loading additional-files from 'C:\Users\User\Desktop\tcc-bloco8\sim\saida\multiplas_emergencias_PREEMPCAO_COMPENSADA_13\malha.det.add.xml' ... done (60ms).
Loading route-files incrementally from 'C:\Users\User\Desktop\tcc-bloco8\sim\demanda\veiculos.typ.xml'
Loading route-files incrementally from 'C:\Users\User\Desktop\tcc-bloco8\sim\saida\rotas\multiplas_emergencias_13.rou.xml'
Loading done.
Simulation version 1.27.1 started with time: 0.00.
Simulation ended at time: 3600.00.
Reason: TraCI requested termination.
Performance:
 Duration: 131.23s
 TraCI-Duration: 54.13s
 Real time factor: 27.4332
 UPS: 81742.836895
Vehicles:
 Inserted: 5393
 Running: 306
 Waiting: 0
Statistics (avg of 5087):
 RouteLength: 2021.83
 Speed: 9.91
 Duration: 204.68
 WaitingTime: 24.08
 TimeLoss: 57.21
 DepartDelay: 0.06
  [163/650] multiplas_emergencias/PREEMPCAO/seed=13              ok        2m12s · restam ~2h44m25s
***Starting server on port 64898 ***
Loading net-file from 'C:\Users\User\Desktop\tcc-bloco8\sim\config\../rede/malha.net.xml' ... done (7ms).
Loading additional-files from 'C:\Users\User\Desktop\tcc-bloco8\sim\saida\multiplas_emergencias_PREEMPCAO_ML_13\malha.det.add.xml' ... done (62ms).
Loading route-files incrementally from 'C:\Users\User\Desktop\tcc-bloco8\sim\demanda\veiculos.typ.xml'
Loading route-files incrementally from 'C:\Users\User\Desktop\tcc-bloco8\sim\saida\rotas\multiplas_emergencias_13.rou.xml'
Loading done.
Simulation version 1.27.1 started with time: 0.00.
Simulation ended at time: 3600.00.
Reason: TraCI requested termination.
Performance:
 Duration: 150.98s
 TraCI-Duration: 55.37s
 Real time factor: 23.8436
 UPS: 81947.948127
Vehicles:
 Inserted: 5393
 Running: 381
 Waiting: 0
Statistics (avg of 5012):
 RouteLength: 2013.16
 Speed: 8.52
 Duration: 236.63
 WaitingTime: 41.56
 TimeLoss: 89.36
 DepartDelay: 0.06
  [164/650] multiplas_emergencias/FIXO/seed=13                   ok        2m32s · restam ~2h43m21s
***Starting server on port 64909 ***
Loading net-file from 'C:\Users\User\Desktop\tcc-bloco8\sim\config\../rede/malha.net.xml' ... done (8ms).
Loading additional-files from 'C:\Users\User\Desktop\tcc-bloco8\sim\saida\leve_FIXO_14\malha.det.add.xml' ... done (52ms).
Loading route-files incrementally from 'C:\Users\User\Desktop\tcc-bloco8\sim\demanda\veiculos.typ.xml'
Loading route-files incrementally from 'C:\Users\User\Desktop\tcc-bloco8\sim\saida\rotas\leve_14.rou.xml'
Loading done.
Simulation version 1.27.1 started with time: 0.00.
Simulation ended at time: 3600.00.
Reason: TraCI requested termination.
Performance:
 Duration: 213.51s
 TraCI-Duration: 55.84s
 Real time factor: 16.861
 UPS: 96807.226828
Vehicles:
 Inserted: 9170
 Running: 572
 Waiting: 0
Statistics (avg of 8598):
 RouteLength: 2025.26
 Speed: 8.71
 Duration: 232.97
 WaitingTime: 29.51
 TimeLoss: 85.65
 DepartDelay: 0.09
  [165/650] intenso/PREEMPCAO/seed=13                            ok        3m34s · restam ~2h42m52s
***Starting server on port 57271 ***
Loading net-file from 'C:\Users\User\Desktop\tcc-bloco8\sim\config\../rede/malha.net.xml' ... done (10ms).
Loading additional-files from 'C:\Users\User\Desktop\tcc-bloco8\sim\saida\leve_PREEMPCAO_14\malha.det.add.xml' ... done (62ms).
Loading route-files incrementally from 'C:\Users\User\Desktop\tcc-bloco8\sim\demanda\veiculos.typ.xml'
Loading route-files incrementally from 'C:\Users\User\Desktop\tcc-bloco8\sim\saida\rotas\leve_14.rou.xml'
Loading done.
Simulation version 1.27.1 started with time: 0.00.
Simulation ended at time: 3600.00.
Reason: TraCI requested termination.
Performance:
 Duration: 226.40s
 TraCI-Duration: 54.48s
 Real time factor: 15.9014
 UPS: 97096.963272
Vehicles:
 Inserted: 9170
 Running: 669
 Waiting: 0
Statistics (avg of 8501):
 RouteLength: 2019.89
 Speed: 8.12
 Duration: 248.03
 WaitingTime: 35.51
 TimeLoss: 100.83
 DepartDelay: 0.10
  [166/650] intenso/FIXO/seed=13                                 ok        3m50s · restam ~2h42m02s
***Starting server on port 49421 ***
Loading net-file from 'C:\Users\User\Desktop\tcc-bloco8\sim\config\../rede/malha.net.xml' ... done (11ms).
Loading additional-files from 'C:\Users\User\Desktop\tcc-bloco8\sim\saida\leve_PREEMPCAO_COMPENSADA_14\malha.det.add.xml' ... done (71ms).
Loading route-files incrementally from 'C:\Users\User\Desktop\tcc-bloco8\sim\demanda\veiculos.typ.xml'
Loading route-files incrementally from 'C:\Users\User\Desktop\tcc-bloco8\sim\saida\rotas\leve_14.rou.xml'
Loading done.
Simulation version 1.27.1 started with time: 0.00.
Simulation ended at time: 3600.00.
Reason: TraCI requested termination.
Performance:
 Duration: 222.74s
 TraCI-Duration: 57.83s
 Real time factor: 16.1623
 UPS: 94860.424710
Vehicles:
 Inserted: 9170
 Running: 597
 Waiting: 0
Statistics (avg of 8573):
 RouteLength: 2023.42
 Speed: 8.50
 Duration: 238.24
 WaitingTime: 33.14
 TimeLoss: 90.97
 DepartDelay: 0.09
  [167/650] intenso/PREEMPCAO_COMPENSADA/seed=13                 ok        3m43s · restam ~2h41m07s
***Starting server on port 49435 ***
Loading net-file from 'C:\Users\User\Desktop\tcc-bloco8\sim\config\../rede/malha.net.xml' ... done (8ms).
Loading additional-files from 'C:\Users\User\Desktop\tcc-bloco8\sim\saida\moderado_FIXO_14\malha.det.add.xml' ... done (50ms).
Loading route-files incrementally from 'C:\Users\User\Desktop\tcc-bloco8\sim\demanda\veiculos.typ.xml'
Loading route-files incrementally from 'C:\Users\User\Desktop\tcc-bloco8\sim\saida\rotas\moderado_14.rou.xml'
Loading done.
Simulation version 1.27.1 started with time: 0.00.
Simulation ended at time: 3600.00.
Reason: TraCI requested termination.
Performance:
 Duration: 125.15s
 TraCI-Duration: 53.00s
 Real time factor: 28.7664
 UPS: 87367.051284
Vehicles:
 Inserted: 5393
 Running: 312
 Waiting: 0
Statistics (avg of 5081):
 RouteLength: 2020.49
 Speed: 9.71
 Duration: 208.79
 WaitingTime: 26.57
 TimeLoss: 61.35
 DepartDelay: 0.06
  [168/650] multiplas_emergencias/PREEMPCAO_COMPENSADA/seed=13   ok        2m06s · restam ~2h40m04s
***Starting server on port 64221 ***
Loading net-file from 'C:\Users\User\Desktop\tcc-bloco8\sim\config\../rede/malha.net.xml' ... done (6ms).
Loading additional-files from 'C:\Users\User\Desktop\tcc-bloco8\sim\saida\moderado_PREEMPCAO_14\malha.det.add.xml' ... done (49ms).
Loading route-files incrementally from 'C:\Users\User\Desktop\tcc-bloco8\sim\demanda\veiculos.typ.xml'
Loading route-files incrementally from 'C:\Users\User\Desktop\tcc-bloco8\sim\saida\rotas\moderado_14.rou.xml'
Loading done.
Simulation version 1.27.1 started with time: 0.00.
Simulation ended at time: 3600.00.
Reason: TraCI requested termination.
Performance:
 Duration: 78.16s
 TraCI-Duration: 46.36s
 Real time factor: 46.0582
 UPS: 65589.890228
Vehicles:
 Inserted: 2310
 Running: 148
 Waiting: 0
Statistics (avg of 2162):
 RouteLength: 2000.99
 Speed: 8.79
 Duration: 229.04
 WaitingTime: 50.84
 TimeLoss: 82.01
 DepartDelay: 0.05
  [169/650] leve/FIXO/seed=14                                    ok        1m19s · restam ~2h40m39s
***Starting server on port 52792 ***
Loading net-file from 'C:\Users\User\Desktop\tcc-bloco8\sim\config\../rede/malha.net.xml' ... done (7ms).
Loading additional-files from 'C:\Users\User\Desktop\tcc-bloco8\sim\saida\moderado_PREEMPCAO_COMPENSADA_14\malha.det.add.xml' ... done (52ms).
Loading route-files incrementally from 'C:\Users\User\Desktop\tcc-bloco8\sim\demanda\veiculos.typ.xml'
Loading route-files incrementally from 'C:\Users\User\Desktop\tcc-bloco8\sim\saida\rotas\moderado_14.rou.xml'
Loading done.
Simulation version 1.27.1 started with time: 0.00.
Simulation ended at time: 3600.00.
Reason: TraCI requested termination.
Performance:
 Duration: 72.93s
 TraCI-Duration: 46.47s
 Real time factor: 49.3604
 UPS: 59371.162574
Vehicles:
 Inserted: 2310
 Running: 119
 Waiting: 0
Statistics (avg of 2191):
 RouteLength: 2010.27
 Speed: 10.47
 Duration: 193.07
 WaitingTime: 25.28
 TimeLoss: 45.87
 DepartDelay: 0.05
  [170/650] leve/PREEMPCAO/seed=14                               ok        1m14s · restam ~2h39m58s
***Starting server on port 52813 ***
Loading net-file from 'C:\Users\User\Desktop\tcc-bloco8\sim\config\../rede/malha.net.xml' ... done (13ms).
Loading additional-files from 'C:\Users\User\Desktop\tcc-bloco8\sim\saida\intenso_FIXO_14\malha.det.add.xml' ... done (70ms).
Loading route-files incrementally from 'C:\Users\User\Desktop\tcc-bloco8\sim\demanda\veiculos.typ.xml'
Loading route-files incrementally from 'C:\Users\User\Desktop\tcc-bloco8\sim\saida\rotas\intenso_14.rou.xml'
Loading done.
Simulation version 1.27.1 started with time: 0.00.
Simulation ended at time: 3600.00.
Reason: TraCI requested termination.
Performance:
 Duration: 77.94s
 TraCI-Duration: 47.69s
 Real time factor: 46.187
 UPS: 56888.868932
Vehicles:
 Inserted: 2310
 Running: 125
 Waiting: 0
Statistics (avg of 2185):
 RouteLength: 2008.93
 Speed: 10.20
 Duration: 197.81
 WaitingTime: 29.09
 TimeLoss: 50.60
 DepartDelay: 0.05
  [171/650] leve/PREEMPCAO_COMPENSADA/seed=14                    ok        1m20s · restam ~2h39m25s
Simulation ended at time: 3600.00.
Reason: TraCI requested termination.
Performance:
 Duration: 113.02s
 TraCI-Duration: 48.76s
 Real time factor: 31.8533
 UPS: 92205.692898
Vehicles:
 Inserted: 5393
 Running: 342
 Waiting: 0
Statistics (avg of 5051):
 RouteLength: 2020.25
 Speed: 10.23
 Duration: 198.60
 WaitingTime: 21.23
 TimeLoss: 51.15
 DepartDelay: 0.06
***Starting server on port 52843 ***
Loading net-file from 'C:\Users\User\Desktop\tcc-bloco8\sim\config\../rede/malha.net.xml' ... done (6ms).
Loading additional-files from 'C:\Users\User\Desktop\tcc-bloco8\sim\saida\intenso_PREEMPCAO_14\malha.det.add.xml' ... done (38ms).
Loading route-files incrementally from 'C:\Users\User\Desktop\tcc-bloco8\sim\demanda\veiculos.typ.xml'
Loading route-files incrementally from 'C:\Users\User\Desktop\tcc-bloco8\sim\saida\rotas\intenso_14.rou.xml'
Loading done.
Simulation version 1.27.1 started with time: 0.00.
  [172/650] multiplas_emergencias/PREEMPCAO_ML/seed=13           ok        1m57s · restam ~2h38m22s
***Starting server on port 59109 ***
Loading net-file from 'C:\Users\User\Desktop\tcc-bloco8\sim\config\../rede/malha.net.xml' ... done (6ms).
Loading additional-files from 'C:\Users\User\Desktop\tcc-bloco8\sim\saida\intenso_PREEMPCAO_COMPENSADA_14\malha.det.add.xml' ... done (38ms).
Loading route-files incrementally from 'C:\Users\User\Desktop\tcc-bloco8\sim\demanda\veiculos.typ.xml'
Loading route-files incrementally from 'C:\Users\User\Desktop\tcc-bloco8\sim\saida\rotas\intenso_14.rou.xml'
Loading done.
Simulation version 1.27.1 started with time: 0.00.
Simulation ended at time: 3600.00.
Reason: TraCI requested termination.
Performance:
 Duration: 111.14s
 TraCI-Duration: 46.94s
 Real time factor: 32.3927
 UPS: 93661.810754
Vehicles:
 Inserted: 5282
 Running: 312
 Waiting: 0
Statistics (avg of 4970):
 RouteLength: 2027.38
 Speed: 10.03
 Duration: 203.02
 WaitingTime: 23.23
 TimeLoss: 55.60
 DepartDelay: 0.06
  [173/650] moderado/PREEMPCAO/seed=14                           ok        1m52s · restam ~2h38m59s
***Starting server on port 58970 ***
Loading net-file from 'C:\Users\User\Desktop\tcc-bloco8\sim\config\../rede/malha.net.xml' ... done (10ms).
Loading additional-files from 'C:\Users\User\Desktop\tcc-bloco8\sim\saida\multiplas_emergencias_FIXO_14\malha.det.add.xml' ... done (48ms).
Loading route-files incrementally from 'C:\Users\User\Desktop\tcc-bloco8\sim\demanda\veiculos.typ.xml'
Loading route-files incrementally from 'C:\Users\User\Desktop\tcc-bloco8\sim\saida\rotas\multiplas_emergencias_14.rou.xml'
Loading done.
Simulation version 1.27.1 started with time: 0.00.
Simulation ended at time: 3600.00.
Reason: TraCI requested termination.
Performance:
 Duration: 124.59s
 TraCI-Duration: 47.43s
 Real time factor: 28.8938
 UPS: 97524.800552
Vehicles:
 Inserted: 5282
 Running: 380
 Waiting: 0
Statistics (avg of 4902):
 RouteLength: 2017.83
 Speed: 8.51
 Duration: 237.51
 WaitingTime: 42.49
 TimeLoss: 90.30
 DepartDelay: 0.06
  [174/650] moderado/FIXO/seed=14                                ok        2m05s · restam ~2h38m07s
***Starting server on port 52665 ***
Loading net-file from 'C:\Users\User\Desktop\tcc-bloco8\sim\config\../rede/malha.net.xml' ... done (10ms).
Loading additional-files from 'C:\Users\User\Desktop\tcc-bloco8\sim\saida\multiplas_emergencias_PREEMPCAO_14\malha.det.add.xml' ... done (55ms).
Loading route-files incrementally from 'C:\Users\User\Desktop\tcc-bloco8\sim\demanda\veiculos.typ.xml'
Loading route-files incrementally from 'C:\Users\User\Desktop\tcc-bloco8\sim\saida\rotas\multiplas_emergencias_14.rou.xml'
Loading done.
Simulation version 1.27.1 started with time: 0.00.
Simulation ended at time: 3600.00.
Reason: TraCI requested termination.
Performance:
 Duration: 117.16s
 TraCI-Duration: 48.40s
 Real time factor: 30.7283
 UPS: 90854.109051
Vehicles:
 Inserted: 5282
 Running: 294
 Waiting: 0
Statistics (avg of 4988):
 RouteLength: 2026.86
 Speed: 9.79
 Duration: 207.74
 WaitingTime: 25.73
 TimeLoss: 60.34
 DepartDelay: 0.06
  [175/650] moderado/PREEMPCAO_COMPENSADA/seed=14                ok        1m58s · restam ~2h38m33s
***Starting server on port 52721 ***
Loading net-file from 'C:\Users\User\Desktop\tcc-bloco8\sim\config\../rede/malha.net.xml' ... done (12ms).
Loading additional-files from 'C:\Users\User\Desktop\tcc-bloco8\sim\saida\multiplas_emergencias_PREEMPCAO_COMPENSADA_14\malha.det.add.xml' ... done (47ms).
Loading route-files incrementally from 'C:\Users\User\Desktop\tcc-bloco8\sim\demanda\veiculos.typ.xml'
Loading route-files incrementally from 'C:\Users\User\Desktop\tcc-bloco8\sim\saida\rotas\multiplas_emergencias_14.rou.xml'
Loading done.
Simulation version 1.27.1 started with time: 0.00.
Simulation ended at time: 3600.00.
Reason: TraCI requested termination.
Performance:
 Duration: 110.17s
 TraCI-Duration: 48.15s
 Real time factor: 32.6759
 UPS: 96164.323382
Vehicles:
 Inserted: 5288
 Running: 306
 Waiting: 0
Statistics (avg of 4982):
 RouteLength: 2028.50
 Speed: 9.82
 Duration: 206.56
 WaitingTime: 24.90
 TimeLoss: 59.14
 DepartDelay: 0.06
  [176/650] multiplas_emergencias/PREEMPCAO/seed=14              ok        1m51s · restam ~2h40m39s
***Starting server on port 62721 ***
Loading net-file from 'C:\Users\User\Desktop\tcc-bloco8\sim\config\../rede/malha.net.xml' ... done (10ms).
Loading additional-files from 'C:\Users\User\Desktop\tcc-bloco8\sim\saida\multiplas_emergencias_PREEMPCAO_ML_14\malha.det.add.xml' ... done (49ms).
Loading route-files incrementally from 'C:\Users\User\Desktop\tcc-bloco8\sim\demanda\veiculos.typ.xml'
Loading route-files incrementally from 'C:\Users\User\Desktop\tcc-bloco8\sim\saida\rotas\multiplas_emergencias_14.rou.xml'
Loading done.
Simulation version 1.27.1 started with time: 0.00.
Simulation ended at time: 3600.00.
Reason: TraCI requested termination.
Performance:
 Duration: 121.69s
 TraCI-Duration: 47.23s
 Real time factor: 29.5839
 UPS: 99984.698573
Vehicles:
 Inserted: 5288
 Running: 380
 Waiting: 0
Statistics (avg of 4908):
 RouteLength: 2018.41
 Speed: 8.51
 Duration: 237.55
 WaitingTime: 42.45
 TimeLoss: 90.34
 DepartDelay: 0.06
  [177/650] multiplas_emergencias/FIXO/seed=14                   ok        2m02s · restam ~2h39m33s
***Starting server on port 63191 ***
Loading net-file from 'C:\Users\User\Desktop\tcc-bloco8\sim\config\../rede/malha.net.xml' ... done (8ms).
Loading additional-files from 'C:\Users\User\Desktop\tcc-bloco8\sim\saida\leve_FIXO_15\malha.det.add.xml' ... done (46ms).
Loading route-files incrementally from 'C:\Users\User\Desktop\tcc-bloco8\sim\demanda\veiculos.typ.xml'
Loading route-files incrementally from 'C:\Users\User\Desktop\tcc-bloco8\sim\saida\rotas\leve_15.rou.xml'
Loading done.
Simulation version 1.27.1 started with time: 0.00.
Simulation ended at time: 3600.00.
Reason: TraCI requested termination.
Performance:
 Duration: 197.52s
 TraCI-Duration: 49.72s
 Real time factor: 18.2258
 UPS: 108665.541054
Vehicles:
 Inserted: 8963
 Running: 631
 Waiting: 0
Statistics (avg of 8332):
 RouteLength: 2023.44
 Speed: 8.16
 Duration: 247.47
 WaitingTime: 35.17
 TimeLoss: 100.10
 DepartDelay: 0.09
  [178/650] intenso/FIXO/seed=14                                 ok        3m18s · restam ~2h39m00s
***Starting server on port 63215 ***
Loading net-file from 'C:\Users\User\Desktop\tcc-bloco8\sim\config\../rede/malha.net.xml' ... done (7ms).
Loading additional-files from 'C:\Users\User\Desktop\tcc-bloco8\sim\saida\leve_PREEMPCAO_15\malha.det.add.xml' ... done (55ms).
Loading route-files incrementally from 'C:\Users\User\Desktop\tcc-bloco8\sim\demanda\veiculos.typ.xml'
Loading route-files incrementally from 'C:\Users\User\Desktop\tcc-bloco8\sim\saida\rotas\leve_15.rou.xml'
Loading done.
Simulation version 1.27.1 started with time: 0.00.
Simulation ended at time: 3600.00.
Reason: TraCI requested termination.
Performance:
 Duration: 182.91s
 TraCI-Duration: 51.07s
 Real time factor: 19.6819
 UPS: 109033.475663
Vehicles:
 Inserted: 8963
 Running: 550
 Waiting: 0
Statistics (avg of 8413):
 RouteLength: 2029.29
 Speed: 8.83
 Duration: 229.76
 WaitingTime: 28.19
 TimeLoss: 82.27
 DepartDelay: 0.09
  [179/650] intenso/PREEMPCAO/seed=14                            ok        3m06s · restam ~2h37m55s
***Starting server on port 63223 ***
Loading net-file from 'C:\Users\User\Desktop\tcc-bloco8\sim\config\../rede/malha.net.xml' ... done (10ms).
Loading additional-files from 'C:\Users\User\Desktop\tcc-bloco8\sim\saida\leve_PREEMPCAO_COMPENSADA_15\malha.det.add.xml' ... done (52ms).
Loading route-files incrementally from 'C:\Users\User\Desktop\tcc-bloco8\sim\demanda\veiculos.typ.xml'
Loading route-files incrementally from 'C:\Users\User\Desktop\tcc-bloco8\sim\saida\rotas\leve_15.rou.xml'
Loading done.
Simulation version 1.27.1 started with time: 0.00.
Simulation ended at time: 3600.00.
Reason: TraCI requested termination.
Performance:
 Duration: 196.08s
 TraCI-Duration: 53.00s
 Real time factor: 18.3602
 UPS: 107188.875742
Vehicles:
 Inserted: 8963
 Running: 623
 Waiting: 0
Statistics (avg of 8340):
 RouteLength: 2027.86
 Speed: 8.36
 Duration: 242.44
 WaitingTime: 33.98
 TimeLoss: 94.94
 DepartDelay: 0.09
  [180/650] intenso/PREEMPCAO_COMPENSADA/seed=14                 ok        3m19s · restam ~2h37m28s
***Starting server on port 55945 ***
Loading net-file from 'C:\Users\User\Desktop\tcc-bloco8\sim\config\../rede/malha.net.xml' ... done (8ms).
Loading additional-files from 'C:\Users\User\Desktop\tcc-bloco8\sim\saida\moderado_FIXO_15\malha.det.add.xml' ... done (51ms).
Loading route-files incrementally from 'C:\Users\User\Desktop\tcc-bloco8\sim\demanda\veiculos.typ.xml'
Loading route-files incrementally from 'C:\Users\User\Desktop\tcc-bloco8\sim\saida\rotas\moderado_15.rou.xml'
Loading done.
Simulation version 1.27.1 started with time: 0.00.
Simulation ended at time: 3600.00.
Reason: TraCI requested termination.
Performance:
 Duration: 114.05s
 TraCI-Duration: 49.66s
 Real time factor: 31.5643
 UPS: 94742.181267
Vehicles:
 Inserted: 5288
 Running: 328
 Waiting: 0
Statistics (avg of 4960):
 RouteLength: 2027.24
 Speed: 9.65
 Duration: 210.67
 WaitingTime: 27.72
 TimeLoss: 63.28
 DepartDelay: 0.06
  [181/650] multiplas_emergencias/PREEMPCAO_COMPENSADA/seed=14   ok        1m55s · restam ~2h36m20s
***Starting server on port 55951 ***
Loading net-file from 'C:\Users\User\Desktop\tcc-bloco8\sim\config\../rede/malha.net.xml' ... done (7ms).
Loading additional-files from 'C:\Users\User\Desktop\tcc-bloco8\sim\saida\moderado_PREEMPCAO_15\malha.det.add.xml' ... done (39ms).
Loading route-files incrementally from 'C:\Users\User\Desktop\tcc-bloco8\sim\demanda\veiculos.typ.xml'
Loading route-files incrementally from 'C:\Users\User\Desktop\tcc-bloco8\sim\saida\rotas\moderado_15.rou.xml'
Loading done.
Simulation version 1.27.1 started with time: 0.00.
Simulation ended at time: 3600.00.
Reason: TraCI requested termination.
Performance:
 Duration: 76.19s
 TraCI-Duration: 45.84s
 Real time factor: 47.2509
 UPS: 64174.277127
Vehicles:
 Inserted: 2194
 Running: 140
 Waiting: 0
Statistics (avg of 2054):
 RouteLength: 2010.60
 Speed: 8.81
 Duration: 229.83
 WaitingTime: 51.58
 TimeLoss: 82.57
 DepartDelay: 0.05
  [182/650] leve/FIXO/seed=15                                    ok        1m17s · restam ~2h36m50s
***Starting server on port 59195 ***
Loading net-file from 'C:\Users\User\Desktop\tcc-bloco8\sim\config\../rede/malha.net.xml' ... done (10ms).
Loading additional-files from 'C:\Users\User\Desktop\tcc-bloco8\sim\saida\moderado_PREEMPCAO_COMPENSADA_15\malha.det.add.xml' ... done (53ms).
Loading route-files incrementally from 'C:\Users\User\Desktop\tcc-bloco8\sim\demanda\veiculos.typ.xml'
Loading route-files incrementally from 'C:\Users\User\Desktop\tcc-bloco8\sim\saida\rotas\moderado_15.rou.xml'
Loading done.
Simulation version 1.27.1 started with time: 0.00.
Simulation ended at time: 3600.00.
Reason: TraCI requested termination.
Performance:
 Duration: 71.12s
 TraCI-Duration: 46.01s
 Real time factor: 50.6208
 UPS: 58075.200022
Vehicles:
 Inserted: 2194
 Running: 115
 Waiting: 0
Statistics (avg of 2079):
 RouteLength: 2021.72
 Speed: 10.47
 Duration: 193.99
 WaitingTime: 25.44
 TimeLoss: 46.52
 DepartDelay: 0.05
  [183/650] leve/PREEMPCAO/seed=15                               ok        1m12s · restam ~2h36m05s
***Starting server on port 59214 ***
Loading net-file from 'C:\Users\User\Desktop\tcc-bloco8\sim\config\../rede/malha.net.xml' ... done (9ms).
Loading additional-files from 'C:\Users\User\Desktop\tcc-bloco8\sim\saida\intenso_FIXO_15\malha.det.add.xml' ... done (44ms).
Loading route-files incrementally from 'C:\Users\User\Desktop\tcc-bloco8\sim\demanda\veiculos.typ.xml'
Loading route-files incrementally from 'C:\Users\User\Desktop\tcc-bloco8\sim\saida\rotas\intenso_15.rou.xml'
Loading done.
Simulation version 1.27.1 started with time: 0.00.
Simulation ended at time: 3600.00.
Reason: TraCI requested termination.
Performance:
 Duration: 73.52s
 TraCI-Duration: 47.04s
 Real time factor: 48.9676
 UPS: 57427.568759
Vehicles:
 Inserted: 2194
 Running: 115
 Waiting: 0
Statistics (avg of 2079):
 RouteLength: 2021.71
 Speed: 10.25
 Duration: 198.39
 WaitingTime: 29.26
 TimeLoss: 50.96
 DepartDelay: 0.05
  [184/650] leve/PREEMPCAO_COMPENSADA/seed=15                    ok        1m14s · restam ~2h35m09s
***Starting server on port 59226 ***
Loading net-file from 'C:\Users\User\Desktop\tcc-bloco8\sim\config\../rede/malha.net.xml' ... done (7ms).
Loading additional-files from 'C:\Users\User\Desktop\tcc-bloco8\sim\saida\intenso_PREEMPCAO_15\malha.det.add.xml' ... done (41ms).
Loading route-files incrementally from 'C:\Users\User\Desktop\tcc-bloco8\sim\demanda\veiculos.typ.xml'
Loading route-files incrementally from 'C:\Users\User\Desktop\tcc-bloco8\sim\saida\rotas\intenso_15.rou.xml'
Loading done.
Simulation version 1.27.1 started with time: 0.00.
Simulation ended at time: 3600.00.
Reason: TraCI requested termination.
Performance:
 Duration: 112.27s
 TraCI-Duration: 48.92s
 Real time factor: 32.067
 UPS: 94744.426135
Vehicles:
 Inserted: 5288
 Running: 309
 Waiting: 0
Statistics (avg of 4979):
 RouteLength: 2027.42
 Speed: 9.81
 Duration: 207.32
 WaitingTime: 24.90
 TimeLoss: 59.94
 DepartDelay: 0.06
  [185/650] multiplas_emergencias/PREEMPCAO_ML/seed=14           ok        1m53s · restam ~2h34m41s
***Starting server on port 59253 ***
Loading net-file from 'C:\Users\User\Desktop\tcc-bloco8\sim\config\../rede/malha.net.xml' ... done (9ms).
Loading additional-files from 'C:\Users\User\Desktop\tcc-bloco8\sim\saida\intenso_PREEMPCAO_COMPENSADA_15\malha.det.add.xml' ... done (48ms).
Loading route-files incrementally from 'C:\Users\User\Desktop\tcc-bloco8\sim\demanda\veiculos.typ.xml'
Loading route-files incrementally from 'C:\Users\User\Desktop\tcc-bloco8\sim\saida\rotas\intenso_15.rou.xml'
Loading done.
Simulation version 1.27.1 started with time: 0.00.
Simulation ended at time: 3600.00.
Reason: TraCI requested termination.
Performance:
 Duration: 109.91s
 TraCI-Duration: 49.66s
 Real time factor: 32.7556
 UPS: 90881.070015
Vehicles:
 Inserted: 5177
 Running: 274
 Waiting: 0
Statistics (avg of 4903):
 RouteLength: 2006.75
 Speed: 10.13
 Duration: 198.81
 WaitingTime: 21.67
 TimeLoss: 51.91
 DepartDelay: 0.06
  [186/650] moderado/PREEMPCAO/seed=15                           ok        1m51s · restam ~2h35m08s
***Starting server on port 49345 ***
Loading net-file from 'C:\Users\User\Desktop\tcc-bloco8\sim\config\../rede/malha.net.xml' ... done (7ms).
Loading additional-files from 'C:\Users\User\Desktop\tcc-bloco8\sim\saida\multiplas_emergencias_FIXO_15\malha.det.add.xml' ... done (42ms).
Loading route-files incrementally from 'C:\Users\User\Desktop\tcc-bloco8\sim\demanda\veiculos.typ.xml'
Loading route-files incrementally from 'C:\Users\User\Desktop\tcc-bloco8\sim\saida\rotas\multiplas_emergencias_15.rou.xml'
Loading done.
Simulation version 1.27.1 started with time: 0.00.
Simulation ended at time: 3600.00.
Reason: TraCI requested termination.
Performance:
 Duration: 128.90s
 TraCI-Duration: 49.98s
 Real time factor: 27.9278
 UPS: 91014.157823
Vehicles:
 Inserted: 5177
 Running: 376
 Waiting: 0
Statistics (avg of 4801):
 RouteLength: 1996.17
 Speed: 8.53
 Duration: 234.04
 WaitingTime: 41.41
 TimeLoss: 87.32
 DepartDelay: 0.06
  [187/650] moderado/FIXO/seed=15                                ok        2m10s · restam ~2h34m41s
***Starting server on port 49374 ***
Loading net-file from 'C:\Users\User\Desktop\tcc-bloco8\sim\config\../rede/malha.net.xml' ... done (6ms).
Loading additional-files from 'C:\Users\User\Desktop\tcc-bloco8\sim\saida\multiplas_emergencias_PREEMPCAO_15\malha.det.add.xml' ... done (57ms).
Loading route-files incrementally from 'C:\Users\User\Desktop\tcc-bloco8\sim\demanda\veiculos.typ.xml'
Loading route-files incrementally from 'C:\Users\User\Desktop\tcc-bloco8\sim\saida\rotas\multiplas_emergencias_15.rou.xml'
Loading done.
Simulation version 1.27.1 started with time: 0.00.
Simulation ended at time: 3600.00.
Reason: TraCI requested termination.
Performance:
 Duration: 121.97s
 TraCI-Duration: 51.17s
 Real time factor: 29.5152
 UPS: 84932.115011
Vehicles:
 Inserted: 5177
 Running: 296
 Waiting: 0
Statistics (avg of 4881):
 RouteLength: 2003.94
 Speed: 9.75
 Duration: 206.28
 WaitingTime: 24.98
 TimeLoss: 59.46
 DepartDelay: 0.06
  [188/650] moderado/PREEMPCAO_COMPENSADA/seed=15                ok        2m09s · restam ~2h35m10s
***Starting server on port 59855 ***
Loading net-file from 'C:\Users\User\Desktop\tcc-bloco8\sim\config\../rede/malha.net.xml' ... done (6ms).
Loading additional-files from 'C:\Users\User\Desktop\tcc-bloco8\sim\saida\multiplas_emergencias_PREEMPCAO_COMPENSADA_15\malha.det.add.xml' ... done (37ms).
Loading route-files incrementally from 'C:\Users\User\Desktop\tcc-bloco8\sim\demanda\veiculos.typ.xml'
Loading route-files incrementally from 'C:\Users\User\Desktop\tcc-bloco8\sim\saida\rotas\multiplas_emergencias_15.rou.xml'
Loading done.
Simulation version 1.27.1 started with time: 0.00.
Simulation ended at time: 3600.00.
Reason: TraCI requested termination.
Performance:
 Duration: 123.02s
 TraCI-Duration: 45.96s
 Real time factor: 29.2642
 UPS: 95520.830454
Vehicles:
 Inserted: 5183
 Running: 377
 Waiting: 0
Statistics (avg of 4806):
 RouteLength: 1996.68
 Speed: 8.53
 Duration: 234.13
 WaitingTime: 41.41
 TimeLoss: 87.41
 DepartDelay: 0.06
  [189/650] multiplas_emergencias/FIXO/seed=15                   ok        2m04s · restam ~2h36m43s
***Starting server on port 58317 ***
Loading net-file from 'C:\Users\User\Desktop\tcc-bloco8\sim\config\../rede/malha.net.xml' ... done (6ms).
Loading additional-files from 'C:\Users\User\Desktop\tcc-bloco8\sim\saida\multiplas_emergencias_PREEMPCAO_ML_15\malha.det.add.xml' ... done (36ms).
Loading route-files incrementally from 'C:\Users\User\Desktop\tcc-bloco8\sim\demanda\veiculos.typ.xml'
Loading route-files incrementally from 'C:\Users\User\Desktop\tcc-bloco8\sim\saida\rotas\multiplas_emergencias_15.rou.xml'
Loading done.
Simulation version 1.27.1 started with time: 0.00.
Simulation ended at time: 3600.00.
Reason: TraCI requested termination.
Performance:
 Duration: 107.66s
 TraCI-Duration: 45.08s
 Real time factor: 33.438
 UPS: 94615.463209
Vehicles:
 Inserted: 5183
 Running: 301
 Waiting: 0
Statistics (avg of 4882):
 RouteLength: 2007.51
 Speed: 9.93
 Duration: 202.61
 WaitingTime: 23.16
 TimeLoss: 55.72
 DepartDelay: 0.06
  [190/650] multiplas_emergencias/PREEMPCAO/seed=15              ok        1m51s · restam ~2h35m45s
***Starting server on port 58327 ***
Loading net-file from 'C:\Users\User\Desktop\tcc-bloco8\sim\config\../rede/malha.net.xml' ... done (13ms).
Loading additional-files from 'C:\Users\User\Desktop\tcc-bloco8\sim\saida\leve_FIXO_16\malha.det.add.xml' ... done (75ms).
Loading route-files incrementally from 'C:\Users\User\Desktop\tcc-bloco8\sim\demanda\veiculos.typ.xml'
Loading route-files incrementally from 'C:\Users\User\Desktop\tcc-bloco8\sim\saida\rotas\leve_16.rou.xml'
Loading done.
Simulation version 1.27.1 started with time: 0.00.
Simulation ended at time: 3600.00.
Reason: TraCI requested termination.
Performance:
 Duration: 185.38s
 TraCI-Duration: 50.43s
 Real time factor: 19.4199
 UPS: 106706.721977
Vehicles:
 Inserted: 9027
 Running: 526
 Waiting: 0
Statistics (avg of 8501):
 RouteLength: 2009.90
 Speed: 8.93
 Duration: 225.26
 WaitingTime: 27.10
 TimeLoss: 78.22
 DepartDelay: 0.08
  [191/650] intenso/PREEMPCAO/seed=15                            ok        3m06s · restam ~2h34m41s
***Starting server on port 58335 ***
Loading net-file from 'C:\Users\User\Desktop\tcc-bloco8\sim\config\../rede/malha.net.xml' ... done (6ms).
Loading additional-files from 'C:\Users\User\Desktop\tcc-bloco8\sim\saida\leve_PREEMPCAO_16\malha.det.add.xml' ... done (35ms).
Loading route-files incrementally from 'C:\Users\User\Desktop\tcc-bloco8\sim\demanda\veiculos.typ.xml'
Loading route-files incrementally from 'C:\Users\User\Desktop\tcc-bloco8\sim\saida\rotas\leve_16.rou.xml'
Loading done.
Simulation version 1.27.1 started with time: 0.00.
Simulation ended at time: 3600.00.
Reason: TraCI requested termination.
Performance:
 Duration: 194.88s
 TraCI-Duration: 49.36s
 Real time factor: 18.4731
 UPS: 110785.096317
Vehicles:
 Inserted: 9027
 Running: 609
 Waiting: 0
Statistics (avg of 8418):
 RouteLength: 2005.24
 Speed: 8.12
 Duration: 246.21
 WaitingTime: 35.07
 TimeLoss: 99.29
 DepartDelay: 0.08
  [192/650] intenso/FIXO/seed=15                                 ok        3m16s · restam ~2h33m42s
***Starting server on port 58344 ***
Loading net-file from 'C:\Users\User\Desktop\tcc-bloco8\sim\config\../rede/malha.net.xml' ... done (8ms).
Loading additional-files from 'C:\Users\User\Desktop\tcc-bloco8\sim\saida\leve_PREEMPCAO_COMPENSADA_16\malha.det.add.xml' ... done (35ms).
Loading route-files incrementally from 'C:\Users\User\Desktop\tcc-bloco8\sim\demanda\veiculos.typ.xml'
Loading route-files incrementally from 'C:\Users\User\Desktop\tcc-bloco8\sim\saida\rotas\leve_16.rou.xml'
Loading done.
Simulation version 1.27.1 started with time: 0.00.
Simulation ended at time: 3600.00.
Reason: TraCI requested termination.
Performance:
 Duration: 189.62s
 TraCI-Duration: 51.11s
 Real time factor: 18.9852
 UPS: 109077.064249
Vehicles:
 Inserted: 9027
 Running: 540
 Waiting: 0
Statistics (avg of 8487):
 RouteLength: 2009.69
 Speed: 8.53
 Duration: 235.82
 WaitingTime: 31.55
 TimeLoss: 88.80
 DepartDelay: 0.08
  [193/650] intenso/PREEMPCAO_COMPENSADA/seed=15                 ok        3m10s · restam ~2h33m15s
***Starting server on port 58370 ***
Loading net-file from 'C:\Users\User\Desktop\tcc-bloco8\sim\config\../rede/malha.net.xml' ... done (5ms).
Loading additional-files from 'C:\Users\User\Desktop\tcc-bloco8\sim\saida\moderado_FIXO_16\malha.det.add.xml' ... done (34ms).
Loading route-files incrementally from 'C:\Users\User\Desktop\tcc-bloco8\sim\demanda\veiculos.typ.xml'
Loading route-files incrementally from 'C:\Users\User\Desktop\tcc-bloco8\sim\saida\rotas\moderado_16.rou.xml'
Loading done.
Simulation version 1.27.1 started with time: 0.00.
Simulation ended at time: 3600.00.
Reason: TraCI requested termination.
Performance:
 Duration: 99.78s
 TraCI-Duration: 46.09s
 Real time factor: 36.0794
 UPS: 106212.497494
Vehicles:
 Inserted: 5183
 Running: 312
 Waiting: 0
Statistics (avg of 4871):
 RouteLength: 2003.74
 Speed: 9.52
 Duration: 210.83
 WaitingTime: 28.22
 TimeLoss: 64.01
 DepartDelay: 0.06
  [194/650] multiplas_emergencias/PREEMPCAO_COMPENSADA/seed=15   ok        1m44s · restam ~2h32m31s
***Starting server on port 58388 ***
Loading net-file from 'C:\Users\User\Desktop\tcc-bloco8\sim\config\../rede/malha.net.xml' ... done (6ms).
Loading additional-files from 'C:\Users\User\Desktop\tcc-bloco8\sim\saida\moderado_PREEMPCAO_16\malha.det.add.xml' ... done (34ms).
Loading route-files incrementally from 'C:\Users\User\Desktop\tcc-bloco8\sim\demanda\veiculos.typ.xml'
Loading route-files incrementally from 'C:\Users\User\Desktop\tcc-bloco8\sim\saida\rotas\moderado_16.rou.xml'
Loading done.
Simulation version 1.27.1 started with time: 0.00.
Simulation ended at time: 3600.00.
Reason: TraCI requested termination.
Performance:
 Duration: 66.48s
 TraCI-Duration: 43.21s
 Real time factor: 54.1492
 UPS: 62434.381722
Vehicles:
 Inserted: 2205
 Running: 107
 Waiting: 0
Statistics (avg of 2098):
 RouteLength: 2035.93
 Speed: 10.59
 Duration: 193.06
 WaitingTime: 24.53
 TimeLoss: 45.50
 DepartDelay: 0.05
  [195/650] leve/PREEMPCAO/seed=16                               ok        1m07s · restam ~2h32m49s
***Starting server on port 51586 ***
Loading net-file from 'C:\Users\User\Desktop\tcc-bloco8\sim\config\../rede/malha.net.xml' ... done (7ms).
Loading additional-files from 'C:\Users\User\Desktop\tcc-bloco8\sim\saida\moderado_PREEMPCAO_COMPENSADA_16\malha.det.add.xml' ... done (41ms).
Loading route-files incrementally from 'C:\Users\User\Desktop\tcc-bloco8\sim\demanda\veiculos.typ.xml'
Loading route-files incrementally from 'C:\Users\User\Desktop\tcc-bloco8\sim\saida\rotas\moderado_16.rou.xml'
Loading done.
Simulation version 1.27.1 started with time: 0.00.
Simulation ended at time: 3600.00.
Reason: TraCI requested termination.
Performance:
 Duration: 71.22s
 TraCI-Duration: 42.96s
 Real time factor: 50.5483
 UPS: 69852.876339
Vehicles:
 Inserted: 2205
 Running: 139
 Waiting: 0
Statistics (avg of 2066):
 RouteLength: 2026.41
 Speed: 8.79
 Duration: 231.86
 WaitingTime: 52.55
 TimeLoss: 84.53
 DepartDelay: 0.05
  [196/650] leve/FIXO/seed=16                                    ok        1m12s · restam ~2h31m48s
***Starting server on port 51593 ***
Loading net-file from 'C:\Users\User\Desktop\tcc-bloco8\sim\config\../rede/malha.net.xml' ... done (7ms).
Loading additional-files from 'C:\Users\User\Desktop\tcc-bloco8\sim\saida\intenso_FIXO_16\malha.det.add.xml' ... done (35ms).
Loading route-files incrementally from 'C:\Users\User\Desktop\tcc-bloco8\sim\demanda\veiculos.typ.xml'
Loading route-files incrementally from 'C:\Users\User\Desktop\tcc-bloco8\sim\saida\rotas\intenso_16.rou.xml'
Loading done.
Simulation version 1.27.1 started with time: 0.00.
Simulation ended at time: 3600.00.
Reason: TraCI requested termination.
Performance:
 Duration: 68.36s
 TraCI-Duration: 44.38s
 Real time factor: 52.6593
 UPS: 61439.280908
Vehicles:
 Inserted: 2205
 Running: 116
 Waiting: 0
Statistics (avg of 2089):
 RouteLength: 2037.31
 Speed: 10.48
 Duration: 195.44
 WaitingTime: 26.92
 TimeLoss: 47.87
 DepartDelay: 0.05
  [197/650] leve/PREEMPCAO_COMPENSADA/seed=16                    ok        1m09s · restam ~2h30m50s
***Starting server on port 51602 ***
Loading net-file from 'C:\Users\User\Desktop\tcc-bloco8\sim\config\../rede/malha.net.xml' ... done (6ms).
Loading additional-files from 'C:\Users\User\Desktop\tcc-bloco8\sim\saida\intenso_PREEMPCAO_16\malha.det.add.xml' ... done (36ms).
Loading route-files incrementally from 'C:\Users\User\Desktop\tcc-bloco8\sim\demanda\veiculos.typ.xml'
Loading route-files incrementally from 'C:\Users\User\Desktop\tcc-bloco8\sim\saida\rotas\intenso_16.rou.xml'
Loading done.
Simulation version 1.27.1 started with time: 0.00.
Simulation ended at time: 3600.00.
Reason: TraCI requested termination.
Performance:
 Duration: 97.07s
 TraCI-Duration: 45.35s
 Real time factor: 37.0866
 UPS: 106081.075513
Vehicles:
 Inserted: 5183
 Running: 304
 Waiting: 0
Statistics (avg of 4879):
 RouteLength: 2006.40
 Speed: 9.79
 Duration: 204.90
 WaitingTime: 24.39
 TimeLoss: 58.03
 DepartDelay: 0.06
  [198/650] multiplas_emergencias/PREEMPCAO_ML/seed=15           ok        1m38s · restam ~2h30m24s
***Starting server on port 50077 ***
Loading net-file from 'C:\Users\User\Desktop\tcc-bloco8\sim\config\../rede/malha.net.xml' ... done (11ms).
Loading additional-files from 'C:\Users\User\Desktop\tcc-bloco8\sim\saida\intenso_PREEMPCAO_COMPENSADA_16\malha.det.add.xml' ... done (38ms).
Loading route-files incrementally from 'C:\Users\User\Desktop\tcc-bloco8\sim\demanda\veiculos.typ.xml'
Loading route-files incrementally from 'C:\Users\User\Desktop\tcc-bloco8\sim\saida\rotas\intenso_16.rou.xml'
Loading done.
Simulation version 1.27.1 started with time: 0.00.
Simulation ended at time: 3600.00.
Reason: TraCI requested termination.
Performance:
 Duration: 94.79s
 TraCI-Duration: 44.36s
 Real time factor: 37.9771
 UPS: 106965.419752
Vehicles:
 Inserted: 5174
 Running: 299
 Waiting: 0
Statistics (avg of 4875):
 RouteLength: 2016.86
 Speed: 10.02
 Duration: 201.78
 WaitingTime: 23.07
 TimeLoss: 54.94
 DepartDelay: 0.06
  [199/650] moderado/PREEMPCAO/seed=16                           ok        1m35s · restam ~2h30m40s
***Starting server on port 53319 ***
Loading net-file from 'C:\Users\User\Desktop\tcc-bloco8\sim\config\../rede/malha.net.xml' ... done (7ms).
Loading additional-files from 'C:\Users\User\Desktop\tcc-bloco8\sim\saida\multiplas_emergencias_FIXO_16\malha.det.add.xml' ... done (38ms).
Loading route-files incrementally from 'C:\Users\User\Desktop\tcc-bloco8\sim\demanda\veiculos.typ.xml'
Loading route-files incrementally from 'C:\Users\User\Desktop\tcc-bloco8\sim\saida\rotas\multiplas_emergencias_16.rou.xml'
Loading done.
Simulation version 1.27.1 started with time: 0.00.
Simulation ended at time: 3600.00.
Reason: TraCI requested termination.
Performance:
 Duration: 106.34s
 TraCI-Duration: 43.99s
 Real time factor: 33.853
 UPS: 111048.691956
Vehicles:
 Inserted: 5174
 Running: 360
 Waiting: 0
Statistics (avg of 4814):
 RouteLength: 2009.13
 Speed: 8.54
 Duration: 235.60
 WaitingTime: 42.04
 TimeLoss: 88.92
 DepartDelay: 0.06
  [200/650] moderado/FIXO/seed=16                                ok        1m47s · restam ~2h29m39s
***Starting server on port 53326 ***
Loading net-file from 'C:\Users\User\Desktop\tcc-bloco8\sim\config\../rede/malha.net.xml' ... done (7ms).
Loading additional-files from 'C:\Users\User\Desktop\tcc-bloco8\sim\saida\multiplas_emergencias_PREEMPCAO_16\malha.det.add.xml' ... done (52ms).
Loading route-files incrementally from 'C:\Users\User\Desktop\tcc-bloco8\sim\demanda\veiculos.typ.xml'
Loading route-files incrementally from 'C:\Users\User\Desktop\tcc-bloco8\sim\saida\rotas\multiplas_emergencias_16.rou.xml'
Loading done.
Simulation version 1.27.1 started with time: 0.00.
Simulation ended at time: 3600.00.
Reason: TraCI requested termination.
Performance:
 Duration: 97.03s
 TraCI-Duration: 45.35s
 Real time factor: 37.1031
 UPS: 105133.942099
Vehicles:
 Inserted: 5174
 Running: 279
 Waiting: 0
Statistics (avg of 4895):
 RouteLength: 2019.01
 Speed: 10.03
 Duration: 203.16
 WaitingTime: 24.00
 TimeLoss: 56.27
 DepartDelay: 0.06
  [201/650] moderado/PREEMPCAO_COMPENSADA/seed=16                ok        1m38s · restam ~2h29m57s
***Starting server on port 53385 ***
Loading net-file from 'C:\Users\User\Desktop\tcc-bloco8\sim\config\../rede/malha.net.xml' ... done (6ms).
Loading additional-files from 'C:\Users\User\Desktop\tcc-bloco8\sim\saida\multiplas_emergencias_PREEMPCAO_COMPENSADA_16\malha.det.add.xml' ... done (39ms).
Loading route-files incrementally from 'C:\Users\User\Desktop\tcc-bloco8\sim\demanda\veiculos.typ.xml'
Loading route-files incrementally from 'C:\Users\User\Desktop\tcc-bloco8\sim\saida\rotas\multiplas_emergencias_16.rou.xml'
Loading done.
Simulation version 1.27.1 started with time: 0.00.
Simulation ended at time: 3600.00.
Reason: TraCI requested termination.
Performance:
 Duration: 96.12s
 TraCI-Duration: 44.48s
 Real time factor: 37.4547
 UPS: 105910.420742
Vehicles:
 Inserted: 5180
 Running: 293
 Waiting: 0
Statistics (avg of 4887):
 RouteLength: 2018.44
 Speed: 10.00
 Duration: 202.41
 WaitingTime: 22.91
 TimeLoss: 55.57
 DepartDelay: 0.06
  [202/650] multiplas_emergencias/PREEMPCAO/seed=16              ok        1m37s · restam ~2h31m06s
***Starting server on port 54363 ***
Loading net-file from 'C:\Users\User\Desktop\tcc-bloco8\sim\config\../rede/malha.net.xml' ... done (7ms).
Loading additional-files from 'C:\Users\User\Desktop\tcc-bloco8\sim\saida\multiplas_emergencias_PREEMPCAO_ML_16\malha.det.add.xml' ... done (36ms).
Loading route-files incrementally from 'C:\Users\User\Desktop\tcc-bloco8\sim\demanda\veiculos.typ.xml'
Loading route-files incrementally from 'C:\Users\User\Desktop\tcc-bloco8\sim\saida\rotas\multiplas_emergencias_16.rou.xml'
Loading done.
Simulation version 1.27.1 started with time: 0.00.
Simulation ended at time: 3600.00.
Reason: TraCI requested termination.
Performance:
 Duration: 154.66s
 TraCI-Duration: 46.08s
 Real time factor: 23.2766
 UPS: 130367.511089
Vehicles:
 Inserted: 9034
 Running: 556
 Waiting: 0
Statistics (avg of 8478):
 RouteLength: 2012.11
 Speed: 8.75
 Duration: 230.23
 WaitingTime: 28.86
 TimeLoss: 83.44
 DepartDelay: 0.10
  [203/650] intenso/PREEMPCAO/seed=16                            ok        2m35s · restam ~2h30m09s
***Starting server on port 54371 ***
Loading net-file from 'C:\Users\User\Desktop\tcc-bloco8\sim\config\../rede/malha.net.xml' ... done (6ms).
Loading additional-files from 'C:\Users\User\Desktop\tcc-bloco8\sim\saida\leve_FIXO_17\malha.det.add.xml' ... done (39ms).
Loading route-files incrementally from 'C:\Users\User\Desktop\tcc-bloco8\sim\demanda\veiculos.typ.xml'
Loading route-files incrementally from 'C:\Users\User\Desktop\tcc-bloco8\sim\saida\rotas\leve_17.rou.xml'
Loading done.
Simulation version 1.27.1 started with time: 0.00.
Simulation ended at time: 3600.00.
Reason: TraCI requested termination.
Performance:
 Duration: 107.59s
 TraCI-Duration: 44.55s
 Real time factor: 33.4591
 UPS: 109904.734465
Vehicles:
 Inserted: 5180
 Running: 360
 Waiting: 0
Statistics (avg of 4820):
 RouteLength: 2009.73
 Speed: 8.54
 Duration: 235.64
 WaitingTime: 41.95
 TimeLoss: 88.96
 DepartDelay: 0.06
  [204/650] multiplas_emergencias/FIXO/seed=16                   ok        1m48s · restam ~2h29m18s
***Starting server on port 54383 ***
Loading net-file from 'C:\Users\User\Desktop\tcc-bloco8\sim\config\../rede/malha.net.xml' ... done (6ms).
Loading additional-files from 'C:\Users\User\Desktop\tcc-bloco8\sim\saida\leve_PREEMPCAO_17\malha.det.add.xml' ... done (42ms).
Loading route-files incrementally from 'C:\Users\User\Desktop\tcc-bloco8\sim\demanda\veiculos.typ.xml'
Loading route-files incrementally from 'C:\Users\User\Desktop\tcc-bloco8\sim\saida\rotas\leve_17.rou.xml'
Loading done.
Simulation version 1.27.1 started with time: 0.00.
Simulation ended at time: 3600.00.
Reason: TraCI requested termination.
Performance:
 Duration: 167.01s
 TraCI-Duration: 45.82s
 Real time factor: 21.5562
 UPS: 129141.145475
Vehicles:
 Inserted: 9034
 Running: 629
 Waiting: 0
Statistics (avg of 8405):
 RouteLength: 2005.18
 Speed: 8.11
 Duration: 246.39
 WaitingTime: 35.28
 TimeLoss: 99.76
 DepartDelay: 0.10
  [205/650] intenso/FIXO/seed=16                                 ok        2m48s · restam ~2h28m20s
***Starting server on port 54391 ***
Loading net-file from 'C:\Users\User\Desktop\tcc-bloco8\sim\config\../rede/malha.net.xml' ... done (13ms).
Loading additional-files from 'C:\Users\User\Desktop\tcc-bloco8\sim\saida\leve_PREEMPCAO_COMPENSADA_17\malha.det.add.xml' ... done (70ms).
Loading route-files incrementally from 'C:\Users\User\Desktop\tcc-bloco8\sim\demanda\veiculos.typ.xml'
Loading route-files incrementally from 'C:\Users\User\Desktop\tcc-bloco8\sim\saida\rotas\leve_17.rou.xml'
Loading done.
Simulation version 1.27.1 started with time: 0.00.
Simulation ended at time: 3600.00.
Reason: TraCI requested termination.
Performance:
 Duration: 156.63s
 TraCI-Duration: 47.60s
 Real time factor: 22.9841
 UPS: 127668.601162
Vehicles:
 Inserted: 9034
 Running: 563
 Waiting: 0
Statistics (avg of 8471):
 RouteLength: 2010.05
 Speed: 8.81
 Duration: 228.19
 WaitingTime: 28.60
 TimeLoss: 81.46
 DepartDelay: 0.10
  [206/650] intenso/PREEMPCAO_COMPENSADA/seed=16                 ok        2m37s · restam ~2h27m41s
***Starting server on port 54410 ***
Loading net-file from 'C:\Users\User\Desktop\tcc-bloco8\sim\config\../rede/malha.net.xml' ... done (6ms).
Loading additional-files from 'C:\Users\User\Desktop\tcc-bloco8\sim\saida\moderado_FIXO_17\malha.det.add.xml' ... done (35ms).
Loading route-files incrementally from 'C:\Users\User\Desktop\tcc-bloco8\sim\demanda\veiculos.typ.xml'
Loading route-files incrementally from 'C:\Users\User\Desktop\tcc-bloco8\sim\saida\rotas\moderado_17.rou.xml'
Loading done.
Simulation version 1.27.1 started with time: 0.00.
Simulation ended at time: 3600.00.
Reason: TraCI requested termination.
Performance:
 Duration: 100.81s
 TraCI-Duration: 46.22s
 Real time factor: 35.7107
 UPS: 105161.333201
Vehicles:
 Inserted: 5180
 Running: 323
 Waiting: 0
Statistics (avg of 4857):
 RouteLength: 2016.73
 Speed: 9.57
 Duration: 210.95
 WaitingTime: 28.48
 TimeLoss: 64.13
 DepartDelay: 0.06
  [207/650] multiplas_emergencias/PREEMPCAO_COMPENSADA/seed=16   ok        1m41s · restam ~2h27m18s
***Starting server on port 54438 ***
Loading net-file from 'C:\Users\User\Desktop\tcc-bloco8\sim\config\../rede/malha.net.xml' ... done (8ms).
Loading additional-files from 'C:\Users\User\Desktop\tcc-bloco8\sim\saida\moderado_PREEMPCAO_17\malha.det.add.xml' ... done (70ms).
Loading route-files incrementally from 'C:\Users\User\Desktop\tcc-bloco8\sim\demanda\veiculos.typ.xml'
Loading route-files incrementally from 'C:\Users\User\Desktop\tcc-bloco8\sim\saida\rotas\moderado_17.rou.xml'
Loading done.
Simulation version 1.27.1 started with time: 0.00.
Simulation ended at time: 3600.00.
Reason: TraCI requested termination.
Performance:
 Duration: 71.23s
 TraCI-Duration: 42.97s
 Real time factor: 50.5384
 UPS: 71175.185658
Vehicles:
 Inserted: 2270
 Running: 165
 Waiting: 0
Statistics (avg of 2105):
 RouteLength: 2018.06
 Speed: 8.79
 Duration: 231.04
 WaitingTime: 53.02
 TimeLoss: 84.64
 DepartDelay: 0.05
Simulation ended at time: 3600.00.
Reason: TraCI requested termination.
Performance:
 Duration: 65.00s
 TraCI-Duration: 42.93s
 Real time factor: 55.3889
 UPS: 63641.418571
Vehicles:
 Inserted: 2270
 Running: 134
 Waiting: 0
Statistics (avg of 2136):
 RouteLength: 2028.25
 Speed: 10.89
 Duration: 187.83
 WaitingTime: 22.02
 TimeLoss: 41.20
 DepartDelay: 0.05
  [208/650] leve/FIXO/seed=17                                    ok        1m12s · restam ~2h27m27s
  [209/650] leve/PREEMPCAO/seed=17                               ok        1m06s · restam ~2h26m25s
***Starting server on port 62813 ***
***Starting server on port 62816 ***
Loading net-file from 'C:\Users\User\Desktop\tcc-bloco8\sim\config\../rede/malha.net.xml' ... done (6ms).
Loading additional-files from 'C:\Users\User\Desktop\tcc-bloco8\sim\saida\moderado_PREEMPCAO_COMPENSADA_17\malha.det.add.xml' ... done (44ms).
Loading route-files incrementally from 'C:\Users\User\Desktop\tcc-bloco8\sim\demanda\veiculos.typ.xml'
Loading route-files incrementally from 'C:\Users\User\Desktop\tcc-bloco8\sim\saida\rotas\moderado_17.rou.xml'
Loading done.
Simulation version 1.27.1 started with time: 0.00.
Loading net-file from 'C:\Users\User\Desktop\tcc-bloco8\sim\config\../rede/malha.net.xml' ... done (7ms).
Loading additional-files from 'C:\Users\User\Desktop\tcc-bloco8\sim\saida\intenso_FIXO_17\malha.det.add.xml' ... done (42ms).
Loading route-files incrementally from 'C:\Users\User\Desktop\tcc-bloco8\sim\demanda\veiculos.typ.xml'
Loading route-files incrementally from 'C:\Users\User\Desktop\tcc-bloco8\sim\saida\rotas\intenso_17.rou.xml'
Loading done.
Simulation version 1.27.1 started with time: 0.00.
Simulation ended at time: 3600.00.
Reason: TraCI requested termination.
Performance:
 Duration: 67.18s
 TraCI-Duration: 43.98s
 Real time factor: 53.5882
 UPS: 63332.335998
Vehicles:
 Inserted: 2270
 Running: 133
 Waiting: 0
Statistics (avg of 2137):
 RouteLength: 2028.94
 Speed: 10.54
 Duration: 193.44
 WaitingTime: 26.41
 TimeLoss: 46.78
 DepartDelay: 0.05
  [210/650] leve/PREEMPCAO_COMPENSADA/seed=17                    ok        1m08s · restam ~2h25m33s
***Starting server on port 62827 ***
Loading net-file from 'C:\Users\User\Desktop\tcc-bloco8\sim\config\../rede/malha.net.xml' ... done (7ms).
Loading additional-files from 'C:\Users\User\Desktop\tcc-bloco8\sim\saida\intenso_PREEMPCAO_17\malha.det.add.xml' ... done (41ms).
Loading route-files incrementally from 'C:\Users\User\Desktop\tcc-bloco8\sim\demanda\veiculos.typ.xml'
Loading route-files incrementally from 'C:\Users\User\Desktop\tcc-bloco8\sim\saida\rotas\intenso_17.rou.xml'
Loading done.
Simulation version 1.27.1 started with time: 0.00.
Simulation ended at time: 3600.00.
Reason: TraCI requested termination.
Performance:
 Duration: 96.50s
 TraCI-Duration: 45.22s
 Real time factor: 37.3042
 UPS: 107065.696759
Vehicles:
 Inserted: 5180
 Running: 302
 Waiting: 0
Statistics (avg of 4878):
 RouteLength: 2017.97
 Speed: 9.85
 Duration: 205.50
 WaitingTime: 24.99
 TimeLoss: 58.67
 DepartDelay: 0.06
  [211/650] multiplas_emergencias/PREEMPCAO_ML/seed=16           ok        1m37s · restam ~2h25m08s
***Starting server on port 62853 ***
Loading net-file from 'C:\Users\User\Desktop\tcc-bloco8\sim\config\../rede/malha.net.xml' ... done (7ms).
Loading additional-files from 'C:\Users\User\Desktop\tcc-bloco8\sim\saida\intenso_PREEMPCAO_COMPENSADA_17\malha.det.add.xml' ... done (47ms).
Loading route-files incrementally from 'C:\Users\User\Desktop\tcc-bloco8\sim\demanda\veiculos.typ.xml'
Loading route-files incrementally from 'C:\Users\User\Desktop\tcc-bloco8\sim\saida\rotas\intenso_17.rou.xml'
Loading done.
Simulation version 1.27.1 started with time: 0.00.
Simulation ended at time: 3600.00.
Reason: TraCI requested termination.
Performance:
 Duration: 109.66s
 TraCI-Duration: 44.76s
 Real time factor: 32.8281
 UPS: 111205.540661
Vehicles:
 Inserted: 5338
 Running: 371
 Waiting: 0
Statistics (avg of 4967):
 RouteLength: 2011.61
 Speed: 8.53
 Duration: 236.16
 WaitingTime: 41.76
 TimeLoss: 89.14
 DepartDelay: 0.06
  [212/650] moderado/FIXO/seed=17                                ok        1m50s · restam ~2h25m22s
***Starting server on port 60603 ***
Loading net-file from 'C:\Users\User\Desktop\tcc-bloco8\sim\config\../rede/malha.net.xml' ... done (6ms).
Loading additional-files from 'C:\Users\User\Desktop\tcc-bloco8\sim\saida\multiplas_emergencias_FIXO_17\malha.det.add.xml' ... done (62ms).
Loading route-files incrementally from 'C:\Users\User\Desktop\tcc-bloco8\sim\demanda\veiculos.typ.xml'
Loading route-files incrementally from 'C:\Users\User\Desktop\tcc-bloco8\sim\saida\rotas\multiplas_emergencias_17.rou.xml'
Loading done.
Simulation version 1.27.1 started with time: 0.00.
Simulation ended at time: 3600.00.
Reason: TraCI requested termination.
Performance:
 Duration: 98.40s
 TraCI-Duration: 44.72s
 Real time factor: 36.5872
 UPS: 108009.289090
Vehicles:
 Inserted: 5338
 Running: 308
 Waiting: 0
Statistics (avg of 5030):
 RouteLength: 2017.86
 Speed: 9.84
 Duration: 205.32
 WaitingTime: 23.80
 TimeLoss: 58.16
 DepartDelay: 0.06
  [213/650] moderado/PREEMPCAO/seed=17                           ok        1m39s · restam ~2h24m36s
***Starting server on port 60618 ***
Loading net-file from 'C:\Users\User\Desktop\tcc-bloco8\sim\config\../rede/malha.net.xml' ... done (9ms).
Loading additional-files from 'C:\Users\User\Desktop\tcc-bloco8\sim\saida\multiplas_emergencias_PREEMPCAO_17\malha.det.add.xml' ... done (39ms).
Loading route-files incrementally from 'C:\Users\User\Desktop\tcc-bloco8\sim\demanda\veiculos.typ.xml'
Loading route-files incrementally from 'C:\Users\User\Desktop\tcc-bloco8\sim\saida\rotas\multiplas_emergencias_17.rou.xml'
Loading done.
Simulation version 1.27.1 started with time: 0.00.
Simulation ended at time: 3600.00.
Reason: TraCI requested termination.
Performance:
 Duration: 94.42s
 TraCI-Duration: 42.66s
 Real time factor: 38.1275
 UPS: 114628.690955
Vehicles:
 Inserted: 5338
 Running: 298
 Waiting: 0
Statistics (avg of 5040):
 RouteLength: 2017.22
 Speed: 9.67
 Duration: 209.14
 WaitingTime: 26.43
 TimeLoss: 61.99
 DepartDelay: 0.06
  [214/650] moderado/PREEMPCAO_COMPENSADA/seed=17                ok        1m35s · restam ~2h24m37s
***Starting server on port 54791 ***
Loading net-file from 'C:\Users\User\Desktop\tcc-bloco8\sim\config\../rede/malha.net.xml' ... done (9ms).
Loading additional-files from 'C:\Users\User\Desktop\tcc-bloco8\sim\saida\multiplas_emergencias_PREEMPCAO_COMPENSADA_17\malha.det.add.xml' ... done (54ms).
Loading route-files incrementally from 'C:\Users\User\Desktop\tcc-bloco8\sim\demanda\veiculos.typ.xml'
Loading route-files incrementally from 'C:\Users\User\Desktop\tcc-bloco8\sim\saida\rotas\multiplas_emergencias_17.rou.xml'
Loading done.
Simulation version 1.27.1 started with time: 0.00.
Simulation ended at time: 3600.00.
Reason: TraCI requested termination.
Performance:
 Duration: 83.52s
 TraCI-Duration: 38.78s
 Real time factor: 43.1055
 UPS: 125520.475119
Vehicles:
 Inserted: 5344
 Running: 335
 Waiting: 0
Statistics (avg of 5009):
 RouteLength: 2018.25
 Speed: 10.00
 Duration: 202.11
 WaitingTime: 22.72
 TimeLoss: 54.99
 DepartDelay: 0.06
  [215/650] multiplas_emergencias/PREEMPCAO/seed=17              ok        1m24s · restam ~2h25m28s
***Starting server on port 54884 ***
Loading net-file from 'C:\Users\User\Desktop\tcc-bloco8\sim\config\../rede/malha.net.xml' ... done (12ms).
Loading additional-files from 'C:\Users\User\Desktop\tcc-bloco8\sim\saida\multiplas_emergencias_PREEMPCAO_ML_17\malha.det.add.xml' ... done (61ms).
Loading route-files incrementally from 'C:\Users\User\Desktop\tcc-bloco8\sim\demanda\veiculos.typ.xml'
Loading route-files incrementally from 'C:\Users\User\Desktop\tcc-bloco8\sim\saida\rotas\multiplas_emergencias_17.rou.xml'
Loading done.
Simulation version 1.27.1 started with time: 0.00.
Simulation ended at time: 3600.00.
Reason: TraCI requested termination.
Performance:
 Duration: 93.62s
 TraCI-Duration: 38.57s
 Real time factor: 38.4546
 UPS: 130434.942372
Vehicles:
 Inserted: 5344
 Running: 371
 Waiting: 0
Statistics (avg of 4973):
 RouteLength: 2012.19
 Speed: 8.53
 Duration: 236.20
 WaitingTime: 41.74
 TimeLoss: 89.19
 DepartDelay: 0.06
  [216/650] multiplas_emergencias/FIXO/seed=17                   ok        1m35s · restam ~2h24m34s
***Starting server on port 54892 ***
Loading net-file from 'C:\Users\User\Desktop\tcc-bloco8\sim\config\../rede/malha.net.xml' ... done (12ms).
Loading additional-files from 'C:\Users\User\Desktop\tcc-bloco8\sim\saida\leve_FIXO_18\malha.det.add.xml' ... done (130ms).
Loading route-files incrementally from 'C:\Users\User\Desktop\tcc-bloco8\sim\demanda\veiculos.typ.xml'
Loading route-files incrementally from 'C:\Users\User\Desktop\tcc-bloco8\sim\saida\rotas\leve_18.rou.xml'
Loading done.
Simulation version 1.27.1 started with time: 0.00.
Simulation ended at time: 3600.00.
Reason: TraCI requested termination.
Performance:
 Duration: 152.55s
 TraCI-Duration: 44.30s
 Real time factor: 23.5987
 UPS: 136350.761385
Vehicles:
 Inserted: 9186
 Running: 606
 Waiting: 0
Statistics (avg of 8580):
 RouteLength: 2012.98
 Speed: 8.58
 Duration: 234.16
 WaitingTime: 29.83
 TimeLoss: 86.84
 DepartDelay: 0.09
  [217/650] intenso/PREEMPCAO/seed=17                            ok        2m33s · restam ~2h23m44s
***Starting server on port 54902 ***
Loading net-file from 'C:\Users\User\Desktop\tcc-bloco8\sim\config\../rede/malha.net.xml' ... done (11ms).
Loading additional-files from 'C:\Users\User\Desktop\tcc-bloco8\sim\saida\leve_PREEMPCAO_18\malha.det.add.xml' ... done (62ms).
Loading route-files incrementally from 'C:\Users\User\Desktop\tcc-bloco8\sim\demanda\veiculos.typ.xml'
Loading route-files incrementally from 'C:\Users\User\Desktop\tcc-bloco8\sim\saida\rotas\leve_18.rou.xml'
Loading done.
Simulation version 1.27.1 started with time: 0.00.
Simulation ended at time: 3600.00.
Reason: TraCI requested termination.
Performance:
 Duration: 161.69s
 TraCI-Duration: 43.50s
 Real time factor: 22.265
 UPS: 135090.958569
Vehicles:
 Inserted: 9186
 Running: 654
 Waiting: 0
Statistics (avg of 8532):
 RouteLength: 2007.92
 Speed: 8.14
 Duration: 245.95
 WaitingTime: 34.40
 TimeLoss: 98.75
 DepartDelay: 0.09
  [218/650] intenso/FIXO/seed=17                                 ok        2m42s · restam ~2h22m53s
***Starting server on port 54914 ***
Loading net-file from 'C:\Users\User\Desktop\tcc-bloco8\sim\config\../rede/malha.net.xml' ... done (11ms).
Loading additional-files from 'C:\Users\User\Desktop\tcc-bloco8\sim\saida\leve_PREEMPCAO_COMPENSADA_18\malha.det.add.xml' ... done (61ms).
Loading route-files incrementally from 'C:\Users\User\Desktop\tcc-bloco8\sim\demanda\veiculos.typ.xml'
Loading route-files incrementally from 'C:\Users\User\Desktop\tcc-bloco8\sim\saida\rotas\leve_18.rou.xml'
Loading done.
Simulation version 1.27.1 started with time: 0.00.
Simulation ended at time: 3600.00.
Reason: TraCI requested termination.
Performance:
 Duration: 166.95s
 TraCI-Duration: 46.85s
 Real time factor: 21.5628
 UPS: 128379.895061
Vehicles:
 Inserted: 9186
 Running: 615
 Waiting: 0
Statistics (avg of 8571):
 RouteLength: 2013.06
 Speed: 8.33
 Duration: 241.52
 WaitingTime: 34.69
 TimeLoss: 94.20
 DepartDelay: 0.09
  [219/650] intenso/PREEMPCAO_COMPENSADA/seed=17                 ok        2m48s · restam ~2h22m48s
***Starting server on port 54967 ***
Loading net-file from 'C:\Users\User\Desktop\tcc-bloco8\sim\config\../rede/malha.net.xml' ... done (9ms).
Loading additional-files from 'C:\Users\User\Desktop\tcc-bloco8\sim\saida\moderado_FIXO_18\malha.det.add.xml' ... done (57ms).
Loading route-files incrementally from 'C:\Users\User\Desktop\tcc-bloco8\sim\demanda\veiculos.typ.xml'
Loading route-files incrementally from 'C:\Users\User\Desktop\tcc-bloco8\sim\saida\rotas\moderado_18.rou.xml'
Loading done.
Simulation version 1.27.1 started with time: 0.00.
Simulation ended at time: 3600.00.
Reason: TraCI requested termination.
Performance:
 Duration: 103.01s
 TraCI-Duration: 45.52s
 Real time factor: 34.9494
 UPS: 105099.431101
Vehicles:
 Inserted: 5344
 Running: 343
 Waiting: 0
Statistics (avg of 5001):
 RouteLength: 2017.69
 Speed: 9.66
 Duration: 208.90
 WaitingTime: 26.41
 TimeLoss: 61.79
 DepartDelay: 0.06
  [220/650] multiplas_emergencias/PREEMPCAO_COMPENSADA/seed=17   ok        1m44s · restam ~2h22m08s
***Starting server on port 51206 ***
Loading net-file from 'C:\Users\User\Desktop\tcc-bloco8\sim\config\../rede/malha.net.xml' ... done (11ms).
Loading additional-files from 'C:\Users\User\Desktop\tcc-bloco8\sim\saida\moderado_PREEMPCAO_18\malha.det.add.xml' ... done (64ms).
Loading route-files incrementally from 'C:\Users\User\Desktop\tcc-bloco8\sim\demanda\veiculos.typ.xml'
Loading route-files incrementally from 'C:\Users\User\Desktop\tcc-bloco8\sim\saida\rotas\moderado_18.rou.xml'
Loading done.
Simulation version 1.27.1 started with time: 0.00.
Simulation ended at time: 3600.00.
Reason: TraCI requested termination.
Performance:
 Duration: 74.87s
 TraCI-Duration: 47.52s
 Real time factor: 48.0821
 UPS: 57053.050540
Vehicles:
 Inserted: 2296
 Running: 128
 Waiting: 0
Statistics (avg of 2168):
 RouteLength: 2026.29
 Speed: 10.69
 Duration: 191.05
 WaitingTime: 23.34
 TimeLoss: 43.59
 DepartDelay: 0.05
  [221/650] leve/PREEMPCAO/seed=18                               ok        1m15s · restam ~2h22m17s
***Starting server on port 55336 ***
Loading net-file from 'C:\Users\User\Desktop\tcc-bloco8\sim\config\../rede/malha.net.xml' ... done (10ms).
Loading additional-files from 'C:\Users\User\Desktop\tcc-bloco8\sim\saida\moderado_PREEMPCAO_COMPENSADA_18\malha.det.add.xml' ... done (54ms).
Loading route-files incrementally from 'C:\Users\User\Desktop\tcc-bloco8\sim\demanda\veiculos.typ.xml'
Loading route-files incrementally from 'C:\Users\User\Desktop\tcc-bloco8\sim\saida\rotas\moderado_18.rou.xml'
Loading done.
Simulation version 1.27.1 started with time: 0.00.
Simulation ended at time: 3600.00.
Reason: TraCI requested termination.
Performance:
 Duration: 82.57s
 TraCI-Duration: 48.39s
 Real time factor: 43.5994
 UPS: 62111.214727
Vehicles:
 Inserted: 2296
 Running: 156
 Waiting: 0
Statistics (avg of 2140):
 RouteLength: 2015.50
 Speed: 8.82
 Duration: 230.29
 WaitingTime: 51.62
 TimeLoss: 83.06
 DepartDelay: 0.05
  [222/650] leve/FIXO/seed=18                                    ok        1m23s · restam ~2h21m24s
***Starting server on port 55343 ***
Loading net-file from 'C:\Users\User\Desktop\tcc-bloco8\sim\config\../rede/malha.net.xml' ... done (10ms).
Loading additional-files from 'C:\Users\User\Desktop\tcc-bloco8\sim\saida\intenso_FIXO_18\malha.det.add.xml' ... done (54ms).
Loading route-files incrementally from 'C:\Users\User\Desktop\tcc-bloco8\sim\demanda\veiculos.typ.xml'
Loading route-files incrementally from 'C:\Users\User\Desktop\tcc-bloco8\sim\saida\rotas\intenso_18.rou.xml'
Loading done.
Simulation version 1.27.1 started with time: 0.00.
Simulation ended at time: 3600.00.
Reason: TraCI requested termination.
Performance:
 Duration: 77.02s
 TraCI-Duration: 48.52s
 Real time factor: 46.7399
 UPS: 56110.825478
Vehicles:
 Inserted: 2296
 Running: 129
 Waiting: 0
Statistics (avg of 2167):
 RouteLength: 2025.15
 Speed: 10.55
 Duration: 193.35
 WaitingTime: 25.33
 TimeLoss: 45.91
 DepartDelay: 0.05
  [223/650] leve/PREEMPCAO_COMPENSADA/seed=18                    ok        1m18s · restam ~2h20m34s
***Starting server on port 55353 ***
Loading net-file from 'C:\Users\User\Desktop\tcc-bloco8\sim\config\../rede/malha.net.xml' ... done (11ms).
Loading additional-files from 'C:\Users\User\Desktop\tcc-bloco8\sim\saida\intenso_PREEMPCAO_18\malha.det.add.xml' ... done (60ms).
Loading route-files incrementally from 'C:\Users\User\Desktop\tcc-bloco8\sim\demanda\veiculos.typ.xml'
Loading route-files incrementally from 'C:\Users\User\Desktop\tcc-bloco8\sim\saida\rotas\intenso_18.rou.xml'
Loading done.
Simulation version 1.27.1 started with time: 0.00.
Simulation ended at time: 3600.00.
Reason: TraCI requested termination.
Performance:
 Duration: 114.03s
 TraCI-Duration: 50.11s
 Real time factor: 31.5717
 UPS: 93266.395384
Vehicles:
 Inserted: 5344
 Running: 326
 Waiting: 0
Statistics (avg of 5018):
 RouteLength: 2019.31
 Speed: 9.87
 Duration: 205.21
 WaitingTime: 24.61
 TimeLoss: 58.05
 DepartDelay: 0.06
  [224/650] multiplas_emergencias/PREEMPCAO_ML/seed=17           ok        1m55s · restam ~2h20m23s
***Starting server on port 53680 ***
Loading net-file from 'C:\Users\User\Desktop\tcc-bloco8\sim\config\../rede/malha.net.xml' ... done (11ms).
Loading additional-files from 'C:\Users\User\Desktop\tcc-bloco8\sim\saida\intenso_PREEMPCAO_COMPENSADA_18\malha.det.add.xml' ... done (63ms).
Loading route-files incrementally from 'C:\Users\User\Desktop\tcc-bloco8\sim\demanda\veiculos.typ.xml'
Loading route-files incrementally from 'C:\Users\User\Desktop\tcc-bloco8\sim\saida\rotas\intenso_18.rou.xml'
Loading done.
Simulation version 1.27.1 started with time: 0.00.
Simulation ended at time: 3600.00.
Reason: TraCI requested termination.
Performance:
 Duration: 103.50s
 TraCI-Duration: 45.66s
 Real time factor: 34.7819
 UPS: 102106.964117
Vehicles:
 Inserted: 5322 (Loaded: 5323)
 Running: 241
 Waiting: 0
Statistics (avg of 5081):
 RouteLength: 2028.93
 Speed: 10.00
 Duration: 203.47
 WaitingTime: 22.72
 TimeLoss: 55.95
 DepartDelay: 0.06
  [225/650] moderado/PREEMPCAO/seed=18                           ok        1m44s · restam ~2h20m39s
***Starting server on port 53736 ***
Loading net-file from 'C:\Users\User\Desktop\tcc-bloco8\sim\config\../rede/malha.net.xml' ... done (13ms).
Loading additional-files from 'C:\Users\User\Desktop\tcc-bloco8\sim\saida\multiplas_emergencias_FIXO_18\malha.det.add.xml' ... done (64ms).
Loading route-files incrementally from 'C:\Users\User\Desktop\tcc-bloco8\sim\demanda\veiculos.typ.xml'
Loading route-files incrementally from 'C:\Users\User\Desktop\tcc-bloco8\sim\saida\rotas\multiplas_emergencias_18.rou.xml'
Loading done.
Simulation version 1.27.1 started with time: 0.00.
Simulation ended at time: 3600.00.
Reason: TraCI requested termination.
Performance:
 Duration: 122.11s
 TraCI-Duration: 47.35s
 Real time factor: 29.4816
 UPS: 100866.775858
Vehicles:
 Inserted: 5322 (Loaded: 5323)
 Running: 314
 Waiting: 0
Statistics (avg of 5008):
 RouteLength: 2019.74
 Speed: 8.52
 Duration: 237.53
 WaitingTime: 41.79
 TimeLoss: 90.20
 DepartDelay: 0.06
  [226/650] moderado/FIXO/seed=18                                ok        2m04s · restam ~2h20m01s
***Starting server on port 53753 ***
Loading net-file from 'C:\Users\User\Desktop\tcc-bloco8\sim\config\../rede/malha.net.xml' ... done (11ms).
Loading additional-files from 'C:\Users\User\Desktop\tcc-bloco8\sim\saida\multiplas_emergencias_PREEMPCAO_18\malha.det.add.xml' ... done (66ms).
Loading route-files incrementally from 'C:\Users\User\Desktop\tcc-bloco8\sim\demanda\veiculos.typ.xml'
Loading route-files incrementally from 'C:\Users\User\Desktop\tcc-bloco8\sim\saida\rotas\multiplas_emergencias_18.rou.xml'
Loading done.
Simulation version 1.27.1 started with time: 0.00.
Simulation ended at time: 3600.00.
Reason: TraCI requested termination.
Performance:
 Duration: 111.58s
 TraCI-Duration: 47.96s
 Real time factor: 32.2633
 UPS: 99453.236185
Vehicles:
 Inserted: 5322 (Loaded: 5323)
 Running: 251
 Waiting: 0
Statistics (avg of 5071):
 RouteLength: 2027.22
 Speed: 9.49
 Duration: 213.90
 WaitingTime: 29.15
 TimeLoss: 66.39
 DepartDelay: 0.06
  [227/650] moderado/PREEMPCAO_COMPENSADA/seed=18                ok        1m52s · restam ~2h20m05s
***Starting server on port 63100 ***
Loading net-file from 'C:\Users\User\Desktop\tcc-bloco8\sim\config\../rede/malha.net.xml' ... done (8ms).
Loading additional-files from 'C:\Users\User\Desktop\tcc-bloco8\sim\saida\multiplas_emergencias_PREEMPCAO_COMPENSADA_18\malha.det.add.xml' ... done (43ms).
Loading route-files incrementally from 'C:\Users\User\Desktop\tcc-bloco8\sim\demanda\veiculos.typ.xml'
Loading route-files incrementally from 'C:\Users\User\Desktop\tcc-bloco8\sim\saida\rotas\multiplas_emergencias_18.rou.xml'
Loading done.
Simulation version 1.27.1 started with time: 0.00.
Simulation ended at time: 3600.00.
Reason: TraCI requested termination.
Performance:
 Duration: 179.63s
 TraCI-Duration: 49.84s
 Real time factor: 20.0407
 UPS: 113304.702896
Vehicles:
 Inserted: 9204
 Running: 597
 Waiting: 0
Statistics (avg of 8607):
 RouteLength: 2016.55
 Speed: 8.88
 Duration: 228.28
 WaitingTime: 27.47
 TimeLoss: 80.85
 DepartDelay: 0.10
Simulation ended at time: 3600.00.
Reason: TraCI requested termination.
Performance:
 Duration: 107.15s
 TraCI-Duration: 46.77s
 Real time factor: 33.599
 UPS: 98463.395740
Vehicles:
 Inserted: 5328 (Loaded: 5329)
 Running: 243
 Waiting: 0
Statistics (avg of 5085):
 RouteLength: 2028.51
 Speed: 10.02
 Duration: 202.86
 WaitingTime: 23.14
 TimeLoss: 55.37
 DepartDelay: 0.06
  [228/650] intenso/PREEMPCAO/seed=18                            ok        3m02s · restam ~2h21m30s
Warning: Vehicle 'VE_ROTA_VE_TRANSVERSAL_05' performs emergency braking on lane ':CRUZ_06_14_0' with decel=9.00, wished=5.00, severity=1.00, time=3469.60.
Warning: Vehicle 'T2_NORTE_onibus_0017' performs emergency braking on lane ':CRUZ_06_8_0' with decel=7.00, wished=4.00, severity=1.00, time=3470.50.
  [229/650] multiplas_emergencias/PREEMPCAO/seed=18              ok        1m51s · restam ~2h20m36s
Simulation ended at time: 3600.00.
Reason: TraCI requested termination.
Performance:
 Duration: 122.12s
 TraCI-Duration: 47.72s
 Real time factor: 29.4797
 UPS: 101005.232644
Vehicles:
 Inserted: 5328 (Loaded: 5329)
 Running: 315
 Waiting: 0
 Emergency Braking: 2
Statistics (avg of 5013):
 RouteLength: 2020.22
 Speed: 8.52
 Duration: 237.59
 WaitingTime: 41.76
 TimeLoss: 90.26
 DepartDelay: 0.06
***Starting server on port 52194 ***
***Starting server on port 52195 ***
  [230/650] multiplas_emergencias/FIXO/seed=18                   ok        2m06s · restam ~2h19m49s
Loading net-file from 'C:\Users\User\Desktop\tcc-bloco8\sim\config\../rede/malha.net.xml' ...Loading net-file from 'C:\Users\User\Desktop\tcc-bloco8\sim\config\../rede/malha.net.xml' ... done (11ms).
 done (12ms).
Loading additional-files from 'C:\Users\User\Desktop\tcc-bloco8\sim\saida\multiplas_emergencias_PREEMPCAO_ML_18\malha.det.add.xml' ... done (55ms).
Loading route-files incrementally from 'C:\Users\User\Desktop\tcc-bloco8\sim\demanda\veiculos.typ.xml'
Loading route-files incrementally from 'C:\Users\User\Desktop\tcc-bloco8\sim\saida\rotas\multiplas_emergencias_18.rou.xml'
Loading done.
Simulation version 1.27.1 started with time: 0.00.
Loading additional-files from 'C:\Users\User\Desktop\tcc-bloco8\sim\saida\leve_FIXO_19\malha.det.add.xml' ... done (49ms).
Loading route-files incrementally from 'C:\Users\User\Desktop\tcc-bloco8\sim\demanda\veiculos.typ.xml'
Loading route-files incrementally from 'C:\Users\User\Desktop\tcc-bloco8\sim\saida\rotas\leve_19.rou.xml'
Loading done.
Simulation version 1.27.1 started with time: 0.00.
Simulation ended at time: 3600.00.
Reason: TraCI requested termination.
Performance:
 Duration: 195.44s
 TraCI-Duration: 48.83s
 Real time factor: 18.4197
 UPS: 112875.948486
Vehicles:
 Inserted: 9204
 Running: 665
 Waiting: 0
Statistics (avg of 8539):
 RouteLength: 2011.57
 Speed: 8.09
 Duration: 247.85
 WaitingTime: 34.90
 TimeLoss: 100.54
 DepartDelay: 0.10
***Starting server on port 52207 ***
  [231/650] intenso/FIXO/seed=18                                 ok        3m17s · restam ~2h19m00s
Loading net-file from 'C:\Users\User\Desktop\tcc-bloco8\sim\config\../rede/malha.net.xml' ... done (10ms).
Loading additional-files from 'C:\Users\User\Desktop\tcc-bloco8\sim\saida\leve_PREEMPCAO_19\malha.det.add.xml' ... done (71ms).
Loading route-files incrementally from 'C:\Users\User\Desktop\tcc-bloco8\sim\demanda\veiculos.typ.xml'
Loading route-files incrementally from 'C:\Users\User\Desktop\tcc-bloco8\sim\saida\rotas\leve_19.rou.xml'
Loading done.
Simulation version 1.27.1 started with time: 0.00.
***Starting server on port 52212 ***
Loading net-file from 'C:\Users\User\Desktop\tcc-bloco8\sim\config\../rede/malha.net.xml' ... done (13ms).
Loading additional-files from 'C:\Users\User\Desktop\tcc-bloco8\sim\saida\leve_PREEMPCAO_COMPENSADA_19\malha.det.add.xml' ... done (68ms).
Loading route-files incrementally from 'C:\Users\User\Desktop\tcc-bloco8\sim\demanda\veiculos.typ.xml'
Loading route-files incrementally from 'C:\Users\User\Desktop\tcc-bloco8\sim\saida\rotas\leve_19.rou.xml'
Loading done.
Simulation version 1.27.1 started with time: 0.00.
Simulation ended at time: 3600.00.
Reason: TraCI requested termination.
Performance:
 Duration: 115.31s
 TraCI-Duration: 48.56s
 Real time factor: 31.2215
 UPS: 93589.731581
Vehicles:
 Inserted: 5328 (Loaded: 5329)
 Running: 261
 Waiting: 0
Statistics (avg of 5067):
 RouteLength: 2027.05
 Speed: 9.79
 Duration: 207.53
 WaitingTime: 25.41
 TimeLoss: 60.06
 DepartDelay: 0.06
  [232/650] multiplas_emergencias/PREEMPCAO_COMPENSADA/seed=18   ok        1m56s · restam ~2h18m57s
***Starting server on port 52282 ***
Loading net-file from 'C:\Users\User\Desktop\tcc-bloco8\sim\config\../rede/malha.net.xml' ... done (10ms).
Loading additional-files from 'C:\Users\User\Desktop\tcc-bloco8\sim\saida\moderado_FIXO_19\malha.det.add.xml' ... done (55ms).
Loading route-files incrementally from 'C:\Users\User\Desktop\tcc-bloco8\sim\demanda\veiculos.typ.xml'
Loading route-files incrementally from 'C:\Users\User\Desktop\tcc-bloco8\sim\saida\rotas\moderado_19.rou.xml'
Loading done.
Simulation version 1.27.1 started with time: 0.00.
Simulation ended at time: 3600.00.
Reason: TraCI requested termination.
Performance:
 Duration: 199.27s
 TraCI-Duration: 52.56s
 Real time factor: 18.0659
 UPS: 107934.305544
Vehicles:
 Inserted: 9204
 Running: 622
 Waiting: 0
Statistics (avg of 8582):
 RouteLength: 2012.13
 Speed: 8.34
 Duration: 241.26
 WaitingTime: 33.36
 TimeLoss: 93.95
 DepartDelay: 0.10
  [233/650] intenso/PREEMPCAO_COMPENSADA/seed=18                 ok        3m20s · restam ~2h18m05s
***Starting server on port 52288 ***
Loading net-file from 'C:\Users\User\Desktop\tcc-bloco8\sim\config\../rede/malha.net.xml' ... done (12ms).
Loading additional-files from 'C:\Users\User\Desktop\tcc-bloco8\sim\saida\moderado_PREEMPCAO_19\malha.det.add.xml' ... done (61ms).
Loading route-files incrementally from 'C:\Users\User\Desktop\tcc-bloco8\sim\demanda\veiculos.typ.xml'
Loading route-files incrementally from 'C:\Users\User\Desktop\tcc-bloco8\sim\saida\rotas\moderado_19.rou.xml'
Loading done.
Simulation version 1.27.1 started with time: 0.00.
Simulation ended at time: 3600.00.
Reason: TraCI requested termination.
Performance:
 Duration: 69.44s
 TraCI-Duration: 44.29s
 Real time factor: 51.8463
 UPS: 63267.195691
Vehicles:
 Inserted: 2337
 Running: 112
 Waiting: 0
Statistics (avg of 2225):
 RouteLength: 2031.18
 Speed: 10.60
 Duration: 192.91
 WaitingTime: 24.89
 TimeLoss: 45.20
 DepartDelay: 0.05
  [234/650] leve/PREEMPCAO/seed=19                               ok        1m13s · restam ~2h18m18s
***Starting server on port 52346 ***
Loading net-file from 'C:\Users\User\Desktop\tcc-bloco8\sim\config\../rede/malha.net.xml' ... done (10ms).
Loading additional-files from 'C:\Users\User\Desktop\tcc-bloco8\sim\saida\moderado_PREEMPCAO_COMPENSADA_19\malha.det.add.xml' ... done (62ms).
Loading route-files incrementally from 'C:\Users\User\Desktop\tcc-bloco8\sim\demanda\veiculos.typ.xml'
Loading route-files incrementally from 'C:\Users\User\Desktop\tcc-bloco8\sim\saida\rotas\moderado_19.rou.xml'
Loading done.
Simulation version 1.27.1 started with time: 0.00.
Simulation ended at time: 3600.00.
Reason: TraCI requested termination.
Performance:
 Duration: 70.89s
 TraCI-Duration: 45.27s
 Real time factor: 50.7808
 UPS: 62097.104086
Vehicles:
 Inserted: 2337
 Running: 116
 Waiting: 0
Statistics (avg of 2221):
 RouteLength: 2030.34
 Speed: 10.60
 Duration: 193.29
 WaitingTime: 24.64
 TimeLoss: 45.60
 DepartDelay: 0.05
  [235/650] leve/PREEMPCAO_COMPENSADA/seed=19                    ok        1m12s · restam ~2h17m27s
Simulation ended at time: 3600.00.
Reason: TraCI requested termination.
Performance:
 Duration: 76.18s
 TraCI-Duration: 44.11s
 Real time factor: 47.259
 UPS: 68866.112686
Vehicles:
 Inserted: 2337
 Running: 148
 Waiting: 0
Statistics (avg of 2189):
 RouteLength: 2021.73
 Speed: 8.81
 Duration: 230.86
 WaitingTime: 51.42
 TimeLoss: 83.39
 DepartDelay: 0.05
***Starting server on port 52355 ***
  [236/650] leve/FIXO/seed=19                                    ok        1m21s · restam ~2h16m33s
Loading net-file from 'C:\Users\User\Desktop\tcc-bloco8\sim\config\../rede/malha.net.xml' ... done (12ms).
Loading additional-files from 'C:\Users\User\Desktop\tcc-bloco8\sim\saida\intenso_FIXO_19\malha.det.add.xml' ... done (103ms).
Loading route-files incrementally from 'C:\Users\User\Desktop\tcc-bloco8\sim\demanda\veiculos.typ.xml'
Loading route-files incrementally from 'C:\Users\User\Desktop\tcc-bloco8\sim\saida\rotas\intenso_19.rou.xml'
Loading done.
Simulation version 1.27.1 started with time: 0.00.
***Starting server on port 52360 ***
Loading net-file from 'C:\Users\User\Desktop\tcc-bloco8\sim\config\../rede/malha.net.xml' ... done (14ms).
Loading additional-files from 'C:\Users\User\Desktop\tcc-bloco8\sim\saida\intenso_PREEMPCAO_19\malha.det.add.xml' ... done (83ms).
Loading route-files incrementally from 'C:\Users\User\Desktop\tcc-bloco8\sim\demanda\veiculos.typ.xml'
Loading route-files incrementally from 'C:\Users\User\Desktop\tcc-bloco8\sim\saida\rotas\intenso_19.rou.xml'
Loading done.
Simulation version 1.27.1 started with time: 0.00.
Simulation ended at time: 3600.00.
Reason: TraCI requested termination.
Performance:
 Duration: 105.29s
 TraCI-Duration: 46.22s
 Real time factor: 34.1913
 UPS: 101293.693608
Vehicles:
 Inserted: 5328 (Loaded: 5329)
 Running: 254
 Waiting: 0
Statistics (avg of 5074):
 RouteLength: 2028.68
 Speed: 9.90
 Duration: 205.15
 WaitingTime: 24.09
 TimeLoss: 57.65
 DepartDelay: 0.06
  [237/650] multiplas_emergencias/PREEMPCAO_ML/seed=18           ok        1m52s · restam ~2h16m29s
***Starting server on port 52404 ***
Loading net-file from 'C:\Users\User\Desktop\tcc-bloco8\sim\config\../rede/malha.net.xml' ... done (8ms).
Loading additional-files from 'C:\Users\User\Desktop\tcc-bloco8\sim\saida\intenso_PREEMPCAO_COMPENSADA_19\malha.det.add.xml' ... done (54ms).
Loading route-files incrementally from 'C:\Users\User\Desktop\tcc-bloco8\sim\demanda\veiculos.typ.xml'
Loading route-files incrementally from 'C:\Users\User\Desktop\tcc-bloco8\sim\saida\rotas\intenso_19.rou.xml'
Loading done.
Simulation version 1.27.1 started with time: 0.00.
Simulation ended at time: 3600.00.
Reason: TraCI requested termination.
Performance:
 Duration: 96.35s
 TraCI-Duration: 42.38s
 Real time factor: 37.3657
 UPS: 111857.429031
Vehicles:
 Inserted: 5399
 Running: 274
 Waiting: 0
Statistics (avg of 5125):
 RouteLength: 2028.48
 Speed: 9.90
 Duration: 205.26
 WaitingTime: 23.88
 TimeLoss: 57.68
 DepartDelay: 0.06
  [238/650] moderado/PREEMPCAO/seed=19                           ok        1m37s · restam ~2h16m23s
***Starting server on port 52447 ***
Loading net-file from 'C:\Users\User\Desktop\tcc-bloco8\sim\config\../rede/malha.net.xml' ... done (8ms).
Loading additional-files from 'C:\Users\User\Desktop\tcc-bloco8\sim\saida\multiplas_emergencias_FIXO_19\malha.det.add.xml' ... done (51ms).
Loading route-files incrementally from 'C:\Users\User\Desktop\tcc-bloco8\sim\demanda\veiculos.typ.xml'
Loading route-files incrementally from 'C:\Users\User\Desktop\tcc-bloco8\sim\saida\rotas\multiplas_emergencias_19.rou.xml'
Loading done.
Simulation version 1.27.1 started with time: 0.00.
Simulation ended at time: 3600.00.
Reason: TraCI requested termination.
Performance:
 Duration: 108.59s
 TraCI-Duration: 42.39s
 Real time factor: 33.1522
 UPS: 114585.339350
Vehicles:
 Inserted: 5399
 Running: 367
 Waiting: 0
Statistics (avg of 5032):
 RouteLength: 2018.07
 Speed: 8.51
 Duration: 237.40
 WaitingTime: 41.75
 TimeLoss: 90.04
 DepartDelay: 0.07
  [239/650] moderado/FIXO/seed=19                                ok        1m49s · restam ~2h15m46s
***Starting server on port 52489 ***
Loading net-file from 'C:\Users\User\Desktop\tcc-bloco8\sim\config\../rede/malha.net.xml' ... done (6ms).
Loading additional-files from 'C:\Users\User\Desktop\tcc-bloco8\sim\saida\multiplas_emergencias_PREEMPCAO_19\malha.det.add.xml' ... done (42ms).
Loading route-files incrementally from 'C:\Users\User\Desktop\tcc-bloco8\sim\demanda\veiculos.typ.xml'
Loading route-files incrementally from 'C:\Users\User\Desktop\tcc-bloco8\sim\saida\rotas\multiplas_emergencias_19.rou.xml'
Loading done.
Simulation version 1.27.1 started with time: 0.00.
Simulation ended at time: 3600.00.
Reason: TraCI requested termination.
Performance:
 Duration: 102.97s
 TraCI-Duration: 44.90s
 Real time factor: 34.961
 UPS: 106018.791516
Vehicles:
 Inserted: 5399
 Running: 290
 Waiting: 0
Statistics (avg of 5109):
 RouteLength: 2026.63
 Speed: 9.78
 Duration: 207.98
 WaitingTime: 25.64
 TimeLoss: 60.45
 DepartDelay: 0.06
  [240/650] moderado/PREEMPCAO_COMPENSADA/seed=19                ok        1m44s · restam ~2h15m52s
***Starting server on port 51429 ***
Loading net-file from 'C:\Users\User\Desktop\tcc-bloco8\sim\config\../rede/malha.net.xml' ... done (12ms).
Loading additional-files from 'C:\Users\User\Desktop\tcc-bloco8\sim\saida\multiplas_emergencias_PREEMPCAO_COMPENSADA_19\malha.det.add.xml' ... done (45ms).
Loading route-files incrementally from 'C:\Users\User\Desktop\tcc-bloco8\sim\demanda\veiculos.typ.xml'
Loading route-files incrementally from 'C:\Users\User\Desktop\tcc-bloco8\sim\saida\rotas\multiplas_emergencias_19.rou.xml'
Loading done.
Simulation version 1.27.1 started with time: 0.00.
Simulation ended at time: 3600.00.
Reason: TraCI requested termination.
Performance:
 Duration: 178.36s
 TraCI-Duration: 50.05s
 Real time factor: 20.1844
 UPS: 114951.069771
Vehicles:
 Inserted: 9180
 Running: 569
 Waiting: 0
Statistics (avg of 8611):
 RouteLength: 2024.00
 Speed: 8.76
 Duration: 230.65
 WaitingTime: 28.41
 TimeLoss: 83.10
 DepartDelay: 0.09
  [241/650] intenso/PREEMPCAO/seed=19                            ok        2m59s · restam ~2h17m12s
***Starting server on port 65381 ***
Loading net-file from 'C:\Users\User\Desktop\tcc-bloco8\sim\config\../rede/malha.net.xml' ... done (12ms).
Loading additional-files from 'C:\Users\User\Desktop\tcc-bloco8\sim\saida\multiplas_emergencias_PREEMPCAO_ML_19\malha.det.add.xml' ... done (158ms).
Loading route-files incrementally from 'C:\Users\User\Desktop\tcc-bloco8\sim\demanda\veiculos.typ.xml'
Loading route-files incrementally from 'C:\Users\User\Desktop\tcc-bloco8\sim\saida\rotas\multiplas_emergencias_19.rou.xml'
Loading done.
Simulation version 1.27.1 started with time: 0.00.
Simulation ended at time: 3600.00.
Reason: TraCI requested termination.
Performance:
 Duration: 122.37s
 TraCI-Duration: 51.86s
 Real time factor: 29.418
 UPS: 89190.988282
Vehicles:
 Inserted: 5405
 Running: 292
 Waiting: 0
Statistics (avg of 5113):
 RouteLength: 2027.77
 Speed: 9.77
 Duration: 207.75
 WaitingTime: 24.54
 TimeLoss: 60.22
 DepartDelay: 0.06
  [242/650] multiplas_emergencias/PREEMPCAO/seed=19              ok        2m03s · restam ~2h16m35s
***Starting server on port 65399 ***
Loading net-file from 'C:\Users\User\Desktop\tcc-bloco8\sim\config\../rede/malha.net.xml' ... done (12ms).
Loading additional-files from 'C:\Users\User\Desktop\tcc-bloco8\sim\saida\leve_FIXO_20\malha.det.add.xml' ... done (81ms).
Loading route-files incrementally from 'C:\Users\User\Desktop\tcc-bloco8\sim\demanda\veiculos.typ.xml'
Loading route-files incrementally from 'C:\Users\User\Desktop\tcc-bloco8\sim\saida\rotas\leve_20.rou.xml'
Loading done.
Simulation version 1.27.1 started with time: 0.00.
Simulation ended at time: 3600.00.
Reason: TraCI requested termination.
Performance:
 Duration: 135.65s
 TraCI-Duration: 51.50s
 Real time factor: 26.5393
 UPS: 91864.141012
Vehicles:
 Inserted: 5405
 Running: 368
 Waiting: 0
Statistics (avg of 5037):
 RouteLength: 2018.74
 Speed: 8.51
 Duration: 237.49
 WaitingTime: 41.76
 TimeLoss: 90.14
 DepartDelay: 0.06
  [243/650] multiplas_emergencias/FIXO/seed=19                   ok        2m16s · restam ~2h15m46s
***Starting server on port 65421 ***
Loading net-file from 'C:\Users\User\Desktop\tcc-bloco8\sim\config\../rede/malha.net.xml' ... done (11ms).
Loading additional-files from 'C:\Users\User\Desktop\tcc-bloco8\sim\saida\leve_PREEMPCAO_20\malha.det.add.xml' ... done (69ms).
Loading route-files incrementally from 'C:\Users\User\Desktop\tcc-bloco8\sim\demanda\veiculos.typ.xml'
Loading route-files incrementally from 'C:\Users\User\Desktop\tcc-bloco8\sim\saida\rotas\leve_20.rou.xml'
Loading done.
Simulation version 1.27.1 started with time: 0.00.
Simulation ended at time: 3600.00.
Reason: TraCI requested termination.
Performance:
 Duration: 201.24s
 TraCI-Duration: 51.12s
 Real time factor: 17.8893
 UPS: 109138.110098
Vehicles:
 Inserted: 9180
 Running: 653
 Waiting: 0
Statistics (avg of 8527):
 RouteLength: 2019.95
 Speed: 8.14
 Duration: 247.42
 WaitingTime: 34.87
 TimeLoss: 99.95
 DepartDelay: 0.09
  [244/650] intenso/FIXO/seed=19                                 ok        3m22s · restam ~2h15m07s
***Starting server on port 65451 ***
Loading net-file from 'C:\Users\User\Desktop\tcc-bloco8\sim\config\../rede/malha.net.xml' ... done (11ms).
Loading additional-files from 'C:\Users\User\Desktop\tcc-bloco8\sim\saida\leve_PREEMPCAO_COMPENSADA_20\malha.det.add.xml' ... done (60ms).
Loading route-files incrementally from 'C:\Users\User\Desktop\tcc-bloco8\sim\demanda\veiculos.typ.xml'
Loading route-files incrementally from 'C:\Users\User\Desktop\tcc-bloco8\sim\saida\rotas\leve_20.rou.xml'
Loading done.
Simulation version 1.27.1 started with time: 0.00.
Simulation ended at time: 3600.00.
Reason: TraCI requested termination.
Performance:
 Duration: 209.07s
 TraCI-Duration: 56.15s
 Real time factor: 17.2189
 UPS: 100987.277110
Vehicles:
 Inserted: 9180
 Running: 570
 Waiting: 0
Statistics (avg of 8610):
 RouteLength: 2024.41
 Speed: 8.50
 Duration: 237.80
 WaitingTime: 32.56
 TimeLoss: 90.23
 DepartDelay: 0.09
  [245/650] intenso/PREEMPCAO_COMPENSADA/seed=19                 ok        3m31s · restam ~2h15m18s
***Starting server on port 49355 ***
Loading net-file from 'C:\Users\User\Desktop\tcc-bloco8\sim\config\../rede/malha.net.xml' ... done (15ms).
Loading additional-files from 'C:\Users\User\Desktop\tcc-bloco8\sim\saida\moderado_FIXO_20\malha.det.add.xml' ... done (62ms).
Loading route-files incrementally from 'C:\Users\User\Desktop\tcc-bloco8\sim\demanda\veiculos.typ.xml'
Loading route-files incrementally from 'C:\Users\User\Desktop\tcc-bloco8\sim\saida\rotas\moderado_20.rou.xml'
Loading done.
Simulation version 1.27.1 started with time: 0.00.
Simulation ended at time: 3600.00.
Reason: TraCI requested termination.
Performance:
 Duration: 142.03s
 TraCI-Duration: 59.16s
 Real time factor: 25.3471
 UPS: 78069.753851
Vehicles:
 Inserted: 5405
 Running: 289
 Waiting: 0
Statistics (avg of 5116):
 RouteLength: 2029.61
 Speed: 9.63
 Duration: 211.14
 WaitingTime: 26.86
 TimeLoss: 63.55
 DepartDelay: 0.06
  [246/650] multiplas_emergencias/PREEMPCAO_COMPENSADA/seed=19   ok        2m23s · restam ~2h14m32s
***Starting server on port 49378 ***
Loading net-file from 'C:\Users\User\Desktop\tcc-bloco8\sim\config\../rede/malha.net.xml' ... done (7ms).
Loading additional-files from 'C:\Users\User\Desktop\tcc-bloco8\sim\saida\moderado_PREEMPCAO_20\malha.det.add.xml' ... done (57ms).
Loading route-files incrementally from 'C:\Users\User\Desktop\tcc-bloco8\sim\demanda\veiculos.typ.xml'
Loading route-files incrementally from 'C:\Users\User\Desktop\tcc-bloco8\sim\saida\rotas\moderado_20.rou.xml'
Loading done.
Simulation version 1.27.1 started with time: 0.00.
Simulation ended at time: 3600.00.
Reason: TraCI requested termination.
Performance:
 Duration: 90.00s
 TraCI-Duration: 56.28s
 Real time factor: 40.0009
 UPS: 46781.750706
Vehicles:
 Inserted: 2277
 Running: 112
 Waiting: 0
Statistics (avg of 2165):
 RouteLength: 2035.80
 Speed: 10.79
 Duration: 189.94
 WaitingTime: 22.18
 TimeLoss: 42.09
 DepartDelay: 0.06
  [247/650] leve/PREEMPCAO/seed=20                               ok        1m31s · restam ~2h14m44s
***Starting server on port 49580 ***
Loading net-file from 'C:\Users\User\Desktop\tcc-bloco8\sim\config\../rede/malha.net.xml' ... done (12ms).
Loading additional-files from 'C:\Users\User\Desktop\tcc-bloco8\sim\saida\moderado_PREEMPCAO_COMPENSADA_20\malha.det.add.xml' ... done (73ms).
Loading route-files incrementally from 'C:\Users\User\Desktop\tcc-bloco8\sim\demanda\veiculos.typ.xml'
Loading route-files incrementally from 'C:\Users\User\Desktop\tcc-bloco8\sim\saida\rotas\moderado_20.rou.xml'
Loading done.
Simulation version 1.27.1 started with time: 0.00.
Simulation ended at time: 3600.00.
Reason: TraCI requested termination.
Performance:
 Duration: 100.58s
 TraCI-Duration: 56.55s
 Real time factor: 35.7928
 UPS: 51057.576631
Vehicles:
 Inserted: 2277
 Running: 150
 Waiting: 0
Statistics (avg of 2127):
 RouteLength: 2025.26
 Speed: 8.77
 Duration: 232.26
 WaitingTime: 52.36
 TimeLoss: 84.67
 DepartDelay: 0.06
  [248/650] leve/FIXO/seed=20                                    ok        1m41s · restam ~2h14m04s
***Starting server on port 49596 ***
Loading net-file from 'C:\Users\User\Desktop\tcc-bloco8\sim\config\../rede/malha.net.xml' ... done (11ms).
Loading additional-files from 'C:\Users\User\Desktop\tcc-bloco8\sim\saida\intenso_FIXO_20\malha.det.add.xml' ... done (58ms).
Loading route-files incrementally from 'C:\Users\User\Desktop\tcc-bloco8\sim\demanda\veiculos.typ.xml'
Loading route-files incrementally from 'C:\Users\User\Desktop\tcc-bloco8\sim\saida\rotas\intenso_20.rou.xml'
Loading done.
Simulation version 1.27.1 started with time: 0.00.
Simulation ended at time: 3600.00.
Reason: TraCI requested termination.
Performance:
 Duration: 91.57s
 TraCI-Duration: 56.53s
 Real time factor: 39.3163
 UPS: 46655.752744
Vehicles:
 Inserted: 2277
 Running: 118
 Waiting: 0
Statistics (avg of 2159):
 RouteLength: 2033.60
 Speed: 10.61
 Duration: 192.64
 WaitingTime: 24.27
 TimeLoss: 44.84
 DepartDelay: 0.06
  [249/650] leve/PREEMPCAO_COMPENSADA/seed=20                    ok        1m32s · restam ~2h13m16s
***Starting server on port 49603 ***
Loading net-file from 'C:\Users\User\Desktop\tcc-bloco8\sim\config\../rede/malha.net.xml' ... done (10ms).
Loading additional-files from 'C:\Users\User\Desktop\tcc-bloco8\sim\saida\intenso_PREEMPCAO_20\malha.det.add.xml' ... done (59ms).
Loading route-files incrementally from 'C:\Users\User\Desktop\tcc-bloco8\sim\demanda\veiculos.typ.xml'
Loading route-files incrementally from 'C:\Users\User\Desktop\tcc-bloco8\sim\saida\rotas\intenso_20.rou.xml'
Loading done.
Simulation version 1.27.1 started with time: 0.00.
Simulation ended at time: 3600.00.
Reason: TraCI requested termination.
Performance:
 Duration: 138.73s
 TraCI-Duration: 57.57s
 Real time factor: 25.9495
 UPS: 78302.297252
Vehicles:
 Inserted: 5405
 Running: 285
 Waiting: 0
Statistics (avg of 5120):
 RouteLength: 2029.19
 Speed: 9.84
 Duration: 206.74
 WaitingTime: 24.30
 TimeLoss: 59.17
 DepartDelay: 0.06
  [250/650] multiplas_emergencias/PREEMPCAO_ML/seed=19           ok        2m20s · restam ~2h13m05s
***Starting server on port 49642 ***
Loading net-file from 'C:\Users\User\Desktop\tcc-bloco8\sim\config\../rede/malha.net.xml' ... done (6ms).
Loading additional-files from 'C:\Users\User\Desktop\tcc-bloco8\sim\saida\intenso_PREEMPCAO_COMPENSADA_20\malha.det.add.xml' ... done (55ms).
Loading route-files incrementally from 'C:\Users\User\Desktop\tcc-bloco8\sim\demanda\veiculos.typ.xml'
Loading route-files incrementally from 'C:\Users\User\Desktop\tcc-bloco8\sim\saida\rotas\intenso_20.rou.xml'
Loading done.
Simulation version 1.27.1 started with time: 0.00.
Simulation ended at time: 3600.00.
Reason: TraCI requested termination.
Performance:
 Duration: 104.08s
 TraCI-Duration: 45.84s
 Real time factor: 34.5894
 UPS: 99103.086147
Vehicles:
 Inserted: 5250 (Loaded: 5251)
 Running: 266
 Waiting: 0
Statistics (avg of 4984):
 RouteLength: 2030.13
 Speed: 10.10
 Duration: 201.85
 WaitingTime: 22.66
 TimeLoss: 54.35
 DepartDelay: 0.06
  [251/650] moderado/PREEMPCAO/seed=20                           ok        1m45s · restam ~2h13m00s
***Starting server on port 49699 ***
Loading net-file from 'C:\Users\User\Desktop\tcc-bloco8\sim\config\../rede/malha.net.xml' ... done (7ms).
Loading additional-files from 'C:\Users\User\Desktop\tcc-bloco8\sim\saida\multiplas_emergencias_FIXO_20\malha.det.add.xml' ... done (51ms).
Loading route-files incrementally from 'C:\Users\User\Desktop\tcc-bloco8\sim\demanda\veiculos.typ.xml'
Loading route-files incrementally from 'C:\Users\User\Desktop\tcc-bloco8\sim\saida\rotas\multiplas_emergencias_20.rou.xml'
Loading done.
Simulation version 1.27.1 started with time: 0.00.
Simulation ended at time: 3600.00.
Reason: TraCI requested termination.
Performance:
 Duration: 116.53s
 TraCI-Duration: 45.87s
 Real time factor: 30.8944
 UPS: 103891.903953
Vehicles:
 Inserted: 5250 (Loaded: 5251)
 Running: 362
 Waiting: 0
Statistics (avg of 4888):
 RouteLength: 2022.44
 Speed: 8.53
 Duration: 237.59
 WaitingTime: 42.45
 TimeLoss: 90.27
 DepartDelay: 0.06
  [252/650] moderado/FIXO/seed=20                                ok        1m57s · restam ~2h12m22s
***Starting server on port 49915 ***
Loading net-file from 'C:\Users\User\Desktop\tcc-bloco8\sim\config\../rede/malha.net.xml' ... done (10ms).
Loading additional-files from 'C:\Users\User\Desktop\tcc-bloco8\sim\saida\multiplas_emergencias_PREEMPCAO_20\malha.det.add.xml' ... done (46ms).
Loading route-files incrementally from 'C:\Users\User\Desktop\tcc-bloco8\sim\demanda\veiculos.typ.xml'
Loading route-files incrementally from 'C:\Users\User\Desktop\tcc-bloco8\sim\saida\rotas\multiplas_emergencias_20.rou.xml'
Loading done.
Simulation version 1.27.1 started with time: 0.00.
Simulation ended at time: 3600.00.
Reason: TraCI requested termination.
Performance:
 Duration: 91.30s
 TraCI-Duration: 41.46s
 Real time factor: 39.4322
 UPS: 115676.612338
Vehicles:
 Inserted: 5250 (Loaded: 5251)
 Running: 287
 Waiting: 0
Statistics (avg of 4963):
 RouteLength: 2028.77
 Speed: 9.84
 Duration: 206.75
 WaitingTime: 25.54
 TimeLoss: 59.30
 DepartDelay: 0.06
  [253/650] moderado/PREEMPCAO_COMPENSADA/seed=20                ok        1m32s · restam ~2h12m00s
***Starting server on port 50072 ***
Loading net-file from 'C:\Users\User\Desktop\tcc-bloco8\sim\config\../rede/malha.net.xml' ... done (6ms).
Loading additional-files from 'C:\Users\User\Desktop\tcc-bloco8\sim\saida\multiplas_emergencias_PREEMPCAO_COMPENSADA_20\malha.det.add.xml' ... done (51ms).
Loading route-files incrementally from 'C:\Users\User\Desktop\tcc-bloco8\sim\demanda\veiculos.typ.xml'
Loading route-files incrementally from 'C:\Users\User\Desktop\tcc-bloco8\sim\saida\rotas\multiplas_emergencias_20.rou.xml'
Loading done.
Simulation version 1.27.1 started with time: 0.00.
Simulation ended at time: 3600.00.
Reason: TraCI requested termination.
Performance:
 Duration: 136.83s
 TraCI-Duration: 40.96s
 Real time factor: 26.3104
 UPS: 149019.199287
Vehicles:
 Inserted: 9092
 Running: 575
 Waiting: 0
Statistics (avg of 8517):
 RouteLength: 2013.15
 Speed: 8.69
 Duration: 231.71
 WaitingTime: 29.56
 TimeLoss: 84.72
 DepartDelay: 0.10
  [254/650] intenso/PREEMPCAO/seed=20                            ok        2m17s · restam ~2h12m36s
***Starting server on port 50154 ***
Loading net-file from 'C:\Users\User\Desktop\tcc-bloco8\sim\config\../rede/malha.net.xml' ... done (7ms).
Loading additional-files from 'C:\Users\User\Desktop\tcc-bloco8\sim\saida\multiplas_emergencias_PREEMPCAO_ML_20\malha.det.add.xml' ... done (49ms).
Loading route-files incrementally from 'C:\Users\User\Desktop\tcc-bloco8\sim\demanda\veiculos.typ.xml'
Loading route-files incrementally from 'C:\Users\User\Desktop\tcc-bloco8\sim\saida\rotas\multiplas_emergencias_20.rou.xml'
Loading done.
Simulation version 1.27.1 started with time: 0.00.
Simulation ended at time: 3600.00.
Reason: TraCI requested termination.
Performance:
 Duration: 145.80s
 TraCI-Duration: 40.12s
 Real time factor: 24.6907
 UPS: 148161.477051
Vehicles:
 Inserted: 9092
 Running: 650
 Waiting: 0
Statistics (avg of 8442):
 RouteLength: 2007.80
 Speed: 8.15
 Duration: 245.72
 WaitingTime: 35.38
 TimeLoss: 98.84
 DepartDelay: 0.10
  [255/650] intenso/FIXO/seed=20                                 ok        2m26s · restam ~2h11m55s
***Starting server on port 64351 ***
Loading net-file from 'C:\Users\User\Desktop\tcc-bloco8\sim\config\../rede/malha.net.xml' ... done (10ms).
Loading additional-files from 'C:\Users\User\Desktop\tcc-bloco8\sim\saida\leve_FIXO_21\malha.det.add.xml' ... done (41ms).
Loading route-files incrementally from 'C:\Users\User\Desktop\tcc-bloco8\sim\demanda\veiculos.typ.xml'
Loading route-files incrementally from 'C:\Users\User\Desktop\tcc-bloco8\sim\saida\rotas\leve_21.rou.xml'
Loading done.
Simulation version 1.27.1 started with time: 0.00.
Simulation ended at time: 3600.00.
Reason: TraCI requested termination.
Performance:
 Duration: 90.40s
 TraCI-Duration: 37.46s
 Real time factor: 39.8234
 UPS: 134135.311231
Vehicles:
 Inserted: 5256 (Loaded: 5257)
 Running: 363
 Waiting: 0
Statistics (avg of 4893):
 RouteLength: 2022.92
 Speed: 8.52
 Duration: 237.69
 WaitingTime: 42.48
 TimeLoss: 90.38
 DepartDelay: 0.06
  [256/650] multiplas_emergencias/FIXO/seed=20                   ok        1m31s · restam ~2h11m07s
Simulation ended at time: 3600.00.
Reason: TraCI requested termination.
Performance:
 Duration: 82.57s
 TraCI-Duration: 38.22s
 Real time factor: 43.5988
 UPS: 128044.664592
Vehicles:
 Inserted: 5256 (Loaded: 5257)
 Running: 300
 Waiting: 0
Statistics (avg of 4956):
 RouteLength: 2030.33
 Speed: 9.82
 Duration: 206.77
 WaitingTime: 25.36
 TimeLoss: 59.32
 DepartDelay: 0.06
***Starting server on port 64358 ***
  [257/650] multiplas_emergencias/PREEMPCAO/seed=20              ok        1m23s · restam ~2h10m17s
Loading net-file from 'C:\Users\User\Desktop\tcc-bloco8\sim\config\../rede/malha.net.xml' ... done (8ms).
Loading additional-files from 'C:\Users\User\Desktop\tcc-bloco8\sim\saida\leve_PREEMPCAO_21\malha.det.add.xml' ... done (59ms).
Loading route-files incrementally from 'C:\Users\User\Desktop\tcc-bloco8\sim\demanda\veiculos.typ.xml'
Loading route-files incrementally from 'C:\Users\User\Desktop\tcc-bloco8\sim\saida\rotas\leve_21.rou.xml'
Loading done.
***Starting server on port 64363 ***
Simulation version 1.27.1 started with time: 0.00.
Loading net-file from 'C:\Users\User\Desktop\tcc-bloco8\sim\config\../rede/malha.net.xml' ... done (10ms).
Loading additional-files from 'C:\Users\User\Desktop\tcc-bloco8\sim\saida\leve_PREEMPCAO_COMPENSADA_21\malha.det.add.xml' ... done (53ms).
Loading route-files incrementally from 'C:\Users\User\Desktop\tcc-bloco8\sim\demanda\veiculos.typ.xml'
Loading route-files incrementally from 'C:\Users\User\Desktop\tcc-bloco8\sim\saida\rotas\leve_21.rou.xml'
Loading done.
Simulation version 1.27.1 started with time: 0.00.
Simulation ended at time: 3600.00.
Reason: TraCI requested termination.
Performance:
 Duration: 137.03s
 TraCI-Duration: 40.89s
 Real time factor: 26.272
 UPS: 153065.278629
Vehicles:
 Inserted: 9092
 Running: 578
 Waiting: 0
Statistics (avg of 8514):
 RouteLength: 2014.16
 Speed: 8.44
 Duration: 238.57
 WaitingTime: 33.15
 TimeLoss: 91.57
 DepartDelay: 0.10
  [258/650] intenso/PREEMPCAO_COMPENSADA/seed=20                 ok        2m18s · restam ~2h09m52s
***Starting server on port 53459 ***
Loading net-file from 'C:\Users\User\Desktop\tcc-bloco8\sim\config\../rede/malha.net.xml' ... done (7ms).
Loading additional-files from 'C:\Users\User\Desktop\tcc-bloco8\sim\saida\moderado_FIXO_21\malha.det.add.xml' ... done (61ms).
Loading route-files incrementally from 'C:\Users\User\Desktop\tcc-bloco8\sim\demanda\veiculos.typ.xml'
Loading route-files incrementally from 'C:\Users\User\Desktop\tcc-bloco8\sim\saida\rotas\moderado_21.rou.xml'
Loading done.
Simulation version 1.27.1 started with time: 0.00.
Simulation ended at time: 3600.00.
Reason: TraCI requested termination.
Performance:
 Duration: 84.44s
 TraCI-Duration: 39.45s
 Real time factor: 42.6338
 UPS: 127054.725249
Vehicles:
 Inserted: 5256 (Loaded: 5257)
 Running: 288
 Waiting: 0
Statistics (avg of 4968):
 RouteLength: 2029.24
 Speed: 9.69
 Duration: 209.89
 WaitingTime: 26.91
 TimeLoss: 62.46
 DepartDelay: 0.06
  [259/650] multiplas_emergencias/PREEMPCAO_COMPENSADA/seed=20   ok        1m25s · restam ~2h09m09s
***Starting server on port 53485 ***
Loading net-file from 'C:\Users\User\Desktop\tcc-bloco8\sim\config\../rede/malha.net.xml' ... done (11ms).
Loading additional-files from 'C:\Users\User\Desktop\tcc-bloco8\sim\saida\moderado_PREEMPCAO_21\malha.det.add.xml' ... done (58ms).
Loading route-files incrementally from 'C:\Users\User\Desktop\tcc-bloco8\sim\demanda\veiculos.typ.xml'
Loading route-files incrementally from 'C:\Users\User\Desktop\tcc-bloco8\sim\saida\rotas\moderado_21.rou.xml'
Loading done.
Simulation version 1.27.1 started with time: 0.00.
Simulation ended at time: 3600.00.
Reason: TraCI requested termination.
Performance:
 Duration: 57.30s
 TraCI-Duration: 38.15s
 Real time factor: 62.8316
 UPS: 72650.743507
Vehicles:
 Inserted: 2283
 Running: 112
 Waiting: 0
Statistics (avg of 2171):
 RouteLength: 2028.84
 Speed: 10.96
 Duration: 186.83
 WaitingTime: 20.67
 TimeLoss: 39.10
 DepartDelay: 0.05
  [260/650] leve/PREEMPCAO/seed=21                               ok        0m58s · restam ~2h09m15s
***Starting server on port 49303 ***
Loading net-file from 'C:\Users\User\Desktop\tcc-bloco8\sim\config\../rede/malha.net.xml' ... done (9ms).
Loading additional-files from 'C:\Users\User\Desktop\tcc-bloco8\sim\saida\moderado_PREEMPCAO_COMPENSADA_21\malha.det.add.xml' ... done (44ms).
Loading route-files incrementally from 'C:\Users\User\Desktop\tcc-bloco8\sim\demanda\veiculos.typ.xml'
Loading route-files incrementally from 'C:\Users\User\Desktop\tcc-bloco8\sim\saida\rotas\moderado_21.rou.xml'
Loading done.
Simulation version 1.27.1 started with time: 0.00.
Simulation ended at time: 3600.00.
Reason: TraCI requested termination.
Performance:
 Duration: 61.87s
 TraCI-Duration: 37.72s
 Real time factor: 58.1884
 UPS: 82856.533264
Vehicles:
 Inserted: 2283
 Running: 152
 Waiting: 0
Statistics (avg of 2131):
 RouteLength: 2017.27
 Speed: 8.79
 Duration: 230.82
 WaitingTime: 51.71
 TimeLoss: 83.31
 DepartDelay: 0.05
Simulation ended at time: 3600.00.
Reason: TraCI requested termination.
Performance:
 Duration: 59.37s
 TraCI-Duration: 38.76s
 Real time factor: 60.6387
 UPS: 74422.719310
Vehicles:
 Inserted: 2283
 Running: 128
 Waiting: 0
Statistics (avg of 2155):
 RouteLength: 2024.91
 Speed: 10.28
 Duration: 198.42
 WaitingTime: 29.19
 TimeLoss: 50.73
 DepartDelay: 0.05
  [261/650] leve/FIXO/seed=21                                    ok        1m02s · restam ~2h08m29s
  [262/650] leve/PREEMPCAO_COMPENSADA/seed=21                    ok        1m00s · restam ~2h07m40s
***Starting server on port 49313 ***
***Starting server on port 49317 ***
Loading net-file from 'C:\Users\User\Desktop\tcc-bloco8\sim\config\../rede/malha.net.xml' ... done (6ms).
Loading additional-files from 'C:\Users\User\Desktop\tcc-bloco8\sim\saida\intenso_FIXO_21\malha.det.add.xml' ... done (42ms).
Loading route-files incrementally from 'C:\Users\User\Desktop\tcc-bloco8\sim\demanda\veiculos.typ.xml'
Loading route-files incrementally from 'C:\Users\User\Desktop\tcc-bloco8\sim\saida\rotas\intenso_21.rou.xml'
Loading done.
Simulation version 1.27.1 started with time: 0.00.
Loading net-file from 'C:\Users\User\Desktop\tcc-bloco8\sim\config\../rede/malha.net.xml' ... done (11ms).
Loading additional-files from 'C:\Users\User\Desktop\tcc-bloco8\sim\saida\intenso_PREEMPCAO_21\malha.det.add.xml' ... done (55ms).
Loading route-files incrementally from 'C:\Users\User\Desktop\tcc-bloco8\sim\demanda\veiculos.typ.xml'
Loading route-files incrementally from 'C:\Users\User\Desktop\tcc-bloco8\sim\saida\rotas\intenso_21.rou.xml'
Loading done.
Simulation version 1.27.1 started with time: 0.00.
Simulation ended at time: 3600.00.
Reason: TraCI requested termination.
Performance:
 Duration: 84.58s
 TraCI-Duration: 39.27s
 Real time factor: 42.5628
 UPS: 125483.666544
Vehicles:
 Inserted: 5256 (Loaded: 5257)
 Running: 269
 Waiting: 0
Statistics (avg of 4987):
 RouteLength: 2030.61
 Speed: 9.80
 Duration: 207.55
 WaitingTime: 25.77
 TimeLoss: 60.08
 DepartDelay: 0.06
  [263/650] multiplas_emergencias/PREEMPCAO_ML/seed=20           ok        1m25s · restam ~2h07m15s
***Starting server on port 62230 ***
Loading net-file from 'C:\Users\User\Desktop\tcc-bloco8\sim\config\../rede/malha.net.xml' ... done (11ms).
Loading additional-files from 'C:\Users\User\Desktop\tcc-bloco8\sim\saida\intenso_PREEMPCAO_COMPENSADA_21\malha.det.add.xml' ... done (59ms).
Loading route-files incrementally from 'C:\Users\User\Desktop\tcc-bloco8\sim\demanda\veiculos.typ.xml'
Loading route-files incrementally from 'C:\Users\User\Desktop\tcc-bloco8\sim\saida\rotas\intenso_21.rou.xml'
Loading done.
Simulation version 1.27.1 started with time: 0.00.
Simulation ended at time: 3600.00.
Reason: TraCI requested termination.
Performance:
 Duration: 80.42s
 TraCI-Duration: 37.73s
 Real time factor: 44.7644
 UPS: 132272.988399
Vehicles:
 Inserted: 5442
 Running: 294
 Waiting: 0
Statistics (avg of 5148):
 RouteLength: 2009.20
 Speed: 10.04
 Duration: 200.92
 WaitingTime: 22.16
 TimeLoss: 53.97
 DepartDelay: 0.07
  [264/650] moderado/PREEMPCAO/seed=21                           ok        1m21s · restam ~2h07m04s
***Starting server on port 62269 ***
Loading net-file from 'C:\Users\User\Desktop\tcc-bloco8\sim\config\../rede/malha.net.xml' ... done (11ms).
Loading additional-files from 'C:\Users\User\Desktop\tcc-bloco8\sim\saida\multiplas_emergencias_FIXO_21\malha.det.add.xml' ... done (51ms).
Loading route-files incrementally from 'C:\Users\User\Desktop\tcc-bloco8\sim\demanda\veiculos.typ.xml'
Loading route-files incrementally from 'C:\Users\User\Desktop\tcc-bloco8\sim\saida\rotas\multiplas_emergencias_21.rou.xml'
Loading done.
Simulation version 1.27.1 started with time: 0.00.
Simulation ended at time: 3600.00.
Reason: TraCI requested termination.
Performance:
 Duration: 91.31s
 TraCI-Duration: 38.03s
 Real time factor: 39.4244
 UPS: 136296.110126
Vehicles:
 Inserted: 5442
 Running: 376
 Waiting: 0
Statistics (avg of 5066):
 RouteLength: 2002.32
 Speed: 8.50
 Duration: 235.83
 WaitingTime: 41.33
 TimeLoss: 89.05
 DepartDelay: 0.07
  [265/650] moderado/FIXO/seed=21                                ok        1m32s · restam ~2h06m25s
***Starting server on port 62285 ***
Loading net-file from 'C:\Users\User\Desktop\tcc-bloco8\sim\config\../rede/malha.net.xml' ... done (13ms).
Loading additional-files from 'C:\Users\User\Desktop\tcc-bloco8\sim\saida\multiplas_emergencias_PREEMPCAO_21\malha.det.add.xml' ... done (68ms).
Loading route-files incrementally from 'C:\Users\User\Desktop\tcc-bloco8\sim\demanda\veiculos.typ.xml'
Loading route-files incrementally from 'C:\Users\User\Desktop\tcc-bloco8\sim\saida\rotas\multiplas_emergencias_21.rou.xml'
Loading done.
Simulation version 1.27.1 started with time: 0.00.
Warning: Vehicle 'A1_OESTE_carro_0526' performs emergency braking on lane 'A1_O3_0' with decel=9.00, wished=4.50, severity=1.00, time=1862.80.
Simulation ended at time: 3600.00.
Reason: TraCI requested termination.
Performance:
 Duration: 82.12s
 TraCI-Duration: 37.58s
 Real time factor: 43.8404
 UPS: 136592.174485
Vehicles:
 Inserted: 5442
 Running: 317
 Waiting: 0
Statistics (avg of 5125):
 RouteLength: 2006.82
 Speed: 9.46
 Duration: 212.12
 WaitingTime: 27.88
 TimeLoss: 65.20
 DepartDelay: 0.07
  [266/650] moderado/PREEMPCAO_COMPENSADA/seed=21                ok        1m23s · restam ~2h06m23s
***Starting server on port 62333 ***
Loading net-file from 'C:\Users\User\Desktop\tcc-bloco8\sim\config\../rede/malha.net.xml' ... done (7ms).
Loading additional-files from 'C:\Users\User\Desktop\tcc-bloco8\sim\saida\multiplas_emergencias_PREEMPCAO_COMPENSADA_21\malha.det.add.xml' ... done (42ms).
Loading route-files incrementally from 'C:\Users\User\Desktop\tcc-bloco8\sim\demanda\veiculos.typ.xml'
Loading route-files incrementally from 'C:\Users\User\Desktop\tcc-bloco8\sim\saida\rotas\multiplas_emergencias_21.rou.xml'
Loading done.
Simulation version 1.27.1 started with time: 0.00.
Simulation ended at time: 3600.00.
Reason: TraCI requested termination.
Performance:
 Duration: 81.37s
 TraCI-Duration: 37.16s
 Real time factor: 44.2423
 UPS: 132736.635124
Vehicles:
 Inserted: 5448
 Running: 310
 Waiting: 0
Statistics (avg of 5138):
 RouteLength: 2010.00
 Speed: 9.87
 Duration: 203.80
 WaitingTime: 23.42
 TimeLoss: 56.83
 DepartDelay: 0.07
Simulation ended at time: 3600.00.
Reason: TraCI requested termination.
Performance:
 Duration: 88.84s
 TraCI-Duration: 36.88s
 Real time factor: 40.5232
 UPS: 140276.750940
Vehicles:
 Inserted: 5448
 Running: 376
 Waiting: 0
Statistics (avg of 5072):
 RouteLength: 2002.90
 Speed: 8.50
 Duration: 235.87
 WaitingTime: 41.38
 TimeLoss: 89.10
 DepartDelay: 0.07
  [267/650] multiplas_emergencias/PREEMPCAO/seed=21              ok        1m23s · restam ~2h06m48s
***Starting server on port 62411 ***
  [268/650] multiplas_emergencias/FIXO/seed=21                   ok        1m31s · restam ~2h06m03s
Loading net-file from 'C:\Users\User\Desktop\tcc-bloco8\sim\config\../rede/malha.net.xml' ... done (10ms).
Loading additional-files from 'C:\Users\User\Desktop\tcc-bloco8\sim\saida\multiplas_emergencias_PREEMPCAO_ML_21\malha.det.add.xml' ... done (50ms).
Loading route-files incrementally from 'C:\Users\User\Desktop\tcc-bloco8\sim\demanda\veiculos.typ.xml'
Loading route-files incrementally from 'C:\Users\User\Desktop\tcc-bloco8\sim\saida\rotas\multiplas_emergencias_21.rou.xml'
Loading done.
Simulation version 1.27.1 started with time: 0.00.
***Starting server on port 62417 ***
Simulation ended at time: 3600.00.
Reason: TraCI requested termination.
Performance:
 Duration: 134.27s
 TraCI-Duration: 39.05s
 Real time factor: 26.8116
 UPS: 158517.628659
Vehicles:
 Inserted: 9225
 Running: 539
 Waiting: 0
 Emergency Braking: 1
Statistics (avg of 8686):
 RouteLength: 2027.59
 Speed: 8.53
 Duration: 237.67
 WaitingTime: 30.73
 TimeLoss: 90.30
 DepartDelay: 0.09
Loading net-file from 'C:\Users\User\Desktop\tcc-bloco8\sim\config\../rede/malha.net.xml' ... done (10ms).
Loading additional-files from 'C:\Users\User\Desktop\tcc-bloco8\sim\saida\leve_FIXO_22\malha.det.add.xml' ...  [269/650] intenso/PREEMPCAO/seed=21                            ok        2m15s · restam ~2h05m18s
 done (56ms).
Loading route-files incrementally from 'C:\Users\User\Desktop\tcc-bloco8\sim\demanda\veiculos.typ.xml'
Loading route-files incrementally from 'C:\Users\User\Desktop\tcc-bloco8\sim\saida\rotas\leve_22.rou.xml'
Loading done.
Simulation version 1.27.1 started with time: 0.00.
***Starting server on port 62421 ***
Loading net-file from 'C:\Users\User\Desktop\tcc-bloco8\sim\config\../rede/malha.net.xml' ... done (9ms).
Loading additional-files from 'C:\Users\User\Desktop\tcc-bloco8\sim\saida\leve_PREEMPCAO_22\malha.det.add.xml' ... done (37ms).
Loading route-files incrementally from 'C:\Users\User\Desktop\tcc-bloco8\sim\demanda\veiculos.typ.xml'
Loading route-files incrementally from 'C:\Users\User\Desktop\tcc-bloco8\sim\saida\rotas\leve_22.rou.xml'
Loading done.
Simulation version 1.27.1 started with time: 0.00.
Simulation ended at time: 3600.00.
Reason: TraCI requested termination.
Performance:
 Duration: 139.98s
 TraCI-Duration: 37.94s
 Real time factor: 25.7172
 UPS: 159693.857869
Vehicles:
 Inserted: 9225
 Running: 617
 Waiting: 0
Statistics (avg of 8608):
 RouteLength: 2021.03
 Speed: 8.08
 Duration: 249.65
 WaitingTime: 35.61
 TimeLoss: 102.41
 DepartDelay: 0.09
  [270/650] intenso/FIXO/seed=21                                 ok        2m21s · restam ~2h04m38s
***Starting server on port 62446 ***
Loading net-file from 'C:\Users\User\Desktop\tcc-bloco8\sim\config\../rede/malha.net.xml' ... done (12ms).
Loading additional-files from 'C:\Users\User\Desktop\tcc-bloco8\sim\saida\leve_PREEMPCAO_COMPENSADA_22\malha.det.add.xml' ... done (65ms).
Loading route-files incrementally from 'C:\Users\User\Desktop\tcc-bloco8\sim\demanda\veiculos.typ.xml'
Loading route-files incrementally from 'C:\Users\User\Desktop\tcc-bloco8\sim\saida\rotas\leve_22.rou.xml'
Loading done.
Simulation version 1.27.1 started with time: 0.00.
Simulation ended at time: 3600.00.
Reason: TraCI requested termination.
Performance:
 Duration: 144.86s
 TraCI-Duration: 40.79s
 Real time factor: 24.8511
 UPS: 150942.193659
Vehicles:
 Inserted: 9225
 Running: 579
 Waiting: 0
Statistics (avg of 8646):
 RouteLength: 2024.27
 Speed: 8.33
 Duration: 244.10
 WaitingTime: 34.71
 TimeLoss: 96.78
 DepartDelay: 0.09
  [271/650] intenso/PREEMPCAO_COMPENSADA/seed=21                 ok        2m25s · restam ~2h04m20s
***Starting server on port 62488 ***
Loading net-file from 'C:\Users\User\Desktop\tcc-bloco8\sim\config\../rede/malha.net.xml' ... done (8ms).
Loading additional-files from 'C:\Users\User\Desktop\tcc-bloco8\sim\saida\moderado_FIXO_22\malha.det.add.xml' ... done (56ms).
Loading route-files incrementally from 'C:\Users\User\Desktop\tcc-bloco8\sim\demanda\veiculos.typ.xml'
Loading route-files incrementally from 'C:\Users\User\Desktop\tcc-bloco8\sim\saida\rotas\moderado_22.rou.xml'
Loading done.
Simulation version 1.27.1 started with time: 0.00.
Simulation ended at time: 3600.00.
Reason: TraCI requested termination.
Performance:
 Duration: 88.81s
 TraCI-Duration: 39.31s
 Real time factor: 40.5364
 UPS: 124252.237949
Vehicles:
 Inserted: 5448
 Running: 308
 Waiting: 0
Statistics (avg of 5140):
 RouteLength: 2008.63
 Speed: 9.66
 Duration: 208.33
 WaitingTime: 26.37
 TimeLoss: 61.40
 DepartDelay: 0.07
  [272/650] multiplas_emergencias/PREEMPCAO_COMPENSADA/seed=21   ok        1m29s · restam ~2h03m45s
***Starting server on port 52713 ***
Loading net-file from 'C:\Users\User\Desktop\tcc-bloco8\sim\config\../rede/malha.net.xml' ... done (6ms).
Loading additional-files from 'C:\Users\User\Desktop\tcc-bloco8\sim\saida\moderado_PREEMPCAO_22\malha.det.add.xml' ... done (57ms).
Loading route-files incrementally from 'C:\Users\User\Desktop\tcc-bloco8\sim\demanda\veiculos.typ.xml'
Loading route-files incrementally from 'C:\Users\User\Desktop\tcc-bloco8\sim\saida\rotas\moderado_22.rou.xml'
Loading done.
Simulation version 1.27.1 started with time: 0.00.
Simulation ended at time: 3600.00.
Reason: TraCI requested termination.
Performance:
 Duration: 57.50s
 TraCI-Duration: 36.94s
 Real time factor: 62.6065
 UPS: 76304.650273
Vehicles:
 Inserted: 2301
 Running: 130
 Waiting: 0
Statistics (avg of 2171):
 RouteLength: 2028.90
 Speed: 10.38
 Duration: 196.31
 WaitingTime: 26.70
 TimeLoss: 48.53
 DepartDelay: 0.05
  [273/650] leve/PREEMPCAO/seed=22                               ok        0m58s · restam ~2h03m31s
***Starting server on port 52749 ***
Loading net-file from 'C:\Users\User\Desktop\tcc-bloco8\sim\config\../rede/malha.net.xml' ... done (6ms).
Loading additional-files from 'C:\Users\User\Desktop\tcc-bloco8\sim\saida\moderado_PREEMPCAO_COMPENSADA_22\malha.det.add.xml' ... done (46ms).
Loading route-files incrementally from 'C:\Users\User\Desktop\tcc-bloco8\sim\demanda\veiculos.typ.xml'
Loading route-files incrementally from 'C:\Users\User\Desktop\tcc-bloco8\sim\saida\rotas\moderado_22.rou.xml'
Loading done.
Simulation version 1.27.1 started with time: 0.00.
Simulation ended at time: 3600.00.
Reason: TraCI requested termination.
Performance:
 Duration: 62.12s
 TraCI-Duration: 37.15s
 Real time factor: 57.9524
 UPS: 82947.392144
Vehicles:
 Inserted: 2301
 Running: 173
 Waiting: 0
Statistics (avg of 2128):
 RouteLength: 2016.67
 Speed: 8.78
 Duration: 231.04
 WaitingTime: 51.84
 TimeLoss: 83.46
 DepartDelay: 0.05
  [274/650] leve/FIXO/seed=22                                    ok        1m04s · restam ~2h02m49s
***Starting server on port 52757 ***
Loading net-file from 'C:\Users\User\Desktop\tcc-bloco8\sim\config\../rede/malha.net.xml' ... done (6ms).
Loading additional-files from 'C:\Users\User\Desktop\tcc-bloco8\sim\saida\intenso_FIXO_22\malha.det.add.xml' ... done (42ms).
Loading route-files incrementally from 'C:\Users\User\Desktop\tcc-bloco8\sim\demanda\veiculos.typ.xml'
Loading route-files incrementally from 'C:\Users\User\Desktop\tcc-bloco8\sim\saida\rotas\intenso_22.rou.xml'
Loading done.
Simulation version 1.27.1 started with time: 0.00.
Simulation ended at time: 3600.00.
Reason: TraCI requested termination.
Performance:
 Duration: 58.64s
 TraCI-Duration: 37.91s
 Real time factor: 61.3968
 UPS: 75265.796879
Vehicles:
 Inserted: 2301
 Running: 148
 Waiting: 0
Statistics (avg of 2153):
 RouteLength: 2024.07
 Speed: 10.32
 Duration: 197.20
 WaitingTime: 27.59
 TimeLoss: 49.49
 DepartDelay: 0.05
  [275/650] leve/PREEMPCAO_COMPENSADA/seed=22                    ok        0m59s · restam ~2h02m07s
***Starting server on port 52765 ***
Loading net-file from 'C:\Users\User\Desktop\tcc-bloco8\sim\config\../rede/malha.net.xml' ... done (10ms).
Loading additional-files from 'C:\Users\User\Desktop\tcc-bloco8\sim\saida\intenso_PREEMPCAO_22\malha.det.add.xml' ... done (55ms).
Loading route-files incrementally from 'C:\Users\User\Desktop\tcc-bloco8\sim\demanda\veiculos.typ.xml'
Loading route-files incrementally from 'C:\Users\User\Desktop\tcc-bloco8\sim\saida\rotas\intenso_22.rou.xml'
Loading done.
Simulation version 1.27.1 started with time: 0.00.
Simulation ended at time: 3600.00.
Reason: TraCI requested termination.
Performance:
 Duration: 83.72s
 TraCI-Duration: 38.40s
 Real time factor: 43.003
 UPS: 129835.178881
Vehicles:
 Inserted: 5448
 Running: 308
 Waiting: 0
Statistics (avg of 5140):
 RouteLength: 2009.21
 Speed: 9.79
 Duration: 205.20
 WaitingTime: 23.92
 TimeLoss: 58.23
 DepartDelay: 0.07
  [276/650] multiplas_emergencias/PREEMPCAO_ML/seed=21           ok        1m27s · restam ~2h01m46s
***Starting server on port 52793 ***
Loading net-file from 'C:\Users\User\Desktop\tcc-bloco8\sim\config\../rede/malha.net.xml' ... done (9ms).
Loading additional-files from 'C:\Users\User\Desktop\tcc-bloco8\sim\saida\intenso_PREEMPCAO_COMPENSADA_22\malha.det.add.xml' ... done (48ms).
Loading route-files incrementally from 'C:\Users\User\Desktop\tcc-bloco8\sim\demanda\veiculos.typ.xml'
Loading route-files incrementally from 'C:\Users\User\Desktop\tcc-bloco8\sim\saida\rotas\intenso_22.rou.xml'
Loading done.
Simulation version 1.27.1 started with time: 0.00.
Simulation ended at time: 3600.00.
Reason: TraCI requested termination.
Performance:
 Duration: 85.97s
 TraCI-Duration: 36.29s
 Real time factor: 41.877
 UPS: 142888.921201
Vehicles:
 Inserted: 5330
 Running: 355
 Waiting: 0
Statistics (avg of 4975):
 RouteLength: 2017.37
 Speed: 8.52
 Duration: 237.18
 WaitingTime: 41.90
 TimeLoss: 89.63
 DepartDelay: 0.06
  [277/650] moderado/FIXO/seed=22                                ok        1m27s · restam ~2h01m40s
***Starting server on port 50652 ***
Simulation ended at time: 3600.00.
Reason: TraCI requested termination.
Performance:
 Duration: 78.19s
 TraCI-Duration: 36.51s
 Real time factor: 46.0405
 UPS: 135964.241866
Vehicles:
 Inserted: 5330
 Running: 292
 Waiting: 0
Statistics (avg of 5038):
 RouteLength: 2023.94
 Speed: 9.91
 Duration: 204.72
 WaitingTime: 23.39
 TimeLoss: 57.04
 DepartDelay: 0.06
  [278/650] moderado/PREEMPCAO/seed=22                           ok        1m19s · restam ~2h00m56s
Loading net-file from 'C:\Users\User\Desktop\tcc-bloco8\sim\config\../rede/malha.net.xml' ... done (7ms).
Loading additional-files from 'C:\Users\User\Desktop\tcc-bloco8\sim\saida\multiplas_emergencias_FIXO_22\malha.det.add.xml' ... done (45ms).
Loading route-files incrementally from 'C:\Users\User\Desktop\tcc-bloco8\sim\demanda\veiculos.typ.xml'
Loading route-files incrementally from 'C:\Users\User\Desktop\tcc-bloco8\sim\saida\rotas\multiplas_emergencias_22.rou.xml'
Loading done.
Simulation version 1.27.1 started with time: 0.00.
***Starting server on port 50657 ***
Loading net-file from 'C:\Users\User\Desktop\tcc-bloco8\sim\config\../rede/malha.net.xml' ... done (7ms).
Loading additional-files from 'C:\Users\User\Desktop\tcc-bloco8\sim\saida\multiplas_emergencias_PREEMPCAO_22\malha.det.add.xml' ... done (59ms).
Loading route-files incrementally from 'C:\Users\User\Desktop\tcc-bloco8\sim\demanda\veiculos.typ.xml'
Loading route-files incrementally from 'C:\Users\User\Desktop\tcc-bloco8\sim\saida\rotas\multiplas_emergencias_22.rou.xml'
Loading done.
Simulation version 1.27.1 started with time: 0.00.
Simulation ended at time: 3600.00.
Reason: TraCI requested termination.
Performance:
 Duration: 79.97s
 TraCI-Duration: 37.21s
 Real time factor: 45.0174
 UPS: 134199.614851
Vehicles:
 Inserted: 5330
 Running: 326
 Waiting: 0
Statistics (avg of 5004):
 RouteLength: 2020.94
 Speed: 9.84
 Duration: 206.51
 WaitingTime: 25.53
 TimeLoss: 58.90
 DepartDelay: 0.06
  [279/650] moderado/PREEMPCAO_COMPENSADA/seed=22                ok        1m21s · restam ~2h00m44s
***Starting server on port 57016 ***
Loading net-file from 'C:\Users\User\Desktop\tcc-bloco8\sim\config\../rede/malha.net.xml' ... done (6ms).
Loading additional-files from 'C:\Users\User\Desktop\tcc-bloco8\sim\saida\multiplas_emergencias_PREEMPCAO_COMPENSADA_22\malha.det.add.xml' ... done (39ms).
Loading route-files incrementally from 'C:\Users\User\Desktop\tcc-bloco8\sim\demanda\veiculos.typ.xml'
Loading route-files incrementally from 'C:\Users\User\Desktop\tcc-bloco8\sim\saida\rotas\multiplas_emergencias_22.rou.xml'
Loading done.
Simulation version 1.27.1 started with time: 0.00.
Simulation ended at time: 3600.00.
Reason: TraCI requested termination.
Performance:
 Duration: 127.26s
 TraCI-Duration: 38.86s
 Real time factor: 28.2879
 UPS: 158045.276318
Vehicles:
 Inserted: 8998
 Running: 619
 Waiting: 0
Statistics (avg of 8379):
 RouteLength: 2029.29
 Speed: 8.74
 Duration: 231.41
 WaitingTime: 28.73
 TimeLoss: 83.73
 DepartDelay: 0.08
  [280/650] intenso/PREEMPCAO/seed=22                            ok        2m08s · restam ~2h01m10s
***Starting server on port 57118 ***
Loading net-file from 'C:\Users\User\Desktop\tcc-bloco8\sim\config\../rede/malha.net.xml' ... done (6ms).
Loading additional-files from 'C:\Users\User\Desktop\tcc-bloco8\sim\saida\multiplas_emergencias_PREEMPCAO_ML_22\malha.det.add.xml' ... done (39ms).
Loading route-files incrementally from 'C:\Users\User\Desktop\tcc-bloco8\sim\demanda\veiculos.typ.xml'
Loading route-files incrementally from 'C:\Users\User\Desktop\tcc-bloco8\sim\saida\rotas\multiplas_emergencias_22.rou.xml'
Loading done.
Simulation version 1.27.1 started with time: 0.00.
Simulation ended at time: 3600.00.
Reason: TraCI requested termination.
Performance:
 Duration: 82.54s
 TraCI-Duration: 38.58s
 Real time factor: 43.6163
 UPS: 128334.609513
Vehicles:
 Inserted: 5336
 Running: 315
 Waiting: 0
Statistics (avg of 5021):
 RouteLength: 2023.93
 Speed: 9.97
 Duration: 203.70
 WaitingTime: 23.28
 TimeLoss: 56.03
 DepartDelay: 0.06
  [281/650] multiplas_emergencias/PREEMPCAO/seed=22              ok        1m24s · restam ~2h00m31s
***Starting server on port 57135 ***
Loading net-file from 'C:\Users\User\Desktop\tcc-bloco8\sim\config\../rede/malha.net.xml' ... done (6ms).
Loading additional-files from 'C:\Users\User\Desktop\tcc-bloco8\sim\saida\leve_FIXO_23\malha.det.add.xml' ... done (48ms).
Loading route-files incrementally from 'C:\Users\User\Desktop\tcc-bloco8\sim\demanda\veiculos.typ.xml'
Loading route-files incrementally from 'C:\Users\User\Desktop\tcc-bloco8\sim\saida\rotas\leve_23.rou.xml'
Loading done.
Simulation version 1.27.1 started with time: 0.00.
Simulation ended at time: 3600.00.
Reason: TraCI requested termination.
Performance:
 Duration: 136.86s
 TraCI-Duration: 38.74s
 Real time factor: 26.3052
 UPS: 156959.314603
Vehicles:
 Inserted: 8998
 Running: 705
 Waiting: 0
Statistics (avg of 8293):
 RouteLength: 2024.34
 Speed: 8.16
 Duration: 247.46
 WaitingTime: 35.09
 TimeLoss: 99.89
 DepartDelay: 0.08
  [282/650] intenso/FIXO/seed=22                                 ok        2m17s · restam ~1h59m48s
***Starting server on port 57142 ***
Loading net-file from 'C:\Users\User\Desktop\tcc-bloco8\sim\config\../rede/malha.net.xml' ... done (8ms).
Loading additional-files from 'C:\Users\User\Desktop\tcc-bloco8\sim\saida\leve_PREEMPCAO_23\malha.det.add.xml' ... done (41ms).
Loading route-files incrementally from 'C:\Users\User\Desktop\tcc-bloco8\sim\demanda\veiculos.typ.xml'
Loading route-files incrementally from 'C:\Users\User\Desktop\tcc-bloco8\sim\saida\rotas\leve_23.rou.xml'
Loading done.
Simulation version 1.27.1 started with time: 0.00.
Simulation ended at time: 3600.00.
Reason: TraCI requested termination.
Performance:
 Duration: 92.44s
 TraCI-Duration: 38.13s
 Real time factor: 38.945
 UPS: 133055.172115
Vehicles:
 Inserted: 5336
 Running: 355
 Waiting: 0
Statistics (avg of 4981):
 RouteLength: 2017.94
 Speed: 8.52
 Duration: 237.21
 WaitingTime: 41.89
 TimeLoss: 89.67
 DepartDelay: 0.06
  [283/650] multiplas_emergencias/FIXO/seed=22                   ok        1m33s · restam ~1h59m12s
***Starting server on port 57154 ***
Loading net-file from 'C:\Users\User\Desktop\tcc-bloco8\sim\config\../rede/malha.net.xml' ... done (7ms).
Loading additional-files from 'C:\Users\User\Desktop\tcc-bloco8\sim\saida\leve_PREEMPCAO_COMPENSADA_23\malha.det.add.xml' ... done (45ms).
Loading route-files incrementally from 'C:\Users\User\Desktop\tcc-bloco8\sim\demanda\veiculos.typ.xml'
Loading route-files incrementally from 'C:\Users\User\Desktop\tcc-bloco8\sim\saida\rotas\leve_23.rou.xml'
Loading done.
Simulation version 1.27.1 started with time: 0.00.
Simulation ended at time: 3600.00.
Reason: TraCI requested termination.
Performance:
 Duration: 135.60s
 TraCI-Duration: 40.76s
 Real time factor: 26.5483
 UPS: 152972.891255
Vehicles:
 Inserted: 8998
 Running: 627
 Waiting: 0
Statistics (avg of 8371):
 RouteLength: 2028.97
 Speed: 8.48
 Duration: 238.88
 WaitingTime: 33.02
 TimeLoss: 91.21
 DepartDelay: 0.08
  [284/650] intenso/PREEMPCAO_COMPENSADA/seed=22                 ok        2m16s · restam ~1h58m44s
***Starting server on port 55754 ***
Loading net-file from 'C:\Users\User\Desktop\tcc-bloco8\sim\config\../rede/malha.net.xml' ... done (9ms).
Loading additional-files from 'C:\Users\User\Desktop\tcc-bloco8\sim\saida\moderado_FIXO_23\malha.det.add.xml' ... done (59ms).
Loading route-files incrementally from 'C:\Users\User\Desktop\tcc-bloco8\sim\demanda\veiculos.typ.xml'
Loading route-files incrementally from 'C:\Users\User\Desktop\tcc-bloco8\sim\saida\rotas\moderado_23.rou.xml'
Loading done.
Simulation version 1.27.1 started with time: 0.00.
Simulation ended at time: 3600.00.
Reason: TraCI requested termination.
Performance:
 Duration: 87.02s
 TraCI-Duration: 39.76s
 Real time factor: 41.3679
 UPS: 124492.335448
Vehicles:
 Inserted: 5336
 Running: 300
 Waiting: 0
Statistics (avg of 5036):
 RouteLength: 2026.52
 Speed: 9.72
 Duration: 208.54
 WaitingTime: 25.68
 TimeLoss: 60.81
 DepartDelay: 0.06
  [285/650] multiplas_emergencias/PREEMPCAO_COMPENSADA/seed=22   ok        1m28s · restam ~1h58m09s
***Starting server on port 55769 ***
Loading net-file from 'C:\Users\User\Desktop\tcc-bloco8\sim\config\../rede/malha.net.xml' ... done (10ms).
Loading additional-files from 'C:\Users\User\Desktop\tcc-bloco8\sim\saida\moderado_PREEMPCAO_23\malha.det.add.xml' ... done (52ms).
Loading route-files incrementally from 'C:\Users\User\Desktop\tcc-bloco8\sim\demanda\veiculos.typ.xml'
Loading route-files incrementally from 'C:\Users\User\Desktop\tcc-bloco8\sim\saida\rotas\moderado_23.rou.xml'
Loading done.
Simulation version 1.27.1 started with time: 0.00.
Simulation ended at time: 3600.00.
Reason: TraCI requested termination.
Performance:
 Duration: 55.66s
 TraCI-Duration: 36.47s
 Real time factor: 64.6819
 UPS: 79780.890095
Vehicles:
 Inserted: 2355
 Running: 142
 Waiting: 0
Statistics (avg of 2213):
 RouteLength: 2019.12
 Speed: 10.47
 Duration: 194.21
 WaitingTime: 25.37
 TimeLoss: 46.66
 DepartDelay: 0.05
  [286/650] leve/PREEMPCAO/seed=23                               ok        0m56s · restam ~1h58m02s
***Starting server on port 53291 ***
Loading net-file from 'C:\Users\User\Desktop\tcc-bloco8\sim\config\../rede/malha.net.xml' ... done (9ms).
Loading additional-files from 'C:\Users\User\Desktop\tcc-bloco8\sim\saida\moderado_PREEMPCAO_COMPENSADA_23\malha.det.add.xml' ... done (56ms).
Loading route-files incrementally from 'C:\Users\User\Desktop\tcc-bloco8\sim\demanda\veiculos.typ.xml'
Loading route-files incrementally from 'C:\Users\User\Desktop\tcc-bloco8\sim\saida\rotas\moderado_23.rou.xml'
Loading done.
Simulation version 1.27.1 started with time: 0.00.
Simulation ended at time: 3600.00.
Reason: TraCI requested termination.
Performance:
 Duration: 60.05s
 TraCI-Duration: 36.59s
 Real time factor: 59.952
 UPS: 87438.432587
Vehicles:
 Inserted: 2355
 Running: 184
 Waiting: 0
Statistics (avg of 2171):
 RouteLength: 2008.07
 Speed: 8.77
 Duration: 230.30
 WaitingTime: 50.96
 TimeLoss: 82.98
 DepartDelay: 0.05
  [287/650] leve/FIXO/seed=23                                    ok        1m01s · restam ~1h57m22s
***Starting server on port 53299 ***
Loading net-file from 'C:\Users\User\Desktop\tcc-bloco8\sim\config\../rede/malha.net.xml' ... done (6ms).
Loading additional-files from 'C:\Users\User\Desktop\tcc-bloco8\sim\saida\intenso_FIXO_23\malha.det.add.xml' ... done (47ms).
Loading route-files incrementally from 'C:\Users\User\Desktop\tcc-bloco8\sim\demanda\veiculos.typ.xml'
Loading route-files incrementally from 'C:\Users\User\Desktop\tcc-bloco8\sim\saida\rotas\intenso_23.rou.xml'
Loading done.
Simulation version 1.27.1 started with time: 0.00.
Simulation ended at time: 3600.00.
Reason: TraCI requested termination.
Performance:
 Duration: 56.66s
 TraCI-Duration: 37.24s
 Real time factor: 63.538
 UPS: 79065.708890
Vehicles:
 Inserted: 2355
 Running: 149
 Waiting: 0
Statistics (avg of 2206):
 RouteLength: 2014.44
 Speed: 10.36
 Duration: 195.84
 WaitingTime: 26.85
 TimeLoss: 48.35
 DepartDelay: 0.05
  [288/650] leve/PREEMPCAO_COMPENSADA/seed=23                    ok        0m57s · restam ~1h56m44s
***Starting server on port 53309 ***
Loading net-file from 'C:\Users\User\Desktop\tcc-bloco8\sim\config\../rede/malha.net.xml' ... done (7ms).
Loading additional-files from 'C:\Users\User\Desktop\tcc-bloco8\sim\saida\intenso_PREEMPCAO_23\malha.det.add.xml' ... done (43ms).
Loading route-files incrementally from 'C:\Users\User\Desktop\tcc-bloco8\sim\demanda\veiculos.typ.xml'
Loading route-files incrementally from 'C:\Users\User\Desktop\tcc-bloco8\sim\saida\rotas\intenso_23.rou.xml'
Loading done.
Simulation version 1.27.1 started with time: 0.00.
Simulation ended at time: 3600.00.
Reason: TraCI requested termination.
Performance:
 Duration: 79.96s
 TraCI-Duration: 38.10s
 Real time factor: 45.0219
 UPS: 130184.402396
Vehicles:
 Inserted: 5336
 Running: 302
 Waiting: 0
Statistics (avg of 5034):
 RouteLength: 2024.55
 Speed: 10.20
 Duration: 200.03
 WaitingTime: 21.89
 TimeLoss: 52.37
 DepartDelay: 0.06
  [289/650] multiplas_emergencias/PREEMPCAO_ML/seed=22           ok        1m21s · restam ~1h56m14s
***Starting server on port 53327 ***
Loading net-file from 'C:\Users\User\Desktop\tcc-bloco8\sim\config\../rede/malha.net.xml' ... done (11ms).
Loading additional-files from 'C:\Users\User\Desktop\tcc-bloco8\sim\saida\intenso_PREEMPCAO_COMPENSADA_23\malha.det.add.xml' ... done (47ms).
Loading route-files incrementally from 'C:\Users\User\Desktop\tcc-bloco8\sim\demanda\veiculos.typ.xml'
Loading route-files incrementally from 'C:\Users\User\Desktop\tcc-bloco8\sim\saida\rotas\intenso_23.rou.xml'
Loading done.
Simulation version 1.27.1 started with time: 0.00.
Simulation ended at time: 3600.00.
Reason: TraCI requested termination.
Performance:
 Duration: 80.07s
 TraCI-Duration: 37.33s
 Real time factor: 44.9618
 UPS: 132933.993605
Vehicles:
 Inserted: 5356
 Running: 287
 Waiting: 0
Statistics (avg of 5069):
 RouteLength: 2028.87
 Speed: 9.94
 Duration: 204.38
 WaitingTime: 23.35
 TimeLoss: 56.69
 DepartDelay: 0.06
  [290/650] moderado/PREEMPCAO/seed=23                           ok        1m21s · restam ~1h56m13s
***Starting server on port 52998 ***
Simulation ended at time: 3600.00.
Reason: TraCI requested termination.
Performance:
 Duration: 88.57s
 TraCI-Duration: 36.96s
 Real time factor: 40.6472
 UPS: 139350.559463
Vehicles:
 Inserted: 5356
 Running: 339
 Waiting: 0
Statistics (avg of 5017):
 RouteLength: 2022.84
 Speed: 8.53
 Duration: 237.50
 WaitingTime: 41.62
 TimeLoss: 89.93
 DepartDelay: 0.06
Loading net-file from 'C:\Users\User\Desktop\tcc-bloco8\sim\config\../rede/malha.net.xml' ... done (7ms).
Loading additional-files from 'C:\Users\User\Desktop\tcc-bloco8\sim\saida\multiplas_emergencias_FIXO_23\malha.det.add.xml' ...  [291/650] moderado/FIXO/seed=23                                ok        1m29s · restam ~1h55m30s
 done (49ms).
Loading route-files incrementally from 'C:\Users\User\Desktop\tcc-bloco8\sim\demanda\veiculos.typ.xml'
Loading route-files incrementally from 'C:\Users\User\Desktop\tcc-bloco8\sim\saida\rotas\multiplas_emergencias_23.rou.xml'
Loading done.
Simulation version 1.27.1 started with time: 0.00.
***Starting server on port 53003 ***
Loading net-file from 'C:\Users\User\Desktop\tcc-bloco8\sim\config\../rede/malha.net.xml' ... done (10ms).
Loading additional-files from 'C:\Users\User\Desktop\tcc-bloco8\sim\saida\multiplas_emergencias_PREEMPCAO_23\malha.det.add.xml' ... done (44ms).
Loading route-files incrementally from 'C:\Users\User\Desktop\tcc-bloco8\sim\demanda\veiculos.typ.xml'
Loading route-files incrementally from 'C:\Users\User\Desktop\tcc-bloco8\sim\saida\rotas\multiplas_emergencias_23.rou.xml'
Loading done.
Simulation version 1.27.1 started with time: 0.00.
Simulation ended at time: 3600.00.
Reason: TraCI requested termination.
Performance:
 Duration: 85.15s
 TraCI-Duration: 38.69s
 Real time factor: 42.2798
 UPS: 130528.215909
Vehicles:
 Inserted: 5356
 Running: 293
 Waiting: 0
Statistics (avg of 5063):
 RouteLength: 2028.71
 Speed: 9.51
 Duration: 213.56
 WaitingTime: 28.31
 TimeLoss: 65.88
 DepartDelay: 0.06
  [292/650] moderado/PREEMPCAO_COMPENSADA/seed=23                ok        1m26s · restam ~1h55m28s
***Starting server on port 51578 ***
Loading net-file from 'C:\Users\User\Desktop\tcc-bloco8\sim\config\../rede/malha.net.xml' ... done (8ms).
Loading additional-files from 'C:\Users\User\Desktop\tcc-bloco8\sim\saida\multiplas_emergencias_PREEMPCAO_COMPENSADA_23\malha.det.add.xml' ... done (46ms).
Loading route-files incrementally from 'C:\Users\User\Desktop\tcc-bloco8\sim\demanda\veiculos.typ.xml'
Loading route-files incrementally from 'C:\Users\User\Desktop\tcc-bloco8\sim\saida\rotas\multiplas_emergencias_23.rou.xml'
Loading done.
Simulation version 1.27.1 started with time: 0.00.
Simulation ended at time: 3600.00.
Reason: TraCI requested termination.
Performance:
 Duration: 90.76s
 TraCI-Duration: 41.16s
 Real time factor: 39.6672
 UPS: 117875.995813
Vehicles:
 Inserted: 5362
 Running: 294
 Waiting: 0
Statistics (avg of 5068):
 RouteLength: 2029.95
 Speed: 9.93
 Duration: 205.17
 WaitingTime: 23.85
 TimeLoss: 57.48
 DepartDelay: 0.06
  [293/650] multiplas_emergencias/PREEMPCAO/seed=23              ok        1m31s · restam ~1h55m57s
***Starting server on port 63696 ***
Loading net-file from 'C:\Users\User\Desktop\tcc-bloco8\sim\config\../rede/malha.net.xml' ... done (9ms).
Loading additional-files from 'C:\Users\User\Desktop\tcc-bloco8\sim\saida\multiplas_emergencias_PREEMPCAO_ML_23\malha.det.add.xml' ... done (55ms).
Loading route-files incrementally from 'C:\Users\User\Desktop\tcc-bloco8\sim\demanda\veiculos.typ.xml'
Loading route-files incrementally from 'C:\Users\User\Desktop\tcc-bloco8\sim\saida\rotas\multiplas_emergencias_23.rou.xml'
Loading done.
Simulation version 1.27.1 started with time: 0.00.
Simulation ended at time: 3600.00.
Reason: TraCI requested termination.
Performance:
 Duration: 143.06s
 TraCI-Duration: 41.87s
 Real time factor: 25.1637
 UPS: 144196.647631
Vehicles:
 Inserted: 9051 (Loaded: 9053)
 Running: 605
 Waiting: 0
Statistics (avg of 8446):
 RouteLength: 2030.89
 Speed: 8.64
 Duration: 235.06
 WaitingTime: 30.12
 TimeLoss: 87.33
 DepartDelay: 0.10
  [294/650] intenso/PREEMPCAO/seed=23                            ok        2m24s · restam ~1h55m22s
***Starting server on port 63711 ***
Loading net-file from 'C:\Users\User\Desktop\tcc-bloco8\sim\config\../rede/malha.net.xml' ... done (11ms).
Loading additional-files from 'C:\Users\User\Desktop\tcc-bloco8\sim\saida\leve_FIXO_24\malha.det.add.xml' ... done (48ms).
Loading route-files incrementally from 'C:\Users\User\Desktop\tcc-bloco8\sim\demanda\veiculos.typ.xml'
Loading route-files incrementally from 'C:\Users\User\Desktop\tcc-bloco8\sim\saida\rotas\leve_24.rou.xml'
Loading done.
Simulation version 1.27.1 started with time: 0.00.
Simulation ended at time: 3600.00.
Reason: TraCI requested termination.
Performance:
 Duration: 100.22s
 TraCI-Duration: 40.41s
 Real time factor: 35.9217
 UPS: 123330.659163
Vehicles:
 Inserted: 5362
 Running: 339
 Waiting: 0
Statistics (avg of 5023):
 RouteLength: 2023.40
 Speed: 8.53
 Duration: 237.57
 WaitingTime: 41.61
 TimeLoss: 90.01
 DepartDelay: 0.06
  [295/650] multiplas_emergencias/FIXO/seed=23                   ok        1m41s · restam ~1h54m41s
***Starting server on port 63716 ***
Loading net-file from 'C:\Users\User\Desktop\tcc-bloco8\sim\config\../rede/malha.net.xml' ... done (11ms).
Loading additional-files from 'C:\Users\User\Desktop\tcc-bloco8\sim\saida\leve_PREEMPCAO_24\malha.det.add.xml' ... done (56ms).
Loading route-files incrementally from 'C:\Users\User\Desktop\tcc-bloco8\sim\demanda\veiculos.typ.xml'
Loading route-files incrementally from 'C:\Users\User\Desktop\tcc-bloco8\sim\saida\rotas\leve_24.rou.xml'
Loading done.
Simulation version 1.27.1 started with time: 0.00.
Simulation ended at time: 3600.00.
Reason: TraCI requested termination.
Performance:
 Duration: 151.41s
 TraCI-Duration: 41.31s
 Real time factor: 23.7759
 UPS: 143853.058502
Vehicles:
 Inserted: 9051 (Loaded: 9053)
 Running: 680
 Waiting: 0
Statistics (avg of 8371):
 RouteLength: 2025.66
 Speed: 8.13
 Duration: 248.50
 WaitingTime: 35.45
 TimeLoss: 100.90
 DepartDelay: 0.10
  [296/650] intenso/FIXO/seed=23                                 ok        2m32s · restam ~1h54m01s
***Starting server on port 54061 ***
Loading net-file from 'C:\Users\User\Desktop\tcc-bloco8\sim\config\../rede/malha.net.xml' ... done (8ms).
Loading additional-files from 'C:\Users\User\Desktop\tcc-bloco8\sim\saida\leve_PREEMPCAO_COMPENSADA_24\malha.det.add.xml' ... done (49ms).
Loading route-files incrementally from 'C:\Users\User\Desktop\tcc-bloco8\sim\demanda\veiculos.typ.xml'
Loading route-files incrementally from 'C:\Users\User\Desktop\tcc-bloco8\sim\saida\rotas\leve_24.rou.xml'
Loading done.
Simulation version 1.27.1 started with time: 0.00.
Simulation ended at time: 3600.00.
Reason: TraCI requested termination.
Performance:
 Duration: 157.39s
 TraCI-Duration: 44.68s
 Real time factor: 22.8738
 UPS: 135035.429043
Vehicles:
 Inserted: 9051 (Loaded: 9053)
 Running: 642
 Waiting: 0
Statistics (avg of 8409):
 RouteLength: 2026.24
 Speed: 8.37
 Duration: 242.21
 WaitingTime: 34.60
 TimeLoss: 94.60
 DepartDelay: 0.10
  [297/650] intenso/PREEMPCAO_COMPENSADA/seed=23                 ok        2m38s · restam ~1h53m44s
***Starting server on port 49616 ***
Loading net-file from 'C:\Users\User\Desktop\tcc-bloco8\sim\config\../rede/malha.net.xml' ... done (11ms).
Loading additional-files from 'C:\Users\User\Desktop\tcc-bloco8\sim\saida\moderado_FIXO_24\malha.det.add.xml' ... done (35ms).
Loading route-files incrementally from 'C:\Users\User\Desktop\tcc-bloco8\sim\demanda\veiculos.typ.xml'
Loading route-files incrementally from 'C:\Users\User\Desktop\tcc-bloco8\sim\saida\rotas\moderado_24.rou.xml'
Loading done.
Simulation version 1.27.1 started with time: 0.00.
Simulation ended at time: 3600.00.
Reason: TraCI requested termination.
Performance:
 Duration: 102.58s
 TraCI-Duration: 45.76s
 Real time factor: 35.0942
 UPS: 106034.665289
Vehicles:
 Inserted: 5362
 Running: 284
 Waiting: 0
Statistics (avg of 5078):
 RouteLength: 2030.08
 Speed: 9.77
 Duration: 208.71
 WaitingTime: 26.02
 TimeLoss: 61.02
 DepartDelay: 0.06
  [298/650] multiplas_emergencias/PREEMPCAO_COMPENSADA/seed=23   ok        1m43s · restam ~1h53m17s
***Starting server on port 65018 ***
Loading net-file from 'C:\Users\User\Desktop\tcc-bloco8\sim\config\../rede/malha.net.xml' ... done (6ms).
Loading additional-files from 'C:\Users\User\Desktop\tcc-bloco8\sim\saida\moderado_PREEMPCAO_24\malha.det.add.xml' ... done (39ms).
Loading route-files incrementally from 'C:\Users\User\Desktop\tcc-bloco8\sim\demanda\veiculos.typ.xml'
Loading route-files incrementally from 'C:\Users\User\Desktop\tcc-bloco8\sim\saida\rotas\moderado_24.rou.xml'
Loading done.
Simulation version 1.27.1 started with time: 0.00.
Simulation ended at time: 3600.00.
Reason: TraCI requested termination.
Performance:
 Duration: 71.37s
 TraCI-Duration: 45.96s
 Real time factor: 50.4392
 UPS: 57603.267342
Vehicles:
 Inserted: 2210
 Running: 100
 Waiting: 0
Statistics (avg of 2110):
 RouteLength: 2029.52
 Speed: 10.74
 Duration: 189.84
 WaitingTime: 23.11
 TimeLoss: 42.56
 DepartDelay: 0.05
  [299/650] leve/PREEMPCAO/seed=24                               ok        1m12s · restam ~1h53m18s
***Starting server on port 65075 ***
Loading net-file from 'C:\Users\User\Desktop\tcc-bloco8\sim\config\../rede/malha.net.xml' ... done (6ms).
Loading additional-files from 'C:\Users\User\Desktop\tcc-bloco8\sim\saida\moderado_PREEMPCAO_COMPENSADA_24\malha.det.add.xml' ... done (35ms).
Loading route-files incrementally from 'C:\Users\User\Desktop\tcc-bloco8\sim\demanda\veiculos.typ.xml'
Loading route-files incrementally from 'C:\Users\User\Desktop\tcc-bloco8\sim\saida\rotas\moderado_24.rou.xml'
Loading done.
Simulation version 1.27.1 started with time: 0.00.
Simulation ended at time: 3600.00.
Reason: TraCI requested termination.
Performance:
 Duration: 72.96s
 TraCI-Duration: 47.46s
 Real time factor: 49.3414
 UPS: 56043.064103
Vehicles:
 Inserted: 2210
 Running: 105
 Waiting: 0
Statistics (avg of 2105):
 RouteLength: 2028.89
 Speed: 10.83
 Duration: 188.77
 WaitingTime: 23.40
 TimeLoss: 41.51
 DepartDelay: 0.05
  [300/650] leve/PREEMPCAO_COMPENSADA/seed=24                    ok        1m13s · restam ~1h52m40s
***Starting server on port 65084 ***
Simulation ended at time: 3600.00.
Reason: TraCI requested termination.
Performance:
 Duration: 77.61s
 TraCI-Duration: 46.08s
 Real time factor: 46.3846
 UPS: 63908.248724
Vehicles:
 Inserted: 2210
 Running: 142
 Waiting: 0
Statistics (avg of 2068):
 RouteLength: 2016.68
 Speed: 8.84
 Duration: 229.50
 WaitingTime: 52.16
 TimeLoss: 82.44
 DepartDelay: 0.05
Loading net-file from 'C:\Users\User\Desktop\tcc-bloco8\sim\config\../rede/malha.net.xml' ... done (6ms).
Loading additional-files from 'C:\Users\User\Desktop\tcc-bloco8\sim\saida\intenso_FIXO_24\malha.det.add.xml' ... done (36ms).
Loading route-files incrementally from 'C:\Users\User\Desktop\tcc-bloco8\sim\demanda\veiculos.typ.xml'
Loading route-files incrementally from 'C:\Users\User\Desktop\tcc-bloco8\sim\saida\rotas\intenso_24.rou.xml'
Loading done.
Simulation version 1.27.1 started with time: 0.00.
  [301/650] leve/FIXO/seed=24                                    ok        1m18s · restam ~1h52m00s
***Starting server on port 65089 ***
Loading net-file from 'C:\Users\User\Desktop\tcc-bloco8\sim\config\../rede/malha.net.xml' ... done (12ms).
Loading additional-files from 'C:\Users\User\Desktop\tcc-bloco8\sim\saida\intenso_PREEMPCAO_24\malha.det.add.xml' ... done (76ms).
Loading route-files incrementally from 'C:\Users\User\Desktop\tcc-bloco8\sim\demanda\veiculos.typ.xml'
Loading route-files incrementally from 'C:\Users\User\Desktop\tcc-bloco8\sim\saida\rotas\intenso_24.rou.xml'
Loading done.
Simulation version 1.27.1 started with time: 0.00.
Simulation ended at time: 3600.00.
Reason: TraCI requested termination.
Performance:
 Duration: 111.81s
 TraCI-Duration: 48.89s
 Real time factor: 32.1983
 UPS: 94717.620543
Vehicles:
 Inserted: 5362
 Running: 279
 Waiting: 0
Statistics (avg of 5083):
 RouteLength: 2030.15
 Speed: 10.03
 Duration: 203.06
 WaitingTime: 23.12
 TimeLoss: 55.37
 DepartDelay: 0.06
  [302/650] multiplas_emergencias/PREEMPCAO_ML/seed=23           ok        1m52s · restam ~1h51m49s
***Starting server on port 53137 ***
Loading net-file from 'C:\Users\User\Desktop\tcc-bloco8\sim\config\../rede/malha.net.xml' ... done (5ms).
Loading additional-files from 'C:\Users\User\Desktop\tcc-bloco8\sim\saida\intenso_PREEMPCAO_COMPENSADA_24\malha.det.add.xml' ... done (36ms).
Loading route-files incrementally from 'C:\Users\User\Desktop\tcc-bloco8\sim\demanda\veiculos.typ.xml'
Loading route-files incrementally from 'C:\Users\User\Desktop\tcc-bloco8\sim\saida\rotas\intenso_24.rou.xml'
Loading done.
Simulation version 1.27.1 started with time: 0.00.
Simulation ended at time: 3600.00.
Reason: TraCI requested termination.
Performance:
 Duration: 107.11s
 TraCI-Duration: 48.00s
 Real time factor: 33.6103
 UPS: 93738.978620
Vehicles:
 Inserted: 5178
 Running: 247
 Waiting: 0
Statistics (avg of 4931):
 RouteLength: 2021.09
 Speed: 10.22
 Duration: 198.66
 WaitingTime: 21.45
 TimeLoss: 51.50
 DepartDelay: 0.06
Simulation ended at time: 3600.00.
Reason: TraCI requested termination.
Performance:
 Duration: 120.65s
 TraCI-Duration: 47.63s
 Real time factor: 29.8389
 UPS: 98800.734368
Vehicles:
 Inserted: 5178
 Running: 313
 Waiting: 0
Statistics (avg of 4865):
 RouteLength: 2013.22
 Speed: 8.53
 Duration: 236.39
 WaitingTime: 42.44
 TimeLoss: 89.37
 DepartDelay: 0.06
  [303/650] moderado/PREEMPCAO/seed=24                           ok        1m48s · restam ~1h51m54s
  [304/650] moderado/FIXO/seed=24                                ok        2m01s · restam ~1h51m13s
***Starting server on port 50076 ***
***Starting server on port 50079 ***
Loading net-file from 'C:\Users\User\Desktop\tcc-bloco8\sim\config\../rede/malha.net.xml' ... done (6ms).
Loading additional-files from 'C:\Users\User\Desktop\tcc-bloco8\sim\saida\multiplas_emergencias_FIXO_24\malha.det.add.xml' ... done (57ms).
Loading route-files incrementally from 'C:\Users\User\Desktop\tcc-bloco8\sim\demanda\veiculos.typ.xml'
Loading route-files incrementally from 'C:\Users\User\Desktop\tcc-bloco8\sim\saida\rotas\multiplas_emergencias_24.rou.xml'
Loading done.
Simulation version 1.27.1 started with time: 0.00.
Loading net-file from 'C:\Users\User\Desktop\tcc-bloco8\sim\config\../rede/malha.net.xml' ... done (6ms).
Loading additional-files from 'C:\Users\User\Desktop\tcc-bloco8\sim\saida\multiplas_emergencias_PREEMPCAO_24\malha.det.add.xml' ... done (35ms).
Loading route-files incrementally from 'C:\Users\User\Desktop\tcc-bloco8\sim\demanda\veiculos.typ.xml'
Loading route-files incrementally from 'C:\Users\User\Desktop\tcc-bloco8\sim\saida\rotas\multiplas_emergencias_24.rou.xml'
Loading done.
Simulation version 1.27.1 started with time: 0.00.
Simulation ended at time: 3600.00.
Reason: TraCI requested termination.
Performance:
 Duration: 114.97s
 TraCI-Duration: 49.13s
 Real time factor: 31.3125
 UPS: 91924.284596
Vehicles:
 Inserted: 5178
 Running: 251
 Waiting: 0
Statistics (avg of 4927):
 RouteLength: 2021.92
 Speed: 9.67
 Duration: 209.42
 WaitingTime: 27.29
 TimeLoss: 62.22
 DepartDelay: 0.06
  [305/650] moderado/PREEMPCAO_COMPENSADA/seed=24                ok        1m56s · restam ~1h51m21s
***Starting server on port 60893 ***
Loading net-file from 'C:\Users\User\Desktop\tcc-bloco8\sim\config\../rede/malha.net.xml' ... done (7ms).
Loading additional-files from 'C:\Users\User\Desktop\tcc-bloco8\sim\saida\multiplas_emergencias_PREEMPCAO_COMPENSADA_24\malha.det.add.xml' ... done (105ms).
Loading route-files incrementally from 'C:\Users\User\Desktop\tcc-bloco8\sim\demanda\veiculos.typ.xml'
Loading route-files incrementally from 'C:\Users\User\Desktop\tcc-bloco8\sim\saida\rotas\multiplas_emergencias_24.rou.xml'
Loading done.
Simulation version 1.27.1 started with time: 0.00.
Simulation ended at time: 3600.00.
Reason: TraCI requested termination.
Performance:
 Duration: 111.28s
 TraCI-Duration: 48.44s
 Real time factor: 32.3508
 UPS: 92566.166427
Vehicles:
 Inserted: 5184
 Running: 255
 Waiting: 0
Statistics (avg of 4929):
 RouteLength: 2020.89
 Speed: 9.94
 Duration: 203.63
 WaitingTime: 24.10
 TimeLoss: 56.50
 DepartDelay: 0.06
  [306/650] multiplas_emergencias/PREEMPCAO/seed=24              ok        1m52s · restam ~1h51m58s
***Starting server on port 65522 ***
Loading net-file from 'C:\Users\User\Desktop\tcc-bloco8\sim\config\../rede/malha.net.xml' ... done (8ms).
Loading additional-files from 'C:\Users\User\Desktop\tcc-bloco8\sim\saida\multiplas_emergencias_PREEMPCAO_ML_24\malha.det.add.xml' ... done (72ms).
Loading route-files incrementally from 'C:\Users\User\Desktop\tcc-bloco8\sim\demanda\veiculos.typ.xml'
Loading route-files incrementally from 'C:\Users\User\Desktop\tcc-bloco8\sim\saida\rotas\multiplas_emergencias_24.rou.xml'
Loading done.
Simulation version 1.27.1 started with time: 0.00.
Simulation ended at time: 3600.00.
Reason: TraCI requested termination.
Performance:
 Duration: 124.95s
 TraCI-Duration: 48.24s
 Real time factor: 28.8111
 UPS: 95528.971125
Vehicles:
 Inserted: 5184
 Running: 313
 Waiting: 0
Statistics (avg of 4871):
 RouteLength: 2013.81
 Speed: 8.53
 Duration: 236.44
 WaitingTime: 42.43
 TimeLoss: 89.42
 DepartDelay: 0.06
  [307/650] multiplas_emergencias/FIXO/seed=24                   ok        2m06s · restam ~1h51m31s
***Starting server on port 56226 ***
Loading net-file from 'C:\Users\User\Desktop\tcc-bloco8\sim\config\../rede/malha.net.xml' ... done (6ms).
Loading additional-files from 'C:\Users\User\Desktop\tcc-bloco8\sim\saida\leve_FIXO_25\malha.det.add.xml' ... done (37ms).
Loading route-files incrementally from 'C:\Users\User\Desktop\tcc-bloco8\sim\demanda\veiculos.typ.xml'
Loading route-files incrementally from 'C:\Users\User\Desktop\tcc-bloco8\sim\saida\rotas\leve_25.rou.xml'
Loading done.
Simulation version 1.27.1 started with time: 0.00.
Simulation ended at time: 3600.00.
Reason: TraCI requested termination.
Performance:
 Duration: 194.33s
 TraCI-Duration: 51.82s
 Real time factor: 18.525
 UPS: 106944.888130
Vehicles:
 Inserted: 9214
 Running: 621
 Waiting: 0
Statistics (avg of 8593):
 RouteLength: 2001.02
 Speed: 8.57
 Duration: 233.23
 WaitingTime: 29.87
 TimeLoss: 86.28
 DepartDelay: 0.10
  [308/650] intenso/PREEMPCAO/seed=24                            ok        3m15s · restam ~1h50m52s
***Starting server on port 56235 ***
Loading net-file from 'C:\Users\User\Desktop\tcc-bloco8\sim\config\../rede/malha.net.xml' ... done (110ms).
Loading additional-files from 'C:\Users\User\Desktop\tcc-bloco8\sim\saida\leve_PREEMPCAO_25\malha.det.add.xml' ... done (520ms).
Loading route-files incrementally from 'C:\Users\User\Desktop\tcc-bloco8\sim\demanda\veiculos.typ.xml'
Loading route-files incrementally from 'C:\Users\User\Desktop\tcc-bloco8\sim\saida\rotas\leve_25.rou.xml'
Loading done.
Simulation version 1.27.1 started with time: 0.00.
Simulation ended at time: 3600.00.
Reason: TraCI requested termination.
Performance:
 Duration: 203.10s
 TraCI-Duration: 50.52s
 Real time factor: 17.7251
 UPS: 108022.934289
Vehicles:
 Inserted: 9214
 Running: 680
 Waiting: 0
Statistics (avg of 8534):
 RouteLength: 1995.73
 Speed: 8.07
 Duration: 246.39
 WaitingTime: 35.20
 TimeLoss: 99.57
 DepartDelay: 0.10
  [309/650] intenso/FIXO/seed=24                                 ok        3m25s · restam ~1h50m21s
***Starting server on port 56253 ***
Loading net-file from 'C:\Users\User\Desktop\tcc-bloco8\sim\config\../rede/malha.net.xml' ... done (6ms).
Loading additional-files from 'C:\Users\User\Desktop\tcc-bloco8\sim\saida\leve_PREEMPCAO_COMPENSADA_25\malha.det.add.xml' ... done (35ms).
Loading route-files incrementally from 'C:\Users\User\Desktop\tcc-bloco8\sim\demanda\veiculos.typ.xml'
Loading route-files incrementally from 'C:\Users\User\Desktop\tcc-bloco8\sim\saida\rotas\leve_25.rou.xml'
Loading done.
Simulation version 1.27.1 started with time: 0.00.
Simulation ended at time: 3600.00.
Reason: TraCI requested termination.
Performance:
 Duration: 214.81s
 TraCI-Duration: 52.43s
 Real time factor: 16.7587
 UPS: 97085.203944
Vehicles:
 Inserted: 9214
 Running: 585
 Waiting: 0
Statistics (avg of 8629):
 RouteLength: 2002.38
 Speed: 8.55
 Duration: 234.11
 WaitingTime: 31.10
 TimeLoss: 87.12
 DepartDelay: 0.10
  [310/650] intenso/PREEMPCAO_COMPENSADA/seed=24                 ok        3m36s · restam ~1h50m23s
***Starting server on port 64495 ***
Loading net-file from 'C:\Users\User\Desktop\tcc-bloco8\sim\config\../rede/malha.net.xml' ... done (7ms).
Loading additional-files from 'C:\Users\User\Desktop\tcc-bloco8\sim\saida\moderado_FIXO_25\malha.det.add.xml' ... done (37ms).
Loading route-files incrementally from 'C:\Users\User\Desktop\tcc-bloco8\sim\demanda\veiculos.typ.xml'
Loading route-files incrementally from 'C:\Users\User\Desktop\tcc-bloco8\sim\saida\rotas\moderado_25.rou.xml'
Loading done.
Simulation version 1.27.1 started with time: 0.00.
Simulation ended at time: 3600.00.
Reason: TraCI requested termination.
Performance:
 Duration: 137.76s
 TraCI-Duration: 49.59s
 Real time factor: 26.1326
 UPS: 76618.500425
Vehicles:
 Inserted: 5184
 Running: 292
 Waiting: 0
Statistics (avg of 4892):
 RouteLength: 2017.10
 Speed: 9.69
 Duration: 208.46
 WaitingTime: 27.03
 TimeLoss: 61.40
 DepartDelay: 0.06
  [311/650] multiplas_emergencias/PREEMPCAO_COMPENSADA/seed=24   ok        2m18s · restam ~1h49m50s
***Starting server on port 50762 ***
Loading net-file from 'C:\Users\User\Desktop\tcc-bloco8\sim\config\../rede/malha.net.xml' ... done (7ms).
Loading additional-files from 'C:\Users\User\Desktop\tcc-bloco8\sim\saida\moderado_PREEMPCAO_25\malha.det.add.xml' ... done (46ms).
Loading route-files incrementally from 'C:\Users\User\Desktop\tcc-bloco8\sim\demanda\veiculos.typ.xml'
Loading route-files incrementally from 'C:\Users\User\Desktop\tcc-bloco8\sim\saida\rotas\moderado_25.rou.xml'
Loading done.
Simulation version 1.27.1 started with time: 0.00.
Warning: Vehicle 'A1_LESTE_carro_0218' performs emergency braking on lane 'A1_L2_0' with decel=9.00, wished=4.50, severity=1.00, time=2686.40.
Simulation ended at time: 3600.00.
Reason: TraCI requested termination.
Performance:
 Duration: 95.28s
 TraCI-Duration: 46.71s
 Real time factor: 37.7818
 UPS: 42971.642668
Vehicles:
 Inserted: 2241
 Running: 110
 Waiting: 0
 Emergency Braking: 1
Statistics (avg of 2131):
 RouteLength: 2030.44
 Speed: 10.95
 Duration: 186.83
 WaitingTime: 21.21
 TimeLoss: 39.67
 DepartDelay: 0.05
  [312/650] leve/PREEMPCAO/seed=25                               ok        1m37s · restam ~1h49m56s
***Starting server on port 56688 ***
Loading net-file from 'C:\Users\User\Desktop\tcc-bloco8\sim\config\../rede/malha.net.xml' ... done (6ms).
Loading additional-files from 'C:\Users\User\Desktop\tcc-bloco8\sim\saida\moderado_PREEMPCAO_COMPENSADA_25\malha.det.add.xml' ... done (40ms).
Loading route-files incrementally from 'C:\Users\User\Desktop\tcc-bloco8\sim\demanda\veiculos.typ.xml'
Loading route-files incrementally from 'C:\Users\User\Desktop\tcc-bloco8\sim\saida\rotas\moderado_25.rou.xml'
Loading done.
Simulation version 1.27.1 started with time: 0.00.
Simulation ended at time: 3600.00.
Reason: TraCI requested termination.
Performance:
 Duration: 104.36s
 TraCI-Duration: 46.76s
 Real time factor: 34.4976
 UPS: 48338.095923
Vehicles:
 Inserted: 2241
 Running: 126
 Waiting: 0
Statistics (avg of 2115):
 RouteLength: 2023.15
 Speed: 8.81
 Duration: 231.07
 WaitingTime: 52.33
 TimeLoss: 84.07
 DepartDelay: 0.05
  [313/650] leve/FIXO/seed=25                                    ok        1m45s · restam ~1h49m21s
***Starting server on port 56699 ***
Loading net-file from 'C:\Users\User\Desktop\tcc-bloco8\sim\config\../rede/malha.net.xml' ... done (8ms).
Loading additional-files from 'C:\Users\User\Desktop\tcc-bloco8\sim\saida\intenso_FIXO_25\malha.det.add.xml' ... done (58ms).
Loading route-files incrementally from 'C:\Users\User\Desktop\tcc-bloco8\sim\demanda\veiculos.typ.xml'
Loading route-files incrementally from 'C:\Users\User\Desktop\tcc-bloco8\sim\saida\rotas\intenso_25.rou.xml'
Loading done.
Simulation version 1.27.1 started with time: 0.00.
Simulation ended at time: 3600.00.
Reason: TraCI requested termination.
Performance:
 Duration: 98.34s
 TraCI-Duration: 48.31s
 Real time factor: 36.6077
 UPS: 43559.090909
Vehicles:
 Inserted: 2241
 Running: 111
 Waiting: 0
Statistics (avg of 2130):
 RouteLength: 2030.69
 Speed: 10.44
 Duration: 195.71
 WaitingTime: 27.95
 TimeLoss: 48.53
 DepartDelay: 0.05
  [314/650] leve/PREEMPCAO_COMPENSADA/seed=25                    ok        1m42s · restam ~1h48m50s
***Starting server on port 56714 ***
Loading net-file from 'C:\Users\User\Desktop\tcc-bloco8\sim\config\../rede/malha.net.xml' ... done (9ms).
Loading additional-files from 'C:\Users\User\Desktop\tcc-bloco8\sim\saida\intenso_PREEMPCAO_25\malha.det.add.xml' ... done (46ms).
Loading route-files incrementally from 'C:\Users\User\Desktop\tcc-bloco8\sim\demanda\veiculos.typ.xml'
Loading route-files incrementally from 'C:\Users\User\Desktop\tcc-bloco8\sim\saida\rotas\intenso_25.rou.xml'
Loading done.
Simulation version 1.27.1 started with time: 0.00.
Simulation ended at time: 3600.00.
Reason: TraCI requested termination.
Performance:
 Duration: 134.98s
 TraCI-Duration: 49.10s
 Real time factor: 26.6716
 UPS: 77228.108909
Vehicles:
 Inserted: 5184
 Running: 248
 Waiting: 0
Statistics (avg of 4936):
 RouteLength: 2023.39
 Speed: 9.82
 Duration: 206.23
 WaitingTime: 24.81
 TimeLoss: 59.04
 DepartDelay: 0.06
  [315/650] multiplas_emergencias/PREEMPCAO_ML/seed=24           ok        2m16s · restam ~1h48m20s
***Starting server on port 63908 ***
Loading net-file from 'C:\Users\User\Desktop\tcc-bloco8\sim\config\../rede/malha.net.xml' ... done (6ms).
Loading additional-files from 'C:\Users\User\Desktop\tcc-bloco8\sim\saida\intenso_PREEMPCAO_COMPENSADA_25\malha.det.add.xml' ... done (40ms).
Loading route-files incrementally from 'C:\Users\User\Desktop\tcc-bloco8\sim\demanda\veiculos.typ.xml'
Loading route-files incrementally from 'C:\Users\User\Desktop\tcc-bloco8\sim\saida\rotas\intenso_25.rou.xml'
Loading done.
Simulation version 1.27.1 started with time: 0.00.
Simulation ended at time: 3600.00.
Reason: TraCI requested termination.
Performance:
 Duration: 108.78s
 TraCI-Duration: 47.15s
 Real time factor: 33.0946
 UPS: 96356.098144
Vehicles:
 Inserted: 5230
 Running: 257
 Waiting: 0
Statistics (avg of 4973):
 RouteLength: 2029.32
 Speed: 9.89
 Duration: 205.69
 WaitingTime: 24.16
 TimeLoss: 58.22
 DepartDelay: 0.06
  [316/650] moderado/PREEMPCAO/seed=25                           ok        1m49s · restam ~1h48m26s
***Starting server on port 63970 ***
Loading net-file from 'C:\Users\User\Desktop\tcc-bloco8\sim\config\../rede/malha.net.xml' ... done (6ms).
Loading additional-files from 'C:\Users\User\Desktop\tcc-bloco8\sim\saida\multiplas_emergencias_FIXO_25\malha.det.add.xml' ... done (52ms).
Loading route-files incrementally from 'C:\Users\User\Desktop\tcc-bloco8\sim\demanda\veiculos.typ.xml'
Loading route-files incrementally from 'C:\Users\User\Desktop\tcc-bloco8\sim\saida\rotas\multiplas_emergencias_25.rou.xml'
Loading done.
Simulation version 1.27.1 started with time: 0.00.
Simulation ended at time: 3600.00.
Reason: TraCI requested termination.
Performance:
 Duration: 122.98s
 TraCI-Duration: 47.46s
 Real time factor: 29.2723
 UPS: 97987.526731
Vehicles:
 Inserted: 5230
 Running: 333
 Waiting: 0
Statistics (avg of 4897):
 RouteLength: 2020.25
 Speed: 8.54
 Duration: 236.85
 WaitingTime: 42.23
 TimeLoss: 89.56
 DepartDelay: 0.06
  [317/650] moderado/FIXO/seed=25                                ok        2m04s · restam ~1h47m54s
***Starting server on port 63985 ***
Warning: Vehicle 'A1_OESTE_carro_0462' performs emergency braking on lane 'A1_O4_0' with decel=9.00, wished=4.50, severity=1.00, time=2459.40.
Loading net-file from 'C:\Users\User\Desktop\tcc-bloco8\sim\config\../rede/malha.net.xml' ... done (9ms).
Loading additional-files from 'C:\Users\User\Desktop\tcc-bloco8\sim\saida\multiplas_emergencias_PREEMPCAO_25\malha.det.add.xml' ... done (40ms).
Loading route-files incrementally from 'C:\Users\User\Desktop\tcc-bloco8\sim\demanda\veiculos.typ.xml'
Loading route-files incrementally from 'C:\Users\User\Desktop\tcc-bloco8\sim\saida\rotas\multiplas_emergencias_25.rou.xml'
Loading done.
Simulation version 1.27.1 started with time: 0.00.
Simulation ended at time: 3600.00.
Reason: TraCI requested termination.
Performance:
 Duration: 106.14s
 TraCI-Duration: 47.45s
 Real time factor: 33.9178
 UPS: 97811.718595
Vehicles:
 Inserted: 5230
 Running: 263
 Waiting: 0
 Emergency Braking: 1
Statistics (avg of 4967):
 RouteLength: 2029.56
 Speed: 10.00
 Duration: 203.70
 WaitingTime: 23.59
 TimeLoss: 56.22
 DepartDelay: 0.06
  [318/650] moderado/PREEMPCAO_COMPENSADA/seed=25                ok        1m48s · restam ~1h47m50s
***Starting server on port 64034 ***
Loading net-file from 'C:\Users\User\Desktop\tcc-bloco8\sim\config\../rede/malha.net.xml' ... done (7ms).
Loading additional-files from 'C:\Users\User\Desktop\tcc-bloco8\sim\saida\multiplas_emergencias_PREEMPCAO_COMPENSADA_25\malha.det.add.xml' ... done (43ms).
Loading route-files incrementally from 'C:\Users\User\Desktop\tcc-bloco8\sim\demanda\veiculos.typ.xml'
Loading route-files incrementally from 'C:\Users\User\Desktop\tcc-bloco8\sim\saida\rotas\multiplas_emergencias_25.rou.xml'
Loading done.
Simulation version 1.27.1 started with time: 0.00.
Simulation ended at time: 3600.00.
Reason: TraCI requested termination.
Performance:
 Duration: 107.68s
 TraCI-Duration: 47.12s
 Real time factor: 33.433
 UPS: 96966.046918
Vehicles:
 Inserted: 5236
 Running: 261
 Waiting: 0
Statistics (avg of 4975):
 RouteLength: 2030.10
 Speed: 9.94
 Duration: 204.64
 WaitingTime: 23.85
 TimeLoss: 57.17
 DepartDelay: 0.06
  [319/650] multiplas_emergencias/PREEMPCAO/seed=25              ok        1m48s · restam ~1h48m28s
***Starting server on port 49963 ***
Loading net-file from 'C:\Users\User\Desktop\tcc-bloco8\sim\config\../rede/malha.net.xml' ... done (7ms).
Loading additional-files from 'C:\Users\User\Desktop\tcc-bloco8\sim\saida\multiplas_emergencias_PREEMPCAO_ML_25\malha.det.add.xml' ... done (42ms).
Loading route-files incrementally from 'C:\Users\User\Desktop\tcc-bloco8\sim\demanda\veiculos.typ.xml'
Loading route-files incrementally from 'C:\Users\User\Desktop\tcc-bloco8\sim\saida\rotas\multiplas_emergencias_25.rou.xml'
Loading done.
Simulation version 1.27.1 started with time: 0.00.
Simulation ended at time: 3600.00.
Reason: TraCI requested termination.
Performance:
 Duration: 122.68s
 TraCI-Duration: 47.64s
 Real time factor: 29.3437
 UPS: 98368.295784
Vehicles:
 Inserted: 5236
 Running: 333
 Waiting: 0
Statistics (avg of 4903):
 RouteLength: 2020.83
 Speed: 8.54
 Duration: 236.92
 WaitingTime: 42.22
 TimeLoss: 89.64
 DepartDelay: 0.06
  [320/650] multiplas_emergencias/FIXO/seed=25                   ok        2m03s · restam ~1h47m55s
***Starting server on port 52197 ***
Loading net-file from 'C:\Users\User\Desktop\tcc-bloco8\sim\config\../rede/malha.net.xml' ... done (11ms).
Loading additional-files from 'C:\Users\User\Desktop\tcc-bloco8\sim\saida\leve_FIXO_26\malha.det.add.xml' ... done (64ms).
Loading route-files incrementally from 'C:\Users\User\Desktop\tcc-bloco8\sim\demanda\veiculos.typ.xml'
Loading route-files incrementally from 'C:\Users\User\Desktop\tcc-bloco8\sim\saida\rotas\leve_26.rou.xml'
Loading done.
Simulation version 1.27.1 started with time: 0.00.
Simulation ended at time: 3600.00.
Reason: TraCI requested termination.
Performance:
 Duration: 178.51s
 TraCI-Duration: 50.16s
 Real time factor: 20.1674
 UPS: 111654.218906
Vehicles:
 Inserted: 9026
 Running: 563
 Waiting: 0
Statistics (avg of 8463):
 RouteLength: 2012.92
 Speed: 8.84
 Duration: 227.81
 WaitingTime: 27.91
 TimeLoss: 80.67
 DepartDelay: 0.10
  [321/650] intenso/PREEMPCAO/seed=25                            ok        2m59s · restam ~1h47m18s
***Starting server on port 62968 ***
Loading net-file from 'C:\Users\User\Desktop\tcc-bloco8\sim\config\../rede/malha.net.xml' ... done (7ms).
Loading additional-files from 'C:\Users\User\Desktop\tcc-bloco8\sim\saida\leve_PREEMPCAO_26\malha.det.add.xml' ... done (45ms).
Loading route-files incrementally from 'C:\Users\User\Desktop\tcc-bloco8\sim\demanda\veiculos.typ.xml'
Loading route-files incrementally from 'C:\Users\User\Desktop\tcc-bloco8\sim\saida\rotas\leve_26.rou.xml'
Loading done.
Simulation version 1.27.1 started with time: 0.00.
Simulation ended at time: 3600.00.
Reason: TraCI requested termination.
Performance:
 Duration: 193.18s
 TraCI-Duration: 49.57s
 Real time factor: 18.6358
 UPS: 111059.919142
Vehicles:
 Inserted: 9026
 Running: 640
 Waiting: 0
Statistics (avg of 8386):
 RouteLength: 2008.61
 Speed: 8.15
 Duration: 245.49
 WaitingTime: 34.97
 TimeLoss: 98.44
 DepartDelay: 0.10
  [322/650] intenso/FIXO/seed=25                                 ok        3m14s · restam ~1h46m46s
***Starting server on port 62981 ***
Loading net-file from 'C:\Users\User\Desktop\tcc-bloco8\sim\config\../rede/malha.net.xml' ... done (7ms).
Loading additional-files from 'C:\Users\User\Desktop\tcc-bloco8\sim\saida\leve_PREEMPCAO_COMPENSADA_26\malha.det.add.xml' ... done (46ms).
Loading route-files incrementally from 'C:\Users\User\Desktop\tcc-bloco8\sim\demanda\veiculos.typ.xml'
Loading route-files incrementally from 'C:\Users\User\Desktop\tcc-bloco8\sim\saida\rotas\leve_26.rou.xml'
Loading done.
Simulation version 1.27.1 started with time: 0.00.
Simulation ended at time: 3600.00.
Reason: TraCI requested termination.
Performance:
 Duration: 187.48s
 TraCI-Duration: 51.71s
 Real time factor: 19.2023
 UPS: 109373.921207
Vehicles:
 Inserted: 9026
 Running: 611
 Waiting: 0
Statistics (avg of 8415):
 RouteLength: 2012.31
 Speed: 8.60
 Duration: 234.15
 WaitingTime: 31.68
 TimeLoss: 87.03
 DepartDelay: 0.10
  [323/650] intenso/PREEMPCAO_COMPENSADA/seed=25                 ok        3m08s · restam ~1h46m18s
***Starting server on port 63000 ***
Loading net-file from 'C:\Users\User\Desktop\tcc-bloco8\sim\config\../rede/malha.net.xml' ... done (9ms).
Loading additional-files from 'C:\Users\User\Desktop\tcc-bloco8\sim\saida\moderado_FIXO_26\malha.det.add.xml' ... done (38ms).
Loading route-files incrementally from 'C:\Users\User\Desktop\tcc-bloco8\sim\demanda\veiculos.typ.xml'
Loading route-files incrementally from 'C:\Users\User\Desktop\tcc-bloco8\sim\saida\rotas\moderado_26.rou.xml'
Loading done.
Simulation version 1.27.1 started with time: 0.00.
Simulation ended at time: 3600.00.
Reason: TraCI requested termination.
Performance:
 Duration: 113.82s
 TraCI-Duration: 49.50s
 Real time factor: 31.6281
 UPS: 94408.766242
Vehicles:
 Inserted: 5236
 Running: 276
 Waiting: 0
Statistics (avg of 4960):
 RouteLength: 2027.08
 Speed: 9.65
 Duration: 210.67
 WaitingTime: 27.91
 TimeLoss: 63.27
 DepartDelay: 0.06
  [324/650] multiplas_emergencias/PREEMPCAO_COMPENSADA/seed=25   ok        1m54s · restam ~1h45m51s
***Starting server on port 63020 ***
Loading net-file from 'C:\Users\User\Desktop\tcc-bloco8\sim\config\../rede/malha.net.xml' ... done (8ms).
Loading additional-files from 'C:\Users\User\Desktop\tcc-bloco8\sim\saida\moderado_PREEMPCAO_26\malha.det.add.xml' ... done (61ms).
Loading route-files incrementally from 'C:\Users\User\Desktop\tcc-bloco8\sim\demanda\veiculos.typ.xml'
Loading route-files incrementally from 'C:\Users\User\Desktop\tcc-bloco8\sim\saida\rotas\moderado_26.rou.xml'
Loading done.
Simulation version 1.27.1 started with time: 0.00.
Simulation ended at time: 3600.00.
Reason: TraCI requested termination.
Performance:
 Duration: 68.27s
 TraCI-Duration: 43.94s
 Real time factor: 52.7349
 UPS: 63044.268010
Vehicles:
 Inserted: 2298
 Running: 122
 Waiting: 0
Statistics (avg of 2176):
 RouteLength: 2037.74
 Speed: 10.65
 Duration: 192.33
 WaitingTime: 24.42
 TimeLoss: 44.74
 DepartDelay: 0.05
  [325/650] leve/PREEMPCAO/seed=26                               ok        1m09s · restam ~1h45m51s
***Starting server on port 57375 ***
Loading net-file from 'C:\Users\User\Desktop\tcc-bloco8\sim\config\../rede/malha.net.xml' ... done (7ms).
Loading additional-files from 'C:\Users\User\Desktop\tcc-bloco8\sim\saida\moderado_PREEMPCAO_COMPENSADA_26\malha.det.add.xml' ... done (53ms).
Loading route-files incrementally from 'C:\Users\User\Desktop\tcc-bloco8\sim\demanda\veiculos.typ.xml'
Loading route-files incrementally from 'C:\Users\User\Desktop\tcc-bloco8\sim\saida\rotas\moderado_26.rou.xml'
Loading done.
Simulation version 1.27.1 started with time: 0.00.
Simulation ended at time: 3600.00.
Reason: TraCI requested termination.
Performance:
 Duration: 74.21s
 TraCI-Duration: 43.89s
 Real time factor: 48.511
 UPS: 69577.698423
Vehicles:
 Inserted: 2298
 Running: 166
 Waiting: 0
Statistics (avg of 2132):
 RouteLength: 2025.03
 Speed: 8.80
 Duration: 231.31
 WaitingTime: 52.20
 TimeLoss: 83.98
 DepartDelay: 0.05
  [326/650] leve/FIXO/seed=26                                    ok        1m15s · restam ~1h45m15s
***Starting server on port 57383 ***
Loading net-file from 'C:\Users\User\Desktop\tcc-bloco8\sim\config\../rede/malha.net.xml' ... done (7ms).
Loading additional-files from 'C:\Users\User\Desktop\tcc-bloco8\sim\saida\intenso_FIXO_26\malha.det.add.xml' ... done (43ms).
Loading route-files incrementally from 'C:\Users\User\Desktop\tcc-bloco8\sim\demanda\veiculos.typ.xml'
Loading route-files incrementally from 'C:\Users\User\Desktop\tcc-bloco8\sim\saida\rotas\intenso_26.rou.xml'
Loading done.
Simulation version 1.27.1 started with time: 0.00.
Simulation ended at time: 3600.00.
Reason: TraCI requested termination.
Performance:
 Duration: 70.66s
 TraCI-Duration: 45.41s
 Real time factor: 50.9496
 UPS: 63402.289903
Vehicles:
 Inserted: 2298
 Running: 133
 Waiting: 0
Statistics (avg of 2165):
 RouteLength: 2035.41
 Speed: 10.19
 Duration: 200.49
 WaitingTime: 30.31
 TimeLoss: 52.94
 DepartDelay: 0.05
  [327/650] leve/PREEMPCAO_COMPENSADA/seed=26                    ok        1m11s · restam ~1h44m42s
***Starting server on port 57395 ***
Loading net-file from 'C:\Users\User\Desktop\tcc-bloco8\sim\config\../rede/malha.net.xml' ... done (7ms).
Loading additional-files from 'C:\Users\User\Desktop\tcc-bloco8\sim\saida\intenso_PREEMPCAO_26\malha.det.add.xml' ... done (47ms).
Loading route-files incrementally from 'C:\Users\User\Desktop\tcc-bloco8\sim\demanda\veiculos.typ.xml'
Loading route-files incrementally from 'C:\Users\User\Desktop\tcc-bloco8\sim\saida\rotas\intenso_26.rou.xml'
Loading done.
Simulation version 1.27.1 started with time: 0.00.
Simulation ended at time: 3600.00.
Reason: TraCI requested termination.
Performance:
 Duration: 106.59s
 TraCI-Duration: 46.92s
 Real time factor: 33.7759
 UPS: 100802.204813
Vehicles:
 Inserted: 5236
 Running: 272
 Waiting: 0
Statistics (avg of 4964):
 RouteLength: 2029.88
 Speed: 9.64
 Duration: 210.76
 WaitingTime: 27.39
 TimeLoss: 63.30
 DepartDelay: 0.06
  [328/650] multiplas_emergencias/PREEMPCAO_ML/seed=25           ok        1m47s · restam ~1h44m23s
***Starting server on port 57428 ***
Loading net-file from 'C:\Users\User\Desktop\tcc-bloco8\sim\config\../rede/malha.net.xml' ... done (6ms).
Loading additional-files from 'C:\Users\User\Desktop\tcc-bloco8\sim\saida\intenso_PREEMPCAO_COMPENSADA_26\malha.det.add.xml' ... done (38ms).
Loading route-files incrementally from 'C:\Users\User\Desktop\tcc-bloco8\sim\demanda\veiculos.typ.xml'
Loading route-files incrementally from 'C:\Users\User\Desktop\tcc-bloco8\sim\saida\rotas\intenso_26.rou.xml'
Loading done.
Simulation version 1.27.1 started with time: 0.00.
Simulation ended at time: 3600.00.
Reason: TraCI requested termination.
Performance:
 Duration: 97.00s
 TraCI-Duration: 44.77s
 Real time factor: 37.1142
 UPS: 106305.418668
Vehicles:
 Inserted: 5285
 Running: 269
 Waiting: 0
Statistics (avg of 5016):
 RouteLength: 2016.91
 Speed: 10.11
 Duration: 200.12
 WaitingTime: 22.15
 TimeLoss: 53.05
 DepartDelay: 0.06
  [329/650] moderado/PREEMPCAO/seed=26                           ok        1m38s · restam ~1h44m14s
***Starting server on port 57474 ***
Loading net-file from 'C:\Users\User\Desktop\tcc-bloco8\sim\config\../rede/malha.net.xml' ... done (6ms).
Loading additional-files from 'C:\Users\User\Desktop\tcc-bloco8\sim\saida\multiplas_emergencias_FIXO_26\malha.det.add.xml' ... done (39ms).
Loading route-files incrementally from 'C:\Users\User\Desktop\tcc-bloco8\sim\demanda\veiculos.typ.xml'
Loading route-files incrementally from 'C:\Users\User\Desktop\tcc-bloco8\sim\saida\rotas\multiplas_emergencias_26.rou.xml'
Loading done.
Simulation version 1.27.1 started with time: 0.00.
Simulation ended at time: 3600.00.
Reason: TraCI requested termination.
Performance:
 Duration: 110.45s
 TraCI-Duration: 44.79s
 Real time factor: 32.593
 UPS: 109753.813839
Vehicles:
 Inserted: 5285
 Running: 331
 Waiting: 0
Statistics (avg of 4954):
 RouteLength: 2008.30
 Speed: 8.53
 Duration: 235.82
 WaitingTime: 42.09
 TimeLoss: 88.94
 DepartDelay: 0.06
  [330/650] moderado/FIXO/seed=26                                ok        1m51s · restam ~1h43m37s
***Starting server on port 57480 ***
Loading net-file from 'C:\Users\User\Desktop\tcc-bloco8\sim\config\../rede/malha.net.xml' ... done (6ms).
Loading additional-files from 'C:\Users\User\Desktop\tcc-bloco8\sim\saida\multiplas_emergencias_PREEMPCAO_26\malha.det.add.xml' ... done (36ms).
Loading route-files incrementally from 'C:\Users\User\Desktop\tcc-bloco8\sim\demanda\veiculos.typ.xml'
Loading route-files incrementally from 'C:\Users\User\Desktop\tcc-bloco8\sim\saida\rotas\multiplas_emergencias_26.rou.xml'
Loading done.
Simulation version 1.27.1 started with time: 0.00.
Simulation ended at time: 3600.00.
Reason: TraCI requested termination.
Performance:
 Duration: 104.73s
 TraCI-Duration: 46.62s
 Real time factor: 34.3731
 UPS: 101802.746030
Vehicles:
 Inserted: 5285
 Running: 277
 Waiting: 0
Statistics (avg of 5008):
 RouteLength: 2015.35
 Speed: 9.74
 Duration: 207.06
 WaitingTime: 26.20
 TimeLoss: 60.04
 DepartDelay: 0.06
  [331/650] moderado/PREEMPCAO_COMPENSADA/seed=26                ok        1m45s · restam ~1h43m43s
***Starting server on port 62928 ***
Loading net-file from 'C:\Users\User\Desktop\tcc-bloco8\sim\config\../rede/malha.net.xml' ... done (12ms).
Loading additional-files from 'C:\Users\User\Desktop\tcc-bloco8\sim\saida\multiplas_emergencias_PREEMPCAO_COMPENSADA_26\malha.det.add.xml' ... done (53ms).
Loading route-files incrementally from 'C:\Users\User\Desktop\tcc-bloco8\sim\demanda\veiculos.typ.xml'
Loading route-files incrementally from 'C:\Users\User\Desktop\tcc-bloco8\sim\saida\rotas\multiplas_emergencias_26.rou.xml'
Loading done.
Simulation version 1.27.1 started with time: 0.00.
Simulation ended at time: 3600.00.
Reason: TraCI requested termination.
Performance:
 Duration: 106.72s
 TraCI-Duration: 46.83s
 Real time factor: 33.7322
 UPS: 98171.621862
Vehicles:
 Inserted: 5291
 Running: 259
 Waiting: 0
Statistics (avg of 5032):
 RouteLength: 2016.84
 Speed: 9.94
 Duration: 203.15
 WaitingTime: 23.38
 TimeLoss: 56.11
 DepartDelay: 0.06
  [332/650] multiplas_emergencias/PREEMPCAO/seed=26              ok        1m47s · restam ~1h44m04s
***Starting server on port 61828 ***
Loading net-file from 'C:\Users\User\Desktop\tcc-bloco8\sim\config\../rede/malha.net.xml' ... done (6ms).
Loading additional-files from 'C:\Users\User\Desktop\tcc-bloco8\sim\saida\multiplas_emergencias_PREEMPCAO_ML_26\malha.det.add.xml' ... done (38ms).
Loading route-files incrementally from 'C:\Users\User\Desktop\tcc-bloco8\sim\demanda\veiculos.typ.xml'
Loading route-files incrementally from 'C:\Users\User\Desktop\tcc-bloco8\sim\saida\rotas\multiplas_emergencias_26.rou.xml'
Loading done.
Simulation version 1.27.1 started with time: 0.00.
Simulation ended at time: 3600.00.
Reason: TraCI requested termination.
Performance:
 Duration: 119.23s
 TraCI-Duration: 46.70s
 Real time factor: 30.193
 UPS: 101825.836807
Vehicles:
 Inserted: 5291
 Running: 331
 Waiting: 0
Statistics (avg of 4960):
 RouteLength: 2008.88
 Speed: 8.52
 Duration: 235.91
 WaitingTime: 42.04
 TimeLoss: 89.03
 DepartDelay: 0.06
  [333/650] multiplas_emergencias/FIXO/seed=26                   ok        2m00s · restam ~1h43m36s
***Starting server on port 61846 ***
Loading net-file from 'C:\Users\User\Desktop\tcc-bloco8\sim\config\../rede/malha.net.xml' ... done (5ms).
Loading additional-files from 'C:\Users\User\Desktop\tcc-bloco8\sim\saida\leve_FIXO_27\malha.det.add.xml' ... done (35ms).
Loading route-files incrementally from 'C:\Users\User\Desktop\tcc-bloco8\sim\demanda\veiculos.typ.xml'
Loading route-files incrementally from 'C:\Users\User\Desktop\tcc-bloco8\sim\saida\rotas\leve_27.rou.xml'
Loading done.
Simulation version 1.27.1 started with time: 0.00.
Simulation ended at time: 3600.00.
Reason: TraCI requested termination.
Performance:
 Duration: 173.70s
 TraCI-Duration: 49.11s
 Real time factor: 20.7257
 UPS: 116586.245013
Vehicles:
 Inserted: 9049
 Running: 552
 Waiting: 0
Statistics (avg of 8497):
 RouteLength: 2023.08
 Speed: 8.76
 Duration: 230.56
 WaitingTime: 29.00
 TimeLoss: 83.41
 DepartDelay: 0.09
  [334/650] intenso/PREEMPCAO/seed=26                            ok        2m54s · restam ~1h43m03s
***Starting server on port 61856 ***
Loading net-file from 'C:\Users\User\Desktop\tcc-bloco8\sim\config\../rede/malha.net.xml' ... done (6ms).
Loading additional-files from 'C:\Users\User\Desktop\tcc-bloco8\sim\saida\leve_PREEMPCAO_27\malha.det.add.xml' ... done (36ms).
Loading route-files incrementally from 'C:\Users\User\Desktop\tcc-bloco8\sim\demanda\veiculos.typ.xml'
Loading route-files incrementally from 'C:\Users\User\Desktop\tcc-bloco8\sim\saida\rotas\leve_27.rou.xml'
Loading done.
Simulation version 1.27.1 started with time: 0.00.
Simulation ended at time: 3600.00.
Reason: TraCI requested termination.
Performance:
 Duration: 185.15s
 TraCI-Duration: 47.89s
 Real time factor: 19.4439
 UPS: 117100.114503
Vehicles:
 Inserted: 9049
 Running: 619
 Waiting: 0
Statistics (avg of 8430):
 RouteLength: 2017.19
 Speed: 8.14
 Duration: 247.18
 WaitingTime: 34.86
 TimeLoss: 100.15
 DepartDelay: 0.09
  [335/650] intenso/FIXO/seed=26                                 ok        3m06s · restam ~1h42m30s
***Starting server on port 61868 ***
Loading net-file from 'C:\Users\User\Desktop\tcc-bloco8\sim\config\../rede/malha.net.xml' ... done (8ms).
Loading additional-files from 'C:\Users\User\Desktop\tcc-bloco8\sim\saida\leve_PREEMPCAO_COMPENSADA_27\malha.det.add.xml' ... done (40ms).
Loading route-files incrementally from 'C:\Users\User\Desktop\tcc-bloco8\sim\demanda\veiculos.typ.xml'
Loading route-files incrementally from 'C:\Users\User\Desktop\tcc-bloco8\sim\saida\rotas\leve_27.rou.xml'
Loading done.
Simulation version 1.27.1 started with time: 0.00.
Simulation ended at time: 3600.00.
Reason: TraCI requested termination.
Performance:
 Duration: 105.42s
 TraCI-Duration: 47.67s
 Real time factor: 34.1501
 UPS: 100023.231547
Vehicles:
 Inserted: 5291
 Running: 258
 Waiting: 0
Statistics (avg of 5033):
 RouteLength: 2017.33
 Speed: 9.90
 Duration: 204.51
 WaitingTime: 24.66
 TimeLoss: 57.48
 DepartDelay: 0.06
  [336/650] multiplas_emergencias/PREEMPCAO_COMPENSADA/seed=26   ok        1m46s · restam ~1h42m14s
Simulation ended at time: 3600.00.
Reason: TraCI requested termination.
Performance:
 Duration: 183.42s
 TraCI-Duration: 50.47s
 Real time factor: 19.6275
 UPS: 114942.938457
Vehicles:
 Inserted: 9049
 Running: 540
 Waiting: 0
Statistics (avg of 8509):
 RouteLength: 2022.57
 Speed: 8.41
 Duration: 240.46
 WaitingTime: 34.11
 TimeLoss: 93.31
 DepartDelay: 0.09
***Starting server on port 61903 ***
  [337/650] intenso/PREEMPCAO_COMPENSADA/seed=26                 ok        3m04s · restam ~1h41m36s
***Starting server on port 61907 ***
Loading net-file from 'C:\Users\User\Desktop\tcc-bloco8\sim\config\../rede/malha.net.xml' ... done (7ms).
Loading additional-files from 'C:\Users\User\Desktop\tcc-bloco8\sim\saida\moderado_FIXO_27\malha.det.add.xml' ... done (44ms).
Loading route-files incrementally from 'C:\Users\User\Desktop\tcc-bloco8\sim\demanda\veiculos.typ.xml'
Loading route-files incrementally from 'C:\Users\User\Desktop\tcc-bloco8\sim\saida\rotas\moderado_27.rou.xml'
Loading done.
Simulation version 1.27.1 started with time: 0.00.
Loading net-file from 'C:\Users\User\Desktop\tcc-bloco8\sim\config\../rede/malha.net.xml' ... done (6ms).
Loading additional-files from 'C:\Users\User\Desktop\tcc-bloco8\sim\saida\moderado_PREEMPCAO_27\malha.det.add.xml' ... done (43ms).
Loading route-files incrementally from 'C:\Users\User\Desktop\tcc-bloco8\sim\demanda\veiculos.typ.xml'
Loading route-files incrementally from 'C:\Users\User\Desktop\tcc-bloco8\sim\saida\rotas\moderado_27.rou.xml'
Loading done.
Simulation version 1.27.1 started with time: 0.00.
Simulation ended at time: 3600.00.
Reason: TraCI requested termination.
Performance:
 Duration: 66.26s
 TraCI-Duration: 43.80s
 Real time factor: 54.329
 UPS: 61975.929252
Vehicles:
 Inserted: 2224 (Loaded: 2225)
 Running: 127
 Waiting: 0
Statistics (avg of 2097):
 RouteLength: 2012.90
 Speed: 10.63
 Duration: 190.42
 WaitingTime: 23.80
 TimeLoss: 43.31
 DepartDelay: 0.05
  [338/650] leve/PREEMPCAO/seed=27                               ok        1m07s · restam ~1h41m34s
Simulation ended at time: 3600.00.
Reason: TraCI requested termination.
Performance:
 Duration: 71.80s
 TraCI-Duration: 43.62s
 Real time factor: 50.1379
 UPS: 68490.696638
Vehicles:
 Inserted: 2224 (Loaded: 2225)
 Running: 157
 Waiting: 0
Statistics (avg of 2067):
 RouteLength: 1999.13
 Speed: 8.82
 Duration: 228.24
 WaitingTime: 51.22
 TimeLoss: 81.41
 DepartDelay: 0.05
***Starting server on port 61961 ***
  [339/650] leve/FIXO/seed=27                                    ok        1m12s · restam ~1h40m58s
Loading net-file from 'C:\Users\User\Desktop\tcc-bloco8\sim\config\../rede/malha.net.xml' ... done (12ms).
Loading additional-files from 'C:\Users\User\Desktop\tcc-bloco8\sim\saida\moderado_PREEMPCAO_COMPENSADA_27\malha.det.add.xml' ... done (62ms).
Loading route-files incrementally from 'C:\Users\User\Desktop\tcc-bloco8\sim\demanda\veiculos.typ.xml'
Loading route-files incrementally from 'C:\Users\User\Desktop\tcc-bloco8\sim\saida\rotas\moderado_27.rou.xml'
Loading done.
Simulation version 1.27.1 started with time: 0.00.
***Starting server on port 61968 ***
Loading net-file from 'C:\Users\User\Desktop\tcc-bloco8\sim\config\../rede/malha.net.xml' ... done (8ms).
Loading additional-files from 'C:\Users\User\Desktop\tcc-bloco8\sim\saida\intenso_FIXO_27\malha.det.add.xml' ... done (48ms).
Loading route-files incrementally from 'C:\Users\User\Desktop\tcc-bloco8\sim\demanda\veiculos.typ.xml'
Loading route-files incrementally from 'C:\Users\User\Desktop\tcc-bloco8\sim\saida\rotas\intenso_27.rou.xml'
Loading done.
Simulation version 1.27.1 started with time: 0.00.
Simulation ended at time: 3600.00.
Reason: TraCI requested termination.
Performance:
 Duration: 69.19s
 TraCI-Duration: 45.20s
 Real time factor: 52.0276
 UPS: 60353.917970
Vehicles:
 Inserted: 2224 (Loaded: 2225)
 Running: 135
 Waiting: 0
Statistics (avg of 2089):
 RouteLength: 2009.61
 Speed: 10.43
 Duration: 193.60
 WaitingTime: 26.64
 TimeLoss: 46.55
 DepartDelay: 0.05
  [340/650] leve/PREEMPCAO_COMPENSADA/seed=27                    ok        1m10s · restam ~1h40m28s
***Starting server on port 62065 ***
Loading net-file from 'C:\Users\User\Desktop\tcc-bloco8\sim\config\../rede/malha.net.xml' ... done (9ms).
Loading additional-files from 'C:\Users\User\Desktop\tcc-bloco8\sim\saida\intenso_PREEMPCAO_27\malha.det.add.xml' ... done (49ms).
Loading route-files incrementally from 'C:\Users\User\Desktop\tcc-bloco8\sim\demanda\veiculos.typ.xml'
Loading route-files incrementally from 'C:\Users\User\Desktop\tcc-bloco8\sim\saida\rotas\intenso_27.rou.xml'
Loading done.
Simulation version 1.27.1 started with time: 0.00.
Simulation ended at time: 3600.00.
Reason: TraCI requested termination.
Performance:
 Duration: 100.77s
 TraCI-Duration: 45.70s
 Real time factor: 35.7256
 UPS: 105234.717371
Vehicles:
 Inserted: 5291
 Running: 268
 Waiting: 0
Statistics (avg of 5023):
 RouteLength: 2016.18
 Speed: 9.80
 Duration: 205.70
 WaitingTime: 24.79
 TimeLoss: 58.68
 DepartDelay: 0.06
  [341/650] multiplas_emergencias/PREEMPCAO_ML/seed=26           ok        1m41s · restam ~1h40m00s
***Starting server on port 60848 ***
Loading net-file from 'C:\Users\User\Desktop\tcc-bloco8\sim\config\../rede/malha.net.xml' ... done (8ms).
Loading additional-files from 'C:\Users\User\Desktop\tcc-bloco8\sim\saida\intenso_PREEMPCAO_COMPENSADA_27\malha.det.add.xml' ... done (44ms).
Loading route-files incrementally from 'C:\Users\User\Desktop\tcc-bloco8\sim\demanda\veiculos.typ.xml'
Loading route-files incrementally from 'C:\Users\User\Desktop\tcc-bloco8\sim\saida\rotas\intenso_27.rou.xml'
Loading done.
Simulation version 1.27.1 started with time: 0.00.
Simulation ended at time: 3600.00.
Reason: TraCI requested termination.
Performance:
 Duration: 98.64s
 TraCI-Duration: 45.06s
 Real time factor: 36.4952
 UPS: 102776.345002
Vehicles:
 Inserted: 5146
 Running: 262
 Waiting: 0
Statistics (avg of 4884):
 RouteLength: 2027.35
 Speed: 10.04
 Duration: 202.60
 WaitingTime: 23.35
 TimeLoss: 55.28
 DepartDelay: 0.06
  [342/650] moderado/PREEMPCAO/seed=27                           ok        1m39s · restam ~1h40m01s
***Starting server on port 61326 ***
Loading net-file from 'C:\Users\User\Desktop\tcc-bloco8\sim\config\../rede/malha.net.xml' ... done (13ms).
Loading additional-files from 'C:\Users\User\Desktop\tcc-bloco8\sim\saida\multiplas_emergencias_FIXO_27\malha.det.add.xml' ... done (55ms).
Loading route-files incrementally from 'C:\Users\User\Desktop\tcc-bloco8\sim\demanda\veiculos.typ.xml'
Loading route-files incrementally from 'C:\Users\User\Desktop\tcc-bloco8\sim\saida\rotas\multiplas_emergencias_27.rou.xml'
Loading done.
Simulation version 1.27.1 started with time: 0.00.
Simulation ended at time: 3600.00.
Reason: TraCI requested termination.
Performance:
 Duration: 112.34s
 TraCI-Duration: 45.18s
 Real time factor: 32.0456
 UPS: 105071.639665
Vehicles:
 Inserted: 5146
 Running: 340
 Waiting: 0
Statistics (avg of 4806):
 RouteLength: 2019.55
 Speed: 8.56
 Duration: 236.39
 WaitingTime: 42.81
 TimeLoss: 89.27
 DepartDelay: 0.06
  [343/650] moderado/FIXO/seed=27                                ok        1m57s · restam ~1h39m40s
***Starting server on port 61353 ***
Loading net-file from 'C:\Users\User\Desktop\tcc-bloco8\sim\config\../rede/malha.net.xml' ... done (10ms).
Loading additional-files from 'C:\Users\User\Desktop\tcc-bloco8\sim\saida\multiplas_emergencias_PREEMPCAO_27\malha.det.add.xml' ... done (51ms).
Loading route-files incrementally from 'C:\Users\User\Desktop\tcc-bloco8\sim\demanda\veiculos.typ.xml'
Loading route-files incrementally from 'C:\Users\User\Desktop\tcc-bloco8\sim\saida\rotas\multiplas_emergencias_27.rou.xml'
Loading done.
Simulation version 1.27.1 started with time: 0.00.
Simulation ended at time: 3600.00.
Reason: TraCI requested termination.
Performance:
 Duration: 113.31s
 TraCI-Duration: 47.13s
 Real time factor: 31.771
 UPS: 93194.808977
Vehicles:
 Inserted: 5146
 Running: 274
 Waiting: 0
Statistics (avg of 4872):
 RouteLength: 2030.09
 Speed: 9.61
 Duration: 211.38
 WaitingTime: 28.11
 TimeLoss: 64.00
 DepartDelay: 0.06
  [344/650] moderado/PREEMPCAO_COMPENSADA/seed=27                ok        1m54s · restam ~1h39m35s
***Starting server on port 61404 ***
Loading net-file from 'C:\Users\User\Desktop\tcc-bloco8\sim\config\../rede/malha.net.xml' ... done (12ms).
Loading additional-files from 'C:\Users\User\Desktop\tcc-bloco8\sim\saida\multiplas_emergencias_PREEMPCAO_COMPENSADA_27\malha.det.add.xml' ... done (54ms).
Loading route-files incrementally from 'C:\Users\User\Desktop\tcc-bloco8\sim\demanda\veiculos.typ.xml'
Loading route-files incrementally from 'C:\Users\User\Desktop\tcc-bloco8\sim\saida\rotas\multiplas_emergencias_27.rou.xml'
Loading done.
Simulation version 1.27.1 started with time: 0.00.
Simulation ended at time: 3600.00.
Reason: TraCI requested termination.
Performance:
 Duration: 118.50s
 TraCI-Duration: 45.47s
 Real time factor: 30.38
 UPS: 99764.023325
Vehicles:
 Inserted: 5152
 Running: 340
 Waiting: 0
Statistics (avg of 4812):
 RouteLength: 2020.14
 Speed: 8.55
 Duration: 236.47
 WaitingTime: 42.77
 TimeLoss: 89.37
 DepartDelay: 0.06
  [345/650] multiplas_emergencias/FIXO/seed=27                   ok        1m59s · restam ~1h39m57s
***Starting server on port 56230 ***
Loading net-file from 'C:\Users\User\Desktop\tcc-bloco8\sim\config\../rede/malha.net.xml' ... done (7ms).
Loading additional-files from 'C:\Users\User\Desktop\tcc-bloco8\sim\saida\multiplas_emergencias_PREEMPCAO_ML_27\malha.det.add.xml' ... done (38ms).
Loading route-files incrementally from 'C:\Users\User\Desktop\tcc-bloco8\sim\demanda\veiculos.typ.xml'
Loading route-files incrementally from 'C:\Users\User\Desktop\tcc-bloco8\sim\saida\rotas\multiplas_emergencias_27.rou.xml'
Loading done.
Simulation version 1.27.1 started with time: 0.00.
Simulation ended at time: 3600.00.
Reason: TraCI requested termination.
Performance:
 Duration: 103.38s
 TraCI-Duration: 45.88s
 Real time factor: 34.8243
 UPS: 98110.412475
Vehicles:
 Inserted: 5152
 Running: 297
 Waiting: 0
Statistics (avg of 4855):
 RouteLength: 2025.58
 Speed: 10.05
 Duration: 202.09
 WaitingTime: 22.81
 TimeLoss: 54.87
 DepartDelay: 0.06
  [346/650] multiplas_emergencias/PREEMPCAO/seed=27              ok        1m44s · restam ~1h39m22s
***Starting server on port 56238 ***
Loading net-file from 'C:\Users\User\Desktop\tcc-bloco8\sim\config\../rede/malha.net.xml' ... done (7ms).
Loading additional-files from 'C:\Users\User\Desktop\tcc-bloco8\sim\saida\leve_FIXO_28\malha.det.add.xml' ... done (42ms).
Loading route-files incrementally from 'C:\Users\User\Desktop\tcc-bloco8\sim\demanda\veiculos.typ.xml'
Loading route-files incrementally from 'C:\Users\User\Desktop\tcc-bloco8\sim\saida\rotas\leve_28.rou.xml'
Loading done.
Simulation version 1.27.1 started with time: 0.00.
Simulation ended at time: 3600.00.
Reason: TraCI requested termination.
Performance:
 Duration: 177.86s
 TraCI-Duration: 48.63s
 Real time factor: 20.2403
 UPS: 115015.191468
Vehicles:
 Inserted: 9004
 Running: 545
 Waiting: 0
Statistics (avg of 8459):
 RouteLength: 2008.41
 Speed: 8.54
 Duration: 234.69
 WaitingTime: 30.35
 TimeLoss: 87.74
 DepartDelay: 0.09
Simulation ended at time: 3600.00.
Reason: TraCI requested termination.
Performance:
 Duration: 187.15s
 TraCI-Duration: 47.96s
 Real time factor: 19.2363
 UPS: 114337.960737
Vehicles:
 Inserted: 9004
 Running: 632
 Waiting: 0
Statistics (avg of 8372):
 RouteLength: 2002.51
 Speed: 8.13
 Duration: 245.55
 WaitingTime: 34.98
 TimeLoss: 98.73
 DepartDelay: 0.09
  [347/650] intenso/PREEMPCAO/seed=27                            ok        3m00s · restam ~1h38m50s
  [348/650] intenso/FIXO/seed=27                                 ok        3m08s · restam ~1h38m14s
***Starting server on port 56251 ***
***Starting server on port 56254 ***
Loading net-file from 'C:\Users\User\Desktop\tcc-bloco8\sim\config\../rede/malha.net.xml' ... done (7ms).
Loading additional-files from 'C:\Users\User\Desktop\tcc-bloco8\sim\saida\leve_PREEMPCAO_28\malha.det.add.xml' ...Loading net-file from 'C:\Users\User\Desktop\tcc-bloco8\sim\config\../rede/malha.net.xml' ... done (10ms).
 done (50ms).
Loading additional-files from 'C:\Users\User\Desktop\tcc-bloco8\sim\saida\leve_PREEMPCAO_COMPENSADA_28\malha.det.add.xml' ... done (46ms).
Loading route-files incrementally from 'C:\Users\User\Desktop\tcc-bloco8\sim\demanda\veiculos.typ.xml'
Loading route-files incrementally from 'C:\Users\User\Desktop\tcc-bloco8\sim\saida\rotas\leve_28.rou.xml'
Loading done.
Simulation version 1.27.1 started with time: 0.00.
Loading route-files incrementally from 'C:\Users\User\Desktop\tcc-bloco8\sim\demanda\veiculos.typ.xml'
Loading route-files incrementally from 'C:\Users\User\Desktop\tcc-bloco8\sim\saida\rotas\leve_28.rou.xml'
Loading done.
Simulation version 1.27.1 started with time: 0.00.
Simulation ended at time: 3600.00.
Reason: TraCI requested termination.
Performance:
 Duration: 190.00s
 TraCI-Duration: 50.30s
 Real time factor: 18.9472
 UPS: 109575.683414
Vehicles:
 Inserted: 9004
 Running: 570
 Waiting: 0
Statistics (avg of 8434):
 RouteLength: 2006.73
 Speed: 8.40
 Duration: 238.97
 WaitingTime: 32.92
 TimeLoss: 92.06
 DepartDelay: 0.09
  [349/650] intenso/PREEMPCAO_COMPENSADA/seed=27                 ok        3m11s · restam ~1h37m55s
***Starting server on port 64083 ***
Loading net-file from 'C:\Users\User\Desktop\tcc-bloco8\sim\config\../rede/malha.net.xml' ... done (7ms).
Loading additional-files from 'C:\Users\User\Desktop\tcc-bloco8\sim\saida\moderado_FIXO_28\malha.det.add.xml' ... done (54ms).
Loading route-files incrementally from 'C:\Users\User\Desktop\tcc-bloco8\sim\demanda\veiculos.typ.xml'
Loading route-files incrementally from 'C:\Users\User\Desktop\tcc-bloco8\sim\saida\rotas\moderado_28.rou.xml'
Loading done.
Simulation version 1.27.1 started with time: 0.00.
Simulation ended at time: 3600.00.
Reason: TraCI requested termination.
Performance:
 Duration: 109.41s
 TraCI-Duration: 48.40s
 Real time factor: 32.9038
 UPS: 94900.758614
Vehicles:
 Inserted: 5152
 Running: 296
 Waiting: 0
Statistics (avg of 4856):
 RouteLength: 2025.68
 Speed: 9.81
 Duration: 207.22
 WaitingTime: 26.48
 TimeLoss: 59.99
 DepartDelay: 0.06
  [350/650] multiplas_emergencias/PREEMPCAO_COMPENSADA/seed=27   ok        1m50s · restam ~1h37m32s
***Starting server on port 64136 ***
Loading net-file from 'C:\Users\User\Desktop\tcc-bloco8\sim\config\../rede/malha.net.xml' ... done (12ms).
Loading additional-files from 'C:\Users\User\Desktop\tcc-bloco8\sim\saida\moderado_PREEMPCAO_28\malha.det.add.xml' ... done (70ms).
Loading route-files incrementally from 'C:\Users\User\Desktop\tcc-bloco8\sim\demanda\veiculos.typ.xml'
Loading route-files incrementally from 'C:\Users\User\Desktop\tcc-bloco8\sim\saida\rotas\moderado_28.rou.xml'
Loading done.
Simulation version 1.27.1 started with time: 0.00.
Simulation ended at time: 3600.00.
Reason: TraCI requested termination.
Performance:
 Duration: 64.00s
 TraCI-Duration: 41.59s
 Real time factor: 56.2465
 UPS: 65465.095932
Vehicles:
 Inserted: 2252
 Running: 115
 Waiting: 0
Statistics (avg of 2137):
 RouteLength: 2037.81
 Speed: 10.73
 Duration: 191.41
 WaitingTime: 24.63
 TimeLoss: 43.80
 DepartDelay: 0.05
  [351/650] leve/PREEMPCAO/seed=28                               ok        1m05s · restam ~1h37m21s
Simulation ended at time: 3600.00.
Reason: TraCI requested termination.
Performance:
 Duration: 69.78s
 TraCI-Duration: 41.71s
 Real time factor: 51.5885
 UPS: 72525.758423
Vehicles:
 Inserted: 2252
 Running: 149
 Waiting: 0
Statistics (avg of 2103):
 RouteLength: 2026.62
 Speed: 8.82
 Duration: 231.60
 WaitingTime: 52.48
 TimeLoss: 84.21
 DepartDelay: 0.05
  [352/650] leve/FIXO/seed=28                                    ok        1m10s · restam ~1h36m45s
***Starting server on port 64183 ***
***Starting server on port 64187 ***
Loading net-file from 'C:\Users\User\Desktop\tcc-bloco8\sim\config\../rede/malha.net.xml' ... done (9ms).
Loading additional-files from 'C:\Users\User\Desktop\tcc-bloco8\sim\saida\moderado_PREEMPCAO_COMPENSADA_28\malha.det.add.xml' ... done (51ms).
Loading route-files incrementally from 'C:\Users\User\Desktop\tcc-bloco8\sim\demanda\veiculos.typ.xml'
Loading route-files incrementally from 'C:\Users\User\Desktop\tcc-bloco8\sim\saida\rotas\moderado_28.rou.xml'
Loading done.
Simulation version 1.27.1 started with time: 0.00.
Loading net-file from 'C:\Users\User\Desktop\tcc-bloco8\sim\config\../rede/malha.net.xml' ... done (10ms).
Loading additional-files from 'C:\Users\User\Desktop\tcc-bloco8\sim\saida\intenso_FIXO_28\malha.det.add.xml' ... done (47ms).
Loading route-files incrementally from 'C:\Users\User\Desktop\tcc-bloco8\sim\demanda\veiculos.typ.xml'
Loading route-files incrementally from 'C:\Users\User\Desktop\tcc-bloco8\sim\saida\rotas\intenso_28.rou.xml'
Loading done.
Simulation version 1.27.1 started with time: 0.00.
Simulation ended at time: 3600.00.
Reason: TraCI requested termination.
Performance:
 Duration: 66.07s
 TraCI-Duration: 42.91s
 Real time factor: 54.4901
 UPS: 64164.923487
Vehicles:
 Inserted: 2252
 Running: 114
 Waiting: 0
Statistics (avg of 2138):
 RouteLength: 2037.09
 Speed: 10.60
 Duration: 193.64
 WaitingTime: 25.56
 TimeLoss: 46.05
 DepartDelay: 0.05
  [353/650] leve/PREEMPCAO_COMPENSADA/seed=28                    ok        1m07s · restam ~1h36m10s
***Starting server on port 64195 ***
Loading net-file from 'C:\Users\User\Desktop\tcc-bloco8\sim\config\../rede/malha.net.xml' ... done (9ms).
Loading additional-files from 'C:\Users\User\Desktop\tcc-bloco8\sim\saida\intenso_PREEMPCAO_28\malha.det.add.xml' ... done (46ms).
Loading route-files incrementally from 'C:\Users\User\Desktop\tcc-bloco8\sim\demanda\veiculos.typ.xml'
Loading route-files incrementally from 'C:\Users\User\Desktop\tcc-bloco8\sim\saida\rotas\intenso_28.rou.xml'
Loading done.
Simulation version 1.27.1 started with time: 0.00.
Simulation ended at time: 3600.00.
Reason: TraCI requested termination.
Performance:
 Duration: 91.73s
 TraCI-Duration: 42.71s
 Real time factor: 39.2478
 UPS: 111643.292450
Vehicles:
 Inserted: 5152
 Running: 292
 Waiting: 0
Statistics (avg of 4860):
 RouteLength: 2027.31
 Speed: 9.94
 Duration: 204.43
 WaitingTime: 24.31
 TimeLoss: 57.16
 DepartDelay: 0.06
  [354/650] multiplas_emergencias/PREEMPCAO_ML/seed=27           ok        1m32s · restam ~1h35m49s
***Starting server on port 64221 ***
Loading net-file from 'C:\Users\User\Desktop\tcc-bloco8\sim\config\../rede/malha.net.xml' ... done (10ms).
Loading additional-files from 'C:\Users\User\Desktop\tcc-bloco8\sim\saida\intenso_PREEMPCAO_COMPENSADA_28\malha.det.add.xml' ... done (47ms).
Loading route-files incrementally from 'C:\Users\User\Desktop\tcc-bloco8\sim\demanda\veiculos.typ.xml'
Loading route-files incrementally from 'C:\Users\User\Desktop\tcc-bloco8\sim\saida\rotas\intenso_28.rou.xml'
Loading done.
Simulation version 1.27.1 started with time: 0.00.
Simulation ended at time: 3600.00.
Reason: TraCI requested termination.
Performance:
 Duration: 91.28s
 TraCI-Duration: 38.38s
 Real time factor: 39.4395
 UPS: 131963.890928
Vehicles:
 Inserted: 5247 (Loaded: 5248)
 Running: 330
 Waiting: 0
Statistics (avg of 4917):
 RouteLength: 2014.22
 Speed: 8.52
 Duration: 236.61
 WaitingTime: 41.67
 TimeLoss: 89.30
 DepartDelay: 0.06
  [355/650] moderado/FIXO/seed=28                                ok        1m32s · restam ~1h35m38s
***Starting server on port 64264 ***
Loading net-file from 'C:\Users\User\Desktop\tcc-bloco8\sim\config\../rede/malha.net.xml' ... done (11ms).
Loading additional-files from 'C:\Users\User\Desktop\tcc-bloco8\sim\saida\multiplas_emergencias_FIXO_28\malha.det.add.xml' ... done (61ms).
Loading route-files incrementally from 'C:\Users\User\Desktop\tcc-bloco8\sim\demanda\veiculos.typ.xml'
Loading route-files incrementally from 'C:\Users\User\Desktop\tcc-bloco8\sim\saida\rotas\multiplas_emergencias_28.rou.xml'
Loading done.
Simulation version 1.27.1 started with time: 0.00.
Simulation ended at time: 3600.00.
Reason: TraCI requested termination.
Performance:
 Duration: 79.59s
 TraCI-Duration: 37.52s
 Real time factor: 45.2312
 UPS: 131438.177683
Vehicles:
 Inserted: 5247 (Loaded: 5248)
 Running: 274
 Waiting: 0
Statistics (avg of 4973):
 RouteLength: 2018.42
 Speed: 9.84
 Duration: 204.93
 WaitingTime: 24.02
 TimeLoss: 57.53
 DepartDelay: 0.06
  [356/650] moderado/PREEMPCAO/seed=28                           ok        1m20s · restam ~1h35m05s
***Starting server on port 64272 ***
Loading net-file from 'C:\Users\User\Desktop\tcc-bloco8\sim\config\../rede/malha.net.xml' ... done (12ms).
Loading additional-files from 'C:\Users\User\Desktop\tcc-bloco8\sim\saida\multiplas_emergencias_PREEMPCAO_28\malha.det.add.xml' ... done (58ms).
Loading route-files incrementally from 'C:\Users\User\Desktop\tcc-bloco8\sim\demanda\veiculos.typ.xml'
Loading route-files incrementally from 'C:\Users\User\Desktop\tcc-bloco8\sim\saida\rotas\multiplas_emergencias_28.rou.xml'
Loading done.
Simulation version 1.27.1 started with time: 0.00.
Simulation ended at time: 3600.00.
Reason: TraCI requested termination.
Performance:
 Duration: 92.05s
 TraCI-Duration: 41.41s
 Real time factor: 39.1088
 UPS: 116737.015350
Vehicles:
 Inserted: 5247 (Loaded: 5248)
 Running: 269
 Waiting: 0
Statistics (avg of 4978):
 RouteLength: 2020.91
 Speed: 9.59
 Duration: 210.76
 WaitingTime: 27.16
 TimeLoss: 63.31
 DepartDelay: 0.06
  [357/650] moderado/PREEMPCAO_COMPENSADA/seed=28                ok        1m33s · restam ~1h35m04s
***Starting server on port 52320 ***
Loading net-file from 'C:\Users\User\Desktop\tcc-bloco8\sim\config\../rede/malha.net.xml' ... done (9ms).
Loading additional-files from 'C:\Users\User\Desktop\tcc-bloco8\sim\saida\multiplas_emergencias_PREEMPCAO_COMPENSADA_28\malha.det.add.xml' ... done (69ms).
Loading route-files incrementally from 'C:\Users\User\Desktop\tcc-bloco8\sim\demanda\veiculos.typ.xml'
Loading route-files incrementally from 'C:\Users\User\Desktop\tcc-bloco8\sim\saida\rotas\multiplas_emergencias_28.rou.xml'
Loading done.
Simulation version 1.27.1 started with time: 0.00.
Simulation ended at time: 3600.00.
Reason: TraCI requested termination.
Performance:
 Duration: 111.50s
 TraCI-Duration: 49.09s
 Real time factor: 32.2876
 UPS: 93282.866060
Vehicles:
 Inserted: 5253 (Loaded: 5254)
 Running: 267
 Waiting: 0
Statistics (avg of 4986):
 RouteLength: 2021.47
 Speed: 9.95
 Duration: 203.57
 WaitingTime: 23.38
 TimeLoss: 56.15
 DepartDelay: 0.06
  [358/650] multiplas_emergencias/PREEMPCAO/seed=28              ok        1m52s · restam ~1h35m26s
***Starting server on port 62615 ***
Simulation ended at time: 3600.00.
Reason: TraCI requested termination.
Performance:
 Duration: 161.98s
 TraCI-Duration: 46.71s
 Real time factor: 22.225
 UPS: 124108.661563
Vehicles:
 Inserted: 9065 (Loaded: 9066)
 Running: 631
 Waiting: 0
Statistics (avg of 8434):
 RouteLength: 2016.45
 Speed: 8.79
 Duration: 229.23
 WaitingTime: 27.82
 TimeLoss: 81.82
 DepartDelay: 0.10
Loading net-file from 'C:\Users\User\Desktop\tcc-bloco8\sim\config\../rede/malha.net.xml' ... done (6ms).
Loading additional-files from 'C:\Users\User\Desktop\tcc-bloco8\sim\saida\multiplas_emergencias_PREEMPCAO_ML_28\malha.det.add.xml' ... done (45ms).
Loading route-files incrementally from 'C:\Users\User\Desktop\tcc-bloco8\sim\demanda\veiculos.typ.xml'
Loading route-files incrementally from 'C:\Users\User\Desktop\tcc-bloco8\sim\saida\rotas\multiplas_emergencias_28.rou.xml'
Loading done.
Simulation version 1.27.1 started with time: 0.00.
  [359/650] intenso/PREEMPCAO/seed=28                            ok        2m43s · restam ~1h34m51s
***Starting server on port 62621 ***
Loading net-file from 'C:\Users\User\Desktop\tcc-bloco8\sim\config\../rede/malha.net.xml' ... done (11ms).
Loading additional-files from 'C:\Users\User\Desktop\tcc-bloco8\sim\saida\leve_FIXO_29\malha.det.add.xml' ... done (46ms).
Loading route-files incrementally from 'C:\Users\User\Desktop\tcc-bloco8\sim\demanda\veiculos.typ.xml'
Loading route-files incrementally from 'C:\Users\User\Desktop\tcc-bloco8\sim\saida\rotas\leve_29.rou.xml'
Loading done.
Simulation version 1.27.1 started with time: 0.00.
Simulation ended at time: 3600.00.
Reason: TraCI requested termination.
Performance:
 Duration: 122.76s
 TraCI-Duration: 47.79s
 Real time factor: 29.326
 UPS: 98277.570505
Vehicles:
 Inserted: 5253 (Loaded: 5254)
 Running: 332
 Waiting: 0
Statistics (avg of 4921):
 RouteLength: 2014.81
 Speed: 8.51
 Duration: 236.69
 WaitingTime: 41.67
 TimeLoss: 89.39
 DepartDelay: 0.06
  [360/650] multiplas_emergencias/FIXO/seed=28                   ok        2m03s · restam ~1h34m22s
***Starting server on port 62638 ***
Loading net-file from 'C:\Users\User\Desktop\tcc-bloco8\sim\config\../rede/malha.net.xml' ... done (9ms).
Loading additional-files from 'C:\Users\User\Desktop\tcc-bloco8\sim\saida\leve_PREEMPCAO_29\malha.det.add.xml' ... done (53ms).
Loading route-files incrementally from 'C:\Users\User\Desktop\tcc-bloco8\sim\demanda\veiculos.typ.xml'
Loading route-files incrementally from 'C:\Users\User\Desktop\tcc-bloco8\sim\saida\rotas\leve_29.rou.xml'
Loading done.
Simulation version 1.27.1 started with time: 0.00.
Simulation ended at time: 3600.00.
Reason: TraCI requested termination.
Performance:
 Duration: 176.58s
 TraCI-Duration: 46.10s
 Real time factor: 20.3869
 UPS: 122661.277352
Vehicles:
 Inserted: 9065 (Loaded: 9066)
 Running: 702
 Waiting: 0
Statistics (avg of 8363):
 RouteLength: 2010.48
 Speed: 8.11
 Duration: 247.30
 WaitingTime: 35.30
 TimeLoss: 100.03
 DepartDelay: 0.10
  [361/650] intenso/FIXO/seed=28                                 ok        2m57s · restam ~1h33m51s
***Starting server on port 62651 ***
Loading net-file from 'C:\Users\User\Desktop\tcc-bloco8\sim\config\../rede/malha.net.xml' ... done (8ms).
Loading additional-files from 'C:\Users\User\Desktop\tcc-bloco8\sim\saida\leve_PREEMPCAO_COMPENSADA_29\malha.det.add.xml' ... done (52ms).
Loading route-files incrementally from 'C:\Users\User\Desktop\tcc-bloco8\sim\demanda\veiculos.typ.xml'
Loading route-files incrementally from 'C:\Users\User\Desktop\tcc-bloco8\sim\saida\rotas\leve_29.rou.xml'
Loading done.
Simulation version 1.27.1 started with time: 0.00.
Simulation ended at time: 3600.00.
Reason: TraCI requested termination.
Performance:
 Duration: 177.87s
 TraCI-Duration: 50.01s
 Real time factor: 20.2395
 UPS: 115016.489571
Vehicles:
 Inserted: 9065 (Loaded: 9066)
 Running: 658
 Waiting: 0
Statistics (avg of 8407):
 RouteLength: 2015.04
 Speed: 8.66
 Duration: 233.38
 WaitingTime: 30.32
 TimeLoss: 86.00
 DepartDelay: 0.10
  [362/650] intenso/PREEMPCAO_COMPENSADA/seed=28                 ok        2m59s · restam ~1h33m33s
***Starting server on port 62685 ***
Loading net-file from 'C:\Users\User\Desktop\tcc-bloco8\sim\config\../rede/malha.net.xml' ... done (7ms).
Loading additional-files from 'C:\Users\User\Desktop\tcc-bloco8\sim\saida\moderado_FIXO_29\malha.det.add.xml' ... done (41ms).
Loading route-files incrementally from 'C:\Users\User\Desktop\tcc-bloco8\sim\demanda\veiculos.typ.xml'
Loading route-files incrementally from 'C:\Users\User\Desktop\tcc-bloco8\sim\saida\rotas\moderado_29.rou.xml'
Loading done.
Simulation version 1.27.1 started with time: 0.00.
Simulation ended at time: 3600.00.
Reason: TraCI requested termination.
Performance:
 Duration: 116.18s
 TraCI-Duration: 51.59s
 Real time factor: 30.9869
 UPS: 89355.936580
Vehicles:
 Inserted: 5253 (Loaded: 5254)
 Running: 285
 Waiting: 0
Statistics (avg of 4968):
 RouteLength: 2020.16
 Speed: 9.99
 Duration: 203.07
 WaitingTime: 23.23
 TimeLoss: 55.68
 DepartDelay: 0.06
  [363/650] multiplas_emergencias/PREEMPCAO_COMPENSADA/seed=28   ok        1m57s · restam ~1h33m07s
***Starting server on port 53855 ***
Loading net-file from 'C:\Users\User\Desktop\tcc-bloco8\sim\config\../rede/malha.net.xml' ... done (7ms).
Loading additional-files from 'C:\Users\User\Desktop\tcc-bloco8\sim\saida\moderado_PREEMPCAO_29\malha.det.add.xml' ... done (50ms).
Loading route-files incrementally from 'C:\Users\User\Desktop\tcc-bloco8\sim\demanda\veiculos.typ.xml'
Loading route-files incrementally from 'C:\Users\User\Desktop\tcc-bloco8\sim\saida\rotas\moderado_29.rou.xml'
Loading done.
Simulation version 1.27.1 started with time: 0.00.
Simulation ended at time: 3600.00.
Reason: TraCI requested termination.
Performance:
 Duration: 79.97s
 TraCI-Duration: 46.47s
 Real time factor: 45.0152
 UPS: 63521.738587
Vehicles:
 Inserted: 2264
 Running: 159
 Waiting: 0
Statistics (avg of 2105):
 RouteLength: 2012.77
 Speed: 8.77
 Duration: 230.71
 WaitingTime: 51.55
 TimeLoss: 83.05
 DepartDelay: 0.05
  [364/650] leve/FIXO/seed=29                                    ok        1m21s · restam ~1h33m01s
***Starting server on port 53907 ***
Simulation ended at time: 3600.00.
Reason: TraCI requested termination.
Performance:
 Duration: 73.76s
 TraCI-Duration: 47.13s
 Real time factor: 48.8083
 UPS: 56552.251959
Vehicles:
 Inserted: 2264
 Running: 137
 Waiting: 0
Statistics (avg of 2127):
 RouteLength: 2024.80
 Speed: 10.76
 Duration: 189.02
 WaitingTime: 22.55
 TimeLoss: 41.10
 DepartDelay: 0.05
Loading net-file from 'C:\Users\User\Desktop\tcc-bloco8\sim\config\../rede/malha.net.xml' ... done (14ms).
Loading additional-files from 'C:\Users\User\Desktop\tcc-bloco8\sim\saida\moderado_PREEMPCAO_COMPENSADA_29\malha.det.add.xml' ... done (70ms).
Loading route-files incrementally from 'C:\Users\User\Desktop\tcc-bloco8\sim\demanda\veiculos.typ.xml'
Loading route-files incrementally from 'C:\Users\User\Desktop\tcc-bloco8\sim\saida\rotas\moderado_29.rou.xml'
Loading done.
  [365/650] leve/PREEMPCAO/seed=29                               ok        1m14s · restam ~1h32m27s
Simulation version 1.27.1 started with time: 0.00.
***Starting server on port 53912 ***
Loading net-file from 'C:\Users\User\Desktop\tcc-bloco8\sim\config\../rede/malha.net.xml' ... done (7ms).
Loading additional-files from 'C:\Users\User\Desktop\tcc-bloco8\sim\saida\intenso_FIXO_29\malha.det.add.xml' ... done (54ms).
Loading route-files incrementally from 'C:\Users\User\Desktop\tcc-bloco8\sim\demanda\veiculos.typ.xml'
Loading route-files incrementally from 'C:\Users\User\Desktop\tcc-bloco8\sim\saida\rotas\intenso_29.rou.xml'
Loading done.
Simulation version 1.27.1 started with time: 0.00.
Simulation ended at time: 3600.00.
Reason: TraCI requested termination.
Performance:
 Duration: 74.86s
 TraCI-Duration: 47.89s
 Real time factor: 48.0911
 UPS: 56041.545326
Vehicles:
 Inserted: 2264
 Running: 126
 Waiting: 0
Statistics (avg of 2138):
 RouteLength: 2026.29
 Speed: 10.74
 Duration: 190.14
 WaitingTime: 22.86
 TimeLoss: 42.23
 DepartDelay: 0.05
  [366/650] leve/PREEMPCAO_COMPENSADA/seed=29                    ok        1m15s · restam ~1h31m57s
***Starting server on port 53925 ***
Loading net-file from 'C:\Users\User\Desktop\tcc-bloco8\sim\config\../rede/malha.net.xml' ... done (6ms).
Loading additional-files from 'C:\Users\User\Desktop\tcc-bloco8\sim\saida\intenso_PREEMPCAO_29\malha.det.add.xml' ... done (36ms).
Loading route-files incrementally from 'C:\Users\User\Desktop\tcc-bloco8\sim\demanda\veiculos.typ.xml'
Loading route-files incrementally from 'C:\Users\User\Desktop\tcc-bloco8\sim\saida\rotas\intenso_29.rou.xml'
Loading done.
Simulation version 1.27.1 started with time: 0.00.
Simulation ended at time: 3600.00.
Reason: TraCI requested termination.
Performance:
 Duration: 114.27s
 TraCI-Duration: 49.36s
 Real time factor: 31.5041
 UPS: 92186.136465
Vehicles:
 Inserted: 5253 (Loaded: 5254)
 Running: 269
 Waiting: 0
Statistics (avg of 4984):
 RouteLength: 2021.88
 Speed: 9.80
 Duration: 206.28
 WaitingTime: 25.32
 TimeLoss: 58.83
 DepartDelay: 0.06
  [367/650] multiplas_emergencias/PREEMPCAO_ML/seed=28           ok        1m55s · restam ~1h31m43s
***Starting server on port 50077 ***
Loading net-file from 'C:\Users\User\Desktop\tcc-bloco8\sim\config\../rede/malha.net.xml' ... done (7ms).
Loading additional-files from 'C:\Users\User\Desktop\tcc-bloco8\sim\saida\intenso_PREEMPCAO_COMPENSADA_29\malha.det.add.xml' ... done (46ms).
Loading route-files incrementally from 'C:\Users\User\Desktop\tcc-bloco8\sim\demanda\veiculos.typ.xml'
Loading route-files incrementally from 'C:\Users\User\Desktop\tcc-bloco8\sim\saida\rotas\intenso_29.rou.xml'
Loading done.
Simulation version 1.27.1 started with time: 0.00.
Simulation ended at time: 3600.00.
Reason: TraCI requested termination.
Performance:
 Duration: 103.87s
 TraCI-Duration: 46.11s
 Real time factor: 34.6574
 UPS: 99901.544179
Vehicles:
 Inserted: 5274
 Running: 269
 Waiting: 0
Statistics (avg of 5005):
 RouteLength: 2023.24
 Speed: 10.04
 Duration: 201.94
 WaitingTime: 22.53
 TimeLoss: 54.37
 DepartDelay: 0.07
  [368/650] moderado/PREEMPCAO/seed=29                           ok        1m44s · restam ~1h31m36s
***Starting server on port 50130 ***
Loading net-file from 'C:\Users\User\Desktop\tcc-bloco8\sim\config\../rede/malha.net.xml' ... done (6ms).
Loading additional-files from 'C:\Users\User\Desktop\tcc-bloco8\sim\saida\multiplas_emergencias_FIXO_29\malha.det.add.xml' ... done (42ms).
Loading route-files incrementally from 'C:\Users\User\Desktop\tcc-bloco8\sim\demanda\veiculos.typ.xml'
Loading route-files incrementally from 'C:\Users\User\Desktop\tcc-bloco8\sim\saida\rotas\multiplas_emergencias_29.rou.xml'
Loading done.
Simulation version 1.27.1 started with time: 0.00.
Simulation ended at time: 3600.00.
Reason: TraCI requested termination.
Performance:
 Duration: 119.57s
 TraCI-Duration: 46.67s
 Real time factor: 30.1091
 UPS: 101457.717559
Vehicles:
 Inserted: 5274
 Running: 332
 Waiting: 0
Statistics (avg of 4942):
 RouteLength: 2017.43
 Speed: 8.54
 Duration: 236.78
 WaitingTime: 41.81
 TimeLoss: 89.31
 DepartDelay: 0.07
  [369/650] moderado/FIXO/seed=29                                ok        2m00s · restam ~1h31m04s
***Starting server on port 50139 ***
Loading net-file from 'C:\Users\User\Desktop\tcc-bloco8\sim\config\../rede/malha.net.xml' ... done (6ms).
Loading additional-files from 'C:\Users\User\Desktop\tcc-bloco8\sim\saida\multiplas_emergencias_PREEMPCAO_29\malha.det.add.xml' ... done (36ms).
Loading route-files incrementally from 'C:\Users\User\Desktop\tcc-bloco8\sim\demanda\veiculos.typ.xml'
Loading route-files incrementally from 'C:\Users\User\Desktop\tcc-bloco8\sim\saida\rotas\multiplas_emergencias_29.rou.xml'
Loading done.
Simulation version 1.27.1 started with time: 0.00.
Simulation ended at time: 3600.00.
Reason: TraCI requested termination.
Performance:
 Duration: 105.47s
 TraCI-Duration: 46.85s
 Real time factor: 34.1316
 UPS: 100810.645278
Vehicles:
 Inserted: 5274
 Running: 263
 Waiting: 0
Statistics (avg of 5011):
 RouteLength: 2024.80
 Speed: 9.82
 Duration: 207.13
 WaitingTime: 25.95
 TimeLoss: 59.54
 DepartDelay: 0.07
  [370/650] moderado/PREEMPCAO_COMPENSADA/seed=29                ok        1m46s · restam ~1h30m56s
***Starting server on port 50188 ***
Loading net-file from 'C:\Users\User\Desktop\tcc-bloco8\sim\config\../rede/malha.net.xml' ... done (7ms).
Loading additional-files from 'C:\Users\User\Desktop\tcc-bloco8\sim\saida\multiplas_emergencias_PREEMPCAO_COMPENSADA_29\malha.det.add.xml' ... done (43ms).
Loading route-files incrementally from 'C:\Users\User\Desktop\tcc-bloco8\sim\demanda\veiculos.typ.xml'
Loading route-files incrementally from 'C:\Users\User\Desktop\tcc-bloco8\sim\saida\rotas\multiplas_emergencias_29.rou.xml'
Loading done.
Simulation version 1.27.1 started with time: 0.00.
Simulation ended at time: 3600.00.
Reason: TraCI requested termination.
Performance:
 Duration: 163.56s
 TraCI-Duration: 47.89s
 Real time factor: 22.0104
 UPS: 122751.618682
Vehicles:
 Inserted: 9081
 Running: 584
 Waiting: 0
Statistics (avg of 8497):
 RouteLength: 2023.20
 Speed: 8.84
 Duration: 228.64
 WaitingTime: 27.91
 TimeLoss: 81.24
 DepartDelay: 0.09
  [371/650] intenso/PREEMPCAO/seed=29                            ok        2m44s · restam ~1h31m11s
***Starting server on port 65412 ***
Loading net-file from 'C:\Users\User\Desktop\tcc-bloco8\sim\config\../rede/malha.net.xml' ... done (6ms).
Simulation ended at time: 3600.00.
Reason: TraCI requested termination.
Performance:
 Duration: 99.33s
 TraCI-Duration: 45.31s
 Real time factor: 36.2436
 UPS: 104185.476401
Vehicles:
 Inserted: 5280
 Running: 277
 Waiting: 0
Statistics (avg of 5003):
 RouteLength: 2023.45
 Speed: 10.11
 Duration: 201.13
 WaitingTime: 22.16
 TimeLoss: 53.57
 DepartDelay: 0.07
Loading additional-files from 'C:\Users\User\Desktop\tcc-bloco8\sim\saida\multiplas_emergencias_PREEMPCAO_ML_29\malha.det.add.xml' ... done (46ms).
Loading route-files incrementally from 'C:\Users\User\Desktop\tcc-bloco8\sim\demanda\veiculos.typ.xml'
Loading route-files incrementally from 'C:\Users\User\Desktop\tcc-bloco8\sim\saida\rotas\multiplas_emergencias_29.rou.xml'
Loading done.
Simulation version 1.27.1 started with time: 0.00.
  [372/650] multiplas_emergencias/PREEMPCAO/seed=29              ok        1m40s · restam ~1h30m38s
***Starting server on port 56018 ***
Loading net-file from 'C:\Users\User\Desktop\tcc-bloco8\sim\config\../rede/malha.net.xml' ... done (7ms).
Loading additional-files from 'C:\Users\User\Desktop\tcc-bloco8\sim\saida\leve_FIXO_30\malha.det.add.xml' ... done (48ms).
Loading route-files incrementally from 'C:\Users\User\Desktop\tcc-bloco8\sim\demanda\veiculos.typ.xml'
Loading route-files incrementally from 'C:\Users\User\Desktop\tcc-bloco8\sim\saida\rotas\leve_30.rou.xml'
Loading done.
Simulation version 1.27.1 started with time: 0.00.
Simulation ended at time: 3600.00.
Reason: TraCI requested termination.
Performance:
 Duration: 114.75s
 TraCI-Duration: 46.04s
 Real time factor: 31.3739
 UPS: 105873.284239
Vehicles:
 Inserted: 5280
 Running: 332
 Waiting: 0
Statistics (avg of 4948):
 RouteLength: 2018.01
 Speed: 8.54
 Duration: 236.85
 WaitingTime: 41.76
 TimeLoss: 89.39
 DepartDelay: 0.07
  [373/650] multiplas_emergencias/FIXO/seed=29                   ok        1m56s · restam ~1h30m12s
Simulation ended at time: 3600.00.
Reason: TraCI requested termination.
Performance:
 Duration: 183.51s
 TraCI-Duration: 48.48s
 Real time factor: 19.6171
 UPS: 118331.338924
Vehicles:
 Inserted: 9081
 Running: 672
 Waiting: 0
Statistics (avg of 8409):
 RouteLength: 2019.09
 Speed: 8.13
 Duration: 247.71
 WaitingTime: 35.48
 TimeLoss: 100.39
 DepartDelay: 0.09
***Starting server on port 55795 ***
  [374/650] intenso/FIXO/seed=29                                 ok        3m04s · restam ~1h29m38s
Loading net-file from 'C:\Users\User\Desktop\tcc-bloco8\sim\config\../rede/malha.net.xml' ... done (11ms).
Loading additional-files from 'C:\Users\User\Desktop\tcc-bloco8\sim\saida\leve_PREEMPCAO_30\malha.det.add.xml' ... done (65ms).
***Starting server on port 55799 ***
Loading route-files incrementally from 'C:\Users\User\Desktop\tcc-bloco8\sim\demanda\veiculos.typ.xml'
Loading route-files incrementally from 'C:\Users\User\Desktop\tcc-bloco8\sim\saida\rotas\leve_30.rou.xml'
Loading done.
Simulation version 1.27.1 started with time: 0.00.
Loading net-file from 'C:\Users\User\Desktop\tcc-bloco8\sim\config\../rede/malha.net.xml' ... done (12ms).
Loading additional-files from 'C:\Users\User\Desktop\tcc-bloco8\sim\saida\leve_PREEMPCAO_COMPENSADA_30\malha.det.add.xml' ... done (68ms).
Loading route-files incrementally from 'C:\Users\User\Desktop\tcc-bloco8\sim\demanda\veiculos.typ.xml'
Loading route-files incrementally from 'C:\Users\User\Desktop\tcc-bloco8\sim\saida\rotas\leve_30.rou.xml'
Loading done.
Simulation version 1.27.1 started with time: 0.00.
Simulation ended at time: 3600.00.
Reason: TraCI requested termination.
Performance:
 Duration: 173.87s
 TraCI-Duration: 50.11s
 Real time factor: 20.7057
 UPS: 119312.805913
Vehicles:
 Inserted: 9081
 Running: 605
 Waiting: 0
Statistics (avg of 8476):
 RouteLength: 2023.44
 Speed: 8.55
 Duration: 236.44
 WaitingTime: 32.30
 TimeLoss: 89.03
 DepartDelay: 0.09
  [375/650] intenso/PREEMPCAO_COMPENSADA/seed=29                 ok        2m54s · restam ~1h29m21s
***Starting server on port 59150 ***
Loading net-file from 'C:\Users\User\Desktop\tcc-bloco8\sim\config\../rede/malha.net.xml' ... done (6ms).
Loading additional-files from 'C:\Users\User\Desktop\tcc-bloco8\sim\saida\moderado_FIXO_30\malha.det.add.xml' ... done (39ms).
Loading route-files incrementally from 'C:\Users\User\Desktop\tcc-bloco8\sim\demanda\veiculos.typ.xml'
Loading route-files incrementally from 'C:\Users\User\Desktop\tcc-bloco8\sim\saida\rotas\moderado_30.rou.xml'
Loading done.
Simulation version 1.27.1 started with time: 0.00.
Simulation ended at time: 3600.00.
Reason: TraCI requested termination.
Performance:
 Duration: 110.50s
 TraCI-Duration: 48.43s
 Real time factor: 32.5783
 UPS: 99982.851144
Vehicles:
 Inserted: 5280
 Running: 296
 Waiting: 0
Statistics (avg of 4984):
 RouteLength: 2023.46
 Speed: 9.43
 Duration: 215.07
 WaitingTime: 29.64
 TimeLoss: 67.50
 DepartDelay: 0.07
  [376/650] multiplas_emergencias/PREEMPCAO_COMPENSADA/seed=29   ok        1m51s · restam ~1h28m55s
***Starting server on port 63817 ***
Loading net-file from 'C:\Users\User\Desktop\tcc-bloco8\sim\config\../rede/malha.net.xml' ... done (7ms).
Loading additional-files from 'C:\Users\User\Desktop\tcc-bloco8\sim\saida\moderado_PREEMPCAO_30\malha.det.add.xml' ... done (37ms).
Loading route-files incrementally from 'C:\Users\User\Desktop\tcc-bloco8\sim\demanda\veiculos.typ.xml'
Loading route-files incrementally from 'C:\Users\User\Desktop\tcc-bloco8\sim\saida\rotas\moderado_30.rou.xml'
Loading done.
Simulation version 1.27.1 started with time: 0.00.
Simulation ended at time: 3600.00.
Reason: TraCI requested termination.
Performance:
 Duration: 76.68s
 TraCI-Duration: 45.40s
 Real time factor: 46.9471
 UPS: 66533.123810
Vehicles:
 Inserted: 2276
 Running: 154
 Waiting: 0
Statistics (avg of 2122):
 RouteLength: 2026.98
 Speed: 8.82
 Duration: 231.45
 WaitingTime: 52.34
 TimeLoss: 84.38
 DepartDelay: 0.05
  [377/650] leve/FIXO/seed=30                                    ok        1m17s · restam ~1h28m45s
***Starting server on port 63867 ***
Loading net-file from 'C:\Users\User\Desktop\tcc-bloco8\sim\config\../rede/malha.net.xml' ... done (8ms).
Loading additional-files from 'C:\Users\User\Desktop\tcc-bloco8\sim\saida\moderado_PREEMPCAO_COMPENSADA_30\malha.det.add.xml' ... done (39ms).
Loading route-files incrementally from 'C:\Users\User\Desktop\tcc-bloco8\sim\demanda\veiculos.typ.xml'
Loading route-files incrementally from 'C:\Users\User\Desktop\tcc-bloco8\sim\saida\rotas\moderado_30.rou.xml'
Loading done.
Simulation version 1.27.1 started with time: 0.00.
Simulation ended at time: 3600.00.
Reason: TraCI requested termination.
Performance:
 Duration: 68.02s
 TraCI-Duration: 43.93s
 Real time factor: 52.9295
 UPS: 62496.214070
Vehicles:
 Inserted: 2276
 Running: 121
 Waiting: 0
Statistics (avg of 2155):
 RouteLength: 2039.24
 Speed: 10.65
 Duration: 192.49
 WaitingTime: 24.36
 TimeLoss: 45.15
 DepartDelay: 0.05
  [378/650] leve/PREEMPCAO/seed=30                               ok        1m09s · restam ~1h28m14s
***Starting server on port 63875 ***
Loading net-file from 'C:\Users\User\Desktop\tcc-bloco8\sim\config\../rede/malha.net.xml' ... done (7ms).
Loading additional-files from 'C:\Users\User\Desktop\tcc-bloco8\sim\saida\intenso_FIXO_30\malha.det.add.xml' ... done (48ms).
Loading route-files incrementally from 'C:\Users\User\Desktop\tcc-bloco8\sim\demanda\veiculos.typ.xml'
Loading route-files incrementally from 'C:\Users\User\Desktop\tcc-bloco8\sim\saida\rotas\intenso_30.rou.xml'
Loading done.
Simulation version 1.27.1 started with time: 0.00.
Simulation ended at time: 3600.00.
Reason: TraCI requested termination.
Performance:
 Duration: 69.81s
 TraCI-Duration: 44.94s
 Real time factor: 51.5678
 UPS: 61185.901935
Vehicles:
 Inserted: 2276
 Running: 133
 Waiting: 0
Statistics (avg of 2143):
 RouteLength: 2037.62
 Speed: 10.60
 Duration: 193.43
 WaitingTime: 25.19
 TimeLoss: 46.12
 DepartDelay: 0.05
  [379/650] leve/PREEMPCAO_COMPENSADA/seed=30                    ok        1m10s · restam ~1h27m42s
***Starting server on port 63881 ***
Loading net-file from 'C:\Users\User\Desktop\tcc-bloco8\sim\config\../rede/malha.net.xml' ... done (6ms).
Loading additional-files from 'C:\Users\User\Desktop\tcc-bloco8\sim\saida\intenso_PREEMPCAO_30\malha.det.add.xml' ... done (39ms).
Loading route-files incrementally from 'C:\Users\User\Desktop\tcc-bloco8\sim\demanda\veiculos.typ.xml'
Loading route-files incrementally from 'C:\Users\User\Desktop\tcc-bloco8\sim\saida\rotas\intenso_30.rou.xml'
Loading done.
Simulation version 1.27.1 started with time: 0.00.
Simulation ended at time: 3600.00.
Reason: TraCI requested termination.
Performance:
 Duration: 107.98s
 TraCI-Duration: 47.69s
 Real time factor: 33.3404
 UPS: 99202.089334
Vehicles:
 Inserted: 5280
 Running: 272
 Waiting: 0
Statistics (avg of 5008):
 RouteLength: 2026.32
 Speed: 9.74
 Duration: 208.50
 WaitingTime: 25.96
 TimeLoss: 60.90
 DepartDelay: 0.07
  [380/650] multiplas_emergencias/PREEMPCAO_ML/seed=29           ok        1m49s · restam ~1h27m26s
***Starting server on port 63919 ***
Loading net-file from 'C:\Users\User\Desktop\tcc-bloco8\sim\config\../rede/malha.net.xml' ... done (6ms).
Loading additional-files from 'C:\Users\User\Desktop\tcc-bloco8\sim\saida\intenso_PREEMPCAO_COMPENSADA_30\malha.det.add.xml' ... done (36ms).
Loading route-files incrementally from 'C:\Users\User\Desktop\tcc-bloco8\sim\demanda\veiculos.typ.xml'
Loading route-files incrementally from 'C:\Users\User\Desktop\tcc-bloco8\sim\saida\rotas\intenso_30.rou.xml'
Loading done.
Simulation version 1.27.1 started with time: 0.00.
Simulation ended at time: 3600.00.
Reason: TraCI requested termination.
Performance:
 Duration: 103.64s
 TraCI-Duration: 46.33s
 Real time factor: 34.737
 UPS: 99923.115520
Vehicles:
 Inserted: 5310
 Running: 310
 Waiting: 0
Statistics (avg of 5000):
 RouteLength: 2013.94
 Speed: 10.06
 Duration: 200.85
 WaitingTime: 21.71
 TimeLoss: 53.78
 DepartDelay: 0.07
  [381/650] moderado/PREEMPCAO/seed=30                           ok        1m44s · restam ~1h27m23s
***Starting server on port 57093 ***
Loading net-file from 'C:\Users\User\Desktop\tcc-bloco8\sim\config\../rede/malha.net.xml' ... done (7ms).
Loading additional-files from 'C:\Users\User\Desktop\tcc-bloco8\sim\saida\multiplas_emergencias_FIXO_30\malha.det.add.xml' ... done (49ms).
Loading route-files incrementally from 'C:\Users\User\Desktop\tcc-bloco8\sim\demanda\veiculos.typ.xml'
Loading route-files incrementally from 'C:\Users\User\Desktop\tcc-bloco8\sim\saida\rotas\multiplas_emergencias_30.rou.xml'
Loading done.
Simulation version 1.27.1 started with time: 0.00.
Simulation ended at time: 3600.00.
Reason: TraCI requested termination.
Performance:
 Duration: 118.09s
 TraCI-Duration: 46.45s
 Real time factor: 30.4857
 UPS: 102616.303096
Vehicles:
 Inserted: 5310
 Running: 379
 Waiting: 0
Statistics (avg of 4931):
 RouteLength: 2008.63
 Speed: 8.53
 Duration: 235.84
 WaitingTime: 41.74
 TimeLoss: 88.87
 DepartDelay: 0.07
  [382/650] moderado/FIXO/seed=30                                ok        1m59s · restam ~1h26m53s
***Starting server on port 57103 ***
Loading net-file from 'C:\Users\User\Desktop\tcc-bloco8\sim\config\../rede/malha.net.xml' ... done (10ms).
Loading additional-files from 'C:\Users\User\Desktop\tcc-bloco8\sim\saida\multiplas_emergencias_PREEMPCAO_30\malha.det.add.xml' ... done (64ms).
Loading route-files incrementally from 'C:\Users\User\Desktop\tcc-bloco8\sim\demanda\veiculos.typ.xml'
Loading route-files incrementally from 'C:\Users\User\Desktop\tcc-bloco8\sim\saida\rotas\multiplas_emergencias_30.rou.xml'
Loading done.
Simulation version 1.27.1 started with time: 0.00.
Simulation ended at time: 3600.00.
Reason: TraCI requested termination.
Performance:
 Duration: 108.52s
 TraCI-Duration: 47.39s
 Real time factor: 33.1745
 UPS: 98991.079739
Vehicles:
 Inserted: 5310
 Running: 328
 Waiting: 0
Statistics (avg of 4982):
 RouteLength: 2016.82
 Speed: 9.69
 Duration: 208.68
 WaitingTime: 26.34
 TimeLoss: 61.55
 DepartDelay: 0.07
  [383/650] moderado/PREEMPCAO_COMPENSADA/seed=30                ok        1m49s · restam ~1h26m43s
***Starting server on port 57152 ***
Loading net-file from 'C:\Users\User\Desktop\tcc-bloco8\sim\config\../rede/malha.net.xml' ... done (6ms).
Loading additional-files from 'C:\Users\User\Desktop\tcc-bloco8\sim\saida\multiplas_emergencias_PREEMPCAO_COMPENSADA_30\malha.det.add.xml' ... done (38ms).
Loading route-files incrementally from 'C:\Users\User\Desktop\tcc-bloco8\sim\demanda\veiculos.typ.xml'
Loading route-files incrementally from 'C:\Users\User\Desktop\tcc-bloco8\sim\saida\rotas\multiplas_emergencias_30.rou.xml'
Loading done.
Simulation version 1.27.1 started with time: 0.00.
Simulation ended at time: 3600.00.
Reason: TraCI requested termination.
Performance:
 Duration: 190.50s
 TraCI-Duration: 51.87s
 Real time factor: 18.8973
 UPS: 105865.660908
Vehicles:
 Inserted: 9167
 Running: 558
 Waiting: 0
Statistics (avg of 8609):
 RouteLength: 2016.46
 Speed: 8.94
 Duration: 226.94
 WaitingTime: 27.41
 TimeLoss: 80.00
 DepartDelay: 0.09
  [384/650] intenso/PREEMPCAO/seed=30                            ok        3m11s · restam ~1h27m11s
***Starting server on port 61212 ***
Loading net-file from 'C:\Users\User\Desktop\tcc-bloco8\sim\config\../rede/malha.net.xml' ... done (11ms).
Loading additional-files from 'C:\Users\User\Desktop\tcc-bloco8\sim\saida\multiplas_emergencias_PREEMPCAO_ML_30\malha.det.add.xml' ...Simulation ended at time: 3600.00.
Reason: TraCI requested termination.
Performance:
 Duration: 121.15s
 TraCI-Duration: 50.92s
 Real time factor: 29.7155
 UPS: 87359.945191
Vehicles:
 Inserted: 5316
 Running: 323
 Waiting: 0
Statistics (avg of 4993):
 RouteLength: 2017.87
 Speed: 9.84
 Duration: 205.18
 WaitingTime: 23.70
 TimeLoss: 58.04
 DepartDelay: 0.07
 done (75ms).
Loading route-files incrementally from 'C:\Users\User\Desktop\tcc-bloco8\sim\demanda\veiculos.typ.xml'
Loading route-files incrementally from 'C:\Users\User\Desktop\tcc-bloco8\sim\saida\rotas\multiplas_emergencias_30.rou.xml'
Loading done.
Simulation version 1.27.1 started with time: 0.00.
  [385/650] multiplas_emergencias/PREEMPCAO/seed=30              ok        2m02s · restam ~1h26m38s
***Starting server on port 61217 ***
Loading net-file from 'C:\Users\User\Desktop\tcc-bloco8\sim\config\../rede/malha.net.xml' ... done (7ms).
Loading additional-files from 'C:\Users\User\Desktop\tcc-bloco8\sim\saida\leve_FIXO_31\malha.det.add.xml' ... done (50ms).
Loading route-files incrementally from 'C:\Users\User\Desktop\tcc-bloco8\sim\demanda\veiculos.typ.xml'
Loading route-files incrementally from 'C:\Users\User\Desktop\tcc-bloco8\sim\saida\rotas\leve_31.rou.xml'
Loading done.
Simulation version 1.27.1 started with time: 0.00.
Simulation ended at time: 3600.00.
Reason: TraCI requested termination.
Performance:
 Duration: 133.27s
 TraCI-Duration: 50.31s
 Real time factor: 27.0132
 UPS: 91036.085182
Vehicles:
 Inserted: 5316
 Running: 379
 Waiting: 0
Statistics (avg of 4937):
 RouteLength: 2009.22
 Speed: 8.53
 Duration: 235.84
 WaitingTime: 41.76
 TimeLoss: 88.89
 DepartDelay: 0.07
  [386/650] multiplas_emergencias/FIXO/seed=30                   ok        2m14s · restam ~1h26m10s
***Starting server on port 61230 ***
Loading net-file from 'C:\Users\User\Desktop\tcc-bloco8\sim\config\../rede/malha.net.xml' ... done (8ms).
Loading additional-files from 'C:\Users\User\Desktop\tcc-bloco8\sim\saida\leve_PREEMPCAO_31\malha.det.add.xml' ... done (49ms).
Loading route-files incrementally from 'C:\Users\User\Desktop\tcc-bloco8\sim\demanda\veiculos.typ.xml'
Loading route-files incrementally from 'C:\Users\User\Desktop\tcc-bloco8\sim\saida\rotas\leve_31.rou.xml'
Loading done.
Simulation version 1.27.1 started with time: 0.00.
Simulation ended at time: 3600.00.
Reason: TraCI requested termination.
Performance:
 Duration: 208.60s
 TraCI-Duration: 51.01s
 Real time factor: 17.2577
 UPS: 104914.181483
Vehicles:
 Inserted: 9167
 Running: 648
 Waiting: 0
Statistics (avg of 8519):
 RouteLength: 2010.69
 Speed: 8.13
 Duration: 246.78
 WaitingTime: 35.09
 TimeLoss: 99.96
 DepartDelay: 0.09
  [387/650] intenso/FIXO/seed=30                                 ok        3m29s · restam ~1h25m42s
***Starting server on port 59736 ***
Loading net-file from 'C:\Users\User\Desktop\tcc-bloco8\sim\config\../rede/malha.net.xml' ... done (5ms).
Loading additional-files from 'C:\Users\User\Desktop\tcc-bloco8\sim\saida\leve_PREEMPCAO_COMPENSADA_31\malha.det.add.xml' ... done (37ms).
Loading route-files incrementally from 'C:\Users\User\Desktop\tcc-bloco8\sim\demanda\veiculos.typ.xml'
Loading route-files incrementally from 'C:\Users\User\Desktop\tcc-bloco8\sim\saida\rotas\leve_31.rou.xml'
Loading done.
Simulation version 1.27.1 started with time: 0.00.
Simulation ended at time: 3600.00.
Reason: TraCI requested termination.
Performance:
 Duration: 205.26s
 TraCI-Duration: 54.38s
 Real time factor: 17.5385
 UPS: 101560.685560
Vehicles:
 Inserted: 9167
 Running: 579
 Waiting: 0
Statistics (avg of 8588):
 RouteLength: 2013.89
 Speed: 8.63
 Duration: 234.74
 WaitingTime: 31.84
 TimeLoss: 87.83
 DepartDelay: 0.09
Simulation ended at time: 3600.00.
Reason: TraCI requested termination.
Performance:
 Duration: 126.06s
 TraCI-Duration: 53.10s
 Real time factor: 28.5578
 UPS: 84980.588609
Vehicles:
 Inserted: 5316
 Running: 313
 Waiting: 0
Statistics (avg of 5003):
 RouteLength: 2015.03
 Speed: 9.73
 Duration: 207.77
 WaitingTime: 26.08
 TimeLoss: 60.70
 DepartDelay: 0.07
  [388/650] intenso/PREEMPCAO_COMPENSADA/seed=30                 ok        3m26s · restam ~1h25m25s
  [389/650] multiplas_emergencias/PREEMPCAO_COMPENSADA/seed=30   ok        2m07s · restam ~1h24m53s
***Starting server on port 59779 ***
***Starting server on port 59782 ***
Loading net-file from 'C:\Users\User\Desktop\tcc-bloco8\sim\config\../rede/malha.net.xml' ... done (8ms).
Loading additional-files from 'C:\Users\User\Desktop\tcc-bloco8\sim\saida\moderado_FIXO_31\malha.det.add.xml' ... done (56ms).
Loading route-files incrementally from 'C:\Users\User\Desktop\tcc-bloco8\sim\demanda\veiculos.typ.xml'
Loading route-files incrementally from 'C:\Users\User\Desktop\tcc-bloco8\sim\saida\rotas\moderado_31.rou.xml'
Loading done.
Simulation version 1.27.1 started with time: 0.00.
Loading net-file from 'C:\Users\User\Desktop\tcc-bloco8\sim\config\../rede/malha.net.xml' ... done (10ms).
Loading additional-files from 'C:\Users\User\Desktop\tcc-bloco8\sim\saida\moderado_PREEMPCAO_31\malha.det.add.xml' ... done (57ms).
Loading route-files incrementally from 'C:\Users\User\Desktop\tcc-bloco8\sim\demanda\veiculos.typ.xml'
Loading route-files incrementally from 'C:\Users\User\Desktop\tcc-bloco8\sim\saida\rotas\moderado_31.rou.xml'
Loading done.
Simulation version 1.27.1 started with time: 0.00.
Warning: Vehicle 'A2_LESTE_carro_0371' performs emergency braking on lane 'A2_L2_0' with decel=9.00, wished=4.50, severity=1.00, time=2147.60.
Simulation ended at time: 3600.00.
Reason: TraCI requested termination.
Performance:
 Duration: 82.97s
 TraCI-Duration: 47.56s
 Real time factor: 43.3871
 UPS: 59608.311037
Vehicles:
 Inserted: 2220
 Running: 161
 Waiting: 0
Statistics (avg of 2059):
 RouteLength: 2013.70
 Speed: 8.79
 Duration: 230.50
 WaitingTime: 52.47
 TimeLoss: 83.42
 DepartDelay: 0.05
  [390/650] leve/FIXO/seed=31                                    ok        1m24s · restam ~1h24m51s
***Starting server on port 58638 ***
Loading net-file from 'C:\Users\User\Desktop\tcc-bloco8\sim\config\../rede/malha.net.xml' ... done (10ms).
Loading additional-files from 'C:\Users\User\Desktop\tcc-bloco8\sim\saida\moderado_PREEMPCAO_COMPENSADA_31\malha.det.add.xml' ... done (52ms).
Loading route-files incrementally from 'C:\Users\User\Desktop\tcc-bloco8\sim\demanda\veiculos.typ.xml'
Loading route-files incrementally from 'C:\Users\User\Desktop\tcc-bloco8\sim\saida\rotas\moderado_31.rou.xml'
Loading done.
Simulation version 1.27.1 started with time: 0.00.
Simulation ended at time: 3600.00.
Reason: TraCI requested termination.
Performance:
 Duration: 77.03s
 TraCI-Duration: 47.69s
 Real time factor: 46.7326
 UPS: 53019.692603
Vehicles:
 Inserted: 2220
 Running: 128
 Waiting: 0
Statistics (avg of 2092):
 RouteLength: 2023.68
 Speed: 10.74
 Duration: 189.62
 WaitingTime: 23.55
 TimeLoss: 42.30
 DepartDelay: 0.05
  [391/650] leve/PREEMPCAO/seed=31                               ok        1m18s · restam ~1h24m19s
***Starting server on port 58643 ***
Loading net-file from 'C:\Users\User\Desktop\tcc-bloco8\sim\config\../rede/malha.net.xml' ... done (7ms).
Loading additional-files from 'C:\Users\User\Desktop\tcc-bloco8\sim\saida\intenso_FIXO_31\malha.det.add.xml' ... done (50ms).
Loading route-files incrementally from 'C:\Users\User\Desktop\tcc-bloco8\sim\demanda\veiculos.typ.xml'
Loading route-files incrementally from 'C:\Users\User\Desktop\tcc-bloco8\sim\saida\rotas\intenso_31.rou.xml'
Loading done.
Simulation version 1.27.1 started with time: 0.00.
Simulation ended at time: 3600.00.
Reason: TraCI requested termination.
Performance:
 Duration: 78.83s
 TraCI-Duration: 48.08s
 Real time factor: 45.6691
 UPS: 52475.275283
Vehicles:
 Inserted: 2220
 Running: 127
 Waiting: 0
Statistics (avg of 2093):
 RouteLength: 2024.38
 Speed: 10.61
 Duration: 192.08
 WaitingTime: 25.46
 TimeLoss: 44.77
 DepartDelay: 0.05
  [392/650] leve/PREEMPCAO_COMPENSADA/seed=31                    ok        1m19s · restam ~1h23m52s
***Starting server on port 58659 ***
Loading net-file from 'C:\Users\User\Desktop\tcc-bloco8\sim\config\../rede/malha.net.xml' ... done (11ms).
Loading additional-files from 'C:\Users\User\Desktop\tcc-bloco8\sim\saida\intenso_PREEMPCAO_31\malha.det.add.xml' ... done (53ms).
Loading route-files incrementally from 'C:\Users\User\Desktop\tcc-bloco8\sim\demanda\veiculos.typ.xml'
Loading route-files incrementally from 'C:\Users\User\Desktop\tcc-bloco8\sim\saida\rotas\intenso_31.rou.xml'
Loading done.
Simulation version 1.27.1 started with time: 0.00.
Simulation ended at time: 3600.00.
Reason: TraCI requested termination.
Performance:
 Duration: 126.91s
 TraCI-Duration: 51.79s
 Real time factor: 28.3675
 UPS: 83244.385608
Vehicles:
 Inserted: 5316
 Running: 302
 Waiting: 0
 Emergency Braking: 1
Statistics (avg of 5014):
 RouteLength: 2017.48
 Speed: 9.87
 Duration: 204.90
 WaitingTime: 23.74
 TimeLoss: 57.77
 DepartDelay: 0.07
  [393/650] multiplas_emergencias/PREEMPCAO_ML/seed=30           ok        2m08s · restam ~1h23m42s
***Starting server on port 54745 ***
Loading net-file from 'C:\Users\User\Desktop\tcc-bloco8\sim\config\../rede/malha.net.xml' ... done (17ms).
Loading additional-files from 'C:\Users\User\Desktop\tcc-bloco8\sim\saida\intenso_PREEMPCAO_COMPENSADA_31\malha.det.add.xml' ... done (77ms).
Loading route-files incrementally from 'C:\Users\User\Desktop\tcc-bloco8\sim\demanda\veiculos.typ.xml'
Loading route-files incrementally from 'C:\Users\User\Desktop\tcc-bloco8\sim\saida\rotas\intenso_31.rou.xml'
Loading done.
Simulation version 1.27.1 started with time: 0.00.
Simulation ended at time: 3600.00.
Reason: TraCI requested termination.
Performance:
 Duration: 120.46s
 TraCI-Duration: 50.09s
 Real time factor: 29.8849
 UPS: 85815.344258
Vehicles:
 Inserted: 5226
 Running: 272
 Waiting: 0
Statistics (avg of 4954):
 RouteLength: 2018.24
 Speed: 9.96
 Duration: 203.44
 WaitingTime: 23.35
 TimeLoss: 56.13
 DepartDelay: 0.06
  [394/650] moderado/PREEMPCAO/seed=31                           ok        2m01s · restam ~1h23m31s
***Starting server on port 54669 ***
Loading net-file from 'C:\Users\User\Desktop\tcc-bloco8\sim\config\../rede/malha.net.xml' ... done (7ms).
Loading additional-files from 'C:\Users\User\Desktop\tcc-bloco8\sim\saida\multiplas_emergencias_FIXO_31\malha.det.add.xml' ... done (50ms).
Loading route-files incrementally from 'C:\Users\User\Desktop\tcc-bloco8\sim\demanda\veiculos.typ.xml'
Loading route-files incrementally from 'C:\Users\User\Desktop\tcc-bloco8\sim\saida\rotas\multiplas_emergencias_31.rou.xml'
Loading done.
Simulation version 1.27.1 started with time: 0.00.
Simulation ended at time: 3600.00.
Reason: TraCI requested termination.
Performance:
 Duration: 130.31s
 TraCI-Duration: 49.68s
 Real time factor: 27.626
 UPS: 91778.408742
Vehicles:
 Inserted: 5226
 Running: 339
 Waiting: 0
Statistics (avg of 4887):
 RouteLength: 2009.45
 Speed: 8.53
 Duration: 235.78
 WaitingTime: 41.88
 TimeLoss: 88.64
 DepartDelay: 0.06
  [395/650] moderado/FIXO/seed=31                                ok        2m11s · restam ~1h23m05s
***Starting server on port 54687 ***
Loading net-file from 'C:\Users\User\Desktop\tcc-bloco8\sim\config\../rede/malha.net.xml' ... done (9ms).
Loading additional-files from 'C:\Users\User\Desktop\tcc-bloco8\sim\saida\multiplas_emergencias_PREEMPCAO_31\malha.det.add.xml' ... done (60ms).
Loading route-files incrementally from 'C:\Users\User\Desktop\tcc-bloco8\sim\demanda\veiculos.typ.xml'
Loading route-files incrementally from 'C:\Users\User\Desktop\tcc-bloco8\sim\saida\rotas\multiplas_emergencias_31.rou.xml'
Loading done.
Simulation version 1.27.1 started with time: 0.00.
Simulation ended at time: 3600.00.
Reason: TraCI requested termination.
Performance:
 Duration: 116.05s
 TraCI-Duration: 50.14s
 Real time factor: 31.0219
 UPS: 91753.246529
Vehicles:
 Inserted: 5226
 Running: 278
 Waiting: 0
Statistics (avg of 4948):
 RouteLength: 2017.46
 Speed: 9.62
 Duration: 209.71
 WaitingTime: 27.20
 TimeLoss: 62.42
 DepartDelay: 0.06
  [396/650] moderado/PREEMPCAO_COMPENSADA/seed=31                ok        1m57s · restam ~1h22m53s
***Starting server on port 64655 ***
Loading net-file from 'C:\Users\User\Desktop\tcc-bloco8\sim\config\../rede/malha.net.xml' ... done (8ms).
Loading additional-files from 'C:\Users\User\Desktop\tcc-bloco8\sim\saida\multiplas_emergencias_PREEMPCAO_COMPENSADA_31\malha.det.add.xml' ... done (50ms).
Loading route-files incrementally from 'C:\Users\User\Desktop\tcc-bloco8\sim\demanda\veiculos.typ.xml'
Loading route-files incrementally from 'C:\Users\User\Desktop\tcc-bloco8\sim\saida\rotas\multiplas_emergencias_31.rou.xml'
Loading done.
Simulation version 1.27.1 started with time: 0.00.
Simulation ended at time: 3600.00.
Reason: TraCI requested termination.
Performance:
 Duration: 111.18s
 TraCI-Duration: 48.65s
 Real time factor: 32.3796
 UPS: 93244.736061
Vehicles:
 Inserted: 5232
 Running: 277
 Waiting: 0
Statistics (avg of 4955):
 RouteLength: 2016.72
 Speed: 9.92
 Duration: 203.73
 WaitingTime: 23.67
 TimeLoss: 56.48
 DepartDelay: 0.06
  [397/650] multiplas_emergencias/PREEMPCAO/seed=31              ok        1m52s · restam ~1h23m13s
***Starting server on port 56148 ***
Loading net-file from 'C:\Users\User\Desktop\tcc-bloco8\sim\config\../rede/malha.net.xml' ... done (6ms).
Loading additional-files from 'C:\Users\User\Desktop\tcc-bloco8\sim\saida\multiplas_emergencias_PREEMPCAO_ML_31\malha.det.add.xml' ... done (36ms).
Loading route-files incrementally from 'C:\Users\User\Desktop\tcc-bloco8\sim\demanda\veiculos.typ.xml'
Loading route-files incrementally from 'C:\Users\User\Desktop\tcc-bloco8\sim\saida\rotas\multiplas_emergencias_31.rou.xml'
Loading done.
Simulation version 1.27.1 started with time: 0.00.
Simulation ended at time: 3600.00.
Reason: TraCI requested termination.
Performance:
 Duration: 189.22s
 TraCI-Duration: 52.40s
 Real time factor: 19.0259
 UPS: 104903.771351
Vehicles:
 Inserted: 8935
 Running: 560
 Waiting: 0
Statistics (avg of 8375):
 RouteLength: 2020.74
 Speed: 8.80
 Duration: 229.22
 WaitingTime: 28.73
 TimeLoss: 81.90
 DepartDelay: 0.09
  [398/650] intenso/PREEMPCAO/seed=31                            ok        3m10s · restam ~1h22m42s
***Starting server on port 56156 ***
Loading net-file from 'C:\Users\User\Desktop\tcc-bloco8\sim\config\../rede/malha.net.xml' ... done (8ms).
Loading additional-files from 'C:\Users\User\Desktop\tcc-bloco8\sim\saida\leve_FIXO_32\malha.det.add.xml' ... done (49ms).
Loading route-files incrementally from 'C:\Users\User\Desktop\tcc-bloco8\sim\demanda\veiculos.typ.xml'
Loading route-files incrementally from 'C:\Users\User\Desktop\tcc-bloco8\sim\saida\rotas\leve_32.rou.xml'
Loading done.
Simulation version 1.27.1 started with time: 0.00.
Simulation ended at time: 3600.00.
Reason: TraCI requested termination.
Performance:
 Duration: 124.53s
 TraCI-Duration: 48.20s
 Real time factor: 28.908
 UPS: 96187.090972
Vehicles:
 Inserted: 5232
 Running: 339
 Waiting: 0
Statistics (avg of 4893):
 RouteLength: 2010.04
 Speed: 8.53
 Duration: 235.87
 WaitingTime: 41.88
 TimeLoss: 88.74
 DepartDelay: 0.06
  [399/650] multiplas_emergencias/FIXO/seed=31                   ok        2m05s · restam ~1h22m11s
***Starting server on port 56161 ***
Loading net-file from 'C:\Users\User\Desktop\tcc-bloco8\sim\config\../rede/malha.net.xml' ... done (7ms).
Loading additional-files from 'C:\Users\User\Desktop\tcc-bloco8\sim\saida\leve_PREEMPCAO_32\malha.det.add.xml' ... done (38ms).
Loading route-files incrementally from 'C:\Users\User\Desktop\tcc-bloco8\sim\demanda\veiculos.typ.xml'
Loading route-files incrementally from 'C:\Users\User\Desktop\tcc-bloco8\sim\saida\rotas\leve_32.rou.xml'
Loading done.
Simulation version 1.27.1 started with time: 0.00.
Simulation ended at time: 3600.00.
Reason: TraCI requested termination.
Performance:
 Duration: 202.02s
 TraCI-Duration: 51.31s
 Real time factor: 17.8203
 UPS: 105281.496112
Vehicles:
 Inserted: 8935
 Running: 645
 Waiting: 0
Statistics (avg of 8290):
 RouteLength: 2015.76
 Speed: 8.18
 Duration: 245.81
 WaitingTime: 34.92
 TimeLoss: 98.60
 DepartDelay: 0.09
  [400/650] intenso/FIXO/seed=31                                 ok        3m23s · restam ~1h21m41s
***Starting server on port 55815 ***
Loading net-file from 'C:\Users\User\Desktop\tcc-bloco8\sim\config\../rede/malha.net.xml' ... done (6ms).
Loading additional-files from 'C:\Users\User\Desktop\tcc-bloco8\sim\saida\leve_PREEMPCAO_COMPENSADA_32\malha.det.add.xml' ... done (36ms).
Loading route-files incrementally from 'C:\Users\User\Desktop\tcc-bloco8\sim\demanda\veiculos.typ.xml'
Loading route-files incrementally from 'C:\Users\User\Desktop\tcc-bloco8\sim\saida\rotas\leve_32.rou.xml'
Loading done.
Simulation version 1.27.1 started with time: 0.00.
Simulation ended at time: 3600.00.
Reason: TraCI requested termination.
Performance:
 Duration: 115.58s
 TraCI-Duration: 50.69s
 Real time factor: 31.1467
 UPS: 90545.915454
Vehicles:
 Inserted: 5232
 Running: 295
 Waiting: 0
Statistics (avg of 4937):
 RouteLength: 2017.20
 Speed: 9.84
 Duration: 205.68
 WaitingTime: 25.31
 TimeLoss: 58.44
 DepartDelay: 0.06
  [401/650] multiplas_emergencias/PREEMPCAO_COMPENSADA/seed=31   ok        1m56s · restam ~1h21m27s
***Starting server on port 63305 ***
Loading net-file from 'C:\Users\User\Desktop\tcc-bloco8\sim\config\../rede/malha.net.xml' ... done (7ms).
Loading additional-files from 'C:\Users\User\Desktop\tcc-bloco8\sim\saida\moderado_FIXO_32\malha.det.add.xml' ... done (51ms).
Loading route-files incrementally from 'C:\Users\User\Desktop\tcc-bloco8\sim\demanda\veiculos.typ.xml'
Loading route-files incrementally from 'C:\Users\User\Desktop\tcc-bloco8\sim\saida\rotas\moderado_32.rou.xml'
Loading done.
Simulation version 1.27.1 started with time: 0.00.
Simulation ended at time: 3600.00.
Reason: TraCI requested termination.
Performance:
 Duration: 197.16s
 TraCI-Duration: 53.61s
 Real time factor: 18.2591
 UPS: 104588.039277
Vehicles:
 Inserted: 8935
 Running: 600
 Waiting: 0
Statistics (avg of 8335):
 RouteLength: 2018.59
 Speed: 8.47
 Duration: 238.26
 WaitingTime: 33.14
 TimeLoss: 91.00
 DepartDelay: 0.09
  [402/650] intenso/PREEMPCAO_COMPENSADA/seed=31                 ok        3m18s · restam ~1h21m00s
***Starting server on port 50108 ***
Loading net-file from 'C:\Users\User\Desktop\tcc-bloco8\sim\config\../rede/malha.net.xml' ... done (11ms).
Loading additional-files from 'C:\Users\User\Desktop\tcc-bloco8\sim\saida\moderado_PREEMPCAO_32\malha.det.add.xml' ... done (71ms).
Loading route-files incrementally from 'C:\Users\User\Desktop\tcc-bloco8\sim\demanda\veiculos.typ.xml'
Loading route-files incrementally from 'C:\Users\User\Desktop\tcc-bloco8\sim\saida\rotas\moderado_32.rou.xml'
Loading done.
Simulation version 1.27.1 started with time: 0.00.
Simulation ended at time: 3600.00.
Reason: TraCI requested termination.
Performance:
 Duration: 73.17s
 TraCI-Duration: 46.28s
 Real time factor: 49.1978
 UPS: 58547.188892
Vehicles:
 Inserted: 2300
 Running: 120
 Waiting: 0
Statistics (avg of 2180):
 RouteLength: 2034.87
 Speed: 10.66
 Duration: 191.85
 WaitingTime: 23.92
 TimeLoss: 44.18
 DepartDelay: 0.05
  [403/650] leve/PREEMPCAO/seed=32                               ok        1m14s · restam ~1h20m49s
***Starting server on port 52004 ***
Loading net-file from 'C:\Users\User\Desktop\tcc-bloco8\sim\config\../rede/malha.net.xml' ... done (12ms).
Loading additional-files from 'C:\Users\User\Desktop\tcc-bloco8\sim\saida\moderado_PREEMPCAO_COMPENSADA_32\malha.det.add.xml' ... done (59ms).
Loading route-files incrementally from 'C:\Users\User\Desktop\tcc-bloco8\sim\demanda\veiculos.typ.xml'
Loading route-files incrementally from 'C:\Users\User\Desktop\tcc-bloco8\sim\saida\rotas\moderado_32.rou.xml'
Loading done.
Simulation version 1.27.1 started with time: 0.00.
Simulation ended at time: 3600.00.
Reason: TraCI requested termination.
Performance:
 Duration: 75.40s
 TraCI-Duration: 47.91s
 Real time factor: 47.7485
 UPS: 57786.577359
Vehicles:
 Inserted: 2300
 Running: 121
 Waiting: 0
Statistics (avg of 2179):
 RouteLength: 2033.74
 Speed: 10.51
 Duration: 195.11
 WaitingTime: 26.23
 TimeLoss: 47.49
 DepartDelay: 0.05
  [404/650] leve/PREEMPCAO_COMPENSADA/seed=32                    ok        1m16s · restam ~1h20m21s
***Starting server on port 59748 ***
Simulation ended at time: 3600.00.
Reason: TraCI requested termination.
Performance:
 Duration: 80.52s
 TraCI-Duration: 46.37s
 Real time factor: 44.7099
 UPS: 64033.395844
Vehicles:
 Inserted: 2300
 Running: 154
 Waiting: 0
Statistics (avg of 2146):
 RouteLength: 2024.33
 Speed: 8.80
 Duration: 231.36
 WaitingTime: 51.84
 TimeLoss: 83.87
 DepartDelay: 0.05
Loading net-file from 'C:\Users\User\Desktop\tcc-bloco8\sim\config\../rede/malha.net.xml' ... done (8ms).
Loading additional-files from 'C:\Users\User\Desktop\tcc-bloco8\sim\saida\intenso_FIXO_32\malha.det.add.xml' ...  [405/650] leve/FIXO/seed=32                                    ok        1m21s · restam ~1h19m50s
 done (41ms).
Loading route-files incrementally from 'C:\Users\User\Desktop\tcc-bloco8\sim\demanda\veiculos.typ.xml'
Loading route-files incrementally from 'C:\Users\User\Desktop\tcc-bloco8\sim\saida\rotas\intenso_32.rou.xml'
Loading done.
Simulation version 1.27.1 started with time: 0.00.
***Starting server on port 59754 ***
Loading net-file from 'C:\Users\User\Desktop\tcc-bloco8\sim\config\../rede/malha.net.xml' ... done (12ms).
Loading additional-files from 'C:\Users\User\Desktop\tcc-bloco8\sim\saida\intenso_PREEMPCAO_32\malha.det.add.xml' ... done (76ms).
Loading route-files incrementally from 'C:\Users\User\Desktop\tcc-bloco8\sim\demanda\veiculos.typ.xml'
Loading route-files incrementally from 'C:\Users\User\Desktop\tcc-bloco8\sim\saida\rotas\intenso_32.rou.xml'
Loading done.
Simulation version 1.27.1 started with time: 0.00.
Simulation ended at time: 3600.00.
Reason: TraCI requested termination.
Performance:
 Duration: 115.87s
 TraCI-Duration: 50.59s
 Real time factor: 31.0696
 UPS: 89592.600264
Vehicles:
 Inserted: 5232
 Running: 277
 Waiting: 0
Statistics (avg of 4955):
 RouteLength: 2019.54
 Speed: 9.91
 Duration: 204.14
 WaitingTime: 23.56
 TimeLoss: 56.84
 DepartDelay: 0.06
  [406/650] multiplas_emergencias/PREEMPCAO_ML/seed=31           ok        1m56s · restam ~1h19m38s
***Starting server on port 64381 ***
Loading net-file from 'C:\Users\User\Desktop\tcc-bloco8\sim\config\../rede/malha.net.xml' ... done (9ms).
Loading additional-files from 'C:\Users\User\Desktop\tcc-bloco8\sim\saida\intenso_PREEMPCAO_COMPENSADA_32\malha.det.add.xml' ... done (50ms).
Loading route-files incrementally from 'C:\Users\User\Desktop\tcc-bloco8\sim\demanda\veiculos.typ.xml'
Loading route-files incrementally from 'C:\Users\User\Desktop\tcc-bloco8\sim\saida\rotas\intenso_32.rou.xml'
Loading done.
Simulation version 1.27.1 started with time: 0.00.
Simulation ended at time: 3600.00.
Reason: TraCI requested termination.
Performance:
 Duration: 116.46s
 TraCI-Duration: 49.56s
 Real time factor: 30.913
 UPS: 92178.754208
Vehicles:
 Inserted: 5405
 Running: 330
 Waiting: 0
Statistics (avg of 5075):
 RouteLength: 2020.55
 Speed: 9.88
 Duration: 204.54
 WaitingTime: 23.57
 TimeLoss: 57.41
 DepartDelay: 0.06
  [407/650] moderado/PREEMPCAO/seed=32                           ok        1m57s · restam ~1h19m33s
***Starting server on port 58789 ***
Loading net-file from 'C:\Users\User\Desktop\tcc-bloco8\sim\config\../rede/malha.net.xml' ... done (11ms).
Loading additional-files from 'C:\Users\User\Desktop\tcc-bloco8\sim\saida\multiplas_emergencias_FIXO_32\malha.det.add.xml' ... done (58ms).
Loading route-files incrementally from 'C:\Users\User\Desktop\tcc-bloco8\sim\demanda\veiculos.typ.xml'
Loading route-files incrementally from 'C:\Users\User\Desktop\tcc-bloco8\sim\saida\rotas\multiplas_emergencias_32.rou.xml'
Loading done.
Simulation version 1.27.1 started with time: 0.00.
Simulation ended at time: 3600.00.
Reason: TraCI requested termination.
Performance:
 Duration: 132.40s
 TraCI-Duration: 49.67s
 Real time factor: 27.1899
 UPS: 93408.490808
Vehicles:
 Inserted: 5405
 Running: 379
 Waiting: 0
Statistics (avg of 5026):
 RouteLength: 2011.95
 Speed: 8.53
 Duration: 236.16
 WaitingTime: 41.57
 TimeLoss: 89.22
 DepartDelay: 0.06
  [408/650] moderado/FIXO/seed=32                                ok        2m13s · restam ~1h19m07s
***Starting server on port 58805 ***
Loading net-file from 'C:\Users\User\Desktop\tcc-bloco8\sim\config\../rede/malha.net.xml' ... done (7ms).
Loading additional-files from 'C:\Users\User\Desktop\tcc-bloco8\sim\saida\multiplas_emergencias_PREEMPCAO_32\malha.det.add.xml' ... done (46ms).
Loading route-files incrementally from 'C:\Users\User\Desktop\tcc-bloco8\sim\demanda\veiculos.typ.xml'
Loading route-files incrementally from 'C:\Users\User\Desktop\tcc-bloco8\sim\saida\rotas\multiplas_emergencias_32.rou.xml'
Loading done.
Simulation version 1.27.1 started with time: 0.00.
Simulation ended at time: 3600.00.
Reason: TraCI requested termination.
Performance:
 Duration: 125.27s
 TraCI-Duration: 51.13s
 Real time factor: 28.7386
 UPS: 88837.970096
Vehicles:
 Inserted: 5405
 Running: 341
 Waiting: 0
Statistics (avg of 5064):
 RouteLength: 2017.35
 Speed: 9.53
 Duration: 212.17
 WaitingTime: 28.02
 TimeLoss: 65.13
 DepartDelay: 0.06
  [409/650] moderado/PREEMPCAO_COMPENSADA/seed=32                ok        2m06s · restam ~1h18m57s
***Starting server on port 60510 ***
Loading net-file from 'C:\Users\User\Desktop\tcc-bloco8\sim\config\../rede/malha.net.xml' ... done (6ms).
Loading additional-files from 'C:\Users\User\Desktop\tcc-bloco8\sim\saida\multiplas_emergencias_PREEMPCAO_COMPENSADA_32\malha.det.add.xml' ... done (37ms).
Loading route-files incrementally from 'C:\Users\User\Desktop\tcc-bloco8\sim\demanda\veiculos.typ.xml'
Loading route-files incrementally from 'C:\Users\User\Desktop\tcc-bloco8\sim\saida\rotas\multiplas_emergencias_32.rou.xml'
Loading done.
Simulation version 1.27.1 started with time: 0.00.
Simulation ended at time: 3600.00.
Reason: TraCI requested termination.
Performance:
 Duration: 196.46s
 TraCI-Duration: 52.56s
 Real time factor: 18.3246
 UPS: 103073.349384
Vehicles:
 Inserted: 9210 (Loaded: 9211)
 Running: 578
 Waiting: 0
Statistics (avg of 8632):
 RouteLength: 2021.43
 Speed: 8.94
 Duration: 227.02
 WaitingTime: 27.43
 TimeLoss: 80.07
 DepartDelay: 0.09
  [410/650] intenso/PREEMPCAO/seed=32                            ok        3m17s · restam ~1h19m11s
***Starting server on port 63320 ***
Loading net-file from 'C:\Users\User\Desktop\tcc-bloco8\sim\config\../rede/malha.net.xml' ... done (6ms).
Loading additional-files from 'C:\Users\User\Desktop\tcc-bloco8\sim\saida\multiplas_emergencias_PREEMPCAO_ML_32\malha.det.add.xml' ... done (39ms).
Loading route-files incrementally from 'C:\Users\User\Desktop\tcc-bloco8\sim\demanda\veiculos.typ.xml'
Loading route-files incrementally from 'C:\Users\User\Desktop\tcc-bloco8\sim\saida\rotas\multiplas_emergencias_32.rou.xml'
Loading done.
Simulation version 1.27.1 started with time: 0.00.
Simulation ended at time: 3600.00.
Reason: TraCI requested termination.
Performance:
 Duration: 114.94s
 TraCI-Duration: 49.14s
 Real time factor: 31.3215
 UPS: 93035.758720
Vehicles:
 Inserted: 5411
 Running: 300
 Waiting: 0
Statistics (avg of 5111):
 RouteLength: 2023.30
 Speed: 9.97
 Duration: 203.60
 WaitingTime: 22.84
 TimeLoss: 56.45
 DepartDelay: 0.06
  [411/650] multiplas_emergencias/PREEMPCAO/seed=32              ok        1m56s · restam ~1h18m42s
***Starting server on port 54367 ***
Loading net-file from 'C:\Users\User\Desktop\tcc-bloco8\sim\config\../rede/malha.net.xml' ... done (7ms).
Loading additional-files from 'C:\Users\User\Desktop\tcc-bloco8\sim\saida\leve_FIXO_33\malha.det.add.xml' ... done (36ms).
Loading route-files incrementally from 'C:\Users\User\Desktop\tcc-bloco8\sim\demanda\veiculos.typ.xml'
Loading route-files incrementally from 'C:\Users\User\Desktop\tcc-bloco8\sim\saida\rotas\leve_33.rou.xml'
Loading done.
Simulation version 1.27.1 started with time: 0.00.
Simulation ended at time: 3600.00.
Reason: TraCI requested termination.
Performance:
 Duration: 129.37s
 TraCI-Duration: 48.80s
 Real time factor: 27.8278
 UPS: 95733.131324
Vehicles:
 Inserted: 5411
 Running: 379
 Waiting: 0
Statistics (avg of 5032):
 RouteLength: 2012.52
 Speed: 8.53
 Duration: 236.22
 WaitingTime: 41.61
 TimeLoss: 89.29
 DepartDelay: 0.06
  [412/650] multiplas_emergencias/FIXO/seed=32                   ok        2m10s · restam ~1h18m14s
***Starting server on port 54378 ***
Loading net-file from 'C:\Users\User\Desktop\tcc-bloco8\sim\config\../rede/malha.net.xml' ... done (7ms).
Loading additional-files from 'C:\Users\User\Desktop\tcc-bloco8\sim\saida\leve_PREEMPCAO_33\malha.det.add.xml' ... done (41ms).
Loading route-files incrementally from 'C:\Users\User\Desktop\tcc-bloco8\sim\demanda\veiculos.typ.xml'
Loading route-files incrementally from 'C:\Users\User\Desktop\tcc-bloco8\sim\saida\rotas\leve_33.rou.xml'
Loading done.
Simulation version 1.27.1 started with time: 0.00.
Simulation ended at time: 3600.00.
Reason: TraCI requested termination.
Performance:
 Duration: 214.26s
 TraCI-Duration: 51.72s
 Real time factor: 16.8019
 UPS: 103122.513558
Vehicles:
 Inserted: 9210 (Loaded: 9211)
 Running: 667
 Waiting: 0
Statistics (avg of 8543):
 RouteLength: 2013.80
 Speed: 8.10
 Duration: 247.99
 WaitingTime: 35.34
 TimeLoss: 101.20
 DepartDelay: 0.09
  [413/650] intenso/FIXO/seed=32                                 ok        3m35s · restam ~1h17m47s
***Starting server on port 54391 ***
Loading net-file from 'C:\Users\User\Desktop\tcc-bloco8\sim\config\../rede/malha.net.xml' ... done (7ms).
Loading additional-files from 'C:\Users\User\Desktop\tcc-bloco8\sim\saida\leve_PREEMPCAO_COMPENSADA_33\malha.det.add.xml' ... done (38ms).
Loading route-files incrementally from 'C:\Users\User\Desktop\tcc-bloco8\sim\demanda\veiculos.typ.xml'
Loading route-files incrementally from 'C:\Users\User\Desktop\tcc-bloco8\sim\saida\rotas\leve_33.rou.xml'
Loading done.
Simulation version 1.27.1 started with time: 0.00.
Simulation ended at time: 3600.00.
Reason: TraCI requested termination.
Performance:
 Duration: 112.54s
 TraCI-Duration: 48.97s
 Real time factor: 31.9878
 UPS: 97235.501097
Vehicles:
 Inserted: 5411
 Running: 331
 Waiting: 0
Statistics (avg of 5080):
 RouteLength: 2019.64
 Speed: 9.72
 Duration: 208.21
 WaitingTime: 25.87
 TimeLoss: 61.14
 DepartDelay: 0.06
  [414/650] multiplas_emergencias/PREEMPCAO_COMPENSADA/seed=32   ok        1m53s · restam ~1h17m27s
***Starting server on port 53857 ***
Loading net-file from 'C:\Users\User\Desktop\tcc-bloco8\sim\config\../rede/malha.net.xml' ... done (15ms).
Loading additional-files from 'C:\Users\User\Desktop\tcc-bloco8\sim\saida\moderado_FIXO_33\malha.det.add.xml' ... done (96ms).
Loading route-files incrementally from 'C:\Users\User\Desktop\tcc-bloco8\sim\demanda\veiculos.typ.xml'
Loading route-files incrementally from 'C:\Users\User\Desktop\tcc-bloco8\sim\saida\rotas\moderado_33.rou.xml'
Loading done.
Simulation version 1.27.1 started with time: 0.00.
Simulation ended at time: 3600.00.
Reason: TraCI requested termination.
Performance:
 Duration: 205.61s
 TraCI-Duration: 53.35s
 Real time factor: 17.5092
 UPS: 105322.840773
Vehicles:
 Inserted: 9210 (Loaded: 9211)
 Running: 632
 Waiting: 0
Statistics (avg of 8578):
 RouteLength: 2015.06
 Speed: 8.30
 Duration: 242.99
 WaitingTime: 34.81
 TimeLoss: 96.19
 DepartDelay: 0.09
  [415/650] intenso/PREEMPCAO_COMPENSADA/seed=32                 ok        3m26s · restam ~1h16m59s
***Starting server on port 53868 ***
Loading net-file from 'C:\Users\User\Desktop\tcc-bloco8\sim\config\../rede/malha.net.xml' ... done (13ms).
Loading additional-files from 'C:\Users\User\Desktop\tcc-bloco8\sim\saida\moderado_PREEMPCAO_33\malha.det.add.xml' ... done (83ms).
Loading route-files incrementally from 'C:\Users\User\Desktop\tcc-bloco8\sim\demanda\veiculos.typ.xml'
Loading route-files incrementally from 'C:\Users\User\Desktop\tcc-bloco8\sim\saida\rotas\moderado_33.rou.xml'
Loading done.
Simulation version 1.27.1 started with time: 0.00.
Simulation ended at time: 3600.00.
Reason: TraCI requested termination.
Performance:
 Duration: 67.55s
 TraCI-Duration: 44.03s
 Real time factor: 53.2946
 UPS: 62304.134776
Vehicles:
 Inserted: 2274
 Running: 130
 Waiting: 0
Statistics (avg of 2144):
 RouteLength: 2029.51
 Speed: 10.74
 Duration: 190.42
 WaitingTime: 23.52
 TimeLoss: 42.97
 DepartDelay: 0.05
  [416/650] leve/PREEMPCAO/seed=33                               ok        1m08s · restam ~1h16m49s
***Starting server on port 53921 ***
Loading net-file from 'C:\Users\User\Desktop\tcc-bloco8\sim\config\../rede/malha.net.xml' ... done (7ms).
Loading additional-files from 'C:\Users\User\Desktop\tcc-bloco8\sim\saida\moderado_PREEMPCAO_COMPENSADA_33\malha.det.add.xml' ... done (45ms).
Loading route-files incrementally from 'C:\Users\User\Desktop\tcc-bloco8\sim\demanda\veiculos.typ.xml'
Loading route-files incrementally from 'C:\Users\User\Desktop\tcc-bloco8\sim\saida\rotas\moderado_33.rou.xml'
Loading done.
Simulation version 1.27.1 started with time: 0.00.
Simulation ended at time: 3600.00.
Reason: TraCI requested termination.
Performance:
 Duration: 74.50s
 TraCI-Duration: 44.46s
 Real time factor: 48.3247
 UPS: 68412.746993
Vehicles:
 Inserted: 2274
 Running: 161
 Waiting: 0
Statistics (avg of 2113):
 RouteLength: 2017.95
 Speed: 8.77
 Duration: 231.17
 WaitingTime: 52.20
 TimeLoss: 83.91
 DepartDelay: 0.05
  [417/650] leve/FIXO/seed=33                                    ok        1m15s · restam ~1h16m19s
***Starting server on port 53928 ***
Loading net-file from 'C:\Users\User\Desktop\tcc-bloco8\sim\config\../rede/malha.net.xml' ... done (6ms).
Loading additional-files from 'C:\Users\User\Desktop\tcc-bloco8\sim\saida\intenso_FIXO_33\malha.det.add.xml' ... done (34ms).
Loading route-files incrementally from 'C:\Users\User\Desktop\tcc-bloco8\sim\demanda\veiculos.typ.xml'
Loading route-files incrementally from 'C:\Users\User\Desktop\tcc-bloco8\sim\saida\rotas\intenso_33.rou.xml'
Loading done.
Simulation version 1.27.1 started with time: 0.00.
Simulation ended at time: 3600.00.
Reason: TraCI requested termination.
Performance:
 Duration: 69.61s
 TraCI-Duration: 45.36s
 Real time factor: 51.7145
 UPS: 61376.467039
Vehicles:
 Inserted: 2274
 Running: 123
 Waiting: 0
Statistics (avg of 2151):
 RouteLength: 2029.62
 Speed: 10.56
 Duration: 193.42
 WaitingTime: 25.55
 TimeLoss: 45.97
 DepartDelay: 0.05
  [418/650] leve/PREEMPCAO_COMPENSADA/seed=33                    ok        1m10s · restam ~1h15m53s
***Starting server on port 57042 ***
Loading net-file from 'C:\Users\User\Desktop\tcc-bloco8\sim\config\../rede/malha.net.xml' ... done (13ms).
Loading additional-files from 'C:\Users\User\Desktop\tcc-bloco8\sim\saida\intenso_PREEMPCAO_33\malha.det.add.xml' ... done (69ms).
Loading route-files incrementally from 'C:\Users\User\Desktop\tcc-bloco8\sim\demanda\veiculos.typ.xml'
Loading route-files incrementally from 'C:\Users\User\Desktop\tcc-bloco8\sim\saida\rotas\intenso_33.rou.xml'
Loading done.
Simulation version 1.27.1 started with time: 0.00.
Simulation ended at time: 3600.00.
Reason: TraCI requested termination.
Performance:
 Duration: 108.44s
 TraCI-Duration: 48.02s
 Real time factor: 33.1978
 UPS: 99675.408748
Vehicles:
 Inserted: 5411
 Running: 319
 Waiting: 0
Statistics (avg of 5092):
 RouteLength: 2021.74
 Speed: 9.83
 Duration: 205.83
 WaitingTime: 24.52
 TimeLoss: 58.71
 DepartDelay: 0.06
  [419/650] multiplas_emergencias/PREEMPCAO_ML/seed=32           ok        1m49s · restam ~1h15m35s
***Starting server on port 52744 ***
Loading net-file from 'C:\Users\User\Desktop\tcc-bloco8\sim\config\../rede/malha.net.xml' ... done (8ms).
Loading additional-files from 'C:\Users\User\Desktop\tcc-bloco8\sim\saida\intenso_PREEMPCAO_COMPENSADA_33\malha.det.add.xml' ... done (53ms).
Loading route-files incrementally from 'C:\Users\User\Desktop\tcc-bloco8\sim\demanda\veiculos.typ.xml'
Loading route-files incrementally from 'C:\Users\User\Desktop\tcc-bloco8\sim\saida\rotas\intenso_33.rou.xml'
Loading done.
Simulation version 1.27.1 started with time: 0.00.
Simulation ended at time: 3600.00.
Reason: TraCI requested termination.
Performance:
 Duration: 105.84s
 TraCI-Duration: 46.87s
 Real time factor: 34.0133
 UPS: 99381.525118
Vehicles:
 Inserted: 5309
 Running: 300
 Waiting: 0
Statistics (avg of 5009):
 RouteLength: 2023.07
 Speed: 9.97
 Duration: 203.48
 WaitingTime: 23.30
 TimeLoss: 56.40
 DepartDelay: 0.06
  [420/650] moderado/PREEMPCAO/seed=33                           ok        1m46s · restam ~1h15m26s
***Starting server on port 51203 ***
Loading net-file from 'C:\Users\User\Desktop\tcc-bloco8\sim\config\../rede/malha.net.xml' ... done (7ms).
Loading additional-files from 'C:\Users\User\Desktop\tcc-bloco8\sim\saida\multiplas_emergencias_FIXO_33\malha.det.add.xml' ... done (39ms).
Loading route-files incrementally from 'C:\Users\User\Desktop\tcc-bloco8\sim\demanda\veiculos.typ.xml'
Loading route-files incrementally from 'C:\Users\User\Desktop\tcc-bloco8\sim\saida\rotas\multiplas_emergencias_33.rou.xml'
Loading done.
Simulation version 1.27.1 started with time: 0.00.
Simulation ended at time: 3600.00.
Reason: TraCI requested termination.
Performance:
 Duration: 118.73s
 TraCI-Duration: 47.06s
 Real time factor: 30.3219
 UPS: 102650.986305
Vehicles:
 Inserted: 5309
 Running: 339
 Waiting: 0
Statistics (avg of 4970):
 RouteLength: 2014.74
 Speed: 8.53
 Duration: 236.39
 WaitingTime: 41.79
 TimeLoss: 89.46
 DepartDelay: 0.06
  [421/650] moderado/FIXO/seed=33                                ok        1m59s · restam ~1h14m59s
***Starting server on port 55716 ***
Loading net-file from 'C:\Users\User\Desktop\tcc-bloco8\sim\config\../rede/malha.net.xml' ... done (7ms).
Loading additional-files from 'C:\Users\User\Desktop\tcc-bloco8\sim\saida\multiplas_emergencias_PREEMPCAO_33\malha.det.add.xml' ... done (46ms).
Loading route-files incrementally from 'C:\Users\User\Desktop\tcc-bloco8\sim\demanda\veiculos.typ.xml'
Loading route-files incrementally from 'C:\Users\User\Desktop\tcc-bloco8\sim\saida\rotas\multiplas_emergencias_33.rou.xml'
Loading done.
Simulation version 1.27.1 started with time: 0.00.
Simulation ended at time: 3600.00.
Reason: TraCI requested termination.
Performance:
 Duration: 107.69s
 TraCI-Duration: 47.12s
 Real time factor: 33.4284
 UPS: 99761.414391
Vehicles:
 Inserted: 5309
 Running: 300
 Waiting: 0
Statistics (avg of 5009):
 RouteLength: 2022.47
 Speed: 9.73
 Duration: 207.94
 WaitingTime: 25.66
 TimeLoss: 60.88
 DepartDelay: 0.06
  [422/650] moderado/PREEMPCAO_COMPENSADA/seed=33                ok        1m48s · restam ~1h14m46s
***Starting server on port 55760 ***
Loading net-file from 'C:\Users\User\Desktop\tcc-bloco8\sim\config\../rede/malha.net.xml' ... done (9ms).
Loading additional-files from 'C:\Users\User\Desktop\tcc-bloco8\sim\saida\multiplas_emergencias_PREEMPCAO_COMPENSADA_33\malha.det.add.xml' ... done (48ms).
Loading route-files incrementally from 'C:\Users\User\Desktop\tcc-bloco8\sim\demanda\veiculos.typ.xml'
Loading route-files incrementally from 'C:\Users\User\Desktop\tcc-bloco8\sim\saida\rotas\multiplas_emergencias_33.rou.xml'
Loading done.
Simulation version 1.27.1 started with time: 0.00.
Simulation ended at time: 3600.00.
Reason: TraCI requested termination.
Performance:
 Duration: 97.06s
 TraCI-Duration: 44.17s
 Real time factor: 37.0901
 UPS: 108322.982454
Vehicles:
 Inserted: 5315
 Running: 297
 Waiting: 0
Statistics (avg of 5018):
 RouteLength: 2023.12
 Speed: 9.98
 Duration: 203.14
 WaitingTime: 23.36
 TimeLoss: 56.07
 DepartDelay: 0.06
  [423/650] multiplas_emergencias/PREEMPCAO/seed=33              ok        1m38s · restam ~1h14m52s
***Starting server on port 55838 ***
Loading net-file from 'C:\Users\User\Desktop\tcc-bloco8\sim\config\../rede/malha.net.xml' ... done (10ms).
Loading additional-files from 'C:\Users\User\Desktop\tcc-bloco8\sim\saida\multiplas_emergencias_PREEMPCAO_ML_33\malha.det.add.xml' ... done (65ms).
Loading route-files incrementally from 'C:\Users\User\Desktop\tcc-bloco8\sim\demanda\veiculos.typ.xml'
Loading route-files incrementally from 'C:\Users\User\Desktop\tcc-bloco8\sim\saida\rotas\multiplas_emergencias_33.rou.xml'
Loading done.
Simulation version 1.27.1 started with time: 0.00.
Simulation ended at time: 3600.00.
Reason: TraCI requested termination.
Performance:
 Duration: 110.78s
 TraCI-Duration: 44.13s
 Real time factor: 32.4977
 UPS: 110167.850727
Vehicles:
 Inserted: 5315
 Running: 339
 Waiting: 0
Statistics (avg of 4976):
 RouteLength: 2015.32
 Speed: 8.53
 Duration: 236.44
 WaitingTime: 41.80
 TimeLoss: 89.52
 DepartDelay: 0.06
  [424/650] multiplas_emergencias/FIXO/seed=33                   ok        1m51s · restam ~1h14m25s
***Starting server on port 55852 ***
Loading net-file from 'C:\Users\User\Desktop\tcc-bloco8\sim\config\../rede/malha.net.xml' ... done (9ms).
Loading additional-files from 'C:\Users\User\Desktop\tcc-bloco8\sim\saida\leve_FIXO_34\malha.det.add.xml' ... done (45ms).
Loading route-files incrementally from 'C:\Users\User\Desktop\tcc-bloco8\sim\demanda\veiculos.typ.xml'
Loading route-files incrementally from 'C:\Users\User\Desktop\tcc-bloco8\sim\saida\rotas\leve_34.rou.xml'
Loading done.
Simulation version 1.27.1 started with time: 0.00.
Simulation ended at time: 3600.00.
Reason: TraCI requested termination.
Performance:
 Duration: 173.90s
 TraCI-Duration: 48.51s
 Real time factor: 20.7012
 UPS: 118361.799394
Vehicles:
 Inserted: 9153
 Running: 572
 Waiting: 0
Statistics (avg of 8581):
 RouteLength: 2018.37
 Speed: 8.68
 Duration: 232.15
 WaitingTime: 29.05
 TimeLoss: 84.98
 DepartDelay: 0.09
  [425/650] intenso/PREEMPCAO/seed=33                            ok        2m55s · restam ~1h13m56s
***Starting server on port 55858 ***
Loading net-file from 'C:\Users\User\Desktop\tcc-bloco8\sim\config\../rede/malha.net.xml' ... done (6ms).
Loading additional-files from 'C:\Users\User\Desktop\tcc-bloco8\sim\saida\leve_PREEMPCAO_34\malha.det.add.xml' ... done (54ms).
Loading route-files incrementally from 'C:\Users\User\Desktop\tcc-bloco8\sim\demanda\veiculos.typ.xml'
Loading route-files incrementally from 'C:\Users\User\Desktop\tcc-bloco8\sim\saida\rotas\leve_34.rou.xml'
Loading done.
Simulation version 1.27.1 started with time: 0.00.
Simulation ended at time: 3600.00.
Reason: TraCI requested termination.
Performance:
 Duration: 188.55s
 TraCI-Duration: 48.67s
 Real time factor: 19.0927
 UPS: 116397.843589
Vehicles:
 Inserted: 9153
 Running: 645
 Waiting: 0
Statistics (avg of 8508):
 RouteLength: 2013.69
 Speed: 8.10
 Duration: 247.73
 WaitingTime: 35.32
 TimeLoss: 100.69
 DepartDelay: 0.09
  [426/650] intenso/FIXO/seed=33                                 ok        3m09s · restam ~1h13m29s
***Starting server on port 55872 ***
Loading net-file from 'C:\Users\User\Desktop\tcc-bloco8\sim\config\../rede/malha.net.xml' ... done (9ms).
Loading additional-files from 'C:\Users\User\Desktop\tcc-bloco8\sim\saida\leve_PREEMPCAO_COMPENSADA_34\malha.det.add.xml' ... done (59ms).
Loading route-files incrementally from 'C:\Users\User\Desktop\tcc-bloco8\sim\demanda\veiculos.typ.xml'
Loading route-files incrementally from 'C:\Users\User\Desktop\tcc-bloco8\sim\saida\rotas\leve_34.rou.xml'
Loading done.
Simulation version 1.27.1 started with time: 0.00.
Simulation ended at time: 3600.00.
Reason: TraCI requested termination.
Performance:
 Duration: 183.62s
 TraCI-Duration: 50.12s
 Real time factor: 19.6061
 UPS: 116170.252048
Vehicles:
 Inserted: 9153
 Running: 593
 Waiting: 0
Statistics (avg of 8560):
 RouteLength: 2017.09
 Speed: 8.38
 Duration: 240.75
 WaitingTime: 33.81
 TimeLoss: 93.64
 DepartDelay: 0.09
  [427/650] intenso/PREEMPCAO_COMPENSADA/seed=33                 ok        3m04s · restam ~1h13m12s
***Starting server on port 63813 ***
Loading net-file from 'C:\Users\User\Desktop\tcc-bloco8\sim\config\../rede/malha.net.xml' ... done (12ms).
Loading additional-files from 'C:\Users\User\Desktop\tcc-bloco8\sim\saida\moderado_FIXO_34\malha.det.add.xml' ... done (69ms).
Loading route-files incrementally from 'C:\Users\User\Desktop\tcc-bloco8\sim\demanda\veiculos.typ.xml'
Loading route-files incrementally from 'C:\Users\User\Desktop\tcc-bloco8\sim\saida\rotas\moderado_34.rou.xml'
Loading done.
Simulation version 1.27.1 started with time: 0.00.
Simulation ended at time: 3600.00.
Reason: TraCI requested termination.
Performance:
 Duration: 111.24s
 TraCI-Duration: 48.68s
 Real time factor: 32.3622
 UPS: 96853.345439
Vehicles:
 Inserted: 5315
 Running: 293
 Waiting: 0
Statistics (avg of 5022):
 RouteLength: 2020.71
 Speed: 9.72
 Duration: 208.23
 WaitingTime: 26.35
 TimeLoss: 61.22
 DepartDelay: 0.06
  [428/650] multiplas_emergencias/PREEMPCAO_COMPENSADA/seed=33   ok        1m52s · restam ~1h12m45s
***Starting server on port 63825 ***
Loading net-file from 'C:\Users\User\Desktop\tcc-bloco8\sim\config\../rede/malha.net.xml' ... done (9ms).
Loading additional-files from 'C:\Users\User\Desktop\tcc-bloco8\sim\saida\moderado_PREEMPCAO_34\malha.det.add.xml' ... done (61ms).
Loading route-files incrementally from 'C:\Users\User\Desktop\tcc-bloco8\sim\demanda\veiculos.typ.xml'
Loading route-files incrementally from 'C:\Users\User\Desktop\tcc-bloco8\sim\saida\rotas\moderado_34.rou.xml'
Loading done.
Simulation version 1.27.1 started with time: 0.00.
Simulation ended at time: 3600.00.
Reason: TraCI requested termination.
Performance:
 Duration: 67.93s
 TraCI-Duration: 43.81s
 Real time factor: 52.9942
 UPS: 61930.975093
Vehicles:
 Inserted: 2290
 Running: 112
 Waiting: 0
Statistics (avg of 2178):
 RouteLength: 2006.87
 Speed: 10.70
 Duration: 188.68
 WaitingTime: 22.47
 TimeLoss: 41.23
 DepartDelay: 0.05
  [429/650] leve/PREEMPCAO/seed=34                               ok        1m08s · restam ~1h12m32s
***Starting server on port 62937 ***
Loading net-file from 'C:\Users\User\Desktop\tcc-bloco8\sim\config\../rede/malha.net.xml' ... done (8ms).
Loading additional-files from 'C:\Users\User\Desktop\tcc-bloco8\sim\saida\moderado_PREEMPCAO_COMPENSADA_34\malha.det.add.xml' ... done (59ms).
Loading route-files incrementally from 'C:\Users\User\Desktop\tcc-bloco8\sim\demanda\veiculos.typ.xml'
Loading route-files incrementally from 'C:\Users\User\Desktop\tcc-bloco8\sim\saida\rotas\moderado_34.rou.xml'
Loading done.
Simulation version 1.27.1 started with time: 0.00.
Simulation ended at time: 3600.00.
Reason: TraCI requested termination.
Performance:
 Duration: 72.63s
 TraCI-Duration: 43.25s
 Real time factor: 49.567
 UPS: 70092.924314
Vehicles:
 Inserted: 2290
 Running: 141
 Waiting: 0
Statistics (avg of 2149):
 RouteLength: 1997.49
 Speed: 8.78
 Duration: 228.81
 WaitingTime: 50.46
 TimeLoss: 81.57
 DepartDelay: 0.05
  [430/650] leve/FIXO/seed=34                                    ok        1m13s · restam ~1h12m03s
***Starting server on port 62946 ***
Loading net-file from 'C:\Users\User\Desktop\tcc-bloco8\sim\config\../rede/malha.net.xml' ... done (10ms).
Loading additional-files from 'C:\Users\User\Desktop\tcc-bloco8\sim\saida\intenso_FIXO_34\malha.det.add.xml' ... done (68ms).
Loading route-files incrementally from 'C:\Users\User\Desktop\tcc-bloco8\sim\demanda\veiculos.typ.xml'
Loading route-files incrementally from 'C:\Users\User\Desktop\tcc-bloco8\sim\saida\rotas\intenso_34.rou.xml'
Loading done.
Simulation version 1.27.1 started with time: 0.00.
Simulation ended at time: 3600.00.
Reason: TraCI requested termination.
Performance:
 Duration: 69.60s
 TraCI-Duration: 44.28s
 Real time factor: 51.7264
 UPS: 62872.882452
Vehicles:
 Inserted: 2290
 Running: 114
 Waiting: 0
Statistics (avg of 2176):
 RouteLength: 2007.80
 Speed: 10.27
 Duration: 196.44
 WaitingTime: 27.43
 TimeLoss: 48.96
 DepartDelay: 0.05
  [431/650] leve/PREEMPCAO_COMPENSADA/seed=34                    ok        1m10s · restam ~1h11m37s
***Starting server on port 57860 ***
Loading net-file from 'C:\Users\User\Desktop\tcc-bloco8\sim\config\../rede/malha.net.xml' ... done (6ms).
Loading additional-files from 'C:\Users\User\Desktop\tcc-bloco8\sim\saida\intenso_PREEMPCAO_34\malha.det.add.xml' ... done (45ms).
Loading route-files incrementally from 'C:\Users\User\Desktop\tcc-bloco8\sim\demanda\veiculos.typ.xml'
Loading route-files incrementally from 'C:\Users\User\Desktop\tcc-bloco8\sim\saida\rotas\intenso_34.rou.xml'
Loading done.
Simulation version 1.27.1 started with time: 0.00.
Simulation ended at time: 3600.00.
Reason: TraCI requested termination.
Performance:
 Duration: 101.73s
 TraCI-Duration: 45.56s
 Real time factor: 35.3892
 UPS: 103375.754478
Vehicles:
 Inserted: 5315
 Running: 291
 Waiting: 0
Statistics (avg of 5024):
 RouteLength: 2023.28
 Speed: 9.97
 Duration: 203.19
 WaitingTime: 23.20
 TimeLoss: 56.12
 DepartDelay: 0.06
  [432/650] multiplas_emergencias/PREEMPCAO_ML/seed=33           ok        1m42s · restam ~1h11m16s
***Starting server on port 57888 ***
Loading net-file from 'C:\Users\User\Desktop\tcc-bloco8\sim\config\../rede/malha.net.xml' ... done (8ms).
Loading additional-files from 'C:\Users\User\Desktop\tcc-bloco8\sim\saida\intenso_PREEMPCAO_COMPENSADA_34\malha.det.add.xml' ... done (53ms).
Loading route-files incrementally from 'C:\Users\User\Desktop\tcc-bloco8\sim\demanda\veiculos.typ.xml'
Loading route-files incrementally from 'C:\Users\User\Desktop\tcc-bloco8\sim\saida\rotas\intenso_34.rou.xml'
Loading done.
Simulation version 1.27.1 started with time: 0.00.
Simulation ended at time: 3600.00.
Reason: TraCI requested termination.
Performance:
 Duration: 91.66s
 TraCI-Duration: 41.27s
 Real time factor: 39.2777
 UPS: 116053.374066
Vehicles:
 Inserted: 5368
 Running: 293
 Waiting: 0
Statistics (avg of 5075):
 RouteLength: 2018.74
 Speed: 9.93
 Duration: 204.00
 WaitingTime: 23.85
 TimeLoss: 56.60
 DepartDelay: 0.06
  [433/650] moderado/PREEMPCAO/seed=34                           ok        1m32s · restam ~1h11m04s
***Starting server on port 57938 ***
Loading net-file from 'C:\Users\User\Desktop\tcc-bloco8\sim\config\../rede/malha.net.xml' ... done (6ms).
Loading additional-files from 'C:\Users\User\Desktop\tcc-bloco8\sim\saida\multiplas_emergencias_FIXO_34\malha.det.add.xml' ... done (41ms).
Loading route-files incrementally from 'C:\Users\User\Desktop\tcc-bloco8\sim\demanda\veiculos.typ.xml'
Loading route-files incrementally from 'C:\Users\User\Desktop\tcc-bloco8\sim\saida\rotas\multiplas_emergencias_34.rou.xml'
Loading done.
Simulation version 1.27.1 started with time: 0.00.
Simulation ended at time: 3600.00.
Reason: TraCI requested termination.
Performance:
 Duration: 105.02s
 TraCI-Duration: 42.34s
 Real time factor: 34.2802
 UPS: 116688.412352
Vehicles:
 Inserted: 5368
 Running: 394
 Waiting: 0
Statistics (avg of 4974):
 RouteLength: 2006.25
 Speed: 8.55
 Duration: 235.22
 WaitingTime: 41.28
 TimeLoss: 88.08
 DepartDelay: 0.07
  [434/650] moderado/FIXO/seed=34                                ok        1m46s · restam ~1h10m39s
***Starting server on port 57954 ***
Loading net-file from 'C:\Users\User\Desktop\tcc-bloco8\sim\config\../rede/malha.net.xml' ... done (6ms).
Loading additional-files from 'C:\Users\User\Desktop\tcc-bloco8\sim\saida\multiplas_emergencias_PREEMPCAO_34\malha.det.add.xml' ... done (41ms).
Loading route-files incrementally from 'C:\Users\User\Desktop\tcc-bloco8\sim\demanda\veiculos.typ.xml'
Loading route-files incrementally from 'C:\Users\User\Desktop\tcc-bloco8\sim\saida\rotas\multiplas_emergencias_34.rou.xml'
Loading done.
Simulation version 1.27.1 started with time: 0.00.
Simulation ended at time: 3600.00.
Reason: TraCI requested termination.
Performance:
 Duration: 99.35s
 TraCI-Duration: 44.11s
 Real time factor: 36.2366
 UPS: 109997.815737
Vehicles:
 Inserted: 5368
 Running: 313
 Waiting: 0
Statistics (avg of 5055):
 RouteLength: 2015.87
 Speed: 9.65
 Duration: 209.62
 WaitingTime: 26.58
 TimeLoss: 62.30
 DepartDelay: 0.06
  [435/650] moderado/PREEMPCAO_COMPENSADA/seed=34                ok        1m40s · restam ~1h10m25s
***Starting server on port 57999 ***
Loading net-file from 'C:\Users\User\Desktop\tcc-bloco8\sim\config\../rede/malha.net.xml' ... done (6ms).
Loading additional-files from 'C:\Users\User\Desktop\tcc-bloco8\sim\saida\multiplas_emergencias_PREEMPCAO_COMPENSADA_34\malha.det.add.xml' ... done (44ms).
Loading route-files incrementally from 'C:\Users\User\Desktop\tcc-bloco8\sim\demanda\veiculos.typ.xml'
Loading route-files incrementally from 'C:\Users\User\Desktop\tcc-bloco8\sim\saida\rotas\multiplas_emergencias_34.rou.xml'
Loading done.
Simulation version 1.27.1 started with time: 0.00.
Simulation ended at time: 3600.00.
Reason: TraCI requested termination.
Performance:
 Duration: 91.07s
 TraCI-Duration: 41.34s
 Real time factor: 39.5287
 UPS: 116678.916913
Vehicles:
 Inserted: 5374
 Running: 305
 Waiting: 0
Statistics (avg of 5069):
 RouteLength: 2018.77
 Speed: 9.95
 Duration: 203.51
 WaitingTime: 23.07
 TimeLoss: 56.14
 DepartDelay: 0.06
  [436/650] multiplas_emergencias/PREEMPCAO/seed=34              ok        1m32s · restam ~1h10m25s
***Starting server on port 58091 ***
Loading net-file from 'C:\Users\User\Desktop\tcc-bloco8\sim\config\../rede/malha.net.xml' ... done (12ms).
Loading additional-files from 'C:\Users\User\Desktop\tcc-bloco8\sim\saida\multiplas_emergencias_PREEMPCAO_ML_34\malha.det.add.xml' ... done (98ms).
Loading route-files incrementally from 'C:\Users\User\Desktop\tcc-bloco8\sim\demanda\veiculos.typ.xml'
Loading route-files incrementally from 'C:\Users\User\Desktop\tcc-bloco8\sim\saida\rotas\multiplas_emergencias_34.rou.xml'
Loading done.
Simulation version 1.27.1 started with time: 0.00.
Simulation ended at time: 3600.00.
Reason: TraCI requested termination.
Performance:
 Duration: 103.23s
 TraCI-Duration: 41.71s
 Real time factor: 34.8753
 UPS: 118940.256721
Vehicles:
 Inserted: 5374
 Running: 394
 Waiting: 0
Statistics (avg of 4980):
 RouteLength: 2006.84
 Speed: 8.54
 Duration: 235.41
 WaitingTime: 41.23
 TimeLoss: 88.28
 DepartDelay: 0.07
  [437/650] multiplas_emergencias/FIXO/seed=34                   ok        1m44s · restam ~1h09m58s
***Starting server on port 58131 ***
Loading net-file from 'C:\Users\User\Desktop\tcc-bloco8\sim\config\../rede/malha.net.xml' ... done (12ms).
Loading additional-files from 'C:\Users\User\Desktop\tcc-bloco8\sim\saida\leve_FIXO_35\malha.det.add.xml' ... done (70ms).
Loading route-files incrementally from 'C:\Users\User\Desktop\tcc-bloco8\sim\demanda\veiculos.typ.xml'
Loading route-files incrementally from 'C:\Users\User\Desktop\tcc-bloco8\sim\saida\rotas\leve_35.rou.xml'
Loading done.
Simulation version 1.27.1 started with time: 0.00.
Simulation ended at time: 3600.00.
Reason: TraCI requested termination.
Performance:
 Duration: 162.09s
 TraCI-Duration: 45.63s
 Real time factor: 22.2099
 UPS: 127637.164538
Vehicles:
 Inserted: 9181
 Running: 575
 Waiting: 0
Statistics (avg of 8606):
 RouteLength: 2023.04
 Speed: 8.67
 Duration: 233.24
 WaitingTime: 29.60
 TimeLoss: 85.83
 DepartDelay: 0.09
  [438/650] intenso/PREEMPCAO/seed=34                            ok        2m43s · restam ~1h09m32s
***Starting server on port 55652 ***
Loading net-file from 'C:\Users\User\Desktop\tcc-bloco8\sim\config\../rede/malha.net.xml' ... done (9ms).
Loading additional-files from 'C:\Users\User\Desktop\tcc-bloco8\sim\saida\leve_PREEMPCAO_35\malha.det.add.xml' ... done (56ms).
Loading route-files incrementally from 'C:\Users\User\Desktop\tcc-bloco8\sim\demanda\veiculos.typ.xml'
Loading route-files incrementally from 'C:\Users\User\Desktop\tcc-bloco8\sim\saida\rotas\leve_35.rou.xml'
Loading done.
Simulation version 1.27.1 started with time: 0.00.
Simulation ended at time: 3600.00.
Reason: TraCI requested termination.
Performance:
 Duration: 174.28s
 TraCI-Duration: 45.36s
 Real time factor: 20.657
 UPS: 126025.207287
Vehicles:
 Inserted: 9181
 Running: 665
 Waiting: 0
Statistics (avg of 8516):
 RouteLength: 2015.12
 Speed: 8.12
 Duration: 247.58
 WaitingTime: 34.90
 TimeLoss: 100.33
 DepartDelay: 0.09
  [439/650] intenso/FIXO/seed=34                                 ok        2m55s · restam ~1h09m06s
***Starting server on port 55666 ***
Loading net-file from 'C:\Users\User\Desktop\tcc-bloco8\sim\config\../rede/malha.net.xml' ... done (7ms).
Loading additional-files from 'C:\Users\User\Desktop\tcc-bloco8\sim\saida\leve_PREEMPCAO_COMPENSADA_35\malha.det.add.xml' ... done (42ms).
Loading route-files incrementally from 'C:\Users\User\Desktop\tcc-bloco8\sim\demanda\veiculos.typ.xml'
Loading route-files incrementally from 'C:\Users\User\Desktop\tcc-bloco8\sim\saida\rotas\leve_35.rou.xml'
Loading done.
Simulation version 1.27.1 started with time: 0.00.
Simulation ended at time: 3600.00.
Reason: TraCI requested termination.
Performance:
 Duration: 171.15s
 TraCI-Duration: 47.88s
 Real time factor: 21.0339
 UPS: 123452.732074
Vehicles:
 Inserted: 9181
 Running: 560
 Waiting: 0
Statistics (avg of 8621):
 RouteLength: 2021.08
 Speed: 8.48
 Duration: 238.33
 WaitingTime: 32.82
 TimeLoss: 90.96
 DepartDelay: 0.09
  [440/650] intenso/PREEMPCAO_COMPENSADA/seed=34                 ok        2m52s · restam ~1h08m46s
***Starting server on port 52660 ***
Loading net-file from 'C:\Users\User\Desktop\tcc-bloco8\sim\config\../rede/malha.net.xml' ... done (10ms).
Loading additional-files from 'C:\Users\User\Desktop\tcc-bloco8\sim\saida\moderado_FIXO_35\malha.det.add.xml' ... done (54ms).
Loading route-files incrementally from 'C:\Users\User\Desktop\tcc-bloco8\sim\demanda\veiculos.typ.xml'
Loading route-files incrementally from 'C:\Users\User\Desktop\tcc-bloco8\sim\saida\rotas\moderado_35.rou.xml'
Loading done.
Simulation version 1.27.1 started with time: 0.00.
Simulation ended at time: 3600.00.
Reason: TraCI requested termination.
Performance:
 Duration: 104.52s
 TraCI-Duration: 45.85s
 Real time factor: 34.4445
 UPS: 106295.897279
Vehicles:
 Inserted: 5374
 Running: 359
 Waiting: 0
Statistics (avg of 5015):
 RouteLength: 2013.04
 Speed: 9.49
 Duration: 212.71
 WaitingTime: 28.43
 TimeLoss: 65.45
 DepartDelay: 0.06
  [441/650] multiplas_emergencias/PREEMPCAO_COMPENSADA/seed=34   ok        1m45s · restam ~1h08m21s
***Starting server on port 52679 ***
Loading net-file from 'C:\Users\User\Desktop\tcc-bloco8\sim\config\../rede/malha.net.xml' ... done (15ms).
Loading additional-files from 'C:\Users\User\Desktop\tcc-bloco8\sim\saida\moderado_PREEMPCAO_35\malha.det.add.xml' ... done (72ms).
Loading route-files incrementally from 'C:\Users\User\Desktop\tcc-bloco8\sim\demanda\veiculos.typ.xml'
Loading route-files incrementally from 'C:\Users\User\Desktop\tcc-bloco8\sim\saida\rotas\moderado_35.rou.xml'
Loading done.
Simulation version 1.27.1 started with time: 0.00.
Simulation ended at time: 3600.00.
Reason: TraCI requested termination.
Performance:
 Duration: 92.96s
 TraCI-Duration: 46.88s
 Real time factor: 38.7276
 UPS: 47555.278247
Vehicles:
 Inserted: 2365
 Running: 114
 Waiting: 0
Statistics (avg of 2251):
 RouteLength: 2010.79
 Speed: 10.57
 Duration: 191.59
 WaitingTime: 23.65
 TimeLoss: 44.01
 DepartDelay: 0.05
  [442/650] leve/PREEMPCAO/seed=35                               ok        1m34s · restam ~1h08m20s
Simulation ended at time: 3600.00.
Reason: TraCI requested termination.
Performance:
 Duration: 100.56s
 TraCI-Duration: 48.04s
 Real time factor: 35.8013
 UPS: 52703.873502
Vehicles:
 Inserted: 2365
 Running: 160
 Waiting: 0
Statistics (avg of 2205):
 RouteLength: 1998.87
 Speed: 8.73
 Duration: 230.04
 WaitingTime: 50.58
 TimeLoss: 82.71
 DepartDelay: 0.05
***Starting server on port 59918 ***
  [443/650] leve/FIXO/seed=35                                    ok        1m41s · restam ~1h07m52s
Loading net-file from 'C:\Users\User\Desktop\tcc-bloco8\sim\config\../rede/malha.net.xml' ... done (14ms).
Loading additional-files from 'C:\Users\User\Desktop\tcc-bloco8\sim\saida\moderado_PREEMPCAO_COMPENSADA_35\malha.det.add.xml' ... done (56ms).
Loading route-files incrementally from 'C:\Users\User\Desktop\tcc-bloco8\sim\demanda\veiculos.typ.xml'
Loading route-files incrementally from 'C:\Users\User\Desktop\tcc-bloco8\sim\saida\rotas\moderado_35.rou.xml'
Loading done.
Simulation version 1.27.1 started with time: 0.00.
***Starting server on port 59923 ***
Loading net-file from 'C:\Users\User\Desktop\tcc-bloco8\sim\config\../rede/malha.net.xml' ... done (7ms).
Loading additional-files from 'C:\Users\User\Desktop\tcc-bloco8\sim\saida\intenso_FIXO_35\malha.det.add.xml' ... done (39ms).
Loading route-files incrementally from 'C:\Users\User\Desktop\tcc-bloco8\sim\demanda\veiculos.typ.xml'
Loading route-files incrementally from 'C:\Users\User\Desktop\tcc-bloco8\sim\saida\rotas\intenso_35.rou.xml'
Loading done.
Simulation version 1.27.1 started with time: 0.00.
Simulation ended at time: 3600.00.
Reason: TraCI requested termination.
Performance:
 Duration: 95.83s
 TraCI-Duration: 48.16s
 Real time factor: 37.5673
 UPS: 46468.599992
Vehicles:
 Inserted: 2365
 Running: 122
 Waiting: 0
Statistics (avg of 2243):
 RouteLength: 2010.84
 Speed: 10.49
 Duration: 192.92
 WaitingTime: 24.09
 TimeLoss: 45.32
 DepartDelay: 0.05
  [444/650] leve/PREEMPCAO_COMPENSADA/seed=35                    ok        1m36s · restam ~1h07m27s
***Starting server on port 58760 ***
Loading net-file from 'C:\Users\User\Desktop\tcc-bloco8\sim\config\../rede/malha.net.xml' ... done (9ms).
Loading additional-files from 'C:\Users\User\Desktop\tcc-bloco8\sim\saida\intenso_PREEMPCAO_35\malha.det.add.xml' ... done (42ms).
Loading route-files incrementally from 'C:\Users\User\Desktop\tcc-bloco8\sim\demanda\veiculos.typ.xml'
Loading route-files incrementally from 'C:\Users\User\Desktop\tcc-bloco8\sim\saida\rotas\intenso_35.rou.xml'
Loading done.
Simulation version 1.27.1 started with time: 0.00.
Simulation ended at time: 3600.00.
Reason: TraCI requested termination.
Performance:
 Duration: 141.01s
 TraCI-Duration: 51.66s
 Real time factor: 25.5294
 UPS: 77402.463585
Vehicles:
 Inserted: 5374
 Running: 299
 Waiting: 0
Statistics (avg of 5075):
 RouteLength: 2018.93
 Speed: 9.65
 Duration: 209.24
 WaitingTime: 25.69
 TimeLoss: 61.86
 DepartDelay: 0.06
  [445/650] multiplas_emergencias/PREEMPCAO_ML/seed=34           ok        2m22s · restam ~1h07m11s
***Starting server on port 50614 ***
Loading net-file from 'C:\Users\User\Desktop\tcc-bloco8\sim\config\../rede/malha.net.xml' ... done (8ms).
Loading additional-files from 'C:\Users\User\Desktop\tcc-bloco8\sim\saida\intenso_PREEMPCAO_COMPENSADA_35\malha.det.add.xml' ... done (53ms).
Loading route-files incrementally from 'C:\Users\User\Desktop\tcc-bloco8\sim\demanda\veiculos.typ.xml'
Loading route-files incrementally from 'C:\Users\User\Desktop\tcc-bloco8\sim\saida\rotas\intenso_35.rou.xml'
Loading done.
Simulation version 1.27.1 started with time: 0.00.
Simulation ended at time: 3600.00.
Reason: TraCI requested termination.
Performance:
 Duration: 131.88s
 TraCI-Duration: 48.79s
 Real time factor: 27.2971
 UPS: 81124.687220
Vehicles:
 Inserted: 5339
 Running: 315
 Waiting: 0
Statistics (avg of 5024):
 RouteLength: 2029.44
 Speed: 9.83
 Duration: 206.75
 WaitingTime: 24.59
 TimeLoss: 59.23
 DepartDelay: 0.06
  [446/650] moderado/PREEMPCAO/seed=35                           ok        2m13s · restam ~1h06m59s
***Starting server on port 64119 ***
Loading net-file from 'C:\Users\User\Desktop\tcc-bloco8\sim\config\../rede/malha.net.xml' ... done (7ms).
Loading additional-files from 'C:\Users\User\Desktop\tcc-bloco8\sim\saida\multiplas_emergencias_FIXO_35\malha.det.add.xml' ... done (40ms).
Loading route-files incrementally from 'C:\Users\User\Desktop\tcc-bloco8\sim\demanda\veiculos.typ.xml'
Loading route-files incrementally from 'C:\Users\User\Desktop\tcc-bloco8\sim\saida\rotas\multiplas_emergencias_35.rou.xml'
Loading done.
Simulation version 1.27.1 started with time: 0.00.
Simulation ended at time: 3600.00.
Reason: TraCI requested termination.
Performance:
 Duration: 145.72s
 TraCI-Duration: 48.87s
 Real time factor: 24.7053
 UPS: 84135.048518
Vehicles:
 Inserted: 5339
 Running: 385
 Waiting: 0
Statistics (avg of 4954):
 RouteLength: 2022.66
 Speed: 8.53
 Duration: 237.55
 WaitingTime: 42.22
 TimeLoss: 90.17
 DepartDelay: 0.06
  [447/650] moderado/FIXO/seed=35                                ok        2m26s · restam ~1h06m33s
***Starting server on port 64133 ***
Loading net-file from 'C:\Users\User\Desktop\tcc-bloco8\sim\config\../rede/malha.net.xml' ... done (9ms).
Loading additional-files from 'C:\Users\User\Desktop\tcc-bloco8\sim\saida\multiplas_emergencias_PREEMPCAO_35\malha.det.add.xml' ... done (51ms).
Loading route-files incrementally from 'C:\Users\User\Desktop\tcc-bloco8\sim\demanda\veiculos.typ.xml'
Loading route-files incrementally from 'C:\Users\User\Desktop\tcc-bloco8\sim\saida\rotas\multiplas_emergencias_35.rou.xml'
Loading done.
Simulation version 1.27.1 started with time: 0.00.
Simulation ended at time: 3600.00.
Reason: TraCI requested termination.
Performance:
 Duration: 120.73s
 TraCI-Duration: 52.22s
 Real time factor: 29.8186
 UPS: 89744.794169
Vehicles:
 Inserted: 5339
 Running: 327
 Waiting: 0
Statistics (avg of 5012):
 RouteLength: 2031.12
 Speed: 9.74
 Duration: 209.51
 WaitingTime: 26.20
 TimeLoss: 61.94
 DepartDelay: 0.06
  [448/650] moderado/PREEMPCAO_COMPENSADA/seed=35                ok        2m01s · restam ~1h06m24s
***Starting server on port 50412 ***
Loading net-file from 'C:\Users\User\Desktop\tcc-bloco8\sim\config\../rede/malha.net.xml' ... done (12ms).
Loading additional-files from 'C:\Users\User\Desktop\tcc-bloco8\sim\saida\multiplas_emergencias_PREEMPCAO_COMPENSADA_35\malha.det.add.xml' ... done (79ms).
Loading route-files incrementally from 'C:\Users\User\Desktop\tcc-bloco8\sim\demanda\veiculos.typ.xml'
Loading route-files incrementally from 'C:\Users\User\Desktop\tcc-bloco8\sim\saida\rotas\multiplas_emergencias_35.rou.xml'
Loading done.
Simulation version 1.27.1 started with time: 0.00.
Simulation ended at time: 3600.00.
Reason: TraCI requested termination.
Performance:
 Duration: 124.74s
 TraCI-Duration: 53.36s
 Real time factor: 28.8607
 UPS: 83860.458404
Vehicles:
 Inserted: 5345
 Running: 301
 Waiting: 0
Statistics (avg of 5044):
 RouteLength: 2031.88
 Speed: 10.09
 Duration: 201.79
 WaitingTime: 21.91
 TimeLoss: 54.23
 DepartDelay: 0.06
  [449/650] multiplas_emergencias/PREEMPCAO/seed=35              ok        2m05s · restam ~1h06m32s
***Starting server on port 62544 ***
Loading net-file from 'C:\Users\User\Desktop\tcc-bloco8\sim\config\../rede/malha.net.xml' ... done (6ms).
Loading additional-files from 'C:\Users\User\Desktop\tcc-bloco8\sim\saida\multiplas_emergencias_PREEMPCAO_ML_35\malha.det.add.xml' ... done (59ms).
Loading route-files incrementally from 'C:\Users\User\Desktop\tcc-bloco8\sim\demanda\veiculos.typ.xml'
Loading route-files incrementally from 'C:\Users\User\Desktop\tcc-bloco8\sim\saida\rotas\multiplas_emergencias_35.rou.xml'
Loading done.
Simulation version 1.27.1 started with time: 0.00.
Simulation ended at time: 3600.00.
Reason: TraCI requested termination.
Performance:
 Duration: 139.54s
 TraCI-Duration: 52.49s
 Real time factor: 25.7991
 UPS: 87976.035545
Vehicles:
 Inserted: 5345
 Running: 384
 Waiting: 0
Statistics (avg of 4961):
 RouteLength: 2023.13
 Speed: 8.53
 Duration: 237.57
 WaitingTime: 42.16
 TimeLoss: 90.21
 DepartDelay: 0.06
  [450/650] multiplas_emergencias/FIXO/seed=35                   ok        2m20s · restam ~1h06m08s
***Starting server on port 62560 ***
Loading net-file from 'C:\Users\User\Desktop\tcc-bloco8\sim\config\../rede/malha.net.xml' ... done (9ms).
Loading additional-files from 'C:\Users\User\Desktop\tcc-bloco8\sim\saida\leve_FIXO_36\malha.det.add.xml' ... done (60ms).
Loading route-files incrementally from 'C:\Users\User\Desktop\tcc-bloco8\sim\demanda\veiculos.typ.xml'
Loading route-files incrementally from 'C:\Users\User\Desktop\tcc-bloco8\sim\saida\rotas\leve_36.rou.xml'
Loading done.
Simulation version 1.27.1 started with time: 0.00.
Simulation ended at time: 3600.00.
Reason: TraCI requested termination.
Performance:
 Duration: 210.33s
 TraCI-Duration: 55.67s
 Real time factor: 17.116
 UPS: 98663.633338
Vehicles:
 Inserted: 9164 (Loaded: 9165)
 Running: 596
 Waiting: 0
Statistics (avg of 8568):
 RouteLength: 2020.36
 Speed: 8.59
 Duration: 234.37
 WaitingTime: 29.33
 TimeLoss: 86.94
 DepartDelay: 0.09
Simulation ended at time: 3600.00.
Reason: TraCI requested termination.
Performance:
 Duration: 219.38s
 TraCI-Duration: 53.66s
 Real time factor: 16.4096
 UPS: 99832.038800
Vehicles:
 Inserted: 9164 (Loaded: 9165)
 Running: 670
 Waiting: 0
Statistics (avg of 8494):
 RouteLength: 2015.99
 Speed: 8.12
 Duration: 247.59
 WaitingTime: 35.00
 TimeLoss: 100.26
 DepartDelay: 0.09
  [451/650] intenso/PREEMPCAO/seed=35                            ok        3m31s · restam ~1h05m42s
***Starting server on port 52328 ***
  [452/650] intenso/FIXO/seed=35                                 ok        3m40s · restam ~1h05m14s
***Starting server on port 52333 ***
Loading net-file from 'C:\Users\User\Desktop\tcc-bloco8\sim\config\../rede/malha.net.xml' ... done (11ms).
Loading additional-files from 'C:\Users\User\Desktop\tcc-bloco8\sim\saida\leve_PREEMPCAO_36\malha.det.add.xml' ... done (56ms).
Loading route-files incrementally from 'C:\Users\User\Desktop\tcc-bloco8\sim\demanda\veiculos.typ.xml'
Loading route-files incrementally from 'C:\Users\User\Desktop\tcc-bloco8\sim\saida\rotas\leve_36.rou.xml'
Loading done.
Simulation version 1.27.1 started with time: 0.00.
Loading net-file from 'C:\Users\User\Desktop\tcc-bloco8\sim\config\../rede/malha.net.xml' ... done (11ms).
Loading additional-files from 'C:\Users\User\Desktop\tcc-bloco8\sim\saida\leve_PREEMPCAO_COMPENSADA_36\malha.det.add.xml' ... done (61ms).
Loading route-files incrementally from 'C:\Users\User\Desktop\tcc-bloco8\sim\demanda\veiculos.typ.xml'
Loading route-files incrementally from 'C:\Users\User\Desktop\tcc-bloco8\sim\saida\rotas\leve_36.rou.xml'
Loading done.
Simulation version 1.27.1 started with time: 0.00.
Simulation ended at time: 3600.00.
Reason: TraCI requested termination.
Performance:
 Duration: 126.29s
 TraCI-Duration: 53.98s
 Real time factor: 28.5067
 UPS: 85425.771661
Vehicles:
 Inserted: 5345
 Running: 341
 Waiting: 0
Statistics (avg of 5004):
 RouteLength: 2028.38
 Speed: 9.77
 Duration: 208.23
 WaitingTime: 25.50
 TimeLoss: 60.76
 DepartDelay: 0.07
  [453/650] multiplas_emergencias/PREEMPCAO_COMPENSADA/seed=35   ok        2m07s · restam ~1h04m58s
***Starting server on port 52378 ***
Loading net-file from 'C:\Users\User\Desktop\tcc-bloco8\sim\config\../rede/malha.net.xml' ... done (11ms).
Loading additional-files from 'C:\Users\User\Desktop\tcc-bloco8\sim\saida\moderado_FIXO_36\malha.det.add.xml' ... done (96ms).
Loading route-files incrementally from 'C:\Users\User\Desktop\tcc-bloco8\sim\demanda\veiculos.typ.xml'
Loading route-files incrementally from 'C:\Users\User\Desktop\tcc-bloco8\sim\saida\rotas\moderado_36.rou.xml'
Loading done.
Simulation version 1.27.1 started with time: 0.00.
Simulation ended at time: 3600.00.
Reason: TraCI requested termination.
Performance:
 Duration: 221.52s
 TraCI-Duration: 57.59s
 Real time factor: 16.2516
 UPS: 96765.551924
Vehicles:
 Inserted: 9164 (Loaded: 9165)
 Running: 640
 Waiting: 0
Statistics (avg of 8524):
 RouteLength: 2020.49
 Speed: 8.32
 Duration: 242.40
 WaitingTime: 34.38
 TimeLoss: 94.98
 DepartDelay: 0.09
  [454/650] intenso/PREEMPCAO_COMPENSADA/seed=35                 ok        3m42s · restam ~1h04m34s
***Starting server on port 52396 ***
Loading net-file from 'C:\Users\User\Desktop\tcc-bloco8\sim\config\../rede/malha.net.xml' ... done (10ms).
Loading additional-files from 'C:\Users\User\Desktop\tcc-bloco8\sim\saida\moderado_PREEMPCAO_36\malha.det.add.xml' ... done (42ms).
Loading route-files incrementally from 'C:\Users\User\Desktop\tcc-bloco8\sim\demanda\veiculos.typ.xml'
Loading route-files incrementally from 'C:\Users\User\Desktop\tcc-bloco8\sim\saida\rotas\moderado_36.rou.xml'
Loading done.
Simulation version 1.27.1 started with time: 0.00.
Simulation ended at time: 3600.00.
Reason: TraCI requested termination.
Performance:
 Duration: 74.23s
 TraCI-Duration: 47.86s
 Real time factor: 48.4986
 UPS: 55568.012502
Vehicles:
 Inserted: 2237
 Running: 137
 Waiting: 0
Statistics (avg of 2100):
 RouteLength: 2016.40
 Speed: 10.68
 Duration: 189.67
 WaitingTime: 23.22
 TimeLoss: 42.48
 DepartDelay: 0.05
Simulation ended at time: 3600.00.
Reason: TraCI requested termination.
Performance:
 Duration: 81.91s
 TraCI-Duration: 47.92s
 Real time factor: 43.9523
 UPS: 61041.705837
Vehicles:
 Inserted: 2237
 Running: 163
 Waiting: 0
Statistics (avg of 2074):
 RouteLength: 2009.92
 Speed: 8.75
 Duration: 230.85
 WaitingTime: 51.86
 TimeLoss: 83.80
 DepartDelay: 0.05
  [455/650] leve/PREEMPCAO/seed=36                               ok        1m15s · restam ~1h04m21s
  [456/650] leve/FIXO/seed=36                                    ok        1m22s · restam ~1h03m53s
***Starting server on port 61749 ***
***Starting server on port 61752 ***
Loading net-file from 'C:\Users\User\Desktop\tcc-bloco8\sim\config\../rede/malha.net.xml' ... done (12ms).
Loading additional-files from 'C:\Users\User\Desktop\tcc-bloco8\sim\saida\moderado_PREEMPCAO_COMPENSADA_36\malha.det.add.xml' ...Loading net-file from 'C:\Users\User\Desktop\tcc-bloco8\sim\config\../rede/malha.net.xml' ... done (11ms).
 done (58ms).
Loading additional-files from 'C:\Users\User\Desktop\tcc-bloco8\sim\saida\intenso_FIXO_36\malha.det.add.xml' ...Loading route-files incrementally from 'C:\Users\User\Desktop\tcc-bloco8\sim\demanda\veiculos.typ.xml'
Loading route-files incrementally from 'C:\Users\User\Desktop\tcc-bloco8\sim\saida\rotas\moderado_36.rou.xml'
Loading done.
 done (59ms).
Simulation version 1.27.1 started with time: 0.00.
Loading route-files incrementally from 'C:\Users\User\Desktop\tcc-bloco8\sim\demanda\veiculos.typ.xml'
Loading route-files incrementally from 'C:\Users\User\Desktop\tcc-bloco8\sim\saida\rotas\intenso_36.rou.xml'
Loading done.
Simulation version 1.27.1 started with time: 0.00.
Simulation ended at time: 3600.00.
Reason: TraCI requested termination.
Performance:
 Duration: 76.68s
 TraCI-Duration: 48.57s
 Real time factor: 46.9514
 UPS: 54444.447343
Vehicles:
 Inserted: 2237
 Running: 133
 Waiting: 0
Statistics (avg of 2104):
 RouteLength: 2018.26
 Speed: 10.55
 Duration: 192.04
 WaitingTime: 24.85
 TimeLoss: 44.80
 DepartDelay: 0.05
  [457/650] leve/PREEMPCAO_COMPENSADA/seed=36                    ok        1m17s · restam ~1h03m26s
***Starting server on port 61760 ***
Loading net-file from 'C:\Users\User\Desktop\tcc-bloco8\sim\config\../rede/malha.net.xml' ... done (12ms).
Loading additional-files from 'C:\Users\User\Desktop\tcc-bloco8\sim\saida\intenso_PREEMPCAO_36\malha.det.add.xml' ... done (64ms).
Loading route-files incrementally from 'C:\Users\User\Desktop\tcc-bloco8\sim\demanda\veiculos.typ.xml'
Loading route-files incrementally from 'C:\Users\User\Desktop\tcc-bloco8\sim\saida\rotas\intenso_36.rou.xml'
Loading done.
Simulation version 1.27.1 started with time: 0.00.
Simulation ended at time: 3600.00.
Reason: TraCI requested termination.
Performance:
 Duration: 124.67s
 TraCI-Duration: 53.56s
 Real time factor: 28.8765
 UPS: 83722.761873
Vehicles:
 Inserted: 5345
 Running: 318
 Waiting: 0
Statistics (avg of 5027):
 RouteLength: 2030.51
 Speed: 10.12
 Duration: 201.30
 WaitingTime: 22.05
 TimeLoss: 53.77
 DepartDelay: 0.06
  [458/650] multiplas_emergencias/PREEMPCAO_ML/seed=35           ok        2m06s · restam ~1h03m11s
***Starting server on port 52610 ***
Loading net-file from 'C:\Users\User\Desktop\tcc-bloco8\sim\config\../rede/malha.net.xml' ... done (11ms).
Loading additional-files from 'C:\Users\User\Desktop\tcc-bloco8\sim\saida\intenso_PREEMPCAO_COMPENSADA_36\malha.det.add.xml' ... done (58ms).
Loading route-files incrementally from 'C:\Users\User\Desktop\tcc-bloco8\sim\demanda\veiculos.typ.xml'
Loading route-files incrementally from 'C:\Users\User\Desktop\tcc-bloco8\sim\saida\rotas\intenso_36.rou.xml'
Loading done.
Simulation version 1.27.1 started with time: 0.00.
Simulation ended at time: 3600.00.
Reason: TraCI requested termination.
Performance:
 Duration: 120.04s
 TraCI-Duration: 51.93s
 Real time factor: 29.9905
 UPS: 87073.185158
Vehicles:
 Inserted: 5368
 Running: 279
 Waiting: 0
Statistics (avg of 5089):
 RouteLength: 2004.34
 Speed: 10.08
 Duration: 199.96
 WaitingTime: 21.39
 TimeLoss: 52.89
 DepartDelay: 0.07
  [459/650] moderado/PREEMPCAO/seed=36                           ok        2m01s · restam ~1h03m04s
***Starting server on port 58048 ***
Loading net-file from 'C:\Users\User\Desktop\tcc-bloco8\sim\config\../rede/malha.net.xml' ... done (12ms).
Loading additional-files from 'C:\Users\User\Desktop\tcc-bloco8\sim\saida\multiplas_emergencias_FIXO_36\malha.det.add.xml' ... done (82ms).
Loading route-files incrementally from 'C:\Users\User\Desktop\tcc-bloco8\sim\demanda\veiculos.typ.xml'
Loading route-files incrementally from 'C:\Users\User\Desktop\tcc-bloco8\sim\saida\rotas\multiplas_emergencias_36.rou.xml'
Loading done.
Simulation version 1.27.1 started with time: 0.00.
Simulation ended at time: 3600.00.
Reason: TraCI requested termination.
Performance:
 Duration: 141.69s
 TraCI-Duration: 53.06s
 Real time factor: 25.4078
 UPS: 86338.304314
Vehicles:
 Inserted: 5368
 Running: 360
 Waiting: 0
Statistics (avg of 5008):
 RouteLength: 1995.81
 Speed: 8.51
 Duration: 234.63
 WaitingTime: 40.74
 TimeLoss: 87.76
 DepartDelay: 0.07
  [460/650] moderado/FIXO/seed=36                                ok        2m22s · restam ~1h02m41s
***Starting server on port 58066 ***
Loading net-file from 'C:\Users\User\Desktop\tcc-bloco8\sim\config\../rede/malha.net.xml' ... done (12ms).
Loading additional-files from 'C:\Users\User\Desktop\tcc-bloco8\sim\saida\multiplas_emergencias_PREEMPCAO_36\malha.det.add.xml' ... done (74ms).
Loading route-files incrementally from 'C:\Users\User\Desktop\tcc-bloco8\sim\demanda\veiculos.typ.xml'
Loading route-files incrementally from 'C:\Users\User\Desktop\tcc-bloco8\sim\saida\rotas\multiplas_emergencias_36.rou.xml'
Loading done.
Simulation version 1.27.1 started with time: 0.00.
Simulation ended at time: 3600.00.
Reason: TraCI requested termination.
Performance:
 Duration: 129.86s
 TraCI-Duration: 54.34s
 Real time factor: 27.7219
 UPS: 81988.295177
Vehicles:
 Inserted: 5368
 Running: 274
 Waiting: 0
Statistics (avg of 5094):
 RouteLength: 2003.65
 Speed: 9.89
 Duration: 203.76
 WaitingTime: 23.46
 TimeLoss: 56.71
 DepartDelay: 0.07
  [461/650] moderado/PREEMPCAO_COMPENSADA/seed=36                ok        2m11s · restam ~1h02m28s
***Starting server on port 58117 ***
Loading net-file from 'C:\Users\User\Desktop\tcc-bloco8\sim\config\../rede/malha.net.xml' ... done (11ms).
Loading additional-files from 'C:\Users\User\Desktop\tcc-bloco8\sim\saida\multiplas_emergencias_PREEMPCAO_COMPENSADA_36\malha.det.add.xml' ... done (60ms).
Loading route-files incrementally from 'C:\Users\User\Desktop\tcc-bloco8\sim\demanda\veiculos.typ.xml'
Loading route-files incrementally from 'C:\Users\User\Desktop\tcc-bloco8\sim\saida\rotas\multiplas_emergencias_36.rou.xml'
Loading done.
Simulation version 1.27.1 started with time: 0.00.
Simulation ended at time: 3600.00.
Reason: TraCI requested termination.
Performance:
 Duration: 112.76s
 TraCI-Duration: 48.11s
 Real time factor: 31.9268
 UPS: 94567.126058
Vehicles:
 Inserted: 5374
 Running: 306
 Waiting: 0
Statistics (avg of 5068):
 RouteLength: 2002.90
 Speed: 9.86
 Duration: 203.72
 WaitingTime: 23.51
 TimeLoss: 56.69
 DepartDelay: 0.07
  [462/650] multiplas_emergencias/PREEMPCAO/seed=36              ok        1m54s · restam ~1h02m32s
***Starting server on port 55262 ***
Loading net-file from 'C:\Users\User\Desktop\tcc-bloco8\sim\config\../rede/malha.net.xml' ... done (10ms).
Loading additional-files from 'C:\Users\User\Desktop\tcc-bloco8\sim\saida\multiplas_emergencias_PREEMPCAO_ML_36\malha.det.add.xml' ... done (53ms).
Loading route-files incrementally from 'C:\Users\User\Desktop\tcc-bloco8\sim\demanda\veiculos.typ.xml'
Loading route-files incrementally from 'C:\Users\User\Desktop\tcc-bloco8\sim\saida\rotas\multiplas_emergencias_36.rou.xml'
Loading done.
Simulation version 1.27.1 started with time: 0.00.
Simulation ended at time: 3600.00.
Reason: TraCI requested termination.
Performance:
 Duration: 126.47s
 TraCI-Duration: 48.39s
 Real time factor: 28.465
 UPS: 96855.263262
Vehicles:
 Inserted: 5374
 Running: 360
 Waiting: 0
Statistics (avg of 5014):
 RouteLength: 1996.41
 Speed: 8.51
 Duration: 234.67
 WaitingTime: 40.77
 TimeLoss: 87.81
 DepartDelay: 0.07
Simulation ended at time: 3600.00.
Reason: TraCI requested termination.
Performance:
 Duration: 209.21s
 TraCI-Duration: 54.32s
 Real time factor: 17.2073
 UPS: 99336.494386
Vehicles:
 Inserted: 9178
 Running: 578
 Waiting: 0
Statistics (avg of 8600):
 RouteLength: 2013.60
 Speed: 8.63
 Duration: 233.34
 WaitingTime: 29.70
 TimeLoss: 86.31
 DepartDelay: 0.10
  [463/650] multiplas_emergencias/FIXO/seed=36                   ok        2m07s · restam ~1h02m05s
  [464/650] intenso/PREEMPCAO/seed=36                            ok        3m30s · restam ~1h01m37s
***Starting server on port 55293 ***
***Starting server on port 55296 ***
Loading net-file from 'C:\Users\User\Desktop\tcc-bloco8\sim\config\../rede/malha.net.xml' ... done (13ms).
Loading additional-files from 'C:\Users\User\Desktop\tcc-bloco8\sim\saida\leve_FIXO_37\malha.det.add.xml' ... done (80ms).
Loading net-file from 'C:\Users\User\Desktop\tcc-bloco8\sim\config\../rede/malha.net.xml' ... done (11ms).
Loading additional-files from 'C:\Users\User\Desktop\tcc-bloco8\sim\saida\leve_PREEMPCAO_37\malha.det.add.xml' ...Loading route-files incrementally from 'C:\Users\User\Desktop\tcc-bloco8\sim\demanda\veiculos.typ.xml'
Loading route-files incrementally from 'C:\Users\User\Desktop\tcc-bloco8\sim\saida\rotas\leve_37.rou.xml'
Loading done.
Simulation version 1.27.1 started with time: 0.00.
 done (68ms).
Loading route-files incrementally from 'C:\Users\User\Desktop\tcc-bloco8\sim\demanda\veiculos.typ.xml'
Loading route-files incrementally from 'C:\Users\User\Desktop\tcc-bloco8\sim\saida\rotas\leve_37.rou.xml'
Loading done.
Simulation version 1.27.1 started with time: 0.00.
Simulation ended at time: 3600.00.
Reason: TraCI requested termination.
Performance:
 Duration: 224.15s
 TraCI-Duration: 53.91s
 Real time factor: 16.0606
 UPS: 98433.083056
Vehicles:
 Inserted: 9178
 Running: 642
 Waiting: 0
Statistics (avg of 8536):
 RouteLength: 2008.70
 Speed: 8.08
 Duration: 247.98
 WaitingTime: 35.17
 TimeLoss: 101.05
 DepartDelay: 0.10
  [465/650] intenso/FIXO/seed=36                                 ok        3m45s · restam ~1h01m14s
***Starting server on port 55322 ***
Loading net-file from 'C:\Users\User\Desktop\tcc-bloco8\sim\config\../rede/malha.net.xml' ... done (8ms).
Loading additional-files from 'C:\Users\User\Desktop\tcc-bloco8\sim\saida\leve_PREEMPCAO_COMPENSADA_37\malha.det.add.xml' ... done (60ms).
Loading route-files incrementally from 'C:\Users\User\Desktop\tcc-bloco8\sim\demanda\veiculos.typ.xml'
Loading route-files incrementally from 'C:\Users\User\Desktop\tcc-bloco8\sim\saida\rotas\leve_37.rou.xml'
Loading done.
Simulation version 1.27.1 started with time: 0.00.
Simulation ended at time: 3600.00.
Reason: TraCI requested termination.
Performance:
 Duration: 205.63s
 TraCI-Duration: 53.63s
 Real time factor: 17.5075
 UPS: 102611.381829
Vehicles:
 Inserted: 9178
 Running: 580
 Waiting: 0
Statistics (avg of 8598):
 RouteLength: 2013.72
 Speed: 8.48
 Duration: 237.12
 WaitingTime: 32.17
 TimeLoss: 90.08
 DepartDelay: 0.10
  [466/650] intenso/PREEMPCAO_COMPENSADA/seed=36                 ok        3m27s · restam ~1h00m53s
***Starting server on port 55348 ***
Loading net-file from 'C:\Users\User\Desktop\tcc-bloco8\sim\config\../rede/malha.net.xml' ... done (10ms).
Loading additional-files from 'C:\Users\User\Desktop\tcc-bloco8\sim\saida\moderado_FIXO_37\malha.det.add.xml' ... done (51ms).
Simulation ended at time: 3600.00.
Reason: TraCI requested termination.
Performance:
 Duration: 110.19s
 TraCI-Duration: 48.63s
 Real time factor: 32.6702
 UPS: 98167.162770
Vehicles:
 Inserted: 5374
 Running: 293
 Waiting: 0
Statistics (avg of 5081):
 RouteLength: 2003.17
 Speed: 9.72
 Duration: 206.85
 WaitingTime: 25.59
 TimeLoss: 59.81
 DepartDelay: 0.07
Loading route-files incrementally from 'C:\Users\User\Desktop\tcc-bloco8\sim\demanda\veiculos.typ.xml'
Loading route-files incrementally from 'C:\Users\User\Desktop\tcc-bloco8\sim\saida\rotas\moderado_37.rou.xml'
Loading done.
Simulation version 1.27.1 started with time: 0.00.
  [467/650] multiplas_emergencias/PREEMPCAO_COMPENSADA/seed=36   ok        1m51s · restam ~1h00m26s
***Starting server on port 55353 ***
Loading net-file from 'C:\Users\User\Desktop\tcc-bloco8\sim\config\../rede/malha.net.xml' ... done (10ms).
Loading additional-files from 'C:\Users\User\Desktop\tcc-bloco8\sim\saida\moderado_PREEMPCAO_37\malha.det.add.xml' ... done (53ms).
Loading route-files incrementally from 'C:\Users\User\Desktop\tcc-bloco8\sim\demanda\veiculos.typ.xml'
Loading route-files incrementally from 'C:\Users\User\Desktop\tcc-bloco8\sim\saida\rotas\moderado_37.rou.xml'
Loading done.
Simulation version 1.27.1 started with time: 0.00.
Simulation ended at time: 3600.00.
Reason: TraCI requested termination.
Performance:
 Duration: 64.39s
 TraCI-Duration: 42.23s
 Real time factor: 55.9076
 UPS: 66139.116660
Vehicles:
 Inserted: 2298
 Running: 133
 Waiting: 0
Statistics (avg of 2165):
 RouteLength: 2020.13
 Speed: 10.68
 Duration: 190.25
 WaitingTime: 22.64
 TimeLoss: 42.75
 DepartDelay: 0.05
  [468/650] leve/PREEMPCAO/seed=37                               ok        1m05s · restam ~1h00m12s
***Starting server on port 55405 ***
Loading net-file from 'C:\Users\User\Desktop\tcc-bloco8\sim\config\../rede/malha.net.xml' ... done (10ms).
Loading additional-files from 'C:\Users\User\Desktop\tcc-bloco8\sim\saida\moderado_PREEMPCAO_COMPENSADA_37\malha.det.add.xml' ... done (62ms).
Loading route-files incrementally from 'C:\Users\User\Desktop\tcc-bloco8\sim\demanda\veiculos.typ.xml'
Loading route-files incrementally from 'C:\Users\User\Desktop\tcc-bloco8\sim\saida\rotas\moderado_37.rou.xml'
Loading done.
Simulation version 1.27.1 started with time: 0.00.
Simulation ended at time: 3600.00.
Reason: TraCI requested termination.
Performance:
 Duration: 69.33s
 TraCI-Duration: 41.96s
 Real time factor: 51.9241
 UPS: 74232.259274
Vehicles:
 Inserted: 2298
 Running: 159
 Waiting: 0
Statistics (avg of 2139):
 RouteLength: 2010.15
 Speed: 8.76
 Duration: 230.57
 WaitingTime: 51.53
 TimeLoss: 83.29
 DepartDelay: 0.05
  [469/650] leve/FIXO/seed=37                                    ok        1m10s · restam ~59m46s
***Starting server on port 55415 ***
Loading net-file from 'C:\Users\User\Desktop\tcc-bloco8\sim\config\../rede/malha.net.xml' ... done (7ms).
Loading additional-files from 'C:\Users\User\Desktop\tcc-bloco8\sim\saida\intenso_FIXO_37\malha.det.add.xml' ... done (59ms).
Loading route-files incrementally from 'C:\Users\User\Desktop\tcc-bloco8\sim\demanda\veiculos.typ.xml'
Loading route-files incrementally from 'C:\Users\User\Desktop\tcc-bloco8\sim\saida\rotas\intenso_37.rou.xml'
Loading done.
Simulation version 1.27.1 started with time: 0.00.
Simulation ended at time: 3600.00.
Reason: TraCI requested termination.
Performance:
 Duration: 63.54s
 TraCI-Duration: 41.64s
 Real time factor: 56.6581
 UPS: 67755.787784
Vehicles:
 Inserted: 2298
 Running: 120
 Waiting: 0
Statistics (avg of 2178):
 RouteLength: 2021.12
 Speed: 10.59
 Duration: 192.51
 WaitingTime: 24.50
 TimeLoss: 44.97
 DepartDelay: 0.05
  [470/650] leve/PREEMPCAO_COMPENSADA/seed=37                    ok        1m04s · restam ~59m22s
***Starting server on port 55428 ***
Loading net-file from 'C:\Users\User\Desktop\tcc-bloco8\sim\config\../rede/malha.net.xml' ... done (10ms).
Loading additional-files from 'C:\Users\User\Desktop\tcc-bloco8\sim\saida\intenso_PREEMPCAO_37\malha.det.add.xml' ... done (48ms).
Loading route-files incrementally from 'C:\Users\User\Desktop\tcc-bloco8\sim\demanda\veiculos.typ.xml'
Loading route-files incrementally from 'C:\Users\User\Desktop\tcc-bloco8\sim\saida\rotas\intenso_37.rou.xml'
Loading done.
Simulation version 1.27.1 started with time: 0.00.
Simulation ended at time: 3600.00.
Reason: TraCI requested termination.
Performance:
 Duration: 97.41s
 TraCI-Duration: 44.56s
 Real time factor: 36.9568
 UPS: 110173.491700
Vehicles:
 Inserted: 5374
 Running: 304
 Waiting: 0
Statistics (avg of 5070):
 RouteLength: 2003.49
 Speed: 9.80
 Duration: 205.14
 WaitingTime: 24.00
 TimeLoss: 58.10
 DepartDelay: 0.07
  [471/650] multiplas_emergencias/PREEMPCAO_ML/seed=36           ok        1m38s · restam ~59m01s
***Starting server on port 55457 ***
Loading net-file from 'C:\Users\User\Desktop\tcc-bloco8\sim\config\../rede/malha.net.xml' ... done (11ms).
Loading additional-files from 'C:\Users\User\Desktop\tcc-bloco8\sim\saida\intenso_PREEMPCAO_COMPENSADA_37\malha.det.add.xml' ... done (54ms).
Loading route-files incrementally from 'C:\Users\User\Desktop\tcc-bloco8\sim\demanda\veiculos.typ.xml'
Loading route-files incrementally from 'C:\Users\User\Desktop\tcc-bloco8\sim\saida\rotas\intenso_37.rou.xml'
Loading done.
Simulation version 1.27.1 started with time: 0.00.
Simulation ended at time: 3600.00.
Reason: TraCI requested termination.
Performance:
 Duration: 90.39s
 TraCI-Duration: 41.89s
 Real time factor: 39.8257
 UPS: 115025.753922
Vehicles:
 Inserted: 5343
 Running: 332
 Waiting: 0
Statistics (avg of 5011):
 RouteLength: 2020.63
 Speed: 10.12
 Duration: 200.25
 WaitingTime: 21.77
 TimeLoss: 52.66
 DepartDelay: 0.06
  [472/650] moderado/PREEMPCAO/seed=37                           ok        1m31s · restam ~58m44s
***Starting server on port 50270 ***
Loading net-file from 'C:\Users\User\Desktop\tcc-bloco8\sim\config\../rede/malha.net.xml' ... done (7ms).
Loading additional-files from 'C:\Users\User\Desktop\tcc-bloco8\sim\saida\multiplas_emergencias_FIXO_37\malha.det.add.xml' ... done (59ms).
Loading route-files incrementally from 'C:\Users\User\Desktop\tcc-bloco8\sim\demanda\veiculos.typ.xml'
Loading route-files incrementally from 'C:\Users\User\Desktop\tcc-bloco8\sim\saida\rotas\multiplas_emergencias_37.rou.xml'
Loading done.
Simulation version 1.27.1 started with time: 0.00.
Simulation ended at time: 3600.00.
Reason: TraCI requested termination.
Performance:
 Duration: 102.51s
 TraCI-Duration: 41.99s
 Real time factor: 35.1175
 UPS: 119496.649205
Vehicles:
 Inserted: 5343
 Running: 387
 Waiting: 0
Statistics (avg of 4956):
 RouteLength: 2013.35
 Speed: 8.52
 Duration: 236.62
 WaitingTime: 41.61
 TimeLoss: 89.21
 DepartDelay: 0.06
  [473/650] moderado/FIXO/seed=37                                ok        1m43s · restam ~58m21s
***Starting server on port 61411 ***
Loading net-file from 'C:\Users\User\Desktop\tcc-bloco8\sim\config\../rede/malha.net.xml' ... done (11ms).
Loading additional-files from 'C:\Users\User\Desktop\tcc-bloco8\sim\saida\multiplas_emergencias_PREEMPCAO_37\malha.det.add.xml' ... done (52ms).
Loading route-files incrementally from 'C:\Users\User\Desktop\tcc-bloco8\sim\demanda\veiculos.typ.xml'
Loading route-files incrementally from 'C:\Users\User\Desktop\tcc-bloco8\sim\saida\rotas\multiplas_emergencias_37.rou.xml'
Loading done.
Simulation version 1.27.1 started with time: 0.00.
Simulation ended at time: 3600.00.
Reason: TraCI requested termination.
Performance:
 Duration: 100.95s
 TraCI-Duration: 45.38s
 Real time factor: 35.6616
 UPS: 105487.008291
Vehicles:
 Inserted: 5343
 Running: 341
 Waiting: 0
Statistics (avg of 5002):
 RouteLength: 2020.18
 Speed: 9.90
 Duration: 205.16
 WaitingTime: 24.36
 TimeLoss: 57.61
 DepartDelay: 0.06
  [474/650] moderado/PREEMPCAO_COMPENSADA/seed=37                ok        1m42s · restam ~58m07s
***Starting server on port 57695 ***
Loading net-file from 'C:\Users\User\Desktop\tcc-bloco8\sim\config\../rede/malha.net.xml' ... done (7ms).
Loading additional-files from 'C:\Users\User\Desktop\tcc-bloco8\sim\saida\multiplas_emergencias_PREEMPCAO_COMPENSADA_37\malha.det.add.xml' ... done (71ms).
Loading route-files incrementally from 'C:\Users\User\Desktop\tcc-bloco8\sim\demanda\veiculos.typ.xml'
Loading route-files incrementally from 'C:\Users\User\Desktop\tcc-bloco8\sim\saida\rotas\multiplas_emergencias_37.rou.xml'
Loading done.
Simulation version 1.27.1 started with time: 0.00.
Simulation ended at time: 3600.00.
Reason: TraCI requested termination.
Performance:
 Duration: 117.01s
 TraCI-Duration: 50.53s
 Real time factor: 30.7679
 UPS: 90937.327465
Vehicles:
 Inserted: 5349
 Running: 311
 Waiting: 0
Statistics (avg of 5038):
 RouteLength: 2021.58
 Speed: 9.88
 Duration: 204.80
 WaitingTime: 23.28
 TimeLoss: 57.23
 DepartDelay: 0.06
  [475/650] multiplas_emergencias/PREEMPCAO/seed=37              ok        1m58s · restam ~58m10s
Simulation ended at time: 3600.00.
Reason: TraCI requested termination.
Performance:
 Duration: 128.51s
 TraCI-Duration: 49.61s
 Real time factor: 28.0134
 UPS: 95467.341063
Vehicles:
 Inserted: 5349
 Running: 387
 Waiting: 0
Statistics (avg of 4962):
 RouteLength: 2013.93
 Speed: 8.52
 Duration: 236.71
 WaitingTime: 41.63
 TimeLoss: 89.31
 DepartDelay: 0.06
***Starting server on port 52434 ***
  [476/650] multiplas_emergencias/FIXO/seed=37                   ok        2m09s · restam ~57m43s
Loading net-file from 'C:\Users\User\Desktop\tcc-bloco8\sim\config\../rede/malha.net.xml' ... done (9ms).
Loading additional-files from 'C:\Users\User\Desktop\tcc-bloco8\sim\saida\multiplas_emergencias_PREEMPCAO_ML_37\malha.det.add.xml' ... done (49ms).
***Starting server on port 63259 ***
Loading route-files incrementally from 'C:\Users\User\Desktop\tcc-bloco8\sim\demanda\veiculos.typ.xml'
Loading route-files incrementally from 'C:\Users\User\Desktop\tcc-bloco8\sim\saida\rotas\multiplas_emergencias_37.rou.xml'
Loading done.
Simulation version 1.27.1 started with time: 0.00.
Loading net-file from 'C:\Users\User\Desktop\tcc-bloco8\sim\config\../rede/malha.net.xml' ... done (11ms).
Loading additional-files from 'C:\Users\User\Desktop\tcc-bloco8\sim\saida\leve_FIXO_38\malha.det.add.xml' ... done (49ms).
Loading route-files incrementally from 'C:\Users\User\Desktop\tcc-bloco8\sim\demanda\veiculos.typ.xml'
Loading route-files incrementally from 'C:\Users\User\Desktop\tcc-bloco8\sim\saida\rotas\leve_38.rou.xml'
Loading done.
Simulation version 1.27.1 started with time: 0.00.
Simulation ended at time: 3600.00.
Reason: TraCI requested termination.
Performance:
 Duration: 179.20s
 TraCI-Duration: 50.30s
 Real time factor: 20.0888
 UPS: 112783.459075
Vehicles:
 Inserted: 9047
 Running: 629
 Waiting: 0
Statistics (avg of 8418):
 RouteLength: 2022.81
 Speed: 8.76
 Duration: 230.75
 WaitingTime: 28.86
 TimeLoss: 83.18
 DepartDelay: 0.10
  [477/650] intenso/PREEMPCAO/seed=37                            ok        3m00s · restam ~57m18s
***Starting server on port 63271 ***
Loading net-file from 'C:\Users\User\Desktop\tcc-bloco8\sim\config\../rede/malha.net.xml' ... done (12ms).
Loading additional-files from 'C:\Users\User\Desktop\tcc-bloco8\sim\saida\leve_PREEMPCAO_38\malha.det.add.xml' ... done (44ms).
Loading route-files incrementally from 'C:\Users\User\Desktop\tcc-bloco8\sim\demanda\veiculos.typ.xml'
Loading route-files incrementally from 'C:\Users\User\Desktop\tcc-bloco8\sim\saida\rotas\leve_38.rou.xml'
Loading done.
Simulation version 1.27.1 started with time: 0.00.
Simulation ended at time: 3600.00.
Reason: TraCI requested termination.
Performance:
 Duration: 191.83s
 TraCI-Duration: 49.63s
 Real time factor: 18.7666
 UPS: 112626.351457
Vehicles:
 Inserted: 9047
 Running: 694
 Waiting: 0
Statistics (avg of 8353):
 RouteLength: 2017.58
 Speed: 8.15
 Duration: 247.03
 WaitingTime: 35.22
 TimeLoss: 99.56
 DepartDelay: 0.10
  [478/650] intenso/FIXO/seed=37                                 ok        3m12s · restam ~56m53s
***Starting server on port 63283 ***
Loading net-file from 'C:\Users\User\Desktop\tcc-bloco8\sim\config\../rede/malha.net.xml' ... done (6ms).
Loading additional-files from 'C:\Users\User\Desktop\tcc-bloco8\sim\saida\leve_PREEMPCAO_COMPENSADA_38\malha.det.add.xml' ... done (37ms).
Loading route-files incrementally from 'C:\Users\User\Desktop\tcc-bloco8\sim\demanda\veiculos.typ.xml'
Loading route-files incrementally from 'C:\Users\User\Desktop\tcc-bloco8\sim\saida\rotas\leve_38.rou.xml'
Loading done.
Simulation version 1.27.1 started with time: 0.00.
Simulation ended at time: 3600.00.
Reason: TraCI requested termination.
Performance:
 Duration: 116.56s
 TraCI-Duration: 51.58s
 Real time factor: 30.8867
 UPS: 90960.327742
Vehicles:
 Inserted: 5349
 Running: 346
 Waiting: 0
Statistics (avg of 5003):
 RouteLength: 2018.67
 Speed: 9.95
 Duration: 203.86
 WaitingTime: 23.93
 TimeLoss: 56.33
 DepartDelay: 0.06
  [479/650] multiplas_emergencias/PREEMPCAO_COMPENSADA/seed=37   ok        1m57s · restam ~56m34s
***Starting server on port 54220 ***
Loading net-file from 'C:\Users\User\Desktop\tcc-bloco8\sim\config\../rede/malha.net.xml' ... done (6ms).
Loading additional-files from 'C:\Users\User\Desktop\tcc-bloco8\sim\saida\moderado_FIXO_38\malha.det.add.xml' ... done (45ms).
Loading route-files incrementally from 'C:\Users\User\Desktop\tcc-bloco8\sim\demanda\veiculos.typ.xml'
Loading route-files incrementally from 'C:\Users\User\Desktop\tcc-bloco8\sim\saida\rotas\moderado_38.rou.xml'
Loading done.
Simulation version 1.27.1 started with time: 0.00.
Simulation ended at time: 3600.00.
Reason: TraCI requested termination.
Performance:
 Duration: 197.35s
 TraCI-Duration: 53.43s
 Real time factor: 18.2413
 UPS: 107639.100297
Vehicles:
 Inserted: 9047
 Running: 686
 Waiting: 0
Statistics (avg of 8361):
 RouteLength: 2018.15
 Speed: 8.31
 Duration: 242.66
 WaitingTime: 34.99
 TimeLoss: 95.19
 DepartDelay: 0.10
  [480/650] intenso/PREEMPCAO_COMPENSADA/seed=37                 ok        3m18s · restam ~56m10s
***Starting server on port 54238 ***
Loading net-file from 'C:\Users\User\Desktop\tcc-bloco8\sim\config\../rede/malha.net.xml' ... done (7ms).
Loading additional-files from 'C:\Users\User\Desktop\tcc-bloco8\sim\saida\moderado_PREEMPCAO_38\malha.det.add.xml' ... done (37ms).
Loading route-files incrementally from 'C:\Users\User\Desktop\tcc-bloco8\sim\demanda\veiculos.typ.xml'
Loading route-files incrementally from 'C:\Users\User\Desktop\tcc-bloco8\sim\saida\rotas\moderado_38.rou.xml'
Loading done.
Simulation version 1.27.1 started with time: 0.00.
Warning: Vehicle 'A2_OESTE_carro_0099' performs emergency braking on lane 'A2_O1_0' with decel=9.00, wished=4.50, severity=1.00, time=712.90.
Simulation ended at time: 3600.00.
Reason: TraCI requested termination.
Performance:
 Duration: 76.81s
 TraCI-Duration: 46.08s
 Real time factor: 46.8695
 UPS: 64307.607181
Vehicles:
 Inserted: 2216
 Running: 151
 Waiting: 0
Statistics (avg of 2065):
 RouteLength: 2012.21
 Speed: 8.82
 Duration: 229.54
 WaitingTime: 52.37
 TimeLoss: 82.59
 DepartDelay: 0.05
Simulation ended at time: 3600.00.
Reason: TraCI requested termination.
Performance:
 Duration: 71.00s
 TraCI-Duration: 46.44s
 Real time factor: 50.7021
 UPS: 57677.971353
Vehicles:
 Inserted: 2216
 Running: 121
 Waiting: 0
Statistics (avg of 2095):
 RouteLength: 2023.89
 Speed: 10.73
 Duration: 189.90
 WaitingTime: 23.89
 TimeLoss: 42.68
 DepartDelay: 0.05
  [481/650] leve/FIXO/seed=38                                    ok        1m18s · restam ~55m56s
  [482/650] leve/PREEMPCAO/seed=38                               ok        1m12s · restam ~55m29s
***Starting server on port 64977 ***
***Starting server on port 64980 ***
Loading net-file from 'C:\Users\User\Desktop\tcc-bloco8\sim\config\../rede/malha.net.xml' ... done (11ms).
Loading additional-files from 'C:\Users\User\Desktop\tcc-bloco8\sim\saida\moderado_PREEMPCAO_COMPENSADA_38\malha.det.add.xml' ...Loading net-file from 'C:\Users\User\Desktop\tcc-bloco8\sim\config\../rede/malha.net.xml' ... done (12ms).
 done (69ms).
Loading additional-files from 'C:\Users\User\Desktop\tcc-bloco8\sim\saida\intenso_FIXO_38\malha.det.add.xml' ...Loading route-files incrementally from 'C:\Users\User\Desktop\tcc-bloco8\sim\demanda\veiculos.typ.xml'
Loading route-files incrementally from 'C:\Users\User\Desktop\tcc-bloco8\sim\saida\rotas\moderado_38.rou.xml'
Loading done.
 done (65ms).
Simulation version 1.27.1 started with time: 0.00.
Loading route-files incrementally from 'C:\Users\User\Desktop\tcc-bloco8\sim\demanda\veiculos.typ.xml'
Loading route-files incrementally from 'C:\Users\User\Desktop\tcc-bloco8\sim\saida\rotas\intenso_38.rou.xml'
Loading done.
Simulation version 1.27.1 started with time: 0.00.
Simulation ended at time: 3600.00.
Reason: TraCI requested termination.
Performance:
 Duration: 72.91s
 TraCI-Duration: 47.29s
 Real time factor: 49.3759
 UPS: 57665.039089
Vehicles:
 Inserted: 2216
 Running: 121
 Waiting: 0
Statistics (avg of 2095):
 RouteLength: 2021.51
 Speed: 10.42
 Duration: 195.05
 WaitingTime: 27.55
 TimeLoss: 47.91
 DepartDelay: 0.05
  [483/650] leve/PREEMPCAO_COMPENSADA/seed=38                    ok        1m14s · restam ~55m05s
***Starting server on port 64994 ***
Loading net-file from 'C:\Users\User\Desktop\tcc-bloco8\sim\config\../rede/malha.net.xml' ... done (6ms).
Loading additional-files from 'C:\Users\User\Desktop\tcc-bloco8\sim\saida\intenso_PREEMPCAO_38\malha.det.add.xml' ... done (42ms).
Loading route-files incrementally from 'C:\Users\User\Desktop\tcc-bloco8\sim\demanda\veiculos.typ.xml'
Loading route-files incrementally from 'C:\Users\User\Desktop\tcc-bloco8\sim\saida\rotas\intenso_38.rou.xml'
Loading done.
Simulation version 1.27.1 started with time: 0.00.
Simulation ended at time: 3600.00.
Reason: TraCI requested termination.
Performance:
 Duration: 109.83s
 TraCI-Duration: 48.57s
 Real time factor: 32.777
 UPS: 96947.747945
Vehicles:
 Inserted: 5349
 Running: 328
 Waiting: 0
Statistics (avg of 5021):
 RouteLength: 2018.39
 Speed: 9.87
 Duration: 204.80
 WaitingTime: 24.89
 TimeLoss: 57.28
 DepartDelay: 0.06
  [484/650] multiplas_emergencias/PREEMPCAO_ML/seed=37           ok        1m51s · restam ~54m47s
***Starting server on port 65030 ***
Loading net-file from 'C:\Users\User\Desktop\tcc-bloco8\sim\config\../rede/malha.net.xml' ... done (7ms).
Loading additional-files from 'C:\Users\User\Desktop\tcc-bloco8\sim\saida\intenso_PREEMPCAO_COMPENSADA_38\malha.det.add.xml' ... done (41ms).
Loading route-files incrementally from 'C:\Users\User\Desktop\tcc-bloco8\sim\demanda\veiculos.typ.xml'
Loading route-files incrementally from 'C:\Users\User\Desktop\tcc-bloco8\sim\saida\rotas\intenso_38.rou.xml'
Loading done.
Simulation version 1.27.1 started with time: 0.00.
Warning: Vehicle 'A1_LESTE_carro_0230' performs emergency braking on lane 'A1_L0_0' with decel=9.00, wished=4.50, severity=1.00, time=719.30.
Simulation ended at time: 3600.00.
Reason: TraCI requested termination.
Performance:
 Duration: 102.61s
 TraCI-Duration: 46.94s
 Real time factor: 35.086
 UPS: 100775.819892
Vehicles:
 Inserted: 5282
 Running: 262
 Waiting: 0
 Emergency Braking: 1
Statistics (avg of 5020):
 RouteLength: 2012.17
 Speed: 10.04
 Duration: 201.08
 WaitingTime: 21.94
 TimeLoss: 53.89
 DepartDelay: 0.07
  [485/650] moderado/PREEMPCAO/seed=38                           ok        1m43s · restam ~54m33s
***Starting server on port 52692 ***
Loading net-file from 'C:\Users\User\Desktop\tcc-bloco8\sim\config\../rede/malha.net.xml' ... done (8ms).
Loading additional-files from 'C:\Users\User\Desktop\tcc-bloco8\sim\saida\multiplas_emergencias_FIXO_38\malha.det.add.xml' ... done (47ms).
Loading route-files incrementally from 'C:\Users\User\Desktop\tcc-bloco8\sim\demanda\veiculos.typ.xml'
Loading route-files incrementally from 'C:\Users\User\Desktop\tcc-bloco8\sim\saida\rotas\multiplas_emergencias_38.rou.xml'
Loading done.
Simulation version 1.27.1 started with time: 0.00.
Simulation ended at time: 3600.00.
Reason: TraCI requested termination.
Performance:
 Duration: 116.82s
 TraCI-Duration: 47.09s
 Real time factor: 30.8161
 UPS: 103509.715636
Vehicles:
 Inserted: 5282
 Running: 330
 Waiting: 0
Statistics (avg of 4952):
 RouteLength: 2002.51
 Speed: 8.51
 Duration: 235.59
 WaitingTime: 41.07
 TimeLoss: 88.60
 DepartDelay: 0.07
  [486/650] moderado/FIXO/seed=38                                ok        1m57s · restam ~54m08s
***Starting server on port 54634 ***
Loading net-file from 'C:\Users\User\Desktop\tcc-bloco8\sim\config\../rede/malha.net.xml' ... done (11ms).
Loading additional-files from 'C:\Users\User\Desktop\tcc-bloco8\sim\saida\multiplas_emergencias_PREEMPCAO_38\malha.det.add.xml' ... done (38ms).
Loading route-files incrementally from 'C:\Users\User\Desktop\tcc-bloco8\sim\demanda\veiculos.typ.xml'
Loading route-files incrementally from 'C:\Users\User\Desktop\tcc-bloco8\sim\saida\rotas\multiplas_emergencias_38.rou.xml'
Loading done.
Simulation version 1.27.1 started with time: 0.00.
Simulation ended at time: 3600.00.
Reason: TraCI requested termination.
Performance:
 Duration: 106.75s
 TraCI-Duration: 48.21s
 Real time factor: 33.7246
 UPS: 98447.169475
Vehicles:
 Inserted: 5282
 Running: 267
 Waiting: 0
Statistics (avg of 5015):
 RouteLength: 2011.09
 Speed: 9.86
 Duration: 204.45
 WaitingTime: 24.46
 TimeLoss: 57.28
 DepartDelay: 0.07
  [487/650] moderado/PREEMPCAO_COMPENSADA/seed=38                ok        1m47s · restam ~53m53s
***Starting server on port 56319 ***
Loading net-file from 'C:\Users\User\Desktop\tcc-bloco8\sim\config\../rede/malha.net.xml' ... done (11ms).
Loading additional-files from 'C:\Users\User\Desktop\tcc-bloco8\sim\saida\multiplas_emergencias_PREEMPCAO_COMPENSADA_38\malha.det.add.xml' ... done (55ms).
Loading route-files incrementally from 'C:\Users\User\Desktop\tcc-bloco8\sim\demanda\veiculos.typ.xml'
Loading route-files incrementally from 'C:\Users\User\Desktop\tcc-bloco8\sim\saida\rotas\multiplas_emergencias_38.rou.xml'
Loading done.
Simulation version 1.27.1 started with time: 0.00.
Simulation ended at time: 3600.00.
Reason: TraCI requested termination.
Performance:
 Duration: 112.09s
 TraCI-Duration: 49.23s
 Real time factor: 32.1162
 UPS: 93659.907398
Vehicles:
 Inserted: 5288
 Running: 258
 Waiting: 0
Statistics (avg of 5030):
 RouteLength: 2012.33
 Speed: 9.89
 Duration: 203.96
 WaitingTime: 23.66
 TimeLoss: 56.78
 DepartDelay: 0.07
  [488/650] multiplas_emergencias/PREEMPCAO/seed=38              ok        1m53s · restam ~53m53s
***Starting server on port 52121 ***
Loading net-file from 'C:\Users\User\Desktop\tcc-bloco8\sim\config\../rede/malha.net.xml' ... done (8ms).
Loading additional-files from 'C:\Users\User\Desktop\tcc-bloco8\sim\saida\multiplas_emergencias_PREEMPCAO_ML_38\malha.det.add.xml' ... done (49ms).
Loading route-files incrementally from 'C:\Users\User\Desktop\tcc-bloco8\sim\demanda\veiculos.typ.xml'
Loading route-files incrementally from 'C:\Users\User\Desktop\tcc-bloco8\sim\saida\rotas\multiplas_emergencias_38.rou.xml'
Loading done.
Simulation version 1.27.1 started with time: 0.00.
Simulation ended at time: 3600.00.
Reason: TraCI requested termination.
Performance:
 Duration: 125.88s
 TraCI-Duration: 49.39s
 Real time factor: 28.598
 UPS: 96205.420907
Vehicles:
 Inserted: 5288
 Running: 330
 Waiting: 0
Statistics (avg of 4958):
 RouteLength: 2003.11
 Speed: 8.51
 Duration: 235.67
 WaitingTime: 41.05
 TimeLoss: 88.69
 DepartDelay: 0.07
  [489/650] multiplas_emergencias/FIXO/seed=38                   ok        2m07s · restam ~53m29s
***Starting server on port 52135 ***
Simulation ended at time: 3600.00.
Reason: TraCI requested termination.
Performance:
 Duration: 194.87s
 TraCI-Duration: 50.63s
 Real time factor: 18.4739
 UPS: 111024.036661
Vehicles:
 Inserted: 9037
 Running: 672
 Waiting: 0
 Emergency Braking: 1
Statistics (avg of 8365):
 RouteLength: 2015.01
 Speed: 8.11
 Duration: 247.87
 WaitingTime: 35.30
 TimeLoss: 100.44
 DepartDelay: 0.09
Loading net-file from 'C:\Users\User\Desktop\tcc-bloco8\sim\config\../rede/malha.net.xml' ... done (9ms).
Loading additional-files from 'C:\Users\User\Desktop\tcc-bloco8\sim\saida\leve_FIXO_39\malha.det.add.xml' ... done (57ms).
Loading route-files incrementally from 'C:\Users\User\Desktop\tcc-bloco8\sim\demanda\veiculos.typ.xml'
Loading route-files incrementally from 'C:\Users\User\Desktop\tcc-bloco8\sim\saida\rotas\leve_39.rou.xml'
Loading done.
Simulation version 1.27.1 started with time: 0.00.
  [490/650] intenso/FIXO/seed=38                                 ok        3m16s · restam ~53m03s
***Starting server on port 52141 ***
Loading net-file from 'C:\Users\User\Desktop\tcc-bloco8\sim\config\../rede/malha.net.xml' ... done (7ms).
Loading additional-files from 'C:\Users\User\Desktop\tcc-bloco8\sim\saida\leve_PREEMPCAO_39\malha.det.add.xml' ... done (48ms).
Loading route-files incrementally from 'C:\Users\User\Desktop\tcc-bloco8\sim\demanda\veiculos.typ.xml'
Loading route-files incrementally from 'C:\Users\User\Desktop\tcc-bloco8\sim\saida\rotas\leve_39.rou.xml'
Loading done.
Simulation version 1.27.1 started with time: 0.00.
Simulation ended at time: 3600.00.
Reason: TraCI requested termination.
Performance:
 Duration: 189.90s
 TraCI-Duration: 51.56s
 Real time factor: 18.9573
 UPS: 108750.858346
Vehicles:
 Inserted: 9037
 Running: 584
 Waiting: 0
Statistics (avg of 8453):
 RouteLength: 2019.66
 Speed: 8.58
 Duration: 236.44
 WaitingTime: 30.30
 TimeLoss: 88.89
 DepartDelay: 0.09
  [491/650] intenso/PREEMPCAO/seed=38                            ok        3m11s · restam ~52m38s
***Starting server on port 65063 ***
Loading net-file from 'C:\Users\User\Desktop\tcc-bloco8\sim\config\../rede/malha.net.xml' ... done (7ms).
Loading additional-files from 'C:\Users\User\Desktop\tcc-bloco8\sim\saida\leve_PREEMPCAO_COMPENSADA_39\malha.det.add.xml' ... done (44ms).
Loading route-files incrementally from 'C:\Users\User\Desktop\tcc-bloco8\sim\demanda\veiculos.typ.xml'
Loading route-files incrementally from 'C:\Users\User\Desktop\tcc-bloco8\sim\saida\rotas\leve_39.rou.xml'
Loading done.
Simulation version 1.27.1 started with time: 0.00.
Simulation ended at time: 3600.00.
Reason: TraCI requested termination.
Performance:
 Duration: 125.27s
 TraCI-Duration: 53.76s
 Real time factor: 28.7386
 UPS: 85870.588423
Vehicles:
 Inserted: 5288
 Running: 256
 Waiting: 0
Statistics (avg of 5032):
 RouteLength: 2011.53
 Speed: 9.63
 Duration: 209.05
 WaitingTime: 26.72
 TimeLoss: 61.91
 DepartDelay: 0.07
  [492/650] multiplas_emergencias/PREEMPCAO_COMPENSADA/seed=38   ok        2m06s · restam ~52m23s
***Starting server on port 55056 ***
Loading net-file from 'C:\Users\User\Desktop\tcc-bloco8\sim\config\../rede/malha.net.xml' ... done (8ms).
Loading additional-files from 'C:\Users\User\Desktop\tcc-bloco8\sim\saida\moderado_FIXO_39\malha.det.add.xml' ... done (55ms).
Loading route-files incrementally from 'C:\Users\User\Desktop\tcc-bloco8\sim\demanda\veiculos.typ.xml'
Loading route-files incrementally from 'C:\Users\User\Desktop\tcc-bloco8\sim\saida\rotas\moderado_39.rou.xml'
Loading done.
Simulation version 1.27.1 started with time: 0.00.
Simulation ended at time: 3600.00.
Reason: TraCI requested termination.
Performance:
 Duration: 204.44s
 TraCI-Duration: 55.23s
 Real time factor: 17.6094
 UPS: 102926.490442
Vehicles:
 Inserted: 9037
 Running: 631
 Waiting: 0
Statistics (avg of 8406):
 RouteLength: 2019.02
 Speed: 8.42
 Duration: 240.98
 WaitingTime: 33.54
 TimeLoss: 93.46
 DepartDelay: 0.09
  [493/650] intenso/PREEMPCAO_COMPENSADA/seed=38                 ok        3m25s · restam ~51m58s
***Starting server on port 55065 ***
Loading net-file from 'C:\Users\User\Desktop\tcc-bloco8\sim\config\../rede/malha.net.xml' ... done (7ms).
Loading additional-files from 'C:\Users\User\Desktop\tcc-bloco8\sim\saida\moderado_PREEMPCAO_39\malha.det.add.xml' ... done (41ms).
Loading route-files incrementally from 'C:\Users\User\Desktop\tcc-bloco8\sim\demanda\veiculos.typ.xml'
Loading route-files incrementally from 'C:\Users\User\Desktop\tcc-bloco8\sim\saida\rotas\moderado_39.rou.xml'
Loading done.
Simulation version 1.27.1 started with time: 0.00.
Simulation ended at time: 3600.00.
Reason: TraCI requested termination.
Performance:
 Duration: 85.98s
 TraCI-Duration: 52.28s
 Real time factor: 41.8683
 UPS: 52709.318013
Vehicles:
 Inserted: 2388
 Running: 100
 Waiting: 0
Statistics (avg of 2288):
 RouteLength: 2022.96
 Speed: 10.48
 Duration: 194.46
 WaitingTime: 25.55
 TimeLoss: 47.03
 DepartDelay: 0.05
  [494/650] leve/PREEMPCAO/seed=39                               ok        1m27s · restam ~51m46s
***Starting server on port 62059 ***
Loading net-file from 'C:\Users\User\Desktop\tcc-bloco8\sim\config\../rede/malha.net.xml' ... done (7ms).
Loading additional-files from 'C:\Users\User\Desktop\tcc-bloco8\sim\saida\moderado_PREEMPCAO_COMPENSADA_39\malha.det.add.xml' ... done (39ms).
Loading route-files incrementally from 'C:\Users\User\Desktop\tcc-bloco8\sim\demanda\veiculos.typ.xml'
Loading route-files incrementally from 'C:\Users\User\Desktop\tcc-bloco8\sim\saida\rotas\moderado_39.rou.xml'
Loading done.
Simulation version 1.27.1 started with time: 0.00.
Simulation ended at time: 3600.00.
Reason: TraCI requested termination.
Performance:
 Duration: 87.23s
 TraCI-Duration: 53.55s
 Real time factor: 41.2726
 UPS: 51907.434795
Vehicles:
 Inserted: 2388
 Running: 96
 Waiting: 0
Statistics (avg of 2292):
 RouteLength: 2022.47
 Speed: 10.45
 Duration: 194.24
 WaitingTime: 25.70
 TimeLoss: 46.84
 DepartDelay: 0.05
  [495/650] leve/PREEMPCAO_COMPENSADA/seed=39                    ok        1m28s · restam ~51m21s
***Starting server on port 62068 ***
Loading net-file from 'C:\Users\User\Desktop\tcc-bloco8\sim\config\../rede/malha.net.xml' ... done (7ms).
Loading additional-files from 'C:\Users\User\Desktop\tcc-bloco8\sim\saida\intenso_FIXO_39\malha.det.add.xml' ... done (45ms).
Loading route-files incrementally from 'C:\Users\User\Desktop\tcc-bloco8\sim\demanda\veiculos.typ.xml'
Loading route-files incrementally from 'C:\Users\User\Desktop\tcc-bloco8\sim\saida\rotas\intenso_39.rou.xml'
Loading done.
Simulation version 1.27.1 started with time: 0.00.
Simulation ended at time: 3600.00.
Reason: TraCI requested termination.
Performance:
 Duration: 93.16s
 TraCI-Duration: 52.27s
 Real time factor: 38.6449
 UPS: 57484.220018
Vehicles:
 Inserted: 2388
 Running: 131
 Waiting: 0
Statistics (avg of 2257):
 RouteLength: 2012.92
 Speed: 8.80
 Duration: 230.00
 WaitingTime: 51.12
 TimeLoss: 82.77
 DepartDelay: 0.05
  [496/650] leve/FIXO/seed=39                                    ok        1m34s · restam ~50m55s
***Starting server on port 62075 ***
Loading net-file from 'C:\Users\User\Desktop\tcc-bloco8\sim\config\../rede/malha.net.xml' ... done (6ms).
Loading additional-files from 'C:\Users\User\Desktop\tcc-bloco8\sim\saida\intenso_PREEMPCAO_39\malha.det.add.xml' ... done (46ms).
Loading route-files incrementally from 'C:\Users\User\Desktop\tcc-bloco8\sim\demanda\veiculos.typ.xml'
Loading route-files incrementally from 'C:\Users\User\Desktop\tcc-bloco8\sim\saida\rotas\intenso_39.rou.xml'
Loading done.
Simulation version 1.27.1 started with time: 0.00.
Simulation ended at time: 3600.00.
Reason: TraCI requested termination.
Performance:
 Duration: 132.09s
 TraCI-Duration: 56.78s
 Real time factor: 27.2548
 UPS: 78192.986441
Vehicles:
 Inserted: 5288
 Running: 265
 Waiting: 0
Statistics (avg of 5023):
 RouteLength: 2012.66
 Speed: 10.06
 Duration: 200.56
 WaitingTime: 22.37
 TimeLoss: 53.41
 DepartDelay: 0.07
  [497/650] multiplas_emergencias/PREEMPCAO_ML/seed=38           ok        2m13s · restam ~50m39s
***Starting server on port 62120 ***
Loading net-file from 'C:\Users\User\Desktop\tcc-bloco8\sim\config\../rede/malha.net.xml' ... done (13ms).
Loading additional-files from 'C:\Users\User\Desktop\tcc-bloco8\sim\saida\intenso_PREEMPCAO_COMPENSADA_39\malha.det.add.xml' ... done (75ms).
Loading route-files incrementally from 'C:\Users\User\Desktop\tcc-bloco8\sim\demanda\veiculos.typ.xml'
Loading route-files incrementally from 'C:\Users\User\Desktop\tcc-bloco8\sim\saida\rotas\intenso_39.rou.xml'
Loading done.
Simulation version 1.27.1 started with time: 0.00.
Simulation ended at time: 3600.00.
Reason: TraCI requested termination.
Performance:
 Duration: 126.14s
 TraCI-Duration: 52.44s
 Real time factor: 28.5404
 UPS: 85572.631345
Vehicles:
 Inserted: 5431
 Running: 331
 Waiting: 0
Statistics (avg of 5100):
 RouteLength: 2035.37
 Speed: 9.94
 Duration: 205.05
 WaitingTime: 24.07
 TimeLoss: 57.66
 DepartDelay: 0.06
  [498/650] moderado/PREEMPCAO/seed=39                           ok        2m07s · restam ~50m27s
***Starting server on port 52809 ***
Loading net-file from 'C:\Users\User\Desktop\tcc-bloco8\sim\config\../rede/malha.net.xml' ... done (8ms).
Loading additional-files from 'C:\Users\User\Desktop\tcc-bloco8\sim\saida\multiplas_emergencias_FIXO_39\malha.det.add.xml' ... done (38ms).
Loading route-files incrementally from 'C:\Users\User\Desktop\tcc-bloco8\sim\demanda\veiculos.typ.xml'
Loading route-files incrementally from 'C:\Users\User\Desktop\tcc-bloco8\sim\saida\rotas\multiplas_emergencias_39.rou.xml'
Loading done.
Simulation version 1.27.1 started with time: 0.00.
Simulation ended at time: 3600.00.
Reason: TraCI requested termination.
Performance:
 Duration: 140.67s
 TraCI-Duration: 52.34s
 Real time factor: 25.5918
 UPS: 88812.930973
Vehicles:
 Inserted: 5431
 Running: 405
 Waiting: 0
Statistics (avg of 5026):
 RouteLength: 2028.21
 Speed: 8.53
 Duration: 238.08
 WaitingTime: 42.30
 TimeLoss: 90.86
 DepartDelay: 0.06
  [499/650] moderado/FIXO/seed=39                                ok        2m21s · restam ~50m04s
***Starting server on port 53773 ***
Loading net-file from 'C:\Users\User\Desktop\tcc-bloco8\sim\config\../rede/malha.net.xml' ... done (7ms).
Loading additional-files from 'C:\Users\User\Desktop\tcc-bloco8\sim\saida\multiplas_emergencias_PREEMPCAO_39\malha.det.add.xml' ... done (41ms).
Loading route-files incrementally from 'C:\Users\User\Desktop\tcc-bloco8\sim\demanda\veiculos.typ.xml'
Loading route-files incrementally from 'C:\Users\User\Desktop\tcc-bloco8\sim\saida\rotas\multiplas_emergencias_39.rou.xml'
Loading done.
Simulation version 1.27.1 started with time: 0.00.
Simulation ended at time: 3600.00.
Reason: TraCI requested termination.
Performance:
 Duration: 120.41s
 TraCI-Duration: 51.80s
 Real time factor: 29.8976
 UPS: 88390.936044
Vehicles:
 Inserted: 5431
 Running: 338
 Waiting: 0
Statistics (avg of 5093):
 RouteLength: 2035.33
 Speed: 10.10
 Duration: 202.05
 WaitingTime: 22.56
 TimeLoss: 54.66
 DepartDelay: 0.06
  [500/650] moderado/PREEMPCAO_COMPENSADA/seed=39                ok        2m01s · restam ~49m47s
***Starting server on port 62894 ***
Loading net-file from 'C:\Users\User\Desktop\tcc-bloco8\sim\config\../rede/malha.net.xml' ... done (11ms).
Loading additional-files from 'C:\Users\User\Desktop\tcc-bloco8\sim\saida\multiplas_emergencias_PREEMPCAO_COMPENSADA_39\malha.det.add.xml' ... done (71ms).
Loading route-files incrementally from 'C:\Users\User\Desktop\tcc-bloco8\sim\demanda\veiculos.typ.xml'
Loading route-files incrementally from 'C:\Users\User\Desktop\tcc-bloco8\sim\saida\rotas\multiplas_emergencias_39.rou.xml'
Loading done.
Simulation version 1.27.1 started with time: 0.00.
Simulation ended at time: 3600.00.
Reason: TraCI requested termination.
Performance:
 Duration: 211.68s
 TraCI-Duration: 56.25s
 Real time factor: 17.0071
 UPS: 97849.203500
Vehicles:
 Inserted: 9199
 Running: 518
 Waiting: 0
Statistics (avg of 8681):
 RouteLength: 2030.90
 Speed: 8.74
 Duration: 232.11
 WaitingTime: 28.84
 TimeLoss: 84.85
 DepartDelay: 0.09
  [501/650] intenso/PREEMPCAO/seed=39                            ok        3m32s · restam ~49m50s
***Starting server on port 52251 ***
Loading net-file from 'C:\Users\User\Desktop\tcc-bloco8\sim\config\../rede/malha.net.xml' ... done (7ms).
Loading additional-files from 'C:\Users\User\Desktop\tcc-bloco8\sim\saida\multiplas_emergencias_PREEMPCAO_ML_39\malha.det.add.xml' ... done (71ms).
Loading route-files incrementally from 'C:\Users\User\Desktop\tcc-bloco8\sim\demanda\veiculos.typ.xml'
Loading route-files incrementally from 'C:\Users\User\Desktop\tcc-bloco8\sim\saida\rotas\multiplas_emergencias_39.rou.xml'
Loading done.
Simulation version 1.27.1 started with time: 0.00.
Simulation ended at time: 3600.00.
Reason: TraCI requested termination.
Performance:
 Duration: 126.78s
 TraCI-Duration: 52.70s
 Real time factor: 28.3968
 UPS: 85643.352396
Vehicles:
 Inserted: 5437
 Running: 339
 Waiting: 0
Statistics (avg of 5098):
 RouteLength: 2034.01
 Speed: 9.90
 Duration: 205.84
 WaitingTime: 24.33
 TimeLoss: 58.51
 DepartDelay: 0.06
  [502/650] multiplas_emergencias/PREEMPCAO/seed=39              ok        2m07s · restam ~49m25s
***Starting server on port 52257 ***
Simulation ended at time: 3600.00.
Reason: TraCI requested termination.
Performance:
 Duration: 138.91s
 TraCI-Duration: 52.12s
 Real time factor: 25.9155
 UPS: 90089.163721
Vehicles:
 Inserted: 5437
 Running: 405
 Waiting: 0
Statistics (avg of 5032):
 RouteLength: 2028.57
 Speed: 8.53
 Duration: 238.19
 WaitingTime: 42.35
 TimeLoss: 90.98
 DepartDelay: 0.06
Loading net-file from 'C:\Users\User\Desktop\tcc-bloco8\sim\config\../rede/malha.net.xml' ... done (9ms).
Loading additional-files from 'C:\Users\User\Desktop\tcc-bloco8\sim\saida\leve_FIXO_40\malha.det.add.xml' ... done (40ms).
Loading route-files incrementally from 'C:\Users\User\Desktop\tcc-bloco8\sim\demanda\veiculos.typ.xml'
Loading route-files incrementally from 'C:\Users\User\Desktop\tcc-bloco8\sim\saida\rotas\leve_40.rou.xml'
Loading done.
Simulation version 1.27.1 started with time: 0.00.
  [503/650] multiplas_emergencias/FIXO/seed=39                   ok        2m20s · restam ~48m59s
***Starting server on port 52263 ***
Loading net-file from 'C:\Users\User\Desktop\tcc-bloco8\sim\config\../rede/malha.net.xml' ... done (9ms).
Loading additional-files from 'C:\Users\User\Desktop\tcc-bloco8\sim\saida\leve_PREEMPCAO_40\malha.det.add.xml' ... done (50ms).
Loading route-files incrementally from 'C:\Users\User\Desktop\tcc-bloco8\sim\demanda\veiculos.typ.xml'
Loading route-files incrementally from 'C:\Users\User\Desktop\tcc-bloco8\sim\saida\rotas\leve_40.rou.xml'
Loading done.
Simulation version 1.27.1 started with time: 0.00.
Simulation ended at time: 3600.00.
Reason: TraCI requested termination.
Performance:
 Duration: 225.92s
 TraCI-Duration: 54.71s
 Real time factor: 15.9346
 UPS: 97785.913785
Vehicles:
 Inserted: 9199
 Running: 610
 Waiting: 0
Statistics (avg of 8589):
 RouteLength: 2026.04
 Speed: 8.15
 Duration: 247.84
 WaitingTime: 35.16
 TimeLoss: 100.67
 DepartDelay: 0.09
  [504/650] intenso/FIXO/seed=39                                 ok        3m47s · restam ~48m36s
***Starting server on port 52280 ***
Loading net-file from 'C:\Users\User\Desktop\tcc-bloco8\sim\config\../rede/malha.net.xml' ... done (8ms).
Loading additional-files from 'C:\Users\User\Desktop\tcc-bloco8\sim\saida\leve_PREEMPCAO_COMPENSADA_40\malha.det.add.xml' ... done (49ms).
Loading route-files incrementally from 'C:\Users\User\Desktop\tcc-bloco8\sim\demanda\veiculos.typ.xml'
Loading route-files incrementally from 'C:\Users\User\Desktop\tcc-bloco8\sim\saida\rotas\leve_40.rou.xml'
Loading done.
Simulation version 1.27.1 started with time: 0.00.
Simulation ended at time: 3600.00.
Reason: TraCI requested termination.
Performance:
 Duration: 125.86s
 TraCI-Duration: 53.41s
 Real time factor: 28.6025
 UPS: 86697.901687
Vehicles:
 Inserted: 5437
 Running: 344
 Waiting: 0
Statistics (avg of 5093):
 RouteLength: 2036.51
 Speed: 9.85
 Duration: 206.97
 WaitingTime: 25.55
 TimeLoss: 59.60
 DepartDelay: 0.06
  [505/650] multiplas_emergencias/PREEMPCAO_COMPENSADA/seed=39   ok        2m06s · restam ~48m15s
***Starting server on port 54844 ***
Loading net-file from 'C:\Users\User\Desktop\tcc-bloco8\sim\config\../rede/malha.net.xml' ... done (7ms).
Loading additional-files from 'C:\Users\User\Desktop\tcc-bloco8\sim\saida\moderado_FIXO_40\malha.det.add.xml' ... done (51ms).
Loading route-files incrementally from 'C:\Users\User\Desktop\tcc-bloco8\sim\demanda\veiculos.typ.xml'
Loading route-files incrementally from 'C:\Users\User\Desktop\tcc-bloco8\sim\saida\rotas\moderado_40.rou.xml'
Loading done.
Simulation version 1.27.1 started with time: 0.00.
Simulation ended at time: 3600.00.
Reason: TraCI requested termination.
Performance:
 Duration: 213.71s
 TraCI-Duration: 55.66s
 Real time factor: 16.8451
 UPS: 100347.364678
Vehicles:
 Inserted: 9199
 Running: 557
 Waiting: 0
Statistics (avg of 8642):
 RouteLength: 2031.23
 Speed: 8.50
 Duration: 240.65
 WaitingTime: 33.71
 TimeLoss: 93.38
 DepartDelay: 0.09
  [506/650] intenso/PREEMPCAO_COMPENSADA/seed=39                 ok        3m34s · restam ~47m51s
***Starting server on port 54857 ***
Loading net-file from 'C:\Users\User\Desktop\tcc-bloco8\sim\config\../rede/malha.net.xml' ... done (10ms).
Loading additional-files from 'C:\Users\User\Desktop\tcc-bloco8\sim\saida\moderado_PREEMPCAO_40\malha.det.add.xml' ... done (52ms).
Loading route-files incrementally from 'C:\Users\User\Desktop\tcc-bloco8\sim\demanda\veiculos.typ.xml'
Loading route-files incrementally from 'C:\Users\User\Desktop\tcc-bloco8\sim\saida\rotas\moderado_40.rou.xml'
Loading done.
Simulation version 1.27.1 started with time: 0.00.
Simulation ended at time: 3600.00.
Reason: TraCI requested termination.
Performance:
 Duration: 72.90s
 TraCI-Duration: 46.56s
 Real time factor: 49.3847
 UPS: 58426.725380
Vehicles:
 Inserted: 2295
 Running: 103
 Waiting: 0
Statistics (avg of 2192):
 RouteLength: 2050.16
 Speed: 10.87
 Duration: 189.94
 WaitingTime: 22.62
 TimeLoss: 42.02
 DepartDelay: 0.05
  [507/650] leve/PREEMPCAO/seed=40                               ok        1m13s · restam ~47m37s
***Starting server on port 57348 ***
Loading net-file from 'C:\Users\User\Desktop\tcc-bloco8\sim\config\../rede/malha.net.xml' ... done (11ms).
Loading additional-files from 'C:\Users\User\Desktop\tcc-bloco8\sim\saida\moderado_PREEMPCAO_COMPENSADA_40\malha.det.add.xml' ... done (37ms).
Loading route-files incrementally from 'C:\Users\User\Desktop\tcc-bloco8\sim\demanda\veiculos.typ.xml'
Loading route-files incrementally from 'C:\Users\User\Desktop\tcc-bloco8\sim\saida\rotas\moderado_40.rou.xml'
Loading done.
Simulation version 1.27.1 started with time: 0.00.
Simulation ended at time: 3600.00.
Reason: TraCI requested termination.
Performance:
 Duration: 79.50s
 TraCI-Duration: 46.58s
 Real time factor: 45.2836
 UPS: 65579.214833
Vehicles:
 Inserted: 2295
 Running: 138
 Waiting: 0
Statistics (avg of 2157):
 RouteLength: 2038.77
 Speed: 8.81
 Duration: 233.01
 WaitingTime: 52.78
 TimeLoss: 85.36
 DepartDelay: 0.05
  [508/650] leve/FIXO/seed=40                                    ok        1m20s · restam ~47m13s
***Starting server on port 57360 ***
Loading net-file from 'C:\Users\User\Desktop\tcc-bloco8\sim\config\../rede/malha.net.xml' ... done (6ms).
Loading additional-files from 'C:\Users\User\Desktop\tcc-bloco8\sim\saida\intenso_FIXO_40\malha.det.add.xml' ... done (35ms).
Loading route-files incrementally from 'C:\Users\User\Desktop\tcc-bloco8\sim\demanda\veiculos.typ.xml'
Loading route-files incrementally from 'C:\Users\User\Desktop\tcc-bloco8\sim\saida\rotas\intenso_40.rou.xml'
Loading done.
Simulation version 1.27.1 started with time: 0.00.
Simulation ended at time: 3600.00.
Reason: TraCI requested termination.
Performance:
 Duration: 74.21s
 TraCI-Duration: 47.54s
 Real time factor: 48.5103
 UPS: 59094.500815
Vehicles:
 Inserted: 2295
 Running: 101
 Waiting: 0
Statistics (avg of 2194):
 RouteLength: 2048.74
 Speed: 10.54
 Duration: 195.66
 WaitingTime: 26.92
 TimeLoss: 47.79
 DepartDelay: 0.05
  [509/650] leve/PREEMPCAO_COMPENSADA/seed=40                    ok        1m15s · restam ~46m49s
***Starting server on port 57371 ***
Loading net-file from 'C:\Users\User\Desktop\tcc-bloco8\sim\config\../rede/malha.net.xml' ... done (8ms).
Loading additional-files from 'C:\Users\User\Desktop\tcc-bloco8\sim\saida\intenso_PREEMPCAO_40\malha.det.add.xml' ... done (52ms).
Loading route-files incrementally from 'C:\Users\User\Desktop\tcc-bloco8\sim\demanda\veiculos.typ.xml'
Loading route-files incrementally from 'C:\Users\User\Desktop\tcc-bloco8\sim\saida\rotas\intenso_40.rou.xml'
Loading done.
Simulation version 1.27.1 started with time: 0.00.
Simulation ended at time: 3600.00.
Reason: TraCI requested termination.
Performance:
 Duration: 111.33s
 TraCI-Duration: 49.51s
 Real time factor: 32.3366
 UPS: 95382.757413
Vehicles:
 Inserted: 5437
 Running: 352
 Waiting: 0
Statistics (avg of 5085):
 RouteLength: 2035.59
 Speed: 10.16
 Duration: 201.29
 WaitingTime: 23.11
 TimeLoss: 53.93
 DepartDelay: 0.06
  [510/650] multiplas_emergencias/PREEMPCAO_ML/seed=39           ok        1m52s · restam ~46m31s
***Starting server on port 62879 ***
Loading net-file from 'C:\Users\User\Desktop\tcc-bloco8\sim\config\../rede/malha.net.xml' ... done (6ms).
Loading additional-files from 'C:\Users\User\Desktop\tcc-bloco8\sim\saida\intenso_PREEMPCAO_COMPENSADA_40\malha.det.add.xml' ... done (38ms).
Loading route-files incrementally from 'C:\Users\User\Desktop\tcc-bloco8\sim\demanda\veiculos.typ.xml'
Loading route-files incrementally from 'C:\Users\User\Desktop\tcc-bloco8\sim\saida\rotas\intenso_40.rou.xml'
Loading done.
Simulation version 1.27.1 started with time: 0.00.
Simulation ended at time: 3600.00.
Reason: TraCI requested termination.
Performance:
 Duration: 109.33s
 TraCI-Duration: 47.91s
 Real time factor: 32.9287
 UPS: 97386.857775
Vehicles:
 Inserted: 5361
 Running: 278
 Waiting: 0
Statistics (avg of 5083):
 RouteLength: 2030.36
 Speed: 10.00
 Duration: 203.67
 WaitingTime: 23.12
 TimeLoss: 56.25
 DepartDelay: 0.06
  [511/650] moderado/PREEMPCAO/seed=40                           ok        1m52s · restam ~46m14s
***Starting server on port 62934 ***
Loading net-file from 'C:\Users\User\Desktop\tcc-bloco8\sim\config\../rede/malha.net.xml' ... done (12ms).
Simulation ended at time: 3600.00.
Reason: TraCI requested termination.
Performance:
 Duration: 121.69s
 TraCI-Duration: 47.30s
 Real time factor: 29.5841
 UPS: 101635.367788
Vehicles:
 Inserted: 5361
 Running: 349
 Waiting: 0
Statistics (avg of 5012):
 RouteLength: 2022.38
 Speed: 8.54
 Duration: 237.22
 WaitingTime: 41.95
 TimeLoss: 89.93
 DepartDelay: 0.06
Loading additional-files from 'C:\Users\User\Desktop\tcc-bloco8\sim\saida\multiplas_emergencias_FIXO_40\malha.det.add.xml' ... done (51ms).
Loading route-files incrementally from 'C:\Users\User\Desktop\tcc-bloco8\sim\demanda\veiculos.typ.xml'
Loading route-files incrementally from 'C:\Users\User\Desktop\tcc-bloco8\sim\saida\rotas\multiplas_emergencias_40.rou.xml'
Loading done.
Simulation version 1.27.1 started with time: 0.00.
  [512/650] moderado/FIXO/seed=40                                ok        2m17s · restam ~45m55s
***Starting server on port 57133 ***
Loading net-file from 'C:\Users\User\Desktop\tcc-bloco8\sim\config\../rede/malha.net.xml' ... done (6ms).
Loading additional-files from 'C:\Users\User\Desktop\tcc-bloco8\sim\saida\multiplas_emergencias_PREEMPCAO_40\malha.det.add.xml' ... done (40ms).
Loading route-files incrementally from 'C:\Users\User\Desktop\tcc-bloco8\sim\demanda\veiculos.typ.xml'
Loading route-files incrementally from 'C:\Users\User\Desktop\tcc-bloco8\sim\saida\rotas\multiplas_emergencias_40.rou.xml'
Loading done.
Simulation version 1.27.1 started with time: 0.00.
Simulation ended at time: 3600.00.
Reason: TraCI requested termination.
Performance:
 Duration: 126.00s
 TraCI-Duration: 47.64s
 Real time factor: 28.5726
 UPS: 84524.695424
Vehicles:
 Inserted: 5361
 Running: 288
 Waiting: 0
Statistics (avg of 5073):
 RouteLength: 2030.24
 Speed: 10.02
 Duration: 203.67
 WaitingTime: 23.31
 TimeLoss: 56.26
 DepartDelay: 0.06
  [513/650] moderado/PREEMPCAO_COMPENSADA/seed=40                ok        2m07s · restam ~45m39s
***Starting server on port 60780 ***
Loading net-file from 'C:\Users\User\Desktop\tcc-bloco8\sim\config\../rede/malha.net.xml' ... done (6ms).
Loading additional-files from 'C:\Users\User\Desktop\tcc-bloco8\sim\saida\multiplas_emergencias_PREEMPCAO_COMPENSADA_40\malha.det.add.xml' ... done (37ms).
Loading route-files incrementally from 'C:\Users\User\Desktop\tcc-bloco8\sim\demanda\veiculos.typ.xml'
Loading route-files incrementally from 'C:\Users\User\Desktop\tcc-bloco8\sim\saida\rotas\multiplas_emergencias_40.rou.xml'
Loading done.
Simulation version 1.27.1 started with time: 0.00.
Simulation ended at time: 3600.00.
Reason: TraCI requested termination.
Performance:
 Duration: 198.38s
 TraCI-Duration: 50.49s
 Real time factor: 18.147
 UPS: 105105.554995
Vehicles:
 Inserted: 9195 (Loaded: 9196)
 Running: 655
 Waiting: 1
Statistics (avg of 8540):
 RouteLength: 2021.39
 Speed: 8.61
 Duration: 234.61
 WaitingTime: 29.93
 TimeLoss: 87.31
 DepartDelay: 0.10
  [514/650] intenso/PREEMPCAO/seed=40                            ok        3m19s · restam ~45m36s
***Starting server on port 62964 ***
Loading net-file from 'C:\Users\User\Desktop\tcc-bloco8\sim\config\../rede/malha.net.xml' ... done (6ms).
Loading additional-files from 'C:\Users\User\Desktop\tcc-bloco8\sim\saida\multiplas_emergencias_PREEMPCAO_ML_40\malha.det.add.xml' ... done (47ms).
Loading route-files incrementally from 'C:\Users\User\Desktop\tcc-bloco8\sim\demanda\veiculos.typ.xml'
Loading route-files incrementally from 'C:\Users\User\Desktop\tcc-bloco8\sim\saida\rotas\multiplas_emergencias_40.rou.xml'
Loading done.
Simulation version 1.27.1 started with time: 0.00.
Simulation ended at time: 3600.00.
Reason: TraCI requested termination.
Performance:
 Duration: 136.13s
 TraCI-Duration: 47.30s
 Real time factor: 26.4455
 UPS: 91025.556641
Vehicles:
 Inserted: 5367
 Running: 349
 Waiting: 0
Statistics (avg of 5018):
 RouteLength: 2022.94
 Speed: 8.53
 Duration: 237.40
 WaitingTime: 42.02
 TimeLoss: 90.13
 DepartDelay: 0.06
  [515/650] multiplas_emergencias/FIXO/seed=40                   ok        2m23s · restam ~45m11s
***Starting server on port 62971 ***
Loading net-file from 'C:\Users\User\Desktop\tcc-bloco8\sim\config\../rede/malha.net.xml' ... done (12ms).
Loading additional-files from 'C:\Users\User\Desktop\tcc-bloco8\sim\saida\leve_FIXO_41\malha.det.add.xml' ... done (41ms).
Loading route-files incrementally from 'C:\Users\User\Desktop\tcc-bloco8\sim\demanda\veiculos.typ.xml'
Loading route-files incrementally from 'C:\Users\User\Desktop\tcc-bloco8\sim\saida\rotas\leve_41.rou.xml'
Loading done.
Simulation version 1.27.1 started with time: 0.00.
Simulation ended at time: 3600.00.
Reason: TraCI requested termination.
Performance:
 Duration: 208.75s
 TraCI-Duration: 49.43s
 Real time factor: 17.2457
 UPS: 105108.542357
Vehicles:
 Inserted: 9195 (Loaded: 9196)
 Running: 711
 Waiting: 1
Statistics (avg of 8484):
 RouteLength: 2015.67
 Speed: 8.13
 Duration: 247.02
 WaitingTime: 35.06
 TimeLoss: 99.83
 DepartDelay: 0.10
  [516/650] intenso/FIXO/seed=40                                 ok        3m29s · restam ~44m47s
***Starting server on port 62980 ***
Loading net-file from 'C:\Users\User\Desktop\tcc-bloco8\sim\config\../rede/malha.net.xml' ... done (8ms).
Loading additional-files from 'C:\Users\User\Desktop\tcc-bloco8\sim\saida\leve_PREEMPCAO_41\malha.det.add.xml' ... done (42ms).
Loading route-files incrementally from 'C:\Users\User\Desktop\tcc-bloco8\sim\demanda\veiculos.typ.xml'
Loading route-files incrementally from 'C:\Users\User\Desktop\tcc-bloco8\sim\saida\rotas\leve_41.rou.xml'
Loading done.
Simulation version 1.27.1 started with time: 0.00.
Simulation ended at time: 3600.00.
Reason: TraCI requested termination.
Performance:
 Duration: 121.05s
 TraCI-Duration: 48.74s
 Real time factor: 29.741
 UPS: 87364.624726
Vehicles:
 Inserted: 5367
 Running: 289
 Waiting: 0
Statistics (avg of 5078):
 RouteLength: 2029.12
 Speed: 10.08
 Duration: 201.87
 WaitingTime: 22.06
 TimeLoss: 54.49
 DepartDelay: 0.06
  [517/650] multiplas_emergencias/PREEMPCAO/seed=40              ok        2m08s · restam ~44m22s
***Starting server on port 62987 ***
Loading net-file from 'C:\Users\User\Desktop\tcc-bloco8\sim\config\../rede/malha.net.xml' ... done (7ms).
Loading additional-files from 'C:\Users\User\Desktop\tcc-bloco8\sim\saida\leve_PREEMPCAO_COMPENSADA_41\malha.det.add.xml' ... done (41ms).
Loading route-files incrementally from 'C:\Users\User\Desktop\tcc-bloco8\sim\demanda\veiculos.typ.xml'
Loading route-files incrementally from 'C:\Users\User\Desktop\tcc-bloco8\sim\saida\rotas\leve_41.rou.xml'
Loading done.
Simulation version 1.27.1 started with time: 0.00.
Simulation ended at time: 3600.00.
Reason: TraCI requested termination.
Performance:
 Duration: 201.63s
 TraCI-Duration: 52.05s
 Real time factor: 17.8546
 UPS: 105889.743043
Vehicles:
 Inserted: 9195 (Loaded: 9196)
 Running: 650
 Waiting: 1
Statistics (avg of 8545):
 RouteLength: 2021.20
 Speed: 8.39
 Duration: 240.49
 WaitingTime: 33.11
 TimeLoss: 93.20
 DepartDelay: 0.10
  [518/650] intenso/PREEMPCAO_COMPENSADA/seed=40                 ok        3m22s · restam ~44m02s
***Starting server on port 63017 ***
Loading net-file from 'C:\Users\User\Desktop\tcc-bloco8\sim\config\../rede/malha.net.xml' ... done (8ms).
Loading additional-files from 'C:\Users\User\Desktop\tcc-bloco8\sim\saida\moderado_FIXO_41\malha.det.add.xml' ... done (49ms).
Loading route-files incrementally from 'C:\Users\User\Desktop\tcc-bloco8\sim\demanda\veiculos.typ.xml'
Loading route-files incrementally from 'C:\Users\User\Desktop\tcc-bloco8\sim\saida\rotas\moderado_41.rou.xml'
Loading done.
Simulation version 1.27.1 started with time: 0.00.
Simulation ended at time: 3600.00.
Reason: TraCI requested termination.
Performance:
 Duration: 118.36s
 TraCI-Duration: 50.22s
 Real time factor: 30.4157
 UPS: 92903.801960
Vehicles:
 Inserted: 5367
 Running: 285
 Waiting: 0
Statistics (avg of 5082):
 RouteLength: 2030.08
 Speed: 9.69
 Duration: 210.15
 WaitingTime: 26.47
 TimeLoss: 62.80
 DepartDelay: 0.06
  [519/650] multiplas_emergencias/PREEMPCAO_COMPENSADA/seed=40   ok        1m59s · restam ~43m39s
***Starting server on port 60777 ***
Loading net-file from 'C:\Users\User\Desktop\tcc-bloco8\sim\config\../rede/malha.net.xml' ... done (7ms).
Loading additional-files from 'C:\Users\User\Desktop\tcc-bloco8\sim\saida\moderado_PREEMPCAO_41\malha.det.add.xml' ... done (43ms).
Loading route-files incrementally from 'C:\Users\User\Desktop\tcc-bloco8\sim\demanda\veiculos.typ.xml'
Loading route-files incrementally from 'C:\Users\User\Desktop\tcc-bloco8\sim\saida\rotas\moderado_41.rou.xml'
Loading done.
Simulation version 1.27.1 started with time: 0.00.
Simulation ended at time: 3600.00.
Reason: TraCI requested termination.
Performance:
 Duration: 72.92s
 TraCI-Duration: 46.49s
 Real time factor: 49.3705
 UPS: 58737.485943
Vehicles:
 Inserted: 2276
 Running: 109
 Waiting: 0
Statistics (avg of 2167):
 RouteLength: 2015.51
 Speed: 10.51
 Duration: 192.77
 WaitingTime: 24.64
 TimeLoss: 45.43
 DepartDelay: 0.05
  [520/650] leve/PREEMPCAO/seed=41                               ok        1m13s · restam ~43m25s
***Starting server on port 63816 ***
Loading net-file from 'C:\Users\User\Desktop\tcc-bloco8\sim\config\../rede/malha.net.xml' ... done (8ms).
Loading additional-files from 'C:\Users\User\Desktop\tcc-bloco8\sim\saida\moderado_PREEMPCAO_COMPENSADA_41\malha.det.add.xml' ... done (43ms).
Loading route-files incrementally from 'C:\Users\User\Desktop\tcc-bloco8\sim\demanda\veiculos.typ.xml'
Loading route-files incrementally from 'C:\Users\User\Desktop\tcc-bloco8\sim\saida\rotas\moderado_41.rou.xml'
Loading done.
Simulation version 1.27.1 started with time: 0.00.
Simulation ended at time: 3600.00.
Reason: TraCI requested termination.
Performance:
 Duration: 78.03s
 TraCI-Duration: 46.39s
 Real time factor: 46.1343
 UPS: 65283.367293
Vehicles:
 Inserted: 2276
 Running: 136
 Waiting: 0
Statistics (avg of 2140):
 RouteLength: 2006.20
 Speed: 8.78
 Duration: 229.76
 WaitingTime: 51.25
 TimeLoss: 82.61
 DepartDelay: 0.05
  [521/650] leve/FIXO/seed=41                                    ok        1m19s · restam ~43m00s
***Starting server on port 63823 ***
Loading net-file from 'C:\Users\User\Desktop\tcc-bloco8\sim\config\../rede/malha.net.xml' ... done (7ms).
Loading additional-files from 'C:\Users\User\Desktop\tcc-bloco8\sim\saida\intenso_FIXO_41\malha.det.add.xml' ... done (36ms).
Loading route-files incrementally from 'C:\Users\User\Desktop\tcc-bloco8\sim\demanda\veiculos.typ.xml'
Loading route-files incrementally from 'C:\Users\User\Desktop\tcc-bloco8\sim\saida\rotas\intenso_41.rou.xml'
Loading done.
Simulation version 1.27.1 started with time: 0.00.
Simulation ended at time: 3600.00.
Reason: TraCI requested termination.
Performance:
 Duration: 73.47s
 TraCI-Duration: 47.43s
 Real time factor: 49.0009
 UPS: 58260.235749
Vehicles:
 Inserted: 2276
 Running: 113
 Waiting: 0
Statistics (avg of 2163):
 RouteLength: 2015.09
 Speed: 10.53
 Duration: 192.67
 WaitingTime: 25.70
 TimeLoss: 45.37
 DepartDelay: 0.05
  [522/650] leve/PREEMPCAO_COMPENSADA/seed=41                    ok        1m14s · restam ~42m36s
***Starting server on port 63829 ***
Loading net-file from 'C:\Users\User\Desktop\tcc-bloco8\sim\config\../rede/malha.net.xml' ... done (16ms).
Loading additional-files from 'C:\Users\User\Desktop\tcc-bloco8\sim\saida\intenso_PREEMPCAO_41\malha.det.add.xml' ... done (74ms).
Loading route-files incrementally from 'C:\Users\User\Desktop\tcc-bloco8\sim\demanda\veiculos.typ.xml'
Loading route-files incrementally from 'C:\Users\User\Desktop\tcc-bloco8\sim\saida\rotas\intenso_41.rou.xml'
Loading done.
Simulation version 1.27.1 started with time: 0.00.
Simulation ended at time: 3600.00.
Reason: TraCI requested termination.
Performance:
 Duration: 112.24s
 TraCI-Duration: 49.35s
 Real time factor: 32.0741
 UPS: 97117.168567
Vehicles:
 Inserted: 5367
 Running: 280
 Waiting: 0
Statistics (avg of 5087):
 RouteLength: 2030.73
 Speed: 9.75
 Duration: 208.41
 WaitingTime: 25.37
 TimeLoss: 61.00
 DepartDelay: 0.06
  [523/650] multiplas_emergencias/PREEMPCAO_ML/seed=40           ok        1m53s · restam ~42m18s
***Starting server on port 49210 ***
Loading net-file from 'C:\Users\User\Desktop\tcc-bloco8\sim\config\../rede/malha.net.xml' ... done (11ms).
Loading additional-files from 'C:\Users\User\Desktop\tcc-bloco8\sim\saida\intenso_PREEMPCAO_COMPENSADA_41\malha.det.add.xml' ... done (40ms).
Loading route-files incrementally from 'C:\Users\User\Desktop\tcc-bloco8\sim\demanda\veiculos.typ.xml'
Loading route-files incrementally from 'C:\Users\User\Desktop\tcc-bloco8\sim\saida\rotas\intenso_41.rou.xml'
Loading done.
Simulation version 1.27.1 started with time: 0.00.
Simulation ended at time: 3600.00.
Reason: TraCI requested termination.
Performance:
 Duration: 104.91s
 TraCI-Duration: 47.89s
 Real time factor: 34.3148
 UPS: 98947.774781
Vehicles:
 Inserted: 5321
 Running: 275
 Waiting: 0
Statistics (avg of 5046):
 RouteLength: 2019.38
 Speed: 10.10
 Duration: 200.57
 WaitingTime: 21.75
 TimeLoss: 53.34
 DepartDelay: 0.07
  [524/650] moderado/PREEMPCAO/seed=41                           ok        1m46s · restam ~42m01s
***Starting server on port 49253 ***
Loading net-file from 'C:\Users\User\Desktop\tcc-bloco8\sim\config\../rede/malha.net.xml' ... done (9ms).
Loading additional-files from 'C:\Users\User\Desktop\tcc-bloco8\sim\saida\multiplas_emergencias_FIXO_41\malha.det.add.xml' ... done (52ms).
Loading route-files incrementally from 'C:\Users\User\Desktop\tcc-bloco8\sim\demanda\veiculos.typ.xml'
Loading route-files incrementally from 'C:\Users\User\Desktop\tcc-bloco8\sim\saida\rotas\multiplas_emergencias_41.rou.xml'
Loading done.
Simulation version 1.27.1 started with time: 0.00.
Simulation ended at time: 3600.00.
Reason: TraCI requested termination.
Performance:
 Duration: 118.91s
 TraCI-Duration: 47.90s
 Real time factor: 30.2745
 UPS: 102363.470466
Vehicles:
 Inserted: 5321
 Running: 368
 Waiting: 0
Statistics (avg of 4953):
 RouteLength: 2009.84
 Speed: 8.54
 Duration: 235.86
 WaitingTime: 41.62
 TimeLoss: 88.78
 DepartDelay: 0.07
  [525/650] moderado/FIXO/seed=41                                ok        1m59s · restam ~41m37s
***Starting server on port 49265 ***
Loading net-file from 'C:\Users\User\Desktop\tcc-bloco8\sim\config\../rede/malha.net.xml' ... done (11ms).
Loading additional-files from 'C:\Users\User\Desktop\tcc-bloco8\sim\saida\multiplas_emergencias_PREEMPCAO_41\malha.det.add.xml' ... done (56ms).
Loading route-files incrementally from 'C:\Users\User\Desktop\tcc-bloco8\sim\demanda\veiculos.typ.xml'
Loading route-files incrementally from 'C:\Users\User\Desktop\tcc-bloco8\sim\saida\rotas\multiplas_emergencias_41.rou.xml'
Loading done.
Simulation version 1.27.1 started with time: 0.00.
Simulation ended at time: 3600.00.
Reason: TraCI requested termination.
Performance:
 Duration: 113.20s
 TraCI-Duration: 49.63s
 Real time factor: 31.801
 UPS: 95904.800184
Vehicles:
 Inserted: 5321
 Running: 298
 Waiting: 0
Statistics (avg of 5023):
 RouteLength: 2017.00
 Speed: 9.59
 Duration: 210.02
 WaitingTime: 26.49
 TimeLoss: 62.80
 DepartDelay: 0.07
  [526/650] moderado/PREEMPCAO_COMPENSADA/seed=41                ok        1m54s · restam ~41m23s
***Starting server on port 59474 ***
Loading net-file from 'C:\Users\User\Desktop\tcc-bloco8\sim\config\../rede/malha.net.xml' ... done (11ms).
Loading additional-files from 'C:\Users\User\Desktop\tcc-bloco8\sim\saida\multiplas_emergencias_PREEMPCAO_COMPENSADA_41\malha.det.add.xml' ... done (52ms).
Loading route-files incrementally from 'C:\Users\User\Desktop\tcc-bloco8\sim\demanda\veiculos.typ.xml'
Loading route-files incrementally from 'C:\Users\User\Desktop\tcc-bloco8\sim\saida\rotas\multiplas_emergencias_41.rou.xml'
Loading done.
Simulation version 1.27.1 started with time: 0.00.
Simulation ended at time: 3600.00.
Reason: TraCI requested termination.
Performance:
 Duration: 117.51s
 TraCI-Duration: 51.56s
 Real time factor: 30.6354
 UPS: 89015.819796
Vehicles:
 Inserted: 5327
 Running: 282
 Waiting: 0
Statistics (avg of 5045):
 RouteLength: 2018.49
 Speed: 10.03
 Duration: 201.88
 WaitingTime: 22.53
 TimeLoss: 54.68
 DepartDelay: 0.07
  [527/650] multiplas_emergencias/PREEMPCAO/seed=41              ok        1m58s · restam ~41m16s
***Starting server on port 53117 ***
Loading net-file from 'C:\Users\User\Desktop\tcc-bloco8\sim\config\../rede/malha.net.xml' ... done (7ms).
Loading additional-files from 'C:\Users\User\Desktop\tcc-bloco8\sim\saida\multiplas_emergencias_PREEMPCAO_ML_41\malha.det.add.xml' ... done (45ms).
Loading route-files incrementally from 'C:\Users\User\Desktop\tcc-bloco8\sim\demanda\veiculos.typ.xml'
Loading route-files incrementally from 'C:\Users\User\Desktop\tcc-bloco8\sim\saida\rotas\multiplas_emergencias_41.rou.xml'
Loading done.
Simulation version 1.27.1 started with time: 0.00.
Simulation ended at time: 3600.00.
Reason: TraCI requested termination.
Performance:
 Duration: 188.62s
 TraCI-Duration: 53.08s
 Real time factor: 19.0861
 UPS: 106061.112613
Vehicles:
 Inserted: 9089
 Running: 583
 Waiting: 0
Statistics (avg of 8506):
 RouteLength: 2021.72
 Speed: 8.88
 Duration: 227.28
 WaitingTime: 27.88
 TimeLoss: 80.10
 DepartDelay: 0.09
  [528/650] intenso/PREEMPCAO/seed=41                            ok        3m09s · restam ~40m52s
***Starting server on port 53129 ***
Loading net-file from 'C:\Users\User\Desktop\tcc-bloco8\sim\config\../rede/malha.net.xml' ... done (7ms).
Loading additional-files from 'C:\Users\User\Desktop\tcc-bloco8\sim\saida\leve_FIXO_42\malha.det.add.xml' ... done (61ms).
Loading route-files incrementally from 'C:\Users\User\Desktop\tcc-bloco8\sim\demanda\veiculos.typ.xml'
Loading route-files incrementally from 'C:\Users\User\Desktop\tcc-bloco8\sim\saida\rotas\leve_42.rou.xml'
Loading done.
Simulation version 1.27.1 started with time: 0.00.
Simulation ended at time: 3600.00.
Reason: TraCI requested termination.
Performance:
 Duration: 131.11s
 TraCI-Duration: 50.95s
 Real time factor: 27.457
 UPS: 92948.937566
Vehicles:
 Inserted: 5327
 Running: 368
 Waiting: 0
Statistics (avg of 4959):
 RouteLength: 2010.42
 Speed: 8.54
 Duration: 235.87
 WaitingTime: 41.68
 TimeLoss: 88.81
 DepartDelay: 0.07
  [529/650] multiplas_emergencias/FIXO/seed=41                   ok        2m12s · restam ~40m28s
***Starting server on port 53135 ***
Loading net-file from 'C:\Users\User\Desktop\tcc-bloco8\sim\config\../rede/malha.net.xml' ... done (6ms).
Loading additional-files from 'C:\Users\User\Desktop\tcc-bloco8\sim\saida\leve_PREEMPCAO_42\malha.det.add.xml' ... done (40ms).
Loading route-files incrementally from 'C:\Users\User\Desktop\tcc-bloco8\sim\demanda\veiculos.typ.xml'
Loading route-files incrementally from 'C:\Users\User\Desktop\tcc-bloco8\sim\saida\rotas\leve_42.rou.xml'
Loading done.
Simulation version 1.27.1 started with time: 0.00.
Simulation ended at time: 3600.00.
Reason: TraCI requested termination.
Performance:
 Duration: 205.70s
 TraCI-Duration: 52.64s
 Real time factor: 17.501
 UPS: 105294.346704
Vehicles:
 Inserted: 9089
 Running: 649
 Waiting: 0
Statistics (avg of 8440):
 RouteLength: 2014.94
 Speed: 8.16
 Duration: 246.28
 WaitingTime: 35.12
 TimeLoss: 99.25
 DepartDelay: 0.09
  [530/650] intenso/FIXO/seed=41                                 ok        3m26s · restam ~40m06s
***Starting server on port 63777 ***
Loading net-file from 'C:\Users\User\Desktop\tcc-bloco8\sim\config\../rede/malha.net.xml' ... done (15ms).
Loading additional-files from 'C:\Users\User\Desktop\tcc-bloco8\sim\saida\leve_PREEMPCAO_COMPENSADA_42\malha.det.add.xml' ... done (90ms).
Loading route-files incrementally from 'C:\Users\User\Desktop\tcc-bloco8\sim\demanda\veiculos.typ.xml'
Loading route-files incrementally from 'C:\Users\User\Desktop\tcc-bloco8\sim\saida\rotas\leve_42.rou.xml'
Loading done.
Simulation version 1.27.1 started with time: 0.00.
Simulation ended at time: 3600.00.
Reason: TraCI requested termination.
Performance:
 Duration: 197.73s
 TraCI-Duration: 54.80s
 Real time factor: 18.2063
 UPS: 103642.342743
Vehicles:
 Inserted: 9089
 Running: 558
 Waiting: 0
Statistics (avg of 8531):
 RouteLength: 2020.41
 Speed: 8.67
 Duration: 232.93
 WaitingTime: 30.66
 TimeLoss: 85.80
 DepartDelay: 0.09
  [531/650] intenso/PREEMPCAO_COMPENSADA/seed=41                 ok        3m18s · restam ~39m47s
***Starting server on port 63814 ***
Loading net-file from 'C:\Users\User\Desktop\tcc-bloco8\sim\config\../rede/malha.net.xml' ... done (12ms).
Loading additional-files from 'C:\Users\User\Desktop\tcc-bloco8\sim\saida\moderado_FIXO_42\malha.det.add.xml' ... done (74ms).
Loading route-files incrementally from 'C:\Users\User\Desktop\tcc-bloco8\sim\demanda\veiculos.typ.xml'
Loading route-files incrementally from 'C:\Users\User\Desktop\tcc-bloco8\sim\saida\rotas\moderado_42.rou.xml'
Loading done.
Simulation version 1.27.1 started with time: 0.00.
Simulation ended at time: 3600.00.
Reason: TraCI requested termination.
Performance:
 Duration: 123.46s
 TraCI-Duration: 53.21s
 Real time factor: 29.1595
 UPS: 87966.960691
Vehicles:
 Inserted: 5327
 Running: 288
 Waiting: 0
Statistics (avg of 5039):
 RouteLength: 2017.33
 Speed: 9.64
 Duration: 209.78
 WaitingTime: 27.08
 TimeLoss: 62.62
 DepartDelay: 0.07
  [532/650] multiplas_emergencias/PREEMPCAO_COMPENSADA/seed=41   ok        2m04s · restam ~39m24s
***Starting server on port 63831 ***
Loading net-file from 'C:\Users\User\Desktop\tcc-bloco8\sim\config\../rede/malha.net.xml' ... done (10ms).
Loading additional-files from 'C:\Users\User\Desktop\tcc-bloco8\sim\saida\moderado_PREEMPCAO_42\malha.det.add.xml' ... done (56ms).
Loading route-files incrementally from 'C:\Users\User\Desktop\tcc-bloco8\sim\demanda\veiculos.typ.xml'
Loading route-files incrementally from 'C:\Users\User\Desktop\tcc-bloco8\sim\saida\rotas\moderado_42.rou.xml'
Loading done.
Simulation version 1.27.1 started with time: 0.00.
Simulation ended at time: 3600.00.
Reason: TraCI requested termination.
Performance:
 Duration: 76.38s
 TraCI-Duration: 48.65s
 Real time factor: 47.134
 UPS: 55758.582314
Vehicles:
 Inserted: 2245
 Running: 114
 Waiting: 0
Statistics (avg of 2131):
 RouteLength: 2025.69
 Speed: 10.46
 Duration: 195.12
 WaitingTime: 26.36
 TimeLoss: 47.55
 DepartDelay: 0.05
  [533/650] leve/PREEMPCAO/seed=42                               ok        1m17s · restam ~39m07s
***Starting server on port 49346 ***
Loading net-file from 'C:\Users\User\Desktop\tcc-bloco8\sim\config\../rede/malha.net.xml' ... done (7ms).
Loading additional-files from 'C:\Users\User\Desktop\tcc-bloco8\sim\saida\moderado_PREEMPCAO_COMPENSADA_42\malha.det.add.xml' ... done (37ms).
Loading route-files incrementally from 'C:\Users\User\Desktop\tcc-bloco8\sim\demanda\veiculos.typ.xml'
Loading route-files incrementally from 'C:\Users\User\Desktop\tcc-bloco8\sim\saida\rotas\moderado_42.rou.xml'
Loading done.
Simulation version 1.27.1 started with time: 0.00.
Simulation ended at time: 3600.00.
Reason: TraCI requested termination.
Performance:
 Duration: 81.83s
 TraCI-Duration: 48.46s
 Real time factor: 43.9953
 UPS: 61480.562650
Vehicles:
 Inserted: 2245
 Running: 140
 Waiting: 0
Statistics (avg of 2105):
 RouteLength: 2017.05
 Speed: 8.78
 Duration: 230.96
 WaitingTime: 51.56
 TimeLoss: 83.55
 DepartDelay: 0.05
  [534/650] leve/FIXO/seed=42                                    ok        1m22s · restam ~38m43s
***Starting server on port 49355 ***
Loading net-file from 'C:\Users\User\Desktop\tcc-bloco8\sim\config\../rede/malha.net.xml' ... done (6ms).
Loading additional-files from 'C:\Users\User\Desktop\tcc-bloco8\sim\saida\intenso_FIXO_42\malha.det.add.xml' ... done (49ms).
Loading route-files incrementally from 'C:\Users\User\Desktop\tcc-bloco8\sim\demanda\veiculos.typ.xml'
Loading route-files incrementally from 'C:\Users\User\Desktop\tcc-bloco8\sim\saida\rotas\intenso_42.rou.xml'
Loading done.
Simulation version 1.27.1 started with time: 0.00.
Simulation ended at time: 3600.00.
Reason: TraCI requested termination.
Performance:
 Duration: 76.77s
 TraCI-Duration: 49.17s
 Real time factor: 46.8915
 UPS: 56078.295755
Vehicles:
 Inserted: 2245
 Running: 111
 Waiting: 0
Statistics (avg of 2134):
 RouteLength: 2025.41
 Speed: 10.36
 Duration: 197.27
 WaitingTime: 27.91
 TimeLoss: 49.71
 DepartDelay: 0.05
  [535/650] leve/PREEMPCAO_COMPENSADA/seed=42                    ok        1m18s · restam ~38m22s
***Starting server on port 49374 ***
Loading net-file from 'C:\Users\User\Desktop\tcc-bloco8\sim\config\../rede/malha.net.xml' ... done (6ms).
Loading additional-files from 'C:\Users\User\Desktop\tcc-bloco8\sim\saida\intenso_PREEMPCAO_42\malha.det.add.xml' ... done (41ms).
Loading route-files incrementally from 'C:\Users\User\Desktop\tcc-bloco8\sim\demanda\veiculos.typ.xml'
Loading route-files incrementally from 'C:\Users\User\Desktop\tcc-bloco8\sim\saida\rotas\intenso_42.rou.xml'
Loading done.
Simulation version 1.27.1 started with time: 0.00.
Simulation ended at time: 3600.00.
Reason: TraCI requested termination.
Performance:
 Duration: 114.64s
 TraCI-Duration: 51.11s
 Real time factor: 31.4016
 UPS: 91629.810544
Vehicles:
 Inserted: 5327
 Running: 305
 Waiting: 0
Statistics (avg of 5022):
 RouteLength: 2017.10
 Speed: 9.98
 Duration: 202.66
 WaitingTime: 23.58
 TimeLoss: 55.48
 DepartDelay: 0.07
  [536/650] multiplas_emergencias/PREEMPCAO_ML/seed=41           ok        1m55s · restam ~38m01s
***Starting server on port 49399 ***
Loading net-file from 'C:\Users\User\Desktop\tcc-bloco8\sim\config\../rede/malha.net.xml' ... done (15ms).
Loading additional-files from 'C:\Users\User\Desktop\tcc-bloco8\sim\saida\intenso_PREEMPCAO_COMPENSADA_42\malha.det.add.xml' ... done (66ms).
Loading route-files incrementally from 'C:\Users\User\Desktop\tcc-bloco8\sim\demanda\veiculos.typ.xml'
Loading route-files incrementally from 'C:\Users\User\Desktop\tcc-bloco8\sim\saida\rotas\intenso_42.rou.xml'
Loading done.
Simulation version 1.27.1 started with time: 0.00.
Simulation ended at time: 3600.00.
Reason: TraCI requested termination.
Performance:
 Duration: 117.43s
 TraCI-Duration: 50.07s
 Real time factor: 30.6558
 UPS: 90667.546601
Vehicles:
 Inserted: 5321
 Running: 314
 Waiting: 0
Statistics (avg of 5007):
 RouteLength: 2011.47
 Speed: 9.80
 Duration: 205.36
 WaitingTime: 23.84
 TimeLoss: 58.03
 DepartDelay: 0.06
  [537/650] moderado/PREEMPCAO/seed=42                           ok        1m59s · restam ~37m48s
***Starting server on port 58673 ***
Loading net-file from 'C:\Users\User\Desktop\tcc-bloco8\sim\config\../rede/malha.net.xml' ... done (7ms).
Loading additional-files from 'C:\Users\User\Desktop\tcc-bloco8\sim\saida\multiplas_emergencias_FIXO_42\malha.det.add.xml' ... done (41ms).
Loading route-files incrementally from 'C:\Users\User\Desktop\tcc-bloco8\sim\demanda\veiculos.typ.xml'
Loading route-files incrementally from 'C:\Users\User\Desktop\tcc-bloco8\sim\saida\rotas\multiplas_emergencias_42.rou.xml'
Loading done.
Simulation version 1.27.1 started with time: 0.00.
Simulation ended at time: 3600.00.
Reason: TraCI requested termination.
Performance:
 Duration: 129.83s
 TraCI-Duration: 49.85s
 Real time factor: 27.7294
 UPS: 93851.662995
Vehicles:
 Inserted: 5321
 Running: 372
 Waiting: 0
Statistics (avg of 4949):
 RouteLength: 2005.39
 Speed: 8.52
 Duration: 235.65
 WaitingTime: 41.49
 TimeLoss: 88.46
 DepartDelay: 0.06
  [538/650] moderado/FIXO/seed=42                                ok        2m10s · restam ~37m25s
***Starting server on port 58684 ***
Loading net-file from 'C:\Users\User\Desktop\tcc-bloco8\sim\config\../rede/malha.net.xml' ... done (14ms).
Loading additional-files from 'C:\Users\User\Desktop\tcc-bloco8\sim\saida\multiplas_emergencias_PREEMPCAO_42\malha.det.add.xml' ... done (70ms).
Loading route-files incrementally from 'C:\Users\User\Desktop\tcc-bloco8\sim\demanda\veiculos.typ.xml'
Loading route-files incrementally from 'C:\Users\User\Desktop\tcc-bloco8\sim\saida\rotas\multiplas_emergencias_42.rou.xml'
Loading done.
Simulation version 1.27.1 started with time: 0.00.
Simulation ended at time: 3600.00.
Reason: TraCI requested termination.
Performance:
 Duration: 120.76s
 TraCI-Duration: 50.45s
 Real time factor: 29.8122
 UPS: 91761.858624
Vehicles:
 Inserted: 5321
 Running: 301
 Waiting: 0
Statistics (avg of 5020):
 RouteLength: 2013.31
 Speed: 9.42
 Duration: 214.03
 WaitingTime: 29.00
 TimeLoss: 66.69
 DepartDelay: 0.06
  [539/650] moderado/PREEMPCAO_COMPENSADA/seed=42                ok        2m01s · restam ~37m07s
***Starting server on port 51456 ***
Loading net-file from 'C:\Users\User\Desktop\tcc-bloco8\sim\config\../rede/malha.net.xml' ... done (13ms).
Loading additional-files from 'C:\Users\User\Desktop\tcc-bloco8\sim\saida\multiplas_emergencias_PREEMPCAO_COMPENSADA_42\malha.det.add.xml' ... done (59ms).
Loading route-files incrementally from 'C:\Users\User\Desktop\tcc-bloco8\sim\demanda\veiculos.typ.xml'
Loading route-files incrementally from 'C:\Users\User\Desktop\tcc-bloco8\sim\saida\rotas\multiplas_emergencias_42.rou.xml'
Loading done.
Simulation version 1.27.1 started with time: 0.00.
Warning: Vehicle 'VE_ROTA_VE_TRANSVERSAL_04' performs emergency braking on lane ':CRUZ_06_2_0' with decel=9.00, wished=5.00, severity=1.00, time=2841.40.
Simulation ended at time: 3600.00.
Reason: TraCI requested termination.
Performance:
 Duration: 187.62s
 TraCI-Duration: 52.71s
 Real time factor: 19.188
 UPS: 105620.316922
Vehicles:
 Inserted: 9109
 Running: 627
 Waiting: 0
Statistics (avg of 8482):
 RouteLength: 2016.23
 Speed: 8.99
 Duration: 224.37
 WaitingTime: 26.36
 TimeLoss: 76.82
 DepartDelay: 0.09
  [540/650] intenso/PREEMPCAO/seed=42                            ok        3m08s · restam ~36m59s
***Starting server on port 57134 ***
Loading net-file from 'C:\Users\User\Desktop\tcc-bloco8\sim\config\../rede/malha.net.xml' ... done (6ms).
Loading additional-files from 'C:\Users\User\Desktop\tcc-bloco8\sim\saida\multiplas_emergencias_PREEMPCAO_ML_42\malha.det.add.xml' ... done (42ms).
Loading route-files incrementally from 'C:\Users\User\Desktop\tcc-bloco8\sim\demanda\veiculos.typ.xml'
Loading route-files incrementally from 'C:\Users\User\Desktop\tcc-bloco8\sim\saida\rotas\multiplas_emergencias_42.rou.xml'
Loading done.
Simulation version 1.27.1 started with time: 0.00.
Simulation ended at time: 3600.00.
Reason: TraCI requested termination.
Performance:
 Duration: 116.53s
 TraCI-Duration: 50.05s
 Real time factor: 30.8947
 UPS: 91884.771508
Vehicles:
 Inserted: 5327
 Running: 339
 Waiting: 0
Statistics (avg of 4988):
 RouteLength: 2010.02
 Speed: 9.80
 Duration: 206.10
 WaitingTime: 24.39
 TimeLoss: 58.85
 DepartDelay: 0.06
  [541/650] multiplas_emergencias/PREEMPCAO/seed=42              ok        1m57s · restam ~36m36s
***Starting server on port 57145 ***
Loading net-file from 'C:\Users\User\Desktop\tcc-bloco8\sim\config\../rede/malha.net.xml' ... done (6ms).
Loading additional-files from 'C:\Users\User\Desktop\tcc-bloco8\sim\saida\leve_FIXO_43\malha.det.add.xml' ... done (38ms).
Loading route-files incrementally from 'C:\Users\User\Desktop\tcc-bloco8\sim\demanda\veiculos.typ.xml'
Loading route-files incrementally from 'C:\Users\User\Desktop\tcc-bloco8\sim\saida\rotas\leve_43.rou.xml'
Loading done.
Simulation version 1.27.1 started with time: 0.00.
Simulation ended at time: 3600.00.
Reason: TraCI requested termination.
Performance:
 Duration: 206.31s
 TraCI-Duration: 51.96s
 Real time factor: 17.4496
 UPS: 105310.201252
Vehicles:
 Inserted: 9109
 Running: 711
 Waiting: 0
Statistics (avg of 8398):
 RouteLength: 2010.96
 Speed: 8.13
 Duration: 246.66
 WaitingTime: 34.92
 TimeLoss: 99.22
 DepartDelay: 0.09
  [542/650] intenso/FIXO/seed=42                                 ok        3m27s · restam ~36m13s
***Starting server on port 57151 ***
Loading net-file from 'C:\Users\User\Desktop\tcc-bloco8\sim\config\../rede/malha.net.xml' ... done (6ms).
Loading additional-files from 'C:\Users\User\Desktop\tcc-bloco8\sim\saida\leve_PREEMPCAO_43\malha.det.add.xml' ... done (56ms).
Loading route-files incrementally from 'C:\Users\User\Desktop\tcc-bloco8\sim\demanda\veiculos.typ.xml'
Loading route-files incrementally from 'C:\Users\User\Desktop\tcc-bloco8\sim\saida\rotas\leve_43.rou.xml'
Loading done.
Simulation version 1.27.1 started with time: 0.00.
Simulation ended at time: 3600.00.
Reason: TraCI requested termination.
Performance:
 Duration: 127.08s
 TraCI-Duration: 49.17s
 Real time factor: 28.3277
 UPS: 96028.823455
Vehicles:
 Inserted: 5327
 Running: 372
 Waiting: 0
 Emergency Braking: 1
Statistics (avg of 4955):
 RouteLength: 2005.99
 Speed: 8.52
 Duration: 235.75
 WaitingTime: 41.50
 TimeLoss: 88.58
 DepartDelay: 0.06
  [543/650] multiplas_emergencias/FIXO/seed=42                   ok        2m08s · restam ~35m49s
***Starting server on port 57159 ***
Loading net-file from 'C:\Users\User\Desktop\tcc-bloco8\sim\config\../rede/malha.net.xml' ... done (7ms).
Loading additional-files from 'C:\Users\User\Desktop\tcc-bloco8\sim\saida\leve_PREEMPCAO_COMPENSADA_43\malha.det.add.xml' ... done (40ms).
Loading route-files incrementally from 'C:\Users\User\Desktop\tcc-bloco8\sim\demanda\veiculos.typ.xml'
Loading route-files incrementally from 'C:\Users\User\Desktop\tcc-bloco8\sim\saida\rotas\leve_43.rou.xml'
Loading done.
Simulation version 1.27.1 started with time: 0.00.
Simulation ended at time: 3600.00.
Reason: TraCI requested termination.
Performance:
 Duration: 199.12s
 TraCI-Duration: 54.37s
 Real time factor: 18.0798
 UPS: 104033.246785
Vehicles:
 Inserted: 9109
 Running: 613
 Waiting: 0
Statistics (avg of 8496):
 RouteLength: 2014.90
 Speed: 8.56
 Duration: 234.96
 WaitingTime: 30.86
 TimeLoss: 87.43
 DepartDelay: 0.09
  [544/650] intenso/PREEMPCAO_COMPENSADA/seed=42                 ok        3m20s · restam ~35m28s
***Starting server on port 57186 ***
Loading net-file from 'C:\Users\User\Desktop\tcc-bloco8\sim\config\../rede/malha.net.xml' ... done (6ms).
Loading additional-files from 'C:\Users\User\Desktop\tcc-bloco8\sim\saida\moderado_FIXO_43\malha.det.add.xml' ... done (46ms).
Loading route-files incrementally from 'C:\Users\User\Desktop\tcc-bloco8\sim\demanda\veiculos.typ.xml'
Loading route-files incrementally from 'C:\Users\User\Desktop\tcc-bloco8\sim\saida\rotas\moderado_43.rou.xml'
Loading done.
Simulation version 1.27.1 started with time: 0.00.
Simulation ended at time: 3600.00.
Reason: TraCI requested termination.
Performance:
 Duration: 116.54s
 TraCI-Duration: 50.86s
 Real time factor: 30.8896
 UPS: 93495.941447
Vehicles:
 Inserted: 5327
 Running: 310
 Waiting: 0
Statistics (avg of 5017):
 RouteLength: 2012.83
 Speed: 9.61
 Duration: 210.12
 WaitingTime: 26.97
 TimeLoss: 62.79
 DepartDelay: 0.06
  [545/650] multiplas_emergencias/PREEMPCAO_COMPENSADA/seed=42   ok        1m57s · restam ~35m06s
***Starting server on port 57202 ***
Loading net-file from 'C:\Users\User\Desktop\tcc-bloco8\sim\config\../rede/malha.net.xml' ... done (6ms).
Loading additional-files from 'C:\Users\User\Desktop\tcc-bloco8\sim\saida\moderado_PREEMPCAO_43\malha.det.add.xml' ... done (52ms).
Loading route-files incrementally from 'C:\Users\User\Desktop\tcc-bloco8\sim\demanda\veiculos.typ.xml'
Loading route-files incrementally from 'C:\Users\User\Desktop\tcc-bloco8\sim\saida\rotas\moderado_43.rou.xml'
Loading done.
Simulation version 1.27.1 started with time: 0.00.
Simulation ended at time: 3600.00.
Reason: TraCI requested termination.
Performance:
 Duration: 72.54s
 TraCI-Duration: 46.23s
 Real time factor: 49.6305
 UPS: 59805.020955
Vehicles:
 Inserted: 2341
 Running: 133
 Waiting: 0
Statistics (avg of 2208):
 RouteLength: 2044.31
 Speed: 10.82
 Duration: 190.13
 WaitingTime: 22.78
 TimeLoss: 42.31
 DepartDelay: 0.05
  [546/650] leve/PREEMPCAO/seed=43                               ok        1m13s · restam ~34m51s
***Starting server on port 61621 ***
Loading net-file from 'C:\Users\User\Desktop\tcc-bloco8\sim\config\../rede/malha.net.xml' ... done (8ms).
Loading additional-files from 'C:\Users\User\Desktop\tcc-bloco8\sim\saida\moderado_PREEMPCAO_COMPENSADA_43\malha.det.add.xml' ... done (42ms).
Loading route-files incrementally from 'C:\Users\User\Desktop\tcc-bloco8\sim\demanda\veiculos.typ.xml'
Loading route-files incrementally from 'C:\Users\User\Desktop\tcc-bloco8\sim\saida\rotas\moderado_43.rou.xml'
Loading done.
Simulation version 1.27.1 started with time: 0.00.
Simulation ended at time: 3600.00.
Reason: TraCI requested termination.
Performance:
 Duration: 74.21s
 TraCI-Duration: 46.90s
 Real time factor: 48.5116
 UPS: 59502.809632
Vehicles:
 Inserted: 2341
 Running: 126
 Waiting: 0
Statistics (avg of 2215):
 RouteLength: 2043.48
 Speed: 10.63
 Duration: 193.52
 WaitingTime: 25.12
 TimeLoss: 45.77
 DepartDelay: 0.05
  [547/650] leve/PREEMPCAO_COMPENSADA/seed=43                    ok        1m15s · restam ~34m28s
***Starting server on port 63904 ***
Simulation ended at time: 3600.00.
Reason: TraCI requested termination.
Performance:
 Duration: 80.27s
 TraCI-Duration: 46.31s
 Real time factor: 44.8509
 UPS: 65760.982234
Vehicles:
 Inserted: 2341
 Running: 150
 Waiting: 0
Statistics (avg of 2191):
 RouteLength: 2035.34
 Speed: 8.82
 Duration: 232.19
 WaitingTime: 52.23
 TimeLoss: 84.55
 DepartDelay: 0.05
Loading net-file from 'C:\Users\User\Desktop\tcc-bloco8\sim\config\../rede/malha.net.xml' ... done (11ms).
Loading additional-files from 'C:\Users\User\Desktop\tcc-bloco8\sim\saida\intenso_FIXO_43\malha.det.add.xml' ...  [548/650] leve/FIXO/seed=43                                    ok        1m21s · restam ~34m04s
 done (63ms).
Loading route-files incrementally from 'C:\Users\User\Desktop\tcc-bloco8\sim\demanda\veiculos.typ.xml'
Loading route-files incrementally from 'C:\Users\User\Desktop\tcc-bloco8\sim\saida\rotas\intenso_43.rou.xml'
Loading done.
Simulation version 1.27.1 started with time: 0.00.
***Starting server on port 63909 ***
Loading net-file from 'C:\Users\User\Desktop\tcc-bloco8\sim\config\../rede/malha.net.xml' ... done (10ms).
Loading additional-files from 'C:\Users\User\Desktop\tcc-bloco8\sim\saida\intenso_PREEMPCAO_43\malha.det.add.xml' ... done (52ms).
Loading route-files incrementally from 'C:\Users\User\Desktop\tcc-bloco8\sim\demanda\veiculos.typ.xml'
Loading route-files incrementally from 'C:\Users\User\Desktop\tcc-bloco8\sim\saida\rotas\intenso_43.rou.xml'
Loading done.
Simulation version 1.27.1 started with time: 0.00.
Simulation ended at time: 3600.00.
Reason: TraCI requested termination.
Performance:
 Duration: 110.54s
 TraCI-Duration: 48.63s
 Real time factor: 32.5689
 UPS: 97474.618899
Vehicles:
 Inserted: 5327
 Running: 324
 Waiting: 0
Statistics (avg of 5003):
 RouteLength: 2012.48
 Speed: 9.71
 Duration: 207.62
 WaitingTime: 25.86
 TimeLoss: 60.29
 DepartDelay: 0.06
  [549/650] multiplas_emergencias/PREEMPCAO_ML/seed=42           ok        1m51s · restam ~33m45s
***Starting server on port 63947 ***
Loading net-file from 'C:\Users\User\Desktop\tcc-bloco8\sim\config\../rede/malha.net.xml' ... done (10ms).
Loading additional-files from 'C:\Users\User\Desktop\tcc-bloco8\sim\saida\intenso_PREEMPCAO_COMPENSADA_43\malha.det.add.xml' ... done (53ms).
Loading route-files incrementally from 'C:\Users\User\Desktop\tcc-bloco8\sim\demanda\veiculos.typ.xml'
Loading route-files incrementally from 'C:\Users\User\Desktop\tcc-bloco8\sim\saida\rotas\intenso_43.rou.xml'
Loading done.
Simulation version 1.27.1 started with time: 0.00.
Simulation ended at time: 3600.00.
Reason: TraCI requested termination.
Performance:
 Duration: 111.14s
 TraCI-Duration: 48.42s
 Real time factor: 32.3919
 UPS: 94943.584160
Vehicles:
 Inserted: 5353
 Running: 266
 Waiting: 0
Statistics (avg of 5087):
 RouteLength: 2031.65
 Speed: 10.08
 Duration: 202.01
 WaitingTime: 22.24
 TimeLoss: 54.75
 DepartDelay: 0.06
  [550/650] moderado/PREEMPCAO/seed=43                           ok        1m52s · restam ~33m28s
***Starting server on port 64000 ***
Loading net-file from 'C:\Users\User\Desktop\tcc-bloco8\sim\config\../rede/malha.net.xml' ... done (11ms).
Loading additional-files from 'C:\Users\User\Desktop\tcc-bloco8\sim\saida\multiplas_emergencias_FIXO_43\malha.det.add.xml' ... done (69ms).
Loading route-files incrementally from 'C:\Users\User\Desktop\tcc-bloco8\sim\demanda\veiculos.typ.xml'
Loading route-files incrementally from 'C:\Users\User\Desktop\tcc-bloco8\sim\saida\rotas\multiplas_emergencias_43.rou.xml'
Loading done.
Simulation version 1.27.1 started with time: 0.00.
Simulation ended at time: 3600.00.
Reason: TraCI requested termination.
Performance:
 Duration: 126.75s
 TraCI-Duration: 48.50s
 Real time factor: 28.4017
 UPS: 97637.334028
Vehicles:
 Inserted: 5353
 Running: 342
 Waiting: 0
Statistics (avg of 5011):
 RouteLength: 2023.82
 Speed: 8.54
 Duration: 237.48
 WaitingTime: 42.32
 TimeLoss: 90.35
 DepartDelay: 0.06
  [551/650] moderado/FIXO/seed=43                                ok        2m07s · restam ~33m05s
***Starting server on port 53835 ***
Loading net-file from 'C:\Users\User\Desktop\tcc-bloco8\sim\config\../rede/malha.net.xml' ... done (8ms).
Loading additional-files from 'C:\Users\User\Desktop\tcc-bloco8\sim\saida\multiplas_emergencias_PREEMPCAO_43\malha.det.add.xml' ... done (42ms).
Loading route-files incrementally from 'C:\Users\User\Desktop\tcc-bloco8\sim\demanda\veiculos.typ.xml'
Loading route-files incrementally from 'C:\Users\User\Desktop\tcc-bloco8\sim\saida\rotas\multiplas_emergencias_43.rou.xml'
Loading done.
Simulation version 1.27.1 started with time: 0.00.
Simulation ended at time: 3600.00.
Reason: TraCI requested termination.
Performance:
 Duration: 119.74s
 TraCI-Duration: 50.13s
 Real time factor: 30.0661
 UPS: 91919.372620
Vehicles:
 Inserted: 5353
 Running: 275
 Waiting: 0
Statistics (avg of 5078):
 RouteLength: 2030.43
 Speed: 9.64
 Duration: 210.89
 WaitingTime: 27.75
 TimeLoss: 63.67
 DepartDelay: 0.06
  [552/650] moderado/PREEMPCAO_COMPENSADA/seed=43                ok        2m01s · restam ~32m50s
***Starting server on port 60653 ***
Loading net-file from 'C:\Users\User\Desktop\tcc-bloco8\sim\config\../rede/malha.net.xml' ... done (12ms).
Loading additional-files from 'C:\Users\User\Desktop\tcc-bloco8\sim\saida\multiplas_emergencias_PREEMPCAO_COMPENSADA_43\malha.det.add.xml' ... done (70ms).
Loading route-files incrementally from 'C:\Users\User\Desktop\tcc-bloco8\sim\demanda\veiculos.typ.xml'
Loading route-files incrementally from 'C:\Users\User\Desktop\tcc-bloco8\sim\saida\rotas\multiplas_emergencias_43.rou.xml'
Loading done.
Simulation version 1.27.1 started with time: 0.00.
Simulation ended at time: 3600.00.
Reason: TraCI requested termination.
Performance:
 Duration: 113.41s
 TraCI-Duration: 49.80s
 Real time factor: 31.7438
 UPS: 92594.949210
Vehicles:
 Inserted: 5359
 Running: 262
 Waiting: 0
Statistics (avg of 5097):
 RouteLength: 2031.38
 Speed: 10.17
 Duration: 200.69
 WaitingTime: 22.02
 TimeLoss: 53.46
 DepartDelay: 0.06
  [553/650] multiplas_emergencias/PREEMPCAO/seed=43              ok        1m54s · restam ~32m38s
***Starting server on port 64037 ***
Loading net-file from 'C:\Users\User\Desktop\tcc-bloco8\sim\config\../rede/malha.net.xml' ... done (10ms).
Loading additional-files from 'C:\Users\User\Desktop\tcc-bloco8\sim\saida\multiplas_emergencias_PREEMPCAO_ML_43\malha.det.add.xml' ... done (61ms).
Loading route-files incrementally from 'C:\Users\User\Desktop\tcc-bloco8\sim\demanda\veiculos.typ.xml'
Loading route-files incrementally from 'C:\Users\User\Desktop\tcc-bloco8\sim\saida\rotas\multiplas_emergencias_43.rou.xml'
Loading done.
Simulation version 1.27.1 started with time: 0.00.
Simulation ended at time: 3600.00.
Reason: TraCI requested termination.
Performance:
 Duration: 128.68s
 TraCI-Duration: 49.14s
 Real time factor: 27.9759
 UPS: 96295.775633
Vehicles:
 Inserted: 5359
 Running: 342
 Waiting: 0
Statistics (avg of 5017):
 RouteLength: 2024.38
 Speed: 8.54
 Duration: 237.51
 WaitingTime: 42.30
 TimeLoss: 90.39
 DepartDelay: 0.06
  [554/650] multiplas_emergencias/FIXO/seed=43                   ok        2m10s · restam ~32m16s
***Starting server on port 64055 ***
Loading net-file from 'C:\Users\User\Desktop\tcc-bloco8\sim\config\../rede/malha.net.xml' ... done (11ms).
Loading additional-files from 'C:\Users\User\Desktop\tcc-bloco8\sim\saida\leve_FIXO_44\malha.det.add.xml' ... done (43ms).
Loading route-files incrementally from 'C:\Users\User\Desktop\tcc-bloco8\sim\demanda\veiculos.typ.xml'
Loading route-files incrementally from 'C:\Users\User\Desktop\tcc-bloco8\sim\saida\rotas\leve_44.rou.xml'
Loading done.
Simulation version 1.27.1 started with time: 0.00.
Simulation ended at time: 3600.00.
Reason: TraCI requested termination.
Performance:
 Duration: 194.61s
 TraCI-Duration: 52.33s
 Real time factor: 18.4987
 UPS: 107023.477966
Vehicles:
 Inserted: 9144
 Running: 576
 Waiting: 0
Statistics (avg of 8568):
 RouteLength: 2022.47
 Speed: 8.60
 Duration: 235.32
 WaitingTime: 30.58
 TimeLoss: 88.20
 DepartDelay: 0.09
  [555/650] intenso/PREEMPCAO/seed=43                            ok        3m15s · restam ~31m53s
***Starting server on port 52071 ***
Loading net-file from 'C:\Users\User\Desktop\tcc-bloco8\sim\config\../rede/malha.net.xml' ... done (11ms).
Loading additional-files from 'C:\Users\User\Desktop\tcc-bloco8\sim\saida\leve_PREEMPCAO_44\malha.det.add.xml' ... done (63ms).
Loading route-files incrementally from 'C:\Users\User\Desktop\tcc-bloco8\sim\demanda\veiculos.typ.xml'
Loading route-files incrementally from 'C:\Users\User\Desktop\tcc-bloco8\sim\saida\rotas\leve_44.rou.xml'
Loading done.
Simulation version 1.27.1 started with time: 0.00.
Simulation ended at time: 3600.00.
Reason: TraCI requested termination.
Performance:
 Duration: 207.61s
 TraCI-Duration: 51.89s
 Real time factor: 17.3399
 UPS: 105311.664917
Vehicles:
 Inserted: 9144
 Running: 652
 Waiting: 0
Statistics (avg of 8492):
 RouteLength: 2017.53
 Speed: 8.14
 Duration: 247.12
 WaitingTime: 35.09
 TimeLoss: 100.09
 DepartDelay: 0.09
  [556/650] intenso/FIXO/seed=43                                 ok        3m28s · restam ~31m32s
***Starting server on port 52093 ***
Loading net-file from 'C:\Users\User\Desktop\tcc-bloco8\sim\config\../rede/malha.net.xml' ... done (7ms).
Loading additional-files from 'C:\Users\User\Desktop\tcc-bloco8\sim\saida\leve_PREEMPCAO_COMPENSADA_44\malha.det.add.xml' ... done (39ms).
Loading route-files incrementally from 'C:\Users\User\Desktop\tcc-bloco8\sim\demanda\veiculos.typ.xml'
Loading route-files incrementally from 'C:\Users\User\Desktop\tcc-bloco8\sim\saida\rotas\leve_44.rou.xml'
Loading done.
Simulation version 1.27.1 started with time: 0.00.
Simulation ended at time: 3600.00.
Reason: TraCI requested termination.
Performance:
 Duration: 203.84s
 TraCI-Duration: 54.59s
 Real time factor: 17.6613
 UPS: 103864.238898
Vehicles:
 Inserted: 9144
 Running: 599
 Waiting: 0
Statistics (avg of 8545):
 RouteLength: 2020.96
 Speed: 8.44
 Duration: 239.27
 WaitingTime: 33.46
 TimeLoss: 92.17
 DepartDelay: 0.09
  [557/650] intenso/PREEMPCAO_COMPENSADA/seed=43                 ok        3m25s · restam ~31m12s
***Starting server on port 52127 ***
Loading net-file from 'C:\Users\User\Desktop\tcc-bloco8\sim\config\../rede/malha.net.xml' ... done (6ms).
Loading additional-files from 'C:\Users\User\Desktop\tcc-bloco8\sim\saida\moderado_FIXO_44\malha.det.add.xml' ... done (48ms).
Loading route-files incrementally from 'C:\Users\User\Desktop\tcc-bloco8\sim\demanda\veiculos.typ.xml'
Loading route-files incrementally from 'C:\Users\User\Desktop\tcc-bloco8\sim\saida\rotas\moderado_44.rou.xml'
Loading done.
Simulation version 1.27.1 started with time: 0.00.
Simulation ended at time: 3600.00.
Reason: TraCI requested termination.
Performance:
 Duration: 116.60s
 TraCI-Duration: 51.27s
 Real time factor: 30.8751
 UPS: 91838.291924
Vehicles:
 Inserted: 5359
 Running: 271
 Waiting: 0
Statistics (avg of 5088):
 RouteLength: 2031.74
 Speed: 9.96
 Duration: 204.79
 WaitingTime: 24.27
 TimeLoss: 57.58
 DepartDelay: 0.06
  [558/650] multiplas_emergencias/PREEMPCAO_COMPENSADA/seed=43   ok        1m58s · restam ~30m49s
***Starting server on port 52135 ***
Loading net-file from 'C:\Users\User\Desktop\tcc-bloco8\sim\config\../rede/malha.net.xml' ... done (6ms).
Loading additional-files from 'C:\Users\User\Desktop\tcc-bloco8\sim\saida\moderado_PREEMPCAO_44\malha.det.add.xml' ... done (39ms).
Loading route-files incrementally from 'C:\Users\User\Desktop\tcc-bloco8\sim\demanda\veiculos.typ.xml'
Loading route-files incrementally from 'C:\Users\User\Desktop\tcc-bloco8\sim\saida\rotas\moderado_44.rou.xml'
Loading done.
Simulation version 1.27.1 started with time: 0.00.
Simulation ended at time: 3600.00.
Reason: TraCI requested termination.
Performance:
 Duration: 71.09s
 TraCI-Duration: 45.80s
 Real time factor: 50.6422
 UPS: 60276.323378
Vehicles:
 Inserted: 2276
 Running: 131
 Waiting: 0
Statistics (avg of 2145):
 RouteLength: 2030.63
 Speed: 10.60
 Duration: 193.01
 WaitingTime: 25.42
 TimeLoss: 45.43
 DepartDelay: 0.05
  [559/650] leve/PREEMPCAO/seed=44                               ok        1m12s · restam ~30m31s
***Starting server on port 52188 ***
Loading net-file from 'C:\Users\User\Desktop\tcc-bloco8\sim\config\../rede/malha.net.xml' ... done (9ms).
Loading additional-files from 'C:\Users\User\Desktop\tcc-bloco8\sim\saida\moderado_PREEMPCAO_COMPENSADA_44\malha.det.add.xml' ... done (44ms).
Loading route-files incrementally from 'C:\Users\User\Desktop\tcc-bloco8\sim\demanda\veiculos.typ.xml'
Loading route-files incrementally from 'C:\Users\User\Desktop\tcc-bloco8\sim\saida\rotas\moderado_44.rou.xml'
Loading done.
Simulation version 1.27.1 started with time: 0.00.
Simulation ended at time: 3600.00.
Reason: TraCI requested termination.
Performance:
 Duration: 76.96s
 TraCI-Duration: 45.76s
 Real time factor: 46.7775
 UPS: 66510.888773
Vehicles:
 Inserted: 2276
 Running: 165
 Waiting: 0
Statistics (avg of 2111):
 RouteLength: 2019.37
 Speed: 8.79
 Duration: 231.13
 WaitingTime: 52.02
 TimeLoss: 83.83
 DepartDelay: 0.05
  [560/650] leve/FIXO/seed=44                                    ok        1m18s · restam ~30m08s
***Starting server on port 52196 ***
Loading net-file from 'C:\Users\User\Desktop\tcc-bloco8\sim\config\../rede/malha.net.xml' ... done (14ms).
Loading additional-files from 'C:\Users\User\Desktop\tcc-bloco8\sim\saida\intenso_FIXO_44\malha.det.add.xml' ... done (75ms).
Loading route-files incrementally from 'C:\Users\User\Desktop\tcc-bloco8\sim\demanda\veiculos.typ.xml'
Loading route-files incrementally from 'C:\Users\User\Desktop\tcc-bloco8\sim\saida\rotas\intenso_44.rou.xml'
Loading done.
Simulation version 1.27.1 started with time: 0.00.
Simulation ended at time: 3600.00.
Reason: TraCI requested termination.
Performance:
 Duration: 72.42s
 TraCI-Duration: 46.80s
 Real time factor: 49.7135
 UPS: 60067.154595
Vehicles:
 Inserted: 2276
 Running: 126
 Waiting: 0
Statistics (avg of 2150):
 RouteLength: 2028.92
 Speed: 10.40
 Duration: 195.95
 WaitingTime: 26.98
 TimeLoss: 48.39
 DepartDelay: 0.05
  [561/650] leve/PREEMPCAO_COMPENSADA/seed=44                    ok        1m13s · restam ~29m47s
***Starting server on port 54076 ***
Loading net-file from 'C:\Users\User\Desktop\tcc-bloco8\sim\config\../rede/malha.net.xml' ... done (9ms).
Loading additional-files from 'C:\Users\User\Desktop\tcc-bloco8\sim\saida\intenso_PREEMPCAO_44\malha.det.add.xml' ... done (85ms).
Loading route-files incrementally from 'C:\Users\User\Desktop\tcc-bloco8\sim\demanda\veiculos.typ.xml'
Loading route-files incrementally from 'C:\Users\User\Desktop\tcc-bloco8\sim\saida\rotas\intenso_44.rou.xml'
Loading done.
Simulation version 1.27.1 started with time: 0.00.
Simulation ended at time: 3600.00.
Reason: TraCI requested termination.
Performance:
 Duration: 109.69s
 TraCI-Duration: 48.55s
 Real time factor: 32.8201
 UPS: 97334.901403
Vehicles:
 Inserted: 5359
 Running: 259
 Waiting: 0
Statistics (avg of 5100):
 RouteLength: 2031.65
 Speed: 9.97
 Duration: 204.19
 WaitingTime: 23.88
 TimeLoss: 56.95
 DepartDelay: 0.06
  [562/650] multiplas_emergencias/PREEMPCAO_ML/seed=43           ok        1m50s · restam ~29m26s
***Starting server on port 54096 ***
Loading net-file from 'C:\Users\User\Desktop\tcc-bloco8\sim\config\../rede/malha.net.xml' ... done (9ms).
Loading additional-files from 'C:\Users\User\Desktop\tcc-bloco8\sim\saida\intenso_PREEMPCAO_COMPENSADA_44\malha.det.add.xml' ... done (47ms).
Loading route-files incrementally from 'C:\Users\User\Desktop\tcc-bloco8\sim\demanda\veiculos.typ.xml'
Loading route-files incrementally from 'C:\Users\User\Desktop\tcc-bloco8\sim\saida\rotas\intenso_44.rou.xml'
Loading done.
Simulation version 1.27.1 started with time: 0.00.
Simulation ended at time: 3600.00.
Reason: TraCI requested termination.
Performance:
 Duration: 104.27s
 TraCI-Duration: 46.42s
 Real time factor: 34.5274
 UPS: 102021.550856
Vehicles:
 Inserted: 5315
 Running: 239
 Waiting: 0
Statistics (avg of 5076):
 RouteLength: 2029.47
 Speed: 9.94
 Duration: 204.65
 WaitingTime: 22.79
 TimeLoss: 57.26
 DepartDelay: 0.06
  [563/650] moderado/PREEMPCAO/seed=44                           ok        1m47s · restam ~29m10s
***Starting server on port 54167 ***
Loading net-file from 'C:\Users\User\Desktop\tcc-bloco8\sim\config\../rede/malha.net.xml' ... done (13ms).
Loading additional-files from 'C:\Users\User\Desktop\tcc-bloco8\sim\saida\multiplas_emergencias_FIXO_44\malha.det.add.xml' ... done (36ms).
Loading route-files incrementally from 'C:\Users\User\Desktop\tcc-bloco8\sim\demanda\veiculos.typ.xml'
Loading route-files incrementally from 'C:\Users\User\Desktop\tcc-bloco8\sim\saida\rotas\multiplas_emergencias_44.rou.xml'
Loading done.
Simulation version 1.27.1 started with time: 0.00.
Simulation ended at time: 3600.00.
Reason: TraCI requested termination.
Performance:
 Duration: 125.34s
 TraCI-Duration: 46.56s
 Real time factor: 28.7223
 UPS: 98282.117155
Vehicles:
 Inserted: 5315
 Running: 303
 Waiting: 0
Statistics (avg of 5012):
 RouteLength: 2021.13
 Speed: 8.53
 Duration: 237.30
 WaitingTime: 41.62
 TimeLoss: 90.07
 DepartDelay: 0.06
  [564/650] moderado/FIXO/seed=44                                ok        2m06s · restam ~28m49s
***Starting server on port 54194 ***
Loading net-file from 'C:\Users\User\Desktop\tcc-bloco8\sim\config\../rede/malha.net.xml' ... done (7ms).
Loading additional-files from 'C:\Users\User\Desktop\tcc-bloco8\sim\saida\multiplas_emergencias_PREEMPCAO_44\malha.det.add.xml' ... done (48ms).
Loading route-files incrementally from 'C:\Users\User\Desktop\tcc-bloco8\sim\demanda\veiculos.typ.xml'
Loading route-files incrementally from 'C:\Users\User\Desktop\tcc-bloco8\sim\saida\rotas\multiplas_emergencias_44.rou.xml'
Loading done.
Simulation version 1.27.1 started with time: 0.00.
Simulation ended at time: 3600.00.
Reason: TraCI requested termination.
Performance:
 Duration: 117.52s
 TraCI-Duration: 47.27s
 Real time factor: 30.6333
 UPS: 92154.051685
Vehicles:
 Inserted: 5315
 Running: 235
 Waiting: 0
Statistics (avg of 5080):
 RouteLength: 2028.26
 Speed: 9.76
 Duration: 208.41
 WaitingTime: 25.85
 TimeLoss: 61.05
 DepartDelay: 0.06
  [565/650] moderado/PREEMPCAO_COMPENSADA/seed=44                ok        1m58s · restam ~28m30s
***Starting server on port 54238 ***
Loading net-file from 'C:\Users\User\Desktop\tcc-bloco8\sim\config\../rede/malha.net.xml' ... done (6ms).
Loading additional-files from 'C:\Users\User\Desktop\tcc-bloco8\sim\saida\multiplas_emergencias_PREEMPCAO_COMPENSADA_44\malha.det.add.xml' ... done (36ms).
Loading route-files incrementally from 'C:\Users\User\Desktop\tcc-bloco8\sim\demanda\veiculos.typ.xml'
Loading route-files incrementally from 'C:\Users\User\Desktop\tcc-bloco8\sim\saida\rotas\multiplas_emergencias_44.rou.xml'
Loading done.
Simulation version 1.27.1 started with time: 0.00.
Simulation ended at time: 3600.00.
Reason: TraCI requested termination.
Performance:
 Duration: 171.77s
 TraCI-Duration: 48.56s
 Real time factor: 20.9583
 UPS: 117127.955988
Vehicles:
 Inserted: 9058 (Loaded: 9059)
 Running: 568
 Waiting: 0
Statistics (avg of 8490):
 RouteLength: 2023.75
 Speed: 8.79
 Duration: 229.49
 WaitingTime: 28.21
 TimeLoss: 82.06
 DepartDelay: 0.08
  [566/650] intenso/PREEMPCAO/seed=44                            ok        2m52s · restam ~28m17s
***Starting server on port 54618 ***
Loading net-file from 'C:\Users\User\Desktop\tcc-bloco8\sim\config\../rede/malha.net.xml' ... done (6ms).
Loading additional-files from 'C:\Users\User\Desktop\tcc-bloco8\sim\saida\multiplas_emergencias_PREEMPCAO_ML_44\malha.det.add.xml' ... done (45ms).
Loading route-files incrementally from 'C:\Users\User\Desktop\tcc-bloco8\sim\demanda\veiculos.typ.xml'
Loading route-files incrementally from 'C:\Users\User\Desktop\tcc-bloco8\sim\saida\rotas\multiplas_emergencias_44.rou.xml'
Loading done.
Simulation version 1.27.1 started with time: 0.00.
Simulation ended at time: 3600.00.
Reason: TraCI requested termination.
Performance:
 Duration: 184.08s
 TraCI-Duration: 47.92s
 Real time factor: 19.5565
 UPS: 117549.027064
Vehicles:
 Inserted: 9058 (Loaded: 9059)
 Running: 677
 Waiting: 0
Statistics (avg of 8381):
 RouteLength: 2018.46
 Speed: 8.14
 Duration: 247.11
 WaitingTime: 34.95
 TimeLoss: 99.79
 DepartDelay: 0.08
  [567/650] intenso/FIXO/seed=44                                 ok        3m05s · restam ~27m54s
***Starting server on port 54625 ***
Loading net-file from 'C:\Users\User\Desktop\tcc-bloco8\sim\config\../rede/malha.net.xml' ... done (6ms).
Loading additional-files from 'C:\Users\User\Desktop\tcc-bloco8\sim\saida\leve_FIXO_45\malha.det.add.xml' ... done (48ms).
Loading route-files incrementally from 'C:\Users\User\Desktop\tcc-bloco8\sim\demanda\veiculos.typ.xml'
Loading route-files incrementally from 'C:\Users\User\Desktop\tcc-bloco8\sim\saida\rotas\leve_45.rou.xml'
Loading done.
Simulation version 1.27.1 started with time: 0.00.
Simulation ended at time: 3600.00.
Reason: TraCI requested termination.
Performance:
 Duration: 102.58s
 TraCI-Duration: 46.21s
 Real time factor: 35.0939
 UPS: 104569.329902
Vehicles:
 Inserted: 5321
 Running: 225
 Waiting: 0
Statistics (avg of 5096):
 RouteLength: 2030.12
 Speed: 9.88
 Duration: 206.16
 WaitingTime: 24.18
 TimeLoss: 58.78
 DepartDelay: 0.06
  [568/650] multiplas_emergencias/PREEMPCAO/seed=44              ok        1m43s · restam ~27m32s
***Starting server on port 49361 ***
Loading net-file from 'C:\Users\User\Desktop\tcc-bloco8\sim\config\../rede/malha.net.xml' ... done (6ms).
Loading additional-files from 'C:\Users\User\Desktop\tcc-bloco8\sim\saida\leve_PREEMPCAO_45\malha.det.add.xml' ... done (39ms).
Loading route-files incrementally from 'C:\Users\User\Desktop\tcc-bloco8\sim\demanda\veiculos.typ.xml'
Loading route-files incrementally from 'C:\Users\User\Desktop\tcc-bloco8\sim\saida\rotas\leve_45.rou.xml'
Loading done.
Simulation version 1.27.1 started with time: 0.00.
Simulation ended at time: 3600.00.
Reason: TraCI requested termination.
Performance:
 Duration: 119.63s
 TraCI-Duration: 45.97s
 Real time factor: 30.094
 UPS: 103136.083595
Vehicles:
 Inserted: 5321
 Running: 303
 Waiting: 0
Statistics (avg of 5018):
 RouteLength: 2021.69
 Speed: 8.53
 Duration: 237.40
 WaitingTime: 41.66
 TimeLoss: 90.18
 DepartDelay: 0.06
  [569/650] multiplas_emergencias/FIXO/seed=44                   ok        2m01s · restam ~27m09s
***Starting server on port 59525 ***
Loading net-file from 'C:\Users\User\Desktop\tcc-bloco8\sim\config\../rede/malha.net.xml' ... done (6ms).
Loading additional-files from 'C:\Users\User\Desktop\tcc-bloco8\sim\saida\leve_PREEMPCAO_COMPENSADA_45\malha.det.add.xml' ... done (44ms).
Loading route-files incrementally from 'C:\Users\User\Desktop\tcc-bloco8\sim\demanda\veiculos.typ.xml'
Loading route-files incrementally from 'C:\Users\User\Desktop\tcc-bloco8\sim\saida\rotas\leve_45.rou.xml'
Loading done.
Simulation version 1.27.1 started with time: 0.00.
Simulation ended at time: 3600.00.
Reason: TraCI requested termination.
Performance:
 Duration: 176.86s
 TraCI-Duration: 49.76s
 Real time factor: 20.3554
 UPS: 115173.026796
Vehicles:
 Inserted: 9058 (Loaded: 9059)
 Running: 593
 Waiting: 0
Statistics (avg of 8465):
 RouteLength: 2022.59
 Speed: 8.69
 Duration: 232.36
 WaitingTime: 30.61
 TimeLoss: 84.96
 DepartDelay: 0.08
  [570/650] intenso/PREEMPCAO_COMPENSADA/seed=44                 ok        2m58s · restam ~26m47s
***Starting server on port 61415 ***
Loading net-file from 'C:\Users\User\Desktop\tcc-bloco8\sim\config\../rede/malha.net.xml' ... done (13ms).
Loading additional-files from 'C:\Users\User\Desktop\tcc-bloco8\sim\saida\moderado_FIXO_45\malha.det.add.xml' ... done (45ms).
Loading route-files incrementally from 'C:\Users\User\Desktop\tcc-bloco8\sim\demanda\veiculos.typ.xml'
Loading route-files incrementally from 'C:\Users\User\Desktop\tcc-bloco8\sim\saida\rotas\moderado_45.rou.xml'
Loading done.
Simulation version 1.27.1 started with time: 0.00.
Simulation ended at time: 3600.00.
Reason: TraCI requested termination.
Performance:
 Duration: 104.37s
 TraCI-Duration: 47.47s
 Real time factor: 34.4927
 UPS: 103511.832902
Vehicles:
 Inserted: 5321
 Running: 240
 Waiting: 0
Statistics (avg of 5081):
 RouteLength: 2029.53
 Speed: 9.80
 Duration: 207.72
 WaitingTime: 25.48
 TimeLoss: 60.34
 DepartDelay: 0.06
  [571/650] multiplas_emergencias/PREEMPCAO_COMPENSADA/seed=44   ok        1m45s · restam ~26m27s
***Starting server on port 61449 ***
Loading net-file from 'C:\Users\User\Desktop\tcc-bloco8\sim\config\../rede/malha.net.xml' ... done (6ms).
Loading additional-files from 'C:\Users\User\Desktop\tcc-bloco8\sim\saida\moderado_PREEMPCAO_45\malha.det.add.xml' ... done (39ms).
Loading route-files incrementally from 'C:\Users\User\Desktop\tcc-bloco8\sim\demanda\veiculos.typ.xml'
Loading route-files incrementally from 'C:\Users\User\Desktop\tcc-bloco8\sim\saida\rotas\moderado_45.rou.xml'
Loading done.
Simulation version 1.27.1 started with time: 0.00.
Simulation ended at time: 3600.00.
Reason: TraCI requested termination.
Performance:
 Duration: 69.78s
 TraCI-Duration: 45.24s
 Real time factor: 51.5885
 UPS: 60645.658685
Vehicles:
 Inserted: 2270
 Running: 119
 Waiting: 0
Statistics (avg of 2151):
 RouteLength: 2031.52
 Speed: 10.69
 Duration: 191.57
 WaitingTime: 23.99
 TimeLoss: 43.78
 DepartDelay: 0.05
  [572/650] leve/PREEMPCAO/seed=45                               ok        1m10s · restam ~26m10s
***Starting server on port 49261 ***
Loading net-file from 'C:\Users\User\Desktop\tcc-bloco8\sim\config\../rede/malha.net.xml' ... done (13ms).
Loading additional-files from 'C:\Users\User\Desktop\tcc-bloco8\sim\saida\moderado_PREEMPCAO_COMPENSADA_45\malha.det.add.xml' ... done (77ms).
Loading route-files incrementally from 'C:\Users\User\Desktop\tcc-bloco8\sim\demanda\veiculos.typ.xml'
Loading route-files incrementally from 'C:\Users\User\Desktop\tcc-bloco8\sim\saida\rotas\moderado_45.rou.xml'
Loading done.
Simulation version 1.27.1 started with time: 0.00.
Simulation ended at time: 3600.00.
Reason: TraCI requested termination.
Performance:
 Duration: 76.32s
 TraCI-Duration: 45.16s
 Real time factor: 47.1686
 UPS: 66914.362831
Vehicles:
 Inserted: 2270
 Running: 152
 Waiting: 0
Statistics (avg of 2118):
 RouteLength: 2021.47
 Speed: 8.77
 Duration: 231.71
 WaitingTime: 52.00
 TimeLoss: 84.09
 DepartDelay: 0.05
  [573/650] leve/FIXO/seed=45                                    ok        1m17s · restam ~25m47s
***Starting server on port 49270 ***
Loading net-file from 'C:\Users\User\Desktop\tcc-bloco8\sim\config\../rede/malha.net.xml' ... done (6ms).
Loading additional-files from 'C:\Users\User\Desktop\tcc-bloco8\sim\saida\intenso_FIXO_45\malha.det.add.xml' ... done (35ms).
Loading route-files incrementally from 'C:\Users\User\Desktop\tcc-bloco8\sim\demanda\veiculos.typ.xml'
Loading route-files incrementally from 'C:\Users\User\Desktop\tcc-bloco8\sim\saida\rotas\intenso_45.rou.xml'
Loading done.
Simulation version 1.27.1 started with time: 0.00.
Simulation ended at time: 3600.00.
Reason: TraCI requested termination.
Performance:
 Duration: 71.51s
 TraCI-Duration: 46.56s
 Real time factor: 50.3405
 UPS: 60161.718848
Vehicles:
 Inserted: 2270
 Running: 124
 Waiting: 0
Statistics (avg of 2146):
 RouteLength: 2032.31
 Speed: 10.53
 Duration: 194.83
 WaitingTime: 26.40
 TimeLoss: 47.03
 DepartDelay: 0.05
  [574/650] leve/PREEMPCAO_COMPENSADA/seed=45                    ok        1m12s · restam ~25m25s
***Starting server on port 49277 ***
Loading net-file from 'C:\Users\User\Desktop\tcc-bloco8\sim\config\../rede/malha.net.xml' ... done (6ms).
Loading additional-files from 'C:\Users\User\Desktop\tcc-bloco8\sim\saida\intenso_PREEMPCAO_45\malha.det.add.xml' ... done (47ms).
Loading route-files incrementally from 'C:\Users\User\Desktop\tcc-bloco8\sim\demanda\veiculos.typ.xml'
Loading route-files incrementally from 'C:\Users\User\Desktop\tcc-bloco8\sim\saida\rotas\intenso_45.rou.xml'
Loading done.
Simulation version 1.27.1 started with time: 0.00.
Simulation ended at time: 3600.00.
Reason: TraCI requested termination.
Performance:
 Duration: 107.02s
 TraCI-Duration: 47.57s
 Real time factor: 33.6398
 UPS: 100476.059655
Vehicles:
 Inserted: 5321
 Running: 234
 Waiting: 0
Statistics (avg of 5087):
 RouteLength: 2031.26
 Speed: 9.86
 Duration: 206.71
 WaitingTime: 25.02
 TimeLoss: 59.28
 DepartDelay: 0.06
  [575/650] multiplas_emergencias/PREEMPCAO_ML/seed=44           ok        1m48s · restam ~25m06s
***Starting server on port 49318 ***
Loading net-file from 'C:\Users\User\Desktop\tcc-bloco8\sim\config\../rede/malha.net.xml' ... done (9ms).
Loading additional-files from 'C:\Users\User\Desktop\tcc-bloco8\sim\saida\intenso_PREEMPCAO_COMPENSADA_45\malha.det.add.xml' ... done (46ms).
Loading route-files incrementally from 'C:\Users\User\Desktop\tcc-bloco8\sim\demanda\veiculos.typ.xml'
Loading route-files incrementally from 'C:\Users\User\Desktop\tcc-bloco8\sim\saida\rotas\intenso_45.rou.xml'
Loading done.
Simulation version 1.27.1 started with time: 0.00.
Simulation ended at time: 3600.00.
Reason: TraCI requested termination.
Performance:
 Duration: 115.20s
 TraCI-Duration: 46.80s
 Real time factor: 31.2514
 UPS: 105040.053822
Vehicles:
 Inserted: 5257
 Running: 341
 Waiting: 0
Statistics (avg of 4916):
 RouteLength: 2018.99
 Speed: 8.52
 Duration: 237.27
 WaitingTime: 42.11
 TimeLoss: 89.71
 DepartDelay: 0.07
  [576/650] moderado/FIXO/seed=45                                ok        1m56s · restam ~24m46s
***Starting server on port 49355 ***
Loading net-file from 'C:\Users\User\Desktop\tcc-bloco8\sim\config\../rede/malha.net.xml' ... done (6ms).
Loading additional-files from 'C:\Users\User\Desktop\tcc-bloco8\sim\saida\multiplas_emergencias_FIXO_45\malha.det.add.xml' ... done (37ms).
Loading route-files incrementally from 'C:\Users\User\Desktop\tcc-bloco8\sim\demanda\veiculos.typ.xml'
Loading route-files incrementally from 'C:\Users\User\Desktop\tcc-bloco8\sim\saida\rotas\multiplas_emergencias_45.rou.xml'
Loading done.
Simulation version 1.27.1 started with time: 0.00.
Simulation ended at time: 3600.00.
Reason: TraCI requested termination.
Performance:
 Duration: 102.50s
 TraCI-Duration: 46.61s
 Real time factor: 35.1213
 UPS: 100727.829701
Vehicles:
 Inserted: 5257
 Running: 290
 Waiting: 0
Statistics (avg of 4967):
 RouteLength: 2023.67
 Speed: 10.05
 Duration: 201.83
 WaitingTime: 22.43
 TimeLoss: 54.17
 DepartDelay: 0.07
  [577/650] moderado/PREEMPCAO/seed=45                           ok        1m43s · restam ~24m25s
***Starting server on port 49371 ***
Loading net-file from 'C:\Users\User\Desktop\tcc-bloco8\sim\config\../rede/malha.net.xml' ... done (6ms).
Loading additional-files from 'C:\Users\User\Desktop\tcc-bloco8\sim\saida\multiplas_emergencias_PREEMPCAO_45\malha.det.add.xml' ... done (42ms).
Loading route-files incrementally from 'C:\Users\User\Desktop\tcc-bloco8\sim\demanda\veiculos.typ.xml'
Loading route-files incrementally from 'C:\Users\User\Desktop\tcc-bloco8\sim\saida\rotas\multiplas_emergencias_45.rou.xml'
Loading done.
Simulation version 1.27.1 started with time: 0.00.
Simulation ended at time: 3600.00.
Reason: TraCI requested termination.
Performance:
 Duration: 107.90s
 TraCI-Duration: 47.59s
 Real time factor: 33.3655
 UPS: 99772.540224
Vehicles:
 Inserted: 5257
 Running: 291
 Waiting: 0
Statistics (avg of 4966):
 RouteLength: 2025.80
 Speed: 9.62
 Duration: 210.72
 WaitingTime: 27.20
 TimeLoss: 63.06
 DepartDelay: 0.07
  [578/650] moderado/PREEMPCAO_COMPENSADA/seed=45                ok        1m49s · restam ~24m08s
***Starting server on port 54358 ***
Loading net-file from 'C:\Users\User\Desktop\tcc-bloco8\sim\config\../rede/malha.net.xml' ... done (9ms).
Loading additional-files from 'C:\Users\User\Desktop\tcc-bloco8\sim\saida\multiplas_emergencias_PREEMPCAO_COMPENSADA_45\malha.det.add.xml' ... done (57ms).
Loading route-files incrementally from 'C:\Users\User\Desktop\tcc-bloco8\sim\demanda\veiculos.typ.xml'
Loading route-files incrementally from 'C:\Users\User\Desktop\tcc-bloco8\sim\saida\rotas\multiplas_emergencias_45.rou.xml'
Loading done.
Simulation version 1.27.1 started with time: 0.00.
Simulation ended at time: 3600.00.
Reason: TraCI requested termination.
Performance:
 Duration: 102.48s
 TraCI-Duration: 46.56s
 Real time factor: 35.1291
 UPS: 101127.060178
Vehicles:
 Inserted: 5263
 Running: 288
 Waiting: 0
Statistics (avg of 4975):
 RouteLength: 2024.63
 Speed: 10.04
 Duration: 202.33
 WaitingTime: 22.62
 TimeLoss: 54.69
 DepartDelay: 0.07
  [579/650] multiplas_emergencias/PREEMPCAO/seed=45              ok        1m43s · restam ~23m52s
***Starting server on port 54440 ***
Loading net-file from 'C:\Users\User\Desktop\tcc-bloco8\sim\config\../rede/malha.net.xml' ... done (7ms).
Loading additional-files from 'C:\Users\User\Desktop\tcc-bloco8\sim\saida\multiplas_emergencias_PREEMPCAO_ML_45\malha.det.add.xml' ... done (52ms).
Loading route-files incrementally from 'C:\Users\User\Desktop\tcc-bloco8\sim\demanda\veiculos.typ.xml'
Loading route-files incrementally from 'C:\Users\User\Desktop\tcc-bloco8\sim\saida\rotas\multiplas_emergencias_45.rou.xml'
Loading done.
Simulation version 1.27.1 started with time: 0.00.
Simulation ended at time: 3600.00.
Reason: TraCI requested termination.
Performance:
 Duration: 116.62s
 TraCI-Duration: 46.99s
 Real time factor: 30.87
 UPS: 103894.896157
Vehicles:
 Inserted: 5263
 Running: 341
 Waiting: 0
Statistics (avg of 4922):
 RouteLength: 2019.56
 Speed: 8.52
 Duration: 237.30
 WaitingTime: 42.09
 TimeLoss: 89.76
 DepartDelay: 0.07
  [580/650] multiplas_emergencias/FIXO/seed=45                   ok        1m57s · restam ~23m30s
***Starting server on port 54452 ***
Loading net-file from 'C:\Users\User\Desktop\tcc-bloco8\sim\config\../rede/malha.net.xml' ... done (7ms).
Loading additional-files from 'C:\Users\User\Desktop\tcc-bloco8\sim\saida\leve_FIXO_46\malha.det.add.xml' ... done (41ms).
Loading route-files incrementally from 'C:\Users\User\Desktop\tcc-bloco8\sim\demanda\veiculos.typ.xml'
Loading route-files incrementally from 'C:\Users\User\Desktop\tcc-bloco8\sim\saida\rotas\leve_46.rou.xml'
Loading done.
Simulation version 1.27.1 started with time: 0.00.
Simulation ended at time: 3600.00.
Reason: TraCI requested termination.
Performance:
 Duration: 171.61s
 TraCI-Duration: 50.09s
 Real time factor: 20.9773
 UPS: 118335.112520
Vehicles:
 Inserted: 9049
 Running: 559
 Waiting: 0
Statistics (avg of 8490):
 RouteLength: 2012.07
 Speed: 8.67
 Duration: 231.23
 WaitingTime: 29.43
 TimeLoss: 83.90
 DepartDelay: 0.10
  [581/650] intenso/PREEMPCAO/seed=45                            ok        2m52s · restam ~23m08s
***Starting server on port 54459 ***
Loading net-file from 'C:\Users\User\Desktop\tcc-bloco8\sim\config\../rede/malha.net.xml' ... done (6ms).
Loading additional-files from 'C:\Users\User\Desktop\tcc-bloco8\sim\saida\leve_PREEMPCAO_46\malha.det.add.xml' ... done (39ms).
Loading route-files incrementally from 'C:\Users\User\Desktop\tcc-bloco8\sim\demanda\veiculos.typ.xml'
Loading route-files incrementally from 'C:\Users\User\Desktop\tcc-bloco8\sim\saida\rotas\leve_46.rou.xml'
Loading done.
Simulation version 1.27.1 started with time: 0.00.
Simulation ended at time: 3600.00.
Reason: TraCI requested termination.
Performance:
 Duration: 182.32s
 TraCI-Duration: 48.85s
 Real time factor: 19.746
 UPS: 118160.518882
Vehicles:
 Inserted: 9049
 Running: 605
 Waiting: 0
Statistics (avg of 8444):
 RouteLength: 2006.95
 Speed: 8.15
 Duration: 245.41
 WaitingTime: 34.78
 TimeLoss: 98.17
 DepartDelay: 0.10
  [582/650] intenso/FIXO/seed=45                                 ok        3m03s · restam ~22m47s
***Starting server on port 54475 ***
Loading net-file from 'C:\Users\User\Desktop\tcc-bloco8\sim\config\../rede/malha.net.xml' ... done (6ms).
Loading additional-files from 'C:\Users\User\Desktop\tcc-bloco8\sim\saida\leve_PREEMPCAO_COMPENSADA_46\malha.det.add.xml' ... done (40ms).
Loading route-files incrementally from 'C:\Users\User\Desktop\tcc-bloco8\sim\demanda\veiculos.typ.xml'
Loading route-files incrementally from 'C:\Users\User\Desktop\tcc-bloco8\sim\saida\rotas\leve_46.rou.xml'
Loading done.
Simulation version 1.27.1 started with time: 0.00.
Simulation ended at time: 3600.00.
Reason: TraCI requested termination.
Performance:
 Duration: 174.99s
 TraCI-Duration: 50.87s
 Real time factor: 20.5732
 UPS: 118160.030860
Vehicles:
 Inserted: 9049
 Running: 509
 Waiting: 0
Statistics (avg of 8540):
 RouteLength: 2014.43
 Speed: 8.54
 Duration: 235.65
 WaitingTime: 31.98
 TimeLoss: 88.25
 DepartDelay: 0.10
  [583/650] intenso/PREEMPCAO_COMPENSADA/seed=45                 ok        2m56s · restam ~22m27s
***Starting server on port 55066 ***
Loading net-file from 'C:\Users\User\Desktop\tcc-bloco8\sim\config\../rede/malha.net.xml' ... done (6ms).
Loading additional-files from 'C:\Users\User\Desktop\tcc-bloco8\sim\saida\moderado_FIXO_46\malha.det.add.xml' ... done (40ms).
Loading route-files incrementally from 'C:\Users\User\Desktop\tcc-bloco8\sim\demanda\veiculos.typ.xml'
Loading route-files incrementally from 'C:\Users\User\Desktop\tcc-bloco8\sim\saida\rotas\moderado_46.rou.xml'
Loading done.
Simulation version 1.27.1 started with time: 0.00.
Simulation ended at time: 3600.00.
Reason: TraCI requested termination.
Performance:
 Duration: 105.84s
 TraCI-Duration: 48.30s
 Real time factor: 34.0126
 UPS: 100109.993103
Vehicles:
 Inserted: 5263
 Running: 282
 Waiting: 0
Statistics (avg of 4981):
 RouteLength: 2025.80
 Speed: 9.81
 Duration: 207.04
 WaitingTime: 25.33
 TimeLoss: 59.39
 DepartDelay: 0.07
  [584/650] multiplas_emergencias/PREEMPCAO_COMPENSADA/seed=45   ok        1m46s · restam ~22m05s
***Starting server on port 55082 ***
Loading net-file from 'C:\Users\User\Desktop\tcc-bloco8\sim\config\../rede/malha.net.xml' ... done (7ms).
Loading additional-files from 'C:\Users\User\Desktop\tcc-bloco8\sim\saida\moderado_PREEMPCAO_46\malha.det.add.xml' ... done (40ms).
Loading route-files incrementally from 'C:\Users\User\Desktop\tcc-bloco8\sim\demanda\veiculos.typ.xml'
Loading route-files incrementally from 'C:\Users\User\Desktop\tcc-bloco8\sim\saida\rotas\moderado_46.rou.xml'
Loading done.
Simulation version 1.27.1 started with time: 0.00.
Simulation ended at time: 3600.00.
Reason: TraCI requested termination.
Performance:
 Duration: 69.30s
 TraCI-Duration: 45.21s
 Real time factor: 51.9488
 UPS: 61716.287392
Vehicles:
 Inserted: 2311
 Running: 114
 Waiting: 0
Statistics (avg of 2197):
 RouteLength: 2018.47
 Speed: 10.72
 Duration: 189.85
 WaitingTime: 23.15
 TimeLoss: 42.78
 DepartDelay: 0.05
  [585/650] leve/PREEMPCAO/seed=46                               ok        1m10s · restam ~21m47s
***Starting server on port 62537 ***
Loading net-file from 'C:\Users\User\Desktop\tcc-bloco8\sim\config\../rede/malha.net.xml' ... done (8ms).
Loading additional-files from 'C:\Users\User\Desktop\tcc-bloco8\sim\saida\moderado_PREEMPCAO_COMPENSADA_46\malha.det.add.xml' ... done (42ms).
Loading route-files incrementally from 'C:\Users\User\Desktop\tcc-bloco8\sim\demanda\veiculos.typ.xml'
Loading route-files incrementally from 'C:\Users\User\Desktop\tcc-bloco8\sim\saida\rotas\moderado_46.rou.xml'
Loading done.
Simulation version 1.27.1 started with time: 0.00.
Simulation ended at time: 3600.00.
Reason: TraCI requested termination.
Performance:
 Duration: 76.39s
 TraCI-Duration: 45.52s
 Real time factor: 47.1272
 UPS: 67801.097017
Vehicles:
 Inserted: 2311
 Running: 143
 Waiting: 0
Statistics (avg of 2168):
 RouteLength: 2008.41
 Speed: 8.75
 Duration: 230.46
 WaitingTime: 51.37
 TimeLoss: 83.63
 DepartDelay: 0.05
  [586/650] leve/FIXO/seed=46                                    ok        1m17s · restam ~21m25s
***Starting server on port 62548 ***
Loading net-file from 'C:\Users\User\Desktop\tcc-bloco8\sim\config\../rede/malha.net.xml' ... done (6ms).
Loading additional-files from 'C:\Users\User\Desktop\tcc-bloco8\sim\saida\intenso_FIXO_46\malha.det.add.xml' ... done (46ms).
Loading route-files incrementally from 'C:\Users\User\Desktop\tcc-bloco8\sim\demanda\veiculos.typ.xml'
Loading route-files incrementally from 'C:\Users\User\Desktop\tcc-bloco8\sim\saida\rotas\intenso_46.rou.xml'
Loading done.
Simulation version 1.27.1 started with time: 0.00.
Simulation ended at time: 3600.00.
Reason: TraCI requested termination.
Performance:
 Duration: 71.42s
 TraCI-Duration: 46.23s
 Real time factor: 50.406
 UPS: 61260.151218
Vehicles:
 Inserted: 2311
 Running: 114
 Waiting: 0
Statistics (avg of 2197):
 RouteLength: 2018.00
 Speed: 10.42
 Duration: 194.37
 WaitingTime: 26.52
 TimeLoss: 47.29
 DepartDelay: 0.05
  [587/650] leve/PREEMPCAO_COMPENSADA/seed=46                    ok        1m12s · restam ~21m03s
***Starting server on port 61609 ***
Loading net-file from 'C:\Users\User\Desktop\tcc-bloco8\sim\config\../rede/malha.net.xml' ... done (13ms).
Loading additional-files from 'C:\Users\User\Desktop\tcc-bloco8\sim\saida\intenso_PREEMPCAO_46\malha.det.add.xml' ... done (74ms).
Loading route-files incrementally from 'C:\Users\User\Desktop\tcc-bloco8\sim\demanda\veiculos.typ.xml'
Loading route-files incrementally from 'C:\Users\User\Desktop\tcc-bloco8\sim\saida\rotas\intenso_46.rou.xml'
Loading done.
Simulation version 1.27.1 started with time: 0.00.
Simulation ended at time: 3600.00.
Reason: TraCI requested termination.
Performance:
 Duration: 104.84s
 TraCI-Duration: 48.16s
 Real time factor: 34.3387
 UPS: 98312.234114
Vehicles:
 Inserted: 5263
 Running: 291
 Waiting: 0
Statistics (avg of 4972):
 RouteLength: 2026.96
 Speed: 10.13
 Duration: 201.24
 WaitingTime: 22.57
 TimeLoss: 53.56
 DepartDelay: 0.07
  [588/650] multiplas_emergencias/PREEMPCAO_ML/seed=45           ok        1m45s · restam ~20m43s
***Starting server on port 52383 ***
Loading net-file from 'C:\Users\User\Desktop\tcc-bloco8\sim\config\../rede/malha.net.xml' ... done (9ms).
Loading additional-files from 'C:\Users\User\Desktop\tcc-bloco8\sim\saida\intenso_PREEMPCAO_COMPENSADA_46\malha.det.add.xml' ... done (48ms).
Loading route-files incrementally from 'C:\Users\User\Desktop\tcc-bloco8\sim\demanda\veiculos.typ.xml'
Loading route-files incrementally from 'C:\Users\User\Desktop\tcc-bloco8\sim\saida\rotas\intenso_46.rou.xml'
Loading done.
Simulation version 1.27.1 started with time: 0.00.
Simulation ended at time: 3600.00.
Reason: TraCI requested termination.
Performance:
 Duration: 104.77s
 TraCI-Duration: 47.26s
 Real time factor: 34.36
 UPS: 99475.971863
Vehicles:
 Inserted: 5362
 Running: 274
 Waiting: 0
Statistics (avg of 5088):
 RouteLength: 2019.74
 Speed: 10.19
 Duration: 199.62
 WaitingTime: 21.86
 TimeLoss: 52.48
 DepartDelay: 0.06
  [589/650] moderado/PREEMPCAO/seed=46                           ok        1m45s · restam ~20m26s
***Starting server on port 52456 ***
Loading net-file from 'C:\Users\User\Desktop\tcc-bloco8\sim\config\../rede/malha.net.xml' ... done (7ms).
Loading additional-files from 'C:\Users\User\Desktop\tcc-bloco8\sim\saida\multiplas_emergencias_FIXO_46\malha.det.add.xml' ... done (45ms).
Loading route-files incrementally from 'C:\Users\User\Desktop\tcc-bloco8\sim\demanda\veiculos.typ.xml'
Loading route-files incrementally from 'C:\Users\User\Desktop\tcc-bloco8\sim\saida\rotas\multiplas_emergencias_46.rou.xml'
Loading done.
Simulation version 1.27.1 started with time: 0.00.
Simulation ended at time: 3600.00.
Reason: TraCI requested termination.
Performance:
 Duration: 119.79s
 TraCI-Duration: 47.43s
 Real time factor: 30.0521
 UPS: 102571.482236
Vehicles:
 Inserted: 5362
 Running: 355
 Waiting: 0
Statistics (avg of 5007):
 RouteLength: 2010.45
 Speed: 8.53
 Duration: 235.92
 WaitingTime: 41.41
 TimeLoss: 88.97
 DepartDelay: 0.06
  [590/650] moderado/FIXO/seed=46                                ok        2m00s · restam ~20m04s
***Starting server on port 52468 ***
Loading net-file from 'C:\Users\User\Desktop\tcc-bloco8\sim\config\../rede/malha.net.xml' ... done (6ms).
Loading additional-files from 'C:\Users\User\Desktop\tcc-bloco8\sim\saida\multiplas_emergencias_PREEMPCAO_46\malha.det.add.xml' ... done (36ms).
Loading route-files incrementally from 'C:\Users\User\Desktop\tcc-bloco8\sim\demanda\veiculos.typ.xml'
Loading route-files incrementally from 'C:\Users\User\Desktop\tcc-bloco8\sim\saida\rotas\multiplas_emergencias_46.rou.xml'
Loading done.
Simulation version 1.27.1 started with time: 0.00.
Simulation ended at time: 3600.00.
Reason: TraCI requested termination.
Performance:
 Duration: 112.17s
 TraCI-Duration: 48.94s
 Real time factor: 32.0944
 UPS: 98988.098316
Vehicles:
 Inserted: 5362
 Running: 325
 Waiting: 0
Statistics (avg of 5037):
 RouteLength: 2015.13
 Speed: 9.47
 Duration: 212.85
 WaitingTime: 28.37
 TimeLoss: 65.83
 DepartDelay: 0.06
  [591/650] moderado/PREEMPCAO_COMPENSADA/seed=46                ok        1m53s · restam ~19m45s
***Starting server on port 52514 ***
Loading net-file from 'C:\Users\User\Desktop\tcc-bloco8\sim\config\../rede/malha.net.xml' ... done (12ms).
Loading additional-files from 'C:\Users\User\Desktop\tcc-bloco8\sim\saida\multiplas_emergencias_PREEMPCAO_COMPENSADA_46\malha.det.add.xml' ... done (82ms).
Loading route-files incrementally from 'C:\Users\User\Desktop\tcc-bloco8\sim\demanda\veiculos.typ.xml'
Loading route-files incrementally from 'C:\Users\User\Desktop\tcc-bloco8\sim\saida\rotas\multiplas_emergencias_46.rou.xml'
Loading done.
Simulation version 1.27.1 started with time: 0.00.
Simulation ended at time: 3600.00.
Reason: TraCI requested termination.
Performance:
 Duration: 166.03s
 TraCI-Duration: 49.23s
 Real time factor: 21.6828
 UPS: 119210.949828
Vehicles:
 Inserted: 9045
 Running: 531
 Waiting: 0
Statistics (avg of 8514):
 RouteLength: 2025.79
 Speed: 9.00
 Duration: 225.92
 WaitingTime: 27.53
 TimeLoss: 78.56
 DepartDelay: 0.09
  [592/650] intenso/PREEMPCAO/seed=46                            ok        2m47s · restam ~19m29s
***Starting server on port 52339 ***
Loading net-file from 'C:\Users\User\Desktop\tcc-bloco8\sim\config\../rede/malha.net.xml' ... done (7ms).
Loading additional-files from 'C:\Users\User\Desktop\tcc-bloco8\sim\saida\multiplas_emergencias_PREEMPCAO_ML_46\malha.det.add.xml' ... done (46ms).
Loading route-files incrementally from 'C:\Users\User\Desktop\tcc-bloco8\sim\demanda\veiculos.typ.xml'
Loading route-files incrementally from 'C:\Users\User\Desktop\tcc-bloco8\sim\saida\rotas\multiplas_emergencias_46.rou.xml'
Loading done.
Simulation version 1.27.1 started with time: 0.00.
Simulation ended at time: 3600.00.
Reason: TraCI requested termination.
Performance:
 Duration: 103.16s
 TraCI-Duration: 46.65s
 Real time factor: 34.8976
 UPS: 104025.543094
Vehicles:
 Inserted: 5368
 Running: 275
 Waiting: 0
Statistics (avg of 5093):
 RouteLength: 2019.81
 Speed: 9.86
 Duration: 205.47
 WaitingTime: 24.22
 TimeLoss: 58.34
 DepartDelay: 0.06
  [593/650] multiplas_emergencias/PREEMPCAO/seed=46              ok        1m44s · restam ~19m08s
***Starting server on port 52353 ***
Loading net-file from 'C:\Users\User\Desktop\tcc-bloco8\sim\config\../rede/malha.net.xml' ... done (6ms).
Loading additional-files from 'C:\Users\User\Desktop\tcc-bloco8\sim\saida\leve_FIXO_47\malha.det.add.xml' ... done (47ms).
Loading route-files incrementally from 'C:\Users\User\Desktop\tcc-bloco8\sim\demanda\veiculos.typ.xml'
Loading route-files incrementally from 'C:\Users\User\Desktop\tcc-bloco8\sim\saida\rotas\leve_47.rou.xml'
Loading done.
Simulation version 1.27.1 started with time: 0.00.
Simulation ended at time: 3600.00.
Reason: TraCI requested termination.
Performance:
 Duration: 182.17s
 TraCI-Duration: 49.03s
 Real time factor: 19.7615
 UPS: 119228.207408
Vehicles:
 Inserted: 9045
 Running: 639
 Waiting: 0
Statistics (avg of 8406):
 RouteLength: 2018.81
 Speed: 8.11
 Duration: 248.37
 WaitingTime: 35.42
 TimeLoss: 101.15
 DepartDelay: 0.09
  [594/650] intenso/FIXO/seed=46                                 ok        3m03s · restam ~18m46s
***Starting server on port 52362 ***
Loading net-file from 'C:\Users\User\Desktop\tcc-bloco8\sim\config\../rede/malha.net.xml' ... done (6ms).
Loading additional-files from 'C:\Users\User\Desktop\tcc-bloco8\sim\saida\leve_PREEMPCAO_47\malha.det.add.xml' ... done (36ms).
Loading route-files incrementally from 'C:\Users\User\Desktop\tcc-bloco8\sim\demanda\veiculos.typ.xml'
Loading route-files incrementally from 'C:\Users\User\Desktop\tcc-bloco8\sim\saida\rotas\leve_47.rou.xml'
Loading done.
Simulation version 1.27.1 started with time: 0.00.
Simulation ended at time: 3600.00.
Reason: TraCI requested termination.
Performance:
 Duration: 113.82s
 TraCI-Duration: 46.07s
 Real time factor: 31.6297
 UPS: 108111.248759
Vehicles:
 Inserted: 5368
 Running: 355
 Waiting: 0
Statistics (avg of 5013):
 RouteLength: 2011.03
 Speed: 8.53
 Duration: 235.99
 WaitingTime: 41.43
 TimeLoss: 89.05
 DepartDelay: 0.06
  [595/650] multiplas_emergencias/FIXO/seed=46                   ok        1m54s · restam ~18m24s
***Starting server on port 52368 ***
Loading net-file from 'C:\Users\User\Desktop\tcc-bloco8\sim\config\../rede/malha.net.xml' ... done (6ms).
Loading additional-files from 'C:\Users\User\Desktop\tcc-bloco8\sim\saida\leve_PREEMPCAO_COMPENSADA_47\malha.det.add.xml' ... done (36ms).
Loading route-files incrementally from 'C:\Users\User\Desktop\tcc-bloco8\sim\demanda\veiculos.typ.xml'
Loading route-files incrementally from 'C:\Users\User\Desktop\tcc-bloco8\sim\saida\rotas\leve_47.rou.xml'
Loading done.
Simulation version 1.27.1 started with time: 0.00.
Simulation ended at time: 3600.00.
Reason: TraCI requested termination.
Performance:
 Duration: 176.26s
 TraCI-Duration: 50.58s
 Real time factor: 20.4245
 UPS: 118933.081431
Vehicles:
 Inserted: 9045
 Running: 554
 Waiting: 0
Statistics (avg of 8491):
 RouteLength: 2024.05
 Speed: 8.44
 Duration: 239.69
 WaitingTime: 33.51
 TimeLoss: 92.38
 DepartDelay: 0.09
  [596/650] intenso/PREEMPCAO_COMPENSADA/seed=46                 ok        2m57s · restam ~18m04s
***Starting server on port 52399 ***
Loading net-file from 'C:\Users\User\Desktop\tcc-bloco8\sim\config\../rede/malha.net.xml' ... done (10ms).
Loading additional-files from 'C:\Users\User\Desktop\tcc-bloco8\sim\saida\moderado_FIXO_47\malha.det.add.xml' ... done (45ms).
Loading route-files incrementally from 'C:\Users\User\Desktop\tcc-bloco8\sim\demanda\veiculos.typ.xml'
Loading route-files incrementally from 'C:\Users\User\Desktop\tcc-bloco8\sim\saida\rotas\moderado_47.rou.xml'
Loading done.
Simulation version 1.27.1 started with time: 0.00.
Simulation ended at time: 3600.00.
Reason: TraCI requested termination.
Performance:
 Duration: 106.17s
 TraCI-Duration: 48.45s
 Real time factor: 33.9082
 UPS: 102127.636127
Vehicles:
 Inserted: 5368
 Running: 287
 Waiting: 0
Statistics (avg of 5081):
 RouteLength: 2019.47
 Speed: 9.77
 Duration: 207.56
 WaitingTime: 26.00
 TimeLoss: 60.46
 DepartDelay: 0.06
  [597/650] multiplas_emergencias/PREEMPCAO_COMPENSADA/seed=46   ok        1m47s · restam ~17m43s
***Starting server on port 52427 ***
Loading net-file from 'C:\Users\User\Desktop\tcc-bloco8\sim\config\../rede/malha.net.xml' ... done (8ms).
Loading additional-files from 'C:\Users\User\Desktop\tcc-bloco8\sim\saida\moderado_PREEMPCAO_47\malha.det.add.xml' ... done (44ms).
Loading route-files incrementally from 'C:\Users\User\Desktop\tcc-bloco8\sim\demanda\veiculos.typ.xml'
Loading route-files incrementally from 'C:\Users\User\Desktop\tcc-bloco8\sim\saida\rotas\moderado_47.rou.xml'
Loading done.
Simulation version 1.27.1 started with time: 0.00.
Simulation ended at time: 3600.00.
Reason: TraCI requested termination.
Performance:
 Duration: 69.65s
 TraCI-Duration: 45.52s
 Real time factor: 51.69
 UPS: 60456.838871
Vehicles:
 Inserted: 2284
 Running: 130
 Waiting: 0
Statistics (avg of 2154):
 RouteLength: 2026.10
 Speed: 10.77
 Duration: 190.15
 WaitingTime: 23.45
 TimeLoss: 42.76
 DepartDelay: 0.05
  [598/650] leve/PREEMPCAO/seed=47                               ok        1m10s · restam ~17m25s
***Starting server on port 49409 ***
Loading net-file from 'C:\Users\User\Desktop\tcc-bloco8\sim\config\../rede/malha.net.xml' ... done (6ms).
Loading additional-files from 'C:\Users\User\Desktop\tcc-bloco8\sim\saida\moderado_PREEMPCAO_COMPENSADA_47\malha.det.add.xml' ... done (36ms).
Loading route-files incrementally from 'C:\Users\User\Desktop\tcc-bloco8\sim\demanda\veiculos.typ.xml'
Loading route-files incrementally from 'C:\Users\User\Desktop\tcc-bloco8\sim\saida\rotas\moderado_47.rou.xml'
Loading done.
Simulation version 1.27.1 started with time: 0.00.
Simulation ended at time: 3600.00.
Reason: TraCI requested termination.
Performance:
 Duration: 70.44s
 TraCI-Duration: 46.59s
 Real time factor: 51.1088
 UPS: 59275.817031
Vehicles:
 Inserted: 2284
 Running: 132
 Waiting: 0
Statistics (avg of 2152):
 RouteLength: 2023.81
 Speed: 10.81
 Duration: 188.51
 WaitingTime: 22.31
 TimeLoss: 41.18
 DepartDelay: 0.05
  [599/650] leve/PREEMPCAO_COMPENSADA/seed=47                    ok        1m11s · restam ~17m03s
***Starting server on port 49418 ***
Simulation ended at time: 3600.00.
Reason: TraCI requested termination.
Performance:
 Duration: 75.88s
 TraCI-Duration: 45.60s
 Real time factor: 47.4421
 UPS: 67021.862892
Vehicles:
 Inserted: 2284
 Running: 168
 Waiting: 0
Statistics (avg of 2116):
 RouteLength: 2014.85
 Speed: 8.79
 Duration: 230.41
 WaitingTime: 51.60
 TimeLoss: 83.25
 DepartDelay: 0.05
Loading net-file from 'C:\Users\User\Desktop\tcc-bloco8\sim\config\../rede/malha.net.xml' ... done (8ms).
Loading additional-files from 'C:\Users\User\Desktop\tcc-bloco8\sim\saida\intenso_FIXO_47\malha.det.add.xml' ... done (40ms).
Loading route-files incrementally from 'C:\Users\User\Desktop\tcc-bloco8\sim\demanda\veiculos.typ.xml'
Loading route-files incrementally from 'C:\Users\User\Desktop\tcc-bloco8\sim\saida\rotas\intenso_47.rou.xml'
Loading done.
Simulation version 1.27.1 started with time: 0.00.
  [600/650] leve/FIXO/seed=47                                    ok        1m16s · restam ~16m42s
***Starting server on port 49423 ***
Loading net-file from 'C:\Users\User\Desktop\tcc-bloco8\sim\config\../rede/malha.net.xml' ... done (10ms).
Loading additional-files from 'C:\Users\User\Desktop\tcc-bloco8\sim\saida\intenso_PREEMPCAO_47\malha.det.add.xml' ... done (63ms).
Loading route-files incrementally from 'C:\Users\User\Desktop\tcc-bloco8\sim\demanda\veiculos.typ.xml'
Loading route-files incrementally from 'C:\Users\User\Desktop\tcc-bloco8\sim\saida\rotas\intenso_47.rou.xml'
Loading done.
Simulation version 1.27.1 started with time: 0.00.
Simulation ended at time: 3600.00.
Reason: TraCI requested termination.
Performance:
 Duration: 104.97s
 TraCI-Duration: 47.69s
 Real time factor: 34.2962
 UPS: 102293.851459
Vehicles:
 Inserted: 5368
 Running: 301
 Waiting: 0
Statistics (avg of 5067):
 RouteLength: 2017.77
 Speed: 9.84
 Duration: 205.53
 WaitingTime: 24.19
 TimeLoss: 58.47
 DepartDelay: 0.06
  [601/650] multiplas_emergencias/PREEMPCAO_ML/seed=46           ok        1m46s · restam ~16m22s
***Starting server on port 53808 ***
Loading net-file from 'C:\Users\User\Desktop\tcc-bloco8\sim\config\../rede/malha.net.xml' ... done (7ms).
Loading additional-files from 'C:\Users\User\Desktop\tcc-bloco8\sim\saida\intenso_PREEMPCAO_COMPENSADA_47\malha.det.add.xml' ... done (43ms).
Loading route-files incrementally from 'C:\Users\User\Desktop\tcc-bloco8\sim\demanda\veiculos.typ.xml'
Loading route-files incrementally from 'C:\Users\User\Desktop\tcc-bloco8\sim\saida\rotas\intenso_47.rou.xml'
Loading done.
Simulation version 1.27.1 started with time: 0.00.
Simulation ended at time: 3600.00.
Reason: TraCI requested termination.
Performance:
 Duration: 113.57s
 TraCI-Duration: 46.30s
 Real time factor: 31.6999
 UPS: 106250.173909
Vehicles:
 Inserted: 5255
 Running: 376
 Waiting: 0
Statistics (avg of 4879):
 RouteLength: 2016.61
 Speed: 8.53
 Duration: 236.83
 WaitingTime: 42.08
 TimeLoss: 89.65
 DepartDelay: 0.06
  [602/650] moderado/FIXO/seed=47                                ok        1m54s · restam ~16m03s
***Starting server on port 62740 ***
Loading net-file from 'C:\Users\User\Desktop\tcc-bloco8\sim\config\../rede/malha.net.xml' ... done (6ms).
Loading additional-files from 'C:\Users\User\Desktop\tcc-bloco8\sim\saida\multiplas_emergencias_FIXO_47\malha.det.add.xml' ... done (37ms).
Loading route-files incrementally from 'C:\Users\User\Desktop\tcc-bloco8\sim\demanda\veiculos.typ.xml'
Loading route-files incrementally from 'C:\Users\User\Desktop\tcc-bloco8\sim\saida\rotas\multiplas_emergencias_47.rou.xml'
Loading done.
Simulation version 1.27.1 started with time: 0.00.
Simulation ended at time: 3600.00.
Reason: TraCI requested termination.
Performance:
 Duration: 99.24s
 TraCI-Duration: 46.10s
 Real time factor: 36.2753
 UPS: 101706.351206
Vehicles:
 Inserted: 5255
 Running: 281
 Waiting: 0
Statistics (avg of 4974):
 RouteLength: 2026.16
 Speed: 10.32
 Duration: 197.51
 WaitingTime: 20.67
 TimeLoss: 50.18
 DepartDelay: 0.06
  [603/650] moderado/PREEMPCAO/seed=47                           ok        1m40s · restam ~15m41s
***Starting server on port 62747 ***
Loading net-file from 'C:\Users\User\Desktop\tcc-bloco8\sim\config\../rede/malha.net.xml' ... done (7ms).
Loading additional-files from 'C:\Users\User\Desktop\tcc-bloco8\sim\saida\multiplas_emergencias_PREEMPCAO_47\malha.det.add.xml' ... done (40ms).
Loading route-files incrementally from 'C:\Users\User\Desktop\tcc-bloco8\sim\demanda\veiculos.typ.xml'
Loading route-files incrementally from 'C:\Users\User\Desktop\tcc-bloco8\sim\saida\rotas\multiplas_emergencias_47.rou.xml'
Loading done.
Simulation version 1.27.1 started with time: 0.00.
Warning: Vehicle 'VE_ROTA_VE_CORREDOR_05' performs emergency braking on lane 'A1_L0_0' with decel=9.00, wished=5.00, severity=1.00, time=3322.60.
Simulation ended at time: 3600.00.
Reason: TraCI requested termination.
Performance:
 Duration: 101.86s
 TraCI-Duration: 47.08s
 Real time factor: 35.3416
 UPS: 102598.431226
Vehicles:
 Inserted: 5255
 Running: 287
 Waiting: 0
 Emergency Braking: 1
Statistics (avg of 4968):
 RouteLength: 2027.00
 Speed: 9.98
 Duration: 204.70
 WaitingTime: 24.26
 TimeLoss: 57.34
 DepartDelay: 0.06
  [604/650] moderado/PREEMPCAO_COMPENSADA/seed=47                ok        1m42s · restam ~15m23s
***Starting server on port 62808 ***
Loading net-file from 'C:\Users\User\Desktop\tcc-bloco8\sim\config\../rede/malha.net.xml' ... done (10ms).
Loading additional-files from 'C:\Users\User\Desktop\tcc-bloco8\sim\saida\multiplas_emergencias_PREEMPCAO_COMPENSADA_47\malha.det.add.xml' ... done (38ms).
Loading route-files incrementally from 'C:\Users\User\Desktop\tcc-bloco8\sim\demanda\veiculos.typ.xml'
Loading route-files incrementally from 'C:\Users\User\Desktop\tcc-bloco8\sim\saida\rotas\multiplas_emergencias_47.rou.xml'
Loading done.
Simulation version 1.27.1 started with time: 0.00.
Warning: Vehicle 'A2_LESTE_carro_0308' performs emergency braking on lane 'A2_L0_0' with decel=9.00, wished=4.50, severity=1.00, time=1757.50.
Simulation ended at time: 3600.00.
Reason: TraCI requested termination.
Performance:
 Duration: 101.11s
 TraCI-Duration: 46.04s
 Real time factor: 35.6055
 UPS: 103185.277129
Vehicles:
 Inserted: 5261
 Running: 289
 Waiting: 0
Statistics (avg of 4972):
 RouteLength: 2025.77
 Speed: 9.93
 Duration: 204.06
 WaitingTime: 23.81
 TimeLoss: 56.74
 DepartDelay: 0.06
  [605/650] multiplas_emergencias/PREEMPCAO/seed=47              ok        1m42s · restam ~15m06s
***Starting server on port 62896 ***
Loading net-file from 'C:\Users\User\Desktop\tcc-bloco8\sim\config\../rede/malha.net.xml' ... done (6ms).
Loading additional-files from 'C:\Users\User\Desktop\tcc-bloco8\sim\saida\multiplas_emergencias_PREEMPCAO_ML_47\malha.det.add.xml' ... done (40ms).
Loading route-files incrementally from 'C:\Users\User\Desktop\tcc-bloco8\sim\demanda\veiculos.typ.xml'
Loading route-files incrementally from 'C:\Users\User\Desktop\tcc-bloco8\sim\saida\rotas\multiplas_emergencias_47.rou.xml'
Loading done.
Simulation version 1.27.1 started with time: 0.00.
Simulation ended at time: 3600.00.
Reason: TraCI requested termination.
Performance:
 Duration: 166.64s
 TraCI-Duration: 48.37s
 Real time factor: 21.6037
 UPS: 123575.366963
Vehicles:
 Inserted: 9031 (Loaded: 9032)
 Running: 584
 Waiting: 1
Statistics (avg of 8447):
 RouteLength: 2017.57
 Speed: 8.56
 Duration: 235.51
 WaitingTime: 30.09
 TimeLoss: 88.14
 DepartDelay: 0.10
  [606/650] intenso/PREEMPCAO/seed=47                            ok        2m47s · restam ~14m45s
***Starting server on port 62908 ***
Loading net-file from 'C:\Users\User\Desktop\tcc-bloco8\sim\config\../rede/malha.net.xml' ... done (6ms).
Loading additional-files from 'C:\Users\User\Desktop\tcc-bloco8\sim\saida\leve_FIXO_48\malha.det.add.xml' ... done (37ms).
Loading route-files incrementally from 'C:\Users\User\Desktop\tcc-bloco8\sim\demanda\veiculos.typ.xml'
Loading route-files incrementally from 'C:\Users\User\Desktop\tcc-bloco8\sim\saida\rotas\leve_48.rou.xml'
Loading done.
Simulation version 1.27.1 started with time: 0.00.
Simulation ended at time: 3600.00.
Reason: TraCI requested termination.
Performance:
 Duration: 111.31s
 TraCI-Duration: 45.52s
 Real time factor: 32.3409
 UPS: 108540.390247
Vehicles:
 Inserted: 5261
 Running: 376
 Waiting: 0
 Emergency Braking: 1
Statistics (avg of 4885):
 RouteLength: 2017.20
 Speed: 8.53
 Duration: 236.86
 WaitingTime: 42.07
 TimeLoss: 89.69
 DepartDelay: 0.06
  [607/650] multiplas_emergencias/FIXO/seed=47                   ok        1m52s · restam ~14m23s
***Starting server on port 62914 ***
Loading net-file from 'C:\Users\User\Desktop\tcc-bloco8\sim\config\../rede/malha.net.xml' ... done (7ms).
Loading additional-files from 'C:\Users\User\Desktop\tcc-bloco8\sim\saida\leve_PREEMPCAO_48\malha.det.add.xml' ... done (37ms).
Loading route-files incrementally from 'C:\Users\User\Desktop\tcc-bloco8\sim\demanda\veiculos.typ.xml'
Loading route-files incrementally from 'C:\Users\User\Desktop\tcc-bloco8\sim\saida\rotas\leve_48.rou.xml'
Loading done.
Simulation version 1.27.1 started with time: 0.00.
Simulation ended at time: 3600.00.
Reason: TraCI requested termination.
Performance:
 Duration: 173.71s
 TraCI-Duration: 47.58s
 Real time factor: 20.7247
 UPS: 124282.154905
Vehicles:
 Inserted: 9031 (Loaded: 9032)
 Running: 611
 Waiting: 1
Statistics (avg of 8420):
 RouteLength: 2013.78
 Speed: 8.13
 Duration: 247.06
 WaitingTime: 34.92
 TimeLoss: 99.78
 DepartDelay: 0.10
  [608/650] intenso/FIXO/seed=47                                 ok        2m54s · restam ~14m02s
***Starting server on port 62925 ***
Loading net-file from 'C:\Users\User\Desktop\tcc-bloco8\sim\config\../rede/malha.net.xml' ... done (6ms).
Loading additional-files from 'C:\Users\User\Desktop\tcc-bloco8\sim\saida\leve_PREEMPCAO_COMPENSADA_48\malha.det.add.xml' ... done (36ms).
Loading route-files incrementally from 'C:\Users\User\Desktop\tcc-bloco8\sim\demanda\veiculos.typ.xml'
Loading route-files incrementally from 'C:\Users\User\Desktop\tcc-bloco8\sim\saida\rotas\leve_48.rou.xml'
Loading done.
Simulation version 1.27.1 started with time: 0.00.
Simulation ended at time: 3600.00.
Reason: TraCI requested termination.
Performance:
 Duration: 165.96s
 TraCI-Duration: 49.29s
 Real time factor: 21.6924
 UPS: 123649.101876
Vehicles:
 Inserted: 9031 (Loaded: 9032)
 Running: 535
 Waiting: 1
Statistics (avg of 8496):
 RouteLength: 2019.73
 Speed: 8.60
 Duration: 234.80
 WaitingTime: 31.70
 TimeLoss: 87.39
 DepartDelay: 0.10
  [609/650] intenso/PREEMPCAO_COMPENSADA/seed=47                 ok        2m47s · restam ~13m42s
***Starting server on port 62949 ***
Loading net-file from 'C:\Users\User\Desktop\tcc-bloco8\sim\config\../rede/malha.net.xml' ... done (6ms).
Loading additional-files from 'C:\Users\User\Desktop\tcc-bloco8\sim\saida\moderado_FIXO_48\malha.det.add.xml' ... done (36ms).
Loading route-files incrementally from 'C:\Users\User\Desktop\tcc-bloco8\sim\demanda\veiculos.typ.xml'
Loading route-files incrementally from 'C:\Users\User\Desktop\tcc-bloco8\sim\saida\rotas\moderado_48.rou.xml'
Loading done.
Simulation version 1.27.1 started with time: 0.00.
Simulation ended at time: 3600.00.
Reason: TraCI requested termination.
Performance:
 Duration: 103.41s
 TraCI-Duration: 47.67s
 Real time factor: 34.8139
 UPS: 102016.024060
Vehicles:
 Inserted: 5261
 Running: 299
 Waiting: 0
Statistics (avg of 4962):
 RouteLength: 2027.24
 Speed: 9.84
 Duration: 206.50
 WaitingTime: 24.98
 TimeLoss: 59.15
 DepartDelay: 0.06
  [610/650] multiplas_emergencias/PREEMPCAO_COMPENSADA/seed=47   ok        1m44s · restam ~13m21s
***Starting server on port 62973 ***
Loading net-file from 'C:\Users\User\Desktop\tcc-bloco8\sim\config\../rede/malha.net.xml' ... done (6ms).
Loading additional-files from 'C:\Users\User\Desktop\tcc-bloco8\sim\saida\moderado_PREEMPCAO_48\malha.det.add.xml' ... done (37ms).
Loading route-files incrementally from 'C:\Users\User\Desktop\tcc-bloco8\sim\demanda\veiculos.typ.xml'
Loading route-files incrementally from 'C:\Users\User\Desktop\tcc-bloco8\sim\saida\rotas\moderado_48.rou.xml'
Loading done.
Simulation version 1.27.1 started with time: 0.00.
Simulation ended at time: 3600.00.
Reason: TraCI requested termination.
Performance:
 Duration: 66.95s
 TraCI-Duration: 44.20s
 Real time factor: 53.7747
 UPS: 61453.021838
Vehicles:
 Inserted: 2239
 Running: 130
 Waiting: 0
Statistics (avg of 2109):
 RouteLength: 2020.83
 Speed: 10.76
 Duration: 189.53
 WaitingTime: 23.24
 TimeLoss: 42.24
 DepartDelay: 0.05
  [611/650] leve/PREEMPCAO/seed=48                               ok        1m07s · restam ~13m02s
***Starting server on port 63022 ***
Loading net-file from 'C:\Users\User\Desktop\tcc-bloco8\sim\config\../rede/malha.net.xml' ... done (10ms).
Loading additional-files from 'C:\Users\User\Desktop\tcc-bloco8\sim\saida\moderado_PREEMPCAO_COMPENSADA_48\malha.det.add.xml' ... done (38ms).
Loading route-files incrementally from 'C:\Users\User\Desktop\tcc-bloco8\sim\demanda\veiculos.typ.xml'
Loading route-files incrementally from 'C:\Users\User\Desktop\tcc-bloco8\sim\saida\rotas\moderado_48.rou.xml'
Loading done.
Simulation version 1.27.1 started with time: 0.00.
Simulation ended at time: 3600.00.
Reason: TraCI requested termination.
Performance:
 Duration: 72.82s
 TraCI-Duration: 44.49s
 Real time factor: 49.4397
 UPS: 68340.763019
Vehicles:
 Inserted: 2239
 Running: 159
 Waiting: 0
Statistics (avg of 2080):
 RouteLength: 2009.41
 Speed: 8.79
 Duration: 229.95
 WaitingTime: 52.01
 TimeLoss: 82.91
 DepartDelay: 0.05
  [612/650] leve/FIXO/seed=48                                    ok        1m13s · restam ~12m41s
***Starting server on port 63031 ***
Loading net-file from 'C:\Users\User\Desktop\tcc-bloco8\sim\config\../rede/malha.net.xml' ... done (11ms).
Loading additional-files from 'C:\Users\User\Desktop\tcc-bloco8\sim\saida\intenso_FIXO_48\malha.det.add.xml' ... done (45ms).
Loading route-files incrementally from 'C:\Users\User\Desktop\tcc-bloco8\sim\demanda\veiculos.typ.xml'
Loading route-files incrementally from 'C:\Users\User\Desktop\tcc-bloco8\sim\saida\rotas\intenso_48.rou.xml'
Loading done.
Simulation version 1.27.1 started with time: 0.00.
Simulation ended at time: 3600.00.
Reason: TraCI requested termination.
Performance:
 Duration: 69.32s
 TraCI-Duration: 45.47s
 Real time factor: 51.9338
 UPS: 61729.093034
Vehicles:
 Inserted: 2239
 Running: 132
 Waiting: 0
Statistics (avg of 2107):
 RouteLength: 2018.00
 Speed: 10.30
 Duration: 197.26
 WaitingTime: 28.38
 TimeLoss: 50.03
 DepartDelay: 0.05
  [613/650] leve/PREEMPCAO_COMPENSADA/seed=48                    ok        1m10s · restam ~12m20s
***Starting server on port 63039 ***
Loading net-file from 'C:\Users\User\Desktop\tcc-bloco8\sim\config\../rede/malha.net.xml' ... done (7ms).
Loading additional-files from 'C:\Users\User\Desktop\tcc-bloco8\sim\saida\intenso_PREEMPCAO_48\malha.det.add.xml' ... done (38ms).
Loading route-files incrementally from 'C:\Users\User\Desktop\tcc-bloco8\sim\demanda\veiculos.typ.xml'
Loading route-files incrementally from 'C:\Users\User\Desktop\tcc-bloco8\sim\saida\rotas\intenso_48.rou.xml'
Loading done.
Simulation version 1.27.1 started with time: 0.00.
Simulation ended at time: 3600.00.
Reason: TraCI requested termination.
Performance:
 Duration: 98.46s
 TraCI-Duration: 46.46s
 Real time factor: 36.5646
 UPS: 103854.178516
Vehicles:
 Inserted: 5261
 Running: 307
 Waiting: 0
Statistics (avg of 4954):
 RouteLength: 2026.48
 Speed: 10.19
 Duration: 199.93
 WaitingTime: 22.03
 TimeLoss: 52.60
 DepartDelay: 0.06
  [614/650] multiplas_emergencias/PREEMPCAO_ML/seed=47           ok        1m39s · restam ~12m00s
***Starting server on port 63065 ***
Loading net-file from 'C:\Users\User\Desktop\tcc-bloco8\sim\config\../rede/malha.net.xml' ... done (6ms).
Loading additional-files from 'C:\Users\User\Desktop\tcc-bloco8\sim\saida\intenso_PREEMPCAO_COMPENSADA_48\malha.det.add.xml' ... done (38ms).
Loading route-files incrementally from 'C:\Users\User\Desktop\tcc-bloco8\sim\demanda\veiculos.typ.xml'
Loading route-files incrementally from 'C:\Users\User\Desktop\tcc-bloco8\sim\saida\rotas\intenso_48.rou.xml'
Loading done.
Simulation version 1.27.1 started with time: 0.00.
Simulation ended at time: 3600.00.
Reason: TraCI requested termination.
Performance:
 Duration: 108.50s
 TraCI-Duration: 45.06s
 Real time factor: 33.1797
 UPS: 109207.622120
Vehicles:
 Inserted: 5156
 Running: 340
 Waiting: 0
Statistics (avg of 4816):
 RouteLength: 2017.80
 Speed: 8.54
 Duration: 236.64
 WaitingTime: 42.18
 TimeLoss: 89.21
 DepartDelay: 0.06
  [615/650] moderado/FIXO/seed=48                                ok        1m49s · restam ~11m41s
***Starting server on port 57080 ***
Loading net-file from 'C:\Users\User\Desktop\tcc-bloco8\sim\config\../rede/malha.net.xml' ... done (10ms).
Loading additional-files from 'C:\Users\User\Desktop\tcc-bloco8\sim\saida\multiplas_emergencias_FIXO_48\malha.det.add.xml' ... done (63ms).
Loading route-files incrementally from 'C:\Users\User\Desktop\tcc-bloco8\sim\demanda\veiculos.typ.xml'
Loading route-files incrementally from 'C:\Users\User\Desktop\tcc-bloco8\sim\saida\rotas\multiplas_emergencias_48.rou.xml'
Loading done.
Simulation version 1.27.1 started with time: 0.00.
Simulation ended at time: 3600.00.
Reason: TraCI requested termination.
Performance:
 Duration: 96.50s
 TraCI-Duration: 45.00s
 Real time factor: 37.3069
 UPS: 104911.966175
Vehicles:
 Inserted: 5156
 Running: 266
 Waiting: 0
Statistics (avg of 4890):
 RouteLength: 2026.05
 Speed: 10.08
 Duration: 201.64
 WaitingTime: 22.41
 TimeLoss: 54.05
 DepartDelay: 0.06
  [616/650] moderado/PREEMPCAO/seed=48                           ok        1m37s · restam ~11m20s
***Starting server on port 57088 ***
Loading net-file from 'C:\Users\User\Desktop\tcc-bloco8\sim\config\../rede/malha.net.xml' ... done (12ms).
Loading additional-files from 'C:\Users\User\Desktop\tcc-bloco8\sim\saida\multiplas_emergencias_PREEMPCAO_48\malha.det.add.xml' ... done (56ms).
Loading route-files incrementally from 'C:\Users\User\Desktop\tcc-bloco8\sim\demanda\veiculos.typ.xml'
Loading route-files incrementally from 'C:\Users\User\Desktop\tcc-bloco8\sim\saida\rotas\multiplas_emergencias_48.rou.xml'
Loading done.
Simulation version 1.27.1 started with time: 0.00.
Simulation ended at time: 3600.00.
Reason: TraCI requested termination.
Performance:
 Duration: 99.92s
 TraCI-Duration: 46.34s
 Real time factor: 36.0274
 UPS: 104350.746567
Vehicles:
 Inserted: 5156
 Running: 288
 Waiting: 0
Statistics (avg of 4868):
 RouteLength: 2027.01
 Speed: 9.79
 Duration: 207.99
 WaitingTime: 25.36
 TimeLoss: 60.37
 DepartDelay: 0.06
  [617/650] moderado/PREEMPCAO_COMPENSADA/seed=48                ok        1m40s · restam ~11m01s
***Starting server on port 55253 ***
Loading net-file from 'C:\Users\User\Desktop\tcc-bloco8\sim\config\../rede/malha.net.xml' ... done (6ms).
Loading additional-files from 'C:\Users\User\Desktop\tcc-bloco8\sim\saida\multiplas_emergencias_PREEMPCAO_COMPENSADA_48\malha.det.add.xml' ... done (40ms).
Loading route-files incrementally from 'C:\Users\User\Desktop\tcc-bloco8\sim\demanda\veiculos.typ.xml'
Loading route-files incrementally from 'C:\Users\User\Desktop\tcc-bloco8\sim\saida\rotas\multiplas_emergencias_48.rou.xml'
Loading done.
Simulation version 1.27.1 started with time: 0.00.
Simulation ended at time: 3600.00.
Reason: TraCI requested termination.
Performance:
 Duration: 98.95s
 TraCI-Duration: 45.56s
 Real time factor: 36.3816
 UPS: 104291.002617
Vehicles:
 Inserted: 5162
 Running: 273
 Waiting: 0
Statistics (avg of 4889):
 RouteLength: 2026.77
 Speed: 9.89
 Duration: 205.48
 WaitingTime: 24.06
 TimeLoss: 57.89
 DepartDelay: 0.06
  [618/650] multiplas_emergencias/PREEMPCAO/seed=48              ok        1m40s · restam ~10m43s
***Starting server on port 61289 ***
Simulation ended at time: 3600.00.
Reason: TraCI requested termination.
Performance:
 Duration: 157.47s
 TraCI-Duration: 46.98s
 Real time factor: 22.8612
 UPS: 127133.230035
Vehicles:
 Inserted: 8908
 Running: 561
 Waiting: 0
Statistics (avg of 8347):
 RouteLength: 2016.64
 Speed: 8.70
 Duration: 231.64
 WaitingTime: 29.42
 TimeLoss: 84.25
 DepartDelay: 0.08
Loading net-file from 'C:\Users\User\Desktop\tcc-bloco8\sim\config\../rede/malha.net.xml' ... done (12ms).
Loading additional-files from 'C:\Users\User\Desktop\tcc-bloco8\sim\saida\multiplas_emergencias_PREEMPCAO_ML_48\malha.det.add.xml' ... done (64ms).
Loading route-files incrementally from 'C:\Users\User\Desktop\tcc-bloco8\sim\demanda\veiculos.typ.xml'
Loading route-files incrementally from 'C:\Users\User\Desktop\tcc-bloco8\sim\saida\rotas\multiplas_emergencias_48.rou.xml'
Loading done.
Simulation version 1.27.1 started with time: 0.00.
  [619/650] intenso/PREEMPCAO/seed=48                            ok        2m38s · restam ~10m22s
***Starting server on port 61294 ***
Loading net-file from 'C:\Users\User\Desktop\tcc-bloco8\sim\config\../rede/malha.net.xml' ... done (6ms).
Loading additional-files from 'C:\Users\User\Desktop\tcc-bloco8\sim\saida\leve_FIXO_49\malha.det.add.xml' ... done (55ms).
Loading route-files incrementally from 'C:\Users\User\Desktop\tcc-bloco8\sim\demanda\veiculos.typ.xml'
Loading route-files incrementally from 'C:\Users\User\Desktop\tcc-bloco8\sim\saida\rotas\leve_49.rou.xml'
Loading done.
Simulation version 1.27.1 started with time: 0.00.
Simulation ended at time: 3600.00.
Reason: TraCI requested termination.
Performance:
 Duration: 108.22s
 TraCI-Duration: 44.53s
 Real time factor: 33.265
 UPS: 109650.533163
Vehicles:
 Inserted: 5162
 Running: 339
 Waiting: 0
Statistics (avg of 4823):
 RouteLength: 2018.28
 Speed: 8.54
 Duration: 236.69
 WaitingTime: 42.15
 TimeLoss: 89.27
 DepartDelay: 0.06
  [620/650] multiplas_emergencias/FIXO/seed=48                   ok        1m49s · restam ~10m01s
***Starting server on port 61305 ***
Loading net-file from 'C:\Users\User\Desktop\tcc-bloco8\sim\config\../rede/malha.net.xml' ... done (10ms).
Loading additional-files from 'C:\Users\User\Desktop\tcc-bloco8\sim\saida\leve_PREEMPCAO_49\malha.det.add.xml' ... done (55ms).
Loading route-files incrementally from 'C:\Users\User\Desktop\tcc-bloco8\sim\demanda\veiculos.typ.xml'
Loading route-files incrementally from 'C:\Users\User\Desktop\tcc-bloco8\sim\saida\rotas\leve_49.rou.xml'
Loading done.
Simulation version 1.27.1 started with time: 0.00.
Simulation ended at time: 3600.00.
Reason: TraCI requested termination.
Performance:
 Duration: 166.56s
 TraCI-Duration: 46.36s
 Real time factor: 21.6136
 UPS: 127329.691046
Vehicles:
 Inserted: 8908
 Running: 628
 Waiting: 0
Statistics (avg of 8280):
 RouteLength: 2011.67
 Speed: 8.17
 Duration: 245.59
 WaitingTime: 35.23
 TimeLoss: 98.28
 DepartDelay: 0.08
  [621/650] intenso/FIXO/seed=48                                 ok        2m47s · restam ~9m40s
***Starting server on port 61311 ***
Loading net-file from 'C:\Users\User\Desktop\tcc-bloco8\sim\config\../rede/malha.net.xml' ... done (6ms).
Loading additional-files from 'C:\Users\User\Desktop\tcc-bloco8\sim\saida\leve_PREEMPCAO_COMPENSADA_49\malha.det.add.xml' ... done (55ms).
Loading route-files incrementally from 'C:\Users\User\Desktop\tcc-bloco8\sim\demanda\veiculos.typ.xml'
Loading route-files incrementally from 'C:\Users\User\Desktop\tcc-bloco8\sim\saida\rotas\leve_49.rou.xml'
Loading done.
Simulation version 1.27.1 started with time: 0.00.
Simulation ended at time: 3600.00.
Reason: TraCI requested termination.
Performance:
 Duration: 156.10s
 TraCI-Duration: 47.74s
 Real time factor: 23.062
 UPS: 127822.429068
Vehicles:
 Inserted: 8908
 Running: 526
 Waiting: 0
Statistics (avg of 8382):
 RouteLength: 2018.40
 Speed: 8.76
 Duration: 230.83
 WaitingTime: 30.02
 TimeLoss: 83.41
 DepartDelay: 0.08
  [622/650] intenso/PREEMPCAO_COMPENSADA/seed=48                 ok        2m37s · restam ~9m20s
***Starting server on port 61326 ***
Loading net-file from 'C:\Users\User\Desktop\tcc-bloco8\sim\config\../rede/malha.net.xml' ... done (11ms).
Loading additional-files from 'C:\Users\User\Desktop\tcc-bloco8\sim\saida\moderado_FIXO_49\malha.det.add.xml' ... done (60ms).
Loading route-files incrementally from 'C:\Users\User\Desktop\tcc-bloco8\sim\demanda\veiculos.typ.xml'
Loading route-files incrementally from 'C:\Users\User\Desktop\tcc-bloco8\sim\saida\rotas\moderado_49.rou.xml'
Loading done.
Simulation version 1.27.1 started with time: 0.00.
Simulation ended at time: 3600.00.
Reason: TraCI requested termination.
Performance:
 Duration: 94.26s
 TraCI-Duration: 44.00s
 Real time factor: 38.1934
 UPS: 109814.878471
Vehicles:
 Inserted: 5162
 Running: 265
 Waiting: 0
Statistics (avg of 4897):
 RouteLength: 2026.31
 Speed: 9.88
 Duration: 206.07
 WaitingTime: 24.71
 TimeLoss: 58.49
 DepartDelay: 0.06
  [623/650] multiplas_emergencias/PREEMPCAO_COMPENSADA/seed=48   ok        1m35s · restam ~8m59s
***Starting server on port 61351 ***
Loading net-file from 'C:\Users\User\Desktop\tcc-bloco8\sim\config\../rede/malha.net.xml' ... done (11ms).
Loading additional-files from 'C:\Users\User\Desktop\tcc-bloco8\sim\saida\moderado_PREEMPCAO_49\malha.det.add.xml' ... done (51ms).
Loading route-files incrementally from 'C:\Users\User\Desktop\tcc-bloco8\sim\demanda\veiculos.typ.xml'
Loading route-files incrementally from 'C:\Users\User\Desktop\tcc-bloco8\sim\saida\rotas\moderado_49.rou.xml'
Loading done.
Simulation version 1.27.1 started with time: 0.00.
Simulation ended at time: 3600.00.
Reason: TraCI requested termination.
Performance:
 Duration: 62.68s
 TraCI-Duration: 37.90s
 Real time factor: 57.4364
 UPS: 84360.222087
Vehicles:
 Inserted: 2336
 Running: 161
 Waiting: 0
Statistics (avg of 2175):
 RouteLength: 2023.21
 Speed: 8.76
 Duration: 232.27
 WaitingTime: 51.88
 TimeLoss: 84.72
 DepartDelay: 0.05
  [624/650] leve/FIXO/seed=49                                    ok        1m03s · restam ~8m40s
***Starting server on port 63653 ***
Simulation ended at time: 3600.00.
Reason: TraCI requested termination.
Performance:
 Duration: 58.30s
 TraCI-Duration: 37.91s
 Real time factor: 61.7485
 UPS: 76456.716008
Vehicles:
 Inserted: 2336
 Running: 112
 Waiting: 0
Statistics (avg of 2224):
 RouteLength: 2036.74
 Speed: 10.47
 Duration: 195.49
 WaitingTime: 26.01
 TimeLoss: 47.72
 DepartDelay: 0.05
Loading net-file from 'C:\Users\User\Desktop\tcc-bloco8\sim\config\../rede/malha.net.xml' ... done (6ms).
Loading additional-files from 'C:\Users\User\Desktop\tcc-bloco8\sim\saida\moderado_PREEMPCAO_COMPENSADA_49\malha.det.add.xml' ... done (46ms).
Loading route-files incrementally from 'C:\Users\User\Desktop\tcc-bloco8\sim\demanda\veiculos.typ.xml'
Loading route-files incrementally from 'C:\Users\User\Desktop\tcc-bloco8\sim\saida\rotas\moderado_49.rou.xml'
Loading done.
Simulation version 1.27.1 started with time: 0.00.
  [625/650] leve/PREEMPCAO/seed=49                               ok        0m59s · restam ~8m19s
***Starting server on port 63658 ***
Loading net-file from 'C:\Users\User\Desktop\tcc-bloco8\sim\config\../rede/malha.net.xml' ... done (11ms).
Loading additional-files from 'C:\Users\User\Desktop\tcc-bloco8\sim\saida\intenso_FIXO_49\malha.det.add.xml' ... done (54ms).
Loading route-files incrementally from 'C:\Users\User\Desktop\tcc-bloco8\sim\demanda\veiculos.typ.xml'
Loading route-files incrementally from 'C:\Users\User\Desktop\tcc-bloco8\sim\saida\rotas\intenso_49.rou.xml'
Loading done.
Simulation version 1.27.1 started with time: 0.00.
Simulation ended at time: 3600.00.
Reason: TraCI requested termination.
Performance:
 Duration: 59.61s
 TraCI-Duration: 38.69s
 Real time factor: 60.3946
 UPS: 76057.643269
Vehicles:
 Inserted: 2336
 Running: 119
 Waiting: 0
Statistics (avg of 2217):
 RouteLength: 2036.20
 Speed: 10.30
 Duration: 198.90
 WaitingTime: 28.16
 TimeLoss: 51.14
 DepartDelay: 0.05
  [626/650] leve/PREEMPCAO_COMPENSADA/seed=49                    ok        1m00s · restam ~7m59s
***Starting server on port 63666 ***
Loading net-file from 'C:\Users\User\Desktop\tcc-bloco8\sim\config\../rede/malha.net.xml' ... done (11ms).
Loading additional-files from 'C:\Users\User\Desktop\tcc-bloco8\sim\saida\intenso_PREEMPCAO_49\malha.det.add.xml' ... done (42ms).
Loading route-files incrementally from 'C:\Users\User\Desktop\tcc-bloco8\sim\demanda\veiculos.typ.xml'
Loading route-files incrementally from 'C:\Users\User\Desktop\tcc-bloco8\sim\saida\rotas\intenso_49.rou.xml'
Loading done.
Simulation version 1.27.1 started with time: 0.00.
Simulation ended at time: 3600.00.
Reason: TraCI requested termination.
Performance:
 Duration: 83.20s
 TraCI-Duration: 39.86s
 Real time factor: 43.2672
 UPS: 124538.291428
Vehicles:
 Inserted: 5162
 Running: 266
 Waiting: 0
Statistics (avg of 4896):
 RouteLength: 2027.23
 Speed: 9.84
 Duration: 206.33
 WaitingTime: 24.85
 TimeLoss: 58.72
 DepartDelay: 0.06
  [627/650] multiplas_emergencias/PREEMPCAO_ML/seed=48           ok        1m24s · restam ~7m38s
***Starting server on port 63691 ***
Loading net-file from 'C:\Users\User\Desktop\tcc-bloco8\sim\config\../rede/malha.net.xml' ... done (8ms).
Loading additional-files from 'C:\Users\User\Desktop\tcc-bloco8\sim\saida\intenso_PREEMPCAO_COMPENSADA_49\malha.det.add.xml' ... done (47ms).
Loading route-files incrementally from 'C:\Users\User\Desktop\tcc-bloco8\sim\demanda\veiculos.typ.xml'
Loading route-files incrementally from 'C:\Users\User\Desktop\tcc-bloco8\sim\saida\rotas\intenso_49.rou.xml'
Loading done.
Simulation version 1.27.1 started with time: 0.00.
Simulation ended at time: 3600.00.
Reason: TraCI requested termination.
Performance:
 Duration: 92.39s
 TraCI-Duration: 38.33s
 Real time factor: 38.9674
 UPS: 134797.250636
Vehicles:
 Inserted: 5373
 Running: 333
 Waiting: 0
Statistics (avg of 5040):
 RouteLength: 2021.81
 Speed: 8.51
 Duration: 237.99
 WaitingTime: 41.94
 TimeLoss: 90.61
 DepartDelay: 0.07
  [628/650] moderado/FIXO/seed=49                                ok        1m33s · restam ~7m19s
***Starting server on port 57876 ***
Loading net-file from 'C:\Users\User\Desktop\tcc-bloco8\sim\config\../rede/malha.net.xml' ... done (6ms).
Loading additional-files from 'C:\Users\User\Desktop\tcc-bloco8\sim\saida\multiplas_emergencias_FIXO_49\malha.det.add.xml' ... done (55ms).
Loading route-files incrementally from 'C:\Users\User\Desktop\tcc-bloco8\sim\demanda\veiculos.typ.xml'
Loading route-files incrementally from 'C:\Users\User\Desktop\tcc-bloco8\sim\saida\rotas\multiplas_emergencias_49.rou.xml'
Loading done.
Simulation version 1.27.1 started with time: 0.00.
Simulation ended at time: 3600.00.
Reason: TraCI requested termination.
Performance:
 Duration: 82.71s
 TraCI-Duration: 38.56s
 Real time factor: 43.5272
 UPS: 129979.844511
Vehicles:
 Inserted: 5373
 Running: 259
 Waiting: 0
Statistics (avg of 5114):
 RouteLength: 2031.20
 Speed: 9.95
 Duration: 205.09
 WaitingTime: 23.41
 TimeLoss: 57.53
 DepartDelay: 0.07
  [629/650] moderado/PREEMPCAO/seed=49                           ok        1m23s · restam ~6m58s
***Starting server on port 57888 ***
Loading net-file from 'C:\Users\User\Desktop\tcc-bloco8\sim\config\../rede/malha.net.xml' ... done (10ms).
Loading additional-files from 'C:\Users\User\Desktop\tcc-bloco8\sim\saida\multiplas_emergencias_PREEMPCAO_49\malha.det.add.xml' ... done (56ms).
Loading route-files incrementally from 'C:\Users\User\Desktop\tcc-bloco8\sim\demanda\veiculos.typ.xml'
Loading route-files incrementally from 'C:\Users\User\Desktop\tcc-bloco8\sim\saida\rotas\multiplas_emergencias_49.rou.xml'
Loading done.
Simulation version 1.27.1 started with time: 0.00.
Simulation ended at time: 3600.00.
Reason: TraCI requested termination.
Performance:
 Duration: 85.63s
 TraCI-Duration: 39.28s
 Real time factor: 42.0394
 UPS: 127289.312656
Vehicles:
 Inserted: 5373
 Running: 260
 Waiting: 0
Statistics (avg of 5113):
 RouteLength: 2030.13
 Speed: 9.78
 Duration: 208.04
 WaitingTime: 25.72
 TimeLoss: 60.49
 DepartDelay: 0.07
  [630/650] moderado/PREEMPCAO_COMPENSADA/seed=49                ok        1m26s · restam ~6m39s
***Starting server on port 59703 ***
Loading net-file from 'C:\Users\User\Desktop\tcc-bloco8\sim\config\../rede/malha.net.xml' ... done (7ms).
Loading additional-files from 'C:\Users\User\Desktop\tcc-bloco8\sim\saida\multiplas_emergencias_PREEMPCAO_COMPENSADA_49\malha.det.add.xml' ... done (50ms).
Loading route-files incrementally from 'C:\Users\User\Desktop\tcc-bloco8\sim\demanda\veiculos.typ.xml'
Loading route-files incrementally from 'C:\Users\User\Desktop\tcc-bloco8\sim\saida\rotas\multiplas_emergencias_49.rou.xml'
Loading done.
Simulation version 1.27.1 started with time: 0.00.
Simulation ended at time: 3600.00.
Reason: TraCI requested termination.
Performance:
 Duration: 85.00s
 TraCI-Duration: 39.01s
 Real time factor: 42.3529
 UPS: 127122.882353
Vehicles:
 Inserted: 5379
 Running: 260
 Waiting: 0
Statistics (avg of 5119):
 RouteLength: 2030.48
 Speed: 9.90
 Duration: 205.91
 WaitingTime: 24.17
 TimeLoss: 58.37
 DepartDelay: 0.07
  [631/650] multiplas_emergencias/PREEMPCAO/seed=49              ok        1m26s · restam ~6m20s
***Starting server on port 60007 ***
Loading net-file from 'C:\Users\User\Desktop\tcc-bloco8\sim\config\../rede/malha.net.xml' ... done (6ms).
Loading additional-files from 'C:\Users\User\Desktop\tcc-bloco8\sim\saida\multiplas_emergencias_PREEMPCAO_ML_49\malha.det.add.xml' ... done (52ms).
Loading route-files incrementally from 'C:\Users\User\Desktop\tcc-bloco8\sim\demanda\veiculos.typ.xml'
Loading route-files incrementally from 'C:\Users\User\Desktop\tcc-bloco8\sim\saida\rotas\multiplas_emergencias_49.rou.xml'
Loading done.
Simulation version 1.27.1 started with time: 0.00.
Simulation ended at time: 3600.00.
Reason: TraCI requested termination.
Performance:
 Duration: 93.62s
 TraCI-Duration: 38.79s
 Real time factor: 38.4529
 UPS: 133218.914560
Vehicles:
 Inserted: 5379
 Running: 335
 Waiting: 0
Statistics (avg of 5044):
 RouteLength: 2022.58
 Speed: 8.51
 Duration: 238.11
 WaitingTime: 41.90
 TimeLoss: 90.73
 DepartDelay: 0.07
  [632/650] multiplas_emergencias/FIXO/seed=49                   ok        1m34s · restam ~5m59s
Simulation ended at time: 3600.00.
Reason: TraCI requested termination.
Performance:
 Duration: 135.45s
 TraCI-Duration: 41.00s
 Real time factor: 26.5779
 UPS: 151303.076389
Vehicles:
 Inserted: 9117
 Running: 520
 Waiting: 0
Statistics (avg of 8597):
 RouteLength: 2028.36
 Speed: 8.74
 Duration: 232.04
 WaitingTime: 28.53
 TimeLoss: 84.55
 DepartDelay: 0.08
***Starting server on port 60014 ***
  [633/650] intenso/PREEMPCAO/seed=49                            ok        2m16s · restam ~5m39s
Loading net-file from 'C:\Users\User\Desktop\tcc-bloco8\sim\config\../rede/malha.net.xml' ... done (11ms).
Loading additional-files from 'C:\Users\User\Desktop\tcc-bloco8\sim\saida\leve_FIXO_50\malha.det.add.xml' ... done (50ms).
Loading route-files incrementally from 'C:\Users\User\Desktop\tcc-bloco8\sim\demanda\veiculos.typ.xml'
Loading route-files incrementally from 'C:\Users\User\Desktop\tcc-bloco8\sim\saida\rotas\leve_50.rou.xml'
Loading done.
***Starting server on port 60019 ***
Simulation version 1.27.1 started with time: 0.00.
Loading net-file from 'C:\Users\User\Desktop\tcc-bloco8\sim\config\../rede/malha.net.xml' ... done (8ms).
Loading additional-files from 'C:\Users\User\Desktop\tcc-bloco8\sim\saida\leve_PREEMPCAO_50\malha.det.add.xml' ... done (128ms).
Loading route-files incrementally from 'C:\Users\User\Desktop\tcc-bloco8\sim\demanda\veiculos.typ.xml'
Loading route-files incrementally from 'C:\Users\User\Desktop\tcc-bloco8\sim\saida\rotas\leve_50.rou.xml'
Loading done.
Simulation version 1.27.1 started with time: 0.00.
Simulation ended at time: 3600.00.
Reason: TraCI requested termination.
Performance:
 Duration: 143.48s
 TraCI-Duration: 40.24s
 Real time factor: 25.0903
 UPS: 152589.551303
Vehicles:
 Inserted: 9117
 Running: 605
 Waiting: 0
Statistics (avg of 8512):
 RouteLength: 2022.65
 Speed: 8.14
 Duration: 248.07
 WaitingTime: 34.38
 TimeLoss: 100.68
 DepartDelay: 0.09
  [634/650] intenso/FIXO/seed=49                                 ok        2m24s · restam ~5m18s
***Starting server on port 60030 ***
Loading net-file from 'C:\Users\User\Desktop\tcc-bloco8\sim\config\../rede/malha.net.xml' ... done (10ms).
Loading additional-files from 'C:\Users\User\Desktop\tcc-bloco8\sim\saida\leve_PREEMPCAO_COMPENSADA_50\malha.det.add.xml' ... done (39ms).
Loading route-files incrementally from 'C:\Users\User\Desktop\tcc-bloco8\sim\demanda\veiculos.typ.xml'
Loading route-files incrementally from 'C:\Users\User\Desktop\tcc-bloco8\sim\saida\rotas\leve_50.rou.xml'
Loading done.
Simulation version 1.27.1 started with time: 0.00.
Simulation ended at time: 3600.00.
Reason: TraCI requested termination.
Performance:
 Duration: 142.27s
 TraCI-Duration: 42.04s
 Real time factor: 25.3038
 UPS: 149621.384541
Vehicles:
 Inserted: 9117
 Running: 541
 Waiting: 0
Statistics (avg of 8576):
 RouteLength: 2028.15
 Speed: 8.40
 Duration: 241.32
 WaitingTime: 33.74
 TimeLoss: 93.82
 DepartDelay: 0.08
  [635/650] intenso/PREEMPCAO_COMPENSADA/seed=49                 ok        2m23s · restam ~4m58s
***Starting server on port 54504 ***
Loading net-file from 'C:\Users\User\Desktop\tcc-bloco8\sim\config\../rede/malha.net.xml' ... done (6ms).
Loading additional-files from 'C:\Users\User\Desktop\tcc-bloco8\sim\saida\moderado_FIXO_50\malha.det.add.xml' ... done (58ms).
Loading route-files incrementally from 'C:\Users\User\Desktop\tcc-bloco8\sim\demanda\veiculos.typ.xml'
Loading route-files incrementally from 'C:\Users\User\Desktop\tcc-bloco8\sim\saida\rotas\moderado_50.rou.xml'
Loading done.
Simulation version 1.27.1 started with time: 0.00.
Simulation ended at time: 3600.00.
Reason: TraCI requested termination.
Performance:
 Duration: 89.35s
 TraCI-Duration: 40.82s
 Real time factor: 40.2914
 UPS: 123500.486855
Vehicles:
 Inserted: 5379
 Running: 291
 Waiting: 0
Statistics (avg of 5088):
 RouteLength: 2028.24
 Speed: 9.67
 Duration: 210.26
 WaitingTime: 26.66
 TimeLoss: 62.79
 DepartDelay: 0.07
  [636/650] multiplas_emergencias/PREEMPCAO_COMPENSADA/seed=49   ok        1m30s · restam ~4m38s
***Starting server on port 54531 ***
Loading net-file from 'C:\Users\User\Desktop\tcc-bloco8\sim\config\../rede/malha.net.xml' ... done (10ms).
Loading additional-files from 'C:\Users\User\Desktop\tcc-bloco8\sim\saida\moderado_PREEMPCAO_50\malha.det.add.xml' ... done (47ms).
Loading route-files incrementally from 'C:\Users\User\Desktop\tcc-bloco8\sim\demanda\veiculos.typ.xml'
Loading route-files incrementally from 'C:\Users\User\Desktop\tcc-bloco8\sim\saida\rotas\moderado_50.rou.xml'
Loading done.
Simulation version 1.27.1 started with time: 0.00.
Simulation ended at time: 3600.00.
Reason: TraCI requested termination.
Performance:
 Duration: 60.46s
 TraCI-Duration: 39.04s
 Real time factor: 59.5465
 UPS: 71080.834312
Vehicles:
 Inserted: 2249
 Running: 120
 Waiting: 0
Statistics (avg of 2129):
 RouteLength: 2036.06
 Speed: 10.37
 Duration: 196.89
 WaitingTime: 27.92
 TimeLoss: 49.13
 DepartDelay: 0.05
  [637/650] leve/PREEMPCAO/seed=50                               ok        1m01s · restam ~4m19s
***Starting server on port 54569 ***
Loading net-file from 'C:\Users\User\Desktop\tcc-bloco8\sim\config\../rede/malha.net.xml' ... done (12ms).
Loading additional-files from 'C:\Users\User\Desktop\tcc-bloco8\sim\saida\moderado_PREEMPCAO_COMPENSADA_50\malha.det.add.xml' ... done (44ms).
Loading route-files incrementally from 'C:\Users\User\Desktop\tcc-bloco8\sim\demanda\veiculos.typ.xml'
Loading route-files incrementally from 'C:\Users\User\Desktop\tcc-bloco8\sim\saida\rotas\moderado_50.rou.xml'
Loading done.
Simulation version 1.27.1 started with time: 0.00.
Simulation ended at time: 3600.00.
Reason: TraCI requested termination.
Performance:
 Duration: 64.42s
 TraCI-Duration: 39.09s
 Real time factor: 55.8833
 UPS: 78718.457001
Vehicles:
 Inserted: 2249
 Running: 144
 Waiting: 0
Statistics (avg of 2105):
 RouteLength: 2027.99
 Speed: 8.76
 Duration: 232.75
 WaitingTime: 53.06
 TimeLoss: 85.18
 DepartDelay: 0.05
  [638/650] leve/FIXO/seed=50                                    ok        1m05s · restam ~3m58s
***Starting server on port 54577 ***
Loading net-file from 'C:\Users\User\Desktop\tcc-bloco8\sim\config\../rede/malha.net.xml' ... done (12ms).
Loading additional-files from 'C:\Users\User\Desktop\tcc-bloco8\sim\saida\intenso_FIXO_50\malha.det.add.xml' ... done (68ms).
Loading route-files incrementally from 'C:\Users\User\Desktop\tcc-bloco8\sim\demanda\veiculos.typ.xml'
Loading route-files incrementally from 'C:\Users\User\Desktop\tcc-bloco8\sim\saida\rotas\intenso_50.rou.xml'
Loading done.
Simulation version 1.27.1 started with time: 0.00.
Simulation ended at time: 3600.00.
Reason: TraCI requested termination.
Performance:
 Duration: 60.85s
 TraCI-Duration: 39.80s
 Real time factor: 59.1619
 UPS: 70174.741167
Vehicles:
 Inserted: 2249
 Running: 120
 Waiting: 0
Statistics (avg of 2129):
 RouteLength: 2037.48
 Speed: 10.45
 Duration: 195.77
 WaitingTime: 27.06
 TimeLoss: 47.98
 DepartDelay: 0.05
  [639/650] leve/PREEMPCAO_COMPENSADA/seed=50                    ok        1m02s · restam ~3m38s
***Starting server on port 54586 ***
Loading net-file from 'C:\Users\User\Desktop\tcc-bloco8\sim\config\../rede/malha.net.xml' ... done (11ms).
Loading additional-files from 'C:\Users\User\Desktop\tcc-bloco8\sim\saida\intenso_PREEMPCAO_50\malha.det.add.xml' ... done (56ms).
Loading route-files incrementally from 'C:\Users\User\Desktop\tcc-bloco8\sim\demanda\veiculos.typ.xml'
Loading route-files incrementally from 'C:\Users\User\Desktop\tcc-bloco8\sim\saida\rotas\intenso_50.rou.xml'
Loading done.
Simulation version 1.27.1 started with time: 0.00.
Simulation ended at time: 3600.00.
Reason: TraCI requested termination.
Performance:
 Duration: 87.82s
 TraCI-Duration: 40.71s
 Real time factor: 40.992
 UPS: 122454.999886
Vehicles:
 Inserted: 5379
 Running: 269
 Waiting: 0
Statistics (avg of 5110):
 RouteLength: 2031.62
 Speed: 9.96
 Duration: 204.90
 WaitingTime: 23.76
 TimeLoss: 57.33
 DepartDelay: 0.07
  [640/650] multiplas_emergencias/PREEMPCAO_ML/seed=49           ok        1m28s · restam ~3m18s
***Starting server on port 58222 ***
Loading net-file from 'C:\Users\User\Desktop\tcc-bloco8\sim\config\../rede/malha.net.xml' ... done (11ms).
Loading additional-files from 'C:\Users\User\Desktop\tcc-bloco8\sim\saida\intenso_PREEMPCAO_COMPENSADA_50\malha.det.add.xml' ... done (64ms).
Loading route-files incrementally from 'C:\Users\User\Desktop\tcc-bloco8\sim\demanda\veiculos.typ.xml'
Loading route-files incrementally from 'C:\Users\User\Desktop\tcc-bloco8\sim\saida\rotas\intenso_50.rou.xml'
Loading done.
Simulation version 1.27.1 started with time: 0.00.
Simulation ended at time: 3600.00.
Reason: TraCI requested termination.
Performance:
 Duration: 95.04s
 TraCI-Duration: 39.85s
 Real time factor: 37.8804
 UPS: 128382.234101
Vehicles:
 Inserted: 5317
 Running: 377
 Waiting: 0
Statistics (avg of 4940):
 RouteLength: 2017.67
 Speed: 8.51
 Duration: 237.32
 WaitingTime: 42.15
 TimeLoss: 90.16
 DepartDelay: 0.06
  [641/650] moderado/FIXO/seed=50                                ok        1m36s · restam ~2m59s
***Starting server on port 58272 ***
Loading net-file from 'C:\Users\User\Desktop\tcc-bloco8\sim\config\../rede/malha.net.xml' ... done (7ms).
Loading additional-files from 'C:\Users\User\Desktop\tcc-bloco8\sim\saida\multiplas_emergencias_FIXO_50\malha.det.add.xml' ... done (48ms).
Loading route-files incrementally from 'C:\Users\User\Desktop\tcc-bloco8\sim\demanda\veiculos.typ.xml'
Loading route-files incrementally from 'C:\Users\User\Desktop\tcc-bloco8\sim\saida\rotas\multiplas_emergencias_50.rou.xml'
Loading done.
Simulation version 1.27.1 started with time: 0.00.
Simulation ended at time: 3600.00.
Reason: TraCI requested termination.
Performance:
 Duration: 85.13s
 TraCI-Duration: 39.37s
 Real time factor: 42.2898
 UPS: 124457.680877
Vehicles:
 Inserted: 5317
 Running: 320
 Waiting: 0
Statistics (avg of 4997):
 RouteLength: 2025.92
 Speed: 9.88
 Duration: 205.53
 WaitingTime: 24.33
 TimeLoss: 58.21
 DepartDelay: 0.06
  [642/650] moderado/PREEMPCAO/seed=50                           ok        1m26s · restam ~2m38s
***Starting server on port 58281 ***
Loading net-file from 'C:\Users\User\Desktop\tcc-bloco8\sim\config\../rede/malha.net.xml' ... done (9ms).
Loading additional-files from 'C:\Users\User\Desktop\tcc-bloco8\sim\saida\multiplas_emergencias_PREEMPCAO_50\malha.det.add.xml' ... done (44ms).
Loading route-files incrementally from 'C:\Users\User\Desktop\tcc-bloco8\sim\demanda\veiculos.typ.xml'
Loading route-files incrementally from 'C:\Users\User\Desktop\tcc-bloco8\sim\saida\rotas\multiplas_emergencias_50.rou.xml'
Loading done.
Simulation version 1.27.1 started with time: 0.00.
Simulation ended at time: 3600.00.
Reason: TraCI requested termination.
Performance:
 Duration: 83.51s
 TraCI-Duration: 39.91s
 Real time factor: 43.1076
 UPS: 123299.573714
Vehicles:
 Inserted: 5317
 Running: 305
 Waiting: 0
Statistics (avg of 5012):
 RouteLength: 2026.52
 Speed: 10.22
 Duration: 199.63
 WaitingTime: 22.01
 TimeLoss: 52.30
 DepartDelay: 0.06
  [643/650] moderado/PREEMPCAO_COMPENSADA/seed=50                ok        1m24s · restam ~2m19s
***Starting server on port 58317 ***
Loading net-file from 'C:\Users\User\Desktop\tcc-bloco8\sim\config\../rede/malha.net.xml' ... done (6ms).
Loading additional-files from 'C:\Users\User\Desktop\tcc-bloco8\sim\saida\multiplas_emergencias_PREEMPCAO_COMPENSADA_50\malha.det.add.xml' ... done (55ms).
Loading route-files incrementally from 'C:\Users\User\Desktop\tcc-bloco8\sim\demanda\veiculos.typ.xml'
Loading route-files incrementally from 'C:\Users\User\Desktop\tcc-bloco8\sim\saida\rotas\multiplas_emergencias_50.rou.xml'
Loading done.
Simulation version 1.27.1 started with time: 0.00.
Simulation ended at time: 3600.00.
Reason: TraCI requested termination.
Performance:
 Duration: 134.27s
 TraCI-Duration: 40.78s
 Real time factor: 26.8122
 UPS: 150146.916219
Vehicles:
 Inserted: 9030
 Running: 572
 Waiting: 0
Statistics (avg of 8458):
 RouteLength: 2023.05
 Speed: 8.77
 Duration: 230.43
 WaitingTime: 29.05
 TimeLoss: 83.29
 DepartDelay: 0.10
  [644/650] intenso/PREEMPCAO/seed=50                            ok        2m15s · restam ~1m59s
***Starting server on port 61721 ***
Loading net-file from 'C:\Users\User\Desktop\tcc-bloco8\sim\config\../rede/malha.net.xml' ... done (10ms).
Loading additional-files from 'C:\Users\User\Desktop\tcc-bloco8\sim\saida\multiplas_emergencias_PREEMPCAO_ML_50\malha.det.add.xml' ... done (53ms).
Loading route-files incrementally from 'C:\Users\User\Desktop\tcc-bloco8\sim\demanda\veiculos.typ.xml'
Loading route-files incrementally from 'C:\Users\User\Desktop\tcc-bloco8\sim\saida\rotas\multiplas_emergencias_50.rou.xml'
Loading done.
Simulation version 1.27.1 started with time: 0.00.
Simulation ended at time: 3600.00.
Reason: TraCI requested termination.
Performance:
 Duration: 83.63s
 TraCI-Duration: 39.52s
 Real time factor: 43.0483
 UPS: 123626.759300
Vehicles:
 Inserted: 5323
 Running: 316
 Waiting: 0
Statistics (avg of 5007):
 RouteLength: 2026.25
 Speed: 10.18
 Duration: 200.13
 WaitingTime: 21.96
 TimeLoss: 52.83
 DepartDelay: 0.06
  [645/650] multiplas_emergencias/PREEMPCAO/seed=50              ok        1m24s · restam ~1m39s
Simulation ended at time: 3600.00.
Reason: TraCI requested termination.
Performance:
 Duration: 144.38s
 TraCI-Duration: 40.79s
 Real time factor: 24.9335
 UPS: 149392.619681
Vehicles:
 Inserted: 9030
 Running: 630
 Waiting: 0
Statistics (avg of 8400):
 RouteLength: 2017.29
 Speed: 8.15
 Duration: 246.78
 WaitingTime: 35.16
 TimeLoss: 99.75
 DepartDelay: 0.10
  [646/650] intenso/FIXO/seed=50                                 ok        2m25s · restam ~1m19s
Simulation ended at time: 3600.00.
Reason: TraCI requested termination.
Performance:
 Duration: 92.76s
 TraCI-Duration: 38.96s
 Real time factor: 38.8094
 UPS: 131702.989403
Vehicles:
 Inserted: 5323
 Running: 377
 Waiting: 0
Statistics (avg of 4946):
 RouteLength: 2018.24
 Speed: 8.51
 Duration: 237.35
 WaitingTime: 42.13
 TimeLoss: 90.21
 DepartDelay: 0.06
  [647/650] multiplas_emergencias/FIXO/seed=50                   ok        1m33s · restam ~0m59s
Simulation ended at time: 3600.00.
Reason: TraCI requested termination.
Performance:
 Duration: 132.05s
 TraCI-Duration: 41.21s
 Real time factor: 27.2616
 UPS: 151712.981053
Vehicles:
 Inserted: 9030
 Running: 548
 Waiting: 0
Statistics (avg of 8482):
 RouteLength: 2024.27
 Speed: 8.88
 Duration: 229.05
 WaitingTime: 28.71
 TimeLoss: 81.87
 DepartDelay: 0.10
  [648/650] intenso/PREEMPCAO_COMPENSADA/seed=50                 ok        2m13s · restam ~0m39s
Simulation ended at time: 3600.00.
Reason: TraCI requested termination.
Performance:
 Duration: 80.81s
 TraCI-Duration: 38.50s
 Real time factor: 44.5495
 UPS: 132145.837716
Vehicles:
 Inserted: 5323
 Running: 330
 Waiting: 0
Statistics (avg of 4993):
 RouteLength: 2025.74
 Speed: 9.82
 Duration: 206.95
 WaitingTime: 25.65
 TimeLoss: 59.66
 DepartDelay: 0.06
  [649/650] multiplas_emergencias/PREEMPCAO_COMPENSADA/seed=50   ok        1m21s · restam ~0m19s
Simulation ended at time: 3600.00.
Reason: TraCI requested termination.
Performance:
 Duration: 64.16s
 TraCI-Duration: 31.50s
 Real time factor: 56.108
 UPS: 166742.308532
Vehicles:
 Inserted: 5323
 Running: 317
 Waiting: 0
Statistics (avg of 5006):
 RouteLength: 2026.35
 Speed: 9.77
 Duration: 207.42
 WaitingTime: 25.31
 TimeLoss: 60.12
 DepartDelay: 0.06
  [650/650] multiplas_emergencias/PREEMPCAO_ML/seed=50           ok        1m07s · restam ~0m00s

=== lote: 650 execuções em 3h36m10s ===
  válidas     650
  descartadas 0

  cenário                modo                   seed  VEs  travessia  paradas  transv.   p95 ms
  leve                   FIXO                      1    5      473.7     5.80    17.86    0.000
  leve                   PREEMPCAO                 1    6      260.0     0.00    19.13    0.078
  leve                   PREEMPCAO_COMPENSADA      1    6      271.7     0.17    17.47    0.093
  moderado               FIXO                      1    5      497.8     5.60    15.35    0.000
  moderado               PREEMPCAO                 1    5      323.2     0.20    18.27    0.092
  moderado               PREEMPCAO_COMPENSADA      1    5      310.9     0.20    18.72    0.103
  intenso                FIXO                      1    5      517.1     5.80    16.38    0.000
  intenso                PREEMPCAO                 1    5      360.5     0.00    23.97    0.111
  intenso                PREEMPCAO_COMPENSADA      1    5      382.2     0.00    23.01    0.123
  multiplas_emergencias  FIXO                      1   11      375.1     4.09    15.35    0.000
  multiplas_emergencias  PREEMPCAO                 1   12      264.7     0.75    18.44    0.140
  multiplas_emergencias  PREEMPCAO_COMPENSADA      1   11      246.7     0.36    18.55    0.132
  multiplas_emergencias  PREEMPCAO_ML              1   12      257.0     0.67    19.12    0.141
  leve                   FIXO                      2    5      460.7     5.80    19.11    0.000
  leve                   PREEMPCAO                 2    6      260.1     1.00    19.53    0.087
  leve                   PREEMPCAO_COMPENSADA      2    6      273.6     0.83    18.89    0.098
  moderado               FIXO                      2    5      480.5     5.80    15.31    0.000
  moderado               PREEMPCAO                 2    5      328.0     0.20    18.11    0.113
  moderado               PREEMPCAO_COMPENSADA      2    6      296.3     0.17    18.45    0.128
  intenso                FIXO                      2    5      519.7     5.80    16.19    0.000
  intenso                PREEMPCAO                 2    5      374.7     0.20    24.68    0.114
  intenso                PREEMPCAO_COMPENSADA      2    5      397.1     0.20    22.98    0.138
  multiplas_emergencias  FIXO                      2   11      359.0     4.18    15.29    0.000
  multiplas_emergencias  PREEMPCAO                 2   11      256.7     0.55    18.53    0.121
  multiplas_emergencias  PREEMPCAO_COMPENSADA      2   11      248.8     0.36    18.50    0.143
  multiplas_emergencias  PREEMPCAO_ML              2   12      252.4     0.92    17.83    0.168
  leve                   FIXO                      3    5      421.2     5.40    19.78    0.000
  leve                   PREEMPCAO                 3    6      266.2     0.67    18.86    0.095
  leve                   PREEMPCAO_COMPENSADA      3    6      263.1     0.83    19.70    0.123
  moderado               FIXO                      3    5      482.8     5.40    15.18    0.000
  moderado               PREEMPCAO                 3    5      323.8     0.00    18.11    0.097
  moderado               PREEMPCAO_COMPENSADA      3    5      317.7     0.20    18.36    0.136
  intenso                FIXO                      3    5      572.1     7.20    16.25    0.000
  intenso                PREEMPCAO                 3    5      380.0     0.20    22.79    0.142
  intenso                PREEMPCAO_COMPENSADA      3    5      394.3     0.40    23.39    0.163
  multiplas_emergencias  FIXO                      3   11      362.5     4.00    15.25    0.000
  multiplas_emergencias  PREEMPCAO                 3   11      259.6     1.09    17.81    0.179
  multiplas_emergencias  PREEMPCAO_COMPENSADA      3   11      252.0     0.55    18.81    0.190
  multiplas_emergencias  PREEMPCAO_ML              3   11      257.9     0.91    18.23    0.184
  leve                   FIXO                      4    5      443.0     5.40    18.96    0.000
  leve                   PREEMPCAO                 4    6      270.7     0.67    18.32    0.109
  leve                   PREEMPCAO_COMPENSADA      4    6      266.0     0.50    18.66    0.114
  moderado               FIXO                      4    5      496.3     5.80    15.34    0.000
  moderado               PREEMPCAO                 4    5      313.3     0.20    18.10    0.099
  moderado               PREEMPCAO_COMPENSADA      4    6      316.6     0.00    18.17    0.096
  intenso                FIXO                      4    5      536.9     5.80    16.75    0.000
  intenso                PREEMPCAO                 4    5      367.1     0.00    22.99    0.091
  intenso                PREEMPCAO_COMPENSADA      4    5      390.3     0.20    23.19    0.112
  multiplas_emergencias  FIXO                      4   11      372.5     4.64    15.36    0.000
  multiplas_emergencias  PREEMPCAO                 4   11      243.0     0.82    17.65    0.114
  multiplas_emergencias  PREEMPCAO_COMPENSADA      4   12      256.6     0.58    17.51    0.133
  multiplas_emergencias  PREEMPCAO_ML              4   11      233.2     0.64    18.48    0.121
  leve                   FIXO                      5    5      458.0     5.40    18.85    0.000
  leve                   PREEMPCAO                 5    6      271.8     0.17    18.89    0.083
  leve                   PREEMPCAO_COMPENSADA      5    6      265.7     0.33    17.33    0.101
  moderado               FIXO                      5    5      493.5     5.80    15.03    0.000
  moderado               PREEMPCAO                 5    6      317.2     0.00    18.62    0.075
  moderado               PREEMPCAO_COMPENSADA      5    5      313.3     0.00    18.65    0.094
  intenso                FIXO                      5    5      544.4     6.80    16.19    0.000
  intenso                PREEMPCAO                 5    5      367.3     0.00    22.94    0.088
  intenso                PREEMPCAO_COMPENSADA      5    5      387.6     0.20    23.76    0.101
  multiplas_emergencias  FIXO                      5   11      373.3     4.27    15.15    0.000
  multiplas_emergencias  PREEMPCAO                 5   12      254.8     0.33    18.41    0.100
  multiplas_emergencias  PREEMPCAO_COMPENSADA      5   12      258.0     0.33    17.36    0.132
  multiplas_emergencias  PREEMPCAO_ML              5   12      258.0     0.58    18.39    0.125
  leve                   FIXO                      6    5      445.0     5.80    18.89    0.000
  leve                   PREEMPCAO                 6    6      274.0     1.33    18.00    0.069
  leve                   PREEMPCAO_COMPENSADA      6    6      265.2     0.33    18.77    0.087
  moderado               FIXO                      6    5      497.0     6.20    15.35    0.000
  moderado               PREEMPCAO                 6    6      323.2     0.00    18.02    0.072
  moderado               PREEMPCAO_COMPENSADA      6    6      302.7     0.17    18.64    0.088
  intenso                FIXO                      6    5      545.7     6.60    16.66    0.000
  intenso                PREEMPCAO                 6    5      391.1     0.60    26.63    0.091
  intenso                PREEMPCAO_COMPENSADA      6    5      395.4     0.40    24.51    0.118
  multiplas_emergencias  FIXO                      6   11      373.8     4.18    15.35    0.000
  multiplas_emergencias  PREEMPCAO                 6   12      251.8     0.42    18.92    0.100
  multiplas_emergencias  PREEMPCAO_COMPENSADA      6   11      249.0     0.45    19.11    0.117
  multiplas_emergencias  PREEMPCAO_ML              6   12      257.6     0.75    18.74    0.128
  leve                   FIXO                      7    5      442.2     5.20    19.46    0.000
  leve                   PREEMPCAO                 7    6      264.0     0.67    18.28    0.074
  leve                   PREEMPCAO_COMPENSADA      7    6      273.7     0.50    19.48    0.086
  moderado               FIXO                      7    5      492.4     5.80    15.08    0.000
  moderado               PREEMPCAO                 7    5      333.0     0.00    18.35    0.078
  moderado               PREEMPCAO_COMPENSADA      7    5      332.1     0.00    17.90    0.097
  intenso                FIXO                      7    5      505.6     5.00    15.70    0.000
  intenso                PREEMPCAO                 7    5      379.4     0.00    24.35    0.091
  intenso                PREEMPCAO_COMPENSADA      7    5      386.7     0.20    24.10    0.105
  multiplas_emergencias  FIXO                      7   11      366.2     4.00    15.14    0.000
  multiplas_emergencias  PREEMPCAO                 7   11      253.0     0.18    18.16    0.103
  multiplas_emergencias  PREEMPCAO_COMPENSADA      7   11      259.8     0.36    18.63    0.129
  multiplas_emergencias  PREEMPCAO_ML              7   11      269.9     0.73    18.38    0.144
  leve                   FIXO                      8    5      457.4     5.80    19.83    0.000
  leve                   PREEMPCAO                 8    5      269.1     0.40    19.17    0.080
  leve                   PREEMPCAO_COMPENSADA      8    6      270.7     0.50    18.28    0.099
  moderado               FIXO                      8    5      481.3     6.00    14.81    0.000
  moderado               PREEMPCAO                 8    6      302.2     0.17    18.48    0.093
  moderado               PREEMPCAO_COMPENSADA      8    5      317.5     0.20    18.60    0.100
  intenso                FIXO                      8    5      520.5     5.40    16.99    0.000
  intenso                PREEMPCAO                 8    5      391.3     0.00    24.19    0.099
  intenso                PREEMPCAO_COMPENSADA      8    5      405.2     0.20    24.16    0.117
  multiplas_emergencias  FIXO                      8   11      367.0     4.18    14.81    0.000
  multiplas_emergencias  PREEMPCAO                 8   12      250.8     0.33    19.23    0.117
  multiplas_emergencias  PREEMPCAO_COMPENSADA      8   11      250.4     0.73    19.01    0.123
  multiplas_emergencias  PREEMPCAO_ML              8   12      251.3     0.42    19.41    0.140
  leve                   FIXO                      9    5      456.8     5.40    18.77    0.000
  leve                   PREEMPCAO                 9    6      274.4     0.17    19.17    0.077
  leve                   PREEMPCAO_COMPENSADA      9    6      266.2     0.33    19.17    0.112
  moderado               FIXO                      9    5      490.3     5.40    15.18    0.000
  moderado               PREEMPCAO                 9    5      318.5     0.20    18.18    0.102
  moderado               PREEMPCAO_COMPENSADA      9    6      318.3     0.00    17.90    0.108
  intenso                FIXO                      9    5      520.3     6.40    16.34    0.000
  intenso                PREEMPCAO                 9    5      355.0     0.60    24.96    0.110
  intenso                PREEMPCAO_COMPENSADA      9    5      415.5     0.80    25.35    0.139
  multiplas_emergencias  FIXO                      9   11      363.6     3.82    15.21    0.000
  multiplas_emergencias  PREEMPCAO                 9   11      246.4     0.45    18.91    0.137
  multiplas_emergencias  PREEMPCAO_COMPENSADA      9   11      243.1     0.45    18.37    0.155
  multiplas_emergencias  PREEMPCAO_ML              9   12      264.1     0.50    18.20    0.186
  leve                   FIXO                     10    5      456.9     5.60    19.93    0.000
  leve                   PREEMPCAO                10    6      266.2     0.50    18.24    0.095
  leve                   PREEMPCAO_COMPENSADA     10    6      266.5     0.50    19.45    0.118
  moderado               FIXO                     10    5      495.0     5.60    15.05    0.000
  moderado               PREEMPCAO                10    5      310.3     0.40    18.03    0.135
  moderado               PREEMPCAO_COMPENSADA     10    5      312.5     0.00    18.00    0.179
  intenso                FIXO                     10    5      519.9     6.20    17.16    0.000
  intenso                PREEMPCAO                10    5      374.7     0.40    24.98    0.174
  intenso                PREEMPCAO_COMPENSADA     10    5      367.8     0.60    25.44    0.191
  multiplas_emergencias  FIXO                     10   11      372.4     4.45    15.25    0.000
  multiplas_emergencias  PREEMPCAO                10   11      256.4     0.27    18.42    0.185
  multiplas_emergencias  PREEMPCAO_COMPENSADA     10   12      262.1     0.58    17.37    0.196
  multiplas_emergencias  PREEMPCAO_ML             10   12      262.9     0.75    18.82    0.155
  leve                   FIXO                     11    5      460.5     5.40    19.07    0.000
  leve                   PREEMPCAO                11    6      267.1     0.50    18.76    0.086
  leve                   PREEMPCAO_COMPENSADA     11    6      277.3     0.17    19.21    0.102
  moderado               FIXO                     11    5      464.3     5.40    15.32    0.000
  moderado               PREEMPCAO                11    5      309.1     0.20    19.23    0.103
  moderado               PREEMPCAO_COMPENSADA     11    6      297.4     0.33    18.06    0.122
  intenso                FIXO                     11    5      529.1     5.40    16.55    0.000
  intenso                PREEMPCAO                11    5      373.6     0.40    25.64    0.117
  intenso                PREEMPCAO_COMPENSADA     11    5      384.3     0.40    24.36    0.134
  multiplas_emergencias  FIXO                     11   11      357.7     4.27    15.32    0.000
  multiplas_emergencias  PREEMPCAO                11   11      239.2     0.82    18.71    0.141
  multiplas_emergencias  PREEMPCAO_COMPENSADA     11   11      243.8     0.73    18.64    0.159
  multiplas_emergencias  PREEMPCAO_ML             11   12      242.3     1.00    19.28    0.147
  leve                   FIXO                     12    5      472.6     5.20    19.35    0.000
  leve                   PREEMPCAO                12    6      294.2     0.50    18.24    0.086
  leve                   PREEMPCAO_COMPENSADA     12    6      265.2     0.17    18.35    0.098
  moderado               FIXO                     12    5      496.7     5.80    15.34    0.000
  moderado               PREEMPCAO                12    6      308.3     0.17    19.03    0.098
  moderado               PREEMPCAO_COMPENSADA     12    5      303.4     0.00    17.56    0.114
  intenso                FIXO                     12    5      532.1     6.20    16.20    0.000
  intenso                PREEMPCAO                12    5      386.2     0.40    24.95    0.115
  intenso                PREEMPCAO_COMPENSADA     12    5      400.6     0.40    24.13    0.135
  multiplas_emergencias  FIXO                     12   11      365.6     4.36    15.34    0.000
  multiplas_emergencias  PREEMPCAO                12   11      238.2     0.45    18.50    0.136
  multiplas_emergencias  PREEMPCAO_COMPENSADA     12   11      241.3     0.36    18.79    0.148
  multiplas_emergencias  PREEMPCAO_ML             12   11      241.0     0.64    18.66    0.150
  leve                   FIXO                     13    5      419.7     5.20    18.90    0.000
  leve                   PREEMPCAO                13    6      250.1     0.33    19.36    0.090
  leve                   PREEMPCAO_COMPENSADA     13    6      257.1     0.17    18.11    0.101
  moderado               FIXO                     13    5      512.1     6.00    15.30    0.000
  moderado               PREEMPCAO                13    6      290.4     0.00    18.93    0.100
  moderado               PREEMPCAO_COMPENSADA     13    6      297.6     0.17    18.33    0.133
  intenso                FIXO                     13    5      562.5     6.40    16.30    0.000
  intenso                PREEMPCAO                13    5      390.0     0.00    24.91    0.126
  intenso                PREEMPCAO_COMPENSADA     13    5      394.5     0.40    24.04    0.144
  multiplas_emergencias  FIXO                     13   11      379.3     4.18    15.50    0.000
  multiplas_emergencias  PREEMPCAO                13   12      251.7     0.17    19.14    0.158
  multiplas_emergencias  PREEMPCAO_COMPENSADA     13   11      239.9     0.36    19.34    0.157
  multiplas_emergencias  PREEMPCAO_ML             13   12      244.4     0.58    19.31    0.148
  leve                   FIXO                     14    5      457.4     5.40    18.75    0.000
  leve                   PREEMPCAO                14    6      266.5     0.50    18.98    0.085
  leve                   PREEMPCAO_COMPENSADA     14    6      269.0     0.83    17.53    0.099
  moderado               FIXO                     14    5      480.6     5.80    16.11    0.000
  moderado               PREEMPCAO                14    5      321.4     0.40    18.64    0.095
  moderado               PREEMPCAO_COMPENSADA     14    5      319.4     0.00    18.64    0.112
  intenso                FIXO                     14    5      544.9     5.80    15.92    0.000
  intenso                PREEMPCAO                14    5      390.3     0.40    23.87    0.111
  intenso                PREEMPCAO_COMPENSADA     14    5      413.2     0.40    22.57    0.129
  multiplas_emergencias  FIXO                     14   11      365.6     4.18    16.09    0.000
  multiplas_emergencias  PREEMPCAO                14   11      251.6     1.09    18.80    0.137
  multiplas_emergencias  PREEMPCAO_COMPENSADA     14   11      255.8     0.55    18.98    0.144
  multiplas_emergencias  PREEMPCAO_ML             14   11      255.1     0.73    18.47    0.151
  leve                   FIXO                     15    5      458.0     5.60    18.90    0.000
  leve                   PREEMPCAO                15    6      255.4     0.17    18.33    0.084
  leve                   PREEMPCAO_COMPENSADA     15    6      266.6     0.67    19.82    0.098
  moderado               FIXO                     15    5      479.9     5.40    15.17    0.000
  moderado               PREEMPCAO                15    5      308.3     0.00    18.55    0.103
  moderado               PREEMPCAO_COMPENSADA     15    5      303.3     0.00    17.45    0.122
  intenso                FIXO                     15    5      530.9     6.00    16.52    0.000
  intenso                PREEMPCAO                15    5      348.6     0.20    23.62    0.111
  intenso                PREEMPCAO_COMPENSADA     15    5      376.8     0.00    23.51    0.127
  multiplas_emergencias  FIXO                     15   10      377.5     4.00    15.18    0.000
  multiplas_emergencias  PREEMPCAO                15   12      255.7     0.75    18.47    0.125
  multiplas_emergencias  PREEMPCAO_COMPENSADA     15   12      261.4     1.08    19.03    0.137
  multiplas_emergencias  PREEMPCAO_ML             15   11      256.0     0.64    19.07    0.134
  leve                   FIXO                     16    5      428.0     5.00    19.40    0.000
  leve                   PREEMPCAO                16    6      254.4     0.33    19.03    0.077
  leve                   PREEMPCAO_COMPENSADA     16    6      257.6     0.33    18.62    0.090
  moderado               FIXO                     16    5      494.3     5.80    15.72    0.000
  moderado               PREEMPCAO                16    5      320.7     0.60    18.52    0.089
  moderado               PREEMPCAO_COMPENSADA     16    5      309.1     0.00    18.98    0.100
  intenso                FIXO                     16    5      519.9     5.80    17.21    0.000
  intenso                PREEMPCAO                16    5      359.9     0.20    26.23    0.098
  intenso                PREEMPCAO_COMPENSADA     16    5      349.8     0.00    23.03    0.112
  multiplas_emergencias  FIXO                     16   11      365.0     4.00    15.70    0.000
  multiplas_emergencias  PREEMPCAO                16   11      252.2     0.82    17.91    0.120
  multiplas_emergencias  PREEMPCAO_COMPENSADA     16   12      264.6     0.92    18.23    0.130
  multiplas_emergencias  PREEMPCAO_ML             16   11      253.8     0.91    18.75    0.137
  leve                   FIXO                     17    5      442.5     4.80    20.24    0.000
  leve                   PREEMPCAO                17    6      265.3     0.50    19.98    0.073
  leve                   PREEMPCAO_COMPENSADA     17    6      269.8     0.33    18.98    0.090
  moderado               FIXO                     17    5      509.3     6.20    15.50    0.000
  moderado               PREEMPCAO                17    5      330.7     0.20    19.08    0.093
  moderado               PREEMPCAO_COMPENSADA     17    5      326.7     0.20    18.33    0.098
  intenso                FIXO                     17    5      519.2     5.40    15.73    0.000
  intenso                PREEMPCAO                17    5      389.2     0.20    24.13    0.106
  intenso                PREEMPCAO_COMPENSADA     17    5      409.1     1.00    24.08    0.134
  multiplas_emergencias  FIXO                     17   11      373.8     4.27    15.51    0.000
  multiplas_emergencias  PREEMPCAO                17   11      236.8     0.64    18.81    0.108
  multiplas_emergencias  PREEMPCAO_COMPENSADA     17   11      238.0     0.18    18.92    0.150
  multiplas_emergencias  PREEMPCAO_ML             17   11      243.2     0.91    20.24    0.162
  leve                   FIXO                     18    5      472.7     6.40    18.26    0.000
  leve                   PREEMPCAO                18    6      263.0     0.00    19.24    0.107
  leve                   PREEMPCAO_COMPENSADA     18    6      269.7     0.17    19.23    0.111
  moderado               FIXO                     18    5      495.2     5.60    15.23    0.000
  moderado               PREEMPCAO                18    6      318.5     0.17    17.46    0.104
  moderado               PREEMPCAO_COMPENSADA     18    6      326.9     0.50    18.26    0.123
  intenso                FIXO                     18    5      564.2     5.20    16.37    0.000
  intenso                PREEMPCAO                18    5      373.6     0.00    24.09    0.120
  intenso                PREEMPCAO_COMPENSADA     18    5      408.0     0.00    24.25    0.144
  multiplas_emergencias  FIXO                     18   10      378.6     4.40    15.23    0.000
  multiplas_emergencias  PREEMPCAO                18   12      253.9     0.92    17.81    0.140
  multiplas_emergencias  PREEMPCAO_COMPENSADA     18   12      256.3     0.33    19.23    0.175
  multiplas_emergencias  PREEMPCAO_ML             18   12      264.3     0.92    17.92    0.160
  leve                   FIXO                     19    5      470.6     5.60    18.40    0.000
  leve                   PREEMPCAO                19    6      285.0     0.83    19.29    0.094
  leve                   PREEMPCAO_COMPENSADA     19    6      258.6     0.33    19.03    0.106
  moderado               FIXO                     19    5      485.7     5.40    15.46    0.000
  moderado               PREEMPCAO                19    6      318.3     0.00    19.15    0.097
  moderado               PREEMPCAO_COMPENSADA     19    6      318.3     0.00    18.02    0.125
  intenso                FIXO                     19    5      534.8     6.20    15.71    0.000
  intenso                PREEMPCAO                19    5      382.5     0.40    23.45    0.120
  intenso                PREEMPCAO_COMPENSADA     19    5      382.8     0.40    24.62    0.152
  multiplas_emergencias  FIXO                     19   11      366.8     4.09    15.47    0.000
  multiplas_emergencias  PREEMPCAO                19   12      252.8     0.50    17.83    0.154
  multiplas_emergencias  PREEMPCAO_COMPENSADA     19   11      251.3     0.55    18.81    0.188
  multiplas_emergencias  PREEMPCAO_ML             19   12      254.9     0.92    18.37    0.199
  leve                   FIXO                     20    5      445.5     5.40    19.81    0.000
  leve                   PREEMPCAO                20    6      258.4     0.17    19.32    0.112
  leve                   PREEMPCAO_COMPENSADA     20    6      260.8     0.50    17.73    0.135
  moderado               FIXO                     20    5      482.3     5.40    15.75    0.000
  moderado               PREEMPCAO                20    6      319.3     0.17    19.00    0.106
  moderado               PREEMPCAO_COMPENSADA     20    6      295.1     0.17    18.03    0.108
  intenso                FIXO                     20    5      540.8     6.00    16.70    0.000
  intenso                PREEMPCAO                20    5      391.2     0.60    25.15    0.101
  intenso                PREEMPCAO_COMPENSADA     20    5      396.5     0.40    24.84    0.110
  multiplas_emergencias  FIXO                     20   10      377.8     4.10    15.85    0.000
  multiplas_emergencias  PREEMPCAO                20   11      262.3     0.36    18.71    0.110
  multiplas_emergencias  PREEMPCAO_COMPENSADA     20   12      265.9     0.42    18.85    0.121
  multiplas_emergencias  PREEMPCAO_ML             20   12      267.8     0.92    18.74    0.117
  leve                   FIXO                     21    5      456.8     5.20    19.12    0.000
  leve                   PREEMPCAO                21    6      274.8     0.33    19.10    0.072
  leve                   PREEMPCAO_COMPENSADA     21    6      267.5     0.83    19.71    0.088
  moderado               FIXO                     21    5      481.4     5.60    15.13    0.000
  moderado               PREEMPCAO                21    5      312.4     0.20    18.17    0.074
  moderado               PREEMPCAO_COMPENSADA     21    5      331.2     0.20    18.65    0.091
  intenso                FIXO                     21    5      508.9     5.20    17.06    0.000
  intenso                PREEMPCAO                21    5      382.8     0.00    25.25    0.090
  intenso                PREEMPCAO_COMPENSADA     21    5      408.0     0.00    24.52    0.107
  multiplas_emergencias  FIXO                     21   11      367.2     4.00    15.15    0.000
  multiplas_emergencias  PREEMPCAO                21   11      255.7     0.91    18.71    0.103
  multiplas_emergencias  PREEMPCAO_COMPENSADA     21   12      253.4     0.42    18.62    0.123
  multiplas_emergencias  PREEMPCAO_ML             21   11      254.9     0.82    18.15    0.120
  leve                   FIXO                     22    5      456.4     5.20    19.14    0.000
  leve                   PREEMPCAO                22    6      263.1     0.50    19.25    0.081
  leve                   PREEMPCAO_COMPENSADA     22    6      266.5     0.33    18.08    0.081
  moderado               FIXO                     22    5      493.7     5.40    15.37    0.000
  moderado               PREEMPCAO                22    5      344.0     0.00    18.00    0.075
  moderado               PREEMPCAO_COMPENSADA     22    5      318.6     0.20    18.34    0.087
  intenso                FIXO                     22    5      506.9     5.20    15.87    0.000
  intenso                PREEMPCAO                22    5      381.0     0.20    21.14    0.096
  intenso                PREEMPCAO_COMPENSADA     22    5      389.4     0.20    23.13    0.110
  multiplas_emergencias  FIXO                     22   11      371.7     4.36    15.37    0.000
  multiplas_emergencias  PREEMPCAO                22   11      264.0     0.64    17.99    0.118
  multiplas_emergencias  PREEMPCAO_COMPENSADA     22   12      256.4     0.58    17.97    0.128
  multiplas_emergencias  PREEMPCAO_ML             22   11      258.0     0.91    19.31    0.121
  leve                   FIXO                     23    5      462.4     5.60    18.38    0.000
  leve                   PREEMPCAO                23    6      272.7     0.83    19.20    0.068
  leve                   PREEMPCAO_COMPENSADA     23    5      262.1     0.40    19.85    0.079
  moderado               FIXO                     23    5      485.2     5.40    15.36    0.000
  moderado               PREEMPCAO                23    5      330.9     0.20    17.49    0.078
  moderado               PREEMPCAO_COMPENSADA     23    5      326.2     0.40    17.69    0.097
  intenso                FIXO                     23    5      533.5     6.00    16.12    0.000
  intenso                PREEMPCAO                23    5      388.5     0.20    24.34    0.106
  intenso                PREEMPCAO_COMPENSADA     23    5      400.6     0.60    22.86    0.122
  multiplas_emergencias  FIXO                     23   11      369.5     4.36    15.37    0.000
  multiplas_emergencias  PREEMPCAO                23   11      252.0     0.27    18.32    0.122
  multiplas_emergencias  PREEMPCAO_COMPENSADA     23   12      245.2     0.50    18.53    0.145
  multiplas_emergencias  PREEMPCAO_ML             23   11      257.7     1.00    18.04    0.165
  leve                   FIXO                     24    5      456.5     5.80    19.75    0.000
  leve                   PREEMPCAO                24    6      263.4     0.50    18.82    0.095
  leve                   PREEMPCAO_COMPENSADA     24    6      262.8     0.17    19.21    0.104
  moderado               FIXO                     24    5      477.0     5.40    16.05    0.000
  moderado               PREEMPCAO                24    5      307.1     0.80    18.38    0.103
  moderado               PREEMPCAO_COMPENSADA     24    6      294.6     0.33    18.09    0.125
  intenso                FIXO                     24    5      545.6     6.40    17.28    0.000
  intenso                PREEMPCAO                24    5      387.8     0.00    27.60    0.119
  intenso                PREEMPCAO_COMPENSADA     24    5      387.8     0.20    24.49    0.138
  multiplas_emergencias  FIXO                     24   11      364.2     4.09    16.07    0.000
  multiplas_emergencias  PREEMPCAO                24   11      253.3     1.00    18.75    0.143
  multiplas_emergencias  PREEMPCAO_COMPENSADA     24   11      249.9     0.64    18.18    0.153
  multiplas_emergencias  PREEMPCAO_ML             24   12      258.3     0.83    18.62    0.151
  leve                   FIXO                     25    5      473.0     5.60    19.78    0.000
  leve                   PREEMPCAO                25    6      274.2     0.67    17.82    0.093
  leve                   PREEMPCAO_COMPENSADA     25    6      258.4     0.17    17.61    0.114
  moderado               FIXO                     25    5      498.6     5.60    15.57    0.000
  moderado               PREEMPCAO                25    5      321.6     0.60    18.45    0.108
  moderado               PREEMPCAO_COMPENSADA     25    5      309.3     0.20    17.06    0.118
  intenso                FIXO                     25    5      518.9     5.60    16.02    0.000
  intenso                PREEMPCAO                25    5      374.1     0.00    21.79    0.114
  intenso                PREEMPCAO_COMPENSADA     25    5      362.1     0.20    22.74    0.133
  multiplas_emergencias  FIXO                     25   11      370.5     3.82    15.58    0.000
  multiplas_emergencias  PREEMPCAO                25   12      244.7     0.42    18.33    0.137
  multiplas_emergencias  PREEMPCAO_COMPENSADA     25   12      245.1     0.50    17.94    0.150
  multiplas_emergencias  PREEMPCAO_ML             25   11      254.5     0.73    18.91    0.144
  leve                   FIXO                     26    5      444.4     5.40    19.53    0.000
  leve                   PREEMPCAO                26    6      265.6     0.17    19.84    0.080
  leve                   PREEMPCAO_COMPENSADA     26    6      261.5     0.33    21.43    0.094
  moderado               FIXO                     26    5      492.5     5.60    15.68    0.000
  moderado               PREEMPCAO                26    5      321.5     0.00    17.99    0.088
  moderado               PREEMPCAO_COMPENSADA     26    5      314.2     0.00    18.37    0.108
  intenso                FIXO                     26    5      556.2     6.40    16.04    0.000
  intenso                PREEMPCAO                26    5      380.8     0.40    24.82    0.112
  intenso                PREEMPCAO_COMPENSADA     26    5      394.6     0.60    23.77    0.129
  multiplas_emergencias  FIXO                     26   11      372.3     4.36    15.68    0.000
  multiplas_emergencias  PREEMPCAO                26   11      255.3     0.55    18.37    0.135
  multiplas_emergencias  PREEMPCAO_COMPENSADA     26   12      249.8     0.33    18.28    0.138
  multiplas_emergencias  PREEMPCAO_ML             26   11      260.2     0.64    18.36    0.140
  leve                   FIXO                     27    5      447.3     5.20    18.88    0.000
  leve                   PREEMPCAO                27    6      272.5     0.33    18.76    0.080
  leve                   PREEMPCAO_COMPENSADA     27    6      284.0     0.33    18.41    0.095
  moderado               FIXO                     27    5      492.7     5.40    15.83    0.000
  moderado               PREEMPCAO                27    5      319.7     0.20    18.33    0.103
  moderado               PREEMPCAO_COMPENSADA     27    6      316.4     0.17    19.31    0.117
  intenso                FIXO                     27    5      528.9     5.40    16.23    0.000
  intenso                PREEMPCAO                27    5      395.7     0.40    24.43    0.113
  intenso                PREEMPCAO_COMPENSADA     27    5      410.0     0.20    23.37    0.138
  multiplas_emergencias  FIXO                     27   11      370.4     4.18    15.84    0.000
  multiplas_emergencias  PREEMPCAO                27   11      251.4     0.45    18.17    0.128
  multiplas_emergencias  PREEMPCAO_COMPENSADA     27   11      257.8     0.55    19.46    0.148
  multiplas_emergencias  PREEMPCAO_ML             27   11      264.8     0.73    17.98    0.139
  leve                   FIXO                     28    5      473.8     5.80    18.97    0.000
  leve                   PREEMPCAO                28    6      271.4     0.17    19.13    0.086
  leve                   PREEMPCAO_COMPENSADA     28    6      270.3     0.17    19.83    0.103
  moderado               FIXO                     28    5      496.8     5.60    15.29    0.000
  moderado               PREEMPCAO                28    5      318.8     0.20    18.13    0.077
  moderado               PREEMPCAO_COMPENSADA     28    6      311.5     0.00    17.49    0.113
  intenso                FIXO                     28    5      507.1     5.40    17.24    0.000
  intenso                PREEMPCAO                28    5      371.9     0.00    24.19    0.117
  intenso                PREEMPCAO_COMPENSADA     28    5      378.7     0.20    25.82    0.138
  multiplas_emergencias  FIXO                     28   10      379.1     4.10    15.34    0.000
  multiplas_emergencias  PREEMPCAO                28   12      255.3     0.75    18.92    0.151
  multiplas_emergencias  PREEMPCAO_COMPENSADA     28   12      249.1     0.92    18.33    0.161
  multiplas_emergencias  PREEMPCAO_ML             28   12      252.9     1.17    18.19    0.160
  leve                   FIXO                     29    5      471.8     5.60    18.83    0.000
  leve                   PREEMPCAO                29    6      273.2     0.83    17.82    0.092
  leve                   PREEMPCAO_COMPENSADA     29    6      265.7     0.50    18.73    0.110
  moderado               FIXO                     29    5      484.4     5.20    15.17    0.000
  moderado               PREEMPCAO                29    5      309.9     0.20    18.56    0.091
  moderado               PREEMPCAO_COMPENSADA     29    6      310.9     0.33    19.17    0.110
  intenso                FIXO                     29    5      535.7     5.80    16.60    0.000
  intenso                PREEMPCAO                29    5      372.3     0.00    23.72    0.104
  intenso                PREEMPCAO_COMPENSADA     29    5      370.8     0.00    23.60    0.123
  multiplas_emergencias  FIXO                     29   11      363.1     4.00    15.17    0.000
  multiplas_emergencias  PREEMPCAO                29   11      240.1     0.36    18.46    0.123
  multiplas_emergencias  PREEMPCAO_COMPENSADA     29   11      254.0     0.64    18.55    0.145
  multiplas_emergencias  PREEMPCAO_ML             29   11      251.7     0.73    19.16    0.155
  leve                   FIXO                     30    5      458.2     5.40    18.78    0.000
  leve                   PREEMPCAO                30    6      284.2     0.50    19.52    0.086
  leve                   PREEMPCAO_COMPENSADA     30    6      274.8     0.17    19.32    0.102
  moderado               FIXO                     30    5      479.8     5.20    15.53    0.000
  moderado               PREEMPCAO                30    5      315.3     0.00    17.63    0.097
  moderado               PREEMPCAO_COMPENSADA     30    6      300.5     0.17    18.70    0.116
  intenso                FIXO                     30    5      509.2     5.60    16.25    0.000
  intenso                PREEMPCAO                30    5      362.8     0.40    23.48    0.127
  intenso                PREEMPCAO_COMPENSADA     30    5      369.3     0.00    23.36    0.155
  multiplas_emergencias  FIXO                     30   11      358.9     3.82    15.54    0.000
  multiplas_emergencias  PREEMPCAO                30   12      258.0     0.83    17.27    0.156
  multiplas_emergencias  PREEMPCAO_COMPENSADA     30   11      254.2     0.82    18.93    0.189
  multiplas_emergencias  PREEMPCAO_ML             30   12      255.4     0.67    18.24    0.180
  leve                   FIXO                     31    5      457.3     5.60    19.37    0.000
  leve                   PREEMPCAO                31    6      275.9     0.67    18.80    0.098
  leve                   PREEMPCAO_COMPENSADA     31    6      262.7     0.33    19.22    0.117
  moderado               FIXO                     31    5      478.4     5.20    15.38    0.000
  moderado               PREEMPCAO                31    5      331.4     0.40    19.02    0.118
  moderado               PREEMPCAO_COMPENSADA     31    6      312.3     0.67    18.15    0.128
  intenso                FIXO                     31    5      528.9     6.40    15.57    0.000
  intenso                PREEMPCAO                31    5      384.9     0.40    23.50    0.121
  intenso                PREEMPCAO_COMPENSADA     31    5      390.3     0.60    22.52    0.138
  multiplas_emergencias  FIXO                     31   11      364.9     3.91    15.38    0.000
  multiplas_emergencias  PREEMPCAO                31   11      254.3     0.55    18.84    0.144
  multiplas_emergencias  PREEMPCAO_COMPENSADA     31   11      245.8     0.82    18.24    0.158
  multiplas_emergencias  PREEMPCAO_ML             31   12      267.9     0.83    18.69    0.164
  leve                   FIXO                     32    5      455.9     5.00    18.80    0.000
  leve                   PREEMPCAO                32    6      260.9     0.17    18.62    0.095
  leve                   PREEMPCAO_COMPENSADA     32    6      277.2     0.00    18.87    0.107
  moderado               FIXO                     32    5      497.3     5.80    15.06    0.000
  moderado               PREEMPCAO                32    5      324.7     0.00    18.00    0.113
  moderado               PREEMPCAO_COMPENSADA     32    5      317.0     0.20    18.77    0.137
  intenso                FIXO                     32    5      505.6     5.00    16.90    0.000
  intenso                PREEMPCAO                32    5      362.7     0.20    24.58    0.124
  intenso                PREEMPCAO_COMPENSADA     32    5      406.4     0.40    24.96    0.142
  multiplas_emergencias  FIXO                     32   11      365.0     4.09    15.14    0.000
  multiplas_emergencias  PREEMPCAO                32   12      259.7     0.67    18.43    0.147
  multiplas_emergencias  PREEMPCAO_COMPENSADA     32   12      258.2     0.92    18.21    0.147
  multiplas_emergencias  PREEMPCAO_ML             32   12      257.9     0.75    19.02    0.148
  leve                   FIXO                     33    5      471.9     5.40    19.43    0.000
  leve                   PREEMPCAO                33    6      263.8     0.00    19.14    0.079
  leve                   PREEMPCAO_COMPENSADA     33    6      281.0     0.17    18.26    0.094
  moderado               FIXO                     33    5      494.0     5.40    15.49    0.000
  moderado               PREEMPCAO                33    6      323.3     0.00    18.78    0.107
  moderado               PREEMPCAO_COMPENSADA     33    5      348.8     0.00    17.97    0.121
  intenso                FIXO                     33    5      519.2     5.00    16.72    0.000
  intenso                PREEMPCAO                33    5      381.0     0.20    23.14    0.115
  intenso                PREEMPCAO_COMPENSADA     33    5      392.7     0.20    24.04    0.135
  multiplas_emergencias  FIXO                     33   11      371.1     4.00    15.49    0.000
  multiplas_emergencias  PREEMPCAO                33   12      259.4     0.58    18.49    0.126
  multiplas_emergencias  PREEMPCAO_COMPENSADA     33   11      263.0     0.82    18.79    0.162
  multiplas_emergencias  PREEMPCAO_ML             33   12      262.9     0.83    18.62    0.153
  leve                   FIXO                     34    5      429.0     5.00    18.50    0.000
  leve                   PREEMPCAO                34    6      277.4     1.00    18.39    0.090
  leve                   PREEMPCAO_COMPENSADA     34    6      265.9     0.67    18.76    0.119
  moderado               FIXO                     34    5      510.8     5.80    15.17    0.000
  moderado               PREEMPCAO                34    6      313.2     0.00    18.43    0.089
  moderado               PREEMPCAO_COMPENSADA     34    5      336.1     0.00    18.02    0.116
  intenso                FIXO                     34    5      545.2     6.60    16.04    0.000
  intenso                PREEMPCAO                34    5      384.8     0.40    25.29    0.112
  intenso                PREEMPCAO_COMPENSADA     34    5      387.2     0.20    24.20    0.129
  multiplas_emergencias  FIXO                     34   11      375.5     4.18    15.33    0.000
  multiplas_emergencias  PREEMPCAO                34   12      256.6     0.25    18.32    0.122
  multiplas_emergencias  PREEMPCAO_COMPENSADA     34   11      260.1     0.91    18.20    0.146
  multiplas_emergencias  PREEMPCAO_ML             34   12      263.8     0.67    17.71    0.157
  leve                   FIXO                     35    5      484.7     5.60    18.79    0.000
  leve                   PREEMPCAO                35    5      262.3     0.60    18.05    0.091
  leve                   PREEMPCAO_COMPENSADA     35    6      272.8     0.67    18.53    0.114
  moderado               FIXO                     35    5      493.4     5.80    15.71    0.000
  moderado               PREEMPCAO                35    5      316.3     0.40    18.17    0.101
  moderado               PREEMPCAO_COMPENSADA     35    6      312.5     0.17    18.55    0.127
  intenso                FIXO                     35    5      519.7     5.60    16.23    0.000
  intenso                PREEMPCAO                35    5      391.4     0.20    22.84    0.123
  intenso                PREEMPCAO_COMPENSADA     35    5      406.1     0.40    22.87    0.146
  multiplas_emergencias  FIXO                     35   11      364.6     4.27    15.68    0.000
  multiplas_emergencias  PREEMPCAO                35   11      243.6     0.55    17.43    0.152
  multiplas_emergencias  PREEMPCAO_COMPENSADA     35   11      246.1     0.45    18.72    0.162
  multiplas_emergencias  PREEMPCAO_ML             35   11      247.2     1.18    18.32    0.170
  leve                   FIXO                     36    5      430.8     5.00    19.80    0.000
  leve                   PREEMPCAO                36    6      272.2     0.50    19.64    0.090
  leve                   PREEMPCAO_COMPENSADA     36    6      262.7     0.83    18.45    0.105
  moderado               FIXO                     36    5      495.6     5.60    14.90    0.000
  moderado               PREEMPCAO                36    5      309.3     0.40    18.37    0.113
  moderado               PREEMPCAO_COMPENSADA     36    5      301.9     0.20    18.52    0.144
  intenso                FIXO                     36    5      533.7     6.40    17.11    0.000
  intenso                PREEMPCAO                36    5      383.4     0.00    25.33    0.130
  intenso                PREEMPCAO_COMPENSADA     36    5      379.9     0.00    23.93    0.143
  multiplas_emergencias  FIXO                     36   11      372.7     4.18    14.91    0.000
  multiplas_emergencias  PREEMPCAO                36   11      247.9     1.00    18.42    0.145
  multiplas_emergencias  PREEMPCAO_COMPENSADA     36   11      252.7     1.27    18.63    0.156
  multiplas_emergencias  PREEMPCAO_ML             36   11      250.9     1.00    18.42    0.133
  leve                   FIXO                     37    5      434.8     5.20    19.16    0.000
  leve                   PREEMPCAO                37    6      275.2     0.33    18.27    0.080
  leve                   PREEMPCAO_COMPENSADA     37    6      267.8     0.67    19.38    0.095
  moderado               FIXO                     37    5      478.3     5.40    15.04    0.000
  moderado               PREEMPCAO                37    5      314.1     0.60    17.84    0.089
  moderado               PREEMPCAO_COMPENSADA     37    5      301.0     0.40    18.82    0.118
  intenso                FIXO                     37    5      563.9     5.40    16.38    0.000
  intenso                PREEMPCAO                37    5      380.4     0.20    24.48    0.113
  intenso                PREEMPCAO_COMPENSADA     37    5      398.7     0.40    23.57    0.135
  multiplas_emergencias  FIXO                     37   11      363.5     4.09    15.08    0.000
  multiplas_emergencias  PREEMPCAO                37   11      253.9     1.18    17.79    0.143
  multiplas_emergencias  PREEMPCAO_COMPENSADA     37   11      248.2     1.09    18.67    0.151
  multiplas_emergencias  PREEMPCAO_ML             37   11      253.4     1.00    18.56    0.152
  leve                   FIXO                     38    5      473.3     5.80    19.79    0.000
  leve                   PREEMPCAO                38    6      269.4     0.50    18.79    0.086
  leve                   PREEMPCAO_COMPENSADA     38    6      270.9     0.67    19.36    0.100
  moderado               FIXO                     38    5      486.2     5.80    14.32    0.000
  moderado               PREEMPCAO                38    6      303.7     0.00    17.46    0.092
  moderado               PREEMPCAO_COMPENSADA     38    6      296.8     0.17    17.88    0.108
  intenso                FIXO                     38    5      530.9     5.40    16.79    0.000
  intenso                PREEMPCAO                38    5      401.7     0.60    24.49    0.113
  intenso                PREEMPCAO_COMPENSADA     38    5      401.3     0.20    24.05    0.139
  multiplas_emergencias  FIXO                     38   11      369.1     4.45    14.31    0.000
  multiplas_emergencias  PREEMPCAO                38   12      257.6     0.58    18.11    0.136
  multiplas_emergencias  PREEMPCAO_COMPENSADA     38   12      252.2     0.67    18.87    0.167
  multiplas_emergencias  PREEMPCAO_ML             38   12      257.9     1.00    18.50    0.197
  leve                   FIXO                     39    5      436.2     5.20    18.49    0.000
  leve                   PREEMPCAO                39    6      263.8     0.67    20.34    0.116
  leve                   PREEMPCAO_COMPENSADA     39    6      268.6     0.50    18.76    0.121
  moderado               FIXO                     39    5      479.9     5.40    15.52    0.000
  moderado               PREEMPCAO                39    5      321.8     0.40    18.65    0.120
  moderado               PREEMPCAO_COMPENSADA     39    6      303.1     0.17    18.27    0.132
  intenso                FIXO                     39    5      526.1     5.80    15.52    0.000
  intenso                PREEMPCAO                39    5      391.9     0.20    22.88    0.127
  intenso                PREEMPCAO_COMPENSADA     39    5      369.9     0.20    23.37    0.136
  multiplas_emergencias  FIXO                     39   10      376.6     4.40    15.61    0.000
  multiplas_emergencias  PREEMPCAO                39   11      255.4     0.82    18.76    0.156
  multiplas_emergencias  PREEMPCAO_COMPENSADA     39   12      251.2     0.67    19.48    0.162
  multiplas_emergencias  PREEMPCAO_ML             39   11      243.8     0.64    19.55    0.149
  leve                   FIXO                     40    5      473.7     5.60    19.46    0.000
  leve                   PREEMPCAO                40    6      273.5     0.33    19.18    0.086
  leve                   PREEMPCAO_COMPENSADA     40    6      275.6     0.50    18.37    0.099
  moderado               FIXO                     40    5      458.4     5.00    15.38    0.000
  moderado               PREEMPCAO                40    5      307.9     0.60    18.61    0.095
  moderado               PREEMPCAO_COMPENSADA     40    5      317.9     0.60    18.35    0.111
  intenso                FIXO                     40    5      501.7     5.60    16.04    0.000
  intenso                PREEMPCAO                40    5      402.8     0.60    24.58    0.110
  intenso                PREEMPCAO_COMPENSADA     40    5      403.4     0.20    22.91    0.126
  multiplas_emergencias  FIXO                     40   11      355.6     4.09    15.56    0.000
  multiplas_emergencias  PREEMPCAO                40   11      252.9     0.64    18.13    0.133
  multiplas_emergencias  PREEMPCAO_COMPENSADA     40   11      252.6     0.73    19.22    0.144
  multiplas_emergencias  PREEMPCAO_ML             40   12      271.5     1.25    17.71    0.152
  leve                   FIXO                     41    5      445.5     5.20    18.69    0.000
  leve                   PREEMPCAO                41    6      256.1     0.67    19.14    0.083
  leve                   PREEMPCAO_COMPENSADA     41    6      250.5     0.33    17.66    0.097
  moderado               FIXO                     41    5      508.7     6.00    15.34    0.000
  moderado               PREEMPCAO                41    5      331.6     0.20    17.88    0.094
  moderado               PREEMPCAO_COMPENSADA     41    6      345.7     0.17    19.24    0.114
  intenso                FIXO                     41    5      529.6     5.80    16.31    0.000
  intenso                PREEMPCAO                41    5      366.4     0.20    23.62    0.117
  intenso                PREEMPCAO_COMPENSADA     41    5      373.5     0.20    22.04    0.139
  multiplas_emergencias  FIXO                     41   11      377.8     4.45    15.34    0.000
  multiplas_emergencias  PREEMPCAO                41   11      259.1     0.64    19.01    0.147
  multiplas_emergencias  PREEMPCAO_COMPENSADA     41   11      254.9     0.27    17.72    0.159
  multiplas_emergencias  PREEMPCAO_ML             41   12      261.9     0.67    19.15    0.164
  leve                   FIXO                     42    5      431.3     5.40    19.78    0.000
  leve                   PREEMPCAO                42    6      267.0     0.67    18.26    0.091
  leve                   PREEMPCAO_COMPENSADA     42    6      267.2     0.67    18.69    0.103
  moderado               FIXO                     42    5      482.5     5.60    15.15    0.000
  moderado               PREEMPCAO                42    5      318.4     0.40    17.49    0.108
  moderado               PREEMPCAO_COMPENSADA     42    6      316.9     0.17    18.42    0.123
  intenso                FIXO                     42    5      521.5     5.20    16.19    0.000
  intenso                PREEMPCAO                42    5      361.7     0.20    23.35    0.122
  intenso                PREEMPCAO_COMPENSADA     42    5      388.9     0.20    21.26    0.141
  multiplas_emergencias  FIXO                     42   11      366.9     4.18    15.19    0.000
  multiplas_emergencias  PREEMPCAO                42   11      254.9     0.73    17.98    0.150
  multiplas_emergencias  PREEMPCAO_COMPENSADA     42   11      247.3     0.73    19.42    0.158
  multiplas_emergencias  PREEMPCAO_ML             42   11      265.8     1.36    19.31    0.163
  leve                   FIXO                     43    5      459.4     5.60    19.04    0.000
  leve                   PREEMPCAO                43    6      272.2     0.67    18.20    0.088
  leve                   PREEMPCAO_COMPENSADA     43    6      284.1     0.83    17.77    0.103
  moderado               FIXO                     43    5      485.7     6.00    15.47    0.000
  moderado               PREEMPCAO                43    5      310.6     0.60    18.59    0.110
  moderado               PREEMPCAO_COMPENSADA     43    5      318.6     0.40    18.32    0.131
  intenso                FIXO                     43    5      518.0     6.00    16.19    0.000
  intenso                PREEMPCAO                43    5      387.0     0.40    25.31    0.121
  intenso                PREEMPCAO_COMPENSADA     43    5      385.5     0.40    24.20    0.142
  multiplas_emergencias  FIXO                     43   11      366.2     4.27    15.47    0.000
  multiplas_emergencias  PREEMPCAO                43   11      251.9     0.82    18.20    0.144
  multiplas_emergencias  PREEMPCAO_COMPENSADA     43   11      262.7     1.18    18.39    0.154
  multiplas_emergencias  PREEMPCAO_ML             43   11      255.5     1.00    18.29    0.151
  leve                   FIXO                     44    5      444.9     5.20    19.07    0.000
  leve                   PREEMPCAO                44    6      271.4     0.33    19.16    0.084
  leve                   PREEMPCAO_COMPENSADA     44    6      271.4     0.50    18.94    0.096
  moderado               FIXO                     44    5      482.9     5.60    15.58    0.000
  moderado               PREEMPCAO                44    5      327.6     0.20    18.39    0.090
  moderado               PREEMPCAO_COMPENSADA     44    6      319.5     0.33    18.88    0.104
  intenso                FIXO                     44    5      555.8     5.40    16.09    0.000
  intenso                PREEMPCAO                44    5      382.6     0.20    23.40    0.106
  intenso                PREEMPCAO_COMPENSADA     44    5      369.1     0.40    21.95    0.120
  multiplas_emergencias  FIXO                     44   11      368.0     4.00    15.64    0.000
  multiplas_emergencias  PREEMPCAO                44   11      247.9     0.45    17.78    0.123
  multiplas_emergencias  PREEMPCAO_COMPENSADA     44   11      242.8     0.55    18.48    0.131
  multiplas_emergencias  PREEMPCAO_ML             44   12      249.0     0.75    18.01    0.139
  leve                   FIXO                     45    5      471.0     5.80    19.55    0.000
  leve                   PREEMPCAO                45    6      258.9     0.17    18.30    0.084
  leve                   PREEMPCAO_COMPENSADA     45    6      276.5     0.33    17.60    0.094
  moderado               FIXO                     45    5      493.1     5.80    15.35    0.000
  moderado               PREEMPCAO                45    5      288.6     0.40    17.32    0.091
  moderado               PREEMPCAO_COMPENSADA     45    5      287.1     0.20    18.29    0.109
  intenso                FIXO                     45    5      516.6     5.40    15.79    0.000
  intenso                PREEMPCAO                45    5      394.5     0.20    23.21    0.105
  intenso                PREEMPCAO_COMPENSADA     45    5      389.7     0.40    22.97    0.121
  multiplas_emergencias  FIXO                     45   11      364.5     4.18    15.35    0.000
  multiplas_emergencias  PREEMPCAO                45   11      233.2     0.55    18.98    0.127
  multiplas_emergencias  PREEMPCAO_COMPENSADA     45   11      237.2     0.36    18.80    0.137
  multiplas_emergencias  PREEMPCAO_ML             45   12      245.3     1.08    19.23    0.146
  leve                   FIXO                     46    5      460.5     5.40    19.10    0.000
  leve                   PREEMPCAO                46    6      272.2     0.67    18.90    0.082
  leve                   PREEMPCAO_COMPENSADA     46    6      265.6     0.33    16.90    0.093
  moderado               FIXO                     46    5      497.5     6.20    15.51    0.000
  moderado               PREEMPCAO                46    5      318.2     0.00    18.90    0.097
  moderado               PREEMPCAO_COMPENSADA     46    5      330.7     0.00    17.90    0.118
  intenso                FIXO                     46    5      507.0     4.60    16.61    0.000
  intenso                PREEMPCAO                46    5      363.5     0.00    23.77    0.105
  intenso                PREEMPCAO_COMPENSADA     46    5      375.7     0.20    23.95    0.120
  multiplas_emergencias  FIXO                     46   11      372.4     4.45    15.54    0.000
  multiplas_emergencias  PREEMPCAO                46   11      252.6     0.82    18.64    0.126
  multiplas_emergencias  PREEMPCAO_COMPENSADA     46   12      258.2     0.50    19.09    0.137
  multiplas_emergencias  PREEMPCAO_ML             46   11      262.1     0.82    18.78    0.146
  leve                   FIXO                     47    5      456.7     5.40    19.24    0.000
  leve                   PREEMPCAO                47    6      275.3     0.50    19.15    0.081
  leve                   PREEMPCAO_COMPENSADA     47    6      265.9     0.17    18.87    0.093
  moderado               FIXO                     47    5      478.8     5.40    15.50    0.000
  moderado               PREEMPCAO                47    5      302.2     0.00    18.54    0.088
  moderado               PREEMPCAO_COMPENSADA     47    6      289.6     0.67    18.30    0.103
  intenso                FIXO                     47    5      487.4     5.20    16.25    0.000
  intenso                PREEMPCAO                47    5      392.0     1.00    23.85    0.101
  intenso                PREEMPCAO_COMPENSADA     47    5      379.4     0.60    22.66    0.115
  multiplas_emergencias  FIXO                     47   11      357.8     3.91    15.51    0.000
  multiplas_emergencias  PREEMPCAO                47   11      240.0     0.55    18.01    0.121
  multiplas_emergencias  PREEMPCAO_COMPENSADA     47   11      246.9     0.64    18.83    0.135
  multiplas_emergencias  PREEMPCAO_ML             47   11      244.4     0.64    19.49    0.140
  leve                   FIXO                     48    5      449.8     5.20    19.52    0.000
  leve                   PREEMPCAO                48    6      258.7     0.17    19.62    0.077
  leve                   PREEMPCAO_COMPENSADA     48    6      255.3     0.33    19.05    0.091
  moderado               FIXO                     48    5      493.1     5.60    15.35    0.000
  moderado               PREEMPCAO                48    5      293.7     0.20    18.05    0.085
  moderado               PREEMPCAO_COMPENSADA     48    5      323.8     0.00    17.24    0.100
  intenso                FIXO                     48    5      541.0     6.20    15.43    0.000
  intenso                PREEMPCAO                48    5      375.9     0.20    24.08    0.098
  intenso                PREEMPCAO_COMPENSADA     48    5      361.2     0.20    22.07    0.115
  multiplas_emergencias  FIXO                     48   11      369.2     4.00    15.36    0.000
  multiplas_emergencias  PREEMPCAO                48   11      253.1     0.45    18.05    0.129
  multiplas_emergencias  PREEMPCAO_COMPENSADA     48   11      246.1     0.55    19.26    0.140
  multiplas_emergencias  PREEMPCAO_ML             48   11      255.7     0.55    18.68    0.119
  leve                   FIXO                     49    5      432.4     5.20    18.69    0.000
  leve                   PREEMPCAO                49    6      265.2     0.50    19.22    0.070
  leve                   PREEMPCAO_COMPENSADA     49    6      250.3     0.33    19.12    0.081
  moderado               FIXO                     49    5      498.4     5.60    15.60    0.000
  moderado               PREEMPCAO                49    6      328.0     0.67    19.09    0.076
  moderado               PREEMPCAO_COMPENSADA     49    6      296.9     0.33    18.79    0.092
  intenso                FIXO                     49    5      534.8     5.60    15.45    0.000
  intenso                PREEMPCAO                49    5      385.2     0.40    22.31    0.092
  intenso                PREEMPCAO_COMPENSADA     49    5      375.3     0.40    23.33    0.106
  multiplas_emergencias  FIXO                     49   11      374.9     4.09    15.62    0.000
  multiplas_emergencias  PREEMPCAO                49   12      258.2     0.50    18.48    0.111
  multiplas_emergencias  PREEMPCAO_COMPENSADA     49   11      240.3     0.45    19.14    0.124
  multiplas_emergencias  PREEMPCAO_ML             49   12      260.7     0.83    19.09    0.125
  leve                   FIXO                     50    5      458.6     5.00    19.97    0.000
  leve                   PREEMPCAO                50    6      257.6     0.33    19.13    0.075
  leve                   PREEMPCAO_COMPENSADA     50    6      263.3     0.67    18.38    0.089
  moderado               FIXO                     50    5      495.2     5.80    15.37    0.000
  moderado               PREEMPCAO                50    5      323.2     0.20    18.34    0.083
  moderado               PREEMPCAO_COMPENSADA     50    6      298.2     0.00    18.42    0.095
  intenso                FIXO                     50    5      504.9     4.80    15.54    0.000
  intenso                PREEMPCAO                50    5      373.0     0.00    25.37    0.092
  intenso                PREEMPCAO_COMPENSADA     50    5      353.2     0.00    21.92    0.103
  multiplas_emergencias  FIXO                     50   11      367.6     4.09    15.37    0.000
  multiplas_emergencias  PREEMPCAO                50   11      248.0     1.00    18.71    0.113
  multiplas_emergencias  PREEMPCAO_COMPENSADA     50   11      245.6     0.36    18.49    0.115
  multiplas_emergencias  PREEMPCAO_ML             50   12      251.9     0.83    18.59    0.088

  execucoes.csv                    +650 linhas
  ve_por_execucao.csv              +4637 linhas
  transversal_por_execucao.csv     +20800 linhas
  latencias.csv                    +324000 linhas
  conflitos_por_execucao.csv       +1620 linhas
FIM 0 
