id_execucao,cenario,modo,seed,acesso,fila_maxima
112,leve,FIXO,1,A1_L0,8
112,leve,FIXO,1,A1_L1,15
112,leve,FIXO,1,A1_L2,15
112,leve,FIXO,1,A1_L3,15
112,leve,FIXO,1,A1_O1,13
112,leve,FIXO,1,A1_O2,13
112,leve,FIXO,1,A1_O3,13
112,leve,FIXO,1,A1_O4,6
112,leve,FIXO,1,A2_L0,8
112,leve,FIXO,1,A2_L1,12
112,leve,FIXO,1,A2_L2,12
112,leve,FIXO,1,A2_L3,12
112,leve,FIXO,1,A2_O1,14
112,leve,FIXO,1,A2_O2,14
112,leve,FIXO,1,A2_O3,14
112,leve,FIXO,1,A2_O4,9
112,leve,FIXO,1,T1_N1,6
112,leve,FIXO,1,T1_N2,4
112,leve,FIXO,1,T1_S0,5
112,leve,FIXO,1,T1_S1,6
112,leve,FIXO,1,T2_N1,6
112,leve,FIXO,1,T2_N2,4
112,leve,FIXO,1,T2_S0,5
112,leve,FIXO,1,T2_S1,6
112,leve,FIXO,1,T3_N1,7
112,leve,FIXO,1,T3_N2,6
112,leve,FIXO,1,T3_S0,6
112,leve,FIXO,1,T3_S1,7
112,leve,FIXO,1,T4_N1,7
112,leve,FIXO,1,T4_N2,3
112,leve,FIXO,1,T4_S0,6
112,leve,FIXO,1,T4_S1,7
110,leve,PREEMPCAO,1,A1_L0,6
110,leve,PREEMPCAO,1,A1_L1,6
110,leve,PREEMPCAO,1,A1_L2,6
110,leve,PREEMPCAO,1,A1_L3,6
110,leve,PREEMPCAO,1,A1_O1,8
110,leve,PREEMPCAO,1,A1_O2,13
110,leve,PREEMPCAO,1,A1_O3,13
110,leve,PREEMPCAO,1,A1_O4,6
110,leve,PREEMPCAO,1,A2_L0,8
110,leve,PREEMPCAO,1,A2_L1,12
110,leve,PREEMPCAO,1,A2_L2,12
110,leve,PREEMPCAO,1,A2_L3,12
110,leve,PREEMPCAO,1,A2_O1,7
110,leve,PREEMPCAO,1,A2_O2,7
110,leve,PREEMPCAO,1,A2_O3,12
110,leve,PREEMPCAO,1,A2_O4,9
110,leve,PREEMPCAO,1,T1_N1,5
110,leve,PREEMPCAO,1,T1_N2,4
110,leve,PREEMPCAO,1,T1_S0,6
110,leve,PREEMPCAO,1,T1_S1,6
110,leve,PREEMPCAO,1,T2_N1,4
110,leve,PREEMPCAO,1,T2_N2,5
110,leve,PREEMPCAO,1,T2_S0,5
110,leve,PREEMPCAO,1,T2_S1,7
110,leve,PREEMPCAO,1,T3_N1,4
110,leve,PREEMPCAO,1,T3_N2,5
110,leve,PREEMPCAO,1,T3_S0,4
110,leve,PREEMPCAO,1,T3_S1,7
110,leve,PREEMPCAO,1,T4_N1,7
110,leve,PREEMPCAO,1,T4_N2,3
110,leve,PREEMPCAO,1,T4_S0,4
110,leve,PREEMPCAO,1,T4_S1,7
109,leve,PREEMPCAO_COMPENSADA,1,A1_L0,8
109,leve,PREEMPCAO_COMPENSADA,1,A1_L1,13
109,leve,PREEMPCAO_COMPENSADA,1,A1_L2,13
109,leve,PREEMPCAO_COMPENSADA,1,A1_L3,6
109,leve,PREEMPCAO_COMPENSADA,1,A1_O1,12
109,leve,PREEMPCAO_COMPENSADA,1,A1_O2,13
109,leve,PREEMPCAO_COMPENSADA,1,A1_O3,13
109,leve,PREEMPCAO_COMPENSADA,1,A1_O4,6
109,leve,PREEMPCAO_COMPENSADA,1,A2_L0,8
109,leve,PREEMPCAO_COMPENSADA,1,A2_L1,12
109,leve,PREEMPCAO_COMPENSADA,1,A2_L2,12
109,leve,PREEMPCAO_COMPENSADA,1,A2_L3,10
109,leve,PREEMPCAO_COMPENSADA,1,A2_O1,13
109,leve,PREEMPCAO_COMPENSADA,1,A2_O2,10
109,leve,PREEMPCAO_COMPENSADA,1,A2_O3,13
109,leve,PREEMPCAO_COMPENSADA,1,A2_O4,9
109,leve,PREEMPCAO_COMPENSADA,1,T1_N1,6
109,leve,PREEMPCAO_COMPENSADA,1,T1_N2,5
109,leve,PREEMPCAO_COMPENSADA,1,T1_S0,6
109,leve,PREEMPCAO_COMPENSADA,1,T1_S1,5
109,leve,PREEMPCAO_COMPENSADA,1,T2_N1,6
109,leve,PREEMPCAO_COMPENSADA,1,T2_N2,4
109,leve,PREEMPCAO_COMPENSADA,1,T2_S0,4
109,leve,PREEMPCAO_COMPENSADA,1,T2_S1,4
109,leve,PREEMPCAO_COMPENSADA,1,T3_N1,4
109,leve,PREEMPCAO_COMPENSADA,1,T3_N2,6
109,leve,PREEMPCAO_COMPENSADA,1,T3_S0,5
109,leve,PREEMPCAO_COMPENSADA,1,T3_S1,4
109,leve,PREEMPCAO_COMPENSADA,1,T4_N1,6
109,leve,PREEMPCAO_COMPENSADA,1,T4_N2,7
109,leve,PREEMPCAO_COMPENSADA,1,T4_S0,5
109,leve,PREEMPCAO_COMPENSADA,1,T4_S1,7
107,moderado,FIXO,1,A1_L0,12
107,moderado,FIXO,1,A1_L1,24
107,moderado,FIXO,1,A1_L2,24
107,moderado,FIXO,1,A1_L3,24
107,moderado,FIXO,1,A1_O1,23
107,moderado,FIXO,1,A1_O2,23
107,moderado,FIXO,1,A1_O3,23
107,moderado,FIXO,1,A1_O4,15
107,moderado,FIXO,1,A2_L0,13
107,moderado,FIXO,1,A2_L1,22
107,moderado,FIXO,1,A2_L2,22
107,moderado,FIXO,1,A2_L3,22
107,moderado,FIXO,1,A2_O1,21
107,moderado,FIXO,1,A2_O2,21
107,moderado,FIXO,1,A2_O3,21
107,moderado,FIXO,1,A2_O4,12
107,moderado,FIXO,1,T1_N1,8
107,moderado,FIXO,1,T1_N2,12
107,moderado,FIXO,1,T1_S0,7
107,moderado,FIXO,1,T1_S1,8
107,moderado,FIXO,1,T2_N1,9
107,moderado,FIXO,1,T2_N2,8
107,moderado,FIXO,1,T2_S0,8
107,moderado,FIXO,1,T2_S1,9
107,moderado,FIXO,1,T3_N1,8
107,moderado,FIXO,1,T3_N2,10
107,moderado,FIXO,1,T3_S0,7
107,moderado,FIXO,1,T3_S1,8
107,moderado,FIXO,1,T4_N1,8
107,moderado,FIXO,1,T4_N2,8
107,moderado,FIXO,1,T4_S0,7
107,moderado,FIXO,1,T4_S1,9
111,moderado,PREEMPCAO,1,A1_L0,15
111,moderado,PREEMPCAO,1,A1_L1,17
111,moderado,PREEMPCAO,1,A1_L2,17
111,moderado,PREEMPCAO,1,A1_L3,21
111,moderado,PREEMPCAO,1,A1_O1,19
111,moderado,PREEMPCAO,1,A1_O2,17
111,moderado,PREEMPCAO,1,A1_O3,18
111,moderado,PREEMPCAO,1,A1_O4,15
111,moderado,PREEMPCAO,1,A2_L0,12
111,moderado,PREEMPCAO,1,A2_L1,20
111,moderado,PREEMPCAO,1,A2_L2,15
111,moderado,PREEMPCAO,1,A2_L3,26
111,moderado,PREEMPCAO,1,A2_O1,20
111,moderado,PREEMPCAO,1,A2_O2,18
111,moderado,PREEMPCAO,1,A2_O3,19
111,moderado,PREEMPCAO,1,A2_O4,14
111,moderado,PREEMPCAO,1,T1_N1,10
111,moderado,PREEMPCAO,1,T1_N2,9
111,moderado,PREEMPCAO,1,T1_S0,9
111,moderado,PREEMPCAO,1,T1_S1,11
111,moderado,PREEMPCAO,1,T2_N1,9
111,moderado,PREEMPCAO,1,T2_N2,9
111,moderado,PREEMPCAO,1,T2_S0,9
111,moderado,PREEMPCAO,1,T2_S1,10
111,moderado,PREEMPCAO,1,T3_N1,12
111,moderado,PREEMPCAO,1,T3_N2,14
111,moderado,PREEMPCAO,1,T3_S0,11
111,moderado,PREEMPCAO,1,T3_S1,9
111,moderado,PREEMPCAO,1,T4_N1,7
111,moderado,PREEMPCAO,1,T4_N2,7
111,moderado,PREEMPCAO,1,T4_S0,9
111,moderado,PREEMPCAO,1,T4_S1,10
108,moderado,PREEMPCAO_COMPENSADA,1,A1_L0,14
108,moderado,PREEMPCAO_COMPENSADA,1,A1_L1,17
108,moderado,PREEMPCAO_COMPENSADA,1,A1_L2,17
108,moderado,PREEMPCAO_COMPENSADA,1,A1_L3,24
108,moderado,PREEMPCAO_COMPENSADA,1,A1_O1,16
108,moderado,PREEMPCAO_COMPENSADA,1,A1_O2,16
108,moderado,PREEMPCAO_COMPENSADA,1,A1_O3,20
108,moderado,PREEMPCAO_COMPENSADA,1,A1_O4,13
108,moderado,PREEMPCAO_COMPENSADA,1,A2_L0,16
108,moderado,PREEMPCAO_COMPENSADA,1,A2_L1,17
108,moderado,PREEMPCAO_COMPENSADA,1,A2_L2,15
108,moderado,PREEMPCAO_COMPENSADA,1,A2_L3,22
108,moderado,PREEMPCAO_COMPENSADA,1,A2_O1,17
108,moderado,PREEMPCAO_COMPENSADA,1,A2_O2,18
108,moderado,PREEMPCAO_COMPENSADA,1,A2_O3,20
108,moderado,PREEMPCAO_COMPENSADA,1,A2_O4,14
108,moderado,PREEMPCAO_COMPENSADA,1,T1_N1,10
108,moderado,PREEMPCAO_COMPENSADA,1,T1_N2,12
108,moderado,PREEMPCAO_COMPENSADA,1,T1_S0,8
108,moderado,PREEMPCAO_COMPENSADA,1,T1_S1,11
108,moderado,PREEMPCAO_COMPENSADA,1,T2_N1,11
108,moderado,PREEMPCAO_COMPENSADA,1,T2_N2,8
108,moderado,PREEMPCAO_COMPENSADA,1,T2_S0,8
108,moderado,PREEMPCAO_COMPENSADA,1,T2_S1,12
108,moderado,PREEMPCAO_COMPENSADA,1,T3_N1,12
108,moderado,PREEMPCAO_COMPENSADA,1,T3_N2,13
108,moderado,PREEMPCAO_COMPENSADA,1,T3_S0,10
108,moderado,PREEMPCAO_COMPENSADA,1,T3_S1,9
108,moderado,PREEMPCAO_COMPENSADA,1,T4_N1,11
108,moderado,PREEMPCAO_COMPENSADA,1,T4_N2,7
108,moderado,PREEMPCAO_COMPENSADA,1,T4_S0,7
108,moderado,PREEMPCAO_COMPENSADA,1,T4_S1,8
113,intenso,FIXO,1,A1_L0,21
113,intenso,FIXO,1,A1_L1,28
113,intenso,FIXO,1,A1_L2,28
113,intenso,FIXO,1,A1_L3,27
113,intenso,FIXO,1,A1_O1,27
113,intenso,FIXO,1,A1_O2,28
113,intenso,FIXO,1,A1_O3,27
113,intenso,FIXO,1,A1_O4,21
113,intenso,FIXO,1,A2_L0,24
113,intenso,FIXO,1,A2_L1,28
113,intenso,FIXO,1,A2_L2,28
113,intenso,FIXO,1,A2_L3,28
113,intenso,FIXO,1,A2_O1,28
113,intenso,FIXO,1,A2_O2,28
113,intenso,FIXO,1,A2_O3,28
113,intenso,FIXO,1,A2_O4,21
113,intenso,FIXO,1,T1_N1,11
113,intenso,FIXO,1,T1_N2,14
113,intenso,FIXO,1,T1_S0,13
113,intenso,FIXO,1,T1_S1,10
113,intenso,FIXO,1,T2_N1,9
113,intenso,FIXO,1,T2_N2,14
113,intenso,FIXO,1,T2_S0,15
113,intenso,FIXO,1,T2_S1,9
113,intenso,FIXO,1,T3_N1,9
113,intenso,FIXO,1,T3_N2,15
113,intenso,FIXO,1,T3_S0,15
113,intenso,FIXO,1,T3_S1,12
113,intenso,FIXO,1,T4_N1,9
113,intenso,FIXO,1,T4_N2,14
113,intenso,FIXO,1,T4_S0,15
113,intenso,FIXO,1,T4_S1,9
114,intenso,PREEMPCAO,1,A1_L0,26
114,intenso,PREEMPCAO,1,A1_L1,26
114,intenso,PREEMPCAO,1,A1_L2,26
114,intenso,PREEMPCAO,1,A1_L3,26
114,intenso,PREEMPCAO,1,A1_O1,23
114,intenso,PREEMPCAO,1,A1_O2,24
114,intenso,PREEMPCAO,1,A1_O3,26
114,intenso,PREEMPCAO,1,A1_O4,19
114,intenso,PREEMPCAO,1,A2_L0,24
114,intenso,PREEMPCAO,1,A2_L1,26
114,intenso,PREEMPCAO,1,A2_L2,26
114,intenso,PREEMPCAO,1,A2_L3,27
114,intenso,PREEMPCAO,1,A2_O1,27
114,intenso,PREEMPCAO,1,A2_O2,27
114,intenso,PREEMPCAO,1,A2_O3,27
114,intenso,PREEMPCAO,1,A2_O4,23
114,intenso,PREEMPCAO,1,T1_N1,15
114,intenso,PREEMPCAO,1,T1_N2,14
114,intenso,PREEMPCAO,1,T1_S0,12
114,intenso,PREEMPCAO,1,T1_S1,13
114,intenso,PREEMPCAO,1,T2_N1,13
114,intenso,PREEMPCAO,1,T2_N2,13
114,intenso,PREEMPCAO,1,T2_S0,15
114,intenso,PREEMPCAO,1,T2_S1,14
114,intenso,PREEMPCAO,1,T3_N1,15
114,intenso,PREEMPCAO,1,T3_N2,15
114,intenso,PREEMPCAO,1,T3_S0,15
114,intenso,PREEMPCAO,1,T3_S1,15
114,intenso,PREEMPCAO,1,T4_N1,10
114,intenso,PREEMPCAO,1,T4_N2,13
114,intenso,PREEMPCAO,1,T4_S0,15
114,intenso,PREEMPCAO,1,T4_S1,12
115,intenso,PREEMPCAO_COMPENSADA,1,A1_L0,27
115,intenso,PREEMPCAO_COMPENSADA,1,A1_L1,27
115,intenso,PREEMPCAO_COMPENSADA,1,A1_L2,26
115,intenso,PREEMPCAO_COMPENSADA,1,A1_L3,26
115,intenso,PREEMPCAO_COMPENSADA,1,A1_O1,25
115,intenso,PREEMPCAO_COMPENSADA,1,A1_O2,27
115,intenso,PREEMPCAO_COMPENSADA,1,A1_O3,27
115,intenso,PREEMPCAO_COMPENSADA,1,A1_O4,25
115,intenso,PREEMPCAO_COMPENSADA,1,A2_L0,29
115,intenso,PREEMPCAO_COMPENSADA,1,A2_L1,26
115,intenso,PREEMPCAO_COMPENSADA,1,A2_L2,26
115,intenso,PREEMPCAO_COMPENSADA,1,A2_L3,28
115,intenso,PREEMPCAO_COMPENSADA,1,A2_O1,27
115,intenso,PREEMPCAO_COMPENSADA,1,A2_O2,27
115,intenso,PREEMPCAO_COMPENSADA,1,A2_O3,30
115,intenso,PREEMPCAO_COMPENSADA,1,A2_O4,20
115,intenso,PREEMPCAO_COMPENSADA,1,T1_N1,15
115,intenso,PREEMPCAO_COMPENSADA,1,T1_N2,15
115,intenso,PREEMPCAO_COMPENSADA,1,T1_S0,13
115,intenso,PREEMPCAO_COMPENSADA,1,T1_S1,14
115,intenso,PREEMPCAO_COMPENSADA,1,T2_N1,13
115,intenso,PREEMPCAO_COMPENSADA,1,T2_N2,14
115,intenso,PREEMPCAO_COMPENSADA,1,T2_S0,14
115,intenso,PREEMPCAO_COMPENSADA,1,T2_S1,14
115,intenso,PREEMPCAO_COMPENSADA,1,T3_N1,14
115,intenso,PREEMPCAO_COMPENSADA,1,T3_N2,14
115,intenso,PREEMPCAO_COMPENSADA,1,T3_S0,15
115,intenso,PREEMPCAO_COMPENSADA,1,T3_S1,15
115,intenso,PREEMPCAO_COMPENSADA,1,T4_N1,14
115,intenso,PREEMPCAO_COMPENSADA,1,T4_N2,13
115,intenso,PREEMPCAO_COMPENSADA,1,T4_S0,15
115,intenso,PREEMPCAO_COMPENSADA,1,T4_S1,15
116,multiplas_emergencias,FIXO,1,A1_L0,12
116,multiplas_emergencias,FIXO,1,A1_L1,24
116,multiplas_emergencias,FIXO,1,A1_L2,24
116,multiplas_emergencias,FIXO,1,A1_L3,24
116,multiplas_emergencias,FIXO,1,A1_O1,23
116,multiplas_emergencias,FIXO,1,A1_O2,23
116,multiplas_emergencias,FIXO,1,A1_O3,23
116,multiplas_emergencias,FIXO,1,A1_O4,15
116,multiplas_emergencias,FIXO,1,A2_L0,13
116,multiplas_emergencias,FIXO,1,A2_L1,22
116,multiplas_emergencias,FIXO,1,A2_L2,22
116,multiplas_emergencias,FIXO,1,A2_L3,22
116,multiplas_emergencias,FIXO,1,A2_O1,21
116,multiplas_emergencias,FIXO,1,A2_O2,21
116,multiplas_emergencias,FIXO,1,A2_O3,21
116,multiplas_emergencias,FIXO,1,A2_O4,12
116,multiplas_emergencias,FIXO,1,T1_N1,8
116,multiplas_emergencias,FIXO,1,T1_N2,12
116,multiplas_emergencias,FIXO,1,T1_S0,7
116,multiplas_emergencias,FIXO,1,T1_S1,8
116,multiplas_emergencias,FIXO,1,T2_N1,9
116,multiplas_emergencias,FIXO,1,T2_N2,8
116,multiplas_emergencias,FIXO,1,T2_S0,8
116,multiplas_emergencias,FIXO,1,T2_S1,10
116,multiplas_emergencias,FIXO,1,T3_N1,8
116,multiplas_emergencias,FIXO,1,T3_N2,10
116,multiplas_emergencias,FIXO,1,T3_S0,7
116,multiplas_emergencias,FIXO,1,T3_S1,8
116,multiplas_emergencias,FIXO,1,T4_N1,8
116,multiplas_emergencias,FIXO,1,T4_N2,8
116,multiplas_emergencias,FIXO,1,T4_S0,7
116,multiplas_emergencias,FIXO,1,T4_S1,9
117,multiplas_emergencias,PREEMPCAO,1,A1_L0,15
117,multiplas_emergencias,PREEMPCAO,1,A1_L1,23
117,multiplas_emergencias,PREEMPCAO,1,A1_L2,20
117,multiplas_emergencias,PREEMPCAO,1,A1_L3,19
117,multiplas_emergencias,PREEMPCAO,1,A1_O1,15
117,multiplas_emergencias,PREEMPCAO,1,A1_O2,26
117,multiplas_emergencias,PREEMPCAO,1,A1_O3,16
117,multiplas_emergencias,PREEMPCAO,1,A1_O4,13
117,multiplas_emergencias,PREEMPCAO,1,A2_L0,13
117,multiplas_emergencias,PREEMPCAO,1,A2_L1,17
117,multiplas_emergencias,PREEMPCAO,1,A2_L2,15
117,multiplas_emergencias,PREEMPCAO,1,A2_L3,26
117,multiplas_emergencias,PREEMPCAO,1,A2_O1,17
117,multiplas_emergencias,PREEMPCAO,1,A2_O2,17
117,multiplas_emergencias,PREEMPCAO,1,A2_O3,24
117,multiplas_emergencias,PREEMPCAO,1,A2_O4,12
117,multiplas_emergencias,PREEMPCAO,1,T1_N1,11
117,multiplas_emergencias,PREEMPCAO,1,T1_N2,8
117,multiplas_emergencias,PREEMPCAO,1,T1_S0,9
117,multiplas_emergencias,PREEMPCAO,1,T1_S1,9
117,multiplas_emergencias,PREEMPCAO,1,T2_N1,10
117,multiplas_emergencias,PREEMPCAO,1,T2_N2,10
117,multiplas_emergencias,PREEMPCAO,1,T2_S0,9
117,multiplas_emergencias,PREEMPCAO,1,T2_S1,11
117,multiplas_emergencias,PREEMPCAO,1,T3_N1,13
117,multiplas_emergencias,PREEMPCAO,1,T3_N2,11
117,multiplas_emergencias,PREEMPCAO,1,T3_S0,10
117,multiplas_emergencias,PREEMPCAO,1,T3_S1,10
117,multiplas_emergencias,PREEMPCAO,1,T4_N1,9
117,multiplas_emergencias,PREEMPCAO,1,T4_N2,8
117,multiplas_emergencias,PREEMPCAO,1,T4_S0,9
117,multiplas_emergencias,PREEMPCAO,1,T4_S1,9
118,multiplas_emergencias,PREEMPCAO_COMPENSADA,1,A1_L0,13
118,multiplas_emergencias,PREEMPCAO_COMPENSADA,1,A1_L1,17
118,multiplas_emergencias,PREEMPCAO_COMPENSADA,1,A1_L2,17
118,multiplas_emergencias,PREEMPCAO_COMPENSADA,1,A1_L3,18
118,multiplas_emergencias,PREEMPCAO_COMPENSADA,1,A1_O1,19
118,multiplas_emergencias,PREEMPCAO_COMPENSADA,1,A1_O2,20
118,multiplas_emergencias,PREEMPCAO_COMPENSADA,1,A1_O3,18
118,multiplas_emergencias,PREEMPCAO_COMPENSADA,1,A1_O4,18
118,multiplas_emergencias,PREEMPCAO_COMPENSADA,1,A2_L0,15
118,multiplas_emergencias,PREEMPCAO_COMPENSADA,1,A2_L1,15
118,multiplas_emergencias,PREEMPCAO_COMPENSADA,1,A2_L2,23
118,multiplas_emergencias,PREEMPCAO_COMPENSADA,1,A2_L3,24
118,multiplas_emergencias,PREEMPCAO_COMPENSADA,1,A2_O1,25
118,multiplas_emergencias,PREEMPCAO_COMPENSADA,1,A2_O2,18
118,multiplas_emergencias,PREEMPCAO_COMPENSADA,1,A2_O3,19
118,multiplas_emergencias,PREEMPCAO_COMPENSADA,1,A2_O4,15
118,multiplas_emergencias,PREEMPCAO_COMPENSADA,1,T1_N1,10
118,multiplas_emergencias,PREEMPCAO_COMPENSADA,1,T1_N2,12
118,multiplas_emergencias,PREEMPCAO_COMPENSADA,1,T1_S0,9
118,multiplas_emergencias,PREEMPCAO_COMPENSADA,1,T1_S1,11
118,multiplas_emergencias,PREEMPCAO_COMPENSADA,1,T2_N1,8
118,multiplas_emergencias,PREEMPCAO_COMPENSADA,1,T2_N2,9
118,multiplas_emergencias,PREEMPCAO_COMPENSADA,1,T2_S0,9
118,multiplas_emergencias,PREEMPCAO_COMPENSADA,1,T2_S1,9
118,multiplas_emergencias,PREEMPCAO_COMPENSADA,1,T3_N1,12
118,multiplas_emergencias,PREEMPCAO_COMPENSADA,1,T3_N2,14
118,multiplas_emergencias,PREEMPCAO_COMPENSADA,1,T3_S0,7
118,multiplas_emergencias,PREEMPCAO_COMPENSADA,1,T3_S1,10
118,multiplas_emergencias,PREEMPCAO_COMPENSADA,1,T4_N1,9
118,multiplas_emergencias,PREEMPCAO_COMPENSADA,1,T4_N2,10
118,multiplas_emergencias,PREEMPCAO_COMPENSADA,1,T4_S0,7
118,multiplas_emergencias,PREEMPCAO_COMPENSADA,1,T4_S1,10
119,multiplas_emergencias,PREEMPCAO_ML,1,A1_L0,15
119,multiplas_emergencias,PREEMPCAO_ML,1,A1_L1,17
119,multiplas_emergencias,PREEMPCAO_ML,1,A1_L2,17
119,multiplas_emergencias,PREEMPCAO_ML,1,A1_L3,17
119,multiplas_emergencias,PREEMPCAO_ML,1,A1_O1,15
119,multiplas_emergencias,PREEMPCAO_ML,1,A1_O2,17
119,multiplas_emergencias,PREEMPCAO_ML,1,A1_O3,16
119,multiplas_emergencias,PREEMPCAO_ML,1,A1_O4,14
119,multiplas_emergencias,PREEMPCAO_ML,1,A2_L0,12
119,multiplas_emergencias,PREEMPCAO_ML,1,A2_L1,16
119,multiplas_emergencias,PREEMPCAO_ML,1,A2_L2,16
119,multiplas_emergencias,PREEMPCAO_ML,1,A2_L3,20
119,multiplas_emergencias,PREEMPCAO_ML,1,A2_O1,18
119,multiplas_emergencias,PREEMPCAO_ML,1,A2_O2,17
119,multiplas_emergencias,PREEMPCAO_ML,1,A2_O3,20
119,multiplas_emergencias,PREEMPCAO_ML,1,A2_O4,13
119,multiplas_emergencias,PREEMPCAO_ML,1,T1_N1,10
119,multiplas_emergencias,PREEMPCAO_ML,1,T1_N2,12
119,multiplas_emergencias,PREEMPCAO_ML,1,T1_S0,8
119,multiplas_emergencias,PREEMPCAO_ML,1,T1_S1,10
119,multiplas_emergencias,PREEMPCAO_ML,1,T2_N1,8
119,multiplas_emergencias,PREEMPCAO_ML,1,T2_N2,9
119,multiplas_emergencias,PREEMPCAO_ML,1,T2_S0,8
119,multiplas_emergencias,PREEMPCAO_ML,1,T2_S1,8
119,multiplas_emergencias,PREEMPCAO_ML,1,T3_N1,13
119,multiplas_emergencias,PREEMPCAO_ML,1,T3_N2,12
119,multiplas_emergencias,PREEMPCAO_ML,1,T3_S0,10
119,multiplas_emergencias,PREEMPCAO_ML,1,T3_S1,10
119,multiplas_emergencias,PREEMPCAO_ML,1,T4_N1,10
119,multiplas_emergencias,PREEMPCAO_ML,1,T4_N2,8
119,multiplas_emergencias,PREEMPCAO_ML,1,T4_S0,10
119,multiplas_emergencias,PREEMPCAO_ML,1,T4_S1,9
120,leve,FIXO,2,A1_L0,6
120,leve,FIXO,2,A1_L1,11
120,leve,FIXO,2,A1_L2,11
120,leve,FIXO,2,A1_L3,11
120,leve,FIXO,2,A1_O1,11
120,leve,FIXO,2,A1_O2,11
120,leve,FIXO,2,A1_O3,11
120,leve,FIXO,2,A1_O4,8
120,leve,FIXO,2,A2_L0,7
120,leve,FIXO,2,A2_L1,12
120,leve,FIXO,2,A2_L2,12
120,leve,FIXO,2,A2_L3,12
120,leve,FIXO,2,A2_O1,13
120,leve,FIXO,2,A2_O2,13
120,leve,FIXO,2,A2_O3,13
120,leve,FIXO,2,A2_O4,9
120,leve,FIXO,2,T1_N1,5
120,leve,FIXO,2,T1_N2,4
120,leve,FIXO,2,T1_S0,4
120,leve,FIXO,2,T1_S1,7
120,leve,FIXO,2,T2_N1,6
120,leve,FIXO,2,T2_N2,6
120,leve,FIXO,2,T2_S0,5
120,leve,FIXO,2,T2_S1,6
120,leve,FIXO,2,T3_N1,5
120,leve,FIXO,2,T3_N2,4
120,leve,FIXO,2,T3_S0,5
120,leve,FIXO,2,T3_S1,7
120,leve,FIXO,2,T4_N1,6
120,leve,FIXO,2,T4_N2,5
120,leve,FIXO,2,T4_S0,3
120,leve,FIXO,2,T4_S1,5
121,leve,PREEMPCAO,2,A1_L0,9
121,leve,PREEMPCAO,2,A1_L1,8
121,leve,PREEMPCAO,2,A1_L2,8
121,leve,PREEMPCAO,2,A1_L3,8
121,leve,PREEMPCAO,2,A1_O1,8
121,leve,PREEMPCAO,2,A1_O2,9
121,leve,PREEMPCAO,2,A1_O3,8
121,leve,PREEMPCAO,2,A1_O4,7
121,leve,PREEMPCAO,2,A2_L0,7
121,leve,PREEMPCAO,2,A2_L1,8
121,leve,PREEMPCAO,2,A2_L2,8
121,leve,PREEMPCAO,2,A2_L3,8
121,leve,PREEMPCAO,2,A2_O1,8
121,leve,PREEMPCAO,2,A2_O2,8
121,leve,PREEMPCAO,2,A2_O3,10
121,leve,PREEMPCAO,2,A2_O4,6
121,leve,PREEMPCAO,2,T1_N1,5
121,leve,PREEMPCAO,2,T1_N2,4
121,leve,PREEMPCAO,2,T1_S0,6
121,leve,PREEMPCAO,2,T1_S1,7
121,leve,PREEMPCAO,2,T2_N1,5
121,leve,PREEMPCAO,2,T2_N2,5
121,leve,PREEMPCAO,2,T2_S0,4
121,leve,PREEMPCAO,2,T2_S1,7
121,leve,PREEMPCAO,2,T3_N1,5
121,leve,PREEMPCAO,2,T3_N2,5
121,leve,PREEMPCAO,2,T3_S0,6
121,leve,PREEMPCAO,2,T3_S1,8
121,leve,PREEMPCAO,2,T4_N1,7
121,leve,PREEMPCAO,2,T4_N2,4
121,leve,PREEMPCAO,2,T4_S0,5
121,leve,PREEMPCAO,2,T4_S1,5
122,leve,PREEMPCAO_COMPENSADA,2,A1_L0,6
122,leve,PREEMPCAO_COMPENSADA,2,A1_L1,8
122,leve,PREEMPCAO_COMPENSADA,2,A1_L2,8
122,leve,PREEMPCAO_COMPENSADA,2,A1_L3,13
122,leve,PREEMPCAO_COMPENSADA,2,A1_O1,15
122,leve,PREEMPCAO_COMPENSADA,2,A1_O2,13
122,leve,PREEMPCAO_COMPENSADA,2,A1_O3,8
122,leve,PREEMPCAO_COMPENSADA,2,A1_O4,7
122,leve,PREEMPCAO_COMPENSADA,2,A2_L0,9
122,leve,PREEMPCAO_COMPENSADA,2,A2_L1,10
122,leve,PREEMPCAO_COMPENSADA,2,A2_L2,9
122,leve,PREEMPCAO_COMPENSADA,2,A2_L3,10
122,leve,PREEMPCAO_COMPENSADA,2,A2_O1,10
122,leve,PREEMPCAO_COMPENSADA,2,A2_O2,10
122,leve,PREEMPCAO_COMPENSADA,2,A2_O3,10
122,leve,PREEMPCAO_COMPENSADA,2,A2_O4,7
122,leve,PREEMPCAO_COMPENSADA,2,T1_N1,6
122,leve,PREEMPCAO_COMPENSADA,2,T1_N2,5
122,leve,PREEMPCAO_COMPENSADA,2,T1_S0,4
122,leve,PREEMPCAO_COMPENSADA,2,T1_S1,7
122,leve,PREEMPCAO_COMPENSADA,2,T2_N1,5
122,leve,PREEMPCAO_COMPENSADA,2,T2_N2,4
122,leve,PREEMPCAO_COMPENSADA,2,T2_S0,4
122,leve,PREEMPCAO_COMPENSADA,2,T2_S1,7
122,leve,PREEMPCAO_COMPENSADA,2,T3_N1,3
122,leve,PREEMPCAO_COMPENSADA,2,T3_N2,5
122,leve,PREEMPCAO_COMPENSADA,2,T3_S0,7
122,leve,PREEMPCAO_COMPENSADA,2,T3_S1,7
122,leve,PREEMPCAO_COMPENSADA,2,T4_N1,6
122,leve,PREEMPCAO_COMPENSADA,2,T4_N2,5
122,leve,PREEMPCAO_COMPENSADA,2,T4_S0,5
122,leve,PREEMPCAO_COMPENSADA,2,T4_S1,6
123,moderado,FIXO,2,A1_L0,17
123,moderado,FIXO,2,A1_L1,19
123,moderado,FIXO,2,A1_L2,19
123,moderado,FIXO,2,A1_L3,19
123,moderado,FIXO,2,A1_O1,24
123,moderado,FIXO,2,A1_O2,24
123,moderado,FIXO,2,A1_O3,24
123,moderado,FIXO,2,A1_O4,12
123,moderado,FIXO,2,A2_L0,12
123,moderado,FIXO,2,A2_L1,21
123,moderado,FIXO,2,A2_L2,21
123,moderado,FIXO,2,A2_L3,21
123,moderado,FIXO,2,A2_O1,22
123,moderado,FIXO,2,A2_O2,22
123,moderado,FIXO,2,A2_O3,22
123,moderado,FIXO,2,A2_O4,12
123,moderado,FIXO,2,T1_N1,9
123,moderado,FIXO,2,T1_N2,9
123,moderado,FIXO,2,T1_S0,9
123,moderado,FIXO,2,T1_S1,9
123,moderado,FIXO,2,T2_N1,10
123,moderado,FIXO,2,T2_N2,8
123,moderado,FIXO,2,T2_S0,7
123,moderado,FIXO,2,T2_S1,9
123,moderado,FIXO,2,T3_N1,8
123,moderado,FIXO,2,T3_N2,12
123,moderado,FIXO,2,T3_S0,9
123,moderado,FIXO,2,T3_S1,7
123,moderado,FIXO,2,T4_N1,9
123,moderado,FIXO,2,T4_N2,9
123,moderado,FIXO,2,T4_S0,8
123,moderado,FIXO,2,T4_S1,9
124,moderado,PREEMPCAO,2,A1_L0,13
124,moderado,PREEMPCAO,2,A1_L1,16
124,moderado,PREEMPCAO,2,A1_L2,15
124,moderado,PREEMPCAO,2,A1_L3,17
124,moderado,PREEMPCAO,2,A1_O1,18
124,moderado,PREEMPCAO,2,A1_O2,19
124,moderado,PREEMPCAO,2,A1_O3,18
124,moderado,PREEMPCAO,2,A1_O4,14
124,moderado,PREEMPCAO,2,A2_L0,14
124,moderado,PREEMPCAO,2,A2_L1,19
124,moderado,PREEMPCAO,2,A2_L2,21
124,moderado,PREEMPCAO,2,A2_L3,23
124,moderado,PREEMPCAO,2,A2_O1,14
124,moderado,PREEMPCAO,2,A2_O2,14
124,moderado,PREEMPCAO,2,A2_O3,22
124,moderado,PREEMPCAO,2,A2_O4,14
124,moderado,PREEMPCAO,2,T1_N1,8
124,moderado,PREEMPCAO,2,T1_N2,11
124,moderado,PREEMPCAO,2,T1_S0,9
124,moderado,PREEMPCAO,2,T1_S1,11
124,moderado,PREEMPCAO,2,T2_N1,11
124,moderado,PREEMPCAO,2,T2_N2,8
124,moderado,PREEMPCAO,2,T2_S0,8
124,moderado,PREEMPCAO,2,T2_S1,10
124,moderado,PREEMPCAO,2,T3_N1,11
124,moderado,PREEMPCAO,2,T3_N2,7
124,moderado,PREEMPCAO,2,T3_S0,7
124,moderado,PREEMPCAO,2,T3_S1,9
124,moderado,PREEMPCAO,2,T4_N1,8
124,moderado,PREEMPCAO,2,T4_N2,8
124,moderado,PREEMPCAO,2,T4_S0,8
124,moderado,PREEMPCAO,2,T4_S1,11
125,moderado,PREEMPCAO_COMPENSADA,2,A1_L0,17
125,moderado,PREEMPCAO_COMPENSADA,2,A1_L1,13
125,moderado,PREEMPCAO_COMPENSADA,2,A1_L2,21
125,moderado,PREEMPCAO_COMPENSADA,2,A1_L3,17
125,moderado,PREEMPCAO_COMPENSADA,2,A1_O1,18
125,moderado,PREEMPCAO_COMPENSADA,2,A1_O2,18
125,moderado,PREEMPCAO_COMPENSADA,2,A1_O3,20
125,moderado,PREEMPCAO_COMPENSADA,2,A1_O4,13
125,moderado,PREEMPCAO_COMPENSADA,2,A2_L0,16
125,moderado,PREEMPCAO_COMPENSADA,2,A2_L1,19
125,moderado,PREEMPCAO_COMPENSADA,2,A2_L2,27
125,moderado,PREEMPCAO_COMPENSADA,2,A2_L3,25
125,moderado,PREEMPCAO_COMPENSADA,2,A2_O1,23
125,moderado,PREEMPCAO_COMPENSADA,2,A2_O2,23
125,moderado,PREEMPCAO_COMPENSADA,2,A2_O3,22
125,moderado,PREEMPCAO_COMPENSADA,2,A2_O4,15
125,moderado,PREEMPCAO_COMPENSADA,2,T1_N1,11
125,moderado,PREEMPCAO_COMPENSADA,2,T1_N2,12
125,moderado,PREEMPCAO_COMPENSADA,2,T1_S0,9
125,moderado,PREEMPCAO_COMPENSADA,2,T1_S1,9
125,moderado,PREEMPCAO_COMPENSADA,2,T2_N1,12
125,moderado,PREEMPCAO_COMPENSADA,2,T2_N2,8
125,moderado,PREEMPCAO_COMPENSADA,2,T2_S0,8
125,moderado,PREEMPCAO_COMPENSADA,2,T2_S1,11
125,moderado,PREEMPCAO_COMPENSADA,2,T3_N1,8
125,moderado,PREEMPCAO_COMPENSADA,2,T3_N2,11
125,moderado,PREEMPCAO_COMPENSADA,2,T3_S0,9
125,moderado,PREEMPCAO_COMPENSADA,2,T3_S1,10
125,moderado,PREEMPCAO_COMPENSADA,2,T4_N1,10
125,moderado,PREEMPCAO_COMPENSADA,2,T4_N2,8
125,moderado,PREEMPCAO_COMPENSADA,2,T4_S0,8
125,moderado,PREEMPCAO_COMPENSADA,2,T4_S1,11
126,intenso,FIXO,2,A1_L0,25
126,intenso,FIXO,2,A1_L1,27
126,intenso,FIXO,2,A1_L2,27
126,intenso,FIXO,2,A1_L3,27
126,intenso,FIXO,2,A1_O1,28
126,intenso,FIXO,2,A1_O2,28
126,intenso,FIXO,2,A1_O3,28
126,intenso,FIXO,2,A1_O4,24
126,intenso,FIXO,2,A2_L0,24
126,intenso,FIXO,2,A2_L1,27
126,intenso,FIXO,2,A2_L2,27
126,intenso,FIXO,2,A2_L3,27
126,intenso,FIXO,2,A2_O1,28
126,intenso,FIXO,2,A2_O2,28
126,intenso,FIXO,2,A2_O3,28
126,intenso,FIXO,2,A2_O4,21
126,intenso,FIXO,2,T1_N1,10
126,intenso,FIXO,2,T1_N2,13
126,intenso,FIXO,2,T1_S0,15
126,intenso,FIXO,2,T1_S1,9
126,intenso,FIXO,2,T2_N1,9
126,intenso,FIXO,2,T2_N2,14
126,intenso,FIXO,2,T2_S0,13
126,intenso,FIXO,2,T2_S1,9
126,intenso,FIXO,2,T3_N1,9
126,intenso,FIXO,2,T3_N2,14
126,intenso,FIXO,2,T3_S0,14
126,intenso,FIXO,2,T3_S1,9
126,intenso,FIXO,2,T4_N1,11
126,intenso,FIXO,2,T4_N2,15
126,intenso,FIXO,2,T4_S0,13
126,intenso,FIXO,2,T4_S1,10
127,intenso,PREEMPCAO,2,A1_L0,21
127,intenso,PREEMPCAO,2,A1_L1,22
127,intenso,PREEMPCAO,2,A1_L2,22
127,intenso,PREEMPCAO,2,A1_L3,25
127,intenso,PREEMPCAO,2,A1_O1,26
127,intenso,PREEMPCAO,2,A1_O2,24
127,intenso,PREEMPCAO,2,A1_O3,27
127,intenso,PREEMPCAO,2,A1_O4,19
127,intenso,PREEMPCAO,2,A2_L0,26
127,intenso,PREEMPCAO,2,A2_L1,26
127,intenso,PREEMPCAO,2,A2_L2,28
127,intenso,PREEMPCAO,2,A2_L3,30
127,intenso,PREEMPCAO,2,A2_O1,28
127,intenso,PREEMPCAO,2,A2_O2,26
127,intenso,PREEMPCAO,2,A2_O3,26
127,intenso,PREEMPCAO,2,A2_O4,22
127,intenso,PREEMPCAO,2,T1_N1,14
127,intenso,PREEMPCAO,2,T1_N2,13
127,intenso,PREEMPCAO,2,T1_S0,14
127,intenso,PREEMPCAO,2,T1_S1,15
127,intenso,PREEMPCAO,2,T2_N1,15
127,intenso,PREEMPCAO,2,T2_N2,14
127,intenso,PREEMPCAO,2,T2_S0,15
127,intenso,PREEMPCAO,2,T2_S1,15
127,intenso,PREEMPCAO,2,T3_N1,13
127,intenso,PREEMPCAO,2,T3_N2,14
127,intenso,PREEMPCAO,2,T3_S0,15
127,intenso,PREEMPCAO,2,T3_S1,15
127,intenso,PREEMPCAO,2,T4_N1,13
127,intenso,PREEMPCAO,2,T4_N2,15
127,intenso,PREEMPCAO,2,T4_S0,14
127,intenso,PREEMPCAO,2,T4_S1,13
128,intenso,PREEMPCAO_COMPENSADA,2,A1_L0,25
128,intenso,PREEMPCAO_COMPENSADA,2,A1_L1,28
128,intenso,PREEMPCAO_COMPENSADA,2,A1_L2,28
128,intenso,PREEMPCAO_COMPENSADA,2,A1_L3,23
128,intenso,PREEMPCAO_COMPENSADA,2,A1_O1,27
128,intenso,PREEMPCAO_COMPENSADA,2,A1_O2,28
128,intenso,PREEMPCAO_COMPENSADA,2,A1_O3,26
128,intenso,PREEMPCAO_COMPENSADA,2,A1_O4,22
128,intenso,PREEMPCAO_COMPENSADA,2,A2_L0,29
128,intenso,PREEMPCAO_COMPENSADA,2,A2_L1,28
128,intenso,PREEMPCAO_COMPENSADA,2,A2_L2,28
128,intenso,PREEMPCAO_COMPENSADA,2,A2_L3,30
128,intenso,PREEMPCAO_COMPENSADA,2,A2_O1,30
128,intenso,PREEMPCAO_COMPENSADA,2,A2_O2,26
128,intenso,PREEMPCAO_COMPENSADA,2,A2_O3,30
128,intenso,PREEMPCAO_COMPENSADA,2,A2_O4,22
128,intenso,PREEMPCAO_COMPENSADA,2,T1_N1,13
128,intenso,PREEMPCAO_COMPENSADA,2,T1_N2,12
128,intenso,PREEMPCAO_COMPENSADA,2,T1_S0,14
128,intenso,PREEMPCAO_COMPENSADA,2,T1_S1,14
128,intenso,PREEMPCAO_COMPENSADA,2,T2_N1,14
128,intenso,PREEMPCAO_COMPENSADA,2,T2_N2,14
128,intenso,PREEMPCAO_COMPENSADA,2,T2_S0,13
128,intenso,PREEMPCAO_COMPENSADA,2,T2_S1,15
128,intenso,PREEMPCAO_COMPENSADA,2,T3_N1,15
128,intenso,PREEMPCAO_COMPENSADA,2,T3_N2,15
128,intenso,PREEMPCAO_COMPENSADA,2,T3_S0,15
128,intenso,PREEMPCAO_COMPENSADA,2,T3_S1,15
128,intenso,PREEMPCAO_COMPENSADA,2,T4_N1,14
128,intenso,PREEMPCAO_COMPENSADA,2,T4_N2,15
128,intenso,PREEMPCAO_COMPENSADA,2,T4_S0,14
128,intenso,PREEMPCAO_COMPENSADA,2,T4_S1,15
129,multiplas_emergencias,FIXO,2,A1_L0,17
129,multiplas_emergencias,FIXO,2,A1_L1,19
129,multiplas_emergencias,FIXO,2,A1_L2,19
129,multiplas_emergencias,FIXO,2,A1_L3,19
129,multiplas_emergencias,FIXO,2,A1_O1,24
129,multiplas_emergencias,FIXO,2,A1_O2,24
129,multiplas_emergencias,FIXO,2,A1_O3,24
129,multiplas_emergencias,FIXO,2,A1_O4,12
129,multiplas_emergencias,FIXO,2,A2_L0,12
129,multiplas_emergencias,FIXO,2,A2_L1,21
129,multiplas_emergencias,FIXO,2,A2_L2,21
129,multiplas_emergencias,FIXO,2,A2_L3,21
129,multiplas_emergencias,FIXO,2,A2_O1,22
129,multiplas_emergencias,FIXO,2,A2_O2,22
129,multiplas_emergencias,FIXO,2,A2_O3,22
129,multiplas_emergencias,FIXO,2,A2_O4,12
129,multiplas_emergencias,FIXO,2,T1_N1,9
129,multiplas_emergencias,FIXO,2,T1_N2,9
129,multiplas_emergencias,FIXO,2,T1_S0,9
129,multiplas_emergencias,FIXO,2,T1_S1,9
129,multiplas_emergencias,FIXO,2,T2_N1,10
129,multiplas_emergencias,FIXO,2,T2_N2,8
129,multiplas_emergencias,FIXO,2,T2_S0,7
129,multiplas_emergencias,FIXO,2,T2_S1,9
129,multiplas_emergencias,FIXO,2,T3_N1,8
129,multiplas_emergencias,FIXO,2,T3_N2,12
129,multiplas_emergencias,FIXO,2,T3_S0,9
129,multiplas_emergencias,FIXO,2,T3_S1,7
129,multiplas_emergencias,FIXO,2,T4_N1,9
129,multiplas_emergencias,FIXO,2,T4_N2,9
129,multiplas_emergencias,FIXO,2,T4_S0,8
129,multiplas_emergencias,FIXO,2,T4_S1,9
130,multiplas_emergencias,PREEMPCAO,2,A1_L0,13
130,multiplas_emergencias,PREEMPCAO,2,A1_L1,17
130,multiplas_emergencias,PREEMPCAO,2,A1_L2,13
130,multiplas_emergencias,PREEMPCAO,2,A1_L3,13
130,multiplas_emergencias,PREEMPCAO,2,A1_O1,18
130,multiplas_emergencias,PREEMPCAO,2,A1_O2,18
130,multiplas_emergencias,PREEMPCAO,2,A1_O3,18
130,multiplas_emergencias,PREEMPCAO,2,A1_O4,13
130,multiplas_emergencias,PREEMPCAO,2,A2_L0,14
130,multiplas_emergencias,PREEMPCAO,2,A2_L1,19
130,multiplas_emergencias,PREEMPCAO,2,A2_L2,19
130,multiplas_emergencias,PREEMPCAO,2,A2_L3,20
130,multiplas_emergencias,PREEMPCAO,2,A2_O1,16
130,multiplas_emergencias,PREEMPCAO,2,A2_O2,20
130,multiplas_emergencias,PREEMPCAO,2,A2_O3,14
130,multiplas_emergencias,PREEMPCAO,2,A2_O4,12
130,multiplas_emergencias,PREEMPCAO,2,T1_N1,11
130,multiplas_emergencias,PREEMPCAO,2,T1_N2,9
130,multiplas_emergencias,PREEMPCAO,2,T1_S0,9
130,multiplas_emergencias,PREEMPCAO,2,T1_S1,11
130,multiplas_emergencias,PREEMPCAO,2,T2_N1,11
130,multiplas_emergencias,PREEMPCAO,2,T2_N2,7
130,multiplas_emergencias,PREEMPCAO,2,T2_S0,7
130,multiplas_emergencias,PREEMPCAO,2,T2_S1,7
130,multiplas_emergencias,PREEMPCAO,2,T3_N1,7
130,multiplas_emergencias,PREEMPCAO,2,T3_N2,12
130,multiplas_emergencias,PREEMPCAO,2,T3_S0,10
130,multiplas_emergencias,PREEMPCAO,2,T3_S1,10
130,multiplas_emergencias,PREEMPCAO,2,T4_N1,9
130,multiplas_emergencias,PREEMPCAO,2,T4_N2,8
130,multiplas_emergencias,PREEMPCAO,2,T4_S0,8
130,multiplas_emergencias,PREEMPCAO,2,T4_S1,12
131,multiplas_emergencias,PREEMPCAO_COMPENSADA,2,A1_L0,17
131,multiplas_emergencias,PREEMPCAO_COMPENSADA,2,A1_L1,20
131,multiplas_emergencias,PREEMPCAO_COMPENSADA,2,A1_L2,24
131,multiplas_emergencias,PREEMPCAO_COMPENSADA,2,A1_L3,21
131,multiplas_emergencias,PREEMPCAO_COMPENSADA,2,A1_O1,20
131,multiplas_emergencias,PREEMPCAO_COMPENSADA,2,A1_O2,22
131,multiplas_emergencias,PREEMPCAO_COMPENSADA,2,A1_O3,20
131,multiplas_emergencias,PREEMPCAO_COMPENSADA,2,A1_O4,15
131,multiplas_emergencias,PREEMPCAO_COMPENSADA,2,A2_L0,17
131,multiplas_emergencias,PREEMPCAO_COMPENSADA,2,A2_L1,24
131,multiplas_emergencias,PREEMPCAO_COMPENSADA,2,A2_L2,21
131,multiplas_emergencias,PREEMPCAO_COMPENSADA,2,A2_L3,22
131,multiplas_emergencias,PREEMPCAO_COMPENSADA,2,A2_O1,25
131,multiplas_emergencias,PREEMPCAO_COMPENSADA,2,A2_O2,18
131,multiplas_emergencias,PREEMPCAO_COMPENSADA,2,A2_O3,22
131,multiplas_emergencias,PREEMPCAO_COMPENSADA,2,A2_O4,14
131,multiplas_emergencias,PREEMPCAO_COMPENSADA,2,T1_N1,11
131,multiplas_emergencias,PREEMPCAO_COMPENSADA,2,T1_N2,12
131,multiplas_emergencias,PREEMPCAO_COMPENSADA,2,T1_S0,9
131,multiplas_emergencias,PREEMPCAO_COMPENSADA,2,T1_S1,9
131,multiplas_emergencias,PREEMPCAO_COMPENSADA,2,T2_N1,11
131,multiplas_emergencias,PREEMPCAO_COMPENSADA,2,T2_N2,8
131,multiplas_emergencias,PREEMPCAO_COMPENSADA,2,T2_S0,8
131,multiplas_emergencias,PREEMPCAO_COMPENSADA,2,T2_S1,11
131,multiplas_emergencias,PREEMPCAO_COMPENSADA,2,T3_N1,10
131,multiplas_emergencias,PREEMPCAO_COMPENSADA,2,T3_N2,11
131,multiplas_emergencias,PREEMPCAO_COMPENSADA,2,T3_S0,7
131,multiplas_emergencias,PREEMPCAO_COMPENSADA,2,T3_S1,10
131,multiplas_emergencias,PREEMPCAO_COMPENSADA,2,T4_N1,9
131,multiplas_emergencias,PREEMPCAO_COMPENSADA,2,T4_N2,10
131,multiplas_emergencias,PREEMPCAO_COMPENSADA,2,T4_S0,8
131,multiplas_emergencias,PREEMPCAO_COMPENSADA,2,T4_S1,9
132,multiplas_emergencias,PREEMPCAO_ML,2,A1_L0,13
132,multiplas_emergencias,PREEMPCAO_ML,2,A1_L1,19
132,multiplas_emergencias,PREEMPCAO_ML,2,A1_L2,19
132,multiplas_emergencias,PREEMPCAO_ML,2,A1_L3,17
132,multiplas_emergencias,PREEMPCAO_ML,2,A1_O1,19
132,multiplas_emergencias,PREEMPCAO_ML,2,A1_O2,18
132,multiplas_emergencias,PREEMPCAO_ML,2,A1_O3,18
132,multiplas_emergencias,PREEMPCAO_ML,2,A1_O4,14
132,multiplas_emergencias,PREEMPCAO_ML,2,A2_L0,14
132,multiplas_emergencias,PREEMPCAO_ML,2,A2_L1,21
132,multiplas_emergencias,PREEMPCAO_ML,2,A2_L2,19
132,multiplas_emergencias,PREEMPCAO_ML,2,A2_L3,20
132,multiplas_emergencias,PREEMPCAO_ML,2,A2_O1,15
132,multiplas_emergencias,PREEMPCAO_ML,2,A2_O2,18
132,multiplas_emergencias,PREEMPCAO_ML,2,A2_O3,18
132,multiplas_emergencias,PREEMPCAO_ML,2,A2_O4,13
132,multiplas_emergencias,PREEMPCAO_ML,2,T1_N1,11
132,multiplas_emergencias,PREEMPCAO_ML,2,T1_N2,10
132,multiplas_emergencias,PREEMPCAO_ML,2,T1_S0,9
132,multiplas_emergencias,PREEMPCAO_ML,2,T1_S1,11
132,multiplas_emergencias,PREEMPCAO_ML,2,T2_N1,8
132,multiplas_emergencias,PREEMPCAO_ML,2,T2_N2,9
132,multiplas_emergencias,PREEMPCAO_ML,2,T2_S0,9
132,multiplas_emergencias,PREEMPCAO_ML,2,T2_S1,10
132,multiplas_emergencias,PREEMPCAO_ML,2,T3_N1,8
132,multiplas_emergencias,PREEMPCAO_ML,2,T3_N2,11
132,multiplas_emergencias,PREEMPCAO_ML,2,T3_S0,8
132,multiplas_emergencias,PREEMPCAO_ML,2,T3_S1,12
132,multiplas_emergencias,PREEMPCAO_ML,2,T4_N1,11
132,multiplas_emergencias,PREEMPCAO_ML,2,T4_N2,9
132,multiplas_emergencias,PREEMPCAO_ML,2,T4_S0,9
132,multiplas_emergencias,PREEMPCAO_ML,2,T4_S1,10
133,leve,FIXO,3,A1_L0,7
133,leve,FIXO,3,A1_L1,11
133,leve,FIXO,3,A1_L2,11
133,leve,FIXO,3,A1_L3,11
133,leve,FIXO,3,A1_O1,12
133,leve,FIXO,3,A1_O2,12
133,leve,FIXO,3,A1_O3,12
133,leve,FIXO,3,A1_O4,9
133,leve,FIXO,3,A2_L0,9
133,leve,FIXO,3,A2_L1,12
133,leve,FIXO,3,A2_L2,12
133,leve,FIXO,3,A2_L3,12
133,leve,FIXO,3,A2_O1,12
133,leve,FIXO,3,A2_O2,12
133,leve,FIXO,3,A2_O3,12
133,leve,FIXO,3,A2_O4,6
133,leve,FIXO,3,T1_N1,6
133,leve,FIXO,3,T1_N2,5
133,leve,FIXO,3,T1_S0,4
133,leve,FIXO,3,T1_S1,5
133,leve,FIXO,3,T2_N1,7
133,leve,FIXO,3,T2_N2,5
133,leve,FIXO,3,T2_S0,5
133,leve,FIXO,3,T2_S1,6
133,leve,FIXO,3,T3_N1,6
133,leve,FIXO,3,T3_N2,6
133,leve,FIXO,3,T3_S0,3
133,leve,FIXO,3,T3_S1,5
133,leve,FIXO,3,T4_N1,6
133,leve,FIXO,3,T4_N2,4
133,leve,FIXO,3,T4_S0,5
133,leve,FIXO,3,T4_S1,5
134,leve,PREEMPCAO,3,A1_L0,6
134,leve,PREEMPCAO,3,A1_L1,10
134,leve,PREEMPCAO,3,A1_L2,10
134,leve,PREEMPCAO,3,A1_L3,9
134,leve,PREEMPCAO,3,A1_O1,16
134,leve,PREEMPCAO,3,A1_O2,11
134,leve,PREEMPCAO,3,A1_O3,11
134,leve,PREEMPCAO,3,A1_O4,7
134,leve,PREEMPCAO,3,A2_L0,9
134,leve,PREEMPCAO,3,A2_L1,10
134,leve,PREEMPCAO,3,A2_L2,10
134,leve,PREEMPCAO,3,A2_L3,10
134,leve,PREEMPCAO,3,A2_O1,8
134,leve,PREEMPCAO,3,A2_O2,8
134,leve,PREEMPCAO,3,A2_O3,11
134,leve,PREEMPCAO,3,A2_O4,7
134,leve,PREEMPCAO,3,T1_N1,7
134,leve,PREEMPCAO,3,T1_N2,5
134,leve,PREEMPCAO,3,T1_S0,4
134,leve,PREEMPCAO,3,T1_S1,5
134,leve,PREEMPCAO,3,T2_N1,4
134,leve,PREEMPCAO,3,T2_N2,6
134,leve,PREEMPCAO,3,T2_S0,5
134,leve,PREEMPCAO,3,T2_S1,6
134,leve,PREEMPCAO,3,T3_N1,6
134,leve,PREEMPCAO,3,T3_N2,5
134,leve,PREEMPCAO,3,T3_S0,4
134,leve,PREEMPCAO,3,T3_S1,3
134,leve,PREEMPCAO,3,T4_N1,6
134,leve,PREEMPCAO,3,T4_N2,5
134,leve,PREEMPCAO,3,T4_S0,4
134,leve,PREEMPCAO,3,T4_S1,5
135,leve,PREEMPCAO_COMPENSADA,3,A1_L0,7
135,leve,PREEMPCAO_COMPENSADA,3,A1_L1,9
135,leve,PREEMPCAO_COMPENSADA,3,A1_L2,9
135,leve,PREEMPCAO_COMPENSADA,3,A1_L3,10
135,leve,PREEMPCAO_COMPENSADA,3,A1_O1,11
135,leve,PREEMPCAO_COMPENSADA,3,A1_O2,11
135,leve,PREEMPCAO_COMPENSADA,3,A1_O3,11
135,leve,PREEMPCAO_COMPENSADA,3,A1_O4,8
135,leve,PREEMPCAO_COMPENSADA,3,A2_L0,9
135,leve,PREEMPCAO_COMPENSADA,3,A2_L1,10
135,leve,PREEMPCAO_COMPENSADA,3,A2_L2,11
135,leve,PREEMPCAO_COMPENSADA,3,A2_L3,11
135,leve,PREEMPCAO_COMPENSADA,3,A2_O1,9
135,leve,PREEMPCAO_COMPENSADA,3,A2_O2,9
135,leve,PREEMPCAO_COMPENSADA,3,A2_O3,9
135,leve,PREEMPCAO_COMPENSADA,3,A2_O4,7
135,leve,PREEMPCAO_COMPENSADA,3,T1_N1,6
135,leve,PREEMPCAO_COMPENSADA,3,T1_N2,5
135,leve,PREEMPCAO_COMPENSADA,3,T1_S0,4
135,leve,PREEMPCAO_COMPENSADA,3,T1_S1,6
135,leve,PREEMPCAO_COMPENSADA,3,T2_N1,6
135,leve,PREEMPCAO_COMPENSADA,3,T2_N2,5
135,leve,PREEMPCAO_COMPENSADA,3,T2_S0,5
135,leve,PREEMPCAO_COMPENSADA,3,T2_S1,5
135,leve,PREEMPCAO_COMPENSADA,3,T3_N1,6
135,leve,PREEMPCAO_COMPENSADA,3,T3_N2,4
135,leve,PREEMPCAO_COMPENSADA,3,T3_S0,3
135,leve,PREEMPCAO_COMPENSADA,3,T3_S1,4
135,leve,PREEMPCAO_COMPENSADA,3,T4_N1,6
135,leve,PREEMPCAO_COMPENSADA,3,T4_N2,5
135,leve,PREEMPCAO_COMPENSADA,3,T4_S0,5
135,leve,PREEMPCAO_COMPENSADA,3,T4_S1,5
136,moderado,FIXO,3,A1_L0,13
136,moderado,FIXO,3,A1_L1,24
136,moderado,FIXO,3,A1_L2,24
136,moderado,FIXO,3,A1_L3,24
136,moderado,FIXO,3,A1_O1,22
136,moderado,FIXO,3,A1_O2,22
136,moderado,FIXO,3,A1_O3,22
136,moderado,FIXO,3,A1_O4,14
136,moderado,FIXO,3,A2_L0,14
136,moderado,FIXO,3,A2_L1,22
136,moderado,FIXO,3,A2_L2,22
136,moderado,FIXO,3,A2_L3,22
136,moderado,FIXO,3,A2_O1,21
136,moderado,FIXO,3,A2_O2,21
136,moderado,FIXO,3,A2_O3,21
136,moderado,FIXO,3,A2_O4,13
136,moderado,FIXO,3,T1_N1,9
136,moderado,FIXO,3,T1_N2,7
136,moderado,FIXO,3,T1_S0,11
136,moderado,FIXO,3,T1_S1,9
136,moderado,FIXO,3,T2_N1,9
136,moderado,FIXO,3,T2_N2,7
136,moderado,FIXO,3,T2_S0,11
136,moderado,FIXO,3,T2_S1,9
136,moderado,FIXO,3,T3_N1,9
136,moderado,FIXO,3,T3_N2,7
136,moderado,FIXO,3,T3_S0,10
136,moderado,FIXO,3,T3_S1,9
136,moderado,FIXO,3,T4_N1,8
136,moderado,FIXO,3,T4_N2,9
136,moderado,FIXO,3,T4_S0,7
136,moderado,FIXO,3,T4_S1,8
137,moderado,PREEMPCAO,3,A1_L0,15
137,moderado,PREEMPCAO,3,A1_L1,16
137,moderado,PREEMPCAO,3,A1_L2,18
137,moderado,PREEMPCAO,3,A1_L3,16
137,moderado,PREEMPCAO,3,A1_O1,19
137,moderado,PREEMPCAO,3,A1_O2,19
137,moderado,PREEMPCAO,3,A1_O3,19
137,moderado,PREEMPCAO,3,A1_O4,13
137,moderado,PREEMPCAO,3,A2_L0,12
137,moderado,PREEMPCAO,3,A2_L1,22
137,moderado,PREEMPCAO,3,A2_L2,22
137,moderado,PREEMPCAO,3,A2_L3,22
137,moderado,PREEMPCAO,3,A2_O1,20
137,moderado,PREEMPCAO,3,A2_O2,20
137,moderado,PREEMPCAO,3,A2_O3,21
137,moderado,PREEMPCAO,3,A2_O4,13
137,moderado,PREEMPCAO,3,T1_N1,9
137,moderado,PREEMPCAO,3,T1_N2,7
137,moderado,PREEMPCAO,3,T1_S0,8
137,moderado,PREEMPCAO,3,T1_S1,12
137,moderado,PREEMPCAO,3,T2_N1,12
137,moderado,PREEMPCAO,3,T2_N2,8
137,moderado,PREEMPCAO,3,T2_S0,11
137,moderado,PREEMPCAO,3,T2_S1,12
137,moderado,PREEMPCAO,3,T3_N1,8
137,moderado,PREEMPCAO,3,T3_N2,8
137,moderado,PREEMPCAO,3,T3_S0,7
137,moderado,PREEMPCAO,3,T3_S1,9
137,moderado,PREEMPCAO,3,T4_N1,8
137,moderado,PREEMPCAO,3,T4_N2,9
137,moderado,PREEMPCAO,3,T4_S0,7
137,moderado,PREEMPCAO,3,T4_S1,8
138,moderado,PREEMPCAO_COMPENSADA,3,A1_L0,14
138,moderado,PREEMPCAO_COMPENSADA,3,A1_L1,16
138,moderado,PREEMPCAO_COMPENSADA,3,A1_L2,23
138,moderado,PREEMPCAO_COMPENSADA,3,A1_L3,20
138,moderado,PREEMPCAO_COMPENSADA,3,A1_O1,19
138,moderado,PREEMPCAO_COMPENSADA,3,A1_O2,20
138,moderado,PREEMPCAO_COMPENSADA,3,A1_O3,19
138,moderado,PREEMPCAO_COMPENSADA,3,A1_O4,17
138,moderado,PREEMPCAO_COMPENSADA,3,A2_L0,13
138,moderado,PREEMPCAO_COMPENSADA,3,A2_L1,22
138,moderado,PREEMPCAO_COMPENSADA,3,A2_L2,22
138,moderado,PREEMPCAO_COMPENSADA,3,A2_L3,22
138,moderado,PREEMPCAO_COMPENSADA,3,A2_O1,20
138,moderado,PREEMPCAO_COMPENSADA,3,A2_O2,20
138,moderado,PREEMPCAO_COMPENSADA,3,A2_O3,20
138,moderado,PREEMPCAO_COMPENSADA,3,A2_O4,15
138,moderado,PREEMPCAO_COMPENSADA,3,T1_N1,12
138,moderado,PREEMPCAO_COMPENSADA,3,T1_N2,9
138,moderado,PREEMPCAO_COMPENSADA,3,T1_S0,7
138,moderado,PREEMPCAO_COMPENSADA,3,T1_S1,10
138,moderado,PREEMPCAO_COMPENSADA,3,T2_N1,12
138,moderado,PREEMPCAO_COMPENSADA,3,T2_N2,9
138,moderado,PREEMPCAO_COMPENSADA,3,T2_S0,8
138,moderado,PREEMPCAO_COMPENSADA,3,T2_S1,13
138,moderado,PREEMPCAO_COMPENSADA,3,T3_N1,7
138,moderado,PREEMPCAO_COMPENSADA,3,T3_N2,7
138,moderado,PREEMPCAO_COMPENSADA,3,T3_S0,8
138,moderado,PREEMPCAO_COMPENSADA,3,T3_S1,8
138,moderado,PREEMPCAO_COMPENSADA,3,T4_N1,10
138,moderado,PREEMPCAO_COMPENSADA,3,T4_N2,9
138,moderado,PREEMPCAO_COMPENSADA,3,T4_S0,9
138,moderado,PREEMPCAO_COMPENSADA,3,T4_S1,11
140,intenso,FIXO,3,A1_L0,27
140,intenso,FIXO,3,A1_L1,28
140,intenso,FIXO,3,A1_L2,28
140,intenso,FIXO,3,A1_L3,28
140,intenso,FIXO,3,A1_O1,28
140,intenso,FIXO,3,A1_O2,28
140,intenso,FIXO,3,A1_O3,28
140,intenso,FIXO,3,A1_O4,21
140,intenso,FIXO,3,A2_L0,26
140,intenso,FIXO,3,A2_L1,28
140,intenso,FIXO,3,A2_L2,28
140,intenso,FIXO,3,A2_L3,28
140,intenso,FIXO,3,A2_O1,28
140,intenso,FIXO,3,A2_O2,27
140,intenso,FIXO,3,A2_O3,27
140,intenso,FIXO,3,A2_O4,23
140,intenso,FIXO,3,T1_N1,11
140,intenso,FIXO,3,T1_N2,12
140,intenso,FIXO,3,T1_S0,14
140,intenso,FIXO,3,T1_S1,9
140,intenso,FIXO,3,T2_N1,11
140,intenso,FIXO,3,T2_N2,14
140,intenso,FIXO,3,T2_S0,15
140,intenso,FIXO,3,T2_S1,10
140,intenso,FIXO,3,T3_N1,9
140,intenso,FIXO,3,T3_N2,13
140,intenso,FIXO,3,T3_S0,14
140,intenso,FIXO,3,T3_S1,9
140,intenso,FIXO,3,T4_N1,9
140,intenso,FIXO,3,T4_N2,15
140,intenso,FIXO,3,T4_S0,13
140,intenso,FIXO,3,T4_S1,9
139,intenso,PREEMPCAO,3,A1_L0,28
139,intenso,PREEMPCAO,3,A1_L1,22
139,intenso,PREEMPCAO,3,A1_L2,22
139,intenso,PREEMPCAO,3,A1_L3,22
139,intenso,PREEMPCAO,3,A1_O1,22
139,intenso,PREEMPCAO,3,A1_O2,27
139,intenso,PREEMPCAO,3,A1_O3,27
139,intenso,PREEMPCAO,3,A1_O4,21
139,intenso,PREEMPCAO,3,A2_L0,25
139,intenso,PREEMPCAO,3,A2_L1,26
139,intenso,PREEMPCAO,3,A2_L2,26
139,intenso,PREEMPCAO,3,A2_L3,28
139,intenso,PREEMPCAO,3,A2_O1,27
139,intenso,PREEMPCAO,3,A2_O2,27
139,intenso,PREEMPCAO,3,A2_O3,27
139,intenso,PREEMPCAO,3,A2_O4,19
139,intenso,PREEMPCAO,3,T1_N1,15
139,intenso,PREEMPCAO,3,T1_N2,15
139,intenso,PREEMPCAO,3,T1_S0,15
139,intenso,PREEMPCAO,3,T1_S1,15
139,intenso,PREEMPCAO,3,T2_N1,10
139,intenso,PREEMPCAO,3,T2_N2,15
139,intenso,PREEMPCAO,3,T2_S0,15
139,intenso,PREEMPCAO,3,T2_S1,15
139,intenso,PREEMPCAO,3,T3_N1,13
139,intenso,PREEMPCAO,3,T3_N2,13
139,intenso,PREEMPCAO,3,T3_S0,12
139,intenso,PREEMPCAO,3,T3_S1,11
139,intenso,PREEMPCAO,3,T4_N1,11
139,intenso,PREEMPCAO,3,T4_N2,15
139,intenso,PREEMPCAO,3,T4_S0,12
139,intenso,PREEMPCAO,3,T4_S1,14
141,intenso,PREEMPCAO_COMPENSADA,3,A1_L0,28
141,intenso,PREEMPCAO_COMPENSADA,3,A1_L1,28
141,intenso,PREEMPCAO_COMPENSADA,3,A1_L2,28
141,intenso,PREEMPCAO_COMPENSADA,3,A1_L3,22
141,intenso,PREEMPCAO_COMPENSADA,3,A1_O1,27
141,intenso,PREEMPCAO_COMPENSADA,3,A1_O2,27
141,intenso,PREEMPCAO_COMPENSADA,3,A1_O3,27
141,intenso,PREEMPCAO_COMPENSADA,3,A1_O4,27
141,intenso,PREEMPCAO_COMPENSADA,3,A2_L0,27
141,intenso,PREEMPCAO_COMPENSADA,3,A2_L1,27
141,intenso,PREEMPCAO_COMPENSADA,3,A2_L2,26
141,intenso,PREEMPCAO_COMPENSADA,3,A2_L3,26
141,intenso,PREEMPCAO_COMPENSADA,3,A2_O1,28
141,intenso,PREEMPCAO_COMPENSADA,3,A2_O2,27
141,intenso,PREEMPCAO_COMPENSADA,3,A2_O3,30
141,intenso,PREEMPCAO_COMPENSADA,3,A2_O4,20
141,intenso,PREEMPCAO_COMPENSADA,3,T1_N1,15
141,intenso,PREEMPCAO_COMPENSADA,3,T1_N2,15
141,intenso,PREEMPCAO_COMPENSADA,3,T1_S0,14
141,intenso,PREEMPCAO_COMPENSADA,3,T1_S1,15
141,intenso,PREEMPCAO_COMPENSADA,3,T2_N1,14
141,intenso,PREEMPCAO_COMPENSADA,3,T2_N2,15
141,intenso,PREEMPCAO_COMPENSADA,3,T2_S0,15
141,intenso,PREEMPCAO_COMPENSADA,3,T2_S1,14
141,intenso,PREEMPCAO_COMPENSADA,3,T3_N1,11
141,intenso,PREEMPCAO_COMPENSADA,3,T3_N2,12
141,intenso,PREEMPCAO_COMPENSADA,3,T3_S0,14
141,intenso,PREEMPCAO_COMPENSADA,3,T3_S1,15
141,intenso,PREEMPCAO_COMPENSADA,3,T4_N1,14
141,intenso,PREEMPCAO_COMPENSADA,3,T4_N2,15
141,intenso,PREEMPCAO_COMPENSADA,3,T4_S0,11
141,intenso,PREEMPCAO_COMPENSADA,3,T4_S1,15
142,multiplas_emergencias,FIXO,3,A1_L0,13
142,multiplas_emergencias,FIXO,3,A1_L1,24
142,multiplas_emergencias,FIXO,3,A1_L2,24
142,multiplas_emergencias,FIXO,3,A1_L3,24
142,multiplas_emergencias,FIXO,3,A1_O1,22
142,multiplas_emergencias,FIXO,3,A1_O2,22
142,multiplas_emergencias,FIXO,3,A1_O3,21
142,multiplas_emergencias,FIXO,3,A1_O4,14
142,multiplas_emergencias,FIXO,3,A2_L0,14
142,multiplas_emergencias,FIXO,3,A2_L1,22
142,multiplas_emergencias,FIXO,3,A2_L2,22
142,multiplas_emergencias,FIXO,3,A2_L3,23
142,multiplas_emergencias,FIXO,3,A2_O1,21
142,multiplas_emergencias,FIXO,3,A2_O2,21
142,multiplas_emergencias,FIXO,3,A2_O3,21
142,multiplas_emergencias,FIXO,3,A2_O4,13
142,multiplas_emergencias,FIXO,3,T1_N1,9
142,multiplas_emergencias,FIXO,3,T1_N2,7
142,multiplas_emergencias,FIXO,3,T1_S0,11
142,multiplas_emergencias,FIXO,3,T1_S1,9
142,multiplas_emergencias,FIXO,3,T2_N1,9
142,multiplas_emergencias,FIXO,3,T2_N2,7
142,multiplas_emergencias,FIXO,3,T2_S0,11
142,multiplas_emergencias,FIXO,3,T2_S1,9
142,multiplas_emergencias,FIXO,3,T3_N1,9
142,multiplas_emergencias,FIXO,3,T3_N2,7
142,multiplas_emergencias,FIXO,3,T3_S0,10
142,multiplas_emergencias,FIXO,3,T3_S1,9
142,multiplas_emergencias,FIXO,3,T4_N1,8
142,multiplas_emergencias,FIXO,3,T4_N2,9
142,multiplas_emergencias,FIXO,3,T4_S0,7
142,multiplas_emergencias,FIXO,3,T4_S1,8
143,multiplas_emergencias,PREEMPCAO,3,A1_L0,15
143,multiplas_emergencias,PREEMPCAO,3,A1_L1,18
143,multiplas_emergencias,PREEMPCAO,3,A1_L2,24
143,multiplas_emergencias,PREEMPCAO,3,A1_L3,16
143,multiplas_emergencias,PREEMPCAO,3,A1_O1,19
143,multiplas_emergencias,PREEMPCAO,3,A1_O2,19
143,multiplas_emergencias,PREEMPCAO,3,A1_O3,19
143,multiplas_emergencias,PREEMPCAO,3,A1_O4,14
143,multiplas_emergencias,PREEMPCAO,3,A2_L0,13
143,multiplas_emergencias,PREEMPCAO,3,A2_L1,22
143,multiplas_emergencias,PREEMPCAO,3,A2_L2,18
143,multiplas_emergencias,PREEMPCAO,3,A2_L3,18
143,multiplas_emergencias,PREEMPCAO,3,A2_O1,21
143,multiplas_emergencias,PREEMPCAO,3,A2_O2,20
143,multiplas_emergencias,PREEMPCAO,3,A2_O3,20
143,multiplas_emergencias,PREEMPCAO,3,A2_O4,12
143,multiplas_emergencias,PREEMPCAO,3,T1_N1,7
143,multiplas_emergencias,PREEMPCAO,3,T1_N2,7
143,multiplas_emergencias,PREEMPCAO,3,T1_S0,8
143,multiplas_emergencias,PREEMPCAO,3,T1_S1,13
143,multiplas_emergencias,PREEMPCAO,3,T2_N1,10
143,multiplas_emergencias,PREEMPCAO,3,T2_N2,8
143,multiplas_emergencias,PREEMPCAO,3,T2_S0,9
143,multiplas_emergencias,PREEMPCAO,3,T2_S1,9
143,multiplas_emergencias,PREEMPCAO,3,T3_N1,10
143,multiplas_emergencias,PREEMPCAO,3,T3_N2,8
143,multiplas_emergencias,PREEMPCAO,3,T3_S0,7
143,multiplas_emergencias,PREEMPCAO,3,T3_S1,9
143,multiplas_emergencias,PREEMPCAO,3,T4_N1,10
143,multiplas_emergencias,PREEMPCAO,3,T4_N2,9
143,multiplas_emergencias,PREEMPCAO,3,T4_S0,7
143,multiplas_emergencias,PREEMPCAO,3,T4_S1,9
144,multiplas_emergencias,PREEMPCAO_COMPENSADA,3,A1_L0,14
144,multiplas_emergencias,PREEMPCAO_COMPENSADA,3,A1_L1,19
144,multiplas_emergencias,PREEMPCAO_COMPENSADA,3,A1_L2,16
144,multiplas_emergencias,PREEMPCAO_COMPENSADA,3,A1_L3,20
144,multiplas_emergencias,PREEMPCAO_COMPENSADA,3,A1_O1,19
144,multiplas_emergencias,PREEMPCAO_COMPENSADA,3,A1_O2,19
144,multiplas_emergencias,PREEMPCAO_COMPENSADA,3,A1_O3,19
144,multiplas_emergencias,PREEMPCAO_COMPENSADA,3,A1_O4,16
144,multiplas_emergencias,PREEMPCAO_COMPENSADA,3,A2_L0,12
144,multiplas_emergencias,PREEMPCAO_COMPENSADA,3,A2_L1,22
144,multiplas_emergencias,PREEMPCAO_COMPENSADA,3,A2_L2,24
144,multiplas_emergencias,PREEMPCAO_COMPENSADA,3,A2_L3,22
144,multiplas_emergencias,PREEMPCAO_COMPENSADA,3,A2_O1,25
144,multiplas_emergencias,PREEMPCAO_COMPENSADA,3,A2_O2,20
144,multiplas_emergencias,PREEMPCAO_COMPENSADA,3,A2_O3,21
144,multiplas_emergencias,PREEMPCAO_COMPENSADA,3,A2_O4,14
144,multiplas_emergencias,PREEMPCAO_COMPENSADA,3,T1_N1,10
144,multiplas_emergencias,PREEMPCAO_COMPENSADA,3,T1_N2,9
144,multiplas_emergencias,PREEMPCAO_COMPENSADA,3,T1_S0,7
144,multiplas_emergencias,PREEMPCAO_COMPENSADA,3,T1_S1,10
144,multiplas_emergencias,PREEMPCAO_COMPENSADA,3,T2_N1,8
144,multiplas_emergencias,PREEMPCAO_COMPENSADA,3,T2_N2,11
144,multiplas_emergencias,PREEMPCAO_COMPENSADA,3,T2_S0,9
144,multiplas_emergencias,PREEMPCAO_COMPENSADA,3,T2_S1,12
144,multiplas_emergencias,PREEMPCAO_COMPENSADA,3,T3_N1,8
144,multiplas_emergencias,PREEMPCAO_COMPENSADA,3,T3_N2,8
144,multiplas_emergencias,PREEMPCAO_COMPENSADA,3,T3_S0,8
144,multiplas_emergencias,PREEMPCAO_COMPENSADA,3,T3_S1,12
144,multiplas_emergencias,PREEMPCAO_COMPENSADA,3,T4_N1,11
144,multiplas_emergencias,PREEMPCAO_COMPENSADA,3,T4_N2,9
144,multiplas_emergencias,PREEMPCAO_COMPENSADA,3,T4_S0,7
144,multiplas_emergencias,PREEMPCAO_COMPENSADA,3,T4_S1,12
145,multiplas_emergencias,PREEMPCAO_ML,3,A1_L0,15
145,multiplas_emergencias,PREEMPCAO_ML,3,A1_L1,25
145,multiplas_emergencias,PREEMPCAO_ML,3,A1_L2,20
145,multiplas_emergencias,PREEMPCAO_ML,3,A1_L3,16
145,multiplas_emergencias,PREEMPCAO_ML,3,A1_O1,19
145,multiplas_emergencias,PREEMPCAO_ML,3,A1_O2,22
145,multiplas_emergencias,PREEMPCAO_ML,3,A1_O3,19
145,multiplas_emergencias,PREEMPCAO_ML,3,A1_O4,16
145,multiplas_emergencias,PREEMPCAO_ML,3,A2_L0,12
145,multiplas_emergencias,PREEMPCAO_ML,3,A2_L1,22
145,multiplas_emergencias,PREEMPCAO_ML,3,A2_L2,22
145,multiplas_emergencias,PREEMPCAO_ML,3,A2_L3,22
145,multiplas_emergencias,PREEMPCAO_ML,3,A2_O1,21
145,multiplas_emergencias,PREEMPCAO_ML,3,A2_O2,20
145,multiplas_emergencias,PREEMPCAO_ML,3,A2_O3,21
145,multiplas_emergencias,PREEMPCAO_ML,3,A2_O4,12
145,multiplas_emergencias,PREEMPCAO_ML,3,T1_N1,7
145,multiplas_emergencias,PREEMPCAO_ML,3,T1_N2,9
145,multiplas_emergencias,PREEMPCAO_ML,3,T1_S0,8
145,multiplas_emergencias,PREEMPCAO_ML,3,T1_S1,13
145,multiplas_emergencias,PREEMPCAO_ML,3,T2_N1,10
145,multiplas_emergencias,PREEMPCAO_ML,3,T2_N2,8
145,multiplas_emergencias,PREEMPCAO_ML,3,T2_S0,11
145,multiplas_emergencias,PREEMPCAO_ML,3,T2_S1,7
145,multiplas_emergencias,PREEMPCAO_ML,3,T3_N1,8
145,multiplas_emergencias,PREEMPCAO_ML,3,T3_N2,11
145,multiplas_emergencias,PREEMPCAO_ML,3,T3_S0,7
145,multiplas_emergencias,PREEMPCAO_ML,3,T3_S1,11
145,multiplas_emergencias,PREEMPCAO_ML,3,T4_N1,8
145,multiplas_emergencias,PREEMPCAO_ML,3,T4_N2,9
145,multiplas_emergencias,PREEMPCAO_ML,3,T4_S0,9
145,multiplas_emergencias,PREEMPCAO_ML,3,T4_S1,8
146,leve,FIXO,4,A1_L0,8
146,leve,FIXO,4,A1_L1,14
146,leve,FIXO,4,A1_L2,14
146,leve,FIXO,4,A1_L3,14
146,leve,FIXO,4,A1_O1,10
146,leve,FIXO,4,A1_O2,10
146,leve,FIXO,4,A1_O3,10
146,leve,FIXO,4,A1_O4,7
146,leve,FIXO,4,A2_L0,7
146,leve,FIXO,4,A2_L1,11
146,leve,FIXO,4,A2_L2,11
146,leve,FIXO,4,A2_L3,11
146,leve,FIXO,4,A2_O1,11
146,leve,FIXO,4,A2_O2,11
146,leve,FIXO,4,A2_O3,11
146,leve,FIXO,4,A2_O4,7
146,leve,FIXO,4,T1_N1,6
146,leve,FIXO,4,T1_N2,4
146,leve,FIXO,4,T1_S0,4
146,leve,FIXO,4,T1_S1,5
146,leve,FIXO,4,T2_N1,6
146,leve,FIXO,4,T2_N2,4
146,leve,FIXO,4,T2_S0,4
146,leve,FIXO,4,T2_S1,6
146,leve,FIXO,4,T3_N1,5
146,leve,FIXO,4,T3_N2,4
146,leve,FIXO,4,T3_S0,5
146,leve,FIXO,4,T3_S1,6
146,leve,FIXO,4,T4_N1,7
146,leve,FIXO,4,T4_N2,6
146,leve,FIXO,4,T4_S0,4
146,leve,FIXO,4,T4_S1,6
147,leve,PREEMPCAO,4,A1_L0,7
147,leve,PREEMPCAO,4,A1_L1,10
147,leve,PREEMPCAO,4,A1_L2,9
147,leve,PREEMPCAO,4,A1_L3,9
147,leve,PREEMPCAO,4,A1_O1,9
147,leve,PREEMPCAO,4,A1_O2,11
147,leve,PREEMPCAO,4,A1_O3,8
147,leve,PREEMPCAO,4,A1_O4,6
147,leve,PREEMPCAO,4,A2_L0,6
147,leve,PREEMPCAO,4,A2_L1,11
147,leve,PREEMPCAO,4,A2_L2,11
147,leve,PREEMPCAO,4,A2_L3,9
147,leve,PREEMPCAO,4,A2_O1,9
147,leve,PREEMPCAO,4,A2_O2,9
147,leve,PREEMPCAO,4,A2_O3,12
147,leve,PREEMPCAO,4,A2_O4,7
147,leve,PREEMPCAO,4,T1_N1,5
147,leve,PREEMPCAO,4,T1_N2,5
147,leve,PREEMPCAO,4,T1_S0,4
147,leve,PREEMPCAO,4,T1_S1,5
147,leve,PREEMPCAO,4,T2_N1,3
147,leve,PREEMPCAO,4,T2_N2,5
147,leve,PREEMPCAO,4,T2_S0,6
147,leve,PREEMPCAO,4,T2_S1,5
147,leve,PREEMPCAO,4,T3_N1,4
147,leve,PREEMPCAO,4,T3_N2,4
147,leve,PREEMPCAO,4,T3_S0,4
147,leve,PREEMPCAO,4,T3_S1,6
147,leve,PREEMPCAO,4,T4_N1,6
147,leve,PREEMPCAO,4,T4_N2,4
147,leve,PREEMPCAO,4,T4_S0,4
147,leve,PREEMPCAO,4,T4_S1,6
148,leve,PREEMPCAO_COMPENSADA,4,A1_L0,7
148,leve,PREEMPCAO_COMPENSADA,4,A1_L1,10
148,leve,PREEMPCAO_COMPENSADA,4,A1_L2,12
148,leve,PREEMPCAO_COMPENSADA,4,A1_L3,10
148,leve,PREEMPCAO_COMPENSADA,4,A1_O1,9
148,leve,PREEMPCAO_COMPENSADA,4,A1_O2,6
148,leve,PREEMPCAO_COMPENSADA,4,A1_O3,9
148,leve,PREEMPCAO_COMPENSADA,4,A1_O4,8
148,leve,PREEMPCAO_COMPENSADA,4,A2_L0,7
148,leve,PREEMPCAO_COMPENSADA,4,A2_L1,11
148,leve,PREEMPCAO_COMPENSADA,4,A2_L2,11
148,leve,PREEMPCAO_COMPENSADA,4,A2_L3,10
148,leve,PREEMPCAO_COMPENSADA,4,A2_O1,9
148,leve,PREEMPCAO_COMPENSADA,4,A2_O2,11
148,leve,PREEMPCAO_COMPENSADA,4,A2_O3,11
148,leve,PREEMPCAO_COMPENSADA,4,A2_O4,7
148,leve,PREEMPCAO_COMPENSADA,4,T1_N1,5
148,leve,PREEMPCAO_COMPENSADA,4,T1_N2,6
148,leve,PREEMPCAO_COMPENSADA,4,T1_S0,5
148,leve,PREEMPCAO_COMPENSADA,4,T1_S1,5
148,leve,PREEMPCAO_COMPENSADA,4,T2_N1,5
148,leve,PREEMPCAO_COMPENSADA,4,T2_N2,5
148,leve,PREEMPCAO_COMPENSADA,4,T2_S0,5
148,leve,PREEMPCAO_COMPENSADA,4,T2_S1,4
148,leve,PREEMPCAO_COMPENSADA,4,T3_N1,5
148,leve,PREEMPCAO_COMPENSADA,4,T3_N2,4
148,leve,PREEMPCAO_COMPENSADA,4,T3_S0,7
148,leve,PREEMPCAO_COMPENSADA,4,T3_S1,6
148,leve,PREEMPCAO_COMPENSADA,4,T4_N1,7
148,leve,PREEMPCAO_COMPENSADA,4,T4_N2,4
148,leve,PREEMPCAO_COMPENSADA,4,T4_S0,4
148,leve,PREEMPCAO_COMPENSADA,4,T4_S1,5
149,moderado,FIXO,4,A1_L0,12
149,moderado,FIXO,4,A1_L1,20
149,moderado,FIXO,4,A1_L2,20
149,moderado,FIXO,4,A1_L3,19
149,moderado,FIXO,4,A1_O1,22
149,moderado,FIXO,4,A1_O2,22
149,moderado,FIXO,4,A1_O3,22
149,moderado,FIXO,4,A1_O4,14
149,moderado,FIXO,4,A2_L0,15
149,moderado,FIXO,4,A2_L1,22
149,moderado,FIXO,4,A2_L2,22
149,moderado,FIXO,4,A2_L3,22
149,moderado,FIXO,4,A2_O1,23
149,moderado,FIXO,4,A2_O2,23
149,moderado,FIXO,4,A2_O3,22
149,moderado,FIXO,4,A2_O4,15
149,moderado,FIXO,4,T1_N1,8
149,moderado,FIXO,4,T1_N2,7
149,moderado,FIXO,4,T1_S0,9
149,moderado,FIXO,4,T1_S1,9
149,moderado,FIXO,4,T2_N1,9
149,moderado,FIXO,4,T2_N2,9
149,moderado,FIXO,4,T2_S0,9
149,moderado,FIXO,4,T2_S1,9
149,moderado,FIXO,4,T3_N1,8
149,moderado,FIXO,4,T3_N2,7
149,moderado,FIXO,4,T3_S0,6
149,moderado,FIXO,4,T3_S1,9
149,moderado,FIXO,4,T4_N1,9
149,moderado,FIXO,4,T4_N2,10
149,moderado,FIXO,4,T4_S0,7
149,moderado,FIXO,4,T4_S1,9
150,moderado,PREEMPCAO,4,A1_L0,13
150,moderado,PREEMPCAO,4,A1_L1,17
150,moderado,PREEMPCAO,4,A1_L2,17
150,moderado,PREEMPCAO,4,A1_L3,17
150,moderado,PREEMPCAO,4,A1_O1,11
150,moderado,PREEMPCAO,4,A1_O2,18
150,moderado,PREEMPCAO,4,A1_O3,18
150,moderado,PREEMPCAO,4,A1_O4,12
150,moderado,PREEMPCAO,4,A2_L0,16
150,moderado,PREEMPCAO,4,A2_L1,21
150,moderado,PREEMPCAO,4,A2_L2,21
150,moderado,PREEMPCAO,4,A2_L3,21
150,moderado,PREEMPCAO,4,A2_O1,14
150,moderado,PREEMPCAO,4,A2_O2,14
150,moderado,PREEMPCAO,4,A2_O3,20
150,moderado,PREEMPCAO,4,A2_O4,17
150,moderado,PREEMPCAO,4,T1_N1,10
150,moderado,PREEMPCAO,4,T1_N2,7
150,moderado,PREEMPCAO,4,T1_S0,8
150,moderado,PREEMPCAO,4,T1_S1,9
150,moderado,PREEMPCAO,4,T2_N1,12
150,moderado,PREEMPCAO,4,T2_N2,9
150,moderado,PREEMPCAO,4,T2_S0,9
150,moderado,PREEMPCAO,4,T2_S1,9
150,moderado,PREEMPCAO,4,T3_N1,9
150,moderado,PREEMPCAO,4,T3_N2,8
150,moderado,PREEMPCAO,4,T3_S0,7
150,moderado,PREEMPCAO,4,T3_S1,10
150,moderado,PREEMPCAO,4,T4_N1,10
150,moderado,PREEMPCAO,4,T4_N2,7
150,moderado,PREEMPCAO,4,T4_S0,9
150,moderado,PREEMPCAO,4,T4_S1,12
151,moderado,PREEMPCAO_COMPENSADA,4,A1_L0,13
151,moderado,PREEMPCAO_COMPENSADA,4,A1_L1,17
151,moderado,PREEMPCAO_COMPENSADA,4,A1_L2,17
151,moderado,PREEMPCAO_COMPENSADA,4,A1_L3,19
151,moderado,PREEMPCAO_COMPENSADA,4,A1_O1,14
151,moderado,PREEMPCAO_COMPENSADA,4,A1_O2,22
151,moderado,PREEMPCAO_COMPENSADA,4,A1_O3,21
151,moderado,PREEMPCAO_COMPENSADA,4,A1_O4,15
151,moderado,PREEMPCAO_COMPENSADA,4,A2_L0,17
151,moderado,PREEMPCAO_COMPENSADA,4,A2_L1,21
151,moderado,PREEMPCAO_COMPENSADA,4,A2_L2,21
151,moderado,PREEMPCAO_COMPENSADA,4,A2_L3,24
151,moderado,PREEMPCAO_COMPENSADA,4,A2_O1,21
151,moderado,PREEMPCAO_COMPENSADA,4,A2_O2,20
151,moderado,PREEMPCAO_COMPENSADA,4,A2_O3,19
151,moderado,PREEMPCAO_COMPENSADA,4,A2_O4,15
151,moderado,PREEMPCAO_COMPENSADA,4,T1_N1,9
151,moderado,PREEMPCAO_COMPENSADA,4,T1_N2,9
151,moderado,PREEMPCAO_COMPENSADA,4,T1_S0,9
151,moderado,PREEMPCAO_COMPENSADA,4,T1_S1,9
151,moderado,PREEMPCAO_COMPENSADA,4,T2_N1,9
151,moderado,PREEMPCAO_COMPENSADA,4,T2_N2,9
151,moderado,PREEMPCAO_COMPENSADA,4,T2_S0,8
151,moderado,PREEMPCAO_COMPENSADA,4,T2_S1,9
151,moderado,PREEMPCAO_COMPENSADA,4,T3_N1,10
151,moderado,PREEMPCAO_COMPENSADA,4,T3_N2,7
151,moderado,PREEMPCAO_COMPENSADA,4,T3_S0,7
151,moderado,PREEMPCAO_COMPENSADA,4,T3_S1,12
151,moderado,PREEMPCAO_COMPENSADA,4,T4_N1,12
151,moderado,PREEMPCAO_COMPENSADA,4,T4_N2,10
151,moderado,PREEMPCAO_COMPENSADA,4,T4_S0,9
151,moderado,PREEMPCAO_COMPENSADA,4,T4_S1,11
152,intenso,FIXO,4,A1_L0,21
152,intenso,FIXO,4,A1_L1,28
152,intenso,FIXO,4,A1_L2,28
152,intenso,FIXO,4,A1_L3,28
152,intenso,FIXO,4,A1_O1,28
152,intenso,FIXO,4,A1_O2,28
152,intenso,FIXO,4,A1_O3,28
152,intenso,FIXO,4,A1_O4,26
152,intenso,FIXO,4,A2_L0,28
152,intenso,FIXO,4,A2_L1,28
152,intenso,FIXO,4,A2_L2,28
152,intenso,FIXO,4,A2_L3,28
152,intenso,FIXO,4,A2_O1,27
152,intenso,FIXO,4,A2_O2,28
152,intenso,FIXO,4,A2_O3,27
152,intenso,FIXO,4,A2_O4,19
152,intenso,FIXO,4,T1_N1,10
152,intenso,FIXO,4,T1_N2,15
152,intenso,FIXO,4,T1_S0,12
152,intenso,FIXO,4,T1_S1,9
152,intenso,FIXO,4,T2_N1,10
152,intenso,FIXO,4,T2_N2,13
152,intenso,FIXO,4,T2_S0,13
152,intenso,FIXO,4,T2_S1,9
152,intenso,FIXO,4,T3_N1,9
152,intenso,FIXO,4,T3_N2,15
152,intenso,FIXO,4,T3_S0,15
152,intenso,FIXO,4,T3_S1,10
152,intenso,FIXO,4,T4_N1,9
152,intenso,FIXO,4,T4_N2,13
152,intenso,FIXO,4,T4_S0,13
152,intenso,FIXO,4,T4_S1,9
153,intenso,PREEMPCAO,4,A1_L0,19
153,intenso,PREEMPCAO,4,A1_L1,25
153,intenso,PREEMPCAO,4,A1_L2,25
153,intenso,PREEMPCAO,4,A1_L3,27
153,intenso,PREEMPCAO,4,A1_O1,26
153,intenso,PREEMPCAO,4,A1_O2,27
153,intenso,PREEMPCAO,4,A1_O3,26
153,intenso,PREEMPCAO,4,A1_O4,26
153,intenso,PREEMPCAO,4,A2_L0,27
153,intenso,PREEMPCAO,4,A2_L1,28
153,intenso,PREEMPCAO,4,A2_L2,27
153,intenso,PREEMPCAO,4,A2_L3,30
153,intenso,PREEMPCAO,4,A2_O1,26
153,intenso,PREEMPCAO,4,A2_O2,26
153,intenso,PREEMPCAO,4,A2_O3,26
153,intenso,PREEMPCAO,4,A2_O4,18
153,intenso,PREEMPCAO,4,T1_N1,14
153,intenso,PREEMPCAO,4,T1_N2,15
153,intenso,PREEMPCAO,4,T1_S0,12
153,intenso,PREEMPCAO,4,T1_S1,11
153,intenso,PREEMPCAO,4,T2_N1,15
153,intenso,PREEMPCAO,4,T2_N2,13
153,intenso,PREEMPCAO,4,T2_S0,15
153,intenso,PREEMPCAO,4,T2_S1,13
153,intenso,PREEMPCAO,4,T3_N1,14
153,intenso,PREEMPCAO,4,T3_N2,15
153,intenso,PREEMPCAO,4,T3_S0,15
153,intenso,PREEMPCAO,4,T3_S1,14
153,intenso,PREEMPCAO,4,T4_N1,12
153,intenso,PREEMPCAO,4,T4_N2,13
153,intenso,PREEMPCAO,4,T4_S0,15
153,intenso,PREEMPCAO,4,T4_S1,14
154,intenso,PREEMPCAO_COMPENSADA,4,A1_L0,24
154,intenso,PREEMPCAO_COMPENSADA,4,A1_L1,26
154,intenso,PREEMPCAO_COMPENSADA,4,A1_L2,27
154,intenso,PREEMPCAO_COMPENSADA,4,A1_L3,26
154,intenso,PREEMPCAO_COMPENSADA,4,A1_O1,25
154,intenso,PREEMPCAO_COMPENSADA,4,A1_O2,27
154,intenso,PREEMPCAO_COMPENSADA,4,A1_O3,30
154,intenso,PREEMPCAO_COMPENSADA,4,A1_O4,26
154,intenso,PREEMPCAO_COMPENSADA,4,A2_L0,28
154,intenso,PREEMPCAO_COMPENSADA,4,A2_L1,28
154,intenso,PREEMPCAO_COMPENSADA,4,A2_L2,29
154,intenso,PREEMPCAO_COMPENSADA,4,A2_L3,30
154,intenso,PREEMPCAO_COMPENSADA,4,A2_O1,28
154,intenso,PREEMPCAO_COMPENSADA,4,A2_O2,28
154,intenso,PREEMPCAO_COMPENSADA,4,A2_O3,30
154,intenso,PREEMPCAO_COMPENSADA,4,A2_O4,20
154,intenso,PREEMPCAO_COMPENSADA,4,T1_N1,15
154,intenso,PREEMPCAO_COMPENSADA,4,T1_N2,15
154,intenso,PREEMPCAO_COMPENSADA,4,T1_S0,13
154,intenso,PREEMPCAO_COMPENSADA,4,T1_S1,14
154,intenso,PREEMPCAO_COMPENSADA,4,T2_N1,14
154,intenso,PREEMPCAO_COMPENSADA,4,T2_N2,13
154,intenso,PREEMPCAO_COMPENSADA,4,T2_S0,15
154,intenso,PREEMPCAO_COMPENSADA,4,T2_S1,15
154,intenso,PREEMPCAO_COMPENSADA,4,T3_N1,15
154,intenso,PREEMPCAO_COMPENSADA,4,T3_N2,14
154,intenso,PREEMPCAO_COMPENSADA,4,T3_S0,15
154,intenso,PREEMPCAO_COMPENSADA,4,T3_S1,11
154,intenso,PREEMPCAO_COMPENSADA,4,T4_N1,13
154,intenso,PREEMPCAO_COMPENSADA,4,T4_N2,15
154,intenso,PREEMPCAO_COMPENSADA,4,T4_S0,15
154,intenso,PREEMPCAO_COMPENSADA,4,T4_S1,15
155,multiplas_emergencias,FIXO,4,A1_L0,12
155,multiplas_emergencias,FIXO,4,A1_L1,20
155,multiplas_emergencias,FIXO,4,A1_L2,20
155,multiplas_emergencias,FIXO,4,A1_L3,19
155,multiplas_emergencias,FIXO,4,A1_O1,22
155,multiplas_emergencias,FIXO,4,A1_O2,22
155,multiplas_emergencias,FIXO,4,A1_O3,22
155,multiplas_emergencias,FIXO,4,A1_O4,14
155,multiplas_emergencias,FIXO,4,A2_L0,15
155,multiplas_emergencias,FIXO,4,A2_L1,22
155,multiplas_emergencias,FIXO,4,A2_L2,22
155,multiplas_emergencias,FIXO,4,A2_L3,22
155,multiplas_emergencias,FIXO,4,A2_O1,23
155,multiplas_emergencias,FIXO,4,A2_O2,23
155,multiplas_emergencias,FIXO,4,A2_O3,23
155,multiplas_emergencias,FIXO,4,A2_O4,15
155,multiplas_emergencias,FIXO,4,T1_N1,8
155,multiplas_emergencias,FIXO,4,T1_N2,7
155,multiplas_emergencias,FIXO,4,T1_S0,9
155,multiplas_emergencias,FIXO,4,T1_S1,9
155,multiplas_emergencias,FIXO,4,T2_N1,9
155,multiplas_emergencias,FIXO,4,T2_N2,9
155,multiplas_emergencias,FIXO,4,T2_S0,9
155,multiplas_emergencias,FIXO,4,T2_S1,9
155,multiplas_emergencias,FIXO,4,T3_N1,8
155,multiplas_emergencias,FIXO,4,T3_N2,7
155,multiplas_emergencias,FIXO,4,T3_S0,6
155,multiplas_emergencias,FIXO,4,T3_S1,9
155,multiplas_emergencias,FIXO,4,T4_N1,9
155,multiplas_emergencias,FIXO,4,T4_N2,10
155,multiplas_emergencias,FIXO,4,T4_S0,7
155,multiplas_emergencias,FIXO,4,T4_S1,9
156,multiplas_emergencias,PREEMPCAO,4,A1_L0,13
156,multiplas_emergencias,PREEMPCAO,4,A1_L1,17
156,multiplas_emergencias,PREEMPCAO,4,A1_L2,17
156,multiplas_emergencias,PREEMPCAO,4,A1_L3,17
156,multiplas_emergencias,PREEMPCAO,4,A1_O1,19
156,multiplas_emergencias,PREEMPCAO,4,A1_O2,18
156,multiplas_emergencias,PREEMPCAO,4,A1_O3,18
156,multiplas_emergencias,PREEMPCAO,4,A1_O4,12
156,multiplas_emergencias,PREEMPCAO,4,A2_L0,13
156,multiplas_emergencias,PREEMPCAO,4,A2_L1,21
156,multiplas_emergencias,PREEMPCAO,4,A2_L2,21
156,multiplas_emergencias,PREEMPCAO,4,A2_L3,25
156,multiplas_emergencias,PREEMPCAO,4,A2_O1,20
156,multiplas_emergencias,PREEMPCAO,4,A2_O2,17
156,multiplas_emergencias,PREEMPCAO,4,A2_O3,20
156,multiplas_emergencias,PREEMPCAO,4,A2_O4,15
156,multiplas_emergencias,PREEMPCAO,4,T1_N1,8
156,multiplas_emergencias,PREEMPCAO,4,T1_N2,11
156,multiplas_emergencias,PREEMPCAO,4,T1_S0,8
156,multiplas_emergencias,PREEMPCAO,4,T1_S1,13
156,multiplas_emergencias,PREEMPCAO,4,T2_N1,10
156,multiplas_emergencias,PREEMPCAO,4,T2_N2,9
156,multiplas_emergencias,PREEMPCAO,4,T2_S0,6
156,multiplas_emergencias,PREEMPCAO,4,T2_S1,9
156,multiplas_emergencias,PREEMPCAO,4,T3_N1,11
156,multiplas_emergencias,PREEMPCAO,4,T3_N2,11
156,multiplas_emergencias,PREEMPCAO,4,T3_S0,7
156,multiplas_emergencias,PREEMPCAO,4,T3_S1,9
156,multiplas_emergencias,PREEMPCAO,4,T4_N1,13
156,multiplas_emergencias,PREEMPCAO,4,T4_N2,9
156,multiplas_emergencias,PREEMPCAO,4,T4_S0,8
156,multiplas_emergencias,PREEMPCAO,4,T4_S1,11
157,multiplas_emergencias,PREEMPCAO_COMPENSADA,4,A1_L0,13
157,multiplas_emergencias,PREEMPCAO_COMPENSADA,4,A1_L1,17
157,multiplas_emergencias,PREEMPCAO_COMPENSADA,4,A1_L2,17
157,multiplas_emergencias,PREEMPCAO_COMPENSADA,4,A1_L3,21
157,multiplas_emergencias,PREEMPCAO_COMPENSADA,4,A1_O1,20
157,multiplas_emergencias,PREEMPCAO_COMPENSADA,4,A1_O2,19
157,multiplas_emergencias,PREEMPCAO_COMPENSADA,4,A1_O3,18
157,multiplas_emergencias,PREEMPCAO_COMPENSADA,4,A1_O4,15
157,multiplas_emergencias,PREEMPCAO_COMPENSADA,4,A2_L0,18
157,multiplas_emergencias,PREEMPCAO_COMPENSADA,4,A2_L1,21
157,multiplas_emergencias,PREEMPCAO_COMPENSADA,4,A2_L2,23
157,multiplas_emergencias,PREEMPCAO_COMPENSADA,4,A2_L3,21
157,multiplas_emergencias,PREEMPCAO_COMPENSADA,4,A2_O1,25
157,multiplas_emergencias,PREEMPCAO_COMPENSADA,4,A2_O2,23
157,multiplas_emergencias,PREEMPCAO_COMPENSADA,4,A2_O3,22
157,multiplas_emergencias,PREEMPCAO_COMPENSADA,4,A2_O4,15
157,multiplas_emergencias,PREEMPCAO_COMPENSADA,4,T1_N1,11
157,multiplas_emergencias,PREEMPCAO_COMPENSADA,4,T1_N2,10
157,multiplas_emergencias,PREEMPCAO_COMPENSADA,4,T1_S0,9
157,multiplas_emergencias,PREEMPCAO_COMPENSADA,4,T1_S1,13
157,multiplas_emergencias,PREEMPCAO_COMPENSADA,4,T2_N1,10
157,multiplas_emergencias,PREEMPCAO_COMPENSADA,4,T2_N2,7
157,multiplas_emergencias,PREEMPCAO_COMPENSADA,4,T2_S0,8
157,multiplas_emergencias,PREEMPCAO_COMPENSADA,4,T2_S1,11
157,multiplas_emergencias,PREEMPCAO_COMPENSADA,4,T3_N1,8
157,multiplas_emergencias,PREEMPCAO_COMPENSADA,4,T3_N2,8
157,multiplas_emergencias,PREEMPCAO_COMPENSADA,4,T3_S0,7
157,multiplas_emergencias,PREEMPCAO_COMPENSADA,4,T3_S1,9
157,multiplas_emergencias,PREEMPCAO_COMPENSADA,4,T4_N1,11
157,multiplas_emergencias,PREEMPCAO_COMPENSADA,4,T4_N2,10
157,multiplas_emergencias,PREEMPCAO_COMPENSADA,4,T4_S0,6
157,multiplas_emergencias,PREEMPCAO_COMPENSADA,4,T4_S1,11
158,multiplas_emergencias,PREEMPCAO_ML,4,A1_L0,13
158,multiplas_emergencias,PREEMPCAO_ML,4,A1_L1,17
158,multiplas_emergencias,PREEMPCAO_ML,4,A1_L2,17
158,multiplas_emergencias,PREEMPCAO_ML,4,A1_L3,17
158,multiplas_emergencias,PREEMPCAO_ML,4,A1_O1,21
158,multiplas_emergencias,PREEMPCAO_ML,4,A1_O2,19
158,multiplas_emergencias,PREEMPCAO_ML,4,A1_O3,19
158,multiplas_emergencias,PREEMPCAO_ML,4,A1_O4,15
158,multiplas_emergencias,PREEMPCAO_ML,4,A2_L0,16
158,multiplas_emergencias,PREEMPCAO_ML,4,A2_L1,21
158,multiplas_emergencias,PREEMPCAO_ML,4,A2_L2,21
158,multiplas_emergencias,PREEMPCAO_ML,4,A2_L3,24
158,multiplas_emergencias,PREEMPCAO_ML,4,A2_O1,17
158,multiplas_emergencias,PREEMPCAO_ML,4,A2_O2,16
158,multiplas_emergencias,PREEMPCAO_ML,4,A2_O3,18
158,multiplas_emergencias,PREEMPCAO_ML,4,A2_O4,18
158,multiplas_emergencias,PREEMPCAO_ML,4,T1_N1,11
158,multiplas_emergencias,PREEMPCAO_ML,4,T1_N2,8
158,multiplas_emergencias,PREEMPCAO_ML,4,T1_S0,8
158,multiplas_emergencias,PREEMPCAO_ML,4,T1_S1,9
158,multiplas_emergencias,PREEMPCAO_ML,4,T2_N1,10
158,multiplas_emergencias,PREEMPCAO_ML,4,T2_N2,8
158,multiplas_emergencias,PREEMPCAO_ML,4,T2_S0,7
158,multiplas_emergencias,PREEMPCAO_ML,4,T2_S1,11
158,multiplas_emergencias,PREEMPCAO_ML,4,T3_N1,11
158,multiplas_emergencias,PREEMPCAO_ML,4,T3_N2,10
158,multiplas_emergencias,PREEMPCAO_ML,4,T3_S0,7
158,multiplas_emergencias,PREEMPCAO_ML,4,T3_S1,12
158,multiplas_emergencias,PREEMPCAO_ML,4,T4_N1,8
158,multiplas_emergencias,PREEMPCAO_ML,4,T4_N2,10
158,multiplas_emergencias,PREEMPCAO_ML,4,T4_S0,6
158,multiplas_emergencias,PREEMPCAO_ML,4,T4_S1,11
159,leve,FIXO,5,A1_L0,7
159,leve,FIXO,5,A1_L1,13
159,leve,FIXO,5,A1_L2,13
159,leve,FIXO,5,A1_L3,13
159,leve,FIXO,5,A1_O1,14
159,leve,FIXO,5,A1_O2,14
159,leve,FIXO,5,A1_O3,14
159,leve,FIXO,5,A1_O4,7
159,leve,FIXO,5,A2_L0,9
159,leve,FIXO,5,A2_L1,12
159,leve,FIXO,5,A2_L2,12
159,leve,FIXO,5,A2_L3,12
159,leve,FIXO,5,A2_O1,13
159,leve,FIXO,5,A2_O2,13
159,leve,FIXO,5,A2_O3,13
159,leve,FIXO,5,A2_O4,9
159,leve,FIXO,5,T1_N1,8
159,leve,FIXO,5,T1_N2,5
159,leve,FIXO,5,T1_S0,5
159,leve,FIXO,5,T1_S1,7
159,leve,FIXO,5,T2_N1,6
159,leve,FIXO,5,T2_N2,7
159,leve,FIXO,5,T2_S0,5
159,leve,FIXO,5,T2_S1,5
159,leve,FIXO,5,T3_N1,6
159,leve,FIXO,5,T3_N2,5
159,leve,FIXO,5,T3_S0,4
159,leve,FIXO,5,T3_S1,6
159,leve,FIXO,5,T4_N1,5
159,leve,FIXO,5,T4_N2,5
159,leve,FIXO,5,T4_S0,4
159,leve,FIXO,5,T4_S1,7
160,leve,PREEMPCAO,5,A1_L0,6
160,leve,PREEMPCAO,5,A1_L1,9
160,leve,PREEMPCAO,5,A1_L2,7
160,leve,PREEMPCAO,5,A1_L3,8
160,leve,PREEMPCAO,5,A1_O1,10
160,leve,PREEMPCAO,5,A1_O2,8
160,leve,PREEMPCAO,5,A1_O3,8
160,leve,PREEMPCAO,5,A1_O4,10
160,leve,PREEMPCAO,5,A2_L0,7
160,leve,PREEMPCAO,5,A2_L1,9
160,leve,PREEMPCAO,5,A2_L2,12
160,leve,PREEMPCAO,5,A2_L3,9
160,leve,PREEMPCAO,5,A2_O1,9
160,leve,PREEMPCAO,5,A2_O2,13
160,leve,PREEMPCAO,5,A2_O3,13
160,leve,PREEMPCAO,5,A2_O4,7
160,leve,PREEMPCAO,5,T1_N1,7
160,leve,PREEMPCAO,5,T1_N2,4
160,leve,PREEMPCAO,5,T1_S0,7
160,leve,PREEMPCAO,5,T1_S1,9
160,leve,PREEMPCAO,5,T2_N1,3
160,leve,PREEMPCAO,5,T2_N2,7
160,leve,PREEMPCAO,5,T2_S0,4
160,leve,PREEMPCAO,5,T2_S1,5
160,leve,PREEMPCAO,5,T3_N1,7
160,leve,PREEMPCAO,5,T3_N2,6
160,leve,PREEMPCAO,5,T3_S0,5
160,leve,PREEMPCAO,5,T3_S1,5
160,leve,PREEMPCAO,5,T4_N1,5
160,leve,PREEMPCAO,5,T4_N2,4
160,leve,PREEMPCAO,5,T4_S0,4
160,leve,PREEMPCAO,5,T4_S1,6
161,leve,PREEMPCAO_COMPENSADA,5,A1_L0,9
161,leve,PREEMPCAO_COMPENSADA,5,A1_L1,9
161,leve,PREEMPCAO_COMPENSADA,5,A1_L2,9
161,leve,PREEMPCAO_COMPENSADA,5,A1_L3,7
161,leve,PREEMPCAO_COMPENSADA,5,A1_O1,11
161,leve,PREEMPCAO_COMPENSADA,5,A1_O2,14
161,leve,PREEMPCAO_COMPENSADA,5,A1_O3,8
161,leve,PREEMPCAO_COMPENSADA,5,A1_O4,9
161,leve,PREEMPCAO_COMPENSADA,5,A2_L0,7
161,leve,PREEMPCAO_COMPENSADA,5,A2_L1,10
161,leve,PREEMPCAO_COMPENSADA,5,A2_L2,12
161,leve,PREEMPCAO_COMPENSADA,5,A2_L3,13
161,leve,PREEMPCAO_COMPENSADA,5,A2_O1,11
161,leve,PREEMPCAO_COMPENSADA,5,A2_O2,9
161,leve,PREEMPCAO_COMPENSADA,5,A2_O3,12
161,leve,PREEMPCAO_COMPENSADA,5,A2_O4,8
161,leve,PREEMPCAO_COMPENSADA,5,T1_N1,7
161,leve,PREEMPCAO_COMPENSADA,5,T1_N2,6
161,leve,PREEMPCAO_COMPENSADA,5,T1_S0,7
161,leve,PREEMPCAO_COMPENSADA,5,T1_S1,9
161,leve,PREEMPCAO_COMPENSADA,5,T2_N1,7
161,leve,PREEMPCAO_COMPENSADA,5,T2_N2,5
161,leve,PREEMPCAO_COMPENSADA,5,T2_S0,5
161,leve,PREEMPCAO_COMPENSADA,5,T2_S1,5
161,leve,PREEMPCAO_COMPENSADA,5,T3_N1,4
161,leve,PREEMPCAO_COMPENSADA,5,T3_N2,6
161,leve,PREEMPCAO_COMPENSADA,5,T3_S0,4
161,leve,PREEMPCAO_COMPENSADA,5,T3_S1,5
161,leve,PREEMPCAO_COMPENSADA,5,T4_N1,6
161,leve,PREEMPCAO_COMPENSADA,5,T4_N2,6
161,leve,PREEMPCAO_COMPENSADA,5,T4_S0,4
161,leve,PREEMPCAO_COMPENSADA,5,T4_S1,6
162,moderado,FIXO,5,A1_L0,19
162,moderado,FIXO,5,A1_L1,24
162,moderado,FIXO,5,A1_L2,25
162,moderado,FIXO,5,A1_L3,24
162,moderado,FIXO,5,A1_O1,20
162,moderado,FIXO,5,A1_O2,20
162,moderado,FIXO,5,A1_O3,21
162,moderado,FIXO,5,A1_O4,14
162,moderado,FIXO,5,A2_L0,15
162,moderado,FIXO,5,A2_L1,22
162,moderado,FIXO,5,A2_L2,22
162,moderado,FIXO,5,A2_L3,22
162,moderado,FIXO,5,A2_O1,22
162,moderado,FIXO,5,A2_O2,22
162,moderado,FIXO,5,A2_O3,22
162,moderado,FIXO,5,A2_O4,13
162,moderado,FIXO,5,T1_N1,8
162,moderado,FIXO,5,T1_N2,7
162,moderado,FIXO,5,T1_S0,7
162,moderado,FIXO,5,T1_S1,8
162,moderado,FIXO,5,T2_N1,9
162,moderado,FIXO,5,T2_N2,9
162,moderado,FIXO,5,T2_S0,9
162,moderado,FIXO,5,T2_S1,9
162,moderado,FIXO,5,T3_N1,9
162,moderado,FIXO,5,T3_N2,9
162,moderado,FIXO,5,T3_S0,9
162,moderado,FIXO,5,T3_S1,8
162,moderado,FIXO,5,T4_N1,8
162,moderado,FIXO,5,T4_N2,9
162,moderado,FIXO,5,T4_S0,7
162,moderado,FIXO,5,T4_S1,9
163,moderado,PREEMPCAO,5,A1_L0,15
163,moderado,PREEMPCAO,5,A1_L1,15
163,moderado,PREEMPCAO,5,A1_L2,15
163,moderado,PREEMPCAO,5,A1_L3,16
163,moderado,PREEMPCAO,5,A1_O1,13
163,moderado,PREEMPCAO,5,A1_O2,15
163,moderado,PREEMPCAO,5,A1_O3,18
163,moderado,PREEMPCAO,5,A1_O4,12
163,moderado,PREEMPCAO,5,A2_L0,14
163,moderado,PREEMPCAO,5,A2_L1,22
163,moderado,PREEMPCAO,5,A2_L2,22
163,moderado,PREEMPCAO,5,A2_L3,24
163,moderado,PREEMPCAO,5,A2_O1,19
163,moderado,PREEMPCAO,5,A2_O2,19
163,moderado,PREEMPCAO,5,A2_O3,22
163,moderado,PREEMPCAO,5,A2_O4,17
163,moderado,PREEMPCAO,5,T1_N1,12
163,moderado,PREEMPCAO,5,T1_N2,10
163,moderado,PREEMPCAO,5,T1_S0,6
163,moderado,PREEMPCAO,5,T1_S1,8
163,moderado,PREEMPCAO,5,T2_N1,11
163,moderado,PREEMPCAO,5,T2_N2,10
163,moderado,PREEMPCAO,5,T2_S0,9
163,moderado,PREEMPCAO,5,T2_S1,8
163,moderado,PREEMPCAO,5,T3_N1,11
163,moderado,PREEMPCAO,5,T3_N2,8
163,moderado,PREEMPCAO,5,T3_S0,11
163,moderado,PREEMPCAO,5,T3_S1,12
163,moderado,PREEMPCAO,5,T4_N1,8
163,moderado,PREEMPCAO,5,T4_N2,9
163,moderado,PREEMPCAO,5,T4_S0,9
163,moderado,PREEMPCAO,5,T4_S1,10
164,moderado,PREEMPCAO_COMPENSADA,5,A1_L0,14
164,moderado,PREEMPCAO_COMPENSADA,5,A1_L1,15
164,moderado,PREEMPCAO_COMPENSADA,5,A1_L2,15
164,moderado,PREEMPCAO_COMPENSADA,5,A1_L3,26
164,moderado,PREEMPCAO_COMPENSADA,5,A1_O1,13
164,moderado,PREEMPCAO_COMPENSADA,5,A1_O2,18
164,moderado,PREEMPCAO_COMPENSADA,5,A1_O3,21
164,moderado,PREEMPCAO_COMPENSADA,5,A1_O4,15
164,moderado,PREEMPCAO_COMPENSADA,5,A2_L0,14
164,moderado,PREEMPCAO_COMPENSADA,5,A2_L1,22
164,moderado,PREEMPCAO_COMPENSADA,5,A2_L2,22
164,moderado,PREEMPCAO_COMPENSADA,5,A2_L3,24
164,moderado,PREEMPCAO_COMPENSADA,5,A2_O1,19
164,moderado,PREEMPCAO_COMPENSADA,5,A2_O2,19
164,moderado,PREEMPCAO_COMPENSADA,5,A2_O3,26
164,moderado,PREEMPCAO_COMPENSADA,5,A2_O4,14
164,moderado,PREEMPCAO_COMPENSADA,5,T1_N1,10
164,moderado,PREEMPCAO_COMPENSADA,5,T1_N2,8
164,moderado,PREEMPCAO_COMPENSADA,5,T1_S0,6
164,moderado,PREEMPCAO_COMPENSADA,5,T1_S1,8
164,moderado,PREEMPCAO_COMPENSADA,5,T2_N1,10
164,moderado,PREEMPCAO_COMPENSADA,5,T2_N2,9
164,moderado,PREEMPCAO_COMPENSADA,5,T2_S0,8
164,moderado,PREEMPCAO_COMPENSADA,5,T2_S1,8
164,moderado,PREEMPCAO_COMPENSADA,5,T3_N1,10
164,moderado,PREEMPCAO_COMPENSADA,5,T3_N2,8
164,moderado,PREEMPCAO_COMPENSADA,5,T3_S0,9
164,moderado,PREEMPCAO_COMPENSADA,5,T3_S1,8
164,moderado,PREEMPCAO_COMPENSADA,5,T4_N1,13
164,moderado,PREEMPCAO_COMPENSADA,5,T4_N2,10
164,moderado,PREEMPCAO_COMPENSADA,5,T4_S0,10
164,moderado,PREEMPCAO_COMPENSADA,5,T4_S1,9
165,intenso,FIXO,5,A1_L0,24
165,intenso,FIXO,5,A1_L1,28
165,intenso,FIXO,5,A1_L2,28
165,intenso,FIXO,5,A1_L3,28
165,intenso,FIXO,5,A1_O1,28
165,intenso,FIXO,5,A1_O2,28
165,intenso,FIXO,5,A1_O3,28
165,intenso,FIXO,5,A1_O4,22
165,intenso,FIXO,5,A2_L0,19
165,intenso,FIXO,5,A2_L1,28
165,intenso,FIXO,5,A2_L2,28
165,intenso,FIXO,5,A2_L3,28
165,intenso,FIXO,5,A2_O1,28
165,intenso,FIXO,5,A2_O2,28
165,intenso,FIXO,5,A2_O3,28
165,intenso,FIXO,5,A2_O4,21
165,intenso,FIXO,5,T1_N1,9
165,intenso,FIXO,5,T1_N2,14
165,intenso,FIXO,5,T1_S0,14
165,intenso,FIXO,5,T1_S1,9
165,intenso,FIXO,5,T2_N1,9
165,intenso,FIXO,5,T2_N2,13
165,intenso,FIXO,5,T2_S0,13
165,intenso,FIXO,5,T2_S1,9
165,intenso,FIXO,5,T3_N1,10
165,intenso,FIXO,5,T3_N2,13
165,intenso,FIXO,5,T3_S0,14
165,intenso,FIXO,5,T3_S1,11
165,intenso,FIXO,5,T4_N1,9
165,intenso,FIXO,5,T4_N2,15
165,intenso,FIXO,5,T4_S0,15
165,intenso,FIXO,5,T4_S1,11
166,intenso,PREEMPCAO,5,A1_L0,21
166,intenso,PREEMPCAO,5,A1_L1,25
166,intenso,PREEMPCAO,5,A1_L2,23
166,intenso,PREEMPCAO,5,A1_L3,25
166,intenso,PREEMPCAO,5,A1_O1,27
166,intenso,PREEMPCAO,5,A1_O2,27
166,intenso,PREEMPCAO,5,A1_O3,26
166,intenso,PREEMPCAO,5,A1_O4,20
166,intenso,PREEMPCAO,5,A2_L0,19
166,intenso,PREEMPCAO,5,A2_L1,26
166,intenso,PREEMPCAO,5,A2_L2,27
166,intenso,PREEMPCAO,5,A2_L3,28
166,intenso,PREEMPCAO,5,A2_O1,28
166,intenso,PREEMPCAO,5,A2_O2,26
166,intenso,PREEMPCAO,5,A2_O3,26
166,intenso,PREEMPCAO,5,A2_O4,20
166,intenso,PREEMPCAO,5,T1_N1,11
166,intenso,PREEMPCAO,5,T1_N2,14
166,intenso,PREEMPCAO,5,T1_S0,15
166,intenso,PREEMPCAO,5,T1_S1,13
166,intenso,PREEMPCAO,5,T2_N1,15
166,intenso,PREEMPCAO,5,T2_N2,14
166,intenso,PREEMPCAO,5,T2_S0,13
166,intenso,PREEMPCAO,5,T2_S1,12
166,intenso,PREEMPCAO,5,T3_N1,15
166,intenso,PREEMPCAO,5,T3_N2,14
166,intenso,PREEMPCAO,5,T3_S0,15
166,intenso,PREEMPCAO,5,T3_S1,13
166,intenso,PREEMPCAO,5,T4_N1,10
166,intenso,PREEMPCAO,5,T4_N2,15
166,intenso,PREEMPCAO,5,T4_S0,15
166,intenso,PREEMPCAO,5,T4_S1,14
167,intenso,PREEMPCAO_COMPENSADA,5,A1_L0,28
167,intenso,PREEMPCAO_COMPENSADA,5,A1_L1,28
167,intenso,PREEMPCAO_COMPENSADA,5,A1_L2,29
167,intenso,PREEMPCAO_COMPENSADA,5,A1_L3,25
167,intenso,PREEMPCAO_COMPENSADA,5,A1_O1,27
167,intenso,PREEMPCAO_COMPENSADA,5,A1_O2,29
167,intenso,PREEMPCAO_COMPENSADA,5,A1_O3,28
167,intenso,PREEMPCAO_COMPENSADA,5,A1_O4,26
167,intenso,PREEMPCAO_COMPENSADA,5,A2_L0,30
167,intenso,PREEMPCAO_COMPENSADA,5,A2_L1,28
167,intenso,PREEMPCAO_COMPENSADA,5,A2_L2,28
167,intenso,PREEMPCAO_COMPENSADA,5,A2_L3,28
167,intenso,PREEMPCAO_COMPENSADA,5,A2_O1,26
167,intenso,PREEMPCAO_COMPENSADA,5,A2_O2,26
167,intenso,PREEMPCAO_COMPENSADA,5,A2_O3,28
167,intenso,PREEMPCAO_COMPENSADA,5,A2_O4,25
167,intenso,PREEMPCAO_COMPENSADA,5,T1_N1,14
167,intenso,PREEMPCAO_COMPENSADA,5,T1_N2,13
167,intenso,PREEMPCAO_COMPENSADA,5,T1_S0,15
167,intenso,PREEMPCAO_COMPENSADA,5,T1_S1,14
167,intenso,PREEMPCAO_COMPENSADA,5,T2_N1,15
167,intenso,PREEMPCAO_COMPENSADA,5,T2_N2,13
167,intenso,PREEMPCAO_COMPENSADA,5,T2_S0,13
167,intenso,PREEMPCAO_COMPENSADA,5,T2_S1,12
167,intenso,PREEMPCAO_COMPENSADA,5,T3_N1,15
167,intenso,PREEMPCAO_COMPENSADA,5,T3_N2,14
167,intenso,PREEMPCAO_COMPENSADA,5,T3_S0,15
167,intenso,PREEMPCAO_COMPENSADA,5,T3_S1,11
167,intenso,PREEMPCAO_COMPENSADA,5,T4_N1,15
167,intenso,PREEMPCAO_COMPENSADA,5,T4_N2,15
167,intenso,PREEMPCAO_COMPENSADA,5,T4_S0,15
167,intenso,PREEMPCAO_COMPENSADA,5,T4_S1,15
168,multiplas_emergencias,FIXO,5,A1_L0,19
168,multiplas_emergencias,FIXO,5,A1_L1,24
168,multiplas_emergencias,FIXO,5,A1_L2,25
168,multiplas_emergencias,FIXO,5,A1_L3,25
168,multiplas_emergencias,FIXO,5,A1_O1,20
168,multiplas_emergencias,FIXO,5,A1_O2,20
168,multiplas_emergencias,FIXO,5,A1_O3,21
168,multiplas_emergencias,FIXO,5,A1_O4,14
168,multiplas_emergencias,FIXO,5,A2_L0,15
168,multiplas_emergencias,FIXO,5,A2_L1,22
168,multiplas_emergencias,FIXO,5,A2_L2,22
168,multiplas_emergencias,FIXO,5,A2_L3,23
168,multiplas_emergencias,FIXO,5,A2_O1,22
168,multiplas_emergencias,FIXO,5,A2_O2,22
168,multiplas_emergencias,FIXO,5,A2_O3,22
168,multiplas_emergencias,FIXO,5,A2_O4,12
168,multiplas_emergencias,FIXO,5,T1_N1,8
168,multiplas_emergencias,FIXO,5,T1_N2,7
168,multiplas_emergencias,FIXO,5,T1_S0,7
168,multiplas_emergencias,FIXO,5,T1_S1,8
168,multiplas_emergencias,FIXO,5,T2_N1,9
168,multiplas_emergencias,FIXO,5,T2_N2,9
168,multiplas_emergencias,FIXO,5,T2_S0,9
168,multiplas_emergencias,FIXO,5,T2_S1,9
168,multiplas_emergencias,FIXO,5,T3_N1,9
168,multiplas_emergencias,FIXO,5,T3_N2,9
168,multiplas_emergencias,FIXO,5,T3_S0,9
168,multiplas_emergencias,FIXO,5,T3_S1,8
168,multiplas_emergencias,FIXO,5,T4_N1,8
168,multiplas_emergencias,FIXO,5,T4_N2,9
168,multiplas_emergencias,FIXO,5,T4_S0,7
168,multiplas_emergencias,FIXO,5,T4_S1,9
169,multiplas_emergencias,PREEMPCAO,5,A1_L0,15
169,multiplas_emergencias,PREEMPCAO,5,A1_L1,15
169,multiplas_emergencias,PREEMPCAO,5,A1_L2,15
169,multiplas_emergencias,PREEMPCAO,5,A1_L3,15
169,multiplas_emergencias,PREEMPCAO,5,A1_O1,13
169,multiplas_emergencias,PREEMPCAO,5,A1_O2,15
169,multiplas_emergencias,PREEMPCAO,5,A1_O3,18
169,multiplas_emergencias,PREEMPCAO,5,A1_O4,15
169,multiplas_emergencias,PREEMPCAO,5,A2_L0,14
169,multiplas_emergencias,PREEMPCAO,5,A2_L1,22
169,multiplas_emergencias,PREEMPCAO,5,A2_L2,18
169,multiplas_emergencias,PREEMPCAO,5,A2_L3,18
169,multiplas_emergencias,PREEMPCAO,5,A2_O1,19
169,multiplas_emergencias,PREEMPCAO,5,A2_O2,19
169,multiplas_emergencias,PREEMPCAO,5,A2_O3,19
169,multiplas_emergencias,PREEMPCAO,5,A2_O4,13
169,multiplas_emergencias,PREEMPCAO,5,T1_N1,12
169,multiplas_emergencias,PREEMPCAO,5,T1_N2,10
169,multiplas_emergencias,PREEMPCAO,5,T1_S0,6
169,multiplas_emergencias,PREEMPCAO,5,T1_S1,8
169,multiplas_emergencias,PREEMPCAO,5,T2_N1,11
169,multiplas_emergencias,PREEMPCAO,5,T2_N2,10
169,multiplas_emergencias,PREEMPCAO,5,T2_S0,6
169,multiplas_emergencias,PREEMPCAO,5,T2_S1,8
169,multiplas_emergencias,PREEMPCAO,5,T3_N1,11
169,multiplas_emergencias,PREEMPCAO,5,T3_N2,8
169,multiplas_emergencias,PREEMPCAO,5,T3_S0,9
169,multiplas_emergencias,PREEMPCAO,5,T3_S1,11
169,multiplas_emergencias,PREEMPCAO,5,T4_N1,11
169,multiplas_emergencias,PREEMPCAO,5,T4_N2,8
169,multiplas_emergencias,PREEMPCAO,5,T4_S0,7
169,multiplas_emergencias,PREEMPCAO,5,T4_S1,10
170,multiplas_emergencias,PREEMPCAO_COMPENSADA,5,A1_L0,14
170,multiplas_emergencias,PREEMPCAO_COMPENSADA,5,A1_L1,19
170,multiplas_emergencias,PREEMPCAO_COMPENSADA,5,A1_L2,25
170,multiplas_emergencias,PREEMPCAO_COMPENSADA,5,A1_L3,15
170,multiplas_emergencias,PREEMPCAO_COMPENSADA,5,A1_O1,19
170,multiplas_emergencias,PREEMPCAO_COMPENSADA,5,A1_O2,21
170,multiplas_emergencias,PREEMPCAO_COMPENSADA,5,A1_O3,18
170,multiplas_emergencias,PREEMPCAO_COMPENSADA,5,A1_O4,14
170,multiplas_emergencias,PREEMPCAO_COMPENSADA,5,A2_L0,16
170,multiplas_emergencias,PREEMPCAO_COMPENSADA,5,A2_L1,22
170,multiplas_emergencias,PREEMPCAO_COMPENSADA,5,A2_L2,21
170,multiplas_emergencias,PREEMPCAO_COMPENSADA,5,A2_L3,19
170,multiplas_emergencias,PREEMPCAO_COMPENSADA,5,A2_O1,19
170,multiplas_emergencias,PREEMPCAO_COMPENSADA,5,A2_O2,21
170,multiplas_emergencias,PREEMPCAO_COMPENSADA,5,A2_O3,21
170,multiplas_emergencias,PREEMPCAO_COMPENSADA,5,A2_O4,12
170,multiplas_emergencias,PREEMPCAO_COMPENSADA,5,T1_N1,12
170,multiplas_emergencias,PREEMPCAO_COMPENSADA,5,T1_N2,10
170,multiplas_emergencias,PREEMPCAO_COMPENSADA,5,T1_S0,6
170,multiplas_emergencias,PREEMPCAO_COMPENSADA,5,T1_S1,10
170,multiplas_emergencias,PREEMPCAO_COMPENSADA,5,T2_N1,13
170,multiplas_emergencias,PREEMPCAO_COMPENSADA,5,T2_N2,10
170,multiplas_emergencias,PREEMPCAO_COMPENSADA,5,T2_S0,9
170,multiplas_emergencias,PREEMPCAO_COMPENSADA,5,T2_S1,12
170,multiplas_emergencias,PREEMPCAO_COMPENSADA,5,T3_N1,9
170,multiplas_emergencias,PREEMPCAO_COMPENSADA,5,T3_N2,9
170,multiplas_emergencias,PREEMPCAO_COMPENSADA,5,T3_S0,9
170,multiplas_emergencias,PREEMPCAO_COMPENSADA,5,T3_S1,11
170,multiplas_emergencias,PREEMPCAO_COMPENSADA,5,T4_N1,9
170,multiplas_emergencias,PREEMPCAO_COMPENSADA,5,T4_N2,9
170,multiplas_emergencias,PREEMPCAO_COMPENSADA,5,T4_S0,8
170,multiplas_emergencias,PREEMPCAO_COMPENSADA,5,T4_S1,8
171,multiplas_emergencias,PREEMPCAO_ML,5,A1_L0,15
171,multiplas_emergencias,PREEMPCAO_ML,5,A1_L1,22
171,multiplas_emergencias,PREEMPCAO_ML,5,A1_L2,16
171,multiplas_emergencias,PREEMPCAO_ML,5,A1_L3,15
171,multiplas_emergencias,PREEMPCAO_ML,5,A1_O1,19
171,multiplas_emergencias,PREEMPCAO_ML,5,A1_O2,18
171,multiplas_emergencias,PREEMPCAO_ML,5,A1_O3,18
171,multiplas_emergencias,PREEMPCAO_ML,5,A1_O4,15
171,multiplas_emergencias,PREEMPCAO_ML,5,A2_L0,16
171,multiplas_emergencias,PREEMPCAO_ML,5,A2_L1,22
171,multiplas_emergencias,PREEMPCAO_ML,5,A2_L2,18
171,multiplas_emergencias,PREEMPCAO_ML,5,A2_L3,20
171,multiplas_emergencias,PREEMPCAO_ML,5,A2_O1,19
171,multiplas_emergencias,PREEMPCAO_ML,5,A2_O2,19
171,multiplas_emergencias,PREEMPCAO_ML,5,A2_O3,19
171,multiplas_emergencias,PREEMPCAO_ML,5,A2_O4,12
171,multiplas_emergencias,PREEMPCAO_ML,5,T1_N1,10
171,multiplas_emergencias,PREEMPCAO_ML,5,T1_N2,8
171,multiplas_emergencias,PREEMPCAO_ML,5,T1_S0,6
171,multiplas_emergencias,PREEMPCAO_ML,5,T1_S1,8
171,multiplas_emergencias,PREEMPCAO_ML,5,T2_N1,8
171,multiplas_emergencias,PREEMPCAO_ML,5,T2_N2,8
171,multiplas_emergencias,PREEMPCAO_ML,5,T2_S0,7
171,multiplas_emergencias,PREEMPCAO_ML,5,T2_S1,8
171,multiplas_emergencias,PREEMPCAO_ML,5,T3_N1,11
171,multiplas_emergencias,PREEMPCAO_ML,5,T3_N2,8
171,multiplas_emergencias,PREEMPCAO_ML,5,T3_S0,9
171,multiplas_emergencias,PREEMPCAO_ML,5,T3_S1,9
171,multiplas_emergencias,PREEMPCAO_ML,5,T4_N1,11
171,multiplas_emergencias,PREEMPCAO_ML,5,T4_N2,8
171,multiplas_emergencias,PREEMPCAO_ML,5,T4_S0,7
171,multiplas_emergencias,PREEMPCAO_ML,5,T4_S1,7
172,leve,FIXO,6,A1_L0,6
172,leve,FIXO,6,A1_L1,13
172,leve,FIXO,6,A1_L2,13
172,leve,FIXO,6,A1_L3,13
172,leve,FIXO,6,A1_O1,12
172,leve,FIXO,6,A1_O2,12
172,leve,FIXO,6,A1_O3,12
172,leve,FIXO,6,A1_O4,9
172,leve,FIXO,6,A2_L0,7
172,leve,FIXO,6,A2_L1,10
172,leve,FIXO,6,A2_L2,10
172,leve,FIXO,6,A2_L3,10
172,leve,FIXO,6,A2_O1,11
172,leve,FIXO,6,A2_O2,11
172,leve,FIXO,6,A2_O3,11
172,leve,FIXO,6,A2_O4,9
172,leve,FIXO,6,T1_N1,6
172,leve,FIXO,6,T1_N2,5
172,leve,FIXO,6,T1_S0,4
172,leve,FIXO,6,T1_S1,7
172,leve,FIXO,6,T2_N1,6
172,leve,FIXO,6,T2_N2,5
172,leve,FIXO,6,T2_S0,4
172,leve,FIXO,6,T2_S1,5
172,leve,FIXO,6,T3_N1,6
172,leve,FIXO,6,T3_N2,5
172,leve,FIXO,6,T3_S0,4
172,leve,FIXO,6,T3_S1,7
172,leve,FIXO,6,T4_N1,4
172,leve,FIXO,6,T4_N2,6
172,leve,FIXO,6,T4_S0,7
172,leve,FIXO,6,T4_S1,5
173,leve,PREEMPCAO,6,A1_L0,7
173,leve,PREEMPCAO,6,A1_L1,7
173,leve,PREEMPCAO,6,A1_L2,7
173,leve,PREEMPCAO,6,A1_L3,7
173,leve,PREEMPCAO,6,A1_O1,7
173,leve,PREEMPCAO,6,A1_O2,11
173,leve,PREEMPCAO,6,A1_O3,11
173,leve,PREEMPCAO,6,A1_O4,9
173,leve,PREEMPCAO,6,A2_L0,7
173,leve,PREEMPCAO,6,A2_L1,9
173,leve,PREEMPCAO,6,A2_L2,9
173,leve,PREEMPCAO,6,A2_L3,15
173,leve,PREEMPCAO,6,A2_O1,11
173,leve,PREEMPCAO,6,A2_O2,11
173,leve,PREEMPCAO,6,A2_O3,11
173,leve,PREEMPCAO,6,A2_O4,9
173,leve,PREEMPCAO,6,T1_N1,6
173,leve,PREEMPCAO,6,T1_N2,5
173,leve,PREEMPCAO,6,T1_S0,4
173,leve,PREEMPCAO,6,T1_S1,5
173,leve,PREEMPCAO,6,T2_N1,4
173,leve,PREEMPCAO,6,T2_N2,4
173,leve,PREEMPCAO,6,T2_S0,4
173,leve,PREEMPCAO,6,T2_S1,5
173,leve,PREEMPCAO,6,T3_N1,3
173,leve,PREEMPCAO,6,T3_N2,4
173,leve,PREEMPCAO,6,T3_S0,6
173,leve,PREEMPCAO,6,T3_S1,7
173,leve,PREEMPCAO,6,T4_N1,5
173,leve,PREEMPCAO,6,T4_N2,4
173,leve,PREEMPCAO,6,T4_S0,7
173,leve,PREEMPCAO,6,T4_S1,6
174,leve,PREEMPCAO_COMPENSADA,6,A1_L0,9
174,leve,PREEMPCAO_COMPENSADA,6,A1_L1,7
174,leve,PREEMPCAO_COMPENSADA,6,A1_L2,9
174,leve,PREEMPCAO_COMPENSADA,6,A1_L3,11
174,leve,PREEMPCAO_COMPENSADA,6,A1_O1,14
174,leve,PREEMPCAO_COMPENSADA,6,A1_O2,14
174,leve,PREEMPCAO_COMPENSADA,6,A1_O3,11
174,leve,PREEMPCAO_COMPENSADA,6,A1_O4,9
174,leve,PREEMPCAO_COMPENSADA,6,A2_L0,7
174,leve,PREEMPCAO_COMPENSADA,6,A2_L1,9
174,leve,PREEMPCAO_COMPENSADA,6,A2_L2,10
174,leve,PREEMPCAO_COMPENSADA,6,A2_L3,15
174,leve,PREEMPCAO_COMPENSADA,6,A2_O1,11
174,leve,PREEMPCAO_COMPENSADA,6,A2_O2,11
174,leve,PREEMPCAO_COMPENSADA,6,A2_O3,11
174,leve,PREEMPCAO_COMPENSADA,6,A2_O4,7
174,leve,PREEMPCAO_COMPENSADA,6,T1_N1,6
174,leve,PREEMPCAO_COMPENSADA,6,T1_N2,8
174,leve,PREEMPCAO_COMPENSADA,6,T1_S0,6
174,leve,PREEMPCAO_COMPENSADA,6,T1_S1,5
174,leve,PREEMPCAO_COMPENSADA,6,T2_N1,6
174,leve,PREEMPCAO_COMPENSADA,6,T2_N2,6
174,leve,PREEMPCAO_COMPENSADA,6,T2_S0,3
174,leve,PREEMPCAO_COMPENSADA,6,T2_S1,4
174,leve,PREEMPCAO_COMPENSADA,6,T3_N1,7
174,leve,PREEMPCAO_COMPENSADA,6,T3_N2,5
174,leve,PREEMPCAO_COMPENSADA,6,T3_S0,5
174,leve,PREEMPCAO_COMPENSADA,6,T3_S1,8
174,leve,PREEMPCAO_COMPENSADA,6,T4_N1,7
174,leve,PREEMPCAO_COMPENSADA,6,T4_N2,4
174,leve,PREEMPCAO_COMPENSADA,6,T4_S0,7
174,leve,PREEMPCAO_COMPENSADA,6,T4_S1,7
175,moderado,FIXO,6,A1_L0,12
175,moderado,FIXO,6,A1_L1,23
175,moderado,FIXO,6,A1_L2,23
175,moderado,FIXO,6,A1_L3,23
175,moderado,FIXO,6,A1_O1,20
175,moderado,FIXO,6,A1_O2,20
175,moderado,FIXO,6,A1_O3,20
175,moderado,FIXO,6,A1_O4,11
175,moderado,FIXO,6,A2_L0,12
175,moderado,FIXO,6,A2_L1,21
175,moderado,FIXO,6,A2_L2,21
175,moderado,FIXO,6,A2_L3,21
175,moderado,FIXO,6,A2_O1,21
175,moderado,FIXO,6,A2_O2,21
175,moderado,FIXO,6,A2_O3,21
175,moderado,FIXO,6,A2_O4,13
175,moderado,FIXO,6,T1_N1,8
175,moderado,FIXO,6,T1_N2,10
175,moderado,FIXO,6,T1_S0,9
175,moderado,FIXO,6,T1_S1,8
175,moderado,FIXO,6,T2_N1,8
175,moderado,FIXO,6,T2_N2,12
175,moderado,FIXO,6,T2_S0,7
175,moderado,FIXO,6,T2_S1,8
175,moderado,FIXO,6,T3_N1,9
175,moderado,FIXO,6,T3_N2,9
175,moderado,FIXO,6,T3_S0,6
175,moderado,FIXO,6,T3_S1,9
175,moderado,FIXO,6,T4_N1,8
175,moderado,FIXO,6,T4_N2,8
175,moderado,FIXO,6,T4_S0,7
175,moderado,FIXO,6,T4_S1,8
176,moderado,PREEMPCAO,6,A1_L0,16
176,moderado,PREEMPCAO,6,A1_L1,14
176,moderado,PREEMPCAO,6,A1_L2,14
176,moderado,PREEMPCAO,6,A1_L3,17
176,moderado,PREEMPCAO,6,A1_O1,16
176,moderado,PREEMPCAO,6,A1_O2,19
176,moderado,PREEMPCAO,6,A1_O3,19
176,moderado,PREEMPCAO,6,A1_O4,13
176,moderado,PREEMPCAO,6,A2_L0,11
176,moderado,PREEMPCAO,6,A2_L1,18
176,moderado,PREEMPCAO,6,A2_L2,18
176,moderado,PREEMPCAO,6,A2_L3,23
176,moderado,PREEMPCAO,6,A2_O1,15
176,moderado,PREEMPCAO,6,A2_O2,15
176,moderado,PREEMPCAO,6,A2_O3,20
176,moderado,PREEMPCAO,6,A2_O4,16
176,moderado,PREEMPCAO,6,T1_N1,9
176,moderado,PREEMPCAO,6,T1_N2,10
176,moderado,PREEMPCAO,6,T1_S0,11
176,moderado,PREEMPCAO,6,T1_S1,9
176,moderado,PREEMPCAO,6,T2_N1,10
176,moderado,PREEMPCAO,6,T2_N2,11
176,moderado,PREEMPCAO,6,T2_S0,8
176,moderado,PREEMPCAO,6,T2_S1,8
176,moderado,PREEMPCAO,6,T3_N1,11
176,moderado,PREEMPCAO,6,T3_N2,8
176,moderado,PREEMPCAO,6,T3_S0,10
176,moderado,PREEMPCAO,6,T3_S1,8
176,moderado,PREEMPCAO,6,T4_N1,8
176,moderado,PREEMPCAO,6,T4_N2,8
176,moderado,PREEMPCAO,6,T4_S0,7
176,moderado,PREEMPCAO,6,T4_S1,10
177,moderado,PREEMPCAO_COMPENSADA,6,A1_L0,12
177,moderado,PREEMPCAO_COMPENSADA,6,A1_L1,22
177,moderado,PREEMPCAO_COMPENSADA,6,A1_L2,14
177,moderado,PREEMPCAO_COMPENSADA,6,A1_L3,17
177,moderado,PREEMPCAO_COMPENSADA,6,A1_O1,22
177,moderado,PREEMPCAO_COMPENSADA,6,A1_O2,19
177,moderado,PREEMPCAO_COMPENSADA,6,A1_O3,20
177,moderado,PREEMPCAO_COMPENSADA,6,A1_O4,19
177,moderado,PREEMPCAO_COMPENSADA,6,A2_L0,14
177,moderado,PREEMPCAO_COMPENSADA,6,A2_L1,18
177,moderado,PREEMPCAO_COMPENSADA,6,A2_L2,20
177,moderado,PREEMPCAO_COMPENSADA,6,A2_L3,21
177,moderado,PREEMPCAO_COMPENSADA,6,A2_O1,15
177,moderado,PREEMPCAO_COMPENSADA,6,A2_O2,20
177,moderado,PREEMPCAO_COMPENSADA,6,A2_O3,21
177,moderado,PREEMPCAO_COMPENSADA,6,A2_O4,15
177,moderado,PREEMPCAO_COMPENSADA,6,T1_N1,9
177,moderado,PREEMPCAO_COMPENSADA,6,T1_N2,9
177,moderado,PREEMPCAO_COMPENSADA,6,T1_S0,9
177,moderado,PREEMPCAO_COMPENSADA,6,T1_S1,11
177,moderado,PREEMPCAO_COMPENSADA,6,T2_N1,10
177,moderado,PREEMPCAO_COMPENSADA,6,T2_N2,10
177,moderado,PREEMPCAO_COMPENSADA,6,T2_S0,7
177,moderado,PREEMPCAO_COMPENSADA,6,T2_S1,9
177,moderado,PREEMPCAO_COMPENSADA,6,T3_N1,12
177,moderado,PREEMPCAO_COMPENSADA,6,T3_N2,8
177,moderado,PREEMPCAO_COMPENSADA,6,T3_S0,8
177,moderado,PREEMPCAO_COMPENSADA,6,T3_S1,10
177,moderado,PREEMPCAO_COMPENSADA,6,T4_N1,10
177,moderado,PREEMPCAO_COMPENSADA,6,T4_N2,9
177,moderado,PREEMPCAO_COMPENSADA,6,T4_S0,8
177,moderado,PREEMPCAO_COMPENSADA,6,T4_S1,9
178,intenso,FIXO,6,A1_L0,22
178,intenso,FIXO,6,A1_L1,27
178,intenso,FIXO,6,A1_L2,27
178,intenso,FIXO,6,A1_L3,27
178,intenso,FIXO,6,A1_O1,28
178,intenso,FIXO,6,A1_O2,28
178,intenso,FIXO,6,A1_O3,28
178,intenso,FIXO,6,A1_O4,20
178,intenso,FIXO,6,A2_L0,23
178,intenso,FIXO,6,A2_L1,28
178,intenso,FIXO,6,A2_L2,28
178,intenso,FIXO,6,A2_L3,28
178,intenso,FIXO,6,A2_O1,28
178,intenso,FIXO,6,A2_O2,28
178,intenso,FIXO,6,A2_O3,28
178,intenso,FIXO,6,A2_O4,20
178,intenso,FIXO,6,T1_N1,9
178,intenso,FIXO,6,T1_N2,14
178,intenso,FIXO,6,T1_S0,14
178,intenso,FIXO,6,T1_S1,9
178,intenso,FIXO,6,T2_N1,9
178,intenso,FIXO,6,T2_N2,15
178,intenso,FIXO,6,T2_S0,14
178,intenso,FIXO,6,T2_S1,9
178,intenso,FIXO,6,T3_N1,12
178,intenso,FIXO,6,T3_N2,15
178,intenso,FIXO,6,T3_S0,15
178,intenso,FIXO,6,T3_S1,9
178,intenso,FIXO,6,T4_N1,9
178,intenso,FIXO,6,T4_N2,13
178,intenso,FIXO,6,T4_S0,13
178,intenso,FIXO,6,T4_S1,10
179,intenso,PREEMPCAO,6,A1_L0,24
179,intenso,PREEMPCAO,6,A1_L1,24
179,intenso,PREEMPCAO,6,A1_L2,24
179,intenso,PREEMPCAO,6,A1_L3,25
179,intenso,PREEMPCAO,6,A1_O1,27
179,intenso,PREEMPCAO,6,A1_O2,26
179,intenso,PREEMPCAO,6,A1_O3,26
179,intenso,PREEMPCAO,6,A1_O4,22
179,intenso,PREEMPCAO,6,A2_L0,21
179,intenso,PREEMPCAO,6,A2_L1,28
179,intenso,PREEMPCAO,6,A2_L2,27
179,intenso,PREEMPCAO,6,A2_L3,28
179,intenso,PREEMPCAO,6,A2_O1,26
179,intenso,PREEMPCAO,6,A2_O2,26
179,intenso,PREEMPCAO,6,A2_O3,26
179,intenso,PREEMPCAO,6,A2_O4,25
179,intenso,PREEMPCAO,6,T1_N1,15
179,intenso,PREEMPCAO,6,T1_N2,15
179,intenso,PREEMPCAO,6,T1_S0,15
179,intenso,PREEMPCAO,6,T1_S1,13
179,intenso,PREEMPCAO,6,T2_N1,15
179,intenso,PREEMPCAO,6,T2_N2,15
179,intenso,PREEMPCAO,6,T2_S0,15
179,intenso,PREEMPCAO,6,T2_S1,13
179,intenso,PREEMPCAO,6,T3_N1,15
179,intenso,PREEMPCAO,6,T3_N2,15
179,intenso,PREEMPCAO,6,T3_S0,15
179,intenso,PREEMPCAO,6,T3_S1,15
179,intenso,PREEMPCAO,6,T4_N1,11
179,intenso,PREEMPCAO,6,T4_N2,13
179,intenso,PREEMPCAO,6,T4_S0,15
179,intenso,PREEMPCAO,6,T4_S1,14
180,intenso,PREEMPCAO_COMPENSADA,6,A1_L0,25
180,intenso,PREEMPCAO_COMPENSADA,6,A1_L1,28
180,intenso,PREEMPCAO_COMPENSADA,6,A1_L2,28
180,intenso,PREEMPCAO_COMPENSADA,6,A1_L3,26
180,intenso,PREEMPCAO_COMPENSADA,6,A1_O1,27
180,intenso,PREEMPCAO_COMPENSADA,6,A1_O2,26
180,intenso,PREEMPCAO_COMPENSADA,6,A1_O3,27
180,intenso,PREEMPCAO_COMPENSADA,6,A1_O4,26
180,intenso,PREEMPCAO_COMPENSADA,6,A2_L0,30
180,intenso,PREEMPCAO_COMPENSADA,6,A2_L1,28
180,intenso,PREEMPCAO_COMPENSADA,6,A2_L2,27
180,intenso,PREEMPCAO_COMPENSADA,6,A2_L3,28
180,intenso,PREEMPCAO_COMPENSADA,6,A2_O1,29
180,intenso,PREEMPCAO_COMPENSADA,6,A2_O2,26
180,intenso,PREEMPCAO_COMPENSADA,6,A2_O3,30
180,intenso,PREEMPCAO_COMPENSADA,6,A2_O4,20
180,intenso,PREEMPCAO_COMPENSADA,6,T1_N1,15
180,intenso,PREEMPCAO_COMPENSADA,6,T1_N2,15
180,intenso,PREEMPCAO_COMPENSADA,6,T1_S0,15
180,intenso,PREEMPCAO_COMPENSADA,6,T1_S1,14
180,intenso,PREEMPCAO_COMPENSADA,6,T2_N1,15
180,intenso,PREEMPCAO_COMPENSADA,6,T2_N2,15
180,intenso,PREEMPCAO_COMPENSADA,6,T2_S0,13
180,intenso,PREEMPCAO_COMPENSADA,6,T2_S1,15
180,intenso,PREEMPCAO_COMPENSADA,6,T3_N1,15
180,intenso,PREEMPCAO_COMPENSADA,6,T3_N2,15
180,intenso,PREEMPCAO_COMPENSADA,6,T3_S0,15
180,intenso,PREEMPCAO_COMPENSADA,6,T3_S1,15
180,intenso,PREEMPCAO_COMPENSADA,6,T4_N1,13
180,intenso,PREEMPCAO_COMPENSADA,6,T4_N2,15
180,intenso,PREEMPCAO_COMPENSADA,6,T4_S0,13
180,intenso,PREEMPCAO_COMPENSADA,6,T4_S1,15
181,multiplas_emergencias,FIXO,6,A1_L0,12
181,multiplas_emergencias,FIXO,6,A1_L1,23
181,multiplas_emergencias,FIXO,6,A1_L2,23
181,multiplas_emergencias,FIXO,6,A1_L3,23
181,multiplas_emergencias,FIXO,6,A1_O1,20
181,multiplas_emergencias,FIXO,6,A1_O2,20
181,multiplas_emergencias,FIXO,6,A1_O3,20
181,multiplas_emergencias,FIXO,6,A1_O4,11
181,multiplas_emergencias,FIXO,6,A2_L0,12
181,multiplas_emergencias,FIXO,6,A2_L1,21
181,multiplas_emergencias,FIXO,6,A2_L2,21
181,multiplas_emergencias,FIXO,6,A2_L3,21
181,multiplas_emergencias,FIXO,6,A2_O1,21
181,multiplas_emergencias,FIXO,6,A2_O2,21
181,multiplas_emergencias,FIXO,6,A2_O3,21
181,multiplas_emergencias,FIXO,6,A2_O4,13
181,multiplas_emergencias,FIXO,6,T1_N1,8
181,multiplas_emergencias,FIXO,6,T1_N2,10
181,multiplas_emergencias,FIXO,6,T1_S0,9
181,multiplas_emergencias,FIXO,6,T1_S1,8
181,multiplas_emergencias,FIXO,6,T2_N1,8
181,multiplas_emergencias,FIXO,6,T2_N2,12
181,multiplas_emergencias,FIXO,6,T2_S0,7
181,multiplas_emergencias,FIXO,6,T2_S1,9
181,multiplas_emergencias,FIXO,6,T3_N1,9
181,multiplas_emergencias,FIXO,6,T3_N2,9
181,multiplas_emergencias,FIXO,6,T3_S0,6
181,multiplas_emergencias,FIXO,6,T3_S1,9
181,multiplas_emergencias,FIXO,6,T4_N1,8
181,multiplas_emergencias,FIXO,6,T4_N2,8
181,multiplas_emergencias,FIXO,6,T4_S0,7
181,multiplas_emergencias,FIXO,6,T4_S1,8
182,multiplas_emergencias,PREEMPCAO,6,A1_L0,16
182,multiplas_emergencias,PREEMPCAO,6,A1_L1,15
182,multiplas_emergencias,PREEMPCAO,6,A1_L2,14
182,multiplas_emergencias,PREEMPCAO,6,A1_L3,15
182,multiplas_emergencias,PREEMPCAO,6,A1_O1,16
182,multiplas_emergencias,PREEMPCAO,6,A1_O2,19
182,multiplas_emergencias,PREEMPCAO,6,A1_O3,19
182,multiplas_emergencias,PREEMPCAO,6,A1_O4,12
182,multiplas_emergencias,PREEMPCAO,6,A2_L0,12
182,multiplas_emergencias,PREEMPCAO,6,A2_L1,18
182,multiplas_emergencias,PREEMPCAO,6,A2_L2,18
182,multiplas_emergencias,PREEMPCAO,6,A2_L3,22
182,multiplas_emergencias,PREEMPCAO,6,A2_O1,15
182,multiplas_emergencias,PREEMPCAO,6,A2_O2,15
182,multiplas_emergencias,PREEMPCAO,6,A2_O3,19
182,multiplas_emergencias,PREEMPCAO,6,A2_O4,12
182,multiplas_emergencias,PREEMPCAO,6,T1_N1,10
182,multiplas_emergencias,PREEMPCAO,6,T1_N2,10
182,multiplas_emergencias,PREEMPCAO,6,T1_S0,11
182,multiplas_emergencias,PREEMPCAO,6,T1_S1,8
182,multiplas_emergencias,PREEMPCAO,6,T2_N1,13
182,multiplas_emergencias,PREEMPCAO,6,T2_N2,11
182,multiplas_emergencias,PREEMPCAO,6,T2_S0,6
182,multiplas_emergencias,PREEMPCAO,6,T2_S1,8
182,multiplas_emergencias,PREEMPCAO,6,T3_N1,9
182,multiplas_emergencias,PREEMPCAO,6,T3_N2,9
182,multiplas_emergencias,PREEMPCAO,6,T3_S0,8
182,multiplas_emergencias,PREEMPCAO,6,T3_S1,10
182,multiplas_emergencias,PREEMPCAO,6,T4_N1,12
182,multiplas_emergencias,PREEMPCAO,6,T4_N2,8
182,multiplas_emergencias,PREEMPCAO,6,T4_S0,7
182,multiplas_emergencias,PREEMPCAO,6,T4_S1,7
183,multiplas_emergencias,PREEMPCAO_COMPENSADA,6,A1_L0,12
183,multiplas_emergencias,PREEMPCAO_COMPENSADA,6,A1_L1,22
183,multiplas_emergencias,PREEMPCAO_COMPENSADA,6,A1_L2,20
183,multiplas_emergencias,PREEMPCAO_COMPENSADA,6,A1_L3,14
183,multiplas_emergencias,PREEMPCAO_COMPENSADA,6,A1_O1,26
183,multiplas_emergencias,PREEMPCAO_COMPENSADA,6,A1_O2,22
183,multiplas_emergencias,PREEMPCAO_COMPENSADA,6,A1_O3,19
183,multiplas_emergencias,PREEMPCAO_COMPENSADA,6,A1_O4,16
183,multiplas_emergencias,PREEMPCAO_COMPENSADA,6,A2_L0,16
183,multiplas_emergencias,PREEMPCAO_COMPENSADA,6,A2_L1,22
183,multiplas_emergencias,PREEMPCAO_COMPENSADA,6,A2_L2,25
183,multiplas_emergencias,PREEMPCAO_COMPENSADA,6,A2_L3,18
183,multiplas_emergencias,PREEMPCAO_COMPENSADA,6,A2_O1,22
183,multiplas_emergencias,PREEMPCAO_COMPENSADA,6,A2_O2,19
183,multiplas_emergencias,PREEMPCAO_COMPENSADA,6,A2_O3,22
183,multiplas_emergencias,PREEMPCAO_COMPENSADA,6,A2_O4,15
183,multiplas_emergencias,PREEMPCAO_COMPENSADA,6,T1_N1,10
183,multiplas_emergencias,PREEMPCAO_COMPENSADA,6,T1_N2,9
183,multiplas_emergencias,PREEMPCAO_COMPENSADA,6,T1_S0,9
183,multiplas_emergencias,PREEMPCAO_COMPENSADA,6,T1_S1,11
183,multiplas_emergencias,PREEMPCAO_COMPENSADA,6,T2_N1,12
183,multiplas_emergencias,PREEMPCAO_COMPENSADA,6,T2_N2,12
183,multiplas_emergencias,PREEMPCAO_COMPENSADA,6,T2_S0,9
183,multiplas_emergencias,PREEMPCAO_COMPENSADA,6,T2_S1,9
183,multiplas_emergencias,PREEMPCAO_COMPENSADA,6,T3_N1,11
183,multiplas_emergencias,PREEMPCAO_COMPENSADA,6,T3_N2,9
183,multiplas_emergencias,PREEMPCAO_COMPENSADA,6,T3_S0,9
183,multiplas_emergencias,PREEMPCAO_COMPENSADA,6,T3_S1,12
183,multiplas_emergencias,PREEMPCAO_COMPENSADA,6,T4_N1,11
183,multiplas_emergencias,PREEMPCAO_COMPENSADA,6,T4_N2,8
183,multiplas_emergencias,PREEMPCAO_COMPENSADA,6,T4_S0,7
183,multiplas_emergencias,PREEMPCAO_COMPENSADA,6,T4_S1,10
184,multiplas_emergencias,PREEMPCAO_ML,6,A1_L0,16
184,multiplas_emergencias,PREEMPCAO_ML,6,A1_L1,14
184,multiplas_emergencias,PREEMPCAO_ML,6,A1_L2,16
184,multiplas_emergencias,PREEMPCAO_ML,6,A1_L3,14
184,multiplas_emergencias,PREEMPCAO_ML,6,A1_O1,16
184,multiplas_emergencias,PREEMPCAO_ML,6,A1_O2,19
184,multiplas_emergencias,PREEMPCAO_ML,6,A1_O3,19
184,multiplas_emergencias,PREEMPCAO_ML,6,A1_O4,13
184,multiplas_emergencias,PREEMPCAO_ML,6,A2_L0,12
184,multiplas_emergencias,PREEMPCAO_ML,6,A2_L1,18
184,multiplas_emergencias,PREEMPCAO_ML,6,A2_L2,18
184,multiplas_emergencias,PREEMPCAO_ML,6,A2_L3,18
184,multiplas_emergencias,PREEMPCAO_ML,6,A2_O1,15
184,multiplas_emergencias,PREEMPCAO_ML,6,A2_O2,15
184,multiplas_emergencias,PREEMPCAO_ML,6,A2_O3,15
184,multiplas_emergencias,PREEMPCAO_ML,6,A2_O4,12
184,multiplas_emergencias,PREEMPCAO_ML,6,T1_N1,10
184,multiplas_emergencias,PREEMPCAO_ML,6,T1_N2,10
184,multiplas_emergencias,PREEMPCAO_ML,6,T1_S0,11
184,multiplas_emergencias,PREEMPCAO_ML,6,T1_S1,6
184,multiplas_emergencias,PREEMPCAO_ML,6,T2_N1,11
184,multiplas_emergencias,PREEMPCAO_ML,6,T2_N2,12
184,multiplas_emergencias,PREEMPCAO_ML,6,T2_S0,7
184,multiplas_emergencias,PREEMPCAO_ML,6,T2_S1,6
184,multiplas_emergencias,PREEMPCAO_ML,6,T3_N1,10
184,multiplas_emergencias,PREEMPCAO_ML,6,T3_N2,8
184,multiplas_emergencias,PREEMPCAO_ML,6,T3_S0,8
184,multiplas_emergencias,PREEMPCAO_ML,6,T3_S1,8
184,multiplas_emergencias,PREEMPCAO_ML,6,T4_N1,13
184,multiplas_emergencias,PREEMPCAO_ML,6,T4_N2,8
184,multiplas_emergencias,PREEMPCAO_ML,6,T4_S0,7
184,multiplas_emergencias,PREEMPCAO_ML,6,T4_S1,7
185,leve,FIXO,7,A1_L0,12
185,leve,FIXO,7,A1_L1,16
185,leve,FIXO,7,A1_L2,16
185,leve,FIXO,7,A1_L3,17
185,leve,FIXO,7,A1_O1,12
185,leve,FIXO,7,A1_O2,12
185,leve,FIXO,7,A1_O3,12
185,leve,FIXO,7,A1_O4,10
185,leve,FIXO,7,A2_L0,8
185,leve,FIXO,7,A2_L1,13
185,leve,FIXO,7,A2_L2,13
185,leve,FIXO,7,A2_L3,13
185,leve,FIXO,7,A2_O1,13
185,leve,FIXO,7,A2_O2,13
185,leve,FIXO,7,A2_O3,13
185,leve,FIXO,7,A2_O4,8
185,leve,FIXO,7,T1_N1,6
185,leve,FIXO,7,T1_N2,4
185,leve,FIXO,7,T1_S0,4
185,leve,FIXO,7,T1_S1,6
185,leve,FIXO,7,T2_N1,6
185,leve,FIXO,7,T2_N2,6
185,leve,FIXO,7,T2_S0,6
185,leve,FIXO,7,T2_S1,7
185,leve,FIXO,7,T3_N1,6
185,leve,FIXO,7,T3_N2,5
185,leve,FIXO,7,T3_S0,4
185,leve,FIXO,7,T3_S1,6
185,leve,FIXO,7,T4_N1,7
185,leve,FIXO,7,T4_N2,6
185,leve,FIXO,7,T4_S0,4
185,leve,FIXO,7,T4_S1,5
186,leve,PREEMPCAO,7,A1_L0,9
186,leve,PREEMPCAO,7,A1_L1,14
186,leve,PREEMPCAO,7,A1_L2,14
186,leve,PREEMPCAO,7,A1_L3,14
186,leve,PREEMPCAO,7,A1_O1,12
186,leve,PREEMPCAO,7,A1_O2,11
186,leve,PREEMPCAO,7,A1_O3,11
186,leve,PREEMPCAO,7,A1_O4,8
186,leve,PREEMPCAO,7,A2_L0,7
186,leve,PREEMPCAO,7,A2_L1,6
186,leve,PREEMPCAO,7,A2_L2,11
186,leve,PREEMPCAO,7,A2_L3,8
186,leve,PREEMPCAO,7,A2_O1,5
186,leve,PREEMPCAO,7,A2_O2,5
186,leve,PREEMPCAO,7,A2_O3,12
186,leve,PREEMPCAO,7,A2_O4,8
186,leve,PREEMPCAO,7,T1_N1,6
186,leve,PREEMPCAO,7,T1_N2,4
186,leve,PREEMPCAO,7,T1_S0,4
186,leve,PREEMPCAO,7,T1_S1,4
186,leve,PREEMPCAO,7,T2_N1,4
186,leve,PREEMPCAO,7,T2_N2,3
186,leve,PREEMPCAO,7,T2_S0,4
186,leve,PREEMPCAO,7,T2_S1,6
186,leve,PREEMPCAO,7,T3_N1,5
186,leve,PREEMPCAO,7,T3_N2,5
186,leve,PREEMPCAO,7,T3_S0,5
186,leve,PREEMPCAO,7,T3_S1,5
186,leve,PREEMPCAO,7,T4_N1,6
186,leve,PREEMPCAO,7,T4_N2,5
186,leve,PREEMPCAO,7,T4_S0,4
186,leve,PREEMPCAO,7,T4_S1,6
187,leve,PREEMPCAO_COMPENSADA,7,A1_L0,8
187,leve,PREEMPCAO_COMPENSADA,7,A1_L1,14
187,leve,PREEMPCAO_COMPENSADA,7,A1_L2,14
187,leve,PREEMPCAO_COMPENSADA,7,A1_L3,14
187,leve,PREEMPCAO_COMPENSADA,7,A1_O1,15
187,leve,PREEMPCAO_COMPENSADA,7,A1_O2,16
187,leve,PREEMPCAO_COMPENSADA,7,A1_O3,12
187,leve,PREEMPCAO_COMPENSADA,7,A1_O4,8
187,leve,PREEMPCAO_COMPENSADA,7,A2_L0,9
187,leve,PREEMPCAO_COMPENSADA,7,A2_L1,10
187,leve,PREEMPCAO_COMPENSADA,7,A2_L2,9
187,leve,PREEMPCAO_COMPENSADA,7,A2_L3,12
187,leve,PREEMPCAO_COMPENSADA,7,A2_O1,13
187,leve,PREEMPCAO_COMPENSADA,7,A2_O2,11
187,leve,PREEMPCAO_COMPENSADA,7,A2_O3,13
187,leve,PREEMPCAO_COMPENSADA,7,A2_O4,8
187,leve,PREEMPCAO_COMPENSADA,7,T1_N1,7
187,leve,PREEMPCAO_COMPENSADA,7,T1_N2,6
187,leve,PREEMPCAO_COMPENSADA,7,T1_S0,6
187,leve,PREEMPCAO_COMPENSADA,7,T1_S1,9
187,leve,PREEMPCAO_COMPENSADA,7,T2_N1,7
187,leve,PREEMPCAO_COMPENSADA,7,T2_N2,7
187,leve,PREEMPCAO_COMPENSADA,7,T2_S0,5
187,leve,PREEMPCAO_COMPENSADA,7,T2_S1,6
187,leve,PREEMPCAO_COMPENSADA,7,T3_N1,5
187,leve,PREEMPCAO_COMPENSADA,7,T3_N2,4
187,leve,PREEMPCAO_COMPENSADA,7,T3_S0,4
187,leve,PREEMPCAO_COMPENSADA,7,T3_S1,6
187,leve,PREEMPCAO_COMPENSADA,7,T4_N1,5
187,leve,PREEMPCAO_COMPENSADA,7,T4_N2,6
187,leve,PREEMPCAO_COMPENSADA,7,T4_S0,3
187,leve,PREEMPCAO_COMPENSADA,7,T4_S1,5
188,moderado,FIXO,7,A1_L0,14
188,moderado,FIXO,7,A1_L1,25
188,moderado,FIXO,7,A1_L2,25
188,moderado,FIXO,7,A1_L3,25
188,moderado,FIXO,7,A1_O1,24
188,moderado,FIXO,7,A1_O2,24
188,moderado,FIXO,7,A1_O3,24
188,moderado,FIXO,7,A1_O4,12
188,moderado,FIXO,7,A2_L0,12
188,moderado,FIXO,7,A2_L1,23
188,moderado,FIXO,7,A2_L2,23
188,moderado,FIXO,7,A2_L3,23
188,moderado,FIXO,7,A2_O1,23
188,moderado,FIXO,7,A2_O2,23
188,moderado,FIXO,7,A2_O3,23
188,moderado,FIXO,7,A2_O4,15
188,moderado,FIXO,7,T1_N1,8
188,moderado,FIXO,7,T1_N2,8
188,moderado,FIXO,7,T1_S0,8
188,moderado,FIXO,7,T1_S1,8
188,moderado,FIXO,7,T2_N1,9
188,moderado,FIXO,7,T2_N2,9
188,moderado,FIXO,7,T2_S0,7
188,moderado,FIXO,7,T2_S1,8
188,moderado,FIXO,7,T3_N1,8
188,moderado,FIXO,7,T3_N2,8
188,moderado,FIXO,7,T3_S0,9
188,moderado,FIXO,7,T3_S1,8
188,moderado,FIXO,7,T4_N1,8
188,moderado,FIXO,7,T4_N2,8
188,moderado,FIXO,7,T4_S0,8
188,moderado,FIXO,7,T4_S1,9
189,moderado,PREEMPCAO,7,A1_L0,19
189,moderado,PREEMPCAO,7,A1_L1,19
189,moderado,PREEMPCAO,7,A1_L2,19
189,moderado,PREEMPCAO,7,A1_L3,19
189,moderado,PREEMPCAO,7,A1_O1,20
189,moderado,PREEMPCAO,7,A1_O2,17
189,moderado,PREEMPCAO,7,A1_O3,16
189,moderado,PREEMPCAO,7,A1_O4,13
189,moderado,PREEMPCAO,7,A2_L0,11
189,moderado,PREEMPCAO,7,A2_L1,17
189,moderado,PREEMPCAO,7,A2_L2,17
189,moderado,PREEMPCAO,7,A2_L3,22
189,moderado,PREEMPCAO,7,A2_O1,25
189,moderado,PREEMPCAO,7,A2_O2,13
189,moderado,PREEMPCAO,7,A2_O3,20
189,moderado,PREEMPCAO,7,A2_O4,14
189,moderado,PREEMPCAO,7,T1_N1,9
189,moderado,PREEMPCAO,7,T1_N2,9
189,moderado,PREEMPCAO,7,T1_S0,10
189,moderado,PREEMPCAO,7,T1_S1,9
189,moderado,PREEMPCAO,7,T2_N1,11
189,moderado,PREEMPCAO,7,T2_N2,8
189,moderado,PREEMPCAO,7,T2_S0,7
189,moderado,PREEMPCAO,7,T2_S1,6
189,moderado,PREEMPCAO,7,T3_N1,8
189,moderado,PREEMPCAO,7,T3_N2,8
189,moderado,PREEMPCAO,7,T3_S0,9
189,moderado,PREEMPCAO,7,T3_S1,8
189,moderado,PREEMPCAO,7,T4_N1,8
189,moderado,PREEMPCAO,7,T4_N2,7
189,moderado,PREEMPCAO,7,T4_S0,9
189,moderado,PREEMPCAO,7,T4_S1,9
190,moderado,PREEMPCAO_COMPENSADA,7,A1_L0,14
190,moderado,PREEMPCAO_COMPENSADA,7,A1_L1,19
190,moderado,PREEMPCAO_COMPENSADA,7,A1_L2,21
190,moderado,PREEMPCAO_COMPENSADA,7,A1_L3,19
190,moderado,PREEMPCAO_COMPENSADA,7,A1_O1,22
190,moderado,PREEMPCAO_COMPENSADA,7,A1_O2,20
190,moderado,PREEMPCAO_COMPENSADA,7,A1_O3,19
190,moderado,PREEMPCAO_COMPENSADA,7,A1_O4,15
190,moderado,PREEMPCAO_COMPENSADA,7,A2_L0,16
190,moderado,PREEMPCAO_COMPENSADA,7,A2_L1,18
190,moderado,PREEMPCAO_COMPENSADA,7,A2_L2,19
190,moderado,PREEMPCAO_COMPENSADA,7,A2_L3,19
190,moderado,PREEMPCAO_COMPENSADA,7,A2_O1,23
190,moderado,PREEMPCAO_COMPENSADA,7,A2_O2,21
190,moderado,PREEMPCAO_COMPENSADA,7,A2_O3,22
190,moderado,PREEMPCAO_COMPENSADA,7,A2_O4,15
190,moderado,PREEMPCAO_COMPENSADA,7,T1_N1,9
190,moderado,PREEMPCAO_COMPENSADA,7,T1_N2,8
190,moderado,PREEMPCAO_COMPENSADA,7,T1_S0,8
190,moderado,PREEMPCAO_COMPENSADA,7,T1_S1,12
190,moderado,PREEMPCAO_COMPENSADA,7,T2_N1,14
190,moderado,PREEMPCAO_COMPENSADA,7,T2_N2,9
190,moderado,PREEMPCAO_COMPENSADA,7,T2_S0,7
190,moderado,PREEMPCAO_COMPENSADA,7,T2_S1,9
190,moderado,PREEMPCAO_COMPENSADA,7,T3_N1,10
190,moderado,PREEMPCAO_COMPENSADA,7,T3_N2,8
190,moderado,PREEMPCAO_COMPENSADA,7,T3_S0,7
190,moderado,PREEMPCAO_COMPENSADA,7,T3_S1,10
190,moderado,PREEMPCAO_COMPENSADA,7,T4_N1,10
190,moderado,PREEMPCAO_COMPENSADA,7,T4_N2,7
190,moderado,PREEMPCAO_COMPENSADA,7,T4_S0,8
190,moderado,PREEMPCAO_COMPENSADA,7,T4_S1,10
191,intenso,FIXO,7,A1_L0,23
191,intenso,FIXO,7,A1_L1,28
191,intenso,FIXO,7,A1_L2,28
191,intenso,FIXO,7,A1_L3,28
191,intenso,FIXO,7,A1_O1,28
191,intenso,FIXO,7,A1_O2,28
191,intenso,FIXO,7,A1_O3,28
191,intenso,FIXO,7,A1_O4,23
191,intenso,FIXO,7,A2_L0,20
191,intenso,FIXO,7,A2_L1,28
191,intenso,FIXO,7,A2_L2,28
191,intenso,FIXO,7,A2_L3,28
191,intenso,FIXO,7,A2_O1,28
191,intenso,FIXO,7,A2_O2,28
191,intenso,FIXO,7,A2_O3,28
191,intenso,FIXO,7,A2_O4,22
191,intenso,FIXO,7,T1_N1,10
191,intenso,FIXO,7,T1_N2,15
191,intenso,FIXO,7,T1_S0,15
191,intenso,FIXO,7,T1_S1,10
191,intenso,FIXO,7,T2_N1,9
191,intenso,FIXO,7,T2_N2,14
191,intenso,FIXO,7,T2_S0,15
191,intenso,FIXO,7,T2_S1,9
191,intenso,FIXO,7,T3_N1,10
191,intenso,FIXO,7,T3_N2,12
191,intenso,FIXO,7,T3_S0,15
191,intenso,FIXO,7,T3_S1,9
191,intenso,FIXO,7,T4_N1,9
191,intenso,FIXO,7,T4_N2,11
191,intenso,FIXO,7,T4_S0,12
191,intenso,FIXO,7,T4_S1,9
192,intenso,PREEMPCAO,7,A1_L0,23
192,intenso,PREEMPCAO,7,A1_L1,28
192,intenso,PREEMPCAO,7,A1_L2,28
192,intenso,PREEMPCAO,7,A1_L3,28
192,intenso,PREEMPCAO,7,A1_O1,24
192,intenso,PREEMPCAO,7,A1_O2,27
192,intenso,PREEMPCAO,7,A1_O3,26
192,intenso,PREEMPCAO,7,A1_O4,19
192,intenso,PREEMPCAO,7,A2_L0,19
192,intenso,PREEMPCAO,7,A2_L1,27
192,intenso,PREEMPCAO,7,A2_L2,27
192,intenso,PREEMPCAO,7,A2_L3,29
192,intenso,PREEMPCAO,7,A2_O1,26
192,intenso,PREEMPCAO,7,A2_O2,26
192,intenso,PREEMPCAO,7,A2_O3,27
192,intenso,PREEMPCAO,7,A2_O4,22
192,intenso,PREEMPCAO,7,T1_N1,15
192,intenso,PREEMPCAO,7,T1_N2,15
192,intenso,PREEMPCAO,7,T1_S0,15
192,intenso,PREEMPCAO,7,T1_S1,14
192,intenso,PREEMPCAO,7,T2_N1,14
192,intenso,PREEMPCAO,7,T2_N2,15
192,intenso,PREEMPCAO,7,T2_S0,14
192,intenso,PREEMPCAO,7,T2_S1,11
192,intenso,PREEMPCAO,7,T3_N1,15
192,intenso,PREEMPCAO,7,T3_N2,15
192,intenso,PREEMPCAO,7,T3_S0,15
192,intenso,PREEMPCAO,7,T3_S1,15
192,intenso,PREEMPCAO,7,T4_N1,11
192,intenso,PREEMPCAO,7,T4_N2,11
192,intenso,PREEMPCAO,7,T4_S0,13
192,intenso,PREEMPCAO,7,T4_S1,13
193,intenso,PREEMPCAO_COMPENSADA,7,A1_L0,28
193,intenso,PREEMPCAO_COMPENSADA,7,A1_L1,28
193,intenso,PREEMPCAO_COMPENSADA,7,A1_L2,28
193,intenso,PREEMPCAO_COMPENSADA,7,A1_L3,28
193,intenso,PREEMPCAO_COMPENSADA,7,A1_O1,27
193,intenso,PREEMPCAO_COMPENSADA,7,A1_O2,28
193,intenso,PREEMPCAO_COMPENSADA,7,A1_O3,28
193,intenso,PREEMPCAO_COMPENSADA,7,A1_O4,28
193,intenso,PREEMPCAO_COMPENSADA,7,A2_L0,28
193,intenso,PREEMPCAO_COMPENSADA,7,A2_L1,28
193,intenso,PREEMPCAO_COMPENSADA,7,A2_L2,28
193,intenso,PREEMPCAO_COMPENSADA,7,A2_L3,27
193,intenso,PREEMPCAO_COMPENSADA,7,A2_O1,28
193,intenso,PREEMPCAO_COMPENSADA,7,A2_O2,27
193,intenso,PREEMPCAO_COMPENSADA,7,A2_O3,28
193,intenso,PREEMPCAO_COMPENSADA,7,A2_O4,20
193,intenso,PREEMPCAO_COMPENSADA,7,T1_N1,15
193,intenso,PREEMPCAO_COMPENSADA,7,T1_N2,15
193,intenso,PREEMPCAO_COMPENSADA,7,T1_S0,14
193,intenso,PREEMPCAO_COMPENSADA,7,T1_S1,15
193,intenso,PREEMPCAO_COMPENSADA,7,T2_N1,14
193,intenso,PREEMPCAO_COMPENSADA,7,T2_N2,14
193,intenso,PREEMPCAO_COMPENSADA,7,T2_S0,14
193,intenso,PREEMPCAO_COMPENSADA,7,T2_S1,14
193,intenso,PREEMPCAO_COMPENSADA,7,T3_N1,15
193,intenso,PREEMPCAO_COMPENSADA,7,T3_N2,15
193,intenso,PREEMPCAO_COMPENSADA,7,T3_S0,13
193,intenso,PREEMPCAO_COMPENSADA,7,T3_S1,15
193,intenso,PREEMPCAO_COMPENSADA,7,T4_N1,14
193,intenso,PREEMPCAO_COMPENSADA,7,T4_N2,12
193,intenso,PREEMPCAO_COMPENSADA,7,T4_S0,15
193,intenso,PREEMPCAO_COMPENSADA,7,T4_S1,15
194,multiplas_emergencias,FIXO,7,A1_L0,14
194,multiplas_emergencias,FIXO,7,A1_L1,25
194,multiplas_emergencias,FIXO,7,A1_L2,25
194,multiplas_emergencias,FIXO,7,A1_L3,25
194,multiplas_emergencias,FIXO,7,A1_O1,24
194,multiplas_emergencias,FIXO,7,A1_O2,24
194,multiplas_emergencias,FIXO,7,A1_O3,24
194,multiplas_emergencias,FIXO,7,A1_O4,12
194,multiplas_emergencias,FIXO,7,A2_L0,12
194,multiplas_emergencias,FIXO,7,A2_L1,23
194,multiplas_emergencias,FIXO,7,A2_L2,23
194,multiplas_emergencias,FIXO,7,A2_L3,24
194,multiplas_emergencias,FIXO,7,A2_O1,23
194,multiplas_emergencias,FIXO,7,A2_O2,23
194,multiplas_emergencias,FIXO,7,A2_O3,23
194,multiplas_emergencias,FIXO,7,A2_O4,15
194,multiplas_emergencias,FIXO,7,T1_N1,8
194,multiplas_emergencias,FIXO,7,T1_N2,8
194,multiplas_emergencias,FIXO,7,T1_S0,8
194,multiplas_emergencias,FIXO,7,T1_S1,8
194,multiplas_emergencias,FIXO,7,T2_N1,9
194,multiplas_emergencias,FIXO,7,T2_N2,9
194,multiplas_emergencias,FIXO,7,T2_S0,8
194,multiplas_emergencias,FIXO,7,T2_S1,9
194,multiplas_emergencias,FIXO,7,T3_N1,8
194,multiplas_emergencias,FIXO,7,T3_N2,8
194,multiplas_emergencias,FIXO,7,T3_S0,9
194,multiplas_emergencias,FIXO,7,T3_S1,8
194,multiplas_emergencias,FIXO,7,T4_N1,8
194,multiplas_emergencias,FIXO,7,T4_N2,8
194,multiplas_emergencias,FIXO,7,T4_S0,8
194,multiplas_emergencias,FIXO,7,T4_S1,9
195,multiplas_emergencias,PREEMPCAO,7,A1_L0,16
195,multiplas_emergencias,PREEMPCAO,7,A1_L1,19
195,multiplas_emergencias,PREEMPCAO,7,A1_L2,19
195,multiplas_emergencias,PREEMPCAO,7,A1_L3,19
195,multiplas_emergencias,PREEMPCAO,7,A1_O1,18
195,multiplas_emergencias,PREEMPCAO,7,A1_O2,24
195,multiplas_emergencias,PREEMPCAO,7,A1_O3,16
195,multiplas_emergencias,PREEMPCAO,7,A1_O4,12
195,multiplas_emergencias,PREEMPCAO,7,A2_L0,13
195,multiplas_emergencias,PREEMPCAO,7,A2_L1,18
195,multiplas_emergencias,PREEMPCAO,7,A2_L2,17
195,multiplas_emergencias,PREEMPCAO,7,A2_L3,17
195,multiplas_emergencias,PREEMPCAO,7,A2_O1,20
195,multiplas_emergencias,PREEMPCAO,7,A2_O2,15
195,multiplas_emergencias,PREEMPCAO,7,A2_O3,20
195,multiplas_emergencias,PREEMPCAO,7,A2_O4,15
195,multiplas_emergencias,PREEMPCAO,7,T1_N1,8
195,multiplas_emergencias,PREEMPCAO,7,T1_N2,8
195,multiplas_emergencias,PREEMPCAO,7,T1_S0,10
195,multiplas_emergencias,PREEMPCAO,7,T1_S1,10
195,multiplas_emergencias,PREEMPCAO,7,T2_N1,9
195,multiplas_emergencias,PREEMPCAO,7,T2_N2,10
195,multiplas_emergencias,PREEMPCAO,7,T2_S0,7
195,multiplas_emergencias,PREEMPCAO,7,T2_S1,8
195,multiplas_emergencias,PREEMPCAO,7,T3_N1,10
195,multiplas_emergencias,PREEMPCAO,7,T3_N2,14
195,multiplas_emergencias,PREEMPCAO,7,T3_S0,9
195,multiplas_emergencias,PREEMPCAO,7,T3_S1,8
195,multiplas_emergencias,PREEMPCAO,7,T4_N1,10
195,multiplas_emergencias,PREEMPCAO,7,T4_N2,8
195,multiplas_emergencias,PREEMPCAO,7,T4_S0,8
195,multiplas_emergencias,PREEMPCAO,7,T4_S1,9
196,multiplas_emergencias,PREEMPCAO_COMPENSADA,7,A1_L0,14
196,multiplas_emergencias,PREEMPCAO_COMPENSADA,7,A1_L1,22
196,multiplas_emergencias,PREEMPCAO_COMPENSADA,7,A1_L2,25
196,multiplas_emergencias,PREEMPCAO_COMPENSADA,7,A1_L3,19
196,multiplas_emergencias,PREEMPCAO_COMPENSADA,7,A1_O1,21
196,multiplas_emergencias,PREEMPCAO_COMPENSADA,7,A1_O2,18
196,multiplas_emergencias,PREEMPCAO_COMPENSADA,7,A1_O3,16
196,multiplas_emergencias,PREEMPCAO_COMPENSADA,7,A1_O4,15
196,multiplas_emergencias,PREEMPCAO_COMPENSADA,7,A2_L0,15
196,multiplas_emergencias,PREEMPCAO_COMPENSADA,7,A2_L1,22
196,multiplas_emergencias,PREEMPCAO_COMPENSADA,7,A2_L2,27
196,multiplas_emergencias,PREEMPCAO_COMPENSADA,7,A2_L3,22
196,multiplas_emergencias,PREEMPCAO_COMPENSADA,7,A2_O1,24
196,multiplas_emergencias,PREEMPCAO_COMPENSADA,7,A2_O2,20
196,multiplas_emergencias,PREEMPCAO_COMPENSADA,7,A2_O3,23
196,multiplas_emergencias,PREEMPCAO_COMPENSADA,7,A2_O4,15
196,multiplas_emergencias,PREEMPCAO_COMPENSADA,7,T1_N1,11
196,multiplas_emergencias,PREEMPCAO_COMPENSADA,7,T1_N2,7
196,multiplas_emergencias,PREEMPCAO_COMPENSADA,7,T1_S0,9
196,multiplas_emergencias,PREEMPCAO_COMPENSADA,7,T1_S1,12
196,multiplas_emergencias,PREEMPCAO_COMPENSADA,7,T2_N1,10
196,multiplas_emergencias,PREEMPCAO_COMPENSADA,7,T2_N2,10
196,multiplas_emergencias,PREEMPCAO_COMPENSADA,7,T2_S0,7
196,multiplas_emergencias,PREEMPCAO_COMPENSADA,7,T2_S1,11
196,multiplas_emergencias,PREEMPCAO_COMPENSADA,7,T3_N1,11
196,multiplas_emergencias,PREEMPCAO_COMPENSADA,7,T3_N2,11
196,multiplas_emergencias,PREEMPCAO_COMPENSADA,7,T3_S0,11
196,multiplas_emergencias,PREEMPCAO_COMPENSADA,7,T3_S1,13
196,multiplas_emergencias,PREEMPCAO_COMPENSADA,7,T4_N1,10
196,multiplas_emergencias,PREEMPCAO_COMPENSADA,7,T4_N2,7
196,multiplas_emergencias,PREEMPCAO_COMPENSADA,7,T4_S0,8
196,multiplas_emergencias,PREEMPCAO_COMPENSADA,7,T4_S1,10
197,multiplas_emergencias,PREEMPCAO_ML,7,A1_L0,16
197,multiplas_emergencias,PREEMPCAO_ML,7,A1_L1,19
197,multiplas_emergencias,PREEMPCAO_ML,7,A1_L2,19
197,multiplas_emergencias,PREEMPCAO_ML,7,A1_L3,19
197,multiplas_emergencias,PREEMPCAO_ML,7,A1_O1,18
197,multiplas_emergencias,PREEMPCAO_ML,7,A1_O2,24
197,multiplas_emergencias,PREEMPCAO_ML,7,A1_O3,16
197,multiplas_emergencias,PREEMPCAO_ML,7,A1_O4,12
197,multiplas_emergencias,PREEMPCAO_ML,7,A2_L0,14
197,multiplas_emergencias,PREEMPCAO_ML,7,A2_L1,18
197,multiplas_emergencias,PREEMPCAO_ML,7,A2_L2,18
197,multiplas_emergencias,PREEMPCAO_ML,7,A2_L3,22
197,multiplas_emergencias,PREEMPCAO_ML,7,A2_O1,21
197,multiplas_emergencias,PREEMPCAO_ML,7,A2_O2,17
197,multiplas_emergencias,PREEMPCAO_ML,7,A2_O3,21
197,multiplas_emergencias,PREEMPCAO_ML,7,A2_O4,14
197,multiplas_emergencias,PREEMPCAO_ML,7,T1_N1,12
197,multiplas_emergencias,PREEMPCAO_ML,7,T1_N2,7
197,multiplas_emergencias,PREEMPCAO_ML,7,T1_S0,10
197,multiplas_emergencias,PREEMPCAO_ML,7,T1_S1,9
197,multiplas_emergencias,PREEMPCAO_ML,7,T2_N1,9
197,multiplas_emergencias,PREEMPCAO_ML,7,T2_N2,9
197,multiplas_emergencias,PREEMPCAO_ML,7,T2_S0,8
197,multiplas_emergencias,PREEMPCAO_ML,7,T2_S1,8
197,multiplas_emergencias,PREEMPCAO_ML,7,T3_N1,8
197,multiplas_emergencias,PREEMPCAO_ML,7,T3_N2,15
197,multiplas_emergencias,PREEMPCAO_ML,7,T3_S0,9
197,multiplas_emergencias,PREEMPCAO_ML,7,T3_S1,9
197,multiplas_emergencias,PREEMPCAO_ML,7,T4_N1,12
197,multiplas_emergencias,PREEMPCAO_ML,7,T4_N2,8
197,multiplas_emergencias,PREEMPCAO_ML,7,T4_S0,9
197,multiplas_emergencias,PREEMPCAO_ML,7,T4_S1,9
198,leve,FIXO,8,A1_L0,7
198,leve,FIXO,8,A1_L1,11
198,leve,FIXO,8,A1_L2,11
198,leve,FIXO,8,A1_L3,11
198,leve,FIXO,8,A1_O1,11
198,leve,FIXO,8,A1_O2,11
198,leve,FIXO,8,A1_O3,11
198,leve,FIXO,8,A1_O4,7
198,leve,FIXO,8,A2_L0,9
198,leve,FIXO,8,A2_L1,11
198,leve,FIXO,8,A2_L2,11
198,leve,FIXO,8,A2_L3,11
198,leve,FIXO,8,A2_O1,12
198,leve,FIXO,8,A2_O2,12
198,leve,FIXO,8,A2_O3,12
198,leve,FIXO,8,A2_O4,7
198,leve,FIXO,8,T1_N1,5
198,leve,FIXO,8,T1_N2,5
198,leve,FIXO,8,T1_S0,5
198,leve,FIXO,8,T1_S1,6
198,leve,FIXO,8,T2_N1,8
198,leve,FIXO,8,T2_N2,7
198,leve,FIXO,8,T2_S0,4
198,leve,FIXO,8,T2_S1,7
198,leve,FIXO,8,T3_N1,7
198,leve,FIXO,8,T3_N2,8
198,leve,FIXO,8,T3_S0,5
198,leve,FIXO,8,T3_S1,6
198,leve,FIXO,8,T4_N1,8
198,leve,FIXO,8,T4_N2,4
198,leve,FIXO,8,T4_S0,5
198,leve,FIXO,8,T4_S1,6
199,leve,PREEMPCAO,8,A1_L0,7
199,leve,PREEMPCAO,8,A1_L1,10
199,leve,PREEMPCAO,8,A1_L2,7
199,leve,PREEMPCAO,8,A1_L3,8
199,leve,PREEMPCAO,8,A1_O1,9
199,leve,PREEMPCAO,8,A1_O2,8
199,leve,PREEMPCAO,8,A1_O3,10
199,leve,PREEMPCAO,8,A1_O4,8
199,leve,PREEMPCAO,8,A2_L0,7
199,leve,PREEMPCAO,8,A2_L1,10
199,leve,PREEMPCAO,8,A2_L2,10
199,leve,PREEMPCAO,8,A2_L3,10
199,leve,PREEMPCAO,8,A2_O1,11
199,leve,PREEMPCAO,8,A2_O2,11
199,leve,PREEMPCAO,8,A2_O3,11
199,leve,PREEMPCAO,8,A2_O4,7
199,leve,PREEMPCAO,8,T1_N1,8
199,leve,PREEMPCAO,8,T1_N2,5
199,leve,PREEMPCAO,8,T1_S0,4
199,leve,PREEMPCAO,8,T1_S1,6
199,leve,PREEMPCAO,8,T2_N1,3
199,leve,PREEMPCAO,8,T2_N2,7
199,leve,PREEMPCAO,8,T2_S0,4
199,leve,PREEMPCAO,8,T2_S1,6
199,leve,PREEMPCAO,8,T3_N1,6
199,leve,PREEMPCAO,8,T3_N2,8
199,leve,PREEMPCAO,8,T3_S0,5
199,leve,PREEMPCAO,8,T3_S1,5
199,leve,PREEMPCAO,8,T4_N1,7
199,leve,PREEMPCAO,8,T4_N2,5
199,leve,PREEMPCAO,8,T4_S0,5
199,leve,PREEMPCAO,8,T4_S1,7
200,leve,PREEMPCAO_COMPENSADA,8,A1_L0,8
200,leve,PREEMPCAO_COMPENSADA,8,A1_L1,10
200,leve,PREEMPCAO_COMPENSADA,8,A1_L2,10
200,leve,PREEMPCAO_COMPENSADA,8,A1_L3,10
200,leve,PREEMPCAO_COMPENSADA,8,A1_O1,9
200,leve,PREEMPCAO_COMPENSADA,8,A1_O2,10
200,leve,PREEMPCAO_COMPENSADA,8,A1_O3,9
200,leve,PREEMPCAO_COMPENSADA,8,A1_O4,7
200,leve,PREEMPCAO_COMPENSADA,8,A2_L0,7
200,leve,PREEMPCAO_COMPENSADA,8,A2_L1,10
200,leve,PREEMPCAO_COMPENSADA,8,A2_L2,10
200,leve,PREEMPCAO_COMPENSADA,8,A2_L3,10
200,leve,PREEMPCAO_COMPENSADA,8,A2_O1,11
200,leve,PREEMPCAO_COMPENSADA,8,A2_O2,11
200,leve,PREEMPCAO_COMPENSADA,8,A2_O3,11
200,leve,PREEMPCAO_COMPENSADA,8,A2_O4,7
200,leve,PREEMPCAO_COMPENSADA,8,T1_N1,7
200,leve,PREEMPCAO_COMPENSADA,8,T1_N2,5
200,leve,PREEMPCAO_COMPENSADA,8,T1_S0,5
200,leve,PREEMPCAO_COMPENSADA,8,T1_S1,5
200,leve,PREEMPCAO_COMPENSADA,8,T2_N1,4
200,leve,PREEMPCAO_COMPENSADA,8,T2_N2,5
200,leve,PREEMPCAO_COMPENSADA,8,T2_S0,4
200,leve,PREEMPCAO_COMPENSADA,8,T2_S1,6
200,leve,PREEMPCAO_COMPENSADA,8,T3_N1,8
200,leve,PREEMPCAO_COMPENSADA,8,T3_N2,8
200,leve,PREEMPCAO_COMPENSADA,8,T3_S0,5
200,leve,PREEMPCAO_COMPENSADA,8,T3_S1,6
200,leve,PREEMPCAO_COMPENSADA,8,T4_N1,4
200,leve,PREEMPCAO_COMPENSADA,8,T4_N2,4
200,leve,PREEMPCAO_COMPENSADA,8,T4_S0,5
200,leve,PREEMPCAO_COMPENSADA,8,T4_S1,6
201,moderado,FIXO,8,A1_L0,15
201,moderado,FIXO,8,A1_L1,25
201,moderado,FIXO,8,A1_L2,25
201,moderado,FIXO,8,A1_L3,25
201,moderado,FIXO,8,A1_O1,25
201,moderado,FIXO,8,A1_O2,26
201,moderado,FIXO,8,A1_O3,26
201,moderado,FIXO,8,A1_O4,17
201,moderado,FIXO,8,A2_L0,15
201,moderado,FIXO,8,A2_L1,25
201,moderado,FIXO,8,A2_L2,25
201,moderado,FIXO,8,A2_L3,25
201,moderado,FIXO,8,A2_O1,23
201,moderado,FIXO,8,A2_O2,23
201,moderado,FIXO,8,A2_O3,23
201,moderado,FIXO,8,A2_O4,17
201,moderado,FIXO,8,T1_N1,8
201,moderado,FIXO,8,T1_N2,10
201,moderado,FIXO,8,T1_S0,9
201,moderado,FIXO,8,T1_S1,9
201,moderado,FIXO,8,T2_N1,8
201,moderado,FIXO,8,T2_N2,13
201,moderado,FIXO,8,T2_S0,9
201,moderado,FIXO,8,T2_S1,9
201,moderado,FIXO,8,T3_N1,9
201,moderado,FIXO,8,T3_N2,7
201,moderado,FIXO,8,T3_S0,11
201,moderado,FIXO,8,T3_S1,9
201,moderado,FIXO,8,T4_N1,8
201,moderado,FIXO,8,T4_N2,8
201,moderado,FIXO,8,T4_S0,9
201,moderado,FIXO,8,T4_S1,9
202,moderado,PREEMPCAO,8,A1_L0,14
202,moderado,PREEMPCAO,8,A1_L1,17
202,moderado,PREEMPCAO,8,A1_L2,15
202,moderado,PREEMPCAO,8,A1_L3,22
202,moderado,PREEMPCAO,8,A1_O1,17
202,moderado,PREEMPCAO,8,A1_O2,18
202,moderado,PREEMPCAO,8,A1_O3,14
202,moderado,PREEMPCAO,8,A1_O4,13
202,moderado,PREEMPCAO,8,A2_L0,12
202,moderado,PREEMPCAO,8,A2_L1,16
202,moderado,PREEMPCAO,8,A2_L2,16
202,moderado,PREEMPCAO,8,A2_L3,23
202,moderado,PREEMPCAO,8,A2_O1,18
202,moderado,PREEMPCAO,8,A2_O2,18
202,moderado,PREEMPCAO,8,A2_O3,21
202,moderado,PREEMPCAO,8,A2_O4,14
202,moderado,PREEMPCAO,8,T1_N1,11
202,moderado,PREEMPCAO,8,T1_N2,6
202,moderado,PREEMPCAO,8,T1_S0,10
202,moderado,PREEMPCAO,8,T1_S1,11
202,moderado,PREEMPCAO,8,T2_N1,12
202,moderado,PREEMPCAO,8,T2_N2,11
202,moderado,PREEMPCAO,8,T2_S0,10
202,moderado,PREEMPCAO,8,T2_S1,10
202,moderado,PREEMPCAO,8,T3_N1,7
202,moderado,PREEMPCAO,8,T3_N2,7
202,moderado,PREEMPCAO,8,T3_S0,8
202,moderado,PREEMPCAO,8,T3_S1,9
202,moderado,PREEMPCAO,8,T4_N1,8
202,moderado,PREEMPCAO,8,T4_N2,7
202,moderado,PREEMPCAO,8,T4_S0,10
202,moderado,PREEMPCAO,8,T4_S1,11
203,moderado,PREEMPCAO_COMPENSADA,8,A1_L0,15
203,moderado,PREEMPCAO_COMPENSADA,8,A1_L1,17
203,moderado,PREEMPCAO_COMPENSADA,8,A1_L2,22
203,moderado,PREEMPCAO_COMPENSADA,8,A1_L3,22
203,moderado,PREEMPCAO_COMPENSADA,8,A1_O1,23
203,moderado,PREEMPCAO_COMPENSADA,8,A1_O2,19
203,moderado,PREEMPCAO_COMPENSADA,8,A1_O3,16
203,moderado,PREEMPCAO_COMPENSADA,8,A1_O4,16
203,moderado,PREEMPCAO_COMPENSADA,8,A2_L0,20
203,moderado,PREEMPCAO_COMPENSADA,8,A2_L1,19
203,moderado,PREEMPCAO_COMPENSADA,8,A2_L2,18
203,moderado,PREEMPCAO_COMPENSADA,8,A2_L3,23
203,moderado,PREEMPCAO_COMPENSADA,8,A2_O1,18
203,moderado,PREEMPCAO_COMPENSADA,8,A2_O2,18
203,moderado,PREEMPCAO_COMPENSADA,8,A2_O3,21
203,moderado,PREEMPCAO_COMPENSADA,8,A2_O4,13
203,moderado,PREEMPCAO_COMPENSADA,8,T1_N1,14
203,moderado,PREEMPCAO_COMPENSADA,8,T1_N2,11
203,moderado,PREEMPCAO_COMPENSADA,8,T1_S0,8
203,moderado,PREEMPCAO_COMPENSADA,8,T1_S1,10
203,moderado,PREEMPCAO_COMPENSADA,8,T2_N1,12
203,moderado,PREEMPCAO_COMPENSADA,8,T2_N2,9
203,moderado,PREEMPCAO_COMPENSADA,8,T2_S0,10
203,moderado,PREEMPCAO_COMPENSADA,8,T2_S1,10
203,moderado,PREEMPCAO_COMPENSADA,8,T3_N1,6
203,moderado,PREEMPCAO_COMPENSADA,8,T3_N2,10
203,moderado,PREEMPCAO_COMPENSADA,8,T3_S0,9
203,moderado,PREEMPCAO_COMPENSADA,8,T3_S1,13
203,moderado,PREEMPCAO_COMPENSADA,8,T4_N1,10
203,moderado,PREEMPCAO_COMPENSADA,8,T4_N2,9
203,moderado,PREEMPCAO_COMPENSADA,8,T4_S0,11
203,moderado,PREEMPCAO_COMPENSADA,8,T4_S1,8
204,intenso,FIXO,8,A1_L0,25
204,intenso,FIXO,8,A1_L1,28
204,intenso,FIXO,8,A1_L2,27
204,intenso,FIXO,8,A1_L3,27
204,intenso,FIXO,8,A1_O1,28
204,intenso,FIXO,8,A1_O2,28
204,intenso,FIXO,8,A1_O3,28
204,intenso,FIXO,8,A1_O4,24
204,intenso,FIXO,8,A2_L0,26
204,intenso,FIXO,8,A2_L1,28
204,intenso,FIXO,8,A2_L2,27
204,intenso,FIXO,8,A2_L3,27
204,intenso,FIXO,8,A2_O1,28
204,intenso,FIXO,8,A2_O2,28
204,intenso,FIXO,8,A2_O3,28
204,intenso,FIXO,8,A2_O4,24
204,intenso,FIXO,8,T1_N1,9
204,intenso,FIXO,8,T1_N2,14
204,intenso,FIXO,8,T1_S0,13
204,intenso,FIXO,8,T1_S1,9
204,intenso,FIXO,8,T2_N1,10
204,intenso,FIXO,8,T2_N2,15
204,intenso,FIXO,8,T2_S0,15
204,intenso,FIXO,8,T2_S1,10
204,intenso,FIXO,8,T3_N1,9
204,intenso,FIXO,8,T3_N2,12
204,intenso,FIXO,8,T3_S0,14
204,intenso,FIXO,8,T3_S1,10
204,intenso,FIXO,8,T4_N1,10
204,intenso,FIXO,8,T4_N2,15
204,intenso,FIXO,8,T4_S0,13
204,intenso,FIXO,8,T4_S1,10
205,intenso,PREEMPCAO,8,A1_L0,26
205,intenso,PREEMPCAO,8,A1_L1,28
205,intenso,PREEMPCAO,8,A1_L2,26
205,intenso,PREEMPCAO,8,A1_L3,25
205,intenso,PREEMPCAO,8,A1_O1,26
205,intenso,PREEMPCAO,8,A1_O2,28
205,intenso,PREEMPCAO,8,A1_O3,27
205,intenso,PREEMPCAO,8,A1_O4,24
205,intenso,PREEMPCAO,8,A2_L0,24
205,intenso,PREEMPCAO,8,A2_L1,26
205,intenso,PREEMPCAO,8,A2_L2,26
205,intenso,PREEMPCAO,8,A2_L3,28
205,intenso,PREEMPCAO,8,A2_O1,26
205,intenso,PREEMPCAO,8,A2_O2,26
205,intenso,PREEMPCAO,8,A2_O3,26
205,intenso,PREEMPCAO,8,A2_O4,28
205,intenso,PREEMPCAO,8,T1_N1,14
205,intenso,PREEMPCAO,8,T1_N2,14
205,intenso,PREEMPCAO,8,T1_S0,15
205,intenso,PREEMPCAO,8,T1_S1,14
205,intenso,PREEMPCAO,8,T2_N1,13
205,intenso,PREEMPCAO,8,T2_N2,15
205,intenso,PREEMPCAO,8,T2_S0,15
205,intenso,PREEMPCAO,8,T2_S1,15
205,intenso,PREEMPCAO,8,T3_N1,14
205,intenso,PREEMPCAO,8,T3_N2,13
205,intenso,PREEMPCAO,8,T3_S0,15
205,intenso,PREEMPCAO,8,T3_S1,14
205,intenso,PREEMPCAO,8,T4_N1,10
205,intenso,PREEMPCAO,8,T4_N2,15
205,intenso,PREEMPCAO,8,T4_S0,13
205,intenso,PREEMPCAO,8,T4_S1,13
206,intenso,PREEMPCAO_COMPENSADA,8,A1_L0,30
206,intenso,PREEMPCAO_COMPENSADA,8,A1_L1,28
206,intenso,PREEMPCAO_COMPENSADA,8,A1_L2,26
206,intenso,PREEMPCAO_COMPENSADA,8,A1_L3,25
206,intenso,PREEMPCAO_COMPENSADA,8,A1_O1,27
206,intenso,PREEMPCAO_COMPENSADA,8,A1_O2,29
206,intenso,PREEMPCAO_COMPENSADA,8,A1_O3,27
206,intenso,PREEMPCAO_COMPENSADA,8,A1_O4,29
206,intenso,PREEMPCAO_COMPENSADA,8,A2_L0,26
206,intenso,PREEMPCAO_COMPENSADA,8,A2_L1,27
206,intenso,PREEMPCAO_COMPENSADA,8,A2_L2,28
206,intenso,PREEMPCAO_COMPENSADA,8,A2_L3,26
206,intenso,PREEMPCAO_COMPENSADA,8,A2_O1,26
206,intenso,PREEMPCAO_COMPENSADA,8,A2_O2,26
206,intenso,PREEMPCAO_COMPENSADA,8,A2_O3,30
206,intenso,PREEMPCAO_COMPENSADA,8,A2_O4,27
206,intenso,PREEMPCAO_COMPENSADA,8,T1_N1,13
206,intenso,PREEMPCAO_COMPENSADA,8,T1_N2,15
206,intenso,PREEMPCAO_COMPENSADA,8,T1_S0,13
206,intenso,PREEMPCAO_COMPENSADA,8,T1_S1,14
206,intenso,PREEMPCAO_COMPENSADA,8,T2_N1,15
206,intenso,PREEMPCAO_COMPENSADA,8,T2_N2,15
206,intenso,PREEMPCAO_COMPENSADA,8,T2_S0,15
206,intenso,PREEMPCAO_COMPENSADA,8,T2_S1,15
206,intenso,PREEMPCAO_COMPENSADA,8,T3_N1,15
206,intenso,PREEMPCAO_COMPENSADA,8,T3_N2,13
206,intenso,PREEMPCAO_COMPENSADA,8,T3_S0,15
206,intenso,PREEMPCAO_COMPENSADA,8,T3_S1,14
206,intenso,PREEMPCAO_COMPENSADA,8,T4_N1,14
206,intenso,PREEMPCAO_COMPENSADA,8,T4_N2,15
206,intenso,PREEMPCAO_COMPENSADA,8,T4_S0,13
206,intenso,PREEMPCAO_COMPENSADA,8,T4_S1,14
207,multiplas_emergencias,FIXO,8,A1_L0,15
207,multiplas_emergencias,FIXO,8,A1_L1,25
207,multiplas_emergencias,FIXO,8,A1_L2,25
207,multiplas_emergencias,FIXO,8,A1_L3,25
207,multiplas_emergencias,FIXO,8,A1_O1,24
207,multiplas_emergencias,FIXO,8,A1_O2,26
207,multiplas_emergencias,FIXO,8,A1_O3,26
207,multiplas_emergencias,FIXO,8,A1_O4,17
207,multiplas_emergencias,FIXO,8,A2_L0,15
207,multiplas_emergencias,FIXO,8,A2_L1,25
207,multiplas_emergencias,FIXO,8,A2_L2,25
207,multiplas_emergencias,FIXO,8,A2_L3,25
207,multiplas_emergencias,FIXO,8,A2_O1,23
207,multiplas_emergencias,FIXO,8,A2_O2,23
207,multiplas_emergencias,FIXO,8,A2_O3,23
207,multiplas_emergencias,FIXO,8,A2_O4,17
207,multiplas_emergencias,FIXO,8,T1_N1,8
207,multiplas_emergencias,FIXO,8,T1_N2,10
207,multiplas_emergencias,FIXO,8,T1_S0,9
207,multiplas_emergencias,FIXO,8,T1_S1,9
207,multiplas_emergencias,FIXO,8,T2_N1,8
207,multiplas_emergencias,FIXO,8,T2_N2,13
207,multiplas_emergencias,FIXO,8,T2_S0,9
207,multiplas_emergencias,FIXO,8,T2_S1,9
207,multiplas_emergencias,FIXO,8,T3_N1,9
207,multiplas_emergencias,FIXO,8,T3_N2,7
207,multiplas_emergencias,FIXO,8,T3_S0,11
207,multiplas_emergencias,FIXO,8,T3_S1,9
207,multiplas_emergencias,FIXO,8,T4_N1,8
207,multiplas_emergencias,FIXO,8,T4_N2,8
207,multiplas_emergencias,FIXO,8,T4_S0,9
207,multiplas_emergencias,FIXO,8,T4_S1,9
208,multiplas_emergencias,PREEMPCAO,8,A1_L0,14
208,multiplas_emergencias,PREEMPCAO,8,A1_L1,15
208,multiplas_emergencias,PREEMPCAO,8,A1_L2,15
208,multiplas_emergencias,PREEMPCAO,8,A1_L3,15
208,multiplas_emergencias,PREEMPCAO,8,A1_O1,13
208,multiplas_emergencias,PREEMPCAO,8,A1_O2,15
208,multiplas_emergencias,PREEMPCAO,8,A1_O3,14
208,multiplas_emergencias,PREEMPCAO,8,A1_O4,14
208,multiplas_emergencias,PREEMPCAO,8,A2_L0,16
208,multiplas_emergencias,PREEMPCAO,8,A2_L1,16
208,multiplas_emergencias,PREEMPCAO,8,A2_L2,16
208,multiplas_emergencias,PREEMPCAO,8,A2_L3,26
208,multiplas_emergencias,PREEMPCAO,8,A2_O1,21
208,multiplas_emergencias,PREEMPCAO,8,A2_O2,18
208,multiplas_emergencias,PREEMPCAO,8,A2_O3,20
208,multiplas_emergencias,PREEMPCAO,8,A2_O4,13
208,multiplas_emergencias,PREEMPCAO,8,T1_N1,12
208,multiplas_emergencias,PREEMPCAO,8,T1_N2,9
208,multiplas_emergencias,PREEMPCAO,8,T1_S0,10
208,multiplas_emergencias,PREEMPCAO,8,T1_S1,11
208,multiplas_emergencias,PREEMPCAO,8,T2_N1,11
208,multiplas_emergencias,PREEMPCAO,8,T2_N2,12
208,multiplas_emergencias,PREEMPCAO,8,T2_S0,8
208,multiplas_emergencias,PREEMPCAO,8,T2_S1,7
208,multiplas_emergencias,PREEMPCAO,8,T3_N1,12
208,multiplas_emergencias,PREEMPCAO,8,T3_N2,7
208,multiplas_emergencias,PREEMPCAO,8,T3_S0,8
208,multiplas_emergencias,PREEMPCAO,8,T3_S1,11
208,multiplas_emergencias,PREEMPCAO,8,T4_N1,9
208,multiplas_emergencias,PREEMPCAO,8,T4_N2,7
208,multiplas_emergencias,PREEMPCAO,8,T4_S0,12
208,multiplas_emergencias,PREEMPCAO,8,T4_S1,8
209,multiplas_emergencias,PREEMPCAO_COMPENSADA,8,A1_L0,15
209,multiplas_emergencias,PREEMPCAO_COMPENSADA,8,A1_L1,22
209,multiplas_emergencias,PREEMPCAO_COMPENSADA,8,A1_L2,15
209,multiplas_emergencias,PREEMPCAO_COMPENSADA,8,A1_L3,19
209,multiplas_emergencias,PREEMPCAO_COMPENSADA,8,A1_O1,24
209,multiplas_emergencias,PREEMPCAO_COMPENSADA,8,A1_O2,20
209,multiplas_emergencias,PREEMPCAO_COMPENSADA,8,A1_O3,23
209,multiplas_emergencias,PREEMPCAO_COMPENSADA,8,A1_O4,15
209,multiplas_emergencias,PREEMPCAO_COMPENSADA,8,A2_L0,14
209,multiplas_emergencias,PREEMPCAO_COMPENSADA,8,A2_L1,16
209,multiplas_emergencias,PREEMPCAO_COMPENSADA,8,A2_L2,22
209,multiplas_emergencias,PREEMPCAO_COMPENSADA,8,A2_L3,25
209,multiplas_emergencias,PREEMPCAO_COMPENSADA,8,A2_O1,21
209,multiplas_emergencias,PREEMPCAO_COMPENSADA,8,A2_O2,18
209,multiplas_emergencias,PREEMPCAO_COMPENSADA,8,A2_O3,21
209,multiplas_emergencias,PREEMPCAO_COMPENSADA,8,A2_O4,18
209,multiplas_emergencias,PREEMPCAO_COMPENSADA,8,T1_N1,9
209,multiplas_emergencias,PREEMPCAO_COMPENSADA,8,T1_N2,8
209,multiplas_emergencias,PREEMPCAO_COMPENSADA,8,T1_S0,8
209,multiplas_emergencias,PREEMPCAO_COMPENSADA,8,T1_S1,10
209,multiplas_emergencias,PREEMPCAO_COMPENSADA,8,T2_N1,13
209,multiplas_emergencias,PREEMPCAO_COMPENSADA,8,T2_N2,13
209,multiplas_emergencias,PREEMPCAO_COMPENSADA,8,T2_S0,10
209,multiplas_emergencias,PREEMPCAO_COMPENSADA,8,T2_S1,9
209,multiplas_emergencias,PREEMPCAO_COMPENSADA,8,T3_N1,14
209,multiplas_emergencias,PREEMPCAO_COMPENSADA,8,T3_N2,7
209,multiplas_emergencias,PREEMPCAO_COMPENSADA,8,T3_S0,9
209,multiplas_emergencias,PREEMPCAO_COMPENSADA,8,T3_S1,11
209,multiplas_emergencias,PREEMPCAO_COMPENSADA,8,T4_N1,8
209,multiplas_emergencias,PREEMPCAO_COMPENSADA,8,T4_N2,8
209,multiplas_emergencias,PREEMPCAO_COMPENSADA,8,T4_S0,15
209,multiplas_emergencias,PREEMPCAO_COMPENSADA,8,T4_S1,12
210,multiplas_emergencias,PREEMPCAO_ML,8,A1_L0,14
210,multiplas_emergencias,PREEMPCAO_ML,8,A1_L1,15
210,multiplas_emergencias,PREEMPCAO_ML,8,A1_L2,15
210,multiplas_emergencias,PREEMPCAO_ML,8,A1_L3,15
210,multiplas_emergencias,PREEMPCAO_ML,8,A1_O1,13
210,multiplas_emergencias,PREEMPCAO_ML,8,A1_O2,14
210,multiplas_emergencias,PREEMPCAO_ML,8,A1_O3,14
210,multiplas_emergencias,PREEMPCAO_ML,8,A1_O4,14
210,multiplas_emergencias,PREEMPCAO_ML,8,A2_L0,15
210,multiplas_emergencias,PREEMPCAO_ML,8,A2_L1,16
210,multiplas_emergencias,PREEMPCAO_ML,8,A2_L2,17
210,multiplas_emergencias,PREEMPCAO_ML,8,A2_L3,25
210,multiplas_emergencias,PREEMPCAO_ML,8,A2_O1,21
210,multiplas_emergencias,PREEMPCAO_ML,8,A2_O2,18
210,multiplas_emergencias,PREEMPCAO_ML,8,A2_O3,21
210,multiplas_emergencias,PREEMPCAO_ML,8,A2_O4,13
210,multiplas_emergencias,PREEMPCAO_ML,8,T1_N1,13
210,multiplas_emergencias,PREEMPCAO_ML,8,T1_N2,8
210,multiplas_emergencias,PREEMPCAO_ML,8,T1_S0,10
210,multiplas_emergencias,PREEMPCAO_ML,8,T1_S1,10
210,multiplas_emergencias,PREEMPCAO_ML,8,T2_N1,11
210,multiplas_emergencias,PREEMPCAO_ML,8,T2_N2,11
210,multiplas_emergencias,PREEMPCAO_ML,8,T2_S0,8
210,multiplas_emergencias,PREEMPCAO_ML,8,T2_S1,8
210,multiplas_emergencias,PREEMPCAO_ML,8,T3_N1,11
210,multiplas_emergencias,PREEMPCAO_ML,8,T3_N2,7
210,multiplas_emergencias,PREEMPCAO_ML,8,T3_S0,8
210,multiplas_emergencias,PREEMPCAO_ML,8,T3_S1,11
210,multiplas_emergencias,PREEMPCAO_ML,8,T4_N1,9
210,multiplas_emergencias,PREEMPCAO_ML,8,T4_N2,10
210,multiplas_emergencias,PREEMPCAO_ML,8,T4_S0,11
210,multiplas_emergencias,PREEMPCAO_ML,8,T4_S1,8
211,leve,FIXO,9,A1_L0,8
211,leve,FIXO,9,A1_L1,11
211,leve,FIXO,9,A1_L2,11
211,leve,FIXO,9,A1_L3,11
211,leve,FIXO,9,A1_O1,9
211,leve,FIXO,9,A1_O2,9
211,leve,FIXO,9,A1_O3,9
211,leve,FIXO,9,A1_O4,8
211,leve,FIXO,9,A2_L0,9
211,leve,FIXO,9,A2_L1,13
211,leve,FIXO,9,A2_L2,13
211,leve,FIXO,9,A2_L3,13
211,leve,FIXO,9,A2_O1,11
211,leve,FIXO,9,A2_O2,11
211,leve,FIXO,9,A2_O3,11
211,leve,FIXO,9,A2_O4,7
211,leve,FIXO,9,T1_N1,6
211,leve,FIXO,9,T1_N2,4
211,leve,FIXO,9,T1_S0,4
211,leve,FIXO,9,T1_S1,5
211,leve,FIXO,9,T2_N1,5
211,leve,FIXO,9,T2_N2,6
211,leve,FIXO,9,T2_S0,5
211,leve,FIXO,9,T2_S1,6
211,leve,FIXO,9,T3_N1,6
211,leve,FIXO,9,T3_N2,5
211,leve,FIXO,9,T3_S0,5
211,leve,FIXO,9,T3_S1,7
211,leve,FIXO,9,T4_N1,6
211,leve,FIXO,9,T4_N2,7
211,leve,FIXO,9,T4_S0,6
211,leve,FIXO,9,T4_S1,6
212,leve,PREEMPCAO,9,A1_L0,8
212,leve,PREEMPCAO,9,A1_L1,12
212,leve,PREEMPCAO,9,A1_L2,10
212,leve,PREEMPCAO,9,A1_L3,10
212,leve,PREEMPCAO,9,A1_O1,14
212,leve,PREEMPCAO,9,A1_O2,9
212,leve,PREEMPCAO,9,A1_O3,7
212,leve,PREEMPCAO,9,A1_O4,8
212,leve,PREEMPCAO,9,A2_L0,6
212,leve,PREEMPCAO,9,A2_L1,9
212,leve,PREEMPCAO,9,A2_L2,9
212,leve,PREEMPCAO,9,A2_L3,10
212,leve,PREEMPCAO,9,A2_O1,7
212,leve,PREEMPCAO,9,A2_O2,8
212,leve,PREEMPCAO,9,A2_O3,13
212,leve,PREEMPCAO,9,A2_O4,6
212,leve,PREEMPCAO,9,T1_N1,6
212,leve,PREEMPCAO,9,T1_N2,5
212,leve,PREEMPCAO,9,T1_S0,4
212,leve,PREEMPCAO,9,T1_S1,6
212,leve,PREEMPCAO,9,T2_N1,4
212,leve,PREEMPCAO,9,T2_N2,4
212,leve,PREEMPCAO,9,T2_S0,5
212,leve,PREEMPCAO,9,T2_S1,5
212,leve,PREEMPCAO,9,T3_N1,6
212,leve,PREEMPCAO,9,T3_N2,4
212,leve,PREEMPCAO,9,T3_S0,5
212,leve,PREEMPCAO,9,T3_S1,6
212,leve,PREEMPCAO,9,T4_N1,5
212,leve,PREEMPCAO,9,T4_N2,4
212,leve,PREEMPCAO,9,T4_S0,6
212,leve,PREEMPCAO,9,T4_S1,8
213,leve,PREEMPCAO_COMPENSADA,9,A1_L0,9
213,leve,PREEMPCAO_COMPENSADA,9,A1_L1,11
213,leve,PREEMPCAO_COMPENSADA,9,A1_L2,10
213,leve,PREEMPCAO_COMPENSADA,9,A1_L3,10
213,leve,PREEMPCAO_COMPENSADA,9,A1_O1,9
213,leve,PREEMPCAO_COMPENSADA,9,A1_O2,12
213,leve,PREEMPCAO_COMPENSADA,9,A1_O3,12
213,leve,PREEMPCAO_COMPENSADA,9,A1_O4,7
213,leve,PREEMPCAO_COMPENSADA,9,A2_L0,7
213,leve,PREEMPCAO_COMPENSADA,9,A2_L1,9
213,leve,PREEMPCAO_COMPENSADA,9,A2_L2,11
213,leve,PREEMPCAO_COMPENSADA,9,A2_L3,11
213,leve,PREEMPCAO_COMPENSADA,9,A2_O1,7
213,leve,PREEMPCAO_COMPENSADA,9,A2_O2,10
213,leve,PREEMPCAO_COMPENSADA,9,A2_O3,11
213,leve,PREEMPCAO_COMPENSADA,9,A2_O4,8
213,leve,PREEMPCAO_COMPENSADA,9,T1_N1,6
213,leve,PREEMPCAO_COMPENSADA,9,T1_N2,4
213,leve,PREEMPCAO_COMPENSADA,9,T1_S0,4
213,leve,PREEMPCAO_COMPENSADA,9,T1_S1,5
213,leve,PREEMPCAO_COMPENSADA,9,T2_N1,5
213,leve,PREEMPCAO_COMPENSADA,9,T2_N2,4
213,leve,PREEMPCAO_COMPENSADA,9,T2_S0,4
213,leve,PREEMPCAO_COMPENSADA,9,T2_S1,7
213,leve,PREEMPCAO_COMPENSADA,9,T3_N1,4
213,leve,PREEMPCAO_COMPENSADA,9,T3_N2,4
213,leve,PREEMPCAO_COMPENSADA,9,T3_S0,6
213,leve,PREEMPCAO_COMPENSADA,9,T3_S1,6
213,leve,PREEMPCAO_COMPENSADA,9,T4_N1,7
213,leve,PREEMPCAO_COMPENSADA,9,T4_N2,4
213,leve,PREEMPCAO_COMPENSADA,9,T4_S0,6
213,leve,PREEMPCAO_COMPENSADA,9,T4_S1,7
214,moderado,FIXO,9,A1_L0,14
214,moderado,FIXO,9,A1_L1,22
214,moderado,FIXO,9,A1_L2,22
214,moderado,FIXO,9,A1_L3,22
214,moderado,FIXO,9,A1_O1,24
214,moderado,FIXO,9,A1_O2,24
214,moderado,FIXO,9,A1_O3,24
214,moderado,FIXO,9,A1_O4,14
214,moderado,FIXO,9,A2_L0,15
214,moderado,FIXO,9,A2_L1,23
214,moderado,FIXO,9,A2_L2,23
214,moderado,FIXO,9,A2_L3,23
214,moderado,FIXO,9,A2_O1,21
214,moderado,FIXO,9,A2_O2,21
214,moderado,FIXO,9,A2_O3,21
214,moderado,FIXO,9,A2_O4,12
214,moderado,FIXO,9,T1_N1,8
214,moderado,FIXO,9,T1_N2,8
214,moderado,FIXO,9,T1_S0,9
214,moderado,FIXO,9,T1_S1,8
214,moderado,FIXO,9,T2_N1,9
214,moderado,FIXO,9,T2_N2,9
214,moderado,FIXO,9,T2_S0,9
214,moderado,FIXO,9,T2_S1,9
214,moderado,FIXO,9,T3_N1,9
214,moderado,FIXO,9,T3_N2,9
214,moderado,FIXO,9,T3_S0,8
214,moderado,FIXO,9,T3_S1,8
214,moderado,FIXO,9,T4_N1,8
214,moderado,FIXO,9,T4_N2,8
214,moderado,FIXO,9,T4_S0,8
214,moderado,FIXO,9,T4_S1,9
215,moderado,PREEMPCAO,9,A1_L0,16
215,moderado,PREEMPCAO,9,A1_L1,20
215,moderado,PREEMPCAO,9,A1_L2,20
215,moderado,PREEMPCAO,9,A1_L3,20
215,moderado,PREEMPCAO,9,A1_O1,18
215,moderado,PREEMPCAO,9,A1_O2,20
215,moderado,PREEMPCAO,9,A1_O3,20
215,moderado,PREEMPCAO,9,A1_O4,13
215,moderado,PREEMPCAO,9,A2_L0,15
215,moderado,PREEMPCAO,9,A2_L1,21
215,moderado,PREEMPCAO,9,A2_L2,21
215,moderado,PREEMPCAO,9,A2_L3,24
215,moderado,PREEMPCAO,9,A2_O1,17
215,moderado,PREEMPCAO,9,A2_O2,17
215,moderado,PREEMPCAO,9,A2_O3,20
215,moderado,PREEMPCAO,9,A2_O4,15
215,moderado,PREEMPCAO,9,T1_N1,9
215,moderado,PREEMPCAO,9,T1_N2,8
215,moderado,PREEMPCAO,9,T1_S0,8
215,moderado,PREEMPCAO,9,T1_S1,10
215,moderado,PREEMPCAO,9,T2_N1,12
215,moderado,PREEMPCAO,9,T2_N2,11
215,moderado,PREEMPCAO,9,T2_S0,10
215,moderado,PREEMPCAO,9,T2_S1,12
215,moderado,PREEMPCAO,9,T3_N1,11
215,moderado,PREEMPCAO,9,T3_N2,7
215,moderado,PREEMPCAO,9,T3_S0,8
215,moderado,PREEMPCAO,9,T3_S1,11
215,moderado,PREEMPCAO,9,T4_N1,9
215,moderado,PREEMPCAO,9,T4_N2,8
215,moderado,PREEMPCAO,9,T4_S0,11
215,moderado,PREEMPCAO,9,T4_S1,12
216,moderado,PREEMPCAO_COMPENSADA,9,A1_L0,15
216,moderado,PREEMPCAO_COMPENSADA,9,A1_L1,20
216,moderado,PREEMPCAO_COMPENSADA,9,A1_L2,20
216,moderado,PREEMPCAO_COMPENSADA,9,A1_L3,20
216,moderado,PREEMPCAO_COMPENSADA,9,A1_O1,18
216,moderado,PREEMPCAO_COMPENSADA,9,A1_O2,18
216,moderado,PREEMPCAO_COMPENSADA,9,A1_O3,19
216,moderado,PREEMPCAO_COMPENSADA,9,A1_O4,16
216,moderado,PREEMPCAO_COMPENSADA,9,A2_L0,13
216,moderado,PREEMPCAO_COMPENSADA,9,A2_L1,21
216,moderado,PREEMPCAO_COMPENSADA,9,A2_L2,21
216,moderado,PREEMPCAO_COMPENSADA,9,A2_L3,20
216,moderado,PREEMPCAO_COMPENSADA,9,A2_O1,22
216,moderado,PREEMPCAO_COMPENSADA,9,A2_O2,22
216,moderado,PREEMPCAO_COMPENSADA,9,A2_O3,20
216,moderado,PREEMPCAO_COMPENSADA,9,A2_O4,15
216,moderado,PREEMPCAO_COMPENSADA,9,T1_N1,10
216,moderado,PREEMPCAO_COMPENSADA,9,T1_N2,7
216,moderado,PREEMPCAO_COMPENSADA,9,T1_S0,9
216,moderado,PREEMPCAO_COMPENSADA,9,T1_S1,11
216,moderado,PREEMPCAO_COMPENSADA,9,T2_N1,9
216,moderado,PREEMPCAO_COMPENSADA,9,T2_N2,11
216,moderado,PREEMPCAO_COMPENSADA,9,T2_S0,10
216,moderado,PREEMPCAO_COMPENSADA,9,T2_S1,8
216,moderado,PREEMPCAO_COMPENSADA,9,T3_N1,9
216,moderado,PREEMPCAO_COMPENSADA,9,T3_N2,8
216,moderado,PREEMPCAO_COMPENSADA,9,T3_S0,8
216,moderado,PREEMPCAO_COMPENSADA,9,T3_S1,10
216,moderado,PREEMPCAO_COMPENSADA,9,T4_N1,12
216,moderado,PREEMPCAO_COMPENSADA,9,T4_N2,10
216,moderado,PREEMPCAO_COMPENSADA,9,T4_S0,11
216,moderado,PREEMPCAO_COMPENSADA,9,T4_S1,10
217,intenso,FIXO,9,A1_L0,20
217,intenso,FIXO,9,A1_L1,28
217,intenso,FIXO,9,A1_L2,28
217,intenso,FIXO,9,A1_L3,28
217,intenso,FIXO,9,A1_O1,27
217,intenso,FIXO,9,A1_O2,28
217,intenso,FIXO,9,A1_O3,27
217,intenso,FIXO,9,A1_O4,22
217,intenso,FIXO,9,A2_L0,26
217,intenso,FIXO,9,A2_L1,28
217,intenso,FIXO,9,A2_L2,28
217,intenso,FIXO,9,A2_L3,28
217,intenso,FIXO,9,A2_O1,28
217,intenso,FIXO,9,A2_O2,28
217,intenso,FIXO,9,A2_O3,28
217,intenso,FIXO,9,A2_O4,20
217,intenso,FIXO,9,T1_N1,10
217,intenso,FIXO,9,T1_N2,15
217,intenso,FIXO,9,T1_S0,14
217,intenso,FIXO,9,T1_S1,9
217,intenso,FIXO,9,T2_N1,10
217,intenso,FIXO,9,T2_N2,15
217,intenso,FIXO,9,T2_S0,14
217,intenso,FIXO,9,T2_S1,9
217,intenso,FIXO,9,T3_N1,10
217,intenso,FIXO,9,T3_N2,15
217,intenso,FIXO,9,T3_S0,15
217,intenso,FIXO,9,T3_S1,9
217,intenso,FIXO,9,T4_N1,9
217,intenso,FIXO,9,T4_N2,12
217,intenso,FIXO,9,T4_S0,13
217,intenso,FIXO,9,T4_S1,9
218,intenso,PREEMPCAO,9,A1_L0,22
218,intenso,PREEMPCAO,9,A1_L1,27
218,intenso,PREEMPCAO,9,A1_L2,27
218,intenso,PREEMPCAO,9,A1_L3,27
218,intenso,PREEMPCAO,9,A1_O1,27
218,intenso,PREEMPCAO,9,A1_O2,27
218,intenso,PREEMPCAO,9,A1_O3,27
218,intenso,PREEMPCAO,9,A1_O4,21
218,intenso,PREEMPCAO,9,A2_L0,27
218,intenso,PREEMPCAO,9,A2_L1,27
218,intenso,PREEMPCAO,9,A2_L2,27
218,intenso,PREEMPCAO,9,A2_L3,28
218,intenso,PREEMPCAO,9,A2_O1,27
218,intenso,PREEMPCAO,9,A2_O2,27
218,intenso,PREEMPCAO,9,A2_O3,26
218,intenso,PREEMPCAO,9,A2_O4,22
218,intenso,PREEMPCAO,9,T1_N1,15
218,intenso,PREEMPCAO,9,T1_N2,15
218,intenso,PREEMPCAO,9,T1_S0,15
218,intenso,PREEMPCAO,9,T1_S1,14
218,intenso,PREEMPCAO,9,T2_N1,15
218,intenso,PREEMPCAO,9,T2_N2,15
218,intenso,PREEMPCAO,9,T2_S0,13
218,intenso,PREEMPCAO,9,T2_S1,12
218,intenso,PREEMPCAO,9,T3_N1,13
218,intenso,PREEMPCAO,9,T3_N2,14
218,intenso,PREEMPCAO,9,T3_S0,15
218,intenso,PREEMPCAO,9,T3_S1,13
218,intenso,PREEMPCAO,9,T4_N1,14
218,intenso,PREEMPCAO,9,T4_N2,12
218,intenso,PREEMPCAO,9,T4_S0,12
218,intenso,PREEMPCAO,9,T4_S1,12
219,intenso,PREEMPCAO_COMPENSADA,9,A1_L0,26
219,intenso,PREEMPCAO_COMPENSADA,9,A1_L1,27
219,intenso,PREEMPCAO_COMPENSADA,9,A1_L2,27
219,intenso,PREEMPCAO_COMPENSADA,9,A1_L3,27
219,intenso,PREEMPCAO_COMPENSADA,9,A1_O1,27
219,intenso,PREEMPCAO_COMPENSADA,9,A1_O2,29
219,intenso,PREEMPCAO_COMPENSADA,9,A1_O3,28
219,intenso,PREEMPCAO_COMPENSADA,9,A1_O4,26
219,intenso,PREEMPCAO_COMPENSADA,9,A2_L0,27
219,intenso,PREEMPCAO_COMPENSADA,9,A2_L1,28
219,intenso,PREEMPCAO_COMPENSADA,9,A2_L2,27
219,intenso,PREEMPCAO_COMPENSADA,9,A2_L3,30
219,intenso,PREEMPCAO_COMPENSADA,9,A2_O1,27
219,intenso,PREEMPCAO_COMPENSADA,9,A2_O2,29
219,intenso,PREEMPCAO_COMPENSADA,9,A2_O3,29
219,intenso,PREEMPCAO_COMPENSADA,9,A2_O4,26
219,intenso,PREEMPCAO_COMPENSADA,9,T1_N1,15
219,intenso,PREEMPCAO_COMPENSADA,9,T1_N2,15
219,intenso,PREEMPCAO_COMPENSADA,9,T1_S0,13
219,intenso,PREEMPCAO_COMPENSADA,9,T1_S1,15
219,intenso,PREEMPCAO_COMPENSADA,9,T2_N1,15
219,intenso,PREEMPCAO_COMPENSADA,9,T2_N2,15
219,intenso,PREEMPCAO_COMPENSADA,9,T2_S0,14
219,intenso,PREEMPCAO_COMPENSADA,9,T2_S1,13
219,intenso,PREEMPCAO_COMPENSADA,9,T3_N1,15
219,intenso,PREEMPCAO_COMPENSADA,9,T3_N2,14
219,intenso,PREEMPCAO_COMPENSADA,9,T3_S0,15
219,intenso,PREEMPCAO_COMPENSADA,9,T3_S1,14
219,intenso,PREEMPCAO_COMPENSADA,9,T4_N1,14
219,intenso,PREEMPCAO_COMPENSADA,9,T4_N2,12
219,intenso,PREEMPCAO_COMPENSADA,9,T4_S0,14
219,intenso,PREEMPCAO_COMPENSADA,9,T4_S1,14
220,multiplas_emergencias,FIXO,9,A1_L0,14
220,multiplas_emergencias,FIXO,9,A1_L1,22
220,multiplas_emergencias,FIXO,9,A1_L2,22
220,multiplas_emergencias,FIXO,9,A1_L3,22
220,multiplas_emergencias,FIXO,9,A1_O1,24
220,multiplas_emergencias,FIXO,9,A1_O2,24
220,multiplas_emergencias,FIXO,9,A1_O3,24
220,multiplas_emergencias,FIXO,9,A1_O4,14
220,multiplas_emergencias,FIXO,9,A2_L0,15
220,multiplas_emergencias,FIXO,9,A2_L1,23
220,multiplas_emergencias,FIXO,9,A2_L2,23
220,multiplas_emergencias,FIXO,9,A2_L3,23
220,multiplas_emergencias,FIXO,9,A2_O1,21
220,multiplas_emergencias,FIXO,9,A2_O2,21
220,multiplas_emergencias,FIXO,9,A2_O3,21
220,multiplas_emergencias,FIXO,9,A2_O4,12
220,multiplas_emergencias,FIXO,9,T1_N1,8
220,multiplas_emergencias,FIXO,9,T1_N2,8
220,multiplas_emergencias,FIXO,9,T1_S0,9
220,multiplas_emergencias,FIXO,9,T1_S1,8
220,multiplas_emergencias,FIXO,9,T2_N1,9
220,multiplas_emergencias,FIXO,9,T2_N2,9
220,multiplas_emergencias,FIXO,9,T2_S0,9
220,multiplas_emergencias,FIXO,9,T2_S1,9
220,multiplas_emergencias,FIXO,9,T3_N1,9
220,multiplas_emergencias,FIXO,9,T3_N2,9
220,multiplas_emergencias,FIXO,9,T3_S0,8
220,multiplas_emergencias,FIXO,9,T3_S1,8
220,multiplas_emergencias,FIXO,9,T4_N1,8
220,multiplas_emergencias,FIXO,9,T4_N2,8
220,multiplas_emergencias,FIXO,9,T4_S0,8
220,multiplas_emergencias,FIXO,9,T4_S1,9
221,multiplas_emergencias,PREEMPCAO,9,A1_L0,16
221,multiplas_emergencias,PREEMPCAO,9,A1_L1,20
221,multiplas_emergencias,PREEMPCAO,9,A1_L2,20
221,multiplas_emergencias,PREEMPCAO,9,A1_L3,20
221,multiplas_emergencias,PREEMPCAO,9,A1_O1,18
221,multiplas_emergencias,PREEMPCAO,9,A1_O2,20
221,multiplas_emergencias,PREEMPCAO,9,A1_O3,19
221,multiplas_emergencias,PREEMPCAO,9,A1_O4,14
221,multiplas_emergencias,PREEMPCAO,9,A2_L0,15
221,multiplas_emergencias,PREEMPCAO,9,A2_L1,23
221,multiplas_emergencias,PREEMPCAO,9,A2_L2,21
221,multiplas_emergencias,PREEMPCAO,9,A2_L3,20
221,multiplas_emergencias,PREEMPCAO,9,A2_O1,17
221,multiplas_emergencias,PREEMPCAO,9,A2_O2,17
221,multiplas_emergencias,PREEMPCAO,9,A2_O3,22
221,multiplas_emergencias,PREEMPCAO,9,A2_O4,14
221,multiplas_emergencias,PREEMPCAO,9,T1_N1,11
221,multiplas_emergencias,PREEMPCAO,9,T1_N2,8
221,multiplas_emergencias,PREEMPCAO,9,T1_S0,8
221,multiplas_emergencias,PREEMPCAO,9,T1_S1,11
221,multiplas_emergencias,PREEMPCAO,9,T2_N1,11
221,multiplas_emergencias,PREEMPCAO,9,T2_N2,11
221,multiplas_emergencias,PREEMPCAO,9,T2_S0,10
221,multiplas_emergencias,PREEMPCAO,9,T2_S1,9
221,multiplas_emergencias,PREEMPCAO,9,T3_N1,11
221,multiplas_emergencias,PREEMPCAO,9,T3_N2,7
221,multiplas_emergencias,PREEMPCAO,9,T3_S0,8
221,multiplas_emergencias,PREEMPCAO,9,T3_S1,9
221,multiplas_emergencias,PREEMPCAO,9,T4_N1,9
221,multiplas_emergencias,PREEMPCAO,9,T4_N2,14
221,multiplas_emergencias,PREEMPCAO,9,T4_S0,8
221,multiplas_emergencias,PREEMPCAO,9,T4_S1,11
222,multiplas_emergencias,PREEMPCAO_COMPENSADA,9,A1_L0,15
222,multiplas_emergencias,PREEMPCAO_COMPENSADA,9,A1_L1,21
222,multiplas_emergencias,PREEMPCAO_COMPENSADA,9,A1_L2,25
222,multiplas_emergencias,PREEMPCAO_COMPENSADA,9,A1_L3,20
222,multiplas_emergencias,PREEMPCAO_COMPENSADA,9,A1_O1,18
222,multiplas_emergencias,PREEMPCAO_COMPENSADA,9,A1_O2,20
222,multiplas_emergencias,PREEMPCAO_COMPENSADA,9,A1_O3,19
222,multiplas_emergencias,PREEMPCAO_COMPENSADA,9,A1_O4,14
222,multiplas_emergencias,PREEMPCAO_COMPENSADA,9,A2_L0,13
222,multiplas_emergencias,PREEMPCAO_COMPENSADA,9,A2_L1,24
222,multiplas_emergencias,PREEMPCAO_COMPENSADA,9,A2_L2,26
222,multiplas_emergencias,PREEMPCAO_COMPENSADA,9,A2_L3,21
222,multiplas_emergencias,PREEMPCAO_COMPENSADA,9,A2_O1,21
222,multiplas_emergencias,PREEMPCAO_COMPENSADA,9,A2_O2,19
222,multiplas_emergencias,PREEMPCAO_COMPENSADA,9,A2_O3,19
222,multiplas_emergencias,PREEMPCAO_COMPENSADA,9,A2_O4,12
222,multiplas_emergencias,PREEMPCAO_COMPENSADA,9,T1_N1,9
222,multiplas_emergencias,PREEMPCAO_COMPENSADA,9,T1_N2,7
222,multiplas_emergencias,PREEMPCAO_COMPENSADA,9,T1_S0,9
222,multiplas_emergencias,PREEMPCAO_COMPENSADA,9,T1_S1,11
222,multiplas_emergencias,PREEMPCAO_COMPENSADA,9,T2_N1,13
222,multiplas_emergencias,PREEMPCAO_COMPENSADA,9,T2_N2,13
222,multiplas_emergencias,PREEMPCAO_COMPENSADA,9,T2_S0,9
222,multiplas_emergencias,PREEMPCAO_COMPENSADA,9,T2_S1,11
222,multiplas_emergencias,PREEMPCAO_COMPENSADA,9,T3_N1,9
222,multiplas_emergencias,PREEMPCAO_COMPENSADA,9,T3_N2,7
222,multiplas_emergencias,PREEMPCAO_COMPENSADA,9,T3_S0,8
222,multiplas_emergencias,PREEMPCAO_COMPENSADA,9,T3_S1,10
222,multiplas_emergencias,PREEMPCAO_COMPENSADA,9,T4_N1,12
222,multiplas_emergencias,PREEMPCAO_COMPENSADA,9,T4_N2,9
222,multiplas_emergencias,PREEMPCAO_COMPENSADA,9,T4_S0,9
222,multiplas_emergencias,PREEMPCAO_COMPENSADA,9,T4_S1,13
223,multiplas_emergencias,PREEMPCAO_ML,9,A1_L0,16
223,multiplas_emergencias,PREEMPCAO_ML,9,A1_L1,20
223,multiplas_emergencias,PREEMPCAO_ML,9,A1_L2,20
223,multiplas_emergencias,PREEMPCAO_ML,9,A1_L3,20
223,multiplas_emergencias,PREEMPCAO_ML,9,A1_O1,20
223,multiplas_emergencias,PREEMPCAO_ML,9,A1_O2,20
223,multiplas_emergencias,PREEMPCAO_ML,9,A1_O3,18
223,multiplas_emergencias,PREEMPCAO_ML,9,A1_O4,13
223,multiplas_emergencias,PREEMPCAO_ML,9,A2_L0,12
223,multiplas_emergencias,PREEMPCAO_ML,9,A2_L1,20
223,multiplas_emergencias,PREEMPCAO_ML,9,A2_L2,20
223,multiplas_emergencias,PREEMPCAO_ML,9,A2_L3,16
223,multiplas_emergencias,PREEMPCAO_ML,9,A2_O1,17
223,multiplas_emergencias,PREEMPCAO_ML,9,A2_O2,19
223,multiplas_emergencias,PREEMPCAO_ML,9,A2_O3,17
223,multiplas_emergencias,PREEMPCAO_ML,9,A2_O4,12
223,multiplas_emergencias,PREEMPCAO_ML,9,T1_N1,8
223,multiplas_emergencias,PREEMPCAO_ML,9,T1_N2,7
223,multiplas_emergencias,PREEMPCAO_ML,9,T1_S0,8
223,multiplas_emergencias,PREEMPCAO_ML,9,T1_S1,11
223,multiplas_emergencias,PREEMPCAO_ML,9,T2_N1,9
223,multiplas_emergencias,PREEMPCAO_ML,9,T2_N2,10
223,multiplas_emergencias,PREEMPCAO_ML,9,T2_S0,10
223,multiplas_emergencias,PREEMPCAO_ML,9,T2_S1,9
223,multiplas_emergencias,PREEMPCAO_ML,9,T3_N1,8
223,multiplas_emergencias,PREEMPCAO_ML,9,T3_N2,8
223,multiplas_emergencias,PREEMPCAO_ML,9,T3_S0,7
223,multiplas_emergencias,PREEMPCAO_ML,9,T3_S1,8
223,multiplas_emergencias,PREEMPCAO_ML,9,T4_N1,10
223,multiplas_emergencias,PREEMPCAO_ML,9,T4_N2,8
223,multiplas_emergencias,PREEMPCAO_ML,9,T4_S0,7
223,multiplas_emergencias,PREEMPCAO_ML,9,T4_S1,11
224,leve,FIXO,10,A1_L0,7
224,leve,FIXO,10,A1_L1,12
224,leve,FIXO,10,A1_L2,12
224,leve,FIXO,10,A1_L3,12
224,leve,FIXO,10,A1_O1,12
224,leve,FIXO,10,A1_O2,12
224,leve,FIXO,10,A1_O3,12
224,leve,FIXO,10,A1_O4,7
224,leve,FIXO,10,A2_L0,7
224,leve,FIXO,10,A2_L1,11
224,leve,FIXO,10,A2_L2,11
224,leve,FIXO,10,A2_L3,11
224,leve,FIXO,10,A2_O1,11
224,leve,FIXO,10,A2_O2,11
224,leve,FIXO,10,A2_O3,11
224,leve,FIXO,10,A2_O4,7
224,leve,FIXO,10,T1_N1,5
224,leve,FIXO,10,T1_N2,5
224,leve,FIXO,10,T1_S0,4
224,leve,FIXO,10,T1_S1,6
224,leve,FIXO,10,T2_N1,5
224,leve,FIXO,10,T2_N2,3
224,leve,FIXO,10,T2_S0,5
224,leve,FIXO,10,T2_S1,6
224,leve,FIXO,10,T3_N1,7
224,leve,FIXO,10,T3_N2,5
224,leve,FIXO,10,T3_S0,5
224,leve,FIXO,10,T3_S1,5
224,leve,FIXO,10,T4_N1,6
224,leve,FIXO,10,T4_N2,5
224,leve,FIXO,10,T4_S0,4
224,leve,FIXO,10,T4_S1,5
225,leve,PREEMPCAO,10,A1_L0,6
225,leve,PREEMPCAO,10,A1_L1,8
225,leve,PREEMPCAO,10,A1_L2,7
225,leve,PREEMPCAO,10,A1_L3,7
225,leve,PREEMPCAO,10,A1_O1,9
225,leve,PREEMPCAO,10,A1_O2,9
225,leve,PREEMPCAO,10,A1_O3,6
225,leve,PREEMPCAO,10,A1_O4,8
225,leve,PREEMPCAO,10,A2_L0,8
225,leve,PREEMPCAO,10,A2_L1,9
225,leve,PREEMPCAO,10,A2_L2,9
225,leve,PREEMPCAO,10,A2_L3,12
225,leve,PREEMPCAO,10,A2_O1,10
225,leve,PREEMPCAO,10,A2_O2,6
225,leve,PREEMPCAO,10,A2_O3,11
225,leve,PREEMPCAO,10,A2_O4,7
225,leve,PREEMPCAO,10,T1_N1,6
225,leve,PREEMPCAO,10,T1_N2,5
225,leve,PREEMPCAO,10,T1_S0,6
225,leve,PREEMPCAO,10,T1_S1,6
225,leve,PREEMPCAO,10,T2_N1,5
225,leve,PREEMPCAO,10,T2_N2,4
225,leve,PREEMPCAO,10,T2_S0,4
225,leve,PREEMPCAO,10,T2_S1,7
225,leve,PREEMPCAO,10,T3_N1,7
225,leve,PREEMPCAO,10,T3_N2,5
225,leve,PREEMPCAO,10,T3_S0,5
225,leve,PREEMPCAO,10,T3_S1,4
225,leve,PREEMPCAO,10,T4_N1,6
225,leve,PREEMPCAO,10,T4_N2,7
225,leve,PREEMPCAO,10,T4_S0,4
225,leve,PREEMPCAO,10,T4_S1,5
226,leve,PREEMPCAO_COMPENSADA,10,A1_L0,6
226,leve,PREEMPCAO_COMPENSADA,10,A1_L1,9
226,leve,PREEMPCAO_COMPENSADA,10,A1_L2,7
226,leve,PREEMPCAO_COMPENSADA,10,A1_L3,11
226,leve,PREEMPCAO_COMPENSADA,10,A1_O1,9
226,leve,PREEMPCAO_COMPENSADA,10,A1_O2,7
226,leve,PREEMPCAO_COMPENSADA,10,A1_O3,10
226,leve,PREEMPCAO_COMPENSADA,10,A1_O4,10
226,leve,PREEMPCAO_COMPENSADA,10,A2_L0,7
226,leve,PREEMPCAO_COMPENSADA,10,A2_L1,11
226,leve,PREEMPCAO_COMPENSADA,10,A2_L2,11
226,leve,PREEMPCAO_COMPENSADA,10,A2_L3,9
226,leve,PREEMPCAO_COMPENSADA,10,A2_O1,11
226,leve,PREEMPCAO_COMPENSADA,10,A2_O2,8
226,leve,PREEMPCAO_COMPENSADA,10,A2_O3,9
226,leve,PREEMPCAO_COMPENSADA,10,A2_O4,7
226,leve,PREEMPCAO_COMPENSADA,10,T1_N1,6
226,leve,PREEMPCAO_COMPENSADA,10,T1_N2,5
226,leve,PREEMPCAO_COMPENSADA,10,T1_S0,5
226,leve,PREEMPCAO_COMPENSADA,10,T1_S1,6
226,leve,PREEMPCAO_COMPENSADA,10,T2_N1,5
226,leve,PREEMPCAO_COMPENSADA,10,T2_N2,4
226,leve,PREEMPCAO_COMPENSADA,10,T2_S0,5
226,leve,PREEMPCAO_COMPENSADA,10,T2_S1,8
226,leve,PREEMPCAO_COMPENSADA,10,T3_N1,7
226,leve,PREEMPCAO_COMPENSADA,10,T3_N2,5
226,leve,PREEMPCAO_COMPENSADA,10,T3_S0,3
226,leve,PREEMPCAO_COMPENSADA,10,T3_S1,5
226,leve,PREEMPCAO_COMPENSADA,10,T4_N1,5
226,leve,PREEMPCAO_COMPENSADA,10,T4_N2,6
226,leve,PREEMPCAO_COMPENSADA,10,T4_S0,6
226,leve,PREEMPCAO_COMPENSADA,10,T4_S1,5
227,moderado,FIXO,10,A1_L0,13
227,moderado,FIXO,10,A1_L1,21
227,moderado,FIXO,10,A1_L2,21
227,moderado,FIXO,10,A1_L3,21
227,moderado,FIXO,10,A1_O1,22
227,moderado,FIXO,10,A1_O2,22
227,moderado,FIXO,10,A1_O3,22
227,moderado,FIXO,10,A1_O4,14
227,moderado,FIXO,10,A2_L0,13
227,moderado,FIXO,10,A2_L1,22
227,moderado,FIXO,10,A2_L2,22
227,moderado,FIXO,10,A2_L3,22
227,moderado,FIXO,10,A2_O1,22
227,moderado,FIXO,10,A2_O2,22
227,moderado,FIXO,10,A2_O3,22
227,moderado,FIXO,10,A2_O4,13
227,moderado,FIXO,10,T1_N1,8
227,moderado,FIXO,10,T1_N2,7
227,moderado,FIXO,10,T1_S0,8
227,moderado,FIXO,10,T1_S1,8
227,moderado,FIXO,10,T2_N1,9
227,moderado,FIXO,10,T2_N2,8
227,moderado,FIXO,10,T2_S0,8
227,moderado,FIXO,10,T2_S1,10
227,moderado,FIXO,10,T3_N1,9
227,moderado,FIXO,10,T3_N2,9
227,moderado,FIXO,10,T3_S0,7
227,moderado,FIXO,10,T3_S1,9
227,moderado,FIXO,10,T4_N1,8
227,moderado,FIXO,10,T4_N2,7
227,moderado,FIXO,10,T4_S0,8
227,moderado,FIXO,10,T4_S1,9
228,moderado,PREEMPCAO,10,A1_L0,16
228,moderado,PREEMPCAO,10,A1_L1,17
228,moderado,PREEMPCAO,10,A1_L2,20
228,moderado,PREEMPCAO,10,A1_L3,14
228,moderado,PREEMPCAO,10,A1_O1,11
228,moderado,PREEMPCAO,10,A1_O2,20
228,moderado,PREEMPCAO,10,A1_O3,19
228,moderado,PREEMPCAO,10,A1_O4,12
228,moderado,PREEMPCAO,10,A2_L0,14
228,moderado,PREEMPCAO,10,A2_L1,20
228,moderado,PREEMPCAO,10,A2_L2,20
228,moderado,PREEMPCAO,10,A2_L3,26
228,moderado,PREEMPCAO,10,A2_O1,18
228,moderado,PREEMPCAO,10,A2_O2,18
228,moderado,PREEMPCAO,10,A2_O3,21
228,moderado,PREEMPCAO,10,A2_O4,15
228,moderado,PREEMPCAO,10,T1_N1,11
228,moderado,PREEMPCAO,10,T1_N2,7
228,moderado,PREEMPCAO,10,T1_S0,7
228,moderado,PREEMPCAO,10,T1_S1,10
228,moderado,PREEMPCAO,10,T2_N1,10
228,moderado,PREEMPCAO,10,T2_N2,8
228,moderado,PREEMPCAO,10,T2_S0,9
228,moderado,PREEMPCAO,10,T2_S1,9
228,moderado,PREEMPCAO,10,T3_N1,10
228,moderado,PREEMPCAO,10,T3_N2,9
228,moderado,PREEMPCAO,10,T3_S0,9
228,moderado,PREEMPCAO,10,T3_S1,8
228,moderado,PREEMPCAO,10,T4_N1,10
228,moderado,PREEMPCAO,10,T4_N2,9
228,moderado,PREEMPCAO,10,T4_S0,8
228,moderado,PREEMPCAO,10,T4_S1,10
229,moderado,PREEMPCAO_COMPENSADA,10,A1_L0,14
229,moderado,PREEMPCAO_COMPENSADA,10,A1_L1,17
229,moderado,PREEMPCAO_COMPENSADA,10,A1_L2,13
229,moderado,PREEMPCAO_COMPENSADA,10,A1_L3,16
229,moderado,PREEMPCAO_COMPENSADA,10,A1_O1,16
229,moderado,PREEMPCAO_COMPENSADA,10,A1_O2,17
229,moderado,PREEMPCAO_COMPENSADA,10,A1_O3,18
229,moderado,PREEMPCAO_COMPENSADA,10,A1_O4,14
229,moderado,PREEMPCAO_COMPENSADA,10,A2_L0,14
229,moderado,PREEMPCAO_COMPENSADA,10,A2_L1,20
229,moderado,PREEMPCAO_COMPENSADA,10,A2_L2,20
229,moderado,PREEMPCAO_COMPENSADA,10,A2_L3,23
229,moderado,PREEMPCAO_COMPENSADA,10,A2_O1,18
229,moderado,PREEMPCAO_COMPENSADA,10,A2_O2,20
229,moderado,PREEMPCAO_COMPENSADA,10,A2_O3,24
229,moderado,PREEMPCAO_COMPENSADA,10,A2_O4,14
229,moderado,PREEMPCAO_COMPENSADA,10,T1_N1,9
229,moderado,PREEMPCAO_COMPENSADA,10,T1_N2,6
229,moderado,PREEMPCAO_COMPENSADA,10,T1_S0,9
229,moderado,PREEMPCAO_COMPENSADA,10,T1_S1,11
229,moderado,PREEMPCAO_COMPENSADA,10,T2_N1,11
229,moderado,PREEMPCAO_COMPENSADA,10,T2_N2,8
229,moderado,PREEMPCAO_COMPENSADA,10,T2_S0,8
229,moderado,PREEMPCAO_COMPENSADA,10,T2_S1,9
229,moderado,PREEMPCAO_COMPENSADA,10,T3_N1,10
229,moderado,PREEMPCAO_COMPENSADA,10,T3_N2,9
229,moderado,PREEMPCAO_COMPENSADA,10,T3_S0,8
229,moderado,PREEMPCAO_COMPENSADA,10,T3_S1,7
229,moderado,PREEMPCAO_COMPENSADA,10,T4_N1,10
229,moderado,PREEMPCAO_COMPENSADA,10,T4_N2,8
229,moderado,PREEMPCAO_COMPENSADA,10,T4_S0,8
229,moderado,PREEMPCAO_COMPENSADA,10,T4_S1,10
230,intenso,FIXO,10,A1_L0,23
230,intenso,FIXO,10,A1_L1,28
230,intenso,FIXO,10,A1_L2,28
230,intenso,FIXO,10,A1_L3,28
230,intenso,FIXO,10,A1_O1,28
230,intenso,FIXO,10,A1_O2,27
230,intenso,FIXO,10,A1_O3,27
230,intenso,FIXO,10,A1_O4,23
230,intenso,FIXO,10,A2_L0,26
230,intenso,FIXO,10,A2_L1,28
230,intenso,FIXO,10,A2_L2,28
230,intenso,FIXO,10,A2_L3,28
230,intenso,FIXO,10,A2_O1,27
230,intenso,FIXO,10,A2_O2,27
230,intenso,FIXO,10,A2_O3,28
230,intenso,FIXO,10,A2_O4,22
230,intenso,FIXO,10,T1_N1,14
230,intenso,FIXO,10,T1_N2,15
230,intenso,FIXO,10,T1_S0,14
230,intenso,FIXO,10,T1_S1,9
230,intenso,FIXO,10,T2_N1,9
230,intenso,FIXO,10,T2_N2,14
230,intenso,FIXO,10,T2_S0,15
230,intenso,FIXO,10,T2_S1,9
230,intenso,FIXO,10,T3_N1,9
230,intenso,FIXO,10,T3_N2,12
230,intenso,FIXO,10,T3_S0,14
230,intenso,FIXO,10,T3_S1,9
230,intenso,FIXO,10,T4_N1,9
230,intenso,FIXO,10,T4_N2,14
230,intenso,FIXO,10,T4_S0,15
230,intenso,FIXO,10,T4_S1,10
231,intenso,PREEMPCAO,10,A1_L0,22
231,intenso,PREEMPCAO,10,A1_L1,28
231,intenso,PREEMPCAO,10,A1_L2,28
231,intenso,PREEMPCAO,10,A1_L3,28
231,intenso,PREEMPCAO,10,A1_O1,28
231,intenso,PREEMPCAO,10,A1_O2,27
231,intenso,PREEMPCAO,10,A1_O3,27
231,intenso,PREEMPCAO,10,A1_O4,22
231,intenso,PREEMPCAO,10,A2_L0,22
231,intenso,PREEMPCAO,10,A2_L1,26
231,intenso,PREEMPCAO,10,A2_L2,27
231,intenso,PREEMPCAO,10,A2_L3,28
231,intenso,PREEMPCAO,10,A2_O1,28
231,intenso,PREEMPCAO,10,A2_O2,25
231,intenso,PREEMPCAO,10,A2_O3,26
231,intenso,PREEMPCAO,10,A2_O4,25
231,intenso,PREEMPCAO,10,T1_N1,15
231,intenso,PREEMPCAO,10,T1_N2,15
231,intenso,PREEMPCAO,10,T1_S0,13
231,intenso,PREEMPCAO,10,T1_S1,13
231,intenso,PREEMPCAO,10,T2_N1,13
231,intenso,PREEMPCAO,10,T2_N2,15
231,intenso,PREEMPCAO,10,T2_S0,15
231,intenso,PREEMPCAO,10,T2_S1,15
231,intenso,PREEMPCAO,10,T3_N1,15
231,intenso,PREEMPCAO,10,T3_N2,12
231,intenso,PREEMPCAO,10,T3_S0,15
231,intenso,PREEMPCAO,10,T3_S1,14
231,intenso,PREEMPCAO,10,T4_N1,11
231,intenso,PREEMPCAO,10,T4_N2,13
231,intenso,PREEMPCAO,10,T4_S0,15
231,intenso,PREEMPCAO,10,T4_S1,12
232,intenso,PREEMPCAO_COMPENSADA,10,A1_L0,26
232,intenso,PREEMPCAO_COMPENSADA,10,A1_L1,28
232,intenso,PREEMPCAO_COMPENSADA,10,A1_L2,29
232,intenso,PREEMPCAO_COMPENSADA,10,A1_L3,28
232,intenso,PREEMPCAO_COMPENSADA,10,A1_O1,29
232,intenso,PREEMPCAO_COMPENSADA,10,A1_O2,27
232,intenso,PREEMPCAO_COMPENSADA,10,A1_O3,28
232,intenso,PREEMPCAO_COMPENSADA,10,A1_O4,24
232,intenso,PREEMPCAO_COMPENSADA,10,A2_L0,30
232,intenso,PREEMPCAO_COMPENSADA,10,A2_L1,26
232,intenso,PREEMPCAO_COMPENSADA,10,A2_L2,28
232,intenso,PREEMPCAO_COMPENSADA,10,A2_L3,29
232,intenso,PREEMPCAO_COMPENSADA,10,A2_O1,26
232,intenso,PREEMPCAO_COMPENSADA,10,A2_O2,26
232,intenso,PREEMPCAO_COMPENSADA,10,A2_O3,29
232,intenso,PREEMPCAO_COMPENSADA,10,A2_O4,25
232,intenso,PREEMPCAO_COMPENSADA,10,T1_N1,15
232,intenso,PREEMPCAO_COMPENSADA,10,T1_N2,15
232,intenso,PREEMPCAO_COMPENSADA,10,T1_S0,11
232,intenso,PREEMPCAO_COMPENSADA,10,T1_S1,14
232,intenso,PREEMPCAO_COMPENSADA,10,T2_N1,15
232,intenso,PREEMPCAO_COMPENSADA,10,T2_N2,15
232,intenso,PREEMPCAO_COMPENSADA,10,T2_S0,14
232,intenso,PREEMPCAO_COMPENSADA,10,T2_S1,15
232,intenso,PREEMPCAO_COMPENSADA,10,T3_N1,13
232,intenso,PREEMPCAO_COMPENSADA,10,T3_N2,13
232,intenso,PREEMPCAO_COMPENSADA,10,T3_S0,15
232,intenso,PREEMPCAO_COMPENSADA,10,T3_S1,15
232,intenso,PREEMPCAO_COMPENSADA,10,T4_N1,14
232,intenso,PREEMPCAO_COMPENSADA,10,T4_N2,14
232,intenso,PREEMPCAO_COMPENSADA,10,T4_S0,15
232,intenso,PREEMPCAO_COMPENSADA,10,T4_S1,15
233,multiplas_emergencias,FIXO,10,A1_L0,13
233,multiplas_emergencias,FIXO,10,A1_L1,21
233,multiplas_emergencias,FIXO,10,A1_L2,21
233,multiplas_emergencias,FIXO,10,A1_L3,21
233,multiplas_emergencias,FIXO,10,A1_O1,22
233,multiplas_emergencias,FIXO,10,A1_O2,22
233,multiplas_emergencias,FIXO,10,A1_O3,22
233,multiplas_emergencias,FIXO,10,A1_O4,15
233,multiplas_emergencias,FIXO,10,A2_L0,13
233,multiplas_emergencias,FIXO,10,A2_L1,22
233,multiplas_emergencias,FIXO,10,A2_L2,22
233,multiplas_emergencias,FIXO,10,A2_L3,22
233,multiplas_emergencias,FIXO,10,A2_O1,22
233,multiplas_emergencias,FIXO,10,A2_O2,22
233,multiplas_emergencias,FIXO,10,A2_O3,22
233,multiplas_emergencias,FIXO,10,A2_O4,13
233,multiplas_emergencias,FIXO,10,T1_N1,8
233,multiplas_emergencias,FIXO,10,T1_N2,7
233,multiplas_emergencias,FIXO,10,T1_S0,8
233,multiplas_emergencias,FIXO,10,T1_S1,8
233,multiplas_emergencias,FIXO,10,T2_N1,9
233,multiplas_emergencias,FIXO,10,T2_N2,8
233,multiplas_emergencias,FIXO,10,T2_S0,8
233,multiplas_emergencias,FIXO,10,T2_S1,13
233,multiplas_emergencias,FIXO,10,T3_N1,9
233,multiplas_emergencias,FIXO,10,T3_N2,9
233,multiplas_emergencias,FIXO,10,T3_S0,7
233,multiplas_emergencias,FIXO,10,T3_S1,9
233,multiplas_emergencias,FIXO,10,T4_N1,8
233,multiplas_emergencias,FIXO,10,T4_N2,7
233,multiplas_emergencias,FIXO,10,T4_S0,8
233,multiplas_emergencias,FIXO,10,T4_S1,9
234,multiplas_emergencias,PREEMPCAO,10,A1_L0,16
234,multiplas_emergencias,PREEMPCAO,10,A1_L1,17
234,multiplas_emergencias,PREEMPCAO,10,A1_L2,15
234,multiplas_emergencias,PREEMPCAO,10,A1_L3,13
234,multiplas_emergencias,PREEMPCAO,10,A1_O1,22
234,multiplas_emergencias,PREEMPCAO,10,A1_O2,16
234,multiplas_emergencias,PREEMPCAO,10,A1_O3,19
234,multiplas_emergencias,PREEMPCAO,10,A1_O4,14
234,multiplas_emergencias,PREEMPCAO,10,A2_L0,12
234,multiplas_emergencias,PREEMPCAO,10,A2_L1,20
234,multiplas_emergencias,PREEMPCAO,10,A2_L2,20
234,multiplas_emergencias,PREEMPCAO,10,A2_L3,23
234,multiplas_emergencias,PREEMPCAO,10,A2_O1,24
234,multiplas_emergencias,PREEMPCAO,10,A2_O2,23
234,multiplas_emergencias,PREEMPCAO,10,A2_O3,23
234,multiplas_emergencias,PREEMPCAO,10,A2_O4,16
234,multiplas_emergencias,PREEMPCAO,10,T1_N1,6
234,multiplas_emergencias,PREEMPCAO,10,T1_N2,9
234,multiplas_emergencias,PREEMPCAO,10,T1_S0,7
234,multiplas_emergencias,PREEMPCAO,10,T1_S1,10
234,multiplas_emergencias,PREEMPCAO,10,T2_N1,10
234,multiplas_emergencias,PREEMPCAO,10,T2_N2,9
234,multiplas_emergencias,PREEMPCAO,10,T2_S0,7
234,multiplas_emergencias,PREEMPCAO,10,T2_S1,11
234,multiplas_emergencias,PREEMPCAO,10,T3_N1,11
234,multiplas_emergencias,PREEMPCAO,10,T3_N2,9
234,multiplas_emergencias,PREEMPCAO,10,T3_S0,9
234,multiplas_emergencias,PREEMPCAO,10,T3_S1,9
234,multiplas_emergencias,PREEMPCAO,10,T4_N1,9
234,multiplas_emergencias,PREEMPCAO,10,T4_N2,9
234,multiplas_emergencias,PREEMPCAO,10,T4_S0,8
234,multiplas_emergencias,PREEMPCAO,10,T4_S1,8
235,multiplas_emergencias,PREEMPCAO_COMPENSADA,10,A1_L0,14
235,multiplas_emergencias,PREEMPCAO_COMPENSADA,10,A1_L1,20
235,multiplas_emergencias,PREEMPCAO_COMPENSADA,10,A1_L2,13
235,multiplas_emergencias,PREEMPCAO_COMPENSADA,10,A1_L3,13
235,multiplas_emergencias,PREEMPCAO_COMPENSADA,10,A1_O1,21
235,multiplas_emergencias,PREEMPCAO_COMPENSADA,10,A1_O2,19
235,multiplas_emergencias,PREEMPCAO_COMPENSADA,10,A1_O3,19
235,multiplas_emergencias,PREEMPCAO_COMPENSADA,10,A1_O4,13
235,multiplas_emergencias,PREEMPCAO_COMPENSADA,10,A2_L0,16
235,multiplas_emergencias,PREEMPCAO_COMPENSADA,10,A2_L1,20
235,multiplas_emergencias,PREEMPCAO_COMPENSADA,10,A2_L2,19
235,multiplas_emergencias,PREEMPCAO_COMPENSADA,10,A2_L3,20
235,multiplas_emergencias,PREEMPCAO_COMPENSADA,10,A2_O1,18
235,multiplas_emergencias,PREEMPCAO_COMPENSADA,10,A2_O2,18
235,multiplas_emergencias,PREEMPCAO_COMPENSADA,10,A2_O3,25
235,multiplas_emergencias,PREEMPCAO_COMPENSADA,10,A2_O4,18
235,multiplas_emergencias,PREEMPCAO_COMPENSADA,10,T1_N1,13
235,multiplas_emergencias,PREEMPCAO_COMPENSADA,10,T1_N2,8
235,multiplas_emergencias,PREEMPCAO_COMPENSADA,10,T1_S0,9
235,multiplas_emergencias,PREEMPCAO_COMPENSADA,10,T1_S1,12
235,multiplas_emergencias,PREEMPCAO_COMPENSADA,10,T2_N1,11
235,multiplas_emergencias,PREEMPCAO_COMPENSADA,10,T2_N2,9
235,multiplas_emergencias,PREEMPCAO_COMPENSADA,10,T2_S0,8
235,multiplas_emergencias,PREEMPCAO_COMPENSADA,10,T2_S1,11
235,multiplas_emergencias,PREEMPCAO_COMPENSADA,10,T3_N1,7
235,multiplas_emergencias,PREEMPCAO_COMPENSADA,10,T3_N2,8
235,multiplas_emergencias,PREEMPCAO_COMPENSADA,10,T3_S0,7
235,multiplas_emergencias,PREEMPCAO_COMPENSADA,10,T3_S1,7
235,multiplas_emergencias,PREEMPCAO_COMPENSADA,10,T4_N1,9
235,multiplas_emergencias,PREEMPCAO_COMPENSADA,10,T4_N2,9
235,multiplas_emergencias,PREEMPCAO_COMPENSADA,10,T4_S0,9
235,multiplas_emergencias,PREEMPCAO_COMPENSADA,10,T4_S1,9
236,multiplas_emergencias,PREEMPCAO_ML,10,A1_L0,16
236,multiplas_emergencias,PREEMPCAO_ML,10,A1_L1,17
236,multiplas_emergencias,PREEMPCAO_ML,10,A1_L2,13
236,multiplas_emergencias,PREEMPCAO_ML,10,A1_L3,13
236,multiplas_emergencias,PREEMPCAO_ML,10,A1_O1,16
236,multiplas_emergencias,PREEMPCAO_ML,10,A1_O2,17
236,multiplas_emergencias,PREEMPCAO_ML,10,A1_O3,17
236,multiplas_emergencias,PREEMPCAO_ML,10,A1_O4,14
236,multiplas_emergencias,PREEMPCAO_ML,10,A2_L0,16
236,multiplas_emergencias,PREEMPCAO_ML,10,A2_L1,15
236,multiplas_emergencias,PREEMPCAO_ML,10,A2_L2,17
236,multiplas_emergencias,PREEMPCAO_ML,10,A2_L3,18
236,multiplas_emergencias,PREEMPCAO_ML,10,A2_O1,18
236,multiplas_emergencias,PREEMPCAO_ML,10,A2_O2,20
236,multiplas_emergencias,PREEMPCAO_ML,10,A2_O3,18
236,multiplas_emergencias,PREEMPCAO_ML,10,A2_O4,12
236,multiplas_emergencias,PREEMPCAO_ML,10,T1_N1,8
236,multiplas_emergencias,PREEMPCAO_ML,10,T1_N2,8
236,multiplas_emergencias,PREEMPCAO_ML,10,T1_S0,7
236,multiplas_emergencias,PREEMPCAO_ML,10,T1_S1,10
236,multiplas_emergencias,PREEMPCAO_ML,10,T2_N1,10
236,multiplas_emergencias,PREEMPCAO_ML,10,T2_N2,8
236,multiplas_emergencias,PREEMPCAO_ML,10,T2_S0,9
236,multiplas_emergencias,PREEMPCAO_ML,10,T2_S1,9
236,multiplas_emergencias,PREEMPCAO_ML,10,T3_N1,10
236,multiplas_emergencias,PREEMPCAO_ML,10,T3_N2,9
236,multiplas_emergencias,PREEMPCAO_ML,10,T3_S0,8
236,multiplas_emergencias,PREEMPCAO_ML,10,T3_S1,8
236,multiplas_emergencias,PREEMPCAO_ML,10,T4_N1,10
236,multiplas_emergencias,PREEMPCAO_ML,10,T4_N2,8
236,multiplas_emergencias,PREEMPCAO_ML,10,T4_S0,8
236,multiplas_emergencias,PREEMPCAO_ML,10,T4_S1,8
237,leve,FIXO,11,A1_L0,11
237,leve,FIXO,11,A1_L1,13
237,leve,FIXO,11,A1_L2,13
237,leve,FIXO,11,A1_L3,13
237,leve,FIXO,11,A1_O1,12
237,leve,FIXO,11,A1_O2,12
237,leve,FIXO,11,A1_O3,12
237,leve,FIXO,11,A1_O4,8
237,leve,FIXO,11,A2_L0,7
237,leve,FIXO,11,A2_L1,12
237,leve,FIXO,11,A2_L2,12
237,leve,FIXO,11,A2_L3,12
237,leve,FIXO,11,A2_O1,13
237,leve,FIXO,11,A2_O2,13
237,leve,FIXO,11,A2_O3,13
237,leve,FIXO,11,A2_O4,8
237,leve,FIXO,11,T1_N1,6
237,leve,FIXO,11,T1_N2,5
237,leve,FIXO,11,T1_S0,6
237,leve,FIXO,11,T1_S1,7
237,leve,FIXO,11,T2_N1,6
237,leve,FIXO,11,T2_N2,5
237,leve,FIXO,11,T2_S0,7
237,leve,FIXO,11,T2_S1,7
237,leve,FIXO,11,T3_N1,6
237,leve,FIXO,11,T3_N2,5
237,leve,FIXO,11,T3_S0,4
237,leve,FIXO,11,T3_S1,5
237,leve,FIXO,11,T4_N1,8
237,leve,FIXO,11,T4_N2,6
237,leve,FIXO,11,T4_S0,5
237,leve,FIXO,11,T4_S1,7
238,leve,PREEMPCAO,11,A1_L0,7
238,leve,PREEMPCAO,11,A1_L1,9
238,leve,PREEMPCAO,11,A1_L2,9
238,leve,PREEMPCAO,11,A1_L3,9
238,leve,PREEMPCAO,11,A1_O1,5
238,leve,PREEMPCAO,11,A1_O2,5
238,leve,PREEMPCAO,11,A1_O3,9
238,leve,PREEMPCAO,11,A1_O4,8
238,leve,PREEMPCAO,11,A2_L0,6
238,leve,PREEMPCAO,11,A2_L1,11
238,leve,PREEMPCAO,11,A2_L2,11
238,leve,PREEMPCAO,11,A2_L3,12
238,leve,PREEMPCAO,11,A2_O1,9
238,leve,PREEMPCAO,11,A2_O2,9
238,leve,PREEMPCAO,11,A2_O3,11
238,leve,PREEMPCAO,11,A2_O4,7
238,leve,PREEMPCAO,11,T1_N1,6
238,leve,PREEMPCAO,11,T1_N2,4
238,leve,PREEMPCAO,11,T1_S0,6
238,leve,PREEMPCAO,11,T1_S1,9
238,leve,PREEMPCAO,11,T2_N1,5
238,leve,PREEMPCAO,11,T2_N2,4
238,leve,PREEMPCAO,11,T2_S0,7
238,leve,PREEMPCAO,11,T2_S1,7
238,leve,PREEMPCAO,11,T3_N1,3
238,leve,PREEMPCAO,11,T3_N2,5
238,leve,PREEMPCAO,11,T3_S0,4
238,leve,PREEMPCAO,11,T3_S1,5
238,leve,PREEMPCAO,11,T4_N1,6
238,leve,PREEMPCAO,11,T4_N2,5
238,leve,PREEMPCAO,11,T4_S0,5
238,leve,PREEMPCAO,11,T4_S1,7
239,leve,PREEMPCAO_COMPENSADA,11,A1_L0,6
239,leve,PREEMPCAO_COMPENSADA,11,A1_L1,9
239,leve,PREEMPCAO_COMPENSADA,11,A1_L2,9
239,leve,PREEMPCAO_COMPENSADA,11,A1_L3,9
239,leve,PREEMPCAO_COMPENSADA,11,A1_O1,8
239,leve,PREEMPCAO_COMPENSADA,11,A1_O2,13
239,leve,PREEMPCAO_COMPENSADA,11,A1_O3,9
239,leve,PREEMPCAO_COMPENSADA,11,A1_O4,8
239,leve,PREEMPCAO_COMPENSADA,11,A2_L0,7
239,leve,PREEMPCAO_COMPENSADA,11,A2_L1,11
239,leve,PREEMPCAO_COMPENSADA,11,A2_L2,11
239,leve,PREEMPCAO_COMPENSADA,11,A2_L3,12
239,leve,PREEMPCAO_COMPENSADA,11,A2_O1,9
239,leve,PREEMPCAO_COMPENSADA,11,A2_O2,9
239,leve,PREEMPCAO_COMPENSADA,11,A2_O3,11
239,leve,PREEMPCAO_COMPENSADA,11,A2_O4,6
239,leve,PREEMPCAO_COMPENSADA,11,T1_N1,6
239,leve,PREEMPCAO_COMPENSADA,11,T1_N2,5
239,leve,PREEMPCAO_COMPENSADA,11,T1_S0,6
239,leve,PREEMPCAO_COMPENSADA,11,T1_S1,8
239,leve,PREEMPCAO_COMPENSADA,11,T2_N1,5
239,leve,PREEMPCAO_COMPENSADA,11,T2_N2,4
239,leve,PREEMPCAO_COMPENSADA,11,T2_S0,7
239,leve,PREEMPCAO_COMPENSADA,11,T2_S1,6
239,leve,PREEMPCAO_COMPENSADA,11,T3_N1,5
239,leve,PREEMPCAO_COMPENSADA,11,T3_N2,4
239,leve,PREEMPCAO_COMPENSADA,11,T3_S0,4
239,leve,PREEMPCAO_COMPENSADA,11,T3_S1,5
239,leve,PREEMPCAO_COMPENSADA,11,T4_N1,5
239,leve,PREEMPCAO_COMPENSADA,11,T4_N2,4
239,leve,PREEMPCAO_COMPENSADA,11,T4_S0,4
239,leve,PREEMPCAO_COMPENSADA,11,T4_S1,6
240,moderado,FIXO,11,A1_L0,13
240,moderado,FIXO,11,A1_L1,22
240,moderado,FIXO,11,A1_L2,23
240,moderado,FIXO,11,A1_L3,23
240,moderado,FIXO,11,A1_O1,22
240,moderado,FIXO,11,A1_O2,22
240,moderado,FIXO,11,A1_O3,22
240,moderado,FIXO,11,A1_O4,18
240,moderado,FIXO,11,A2_L0,15
240,moderado,FIXO,11,A2_L1,23
240,moderado,FIXO,11,A2_L2,23
240,moderado,FIXO,11,A2_L3,23
240,moderado,FIXO,11,A2_O1,25
240,moderado,FIXO,11,A2_O2,25
240,moderado,FIXO,11,A2_O3,25
240,moderado,FIXO,11,A2_O4,12
240,moderado,FIXO,11,T1_N1,8
240,moderado,FIXO,11,T1_N2,7
240,moderado,FIXO,11,T1_S0,11
240,moderado,FIXO,11,T1_S1,9
240,moderado,FIXO,11,T2_N1,9
240,moderado,FIXO,11,T2_N2,9
240,moderado,FIXO,11,T2_S0,7
240,moderado,FIXO,11,T2_S1,9
240,moderado,FIXO,11,T3_N1,9
240,moderado,FIXO,11,T3_N2,8
240,moderado,FIXO,11,T3_S0,8
240,moderado,FIXO,11,T3_S1,9
240,moderado,FIXO,11,T4_N1,9
240,moderado,FIXO,11,T4_N2,11
240,moderado,FIXO,11,T4_S0,9
240,moderado,FIXO,11,T4_S1,9
241,moderado,PREEMPCAO,11,A1_L0,12
241,moderado,PREEMPCAO,11,A1_L1,18
241,moderado,PREEMPCAO,11,A1_L2,17
241,moderado,PREEMPCAO,11,A1_L3,17
241,moderado,PREEMPCAO,11,A1_O1,19
241,moderado,PREEMPCAO,11,A1_O2,16
241,moderado,PREEMPCAO,11,A1_O3,19
241,moderado,PREEMPCAO,11,A1_O4,13
241,moderado,PREEMPCAO,11,A2_L0,15
241,moderado,PREEMPCAO,11,A2_L1,19
241,moderado,PREEMPCAO,11,A2_L2,19
241,moderado,PREEMPCAO,11,A2_L3,19
241,moderado,PREEMPCAO,11,A2_O1,18
241,moderado,PREEMPCAO,11,A2_O2,18
241,moderado,PREEMPCAO,11,A2_O3,20
241,moderado,PREEMPCAO,11,A2_O4,17
241,moderado,PREEMPCAO,11,T1_N1,13
241,moderado,PREEMPCAO,11,T1_N2,8
241,moderado,PREEMPCAO,11,T1_S0,11
241,moderado,PREEMPCAO,11,T1_S1,11
241,moderado,PREEMPCAO,11,T2_N1,12
241,moderado,PREEMPCAO,11,T2_N2,8
241,moderado,PREEMPCAO,11,T2_S0,7
241,moderado,PREEMPCAO,11,T2_S1,10
241,moderado,PREEMPCAO,11,T3_N1,13
241,moderado,PREEMPCAO,11,T3_N2,9
241,moderado,PREEMPCAO,11,T3_S0,10
241,moderado,PREEMPCAO,11,T3_S1,9
241,moderado,PREEMPCAO,11,T4_N1,9
241,moderado,PREEMPCAO,11,T4_N2,6
241,moderado,PREEMPCAO,11,T4_S0,7
241,moderado,PREEMPCAO,11,T4_S1,13
242,moderado,PREEMPCAO_COMPENSADA,11,A1_L0,13
242,moderado,PREEMPCAO_COMPENSADA,11,A1_L1,19
242,moderado,PREEMPCAO_COMPENSADA,11,A1_L2,20
242,moderado,PREEMPCAO_COMPENSADA,11,A1_L3,25
242,moderado,PREEMPCAO_COMPENSADA,11,A1_O1,21
242,moderado,PREEMPCAO_COMPENSADA,11,A1_O2,22
242,moderado,PREEMPCAO_COMPENSADA,11,A1_O3,19
242,moderado,PREEMPCAO_COMPENSADA,11,A1_O4,14
242,moderado,PREEMPCAO_COMPENSADA,11,A2_L0,17
242,moderado,PREEMPCAO_COMPENSADA,11,A2_L1,19
242,moderado,PREEMPCAO_COMPENSADA,11,A2_L2,20
242,moderado,PREEMPCAO_COMPENSADA,11,A2_L3,22
242,moderado,PREEMPCAO_COMPENSADA,11,A2_O1,18
242,moderado,PREEMPCAO_COMPENSADA,11,A2_O2,18
242,moderado,PREEMPCAO_COMPENSADA,11,A2_O3,27
242,moderado,PREEMPCAO_COMPENSADA,11,A2_O4,15
242,moderado,PREEMPCAO_COMPENSADA,11,T1_N1,8
242,moderado,PREEMPCAO_COMPENSADA,11,T1_N2,8
242,moderado,PREEMPCAO_COMPENSADA,11,T1_S0,8
242,moderado,PREEMPCAO_COMPENSADA,11,T1_S1,11
242,moderado,PREEMPCAO_COMPENSADA,11,T2_N1,12
242,moderado,PREEMPCAO_COMPENSADA,11,T2_N2,7
242,moderado,PREEMPCAO_COMPENSADA,11,T2_S0,8
242,moderado,PREEMPCAO_COMPENSADA,11,T2_S1,9
242,moderado,PREEMPCAO_COMPENSADA,11,T3_N1,9
242,moderado,PREEMPCAO_COMPENSADA,11,T3_N2,9
242,moderado,PREEMPCAO_COMPENSADA,11,T3_S0,7
242,moderado,PREEMPCAO_COMPENSADA,11,T3_S1,13
242,moderado,PREEMPCAO_COMPENSADA,11,T4_N1,10
242,moderado,PREEMPCAO_COMPENSADA,11,T4_N2,8
242,moderado,PREEMPCAO_COMPENSADA,11,T4_S0,8
242,moderado,PREEMPCAO_COMPENSADA,11,T4_S1,12
243,intenso,FIXO,11,A1_L0,22
243,intenso,FIXO,11,A1_L1,28
243,intenso,FIXO,11,A1_L2,27
243,intenso,FIXO,11,A1_L3,28
243,intenso,FIXO,11,A1_O1,27
243,intenso,FIXO,11,A1_O2,27
243,intenso,FIXO,11,A1_O3,27
243,intenso,FIXO,11,A1_O4,27
243,intenso,FIXO,11,A2_L0,25
243,intenso,FIXO,11,A2_L1,28
243,intenso,FIXO,11,A2_L2,28
243,intenso,FIXO,11,A2_L3,28
243,intenso,FIXO,11,A2_O1,28
243,intenso,FIXO,11,A2_O2,28
243,intenso,FIXO,11,A2_O3,28
243,intenso,FIXO,11,A2_O4,18
243,intenso,FIXO,11,T1_N1,10
243,intenso,FIXO,11,T1_N2,12
243,intenso,FIXO,11,T1_S0,15
243,intenso,FIXO,11,T1_S1,9
243,intenso,FIXO,11,T2_N1,10
243,intenso,FIXO,11,T2_N2,15
243,intenso,FIXO,11,T2_S0,13
243,intenso,FIXO,11,T2_S1,11
243,intenso,FIXO,11,T3_N1,9
243,intenso,FIXO,11,T3_N2,14
243,intenso,FIXO,11,T3_S0,15
243,intenso,FIXO,11,T3_S1,9
243,intenso,FIXO,11,T4_N1,9
243,intenso,FIXO,11,T4_N2,13
243,intenso,FIXO,11,T4_S0,14
243,intenso,FIXO,11,T4_S1,10
244,intenso,PREEMPCAO,11,A1_L0,21
244,intenso,PREEMPCAO,11,A1_L1,23
244,intenso,PREEMPCAO,11,A1_L2,24
244,intenso,PREEMPCAO,11,A1_L3,23
244,intenso,PREEMPCAO,11,A1_O1,26
244,intenso,PREEMPCAO,11,A1_O2,26
244,intenso,PREEMPCAO,11,A1_O3,27
244,intenso,PREEMPCAO,11,A1_O4,24
244,intenso,PREEMPCAO,11,A2_L0,25
244,intenso,PREEMPCAO,11,A2_L1,26
244,intenso,PREEMPCAO,11,A2_L2,26
244,intenso,PREEMPCAO,11,A2_L3,30
244,intenso,PREEMPCAO,11,A2_O1,28
244,intenso,PREEMPCAO,11,A2_O2,26
244,intenso,PREEMPCAO,11,A2_O3,27
244,intenso,PREEMPCAO,11,A2_O4,24
244,intenso,PREEMPCAO,11,T1_N1,13
244,intenso,PREEMPCAO,11,T1_N2,13
244,intenso,PREEMPCAO,11,T1_S0,15
244,intenso,PREEMPCAO,11,T1_S1,15
244,intenso,PREEMPCAO,11,T2_N1,13
244,intenso,PREEMPCAO,11,T2_N2,15
244,intenso,PREEMPCAO,11,T2_S0,15
244,intenso,PREEMPCAO,11,T2_S1,15
244,intenso,PREEMPCAO,11,T3_N1,15
244,intenso,PREEMPCAO,11,T3_N2,15
244,intenso,PREEMPCAO,11,T3_S0,15
244,intenso,PREEMPCAO,11,T3_S1,13
244,intenso,PREEMPCAO,11,T4_N1,13
244,intenso,PREEMPCAO,11,T4_N2,13
244,intenso,PREEMPCAO,11,T4_S0,15
244,intenso,PREEMPCAO,11,T4_S1,14
245,intenso,PREEMPCAO_COMPENSADA,11,A1_L0,22
245,intenso,PREEMPCAO_COMPENSADA,11,A1_L1,25
245,intenso,PREEMPCAO_COMPENSADA,11,A1_L2,26
245,intenso,PREEMPCAO_COMPENSADA,11,A1_L3,23
245,intenso,PREEMPCAO_COMPENSADA,11,A1_O1,27
245,intenso,PREEMPCAO_COMPENSADA,11,A1_O2,26
245,intenso,PREEMPCAO_COMPENSADA,11,A1_O3,28
245,intenso,PREEMPCAO_COMPENSADA,11,A1_O4,29
245,intenso,PREEMPCAO_COMPENSADA,11,A2_L0,27
245,intenso,PREEMPCAO_COMPENSADA,11,A2_L1,27
245,intenso,PREEMPCAO_COMPENSADA,11,A2_L2,28
245,intenso,PREEMPCAO_COMPENSADA,11,A2_L3,27
245,intenso,PREEMPCAO_COMPENSADA,11,A2_O1,28
245,intenso,PREEMPCAO_COMPENSADA,11,A2_O2,26
245,intenso,PREEMPCAO_COMPENSADA,11,A2_O3,30
245,intenso,PREEMPCAO_COMPENSADA,11,A2_O4,24
245,intenso,PREEMPCAO_COMPENSADA,11,T1_N1,15
245,intenso,PREEMPCAO_COMPENSADA,11,T1_N2,13
245,intenso,PREEMPCAO_COMPENSADA,11,T1_S0,15
245,intenso,PREEMPCAO_COMPENSADA,11,T1_S1,15
245,intenso,PREEMPCAO_COMPENSADA,11,T2_N1,15
245,intenso,PREEMPCAO_COMPENSADA,11,T2_N2,15
245,intenso,PREEMPCAO_COMPENSADA,11,T2_S0,15
245,intenso,PREEMPCAO_COMPENSADA,11,T2_S1,15
245,intenso,PREEMPCAO_COMPENSADA,11,T3_N1,14
245,intenso,PREEMPCAO_COMPENSADA,11,T3_N2,14
245,intenso,PREEMPCAO_COMPENSADA,11,T3_S0,14
245,intenso,PREEMPCAO_COMPENSADA,11,T3_S1,12
245,intenso,PREEMPCAO_COMPENSADA,11,T4_N1,12
245,intenso,PREEMPCAO_COMPENSADA,11,T4_N2,15
245,intenso,PREEMPCAO_COMPENSADA,11,T4_S0,12
245,intenso,PREEMPCAO_COMPENSADA,11,T4_S1,15
246,multiplas_emergencias,FIXO,11,A1_L0,13
246,multiplas_emergencias,FIXO,11,A1_L1,23
246,multiplas_emergencias,FIXO,11,A1_L2,23
246,multiplas_emergencias,FIXO,11,A1_L3,23
246,multiplas_emergencias,FIXO,11,A1_O1,22
246,multiplas_emergencias,FIXO,11,A1_O2,22
246,multiplas_emergencias,FIXO,11,A1_O3,22
246,multiplas_emergencias,FIXO,11,A1_O4,18
246,multiplas_emergencias,FIXO,11,A2_L0,15
246,multiplas_emergencias,FIXO,11,A2_L1,23
246,multiplas_emergencias,FIXO,11,A2_L2,23
246,multiplas_emergencias,FIXO,11,A2_L3,23
246,multiplas_emergencias,FIXO,11,A2_O1,25
246,multiplas_emergencias,FIXO,11,A2_O2,25
246,multiplas_emergencias,FIXO,11,A2_O3,25
246,multiplas_emergencias,FIXO,11,A2_O4,12
246,multiplas_emergencias,FIXO,11,T1_N1,8
246,multiplas_emergencias,FIXO,11,T1_N2,7
246,multiplas_emergencias,FIXO,11,T1_S0,11
246,multiplas_emergencias,FIXO,11,T1_S1,8
246,multiplas_emergencias,FIXO,11,T2_N1,9
246,multiplas_emergencias,FIXO,11,T2_N2,9
246,multiplas_emergencias,FIXO,11,T2_S0,7
246,multiplas_emergencias,FIXO,11,T2_S1,9
246,multiplas_emergencias,FIXO,11,T3_N1,9
246,multiplas_emergencias,FIXO,11,T3_N2,8
246,multiplas_emergencias,FIXO,11,T3_S0,8
246,multiplas_emergencias,FIXO,11,T3_S1,9
246,multiplas_emergencias,FIXO,11,T4_N1,9
246,multiplas_emergencias,FIXO,11,T4_N2,11
246,multiplas_emergencias,FIXO,11,T4_S0,9
246,multiplas_emergencias,FIXO,11,T4_S1,9
247,multiplas_emergencias,PREEMPCAO,11,A1_L0,12
247,multiplas_emergencias,PREEMPCAO,11,A1_L1,16
247,multiplas_emergencias,PREEMPCAO,11,A1_L2,17
247,multiplas_emergencias,PREEMPCAO,11,A1_L3,17
247,multiplas_emergencias,PREEMPCAO,11,A1_O1,18
247,multiplas_emergencias,PREEMPCAO,11,A1_O2,17
247,multiplas_emergencias,PREEMPCAO,11,A1_O3,19
247,multiplas_emergencias,PREEMPCAO,11,A1_O4,15
247,multiplas_emergencias,PREEMPCAO,11,A2_L0,15
247,multiplas_emergencias,PREEMPCAO,11,A2_L1,19
247,multiplas_emergencias,PREEMPCAO,11,A2_L2,22
247,multiplas_emergencias,PREEMPCAO,11,A2_L3,25
247,multiplas_emergencias,PREEMPCAO,11,A2_O1,18
247,multiplas_emergencias,PREEMPCAO,11,A2_O2,18
247,multiplas_emergencias,PREEMPCAO,11,A2_O3,19
247,multiplas_emergencias,PREEMPCAO,11,A2_O4,13
247,multiplas_emergencias,PREEMPCAO,11,T1_N1,12
247,multiplas_emergencias,PREEMPCAO,11,T1_N2,7
247,multiplas_emergencias,PREEMPCAO,11,T1_S0,11
247,multiplas_emergencias,PREEMPCAO,11,T1_S1,13
247,multiplas_emergencias,PREEMPCAO,11,T2_N1,8
247,multiplas_emergencias,PREEMPCAO,11,T2_N2,7
247,multiplas_emergencias,PREEMPCAO,11,T2_S0,9
247,multiplas_emergencias,PREEMPCAO,11,T2_S1,9
247,multiplas_emergencias,PREEMPCAO,11,T3_N1,13
247,multiplas_emergencias,PREEMPCAO,11,T3_N2,7
247,multiplas_emergencias,PREEMPCAO,11,T3_S0,10
247,multiplas_emergencias,PREEMPCAO,11,T3_S1,12
247,multiplas_emergencias,PREEMPCAO,11,T4_N1,11
247,multiplas_emergencias,PREEMPCAO,11,T4_N2,10
247,multiplas_emergencias,PREEMPCAO,11,T4_S0,9
247,multiplas_emergencias,PREEMPCAO,11,T4_S1,13
248,multiplas_emergencias,PREEMPCAO_COMPENSADA,11,A1_L0,13
248,multiplas_emergencias,PREEMPCAO_COMPENSADA,11,A1_L1,18
248,multiplas_emergencias,PREEMPCAO_COMPENSADA,11,A1_L2,17
248,multiplas_emergencias,PREEMPCAO_COMPENSADA,11,A1_L3,17
248,multiplas_emergencias,PREEMPCAO_COMPENSADA,11,A1_O1,20
248,multiplas_emergencias,PREEMPCAO_COMPENSADA,11,A1_O2,22
248,multiplas_emergencias,PREEMPCAO_COMPENSADA,11,A1_O3,20
248,multiplas_emergencias,PREEMPCAO_COMPENSADA,11,A1_O4,15
248,multiplas_emergencias,PREEMPCAO_COMPENSADA,11,A2_L0,17
248,multiplas_emergencias,PREEMPCAO_COMPENSADA,11,A2_L1,19
248,multiplas_emergencias,PREEMPCAO_COMPENSADA,11,A2_L2,19
248,multiplas_emergencias,PREEMPCAO_COMPENSADA,11,A2_L3,23
248,multiplas_emergencias,PREEMPCAO_COMPENSADA,11,A2_O1,20
248,multiplas_emergencias,PREEMPCAO_COMPENSADA,11,A2_O2,18
248,multiplas_emergencias,PREEMPCAO_COMPENSADA,11,A2_O3,20
248,multiplas_emergencias,PREEMPCAO_COMPENSADA,11,A2_O4,18
248,multiplas_emergencias,PREEMPCAO_COMPENSADA,11,T1_N1,11
248,multiplas_emergencias,PREEMPCAO_COMPENSADA,11,T1_N2,10
248,multiplas_emergencias,PREEMPCAO_COMPENSADA,11,T1_S0,7
248,multiplas_emergencias,PREEMPCAO_COMPENSADA,11,T1_S1,11
248,multiplas_emergencias,PREEMPCAO_COMPENSADA,11,T2_N1,11
248,multiplas_emergencias,PREEMPCAO_COMPENSADA,11,T2_N2,9
248,multiplas_emergencias,PREEMPCAO_COMPENSADA,11,T2_S0,6
248,multiplas_emergencias,PREEMPCAO_COMPENSADA,11,T2_S1,10
248,multiplas_emergencias,PREEMPCAO_COMPENSADA,11,T3_N1,10
248,multiplas_emergencias,PREEMPCAO_COMPENSADA,11,T3_N2,9
248,multiplas_emergencias,PREEMPCAO_COMPENSADA,11,T3_S0,9
248,multiplas_emergencias,PREEMPCAO_COMPENSADA,11,T3_S1,12
248,multiplas_emergencias,PREEMPCAO_COMPENSADA,11,T4_N1,13
248,multiplas_emergencias,PREEMPCAO_COMPENSADA,11,T4_N2,9
248,multiplas_emergencias,PREEMPCAO_COMPENSADA,11,T4_S0,8
248,multiplas_emergencias,PREEMPCAO_COMPENSADA,11,T4_S1,10
249,multiplas_emergencias,PREEMPCAO_ML,11,A1_L0,12
249,multiplas_emergencias,PREEMPCAO_ML,11,A1_L1,16
249,multiplas_emergencias,PREEMPCAO_ML,11,A1_L2,17
249,multiplas_emergencias,PREEMPCAO_ML,11,A1_L3,18
249,multiplas_emergencias,PREEMPCAO_ML,11,A1_O1,15
249,multiplas_emergencias,PREEMPCAO_ML,11,A1_O2,17
249,multiplas_emergencias,PREEMPCAO_ML,11,A1_O3,22
249,multiplas_emergencias,PREEMPCAO_ML,11,A1_O4,15
249,multiplas_emergencias,PREEMPCAO_ML,11,A2_L0,15
249,multiplas_emergencias,PREEMPCAO_ML,11,A2_L1,19
249,multiplas_emergencias,PREEMPCAO_ML,11,A2_L2,19
249,multiplas_emergencias,PREEMPCAO_ML,11,A2_L3,23
249,multiplas_emergencias,PREEMPCAO_ML,11,A2_O1,18
249,multiplas_emergencias,PREEMPCAO_ML,11,A2_O2,18
249,multiplas_emergencias,PREEMPCAO_ML,11,A2_O3,19
249,multiplas_emergencias,PREEMPCAO_ML,11,A2_O4,17
249,multiplas_emergencias,PREEMPCAO_ML,11,T1_N1,8
249,multiplas_emergencias,PREEMPCAO_ML,11,T1_N2,15
249,multiplas_emergencias,PREEMPCAO_ML,11,T1_S0,11
249,multiplas_emergencias,PREEMPCAO_ML,11,T1_S1,13
249,multiplas_emergencias,PREEMPCAO_ML,11,T2_N1,9
249,multiplas_emergencias,PREEMPCAO_ML,11,T2_N2,7
249,multiplas_emergencias,PREEMPCAO_ML,11,T2_S0,8
249,multiplas_emergencias,PREEMPCAO_ML,11,T2_S1,8
249,multiplas_emergencias,PREEMPCAO_ML,11,T3_N1,13
249,multiplas_emergencias,PREEMPCAO_ML,11,T3_N2,11
249,multiplas_emergencias,PREEMPCAO_ML,11,T3_S0,9
249,multiplas_emergencias,PREEMPCAO_ML,11,T3_S1,11
249,multiplas_emergencias,PREEMPCAO_ML,11,T4_N1,11
249,multiplas_emergencias,PREEMPCAO_ML,11,T4_N2,10
249,multiplas_emergencias,PREEMPCAO_ML,11,T4_S0,9
249,multiplas_emergencias,PREEMPCAO_ML,11,T4_S1,9
250,leve,FIXO,12,A1_L0,8
250,leve,FIXO,12,A1_L1,12
250,leve,FIXO,12,A1_L2,13
250,leve,FIXO,12,A1_L3,13
250,leve,FIXO,12,A1_O1,12
250,leve,FIXO,12,A1_O2,12
250,leve,FIXO,12,A1_O3,12
250,leve,FIXO,12,A1_O4,9
250,leve,FIXO,12,A2_L0,7
250,leve,FIXO,12,A2_L1,13
250,leve,FIXO,12,A2_L2,13
250,leve,FIXO,12,A2_L3,13
250,leve,FIXO,12,A2_O1,13
250,leve,FIXO,12,A2_O2,13
250,leve,FIXO,12,A2_O3,12
250,leve,FIXO,12,A2_O4,6
250,leve,FIXO,12,T1_N1,5
250,leve,FIXO,12,T1_N2,5
250,leve,FIXO,12,T1_S0,5
250,leve,FIXO,12,T1_S1,6
250,leve,FIXO,12,T2_N1,6
250,leve,FIXO,12,T2_N2,5
250,leve,FIXO,12,T2_S0,5
250,leve,FIXO,12,T2_S1,7
250,leve,FIXO,12,T3_N1,8
250,leve,FIXO,12,T3_N2,5
250,leve,FIXO,12,T3_S0,4
250,leve,FIXO,12,T3_S1,7
250,leve,FIXO,12,T4_N1,5
250,leve,FIXO,12,T4_N2,5
250,leve,FIXO,12,T4_S0,5
250,leve,FIXO,12,T4_S1,7
251,leve,PREEMPCAO,12,A1_L0,8
251,leve,PREEMPCAO,12,A1_L1,8
251,leve,PREEMPCAO,12,A1_L2,8
251,leve,PREEMPCAO,12,A1_L3,8
251,leve,PREEMPCAO,12,A1_O1,9
251,leve,PREEMPCAO,12,A1_O2,10
251,leve,PREEMPCAO,12,A1_O3,10
251,leve,PREEMPCAO,12,A1_O4,9
251,leve,PREEMPCAO,12,A2_L0,8
251,leve,PREEMPCAO,12,A2_L1,9
251,leve,PREEMPCAO,12,A2_L2,10
251,leve,PREEMPCAO,12,A2_L3,10
251,leve,PREEMPCAO,12,A2_O1,8
251,leve,PREEMPCAO,12,A2_O2,8
251,leve,PREEMPCAO,12,A2_O3,10
251,leve,PREEMPCAO,12,A2_O4,7
251,leve,PREEMPCAO,12,T1_N1,6
251,leve,PREEMPCAO,12,T1_N2,5
251,leve,PREEMPCAO,12,T1_S0,6
251,leve,PREEMPCAO,12,T1_S1,6
251,leve,PREEMPCAO,12,T2_N1,5
251,leve,PREEMPCAO,12,T2_N2,5
251,leve,PREEMPCAO,12,T2_S0,4
251,leve,PREEMPCAO,12,T2_S1,5
251,leve,PREEMPCAO,12,T3_N1,5
251,leve,PREEMPCAO,12,T3_N2,5
251,leve,PREEMPCAO,12,T3_S0,5
251,leve,PREEMPCAO,12,T3_S1,5
251,leve,PREEMPCAO,12,T4_N1,5
251,leve,PREEMPCAO,12,T4_N2,4
251,leve,PREEMPCAO,12,T4_S0,5
251,leve,PREEMPCAO,12,T4_S1,6
252,leve,PREEMPCAO_COMPENSADA,12,A1_L0,6
252,leve,PREEMPCAO_COMPENSADA,12,A1_L1,12
252,leve,PREEMPCAO_COMPENSADA,12,A1_L2,10
252,leve,PREEMPCAO_COMPENSADA,12,A1_L3,8
252,leve,PREEMPCAO_COMPENSADA,12,A1_O1,8
252,leve,PREEMPCAO_COMPENSADA,12,A1_O2,12
252,leve,PREEMPCAO_COMPENSADA,12,A1_O3,10
252,leve,PREEMPCAO_COMPENSADA,12,A1_O4,9
252,leve,PREEMPCAO_COMPENSADA,12,A2_L0,8
252,leve,PREEMPCAO_COMPENSADA,12,A2_L1,10
252,leve,PREEMPCAO_COMPENSADA,12,A2_L2,11
252,leve,PREEMPCAO_COMPENSADA,12,A2_L3,9
252,leve,PREEMPCAO_COMPENSADA,12,A2_O1,9
252,leve,PREEMPCAO_COMPENSADA,12,A2_O2,8
252,leve,PREEMPCAO_COMPENSADA,12,A2_O3,9
252,leve,PREEMPCAO_COMPENSADA,12,A2_O4,6
252,leve,PREEMPCAO_COMPENSADA,12,T1_N1,5
252,leve,PREEMPCAO_COMPENSADA,12,T1_N2,5
252,leve,PREEMPCAO_COMPENSADA,12,T1_S0,5
252,leve,PREEMPCAO_COMPENSADA,12,T1_S1,5
252,leve,PREEMPCAO_COMPENSADA,12,T2_N1,4
252,leve,PREEMPCAO_COMPENSADA,12,T2_N2,4
252,leve,PREEMPCAO_COMPENSADA,12,T2_S0,5
252,leve,PREEMPCAO_COMPENSADA,12,T2_S1,5
252,leve,PREEMPCAO_COMPENSADA,12,T3_N1,7
252,leve,PREEMPCAO_COMPENSADA,12,T3_N2,5
252,leve,PREEMPCAO_COMPENSADA,12,T3_S0,4
252,leve,PREEMPCAO_COMPENSADA,12,T3_S1,5
252,leve,PREEMPCAO_COMPENSADA,12,T4_N1,6
252,leve,PREEMPCAO_COMPENSADA,12,T4_N2,4
252,leve,PREEMPCAO_COMPENSADA,12,T4_S0,6
252,leve,PREEMPCAO_COMPENSADA,12,T4_S1,5
253,moderado,FIXO,12,A1_L0,12
253,moderado,FIXO,12,A1_L1,23
253,moderado,FIXO,12,A1_L2,23
253,moderado,FIXO,12,A1_L3,23
253,moderado,FIXO,12,A1_O1,21
253,moderado,FIXO,12,A1_O2,21
253,moderado,FIXO,12,A1_O3,21
253,moderado,FIXO,12,A1_O4,11
253,moderado,FIXO,12,A2_L0,14
253,moderado,FIXO,12,A2_L1,22
253,moderado,FIXO,12,A2_L2,22
253,moderado,FIXO,12,A2_L3,22
253,moderado,FIXO,12,A2_O1,22
253,moderado,FIXO,12,A2_O2,22
253,moderado,FIXO,12,A2_O3,22
253,moderado,FIXO,12,A2_O4,12
253,moderado,FIXO,12,T1_N1,8
253,moderado,FIXO,12,T1_N2,8
253,moderado,FIXO,12,T1_S0,9
253,moderado,FIXO,12,T1_S1,9
253,moderado,FIXO,12,T2_N1,8
253,moderado,FIXO,12,T2_N2,9
253,moderado,FIXO,12,T2_S0,7
253,moderado,FIXO,12,T2_S1,8
253,moderado,FIXO,12,T3_N1,9
253,moderado,FIXO,12,T3_N2,8
253,moderado,FIXO,12,T3_S0,8
253,moderado,FIXO,12,T3_S1,8
253,moderado,FIXO,12,T4_N1,8
253,moderado,FIXO,12,T4_N2,7
253,moderado,FIXO,12,T4_S0,9
253,moderado,FIXO,12,T4_S1,8
254,moderado,PREEMPCAO,12,A1_L0,13
254,moderado,PREEMPCAO,12,A1_L1,20
254,moderado,PREEMPCAO,12,A1_L2,21
254,moderado,PREEMPCAO,12,A1_L3,21
254,moderado,PREEMPCAO,12,A1_O1,15
254,moderado,PREEMPCAO,12,A1_O2,16
254,moderado,PREEMPCAO,12,A1_O3,16
254,moderado,PREEMPCAO,12,A1_O4,12
254,moderado,PREEMPCAO,12,A2_L0,14
254,moderado,PREEMPCAO,12,A2_L1,17
254,moderado,PREEMPCAO,12,A2_L2,17
254,moderado,PREEMPCAO,12,A2_L3,22
254,moderado,PREEMPCAO,12,A2_O1,15
254,moderado,PREEMPCAO,12,A2_O2,15
254,moderado,PREEMPCAO,12,A2_O3,20
254,moderado,PREEMPCAO,12,A2_O4,12
254,moderado,PREEMPCAO,12,T1_N1,7
254,moderado,PREEMPCAO,12,T1_N2,9
254,moderado,PREEMPCAO,12,T1_S0,9
254,moderado,PREEMPCAO,12,T1_S1,11
254,moderado,PREEMPCAO,12,T2_N1,9
254,moderado,PREEMPCAO,12,T2_N2,8
254,moderado,PREEMPCAO,12,T2_S0,9
254,moderado,PREEMPCAO,12,T2_S1,7
254,moderado,PREEMPCAO,12,T3_N1,9
254,moderado,PREEMPCAO,12,T3_N2,11
254,moderado,PREEMPCAO,12,T3_S0,9
254,moderado,PREEMPCAO,12,T3_S1,12
254,moderado,PREEMPCAO,12,T4_N1,8
254,moderado,PREEMPCAO,12,T4_N2,7
254,moderado,PREEMPCAO,12,T4_S0,9
254,moderado,PREEMPCAO,12,T4_S1,10
255,moderado,PREEMPCAO_COMPENSADA,12,A1_L0,15
255,moderado,PREEMPCAO_COMPENSADA,12,A1_L1,20
255,moderado,PREEMPCAO_COMPENSADA,12,A1_L2,21
255,moderado,PREEMPCAO_COMPENSADA,12,A1_L3,21
255,moderado,PREEMPCAO_COMPENSADA,12,A1_O1,13
255,moderado,PREEMPCAO_COMPENSADA,12,A1_O2,17
255,moderado,PREEMPCAO_COMPENSADA,12,A1_O3,16
255,moderado,PREEMPCAO_COMPENSADA,12,A1_O4,13
255,moderado,PREEMPCAO_COMPENSADA,12,A2_L0,15
255,moderado,PREEMPCAO_COMPENSADA,12,A2_L1,22
255,moderado,PREEMPCAO_COMPENSADA,12,A2_L2,22
255,moderado,PREEMPCAO_COMPENSADA,12,A2_L3,20
255,moderado,PREEMPCAO_COMPENSADA,12,A2_O1,20
255,moderado,PREEMPCAO_COMPENSADA,12,A2_O2,20
255,moderado,PREEMPCAO_COMPENSADA,12,A2_O3,22
255,moderado,PREEMPCAO_COMPENSADA,12,A2_O4,11
255,moderado,PREEMPCAO_COMPENSADA,12,T1_N1,10
255,moderado,PREEMPCAO_COMPENSADA,12,T1_N2,8
255,moderado,PREEMPCAO_COMPENSADA,12,T1_S0,9
255,moderado,PREEMPCAO_COMPENSADA,12,T1_S1,12
255,moderado,PREEMPCAO_COMPENSADA,12,T2_N1,10
255,moderado,PREEMPCAO_COMPENSADA,12,T2_N2,9
255,moderado,PREEMPCAO_COMPENSADA,12,T2_S0,6
255,moderado,PREEMPCAO_COMPENSADA,12,T2_S1,9
255,moderado,PREEMPCAO_COMPENSADA,12,T3_N1,12
255,moderado,PREEMPCAO_COMPENSADA,12,T3_N2,8
255,moderado,PREEMPCAO_COMPENSADA,12,T3_S0,10
255,moderado,PREEMPCAO_COMPENSADA,12,T3_S1,10
255,moderado,PREEMPCAO_COMPENSADA,12,T4_N1,9
255,moderado,PREEMPCAO_COMPENSADA,12,T4_N2,7
255,moderado,PREEMPCAO_COMPENSADA,12,T4_S0,9
255,moderado,PREEMPCAO_COMPENSADA,12,T4_S1,11
256,intenso,FIXO,12,A1_L0,21
256,intenso,FIXO,12,A1_L1,27
256,intenso,FIXO,12,A1_L2,28
256,intenso,FIXO,12,A1_L3,28
256,intenso,FIXO,12,A1_O1,28
256,intenso,FIXO,12,A1_O2,28
256,intenso,FIXO,12,A1_O3,28
256,intenso,FIXO,12,A1_O4,19
256,intenso,FIXO,12,A2_L0,23
256,intenso,FIXO,12,A2_L1,28
256,intenso,FIXO,12,A2_L2,28
256,intenso,FIXO,12,A2_L3,28
256,intenso,FIXO,12,A2_O1,28
256,intenso,FIXO,12,A2_O2,28
256,intenso,FIXO,12,A2_O3,28
256,intenso,FIXO,12,A2_O4,26
256,intenso,FIXO,12,T1_N1,10
256,intenso,FIXO,12,T1_N2,13
256,intenso,FIXO,12,T1_S0,11
256,intenso,FIXO,12,T1_S1,10
256,intenso,FIXO,12,T2_N1,9
256,intenso,FIXO,12,T2_N2,14
256,intenso,FIXO,12,T2_S0,14
256,intenso,FIXO,12,T2_S1,9
256,intenso,FIXO,12,T3_N1,9
256,intenso,FIXO,12,T3_N2,13
256,intenso,FIXO,12,T3_S0,15
256,intenso,FIXO,12,T3_S1,9
256,intenso,FIXO,12,T4_N1,10
256,intenso,FIXO,12,T4_N2,15
256,intenso,FIXO,12,T4_S0,13
256,intenso,FIXO,12,T4_S1,11
257,intenso,PREEMPCAO,12,A1_L0,17
257,intenso,PREEMPCAO,12,A1_L1,25
257,intenso,PREEMPCAO,12,A1_L2,25
257,intenso,PREEMPCAO,12,A1_L3,25
257,intenso,PREEMPCAO,12,A1_O1,27
257,intenso,PREEMPCAO,12,A1_O2,25
257,intenso,PREEMPCAO,12,A1_O3,27
257,intenso,PREEMPCAO,12,A1_O4,19
257,intenso,PREEMPCAO,12,A2_L0,19
257,intenso,PREEMPCAO,12,A2_L1,27
257,intenso,PREEMPCAO,12,A2_L2,27
257,intenso,PREEMPCAO,12,A2_L3,30
257,intenso,PREEMPCAO,12,A2_O1,27
257,intenso,PREEMPCAO,12,A2_O2,27
257,intenso,PREEMPCAO,12,A2_O3,27
257,intenso,PREEMPCAO,12,A2_O4,27
257,intenso,PREEMPCAO,12,T1_N1,12
257,intenso,PREEMPCAO,12,T1_N2,14
257,intenso,PREEMPCAO,12,T1_S0,14
257,intenso,PREEMPCAO,12,T1_S1,14
257,intenso,PREEMPCAO,12,T2_N1,14
257,intenso,PREEMPCAO,12,T2_N2,14
257,intenso,PREEMPCAO,12,T2_S0,15
257,intenso,PREEMPCAO,12,T2_S1,12
257,intenso,PREEMPCAO,12,T3_N1,12
257,intenso,PREEMPCAO,12,T3_N2,13
257,intenso,PREEMPCAO,12,T3_S0,15
257,intenso,PREEMPCAO,12,T3_S1,15
257,intenso,PREEMPCAO,12,T4_N1,15
257,intenso,PREEMPCAO,12,T4_N2,15
257,intenso,PREEMPCAO,12,T4_S0,14
257,intenso,PREEMPCAO,12,T4_S1,13
258,intenso,PREEMPCAO_COMPENSADA,12,A1_L0,27
258,intenso,PREEMPCAO_COMPENSADA,12,A1_L1,25
258,intenso,PREEMPCAO_COMPENSADA,12,A1_L2,26
258,intenso,PREEMPCAO_COMPENSADA,12,A1_L3,26
258,intenso,PREEMPCAO_COMPENSADA,12,A1_O1,26
258,intenso,PREEMPCAO_COMPENSADA,12,A1_O2,28
258,intenso,PREEMPCAO_COMPENSADA,12,A1_O3,26
258,intenso,PREEMPCAO_COMPENSADA,12,A1_O4,23
258,intenso,PREEMPCAO_COMPENSADA,12,A2_L0,27
258,intenso,PREEMPCAO_COMPENSADA,12,A2_L1,27
258,intenso,PREEMPCAO_COMPENSADA,12,A2_L2,28
258,intenso,PREEMPCAO_COMPENSADA,12,A2_L3,27
258,intenso,PREEMPCAO_COMPENSADA,12,A2_O1,27
258,intenso,PREEMPCAO_COMPENSADA,12,A2_O2,27
258,intenso,PREEMPCAO_COMPENSADA,12,A2_O3,28
258,intenso,PREEMPCAO_COMPENSADA,12,A2_O4,23
258,intenso,PREEMPCAO_COMPENSADA,12,T1_N1,13
258,intenso,PREEMPCAO_COMPENSADA,12,T1_N2,13
258,intenso,PREEMPCAO_COMPENSADA,12,T1_S0,13
258,intenso,PREEMPCAO_COMPENSADA,12,T1_S1,14
258,intenso,PREEMPCAO_COMPENSADA,12,T2_N1,15
258,intenso,PREEMPCAO_COMPENSADA,12,T2_N2,14
258,intenso,PREEMPCAO_COMPENSADA,12,T2_S0,14
258,intenso,PREEMPCAO_COMPENSADA,12,T2_S1,14
258,intenso,PREEMPCAO_COMPENSADA,12,T3_N1,15
258,intenso,PREEMPCAO_COMPENSADA,12,T3_N2,14
258,intenso,PREEMPCAO_COMPENSADA,12,T3_S0,13
258,intenso,PREEMPCAO_COMPENSADA,12,T3_S1,14
258,intenso,PREEMPCAO_COMPENSADA,12,T4_N1,14
258,intenso,PREEMPCAO_COMPENSADA,12,T4_N2,15
258,intenso,PREEMPCAO_COMPENSADA,12,T4_S0,14
258,intenso,PREEMPCAO_COMPENSADA,12,T4_S1,15
259,multiplas_emergencias,FIXO,12,A1_L0,12
259,multiplas_emergencias,FIXO,12,A1_L1,23
259,multiplas_emergencias,FIXO,12,A1_L2,23
259,multiplas_emergencias,FIXO,12,A1_L3,23
259,multiplas_emergencias,FIXO,12,A1_O1,21
259,multiplas_emergencias,FIXO,12,A1_O2,21
259,multiplas_emergencias,FIXO,12,A1_O3,21
259,multiplas_emergencias,FIXO,12,A1_O4,11
259,multiplas_emergencias,FIXO,12,A2_L0,14
259,multiplas_emergencias,FIXO,12,A2_L1,22
259,multiplas_emergencias,FIXO,12,A2_L2,22
259,multiplas_emergencias,FIXO,12,A2_L3,22
259,multiplas_emergencias,FIXO,12,A2_O1,22
259,multiplas_emergencias,FIXO,12,A2_O2,22
259,multiplas_emergencias,FIXO,12,A2_O3,22
259,multiplas_emergencias,FIXO,12,A2_O4,12
259,multiplas_emergencias,FIXO,12,T1_N1,8
259,multiplas_emergencias,FIXO,12,T1_N2,8
259,multiplas_emergencias,FIXO,12,T1_S0,9
259,multiplas_emergencias,FIXO,12,T1_S1,9
259,multiplas_emergencias,FIXO,12,T2_N1,8
259,multiplas_emergencias,FIXO,12,T2_N2,9
259,multiplas_emergencias,FIXO,12,T2_S0,7
259,multiplas_emergencias,FIXO,12,T2_S1,8
259,multiplas_emergencias,FIXO,12,T3_N1,9
259,multiplas_emergencias,FIXO,12,T3_N2,8
259,multiplas_emergencias,FIXO,12,T3_S0,8
259,multiplas_emergencias,FIXO,12,T3_S1,8
259,multiplas_emergencias,FIXO,12,T4_N1,8
259,multiplas_emergencias,FIXO,12,T4_N2,7
259,multiplas_emergencias,FIXO,12,T4_S0,9
259,multiplas_emergencias,FIXO,12,T4_S1,8
260,multiplas_emergencias,PREEMPCAO,12,A1_L0,13
260,multiplas_emergencias,PREEMPCAO,12,A1_L1,20
260,multiplas_emergencias,PREEMPCAO,12,A1_L2,21
260,multiplas_emergencias,PREEMPCAO,12,A1_L3,21
260,multiplas_emergencias,PREEMPCAO,12,A1_O1,14
260,multiplas_emergencias,PREEMPCAO,12,A1_O2,16
260,multiplas_emergencias,PREEMPCAO,12,A1_O3,16
260,multiplas_emergencias,PREEMPCAO,12,A1_O4,12
260,multiplas_emergencias,PREEMPCAO,12,A2_L0,14
260,multiplas_emergencias,PREEMPCAO,12,A2_L1,18
260,multiplas_emergencias,PREEMPCAO,12,A2_L2,17
260,multiplas_emergencias,PREEMPCAO,12,A2_L3,23
260,multiplas_emergencias,PREEMPCAO,12,A2_O1,15
260,multiplas_emergencias,PREEMPCAO,12,A2_O2,18
260,multiplas_emergencias,PREEMPCAO,12,A2_O3,17
260,multiplas_emergencias,PREEMPCAO,12,A2_O4,11
260,multiplas_emergencias,PREEMPCAO,12,T1_N1,7
260,multiplas_emergencias,PREEMPCAO,12,T1_N2,10
260,multiplas_emergencias,PREEMPCAO,12,T1_S0,9
260,multiplas_emergencias,PREEMPCAO,12,T1_S1,13
260,multiplas_emergencias,PREEMPCAO,12,T2_N1,10
260,multiplas_emergencias,PREEMPCAO,12,T2_N2,8
260,multiplas_emergencias,PREEMPCAO,12,T2_S0,9
260,multiplas_emergencias,PREEMPCAO,12,T2_S1,11
260,multiplas_emergencias,PREEMPCAO,12,T3_N1,9
260,multiplas_emergencias,PREEMPCAO,12,T3_N2,11
260,multiplas_emergencias,PREEMPCAO,12,T3_S0,9
260,multiplas_emergencias,PREEMPCAO,12,T3_S1,12
260,multiplas_emergencias,PREEMPCAO,12,T4_N1,8
260,multiplas_emergencias,PREEMPCAO,12,T4_N2,8
260,multiplas_emergencias,PREEMPCAO,12,T4_S0,9
260,multiplas_emergencias,PREEMPCAO,12,T4_S1,10
261,multiplas_emergencias,PREEMPCAO_COMPENSADA,12,A1_L0,15
261,multiplas_emergencias,PREEMPCAO_COMPENSADA,12,A1_L1,20
261,multiplas_emergencias,PREEMPCAO_COMPENSADA,12,A1_L2,21
261,multiplas_emergencias,PREEMPCAO_COMPENSADA,12,A1_L3,21
261,multiplas_emergencias,PREEMPCAO_COMPENSADA,12,A1_O1,24
261,multiplas_emergencias,PREEMPCAO_COMPENSADA,12,A1_O2,19
261,multiplas_emergencias,PREEMPCAO_COMPENSADA,12,A1_O3,19
261,multiplas_emergencias,PREEMPCAO_COMPENSADA,12,A1_O4,15
261,multiplas_emergencias,PREEMPCAO_COMPENSADA,12,A2_L0,14
261,multiplas_emergencias,PREEMPCAO_COMPENSADA,12,A2_L1,17
261,multiplas_emergencias,PREEMPCAO_COMPENSADA,12,A2_L2,22
261,multiplas_emergencias,PREEMPCAO_COMPENSADA,12,A2_L3,27
261,multiplas_emergencias,PREEMPCAO_COMPENSADA,12,A2_O1,17
261,multiplas_emergencias,PREEMPCAO_COMPENSADA,12,A2_O2,16
261,multiplas_emergencias,PREEMPCAO_COMPENSADA,12,A2_O3,16
261,multiplas_emergencias,PREEMPCAO_COMPENSADA,12,A2_O4,12
261,multiplas_emergencias,PREEMPCAO_COMPENSADA,12,T1_N1,12
261,multiplas_emergencias,PREEMPCAO_COMPENSADA,12,T1_N2,9
261,multiplas_emergencias,PREEMPCAO_COMPENSADA,12,T1_S0,9
261,multiplas_emergencias,PREEMPCAO_COMPENSADA,12,T1_S1,12
261,multiplas_emergencias,PREEMPCAO_COMPENSADA,12,T2_N1,11
261,multiplas_emergencias,PREEMPCAO_COMPENSADA,12,T2_N2,8
261,multiplas_emergencias,PREEMPCAO_COMPENSADA,12,T2_S0,9
261,multiplas_emergencias,PREEMPCAO_COMPENSADA,12,T2_S1,8
261,multiplas_emergencias,PREEMPCAO_COMPENSADA,12,T3_N1,15
261,multiplas_emergencias,PREEMPCAO_COMPENSADA,12,T3_N2,8
261,multiplas_emergencias,PREEMPCAO_COMPENSADA,12,T3_S0,10
261,multiplas_emergencias,PREEMPCAO_COMPENSADA,12,T3_S1,10
261,multiplas_emergencias,PREEMPCAO_COMPENSADA,12,T4_N1,13
261,multiplas_emergencias,PREEMPCAO_COMPENSADA,12,T4_N2,7
261,multiplas_emergencias,PREEMPCAO_COMPENSADA,12,T4_S0,9
261,multiplas_emergencias,PREEMPCAO_COMPENSADA,12,T4_S1,10
262,multiplas_emergencias,PREEMPCAO_ML,12,A1_L0,13
262,multiplas_emergencias,PREEMPCAO_ML,12,A1_L1,20
262,multiplas_emergencias,PREEMPCAO_ML,12,A1_L2,21
262,multiplas_emergencias,PREEMPCAO_ML,12,A1_L3,21
262,multiplas_emergencias,PREEMPCAO_ML,12,A1_O1,21
262,multiplas_emergencias,PREEMPCAO_ML,12,A1_O2,16
262,multiplas_emergencias,PREEMPCAO_ML,12,A1_O3,16
262,multiplas_emergencias,PREEMPCAO_ML,12,A1_O4,12
262,multiplas_emergencias,PREEMPCAO_ML,12,A2_L0,14
262,multiplas_emergencias,PREEMPCAO_ML,12,A2_L1,17
262,multiplas_emergencias,PREEMPCAO_ML,12,A2_L2,17
262,multiplas_emergencias,PREEMPCAO_ML,12,A2_L3,19
262,multiplas_emergencias,PREEMPCAO_ML,12,A2_O1,15
262,multiplas_emergencias,PREEMPCAO_ML,12,A2_O2,21
262,multiplas_emergencias,PREEMPCAO_ML,12,A2_O3,15
262,multiplas_emergencias,PREEMPCAO_ML,12,A2_O4,12
262,multiplas_emergencias,PREEMPCAO_ML,12,T1_N1,7
262,multiplas_emergencias,PREEMPCAO_ML,12,T1_N2,11
262,multiplas_emergencias,PREEMPCAO_ML,12,T1_S0,9
262,multiplas_emergencias,PREEMPCAO_ML,12,T1_S1,13
262,multiplas_emergencias,PREEMPCAO_ML,12,T2_N1,11
262,multiplas_emergencias,PREEMPCAO_ML,12,T2_N2,8
262,multiplas_emergencias,PREEMPCAO_ML,12,T2_S0,8
262,multiplas_emergencias,PREEMPCAO_ML,12,T2_S1,9
262,multiplas_emergencias,PREEMPCAO_ML,12,T3_N1,13
262,multiplas_emergencias,PREEMPCAO_ML,12,T3_N2,11
262,multiplas_emergencias,PREEMPCAO_ML,12,T3_S0,8
262,multiplas_emergencias,PREEMPCAO_ML,12,T3_S1,13
262,multiplas_emergencias,PREEMPCAO_ML,12,T4_N1,8
262,multiplas_emergencias,PREEMPCAO_ML,12,T4_N2,9
262,multiplas_emergencias,PREEMPCAO_ML,12,T4_S0,9
262,multiplas_emergencias,PREEMPCAO_ML,12,T4_S1,9
263,leve,FIXO,13,A1_L0,8
263,leve,FIXO,13,A1_L1,12
263,leve,FIXO,13,A1_L2,12
263,leve,FIXO,13,A1_L3,12
263,leve,FIXO,13,A1_O1,11
263,leve,FIXO,13,A1_O2,11
263,leve,FIXO,13,A1_O3,11
263,leve,FIXO,13,A1_O4,7
263,leve,FIXO,13,A2_L0,9
263,leve,FIXO,13,A2_L1,15
263,leve,FIXO,13,A2_L2,15
263,leve,FIXO,13,A2_L3,15
263,leve,FIXO,13,A2_O1,12
263,leve,FIXO,13,A2_O2,12
263,leve,FIXO,13,A2_O3,12
263,leve,FIXO,13,A2_O4,8
263,leve,FIXO,13,T1_N1,5
263,leve,FIXO,13,T1_N2,4
263,leve,FIXO,13,T1_S0,4
263,leve,FIXO,13,T1_S1,6
263,leve,FIXO,13,T2_N1,5
263,leve,FIXO,13,T2_N2,4
263,leve,FIXO,13,T2_S0,4
263,leve,FIXO,13,T2_S1,5
263,leve,FIXO,13,T3_N1,6
263,leve,FIXO,13,T3_N2,4
263,leve,FIXO,13,T3_S0,4
263,leve,FIXO,13,T3_S1,5
263,leve,FIXO,13,T4_N1,5
263,leve,FIXO,13,T4_N2,3
263,leve,FIXO,13,T4_S0,3
263,leve,FIXO,13,T4_S1,5
264,leve,PREEMPCAO,13,A1_L0,9
264,leve,PREEMPCAO,13,A1_L1,8
264,leve,PREEMPCAO,13,A1_L2,10
264,leve,PREEMPCAO,13,A1_L3,13
264,leve,PREEMPCAO,13,A1_O1,12
264,leve,PREEMPCAO,13,A1_O2,11
264,leve,PREEMPCAO,13,A1_O3,11
264,leve,PREEMPCAO,13,A1_O4,7
264,leve,PREEMPCAO,13,A2_L0,7
264,leve,PREEMPCAO,13,A2_L1,12
264,leve,PREEMPCAO,13,A2_L2,11
264,leve,PREEMPCAO,13,A2_L3,11
264,leve,PREEMPCAO,13,A2_O1,10
264,leve,PREEMPCAO,13,A2_O2,6
264,leve,PREEMPCAO,13,A2_O3,10
264,leve,PREEMPCAO,13,A2_O4,6
264,leve,PREEMPCAO,13,T1_N1,5
264,leve,PREEMPCAO,13,T1_N2,4
264,leve,PREEMPCAO,13,T1_S0,4
264,leve,PREEMPCAO,13,T1_S1,5
264,leve,PREEMPCAO,13,T2_N1,5
264,leve,PREEMPCAO,13,T2_N2,4
264,leve,PREEMPCAO,13,T2_S0,4
264,leve,PREEMPCAO,13,T2_S1,5
264,leve,PREEMPCAO,13,T3_N1,6
264,leve,PREEMPCAO,13,T3_N2,6
264,leve,PREEMPCAO,13,T3_S0,5
264,leve,PREEMPCAO,13,T3_S1,6
264,leve,PREEMPCAO,13,T4_N1,5
264,leve,PREEMPCAO,13,T4_N2,4
264,leve,PREEMPCAO,13,T4_S0,4
264,leve,PREEMPCAO,13,T4_S1,6
265,leve,PREEMPCAO_COMPENSADA,13,A1_L0,9
265,leve,PREEMPCAO_COMPENSADA,13,A1_L1,11
265,leve,PREEMPCAO_COMPENSADA,13,A1_L2,8
265,leve,PREEMPCAO_COMPENSADA,13,A1_L3,9
265,leve,PREEMPCAO_COMPENSADA,13,A1_O1,13
265,leve,PREEMPCAO_COMPENSADA,13,A1_O2,11
265,leve,PREEMPCAO_COMPENSADA,13,A1_O3,11
265,leve,PREEMPCAO_COMPENSADA,13,A1_O4,8
265,leve,PREEMPCAO_COMPENSADA,13,A2_L0,9
265,leve,PREEMPCAO_COMPENSADA,13,A2_L1,12
265,leve,PREEMPCAO_COMPENSADA,13,A2_L2,13
265,leve,PREEMPCAO_COMPENSADA,13,A2_L3,14
265,leve,PREEMPCAO_COMPENSADA,13,A2_O1,6
265,leve,PREEMPCAO_COMPENSADA,13,A2_O2,11
265,leve,PREEMPCAO_COMPENSADA,13,A2_O3,11
265,leve,PREEMPCAO_COMPENSADA,13,A2_O4,6
265,leve,PREEMPCAO_COMPENSADA,13,T1_N1,5
265,leve,PREEMPCAO_COMPENSADA,13,T1_N2,4
265,leve,PREEMPCAO_COMPENSADA,13,T1_S0,4
265,leve,PREEMPCAO_COMPENSADA,13,T1_S1,5
265,leve,PREEMPCAO_COMPENSADA,13,T2_N1,4
265,leve,PREEMPCAO_COMPENSADA,13,T2_N2,4
265,leve,PREEMPCAO_COMPENSADA,13,T2_S0,4
265,leve,PREEMPCAO_COMPENSADA,13,T2_S1,5
265,leve,PREEMPCAO_COMPENSADA,13,T3_N1,4
265,leve,PREEMPCAO_COMPENSADA,13,T3_N2,4
265,leve,PREEMPCAO_COMPENSADA,13,T3_S0,5
265,leve,PREEMPCAO_COMPENSADA,13,T3_S1,5
265,leve,PREEMPCAO_COMPENSADA,13,T4_N1,5
265,leve,PREEMPCAO_COMPENSADA,13,T4_N2,4
265,leve,PREEMPCAO_COMPENSADA,13,T4_S0,4
265,leve,PREEMPCAO_COMPENSADA,13,T4_S1,5
266,moderado,FIXO,13,A1_L0,15
266,moderado,FIXO,13,A1_L1,24
266,moderado,FIXO,13,A1_L2,24
266,moderado,FIXO,13,A1_L3,24
266,moderado,FIXO,13,A1_O1,21
266,moderado,FIXO,13,A1_O2,21
266,moderado,FIXO,13,A1_O3,21
266,moderado,FIXO,13,A1_O4,13
266,moderado,FIXO,13,A2_L0,13
266,moderado,FIXO,13,A2_L1,20
266,moderado,FIXO,13,A2_L2,20
266,moderado,FIXO,13,A2_L3,20
266,moderado,FIXO,13,A2_O1,21
266,moderado,FIXO,13,A2_O2,21
266,moderado,FIXO,13,A2_O3,21
266,moderado,FIXO,13,A2_O4,14
266,moderado,FIXO,13,T1_N1,8
266,moderado,FIXO,13,T1_N2,10
266,moderado,FIXO,13,T1_S0,9
266,moderado,FIXO,13,T1_S1,9
266,moderado,FIXO,13,T2_N1,9
266,moderado,FIXO,13,T2_N2,9
266,moderado,FIXO,13,T2_S0,10
266,moderado,FIXO,13,T2_S1,9
266,moderado,FIXO,13,T3_N1,8
266,moderado,FIXO,13,T3_N2,8
266,moderado,FIXO,13,T3_S0,7
266,moderado,FIXO,13,T3_S1,9
266,moderado,FIXO,13,T4_N1,9
266,moderado,FIXO,13,T4_N2,8
266,moderado,FIXO,13,T4_S0,11
266,moderado,FIXO,13,T4_S1,8
267,moderado,PREEMPCAO,13,A1_L0,12
267,moderado,PREEMPCAO,13,A1_L1,19
267,moderado,PREEMPCAO,13,A1_L2,19
267,moderado,PREEMPCAO,13,A1_L3,19
267,moderado,PREEMPCAO,13,A1_O1,20
267,moderado,PREEMPCAO,13,A1_O2,18
267,moderado,PREEMPCAO,13,A1_O3,17
267,moderado,PREEMPCAO,13,A1_O4,13
267,moderado,PREEMPCAO,13,A2_L0,13
267,moderado,PREEMPCAO,13,A2_L1,14
267,moderado,PREEMPCAO,13,A2_L2,14
267,moderado,PREEMPCAO,13,A2_L3,26
267,moderado,PREEMPCAO,13,A2_O1,19
267,moderado,PREEMPCAO,13,A2_O2,19
267,moderado,PREEMPCAO,13,A2_O3,19
267,moderado,PREEMPCAO,13,A2_O4,15
267,moderado,PREEMPCAO,13,T1_N1,11
267,moderado,PREEMPCAO,13,T1_N2,10
267,moderado,PREEMPCAO,13,T1_S0,12
267,moderado,PREEMPCAO,13,T1_S1,10
267,moderado,PREEMPCAO,13,T2_N1,10
267,moderado,PREEMPCAO,13,T2_N2,8
267,moderado,PREEMPCAO,13,T2_S0,11
267,moderado,PREEMPCAO,13,T2_S1,12
267,moderado,PREEMPCAO,13,T3_N1,10
267,moderado,PREEMPCAO,13,T3_N2,8
267,moderado,PREEMPCAO,13,T3_S0,8
267,moderado,PREEMPCAO,13,T3_S1,9
267,moderado,PREEMPCAO,13,T4_N1,8
267,moderado,PREEMPCAO,13,T4_N2,7
267,moderado,PREEMPCAO,13,T4_S0,11
267,moderado,PREEMPCAO,13,T4_S1,8
268,moderado,PREEMPCAO_COMPENSADA,13,A1_L0,14
268,moderado,PREEMPCAO_COMPENSADA,13,A1_L1,21
268,moderado,PREEMPCAO_COMPENSADA,13,A1_L2,22
268,moderado,PREEMPCAO_COMPENSADA,13,A1_L3,21
268,moderado,PREEMPCAO_COMPENSADA,13,A1_O1,23
268,moderado,PREEMPCAO_COMPENSADA,13,A1_O2,21
268,moderado,PREEMPCAO_COMPENSADA,13,A1_O3,21
268,moderado,PREEMPCAO_COMPENSADA,13,A1_O4,16
268,moderado,PREEMPCAO_COMPENSADA,13,A2_L0,15
268,moderado,PREEMPCAO_COMPENSADA,13,A2_L1,14
268,moderado,PREEMPCAO_COMPENSADA,13,A2_L2,22
268,moderado,PREEMPCAO_COMPENSADA,13,A2_L3,24
268,moderado,PREEMPCAO_COMPENSADA,13,A2_O1,19
268,moderado,PREEMPCAO_COMPENSADA,13,A2_O2,19
268,moderado,PREEMPCAO_COMPENSADA,13,A2_O3,21
268,moderado,PREEMPCAO_COMPENSADA,13,A2_O4,12
268,moderado,PREEMPCAO_COMPENSADA,13,T1_N1,8
268,moderado,PREEMPCAO_COMPENSADA,13,T1_N2,11
268,moderado,PREEMPCAO_COMPENSADA,13,T1_S0,13
268,moderado,PREEMPCAO_COMPENSADA,13,T1_S1,11
268,moderado,PREEMPCAO_COMPENSADA,13,T2_N1,8
268,moderado,PREEMPCAO_COMPENSADA,13,T2_N2,11
268,moderado,PREEMPCAO_COMPENSADA,13,T2_S0,9
268,moderado,PREEMPCAO_COMPENSADA,13,T2_S1,9
268,moderado,PREEMPCAO_COMPENSADA,13,T3_N1,10
268,moderado,PREEMPCAO_COMPENSADA,13,T3_N2,9
268,moderado,PREEMPCAO_COMPENSADA,13,T3_S0,9
268,moderado,PREEMPCAO_COMPENSADA,13,T3_S1,12
268,moderado,PREEMPCAO_COMPENSADA,13,T4_N1,9
268,moderado,PREEMPCAO_COMPENSADA,13,T4_N2,12
268,moderado,PREEMPCAO_COMPENSADA,13,T4_S0,11
268,moderado,PREEMPCAO_COMPENSADA,13,T4_S1,11
269,intenso,FIXO,13,A1_L0,24
269,intenso,FIXO,13,A1_L1,27
269,intenso,FIXO,13,A1_L2,28
269,intenso,FIXO,13,A1_L3,28
269,intenso,FIXO,13,A1_O1,27
269,intenso,FIXO,13,A1_O2,27
269,intenso,FIXO,13,A1_O3,27
269,intenso,FIXO,13,A1_O4,21
269,intenso,FIXO,13,A2_L0,22
269,intenso,FIXO,13,A2_L1,28
269,intenso,FIXO,13,A2_L2,28
269,intenso,FIXO,13,A2_L3,28
269,intenso,FIXO,13,A2_O1,27
269,intenso,FIXO,13,A2_O2,27
269,intenso,FIXO,13,A2_O3,27
269,intenso,FIXO,13,A2_O4,26
269,intenso,FIXO,13,T1_N1,9
269,intenso,FIXO,13,T1_N2,15
269,intenso,FIXO,13,T1_S0,15
269,intenso,FIXO,13,T1_S1,10
269,intenso,FIXO,13,T2_N1,9
269,intenso,FIXO,13,T2_N2,13
269,intenso,FIXO,13,T2_S0,15
269,intenso,FIXO,13,T2_S1,9
269,intenso,FIXO,13,T3_N1,10
269,intenso,FIXO,13,T3_N2,13
269,intenso,FIXO,13,T3_S0,14
269,intenso,FIXO,13,T3_S1,11
269,intenso,FIXO,13,T4_N1,9
269,intenso,FIXO,13,T4_N2,14
269,intenso,FIXO,13,T4_S0,13
269,intenso,FIXO,13,T4_S1,10
270,intenso,PREEMPCAO,13,A1_L0,20
270,intenso,PREEMPCAO,13,A1_L1,25
270,intenso,PREEMPCAO,13,A1_L2,24
270,intenso,PREEMPCAO,13,A1_L3,25
270,intenso,PREEMPCAO,13,A1_O1,24
270,intenso,PREEMPCAO,13,A1_O2,25
270,intenso,PREEMPCAO,13,A1_O3,24
270,intenso,PREEMPCAO,13,A1_O4,22
270,intenso,PREEMPCAO,13,A2_L0,22
270,intenso,PREEMPCAO,13,A2_L1,28
270,intenso,PREEMPCAO,13,A2_L2,28
270,intenso,PREEMPCAO,13,A2_L3,28
270,intenso,PREEMPCAO,13,A2_O1,27
270,intenso,PREEMPCAO,13,A2_O2,27
270,intenso,PREEMPCAO,13,A2_O3,27
270,intenso,PREEMPCAO,13,A2_O4,26
270,intenso,PREEMPCAO,13,T1_N1,14
270,intenso,PREEMPCAO,13,T1_N2,15
270,intenso,PREEMPCAO,13,T1_S0,15
270,intenso,PREEMPCAO,13,T1_S1,14
270,intenso,PREEMPCAO,13,T2_N1,13
270,intenso,PREEMPCAO,13,T2_N2,13
270,intenso,PREEMPCAO,13,T2_S0,15
270,intenso,PREEMPCAO,13,T2_S1,13
270,intenso,PREEMPCAO,13,T3_N1,13
270,intenso,PREEMPCAO,13,T3_N2,15
270,intenso,PREEMPCAO,13,T3_S0,15
270,intenso,PREEMPCAO,13,T3_S1,15
270,intenso,PREEMPCAO,13,T4_N1,10
270,intenso,PREEMPCAO,13,T4_N2,14
270,intenso,PREEMPCAO,13,T4_S0,15
270,intenso,PREEMPCAO,13,T4_S1,14
271,intenso,PREEMPCAO_COMPENSADA,13,A1_L0,27
271,intenso,PREEMPCAO_COMPENSADA,13,A1_L1,25
271,intenso,PREEMPCAO_COMPENSADA,13,A1_L2,27
271,intenso,PREEMPCAO_COMPENSADA,13,A1_L3,27
271,intenso,PREEMPCAO_COMPENSADA,13,A1_O1,24
271,intenso,PREEMPCAO_COMPENSADA,13,A1_O2,26
271,intenso,PREEMPCAO_COMPENSADA,13,A1_O3,27
271,intenso,PREEMPCAO_COMPENSADA,13,A1_O4,28
271,intenso,PREEMPCAO_COMPENSADA,13,A2_L0,26
271,intenso,PREEMPCAO_COMPENSADA,13,A2_L1,28
271,intenso,PREEMPCAO_COMPENSADA,13,A2_L2,28
271,intenso,PREEMPCAO_COMPENSADA,13,A2_L3,28
271,intenso,PREEMPCAO_COMPENSADA,13,A2_O1,28
271,intenso,PREEMPCAO_COMPENSADA,13,A2_O2,30
271,intenso,PREEMPCAO_COMPENSADA,13,A2_O3,30
271,intenso,PREEMPCAO_COMPENSADA,13,A2_O4,26
271,intenso,PREEMPCAO_COMPENSADA,13,T1_N1,15
271,intenso,PREEMPCAO_COMPENSADA,13,T1_N2,15
271,intenso,PREEMPCAO_COMPENSADA,13,T1_S0,14
271,intenso,PREEMPCAO_COMPENSADA,13,T1_S1,13
271,intenso,PREEMPCAO_COMPENSADA,13,T2_N1,14
271,intenso,PREEMPCAO_COMPENSADA,13,T2_N2,13
271,intenso,PREEMPCAO_COMPENSADA,13,T2_S0,15
271,intenso,PREEMPCAO_COMPENSADA,13,T2_S1,14
271,intenso,PREEMPCAO_COMPENSADA,13,T3_N1,13
271,intenso,PREEMPCAO_COMPENSADA,13,T3_N2,14
271,intenso,PREEMPCAO_COMPENSADA,13,T3_S0,15
271,intenso,PREEMPCAO_COMPENSADA,13,T3_S1,15
271,intenso,PREEMPCAO_COMPENSADA,13,T4_N1,14
271,intenso,PREEMPCAO_COMPENSADA,13,T4_N2,15
271,intenso,PREEMPCAO_COMPENSADA,13,T4_S0,13
271,intenso,PREEMPCAO_COMPENSADA,13,T4_S1,15
272,multiplas_emergencias,FIXO,13,A1_L0,15
272,multiplas_emergencias,FIXO,13,A1_L1,24
272,multiplas_emergencias,FIXO,13,A1_L2,24
272,multiplas_emergencias,FIXO,13,A1_L3,24
272,multiplas_emergencias,FIXO,13,A1_O1,21
272,multiplas_emergencias,FIXO,13,A1_O2,21
272,multiplas_emergencias,FIXO,13,A1_O3,21
272,multiplas_emergencias,FIXO,13,A1_O4,13
272,multiplas_emergencias,FIXO,13,A2_L0,13
272,multiplas_emergencias,FIXO,13,A2_L1,20
272,multiplas_emergencias,FIXO,13,A2_L2,20
272,multiplas_emergencias,FIXO,13,A2_L3,20
272,multiplas_emergencias,FIXO,13,A2_O1,21
272,multiplas_emergencias,FIXO,13,A2_O2,21
272,multiplas_emergencias,FIXO,13,A2_O3,21
272,multiplas_emergencias,FIXO,13,A2_O4,14
272,multiplas_emergencias,FIXO,13,T1_N1,8
272,multiplas_emergencias,FIXO,13,T1_N2,10
272,multiplas_emergencias,FIXO,13,T1_S0,9
272,multiplas_emergencias,FIXO,13,T1_S1,9
272,multiplas_emergencias,FIXO,13,T2_N1,9
272,multiplas_emergencias,FIXO,13,T2_N2,9
272,multiplas_emergencias,FIXO,13,T2_S0,10
272,multiplas_emergencias,FIXO,13,T2_S1,10
272,multiplas_emergencias,FIXO,13,T3_N1,8
272,multiplas_emergencias,FIXO,13,T3_N2,8
272,multiplas_emergencias,FIXO,13,T3_S0,7
272,multiplas_emergencias,FIXO,13,T3_S1,9
272,multiplas_emergencias,FIXO,13,T4_N1,9
272,multiplas_emergencias,FIXO,13,T4_N2,8
272,multiplas_emergencias,FIXO,13,T4_S0,11
272,multiplas_emergencias,FIXO,13,T4_S1,8
273,multiplas_emergencias,PREEMPCAO,13,A1_L0,12
273,multiplas_emergencias,PREEMPCAO,13,A1_L1,22
273,multiplas_emergencias,PREEMPCAO,13,A1_L2,19
273,multiplas_emergencias,PREEMPCAO,13,A1_L3,19
273,multiplas_emergencias,PREEMPCAO,13,A1_O1,20
273,multiplas_emergencias,PREEMPCAO,13,A1_O2,22
273,multiplas_emergencias,PREEMPCAO,13,A1_O3,15
273,multiplas_emergencias,PREEMPCAO,13,A1_O4,13
273,multiplas_emergencias,PREEMPCAO,13,A2_L0,13
273,multiplas_emergencias,PREEMPCAO,13,A2_L1,16
273,multiplas_emergencias,PREEMPCAO,13,A2_L2,19
273,multiplas_emergencias,PREEMPCAO,13,A2_L3,20
273,multiplas_emergencias,PREEMPCAO,13,A2_O1,22
273,multiplas_emergencias,PREEMPCAO,13,A2_O2,19
273,multiplas_emergencias,PREEMPCAO,13,A2_O3,19
273,multiplas_emergencias,PREEMPCAO,13,A2_O4,12
273,multiplas_emergencias,PREEMPCAO,13,T1_N1,9
273,multiplas_emergencias,PREEMPCAO,13,T1_N2,9
273,multiplas_emergencias,PREEMPCAO,13,T1_S0,12
273,multiplas_emergencias,PREEMPCAO,13,T1_S1,8
273,multiplas_emergencias,PREEMPCAO,13,T2_N1,12
273,multiplas_emergencias,PREEMPCAO,13,T2_N2,8
273,multiplas_emergencias,PREEMPCAO,13,T2_S0,8
273,multiplas_emergencias,PREEMPCAO,13,T2_S1,9
273,multiplas_emergencias,PREEMPCAO,13,T3_N1,11
273,multiplas_emergencias,PREEMPCAO,13,T3_N2,9
273,multiplas_emergencias,PREEMPCAO,13,T3_S0,9
273,multiplas_emergencias,PREEMPCAO,13,T3_S1,9
273,multiplas_emergencias,PREEMPCAO,13,T4_N1,10
273,multiplas_emergencias,PREEMPCAO,13,T4_N2,11
273,multiplas_emergencias,PREEMPCAO,13,T4_S0,11
273,multiplas_emergencias,PREEMPCAO,13,T4_S1,11
274,multiplas_emergencias,PREEMPCAO_COMPENSADA,13,A1_L0,14
274,multiplas_emergencias,PREEMPCAO_COMPENSADA,13,A1_L1,22
274,multiplas_emergencias,PREEMPCAO_COMPENSADA,13,A1_L2,19
274,multiplas_emergencias,PREEMPCAO_COMPENSADA,13,A1_L3,19
274,multiplas_emergencias,PREEMPCAO_COMPENSADA,13,A1_O1,16
274,multiplas_emergencias,PREEMPCAO_COMPENSADA,13,A1_O2,18
274,multiplas_emergencias,PREEMPCAO_COMPENSADA,13,A1_O3,15
274,multiplas_emergencias,PREEMPCAO_COMPENSADA,13,A1_O4,14
274,multiplas_emergencias,PREEMPCAO_COMPENSADA,13,A2_L0,17
274,multiplas_emergencias,PREEMPCAO_COMPENSADA,13,A2_L1,20
274,multiplas_emergencias,PREEMPCAO_COMPENSADA,13,A2_L2,26
274,multiplas_emergencias,PREEMPCAO_COMPENSADA,13,A2_L3,19
274,multiplas_emergencias,PREEMPCAO_COMPENSADA,13,A2_O1,22
274,multiplas_emergencias,PREEMPCAO_COMPENSADA,13,A2_O2,20
274,multiplas_emergencias,PREEMPCAO_COMPENSADA,13,A2_O3,19
274,multiplas_emergencias,PREEMPCAO_COMPENSADA,13,A2_O4,15
274,multiplas_emergencias,PREEMPCAO_COMPENSADA,13,T1_N1,9
274,multiplas_emergencias,PREEMPCAO_COMPENSADA,13,T1_N2,11
274,multiplas_emergencias,PREEMPCAO_COMPENSADA,13,T1_S0,13
274,multiplas_emergencias,PREEMPCAO_COMPENSADA,13,T1_S1,12
274,multiplas_emergencias,PREEMPCAO_COMPENSADA,13,T2_N1,10
274,multiplas_emergencias,PREEMPCAO_COMPENSADA,13,T2_N2,12
274,multiplas_emergencias,PREEMPCAO_COMPENSADA,13,T2_S0,9
274,multiplas_emergencias,PREEMPCAO_COMPENSADA,13,T2_S1,10
274,multiplas_emergencias,PREEMPCAO_COMPENSADA,13,T3_N1,10
274,multiplas_emergencias,PREEMPCAO_COMPENSADA,13,T3_N2,8
274,multiplas_emergencias,PREEMPCAO_COMPENSADA,13,T3_S0,9
274,multiplas_emergencias,PREEMPCAO_COMPENSADA,13,T3_S1,8
274,multiplas_emergencias,PREEMPCAO_COMPENSADA,13,T4_N1,9
274,multiplas_emergencias,PREEMPCAO_COMPENSADA,13,T4_N2,9
274,multiplas_emergencias,PREEMPCAO_COMPENSADA,13,T4_S0,11
274,multiplas_emergencias,PREEMPCAO_COMPENSADA,13,T4_S1,10
275,multiplas_emergencias,PREEMPCAO_ML,13,A1_L0,12
275,multiplas_emergencias,PREEMPCAO_ML,13,A1_L1,19
275,multiplas_emergencias,PREEMPCAO_ML,13,A1_L2,19
275,multiplas_emergencias,PREEMPCAO_ML,13,A1_L3,21
275,multiplas_emergencias,PREEMPCAO_ML,13,A1_O1,18
275,multiplas_emergencias,PREEMPCAO_ML,13,A1_O2,15
275,multiplas_emergencias,PREEMPCAO_ML,13,A1_O3,18
275,multiplas_emergencias,PREEMPCAO_ML,13,A1_O4,13
275,multiplas_emergencias,PREEMPCAO_ML,13,A2_L0,13
275,multiplas_emergencias,PREEMPCAO_ML,13,A2_L1,13
275,multiplas_emergencias,PREEMPCAO_ML,13,A2_L2,15
275,multiplas_emergencias,PREEMPCAO_ML,13,A2_L3,21
275,multiplas_emergencias,PREEMPCAO_ML,13,A2_O1,19
275,multiplas_emergencias,PREEMPCAO_ML,13,A2_O2,19
275,multiplas_emergencias,PREEMPCAO_ML,13,A2_O3,19
275,multiplas_emergencias,PREEMPCAO_ML,13,A2_O4,14
275,multiplas_emergencias,PREEMPCAO_ML,13,T1_N1,11
275,multiplas_emergencias,PREEMPCAO_ML,13,T1_N2,9
275,multiplas_emergencias,PREEMPCAO_ML,13,T1_S0,12
275,multiplas_emergencias,PREEMPCAO_ML,13,T1_S1,9
275,multiplas_emergencias,PREEMPCAO_ML,13,T2_N1,10
275,multiplas_emergencias,PREEMPCAO_ML,13,T2_N2,10
275,multiplas_emergencias,PREEMPCAO_ML,13,T2_S0,10
275,multiplas_emergencias,PREEMPCAO_ML,13,T2_S1,9
275,multiplas_emergencias,PREEMPCAO_ML,13,T3_N1,9
275,multiplas_emergencias,PREEMPCAO_ML,13,T3_N2,9
275,multiplas_emergencias,PREEMPCAO_ML,13,T3_S0,7
275,multiplas_emergencias,PREEMPCAO_ML,13,T3_S1,11
275,multiplas_emergencias,PREEMPCAO_ML,13,T4_N1,9
275,multiplas_emergencias,PREEMPCAO_ML,13,T4_N2,7
275,multiplas_emergencias,PREEMPCAO_ML,13,T4_S0,11
275,multiplas_emergencias,PREEMPCAO_ML,13,T4_S1,10
276,leve,FIXO,14,A1_L0,8
276,leve,FIXO,14,A1_L1,11
276,leve,FIXO,14,A1_L2,11
276,leve,FIXO,14,A1_L3,11
276,leve,FIXO,14,A1_O1,11
276,leve,FIXO,14,A1_O2,11
276,leve,FIXO,14,A1_O3,11
276,leve,FIXO,14,A1_O4,7
276,leve,FIXO,14,A2_L0,7
276,leve,FIXO,14,A2_L1,12
276,leve,FIXO,14,A2_L2,12
276,leve,FIXO,14,A2_L3,12
276,leve,FIXO,14,A2_O1,9
276,leve,FIXO,14,A2_O2,9
276,leve,FIXO,14,A2_O3,9
276,leve,FIXO,14,A2_O4,6
276,leve,FIXO,14,T1_N1,6
276,leve,FIXO,14,T1_N2,4
276,leve,FIXO,14,T1_S0,6
276,leve,FIXO,14,T1_S1,7
276,leve,FIXO,14,T2_N1,5
276,leve,FIXO,14,T2_N2,7
276,leve,FIXO,14,T2_S0,5
276,leve,FIXO,14,T2_S1,6
276,leve,FIXO,14,T3_N1,7
276,leve,FIXO,14,T3_N2,6
276,leve,FIXO,14,T3_S0,6
276,leve,FIXO,14,T3_S1,6
276,leve,FIXO,14,T4_N1,6
276,leve,FIXO,14,T4_N2,3
276,leve,FIXO,14,T4_S0,4
276,leve,FIXO,14,T4_S1,5
277,leve,PREEMPCAO,14,A1_L0,7
277,leve,PREEMPCAO,14,A1_L1,10
277,leve,PREEMPCAO,14,A1_L2,10
277,leve,PREEMPCAO,14,A1_L3,9
277,leve,PREEMPCAO,14,A1_O1,9
277,leve,PREEMPCAO,14,A1_O2,9
277,leve,PREEMPCAO,14,A1_O3,9
277,leve,PREEMPCAO,14,A1_O4,6
277,leve,PREEMPCAO,14,A2_L0,7
277,leve,PREEMPCAO,14,A2_L1,10
277,leve,PREEMPCAO,14,A2_L2,11
277,leve,PREEMPCAO,14,A2_L3,11
277,leve,PREEMPCAO,14,A2_O1,8
277,leve,PREEMPCAO,14,A2_O2,8
277,leve,PREEMPCAO,14,A2_O3,9
277,leve,PREEMPCAO,14,A2_O4,6
277,leve,PREEMPCAO,14,T1_N1,5
277,leve,PREEMPCAO,14,T1_N2,6
277,leve,PREEMPCAO,14,T1_S0,6
277,leve,PREEMPCAO,14,T1_S1,7
277,leve,PREEMPCAO,14,T2_N1,7
277,leve,PREEMPCAO,14,T2_N2,4
277,leve,PREEMPCAO,14,T2_S0,5
277,leve,PREEMPCAO,14,T2_S1,5
277,leve,PREEMPCAO,14,T3_N1,6
277,leve,PREEMPCAO,14,T3_N2,6
277,leve,PREEMPCAO,14,T3_S0,6
277,leve,PREEMPCAO,14,T3_S1,6
277,leve,PREEMPCAO,14,T4_N1,6
277,leve,PREEMPCAO,14,T4_N2,3
277,leve,PREEMPCAO,14,T4_S0,4
277,leve,PREEMPCAO,14,T4_S1,6
278,leve,PREEMPCAO_COMPENSADA,14,A1_L0,8
278,leve,PREEMPCAO_COMPENSADA,14,A1_L1,10
278,leve,PREEMPCAO_COMPENSADA,14,A1_L2,10
278,leve,PREEMPCAO_COMPENSADA,14,A1_L3,12
278,leve,PREEMPCAO_COMPENSADA,14,A1_O1,14
278,leve,PREEMPCAO_COMPENSADA,14,A1_O2,10
278,leve,PREEMPCAO_COMPENSADA,14,A1_O3,10
278,leve,PREEMPCAO_COMPENSADA,14,A1_O4,8
278,leve,PREEMPCAO_COMPENSADA,14,A2_L0,6
278,leve,PREEMPCAO_COMPENSADA,14,A2_L1,10
278,leve,PREEMPCAO_COMPENSADA,14,A2_L2,11
278,leve,PREEMPCAO_COMPENSADA,14,A2_L3,10
278,leve,PREEMPCAO_COMPENSADA,14,A2_O1,8
278,leve,PREEMPCAO_COMPENSADA,14,A2_O2,8
278,leve,PREEMPCAO_COMPENSADA,14,A2_O3,10
278,leve,PREEMPCAO_COMPENSADA,14,A2_O4,7
278,leve,PREEMPCAO_COMPENSADA,14,T1_N1,5
278,leve,PREEMPCAO_COMPENSADA,14,T1_N2,4
278,leve,PREEMPCAO_COMPENSADA,14,T1_S0,6
278,leve,PREEMPCAO_COMPENSADA,14,T1_S1,6
278,leve,PREEMPCAO_COMPENSADA,14,T2_N1,4
278,leve,PREEMPCAO_COMPENSADA,14,T2_N2,4
278,leve,PREEMPCAO_COMPENSADA,14,T2_S0,5
278,leve,PREEMPCAO_COMPENSADA,14,T2_S1,4
278,leve,PREEMPCAO_COMPENSADA,14,T3_N1,6
278,leve,PREEMPCAO_COMPENSADA,14,T3_N2,6
278,leve,PREEMPCAO_COMPENSADA,14,T3_S0,5
278,leve,PREEMPCAO_COMPENSADA,14,T3_S1,6
278,leve,PREEMPCAO_COMPENSADA,14,T4_N1,7
278,leve,PREEMPCAO_COMPENSADA,14,T4_N2,4
278,leve,PREEMPCAO_COMPENSADA,14,T4_S0,4
278,leve,PREEMPCAO_COMPENSADA,14,T4_S1,6
279,moderado,FIXO,14,A1_L0,15
279,moderado,FIXO,14,A1_L1,21
279,moderado,FIXO,14,A1_L2,21
279,moderado,FIXO,14,A1_L3,21
279,moderado,FIXO,14,A1_O1,25
279,moderado,FIXO,14,A1_O2,25
279,moderado,FIXO,14,A1_O3,25
279,moderado,FIXO,14,A1_O4,15
279,moderado,FIXO,14,A2_L0,14
279,moderado,FIXO,14,A2_L1,23
279,moderado,FIXO,14,A2_L2,23
279,moderado,FIXO,14,A2_L3,23
279,moderado,FIXO,14,A2_O1,19
279,moderado,FIXO,14,A2_O2,19
279,moderado,FIXO,14,A2_O3,19
279,moderado,FIXO,14,A2_O4,14
279,moderado,FIXO,14,T1_N1,9
279,moderado,FIXO,14,T1_N2,8
279,moderado,FIXO,14,T1_S0,7
279,moderado,FIXO,14,T1_S1,8
279,moderado,FIXO,14,T2_N1,9
279,moderado,FIXO,14,T2_N2,9
279,moderado,FIXO,14,T2_S0,7
279,moderado,FIXO,14,T2_S1,8
279,moderado,FIXO,14,T3_N1,9
279,moderado,FIXO,14,T3_N2,7
279,moderado,FIXO,14,T3_S0,8
279,moderado,FIXO,14,T3_S1,9
279,moderado,FIXO,14,T4_N1,8
279,moderado,FIXO,14,T4_N2,13
279,moderado,FIXO,14,T4_S0,8
279,moderado,FIXO,14,T4_S1,8
280,moderado,PREEMPCAO,14,A1_L0,13
280,moderado,PREEMPCAO,14,A1_L1,21
280,moderado,PREEMPCAO,14,A1_L2,17
280,moderado,PREEMPCAO,14,A1_L3,19
280,moderado,PREEMPCAO,14,A1_O1,20
280,moderado,PREEMPCAO,14,A1_O2,16
280,moderado,PREEMPCAO,14,A1_O3,21
280,moderado,PREEMPCAO,14,A1_O4,16
280,moderado,PREEMPCAO,14,A2_L0,12
280,moderado,PREEMPCAO,14,A2_L1,16
280,moderado,PREEMPCAO,14,A2_L2,18
280,moderado,PREEMPCAO,14,A2_L3,20
280,moderado,PREEMPCAO,14,A2_O1,19
280,moderado,PREEMPCAO,14,A2_O2,19
280,moderado,PREEMPCAO,14,A2_O3,19
280,moderado,PREEMPCAO,14,A2_O4,14
280,moderado,PREEMPCAO,14,T1_N1,10
280,moderado,PREEMPCAO,14,T1_N2,8
280,moderado,PREEMPCAO,14,T1_S0,8
280,moderado,PREEMPCAO,14,T1_S1,8
280,moderado,PREEMPCAO,14,T2_N1,8
280,moderado,PREEMPCAO,14,T2_N2,8
280,moderado,PREEMPCAO,14,T2_S0,10
280,moderado,PREEMPCAO,14,T2_S1,12
280,moderado,PREEMPCAO,14,T3_N1,11
280,moderado,PREEMPCAO,14,T3_N2,8
280,moderado,PREEMPCAO,14,T3_S0,9
280,moderado,PREEMPCAO,14,T3_S1,11
280,moderado,PREEMPCAO,14,T4_N1,9
280,moderado,PREEMPCAO,14,T4_N2,9
280,moderado,PREEMPCAO,14,T4_S0,8
280,moderado,PREEMPCAO,14,T4_S1,11
281,moderado,PREEMPCAO_COMPENSADA,14,A1_L0,14
281,moderado,PREEMPCAO_COMPENSADA,14,A1_L1,21
281,moderado,PREEMPCAO_COMPENSADA,14,A1_L2,19
281,moderado,PREEMPCAO_COMPENSADA,14,A1_L3,18
281,moderado,PREEMPCAO_COMPENSADA,14,A1_O1,21
281,moderado,PREEMPCAO_COMPENSADA,14,A1_O2,21
281,moderado,PREEMPCAO_COMPENSADA,14,A1_O3,21
281,moderado,PREEMPCAO_COMPENSADA,14,A1_O4,18
281,moderado,PREEMPCAO_COMPENSADA,14,A2_L0,14
281,moderado,PREEMPCAO_COMPENSADA,14,A2_L1,15
281,moderado,PREEMPCAO_COMPENSADA,14,A2_L2,20
281,moderado,PREEMPCAO_COMPENSADA,14,A2_L3,19
281,moderado,PREEMPCAO_COMPENSADA,14,A2_O1,19
281,moderado,PREEMPCAO_COMPENSADA,14,A2_O2,20
281,moderado,PREEMPCAO_COMPENSADA,14,A2_O3,20
281,moderado,PREEMPCAO_COMPENSADA,14,A2_O4,14
281,moderado,PREEMPCAO_COMPENSADA,14,T1_N1,12
281,moderado,PREEMPCAO_COMPENSADA,14,T1_N2,9
281,moderado,PREEMPCAO_COMPENSADA,14,T1_S0,7
281,moderado,PREEMPCAO_COMPENSADA,14,T1_S1,9
281,moderado,PREEMPCAO_COMPENSADA,14,T2_N1,13
281,moderado,PREEMPCAO_COMPENSADA,14,T2_N2,9
281,moderado,PREEMPCAO_COMPENSADA,14,T2_S0,7
281,moderado,PREEMPCAO_COMPENSADA,14,T2_S1,8
281,moderado,PREEMPCAO_COMPENSADA,14,T3_N1,9
281,moderado,PREEMPCAO_COMPENSADA,14,T3_N2,8
281,moderado,PREEMPCAO_COMPENSADA,14,T3_S0,8
281,moderado,PREEMPCAO_COMPENSADA,14,T3_S1,10
281,moderado,PREEMPCAO_COMPENSADA,14,T4_N1,11
281,moderado,PREEMPCAO_COMPENSADA,14,T4_N2,11
281,moderado,PREEMPCAO_COMPENSADA,14,T4_S0,8
281,moderado,PREEMPCAO_COMPENSADA,14,T4_S1,12
282,intenso,FIXO,14,A1_L0,20
282,intenso,FIXO,14,A1_L1,27
282,intenso,FIXO,14,A1_L2,27
282,intenso,FIXO,14,A1_L3,27
282,intenso,FIXO,14,A1_O1,28
282,intenso,FIXO,14,A1_O2,29
282,intenso,FIXO,14,A1_O3,28
282,intenso,FIXO,14,A1_O4,25
282,intenso,FIXO,14,A2_L0,20
282,intenso,FIXO,14,A2_L1,28
282,intenso,FIXO,14,A2_L2,28
282,intenso,FIXO,14,A2_L3,28
282,intenso,FIXO,14,A2_O1,28
282,intenso,FIXO,14,A2_O2,28
282,intenso,FIXO,14,A2_O3,28
282,intenso,FIXO,14,A2_O4,22
282,intenso,FIXO,14,T1_N1,9
282,intenso,FIXO,14,T1_N2,15
282,intenso,FIXO,14,T1_S0,15
282,intenso,FIXO,14,T1_S1,9
282,intenso,FIXO,14,T2_N1,10
282,intenso,FIXO,14,T2_N2,14
282,intenso,FIXO,14,T2_S0,11
282,intenso,FIXO,14,T2_S1,9
282,intenso,FIXO,14,T3_N1,10
282,intenso,FIXO,14,T3_N2,12
282,intenso,FIXO,14,T3_S0,13
282,intenso,FIXO,14,T3_S1,9
282,intenso,FIXO,14,T4_N1,9
282,intenso,FIXO,14,T4_N2,13
282,intenso,FIXO,14,T4_S0,12
282,intenso,FIXO,14,T4_S1,9
283,intenso,PREEMPCAO,14,A1_L0,23
283,intenso,PREEMPCAO,14,A1_L1,27
283,intenso,PREEMPCAO,14,A1_L2,27
283,intenso,PREEMPCAO,14,A1_L3,27
283,intenso,PREEMPCAO,14,A1_O1,27
283,intenso,PREEMPCAO,14,A1_O2,30
283,intenso,PREEMPCAO,14,A1_O3,28
283,intenso,PREEMPCAO,14,A1_O4,25
283,intenso,PREEMPCAO,14,A2_L0,19
283,intenso,PREEMPCAO,14,A2_L1,27
283,intenso,PREEMPCAO,14,A2_L2,24
283,intenso,PREEMPCAO,14,A2_L3,28
283,intenso,PREEMPCAO,14,A2_O1,26
283,intenso,PREEMPCAO,14,A2_O2,25
283,intenso,PREEMPCAO,14,A2_O3,27
283,intenso,PREEMPCAO,14,A2_O4,27
283,intenso,PREEMPCAO,14,T1_N1,12
283,intenso,PREEMPCAO,14,T1_N2,15
283,intenso,PREEMPCAO,14,T1_S0,14
283,intenso,PREEMPCAO,14,T1_S1,14
283,intenso,PREEMPCAO,14,T2_N1,13
283,intenso,PREEMPCAO,14,T2_N2,15
283,intenso,PREEMPCAO,14,T2_S0,13
283,intenso,PREEMPCAO,14,T2_S1,15
283,intenso,PREEMPCAO,14,T3_N1,14
283,intenso,PREEMPCAO,14,T3_N2,14
283,intenso,PREEMPCAO,14,T3_S0,14
283,intenso,PREEMPCAO,14,T3_S1,14
283,intenso,PREEMPCAO,14,T4_N1,11
283,intenso,PREEMPCAO,14,T4_N2,13
283,intenso,PREEMPCAO,14,T4_S0,14
283,intenso,PREEMPCAO,14,T4_S1,13
284,intenso,PREEMPCAO_COMPENSADA,14,A1_L0,22
284,intenso,PREEMPCAO_COMPENSADA,14,A1_L1,27
284,intenso,PREEMPCAO_COMPENSADA,14,A1_L2,27
284,intenso,PREEMPCAO_COMPENSADA,14,A1_L3,28
284,intenso,PREEMPCAO_COMPENSADA,14,A1_O1,27
284,intenso,PREEMPCAO_COMPENSADA,14,A1_O2,30
284,intenso,PREEMPCAO_COMPENSADA,14,A1_O3,28
284,intenso,PREEMPCAO_COMPENSADA,14,A1_O4,30
284,intenso,PREEMPCAO_COMPENSADA,14,A2_L0,23
284,intenso,PREEMPCAO_COMPENSADA,14,A2_L1,27
284,intenso,PREEMPCAO_COMPENSADA,14,A2_L2,27
284,intenso,PREEMPCAO_COMPENSADA,14,A2_L3,28
284,intenso,PREEMPCAO_COMPENSADA,14,A2_O1,30
284,intenso,PREEMPCAO_COMPENSADA,14,A2_O2,25
284,intenso,PREEMPCAO_COMPENSADA,14,A2_O3,28
284,intenso,PREEMPCAO_COMPENSADA,14,A2_O4,22
284,intenso,PREEMPCAO_COMPENSADA,14,T1_N1,15
284,intenso,PREEMPCAO_COMPENSADA,14,T1_N2,15
284,intenso,PREEMPCAO_COMPENSADA,14,T1_S0,15
284,intenso,PREEMPCAO_COMPENSADA,14,T1_S1,13
284,intenso,PREEMPCAO_COMPENSADA,14,T2_N1,13
284,intenso,PREEMPCAO_COMPENSADA,14,T2_N2,15
284,intenso,PREEMPCAO_COMPENSADA,14,T2_S0,15
284,intenso,PREEMPCAO_COMPENSADA,14,T2_S1,14
284,intenso,PREEMPCAO_COMPENSADA,14,T3_N1,14
284,intenso,PREEMPCAO_COMPENSADA,14,T3_N2,12
284,intenso,PREEMPCAO_COMPENSADA,14,T3_S0,15
284,intenso,PREEMPCAO_COMPENSADA,14,T3_S1,15
284,intenso,PREEMPCAO_COMPENSADA,14,T4_N1,14
284,intenso,PREEMPCAO_COMPENSADA,14,T4_N2,15
284,intenso,PREEMPCAO_COMPENSADA,14,T4_S0,14
284,intenso,PREEMPCAO_COMPENSADA,14,T4_S1,15
285,multiplas_emergencias,FIXO,14,A1_L0,15
285,multiplas_emergencias,FIXO,14,A1_L1,21
285,multiplas_emergencias,FIXO,14,A1_L2,21
285,multiplas_emergencias,FIXO,14,A1_L3,21
285,multiplas_emergencias,FIXO,14,A1_O1,25
285,multiplas_emergencias,FIXO,14,A1_O2,25
285,multiplas_emergencias,FIXO,14,A1_O3,25
285,multiplas_emergencias,FIXO,14,A1_O4,15
285,multiplas_emergencias,FIXO,14,A2_L0,14
285,multiplas_emergencias,FIXO,14,A2_L1,23
285,multiplas_emergencias,FIXO,14,A2_L2,23
285,multiplas_emergencias,FIXO,14,A2_L3,23
285,multiplas_emergencias,FIXO,14,A2_O1,19
285,multiplas_emergencias,FIXO,14,A2_O2,19
285,multiplas_emergencias,FIXO,14,A2_O3,19
285,multiplas_emergencias,FIXO,14,A2_O4,14
285,multiplas_emergencias,FIXO,14,T1_N1,9
285,multiplas_emergencias,FIXO,14,T1_N2,8
285,multiplas_emergencias,FIXO,14,T1_S0,7
285,multiplas_emergencias,FIXO,14,T1_S1,7
285,multiplas_emergencias,FIXO,14,T2_N1,9
285,multiplas_emergencias,FIXO,14,T2_N2,9
285,multiplas_emergencias,FIXO,14,T2_S0,7
285,multiplas_emergencias,FIXO,14,T2_S1,8
285,multiplas_emergencias,FIXO,14,T3_N1,9
285,multiplas_emergencias,FIXO,14,T3_N2,7
285,multiplas_emergencias,FIXO,14,T3_S0,8
285,multiplas_emergencias,FIXO,14,T3_S1,9
285,multiplas_emergencias,FIXO,14,T4_N1,8
285,multiplas_emergencias,FIXO,14,T4_N2,13
285,multiplas_emergencias,FIXO,14,T4_S0,8
285,multiplas_emergencias,FIXO,14,T4_S1,8
286,multiplas_emergencias,PREEMPCAO,14,A1_L0,13
286,multiplas_emergencias,PREEMPCAO,14,A1_L1,22
286,multiplas_emergencias,PREEMPCAO,14,A1_L2,19
286,multiplas_emergencias,PREEMPCAO,14,A1_L3,17
286,multiplas_emergencias,PREEMPCAO,14,A1_O1,16
286,multiplas_emergencias,PREEMPCAO,14,A1_O2,18
286,multiplas_emergencias,PREEMPCAO,14,A1_O3,17
286,multiplas_emergencias,PREEMPCAO,14,A1_O4,15
286,multiplas_emergencias,PREEMPCAO,14,A2_L0,15
286,multiplas_emergencias,PREEMPCAO,14,A2_L1,21
286,multiplas_emergencias,PREEMPCAO,14,A2_L2,16
286,multiplas_emergencias,PREEMPCAO,14,A2_L3,28
286,multiplas_emergencias,PREEMPCAO,14,A2_O1,18
286,multiplas_emergencias,PREEMPCAO,14,A2_O2,24
286,multiplas_emergencias,PREEMPCAO,14,A2_O3,19
286,multiplas_emergencias,PREEMPCAO,14,A2_O4,14
286,multiplas_emergencias,PREEMPCAO,14,T1_N1,10
286,multiplas_emergencias,PREEMPCAO,14,T1_N2,7
286,multiplas_emergencias,PREEMPCAO,14,T1_S0,8
286,multiplas_emergencias,PREEMPCAO,14,T1_S1,9
286,multiplas_emergencias,PREEMPCAO,14,T2_N1,9
286,multiplas_emergencias,PREEMPCAO,14,T2_N2,9
286,multiplas_emergencias,PREEMPCAO,14,T2_S0,7
286,multiplas_emergencias,PREEMPCAO,14,T2_S1,10
286,multiplas_emergencias,PREEMPCAO,14,T3_N1,10
286,multiplas_emergencias,PREEMPCAO,14,T3_N2,9
286,multiplas_emergencias,PREEMPCAO,14,T3_S0,8
286,multiplas_emergencias,PREEMPCAO,14,T3_S1,7
286,multiplas_emergencias,PREEMPCAO,14,T4_N1,13
286,multiplas_emergencias,PREEMPCAO,14,T4_N2,12
286,multiplas_emergencias,PREEMPCAO,14,T4_S0,7
286,multiplas_emergencias,PREEMPCAO,14,T4_S1,8
287,multiplas_emergencias,PREEMPCAO_COMPENSADA,14,A1_L0,14
287,multiplas_emergencias,PREEMPCAO_COMPENSADA,14,A1_L1,22
287,multiplas_emergencias,PREEMPCAO_COMPENSADA,14,A1_L2,17
287,multiplas_emergencias,PREEMPCAO_COMPENSADA,14,A1_L3,18
287,multiplas_emergencias,PREEMPCAO_COMPENSADA,14,A1_O1,22
287,multiplas_emergencias,PREEMPCAO_COMPENSADA,14,A1_O2,18
287,multiplas_emergencias,PREEMPCAO_COMPENSADA,14,A1_O3,18
287,multiplas_emergencias,PREEMPCAO_COMPENSADA,14,A1_O4,18
287,multiplas_emergencias,PREEMPCAO_COMPENSADA,14,A2_L0,13
287,multiplas_emergencias,PREEMPCAO_COMPENSADA,14,A2_L1,20
287,multiplas_emergencias,PREEMPCAO_COMPENSADA,14,A2_L2,26
287,multiplas_emergencias,PREEMPCAO_COMPENSADA,14,A2_L3,26
287,multiplas_emergencias,PREEMPCAO_COMPENSADA,14,A2_O1,19
287,multiplas_emergencias,PREEMPCAO_COMPENSADA,14,A2_O2,18
287,multiplas_emergencias,PREEMPCAO_COMPENSADA,14,A2_O3,24
287,multiplas_emergencias,PREEMPCAO_COMPENSADA,14,A2_O4,14
287,multiplas_emergencias,PREEMPCAO_COMPENSADA,14,T1_N1,13
287,multiplas_emergencias,PREEMPCAO_COMPENSADA,14,T1_N2,9
287,multiplas_emergencias,PREEMPCAO_COMPENSADA,14,T1_S0,7
287,multiplas_emergencias,PREEMPCAO_COMPENSADA,14,T1_S1,10
287,multiplas_emergencias,PREEMPCAO_COMPENSADA,14,T2_N1,11
287,multiplas_emergencias,PREEMPCAO_COMPENSADA,14,T2_N2,9
287,multiplas_emergencias,PREEMPCAO_COMPENSADA,14,T2_S0,7
287,multiplas_emergencias,PREEMPCAO_COMPENSADA,14,T2_S1,10
287,multiplas_emergencias,PREEMPCAO_COMPENSADA,14,T3_N1,7
287,multiplas_emergencias,PREEMPCAO_COMPENSADA,14,T3_N2,8
287,multiplas_emergencias,PREEMPCAO_COMPENSADA,14,T3_S0,8
287,multiplas_emergencias,PREEMPCAO_COMPENSADA,14,T3_S1,10
287,multiplas_emergencias,PREEMPCAO_COMPENSADA,14,T4_N1,11
287,multiplas_emergencias,PREEMPCAO_COMPENSADA,14,T4_N2,12
287,multiplas_emergencias,PREEMPCAO_COMPENSADA,14,T4_S0,7
287,multiplas_emergencias,PREEMPCAO_COMPENSADA,14,T4_S1,11
288,multiplas_emergencias,PREEMPCAO_ML,14,A1_L0,13
288,multiplas_emergencias,PREEMPCAO_ML,14,A1_L1,21
288,multiplas_emergencias,PREEMPCAO_ML,14,A1_L2,17
288,multiplas_emergencias,PREEMPCAO_ML,14,A1_L3,19
288,multiplas_emergencias,PREEMPCAO_ML,14,A1_O1,18
288,multiplas_emergencias,PREEMPCAO_ML,14,A1_O2,21
288,multiplas_emergencias,PREEMPCAO_ML,14,A1_O3,21
288,multiplas_emergencias,PREEMPCAO_ML,14,A1_O4,14
288,multiplas_emergencias,PREEMPCAO_ML,14,A2_L0,15
288,multiplas_emergencias,PREEMPCAO_ML,14,A2_L1,22
288,multiplas_emergencias,PREEMPCAO_ML,14,A2_L2,18
288,multiplas_emergencias,PREEMPCAO_ML,14,A2_L3,23
288,multiplas_emergencias,PREEMPCAO_ML,14,A2_O1,19
288,multiplas_emergencias,PREEMPCAO_ML,14,A2_O2,18
288,multiplas_emergencias,PREEMPCAO_ML,14,A2_O3,19
288,multiplas_emergencias,PREEMPCAO_ML,14,A2_O4,14
288,multiplas_emergencias,PREEMPCAO_ML,14,T1_N1,10
288,multiplas_emergencias,PREEMPCAO_ML,14,T1_N2,7
288,multiplas_emergencias,PREEMPCAO_ML,14,T1_S0,8
288,multiplas_emergencias,PREEMPCAO_ML,14,T1_S1,10
288,multiplas_emergencias,PREEMPCAO_ML,14,T2_N1,10
288,multiplas_emergencias,PREEMPCAO_ML,14,T2_N2,9
288,multiplas_emergencias,PREEMPCAO_ML,14,T2_S0,10
288,multiplas_emergencias,PREEMPCAO_ML,14,T2_S1,8
288,multiplas_emergencias,PREEMPCAO_ML,14,T3_N1,8
288,multiplas_emergencias,PREEMPCAO_ML,14,T3_N2,8
288,multiplas_emergencias,PREEMPCAO_ML,14,T3_S0,9
288,multiplas_emergencias,PREEMPCAO_ML,14,T3_S1,12
288,multiplas_emergencias,PREEMPCAO_ML,14,T4_N1,13
288,multiplas_emergencias,PREEMPCAO_ML,14,T4_N2,13
288,multiplas_emergencias,PREEMPCAO_ML,14,T4_S0,8
288,multiplas_emergencias,PREEMPCAO_ML,14,T4_S1,7
289,leve,FIXO,15,A1_L0,6
289,leve,FIXO,15,A1_L1,11
289,leve,FIXO,15,A1_L2,11
289,leve,FIXO,15,A1_L3,11
289,leve,FIXO,15,A1_O1,11
289,leve,FIXO,15,A1_O2,11
289,leve,FIXO,15,A1_O3,10
289,leve,FIXO,15,A1_O4,6
289,leve,FIXO,15,A2_L0,6
289,leve,FIXO,15,A2_L1,11
289,leve,FIXO,15,A2_L2,11
289,leve,FIXO,15,A2_L3,11
289,leve,FIXO,15,A2_O1,13
289,leve,FIXO,15,A2_O2,13
289,leve,FIXO,15,A2_O3,13
289,leve,FIXO,15,A2_O4,8
289,leve,FIXO,15,T1_N1,5
289,leve,FIXO,15,T1_N2,5
289,leve,FIXO,15,T1_S0,5
289,leve,FIXO,15,T1_S1,5
289,leve,FIXO,15,T2_N1,5
289,leve,FIXO,15,T2_N2,3
289,leve,FIXO,15,T2_S0,5
289,leve,FIXO,15,T2_S1,5
289,leve,FIXO,15,T3_N1,6
289,leve,FIXO,15,T3_N2,5
289,leve,FIXO,15,T3_S0,5
289,leve,FIXO,15,T3_S1,8
289,leve,FIXO,15,T4_N1,6
289,leve,FIXO,15,T4_N2,7
289,leve,FIXO,15,T4_S0,5
289,leve,FIXO,15,T4_S1,6
290,leve,PREEMPCAO,15,A1_L0,6
290,leve,PREEMPCAO,15,A1_L1,4
290,leve,PREEMPCAO,15,A1_L2,9
290,leve,PREEMPCAO,15,A1_L3,10
290,leve,PREEMPCAO,15,A1_O1,11
290,leve,PREEMPCAO,15,A1_O2,11
290,leve,PREEMPCAO,15,A1_O3,10
290,leve,PREEMPCAO,15,A1_O4,7
290,leve,PREEMPCAO,15,A2_L0,6
290,leve,PREEMPCAO,15,A2_L1,11
290,leve,PREEMPCAO,15,A2_L2,11
290,leve,PREEMPCAO,15,A2_L3,11
290,leve,PREEMPCAO,15,A2_O1,9
290,leve,PREEMPCAO,15,A2_O2,9
290,leve,PREEMPCAO,15,A2_O3,14
290,leve,PREEMPCAO,15,A2_O4,10
290,leve,PREEMPCAO,15,T1_N1,5
290,leve,PREEMPCAO,15,T1_N2,4
290,leve,PREEMPCAO,15,T1_S0,7
290,leve,PREEMPCAO,15,T1_S1,8
290,leve,PREEMPCAO,15,T2_N1,5
290,leve,PREEMPCAO,15,T2_N2,4
290,leve,PREEMPCAO,15,T2_S0,6
290,leve,PREEMPCAO,15,T2_S1,6
290,leve,PREEMPCAO,15,T3_N1,4
290,leve,PREEMPCAO,15,T3_N2,4
290,leve,PREEMPCAO,15,T3_S0,6
290,leve,PREEMPCAO,15,T3_S1,6
290,leve,PREEMPCAO,15,T4_N1,6
290,leve,PREEMPCAO,15,T4_N2,4
290,leve,PREEMPCAO,15,T4_S0,4
290,leve,PREEMPCAO,15,T4_S1,6
291,leve,PREEMPCAO_COMPENSADA,15,A1_L0,7
291,leve,PREEMPCAO_COMPENSADA,15,A1_L1,7
291,leve,PREEMPCAO_COMPENSADA,15,A1_L2,8
291,leve,PREEMPCAO_COMPENSADA,15,A1_L3,7
291,leve,PREEMPCAO_COMPENSADA,15,A1_O1,11
291,leve,PREEMPCAO_COMPENSADA,15,A1_O2,11
291,leve,PREEMPCAO_COMPENSADA,15,A1_O3,10
291,leve,PREEMPCAO_COMPENSADA,15,A1_O4,6
291,leve,PREEMPCAO_COMPENSADA,15,A2_L0,7
291,leve,PREEMPCAO_COMPENSADA,15,A2_L1,11
291,leve,PREEMPCAO_COMPENSADA,15,A2_L2,11
291,leve,PREEMPCAO_COMPENSADA,15,A2_L3,11
291,leve,PREEMPCAO_COMPENSADA,15,A2_O1,9
291,leve,PREEMPCAO_COMPENSADA,15,A2_O2,9
291,leve,PREEMPCAO_COMPENSADA,15,A2_O3,12
291,leve,PREEMPCAO_COMPENSADA,15,A2_O4,7
291,leve,PREEMPCAO_COMPENSADA,15,T1_N1,5
291,leve,PREEMPCAO_COMPENSADA,15,T1_N2,4
291,leve,PREEMPCAO_COMPENSADA,15,T1_S0,6
291,leve,PREEMPCAO_COMPENSADA,15,T1_S1,8
291,leve,PREEMPCAO_COMPENSADA,15,T2_N1,6
291,leve,PREEMPCAO_COMPENSADA,15,T2_N2,4
291,leve,PREEMPCAO_COMPENSADA,15,T2_S0,5
291,leve,PREEMPCAO_COMPENSADA,15,T2_S1,7
291,leve,PREEMPCAO_COMPENSADA,15,T3_N1,6
291,leve,PREEMPCAO_COMPENSADA,15,T3_N2,4
291,leve,PREEMPCAO_COMPENSADA,15,T3_S0,6
291,leve,PREEMPCAO_COMPENSADA,15,T3_S1,7
291,leve,PREEMPCAO_COMPENSADA,15,T4_N1,8
291,leve,PREEMPCAO_COMPENSADA,15,T4_N2,8
291,leve,PREEMPCAO_COMPENSADA,15,T4_S0,4
291,leve,PREEMPCAO_COMPENSADA,15,T4_S1,6
292,moderado,FIXO,15,A1_L0,13
292,moderado,FIXO,15,A1_L1,20
292,moderado,FIXO,15,A1_L2,20
292,moderado,FIXO,15,A1_L3,20
292,moderado,FIXO,15,A1_O1,22
292,moderado,FIXO,15,A1_O2,22
292,moderado,FIXO,15,A1_O3,22
292,moderado,FIXO,15,A1_O4,13
292,moderado,FIXO,15,A2_L0,14
292,moderado,FIXO,15,A2_L1,25
292,moderado,FIXO,15,A2_L2,25
292,moderado,FIXO,15,A2_L3,25
292,moderado,FIXO,15,A2_O1,23
292,moderado,FIXO,15,A2_O2,23
292,moderado,FIXO,15,A2_O3,23
292,moderado,FIXO,15,A2_O4,13
292,moderado,FIXO,15,T1_N1,8
292,moderado,FIXO,15,T1_N2,9
292,moderado,FIXO,15,T1_S0,9
292,moderado,FIXO,15,T1_S1,9
292,moderado,FIXO,15,T2_N1,8
292,moderado,FIXO,15,T2_N2,9
292,moderado,FIXO,15,T2_S0,9
292,moderado,FIXO,15,T2_S1,8
292,moderado,FIXO,15,T3_N1,8
292,moderado,FIXO,15,T3_N2,8
292,moderado,FIXO,15,T3_S0,7
292,moderado,FIXO,15,T3_S1,9
292,moderado,FIXO,15,T4_N1,9
292,moderado,FIXO,15,T4_N2,9
292,moderado,FIXO,15,T4_S0,7
292,moderado,FIXO,15,T4_S1,8
293,moderado,PREEMPCAO,15,A1_L0,13
293,moderado,PREEMPCAO,15,A1_L1,19
293,moderado,PREEMPCAO,15,A1_L2,11
293,moderado,PREEMPCAO,15,A1_L3,11
293,moderado,PREEMPCAO,15,A1_O1,23
293,moderado,PREEMPCAO,15,A1_O2,19
293,moderado,PREEMPCAO,15,A1_O3,19
293,moderado,PREEMPCAO,15,A1_O4,19
293,moderado,PREEMPCAO,15,A2_L0,12
293,moderado,PREEMPCAO,15,A2_L1,14
293,moderado,PREEMPCAO,15,A2_L2,14
293,moderado,PREEMPCAO,15,A2_L3,21
293,moderado,PREEMPCAO,15,A2_O1,21
293,moderado,PREEMPCAO,15,A2_O2,21
293,moderado,PREEMPCAO,15,A2_O3,21
293,moderado,PREEMPCAO,15,A2_O4,13
293,moderado,PREEMPCAO,15,T1_N1,12
293,moderado,PREEMPCAO,15,T1_N2,7
293,moderado,PREEMPCAO,15,T1_S0,10
293,moderado,PREEMPCAO,15,T1_S1,11
293,moderado,PREEMPCAO,15,T2_N1,10
293,moderado,PREEMPCAO,15,T2_N2,9
293,moderado,PREEMPCAO,15,T2_S0,9
293,moderado,PREEMPCAO,15,T2_S1,8
293,moderado,PREEMPCAO,15,T3_N1,9
293,moderado,PREEMPCAO,15,T3_N2,7
293,moderado,PREEMPCAO,15,T3_S0,8
293,moderado,PREEMPCAO,15,T3_S1,9
293,moderado,PREEMPCAO,15,T4_N1,10
293,moderado,PREEMPCAO,15,T4_N2,8
293,moderado,PREEMPCAO,15,T4_S0,9
293,moderado,PREEMPCAO,15,T4_S1,8
294,moderado,PREEMPCAO_COMPENSADA,15,A1_L0,13
294,moderado,PREEMPCAO_COMPENSADA,15,A1_L1,11
294,moderado,PREEMPCAO_COMPENSADA,15,A1_L2,11
294,moderado,PREEMPCAO_COMPENSADA,15,A1_L3,17
294,moderado,PREEMPCAO_COMPENSADA,15,A1_O1,14
294,moderado,PREEMPCAO_COMPENSADA,15,A1_O2,19
294,moderado,PREEMPCAO_COMPENSADA,15,A1_O3,20
294,moderado,PREEMPCAO_COMPENSADA,15,A1_O4,14
294,moderado,PREEMPCAO_COMPENSADA,15,A2_L0,15
294,moderado,PREEMPCAO_COMPENSADA,15,A2_L1,21
294,moderado,PREEMPCAO_COMPENSADA,15,A2_L2,20
294,moderado,PREEMPCAO_COMPENSADA,15,A2_L3,24
294,moderado,PREEMPCAO_COMPENSADA,15,A2_O1,21
294,moderado,PREEMPCAO_COMPENSADA,15,A2_O2,21
294,moderado,PREEMPCAO_COMPENSADA,15,A2_O3,21
294,moderado,PREEMPCAO_COMPENSADA,15,A2_O4,16
294,moderado,PREEMPCAO_COMPENSADA,15,T1_N1,10
294,moderado,PREEMPCAO_COMPENSADA,15,T1_N2,10
294,moderado,PREEMPCAO_COMPENSADA,15,T1_S0,9
294,moderado,PREEMPCAO_COMPENSADA,15,T1_S1,9
294,moderado,PREEMPCAO_COMPENSADA,15,T2_N1,13
294,moderado,PREEMPCAO_COMPENSADA,15,T2_N2,9
294,moderado,PREEMPCAO_COMPENSADA,15,T2_S0,8
294,moderado,PREEMPCAO_COMPENSADA,15,T2_S1,14
294,moderado,PREEMPCAO_COMPENSADA,15,T3_N1,8
294,moderado,PREEMPCAO_COMPENSADA,15,T3_N2,8
294,moderado,PREEMPCAO_COMPENSADA,15,T3_S0,9
294,moderado,PREEMPCAO_COMPENSADA,15,T3_S1,12
294,moderado,PREEMPCAO_COMPENSADA,15,T4_N1,10
294,moderado,PREEMPCAO_COMPENSADA,15,T4_N2,8
294,moderado,PREEMPCAO_COMPENSADA,15,T4_S0,6
294,moderado,PREEMPCAO_COMPENSADA,15,T4_S1,8
295,intenso,FIXO,15,A1_L0,23
295,intenso,FIXO,15,A1_L1,27
295,intenso,FIXO,15,A1_L2,27
295,intenso,FIXO,15,A1_L3,28
295,intenso,FIXO,15,A1_O1,28
295,intenso,FIXO,15,A1_O2,28
295,intenso,FIXO,15,A1_O3,28
295,intenso,FIXO,15,A1_O4,24
295,intenso,FIXO,15,A2_L0,26
295,intenso,FIXO,15,A2_L1,28
295,intenso,FIXO,15,A2_L2,28
295,intenso,FIXO,15,A2_L3,28
295,intenso,FIXO,15,A2_O1,28
295,intenso,FIXO,15,A2_O2,28
295,intenso,FIXO,15,A2_O3,28
295,intenso,FIXO,15,A2_O4,20
295,intenso,FIXO,15,T1_N1,9
295,intenso,FIXO,15,T1_N2,15
295,intenso,FIXO,15,T1_S0,15
295,intenso,FIXO,15,T1_S1,9
295,intenso,FIXO,15,T2_N1,9
295,intenso,FIXO,15,T2_N2,14
295,intenso,FIXO,15,T2_S0,14
295,intenso,FIXO,15,T2_S1,9
295,intenso,FIXO,15,T3_N1,9
295,intenso,FIXO,15,T3_N2,15
295,intenso,FIXO,15,T3_S0,15
295,intenso,FIXO,15,T3_S1,9
295,intenso,FIXO,15,T4_N1,9
295,intenso,FIXO,15,T4_N2,13
295,intenso,FIXO,15,T4_S0,15
295,intenso,FIXO,15,T4_S1,10
296,intenso,PREEMPCAO,15,A1_L0,21
296,intenso,PREEMPCAO,15,A1_L1,25
296,intenso,PREEMPCAO,15,A1_L2,22
296,intenso,PREEMPCAO,15,A1_L3,25
296,intenso,PREEMPCAO,15,A1_O1,27
296,intenso,PREEMPCAO,15,A1_O2,28
296,intenso,PREEMPCAO,15,A1_O3,28
296,intenso,PREEMPCAO,15,A1_O4,23
296,intenso,PREEMPCAO,15,A2_L0,24
296,intenso,PREEMPCAO,15,A2_L1,25
296,intenso,PREEMPCAO,15,A2_L2,26
296,intenso,PREEMPCAO,15,A2_L3,30
296,intenso,PREEMPCAO,15,A2_O1,24
296,intenso,PREEMPCAO,15,A2_O2,25
296,intenso,PREEMPCAO,15,A2_O3,25
296,intenso,PREEMPCAO,15,A2_O4,23
296,intenso,PREEMPCAO,15,T1_N1,13
296,intenso,PREEMPCAO,15,T1_N2,15
296,intenso,PREEMPCAO,15,T1_S0,15
296,intenso,PREEMPCAO,15,T1_S1,14
296,intenso,PREEMPCAO,15,T2_N1,12
296,intenso,PREEMPCAO,15,T2_N2,15
296,intenso,PREEMPCAO,15,T2_S0,11
296,intenso,PREEMPCAO,15,T2_S1,14
296,intenso,PREEMPCAO,15,T3_N1,13
296,intenso,PREEMPCAO,15,T3_N2,15
296,intenso,PREEMPCAO,15,T3_S0,15
296,intenso,PREEMPCAO,15,T3_S1,14
296,intenso,PREEMPCAO,15,T4_N1,11
296,intenso,PREEMPCAO,15,T4_N2,11
296,intenso,PREEMPCAO,15,T4_S0,13
296,intenso,PREEMPCAO,15,T4_S1,14
297,intenso,PREEMPCAO_COMPENSADA,15,A1_L0,25
297,intenso,PREEMPCAO_COMPENSADA,15,A1_L1,22
297,intenso,PREEMPCAO_COMPENSADA,15,A1_L2,28
297,intenso,PREEMPCAO_COMPENSADA,15,A1_L3,25
297,intenso,PREEMPCAO_COMPENSADA,15,A1_O1,22
297,intenso,PREEMPCAO_COMPENSADA,15,A1_O2,29
297,intenso,PREEMPCAO_COMPENSADA,15,A1_O3,28
297,intenso,PREEMPCAO_COMPENSADA,15,A1_O4,25
297,intenso,PREEMPCAO_COMPENSADA,15,A2_L0,30
297,intenso,PREEMPCAO_COMPENSADA,15,A2_L1,25
297,intenso,PREEMPCAO_COMPENSADA,15,A2_L2,26
297,intenso,PREEMPCAO_COMPENSADA,15,A2_L3,30
297,intenso,PREEMPCAO_COMPENSADA,15,A2_O1,25
297,intenso,PREEMPCAO_COMPENSADA,15,A2_O2,28
297,intenso,PREEMPCAO_COMPENSADA,15,A2_O3,29
297,intenso,PREEMPCAO_COMPENSADA,15,A2_O4,23
297,intenso,PREEMPCAO_COMPENSADA,15,T1_N1,15
297,intenso,PREEMPCAO_COMPENSADA,15,T1_N2,15
297,intenso,PREEMPCAO_COMPENSADA,15,T1_S0,15
297,intenso,PREEMPCAO_COMPENSADA,15,T1_S1,13
297,intenso,PREEMPCAO_COMPENSADA,15,T2_N1,15
297,intenso,PREEMPCAO_COMPENSADA,15,T2_N2,13
297,intenso,PREEMPCAO_COMPENSADA,15,T2_S0,13
297,intenso,PREEMPCAO_COMPENSADA,15,T2_S1,13
297,intenso,PREEMPCAO_COMPENSADA,15,T3_N1,15
297,intenso,PREEMPCAO_COMPENSADA,15,T3_N2,15
297,intenso,PREEMPCAO_COMPENSADA,15,T3_S0,14
297,intenso,PREEMPCAO_COMPENSADA,15,T3_S1,14
297,intenso,PREEMPCAO_COMPENSADA,15,T4_N1,14
297,intenso,PREEMPCAO_COMPENSADA,15,T4_N2,13
297,intenso,PREEMPCAO_COMPENSADA,15,T4_S0,14
297,intenso,PREEMPCAO_COMPENSADA,15,T4_S1,15
298,multiplas_emergencias,FIXO,15,A1_L0,13
298,multiplas_emergencias,FIXO,15,A1_L1,20
298,multiplas_emergencias,FIXO,15,A1_L2,20
298,multiplas_emergencias,FIXO,15,A1_L3,20
298,multiplas_emergencias,FIXO,15,A1_O1,22
298,multiplas_emergencias,FIXO,15,A1_O2,22
298,multiplas_emergencias,FIXO,15,A1_O3,22
298,multiplas_emergencias,FIXO,15,A1_O4,13
298,multiplas_emergencias,FIXO,15,A2_L0,14
298,multiplas_emergencias,FIXO,15,A2_L1,25
298,multiplas_emergencias,FIXO,15,A2_L2,25
298,multiplas_emergencias,FIXO,15,A2_L3,26
298,multiplas_emergencias,FIXO,15,A2_O1,23
298,multiplas_emergencias,FIXO,15,A2_O2,23
298,multiplas_emergencias,FIXO,15,A2_O3,23
298,multiplas_emergencias,FIXO,15,A2_O4,13
298,multiplas_emergencias,FIXO,15,T1_N1,8
298,multiplas_emergencias,FIXO,15,T1_N2,9
298,multiplas_emergencias,FIXO,15,T1_S0,9
298,multiplas_emergencias,FIXO,15,T1_S1,9
298,multiplas_emergencias,FIXO,15,T2_N1,8
298,multiplas_emergencias,FIXO,15,T2_N2,9
298,multiplas_emergencias,FIXO,15,T2_S0,9
298,multiplas_emergencias,FIXO,15,T2_S1,8
298,multiplas_emergencias,FIXO,15,T3_N1,8
298,multiplas_emergencias,FIXO,15,T3_N2,8
298,multiplas_emergencias,FIXO,15,T3_S0,7
298,multiplas_emergencias,FIXO,15,T3_S1,9
298,multiplas_emergencias,FIXO,15,T4_N1,9
298,multiplas_emergencias,FIXO,15,T4_N2,9
298,multiplas_emergencias,FIXO,15,T4_S0,7
298,multiplas_emergencias,FIXO,15,T4_S1,8
299,multiplas_emergencias,PREEMPCAO,15,A1_L0,13
299,multiplas_emergencias,PREEMPCAO,15,A1_L1,17
299,multiplas_emergencias,PREEMPCAO,15,A1_L2,11
299,multiplas_emergencias,PREEMPCAO,15,A1_L3,14
299,multiplas_emergencias,PREEMPCAO,15,A1_O1,20
299,multiplas_emergencias,PREEMPCAO,15,A1_O2,19
299,multiplas_emergencias,PREEMPCAO,15,A1_O3,19
299,multiplas_emergencias,PREEMPCAO,15,A1_O4,18
299,multiplas_emergencias,PREEMPCAO,15,A2_L0,10
299,multiplas_emergencias,PREEMPCAO,15,A2_L1,16
299,multiplas_emergencias,PREEMPCAO,15,A2_L2,15
299,multiplas_emergencias,PREEMPCAO,15,A2_L3,19
299,multiplas_emergencias,PREEMPCAO,15,A2_O1,18
299,multiplas_emergencias,PREEMPCAO,15,A2_O2,21
299,multiplas_emergencias,PREEMPCAO,15,A2_O3,21
299,multiplas_emergencias,PREEMPCAO,15,A2_O4,15
299,multiplas_emergencias,PREEMPCAO,15,T1_N1,12
299,multiplas_emergencias,PREEMPCAO,15,T1_N2,8
299,multiplas_emergencias,PREEMPCAO,15,T1_S0,10
299,multiplas_emergencias,PREEMPCAO,15,T1_S1,12
299,multiplas_emergencias,PREEMPCAO,15,T2_N1,10
299,multiplas_emergencias,PREEMPCAO,15,T2_N2,9
299,multiplas_emergencias,PREEMPCAO,15,T2_S0,8
299,multiplas_emergencias,PREEMPCAO,15,T2_S1,9
299,multiplas_emergencias,PREEMPCAO,15,T3_N1,8
299,multiplas_emergencias,PREEMPCAO,15,T3_N2,9
299,multiplas_emergencias,PREEMPCAO,15,T3_S0,7
299,multiplas_emergencias,PREEMPCAO,15,T3_S1,11
299,multiplas_emergencias,PREEMPCAO,15,T4_N1,10
299,multiplas_emergencias,PREEMPCAO,15,T4_N2,8
299,multiplas_emergencias,PREEMPCAO,15,T4_S0,8
299,multiplas_emergencias,PREEMPCAO,15,T4_S1,9
300,multiplas_emergencias,PREEMPCAO_COMPENSADA,15,A1_L0,13
300,multiplas_emergencias,PREEMPCAO_COMPENSADA,15,A1_L1,18
300,multiplas_emergencias,PREEMPCAO_COMPENSADA,15,A1_L2,18
300,multiplas_emergencias,PREEMPCAO_COMPENSADA,15,A1_L3,16
300,multiplas_emergencias,PREEMPCAO_COMPENSADA,15,A1_O1,22
300,multiplas_emergencias,PREEMPCAO_COMPENSADA,15,A1_O2,22
300,multiplas_emergencias,PREEMPCAO_COMPENSADA,15,A1_O3,22
300,multiplas_emergencias,PREEMPCAO_COMPENSADA,15,A1_O4,16
300,multiplas_emergencias,PREEMPCAO_COMPENSADA,15,A2_L0,16
300,multiplas_emergencias,PREEMPCAO_COMPENSADA,15,A2_L1,19
300,multiplas_emergencias,PREEMPCAO_COMPENSADA,15,A2_L2,19
300,multiplas_emergencias,PREEMPCAO_COMPENSADA,15,A2_L3,19
300,multiplas_emergencias,PREEMPCAO_COMPENSADA,15,A2_O1,22
300,multiplas_emergencias,PREEMPCAO_COMPENSADA,15,A2_O2,21
300,multiplas_emergencias,PREEMPCAO_COMPENSADA,15,A2_O3,21
300,multiplas_emergencias,PREEMPCAO_COMPENSADA,15,A2_O4,14
300,multiplas_emergencias,PREEMPCAO_COMPENSADA,15,T1_N1,13
300,multiplas_emergencias,PREEMPCAO_COMPENSADA,15,T1_N2,10
300,multiplas_emergencias,PREEMPCAO_COMPENSADA,15,T1_S0,9
300,multiplas_emergencias,PREEMPCAO_COMPENSADA,15,T1_S1,11
300,multiplas_emergencias,PREEMPCAO_COMPENSADA,15,T2_N1,10
300,multiplas_emergencias,PREEMPCAO_COMPENSADA,15,T2_N2,9
300,multiplas_emergencias,PREEMPCAO_COMPENSADA,15,T2_S0,7
300,multiplas_emergencias,PREEMPCAO_COMPENSADA,15,T2_S1,11
300,multiplas_emergencias,PREEMPCAO_COMPENSADA,15,T3_N1,8
300,multiplas_emergencias,PREEMPCAO_COMPENSADA,15,T3_N2,8
300,multiplas_emergencias,PREEMPCAO_COMPENSADA,15,T3_S0,8
300,multiplas_emergencias,PREEMPCAO_COMPENSADA,15,T3_S1,13
300,multiplas_emergencias,PREEMPCAO_COMPENSADA,15,T4_N1,12
300,multiplas_emergencias,PREEMPCAO_COMPENSADA,15,T4_N2,9
300,multiplas_emergencias,PREEMPCAO_COMPENSADA,15,T4_S0,7
300,multiplas_emergencias,PREEMPCAO_COMPENSADA,15,T4_S1,7
301,multiplas_emergencias,PREEMPCAO_ML,15,A1_L0,13
301,multiplas_emergencias,PREEMPCAO_ML,15,A1_L1,17
301,multiplas_emergencias,PREEMPCAO_ML,15,A1_L2,13
301,multiplas_emergencias,PREEMPCAO_ML,15,A1_L3,17
301,multiplas_emergencias,PREEMPCAO_ML,15,A1_O1,22
301,multiplas_emergencias,PREEMPCAO_ML,15,A1_O2,19
301,multiplas_emergencias,PREEMPCAO_ML,15,A1_O3,19
301,multiplas_emergencias,PREEMPCAO_ML,15,A1_O4,13
301,multiplas_emergencias,PREEMPCAO_ML,15,A2_L0,16
301,multiplas_emergencias,PREEMPCAO_ML,15,A2_L1,19
301,multiplas_emergencias,PREEMPCAO_ML,15,A2_L2,17
301,multiplas_emergencias,PREEMPCAO_ML,15,A2_L3,21
301,multiplas_emergencias,PREEMPCAO_ML,15,A2_O1,18
301,multiplas_emergencias,PREEMPCAO_ML,15,A2_O2,26
301,multiplas_emergencias,PREEMPCAO_ML,15,A2_O3,21
301,multiplas_emergencias,PREEMPCAO_ML,15,A2_O4,15
301,multiplas_emergencias,PREEMPCAO_ML,15,T1_N1,8
301,multiplas_emergencias,PREEMPCAO_ML,15,T1_N2,8
301,multiplas_emergencias,PREEMPCAO_ML,15,T1_S0,10
301,multiplas_emergencias,PREEMPCAO_ML,15,T1_S1,11
301,multiplas_emergencias,PREEMPCAO_ML,15,T2_N1,9
301,multiplas_emergencias,PREEMPCAO_ML,15,T2_N2,9
301,multiplas_emergencias,PREEMPCAO_ML,15,T2_S0,9
301,multiplas_emergencias,PREEMPCAO_ML,15,T2_S1,10
301,multiplas_emergencias,PREEMPCAO_ML,15,T3_N1,8
301,multiplas_emergencias,PREEMPCAO_ML,15,T3_N2,9
301,multiplas_emergencias,PREEMPCAO_ML,15,T3_S0,8
301,multiplas_emergencias,PREEMPCAO_ML,15,T3_S1,9
301,multiplas_emergencias,PREEMPCAO_ML,15,T4_N1,11
301,multiplas_emergencias,PREEMPCAO_ML,15,T4_N2,8
301,multiplas_emergencias,PREEMPCAO_ML,15,T4_S0,7
301,multiplas_emergencias,PREEMPCAO_ML,15,T4_S1,7
302,leve,FIXO,16,A1_L0,7
302,leve,FIXO,16,A1_L1,11
302,leve,FIXO,16,A1_L2,11
302,leve,FIXO,16,A1_L3,11
302,leve,FIXO,16,A1_O1,13
302,leve,FIXO,16,A1_O2,13
302,leve,FIXO,16,A1_O3,13
302,leve,FIXO,16,A1_O4,10
302,leve,FIXO,16,A2_L0,8
302,leve,FIXO,16,A2_L1,13
302,leve,FIXO,16,A2_L2,13
302,leve,FIXO,16,A2_L3,13
302,leve,FIXO,16,A2_O1,11
302,leve,FIXO,16,A2_O2,11
302,leve,FIXO,16,A2_O3,11
302,leve,FIXO,16,A2_O4,9
302,leve,FIXO,16,T1_N1,5
302,leve,FIXO,16,T1_N2,4
302,leve,FIXO,16,T1_S0,4
302,leve,FIXO,16,T1_S1,6
302,leve,FIXO,16,T2_N1,5
302,leve,FIXO,16,T2_N2,5
302,leve,FIXO,16,T2_S0,5
302,leve,FIXO,16,T2_S1,5
302,leve,FIXO,16,T3_N1,6
302,leve,FIXO,16,T3_N2,4
302,leve,FIXO,16,T3_S0,5
302,leve,FIXO,16,T3_S1,8
302,leve,FIXO,16,T4_N1,6
302,leve,FIXO,16,T4_N2,5
302,leve,FIXO,16,T4_S0,4
302,leve,FIXO,16,T4_S1,6
303,leve,PREEMPCAO,16,A1_L0,9
303,leve,PREEMPCAO,16,A1_L1,11
303,leve,PREEMPCAO,16,A1_L2,10
303,leve,PREEMPCAO,16,A1_L3,10
303,leve,PREEMPCAO,16,A1_O1,9
303,leve,PREEMPCAO,16,A1_O2,12
303,leve,PREEMPCAO,16,A1_O3,12
303,leve,PREEMPCAO,16,A1_O4,8
303,leve,PREEMPCAO,16,A2_L0,8
303,leve,PREEMPCAO,16,A2_L1,13
303,leve,PREEMPCAO,16,A2_L2,13
303,leve,PREEMPCAO,16,A2_L3,13
303,leve,PREEMPCAO,16,A2_O1,8
303,leve,PREEMPCAO,16,A2_O2,8
303,leve,PREEMPCAO,16,A2_O3,10
303,leve,PREEMPCAO,16,A2_O4,8
303,leve,PREEMPCAO,16,T1_N1,5
303,leve,PREEMPCAO,16,T1_N2,5
303,leve,PREEMPCAO,16,T1_S0,4
303,leve,PREEMPCAO,16,T1_S1,4
303,leve,PREEMPCAO,16,T2_N1,6
303,leve,PREEMPCAO,16,T2_N2,4
303,leve,PREEMPCAO,16,T2_S0,4
303,leve,PREEMPCAO,16,T2_S1,4
303,leve,PREEMPCAO,16,T3_N1,6
303,leve,PREEMPCAO,16,T3_N2,4
303,leve,PREEMPCAO,16,T3_S0,3
303,leve,PREEMPCAO,16,T3_S1,6
303,leve,PREEMPCAO,16,T4_N1,7
303,leve,PREEMPCAO,16,T4_N2,6
303,leve,PREEMPCAO,16,T4_S0,5
303,leve,PREEMPCAO,16,T4_S1,5
304,leve,PREEMPCAO_COMPENSADA,16,A1_L0,8
304,leve,PREEMPCAO_COMPENSADA,16,A1_L1,10
304,leve,PREEMPCAO_COMPENSADA,16,A1_L2,11
304,leve,PREEMPCAO_COMPENSADA,16,A1_L3,10
304,leve,PREEMPCAO_COMPENSADA,16,A1_O1,11
304,leve,PREEMPCAO_COMPENSADA,16,A1_O2,11
304,leve,PREEMPCAO_COMPENSADA,16,A1_O3,11
304,leve,PREEMPCAO_COMPENSADA,16,A1_O4,8
304,leve,PREEMPCAO_COMPENSADA,16,A2_L0,8
304,leve,PREEMPCAO_COMPENSADA,16,A2_L1,13
304,leve,PREEMPCAO_COMPENSADA,16,A2_L2,13
304,leve,PREEMPCAO_COMPENSADA,16,A2_L3,13
304,leve,PREEMPCAO_COMPENSADA,16,A2_O1,11
304,leve,PREEMPCAO_COMPENSADA,16,A2_O2,12
304,leve,PREEMPCAO_COMPENSADA,16,A2_O3,10
304,leve,PREEMPCAO_COMPENSADA,16,A2_O4,7
304,leve,PREEMPCAO_COMPENSADA,16,T1_N1,6
304,leve,PREEMPCAO_COMPENSADA,16,T1_N2,5
304,leve,PREEMPCAO_COMPENSADA,16,T1_S0,4
304,leve,PREEMPCAO_COMPENSADA,16,T1_S1,4
304,leve,PREEMPCAO_COMPENSADA,16,T2_N1,5
304,leve,PREEMPCAO_COMPENSADA,16,T2_N2,4
304,leve,PREEMPCAO_COMPENSADA,16,T2_S0,6
304,leve,PREEMPCAO_COMPENSADA,16,T2_S1,5
304,leve,PREEMPCAO_COMPENSADA,16,T3_N1,4
304,leve,PREEMPCAO_COMPENSADA,16,T3_N2,4
304,leve,PREEMPCAO_COMPENSADA,16,T3_S0,6
304,leve,PREEMPCAO_COMPENSADA,16,T3_S1,4
304,leve,PREEMPCAO_COMPENSADA,16,T4_N1,6
304,leve,PREEMPCAO_COMPENSADA,16,T4_N2,5
304,leve,PREEMPCAO_COMPENSADA,16,T4_S0,5
304,leve,PREEMPCAO_COMPENSADA,16,T4_S1,5
305,moderado,FIXO,16,A1_L0,19
305,moderado,FIXO,16,A1_L1,25
305,moderado,FIXO,16,A1_L2,25
305,moderado,FIXO,16,A1_L3,25
305,moderado,FIXO,16,A1_O1,23
305,moderado,FIXO,16,A1_O2,23
305,moderado,FIXO,16,A1_O3,23
305,moderado,FIXO,16,A1_O4,12
305,moderado,FIXO,16,A2_L0,13
305,moderado,FIXO,16,A2_L1,21
305,moderado,FIXO,16,A2_L2,21
305,moderado,FIXO,16,A2_L3,21
305,moderado,FIXO,16,A2_O1,26
305,moderado,FIXO,16,A2_O2,26
305,moderado,FIXO,16,A2_O3,26
305,moderado,FIXO,16,A2_O4,17
305,moderado,FIXO,16,T1_N1,9
305,moderado,FIXO,16,T1_N2,10
305,moderado,FIXO,16,T1_S0,8
305,moderado,FIXO,16,T1_S1,8
305,moderado,FIXO,16,T2_N1,8
305,moderado,FIXO,16,T2_N2,7
305,moderado,FIXO,16,T2_S0,8
305,moderado,FIXO,16,T2_S1,9
305,moderado,FIXO,16,T3_N1,9
305,moderado,FIXO,16,T3_N2,11
305,moderado,FIXO,16,T3_S0,9
305,moderado,FIXO,16,T3_S1,8
305,moderado,FIXO,16,T4_N1,8
305,moderado,FIXO,16,T4_N2,11
305,moderado,FIXO,16,T4_S0,7
305,moderado,FIXO,16,T4_S1,8
306,moderado,PREEMPCAO,16,A1_L0,15
306,moderado,PREEMPCAO,16,A1_L1,18
306,moderado,PREEMPCAO,16,A1_L2,17
306,moderado,PREEMPCAO,16,A1_L3,22
306,moderado,PREEMPCAO,16,A1_O1,14
306,moderado,PREEMPCAO,16,A1_O2,16
306,moderado,PREEMPCAO,16,A1_O3,16
306,moderado,PREEMPCAO,16,A1_O4,14
306,moderado,PREEMPCAO,16,A2_L0,12
306,moderado,PREEMPCAO,16,A2_L1,17
306,moderado,PREEMPCAO,16,A2_L2,17
306,moderado,PREEMPCAO,16,A2_L3,19
306,moderado,PREEMPCAO,16,A2_O1,14
306,moderado,PREEMPCAO,16,A2_O2,17
306,moderado,PREEMPCAO,16,A2_O3,24
306,moderado,PREEMPCAO,16,A2_O4,18
306,moderado,PREEMPCAO,16,T1_N1,10
306,moderado,PREEMPCAO,16,T1_N2,9
306,moderado,PREEMPCAO,16,T1_S0,10
306,moderado,PREEMPCAO,16,T1_S1,9
306,moderado,PREEMPCAO,16,T2_N1,9
306,moderado,PREEMPCAO,16,T2_N2,10
306,moderado,PREEMPCAO,16,T2_S0,9
306,moderado,PREEMPCAO,16,T2_S1,9
306,moderado,PREEMPCAO,16,T3_N1,11
306,moderado,PREEMPCAO,16,T3_N2,11
306,moderado,PREEMPCAO,16,T3_S0,9
306,moderado,PREEMPCAO,16,T3_S1,8
306,moderado,PREEMPCAO,16,T4_N1,8
306,moderado,PREEMPCAO,16,T4_N2,9
306,moderado,PREEMPCAO,16,T4_S0,10
306,moderado,PREEMPCAO,16,T4_S1,9
307,moderado,PREEMPCAO_COMPENSADA,16,A1_L0,16
307,moderado,PREEMPCAO_COMPENSADA,16,A1_L1,17
307,moderado,PREEMPCAO_COMPENSADA,16,A1_L2,17
307,moderado,PREEMPCAO_COMPENSADA,16,A1_L3,19
307,moderado,PREEMPCAO_COMPENSADA,16,A1_O1,13
307,moderado,PREEMPCAO_COMPENSADA,16,A1_O2,25
307,moderado,PREEMPCAO_COMPENSADA,16,A1_O3,16
307,moderado,PREEMPCAO_COMPENSADA,16,A1_O4,14
307,moderado,PREEMPCAO_COMPENSADA,16,A2_L0,16
307,moderado,PREEMPCAO_COMPENSADA,16,A2_L1,20
307,moderado,PREEMPCAO_COMPENSADA,16,A2_L2,24
307,moderado,PREEMPCAO_COMPENSADA,16,A2_L3,23
307,moderado,PREEMPCAO_COMPENSADA,16,A2_O1,14
307,moderado,PREEMPCAO_COMPENSADA,16,A2_O2,21
307,moderado,PREEMPCAO_COMPENSADA,16,A2_O3,18
307,moderado,PREEMPCAO_COMPENSADA,16,A2_O4,17
307,moderado,PREEMPCAO_COMPENSADA,16,T1_N1,9
307,moderado,PREEMPCAO_COMPENSADA,16,T1_N2,7
307,moderado,PREEMPCAO_COMPENSADA,16,T1_S0,9
307,moderado,PREEMPCAO_COMPENSADA,16,T1_S1,11
307,moderado,PREEMPCAO_COMPENSADA,16,T2_N1,8
307,moderado,PREEMPCAO_COMPENSADA,16,T2_N2,9
307,moderado,PREEMPCAO_COMPENSADA,16,T2_S0,7
307,moderado,PREEMPCAO_COMPENSADA,16,T2_S1,9
307,moderado,PREEMPCAO_COMPENSADA,16,T3_N1,10
307,moderado,PREEMPCAO_COMPENSADA,16,T3_N2,11
307,moderado,PREEMPCAO_COMPENSADA,16,T3_S0,8
307,moderado,PREEMPCAO_COMPENSADA,16,T3_S1,12
307,moderado,PREEMPCAO_COMPENSADA,16,T4_N1,12
307,moderado,PREEMPCAO_COMPENSADA,16,T4_N2,11
307,moderado,PREEMPCAO_COMPENSADA,16,T4_S0,8
307,moderado,PREEMPCAO_COMPENSADA,16,T4_S1,12
308,intenso,FIXO,16,A1_L0,19
308,intenso,FIXO,16,A1_L1,28
308,intenso,FIXO,16,A1_L2,28
308,intenso,FIXO,16,A1_L3,28
308,intenso,FIXO,16,A1_O1,27
308,intenso,FIXO,16,A1_O2,27
308,intenso,FIXO,16,A1_O3,27
308,intenso,FIXO,16,A1_O4,22
308,intenso,FIXO,16,A2_L0,20
308,intenso,FIXO,16,A2_L1,28
308,intenso,FIXO,16,A2_L2,28
308,intenso,FIXO,16,A2_L3,28
308,intenso,FIXO,16,A2_O1,28
308,intenso,FIXO,16,A2_O2,28
308,intenso,FIXO,16,A2_O3,28
308,intenso,FIXO,16,A2_O4,21
308,intenso,FIXO,16,T1_N1,9
308,intenso,FIXO,16,T1_N2,15
308,intenso,FIXO,16,T1_S0,13
308,intenso,FIXO,16,T1_S1,9
308,intenso,FIXO,16,T2_N1,10
308,intenso,FIXO,16,T2_N2,13
308,intenso,FIXO,16,T2_S0,13
308,intenso,FIXO,16,T2_S1,9
308,intenso,FIXO,16,T3_N1,9
308,intenso,FIXO,16,T3_N2,15
308,intenso,FIXO,16,T3_S0,15
308,intenso,FIXO,16,T3_S1,9
308,intenso,FIXO,16,T4_N1,10
308,intenso,FIXO,16,T4_N2,15
308,intenso,FIXO,16,T4_S0,14
308,intenso,FIXO,16,T4_S1,10
309,intenso,PREEMPCAO,16,A1_L0,21
309,intenso,PREEMPCAO,16,A1_L1,28
309,intenso,PREEMPCAO,16,A1_L2,28
309,intenso,PREEMPCAO,16,A1_L3,28
309,intenso,PREEMPCAO,16,A1_O1,28
309,intenso,PREEMPCAO,16,A1_O2,27
309,intenso,PREEMPCAO,16,A1_O3,25
309,intenso,PREEMPCAO,16,A1_O4,22
309,intenso,PREEMPCAO,16,A2_L0,20
309,intenso,PREEMPCAO,16,A2_L1,27
309,intenso,PREEMPCAO,16,A2_L2,27
309,intenso,PREEMPCAO,16,A2_L3,28
309,intenso,PREEMPCAO,16,A2_O1,27
309,intenso,PREEMPCAO,16,A2_O2,27
309,intenso,PREEMPCAO,16,A2_O3,27
309,intenso,PREEMPCAO,16,A2_O4,20
309,intenso,PREEMPCAO,16,T1_N1,11
309,intenso,PREEMPCAO,16,T1_N2,15
309,intenso,PREEMPCAO,16,T1_S0,15
309,intenso,PREEMPCAO,16,T1_S1,15
309,intenso,PREEMPCAO,16,T2_N1,15
309,intenso,PREEMPCAO,16,T2_N2,13
309,intenso,PREEMPCAO,16,T2_S0,14
309,intenso,PREEMPCAO,16,T2_S1,13
309,intenso,PREEMPCAO,16,T3_N1,14
309,intenso,PREEMPCAO,16,T3_N2,15
309,intenso,PREEMPCAO,16,T3_S0,15
309,intenso,PREEMPCAO,16,T3_S1,15
309,intenso,PREEMPCAO,16,T4_N1,14
309,intenso,PREEMPCAO,16,T4_N2,13
309,intenso,PREEMPCAO,16,T4_S0,15
309,intenso,PREEMPCAO,16,T4_S1,14
310,intenso,PREEMPCAO_COMPENSADA,16,A1_L0,23
310,intenso,PREEMPCAO_COMPENSADA,16,A1_L1,28
310,intenso,PREEMPCAO_COMPENSADA,16,A1_L2,28
310,intenso,PREEMPCAO_COMPENSADA,16,A1_L3,28
310,intenso,PREEMPCAO_COMPENSADA,16,A1_O1,21
310,intenso,PREEMPCAO_COMPENSADA,16,A1_O2,28
310,intenso,PREEMPCAO_COMPENSADA,16,A1_O3,27
310,intenso,PREEMPCAO_COMPENSADA,16,A1_O4,24
310,intenso,PREEMPCAO_COMPENSADA,16,A2_L0,24
310,intenso,PREEMPCAO_COMPENSADA,16,A2_L1,27
310,intenso,PREEMPCAO_COMPENSADA,16,A2_L2,27
310,intenso,PREEMPCAO_COMPENSADA,16,A2_L3,28
310,intenso,PREEMPCAO_COMPENSADA,16,A2_O1,27
310,intenso,PREEMPCAO_COMPENSADA,16,A2_O2,27
310,intenso,PREEMPCAO_COMPENSADA,16,A2_O3,28
310,intenso,PREEMPCAO_COMPENSADA,16,A2_O4,23
310,intenso,PREEMPCAO_COMPENSADA,16,T1_N1,14
310,intenso,PREEMPCAO_COMPENSADA,16,T1_N2,15
310,intenso,PREEMPCAO_COMPENSADA,16,T1_S0,15
310,intenso,PREEMPCAO_COMPENSADA,16,T1_S1,15
310,intenso,PREEMPCAO_COMPENSADA,16,T2_N1,14
310,intenso,PREEMPCAO_COMPENSADA,16,T2_N2,13
310,intenso,PREEMPCAO_COMPENSADA,16,T2_S0,13
310,intenso,PREEMPCAO_COMPENSADA,16,T2_S1,14
310,intenso,PREEMPCAO_COMPENSADA,16,T3_N1,15
310,intenso,PREEMPCAO_COMPENSADA,16,T3_N2,15
310,intenso,PREEMPCAO_COMPENSADA,16,T3_S0,15
310,intenso,PREEMPCAO_COMPENSADA,16,T3_S1,14
310,intenso,PREEMPCAO_COMPENSADA,16,T4_N1,13
310,intenso,PREEMPCAO_COMPENSADA,16,T4_N2,15
310,intenso,PREEMPCAO_COMPENSADA,16,T4_S0,13
310,intenso,PREEMPCAO_COMPENSADA,16,T4_S1,14
311,multiplas_emergencias,FIXO,16,A1_L0,19
311,multiplas_emergencias,FIXO,16,A1_L1,25
311,multiplas_emergencias,FIXO,16,A1_L2,25
311,multiplas_emergencias,FIXO,16,A1_L3,25
311,multiplas_emergencias,FIXO,16,A1_O1,23
311,multiplas_emergencias,FIXO,16,A1_O2,23
311,multiplas_emergencias,FIXO,16,A1_O3,23
311,multiplas_emergencias,FIXO,16,A1_O4,12
311,multiplas_emergencias,FIXO,16,A2_L0,13
311,multiplas_emergencias,FIXO,16,A2_L1,21
311,multiplas_emergencias,FIXO,16,A2_L2,21
311,multiplas_emergencias,FIXO,16,A2_L3,21
311,multiplas_emergencias,FIXO,16,A2_O1,26
311,multiplas_emergencias,FIXO,16,A2_O2,26
311,multiplas_emergencias,FIXO,16,A2_O3,26
311,multiplas_emergencias,FIXO,16,A2_O4,17
311,multiplas_emergencias,FIXO,16,T1_N1,9
311,multiplas_emergencias,FIXO,16,T1_N2,10
311,multiplas_emergencias,FIXO,16,T1_S0,8
311,multiplas_emergencias,FIXO,16,T1_S1,8
311,multiplas_emergencias,FIXO,16,T2_N1,8
311,multiplas_emergencias,FIXO,16,T2_N2,7
311,multiplas_emergencias,FIXO,16,T2_S0,8
311,multiplas_emergencias,FIXO,16,T2_S1,9
311,multiplas_emergencias,FIXO,16,T3_N1,9
311,multiplas_emergencias,FIXO,16,T3_N2,11
311,multiplas_emergencias,FIXO,16,T3_S0,9
311,multiplas_emergencias,FIXO,16,T3_S1,8
311,multiplas_emergencias,FIXO,16,T4_N1,8
311,multiplas_emergencias,FIXO,16,T4_N2,11
311,multiplas_emergencias,FIXO,16,T4_S0,7
311,multiplas_emergencias,FIXO,16,T4_S1,8
312,multiplas_emergencias,PREEMPCAO,16,A1_L0,15
312,multiplas_emergencias,PREEMPCAO,16,A1_L1,20
312,multiplas_emergencias,PREEMPCAO,16,A1_L2,17
312,multiplas_emergencias,PREEMPCAO,16,A1_L3,17
312,multiplas_emergencias,PREEMPCAO,16,A1_O1,15
312,multiplas_emergencias,PREEMPCAO,16,A1_O2,16
312,multiplas_emergencias,PREEMPCAO,16,A1_O3,16
312,multiplas_emergencias,PREEMPCAO,16,A1_O4,13
312,multiplas_emergencias,PREEMPCAO,16,A2_L0,13
312,multiplas_emergencias,PREEMPCAO,16,A2_L1,19
312,multiplas_emergencias,PREEMPCAO,16,A2_L2,17
312,multiplas_emergencias,PREEMPCAO,16,A2_L3,17
312,multiplas_emergencias,PREEMPCAO,16,A2_O1,22
312,multiplas_emergencias,PREEMPCAO,16,A2_O2,19
312,multiplas_emergencias,PREEMPCAO,16,A2_O3,15
312,multiplas_emergencias,PREEMPCAO,16,A2_O4,12
312,multiplas_emergencias,PREEMPCAO,16,T1_N1,10
312,multiplas_emergencias,PREEMPCAO,16,T1_N2,7
312,multiplas_emergencias,PREEMPCAO,16,T1_S0,10
312,multiplas_emergencias,PREEMPCAO,16,T1_S1,10
312,multiplas_emergencias,PREEMPCAO,16,T2_N1,9
312,multiplas_emergencias,PREEMPCAO,16,T2_N2,8
312,multiplas_emergencias,PREEMPCAO,16,T2_S0,9
312,multiplas_emergencias,PREEMPCAO,16,T2_S1,10
312,multiplas_emergencias,PREEMPCAO,16,T3_N1,12
312,multiplas_emergencias,PREEMPCAO,16,T3_N2,7
312,multiplas_emergencias,PREEMPCAO,16,T3_S0,8
312,multiplas_emergencias,PREEMPCAO,16,T3_S1,8
312,multiplas_emergencias,PREEMPCAO,16,T4_N1,11
312,multiplas_emergencias,PREEMPCAO,16,T4_N2,11
312,multiplas_emergencias,PREEMPCAO,16,T4_S0,8
312,multiplas_emergencias,PREEMPCAO,16,T4_S1,8
313,multiplas_emergencias,PREEMPCAO_COMPENSADA,16,A1_L0,16
313,multiplas_emergencias,PREEMPCAO_COMPENSADA,16,A1_L1,20
313,multiplas_emergencias,PREEMPCAO_COMPENSADA,16,A1_L2,26
313,multiplas_emergencias,PREEMPCAO_COMPENSADA,16,A1_L3,19
313,multiplas_emergencias,PREEMPCAO_COMPENSADA,16,A1_O1,22
313,multiplas_emergencias,PREEMPCAO_COMPENSADA,16,A1_O2,24
313,multiplas_emergencias,PREEMPCAO_COMPENSADA,16,A1_O3,23
313,multiplas_emergencias,PREEMPCAO_COMPENSADA,16,A1_O4,12
313,multiplas_emergencias,PREEMPCAO_COMPENSADA,16,A2_L0,12
313,multiplas_emergencias,PREEMPCAO_COMPENSADA,16,A2_L1,17
313,multiplas_emergencias,PREEMPCAO_COMPENSADA,16,A2_L2,19
313,multiplas_emergencias,PREEMPCAO_COMPENSADA,16,A2_L3,19
313,multiplas_emergencias,PREEMPCAO_COMPENSADA,16,A2_O1,17
313,multiplas_emergencias,PREEMPCAO_COMPENSADA,16,A2_O2,23
313,multiplas_emergencias,PREEMPCAO_COMPENSADA,16,A2_O3,18
313,multiplas_emergencias,PREEMPCAO_COMPENSADA,16,A2_O4,16
313,multiplas_emergencias,PREEMPCAO_COMPENSADA,16,T1_N1,13
313,multiplas_emergencias,PREEMPCAO_COMPENSADA,16,T1_N2,10
313,multiplas_emergencias,PREEMPCAO_COMPENSADA,16,T1_S0,9
313,multiplas_emergencias,PREEMPCAO_COMPENSADA,16,T1_S1,10
313,multiplas_emergencias,PREEMPCAO_COMPENSADA,16,T2_N1,8
313,multiplas_emergencias,PREEMPCAO_COMPENSADA,16,T2_N2,7
313,multiplas_emergencias,PREEMPCAO_COMPENSADA,16,T2_S0,9
313,multiplas_emergencias,PREEMPCAO_COMPENSADA,16,T2_S1,9
313,multiplas_emergencias,PREEMPCAO_COMPENSADA,16,T3_N1,12
313,multiplas_emergencias,PREEMPCAO_COMPENSADA,16,T3_N2,11
313,multiplas_emergencias,PREEMPCAO_COMPENSADA,16,T3_S0,12
313,multiplas_emergencias,PREEMPCAO_COMPENSADA,16,T3_S1,9
313,multiplas_emergencias,PREEMPCAO_COMPENSADA,16,T4_N1,9
313,multiplas_emergencias,PREEMPCAO_COMPENSADA,16,T4_N2,10
313,multiplas_emergencias,PREEMPCAO_COMPENSADA,16,T4_S0,9
313,multiplas_emergencias,PREEMPCAO_COMPENSADA,16,T4_S1,13
314,multiplas_emergencias,PREEMPCAO_ML,16,A1_L0,15
314,multiplas_emergencias,PREEMPCAO_ML,16,A1_L1,17
314,multiplas_emergencias,PREEMPCAO_ML,16,A1_L2,18
314,multiplas_emergencias,PREEMPCAO_ML,16,A1_L3,21
314,multiplas_emergencias,PREEMPCAO_ML,16,A1_O1,15
314,multiplas_emergencias,PREEMPCAO_ML,16,A1_O2,16
314,multiplas_emergencias,PREEMPCAO_ML,16,A1_O3,16
314,multiplas_emergencias,PREEMPCAO_ML,16,A1_O4,15
314,multiplas_emergencias,PREEMPCAO_ML,16,A2_L0,13
314,multiplas_emergencias,PREEMPCAO_ML,16,A2_L1,17
314,multiplas_emergencias,PREEMPCAO_ML,16,A2_L2,20
314,multiplas_emergencias,PREEMPCAO_ML,16,A2_L3,24
314,multiplas_emergencias,PREEMPCAO_ML,16,A2_O1,26
314,multiplas_emergencias,PREEMPCAO_ML,16,A2_O2,22
314,multiplas_emergencias,PREEMPCAO_ML,16,A2_O3,24
314,multiplas_emergencias,PREEMPCAO_ML,16,A2_O4,19
314,multiplas_emergencias,PREEMPCAO_ML,16,T1_N1,13
314,multiplas_emergencias,PREEMPCAO_ML,16,T1_N2,10
314,multiplas_emergencias,PREEMPCAO_ML,16,T1_S0,10
314,multiplas_emergencias,PREEMPCAO_ML,16,T1_S1,9
314,multiplas_emergencias,PREEMPCAO_ML,16,T2_N1,10
314,multiplas_emergencias,PREEMPCAO_ML,16,T2_N2,6
314,multiplas_emergencias,PREEMPCAO_ML,16,T2_S0,10
314,multiplas_emergencias,PREEMPCAO_ML,16,T2_S1,9
314,multiplas_emergencias,PREEMPCAO_ML,16,T3_N1,12
314,multiplas_emergencias,PREEMPCAO_ML,16,T3_N2,11
314,multiplas_emergencias,PREEMPCAO_ML,16,T3_S0,9
314,multiplas_emergencias,PREEMPCAO_ML,16,T3_S1,9
314,multiplas_emergencias,PREEMPCAO_ML,16,T4_N1,10
314,multiplas_emergencias,PREEMPCAO_ML,16,T4_N2,9
314,multiplas_emergencias,PREEMPCAO_ML,16,T4_S0,10
314,multiplas_emergencias,PREEMPCAO_ML,16,T4_S1,7
315,leve,FIXO,17,A1_L0,8
315,leve,FIXO,17,A1_L1,14
315,leve,FIXO,17,A1_L2,14
315,leve,FIXO,17,A1_L3,14
315,leve,FIXO,17,A1_O1,13
315,leve,FIXO,17,A1_O2,13
315,leve,FIXO,17,A1_O3,13
315,leve,FIXO,17,A1_O4,9
315,leve,FIXO,17,A2_L0,6
315,leve,FIXO,17,A2_L1,11
315,leve,FIXO,17,A2_L2,11
315,leve,FIXO,17,A2_L3,11
315,leve,FIXO,17,A2_O1,11
315,leve,FIXO,17,A2_O2,11
315,leve,FIXO,17,A2_O3,11
315,leve,FIXO,17,A2_O4,8
315,leve,FIXO,17,T1_N1,7
315,leve,FIXO,17,T1_N2,6
315,leve,FIXO,17,T1_S0,4
315,leve,FIXO,17,T1_S1,7
315,leve,FIXO,17,T2_N1,7
315,leve,FIXO,17,T2_N2,7
315,leve,FIXO,17,T2_S0,5
315,leve,FIXO,17,T2_S1,5
315,leve,FIXO,17,T3_N1,6
315,leve,FIXO,17,T3_N2,6
315,leve,FIXO,17,T3_S0,4
315,leve,FIXO,17,T3_S1,6
315,leve,FIXO,17,T4_N1,6
315,leve,FIXO,17,T4_N2,5
315,leve,FIXO,17,T4_S0,7
315,leve,FIXO,17,T4_S1,5
316,leve,PREEMPCAO,17,A1_L0,7
316,leve,PREEMPCAO,17,A1_L1,8
316,leve,PREEMPCAO,17,A1_L2,8
316,leve,PREEMPCAO,17,A1_L3,8
316,leve,PREEMPCAO,17,A1_O1,8
316,leve,PREEMPCAO,17,A1_O2,15
316,leve,PREEMPCAO,17,A1_O3,11
316,leve,PREEMPCAO,17,A1_O4,9
316,leve,PREEMPCAO,17,A2_L0,7
316,leve,PREEMPCAO,17,A2_L1,9
316,leve,PREEMPCAO,17,A2_L2,8
316,leve,PREEMPCAO,17,A2_L3,8
316,leve,PREEMPCAO,17,A2_O1,8
316,leve,PREEMPCAO,17,A2_O2,6
316,leve,PREEMPCAO,17,A2_O3,12
316,leve,PREEMPCAO,17,A2_O4,10
316,leve,PREEMPCAO,17,T1_N1,6
316,leve,PREEMPCAO,17,T1_N2,6
316,leve,PREEMPCAO,17,T1_S0,5
316,leve,PREEMPCAO,17,T1_S1,7
316,leve,PREEMPCAO,17,T2_N1,7
316,leve,PREEMPCAO,17,T2_N2,6
316,leve,PREEMPCAO,17,T2_S0,4
316,leve,PREEMPCAO,17,T2_S1,6
316,leve,PREEMPCAO,17,T3_N1,4
316,leve,PREEMPCAO,17,T3_N2,4
316,leve,PREEMPCAO,17,T3_S0,5
316,leve,PREEMPCAO,17,T3_S1,6
316,leve,PREEMPCAO,17,T4_N1,6
316,leve,PREEMPCAO,17,T4_N2,4
316,leve,PREEMPCAO,17,T4_S0,6
316,leve,PREEMPCAO,17,T4_S1,5
317,leve,PREEMPCAO_COMPENSADA,17,A1_L0,7
317,leve,PREEMPCAO_COMPENSADA,17,A1_L1,9
317,leve,PREEMPCAO_COMPENSADA,17,A1_L2,10
317,leve,PREEMPCAO_COMPENSADA,17,A1_L3,8
317,leve,PREEMPCAO_COMPENSADA,17,A1_O1,12
317,leve,PREEMPCAO_COMPENSADA,17,A1_O2,12
317,leve,PREEMPCAO_COMPENSADA,17,A1_O3,10
317,leve,PREEMPCAO_COMPENSADA,17,A1_O4,5
317,leve,PREEMPCAO_COMPENSADA,17,A2_L0,6
317,leve,PREEMPCAO_COMPENSADA,17,A2_L1,9
317,leve,PREEMPCAO_COMPENSADA,17,A2_L2,9
317,leve,PREEMPCAO_COMPENSADA,17,A2_L3,11
317,leve,PREEMPCAO_COMPENSADA,17,A2_O1,10
317,leve,PREEMPCAO_COMPENSADA,17,A2_O2,7
317,leve,PREEMPCAO_COMPENSADA,17,A2_O3,11
317,leve,PREEMPCAO_COMPENSADA,17,A2_O4,7
317,leve,PREEMPCAO_COMPENSADA,17,T1_N1,7
317,leve,PREEMPCAO_COMPENSADA,17,T1_N2,6
317,leve,PREEMPCAO_COMPENSADA,17,T1_S0,5
317,leve,PREEMPCAO_COMPENSADA,17,T1_S1,7
317,leve,PREEMPCAO_COMPENSADA,17,T2_N1,6
317,leve,PREEMPCAO_COMPENSADA,17,T2_N2,7
317,leve,PREEMPCAO_COMPENSADA,17,T2_S0,4
317,leve,PREEMPCAO_COMPENSADA,17,T2_S1,6
317,leve,PREEMPCAO_COMPENSADA,17,T3_N1,4
317,leve,PREEMPCAO_COMPENSADA,17,T3_N2,3
317,leve,PREEMPCAO_COMPENSADA,17,T3_S0,4
317,leve,PREEMPCAO_COMPENSADA,17,T3_S1,5
317,leve,PREEMPCAO_COMPENSADA,17,T4_N1,6
317,leve,PREEMPCAO_COMPENSADA,17,T4_N2,5
317,leve,PREEMPCAO_COMPENSADA,17,T4_S0,4
317,leve,PREEMPCAO_COMPENSADA,17,T4_S1,5
318,moderado,FIXO,17,A1_L0,17
318,moderado,FIXO,17,A1_L1,23
318,moderado,FIXO,17,A1_L2,23
318,moderado,FIXO,17,A1_L3,23
318,moderado,FIXO,17,A1_O1,20
318,moderado,FIXO,17,A1_O2,20
318,moderado,FIXO,17,A1_O3,20
318,moderado,FIXO,17,A1_O4,15
318,moderado,FIXO,17,A2_L0,15
318,moderado,FIXO,17,A2_L1,25
318,moderado,FIXO,17,A2_L2,25
318,moderado,FIXO,17,A2_L3,25
318,moderado,FIXO,17,A2_O1,21
318,moderado,FIXO,17,A2_O2,21
318,moderado,FIXO,17,A2_O3,21
318,moderado,FIXO,17,A2_O4,14
318,moderado,FIXO,17,T1_N1,8
318,moderado,FIXO,17,T1_N2,8
318,moderado,FIXO,17,T1_S0,7
318,moderado,FIXO,17,T1_S1,9
318,moderado,FIXO,17,T2_N1,9
318,moderado,FIXO,17,T2_N2,7
318,moderado,FIXO,17,T2_S0,8
318,moderado,FIXO,17,T2_S1,9
318,moderado,FIXO,17,T3_N1,9
318,moderado,FIXO,17,T3_N2,10
318,moderado,FIXO,17,T3_S0,8
318,moderado,FIXO,17,T3_S1,9
318,moderado,FIXO,17,T4_N1,7
318,moderado,FIXO,17,T4_N2,7
318,moderado,FIXO,17,T4_S0,8
318,moderado,FIXO,17,T4_S1,9
319,moderado,PREEMPCAO,17,A1_L0,13
319,moderado,PREEMPCAO,17,A1_L1,17
319,moderado,PREEMPCAO,17,A1_L2,15
319,moderado,PREEMPCAO,17,A1_L3,18
319,moderado,PREEMPCAO,17,A1_O1,27
319,moderado,PREEMPCAO,17,A1_O2,15
319,moderado,PREEMPCAO,17,A1_O3,16
319,moderado,PREEMPCAO,17,A1_O4,13
319,moderado,PREEMPCAO,17,A2_L0,14
319,moderado,PREEMPCAO,17,A2_L1,23
319,moderado,PREEMPCAO,17,A2_L2,21
319,moderado,PREEMPCAO,17,A2_L3,26
319,moderado,PREEMPCAO,17,A2_O1,19
319,moderado,PREEMPCAO,17,A2_O2,19
319,moderado,PREEMPCAO,17,A2_O3,22
319,moderado,PREEMPCAO,17,A2_O4,12
319,moderado,PREEMPCAO,17,T1_N1,12
319,moderado,PREEMPCAO,17,T1_N2,10
319,moderado,PREEMPCAO,17,T1_S0,11
319,moderado,PREEMPCAO,17,T1_S1,12
319,moderado,PREEMPCAO,17,T2_N1,8
319,moderado,PREEMPCAO,17,T2_N2,9
319,moderado,PREEMPCAO,17,T2_S0,10
319,moderado,PREEMPCAO,17,T2_S1,12
319,moderado,PREEMPCAO,17,T3_N1,9
319,moderado,PREEMPCAO,17,T3_N2,9
319,moderado,PREEMPCAO,17,T3_S0,9
319,moderado,PREEMPCAO,17,T3_S1,9
319,moderado,PREEMPCAO,17,T4_N1,8
319,moderado,PREEMPCAO,17,T4_N2,8
319,moderado,PREEMPCAO,17,T4_S0,12
319,moderado,PREEMPCAO,17,T4_S1,10
320,moderado,PREEMPCAO_COMPENSADA,17,A1_L0,16
320,moderado,PREEMPCAO_COMPENSADA,17,A1_L1,15
320,moderado,PREEMPCAO_COMPENSADA,17,A1_L2,18
320,moderado,PREEMPCAO_COMPENSADA,17,A1_L3,17
320,moderado,PREEMPCAO_COMPENSADA,17,A1_O1,18
320,moderado,PREEMPCAO_COMPENSADA,17,A1_O2,20
320,moderado,PREEMPCAO_COMPENSADA,17,A1_O3,19
320,moderado,PREEMPCAO_COMPENSADA,17,A1_O4,16
320,moderado,PREEMPCAO_COMPENSADA,17,A2_L0,16
320,moderado,PREEMPCAO_COMPENSADA,17,A2_L1,25
320,moderado,PREEMPCAO_COMPENSADA,17,A2_L2,25
320,moderado,PREEMPCAO_COMPENSADA,17,A2_L3,21
320,moderado,PREEMPCAO_COMPENSADA,17,A2_O1,20
320,moderado,PREEMPCAO_COMPENSADA,17,A2_O2,19
320,moderado,PREEMPCAO_COMPENSADA,17,A2_O3,24
320,moderado,PREEMPCAO_COMPENSADA,17,A2_O4,15
320,moderado,PREEMPCAO_COMPENSADA,17,T1_N1,11
320,moderado,PREEMPCAO_COMPENSADA,17,T1_N2,10
320,moderado,PREEMPCAO_COMPENSADA,17,T1_S0,12
320,moderado,PREEMPCAO_COMPENSADA,17,T1_S1,9
320,moderado,PREEMPCAO_COMPENSADA,17,T2_N1,12
320,moderado,PREEMPCAO_COMPENSADA,17,T2_N2,7
320,moderado,PREEMPCAO_COMPENSADA,17,T2_S0,7
320,moderado,PREEMPCAO_COMPENSADA,17,T2_S1,7
320,moderado,PREEMPCAO_COMPENSADA,17,T3_N1,13
320,moderado,PREEMPCAO_COMPENSADA,17,T3_N2,9
320,moderado,PREEMPCAO_COMPENSADA,17,T3_S0,8
320,moderado,PREEMPCAO_COMPENSADA,17,T3_S1,8
320,moderado,PREEMPCAO_COMPENSADA,17,T4_N1,8
320,moderado,PREEMPCAO_COMPENSADA,17,T4_N2,7
320,moderado,PREEMPCAO_COMPENSADA,17,T4_S0,10
320,moderado,PREEMPCAO_COMPENSADA,17,T4_S1,13
321,intenso,FIXO,17,A1_L0,25
321,intenso,FIXO,17,A1_L1,28
321,intenso,FIXO,17,A1_L2,28
321,intenso,FIXO,17,A1_L3,28
321,intenso,FIXO,17,A1_O1,28
321,intenso,FIXO,17,A1_O2,28
321,intenso,FIXO,17,A1_O3,28
321,intenso,FIXO,17,A1_O4,20
321,intenso,FIXO,17,A2_L0,20
321,intenso,FIXO,17,A2_L1,28
321,intenso,FIXO,17,A2_L2,28
321,intenso,FIXO,17,A2_L3,28
321,intenso,FIXO,17,A2_O1,28
321,intenso,FIXO,17,A2_O2,28
321,intenso,FIXO,17,A2_O3,28
321,intenso,FIXO,17,A2_O4,23
321,intenso,FIXO,17,T1_N1,9
321,intenso,FIXO,17,T1_N2,15
321,intenso,FIXO,17,T1_S0,13
321,intenso,FIXO,17,T1_S1,10
321,intenso,FIXO,17,T2_N1,10
321,intenso,FIXO,17,T2_N2,13
321,intenso,FIXO,17,T2_S0,14
321,intenso,FIXO,17,T2_S1,9
321,intenso,FIXO,17,T3_N1,9
321,intenso,FIXO,17,T3_N2,12
321,intenso,FIXO,17,T3_S0,15
321,intenso,FIXO,17,T3_S1,9
321,intenso,FIXO,17,T4_N1,10
321,intenso,FIXO,17,T4_N2,12
321,intenso,FIXO,17,T4_S0,15
321,intenso,FIXO,17,T4_S1,9
322,intenso,PREEMPCAO,17,A1_L0,22
322,intenso,PREEMPCAO,17,A1_L1,27
322,intenso,PREEMPCAO,17,A1_L2,20
322,intenso,PREEMPCAO,17,A1_L3,24
322,intenso,PREEMPCAO,17,A1_O1,26
322,intenso,PREEMPCAO,17,A1_O2,26
322,intenso,PREEMPCAO,17,A1_O3,26
322,intenso,PREEMPCAO,17,A1_O4,20
322,intenso,PREEMPCAO,17,A2_L0,22
322,intenso,PREEMPCAO,17,A2_L1,27
322,intenso,PREEMPCAO,17,A2_L2,26
322,intenso,PREEMPCAO,17,A2_L3,28
322,intenso,PREEMPCAO,17,A2_O1,28
322,intenso,PREEMPCAO,17,A2_O2,28
322,intenso,PREEMPCAO,17,A2_O3,28
322,intenso,PREEMPCAO,17,A2_O4,21
322,intenso,PREEMPCAO,17,T1_N1,14
322,intenso,PREEMPCAO,17,T1_N2,15
322,intenso,PREEMPCAO,17,T1_S0,15
322,intenso,PREEMPCAO,17,T1_S1,15
322,intenso,PREEMPCAO,17,T2_N1,14
322,intenso,PREEMPCAO,17,T2_N2,15
322,intenso,PREEMPCAO,17,T2_S0,15
322,intenso,PREEMPCAO,17,T2_S1,14
322,intenso,PREEMPCAO,17,T3_N1,15
322,intenso,PREEMPCAO,17,T3_N2,15
322,intenso,PREEMPCAO,17,T3_S0,15
322,intenso,PREEMPCAO,17,T3_S1,15
322,intenso,PREEMPCAO,17,T4_N1,12
322,intenso,PREEMPCAO,17,T4_N2,13
322,intenso,PREEMPCAO,17,T4_S0,15
322,intenso,PREEMPCAO,17,T4_S1,13
323,intenso,PREEMPCAO_COMPENSADA,17,A1_L0,30
323,intenso,PREEMPCAO_COMPENSADA,17,A1_L1,27
323,intenso,PREEMPCAO_COMPENSADA,17,A1_L2,27
323,intenso,PREEMPCAO_COMPENSADA,17,A1_L3,27
323,intenso,PREEMPCAO_COMPENSADA,17,A1_O1,27
323,intenso,PREEMPCAO_COMPENSADA,17,A1_O2,30
323,intenso,PREEMPCAO_COMPENSADA,17,A1_O3,27
323,intenso,PREEMPCAO_COMPENSADA,17,A1_O4,25
323,intenso,PREEMPCAO_COMPENSADA,17,A2_L0,23
323,intenso,PREEMPCAO_COMPENSADA,17,A2_L1,28
323,intenso,PREEMPCAO_COMPENSADA,17,A2_L2,28
323,intenso,PREEMPCAO_COMPENSADA,17,A2_L3,30
323,intenso,PREEMPCAO_COMPENSADA,17,A2_O1,28
323,intenso,PREEMPCAO_COMPENSADA,17,A2_O2,28
323,intenso,PREEMPCAO_COMPENSADA,17,A2_O3,28
323,intenso,PREEMPCAO_COMPENSADA,17,A2_O4,21
323,intenso,PREEMPCAO_COMPENSADA,17,T1_N1,15
323,intenso,PREEMPCAO_COMPENSADA,17,T1_N2,15
323,intenso,PREEMPCAO_COMPENSADA,17,T1_S0,15
323,intenso,PREEMPCAO_COMPENSADA,17,T1_S1,14
323,intenso,PREEMPCAO_COMPENSADA,17,T2_N1,15
323,intenso,PREEMPCAO_COMPENSADA,17,T2_N2,15
323,intenso,PREEMPCAO_COMPENSADA,17,T2_S0,14
323,intenso,PREEMPCAO_COMPENSADA,17,T2_S1,14
323,intenso,PREEMPCAO_COMPENSADA,17,T3_N1,15
323,intenso,PREEMPCAO_COMPENSADA,17,T3_N2,12
323,intenso,PREEMPCAO_COMPENSADA,17,T3_S0,13
323,intenso,PREEMPCAO_COMPENSADA,17,T3_S1,14
323,intenso,PREEMPCAO_COMPENSADA,17,T4_N1,14
323,intenso,PREEMPCAO_COMPENSADA,17,T4_N2,14
323,intenso,PREEMPCAO_COMPENSADA,17,T4_S0,13
323,intenso,PREEMPCAO_COMPENSADA,17,T4_S1,14
324,multiplas_emergencias,FIXO,17,A1_L0,17
324,multiplas_emergencias,FIXO,17,A1_L1,23
324,multiplas_emergencias,FIXO,17,A1_L2,23
324,multiplas_emergencias,FIXO,17,A1_L3,23
324,multiplas_emergencias,FIXO,17,A1_O1,20
324,multiplas_emergencias,FIXO,17,A1_O2,20
324,multiplas_emergencias,FIXO,17,A1_O3,20
324,multiplas_emergencias,FIXO,17,A1_O4,15
324,multiplas_emergencias,FIXO,17,A2_L0,15
324,multiplas_emergencias,FIXO,17,A2_L1,25
324,multiplas_emergencias,FIXO,17,A2_L2,26
324,multiplas_emergencias,FIXO,17,A2_L3,26
324,multiplas_emergencias,FIXO,17,A2_O1,21
324,multiplas_emergencias,FIXO,17,A2_O2,21
324,multiplas_emergencias,FIXO,17,A2_O3,21
324,multiplas_emergencias,FIXO,17,A2_O4,14
324,multiplas_emergencias,FIXO,17,T1_N1,8
324,multiplas_emergencias,FIXO,17,T1_N2,8
324,multiplas_emergencias,FIXO,17,T1_S0,7
324,multiplas_emergencias,FIXO,17,T1_S1,9
324,multiplas_emergencias,FIXO,17,T2_N1,9
324,multiplas_emergencias,FIXO,17,T2_N2,7
324,multiplas_emergencias,FIXO,17,T2_S0,8
324,multiplas_emergencias,FIXO,17,T2_S1,9
324,multiplas_emergencias,FIXO,17,T3_N1,9
324,multiplas_emergencias,FIXO,17,T3_N2,10
324,multiplas_emergencias,FIXO,17,T3_S0,8
324,multiplas_emergencias,FIXO,17,T3_S1,9
324,multiplas_emergencias,FIXO,17,T4_N1,7
324,multiplas_emergencias,FIXO,17,T4_N2,7
324,multiplas_emergencias,FIXO,17,T4_S0,8
324,multiplas_emergencias,FIXO,17,T4_S1,9
325,multiplas_emergencias,PREEMPCAO,17,A1_L0,13
325,multiplas_emergencias,PREEMPCAO,17,A1_L1,17
325,multiplas_emergencias,PREEMPCAO,17,A1_L2,15
325,multiplas_emergencias,PREEMPCAO,17,A1_L3,18
325,multiplas_emergencias,PREEMPCAO,17,A1_O1,17
325,multiplas_emergencias,PREEMPCAO,17,A1_O2,15
325,multiplas_emergencias,PREEMPCAO,17,A1_O3,16
325,multiplas_emergencias,PREEMPCAO,17,A1_O4,13
325,multiplas_emergencias,PREEMPCAO,17,A2_L0,15
325,multiplas_emergencias,PREEMPCAO,17,A2_L1,23
325,multiplas_emergencias,PREEMPCAO,17,A2_L2,22
325,multiplas_emergencias,PREEMPCAO,17,A2_L3,21
325,multiplas_emergencias,PREEMPCAO,17,A2_O1,18
325,multiplas_emergencias,PREEMPCAO,17,A2_O2,15
325,multiplas_emergencias,PREEMPCAO,17,A2_O3,20
325,multiplas_emergencias,PREEMPCAO,17,A2_O4,13
325,multiplas_emergencias,PREEMPCAO,17,T1_N1,10
325,multiplas_emergencias,PREEMPCAO,17,T1_N2,10
325,multiplas_emergencias,PREEMPCAO,17,T1_S0,11
325,multiplas_emergencias,PREEMPCAO,17,T1_S1,10
325,multiplas_emergencias,PREEMPCAO,17,T2_N1,9
325,multiplas_emergencias,PREEMPCAO,17,T2_N2,8
325,multiplas_emergencias,PREEMPCAO,17,T2_S0,10
325,multiplas_emergencias,PREEMPCAO,17,T2_S1,10
325,multiplas_emergencias,PREEMPCAO,17,T3_N1,8
325,multiplas_emergencias,PREEMPCAO,17,T3_N2,10
325,multiplas_emergencias,PREEMPCAO,17,T3_S0,9
325,multiplas_emergencias,PREEMPCAO,17,T3_S1,11
325,multiplas_emergencias,PREEMPCAO,17,T4_N1,9
325,multiplas_emergencias,PREEMPCAO,17,T4_N2,10
325,multiplas_emergencias,PREEMPCAO,17,T4_S0,12
325,multiplas_emergencias,PREEMPCAO,17,T4_S1,10
326,multiplas_emergencias,PREEMPCAO_COMPENSADA,17,A1_L0,15
326,multiplas_emergencias,PREEMPCAO_COMPENSADA,17,A1_L1,20
326,multiplas_emergencias,PREEMPCAO_COMPENSADA,17,A1_L2,18
326,multiplas_emergencias,PREEMPCAO_COMPENSADA,17,A1_L3,22
326,multiplas_emergencias,PREEMPCAO_COMPENSADA,17,A1_O1,15
326,multiplas_emergencias,PREEMPCAO_COMPENSADA,17,A1_O2,24
326,multiplas_emergencias,PREEMPCAO_COMPENSADA,17,A1_O3,20
326,multiplas_emergencias,PREEMPCAO_COMPENSADA,17,A1_O4,17
326,multiplas_emergencias,PREEMPCAO_COMPENSADA,17,A2_L0,19
326,multiplas_emergencias,PREEMPCAO_COMPENSADA,17,A2_L1,23
326,multiplas_emergencias,PREEMPCAO_COMPENSADA,17,A2_L2,26
326,multiplas_emergencias,PREEMPCAO_COMPENSADA,17,A2_L3,23
326,multiplas_emergencias,PREEMPCAO_COMPENSADA,17,A2_O1,24
326,multiplas_emergencias,PREEMPCAO_COMPENSADA,17,A2_O2,22
326,multiplas_emergencias,PREEMPCAO_COMPENSADA,17,A2_O3,19
326,multiplas_emergencias,PREEMPCAO_COMPENSADA,17,A2_O4,15
326,multiplas_emergencias,PREEMPCAO_COMPENSADA,17,T1_N1,10
326,multiplas_emergencias,PREEMPCAO_COMPENSADA,17,T1_N2,7
326,multiplas_emergencias,PREEMPCAO_COMPENSADA,17,T1_S0,12
326,multiplas_emergencias,PREEMPCAO_COMPENSADA,17,T1_S1,13
326,multiplas_emergencias,PREEMPCAO_COMPENSADA,17,T2_N1,10
326,multiplas_emergencias,PREEMPCAO_COMPENSADA,17,T2_N2,9
326,multiplas_emergencias,PREEMPCAO_COMPENSADA,17,T2_S0,11
326,multiplas_emergencias,PREEMPCAO_COMPENSADA,17,T2_S1,10
326,multiplas_emergencias,PREEMPCAO_COMPENSADA,17,T3_N1,13
326,multiplas_emergencias,PREEMPCAO_COMPENSADA,17,T3_N2,9
326,multiplas_emergencias,PREEMPCAO_COMPENSADA,17,T3_S0,9
326,multiplas_emergencias,PREEMPCAO_COMPENSADA,17,T3_S1,9
326,multiplas_emergencias,PREEMPCAO_COMPENSADA,17,T4_N1,10
326,multiplas_emergencias,PREEMPCAO_COMPENSADA,17,T4_N2,8
326,multiplas_emergencias,PREEMPCAO_COMPENSADA,17,T4_S0,10
326,multiplas_emergencias,PREEMPCAO_COMPENSADA,17,T4_S1,10
327,multiplas_emergencias,PREEMPCAO_ML,17,A1_L0,13
327,multiplas_emergencias,PREEMPCAO_ML,17,A1_L1,18
327,multiplas_emergencias,PREEMPCAO_ML,17,A1_L2,15
327,multiplas_emergencias,PREEMPCAO_ML,17,A1_L3,18
327,multiplas_emergencias,PREEMPCAO_ML,17,A1_O1,17
327,multiplas_emergencias,PREEMPCAO_ML,17,A1_O2,15
327,multiplas_emergencias,PREEMPCAO_ML,17,A1_O3,16
327,multiplas_emergencias,PREEMPCAO_ML,17,A1_O4,13
327,multiplas_emergencias,PREEMPCAO_ML,17,A2_L0,15
327,multiplas_emergencias,PREEMPCAO_ML,17,A2_L1,23
327,multiplas_emergencias,PREEMPCAO_ML,17,A2_L2,22
327,multiplas_emergencias,PREEMPCAO_ML,17,A2_L3,24
327,multiplas_emergencias,PREEMPCAO_ML,17,A2_O1,18
327,multiplas_emergencias,PREEMPCAO_ML,17,A2_O2,15
327,multiplas_emergencias,PREEMPCAO_ML,17,A2_O3,23
327,multiplas_emergencias,PREEMPCAO_ML,17,A2_O4,15
327,multiplas_emergencias,PREEMPCAO_ML,17,T1_N1,9
327,multiplas_emergencias,PREEMPCAO_ML,17,T1_N2,11
327,multiplas_emergencias,PREEMPCAO_ML,17,T1_S0,11
327,multiplas_emergencias,PREEMPCAO_ML,17,T1_S1,11
327,multiplas_emergencias,PREEMPCAO_ML,17,T2_N1,10
327,multiplas_emergencias,PREEMPCAO_ML,17,T2_N2,7
327,multiplas_emergencias,PREEMPCAO_ML,17,T2_S0,10
327,multiplas_emergencias,PREEMPCAO_ML,17,T2_S1,7
327,multiplas_emergencias,PREEMPCAO_ML,17,T3_N1,8
327,multiplas_emergencias,PREEMPCAO_ML,17,T3_N2,12
327,multiplas_emergencias,PREEMPCAO_ML,17,T3_S0,9
327,multiplas_emergencias,PREEMPCAO_ML,17,T3_S1,10
327,multiplas_emergencias,PREEMPCAO_ML,17,T4_N1,10
327,multiplas_emergencias,PREEMPCAO_ML,17,T4_N2,10
327,multiplas_emergencias,PREEMPCAO_ML,17,T4_S0,12
327,multiplas_emergencias,PREEMPCAO_ML,17,T4_S1,11
328,leve,FIXO,18,A1_L0,8
328,leve,FIXO,18,A1_L1,11
328,leve,FIXO,18,A1_L2,11
328,leve,FIXO,18,A1_L3,11
328,leve,FIXO,18,A1_O1,12
328,leve,FIXO,18,A1_O2,12
328,leve,FIXO,18,A1_O3,12
328,leve,FIXO,18,A1_O4,10
328,leve,FIXO,18,A2_L0,8
328,leve,FIXO,18,A2_L1,10
328,leve,FIXO,18,A2_L2,10
328,leve,FIXO,18,A2_L3,10
328,leve,FIXO,18,A2_O1,13
328,leve,FIXO,18,A2_O2,13
328,leve,FIXO,18,A2_O3,13
328,leve,FIXO,18,A2_O4,8
328,leve,FIXO,18,T1_N1,5
328,leve,FIXO,18,T1_N2,4
328,leve,FIXO,18,T1_S0,4
328,leve,FIXO,18,T1_S1,7
328,leve,FIXO,18,T2_N1,6
328,leve,FIXO,18,T2_N2,5
328,leve,FIXO,18,T2_S0,4
328,leve,FIXO,18,T2_S1,5
328,leve,FIXO,18,T3_N1,5
328,leve,FIXO,18,T3_N2,5
328,leve,FIXO,18,T3_S0,4
328,leve,FIXO,18,T3_S1,5
328,leve,FIXO,18,T4_N1,7
328,leve,FIXO,18,T4_N2,5
328,leve,FIXO,18,T4_S0,7
328,leve,FIXO,18,T4_S1,8
329,leve,PREEMPCAO,18,A1_L0,6
329,leve,PREEMPCAO,18,A1_L1,10
329,leve,PREEMPCAO,18,A1_L2,10
329,leve,PREEMPCAO,18,A1_L3,10
329,leve,PREEMPCAO,18,A1_O1,8
329,leve,PREEMPCAO,18,A1_O2,8
329,leve,PREEMPCAO,18,A1_O3,8
329,leve,PREEMPCAO,18,A1_O4,10
329,leve,PREEMPCAO,18,A2_L0,7
329,leve,PREEMPCAO,18,A2_L1,9
329,leve,PREEMPCAO,18,A2_L2,10
329,leve,PREEMPCAO,18,A2_L3,10
329,leve,PREEMPCAO,18,A2_O1,7
329,leve,PREEMPCAO,18,A2_O2,7
329,leve,PREEMPCAO,18,A2_O3,12
329,leve,PREEMPCAO,18,A2_O4,8
329,leve,PREEMPCAO,18,T1_N1,5
329,leve,PREEMPCAO,18,T1_N2,5
329,leve,PREEMPCAO,18,T1_S0,5
329,leve,PREEMPCAO,18,T1_S1,6
329,leve,PREEMPCAO,18,T2_N1,6
329,leve,PREEMPCAO,18,T2_N2,6
329,leve,PREEMPCAO,18,T2_S0,4
329,leve,PREEMPCAO,18,T2_S1,5
329,leve,PREEMPCAO,18,T3_N1,4
329,leve,PREEMPCAO,18,T3_N2,5
329,leve,PREEMPCAO,18,T3_S0,4
329,leve,PREEMPCAO,18,T3_S1,6
329,leve,PREEMPCAO,18,T4_N1,7
329,leve,PREEMPCAO,18,T4_N2,5
329,leve,PREEMPCAO,18,T4_S0,6
329,leve,PREEMPCAO,18,T4_S1,9
330,leve,PREEMPCAO_COMPENSADA,18,A1_L0,6
330,leve,PREEMPCAO_COMPENSADA,18,A1_L1,10
330,leve,PREEMPCAO_COMPENSADA,18,A1_L2,10
330,leve,PREEMPCAO_COMPENSADA,18,A1_L3,10
330,leve,PREEMPCAO_COMPENSADA,18,A1_O1,11
330,leve,PREEMPCAO_COMPENSADA,18,A1_O2,10
330,leve,PREEMPCAO_COMPENSADA,18,A1_O3,8
330,leve,PREEMPCAO_COMPENSADA,18,A1_O4,7
330,leve,PREEMPCAO_COMPENSADA,18,A2_L0,7
330,leve,PREEMPCAO_COMPENSADA,18,A2_L1,9
330,leve,PREEMPCAO_COMPENSADA,18,A2_L2,10
330,leve,PREEMPCAO_COMPENSADA,18,A2_L3,9
330,leve,PREEMPCAO_COMPENSADA,18,A2_O1,7
330,leve,PREEMPCAO_COMPENSADA,18,A2_O2,10
330,leve,PREEMPCAO_COMPENSADA,18,A2_O3,13
330,leve,PREEMPCAO_COMPENSADA,18,A2_O4,6
330,leve,PREEMPCAO_COMPENSADA,18,T1_N1,7
330,leve,PREEMPCAO_COMPENSADA,18,T1_N2,5
330,leve,PREEMPCAO_COMPENSADA,18,T1_S0,4
330,leve,PREEMPCAO_COMPENSADA,18,T1_S1,4
330,leve,PREEMPCAO_COMPENSADA,18,T2_N1,5
330,leve,PREEMPCAO_COMPENSADA,18,T2_N2,6
330,leve,PREEMPCAO_COMPENSADA,18,T2_S0,4
330,leve,PREEMPCAO_COMPENSADA,18,T2_S1,5
330,leve,PREEMPCAO_COMPENSADA,18,T3_N1,7
330,leve,PREEMPCAO_COMPENSADA,18,T3_N2,5
330,leve,PREEMPCAO_COMPENSADA,18,T3_S0,5
330,leve,PREEMPCAO_COMPENSADA,18,T3_S1,5
330,leve,PREEMPCAO_COMPENSADA,18,T4_N1,6
330,leve,PREEMPCAO_COMPENSADA,18,T4_N2,4
330,leve,PREEMPCAO_COMPENSADA,18,T4_S0,4
330,leve,PREEMPCAO_COMPENSADA,18,T4_S1,8
331,moderado,FIXO,18,A1_L0,14
331,moderado,FIXO,18,A1_L1,21
331,moderado,FIXO,18,A1_L2,21
331,moderado,FIXO,18,A1_L3,21
331,moderado,FIXO,18,A1_O1,22
331,moderado,FIXO,18,A1_O2,22
331,moderado,FIXO,18,A1_O3,21
331,moderado,FIXO,18,A1_O4,14
331,moderado,FIXO,18,A2_L0,14
331,moderado,FIXO,18,A2_L1,22
331,moderado,FIXO,18,A2_L2,22
331,moderado,FIXO,18,A2_L3,22
331,moderado,FIXO,18,A2_O1,23
331,moderado,FIXO,18,A2_O2,23
331,moderado,FIXO,18,A2_O3,23
331,moderado,FIXO,18,A2_O4,13
331,moderado,FIXO,18,T1_N1,9
331,moderado,FIXO,18,T1_N2,9
331,moderado,FIXO,18,T1_S0,8
331,moderado,FIXO,18,T1_S1,8
331,moderado,FIXO,18,T2_N1,8
331,moderado,FIXO,18,T2_N2,8
331,moderado,FIXO,18,T2_S0,9
331,moderado,FIXO,18,T2_S1,9
331,moderado,FIXO,18,T3_N1,9
331,moderado,FIXO,18,T3_N2,9
331,moderado,FIXO,18,T3_S0,10
331,moderado,FIXO,18,T3_S1,8
331,moderado,FIXO,18,T4_N1,8
331,moderado,FIXO,18,T4_N2,8
331,moderado,FIXO,18,T4_S0,8
331,moderado,FIXO,18,T4_S1,8
332,moderado,PREEMPCAO,18,A1_L0,13
332,moderado,PREEMPCAO,18,A1_L1,20
332,moderado,PREEMPCAO,18,A1_L2,16
332,moderado,PREEMPCAO,18,A1_L3,19
332,moderado,PREEMPCAO,18,A1_O1,22
332,moderado,PREEMPCAO,18,A1_O2,20
332,moderado,PREEMPCAO,18,A1_O3,21
332,moderado,PREEMPCAO,18,A1_O4,14
332,moderado,PREEMPCAO,18,A2_L0,13
332,moderado,PREEMPCAO,18,A2_L1,17
332,moderado,PREEMPCAO,18,A2_L2,17
332,moderado,PREEMPCAO,18,A2_L3,19
332,moderado,PREEMPCAO,18,A2_O1,19
332,moderado,PREEMPCAO,18,A2_O2,19
332,moderado,PREEMPCAO,18,A2_O3,21
332,moderado,PREEMPCAO,18,A2_O4,17
332,moderado,PREEMPCAO,18,T1_N1,7
332,moderado,PREEMPCAO,18,T1_N2,9
332,moderado,PREEMPCAO,18,T1_S0,7
332,moderado,PREEMPCAO,18,T1_S1,10
332,moderado,PREEMPCAO,18,T2_N1,10
332,moderado,PREEMPCAO,18,T2_N2,7
332,moderado,PREEMPCAO,18,T2_S0,9
332,moderado,PREEMPCAO,18,T2_S1,10
332,moderado,PREEMPCAO,18,T3_N1,12
332,moderado,PREEMPCAO,18,T3_N2,9
332,moderado,PREEMPCAO,18,T3_S0,10
332,moderado,PREEMPCAO,18,T3_S1,12
332,moderado,PREEMPCAO,18,T4_N1,7
332,moderado,PREEMPCAO,18,T4_N2,6
332,moderado,PREEMPCAO,18,T4_S0,8
332,moderado,PREEMPCAO,18,T4_S1,10
333,moderado,PREEMPCAO_COMPENSADA,18,A1_L0,15
333,moderado,PREEMPCAO_COMPENSADA,18,A1_L1,20
333,moderado,PREEMPCAO_COMPENSADA,18,A1_L2,17
333,moderado,PREEMPCAO_COMPENSADA,18,A1_L3,19
333,moderado,PREEMPCAO_COMPENSADA,18,A1_O1,28
333,moderado,PREEMPCAO_COMPENSADA,18,A1_O2,20
333,moderado,PREEMPCAO_COMPENSADA,18,A1_O3,21
333,moderado,PREEMPCAO_COMPENSADA,18,A1_O4,18
333,moderado,PREEMPCAO_COMPENSADA,18,A2_L0,14
333,moderado,PREEMPCAO_COMPENSADA,18,A2_L1,19
333,moderado,PREEMPCAO_COMPENSADA,18,A2_L2,17
333,moderado,PREEMPCAO_COMPENSADA,18,A2_L3,28
333,moderado,PREEMPCAO_COMPENSADA,18,A2_O1,21
333,moderado,PREEMPCAO_COMPENSADA,18,A2_O2,19
333,moderado,PREEMPCAO_COMPENSADA,18,A2_O3,23
333,moderado,PREEMPCAO_COMPENSADA,18,A2_O4,18
333,moderado,PREEMPCAO_COMPENSADA,18,T1_N1,11
333,moderado,PREEMPCAO_COMPENSADA,18,T1_N2,7
333,moderado,PREEMPCAO_COMPENSADA,18,T1_S0,7
333,moderado,PREEMPCAO_COMPENSADA,18,T1_S1,8
333,moderado,PREEMPCAO_COMPENSADA,18,T2_N1,11
333,moderado,PREEMPCAO_COMPENSADA,18,T2_N2,8
333,moderado,PREEMPCAO_COMPENSADA,18,T2_S0,9
333,moderado,PREEMPCAO_COMPENSADA,18,T2_S1,9
333,moderado,PREEMPCAO_COMPENSADA,18,T3_N1,12
333,moderado,PREEMPCAO_COMPENSADA,18,T3_N2,9
333,moderado,PREEMPCAO_COMPENSADA,18,T3_S0,10
333,moderado,PREEMPCAO_COMPENSADA,18,T3_S1,13
333,moderado,PREEMPCAO_COMPENSADA,18,T4_N1,10
333,moderado,PREEMPCAO_COMPENSADA,18,T4_N2,8
333,moderado,PREEMPCAO_COMPENSADA,18,T4_S0,12
333,moderado,PREEMPCAO_COMPENSADA,18,T4_S1,12
334,intenso,FIXO,18,A1_L0,25
334,intenso,FIXO,18,A1_L1,27
334,intenso,FIXO,18,A1_L2,27
334,intenso,FIXO,18,A1_L3,27
334,intenso,FIXO,18,A1_O1,28
334,intenso,FIXO,18,A1_O2,28
334,intenso,FIXO,18,A1_O3,28
334,intenso,FIXO,18,A1_O4,23
334,intenso,FIXO,18,A2_L0,22
334,intenso,FIXO,18,A2_L1,27
334,intenso,FIXO,18,A2_L2,27
334,intenso,FIXO,18,A2_L3,27
334,intenso,FIXO,18,A2_O1,28
334,intenso,FIXO,18,A2_O2,28
334,intenso,FIXO,18,A2_O3,28
334,intenso,FIXO,18,A2_O4,26
334,intenso,FIXO,18,T1_N1,9
334,intenso,FIXO,18,T1_N2,15
334,intenso,FIXO,18,T1_S0,15
334,intenso,FIXO,18,T1_S1,10
334,intenso,FIXO,18,T2_N1,9
334,intenso,FIXO,18,T2_N2,14
334,intenso,FIXO,18,T2_S0,15
334,intenso,FIXO,18,T2_S1,9
334,intenso,FIXO,18,T3_N1,9
334,intenso,FIXO,18,T3_N2,15
334,intenso,FIXO,18,T3_S0,15
334,intenso,FIXO,18,T3_S1,9
334,intenso,FIXO,18,T4_N1,9
334,intenso,FIXO,18,T4_N2,14
334,intenso,FIXO,18,T4_S0,15
334,intenso,FIXO,18,T4_S1,10
335,intenso,PREEMPCAO,18,A1_L0,24
335,intenso,PREEMPCAO,18,A1_L1,25
335,intenso,PREEMPCAO,18,A1_L2,25
335,intenso,PREEMPCAO,18,A1_L3,26
335,intenso,PREEMPCAO,18,A1_O1,23
335,intenso,PREEMPCAO,18,A1_O2,25
335,intenso,PREEMPCAO,18,A1_O3,28
335,intenso,PREEMPCAO,18,A1_O4,21
335,intenso,PREEMPCAO,18,A2_L0,22
335,intenso,PREEMPCAO,18,A2_L1,27
335,intenso,PREEMPCAO,18,A2_L2,27
335,intenso,PREEMPCAO,18,A2_L3,29
335,intenso,PREEMPCAO,18,A2_O1,26
335,intenso,PREEMPCAO,18,A2_O2,26
335,intenso,PREEMPCAO,18,A2_O3,26
335,intenso,PREEMPCAO,18,A2_O4,27
335,intenso,PREEMPCAO,18,T1_N1,15
335,intenso,PREEMPCAO,18,T1_N2,15
335,intenso,PREEMPCAO,18,T1_S0,15
335,intenso,PREEMPCAO,18,T1_S1,15
335,intenso,PREEMPCAO,18,T2_N1,15
335,intenso,PREEMPCAO,18,T2_N2,15
335,intenso,PREEMPCAO,18,T2_S0,15
335,intenso,PREEMPCAO,18,T2_S1,10
335,intenso,PREEMPCAO,18,T3_N1,13
335,intenso,PREEMPCAO,18,T3_N2,15
335,intenso,PREEMPCAO,18,T3_S0,14
335,intenso,PREEMPCAO,18,T3_S1,13
335,intenso,PREEMPCAO,18,T4_N1,12
335,intenso,PREEMPCAO,18,T4_N2,14
335,intenso,PREEMPCAO,18,T4_S0,15
335,intenso,PREEMPCAO,18,T4_S1,12
336,intenso,PREEMPCAO_COMPENSADA,18,A1_L0,29
336,intenso,PREEMPCAO_COMPENSADA,18,A1_L1,26
336,intenso,PREEMPCAO_COMPENSADA,18,A1_L2,25
336,intenso,PREEMPCAO_COMPENSADA,18,A1_L3,26
336,intenso,PREEMPCAO_COMPENSADA,18,A1_O1,26
336,intenso,PREEMPCAO_COMPENSADA,18,A1_O2,27
336,intenso,PREEMPCAO_COMPENSADA,18,A1_O3,30
336,intenso,PREEMPCAO_COMPENSADA,18,A1_O4,27
336,intenso,PREEMPCAO_COMPENSADA,18,A2_L0,24
336,intenso,PREEMPCAO_COMPENSADA,18,A2_L1,28
336,intenso,PREEMPCAO_COMPENSADA,18,A2_L2,27
336,intenso,PREEMPCAO_COMPENSADA,18,A2_L3,27
336,intenso,PREEMPCAO_COMPENSADA,18,A2_O1,26
336,intenso,PREEMPCAO_COMPENSADA,18,A2_O2,26
336,intenso,PREEMPCAO_COMPENSADA,18,A2_O3,30
336,intenso,PREEMPCAO_COMPENSADA,18,A2_O4,23
336,intenso,PREEMPCAO_COMPENSADA,18,T1_N1,15
336,intenso,PREEMPCAO_COMPENSADA,18,T1_N2,15
336,intenso,PREEMPCAO_COMPENSADA,18,T1_S0,15
336,intenso,PREEMPCAO_COMPENSADA,18,T1_S1,15
336,intenso,PREEMPCAO_COMPENSADA,18,T2_N1,12
336,intenso,PREEMPCAO_COMPENSADA,18,T2_N2,15
336,intenso,PREEMPCAO_COMPENSADA,18,T2_S0,15
336,intenso,PREEMPCAO_COMPENSADA,18,T2_S1,14
336,intenso,PREEMPCAO_COMPENSADA,18,T3_N1,15
336,intenso,PREEMPCAO_COMPENSADA,18,T3_N2,13
336,intenso,PREEMPCAO_COMPENSADA,18,T3_S0,15
336,intenso,PREEMPCAO_COMPENSADA,18,T3_S1,11
336,intenso,PREEMPCAO_COMPENSADA,18,T4_N1,14
336,intenso,PREEMPCAO_COMPENSADA,18,T4_N2,14
336,intenso,PREEMPCAO_COMPENSADA,18,T4_S0,15
336,intenso,PREEMPCAO_COMPENSADA,18,T4_S1,15
337,multiplas_emergencias,FIXO,18,A1_L0,14
337,multiplas_emergencias,FIXO,18,A1_L1,21
337,multiplas_emergencias,FIXO,18,A1_L2,21
337,multiplas_emergencias,FIXO,18,A1_L3,21
337,multiplas_emergencias,FIXO,18,A1_O1,22
337,multiplas_emergencias,FIXO,18,A1_O2,22
337,multiplas_emergencias,FIXO,18,A1_O3,21
337,multiplas_emergencias,FIXO,18,A1_O4,14
337,multiplas_emergencias,FIXO,18,A2_L0,14
337,multiplas_emergencias,FIXO,18,A2_L1,22
337,multiplas_emergencias,FIXO,18,A2_L2,22
337,multiplas_emergencias,FIXO,18,A2_L3,22
337,multiplas_emergencias,FIXO,18,A2_O1,23
337,multiplas_emergencias,FIXO,18,A2_O2,23
337,multiplas_emergencias,FIXO,18,A2_O3,23
337,multiplas_emergencias,FIXO,18,A2_O4,13
337,multiplas_emergencias,FIXO,18,T1_N1,9
337,multiplas_emergencias,FIXO,18,T1_N2,9
337,multiplas_emergencias,FIXO,18,T1_S0,8
337,multiplas_emergencias,FIXO,18,T1_S1,8
337,multiplas_emergencias,FIXO,18,T2_N1,8
337,multiplas_emergencias,FIXO,18,T2_N2,8
337,multiplas_emergencias,FIXO,18,T2_S0,10
337,multiplas_emergencias,FIXO,18,T2_S1,9
337,multiplas_emergencias,FIXO,18,T3_N1,9
337,multiplas_emergencias,FIXO,18,T3_N2,9
337,multiplas_emergencias,FIXO,18,T3_S0,10
337,multiplas_emergencias,FIXO,18,T3_S1,8
337,multiplas_emergencias,FIXO,18,T4_N1,8
337,multiplas_emergencias,FIXO,18,T4_N2,8
337,multiplas_emergencias,FIXO,18,T4_S0,8
337,multiplas_emergencias,FIXO,18,T4_S1,8
338,multiplas_emergencias,PREEMPCAO,18,A1_L0,13
338,multiplas_emergencias,PREEMPCAO,18,A1_L1,21
338,multiplas_emergencias,PREEMPCAO,18,A1_L2,16
338,multiplas_emergencias,PREEMPCAO,18,A1_L3,16
338,multiplas_emergencias,PREEMPCAO,18,A1_O1,16
338,multiplas_emergencias,PREEMPCAO,18,A1_O2,20
338,multiplas_emergencias,PREEMPCAO,18,A1_O3,20
338,multiplas_emergencias,PREEMPCAO,18,A1_O4,14
338,multiplas_emergencias,PREEMPCAO,18,A2_L0,15
338,multiplas_emergencias,PREEMPCAO,18,A2_L1,19
338,multiplas_emergencias,PREEMPCAO,18,A2_L2,19
338,multiplas_emergencias,PREEMPCAO,18,A2_L3,18
338,multiplas_emergencias,PREEMPCAO,18,A2_O1,19
338,multiplas_emergencias,PREEMPCAO,18,A2_O2,21
338,multiplas_emergencias,PREEMPCAO,18,A2_O3,21
338,multiplas_emergencias,PREEMPCAO,18,A2_O4,17
338,multiplas_emergencias,PREEMPCAO,18,T1_N1,10
338,multiplas_emergencias,PREEMPCAO,18,T1_N2,9
338,multiplas_emergencias,PREEMPCAO,18,T1_S0,7
338,multiplas_emergencias,PREEMPCAO,18,T1_S1,9
338,multiplas_emergencias,PREEMPCAO,18,T2_N1,10
338,multiplas_emergencias,PREEMPCAO,18,T2_N2,8
338,multiplas_emergencias,PREEMPCAO,18,T2_S0,9
338,multiplas_emergencias,PREEMPCAO,18,T2_S1,10
338,multiplas_emergencias,PREEMPCAO,18,T3_N1,10
338,multiplas_emergencias,PREEMPCAO,18,T3_N2,8
338,multiplas_emergencias,PREEMPCAO,18,T3_S0,9
338,multiplas_emergencias,PREEMPCAO,18,T3_S1,7
338,multiplas_emergencias,PREEMPCAO,18,T4_N1,9
338,multiplas_emergencias,PREEMPCAO,18,T4_N2,8
338,multiplas_emergencias,PREEMPCAO,18,T4_S0,8
338,multiplas_emergencias,PREEMPCAO,18,T4_S1,10
339,multiplas_emergencias,PREEMPCAO_COMPENSADA,18,A1_L0,15
339,multiplas_emergencias,PREEMPCAO_COMPENSADA,18,A1_L1,21
339,multiplas_emergencias,PREEMPCAO_COMPENSADA,18,A1_L2,20
339,multiplas_emergencias,PREEMPCAO_COMPENSADA,18,A1_L3,19
339,multiplas_emergencias,PREEMPCAO_COMPENSADA,18,A1_O1,21
339,multiplas_emergencias,PREEMPCAO_COMPENSADA,18,A1_O2,20
339,multiplas_emergencias,PREEMPCAO_COMPENSADA,18,A1_O3,20
339,multiplas_emergencias,PREEMPCAO_COMPENSADA,18,A1_O4,18
339,multiplas_emergencias,PREEMPCAO_COMPENSADA,18,A2_L0,15
339,multiplas_emergencias,PREEMPCAO_COMPENSADA,18,A2_L1,19
339,multiplas_emergencias,PREEMPCAO_COMPENSADA,18,A2_L2,26
339,multiplas_emergencias,PREEMPCAO_COMPENSADA,18,A2_L3,17
339,multiplas_emergencias,PREEMPCAO_COMPENSADA,18,A2_O1,23
339,multiplas_emergencias,PREEMPCAO_COMPENSADA,18,A2_O2,19
339,multiplas_emergencias,PREEMPCAO_COMPENSADA,18,A2_O3,22
339,multiplas_emergencias,PREEMPCAO_COMPENSADA,18,A2_O4,17
339,multiplas_emergencias,PREEMPCAO_COMPENSADA,18,T1_N1,10
339,multiplas_emergencias,PREEMPCAO_COMPENSADA,18,T1_N2,8
339,multiplas_emergencias,PREEMPCAO_COMPENSADA,18,T1_S0,7
339,multiplas_emergencias,PREEMPCAO_COMPENSADA,18,T1_S1,10
339,multiplas_emergencias,PREEMPCAO_COMPENSADA,18,T2_N1,10
339,multiplas_emergencias,PREEMPCAO_COMPENSADA,18,T2_N2,7
339,multiplas_emergencias,PREEMPCAO_COMPENSADA,18,T2_S0,8
339,multiplas_emergencias,PREEMPCAO_COMPENSADA,18,T2_S1,13
339,multiplas_emergencias,PREEMPCAO_COMPENSADA,18,T3_N1,12
339,multiplas_emergencias,PREEMPCAO_COMPENSADA,18,T3_N2,11
339,multiplas_emergencias,PREEMPCAO_COMPENSADA,18,T3_S0,9
339,multiplas_emergencias,PREEMPCAO_COMPENSADA,18,T3_S1,10
339,multiplas_emergencias,PREEMPCAO_COMPENSADA,18,T4_N1,11
339,multiplas_emergencias,PREEMPCAO_COMPENSADA,18,T4_N2,7
339,multiplas_emergencias,PREEMPCAO_COMPENSADA,18,T4_S0,11
339,multiplas_emergencias,PREEMPCAO_COMPENSADA,18,T4_S1,13
340,multiplas_emergencias,PREEMPCAO_ML,18,A1_L0,13
340,multiplas_emergencias,PREEMPCAO_ML,18,A1_L1,20
340,multiplas_emergencias,PREEMPCAO_ML,18,A1_L2,16
340,multiplas_emergencias,PREEMPCAO_ML,18,A1_L3,19
340,multiplas_emergencias,PREEMPCAO_ML,18,A1_O1,13
340,multiplas_emergencias,PREEMPCAO_ML,18,A1_O2,20
340,multiplas_emergencias,PREEMPCAO_ML,18,A1_O3,21
340,multiplas_emergencias,PREEMPCAO_ML,18,A1_O4,14
340,multiplas_emergencias,PREEMPCAO_ML,18,A2_L0,13
340,multiplas_emergencias,PREEMPCAO_ML,18,A2_L1,17
340,multiplas_emergencias,PREEMPCAO_ML,18,A2_L2,19
340,multiplas_emergencias,PREEMPCAO_ML,18,A2_L3,21
340,multiplas_emergencias,PREEMPCAO_ML,18,A2_O1,19
340,multiplas_emergencias,PREEMPCAO_ML,18,A2_O2,19
340,multiplas_emergencias,PREEMPCAO_ML,18,A2_O3,24
340,multiplas_emergencias,PREEMPCAO_ML,18,A2_O4,14
340,multiplas_emergencias,PREEMPCAO_ML,18,T1_N1,10
340,multiplas_emergencias,PREEMPCAO_ML,18,T1_N2,9
340,multiplas_emergencias,PREEMPCAO_ML,18,T1_S0,7
340,multiplas_emergencias,PREEMPCAO_ML,18,T1_S1,9
340,multiplas_emergencias,PREEMPCAO_ML,18,T2_N1,11
340,multiplas_emergencias,PREEMPCAO_ML,18,T2_N2,7
340,multiplas_emergencias,PREEMPCAO_ML,18,T2_S0,9
340,multiplas_emergencias,PREEMPCAO_ML,18,T2_S1,9
340,multiplas_emergencias,PREEMPCAO_ML,18,T3_N1,12
340,multiplas_emergencias,PREEMPCAO_ML,18,T3_N2,9
340,multiplas_emergencias,PREEMPCAO_ML,18,T3_S0,10
340,multiplas_emergencias,PREEMPCAO_ML,18,T3_S1,12
340,multiplas_emergencias,PREEMPCAO_ML,18,T4_N1,10
340,multiplas_emergencias,PREEMPCAO_ML,18,T4_N2,8
340,multiplas_emergencias,PREEMPCAO_ML,18,T4_S0,8
340,multiplas_emergencias,PREEMPCAO_ML,18,T4_S1,6
341,leve,FIXO,19,A1_L0,8
341,leve,FIXO,19,A1_L1,12
341,leve,FIXO,19,A1_L2,12
341,leve,FIXO,19,A1_L3,12
341,leve,FIXO,19,A1_O1,11
341,leve,FIXO,19,A1_O2,11
341,leve,FIXO,19,A1_O3,11
341,leve,FIXO,19,A1_O4,6
341,leve,FIXO,19,A2_L0,8
341,leve,FIXO,19,A2_L1,12
341,leve,FIXO,19,A2_L2,13
341,leve,FIXO,19,A2_L3,13
341,leve,FIXO,19,A2_O1,13
341,leve,FIXO,19,A2_O2,13
341,leve,FIXO,19,A2_O3,13
341,leve,FIXO,19,A2_O4,11
341,leve,FIXO,19,T1_N1,5
341,leve,FIXO,19,T1_N2,3
341,leve,FIXO,19,T1_S0,5
341,leve,FIXO,19,T1_S1,6
341,leve,FIXO,19,T2_N1,5
341,leve,FIXO,19,T2_N2,4
341,leve,FIXO,19,T2_S0,5
341,leve,FIXO,19,T2_S1,6
341,leve,FIXO,19,T3_N1,5
341,leve,FIXO,19,T3_N2,4
341,leve,FIXO,19,T3_S0,5
341,leve,FIXO,19,T3_S1,6
341,leve,FIXO,19,T4_N1,4
341,leve,FIXO,19,T4_N2,4
341,leve,FIXO,19,T4_S0,5
341,leve,FIXO,19,T4_S1,9
342,leve,PREEMPCAO,19,A1_L0,7
342,leve,PREEMPCAO,19,A1_L1,12
342,leve,PREEMPCAO,19,A1_L2,12
342,leve,PREEMPCAO,19,A1_L3,12
342,leve,PREEMPCAO,19,A1_O1,10
342,leve,PREEMPCAO,19,A1_O2,9
342,leve,PREEMPCAO,19,A1_O3,8
342,leve,PREEMPCAO,19,A1_O4,6
342,leve,PREEMPCAO,19,A2_L0,8
342,leve,PREEMPCAO,19,A2_L1,8
342,leve,PREEMPCAO,19,A2_L2,9
342,leve,PREEMPCAO,19,A2_L3,13
342,leve,PREEMPCAO,19,A2_O1,7
342,leve,PREEMPCAO,19,A2_O2,7
342,leve,PREEMPCAO,19,A2_O3,13
342,leve,PREEMPCAO,19,A2_O4,9
342,leve,PREEMPCAO,19,T1_N1,6
342,leve,PREEMPCAO,19,T1_N2,3
342,leve,PREEMPCAO,19,T1_S0,5
342,leve,PREEMPCAO,19,T1_S1,6
342,leve,PREEMPCAO,19,T2_N1,4
342,leve,PREEMPCAO,19,T2_N2,5
342,leve,PREEMPCAO,19,T2_S0,5
342,leve,PREEMPCAO,19,T2_S1,5
342,leve,PREEMPCAO,19,T3_N1,6
342,leve,PREEMPCAO,19,T3_N2,5
342,leve,PREEMPCAO,19,T3_S0,5
342,leve,PREEMPCAO,19,T3_S1,5
342,leve,PREEMPCAO,19,T4_N1,5
342,leve,PREEMPCAO,19,T4_N2,4
342,leve,PREEMPCAO,19,T4_S0,5
342,leve,PREEMPCAO,19,T4_S1,6
343,leve,PREEMPCAO_COMPENSADA,19,A1_L0,7
343,leve,PREEMPCAO_COMPENSADA,19,A1_L1,12
343,leve,PREEMPCAO_COMPENSADA,19,A1_L2,12
343,leve,PREEMPCAO_COMPENSADA,19,A1_L3,12
343,leve,PREEMPCAO_COMPENSADA,19,A1_O1,8
343,leve,PREEMPCAO_COMPENSADA,19,A1_O2,11
343,leve,PREEMPCAO_COMPENSADA,19,A1_O3,10
343,leve,PREEMPCAO_COMPENSADA,19,A1_O4,9
343,leve,PREEMPCAO_COMPENSADA,19,A2_L0,8
343,leve,PREEMPCAO_COMPENSADA,19,A2_L1,9
343,leve,PREEMPCAO_COMPENSADA,19,A2_L2,14
343,leve,PREEMPCAO_COMPENSADA,19,A2_L3,12
343,leve,PREEMPCAO_COMPENSADA,19,A2_O1,8
343,leve,PREEMPCAO_COMPENSADA,19,A2_O2,11
343,leve,PREEMPCAO_COMPENSADA,19,A2_O3,13
343,leve,PREEMPCAO_COMPENSADA,19,A2_O4,6
343,leve,PREEMPCAO_COMPENSADA,19,T1_N1,4
343,leve,PREEMPCAO_COMPENSADA,19,T1_N2,4
343,leve,PREEMPCAO_COMPENSADA,19,T1_S0,7
343,leve,PREEMPCAO_COMPENSADA,19,T1_S1,6
343,leve,PREEMPCAO_COMPENSADA,19,T2_N1,7
343,leve,PREEMPCAO_COMPENSADA,19,T2_N2,4
343,leve,PREEMPCAO_COMPENSADA,19,T2_S0,6
343,leve,PREEMPCAO_COMPENSADA,19,T2_S1,7
343,leve,PREEMPCAO_COMPENSADA,19,T3_N1,5
343,leve,PREEMPCAO_COMPENSADA,19,T3_N2,4
343,leve,PREEMPCAO_COMPENSADA,19,T3_S0,5
343,leve,PREEMPCAO_COMPENSADA,19,T3_S1,6
343,leve,PREEMPCAO_COMPENSADA,19,T4_N1,4
343,leve,PREEMPCAO_COMPENSADA,19,T4_N2,4
343,leve,PREEMPCAO_COMPENSADA,19,T4_S0,4
343,leve,PREEMPCAO_COMPENSADA,19,T4_S1,6
344,moderado,FIXO,19,A1_L0,15
344,moderado,FIXO,19,A1_L1,24
344,moderado,FIXO,19,A1_L2,25
344,moderado,FIXO,19,A1_L3,25
344,moderado,FIXO,19,A1_O1,23
344,moderado,FIXO,19,A1_O2,23
344,moderado,FIXO,19,A1_O3,23
344,moderado,FIXO,19,A1_O4,16
344,moderado,FIXO,19,A2_L0,17
344,moderado,FIXO,19,A2_L1,26
344,moderado,FIXO,19,A2_L2,25
344,moderado,FIXO,19,A2_L3,25
344,moderado,FIXO,19,A2_O1,24
344,moderado,FIXO,19,A2_O2,24
344,moderado,FIXO,19,A2_O3,24
344,moderado,FIXO,19,A2_O4,15
344,moderado,FIXO,19,T1_N1,9
344,moderado,FIXO,19,T1_N2,9
344,moderado,FIXO,19,T1_S0,8
344,moderado,FIXO,19,T1_S1,8
344,moderado,FIXO,19,T2_N1,7
344,moderado,FIXO,19,T2_N2,9
344,moderado,FIXO,19,T2_S0,10
344,moderado,FIXO,19,T2_S1,8
344,moderado,FIXO,19,T3_N1,10
344,moderado,FIXO,19,T3_N2,10
344,moderado,FIXO,19,T3_S0,8
344,moderado,FIXO,19,T3_S1,8
344,moderado,FIXO,19,T4_N1,9
344,moderado,FIXO,19,T4_N2,10
344,moderado,FIXO,19,T4_S0,10
344,moderado,FIXO,19,T4_S1,9
345,moderado,PREEMPCAO,19,A1_L0,12
345,moderado,PREEMPCAO,19,A1_L1,18
345,moderado,PREEMPCAO,19,A1_L2,16
345,moderado,PREEMPCAO,19,A1_L3,18
345,moderado,PREEMPCAO,19,A1_O1,18
345,moderado,PREEMPCAO,19,A1_O2,23
345,moderado,PREEMPCAO,19,A1_O3,23
345,moderado,PREEMPCAO,19,A1_O4,11
345,moderado,PREEMPCAO,19,A2_L0,14
345,moderado,PREEMPCAO,19,A2_L1,18
345,moderado,PREEMPCAO,19,A2_L2,16
345,moderado,PREEMPCAO,19,A2_L3,20
345,moderado,PREEMPCAO,19,A2_O1,18
345,moderado,PREEMPCAO,19,A2_O2,18
345,moderado,PREEMPCAO,19,A2_O3,23
345,moderado,PREEMPCAO,19,A2_O4,14
345,moderado,PREEMPCAO,19,T1_N1,12
345,moderado,PREEMPCAO,19,T1_N2,9
345,moderado,PREEMPCAO,19,T1_S0,9
345,moderado,PREEMPCAO,19,T1_S1,12
345,moderado,PREEMPCAO,19,T2_N1,8
345,moderado,PREEMPCAO,19,T2_N2,9
345,moderado,PREEMPCAO,19,T2_S0,7
345,moderado,PREEMPCAO,19,T2_S1,13
345,moderado,PREEMPCAO,19,T3_N1,11
345,moderado,PREEMPCAO,19,T3_N2,11
345,moderado,PREEMPCAO,19,T3_S0,9
345,moderado,PREEMPCAO,19,T3_S1,10
345,moderado,PREEMPCAO,19,T4_N1,8
345,moderado,PREEMPCAO,19,T4_N2,8
345,moderado,PREEMPCAO,19,T4_S0,8
345,moderado,PREEMPCAO,19,T4_S1,11
346,moderado,PREEMPCAO_COMPENSADA,19,A1_L0,15
346,moderado,PREEMPCAO_COMPENSADA,19,A1_L1,18
346,moderado,PREEMPCAO_COMPENSADA,19,A1_L2,16
346,moderado,PREEMPCAO_COMPENSADA,19,A1_L3,18
346,moderado,PREEMPCAO_COMPENSADA,19,A1_O1,18
346,moderado,PREEMPCAO_COMPENSADA,19,A1_O2,23
346,moderado,PREEMPCAO_COMPENSADA,19,A1_O3,23
346,moderado,PREEMPCAO_COMPENSADA,19,A1_O4,16
346,moderado,PREEMPCAO_COMPENSADA,19,A2_L0,20
346,moderado,PREEMPCAO_COMPENSADA,19,A2_L1,27
346,moderado,PREEMPCAO_COMPENSADA,19,A2_L2,24
346,moderado,PREEMPCAO_COMPENSADA,19,A2_L3,26
346,moderado,PREEMPCAO_COMPENSADA,19,A2_O1,19
346,moderado,PREEMPCAO_COMPENSADA,19,A2_O2,18
346,moderado,PREEMPCAO_COMPENSADA,19,A2_O3,23
346,moderado,PREEMPCAO_COMPENSADA,19,A2_O4,12
346,moderado,PREEMPCAO_COMPENSADA,19,T1_N1,12
346,moderado,PREEMPCAO_COMPENSADA,19,T1_N2,8
346,moderado,PREEMPCAO_COMPENSADA,19,T1_S0,9
346,moderado,PREEMPCAO_COMPENSADA,19,T1_S1,14
346,moderado,PREEMPCAO_COMPENSADA,19,T2_N1,6
346,moderado,PREEMPCAO_COMPENSADA,19,T2_N2,9
346,moderado,PREEMPCAO_COMPENSADA,19,T2_S0,11
346,moderado,PREEMPCAO_COMPENSADA,19,T2_S1,11
346,moderado,PREEMPCAO_COMPENSADA,19,T3_N1,13
346,moderado,PREEMPCAO_COMPENSADA,19,T3_N2,10
346,moderado,PREEMPCAO_COMPENSADA,19,T3_S0,7
346,moderado,PREEMPCAO_COMPENSADA,19,T3_S1,6
346,moderado,PREEMPCAO_COMPENSADA,19,T4_N1,14
346,moderado,PREEMPCAO_COMPENSADA,19,T4_N2,10
346,moderado,PREEMPCAO_COMPENSADA,19,T4_S0,9
346,moderado,PREEMPCAO_COMPENSADA,19,T4_S1,12
347,intenso,FIXO,19,A1_L0,27
347,intenso,FIXO,19,A1_L1,28
347,intenso,FIXO,19,A1_L2,28
347,intenso,FIXO,19,A1_L3,28
347,intenso,FIXO,19,A1_O1,28
347,intenso,FIXO,19,A1_O2,28
347,intenso,FIXO,19,A1_O3,28
347,intenso,FIXO,19,A1_O4,25
347,intenso,FIXO,19,A2_L0,24
347,intenso,FIXO,19,A2_L1,28
347,intenso,FIXO,19,A2_L2,28
347,intenso,FIXO,19,A2_L3,28
347,intenso,FIXO,19,A2_O1,28
347,intenso,FIXO,19,A2_O2,28
347,intenso,FIXO,19,A2_O3,28
347,intenso,FIXO,19,A2_O4,27
347,intenso,FIXO,19,T1_N1,10
347,intenso,FIXO,19,T1_N2,13
347,intenso,FIXO,19,T1_S0,13
347,intenso,FIXO,19,T1_S1,9
347,intenso,FIXO,19,T2_N1,10
347,intenso,FIXO,19,T2_N2,15
347,intenso,FIXO,19,T2_S0,12
347,intenso,FIXO,19,T2_S1,9
347,intenso,FIXO,19,T3_N1,9
347,intenso,FIXO,19,T3_N2,13
347,intenso,FIXO,19,T3_S0,15
347,intenso,FIXO,19,T3_S1,9
347,intenso,FIXO,19,T4_N1,10
347,intenso,FIXO,19,T4_N2,13
347,intenso,FIXO,19,T4_S0,15
347,intenso,FIXO,19,T4_S1,8
348,intenso,PREEMPCAO,19,A1_L0,23
348,intenso,PREEMPCAO,19,A1_L1,27
348,intenso,PREEMPCAO,19,A1_L2,27
348,intenso,PREEMPCAO,19,A1_L3,27
348,intenso,PREEMPCAO,19,A1_O1,25
348,intenso,PREEMPCAO,19,A1_O2,25
348,intenso,PREEMPCAO,19,A1_O3,26
348,intenso,PREEMPCAO,19,A1_O4,23
348,intenso,PREEMPCAO,19,A2_L0,22
348,intenso,PREEMPCAO,19,A2_L1,28
348,intenso,PREEMPCAO,19,A2_L2,28
348,intenso,PREEMPCAO,19,A2_L3,28
348,intenso,PREEMPCAO,19,A2_O1,27
348,intenso,PREEMPCAO,19,A2_O2,27
348,intenso,PREEMPCAO,19,A2_O3,27
348,intenso,PREEMPCAO,19,A2_O4,24
348,intenso,PREEMPCAO,19,T1_N1,13
348,intenso,PREEMPCAO,19,T1_N2,15
348,intenso,PREEMPCAO,19,T1_S0,15
348,intenso,PREEMPCAO,19,T1_S1,14
348,intenso,PREEMPCAO,19,T2_N1,15
348,intenso,PREEMPCAO,19,T2_N2,15
348,intenso,PREEMPCAO,19,T2_S0,12
348,intenso,PREEMPCAO,19,T2_S1,13
348,intenso,PREEMPCAO,19,T3_N1,14
348,intenso,PREEMPCAO,19,T3_N2,13
348,intenso,PREEMPCAO,19,T3_S0,14
348,intenso,PREEMPCAO,19,T3_S1,14
348,intenso,PREEMPCAO,19,T4_N1,11
348,intenso,PREEMPCAO,19,T4_N2,13
348,intenso,PREEMPCAO,19,T4_S0,15
348,intenso,PREEMPCAO,19,T4_S1,14
349,intenso,PREEMPCAO_COMPENSADA,19,A1_L0,27
349,intenso,PREEMPCAO_COMPENSADA,19,A1_L1,27
349,intenso,PREEMPCAO_COMPENSADA,19,A1_L2,27
349,intenso,PREEMPCAO_COMPENSADA,19,A1_L3,27
349,intenso,PREEMPCAO_COMPENSADA,19,A1_O1,27
349,intenso,PREEMPCAO_COMPENSADA,19,A1_O2,27
349,intenso,PREEMPCAO_COMPENSADA,19,A1_O3,27
349,intenso,PREEMPCAO_COMPENSADA,19,A1_O4,28
349,intenso,PREEMPCAO_COMPENSADA,19,A2_L0,25
349,intenso,PREEMPCAO_COMPENSADA,19,A2_L1,28
349,intenso,PREEMPCAO_COMPENSADA,19,A2_L2,28
349,intenso,PREEMPCAO_COMPENSADA,19,A2_L3,28
349,intenso,PREEMPCAO_COMPENSADA,19,A2_O1,28
349,intenso,PREEMPCAO_COMPENSADA,19,A2_O2,27
349,intenso,PREEMPCAO_COMPENSADA,19,A2_O3,27
349,intenso,PREEMPCAO_COMPENSADA,19,A2_O4,26
349,intenso,PREEMPCAO_COMPENSADA,19,T1_N1,14
349,intenso,PREEMPCAO_COMPENSADA,19,T1_N2,15
349,intenso,PREEMPCAO_COMPENSADA,19,T1_S0,14
349,intenso,PREEMPCAO_COMPENSADA,19,T1_S1,15
349,intenso,PREEMPCAO_COMPENSADA,19,T2_N1,14
349,intenso,PREEMPCAO_COMPENSADA,19,T2_N2,15
349,intenso,PREEMPCAO_COMPENSADA,19,T2_S0,12
349,intenso,PREEMPCAO_COMPENSADA,19,T2_S1,15
349,intenso,PREEMPCAO_COMPENSADA,19,T3_N1,13
349,intenso,PREEMPCAO_COMPENSADA,19,T3_N2,13
349,intenso,PREEMPCAO_COMPENSADA,19,T3_S0,13
349,intenso,PREEMPCAO_COMPENSADA,19,T3_S1,13
349,intenso,PREEMPCAO_COMPENSADA,19,T4_N1,15
349,intenso,PREEMPCAO_COMPENSADA,19,T4_N2,13
349,intenso,PREEMPCAO_COMPENSADA,19,T4_S0,15
349,intenso,PREEMPCAO_COMPENSADA,19,T4_S1,15
350,multiplas_emergencias,FIXO,19,A1_L0,15
350,multiplas_emergencias,FIXO,19,A1_L1,24
350,multiplas_emergencias,FIXO,19,A1_L2,25
350,multiplas_emergencias,FIXO,19,A1_L3,24
350,multiplas_emergencias,FIXO,19,A1_O1,23
350,multiplas_emergencias,FIXO,19,A1_O2,23
350,multiplas_emergencias,FIXO,19,A1_O3,23
350,multiplas_emergencias,FIXO,19,A1_O4,16
350,multiplas_emergencias,FIXO,19,A2_L0,17
350,multiplas_emergencias,FIXO,19,A2_L1,26
350,multiplas_emergencias,FIXO,19,A2_L2,25
350,multiplas_emergencias,FIXO,19,A2_L3,25
350,multiplas_emergencias,FIXO,19,A2_O1,24
350,multiplas_emergencias,FIXO,19,A2_O2,24
350,multiplas_emergencias,FIXO,19,A2_O3,23
350,multiplas_emergencias,FIXO,19,A2_O4,15
350,multiplas_emergencias,FIXO,19,T1_N1,9
350,multiplas_emergencias,FIXO,19,T1_N2,9
350,multiplas_emergencias,FIXO,19,T1_S0,8
350,multiplas_emergencias,FIXO,19,T1_S1,8
350,multiplas_emergencias,FIXO,19,T2_N1,7
350,multiplas_emergencias,FIXO,19,T2_N2,9
350,multiplas_emergencias,FIXO,19,T2_S0,10
350,multiplas_emergencias,FIXO,19,T2_S1,8
350,multiplas_emergencias,FIXO,19,T3_N1,10
350,multiplas_emergencias,FIXO,19,T3_N2,10
350,multiplas_emergencias,FIXO,19,T3_S0,8
350,multiplas_emergencias,FIXO,19,T3_S1,8
350,multiplas_emergencias,FIXO,19,T4_N1,9
350,multiplas_emergencias,FIXO,19,T4_N2,10
350,multiplas_emergencias,FIXO,19,T4_S0,10
350,multiplas_emergencias,FIXO,19,T4_S1,9
351,multiplas_emergencias,PREEMPCAO,19,A1_L0,12
351,multiplas_emergencias,PREEMPCAO,19,A1_L1,19
351,multiplas_emergencias,PREEMPCAO,19,A1_L2,16
351,multiplas_emergencias,PREEMPCAO,19,A1_L3,17
351,multiplas_emergencias,PREEMPCAO,19,A1_O1,18
351,multiplas_emergencias,PREEMPCAO,19,A1_O2,23
351,multiplas_emergencias,PREEMPCAO,19,A1_O3,23
351,multiplas_emergencias,PREEMPCAO,19,A1_O4,12
351,multiplas_emergencias,PREEMPCAO,19,A2_L0,13
351,multiplas_emergencias,PREEMPCAO,19,A2_L1,17
351,multiplas_emergencias,PREEMPCAO,19,A2_L2,17
351,multiplas_emergencias,PREEMPCAO,19,A2_L3,25
351,multiplas_emergencias,PREEMPCAO,19,A2_O1,18
351,multiplas_emergencias,PREEMPCAO,19,A2_O2,18
351,multiplas_emergencias,PREEMPCAO,19,A2_O3,19
351,multiplas_emergencias,PREEMPCAO,19,A2_O4,16
351,multiplas_emergencias,PREEMPCAO,19,T1_N1,12
351,multiplas_emergencias,PREEMPCAO,19,T1_N2,8
351,multiplas_emergencias,PREEMPCAO,19,T1_S0,9
351,multiplas_emergencias,PREEMPCAO,19,T1_S1,12
351,multiplas_emergencias,PREEMPCAO,19,T2_N1,10
351,multiplas_emergencias,PREEMPCAO,19,T2_N2,9
351,multiplas_emergencias,PREEMPCAO,19,T2_S0,8
351,multiplas_emergencias,PREEMPCAO,19,T2_S1,8
351,multiplas_emergencias,PREEMPCAO,19,T3_N1,13
351,multiplas_emergencias,PREEMPCAO,19,T3_N2,11
351,multiplas_emergencias,PREEMPCAO,19,T3_S0,7
351,multiplas_emergencias,PREEMPCAO,19,T3_S1,7
351,multiplas_emergencias,PREEMPCAO,19,T4_N1,12
351,multiplas_emergencias,PREEMPCAO,19,T4_N2,9
351,multiplas_emergencias,PREEMPCAO,19,T4_S0,9
351,multiplas_emergencias,PREEMPCAO,19,T4_S1,9
352,multiplas_emergencias,PREEMPCAO_COMPENSADA,19,A1_L0,15
352,multiplas_emergencias,PREEMPCAO_COMPENSADA,19,A1_L1,22
352,multiplas_emergencias,PREEMPCAO_COMPENSADA,19,A1_L2,23
352,multiplas_emergencias,PREEMPCAO_COMPENSADA,19,A1_L3,16
352,multiplas_emergencias,PREEMPCAO_COMPENSADA,19,A1_O1,22
352,multiplas_emergencias,PREEMPCAO_COMPENSADA,19,A1_O2,23
352,multiplas_emergencias,PREEMPCAO_COMPENSADA,19,A1_O3,24
352,multiplas_emergencias,PREEMPCAO_COMPENSADA,19,A1_O4,17
352,multiplas_emergencias,PREEMPCAO_COMPENSADA,19,A2_L0,16
352,multiplas_emergencias,PREEMPCAO_COMPENSADA,19,A2_L1,21
352,multiplas_emergencias,PREEMPCAO_COMPENSADA,19,A2_L2,18
352,multiplas_emergencias,PREEMPCAO_COMPENSADA,19,A2_L3,20
352,multiplas_emergencias,PREEMPCAO_COMPENSADA,19,A2_O1,22
352,multiplas_emergencias,PREEMPCAO_COMPENSADA,19,A2_O2,19
352,multiplas_emergencias,PREEMPCAO_COMPENSADA,19,A2_O3,18
352,multiplas_emergencias,PREEMPCAO_COMPENSADA,19,A2_O4,14
352,multiplas_emergencias,PREEMPCAO_COMPENSADA,19,T1_N1,12
352,multiplas_emergencias,PREEMPCAO_COMPENSADA,19,T1_N2,8
352,multiplas_emergencias,PREEMPCAO_COMPENSADA,19,T1_S0,9
352,multiplas_emergencias,PREEMPCAO_COMPENSADA,19,T1_S1,14
352,multiplas_emergencias,PREEMPCAO_COMPENSADA,19,T2_N1,10
352,multiplas_emergencias,PREEMPCAO_COMPENSADA,19,T2_N2,9
352,multiplas_emergencias,PREEMPCAO_COMPENSADA,19,T2_S0,7
352,multiplas_emergencias,PREEMPCAO_COMPENSADA,19,T2_S1,10
352,multiplas_emergencias,PREEMPCAO_COMPENSADA,19,T3_N1,12
352,multiplas_emergencias,PREEMPCAO_COMPENSADA,19,T3_N2,14
352,multiplas_emergencias,PREEMPCAO_COMPENSADA,19,T3_S0,9
352,multiplas_emergencias,PREEMPCAO_COMPENSADA,19,T3_S1,12
352,multiplas_emergencias,PREEMPCAO_COMPENSADA,19,T4_N1,11
352,multiplas_emergencias,PREEMPCAO_COMPENSADA,19,T4_N2,9
352,multiplas_emergencias,PREEMPCAO_COMPENSADA,19,T4_S0,7
352,multiplas_emergencias,PREEMPCAO_COMPENSADA,19,T4_S1,12
353,multiplas_emergencias,PREEMPCAO_ML,19,A1_L0,12
353,multiplas_emergencias,PREEMPCAO_ML,19,A1_L1,18
353,multiplas_emergencias,PREEMPCAO_ML,19,A1_L2,16
353,multiplas_emergencias,PREEMPCAO_ML,19,A1_L3,18
353,multiplas_emergencias,PREEMPCAO_ML,19,A1_O1,21
353,multiplas_emergencias,PREEMPCAO_ML,19,A1_O2,23
353,multiplas_emergencias,PREEMPCAO_ML,19,A1_O3,23
353,multiplas_emergencias,PREEMPCAO_ML,19,A1_O4,12
353,multiplas_emergencias,PREEMPCAO_ML,19,A2_L0,17
353,multiplas_emergencias,PREEMPCAO_ML,19,A2_L1,17
353,multiplas_emergencias,PREEMPCAO_ML,19,A2_L2,17
353,multiplas_emergencias,PREEMPCAO_ML,19,A2_L3,18
353,multiplas_emergencias,PREEMPCAO_ML,19,A2_O1,19
353,multiplas_emergencias,PREEMPCAO_ML,19,A2_O2,18
353,multiplas_emergencias,PREEMPCAO_ML,19,A2_O3,18
353,multiplas_emergencias,PREEMPCAO_ML,19,A2_O4,16
353,multiplas_emergencias,PREEMPCAO_ML,19,T1_N1,12
353,multiplas_emergencias,PREEMPCAO_ML,19,T1_N2,9
353,multiplas_emergencias,PREEMPCAO_ML,19,T1_S0,9
353,multiplas_emergencias,PREEMPCAO_ML,19,T1_S1,12
353,multiplas_emergencias,PREEMPCAO_ML,19,T2_N1,9
353,multiplas_emergencias,PREEMPCAO_ML,19,T2_N2,7
353,multiplas_emergencias,PREEMPCAO_ML,19,T2_S0,7
353,multiplas_emergencias,PREEMPCAO_ML,19,T2_S1,8
353,multiplas_emergencias,PREEMPCAO_ML,19,T3_N1,12
353,multiplas_emergencias,PREEMPCAO_ML,19,T3_N2,10
353,multiplas_emergencias,PREEMPCAO_ML,19,T3_S0,8
353,multiplas_emergencias,PREEMPCAO_ML,19,T3_S1,10
353,multiplas_emergencias,PREEMPCAO_ML,19,T4_N1,10
353,multiplas_emergencias,PREEMPCAO_ML,19,T4_N2,9
353,multiplas_emergencias,PREEMPCAO_ML,19,T4_S0,8
353,multiplas_emergencias,PREEMPCAO_ML,19,T4_S1,8
354,leve,FIXO,20,A1_L0,9
354,leve,FIXO,20,A1_L1,18
354,leve,FIXO,20,A1_L2,18
354,leve,FIXO,20,A1_L3,18
354,leve,FIXO,20,A1_O1,13
354,leve,FIXO,20,A1_O2,13
354,leve,FIXO,20,A1_O3,13
354,leve,FIXO,20,A1_O4,9
354,leve,FIXO,20,A2_L0,6
354,leve,FIXO,20,A2_L1,12
354,leve,FIXO,20,A2_L2,12
354,leve,FIXO,20,A2_L3,12
354,leve,FIXO,20,A2_O1,12
354,leve,FIXO,20,A2_O2,12
354,leve,FIXO,20,A2_O3,12
354,leve,FIXO,20,A2_O4,7
354,leve,FIXO,20,T1_N1,6
354,leve,FIXO,20,T1_N2,4
354,leve,FIXO,20,T1_S0,6
354,leve,FIXO,20,T1_S1,8
354,leve,FIXO,20,T2_N1,6
354,leve,FIXO,20,T2_N2,5
354,leve,FIXO,20,T2_S0,4
354,leve,FIXO,20,T2_S1,6
354,leve,FIXO,20,T3_N1,7
354,leve,FIXO,20,T3_N2,4
354,leve,FIXO,20,T3_S0,5
354,leve,FIXO,20,T3_S1,8
354,leve,FIXO,20,T4_N1,6
354,leve,FIXO,20,T4_N2,8
354,leve,FIXO,20,T4_S0,8
354,leve,FIXO,20,T4_S1,6
355,leve,PREEMPCAO,20,A1_L0,9
355,leve,PREEMPCAO,20,A1_L1,5
355,leve,PREEMPCAO,20,A1_L2,12
355,leve,PREEMPCAO,20,A1_L3,10
355,leve,PREEMPCAO,20,A1_O1,9
355,leve,PREEMPCAO,20,A1_O2,8
355,leve,PREEMPCAO,20,A1_O3,15
355,leve,PREEMPCAO,20,A1_O4,8
355,leve,PREEMPCAO,20,A2_L0,6
355,leve,PREEMPCAO,20,A2_L1,8
355,leve,PREEMPCAO,20,A2_L2,7
355,leve,PREEMPCAO,20,A2_L3,6
355,leve,PREEMPCAO,20,A2_O1,6
355,leve,PREEMPCAO,20,A2_O2,7
355,leve,PREEMPCAO,20,A2_O3,11
355,leve,PREEMPCAO,20,A2_O4,6
355,leve,PREEMPCAO,20,T1_N1,5
355,leve,PREEMPCAO,20,T1_N2,4
355,leve,PREEMPCAO,20,T1_S0,5
355,leve,PREEMPCAO,20,T1_S1,7
355,leve,PREEMPCAO,20,T2_N1,5
355,leve,PREEMPCAO,20,T2_N2,5
355,leve,PREEMPCAO,20,T2_S0,4
355,leve,PREEMPCAO,20,T2_S1,7
355,leve,PREEMPCAO,20,T3_N1,4
355,leve,PREEMPCAO,20,T3_N2,4
355,leve,PREEMPCAO,20,T3_S0,5
355,leve,PREEMPCAO,20,T3_S1,6
355,leve,PREEMPCAO,20,T4_N1,6
355,leve,PREEMPCAO,20,T4_N2,8
355,leve,PREEMPCAO,20,T4_S0,4
355,leve,PREEMPCAO,20,T4_S1,7
356,leve,PREEMPCAO_COMPENSADA,20,A1_L0,9
356,leve,PREEMPCAO_COMPENSADA,20,A1_L1,11
356,leve,PREEMPCAO_COMPENSADA,20,A1_L2,11
356,leve,PREEMPCAO_COMPENSADA,20,A1_L3,6
356,leve,PREEMPCAO_COMPENSADA,20,A1_O1,11
356,leve,PREEMPCAO_COMPENSADA,20,A1_O2,10
356,leve,PREEMPCAO_COMPENSADA,20,A1_O3,8
356,leve,PREEMPCAO_COMPENSADA,20,A1_O4,8
356,leve,PREEMPCAO_COMPENSADA,20,A2_L0,8
356,leve,PREEMPCAO_COMPENSADA,20,A2_L1,10
356,leve,PREEMPCAO_COMPENSADA,20,A2_L2,11
356,leve,PREEMPCAO_COMPENSADA,20,A2_L3,6
356,leve,PREEMPCAO_COMPENSADA,20,A2_O1,6
356,leve,PREEMPCAO_COMPENSADA,20,A2_O2,7
356,leve,PREEMPCAO_COMPENSADA,20,A2_O3,11
356,leve,PREEMPCAO_COMPENSADA,20,A2_O4,6
356,leve,PREEMPCAO_COMPENSADA,20,T1_N1,5
356,leve,PREEMPCAO_COMPENSADA,20,T1_N2,4
356,leve,PREEMPCAO_COMPENSADA,20,T1_S0,6
356,leve,PREEMPCAO_COMPENSADA,20,T1_S1,6
356,leve,PREEMPCAO_COMPENSADA,20,T2_N1,6
356,leve,PREEMPCAO_COMPENSADA,20,T2_N2,5
356,leve,PREEMPCAO_COMPENSADA,20,T2_S0,4
356,leve,PREEMPCAO_COMPENSADA,20,T2_S1,5
356,leve,PREEMPCAO_COMPENSADA,20,T3_N1,7
356,leve,PREEMPCAO_COMPENSADA,20,T3_N2,4
356,leve,PREEMPCAO_COMPENSADA,20,T3_S0,6
356,leve,PREEMPCAO_COMPENSADA,20,T3_S1,6
356,leve,PREEMPCAO_COMPENSADA,20,T4_N1,6
356,leve,PREEMPCAO_COMPENSADA,20,T4_N2,8
356,leve,PREEMPCAO_COMPENSADA,20,T4_S0,8
356,leve,PREEMPCAO_COMPENSADA,20,T4_S1,4
357,moderado,FIXO,20,A1_L0,14
357,moderado,FIXO,20,A1_L1,27
357,moderado,FIXO,20,A1_L2,27
357,moderado,FIXO,20,A1_L3,27
357,moderado,FIXO,20,A1_O1,23
357,moderado,FIXO,20,A1_O2,23
357,moderado,FIXO,20,A1_O3,23
357,moderado,FIXO,20,A1_O4,14
357,moderado,FIXO,20,A2_L0,15
357,moderado,FIXO,20,A2_L1,23
357,moderado,FIXO,20,A2_L2,23
357,moderado,FIXO,20,A2_L3,23
357,moderado,FIXO,20,A2_O1,24
357,moderado,FIXO,20,A2_O2,24
357,moderado,FIXO,20,A2_O3,23
357,moderado,FIXO,20,A2_O4,14
357,moderado,FIXO,20,T1_N1,8
357,moderado,FIXO,20,T1_N2,9
357,moderado,FIXO,20,T1_S0,9
357,moderado,FIXO,20,T1_S1,9
357,moderado,FIXO,20,T2_N1,8
357,moderado,FIXO,20,T2_N2,6
357,moderado,FIXO,20,T2_S0,9
357,moderado,FIXO,20,T2_S1,9
357,moderado,FIXO,20,T3_N1,10
357,moderado,FIXO,20,T3_N2,10
357,moderado,FIXO,20,T3_S0,7
357,moderado,FIXO,20,T3_S1,7
357,moderado,FIXO,20,T4_N1,9
357,moderado,FIXO,20,T4_N2,7
357,moderado,FIXO,20,T4_S0,8
357,moderado,FIXO,20,T4_S1,8
358,moderado,PREEMPCAO,20,A1_L0,14
358,moderado,PREEMPCAO,20,A1_L1,20
358,moderado,PREEMPCAO,20,A1_L2,20
358,moderado,PREEMPCAO,20,A1_L3,27
358,moderado,PREEMPCAO,20,A1_O1,18
358,moderado,PREEMPCAO,20,A1_O2,16
358,moderado,PREEMPCAO,20,A1_O3,16
358,moderado,PREEMPCAO,20,A1_O4,14
358,moderado,PREEMPCAO,20,A2_L0,14
358,moderado,PREEMPCAO,20,A2_L1,22
358,moderado,PREEMPCAO,20,A2_L2,22
358,moderado,PREEMPCAO,20,A2_L3,27
358,moderado,PREEMPCAO,20,A2_O1,17
358,moderado,PREEMPCAO,20,A2_O2,17
358,moderado,PREEMPCAO,20,A2_O3,19
358,moderado,PREEMPCAO,20,A2_O4,14
358,moderado,PREEMPCAO,20,T1_N1,10
358,moderado,PREEMPCAO,20,T1_N2,10
358,moderado,PREEMPCAO,20,T1_S0,11
358,moderado,PREEMPCAO,20,T1_S1,10
358,moderado,PREEMPCAO,20,T2_N1,8
358,moderado,PREEMPCAO,20,T2_N2,10
358,moderado,PREEMPCAO,20,T2_S0,10
358,moderado,PREEMPCAO,20,T2_S1,10
358,moderado,PREEMPCAO,20,T3_N1,7
358,moderado,PREEMPCAO,20,T3_N2,7
358,moderado,PREEMPCAO,20,T3_S0,6
358,moderado,PREEMPCAO,20,T3_S1,9
358,moderado,PREEMPCAO,20,T4_N1,12
358,moderado,PREEMPCAO,20,T4_N2,7
358,moderado,PREEMPCAO,20,T4_S0,8
358,moderado,PREEMPCAO,20,T4_S1,8
359,moderado,PREEMPCAO_COMPENSADA,20,A1_L0,16
359,moderado,PREEMPCAO_COMPENSADA,20,A1_L1,20
359,moderado,PREEMPCAO_COMPENSADA,20,A1_L2,20
359,moderado,PREEMPCAO_COMPENSADA,20,A1_L3,27
359,moderado,PREEMPCAO_COMPENSADA,20,A1_O1,21
359,moderado,PREEMPCAO_COMPENSADA,20,A1_O2,20
359,moderado,PREEMPCAO_COMPENSADA,20,A1_O3,20
359,moderado,PREEMPCAO_COMPENSADA,20,A1_O4,16
359,moderado,PREEMPCAO_COMPENSADA,20,A2_L0,12
359,moderado,PREEMPCAO_COMPENSADA,20,A2_L1,22
359,moderado,PREEMPCAO_COMPENSADA,20,A2_L2,22
359,moderado,PREEMPCAO_COMPENSADA,20,A2_L3,23
359,moderado,PREEMPCAO_COMPENSADA,20,A2_O1,17
359,moderado,PREEMPCAO_COMPENSADA,20,A2_O2,19
359,moderado,PREEMPCAO_COMPENSADA,20,A2_O3,21
359,moderado,PREEMPCAO_COMPENSADA,20,A2_O4,15
359,moderado,PREEMPCAO_COMPENSADA,20,T1_N1,11
359,moderado,PREEMPCAO_COMPENSADA,20,T1_N2,8
359,moderado,PREEMPCAO_COMPENSADA,20,T1_S0,9
359,moderado,PREEMPCAO_COMPENSADA,20,T1_S1,13
359,moderado,PREEMPCAO_COMPENSADA,20,T2_N1,9
359,moderado,PREEMPCAO_COMPENSADA,20,T2_N2,9
359,moderado,PREEMPCAO_COMPENSADA,20,T2_S0,10
359,moderado,PREEMPCAO_COMPENSADA,20,T2_S1,8
359,moderado,PREEMPCAO_COMPENSADA,20,T3_N1,7
359,moderado,PREEMPCAO_COMPENSADA,20,T3_N2,8
359,moderado,PREEMPCAO_COMPENSADA,20,T3_S0,7
359,moderado,PREEMPCAO_COMPENSADA,20,T3_S1,8
359,moderado,PREEMPCAO_COMPENSADA,20,T4_N1,15
359,moderado,PREEMPCAO_COMPENSADA,20,T4_N2,8
359,moderado,PREEMPCAO_COMPENSADA,20,T4_S0,8
359,moderado,PREEMPCAO_COMPENSADA,20,T4_S1,8
360,intenso,FIXO,20,A1_L0,27
360,intenso,FIXO,20,A1_L1,28
360,intenso,FIXO,20,A1_L2,28
360,intenso,FIXO,20,A1_L3,28
360,intenso,FIXO,20,A1_O1,28
360,intenso,FIXO,20,A1_O2,28
360,intenso,FIXO,20,A1_O3,28
360,intenso,FIXO,20,A1_O4,20
360,intenso,FIXO,20,A2_L0,20
360,intenso,FIXO,20,A2_L1,28
360,intenso,FIXO,20,A2_L2,28
360,intenso,FIXO,20,A2_L3,28
360,intenso,FIXO,20,A2_O1,27
360,intenso,FIXO,20,A2_O2,27
360,intenso,FIXO,20,A2_O3,27
360,intenso,FIXO,20,A2_O4,21
360,intenso,FIXO,20,T1_N1,10
360,intenso,FIXO,20,T1_N2,15
360,intenso,FIXO,20,T1_S0,13
360,intenso,FIXO,20,T1_S1,10
360,intenso,FIXO,20,T2_N1,9
360,intenso,FIXO,20,T2_N2,14
360,intenso,FIXO,20,T2_S0,15
360,intenso,FIXO,20,T2_S1,13
360,intenso,FIXO,20,T3_N1,11
360,intenso,FIXO,20,T3_N2,15
360,intenso,FIXO,20,T3_S0,14
360,intenso,FIXO,20,T3_S1,9
360,intenso,FIXO,20,T4_N1,10
360,intenso,FIXO,20,T4_N2,15
360,intenso,FIXO,20,T4_S0,13
360,intenso,FIXO,20,T4_S1,9
361,intenso,PREEMPCAO,20,A1_L0,21
361,intenso,PREEMPCAO,20,A1_L1,28
361,intenso,PREEMPCAO,20,A1_L2,27
361,intenso,PREEMPCAO,20,A1_L3,28
361,intenso,PREEMPCAO,20,A1_O1,25
361,intenso,PREEMPCAO,20,A1_O2,27
361,intenso,PREEMPCAO,20,A1_O3,27
361,intenso,PREEMPCAO,20,A1_O4,19
361,intenso,PREEMPCAO,20,A2_L0,23
361,intenso,PREEMPCAO,20,A2_L1,28
361,intenso,PREEMPCAO,20,A2_L2,28
361,intenso,PREEMPCAO,20,A2_L3,29
361,intenso,PREEMPCAO,20,A2_O1,22
361,intenso,PREEMPCAO,20,A2_O2,26
361,intenso,PREEMPCAO,20,A2_O3,26
361,intenso,PREEMPCAO,20,A2_O4,26
361,intenso,PREEMPCAO,20,T1_N1,15
361,intenso,PREEMPCAO,20,T1_N2,15
361,intenso,PREEMPCAO,20,T1_S0,15
361,intenso,PREEMPCAO,20,T1_S1,14
361,intenso,PREEMPCAO,20,T2_N1,15
361,intenso,PREEMPCAO,20,T2_N2,14
361,intenso,PREEMPCAO,20,T2_S0,15
361,intenso,PREEMPCAO,20,T2_S1,11
361,intenso,PREEMPCAO,20,T3_N1,11
361,intenso,PREEMPCAO,20,T3_N2,15
361,intenso,PREEMPCAO,20,T3_S0,15
361,intenso,PREEMPCAO,20,T3_S1,15
361,intenso,PREEMPCAO,20,T4_N1,14
361,intenso,PREEMPCAO,20,T4_N2,15
361,intenso,PREEMPCAO,20,T4_S0,13
361,intenso,PREEMPCAO,20,T4_S1,14
362,intenso,PREEMPCAO_COMPENSADA,20,A1_L0,26
362,intenso,PREEMPCAO_COMPENSADA,20,A1_L1,28
362,intenso,PREEMPCAO_COMPENSADA,20,A1_L2,28
362,intenso,PREEMPCAO_COMPENSADA,20,A1_L3,27
362,intenso,PREEMPCAO_COMPENSADA,20,A1_O1,27
362,intenso,PREEMPCAO_COMPENSADA,20,A1_O2,28
362,intenso,PREEMPCAO_COMPENSADA,20,A1_O3,27
362,intenso,PREEMPCAO_COMPENSADA,20,A1_O4,28
362,intenso,PREEMPCAO_COMPENSADA,20,A2_L0,26
362,intenso,PREEMPCAO_COMPENSADA,20,A2_L1,28
362,intenso,PREEMPCAO_COMPENSADA,20,A2_L2,28
362,intenso,PREEMPCAO_COMPENSADA,20,A2_L3,30
362,intenso,PREEMPCAO_COMPENSADA,20,A2_O1,26
362,intenso,PREEMPCAO_COMPENSADA,20,A2_O2,26
362,intenso,PREEMPCAO_COMPENSADA,20,A2_O3,28
362,intenso,PREEMPCAO_COMPENSADA,20,A2_O4,20
362,intenso,PREEMPCAO_COMPENSADA,20,T1_N1,15
362,intenso,PREEMPCAO_COMPENSADA,20,T1_N2,15
362,intenso,PREEMPCAO_COMPENSADA,20,T1_S0,15
362,intenso,PREEMPCAO_COMPENSADA,20,T1_S1,13
362,intenso,PREEMPCAO_COMPENSADA,20,T2_N1,14
362,intenso,PREEMPCAO_COMPENSADA,20,T2_N2,14
362,intenso,PREEMPCAO_COMPENSADA,20,T2_S0,15
362,intenso,PREEMPCAO_COMPENSADA,20,T2_S1,13
362,intenso,PREEMPCAO_COMPENSADA,20,T3_N1,14
362,intenso,PREEMPCAO_COMPENSADA,20,T3_N2,15
362,intenso,PREEMPCAO_COMPENSADA,20,T3_S0,15
362,intenso,PREEMPCAO_COMPENSADA,20,T3_S1,15
362,intenso,PREEMPCAO_COMPENSADA,20,T4_N1,15
362,intenso,PREEMPCAO_COMPENSADA,20,T4_N2,15
362,intenso,PREEMPCAO_COMPENSADA,20,T4_S0,14
362,intenso,PREEMPCAO_COMPENSADA,20,T4_S1,15
363,multiplas_emergencias,FIXO,20,A1_L0,14
363,multiplas_emergencias,FIXO,20,A1_L1,27
363,multiplas_emergencias,FIXO,20,A1_L2,27
363,multiplas_emergencias,FIXO,20,A1_L3,27
363,multiplas_emergencias,FIXO,20,A1_O1,23
363,multiplas_emergencias,FIXO,20,A1_O2,23
363,multiplas_emergencias,FIXO,20,A1_O3,23
363,multiplas_emergencias,FIXO,20,A1_O4,14
363,multiplas_emergencias,FIXO,20,A2_L0,15
363,multiplas_emergencias,FIXO,20,A2_L1,23
363,multiplas_emergencias,FIXO,20,A2_L2,23
363,multiplas_emergencias,FIXO,20,A2_L3,23
363,multiplas_emergencias,FIXO,20,A2_O1,24
363,multiplas_emergencias,FIXO,20,A2_O2,24
363,multiplas_emergencias,FIXO,20,A2_O3,23
363,multiplas_emergencias,FIXO,20,A2_O4,14
363,multiplas_emergencias,FIXO,20,T1_N1,8
363,multiplas_emergencias,FIXO,20,T1_N2,9
363,multiplas_emergencias,FIXO,20,T1_S0,9
363,multiplas_emergencias,FIXO,20,T1_S1,9
363,multiplas_emergencias,FIXO,20,T2_N1,8
363,multiplas_emergencias,FIXO,20,T2_N2,6
363,multiplas_emergencias,FIXO,20,T2_S0,10
363,multiplas_emergencias,FIXO,20,T2_S1,9
363,multiplas_emergencias,FIXO,20,T3_N1,10
363,multiplas_emergencias,FIXO,20,T3_N2,10
363,multiplas_emergencias,FIXO,20,T3_S0,7
363,multiplas_emergencias,FIXO,20,T3_S1,7
363,multiplas_emergencias,FIXO,20,T4_N1,9
363,multiplas_emergencias,FIXO,20,T4_N2,7
363,multiplas_emergencias,FIXO,20,T4_S0,8
363,multiplas_emergencias,FIXO,20,T4_S1,8
364,multiplas_emergencias,PREEMPCAO,20,A1_L0,14
364,multiplas_emergencias,PREEMPCAO,20,A1_L1,20
364,multiplas_emergencias,PREEMPCAO,20,A1_L2,20
364,multiplas_emergencias,PREEMPCAO,20,A1_L3,20
364,multiplas_emergencias,PREEMPCAO,20,A1_O1,21
364,multiplas_emergencias,PREEMPCAO,20,A1_O2,16
364,multiplas_emergencias,PREEMPCAO,20,A1_O3,16
364,multiplas_emergencias,PREEMPCAO,20,A1_O4,16
364,multiplas_emergencias,PREEMPCAO,20,A2_L0,12
364,multiplas_emergencias,PREEMPCAO,20,A2_L1,22
364,multiplas_emergencias,PREEMPCAO,20,A2_L2,18
364,multiplas_emergencias,PREEMPCAO,20,A2_L3,22
364,multiplas_emergencias,PREEMPCAO,20,A2_O1,21
364,multiplas_emergencias,PREEMPCAO,20,A2_O2,18
364,multiplas_emergencias,PREEMPCAO,20,A2_O3,20
364,multiplas_emergencias,PREEMPCAO,20,A2_O4,15
364,multiplas_emergencias,PREEMPCAO,20,T1_N1,10
364,multiplas_emergencias,PREEMPCAO,20,T1_N2,9
364,multiplas_emergencias,PREEMPCAO,20,T1_S0,11
364,multiplas_emergencias,PREEMPCAO,20,T1_S1,9
364,multiplas_emergencias,PREEMPCAO,20,T2_N1,12
364,multiplas_emergencias,PREEMPCAO,20,T2_N2,10
364,multiplas_emergencias,PREEMPCAO,20,T2_S0,9
364,multiplas_emergencias,PREEMPCAO,20,T2_S1,10
364,multiplas_emergencias,PREEMPCAO,20,T3_N1,11
364,multiplas_emergencias,PREEMPCAO,20,T3_N2,9
364,multiplas_emergencias,PREEMPCAO,20,T3_S0,6
364,multiplas_emergencias,PREEMPCAO,20,T3_S1,10
364,multiplas_emergencias,PREEMPCAO,20,T4_N1,12
364,multiplas_emergencias,PREEMPCAO,20,T4_N2,9
364,multiplas_emergencias,PREEMPCAO,20,T4_S0,7
364,multiplas_emergencias,PREEMPCAO,20,T4_S1,9
365,multiplas_emergencias,PREEMPCAO_COMPENSADA,20,A1_L0,17
365,multiplas_emergencias,PREEMPCAO_COMPENSADA,20,A1_L1,20
365,multiplas_emergencias,PREEMPCAO_COMPENSADA,20,A1_L2,25
365,multiplas_emergencias,PREEMPCAO_COMPENSADA,20,A1_L3,20
365,multiplas_emergencias,PREEMPCAO_COMPENSADA,20,A1_O1,19
365,multiplas_emergencias,PREEMPCAO_COMPENSADA,20,A1_O2,19
365,multiplas_emergencias,PREEMPCAO_COMPENSADA,20,A1_O3,16
365,multiplas_emergencias,PREEMPCAO_COMPENSADA,20,A1_O4,15
365,multiplas_emergencias,PREEMPCAO_COMPENSADA,20,A2_L0,15
365,multiplas_emergencias,PREEMPCAO_COMPENSADA,20,A2_L1,21
365,multiplas_emergencias,PREEMPCAO_COMPENSADA,20,A2_L2,23
365,multiplas_emergencias,PREEMPCAO_COMPENSADA,20,A2_L3,25
365,multiplas_emergencias,PREEMPCAO_COMPENSADA,20,A2_O1,26
365,multiplas_emergencias,PREEMPCAO_COMPENSADA,20,A2_O2,22
365,multiplas_emergencias,PREEMPCAO_COMPENSADA,20,A2_O3,19
365,multiplas_emergencias,PREEMPCAO_COMPENSADA,20,A2_O4,13
365,multiplas_emergencias,PREEMPCAO_COMPENSADA,20,T1_N1,12
365,multiplas_emergencias,PREEMPCAO_COMPENSADA,20,T1_N2,9
365,multiplas_emergencias,PREEMPCAO_COMPENSADA,20,T1_S0,11
365,multiplas_emergencias,PREEMPCAO_COMPENSADA,20,T1_S1,13
365,multiplas_emergencias,PREEMPCAO_COMPENSADA,20,T2_N1,12
365,multiplas_emergencias,PREEMPCAO_COMPENSADA,20,T2_N2,8
365,multiplas_emergencias,PREEMPCAO_COMPENSADA,20,T2_S0,9
365,multiplas_emergencias,PREEMPCAO_COMPENSADA,20,T2_S1,11
365,multiplas_emergencias,PREEMPCAO_COMPENSADA,20,T3_N1,10
365,multiplas_emergencias,PREEMPCAO_COMPENSADA,20,T3_N2,9
365,multiplas_emergencias,PREEMPCAO_COMPENSADA,20,T3_S0,9
365,multiplas_emergencias,PREEMPCAO_COMPENSADA,20,T3_S1,10
365,multiplas_emergencias,PREEMPCAO_COMPENSADA,20,T4_N1,15
365,multiplas_emergencias,PREEMPCAO_COMPENSADA,20,T4_N2,9
365,multiplas_emergencias,PREEMPCAO_COMPENSADA,20,T4_S0,8
365,multiplas_emergencias,PREEMPCAO_COMPENSADA,20,T4_S1,9
366,multiplas_emergencias,PREEMPCAO_ML,20,A1_L0,14
366,multiplas_emergencias,PREEMPCAO_ML,20,A1_L1,22
366,multiplas_emergencias,PREEMPCAO_ML,20,A1_L2,22
366,multiplas_emergencias,PREEMPCAO_ML,20,A1_L3,27
366,multiplas_emergencias,PREEMPCAO_ML,20,A1_O1,21
366,multiplas_emergencias,PREEMPCAO_ML,20,A1_O2,24
366,multiplas_emergencias,PREEMPCAO_ML,20,A1_O3,16
366,multiplas_emergencias,PREEMPCAO_ML,20,A1_O4,13
366,multiplas_emergencias,PREEMPCAO_ML,20,A2_L0,13
366,multiplas_emergencias,PREEMPCAO_ML,20,A2_L1,22
366,multiplas_emergencias,PREEMPCAO_ML,20,A2_L2,21
366,multiplas_emergencias,PREEMPCAO_ML,20,A2_L3,19
366,multiplas_emergencias,PREEMPCAO_ML,20,A2_O1,19
366,multiplas_emergencias,PREEMPCAO_ML,20,A2_O2,17
366,multiplas_emergencias,PREEMPCAO_ML,20,A2_O3,20
366,multiplas_emergencias,PREEMPCAO_ML,20,A2_O4,13
366,multiplas_emergencias,PREEMPCAO_ML,20,T1_N1,11
366,multiplas_emergencias,PREEMPCAO_ML,20,T1_N2,9
366,multiplas_emergencias,PREEMPCAO_ML,20,T1_S0,11
366,multiplas_emergencias,PREEMPCAO_ML,20,T1_S1,9
366,multiplas_emergencias,PREEMPCAO_ML,20,T2_N1,11
366,multiplas_emergencias,PREEMPCAO_ML,20,T2_N2,6
366,multiplas_emergencias,PREEMPCAO_ML,20,T2_S0,10
366,multiplas_emergencias,PREEMPCAO_ML,20,T2_S1,11
366,multiplas_emergencias,PREEMPCAO_ML,20,T3_N1,8
366,multiplas_emergencias,PREEMPCAO_ML,20,T3_N2,9
366,multiplas_emergencias,PREEMPCAO_ML,20,T3_S0,7
366,multiplas_emergencias,PREEMPCAO_ML,20,T3_S1,9
366,multiplas_emergencias,PREEMPCAO_ML,20,T4_N1,14
366,multiplas_emergencias,PREEMPCAO_ML,20,T4_N2,9
366,multiplas_emergencias,PREEMPCAO_ML,20,T4_S0,8
366,multiplas_emergencias,PREEMPCAO_ML,20,T4_S1,10
367,leve,FIXO,21,A1_L0,6
367,leve,FIXO,21,A1_L1,11
367,leve,FIXO,21,A1_L2,12
367,leve,FIXO,21,A1_L3,12
367,leve,FIXO,21,A1_O1,13
367,leve,FIXO,21,A1_O2,13
367,leve,FIXO,21,A1_O3,13
367,leve,FIXO,21,A1_O4,8
367,leve,FIXO,21,A2_L0,8
367,leve,FIXO,21,A2_L1,13
367,leve,FIXO,21,A2_L2,13
367,leve,FIXO,21,A2_L3,13
367,leve,FIXO,21,A2_O1,10
367,leve,FIXO,21,A2_O2,10
367,leve,FIXO,21,A2_O3,10
367,leve,FIXO,21,A2_O4,7
367,leve,FIXO,21,T1_N1,5
367,leve,FIXO,21,T1_N2,5
367,leve,FIXO,21,T1_S0,5
367,leve,FIXO,21,T1_S1,5
367,leve,FIXO,21,T2_N1,6
367,leve,FIXO,21,T2_N2,4
367,leve,FIXO,21,T2_S0,4
367,leve,FIXO,21,T2_S1,6
367,leve,FIXO,21,T3_N1,7
367,leve,FIXO,21,T3_N2,4
367,leve,FIXO,21,T3_S0,4
367,leve,FIXO,21,T3_S1,5
367,leve,FIXO,21,T4_N1,7
367,leve,FIXO,21,T4_N2,7
367,leve,FIXO,21,T4_S0,6
367,leve,FIXO,21,T4_S1,6
368,leve,PREEMPCAO,21,A1_L0,7
368,leve,PREEMPCAO,21,A1_L1,11
368,leve,PREEMPCAO,21,A1_L2,11
368,leve,PREEMPCAO,21,A1_L3,11
368,leve,PREEMPCAO,21,A1_O1,7
368,leve,PREEMPCAO,21,A1_O2,8
368,leve,PREEMPCAO,21,A1_O3,8
368,leve,PREEMPCAO,21,A1_O4,7
368,leve,PREEMPCAO,21,A2_L0,7
368,leve,PREEMPCAO,21,A2_L1,11
368,leve,PREEMPCAO,21,A2_L2,11
368,leve,PREEMPCAO,21,A2_L3,17
368,leve,PREEMPCAO,21,A2_O1,8
368,leve,PREEMPCAO,21,A2_O2,8
368,leve,PREEMPCAO,21,A2_O3,9
368,leve,PREEMPCAO,21,A2_O4,7
368,leve,PREEMPCAO,21,T1_N1,4
368,leve,PREEMPCAO,21,T1_N2,4
368,leve,PREEMPCAO,21,T1_S0,4
368,leve,PREEMPCAO,21,T1_S1,5
368,leve,PREEMPCAO,21,T2_N1,4
368,leve,PREEMPCAO,21,T2_N2,4
368,leve,PREEMPCAO,21,T2_S0,6
368,leve,PREEMPCAO,21,T2_S1,7
368,leve,PREEMPCAO,21,T3_N1,4
368,leve,PREEMPCAO,21,T3_N2,6
368,leve,PREEMPCAO,21,T3_S0,6
368,leve,PREEMPCAO,21,T3_S1,6
368,leve,PREEMPCAO,21,T4_N1,7
368,leve,PREEMPCAO,21,T4_N2,7
368,leve,PREEMPCAO,21,T4_S0,4
368,leve,PREEMPCAO,21,T4_S1,7
369,leve,PREEMPCAO_COMPENSADA,21,A1_L0,7
369,leve,PREEMPCAO_COMPENSADA,21,A1_L1,11
369,leve,PREEMPCAO_COMPENSADA,21,A1_L2,11
369,leve,PREEMPCAO_COMPENSADA,21,A1_L3,11
369,leve,PREEMPCAO_COMPENSADA,21,A1_O1,13
369,leve,PREEMPCAO_COMPENSADA,21,A1_O2,13
369,leve,PREEMPCAO_COMPENSADA,21,A1_O3,12
369,leve,PREEMPCAO_COMPENSADA,21,A1_O4,8
369,leve,PREEMPCAO_COMPENSADA,21,A2_L0,8
369,leve,PREEMPCAO_COMPENSADA,21,A2_L1,11
369,leve,PREEMPCAO_COMPENSADA,21,A2_L2,11
369,leve,PREEMPCAO_COMPENSADA,21,A2_L3,15
369,leve,PREEMPCAO_COMPENSADA,21,A2_O1,11
369,leve,PREEMPCAO_COMPENSADA,21,A2_O2,10
369,leve,PREEMPCAO_COMPENSADA,21,A2_O3,11
369,leve,PREEMPCAO_COMPENSADA,21,A2_O4,8
369,leve,PREEMPCAO_COMPENSADA,21,T1_N1,6
369,leve,PREEMPCAO_COMPENSADA,21,T1_N2,7
369,leve,PREEMPCAO_COMPENSADA,21,T1_S0,5
369,leve,PREEMPCAO_COMPENSADA,21,T1_S1,5
369,leve,PREEMPCAO_COMPENSADA,21,T2_N1,5
369,leve,PREEMPCAO_COMPENSADA,21,T2_N2,4
369,leve,PREEMPCAO_COMPENSADA,21,T2_S0,5
369,leve,PREEMPCAO_COMPENSADA,21,T2_S1,6
369,leve,PREEMPCAO_COMPENSADA,21,T3_N1,7
369,leve,PREEMPCAO_COMPENSADA,21,T3_N2,6
369,leve,PREEMPCAO_COMPENSADA,21,T3_S0,4
369,leve,PREEMPCAO_COMPENSADA,21,T3_S1,6
369,leve,PREEMPCAO_COMPENSADA,21,T4_N1,8
369,leve,PREEMPCAO_COMPENSADA,21,T4_N2,5
369,leve,PREEMPCAO_COMPENSADA,21,T4_S0,5
369,leve,PREEMPCAO_COMPENSADA,21,T4_S1,6
370,moderado,FIXO,21,A1_L0,15
370,moderado,FIXO,21,A1_L1,23
370,moderado,FIXO,21,A1_L2,23
370,moderado,FIXO,21,A1_L3,23
370,moderado,FIXO,21,A1_O1,23
370,moderado,FIXO,21,A1_O2,23
370,moderado,FIXO,21,A1_O3,23
370,moderado,FIXO,21,A1_O4,15
370,moderado,FIXO,21,A2_L0,15
370,moderado,FIXO,21,A2_L1,21
370,moderado,FIXO,21,A2_L2,21
370,moderado,FIXO,21,A2_L3,21
370,moderado,FIXO,21,A2_O1,21
370,moderado,FIXO,21,A2_O2,21
370,moderado,FIXO,21,A2_O3,21
370,moderado,FIXO,21,A2_O4,14
370,moderado,FIXO,21,T1_N1,8
370,moderado,FIXO,21,T1_N2,9
370,moderado,FIXO,21,T1_S0,10
370,moderado,FIXO,21,T1_S1,8
370,moderado,FIXO,21,T2_N1,8
370,moderado,FIXO,21,T2_N2,10
370,moderado,FIXO,21,T2_S0,8
370,moderado,FIXO,21,T2_S1,9
370,moderado,FIXO,21,T3_N1,9
370,moderado,FIXO,21,T3_N2,12
370,moderado,FIXO,21,T3_S0,8
370,moderado,FIXO,21,T3_S1,9
370,moderado,FIXO,21,T4_N1,8
370,moderado,FIXO,21,T4_N2,10
370,moderado,FIXO,21,T4_S0,10
370,moderado,FIXO,21,T4_S1,9
371,moderado,PREEMPCAO,21,A1_L0,14
371,moderado,PREEMPCAO,21,A1_L1,21
371,moderado,PREEMPCAO,21,A1_L2,21
371,moderado,PREEMPCAO,21,A1_L3,21
371,moderado,PREEMPCAO,21,A1_O1,19
371,moderado,PREEMPCAO,21,A1_O2,18
371,moderado,PREEMPCAO,21,A1_O3,21
371,moderado,PREEMPCAO,21,A1_O4,14
371,moderado,PREEMPCAO,21,A2_L0,15
371,moderado,PREEMPCAO,21,A2_L1,14
371,moderado,PREEMPCAO,21,A2_L2,14
371,moderado,PREEMPCAO,21,A2_L3,18
371,moderado,PREEMPCAO,21,A2_O1,19
371,moderado,PREEMPCAO,21,A2_O2,19
371,moderado,PREEMPCAO,21,A2_O3,19
371,moderado,PREEMPCAO,21,A2_O4,14
371,moderado,PREEMPCAO,21,T1_N1,9
371,moderado,PREEMPCAO,21,T1_N2,9
371,moderado,PREEMPCAO,21,T1_S0,10
371,moderado,PREEMPCAO,21,T1_S1,12
371,moderado,PREEMPCAO,21,T2_N1,12
371,moderado,PREEMPCAO,21,T2_N2,9
371,moderado,PREEMPCAO,21,T2_S0,9
371,moderado,PREEMPCAO,21,T2_S1,8
371,moderado,PREEMPCAO,21,T3_N1,11
371,moderado,PREEMPCAO,21,T3_N2,10
371,moderado,PREEMPCAO,21,T3_S0,8
371,moderado,PREEMPCAO,21,T3_S1,11
371,moderado,PREEMPCAO,21,T4_N1,9
371,moderado,PREEMPCAO,21,T4_N2,10
371,moderado,PREEMPCAO,21,T4_S0,8
371,moderado,PREEMPCAO,21,T4_S1,11
372,moderado,PREEMPCAO_COMPENSADA,21,A1_L0,15
372,moderado,PREEMPCAO_COMPENSADA,21,A1_L1,23
372,moderado,PREEMPCAO_COMPENSADA,21,A1_L2,22
372,moderado,PREEMPCAO_COMPENSADA,21,A1_L3,21
372,moderado,PREEMPCAO_COMPENSADA,21,A1_O1,27
372,moderado,PREEMPCAO_COMPENSADA,21,A1_O2,25
372,moderado,PREEMPCAO_COMPENSADA,21,A1_O3,21
372,moderado,PREEMPCAO_COMPENSADA,21,A1_O4,15
372,moderado,PREEMPCAO_COMPENSADA,21,A2_L0,14
372,moderado,PREEMPCAO_COMPENSADA,21,A2_L1,18
372,moderado,PREEMPCAO_COMPENSADA,21,A2_L2,19
372,moderado,PREEMPCAO_COMPENSADA,21,A2_L3,23
372,moderado,PREEMPCAO_COMPENSADA,21,A2_O1,19
372,moderado,PREEMPCAO_COMPENSADA,21,A2_O2,19
372,moderado,PREEMPCAO_COMPENSADA,21,A2_O3,21
372,moderado,PREEMPCAO_COMPENSADA,21,A2_O4,12
372,moderado,PREEMPCAO_COMPENSADA,21,T1_N1,11
372,moderado,PREEMPCAO_COMPENSADA,21,T1_N2,9
372,moderado,PREEMPCAO_COMPENSADA,21,T1_S0,10
372,moderado,PREEMPCAO_COMPENSADA,21,T1_S1,13
372,moderado,PREEMPCAO_COMPENSADA,21,T2_N1,13
372,moderado,PREEMPCAO_COMPENSADA,21,T2_N2,10
372,moderado,PREEMPCAO_COMPENSADA,21,T2_S0,9
372,moderado,PREEMPCAO_COMPENSADA,21,T2_S1,10
372,moderado,PREEMPCAO_COMPENSADA,21,T3_N1,10
372,moderado,PREEMPCAO_COMPENSADA,21,T3_N2,8
372,moderado,PREEMPCAO_COMPENSADA,21,T3_S0,8
372,moderado,PREEMPCAO_COMPENSADA,21,T3_S1,9
372,moderado,PREEMPCAO_COMPENSADA,21,T4_N1,10
372,moderado,PREEMPCAO_COMPENSADA,21,T4_N2,8
372,moderado,PREEMPCAO_COMPENSADA,21,T4_S0,8
372,moderado,PREEMPCAO_COMPENSADA,21,T4_S1,11
373,intenso,FIXO,21,A1_L0,25
373,intenso,FIXO,21,A1_L1,28
373,intenso,FIXO,21,A1_L2,28
373,intenso,FIXO,21,A1_L3,28
373,intenso,FIXO,21,A1_O1,27
373,intenso,FIXO,21,A1_O2,27
373,intenso,FIXO,21,A1_O3,27
373,intenso,FIXO,21,A1_O4,23
373,intenso,FIXO,21,A2_L0,19
373,intenso,FIXO,21,A2_L1,27
373,intenso,FIXO,21,A2_L2,28
373,intenso,FIXO,21,A2_L3,27
373,intenso,FIXO,21,A2_O1,28
373,intenso,FIXO,21,A2_O2,28
373,intenso,FIXO,21,A2_O3,28
373,intenso,FIXO,21,A2_O4,26
373,intenso,FIXO,21,T1_N1,9
373,intenso,FIXO,21,T1_N2,14
373,intenso,FIXO,21,T1_S0,15
373,intenso,FIXO,21,T1_S1,10
373,intenso,FIXO,21,T2_N1,9
373,intenso,FIXO,21,T2_N2,12
373,intenso,FIXO,21,T2_S0,15
373,intenso,FIXO,21,T2_S1,9
373,intenso,FIXO,21,T3_N1,9
373,intenso,FIXO,21,T3_N2,15
373,intenso,FIXO,21,T3_S0,14
373,intenso,FIXO,21,T3_S1,9
373,intenso,FIXO,21,T4_N1,9
373,intenso,FIXO,21,T4_N2,15
373,intenso,FIXO,21,T4_S0,14
373,intenso,FIXO,21,T4_S1,9
374,intenso,PREEMPCAO,21,A1_L0,28
374,intenso,PREEMPCAO,21,A1_L1,23
374,intenso,PREEMPCAO,21,A1_L2,27
374,intenso,PREEMPCAO,21,A1_L3,25
374,intenso,PREEMPCAO,21,A1_O1,27
374,intenso,PREEMPCAO,21,A1_O2,27
374,intenso,PREEMPCAO,21,A1_O3,27
374,intenso,PREEMPCAO,21,A1_O4,27
374,intenso,PREEMPCAO,21,A2_L0,23
374,intenso,PREEMPCAO,21,A2_L1,25
374,intenso,PREEMPCAO,21,A2_L2,27
374,intenso,PREEMPCAO,21,A2_L3,28
374,intenso,PREEMPCAO,21,A2_O1,27
374,intenso,PREEMPCAO,21,A2_O2,27
374,intenso,PREEMPCAO,21,A2_O3,27
374,intenso,PREEMPCAO,21,A2_O4,30
374,intenso,PREEMPCAO,21,T1_N1,13
374,intenso,PREEMPCAO,21,T1_N2,14
374,intenso,PREEMPCAO,21,T1_S0,15
374,intenso,PREEMPCAO,21,T1_S1,14
374,intenso,PREEMPCAO,21,T2_N1,13
374,intenso,PREEMPCAO,21,T2_N2,13
374,intenso,PREEMPCAO,21,T2_S0,15
374,intenso,PREEMPCAO,21,T2_S1,14
374,intenso,PREEMPCAO,21,T3_N1,14
374,intenso,PREEMPCAO,21,T3_N2,15
374,intenso,PREEMPCAO,21,T3_S0,15
374,intenso,PREEMPCAO,21,T3_S1,14
374,intenso,PREEMPCAO,21,T4_N1,14
374,intenso,PREEMPCAO,21,T4_N2,15
374,intenso,PREEMPCAO,21,T4_S0,14
374,intenso,PREEMPCAO,21,T4_S1,13
375,intenso,PREEMPCAO_COMPENSADA,21,A1_L0,30
375,intenso,PREEMPCAO_COMPENSADA,21,A1_L1,25
375,intenso,PREEMPCAO_COMPENSADA,21,A1_L2,28
375,intenso,PREEMPCAO_COMPENSADA,21,A1_L3,26
375,intenso,PREEMPCAO_COMPENSADA,21,A1_O1,27
375,intenso,PREEMPCAO_COMPENSADA,21,A1_O2,27
375,intenso,PREEMPCAO_COMPENSADA,21,A1_O3,28
375,intenso,PREEMPCAO_COMPENSADA,21,A1_O4,23
375,intenso,PREEMPCAO_COMPENSADA,21,A2_L0,27
375,intenso,PREEMPCAO_COMPENSADA,21,A2_L1,27
375,intenso,PREEMPCAO_COMPENSADA,21,A2_L2,27
375,intenso,PREEMPCAO_COMPENSADA,21,A2_L3,28
375,intenso,PREEMPCAO_COMPENSADA,21,A2_O1,29
375,intenso,PREEMPCAO_COMPENSADA,21,A2_O2,29
375,intenso,PREEMPCAO_COMPENSADA,21,A2_O3,30
375,intenso,PREEMPCAO_COMPENSADA,21,A2_O4,29
375,intenso,PREEMPCAO_COMPENSADA,21,T1_N1,13
375,intenso,PREEMPCAO_COMPENSADA,21,T1_N2,13
375,intenso,PREEMPCAO_COMPENSADA,21,T1_S0,14
375,intenso,PREEMPCAO_COMPENSADA,21,T1_S1,14
375,intenso,PREEMPCAO_COMPENSADA,21,T2_N1,14
375,intenso,PREEMPCAO_COMPENSADA,21,T2_N2,13
375,intenso,PREEMPCAO_COMPENSADA,21,T2_S0,15
375,intenso,PREEMPCAO_COMPENSADA,21,T2_S1,15
375,intenso,PREEMPCAO_COMPENSADA,21,T3_N1,13
375,intenso,PREEMPCAO_COMPENSADA,21,T3_N2,14
375,intenso,PREEMPCAO_COMPENSADA,21,T3_S0,15
375,intenso,PREEMPCAO_COMPENSADA,21,T3_S1,15
375,intenso,PREEMPCAO_COMPENSADA,21,T4_N1,13
375,intenso,PREEMPCAO_COMPENSADA,21,T4_N2,15
375,intenso,PREEMPCAO_COMPENSADA,21,T4_S0,15
375,intenso,PREEMPCAO_COMPENSADA,21,T4_S1,15
376,multiplas_emergencias,FIXO,21,A1_L0,15
376,multiplas_emergencias,FIXO,21,A1_L1,23
376,multiplas_emergencias,FIXO,21,A1_L2,23
376,multiplas_emergencias,FIXO,21,A1_L3,23
376,multiplas_emergencias,FIXO,21,A1_O1,23
376,multiplas_emergencias,FIXO,21,A1_O2,23
376,multiplas_emergencias,FIXO,21,A1_O3,23
376,multiplas_emergencias,FIXO,21,A1_O4,15
376,multiplas_emergencias,FIXO,21,A2_L0,14
376,multiplas_emergencias,FIXO,21,A2_L1,21
376,multiplas_emergencias,FIXO,21,A2_L2,21
376,multiplas_emergencias,FIXO,21,A2_L3,21
376,multiplas_emergencias,FIXO,21,A2_O1,21
376,multiplas_emergencias,FIXO,21,A2_O2,21
376,multiplas_emergencias,FIXO,21,A2_O3,21
376,multiplas_emergencias,FIXO,21,A2_O4,14
376,multiplas_emergencias,FIXO,21,T1_N1,8
376,multiplas_emergencias,FIXO,21,T1_N2,9
376,multiplas_emergencias,FIXO,21,T1_S0,10
376,multiplas_emergencias,FIXO,21,T1_S1,8
376,multiplas_emergencias,FIXO,21,T2_N1,8
376,multiplas_emergencias,FIXO,21,T2_N2,10
376,multiplas_emergencias,FIXO,21,T2_S0,8
376,multiplas_emergencias,FIXO,21,T2_S1,9
376,multiplas_emergencias,FIXO,21,T3_N1,9
376,multiplas_emergencias,FIXO,21,T3_N2,12
376,multiplas_emergencias,FIXO,21,T3_S0,8
376,multiplas_emergencias,FIXO,21,T3_S1,9
376,multiplas_emergencias,FIXO,21,T4_N1,8
376,multiplas_emergencias,FIXO,21,T4_N2,10
376,multiplas_emergencias,FIXO,21,T4_S0,10
376,multiplas_emergencias,FIXO,21,T4_S1,9
377,multiplas_emergencias,PREEMPCAO,21,A1_L0,14
377,multiplas_emergencias,PREEMPCAO,21,A1_L1,21
377,multiplas_emergencias,PREEMPCAO,21,A1_L2,21
377,multiplas_emergencias,PREEMPCAO,21,A1_L3,21
377,multiplas_emergencias,PREEMPCAO,21,A1_O1,27
377,multiplas_emergencias,PREEMPCAO,21,A1_O2,16
377,multiplas_emergencias,PREEMPCAO,21,A1_O3,21
377,multiplas_emergencias,PREEMPCAO,21,A1_O4,14
377,multiplas_emergencias,PREEMPCAO,21,A2_L0,14
377,multiplas_emergencias,PREEMPCAO,21,A2_L1,19
377,multiplas_emergencias,PREEMPCAO,21,A2_L2,18
377,multiplas_emergencias,PREEMPCAO,21,A2_L3,20
377,multiplas_emergencias,PREEMPCAO,21,A2_O1,21
377,multiplas_emergencias,PREEMPCAO,21,A2_O2,19
377,multiplas_emergencias,PREEMPCAO,21,A2_O3,19
377,multiplas_emergencias,PREEMPCAO,21,A2_O4,14
377,multiplas_emergencias,PREEMPCAO,21,T1_N1,8
377,multiplas_emergencias,PREEMPCAO,21,T1_N2,9
377,multiplas_emergencias,PREEMPCAO,21,T1_S0,10
377,multiplas_emergencias,PREEMPCAO,21,T1_S1,12
377,multiplas_emergencias,PREEMPCAO,21,T2_N1,12
377,multiplas_emergencias,PREEMPCAO,21,T2_N2,12
377,multiplas_emergencias,PREEMPCAO,21,T2_S0,9
377,multiplas_emergencias,PREEMPCAO,21,T2_S1,12
377,multiplas_emergencias,PREEMPCAO,21,T3_N1,12
377,multiplas_emergencias,PREEMPCAO,21,T3_N2,10
377,multiplas_emergencias,PREEMPCAO,21,T3_S0,8
377,multiplas_emergencias,PREEMPCAO,21,T3_S1,11
377,multiplas_emergencias,PREEMPCAO,21,T4_N1,12
377,multiplas_emergencias,PREEMPCAO,21,T4_N2,9
377,multiplas_emergencias,PREEMPCAO,21,T4_S0,8
377,multiplas_emergencias,PREEMPCAO,21,T4_S1,8
378,multiplas_emergencias,PREEMPCAO_COMPENSADA,21,A1_L0,14
378,multiplas_emergencias,PREEMPCAO_COMPENSADA,21,A1_L1,21
378,multiplas_emergencias,PREEMPCAO_COMPENSADA,21,A1_L2,23
378,multiplas_emergencias,PREEMPCAO_COMPENSADA,21,A1_L3,24
378,multiplas_emergencias,PREEMPCAO_COMPENSADA,21,A1_O1,20
378,multiplas_emergencias,PREEMPCAO_COMPENSADA,21,A1_O2,19
378,multiplas_emergencias,PREEMPCAO_COMPENSADA,21,A1_O3,21
378,multiplas_emergencias,PREEMPCAO_COMPENSADA,21,A1_O4,15
378,multiplas_emergencias,PREEMPCAO_COMPENSADA,21,A2_L0,19
378,multiplas_emergencias,PREEMPCAO_COMPENSADA,21,A2_L1,21
378,multiplas_emergencias,PREEMPCAO_COMPENSADA,21,A2_L2,20
378,multiplas_emergencias,PREEMPCAO_COMPENSADA,21,A2_L3,19
378,multiplas_emergencias,PREEMPCAO_COMPENSADA,21,A2_O1,20
378,multiplas_emergencias,PREEMPCAO_COMPENSADA,21,A2_O2,21
378,multiplas_emergencias,PREEMPCAO_COMPENSADA,21,A2_O3,21
378,multiplas_emergencias,PREEMPCAO_COMPENSADA,21,A2_O4,15
378,multiplas_emergencias,PREEMPCAO_COMPENSADA,21,T1_N1,12
378,multiplas_emergencias,PREEMPCAO_COMPENSADA,21,T1_N2,9
378,multiplas_emergencias,PREEMPCAO_COMPENSADA,21,T1_S0,10
378,multiplas_emergencias,PREEMPCAO_COMPENSADA,21,T1_S1,13
378,multiplas_emergencias,PREEMPCAO_COMPENSADA,21,T2_N1,13
378,multiplas_emergencias,PREEMPCAO_COMPENSADA,21,T2_N2,9
378,multiplas_emergencias,PREEMPCAO_COMPENSADA,21,T2_S0,9
378,multiplas_emergencias,PREEMPCAO_COMPENSADA,21,T2_S1,11
378,multiplas_emergencias,PREEMPCAO_COMPENSADA,21,T3_N1,12
378,multiplas_emergencias,PREEMPCAO_COMPENSADA,21,T3_N2,8
378,multiplas_emergencias,PREEMPCAO_COMPENSADA,21,T3_S0,8
378,multiplas_emergencias,PREEMPCAO_COMPENSADA,21,T3_S1,13
378,multiplas_emergencias,PREEMPCAO_COMPENSADA,21,T4_N1,11
378,multiplas_emergencias,PREEMPCAO_COMPENSADA,21,T4_N2,9
378,multiplas_emergencias,PREEMPCAO_COMPENSADA,21,T4_S0,8
378,multiplas_emergencias,PREEMPCAO_COMPENSADA,21,T4_S1,10
379,multiplas_emergencias,PREEMPCAO_ML,21,A1_L0,14
379,multiplas_emergencias,PREEMPCAO_ML,21,A1_L1,21
379,multiplas_emergencias,PREEMPCAO_ML,21,A1_L2,21
379,multiplas_emergencias,PREEMPCAO_ML,21,A1_L3,21
379,multiplas_emergencias,PREEMPCAO_ML,21,A1_O1,27
379,multiplas_emergencias,PREEMPCAO_ML,21,A1_O2,25
379,multiplas_emergencias,PREEMPCAO_ML,21,A1_O3,21
379,multiplas_emergencias,PREEMPCAO_ML,21,A1_O4,14
379,multiplas_emergencias,PREEMPCAO_ML,21,A2_L0,14
379,multiplas_emergencias,PREEMPCAO_ML,21,A2_L1,16
379,multiplas_emergencias,PREEMPCAO_ML,21,A2_L2,15
379,multiplas_emergencias,PREEMPCAO_ML,21,A2_L3,21
379,multiplas_emergencias,PREEMPCAO_ML,21,A2_O1,19
379,multiplas_emergencias,PREEMPCAO_ML,21,A2_O2,21
379,multiplas_emergencias,PREEMPCAO_ML,21,A2_O3,22
379,multiplas_emergencias,PREEMPCAO_ML,21,A2_O4,14
379,multiplas_emergencias,PREEMPCAO_ML,21,T1_N1,8
379,multiplas_emergencias,PREEMPCAO_ML,21,T1_N2,9
379,multiplas_emergencias,PREEMPCAO_ML,21,T1_S0,10
379,multiplas_emergencias,PREEMPCAO_ML,21,T1_S1,12
379,multiplas_emergencias,PREEMPCAO_ML,21,T2_N1,12
379,multiplas_emergencias,PREEMPCAO_ML,21,T2_N2,9
379,multiplas_emergencias,PREEMPCAO_ML,21,T2_S0,8
379,multiplas_emergencias,PREEMPCAO_ML,21,T2_S1,10
379,multiplas_emergencias,PREEMPCAO_ML,21,T3_N1,12
379,multiplas_emergencias,PREEMPCAO_ML,21,T3_N2,12
379,multiplas_emergencias,PREEMPCAO_ML,21,T3_S0,9
379,multiplas_emergencias,PREEMPCAO_ML,21,T3_S1,8
379,multiplas_emergencias,PREEMPCAO_ML,21,T4_N1,9
379,multiplas_emergencias,PREEMPCAO_ML,21,T4_N2,9
379,multiplas_emergencias,PREEMPCAO_ML,21,T4_S0,7
379,multiplas_emergencias,PREEMPCAO_ML,21,T4_S1,7
380,leve,FIXO,22,A1_L0,9
380,leve,FIXO,22,A1_L1,12
380,leve,FIXO,22,A1_L2,12
380,leve,FIXO,22,A1_L3,12
380,leve,FIXO,22,A1_O1,14
380,leve,FIXO,22,A1_O2,14
380,leve,FIXO,22,A1_O3,14
380,leve,FIXO,22,A1_O4,9
380,leve,FIXO,22,A2_L0,7
380,leve,FIXO,22,A2_L1,12
380,leve,FIXO,22,A2_L2,12
380,leve,FIXO,22,A2_L3,12
380,leve,FIXO,22,A2_O1,12
380,leve,FIXO,22,A2_O2,12
380,leve,FIXO,22,A2_O3,12
380,leve,FIXO,22,A2_O4,8
380,leve,FIXO,22,T1_N1,6
380,leve,FIXO,22,T1_N2,5
380,leve,FIXO,22,T1_S0,6
380,leve,FIXO,22,T1_S1,6
380,leve,FIXO,22,T2_N1,6
380,leve,FIXO,22,T2_N2,5
380,leve,FIXO,22,T2_S0,5
380,leve,FIXO,22,T2_S1,7
380,leve,FIXO,22,T3_N1,5
380,leve,FIXO,22,T3_N2,4
380,leve,FIXO,22,T3_S0,6
380,leve,FIXO,22,T3_S1,6
380,leve,FIXO,22,T4_N1,6
380,leve,FIXO,22,T4_N2,5
380,leve,FIXO,22,T4_S0,5
380,leve,FIXO,22,T4_S1,7
381,leve,PREEMPCAO,22,A1_L0,8
381,leve,PREEMPCAO,22,A1_L1,11
381,leve,PREEMPCAO,22,A1_L2,11
381,leve,PREEMPCAO,22,A1_L3,11
381,leve,PREEMPCAO,22,A1_O1,13
381,leve,PREEMPCAO,22,A1_O2,13
381,leve,PREEMPCAO,22,A1_O3,12
381,leve,PREEMPCAO,22,A1_O4,10
381,leve,PREEMPCAO,22,A2_L0,6
381,leve,PREEMPCAO,22,A2_L1,8
381,leve,PREEMPCAO,22,A2_L2,9
381,leve,PREEMPCAO,22,A2_L3,9
381,leve,PREEMPCAO,22,A2_O1,8
381,leve,PREEMPCAO,22,A2_O2,8
381,leve,PREEMPCAO,22,A2_O3,12
381,leve,PREEMPCAO,22,A2_O4,9
381,leve,PREEMPCAO,22,T1_N1,6
381,leve,PREEMPCAO,22,T1_N2,4
381,leve,PREEMPCAO,22,T1_S0,5
381,leve,PREEMPCAO,22,T1_S1,7
381,leve,PREEMPCAO,22,T2_N1,4
381,leve,PREEMPCAO,22,T2_N2,6
381,leve,PREEMPCAO,22,T2_S0,6
381,leve,PREEMPCAO,22,T2_S1,6
381,leve,PREEMPCAO,22,T3_N1,6
381,leve,PREEMPCAO,22,T3_N2,5
381,leve,PREEMPCAO,22,T3_S0,6
381,leve,PREEMPCAO,22,T3_S1,8
381,leve,PREEMPCAO,22,T4_N1,6
381,leve,PREEMPCAO,22,T4_N2,5
381,leve,PREEMPCAO,22,T4_S0,6
381,leve,PREEMPCAO,22,T4_S1,7
382,leve,PREEMPCAO_COMPENSADA,22,A1_L0,8
382,leve,PREEMPCAO_COMPENSADA,22,A1_L1,10
382,leve,PREEMPCAO_COMPENSADA,22,A1_L2,8
382,leve,PREEMPCAO_COMPENSADA,22,A1_L3,12
382,leve,PREEMPCAO_COMPENSADA,22,A1_O1,13
382,leve,PREEMPCAO_COMPENSADA,22,A1_O2,13
382,leve,PREEMPCAO_COMPENSADA,22,A1_O3,10
382,leve,PREEMPCAO_COMPENSADA,22,A1_O4,7
382,leve,PREEMPCAO_COMPENSADA,22,A2_L0,6
382,leve,PREEMPCAO_COMPENSADA,22,A2_L1,9
382,leve,PREEMPCAO_COMPENSADA,22,A2_L2,12
382,leve,PREEMPCAO_COMPENSADA,22,A2_L3,9
382,leve,PREEMPCAO_COMPENSADA,22,A2_O1,8
382,leve,PREEMPCAO_COMPENSADA,22,A2_O2,8
382,leve,PREEMPCAO_COMPENSADA,22,A2_O3,12
382,leve,PREEMPCAO_COMPENSADA,22,A2_O4,10
382,leve,PREEMPCAO_COMPENSADA,22,T1_N1,4
382,leve,PREEMPCAO_COMPENSADA,22,T1_N2,6
382,leve,PREEMPCAO_COMPENSADA,22,T1_S0,5
382,leve,PREEMPCAO_COMPENSADA,22,T1_S1,5
382,leve,PREEMPCAO_COMPENSADA,22,T2_N1,4
382,leve,PREEMPCAO_COMPENSADA,22,T2_N2,6
382,leve,PREEMPCAO_COMPENSADA,22,T2_S0,5
382,leve,PREEMPCAO_COMPENSADA,22,T2_S1,6
382,leve,PREEMPCAO_COMPENSADA,22,T3_N1,6
382,leve,PREEMPCAO_COMPENSADA,22,T3_N2,4
382,leve,PREEMPCAO_COMPENSADA,22,T3_S0,5
382,leve,PREEMPCAO_COMPENSADA,22,T3_S1,6
382,leve,PREEMPCAO_COMPENSADA,22,T4_N1,6
382,leve,PREEMPCAO_COMPENSADA,22,T4_N2,4
382,leve,PREEMPCAO_COMPENSADA,22,T4_S0,6
382,leve,PREEMPCAO_COMPENSADA,22,T4_S1,6
383,moderado,FIXO,22,A1_L0,16
383,moderado,FIXO,22,A1_L1,24
383,moderado,FIXO,22,A1_L2,24
383,moderado,FIXO,22,A1_L3,24
383,moderado,FIXO,22,A1_O1,22
383,moderado,FIXO,22,A1_O2,22
383,moderado,FIXO,22,A1_O3,22
383,moderado,FIXO,22,A1_O4,14
383,moderado,FIXO,22,A2_L0,13
383,moderado,FIXO,22,A2_L1,23
383,moderado,FIXO,22,A2_L2,23
383,moderado,FIXO,22,A2_L3,23
383,moderado,FIXO,22,A2_O1,27
383,moderado,FIXO,22,A2_O2,27
383,moderado,FIXO,22,A2_O3,27
383,moderado,FIXO,22,A2_O4,16
383,moderado,FIXO,22,T1_N1,9
383,moderado,FIXO,22,T1_N2,10
383,moderado,FIXO,22,T1_S0,10
383,moderado,FIXO,22,T1_S1,8
383,moderado,FIXO,22,T2_N1,8
383,moderado,FIXO,22,T2_N2,7
383,moderado,FIXO,22,T2_S0,12
383,moderado,FIXO,22,T2_S1,8
383,moderado,FIXO,22,T3_N1,8
383,moderado,FIXO,22,T3_N2,7
383,moderado,FIXO,22,T3_S0,7
383,moderado,FIXO,22,T3_S1,8
383,moderado,FIXO,22,T4_N1,8
383,moderado,FIXO,22,T4_N2,13
383,moderado,FIXO,22,T4_S0,8
383,moderado,FIXO,22,T4_S1,8
384,moderado,PREEMPCAO,22,A1_L0,13
384,moderado,PREEMPCAO,22,A1_L1,17
384,moderado,PREEMPCAO,22,A1_L2,12
384,moderado,PREEMPCAO,22,A1_L3,18
384,moderado,PREEMPCAO,22,A1_O1,16
384,moderado,PREEMPCAO,22,A1_O2,18
384,moderado,PREEMPCAO,22,A1_O3,15
384,moderado,PREEMPCAO,22,A1_O4,15
384,moderado,PREEMPCAO,22,A2_L0,12
384,moderado,PREEMPCAO,22,A2_L1,20
384,moderado,PREEMPCAO,22,A2_L2,20
384,moderado,PREEMPCAO,22,A2_L3,21
384,moderado,PREEMPCAO,22,A2_O1,17
384,moderado,PREEMPCAO,22,A2_O2,17
384,moderado,PREEMPCAO,22,A2_O3,22
384,moderado,PREEMPCAO,22,A2_O4,18
384,moderado,PREEMPCAO,22,T1_N1,8
384,moderado,PREEMPCAO,22,T1_N2,8
384,moderado,PREEMPCAO,22,T1_S0,12
384,moderado,PREEMPCAO,22,T1_S1,10
384,moderado,PREEMPCAO,22,T2_N1,12
384,moderado,PREEMPCAO,22,T2_N2,12
384,moderado,PREEMPCAO,22,T2_S0,8
384,moderado,PREEMPCAO,22,T2_S1,9
384,moderado,PREEMPCAO,22,T3_N1,11
384,moderado,PREEMPCAO,22,T3_N2,9
384,moderado,PREEMPCAO,22,T3_S0,10
384,moderado,PREEMPCAO,22,T3_S1,11
384,moderado,PREEMPCAO,22,T4_N1,8
384,moderado,PREEMPCAO,22,T4_N2,12
384,moderado,PREEMPCAO,22,T4_S0,8
384,moderado,PREEMPCAO,22,T4_S1,10
385,moderado,PREEMPCAO_COMPENSADA,22,A1_L0,14
385,moderado,PREEMPCAO_COMPENSADA,22,A1_L1,13
385,moderado,PREEMPCAO_COMPENSADA,22,A1_L2,11
385,moderado,PREEMPCAO_COMPENSADA,22,A1_L3,20
385,moderado,PREEMPCAO_COMPENSADA,22,A1_O1,20
385,moderado,PREEMPCAO_COMPENSADA,22,A1_O2,14
385,moderado,PREEMPCAO_COMPENSADA,22,A1_O3,19
385,moderado,PREEMPCAO_COMPENSADA,22,A1_O4,14
385,moderado,PREEMPCAO_COMPENSADA,22,A2_L0,15
385,moderado,PREEMPCAO_COMPENSADA,22,A2_L1,20
385,moderado,PREEMPCAO_COMPENSADA,22,A2_L2,20
385,moderado,PREEMPCAO_COMPENSADA,22,A2_L3,20
385,moderado,PREEMPCAO_COMPENSADA,22,A2_O1,17
385,moderado,PREEMPCAO_COMPENSADA,22,A2_O2,25
385,moderado,PREEMPCAO_COMPENSADA,22,A2_O3,26
385,moderado,PREEMPCAO_COMPENSADA,22,A2_O4,22
385,moderado,PREEMPCAO_COMPENSADA,22,T1_N1,9
385,moderado,PREEMPCAO_COMPENSADA,22,T1_N2,9
385,moderado,PREEMPCAO_COMPENSADA,22,T1_S0,7
385,moderado,PREEMPCAO_COMPENSADA,22,T1_S1,13
385,moderado,PREEMPCAO_COMPENSADA,22,T2_N1,9
385,moderado,PREEMPCAO_COMPENSADA,22,T2_N2,9
385,moderado,PREEMPCAO_COMPENSADA,22,T2_S0,11
385,moderado,PREEMPCAO_COMPENSADA,22,T2_S1,9
385,moderado,PREEMPCAO_COMPENSADA,22,T3_N1,9
385,moderado,PREEMPCAO_COMPENSADA,22,T3_N2,10
385,moderado,PREEMPCAO_COMPENSADA,22,T3_S0,10
385,moderado,PREEMPCAO_COMPENSADA,22,T3_S1,12
385,moderado,PREEMPCAO_COMPENSADA,22,T4_N1,14
385,moderado,PREEMPCAO_COMPENSADA,22,T4_N2,12
385,moderado,PREEMPCAO_COMPENSADA,22,T4_S0,7
385,moderado,PREEMPCAO_COMPENSADA,22,T4_S1,12
386,intenso,FIXO,22,A1_L0,24
386,intenso,FIXO,22,A1_L1,28
386,intenso,FIXO,22,A1_L2,27
386,intenso,FIXO,22,A1_L3,28
386,intenso,FIXO,22,A1_O1,28
386,intenso,FIXO,22,A1_O2,28
386,intenso,FIXO,22,A1_O3,28
386,intenso,FIXO,22,A1_O4,20
386,intenso,FIXO,22,A2_L0,24
386,intenso,FIXO,22,A2_L1,28
386,intenso,FIXO,22,A2_L2,28
386,intenso,FIXO,22,A2_L3,28
386,intenso,FIXO,22,A2_O1,27
386,intenso,FIXO,22,A2_O2,27
386,intenso,FIXO,22,A2_O3,27
386,intenso,FIXO,22,A2_O4,23
386,intenso,FIXO,22,T1_N1,9
386,intenso,FIXO,22,T1_N2,15
386,intenso,FIXO,22,T1_S0,15
386,intenso,FIXO,22,T1_S1,10
386,intenso,FIXO,22,T2_N1,9
386,intenso,FIXO,22,T2_N2,13
386,intenso,FIXO,22,T2_S0,13
386,intenso,FIXO,22,T2_S1,9
386,intenso,FIXO,22,T3_N1,8
386,intenso,FIXO,22,T3_N2,12
386,intenso,FIXO,22,T3_S0,11
386,intenso,FIXO,22,T3_S1,9
386,intenso,FIXO,22,T4_N1,10
386,intenso,FIXO,22,T4_N2,13
386,intenso,FIXO,22,T4_S0,13
386,intenso,FIXO,22,T4_S1,9
387,intenso,PREEMPCAO,22,A1_L0,24
387,intenso,PREEMPCAO,22,A1_L1,28
387,intenso,PREEMPCAO,22,A1_L2,23
387,intenso,PREEMPCAO,22,A1_L3,23
387,intenso,PREEMPCAO,22,A1_O1,27
387,intenso,PREEMPCAO,22,A1_O2,26
387,intenso,PREEMPCAO,22,A1_O3,28
387,intenso,PREEMPCAO,22,A1_O4,20
387,intenso,PREEMPCAO,22,A2_L0,24
387,intenso,PREEMPCAO,22,A2_L1,26
387,intenso,PREEMPCAO,22,A2_L2,26
387,intenso,PREEMPCAO,22,A2_L3,28
387,intenso,PREEMPCAO,22,A2_O1,27
387,intenso,PREEMPCAO,22,A2_O2,26
387,intenso,PREEMPCAO,22,A2_O3,27
387,intenso,PREEMPCAO,22,A2_O4,24
387,intenso,PREEMPCAO,22,T1_N1,14
387,intenso,PREEMPCAO,22,T1_N2,15
387,intenso,PREEMPCAO,22,T1_S0,15
387,intenso,PREEMPCAO,22,T1_S1,15
387,intenso,PREEMPCAO,22,T2_N1,13
387,intenso,PREEMPCAO,22,T2_N2,13
387,intenso,PREEMPCAO,22,T2_S0,13
387,intenso,PREEMPCAO,22,T2_S1,12
387,intenso,PREEMPCAO,22,T3_N1,13
387,intenso,PREEMPCAO,22,T3_N2,13
387,intenso,PREEMPCAO,22,T3_S0,10
387,intenso,PREEMPCAO,22,T3_S1,8
387,intenso,PREEMPCAO,22,T4_N1,12
387,intenso,PREEMPCAO,22,T4_N2,12
387,intenso,PREEMPCAO,22,T4_S0,14
387,intenso,PREEMPCAO,22,T4_S1,10
388,intenso,PREEMPCAO_COMPENSADA,22,A1_L0,28
388,intenso,PREEMPCAO_COMPENSADA,22,A1_L1,25
388,intenso,PREEMPCAO_COMPENSADA,22,A1_L2,24
388,intenso,PREEMPCAO_COMPENSADA,22,A1_L3,26
388,intenso,PREEMPCAO_COMPENSADA,22,A1_O1,30
388,intenso,PREEMPCAO_COMPENSADA,22,A1_O2,29
388,intenso,PREEMPCAO_COMPENSADA,22,A1_O3,27
388,intenso,PREEMPCAO_COMPENSADA,22,A1_O4,28
388,intenso,PREEMPCAO_COMPENSADA,22,A2_L0,26
388,intenso,PREEMPCAO_COMPENSADA,22,A2_L1,26
388,intenso,PREEMPCAO_COMPENSADA,22,A2_L2,29
388,intenso,PREEMPCAO_COMPENSADA,22,A2_L3,27
388,intenso,PREEMPCAO_COMPENSADA,22,A2_O1,27
388,intenso,PREEMPCAO_COMPENSADA,22,A2_O2,26
388,intenso,PREEMPCAO_COMPENSADA,22,A2_O3,28
388,intenso,PREEMPCAO_COMPENSADA,22,A2_O4,21
388,intenso,PREEMPCAO_COMPENSADA,22,T1_N1,14
388,intenso,PREEMPCAO_COMPENSADA,22,T1_N2,15
388,intenso,PREEMPCAO_COMPENSADA,22,T1_S0,15
388,intenso,PREEMPCAO_COMPENSADA,22,T1_S1,15
388,intenso,PREEMPCAO_COMPENSADA,22,T2_N1,14
388,intenso,PREEMPCAO_COMPENSADA,22,T2_N2,14
388,intenso,PREEMPCAO_COMPENSADA,22,T2_S0,15
388,intenso,PREEMPCAO_COMPENSADA,22,T2_S1,13
388,intenso,PREEMPCAO_COMPENSADA,22,T3_N1,13
388,intenso,PREEMPCAO_COMPENSADA,22,T3_N2,13
388,intenso,PREEMPCAO_COMPENSADA,22,T3_S0,10
388,intenso,PREEMPCAO_COMPENSADA,22,T3_S1,15
388,intenso,PREEMPCAO_COMPENSADA,22,T4_N1,15
388,intenso,PREEMPCAO_COMPENSADA,22,T4_N2,14
388,intenso,PREEMPCAO_COMPENSADA,22,T4_S0,13
388,intenso,PREEMPCAO_COMPENSADA,22,T4_S1,14
389,multiplas_emergencias,FIXO,22,A1_L0,16
389,multiplas_emergencias,FIXO,22,A1_L1,24
389,multiplas_emergencias,FIXO,22,A1_L2,24
389,multiplas_emergencias,FIXO,22,A1_L3,24
389,multiplas_emergencias,FIXO,22,A1_O1,22
389,multiplas_emergencias,FIXO,22,A1_O2,22
389,multiplas_emergencias,FIXO,22,A1_O3,22
389,multiplas_emergencias,FIXO,22,A1_O4,14
389,multiplas_emergencias,FIXO,22,A2_L0,13
389,multiplas_emergencias,FIXO,22,A2_L1,23
389,multiplas_emergencias,FIXO,22,A2_L2,23
389,multiplas_emergencias,FIXO,22,A2_L3,24
389,multiplas_emergencias,FIXO,22,A2_O1,27
389,multiplas_emergencias,FIXO,22,A2_O2,27
389,multiplas_emergencias,FIXO,22,A2_O3,27
389,multiplas_emergencias,FIXO,22,A2_O4,16
389,multiplas_emergencias,FIXO,22,T1_N1,9
389,multiplas_emergencias,FIXO,22,T1_N2,10
389,multiplas_emergencias,FIXO,22,T1_S0,10
389,multiplas_emergencias,FIXO,22,T1_S1,8
389,multiplas_emergencias,FIXO,22,T2_N1,8
389,multiplas_emergencias,FIXO,22,T2_N2,7
389,multiplas_emergencias,FIXO,22,T2_S0,12
389,multiplas_emergencias,FIXO,22,T2_S1,8
389,multiplas_emergencias,FIXO,22,T3_N1,8
389,multiplas_emergencias,FIXO,22,T3_N2,7
389,multiplas_emergencias,FIXO,22,T3_S0,7
389,multiplas_emergencias,FIXO,22,T3_S1,8
389,multiplas_emergencias,FIXO,22,T4_N1,9
389,multiplas_emergencias,FIXO,22,T4_N2,13
389,multiplas_emergencias,FIXO,22,T4_S0,8
389,multiplas_emergencias,FIXO,22,T4_S1,8
390,multiplas_emergencias,PREEMPCAO,22,A1_L0,13
390,multiplas_emergencias,PREEMPCAO,22,A1_L1,14
390,multiplas_emergencias,PREEMPCAO,22,A1_L2,11
390,multiplas_emergencias,PREEMPCAO,22,A1_L3,13
390,multiplas_emergencias,PREEMPCAO,22,A1_O1,14
390,multiplas_emergencias,PREEMPCAO,22,A1_O2,15
390,multiplas_emergencias,PREEMPCAO,22,A1_O3,14
390,multiplas_emergencias,PREEMPCAO,22,A1_O4,13
390,multiplas_emergencias,PREEMPCAO,22,A2_L0,14
390,multiplas_emergencias,PREEMPCAO,22,A2_L1,20
390,multiplas_emergencias,PREEMPCAO,22,A2_L2,20
390,multiplas_emergencias,PREEMPCAO,22,A2_L3,24
390,multiplas_emergencias,PREEMPCAO,22,A2_O1,17
390,multiplas_emergencias,PREEMPCAO,22,A2_O2,24
390,multiplas_emergencias,PREEMPCAO,22,A2_O3,18
390,multiplas_emergencias,PREEMPCAO,22,A2_O4,13
390,multiplas_emergencias,PREEMPCAO,22,T1_N1,14
390,multiplas_emergencias,PREEMPCAO,22,T1_N2,6
390,multiplas_emergencias,PREEMPCAO,22,T1_S0,12
390,multiplas_emergencias,PREEMPCAO,22,T1_S1,10
390,multiplas_emergencias,PREEMPCAO,22,T2_N1,12
390,multiplas_emergencias,PREEMPCAO,22,T2_N2,11
390,multiplas_emergencias,PREEMPCAO,22,T2_S0,8
390,multiplas_emergencias,PREEMPCAO,22,T2_S1,10
390,multiplas_emergencias,PREEMPCAO,22,T3_N1,9
390,multiplas_emergencias,PREEMPCAO,22,T3_N2,8
390,multiplas_emergencias,PREEMPCAO,22,T3_S0,7
390,multiplas_emergencias,PREEMPCAO,22,T3_S1,7
390,multiplas_emergencias,PREEMPCAO,22,T4_N1,12
390,multiplas_emergencias,PREEMPCAO,22,T4_N2,9
390,multiplas_emergencias,PREEMPCAO,22,T4_S0,7
390,multiplas_emergencias,PREEMPCAO,22,T4_S1,8
391,multiplas_emergencias,PREEMPCAO_COMPENSADA,22,A1_L0,14
391,multiplas_emergencias,PREEMPCAO_COMPENSADA,22,A1_L1,20
391,multiplas_emergencias,PREEMPCAO_COMPENSADA,22,A1_L2,27
391,multiplas_emergencias,PREEMPCAO_COMPENSADA,22,A1_L3,13
391,multiplas_emergencias,PREEMPCAO_COMPENSADA,22,A1_O1,16
391,multiplas_emergencias,PREEMPCAO_COMPENSADA,22,A1_O2,18
391,multiplas_emergencias,PREEMPCAO_COMPENSADA,22,A1_O3,18
391,multiplas_emergencias,PREEMPCAO_COMPENSADA,22,A1_O4,18
391,multiplas_emergencias,PREEMPCAO_COMPENSADA,22,A2_L0,15
391,multiplas_emergencias,PREEMPCAO_COMPENSADA,22,A2_L1,20
391,multiplas_emergencias,PREEMPCAO_COMPENSADA,22,A2_L2,22
391,multiplas_emergencias,PREEMPCAO_COMPENSADA,22,A2_L3,14
391,multiplas_emergencias,PREEMPCAO_COMPENSADA,22,A2_O1,19
391,multiplas_emergencias,PREEMPCAO_COMPENSADA,22,A2_O2,22
391,multiplas_emergencias,PREEMPCAO_COMPENSADA,22,A2_O3,17
391,multiplas_emergencias,PREEMPCAO_COMPENSADA,22,A2_O4,18
391,multiplas_emergencias,PREEMPCAO_COMPENSADA,22,T1_N1,9
391,multiplas_emergencias,PREEMPCAO_COMPENSADA,22,T1_N2,7
391,multiplas_emergencias,PREEMPCAO_COMPENSADA,22,T1_S0,7
391,multiplas_emergencias,PREEMPCAO_COMPENSADA,22,T1_S1,11
391,multiplas_emergencias,PREEMPCAO_COMPENSADA,22,T2_N1,12
391,multiplas_emergencias,PREEMPCAO_COMPENSADA,22,T2_N2,12
391,multiplas_emergencias,PREEMPCAO_COMPENSADA,22,T2_S0,11
391,multiplas_emergencias,PREEMPCAO_COMPENSADA,22,T2_S1,8
391,multiplas_emergencias,PREEMPCAO_COMPENSADA,22,T3_N1,10
391,multiplas_emergencias,PREEMPCAO_COMPENSADA,22,T3_N2,11
391,multiplas_emergencias,PREEMPCAO_COMPENSADA,22,T3_S0,8
391,multiplas_emergencias,PREEMPCAO_COMPENSADA,22,T3_S1,7
391,multiplas_emergencias,PREEMPCAO_COMPENSADA,22,T4_N1,12
391,multiplas_emergencias,PREEMPCAO_COMPENSADA,22,T4_N2,10
391,multiplas_emergencias,PREEMPCAO_COMPENSADA,22,T4_S0,8
391,multiplas_emergencias,PREEMPCAO_COMPENSADA,22,T4_S1,8
392,multiplas_emergencias,PREEMPCAO_ML,22,A1_L0,13
392,multiplas_emergencias,PREEMPCAO_ML,22,A1_L1,12
392,multiplas_emergencias,PREEMPCAO_ML,22,A1_L2,14
392,multiplas_emergencias,PREEMPCAO_ML,22,A1_L3,10
392,multiplas_emergencias,PREEMPCAO_ML,22,A1_O1,15
392,multiplas_emergencias,PREEMPCAO_ML,22,A1_O2,14
392,multiplas_emergencias,PREEMPCAO_ML,22,A1_O3,14
392,multiplas_emergencias,PREEMPCAO_ML,22,A1_O4,13
392,multiplas_emergencias,PREEMPCAO_ML,22,A2_L0,13
392,multiplas_emergencias,PREEMPCAO_ML,22,A2_L1,21
392,multiplas_emergencias,PREEMPCAO_ML,22,A2_L2,20
392,multiplas_emergencias,PREEMPCAO_ML,22,A2_L3,22
392,multiplas_emergencias,PREEMPCAO_ML,22,A2_O1,21
392,multiplas_emergencias,PREEMPCAO_ML,22,A2_O2,19
392,multiplas_emergencias,PREEMPCAO_ML,22,A2_O3,17
392,multiplas_emergencias,PREEMPCAO_ML,22,A2_O4,17
392,multiplas_emergencias,PREEMPCAO_ML,22,T1_N1,8
392,multiplas_emergencias,PREEMPCAO_ML,22,T1_N2,10
392,multiplas_emergencias,PREEMPCAO_ML,22,T1_S0,12
392,multiplas_emergencias,PREEMPCAO_ML,22,T1_S1,12
392,multiplas_emergencias,PREEMPCAO_ML,22,T2_N1,9
392,multiplas_emergencias,PREEMPCAO_ML,22,T2_N2,10
392,multiplas_emergencias,PREEMPCAO_ML,22,T2_S0,9
392,multiplas_emergencias,PREEMPCAO_ML,22,T2_S1,13
392,multiplas_emergencias,PREEMPCAO_ML,22,T3_N1,8
392,multiplas_emergencias,PREEMPCAO_ML,22,T3_N2,13
392,multiplas_emergencias,PREEMPCAO_ML,22,T3_S0,10
392,multiplas_emergencias,PREEMPCAO_ML,22,T3_S1,10
392,multiplas_emergencias,PREEMPCAO_ML,22,T4_N1,11
392,multiplas_emergencias,PREEMPCAO_ML,22,T4_N2,12
392,multiplas_emergencias,PREEMPCAO_ML,22,T4_S0,10
392,multiplas_emergencias,PREEMPCAO_ML,22,T4_S1,11
393,leve,FIXO,23,A1_L0,7
393,leve,FIXO,23,A1_L1,12
393,leve,FIXO,23,A1_L2,11
393,leve,FIXO,23,A1_L3,11
393,leve,FIXO,23,A1_O1,11
393,leve,FIXO,23,A1_O2,11
393,leve,FIXO,23,A1_O3,11
393,leve,FIXO,23,A1_O4,5
393,leve,FIXO,23,A2_L0,9
393,leve,FIXO,23,A2_L1,12
393,leve,FIXO,23,A2_L2,12
393,leve,FIXO,23,A2_L3,12
393,leve,FIXO,23,A2_O1,16
393,leve,FIXO,23,A2_O2,16
393,leve,FIXO,23,A2_O3,16
393,leve,FIXO,23,A2_O4,9
393,leve,FIXO,23,T1_N1,6
393,leve,FIXO,23,T1_N2,5
393,leve,FIXO,23,T1_S0,5
393,leve,FIXO,23,T1_S1,6
393,leve,FIXO,23,T2_N1,6
393,leve,FIXO,23,T2_N2,5
393,leve,FIXO,23,T2_S0,5
393,leve,FIXO,23,T2_S1,6
393,leve,FIXO,23,T3_N1,6
393,leve,FIXO,23,T3_N2,5
393,leve,FIXO,23,T3_S0,5
393,leve,FIXO,23,T3_S1,6
393,leve,FIXO,23,T4_N1,8
393,leve,FIXO,23,T4_N2,4
393,leve,FIXO,23,T4_S0,6
393,leve,FIXO,23,T4_S1,7
394,leve,PREEMPCAO,23,A1_L0,7
394,leve,PREEMPCAO,23,A1_L1,10
394,leve,PREEMPCAO,23,A1_L2,10
394,leve,PREEMPCAO,23,A1_L3,10
394,leve,PREEMPCAO,23,A1_O1,10
394,leve,PREEMPCAO,23,A1_O2,9
394,leve,PREEMPCAO,23,A1_O3,10
394,leve,PREEMPCAO,23,A1_O4,6
394,leve,PREEMPCAO,23,A2_L0,12
394,leve,PREEMPCAO,23,A2_L1,11
394,leve,PREEMPCAO,23,A2_L2,14
394,leve,PREEMPCAO,23,A2_L3,11
394,leve,PREEMPCAO,23,A2_O1,11
394,leve,PREEMPCAO,23,A2_O2,11
394,leve,PREEMPCAO,23,A2_O3,11
394,leve,PREEMPCAO,23,A2_O4,9
394,leve,PREEMPCAO,23,T1_N1,7
394,leve,PREEMPCAO,23,T1_N2,6
394,leve,PREEMPCAO,23,T1_S0,6
394,leve,PREEMPCAO,23,T1_S1,5
394,leve,PREEMPCAO,23,T2_N1,5
394,leve,PREEMPCAO,23,T2_N2,4
394,leve,PREEMPCAO,23,T2_S0,4
394,leve,PREEMPCAO,23,T2_S1,5
394,leve,PREEMPCAO,23,T3_N1,6
394,leve,PREEMPCAO,23,T3_N2,3
394,leve,PREEMPCAO,23,T3_S0,6
394,leve,PREEMPCAO,23,T3_S1,7
394,leve,PREEMPCAO,23,T4_N1,7
394,leve,PREEMPCAO,23,T4_N2,4
394,leve,PREEMPCAO,23,T4_S0,6
394,leve,PREEMPCAO,23,T4_S1,7
395,leve,PREEMPCAO_COMPENSADA,23,A1_L0,7
395,leve,PREEMPCAO_COMPENSADA,23,A1_L1,12
395,leve,PREEMPCAO_COMPENSADA,23,A1_L2,10
395,leve,PREEMPCAO_COMPENSADA,23,A1_L3,12
395,leve,PREEMPCAO_COMPENSADA,23,A1_O1,11
395,leve,PREEMPCAO_COMPENSADA,23,A1_O2,11
395,leve,PREEMPCAO_COMPENSADA,23,A1_O3,9
395,leve,PREEMPCAO_COMPENSADA,23,A1_O4,8
395,leve,PREEMPCAO_COMPENSADA,23,A2_L0,8
395,leve,PREEMPCAO_COMPENSADA,23,A2_L1,11
395,leve,PREEMPCAO_COMPENSADA,23,A2_L2,12
395,leve,PREEMPCAO_COMPENSADA,23,A2_L3,12
395,leve,PREEMPCAO_COMPENSADA,23,A2_O1,13
395,leve,PREEMPCAO_COMPENSADA,23,A2_O2,9
395,leve,PREEMPCAO_COMPENSADA,23,A2_O3,9
395,leve,PREEMPCAO_COMPENSADA,23,A2_O4,8
395,leve,PREEMPCAO_COMPENSADA,23,T1_N1,7
395,leve,PREEMPCAO_COMPENSADA,23,T1_N2,6
395,leve,PREEMPCAO_COMPENSADA,23,T1_S0,5
395,leve,PREEMPCAO_COMPENSADA,23,T1_S1,9
395,leve,PREEMPCAO_COMPENSADA,23,T2_N1,5
395,leve,PREEMPCAO_COMPENSADA,23,T2_N2,5
395,leve,PREEMPCAO_COMPENSADA,23,T2_S0,5
395,leve,PREEMPCAO_COMPENSADA,23,T2_S1,7
395,leve,PREEMPCAO_COMPENSADA,23,T3_N1,7
395,leve,PREEMPCAO_COMPENSADA,23,T3_N2,4
395,leve,PREEMPCAO_COMPENSADA,23,T3_S0,6
395,leve,PREEMPCAO_COMPENSADA,23,T3_S1,5
395,leve,PREEMPCAO_COMPENSADA,23,T4_N1,7
395,leve,PREEMPCAO_COMPENSADA,23,T4_N2,7
395,leve,PREEMPCAO_COMPENSADA,23,T4_S0,6
395,leve,PREEMPCAO_COMPENSADA,23,T4_S1,6
396,moderado,FIXO,23,A1_L0,15
396,moderado,FIXO,23,A1_L1,22
396,moderado,FIXO,23,A1_L2,22
396,moderado,FIXO,23,A1_L3,22
396,moderado,FIXO,23,A1_O1,23
396,moderado,FIXO,23,A1_O2,23
396,moderado,FIXO,23,A1_O3,23
396,moderado,FIXO,23,A1_O4,17
396,moderado,FIXO,23,A2_L0,16
396,moderado,FIXO,23,A2_L1,23
396,moderado,FIXO,23,A2_L2,23
396,moderado,FIXO,23,A2_L3,23
396,moderado,FIXO,23,A2_O1,22
396,moderado,FIXO,23,A2_O2,22
396,moderado,FIXO,23,A2_O3,22
396,moderado,FIXO,23,A2_O4,12
396,moderado,FIXO,23,T1_N1,9
396,moderado,FIXO,23,T1_N2,10
396,moderado,FIXO,23,T1_S0,10
396,moderado,FIXO,23,T1_S1,8
396,moderado,FIXO,23,T2_N1,8
396,moderado,FIXO,23,T2_N2,8
396,moderado,FIXO,23,T2_S0,8
396,moderado,FIXO,23,T2_S1,7
396,moderado,FIXO,23,T3_N1,9
396,moderado,FIXO,23,T3_N2,9
396,moderado,FIXO,23,T3_S0,10
396,moderado,FIXO,23,T3_S1,8
396,moderado,FIXO,23,T4_N1,9
396,moderado,FIXO,23,T4_N2,7
396,moderado,FIXO,23,T4_S0,8
396,moderado,FIXO,23,T4_S1,8
397,moderado,PREEMPCAO,23,A1_L0,14
397,moderado,PREEMPCAO,23,A1_L1,21
397,moderado,PREEMPCAO,23,A1_L2,21
397,moderado,PREEMPCAO,23,A1_L3,24
397,moderado,PREEMPCAO,23,A1_O1,20
397,moderado,PREEMPCAO,23,A1_O2,19
397,moderado,PREEMPCAO,23,A1_O3,23
397,moderado,PREEMPCAO,23,A1_O4,17
397,moderado,PREEMPCAO,23,A2_L0,12
397,moderado,PREEMPCAO,23,A2_L1,18
397,moderado,PREEMPCAO,23,A2_L2,18
397,moderado,PREEMPCAO,23,A2_L3,26
397,moderado,PREEMPCAO,23,A2_O1,17
397,moderado,PREEMPCAO,23,A2_O2,17
397,moderado,PREEMPCAO,23,A2_O3,23
397,moderado,PREEMPCAO,23,A2_O4,13
397,moderado,PREEMPCAO,23,T1_N1,10
397,moderado,PREEMPCAO,23,T1_N2,10
397,moderado,PREEMPCAO,23,T1_S0,10
397,moderado,PREEMPCAO,23,T1_S1,11
397,moderado,PREEMPCAO,23,T2_N1,8
397,moderado,PREEMPCAO,23,T2_N2,8
397,moderado,PREEMPCAO,23,T2_S0,8
397,moderado,PREEMPCAO,23,T2_S1,8
397,moderado,PREEMPCAO,23,T3_N1,11
397,moderado,PREEMPCAO,23,T3_N2,8
397,moderado,PREEMPCAO,23,T3_S0,11
397,moderado,PREEMPCAO,23,T3_S1,12
397,moderado,PREEMPCAO,23,T4_N1,9
397,moderado,PREEMPCAO,23,T4_N2,8
397,moderado,PREEMPCAO,23,T4_S0,8
397,moderado,PREEMPCAO,23,T4_S1,11
398,moderado,PREEMPCAO_COMPENSADA,23,A1_L0,14
398,moderado,PREEMPCAO_COMPENSADA,23,A1_L1,21
398,moderado,PREEMPCAO_COMPENSADA,23,A1_L2,21
398,moderado,PREEMPCAO_COMPENSADA,23,A1_L3,24
398,moderado,PREEMPCAO_COMPENSADA,23,A1_O1,24
398,moderado,PREEMPCAO_COMPENSADA,23,A1_O2,25
398,moderado,PREEMPCAO_COMPENSADA,23,A1_O3,24
398,moderado,PREEMPCAO_COMPENSADA,23,A1_O4,17
398,moderado,PREEMPCAO_COMPENSADA,23,A2_L0,18
398,moderado,PREEMPCAO_COMPENSADA,23,A2_L1,21
398,moderado,PREEMPCAO_COMPENSADA,23,A2_L2,18
398,moderado,PREEMPCAO_COMPENSADA,23,A2_L3,24
398,moderado,PREEMPCAO_COMPENSADA,23,A2_O1,18
398,moderado,PREEMPCAO_COMPENSADA,23,A2_O2,23
398,moderado,PREEMPCAO_COMPENSADA,23,A2_O3,21
398,moderado,PREEMPCAO_COMPENSADA,23,A2_O4,14
398,moderado,PREEMPCAO_COMPENSADA,23,T1_N1,13
398,moderado,PREEMPCAO_COMPENSADA,23,T1_N2,10
398,moderado,PREEMPCAO_COMPENSADA,23,T1_S0,9
398,moderado,PREEMPCAO_COMPENSADA,23,T1_S1,9
398,moderado,PREEMPCAO_COMPENSADA,23,T2_N1,9
398,moderado,PREEMPCAO_COMPENSADA,23,T2_N2,9
398,moderado,PREEMPCAO_COMPENSADA,23,T2_S0,8
398,moderado,PREEMPCAO_COMPENSADA,23,T2_S1,10
398,moderado,PREEMPCAO_COMPENSADA,23,T3_N1,9
398,moderado,PREEMPCAO_COMPENSADA,23,T3_N2,9
398,moderado,PREEMPCAO_COMPENSADA,23,T3_S0,9
398,moderado,PREEMPCAO_COMPENSADA,23,T3_S1,10
398,moderado,PREEMPCAO_COMPENSADA,23,T4_N1,10
398,moderado,PREEMPCAO_COMPENSADA,23,T4_N2,9
398,moderado,PREEMPCAO_COMPENSADA,23,T4_S0,8
398,moderado,PREEMPCAO_COMPENSADA,23,T4_S1,11
399,intenso,FIXO,23,A1_L0,26
399,intenso,FIXO,23,A1_L1,28
399,intenso,FIXO,23,A1_L2,28
399,intenso,FIXO,23,A1_L3,28
399,intenso,FIXO,23,A1_O1,28
399,intenso,FIXO,23,A1_O2,28
399,intenso,FIXO,23,A1_O3,27
399,intenso,FIXO,23,A1_O4,20
399,intenso,FIXO,23,A2_L0,23
399,intenso,FIXO,23,A2_L1,28
399,intenso,FIXO,23,A2_L2,28
399,intenso,FIXO,23,A2_L3,28
399,intenso,FIXO,23,A2_O1,28
399,intenso,FIXO,23,A2_O2,28
399,intenso,FIXO,23,A2_O3,28
399,intenso,FIXO,23,A2_O4,28
399,intenso,FIXO,23,T1_N1,9
399,intenso,FIXO,23,T1_N2,12
399,intenso,FIXO,23,T1_S0,14
399,intenso,FIXO,23,T1_S1,9
399,intenso,FIXO,23,T2_N1,9
399,intenso,FIXO,23,T2_N2,11
399,intenso,FIXO,23,T2_S0,13
399,intenso,FIXO,23,T2_S1,10
399,intenso,FIXO,23,T3_N1,9
399,intenso,FIXO,23,T3_N2,15
399,intenso,FIXO,23,T3_S0,14
399,intenso,FIXO,23,T3_S1,10
399,intenso,FIXO,23,T4_N1,10
399,intenso,FIXO,23,T4_N2,14
399,intenso,FIXO,23,T4_S0,15
399,intenso,FIXO,23,T4_S1,10
400,intenso,PREEMPCAO,23,A1_L0,23
400,intenso,PREEMPCAO,23,A1_L1,28
400,intenso,PREEMPCAO,23,A1_L2,28
400,intenso,PREEMPCAO,23,A1_L3,28
400,intenso,PREEMPCAO,23,A1_O1,28
400,intenso,PREEMPCAO,23,A1_O2,28
400,intenso,PREEMPCAO,23,A1_O3,27
400,intenso,PREEMPCAO,23,A1_O4,24
400,intenso,PREEMPCAO,23,A2_L0,21
400,intenso,PREEMPCAO,23,A2_L1,27
400,intenso,PREEMPCAO,23,A2_L2,28
400,intenso,PREEMPCAO,23,A2_L3,30
400,intenso,PREEMPCAO,23,A2_O1,26
400,intenso,PREEMPCAO,23,A2_O2,28
400,intenso,PREEMPCAO,23,A2_O3,25
400,intenso,PREEMPCAO,23,A2_O4,27
400,intenso,PREEMPCAO,23,T1_N1,13
400,intenso,PREEMPCAO,23,T1_N2,14
400,intenso,PREEMPCAO,23,T1_S0,14
400,intenso,PREEMPCAO,23,T1_S1,15
400,intenso,PREEMPCAO,23,T2_N1,13
400,intenso,PREEMPCAO,23,T2_N2,13
400,intenso,PREEMPCAO,23,T2_S0,15
400,intenso,PREEMPCAO,23,T2_S1,15
400,intenso,PREEMPCAO,23,T3_N1,15
400,intenso,PREEMPCAO,23,T3_N2,15
400,intenso,PREEMPCAO,23,T3_S0,15
400,intenso,PREEMPCAO,23,T3_S1,13
400,intenso,PREEMPCAO,23,T4_N1,12
400,intenso,PREEMPCAO,23,T4_N2,14
400,intenso,PREEMPCAO,23,T4_S0,14
400,intenso,PREEMPCAO,23,T4_S1,13
401,intenso,PREEMPCAO_COMPENSADA,23,A1_L0,30
401,intenso,PREEMPCAO_COMPENSADA,23,A1_L1,28
401,intenso,PREEMPCAO_COMPENSADA,23,A1_L2,29
401,intenso,PREEMPCAO_COMPENSADA,23,A1_L3,28
401,intenso,PREEMPCAO_COMPENSADA,23,A1_O1,28
401,intenso,PREEMPCAO_COMPENSADA,23,A1_O2,29
401,intenso,PREEMPCAO_COMPENSADA,23,A1_O3,28
401,intenso,PREEMPCAO_COMPENSADA,23,A1_O4,27
401,intenso,PREEMPCAO_COMPENSADA,23,A2_L0,27
401,intenso,PREEMPCAO_COMPENSADA,23,A2_L1,29
401,intenso,PREEMPCAO_COMPENSADA,23,A2_L2,27
401,intenso,PREEMPCAO_COMPENSADA,23,A2_L3,27
401,intenso,PREEMPCAO_COMPENSADA,23,A2_O1,28
401,intenso,PREEMPCAO_COMPENSADA,23,A2_O2,27
401,intenso,PREEMPCAO_COMPENSADA,23,A2_O3,30
401,intenso,PREEMPCAO_COMPENSADA,23,A2_O4,28
401,intenso,PREEMPCAO_COMPENSADA,23,T1_N1,14
401,intenso,PREEMPCAO_COMPENSADA,23,T1_N2,15
401,intenso,PREEMPCAO_COMPENSADA,23,T1_S0,12
401,intenso,PREEMPCAO_COMPENSADA,23,T1_S1,15
401,intenso,PREEMPCAO_COMPENSADA,23,T2_N1,13
401,intenso,PREEMPCAO_COMPENSADA,23,T2_N2,14
401,intenso,PREEMPCAO_COMPENSADA,23,T2_S0,13
401,intenso,PREEMPCAO_COMPENSADA,23,T2_S1,13
401,intenso,PREEMPCAO_COMPENSADA,23,T3_N1,15
401,intenso,PREEMPCAO_COMPENSADA,23,T3_N2,15
401,intenso,PREEMPCAO_COMPENSADA,23,T3_S0,15
401,intenso,PREEMPCAO_COMPENSADA,23,T3_S1,13
401,intenso,PREEMPCAO_COMPENSADA,23,T4_N1,13
401,intenso,PREEMPCAO_COMPENSADA,23,T4_N2,13
401,intenso,PREEMPCAO_COMPENSADA,23,T4_S0,13
401,intenso,PREEMPCAO_COMPENSADA,23,T4_S1,15
402,multiplas_emergencias,FIXO,23,A1_L0,15
402,multiplas_emergencias,FIXO,23,A1_L1,22
402,multiplas_emergencias,FIXO,23,A1_L2,22
402,multiplas_emergencias,FIXO,23,A1_L3,22
402,multiplas_emergencias,FIXO,23,A1_O1,23
402,multiplas_emergencias,FIXO,23,A1_O2,23
402,multiplas_emergencias,FIXO,23,A1_O3,23
402,multiplas_emergencias,FIXO,23,A1_O4,17
402,multiplas_emergencias,FIXO,23,A2_L0,16
402,multiplas_emergencias,FIXO,23,A2_L1,23
402,multiplas_emergencias,FIXO,23,A2_L2,23
402,multiplas_emergencias,FIXO,23,A2_L3,23
402,multiplas_emergencias,FIXO,23,A2_O1,22
402,multiplas_emergencias,FIXO,23,A2_O2,22
402,multiplas_emergencias,FIXO,23,A2_O3,22
402,multiplas_emergencias,FIXO,23,A2_O4,12
402,multiplas_emergencias,FIXO,23,T1_N1,9
402,multiplas_emergencias,FIXO,23,T1_N2,10
402,multiplas_emergencias,FIXO,23,T1_S0,10
402,multiplas_emergencias,FIXO,23,T1_S1,8
402,multiplas_emergencias,FIXO,23,T2_N1,8
402,multiplas_emergencias,FIXO,23,T2_N2,8
402,multiplas_emergencias,FIXO,23,T2_S0,8
402,multiplas_emergencias,FIXO,23,T2_S1,8
402,multiplas_emergencias,FIXO,23,T3_N1,8
402,multiplas_emergencias,FIXO,23,T3_N2,9
402,multiplas_emergencias,FIXO,23,T3_S0,10
402,multiplas_emergencias,FIXO,23,T3_S1,8
402,multiplas_emergencias,FIXO,23,T4_N1,9
402,multiplas_emergencias,FIXO,23,T4_N2,7
402,multiplas_emergencias,FIXO,23,T4_S0,8
402,multiplas_emergencias,FIXO,23,T4_S1,8
403,multiplas_emergencias,PREEMPCAO,23,A1_L0,14
403,multiplas_emergencias,PREEMPCAO,23,A1_L1,21
403,multiplas_emergencias,PREEMPCAO,23,A1_L2,21
403,multiplas_emergencias,PREEMPCAO,23,A1_L3,21
403,multiplas_emergencias,PREEMPCAO,23,A1_O1,18
403,multiplas_emergencias,PREEMPCAO,23,A1_O2,19
403,multiplas_emergencias,PREEMPCAO,23,A1_O3,19
403,multiplas_emergencias,PREEMPCAO,23,A1_O4,17
403,multiplas_emergencias,PREEMPCAO,23,A2_L0,11
403,multiplas_emergencias,PREEMPCAO,23,A2_L1,20
403,multiplas_emergencias,PREEMPCAO,23,A2_L2,18
403,multiplas_emergencias,PREEMPCAO,23,A2_L3,21
403,multiplas_emergencias,PREEMPCAO,23,A2_O1,18
403,multiplas_emergencias,PREEMPCAO,23,A2_O2,20
403,multiplas_emergencias,PREEMPCAO,23,A2_O3,19
403,multiplas_emergencias,PREEMPCAO,23,A2_O4,15
403,multiplas_emergencias,PREEMPCAO,23,T1_N1,10
403,multiplas_emergencias,PREEMPCAO,23,T1_N2,10
403,multiplas_emergencias,PREEMPCAO,23,T1_S0,10
403,multiplas_emergencias,PREEMPCAO,23,T1_S1,11
403,multiplas_emergencias,PREEMPCAO,23,T2_N1,10
403,multiplas_emergencias,PREEMPCAO,23,T2_N2,9
403,multiplas_emergencias,PREEMPCAO,23,T2_S0,7
403,multiplas_emergencias,PREEMPCAO,23,T2_S1,10
403,multiplas_emergencias,PREEMPCAO,23,T3_N1,11
403,multiplas_emergencias,PREEMPCAO,23,T3_N2,7
403,multiplas_emergencias,PREEMPCAO,23,T3_S0,10
403,multiplas_emergencias,PREEMPCAO,23,T3_S1,7
403,multiplas_emergencias,PREEMPCAO,23,T4_N1,10
403,multiplas_emergencias,PREEMPCAO,23,T4_N2,7
403,multiplas_emergencias,PREEMPCAO,23,T4_S0,8
403,multiplas_emergencias,PREEMPCAO,23,T4_S1,11
404,multiplas_emergencias,PREEMPCAO_COMPENSADA,23,A1_L0,14
404,multiplas_emergencias,PREEMPCAO_COMPENSADA,23,A1_L1,21
404,multiplas_emergencias,PREEMPCAO_COMPENSADA,23,A1_L2,21
404,multiplas_emergencias,PREEMPCAO_COMPENSADA,23,A1_L3,21
404,multiplas_emergencias,PREEMPCAO_COMPENSADA,23,A1_O1,22
404,multiplas_emergencias,PREEMPCAO_COMPENSADA,23,A1_O2,22
404,multiplas_emergencias,PREEMPCAO_COMPENSADA,23,A1_O3,20
404,multiplas_emergencias,PREEMPCAO_COMPENSADA,23,A1_O4,17
404,multiplas_emergencias,PREEMPCAO_COMPENSADA,23,A2_L0,12
404,multiplas_emergencias,PREEMPCAO_COMPENSADA,23,A2_L1,20
404,multiplas_emergencias,PREEMPCAO_COMPENSADA,23,A2_L2,24
404,multiplas_emergencias,PREEMPCAO_COMPENSADA,23,A2_L3,25
404,multiplas_emergencias,PREEMPCAO_COMPENSADA,23,A2_O1,19
404,multiplas_emergencias,PREEMPCAO_COMPENSADA,23,A2_O2,21
404,multiplas_emergencias,PREEMPCAO_COMPENSADA,23,A2_O3,23
404,multiplas_emergencias,PREEMPCAO_COMPENSADA,23,A2_O4,15
404,multiplas_emergencias,PREEMPCAO_COMPENSADA,23,T1_N1,10
404,multiplas_emergencias,PREEMPCAO_COMPENSADA,23,T1_N2,10
404,multiplas_emergencias,PREEMPCAO_COMPENSADA,23,T1_S0,9
404,multiplas_emergencias,PREEMPCAO_COMPENSADA,23,T1_S1,9
404,multiplas_emergencias,PREEMPCAO_COMPENSADA,23,T2_N1,10
404,multiplas_emergencias,PREEMPCAO_COMPENSADA,23,T2_N2,10
404,multiplas_emergencias,PREEMPCAO_COMPENSADA,23,T2_S0,7
404,multiplas_emergencias,PREEMPCAO_COMPENSADA,23,T2_S1,10
404,multiplas_emergencias,PREEMPCAO_COMPENSADA,23,T3_N1,11
404,multiplas_emergencias,PREEMPCAO_COMPENSADA,23,T3_N2,8
404,multiplas_emergencias,PREEMPCAO_COMPENSADA,23,T3_S0,9
404,multiplas_emergencias,PREEMPCAO_COMPENSADA,23,T3_S1,9
404,multiplas_emergencias,PREEMPCAO_COMPENSADA,23,T4_N1,10
404,multiplas_emergencias,PREEMPCAO_COMPENSADA,23,T4_N2,8
404,multiplas_emergencias,PREEMPCAO_COMPENSADA,23,T4_S0,9
404,multiplas_emergencias,PREEMPCAO_COMPENSADA,23,T4_S1,10
405,multiplas_emergencias,PREEMPCAO_ML,23,A1_L0,14
405,multiplas_emergencias,PREEMPCAO_ML,23,A1_L1,21
405,multiplas_emergencias,PREEMPCAO_ML,23,A1_L2,21
405,multiplas_emergencias,PREEMPCAO_ML,23,A1_L3,24
405,multiplas_emergencias,PREEMPCAO_ML,23,A1_O1,20
405,multiplas_emergencias,PREEMPCAO_ML,23,A1_O2,20
405,multiplas_emergencias,PREEMPCAO_ML,23,A1_O3,19
405,multiplas_emergencias,PREEMPCAO_ML,23,A1_O4,17
405,multiplas_emergencias,PREEMPCAO_ML,23,A2_L0,11
405,multiplas_emergencias,PREEMPCAO_ML,23,A2_L1,18
405,multiplas_emergencias,PREEMPCAO_ML,23,A2_L2,18
405,multiplas_emergencias,PREEMPCAO_ML,23,A2_L3,24
405,multiplas_emergencias,PREEMPCAO_ML,23,A2_O1,16
405,multiplas_emergencias,PREEMPCAO_ML,23,A2_O2,16
405,multiplas_emergencias,PREEMPCAO_ML,23,A2_O3,19
405,multiplas_emergencias,PREEMPCAO_ML,23,A2_O4,14
405,multiplas_emergencias,PREEMPCAO_ML,23,T1_N1,11
405,multiplas_emergencias,PREEMPCAO_ML,23,T1_N2,10
405,multiplas_emergencias,PREEMPCAO_ML,23,T1_S0,10
405,multiplas_emergencias,PREEMPCAO_ML,23,T1_S1,9
405,multiplas_emergencias,PREEMPCAO_ML,23,T2_N1,13
405,multiplas_emergencias,PREEMPCAO_ML,23,T2_N2,10
405,multiplas_emergencias,PREEMPCAO_ML,23,T2_S0,7
405,multiplas_emergencias,PREEMPCAO_ML,23,T2_S1,9
405,multiplas_emergencias,PREEMPCAO_ML,23,T3_N1,9
405,multiplas_emergencias,PREEMPCAO_ML,23,T3_N2,8
405,multiplas_emergencias,PREEMPCAO_ML,23,T3_S0,10
405,multiplas_emergencias,PREEMPCAO_ML,23,T3_S1,13
405,multiplas_emergencias,PREEMPCAO_ML,23,T4_N1,9
405,multiplas_emergencias,PREEMPCAO_ML,23,T4_N2,7
405,multiplas_emergencias,PREEMPCAO_ML,23,T4_S0,10
405,multiplas_emergencias,PREEMPCAO_ML,23,T4_S1,8
406,leve,FIXO,24,A1_L0,7
406,leve,FIXO,24,A1_L1,11
406,leve,FIXO,24,A1_L2,10
406,leve,FIXO,24,A1_L3,10
406,leve,FIXO,24,A1_O1,10
406,leve,FIXO,24,A1_O2,10
406,leve,FIXO,24,A1_O3,10
406,leve,FIXO,24,A1_O4,7
406,leve,FIXO,24,A2_L0,6
406,leve,FIXO,24,A2_L1,10
406,leve,FIXO,24,A2_L2,10
406,leve,FIXO,24,A2_L3,10
406,leve,FIXO,24,A2_O1,13
406,leve,FIXO,24,A2_O2,13
406,leve,FIXO,24,A2_O3,13
406,leve,FIXO,24,A2_O4,9
406,leve,FIXO,24,T1_N1,5
406,leve,FIXO,24,T1_N2,6
406,leve,FIXO,24,T1_S0,4
406,leve,FIXO,24,T1_S1,6
406,leve,FIXO,24,T2_N1,7
406,leve,FIXO,24,T2_N2,5
406,leve,FIXO,24,T2_S0,3
406,leve,FIXO,24,T2_S1,5
406,leve,FIXO,24,T3_N1,5
406,leve,FIXO,24,T3_N2,4
406,leve,FIXO,24,T3_S0,6
406,leve,FIXO,24,T3_S1,6
406,leve,FIXO,24,T4_N1,6
406,leve,FIXO,24,T4_N2,4
406,leve,FIXO,24,T4_S0,5
406,leve,FIXO,24,T4_S1,5
407,leve,PREEMPCAO,24,A1_L0,6
407,leve,PREEMPCAO,24,A1_L1,6
407,leve,PREEMPCAO,24,A1_L2,9
407,leve,PREEMPCAO,24,A1_L3,6
407,leve,PREEMPCAO,24,A1_O1,8
407,leve,PREEMPCAO,24,A1_O2,12
407,leve,PREEMPCAO,24,A1_O3,10
407,leve,PREEMPCAO,24,A1_O4,7
407,leve,PREEMPCAO,24,A2_L0,8
407,leve,PREEMPCAO,24,A2_L1,8
407,leve,PREEMPCAO,24,A2_L2,8
407,leve,PREEMPCAO,24,A2_L3,8
407,leve,PREEMPCAO,24,A2_O1,10
407,leve,PREEMPCAO,24,A2_O2,10
407,leve,PREEMPCAO,24,A2_O3,13
407,leve,PREEMPCAO,24,A2_O4,9
407,leve,PREEMPCAO,24,T1_N1,5
407,leve,PREEMPCAO,24,T1_N2,4
407,leve,PREEMPCAO,24,T1_S0,4
407,leve,PREEMPCAO,24,T1_S1,4
407,leve,PREEMPCAO,24,T2_N1,6
407,leve,PREEMPCAO,24,T2_N2,4
407,leve,PREEMPCAO,24,T2_S0,5
407,leve,PREEMPCAO,24,T2_S1,5
407,leve,PREEMPCAO,24,T3_N1,7
407,leve,PREEMPCAO,24,T3_N2,6
407,leve,PREEMPCAO,24,T3_S0,6
407,leve,PREEMPCAO,24,T3_S1,6
407,leve,PREEMPCAO,24,T4_N1,6
407,leve,PREEMPCAO,24,T4_N2,4
407,leve,PREEMPCAO,24,T4_S0,4
407,leve,PREEMPCAO,24,T4_S1,5
408,leve,PREEMPCAO_COMPENSADA,24,A1_L0,7
408,leve,PREEMPCAO_COMPENSADA,24,A1_L1,8
408,leve,PREEMPCAO_COMPENSADA,24,A1_L2,7
408,leve,PREEMPCAO_COMPENSADA,24,A1_L3,7
408,leve,PREEMPCAO_COMPENSADA,24,A1_O1,8
408,leve,PREEMPCAO_COMPENSADA,24,A1_O2,12
408,leve,PREEMPCAO_COMPENSADA,24,A1_O3,10
408,leve,PREEMPCAO_COMPENSADA,24,A1_O4,8
408,leve,PREEMPCAO_COMPENSADA,24,A2_L0,6
408,leve,PREEMPCAO_COMPENSADA,24,A2_L1,8
408,leve,PREEMPCAO_COMPENSADA,24,A2_L2,8
408,leve,PREEMPCAO_COMPENSADA,24,A2_L3,8
408,leve,PREEMPCAO_COMPENSADA,24,A2_O1,10
408,leve,PREEMPCAO_COMPENSADA,24,A2_O2,10
408,leve,PREEMPCAO_COMPENSADA,24,A2_O3,10
408,leve,PREEMPCAO_COMPENSADA,24,A2_O4,9
408,leve,PREEMPCAO_COMPENSADA,24,T1_N1,6
408,leve,PREEMPCAO_COMPENSADA,24,T1_N2,6
408,leve,PREEMPCAO_COMPENSADA,24,T1_S0,4
408,leve,PREEMPCAO_COMPENSADA,24,T1_S1,5
408,leve,PREEMPCAO_COMPENSADA,24,T2_N1,5
408,leve,PREEMPCAO_COMPENSADA,24,T2_N2,4
408,leve,PREEMPCAO_COMPENSADA,24,T2_S0,4
408,leve,PREEMPCAO_COMPENSADA,24,T2_S1,6
408,leve,PREEMPCAO_COMPENSADA,24,T3_N1,5
408,leve,PREEMPCAO_COMPENSADA,24,T3_N2,5
408,leve,PREEMPCAO_COMPENSADA,24,T3_S0,6
408,leve,PREEMPCAO_COMPENSADA,24,T3_S1,6
408,leve,PREEMPCAO_COMPENSADA,24,T4_N1,4
408,leve,PREEMPCAO_COMPENSADA,24,T4_N2,6
408,leve,PREEMPCAO_COMPENSADA,24,T4_S0,5
408,leve,PREEMPCAO_COMPENSADA,24,T4_S1,6
409,moderado,FIXO,24,A1_L0,10
409,moderado,FIXO,24,A1_L1,21
409,moderado,FIXO,24,A1_L2,21
409,moderado,FIXO,24,A1_L3,21
409,moderado,FIXO,24,A1_O1,21
409,moderado,FIXO,24,A1_O2,21
409,moderado,FIXO,24,A1_O3,21
409,moderado,FIXO,24,A1_O4,13
409,moderado,FIXO,24,A2_L0,14
409,moderado,FIXO,24,A2_L1,21
409,moderado,FIXO,24,A2_L2,21
409,moderado,FIXO,24,A2_L3,21
409,moderado,FIXO,24,A2_O1,25
409,moderado,FIXO,24,A2_O2,25
409,moderado,FIXO,24,A2_O3,25
409,moderado,FIXO,24,A2_O4,16
409,moderado,FIXO,24,T1_N1,9
409,moderado,FIXO,24,T1_N2,9
409,moderado,FIXO,24,T1_S0,6
409,moderado,FIXO,24,T1_S1,9
409,moderado,FIXO,24,T2_N1,8
409,moderado,FIXO,24,T2_N2,7
409,moderado,FIXO,24,T2_S0,8
409,moderado,FIXO,24,T2_S1,9
409,moderado,FIXO,24,T3_N1,9
409,moderado,FIXO,24,T3_N2,13
409,moderado,FIXO,24,T3_S0,6
409,moderado,FIXO,24,T3_S1,8
409,moderado,FIXO,24,T4_N1,8
409,moderado,FIXO,24,T4_N2,8
409,moderado,FIXO,24,T4_S0,8
409,moderado,FIXO,24,T4_S1,8
410,moderado,PREEMPCAO,24,A1_L0,12
410,moderado,PREEMPCAO,24,A1_L1,13
410,moderado,PREEMPCAO,24,A1_L2,22
410,moderado,PREEMPCAO,24,A1_L3,14
410,moderado,PREEMPCAO,24,A1_O1,17
410,moderado,PREEMPCAO,24,A1_O2,18
410,moderado,PREEMPCAO,24,A1_O3,21
410,moderado,PREEMPCAO,24,A1_O4,15
410,moderado,PREEMPCAO,24,A2_L0,13
410,moderado,PREEMPCAO,24,A2_L1,17
410,moderado,PREEMPCAO,24,A2_L2,17
410,moderado,PREEMPCAO,24,A2_L3,22
410,moderado,PREEMPCAO,24,A2_O1,16
410,moderado,PREEMPCAO,24,A2_O2,16
410,moderado,PREEMPCAO,24,A2_O3,20
410,moderado,PREEMPCAO,24,A2_O4,14
410,moderado,PREEMPCAO,24,T1_N1,9
410,moderado,PREEMPCAO,24,T1_N2,9
410,moderado,PREEMPCAO,24,T1_S0,7
410,moderado,PREEMPCAO,24,T1_S1,8
410,moderado,PREEMPCAO,24,T2_N1,12
410,moderado,PREEMPCAO,24,T2_N2,8
410,moderado,PREEMPCAO,24,T2_S0,7
410,moderado,PREEMPCAO,24,T2_S1,9
410,moderado,PREEMPCAO,24,T3_N1,7
410,moderado,PREEMPCAO,24,T3_N2,13
410,moderado,PREEMPCAO,24,T3_S0,7
410,moderado,PREEMPCAO,24,T3_S1,8
410,moderado,PREEMPCAO,24,T4_N1,10
410,moderado,PREEMPCAO,24,T4_N2,10
410,moderado,PREEMPCAO,24,T4_S0,7
410,moderado,PREEMPCAO,24,T4_S1,9
411,moderado,PREEMPCAO_COMPENSADA,24,A1_L0,11
411,moderado,PREEMPCAO_COMPENSADA,24,A1_L1,15
411,moderado,PREEMPCAO_COMPENSADA,24,A1_L2,19
411,moderado,PREEMPCAO_COMPENSADA,24,A1_L3,18
411,moderado,PREEMPCAO_COMPENSADA,24,A1_O1,20
411,moderado,PREEMPCAO_COMPENSADA,24,A1_O2,23
411,moderado,PREEMPCAO_COMPENSADA,24,A1_O3,21
411,moderado,PREEMPCAO_COMPENSADA,24,A1_O4,14
411,moderado,PREEMPCAO_COMPENSADA,24,A2_L0,16
411,moderado,PREEMPCAO_COMPENSADA,24,A2_L1,17
411,moderado,PREEMPCAO_COMPENSADA,24,A2_L2,21
411,moderado,PREEMPCAO_COMPENSADA,24,A2_L3,21
411,moderado,PREEMPCAO_COMPENSADA,24,A2_O1,16
411,moderado,PREEMPCAO_COMPENSADA,24,A2_O2,16
411,moderado,PREEMPCAO_COMPENSADA,24,A2_O3,23
411,moderado,PREEMPCAO_COMPENSADA,24,A2_O4,14
411,moderado,PREEMPCAO_COMPENSADA,24,T1_N1,9
411,moderado,PREEMPCAO_COMPENSADA,24,T1_N2,9
411,moderado,PREEMPCAO_COMPENSADA,24,T1_S0,6
411,moderado,PREEMPCAO_COMPENSADA,24,T1_S1,9
411,moderado,PREEMPCAO_COMPENSADA,24,T2_N1,10
411,moderado,PREEMPCAO_COMPENSADA,24,T2_N2,8
411,moderado,PREEMPCAO_COMPENSADA,24,T2_S0,7
411,moderado,PREEMPCAO_COMPENSADA,24,T2_S1,9
411,moderado,PREEMPCAO_COMPENSADA,24,T3_N1,9
411,moderado,PREEMPCAO_COMPENSADA,24,T3_N2,9
411,moderado,PREEMPCAO_COMPENSADA,24,T3_S0,6
411,moderado,PREEMPCAO_COMPENSADA,24,T3_S1,10
411,moderado,PREEMPCAO_COMPENSADA,24,T4_N1,12
411,moderado,PREEMPCAO_COMPENSADA,24,T4_N2,9
411,moderado,PREEMPCAO_COMPENSADA,24,T4_S0,7
411,moderado,PREEMPCAO_COMPENSADA,24,T4_S1,11
412,intenso,FIXO,24,A1_L0,23
412,intenso,FIXO,24,A1_L1,27
412,intenso,FIXO,24,A1_L2,27
412,intenso,FIXO,24,A1_L3,27
412,intenso,FIXO,24,A1_O1,28
412,intenso,FIXO,24,A1_O2,28
412,intenso,FIXO,24,A1_O3,28
412,intenso,FIXO,24,A1_O4,20
412,intenso,FIXO,24,A2_L0,20
412,intenso,FIXO,24,A2_L1,28
412,intenso,FIXO,24,A2_L2,28
412,intenso,FIXO,24,A2_L3,28
412,intenso,FIXO,24,A2_O1,28
412,intenso,FIXO,24,A2_O2,28
412,intenso,FIXO,24,A2_O3,28
412,intenso,FIXO,24,A2_O4,22
412,intenso,FIXO,24,T1_N1,10
412,intenso,FIXO,24,T1_N2,15
412,intenso,FIXO,24,T1_S0,15
412,intenso,FIXO,24,T1_S1,10
412,intenso,FIXO,24,T2_N1,10
412,intenso,FIXO,24,T2_N2,15
412,intenso,FIXO,24,T2_S0,15
412,intenso,FIXO,24,T2_S1,9
412,intenso,FIXO,24,T3_N1,9
412,intenso,FIXO,24,T3_N2,15
412,intenso,FIXO,24,T3_S0,15
412,intenso,FIXO,24,T3_S1,10
412,intenso,FIXO,24,T4_N1,9
412,intenso,FIXO,24,T4_N2,14
412,intenso,FIXO,24,T4_S0,15
412,intenso,FIXO,24,T4_S1,9
413,intenso,PREEMPCAO,24,A1_L0,22
413,intenso,PREEMPCAO,24,A1_L1,22
413,intenso,PREEMPCAO,24,A1_L2,22
413,intenso,PREEMPCAO,24,A1_L3,22
413,intenso,PREEMPCAO,24,A1_O1,25
413,intenso,PREEMPCAO,24,A1_O2,25
413,intenso,PREEMPCAO,24,A1_O3,27
413,intenso,PREEMPCAO,24,A1_O4,16
413,intenso,PREEMPCAO,24,A2_L0,20
413,intenso,PREEMPCAO,24,A2_L1,27
413,intenso,PREEMPCAO,24,A2_L2,27
413,intenso,PREEMPCAO,24,A2_L3,28
413,intenso,PREEMPCAO,24,A2_O1,27
413,intenso,PREEMPCAO,24,A2_O2,26
413,intenso,PREEMPCAO,24,A2_O3,26
413,intenso,PREEMPCAO,24,A2_O4,29
413,intenso,PREEMPCAO,24,T1_N1,15
413,intenso,PREEMPCAO,24,T1_N2,15
413,intenso,PREEMPCAO,24,T1_S0,14
413,intenso,PREEMPCAO,24,T1_S1,12
413,intenso,PREEMPCAO,24,T2_N1,14
413,intenso,PREEMPCAO,24,T2_N2,15
413,intenso,PREEMPCAO,24,T2_S0,15
413,intenso,PREEMPCAO,24,T2_S1,14
413,intenso,PREEMPCAO,24,T3_N1,15
413,intenso,PREEMPCAO,24,T3_N2,15
413,intenso,PREEMPCAO,24,T3_S0,15
413,intenso,PREEMPCAO,24,T3_S1,15
413,intenso,PREEMPCAO,24,T4_N1,10
413,intenso,PREEMPCAO,24,T4_N2,14
413,intenso,PREEMPCAO,24,T4_S0,15
413,intenso,PREEMPCAO,24,T4_S1,13
414,intenso,PREEMPCAO_COMPENSADA,24,A1_L0,25
414,intenso,PREEMPCAO_COMPENSADA,24,A1_L1,22
414,intenso,PREEMPCAO_COMPENSADA,24,A1_L2,26
414,intenso,PREEMPCAO_COMPENSADA,24,A1_L3,23
414,intenso,PREEMPCAO_COMPENSADA,24,A1_O1,16
414,intenso,PREEMPCAO_COMPENSADA,24,A1_O2,23
414,intenso,PREEMPCAO_COMPENSADA,24,A1_O3,26
414,intenso,PREEMPCAO_COMPENSADA,24,A1_O4,22
414,intenso,PREEMPCAO_COMPENSADA,24,A2_L0,23
414,intenso,PREEMPCAO_COMPENSADA,24,A2_L1,28
414,intenso,PREEMPCAO_COMPENSADA,24,A2_L2,28
414,intenso,PREEMPCAO_COMPENSADA,24,A2_L3,27
414,intenso,PREEMPCAO_COMPENSADA,24,A2_O1,29
414,intenso,PREEMPCAO_COMPENSADA,24,A2_O2,27
414,intenso,PREEMPCAO_COMPENSADA,24,A2_O3,30
414,intenso,PREEMPCAO_COMPENSADA,24,A2_O4,20
414,intenso,PREEMPCAO_COMPENSADA,24,T1_N1,15
414,intenso,PREEMPCAO_COMPENSADA,24,T1_N2,15
414,intenso,PREEMPCAO_COMPENSADA,24,T1_S0,13
414,intenso,PREEMPCAO_COMPENSADA,24,T1_S1,15
414,intenso,PREEMPCAO_COMPENSADA,24,T2_N1,13
414,intenso,PREEMPCAO_COMPENSADA,24,T2_N2,15
414,intenso,PREEMPCAO_COMPENSADA,24,T2_S0,15
414,intenso,PREEMPCAO_COMPENSADA,24,T2_S1,14
414,intenso,PREEMPCAO_COMPENSADA,24,T3_N1,15
414,intenso,PREEMPCAO_COMPENSADA,24,T3_N2,15
414,intenso,PREEMPCAO_COMPENSADA,24,T3_S0,15
414,intenso,PREEMPCAO_COMPENSADA,24,T3_S1,15
414,intenso,PREEMPCAO_COMPENSADA,24,T4_N1,15
414,intenso,PREEMPCAO_COMPENSADA,24,T4_N2,15
414,intenso,PREEMPCAO_COMPENSADA,24,T4_S0,15
414,intenso,PREEMPCAO_COMPENSADA,24,T4_S1,15
415,multiplas_emergencias,FIXO,24,A1_L0,10
415,multiplas_emergencias,FIXO,24,A1_L1,21
415,multiplas_emergencias,FIXO,24,A1_L2,21
415,multiplas_emergencias,FIXO,24,A1_L3,21
415,multiplas_emergencias,FIXO,24,A1_O1,21
415,multiplas_emergencias,FIXO,24,A1_O2,21
415,multiplas_emergencias,FIXO,24,A1_O3,21
415,multiplas_emergencias,FIXO,24,A1_O4,13
415,multiplas_emergencias,FIXO,24,A2_L0,14
415,multiplas_emergencias,FIXO,24,A2_L1,21
415,multiplas_emergencias,FIXO,24,A2_L2,21
415,multiplas_emergencias,FIXO,24,A2_L3,21
415,multiplas_emergencias,FIXO,24,A2_O1,25
415,multiplas_emergencias,FIXO,24,A2_O2,25
415,multiplas_emergencias,FIXO,24,A2_O3,25
415,multiplas_emergencias,FIXO,24,A2_O4,17
415,multiplas_emergencias,FIXO,24,T1_N1,9
415,multiplas_emergencias,FIXO,24,T1_N2,9
415,multiplas_emergencias,FIXO,24,T1_S0,6
415,multiplas_emergencias,FIXO,24,T1_S1,9
415,multiplas_emergencias,FIXO,24,T2_N1,8
415,multiplas_emergencias,FIXO,24,T2_N2,7
415,multiplas_emergencias,FIXO,24,T2_S0,9
415,multiplas_emergencias,FIXO,24,T2_S1,9
415,multiplas_emergencias,FIXO,24,T3_N1,9
415,multiplas_emergencias,FIXO,24,T3_N2,13
415,multiplas_emergencias,FIXO,24,T3_S0,6
415,multiplas_emergencias,FIXO,24,T3_S1,8
415,multiplas_emergencias,FIXO,24,T4_N1,8
415,multiplas_emergencias,FIXO,24,T4_N2,8
415,multiplas_emergencias,FIXO,24,T4_S0,8
415,multiplas_emergencias,FIXO,24,T4_S1,8
416,multiplas_emergencias,PREEMPCAO,24,A1_L0,12
416,multiplas_emergencias,PREEMPCAO,24,A1_L1,22
416,multiplas_emergencias,PREEMPCAO,24,A1_L2,18
416,multiplas_emergencias,PREEMPCAO,24,A1_L3,14
416,multiplas_emergencias,PREEMPCAO,24,A1_O1,21
416,multiplas_emergencias,PREEMPCAO,24,A1_O2,18
416,multiplas_emergencias,PREEMPCAO,24,A1_O3,21
416,multiplas_emergencias,PREEMPCAO,24,A1_O4,14
416,multiplas_emergencias,PREEMPCAO,24,A2_L0,13
416,multiplas_emergencias,PREEMPCAO,24,A2_L1,15
416,multiplas_emergencias,PREEMPCAO,24,A2_L2,17
416,multiplas_emergencias,PREEMPCAO,24,A2_L3,24
416,multiplas_emergencias,PREEMPCAO,24,A2_O1,13
416,multiplas_emergencias,PREEMPCAO,24,A2_O2,15
416,multiplas_emergencias,PREEMPCAO,24,A2_O3,19
416,multiplas_emergencias,PREEMPCAO,24,A2_O4,14
416,multiplas_emergencias,PREEMPCAO,24,T1_N1,9
416,multiplas_emergencias,PREEMPCAO,24,T1_N2,9
416,multiplas_emergencias,PREEMPCAO,24,T1_S0,7
416,multiplas_emergencias,PREEMPCAO,24,T1_S1,8
416,multiplas_emergencias,PREEMPCAO,24,T2_N1,9
416,multiplas_emergencias,PREEMPCAO,24,T2_N2,8
416,multiplas_emergencias,PREEMPCAO,24,T2_S0,8
416,multiplas_emergencias,PREEMPCAO,24,T2_S1,10
416,multiplas_emergencias,PREEMPCAO,24,T3_N1,12
416,multiplas_emergencias,PREEMPCAO,24,T3_N2,11
416,multiplas_emergencias,PREEMPCAO,24,T3_S0,7
416,multiplas_emergencias,PREEMPCAO,24,T3_S1,8
416,multiplas_emergencias,PREEMPCAO,24,T4_N1,11
416,multiplas_emergencias,PREEMPCAO,24,T4_N2,10
416,multiplas_emergencias,PREEMPCAO,24,T4_S0,8
416,multiplas_emergencias,PREEMPCAO,24,T4_S1,7
417,multiplas_emergencias,PREEMPCAO_COMPENSADA,24,A1_L0,13
417,multiplas_emergencias,PREEMPCAO_COMPENSADA,24,A1_L1,19
417,multiplas_emergencias,PREEMPCAO_COMPENSADA,24,A1_L2,19
417,multiplas_emergencias,PREEMPCAO_COMPENSADA,24,A1_L3,19
417,multiplas_emergencias,PREEMPCAO_COMPENSADA,24,A1_O1,28
417,multiplas_emergencias,PREEMPCAO_COMPENSADA,24,A1_O2,20
417,multiplas_emergencias,PREEMPCAO_COMPENSADA,24,A1_O3,24
417,multiplas_emergencias,PREEMPCAO_COMPENSADA,24,A1_O4,15
417,multiplas_emergencias,PREEMPCAO_COMPENSADA,24,A2_L0,14
417,multiplas_emergencias,PREEMPCAO_COMPENSADA,24,A2_L1,18
417,multiplas_emergencias,PREEMPCAO_COMPENSADA,24,A2_L2,21
417,multiplas_emergencias,PREEMPCAO_COMPENSADA,24,A2_L3,24
417,multiplas_emergencias,PREEMPCAO_COMPENSADA,24,A2_O1,25
417,multiplas_emergencias,PREEMPCAO_COMPENSADA,24,A2_O2,19
417,multiplas_emergencias,PREEMPCAO_COMPENSADA,24,A2_O3,18
417,multiplas_emergencias,PREEMPCAO_COMPENSADA,24,A2_O4,16
417,multiplas_emergencias,PREEMPCAO_COMPENSADA,24,T1_N1,9
417,multiplas_emergencias,PREEMPCAO_COMPENSADA,24,T1_N2,9
417,multiplas_emergencias,PREEMPCAO_COMPENSADA,24,T1_S0,6
417,multiplas_emergencias,PREEMPCAO_COMPENSADA,24,T1_S1,9
417,multiplas_emergencias,PREEMPCAO_COMPENSADA,24,T2_N1,11
417,multiplas_emergencias,PREEMPCAO_COMPENSADA,24,T2_N2,11
417,multiplas_emergencias,PREEMPCAO_COMPENSADA,24,T2_S0,8
417,multiplas_emergencias,PREEMPCAO_COMPENSADA,24,T2_S1,9
417,multiplas_emergencias,PREEMPCAO_COMPENSADA,24,T3_N1,9
417,multiplas_emergencias,PREEMPCAO_COMPENSADA,24,T3_N2,9
417,multiplas_emergencias,PREEMPCAO_COMPENSADA,24,T3_S0,6
417,multiplas_emergencias,PREEMPCAO_COMPENSADA,24,T3_S1,9
417,multiplas_emergencias,PREEMPCAO_COMPENSADA,24,T4_N1,10
417,multiplas_emergencias,PREEMPCAO_COMPENSADA,24,T4_N2,10
417,multiplas_emergencias,PREEMPCAO_COMPENSADA,24,T4_S0,9
417,multiplas_emergencias,PREEMPCAO_COMPENSADA,24,T4_S1,9
418,multiplas_emergencias,PREEMPCAO_ML,24,A1_L0,12
418,multiplas_emergencias,PREEMPCAO_ML,24,A1_L1,13
418,multiplas_emergencias,PREEMPCAO_ML,24,A1_L2,15
418,multiplas_emergencias,PREEMPCAO_ML,24,A1_L3,18
418,multiplas_emergencias,PREEMPCAO_ML,24,A1_O1,17
418,multiplas_emergencias,PREEMPCAO_ML,24,A1_O2,20
418,multiplas_emergencias,PREEMPCAO_ML,24,A1_O3,21
418,multiplas_emergencias,PREEMPCAO_ML,24,A1_O4,12
418,multiplas_emergencias,PREEMPCAO_ML,24,A2_L0,12
418,multiplas_emergencias,PREEMPCAO_ML,24,A2_L1,20
418,multiplas_emergencias,PREEMPCAO_ML,24,A2_L2,18
418,multiplas_emergencias,PREEMPCAO_ML,24,A2_L3,19
418,multiplas_emergencias,PREEMPCAO_ML,24,A2_O1,17
418,multiplas_emergencias,PREEMPCAO_ML,24,A2_O2,16
418,multiplas_emergencias,PREEMPCAO_ML,24,A2_O3,19
418,multiplas_emergencias,PREEMPCAO_ML,24,A2_O4,14
418,multiplas_emergencias,PREEMPCAO_ML,24,T1_N1,11
418,multiplas_emergencias,PREEMPCAO_ML,24,T1_N2,9
418,multiplas_emergencias,PREEMPCAO_ML,24,T1_S0,7
418,multiplas_emergencias,PREEMPCAO_ML,24,T1_S1,11
418,multiplas_emergencias,PREEMPCAO_ML,24,T2_N1,11
418,multiplas_emergencias,PREEMPCAO_ML,24,T2_N2,11
418,multiplas_emergencias,PREEMPCAO_ML,24,T2_S0,8
418,multiplas_emergencias,PREEMPCAO_ML,24,T2_S1,9
418,multiplas_emergencias,PREEMPCAO_ML,24,T3_N1,13
418,multiplas_emergencias,PREEMPCAO_ML,24,T3_N2,10
418,multiplas_emergencias,PREEMPCAO_ML,24,T3_S0,5
418,multiplas_emergencias,PREEMPCAO_ML,24,T3_S1,9
418,multiplas_emergencias,PREEMPCAO_ML,24,T4_N1,11
418,multiplas_emergencias,PREEMPCAO_ML,24,T4_N2,9
418,multiplas_emergencias,PREEMPCAO_ML,24,T4_S0,11
418,multiplas_emergencias,PREEMPCAO_ML,24,T4_S1,7
419,leve,FIXO,25,A1_L0,7
419,leve,FIXO,25,A1_L1,10
419,leve,FIXO,25,A1_L2,10
419,leve,FIXO,25,A1_L3,10
419,leve,FIXO,25,A1_O1,10
419,leve,FIXO,25,A1_O2,10
419,leve,FIXO,25,A1_O3,10
419,leve,FIXO,25,A1_O4,6
419,leve,FIXO,25,A2_L0,8
419,leve,FIXO,25,A2_L1,12
419,leve,FIXO,25,A2_L2,12
419,leve,FIXO,25,A2_L3,12
419,leve,FIXO,25,A2_O1,11
419,leve,FIXO,25,A2_O2,11
419,leve,FIXO,25,A2_O3,11
419,leve,FIXO,25,A2_O4,8
419,leve,FIXO,25,T1_N1,7
419,leve,FIXO,25,T1_N2,7
419,leve,FIXO,25,T1_S0,5
419,leve,FIXO,25,T1_S1,5
419,leve,FIXO,25,T2_N1,6
419,leve,FIXO,25,T2_N2,4
419,leve,FIXO,25,T2_S0,4
419,leve,FIXO,25,T2_S1,4
419,leve,FIXO,25,T3_N1,6
419,leve,FIXO,25,T3_N2,6
419,leve,FIXO,25,T3_S0,6
419,leve,FIXO,25,T3_S1,6
419,leve,FIXO,25,T4_N1,6
419,leve,FIXO,25,T4_N2,5
419,leve,FIXO,25,T4_S0,5
419,leve,FIXO,25,T4_S1,6
420,leve,PREEMPCAO,25,A1_L0,6
420,leve,PREEMPCAO,25,A1_L1,8
420,leve,PREEMPCAO,25,A1_L2,8
420,leve,PREEMPCAO,25,A1_L3,8
420,leve,PREEMPCAO,25,A1_O1,7
420,leve,PREEMPCAO,25,A1_O2,5
420,leve,PREEMPCAO,25,A1_O3,7
420,leve,PREEMPCAO,25,A1_O4,7
420,leve,PREEMPCAO,25,A2_L0,6
420,leve,PREEMPCAO,25,A2_L1,7
420,leve,PREEMPCAO,25,A2_L2,7
420,leve,PREEMPCAO,25,A2_L3,12
420,leve,PREEMPCAO,25,A2_O1,12
420,leve,PREEMPCAO,25,A2_O2,11
420,leve,PREEMPCAO,25,A2_O3,11
420,leve,PREEMPCAO,25,A2_O4,8
420,leve,PREEMPCAO,25,T1_N1,4
420,leve,PREEMPCAO,25,T1_N2,6
420,leve,PREEMPCAO,25,T1_S0,4
420,leve,PREEMPCAO,25,T1_S1,5
420,leve,PREEMPCAO,25,T2_N1,5
420,leve,PREEMPCAO,25,T2_N2,4
420,leve,PREEMPCAO,25,T2_S0,4
420,leve,PREEMPCAO,25,T2_S1,5
420,leve,PREEMPCAO,25,T3_N1,3
420,leve,PREEMPCAO,25,T3_N2,6
420,leve,PREEMPCAO,25,T3_S0,5
420,leve,PREEMPCAO,25,T3_S1,6
420,leve,PREEMPCAO,25,T4_N1,6
420,leve,PREEMPCAO,25,T4_N2,4
420,leve,PREEMPCAO,25,T4_S0,6
420,leve,PREEMPCAO,25,T4_S1,7
421,leve,PREEMPCAO_COMPENSADA,25,A1_L0,7
421,leve,PREEMPCAO_COMPENSADA,25,A1_L1,9
421,leve,PREEMPCAO_COMPENSADA,25,A1_L2,8
421,leve,PREEMPCAO_COMPENSADA,25,A1_L3,9
421,leve,PREEMPCAO_COMPENSADA,25,A1_O1,10
421,leve,PREEMPCAO_COMPENSADA,25,A1_O2,10
421,leve,PREEMPCAO_COMPENSADA,25,A1_O3,9
421,leve,PREEMPCAO_COMPENSADA,25,A1_O4,7
421,leve,PREEMPCAO_COMPENSADA,25,A2_L0,6
421,leve,PREEMPCAO_COMPENSADA,25,A2_L1,9
421,leve,PREEMPCAO_COMPENSADA,25,A2_L2,10
421,leve,PREEMPCAO_COMPENSADA,25,A2_L3,12
421,leve,PREEMPCAO_COMPENSADA,25,A2_O1,12
421,leve,PREEMPCAO_COMPENSADA,25,A2_O2,11
421,leve,PREEMPCAO_COMPENSADA,25,A2_O3,12
421,leve,PREEMPCAO_COMPENSADA,25,A2_O4,7
421,leve,PREEMPCAO_COMPENSADA,25,T1_N1,5
421,leve,PREEMPCAO_COMPENSADA,25,T1_N2,6
421,leve,PREEMPCAO_COMPENSADA,25,T1_S0,4
421,leve,PREEMPCAO_COMPENSADA,25,T1_S1,5
421,leve,PREEMPCAO_COMPENSADA,25,T2_N1,5
421,leve,PREEMPCAO_COMPENSADA,25,T2_N2,4
421,leve,PREEMPCAO_COMPENSADA,25,T2_S0,4
421,leve,PREEMPCAO_COMPENSADA,25,T2_S1,5
421,leve,PREEMPCAO_COMPENSADA,25,T3_N1,5
421,leve,PREEMPCAO_COMPENSADA,25,T3_N2,6
421,leve,PREEMPCAO_COMPENSADA,25,T3_S0,5
421,leve,PREEMPCAO_COMPENSADA,25,T3_S1,6
421,leve,PREEMPCAO_COMPENSADA,25,T4_N1,7
421,leve,PREEMPCAO_COMPENSADA,25,T4_N2,5
421,leve,PREEMPCAO_COMPENSADA,25,T4_S0,7
421,leve,PREEMPCAO_COMPENSADA,25,T4_S1,7
422,moderado,FIXO,25,A1_L0,13
422,moderado,FIXO,25,A1_L1,22
422,moderado,FIXO,25,A1_L2,22
422,moderado,FIXO,25,A1_L3,22
422,moderado,FIXO,25,A1_O1,20
422,moderado,FIXO,25,A1_O2,20
422,moderado,FIXO,25,A1_O3,20
422,moderado,FIXO,25,A1_O4,11
422,moderado,FIXO,25,A2_L0,14
422,moderado,FIXO,25,A2_L1,23
422,moderado,FIXO,25,A2_L2,23
422,moderado,FIXO,25,A2_L3,23
422,moderado,FIXO,25,A2_O1,24
422,moderado,FIXO,25,A2_O2,24
422,moderado,FIXO,25,A2_O3,24
422,moderado,FIXO,25,A2_O4,15
422,moderado,FIXO,25,T1_N1,9
422,moderado,FIXO,25,T1_N2,8
422,moderado,FIXO,25,T1_S0,10
422,moderado,FIXO,25,T1_S1,9
422,moderado,FIXO,25,T2_N1,9
422,moderado,FIXO,25,T2_N2,9
422,moderado,FIXO,25,T2_S0,6
422,moderado,FIXO,25,T2_S1,8
422,moderado,FIXO,25,T3_N1,8
422,moderado,FIXO,25,T3_N2,9
422,moderado,FIXO,25,T3_S0,7
422,moderado,FIXO,25,T3_S1,8
422,moderado,FIXO,25,T4_N1,9
422,moderado,FIXO,25,T4_N2,7
422,moderado,FIXO,25,T4_S0,9
422,moderado,FIXO,25,T4_S1,8
423,moderado,PREEMPCAO,25,A1_L0,13
423,moderado,PREEMPCAO,25,A1_L1,22
423,moderado,PREEMPCAO,25,A1_L2,22
423,moderado,PREEMPCAO,25,A1_L3,24
423,moderado,PREEMPCAO,25,A1_O1,18
423,moderado,PREEMPCAO,25,A1_O2,20
423,moderado,PREEMPCAO,25,A1_O3,18
423,moderado,PREEMPCAO,25,A1_O4,11
423,moderado,PREEMPCAO,25,A2_L0,12
423,moderado,PREEMPCAO,25,A2_L1,23
423,moderado,PREEMPCAO,25,A2_L2,23
423,moderado,PREEMPCAO,25,A2_L3,23
423,moderado,PREEMPCAO,25,A2_O1,20
423,moderado,PREEMPCAO,25,A2_O2,18
423,moderado,PREEMPCAO,25,A2_O3,18
423,moderado,PREEMPCAO,25,A2_O4,15
423,moderado,PREEMPCAO,25,T1_N1,11
423,moderado,PREEMPCAO,25,T1_N2,9
423,moderado,PREEMPCAO,25,T1_S0,8
423,moderado,PREEMPCAO,25,T1_S1,10
423,moderado,PREEMPCAO,25,T2_N1,13
423,moderado,PREEMPCAO,25,T2_N2,8
423,moderado,PREEMPCAO,25,T2_S0,7
423,moderado,PREEMPCAO,25,T2_S1,11
423,moderado,PREEMPCAO,25,T3_N1,9
423,moderado,PREEMPCAO,25,T3_N2,8
423,moderado,PREEMPCAO,25,T3_S0,7
423,moderado,PREEMPCAO,25,T3_S1,9
423,moderado,PREEMPCAO,25,T4_N1,6
423,moderado,PREEMPCAO,25,T4_N2,9
423,moderado,PREEMPCAO,25,T4_S0,11
423,moderado,PREEMPCAO,25,T4_S1,11
424,moderado,PREEMPCAO_COMPENSADA,25,A1_L0,15
424,moderado,PREEMPCAO_COMPENSADA,25,A1_L1,22
424,moderado,PREEMPCAO_COMPENSADA,25,A1_L2,22
424,moderado,PREEMPCAO_COMPENSADA,25,A1_L3,24
424,moderado,PREEMPCAO_COMPENSADA,25,A1_O1,17
424,moderado,PREEMPCAO_COMPENSADA,25,A1_O2,17
424,moderado,PREEMPCAO_COMPENSADA,25,A1_O3,17
424,moderado,PREEMPCAO_COMPENSADA,25,A1_O4,13
424,moderado,PREEMPCAO_COMPENSADA,25,A2_L0,15
424,moderado,PREEMPCAO_COMPENSADA,25,A2_L1,23
424,moderado,PREEMPCAO_COMPENSADA,25,A2_L2,23
424,moderado,PREEMPCAO_COMPENSADA,25,A2_L3,23
424,moderado,PREEMPCAO_COMPENSADA,25,A2_O1,20
424,moderado,PREEMPCAO_COMPENSADA,25,A2_O2,21
424,moderado,PREEMPCAO_COMPENSADA,25,A2_O3,21
424,moderado,PREEMPCAO_COMPENSADA,25,A2_O4,14
424,moderado,PREEMPCAO_COMPENSADA,25,T1_N1,9
424,moderado,PREEMPCAO_COMPENSADA,25,T1_N2,8
424,moderado,PREEMPCAO_COMPENSADA,25,T1_S0,9
424,moderado,PREEMPCAO_COMPENSADA,25,T1_S1,10
424,moderado,PREEMPCAO_COMPENSADA,25,T2_N1,11
424,moderado,PREEMPCAO_COMPENSADA,25,T2_N2,8
424,moderado,PREEMPCAO_COMPENSADA,25,T2_S0,9
424,moderado,PREEMPCAO_COMPENSADA,25,T2_S1,9
424,moderado,PREEMPCAO_COMPENSADA,25,T3_N1,11
424,moderado,PREEMPCAO_COMPENSADA,25,T3_N2,8
424,moderado,PREEMPCAO_COMPENSADA,25,T3_S0,8
424,moderado,PREEMPCAO_COMPENSADA,25,T3_S1,10
424,moderado,PREEMPCAO_COMPENSADA,25,T4_N1,10
424,moderado,PREEMPCAO_COMPENSADA,25,T4_N2,8
424,moderado,PREEMPCAO_COMPENSADA,25,T4_S0,11
424,moderado,PREEMPCAO_COMPENSADA,25,T4_S1,13
425,intenso,FIXO,25,A1_L0,18
425,intenso,FIXO,25,A1_L1,28
425,intenso,FIXO,25,A1_L2,28
425,intenso,FIXO,25,A1_L3,28
425,intenso,FIXO,25,A1_O1,28
425,intenso,FIXO,25,A1_O2,28
425,intenso,FIXO,25,A1_O3,28
425,intenso,FIXO,25,A1_O4,25
425,intenso,FIXO,25,A2_L0,21
425,intenso,FIXO,25,A2_L1,28
425,intenso,FIXO,25,A2_L2,28
425,intenso,FIXO,25,A2_L3,28
425,intenso,FIXO,25,A2_O1,28
425,intenso,FIXO,25,A2_O2,28
425,intenso,FIXO,25,A2_O3,28
425,intenso,FIXO,25,A2_O4,23
425,intenso,FIXO,25,T1_N1,10
425,intenso,FIXO,25,T1_N2,14
425,intenso,FIXO,25,T1_S0,13
425,intenso,FIXO,25,T1_S1,9
425,intenso,FIXO,25,T2_N1,10
425,intenso,FIXO,25,T2_N2,14
425,intenso,FIXO,25,T2_S0,15
425,intenso,FIXO,25,T2_S1,10
425,intenso,FIXO,25,T3_N1,9
425,intenso,FIXO,25,T3_N2,11
425,intenso,FIXO,25,T3_S0,15
425,intenso,FIXO,25,T3_S1,9
425,intenso,FIXO,25,T4_N1,9
425,intenso,FIXO,25,T4_N2,13
425,intenso,FIXO,25,T4_S0,12
425,intenso,FIXO,25,T4_S1,10
426,intenso,PREEMPCAO,25,A1_L0,19
426,intenso,PREEMPCAO,25,A1_L1,28
426,intenso,PREEMPCAO,25,A1_L2,27
426,intenso,PREEMPCAO,25,A1_L3,28
426,intenso,PREEMPCAO,25,A1_O1,27
426,intenso,PREEMPCAO,25,A1_O2,25
426,intenso,PREEMPCAO,25,A1_O3,28
426,intenso,PREEMPCAO,25,A1_O4,28
426,intenso,PREEMPCAO,25,A2_L0,21
426,intenso,PREEMPCAO,25,A2_L1,27
426,intenso,PREEMPCAO,25,A2_L2,25
426,intenso,PREEMPCAO,25,A2_L3,28
426,intenso,PREEMPCAO,25,A2_O1,28
426,intenso,PREEMPCAO,25,A2_O2,25
426,intenso,PREEMPCAO,25,A2_O3,27
426,intenso,PREEMPCAO,25,A2_O4,23
426,intenso,PREEMPCAO,25,T1_N1,14
426,intenso,PREEMPCAO,25,T1_N2,14
426,intenso,PREEMPCAO,25,T1_S0,15
426,intenso,PREEMPCAO,25,T1_S1,14
426,intenso,PREEMPCAO,25,T2_N1,15
426,intenso,PREEMPCAO,25,T2_N2,13
426,intenso,PREEMPCAO,25,T2_S0,15
426,intenso,PREEMPCAO,25,T2_S1,13
426,intenso,PREEMPCAO,25,T3_N1,13
426,intenso,PREEMPCAO,25,T3_N2,14
426,intenso,PREEMPCAO,25,T3_S0,15
426,intenso,PREEMPCAO,25,T3_S1,10
426,intenso,PREEMPCAO,25,T4_N1,11
426,intenso,PREEMPCAO,25,T4_N2,13
426,intenso,PREEMPCAO,25,T4_S0,15
426,intenso,PREEMPCAO,25,T4_S1,13
427,intenso,PREEMPCAO_COMPENSADA,25,A1_L0,22
427,intenso,PREEMPCAO_COMPENSADA,25,A1_L1,28
427,intenso,PREEMPCAO_COMPENSADA,25,A1_L2,27
427,intenso,PREEMPCAO_COMPENSADA,25,A1_L3,28
427,intenso,PREEMPCAO_COMPENSADA,25,A1_O1,28
427,intenso,PREEMPCAO_COMPENSADA,25,A1_O2,27
427,intenso,PREEMPCAO_COMPENSADA,25,A1_O3,29
427,intenso,PREEMPCAO_COMPENSADA,25,A1_O4,29
427,intenso,PREEMPCAO_COMPENSADA,25,A2_L0,26
427,intenso,PREEMPCAO_COMPENSADA,25,A2_L1,27
427,intenso,PREEMPCAO_COMPENSADA,25,A2_L2,27
427,intenso,PREEMPCAO_COMPENSADA,25,A2_L3,29
427,intenso,PREEMPCAO_COMPENSADA,25,A2_O1,26
427,intenso,PREEMPCAO_COMPENSADA,25,A2_O2,25
427,intenso,PREEMPCAO_COMPENSADA,25,A2_O3,28
427,intenso,PREEMPCAO_COMPENSADA,25,A2_O4,19
427,intenso,PREEMPCAO_COMPENSADA,25,T1_N1,13
427,intenso,PREEMPCAO_COMPENSADA,25,T1_N2,13
427,intenso,PREEMPCAO_COMPENSADA,25,T1_S0,15
427,intenso,PREEMPCAO_COMPENSADA,25,T1_S1,14
427,intenso,PREEMPCAO_COMPENSADA,25,T2_N1,14
427,intenso,PREEMPCAO_COMPENSADA,25,T2_N2,12
427,intenso,PREEMPCAO_COMPENSADA,25,T2_S0,15
427,intenso,PREEMPCAO_COMPENSADA,25,T2_S1,15
427,intenso,PREEMPCAO_COMPENSADA,25,T3_N1,15
427,intenso,PREEMPCAO_COMPENSADA,25,T3_N2,13
427,intenso,PREEMPCAO_COMPENSADA,25,T3_S0,15
427,intenso,PREEMPCAO_COMPENSADA,25,T3_S1,13
427,intenso,PREEMPCAO_COMPENSADA,25,T4_N1,14
427,intenso,PREEMPCAO_COMPENSADA,25,T4_N2,13
427,intenso,PREEMPCAO_COMPENSADA,25,T4_S0,15
427,intenso,PREEMPCAO_COMPENSADA,25,T4_S1,14
428,multiplas_emergencias,FIXO,25,A1_L0,13
428,multiplas_emergencias,FIXO,25,A1_L1,22
428,multiplas_emergencias,FIXO,25,A1_L2,22
428,multiplas_emergencias,FIXO,25,A1_L3,22
428,multiplas_emergencias,FIXO,25,A1_O1,20
428,multiplas_emergencias,FIXO,25,A1_O2,20
428,multiplas_emergencias,FIXO,25,A1_O3,20
428,multiplas_emergencias,FIXO,25,A1_O4,11
428,multiplas_emergencias,FIXO,25,A2_L0,14
428,multiplas_emergencias,FIXO,25,A2_L1,23
428,multiplas_emergencias,FIXO,25,A2_L2,23
428,multiplas_emergencias,FIXO,25,A2_L3,24
428,multiplas_emergencias,FIXO,25,A2_O1,24
428,multiplas_emergencias,FIXO,25,A2_O2,24
428,multiplas_emergencias,FIXO,25,A2_O3,24
428,multiplas_emergencias,FIXO,25,A2_O4,15
428,multiplas_emergencias,FIXO,25,T1_N1,9
428,multiplas_emergencias,FIXO,25,T1_N2,8
428,multiplas_emergencias,FIXO,25,T1_S0,10
428,multiplas_emergencias,FIXO,25,T1_S1,8
428,multiplas_emergencias,FIXO,25,T2_N1,9
428,multiplas_emergencias,FIXO,25,T2_N2,9
428,multiplas_emergencias,FIXO,25,T2_S0,7
428,multiplas_emergencias,FIXO,25,T2_S1,8
428,multiplas_emergencias,FIXO,25,T3_N1,8
428,multiplas_emergencias,FIXO,25,T3_N2,9
428,multiplas_emergencias,FIXO,25,T3_S0,7
428,multiplas_emergencias,FIXO,25,T3_S1,8
428,multiplas_emergencias,FIXO,25,T4_N1,9
428,multiplas_emergencias,FIXO,25,T4_N2,7
428,multiplas_emergencias,FIXO,25,T4_S0,9
428,multiplas_emergencias,FIXO,25,T4_S1,8
429,multiplas_emergencias,PREEMPCAO,25,A1_L0,13
429,multiplas_emergencias,PREEMPCAO,25,A1_L1,22
429,multiplas_emergencias,PREEMPCAO,25,A1_L2,22
429,multiplas_emergencias,PREEMPCAO,25,A1_L3,22
429,multiplas_emergencias,PREEMPCAO,25,A1_O1,17
429,multiplas_emergencias,PREEMPCAO,25,A1_O2,17
429,multiplas_emergencias,PREEMPCAO,25,A1_O3,19
429,multiplas_emergencias,PREEMPCAO,25,A1_O4,13
429,multiplas_emergencias,PREEMPCAO,25,A2_L0,12
429,multiplas_emergencias,PREEMPCAO,25,A2_L1,23
429,multiplas_emergencias,PREEMPCAO,25,A2_L2,20
429,multiplas_emergencias,PREEMPCAO,25,A2_L3,18
429,multiplas_emergencias,PREEMPCAO,25,A2_O1,20
429,multiplas_emergencias,PREEMPCAO,25,A2_O2,18
429,multiplas_emergencias,PREEMPCAO,25,A2_O3,19
429,multiplas_emergencias,PREEMPCAO,25,A2_O4,16
429,multiplas_emergencias,PREEMPCAO,25,T1_N1,11
429,multiplas_emergencias,PREEMPCAO,25,T1_N2,9
429,multiplas_emergencias,PREEMPCAO,25,T1_S0,8
429,multiplas_emergencias,PREEMPCAO,25,T1_S1,11
429,multiplas_emergencias,PREEMPCAO,25,T2_N1,13
429,multiplas_emergencias,PREEMPCAO,25,T2_N2,8
429,multiplas_emergencias,PREEMPCAO,25,T2_S0,7
429,multiplas_emergencias,PREEMPCAO,25,T2_S1,8
429,multiplas_emergencias,PREEMPCAO,25,T3_N1,9
429,multiplas_emergencias,PREEMPCAO,25,T3_N2,9
429,multiplas_emergencias,PREEMPCAO,25,T3_S0,6
429,multiplas_emergencias,PREEMPCAO,25,T3_S1,9
429,multiplas_emergencias,PREEMPCAO,25,T4_N1,10
429,multiplas_emergencias,PREEMPCAO,25,T4_N2,9
429,multiplas_emergencias,PREEMPCAO,25,T4_S0,9
429,multiplas_emergencias,PREEMPCAO,25,T4_S1,7
430,multiplas_emergencias,PREEMPCAO_COMPENSADA,25,A1_L0,15
430,multiplas_emergencias,PREEMPCAO_COMPENSADA,25,A1_L1,22
430,multiplas_emergencias,PREEMPCAO_COMPENSADA,25,A1_L2,22
430,multiplas_emergencias,PREEMPCAO_COMPENSADA,25,A1_L3,22
430,multiplas_emergencias,PREEMPCAO_COMPENSADA,25,A1_O1,27
430,multiplas_emergencias,PREEMPCAO_COMPENSADA,25,A1_O2,21
430,multiplas_emergencias,PREEMPCAO_COMPENSADA,25,A1_O3,20
430,multiplas_emergencias,PREEMPCAO_COMPENSADA,25,A1_O4,13
430,multiplas_emergencias,PREEMPCAO_COMPENSADA,25,A2_L0,12
430,multiplas_emergencias,PREEMPCAO_COMPENSADA,25,A2_L1,23
430,multiplas_emergencias,PREEMPCAO_COMPENSADA,25,A2_L2,25
430,multiplas_emergencias,PREEMPCAO_COMPENSADA,25,A2_L3,22
430,multiplas_emergencias,PREEMPCAO_COMPENSADA,25,A2_O1,24
430,multiplas_emergencias,PREEMPCAO_COMPENSADA,25,A2_O2,18
430,multiplas_emergencias,PREEMPCAO_COMPENSADA,25,A2_O3,21
430,multiplas_emergencias,PREEMPCAO_COMPENSADA,25,A2_O4,16
430,multiplas_emergencias,PREEMPCAO_COMPENSADA,25,T1_N1,11
430,multiplas_emergencias,PREEMPCAO_COMPENSADA,25,T1_N2,9
430,multiplas_emergencias,PREEMPCAO_COMPENSADA,25,T1_S0,9
430,multiplas_emergencias,PREEMPCAO_COMPENSADA,25,T1_S1,10
430,multiplas_emergencias,PREEMPCAO_COMPENSADA,25,T2_N1,8
430,multiplas_emergencias,PREEMPCAO_COMPENSADA,25,T2_N2,9
430,multiplas_emergencias,PREEMPCAO_COMPENSADA,25,T2_S0,7
430,multiplas_emergencias,PREEMPCAO_COMPENSADA,25,T2_S1,8
430,multiplas_emergencias,PREEMPCAO_COMPENSADA,25,T3_N1,10
430,multiplas_emergencias,PREEMPCAO_COMPENSADA,25,T3_N2,9
430,multiplas_emergencias,PREEMPCAO_COMPENSADA,25,T3_S0,9
430,multiplas_emergencias,PREEMPCAO_COMPENSADA,25,T3_S1,10
430,multiplas_emergencias,PREEMPCAO_COMPENSADA,25,T4_N1,10
430,multiplas_emergencias,PREEMPCAO_COMPENSADA,25,T4_N2,7
430,multiplas_emergencias,PREEMPCAO_COMPENSADA,25,T4_S0,9
430,multiplas_emergencias,PREEMPCAO_COMPENSADA,25,T4_S1,8
431,multiplas_emergencias,PREEMPCAO_ML,25,A1_L0,13
431,multiplas_emergencias,PREEMPCAO_ML,25,A1_L1,22
431,multiplas_emergencias,PREEMPCAO_ML,25,A1_L2,22
431,multiplas_emergencias,PREEMPCAO_ML,25,A1_L3,24
431,multiplas_emergencias,PREEMPCAO_ML,25,A1_O1,18
431,multiplas_emergencias,PREEMPCAO_ML,25,A1_O2,17
431,multiplas_emergencias,PREEMPCAO_ML,25,A1_O3,17
431,multiplas_emergencias,PREEMPCAO_ML,25,A1_O4,12
431,multiplas_emergencias,PREEMPCAO_ML,25,A2_L0,16
431,multiplas_emergencias,PREEMPCAO_ML,25,A2_L1,23
431,multiplas_emergencias,PREEMPCAO_ML,25,A2_L2,23
431,multiplas_emergencias,PREEMPCAO_ML,25,A2_L3,19
431,multiplas_emergencias,PREEMPCAO_ML,25,A2_O1,18
431,multiplas_emergencias,PREEMPCAO_ML,25,A2_O2,22
431,multiplas_emergencias,PREEMPCAO_ML,25,A2_O3,18
431,multiplas_emergencias,PREEMPCAO_ML,25,A2_O4,13
431,multiplas_emergencias,PREEMPCAO_ML,25,T1_N1,12
431,multiplas_emergencias,PREEMPCAO_ML,25,T1_N2,11
431,multiplas_emergencias,PREEMPCAO_ML,25,T1_S0,8
431,multiplas_emergencias,PREEMPCAO_ML,25,T1_S1,11
431,multiplas_emergencias,PREEMPCAO_ML,25,T2_N1,11
431,multiplas_emergencias,PREEMPCAO_ML,25,T2_N2,9
431,multiplas_emergencias,PREEMPCAO_ML,25,T2_S0,7
431,multiplas_emergencias,PREEMPCAO_ML,25,T2_S1,9
431,multiplas_emergencias,PREEMPCAO_ML,25,T3_N1,10
431,multiplas_emergencias,PREEMPCAO_ML,25,T3_N2,9
431,multiplas_emergencias,PREEMPCAO_ML,25,T3_S0,6
431,multiplas_emergencias,PREEMPCAO_ML,25,T3_S1,9
431,multiplas_emergencias,PREEMPCAO_ML,25,T4_N1,11
431,multiplas_emergencias,PREEMPCAO_ML,25,T4_N2,11
431,multiplas_emergencias,PREEMPCAO_ML,25,T4_S0,11
431,multiplas_emergencias,PREEMPCAO_ML,25,T4_S1,7
432,leve,FIXO,26,A1_L0,7
432,leve,FIXO,26,A1_L1,12
432,leve,FIXO,26,A1_L2,12
432,leve,FIXO,26,A1_L3,12
432,leve,FIXO,26,A1_O1,11
432,leve,FIXO,26,A1_O2,11
432,leve,FIXO,26,A1_O3,11
432,leve,FIXO,26,A1_O4,6
432,leve,FIXO,26,A2_L0,6
432,leve,FIXO,26,A2_L1,11
432,leve,FIXO,26,A2_L2,11
432,leve,FIXO,26,A2_L3,11
432,leve,FIXO,26,A2_O1,12
432,leve,FIXO,26,A2_O2,12
432,leve,FIXO,26,A2_O3,12
432,leve,FIXO,26,A2_O4,6
432,leve,FIXO,26,T1_N1,5
432,leve,FIXO,26,T1_N2,4
432,leve,FIXO,26,T1_S0,5
432,leve,FIXO,26,T1_S1,6
432,leve,FIXO,26,T2_N1,6
432,leve,FIXO,26,T2_N2,4
432,leve,FIXO,26,T2_S0,7
432,leve,FIXO,26,T2_S1,7
432,leve,FIXO,26,T3_N1,6
432,leve,FIXO,26,T3_N2,5
432,leve,FIXO,26,T3_S0,6
432,leve,FIXO,26,T3_S1,6
432,leve,FIXO,26,T4_N1,7
432,leve,FIXO,26,T4_N2,5
432,leve,FIXO,26,T4_S0,4
432,leve,FIXO,26,T4_S1,6
433,leve,PREEMPCAO,26,A1_L0,8
433,leve,PREEMPCAO,26,A1_L1,10
433,leve,PREEMPCAO,26,A1_L2,12
433,leve,PREEMPCAO,26,A1_L3,7
433,leve,PREEMPCAO,26,A1_O1,11
433,leve,PREEMPCAO,26,A1_O2,10
433,leve,PREEMPCAO,26,A1_O3,8
433,leve,PREEMPCAO,26,A1_O4,6
433,leve,PREEMPCAO,26,A2_L0,7
433,leve,PREEMPCAO,26,A2_L1,6
433,leve,PREEMPCAO,26,A2_L2,6
433,leve,PREEMPCAO,26,A2_L3,10
433,leve,PREEMPCAO,26,A2_O1,7
433,leve,PREEMPCAO,26,A2_O2,9
433,leve,PREEMPCAO,26,A2_O3,12
433,leve,PREEMPCAO,26,A2_O4,7
433,leve,PREEMPCAO,26,T1_N1,5
433,leve,PREEMPCAO,26,T1_N2,4
433,leve,PREEMPCAO,26,T1_S0,4
433,leve,PREEMPCAO,26,T1_S1,4
433,leve,PREEMPCAO,26,T2_N1,5
433,leve,PREEMPCAO,26,T2_N2,4
433,leve,PREEMPCAO,26,T2_S0,7
433,leve,PREEMPCAO,26,T2_S1,7
433,leve,PREEMPCAO,26,T3_N1,4
433,leve,PREEMPCAO,26,T3_N2,4
433,leve,PREEMPCAO,26,T3_S0,7
433,leve,PREEMPCAO,26,T3_S1,10
433,leve,PREEMPCAO,26,T4_N1,5
433,leve,PREEMPCAO,26,T4_N2,5
433,leve,PREEMPCAO,26,T4_S0,4
433,leve,PREEMPCAO,26,T4_S1,7
434,leve,PREEMPCAO_COMPENSADA,26,A1_L0,7
434,leve,PREEMPCAO_COMPENSADA,26,A1_L1,7
434,leve,PREEMPCAO_COMPENSADA,26,A1_L2,8
434,leve,PREEMPCAO_COMPENSADA,26,A1_L3,11
434,leve,PREEMPCAO_COMPENSADA,26,A1_O1,12
434,leve,PREEMPCAO_COMPENSADA,26,A1_O2,10
434,leve,PREEMPCAO_COMPENSADA,26,A1_O3,8
434,leve,PREEMPCAO_COMPENSADA,26,A1_O4,8
434,leve,PREEMPCAO_COMPENSADA,26,A2_L0,7
434,leve,PREEMPCAO_COMPENSADA,26,A2_L1,7
434,leve,PREEMPCAO_COMPENSADA,26,A2_L2,10
434,leve,PREEMPCAO_COMPENSADA,26,A2_L3,10
434,leve,PREEMPCAO_COMPENSADA,26,A2_O1,9
434,leve,PREEMPCAO_COMPENSADA,26,A2_O2,10
434,leve,PREEMPCAO_COMPENSADA,26,A2_O3,9
434,leve,PREEMPCAO_COMPENSADA,26,A2_O4,7
434,leve,PREEMPCAO_COMPENSADA,26,T1_N1,6
434,leve,PREEMPCAO_COMPENSADA,26,T1_N2,4
434,leve,PREEMPCAO_COMPENSADA,26,T1_S0,4
434,leve,PREEMPCAO_COMPENSADA,26,T1_S1,6
434,leve,PREEMPCAO_COMPENSADA,26,T2_N1,5
434,leve,PREEMPCAO_COMPENSADA,26,T2_N2,5
434,leve,PREEMPCAO_COMPENSADA,26,T2_S0,6
434,leve,PREEMPCAO_COMPENSADA,26,T2_S1,6
434,leve,PREEMPCAO_COMPENSADA,26,T3_N1,5
434,leve,PREEMPCAO_COMPENSADA,26,T3_N2,4
434,leve,PREEMPCAO_COMPENSADA,26,T3_S0,5
434,leve,PREEMPCAO_COMPENSADA,26,T3_S1,8
434,leve,PREEMPCAO_COMPENSADA,26,T4_N1,5
434,leve,PREEMPCAO_COMPENSADA,26,T4_N2,4
434,leve,PREEMPCAO_COMPENSADA,26,T4_S0,4
434,leve,PREEMPCAO_COMPENSADA,26,T4_S1,6
435,moderado,FIXO,26,A1_L0,14
435,moderado,FIXO,26,A1_L1,23
435,moderado,FIXO,26,A1_L2,23
435,moderado,FIXO,26,A1_L3,23
435,moderado,FIXO,26,A1_O1,24
435,moderado,FIXO,26,A1_O2,24
435,moderado,FIXO,26,A1_O3,24
435,moderado,FIXO,26,A1_O4,14
435,moderado,FIXO,26,A2_L0,15
435,moderado,FIXO,26,A2_L1,23
435,moderado,FIXO,26,A2_L2,23
435,moderado,FIXO,26,A2_L3,23
435,moderado,FIXO,26,A2_O1,19
435,moderado,FIXO,26,A2_O2,19
435,moderado,FIXO,26,A2_O3,19
435,moderado,FIXO,26,A2_O4,12
435,moderado,FIXO,26,T1_N1,9
435,moderado,FIXO,26,T1_N2,9
435,moderado,FIXO,26,T1_S0,8
435,moderado,FIXO,26,T1_S1,9
435,moderado,FIXO,26,T2_N1,9
435,moderado,FIXO,26,T2_N2,7
435,moderado,FIXO,26,T2_S0,10
435,moderado,FIXO,26,T2_S1,9
435,moderado,FIXO,26,T3_N1,8
435,moderado,FIXO,26,T3_N2,9
435,moderado,FIXO,26,T3_S0,7
435,moderado,FIXO,26,T3_S1,9
435,moderado,FIXO,26,T4_N1,8
435,moderado,FIXO,26,T4_N2,9
435,moderado,FIXO,26,T4_S0,11
435,moderado,FIXO,26,T4_S1,8
436,moderado,PREEMPCAO,26,A1_L0,14
436,moderado,PREEMPCAO,26,A1_L1,16
436,moderado,PREEMPCAO,26,A1_L2,13
436,moderado,PREEMPCAO,26,A1_L3,19
436,moderado,PREEMPCAO,26,A1_O1,14
436,moderado,PREEMPCAO,26,A1_O2,16
436,moderado,PREEMPCAO,26,A1_O3,15
436,moderado,PREEMPCAO,26,A1_O4,14
436,moderado,PREEMPCAO,26,A2_L0,14
436,moderado,PREEMPCAO,26,A2_L1,17
436,moderado,PREEMPCAO,26,A2_L2,17
436,moderado,PREEMPCAO,26,A2_L3,21
436,moderado,PREEMPCAO,26,A2_O1,14
436,moderado,PREEMPCAO,26,A2_O2,14
436,moderado,PREEMPCAO,26,A2_O3,17
436,moderado,PREEMPCAO,26,A2_O4,12
436,moderado,PREEMPCAO,26,T1_N1,7
436,moderado,PREEMPCAO,26,T1_N2,7
436,moderado,PREEMPCAO,26,T1_S0,8
436,moderado,PREEMPCAO,26,T1_S1,12
436,moderado,PREEMPCAO,26,T2_N1,11
436,moderado,PREEMPCAO,26,T2_N2,7
436,moderado,PREEMPCAO,26,T2_S0,7
436,moderado,PREEMPCAO,26,T2_S1,10
436,moderado,PREEMPCAO,26,T3_N1,10
436,moderado,PREEMPCAO,26,T3_N2,8
436,moderado,PREEMPCAO,26,T3_S0,9
436,moderado,PREEMPCAO,26,T3_S1,11
436,moderado,PREEMPCAO,26,T4_N1,9
436,moderado,PREEMPCAO,26,T4_N2,9
436,moderado,PREEMPCAO,26,T4_S0,9
436,moderado,PREEMPCAO,26,T4_S1,12
437,moderado,PREEMPCAO_COMPENSADA,26,A1_L0,14
437,moderado,PREEMPCAO_COMPENSADA,26,A1_L1,20
437,moderado,PREEMPCAO_COMPENSADA,26,A1_L2,13
437,moderado,PREEMPCAO_COMPENSADA,26,A1_L3,21
437,moderado,PREEMPCAO_COMPENSADA,26,A1_O1,22
437,moderado,PREEMPCAO_COMPENSADA,26,A1_O2,15
437,moderado,PREEMPCAO_COMPENSADA,26,A1_O3,25
437,moderado,PREEMPCAO_COMPENSADA,26,A1_O4,16
437,moderado,PREEMPCAO_COMPENSADA,26,A2_L0,17
437,moderado,PREEMPCAO_COMPENSADA,26,A2_L1,22
437,moderado,PREEMPCAO_COMPENSADA,26,A2_L2,17
437,moderado,PREEMPCAO_COMPENSADA,26,A2_L3,23
437,moderado,PREEMPCAO_COMPENSADA,26,A2_O1,18
437,moderado,PREEMPCAO_COMPENSADA,26,A2_O2,14
437,moderado,PREEMPCAO_COMPENSADA,26,A2_O3,19
437,moderado,PREEMPCAO_COMPENSADA,26,A2_O4,13
437,moderado,PREEMPCAO_COMPENSADA,26,T1_N1,9
437,moderado,PREEMPCAO_COMPENSADA,26,T1_N2,6
437,moderado,PREEMPCAO_COMPENSADA,26,T1_S0,8
437,moderado,PREEMPCAO_COMPENSADA,26,T1_S1,10
437,moderado,PREEMPCAO_COMPENSADA,26,T2_N1,9
437,moderado,PREEMPCAO_COMPENSADA,26,T2_N2,9
437,moderado,PREEMPCAO_COMPENSADA,26,T2_S0,9
437,moderado,PREEMPCAO_COMPENSADA,26,T2_S1,10
437,moderado,PREEMPCAO_COMPENSADA,26,T3_N1,13
437,moderado,PREEMPCAO_COMPENSADA,26,T3_N2,12
437,moderado,PREEMPCAO_COMPENSADA,26,T3_S0,9
437,moderado,PREEMPCAO_COMPENSADA,26,T3_S1,7
437,moderado,PREEMPCAO_COMPENSADA,26,T4_N1,10
437,moderado,PREEMPCAO_COMPENSADA,26,T4_N2,9
437,moderado,PREEMPCAO_COMPENSADA,26,T4_S0,9
437,moderado,PREEMPCAO_COMPENSADA,26,T4_S1,12
438,intenso,FIXO,26,A1_L0,23
438,intenso,FIXO,26,A1_L1,27
438,intenso,FIXO,26,A1_L2,27
438,intenso,FIXO,26,A1_L3,27
438,intenso,FIXO,26,A1_O1,28
438,intenso,FIXO,26,A1_O2,28
438,intenso,FIXO,26,A1_O3,28
438,intenso,FIXO,26,A1_O4,26
438,intenso,FIXO,26,A2_L0,20
438,intenso,FIXO,26,A2_L1,26
438,intenso,FIXO,26,A2_L2,26
438,intenso,FIXO,26,A2_L3,26
438,intenso,FIXO,26,A2_O1,28
438,intenso,FIXO,26,A2_O2,28
438,intenso,FIXO,26,A2_O3,28
438,intenso,FIXO,26,A2_O4,24
438,intenso,FIXO,26,T1_N1,9
438,intenso,FIXO,26,T1_N2,14
438,intenso,FIXO,26,T1_S0,15
438,intenso,FIXO,26,T1_S1,10
438,intenso,FIXO,26,T2_N1,9
438,intenso,FIXO,26,T2_N2,13
438,intenso,FIXO,26,T2_S0,14
438,intenso,FIXO,26,T2_S1,9
438,intenso,FIXO,26,T3_N1,9
438,intenso,FIXO,26,T3_N2,15
438,intenso,FIXO,26,T3_S0,13
438,intenso,FIXO,26,T3_S1,9
438,intenso,FIXO,26,T4_N1,9
438,intenso,FIXO,26,T4_N2,13
438,intenso,FIXO,26,T4_S0,13
438,intenso,FIXO,26,T4_S1,9
439,intenso,PREEMPCAO,26,A1_L0,20
439,intenso,PREEMPCAO,26,A1_L1,26
439,intenso,PREEMPCAO,26,A1_L2,25
439,intenso,PREEMPCAO,26,A1_L3,27
439,intenso,PREEMPCAO,26,A1_O1,27
439,intenso,PREEMPCAO,26,A1_O2,27
439,intenso,PREEMPCAO,26,A1_O3,26
439,intenso,PREEMPCAO,26,A1_O4,27
439,intenso,PREEMPCAO,26,A2_L0,22
439,intenso,PREEMPCAO,26,A2_L1,25
439,intenso,PREEMPCAO,26,A2_L2,24
439,intenso,PREEMPCAO,26,A2_L3,27
439,intenso,PREEMPCAO,26,A2_O1,26
439,intenso,PREEMPCAO,26,A2_O2,26
439,intenso,PREEMPCAO,26,A2_O3,26
439,intenso,PREEMPCAO,26,A2_O4,27
439,intenso,PREEMPCAO,26,T1_N1,13
439,intenso,PREEMPCAO,26,T1_N2,13
439,intenso,PREEMPCAO,26,T1_S0,15
439,intenso,PREEMPCAO,26,T1_S1,14
439,intenso,PREEMPCAO,26,T2_N1,15
439,intenso,PREEMPCAO,26,T2_N2,13
439,intenso,PREEMPCAO,26,T2_S0,15
439,intenso,PREEMPCAO,26,T2_S1,13
439,intenso,PREEMPCAO,26,T3_N1,15
439,intenso,PREEMPCAO,26,T3_N2,15
439,intenso,PREEMPCAO,26,T3_S0,15
439,intenso,PREEMPCAO,26,T3_S1,15
439,intenso,PREEMPCAO,26,T4_N1,14
439,intenso,PREEMPCAO,26,T4_N2,12
439,intenso,PREEMPCAO,26,T4_S0,15
439,intenso,PREEMPCAO,26,T4_S1,14
440,intenso,PREEMPCAO_COMPENSADA,26,A1_L0,28
440,intenso,PREEMPCAO_COMPENSADA,26,A1_L1,27
440,intenso,PREEMPCAO_COMPENSADA,26,A1_L2,23
440,intenso,PREEMPCAO_COMPENSADA,26,A1_L3,28
440,intenso,PREEMPCAO_COMPENSADA,26,A1_O1,27
440,intenso,PREEMPCAO_COMPENSADA,26,A1_O2,29
440,intenso,PREEMPCAO_COMPENSADA,26,A1_O3,27
440,intenso,PREEMPCAO_COMPENSADA,26,A1_O4,28
440,intenso,PREEMPCAO_COMPENSADA,26,A2_L0,24
440,intenso,PREEMPCAO_COMPENSADA,26,A2_L1,27
440,intenso,PREEMPCAO_COMPENSADA,26,A2_L2,28
440,intenso,PREEMPCAO_COMPENSADA,26,A2_L3,26
440,intenso,PREEMPCAO_COMPENSADA,26,A2_O1,29
440,intenso,PREEMPCAO_COMPENSADA,26,A2_O2,28
440,intenso,PREEMPCAO_COMPENSADA,26,A2_O3,30
440,intenso,PREEMPCAO_COMPENSADA,26,A2_O4,28
440,intenso,PREEMPCAO_COMPENSADA,26,T1_N1,13
440,intenso,PREEMPCAO_COMPENSADA,26,T1_N2,12
440,intenso,PREEMPCAO_COMPENSADA,26,T1_S0,14
440,intenso,PREEMPCAO_COMPENSADA,26,T1_S1,14
440,intenso,PREEMPCAO_COMPENSADA,26,T2_N1,13
440,intenso,PREEMPCAO_COMPENSADA,26,T2_N2,15
440,intenso,PREEMPCAO_COMPENSADA,26,T2_S0,14
440,intenso,PREEMPCAO_COMPENSADA,26,T2_S1,15
440,intenso,PREEMPCAO_COMPENSADA,26,T3_N1,15
440,intenso,PREEMPCAO_COMPENSADA,26,T3_N2,13
440,intenso,PREEMPCAO_COMPENSADA,26,T3_S0,15
440,intenso,PREEMPCAO_COMPENSADA,26,T3_S1,15
440,intenso,PREEMPCAO_COMPENSADA,26,T4_N1,14
440,intenso,PREEMPCAO_COMPENSADA,26,T4_N2,13
440,intenso,PREEMPCAO_COMPENSADA,26,T4_S0,13
440,intenso,PREEMPCAO_COMPENSADA,26,T4_S1,15
441,multiplas_emergencias,FIXO,26,A1_L0,14
441,multiplas_emergencias,FIXO,26,A1_L1,23
441,multiplas_emergencias,FIXO,26,A1_L2,23
441,multiplas_emergencias,FIXO,26,A1_L3,23
441,multiplas_emergencias,FIXO,26,A1_O1,24
441,multiplas_emergencias,FIXO,26,A1_O2,24
441,multiplas_emergencias,FIXO,26,A1_O3,24
441,multiplas_emergencias,FIXO,26,A1_O4,14
441,multiplas_emergencias,FIXO,26,A2_L0,15
441,multiplas_emergencias,FIXO,26,A2_L1,23
441,multiplas_emergencias,FIXO,26,A2_L2,23
441,multiplas_emergencias,FIXO,26,A2_L3,23
441,multiplas_emergencias,FIXO,26,A2_O1,19
441,multiplas_emergencias,FIXO,26,A2_O2,19
441,multiplas_emergencias,FIXO,26,A2_O3,19
441,multiplas_emergencias,FIXO,26,A2_O4,12
441,multiplas_emergencias,FIXO,26,T1_N1,9
441,multiplas_emergencias,FIXO,26,T1_N2,9
441,multiplas_emergencias,FIXO,26,T1_S0,8
441,multiplas_emergencias,FIXO,26,T1_S1,9
441,multiplas_emergencias,FIXO,26,T2_N1,9
441,multiplas_emergencias,FIXO,26,T2_N2,7
441,multiplas_emergencias,FIXO,26,T2_S0,10
441,multiplas_emergencias,FIXO,26,T2_S1,9
441,multiplas_emergencias,FIXO,26,T3_N1,8
441,multiplas_emergencias,FIXO,26,T3_N2,9
441,multiplas_emergencias,FIXO,26,T3_S0,7
441,multiplas_emergencias,FIXO,26,T3_S1,9
441,multiplas_emergencias,FIXO,26,T4_N1,8
441,multiplas_emergencias,FIXO,26,T4_N2,9
441,multiplas_emergencias,FIXO,26,T4_S0,11
441,multiplas_emergencias,FIXO,26,T4_S1,8
442,multiplas_emergencias,PREEMPCAO,26,A1_L0,14
442,multiplas_emergencias,PREEMPCAO,26,A1_L1,19
442,multiplas_emergencias,PREEMPCAO,26,A1_L2,13
442,multiplas_emergencias,PREEMPCAO,26,A1_L3,17
442,multiplas_emergencias,PREEMPCAO,26,A1_O1,16
442,multiplas_emergencias,PREEMPCAO,26,A1_O2,15
442,multiplas_emergencias,PREEMPCAO,26,A1_O3,16
442,multiplas_emergencias,PREEMPCAO,26,A1_O4,13
442,multiplas_emergencias,PREEMPCAO,26,A2_L0,13
442,multiplas_emergencias,PREEMPCAO,26,A2_L1,18
442,multiplas_emergencias,PREEMPCAO,26,A2_L2,18
442,multiplas_emergencias,PREEMPCAO,26,A2_L3,23
442,multiplas_emergencias,PREEMPCAO,26,A2_O1,18
442,multiplas_emergencias,PREEMPCAO,26,A2_O2,19
442,multiplas_emergencias,PREEMPCAO,26,A2_O3,16
442,multiplas_emergencias,PREEMPCAO,26,A2_O4,15
442,multiplas_emergencias,PREEMPCAO,26,T1_N1,8
442,multiplas_emergencias,PREEMPCAO,26,T1_N2,7
442,multiplas_emergencias,PREEMPCAO,26,T1_S0,8
442,multiplas_emergencias,PREEMPCAO,26,T1_S1,11
442,multiplas_emergencias,PREEMPCAO,26,T2_N1,11
442,multiplas_emergencias,PREEMPCAO,26,T2_N2,13
442,multiplas_emergencias,PREEMPCAO,26,T2_S0,8
442,multiplas_emergencias,PREEMPCAO,26,T2_S1,10
442,multiplas_emergencias,PREEMPCAO,26,T3_N1,10
442,multiplas_emergencias,PREEMPCAO,26,T3_N2,11
442,multiplas_emergencias,PREEMPCAO,26,T3_S0,7
442,multiplas_emergencias,PREEMPCAO,26,T3_S1,8
442,multiplas_emergencias,PREEMPCAO,26,T4_N1,10
442,multiplas_emergencias,PREEMPCAO,26,T4_N2,9
442,multiplas_emergencias,PREEMPCAO,26,T4_S0,9
442,multiplas_emergencias,PREEMPCAO,26,T4_S1,9
443,multiplas_emergencias,PREEMPCAO_COMPENSADA,26,A1_L0,14
443,multiplas_emergencias,PREEMPCAO_COMPENSADA,26,A1_L1,21
443,multiplas_emergencias,PREEMPCAO_COMPENSADA,26,A1_L2,19
443,multiplas_emergencias,PREEMPCAO_COMPENSADA,26,A1_L3,20
443,multiplas_emergencias,PREEMPCAO_COMPENSADA,26,A1_O1,26
443,multiplas_emergencias,PREEMPCAO_COMPENSADA,26,A1_O2,25
443,multiplas_emergencias,PREEMPCAO_COMPENSADA,26,A1_O3,17
443,multiplas_emergencias,PREEMPCAO_COMPENSADA,26,A1_O4,18
443,multiplas_emergencias,PREEMPCAO_COMPENSADA,26,A2_L0,17
443,multiplas_emergencias,PREEMPCAO_COMPENSADA,26,A2_L1,17
443,multiplas_emergencias,PREEMPCAO_COMPENSADA,26,A2_L2,21
443,multiplas_emergencias,PREEMPCAO_COMPENSADA,26,A2_L3,27
443,multiplas_emergencias,PREEMPCAO_COMPENSADA,26,A2_O1,14
443,multiplas_emergencias,PREEMPCAO_COMPENSADA,26,A2_O2,20
443,multiplas_emergencias,PREEMPCAO_COMPENSADA,26,A2_O3,19
443,multiplas_emergencias,PREEMPCAO_COMPENSADA,26,A2_O4,13
443,multiplas_emergencias,PREEMPCAO_COMPENSADA,26,T1_N1,10
443,multiplas_emergencias,PREEMPCAO_COMPENSADA,26,T1_N2,9
443,multiplas_emergencias,PREEMPCAO_COMPENSADA,26,T1_S0,8
443,multiplas_emergencias,PREEMPCAO_COMPENSADA,26,T1_S1,9
443,multiplas_emergencias,PREEMPCAO_COMPENSADA,26,T2_N1,12
443,multiplas_emergencias,PREEMPCAO_COMPENSADA,26,T2_N2,8
443,multiplas_emergencias,PREEMPCAO_COMPENSADA,26,T2_S0,10
443,multiplas_emergencias,PREEMPCAO_COMPENSADA,26,T2_S1,11
443,multiplas_emergencias,PREEMPCAO_COMPENSADA,26,T3_N1,12
443,multiplas_emergencias,PREEMPCAO_COMPENSADA,26,T3_N2,11
443,multiplas_emergencias,PREEMPCAO_COMPENSADA,26,T3_S0,9
443,multiplas_emergencias,PREEMPCAO_COMPENSADA,26,T3_S1,8
443,multiplas_emergencias,PREEMPCAO_COMPENSADA,26,T4_N1,10
443,multiplas_emergencias,PREEMPCAO_COMPENSADA,26,T4_N2,9
443,multiplas_emergencias,PREEMPCAO_COMPENSADA,26,T4_S0,9
443,multiplas_emergencias,PREEMPCAO_COMPENSADA,26,T4_S1,12
444,multiplas_emergencias,PREEMPCAO_ML,26,A1_L0,14
444,multiplas_emergencias,PREEMPCAO_ML,26,A1_L1,16
444,multiplas_emergencias,PREEMPCAO_ML,26,A1_L2,14
444,multiplas_emergencias,PREEMPCAO_ML,26,A1_L3,20
444,multiplas_emergencias,PREEMPCAO_ML,26,A1_O1,15
444,multiplas_emergencias,PREEMPCAO_ML,26,A1_O2,15
444,multiplas_emergencias,PREEMPCAO_ML,26,A1_O3,18
444,multiplas_emergencias,PREEMPCAO_ML,26,A1_O4,14
444,multiplas_emergencias,PREEMPCAO_ML,26,A2_L0,14
444,multiplas_emergencias,PREEMPCAO_ML,26,A2_L1,18
444,multiplas_emergencias,PREEMPCAO_ML,26,A2_L2,20
444,multiplas_emergencias,PREEMPCAO_ML,26,A2_L3,22
444,multiplas_emergencias,PREEMPCAO_ML,26,A2_O1,20
444,multiplas_emergencias,PREEMPCAO_ML,26,A2_O2,16
444,multiplas_emergencias,PREEMPCAO_ML,26,A2_O3,15
444,multiplas_emergencias,PREEMPCAO_ML,26,A2_O4,12
444,multiplas_emergencias,PREEMPCAO_ML,26,T1_N1,8
444,multiplas_emergencias,PREEMPCAO_ML,26,T1_N2,8
444,multiplas_emergencias,PREEMPCAO_ML,26,T1_S0,8
444,multiplas_emergencias,PREEMPCAO_ML,26,T1_S1,11
444,multiplas_emergencias,PREEMPCAO_ML,26,T2_N1,11
444,multiplas_emergencias,PREEMPCAO_ML,26,T2_N2,13
444,multiplas_emergencias,PREEMPCAO_ML,26,T2_S0,7
444,multiplas_emergencias,PREEMPCAO_ML,26,T2_S1,10
444,multiplas_emergencias,PREEMPCAO_ML,26,T3_N1,12
444,multiplas_emergencias,PREEMPCAO_ML,26,T3_N2,10
444,multiplas_emergencias,PREEMPCAO_ML,26,T3_S0,8
444,multiplas_emergencias,PREEMPCAO_ML,26,T3_S1,9
444,multiplas_emergencias,PREEMPCAO_ML,26,T4_N1,9
444,multiplas_emergencias,PREEMPCAO_ML,26,T4_N2,9
444,multiplas_emergencias,PREEMPCAO_ML,26,T4_S0,9
444,multiplas_emergencias,PREEMPCAO_ML,26,T4_S1,12
445,leve,FIXO,27,A1_L0,8
445,leve,FIXO,27,A1_L1,14
445,leve,FIXO,27,A1_L2,14
445,leve,FIXO,27,A1_L3,14
445,leve,FIXO,27,A1_O1,15
445,leve,FIXO,27,A1_O2,15
445,leve,FIXO,27,A1_O3,15
445,leve,FIXO,27,A1_O4,7
445,leve,FIXO,27,A2_L0,6
445,leve,FIXO,27,A2_L1,11
445,leve,FIXO,27,A2_L2,11
445,leve,FIXO,27,A2_L3,11
445,leve,FIXO,27,A2_O1,12
445,leve,FIXO,27,A2_O2,12
445,leve,FIXO,27,A2_O3,12
445,leve,FIXO,27,A2_O4,9
445,leve,FIXO,27,T1_N1,5
445,leve,FIXO,27,T1_N2,3
445,leve,FIXO,27,T1_S0,7
445,leve,FIXO,27,T1_S1,7
445,leve,FIXO,27,T2_N1,8
445,leve,FIXO,27,T2_N2,7
445,leve,FIXO,27,T2_S0,5
445,leve,FIXO,27,T2_S1,7
445,leve,FIXO,27,T3_N1,5
445,leve,FIXO,27,T3_N2,4
445,leve,FIXO,27,T3_S0,5
445,leve,FIXO,27,T3_S1,6
445,leve,FIXO,27,T4_N1,5
445,leve,FIXO,27,T4_N2,3
445,leve,FIXO,27,T4_S0,4
445,leve,FIXO,27,T4_S1,6
446,leve,PREEMPCAO,27,A1_L0,8
446,leve,PREEMPCAO,27,A1_L1,6
446,leve,PREEMPCAO,27,A1_L2,6
446,leve,PREEMPCAO,27,A1_L3,8
446,leve,PREEMPCAO,27,A1_O1,10
446,leve,PREEMPCAO,27,A1_O2,10
446,leve,PREEMPCAO,27,A1_O3,10
446,leve,PREEMPCAO,27,A1_O4,5
446,leve,PREEMPCAO,27,A2_L0,5
446,leve,PREEMPCAO,27,A2_L1,11
446,leve,PREEMPCAO,27,A2_L2,11
446,leve,PREEMPCAO,27,A2_L3,11
446,leve,PREEMPCAO,27,A2_O1,8
446,leve,PREEMPCAO,27,A2_O2,8
446,leve,PREEMPCAO,27,A2_O3,10
446,leve,PREEMPCAO,27,A2_O4,7
446,leve,PREEMPCAO,27,T1_N1,6
446,leve,PREEMPCAO,27,T1_N2,4
446,leve,PREEMPCAO,27,T1_S0,7
446,leve,PREEMPCAO,27,T1_S1,6
446,leve,PREEMPCAO,27,T2_N1,7
446,leve,PREEMPCAO,27,T2_N2,6
446,leve,PREEMPCAO,27,T2_S0,4
446,leve,PREEMPCAO,27,T2_S1,6
446,leve,PREEMPCAO,27,T3_N1,7
446,leve,PREEMPCAO,27,T3_N2,4
446,leve,PREEMPCAO,27,T3_S0,7
446,leve,PREEMPCAO,27,T3_S1,5
446,leve,PREEMPCAO,27,T4_N1,6
446,leve,PREEMPCAO,27,T4_N2,6
446,leve,PREEMPCAO,27,T4_S0,5
446,leve,PREEMPCAO,27,T4_S1,7
447,leve,PREEMPCAO_COMPENSADA,27,A1_L0,8
447,leve,PREEMPCAO_COMPENSADA,27,A1_L1,9
447,leve,PREEMPCAO_COMPENSADA,27,A1_L2,8
447,leve,PREEMPCAO_COMPENSADA,27,A1_L3,8
447,leve,PREEMPCAO_COMPENSADA,27,A1_O1,10
447,leve,PREEMPCAO_COMPENSADA,27,A1_O2,11
447,leve,PREEMPCAO_COMPENSADA,27,A1_O3,10
447,leve,PREEMPCAO_COMPENSADA,27,A1_O4,8
447,leve,PREEMPCAO_COMPENSADA,27,A2_L0,5
447,leve,PREEMPCAO_COMPENSADA,27,A2_L1,11
447,leve,PREEMPCAO_COMPENSADA,27,A2_L2,11
447,leve,PREEMPCAO_COMPENSADA,27,A2_L3,11
447,leve,PREEMPCAO_COMPENSADA,27,A2_O1,8
447,leve,PREEMPCAO_COMPENSADA,27,A2_O2,10
447,leve,PREEMPCAO_COMPENSADA,27,A2_O3,10
447,leve,PREEMPCAO_COMPENSADA,27,A2_O4,6
447,leve,PREEMPCAO_COMPENSADA,27,T1_N1,7
447,leve,PREEMPCAO_COMPENSADA,27,T1_N2,5
447,leve,PREEMPCAO_COMPENSADA,27,T1_S0,7
447,leve,PREEMPCAO_COMPENSADA,27,T1_S1,5
447,leve,PREEMPCAO_COMPENSADA,27,T2_N1,7
447,leve,PREEMPCAO_COMPENSADA,27,T2_N2,5
447,leve,PREEMPCAO_COMPENSADA,27,T2_S0,5
447,leve,PREEMPCAO_COMPENSADA,27,T2_S1,4
447,leve,PREEMPCAO_COMPENSADA,27,T3_N1,5
447,leve,PREEMPCAO_COMPENSADA,27,T3_N2,4
447,leve,PREEMPCAO_COMPENSADA,27,T3_S0,6
447,leve,PREEMPCAO_COMPENSADA,27,T3_S1,6
447,leve,PREEMPCAO_COMPENSADA,27,T4_N1,5
447,leve,PREEMPCAO_COMPENSADA,27,T4_N2,6
447,leve,PREEMPCAO_COMPENSADA,27,T4_S0,4
447,leve,PREEMPCAO_COMPENSADA,27,T4_S1,6
448,moderado,FIXO,27,A1_L0,15
448,moderado,FIXO,27,A1_L1,23
448,moderado,FIXO,27,A1_L2,23
448,moderado,FIXO,27,A1_L3,23
448,moderado,FIXO,27,A1_O1,20
448,moderado,FIXO,27,A1_O2,20
448,moderado,FIXO,27,A1_O3,20
448,moderado,FIXO,27,A1_O4,11
448,moderado,FIXO,27,A2_L0,14
448,moderado,FIXO,27,A2_L1,24
448,moderado,FIXO,27,A2_L2,24
448,moderado,FIXO,27,A2_L3,24
448,moderado,FIXO,27,A2_O1,20
448,moderado,FIXO,27,A2_O2,20
448,moderado,FIXO,27,A2_O3,20
448,moderado,FIXO,27,A2_O4,13
448,moderado,FIXO,27,T1_N1,8
448,moderado,FIXO,27,T1_N2,8
448,moderado,FIXO,27,T1_S0,10
448,moderado,FIXO,27,T1_S1,9
448,moderado,FIXO,27,T2_N1,8
448,moderado,FIXO,27,T2_N2,7
448,moderado,FIXO,27,T2_S0,8
448,moderado,FIXO,27,T2_S1,8
448,moderado,FIXO,27,T3_N1,9
448,moderado,FIXO,27,T3_N2,9
448,moderado,FIXO,27,T3_S0,7
448,moderado,FIXO,27,T3_S1,8
448,moderado,FIXO,27,T4_N1,9
448,moderado,FIXO,27,T4_N2,11
448,moderado,FIXO,27,T4_S0,8
448,moderado,FIXO,27,T4_S1,9
449,moderado,PREEMPCAO,27,A1_L0,12
449,moderado,PREEMPCAO,27,A1_L1,14
449,moderado,PREEMPCAO,27,A1_L2,18
449,moderado,PREEMPCAO,27,A1_L3,16
449,moderado,PREEMPCAO,27,A1_O1,17
449,moderado,PREEMPCAO,27,A1_O2,18
449,moderado,PREEMPCAO,27,A1_O3,16
449,moderado,PREEMPCAO,27,A1_O4,11
449,moderado,PREEMPCAO,27,A2_L0,14
449,moderado,PREEMPCAO,27,A2_L1,19
449,moderado,PREEMPCAO,27,A2_L2,19
449,moderado,PREEMPCAO,27,A2_L3,26
449,moderado,PREEMPCAO,27,A2_O1,17
449,moderado,PREEMPCAO,27,A2_O2,17
449,moderado,PREEMPCAO,27,A2_O3,19
449,moderado,PREEMPCAO,27,A2_O4,13
449,moderado,PREEMPCAO,27,T1_N1,8
449,moderado,PREEMPCAO,27,T1_N2,11
449,moderado,PREEMPCAO,27,T1_S0,12
449,moderado,PREEMPCAO,27,T1_S1,12
449,moderado,PREEMPCAO,27,T2_N1,12
449,moderado,PREEMPCAO,27,T2_N2,9
449,moderado,PREEMPCAO,27,T2_S0,8
449,moderado,PREEMPCAO,27,T2_S1,13
449,moderado,PREEMPCAO,27,T3_N1,8
449,moderado,PREEMPCAO,27,T3_N2,9
449,moderado,PREEMPCAO,27,T3_S0,7
449,moderado,PREEMPCAO,27,T3_S1,8
449,moderado,PREEMPCAO,27,T4_N1,9
449,moderado,PREEMPCAO,27,T4_N2,9
449,moderado,PREEMPCAO,27,T4_S0,9
449,moderado,PREEMPCAO,27,T4_S1,10
450,moderado,PREEMPCAO_COMPENSADA,27,A1_L0,13
450,moderado,PREEMPCAO_COMPENSADA,27,A1_L1,15
450,moderado,PREEMPCAO_COMPENSADA,27,A1_L2,17
450,moderado,PREEMPCAO_COMPENSADA,27,A1_L3,16
450,moderado,PREEMPCAO_COMPENSADA,27,A1_O1,18
450,moderado,PREEMPCAO_COMPENSADA,27,A1_O2,22
450,moderado,PREEMPCAO_COMPENSADA,27,A1_O3,20
450,moderado,PREEMPCAO_COMPENSADA,27,A1_O4,14
450,moderado,PREEMPCAO_COMPENSADA,27,A2_L0,16
450,moderado,PREEMPCAO_COMPENSADA,27,A2_L1,23
450,moderado,PREEMPCAO_COMPENSADA,27,A2_L2,26
450,moderado,PREEMPCAO_COMPENSADA,27,A2_L3,26
450,moderado,PREEMPCAO_COMPENSADA,27,A2_O1,18
450,moderado,PREEMPCAO_COMPENSADA,27,A2_O2,19
450,moderado,PREEMPCAO_COMPENSADA,27,A2_O3,19
450,moderado,PREEMPCAO_COMPENSADA,27,A2_O4,12
450,moderado,PREEMPCAO_COMPENSADA,27,T1_N1,13
450,moderado,PREEMPCAO_COMPENSADA,27,T1_N2,11
450,moderado,PREEMPCAO_COMPENSADA,27,T1_S0,10
450,moderado,PREEMPCAO_COMPENSADA,27,T1_S1,14
450,moderado,PREEMPCAO_COMPENSADA,27,T2_N1,9
450,moderado,PREEMPCAO_COMPENSADA,27,T2_N2,9
450,moderado,PREEMPCAO_COMPENSADA,27,T2_S0,9
450,moderado,PREEMPCAO_COMPENSADA,27,T2_S1,10
450,moderado,PREEMPCAO_COMPENSADA,27,T3_N1,8
450,moderado,PREEMPCAO_COMPENSADA,27,T3_N2,7
450,moderado,PREEMPCAO_COMPENSADA,27,T3_S0,8
450,moderado,PREEMPCAO_COMPENSADA,27,T3_S1,11
450,moderado,PREEMPCAO_COMPENSADA,27,T4_N1,8
450,moderado,PREEMPCAO_COMPENSADA,27,T4_N2,10
450,moderado,PREEMPCAO_COMPENSADA,27,T4_S0,11
450,moderado,PREEMPCAO_COMPENSADA,27,T4_S1,11
451,intenso,FIXO,27,A1_L0,20
451,intenso,FIXO,27,A1_L1,28
451,intenso,FIXO,27,A1_L2,28
451,intenso,FIXO,27,A1_L3,28
451,intenso,FIXO,27,A1_O1,28
451,intenso,FIXO,27,A1_O2,28
451,intenso,FIXO,27,A1_O3,28
451,intenso,FIXO,27,A1_O4,24
451,intenso,FIXO,27,A2_L0,21
451,intenso,FIXO,27,A2_L1,28
451,intenso,FIXO,27,A2_L2,28
451,intenso,FIXO,27,A2_L3,28
451,intenso,FIXO,27,A2_O1,27
451,intenso,FIXO,27,A2_O2,28
451,intenso,FIXO,27,A2_O3,26
451,intenso,FIXO,27,A2_O4,22
451,intenso,FIXO,27,T1_N1,9
451,intenso,FIXO,27,T1_N2,14
451,intenso,FIXO,27,T1_S0,15
451,intenso,FIXO,27,T1_S1,10
451,intenso,FIXO,27,T2_N1,9
451,intenso,FIXO,27,T2_N2,13
451,intenso,FIXO,27,T2_S0,15
451,intenso,FIXO,27,T2_S1,10
451,intenso,FIXO,27,T3_N1,9
451,intenso,FIXO,27,T3_N2,13
451,intenso,FIXO,27,T3_S0,13
451,intenso,FIXO,27,T3_S1,10
451,intenso,FIXO,27,T4_N1,9
451,intenso,FIXO,27,T4_N2,15
451,intenso,FIXO,27,T4_S0,15
451,intenso,FIXO,27,T4_S1,9
452,intenso,PREEMPCAO,27,A1_L0,19
452,intenso,PREEMPCAO,27,A1_L1,22
452,intenso,PREEMPCAO,27,A1_L2,22
452,intenso,PREEMPCAO,27,A1_L3,22
452,intenso,PREEMPCAO,27,A1_O1,27
452,intenso,PREEMPCAO,27,A1_O2,28
452,intenso,PREEMPCAO,27,A1_O3,27
452,intenso,PREEMPCAO,27,A1_O4,26
452,intenso,PREEMPCAO,27,A2_L0,21
452,intenso,PREEMPCAO,27,A2_L1,26
452,intenso,PREEMPCAO,27,A2_L2,27
452,intenso,PREEMPCAO,27,A2_L3,28
452,intenso,PREEMPCAO,27,A2_O1,25
452,intenso,PREEMPCAO,27,A2_O2,25
452,intenso,PREEMPCAO,27,A2_O3,25
452,intenso,PREEMPCAO,27,A2_O4,28
452,intenso,PREEMPCAO,27,T1_N1,14
452,intenso,PREEMPCAO,27,T1_N2,14
452,intenso,PREEMPCAO,27,T1_S0,15
452,intenso,PREEMPCAO,27,T1_S1,14
452,intenso,PREEMPCAO,27,T2_N1,14
452,intenso,PREEMPCAO,27,T2_N2,15
452,intenso,PREEMPCAO,27,T2_S0,15
452,intenso,PREEMPCAO,27,T2_S1,10
452,intenso,PREEMPCAO,27,T3_N1,13
452,intenso,PREEMPCAO,27,T3_N2,12
452,intenso,PREEMPCAO,27,T3_S0,13
452,intenso,PREEMPCAO,27,T3_S1,14
452,intenso,PREEMPCAO,27,T4_N1,15
452,intenso,PREEMPCAO,27,T4_N2,15
452,intenso,PREEMPCAO,27,T4_S0,15
452,intenso,PREEMPCAO,27,T4_S1,14
453,intenso,PREEMPCAO_COMPENSADA,27,A1_L0,23
453,intenso,PREEMPCAO_COMPENSADA,27,A1_L1,26
453,intenso,PREEMPCAO_COMPENSADA,27,A1_L2,22
453,intenso,PREEMPCAO_COMPENSADA,27,A1_L3,21
453,intenso,PREEMPCAO_COMPENSADA,27,A1_O1,27
453,intenso,PREEMPCAO_COMPENSADA,27,A1_O2,27
453,intenso,PREEMPCAO_COMPENSADA,27,A1_O3,27
453,intenso,PREEMPCAO_COMPENSADA,27,A1_O4,26
453,intenso,PREEMPCAO_COMPENSADA,27,A2_L0,29
453,intenso,PREEMPCAO_COMPENSADA,27,A2_L1,28
453,intenso,PREEMPCAO_COMPENSADA,27,A2_L2,28
453,intenso,PREEMPCAO_COMPENSADA,27,A2_L3,28
453,intenso,PREEMPCAO_COMPENSADA,27,A2_O1,27
453,intenso,PREEMPCAO_COMPENSADA,27,A2_O2,27
453,intenso,PREEMPCAO_COMPENSADA,27,A2_O3,28
453,intenso,PREEMPCAO_COMPENSADA,27,A2_O4,22
453,intenso,PREEMPCAO_COMPENSADA,27,T1_N1,13
453,intenso,PREEMPCAO_COMPENSADA,27,T1_N2,14
453,intenso,PREEMPCAO_COMPENSADA,27,T1_S0,14
453,intenso,PREEMPCAO_COMPENSADA,27,T1_S1,14
453,intenso,PREEMPCAO_COMPENSADA,27,T2_N1,15
453,intenso,PREEMPCAO_COMPENSADA,27,T2_N2,15
453,intenso,PREEMPCAO_COMPENSADA,27,T2_S0,13
453,intenso,PREEMPCAO_COMPENSADA,27,T2_S1,15
453,intenso,PREEMPCAO_COMPENSADA,27,T3_N1,15
453,intenso,PREEMPCAO_COMPENSADA,27,T3_N2,14
453,intenso,PREEMPCAO_COMPENSADA,27,T3_S0,15
453,intenso,PREEMPCAO_COMPENSADA,27,T3_S1,13
453,intenso,PREEMPCAO_COMPENSADA,27,T4_N1,14
453,intenso,PREEMPCAO_COMPENSADA,27,T4_N2,15
453,intenso,PREEMPCAO_COMPENSADA,27,T4_S0,13
453,intenso,PREEMPCAO_COMPENSADA,27,T4_S1,15
454,multiplas_emergencias,FIXO,27,A1_L0,15
454,multiplas_emergencias,FIXO,27,A1_L1,23
454,multiplas_emergencias,FIXO,27,A1_L2,23
454,multiplas_emergencias,FIXO,27,A1_L3,23
454,multiplas_emergencias,FIXO,27,A1_O1,20
454,multiplas_emergencias,FIXO,27,A1_O2,20
454,multiplas_emergencias,FIXO,27,A1_O3,20
454,multiplas_emergencias,FIXO,27,A1_O4,11
454,multiplas_emergencias,FIXO,27,A2_L0,14
454,multiplas_emergencias,FIXO,27,A2_L1,24
454,multiplas_emergencias,FIXO,27,A2_L2,24
454,multiplas_emergencias,FIXO,27,A2_L3,24
454,multiplas_emergencias,FIXO,27,A2_O1,20
454,multiplas_emergencias,FIXO,27,A2_O2,20
454,multiplas_emergencias,FIXO,27,A2_O3,20
454,multiplas_emergencias,FIXO,27,A2_O4,13
454,multiplas_emergencias,FIXO,27,T1_N1,8
454,multiplas_emergencias,FIXO,27,T1_N2,8
454,multiplas_emergencias,FIXO,27,T1_S0,10
454,multiplas_emergencias,FIXO,27,T1_S1,8
454,multiplas_emergencias,FIXO,27,T2_N1,8
454,multiplas_emergencias,FIXO,27,T2_N2,7
454,multiplas_emergencias,FIXO,27,T2_S0,8
454,multiplas_emergencias,FIXO,27,T2_S1,8
454,multiplas_emergencias,FIXO,27,T3_N1,8
454,multiplas_emergencias,FIXO,27,T3_N2,9
454,multiplas_emergencias,FIXO,27,T3_S0,7
454,multiplas_emergencias,FIXO,27,T3_S1,8
454,multiplas_emergencias,FIXO,27,T4_N1,9
454,multiplas_emergencias,FIXO,27,T4_N2,11
454,multiplas_emergencias,FIXO,27,T4_S0,8
454,multiplas_emergencias,FIXO,27,T4_S1,9
455,multiplas_emergencias,PREEMPCAO,27,A1_L0,12
455,multiplas_emergencias,PREEMPCAO,27,A1_L1,14
455,multiplas_emergencias,PREEMPCAO,27,A1_L2,19
455,multiplas_emergencias,PREEMPCAO,27,A1_L3,14
455,multiplas_emergencias,PREEMPCAO,27,A1_O1,16
455,multiplas_emergencias,PREEMPCAO,27,A1_O2,18
455,multiplas_emergencias,PREEMPCAO,27,A1_O3,16
455,multiplas_emergencias,PREEMPCAO,27,A1_O4,12
455,multiplas_emergencias,PREEMPCAO,27,A2_L0,14
455,multiplas_emergencias,PREEMPCAO,27,A2_L1,19
455,multiplas_emergencias,PREEMPCAO,27,A2_L2,19
455,multiplas_emergencias,PREEMPCAO,27,A2_L3,25
455,multiplas_emergencias,PREEMPCAO,27,A2_O1,18
455,multiplas_emergencias,PREEMPCAO,27,A2_O2,17
455,multiplas_emergencias,PREEMPCAO,27,A2_O3,19
455,multiplas_emergencias,PREEMPCAO,27,A2_O4,13
455,multiplas_emergencias,PREEMPCAO,27,T1_N1,10
455,multiplas_emergencias,PREEMPCAO,27,T1_N2,11
455,multiplas_emergencias,PREEMPCAO,27,T1_S0,12
455,multiplas_emergencias,PREEMPCAO,27,T1_S1,11
455,multiplas_emergencias,PREEMPCAO,27,T2_N1,11
455,multiplas_emergencias,PREEMPCAO,27,T2_N2,10
455,multiplas_emergencias,PREEMPCAO,27,T2_S0,7
455,multiplas_emergencias,PREEMPCAO,27,T2_S1,11
455,multiplas_emergencias,PREEMPCAO,27,T3_N1,9
455,multiplas_emergencias,PREEMPCAO,27,T3_N2,9
455,multiplas_emergencias,PREEMPCAO,27,T3_S0,7
455,multiplas_emergencias,PREEMPCAO,27,T3_S1,7
455,multiplas_emergencias,PREEMPCAO,27,T4_N1,11
455,multiplas_emergencias,PREEMPCAO,27,T4_N2,9
455,multiplas_emergencias,PREEMPCAO,27,T4_S0,7
455,multiplas_emergencias,PREEMPCAO,27,T4_S1,11
456,multiplas_emergencias,PREEMPCAO_COMPENSADA,27,A1_L0,13
456,multiplas_emergencias,PREEMPCAO_COMPENSADA,27,A1_L1,16
456,multiplas_emergencias,PREEMPCAO_COMPENSADA,27,A1_L2,15
456,multiplas_emergencias,PREEMPCAO_COMPENSADA,27,A1_L3,14
456,multiplas_emergencias,PREEMPCAO_COMPENSADA,27,A1_O1,19
456,multiplas_emergencias,PREEMPCAO_COMPENSADA,27,A1_O2,22
456,multiplas_emergencias,PREEMPCAO_COMPENSADA,27,A1_O3,17
456,multiplas_emergencias,PREEMPCAO_COMPENSADA,27,A1_O4,13
456,multiplas_emergencias,PREEMPCAO_COMPENSADA,27,A2_L0,17
456,multiplas_emergencias,PREEMPCAO_COMPENSADA,27,A2_L1,21
456,multiplas_emergencias,PREEMPCAO_COMPENSADA,27,A2_L2,26
456,multiplas_emergencias,PREEMPCAO_COMPENSADA,27,A2_L3,24
456,multiplas_emergencias,PREEMPCAO_COMPENSADA,27,A2_O1,24
456,multiplas_emergencias,PREEMPCAO_COMPENSADA,27,A2_O2,22
456,multiplas_emergencias,PREEMPCAO_COMPENSADA,27,A2_O3,19
456,multiplas_emergencias,PREEMPCAO_COMPENSADA,27,A2_O4,13
456,multiplas_emergencias,PREEMPCAO_COMPENSADA,27,T1_N1,9
456,multiplas_emergencias,PREEMPCAO_COMPENSADA,27,T1_N2,8
456,multiplas_emergencias,PREEMPCAO_COMPENSADA,27,T1_S0,10
456,multiplas_emergencias,PREEMPCAO_COMPENSADA,27,T1_S1,13
456,multiplas_emergencias,PREEMPCAO_COMPENSADA,27,T2_N1,8
456,multiplas_emergencias,PREEMPCAO_COMPENSADA,27,T2_N2,10
456,multiplas_emergencias,PREEMPCAO_COMPENSADA,27,T2_S0,9
456,multiplas_emergencias,PREEMPCAO_COMPENSADA,27,T2_S1,13
456,multiplas_emergencias,PREEMPCAO_COMPENSADA,27,T3_N1,10
456,multiplas_emergencias,PREEMPCAO_COMPENSADA,27,T3_N2,8
456,multiplas_emergencias,PREEMPCAO_COMPENSADA,27,T3_S0,7
456,multiplas_emergencias,PREEMPCAO_COMPENSADA,27,T3_S1,7
456,multiplas_emergencias,PREEMPCAO_COMPENSADA,27,T4_N1,10
456,multiplas_emergencias,PREEMPCAO_COMPENSADA,27,T4_N2,8
456,multiplas_emergencias,PREEMPCAO_COMPENSADA,27,T4_S0,11
456,multiplas_emergencias,PREEMPCAO_COMPENSADA,27,T4_S1,12
457,multiplas_emergencias,PREEMPCAO_ML,27,A1_L0,12
457,multiplas_emergencias,PREEMPCAO_ML,27,A1_L1,20
457,multiplas_emergencias,PREEMPCAO_ML,27,A1_L2,21
457,multiplas_emergencias,PREEMPCAO_ML,27,A1_L3,16
457,multiplas_emergencias,PREEMPCAO_ML,27,A1_O1,17
457,multiplas_emergencias,PREEMPCAO_ML,27,A1_O2,16
457,multiplas_emergencias,PREEMPCAO_ML,27,A1_O3,16
457,multiplas_emergencias,PREEMPCAO_ML,27,A1_O4,11
457,multiplas_emergencias,PREEMPCAO_ML,27,A2_L0,12
457,multiplas_emergencias,PREEMPCAO_ML,27,A2_L1,19
457,multiplas_emergencias,PREEMPCAO_ML,27,A2_L2,19
457,multiplas_emergencias,PREEMPCAO_ML,27,A2_L3,21
457,multiplas_emergencias,PREEMPCAO_ML,27,A2_O1,18
457,multiplas_emergencias,PREEMPCAO_ML,27,A2_O2,17
457,multiplas_emergencias,PREEMPCAO_ML,27,A2_O3,19
457,multiplas_emergencias,PREEMPCAO_ML,27,A2_O4,11
457,multiplas_emergencias,PREEMPCAO_ML,27,T1_N1,8
457,multiplas_emergencias,PREEMPCAO_ML,27,T1_N2,9
457,multiplas_emergencias,PREEMPCAO_ML,27,T1_S0,12
457,multiplas_emergencias,PREEMPCAO_ML,27,T1_S1,10
457,multiplas_emergencias,PREEMPCAO_ML,27,T2_N1,12
457,multiplas_emergencias,PREEMPCAO_ML,27,T2_N2,10
457,multiplas_emergencias,PREEMPCAO_ML,27,T2_S0,7
457,multiplas_emergencias,PREEMPCAO_ML,27,T2_S1,11
457,multiplas_emergencias,PREEMPCAO_ML,27,T3_N1,12
457,multiplas_emergencias,PREEMPCAO_ML,27,T3_N2,9
457,multiplas_emergencias,PREEMPCAO_ML,27,T3_S0,7
457,multiplas_emergencias,PREEMPCAO_ML,27,T3_S1,8
457,multiplas_emergencias,PREEMPCAO_ML,27,T4_N1,8
457,multiplas_emergencias,PREEMPCAO_ML,27,T4_N2,8
457,multiplas_emergencias,PREEMPCAO_ML,27,T4_S0,8
457,multiplas_emergencias,PREEMPCAO_ML,27,T4_S1,10
458,leve,FIXO,28,A1_L0,8
458,leve,FIXO,28,A1_L1,12
458,leve,FIXO,28,A1_L2,12
458,leve,FIXO,28,A1_L3,12
458,leve,FIXO,28,A1_O1,11
458,leve,FIXO,28,A1_O2,11
458,leve,FIXO,28,A1_O3,11
458,leve,FIXO,28,A1_O4,9
458,leve,FIXO,28,A2_L0,8
458,leve,FIXO,28,A2_L1,11
458,leve,FIXO,28,A2_L2,11
458,leve,FIXO,28,A2_L3,11
458,leve,FIXO,28,A2_O1,13
458,leve,FIXO,28,A2_O2,13
458,leve,FIXO,28,A2_O3,13
458,leve,FIXO,28,A2_O4,7
458,leve,FIXO,28,T1_N1,5
458,leve,FIXO,28,T1_N2,4
458,leve,FIXO,28,T1_S0,4
458,leve,FIXO,28,T1_S1,7
458,leve,FIXO,28,T2_N1,7
458,leve,FIXO,28,T2_N2,6
458,leve,FIXO,28,T2_S0,5
458,leve,FIXO,28,T2_S1,5
458,leve,FIXO,28,T3_N1,5
458,leve,FIXO,28,T3_N2,4
458,leve,FIXO,28,T3_S0,4
458,leve,FIXO,28,T3_S1,6
458,leve,FIXO,28,T4_N1,8
458,leve,FIXO,28,T4_N2,6
458,leve,FIXO,28,T4_S0,4
458,leve,FIXO,28,T4_S1,6
459,leve,PREEMPCAO,28,A1_L0,7
459,leve,PREEMPCAO,28,A1_L1,12
459,leve,PREEMPCAO,28,A1_L2,12
459,leve,PREEMPCAO,28,A1_L3,12
459,leve,PREEMPCAO,28,A1_O1,7
459,leve,PREEMPCAO,28,A1_O2,9
459,leve,PREEMPCAO,28,A1_O3,8
459,leve,PREEMPCAO,28,A1_O4,9
459,leve,PREEMPCAO,28,A2_L0,9
459,leve,PREEMPCAO,28,A2_L1,8
459,leve,PREEMPCAO,28,A2_L2,10
459,leve,PREEMPCAO,28,A2_L3,10
459,leve,PREEMPCAO,28,A2_O1,8
459,leve,PREEMPCAO,28,A2_O2,8
459,leve,PREEMPCAO,28,A2_O3,12
459,leve,PREEMPCAO,28,A2_O4,7
459,leve,PREEMPCAO,28,T1_N1,5
459,leve,PREEMPCAO,28,T1_N2,4
459,leve,PREEMPCAO,28,T1_S0,6
459,leve,PREEMPCAO,28,T1_S1,5
459,leve,PREEMPCAO,28,T2_N1,5
459,leve,PREEMPCAO,28,T2_N2,5
459,leve,PREEMPCAO,28,T2_S0,4
459,leve,PREEMPCAO,28,T2_S1,5
459,leve,PREEMPCAO,28,T3_N1,3
459,leve,PREEMPCAO,28,T3_N2,4
459,leve,PREEMPCAO,28,T3_S0,4
459,leve,PREEMPCAO,28,T3_S1,7
459,leve,PREEMPCAO,28,T4_N1,6
459,leve,PREEMPCAO,28,T4_N2,6
459,leve,PREEMPCAO,28,T4_S0,4
459,leve,PREEMPCAO,28,T4_S1,6
460,leve,PREEMPCAO_COMPENSADA,28,A1_L0,7
460,leve,PREEMPCAO_COMPENSADA,28,A1_L1,12
460,leve,PREEMPCAO_COMPENSADA,28,A1_L2,14
460,leve,PREEMPCAO_COMPENSADA,28,A1_L3,15
460,leve,PREEMPCAO_COMPENSADA,28,A1_O1,12
460,leve,PREEMPCAO_COMPENSADA,28,A1_O2,12
460,leve,PREEMPCAO_COMPENSADA,28,A1_O3,11
460,leve,PREEMPCAO_COMPENSADA,28,A1_O4,9
460,leve,PREEMPCAO_COMPENSADA,28,A2_L0,7
460,leve,PREEMPCAO_COMPENSADA,28,A2_L1,8
460,leve,PREEMPCAO_COMPENSADA,28,A2_L2,9
460,leve,PREEMPCAO_COMPENSADA,28,A2_L3,12
460,leve,PREEMPCAO_COMPENSADA,28,A2_O1,8
460,leve,PREEMPCAO_COMPENSADA,28,A2_O2,8
460,leve,PREEMPCAO_COMPENSADA,28,A2_O3,11
460,leve,PREEMPCAO_COMPENSADA,28,A2_O4,6
460,leve,PREEMPCAO_COMPENSADA,28,T1_N1,5
460,leve,PREEMPCAO_COMPENSADA,28,T1_N2,4
460,leve,PREEMPCAO_COMPENSADA,28,T1_S0,6
460,leve,PREEMPCAO_COMPENSADA,28,T1_S1,5
460,leve,PREEMPCAO_COMPENSADA,28,T2_N1,5
460,leve,PREEMPCAO_COMPENSADA,28,T2_N2,5
460,leve,PREEMPCAO_COMPENSADA,28,T2_S0,4
460,leve,PREEMPCAO_COMPENSADA,28,T2_S1,7
460,leve,PREEMPCAO_COMPENSADA,28,T3_N1,3
460,leve,PREEMPCAO_COMPENSADA,28,T3_N2,3
460,leve,PREEMPCAO_COMPENSADA,28,T3_S0,5
460,leve,PREEMPCAO_COMPENSADA,28,T3_S1,7
460,leve,PREEMPCAO_COMPENSADA,28,T4_N1,6
460,leve,PREEMPCAO_COMPENSADA,28,T4_N2,6
460,leve,PREEMPCAO_COMPENSADA,28,T4_S0,6
460,leve,PREEMPCAO_COMPENSADA,28,T4_S1,9
461,moderado,FIXO,28,A1_L0,16
461,moderado,FIXO,28,A1_L1,21
461,moderado,FIXO,28,A1_L2,21
461,moderado,FIXO,28,A1_L3,21
461,moderado,FIXO,28,A1_O1,24
461,moderado,FIXO,28,A1_O2,24
461,moderado,FIXO,28,A1_O3,24
461,moderado,FIXO,28,A1_O4,12
461,moderado,FIXO,28,A2_L0,13
461,moderado,FIXO,28,A2_L1,24
461,moderado,FIXO,28,A2_L2,24
461,moderado,FIXO,28,A2_L3,24
461,moderado,FIXO,28,A2_O1,23
461,moderado,FIXO,28,A2_O2,23
461,moderado,FIXO,28,A2_O3,23
461,moderado,FIXO,28,A2_O4,13
461,moderado,FIXO,28,T1_N1,8
461,moderado,FIXO,28,T1_N2,6
461,moderado,FIXO,28,T1_S0,11
461,moderado,FIXO,28,T1_S1,9
461,moderado,FIXO,28,T2_N1,8
461,moderado,FIXO,28,T2_N2,10
461,moderado,FIXO,28,T2_S0,8
461,moderado,FIXO,28,T2_S1,9
461,moderado,FIXO,28,T3_N1,9
461,moderado,FIXO,28,T3_N2,8
461,moderado,FIXO,28,T3_S0,10
461,moderado,FIXO,28,T3_S1,9
461,moderado,FIXO,28,T4_N1,8
461,moderado,FIXO,28,T4_N2,8
461,moderado,FIXO,28,T4_S0,10
461,moderado,FIXO,28,T4_S1,8
462,moderado,PREEMPCAO,28,A1_L0,13
462,moderado,PREEMPCAO,28,A1_L1,17
462,moderado,PREEMPCAO,28,A1_L2,16
462,moderado,PREEMPCAO,28,A1_L3,22
462,moderado,PREEMPCAO,28,A1_O1,17
462,moderado,PREEMPCAO,28,A1_O2,16
462,moderado,PREEMPCAO,28,A1_O3,14
462,moderado,PREEMPCAO,28,A1_O4,12
462,moderado,PREEMPCAO,28,A2_L0,13
462,moderado,PREEMPCAO,28,A2_L1,24
462,moderado,PREEMPCAO,28,A2_L2,24
462,moderado,PREEMPCAO,28,A2_L3,28
462,moderado,PREEMPCAO,28,A2_O1,20
462,moderado,PREEMPCAO,28,A2_O2,20
462,moderado,PREEMPCAO,28,A2_O3,20
462,moderado,PREEMPCAO,28,A2_O4,13
462,moderado,PREEMPCAO,28,T1_N1,12
462,moderado,PREEMPCAO,28,T1_N2,6
462,moderado,PREEMPCAO,28,T1_S0,11
462,moderado,PREEMPCAO,28,T1_S1,11
462,moderado,PREEMPCAO,28,T2_N1,10
462,moderado,PREEMPCAO,28,T2_N2,10
462,moderado,PREEMPCAO,28,T2_S0,8
462,moderado,PREEMPCAO,28,T2_S1,13
462,moderado,PREEMPCAO,28,T3_N1,9
462,moderado,PREEMPCAO,28,T3_N2,9
462,moderado,PREEMPCAO,28,T3_S0,8
462,moderado,PREEMPCAO,28,T3_S1,12
462,moderado,PREEMPCAO,28,T4_N1,8
462,moderado,PREEMPCAO,28,T4_N2,8
462,moderado,PREEMPCAO,28,T4_S0,10
462,moderado,PREEMPCAO,28,T4_S1,8
463,moderado,PREEMPCAO_COMPENSADA,28,A1_L0,14
463,moderado,PREEMPCAO_COMPENSADA,28,A1_L1,21
463,moderado,PREEMPCAO_COMPENSADA,28,A1_L2,17
463,moderado,PREEMPCAO_COMPENSADA,28,A1_L3,22
463,moderado,PREEMPCAO_COMPENSADA,28,A1_O1,21
463,moderado,PREEMPCAO_COMPENSADA,28,A1_O2,20
463,moderado,PREEMPCAO_COMPENSADA,28,A1_O3,18
463,moderado,PREEMPCAO_COMPENSADA,28,A1_O4,13
463,moderado,PREEMPCAO_COMPENSADA,28,A2_L0,14
463,moderado,PREEMPCAO_COMPENSADA,28,A2_L1,24
463,moderado,PREEMPCAO_COMPENSADA,28,A2_L2,24
463,moderado,PREEMPCAO_COMPENSADA,28,A2_L3,28
463,moderado,PREEMPCAO_COMPENSADA,28,A2_O1,23
463,moderado,PREEMPCAO_COMPENSADA,28,A2_O2,20
463,moderado,PREEMPCAO_COMPENSADA,28,A2_O3,20
463,moderado,PREEMPCAO_COMPENSADA,28,A2_O4,13
463,moderado,PREEMPCAO_COMPENSADA,28,T1_N1,12
463,moderado,PREEMPCAO_COMPENSADA,28,T1_N2,8
463,moderado,PREEMPCAO_COMPENSADA,28,T1_S0,11
463,moderado,PREEMPCAO_COMPENSADA,28,T1_S1,11
463,moderado,PREEMPCAO_COMPENSADA,28,T2_N1,11
463,moderado,PREEMPCAO_COMPENSADA,28,T2_N2,10
463,moderado,PREEMPCAO_COMPENSADA,28,T2_S0,8
463,moderado,PREEMPCAO_COMPENSADA,28,T2_S1,10
463,moderado,PREEMPCAO_COMPENSADA,28,T3_N1,11
463,moderado,PREEMPCAO_COMPENSADA,28,T3_N2,7
463,moderado,PREEMPCAO_COMPENSADA,28,T3_S0,8
463,moderado,PREEMPCAO_COMPENSADA,28,T3_S1,12
463,moderado,PREEMPCAO_COMPENSADA,28,T4_N1,9
463,moderado,PREEMPCAO_COMPENSADA,28,T4_N2,10
463,moderado,PREEMPCAO_COMPENSADA,28,T4_S0,9
463,moderado,PREEMPCAO_COMPENSADA,28,T4_S1,10
464,intenso,FIXO,28,A1_L0,22
464,intenso,FIXO,28,A1_L1,28
464,intenso,FIXO,28,A1_L2,28
464,intenso,FIXO,28,A1_L3,28
464,intenso,FIXO,28,A1_O1,28
464,intenso,FIXO,28,A1_O2,28
464,intenso,FIXO,28,A1_O3,28
464,intenso,FIXO,28,A1_O4,23
464,intenso,FIXO,28,A2_L0,20
464,intenso,FIXO,28,A2_L1,28
464,intenso,FIXO,28,A2_L2,28
464,intenso,FIXO,28,A2_L3,27
464,intenso,FIXO,28,A2_O1,28
464,intenso,FIXO,28,A2_O2,28
464,intenso,FIXO,28,A2_O3,28
464,intenso,FIXO,28,A2_O4,24
464,intenso,FIXO,28,T1_N1,10
464,intenso,FIXO,28,T1_N2,14
464,intenso,FIXO,28,T1_S0,12
464,intenso,FIXO,28,T1_S1,9
464,intenso,FIXO,28,T2_N1,10
464,intenso,FIXO,28,T2_N2,15
464,intenso,FIXO,28,T2_S0,12
464,intenso,FIXO,28,T2_S1,9
464,intenso,FIXO,28,T3_N1,10
464,intenso,FIXO,28,T3_N2,15
464,intenso,FIXO,28,T3_S0,12
464,intenso,FIXO,28,T3_S1,10
464,intenso,FIXO,28,T4_N1,9
464,intenso,FIXO,28,T4_N2,15
464,intenso,FIXO,28,T4_S0,15
464,intenso,FIXO,28,T4_S1,9
465,intenso,PREEMPCAO,28,A1_L0,24
465,intenso,PREEMPCAO,28,A1_L1,26
465,intenso,PREEMPCAO,28,A1_L2,27
465,intenso,PREEMPCAO,28,A1_L3,27
465,intenso,PREEMPCAO,28,A1_O1,25
465,intenso,PREEMPCAO,28,A1_O2,25
465,intenso,PREEMPCAO,28,A1_O3,25
465,intenso,PREEMPCAO,28,A1_O4,21
465,intenso,PREEMPCAO,28,A2_L0,21
465,intenso,PREEMPCAO,28,A2_L1,26
465,intenso,PREEMPCAO,28,A2_L2,26
465,intenso,PREEMPCAO,28,A2_L3,29
465,intenso,PREEMPCAO,28,A2_O1,26
465,intenso,PREEMPCAO,28,A2_O2,25
465,intenso,PREEMPCAO,28,A2_O3,26
465,intenso,PREEMPCAO,28,A2_O4,27
465,intenso,PREEMPCAO,28,T1_N1,11
465,intenso,PREEMPCAO,28,T1_N2,15
465,intenso,PREEMPCAO,28,T1_S0,13
465,intenso,PREEMPCAO,28,T1_S1,13
465,intenso,PREEMPCAO,28,T2_N1,15
465,intenso,PREEMPCAO,28,T2_N2,15
465,intenso,PREEMPCAO,28,T2_S0,13
465,intenso,PREEMPCAO,28,T2_S1,15
465,intenso,PREEMPCAO,28,T3_N1,14
465,intenso,PREEMPCAO,28,T3_N2,15
465,intenso,PREEMPCAO,28,T3_S0,15
465,intenso,PREEMPCAO,28,T3_S1,14
465,intenso,PREEMPCAO,28,T4_N1,12
465,intenso,PREEMPCAO,28,T4_N2,15
465,intenso,PREEMPCAO,28,T4_S0,15
465,intenso,PREEMPCAO,28,T4_S1,14
466,intenso,PREEMPCAO_COMPENSADA,28,A1_L0,25
466,intenso,PREEMPCAO_COMPENSADA,28,A1_L1,26
466,intenso,PREEMPCAO_COMPENSADA,28,A1_L2,27
466,intenso,PREEMPCAO_COMPENSADA,28,A1_L3,27
466,intenso,PREEMPCAO_COMPENSADA,28,A1_O1,27
466,intenso,PREEMPCAO_COMPENSADA,28,A1_O2,29
466,intenso,PREEMPCAO_COMPENSADA,28,A1_O3,26
466,intenso,PREEMPCAO_COMPENSADA,28,A1_O4,24
466,intenso,PREEMPCAO_COMPENSADA,28,A2_L0,23
466,intenso,PREEMPCAO_COMPENSADA,28,A2_L1,26
466,intenso,PREEMPCAO_COMPENSADA,28,A2_L2,27
466,intenso,PREEMPCAO_COMPENSADA,28,A2_L3,26
466,intenso,PREEMPCAO_COMPENSADA,28,A2_O1,30
466,intenso,PREEMPCAO_COMPENSADA,28,A2_O2,28
466,intenso,PREEMPCAO_COMPENSADA,28,A2_O3,29
466,intenso,PREEMPCAO_COMPENSADA,28,A2_O4,27
466,intenso,PREEMPCAO_COMPENSADA,28,T1_N1,14
466,intenso,PREEMPCAO_COMPENSADA,28,T1_N2,15
466,intenso,PREEMPCAO_COMPENSADA,28,T1_S0,12
466,intenso,PREEMPCAO_COMPENSADA,28,T1_S1,14
466,intenso,PREEMPCAO_COMPENSADA,28,T2_N1,14
466,intenso,PREEMPCAO_COMPENSADA,28,T2_N2,15
466,intenso,PREEMPCAO_COMPENSADA,28,T2_S0,14
466,intenso,PREEMPCAO_COMPENSADA,28,T2_S1,15
466,intenso,PREEMPCAO_COMPENSADA,28,T3_N1,15
466,intenso,PREEMPCAO_COMPENSADA,28,T3_N2,14
466,intenso,PREEMPCAO_COMPENSADA,28,T3_S0,15
466,intenso,PREEMPCAO_COMPENSADA,28,T3_S1,14
466,intenso,PREEMPCAO_COMPENSADA,28,T4_N1,15
466,intenso,PREEMPCAO_COMPENSADA,28,T4_N2,15
466,intenso,PREEMPCAO_COMPENSADA,28,T4_S0,15
466,intenso,PREEMPCAO_COMPENSADA,28,T4_S1,15
467,multiplas_emergencias,FIXO,28,A1_L0,15
467,multiplas_emergencias,FIXO,28,A1_L1,21
467,multiplas_emergencias,FIXO,28,A1_L2,21
467,multiplas_emergencias,FIXO,28,A1_L3,21
467,multiplas_emergencias,FIXO,28,A1_O1,24
467,multiplas_emergencias,FIXO,28,A1_O2,24
467,multiplas_emergencias,FIXO,28,A1_O3,24
467,multiplas_emergencias,FIXO,28,A1_O4,12
467,multiplas_emergencias,FIXO,28,A2_L0,13
467,multiplas_emergencias,FIXO,28,A2_L1,24
467,multiplas_emergencias,FIXO,28,A2_L2,24
467,multiplas_emergencias,FIXO,28,A2_L3,24
467,multiplas_emergencias,FIXO,28,A2_O1,23
467,multiplas_emergencias,FIXO,28,A2_O2,23
467,multiplas_emergencias,FIXO,28,A2_O3,23
467,multiplas_emergencias,FIXO,28,A2_O4,13
467,multiplas_emergencias,FIXO,28,T1_N1,8
467,multiplas_emergencias,FIXO,28,T1_N2,6
467,multiplas_emergencias,FIXO,28,T1_S0,11
467,multiplas_emergencias,FIXO,28,T1_S1,9
467,multiplas_emergencias,FIXO,28,T2_N1,8
467,multiplas_emergencias,FIXO,28,T2_N2,10
467,multiplas_emergencias,FIXO,28,T2_S0,8
467,multiplas_emergencias,FIXO,28,T2_S1,9
467,multiplas_emergencias,FIXO,28,T3_N1,9
467,multiplas_emergencias,FIXO,28,T3_N2,7
467,multiplas_emergencias,FIXO,28,T3_S0,10
467,multiplas_emergencias,FIXO,28,T3_S1,9
467,multiplas_emergencias,FIXO,28,T4_N1,8
467,multiplas_emergencias,FIXO,28,T4_N2,8
467,multiplas_emergencias,FIXO,28,T4_S0,10
467,multiplas_emergencias,FIXO,28,T4_S1,8
468,multiplas_emergencias,PREEMPCAO,28,A1_L0,13
468,multiplas_emergencias,PREEMPCAO,28,A1_L1,19
468,multiplas_emergencias,PREEMPCAO,28,A1_L2,17
468,multiplas_emergencias,PREEMPCAO,28,A1_L3,15
468,multiplas_emergencias,PREEMPCAO,28,A1_O1,17
468,multiplas_emergencias,PREEMPCAO,28,A1_O2,17
468,multiplas_emergencias,PREEMPCAO,28,A1_O3,18
468,multiplas_emergencias,PREEMPCAO,28,A1_O4,13
468,multiplas_emergencias,PREEMPCAO,28,A2_L0,11
468,multiplas_emergencias,PREEMPCAO,28,A2_L1,19
468,multiplas_emergencias,PREEMPCAO,28,A2_L2,21
468,multiplas_emergencias,PREEMPCAO,28,A2_L3,18
468,multiplas_emergencias,PREEMPCAO,28,A2_O1,20
468,multiplas_emergencias,PREEMPCAO,28,A2_O2,20
468,multiplas_emergencias,PREEMPCAO,28,A2_O3,20
468,multiplas_emergencias,PREEMPCAO,28,A2_O4,13
468,multiplas_emergencias,PREEMPCAO,28,T1_N1,12
468,multiplas_emergencias,PREEMPCAO,28,T1_N2,8
468,multiplas_emergencias,PREEMPCAO,28,T1_S0,11
468,multiplas_emergencias,PREEMPCAO,28,T1_S1,13
468,multiplas_emergencias,PREEMPCAO,28,T2_N1,11
468,multiplas_emergencias,PREEMPCAO,28,T2_N2,10
468,multiplas_emergencias,PREEMPCAO,28,T2_S0,8
468,multiplas_emergencias,PREEMPCAO,28,T2_S1,11
468,multiplas_emergencias,PREEMPCAO,28,T3_N1,9
468,multiplas_emergencias,PREEMPCAO,28,T3_N2,9
468,multiplas_emergencias,PREEMPCAO,28,T3_S0,9
468,multiplas_emergencias,PREEMPCAO,28,T3_S1,12
468,multiplas_emergencias,PREEMPCAO,28,T4_N1,8
468,multiplas_emergencias,PREEMPCAO,28,T4_N2,8
468,multiplas_emergencias,PREEMPCAO,28,T4_S0,8
468,multiplas_emergencias,PREEMPCAO,28,T4_S1,8
469,multiplas_emergencias,PREEMPCAO_COMPENSADA,28,A1_L0,14
469,multiplas_emergencias,PREEMPCAO_COMPENSADA,28,A1_L1,17
469,multiplas_emergencias,PREEMPCAO_COMPENSADA,28,A1_L2,18
469,multiplas_emergencias,PREEMPCAO_COMPENSADA,28,A1_L3,15
469,multiplas_emergencias,PREEMPCAO_COMPENSADA,28,A1_O1,18
469,multiplas_emergencias,PREEMPCAO_COMPENSADA,28,A1_O2,17
469,multiplas_emergencias,PREEMPCAO_COMPENSADA,28,A1_O3,18
469,multiplas_emergencias,PREEMPCAO_COMPENSADA,28,A1_O4,15
469,multiplas_emergencias,PREEMPCAO_COMPENSADA,28,A2_L0,14
469,multiplas_emergencias,PREEMPCAO_COMPENSADA,28,A2_L1,17
469,multiplas_emergencias,PREEMPCAO_COMPENSADA,28,A2_L2,26
469,multiplas_emergencias,PREEMPCAO_COMPENSADA,28,A2_L3,15
469,multiplas_emergencias,PREEMPCAO_COMPENSADA,28,A2_O1,20
469,multiplas_emergencias,PREEMPCAO_COMPENSADA,28,A2_O2,20
469,multiplas_emergencias,PREEMPCAO_COMPENSADA,28,A2_O3,20
469,multiplas_emergencias,PREEMPCAO_COMPENSADA,28,A2_O4,14
469,multiplas_emergencias,PREEMPCAO_COMPENSADA,28,T1_N1,12
469,multiplas_emergencias,PREEMPCAO_COMPENSADA,28,T1_N2,8
469,multiplas_emergencias,PREEMPCAO_COMPENSADA,28,T1_S0,11
469,multiplas_emergencias,PREEMPCAO_COMPENSADA,28,T1_S1,11
469,multiplas_emergencias,PREEMPCAO_COMPENSADA,28,T2_N1,13
469,multiplas_emergencias,PREEMPCAO_COMPENSADA,28,T2_N2,10
469,multiplas_emergencias,PREEMPCAO_COMPENSADA,28,T2_S0,9
469,multiplas_emergencias,PREEMPCAO_COMPENSADA,28,T2_S1,10
469,multiplas_emergencias,PREEMPCAO_COMPENSADA,28,T3_N1,10
469,multiplas_emergencias,PREEMPCAO_COMPENSADA,28,T3_N2,9
469,multiplas_emergencias,PREEMPCAO_COMPENSADA,28,T3_S0,9
469,multiplas_emergencias,PREEMPCAO_COMPENSADA,28,T3_S1,9
469,multiplas_emergencias,PREEMPCAO_COMPENSADA,28,T4_N1,8
469,multiplas_emergencias,PREEMPCAO_COMPENSADA,28,T4_N2,9
469,multiplas_emergencias,PREEMPCAO_COMPENSADA,28,T4_S0,9
469,multiplas_emergencias,PREEMPCAO_COMPENSADA,28,T4_S1,11
470,multiplas_emergencias,PREEMPCAO_ML,28,A1_L0,13
470,multiplas_emergencias,PREEMPCAO_ML,28,A1_L1,20
470,multiplas_emergencias,PREEMPCAO_ML,28,A1_L2,20
470,multiplas_emergencias,PREEMPCAO_ML,28,A1_L3,22
470,multiplas_emergencias,PREEMPCAO_ML,28,A1_O1,21
470,multiplas_emergencias,PREEMPCAO_ML,28,A1_O2,23
470,multiplas_emergencias,PREEMPCAO_ML,28,A1_O3,18
470,multiplas_emergencias,PREEMPCAO_ML,28,A1_O4,16
470,multiplas_emergencias,PREEMPCAO_ML,28,A2_L0,11
470,multiplas_emergencias,PREEMPCAO_ML,28,A2_L1,15
470,multiplas_emergencias,PREEMPCAO_ML,28,A2_L2,18
470,multiplas_emergencias,PREEMPCAO_ML,28,A2_L3,21
470,multiplas_emergencias,PREEMPCAO_ML,28,A2_O1,20
470,multiplas_emergencias,PREEMPCAO_ML,28,A2_O2,20
470,multiplas_emergencias,PREEMPCAO_ML,28,A2_O3,20
470,multiplas_emergencias,PREEMPCAO_ML,28,A2_O4,13
470,multiplas_emergencias,PREEMPCAO_ML,28,T1_N1,11
470,multiplas_emergencias,PREEMPCAO_ML,28,T1_N2,8
470,multiplas_emergencias,PREEMPCAO_ML,28,T1_S0,11
470,multiplas_emergencias,PREEMPCAO_ML,28,T1_S1,11
470,multiplas_emergencias,PREEMPCAO_ML,28,T2_N1,12
470,multiplas_emergencias,PREEMPCAO_ML,28,T2_N2,10
470,multiplas_emergencias,PREEMPCAO_ML,28,T2_S0,9
470,multiplas_emergencias,PREEMPCAO_ML,28,T2_S1,10
470,multiplas_emergencias,PREEMPCAO_ML,28,T3_N1,11
470,multiplas_emergencias,PREEMPCAO_ML,28,T3_N2,11
470,multiplas_emergencias,PREEMPCAO_ML,28,T3_S0,7
470,multiplas_emergencias,PREEMPCAO_ML,28,T3_S1,10
470,multiplas_emergencias,PREEMPCAO_ML,28,T4_N1,9
470,multiplas_emergencias,PREEMPCAO_ML,28,T4_N2,8
470,multiplas_emergencias,PREEMPCAO_ML,28,T4_S0,8
470,multiplas_emergencias,PREEMPCAO_ML,28,T4_S1,7
471,leve,FIXO,29,A1_L0,8
471,leve,FIXO,29,A1_L1,12
471,leve,FIXO,29,A1_L2,10
471,leve,FIXO,29,A1_L3,10
471,leve,FIXO,29,A1_O1,13
471,leve,FIXO,29,A1_O2,13
471,leve,FIXO,29,A1_O3,13
471,leve,FIXO,29,A1_O4,7
471,leve,FIXO,29,A2_L0,7
471,leve,FIXO,29,A2_L1,11
471,leve,FIXO,29,A2_L2,11
471,leve,FIXO,29,A2_L3,11
471,leve,FIXO,29,A2_O1,10
471,leve,FIXO,29,A2_O2,10
471,leve,FIXO,29,A2_O3,10
471,leve,FIXO,29,A2_O4,6
471,leve,FIXO,29,T1_N1,5
471,leve,FIXO,29,T1_N2,4
471,leve,FIXO,29,T1_S0,4
471,leve,FIXO,29,T1_S1,5
471,leve,FIXO,29,T2_N1,6
471,leve,FIXO,29,T2_N2,6
471,leve,FIXO,29,T2_S0,4
471,leve,FIXO,29,T2_S1,7
471,leve,FIXO,29,T3_N1,7
471,leve,FIXO,29,T3_N2,6
471,leve,FIXO,29,T3_S0,5
471,leve,FIXO,29,T3_S1,5
471,leve,FIXO,29,T4_N1,6
471,leve,FIXO,29,T4_N2,6
471,leve,FIXO,29,T4_S0,5
471,leve,FIXO,29,T4_S1,7
472,leve,PREEMPCAO,29,A1_L0,11
472,leve,PREEMPCAO,29,A1_L1,11
472,leve,PREEMPCAO,29,A1_L2,9
472,leve,PREEMPCAO,29,A1_L3,10
472,leve,PREEMPCAO,29,A1_O1,10
472,leve,PREEMPCAO,29,A1_O2,8
472,leve,PREEMPCAO,29,A1_O3,8
472,leve,PREEMPCAO,29,A1_O4,6
472,leve,PREEMPCAO,29,A2_L0,8
472,leve,PREEMPCAO,29,A2_L1,8
472,leve,PREEMPCAO,29,A2_L2,8
472,leve,PREEMPCAO,29,A2_L3,10
472,leve,PREEMPCAO,29,A2_O1,9
472,leve,PREEMPCAO,29,A2_O2,10
472,leve,PREEMPCAO,29,A2_O3,10
472,leve,PREEMPCAO,29,A2_O4,7
472,leve,PREEMPCAO,29,T1_N1,4
472,leve,PREEMPCAO,29,T1_N2,4
472,leve,PREEMPCAO,29,T1_S0,5
472,leve,PREEMPCAO,29,T1_S1,6
472,leve,PREEMPCAO,29,T2_N1,6
472,leve,PREEMPCAO,29,T2_N2,6
472,leve,PREEMPCAO,29,T2_S0,4
472,leve,PREEMPCAO,29,T2_S1,4
472,leve,PREEMPCAO,29,T3_N1,6
472,leve,PREEMPCAO,29,T3_N2,6
472,leve,PREEMPCAO,29,T3_S0,3
472,leve,PREEMPCAO,29,T3_S1,6
472,leve,PREEMPCAO,29,T4_N1,5
472,leve,PREEMPCAO,29,T4_N2,4
472,leve,PREEMPCAO,29,T4_S0,6
472,leve,PREEMPCAO,29,T4_S1,7
473,leve,PREEMPCAO_COMPENSADA,29,A1_L0,7
473,leve,PREEMPCAO_COMPENSADA,29,A1_L1,9
473,leve,PREEMPCAO_COMPENSADA,29,A1_L2,9
473,leve,PREEMPCAO_COMPENSADA,29,A1_L3,9
473,leve,PREEMPCAO_COMPENSADA,29,A1_O1,10
473,leve,PREEMPCAO_COMPENSADA,29,A1_O2,10
473,leve,PREEMPCAO_COMPENSADA,29,A1_O3,8
473,leve,PREEMPCAO_COMPENSADA,29,A1_O4,7
473,leve,PREEMPCAO_COMPENSADA,29,A2_L0,7
473,leve,PREEMPCAO_COMPENSADA,29,A2_L1,11
473,leve,PREEMPCAO_COMPENSADA,29,A2_L2,9
473,leve,PREEMPCAO_COMPENSADA,29,A2_L3,11
473,leve,PREEMPCAO_COMPENSADA,29,A2_O1,9
473,leve,PREEMPCAO_COMPENSADA,29,A2_O2,10
473,leve,PREEMPCAO_COMPENSADA,29,A2_O3,10
473,leve,PREEMPCAO_COMPENSADA,29,A2_O4,7
473,leve,PREEMPCAO_COMPENSADA,29,T1_N1,5
473,leve,PREEMPCAO_COMPENSADA,29,T1_N2,4
473,leve,PREEMPCAO_COMPENSADA,29,T1_S0,5
473,leve,PREEMPCAO_COMPENSADA,29,T1_S1,6
473,leve,PREEMPCAO_COMPENSADA,29,T2_N1,6
473,leve,PREEMPCAO_COMPENSADA,29,T2_N2,5
473,leve,PREEMPCAO_COMPENSADA,29,T2_S0,5
473,leve,PREEMPCAO_COMPENSADA,29,T2_S1,5
473,leve,PREEMPCAO_COMPENSADA,29,T3_N1,6
473,leve,PREEMPCAO_COMPENSADA,29,T3_N2,6
473,leve,PREEMPCAO_COMPENSADA,29,T3_S0,4
473,leve,PREEMPCAO_COMPENSADA,29,T3_S1,6
473,leve,PREEMPCAO_COMPENSADA,29,T4_N1,5
473,leve,PREEMPCAO_COMPENSADA,29,T4_N2,4
473,leve,PREEMPCAO_COMPENSADA,29,T4_S0,5
473,leve,PREEMPCAO_COMPENSADA,29,T4_S1,8
474,moderado,FIXO,29,A1_L0,17
474,moderado,FIXO,29,A1_L1,21
474,moderado,FIXO,29,A1_L2,21
474,moderado,FIXO,29,A1_L3,21
474,moderado,FIXO,29,A1_O1,22
474,moderado,FIXO,29,A1_O2,22
474,moderado,FIXO,29,A1_O3,22
474,moderado,FIXO,29,A1_O4,13
474,moderado,FIXO,29,A2_L0,14
474,moderado,FIXO,29,A2_L1,22
474,moderado,FIXO,29,A2_L2,22
474,moderado,FIXO,29,A2_L3,22
474,moderado,FIXO,29,A2_O1,24
474,moderado,FIXO,29,A2_O2,24
474,moderado,FIXO,29,A2_O3,24
474,moderado,FIXO,29,A2_O4,12
474,moderado,FIXO,29,T1_N1,8
474,moderado,FIXO,29,T1_N2,9
474,moderado,FIXO,29,T1_S0,9
474,moderado,FIXO,29,T1_S1,9
474,moderado,FIXO,29,T2_N1,9
474,moderado,FIXO,29,T2_N2,6
474,moderado,FIXO,29,T2_S0,8
474,moderado,FIXO,29,T2_S1,9
474,moderado,FIXO,29,T3_N1,8
474,moderado,FIXO,29,T3_N2,9
474,moderado,FIXO,29,T3_S0,9
474,moderado,FIXO,29,T3_S1,8
474,moderado,FIXO,29,T4_N1,9
474,moderado,FIXO,29,T4_N2,7
474,moderado,FIXO,29,T4_S0,8
474,moderado,FIXO,29,T4_S1,9
475,moderado,PREEMPCAO,29,A1_L0,15
475,moderado,PREEMPCAO,29,A1_L1,18
475,moderado,PREEMPCAO,29,A1_L2,17
475,moderado,PREEMPCAO,29,A1_L3,23
475,moderado,PREEMPCAO,29,A1_O1,19
475,moderado,PREEMPCAO,29,A1_O2,16
475,moderado,PREEMPCAO,29,A1_O3,16
475,moderado,PREEMPCAO,29,A1_O4,13
475,moderado,PREEMPCAO,29,A2_L0,14
475,moderado,PREEMPCAO,29,A2_L1,17
475,moderado,PREEMPCAO,29,A2_L2,17
475,moderado,PREEMPCAO,29,A2_L3,20
475,moderado,PREEMPCAO,29,A2_O1,18
475,moderado,PREEMPCAO,29,A2_O2,18
475,moderado,PREEMPCAO,29,A2_O3,20
475,moderado,PREEMPCAO,29,A2_O4,13
475,moderado,PREEMPCAO,29,T1_N1,9
475,moderado,PREEMPCAO,29,T1_N2,9
475,moderado,PREEMPCAO,29,T1_S0,11
475,moderado,PREEMPCAO,29,T1_S1,11
475,moderado,PREEMPCAO,29,T2_N1,8
475,moderado,PREEMPCAO,29,T2_N2,8
475,moderado,PREEMPCAO,29,T2_S0,8
475,moderado,PREEMPCAO,29,T2_S1,9
475,moderado,PREEMPCAO,29,T3_N1,12
475,moderado,PREEMPCAO,29,T3_N2,9
475,moderado,PREEMPCAO,29,T3_S0,11
475,moderado,PREEMPCAO,29,T3_S1,10
475,moderado,PREEMPCAO,29,T4_N1,9
475,moderado,PREEMPCAO,29,T4_N2,7
475,moderado,PREEMPCAO,29,T4_S0,9
475,moderado,PREEMPCAO,29,T4_S1,9
476,moderado,PREEMPCAO_COMPENSADA,29,A1_L0,14
476,moderado,PREEMPCAO_COMPENSADA,29,A1_L1,20
476,moderado,PREEMPCAO_COMPENSADA,29,A1_L2,18
476,moderado,PREEMPCAO_COMPENSADA,29,A1_L3,23
476,moderado,PREEMPCAO_COMPENSADA,29,A1_O1,20
476,moderado,PREEMPCAO_COMPENSADA,29,A1_O2,19
476,moderado,PREEMPCAO_COMPENSADA,29,A1_O3,17
476,moderado,PREEMPCAO_COMPENSADA,29,A1_O4,16
476,moderado,PREEMPCAO_COMPENSADA,29,A2_L0,13
476,moderado,PREEMPCAO_COMPENSADA,29,A2_L1,21
476,moderado,PREEMPCAO_COMPENSADA,29,A2_L2,17
476,moderado,PREEMPCAO_COMPENSADA,29,A2_L3,21
476,moderado,PREEMPCAO_COMPENSADA,29,A2_O1,18
476,moderado,PREEMPCAO_COMPENSADA,29,A2_O2,18
476,moderado,PREEMPCAO_COMPENSADA,29,A2_O3,25
476,moderado,PREEMPCAO_COMPENSADA,29,A2_O4,15
476,moderado,PREEMPCAO_COMPENSADA,29,T1_N1,10
476,moderado,PREEMPCAO_COMPENSADA,29,T1_N2,10
476,moderado,PREEMPCAO_COMPENSADA,29,T1_S0,11
476,moderado,PREEMPCAO_COMPENSADA,29,T1_S1,13
476,moderado,PREEMPCAO_COMPENSADA,29,T2_N1,8
476,moderado,PREEMPCAO_COMPENSADA,29,T2_N2,8
476,moderado,PREEMPCAO_COMPENSADA,29,T2_S0,9
476,moderado,PREEMPCAO_COMPENSADA,29,T2_S1,11
476,moderado,PREEMPCAO_COMPENSADA,29,T3_N1,13
476,moderado,PREEMPCAO_COMPENSADA,29,T3_N2,9
476,moderado,PREEMPCAO_COMPENSADA,29,T3_S0,7
476,moderado,PREEMPCAO_COMPENSADA,29,T3_S1,11
476,moderado,PREEMPCAO_COMPENSADA,29,T4_N1,9
476,moderado,PREEMPCAO_COMPENSADA,29,T4_N2,8
476,moderado,PREEMPCAO_COMPENSADA,29,T4_S0,8
476,moderado,PREEMPCAO_COMPENSADA,29,T4_S1,12
477,intenso,FIXO,29,A1_L0,26
477,intenso,FIXO,29,A1_L1,28
477,intenso,FIXO,29,A1_L2,28
477,intenso,FIXO,29,A1_L3,28
477,intenso,FIXO,29,A1_O1,28
477,intenso,FIXO,29,A1_O2,27
477,intenso,FIXO,29,A1_O3,27
477,intenso,FIXO,29,A1_O4,20
477,intenso,FIXO,29,A2_L0,20
477,intenso,FIXO,29,A2_L1,28
477,intenso,FIXO,29,A2_L2,28
477,intenso,FIXO,29,A2_L3,28
477,intenso,FIXO,29,A2_O1,28
477,intenso,FIXO,29,A2_O2,28
477,intenso,FIXO,29,A2_O3,27
477,intenso,FIXO,29,A2_O4,23
477,intenso,FIXO,29,T1_N1,9
477,intenso,FIXO,29,T1_N2,14
477,intenso,FIXO,29,T1_S0,14
477,intenso,FIXO,29,T1_S1,10
477,intenso,FIXO,29,T2_N1,10
477,intenso,FIXO,29,T2_N2,12
477,intenso,FIXO,29,T2_S0,15
477,intenso,FIXO,29,T2_S1,10
477,intenso,FIXO,29,T3_N1,10
477,intenso,FIXO,29,T3_N2,15
477,intenso,FIXO,29,T3_S0,15
477,intenso,FIXO,29,T3_S1,9
477,intenso,FIXO,29,T4_N1,9
477,intenso,FIXO,29,T4_N2,13
477,intenso,FIXO,29,T4_S0,15
477,intenso,FIXO,29,T4_S1,10
478,intenso,PREEMPCAO,29,A1_L0,27
478,intenso,PREEMPCAO,29,A1_L1,26
478,intenso,PREEMPCAO,29,A1_L2,26
478,intenso,PREEMPCAO,29,A1_L3,26
478,intenso,PREEMPCAO,29,A1_O1,27
478,intenso,PREEMPCAO,29,A1_O2,27
478,intenso,PREEMPCAO,29,A1_O3,27
478,intenso,PREEMPCAO,29,A1_O4,23
478,intenso,PREEMPCAO,29,A2_L0,22
478,intenso,PREEMPCAO,29,A2_L1,28
478,intenso,PREEMPCAO,29,A2_L2,25
478,intenso,PREEMPCAO,29,A2_L3,30
478,intenso,PREEMPCAO,29,A2_O1,26
478,intenso,PREEMPCAO,29,A2_O2,26
478,intenso,PREEMPCAO,29,A2_O3,26
478,intenso,PREEMPCAO,29,A2_O4,30
478,intenso,PREEMPCAO,29,T1_N1,12
478,intenso,PREEMPCAO,29,T1_N2,14
478,intenso,PREEMPCAO,29,T1_S0,12
478,intenso,PREEMPCAO,29,T1_S1,14
478,intenso,PREEMPCAO,29,T2_N1,13
478,intenso,PREEMPCAO,29,T2_N2,13
478,intenso,PREEMPCAO,29,T2_S0,15
478,intenso,PREEMPCAO,29,T2_S1,14
478,intenso,PREEMPCAO,29,T3_N1,13
478,intenso,PREEMPCAO,29,T3_N2,15
478,intenso,PREEMPCAO,29,T3_S0,15
478,intenso,PREEMPCAO,29,T3_S1,14
478,intenso,PREEMPCAO,29,T4_N1,14
478,intenso,PREEMPCAO,29,T4_N2,14
478,intenso,PREEMPCAO,29,T4_S0,15
478,intenso,PREEMPCAO,29,T4_S1,13
479,intenso,PREEMPCAO_COMPENSADA,29,A1_L0,29
479,intenso,PREEMPCAO_COMPENSADA,29,A1_L1,26
479,intenso,PREEMPCAO_COMPENSADA,29,A1_L2,29
479,intenso,PREEMPCAO_COMPENSADA,29,A1_L3,27
479,intenso,PREEMPCAO_COMPENSADA,29,A1_O1,25
479,intenso,PREEMPCAO_COMPENSADA,29,A1_O2,27
479,intenso,PREEMPCAO_COMPENSADA,29,A1_O3,27
479,intenso,PREEMPCAO_COMPENSADA,29,A1_O4,28
479,intenso,PREEMPCAO_COMPENSADA,29,A2_L0,30
479,intenso,PREEMPCAO_COMPENSADA,29,A2_L1,28
479,intenso,PREEMPCAO_COMPENSADA,29,A2_L2,25
479,intenso,PREEMPCAO_COMPENSADA,29,A2_L3,27
479,intenso,PREEMPCAO_COMPENSADA,29,A2_O1,26
479,intenso,PREEMPCAO_COMPENSADA,29,A2_O2,26
479,intenso,PREEMPCAO_COMPENSADA,29,A2_O3,30
479,intenso,PREEMPCAO_COMPENSADA,29,A2_O4,20
479,intenso,PREEMPCAO_COMPENSADA,29,T1_N1,15
479,intenso,PREEMPCAO_COMPENSADA,29,T1_N2,14
479,intenso,PREEMPCAO_COMPENSADA,29,T1_S0,11
479,intenso,PREEMPCAO_COMPENSADA,29,T1_S1,14
479,intenso,PREEMPCAO_COMPENSADA,29,T2_N1,13
479,intenso,PREEMPCAO_COMPENSADA,29,T2_N2,13
479,intenso,PREEMPCAO_COMPENSADA,29,T2_S0,15
479,intenso,PREEMPCAO_COMPENSADA,29,T2_S1,15
479,intenso,PREEMPCAO_COMPENSADA,29,T3_N1,13
479,intenso,PREEMPCAO_COMPENSADA,29,T3_N2,15
479,intenso,PREEMPCAO_COMPENSADA,29,T3_S0,15
479,intenso,PREEMPCAO_COMPENSADA,29,T3_S1,15
479,intenso,PREEMPCAO_COMPENSADA,29,T4_N1,13
479,intenso,PREEMPCAO_COMPENSADA,29,T4_N2,15
479,intenso,PREEMPCAO_COMPENSADA,29,T4_S0,15
479,intenso,PREEMPCAO_COMPENSADA,29,T4_S1,15
480,multiplas_emergencias,FIXO,29,A1_L0,17
480,multiplas_emergencias,FIXO,29,A1_L1,21
480,multiplas_emergencias,FIXO,29,A1_L2,21
480,multiplas_emergencias,FIXO,29,A1_L3,21
480,multiplas_emergencias,FIXO,29,A1_O1,22
480,multiplas_emergencias,FIXO,29,A1_O2,22
480,multiplas_emergencias,FIXO,29,A1_O3,22
480,multiplas_emergencias,FIXO,29,A1_O4,13
480,multiplas_emergencias,FIXO,29,A2_L0,14
480,multiplas_emergencias,FIXO,29,A2_L1,22
480,multiplas_emergencias,FIXO,29,A2_L2,22
480,multiplas_emergencias,FIXO,29,A2_L3,23
480,multiplas_emergencias,FIXO,29,A2_O1,24
480,multiplas_emergencias,FIXO,29,A2_O2,24
480,multiplas_emergencias,FIXO,29,A2_O3,24
480,multiplas_emergencias,FIXO,29,A2_O4,12
480,multiplas_emergencias,FIXO,29,T1_N1,8
480,multiplas_emergencias,FIXO,29,T1_N2,9
480,multiplas_emergencias,FIXO,29,T1_S0,9
480,multiplas_emergencias,FIXO,29,T1_S1,9
480,multiplas_emergencias,FIXO,29,T2_N1,9
480,multiplas_emergencias,FIXO,29,T2_N2,6
480,multiplas_emergencias,FIXO,29,T2_S0,8
480,multiplas_emergencias,FIXO,29,T2_S1,9
480,multiplas_emergencias,FIXO,29,T3_N1,8
480,multiplas_emergencias,FIXO,29,T3_N2,9
480,multiplas_emergencias,FIXO,29,T3_S0,9
480,multiplas_emergencias,FIXO,29,T3_S1,8
480,multiplas_emergencias,FIXO,29,T4_N1,9
480,multiplas_emergencias,FIXO,29,T4_N2,7
480,multiplas_emergencias,FIXO,29,T4_S0,8
480,multiplas_emergencias,FIXO,29,T4_S1,9
481,multiplas_emergencias,PREEMPCAO,29,A1_L0,15
481,multiplas_emergencias,PREEMPCAO,29,A1_L1,15
481,multiplas_emergencias,PREEMPCAO,29,A1_L2,21
481,multiplas_emergencias,PREEMPCAO,29,A1_L3,15
481,multiplas_emergencias,PREEMPCAO,29,A1_O1,10
481,multiplas_emergencias,PREEMPCAO,29,A1_O2,16
481,multiplas_emergencias,PREEMPCAO,29,A1_O3,16
481,multiplas_emergencias,PREEMPCAO,29,A1_O4,13
481,multiplas_emergencias,PREEMPCAO,29,A2_L0,12
481,multiplas_emergencias,PREEMPCAO,29,A2_L1,19
481,multiplas_emergencias,PREEMPCAO,29,A2_L2,16
481,multiplas_emergencias,PREEMPCAO,29,A2_L3,18
481,multiplas_emergencias,PREEMPCAO,29,A2_O1,19
481,multiplas_emergencias,PREEMPCAO,29,A2_O2,16
481,multiplas_emergencias,PREEMPCAO,29,A2_O3,19
481,multiplas_emergencias,PREEMPCAO,29,A2_O4,14
481,multiplas_emergencias,PREEMPCAO,29,T1_N1,11
481,multiplas_emergencias,PREEMPCAO,29,T1_N2,9
481,multiplas_emergencias,PREEMPCAO,29,T1_S0,11
481,multiplas_emergencias,PREEMPCAO,29,T1_S1,11
481,multiplas_emergencias,PREEMPCAO,29,T2_N1,11
481,multiplas_emergencias,PREEMPCAO,29,T2_N2,9
481,multiplas_emergencias,PREEMPCAO,29,T2_S0,8
481,multiplas_emergencias,PREEMPCAO,29,T2_S1,9
481,multiplas_emergencias,PREEMPCAO,29,T3_N1,13
481,multiplas_emergencias,PREEMPCAO,29,T3_N2,9
481,multiplas_emergencias,PREEMPCAO,29,T3_S0,11
481,multiplas_emergencias,PREEMPCAO,29,T3_S1,9
481,multiplas_emergencias,PREEMPCAO,29,T4_N1,9
481,multiplas_emergencias,PREEMPCAO,29,T4_N2,7
481,multiplas_emergencias,PREEMPCAO,29,T4_S0,8
481,multiplas_emergencias,PREEMPCAO,29,T4_S1,9
482,multiplas_emergencias,PREEMPCAO_COMPENSADA,29,A1_L0,14
482,multiplas_emergencias,PREEMPCAO_COMPENSADA,29,A1_L1,22
482,multiplas_emergencias,PREEMPCAO_COMPENSADA,29,A1_L2,21
482,multiplas_emergencias,PREEMPCAO_COMPENSADA,29,A1_L3,17
482,multiplas_emergencias,PREEMPCAO_COMPENSADA,29,A1_O1,23
482,multiplas_emergencias,PREEMPCAO_COMPENSADA,29,A1_O2,21
482,multiplas_emergencias,PREEMPCAO_COMPENSADA,29,A1_O3,21
482,multiplas_emergencias,PREEMPCAO_COMPENSADA,29,A1_O4,16
482,multiplas_emergencias,PREEMPCAO_COMPENSADA,29,A2_L0,15
482,multiplas_emergencias,PREEMPCAO_COMPENSADA,29,A2_L1,21
482,multiplas_emergencias,PREEMPCAO_COMPENSADA,29,A2_L2,23
482,multiplas_emergencias,PREEMPCAO_COMPENSADA,29,A2_L3,16
482,multiplas_emergencias,PREEMPCAO_COMPENSADA,29,A2_O1,25
482,multiplas_emergencias,PREEMPCAO_COMPENSADA,29,A2_O2,20
482,multiplas_emergencias,PREEMPCAO_COMPENSADA,29,A2_O3,22
482,multiplas_emergencias,PREEMPCAO_COMPENSADA,29,A2_O4,18
482,multiplas_emergencias,PREEMPCAO_COMPENSADA,29,T1_N1,11
482,multiplas_emergencias,PREEMPCAO_COMPENSADA,29,T1_N2,9
482,multiplas_emergencias,PREEMPCAO_COMPENSADA,29,T1_S0,11
482,multiplas_emergencias,PREEMPCAO_COMPENSADA,29,T1_S1,13
482,multiplas_emergencias,PREEMPCAO_COMPENSADA,29,T2_N1,10
482,multiplas_emergencias,PREEMPCAO_COMPENSADA,29,T2_N2,9
482,multiplas_emergencias,PREEMPCAO_COMPENSADA,29,T2_S0,7
482,multiplas_emergencias,PREEMPCAO_COMPENSADA,29,T2_S1,9
482,multiplas_emergencias,PREEMPCAO_COMPENSADA,29,T3_N1,14
482,multiplas_emergencias,PREEMPCAO_COMPENSADA,29,T3_N2,9
482,multiplas_emergencias,PREEMPCAO_COMPENSADA,29,T3_S0,8
482,multiplas_emergencias,PREEMPCAO_COMPENSADA,29,T3_S1,9
482,multiplas_emergencias,PREEMPCAO_COMPENSADA,29,T4_N1,10
482,multiplas_emergencias,PREEMPCAO_COMPENSADA,29,T4_N2,8
482,multiplas_emergencias,PREEMPCAO_COMPENSADA,29,T4_S0,8
482,multiplas_emergencias,PREEMPCAO_COMPENSADA,29,T4_S1,11
483,multiplas_emergencias,PREEMPCAO_ML,29,A1_L0,15
483,multiplas_emergencias,PREEMPCAO_ML,29,A1_L1,21
483,multiplas_emergencias,PREEMPCAO_ML,29,A1_L2,21
483,multiplas_emergencias,PREEMPCAO_ML,29,A1_L3,20
483,multiplas_emergencias,PREEMPCAO_ML,29,A1_O1,20
483,multiplas_emergencias,PREEMPCAO_ML,29,A1_O2,20
483,multiplas_emergencias,PREEMPCAO_ML,29,A1_O3,16
483,multiplas_emergencias,PREEMPCAO_ML,29,A1_O4,14
483,multiplas_emergencias,PREEMPCAO_ML,29,A2_L0,12
483,multiplas_emergencias,PREEMPCAO_ML,29,A2_L1,18
483,multiplas_emergencias,PREEMPCAO_ML,29,A2_L2,16
483,multiplas_emergencias,PREEMPCAO_ML,29,A2_L3,21
483,multiplas_emergencias,PREEMPCAO_ML,29,A2_O1,24
483,multiplas_emergencias,PREEMPCAO_ML,29,A2_O2,19
483,multiplas_emergencias,PREEMPCAO_ML,29,A2_O3,18
483,multiplas_emergencias,PREEMPCAO_ML,29,A2_O4,15
483,multiplas_emergencias,PREEMPCAO_ML,29,T1_N1,11
483,multiplas_emergencias,PREEMPCAO_ML,29,T1_N2,9
483,multiplas_emergencias,PREEMPCAO_ML,29,T1_S0,11
483,multiplas_emergencias,PREEMPCAO_ML,29,T1_S1,11
483,multiplas_emergencias,PREEMPCAO_ML,29,T2_N1,10
483,multiplas_emergencias,PREEMPCAO_ML,29,T2_N2,9
483,multiplas_emergencias,PREEMPCAO_ML,29,T2_S0,8
483,multiplas_emergencias,PREEMPCAO_ML,29,T2_S1,8
483,multiplas_emergencias,PREEMPCAO_ML,29,T3_N1,15
483,multiplas_emergencias,PREEMPCAO_ML,29,T3_N2,11
483,multiplas_emergencias,PREEMPCAO_ML,29,T3_S0,11
483,multiplas_emergencias,PREEMPCAO_ML,29,T3_S1,13
483,multiplas_emergencias,PREEMPCAO_ML,29,T4_N1,11
483,multiplas_emergencias,PREEMPCAO_ML,29,T4_N2,8
483,multiplas_emergencias,PREEMPCAO_ML,29,T4_S0,7
483,multiplas_emergencias,PREEMPCAO_ML,29,T4_S1,11
484,leve,FIXO,30,A1_L0,8
484,leve,FIXO,30,A1_L1,11
484,leve,FIXO,30,A1_L2,11
484,leve,FIXO,30,A1_L3,11
484,leve,FIXO,30,A1_O1,11
484,leve,FIXO,30,A1_O2,11
484,leve,FIXO,30,A1_O3,11
484,leve,FIXO,30,A1_O4,7
484,leve,FIXO,30,A2_L0,8
484,leve,FIXO,30,A2_L1,16
484,leve,FIXO,30,A2_L2,16
484,leve,FIXO,30,A2_L3,16
484,leve,FIXO,30,A2_O1,14
484,leve,FIXO,30,A2_O2,14
484,leve,FIXO,30,A2_O3,14
484,leve,FIXO,30,A2_O4,7
484,leve,FIXO,30,T1_N1,7
484,leve,FIXO,30,T1_N2,6
484,leve,FIXO,30,T1_S0,4
484,leve,FIXO,30,T1_S1,6
484,leve,FIXO,30,T2_N1,7
484,leve,FIXO,30,T2_N2,4
484,leve,FIXO,30,T2_S0,4
484,leve,FIXO,30,T2_S1,5
484,leve,FIXO,30,T3_N1,6
484,leve,FIXO,30,T3_N2,4
484,leve,FIXO,30,T3_S0,4
484,leve,FIXO,30,T3_S1,7
484,leve,FIXO,30,T4_N1,4
484,leve,FIXO,30,T4_N2,4
484,leve,FIXO,30,T4_S0,4
484,leve,FIXO,30,T4_S1,6
485,leve,PREEMPCAO,30,A1_L0,7
485,leve,PREEMPCAO,30,A1_L1,9
485,leve,PREEMPCAO,30,A1_L2,8
485,leve,PREEMPCAO,30,A1_L3,13
485,leve,PREEMPCAO,30,A1_O1,12
485,leve,PREEMPCAO,30,A1_O2,10
485,leve,PREEMPCAO,30,A1_O3,10
485,leve,PREEMPCAO,30,A1_O4,7
485,leve,PREEMPCAO,30,A2_L0,6
485,leve,PREEMPCAO,30,A2_L1,12
485,leve,PREEMPCAO,30,A2_L2,12
485,leve,PREEMPCAO,30,A2_L3,14
485,leve,PREEMPCAO,30,A2_O1,7
485,leve,PREEMPCAO,30,A2_O2,7
485,leve,PREEMPCAO,30,A2_O3,14
485,leve,PREEMPCAO,30,A2_O4,7
485,leve,PREEMPCAO,30,T1_N1,7
485,leve,PREEMPCAO,30,T1_N2,6
485,leve,PREEMPCAO,30,T1_S0,5
485,leve,PREEMPCAO,30,T1_S1,5
485,leve,PREEMPCAO,30,T2_N1,7
485,leve,PREEMPCAO,30,T2_N2,5
485,leve,PREEMPCAO,30,T2_S0,4
485,leve,PREEMPCAO,30,T2_S1,5
485,leve,PREEMPCAO,30,T3_N1,4
485,leve,PREEMPCAO,30,T3_N2,5
485,leve,PREEMPCAO,30,T3_S0,5
485,leve,PREEMPCAO,30,T3_S1,5
485,leve,PREEMPCAO,30,T4_N1,4
485,leve,PREEMPCAO,30,T4_N2,4
485,leve,PREEMPCAO,30,T4_S0,5
485,leve,PREEMPCAO,30,T4_S1,5
486,leve,PREEMPCAO_COMPENSADA,30,A1_L0,9
486,leve,PREEMPCAO_COMPENSADA,30,A1_L1,12
486,leve,PREEMPCAO_COMPENSADA,30,A1_L2,12
486,leve,PREEMPCAO_COMPENSADA,30,A1_L3,12
486,leve,PREEMPCAO_COMPENSADA,30,A1_O1,12
486,leve,PREEMPCAO_COMPENSADA,30,A1_O2,10
486,leve,PREEMPCAO_COMPENSADA,30,A1_O3,10
486,leve,PREEMPCAO_COMPENSADA,30,A1_O4,7
486,leve,PREEMPCAO_COMPENSADA,30,A2_L0,7
486,leve,PREEMPCAO_COMPENSADA,30,A2_L1,12
486,leve,PREEMPCAO_COMPENSADA,30,A2_L2,12
486,leve,PREEMPCAO_COMPENSADA,30,A2_L3,12
486,leve,PREEMPCAO_COMPENSADA,30,A2_O1,7
486,leve,PREEMPCAO_COMPENSADA,30,A2_O2,11
486,leve,PREEMPCAO_COMPENSADA,30,A2_O3,7
486,leve,PREEMPCAO_COMPENSADA,30,A2_O4,8
486,leve,PREEMPCAO_COMPENSADA,30,T1_N1,5
486,leve,PREEMPCAO_COMPENSADA,30,T1_N2,6
486,leve,PREEMPCAO_COMPENSADA,30,T1_S0,5
486,leve,PREEMPCAO_COMPENSADA,30,T1_S1,5
486,leve,PREEMPCAO_COMPENSADA,30,T2_N1,5
486,leve,PREEMPCAO_COMPENSADA,30,T2_N2,5
486,leve,PREEMPCAO_COMPENSADA,30,T2_S0,4
486,leve,PREEMPCAO_COMPENSADA,30,T2_S1,6
486,leve,PREEMPCAO_COMPENSADA,30,T3_N1,6
486,leve,PREEMPCAO_COMPENSADA,30,T3_N2,4
486,leve,PREEMPCAO_COMPENSADA,30,T3_S0,5
486,leve,PREEMPCAO_COMPENSADA,30,T3_S1,7
486,leve,PREEMPCAO_COMPENSADA,30,T4_N1,5
486,leve,PREEMPCAO_COMPENSADA,30,T4_N2,4
486,leve,PREEMPCAO_COMPENSADA,30,T4_S0,4
486,leve,PREEMPCAO_COMPENSADA,30,T4_S1,6
487,moderado,FIXO,30,A1_L0,19
487,moderado,FIXO,30,A1_L1,22
487,moderado,FIXO,30,A1_L2,22
487,moderado,FIXO,30,A1_L3,22
487,moderado,FIXO,30,A1_O1,22
487,moderado,FIXO,30,A1_O2,22
487,moderado,FIXO,30,A1_O3,22
487,moderado,FIXO,30,A1_O4,15
487,moderado,FIXO,30,A2_L0,14
487,moderado,FIXO,30,A2_L1,24
487,moderado,FIXO,30,A2_L2,24
487,moderado,FIXO,30,A2_L3,24
487,moderado,FIXO,30,A2_O1,20
487,moderado,FIXO,30,A2_O2,20
487,moderado,FIXO,30,A2_O3,20
487,moderado,FIXO,30,A2_O4,12
487,moderado,FIXO,30,T1_N1,9
487,moderado,FIXO,30,T1_N2,9
487,moderado,FIXO,30,T1_S0,9
487,moderado,FIXO,30,T1_S1,8
487,moderado,FIXO,30,T2_N1,8
487,moderado,FIXO,30,T2_N2,9
487,moderado,FIXO,30,T2_S0,8
487,moderado,FIXO,30,T2_S1,9
487,moderado,FIXO,30,T3_N1,8
487,moderado,FIXO,30,T3_N2,8
487,moderado,FIXO,30,T3_S0,8
487,moderado,FIXO,30,T3_S1,8
487,moderado,FIXO,30,T4_N1,9
487,moderado,FIXO,30,T4_N2,7
487,moderado,FIXO,30,T4_S0,8
487,moderado,FIXO,30,T4_S1,9
488,moderado,PREEMPCAO,30,A1_L0,17
488,moderado,PREEMPCAO,30,A1_L1,17
488,moderado,PREEMPCAO,30,A1_L2,14
488,moderado,PREEMPCAO,30,A1_L3,14
488,moderado,PREEMPCAO,30,A1_O1,19
488,moderado,PREEMPCAO,30,A1_O2,19
488,moderado,PREEMPCAO,30,A1_O3,19
488,moderado,PREEMPCAO,30,A1_O4,17
488,moderado,PREEMPCAO,30,A2_L0,14
488,moderado,PREEMPCAO,30,A2_L1,24
488,moderado,PREEMPCAO,30,A2_L2,23
488,moderado,PREEMPCAO,30,A2_L3,22
488,moderado,PREEMPCAO,30,A2_O1,17
488,moderado,PREEMPCAO,30,A2_O2,17
488,moderado,PREEMPCAO,30,A2_O3,18
488,moderado,PREEMPCAO,30,A2_O4,14
488,moderado,PREEMPCAO,30,T1_N1,9
488,moderado,PREEMPCAO,30,T1_N2,9
488,moderado,PREEMPCAO,30,T1_S0,7
488,moderado,PREEMPCAO,30,T1_S1,13
488,moderado,PREEMPCAO,30,T2_N1,11
488,moderado,PREEMPCAO,30,T2_N2,10
488,moderado,PREEMPCAO,30,T2_S0,8
488,moderado,PREEMPCAO,30,T2_S1,9
488,moderado,PREEMPCAO,30,T3_N1,7
488,moderado,PREEMPCAO,30,T3_N2,11
488,moderado,PREEMPCAO,30,T3_S0,9
488,moderado,PREEMPCAO,30,T3_S1,11
488,moderado,PREEMPCAO,30,T4_N1,11
488,moderado,PREEMPCAO,30,T4_N2,7
488,moderado,PREEMPCAO,30,T4_S0,8
488,moderado,PREEMPCAO,30,T4_S1,10
489,moderado,PREEMPCAO_COMPENSADA,30,A1_L0,15
489,moderado,PREEMPCAO_COMPENSADA,30,A1_L1,17
489,moderado,PREEMPCAO_COMPENSADA,30,A1_L2,15
489,moderado,PREEMPCAO_COMPENSADA,30,A1_L3,20
489,moderado,PREEMPCAO_COMPENSADA,30,A1_O1,16
489,moderado,PREEMPCAO_COMPENSADA,30,A1_O2,20
489,moderado,PREEMPCAO_COMPENSADA,30,A1_O3,22
489,moderado,PREEMPCAO_COMPENSADA,30,A1_O4,18
489,moderado,PREEMPCAO_COMPENSADA,30,A2_L0,17
489,moderado,PREEMPCAO_COMPENSADA,30,A2_L1,24
489,moderado,PREEMPCAO_COMPENSADA,30,A2_L2,24
489,moderado,PREEMPCAO_COMPENSADA,30,A2_L3,21
489,moderado,PREEMPCAO_COMPENSADA,30,A2_O1,20
489,moderado,PREEMPCAO_COMPENSADA,30,A2_O2,17
489,moderado,PREEMPCAO_COMPENSADA,30,A2_O3,20
489,moderado,PREEMPCAO_COMPENSADA,30,A2_O4,14
489,moderado,PREEMPCAO_COMPENSADA,30,T1_N1,10
489,moderado,PREEMPCAO_COMPENSADA,30,T1_N2,13
489,moderado,PREEMPCAO_COMPENSADA,30,T1_S0,9
489,moderado,PREEMPCAO_COMPENSADA,30,T1_S1,12
489,moderado,PREEMPCAO_COMPENSADA,30,T2_N1,10
489,moderado,PREEMPCAO_COMPENSADA,30,T2_N2,10
489,moderado,PREEMPCAO_COMPENSADA,30,T2_S0,10
489,moderado,PREEMPCAO_COMPENSADA,30,T2_S1,11
489,moderado,PREEMPCAO_COMPENSADA,30,T3_N1,11
489,moderado,PREEMPCAO_COMPENSADA,30,T3_N2,10
489,moderado,PREEMPCAO_COMPENSADA,30,T3_S0,9
489,moderado,PREEMPCAO_COMPENSADA,30,T3_S1,9
489,moderado,PREEMPCAO_COMPENSADA,30,T4_N1,8
489,moderado,PREEMPCAO_COMPENSADA,30,T4_N2,7
489,moderado,PREEMPCAO_COMPENSADA,30,T4_S0,9
489,moderado,PREEMPCAO_COMPENSADA,30,T4_S1,12
490,intenso,FIXO,30,A1_L0,23
490,intenso,FIXO,30,A1_L1,28
490,intenso,FIXO,30,A1_L2,27
490,intenso,FIXO,30,A1_L3,28
490,intenso,FIXO,30,A1_O1,28
490,intenso,FIXO,30,A1_O2,28
490,intenso,FIXO,30,A1_O3,28
490,intenso,FIXO,30,A1_O4,22
490,intenso,FIXO,30,A2_L0,23
490,intenso,FIXO,30,A2_L1,27
490,intenso,FIXO,30,A2_L2,27
490,intenso,FIXO,30,A2_L3,27
490,intenso,FIXO,30,A2_O1,28
490,intenso,FIXO,30,A2_O2,28
490,intenso,FIXO,30,A2_O3,28
490,intenso,FIXO,30,A2_O4,24
490,intenso,FIXO,30,T1_N1,10
490,intenso,FIXO,30,T1_N2,14
490,intenso,FIXO,30,T1_S0,15
490,intenso,FIXO,30,T1_S1,11
490,intenso,FIXO,30,T2_N1,9
490,intenso,FIXO,30,T2_N2,13
490,intenso,FIXO,30,T2_S0,14
490,intenso,FIXO,30,T2_S1,10
490,intenso,FIXO,30,T3_N1,10
490,intenso,FIXO,30,T3_N2,15
490,intenso,FIXO,30,T3_S0,13
490,intenso,FIXO,30,T3_S1,10
490,intenso,FIXO,30,T4_N1,9
490,intenso,FIXO,30,T4_N2,11
490,intenso,FIXO,30,T4_S0,14
490,intenso,FIXO,30,T4_S1,9
491,intenso,PREEMPCAO,30,A1_L0,25
491,intenso,PREEMPCAO,30,A1_L1,26
491,intenso,PREEMPCAO,30,A1_L2,23
491,intenso,PREEMPCAO,30,A1_L3,23
491,intenso,PREEMPCAO,30,A1_O1,25
491,intenso,PREEMPCAO,30,A1_O2,26
491,intenso,PREEMPCAO,30,A1_O3,27
491,intenso,PREEMPCAO,30,A1_O4,23
491,intenso,PREEMPCAO,30,A2_L0,23
491,intenso,PREEMPCAO,30,A2_L1,26
491,intenso,PREEMPCAO,30,A2_L2,26
491,intenso,PREEMPCAO,30,A2_L3,30
491,intenso,PREEMPCAO,30,A2_O1,27
491,intenso,PREEMPCAO,30,A2_O2,26
491,intenso,PREEMPCAO,30,A2_O3,25
491,intenso,PREEMPCAO,30,A2_O4,24
491,intenso,PREEMPCAO,30,T1_N1,11
491,intenso,PREEMPCAO,30,T1_N2,15
491,intenso,PREEMPCAO,30,T1_S0,15
491,intenso,PREEMPCAO,30,T1_S1,15
491,intenso,PREEMPCAO,30,T2_N1,14
491,intenso,PREEMPCAO,30,T2_N2,15
491,intenso,PREEMPCAO,30,T2_S0,14
491,intenso,PREEMPCAO,30,T2_S1,14
491,intenso,PREEMPCAO,30,T3_N1,13
491,intenso,PREEMPCAO,30,T3_N2,15
491,intenso,PREEMPCAO,30,T3_S0,15
491,intenso,PREEMPCAO,30,T3_S1,13
491,intenso,PREEMPCAO,30,T4_N1,11
491,intenso,PREEMPCAO,30,T4_N2,14
491,intenso,PREEMPCAO,30,T4_S0,13
491,intenso,PREEMPCAO,30,T4_S1,14
492,intenso,PREEMPCAO_COMPENSADA,30,A1_L0,28
492,intenso,PREEMPCAO_COMPENSADA,30,A1_L1,29
492,intenso,PREEMPCAO_COMPENSADA,30,A1_L2,27
492,intenso,PREEMPCAO_COMPENSADA,30,A1_L3,28
492,intenso,PREEMPCAO_COMPENSADA,30,A1_O1,26
492,intenso,PREEMPCAO_COMPENSADA,30,A1_O2,27
492,intenso,PREEMPCAO_COMPENSADA,30,A1_O3,27
492,intenso,PREEMPCAO_COMPENSADA,30,A1_O4,30
492,intenso,PREEMPCAO_COMPENSADA,30,A2_L0,27
492,intenso,PREEMPCAO_COMPENSADA,30,A2_L1,26
492,intenso,PREEMPCAO_COMPENSADA,30,A2_L2,27
492,intenso,PREEMPCAO_COMPENSADA,30,A2_L3,26
492,intenso,PREEMPCAO_COMPENSADA,30,A2_O1,29
492,intenso,PREEMPCAO_COMPENSADA,30,A2_O2,27
492,intenso,PREEMPCAO_COMPENSADA,30,A2_O3,30
492,intenso,PREEMPCAO_COMPENSADA,30,A2_O4,25
492,intenso,PREEMPCAO_COMPENSADA,30,T1_N1,14
492,intenso,PREEMPCAO_COMPENSADA,30,T1_N2,14
492,intenso,PREEMPCAO_COMPENSADA,30,T1_S0,13
492,intenso,PREEMPCAO_COMPENSADA,30,T1_S1,15
492,intenso,PREEMPCAO_COMPENSADA,30,T2_N1,14
492,intenso,PREEMPCAO_COMPENSADA,30,T2_N2,14
492,intenso,PREEMPCAO_COMPENSADA,30,T2_S0,14
492,intenso,PREEMPCAO_COMPENSADA,30,T2_S1,15
492,intenso,PREEMPCAO_COMPENSADA,30,T3_N1,13
492,intenso,PREEMPCAO_COMPENSADA,30,T3_N2,15
492,intenso,PREEMPCAO_COMPENSADA,30,T3_S0,15
492,intenso,PREEMPCAO_COMPENSADA,30,T3_S1,14
492,intenso,PREEMPCAO_COMPENSADA,30,T4_N1,15
492,intenso,PREEMPCAO_COMPENSADA,30,T4_N2,13
492,intenso,PREEMPCAO_COMPENSADA,30,T4_S0,15
492,intenso,PREEMPCAO_COMPENSADA,30,T4_S1,15
493,multiplas_emergencias,FIXO,30,A1_L0,19
493,multiplas_emergencias,FIXO,30,A1_L1,22
493,multiplas_emergencias,FIXO,30,A1_L2,22
493,multiplas_emergencias,FIXO,30,A1_L3,22
493,multiplas_emergencias,FIXO,30,A1_O1,22
493,multiplas_emergencias,FIXO,30,A1_O2,22
493,multiplas_emergencias,FIXO,30,A1_O3,22
493,multiplas_emergencias,FIXO,30,A1_O4,15
493,multiplas_emergencias,FIXO,30,A2_L0,14
493,multiplas_emergencias,FIXO,30,A2_L1,24
493,multiplas_emergencias,FIXO,30,A2_L2,24
493,multiplas_emergencias,FIXO,30,A2_L3,24
493,multiplas_emergencias,FIXO,30,A2_O1,20
493,multiplas_emergencias,FIXO,30,A2_O2,20
493,multiplas_emergencias,FIXO,30,A2_O3,20
493,multiplas_emergencias,FIXO,30,A2_O4,12
493,multiplas_emergencias,FIXO,30,T1_N1,9
493,multiplas_emergencias,FIXO,30,T1_N2,9
493,multiplas_emergencias,FIXO,30,T1_S0,9
493,multiplas_emergencias,FIXO,30,T1_S1,8
493,multiplas_emergencias,FIXO,30,T2_N1,8
493,multiplas_emergencias,FIXO,30,T2_N2,9
493,multiplas_emergencias,FIXO,30,T2_S0,8
493,multiplas_emergencias,FIXO,30,T2_S1,9
493,multiplas_emergencias,FIXO,30,T3_N1,8
493,multiplas_emergencias,FIXO,30,T3_N2,8
493,multiplas_emergencias,FIXO,30,T3_S0,8
493,multiplas_emergencias,FIXO,30,T3_S1,8
493,multiplas_emergencias,FIXO,30,T4_N1,9
493,multiplas_emergencias,FIXO,30,T4_N2,7
493,multiplas_emergencias,FIXO,30,T4_S0,8
493,multiplas_emergencias,FIXO,30,T4_S1,9
494,multiplas_emergencias,PREEMPCAO,30,A1_L0,17
494,multiplas_emergencias,PREEMPCAO,30,A1_L1,20
494,multiplas_emergencias,PREEMPCAO,30,A1_L2,12
494,multiplas_emergencias,PREEMPCAO,30,A1_L3,19
494,multiplas_emergencias,PREEMPCAO,30,A1_O1,18
494,multiplas_emergencias,PREEMPCAO,30,A1_O2,19
494,multiplas_emergencias,PREEMPCAO,30,A1_O3,19
494,multiplas_emergencias,PREEMPCAO,30,A1_O4,15
494,multiplas_emergencias,PREEMPCAO,30,A2_L0,15
494,multiplas_emergencias,PREEMPCAO,30,A2_L1,21
494,multiplas_emergencias,PREEMPCAO,30,A2_L2,20
494,multiplas_emergencias,PREEMPCAO,30,A2_L3,21
494,multiplas_emergencias,PREEMPCAO,30,A2_O1,17
494,multiplas_emergencias,PREEMPCAO,30,A2_O2,17
494,multiplas_emergencias,PREEMPCAO,30,A2_O3,18
494,multiplas_emergencias,PREEMPCAO,30,A2_O4,13
494,multiplas_emergencias,PREEMPCAO,30,T1_N1,12
494,multiplas_emergencias,PREEMPCAO,30,T1_N2,13
494,multiplas_emergencias,PREEMPCAO,30,T1_S0,7
494,multiplas_emergencias,PREEMPCAO,30,T1_S1,10
494,multiplas_emergencias,PREEMPCAO,30,T2_N1,11
494,multiplas_emergencias,PREEMPCAO,30,T2_N2,10
494,multiplas_emergencias,PREEMPCAO,30,T2_S0,7
494,multiplas_emergencias,PREEMPCAO,30,T2_S1,9
494,multiplas_emergencias,PREEMPCAO,30,T3_N1,11
494,multiplas_emergencias,PREEMPCAO,30,T3_N2,9
494,multiplas_emergencias,PREEMPCAO,30,T3_S0,8
494,multiplas_emergencias,PREEMPCAO,30,T3_S1,7
494,multiplas_emergencias,PREEMPCAO,30,T4_N1,8
494,multiplas_emergencias,PREEMPCAO,30,T4_N2,8
494,multiplas_emergencias,PREEMPCAO,30,T4_S0,8
494,multiplas_emergencias,PREEMPCAO,30,T4_S1,10
495,multiplas_emergencias,PREEMPCAO_COMPENSADA,30,A1_L0,15
495,multiplas_emergencias,PREEMPCAO_COMPENSADA,30,A1_L1,20
495,multiplas_emergencias,PREEMPCAO_COMPENSADA,30,A1_L2,20
495,multiplas_emergencias,PREEMPCAO_COMPENSADA,30,A1_L3,20
495,multiplas_emergencias,PREEMPCAO_COMPENSADA,30,A1_O1,20
495,multiplas_emergencias,PREEMPCAO_COMPENSADA,30,A1_O2,23
495,multiplas_emergencias,PREEMPCAO_COMPENSADA,30,A1_O3,20
495,multiplas_emergencias,PREEMPCAO_COMPENSADA,30,A1_O4,15
495,multiplas_emergencias,PREEMPCAO_COMPENSADA,30,A2_L0,16
495,multiplas_emergencias,PREEMPCAO_COMPENSADA,30,A2_L1,21
495,multiplas_emergencias,PREEMPCAO_COMPENSADA,30,A2_L2,22
495,multiplas_emergencias,PREEMPCAO_COMPENSADA,30,A2_L3,22
495,multiplas_emergencias,PREEMPCAO_COMPENSADA,30,A2_O1,17
495,multiplas_emergencias,PREEMPCAO_COMPENSADA,30,A2_O2,19
495,multiplas_emergencias,PREEMPCAO_COMPENSADA,30,A2_O3,20
495,multiplas_emergencias,PREEMPCAO_COMPENSADA,30,A2_O4,15
495,multiplas_emergencias,PREEMPCAO_COMPENSADA,30,T1_N1,13
495,multiplas_emergencias,PREEMPCAO_COMPENSADA,30,T1_N2,13
495,multiplas_emergencias,PREEMPCAO_COMPENSADA,30,T1_S0,9
495,multiplas_emergencias,PREEMPCAO_COMPENSADA,30,T1_S1,11
495,multiplas_emergencias,PREEMPCAO_COMPENSADA,30,T2_N1,10
495,multiplas_emergencias,PREEMPCAO_COMPENSADA,30,T2_N2,8
495,multiplas_emergencias,PREEMPCAO_COMPENSADA,30,T2_S0,8
495,multiplas_emergencias,PREEMPCAO_COMPENSADA,30,T2_S1,9
495,multiplas_emergencias,PREEMPCAO_COMPENSADA,30,T3_N1,13
495,multiplas_emergencias,PREEMPCAO_COMPENSADA,30,T3_N2,11
495,multiplas_emergencias,PREEMPCAO_COMPENSADA,30,T3_S0,10
495,multiplas_emergencias,PREEMPCAO_COMPENSADA,30,T3_S1,9
495,multiplas_emergencias,PREEMPCAO_COMPENSADA,30,T4_N1,13
495,multiplas_emergencias,PREEMPCAO_COMPENSADA,30,T4_N2,7
495,multiplas_emergencias,PREEMPCAO_COMPENSADA,30,T4_S0,8
495,multiplas_emergencias,PREEMPCAO_COMPENSADA,30,T4_S1,11
496,multiplas_emergencias,PREEMPCAO_ML,30,A1_L0,17
496,multiplas_emergencias,PREEMPCAO_ML,30,A1_L1,24
496,multiplas_emergencias,PREEMPCAO_ML,30,A1_L2,16
496,multiplas_emergencias,PREEMPCAO_ML,30,A1_L3,20
496,multiplas_emergencias,PREEMPCAO_ML,30,A1_O1,17
496,multiplas_emergencias,PREEMPCAO_ML,30,A1_O2,16
496,multiplas_emergencias,PREEMPCAO_ML,30,A1_O3,21
496,multiplas_emergencias,PREEMPCAO_ML,30,A1_O4,10
496,multiplas_emergencias,PREEMPCAO_ML,30,A2_L0,15
496,multiplas_emergencias,PREEMPCAO_ML,30,A2_L1,24
496,multiplas_emergencias,PREEMPCAO_ML,30,A2_L2,23
496,multiplas_emergencias,PREEMPCAO_ML,30,A2_L3,22
496,multiplas_emergencias,PREEMPCAO_ML,30,A2_O1,17
496,multiplas_emergencias,PREEMPCAO_ML,30,A2_O2,17
496,multiplas_emergencias,PREEMPCAO_ML,30,A2_O3,17
496,multiplas_emergencias,PREEMPCAO_ML,30,A2_O4,13
496,multiplas_emergencias,PREEMPCAO_ML,30,T1_N1,12
496,multiplas_emergencias,PREEMPCAO_ML,30,T1_N2,12
496,multiplas_emergencias,PREEMPCAO_ML,30,T1_S0,7
496,multiplas_emergencias,PREEMPCAO_ML,30,T1_S1,13
496,multiplas_emergencias,PREEMPCAO_ML,30,T2_N1,12
496,multiplas_emergencias,PREEMPCAO_ML,30,T2_N2,11
496,multiplas_emergencias,PREEMPCAO_ML,30,T2_S0,7
496,multiplas_emergencias,PREEMPCAO_ML,30,T2_S1,9
496,multiplas_emergencias,PREEMPCAO_ML,30,T3_N1,10
496,multiplas_emergencias,PREEMPCAO_ML,30,T3_N2,9
496,multiplas_emergencias,PREEMPCAO_ML,30,T3_S0,10
496,multiplas_emergencias,PREEMPCAO_ML,30,T3_S1,10
496,multiplas_emergencias,PREEMPCAO_ML,30,T4_N1,13
496,multiplas_emergencias,PREEMPCAO_ML,30,T4_N2,9
496,multiplas_emergencias,PREEMPCAO_ML,30,T4_S0,8
496,multiplas_emergencias,PREEMPCAO_ML,30,T4_S1,12
497,leve,FIXO,31,A1_L0,8
497,leve,FIXO,31,A1_L1,11
497,leve,FIXO,31,A1_L2,11
497,leve,FIXO,31,A1_L3,11
497,leve,FIXO,31,A1_O1,11
497,leve,FIXO,31,A1_O2,11
497,leve,FIXO,31,A1_O3,11
497,leve,FIXO,31,A1_O4,8
497,leve,FIXO,31,A2_L0,7
497,leve,FIXO,31,A2_L1,9
497,leve,FIXO,31,A2_L2,9
497,leve,FIXO,31,A2_L3,9
497,leve,FIXO,31,A2_O1,12
497,leve,FIXO,31,A2_O2,12
497,leve,FIXO,31,A2_O3,12
497,leve,FIXO,31,A2_O4,9
497,leve,FIXO,31,T1_N1,5
497,leve,FIXO,31,T1_N2,4
497,leve,FIXO,31,T1_S0,5
497,leve,FIXO,31,T1_S1,6
497,leve,FIXO,31,T2_N1,5
497,leve,FIXO,31,T2_N2,4
497,leve,FIXO,31,T2_S0,5
497,leve,FIXO,31,T2_S1,7
497,leve,FIXO,31,T3_N1,5
497,leve,FIXO,31,T3_N2,4
497,leve,FIXO,31,T3_S0,5
497,leve,FIXO,31,T3_S1,5
497,leve,FIXO,31,T4_N1,6
497,leve,FIXO,31,T4_N2,5
497,leve,FIXO,31,T4_S0,4
497,leve,FIXO,31,T4_S1,6
498,leve,PREEMPCAO,31,A1_L0,7
498,leve,PREEMPCAO,31,A1_L1,9
498,leve,PREEMPCAO,31,A1_L2,8
498,leve,PREEMPCAO,31,A1_L3,8
498,leve,PREEMPCAO,31,A1_O1,11
498,leve,PREEMPCAO,31,A1_O2,8
498,leve,PREEMPCAO,31,A1_O3,8
498,leve,PREEMPCAO,31,A1_O4,6
498,leve,PREEMPCAO,31,A2_L0,6
498,leve,PREEMPCAO,31,A2_L1,8
498,leve,PREEMPCAO,31,A2_L2,10
498,leve,PREEMPCAO,31,A2_L3,9
498,leve,PREEMPCAO,31,A2_O1,11
498,leve,PREEMPCAO,31,A2_O2,11
498,leve,PREEMPCAO,31,A2_O3,12
498,leve,PREEMPCAO,31,A2_O4,7
498,leve,PREEMPCAO,31,T1_N1,6
498,leve,PREEMPCAO,31,T1_N2,4
498,leve,PREEMPCAO,31,T1_S0,5
498,leve,PREEMPCAO,31,T1_S1,5
498,leve,PREEMPCAO,31,T2_N1,4
498,leve,PREEMPCAO,31,T2_N2,4
498,leve,PREEMPCAO,31,T2_S0,5
498,leve,PREEMPCAO,31,T2_S1,6
498,leve,PREEMPCAO,31,T3_N1,4
498,leve,PREEMPCAO,31,T3_N2,4
498,leve,PREEMPCAO,31,T3_S0,4
498,leve,PREEMPCAO,31,T3_S1,6
498,leve,PREEMPCAO,31,T4_N1,7
498,leve,PREEMPCAO,31,T4_N2,5
498,leve,PREEMPCAO,31,T4_S0,5
498,leve,PREEMPCAO,31,T4_S1,7
499,leve,PREEMPCAO_COMPENSADA,31,A1_L0,8
499,leve,PREEMPCAO_COMPENSADA,31,A1_L1,9
499,leve,PREEMPCAO_COMPENSADA,31,A1_L2,9
499,leve,PREEMPCAO_COMPENSADA,31,A1_L3,9
499,leve,PREEMPCAO_COMPENSADA,31,A1_O1,11
499,leve,PREEMPCAO_COMPENSADA,31,A1_O2,9
499,leve,PREEMPCAO_COMPENSADA,31,A1_O3,8
499,leve,PREEMPCAO_COMPENSADA,31,A1_O4,7
499,leve,PREEMPCAO_COMPENSADA,31,A2_L0,6
499,leve,PREEMPCAO_COMPENSADA,31,A2_L1,8
499,leve,PREEMPCAO_COMPENSADA,31,A2_L2,13
499,leve,PREEMPCAO_COMPENSADA,31,A2_L3,8
499,leve,PREEMPCAO_COMPENSADA,31,A2_O1,11
499,leve,PREEMPCAO_COMPENSADA,31,A2_O2,11
499,leve,PREEMPCAO_COMPENSADA,31,A2_O3,11
499,leve,PREEMPCAO_COMPENSADA,31,A2_O4,7
499,leve,PREEMPCAO_COMPENSADA,31,T1_N1,4
499,leve,PREEMPCAO_COMPENSADA,31,T1_N2,4
499,leve,PREEMPCAO_COMPENSADA,31,T1_S0,5
499,leve,PREEMPCAO_COMPENSADA,31,T1_S1,5
499,leve,PREEMPCAO_COMPENSADA,31,T2_N1,4
499,leve,PREEMPCAO_COMPENSADA,31,T2_N2,4
499,leve,PREEMPCAO_COMPENSADA,31,T2_S0,5
499,leve,PREEMPCAO_COMPENSADA,31,T2_S1,6
499,leve,PREEMPCAO_COMPENSADA,31,T3_N1,4
499,leve,PREEMPCAO_COMPENSADA,31,T3_N2,4
499,leve,PREEMPCAO_COMPENSADA,31,T3_S0,5
499,leve,PREEMPCAO_COMPENSADA,31,T3_S1,7
499,leve,PREEMPCAO_COMPENSADA,31,T4_N1,5
499,leve,PREEMPCAO_COMPENSADA,31,T4_N2,5
499,leve,PREEMPCAO_COMPENSADA,31,T4_S0,3
499,leve,PREEMPCAO_COMPENSADA,31,T4_S1,4
500,moderado,FIXO,31,A1_L0,12
500,moderado,FIXO,31,A1_L1,21
500,moderado,FIXO,31,A1_L2,21
500,moderado,FIXO,31,A1_L3,21
500,moderado,FIXO,31,A1_O1,20
500,moderado,FIXO,31,A1_O2,20
500,moderado,FIXO,31,A1_O3,20
500,moderado,FIXO,31,A1_O4,11
500,moderado,FIXO,31,A2_L0,14
500,moderado,FIXO,31,A2_L1,25
500,moderado,FIXO,31,A2_L2,25
500,moderado,FIXO,31,A2_L3,25
500,moderado,FIXO,31,A2_O1,23
500,moderado,FIXO,31,A2_O2,23
500,moderado,FIXO,31,A2_O3,23
500,moderado,FIXO,31,A2_O4,15
500,moderado,FIXO,31,T1_N1,8
500,moderado,FIXO,31,T1_N2,8
500,moderado,FIXO,31,T1_S0,9
500,moderado,FIXO,31,T1_S1,8
500,moderado,FIXO,31,T2_N1,9
500,moderado,FIXO,31,T2_N2,8
500,moderado,FIXO,31,T2_S0,8
500,moderado,FIXO,31,T2_S1,8
500,moderado,FIXO,31,T3_N1,8
500,moderado,FIXO,31,T3_N2,9
500,moderado,FIXO,31,T3_S0,8
500,moderado,FIXO,31,T3_S1,9
500,moderado,FIXO,31,T4_N1,9
500,moderado,FIXO,31,T4_N2,8
500,moderado,FIXO,31,T4_S0,9
500,moderado,FIXO,31,T4_S1,8
501,moderado,PREEMPCAO,31,A1_L0,14
501,moderado,PREEMPCAO,31,A1_L1,15
501,moderado,PREEMPCAO,31,A1_L2,15
501,moderado,PREEMPCAO,31,A1_L3,15
501,moderado,PREEMPCAO,31,A1_O1,15
501,moderado,PREEMPCAO,31,A1_O2,15
501,moderado,PREEMPCAO,31,A1_O3,16
501,moderado,PREEMPCAO,31,A1_O4,11
501,moderado,PREEMPCAO,31,A2_L0,14
501,moderado,PREEMPCAO,31,A2_L1,17
501,moderado,PREEMPCAO,31,A2_L2,18
501,moderado,PREEMPCAO,31,A2_L3,26
501,moderado,PREEMPCAO,31,A2_O1,16
501,moderado,PREEMPCAO,31,A2_O2,16
501,moderado,PREEMPCAO,31,A2_O3,21
501,moderado,PREEMPCAO,31,A2_O4,19
501,moderado,PREEMPCAO,31,T1_N1,12
501,moderado,PREEMPCAO,31,T1_N2,8
501,moderado,PREEMPCAO,31,T1_S0,7
501,moderado,PREEMPCAO,31,T1_S1,9
501,moderado,PREEMPCAO,31,T2_N1,13
501,moderado,PREEMPCAO,31,T2_N2,9
501,moderado,PREEMPCAO,31,T2_S0,10
501,moderado,PREEMPCAO,31,T2_S1,10
501,moderado,PREEMPCAO,31,T3_N1,10
501,moderado,PREEMPCAO,31,T3_N2,9
501,moderado,PREEMPCAO,31,T3_S0,7
501,moderado,PREEMPCAO,31,T3_S1,10
501,moderado,PREEMPCAO,31,T4_N1,8
501,moderado,PREEMPCAO,31,T4_N2,6
501,moderado,PREEMPCAO,31,T4_S0,9
501,moderado,PREEMPCAO,31,T4_S1,10
502,moderado,PREEMPCAO_COMPENSADA,31,A1_L0,13
502,moderado,PREEMPCAO_COMPENSADA,31,A1_L1,19
502,moderado,PREEMPCAO_COMPENSADA,31,A1_L2,21
502,moderado,PREEMPCAO_COMPENSADA,31,A1_L3,18
502,moderado,PREEMPCAO_COMPENSADA,31,A1_O1,25
502,moderado,PREEMPCAO_COMPENSADA,31,A1_O2,17
502,moderado,PREEMPCAO_COMPENSADA,31,A1_O3,19
502,moderado,PREEMPCAO_COMPENSADA,31,A1_O4,15
502,moderado,PREEMPCAO_COMPENSADA,31,A2_L0,14
502,moderado,PREEMPCAO_COMPENSADA,31,A2_L1,21
502,moderado,PREEMPCAO_COMPENSADA,31,A2_L2,21
502,moderado,PREEMPCAO_COMPENSADA,31,A2_L3,27
502,moderado,PREEMPCAO_COMPENSADA,31,A2_O1,19
502,moderado,PREEMPCAO_COMPENSADA,31,A2_O2,17
502,moderado,PREEMPCAO_COMPENSADA,31,A2_O3,16
502,moderado,PREEMPCAO_COMPENSADA,31,A2_O4,16
502,moderado,PREEMPCAO_COMPENSADA,31,T1_N1,10
502,moderado,PREEMPCAO_COMPENSADA,31,T1_N2,9
502,moderado,PREEMPCAO_COMPENSADA,31,T1_S0,9
502,moderado,PREEMPCAO_COMPENSADA,31,T1_S1,10
502,moderado,PREEMPCAO_COMPENSADA,31,T2_N1,13
502,moderado,PREEMPCAO_COMPENSADA,31,T2_N2,8
502,moderado,PREEMPCAO_COMPENSADA,31,T2_S0,8
502,moderado,PREEMPCAO_COMPENSADA,31,T2_S1,13
502,moderado,PREEMPCAO_COMPENSADA,31,T3_N1,7
502,moderado,PREEMPCAO_COMPENSADA,31,T3_N2,8
502,moderado,PREEMPCAO_COMPENSADA,31,T3_S0,8
502,moderado,PREEMPCAO_COMPENSADA,31,T3_S1,10
502,moderado,PREEMPCAO_COMPENSADA,31,T4_N1,10
502,moderado,PREEMPCAO_COMPENSADA,31,T4_N2,8
502,moderado,PREEMPCAO_COMPENSADA,31,T4_S0,7
502,moderado,PREEMPCAO_COMPENSADA,31,T4_S1,10
503,intenso,FIXO,31,A1_L0,21
503,intenso,FIXO,31,A1_L1,28
503,intenso,FIXO,31,A1_L2,28
503,intenso,FIXO,31,A1_L3,28
503,intenso,FIXO,31,A1_O1,28
503,intenso,FIXO,31,A1_O2,28
503,intenso,FIXO,31,A1_O3,28
503,intenso,FIXO,31,A1_O4,21
503,intenso,FIXO,31,A2_L0,20
503,intenso,FIXO,31,A2_L1,27
503,intenso,FIXO,31,A2_L2,27
503,intenso,FIXO,31,A2_L3,27
503,intenso,FIXO,31,A2_O1,28
503,intenso,FIXO,31,A2_O2,28
503,intenso,FIXO,31,A2_O3,28
503,intenso,FIXO,31,A2_O4,25
503,intenso,FIXO,31,T1_N1,9
503,intenso,FIXO,31,T1_N2,14
503,intenso,FIXO,31,T1_S0,13
503,intenso,FIXO,31,T1_S1,10
503,intenso,FIXO,31,T2_N1,9
503,intenso,FIXO,31,T2_N2,13
503,intenso,FIXO,31,T2_S0,12
503,intenso,FIXO,31,T2_S1,9
503,intenso,FIXO,31,T3_N1,9
503,intenso,FIXO,31,T3_N2,14
503,intenso,FIXO,31,T3_S0,13
503,intenso,FIXO,31,T3_S1,9
503,intenso,FIXO,31,T4_N1,9
503,intenso,FIXO,31,T4_N2,13
503,intenso,FIXO,31,T4_S0,11
503,intenso,FIXO,31,T4_S1,10
504,intenso,PREEMPCAO,31,A1_L0,23
504,intenso,PREEMPCAO,31,A1_L1,24
504,intenso,PREEMPCAO,31,A1_L2,24
504,intenso,PREEMPCAO,31,A1_L3,27
504,intenso,PREEMPCAO,31,A1_O1,22
504,intenso,PREEMPCAO,31,A1_O2,26
504,intenso,PREEMPCAO,31,A1_O3,28
504,intenso,PREEMPCAO,31,A1_O4,23
504,intenso,PREEMPCAO,31,A2_L0,21
504,intenso,PREEMPCAO,31,A2_L1,27
504,intenso,PREEMPCAO,31,A2_L2,25
504,intenso,PREEMPCAO,31,A2_L3,30
504,intenso,PREEMPCAO,31,A2_O1,27
504,intenso,PREEMPCAO,31,A2_O2,27
504,intenso,PREEMPCAO,31,A2_O3,27
504,intenso,PREEMPCAO,31,A2_O4,27
504,intenso,PREEMPCAO,31,T1_N1,12
504,intenso,PREEMPCAO,31,T1_N2,14
504,intenso,PREEMPCAO,31,T1_S0,15
504,intenso,PREEMPCAO,31,T1_S1,15
504,intenso,PREEMPCAO,31,T2_N1,14
504,intenso,PREEMPCAO,31,T2_N2,13
504,intenso,PREEMPCAO,31,T2_S0,15
504,intenso,PREEMPCAO,31,T2_S1,14
504,intenso,PREEMPCAO,31,T3_N1,14
504,intenso,PREEMPCAO,31,T3_N2,15
504,intenso,PREEMPCAO,31,T3_S0,15
504,intenso,PREEMPCAO,31,T3_S1,14
504,intenso,PREEMPCAO,31,T4_N1,11
504,intenso,PREEMPCAO,31,T4_N2,13
504,intenso,PREEMPCAO,31,T4_S0,14
504,intenso,PREEMPCAO,31,T4_S1,13
505,intenso,PREEMPCAO_COMPENSADA,31,A1_L0,28
505,intenso,PREEMPCAO_COMPENSADA,31,A1_L1,26
505,intenso,PREEMPCAO_COMPENSADA,31,A1_L2,28
505,intenso,PREEMPCAO_COMPENSADA,31,A1_L3,25
505,intenso,PREEMPCAO_COMPENSADA,31,A1_O1,27
505,intenso,PREEMPCAO_COMPENSADA,31,A1_O2,27
505,intenso,PREEMPCAO_COMPENSADA,31,A1_O3,30
505,intenso,PREEMPCAO_COMPENSADA,31,A1_O4,25
505,intenso,PREEMPCAO_COMPENSADA,31,A2_L0,27
505,intenso,PREEMPCAO_COMPENSADA,31,A2_L1,28
505,intenso,PREEMPCAO_COMPENSADA,31,A2_L2,27
505,intenso,PREEMPCAO_COMPENSADA,31,A2_L3,27
505,intenso,PREEMPCAO_COMPENSADA,31,A2_O1,28
505,intenso,PREEMPCAO_COMPENSADA,31,A2_O2,28
505,intenso,PREEMPCAO_COMPENSADA,31,A2_O3,30
505,intenso,PREEMPCAO_COMPENSADA,31,A2_O4,25
505,intenso,PREEMPCAO_COMPENSADA,31,T1_N1,13
505,intenso,PREEMPCAO_COMPENSADA,31,T1_N2,14
505,intenso,PREEMPCAO_COMPENSADA,31,T1_S0,13
505,intenso,PREEMPCAO_COMPENSADA,31,T1_S1,13
505,intenso,PREEMPCAO_COMPENSADA,31,T2_N1,15
505,intenso,PREEMPCAO_COMPENSADA,31,T2_N2,14
505,intenso,PREEMPCAO_COMPENSADA,31,T2_S0,14
505,intenso,PREEMPCAO_COMPENSADA,31,T2_S1,13
505,intenso,PREEMPCAO_COMPENSADA,31,T3_N1,15
505,intenso,PREEMPCAO_COMPENSADA,31,T3_N2,13
505,intenso,PREEMPCAO_COMPENSADA,31,T3_S0,13
505,intenso,PREEMPCAO_COMPENSADA,31,T3_S1,13
505,intenso,PREEMPCAO_COMPENSADA,31,T4_N1,14
505,intenso,PREEMPCAO_COMPENSADA,31,T4_N2,14
505,intenso,PREEMPCAO_COMPENSADA,31,T4_S0,12
505,intenso,PREEMPCAO_COMPENSADA,31,T4_S1,15
506,multiplas_emergencias,FIXO,31,A1_L0,12
506,multiplas_emergencias,FIXO,31,A1_L1,21
506,multiplas_emergencias,FIXO,31,A1_L2,21
506,multiplas_emergencias,FIXO,31,A1_L3,21
506,multiplas_emergencias,FIXO,31,A1_O1,20
506,multiplas_emergencias,FIXO,31,A1_O2,20
506,multiplas_emergencias,FIXO,31,A1_O3,20
506,multiplas_emergencias,FIXO,31,A1_O4,11
506,multiplas_emergencias,FIXO,31,A2_L0,14
506,multiplas_emergencias,FIXO,31,A2_L1,25
506,multiplas_emergencias,FIXO,31,A2_L2,25
506,multiplas_emergencias,FIXO,31,A2_L3,25
506,multiplas_emergencias,FIXO,31,A2_O1,23
506,multiplas_emergencias,FIXO,31,A2_O2,23
506,multiplas_emergencias,FIXO,31,A2_O3,23
506,multiplas_emergencias,FIXO,31,A2_O4,15
506,multiplas_emergencias,FIXO,31,T1_N1,8
506,multiplas_emergencias,FIXO,31,T1_N2,8
506,multiplas_emergencias,FIXO,31,T1_S0,9
506,multiplas_emergencias,FIXO,31,T1_S1,8
506,multiplas_emergencias,FIXO,31,T2_N1,9
506,multiplas_emergencias,FIXO,31,T2_N2,8
506,multiplas_emergencias,FIXO,31,T2_S0,8
506,multiplas_emergencias,FIXO,31,T2_S1,8
506,multiplas_emergencias,FIXO,31,T3_N1,8
506,multiplas_emergencias,FIXO,31,T3_N2,9
506,multiplas_emergencias,FIXO,31,T3_S0,8
506,multiplas_emergencias,FIXO,31,T3_S1,9
506,multiplas_emergencias,FIXO,31,T4_N1,9
506,multiplas_emergencias,FIXO,31,T4_N2,8
506,multiplas_emergencias,FIXO,31,T4_S0,9
506,multiplas_emergencias,FIXO,31,T4_S1,8
507,multiplas_emergencias,PREEMPCAO,31,A1_L0,14
507,multiplas_emergencias,PREEMPCAO,31,A1_L1,22
507,multiplas_emergencias,PREEMPCAO,31,A1_L2,15
507,multiplas_emergencias,PREEMPCAO,31,A1_L3,15
507,multiplas_emergencias,PREEMPCAO,31,A1_O1,15
507,multiplas_emergencias,PREEMPCAO,31,A1_O2,15
507,multiplas_emergencias,PREEMPCAO,31,A1_O3,16
507,multiplas_emergencias,PREEMPCAO,31,A1_O4,11
507,multiplas_emergencias,PREEMPCAO,31,A2_L0,14
507,multiplas_emergencias,PREEMPCAO,31,A2_L1,19
507,multiplas_emergencias,PREEMPCAO,31,A2_L2,19
507,multiplas_emergencias,PREEMPCAO,31,A2_L3,24
507,multiplas_emergencias,PREEMPCAO,31,A2_O1,24
507,multiplas_emergencias,PREEMPCAO,31,A2_O2,25
507,multiplas_emergencias,PREEMPCAO,31,A2_O3,24
507,multiplas_emergencias,PREEMPCAO,31,A2_O4,13
507,multiplas_emergencias,PREEMPCAO,31,T1_N1,10
507,multiplas_emergencias,PREEMPCAO,31,T1_N2,9
507,multiplas_emergencias,PREEMPCAO,31,T1_S0,7
507,multiplas_emergencias,PREEMPCAO,31,T1_S1,9
507,multiplas_emergencias,PREEMPCAO,31,T2_N1,13
507,multiplas_emergencias,PREEMPCAO,31,T2_N2,10
507,multiplas_emergencias,PREEMPCAO,31,T2_S0,9
507,multiplas_emergencias,PREEMPCAO,31,T2_S1,10
507,multiplas_emergencias,PREEMPCAO,31,T3_N1,15
507,multiplas_emergencias,PREEMPCAO,31,T3_N2,8
507,multiplas_emergencias,PREEMPCAO,31,T3_S0,8
507,multiplas_emergencias,PREEMPCAO,31,T3_S1,9
507,multiplas_emergencias,PREEMPCAO,31,T4_N1,10
507,multiplas_emergencias,PREEMPCAO,31,T4_N2,8
507,multiplas_emergencias,PREEMPCAO,31,T4_S0,8
507,multiplas_emergencias,PREEMPCAO,31,T4_S1,8
508,multiplas_emergencias,PREEMPCAO_COMPENSADA,31,A1_L0,13
508,multiplas_emergencias,PREEMPCAO_COMPENSADA,31,A1_L1,19
508,multiplas_emergencias,PREEMPCAO_COMPENSADA,31,A1_L2,19
508,multiplas_emergencias,PREEMPCAO_COMPENSADA,31,A1_L3,19
508,multiplas_emergencias,PREEMPCAO_COMPENSADA,31,A1_O1,17
508,multiplas_emergencias,PREEMPCAO_COMPENSADA,31,A1_O2,15
508,multiplas_emergencias,PREEMPCAO_COMPENSADA,31,A1_O3,17
508,multiplas_emergencias,PREEMPCAO_COMPENSADA,31,A1_O4,16
508,multiplas_emergencias,PREEMPCAO_COMPENSADA,31,A2_L0,15
508,multiplas_emergencias,PREEMPCAO_COMPENSADA,31,A2_L1,15
508,multiplas_emergencias,PREEMPCAO_COMPENSADA,31,A2_L2,15
508,multiplas_emergencias,PREEMPCAO_COMPENSADA,31,A2_L3,21
508,multiplas_emergencias,PREEMPCAO_COMPENSADA,31,A2_O1,24
508,multiplas_emergencias,PREEMPCAO_COMPENSADA,31,A2_O2,14
508,multiplas_emergencias,PREEMPCAO_COMPENSADA,31,A2_O3,18
508,multiplas_emergencias,PREEMPCAO_COMPENSADA,31,A2_O4,14
508,multiplas_emergencias,PREEMPCAO_COMPENSADA,31,T1_N1,10
508,multiplas_emergencias,PREEMPCAO_COMPENSADA,31,T1_N2,7
508,multiplas_emergencias,PREEMPCAO_COMPENSADA,31,T1_S0,9
508,multiplas_emergencias,PREEMPCAO_COMPENSADA,31,T1_S1,11
508,multiplas_emergencias,PREEMPCAO_COMPENSADA,31,T2_N1,10
508,multiplas_emergencias,PREEMPCAO_COMPENSADA,31,T2_N2,11
508,multiplas_emergencias,PREEMPCAO_COMPENSADA,31,T2_S0,9
508,multiplas_emergencias,PREEMPCAO_COMPENSADA,31,T2_S1,11
508,multiplas_emergencias,PREEMPCAO_COMPENSADA,31,T3_N1,14
508,multiplas_emergencias,PREEMPCAO_COMPENSADA,31,T3_N2,10
508,multiplas_emergencias,PREEMPCAO_COMPENSADA,31,T3_S0,9
508,multiplas_emergencias,PREEMPCAO_COMPENSADA,31,T3_S1,8
508,multiplas_emergencias,PREEMPCAO_COMPENSADA,31,T4_N1,9
508,multiplas_emergencias,PREEMPCAO_COMPENSADA,31,T4_N2,7
508,multiplas_emergencias,PREEMPCAO_COMPENSADA,31,T4_S0,10
508,multiplas_emergencias,PREEMPCAO_COMPENSADA,31,T4_S1,13
509,multiplas_emergencias,PREEMPCAO_ML,31,A1_L0,14
509,multiplas_emergencias,PREEMPCAO_ML,31,A1_L1,22
509,multiplas_emergencias,PREEMPCAO_ML,31,A1_L2,15
509,multiplas_emergencias,PREEMPCAO_ML,31,A1_L3,15
509,multiplas_emergencias,PREEMPCAO_ML,31,A1_O1,17
509,multiplas_emergencias,PREEMPCAO_ML,31,A1_O2,15
509,multiplas_emergencias,PREEMPCAO_ML,31,A1_O3,16
509,multiplas_emergencias,PREEMPCAO_ML,31,A1_O4,11
509,multiplas_emergencias,PREEMPCAO_ML,31,A2_L0,14
509,multiplas_emergencias,PREEMPCAO_ML,31,A2_L1,19
509,multiplas_emergencias,PREEMPCAO_ML,31,A2_L2,19
509,multiplas_emergencias,PREEMPCAO_ML,31,A2_L3,26
509,multiplas_emergencias,PREEMPCAO_ML,31,A2_O1,24
509,multiplas_emergencias,PREEMPCAO_ML,31,A2_O2,25
509,multiplas_emergencias,PREEMPCAO_ML,31,A2_O3,24
509,multiplas_emergencias,PREEMPCAO_ML,31,A2_O4,13
509,multiplas_emergencias,PREEMPCAO_ML,31,T1_N1,10
509,multiplas_emergencias,PREEMPCAO_ML,31,T1_N2,9
509,multiplas_emergencias,PREEMPCAO_ML,31,T1_S0,7
509,multiplas_emergencias,PREEMPCAO_ML,31,T1_S1,9
509,multiplas_emergencias,PREEMPCAO_ML,31,T2_N1,13
509,multiplas_emergencias,PREEMPCAO_ML,31,T2_N2,9
509,multiplas_emergencias,PREEMPCAO_ML,31,T2_S0,9
509,multiplas_emergencias,PREEMPCAO_ML,31,T2_S1,10
509,multiplas_emergencias,PREEMPCAO_ML,31,T3_N1,15
509,multiplas_emergencias,PREEMPCAO_ML,31,T3_N2,8
509,multiplas_emergencias,PREEMPCAO_ML,31,T3_S0,8
509,multiplas_emergencias,PREEMPCAO_ML,31,T3_S1,8
509,multiplas_emergencias,PREEMPCAO_ML,31,T4_N1,10
509,multiplas_emergencias,PREEMPCAO_ML,31,T4_N2,8
509,multiplas_emergencias,PREEMPCAO_ML,31,T4_S0,8
509,multiplas_emergencias,PREEMPCAO_ML,31,T4_S1,8
510,leve,FIXO,32,A1_L0,8
510,leve,FIXO,32,A1_L1,12
510,leve,FIXO,32,A1_L2,12
510,leve,FIXO,32,A1_L3,12
510,leve,FIXO,32,A1_O1,19
510,leve,FIXO,32,A1_O2,19
510,leve,FIXO,32,A1_O3,19
510,leve,FIXO,32,A1_O4,12
510,leve,FIXO,32,A2_L0,8
510,leve,FIXO,32,A2_L1,12
510,leve,FIXO,32,A2_L2,12
510,leve,FIXO,32,A2_L3,12
510,leve,FIXO,32,A2_O1,12
510,leve,FIXO,32,A2_O2,12
510,leve,FIXO,32,A2_O3,12
510,leve,FIXO,32,A2_O4,8
510,leve,FIXO,32,T1_N1,7
510,leve,FIXO,32,T1_N2,4
510,leve,FIXO,32,T1_S0,3
510,leve,FIXO,32,T1_S1,4
510,leve,FIXO,32,T2_N1,7
510,leve,FIXO,32,T2_N2,5
510,leve,FIXO,32,T2_S0,4
510,leve,FIXO,32,T2_S1,7
510,leve,FIXO,32,T3_N1,7
510,leve,FIXO,32,T3_N2,5
510,leve,FIXO,32,T3_S0,5
510,leve,FIXO,32,T3_S1,6
510,leve,FIXO,32,T4_N1,6
510,leve,FIXO,32,T4_N2,5
510,leve,FIXO,32,T4_S0,5
510,leve,FIXO,32,T4_S1,6
511,leve,PREEMPCAO,32,A1_L0,8
511,leve,PREEMPCAO,32,A1_L1,10
511,leve,PREEMPCAO,32,A1_L2,8
511,leve,PREEMPCAO,32,A1_L3,8
511,leve,PREEMPCAO,32,A1_O1,10
511,leve,PREEMPCAO,32,A1_O2,11
511,leve,PREEMPCAO,32,A1_O3,11
511,leve,PREEMPCAO,32,A1_O4,12
511,leve,PREEMPCAO,32,A2_L0,8
511,leve,PREEMPCAO,32,A2_L1,10
511,leve,PREEMPCAO,32,A2_L2,10
511,leve,PREEMPCAO,32,A2_L3,12
511,leve,PREEMPCAO,32,A2_O1,12
511,leve,PREEMPCAO,32,A2_O2,12
511,leve,PREEMPCAO,32,A2_O3,12
511,leve,PREEMPCAO,32,A2_O4,9
511,leve,PREEMPCAO,32,T1_N1,4
511,leve,PREEMPCAO,32,T1_N2,4
511,leve,PREEMPCAO,32,T1_S0,3
511,leve,PREEMPCAO,32,T1_S1,3
511,leve,PREEMPCAO,32,T2_N1,6
511,leve,PREEMPCAO,32,T2_N2,6
511,leve,PREEMPCAO,32,T2_S0,5
511,leve,PREEMPCAO,32,T2_S1,6
511,leve,PREEMPCAO,32,T3_N1,5
511,leve,PREEMPCAO,32,T3_N2,4
511,leve,PREEMPCAO,32,T3_S0,4
511,leve,PREEMPCAO,32,T3_S1,6
511,leve,PREEMPCAO,32,T4_N1,6
511,leve,PREEMPCAO,32,T4_N2,5
511,leve,PREEMPCAO,32,T4_S0,5
511,leve,PREEMPCAO,32,T4_S1,6
512,leve,PREEMPCAO_COMPENSADA,32,A1_L0,11
512,leve,PREEMPCAO_COMPENSADA,32,A1_L1,8
512,leve,PREEMPCAO_COMPENSADA,32,A1_L2,11
512,leve,PREEMPCAO_COMPENSADA,32,A1_L3,8
512,leve,PREEMPCAO_COMPENSADA,32,A1_O1,13
512,leve,PREEMPCAO_COMPENSADA,32,A1_O2,11
512,leve,PREEMPCAO_COMPENSADA,32,A1_O3,11
512,leve,PREEMPCAO_COMPENSADA,32,A1_O4,12
512,leve,PREEMPCAO_COMPENSADA,32,A2_L0,8
512,leve,PREEMPCAO_COMPENSADA,32,A2_L1,11
512,leve,PREEMPCAO_COMPENSADA,32,A2_L2,11
512,leve,PREEMPCAO_COMPENSADA,32,A2_L3,11
512,leve,PREEMPCAO_COMPENSADA,32,A2_O1,12
512,leve,PREEMPCAO_COMPENSADA,32,A2_O2,12
512,leve,PREEMPCAO_COMPENSADA,32,A2_O3,12
512,leve,PREEMPCAO_COMPENSADA,32,A2_O4,7
512,leve,PREEMPCAO_COMPENSADA,32,T1_N1,6
512,leve,PREEMPCAO_COMPENSADA,32,T1_N2,4
512,leve,PREEMPCAO_COMPENSADA,32,T1_S0,3
512,leve,PREEMPCAO_COMPENSADA,32,T1_S1,4
512,leve,PREEMPCAO_COMPENSADA,32,T2_N1,7
512,leve,PREEMPCAO_COMPENSADA,32,T2_N2,7
512,leve,PREEMPCAO_COMPENSADA,32,T2_S0,4
512,leve,PREEMPCAO_COMPENSADA,32,T2_S1,6
512,leve,PREEMPCAO_COMPENSADA,32,T3_N1,5
512,leve,PREEMPCAO_COMPENSADA,32,T3_N2,5
512,leve,PREEMPCAO_COMPENSADA,32,T3_S0,4
512,leve,PREEMPCAO_COMPENSADA,32,T3_S1,3
512,leve,PREEMPCAO_COMPENSADA,32,T4_N1,6
512,leve,PREEMPCAO_COMPENSADA,32,T4_N2,5
512,leve,PREEMPCAO_COMPENSADA,32,T4_S0,7
512,leve,PREEMPCAO_COMPENSADA,32,T4_S1,7
513,moderado,FIXO,32,A1_L0,16
513,moderado,FIXO,32,A1_L1,27
513,moderado,FIXO,32,A1_L2,26
513,moderado,FIXO,32,A1_L3,27
513,moderado,FIXO,32,A1_O1,21
513,moderado,FIXO,32,A1_O2,21
513,moderado,FIXO,32,A1_O3,21
513,moderado,FIXO,32,A1_O4,11
513,moderado,FIXO,32,A2_L0,13
513,moderado,FIXO,32,A2_L1,22
513,moderado,FIXO,32,A2_L2,22
513,moderado,FIXO,32,A2_L3,22
513,moderado,FIXO,32,A2_O1,27
513,moderado,FIXO,32,A2_O2,27
513,moderado,FIXO,32,A2_O3,27
513,moderado,FIXO,32,A2_O4,15
513,moderado,FIXO,32,T1_N1,9
513,moderado,FIXO,32,T1_N2,8
513,moderado,FIXO,32,T1_S0,7
513,moderado,FIXO,32,T1_S1,8
513,moderado,FIXO,32,T2_N1,8
513,moderado,FIXO,32,T2_N2,8
513,moderado,FIXO,32,T2_S0,10
513,moderado,FIXO,32,T2_S1,8
513,moderado,FIXO,32,T3_N1,8
513,moderado,FIXO,32,T3_N2,8
513,moderado,FIXO,32,T3_S0,8
513,moderado,FIXO,32,T3_S1,8
513,moderado,FIXO,32,T4_N1,8
513,moderado,FIXO,32,T4_N2,10
513,moderado,FIXO,32,T4_S0,8
513,moderado,FIXO,32,T4_S1,8
514,moderado,PREEMPCAO,32,A1_L0,16
514,moderado,PREEMPCAO,32,A1_L1,18
514,moderado,PREEMPCAO,32,A1_L2,17
514,moderado,PREEMPCAO,32,A1_L3,18
514,moderado,PREEMPCAO,32,A1_O1,16
514,moderado,PREEMPCAO,32,A1_O2,20
514,moderado,PREEMPCAO,32,A1_O3,21
514,moderado,PREEMPCAO,32,A1_O4,14
514,moderado,PREEMPCAO,32,A2_L0,17
514,moderado,PREEMPCAO,32,A2_L1,18
514,moderado,PREEMPCAO,32,A2_L2,18
514,moderado,PREEMPCAO,32,A2_L3,20
514,moderado,PREEMPCAO,32,A2_O1,16
514,moderado,PREEMPCAO,32,A2_O2,16
514,moderado,PREEMPCAO,32,A2_O3,21
514,moderado,PREEMPCAO,32,A2_O4,15
514,moderado,PREEMPCAO,32,T1_N1,12
514,moderado,PREEMPCAO,32,T1_N2,7
514,moderado,PREEMPCAO,32,T1_S0,9
514,moderado,PREEMPCAO,32,T1_S1,11
514,moderado,PREEMPCAO,32,T2_N1,11
514,moderado,PREEMPCAO,32,T2_N2,7
514,moderado,PREEMPCAO,32,T2_S0,9
514,moderado,PREEMPCAO,32,T2_S1,12
514,moderado,PREEMPCAO,32,T3_N1,9
514,moderado,PREEMPCAO,32,T3_N2,7
514,moderado,PREEMPCAO,32,T3_S0,7
514,moderado,PREEMPCAO,32,T3_S1,12
514,moderado,PREEMPCAO,32,T4_N1,8
514,moderado,PREEMPCAO,32,T4_N2,9
514,moderado,PREEMPCAO,32,T4_S0,8
514,moderado,PREEMPCAO,32,T4_S1,9
515,moderado,PREEMPCAO_COMPENSADA,32,A1_L0,16
515,moderado,PREEMPCAO_COMPENSADA,32,A1_L1,21
515,moderado,PREEMPCAO_COMPENSADA,32,A1_L2,17
515,moderado,PREEMPCAO_COMPENSADA,32,A1_L3,20
515,moderado,PREEMPCAO_COMPENSADA,32,A1_O1,24
515,moderado,PREEMPCAO_COMPENSADA,32,A1_O2,20
515,moderado,PREEMPCAO_COMPENSADA,32,A1_O3,23
515,moderado,PREEMPCAO_COMPENSADA,32,A1_O4,14
515,moderado,PREEMPCAO_COMPENSADA,32,A2_L0,18
515,moderado,PREEMPCAO_COMPENSADA,32,A2_L1,19
515,moderado,PREEMPCAO_COMPENSADA,32,A2_L2,21
515,moderado,PREEMPCAO_COMPENSADA,32,A2_L3,22
515,moderado,PREEMPCAO_COMPENSADA,32,A2_O1,21
515,moderado,PREEMPCAO_COMPENSADA,32,A2_O2,25
515,moderado,PREEMPCAO_COMPENSADA,32,A2_O3,25
515,moderado,PREEMPCAO_COMPENSADA,32,A2_O4,15
515,moderado,PREEMPCAO_COMPENSADA,32,T1_N1,9
515,moderado,PREEMPCAO_COMPENSADA,32,T1_N2,7
515,moderado,PREEMPCAO_COMPENSADA,32,T1_S0,11
515,moderado,PREEMPCAO_COMPENSADA,32,T1_S1,10
515,moderado,PREEMPCAO_COMPENSADA,32,T2_N1,10
515,moderado,PREEMPCAO_COMPENSADA,32,T2_N2,10
515,moderado,PREEMPCAO_COMPENSADA,32,T2_S0,10
515,moderado,PREEMPCAO_COMPENSADA,32,T2_S1,9
515,moderado,PREEMPCAO_COMPENSADA,32,T3_N1,12
515,moderado,PREEMPCAO_COMPENSADA,32,T3_N2,8
515,moderado,PREEMPCAO_COMPENSADA,32,T3_S0,8
515,moderado,PREEMPCAO_COMPENSADA,32,T3_S1,8
515,moderado,PREEMPCAO_COMPENSADA,32,T4_N1,12
515,moderado,PREEMPCAO_COMPENSADA,32,T4_N2,9
515,moderado,PREEMPCAO_COMPENSADA,32,T4_S0,11
515,moderado,PREEMPCAO_COMPENSADA,32,T4_S1,10
516,intenso,FIXO,32,A1_L0,23
516,intenso,FIXO,32,A1_L1,28
516,intenso,FIXO,32,A1_L2,28
516,intenso,FIXO,32,A1_L3,28
516,intenso,FIXO,32,A1_O1,28
516,intenso,FIXO,32,A1_O2,28
516,intenso,FIXO,32,A1_O3,28
516,intenso,FIXO,32,A1_O4,21
516,intenso,FIXO,32,A2_L0,25
516,intenso,FIXO,32,A2_L1,27
516,intenso,FIXO,32,A2_L2,27
516,intenso,FIXO,32,A2_L3,27
516,intenso,FIXO,32,A2_O1,28
516,intenso,FIXO,32,A2_O2,28
516,intenso,FIXO,32,A2_O3,28
516,intenso,FIXO,32,A2_O4,25
516,intenso,FIXO,32,T1_N1,10
516,intenso,FIXO,32,T1_N2,11
516,intenso,FIXO,32,T1_S0,15
516,intenso,FIXO,32,T1_S1,9
516,intenso,FIXO,32,T2_N1,9
516,intenso,FIXO,32,T2_N2,12
516,intenso,FIXO,32,T2_S0,13
516,intenso,FIXO,32,T2_S1,10
516,intenso,FIXO,32,T3_N1,9
516,intenso,FIXO,32,T3_N2,15
516,intenso,FIXO,32,T3_S0,14
516,intenso,FIXO,32,T3_S1,11
516,intenso,FIXO,32,T4_N1,9
516,intenso,FIXO,32,T4_N2,15
516,intenso,FIXO,32,T4_S0,10
516,intenso,FIXO,32,T4_S1,9
517,intenso,PREEMPCAO,32,A1_L0,20
517,intenso,PREEMPCAO,32,A1_L1,27
517,intenso,PREEMPCAO,32,A1_L2,26
517,intenso,PREEMPCAO,32,A1_L3,27
517,intenso,PREEMPCAO,32,A1_O1,22
517,intenso,PREEMPCAO,32,A1_O2,27
517,intenso,PREEMPCAO,32,A1_O3,27
517,intenso,PREEMPCAO,32,A1_O4,22
517,intenso,PREEMPCAO,32,A2_L0,25
517,intenso,PREEMPCAO,32,A2_L1,26
517,intenso,PREEMPCAO,32,A2_L2,28
517,intenso,PREEMPCAO,32,A2_L3,27
517,intenso,PREEMPCAO,32,A2_O1,27
517,intenso,PREEMPCAO,32,A2_O2,27
517,intenso,PREEMPCAO,32,A2_O3,27
517,intenso,PREEMPCAO,32,A2_O4,26
517,intenso,PREEMPCAO,32,T1_N1,13
517,intenso,PREEMPCAO,32,T1_N2,15
517,intenso,PREEMPCAO,32,T1_S0,15
517,intenso,PREEMPCAO,32,T1_S1,15
517,intenso,PREEMPCAO,32,T2_N1,14
517,intenso,PREEMPCAO,32,T2_N2,14
517,intenso,PREEMPCAO,32,T2_S0,13
517,intenso,PREEMPCAO,32,T2_S1,13
517,intenso,PREEMPCAO,32,T3_N1,15
517,intenso,PREEMPCAO,32,T3_N2,15
517,intenso,PREEMPCAO,32,T3_S0,15
517,intenso,PREEMPCAO,32,T3_S1,14
517,intenso,PREEMPCAO,32,T4_N1,14
517,intenso,PREEMPCAO,32,T4_N2,15
517,intenso,PREEMPCAO,32,T4_S0,14
517,intenso,PREEMPCAO,32,T4_S1,13
518,intenso,PREEMPCAO_COMPENSADA,32,A1_L0,28
518,intenso,PREEMPCAO_COMPENSADA,32,A1_L1,28
518,intenso,PREEMPCAO_COMPENSADA,32,A1_L2,29
518,intenso,PREEMPCAO_COMPENSADA,32,A1_L3,27
518,intenso,PREEMPCAO_COMPENSADA,32,A1_O1,26
518,intenso,PREEMPCAO_COMPENSADA,32,A1_O2,28
518,intenso,PREEMPCAO_COMPENSADA,32,A1_O3,24
518,intenso,PREEMPCAO_COMPENSADA,32,A1_O4,26
518,intenso,PREEMPCAO_COMPENSADA,32,A2_L0,28
518,intenso,PREEMPCAO_COMPENSADA,32,A2_L1,30
518,intenso,PREEMPCAO_COMPENSADA,32,A2_L2,28
518,intenso,PREEMPCAO_COMPENSADA,32,A2_L3,28
518,intenso,PREEMPCAO_COMPENSADA,32,A2_O1,30
518,intenso,PREEMPCAO_COMPENSADA,32,A2_O2,28
518,intenso,PREEMPCAO_COMPENSADA,32,A2_O3,28
518,intenso,PREEMPCAO_COMPENSADA,32,A2_O4,27
518,intenso,PREEMPCAO_COMPENSADA,32,T1_N1,15
518,intenso,PREEMPCAO_COMPENSADA,32,T1_N2,15
518,intenso,PREEMPCAO_COMPENSADA,32,T1_S0,15
518,intenso,PREEMPCAO_COMPENSADA,32,T1_S1,15
518,intenso,PREEMPCAO_COMPENSADA,32,T2_N1,15
518,intenso,PREEMPCAO_COMPENSADA,32,T2_N2,12
518,intenso,PREEMPCAO_COMPENSADA,32,T2_S0,15
518,intenso,PREEMPCAO_COMPENSADA,32,T2_S1,14
518,intenso,PREEMPCAO_COMPENSADA,32,T3_N1,15
518,intenso,PREEMPCAO_COMPENSADA,32,T3_N2,15
518,intenso,PREEMPCAO_COMPENSADA,32,T3_S0,15
518,intenso,PREEMPCAO_COMPENSADA,32,T3_S1,15
518,intenso,PREEMPCAO_COMPENSADA,32,T4_N1,15
518,intenso,PREEMPCAO_COMPENSADA,32,T4_N2,15
518,intenso,PREEMPCAO_COMPENSADA,32,T4_S0,13
518,intenso,PREEMPCAO_COMPENSADA,32,T4_S1,14
519,multiplas_emergencias,FIXO,32,A1_L0,16
519,multiplas_emergencias,FIXO,32,A1_L1,27
519,multiplas_emergencias,FIXO,32,A1_L2,26
519,multiplas_emergencias,FIXO,32,A1_L3,26
519,multiplas_emergencias,FIXO,32,A1_O1,21
519,multiplas_emergencias,FIXO,32,A1_O2,21
519,multiplas_emergencias,FIXO,32,A1_O3,21
519,multiplas_emergencias,FIXO,32,A1_O4,11
519,multiplas_emergencias,FIXO,32,A2_L0,13
519,multiplas_emergencias,FIXO,32,A2_L1,22
519,multiplas_emergencias,FIXO,32,A2_L2,22
519,multiplas_emergencias,FIXO,32,A2_L3,22
519,multiplas_emergencias,FIXO,32,A2_O1,27
519,multiplas_emergencias,FIXO,32,A2_O2,27
519,multiplas_emergencias,FIXO,32,A2_O3,27
519,multiplas_emergencias,FIXO,32,A2_O4,15
519,multiplas_emergencias,FIXO,32,T1_N1,9
519,multiplas_emergencias,FIXO,32,T1_N2,8
519,multiplas_emergencias,FIXO,32,T1_S0,7
519,multiplas_emergencias,FIXO,32,T1_S1,8
519,multiplas_emergencias,FIXO,32,T2_N1,8
519,multiplas_emergencias,FIXO,32,T2_N2,8
519,multiplas_emergencias,FIXO,32,T2_S0,10
519,multiplas_emergencias,FIXO,32,T2_S1,9
519,multiplas_emergencias,FIXO,32,T3_N1,8
519,multiplas_emergencias,FIXO,32,T3_N2,8
519,multiplas_emergencias,FIXO,32,T3_S0,8
519,multiplas_emergencias,FIXO,32,T3_S1,8
519,multiplas_emergencias,FIXO,32,T4_N1,8
519,multiplas_emergencias,FIXO,32,T4_N2,10
519,multiplas_emergencias,FIXO,32,T4_S0,8
519,multiplas_emergencias,FIXO,32,T4_S1,8
520,multiplas_emergencias,PREEMPCAO,32,A1_L0,16
520,multiplas_emergencias,PREEMPCAO,32,A1_L1,18
520,multiplas_emergencias,PREEMPCAO,32,A1_L2,17
520,multiplas_emergencias,PREEMPCAO,32,A1_L3,17
520,multiplas_emergencias,PREEMPCAO,32,A1_O1,18
520,multiplas_emergencias,PREEMPCAO,32,A1_O2,21
520,multiplas_emergencias,PREEMPCAO,32,A1_O3,21
520,multiplas_emergencias,PREEMPCAO,32,A1_O4,14
520,multiplas_emergencias,PREEMPCAO,32,A2_L0,14
520,multiplas_emergencias,PREEMPCAO,32,A2_L1,18
520,multiplas_emergencias,PREEMPCAO,32,A2_L2,18
520,multiplas_emergencias,PREEMPCAO,32,A2_L3,18
520,multiplas_emergencias,PREEMPCAO,32,A2_O1,16
520,multiplas_emergencias,PREEMPCAO,32,A2_O2,24
520,multiplas_emergencias,PREEMPCAO,32,A2_O3,17
520,multiplas_emergencias,PREEMPCAO,32,A2_O4,17
520,multiplas_emergencias,PREEMPCAO,32,T1_N1,9
520,multiplas_emergencias,PREEMPCAO,32,T1_N2,9
520,multiplas_emergencias,PREEMPCAO,32,T1_S0,9
520,multiplas_emergencias,PREEMPCAO,32,T1_S1,9
520,multiplas_emergencias,PREEMPCAO,32,T2_N1,10
520,multiplas_emergencias,PREEMPCAO,32,T2_N2,9
520,multiplas_emergencias,PREEMPCAO,32,T2_S0,9
520,multiplas_emergencias,PREEMPCAO,32,T2_S1,9
520,multiplas_emergencias,PREEMPCAO,32,T3_N1,12
520,multiplas_emergencias,PREEMPCAO,32,T3_N2,8
520,multiplas_emergencias,PREEMPCAO,32,T3_S0,9
520,multiplas_emergencias,PREEMPCAO,32,T3_S1,6
520,multiplas_emergencias,PREEMPCAO,32,T4_N1,9
520,multiplas_emergencias,PREEMPCAO,32,T4_N2,8
520,multiplas_emergencias,PREEMPCAO,32,T4_S0,8
520,multiplas_emergencias,PREEMPCAO,32,T4_S1,11
521,multiplas_emergencias,PREEMPCAO_COMPENSADA,32,A1_L0,16
521,multiplas_emergencias,PREEMPCAO_COMPENSADA,32,A1_L1,25
521,multiplas_emergencias,PREEMPCAO_COMPENSADA,32,A1_L2,20
521,multiplas_emergencias,PREEMPCAO_COMPENSADA,32,A1_L3,24
521,multiplas_emergencias,PREEMPCAO_COMPENSADA,32,A1_O1,25
521,multiplas_emergencias,PREEMPCAO_COMPENSADA,32,A1_O2,21
521,multiplas_emergencias,PREEMPCAO_COMPENSADA,32,A1_O3,23
521,multiplas_emergencias,PREEMPCAO_COMPENSADA,32,A1_O4,13
521,multiplas_emergencias,PREEMPCAO_COMPENSADA,32,A2_L0,13
521,multiplas_emergencias,PREEMPCAO_COMPENSADA,32,A2_L1,18
521,multiplas_emergencias,PREEMPCAO_COMPENSADA,32,A2_L2,21
521,multiplas_emergencias,PREEMPCAO_COMPENSADA,32,A2_L3,21
521,multiplas_emergencias,PREEMPCAO_COMPENSADA,32,A2_O1,21
521,multiplas_emergencias,PREEMPCAO_COMPENSADA,32,A2_O2,19
521,multiplas_emergencias,PREEMPCAO_COMPENSADA,32,A2_O3,24
521,multiplas_emergencias,PREEMPCAO_COMPENSADA,32,A2_O4,14
521,multiplas_emergencias,PREEMPCAO_COMPENSADA,32,T1_N1,10
521,multiplas_emergencias,PREEMPCAO_COMPENSADA,32,T1_N2,9
521,multiplas_emergencias,PREEMPCAO_COMPENSADA,32,T1_S0,11
521,multiplas_emergencias,PREEMPCAO_COMPENSADA,32,T1_S1,12
521,multiplas_emergencias,PREEMPCAO_COMPENSADA,32,T2_N1,11
521,multiplas_emergencias,PREEMPCAO_COMPENSADA,32,T2_N2,9
521,multiplas_emergencias,PREEMPCAO_COMPENSADA,32,T2_S0,10
521,multiplas_emergencias,PREEMPCAO_COMPENSADA,32,T2_S1,10
521,multiplas_emergencias,PREEMPCAO_COMPENSADA,32,T3_N1,12
521,multiplas_emergencias,PREEMPCAO_COMPENSADA,32,T3_N2,7
521,multiplas_emergencias,PREEMPCAO_COMPENSADA,32,T3_S0,8
521,multiplas_emergencias,PREEMPCAO_COMPENSADA,32,T3_S1,10
521,multiplas_emergencias,PREEMPCAO_COMPENSADA,32,T4_N1,10
521,multiplas_emergencias,PREEMPCAO_COMPENSADA,32,T4_N2,12
521,multiplas_emergencias,PREEMPCAO_COMPENSADA,32,T4_S0,8
521,multiplas_emergencias,PREEMPCAO_COMPENSADA,32,T4_S1,13
522,multiplas_emergencias,PREEMPCAO_ML,32,A1_L0,16
522,multiplas_emergencias,PREEMPCAO_ML,32,A1_L1,18
522,multiplas_emergencias,PREEMPCAO_ML,32,A1_L2,17
522,multiplas_emergencias,PREEMPCAO_ML,32,A1_L3,18
522,multiplas_emergencias,PREEMPCAO_ML,32,A1_O1,16
522,multiplas_emergencias,PREEMPCAO_ML,32,A1_O2,20
522,multiplas_emergencias,PREEMPCAO_ML,32,A1_O3,21
522,multiplas_emergencias,PREEMPCAO_ML,32,A1_O4,14
522,multiplas_emergencias,PREEMPCAO_ML,32,A2_L0,13
522,multiplas_emergencias,PREEMPCAO_ML,32,A2_L1,18
522,multiplas_emergencias,PREEMPCAO_ML,32,A2_L2,18
522,multiplas_emergencias,PREEMPCAO_ML,32,A2_L3,20
522,multiplas_emergencias,PREEMPCAO_ML,32,A2_O1,19
522,multiplas_emergencias,PREEMPCAO_ML,32,A2_O2,16
522,multiplas_emergencias,PREEMPCAO_ML,32,A2_O3,17
522,multiplas_emergencias,PREEMPCAO_ML,32,A2_O4,13
522,multiplas_emergencias,PREEMPCAO_ML,32,T1_N1,8
522,multiplas_emergencias,PREEMPCAO_ML,32,T1_N2,9
522,multiplas_emergencias,PREEMPCAO_ML,32,T1_S0,9
522,multiplas_emergencias,PREEMPCAO_ML,32,T1_S1,11
522,multiplas_emergencias,PREEMPCAO_ML,32,T2_N1,11
522,multiplas_emergencias,PREEMPCAO_ML,32,T2_N2,9
522,multiplas_emergencias,PREEMPCAO_ML,32,T2_S0,9
522,multiplas_emergencias,PREEMPCAO_ML,32,T2_S1,9
522,multiplas_emergencias,PREEMPCAO_ML,32,T3_N1,9
522,multiplas_emergencias,PREEMPCAO_ML,32,T3_N2,7
522,multiplas_emergencias,PREEMPCAO_ML,32,T3_S0,7
522,multiplas_emergencias,PREEMPCAO_ML,32,T3_S1,13
522,multiplas_emergencias,PREEMPCAO_ML,32,T4_N1,13
522,multiplas_emergencias,PREEMPCAO_ML,32,T4_N2,12
522,multiplas_emergencias,PREEMPCAO_ML,32,T4_S0,8
522,multiplas_emergencias,PREEMPCAO_ML,32,T4_S1,10
523,leve,FIXO,33,A1_L0,9
523,leve,FIXO,33,A1_L1,14
523,leve,FIXO,33,A1_L2,14
523,leve,FIXO,33,A1_L3,14
523,leve,FIXO,33,A1_O1,13
523,leve,FIXO,33,A1_O2,13
523,leve,FIXO,33,A1_O3,13
523,leve,FIXO,33,A1_O4,7
523,leve,FIXO,33,A2_L0,6
523,leve,FIXO,33,A2_L1,12
523,leve,FIXO,33,A2_L2,12
523,leve,FIXO,33,A2_L3,12
523,leve,FIXO,33,A2_O1,10
523,leve,FIXO,33,A2_O2,10
523,leve,FIXO,33,A2_O3,10
523,leve,FIXO,33,A2_O4,7
523,leve,FIXO,33,T1_N1,6
523,leve,FIXO,33,T1_N2,4
523,leve,FIXO,33,T1_S0,5
523,leve,FIXO,33,T1_S1,5
523,leve,FIXO,33,T2_N1,7
523,leve,FIXO,33,T2_N2,5
523,leve,FIXO,33,T2_S0,4
523,leve,FIXO,33,T2_S1,5
523,leve,FIXO,33,T3_N1,6
523,leve,FIXO,33,T3_N2,5
523,leve,FIXO,33,T3_S0,5
523,leve,FIXO,33,T3_S1,7
523,leve,FIXO,33,T4_N1,7
523,leve,FIXO,33,T4_N2,4
523,leve,FIXO,33,T4_S0,5
523,leve,FIXO,33,T4_S1,6
524,leve,PREEMPCAO,33,A1_L0,8
524,leve,PREEMPCAO,33,A1_L1,7
524,leve,PREEMPCAO,33,A1_L2,6
524,leve,PREEMPCAO,33,A1_L3,9
524,leve,PREEMPCAO,33,A1_O1,8
524,leve,PREEMPCAO,33,A1_O2,9
524,leve,PREEMPCAO,33,A1_O3,9
524,leve,PREEMPCAO,33,A1_O4,7
524,leve,PREEMPCAO,33,A2_L0,7
524,leve,PREEMPCAO,33,A2_L1,8
524,leve,PREEMPCAO,33,A2_L2,10
524,leve,PREEMPCAO,33,A2_L3,14
524,leve,PREEMPCAO,33,A2_O1,10
524,leve,PREEMPCAO,33,A2_O2,10
524,leve,PREEMPCAO,33,A2_O3,10
524,leve,PREEMPCAO,33,A2_O4,7
524,leve,PREEMPCAO,33,T1_N1,5
524,leve,PREEMPCAO,33,T1_N2,4
524,leve,PREEMPCAO,33,T1_S0,7
524,leve,PREEMPCAO,33,T1_S1,7
524,leve,PREEMPCAO,33,T2_N1,6
524,leve,PREEMPCAO,33,T2_N2,5
524,leve,PREEMPCAO,33,T2_S0,4
524,leve,PREEMPCAO,33,T2_S1,5
524,leve,PREEMPCAO,33,T3_N1,3
524,leve,PREEMPCAO,33,T3_N2,4
524,leve,PREEMPCAO,33,T3_S0,5
524,leve,PREEMPCAO,33,T3_S1,8
524,leve,PREEMPCAO,33,T4_N1,6
524,leve,PREEMPCAO,33,T4_N2,4
524,leve,PREEMPCAO,33,T4_S0,4
524,leve,PREEMPCAO,33,T4_S1,6
525,leve,PREEMPCAO_COMPENSADA,33,A1_L0,7
525,leve,PREEMPCAO_COMPENSADA,33,A1_L1,8
525,leve,PREEMPCAO_COMPENSADA,33,A1_L2,11
525,leve,PREEMPCAO_COMPENSADA,33,A1_L3,9
525,leve,PREEMPCAO_COMPENSADA,33,A1_O1,10
525,leve,PREEMPCAO_COMPENSADA,33,A1_O2,9
525,leve,PREEMPCAO_COMPENSADA,33,A1_O3,9
525,leve,PREEMPCAO_COMPENSADA,33,A1_O4,8
525,leve,PREEMPCAO_COMPENSADA,33,A2_L0,8
525,leve,PREEMPCAO_COMPENSADA,33,A2_L1,8
525,leve,PREEMPCAO_COMPENSADA,33,A2_L2,14
525,leve,PREEMPCAO_COMPENSADA,33,A2_L3,12
525,leve,PREEMPCAO_COMPENSADA,33,A2_O1,10
525,leve,PREEMPCAO_COMPENSADA,33,A2_O2,10
525,leve,PREEMPCAO_COMPENSADA,33,A2_O3,10
525,leve,PREEMPCAO_COMPENSADA,33,A2_O4,7
525,leve,PREEMPCAO_COMPENSADA,33,T1_N1,4
525,leve,PREEMPCAO_COMPENSADA,33,T1_N2,7
525,leve,PREEMPCAO_COMPENSADA,33,T1_S0,7
525,leve,PREEMPCAO_COMPENSADA,33,T1_S1,7
525,leve,PREEMPCAO_COMPENSADA,33,T2_N1,6
525,leve,PREEMPCAO_COMPENSADA,33,T2_N2,5
525,leve,PREEMPCAO_COMPENSADA,33,T2_S0,4
525,leve,PREEMPCAO_COMPENSADA,33,T2_S1,5
525,leve,PREEMPCAO_COMPENSADA,33,T3_N1,3
525,leve,PREEMPCAO_COMPENSADA,33,T3_N2,4
525,leve,PREEMPCAO_COMPENSADA,33,T3_S0,5
525,leve,PREEMPCAO_COMPENSADA,33,T3_S1,5
525,leve,PREEMPCAO_COMPENSADA,33,T4_N1,6
525,leve,PREEMPCAO_COMPENSADA,33,T4_N2,6
525,leve,PREEMPCAO_COMPENSADA,33,T4_S0,4
525,leve,PREEMPCAO_COMPENSADA,33,T4_S1,6
526,moderado,FIXO,33,A1_L0,15
526,moderado,FIXO,33,A1_L1,26
526,moderado,FIXO,33,A1_L2,26
526,moderado,FIXO,33,A1_L3,26
526,moderado,FIXO,33,A1_O1,24
526,moderado,FIXO,33,A1_O2,24
526,moderado,FIXO,33,A1_O3,24
526,moderado,FIXO,33,A1_O4,16
526,moderado,FIXO,33,A2_L0,14
526,moderado,FIXO,33,A2_L1,23
526,moderado,FIXO,33,A2_L2,23
526,moderado,FIXO,33,A2_L3,23
526,moderado,FIXO,33,A2_O1,23
526,moderado,FIXO,33,A2_O2,23
526,moderado,FIXO,33,A2_O3,23
526,moderado,FIXO,33,A2_O4,14
526,moderado,FIXO,33,T1_N1,8
526,moderado,FIXO,33,T1_N2,9
526,moderado,FIXO,33,T1_S0,11
526,moderado,FIXO,33,T1_S1,8
526,moderado,FIXO,33,T2_N1,8
526,moderado,FIXO,33,T2_N2,7
526,moderado,FIXO,33,T2_S0,8
526,moderado,FIXO,33,T2_S1,8
526,moderado,FIXO,33,T3_N1,9
526,moderado,FIXO,33,T3_N2,10
526,moderado,FIXO,33,T3_S0,8
526,moderado,FIXO,33,T3_S1,9
526,moderado,FIXO,33,T4_N1,9
526,moderado,FIXO,33,T4_N2,9
526,moderado,FIXO,33,T4_S0,8
526,moderado,FIXO,33,T4_S1,9
527,moderado,PREEMPCAO,33,A1_L0,18
527,moderado,PREEMPCAO,33,A1_L1,24
527,moderado,PREEMPCAO,33,A1_L2,20
527,moderado,PREEMPCAO,33,A1_L3,18
527,moderado,PREEMPCAO,33,A1_O1,10
527,moderado,PREEMPCAO,33,A1_O2,19
527,moderado,PREEMPCAO,33,A1_O3,19
527,moderado,PREEMPCAO,33,A1_O4,13
527,moderado,PREEMPCAO,33,A2_L0,13
527,moderado,PREEMPCAO,33,A2_L1,19
527,moderado,PREEMPCAO,33,A2_L2,19
527,moderado,PREEMPCAO,33,A2_L3,26
527,moderado,PREEMPCAO,33,A2_O1,20
527,moderado,PREEMPCAO,33,A2_O2,17
527,moderado,PREEMPCAO,33,A2_O3,22
527,moderado,PREEMPCAO,33,A2_O4,14
527,moderado,PREEMPCAO,33,T1_N1,9
527,moderado,PREEMPCAO,33,T1_N2,8
527,moderado,PREEMPCAO,33,T1_S0,8
527,moderado,PREEMPCAO,33,T1_S1,9
527,moderado,PREEMPCAO,33,T2_N1,8
527,moderado,PREEMPCAO,33,T2_N2,9
527,moderado,PREEMPCAO,33,T2_S0,11
527,moderado,PREEMPCAO,33,T2_S1,10
527,moderado,PREEMPCAO,33,T3_N1,11
527,moderado,PREEMPCAO,33,T3_N2,10
527,moderado,PREEMPCAO,33,T3_S0,8
527,moderado,PREEMPCAO,33,T3_S1,12
527,moderado,PREEMPCAO,33,T4_N1,9
527,moderado,PREEMPCAO,33,T4_N2,7
527,moderado,PREEMPCAO,33,T4_S0,8
527,moderado,PREEMPCAO,33,T4_S1,10
528,moderado,PREEMPCAO_COMPENSADA,33,A1_L0,14
528,moderado,PREEMPCAO_COMPENSADA,33,A1_L1,24
528,moderado,PREEMPCAO_COMPENSADA,33,A1_L2,23
528,moderado,PREEMPCAO_COMPENSADA,33,A1_L3,17
528,moderado,PREEMPCAO_COMPENSADA,33,A1_O1,24
528,moderado,PREEMPCAO_COMPENSADA,33,A1_O2,20
528,moderado,PREEMPCAO_COMPENSADA,33,A1_O3,20
528,moderado,PREEMPCAO_COMPENSADA,33,A1_O4,14
528,moderado,PREEMPCAO_COMPENSADA,33,A2_L0,14
528,moderado,PREEMPCAO_COMPENSADA,33,A2_L1,20
528,moderado,PREEMPCAO_COMPENSADA,33,A2_L2,19
528,moderado,PREEMPCAO_COMPENSADA,33,A2_L3,27
528,moderado,PREEMPCAO_COMPENSADA,33,A2_O1,21
528,moderado,PREEMPCAO_COMPENSADA,33,A2_O2,17
528,moderado,PREEMPCAO_COMPENSADA,33,A2_O3,23
528,moderado,PREEMPCAO_COMPENSADA,33,A2_O4,13
528,moderado,PREEMPCAO_COMPENSADA,33,T1_N1,11
528,moderado,PREEMPCAO_COMPENSADA,33,T1_N2,8
528,moderado,PREEMPCAO_COMPENSADA,33,T1_S0,10
528,moderado,PREEMPCAO_COMPENSADA,33,T1_S1,10
528,moderado,PREEMPCAO_COMPENSADA,33,T2_N1,9
528,moderado,PREEMPCAO_COMPENSADA,33,T2_N2,6
528,moderado,PREEMPCAO_COMPENSADA,33,T2_S0,10
528,moderado,PREEMPCAO_COMPENSADA,33,T2_S1,8
528,moderado,PREEMPCAO_COMPENSADA,33,T3_N1,9
528,moderado,PREEMPCAO_COMPENSADA,33,T3_N2,10
528,moderado,PREEMPCAO_COMPENSADA,33,T3_S0,9
528,moderado,PREEMPCAO_COMPENSADA,33,T3_S1,11
528,moderado,PREEMPCAO_COMPENSADA,33,T4_N1,12
528,moderado,PREEMPCAO_COMPENSADA,33,T4_N2,6
528,moderado,PREEMPCAO_COMPENSADA,33,T4_S0,9
528,moderado,PREEMPCAO_COMPENSADA,33,T4_S1,13
529,intenso,FIXO,33,A1_L0,21
529,intenso,FIXO,33,A1_L1,27
529,intenso,FIXO,33,A1_L2,28
529,intenso,FIXO,33,A1_L3,27
529,intenso,FIXO,33,A1_O1,27
529,intenso,FIXO,33,A1_O2,27
529,intenso,FIXO,33,A1_O3,27
529,intenso,FIXO,33,A1_O4,28
529,intenso,FIXO,33,A2_L0,25
529,intenso,FIXO,33,A2_L1,28
529,intenso,FIXO,33,A2_L2,28
529,intenso,FIXO,33,A2_L3,28
529,intenso,FIXO,33,A2_O1,28
529,intenso,FIXO,33,A2_O2,28
529,intenso,FIXO,33,A2_O3,28
529,intenso,FIXO,33,A2_O4,22
529,intenso,FIXO,33,T1_N1,9
529,intenso,FIXO,33,T1_N2,15
529,intenso,FIXO,33,T1_S0,12
529,intenso,FIXO,33,T1_S1,9
529,intenso,FIXO,33,T2_N1,9
529,intenso,FIXO,33,T2_N2,14
529,intenso,FIXO,33,T2_S0,13
529,intenso,FIXO,33,T2_S1,8
529,intenso,FIXO,33,T3_N1,9
529,intenso,FIXO,33,T3_N2,15
529,intenso,FIXO,33,T3_S0,15
529,intenso,FIXO,33,T3_S1,10
529,intenso,FIXO,33,T4_N1,10
529,intenso,FIXO,33,T4_N2,14
529,intenso,FIXO,33,T4_S0,14
529,intenso,FIXO,33,T4_S1,10
530,intenso,PREEMPCAO,33,A1_L0,26
530,intenso,PREEMPCAO,33,A1_L1,26
530,intenso,PREEMPCAO,33,A1_L2,26
530,intenso,PREEMPCAO,33,A1_L3,27
530,intenso,PREEMPCAO,33,A1_O1,26
530,intenso,PREEMPCAO,33,A1_O2,25
530,intenso,PREEMPCAO,33,A1_O3,27
530,intenso,PREEMPCAO,33,A1_O4,27
530,intenso,PREEMPCAO,33,A2_L0,19
530,intenso,PREEMPCAO,33,A2_L1,28
530,intenso,PREEMPCAO,33,A2_L2,28
530,intenso,PREEMPCAO,33,A2_L3,28
530,intenso,PREEMPCAO,33,A2_O1,28
530,intenso,PREEMPCAO,33,A2_O2,28
530,intenso,PREEMPCAO,33,A2_O3,28
530,intenso,PREEMPCAO,33,A2_O4,27
530,intenso,PREEMPCAO,33,T1_N1,12
530,intenso,PREEMPCAO,33,T1_N2,15
530,intenso,PREEMPCAO,33,T1_S0,12
530,intenso,PREEMPCAO,33,T1_S1,15
530,intenso,PREEMPCAO,33,T2_N1,12
530,intenso,PREEMPCAO,33,T2_N2,15
530,intenso,PREEMPCAO,33,T2_S0,15
530,intenso,PREEMPCAO,33,T2_S1,15
530,intenso,PREEMPCAO,33,T3_N1,13
530,intenso,PREEMPCAO,33,T3_N2,15
530,intenso,PREEMPCAO,33,T3_S0,15
530,intenso,PREEMPCAO,33,T3_S1,15
530,intenso,PREEMPCAO,33,T4_N1,15
530,intenso,PREEMPCAO,33,T4_N2,14
530,intenso,PREEMPCAO,33,T4_S0,15
530,intenso,PREEMPCAO,33,T4_S1,13
531,intenso,PREEMPCAO_COMPENSADA,33,A1_L0,28
531,intenso,PREEMPCAO_COMPENSADA,33,A1_L1,26
531,intenso,PREEMPCAO_COMPENSADA,33,A1_L2,26
531,intenso,PREEMPCAO_COMPENSADA,33,A1_L3,26
531,intenso,PREEMPCAO_COMPENSADA,33,A1_O1,26
531,intenso,PREEMPCAO_COMPENSADA,33,A1_O2,28
531,intenso,PREEMPCAO_COMPENSADA,33,A1_O3,28
531,intenso,PREEMPCAO_COMPENSADA,33,A1_O4,28
531,intenso,PREEMPCAO_COMPENSADA,33,A2_L0,25
531,intenso,PREEMPCAO_COMPENSADA,33,A2_L1,30
531,intenso,PREEMPCAO_COMPENSADA,33,A2_L2,28
531,intenso,PREEMPCAO_COMPENSADA,33,A2_L3,28
531,intenso,PREEMPCAO_COMPENSADA,33,A2_O1,28
531,intenso,PREEMPCAO_COMPENSADA,33,A2_O2,30
531,intenso,PREEMPCAO_COMPENSADA,33,A2_O3,29
531,intenso,PREEMPCAO_COMPENSADA,33,A2_O4,23
531,intenso,PREEMPCAO_COMPENSADA,33,T1_N1,14
531,intenso,PREEMPCAO_COMPENSADA,33,T1_N2,15
531,intenso,PREEMPCAO_COMPENSADA,33,T1_S0,13
531,intenso,PREEMPCAO_COMPENSADA,33,T1_S1,13
531,intenso,PREEMPCAO_COMPENSADA,33,T2_N1,15
531,intenso,PREEMPCAO_COMPENSADA,33,T2_N2,14
531,intenso,PREEMPCAO_COMPENSADA,33,T2_S0,13
531,intenso,PREEMPCAO_COMPENSADA,33,T2_S1,14
531,intenso,PREEMPCAO_COMPENSADA,33,T3_N1,15
531,intenso,PREEMPCAO_COMPENSADA,33,T3_N2,15
531,intenso,PREEMPCAO_COMPENSADA,33,T3_S0,15
531,intenso,PREEMPCAO_COMPENSADA,33,T3_S1,13
531,intenso,PREEMPCAO_COMPENSADA,33,T4_N1,13
531,intenso,PREEMPCAO_COMPENSADA,33,T4_N2,15
531,intenso,PREEMPCAO_COMPENSADA,33,T4_S0,15
531,intenso,PREEMPCAO_COMPENSADA,33,T4_S1,15
532,multiplas_emergencias,FIXO,33,A1_L0,15
532,multiplas_emergencias,FIXO,33,A1_L1,26
532,multiplas_emergencias,FIXO,33,A1_L2,26
532,multiplas_emergencias,FIXO,33,A1_L3,26
532,multiplas_emergencias,FIXO,33,A1_O1,24
532,multiplas_emergencias,FIXO,33,A1_O2,24
532,multiplas_emergencias,FIXO,33,A1_O3,24
532,multiplas_emergencias,FIXO,33,A1_O4,16
532,multiplas_emergencias,FIXO,33,A2_L0,14
532,multiplas_emergencias,FIXO,33,A2_L1,23
532,multiplas_emergencias,FIXO,33,A2_L2,23
532,multiplas_emergencias,FIXO,33,A2_L3,23
532,multiplas_emergencias,FIXO,33,A2_O1,23
532,multiplas_emergencias,FIXO,33,A2_O2,23
532,multiplas_emergencias,FIXO,33,A2_O3,23
532,multiplas_emergencias,FIXO,33,A2_O4,14
532,multiplas_emergencias,FIXO,33,T1_N1,8
532,multiplas_emergencias,FIXO,33,T1_N2,9
532,multiplas_emergencias,FIXO,33,T1_S0,11
532,multiplas_emergencias,FIXO,33,T1_S1,8
532,multiplas_emergencias,FIXO,33,T2_N1,8
532,multiplas_emergencias,FIXO,33,T2_N2,7
532,multiplas_emergencias,FIXO,33,T2_S0,8
532,multiplas_emergencias,FIXO,33,T2_S1,8
532,multiplas_emergencias,FIXO,33,T3_N1,9
532,multiplas_emergencias,FIXO,33,T3_N2,10
532,multiplas_emergencias,FIXO,33,T3_S0,8
532,multiplas_emergencias,FIXO,33,T3_S1,9
532,multiplas_emergencias,FIXO,33,T4_N1,9
532,multiplas_emergencias,FIXO,33,T4_N2,9
532,multiplas_emergencias,FIXO,33,T4_S0,8
532,multiplas_emergencias,FIXO,33,T4_S1,9
533,multiplas_emergencias,PREEMPCAO,33,A1_L0,18
533,multiplas_emergencias,PREEMPCAO,33,A1_L1,26
533,multiplas_emergencias,PREEMPCAO,33,A1_L2,13
533,multiplas_emergencias,PREEMPCAO,33,A1_L3,20
533,multiplas_emergencias,PREEMPCAO,33,A1_O1,26
533,multiplas_emergencias,PREEMPCAO,33,A1_O2,19
533,multiplas_emergencias,PREEMPCAO,33,A1_O3,21
533,multiplas_emergencias,PREEMPCAO,33,A1_O4,17
533,multiplas_emergencias,PREEMPCAO,33,A2_L0,14
533,multiplas_emergencias,PREEMPCAO,33,A2_L1,19
533,multiplas_emergencias,PREEMPCAO,33,A2_L2,19
533,multiplas_emergencias,PREEMPCAO,33,A2_L3,21
533,multiplas_emergencias,PREEMPCAO,33,A2_O1,18
533,multiplas_emergencias,PREEMPCAO,33,A2_O2,21
533,multiplas_emergencias,PREEMPCAO,33,A2_O3,18
533,multiplas_emergencias,PREEMPCAO,33,A2_O4,15
533,multiplas_emergencias,PREEMPCAO,33,T1_N1,7
533,multiplas_emergencias,PREEMPCAO,33,T1_N2,8
533,multiplas_emergencias,PREEMPCAO,33,T1_S0,8
533,multiplas_emergencias,PREEMPCAO,33,T1_S1,9
533,multiplas_emergencias,PREEMPCAO,33,T2_N1,11
533,multiplas_emergencias,PREEMPCAO,33,T2_N2,8
533,multiplas_emergencias,PREEMPCAO,33,T2_S0,7
533,multiplas_emergencias,PREEMPCAO,33,T2_S1,8
533,multiplas_emergencias,PREEMPCAO,33,T3_N1,11
533,multiplas_emergencias,PREEMPCAO,33,T3_N2,10
533,multiplas_emergencias,PREEMPCAO,33,T3_S0,8
533,multiplas_emergencias,PREEMPCAO,33,T3_S1,9
533,multiplas_emergencias,PREEMPCAO,33,T4_N1,10
533,multiplas_emergencias,PREEMPCAO,33,T4_N2,7
533,multiplas_emergencias,PREEMPCAO,33,T4_S0,8
533,multiplas_emergencias,PREEMPCAO,33,T4_S1,12
534,multiplas_emergencias,PREEMPCAO_COMPENSADA,33,A1_L0,14
534,multiplas_emergencias,PREEMPCAO_COMPENSADA,33,A1_L1,26
534,multiplas_emergencias,PREEMPCAO_COMPENSADA,33,A1_L2,19
534,multiplas_emergencias,PREEMPCAO_COMPENSADA,33,A1_L3,21
534,multiplas_emergencias,PREEMPCAO_COMPENSADA,33,A1_O1,18
534,multiplas_emergencias,PREEMPCAO_COMPENSADA,33,A1_O2,19
534,multiplas_emergencias,PREEMPCAO_COMPENSADA,33,A1_O3,19
534,multiplas_emergencias,PREEMPCAO_COMPENSADA,33,A1_O4,15
534,multiplas_emergencias,PREEMPCAO_COMPENSADA,33,A2_L0,17
534,multiplas_emergencias,PREEMPCAO_COMPENSADA,33,A2_L1,25
534,multiplas_emergencias,PREEMPCAO_COMPENSADA,33,A2_L2,20
534,multiplas_emergencias,PREEMPCAO_COMPENSADA,33,A2_L3,19
534,multiplas_emergencias,PREEMPCAO_COMPENSADA,33,A2_O1,21
534,multiplas_emergencias,PREEMPCAO_COMPENSADA,33,A2_O2,20
534,multiplas_emergencias,PREEMPCAO_COMPENSADA,33,A2_O3,20
534,multiplas_emergencias,PREEMPCAO_COMPENSADA,33,A2_O4,16
534,multiplas_emergencias,PREEMPCAO_COMPENSADA,33,T1_N1,9
534,multiplas_emergencias,PREEMPCAO_COMPENSADA,33,T1_N2,7
534,multiplas_emergencias,PREEMPCAO_COMPENSADA,33,T1_S0,10
534,multiplas_emergencias,PREEMPCAO_COMPENSADA,33,T1_S1,11
534,multiplas_emergencias,PREEMPCAO_COMPENSADA,33,T2_N1,11
534,multiplas_emergencias,PREEMPCAO_COMPENSADA,33,T2_N2,9
534,multiplas_emergencias,PREEMPCAO_COMPENSADA,33,T2_S0,9
534,multiplas_emergencias,PREEMPCAO_COMPENSADA,33,T2_S1,12
534,multiplas_emergencias,PREEMPCAO_COMPENSADA,33,T3_N1,10
534,multiplas_emergencias,PREEMPCAO_COMPENSADA,33,T3_N2,10
534,multiplas_emergencias,PREEMPCAO_COMPENSADA,33,T3_S0,9
534,multiplas_emergencias,PREEMPCAO_COMPENSADA,33,T3_S1,9
534,multiplas_emergencias,PREEMPCAO_COMPENSADA,33,T4_N1,9
534,multiplas_emergencias,PREEMPCAO_COMPENSADA,33,T4_N2,7
534,multiplas_emergencias,PREEMPCAO_COMPENSADA,33,T4_S0,8
534,multiplas_emergencias,PREEMPCAO_COMPENSADA,33,T4_S1,11
535,multiplas_emergencias,PREEMPCAO_ML,33,A1_L0,18
535,multiplas_emergencias,PREEMPCAO_ML,33,A1_L1,24
535,multiplas_emergencias,PREEMPCAO_ML,33,A1_L2,20
535,multiplas_emergencias,PREEMPCAO_ML,33,A1_L3,17
535,multiplas_emergencias,PREEMPCAO_ML,33,A1_O1,12
535,multiplas_emergencias,PREEMPCAO_ML,33,A1_O2,19
535,multiplas_emergencias,PREEMPCAO_ML,33,A1_O3,19
535,multiplas_emergencias,PREEMPCAO_ML,33,A1_O4,13
535,multiplas_emergencias,PREEMPCAO_ML,33,A2_L0,12
535,multiplas_emergencias,PREEMPCAO_ML,33,A2_L1,19
535,multiplas_emergencias,PREEMPCAO_ML,33,A2_L2,19
535,multiplas_emergencias,PREEMPCAO_ML,33,A2_L3,20
535,multiplas_emergencias,PREEMPCAO_ML,33,A2_O1,13
535,multiplas_emergencias,PREEMPCAO_ML,33,A2_O2,19
535,multiplas_emergencias,PREEMPCAO_ML,33,A2_O3,20
535,multiplas_emergencias,PREEMPCAO_ML,33,A2_O4,14
535,multiplas_emergencias,PREEMPCAO_ML,33,T1_N1,9
535,multiplas_emergencias,PREEMPCAO_ML,33,T1_N2,8
535,multiplas_emergencias,PREEMPCAO_ML,33,T1_S0,8
535,multiplas_emergencias,PREEMPCAO_ML,33,T1_S1,9
535,multiplas_emergencias,PREEMPCAO_ML,33,T2_N1,9
535,multiplas_emergencias,PREEMPCAO_ML,33,T2_N2,11
535,multiplas_emergencias,PREEMPCAO_ML,33,T2_S0,9
535,multiplas_emergencias,PREEMPCAO_ML,33,T2_S1,10
535,multiplas_emergencias,PREEMPCAO_ML,33,T3_N1,12
535,multiplas_emergencias,PREEMPCAO_ML,33,T3_N2,11
535,multiplas_emergencias,PREEMPCAO_ML,33,T3_S0,8
535,multiplas_emergencias,PREEMPCAO_ML,33,T3_S1,12
535,multiplas_emergencias,PREEMPCAO_ML,33,T4_N1,11
535,multiplas_emergencias,PREEMPCAO_ML,33,T4_N2,7
535,multiplas_emergencias,PREEMPCAO_ML,33,T4_S0,8
535,multiplas_emergencias,PREEMPCAO_ML,33,T4_S1,9
536,leve,FIXO,34,A1_L0,8
536,leve,FIXO,34,A1_L1,11
536,leve,FIXO,34,A1_L2,11
536,leve,FIXO,34,A1_L3,11
536,leve,FIXO,34,A1_O1,11
536,leve,FIXO,34,A1_O2,11
536,leve,FIXO,34,A1_O3,11
536,leve,FIXO,34,A1_O4,7
536,leve,FIXO,34,A2_L0,8
536,leve,FIXO,34,A2_L1,12
536,leve,FIXO,34,A2_L2,12
536,leve,FIXO,34,A2_L3,12
536,leve,FIXO,34,A2_O1,15
536,leve,FIXO,34,A2_O2,15
536,leve,FIXO,34,A2_O3,15
536,leve,FIXO,34,A2_O4,6
536,leve,FIXO,34,T1_N1,7
536,leve,FIXO,34,T1_N2,5
536,leve,FIXO,34,T1_S0,5
536,leve,FIXO,34,T1_S1,5
536,leve,FIXO,34,T2_N1,5
536,leve,FIXO,34,T2_N2,5
536,leve,FIXO,34,T2_S0,6
536,leve,FIXO,34,T2_S1,7
536,leve,FIXO,34,T3_N1,6
536,leve,FIXO,34,T3_N2,6
536,leve,FIXO,34,T3_S0,4
536,leve,FIXO,34,T3_S1,6
536,leve,FIXO,34,T4_N1,7
536,leve,FIXO,34,T4_N2,5
536,leve,FIXO,34,T4_S0,5
536,leve,FIXO,34,T4_S1,7
537,leve,PREEMPCAO,34,A1_L0,8
537,leve,PREEMPCAO,34,A1_L1,9
537,leve,PREEMPCAO,34,A1_L2,9
537,leve,PREEMPCAO,34,A1_L3,9
537,leve,PREEMPCAO,34,A1_O1,11
537,leve,PREEMPCAO,34,A1_O2,9
537,leve,PREEMPCAO,34,A1_O3,9
537,leve,PREEMPCAO,34,A1_O4,7
537,leve,PREEMPCAO,34,A2_L0,8
537,leve,PREEMPCAO,34,A2_L1,9
537,leve,PREEMPCAO,34,A2_L2,9
537,leve,PREEMPCAO,34,A2_L3,10
537,leve,PREEMPCAO,34,A2_O1,7
537,leve,PREEMPCAO,34,A2_O2,7
537,leve,PREEMPCAO,34,A2_O3,10
537,leve,PREEMPCAO,34,A2_O4,9
537,leve,PREEMPCAO,34,T1_N1,7
537,leve,PREEMPCAO,34,T1_N2,5
537,leve,PREEMPCAO,34,T1_S0,5
537,leve,PREEMPCAO,34,T1_S1,5
537,leve,PREEMPCAO,34,T2_N1,4
537,leve,PREEMPCAO,34,T2_N2,6
537,leve,PREEMPCAO,34,T2_S0,6
537,leve,PREEMPCAO,34,T2_S1,6
537,leve,PREEMPCAO,34,T3_N1,5
537,leve,PREEMPCAO,34,T3_N2,4
537,leve,PREEMPCAO,34,T3_S0,4
537,leve,PREEMPCAO,34,T3_S1,4
537,leve,PREEMPCAO,34,T4_N1,4
537,leve,PREEMPCAO,34,T4_N2,5
537,leve,PREEMPCAO,34,T4_S0,4
537,leve,PREEMPCAO,34,T4_S1,7
538,leve,PREEMPCAO_COMPENSADA,34,A1_L0,7
538,leve,PREEMPCAO_COMPENSADA,34,A1_L1,9
538,leve,PREEMPCAO_COMPENSADA,34,A1_L2,9
538,leve,PREEMPCAO_COMPENSADA,34,A1_L3,9
538,leve,PREEMPCAO_COMPENSADA,34,A1_O1,13
538,leve,PREEMPCAO_COMPENSADA,34,A1_O2,9
538,leve,PREEMPCAO_COMPENSADA,34,A1_O3,9
538,leve,PREEMPCAO_COMPENSADA,34,A1_O4,8
538,leve,PREEMPCAO_COMPENSADA,34,A2_L0,7
538,leve,PREEMPCAO_COMPENSADA,34,A2_L1,9
538,leve,PREEMPCAO_COMPENSADA,34,A2_L2,9
538,leve,PREEMPCAO_COMPENSADA,34,A2_L3,11
538,leve,PREEMPCAO_COMPENSADA,34,A2_O1,13
538,leve,PREEMPCAO_COMPENSADA,34,A2_O2,7
538,leve,PREEMPCAO_COMPENSADA,34,A2_O3,15
538,leve,PREEMPCAO_COMPENSADA,34,A2_O4,11
538,leve,PREEMPCAO_COMPENSADA,34,T1_N1,7
538,leve,PREEMPCAO_COMPENSADA,34,T1_N2,5
538,leve,PREEMPCAO_COMPENSADA,34,T1_S0,4
538,leve,PREEMPCAO_COMPENSADA,34,T1_S1,5
538,leve,PREEMPCAO_COMPENSADA,34,T2_N1,5
538,leve,PREEMPCAO_COMPENSADA,34,T2_N2,6
538,leve,PREEMPCAO_COMPENSADA,34,T2_S0,6
538,leve,PREEMPCAO_COMPENSADA,34,T2_S1,6
538,leve,PREEMPCAO_COMPENSADA,34,T3_N1,9
538,leve,PREEMPCAO_COMPENSADA,34,T3_N2,5
538,leve,PREEMPCAO_COMPENSADA,34,T3_S0,4
538,leve,PREEMPCAO_COMPENSADA,34,T3_S1,4
538,leve,PREEMPCAO_COMPENSADA,34,T4_N1,7
538,leve,PREEMPCAO_COMPENSADA,34,T4_N2,5
538,leve,PREEMPCAO_COMPENSADA,34,T4_S0,5
538,leve,PREEMPCAO_COMPENSADA,34,T4_S1,7
539,moderado,FIXO,34,A1_L0,15
539,moderado,FIXO,34,A1_L1,19
539,moderado,FIXO,34,A1_L2,19
539,moderado,FIXO,34,A1_L3,19
539,moderado,FIXO,34,A1_O1,24
539,moderado,FIXO,34,A1_O2,24
539,moderado,FIXO,34,A1_O3,24
539,moderado,FIXO,34,A1_O4,13
539,moderado,FIXO,34,A2_L0,15
539,moderado,FIXO,34,A2_L1,21
539,moderado,FIXO,34,A2_L2,21
539,moderado,FIXO,34,A2_L3,21
539,moderado,FIXO,34,A2_O1,23
539,moderado,FIXO,34,A2_O2,23
539,moderado,FIXO,34,A2_O3,23
539,moderado,FIXO,34,A2_O4,13
539,moderado,FIXO,34,T1_N1,8
539,moderado,FIXO,34,T1_N2,10
539,moderado,FIXO,34,T1_S0,8
539,moderado,FIXO,34,T1_S1,9
539,moderado,FIXO,34,T2_N1,8
539,moderado,FIXO,34,T2_N2,7
539,moderado,FIXO,34,T2_S0,8
539,moderado,FIXO,34,T2_S1,9
539,moderado,FIXO,34,T3_N1,8
539,moderado,FIXO,34,T3_N2,9
539,moderado,FIXO,34,T3_S0,10
539,moderado,FIXO,34,T3_S1,9
539,moderado,FIXO,34,T4_N1,8
539,moderado,FIXO,34,T4_N2,7
539,moderado,FIXO,34,T4_S0,9
539,moderado,FIXO,34,T4_S1,9
540,moderado,PREEMPCAO,34,A1_L0,13
540,moderado,PREEMPCAO,34,A1_L1,18
540,moderado,PREEMPCAO,34,A1_L2,18
540,moderado,PREEMPCAO,34,A1_L3,18
540,moderado,PREEMPCAO,34,A1_O1,20
540,moderado,PREEMPCAO,34,A1_O2,18
540,moderado,PREEMPCAO,34,A1_O3,16
540,moderado,PREEMPCAO,34,A1_O4,13
540,moderado,PREEMPCAO,34,A2_L0,14
540,moderado,PREEMPCAO,34,A2_L1,20
540,moderado,PREEMPCAO,34,A2_L2,20
540,moderado,PREEMPCAO,34,A2_L3,22
540,moderado,PREEMPCAO,34,A2_O1,18
540,moderado,PREEMPCAO,34,A2_O2,19
540,moderado,PREEMPCAO,34,A2_O3,21
540,moderado,PREEMPCAO,34,A2_O4,13
540,moderado,PREEMPCAO,34,T1_N1,9
540,moderado,PREEMPCAO,34,T1_N2,9
540,moderado,PREEMPCAO,34,T1_S0,8
540,moderado,PREEMPCAO,34,T1_S1,11
540,moderado,PREEMPCAO,34,T2_N1,9
540,moderado,PREEMPCAO,34,T2_N2,8
540,moderado,PREEMPCAO,34,T2_S0,10
540,moderado,PREEMPCAO,34,T2_S1,9
540,moderado,PREEMPCAO,34,T3_N1,12
540,moderado,PREEMPCAO,34,T3_N2,9
540,moderado,PREEMPCAO,34,T3_S0,9
540,moderado,PREEMPCAO,34,T3_S1,13
540,moderado,PREEMPCAO,34,T4_N1,9
540,moderado,PREEMPCAO,34,T4_N2,7
540,moderado,PREEMPCAO,34,T4_S0,11
540,moderado,PREEMPCAO,34,T4_S1,12
541,moderado,PREEMPCAO_COMPENSADA,34,A1_L0,13
541,moderado,PREEMPCAO_COMPENSADA,34,A1_L1,20
541,moderado,PREEMPCAO_COMPENSADA,34,A1_L2,19
541,moderado,PREEMPCAO_COMPENSADA,34,A1_L3,19
541,moderado,PREEMPCAO_COMPENSADA,34,A1_O1,23
541,moderado,PREEMPCAO_COMPENSADA,34,A1_O2,23
541,moderado,PREEMPCAO_COMPENSADA,34,A1_O3,22
541,moderado,PREEMPCAO_COMPENSADA,34,A1_O4,14
541,moderado,PREEMPCAO_COMPENSADA,34,A2_L0,16
541,moderado,PREEMPCAO_COMPENSADA,34,A2_L1,20
541,moderado,PREEMPCAO_COMPENSADA,34,A2_L2,20
541,moderado,PREEMPCAO_COMPENSADA,34,A2_L3,21
541,moderado,PREEMPCAO_COMPENSADA,34,A2_O1,18
541,moderado,PREEMPCAO_COMPENSADA,34,A2_O2,19
541,moderado,PREEMPCAO_COMPENSADA,34,A2_O3,22
541,moderado,PREEMPCAO_COMPENSADA,34,A2_O4,14
541,moderado,PREEMPCAO_COMPENSADA,34,T1_N1,11
541,moderado,PREEMPCAO_COMPENSADA,34,T1_N2,9
541,moderado,PREEMPCAO_COMPENSADA,34,T1_S0,8
541,moderado,PREEMPCAO_COMPENSADA,34,T1_S1,10
541,moderado,PREEMPCAO_COMPENSADA,34,T2_N1,10
541,moderado,PREEMPCAO_COMPENSADA,34,T2_N2,8
541,moderado,PREEMPCAO_COMPENSADA,34,T2_S0,8
541,moderado,PREEMPCAO_COMPENSADA,34,T2_S1,9
541,moderado,PREEMPCAO_COMPENSADA,34,T3_N1,13
541,moderado,PREEMPCAO_COMPENSADA,34,T3_N2,9
541,moderado,PREEMPCAO_COMPENSADA,34,T3_S0,9
541,moderado,PREEMPCAO_COMPENSADA,34,T3_S1,12
541,moderado,PREEMPCAO_COMPENSADA,34,T4_N1,10
541,moderado,PREEMPCAO_COMPENSADA,34,T4_N2,8
541,moderado,PREEMPCAO_COMPENSADA,34,T4_S0,12
541,moderado,PREEMPCAO_COMPENSADA,34,T4_S1,13
542,intenso,FIXO,34,A1_L0,21
542,intenso,FIXO,34,A1_L1,27
542,intenso,FIXO,34,A1_L2,27
542,intenso,FIXO,34,A1_L3,27
542,intenso,FIXO,34,A1_O1,28
542,intenso,FIXO,34,A1_O2,28
542,intenso,FIXO,34,A1_O3,28
542,intenso,FIXO,34,A1_O4,24
542,intenso,FIXO,34,A2_L0,24
542,intenso,FIXO,34,A2_L1,28
542,intenso,FIXO,34,A2_L2,28
542,intenso,FIXO,34,A2_L3,28
542,intenso,FIXO,34,A2_O1,28
542,intenso,FIXO,34,A2_O2,27
542,intenso,FIXO,34,A2_O3,27
542,intenso,FIXO,34,A2_O4,28
542,intenso,FIXO,34,T1_N1,10
542,intenso,FIXO,34,T1_N2,15
542,intenso,FIXO,34,T1_S0,14
542,intenso,FIXO,34,T1_S1,9
542,intenso,FIXO,34,T2_N1,9
542,intenso,FIXO,34,T2_N2,14
542,intenso,FIXO,34,T2_S0,14
542,intenso,FIXO,34,T2_S1,10
542,intenso,FIXO,34,T3_N1,12
542,intenso,FIXO,34,T3_N2,15
542,intenso,FIXO,34,T3_S0,12
542,intenso,FIXO,34,T3_S1,9
542,intenso,FIXO,34,T4_N1,9
542,intenso,FIXO,34,T4_N2,15
542,intenso,FIXO,34,T4_S0,15
542,intenso,FIXO,34,T4_S1,10
543,intenso,PREEMPCAO,34,A1_L0,19
543,intenso,PREEMPCAO,34,A1_L1,25
543,intenso,PREEMPCAO,34,A1_L2,25
543,intenso,PREEMPCAO,34,A1_L3,26
543,intenso,PREEMPCAO,34,A1_O1,26
543,intenso,PREEMPCAO,34,A1_O2,24
543,intenso,PREEMPCAO,34,A1_O3,24
543,intenso,PREEMPCAO,34,A1_O4,27
543,intenso,PREEMPCAO,34,A2_L0,24
543,intenso,PREEMPCAO,34,A2_L1,28
543,intenso,PREEMPCAO,34,A2_L2,26
543,intenso,PREEMPCAO,34,A2_L3,28
543,intenso,PREEMPCAO,34,A2_O1,28
543,intenso,PREEMPCAO,34,A2_O2,26
543,intenso,PREEMPCAO,34,A2_O3,26
543,intenso,PREEMPCAO,34,A2_O4,28
543,intenso,PREEMPCAO,34,T1_N1,14
543,intenso,PREEMPCAO,34,T1_N2,15
543,intenso,PREEMPCAO,34,T1_S0,15
543,intenso,PREEMPCAO,34,T1_S1,15
543,intenso,PREEMPCAO,34,T2_N1,15
543,intenso,PREEMPCAO,34,T2_N2,13
543,intenso,PREEMPCAO,34,T2_S0,15
543,intenso,PREEMPCAO,34,T2_S1,13
543,intenso,PREEMPCAO,34,T3_N1,14
543,intenso,PREEMPCAO,34,T3_N2,15
543,intenso,PREEMPCAO,34,T3_S0,15
543,intenso,PREEMPCAO,34,T3_S1,15
543,intenso,PREEMPCAO,34,T4_N1,11
543,intenso,PREEMPCAO,34,T4_N2,14
543,intenso,PREEMPCAO,34,T4_S0,15
543,intenso,PREEMPCAO,34,T4_S1,14
544,intenso,PREEMPCAO_COMPENSADA,34,A1_L0,24
544,intenso,PREEMPCAO_COMPENSADA,34,A1_L1,25
544,intenso,PREEMPCAO_COMPENSADA,34,A1_L2,28
544,intenso,PREEMPCAO_COMPENSADA,34,A1_L3,26
544,intenso,PREEMPCAO_COMPENSADA,34,A1_O1,28
544,intenso,PREEMPCAO_COMPENSADA,34,A1_O2,27
544,intenso,PREEMPCAO_COMPENSADA,34,A1_O3,30
544,intenso,PREEMPCAO_COMPENSADA,34,A1_O4,30
544,intenso,PREEMPCAO_COMPENSADA,34,A2_L0,27
544,intenso,PREEMPCAO_COMPENSADA,34,A2_L1,28
544,intenso,PREEMPCAO_COMPENSADA,34,A2_L2,28
544,intenso,PREEMPCAO_COMPENSADA,34,A2_L3,28
544,intenso,PREEMPCAO_COMPENSADA,34,A2_O1,27
544,intenso,PREEMPCAO_COMPENSADA,34,A2_O2,26
544,intenso,PREEMPCAO_COMPENSADA,34,A2_O3,30
544,intenso,PREEMPCAO_COMPENSADA,34,A2_O4,24
544,intenso,PREEMPCAO_COMPENSADA,34,T1_N1,14
544,intenso,PREEMPCAO_COMPENSADA,34,T1_N2,15
544,intenso,PREEMPCAO_COMPENSADA,34,T1_S0,14
544,intenso,PREEMPCAO_COMPENSADA,34,T1_S1,15
544,intenso,PREEMPCAO_COMPENSADA,34,T2_N1,15
544,intenso,PREEMPCAO_COMPENSADA,34,T2_N2,15
544,intenso,PREEMPCAO_COMPENSADA,34,T2_S0,13
544,intenso,PREEMPCAO_COMPENSADA,34,T2_S1,13
544,intenso,PREEMPCAO_COMPENSADA,34,T3_N1,15
544,intenso,PREEMPCAO_COMPENSADA,34,T3_N2,15
544,intenso,PREEMPCAO_COMPENSADA,34,T3_S0,14
544,intenso,PREEMPCAO_COMPENSADA,34,T3_S1,15
544,intenso,PREEMPCAO_COMPENSADA,34,T4_N1,14
544,intenso,PREEMPCAO_COMPENSADA,34,T4_N2,15
544,intenso,PREEMPCAO_COMPENSADA,34,T4_S0,14
544,intenso,PREEMPCAO_COMPENSADA,34,T4_S1,15
545,multiplas_emergencias,FIXO,34,A1_L0,15
545,multiplas_emergencias,FIXO,34,A1_L1,19
545,multiplas_emergencias,FIXO,34,A1_L2,19
545,multiplas_emergencias,FIXO,34,A1_L3,19
545,multiplas_emergencias,FIXO,34,A1_O1,24
545,multiplas_emergencias,FIXO,34,A1_O2,24
545,multiplas_emergencias,FIXO,34,A1_O3,24
545,multiplas_emergencias,FIXO,34,A1_O4,13
545,multiplas_emergencias,FIXO,34,A2_L0,15
545,multiplas_emergencias,FIXO,34,A2_L1,21
545,multiplas_emergencias,FIXO,34,A2_L2,21
545,multiplas_emergencias,FIXO,34,A2_L3,21
545,multiplas_emergencias,FIXO,34,A2_O1,23
545,multiplas_emergencias,FIXO,34,A2_O2,23
545,multiplas_emergencias,FIXO,34,A2_O3,23
545,multiplas_emergencias,FIXO,34,A2_O4,13
545,multiplas_emergencias,FIXO,34,T1_N1,8
545,multiplas_emergencias,FIXO,34,T1_N2,10
545,multiplas_emergencias,FIXO,34,T1_S0,8
545,multiplas_emergencias,FIXO,34,T1_S1,9
545,multiplas_emergencias,FIXO,34,T2_N1,8
545,multiplas_emergencias,FIXO,34,T2_N2,7
545,multiplas_emergencias,FIXO,34,T2_S0,8
545,multiplas_emergencias,FIXO,34,T2_S1,9
545,multiplas_emergencias,FIXO,34,T3_N1,8
545,multiplas_emergencias,FIXO,34,T3_N2,9
545,multiplas_emergencias,FIXO,34,T3_S0,10
545,multiplas_emergencias,FIXO,34,T3_S1,8
545,multiplas_emergencias,FIXO,34,T4_N1,8
545,multiplas_emergencias,FIXO,34,T4_N2,7
545,multiplas_emergencias,FIXO,34,T4_S0,9
545,multiplas_emergencias,FIXO,34,T4_S1,9
546,multiplas_emergencias,PREEMPCAO,34,A1_L0,13
546,multiplas_emergencias,PREEMPCAO,34,A1_L1,18
546,multiplas_emergencias,PREEMPCAO,34,A1_L2,18
546,multiplas_emergencias,PREEMPCAO,34,A1_L3,18
546,multiplas_emergencias,PREEMPCAO,34,A1_O1,16
546,multiplas_emergencias,PREEMPCAO,34,A1_O2,19
546,multiplas_emergencias,PREEMPCAO,34,A1_O3,17
546,multiplas_emergencias,PREEMPCAO,34,A1_O4,18
546,multiplas_emergencias,PREEMPCAO,34,A2_L0,14
546,multiplas_emergencias,PREEMPCAO,34,A2_L1,20
546,multiplas_emergencias,PREEMPCAO,34,A2_L2,21
546,multiplas_emergencias,PREEMPCAO,34,A2_L3,20
546,multiplas_emergencias,PREEMPCAO,34,A2_O1,19
546,multiplas_emergencias,PREEMPCAO,34,A2_O2,17
546,multiplas_emergencias,PREEMPCAO,34,A2_O3,17
546,multiplas_emergencias,PREEMPCAO,34,A2_O4,13
546,multiplas_emergencias,PREEMPCAO,34,T1_N1,10
546,multiplas_emergencias,PREEMPCAO,34,T1_N2,9
546,multiplas_emergencias,PREEMPCAO,34,T1_S0,8
546,multiplas_emergencias,PREEMPCAO,34,T1_S1,11
546,multiplas_emergencias,PREEMPCAO,34,T2_N1,10
546,multiplas_emergencias,PREEMPCAO,34,T2_N2,9
546,multiplas_emergencias,PREEMPCAO,34,T2_S0,10
546,multiplas_emergencias,PREEMPCAO,34,T2_S1,9
546,multiplas_emergencias,PREEMPCAO,34,T3_N1,10
546,multiplas_emergencias,PREEMPCAO,34,T3_N2,13
546,multiplas_emergencias,PREEMPCAO,34,T3_S0,9
546,multiplas_emergencias,PREEMPCAO,34,T3_S1,13
546,multiplas_emergencias,PREEMPCAO,34,T4_N1,9
546,multiplas_emergencias,PREEMPCAO,34,T4_N2,9
546,multiplas_emergencias,PREEMPCAO,34,T4_S0,10
546,multiplas_emergencias,PREEMPCAO,34,T4_S1,12
547,multiplas_emergencias,PREEMPCAO_COMPENSADA,34,A1_L0,13
547,multiplas_emergencias,PREEMPCAO_COMPENSADA,34,A1_L1,19
547,multiplas_emergencias,PREEMPCAO_COMPENSADA,34,A1_L2,18
547,multiplas_emergencias,PREEMPCAO_COMPENSADA,34,A1_L3,22
547,multiplas_emergencias,PREEMPCAO_COMPENSADA,34,A1_O1,27
547,multiplas_emergencias,PREEMPCAO_COMPENSADA,34,A1_O2,28
547,multiplas_emergencias,PREEMPCAO_COMPENSADA,34,A1_O3,22
547,multiplas_emergencias,PREEMPCAO_COMPENSADA,34,A1_O4,19
547,multiplas_emergencias,PREEMPCAO_COMPENSADA,34,A2_L0,14
547,multiplas_emergencias,PREEMPCAO_COMPENSADA,34,A2_L1,20
547,multiplas_emergencias,PREEMPCAO_COMPENSADA,34,A2_L2,20
547,multiplas_emergencias,PREEMPCAO_COMPENSADA,34,A2_L3,22
547,multiplas_emergencias,PREEMPCAO_COMPENSADA,34,A2_O1,19
547,multiplas_emergencias,PREEMPCAO_COMPENSADA,34,A2_O2,23
547,multiplas_emergencias,PREEMPCAO_COMPENSADA,34,A2_O3,19
547,multiplas_emergencias,PREEMPCAO_COMPENSADA,34,A2_O4,14
547,multiplas_emergencias,PREEMPCAO_COMPENSADA,34,T1_N1,10
547,multiplas_emergencias,PREEMPCAO_COMPENSADA,34,T1_N2,9
547,multiplas_emergencias,PREEMPCAO_COMPENSADA,34,T1_S0,8
547,multiplas_emergencias,PREEMPCAO_COMPENSADA,34,T1_S1,11
547,multiplas_emergencias,PREEMPCAO_COMPENSADA,34,T2_N1,10
547,multiplas_emergencias,PREEMPCAO_COMPENSADA,34,T2_N2,8
547,multiplas_emergencias,PREEMPCAO_COMPENSADA,34,T2_S0,9
547,multiplas_emergencias,PREEMPCAO_COMPENSADA,34,T2_S1,11
547,multiplas_emergencias,PREEMPCAO_COMPENSADA,34,T3_N1,11
547,multiplas_emergencias,PREEMPCAO_COMPENSADA,34,T3_N2,9
547,multiplas_emergencias,PREEMPCAO_COMPENSADA,34,T3_S0,9
547,multiplas_emergencias,PREEMPCAO_COMPENSADA,34,T3_S1,10
547,multiplas_emergencias,PREEMPCAO_COMPENSADA,34,T4_N1,11
547,multiplas_emergencias,PREEMPCAO_COMPENSADA,34,T4_N2,7
547,multiplas_emergencias,PREEMPCAO_COMPENSADA,34,T4_S0,13
547,multiplas_emergencias,PREEMPCAO_COMPENSADA,34,T4_S1,13
548,multiplas_emergencias,PREEMPCAO_ML,34,A1_L0,13
548,multiplas_emergencias,PREEMPCAO_ML,34,A1_L1,18
548,multiplas_emergencias,PREEMPCAO_ML,34,A1_L2,18
548,multiplas_emergencias,PREEMPCAO_ML,34,A1_L3,18
548,multiplas_emergencias,PREEMPCAO_ML,34,A1_O1,20
548,multiplas_emergencias,PREEMPCAO_ML,34,A1_O2,20
548,multiplas_emergencias,PREEMPCAO_ML,34,A1_O3,16
548,multiplas_emergencias,PREEMPCAO_ML,34,A1_O4,16
548,multiplas_emergencias,PREEMPCAO_ML,34,A2_L0,14
548,multiplas_emergencias,PREEMPCAO_ML,34,A2_L1,20
548,multiplas_emergencias,PREEMPCAO_ML,34,A2_L2,20
548,multiplas_emergencias,PREEMPCAO_ML,34,A2_L3,20
548,multiplas_emergencias,PREEMPCAO_ML,34,A2_O1,17
548,multiplas_emergencias,PREEMPCAO_ML,34,A2_O2,25
548,multiplas_emergencias,PREEMPCAO_ML,34,A2_O3,19
548,multiplas_emergencias,PREEMPCAO_ML,34,A2_O4,14
548,multiplas_emergencias,PREEMPCAO_ML,34,T1_N1,13
548,multiplas_emergencias,PREEMPCAO_ML,34,T1_N2,8
548,multiplas_emergencias,PREEMPCAO_ML,34,T1_S0,8
548,multiplas_emergencias,PREEMPCAO_ML,34,T1_S1,11
548,multiplas_emergencias,PREEMPCAO_ML,34,T2_N1,12
548,multiplas_emergencias,PREEMPCAO_ML,34,T2_N2,8
548,multiplas_emergencias,PREEMPCAO_ML,34,T2_S0,8
548,multiplas_emergencias,PREEMPCAO_ML,34,T2_S1,9
548,multiplas_emergencias,PREEMPCAO_ML,34,T3_N1,12
548,multiplas_emergencias,PREEMPCAO_ML,34,T3_N2,10
548,multiplas_emergencias,PREEMPCAO_ML,34,T3_S0,9
548,multiplas_emergencias,PREEMPCAO_ML,34,T3_S1,9
548,multiplas_emergencias,PREEMPCAO_ML,34,T4_N1,10
548,multiplas_emergencias,PREEMPCAO_ML,34,T4_N2,9
548,multiplas_emergencias,PREEMPCAO_ML,34,T4_S0,11
548,multiplas_emergencias,PREEMPCAO_ML,34,T4_S1,10
549,leve,FIXO,35,A1_L0,7
549,leve,FIXO,35,A1_L1,14
549,leve,FIXO,35,A1_L2,14
549,leve,FIXO,35,A1_L3,14
549,leve,FIXO,35,A1_O1,10
549,leve,FIXO,35,A1_O2,10
549,leve,FIXO,35,A1_O3,10
549,leve,FIXO,35,A1_O4,7
549,leve,FIXO,35,A2_L0,10
549,leve,FIXO,35,A2_L1,14
549,leve,FIXO,35,A2_L2,14
549,leve,FIXO,35,A2_L3,14
549,leve,FIXO,35,A2_O1,9
549,leve,FIXO,35,A2_O2,9
549,leve,FIXO,35,A2_O3,9
549,leve,FIXO,35,A2_O4,6
549,leve,FIXO,35,T1_N1,6
549,leve,FIXO,35,T1_N2,5
549,leve,FIXO,35,T1_S0,4
549,leve,FIXO,35,T1_S1,5
549,leve,FIXO,35,T2_N1,7
549,leve,FIXO,35,T2_N2,4
549,leve,FIXO,35,T2_S0,4
549,leve,FIXO,35,T2_S1,5
549,leve,FIXO,35,T3_N1,6
549,leve,FIXO,35,T3_N2,4
549,leve,FIXO,35,T3_S0,4
549,leve,FIXO,35,T3_S1,8
549,leve,FIXO,35,T4_N1,6
549,leve,FIXO,35,T4_N2,5
549,leve,FIXO,35,T4_S0,6
549,leve,FIXO,35,T4_S1,7
550,leve,PREEMPCAO,35,A1_L0,7
550,leve,PREEMPCAO,35,A1_L1,5
550,leve,PREEMPCAO,35,A1_L2,10
550,leve,PREEMPCAO,35,A1_L3,5
550,leve,PREEMPCAO,35,A1_O1,7
550,leve,PREEMPCAO,35,A1_O2,10
550,leve,PREEMPCAO,35,A1_O3,10
550,leve,PREEMPCAO,35,A1_O4,7
550,leve,PREEMPCAO,35,A2_L0,8
550,leve,PREEMPCAO,35,A2_L1,10
550,leve,PREEMPCAO,35,A2_L2,10
550,leve,PREEMPCAO,35,A2_L3,10
550,leve,PREEMPCAO,35,A2_O1,8
550,leve,PREEMPCAO,35,A2_O2,8
550,leve,PREEMPCAO,35,A2_O3,9
550,leve,PREEMPCAO,35,A2_O4,6
550,leve,PREEMPCAO,35,T1_N1,6
550,leve,PREEMPCAO,35,T1_N2,5
550,leve,PREEMPCAO,35,T1_S0,4
550,leve,PREEMPCAO,35,T1_S1,7
550,leve,PREEMPCAO,35,T2_N1,7
550,leve,PREEMPCAO,35,T2_N2,4
550,leve,PREEMPCAO,35,T2_S0,4
550,leve,PREEMPCAO,35,T2_S1,6
550,leve,PREEMPCAO,35,T3_N1,4
550,leve,PREEMPCAO,35,T3_N2,4
550,leve,PREEMPCAO,35,T3_S0,5
550,leve,PREEMPCAO,35,T3_S1,8
550,leve,PREEMPCAO,35,T4_N1,5
550,leve,PREEMPCAO,35,T4_N2,4
550,leve,PREEMPCAO,35,T4_S0,6
550,leve,PREEMPCAO,35,T4_S1,7
551,leve,PREEMPCAO_COMPENSADA,35,A1_L0,9
551,leve,PREEMPCAO_COMPENSADA,35,A1_L1,9
551,leve,PREEMPCAO_COMPENSADA,35,A1_L2,10
551,leve,PREEMPCAO_COMPENSADA,35,A1_L3,7
551,leve,PREEMPCAO_COMPENSADA,35,A1_O1,9
551,leve,PREEMPCAO_COMPENSADA,35,A1_O2,10
551,leve,PREEMPCAO_COMPENSADA,35,A1_O3,10
551,leve,PREEMPCAO_COMPENSADA,35,A1_O4,6
551,leve,PREEMPCAO_COMPENSADA,35,A2_L0,11
551,leve,PREEMPCAO_COMPENSADA,35,A2_L1,11
551,leve,PREEMPCAO_COMPENSADA,35,A2_L2,10
551,leve,PREEMPCAO_COMPENSADA,35,A2_L3,10
551,leve,PREEMPCAO_COMPENSADA,35,A2_O1,8
551,leve,PREEMPCAO_COMPENSADA,35,A2_O2,8
551,leve,PREEMPCAO_COMPENSADA,35,A2_O3,8
551,leve,PREEMPCAO_COMPENSADA,35,A2_O4,7
551,leve,PREEMPCAO_COMPENSADA,35,T1_N1,6
551,leve,PREEMPCAO_COMPENSADA,35,T1_N2,5
551,leve,PREEMPCAO_COMPENSADA,35,T1_S0,4
551,leve,PREEMPCAO_COMPENSADA,35,T1_S1,3
551,leve,PREEMPCAO_COMPENSADA,35,T2_N1,6
551,leve,PREEMPCAO_COMPENSADA,35,T2_N2,4
551,leve,PREEMPCAO_COMPENSADA,35,T2_S0,4
551,leve,PREEMPCAO_COMPENSADA,35,T2_S1,5
551,leve,PREEMPCAO_COMPENSADA,35,T3_N1,4
551,leve,PREEMPCAO_COMPENSADA,35,T3_N2,4
551,leve,PREEMPCAO_COMPENSADA,35,T3_S0,5
551,leve,PREEMPCAO_COMPENSADA,35,T3_S1,8
551,leve,PREEMPCAO_COMPENSADA,35,T4_N1,6
551,leve,PREEMPCAO_COMPENSADA,35,T4_N2,4
551,leve,PREEMPCAO_COMPENSADA,35,T4_S0,5
551,leve,PREEMPCAO_COMPENSADA,35,T4_S1,8
552,moderado,FIXO,35,A1_L0,14
552,moderado,FIXO,35,A1_L1,23
552,moderado,FIXO,35,A1_L2,23
552,moderado,FIXO,35,A1_L3,23
552,moderado,FIXO,35,A1_O1,23
552,moderado,FIXO,35,A1_O2,23
552,moderado,FIXO,35,A1_O3,23
552,moderado,FIXO,35,A1_O4,14
552,moderado,FIXO,35,A2_L0,15
552,moderado,FIXO,35,A2_L1,22
552,moderado,FIXO,35,A2_L2,21
552,moderado,FIXO,35,A2_L3,21
552,moderado,FIXO,35,A2_O1,24
552,moderado,FIXO,35,A2_O2,24
552,moderado,FIXO,35,A2_O3,24
552,moderado,FIXO,35,A2_O4,15
552,moderado,FIXO,35,T1_N1,8
552,moderado,FIXO,35,T1_N2,8
552,moderado,FIXO,35,T1_S0,9
552,moderado,FIXO,35,T1_S1,9
552,moderado,FIXO,35,T2_N1,8
552,moderado,FIXO,35,T2_N2,8
552,moderado,FIXO,35,T2_S0,10
552,moderado,FIXO,35,T2_S1,8
552,moderado,FIXO,35,T3_N1,9
552,moderado,FIXO,35,T3_N2,9
552,moderado,FIXO,35,T3_S0,8
552,moderado,FIXO,35,T3_S1,9
552,moderado,FIXO,35,T4_N1,8
552,moderado,FIXO,35,T4_N2,7
552,moderado,FIXO,35,T4_S0,10
552,moderado,FIXO,35,T4_S1,9
553,moderado,PREEMPCAO,35,A1_L0,14
553,moderado,PREEMPCAO,35,A1_L1,18
553,moderado,PREEMPCAO,35,A1_L2,16
553,moderado,PREEMPCAO,35,A1_L3,18
553,moderado,PREEMPCAO,35,A1_O1,18
553,moderado,PREEMPCAO,35,A1_O2,23
553,moderado,PREEMPCAO,35,A1_O3,17
553,moderado,PREEMPCAO,35,A1_O4,14
553,moderado,PREEMPCAO,35,A2_L0,14
553,moderado,PREEMPCAO,35,A2_L1,19
553,moderado,PREEMPCAO,35,A2_L2,18
553,moderado,PREEMPCAO,35,A2_L3,19
553,moderado,PREEMPCAO,35,A2_O1,20
553,moderado,PREEMPCAO,35,A2_O2,20
553,moderado,PREEMPCAO,35,A2_O3,20
553,moderado,PREEMPCAO,35,A2_O4,17
553,moderado,PREEMPCAO,35,T1_N1,8
553,moderado,PREEMPCAO,35,T1_N2,7
553,moderado,PREEMPCAO,35,T1_S0,9
553,moderado,PREEMPCAO,35,T1_S1,12
553,moderado,PREEMPCAO,35,T2_N1,11
553,moderado,PREEMPCAO,35,T2_N2,8
553,moderado,PREEMPCAO,35,T2_S0,7
553,moderado,PREEMPCAO,35,T2_S1,11
553,moderado,PREEMPCAO,35,T3_N1,11
553,moderado,PREEMPCAO,35,T3_N2,9
553,moderado,PREEMPCAO,35,T3_S0,7
553,moderado,PREEMPCAO,35,T3_S1,11
553,moderado,PREEMPCAO,35,T4_N1,8
553,moderado,PREEMPCAO,35,T4_N2,9
553,moderado,PREEMPCAO,35,T4_S0,8
553,moderado,PREEMPCAO,35,T4_S1,10
554,moderado,PREEMPCAO_COMPENSADA,35,A1_L0,14
554,moderado,PREEMPCAO_COMPENSADA,35,A1_L1,16
554,moderado,PREEMPCAO_COMPENSADA,35,A1_L2,22
554,moderado,PREEMPCAO_COMPENSADA,35,A1_L3,19
554,moderado,PREEMPCAO_COMPENSADA,35,A1_O1,24
554,moderado,PREEMPCAO_COMPENSADA,35,A1_O2,17
554,moderado,PREEMPCAO_COMPENSADA,35,A1_O3,17
554,moderado,PREEMPCAO_COMPENSADA,35,A1_O4,14
554,moderado,PREEMPCAO_COMPENSADA,35,A2_L0,15
554,moderado,PREEMPCAO_COMPENSADA,35,A2_L1,23
554,moderado,PREEMPCAO_COMPENSADA,35,A2_L2,22
554,moderado,PREEMPCAO_COMPENSADA,35,A2_L3,20
554,moderado,PREEMPCAO_COMPENSADA,35,A2_O1,20
554,moderado,PREEMPCAO_COMPENSADA,35,A2_O2,20
554,moderado,PREEMPCAO_COMPENSADA,35,A2_O3,20
554,moderado,PREEMPCAO_COMPENSADA,35,A2_O4,16
554,moderado,PREEMPCAO_COMPENSADA,35,T1_N1,12
554,moderado,PREEMPCAO_COMPENSADA,35,T1_N2,8
554,moderado,PREEMPCAO_COMPENSADA,35,T1_S0,9
554,moderado,PREEMPCAO_COMPENSADA,35,T1_S1,10
554,moderado,PREEMPCAO_COMPENSADA,35,T2_N1,11
554,moderado,PREEMPCAO_COMPENSADA,35,T2_N2,8
554,moderado,PREEMPCAO_COMPENSADA,35,T2_S0,8
554,moderado,PREEMPCAO_COMPENSADA,35,T2_S1,11
554,moderado,PREEMPCAO_COMPENSADA,35,T3_N1,10
554,moderado,PREEMPCAO_COMPENSADA,35,T3_N2,8
554,moderado,PREEMPCAO_COMPENSADA,35,T3_S0,6
554,moderado,PREEMPCAO_COMPENSADA,35,T3_S1,12
554,moderado,PREEMPCAO_COMPENSADA,35,T4_N1,12
554,moderado,PREEMPCAO_COMPENSADA,35,T4_N2,8
554,moderado,PREEMPCAO_COMPENSADA,35,T4_S0,8
554,moderado,PREEMPCAO_COMPENSADA,35,T4_S1,10
555,intenso,FIXO,35,A1_L0,22
555,intenso,FIXO,35,A1_L1,27
555,intenso,FIXO,35,A1_L2,27
555,intenso,FIXO,35,A1_L3,28
555,intenso,FIXO,35,A1_O1,28
555,intenso,FIXO,35,A1_O2,28
555,intenso,FIXO,35,A1_O3,28
555,intenso,FIXO,35,A1_O4,24
555,intenso,FIXO,35,A2_L0,23
555,intenso,FIXO,35,A2_L1,27
555,intenso,FIXO,35,A2_L2,27
555,intenso,FIXO,35,A2_L3,27
555,intenso,FIXO,35,A2_O1,28
555,intenso,FIXO,35,A2_O2,28
555,intenso,FIXO,35,A2_O3,28
555,intenso,FIXO,35,A2_O4,22
555,intenso,FIXO,35,T1_N1,9
555,intenso,FIXO,35,T1_N2,14
555,intenso,FIXO,35,T1_S0,13
555,intenso,FIXO,35,T1_S1,9
555,intenso,FIXO,35,T2_N1,10
555,intenso,FIXO,35,T2_N2,15
555,intenso,FIXO,35,T2_S0,12
555,intenso,FIXO,35,T2_S1,10
555,intenso,FIXO,35,T3_N1,10
555,intenso,FIXO,35,T3_N2,14
555,intenso,FIXO,35,T3_S0,13
555,intenso,FIXO,35,T3_S1,9
555,intenso,FIXO,35,T4_N1,10
555,intenso,FIXO,35,T4_N2,15
555,intenso,FIXO,35,T4_S0,14
555,intenso,FIXO,35,T4_S1,9
556,intenso,PREEMPCAO,35,A1_L0,23
556,intenso,PREEMPCAO,35,A1_L1,26
556,intenso,PREEMPCAO,35,A1_L2,28
556,intenso,PREEMPCAO,35,A1_L3,26
556,intenso,PREEMPCAO,35,A1_O1,24
556,intenso,PREEMPCAO,35,A1_O2,27
556,intenso,PREEMPCAO,35,A1_O3,26
556,intenso,PREEMPCAO,35,A1_O4,24
556,intenso,PREEMPCAO,35,A2_L0,21
556,intenso,PREEMPCAO,35,A2_L1,26
556,intenso,PREEMPCAO,35,A2_L2,27
556,intenso,PREEMPCAO,35,A2_L3,28
556,intenso,PREEMPCAO,35,A2_O1,27
556,intenso,PREEMPCAO,35,A2_O2,27
556,intenso,PREEMPCAO,35,A2_O3,27
556,intenso,PREEMPCAO,35,A2_O4,28
556,intenso,PREEMPCAO,35,T1_N1,15
556,intenso,PREEMPCAO,35,T1_N2,13
556,intenso,PREEMPCAO,35,T1_S0,12
556,intenso,PREEMPCAO,35,T1_S1,11
556,intenso,PREEMPCAO,35,T2_N1,13
556,intenso,PREEMPCAO,35,T2_N2,15
556,intenso,PREEMPCAO,35,T2_S0,15
556,intenso,PREEMPCAO,35,T2_S1,13
556,intenso,PREEMPCAO,35,T3_N1,15
556,intenso,PREEMPCAO,35,T3_N2,15
556,intenso,PREEMPCAO,35,T3_S0,14
556,intenso,PREEMPCAO,35,T3_S1,13
556,intenso,PREEMPCAO,35,T4_N1,15
556,intenso,PREEMPCAO,35,T4_N2,15
556,intenso,PREEMPCAO,35,T4_S0,12
556,intenso,PREEMPCAO,35,T4_S1,11
557,intenso,PREEMPCAO_COMPENSADA,35,A1_L0,28
557,intenso,PREEMPCAO_COMPENSADA,35,A1_L1,28
557,intenso,PREEMPCAO_COMPENSADA,35,A1_L2,27
557,intenso,PREEMPCAO_COMPENSADA,35,A1_L3,26
557,intenso,PREEMPCAO_COMPENSADA,35,A1_O1,30
557,intenso,PREEMPCAO_COMPENSADA,35,A1_O2,28
557,intenso,PREEMPCAO_COMPENSADA,35,A1_O3,28
557,intenso,PREEMPCAO_COMPENSADA,35,A1_O4,30
557,intenso,PREEMPCAO_COMPENSADA,35,A2_L0,28
557,intenso,PREEMPCAO_COMPENSADA,35,A2_L1,28
557,intenso,PREEMPCAO_COMPENSADA,35,A2_L2,27
557,intenso,PREEMPCAO_COMPENSADA,35,A2_L3,27
557,intenso,PREEMPCAO_COMPENSADA,35,A2_O1,27
557,intenso,PREEMPCAO_COMPENSADA,35,A2_O2,27
557,intenso,PREEMPCAO_COMPENSADA,35,A2_O3,28
557,intenso,PREEMPCAO_COMPENSADA,35,A2_O4,30
557,intenso,PREEMPCAO_COMPENSADA,35,T1_N1,14
557,intenso,PREEMPCAO_COMPENSADA,35,T1_N2,13
557,intenso,PREEMPCAO_COMPENSADA,35,T1_S0,13
557,intenso,PREEMPCAO_COMPENSADA,35,T1_S1,13
557,intenso,PREEMPCAO_COMPENSADA,35,T2_N1,15
557,intenso,PREEMPCAO_COMPENSADA,35,T2_N2,14
557,intenso,PREEMPCAO_COMPENSADA,35,T2_S0,15
557,intenso,PREEMPCAO_COMPENSADA,35,T2_S1,13
557,intenso,PREEMPCAO_COMPENSADA,35,T3_N1,15
557,intenso,PREEMPCAO_COMPENSADA,35,T3_N2,12
557,intenso,PREEMPCAO_COMPENSADA,35,T3_S0,14
557,intenso,PREEMPCAO_COMPENSADA,35,T3_S1,12
557,intenso,PREEMPCAO_COMPENSADA,35,T4_N1,13
557,intenso,PREEMPCAO_COMPENSADA,35,T4_N2,15
557,intenso,PREEMPCAO_COMPENSADA,35,T4_S0,14
557,intenso,PREEMPCAO_COMPENSADA,35,T4_S1,14
558,multiplas_emergencias,FIXO,35,A1_L0,14
558,multiplas_emergencias,FIXO,35,A1_L1,23
558,multiplas_emergencias,FIXO,35,A1_L2,23
558,multiplas_emergencias,FIXO,35,A1_L3,23
558,multiplas_emergencias,FIXO,35,A1_O1,23
558,multiplas_emergencias,FIXO,35,A1_O2,23
558,multiplas_emergencias,FIXO,35,A1_O3,23
558,multiplas_emergencias,FIXO,35,A1_O4,14
558,multiplas_emergencias,FIXO,35,A2_L0,15
558,multiplas_emergencias,FIXO,35,A2_L1,22
558,multiplas_emergencias,FIXO,35,A2_L2,21
558,multiplas_emergencias,FIXO,35,A2_L3,21
558,multiplas_emergencias,FIXO,35,A2_O1,24
558,multiplas_emergencias,FIXO,35,A2_O2,24
558,multiplas_emergencias,FIXO,35,A2_O3,24
558,multiplas_emergencias,FIXO,35,A2_O4,15
558,multiplas_emergencias,FIXO,35,T1_N1,8
558,multiplas_emergencias,FIXO,35,T1_N2,8
558,multiplas_emergencias,FIXO,35,T1_S0,9
558,multiplas_emergencias,FIXO,35,T1_S1,9
558,multiplas_emergencias,FIXO,35,T2_N1,8
558,multiplas_emergencias,FIXO,35,T2_N2,8
558,multiplas_emergencias,FIXO,35,T2_S0,10
558,multiplas_emergencias,FIXO,35,T2_S1,8
558,multiplas_emergencias,FIXO,35,T3_N1,9
558,multiplas_emergencias,FIXO,35,T3_N2,9
558,multiplas_emergencias,FIXO,35,T3_S0,8
558,multiplas_emergencias,FIXO,35,T3_S1,9
558,multiplas_emergencias,FIXO,35,T4_N1,8
558,multiplas_emergencias,FIXO,35,T4_N2,7
558,multiplas_emergencias,FIXO,35,T4_S0,10
558,multiplas_emergencias,FIXO,35,T4_S1,9
559,multiplas_emergencias,PREEMPCAO,35,A1_L0,14
559,multiplas_emergencias,PREEMPCAO,35,A1_L1,18
559,multiplas_emergencias,PREEMPCAO,35,A1_L2,16
559,multiplas_emergencias,PREEMPCAO,35,A1_L3,16
559,multiplas_emergencias,PREEMPCAO,35,A1_O1,22
559,multiplas_emergencias,PREEMPCAO,35,A1_O2,22
559,multiplas_emergencias,PREEMPCAO,35,A1_O3,19
559,multiplas_emergencias,PREEMPCAO,35,A1_O4,14
559,multiplas_emergencias,PREEMPCAO,35,A2_L0,16
559,multiplas_emergencias,PREEMPCAO,35,A2_L1,18
559,multiplas_emergencias,PREEMPCAO,35,A2_L2,18
559,multiplas_emergencias,PREEMPCAO,35,A2_L3,23
559,multiplas_emergencias,PREEMPCAO,35,A2_O1,24
559,multiplas_emergencias,PREEMPCAO,35,A2_O2,19
559,multiplas_emergencias,PREEMPCAO,35,A2_O3,20
559,multiplas_emergencias,PREEMPCAO,35,A2_O4,15
559,multiplas_emergencias,PREEMPCAO,35,T1_N1,11
559,multiplas_emergencias,PREEMPCAO,35,T1_N2,8
559,multiplas_emergencias,PREEMPCAO,35,T1_S0,9
559,multiplas_emergencias,PREEMPCAO,35,T1_S1,12
559,multiplas_emergencias,PREEMPCAO,35,T2_N1,11
559,multiplas_emergencias,PREEMPCAO,35,T2_N2,8
559,multiplas_emergencias,PREEMPCAO,35,T2_S0,6
559,multiplas_emergencias,PREEMPCAO,35,T2_S1,10
559,multiplas_emergencias,PREEMPCAO,35,T3_N1,11
559,multiplas_emergencias,PREEMPCAO,35,T3_N2,9
559,multiplas_emergencias,PREEMPCAO,35,T3_S0,8
559,multiplas_emergencias,PREEMPCAO,35,T3_S1,11
559,multiplas_emergencias,PREEMPCAO,35,T4_N1,8
559,multiplas_emergencias,PREEMPCAO,35,T4_N2,8
559,multiplas_emergencias,PREEMPCAO,35,T4_S0,8
559,multiplas_emergencias,PREEMPCAO,35,T4_S1,9
560,multiplas_emergencias,PREEMPCAO_COMPENSADA,35,A1_L0,14
560,multiplas_emergencias,PREEMPCAO_COMPENSADA,35,A1_L1,19
560,multiplas_emergencias,PREEMPCAO_COMPENSADA,35,A1_L2,18
560,multiplas_emergencias,PREEMPCAO_COMPENSADA,35,A1_L3,17
560,multiplas_emergencias,PREEMPCAO_COMPENSADA,35,A1_O1,22
560,multiplas_emergencias,PREEMPCAO_COMPENSADA,35,A1_O2,18
560,multiplas_emergencias,PREEMPCAO_COMPENSADA,35,A1_O3,21
560,multiplas_emergencias,PREEMPCAO_COMPENSADA,35,A1_O4,14
560,multiplas_emergencias,PREEMPCAO_COMPENSADA,35,A2_L0,15
560,multiplas_emergencias,PREEMPCAO_COMPENSADA,35,A2_L1,20
560,multiplas_emergencias,PREEMPCAO_COMPENSADA,35,A2_L2,18
560,multiplas_emergencias,PREEMPCAO_COMPENSADA,35,A2_L3,21
560,multiplas_emergencias,PREEMPCAO_COMPENSADA,35,A2_O1,26
560,multiplas_emergencias,PREEMPCAO_COMPENSADA,35,A2_O2,19
560,multiplas_emergencias,PREEMPCAO_COMPENSADA,35,A2_O3,20
560,multiplas_emergencias,PREEMPCAO_COMPENSADA,35,A2_O4,15
560,multiplas_emergencias,PREEMPCAO_COMPENSADA,35,T1_N1,11
560,multiplas_emergencias,PREEMPCAO_COMPENSADA,35,T1_N2,9
560,multiplas_emergencias,PREEMPCAO_COMPENSADA,35,T1_S0,9
560,multiplas_emergencias,PREEMPCAO_COMPENSADA,35,T1_S1,10
560,multiplas_emergencias,PREEMPCAO_COMPENSADA,35,T2_N1,12
560,multiplas_emergencias,PREEMPCAO_COMPENSADA,35,T2_N2,8
560,multiplas_emergencias,PREEMPCAO_COMPENSADA,35,T2_S0,9
560,multiplas_emergencias,PREEMPCAO_COMPENSADA,35,T2_S1,11
560,multiplas_emergencias,PREEMPCAO_COMPENSADA,35,T3_N1,11
560,multiplas_emergencias,PREEMPCAO_COMPENSADA,35,T3_N2,9
560,multiplas_emergencias,PREEMPCAO_COMPENSADA,35,T3_S0,9
560,multiplas_emergencias,PREEMPCAO_COMPENSADA,35,T3_S1,11
560,multiplas_emergencias,PREEMPCAO_COMPENSADA,35,T4_N1,11
560,multiplas_emergencias,PREEMPCAO_COMPENSADA,35,T4_N2,9
560,multiplas_emergencias,PREEMPCAO_COMPENSADA,35,T4_S0,9
560,multiplas_emergencias,PREEMPCAO_COMPENSADA,35,T4_S1,11
561,multiplas_emergencias,PREEMPCAO_ML,35,A1_L0,14
561,multiplas_emergencias,PREEMPCAO_ML,35,A1_L1,25
561,multiplas_emergencias,PREEMPCAO_ML,35,A1_L2,16
561,multiplas_emergencias,PREEMPCAO_ML,35,A1_L3,16
561,multiplas_emergencias,PREEMPCAO_ML,35,A1_O1,26
561,multiplas_emergencias,PREEMPCAO_ML,35,A1_O2,17
561,multiplas_emergencias,PREEMPCAO_ML,35,A1_O3,17
561,multiplas_emergencias,PREEMPCAO_ML,35,A1_O4,14
561,multiplas_emergencias,PREEMPCAO_ML,35,A2_L0,13
561,multiplas_emergencias,PREEMPCAO_ML,35,A2_L1,18
561,multiplas_emergencias,PREEMPCAO_ML,35,A2_L2,18
561,multiplas_emergencias,PREEMPCAO_ML,35,A2_L3,22
561,multiplas_emergencias,PREEMPCAO_ML,35,A2_O1,24
561,multiplas_emergencias,PREEMPCAO_ML,35,A2_O2,19
561,multiplas_emergencias,PREEMPCAO_ML,35,A2_O3,20
561,multiplas_emergencias,PREEMPCAO_ML,35,A2_O4,15
561,multiplas_emergencias,PREEMPCAO_ML,35,T1_N1,11
561,multiplas_emergencias,PREEMPCAO_ML,35,T1_N2,9
561,multiplas_emergencias,PREEMPCAO_ML,35,T1_S0,9
561,multiplas_emergencias,PREEMPCAO_ML,35,T1_S1,12
561,multiplas_emergencias,PREEMPCAO_ML,35,T2_N1,10
561,multiplas_emergencias,PREEMPCAO_ML,35,T2_N2,9
561,multiplas_emergencias,PREEMPCAO_ML,35,T2_S0,8
561,multiplas_emergencias,PREEMPCAO_ML,35,T2_S1,7
561,multiplas_emergencias,PREEMPCAO_ML,35,T3_N1,11
561,multiplas_emergencias,PREEMPCAO_ML,35,T3_N2,8
561,multiplas_emergencias,PREEMPCAO_ML,35,T3_S0,6
561,multiplas_emergencias,PREEMPCAO_ML,35,T3_S1,8
561,multiplas_emergencias,PREEMPCAO_ML,35,T4_N1,9
561,multiplas_emergencias,PREEMPCAO_ML,35,T4_N2,9
561,multiplas_emergencias,PREEMPCAO_ML,35,T4_S0,8
561,multiplas_emergencias,PREEMPCAO_ML,35,T4_S1,10
562,leve,FIXO,36,A1_L0,8
562,leve,FIXO,36,A1_L1,10
562,leve,FIXO,36,A1_L2,10
562,leve,FIXO,36,A1_L3,10
562,leve,FIXO,36,A1_O1,10
562,leve,FIXO,36,A1_O2,10
562,leve,FIXO,36,A1_O3,10
562,leve,FIXO,36,A1_O4,6
562,leve,FIXO,36,A2_L0,10
562,leve,FIXO,36,A2_L1,13
562,leve,FIXO,36,A2_L2,13
562,leve,FIXO,36,A2_L3,13
562,leve,FIXO,36,A2_O1,13
562,leve,FIXO,36,A2_O2,13
562,leve,FIXO,36,A2_O3,13
562,leve,FIXO,36,A2_O4,8
562,leve,FIXO,36,T1_N1,6
562,leve,FIXO,36,T1_N2,4
562,leve,FIXO,36,T1_S0,6
562,leve,FIXO,36,T1_S1,7
562,leve,FIXO,36,T2_N1,6
562,leve,FIXO,36,T2_N2,5
562,leve,FIXO,36,T2_S0,5
562,leve,FIXO,36,T2_S1,6
562,leve,FIXO,36,T3_N1,6
562,leve,FIXO,36,T3_N2,6
562,leve,FIXO,36,T3_S0,5
562,leve,FIXO,36,T3_S1,6
562,leve,FIXO,36,T4_N1,5
562,leve,FIXO,36,T4_N2,4
562,leve,FIXO,36,T4_S0,4
562,leve,FIXO,36,T4_S1,7
563,leve,PREEMPCAO,36,A1_L0,6
563,leve,PREEMPCAO,36,A1_L1,9
563,leve,PREEMPCAO,36,A1_L2,9
563,leve,PREEMPCAO,36,A1_L3,7
563,leve,PREEMPCAO,36,A1_O1,10
563,leve,PREEMPCAO,36,A1_O2,10
563,leve,PREEMPCAO,36,A1_O3,8
563,leve,PREEMPCAO,36,A1_O4,7
563,leve,PREEMPCAO,36,A2_L0,5
563,leve,PREEMPCAO,36,A2_L1,7
563,leve,PREEMPCAO,36,A2_L2,7
563,leve,PREEMPCAO,36,A2_L3,9
563,leve,PREEMPCAO,36,A2_O1,7
563,leve,PREEMPCAO,36,A2_O2,7
563,leve,PREEMPCAO,36,A2_O3,13
563,leve,PREEMPCAO,36,A2_O4,6
563,leve,PREEMPCAO,36,T1_N1,6
563,leve,PREEMPCAO,36,T1_N2,4
563,leve,PREEMPCAO,36,T1_S0,6
563,leve,PREEMPCAO,36,T1_S1,5
563,leve,PREEMPCAO,36,T2_N1,4
563,leve,PREEMPCAO,36,T2_N2,4
563,leve,PREEMPCAO,36,T2_S0,4
563,leve,PREEMPCAO,36,T2_S1,6
563,leve,PREEMPCAO,36,T3_N1,3
563,leve,PREEMPCAO,36,T3_N2,5
563,leve,PREEMPCAO,36,T3_S0,7
563,leve,PREEMPCAO,36,T3_S1,6
563,leve,PREEMPCAO,36,T4_N1,5
563,leve,PREEMPCAO,36,T4_N2,5
563,leve,PREEMPCAO,36,T4_S0,5
563,leve,PREEMPCAO,36,T4_S1,8
564,leve,PREEMPCAO_COMPENSADA,36,A1_L0,6
564,leve,PREEMPCAO_COMPENSADA,36,A1_L1,7
564,leve,PREEMPCAO_COMPENSADA,36,A1_L2,10
564,leve,PREEMPCAO_COMPENSADA,36,A1_L3,7
564,leve,PREEMPCAO_COMPENSADA,36,A1_O1,8
564,leve,PREEMPCAO_COMPENSADA,36,A1_O2,10
564,leve,PREEMPCAO_COMPENSADA,36,A1_O3,8
564,leve,PREEMPCAO_COMPENSADA,36,A1_O4,6
564,leve,PREEMPCAO_COMPENSADA,36,A2_L0,8
564,leve,PREEMPCAO_COMPENSADA,36,A2_L1,8
564,leve,PREEMPCAO_COMPENSADA,36,A2_L2,7
564,leve,PREEMPCAO_COMPENSADA,36,A2_L3,10
564,leve,PREEMPCAO_COMPENSADA,36,A2_O1,13
564,leve,PREEMPCAO_COMPENSADA,36,A2_O2,9
564,leve,PREEMPCAO_COMPENSADA,36,A2_O3,8
564,leve,PREEMPCAO_COMPENSADA,36,A2_O4,9
564,leve,PREEMPCAO_COMPENSADA,36,T1_N1,6
564,leve,PREEMPCAO_COMPENSADA,36,T1_N2,6
564,leve,PREEMPCAO_COMPENSADA,36,T1_S0,6
564,leve,PREEMPCAO_COMPENSADA,36,T1_S1,7
564,leve,PREEMPCAO_COMPENSADA,36,T2_N1,5
564,leve,PREEMPCAO_COMPENSADA,36,T2_N2,5
564,leve,PREEMPCAO_COMPENSADA,36,T2_S0,4
564,leve,PREEMPCAO_COMPENSADA,36,T2_S1,4
564,leve,PREEMPCAO_COMPENSADA,36,T3_N1,5
564,leve,PREEMPCAO_COMPENSADA,36,T3_N2,4
564,leve,PREEMPCAO_COMPENSADA,36,T3_S0,6
564,leve,PREEMPCAO_COMPENSADA,36,T3_S1,4
564,leve,PREEMPCAO_COMPENSADA,36,T4_N1,4
564,leve,PREEMPCAO_COMPENSADA,36,T4_N2,4
564,leve,PREEMPCAO_COMPENSADA,36,T4_S0,6
564,leve,PREEMPCAO_COMPENSADA,36,T4_S1,3
565,moderado,FIXO,36,A1_L0,13
565,moderado,FIXO,36,A1_L1,21
565,moderado,FIXO,36,A1_L2,21
565,moderado,FIXO,36,A1_L3,21
565,moderado,FIXO,36,A1_O1,22
565,moderado,FIXO,36,A1_O2,22
565,moderado,FIXO,36,A1_O3,22
565,moderado,FIXO,36,A1_O4,14
565,moderado,FIXO,36,A2_L0,14
565,moderado,FIXO,36,A2_L1,22
565,moderado,FIXO,36,A2_L2,22
565,moderado,FIXO,36,A2_L3,22
565,moderado,FIXO,36,A2_O1,23
565,moderado,FIXO,36,A2_O2,23
565,moderado,FIXO,36,A2_O3,23
565,moderado,FIXO,36,A2_O4,11
565,moderado,FIXO,36,T1_N1,8
565,moderado,FIXO,36,T1_N2,9
565,moderado,FIXO,36,T1_S0,8
565,moderado,FIXO,36,T1_S1,8
565,moderado,FIXO,36,T2_N1,8
565,moderado,FIXO,36,T2_N2,7
565,moderado,FIXO,36,T2_S0,8
565,moderado,FIXO,36,T2_S1,8
565,moderado,FIXO,36,T3_N1,9
565,moderado,FIXO,36,T3_N2,8
565,moderado,FIXO,36,T3_S0,9
565,moderado,FIXO,36,T3_S1,8
565,moderado,FIXO,36,T4_N1,8
565,moderado,FIXO,36,T4_N2,8
565,moderado,FIXO,36,T4_S0,10
565,moderado,FIXO,36,T4_S1,9
566,moderado,PREEMPCAO,36,A1_L0,12
566,moderado,PREEMPCAO,36,A1_L1,16
566,moderado,PREEMPCAO,36,A1_L2,16
566,moderado,PREEMPCAO,36,A1_L3,21
566,moderado,PREEMPCAO,36,A1_O1,16
566,moderado,PREEMPCAO,36,A1_O2,16
566,moderado,PREEMPCAO,36,A1_O3,21
566,moderado,PREEMPCAO,36,A1_O4,15
566,moderado,PREEMPCAO,36,A2_L0,13
566,moderado,PREEMPCAO,36,A2_L1,17
566,moderado,PREEMPCAO,36,A2_L2,17
566,moderado,PREEMPCAO,36,A2_L3,27
566,moderado,PREEMPCAO,36,A2_O1,23
566,moderado,PREEMPCAO,36,A2_O2,23
566,moderado,PREEMPCAO,36,A2_O3,23
566,moderado,PREEMPCAO,36,A2_O4,14
566,moderado,PREEMPCAO,36,T1_N1,13
566,moderado,PREEMPCAO,36,T1_N2,8
566,moderado,PREEMPCAO,36,T1_S0,11
566,moderado,PREEMPCAO,36,T1_S1,11
566,moderado,PREEMPCAO,36,T2_N1,11
566,moderado,PREEMPCAO,36,T2_N2,8
566,moderado,PREEMPCAO,36,T2_S0,12
566,moderado,PREEMPCAO,36,T2_S1,12
566,moderado,PREEMPCAO,36,T3_N1,11
566,moderado,PREEMPCAO,36,T3_N2,9
566,moderado,PREEMPCAO,36,T3_S0,10
566,moderado,PREEMPCAO,36,T3_S1,13
566,moderado,PREEMPCAO,36,T4_N1,9
566,moderado,PREEMPCAO,36,T4_N2,8
566,moderado,PREEMPCAO,36,T4_S0,11
566,moderado,PREEMPCAO,36,T4_S1,11
567,moderado,PREEMPCAO_COMPENSADA,36,A1_L0,14
567,moderado,PREEMPCAO_COMPENSADA,36,A1_L1,17
567,moderado,PREEMPCAO_COMPENSADA,36,A1_L2,22
567,moderado,PREEMPCAO_COMPENSADA,36,A1_L3,21
567,moderado,PREEMPCAO_COMPENSADA,36,A1_O1,22
567,moderado,PREEMPCAO_COMPENSADA,36,A1_O2,22
567,moderado,PREEMPCAO_COMPENSADA,36,A1_O3,21
567,moderado,PREEMPCAO_COMPENSADA,36,A1_O4,16
567,moderado,PREEMPCAO_COMPENSADA,36,A2_L0,15
567,moderado,PREEMPCAO_COMPENSADA,36,A2_L1,22
567,moderado,PREEMPCAO_COMPENSADA,36,A2_L2,17
567,moderado,PREEMPCAO_COMPENSADA,36,A2_L3,27
567,moderado,PREEMPCAO_COMPENSADA,36,A2_O1,23
567,moderado,PREEMPCAO_COMPENSADA,36,A2_O2,23
567,moderado,PREEMPCAO_COMPENSADA,36,A2_O3,24
567,moderado,PREEMPCAO_COMPENSADA,36,A2_O4,13
567,moderado,PREEMPCAO_COMPENSADA,36,T1_N1,9
567,moderado,PREEMPCAO_COMPENSADA,36,T1_N2,11
567,moderado,PREEMPCAO_COMPENSADA,36,T1_S0,10
567,moderado,PREEMPCAO_COMPENSADA,36,T1_S1,12
567,moderado,PREEMPCAO_COMPENSADA,36,T2_N1,8
567,moderado,PREEMPCAO_COMPENSADA,36,T2_N2,9
567,moderado,PREEMPCAO_COMPENSADA,36,T2_S0,8
567,moderado,PREEMPCAO_COMPENSADA,36,T2_S1,10
567,moderado,PREEMPCAO_COMPENSADA,36,T3_N1,8
567,moderado,PREEMPCAO_COMPENSADA,36,T3_N2,8
567,moderado,PREEMPCAO_COMPENSADA,36,T3_S0,9
567,moderado,PREEMPCAO_COMPENSADA,36,T3_S1,12
567,moderado,PREEMPCAO_COMPENSADA,36,T4_N1,11
567,moderado,PREEMPCAO_COMPENSADA,36,T4_N2,12
567,moderado,PREEMPCAO_COMPENSADA,36,T4_S0,11
567,moderado,PREEMPCAO_COMPENSADA,36,T4_S1,10
568,intenso,FIXO,36,A1_L0,27
568,intenso,FIXO,36,A1_L1,28
568,intenso,FIXO,36,A1_L2,28
568,intenso,FIXO,36,A1_L3,28
568,intenso,FIXO,36,A1_O1,28
568,intenso,FIXO,36,A1_O2,28
568,intenso,FIXO,36,A1_O3,28
568,intenso,FIXO,36,A1_O4,23
568,intenso,FIXO,36,A2_L0,20
568,intenso,FIXO,36,A2_L1,28
568,intenso,FIXO,36,A2_L2,28
568,intenso,FIXO,36,A2_L3,28
568,intenso,FIXO,36,A2_O1,27
568,intenso,FIXO,36,A2_O2,27
568,intenso,FIXO,36,A2_O3,27
568,intenso,FIXO,36,A2_O4,28
568,intenso,FIXO,36,T1_N1,10
568,intenso,FIXO,36,T1_N2,15
568,intenso,FIXO,36,T1_S0,15
568,intenso,FIXO,36,T1_S1,12
568,intenso,FIXO,36,T2_N1,9
568,intenso,FIXO,36,T2_N2,11
568,intenso,FIXO,36,T2_S0,13
568,intenso,FIXO,36,T2_S1,9
568,intenso,FIXO,36,T3_N1,9
568,intenso,FIXO,36,T3_N2,15
568,intenso,FIXO,36,T3_S0,15
568,intenso,FIXO,36,T3_S1,10
568,intenso,FIXO,36,T4_N1,10
568,intenso,FIXO,36,T4_N2,15
568,intenso,FIXO,36,T4_S0,13
568,intenso,FIXO,36,T4_S1,10
569,intenso,PREEMPCAO,36,A1_L0,23
569,intenso,PREEMPCAO,36,A1_L1,26
569,intenso,PREEMPCAO,36,A1_L2,22
569,intenso,PREEMPCAO,36,A1_L3,21
569,intenso,PREEMPCAO,36,A1_O1,25
569,intenso,PREEMPCAO,36,A1_O2,25
569,intenso,PREEMPCAO,36,A1_O3,25
569,intenso,PREEMPCAO,36,A1_O4,23
569,intenso,PREEMPCAO,36,A2_L0,18
569,intenso,PREEMPCAO,36,A2_L1,28
569,intenso,PREEMPCAO,36,A2_L2,28
569,intenso,PREEMPCAO,36,A2_L3,30
569,intenso,PREEMPCAO,36,A2_O1,26
569,intenso,PREEMPCAO,36,A2_O2,26
569,intenso,PREEMPCAO,36,A2_O3,26
569,intenso,PREEMPCAO,36,A2_O4,26
569,intenso,PREEMPCAO,36,T1_N1,15
569,intenso,PREEMPCAO,36,T1_N2,15
569,intenso,PREEMPCAO,36,T1_S0,15
569,intenso,PREEMPCAO,36,T1_S1,15
569,intenso,PREEMPCAO,36,T2_N1,12
569,intenso,PREEMPCAO,36,T2_N2,15
569,intenso,PREEMPCAO,36,T2_S0,14
569,intenso,PREEMPCAO,36,T2_S1,12
569,intenso,PREEMPCAO,36,T3_N1,14
569,intenso,PREEMPCAO,36,T3_N2,15
569,intenso,PREEMPCAO,36,T3_S0,14
569,intenso,PREEMPCAO,36,T3_S1,15
569,intenso,PREEMPCAO,36,T4_N1,12
569,intenso,PREEMPCAO,36,T4_N2,15
569,intenso,PREEMPCAO,36,T4_S0,14
569,intenso,PREEMPCAO,36,T4_S1,14
570,intenso,PREEMPCAO_COMPENSADA,36,A1_L0,21
570,intenso,PREEMPCAO_COMPENSADA,36,A1_L1,28
570,intenso,PREEMPCAO_COMPENSADA,36,A1_L2,26
570,intenso,PREEMPCAO_COMPENSADA,36,A1_L3,26
570,intenso,PREEMPCAO_COMPENSADA,36,A1_O1,27
570,intenso,PREEMPCAO_COMPENSADA,36,A1_O2,27
570,intenso,PREEMPCAO_COMPENSADA,36,A1_O3,26
570,intenso,PREEMPCAO_COMPENSADA,36,A1_O4,20
570,intenso,PREEMPCAO_COMPENSADA,36,A2_L0,26
570,intenso,PREEMPCAO_COMPENSADA,36,A2_L1,28
570,intenso,PREEMPCAO_COMPENSADA,36,A2_L2,27
570,intenso,PREEMPCAO_COMPENSADA,36,A2_L3,28
570,intenso,PREEMPCAO_COMPENSADA,36,A2_O1,27
570,intenso,PREEMPCAO_COMPENSADA,36,A2_O2,26
570,intenso,PREEMPCAO_COMPENSADA,36,A2_O3,28
570,intenso,PREEMPCAO_COMPENSADA,36,A2_O4,26
570,intenso,PREEMPCAO_COMPENSADA,36,T1_N1,15
570,intenso,PREEMPCAO_COMPENSADA,36,T1_N2,12
570,intenso,PREEMPCAO_COMPENSADA,36,T1_S0,15
570,intenso,PREEMPCAO_COMPENSADA,36,T1_S1,15
570,intenso,PREEMPCAO_COMPENSADA,36,T2_N1,12
570,intenso,PREEMPCAO_COMPENSADA,36,T2_N2,13
570,intenso,PREEMPCAO_COMPENSADA,36,T2_S0,14
570,intenso,PREEMPCAO_COMPENSADA,36,T2_S1,15
570,intenso,PREEMPCAO_COMPENSADA,36,T3_N1,14
570,intenso,PREEMPCAO_COMPENSADA,36,T3_N2,15
570,intenso,PREEMPCAO_COMPENSADA,36,T3_S0,13
570,intenso,PREEMPCAO_COMPENSADA,36,T3_S1,14
570,intenso,PREEMPCAO_COMPENSADA,36,T4_N1,14
570,intenso,PREEMPCAO_COMPENSADA,36,T4_N2,15
570,intenso,PREEMPCAO_COMPENSADA,36,T4_S0,14
570,intenso,PREEMPCAO_COMPENSADA,36,T4_S1,15
571,multiplas_emergencias,FIXO,36,A1_L0,13
571,multiplas_emergencias,FIXO,36,A1_L1,21
571,multiplas_emergencias,FIXO,36,A1_L2,21
571,multiplas_emergencias,FIXO,36,A1_L3,21
571,multiplas_emergencias,FIXO,36,A1_O1,22
571,multiplas_emergencias,FIXO,36,A1_O2,22
571,multiplas_emergencias,FIXO,36,A1_O3,22
571,multiplas_emergencias,FIXO,36,A1_O4,14
571,multiplas_emergencias,FIXO,36,A2_L0,14
571,multiplas_emergencias,FIXO,36,A2_L1,22
571,multiplas_emergencias,FIXO,36,A2_L2,22
571,multiplas_emergencias,FIXO,36,A2_L3,22
571,multiplas_emergencias,FIXO,36,A2_O1,23
571,multiplas_emergencias,FIXO,36,A2_O2,23
571,multiplas_emergencias,FIXO,36,A2_O3,23
571,multiplas_emergencias,FIXO,36,A2_O4,11
571,multiplas_emergencias,FIXO,36,T1_N1,8
571,multiplas_emergencias,FIXO,36,T1_N2,9
571,multiplas_emergencias,FIXO,36,T1_S0,8
571,multiplas_emergencias,FIXO,36,T1_S1,8
571,multiplas_emergencias,FIXO,36,T2_N1,8
571,multiplas_emergencias,FIXO,36,T2_N2,7
571,multiplas_emergencias,FIXO,36,T2_S0,8
571,multiplas_emergencias,FIXO,36,T2_S1,9
571,multiplas_emergencias,FIXO,36,T3_N1,9
571,multiplas_emergencias,FIXO,36,T3_N2,8
571,multiplas_emergencias,FIXO,36,T3_S0,9
571,multiplas_emergencias,FIXO,36,T3_S1,8
571,multiplas_emergencias,FIXO,36,T4_N1,8
571,multiplas_emergencias,FIXO,36,T4_N2,8
571,multiplas_emergencias,FIXO,36,T4_S0,10
571,multiplas_emergencias,FIXO,36,T4_S1,8
572,multiplas_emergencias,PREEMPCAO,36,A1_L0,12
572,multiplas_emergencias,PREEMPCAO,36,A1_L1,21
572,multiplas_emergencias,PREEMPCAO,36,A1_L2,21
572,multiplas_emergencias,PREEMPCAO,36,A1_L3,21
572,multiplas_emergencias,PREEMPCAO,36,A1_O1,24
572,multiplas_emergencias,PREEMPCAO,36,A1_O2,19
572,multiplas_emergencias,PREEMPCAO,36,A1_O3,23
572,multiplas_emergencias,PREEMPCAO,36,A1_O4,15
572,multiplas_emergencias,PREEMPCAO,36,A2_L0,13
572,multiplas_emergencias,PREEMPCAO,36,A2_L1,20
572,multiplas_emergencias,PREEMPCAO,36,A2_L2,26
572,multiplas_emergencias,PREEMPCAO,36,A2_L3,21
572,multiplas_emergencias,PREEMPCAO,36,A2_O1,23
572,multiplas_emergencias,PREEMPCAO,36,A2_O2,23
572,multiplas_emergencias,PREEMPCAO,36,A2_O3,23
572,multiplas_emergencias,PREEMPCAO,36,A2_O4,16
572,multiplas_emergencias,PREEMPCAO,36,T1_N1,9
572,multiplas_emergencias,PREEMPCAO,36,T1_N2,11
572,multiplas_emergencias,PREEMPCAO,36,T1_S0,11
572,multiplas_emergencias,PREEMPCAO,36,T1_S1,10
572,multiplas_emergencias,PREEMPCAO,36,T2_N1,9
572,multiplas_emergencias,PREEMPCAO,36,T2_N2,8
572,multiplas_emergencias,PREEMPCAO,36,T2_S0,11
572,multiplas_emergencias,PREEMPCAO,36,T2_S1,7
572,multiplas_emergencias,PREEMPCAO,36,T3_N1,9
572,multiplas_emergencias,PREEMPCAO,36,T3_N2,12
572,multiplas_emergencias,PREEMPCAO,36,T3_S0,10
572,multiplas_emergencias,PREEMPCAO,36,T3_S1,10
572,multiplas_emergencias,PREEMPCAO,36,T4_N1,11
572,multiplas_emergencias,PREEMPCAO,36,T4_N2,8
572,multiplas_emergencias,PREEMPCAO,36,T4_S0,10
572,multiplas_emergencias,PREEMPCAO,36,T4_S1,11
573,multiplas_emergencias,PREEMPCAO_COMPENSADA,36,A1_L0,14
573,multiplas_emergencias,PREEMPCAO_COMPENSADA,36,A1_L1,18
573,multiplas_emergencias,PREEMPCAO_COMPENSADA,36,A1_L2,28
573,multiplas_emergencias,PREEMPCAO_COMPENSADA,36,A1_L3,21
573,multiplas_emergencias,PREEMPCAO_COMPENSADA,36,A1_O1,27
573,multiplas_emergencias,PREEMPCAO_COMPENSADA,36,A1_O2,21
573,multiplas_emergencias,PREEMPCAO_COMPENSADA,36,A1_O3,21
573,multiplas_emergencias,PREEMPCAO_COMPENSADA,36,A1_O4,15
573,multiplas_emergencias,PREEMPCAO_COMPENSADA,36,A2_L0,15
573,multiplas_emergencias,PREEMPCAO_COMPENSADA,36,A2_L1,20
573,multiplas_emergencias,PREEMPCAO_COMPENSADA,36,A2_L2,23
573,multiplas_emergencias,PREEMPCAO_COMPENSADA,36,A2_L3,25
573,multiplas_emergencias,PREEMPCAO_COMPENSADA,36,A2_O1,23
573,multiplas_emergencias,PREEMPCAO_COMPENSADA,36,A2_O2,23
573,multiplas_emergencias,PREEMPCAO_COMPENSADA,36,A2_O3,23
573,multiplas_emergencias,PREEMPCAO_COMPENSADA,36,A2_O4,17
573,multiplas_emergencias,PREEMPCAO_COMPENSADA,36,T1_N1,13
573,multiplas_emergencias,PREEMPCAO_COMPENSADA,36,T1_N2,7
573,multiplas_emergencias,PREEMPCAO_COMPENSADA,36,T1_S0,10
573,multiplas_emergencias,PREEMPCAO_COMPENSADA,36,T1_S1,9
573,multiplas_emergencias,PREEMPCAO_COMPENSADA,36,T2_N1,11
573,multiplas_emergencias,PREEMPCAO_COMPENSADA,36,T2_N2,9
573,multiplas_emergencias,PREEMPCAO_COMPENSADA,36,T2_S0,7
573,multiplas_emergencias,PREEMPCAO_COMPENSADA,36,T2_S1,10
573,multiplas_emergencias,PREEMPCAO_COMPENSADA,36,T3_N1,8
573,multiplas_emergencias,PREEMPCAO_COMPENSADA,36,T3_N2,9
573,multiplas_emergencias,PREEMPCAO_COMPENSADA,36,T3_S0,9
573,multiplas_emergencias,PREEMPCAO_COMPENSADA,36,T3_S1,10
573,multiplas_emergencias,PREEMPCAO_COMPENSADA,36,T4_N1,11
573,multiplas_emergencias,PREEMPCAO_COMPENSADA,36,T4_N2,7
573,multiplas_emergencias,PREEMPCAO_COMPENSADA,36,T4_S0,10
573,multiplas_emergencias,PREEMPCAO_COMPENSADA,36,T4_S1,11
574,multiplas_emergencias,PREEMPCAO_ML,36,A1_L0,12
574,multiplas_emergencias,PREEMPCAO_ML,36,A1_L1,21
574,multiplas_emergencias,PREEMPCAO_ML,36,A1_L2,21
574,multiplas_emergencias,PREEMPCAO_ML,36,A1_L3,21
574,multiplas_emergencias,PREEMPCAO_ML,36,A1_O1,24
574,multiplas_emergencias,PREEMPCAO_ML,36,A1_O2,19
574,multiplas_emergencias,PREEMPCAO_ML,36,A1_O3,23
574,multiplas_emergencias,PREEMPCAO_ML,36,A1_O4,14
574,multiplas_emergencias,PREEMPCAO_ML,36,A2_L0,14
574,multiplas_emergencias,PREEMPCAO_ML,36,A2_L1,18
574,multiplas_emergencias,PREEMPCAO_ML,36,A2_L2,17
574,multiplas_emergencias,PREEMPCAO_ML,36,A2_L3,20
574,multiplas_emergencias,PREEMPCAO_ML,36,A2_O1,23
574,multiplas_emergencias,PREEMPCAO_ML,36,A2_O2,23
574,multiplas_emergencias,PREEMPCAO_ML,36,A2_O3,23
574,multiplas_emergencias,PREEMPCAO_ML,36,A2_O4,14
574,multiplas_emergencias,PREEMPCAO_ML,36,T1_N1,9
574,multiplas_emergencias,PREEMPCAO_ML,36,T1_N2,11
574,multiplas_emergencias,PREEMPCAO_ML,36,T1_S0,11
574,multiplas_emergencias,PREEMPCAO_ML,36,T1_S1,10
574,multiplas_emergencias,PREEMPCAO_ML,36,T2_N1,11
574,multiplas_emergencias,PREEMPCAO_ML,36,T2_N2,9
574,multiplas_emergencias,PREEMPCAO_ML,36,T2_S0,11
574,multiplas_emergencias,PREEMPCAO_ML,36,T2_S1,7
574,multiplas_emergencias,PREEMPCAO_ML,36,T3_N1,8
574,multiplas_emergencias,PREEMPCAO_ML,36,T3_N2,12
574,multiplas_emergencias,PREEMPCAO_ML,36,T3_S0,10
574,multiplas_emergencias,PREEMPCAO_ML,36,T3_S1,12
574,multiplas_emergencias,PREEMPCAO_ML,36,T4_N1,11
574,multiplas_emergencias,PREEMPCAO_ML,36,T4_N2,8
574,multiplas_emergencias,PREEMPCAO_ML,36,T4_S0,10
574,multiplas_emergencias,PREEMPCAO_ML,36,T4_S1,8
575,leve,FIXO,37,A1_L0,7
575,leve,FIXO,37,A1_L1,12
575,leve,FIXO,37,A1_L2,12
575,leve,FIXO,37,A1_L3,12
575,leve,FIXO,37,A1_O1,12
575,leve,FIXO,37,A1_O2,12
575,leve,FIXO,37,A1_O3,12
575,leve,FIXO,37,A1_O4,9
575,leve,FIXO,37,A2_L0,7
575,leve,FIXO,37,A2_L1,10
575,leve,FIXO,37,A2_L2,10
575,leve,FIXO,37,A2_L3,10
575,leve,FIXO,37,A2_O1,16
575,leve,FIXO,37,A2_O2,15
575,leve,FIXO,37,A2_O3,15
575,leve,FIXO,37,A2_O4,9
575,leve,FIXO,37,T1_N1,5
575,leve,FIXO,37,T1_N2,5
575,leve,FIXO,37,T1_S0,5
575,leve,FIXO,37,T1_S1,6
575,leve,FIXO,37,T2_N1,8
575,leve,FIXO,37,T2_N2,4
575,leve,FIXO,37,T2_S0,4
575,leve,FIXO,37,T2_S1,5
575,leve,FIXO,37,T3_N1,8
575,leve,FIXO,37,T3_N2,8
575,leve,FIXO,37,T3_S0,4
575,leve,FIXO,37,T3_S1,6
575,leve,FIXO,37,T4_N1,6
575,leve,FIXO,37,T4_N2,4
575,leve,FIXO,37,T4_S0,3
575,leve,FIXO,37,T4_S1,6
576,leve,PREEMPCAO,37,A1_L0,6
576,leve,PREEMPCAO,37,A1_L1,8
576,leve,PREEMPCAO,37,A1_L2,10
576,leve,PREEMPCAO,37,A1_L3,9
576,leve,PREEMPCAO,37,A1_O1,8
576,leve,PREEMPCAO,37,A1_O2,14
576,leve,PREEMPCAO,37,A1_O3,10
576,leve,PREEMPCAO,37,A1_O4,7
576,leve,PREEMPCAO,37,A2_L0,8
576,leve,PREEMPCAO,37,A2_L1,10
576,leve,PREEMPCAO,37,A2_L2,11
576,leve,PREEMPCAO,37,A2_L3,10
576,leve,PREEMPCAO,37,A2_O1,9
576,leve,PREEMPCAO,37,A2_O2,9
576,leve,PREEMPCAO,37,A2_O3,15
576,leve,PREEMPCAO,37,A2_O4,9
576,leve,PREEMPCAO,37,T1_N1,6
576,leve,PREEMPCAO,37,T1_N2,4
576,leve,PREEMPCAO,37,T1_S0,6
576,leve,PREEMPCAO,37,T1_S1,4
576,leve,PREEMPCAO,37,T2_N1,8
576,leve,PREEMPCAO,37,T2_N2,4
576,leve,PREEMPCAO,37,T2_S0,4
576,leve,PREEMPCAO,37,T2_S1,5
576,leve,PREEMPCAO,37,T3_N1,7
576,leve,PREEMPCAO,37,T3_N2,7
576,leve,PREEMPCAO,37,T3_S0,4
576,leve,PREEMPCAO,37,T3_S1,7
576,leve,PREEMPCAO,37,T4_N1,6
576,leve,PREEMPCAO,37,T4_N2,4
576,leve,PREEMPCAO,37,T4_S0,5
576,leve,PREEMPCAO,37,T4_S1,6
577,leve,PREEMPCAO_COMPENSADA,37,A1_L0,8
577,leve,PREEMPCAO_COMPENSADA,37,A1_L1,8
577,leve,PREEMPCAO_COMPENSADA,37,A1_L2,9
577,leve,PREEMPCAO_COMPENSADA,37,A1_L3,8
577,leve,PREEMPCAO_COMPENSADA,37,A1_O1,7
577,leve,PREEMPCAO_COMPENSADA,37,A1_O2,13
577,leve,PREEMPCAO_COMPENSADA,37,A1_O3,10
577,leve,PREEMPCAO_COMPENSADA,37,A1_O4,7
577,leve,PREEMPCAO_COMPENSADA,37,A2_L0,8
577,leve,PREEMPCAO_COMPENSADA,37,A2_L1,10
577,leve,PREEMPCAO_COMPENSADA,37,A2_L2,10
577,leve,PREEMPCAO_COMPENSADA,37,A2_L3,10
577,leve,PREEMPCAO_COMPENSADA,37,A2_O1,11
577,leve,PREEMPCAO_COMPENSADA,37,A2_O2,9
577,leve,PREEMPCAO_COMPENSADA,37,A2_O3,9
577,leve,PREEMPCAO_COMPENSADA,37,A2_O4,11
577,leve,PREEMPCAO_COMPENSADA,37,T1_N1,6
577,leve,PREEMPCAO_COMPENSADA,37,T1_N2,5
577,leve,PREEMPCAO_COMPENSADA,37,T1_S0,6
577,leve,PREEMPCAO_COMPENSADA,37,T1_S1,6
577,leve,PREEMPCAO_COMPENSADA,37,T2_N1,8
577,leve,PREEMPCAO_COMPENSADA,37,T2_N2,5
577,leve,PREEMPCAO_COMPENSADA,37,T2_S0,4
577,leve,PREEMPCAO_COMPENSADA,37,T2_S1,6
577,leve,PREEMPCAO_COMPENSADA,37,T3_N1,5
577,leve,PREEMPCAO_COMPENSADA,37,T3_N2,4
577,leve,PREEMPCAO_COMPENSADA,37,T3_S0,5
577,leve,PREEMPCAO_COMPENSADA,37,T3_S1,6
577,leve,PREEMPCAO_COMPENSADA,37,T4_N1,6
577,leve,PREEMPCAO_COMPENSADA,37,T4_N2,4
577,leve,PREEMPCAO_COMPENSADA,37,T4_S0,6
577,leve,PREEMPCAO_COMPENSADA,37,T4_S1,6
578,moderado,FIXO,37,A1_L0,12
578,moderado,FIXO,37,A1_L1,23
578,moderado,FIXO,37,A1_L2,23
578,moderado,FIXO,37,A1_L3,23
578,moderado,FIXO,37,A1_O1,25
578,moderado,FIXO,37,A1_O2,25
578,moderado,FIXO,37,A1_O3,25
578,moderado,FIXO,37,A1_O4,16
578,moderado,FIXO,37,A2_L0,15
578,moderado,FIXO,37,A2_L1,24
578,moderado,FIXO,37,A2_L2,24
578,moderado,FIXO,37,A2_L3,24
578,moderado,FIXO,37,A2_O1,21
578,moderado,FIXO,37,A2_O2,21
578,moderado,FIXO,37,A2_O3,21
578,moderado,FIXO,37,A2_O4,15
578,moderado,FIXO,37,T1_N1,8
578,moderado,FIXO,37,T1_N2,8
578,moderado,FIXO,37,T1_S0,9
578,moderado,FIXO,37,T1_S1,9
578,moderado,FIXO,37,T2_N1,9
578,moderado,FIXO,37,T2_N2,8
578,moderado,FIXO,37,T2_S0,7
578,moderado,FIXO,37,T2_S1,9
578,moderado,FIXO,37,T3_N1,8
578,moderado,FIXO,37,T3_N2,12
578,moderado,FIXO,37,T3_S0,9
578,moderado,FIXO,37,T3_S1,8
578,moderado,FIXO,37,T4_N1,8
578,moderado,FIXO,37,T4_N2,10
578,moderado,FIXO,37,T4_S0,7
578,moderado,FIXO,37,T4_S1,8
579,moderado,PREEMPCAO,37,A1_L0,12
579,moderado,PREEMPCAO,37,A1_L1,19
579,moderado,PREEMPCAO,37,A1_L2,19
579,moderado,PREEMPCAO,37,A1_L3,23
579,moderado,PREEMPCAO,37,A1_O1,20
579,moderado,PREEMPCAO,37,A1_O2,15
579,moderado,PREEMPCAO,37,A1_O3,12
579,moderado,PREEMPCAO,37,A1_O4,13
579,moderado,PREEMPCAO,37,A2_L0,15
579,moderado,PREEMPCAO,37,A2_L1,24
579,moderado,PREEMPCAO,37,A2_L2,24
579,moderado,PREEMPCAO,37,A2_L3,24
579,moderado,PREEMPCAO,37,A2_O1,21
579,moderado,PREEMPCAO,37,A2_O2,21
579,moderado,PREEMPCAO,37,A2_O3,21
579,moderado,PREEMPCAO,37,A2_O4,14
579,moderado,PREEMPCAO,37,T1_N1,12
579,moderado,PREEMPCAO,37,T1_N2,11
579,moderado,PREEMPCAO,37,T1_S0,6
579,moderado,PREEMPCAO,37,T1_S1,7
579,moderado,PREEMPCAO,37,T2_N1,9
579,moderado,PREEMPCAO,37,T2_N2,7
579,moderado,PREEMPCAO,37,T2_S0,7
579,moderado,PREEMPCAO,37,T2_S1,9
579,moderado,PREEMPCAO,37,T3_N1,7
579,moderado,PREEMPCAO,37,T3_N2,11
579,moderado,PREEMPCAO,37,T3_S0,9
579,moderado,PREEMPCAO,37,T3_S1,9
579,moderado,PREEMPCAO,37,T4_N1,10
579,moderado,PREEMPCAO,37,T4_N2,8
579,moderado,PREEMPCAO,37,T4_S0,10
579,moderado,PREEMPCAO,37,T4_S1,11
580,moderado,PREEMPCAO_COMPENSADA,37,A1_L0,13
580,moderado,PREEMPCAO_COMPENSADA,37,A1_L1,19
580,moderado,PREEMPCAO_COMPENSADA,37,A1_L2,19
580,moderado,PREEMPCAO_COMPENSADA,37,A1_L3,23
580,moderado,PREEMPCAO_COMPENSADA,37,A1_O1,17
580,moderado,PREEMPCAO_COMPENSADA,37,A1_O2,19
580,moderado,PREEMPCAO_COMPENSADA,37,A1_O3,15
580,moderado,PREEMPCAO_COMPENSADA,37,A1_O4,16
580,moderado,PREEMPCAO_COMPENSADA,37,A2_L0,15
580,moderado,PREEMPCAO_COMPENSADA,37,A2_L1,24
580,moderado,PREEMPCAO_COMPENSADA,37,A2_L2,24
580,moderado,PREEMPCAO_COMPENSADA,37,A2_L3,24
580,moderado,PREEMPCAO_COMPENSADA,37,A2_O1,21
580,moderado,PREEMPCAO_COMPENSADA,37,A2_O2,21
580,moderado,PREEMPCAO_COMPENSADA,37,A2_O3,22
580,moderado,PREEMPCAO_COMPENSADA,37,A2_O4,15
580,moderado,PREEMPCAO_COMPENSADA,37,T1_N1,13
580,moderado,PREEMPCAO_COMPENSADA,37,T1_N2,8
580,moderado,PREEMPCAO_COMPENSADA,37,T1_S0,11
580,moderado,PREEMPCAO_COMPENSADA,37,T1_S1,11
580,moderado,PREEMPCAO_COMPENSADA,37,T2_N1,11
580,moderado,PREEMPCAO_COMPENSADA,37,T2_N2,8
580,moderado,PREEMPCAO_COMPENSADA,37,T2_S0,6
580,moderado,PREEMPCAO_COMPENSADA,37,T2_S1,8
580,moderado,PREEMPCAO_COMPENSADA,37,T3_N1,11
580,moderado,PREEMPCAO_COMPENSADA,37,T3_N2,8
580,moderado,PREEMPCAO_COMPENSADA,37,T3_S0,8
580,moderado,PREEMPCAO_COMPENSADA,37,T3_S1,11
580,moderado,PREEMPCAO_COMPENSADA,37,T4_N1,10
580,moderado,PREEMPCAO_COMPENSADA,37,T4_N2,13
580,moderado,PREEMPCAO_COMPENSADA,37,T4_S0,8
580,moderado,PREEMPCAO_COMPENSADA,37,T4_S1,11
581,intenso,FIXO,37,A1_L0,21
581,intenso,FIXO,37,A1_L1,28
581,intenso,FIXO,37,A1_L2,28
581,intenso,FIXO,37,A1_L3,28
581,intenso,FIXO,37,A1_O1,28
581,intenso,FIXO,37,A1_O2,28
581,intenso,FIXO,37,A1_O3,28
581,intenso,FIXO,37,A1_O4,24
581,intenso,FIXO,37,A2_L0,20
581,intenso,FIXO,37,A2_L1,27
581,intenso,FIXO,37,A2_L2,27
581,intenso,FIXO,37,A2_L3,27
581,intenso,FIXO,37,A2_O1,27
581,intenso,FIXO,37,A2_O2,27
581,intenso,FIXO,37,A2_O3,27
581,intenso,FIXO,37,A2_O4,23
581,intenso,FIXO,37,T1_N1,9
581,intenso,FIXO,37,T1_N2,14
581,intenso,FIXO,37,T1_S0,15
581,intenso,FIXO,37,T1_S1,10
581,intenso,FIXO,37,T2_N1,9
581,intenso,FIXO,37,T2_N2,13
581,intenso,FIXO,37,T2_S0,14
581,intenso,FIXO,37,T2_S1,9
581,intenso,FIXO,37,T3_N1,9
581,intenso,FIXO,37,T3_N2,11
581,intenso,FIXO,37,T3_S0,14
581,intenso,FIXO,37,T3_S1,9
581,intenso,FIXO,37,T4_N1,9
581,intenso,FIXO,37,T4_N2,15
581,intenso,FIXO,37,T4_S0,15
581,intenso,FIXO,37,T4_S1,10
582,intenso,PREEMPCAO,37,A1_L0,21
582,intenso,PREEMPCAO,37,A1_L1,27
582,intenso,PREEMPCAO,37,A1_L2,27
582,intenso,PREEMPCAO,37,A1_L3,27
582,intenso,PREEMPCAO,37,A1_O1,26
582,intenso,PREEMPCAO,37,A1_O2,27
582,intenso,PREEMPCAO,37,A1_O3,27
582,intenso,PREEMPCAO,37,A1_O4,21
582,intenso,PREEMPCAO,37,A2_L0,19
582,intenso,PREEMPCAO,37,A2_L1,27
582,intenso,PREEMPCAO,37,A2_L2,28
582,intenso,PREEMPCAO,37,A2_L3,30
582,intenso,PREEMPCAO,37,A2_O1,27
582,intenso,PREEMPCAO,37,A2_O2,27
582,intenso,PREEMPCAO,37,A2_O3,27
582,intenso,PREEMPCAO,37,A2_O4,24
582,intenso,PREEMPCAO,37,T1_N1,15
582,intenso,PREEMPCAO,37,T1_N2,13
582,intenso,PREEMPCAO,37,T1_S0,15
582,intenso,PREEMPCAO,37,T1_S1,13
582,intenso,PREEMPCAO,37,T2_N1,14
582,intenso,PREEMPCAO,37,T2_N2,15
582,intenso,PREEMPCAO,37,T2_S0,14
582,intenso,PREEMPCAO,37,T2_S1,12
582,intenso,PREEMPCAO,37,T3_N1,13
582,intenso,PREEMPCAO,37,T3_N2,14
582,intenso,PREEMPCAO,37,T3_S0,14
582,intenso,PREEMPCAO,37,T3_S1,14
582,intenso,PREEMPCAO,37,T4_N1,13
582,intenso,PREEMPCAO,37,T4_N2,15
582,intenso,PREEMPCAO,37,T4_S0,15
582,intenso,PREEMPCAO,37,T4_S1,14
583,intenso,PREEMPCAO_COMPENSADA,37,A1_L0,27
583,intenso,PREEMPCAO_COMPENSADA,37,A1_L1,28
583,intenso,PREEMPCAO_COMPENSADA,37,A1_L2,28
583,intenso,PREEMPCAO_COMPENSADA,37,A1_L3,27
583,intenso,PREEMPCAO_COMPENSADA,37,A1_O1,28
583,intenso,PREEMPCAO_COMPENSADA,37,A1_O2,29
583,intenso,PREEMPCAO_COMPENSADA,37,A1_O3,28
583,intenso,PREEMPCAO_COMPENSADA,37,A1_O4,26
583,intenso,PREEMPCAO_COMPENSADA,37,A2_L0,30
583,intenso,PREEMPCAO_COMPENSADA,37,A2_L1,27
583,intenso,PREEMPCAO_COMPENSADA,37,A2_L2,27
583,intenso,PREEMPCAO_COMPENSADA,37,A2_L3,27
583,intenso,PREEMPCAO_COMPENSADA,37,A2_O1,27
583,intenso,PREEMPCAO_COMPENSADA,37,A2_O2,26
583,intenso,PREEMPCAO_COMPENSADA,37,A2_O3,30
583,intenso,PREEMPCAO_COMPENSADA,37,A2_O4,29
583,intenso,PREEMPCAO_COMPENSADA,37,T1_N1,14
583,intenso,PREEMPCAO_COMPENSADA,37,T1_N2,15
583,intenso,PREEMPCAO_COMPENSADA,37,T1_S0,15
583,intenso,PREEMPCAO_COMPENSADA,37,T1_S1,14
583,intenso,PREEMPCAO_COMPENSADA,37,T2_N1,13
583,intenso,PREEMPCAO_COMPENSADA,37,T2_N2,15
583,intenso,PREEMPCAO_COMPENSADA,37,T2_S0,13
583,intenso,PREEMPCAO_COMPENSADA,37,T2_S1,14
583,intenso,PREEMPCAO_COMPENSADA,37,T3_N1,14
583,intenso,PREEMPCAO_COMPENSADA,37,T3_N2,13
583,intenso,PREEMPCAO_COMPENSADA,37,T3_S0,15
583,intenso,PREEMPCAO_COMPENSADA,37,T3_S1,15
583,intenso,PREEMPCAO_COMPENSADA,37,T4_N1,13
583,intenso,PREEMPCAO_COMPENSADA,37,T4_N2,15
583,intenso,PREEMPCAO_COMPENSADA,37,T4_S0,13
583,intenso,PREEMPCAO_COMPENSADA,37,T4_S1,15
584,multiplas_emergencias,FIXO,37,A1_L0,12
584,multiplas_emergencias,FIXO,37,A1_L1,23
584,multiplas_emergencias,FIXO,37,A1_L2,23
584,multiplas_emergencias,FIXO,37,A1_L3,23
584,multiplas_emergencias,FIXO,37,A1_O1,25
584,multiplas_emergencias,FIXO,37,A1_O2,25
584,multiplas_emergencias,FIXO,37,A1_O3,25
584,multiplas_emergencias,FIXO,37,A1_O4,16
584,multiplas_emergencias,FIXO,37,A2_L0,15
584,multiplas_emergencias,FIXO,37,A2_L1,24
584,multiplas_emergencias,FIXO,37,A2_L2,24
584,multiplas_emergencias,FIXO,37,A2_L3,24
584,multiplas_emergencias,FIXO,37,A2_O1,21
584,multiplas_emergencias,FIXO,37,A2_O2,21
584,multiplas_emergencias,FIXO,37,A2_O3,21
584,multiplas_emergencias,FIXO,37,A2_O4,15
584,multiplas_emergencias,FIXO,37,T1_N1,8
584,multiplas_emergencias,FIXO,37,T1_N2,8
584,multiplas_emergencias,FIXO,37,T1_S0,9
584,multiplas_emergencias,FIXO,37,T1_S1,9
584,multiplas_emergencias,FIXO,37,T2_N1,9
584,multiplas_emergencias,FIXO,37,T2_N2,8
584,multiplas_emergencias,FIXO,37,T2_S0,7
584,multiplas_emergencias,FIXO,37,T2_S1,9
584,multiplas_emergencias,FIXO,37,T3_N1,8
584,multiplas_emergencias,FIXO,37,T3_N2,12
584,multiplas_emergencias,FIXO,37,T3_S0,9
584,multiplas_emergencias,FIXO,37,T3_S1,8
584,multiplas_emergencias,FIXO,37,T4_N1,8
584,multiplas_emergencias,FIXO,37,T4_N2,10
584,multiplas_emergencias,FIXO,37,T4_S0,7
584,multiplas_emergencias,FIXO,37,T4_S1,8
585,multiplas_emergencias,PREEMPCAO,37,A1_L0,12
585,multiplas_emergencias,PREEMPCAO,37,A1_L1,21
585,multiplas_emergencias,PREEMPCAO,37,A1_L2,19
585,multiplas_emergencias,PREEMPCAO,37,A1_L3,19
585,multiplas_emergencias,PREEMPCAO,37,A1_O1,13
585,multiplas_emergencias,PREEMPCAO,37,A1_O2,20
585,multiplas_emergencias,PREEMPCAO,37,A1_O3,14
585,multiplas_emergencias,PREEMPCAO,37,A1_O4,17
585,multiplas_emergencias,PREEMPCAO,37,A2_L0,15
585,multiplas_emergencias,PREEMPCAO,37,A2_L1,24
585,multiplas_emergencias,PREEMPCAO,37,A2_L2,24
585,multiplas_emergencias,PREEMPCAO,37,A2_L3,24
585,multiplas_emergencias,PREEMPCAO,37,A2_O1,27
585,multiplas_emergencias,PREEMPCAO,37,A2_O2,23
585,multiplas_emergencias,PREEMPCAO,37,A2_O3,21
585,multiplas_emergencias,PREEMPCAO,37,A2_O4,14
585,multiplas_emergencias,PREEMPCAO,37,T1_N1,9
585,multiplas_emergencias,PREEMPCAO,37,T1_N2,9
585,multiplas_emergencias,PREEMPCAO,37,T1_S0,6
585,multiplas_emergencias,PREEMPCAO,37,T1_S1,10
585,multiplas_emergencias,PREEMPCAO,37,T2_N1,10
585,multiplas_emergencias,PREEMPCAO,37,T2_N2,8
585,multiplas_emergencias,PREEMPCAO,37,T2_S0,7
585,multiplas_emergencias,PREEMPCAO,37,T2_S1,9
585,multiplas_emergencias,PREEMPCAO,37,T3_N1,9
585,multiplas_emergencias,PREEMPCAO,37,T3_N2,9
585,multiplas_emergencias,PREEMPCAO,37,T3_S0,9
585,multiplas_emergencias,PREEMPCAO,37,T3_S1,10
585,multiplas_emergencias,PREEMPCAO,37,T4_N1,10
585,multiplas_emergencias,PREEMPCAO,37,T4_N2,11
585,multiplas_emergencias,PREEMPCAO,37,T4_S0,11
585,multiplas_emergencias,PREEMPCAO,37,T4_S1,13
586,multiplas_emergencias,PREEMPCAO_COMPENSADA,37,A1_L0,13
586,multiplas_emergencias,PREEMPCAO_COMPENSADA,37,A1_L1,23
586,multiplas_emergencias,PREEMPCAO_COMPENSADA,37,A1_L2,19
586,multiplas_emergencias,PREEMPCAO_COMPENSADA,37,A1_L3,19
586,multiplas_emergencias,PREEMPCAO_COMPENSADA,37,A1_O1,25
586,multiplas_emergencias,PREEMPCAO_COMPENSADA,37,A1_O2,21
586,multiplas_emergencias,PREEMPCAO_COMPENSADA,37,A1_O3,21
586,multiplas_emergencias,PREEMPCAO_COMPENSADA,37,A1_O4,16
586,multiplas_emergencias,PREEMPCAO_COMPENSADA,37,A2_L0,13
586,multiplas_emergencias,PREEMPCAO_COMPENSADA,37,A2_L1,24
586,multiplas_emergencias,PREEMPCAO_COMPENSADA,37,A2_L2,24
586,multiplas_emergencias,PREEMPCAO_COMPENSADA,37,A2_L3,24
586,multiplas_emergencias,PREEMPCAO_COMPENSADA,37,A2_O1,16
586,multiplas_emergencias,PREEMPCAO_COMPENSADA,37,A2_O2,16
586,multiplas_emergencias,PREEMPCAO_COMPENSADA,37,A2_O3,25
586,multiplas_emergencias,PREEMPCAO_COMPENSADA,37,A2_O4,14
586,multiplas_emergencias,PREEMPCAO_COMPENSADA,37,T1_N1,10
586,multiplas_emergencias,PREEMPCAO_COMPENSADA,37,T1_N2,9
586,multiplas_emergencias,PREEMPCAO_COMPENSADA,37,T1_S0,11
586,multiplas_emergencias,PREEMPCAO_COMPENSADA,37,T1_S1,11
586,multiplas_emergencias,PREEMPCAO_COMPENSADA,37,T2_N1,12
586,multiplas_emergencias,PREEMPCAO_COMPENSADA,37,T2_N2,10
586,multiplas_emergencias,PREEMPCAO_COMPENSADA,37,T2_S0,7
586,multiplas_emergencias,PREEMPCAO_COMPENSADA,37,T2_S1,11
586,multiplas_emergencias,PREEMPCAO_COMPENSADA,37,T3_N1,12
586,multiplas_emergencias,PREEMPCAO_COMPENSADA,37,T3_N2,13
586,multiplas_emergencias,PREEMPCAO_COMPENSADA,37,T3_S0,6
586,multiplas_emergencias,PREEMPCAO_COMPENSADA,37,T3_S1,10
586,multiplas_emergencias,PREEMPCAO_COMPENSADA,37,T4_N1,11
586,multiplas_emergencias,PREEMPCAO_COMPENSADA,37,T4_N2,10
586,multiplas_emergencias,PREEMPCAO_COMPENSADA,37,T4_S0,9
586,multiplas_emergencias,PREEMPCAO_COMPENSADA,37,T4_S1,13
587,multiplas_emergencias,PREEMPCAO_ML,37,A1_L0,12
587,multiplas_emergencias,PREEMPCAO_ML,37,A1_L1,19
587,multiplas_emergencias,PREEMPCAO_ML,37,A1_L2,19
587,multiplas_emergencias,PREEMPCAO_ML,37,A1_L3,23
587,multiplas_emergencias,PREEMPCAO_ML,37,A1_O1,20
587,multiplas_emergencias,PREEMPCAO_ML,37,A1_O2,21
587,multiplas_emergencias,PREEMPCAO_ML,37,A1_O3,12
587,multiplas_emergencias,PREEMPCAO_ML,37,A1_O4,16
587,multiplas_emergencias,PREEMPCAO_ML,37,A2_L0,15
587,multiplas_emergencias,PREEMPCAO_ML,37,A2_L1,24
587,multiplas_emergencias,PREEMPCAO_ML,37,A2_L2,24
587,multiplas_emergencias,PREEMPCAO_ML,37,A2_L3,24
587,multiplas_emergencias,PREEMPCAO_ML,37,A2_O1,16
587,multiplas_emergencias,PREEMPCAO_ML,37,A2_O2,18
587,multiplas_emergencias,PREEMPCAO_ML,37,A2_O3,21
587,multiplas_emergencias,PREEMPCAO_ML,37,A2_O4,13
587,multiplas_emergencias,PREEMPCAO_ML,37,T1_N1,9
587,multiplas_emergencias,PREEMPCAO_ML,37,T1_N2,9
587,multiplas_emergencias,PREEMPCAO_ML,37,T1_S0,6
587,multiplas_emergencias,PREEMPCAO_ML,37,T1_S1,10
587,multiplas_emergencias,PREEMPCAO_ML,37,T2_N1,12
587,multiplas_emergencias,PREEMPCAO_ML,37,T2_N2,8
587,multiplas_emergencias,PREEMPCAO_ML,37,T2_S0,6
587,multiplas_emergencias,PREEMPCAO_ML,37,T2_S1,9
587,multiplas_emergencias,PREEMPCAO_ML,37,T3_N1,10
587,multiplas_emergencias,PREEMPCAO_ML,37,T3_N2,7
587,multiplas_emergencias,PREEMPCAO_ML,37,T3_S0,8
587,multiplas_emergencias,PREEMPCAO_ML,37,T3_S1,9
587,multiplas_emergencias,PREEMPCAO_ML,37,T4_N1,13
587,multiplas_emergencias,PREEMPCAO_ML,37,T4_N2,10
587,multiplas_emergencias,PREEMPCAO_ML,37,T4_S0,8
587,multiplas_emergencias,PREEMPCAO_ML,37,T4_S1,8
588,leve,FIXO,38,A1_L0,7
588,leve,FIXO,38,A1_L1,11
588,leve,FIXO,38,A1_L2,11
588,leve,FIXO,38,A1_L3,11
588,leve,FIXO,38,A1_O1,12
588,leve,FIXO,38,A1_O2,12
588,leve,FIXO,38,A1_O3,12
588,leve,FIXO,38,A1_O4,6
588,leve,FIXO,38,A2_L0,6
588,leve,FIXO,38,A2_L1,8
588,leve,FIXO,38,A2_L2,8
588,leve,FIXO,38,A2_L3,8
588,leve,FIXO,38,A2_O1,11
588,leve,FIXO,38,A2_O2,11
588,leve,FIXO,38,A2_O3,13
588,leve,FIXO,38,A2_O4,11
588,leve,FIXO,38,T1_N1,5
588,leve,FIXO,38,T1_N2,5
588,leve,FIXO,38,T1_S0,5
588,leve,FIXO,38,T1_S1,6
588,leve,FIXO,38,T2_N1,6
588,leve,FIXO,38,T2_N2,5
588,leve,FIXO,38,T2_S0,5
588,leve,FIXO,38,T2_S1,6
588,leve,FIXO,38,T3_N1,6
588,leve,FIXO,38,T3_N2,3
588,leve,FIXO,38,T3_S0,4
588,leve,FIXO,38,T3_S1,6
588,leve,FIXO,38,T4_N1,5
588,leve,FIXO,38,T4_N2,4
588,leve,FIXO,38,T4_S0,3
588,leve,FIXO,38,T4_S1,6
589,leve,PREEMPCAO,38,A1_L0,7
589,leve,PREEMPCAO,38,A1_L1,9
589,leve,PREEMPCAO,38,A1_L2,11
589,leve,PREEMPCAO,38,A1_L3,9
589,leve,PREEMPCAO,38,A1_O1,9
589,leve,PREEMPCAO,38,A1_O2,9
589,leve,PREEMPCAO,38,A1_O3,7
589,leve,PREEMPCAO,38,A1_O4,8
589,leve,PREEMPCAO,38,A2_L0,6
589,leve,PREEMPCAO,38,A2_L1,6
589,leve,PREEMPCAO,38,A2_L2,6
589,leve,PREEMPCAO,38,A2_L3,9
589,leve,PREEMPCAO,38,A2_O1,9
589,leve,PREEMPCAO,38,A2_O2,9
589,leve,PREEMPCAO,38,A2_O3,12
589,leve,PREEMPCAO,38,A2_O4,11
589,leve,PREEMPCAO,38,T1_N1,5
589,leve,PREEMPCAO,38,T1_N2,6
589,leve,PREEMPCAO,38,T1_S0,5
589,leve,PREEMPCAO,38,T1_S1,6
589,leve,PREEMPCAO,38,T2_N1,6
589,leve,PREEMPCAO,38,T2_N2,5
589,leve,PREEMPCAO,38,T2_S0,5
589,leve,PREEMPCAO,38,T2_S1,5
589,leve,PREEMPCAO,38,T3_N1,4
589,leve,PREEMPCAO,38,T3_N2,5
589,leve,PREEMPCAO,38,T3_S0,3
589,leve,PREEMPCAO,38,T3_S1,6
589,leve,PREEMPCAO,38,T4_N1,5
589,leve,PREEMPCAO,38,T4_N2,4
589,leve,PREEMPCAO,38,T4_S0,4
589,leve,PREEMPCAO,38,T4_S1,6
590,leve,PREEMPCAO_COMPENSADA,38,A1_L0,8
590,leve,PREEMPCAO_COMPENSADA,38,A1_L1,9
590,leve,PREEMPCAO_COMPENSADA,38,A1_L2,9
590,leve,PREEMPCAO_COMPENSADA,38,A1_L3,9
590,leve,PREEMPCAO_COMPENSADA,38,A1_O1,13
590,leve,PREEMPCAO_COMPENSADA,38,A1_O2,11
590,leve,PREEMPCAO_COMPENSADA,38,A1_O3,10
590,leve,PREEMPCAO_COMPENSADA,38,A1_O4,10
590,leve,PREEMPCAO_COMPENSADA,38,A2_L0,6
590,leve,PREEMPCAO_COMPENSADA,38,A2_L1,9
590,leve,PREEMPCAO_COMPENSADA,38,A2_L2,7
590,leve,PREEMPCAO_COMPENSADA,38,A2_L3,8
590,leve,PREEMPCAO_COMPENSADA,38,A2_O1,13
590,leve,PREEMPCAO_COMPENSADA,38,A2_O2,12
590,leve,PREEMPCAO_COMPENSADA,38,A2_O3,13
590,leve,PREEMPCAO_COMPENSADA,38,A2_O4,7
590,leve,PREEMPCAO_COMPENSADA,38,T1_N1,8
590,leve,PREEMPCAO_COMPENSADA,38,T1_N2,5
590,leve,PREEMPCAO_COMPENSADA,38,T1_S0,5
590,leve,PREEMPCAO_COMPENSADA,38,T1_S1,6
590,leve,PREEMPCAO_COMPENSADA,38,T2_N1,4
590,leve,PREEMPCAO_COMPENSADA,38,T2_N2,4
590,leve,PREEMPCAO_COMPENSADA,38,T2_S0,6
590,leve,PREEMPCAO_COMPENSADA,38,T2_S1,5
590,leve,PREEMPCAO_COMPENSADA,38,T3_N1,4
590,leve,PREEMPCAO_COMPENSADA,38,T3_N2,3
590,leve,PREEMPCAO_COMPENSADA,38,T3_S0,3
590,leve,PREEMPCAO_COMPENSADA,38,T3_S1,4
590,leve,PREEMPCAO_COMPENSADA,38,T4_N1,6
590,leve,PREEMPCAO_COMPENSADA,38,T4_N2,3
590,leve,PREEMPCAO_COMPENSADA,38,T4_S0,5
590,leve,PREEMPCAO_COMPENSADA,38,T4_S1,5
591,moderado,FIXO,38,A1_L0,13
591,moderado,FIXO,38,A1_L1,22
591,moderado,FIXO,38,A1_L2,22
591,moderado,FIXO,38,A1_L3,22
591,moderado,FIXO,38,A1_O1,23
591,moderado,FIXO,38,A1_O2,23
591,moderado,FIXO,38,A1_O3,23
591,moderado,FIXO,38,A1_O4,16
591,moderado,FIXO,38,A2_L0,13
591,moderado,FIXO,38,A2_L1,23
591,moderado,FIXO,38,A2_L2,23
591,moderado,FIXO,38,A2_L3,23
591,moderado,FIXO,38,A2_O1,22
591,moderado,FIXO,38,A2_O2,22
591,moderado,FIXO,38,A2_O3,21
591,moderado,FIXO,38,A2_O4,13
591,moderado,FIXO,38,T1_N1,8
591,moderado,FIXO,38,T1_N2,9
591,moderado,FIXO,38,T1_S0,8
591,moderado,FIXO,38,T1_S1,8
591,moderado,FIXO,38,T2_N1,9
591,moderado,FIXO,38,T2_N2,8
591,moderado,FIXO,38,T2_S0,7
591,moderado,FIXO,38,T2_S1,8
591,moderado,FIXO,38,T3_N1,9
591,moderado,FIXO,38,T3_N2,8
591,moderado,FIXO,38,T3_S0,8
591,moderado,FIXO,38,T3_S1,9
591,moderado,FIXO,38,T4_N1,8
591,moderado,FIXO,38,T4_N2,11
591,moderado,FIXO,38,T4_S0,10
591,moderado,FIXO,38,T4_S1,9
592,moderado,PREEMPCAO,38,A1_L0,13
592,moderado,PREEMPCAO,38,A1_L1,22
592,moderado,PREEMPCAO,38,A1_L2,22
592,moderado,PREEMPCAO,38,A1_L3,16
592,moderado,PREEMPCAO,38,A1_O1,17
592,moderado,PREEMPCAO,38,A1_O2,15
592,moderado,PREEMPCAO,38,A1_O3,20
592,moderado,PREEMPCAO,38,A1_O4,15
592,moderado,PREEMPCAO,38,A2_L0,13
592,moderado,PREEMPCAO,38,A2_L1,23
592,moderado,PREEMPCAO,38,A2_L2,23
592,moderado,PREEMPCAO,38,A2_L3,23
592,moderado,PREEMPCAO,38,A2_O1,17
592,moderado,PREEMPCAO,38,A2_O2,16
592,moderado,PREEMPCAO,38,A2_O3,21
592,moderado,PREEMPCAO,38,A2_O4,13
592,moderado,PREEMPCAO,38,T1_N1,9
592,moderado,PREEMPCAO,38,T1_N2,7
592,moderado,PREEMPCAO,38,T1_S0,11
592,moderado,PREEMPCAO,38,T1_S1,10
592,moderado,PREEMPCAO,38,T2_N1,11
592,moderado,PREEMPCAO,38,T2_N2,11
592,moderado,PREEMPCAO,38,T2_S0,11
592,moderado,PREEMPCAO,38,T2_S1,13
592,moderado,PREEMPCAO,38,T3_N1,10
592,moderado,PREEMPCAO,38,T3_N2,7
592,moderado,PREEMPCAO,38,T3_S0,8
592,moderado,PREEMPCAO,38,T3_S1,10
592,moderado,PREEMPCAO,38,T4_N1,8
592,moderado,PREEMPCAO,38,T4_N2,8
592,moderado,PREEMPCAO,38,T4_S0,10
592,moderado,PREEMPCAO,38,T4_S1,11
593,moderado,PREEMPCAO_COMPENSADA,38,A1_L0,16
593,moderado,PREEMPCAO_COMPENSADA,38,A1_L1,22
593,moderado,PREEMPCAO_COMPENSADA,38,A1_L2,22
593,moderado,PREEMPCAO_COMPENSADA,38,A1_L3,22
593,moderado,PREEMPCAO_COMPENSADA,38,A1_O1,24
593,moderado,PREEMPCAO_COMPENSADA,38,A1_O2,15
593,moderado,PREEMPCAO_COMPENSADA,38,A1_O3,15
593,moderado,PREEMPCAO_COMPENSADA,38,A1_O4,18
593,moderado,PREEMPCAO_COMPENSADA,38,A2_L0,11
593,moderado,PREEMPCAO_COMPENSADA,38,A2_L1,23
593,moderado,PREEMPCAO_COMPENSADA,38,A2_L2,23
593,moderado,PREEMPCAO_COMPENSADA,38,A2_L3,23
593,moderado,PREEMPCAO_COMPENSADA,38,A2_O1,23
593,moderado,PREEMPCAO_COMPENSADA,38,A2_O2,19
593,moderado,PREEMPCAO_COMPENSADA,38,A2_O3,21
593,moderado,PREEMPCAO_COMPENSADA,38,A2_O4,14
593,moderado,PREEMPCAO_COMPENSADA,38,T1_N1,9
593,moderado,PREEMPCAO_COMPENSADA,38,T1_N2,8
593,moderado,PREEMPCAO_COMPENSADA,38,T1_S0,9
593,moderado,PREEMPCAO_COMPENSADA,38,T1_S1,11
593,moderado,PREEMPCAO_COMPENSADA,38,T2_N1,11
593,moderado,PREEMPCAO_COMPENSADA,38,T2_N2,9
593,moderado,PREEMPCAO_COMPENSADA,38,T2_S0,8
593,moderado,PREEMPCAO_COMPENSADA,38,T2_S1,13
593,moderado,PREEMPCAO_COMPENSADA,38,T3_N1,11
593,moderado,PREEMPCAO_COMPENSADA,38,T3_N2,10
593,moderado,PREEMPCAO_COMPENSADA,38,T3_S0,7
593,moderado,PREEMPCAO_COMPENSADA,38,T3_S1,7
593,moderado,PREEMPCAO_COMPENSADA,38,T4_N1,10
593,moderado,PREEMPCAO_COMPENSADA,38,T4_N2,8
593,moderado,PREEMPCAO_COMPENSADA,38,T4_S0,10
593,moderado,PREEMPCAO_COMPENSADA,38,T4_S1,13
594,intenso,FIXO,38,A1_L0,26
594,intenso,FIXO,38,A1_L1,27
594,intenso,FIXO,38,A1_L2,27
594,intenso,FIXO,38,A1_L3,27
594,intenso,FIXO,38,A1_O1,28
594,intenso,FIXO,38,A1_O2,28
594,intenso,FIXO,38,A1_O3,28
594,intenso,FIXO,38,A1_O4,22
594,intenso,FIXO,38,A2_L0,22
594,intenso,FIXO,38,A2_L1,28
594,intenso,FIXO,38,A2_L2,28
594,intenso,FIXO,38,A2_L3,28
594,intenso,FIXO,38,A2_O1,27
594,intenso,FIXO,38,A2_O2,27
594,intenso,FIXO,38,A2_O3,27
594,intenso,FIXO,38,A2_O4,25
594,intenso,FIXO,38,T1_N1,9
594,intenso,FIXO,38,T1_N2,15
594,intenso,FIXO,38,T1_S0,15
594,intenso,FIXO,38,T1_S1,9
594,intenso,FIXO,38,T2_N1,9
594,intenso,FIXO,38,T2_N2,15
594,intenso,FIXO,38,T2_S0,11
594,intenso,FIXO,38,T2_S1,9
594,intenso,FIXO,38,T3_N1,9
594,intenso,FIXO,38,T3_N2,11
594,intenso,FIXO,38,T3_S0,14
594,intenso,FIXO,38,T3_S1,10
594,intenso,FIXO,38,T4_N1,9
594,intenso,FIXO,38,T4_N2,13
594,intenso,FIXO,38,T4_S0,15
594,intenso,FIXO,38,T4_S1,11
595,intenso,PREEMPCAO,38,A1_L0,23
595,intenso,PREEMPCAO,38,A1_L1,27
595,intenso,PREEMPCAO,38,A1_L2,27
595,intenso,PREEMPCAO,38,A1_L3,27
595,intenso,PREEMPCAO,38,A1_O1,25
595,intenso,PREEMPCAO,38,A1_O2,27
595,intenso,PREEMPCAO,38,A1_O3,26
595,intenso,PREEMPCAO,38,A1_O4,19
595,intenso,PREEMPCAO,38,A2_L0,20
595,intenso,PREEMPCAO,38,A2_L1,27
595,intenso,PREEMPCAO,38,A2_L2,27
595,intenso,PREEMPCAO,38,A2_L3,30
595,intenso,PREEMPCAO,38,A2_O1,27
595,intenso,PREEMPCAO,38,A2_O2,27
595,intenso,PREEMPCAO,38,A2_O3,27
595,intenso,PREEMPCAO,38,A2_O4,27
595,intenso,PREEMPCAO,38,T1_N1,14
595,intenso,PREEMPCAO,38,T1_N2,15
595,intenso,PREEMPCAO,38,T1_S0,15
595,intenso,PREEMPCAO,38,T1_S1,14
595,intenso,PREEMPCAO,38,T2_N1,15
595,intenso,PREEMPCAO,38,T2_N2,15
595,intenso,PREEMPCAO,38,T2_S0,14
595,intenso,PREEMPCAO,38,T2_S1,14
595,intenso,PREEMPCAO,38,T3_N1,11
595,intenso,PREEMPCAO,38,T3_N2,14
595,intenso,PREEMPCAO,38,T3_S0,14
595,intenso,PREEMPCAO,38,T3_S1,14
595,intenso,PREEMPCAO,38,T4_N1,13
595,intenso,PREEMPCAO,38,T4_N2,13
595,intenso,PREEMPCAO,38,T4_S0,15
595,intenso,PREEMPCAO,38,T4_S1,14
596,intenso,PREEMPCAO_COMPENSADA,38,A1_L0,27
596,intenso,PREEMPCAO_COMPENSADA,38,A1_L1,27
596,intenso,PREEMPCAO_COMPENSADA,38,A1_L2,27
596,intenso,PREEMPCAO_COMPENSADA,38,A1_L3,27
596,intenso,PREEMPCAO_COMPENSADA,38,A1_O1,28
596,intenso,PREEMPCAO_COMPENSADA,38,A1_O2,27
596,intenso,PREEMPCAO_COMPENSADA,38,A1_O3,27
596,intenso,PREEMPCAO_COMPENSADA,38,A1_O4,26
596,intenso,PREEMPCAO_COMPENSADA,38,A2_L0,28
596,intenso,PREEMPCAO_COMPENSADA,38,A2_L1,27
596,intenso,PREEMPCAO_COMPENSADA,38,A2_L2,28
596,intenso,PREEMPCAO_COMPENSADA,38,A2_L3,29
596,intenso,PREEMPCAO_COMPENSADA,38,A2_O1,27
596,intenso,PREEMPCAO_COMPENSADA,38,A2_O2,27
596,intenso,PREEMPCAO_COMPENSADA,38,A2_O3,30
596,intenso,PREEMPCAO_COMPENSADA,38,A2_O4,26
596,intenso,PREEMPCAO_COMPENSADA,38,T1_N1,15
596,intenso,PREEMPCAO_COMPENSADA,38,T1_N2,15
596,intenso,PREEMPCAO_COMPENSADA,38,T1_S0,15
596,intenso,PREEMPCAO_COMPENSADA,38,T1_S1,15
596,intenso,PREEMPCAO_COMPENSADA,38,T2_N1,14
596,intenso,PREEMPCAO_COMPENSADA,38,T2_N2,15
596,intenso,PREEMPCAO_COMPENSADA,38,T2_S0,11
596,intenso,PREEMPCAO_COMPENSADA,38,T2_S1,13
596,intenso,PREEMPCAO_COMPENSADA,38,T3_N1,15
596,intenso,PREEMPCAO_COMPENSADA,38,T3_N2,11
596,intenso,PREEMPCAO_COMPENSADA,38,T3_S0,14
596,intenso,PREEMPCAO_COMPENSADA,38,T3_S1,14
596,intenso,PREEMPCAO_COMPENSADA,38,T4_N1,13
596,intenso,PREEMPCAO_COMPENSADA,38,T4_N2,14
596,intenso,PREEMPCAO_COMPENSADA,38,T4_S0,15
596,intenso,PREEMPCAO_COMPENSADA,38,T4_S1,15
597,multiplas_emergencias,FIXO,38,A1_L0,13
597,multiplas_emergencias,FIXO,38,A1_L1,22
597,multiplas_emergencias,FIXO,38,A1_L2,22
597,multiplas_emergencias,FIXO,38,A1_L3,22
597,multiplas_emergencias,FIXO,38,A1_O1,23
597,multiplas_emergencias,FIXO,38,A1_O2,23
597,multiplas_emergencias,FIXO,38,A1_O3,23
597,multiplas_emergencias,FIXO,38,A1_O4,16
597,multiplas_emergencias,FIXO,38,A2_L0,13
597,multiplas_emergencias,FIXO,38,A2_L1,23
597,multiplas_emergencias,FIXO,38,A2_L2,23
597,multiplas_emergencias,FIXO,38,A2_L3,23
597,multiplas_emergencias,FIXO,38,A2_O1,22
597,multiplas_emergencias,FIXO,38,A2_O2,22
597,multiplas_emergencias,FIXO,38,A2_O3,21
597,multiplas_emergencias,FIXO,38,A2_O4,13
597,multiplas_emergencias,FIXO,38,T1_N1,8
597,multiplas_emergencias,FIXO,38,T1_N2,9
597,multiplas_emergencias,FIXO,38,T1_S0,8
597,multiplas_emergencias,FIXO,38,T1_S1,8
597,multiplas_emergencias,FIXO,38,T2_N1,9
597,multiplas_emergencias,FIXO,38,T2_N2,8
597,multiplas_emergencias,FIXO,38,T2_S0,7
597,multiplas_emergencias,FIXO,38,T2_S1,8
597,multiplas_emergencias,FIXO,38,T3_N1,8
597,multiplas_emergencias,FIXO,38,T3_N2,8
597,multiplas_emergencias,FIXO,38,T3_S0,8
597,multiplas_emergencias,FIXO,38,T3_S1,9
597,multiplas_emergencias,FIXO,38,T4_N1,8
597,multiplas_emergencias,FIXO,38,T4_N2,11
597,multiplas_emergencias,FIXO,38,T4_S0,10
597,multiplas_emergencias,FIXO,38,T4_S1,9
598,multiplas_emergencias,PREEMPCAO,38,A1_L0,13
598,multiplas_emergencias,PREEMPCAO,38,A1_L1,22
598,multiplas_emergencias,PREEMPCAO,38,A1_L2,22
598,multiplas_emergencias,PREEMPCAO,38,A1_L3,16
598,multiplas_emergencias,PREEMPCAO,38,A1_O1,20
598,multiplas_emergencias,PREEMPCAO,38,A1_O2,19
598,multiplas_emergencias,PREEMPCAO,38,A1_O3,19
598,multiplas_emergencias,PREEMPCAO,38,A1_O4,14
598,multiplas_emergencias,PREEMPCAO,38,A2_L0,12
598,multiplas_emergencias,PREEMPCAO,38,A2_L1,23
598,multiplas_emergencias,PREEMPCAO,38,A2_L2,23
598,multiplas_emergencias,PREEMPCAO,38,A2_L3,23
598,multiplas_emergencias,PREEMPCAO,38,A2_O1,20
598,multiplas_emergencias,PREEMPCAO,38,A2_O2,21
598,multiplas_emergencias,PREEMPCAO,38,A2_O3,20
598,multiplas_emergencias,PREEMPCAO,38,A2_O4,14
598,multiplas_emergencias,PREEMPCAO,38,T1_N1,10
598,multiplas_emergencias,PREEMPCAO,38,T1_N2,6
598,multiplas_emergencias,PREEMPCAO,38,T1_S0,11
598,multiplas_emergencias,PREEMPCAO,38,T1_S1,8
598,multiplas_emergencias,PREEMPCAO,38,T2_N1,10
598,multiplas_emergencias,PREEMPCAO,38,T2_N2,11
598,multiplas_emergencias,PREEMPCAO,38,T2_S0,10
598,multiplas_emergencias,PREEMPCAO,38,T2_S1,15
598,multiplas_emergencias,PREEMPCAO,38,T3_N1,10
598,multiplas_emergencias,PREEMPCAO,38,T3_N2,10
598,multiplas_emergencias,PREEMPCAO,38,T3_S0,7
598,multiplas_emergencias,PREEMPCAO,38,T3_S1,10
598,multiplas_emergencias,PREEMPCAO,38,T4_N1,11
598,multiplas_emergencias,PREEMPCAO,38,T4_N2,9
598,multiplas_emergencias,PREEMPCAO,38,T4_S0,10
598,multiplas_emergencias,PREEMPCAO,38,T4_S1,13
599,multiplas_emergencias,PREEMPCAO_COMPENSADA,38,A1_L0,16
599,multiplas_emergencias,PREEMPCAO_COMPENSADA,38,A1_L1,22
599,multiplas_emergencias,PREEMPCAO_COMPENSADA,38,A1_L2,22
599,multiplas_emergencias,PREEMPCAO_COMPENSADA,38,A1_L3,22
599,multiplas_emergencias,PREEMPCAO_COMPENSADA,38,A1_O1,24
599,multiplas_emergencias,PREEMPCAO_COMPENSADA,38,A1_O2,22
599,multiplas_emergencias,PREEMPCAO_COMPENSADA,38,A1_O3,15
599,multiplas_emergencias,PREEMPCAO_COMPENSADA,38,A1_O4,14
599,multiplas_emergencias,PREEMPCAO_COMPENSADA,38,A2_L0,13
599,multiplas_emergencias,PREEMPCAO_COMPENSADA,38,A2_L1,26
599,multiplas_emergencias,PREEMPCAO_COMPENSADA,38,A2_L2,23
599,multiplas_emergencias,PREEMPCAO_COMPENSADA,38,A2_L3,23
599,multiplas_emergencias,PREEMPCAO_COMPENSADA,38,A2_O1,21
599,multiplas_emergencias,PREEMPCAO_COMPENSADA,38,A2_O2,16
599,multiplas_emergencias,PREEMPCAO_COMPENSADA,38,A2_O3,16
599,multiplas_emergencias,PREEMPCAO_COMPENSADA,38,A2_O4,14
599,multiplas_emergencias,PREEMPCAO_COMPENSADA,38,T1_N1,10
599,multiplas_emergencias,PREEMPCAO_COMPENSADA,38,T1_N2,10
599,multiplas_emergencias,PREEMPCAO_COMPENSADA,38,T1_S0,9
599,multiplas_emergencias,PREEMPCAO_COMPENSADA,38,T1_S1,11
599,multiplas_emergencias,PREEMPCAO_COMPENSADA,38,T2_N1,12
599,multiplas_emergencias,PREEMPCAO_COMPENSADA,38,T2_N2,9
599,multiplas_emergencias,PREEMPCAO_COMPENSADA,38,T2_S0,11
599,multiplas_emergencias,PREEMPCAO_COMPENSADA,38,T2_S1,15
599,multiplas_emergencias,PREEMPCAO_COMPENSADA,38,T3_N1,8
599,multiplas_emergencias,PREEMPCAO_COMPENSADA,38,T3_N2,10
599,multiplas_emergencias,PREEMPCAO_COMPENSADA,38,T3_S0,7
599,multiplas_emergencias,PREEMPCAO_COMPENSADA,38,T3_S1,9
599,multiplas_emergencias,PREEMPCAO_COMPENSADA,38,T4_N1,10
599,multiplas_emergencias,PREEMPCAO_COMPENSADA,38,T4_N2,9
599,multiplas_emergencias,PREEMPCAO_COMPENSADA,38,T4_S0,10
599,multiplas_emergencias,PREEMPCAO_COMPENSADA,38,T4_S1,13
600,multiplas_emergencias,PREEMPCAO_ML,38,A1_L0,13
600,multiplas_emergencias,PREEMPCAO_ML,38,A1_L1,22
600,multiplas_emergencias,PREEMPCAO_ML,38,A1_L2,22
600,multiplas_emergencias,PREEMPCAO_ML,38,A1_L3,22
600,multiplas_emergencias,PREEMPCAO_ML,38,A1_O1,17
600,multiplas_emergencias,PREEMPCAO_ML,38,A1_O2,15
600,multiplas_emergencias,PREEMPCAO_ML,38,A1_O3,21
600,multiplas_emergencias,PREEMPCAO_ML,38,A1_O4,16
600,multiplas_emergencias,PREEMPCAO_ML,38,A2_L0,11
600,multiplas_emergencias,PREEMPCAO_ML,38,A2_L1,23
600,multiplas_emergencias,PREEMPCAO_ML,38,A2_L2,23
600,multiplas_emergencias,PREEMPCAO_ML,38,A2_L3,23
600,multiplas_emergencias,PREEMPCAO_ML,38,A2_O1,17
600,multiplas_emergencias,PREEMPCAO_ML,38,A2_O2,17
600,multiplas_emergencias,PREEMPCAO_ML,38,A2_O3,17
600,multiplas_emergencias,PREEMPCAO_ML,38,A2_O4,16
600,multiplas_emergencias,PREEMPCAO_ML,38,T1_N1,11
600,multiplas_emergencias,PREEMPCAO_ML,38,T1_N2,9
600,multiplas_emergencias,PREEMPCAO_ML,38,T1_S0,11
600,multiplas_emergencias,PREEMPCAO_ML,38,T1_S1,9
600,multiplas_emergencias,PREEMPCAO_ML,38,T2_N1,12
600,multiplas_emergencias,PREEMPCAO_ML,38,T2_N2,7
600,multiplas_emergencias,PREEMPCAO_ML,38,T2_S0,7
600,multiplas_emergencias,PREEMPCAO_ML,38,T2_S1,12
600,multiplas_emergencias,PREEMPCAO_ML,38,T3_N1,12
600,multiplas_emergencias,PREEMPCAO_ML,38,T3_N2,11
600,multiplas_emergencias,PREEMPCAO_ML,38,T3_S0,7
600,multiplas_emergencias,PREEMPCAO_ML,38,T3_S1,12
600,multiplas_emergencias,PREEMPCAO_ML,38,T4_N1,10
600,multiplas_emergencias,PREEMPCAO_ML,38,T4_N2,8
600,multiplas_emergencias,PREEMPCAO_ML,38,T4_S0,10
600,multiplas_emergencias,PREEMPCAO_ML,38,T4_S1,9
601,leve,FIXO,39,A1_L0,7
601,leve,FIXO,39,A1_L1,11
601,leve,FIXO,39,A1_L2,11
601,leve,FIXO,39,A1_L3,11
601,leve,FIXO,39,A1_O1,12
601,leve,FIXO,39,A1_O2,12
601,leve,FIXO,39,A1_O3,12
601,leve,FIXO,39,A1_O4,8
601,leve,FIXO,39,A2_L0,7
601,leve,FIXO,39,A2_L1,10
601,leve,FIXO,39,A2_L2,10
601,leve,FIXO,39,A2_L3,10
601,leve,FIXO,39,A2_O1,12
601,leve,FIXO,39,A2_O2,12
601,leve,FIXO,39,A2_O3,12
601,leve,FIXO,39,A2_O4,8
601,leve,FIXO,39,T1_N1,7
601,leve,FIXO,39,T1_N2,5
601,leve,FIXO,39,T1_S0,4
601,leve,FIXO,39,T1_S1,5
601,leve,FIXO,39,T2_N1,6
601,leve,FIXO,39,T2_N2,4
601,leve,FIXO,39,T2_S0,5
601,leve,FIXO,39,T2_S1,7
601,leve,FIXO,39,T3_N1,7
601,leve,FIXO,39,T3_N2,6
601,leve,FIXO,39,T3_S0,4
601,leve,FIXO,39,T3_S1,7
601,leve,FIXO,39,T4_N1,5
601,leve,FIXO,39,T4_N2,4
601,leve,FIXO,39,T4_S0,3
601,leve,FIXO,39,T4_S1,5
602,leve,PREEMPCAO,39,A1_L0,7
602,leve,PREEMPCAO,39,A1_L1,12
602,leve,PREEMPCAO,39,A1_L2,12
602,leve,PREEMPCAO,39,A1_L3,12
602,leve,PREEMPCAO,39,A1_O1,10
602,leve,PREEMPCAO,39,A1_O2,10
602,leve,PREEMPCAO,39,A1_O3,9
602,leve,PREEMPCAO,39,A1_O4,7
602,leve,PREEMPCAO,39,A2_L0,8
602,leve,PREEMPCAO,39,A2_L1,9
602,leve,PREEMPCAO,39,A2_L2,9
602,leve,PREEMPCAO,39,A2_L3,8
602,leve,PREEMPCAO,39,A2_O1,9
602,leve,PREEMPCAO,39,A2_O2,9
602,leve,PREEMPCAO,39,A2_O3,12
602,leve,PREEMPCAO,39,A2_O4,7
602,leve,PREEMPCAO,39,T1_N1,7
602,leve,PREEMPCAO,39,T1_N2,5
602,leve,PREEMPCAO,39,T1_S0,5
602,leve,PREEMPCAO,39,T1_S1,5
602,leve,PREEMPCAO,39,T2_N1,8
602,leve,PREEMPCAO,39,T2_N2,5
602,leve,PREEMPCAO,39,T2_S0,5
602,leve,PREEMPCAO,39,T2_S1,7
602,leve,PREEMPCAO,39,T3_N1,7
602,leve,PREEMPCAO,39,T3_N2,5
602,leve,PREEMPCAO,39,T3_S0,3
602,leve,PREEMPCAO,39,T3_S1,7
602,leve,PREEMPCAO,39,T4_N1,5
602,leve,PREEMPCAO,39,T4_N2,4
602,leve,PREEMPCAO,39,T4_S0,4
602,leve,PREEMPCAO,39,T4_S1,5
603,leve,PREEMPCAO_COMPENSADA,39,A1_L0,7
603,leve,PREEMPCAO_COMPENSADA,39,A1_L1,9
603,leve,PREEMPCAO_COMPENSADA,39,A1_L2,11
603,leve,PREEMPCAO_COMPENSADA,39,A1_L3,9
603,leve,PREEMPCAO_COMPENSADA,39,A1_O1,10
603,leve,PREEMPCAO_COMPENSADA,39,A1_O2,11
603,leve,PREEMPCAO_COMPENSADA,39,A1_O3,11
603,leve,PREEMPCAO_COMPENSADA,39,A1_O4,7
603,leve,PREEMPCAO_COMPENSADA,39,A2_L0,8
603,leve,PREEMPCAO_COMPENSADA,39,A2_L1,9
603,leve,PREEMPCAO_COMPENSADA,39,A2_L2,10
603,leve,PREEMPCAO_COMPENSADA,39,A2_L3,9
603,leve,PREEMPCAO_COMPENSADA,39,A2_O1,9
603,leve,PREEMPCAO_COMPENSADA,39,A2_O2,10
603,leve,PREEMPCAO_COMPENSADA,39,A2_O3,10
603,leve,PREEMPCAO_COMPENSADA,39,A2_O4,5
603,leve,PREEMPCAO_COMPENSADA,39,T1_N1,6
603,leve,PREEMPCAO_COMPENSADA,39,T1_N2,5
603,leve,PREEMPCAO_COMPENSADA,39,T1_S0,4
603,leve,PREEMPCAO_COMPENSADA,39,T1_S1,6
603,leve,PREEMPCAO_COMPENSADA,39,T2_N1,6
603,leve,PREEMPCAO_COMPENSADA,39,T2_N2,5
603,leve,PREEMPCAO_COMPENSADA,39,T2_S0,6
603,leve,PREEMPCAO_COMPENSADA,39,T2_S1,6
603,leve,PREEMPCAO_COMPENSADA,39,T3_N1,7
603,leve,PREEMPCAO_COMPENSADA,39,T3_N2,4
603,leve,PREEMPCAO_COMPENSADA,39,T3_S0,5
603,leve,PREEMPCAO_COMPENSADA,39,T3_S1,5
603,leve,PREEMPCAO_COMPENSADA,39,T4_N1,5
603,leve,PREEMPCAO_COMPENSADA,39,T4_N2,4
603,leve,PREEMPCAO_COMPENSADA,39,T4_S0,4
603,leve,PREEMPCAO_COMPENSADA,39,T4_S1,5
604,moderado,FIXO,39,A1_L0,14
604,moderado,FIXO,39,A1_L1,20
604,moderado,FIXO,39,A1_L2,20
604,moderado,FIXO,39,A1_L3,20
604,moderado,FIXO,39,A1_O1,20
604,moderado,FIXO,39,A1_O2,20
604,moderado,FIXO,39,A1_O3,20
604,moderado,FIXO,39,A1_O4,12
604,moderado,FIXO,39,A2_L0,15
604,moderado,FIXO,39,A2_L1,26
604,moderado,FIXO,39,A2_L2,25
604,moderado,FIXO,39,A2_L3,26
604,moderado,FIXO,39,A2_O1,20
604,moderado,FIXO,39,A2_O2,20
604,moderado,FIXO,39,A2_O3,20
604,moderado,FIXO,39,A2_O4,12
604,moderado,FIXO,39,T1_N1,9
604,moderado,FIXO,39,T1_N2,10
604,moderado,FIXO,39,T1_S0,7
604,moderado,FIXO,39,T1_S1,8
604,moderado,FIXO,39,T2_N1,8
604,moderado,FIXO,39,T2_N2,6
604,moderado,FIXO,39,T2_S0,8
604,moderado,FIXO,39,T2_S1,8
604,moderado,FIXO,39,T3_N1,8
604,moderado,FIXO,39,T3_N2,11
604,moderado,FIXO,39,T3_S0,9
604,moderado,FIXO,39,T3_S1,9
604,moderado,FIXO,39,T4_N1,8
604,moderado,FIXO,39,T4_N2,10
604,moderado,FIXO,39,T4_S0,9
604,moderado,FIXO,39,T4_S1,8
605,moderado,PREEMPCAO,39,A1_L0,13
605,moderado,PREEMPCAO,39,A1_L1,21
605,moderado,PREEMPCAO,39,A1_L2,17
605,moderado,PREEMPCAO,39,A1_L3,17
605,moderado,PREEMPCAO,39,A1_O1,24
605,moderado,PREEMPCAO,39,A1_O2,16
605,moderado,PREEMPCAO,39,A1_O3,20
605,moderado,PREEMPCAO,39,A1_O4,14
605,moderado,PREEMPCAO,39,A2_L0,14
605,moderado,PREEMPCAO,39,A2_L1,23
605,moderado,PREEMPCAO,39,A2_L2,21
605,moderado,PREEMPCAO,39,A2_L3,26
605,moderado,PREEMPCAO,39,A2_O1,17
605,moderado,PREEMPCAO,39,A2_O2,14
605,moderado,PREEMPCAO,39,A2_O3,19
605,moderado,PREEMPCAO,39,A2_O4,17
605,moderado,PREEMPCAO,39,T1_N1,9
605,moderado,PREEMPCAO,39,T1_N2,10
605,moderado,PREEMPCAO,39,T1_S0,8
605,moderado,PREEMPCAO,39,T1_S1,10
605,moderado,PREEMPCAO,39,T2_N1,12
605,moderado,PREEMPCAO,39,T2_N2,9
605,moderado,PREEMPCAO,39,T2_S0,8
605,moderado,PREEMPCAO,39,T2_S1,8
605,moderado,PREEMPCAO,39,T3_N1,12
605,moderado,PREEMPCAO,39,T3_N2,10
605,moderado,PREEMPCAO,39,T3_S0,11
605,moderado,PREEMPCAO,39,T3_S1,8
605,moderado,PREEMPCAO,39,T4_N1,6
605,moderado,PREEMPCAO,39,T4_N2,10
605,moderado,PREEMPCAO,39,T4_S0,7
605,moderado,PREEMPCAO,39,T4_S1,10
606,moderado,PREEMPCAO_COMPENSADA,39,A1_L0,15
606,moderado,PREEMPCAO_COMPENSADA,39,A1_L1,17
606,moderado,PREEMPCAO_COMPENSADA,39,A1_L2,19
606,moderado,PREEMPCAO_COMPENSADA,39,A1_L3,17
606,moderado,PREEMPCAO_COMPENSADA,39,A1_O1,19
606,moderado,PREEMPCAO_COMPENSADA,39,A1_O2,19
606,moderado,PREEMPCAO_COMPENSADA,39,A1_O3,20
606,moderado,PREEMPCAO_COMPENSADA,39,A1_O4,16
606,moderado,PREEMPCAO_COMPENSADA,39,A2_L0,17
606,moderado,PREEMPCAO_COMPENSADA,39,A2_L1,23
606,moderado,PREEMPCAO_COMPENSADA,39,A2_L2,21
606,moderado,PREEMPCAO_COMPENSADA,39,A2_L3,20
606,moderado,PREEMPCAO_COMPENSADA,39,A2_O1,17
606,moderado,PREEMPCAO_COMPENSADA,39,A2_O2,17
606,moderado,PREEMPCAO_COMPENSADA,39,A2_O3,21
606,moderado,PREEMPCAO_COMPENSADA,39,A2_O4,16
606,moderado,PREEMPCAO_COMPENSADA,39,T1_N1,9
606,moderado,PREEMPCAO_COMPENSADA,39,T1_N2,10
606,moderado,PREEMPCAO_COMPENSADA,39,T1_S0,7
606,moderado,PREEMPCAO_COMPENSADA,39,T1_S1,10
606,moderado,PREEMPCAO_COMPENSADA,39,T2_N1,9
606,moderado,PREEMPCAO_COMPENSADA,39,T2_N2,9
606,moderado,PREEMPCAO_COMPENSADA,39,T2_S0,6
606,moderado,PREEMPCAO_COMPENSADA,39,T2_S1,11
606,moderado,PREEMPCAO_COMPENSADA,39,T3_N1,9
606,moderado,PREEMPCAO_COMPENSADA,39,T3_N2,10
606,moderado,PREEMPCAO_COMPENSADA,39,T3_S0,11
606,moderado,PREEMPCAO_COMPENSADA,39,T3_S1,10
606,moderado,PREEMPCAO_COMPENSADA,39,T4_N1,8
606,moderado,PREEMPCAO_COMPENSADA,39,T4_N2,9
606,moderado,PREEMPCAO_COMPENSADA,39,T4_S0,7
606,moderado,PREEMPCAO_COMPENSADA,39,T4_S1,12
607,intenso,FIXO,39,A1_L0,20
607,intenso,FIXO,39,A1_L1,28
607,intenso,FIXO,39,A1_L2,28
607,intenso,FIXO,39,A1_L3,28
607,intenso,FIXO,39,A1_O1,28
607,intenso,FIXO,39,A1_O2,28
607,intenso,FIXO,39,A1_O3,28
607,intenso,FIXO,39,A1_O4,28
607,intenso,FIXO,39,A2_L0,22
607,intenso,FIXO,39,A2_L1,28
607,intenso,FIXO,39,A2_L2,28
607,intenso,FIXO,39,A2_L3,28
607,intenso,FIXO,39,A2_O1,28
607,intenso,FIXO,39,A2_O2,28
607,intenso,FIXO,39,A2_O3,27
607,intenso,FIXO,39,A2_O4,22
607,intenso,FIXO,39,T1_N1,9
607,intenso,FIXO,39,T1_N2,15
607,intenso,FIXO,39,T1_S0,14
607,intenso,FIXO,39,T1_S1,9
607,intenso,FIXO,39,T2_N1,9
607,intenso,FIXO,39,T2_N2,10
607,intenso,FIXO,39,T2_S0,14
607,intenso,FIXO,39,T2_S1,9
607,intenso,FIXO,39,T3_N1,9
607,intenso,FIXO,39,T3_N2,13
607,intenso,FIXO,39,T3_S0,14
607,intenso,FIXO,39,T3_S1,9
607,intenso,FIXO,39,T4_N1,10
607,intenso,FIXO,39,T4_N2,15
607,intenso,FIXO,39,T4_S0,15
607,intenso,FIXO,39,T4_S1,10
608,intenso,PREEMPCAO,39,A1_L0,20
608,intenso,PREEMPCAO,39,A1_L1,26
608,intenso,PREEMPCAO,39,A1_L2,26
608,intenso,PREEMPCAO,39,A1_L3,27
608,intenso,PREEMPCAO,39,A1_O1,28
608,intenso,PREEMPCAO,39,A1_O2,30
608,intenso,PREEMPCAO,39,A1_O3,25
608,intenso,PREEMPCAO,39,A1_O4,28
608,intenso,PREEMPCAO,39,A2_L0,26
608,intenso,PREEMPCAO,39,A2_L1,26
608,intenso,PREEMPCAO,39,A2_L2,26
608,intenso,PREEMPCAO,39,A2_L3,29
608,intenso,PREEMPCAO,39,A2_O1,26
608,intenso,PREEMPCAO,39,A2_O2,26
608,intenso,PREEMPCAO,39,A2_O3,25
608,intenso,PREEMPCAO,39,A2_O4,22
608,intenso,PREEMPCAO,39,T1_N1,15
608,intenso,PREEMPCAO,39,T1_N2,15
608,intenso,PREEMPCAO,39,T1_S0,15
608,intenso,PREEMPCAO,39,T1_S1,15
608,intenso,PREEMPCAO,39,T2_N1,13
608,intenso,PREEMPCAO,39,T2_N2,12
608,intenso,PREEMPCAO,39,T2_S0,14
608,intenso,PREEMPCAO,39,T2_S1,13
608,intenso,PREEMPCAO,39,T3_N1,11
608,intenso,PREEMPCAO,39,T3_N2,13
608,intenso,PREEMPCAO,39,T3_S0,15
608,intenso,PREEMPCAO,39,T3_S1,13
608,intenso,PREEMPCAO,39,T4_N1,13
608,intenso,PREEMPCAO,39,T4_N2,15
608,intenso,PREEMPCAO,39,T4_S0,15
608,intenso,PREEMPCAO,39,T4_S1,12
609,intenso,PREEMPCAO_COMPENSADA,39,A1_L0,27
609,intenso,PREEMPCAO_COMPENSADA,39,A1_L1,26
609,intenso,PREEMPCAO_COMPENSADA,39,A1_L2,26
609,intenso,PREEMPCAO_COMPENSADA,39,A1_L3,28
609,intenso,PREEMPCAO_COMPENSADA,39,A1_O1,29
609,intenso,PREEMPCAO_COMPENSADA,39,A1_O2,30
609,intenso,PREEMPCAO_COMPENSADA,39,A1_O3,27
609,intenso,PREEMPCAO_COMPENSADA,39,A1_O4,30
609,intenso,PREEMPCAO_COMPENSADA,39,A2_L0,26
609,intenso,PREEMPCAO_COMPENSADA,39,A2_L1,28
609,intenso,PREEMPCAO_COMPENSADA,39,A2_L2,26
609,intenso,PREEMPCAO_COMPENSADA,39,A2_L3,29
609,intenso,PREEMPCAO_COMPENSADA,39,A2_O1,28
609,intenso,PREEMPCAO_COMPENSADA,39,A2_O2,26
609,intenso,PREEMPCAO_COMPENSADA,39,A2_O3,30
609,intenso,PREEMPCAO_COMPENSADA,39,A2_O4,24
609,intenso,PREEMPCAO_COMPENSADA,39,T1_N1,14
609,intenso,PREEMPCAO_COMPENSADA,39,T1_N2,15
609,intenso,PREEMPCAO_COMPENSADA,39,T1_S0,15
609,intenso,PREEMPCAO_COMPENSADA,39,T1_S1,14
609,intenso,PREEMPCAO_COMPENSADA,39,T2_N1,14
609,intenso,PREEMPCAO_COMPENSADA,39,T2_N2,11
609,intenso,PREEMPCAO_COMPENSADA,39,T2_S0,15
609,intenso,PREEMPCAO_COMPENSADA,39,T2_S1,15
609,intenso,PREEMPCAO_COMPENSADA,39,T3_N1,11
609,intenso,PREEMPCAO_COMPENSADA,39,T3_N2,13
609,intenso,PREEMPCAO_COMPENSADA,39,T3_S0,15
609,intenso,PREEMPCAO_COMPENSADA,39,T3_S1,15
609,intenso,PREEMPCAO_COMPENSADA,39,T4_N1,15
609,intenso,PREEMPCAO_COMPENSADA,39,T4_N2,15
609,intenso,PREEMPCAO_COMPENSADA,39,T4_S0,15
609,intenso,PREEMPCAO_COMPENSADA,39,T4_S1,13
610,multiplas_emergencias,FIXO,39,A1_L0,14
610,multiplas_emergencias,FIXO,39,A1_L1,20
610,multiplas_emergencias,FIXO,39,A1_L2,20
610,multiplas_emergencias,FIXO,39,A1_L3,20
610,multiplas_emergencias,FIXO,39,A1_O1,21
610,multiplas_emergencias,FIXO,39,A1_O2,21
610,multiplas_emergencias,FIXO,39,A1_O3,21
610,multiplas_emergencias,FIXO,39,A1_O4,12
610,multiplas_emergencias,FIXO,39,A2_L0,15
610,multiplas_emergencias,FIXO,39,A2_L1,26
610,multiplas_emergencias,FIXO,39,A2_L2,26
610,multiplas_emergencias,FIXO,39,A2_L3,27
610,multiplas_emergencias,FIXO,39,A2_O1,20
610,multiplas_emergencias,FIXO,39,A2_O2,20
610,multiplas_emergencias,FIXO,39,A2_O3,20
610,multiplas_emergencias,FIXO,39,A2_O4,12
610,multiplas_emergencias,FIXO,39,T1_N1,9
610,multiplas_emergencias,FIXO,39,T1_N2,10
610,multiplas_emergencias,FIXO,39,T1_S0,7
610,multiplas_emergencias,FIXO,39,T1_S1,8
610,multiplas_emergencias,FIXO,39,T2_N1,8
610,multiplas_emergencias,FIXO,39,T2_N2,6
610,multiplas_emergencias,FIXO,39,T2_S0,8
610,multiplas_emergencias,FIXO,39,T2_S1,8
610,multiplas_emergencias,FIXO,39,T3_N1,8
610,multiplas_emergencias,FIXO,39,T3_N2,11
610,multiplas_emergencias,FIXO,39,T3_S0,9
610,multiplas_emergencias,FIXO,39,T3_S1,9
610,multiplas_emergencias,FIXO,39,T4_N1,8
610,multiplas_emergencias,FIXO,39,T4_N2,10
610,multiplas_emergencias,FIXO,39,T4_S0,9
610,multiplas_emergencias,FIXO,39,T4_S1,8
611,multiplas_emergencias,PREEMPCAO,39,A1_L0,13
611,multiplas_emergencias,PREEMPCAO,39,A1_L1,21
611,multiplas_emergencias,PREEMPCAO,39,A1_L2,17
611,multiplas_emergencias,PREEMPCAO,39,A1_L3,17
611,multiplas_emergencias,PREEMPCAO,39,A1_O1,26
611,multiplas_emergencias,PREEMPCAO,39,A1_O2,16
611,multiplas_emergencias,PREEMPCAO,39,A1_O3,22
611,multiplas_emergencias,PREEMPCAO,39,A1_O4,17
611,multiplas_emergencias,PREEMPCAO,39,A2_L0,16
611,multiplas_emergencias,PREEMPCAO,39,A2_L1,23
611,multiplas_emergencias,PREEMPCAO,39,A2_L2,24
611,multiplas_emergencias,PREEMPCAO,39,A2_L3,20
611,multiplas_emergencias,PREEMPCAO,39,A2_O1,14
611,multiplas_emergencias,PREEMPCAO,39,A2_O2,18
611,multiplas_emergencias,PREEMPCAO,39,A2_O3,20
611,multiplas_emergencias,PREEMPCAO,39,A2_O4,13
611,multiplas_emergencias,PREEMPCAO,39,T1_N1,12
611,multiplas_emergencias,PREEMPCAO,39,T1_N2,11
611,multiplas_emergencias,PREEMPCAO,39,T1_S0,8
611,multiplas_emergencias,PREEMPCAO,39,T1_S1,10
611,multiplas_emergencias,PREEMPCAO,39,T2_N1,9
611,multiplas_emergencias,PREEMPCAO,39,T2_N2,10
611,multiplas_emergencias,PREEMPCAO,39,T2_S0,8
611,multiplas_emergencias,PREEMPCAO,39,T2_S1,10
611,multiplas_emergencias,PREEMPCAO,39,T3_N1,13
611,multiplas_emergencias,PREEMPCAO,39,T3_N2,13
611,multiplas_emergencias,PREEMPCAO,39,T3_S0,12
611,multiplas_emergencias,PREEMPCAO,39,T3_S1,12
611,multiplas_emergencias,PREEMPCAO,39,T4_N1,10
611,multiplas_emergencias,PREEMPCAO,39,T4_N2,9
611,multiplas_emergencias,PREEMPCAO,39,T4_S0,7
611,multiplas_emergencias,PREEMPCAO,39,T4_S1,11
612,multiplas_emergencias,PREEMPCAO_COMPENSADA,39,A1_L0,15
612,multiplas_emergencias,PREEMPCAO_COMPENSADA,39,A1_L1,17
612,multiplas_emergencias,PREEMPCAO_COMPENSADA,39,A1_L2,17
612,multiplas_emergencias,PREEMPCAO_COMPENSADA,39,A1_L3,17
612,multiplas_emergencias,PREEMPCAO_COMPENSADA,39,A1_O1,22
612,multiplas_emergencias,PREEMPCAO_COMPENSADA,39,A1_O2,20
612,multiplas_emergencias,PREEMPCAO_COMPENSADA,39,A1_O3,18
612,multiplas_emergencias,PREEMPCAO_COMPENSADA,39,A1_O4,16
612,multiplas_emergencias,PREEMPCAO_COMPENSADA,39,A2_L0,15
612,multiplas_emergencias,PREEMPCAO_COMPENSADA,39,A2_L1,22
612,multiplas_emergencias,PREEMPCAO_COMPENSADA,39,A2_L2,27
612,multiplas_emergencias,PREEMPCAO_COMPENSADA,39,A2_L3,20
612,multiplas_emergencias,PREEMPCAO_COMPENSADA,39,A2_O1,17
612,multiplas_emergencias,PREEMPCAO_COMPENSADA,39,A2_O2,17
612,multiplas_emergencias,PREEMPCAO_COMPENSADA,39,A2_O3,19
612,multiplas_emergencias,PREEMPCAO_COMPENSADA,39,A2_O4,13
612,multiplas_emergencias,PREEMPCAO_COMPENSADA,39,T1_N1,12
612,multiplas_emergencias,PREEMPCAO_COMPENSADA,39,T1_N2,10
612,multiplas_emergencias,PREEMPCAO_COMPENSADA,39,T1_S0,7
612,multiplas_emergencias,PREEMPCAO_COMPENSADA,39,T1_S1,9
612,multiplas_emergencias,PREEMPCAO_COMPENSADA,39,T2_N1,12
612,multiplas_emergencias,PREEMPCAO_COMPENSADA,39,T2_N2,11
612,multiplas_emergencias,PREEMPCAO_COMPENSADA,39,T2_S0,7
612,multiplas_emergencias,PREEMPCAO_COMPENSADA,39,T2_S1,9
612,multiplas_emergencias,PREEMPCAO_COMPENSADA,39,T3_N1,12
612,multiplas_emergencias,PREEMPCAO_COMPENSADA,39,T3_N2,9
612,multiplas_emergencias,PREEMPCAO_COMPENSADA,39,T3_S0,14
612,multiplas_emergencias,PREEMPCAO_COMPENSADA,39,T3_S1,14
612,multiplas_emergencias,PREEMPCAO_COMPENSADA,39,T4_N1,12
612,multiplas_emergencias,PREEMPCAO_COMPENSADA,39,T4_N2,10
612,multiplas_emergencias,PREEMPCAO_COMPENSADA,39,T4_S0,9
612,multiplas_emergencias,PREEMPCAO_COMPENSADA,39,T4_S1,10
613,multiplas_emergencias,PREEMPCAO_ML,39,A1_L0,13
613,multiplas_emergencias,PREEMPCAO_ML,39,A1_L1,21
613,multiplas_emergencias,PREEMPCAO_ML,39,A1_L2,18
613,multiplas_emergencias,PREEMPCAO_ML,39,A1_L3,17
613,multiplas_emergencias,PREEMPCAO_ML,39,A1_O1,19
613,multiplas_emergencias,PREEMPCAO_ML,39,A1_O2,20
613,multiplas_emergencias,PREEMPCAO_ML,39,A1_O3,18
613,multiplas_emergencias,PREEMPCAO_ML,39,A1_O4,13
613,multiplas_emergencias,PREEMPCAO_ML,39,A2_L0,14
613,multiplas_emergencias,PREEMPCAO_ML,39,A2_L1,23
613,multiplas_emergencias,PREEMPCAO_ML,39,A2_L2,23
613,multiplas_emergencias,PREEMPCAO_ML,39,A2_L3,20
613,multiplas_emergencias,PREEMPCAO_ML,39,A2_O1,14
613,multiplas_emergencias,PREEMPCAO_ML,39,A2_O2,14
613,multiplas_emergencias,PREEMPCAO_ML,39,A2_O3,18
613,multiplas_emergencias,PREEMPCAO_ML,39,A2_O4,15
613,multiplas_emergencias,PREEMPCAO_ML,39,T1_N1,10
613,multiplas_emergencias,PREEMPCAO_ML,39,T1_N2,11
613,multiplas_emergencias,PREEMPCAO_ML,39,T1_S0,8
613,multiplas_emergencias,PREEMPCAO_ML,39,T1_S1,9
613,multiplas_emergencias,PREEMPCAO_ML,39,T2_N1,9
613,multiplas_emergencias,PREEMPCAO_ML,39,T2_N2,9
613,multiplas_emergencias,PREEMPCAO_ML,39,T2_S0,7
613,multiplas_emergencias,PREEMPCAO_ML,39,T2_S1,6
613,multiplas_emergencias,PREEMPCAO_ML,39,T3_N1,7
613,multiplas_emergencias,PREEMPCAO_ML,39,T3_N2,13
613,multiplas_emergencias,PREEMPCAO_ML,39,T3_S0,10
613,multiplas_emergencias,PREEMPCAO_ML,39,T3_S1,11
613,multiplas_emergencias,PREEMPCAO_ML,39,T4_N1,12
613,multiplas_emergencias,PREEMPCAO_ML,39,T4_N2,9
613,multiplas_emergencias,PREEMPCAO_ML,39,T4_S0,8
613,multiplas_emergencias,PREEMPCAO_ML,39,T4_S1,8
614,leve,FIXO,40,A1_L0,8
614,leve,FIXO,40,A1_L1,12
614,leve,FIXO,40,A1_L2,12
614,leve,FIXO,40,A1_L3,12
614,leve,FIXO,40,A1_O1,11
614,leve,FIXO,40,A1_O2,11
614,leve,FIXO,40,A1_O3,11
614,leve,FIXO,40,A1_O4,5
614,leve,FIXO,40,A2_L0,8
614,leve,FIXO,40,A2_L1,11
614,leve,FIXO,40,A2_L2,11
614,leve,FIXO,40,A2_L3,11
614,leve,FIXO,40,A2_O1,14
614,leve,FIXO,40,A2_O2,14
614,leve,FIXO,40,A2_O3,14
614,leve,FIXO,40,A2_O4,8
614,leve,FIXO,40,T1_N1,6
614,leve,FIXO,40,T1_N2,5
614,leve,FIXO,40,T1_S0,4
614,leve,FIXO,40,T1_S1,6
614,leve,FIXO,40,T2_N1,5
614,leve,FIXO,40,T2_N2,4
614,leve,FIXO,40,T2_S0,4
614,leve,FIXO,40,T2_S1,7
614,leve,FIXO,40,T3_N1,5
614,leve,FIXO,40,T3_N2,5
614,leve,FIXO,40,T3_S0,6
614,leve,FIXO,40,T3_S1,6
614,leve,FIXO,40,T4_N1,7
614,leve,FIXO,40,T4_N2,5
614,leve,FIXO,40,T4_S0,3
614,leve,FIXO,40,T4_S1,5
615,leve,PREEMPCAO,40,A1_L0,6
615,leve,PREEMPCAO,40,A1_L1,8
615,leve,PREEMPCAO,40,A1_L2,7
615,leve,PREEMPCAO,40,A1_L3,7
615,leve,PREEMPCAO,40,A1_O1,10
615,leve,PREEMPCAO,40,A1_O2,11
615,leve,PREEMPCAO,40,A1_O3,7
615,leve,PREEMPCAO,40,A1_O4,8
615,leve,PREEMPCAO,40,A2_L0,8
615,leve,PREEMPCAO,40,A2_L1,9
615,leve,PREEMPCAO,40,A2_L2,9
615,leve,PREEMPCAO,40,A2_L3,9
615,leve,PREEMPCAO,40,A2_O1,10
615,leve,PREEMPCAO,40,A2_O2,10
615,leve,PREEMPCAO,40,A2_O3,11
615,leve,PREEMPCAO,40,A2_O4,9
615,leve,PREEMPCAO,40,T1_N1,5
615,leve,PREEMPCAO,40,T1_N2,4
615,leve,PREEMPCAO,40,T1_S0,6
615,leve,PREEMPCAO,40,T1_S1,6
615,leve,PREEMPCAO,40,T2_N1,4
615,leve,PREEMPCAO,40,T2_N2,5
615,leve,PREEMPCAO,40,T2_S0,5
615,leve,PREEMPCAO,40,T2_S1,5
615,leve,PREEMPCAO,40,T3_N1,4
615,leve,PREEMPCAO,40,T3_N2,5
615,leve,PREEMPCAO,40,T3_S0,5
615,leve,PREEMPCAO,40,T3_S1,5
615,leve,PREEMPCAO,40,T4_N1,7
615,leve,PREEMPCAO,40,T4_N2,6
615,leve,PREEMPCAO,40,T4_S0,5
615,leve,PREEMPCAO,40,T4_S1,6
616,leve,PREEMPCAO_COMPENSADA,40,A1_L0,7
616,leve,PREEMPCAO_COMPENSADA,40,A1_L1,7
616,leve,PREEMPCAO_COMPENSADA,40,A1_L2,8
616,leve,PREEMPCAO_COMPENSADA,40,A1_L3,11
616,leve,PREEMPCAO_COMPENSADA,40,A1_O1,13
616,leve,PREEMPCAO_COMPENSADA,40,A1_O2,13
616,leve,PREEMPCAO_COMPENSADA,40,A1_O3,10
616,leve,PREEMPCAO_COMPENSADA,40,A1_O4,8
616,leve,PREEMPCAO_COMPENSADA,40,A2_L0,8
616,leve,PREEMPCAO_COMPENSADA,40,A2_L1,9
616,leve,PREEMPCAO_COMPENSADA,40,A2_L2,11
616,leve,PREEMPCAO_COMPENSADA,40,A2_L3,11
616,leve,PREEMPCAO_COMPENSADA,40,A2_O1,10
616,leve,PREEMPCAO_COMPENSADA,40,A2_O2,10
616,leve,PREEMPCAO_COMPENSADA,40,A2_O3,11
616,leve,PREEMPCAO_COMPENSADA,40,A2_O4,9
616,leve,PREEMPCAO_COMPENSADA,40,T1_N1,5
616,leve,PREEMPCAO_COMPENSADA,40,T1_N2,4
616,leve,PREEMPCAO_COMPENSADA,40,T1_S0,4
616,leve,PREEMPCAO_COMPENSADA,40,T1_S1,5
616,leve,PREEMPCAO_COMPENSADA,40,T2_N1,6
616,leve,PREEMPCAO_COMPENSADA,40,T2_N2,3
616,leve,PREEMPCAO_COMPENSADA,40,T2_S0,5
616,leve,PREEMPCAO_COMPENSADA,40,T2_S1,5
616,leve,PREEMPCAO_COMPENSADA,40,T3_N1,4
616,leve,PREEMPCAO_COMPENSADA,40,T3_N2,5
616,leve,PREEMPCAO_COMPENSADA,40,T3_S0,5
616,leve,PREEMPCAO_COMPENSADA,40,T3_S1,4
616,leve,PREEMPCAO_COMPENSADA,40,T4_N1,7
616,leve,PREEMPCAO_COMPENSADA,40,T4_N2,5
616,leve,PREEMPCAO_COMPENSADA,40,T4_S0,6
616,leve,PREEMPCAO_COMPENSADA,40,T4_S1,7
617,moderado,FIXO,40,A1_L0,14
617,moderado,FIXO,40,A1_L1,23
617,moderado,FIXO,40,A1_L2,23
617,moderado,FIXO,40,A1_L3,23
617,moderado,FIXO,40,A1_O1,23
617,moderado,FIXO,40,A1_O2,23
617,moderado,FIXO,40,A1_O3,23
617,moderado,FIXO,40,A1_O4,15
617,moderado,FIXO,40,A2_L0,14
617,moderado,FIXO,40,A2_L1,20
617,moderado,FIXO,40,A2_L2,20
617,moderado,FIXO,40,A2_L3,20
617,moderado,FIXO,40,A2_O1,22
617,moderado,FIXO,40,A2_O2,22
617,moderado,FIXO,40,A2_O3,22
617,moderado,FIXO,40,A2_O4,13
617,moderado,FIXO,40,T1_N1,10
617,moderado,FIXO,40,T1_N2,8
617,moderado,FIXO,40,T1_S0,7
617,moderado,FIXO,40,T1_S1,7
617,moderado,FIXO,40,T2_N1,9
617,moderado,FIXO,40,T2_N2,8
617,moderado,FIXO,40,T2_S0,11
617,moderado,FIXO,40,T2_S1,9
617,moderado,FIXO,40,T3_N1,8
617,moderado,FIXO,40,T3_N2,9
617,moderado,FIXO,40,T3_S0,8
617,moderado,FIXO,40,T3_S1,8
617,moderado,FIXO,40,T4_N1,8
617,moderado,FIXO,40,T4_N2,8
617,moderado,FIXO,40,T4_S0,8
617,moderado,FIXO,40,T4_S1,8
618,moderado,PREEMPCAO,40,A1_L0,13
618,moderado,PREEMPCAO,40,A1_L1,15
618,moderado,PREEMPCAO,40,A1_L2,19
618,moderado,PREEMPCAO,40,A1_L3,22
618,moderado,PREEMPCAO,40,A1_O1,22
618,moderado,PREEMPCAO,40,A1_O2,22
618,moderado,PREEMPCAO,40,A1_O3,22
618,moderado,PREEMPCAO,40,A1_O4,13
618,moderado,PREEMPCAO,40,A2_L0,13
618,moderado,PREEMPCAO,40,A2_L1,19
618,moderado,PREEMPCAO,40,A2_L2,19
618,moderado,PREEMPCAO,40,A2_L3,24
618,moderado,PREEMPCAO,40,A2_O1,22
618,moderado,PREEMPCAO,40,A2_O2,22
618,moderado,PREEMPCAO,40,A2_O3,22
618,moderado,PREEMPCAO,40,A2_O4,14
618,moderado,PREEMPCAO,40,T1_N1,9
618,moderado,PREEMPCAO,40,T1_N2,8
618,moderado,PREEMPCAO,40,T1_S0,9
618,moderado,PREEMPCAO,40,T1_S1,8
618,moderado,PREEMPCAO,40,T2_N1,7
618,moderado,PREEMPCAO,40,T2_N2,8
618,moderado,PREEMPCAO,40,T2_S0,9
618,moderado,PREEMPCAO,40,T2_S1,12
618,moderado,PREEMPCAO,40,T3_N1,8
618,moderado,PREEMPCAO,40,T3_N2,9
618,moderado,PREEMPCAO,40,T3_S0,7
618,moderado,PREEMPCAO,40,T3_S1,10
618,moderado,PREEMPCAO,40,T4_N1,9
618,moderado,PREEMPCAO,40,T4_N2,7
618,moderado,PREEMPCAO,40,T4_S0,9
618,moderado,PREEMPCAO,40,T4_S1,10
619,moderado,PREEMPCAO_COMPENSADA,40,A1_L0,14
619,moderado,PREEMPCAO_COMPENSADA,40,A1_L1,21
619,moderado,PREEMPCAO_COMPENSADA,40,A1_L2,17
619,moderado,PREEMPCAO_COMPENSADA,40,A1_L3,22
619,moderado,PREEMPCAO_COMPENSADA,40,A1_O1,22
619,moderado,PREEMPCAO_COMPENSADA,40,A1_O2,22
619,moderado,PREEMPCAO_COMPENSADA,40,A1_O3,22
619,moderado,PREEMPCAO_COMPENSADA,40,A1_O4,16
619,moderado,PREEMPCAO_COMPENSADA,40,A2_L0,15
619,moderado,PREEMPCAO_COMPENSADA,40,A2_L1,19
619,moderado,PREEMPCAO_COMPENSADA,40,A2_L2,19
619,moderado,PREEMPCAO_COMPENSADA,40,A2_L3,24
619,moderado,PREEMPCAO_COMPENSADA,40,A2_O1,22
619,moderado,PREEMPCAO_COMPENSADA,40,A2_O2,22
619,moderado,PREEMPCAO_COMPENSADA,40,A2_O3,22
619,moderado,PREEMPCAO_COMPENSADA,40,A2_O4,15
619,moderado,PREEMPCAO_COMPENSADA,40,T1_N1,10
619,moderado,PREEMPCAO_COMPENSADA,40,T1_N2,8
619,moderado,PREEMPCAO_COMPENSADA,40,T1_S0,9
619,moderado,PREEMPCAO_COMPENSADA,40,T1_S1,10
619,moderado,PREEMPCAO_COMPENSADA,40,T2_N1,9
619,moderado,PREEMPCAO_COMPENSADA,40,T2_N2,8
619,moderado,PREEMPCAO_COMPENSADA,40,T2_S0,9
619,moderado,PREEMPCAO_COMPENSADA,40,T2_S1,11
619,moderado,PREEMPCAO_COMPENSADA,40,T3_N1,8
619,moderado,PREEMPCAO_COMPENSADA,40,T3_N2,8
619,moderado,PREEMPCAO_COMPENSADA,40,T3_S0,8
619,moderado,PREEMPCAO_COMPENSADA,40,T3_S1,10
619,moderado,PREEMPCAO_COMPENSADA,40,T4_N1,11
619,moderado,PREEMPCAO_COMPENSADA,40,T4_N2,9
619,moderado,PREEMPCAO_COMPENSADA,40,T4_S0,10
619,moderado,PREEMPCAO_COMPENSADA,40,T4_S1,14
620,intenso,FIXO,40,A1_L0,28
620,intenso,FIXO,40,A1_L1,28
620,intenso,FIXO,40,A1_L2,28
620,intenso,FIXO,40,A1_L3,28
620,intenso,FIXO,40,A1_O1,28
620,intenso,FIXO,40,A1_O2,28
620,intenso,FIXO,40,A1_O3,28
620,intenso,FIXO,40,A1_O4,21
620,intenso,FIXO,40,A2_L0,22
620,intenso,FIXO,40,A2_L1,28
620,intenso,FIXO,40,A2_L2,28
620,intenso,FIXO,40,A2_L3,28
620,intenso,FIXO,40,A2_O1,28
620,intenso,FIXO,40,A2_O2,28
620,intenso,FIXO,40,A2_O3,28
620,intenso,FIXO,40,A2_O4,21
620,intenso,FIXO,40,T1_N1,10
620,intenso,FIXO,40,T1_N2,15
620,intenso,FIXO,40,T1_S0,15
620,intenso,FIXO,40,T1_S1,12
620,intenso,FIXO,40,T2_N1,10
620,intenso,FIXO,40,T2_N2,15
620,intenso,FIXO,40,T2_S0,12
620,intenso,FIXO,40,T2_S1,10
620,intenso,FIXO,40,T3_N1,9
620,intenso,FIXO,40,T3_N2,14
620,intenso,FIXO,40,T3_S0,15
620,intenso,FIXO,40,T3_S1,9
620,intenso,FIXO,40,T4_N1,9
620,intenso,FIXO,40,T4_N2,15
620,intenso,FIXO,40,T4_S0,14
620,intenso,FIXO,40,T4_S1,10
621,intenso,PREEMPCAO,40,A1_L0,28
621,intenso,PREEMPCAO,40,A1_L1,26
621,intenso,PREEMPCAO,40,A1_L2,25
621,intenso,PREEMPCAO,40,A1_L3,27
621,intenso,PREEMPCAO,40,A1_O1,21
621,intenso,PREEMPCAO,40,A1_O2,26
621,intenso,PREEMPCAO,40,A1_O3,27
621,intenso,PREEMPCAO,40,A1_O4,20
621,intenso,PREEMPCAO,40,A2_L0,20
621,intenso,PREEMPCAO,40,A2_L1,26
621,intenso,PREEMPCAO,40,A2_L2,28
621,intenso,PREEMPCAO,40,A2_L3,30
621,intenso,PREEMPCAO,40,A2_O1,28
621,intenso,PREEMPCAO,40,A2_O2,25
621,intenso,PREEMPCAO,40,A2_O3,28
621,intenso,PREEMPCAO,40,A2_O4,20
621,intenso,PREEMPCAO,40,T1_N1,11
621,intenso,PREEMPCAO,40,T1_N2,15
621,intenso,PREEMPCAO,40,T1_S0,15
621,intenso,PREEMPCAO,40,T1_S1,15
621,intenso,PREEMPCAO,40,T2_N1,14
621,intenso,PREEMPCAO,40,T2_N2,15
621,intenso,PREEMPCAO,40,T2_S0,11
621,intenso,PREEMPCAO,40,T2_S1,13
621,intenso,PREEMPCAO,40,T3_N1,15
621,intenso,PREEMPCAO,40,T3_N2,15
621,intenso,PREEMPCAO,40,T3_S0,15
621,intenso,PREEMPCAO,40,T3_S1,13
621,intenso,PREEMPCAO,40,T4_N1,11
621,intenso,PREEMPCAO,40,T4_N2,14
621,intenso,PREEMPCAO,40,T4_S0,15
621,intenso,PREEMPCAO,40,T4_S1,13
622,intenso,PREEMPCAO_COMPENSADA,40,A1_L0,30
622,intenso,PREEMPCAO_COMPENSADA,40,A1_L1,29
622,intenso,PREEMPCAO_COMPENSADA,40,A1_L2,25
622,intenso,PREEMPCAO_COMPENSADA,40,A1_L3,28
622,intenso,PREEMPCAO_COMPENSADA,40,A1_O1,26
622,intenso,PREEMPCAO_COMPENSADA,40,A1_O2,26
622,intenso,PREEMPCAO_COMPENSADA,40,A1_O3,28
622,intenso,PREEMPCAO_COMPENSADA,40,A1_O4,25
622,intenso,PREEMPCAO_COMPENSADA,40,A2_L0,26
622,intenso,PREEMPCAO_COMPENSADA,40,A2_L1,28
622,intenso,PREEMPCAO_COMPENSADA,40,A2_L2,28
622,intenso,PREEMPCAO_COMPENSADA,40,A2_L3,29
622,intenso,PREEMPCAO_COMPENSADA,40,A2_O1,29
622,intenso,PREEMPCAO_COMPENSADA,40,A2_O2,27
622,intenso,PREEMPCAO_COMPENSADA,40,A2_O3,28
622,intenso,PREEMPCAO_COMPENSADA,40,A2_O4,21
622,intenso,PREEMPCAO_COMPENSADA,40,T1_N1,14
622,intenso,PREEMPCAO_COMPENSADA,40,T1_N2,15
622,intenso,PREEMPCAO_COMPENSADA,40,T1_S0,14
622,intenso,PREEMPCAO_COMPENSADA,40,T1_S1,15
622,intenso,PREEMPCAO_COMPENSADA,40,T2_N1,14
622,intenso,PREEMPCAO_COMPENSADA,40,T2_N2,14
622,intenso,PREEMPCAO_COMPENSADA,40,T2_S0,11
622,intenso,PREEMPCAO_COMPENSADA,40,T2_S1,13
622,intenso,PREEMPCAO_COMPENSADA,40,T3_N1,14
622,intenso,PREEMPCAO_COMPENSADA,40,T3_N2,15
622,intenso,PREEMPCAO_COMPENSADA,40,T3_S0,15
622,intenso,PREEMPCAO_COMPENSADA,40,T3_S1,15
622,intenso,PREEMPCAO_COMPENSADA,40,T4_N1,12
622,intenso,PREEMPCAO_COMPENSADA,40,T4_N2,15
622,intenso,PREEMPCAO_COMPENSADA,40,T4_S0,14
622,intenso,PREEMPCAO_COMPENSADA,40,T4_S1,15
623,multiplas_emergencias,FIXO,40,A1_L0,14
623,multiplas_emergencias,FIXO,40,A1_L1,23
623,multiplas_emergencias,FIXO,40,A1_L2,23
623,multiplas_emergencias,FIXO,40,A1_L3,23
623,multiplas_emergencias,FIXO,40,A1_O1,23
623,multiplas_emergencias,FIXO,40,A1_O2,23
623,multiplas_emergencias,FIXO,40,A1_O3,23
623,multiplas_emergencias,FIXO,40,A1_O4,15
623,multiplas_emergencias,FIXO,40,A2_L0,14
623,multiplas_emergencias,FIXO,40,A2_L1,20
623,multiplas_emergencias,FIXO,40,A2_L2,20
623,multiplas_emergencias,FIXO,40,A2_L3,20
623,multiplas_emergencias,FIXO,40,A2_O1,22
623,multiplas_emergencias,FIXO,40,A2_O2,22
623,multiplas_emergencias,FIXO,40,A2_O3,22
623,multiplas_emergencias,FIXO,40,A2_O4,13
623,multiplas_emergencias,FIXO,40,T1_N1,10
623,multiplas_emergencias,FIXO,40,T1_N2,8
623,multiplas_emergencias,FIXO,40,T1_S0,7
623,multiplas_emergencias,FIXO,40,T1_S1,7
623,multiplas_emergencias,FIXO,40,T2_N1,9
623,multiplas_emergencias,FIXO,40,T2_N2,8
623,multiplas_emergencias,FIXO,40,T2_S0,11
623,multiplas_emergencias,FIXO,40,T2_S1,12
623,multiplas_emergencias,FIXO,40,T3_N1,8
623,multiplas_emergencias,FIXO,40,T3_N2,9
623,multiplas_emergencias,FIXO,40,T3_S0,8
623,multiplas_emergencias,FIXO,40,T3_S1,8
623,multiplas_emergencias,FIXO,40,T4_N1,8
623,multiplas_emergencias,FIXO,40,T4_N2,8
623,multiplas_emergencias,FIXO,40,T4_S0,8
623,multiplas_emergencias,FIXO,40,T4_S1,8
624,multiplas_emergencias,PREEMPCAO,40,A1_L0,13
624,multiplas_emergencias,PREEMPCAO,40,A1_L1,15
624,multiplas_emergencias,PREEMPCAO,40,A1_L2,16
624,multiplas_emergencias,PREEMPCAO,40,A1_L3,15
624,multiplas_emergencias,PREEMPCAO,40,A1_O1,22
624,multiplas_emergencias,PREEMPCAO,40,A1_O2,22
624,multiplas_emergencias,PREEMPCAO,40,A1_O3,22
624,multiplas_emergencias,PREEMPCAO,40,A1_O4,13
624,multiplas_emergencias,PREEMPCAO,40,A2_L0,14
624,multiplas_emergencias,PREEMPCAO,40,A2_L1,19
624,multiplas_emergencias,PREEMPCAO,40,A2_L2,19
624,multiplas_emergencias,PREEMPCAO,40,A2_L3,19
624,multiplas_emergencias,PREEMPCAO,40,A2_O1,18
624,multiplas_emergencias,PREEMPCAO,40,A2_O2,20
624,multiplas_emergencias,PREEMPCAO,40,A2_O3,20
624,multiplas_emergencias,PREEMPCAO,40,A2_O4,14
624,multiplas_emergencias,PREEMPCAO,40,T1_N1,10
624,multiplas_emergencias,PREEMPCAO,40,T1_N2,10
624,multiplas_emergencias,PREEMPCAO,40,T1_S0,9
624,multiplas_emergencias,PREEMPCAO,40,T1_S1,8
624,multiplas_emergencias,PREEMPCAO,40,T2_N1,9
624,multiplas_emergencias,PREEMPCAO,40,T2_N2,8
624,multiplas_emergencias,PREEMPCAO,40,T2_S0,9
624,multiplas_emergencias,PREEMPCAO,40,T2_S1,8
624,multiplas_emergencias,PREEMPCAO,40,T3_N1,9
624,multiplas_emergencias,PREEMPCAO,40,T3_N2,9
624,multiplas_emergencias,PREEMPCAO,40,T3_S0,7
624,multiplas_emergencias,PREEMPCAO,40,T3_S1,10
624,multiplas_emergencias,PREEMPCAO,40,T4_N1,12
624,multiplas_emergencias,PREEMPCAO,40,T4_N2,7
624,multiplas_emergencias,PREEMPCAO,40,T4_S0,8
624,multiplas_emergencias,PREEMPCAO,40,T4_S1,11
625,multiplas_emergencias,PREEMPCAO_COMPENSADA,40,A1_L0,14
625,multiplas_emergencias,PREEMPCAO_COMPENSADA,40,A1_L1,20
625,multiplas_emergencias,PREEMPCAO_COMPENSADA,40,A1_L2,19
625,multiplas_emergencias,PREEMPCAO_COMPENSADA,40,A1_L3,20
625,multiplas_emergencias,PREEMPCAO_COMPENSADA,40,A1_O1,25
625,multiplas_emergencias,PREEMPCAO_COMPENSADA,40,A1_O2,22
625,multiplas_emergencias,PREEMPCAO_COMPENSADA,40,A1_O3,22
625,multiplas_emergencias,PREEMPCAO_COMPENSADA,40,A1_O4,18
625,multiplas_emergencias,PREEMPCAO_COMPENSADA,40,A2_L0,14
625,multiplas_emergencias,PREEMPCAO_COMPENSADA,40,A2_L1,19
625,multiplas_emergencias,PREEMPCAO_COMPENSADA,40,A2_L2,21
625,multiplas_emergencias,PREEMPCAO_COMPENSADA,40,A2_L3,21
625,multiplas_emergencias,PREEMPCAO_COMPENSADA,40,A2_O1,21
625,multiplas_emergencias,PREEMPCAO_COMPENSADA,40,A2_O2,18
625,multiplas_emergencias,PREEMPCAO_COMPENSADA,40,A2_O3,20
625,multiplas_emergencias,PREEMPCAO_COMPENSADA,40,A2_O4,13
625,multiplas_emergencias,PREEMPCAO_COMPENSADA,40,T1_N1,9
625,multiplas_emergencias,PREEMPCAO_COMPENSADA,40,T1_N2,9
625,multiplas_emergencias,PREEMPCAO_COMPENSADA,40,T1_S0,9
625,multiplas_emergencias,PREEMPCAO_COMPENSADA,40,T1_S1,10
625,multiplas_emergencias,PREEMPCAO_COMPENSADA,40,T2_N1,12
625,multiplas_emergencias,PREEMPCAO_COMPENSADA,40,T2_N2,9
625,multiplas_emergencias,PREEMPCAO_COMPENSADA,40,T2_S0,12
625,multiplas_emergencias,PREEMPCAO_COMPENSADA,40,T2_S1,11
625,multiplas_emergencias,PREEMPCAO_COMPENSADA,40,T3_N1,9
625,multiplas_emergencias,PREEMPCAO_COMPENSADA,40,T3_N2,9
625,multiplas_emergencias,PREEMPCAO_COMPENSADA,40,T3_S0,9
625,multiplas_emergencias,PREEMPCAO_COMPENSADA,40,T3_S1,11
625,multiplas_emergencias,PREEMPCAO_COMPENSADA,40,T4_N1,8
625,multiplas_emergencias,PREEMPCAO_COMPENSADA,40,T4_N2,6
625,multiplas_emergencias,PREEMPCAO_COMPENSADA,40,T4_S0,10
625,multiplas_emergencias,PREEMPCAO_COMPENSADA,40,T4_S1,10
626,multiplas_emergencias,PREEMPCAO_ML,40,A1_L0,13
626,multiplas_emergencias,PREEMPCAO_ML,40,A1_L1,18
626,multiplas_emergencias,PREEMPCAO_ML,40,A1_L2,18
626,multiplas_emergencias,PREEMPCAO_ML,40,A1_L3,22
626,multiplas_emergencias,PREEMPCAO_ML,40,A1_O1,22
626,multiplas_emergencias,PREEMPCAO_ML,40,A1_O2,26
626,multiplas_emergencias,PREEMPCAO_ML,40,A1_O3,23
626,multiplas_emergencias,PREEMPCAO_ML,40,A1_O4,14
626,multiplas_emergencias,PREEMPCAO_ML,40,A2_L0,12
626,multiplas_emergencias,PREEMPCAO_ML,40,A2_L1,20
626,multiplas_emergencias,PREEMPCAO_ML,40,A2_L2,19
626,multiplas_emergencias,PREEMPCAO_ML,40,A2_L3,20
626,multiplas_emergencias,PREEMPCAO_ML,40,A2_O1,16
626,multiplas_emergencias,PREEMPCAO_ML,40,A2_O2,17
626,multiplas_emergencias,PREEMPCAO_ML,40,A2_O3,22
626,multiplas_emergencias,PREEMPCAO_ML,40,A2_O4,13
626,multiplas_emergencias,PREEMPCAO_ML,40,T1_N1,9
626,multiplas_emergencias,PREEMPCAO_ML,40,T1_N2,10
626,multiplas_emergencias,PREEMPCAO_ML,40,T1_S0,9
626,multiplas_emergencias,PREEMPCAO_ML,40,T1_S1,8
626,multiplas_emergencias,PREEMPCAO_ML,40,T2_N1,10
626,multiplas_emergencias,PREEMPCAO_ML,40,T2_N2,8
626,multiplas_emergencias,PREEMPCAO_ML,40,T2_S0,9
626,multiplas_emergencias,PREEMPCAO_ML,40,T2_S1,10
626,multiplas_emergencias,PREEMPCAO_ML,40,T3_N1,8
626,multiplas_emergencias,PREEMPCAO_ML,40,T3_N2,9
626,multiplas_emergencias,PREEMPCAO_ML,40,T3_S0,7
626,multiplas_emergencias,PREEMPCAO_ML,40,T3_S1,8
626,multiplas_emergencias,PREEMPCAO_ML,40,T4_N1,12
626,multiplas_emergencias,PREEMPCAO_ML,40,T4_N2,8
626,multiplas_emergencias,PREEMPCAO_ML,40,T4_S0,9
626,multiplas_emergencias,PREEMPCAO_ML,40,T4_S1,8
627,leve,FIXO,41,A1_L0,7
627,leve,FIXO,41,A1_L1,9
627,leve,FIXO,41,A1_L2,9
627,leve,FIXO,41,A1_L3,9
627,leve,FIXO,41,A1_O1,12
627,leve,FIXO,41,A1_O2,12
627,leve,FIXO,41,A1_O3,12
627,leve,FIXO,41,A1_O4,7
627,leve,FIXO,41,A2_L0,8
627,leve,FIXO,41,A2_L1,11
627,leve,FIXO,41,A2_L2,11
627,leve,FIXO,41,A2_L3,11
627,leve,FIXO,41,A2_O1,12
627,leve,FIXO,41,A2_O2,12
627,leve,FIXO,41,A2_O3,12
627,leve,FIXO,41,A2_O4,8
627,leve,FIXO,41,T1_N1,7
627,leve,FIXO,41,T1_N2,5
627,leve,FIXO,41,T1_S0,5
627,leve,FIXO,41,T1_S1,6
627,leve,FIXO,41,T2_N1,7
627,leve,FIXO,41,T2_N2,5
627,leve,FIXO,41,T2_S0,5
627,leve,FIXO,41,T2_S1,6
627,leve,FIXO,41,T3_N1,7
627,leve,FIXO,41,T3_N2,4
627,leve,FIXO,41,T3_S0,6
627,leve,FIXO,41,T3_S1,6
627,leve,FIXO,41,T4_N1,7
627,leve,FIXO,41,T4_N2,6
627,leve,FIXO,41,T4_S0,3
627,leve,FIXO,41,T4_S1,5
628,leve,PREEMPCAO,41,A1_L0,8
628,leve,PREEMPCAO,41,A1_L1,12
628,leve,PREEMPCAO,41,A1_L2,8
628,leve,PREEMPCAO,41,A1_L3,11
628,leve,PREEMPCAO,41,A1_O1,9
628,leve,PREEMPCAO,41,A1_O2,10
628,leve,PREEMPCAO,41,A1_O3,11
628,leve,PREEMPCAO,41,A1_O4,7
628,leve,PREEMPCAO,41,A2_L0,7
628,leve,PREEMPCAO,41,A2_L1,9
628,leve,PREEMPCAO,41,A2_L2,11
628,leve,PREEMPCAO,41,A2_L3,11
628,leve,PREEMPCAO,41,A2_O1,7
628,leve,PREEMPCAO,41,A2_O2,7
628,leve,PREEMPCAO,41,A2_O3,12
628,leve,PREEMPCAO,41,A2_O4,8
628,leve,PREEMPCAO,41,T1_N1,6
628,leve,PREEMPCAO,41,T1_N2,5
628,leve,PREEMPCAO,41,T1_S0,6
628,leve,PREEMPCAO,41,T1_S1,4
628,leve,PREEMPCAO,41,T2_N1,6
628,leve,PREEMPCAO,41,T2_N2,4
628,leve,PREEMPCAO,41,T2_S0,5
628,leve,PREEMPCAO,41,T2_S1,6
628,leve,PREEMPCAO,41,T3_N1,7
628,leve,PREEMPCAO,41,T3_N2,6
628,leve,PREEMPCAO,41,T3_S0,5
628,leve,PREEMPCAO,41,T3_S1,8
628,leve,PREEMPCAO,41,T4_N1,7
628,leve,PREEMPCAO,41,T4_N2,6
628,leve,PREEMPCAO,41,T4_S0,3
628,leve,PREEMPCAO,41,T4_S1,4
629,leve,PREEMPCAO_COMPENSADA,41,A1_L0,8
629,leve,PREEMPCAO_COMPENSADA,41,A1_L1,9
629,leve,PREEMPCAO_COMPENSADA,41,A1_L2,7
629,leve,PREEMPCAO_COMPENSADA,41,A1_L3,8
629,leve,PREEMPCAO_COMPENSADA,41,A1_O1,9
629,leve,PREEMPCAO_COMPENSADA,41,A1_O2,11
629,leve,PREEMPCAO_COMPENSADA,41,A1_O3,10
629,leve,PREEMPCAO_COMPENSADA,41,A1_O4,9
629,leve,PREEMPCAO_COMPENSADA,41,A2_L0,7
629,leve,PREEMPCAO_COMPENSADA,41,A2_L1,9
629,leve,PREEMPCAO_COMPENSADA,41,A2_L2,9
629,leve,PREEMPCAO_COMPENSADA,41,A2_L3,12
629,leve,PREEMPCAO_COMPENSADA,41,A2_O1,7
629,leve,PREEMPCAO_COMPENSADA,41,A2_O2,7
629,leve,PREEMPCAO_COMPENSADA,41,A2_O3,7
629,leve,PREEMPCAO_COMPENSADA,41,A2_O4,6
629,leve,PREEMPCAO_COMPENSADA,41,T1_N1,6
629,leve,PREEMPCAO_COMPENSADA,41,T1_N2,5
629,leve,PREEMPCAO_COMPENSADA,41,T1_S0,5
629,leve,PREEMPCAO_COMPENSADA,41,T1_S1,5
629,leve,PREEMPCAO_COMPENSADA,41,T2_N1,6
629,leve,PREEMPCAO_COMPENSADA,41,T2_N2,5
629,leve,PREEMPCAO_COMPENSADA,41,T2_S0,5
629,leve,PREEMPCAO_COMPENSADA,41,T2_S1,6
629,leve,PREEMPCAO_COMPENSADA,41,T3_N1,7
629,leve,PREEMPCAO_COMPENSADA,41,T3_N2,6
629,leve,PREEMPCAO_COMPENSADA,41,T3_S0,4
629,leve,PREEMPCAO_COMPENSADA,41,T3_S1,6
629,leve,PREEMPCAO_COMPENSADA,41,T4_N1,5
629,leve,PREEMPCAO_COMPENSADA,41,T4_N2,4
629,leve,PREEMPCAO_COMPENSADA,41,T4_S0,4
629,leve,PREEMPCAO_COMPENSADA,41,T4_S1,4
630,moderado,FIXO,41,A1_L0,15
630,moderado,FIXO,41,A1_L1,23
630,moderado,FIXO,41,A1_L2,23
630,moderado,FIXO,41,A1_L3,23
630,moderado,FIXO,41,A1_O1,23
630,moderado,FIXO,41,A1_O2,23
630,moderado,FIXO,41,A1_O3,23
630,moderado,FIXO,41,A1_O4,16
630,moderado,FIXO,41,A2_L0,13
630,moderado,FIXO,41,A2_L1,20
630,moderado,FIXO,41,A2_L2,20
630,moderado,FIXO,41,A2_L3,20
630,moderado,FIXO,41,A2_O1,23
630,moderado,FIXO,41,A2_O2,23
630,moderado,FIXO,41,A2_O3,23
630,moderado,FIXO,41,A2_O4,14
630,moderado,FIXO,41,T1_N1,10
630,moderado,FIXO,41,T1_N2,9
630,moderado,FIXO,41,T1_S0,8
630,moderado,FIXO,41,T1_S1,9
630,moderado,FIXO,41,T2_N1,9
630,moderado,FIXO,41,T2_N2,7
630,moderado,FIXO,41,T2_S0,9
630,moderado,FIXO,41,T2_S1,9
630,moderado,FIXO,41,T3_N1,9
630,moderado,FIXO,41,T3_N2,7
630,moderado,FIXO,41,T3_S0,7
630,moderado,FIXO,41,T3_S1,8
630,moderado,FIXO,41,T4_N1,8
630,moderado,FIXO,41,T4_N2,8
630,moderado,FIXO,41,T4_S0,7
630,moderado,FIXO,41,T4_S1,8
631,moderado,PREEMPCAO,41,A1_L0,12
631,moderado,PREEMPCAO,41,A1_L1,16
631,moderado,PREEMPCAO,41,A1_L2,16
631,moderado,PREEMPCAO,41,A1_L3,16
631,moderado,PREEMPCAO,41,A1_O1,12
631,moderado,PREEMPCAO,41,A1_O2,19
631,moderado,PREEMPCAO,41,A1_O3,21
631,moderado,PREEMPCAO,41,A1_O4,13
631,moderado,PREEMPCAO,41,A2_L0,16
631,moderado,PREEMPCAO,41,A2_L1,18
631,moderado,PREEMPCAO,41,A2_L2,18
631,moderado,PREEMPCAO,41,A2_L3,23
631,moderado,PREEMPCAO,41,A2_O1,17
631,moderado,PREEMPCAO,41,A2_O2,17
631,moderado,PREEMPCAO,41,A2_O3,20
631,moderado,PREEMPCAO,41,A2_O4,17
631,moderado,PREEMPCAO,41,T1_N1,11
631,moderado,PREEMPCAO,41,T1_N2,9
631,moderado,PREEMPCAO,41,T1_S0,8
631,moderado,PREEMPCAO,41,T1_S1,13
631,moderado,PREEMPCAO,41,T2_N1,11
631,moderado,PREEMPCAO,41,T2_N2,7
631,moderado,PREEMPCAO,41,T2_S0,8
631,moderado,PREEMPCAO,41,T2_S1,9
631,moderado,PREEMPCAO,41,T3_N1,9
631,moderado,PREEMPCAO,41,T3_N2,10
631,moderado,PREEMPCAO,41,T3_S0,8
631,moderado,PREEMPCAO,41,T3_S1,12
631,moderado,PREEMPCAO,41,T4_N1,6
631,moderado,PREEMPCAO,41,T4_N2,7
631,moderado,PREEMPCAO,41,T4_S0,10
631,moderado,PREEMPCAO,41,T4_S1,9
632,moderado,PREEMPCAO_COMPENSADA,41,A1_L0,16
632,moderado,PREEMPCAO_COMPENSADA,41,A1_L1,16
632,moderado,PREEMPCAO_COMPENSADA,41,A1_L2,17
632,moderado,PREEMPCAO_COMPENSADA,41,A1_L3,18
632,moderado,PREEMPCAO_COMPENSADA,41,A1_O1,16
632,moderado,PREEMPCAO_COMPENSADA,41,A1_O2,19
632,moderado,PREEMPCAO_COMPENSADA,41,A1_O3,20
632,moderado,PREEMPCAO_COMPENSADA,41,A1_O4,14
632,moderado,PREEMPCAO_COMPENSADA,41,A2_L0,14
632,moderado,PREEMPCAO_COMPENSADA,41,A2_L1,18
632,moderado,PREEMPCAO_COMPENSADA,41,A2_L2,19
632,moderado,PREEMPCAO_COMPENSADA,41,A2_L3,25
632,moderado,PREEMPCAO_COMPENSADA,41,A2_O1,17
632,moderado,PREEMPCAO_COMPENSADA,41,A2_O2,17
632,moderado,PREEMPCAO_COMPENSADA,41,A2_O3,25
632,moderado,PREEMPCAO_COMPENSADA,41,A2_O4,14
632,moderado,PREEMPCAO_COMPENSADA,41,T1_N1,7
632,moderado,PREEMPCAO_COMPENSADA,41,T1_N2,10
632,moderado,PREEMPCAO_COMPENSADA,41,T1_S0,8
632,moderado,PREEMPCAO_COMPENSADA,41,T1_S1,10
632,moderado,PREEMPCAO_COMPENSADA,41,T2_N1,8
632,moderado,PREEMPCAO_COMPENSADA,41,T2_N2,7
632,moderado,PREEMPCAO_COMPENSADA,41,T2_S0,8
632,moderado,PREEMPCAO_COMPENSADA,41,T2_S1,14
632,moderado,PREEMPCAO_COMPENSADA,41,T3_N1,13
632,moderado,PREEMPCAO_COMPENSADA,41,T3_N2,9
632,moderado,PREEMPCAO_COMPENSADA,41,T3_S0,9
632,moderado,PREEMPCAO_COMPENSADA,41,T3_S1,10
632,moderado,PREEMPCAO_COMPENSADA,41,T4_N1,9
632,moderado,PREEMPCAO_COMPENSADA,41,T4_N2,8
632,moderado,PREEMPCAO_COMPENSADA,41,T4_S0,9
632,moderado,PREEMPCAO_COMPENSADA,41,T4_S1,11
633,intenso,FIXO,41,A1_L0,22
633,intenso,FIXO,41,A1_L1,28
633,intenso,FIXO,41,A1_L2,28
633,intenso,FIXO,41,A1_L3,28
633,intenso,FIXO,41,A1_O1,28
633,intenso,FIXO,41,A1_O2,28
633,intenso,FIXO,41,A1_O3,27
633,intenso,FIXO,41,A1_O4,20
633,intenso,FIXO,41,A2_L0,24
633,intenso,FIXO,41,A2_L1,28
633,intenso,FIXO,41,A2_L2,27
633,intenso,FIXO,41,A2_L3,28
633,intenso,FIXO,41,A2_O1,28
633,intenso,FIXO,41,A2_O2,28
633,intenso,FIXO,41,A2_O3,28
633,intenso,FIXO,41,A2_O4,23
633,intenso,FIXO,41,T1_N1,12
633,intenso,FIXO,41,T1_N2,13
633,intenso,FIXO,41,T1_S0,13
633,intenso,FIXO,41,T1_S1,10
633,intenso,FIXO,41,T2_N1,9
633,intenso,FIXO,41,T2_N2,12
633,intenso,FIXO,41,T2_S0,13
633,intenso,FIXO,41,T2_S1,9
633,intenso,FIXO,41,T3_N1,9
633,intenso,FIXO,41,T3_N2,12
633,intenso,FIXO,41,T3_S0,15
633,intenso,FIXO,41,T3_S1,9
633,intenso,FIXO,41,T4_N1,9
633,intenso,FIXO,41,T4_N2,14
633,intenso,FIXO,41,T4_S0,15
633,intenso,FIXO,41,T4_S1,10
634,intenso,PREEMPCAO,41,A1_L0,19
634,intenso,PREEMPCAO,41,A1_L1,25
634,intenso,PREEMPCAO,41,A1_L2,25
634,intenso,PREEMPCAO,41,A1_L3,25
634,intenso,PREEMPCAO,41,A1_O1,25
634,intenso,PREEMPCAO,41,A1_O2,25
634,intenso,PREEMPCAO,41,A1_O3,25
634,intenso,PREEMPCAO,41,A1_O4,20
634,intenso,PREEMPCAO,41,A2_L0,27
634,intenso,PREEMPCAO,41,A2_L1,27
634,intenso,PREEMPCAO,41,A2_L2,27
634,intenso,PREEMPCAO,41,A2_L3,28
634,intenso,PREEMPCAO,41,A2_O1,25
634,intenso,PREEMPCAO,41,A2_O2,25
634,intenso,PREEMPCAO,41,A2_O3,28
634,intenso,PREEMPCAO,41,A2_O4,21
634,intenso,PREEMPCAO,41,T1_N1,13
634,intenso,PREEMPCAO,41,T1_N2,14
634,intenso,PREEMPCAO,41,T1_S0,15
634,intenso,PREEMPCAO,41,T1_S1,14
634,intenso,PREEMPCAO,41,T2_N1,11
634,intenso,PREEMPCAO,41,T2_N2,13
634,intenso,PREEMPCAO,41,T2_S0,14
634,intenso,PREEMPCAO,41,T2_S1,15
634,intenso,PREEMPCAO,41,T3_N1,13
634,intenso,PREEMPCAO,41,T3_N2,12
634,intenso,PREEMPCAO,41,T3_S0,15
634,intenso,PREEMPCAO,41,T3_S1,14
634,intenso,PREEMPCAO,41,T4_N1,13
634,intenso,PREEMPCAO,41,T4_N2,14
634,intenso,PREEMPCAO,41,T4_S0,15
634,intenso,PREEMPCAO,41,T4_S1,13
635,intenso,PREEMPCAO_COMPENSADA,41,A1_L0,21
635,intenso,PREEMPCAO_COMPENSADA,41,A1_L1,25
635,intenso,PREEMPCAO_COMPENSADA,41,A1_L2,25
635,intenso,PREEMPCAO_COMPENSADA,41,A1_L3,25
635,intenso,PREEMPCAO_COMPENSADA,41,A1_O1,30
635,intenso,PREEMPCAO_COMPENSADA,41,A1_O2,27
635,intenso,PREEMPCAO_COMPENSADA,41,A1_O3,26
635,intenso,PREEMPCAO_COMPENSADA,41,A1_O4,26
635,intenso,PREEMPCAO_COMPENSADA,41,A2_L0,30
635,intenso,PREEMPCAO_COMPENSADA,41,A2_L1,27
635,intenso,PREEMPCAO_COMPENSADA,41,A2_L2,27
635,intenso,PREEMPCAO_COMPENSADA,41,A2_L3,28
635,intenso,PREEMPCAO_COMPENSADA,41,A2_O1,26
635,intenso,PREEMPCAO_COMPENSADA,41,A2_O2,25
635,intenso,PREEMPCAO_COMPENSADA,41,A2_O3,30
635,intenso,PREEMPCAO_COMPENSADA,41,A2_O4,19
635,intenso,PREEMPCAO_COMPENSADA,41,T1_N1,15
635,intenso,PREEMPCAO_COMPENSADA,41,T1_N2,15
635,intenso,PREEMPCAO_COMPENSADA,41,T1_S0,14
635,intenso,PREEMPCAO_COMPENSADA,41,T1_S1,15
635,intenso,PREEMPCAO_COMPENSADA,41,T2_N1,13
635,intenso,PREEMPCAO_COMPENSADA,41,T2_N2,14
635,intenso,PREEMPCAO_COMPENSADA,41,T2_S0,13
635,intenso,PREEMPCAO_COMPENSADA,41,T2_S1,15
635,intenso,PREEMPCAO_COMPENSADA,41,T3_N1,13
635,intenso,PREEMPCAO_COMPENSADA,41,T3_N2,11
635,intenso,PREEMPCAO_COMPENSADA,41,T3_S0,13
635,intenso,PREEMPCAO_COMPENSADA,41,T3_S1,13
635,intenso,PREEMPCAO_COMPENSADA,41,T4_N1,12
635,intenso,PREEMPCAO_COMPENSADA,41,T4_N2,15
635,intenso,PREEMPCAO_COMPENSADA,41,T4_S0,15
635,intenso,PREEMPCAO_COMPENSADA,41,T4_S1,15
636,multiplas_emergencias,FIXO,41,A1_L0,15
636,multiplas_emergencias,FIXO,41,A1_L1,23
636,multiplas_emergencias,FIXO,41,A1_L2,23
636,multiplas_emergencias,FIXO,41,A1_L3,23
636,multiplas_emergencias,FIXO,41,A1_O1,23
636,multiplas_emergencias,FIXO,41,A1_O2,23
636,multiplas_emergencias,FIXO,41,A1_O3,23
636,multiplas_emergencias,FIXO,41,A1_O4,16
636,multiplas_emergencias,FIXO,41,A2_L0,13
636,multiplas_emergencias,FIXO,41,A2_L1,20
636,multiplas_emergencias,FIXO,41,A2_L2,20
636,multiplas_emergencias,FIXO,41,A2_L3,20
636,multiplas_emergencias,FIXO,41,A2_O1,23
636,multiplas_emergencias,FIXO,41,A2_O2,23
636,multiplas_emergencias,FIXO,41,A2_O3,23
636,multiplas_emergencias,FIXO,41,A2_O4,14
636,multiplas_emergencias,FIXO,41,T1_N1,10
636,multiplas_emergencias,FIXO,41,T1_N2,9
636,multiplas_emergencias,FIXO,41,T1_S0,8
636,multiplas_emergencias,FIXO,41,T1_S1,9
636,multiplas_emergencias,FIXO,41,T2_N1,9
636,multiplas_emergencias,FIXO,41,T2_N2,7
636,multiplas_emergencias,FIXO,41,T2_S0,9
636,multiplas_emergencias,FIXO,41,T2_S1,9
636,multiplas_emergencias,FIXO,41,T3_N1,9
636,multiplas_emergencias,FIXO,41,T3_N2,7
636,multiplas_emergencias,FIXO,41,T3_S0,7
636,multiplas_emergencias,FIXO,41,T3_S1,8
636,multiplas_emergencias,FIXO,41,T4_N1,8
636,multiplas_emergencias,FIXO,41,T4_N2,8
636,multiplas_emergencias,FIXO,41,T4_S0,7
636,multiplas_emergencias,FIXO,41,T4_S1,8
637,multiplas_emergencias,PREEMPCAO,41,A1_L0,12
637,multiplas_emergencias,PREEMPCAO,41,A1_L1,16
637,multiplas_emergencias,PREEMPCAO,41,A1_L2,16
637,multiplas_emergencias,PREEMPCAO,41,A1_L3,16
637,multiplas_emergencias,PREEMPCAO,41,A1_O1,12
637,multiplas_emergencias,PREEMPCAO,41,A1_O2,19
637,multiplas_emergencias,PREEMPCAO,41,A1_O3,19
637,multiplas_emergencias,PREEMPCAO,41,A1_O4,13
637,multiplas_emergencias,PREEMPCAO,41,A2_L0,12
637,multiplas_emergencias,PREEMPCAO,41,A2_L1,19
637,multiplas_emergencias,PREEMPCAO,41,A2_L2,20
637,multiplas_emergencias,PREEMPCAO,41,A2_L3,19
637,multiplas_emergencias,PREEMPCAO,41,A2_O1,18
637,multiplas_emergencias,PREEMPCAO,41,A2_O2,20
637,multiplas_emergencias,PREEMPCAO,41,A2_O3,21
637,multiplas_emergencias,PREEMPCAO,41,A2_O4,13
637,multiplas_emergencias,PREEMPCAO,41,T1_N1,10
637,multiplas_emergencias,PREEMPCAO,41,T1_N2,9
637,multiplas_emergencias,PREEMPCAO,41,T1_S0,8
637,multiplas_emergencias,PREEMPCAO,41,T1_S1,12
637,multiplas_emergencias,PREEMPCAO,41,T2_N1,8
637,multiplas_emergencias,PREEMPCAO,41,T2_N2,9
637,multiplas_emergencias,PREEMPCAO,41,T2_S0,8
637,multiplas_emergencias,PREEMPCAO,41,T2_S1,10
637,multiplas_emergencias,PREEMPCAO,41,T3_N1,11
637,multiplas_emergencias,PREEMPCAO,41,T3_N2,9
637,multiplas_emergencias,PREEMPCAO,41,T3_S0,8
637,multiplas_emergencias,PREEMPCAO,41,T3_S1,10
637,multiplas_emergencias,PREEMPCAO,41,T4_N1,11
637,multiplas_emergencias,PREEMPCAO,41,T4_N2,8
637,multiplas_emergencias,PREEMPCAO,41,T4_S0,11
637,multiplas_emergencias,PREEMPCAO,41,T4_S1,11
638,multiplas_emergencias,PREEMPCAO_COMPENSADA,41,A1_L0,16
638,multiplas_emergencias,PREEMPCAO_COMPENSADA,41,A1_L1,21
638,multiplas_emergencias,PREEMPCAO_COMPENSADA,41,A1_L2,17
638,multiplas_emergencias,PREEMPCAO_COMPENSADA,41,A1_L3,19
638,multiplas_emergencias,PREEMPCAO_COMPENSADA,41,A1_O1,25
638,multiplas_emergencias,PREEMPCAO_COMPENSADA,41,A1_O2,22
638,multiplas_emergencias,PREEMPCAO_COMPENSADA,41,A1_O3,19
638,multiplas_emergencias,PREEMPCAO_COMPENSADA,41,A1_O4,15
638,multiplas_emergencias,PREEMPCAO_COMPENSADA,41,A2_L0,14
638,multiplas_emergencias,PREEMPCAO_COMPENSADA,41,A2_L1,19
638,multiplas_emergencias,PREEMPCAO_COMPENSADA,41,A2_L2,24
638,multiplas_emergencias,PREEMPCAO_COMPENSADA,41,A2_L3,20
638,multiplas_emergencias,PREEMPCAO_COMPENSADA,41,A2_O1,18
638,multiplas_emergencias,PREEMPCAO_COMPENSADA,41,A2_O2,20
638,multiplas_emergencias,PREEMPCAO_COMPENSADA,41,A2_O3,24
638,multiplas_emergencias,PREEMPCAO_COMPENSADA,41,A2_O4,15
638,multiplas_emergencias,PREEMPCAO_COMPENSADA,41,T1_N1,12
638,multiplas_emergencias,PREEMPCAO_COMPENSADA,41,T1_N2,12
638,multiplas_emergencias,PREEMPCAO_COMPENSADA,41,T1_S0,8
638,multiplas_emergencias,PREEMPCAO_COMPENSADA,41,T1_S1,10
638,multiplas_emergencias,PREEMPCAO_COMPENSADA,41,T2_N1,11
638,multiplas_emergencias,PREEMPCAO_COMPENSADA,41,T2_N2,8
638,multiplas_emergencias,PREEMPCAO_COMPENSADA,41,T2_S0,8
638,multiplas_emergencias,PREEMPCAO_COMPENSADA,41,T2_S1,12
638,multiplas_emergencias,PREEMPCAO_COMPENSADA,41,T3_N1,8
638,multiplas_emergencias,PREEMPCAO_COMPENSADA,41,T3_N2,9
638,multiplas_emergencias,PREEMPCAO_COMPENSADA,41,T3_S0,8
638,multiplas_emergencias,PREEMPCAO_COMPENSADA,41,T3_S1,12
638,multiplas_emergencias,PREEMPCAO_COMPENSADA,41,T4_N1,10
638,multiplas_emergencias,PREEMPCAO_COMPENSADA,41,T4_N2,9
638,multiplas_emergencias,PREEMPCAO_COMPENSADA,41,T4_S0,10
638,multiplas_emergencias,PREEMPCAO_COMPENSADA,41,T4_S1,13
639,multiplas_emergencias,PREEMPCAO_ML,41,A1_L0,12
639,multiplas_emergencias,PREEMPCAO_ML,41,A1_L1,16
639,multiplas_emergencias,PREEMPCAO_ML,41,A1_L2,16
639,multiplas_emergencias,PREEMPCAO_ML,41,A1_L3,19
639,multiplas_emergencias,PREEMPCAO_ML,41,A1_O1,20
639,multiplas_emergencias,PREEMPCAO_ML,41,A1_O2,21
639,multiplas_emergencias,PREEMPCAO_ML,41,A1_O3,21
639,multiplas_emergencias,PREEMPCAO_ML,41,A1_O4,13
639,multiplas_emergencias,PREEMPCAO_ML,41,A2_L0,11
639,multiplas_emergencias,PREEMPCAO_ML,41,A2_L1,20
639,multiplas_emergencias,PREEMPCAO_ML,41,A2_L2,24
639,multiplas_emergencias,PREEMPCAO_ML,41,A2_L3,20
639,multiplas_emergencias,PREEMPCAO_ML,41,A2_O1,16
639,multiplas_emergencias,PREEMPCAO_ML,41,A2_O2,19
639,multiplas_emergencias,PREEMPCAO_ML,41,A2_O3,20
639,multiplas_emergencias,PREEMPCAO_ML,41,A2_O4,12
639,multiplas_emergencias,PREEMPCAO_ML,41,T1_N1,8
639,multiplas_emergencias,PREEMPCAO_ML,41,T1_N2,9
639,multiplas_emergencias,PREEMPCAO_ML,41,T1_S0,8
639,multiplas_emergencias,PREEMPCAO_ML,41,T1_S1,11
639,multiplas_emergencias,PREEMPCAO_ML,41,T2_N1,11
639,multiplas_emergencias,PREEMPCAO_ML,41,T2_N2,7
639,multiplas_emergencias,PREEMPCAO_ML,41,T2_S0,7
639,multiplas_emergencias,PREEMPCAO_ML,41,T2_S1,9
639,multiplas_emergencias,PREEMPCAO_ML,41,T3_N1,10
639,multiplas_emergencias,PREEMPCAO_ML,41,T3_N2,9
639,multiplas_emergencias,PREEMPCAO_ML,41,T3_S0,8
639,multiplas_emergencias,PREEMPCAO_ML,41,T3_S1,8
639,multiplas_emergencias,PREEMPCAO_ML,41,T4_N1,11
639,multiplas_emergencias,PREEMPCAO_ML,41,T4_N2,8
639,multiplas_emergencias,PREEMPCAO_ML,41,T4_S0,11
639,multiplas_emergencias,PREEMPCAO_ML,41,T4_S1,8
640,leve,FIXO,42,A1_L0,7
640,leve,FIXO,42,A1_L1,11
640,leve,FIXO,42,A1_L2,11
640,leve,FIXO,42,A1_L3,11
640,leve,FIXO,42,A1_O1,12
640,leve,FIXO,42,A1_O2,12
640,leve,FIXO,42,A1_O3,12
640,leve,FIXO,42,A1_O4,7
640,leve,FIXO,42,A2_L0,9
640,leve,FIXO,42,A2_L1,11
640,leve,FIXO,42,A2_L2,11
640,leve,FIXO,42,A2_L3,11
640,leve,FIXO,42,A2_O1,14
640,leve,FIXO,42,A2_O2,14
640,leve,FIXO,42,A2_O3,14
640,leve,FIXO,42,A2_O4,9
640,leve,FIXO,42,T1_N1,6
640,leve,FIXO,42,T1_N2,4
640,leve,FIXO,42,T1_S0,5
640,leve,FIXO,42,T1_S1,6
640,leve,FIXO,42,T2_N1,7
640,leve,FIXO,42,T2_N2,5
640,leve,FIXO,42,T2_S0,4
640,leve,FIXO,42,T2_S1,5
640,leve,FIXO,42,T3_N1,6
640,leve,FIXO,42,T3_N2,5
640,leve,FIXO,42,T3_S0,4
640,leve,FIXO,42,T3_S1,5
640,leve,FIXO,42,T4_N1,6
640,leve,FIXO,42,T4_N2,5
640,leve,FIXO,42,T4_S0,3
640,leve,FIXO,42,T4_S1,5
641,leve,PREEMPCAO,42,A1_L0,8
641,leve,PREEMPCAO,42,A1_L1,11
641,leve,PREEMPCAO,42,A1_L2,11
641,leve,PREEMPCAO,42,A1_L3,11
641,leve,PREEMPCAO,42,A1_O1,14
641,leve,PREEMPCAO,42,A1_O2,9
641,leve,PREEMPCAO,42,A1_O3,8
641,leve,PREEMPCAO,42,A1_O4,8
641,leve,PREEMPCAO,42,A2_L0,8
641,leve,PREEMPCAO,42,A2_L1,11
641,leve,PREEMPCAO,42,A2_L2,12
641,leve,PREEMPCAO,42,A2_L3,13
641,leve,PREEMPCAO,42,A2_O1,9
641,leve,PREEMPCAO,42,A2_O2,9
641,leve,PREEMPCAO,42,A2_O3,15
641,leve,PREEMPCAO,42,A2_O4,9
641,leve,PREEMPCAO,42,T1_N1,5
641,leve,PREEMPCAO,42,T1_N2,4
641,leve,PREEMPCAO,42,T1_S0,5
641,leve,PREEMPCAO,42,T1_S1,7
641,leve,PREEMPCAO,42,T2_N1,5
641,leve,PREEMPCAO,42,T2_N2,5
641,leve,PREEMPCAO,42,T2_S0,5
641,leve,PREEMPCAO,42,T2_S1,5
641,leve,PREEMPCAO,42,T3_N1,6
641,leve,PREEMPCAO,42,T3_N2,5
641,leve,PREEMPCAO,42,T3_S0,5
641,leve,PREEMPCAO,42,T3_S1,4
641,leve,PREEMPCAO,42,T4_N1,6
641,leve,PREEMPCAO,42,T4_N2,7
641,leve,PREEMPCAO,42,T4_S0,3
641,leve,PREEMPCAO,42,T4_S1,6
642,leve,PREEMPCAO_COMPENSADA,42,A1_L0,10
642,leve,PREEMPCAO_COMPENSADA,42,A1_L1,11
642,leve,PREEMPCAO_COMPENSADA,42,A1_L2,11
642,leve,PREEMPCAO_COMPENSADA,42,A1_L3,11
642,leve,PREEMPCAO_COMPENSADA,42,A1_O1,9
642,leve,PREEMPCAO_COMPENSADA,42,A1_O2,10
642,leve,PREEMPCAO_COMPENSADA,42,A1_O3,8
642,leve,PREEMPCAO_COMPENSADA,42,A1_O4,7
642,leve,PREEMPCAO_COMPENSADA,42,A2_L0,8
642,leve,PREEMPCAO_COMPENSADA,42,A2_L1,11
642,leve,PREEMPCAO_COMPENSADA,42,A2_L2,12
642,leve,PREEMPCAO_COMPENSADA,42,A2_L3,10
642,leve,PREEMPCAO_COMPENSADA,42,A2_O1,9
642,leve,PREEMPCAO_COMPENSADA,42,A2_O2,10
642,leve,PREEMPCAO_COMPENSADA,42,A2_O3,13
642,leve,PREEMPCAO_COMPENSADA,42,A2_O4,10
642,leve,PREEMPCAO_COMPENSADA,42,T1_N1,5
642,leve,PREEMPCAO_COMPENSADA,42,T1_N2,6
642,leve,PREEMPCAO_COMPENSADA,42,T1_S0,5
642,leve,PREEMPCAO_COMPENSADA,42,T1_S1,6
642,leve,PREEMPCAO_COMPENSADA,42,T2_N1,7
642,leve,PREEMPCAO_COMPENSADA,42,T2_N2,6
642,leve,PREEMPCAO_COMPENSADA,42,T2_S0,4
642,leve,PREEMPCAO_COMPENSADA,42,T2_S1,6
642,leve,PREEMPCAO_COMPENSADA,42,T3_N1,6
642,leve,PREEMPCAO_COMPENSADA,42,T3_N2,5
642,leve,PREEMPCAO_COMPENSADA,42,T3_S0,5
642,leve,PREEMPCAO_COMPENSADA,42,T3_S1,6
642,leve,PREEMPCAO_COMPENSADA,42,T4_N1,9
642,leve,PREEMPCAO_COMPENSADA,42,T4_N2,7
642,leve,PREEMPCAO_COMPENSADA,42,T4_S0,3
642,leve,PREEMPCAO_COMPENSADA,42,T4_S1,5
643,moderado,FIXO,42,A1_L0,12
643,moderado,FIXO,42,A1_L1,21
643,moderado,FIXO,42,A1_L2,21
643,moderado,FIXO,42,A1_L3,21
643,moderado,FIXO,42,A1_O1,24
643,moderado,FIXO,42,A1_O2,24
643,moderado,FIXO,42,A1_O3,24
643,moderado,FIXO,42,A1_O4,13
643,moderado,FIXO,42,A2_L0,12
643,moderado,FIXO,42,A2_L1,20
643,moderado,FIXO,42,A2_L2,20
643,moderado,FIXO,42,A2_L3,20
643,moderado,FIXO,42,A2_O1,24
643,moderado,FIXO,42,A2_O2,24
643,moderado,FIXO,42,A2_O3,24
643,moderado,FIXO,42,A2_O4,17
643,moderado,FIXO,42,T1_N1,9
643,moderado,FIXO,42,T1_N2,8
643,moderado,FIXO,42,T1_S0,11
643,moderado,FIXO,42,T1_S1,9
643,moderado,FIXO,42,T2_N1,8
643,moderado,FIXO,42,T2_N2,9
643,moderado,FIXO,42,T2_S0,8
643,moderado,FIXO,42,T2_S1,9
643,moderado,FIXO,42,T3_N1,8
643,moderado,FIXO,42,T3_N2,9
643,moderado,FIXO,42,T3_S0,9
643,moderado,FIXO,42,T3_S1,9
643,moderado,FIXO,42,T4_N1,8
643,moderado,FIXO,42,T4_N2,10
643,moderado,FIXO,42,T4_S0,8
643,moderado,FIXO,42,T4_S1,8
644,moderado,PREEMPCAO,42,A1_L0,14
644,moderado,PREEMPCAO,42,A1_L1,21
644,moderado,PREEMPCAO,42,A1_L2,21
644,moderado,PREEMPCAO,42,A1_L3,23
644,moderado,PREEMPCAO,42,A1_O1,21
644,moderado,PREEMPCAO,42,A1_O2,18
644,moderado,PREEMPCAO,42,A1_O3,19
644,moderado,PREEMPCAO,42,A1_O4,12
644,moderado,PREEMPCAO,42,A2_L0,12
644,moderado,PREEMPCAO,42,A2_L1,20
644,moderado,PREEMPCAO,42,A2_L2,20
644,moderado,PREEMPCAO,42,A2_L3,20
644,moderado,PREEMPCAO,42,A2_O1,16
644,moderado,PREEMPCAO,42,A2_O2,16
644,moderado,PREEMPCAO,42,A2_O3,19
644,moderado,PREEMPCAO,42,A2_O4,20
644,moderado,PREEMPCAO,42,T1_N1,9
644,moderado,PREEMPCAO,42,T1_N2,10
644,moderado,PREEMPCAO,42,T1_S0,11
644,moderado,PREEMPCAO,42,T1_S1,11
644,moderado,PREEMPCAO,42,T2_N1,9
644,moderado,PREEMPCAO,42,T2_N2,10
644,moderado,PREEMPCAO,42,T2_S0,7
644,moderado,PREEMPCAO,42,T2_S1,10
644,moderado,PREEMPCAO,42,T3_N1,10
644,moderado,PREEMPCAO,42,T3_N2,12
644,moderado,PREEMPCAO,42,T3_S0,9
644,moderado,PREEMPCAO,42,T3_S1,12
644,moderado,PREEMPCAO,42,T4_N1,8
644,moderado,PREEMPCAO,42,T4_N2,10
644,moderado,PREEMPCAO,42,T4_S0,8
644,moderado,PREEMPCAO,42,T4_S1,11
645,moderado,PREEMPCAO_COMPENSADA,42,A1_L0,17
645,moderado,PREEMPCAO_COMPENSADA,42,A1_L1,21
645,moderado,PREEMPCAO_COMPENSADA,42,A1_L2,21
645,moderado,PREEMPCAO_COMPENSADA,42,A1_L3,23
645,moderado,PREEMPCAO_COMPENSADA,42,A1_O1,21
645,moderado,PREEMPCAO_COMPENSADA,42,A1_O2,22
645,moderado,PREEMPCAO_COMPENSADA,42,A1_O3,18
645,moderado,PREEMPCAO_COMPENSADA,42,A1_O4,15
645,moderado,PREEMPCAO_COMPENSADA,42,A2_L0,14
645,moderado,PREEMPCAO_COMPENSADA,42,A2_L1,20
645,moderado,PREEMPCAO_COMPENSADA,42,A2_L2,20
645,moderado,PREEMPCAO_COMPENSADA,42,A2_L3,20
645,moderado,PREEMPCAO_COMPENSADA,42,A2_O1,19
645,moderado,PREEMPCAO_COMPENSADA,42,A2_O2,21
645,moderado,PREEMPCAO_COMPENSADA,42,A2_O3,20
645,moderado,PREEMPCAO_COMPENSADA,42,A2_O4,17
645,moderado,PREEMPCAO_COMPENSADA,42,T1_N1,10
645,moderado,PREEMPCAO_COMPENSADA,42,T1_N2,8
645,moderado,PREEMPCAO_COMPENSADA,42,T1_S0,11
645,moderado,PREEMPCAO_COMPENSADA,42,T1_S1,12
645,moderado,PREEMPCAO_COMPENSADA,42,T2_N1,10
645,moderado,PREEMPCAO_COMPENSADA,42,T2_N2,9
645,moderado,PREEMPCAO_COMPENSADA,42,T2_S0,9
645,moderado,PREEMPCAO_COMPENSADA,42,T2_S1,9
645,moderado,PREEMPCAO_COMPENSADA,42,T3_N1,8
645,moderado,PREEMPCAO_COMPENSADA,42,T3_N2,12
645,moderado,PREEMPCAO_COMPENSADA,42,T3_S0,9
645,moderado,PREEMPCAO_COMPENSADA,42,T3_S1,11
645,moderado,PREEMPCAO_COMPENSADA,42,T4_N1,11
645,moderado,PREEMPCAO_COMPENSADA,42,T4_N2,10
645,moderado,PREEMPCAO_COMPENSADA,42,T4_S0,9
645,moderado,PREEMPCAO_COMPENSADA,42,T4_S1,11
646,intenso,FIXO,42,A1_L0,24
646,intenso,FIXO,42,A1_L1,27
646,intenso,FIXO,42,A1_L2,27
646,intenso,FIXO,42,A1_L3,27
646,intenso,FIXO,42,A1_O1,28
646,intenso,FIXO,42,A1_O2,27
646,intenso,FIXO,42,A1_O3,27
646,intenso,FIXO,42,A1_O4,24
646,intenso,FIXO,42,A2_L0,26
646,intenso,FIXO,42,A2_L1,28
646,intenso,FIXO,42,A2_L2,28
646,intenso,FIXO,42,A2_L3,27
646,intenso,FIXO,42,A2_O1,27
646,intenso,FIXO,42,A2_O2,27
646,intenso,FIXO,42,A2_O3,27
646,intenso,FIXO,42,A2_O4,25
646,intenso,FIXO,42,T1_N1,9
646,intenso,FIXO,42,T1_N2,12
646,intenso,FIXO,42,T1_S0,15
646,intenso,FIXO,42,T1_S1,9
646,intenso,FIXO,42,T2_N1,10
646,intenso,FIXO,42,T2_N2,15
646,intenso,FIXO,42,T2_S0,12
646,intenso,FIXO,42,T2_S1,9
646,intenso,FIXO,42,T3_N1,9
646,intenso,FIXO,42,T3_N2,14
646,intenso,FIXO,42,T3_S0,15
646,intenso,FIXO,42,T3_S1,9
646,intenso,FIXO,42,T4_N1,10
646,intenso,FIXO,42,T4_N2,14
646,intenso,FIXO,42,T4_S0,15
646,intenso,FIXO,42,T4_S1,10
647,intenso,PREEMPCAO,42,A1_L0,21
647,intenso,PREEMPCAO,42,A1_L1,26
647,intenso,PREEMPCAO,42,A1_L2,26
647,intenso,PREEMPCAO,42,A1_L3,27
647,intenso,PREEMPCAO,42,A1_O1,26
647,intenso,PREEMPCAO,42,A1_O2,26
647,intenso,PREEMPCAO,42,A1_O3,26
647,intenso,PREEMPCAO,42,A1_O4,24
647,intenso,PREEMPCAO,42,A2_L0,25
647,intenso,PREEMPCAO,42,A2_L1,27
647,intenso,PREEMPCAO,42,A2_L2,27
647,intenso,PREEMPCAO,42,A2_L3,28
647,intenso,PREEMPCAO,42,A2_O1,25
647,intenso,PREEMPCAO,42,A2_O2,26
647,intenso,PREEMPCAO,42,A2_O3,25
647,intenso,PREEMPCAO,42,A2_O4,25
647,intenso,PREEMPCAO,42,T1_N1,15
647,intenso,PREEMPCAO,42,T1_N2,12
647,intenso,PREEMPCAO,42,T1_S0,15
647,intenso,PREEMPCAO,42,T1_S1,13
647,intenso,PREEMPCAO,42,T2_N1,14
647,intenso,PREEMPCAO,42,T2_N2,15
647,intenso,PREEMPCAO,42,T2_S0,13
647,intenso,PREEMPCAO,42,T2_S1,11
647,intenso,PREEMPCAO,42,T3_N1,12
647,intenso,PREEMPCAO,42,T3_N2,14
647,intenso,PREEMPCAO,42,T3_S0,15
647,intenso,PREEMPCAO,42,T3_S1,13
647,intenso,PREEMPCAO,42,T4_N1,13
647,intenso,PREEMPCAO,42,T4_N2,13
647,intenso,PREEMPCAO,42,T4_S0,15
647,intenso,PREEMPCAO,42,T4_S1,13
648,intenso,PREEMPCAO_COMPENSADA,42,A1_L0,27
648,intenso,PREEMPCAO_COMPENSADA,42,A1_L1,26
648,intenso,PREEMPCAO_COMPENSADA,42,A1_L2,28
648,intenso,PREEMPCAO_COMPENSADA,42,A1_L3,27
648,intenso,PREEMPCAO_COMPENSADA,42,A1_O1,28
648,intenso,PREEMPCAO_COMPENSADA,42,A1_O2,27
648,intenso,PREEMPCAO_COMPENSADA,42,A1_O3,28
648,intenso,PREEMPCAO_COMPENSADA,42,A1_O4,28
648,intenso,PREEMPCAO_COMPENSADA,42,A2_L0,27
648,intenso,PREEMPCAO_COMPENSADA,42,A2_L1,27
648,intenso,PREEMPCAO_COMPENSADA,42,A2_L2,28
648,intenso,PREEMPCAO_COMPENSADA,42,A2_L3,27
648,intenso,PREEMPCAO_COMPENSADA,42,A2_O1,25
648,intenso,PREEMPCAO_COMPENSADA,42,A2_O2,27
648,intenso,PREEMPCAO_COMPENSADA,42,A2_O3,30
648,intenso,PREEMPCAO_COMPENSADA,42,A2_O4,25
648,intenso,PREEMPCAO_COMPENSADA,42,T1_N1,15
648,intenso,PREEMPCAO_COMPENSADA,42,T1_N2,14
648,intenso,PREEMPCAO_COMPENSADA,42,T1_S0,15
648,intenso,PREEMPCAO_COMPENSADA,42,T1_S1,14
648,intenso,PREEMPCAO_COMPENSADA,42,T2_N1,15
648,intenso,PREEMPCAO_COMPENSADA,42,T2_N2,15
648,intenso,PREEMPCAO_COMPENSADA,42,T2_S0,12
648,intenso,PREEMPCAO_COMPENSADA,42,T2_S1,14
648,intenso,PREEMPCAO_COMPENSADA,42,T3_N1,15
648,intenso,PREEMPCAO_COMPENSADA,42,T3_N2,13
648,intenso,PREEMPCAO_COMPENSADA,42,T3_S0,15
648,intenso,PREEMPCAO_COMPENSADA,42,T3_S1,13
648,intenso,PREEMPCAO_COMPENSADA,42,T4_N1,12
648,intenso,PREEMPCAO_COMPENSADA,42,T4_N2,14
648,intenso,PREEMPCAO_COMPENSADA,42,T4_S0,15
648,intenso,PREEMPCAO_COMPENSADA,42,T4_S1,15
649,multiplas_emergencias,FIXO,42,A1_L0,12
649,multiplas_emergencias,FIXO,42,A1_L1,21
649,multiplas_emergencias,FIXO,42,A1_L2,21
649,multiplas_emergencias,FIXO,42,A1_L3,21
649,multiplas_emergencias,FIXO,42,A1_O1,24
649,multiplas_emergencias,FIXO,42,A1_O2,24
649,multiplas_emergencias,FIXO,42,A1_O3,24
649,multiplas_emergencias,FIXO,42,A1_O4,13
649,multiplas_emergencias,FIXO,42,A2_L0,12
649,multiplas_emergencias,FIXO,42,A2_L1,20
649,multiplas_emergencias,FIXO,42,A2_L2,20
649,multiplas_emergencias,FIXO,42,A2_L3,20
649,multiplas_emergencias,FIXO,42,A2_O1,24
649,multiplas_emergencias,FIXO,42,A2_O2,24
649,multiplas_emergencias,FIXO,42,A2_O3,24
649,multiplas_emergencias,FIXO,42,A2_O4,17
649,multiplas_emergencias,FIXO,42,T1_N1,9
649,multiplas_emergencias,FIXO,42,T1_N2,8
649,multiplas_emergencias,FIXO,42,T1_S0,11
649,multiplas_emergencias,FIXO,42,T1_S1,9
649,multiplas_emergencias,FIXO,42,T2_N1,8
649,multiplas_emergencias,FIXO,42,T2_N2,9
649,multiplas_emergencias,FIXO,42,T2_S0,8
649,multiplas_emergencias,FIXO,42,T2_S1,9
649,multiplas_emergencias,FIXO,42,T3_N1,8
649,multiplas_emergencias,FIXO,42,T3_N2,9
649,multiplas_emergencias,FIXO,42,T3_S0,9
649,multiplas_emergencias,FIXO,42,T3_S1,9
649,multiplas_emergencias,FIXO,42,T4_N1,8
649,multiplas_emergencias,FIXO,42,T4_N2,10
649,multiplas_emergencias,FIXO,42,T4_S0,8
649,multiplas_emergencias,FIXO,42,T4_S1,8
650,multiplas_emergencias,PREEMPCAO,42,A1_L0,14
650,multiplas_emergencias,PREEMPCAO,42,A1_L1,21
650,multiplas_emergencias,PREEMPCAO,42,A1_L2,21
650,multiplas_emergencias,PREEMPCAO,42,A1_L3,21
650,multiplas_emergencias,PREEMPCAO,42,A1_O1,17
650,multiplas_emergencias,PREEMPCAO,42,A1_O2,15
650,multiplas_emergencias,PREEMPCAO,42,A1_O3,20
650,multiplas_emergencias,PREEMPCAO,42,A1_O4,15
650,multiplas_emergencias,PREEMPCAO,42,A2_L0,13
650,multiplas_emergencias,PREEMPCAO,42,A2_L1,21
650,multiplas_emergencias,PREEMPCAO,42,A2_L2,20
650,multiplas_emergencias,PREEMPCAO,42,A2_L3,21
650,multiplas_emergencias,PREEMPCAO,42,A2_O1,17
650,multiplas_emergencias,PREEMPCAO,42,A2_O2,19
650,multiplas_emergencias,PREEMPCAO,42,A2_O3,16
650,multiplas_emergencias,PREEMPCAO,42,A2_O4,12
650,multiplas_emergencias,PREEMPCAO,42,T1_N1,9
650,multiplas_emergencias,PREEMPCAO,42,T1_N2,8
650,multiplas_emergencias,PREEMPCAO,42,T1_S0,11
650,multiplas_emergencias,PREEMPCAO,42,T1_S1,12
650,multiplas_emergencias,PREEMPCAO,42,T2_N1,11
650,multiplas_emergencias,PREEMPCAO,42,T2_N2,12
650,multiplas_emergencias,PREEMPCAO,42,T2_S0,7
650,multiplas_emergencias,PREEMPCAO,42,T2_S1,9
650,multiplas_emergencias,PREEMPCAO,42,T3_N1,11
650,multiplas_emergencias,PREEMPCAO,42,T3_N2,10
650,multiplas_emergencias,PREEMPCAO,42,T3_S0,12
650,multiplas_emergencias,PREEMPCAO,42,T3_S1,9
650,multiplas_emergencias,PREEMPCAO,42,T4_N1,12
650,multiplas_emergencias,PREEMPCAO,42,T4_N2,11
650,multiplas_emergencias,PREEMPCAO,42,T4_S0,8
650,multiplas_emergencias,PREEMPCAO,42,T4_S1,11
651,multiplas_emergencias,PREEMPCAO_COMPENSADA,42,A1_L0,17
651,multiplas_emergencias,PREEMPCAO_COMPENSADA,42,A1_L1,23
651,multiplas_emergencias,PREEMPCAO_COMPENSADA,42,A1_L2,23
651,multiplas_emergencias,PREEMPCAO_COMPENSADA,42,A1_L3,23
651,multiplas_emergencias,PREEMPCAO_COMPENSADA,42,A1_O1,18
651,multiplas_emergencias,PREEMPCAO_COMPENSADA,42,A1_O2,26
651,multiplas_emergencias,PREEMPCAO_COMPENSADA,42,A1_O3,19
651,multiplas_emergencias,PREEMPCAO_COMPENSADA,42,A1_O4,15
651,multiplas_emergencias,PREEMPCAO_COMPENSADA,42,A2_L0,12
651,multiplas_emergencias,PREEMPCAO_COMPENSADA,42,A2_L1,20
651,multiplas_emergencias,PREEMPCAO_COMPENSADA,42,A2_L2,24
651,multiplas_emergencias,PREEMPCAO_COMPENSADA,42,A2_L3,21
651,multiplas_emergencias,PREEMPCAO_COMPENSADA,42,A2_O1,18
651,multiplas_emergencias,PREEMPCAO_COMPENSADA,42,A2_O2,19
651,multiplas_emergencias,PREEMPCAO_COMPENSADA,42,A2_O3,22
651,multiplas_emergencias,PREEMPCAO_COMPENSADA,42,A2_O4,14
651,multiplas_emergencias,PREEMPCAO_COMPENSADA,42,T1_N1,12
651,multiplas_emergencias,PREEMPCAO_COMPENSADA,42,T1_N2,11
651,multiplas_emergencias,PREEMPCAO_COMPENSADA,42,T1_S0,11
651,multiplas_emergencias,PREEMPCAO_COMPENSADA,42,T1_S1,11
651,multiplas_emergencias,PREEMPCAO_COMPENSADA,42,T2_N1,10
651,multiplas_emergencias,PREEMPCAO_COMPENSADA,42,T2_N2,9
651,multiplas_emergencias,PREEMPCAO_COMPENSADA,42,T2_S0,8
651,multiplas_emergencias,PREEMPCAO_COMPENSADA,42,T2_S1,10
651,multiplas_emergencias,PREEMPCAO_COMPENSADA,42,T3_N1,11
651,multiplas_emergencias,PREEMPCAO_COMPENSADA,42,T3_N2,10
651,multiplas_emergencias,PREEMPCAO_COMPENSADA,42,T3_S0,9
651,multiplas_emergencias,PREEMPCAO_COMPENSADA,42,T3_S1,13
651,multiplas_emergencias,PREEMPCAO_COMPENSADA,42,T4_N1,12
651,multiplas_emergencias,PREEMPCAO_COMPENSADA,42,T4_N2,10
651,multiplas_emergencias,PREEMPCAO_COMPENSADA,42,T4_S0,9
651,multiplas_emergencias,PREEMPCAO_COMPENSADA,42,T4_S1,11
652,multiplas_emergencias,PREEMPCAO_ML,42,A1_L0,14
652,multiplas_emergencias,PREEMPCAO_ML,42,A1_L1,21
652,multiplas_emergencias,PREEMPCAO_ML,42,A1_L2,21
652,multiplas_emergencias,PREEMPCAO_ML,42,A1_L3,23
652,multiplas_emergencias,PREEMPCAO_ML,42,A1_O1,21
652,multiplas_emergencias,PREEMPCAO_ML,42,A1_O2,20
652,multiplas_emergencias,PREEMPCAO_ML,42,A1_O3,15
652,multiplas_emergencias,PREEMPCAO_ML,42,A1_O4,15
652,multiplas_emergencias,PREEMPCAO_ML,42,A2_L0,11
652,multiplas_emergencias,PREEMPCAO_ML,42,A2_L1,20
652,multiplas_emergencias,PREEMPCAO_ML,42,A2_L2,20
652,multiplas_emergencias,PREEMPCAO_ML,42,A2_L3,20
652,multiplas_emergencias,PREEMPCAO_ML,42,A2_O1,17
652,multiplas_emergencias,PREEMPCAO_ML,42,A2_O2,16
652,multiplas_emergencias,PREEMPCAO_ML,42,A2_O3,18
652,multiplas_emergencias,PREEMPCAO_ML,42,A2_O4,20
652,multiplas_emergencias,PREEMPCAO_ML,42,T1_N1,8
652,multiplas_emergencias,PREEMPCAO_ML,42,T1_N2,8
652,multiplas_emergencias,PREEMPCAO_ML,42,T1_S0,11
652,multiplas_emergencias,PREEMPCAO_ML,42,T1_S1,11
652,multiplas_emergencias,PREEMPCAO_ML,42,T2_N1,9
652,multiplas_emergencias,PREEMPCAO_ML,42,T2_N2,12
652,multiplas_emergencias,PREEMPCAO_ML,42,T2_S0,8
652,multiplas_emergencias,PREEMPCAO_ML,42,T2_S1,9
652,multiplas_emergencias,PREEMPCAO_ML,42,T3_N1,9
652,multiplas_emergencias,PREEMPCAO_ML,42,T3_N2,15
652,multiplas_emergencias,PREEMPCAO_ML,42,T3_S0,10
652,multiplas_emergencias,PREEMPCAO_ML,42,T3_S1,8
652,multiplas_emergencias,PREEMPCAO_ML,42,T4_N1,12
652,multiplas_emergencias,PREEMPCAO_ML,42,T4_N2,10
652,multiplas_emergencias,PREEMPCAO_ML,42,T4_S0,9
652,multiplas_emergencias,PREEMPCAO_ML,42,T4_S1,10
653,leve,FIXO,43,A1_L0,7
653,leve,FIXO,43,A1_L1,14
653,leve,FIXO,43,A1_L2,14
653,leve,FIXO,43,A1_L3,14
653,leve,FIXO,43,A1_O1,14
653,leve,FIXO,43,A1_O2,14
653,leve,FIXO,43,A1_O3,14
653,leve,FIXO,43,A1_O4,9
653,leve,FIXO,43,A2_L0,10
653,leve,FIXO,43,A2_L1,11
653,leve,FIXO,43,A2_L2,11
653,leve,FIXO,43,A2_L3,11
653,leve,FIXO,43,A2_O1,12
653,leve,FIXO,43,A2_O2,12
653,leve,FIXO,43,A2_O3,12
653,leve,FIXO,43,A2_O4,7
653,leve,FIXO,43,T1_N1,5
653,leve,FIXO,43,T1_N2,5
653,leve,FIXO,43,T1_S0,4
653,leve,FIXO,43,T1_S1,6
653,leve,FIXO,43,T2_N1,7
653,leve,FIXO,43,T2_N2,4
653,leve,FIXO,43,T2_S0,4
653,leve,FIXO,43,T2_S1,5
653,leve,FIXO,43,T3_N1,6
653,leve,FIXO,43,T3_N2,4
653,leve,FIXO,43,T3_S0,5
653,leve,FIXO,43,T3_S1,5
653,leve,FIXO,43,T4_N1,6
653,leve,FIXO,43,T4_N2,4
653,leve,FIXO,43,T4_S0,5
653,leve,FIXO,43,T4_S1,8
654,leve,PREEMPCAO,43,A1_L0,8
654,leve,PREEMPCAO,43,A1_L1,9
654,leve,PREEMPCAO,43,A1_L2,8
654,leve,PREEMPCAO,43,A1_L3,8
654,leve,PREEMPCAO,43,A1_O1,14
654,leve,PREEMPCAO,43,A1_O2,14
654,leve,PREEMPCAO,43,A1_O3,14
654,leve,PREEMPCAO,43,A1_O4,9
654,leve,PREEMPCAO,43,A2_L0,6
654,leve,PREEMPCAO,43,A2_L1,8
654,leve,PREEMPCAO,43,A2_L2,8
654,leve,PREEMPCAO,43,A2_L3,9
654,leve,PREEMPCAO,43,A2_O1,9
654,leve,PREEMPCAO,43,A2_O2,8
654,leve,PREEMPCAO,43,A2_O3,11
654,leve,PREEMPCAO,43,A2_O4,7
654,leve,PREEMPCAO,43,T1_N1,6
654,leve,PREEMPCAO,43,T1_N2,5
654,leve,PREEMPCAO,43,T1_S0,4
654,leve,PREEMPCAO,43,T1_S1,4
654,leve,PREEMPCAO,43,T2_N1,5
654,leve,PREEMPCAO,43,T2_N2,4
654,leve,PREEMPCAO,43,T2_S0,4
654,leve,PREEMPCAO,43,T2_S1,6
654,leve,PREEMPCAO,43,T3_N1,5
654,leve,PREEMPCAO,43,T3_N2,5
654,leve,PREEMPCAO,43,T3_S0,5
654,leve,PREEMPCAO,43,T3_S1,4
654,leve,PREEMPCAO,43,T4_N1,6
654,leve,PREEMPCAO,43,T4_N2,4
654,leve,PREEMPCAO,43,T4_S0,6
654,leve,PREEMPCAO,43,T4_S1,7
655,leve,PREEMPCAO_COMPENSADA,43,A1_L0,8
655,leve,PREEMPCAO_COMPENSADA,43,A1_L1,13
655,leve,PREEMPCAO_COMPENSADA,43,A1_L2,8
655,leve,PREEMPCAO_COMPENSADA,43,A1_L3,8
655,leve,PREEMPCAO_COMPENSADA,43,A1_O1,14
655,leve,PREEMPCAO_COMPENSADA,43,A1_O2,14
655,leve,PREEMPCAO_COMPENSADA,43,A1_O3,14
655,leve,PREEMPCAO_COMPENSADA,43,A1_O4,9
655,leve,PREEMPCAO_COMPENSADA,43,A2_L0,11
655,leve,PREEMPCAO_COMPENSADA,43,A2_L1,11
655,leve,PREEMPCAO_COMPENSADA,43,A2_L2,8
655,leve,PREEMPCAO_COMPENSADA,43,A2_L3,8
655,leve,PREEMPCAO_COMPENSADA,43,A2_O1,11
655,leve,PREEMPCAO_COMPENSADA,43,A2_O2,8
655,leve,PREEMPCAO_COMPENSADA,43,A2_O3,12
655,leve,PREEMPCAO_COMPENSADA,43,A2_O4,8
655,leve,PREEMPCAO_COMPENSADA,43,T1_N1,6
655,leve,PREEMPCAO_COMPENSADA,43,T1_N2,5
655,leve,PREEMPCAO_COMPENSADA,43,T1_S0,3
655,leve,PREEMPCAO_COMPENSADA,43,T1_S1,5
655,leve,PREEMPCAO_COMPENSADA,43,T2_N1,5
655,leve,PREEMPCAO_COMPENSADA,43,T2_N2,5
655,leve,PREEMPCAO_COMPENSADA,43,T2_S0,5
655,leve,PREEMPCAO_COMPENSADA,43,T2_S1,7
655,leve,PREEMPCAO_COMPENSADA,43,T3_N1,5
655,leve,PREEMPCAO_COMPENSADA,43,T3_N2,4
655,leve,PREEMPCAO_COMPENSADA,43,T3_S0,4
655,leve,PREEMPCAO_COMPENSADA,43,T3_S1,5
655,leve,PREEMPCAO_COMPENSADA,43,T4_N1,4
655,leve,PREEMPCAO_COMPENSADA,43,T4_N2,4
655,leve,PREEMPCAO_COMPENSADA,43,T4_S0,6
655,leve,PREEMPCAO_COMPENSADA,43,T4_S1,5
656,moderado,FIXO,43,A1_L0,15
656,moderado,FIXO,43,A1_L1,24
656,moderado,FIXO,43,A1_L2,24
656,moderado,FIXO,43,A1_L3,24
656,moderado,FIXO,43,A1_O1,20
656,moderado,FIXO,43,A1_O2,20
656,moderado,FIXO,43,A1_O3,20
656,moderado,FIXO,43,A1_O4,13
656,moderado,FIXO,43,A2_L0,13
656,moderado,FIXO,43,A2_L1,21
656,moderado,FIXO,43,A2_L2,21
656,moderado,FIXO,43,A2_L3,21
656,moderado,FIXO,43,A2_O1,27
656,moderado,FIXO,43,A2_O2,27
656,moderado,FIXO,43,A2_O3,27
656,moderado,FIXO,43,A2_O4,19
656,moderado,FIXO,43,T1_N1,8
656,moderado,FIXO,43,T1_N2,7
656,moderado,FIXO,43,T1_S0,8
656,moderado,FIXO,43,T1_S1,8
656,moderado,FIXO,43,T2_N1,8
656,moderado,FIXO,43,T2_N2,9
656,moderado,FIXO,43,T2_S0,7
656,moderado,FIXO,43,T2_S1,8
656,moderado,FIXO,43,T3_N1,8
656,moderado,FIXO,43,T3_N2,8
656,moderado,FIXO,43,T3_S0,9
656,moderado,FIXO,43,T3_S1,9
656,moderado,FIXO,43,T4_N1,8
656,moderado,FIXO,43,T4_N2,9
656,moderado,FIXO,43,T4_S0,9
656,moderado,FIXO,43,T4_S1,9
657,moderado,PREEMPCAO,43,A1_L0,14
657,moderado,PREEMPCAO,43,A1_L1,20
657,moderado,PREEMPCAO,43,A1_L2,17
657,moderado,PREEMPCAO,43,A1_L3,20
657,moderado,PREEMPCAO,43,A1_O1,16
657,moderado,PREEMPCAO,43,A1_O2,18
657,moderado,PREEMPCAO,43,A1_O3,20
657,moderado,PREEMPCAO,43,A1_O4,13
657,moderado,PREEMPCAO,43,A2_L0,14
657,moderado,PREEMPCAO,43,A2_L1,18
657,moderado,PREEMPCAO,43,A2_L2,18
657,moderado,PREEMPCAO,43,A2_L3,24
657,moderado,PREEMPCAO,43,A2_O1,25
657,moderado,PREEMPCAO,43,A2_O2,25
657,moderado,PREEMPCAO,43,A2_O3,25
657,moderado,PREEMPCAO,43,A2_O4,16
657,moderado,PREEMPCAO,43,T1_N1,7
657,moderado,PREEMPCAO,43,T1_N2,7
657,moderado,PREEMPCAO,43,T1_S0,8
657,moderado,PREEMPCAO,43,T1_S1,9
657,moderado,PREEMPCAO,43,T2_N1,10
657,moderado,PREEMPCAO,43,T2_N2,9
657,moderado,PREEMPCAO,43,T2_S0,10
657,moderado,PREEMPCAO,43,T2_S1,10
657,moderado,PREEMPCAO,43,T3_N1,10
657,moderado,PREEMPCAO,43,T3_N2,8
657,moderado,PREEMPCAO,43,T3_S0,9
657,moderado,PREEMPCAO,43,T3_S1,9
657,moderado,PREEMPCAO,43,T4_N1,8
657,moderado,PREEMPCAO,43,T4_N2,6
657,moderado,PREEMPCAO,43,T4_S0,6
657,moderado,PREEMPCAO,43,T4_S1,11
658,moderado,PREEMPCAO_COMPENSADA,43,A1_L0,15
658,moderado,PREEMPCAO_COMPENSADA,43,A1_L1,17
658,moderado,PREEMPCAO_COMPENSADA,43,A1_L2,20
658,moderado,PREEMPCAO_COMPENSADA,43,A1_L3,21
658,moderado,PREEMPCAO_COMPENSADA,43,A1_O1,20
658,moderado,PREEMPCAO_COMPENSADA,43,A1_O2,21
658,moderado,PREEMPCAO_COMPENSADA,43,A1_O3,22
658,moderado,PREEMPCAO_COMPENSADA,43,A1_O4,15
658,moderado,PREEMPCAO_COMPENSADA,43,A2_L0,13
658,moderado,PREEMPCAO_COMPENSADA,43,A2_L1,18
658,moderado,PREEMPCAO_COMPENSADA,43,A2_L2,24
658,moderado,PREEMPCAO_COMPENSADA,43,A2_L3,26
658,moderado,PREEMPCAO_COMPENSADA,43,A2_O1,25
658,moderado,PREEMPCAO_COMPENSADA,43,A2_O2,25
658,moderado,PREEMPCAO_COMPENSADA,43,A2_O3,25
658,moderado,PREEMPCAO_COMPENSADA,43,A2_O4,15
658,moderado,PREEMPCAO_COMPENSADA,43,T1_N1,7
658,moderado,PREEMPCAO_COMPENSADA,43,T1_N2,6
658,moderado,PREEMPCAO_COMPENSADA,43,T1_S0,9
658,moderado,PREEMPCAO_COMPENSADA,43,T1_S1,11
658,moderado,PREEMPCAO_COMPENSADA,43,T2_N1,11
658,moderado,PREEMPCAO_COMPENSADA,43,T2_N2,10
658,moderado,PREEMPCAO_COMPENSADA,43,T2_S0,7
658,moderado,PREEMPCAO_COMPENSADA,43,T2_S1,9
658,moderado,PREEMPCAO_COMPENSADA,43,T3_N1,10
658,moderado,PREEMPCAO_COMPENSADA,43,T3_N2,7
658,moderado,PREEMPCAO_COMPENSADA,43,T3_S0,9
658,moderado,PREEMPCAO_COMPENSADA,43,T3_S1,8
658,moderado,PREEMPCAO_COMPENSADA,43,T4_N1,11
658,moderado,PREEMPCAO_COMPENSADA,43,T4_N2,8
658,moderado,PREEMPCAO_COMPENSADA,43,T4_S0,7
658,moderado,PREEMPCAO_COMPENSADA,43,T4_S1,10
659,intenso,FIXO,43,A1_L0,21
659,intenso,FIXO,43,A1_L1,28
659,intenso,FIXO,43,A1_L2,28
659,intenso,FIXO,43,A1_L3,28
659,intenso,FIXO,43,A1_O1,28
659,intenso,FIXO,43,A1_O2,28
659,intenso,FIXO,43,A1_O3,28
659,intenso,FIXO,43,A1_O4,23
659,intenso,FIXO,43,A2_L0,27
659,intenso,FIXO,43,A2_L1,28
659,intenso,FIXO,43,A2_L2,28
659,intenso,FIXO,43,A2_L3,28
659,intenso,FIXO,43,A2_O1,28
659,intenso,FIXO,43,A2_O2,28
659,intenso,FIXO,43,A2_O3,28
659,intenso,FIXO,43,A2_O4,26
659,intenso,FIXO,43,T1_N1,10
659,intenso,FIXO,43,T1_N2,13
659,intenso,FIXO,43,T1_S0,15
659,intenso,FIXO,43,T1_S1,9
659,intenso,FIXO,43,T2_N1,9
659,intenso,FIXO,43,T2_N2,15
659,intenso,FIXO,43,T2_S0,14
659,intenso,FIXO,43,T2_S1,9
659,intenso,FIXO,43,T3_N1,9
659,intenso,FIXO,43,T3_N2,14
659,intenso,FIXO,43,T3_S0,13
659,intenso,FIXO,43,T3_S1,8
659,intenso,FIXO,43,T4_N1,10
659,intenso,FIXO,43,T4_N2,10
659,intenso,FIXO,43,T4_S0,13
659,intenso,FIXO,43,T4_S1,8
660,intenso,PREEMPCAO,43,A1_L0,21
660,intenso,PREEMPCAO,43,A1_L1,25
660,intenso,PREEMPCAO,43,A1_L2,25
660,intenso,PREEMPCAO,43,A1_L3,28
660,intenso,PREEMPCAO,43,A1_O1,24
660,intenso,PREEMPCAO,43,A1_O2,23
660,intenso,PREEMPCAO,43,A1_O3,28
660,intenso,PREEMPCAO,43,A1_O4,22
660,intenso,PREEMPCAO,43,A2_L0,27
660,intenso,PREEMPCAO,43,A2_L1,28
660,intenso,PREEMPCAO,43,A2_L2,26
660,intenso,PREEMPCAO,43,A2_L3,30
660,intenso,PREEMPCAO,43,A2_O1,28
660,intenso,PREEMPCAO,43,A2_O2,28
660,intenso,PREEMPCAO,43,A2_O3,28
660,intenso,PREEMPCAO,43,A2_O4,28
660,intenso,PREEMPCAO,43,T1_N1,12
660,intenso,PREEMPCAO,43,T1_N2,15
660,intenso,PREEMPCAO,43,T1_S0,15
660,intenso,PREEMPCAO,43,T1_S1,15
660,intenso,PREEMPCAO,43,T2_N1,15
660,intenso,PREEMPCAO,43,T2_N2,15
660,intenso,PREEMPCAO,43,T2_S0,15
660,intenso,PREEMPCAO,43,T2_S1,15
660,intenso,PREEMPCAO,43,T3_N1,11
660,intenso,PREEMPCAO,43,T3_N2,15
660,intenso,PREEMPCAO,43,T3_S0,15
660,intenso,PREEMPCAO,43,T3_S1,14
660,intenso,PREEMPCAO,43,T4_N1,12
660,intenso,PREEMPCAO,43,T4_N2,12
660,intenso,PREEMPCAO,43,T4_S0,15
660,intenso,PREEMPCAO,43,T4_S1,13
661,intenso,PREEMPCAO_COMPENSADA,43,A1_L0,30
661,intenso,PREEMPCAO_COMPENSADA,43,A1_L1,27
661,intenso,PREEMPCAO_COMPENSADA,43,A1_L2,25
661,intenso,PREEMPCAO_COMPENSADA,43,A1_L3,28
661,intenso,PREEMPCAO_COMPENSADA,43,A1_O1,29
661,intenso,PREEMPCAO_COMPENSADA,43,A1_O2,25
661,intenso,PREEMPCAO_COMPENSADA,43,A1_O3,28
661,intenso,PREEMPCAO_COMPENSADA,43,A1_O4,27
661,intenso,PREEMPCAO_COMPENSADA,43,A2_L0,29
661,intenso,PREEMPCAO_COMPENSADA,43,A2_L1,28
661,intenso,PREEMPCAO_COMPENSADA,43,A2_L2,27
661,intenso,PREEMPCAO_COMPENSADA,43,A2_L3,28
661,intenso,PREEMPCAO_COMPENSADA,43,A2_O1,28
661,intenso,PREEMPCAO_COMPENSADA,43,A2_O2,28
661,intenso,PREEMPCAO_COMPENSADA,43,A2_O3,30
661,intenso,PREEMPCAO_COMPENSADA,43,A2_O4,22
661,intenso,PREEMPCAO_COMPENSADA,43,T1_N1,15
661,intenso,PREEMPCAO_COMPENSADA,43,T1_N2,14
661,intenso,PREEMPCAO_COMPENSADA,43,T1_S0,15
661,intenso,PREEMPCAO_COMPENSADA,43,T1_S1,15
661,intenso,PREEMPCAO_COMPENSADA,43,T2_N1,14
661,intenso,PREEMPCAO_COMPENSADA,43,T2_N2,15
661,intenso,PREEMPCAO_COMPENSADA,43,T2_S0,15
661,intenso,PREEMPCAO_COMPENSADA,43,T2_S1,15
661,intenso,PREEMPCAO_COMPENSADA,43,T3_N1,15
661,intenso,PREEMPCAO_COMPENSADA,43,T3_N2,15
661,intenso,PREEMPCAO_COMPENSADA,43,T3_S0,14
661,intenso,PREEMPCAO_COMPENSADA,43,T3_S1,14
661,intenso,PREEMPCAO_COMPENSADA,43,T4_N1,13
661,intenso,PREEMPCAO_COMPENSADA,43,T4_N2,15
661,intenso,PREEMPCAO_COMPENSADA,43,T4_S0,15
661,intenso,PREEMPCAO_COMPENSADA,43,T4_S1,15
662,multiplas_emergencias,FIXO,43,A1_L0,15
662,multiplas_emergencias,FIXO,43,A1_L1,24
662,multiplas_emergencias,FIXO,43,A1_L2,24
662,multiplas_emergencias,FIXO,43,A1_L3,24
662,multiplas_emergencias,FIXO,43,A1_O1,20
662,multiplas_emergencias,FIXO,43,A1_O2,20
662,multiplas_emergencias,FIXO,43,A1_O3,20
662,multiplas_emergencias,FIXO,43,A1_O4,13
662,multiplas_emergencias,FIXO,43,A2_L0,14
662,multiplas_emergencias,FIXO,43,A2_L1,21
662,multiplas_emergencias,FIXO,43,A2_L2,21
662,multiplas_emergencias,FIXO,43,A2_L3,21
662,multiplas_emergencias,FIXO,43,A2_O1,27
662,multiplas_emergencias,FIXO,43,A2_O2,27
662,multiplas_emergencias,FIXO,43,A2_O3,26
662,multiplas_emergencias,FIXO,43,A2_O4,19
662,multiplas_emergencias,FIXO,43,T1_N1,8
662,multiplas_emergencias,FIXO,43,T1_N2,7
662,multiplas_emergencias,FIXO,43,T1_S0,8
662,multiplas_emergencias,FIXO,43,T1_S1,8
662,multiplas_emergencias,FIXO,43,T2_N1,8
662,multiplas_emergencias,FIXO,43,T2_N2,9
662,multiplas_emergencias,FIXO,43,T2_S0,8
662,multiplas_emergencias,FIXO,43,T2_S1,8
662,multiplas_emergencias,FIXO,43,T3_N1,8
662,multiplas_emergencias,FIXO,43,T3_N2,8
662,multiplas_emergencias,FIXO,43,T3_S0,9
662,multiplas_emergencias,FIXO,43,T3_S1,9
662,multiplas_emergencias,FIXO,43,T4_N1,8
662,multiplas_emergencias,FIXO,43,T4_N2,9
662,multiplas_emergencias,FIXO,43,T4_S0,9
662,multiplas_emergencias,FIXO,43,T4_S1,9
663,multiplas_emergencias,PREEMPCAO,43,A1_L0,14
663,multiplas_emergencias,PREEMPCAO,43,A1_L1,26
663,multiplas_emergencias,PREEMPCAO,43,A1_L2,17
663,multiplas_emergencias,PREEMPCAO,43,A1_L3,17
663,multiplas_emergencias,PREEMPCAO,43,A1_O1,21
663,multiplas_emergencias,PREEMPCAO,43,A1_O2,18
663,multiplas_emergencias,PREEMPCAO,43,A1_O3,20
663,multiplas_emergencias,PREEMPCAO,43,A1_O4,13
663,multiplas_emergencias,PREEMPCAO,43,A2_L0,13
663,multiplas_emergencias,PREEMPCAO,43,A2_L1,19
663,multiplas_emergencias,PREEMPCAO,43,A2_L2,18
663,multiplas_emergencias,PREEMPCAO,43,A2_L3,20
663,multiplas_emergencias,PREEMPCAO,43,A2_O1,25
663,multiplas_emergencias,PREEMPCAO,43,A2_O2,25
663,multiplas_emergencias,PREEMPCAO,43,A2_O3,25
663,multiplas_emergencias,PREEMPCAO,43,A2_O4,15
663,multiplas_emergencias,PREEMPCAO,43,T1_N1,8
663,multiplas_emergencias,PREEMPCAO,43,T1_N2,6
663,multiplas_emergencias,PREEMPCAO,43,T1_S0,8
663,multiplas_emergencias,PREEMPCAO,43,T1_S1,11
663,multiplas_emergencias,PREEMPCAO,43,T2_N1,11
663,multiplas_emergencias,PREEMPCAO,43,T2_N2,10
663,multiplas_emergencias,PREEMPCAO,43,T2_S0,8
663,multiplas_emergencias,PREEMPCAO,43,T2_S1,9
663,multiplas_emergencias,PREEMPCAO,43,T3_N1,10
663,multiplas_emergencias,PREEMPCAO,43,T3_N2,9
663,multiplas_emergencias,PREEMPCAO,43,T3_S0,7
663,multiplas_emergencias,PREEMPCAO,43,T3_S1,10
663,multiplas_emergencias,PREEMPCAO,43,T4_N1,9
663,multiplas_emergencias,PREEMPCAO,43,T4_N2,6
663,multiplas_emergencias,PREEMPCAO,43,T4_S0,12
663,multiplas_emergencias,PREEMPCAO,43,T4_S1,10
664,multiplas_emergencias,PREEMPCAO_COMPENSADA,43,A1_L0,15
664,multiplas_emergencias,PREEMPCAO_COMPENSADA,43,A1_L1,17
664,multiplas_emergencias,PREEMPCAO_COMPENSADA,43,A1_L2,18
664,multiplas_emergencias,PREEMPCAO_COMPENSADA,43,A1_L3,19
664,multiplas_emergencias,PREEMPCAO_COMPENSADA,43,A1_O1,26
664,multiplas_emergencias,PREEMPCAO_COMPENSADA,43,A1_O2,19
664,multiplas_emergencias,PREEMPCAO_COMPENSADA,43,A1_O3,20
664,multiplas_emergencias,PREEMPCAO_COMPENSADA,43,A1_O4,16
664,multiplas_emergencias,PREEMPCAO_COMPENSADA,43,A2_L0,17
664,multiplas_emergencias,PREEMPCAO_COMPENSADA,43,A2_L1,18
664,multiplas_emergencias,PREEMPCAO_COMPENSADA,43,A2_L2,18
664,multiplas_emergencias,PREEMPCAO_COMPENSADA,43,A2_L3,23
664,multiplas_emergencias,PREEMPCAO_COMPENSADA,43,A2_O1,25
664,multiplas_emergencias,PREEMPCAO_COMPENSADA,43,A2_O2,25
664,multiplas_emergencias,PREEMPCAO_COMPENSADA,43,A2_O3,25
664,multiplas_emergencias,PREEMPCAO_COMPENSADA,43,A2_O4,15
664,multiplas_emergencias,PREEMPCAO_COMPENSADA,43,T1_N1,9
664,multiplas_emergencias,PREEMPCAO_COMPENSADA,43,T1_N2,8
664,multiplas_emergencias,PREEMPCAO_COMPENSADA,43,T1_S0,9
664,multiplas_emergencias,PREEMPCAO_COMPENSADA,43,T1_S1,9
664,multiplas_emergencias,PREEMPCAO_COMPENSADA,43,T2_N1,10
664,multiplas_emergencias,PREEMPCAO_COMPENSADA,43,T2_N2,8
664,multiplas_emergencias,PREEMPCAO_COMPENSADA,43,T2_S0,11
664,multiplas_emergencias,PREEMPCAO_COMPENSADA,43,T2_S1,11
664,multiplas_emergencias,PREEMPCAO_COMPENSADA,43,T3_N1,10
664,multiplas_emergencias,PREEMPCAO_COMPENSADA,43,T3_N2,8
664,multiplas_emergencias,PREEMPCAO_COMPENSADA,43,T3_S0,7
664,multiplas_emergencias,PREEMPCAO_COMPENSADA,43,T3_S1,10
664,multiplas_emergencias,PREEMPCAO_COMPENSADA,43,T4_N1,10
664,multiplas_emergencias,PREEMPCAO_COMPENSADA,43,T4_N2,8
664,multiplas_emergencias,PREEMPCAO_COMPENSADA,43,T4_S0,11
664,multiplas_emergencias,PREEMPCAO_COMPENSADA,43,T4_S1,11
665,multiplas_emergencias,PREEMPCAO_ML,43,A1_L0,14
665,multiplas_emergencias,PREEMPCAO_ML,43,A1_L1,25
665,multiplas_emergencias,PREEMPCAO_ML,43,A1_L2,17
665,multiplas_emergencias,PREEMPCAO_ML,43,A1_L3,17
665,multiplas_emergencias,PREEMPCAO_ML,43,A1_O1,21
665,multiplas_emergencias,PREEMPCAO_ML,43,A1_O2,18
665,multiplas_emergencias,PREEMPCAO_ML,43,A1_O3,20
665,multiplas_emergencias,PREEMPCAO_ML,43,A1_O4,12
665,multiplas_emergencias,PREEMPCAO_ML,43,A2_L0,14
665,multiplas_emergencias,PREEMPCAO_ML,43,A2_L1,20
665,multiplas_emergencias,PREEMPCAO_ML,43,A2_L2,18
665,multiplas_emergencias,PREEMPCAO_ML,43,A2_L3,20
665,multiplas_emergencias,PREEMPCAO_ML,43,A2_O1,25
665,multiplas_emergencias,PREEMPCAO_ML,43,A2_O2,25
665,multiplas_emergencias,PREEMPCAO_ML,43,A2_O3,25
665,multiplas_emergencias,PREEMPCAO_ML,43,A2_O4,20
665,multiplas_emergencias,PREEMPCAO_ML,43,T1_N1,8
665,multiplas_emergencias,PREEMPCAO_ML,43,T1_N2,6
665,multiplas_emergencias,PREEMPCAO_ML,43,T1_S0,8
665,multiplas_emergencias,PREEMPCAO_ML,43,T1_S1,10
665,multiplas_emergencias,PREEMPCAO_ML,43,T2_N1,11
665,multiplas_emergencias,PREEMPCAO_ML,43,T2_N2,9
665,multiplas_emergencias,PREEMPCAO_ML,43,T2_S0,8
665,multiplas_emergencias,PREEMPCAO_ML,43,T2_S1,8
665,multiplas_emergencias,PREEMPCAO_ML,43,T3_N1,12
665,multiplas_emergencias,PREEMPCAO_ML,43,T3_N2,10
665,multiplas_emergencias,PREEMPCAO_ML,43,T3_S0,9
665,multiplas_emergencias,PREEMPCAO_ML,43,T3_S1,8
665,multiplas_emergencias,PREEMPCAO_ML,43,T4_N1,9
665,multiplas_emergencias,PREEMPCAO_ML,43,T4_N2,7
665,multiplas_emergencias,PREEMPCAO_ML,43,T4_S0,12
665,multiplas_emergencias,PREEMPCAO_ML,43,T4_S1,7
666,leve,FIXO,44,A1_L0,9
666,leve,FIXO,44,A1_L1,15
666,leve,FIXO,44,A1_L2,15
666,leve,FIXO,44,A1_L3,15
666,leve,FIXO,44,A1_O1,11
666,leve,FIXO,44,A1_O2,11
666,leve,FIXO,44,A1_O3,11
666,leve,FIXO,44,A1_O4,7
666,leve,FIXO,44,A2_L0,8
666,leve,FIXO,44,A2_L1,11
666,leve,FIXO,44,A2_L2,11
666,leve,FIXO,44,A2_L3,11
666,leve,FIXO,44,A2_O1,13
666,leve,FIXO,44,A2_O2,13
666,leve,FIXO,44,A2_O3,13
666,leve,FIXO,44,A2_O4,8
666,leve,FIXO,44,T1_N1,7
666,leve,FIXO,44,T1_N2,6
666,leve,FIXO,44,T1_S0,5
666,leve,FIXO,44,T1_S1,6
666,leve,FIXO,44,T2_N1,6
666,leve,FIXO,44,T2_N2,5
666,leve,FIXO,44,T2_S0,5
666,leve,FIXO,44,T2_S1,6
666,leve,FIXO,44,T3_N1,6
666,leve,FIXO,44,T3_N2,5
666,leve,FIXO,44,T3_S0,4
666,leve,FIXO,44,T3_S1,5
666,leve,FIXO,44,T4_N1,6
666,leve,FIXO,44,T4_N2,5
666,leve,FIXO,44,T4_S0,5
666,leve,FIXO,44,T4_S1,6
667,leve,PREEMPCAO,44,A1_L0,7
667,leve,PREEMPCAO,44,A1_L1,12
667,leve,PREEMPCAO,44,A1_L2,10
667,leve,PREEMPCAO,44,A1_L3,10
667,leve,PREEMPCAO,44,A1_O1,11
667,leve,PREEMPCAO,44,A1_O2,10
667,leve,PREEMPCAO,44,A1_O3,9
667,leve,PREEMPCAO,44,A1_O4,8
667,leve,PREEMPCAO,44,A2_L0,6
667,leve,PREEMPCAO,44,A2_L1,10
667,leve,PREEMPCAO,44,A2_L2,12
667,leve,PREEMPCAO,44,A2_L3,10
667,leve,PREEMPCAO,44,A2_O1,8
667,leve,PREEMPCAO,44,A2_O2,9
667,leve,PREEMPCAO,44,A2_O3,13
667,leve,PREEMPCAO,44,A2_O4,8
667,leve,PREEMPCAO,44,T1_N1,6
667,leve,PREEMPCAO,44,T1_N2,5
667,leve,PREEMPCAO,44,T1_S0,5
667,leve,PREEMPCAO,44,T1_S1,6
667,leve,PREEMPCAO,44,T2_N1,4
667,leve,PREEMPCAO,44,T2_N2,4
667,leve,PREEMPCAO,44,T2_S0,4
667,leve,PREEMPCAO,44,T2_S1,6
667,leve,PREEMPCAO,44,T3_N1,6
667,leve,PREEMPCAO,44,T3_N2,7
667,leve,PREEMPCAO,44,T3_S0,6
667,leve,PREEMPCAO,44,T3_S1,6
667,leve,PREEMPCAO,44,T4_N1,5
667,leve,PREEMPCAO,44,T4_N2,5
667,leve,PREEMPCAO,44,T4_S0,4
667,leve,PREEMPCAO,44,T4_S1,6
668,leve,PREEMPCAO_COMPENSADA,44,A1_L0,9
668,leve,PREEMPCAO_COMPENSADA,44,A1_L1,12
668,leve,PREEMPCAO_COMPENSADA,44,A1_L2,12
668,leve,PREEMPCAO_COMPENSADA,44,A1_L3,10
668,leve,PREEMPCAO_COMPENSADA,44,A1_O1,13
668,leve,PREEMPCAO_COMPENSADA,44,A1_O2,9
668,leve,PREEMPCAO_COMPENSADA,44,A1_O3,12
668,leve,PREEMPCAO_COMPENSADA,44,A1_O4,10
668,leve,PREEMPCAO_COMPENSADA,44,A2_L0,6
668,leve,PREEMPCAO_COMPENSADA,44,A2_L1,10
668,leve,PREEMPCAO_COMPENSADA,44,A2_L2,12
668,leve,PREEMPCAO_COMPENSADA,44,A2_L3,10
668,leve,PREEMPCAO_COMPENSADA,44,A2_O1,10
668,leve,PREEMPCAO_COMPENSADA,44,A2_O2,8
668,leve,PREEMPCAO_COMPENSADA,44,A2_O3,11
668,leve,PREEMPCAO_COMPENSADA,44,A2_O4,8
668,leve,PREEMPCAO_COMPENSADA,44,T1_N1,8
668,leve,PREEMPCAO_COMPENSADA,44,T1_N2,4
668,leve,PREEMPCAO_COMPENSADA,44,T1_S0,5
668,leve,PREEMPCAO_COMPENSADA,44,T1_S1,5
668,leve,PREEMPCAO_COMPENSADA,44,T2_N1,5
668,leve,PREEMPCAO_COMPENSADA,44,T2_N2,6
668,leve,PREEMPCAO_COMPENSADA,44,T2_S0,5
668,leve,PREEMPCAO_COMPENSADA,44,T2_S1,6
668,leve,PREEMPCAO_COMPENSADA,44,T3_N1,7
668,leve,PREEMPCAO_COMPENSADA,44,T3_N2,7
668,leve,PREEMPCAO_COMPENSADA,44,T3_S0,6
668,leve,PREEMPCAO_COMPENSADA,44,T3_S1,6
668,leve,PREEMPCAO_COMPENSADA,44,T4_N1,6
668,leve,PREEMPCAO_COMPENSADA,44,T4_N2,4
668,leve,PREEMPCAO_COMPENSADA,44,T4_S0,5
668,leve,PREEMPCAO_COMPENSADA,44,T4_S1,7
669,moderado,FIXO,44,A1_L0,14
669,moderado,FIXO,44,A1_L1,26
669,moderado,FIXO,44,A1_L2,26
669,moderado,FIXO,44,A1_L3,26
669,moderado,FIXO,44,A1_O1,24
669,moderado,FIXO,44,A1_O2,24
669,moderado,FIXO,44,A1_O3,24
669,moderado,FIXO,44,A1_O4,14
669,moderado,FIXO,44,A2_L0,13
669,moderado,FIXO,44,A2_L1,22
669,moderado,FIXO,44,A2_L2,22
669,moderado,FIXO,44,A2_L3,22
669,moderado,FIXO,44,A2_O1,26
669,moderado,FIXO,44,A2_O2,27
669,moderado,FIXO,44,A2_O3,27
669,moderado,FIXO,44,A2_O4,18
669,moderado,FIXO,44,T1_N1,8
669,moderado,FIXO,44,T1_N2,8
669,moderado,FIXO,44,T1_S0,7
669,moderado,FIXO,44,T1_S1,8
669,moderado,FIXO,44,T2_N1,8
669,moderado,FIXO,44,T2_N2,7
669,moderado,FIXO,44,T2_S0,9
669,moderado,FIXO,44,T2_S1,8
669,moderado,FIXO,44,T3_N1,8
669,moderado,FIXO,44,T3_N2,8
669,moderado,FIXO,44,T3_S0,7
669,moderado,FIXO,44,T3_S1,9
669,moderado,FIXO,44,T4_N1,8
669,moderado,FIXO,44,T4_N2,8
669,moderado,FIXO,44,T4_S0,7
669,moderado,FIXO,44,T4_S1,8
670,moderado,PREEMPCAO,44,A1_L0,15
670,moderado,PREEMPCAO,44,A1_L1,17
670,moderado,PREEMPCAO,44,A1_L2,17
670,moderado,PREEMPCAO,44,A1_L3,25
670,moderado,PREEMPCAO,44,A1_O1,20
670,moderado,PREEMPCAO,44,A1_O2,18
670,moderado,PREEMPCAO,44,A1_O3,15
670,moderado,PREEMPCAO,44,A1_O4,15
670,moderado,PREEMPCAO,44,A2_L0,14
670,moderado,PREEMPCAO,44,A2_L1,21
670,moderado,PREEMPCAO,44,A2_L2,21
670,moderado,PREEMPCAO,44,A2_L3,26
670,moderado,PREEMPCAO,44,A2_O1,16
670,moderado,PREEMPCAO,44,A2_O2,16
670,moderado,PREEMPCAO,44,A2_O3,20
670,moderado,PREEMPCAO,44,A2_O4,16
670,moderado,PREEMPCAO,44,T1_N1,9
670,moderado,PREEMPCAO,44,T1_N2,8
670,moderado,PREEMPCAO,44,T1_S0,9
670,moderado,PREEMPCAO,44,T1_S1,13
670,moderado,PREEMPCAO,44,T2_N1,11
670,moderado,PREEMPCAO,44,T2_N2,9
670,moderado,PREEMPCAO,44,T2_S0,8
670,moderado,PREEMPCAO,44,T2_S1,9
670,moderado,PREEMPCAO,44,T3_N1,10
670,moderado,PREEMPCAO,44,T3_N2,7
670,moderado,PREEMPCAO,44,T3_S0,9
670,moderado,PREEMPCAO,44,T3_S1,11
670,moderado,PREEMPCAO,44,T4_N1,11
670,moderado,PREEMPCAO,44,T4_N2,7
670,moderado,PREEMPCAO,44,T4_S0,9
670,moderado,PREEMPCAO,44,T4_S1,12
671,moderado,PREEMPCAO_COMPENSADA,44,A1_L0,15
671,moderado,PREEMPCAO_COMPENSADA,44,A1_L1,22
671,moderado,PREEMPCAO_COMPENSADA,44,A1_L2,23
671,moderado,PREEMPCAO_COMPENSADA,44,A1_L3,25
671,moderado,PREEMPCAO_COMPENSADA,44,A1_O1,21
671,moderado,PREEMPCAO_COMPENSADA,44,A1_O2,21
671,moderado,PREEMPCAO_COMPENSADA,44,A1_O3,15
671,moderado,PREEMPCAO_COMPENSADA,44,A1_O4,12
671,moderado,PREEMPCAO_COMPENSADA,44,A2_L0,18
671,moderado,PREEMPCAO_COMPENSADA,44,A2_L1,21
671,moderado,PREEMPCAO_COMPENSADA,44,A2_L2,21
671,moderado,PREEMPCAO_COMPENSADA,44,A2_L3,26
671,moderado,PREEMPCAO_COMPENSADA,44,A2_O1,17
671,moderado,PREEMPCAO_COMPENSADA,44,A2_O2,17
671,moderado,PREEMPCAO_COMPENSADA,44,A2_O3,23
671,moderado,PREEMPCAO_COMPENSADA,44,A2_O4,14
671,moderado,PREEMPCAO_COMPENSADA,44,T1_N1,10
671,moderado,PREEMPCAO_COMPENSADA,44,T1_N2,8
671,moderado,PREEMPCAO_COMPENSADA,44,T1_S0,9
671,moderado,PREEMPCAO_COMPENSADA,44,T1_S1,9
671,moderado,PREEMPCAO_COMPENSADA,44,T2_N1,9
671,moderado,PREEMPCAO_COMPENSADA,44,T2_N2,9
671,moderado,PREEMPCAO_COMPENSADA,44,T2_S0,8
671,moderado,PREEMPCAO_COMPENSADA,44,T2_S1,13
671,moderado,PREEMPCAO_COMPENSADA,44,T3_N1,8
671,moderado,PREEMPCAO_COMPENSADA,44,T3_N2,7
671,moderado,PREEMPCAO_COMPENSADA,44,T3_S0,9
671,moderado,PREEMPCAO_COMPENSADA,44,T3_S1,13
671,moderado,PREEMPCAO_COMPENSADA,44,T4_N1,9
671,moderado,PREEMPCAO_COMPENSADA,44,T4_N2,8
671,moderado,PREEMPCAO_COMPENSADA,44,T4_S0,8
671,moderado,PREEMPCAO_COMPENSADA,44,T4_S1,11
672,intenso,FIXO,44,A1_L0,19
672,intenso,FIXO,44,A1_L1,27
672,intenso,FIXO,44,A1_L2,27
672,intenso,FIXO,44,A1_L3,27
672,intenso,FIXO,44,A1_O1,27
672,intenso,FIXO,44,A1_O2,27
672,intenso,FIXO,44,A1_O3,27
672,intenso,FIXO,44,A1_O4,24
672,intenso,FIXO,44,A2_L0,23
672,intenso,FIXO,44,A2_L1,28
672,intenso,FIXO,44,A2_L2,28
672,intenso,FIXO,44,A2_L3,28
672,intenso,FIXO,44,A2_O1,27
672,intenso,FIXO,44,A2_O2,27
672,intenso,FIXO,44,A2_O3,28
672,intenso,FIXO,44,A2_O4,24
672,intenso,FIXO,44,T1_N1,10
672,intenso,FIXO,44,T1_N2,14
672,intenso,FIXO,44,T1_S0,14
672,intenso,FIXO,44,T1_S1,10
672,intenso,FIXO,44,T2_N1,9
672,intenso,FIXO,44,T2_N2,15
672,intenso,FIXO,44,T2_S0,14
672,intenso,FIXO,44,T2_S1,9
672,intenso,FIXO,44,T3_N1,9
672,intenso,FIXO,44,T3_N2,13
672,intenso,FIXO,44,T3_S0,15
672,intenso,FIXO,44,T3_S1,10
672,intenso,FIXO,44,T4_N1,9
672,intenso,FIXO,44,T4_N2,11
672,intenso,FIXO,44,T4_S0,14
672,intenso,FIXO,44,T4_S1,9
673,intenso,PREEMPCAO,44,A1_L0,23
673,intenso,PREEMPCAO,44,A1_L1,26
673,intenso,PREEMPCAO,44,A1_L2,27
673,intenso,PREEMPCAO,44,A1_L3,27
673,intenso,PREEMPCAO,44,A1_O1,27
673,intenso,PREEMPCAO,44,A1_O2,27
673,intenso,PREEMPCAO,44,A1_O3,27
673,intenso,PREEMPCAO,44,A1_O4,22
673,intenso,PREEMPCAO,44,A2_L0,22
673,intenso,PREEMPCAO,44,A2_L1,27
673,intenso,PREEMPCAO,44,A2_L2,27
673,intenso,PREEMPCAO,44,A2_L3,28
673,intenso,PREEMPCAO,44,A2_O1,22
673,intenso,PREEMPCAO,44,A2_O2,22
673,intenso,PREEMPCAO,44,A2_O3,28
673,intenso,PREEMPCAO,44,A2_O4,28
673,intenso,PREEMPCAO,44,T1_N1,12
673,intenso,PREEMPCAO,44,T1_N2,14
673,intenso,PREEMPCAO,44,T1_S0,15
673,intenso,PREEMPCAO,44,T1_S1,13
673,intenso,PREEMPCAO,44,T2_N1,15
673,intenso,PREEMPCAO,44,T2_N2,14
673,intenso,PREEMPCAO,44,T2_S0,15
673,intenso,PREEMPCAO,44,T2_S1,14
673,intenso,PREEMPCAO,44,T3_N1,13
673,intenso,PREEMPCAO,44,T3_N2,14
673,intenso,PREEMPCAO,44,T3_S0,13
673,intenso,PREEMPCAO,44,T3_S1,14
673,intenso,PREEMPCAO,44,T4_N1,12
673,intenso,PREEMPCAO,44,T4_N2,13
673,intenso,PREEMPCAO,44,T4_S0,15
673,intenso,PREEMPCAO,44,T4_S1,14
674,intenso,PREEMPCAO_COMPENSADA,44,A1_L0,25
674,intenso,PREEMPCAO_COMPENSADA,44,A1_L1,27
674,intenso,PREEMPCAO_COMPENSADA,44,A1_L2,27
674,intenso,PREEMPCAO_COMPENSADA,44,A1_L3,28
674,intenso,PREEMPCAO_COMPENSADA,44,A1_O1,27
674,intenso,PREEMPCAO_COMPENSADA,44,A1_O2,27
674,intenso,PREEMPCAO_COMPENSADA,44,A1_O3,27
674,intenso,PREEMPCAO_COMPENSADA,44,A1_O4,26
674,intenso,PREEMPCAO_COMPENSADA,44,A2_L0,30
674,intenso,PREEMPCAO_COMPENSADA,44,A2_L1,27
674,intenso,PREEMPCAO_COMPENSADA,44,A2_L2,27
674,intenso,PREEMPCAO_COMPENSADA,44,A2_L3,28
674,intenso,PREEMPCAO_COMPENSADA,44,A2_O1,22
674,intenso,PREEMPCAO_COMPENSADA,44,A2_O2,22
674,intenso,PREEMPCAO_COMPENSADA,44,A2_O3,29
674,intenso,PREEMPCAO_COMPENSADA,44,A2_O4,24
674,intenso,PREEMPCAO_COMPENSADA,44,T1_N1,11
674,intenso,PREEMPCAO_COMPENSADA,44,T1_N2,13
674,intenso,PREEMPCAO_COMPENSADA,44,T1_S0,15
674,intenso,PREEMPCAO_COMPENSADA,44,T1_S1,14
674,intenso,PREEMPCAO_COMPENSADA,44,T2_N1,14
674,intenso,PREEMPCAO_COMPENSADA,44,T2_N2,13
674,intenso,PREEMPCAO_COMPENSADA,44,T2_S0,14
674,intenso,PREEMPCAO_COMPENSADA,44,T2_S1,15
674,intenso,PREEMPCAO_COMPENSADA,44,T3_N1,14
674,intenso,PREEMPCAO_COMPENSADA,44,T3_N2,11
674,intenso,PREEMPCAO_COMPENSADA,44,T3_S0,15
674,intenso,PREEMPCAO_COMPENSADA,44,T3_S1,14
674,intenso,PREEMPCAO_COMPENSADA,44,T4_N1,13
674,intenso,PREEMPCAO_COMPENSADA,44,T4_N2,12
674,intenso,PREEMPCAO_COMPENSADA,44,T4_S0,14
674,intenso,PREEMPCAO_COMPENSADA,44,T4_S1,15
675,multiplas_emergencias,FIXO,44,A1_L0,14
675,multiplas_emergencias,FIXO,44,A1_L1,26
675,multiplas_emergencias,FIXO,44,A1_L2,26
675,multiplas_emergencias,FIXO,44,A1_L3,26
675,multiplas_emergencias,FIXO,44,A1_O1,24
675,multiplas_emergencias,FIXO,44,A1_O2,24
675,multiplas_emergencias,FIXO,44,A1_O3,24
675,multiplas_emergencias,FIXO,44,A1_O4,14
675,multiplas_emergencias,FIXO,44,A2_L0,13
675,multiplas_emergencias,FIXO,44,A2_L1,22
675,multiplas_emergencias,FIXO,44,A2_L2,22
675,multiplas_emergencias,FIXO,44,A2_L3,23
675,multiplas_emergencias,FIXO,44,A2_O1,26
675,multiplas_emergencias,FIXO,44,A2_O2,27
675,multiplas_emergencias,FIXO,44,A2_O3,27
675,multiplas_emergencias,FIXO,44,A2_O4,18
675,multiplas_emergencias,FIXO,44,T1_N1,8
675,multiplas_emergencias,FIXO,44,T1_N2,8
675,multiplas_emergencias,FIXO,44,T1_S0,7
675,multiplas_emergencias,FIXO,44,T1_S1,8
675,multiplas_emergencias,FIXO,44,T2_N1,8
675,multiplas_emergencias,FIXO,44,T2_N2,7
675,multiplas_emergencias,FIXO,44,T2_S0,9
675,multiplas_emergencias,FIXO,44,T2_S1,9
675,multiplas_emergencias,FIXO,44,T3_N1,8
675,multiplas_emergencias,FIXO,44,T3_N2,8
675,multiplas_emergencias,FIXO,44,T3_S0,7
675,multiplas_emergencias,FIXO,44,T3_S1,9
675,multiplas_emergencias,FIXO,44,T4_N1,8
675,multiplas_emergencias,FIXO,44,T4_N2,8
675,multiplas_emergencias,FIXO,44,T4_S0,7
675,multiplas_emergencias,FIXO,44,T4_S1,9
676,multiplas_emergencias,PREEMPCAO,44,A1_L0,15
676,multiplas_emergencias,PREEMPCAO,44,A1_L1,24
676,multiplas_emergencias,PREEMPCAO,44,A1_L2,21
676,multiplas_emergencias,PREEMPCAO,44,A1_L3,25
676,multiplas_emergencias,PREEMPCAO,44,A1_O1,20
676,multiplas_emergencias,PREEMPCAO,44,A1_O2,22
676,multiplas_emergencias,PREEMPCAO,44,A1_O3,22
676,multiplas_emergencias,PREEMPCAO,44,A1_O4,13
676,multiplas_emergencias,PREEMPCAO,44,A2_L0,19
676,multiplas_emergencias,PREEMPCAO,44,A2_L1,21
676,multiplas_emergencias,PREEMPCAO,44,A2_L2,21
676,multiplas_emergencias,PREEMPCAO,44,A2_L3,21
676,multiplas_emergencias,PREEMPCAO,44,A2_O1,19
676,multiplas_emergencias,PREEMPCAO,44,A2_O2,22
676,multiplas_emergencias,PREEMPCAO,44,A2_O3,22
676,multiplas_emergencias,PREEMPCAO,44,A2_O4,16
676,multiplas_emergencias,PREEMPCAO,44,T1_N1,10
676,multiplas_emergencias,PREEMPCAO,44,T1_N2,9
676,multiplas_emergencias,PREEMPCAO,44,T1_S0,9
676,multiplas_emergencias,PREEMPCAO,44,T1_S1,13
676,multiplas_emergencias,PREEMPCAO,44,T2_N1,10
676,multiplas_emergencias,PREEMPCAO,44,T2_N2,8
676,multiplas_emergencias,PREEMPCAO,44,T2_S0,8
676,multiplas_emergencias,PREEMPCAO,44,T2_S1,8
676,multiplas_emergencias,PREEMPCAO,44,T3_N1,9
676,multiplas_emergencias,PREEMPCAO,44,T3_N2,7
676,multiplas_emergencias,PREEMPCAO,44,T3_S0,9
676,multiplas_emergencias,PREEMPCAO,44,T3_S1,11
676,multiplas_emergencias,PREEMPCAO,44,T4_N1,8
676,multiplas_emergencias,PREEMPCAO,44,T4_N2,8
676,multiplas_emergencias,PREEMPCAO,44,T4_S0,8
676,multiplas_emergencias,PREEMPCAO,44,T4_S1,10
677,multiplas_emergencias,PREEMPCAO_COMPENSADA,44,A1_L0,15
677,multiplas_emergencias,PREEMPCAO_COMPENSADA,44,A1_L1,19
677,multiplas_emergencias,PREEMPCAO_COMPENSADA,44,A1_L2,25
677,multiplas_emergencias,PREEMPCAO_COMPENSADA,44,A1_L3,25
677,multiplas_emergencias,PREEMPCAO_COMPENSADA,44,A1_O1,24
677,multiplas_emergencias,PREEMPCAO_COMPENSADA,44,A1_O2,23
677,multiplas_emergencias,PREEMPCAO_COMPENSADA,44,A1_O3,21
677,multiplas_emergencias,PREEMPCAO_COMPENSADA,44,A1_O4,14
677,multiplas_emergencias,PREEMPCAO_COMPENSADA,44,A2_L0,18
677,multiplas_emergencias,PREEMPCAO_COMPENSADA,44,A2_L1,21
677,multiplas_emergencias,PREEMPCAO_COMPENSADA,44,A2_L2,21
677,multiplas_emergencias,PREEMPCAO_COMPENSADA,44,A2_L3,21
677,multiplas_emergencias,PREEMPCAO_COMPENSADA,44,A2_O1,25
677,multiplas_emergencias,PREEMPCAO_COMPENSADA,44,A2_O2,21
677,multiplas_emergencias,PREEMPCAO_COMPENSADA,44,A2_O3,19
677,multiplas_emergencias,PREEMPCAO_COMPENSADA,44,A2_O4,15
677,multiplas_emergencias,PREEMPCAO_COMPENSADA,44,T1_N1,11
677,multiplas_emergencias,PREEMPCAO_COMPENSADA,44,T1_N2,8
677,multiplas_emergencias,PREEMPCAO_COMPENSADA,44,T1_S0,9
677,multiplas_emergencias,PREEMPCAO_COMPENSADA,44,T1_S1,11
677,multiplas_emergencias,PREEMPCAO_COMPENSADA,44,T2_N1,9
677,multiplas_emergencias,PREEMPCAO_COMPENSADA,44,T2_N2,8
677,multiplas_emergencias,PREEMPCAO_COMPENSADA,44,T2_S0,10
677,multiplas_emergencias,PREEMPCAO_COMPENSADA,44,T2_S1,10
677,multiplas_emergencias,PREEMPCAO_COMPENSADA,44,T3_N1,10
677,multiplas_emergencias,PREEMPCAO_COMPENSADA,44,T3_N2,7
677,multiplas_emergencias,PREEMPCAO_COMPENSADA,44,T3_S0,9
677,multiplas_emergencias,PREEMPCAO_COMPENSADA,44,T3_S1,9
677,multiplas_emergencias,PREEMPCAO_COMPENSADA,44,T4_N1,11
677,multiplas_emergencias,PREEMPCAO_COMPENSADA,44,T4_N2,7
677,multiplas_emergencias,PREEMPCAO_COMPENSADA,44,T4_S0,8
677,multiplas_emergencias,PREEMPCAO_COMPENSADA,44,T4_S1,11
678,multiplas_emergencias,PREEMPCAO_ML,44,A1_L0,15
678,multiplas_emergencias,PREEMPCAO_ML,44,A1_L1,21
678,multiplas_emergencias,PREEMPCAO_ML,44,A1_L2,21
678,multiplas_emergencias,PREEMPCAO_ML,44,A1_L3,25
678,multiplas_emergencias,PREEMPCAO_ML,44,A1_O1,19
678,multiplas_emergencias,PREEMPCAO_ML,44,A1_O2,19
678,multiplas_emergencias,PREEMPCAO_ML,44,A1_O3,17
678,multiplas_emergencias,PREEMPCAO_ML,44,A1_O4,13
678,multiplas_emergencias,PREEMPCAO_ML,44,A2_L0,14
678,multiplas_emergencias,PREEMPCAO_ML,44,A2_L1,21
678,multiplas_emergencias,PREEMPCAO_ML,44,A2_L2,21
678,multiplas_emergencias,PREEMPCAO_ML,44,A2_L3,22
678,multiplas_emergencias,PREEMPCAO_ML,44,A2_O1,22
678,multiplas_emergencias,PREEMPCAO_ML,44,A2_O2,17
678,multiplas_emergencias,PREEMPCAO_ML,44,A2_O3,22
678,multiplas_emergencias,PREEMPCAO_ML,44,A2_O4,15
678,multiplas_emergencias,PREEMPCAO_ML,44,T1_N1,8
678,multiplas_emergencias,PREEMPCAO_ML,44,T1_N2,8
678,multiplas_emergencias,PREEMPCAO_ML,44,T1_S0,9
678,multiplas_emergencias,PREEMPCAO_ML,44,T1_S1,13
678,multiplas_emergencias,PREEMPCAO_ML,44,T2_N1,10
678,multiplas_emergencias,PREEMPCAO_ML,44,T2_N2,7
678,multiplas_emergencias,PREEMPCAO_ML,44,T2_S0,8
678,multiplas_emergencias,PREEMPCAO_ML,44,T2_S1,7
678,multiplas_emergencias,PREEMPCAO_ML,44,T3_N1,10
678,multiplas_emergencias,PREEMPCAO_ML,44,T3_N2,8
678,multiplas_emergencias,PREEMPCAO_ML,44,T3_S0,9
678,multiplas_emergencias,PREEMPCAO_ML,44,T3_S1,11
678,multiplas_emergencias,PREEMPCAO_ML,44,T4_N1,11
678,multiplas_emergencias,PREEMPCAO_ML,44,T4_N2,9
678,multiplas_emergencias,PREEMPCAO_ML,44,T4_S0,8
678,multiplas_emergencias,PREEMPCAO_ML,44,T4_S1,9
679,leve,FIXO,45,A1_L0,9
679,leve,FIXO,45,A1_L1,13
679,leve,FIXO,45,A1_L2,13
679,leve,FIXO,45,A1_L3,13
679,leve,FIXO,45,A1_O1,12
679,leve,FIXO,45,A1_O2,12
679,leve,FIXO,45,A1_O3,12
679,leve,FIXO,45,A1_O4,8
679,leve,FIXO,45,A2_L0,8
679,leve,FIXO,45,A2_L1,13
679,leve,FIXO,45,A2_L2,13
679,leve,FIXO,45,A2_L3,13
679,leve,FIXO,45,A2_O1,13
679,leve,FIXO,45,A2_O2,13
679,leve,FIXO,45,A2_O3,13
679,leve,FIXO,45,A2_O4,9
679,leve,FIXO,45,T1_N1,5
679,leve,FIXO,45,T1_N2,5
679,leve,FIXO,45,T1_S0,5
679,leve,FIXO,45,T1_S1,6
679,leve,FIXO,45,T2_N1,7
679,leve,FIXO,45,T2_N2,5
679,leve,FIXO,45,T2_S0,4
679,leve,FIXO,45,T2_S1,7
679,leve,FIXO,45,T3_N1,7
679,leve,FIXO,45,T3_N2,4
679,leve,FIXO,45,T3_S0,5
679,leve,FIXO,45,T3_S1,6
679,leve,FIXO,45,T4_N1,6
679,leve,FIXO,45,T4_N2,4
679,leve,FIXO,45,T4_S0,5
679,leve,FIXO,45,T4_S1,7
680,leve,PREEMPCAO,45,A1_L0,9
680,leve,PREEMPCAO,45,A1_L1,13
680,leve,PREEMPCAO,45,A1_L2,13
680,leve,PREEMPCAO,45,A1_L3,13
680,leve,PREEMPCAO,45,A1_O1,8
680,leve,PREEMPCAO,45,A1_O2,10
680,leve,PREEMPCAO,45,A1_O3,10
680,leve,PREEMPCAO,45,A1_O4,8
680,leve,PREEMPCAO,45,A2_L0,9
680,leve,PREEMPCAO,45,A2_L1,8
680,leve,PREEMPCAO,45,A2_L2,9
680,leve,PREEMPCAO,45,A2_L3,10
680,leve,PREEMPCAO,45,A2_O1,11
680,leve,PREEMPCAO,45,A2_O2,11
680,leve,PREEMPCAO,45,A2_O3,13
680,leve,PREEMPCAO,45,A2_O4,7
680,leve,PREEMPCAO,45,T1_N1,5
680,leve,PREEMPCAO,45,T1_N2,5
680,leve,PREEMPCAO,45,T1_S0,4
680,leve,PREEMPCAO,45,T1_S1,5
680,leve,PREEMPCAO,45,T2_N1,6
680,leve,PREEMPCAO,45,T2_N2,6
680,leve,PREEMPCAO,45,T2_S0,5
680,leve,PREEMPCAO,45,T2_S1,7
680,leve,PREEMPCAO,45,T3_N1,4
680,leve,PREEMPCAO,45,T3_N2,4
680,leve,PREEMPCAO,45,T3_S0,4
680,leve,PREEMPCAO,45,T3_S1,5
680,leve,PREEMPCAO,45,T4_N1,7
680,leve,PREEMPCAO,45,T4_N2,4
680,leve,PREEMPCAO,45,T4_S0,5
680,leve,PREEMPCAO,45,T4_S1,7
681,leve,PREEMPCAO_COMPENSADA,45,A1_L0,9
681,leve,PREEMPCAO_COMPENSADA,45,A1_L1,13
681,leve,PREEMPCAO_COMPENSADA,45,A1_L2,13
681,leve,PREEMPCAO_COMPENSADA,45,A1_L3,13
681,leve,PREEMPCAO_COMPENSADA,45,A1_O1,8
681,leve,PREEMPCAO_COMPENSADA,45,A1_O2,10
681,leve,PREEMPCAO_COMPENSADA,45,A1_O3,10
681,leve,PREEMPCAO_COMPENSADA,45,A1_O4,7
681,leve,PREEMPCAO_COMPENSADA,45,A2_L0,8
681,leve,PREEMPCAO_COMPENSADA,45,A2_L1,10
681,leve,PREEMPCAO_COMPENSADA,45,A2_L2,12
681,leve,PREEMPCAO_COMPENSADA,45,A2_L3,13
681,leve,PREEMPCAO_COMPENSADA,45,A2_O1,11
681,leve,PREEMPCAO_COMPENSADA,45,A2_O2,11
681,leve,PREEMPCAO_COMPENSADA,45,A2_O3,12
681,leve,PREEMPCAO_COMPENSADA,45,A2_O4,10
681,leve,PREEMPCAO_COMPENSADA,45,T1_N1,5
681,leve,PREEMPCAO_COMPENSADA,45,T1_N2,5
681,leve,PREEMPCAO_COMPENSADA,45,T1_S0,5
681,leve,PREEMPCAO_COMPENSADA,45,T1_S1,5
681,leve,PREEMPCAO_COMPENSADA,45,T2_N1,5
681,leve,PREEMPCAO_COMPENSADA,45,T2_N2,5
681,leve,PREEMPCAO_COMPENSADA,45,T2_S0,6
681,leve,PREEMPCAO_COMPENSADA,45,T2_S1,6
681,leve,PREEMPCAO_COMPENSADA,45,T3_N1,6
681,leve,PREEMPCAO_COMPENSADA,45,T3_N2,6
681,leve,PREEMPCAO_COMPENSADA,45,T3_S0,4
681,leve,PREEMPCAO_COMPENSADA,45,T3_S1,5
681,leve,PREEMPCAO_COMPENSADA,45,T4_N1,6
681,leve,PREEMPCAO_COMPENSADA,45,T4_N2,5
681,leve,PREEMPCAO_COMPENSADA,45,T4_S0,4
681,leve,PREEMPCAO_COMPENSADA,45,T4_S1,6
682,moderado,FIXO,45,A1_L0,14
682,moderado,FIXO,45,A1_L1,22
682,moderado,FIXO,45,A1_L2,22
682,moderado,FIXO,45,A1_L3,22
682,moderado,FIXO,45,A1_O1,23
682,moderado,FIXO,45,A1_O2,23
682,moderado,FIXO,45,A1_O3,23
682,moderado,FIXO,45,A1_O4,13
682,moderado,FIXO,45,A2_L0,15
682,moderado,FIXO,45,A2_L1,25
682,moderado,FIXO,45,A2_L2,25
682,moderado,FIXO,45,A2_L3,25
682,moderado,FIXO,45,A2_O1,20
682,moderado,FIXO,45,A2_O2,20
682,moderado,FIXO,45,A2_O3,20
682,moderado,FIXO,45,A2_O4,13
682,moderado,FIXO,45,T1_N1,8
682,moderado,FIXO,45,T1_N2,7
682,moderado,FIXO,45,T1_S0,8
682,moderado,FIXO,45,T1_S1,9
682,moderado,FIXO,45,T2_N1,9
682,moderado,FIXO,45,T2_N2,10
682,moderado,FIXO,45,T2_S0,12
682,moderado,FIXO,45,T2_S1,8
682,moderado,FIXO,45,T3_N1,9
682,moderado,FIXO,45,T3_N2,9
682,moderado,FIXO,45,T3_S0,7
682,moderado,FIXO,45,T3_S1,7
682,moderado,FIXO,45,T4_N1,9
682,moderado,FIXO,45,T4_N2,10
682,moderado,FIXO,45,T4_S0,9
682,moderado,FIXO,45,T4_S1,9
683,moderado,PREEMPCAO,45,A1_L0,14
683,moderado,PREEMPCAO,45,A1_L1,21
683,moderado,PREEMPCAO,45,A1_L2,21
683,moderado,PREEMPCAO,45,A1_L3,21
683,moderado,PREEMPCAO,45,A1_O1,23
683,moderado,PREEMPCAO,45,A1_O2,20
683,moderado,PREEMPCAO,45,A1_O3,21
683,moderado,PREEMPCAO,45,A1_O4,13
683,moderado,PREEMPCAO,45,A2_L0,15
683,moderado,PREEMPCAO,45,A2_L1,15
683,moderado,PREEMPCAO,45,A2_L2,15
683,moderado,PREEMPCAO,45,A2_L3,19
683,moderado,PREEMPCAO,45,A2_O1,19
683,moderado,PREEMPCAO,45,A2_O2,19
683,moderado,PREEMPCAO,45,A2_O3,21
683,moderado,PREEMPCAO,45,A2_O4,13
683,moderado,PREEMPCAO,45,T1_N1,11
683,moderado,PREEMPCAO,45,T1_N2,7
683,moderado,PREEMPCAO,45,T1_S0,9
683,moderado,PREEMPCAO,45,T1_S1,9
683,moderado,PREEMPCAO,45,T2_N1,12
683,moderado,PREEMPCAO,45,T2_N2,9
683,moderado,PREEMPCAO,45,T2_S0,12
683,moderado,PREEMPCAO,45,T2_S1,10
683,moderado,PREEMPCAO,45,T3_N1,6
683,moderado,PREEMPCAO,45,T3_N2,9
683,moderado,PREEMPCAO,45,T3_S0,6
683,moderado,PREEMPCAO,45,T3_S1,8
683,moderado,PREEMPCAO,45,T4_N1,9
683,moderado,PREEMPCAO,45,T4_N2,9
683,moderado,PREEMPCAO,45,T4_S0,9
683,moderado,PREEMPCAO,45,T4_S1,10
684,moderado,PREEMPCAO_COMPENSADA,45,A1_L0,14
684,moderado,PREEMPCAO_COMPENSADA,45,A1_L1,21
684,moderado,PREEMPCAO_COMPENSADA,45,A1_L2,21
684,moderado,PREEMPCAO_COMPENSADA,45,A1_L3,21
684,moderado,PREEMPCAO_COMPENSADA,45,A1_O1,19
684,moderado,PREEMPCAO_COMPENSADA,45,A1_O2,20
684,moderado,PREEMPCAO_COMPENSADA,45,A1_O3,21
684,moderado,PREEMPCAO_COMPENSADA,45,A1_O4,17
684,moderado,PREEMPCAO_COMPENSADA,45,A2_L0,17
684,moderado,PREEMPCAO_COMPENSADA,45,A2_L1,22
684,moderado,PREEMPCAO_COMPENSADA,45,A2_L2,23
684,moderado,PREEMPCAO_COMPENSADA,45,A2_L3,18
684,moderado,PREEMPCAO_COMPENSADA,45,A2_O1,19
684,moderado,PREEMPCAO_COMPENSADA,45,A2_O2,19
684,moderado,PREEMPCAO_COMPENSADA,45,A2_O3,22
684,moderado,PREEMPCAO_COMPENSADA,45,A2_O4,17
684,moderado,PREEMPCAO_COMPENSADA,45,T1_N1,9
684,moderado,PREEMPCAO_COMPENSADA,45,T1_N2,9
684,moderado,PREEMPCAO_COMPENSADA,45,T1_S0,9
684,moderado,PREEMPCAO_COMPENSADA,45,T1_S1,11
684,moderado,PREEMPCAO_COMPENSADA,45,T2_N1,12
684,moderado,PREEMPCAO_COMPENSADA,45,T2_N2,9
684,moderado,PREEMPCAO_COMPENSADA,45,T2_S0,13
684,moderado,PREEMPCAO_COMPENSADA,45,T2_S1,10
684,moderado,PREEMPCAO_COMPENSADA,45,T3_N1,9
684,moderado,PREEMPCAO_COMPENSADA,45,T3_N2,9
684,moderado,PREEMPCAO_COMPENSADA,45,T3_S0,6
684,moderado,PREEMPCAO_COMPENSADA,45,T3_S1,9
684,moderado,PREEMPCAO_COMPENSADA,45,T4_N1,11
684,moderado,PREEMPCAO_COMPENSADA,45,T4_N2,8
684,moderado,PREEMPCAO_COMPENSADA,45,T4_S0,7
684,moderado,PREEMPCAO_COMPENSADA,45,T4_S1,8
685,intenso,FIXO,45,A1_L0,23
685,intenso,FIXO,45,A1_L1,27
685,intenso,FIXO,45,A1_L2,28
685,intenso,FIXO,45,A1_L3,27
685,intenso,FIXO,45,A1_O1,28
685,intenso,FIXO,45,A1_O2,28
685,intenso,FIXO,45,A1_O3,28
685,intenso,FIXO,45,A1_O4,20
685,intenso,FIXO,45,A2_L0,22
685,intenso,FIXO,45,A2_L1,28
685,intenso,FIXO,45,A2_L2,28
685,intenso,FIXO,45,A2_L3,28
685,intenso,FIXO,45,A2_O1,28
685,intenso,FIXO,45,A2_O2,28
685,intenso,FIXO,45,A2_O3,27
685,intenso,FIXO,45,A2_O4,23
685,intenso,FIXO,45,T1_N1,9
685,intenso,FIXO,45,T1_N2,12
685,intenso,FIXO,45,T1_S0,14
685,intenso,FIXO,45,T1_S1,9
685,intenso,FIXO,45,T2_N1,9
685,intenso,FIXO,45,T2_N2,11
685,intenso,FIXO,45,T2_S0,13
685,intenso,FIXO,45,T2_S1,9
685,intenso,FIXO,45,T3_N1,10
685,intenso,FIXO,45,T3_N2,15
685,intenso,FIXO,45,T3_S0,13
685,intenso,FIXO,45,T3_S1,9
685,intenso,FIXO,45,T4_N1,9
685,intenso,FIXO,45,T4_N2,15
685,intenso,FIXO,45,T4_S0,15
685,intenso,FIXO,45,T4_S1,9
686,intenso,PREEMPCAO,45,A1_L0,20
686,intenso,PREEMPCAO,45,A1_L1,27
686,intenso,PREEMPCAO,45,A1_L2,28
686,intenso,PREEMPCAO,45,A1_L3,28
686,intenso,PREEMPCAO,45,A1_O1,25
686,intenso,PREEMPCAO,45,A1_O2,26
686,intenso,PREEMPCAO,45,A1_O3,26
686,intenso,PREEMPCAO,45,A1_O4,22
686,intenso,PREEMPCAO,45,A2_L0,26
686,intenso,PREEMPCAO,45,A2_L1,27
686,intenso,PREEMPCAO,45,A2_L2,26
686,intenso,PREEMPCAO,45,A2_L3,28
686,intenso,PREEMPCAO,45,A2_O1,27
686,intenso,PREEMPCAO,45,A2_O2,27
686,intenso,PREEMPCAO,45,A2_O3,27
686,intenso,PREEMPCAO,45,A2_O4,28
686,intenso,PREEMPCAO,45,T1_N1,15
686,intenso,PREEMPCAO,45,T1_N2,15
686,intenso,PREEMPCAO,45,T1_S0,15
686,intenso,PREEMPCAO,45,T1_S1,15
686,intenso,PREEMPCAO,45,T2_N1,12
686,intenso,PREEMPCAO,45,T2_N2,14
686,intenso,PREEMPCAO,45,T2_S0,14
686,intenso,PREEMPCAO,45,T2_S1,13
686,intenso,PREEMPCAO,45,T3_N1,14
686,intenso,PREEMPCAO,45,T3_N2,15
686,intenso,PREEMPCAO,45,T3_S0,13
686,intenso,PREEMPCAO,45,T3_S1,11
686,intenso,PREEMPCAO,45,T4_N1,10
686,intenso,PREEMPCAO,45,T4_N2,15
686,intenso,PREEMPCAO,45,T4_S0,15
686,intenso,PREEMPCAO,45,T4_S1,13
687,intenso,PREEMPCAO_COMPENSADA,45,A1_L0,28
687,intenso,PREEMPCAO_COMPENSADA,45,A1_L1,27
687,intenso,PREEMPCAO_COMPENSADA,45,A1_L2,28
687,intenso,PREEMPCAO_COMPENSADA,45,A1_L3,28
687,intenso,PREEMPCAO_COMPENSADA,45,A1_O1,27
687,intenso,PREEMPCAO_COMPENSADA,45,A1_O2,27
687,intenso,PREEMPCAO_COMPENSADA,45,A1_O3,27
687,intenso,PREEMPCAO_COMPENSADA,45,A1_O4,30
687,intenso,PREEMPCAO_COMPENSADA,45,A2_L0,28
687,intenso,PREEMPCAO_COMPENSADA,45,A2_L1,28
687,intenso,PREEMPCAO_COMPENSADA,45,A2_L2,27
687,intenso,PREEMPCAO_COMPENSADA,45,A2_L3,29
687,intenso,PREEMPCAO_COMPENSADA,45,A2_O1,29
687,intenso,PREEMPCAO_COMPENSADA,45,A2_O2,27
687,intenso,PREEMPCAO_COMPENSADA,45,A2_O3,28
687,intenso,PREEMPCAO_COMPENSADA,45,A2_O4,27
687,intenso,PREEMPCAO_COMPENSADA,45,T1_N1,14
687,intenso,PREEMPCAO_COMPENSADA,45,T1_N2,15
687,intenso,PREEMPCAO_COMPENSADA,45,T1_S0,15
687,intenso,PREEMPCAO_COMPENSADA,45,T1_S1,15
687,intenso,PREEMPCAO_COMPENSADA,45,T2_N1,15
687,intenso,PREEMPCAO_COMPENSADA,45,T2_N2,14
687,intenso,PREEMPCAO_COMPENSADA,45,T2_S0,13
687,intenso,PREEMPCAO_COMPENSADA,45,T2_S1,13
687,intenso,PREEMPCAO_COMPENSADA,45,T3_N1,15
687,intenso,PREEMPCAO_COMPENSADA,45,T3_N2,15
687,intenso,PREEMPCAO_COMPENSADA,45,T3_S0,13
687,intenso,PREEMPCAO_COMPENSADA,45,T3_S1,14
687,intenso,PREEMPCAO_COMPENSADA,45,T4_N1,14
687,intenso,PREEMPCAO_COMPENSADA,45,T4_N2,15
687,intenso,PREEMPCAO_COMPENSADA,45,T4_S0,12
687,intenso,PREEMPCAO_COMPENSADA,45,T4_S1,14
688,multiplas_emergencias,FIXO,45,A1_L0,14
688,multiplas_emergencias,FIXO,45,A1_L1,22
688,multiplas_emergencias,FIXO,45,A1_L2,22
688,multiplas_emergencias,FIXO,45,A1_L3,22
688,multiplas_emergencias,FIXO,45,A1_O1,23
688,multiplas_emergencias,FIXO,45,A1_O2,23
688,multiplas_emergencias,FIXO,45,A1_O3,23
688,multiplas_emergencias,FIXO,45,A1_O4,13
688,multiplas_emergencias,FIXO,45,A2_L0,15
688,multiplas_emergencias,FIXO,45,A2_L1,25
688,multiplas_emergencias,FIXO,45,A2_L2,25
688,multiplas_emergencias,FIXO,45,A2_L3,25
688,multiplas_emergencias,FIXO,45,A2_O1,20
688,multiplas_emergencias,FIXO,45,A2_O2,20
688,multiplas_emergencias,FIXO,45,A2_O3,20
688,multiplas_emergencias,FIXO,45,A2_O4,13
688,multiplas_emergencias,FIXO,45,T1_N1,8
688,multiplas_emergencias,FIXO,45,T1_N2,7
688,multiplas_emergencias,FIXO,45,T1_S0,8
688,multiplas_emergencias,FIXO,45,T1_S1,9
688,multiplas_emergencias,FIXO,45,T2_N1,9
688,multiplas_emergencias,FIXO,45,T2_N2,10
688,multiplas_emergencias,FIXO,45,T2_S0,12
688,multiplas_emergencias,FIXO,45,T2_S1,8
688,multiplas_emergencias,FIXO,45,T3_N1,9
688,multiplas_emergencias,FIXO,45,T3_N2,9
688,multiplas_emergencias,FIXO,45,T3_S0,7
688,multiplas_emergencias,FIXO,45,T3_S1,7
688,multiplas_emergencias,FIXO,45,T4_N1,9
688,multiplas_emergencias,FIXO,45,T4_N2,10
688,multiplas_emergencias,FIXO,45,T4_S0,9
688,multiplas_emergencias,FIXO,45,T4_S1,9
689,multiplas_emergencias,PREEMPCAO,45,A1_L0,14
689,multiplas_emergencias,PREEMPCAO,45,A1_L1,21
689,multiplas_emergencias,PREEMPCAO,45,A1_L2,21
689,multiplas_emergencias,PREEMPCAO,45,A1_L3,21
689,multiplas_emergencias,PREEMPCAO,45,A1_O1,22
689,multiplas_emergencias,PREEMPCAO,45,A1_O2,21
689,multiplas_emergencias,PREEMPCAO,45,A1_O3,21
689,multiplas_emergencias,PREEMPCAO,45,A1_O4,14
689,multiplas_emergencias,PREEMPCAO,45,A2_L0,15
689,multiplas_emergencias,PREEMPCAO,45,A2_L1,15
689,multiplas_emergencias,PREEMPCAO,45,A2_L2,24
689,multiplas_emergencias,PREEMPCAO,45,A2_L3,17
689,multiplas_emergencias,PREEMPCAO,45,A2_O1,19
689,multiplas_emergencias,PREEMPCAO,45,A2_O2,19
689,multiplas_emergencias,PREEMPCAO,45,A2_O3,19
689,multiplas_emergencias,PREEMPCAO,45,A2_O4,13
689,multiplas_emergencias,PREEMPCAO,45,T1_N1,10
689,multiplas_emergencias,PREEMPCAO,45,T1_N2,8
689,multiplas_emergencias,PREEMPCAO,45,T1_S0,9
689,multiplas_emergencias,PREEMPCAO,45,T1_S1,11
689,multiplas_emergencias,PREEMPCAO,45,T2_N1,11
689,multiplas_emergencias,PREEMPCAO,45,T2_N2,11
689,multiplas_emergencias,PREEMPCAO,45,T2_S0,12
689,multiplas_emergencias,PREEMPCAO,45,T2_S1,9
689,multiplas_emergencias,PREEMPCAO,45,T3_N1,11
689,multiplas_emergencias,PREEMPCAO,45,T3_N2,9
689,multiplas_emergencias,PREEMPCAO,45,T3_S0,6
689,multiplas_emergencias,PREEMPCAO,45,T3_S1,10
689,multiplas_emergencias,PREEMPCAO,45,T4_N1,9
689,multiplas_emergencias,PREEMPCAO,45,T4_N2,9
689,multiplas_emergencias,PREEMPCAO,45,T4_S0,9
689,multiplas_emergencias,PREEMPCAO,45,T4_S1,9
690,multiplas_emergencias,PREEMPCAO_COMPENSADA,45,A1_L0,14
690,multiplas_emergencias,PREEMPCAO_COMPENSADA,45,A1_L1,21
690,multiplas_emergencias,PREEMPCAO_COMPENSADA,45,A1_L2,21
690,multiplas_emergencias,PREEMPCAO_COMPENSADA,45,A1_L3,21
690,multiplas_emergencias,PREEMPCAO_COMPENSADA,45,A1_O1,22
690,multiplas_emergencias,PREEMPCAO_COMPENSADA,45,A1_O2,22
690,multiplas_emergencias,PREEMPCAO_COMPENSADA,45,A1_O3,21
690,multiplas_emergencias,PREEMPCAO_COMPENSADA,45,A1_O4,15
690,multiplas_emergencias,PREEMPCAO_COMPENSADA,45,A2_L0,17
690,multiplas_emergencias,PREEMPCAO_COMPENSADA,45,A2_L1,18
690,multiplas_emergencias,PREEMPCAO_COMPENSADA,45,A2_L2,16
690,multiplas_emergencias,PREEMPCAO_COMPENSADA,45,A2_L3,19
690,multiplas_emergencias,PREEMPCAO_COMPENSADA,45,A2_O1,19
690,multiplas_emergencias,PREEMPCAO_COMPENSADA,45,A2_O2,19
690,multiplas_emergencias,PREEMPCAO_COMPENSADA,45,A2_O3,19
690,multiplas_emergencias,PREEMPCAO_COMPENSADA,45,A2_O4,13
690,multiplas_emergencias,PREEMPCAO_COMPENSADA,45,T1_N1,9
690,multiplas_emergencias,PREEMPCAO_COMPENSADA,45,T1_N2,8
690,multiplas_emergencias,PREEMPCAO_COMPENSADA,45,T1_S0,9
690,multiplas_emergencias,PREEMPCAO_COMPENSADA,45,T1_S1,11
690,multiplas_emergencias,PREEMPCAO_COMPENSADA,45,T2_N1,10
690,multiplas_emergencias,PREEMPCAO_COMPENSADA,45,T2_N2,10
690,multiplas_emergencias,PREEMPCAO_COMPENSADA,45,T2_S0,12
690,multiplas_emergencias,PREEMPCAO_COMPENSADA,45,T2_S1,9
690,multiplas_emergencias,PREEMPCAO_COMPENSADA,45,T3_N1,9
690,multiplas_emergencias,PREEMPCAO_COMPENSADA,45,T3_N2,7
690,multiplas_emergencias,PREEMPCAO_COMPENSADA,45,T3_S0,7
690,multiplas_emergencias,PREEMPCAO_COMPENSADA,45,T3_S1,11
690,multiplas_emergencias,PREEMPCAO_COMPENSADA,45,T4_N1,9
690,multiplas_emergencias,PREEMPCAO_COMPENSADA,45,T4_N2,10
690,multiplas_emergencias,PREEMPCAO_COMPENSADA,45,T4_S0,9
690,multiplas_emergencias,PREEMPCAO_COMPENSADA,45,T4_S1,13
691,multiplas_emergencias,PREEMPCAO_ML,45,A1_L0,14
691,multiplas_emergencias,PREEMPCAO_ML,45,A1_L1,21
691,multiplas_emergencias,PREEMPCAO_ML,45,A1_L2,21
691,multiplas_emergencias,PREEMPCAO_ML,45,A1_L3,21
691,multiplas_emergencias,PREEMPCAO_ML,45,A1_O1,20
691,multiplas_emergencias,PREEMPCAO_ML,45,A1_O2,20
691,multiplas_emergencias,PREEMPCAO_ML,45,A1_O3,21
691,multiplas_emergencias,PREEMPCAO_ML,45,A1_O4,13
691,multiplas_emergencias,PREEMPCAO_ML,45,A2_L0,16
691,multiplas_emergencias,PREEMPCAO_ML,45,A2_L1,15
691,multiplas_emergencias,PREEMPCAO_ML,45,A2_L2,15
691,multiplas_emergencias,PREEMPCAO_ML,45,A2_L3,20
691,multiplas_emergencias,PREEMPCAO_ML,45,A2_O1,19
691,multiplas_emergencias,PREEMPCAO_ML,45,A2_O2,19
691,multiplas_emergencias,PREEMPCAO_ML,45,A2_O3,19
691,multiplas_emergencias,PREEMPCAO_ML,45,A2_O4,13
691,multiplas_emergencias,PREEMPCAO_ML,45,T1_N1,10
691,multiplas_emergencias,PREEMPCAO_ML,45,T1_N2,8
691,multiplas_emergencias,PREEMPCAO_ML,45,T1_S0,9
691,multiplas_emergencias,PREEMPCAO_ML,45,T1_S1,8
691,multiplas_emergencias,PREEMPCAO_ML,45,T2_N1,11
691,multiplas_emergencias,PREEMPCAO_ML,45,T2_N2,10
691,multiplas_emergencias,PREEMPCAO_ML,45,T2_S0,12
691,multiplas_emergencias,PREEMPCAO_ML,45,T2_S1,9
691,multiplas_emergencias,PREEMPCAO_ML,45,T3_N1,8
691,multiplas_emergencias,PREEMPCAO_ML,45,T3_N2,8
691,multiplas_emergencias,PREEMPCAO_ML,45,T3_S0,10
691,multiplas_emergencias,PREEMPCAO_ML,45,T3_S1,9
691,multiplas_emergencias,PREEMPCAO_ML,45,T4_N1,11
691,multiplas_emergencias,PREEMPCAO_ML,45,T4_N2,8
691,multiplas_emergencias,PREEMPCAO_ML,45,T4_S0,9
691,multiplas_emergencias,PREEMPCAO_ML,45,T4_S1,10
692,leve,FIXO,46,A1_L0,8
692,leve,FIXO,46,A1_L1,12
692,leve,FIXO,46,A1_L2,12
692,leve,FIXO,46,A1_L3,12
692,leve,FIXO,46,A1_O1,12
692,leve,FIXO,46,A1_O2,12
692,leve,FIXO,46,A1_O3,12
692,leve,FIXO,46,A1_O4,8
692,leve,FIXO,46,A2_L0,6
692,leve,FIXO,46,A2_L1,12
692,leve,FIXO,46,A2_L2,12
692,leve,FIXO,46,A2_L3,12
692,leve,FIXO,46,A2_O1,13
692,leve,FIXO,46,A2_O2,13
692,leve,FIXO,46,A2_O3,13
692,leve,FIXO,46,A2_O4,8
692,leve,FIXO,46,T1_N1,8
692,leve,FIXO,46,T1_N2,4
692,leve,FIXO,46,T1_S0,6
692,leve,FIXO,46,T1_S1,7
692,leve,FIXO,46,T2_N1,6
692,leve,FIXO,46,T2_N2,4
692,leve,FIXO,46,T2_S0,5
692,leve,FIXO,46,T2_S1,8
692,leve,FIXO,46,T3_N1,6
692,leve,FIXO,46,T3_N2,5
692,leve,FIXO,46,T3_S0,5
692,leve,FIXO,46,T3_S1,5
692,leve,FIXO,46,T4_N1,5
692,leve,FIXO,46,T4_N2,4
692,leve,FIXO,46,T4_S0,6
692,leve,FIXO,46,T4_S1,7
693,leve,PREEMPCAO,46,A1_L0,8
693,leve,PREEMPCAO,46,A1_L1,7
693,leve,PREEMPCAO,46,A1_L2,12
693,leve,PREEMPCAO,46,A1_L3,8
693,leve,PREEMPCAO,46,A1_O1,9
693,leve,PREEMPCAO,46,A1_O2,10
693,leve,PREEMPCAO,46,A1_O3,10
693,leve,PREEMPCAO,46,A1_O4,8
693,leve,PREEMPCAO,46,A2_L0,8
693,leve,PREEMPCAO,46,A2_L1,10
693,leve,PREEMPCAO,46,A2_L2,10
693,leve,PREEMPCAO,46,A2_L3,10
693,leve,PREEMPCAO,46,A2_O1,8
693,leve,PREEMPCAO,46,A2_O2,11
693,leve,PREEMPCAO,46,A2_O3,12
693,leve,PREEMPCAO,46,A2_O4,8
693,leve,PREEMPCAO,46,T1_N1,7
693,leve,PREEMPCAO,46,T1_N2,5
693,leve,PREEMPCAO,46,T1_S0,5
693,leve,PREEMPCAO,46,T1_S1,7
693,leve,PREEMPCAO,46,T2_N1,8
693,leve,PREEMPCAO,46,T2_N2,4
693,leve,PREEMPCAO,46,T2_S0,5
693,leve,PREEMPCAO,46,T2_S1,8
693,leve,PREEMPCAO,46,T3_N1,6
693,leve,PREEMPCAO,46,T3_N2,5
693,leve,PREEMPCAO,46,T3_S0,4
693,leve,PREEMPCAO,46,T3_S1,4
693,leve,PREEMPCAO,46,T4_N1,6
693,leve,PREEMPCAO,46,T4_N2,5
693,leve,PREEMPCAO,46,T4_S0,6
693,leve,PREEMPCAO,46,T4_S1,7
694,leve,PREEMPCAO_COMPENSADA,46,A1_L0,7
694,leve,PREEMPCAO_COMPENSADA,46,A1_L1,10
694,leve,PREEMPCAO_COMPENSADA,46,A1_L2,12
694,leve,PREEMPCAO_COMPENSADA,46,A1_L3,10
694,leve,PREEMPCAO_COMPENSADA,46,A1_O1,11
694,leve,PREEMPCAO_COMPENSADA,46,A1_O2,10
694,leve,PREEMPCAO_COMPENSADA,46,A1_O3,10
694,leve,PREEMPCAO_COMPENSADA,46,A1_O4,8
694,leve,PREEMPCAO_COMPENSADA,46,A2_L0,8
694,leve,PREEMPCAO_COMPENSADA,46,A2_L1,10
694,leve,PREEMPCAO_COMPENSADA,46,A2_L2,10
694,leve,PREEMPCAO_COMPENSADA,46,A2_L3,11
694,leve,PREEMPCAO_COMPENSADA,46,A2_O1,12
694,leve,PREEMPCAO_COMPENSADA,46,A2_O2,8
694,leve,PREEMPCAO_COMPENSADA,46,A2_O3,8
694,leve,PREEMPCAO_COMPENSADA,46,A2_O4,7
694,leve,PREEMPCAO_COMPENSADA,46,T1_N1,5
694,leve,PREEMPCAO_COMPENSADA,46,T1_N2,7
694,leve,PREEMPCAO_COMPENSADA,46,T1_S0,5
694,leve,PREEMPCAO_COMPENSADA,46,T1_S1,6
694,leve,PREEMPCAO_COMPENSADA,46,T2_N1,5
694,leve,PREEMPCAO_COMPENSADA,46,T2_N2,4
694,leve,PREEMPCAO_COMPENSADA,46,T2_S0,6
694,leve,PREEMPCAO_COMPENSADA,46,T2_S1,6
694,leve,PREEMPCAO_COMPENSADA,46,T3_N1,7
694,leve,PREEMPCAO_COMPENSADA,46,T3_N2,5
694,leve,PREEMPCAO_COMPENSADA,46,T3_S0,5
694,leve,PREEMPCAO_COMPENSADA,46,T3_S1,4
694,leve,PREEMPCAO_COMPENSADA,46,T4_N1,6
694,leve,PREEMPCAO_COMPENSADA,46,T4_N2,4
694,leve,PREEMPCAO_COMPENSADA,46,T4_S0,6
694,leve,PREEMPCAO_COMPENSADA,46,T4_S1,7
695,moderado,FIXO,46,A1_L0,14
695,moderado,FIXO,46,A1_L1,23
695,moderado,FIXO,46,A1_L2,23
695,moderado,FIXO,46,A1_L3,23
695,moderado,FIXO,46,A1_O1,24
695,moderado,FIXO,46,A1_O2,24
695,moderado,FIXO,46,A1_O3,23
695,moderado,FIXO,46,A1_O4,15
695,moderado,FIXO,46,A2_L0,13
695,moderado,FIXO,46,A2_L1,24
695,moderado,FIXO,46,A2_L2,24
695,moderado,FIXO,46,A2_L3,24
695,moderado,FIXO,46,A2_O1,22
695,moderado,FIXO,46,A2_O2,22
695,moderado,FIXO,46,A2_O3,22
695,moderado,FIXO,46,A2_O4,15
695,moderado,FIXO,46,T1_N1,8
695,moderado,FIXO,46,T1_N2,7
695,moderado,FIXO,46,T1_S0,8
695,moderado,FIXO,46,T1_S1,9
695,moderado,FIXO,46,T2_N1,8
695,moderado,FIXO,46,T2_N2,7
695,moderado,FIXO,46,T2_S0,8
695,moderado,FIXO,46,T2_S1,8
695,moderado,FIXO,46,T3_N1,9
695,moderado,FIXO,46,T3_N2,7
695,moderado,FIXO,46,T3_S0,9
695,moderado,FIXO,46,T3_S1,9
695,moderado,FIXO,46,T4_N1,9
695,moderado,FIXO,46,T4_N2,10
695,moderado,FIXO,46,T4_S0,7
695,moderado,FIXO,46,T4_S1,9
696,moderado,PREEMPCAO,46,A1_L0,14
696,moderado,PREEMPCAO,46,A1_L1,20
696,moderado,PREEMPCAO,46,A1_L2,19
696,moderado,PREEMPCAO,46,A1_L3,24
696,moderado,PREEMPCAO,46,A1_O1,19
696,moderado,PREEMPCAO,46,A1_O2,19
696,moderado,PREEMPCAO,46,A1_O3,19
696,moderado,PREEMPCAO,46,A1_O4,17
696,moderado,PREEMPCAO,46,A2_L0,14
696,moderado,PREEMPCAO,46,A2_L1,18
696,moderado,PREEMPCAO,46,A2_L2,18
696,moderado,PREEMPCAO,46,A2_L3,23
696,moderado,PREEMPCAO,46,A2_O1,16
696,moderado,PREEMPCAO,46,A2_O2,19
696,moderado,PREEMPCAO,46,A2_O3,19
696,moderado,PREEMPCAO,46,A2_O4,14
696,moderado,PREEMPCAO,46,T1_N1,8
696,moderado,PREEMPCAO,46,T1_N2,12
696,moderado,PREEMPCAO,46,T1_S0,12
696,moderado,PREEMPCAO,46,T1_S1,12
696,moderado,PREEMPCAO,46,T2_N1,6
696,moderado,PREEMPCAO,46,T2_N2,7
696,moderado,PREEMPCAO,46,T2_S0,8
696,moderado,PREEMPCAO,46,T2_S1,10
696,moderado,PREEMPCAO,46,T3_N1,10
696,moderado,PREEMPCAO,46,T3_N2,7
696,moderado,PREEMPCAO,46,T3_S0,9
696,moderado,PREEMPCAO,46,T3_S1,11
696,moderado,PREEMPCAO,46,T4_N1,9
696,moderado,PREEMPCAO,46,T4_N2,7
696,moderado,PREEMPCAO,46,T4_S0,8
696,moderado,PREEMPCAO,46,T4_S1,11
697,moderado,PREEMPCAO_COMPENSADA,46,A1_L0,13
697,moderado,PREEMPCAO_COMPENSADA,46,A1_L1,22
697,moderado,PREEMPCAO_COMPENSADA,46,A1_L2,19
697,moderado,PREEMPCAO_COMPENSADA,46,A1_L3,24
697,moderado,PREEMPCAO_COMPENSADA,46,A1_O1,22
697,moderado,PREEMPCAO_COMPENSADA,46,A1_O2,20
697,moderado,PREEMPCAO_COMPENSADA,46,A1_O3,22
697,moderado,PREEMPCAO_COMPENSADA,46,A1_O4,14
697,moderado,PREEMPCAO_COMPENSADA,46,A2_L0,15
697,moderado,PREEMPCAO_COMPENSADA,46,A2_L1,20
697,moderado,PREEMPCAO_COMPENSADA,46,A2_L2,26
697,moderado,PREEMPCAO_COMPENSADA,46,A2_L3,23
697,moderado,PREEMPCAO_COMPENSADA,46,A2_O1,17
697,moderado,PREEMPCAO_COMPENSADA,46,A2_O2,19
697,moderado,PREEMPCAO_COMPENSADA,46,A2_O3,21
697,moderado,PREEMPCAO_COMPENSADA,46,A2_O4,11
697,moderado,PREEMPCAO_COMPENSADA,46,T1_N1,13
697,moderado,PREEMPCAO_COMPENSADA,46,T1_N2,9
697,moderado,PREEMPCAO_COMPENSADA,46,T1_S0,12
697,moderado,PREEMPCAO_COMPENSADA,46,T1_S1,13
697,moderado,PREEMPCAO_COMPENSADA,46,T2_N1,11
697,moderado,PREEMPCAO_COMPENSADA,46,T2_N2,8
697,moderado,PREEMPCAO_COMPENSADA,46,T2_S0,8
697,moderado,PREEMPCAO_COMPENSADA,46,T2_S1,9
697,moderado,PREEMPCAO_COMPENSADA,46,T3_N1,10
697,moderado,PREEMPCAO_COMPENSADA,46,T3_N2,8
697,moderado,PREEMPCAO_COMPENSADA,46,T3_S0,9
697,moderado,PREEMPCAO_COMPENSADA,46,T3_S1,8
697,moderado,PREEMPCAO_COMPENSADA,46,T4_N1,12
697,moderado,PREEMPCAO_COMPENSADA,46,T4_N2,10
697,moderado,PREEMPCAO_COMPENSADA,46,T4_S0,8
697,moderado,PREEMPCAO_COMPENSADA,46,T4_S1,9
698,intenso,FIXO,46,A1_L0,24
698,intenso,FIXO,46,A1_L1,28
698,intenso,FIXO,46,A1_L2,28
698,intenso,FIXO,46,A1_L3,28
698,intenso,FIXO,46,A1_O1,27
698,intenso,FIXO,46,A1_O2,28
698,intenso,FIXO,46,A1_O3,27
698,intenso,FIXO,46,A1_O4,29
698,intenso,FIXO,46,A2_L0,23
698,intenso,FIXO,46,A2_L1,28
698,intenso,FIXO,46,A2_L2,28
698,intenso,FIXO,46,A2_L3,27
698,intenso,FIXO,46,A2_O1,27
698,intenso,FIXO,46,A2_O2,27
698,intenso,FIXO,46,A2_O3,27
698,intenso,FIXO,46,A2_O4,22
698,intenso,FIXO,46,T1_N1,9
698,intenso,FIXO,46,T1_N2,13
698,intenso,FIXO,46,T1_S0,15
698,intenso,FIXO,46,T1_S1,9
698,intenso,FIXO,46,T2_N1,9
698,intenso,FIXO,46,T2_N2,14
698,intenso,FIXO,46,T2_S0,13
698,intenso,FIXO,46,T2_S1,10
698,intenso,FIXO,46,T3_N1,9
698,intenso,FIXO,46,T3_N2,13
698,intenso,FIXO,46,T3_S0,14
698,intenso,FIXO,46,T3_S1,9
698,intenso,FIXO,46,T4_N1,8
698,intenso,FIXO,46,T4_N2,13
698,intenso,FIXO,46,T4_S0,13
698,intenso,FIXO,46,T4_S1,9
699,intenso,PREEMPCAO,46,A1_L0,24
699,intenso,PREEMPCAO,46,A1_L1,26
699,intenso,PREEMPCAO,46,A1_L2,26
699,intenso,PREEMPCAO,46,A1_L3,27
699,intenso,PREEMPCAO,46,A1_O1,27
699,intenso,PREEMPCAO,46,A1_O2,27
699,intenso,PREEMPCAO,46,A1_O3,27
699,intenso,PREEMPCAO,46,A1_O4,26
699,intenso,PREEMPCAO,46,A2_L0,25
699,intenso,PREEMPCAO,46,A2_L1,28
699,intenso,PREEMPCAO,46,A2_L2,26
699,intenso,PREEMPCAO,46,A2_L3,27
699,intenso,PREEMPCAO,46,A2_O1,25
699,intenso,PREEMPCAO,46,A2_O2,24
699,intenso,PREEMPCAO,46,A2_O3,25
699,intenso,PREEMPCAO,46,A2_O4,24
699,intenso,PREEMPCAO,46,T1_N1,14
699,intenso,PREEMPCAO,46,T1_N2,14
699,intenso,PREEMPCAO,46,T1_S0,15
699,intenso,PREEMPCAO,46,T1_S1,15
699,intenso,PREEMPCAO,46,T2_N1,14
699,intenso,PREEMPCAO,46,T2_N2,14
699,intenso,PREEMPCAO,46,T2_S0,14
699,intenso,PREEMPCAO,46,T2_S1,13
699,intenso,PREEMPCAO,46,T3_N1,14
699,intenso,PREEMPCAO,46,T3_N2,14
699,intenso,PREEMPCAO,46,T3_S0,14
699,intenso,PREEMPCAO,46,T3_S1,9
699,intenso,PREEMPCAO,46,T4_N1,11
699,intenso,PREEMPCAO,46,T4_N2,13
699,intenso,PREEMPCAO,46,T4_S0,13
699,intenso,PREEMPCAO,46,T4_S1,13
700,intenso,PREEMPCAO_COMPENSADA,46,A1_L0,25
700,intenso,PREEMPCAO_COMPENSADA,46,A1_L1,26
700,intenso,PREEMPCAO_COMPENSADA,46,A1_L2,26
700,intenso,PREEMPCAO_COMPENSADA,46,A1_L3,26
700,intenso,PREEMPCAO_COMPENSADA,46,A1_O1,28
700,intenso,PREEMPCAO_COMPENSADA,46,A1_O2,27
700,intenso,PREEMPCAO_COMPENSADA,46,A1_O3,28
700,intenso,PREEMPCAO_COMPENSADA,46,A1_O4,28
700,intenso,PREEMPCAO_COMPENSADA,46,A2_L0,27
700,intenso,PREEMPCAO_COMPENSADA,46,A2_L1,28
700,intenso,PREEMPCAO_COMPENSADA,46,A2_L2,28
700,intenso,PREEMPCAO_COMPENSADA,46,A2_L3,27
700,intenso,PREEMPCAO_COMPENSADA,46,A2_O1,27
700,intenso,PREEMPCAO_COMPENSADA,46,A2_O2,26
700,intenso,PREEMPCAO_COMPENSADA,46,A2_O3,28
700,intenso,PREEMPCAO_COMPENSADA,46,A2_O4,27
700,intenso,PREEMPCAO_COMPENSADA,46,T1_N1,15
700,intenso,PREEMPCAO_COMPENSADA,46,T1_N2,15
700,intenso,PREEMPCAO_COMPENSADA,46,T1_S0,15
700,intenso,PREEMPCAO_COMPENSADA,46,T1_S1,15
700,intenso,PREEMPCAO_COMPENSADA,46,T2_N1,14
700,intenso,PREEMPCAO_COMPENSADA,46,T2_N2,15
700,intenso,PREEMPCAO_COMPENSADA,46,T2_S0,15
700,intenso,PREEMPCAO_COMPENSADA,46,T2_S1,15
700,intenso,PREEMPCAO_COMPENSADA,46,T3_N1,13
700,intenso,PREEMPCAO_COMPENSADA,46,T3_N2,13
700,intenso,PREEMPCAO_COMPENSADA,46,T3_S0,15
700,intenso,PREEMPCAO_COMPENSADA,46,T3_S1,12
700,intenso,PREEMPCAO_COMPENSADA,46,T4_N1,14
700,intenso,PREEMPCAO_COMPENSADA,46,T4_N2,15
700,intenso,PREEMPCAO_COMPENSADA,46,T4_S0,15
700,intenso,PREEMPCAO_COMPENSADA,46,T4_S1,13
701,multiplas_emergencias,FIXO,46,A1_L0,14
701,multiplas_emergencias,FIXO,46,A1_L1,23
701,multiplas_emergencias,FIXO,46,A1_L2,23
701,multiplas_emergencias,FIXO,46,A1_L3,23
701,multiplas_emergencias,FIXO,46,A1_O1,23
701,multiplas_emergencias,FIXO,46,A1_O2,23
701,multiplas_emergencias,FIXO,46,A1_O3,23
701,multiplas_emergencias,FIXO,46,A1_O4,15
701,multiplas_emergencias,FIXO,46,A2_L0,13
701,multiplas_emergencias,FIXO,46,A2_L1,24
701,multiplas_emergencias,FIXO,46,A2_L2,24
701,multiplas_emergencias,FIXO,46,A2_L3,24
701,multiplas_emergencias,FIXO,46,A2_O1,22
701,multiplas_emergencias,FIXO,46,A2_O2,22
701,multiplas_emergencias,FIXO,46,A2_O3,22
701,multiplas_emergencias,FIXO,46,A2_O4,15
701,multiplas_emergencias,FIXO,46,T1_N1,8
701,multiplas_emergencias,FIXO,46,T1_N2,7
701,multiplas_emergencias,FIXO,46,T1_S0,8
701,multiplas_emergencias,FIXO,46,T1_S1,9
701,multiplas_emergencias,FIXO,46,T2_N1,8
701,multiplas_emergencias,FIXO,46,T2_N2,7
701,multiplas_emergencias,FIXO,46,T2_S0,9
701,multiplas_emergencias,FIXO,46,T2_S1,8
701,multiplas_emergencias,FIXO,46,T3_N1,9
701,multiplas_emergencias,FIXO,46,T3_N2,7
701,multiplas_emergencias,FIXO,46,T3_S0,9
701,multiplas_emergencias,FIXO,46,T3_S1,9
701,multiplas_emergencias,FIXO,46,T4_N1,9
701,multiplas_emergencias,FIXO,46,T4_N2,10
701,multiplas_emergencias,FIXO,46,T4_S0,7
701,multiplas_emergencias,FIXO,46,T4_S1,9
702,multiplas_emergencias,PREEMPCAO,46,A1_L0,14
702,multiplas_emergencias,PREEMPCAO,46,A1_L1,26
702,multiplas_emergencias,PREEMPCAO,46,A1_L2,19
702,multiplas_emergencias,PREEMPCAO,46,A1_L3,19
702,multiplas_emergencias,PREEMPCAO,46,A1_O1,19
702,multiplas_emergencias,PREEMPCAO,46,A1_O2,19
702,multiplas_emergencias,PREEMPCAO,46,A1_O3,22
702,multiplas_emergencias,PREEMPCAO,46,A1_O4,14
702,multiplas_emergencias,PREEMPCAO,46,A2_L0,15
702,multiplas_emergencias,PREEMPCAO,46,A2_L1,22
702,multiplas_emergencias,PREEMPCAO,46,A2_L2,25
702,multiplas_emergencias,PREEMPCAO,46,A2_L3,23
702,multiplas_emergencias,PREEMPCAO,46,A2_O1,16
702,multiplas_emergencias,PREEMPCAO,46,A2_O2,23
702,multiplas_emergencias,PREEMPCAO,46,A2_O3,19
702,multiplas_emergencias,PREEMPCAO,46,A2_O4,13
702,multiplas_emergencias,PREEMPCAO,46,T1_N1,10
702,multiplas_emergencias,PREEMPCAO,46,T1_N2,10
702,multiplas_emergencias,PREEMPCAO,46,T1_S0,12
702,multiplas_emergencias,PREEMPCAO,46,T1_S1,12
702,multiplas_emergencias,PREEMPCAO,46,T2_N1,12
702,multiplas_emergencias,PREEMPCAO,46,T2_N2,10
702,multiplas_emergencias,PREEMPCAO,46,T2_S0,8
702,multiplas_emergencias,PREEMPCAO,46,T2_S1,8
702,multiplas_emergencias,PREEMPCAO,46,T3_N1,9
702,multiplas_emergencias,PREEMPCAO,46,T3_N2,7
702,multiplas_emergencias,PREEMPCAO,46,T3_S0,8
702,multiplas_emergencias,PREEMPCAO,46,T3_S1,8
702,multiplas_emergencias,PREEMPCAO,46,T4_N1,11
702,multiplas_emergencias,PREEMPCAO,46,T4_N2,7
702,multiplas_emergencias,PREEMPCAO,46,T4_S0,8
702,multiplas_emergencias,PREEMPCAO,46,T4_S1,10
703,multiplas_emergencias,PREEMPCAO_COMPENSADA,46,A1_L0,13
703,multiplas_emergencias,PREEMPCAO_COMPENSADA,46,A1_L1,26
703,multiplas_emergencias,PREEMPCAO_COMPENSADA,46,A1_L2,21
703,multiplas_emergencias,PREEMPCAO_COMPENSADA,46,A1_L3,25
703,multiplas_emergencias,PREEMPCAO_COMPENSADA,46,A1_O1,19
703,multiplas_emergencias,PREEMPCAO_COMPENSADA,46,A1_O2,19
703,multiplas_emergencias,PREEMPCAO_COMPENSADA,46,A1_O3,19
703,multiplas_emergencias,PREEMPCAO_COMPENSADA,46,A1_O4,16
703,multiplas_emergencias,PREEMPCAO_COMPENSADA,46,A2_L0,17
703,multiplas_emergencias,PREEMPCAO_COMPENSADA,46,A2_L1,25
703,multiplas_emergencias,PREEMPCAO_COMPENSADA,46,A2_L2,20
703,multiplas_emergencias,PREEMPCAO_COMPENSADA,46,A2_L3,20
703,multiplas_emergencias,PREEMPCAO_COMPENSADA,46,A2_O1,19
703,multiplas_emergencias,PREEMPCAO_COMPENSADA,46,A2_O2,19
703,multiplas_emergencias,PREEMPCAO_COMPENSADA,46,A2_O3,19
703,multiplas_emergencias,PREEMPCAO_COMPENSADA,46,A2_O4,13
703,multiplas_emergencias,PREEMPCAO_COMPENSADA,46,T1_N1,10
703,multiplas_emergencias,PREEMPCAO_COMPENSADA,46,T1_N2,10
703,multiplas_emergencias,PREEMPCAO_COMPENSADA,46,T1_S0,12
703,multiplas_emergencias,PREEMPCAO_COMPENSADA,46,T1_S1,13
703,multiplas_emergencias,PREEMPCAO_COMPENSADA,46,T2_N1,11
703,multiplas_emergencias,PREEMPCAO_COMPENSADA,46,T2_N2,11
703,multiplas_emergencias,PREEMPCAO_COMPENSADA,46,T2_S0,6
703,multiplas_emergencias,PREEMPCAO_COMPENSADA,46,T2_S1,9
703,multiplas_emergencias,PREEMPCAO_COMPENSADA,46,T3_N1,11
703,multiplas_emergencias,PREEMPCAO_COMPENSADA,46,T3_N2,8
703,multiplas_emergencias,PREEMPCAO_COMPENSADA,46,T3_S0,7
703,multiplas_emergencias,PREEMPCAO_COMPENSADA,46,T3_S1,11
703,multiplas_emergencias,PREEMPCAO_COMPENSADA,46,T4_N1,12
703,multiplas_emergencias,PREEMPCAO_COMPENSADA,46,T4_N2,9
703,multiplas_emergencias,PREEMPCAO_COMPENSADA,46,T4_S0,7
703,multiplas_emergencias,PREEMPCAO_COMPENSADA,46,T4_S1,13
704,multiplas_emergencias,PREEMPCAO_ML,46,A1_L0,14
704,multiplas_emergencias,PREEMPCAO_ML,46,A1_L1,20
704,multiplas_emergencias,PREEMPCAO_ML,46,A1_L2,19
704,multiplas_emergencias,PREEMPCAO_ML,46,A1_L3,24
704,multiplas_emergencias,PREEMPCAO_ML,46,A1_O1,19
704,multiplas_emergencias,PREEMPCAO_ML,46,A1_O2,19
704,multiplas_emergencias,PREEMPCAO_ML,46,A1_O3,19
704,multiplas_emergencias,PREEMPCAO_ML,46,A1_O4,17
704,multiplas_emergencias,PREEMPCAO_ML,46,A2_L0,15
704,multiplas_emergencias,PREEMPCAO_ML,46,A2_L1,18
704,multiplas_emergencias,PREEMPCAO_ML,46,A2_L2,19
704,multiplas_emergencias,PREEMPCAO_ML,46,A2_L3,20
704,multiplas_emergencias,PREEMPCAO_ML,46,A2_O1,16
704,multiplas_emergencias,PREEMPCAO_ML,46,A2_O2,19
704,multiplas_emergencias,PREEMPCAO_ML,46,A2_O3,18
704,multiplas_emergencias,PREEMPCAO_ML,46,A2_O4,13
704,multiplas_emergencias,PREEMPCAO_ML,46,T1_N1,9
704,multiplas_emergencias,PREEMPCAO_ML,46,T1_N2,10
704,multiplas_emergencias,PREEMPCAO_ML,46,T1_S0,12
704,multiplas_emergencias,PREEMPCAO_ML,46,T1_S1,12
704,multiplas_emergencias,PREEMPCAO_ML,46,T2_N1,11
704,multiplas_emergencias,PREEMPCAO_ML,46,T2_N2,7
704,multiplas_emergencias,PREEMPCAO_ML,46,T2_S0,8
704,multiplas_emergencias,PREEMPCAO_ML,46,T2_S1,8
704,multiplas_emergencias,PREEMPCAO_ML,46,T3_N1,10
704,multiplas_emergencias,PREEMPCAO_ML,46,T3_N2,10
704,multiplas_emergencias,PREEMPCAO_ML,46,T3_S0,9
704,multiplas_emergencias,PREEMPCAO_ML,46,T3_S1,11
704,multiplas_emergencias,PREEMPCAO_ML,46,T4_N1,9
704,multiplas_emergencias,PREEMPCAO_ML,46,T4_N2,10
704,multiplas_emergencias,PREEMPCAO_ML,46,T4_S0,11
704,multiplas_emergencias,PREEMPCAO_ML,46,T4_S1,11
705,leve,FIXO,47,A1_L0,12
705,leve,FIXO,47,A1_L1,14
705,leve,FIXO,47,A1_L2,14
705,leve,FIXO,47,A1_L3,14
705,leve,FIXO,47,A1_O1,11
705,leve,FIXO,47,A1_O2,11
705,leve,FIXO,47,A1_O3,11
705,leve,FIXO,47,A1_O4,7
705,leve,FIXO,47,A2_L0,10
705,leve,FIXO,47,A2_L1,12
705,leve,FIXO,47,A2_L2,12
705,leve,FIXO,47,A2_L3,12
705,leve,FIXO,47,A2_O1,12
705,leve,FIXO,47,A2_O2,12
705,leve,FIXO,47,A2_O3,12
705,leve,FIXO,47,A2_O4,10
705,leve,FIXO,47,T1_N1,7
705,leve,FIXO,47,T1_N2,4
705,leve,FIXO,47,T1_S0,4
705,leve,FIXO,47,T1_S1,7
705,leve,FIXO,47,T2_N1,5
705,leve,FIXO,47,T2_N2,3
705,leve,FIXO,47,T2_S0,5
705,leve,FIXO,47,T2_S1,6
705,leve,FIXO,47,T3_N1,6
705,leve,FIXO,47,T3_N2,6
705,leve,FIXO,47,T3_S0,5
705,leve,FIXO,47,T3_S1,6
705,leve,FIXO,47,T4_N1,6
705,leve,FIXO,47,T4_N2,6
705,leve,FIXO,47,T4_S0,6
705,leve,FIXO,47,T4_S1,7
706,leve,PREEMPCAO,47,A1_L0,7
706,leve,PREEMPCAO,47,A1_L1,16
706,leve,PREEMPCAO,47,A1_L2,12
706,leve,PREEMPCAO,47,A1_L3,12
706,leve,PREEMPCAO,47,A1_O1,9
706,leve,PREEMPCAO,47,A1_O2,10
706,leve,PREEMPCAO,47,A1_O3,10
706,leve,PREEMPCAO,47,A1_O4,7
706,leve,PREEMPCAO,47,A2_L0,7
706,leve,PREEMPCAO,47,A2_L1,12
706,leve,PREEMPCAO,47,A2_L2,8
706,leve,PREEMPCAO,47,A2_L3,11
706,leve,PREEMPCAO,47,A2_O1,8
706,leve,PREEMPCAO,47,A2_O2,8
706,leve,PREEMPCAO,47,A2_O3,12
706,leve,PREEMPCAO,47,A2_O4,10
706,leve,PREEMPCAO,47,T1_N1,6
706,leve,PREEMPCAO,47,T1_N2,5
706,leve,PREEMPCAO,47,T1_S0,5
706,leve,PREEMPCAO,47,T1_S1,7
706,leve,PREEMPCAO,47,T2_N1,4
706,leve,PREEMPCAO,47,T2_N2,4
706,leve,PREEMPCAO,47,T2_S0,5
706,leve,PREEMPCAO,47,T2_S1,7
706,leve,PREEMPCAO,47,T3_N1,7
706,leve,PREEMPCAO,47,T3_N2,6
706,leve,PREEMPCAO,47,T3_S0,6
706,leve,PREEMPCAO,47,T3_S1,7
706,leve,PREEMPCAO,47,T4_N1,7
706,leve,PREEMPCAO,47,T4_N2,5
706,leve,PREEMPCAO,47,T4_S0,4
706,leve,PREEMPCAO,47,T4_S1,8
707,leve,PREEMPCAO_COMPENSADA,47,A1_L0,11
707,leve,PREEMPCAO_COMPENSADA,47,A1_L1,12
707,leve,PREEMPCAO_COMPENSADA,47,A1_L2,12
707,leve,PREEMPCAO_COMPENSADA,47,A1_L3,12
707,leve,PREEMPCAO_COMPENSADA,47,A1_O1,9
707,leve,PREEMPCAO_COMPENSADA,47,A1_O2,10
707,leve,PREEMPCAO_COMPENSADA,47,A1_O3,10
707,leve,PREEMPCAO_COMPENSADA,47,A1_O4,8
707,leve,PREEMPCAO_COMPENSADA,47,A2_L0,11
707,leve,PREEMPCAO_COMPENSADA,47,A2_L1,8
707,leve,PREEMPCAO_COMPENSADA,47,A2_L2,11
707,leve,PREEMPCAO_COMPENSADA,47,A2_L3,8
707,leve,PREEMPCAO_COMPENSADA,47,A2_O1,8
707,leve,PREEMPCAO_COMPENSADA,47,A2_O2,8
707,leve,PREEMPCAO_COMPENSADA,47,A2_O3,9
707,leve,PREEMPCAO_COMPENSADA,47,A2_O4,8
707,leve,PREEMPCAO_COMPENSADA,47,T1_N1,7
707,leve,PREEMPCAO_COMPENSADA,47,T1_N2,6
707,leve,PREEMPCAO_COMPENSADA,47,T1_S0,5
707,leve,PREEMPCAO_COMPENSADA,47,T1_S1,6
707,leve,PREEMPCAO_COMPENSADA,47,T2_N1,5
707,leve,PREEMPCAO_COMPENSADA,47,T2_N2,3
707,leve,PREEMPCAO_COMPENSADA,47,T2_S0,5
707,leve,PREEMPCAO_COMPENSADA,47,T2_S1,6
707,leve,PREEMPCAO_COMPENSADA,47,T3_N1,5
707,leve,PREEMPCAO_COMPENSADA,47,T3_N2,5
707,leve,PREEMPCAO_COMPENSADA,47,T3_S0,6
707,leve,PREEMPCAO_COMPENSADA,47,T3_S1,5
707,leve,PREEMPCAO_COMPENSADA,47,T4_N1,6
707,leve,PREEMPCAO_COMPENSADA,47,T4_N2,3
707,leve,PREEMPCAO_COMPENSADA,47,T4_S0,5
707,leve,PREEMPCAO_COMPENSADA,47,T4_S1,5
708,moderado,FIXO,47,A1_L0,11
708,moderado,FIXO,47,A1_L1,18
708,moderado,FIXO,47,A1_L2,18
708,moderado,FIXO,47,A1_L3,18
708,moderado,FIXO,47,A1_O1,22
708,moderado,FIXO,47,A1_O2,22
708,moderado,FIXO,47,A1_O3,22
708,moderado,FIXO,47,A1_O4,15
708,moderado,FIXO,47,A2_L0,12
708,moderado,FIXO,47,A2_L1,22
708,moderado,FIXO,47,A2_L2,22
708,moderado,FIXO,47,A2_L3,22
708,moderado,FIXO,47,A2_O1,22
708,moderado,FIXO,47,A2_O2,22
708,moderado,FIXO,47,A2_O3,22
708,moderado,FIXO,47,A2_O4,14
708,moderado,FIXO,47,T1_N1,9
708,moderado,FIXO,47,T1_N2,8
708,moderado,FIXO,47,T1_S0,8
708,moderado,FIXO,47,T1_S1,8
708,moderado,FIXO,47,T2_N1,9
708,moderado,FIXO,47,T2_N2,9
708,moderado,FIXO,47,T2_S0,7
708,moderado,FIXO,47,T2_S1,8
708,moderado,FIXO,47,T3_N1,9
708,moderado,FIXO,47,T3_N2,6
708,moderado,FIXO,47,T3_S0,10
708,moderado,FIXO,47,T3_S1,9
708,moderado,FIXO,47,T4_N1,9
708,moderado,FIXO,47,T4_N2,10
708,moderado,FIXO,47,T4_S0,8
708,moderado,FIXO,47,T4_S1,9
709,moderado,PREEMPCAO,47,A1_L0,14
709,moderado,PREEMPCAO,47,A1_L1,15
709,moderado,PREEMPCAO,47,A1_L2,15
709,moderado,PREEMPCAO,47,A1_L3,15
709,moderado,PREEMPCAO,47,A1_O1,14
709,moderado,PREEMPCAO,47,A1_O2,19
709,moderado,PREEMPCAO,47,A1_O3,19
709,moderado,PREEMPCAO,47,A1_O4,14
709,moderado,PREEMPCAO,47,A2_L0,13
709,moderado,PREEMPCAO,47,A2_L1,16
709,moderado,PREEMPCAO,47,A2_L2,16
709,moderado,PREEMPCAO,47,A2_L3,22
709,moderado,PREEMPCAO,47,A2_O1,14
709,moderado,PREEMPCAO,47,A2_O2,14
709,moderado,PREEMPCAO,47,A2_O3,19
709,moderado,PREEMPCAO,47,A2_O4,12
709,moderado,PREEMPCAO,47,T1_N1,10
709,moderado,PREEMPCAO,47,T1_N2,10
709,moderado,PREEMPCAO,47,T1_S0,8
709,moderado,PREEMPCAO,47,T1_S1,12
709,moderado,PREEMPCAO,47,T2_N1,11
709,moderado,PREEMPCAO,47,T2_N2,9
709,moderado,PREEMPCAO,47,T2_S0,8
709,moderado,PREEMPCAO,47,T2_S1,8
709,moderado,PREEMPCAO,47,T3_N1,8
709,moderado,PREEMPCAO,47,T3_N2,8
709,moderado,PREEMPCAO,47,T3_S0,10
709,moderado,PREEMPCAO,47,T3_S1,11
709,moderado,PREEMPCAO,47,T4_N1,9
709,moderado,PREEMPCAO,47,T4_N2,10
709,moderado,PREEMPCAO,47,T4_S0,8
709,moderado,PREEMPCAO,47,T4_S1,9
710,moderado,PREEMPCAO_COMPENSADA,47,A1_L0,12
710,moderado,PREEMPCAO_COMPENSADA,47,A1_L1,18
710,moderado,PREEMPCAO_COMPENSADA,47,A1_L2,18
710,moderado,PREEMPCAO_COMPENSADA,47,A1_L3,18
710,moderado,PREEMPCAO_COMPENSADA,47,A1_O1,18
710,moderado,PREEMPCAO_COMPENSADA,47,A1_O2,19
710,moderado,PREEMPCAO_COMPENSADA,47,A1_O3,19
710,moderado,PREEMPCAO_COMPENSADA,47,A1_O4,16
710,moderado,PREEMPCAO_COMPENSADA,47,A2_L0,15
710,moderado,PREEMPCAO_COMPENSADA,47,A2_L1,18
710,moderado,PREEMPCAO_COMPENSADA,47,A2_L2,16
710,moderado,PREEMPCAO_COMPENSADA,47,A2_L3,18
710,moderado,PREEMPCAO_COMPENSADA,47,A2_O1,14
710,moderado,PREEMPCAO_COMPENSADA,47,A2_O2,18
710,moderado,PREEMPCAO_COMPENSADA,47,A2_O3,18
710,moderado,PREEMPCAO_COMPENSADA,47,A2_O4,13
710,moderado,PREEMPCAO_COMPENSADA,47,T1_N1,11
710,moderado,PREEMPCAO_COMPENSADA,47,T1_N2,10
710,moderado,PREEMPCAO_COMPENSADA,47,T1_S0,8
710,moderado,PREEMPCAO_COMPENSADA,47,T1_S1,13
710,moderado,PREEMPCAO_COMPENSADA,47,T2_N1,11
710,moderado,PREEMPCAO_COMPENSADA,47,T2_N2,9
710,moderado,PREEMPCAO_COMPENSADA,47,T2_S0,11
710,moderado,PREEMPCAO_COMPENSADA,47,T2_S1,13
710,moderado,PREEMPCAO_COMPENSADA,47,T3_N1,9
710,moderado,PREEMPCAO_COMPENSADA,47,T3_N2,7
710,moderado,PREEMPCAO_COMPENSADA,47,T3_S0,11
710,moderado,PREEMPCAO_COMPENSADA,47,T3_S1,10
710,moderado,PREEMPCAO_COMPENSADA,47,T4_N1,11
710,moderado,PREEMPCAO_COMPENSADA,47,T4_N2,12
710,moderado,PREEMPCAO_COMPENSADA,47,T4_S0,8
710,moderado,PREEMPCAO_COMPENSADA,47,T4_S1,10
711,intenso,FIXO,47,A1_L0,22
711,intenso,FIXO,47,A1_L1,28
711,intenso,FIXO,47,A1_L2,28
711,intenso,FIXO,47,A1_L3,28
711,intenso,FIXO,47,A1_O1,28
711,intenso,FIXO,47,A1_O2,28
711,intenso,FIXO,47,A1_O3,28
711,intenso,FIXO,47,A1_O4,23
711,intenso,FIXO,47,A2_L0,23
711,intenso,FIXO,47,A2_L1,28
711,intenso,FIXO,47,A2_L2,28
711,intenso,FIXO,47,A2_L3,28
711,intenso,FIXO,47,A2_O1,28
711,intenso,FIXO,47,A2_O2,28
711,intenso,FIXO,47,A2_O3,28
711,intenso,FIXO,47,A2_O4,28
711,intenso,FIXO,47,T1_N1,9
711,intenso,FIXO,47,T1_N2,13
711,intenso,FIXO,47,T1_S0,15
711,intenso,FIXO,47,T1_S1,9
711,intenso,FIXO,47,T2_N1,9
711,intenso,FIXO,47,T2_N2,13
711,intenso,FIXO,47,T2_S0,14
711,intenso,FIXO,47,T2_S1,10
711,intenso,FIXO,47,T3_N1,10
711,intenso,FIXO,47,T3_N2,13
711,intenso,FIXO,47,T3_S0,13
711,intenso,FIXO,47,T3_S1,10
711,intenso,FIXO,47,T4_N1,9
711,intenso,FIXO,47,T4_N2,15
711,intenso,FIXO,47,T4_S0,13
711,intenso,FIXO,47,T4_S1,9
712,intenso,PREEMPCAO,47,A1_L0,23
712,intenso,PREEMPCAO,47,A1_L1,26
712,intenso,PREEMPCAO,47,A1_L2,25
712,intenso,PREEMPCAO,47,A1_L3,27
712,intenso,PREEMPCAO,47,A1_O1,27
712,intenso,PREEMPCAO,47,A1_O2,28
712,intenso,PREEMPCAO,47,A1_O3,26
712,intenso,PREEMPCAO,47,A1_O4,22
712,intenso,PREEMPCAO,47,A2_L0,24
712,intenso,PREEMPCAO,47,A2_L1,25
712,intenso,PREEMPCAO,47,A2_L2,28
712,intenso,PREEMPCAO,47,A2_L3,30
712,intenso,PREEMPCAO,47,A2_O1,26
712,intenso,PREEMPCAO,47,A2_O2,25
712,intenso,PREEMPCAO,47,A2_O3,25
712,intenso,PREEMPCAO,47,A2_O4,27
712,intenso,PREEMPCAO,47,T1_N1,11
712,intenso,PREEMPCAO,47,T1_N2,13
712,intenso,PREEMPCAO,47,T1_S0,15
712,intenso,PREEMPCAO,47,T1_S1,15
712,intenso,PREEMPCAO,47,T2_N1,15
712,intenso,PREEMPCAO,47,T2_N2,15
712,intenso,PREEMPCAO,47,T2_S0,14
712,intenso,PREEMPCAO,47,T2_S1,13
712,intenso,PREEMPCAO,47,T3_N1,11
712,intenso,PREEMPCAO,47,T3_N2,13
712,intenso,PREEMPCAO,47,T3_S0,13
712,intenso,PREEMPCAO,47,T3_S1,15
712,intenso,PREEMPCAO,47,T4_N1,15
712,intenso,PREEMPCAO,47,T4_N2,15
712,intenso,PREEMPCAO,47,T4_S0,15
712,intenso,PREEMPCAO,47,T4_S1,13
713,intenso,PREEMPCAO_COMPENSADA,47,A1_L0,27
713,intenso,PREEMPCAO_COMPENSADA,47,A1_L1,26
713,intenso,PREEMPCAO_COMPENSADA,47,A1_L2,27
713,intenso,PREEMPCAO_COMPENSADA,47,A1_L3,26
713,intenso,PREEMPCAO_COMPENSADA,47,A1_O1,26
713,intenso,PREEMPCAO_COMPENSADA,47,A1_O2,28
713,intenso,PREEMPCAO_COMPENSADA,47,A1_O3,28
713,intenso,PREEMPCAO_COMPENSADA,47,A1_O4,28
713,intenso,PREEMPCAO_COMPENSADA,47,A2_L0,26
713,intenso,PREEMPCAO_COMPENSADA,47,A2_L1,28
713,intenso,PREEMPCAO_COMPENSADA,47,A2_L2,27
713,intenso,PREEMPCAO_COMPENSADA,47,A2_L3,27
713,intenso,PREEMPCAO_COMPENSADA,47,A2_O1,30
713,intenso,PREEMPCAO_COMPENSADA,47,A2_O2,25
713,intenso,PREEMPCAO_COMPENSADA,47,A2_O3,30
713,intenso,PREEMPCAO_COMPENSADA,47,A2_O4,24
713,intenso,PREEMPCAO_COMPENSADA,47,T1_N1,14
713,intenso,PREEMPCAO_COMPENSADA,47,T1_N2,13
713,intenso,PREEMPCAO_COMPENSADA,47,T1_S0,15
713,intenso,PREEMPCAO_COMPENSADA,47,T1_S1,15
713,intenso,PREEMPCAO_COMPENSADA,47,T2_N1,14
713,intenso,PREEMPCAO_COMPENSADA,47,T2_N2,15
713,intenso,PREEMPCAO_COMPENSADA,47,T2_S0,14
713,intenso,PREEMPCAO_COMPENSADA,47,T2_S1,13
713,intenso,PREEMPCAO_COMPENSADA,47,T3_N1,13
713,intenso,PREEMPCAO_COMPENSADA,47,T3_N2,14
713,intenso,PREEMPCAO_COMPENSADA,47,T3_S0,10
713,intenso,PREEMPCAO_COMPENSADA,47,T3_S1,14
713,intenso,PREEMPCAO_COMPENSADA,47,T4_N1,15
713,intenso,PREEMPCAO_COMPENSADA,47,T4_N2,15
713,intenso,PREEMPCAO_COMPENSADA,47,T4_S0,15
713,intenso,PREEMPCAO_COMPENSADA,47,T4_S1,14
714,multiplas_emergencias,FIXO,47,A1_L0,11
714,multiplas_emergencias,FIXO,47,A1_L1,18
714,multiplas_emergencias,FIXO,47,A1_L2,18
714,multiplas_emergencias,FIXO,47,A1_L3,18
714,multiplas_emergencias,FIXO,47,A1_O1,22
714,multiplas_emergencias,FIXO,47,A1_O2,22
714,multiplas_emergencias,FIXO,47,A1_O3,22
714,multiplas_emergencias,FIXO,47,A1_O4,15
714,multiplas_emergencias,FIXO,47,A2_L0,12
714,multiplas_emergencias,FIXO,47,A2_L1,22
714,multiplas_emergencias,FIXO,47,A2_L2,22
714,multiplas_emergencias,FIXO,47,A2_L3,22
714,multiplas_emergencias,FIXO,47,A2_O1,22
714,multiplas_emergencias,FIXO,47,A2_O2,22
714,multiplas_emergencias,FIXO,47,A2_O3,22
714,multiplas_emergencias,FIXO,47,A2_O4,14
714,multiplas_emergencias,FIXO,47,T1_N1,9
714,multiplas_emergencias,FIXO,47,T1_N2,8
714,multiplas_emergencias,FIXO,47,T1_S0,8
714,multiplas_emergencias,FIXO,47,T1_S1,9
714,multiplas_emergencias,FIXO,47,T2_N1,9
714,multiplas_emergencias,FIXO,47,T2_N2,9
714,multiplas_emergencias,FIXO,47,T2_S0,7
714,multiplas_emergencias,FIXO,47,T2_S1,8
714,multiplas_emergencias,FIXO,47,T3_N1,9
714,multiplas_emergencias,FIXO,47,T3_N2,6
714,multiplas_emergencias,FIXO,47,T3_S0,10
714,multiplas_emergencias,FIXO,47,T3_S1,9
714,multiplas_emergencias,FIXO,47,T4_N1,9
714,multiplas_emergencias,FIXO,47,T4_N2,10
714,multiplas_emergencias,FIXO,47,T4_S0,8
714,multiplas_emergencias,FIXO,47,T4_S1,9
715,multiplas_emergencias,PREEMPCAO,47,A1_L0,14
715,multiplas_emergencias,PREEMPCAO,47,A1_L1,16
715,multiplas_emergencias,PREEMPCAO,47,A1_L2,20
715,multiplas_emergencias,PREEMPCAO,47,A1_L3,21
715,multiplas_emergencias,PREEMPCAO,47,A1_O1,17
715,multiplas_emergencias,PREEMPCAO,47,A1_O2,20
715,multiplas_emergencias,PREEMPCAO,47,A1_O3,19
715,multiplas_emergencias,PREEMPCAO,47,A1_O4,14
715,multiplas_emergencias,PREEMPCAO,47,A2_L0,13
715,multiplas_emergencias,PREEMPCAO,47,A2_L1,20
715,multiplas_emergencias,PREEMPCAO,47,A2_L2,16
715,multiplas_emergencias,PREEMPCAO,47,A2_L3,23
715,multiplas_emergencias,PREEMPCAO,47,A2_O1,21
715,multiplas_emergencias,PREEMPCAO,47,A2_O2,14
715,multiplas_emergencias,PREEMPCAO,47,A2_O3,22
715,multiplas_emergencias,PREEMPCAO,47,A2_O4,13
715,multiplas_emergencias,PREEMPCAO,47,T1_N1,10
715,multiplas_emergencias,PREEMPCAO,47,T1_N2,11
715,multiplas_emergencias,PREEMPCAO,47,T1_S0,8
715,multiplas_emergencias,PREEMPCAO,47,T1_S1,12
715,multiplas_emergencias,PREEMPCAO,47,T2_N1,9
715,multiplas_emergencias,PREEMPCAO,47,T2_N2,9
715,multiplas_emergencias,PREEMPCAO,47,T2_S0,8
715,multiplas_emergencias,PREEMPCAO,47,T2_S1,10
715,multiplas_emergencias,PREEMPCAO,47,T3_N1,10
715,multiplas_emergencias,PREEMPCAO,47,T3_N2,8
715,multiplas_emergencias,PREEMPCAO,47,T3_S0,12
715,multiplas_emergencias,PREEMPCAO,47,T3_S1,11
715,multiplas_emergencias,PREEMPCAO,47,T4_N1,12
715,multiplas_emergencias,PREEMPCAO,47,T4_N2,8
715,multiplas_emergencias,PREEMPCAO,47,T4_S0,8
715,multiplas_emergencias,PREEMPCAO,47,T4_S1,10
716,multiplas_emergencias,PREEMPCAO_COMPENSADA,47,A1_L0,12
716,multiplas_emergencias,PREEMPCAO_COMPENSADA,47,A1_L1,23
716,multiplas_emergencias,PREEMPCAO_COMPENSADA,47,A1_L2,18
716,multiplas_emergencias,PREEMPCAO_COMPENSADA,47,A1_L3,18
716,multiplas_emergencias,PREEMPCAO_COMPENSADA,47,A1_O1,21
716,multiplas_emergencias,PREEMPCAO_COMPENSADA,47,A1_O2,22
716,multiplas_emergencias,PREEMPCAO_COMPENSADA,47,A1_O3,19
716,multiplas_emergencias,PREEMPCAO_COMPENSADA,47,A1_O4,15
716,multiplas_emergencias,PREEMPCAO_COMPENSADA,47,A2_L0,14
716,multiplas_emergencias,PREEMPCAO_COMPENSADA,47,A2_L1,16
716,multiplas_emergencias,PREEMPCAO_COMPENSADA,47,A2_L2,20
716,multiplas_emergencias,PREEMPCAO_COMPENSADA,47,A2_L3,20
716,multiplas_emergencias,PREEMPCAO_COMPENSADA,47,A2_O1,17
716,multiplas_emergencias,PREEMPCAO_COMPENSADA,47,A2_O2,25
716,multiplas_emergencias,PREEMPCAO_COMPENSADA,47,A2_O3,22
716,multiplas_emergencias,PREEMPCAO_COMPENSADA,47,A2_O4,11
716,multiplas_emergencias,PREEMPCAO_COMPENSADA,47,T1_N1,11
716,multiplas_emergencias,PREEMPCAO_COMPENSADA,47,T1_N2,9
716,multiplas_emergencias,PREEMPCAO_COMPENSADA,47,T1_S0,8
716,multiplas_emergencias,PREEMPCAO_COMPENSADA,47,T1_S1,13
716,multiplas_emergencias,PREEMPCAO_COMPENSADA,47,T2_N1,9
716,multiplas_emergencias,PREEMPCAO_COMPENSADA,47,T2_N2,9
716,multiplas_emergencias,PREEMPCAO_COMPENSADA,47,T2_S0,8
716,multiplas_emergencias,PREEMPCAO_COMPENSADA,47,T2_S1,10
716,multiplas_emergencias,PREEMPCAO_COMPENSADA,47,T3_N1,11
716,multiplas_emergencias,PREEMPCAO_COMPENSADA,47,T3_N2,8
716,multiplas_emergencias,PREEMPCAO_COMPENSADA,47,T3_S0,14
716,multiplas_emergencias,PREEMPCAO_COMPENSADA,47,T3_S1,12
716,multiplas_emergencias,PREEMPCAO_COMPENSADA,47,T4_N1,9
716,multiplas_emergencias,PREEMPCAO_COMPENSADA,47,T4_N2,10
716,multiplas_emergencias,PREEMPCAO_COMPENSADA,47,T4_S0,8
716,multiplas_emergencias,PREEMPCAO_COMPENSADA,47,T4_S1,10
717,multiplas_emergencias,PREEMPCAO_ML,47,A1_L0,14
717,multiplas_emergencias,PREEMPCAO_ML,47,A1_L1,17
717,multiplas_emergencias,PREEMPCAO_ML,47,A1_L2,17
717,multiplas_emergencias,PREEMPCAO_ML,47,A1_L3,15
717,multiplas_emergencias,PREEMPCAO_ML,47,A1_O1,18
717,multiplas_emergencias,PREEMPCAO_ML,47,A1_O2,19
717,multiplas_emergencias,PREEMPCAO_ML,47,A1_O3,19
717,multiplas_emergencias,PREEMPCAO_ML,47,A1_O4,14
717,multiplas_emergencias,PREEMPCAO_ML,47,A2_L0,12
717,multiplas_emergencias,PREEMPCAO_ML,47,A2_L1,16
717,multiplas_emergencias,PREEMPCAO_ML,47,A2_L2,16
717,multiplas_emergencias,PREEMPCAO_ML,47,A2_L3,23
717,multiplas_emergencias,PREEMPCAO_ML,47,A2_O1,14
717,multiplas_emergencias,PREEMPCAO_ML,47,A2_O2,14
717,multiplas_emergencias,PREEMPCAO_ML,47,A2_O3,19
717,multiplas_emergencias,PREEMPCAO_ML,47,A2_O4,13
717,multiplas_emergencias,PREEMPCAO_ML,47,T1_N1,10
717,multiplas_emergencias,PREEMPCAO_ML,47,T1_N2,9
717,multiplas_emergencias,PREEMPCAO_ML,47,T1_S0,8
717,multiplas_emergencias,PREEMPCAO_ML,47,T1_S1,12
717,multiplas_emergencias,PREEMPCAO_ML,47,T2_N1,10
717,multiplas_emergencias,PREEMPCAO_ML,47,T2_N2,9
717,multiplas_emergencias,PREEMPCAO_ML,47,T2_S0,11
717,multiplas_emergencias,PREEMPCAO_ML,47,T2_S1,14
717,multiplas_emergencias,PREEMPCAO_ML,47,T3_N1,8
717,multiplas_emergencias,PREEMPCAO_ML,47,T3_N2,7
717,multiplas_emergencias,PREEMPCAO_ML,47,T3_S0,10
717,multiplas_emergencias,PREEMPCAO_ML,47,T3_S1,12
717,multiplas_emergencias,PREEMPCAO_ML,47,T4_N1,11
717,multiplas_emergencias,PREEMPCAO_ML,47,T4_N2,12
717,multiplas_emergencias,PREEMPCAO_ML,47,T4_S0,9
717,multiplas_emergencias,PREEMPCAO_ML,47,T4_S1,8
718,leve,FIXO,48,A1_L0,8
718,leve,FIXO,48,A1_L1,12
718,leve,FIXO,48,A1_L2,12
718,leve,FIXO,48,A1_L3,12
718,leve,FIXO,48,A1_O1,9
718,leve,FIXO,48,A1_O2,9
718,leve,FIXO,48,A1_O3,9
718,leve,FIXO,48,A1_O4,7
718,leve,FIXO,48,A2_L0,9
718,leve,FIXO,48,A2_L1,12
718,leve,FIXO,48,A2_L2,12
718,leve,FIXO,48,A2_L3,12
718,leve,FIXO,48,A2_O1,11
718,leve,FIXO,48,A2_O2,11
718,leve,FIXO,48,A2_O3,11
718,leve,FIXO,48,A2_O4,6
718,leve,FIXO,48,T1_N1,6
718,leve,FIXO,48,T1_N2,4
718,leve,FIXO,48,T1_S0,4
718,leve,FIXO,48,T1_S1,5
718,leve,FIXO,48,T2_N1,5
718,leve,FIXO,48,T2_N2,4
718,leve,FIXO,48,T2_S0,4
718,leve,FIXO,48,T2_S1,6
718,leve,FIXO,48,T3_N1,6
718,leve,FIXO,48,T3_N2,4
718,leve,FIXO,48,T3_S0,3
718,leve,FIXO,48,T3_S1,5
718,leve,FIXO,48,T4_N1,6
718,leve,FIXO,48,T4_N2,5
718,leve,FIXO,48,T4_S0,6
718,leve,FIXO,48,T4_S1,6
719,leve,PREEMPCAO,48,A1_L0,9
719,leve,PREEMPCAO,48,A1_L1,10
719,leve,PREEMPCAO,48,A1_L2,9
719,leve,PREEMPCAO,48,A1_L3,7
719,leve,PREEMPCAO,48,A1_O1,8
719,leve,PREEMPCAO,48,A1_O2,8
719,leve,PREEMPCAO,48,A1_O3,6
719,leve,PREEMPCAO,48,A1_O4,7
719,leve,PREEMPCAO,48,A2_L0,7
719,leve,PREEMPCAO,48,A2_L1,8
719,leve,PREEMPCAO,48,A2_L2,10
719,leve,PREEMPCAO,48,A2_L3,11
719,leve,PREEMPCAO,48,A2_O1,11
719,leve,PREEMPCAO,48,A2_O2,11
719,leve,PREEMPCAO,48,A2_O3,11
719,leve,PREEMPCAO,48,A2_O4,8
719,leve,PREEMPCAO,48,T1_N1,6
719,leve,PREEMPCAO,48,T1_N2,5
719,leve,PREEMPCAO,48,T1_S0,5
719,leve,PREEMPCAO,48,T1_S1,5
719,leve,PREEMPCAO,48,T2_N1,4
719,leve,PREEMPCAO,48,T2_N2,4
719,leve,PREEMPCAO,48,T2_S0,5
719,leve,PREEMPCAO,48,T2_S1,6
719,leve,PREEMPCAO,48,T3_N1,3
719,leve,PREEMPCAO,48,T3_N2,4
719,leve,PREEMPCAO,48,T3_S0,4
719,leve,PREEMPCAO,48,T3_S1,4
719,leve,PREEMPCAO,48,T4_N1,5
719,leve,PREEMPCAO,48,T4_N2,4
719,leve,PREEMPCAO,48,T4_S0,6
719,leve,PREEMPCAO,48,T4_S1,6
720,leve,PREEMPCAO_COMPENSADA,48,A1_L0,8
720,leve,PREEMPCAO_COMPENSADA,48,A1_L1,11
720,leve,PREEMPCAO_COMPENSADA,48,A1_L2,11
720,leve,PREEMPCAO_COMPENSADA,48,A1_L3,15
720,leve,PREEMPCAO_COMPENSADA,48,A1_O1,11
720,leve,PREEMPCAO_COMPENSADA,48,A1_O2,11
720,leve,PREEMPCAO_COMPENSADA,48,A1_O3,9
720,leve,PREEMPCAO_COMPENSADA,48,A1_O4,7
720,leve,PREEMPCAO_COMPENSADA,48,A2_L0,7
720,leve,PREEMPCAO_COMPENSADA,48,A2_L1,8
720,leve,PREEMPCAO_COMPENSADA,48,A2_L2,12
720,leve,PREEMPCAO_COMPENSADA,48,A2_L3,9
720,leve,PREEMPCAO_COMPENSADA,48,A2_O1,11
720,leve,PREEMPCAO_COMPENSADA,48,A2_O2,11
720,leve,PREEMPCAO_COMPENSADA,48,A2_O3,11
720,leve,PREEMPCAO_COMPENSADA,48,A2_O4,8
720,leve,PREEMPCAO_COMPENSADA,48,T1_N1,7
720,leve,PREEMPCAO_COMPENSADA,48,T1_N2,5
720,leve,PREEMPCAO_COMPENSADA,48,T1_S0,5
720,leve,PREEMPCAO_COMPENSADA,48,T1_S1,5
720,leve,PREEMPCAO_COMPENSADA,48,T2_N1,4
720,leve,PREEMPCAO_COMPENSADA,48,T2_N2,4
720,leve,PREEMPCAO_COMPENSADA,48,T2_S0,5
720,leve,PREEMPCAO_COMPENSADA,48,T2_S1,7
720,leve,PREEMPCAO_COMPENSADA,48,T3_N1,6
720,leve,PREEMPCAO_COMPENSADA,48,T3_N2,5
720,leve,PREEMPCAO_COMPENSADA,48,T3_S0,5
720,leve,PREEMPCAO_COMPENSADA,48,T3_S1,6
720,leve,PREEMPCAO_COMPENSADA,48,T4_N1,6
720,leve,PREEMPCAO_COMPENSADA,48,T4_N2,4
720,leve,PREEMPCAO_COMPENSADA,48,T4_S0,5
720,leve,PREEMPCAO_COMPENSADA,48,T4_S1,6
721,moderado,FIXO,48,A1_L0,14
721,moderado,FIXO,48,A1_L1,23
721,moderado,FIXO,48,A1_L2,23
721,moderado,FIXO,48,A1_L3,23
721,moderado,FIXO,48,A1_O1,21
721,moderado,FIXO,48,A1_O2,21
721,moderado,FIXO,48,A1_O3,21
721,moderado,FIXO,48,A1_O4,11
721,moderado,FIXO,48,A2_L0,13
721,moderado,FIXO,48,A2_L1,21
721,moderado,FIXO,48,A2_L2,21
721,moderado,FIXO,48,A2_L3,21
721,moderado,FIXO,48,A2_O1,21
721,moderado,FIXO,48,A2_O2,21
721,moderado,FIXO,48,A2_O3,21
721,moderado,FIXO,48,A2_O4,11
721,moderado,FIXO,48,T1_N1,8
721,moderado,FIXO,48,T1_N2,11
721,moderado,FIXO,48,T1_S0,9
721,moderado,FIXO,48,T1_S1,8
721,moderado,FIXO,48,T2_N1,8
721,moderado,FIXO,48,T2_N2,9
721,moderado,FIXO,48,T2_S0,11
721,moderado,FIXO,48,T2_S1,9
721,moderado,FIXO,48,T3_N1,9
721,moderado,FIXO,48,T3_N2,10
721,moderado,FIXO,48,T3_S0,7
721,moderado,FIXO,48,T3_S1,8
721,moderado,FIXO,48,T4_N1,9
721,moderado,FIXO,48,T4_N2,9
721,moderado,FIXO,48,T4_S0,9
721,moderado,FIXO,48,T4_S1,8
722,moderado,PREEMPCAO,48,A1_L0,14
722,moderado,PREEMPCAO,48,A1_L1,23
722,moderado,PREEMPCAO,48,A1_L2,23
722,moderado,PREEMPCAO,48,A1_L3,25
722,moderado,PREEMPCAO,48,A1_O1,21
722,moderado,PREEMPCAO,48,A1_O2,18
722,moderado,PREEMPCAO,48,A1_O3,21
722,moderado,PREEMPCAO,48,A1_O4,11
722,moderado,PREEMPCAO,48,A2_L0,14
722,moderado,PREEMPCAO,48,A2_L1,21
722,moderado,PREEMPCAO,48,A2_L2,21
722,moderado,PREEMPCAO,48,A2_L3,27
722,moderado,PREEMPCAO,48,A2_O1,19
722,moderado,PREEMPCAO,48,A2_O2,19
722,moderado,PREEMPCAO,48,A2_O3,19
722,moderado,PREEMPCAO,48,A2_O4,12
722,moderado,PREEMPCAO,48,T1_N1,9
722,moderado,PREEMPCAO,48,T1_N2,11
722,moderado,PREEMPCAO,48,T1_S0,9
722,moderado,PREEMPCAO,48,T1_S1,10
722,moderado,PREEMPCAO,48,T2_N1,14
722,moderado,PREEMPCAO,48,T2_N2,8
722,moderado,PREEMPCAO,48,T2_S0,11
722,moderado,PREEMPCAO,48,T2_S1,9
722,moderado,PREEMPCAO,48,T3_N1,4
722,moderado,PREEMPCAO,48,T3_N2,9
722,moderado,PREEMPCAO,48,T3_S0,10
722,moderado,PREEMPCAO,48,T3_S1,10
722,moderado,PREEMPCAO,48,T4_N1,9
722,moderado,PREEMPCAO,48,T4_N2,7
722,moderado,PREEMPCAO,48,T4_S0,9
722,moderado,PREEMPCAO,48,T4_S1,8
723,moderado,PREEMPCAO_COMPENSADA,48,A1_L0,14
723,moderado,PREEMPCAO_COMPENSADA,48,A1_L1,23
723,moderado,PREEMPCAO_COMPENSADA,48,A1_L2,23
723,moderado,PREEMPCAO_COMPENSADA,48,A1_L3,25
723,moderado,PREEMPCAO_COMPENSADA,48,A1_O1,21
723,moderado,PREEMPCAO_COMPENSADA,48,A1_O2,20
723,moderado,PREEMPCAO_COMPENSADA,48,A1_O3,21
723,moderado,PREEMPCAO_COMPENSADA,48,A1_O4,17
723,moderado,PREEMPCAO_COMPENSADA,48,A2_L0,16
723,moderado,PREEMPCAO_COMPENSADA,48,A2_L1,21
723,moderado,PREEMPCAO_COMPENSADA,48,A2_L2,21
723,moderado,PREEMPCAO_COMPENSADA,48,A2_L3,25
723,moderado,PREEMPCAO_COMPENSADA,48,A2_O1,19
723,moderado,PREEMPCAO_COMPENSADA,48,A2_O2,19
723,moderado,PREEMPCAO_COMPENSADA,48,A2_O3,22
723,moderado,PREEMPCAO_COMPENSADA,48,A2_O4,14
723,moderado,PREEMPCAO_COMPENSADA,48,T1_N1,13
723,moderado,PREEMPCAO_COMPENSADA,48,T1_N2,6
723,moderado,PREEMPCAO_COMPENSADA,48,T1_S0,9
723,moderado,PREEMPCAO_COMPENSADA,48,T1_S1,13
723,moderado,PREEMPCAO_COMPENSADA,48,T2_N1,10
723,moderado,PREEMPCAO_COMPENSADA,48,T2_N2,8
723,moderado,PREEMPCAO_COMPENSADA,48,T2_S0,10
723,moderado,PREEMPCAO_COMPENSADA,48,T2_S1,8
723,moderado,PREEMPCAO_COMPENSADA,48,T3_N1,8
723,moderado,PREEMPCAO_COMPENSADA,48,T3_N2,8
723,moderado,PREEMPCAO_COMPENSADA,48,T3_S0,10
723,moderado,PREEMPCAO_COMPENSADA,48,T3_S1,11
723,moderado,PREEMPCAO_COMPENSADA,48,T4_N1,14
723,moderado,PREEMPCAO_COMPENSADA,48,T4_N2,10
723,moderado,PREEMPCAO_COMPENSADA,48,T4_S0,9
723,moderado,PREEMPCAO_COMPENSADA,48,T4_S1,10
724,intenso,FIXO,48,A1_L0,24
724,intenso,FIXO,48,A1_L1,27
724,intenso,FIXO,48,A1_L2,27
724,intenso,FIXO,48,A1_L3,28
724,intenso,FIXO,48,A1_O1,28
724,intenso,FIXO,48,A1_O2,28
724,intenso,FIXO,48,A1_O3,28
724,intenso,FIXO,48,A1_O4,25
724,intenso,FIXO,48,A2_L0,22
724,intenso,FIXO,48,A2_L1,27
724,intenso,FIXO,48,A2_L2,27
724,intenso,FIXO,48,A2_L3,28
724,intenso,FIXO,48,A2_O1,28
724,intenso,FIXO,48,A2_O2,28
724,intenso,FIXO,48,A2_O3,27
724,intenso,FIXO,48,A2_O4,23
724,intenso,FIXO,48,T1_N1,9
724,intenso,FIXO,48,T1_N2,14
724,intenso,FIXO,48,T1_S0,13
724,intenso,FIXO,48,T1_S1,9
724,intenso,FIXO,48,T2_N1,9
724,intenso,FIXO,48,T2_N2,13
724,intenso,FIXO,48,T2_S0,12
724,intenso,FIXO,48,T2_S1,9
724,intenso,FIXO,48,T3_N1,10
724,intenso,FIXO,48,T3_N2,13
724,intenso,FIXO,48,T3_S0,14
724,intenso,FIXO,48,T3_S1,9
724,intenso,FIXO,48,T4_N1,9
724,intenso,FIXO,48,T4_N2,14
724,intenso,FIXO,48,T4_S0,11
724,intenso,FIXO,48,T4_S1,13
725,intenso,PREEMPCAO,48,A1_L0,26
725,intenso,PREEMPCAO,48,A1_L1,28
725,intenso,PREEMPCAO,48,A1_L2,26
725,intenso,PREEMPCAO,48,A1_L3,26
725,intenso,PREEMPCAO,48,A1_O1,27
725,intenso,PREEMPCAO,48,A1_O2,27
725,intenso,PREEMPCAO,48,A1_O3,25
725,intenso,PREEMPCAO,48,A1_O4,21
725,intenso,PREEMPCAO,48,A2_L0,23
725,intenso,PREEMPCAO,48,A2_L1,25
725,intenso,PREEMPCAO,48,A2_L2,27
725,intenso,PREEMPCAO,48,A2_L3,27
725,intenso,PREEMPCAO,48,A2_O1,27
725,intenso,PREEMPCAO,48,A2_O2,27
725,intenso,PREEMPCAO,48,A2_O3,27
725,intenso,PREEMPCAO,48,A2_O4,25
725,intenso,PREEMPCAO,48,T1_N1,14
725,intenso,PREEMPCAO,48,T1_N2,15
725,intenso,PREEMPCAO,48,T1_S0,13
725,intenso,PREEMPCAO,48,T1_S1,14
725,intenso,PREEMPCAO,48,T2_N1,12
725,intenso,PREEMPCAO,48,T2_N2,13
725,intenso,PREEMPCAO,48,T2_S0,14
725,intenso,PREEMPCAO,48,T2_S1,15
725,intenso,PREEMPCAO,48,T3_N1,13
725,intenso,PREEMPCAO,48,T3_N2,14
725,intenso,PREEMPCAO,48,T3_S0,15
725,intenso,PREEMPCAO,48,T3_S1,15
725,intenso,PREEMPCAO,48,T4_N1,15
725,intenso,PREEMPCAO,48,T4_N2,11
725,intenso,PREEMPCAO,48,T4_S0,15
725,intenso,PREEMPCAO,48,T4_S1,14
726,intenso,PREEMPCAO_COMPENSADA,48,A1_L0,26
726,intenso,PREEMPCAO_COMPENSADA,48,A1_L1,28
726,intenso,PREEMPCAO_COMPENSADA,48,A1_L2,26
726,intenso,PREEMPCAO_COMPENSADA,48,A1_L3,26
726,intenso,PREEMPCAO_COMPENSADA,48,A1_O1,28
726,intenso,PREEMPCAO_COMPENSADA,48,A1_O2,28
726,intenso,PREEMPCAO_COMPENSADA,48,A1_O3,27
726,intenso,PREEMPCAO_COMPENSADA,48,A1_O4,26
726,intenso,PREEMPCAO_COMPENSADA,48,A2_L0,23
726,intenso,PREEMPCAO_COMPENSADA,48,A2_L1,26
726,intenso,PREEMPCAO_COMPENSADA,48,A2_L2,29
726,intenso,PREEMPCAO_COMPENSADA,48,A2_L3,27
726,intenso,PREEMPCAO_COMPENSADA,48,A2_O1,28
726,intenso,PREEMPCAO_COMPENSADA,48,A2_O2,27
726,intenso,PREEMPCAO_COMPENSADA,48,A2_O3,29
726,intenso,PREEMPCAO_COMPENSADA,48,A2_O4,23
726,intenso,PREEMPCAO_COMPENSADA,48,T1_N1,15
726,intenso,PREEMPCAO_COMPENSADA,48,T1_N2,15
726,intenso,PREEMPCAO_COMPENSADA,48,T1_S0,12
726,intenso,PREEMPCAO_COMPENSADA,48,T1_S1,13
726,intenso,PREEMPCAO_COMPENSADA,48,T2_N1,15
726,intenso,PREEMPCAO_COMPENSADA,48,T2_N2,13
726,intenso,PREEMPCAO_COMPENSADA,48,T2_S0,15
726,intenso,PREEMPCAO_COMPENSADA,48,T2_S1,15
726,intenso,PREEMPCAO_COMPENSADA,48,T3_N1,14
726,intenso,PREEMPCAO_COMPENSADA,48,T3_N2,12
726,intenso,PREEMPCAO_COMPENSADA,48,T3_S0,15
726,intenso,PREEMPCAO_COMPENSADA,48,T3_S1,15
726,intenso,PREEMPCAO_COMPENSADA,48,T4_N1,14
726,intenso,PREEMPCAO_COMPENSADA,48,T4_N2,11
726,intenso,PREEMPCAO_COMPENSADA,48,T4_S0,13
726,intenso,PREEMPCAO_COMPENSADA,48,T4_S1,14
727,multiplas_emergencias,FIXO,48,A1_L0,14
727,multiplas_emergencias,FIXO,48,A1_L1,23
727,multiplas_emergencias,FIXO,48,A1_L2,23
727,multiplas_emergencias,FIXO,48,A1_L3,23
727,multiplas_emergencias,FIXO,48,A1_O1,21
727,multiplas_emergencias,FIXO,48,A1_O2,21
727,multiplas_emergencias,FIXO,48,A1_O3,21
727,multiplas_emergencias,FIXO,48,A1_O4,11
727,multiplas_emergencias,FIXO,48,A2_L0,13
727,multiplas_emergencias,FIXO,48,A2_L1,21
727,multiplas_emergencias,FIXO,48,A2_L2,22
727,multiplas_emergencias,FIXO,48,A2_L3,22
727,multiplas_emergencias,FIXO,48,A2_O1,21
727,multiplas_emergencias,FIXO,48,A2_O2,21
727,multiplas_emergencias,FIXO,48,A2_O3,21
727,multiplas_emergencias,FIXO,48,A2_O4,11
727,multiplas_emergencias,FIXO,48,T1_N1,8
727,multiplas_emergencias,FIXO,48,T1_N2,11
727,multiplas_emergencias,FIXO,48,T1_S0,9
727,multiplas_emergencias,FIXO,48,T1_S1,8
727,multiplas_emergencias,FIXO,48,T2_N1,8
727,multiplas_emergencias,FIXO,48,T2_N2,9
727,multiplas_emergencias,FIXO,48,T2_S0,12
727,multiplas_emergencias,FIXO,48,T2_S1,9
727,multiplas_emergencias,FIXO,48,T3_N1,9
727,multiplas_emergencias,FIXO,48,T3_N2,10
727,multiplas_emergencias,FIXO,48,T3_S0,7
727,multiplas_emergencias,FIXO,48,T3_S1,8
727,multiplas_emergencias,FIXO,48,T4_N1,9
727,multiplas_emergencias,FIXO,48,T4_N2,9
727,multiplas_emergencias,FIXO,48,T4_S0,9
727,multiplas_emergencias,FIXO,48,T4_S1,8
728,multiplas_emergencias,PREEMPCAO,48,A1_L0,14
728,multiplas_emergencias,PREEMPCAO,48,A1_L1,23
728,multiplas_emergencias,PREEMPCAO,48,A1_L2,23
728,multiplas_emergencias,PREEMPCAO,48,A1_L3,23
728,multiplas_emergencias,PREEMPCAO,48,A1_O1,19
728,multiplas_emergencias,PREEMPCAO,48,A1_O2,21
728,multiplas_emergencias,PREEMPCAO,48,A1_O3,21
728,multiplas_emergencias,PREEMPCAO,48,A1_O4,13
728,multiplas_emergencias,PREEMPCAO,48,A2_L0,14
728,multiplas_emergencias,PREEMPCAO,48,A2_L1,21
728,multiplas_emergencias,PREEMPCAO,48,A2_L2,21
728,multiplas_emergencias,PREEMPCAO,48,A2_L3,19
728,multiplas_emergencias,PREEMPCAO,48,A2_O1,20
728,multiplas_emergencias,PREEMPCAO,48,A2_O2,19
728,multiplas_emergencias,PREEMPCAO,48,A2_O3,19
728,multiplas_emergencias,PREEMPCAO,48,A2_O4,13
728,multiplas_emergencias,PREEMPCAO,48,T1_N1,11
728,multiplas_emergencias,PREEMPCAO,48,T1_N2,8
728,multiplas_emergencias,PREEMPCAO,48,T1_S0,9
728,multiplas_emergencias,PREEMPCAO,48,T1_S1,10
728,multiplas_emergencias,PREEMPCAO,48,T2_N1,11
728,multiplas_emergencias,PREEMPCAO,48,T2_N2,7
728,multiplas_emergencias,PREEMPCAO,48,T2_S0,12
728,multiplas_emergencias,PREEMPCAO,48,T2_S1,7
728,multiplas_emergencias,PREEMPCAO,48,T3_N1,10
728,multiplas_emergencias,PREEMPCAO,48,T3_N2,8
728,multiplas_emergencias,PREEMPCAO,48,T3_S0,9
728,multiplas_emergencias,PREEMPCAO,48,T3_S1,11
728,multiplas_emergencias,PREEMPCAO,48,T4_N1,10
728,multiplas_emergencias,PREEMPCAO,48,T4_N2,7
728,multiplas_emergencias,PREEMPCAO,48,T4_S0,10
728,multiplas_emergencias,PREEMPCAO,48,T4_S1,8
729,multiplas_emergencias,PREEMPCAO_COMPENSADA,48,A1_L0,14
729,multiplas_emergencias,PREEMPCAO_COMPENSADA,48,A1_L1,23
729,multiplas_emergencias,PREEMPCAO_COMPENSADA,48,A1_L2,23
729,multiplas_emergencias,PREEMPCAO_COMPENSADA,48,A1_L3,23
729,multiplas_emergencias,PREEMPCAO_COMPENSADA,48,A1_O1,17
729,multiplas_emergencias,PREEMPCAO_COMPENSADA,48,A1_O2,21
729,multiplas_emergencias,PREEMPCAO_COMPENSADA,48,A1_O3,21
729,multiplas_emergencias,PREEMPCAO_COMPENSADA,48,A1_O4,14
729,multiplas_emergencias,PREEMPCAO_COMPENSADA,48,A2_L0,13
729,multiplas_emergencias,PREEMPCAO_COMPENSADA,48,A2_L1,20
729,multiplas_emergencias,PREEMPCAO_COMPENSADA,48,A2_L2,27
729,multiplas_emergencias,PREEMPCAO_COMPENSADA,48,A2_L3,22
729,multiplas_emergencias,PREEMPCAO_COMPENSADA,48,A2_O1,22
729,multiplas_emergencias,PREEMPCAO_COMPENSADA,48,A2_O2,19
729,multiplas_emergencias,PREEMPCAO_COMPENSADA,48,A2_O3,26
729,multiplas_emergencias,PREEMPCAO_COMPENSADA,48,A2_O4,14
729,multiplas_emergencias,PREEMPCAO_COMPENSADA,48,T1_N1,11
729,multiplas_emergencias,PREEMPCAO_COMPENSADA,48,T1_N2,11
729,multiplas_emergencias,PREEMPCAO_COMPENSADA,48,T1_S0,9
729,multiplas_emergencias,PREEMPCAO_COMPENSADA,48,T1_S1,10
729,multiplas_emergencias,PREEMPCAO_COMPENSADA,48,T2_N1,10
729,multiplas_emergencias,PREEMPCAO_COMPENSADA,48,T2_N2,8
729,multiplas_emergencias,PREEMPCAO_COMPENSADA,48,T2_S0,9
729,multiplas_emergencias,PREEMPCAO_COMPENSADA,48,T2_S1,10
729,multiplas_emergencias,PREEMPCAO_COMPENSADA,48,T3_N1,10
729,multiplas_emergencias,PREEMPCAO_COMPENSADA,48,T3_N2,9
729,multiplas_emergencias,PREEMPCAO_COMPENSADA,48,T3_S0,9
729,multiplas_emergencias,PREEMPCAO_COMPENSADA,48,T3_S1,10
729,multiplas_emergencias,PREEMPCAO_COMPENSADA,48,T4_N1,11
729,multiplas_emergencias,PREEMPCAO_COMPENSADA,48,T4_N2,8
729,multiplas_emergencias,PREEMPCAO_COMPENSADA,48,T4_S0,8
729,multiplas_emergencias,PREEMPCAO_COMPENSADA,48,T4_S1,10
730,multiplas_emergencias,PREEMPCAO_ML,48,A1_L0,14
730,multiplas_emergencias,PREEMPCAO_ML,48,A1_L1,23
730,multiplas_emergencias,PREEMPCAO_ML,48,A1_L2,23
730,multiplas_emergencias,PREEMPCAO_ML,48,A1_L3,23
730,multiplas_emergencias,PREEMPCAO_ML,48,A1_O1,22
730,multiplas_emergencias,PREEMPCAO_ML,48,A1_O2,21
730,multiplas_emergencias,PREEMPCAO_ML,48,A1_O3,21
730,multiplas_emergencias,PREEMPCAO_ML,48,A1_O4,13
730,multiplas_emergencias,PREEMPCAO_ML,48,A2_L0,13
730,multiplas_emergencias,PREEMPCAO_ML,48,A2_L1,21
730,multiplas_emergencias,PREEMPCAO_ML,48,A2_L2,21
730,multiplas_emergencias,PREEMPCAO_ML,48,A2_L3,20
730,multiplas_emergencias,PREEMPCAO_ML,48,A2_O1,20
730,multiplas_emergencias,PREEMPCAO_ML,48,A2_O2,19
730,multiplas_emergencias,PREEMPCAO_ML,48,A2_O3,23
730,multiplas_emergencias,PREEMPCAO_ML,48,A2_O4,16
730,multiplas_emergencias,PREEMPCAO_ML,48,T1_N1,10
730,multiplas_emergencias,PREEMPCAO_ML,48,T1_N2,7
730,multiplas_emergencias,PREEMPCAO_ML,48,T1_S0,9
730,multiplas_emergencias,PREEMPCAO_ML,48,T1_S1,10
730,multiplas_emergencias,PREEMPCAO_ML,48,T2_N1,11
730,multiplas_emergencias,PREEMPCAO_ML,48,T2_N2,8
730,multiplas_emergencias,PREEMPCAO_ML,48,T2_S0,12
730,multiplas_emergencias,PREEMPCAO_ML,48,T2_S1,6
730,multiplas_emergencias,PREEMPCAO_ML,48,T3_N1,8
730,multiplas_emergencias,PREEMPCAO_ML,48,T3_N2,8
730,multiplas_emergencias,PREEMPCAO_ML,48,T3_S0,9
730,multiplas_emergencias,PREEMPCAO_ML,48,T3_S1,10
730,multiplas_emergencias,PREEMPCAO_ML,48,T4_N1,12
730,multiplas_emergencias,PREEMPCAO_ML,48,T4_N2,7
730,multiplas_emergencias,PREEMPCAO_ML,48,T4_S0,9
730,multiplas_emergencias,PREEMPCAO_ML,48,T4_S1,9
731,leve,FIXO,49,A1_L0,9
731,leve,FIXO,49,A1_L1,12
731,leve,FIXO,49,A1_L2,12
731,leve,FIXO,49,A1_L3,12
731,leve,FIXO,49,A1_O1,18
731,leve,FIXO,49,A1_O2,18
731,leve,FIXO,49,A1_O3,18
731,leve,FIXO,49,A1_O4,8
731,leve,FIXO,49,A2_L0,6
731,leve,FIXO,49,A2_L1,13
731,leve,FIXO,49,A2_L2,13
731,leve,FIXO,49,A2_L3,13
731,leve,FIXO,49,A2_O1,13
731,leve,FIXO,49,A2_O2,13
731,leve,FIXO,49,A2_O3,13
731,leve,FIXO,49,A2_O4,9
731,leve,FIXO,49,T1_N1,6
731,leve,FIXO,49,T1_N2,5
731,leve,FIXO,49,T1_S0,4
731,leve,FIXO,49,T1_S1,8
731,leve,FIXO,49,T2_N1,6
731,leve,FIXO,49,T2_N2,5
731,leve,FIXO,49,T2_S0,5
731,leve,FIXO,49,T2_S1,6
731,leve,FIXO,49,T3_N1,6
731,leve,FIXO,49,T3_N2,6
731,leve,FIXO,49,T3_S0,5
731,leve,FIXO,49,T3_S1,6
731,leve,FIXO,49,T4_N1,5
731,leve,FIXO,49,T4_N2,4
731,leve,FIXO,49,T4_S0,4
731,leve,FIXO,49,T4_S1,6
732,leve,PREEMPCAO,49,A1_L0,7
732,leve,PREEMPCAO,49,A1_L1,9
732,leve,PREEMPCAO,49,A1_L2,10
732,leve,PREEMPCAO,49,A1_L3,10
732,leve,PREEMPCAO,49,A1_O1,12
732,leve,PREEMPCAO,49,A1_O2,11
732,leve,PREEMPCAO,49,A1_O3,10
732,leve,PREEMPCAO,49,A1_O4,13
732,leve,PREEMPCAO,49,A2_L0,7
732,leve,PREEMPCAO,49,A2_L1,11
732,leve,PREEMPCAO,49,A2_L2,11
732,leve,PREEMPCAO,49,A2_L3,11
732,leve,PREEMPCAO,49,A2_O1,9
732,leve,PREEMPCAO,49,A2_O2,13
732,leve,PREEMPCAO,49,A2_O3,13
732,leve,PREEMPCAO,49,A2_O4,9
732,leve,PREEMPCAO,49,T1_N1,7
732,leve,PREEMPCAO,49,T1_N2,4
732,leve,PREEMPCAO,49,T1_S0,6
732,leve,PREEMPCAO,49,T1_S1,6
732,leve,PREEMPCAO,49,T2_N1,7
732,leve,PREEMPCAO,49,T2_N2,5
732,leve,PREEMPCAO,49,T2_S0,5
732,leve,PREEMPCAO,49,T2_S1,6
732,leve,PREEMPCAO,49,T3_N1,7
732,leve,PREEMPCAO,49,T3_N2,4
732,leve,PREEMPCAO,49,T3_S0,6
732,leve,PREEMPCAO,49,T3_S1,7
732,leve,PREEMPCAO,49,T4_N1,5
732,leve,PREEMPCAO,49,T4_N2,4
732,leve,PREEMPCAO,49,T4_S0,4
732,leve,PREEMPCAO,49,T4_S1,5
733,leve,PREEMPCAO_COMPENSADA,49,A1_L0,9
733,leve,PREEMPCAO_COMPENSADA,49,A1_L1,9
733,leve,PREEMPCAO_COMPENSADA,49,A1_L2,10
733,leve,PREEMPCAO_COMPENSADA,49,A1_L3,10
733,leve,PREEMPCAO_COMPENSADA,49,A1_O1,13
733,leve,PREEMPCAO_COMPENSADA,49,A1_O2,14
733,leve,PREEMPCAO_COMPENSADA,49,A1_O3,14
733,leve,PREEMPCAO_COMPENSADA,49,A1_O4,13
733,leve,PREEMPCAO_COMPENSADA,49,A2_L0,8
733,leve,PREEMPCAO_COMPENSADA,49,A2_L1,12
733,leve,PREEMPCAO_COMPENSADA,49,A2_L2,11
733,leve,PREEMPCAO_COMPENSADA,49,A2_L3,12
733,leve,PREEMPCAO_COMPENSADA,49,A2_O1,9
733,leve,PREEMPCAO_COMPENSADA,49,A2_O2,13
733,leve,PREEMPCAO_COMPENSADA,49,A2_O3,13
733,leve,PREEMPCAO_COMPENSADA,49,A2_O4,9
733,leve,PREEMPCAO_COMPENSADA,49,T1_N1,6
733,leve,PREEMPCAO_COMPENSADA,49,T1_N2,5
733,leve,PREEMPCAO_COMPENSADA,49,T1_S0,5
733,leve,PREEMPCAO_COMPENSADA,49,T1_S1,6
733,leve,PREEMPCAO_COMPENSADA,49,T2_N1,6
733,leve,PREEMPCAO_COMPENSADA,49,T2_N2,4
733,leve,PREEMPCAO_COMPENSADA,49,T2_S0,5
733,leve,PREEMPCAO_COMPENSADA,49,T2_S1,6
733,leve,PREEMPCAO_COMPENSADA,49,T3_N1,6
733,leve,PREEMPCAO_COMPENSADA,49,T3_N2,6
733,leve,PREEMPCAO_COMPENSADA,49,T3_S0,6
733,leve,PREEMPCAO_COMPENSADA,49,T3_S1,8
733,leve,PREEMPCAO_COMPENSADA,49,T4_N1,6
733,leve,PREEMPCAO_COMPENSADA,49,T4_N2,4
733,leve,PREEMPCAO_COMPENSADA,49,T4_S0,4
733,leve,PREEMPCAO_COMPENSADA,49,T4_S1,6
734,moderado,FIXO,49,A1_L0,19
734,moderado,FIXO,49,A1_L1,26
734,moderado,FIXO,49,A1_L2,27
734,moderado,FIXO,49,A1_L3,26
734,moderado,FIXO,49,A1_O1,24
734,moderado,FIXO,49,A1_O2,24
734,moderado,FIXO,49,A1_O3,24
734,moderado,FIXO,49,A1_O4,15
734,moderado,FIXO,49,A2_L0,14
734,moderado,FIXO,49,A2_L1,24
734,moderado,FIXO,49,A2_L2,24
734,moderado,FIXO,49,A2_L3,24
734,moderado,FIXO,49,A2_O1,22
734,moderado,FIXO,49,A2_O2,22
734,moderado,FIXO,49,A2_O3,22
734,moderado,FIXO,49,A2_O4,14
734,moderado,FIXO,49,T1_N1,9
734,moderado,FIXO,49,T1_N2,8
734,moderado,FIXO,49,T1_S0,8
734,moderado,FIXO,49,T1_S1,8
734,moderado,FIXO,49,T2_N1,9
734,moderado,FIXO,49,T2_N2,8
734,moderado,FIXO,49,T2_S0,9
734,moderado,FIXO,49,T2_S1,8
734,moderado,FIXO,49,T3_N1,8
734,moderado,FIXO,49,T3_N2,8
734,moderado,FIXO,49,T3_S0,12
734,moderado,FIXO,49,T3_S1,10
734,moderado,FIXO,49,T4_N1,8
734,moderado,FIXO,49,T4_N2,10
734,moderado,FIXO,49,T4_S0,8
734,moderado,FIXO,49,T4_S1,9
735,moderado,PREEMPCAO,49,A1_L0,16
735,moderado,PREEMPCAO,49,A1_L1,20
735,moderado,PREEMPCAO,49,A1_L2,20
735,moderado,PREEMPCAO,49,A1_L3,20
735,moderado,PREEMPCAO,49,A1_O1,18
735,moderado,PREEMPCAO,49,A1_O2,21
735,moderado,PREEMPCAO,49,A1_O3,22
735,moderado,PREEMPCAO,49,A1_O4,15
735,moderado,PREEMPCAO,49,A2_L0,14
735,moderado,PREEMPCAO,49,A2_L1,21
735,moderado,PREEMPCAO,49,A2_L2,20
735,moderado,PREEMPCAO,49,A2_L3,22
735,moderado,PREEMPCAO,49,A2_O1,16
735,moderado,PREEMPCAO,49,A2_O2,17
735,moderado,PREEMPCAO,49,A2_O3,18
735,moderado,PREEMPCAO,49,A2_O4,14
735,moderado,PREEMPCAO,49,T1_N1,12
735,moderado,PREEMPCAO,49,T1_N2,11
735,moderado,PREEMPCAO,49,T1_S0,10
735,moderado,PREEMPCAO,49,T1_S1,10
735,moderado,PREEMPCAO,49,T2_N1,10
735,moderado,PREEMPCAO,49,T2_N2,10
735,moderado,PREEMPCAO,49,T2_S0,9
735,moderado,PREEMPCAO,49,T2_S1,9
735,moderado,PREEMPCAO,49,T3_N1,13
735,moderado,PREEMPCAO,49,T3_N2,11
735,moderado,PREEMPCAO,49,T3_S0,12
735,moderado,PREEMPCAO,49,T3_S1,10
735,moderado,PREEMPCAO,49,T4_N1,8
735,moderado,PREEMPCAO,49,T4_N2,11
735,moderado,PREEMPCAO,49,T4_S0,11
735,moderado,PREEMPCAO,49,T4_S1,10
736,moderado,PREEMPCAO_COMPENSADA,49,A1_L0,21
736,moderado,PREEMPCAO_COMPENSADA,49,A1_L1,20
736,moderado,PREEMPCAO_COMPENSADA,49,A1_L2,20
736,moderado,PREEMPCAO_COMPENSADA,49,A1_L3,20
736,moderado,PREEMPCAO_COMPENSADA,49,A1_O1,15
736,moderado,PREEMPCAO_COMPENSADA,49,A1_O2,24
736,moderado,PREEMPCAO_COMPENSADA,49,A1_O3,21
736,moderado,PREEMPCAO_COMPENSADA,49,A1_O4,15
736,moderado,PREEMPCAO_COMPENSADA,49,A2_L0,14
736,moderado,PREEMPCAO_COMPENSADA,49,A2_L1,21
736,moderado,PREEMPCAO_COMPENSADA,49,A2_L2,20
736,moderado,PREEMPCAO_COMPENSADA,49,A2_L3,22
736,moderado,PREEMPCAO_COMPENSADA,49,A2_O1,17
736,moderado,PREEMPCAO_COMPENSADA,49,A2_O2,17
736,moderado,PREEMPCAO_COMPENSADA,49,A2_O3,19
736,moderado,PREEMPCAO_COMPENSADA,49,A2_O4,14
736,moderado,PREEMPCAO_COMPENSADA,49,T1_N1,12
736,moderado,PREEMPCAO_COMPENSADA,49,T1_N2,10
736,moderado,PREEMPCAO_COMPENSADA,49,T1_S0,8
736,moderado,PREEMPCAO_COMPENSADA,49,T1_S1,10
736,moderado,PREEMPCAO_COMPENSADA,49,T2_N1,10
736,moderado,PREEMPCAO_COMPENSADA,49,T2_N2,13
736,moderado,PREEMPCAO_COMPENSADA,49,T2_S0,8
736,moderado,PREEMPCAO_COMPENSADA,49,T2_S1,12
736,moderado,PREEMPCAO_COMPENSADA,49,T3_N1,12
736,moderado,PREEMPCAO_COMPENSADA,49,T3_N2,11
736,moderado,PREEMPCAO_COMPENSADA,49,T3_S0,12
736,moderado,PREEMPCAO_COMPENSADA,49,T3_S1,10
736,moderado,PREEMPCAO_COMPENSADA,49,T4_N1,9
736,moderado,PREEMPCAO_COMPENSADA,49,T4_N2,9
736,moderado,PREEMPCAO_COMPENSADA,49,T4_S0,11
736,moderado,PREEMPCAO_COMPENSADA,49,T4_S1,12
737,intenso,FIXO,49,A1_L0,25
737,intenso,FIXO,49,A1_L1,27
737,intenso,FIXO,49,A1_L2,27
737,intenso,FIXO,49,A1_L3,27
737,intenso,FIXO,49,A1_O1,27
737,intenso,FIXO,49,A1_O2,27
737,intenso,FIXO,49,A1_O3,28
737,intenso,FIXO,49,A1_O4,30
737,intenso,FIXO,49,A2_L0,19
737,intenso,FIXO,49,A2_L1,28
737,intenso,FIXO,49,A2_L2,28
737,intenso,FIXO,49,A2_L3,28
737,intenso,FIXO,49,A2_O1,28
737,intenso,FIXO,49,A2_O2,28
737,intenso,FIXO,49,A2_O3,28
737,intenso,FIXO,49,A2_O4,20
737,intenso,FIXO,49,T1_N1,9
737,intenso,FIXO,49,T1_N2,13
737,intenso,FIXO,49,T1_S0,10
737,intenso,FIXO,49,T1_S1,9
737,intenso,FIXO,49,T2_N1,12
737,intenso,FIXO,49,T2_N2,11
737,intenso,FIXO,49,T2_S0,13
737,intenso,FIXO,49,T2_S1,9
737,intenso,FIXO,49,T3_N1,9
737,intenso,FIXO,49,T3_N2,15
737,intenso,FIXO,49,T3_S0,14
737,intenso,FIXO,49,T3_S1,9
737,intenso,FIXO,49,T4_N1,10
737,intenso,FIXO,49,T4_N2,13
737,intenso,FIXO,49,T4_S0,14
737,intenso,FIXO,49,T4_S1,10
738,intenso,PREEMPCAO,49,A1_L0,24
738,intenso,PREEMPCAO,49,A1_L1,27
738,intenso,PREEMPCAO,49,A1_L2,27
738,intenso,PREEMPCAO,49,A1_L3,27
738,intenso,PREEMPCAO,49,A1_O1,28
738,intenso,PREEMPCAO,49,A1_O2,26
738,intenso,PREEMPCAO,49,A1_O3,27
738,intenso,PREEMPCAO,49,A1_O4,28
738,intenso,PREEMPCAO,49,A2_L0,20
738,intenso,PREEMPCAO,49,A2_L1,25
738,intenso,PREEMPCAO,49,A2_L2,27
738,intenso,PREEMPCAO,49,A2_L3,28
738,intenso,PREEMPCAO,49,A2_O1,28
738,intenso,PREEMPCAO,49,A2_O2,28
738,intenso,PREEMPCAO,49,A2_O3,28
738,intenso,PREEMPCAO,49,A2_O4,28
738,intenso,PREEMPCAO,49,T1_N1,14
738,intenso,PREEMPCAO,49,T1_N2,15
738,intenso,PREEMPCAO,49,T1_S0,13
738,intenso,PREEMPCAO,49,T1_S1,13
738,intenso,PREEMPCAO,49,T2_N1,13
738,intenso,PREEMPCAO,49,T2_N2,12
738,intenso,PREEMPCAO,49,T2_S0,15
738,intenso,PREEMPCAO,49,T2_S1,14
738,intenso,PREEMPCAO,49,T3_N1,13
738,intenso,PREEMPCAO,49,T3_N2,15
738,intenso,PREEMPCAO,49,T3_S0,15
738,intenso,PREEMPCAO,49,T3_S1,15
738,intenso,PREEMPCAO,49,T4_N1,13
738,intenso,PREEMPCAO,49,T4_N2,13
738,intenso,PREEMPCAO,49,T4_S0,14
738,intenso,PREEMPCAO,49,T4_S1,14
739,intenso,PREEMPCAO_COMPENSADA,49,A1_L0,28
739,intenso,PREEMPCAO_COMPENSADA,49,A1_L1,27
739,intenso,PREEMPCAO_COMPENSADA,49,A1_L2,27
739,intenso,PREEMPCAO_COMPENSADA,49,A1_L3,28
739,intenso,PREEMPCAO_COMPENSADA,49,A1_O1,28
739,intenso,PREEMPCAO_COMPENSADA,49,A1_O2,28
739,intenso,PREEMPCAO_COMPENSADA,49,A1_O3,28
739,intenso,PREEMPCAO_COMPENSADA,49,A1_O4,30
739,intenso,PREEMPCAO_COMPENSADA,49,A2_L0,28
739,intenso,PREEMPCAO_COMPENSADA,49,A2_L1,28
739,intenso,PREEMPCAO_COMPENSADA,49,A2_L2,27
739,intenso,PREEMPCAO_COMPENSADA,49,A2_L3,30
739,intenso,PREEMPCAO_COMPENSADA,49,A2_O1,28
739,intenso,PREEMPCAO_COMPENSADA,49,A2_O2,28
739,intenso,PREEMPCAO_COMPENSADA,49,A2_O3,30
739,intenso,PREEMPCAO_COMPENSADA,49,A2_O4,21
739,intenso,PREEMPCAO_COMPENSADA,49,T1_N1,13
739,intenso,PREEMPCAO_COMPENSADA,49,T1_N2,15
739,intenso,PREEMPCAO_COMPENSADA,49,T1_S0,13
739,intenso,PREEMPCAO_COMPENSADA,49,T1_S1,13
739,intenso,PREEMPCAO_COMPENSADA,49,T2_N1,14
739,intenso,PREEMPCAO_COMPENSADA,49,T2_N2,13
739,intenso,PREEMPCAO_COMPENSADA,49,T2_S0,15
739,intenso,PREEMPCAO_COMPENSADA,49,T2_S1,13
739,intenso,PREEMPCAO_COMPENSADA,49,T3_N1,15
739,intenso,PREEMPCAO_COMPENSADA,49,T3_N2,15
739,intenso,PREEMPCAO_COMPENSADA,49,T3_S0,15
739,intenso,PREEMPCAO_COMPENSADA,49,T3_S1,15
739,intenso,PREEMPCAO_COMPENSADA,49,T4_N1,15
739,intenso,PREEMPCAO_COMPENSADA,49,T4_N2,14
739,intenso,PREEMPCAO_COMPENSADA,49,T4_S0,14
739,intenso,PREEMPCAO_COMPENSADA,49,T4_S1,15
740,multiplas_emergencias,FIXO,49,A1_L0,19
740,multiplas_emergencias,FIXO,49,A1_L1,26
740,multiplas_emergencias,FIXO,49,A1_L2,26
740,multiplas_emergencias,FIXO,49,A1_L3,26
740,multiplas_emergencias,FIXO,49,A1_O1,24
740,multiplas_emergencias,FIXO,49,A1_O2,24
740,multiplas_emergencias,FIXO,49,A1_O3,24
740,multiplas_emergencias,FIXO,49,A1_O4,15
740,multiplas_emergencias,FIXO,49,A2_L0,14
740,multiplas_emergencias,FIXO,49,A2_L1,24
740,multiplas_emergencias,FIXO,49,A2_L2,24
740,multiplas_emergencias,FIXO,49,A2_L3,24
740,multiplas_emergencias,FIXO,49,A2_O1,22
740,multiplas_emergencias,FIXO,49,A2_O2,22
740,multiplas_emergencias,FIXO,49,A2_O3,22
740,multiplas_emergencias,FIXO,49,A2_O4,14
740,multiplas_emergencias,FIXO,49,T1_N1,9
740,multiplas_emergencias,FIXO,49,T1_N2,8
740,multiplas_emergencias,FIXO,49,T1_S0,8
740,multiplas_emergencias,FIXO,49,T1_S1,8
740,multiplas_emergencias,FIXO,49,T2_N1,9
740,multiplas_emergencias,FIXO,49,T2_N2,8
740,multiplas_emergencias,FIXO,49,T2_S0,9
740,multiplas_emergencias,FIXO,49,T2_S1,9
740,multiplas_emergencias,FIXO,49,T3_N1,8
740,multiplas_emergencias,FIXO,49,T3_N2,8
740,multiplas_emergencias,FIXO,49,T3_S0,12
740,multiplas_emergencias,FIXO,49,T3_S1,10
740,multiplas_emergencias,FIXO,49,T4_N1,8
740,multiplas_emergencias,FIXO,49,T4_N2,10
740,multiplas_emergencias,FIXO,49,T4_S0,8
740,multiplas_emergencias,FIXO,49,T4_S1,9
741,multiplas_emergencias,PREEMPCAO,49,A1_L0,16
741,multiplas_emergencias,PREEMPCAO,49,A1_L1,20
741,multiplas_emergencias,PREEMPCAO,49,A1_L2,20
741,multiplas_emergencias,PREEMPCAO,49,A1_L3,20
741,multiplas_emergencias,PREEMPCAO,49,A1_O1,16
741,multiplas_emergencias,PREEMPCAO,49,A1_O2,21
741,multiplas_emergencias,PREEMPCAO,49,A1_O3,21
741,multiplas_emergencias,PREEMPCAO,49,A1_O4,15
741,multiplas_emergencias,PREEMPCAO,49,A2_L0,15
741,multiplas_emergencias,PREEMPCAO,49,A2_L1,24
741,multiplas_emergencias,PREEMPCAO,49,A2_L2,20
741,multiplas_emergencias,PREEMPCAO,49,A2_L3,21
741,multiplas_emergencias,PREEMPCAO,49,A2_O1,18
741,multiplas_emergencias,PREEMPCAO,49,A2_O2,18
741,multiplas_emergencias,PREEMPCAO,49,A2_O3,19
741,multiplas_emergencias,PREEMPCAO,49,A2_O4,13
741,multiplas_emergencias,PREEMPCAO,49,T1_N1,9
741,multiplas_emergencias,PREEMPCAO,49,T1_N2,12
741,multiplas_emergencias,PREEMPCAO,49,T1_S0,10
741,multiplas_emergencias,PREEMPCAO,49,T1_S1,10
741,multiplas_emergencias,PREEMPCAO,49,T2_N1,10
741,multiplas_emergencias,PREEMPCAO,49,T2_N2,10
741,multiplas_emergencias,PREEMPCAO,49,T2_S0,8
741,multiplas_emergencias,PREEMPCAO,49,T2_S1,12
741,multiplas_emergencias,PREEMPCAO,49,T3_N1,11
741,multiplas_emergencias,PREEMPCAO,49,T3_N2,10
741,multiplas_emergencias,PREEMPCAO,49,T3_S0,12
741,multiplas_emergencias,PREEMPCAO,49,T3_S1,10
741,multiplas_emergencias,PREEMPCAO,49,T4_N1,12
741,multiplas_emergencias,PREEMPCAO,49,T4_N2,9
741,multiplas_emergencias,PREEMPCAO,49,T4_S0,11
741,multiplas_emergencias,PREEMPCAO,49,T4_S1,9
742,multiplas_emergencias,PREEMPCAO_COMPENSADA,49,A1_L0,21
742,multiplas_emergencias,PREEMPCAO_COMPENSADA,49,A1_L1,27
742,multiplas_emergencias,PREEMPCAO_COMPENSADA,49,A1_L2,20
742,multiplas_emergencias,PREEMPCAO_COMPENSADA,49,A1_L3,22
742,multiplas_emergencias,PREEMPCAO_COMPENSADA,49,A1_O1,21
742,multiplas_emergencias,PREEMPCAO_COMPENSADA,49,A1_O2,25
742,multiplas_emergencias,PREEMPCAO_COMPENSADA,49,A1_O3,21
742,multiplas_emergencias,PREEMPCAO_COMPENSADA,49,A1_O4,16
742,multiplas_emergencias,PREEMPCAO_COMPENSADA,49,A2_L0,15
742,multiplas_emergencias,PREEMPCAO_COMPENSADA,49,A2_L1,27
742,multiplas_emergencias,PREEMPCAO_COMPENSADA,49,A2_L2,20
742,multiplas_emergencias,PREEMPCAO_COMPENSADA,49,A2_L3,28
742,multiplas_emergencias,PREEMPCAO_COMPENSADA,49,A2_O1,22
742,multiplas_emergencias,PREEMPCAO_COMPENSADA,49,A2_O2,16
742,multiplas_emergencias,PREEMPCAO_COMPENSADA,49,A2_O3,18
742,multiplas_emergencias,PREEMPCAO_COMPENSADA,49,A2_O4,12
742,multiplas_emergencias,PREEMPCAO_COMPENSADA,49,T1_N1,13
742,multiplas_emergencias,PREEMPCAO_COMPENSADA,49,T1_N2,12
742,multiplas_emergencias,PREEMPCAO_COMPENSADA,49,T1_S0,8
742,multiplas_emergencias,PREEMPCAO_COMPENSADA,49,T1_S1,10
742,multiplas_emergencias,PREEMPCAO_COMPENSADA,49,T2_N1,10
742,multiplas_emergencias,PREEMPCAO_COMPENSADA,49,T2_N2,8
742,multiplas_emergencias,PREEMPCAO_COMPENSADA,49,T2_S0,9
742,multiplas_emergencias,PREEMPCAO_COMPENSADA,49,T2_S1,13
742,multiplas_emergencias,PREEMPCAO_COMPENSADA,49,T3_N1,13
742,multiplas_emergencias,PREEMPCAO_COMPENSADA,49,T3_N2,11
742,multiplas_emergencias,PREEMPCAO_COMPENSADA,49,T3_S0,12
742,multiplas_emergencias,PREEMPCAO_COMPENSADA,49,T3_S1,11
742,multiplas_emergencias,PREEMPCAO_COMPENSADA,49,T4_N1,10
742,multiplas_emergencias,PREEMPCAO_COMPENSADA,49,T4_N2,10
742,multiplas_emergencias,PREEMPCAO_COMPENSADA,49,T4_S0,11
742,multiplas_emergencias,PREEMPCAO_COMPENSADA,49,T4_S1,14
743,multiplas_emergencias,PREEMPCAO_ML,49,A1_L0,16
743,multiplas_emergencias,PREEMPCAO_ML,49,A1_L1,20
743,multiplas_emergencias,PREEMPCAO_ML,49,A1_L2,20
743,multiplas_emergencias,PREEMPCAO_ML,49,A1_L3,20
743,multiplas_emergencias,PREEMPCAO_ML,49,A1_O1,17
743,multiplas_emergencias,PREEMPCAO_ML,49,A1_O2,16
743,multiplas_emergencias,PREEMPCAO_ML,49,A1_O3,22
743,multiplas_emergencias,PREEMPCAO_ML,49,A1_O4,15
743,multiplas_emergencias,PREEMPCAO_ML,49,A2_L0,14
743,multiplas_emergencias,PREEMPCAO_ML,49,A2_L1,21
743,multiplas_emergencias,PREEMPCAO_ML,49,A2_L2,20
743,multiplas_emergencias,PREEMPCAO_ML,49,A2_L3,22
743,multiplas_emergencias,PREEMPCAO_ML,49,A2_O1,18
743,multiplas_emergencias,PREEMPCAO_ML,49,A2_O2,18
743,multiplas_emergencias,PREEMPCAO_ML,49,A2_O3,19
743,multiplas_emergencias,PREEMPCAO_ML,49,A2_O4,13
743,multiplas_emergencias,PREEMPCAO_ML,49,T1_N1,11
743,multiplas_emergencias,PREEMPCAO_ML,49,T1_N2,12
743,multiplas_emergencias,PREEMPCAO_ML,49,T1_S0,10
743,multiplas_emergencias,PREEMPCAO_ML,49,T1_S1,10
743,multiplas_emergencias,PREEMPCAO_ML,49,T2_N1,11
743,multiplas_emergencias,PREEMPCAO_ML,49,T2_N2,9
743,multiplas_emergencias,PREEMPCAO_ML,49,T2_S0,9
743,multiplas_emergencias,PREEMPCAO_ML,49,T2_S1,13
743,multiplas_emergencias,PREEMPCAO_ML,49,T3_N1,11
743,multiplas_emergencias,PREEMPCAO_ML,49,T3_N2,14
743,multiplas_emergencias,PREEMPCAO_ML,49,T3_S0,12
743,multiplas_emergencias,PREEMPCAO_ML,49,T3_S1,11
743,multiplas_emergencias,PREEMPCAO_ML,49,T4_N1,13
743,multiplas_emergencias,PREEMPCAO_ML,49,T4_N2,7
743,multiplas_emergencias,PREEMPCAO_ML,49,T4_S0,11
743,multiplas_emergencias,PREEMPCAO_ML,49,T4_S1,9
744,leve,FIXO,50,A1_L0,9
744,leve,FIXO,50,A1_L1,10
744,leve,FIXO,50,A1_L2,10
744,leve,FIXO,50,A1_L3,10
744,leve,FIXO,50,A1_O1,13
744,leve,FIXO,50,A1_O2,13
744,leve,FIXO,50,A1_O3,13
744,leve,FIXO,50,A1_O4,9
744,leve,FIXO,50,A2_L0,7
744,leve,FIXO,50,A2_L1,13
744,leve,FIXO,50,A2_L2,13
744,leve,FIXO,50,A2_L3,13
744,leve,FIXO,50,A2_O1,12
744,leve,FIXO,50,A2_O2,12
744,leve,FIXO,50,A2_O3,11
744,leve,FIXO,50,A2_O4,7
744,leve,FIXO,50,T1_N1,5
744,leve,FIXO,50,T1_N2,5
744,leve,FIXO,50,T1_S0,5
744,leve,FIXO,50,T1_S1,7
744,leve,FIXO,50,T2_N1,6
744,leve,FIXO,50,T2_N2,4
744,leve,FIXO,50,T2_S0,6
744,leve,FIXO,50,T2_S1,6
744,leve,FIXO,50,T3_N1,6
744,leve,FIXO,50,T3_N2,4
744,leve,FIXO,50,T3_S0,5
744,leve,FIXO,50,T3_S1,7
744,leve,FIXO,50,T4_N1,6
744,leve,FIXO,50,T4_N2,5
744,leve,FIXO,50,T4_S0,6
744,leve,FIXO,50,T4_S1,8
745,leve,PREEMPCAO,50,A1_L0,8
745,leve,PREEMPCAO,50,A1_L1,10
745,leve,PREEMPCAO,50,A1_L2,7
745,leve,PREEMPCAO,50,A1_L3,7
745,leve,PREEMPCAO,50,A1_O1,8
745,leve,PREEMPCAO,50,A1_O2,9
745,leve,PREEMPCAO,50,A1_O3,7
745,leve,PREEMPCAO,50,A1_O4,9
745,leve,PREEMPCAO,50,A2_L0,8
745,leve,PREEMPCAO,50,A2_L1,13
745,leve,PREEMPCAO,50,A2_L2,16
745,leve,PREEMPCAO,50,A2_L3,16
745,leve,PREEMPCAO,50,A2_O1,11
745,leve,PREEMPCAO,50,A2_O2,11
745,leve,PREEMPCAO,50,A2_O3,11
745,leve,PREEMPCAO,50,A2_O4,7
745,leve,PREEMPCAO,50,T1_N1,5
745,leve,PREEMPCAO,50,T1_N2,4
745,leve,PREEMPCAO,50,T1_S0,5
745,leve,PREEMPCAO,50,T1_S1,6
745,leve,PREEMPCAO,50,T2_N1,7
745,leve,PREEMPCAO,50,T2_N2,4
745,leve,PREEMPCAO,50,T2_S0,6
745,leve,PREEMPCAO,50,T2_S1,5
745,leve,PREEMPCAO,50,T3_N1,2
745,leve,PREEMPCAO,50,T3_N2,4
745,leve,PREEMPCAO,50,T3_S0,4
745,leve,PREEMPCAO,50,T3_S1,5
745,leve,PREEMPCAO,50,T4_N1,6
745,leve,PREEMPCAO,50,T4_N2,5
745,leve,PREEMPCAO,50,T4_S0,6
745,leve,PREEMPCAO,50,T4_S1,8
746,leve,PREEMPCAO_COMPENSADA,50,A1_L0,7
746,leve,PREEMPCAO_COMPENSADA,50,A1_L1,9
746,leve,PREEMPCAO_COMPENSADA,50,A1_L2,9
746,leve,PREEMPCAO_COMPENSADA,50,A1_L3,11
746,leve,PREEMPCAO_COMPENSADA,50,A1_O1,10
746,leve,PREEMPCAO_COMPENSADA,50,A1_O2,9
746,leve,PREEMPCAO_COMPENSADA,50,A1_O3,9
746,leve,PREEMPCAO_COMPENSADA,50,A1_O4,6
746,leve,PREEMPCAO_COMPENSADA,50,A2_L0,9
746,leve,PREEMPCAO_COMPENSADA,50,A2_L1,13
746,leve,PREEMPCAO_COMPENSADA,50,A2_L2,16
746,leve,PREEMPCAO_COMPENSADA,50,A2_L3,10
746,leve,PREEMPCAO_COMPENSADA,50,A2_O1,11
746,leve,PREEMPCAO_COMPENSADA,50,A2_O2,11
746,leve,PREEMPCAO_COMPENSADA,50,A2_O3,12
746,leve,PREEMPCAO_COMPENSADA,50,A2_O4,8
746,leve,PREEMPCAO_COMPENSADA,50,T1_N1,6
746,leve,PREEMPCAO_COMPENSADA,50,T1_N2,4
746,leve,PREEMPCAO_COMPENSADA,50,T1_S0,5
746,leve,PREEMPCAO_COMPENSADA,50,T1_S1,6
746,leve,PREEMPCAO_COMPENSADA,50,T2_N1,6
746,leve,PREEMPCAO_COMPENSADA,50,T2_N2,5
746,leve,PREEMPCAO_COMPENSADA,50,T2_S0,4
746,leve,PREEMPCAO_COMPENSADA,50,T2_S1,5
746,leve,PREEMPCAO_COMPENSADA,50,T3_N1,5
746,leve,PREEMPCAO_COMPENSADA,50,T3_N2,4
746,leve,PREEMPCAO_COMPENSADA,50,T3_S0,5
746,leve,PREEMPCAO_COMPENSADA,50,T3_S1,5
746,leve,PREEMPCAO_COMPENSADA,50,T4_N1,6
746,leve,PREEMPCAO_COMPENSADA,50,T4_N2,5
746,leve,PREEMPCAO_COMPENSADA,50,T4_S0,3
746,leve,PREEMPCAO_COMPENSADA,50,T4_S1,5
747,moderado,FIXO,50,A1_L0,14
747,moderado,FIXO,50,A1_L1,24
747,moderado,FIXO,50,A1_L2,23
747,moderado,FIXO,50,A1_L3,23
747,moderado,FIXO,50,A1_O1,23
747,moderado,FIXO,50,A1_O2,23
747,moderado,FIXO,50,A1_O3,23
747,moderado,FIXO,50,A1_O4,13
747,moderado,FIXO,50,A2_L0,15
747,moderado,FIXO,50,A2_L1,20
747,moderado,FIXO,50,A2_L2,20
747,moderado,FIXO,50,A2_L3,20
747,moderado,FIXO,50,A2_O1,26
747,moderado,FIXO,50,A2_O2,26
747,moderado,FIXO,50,A2_O3,25
747,moderado,FIXO,50,A2_O4,13
747,moderado,FIXO,50,T1_N1,9
747,moderado,FIXO,50,T1_N2,9
747,moderado,FIXO,50,T1_S0,9
747,moderado,FIXO,50,T1_S1,8
747,moderado,FIXO,50,T2_N1,8
747,moderado,FIXO,50,T2_N2,10
747,moderado,FIXO,50,T2_S0,9
747,moderado,FIXO,50,T2_S1,8
747,moderado,FIXO,50,T3_N1,8
747,moderado,FIXO,50,T3_N2,8
747,moderado,FIXO,50,T3_S0,9
747,moderado,FIXO,50,T3_S1,10
747,moderado,FIXO,50,T4_N1,8
747,moderado,FIXO,50,T4_N2,7
747,moderado,FIXO,50,T4_S0,10
747,moderado,FIXO,50,T4_S1,9
748,moderado,PREEMPCAO,50,A1_L0,15
748,moderado,PREEMPCAO,50,A1_L1,23
748,moderado,PREEMPCAO,50,A1_L2,14
748,moderado,PREEMPCAO,50,A1_L3,18
748,moderado,PREEMPCAO,50,A1_O1,18
748,moderado,PREEMPCAO,50,A1_O2,19
748,moderado,PREEMPCAO,50,A1_O3,19
748,moderado,PREEMPCAO,50,A1_O4,14
748,moderado,PREEMPCAO,50,A2_L0,14
748,moderado,PREEMPCAO,50,A2_L1,17
748,moderado,PREEMPCAO,50,A2_L2,23
748,moderado,PREEMPCAO,50,A2_L3,24
748,moderado,PREEMPCAO,50,A2_O1,18
748,moderado,PREEMPCAO,50,A2_O2,21
748,moderado,PREEMPCAO,50,A2_O3,20
748,moderado,PREEMPCAO,50,A2_O4,19
748,moderado,PREEMPCAO,50,T1_N1,5
748,moderado,PREEMPCAO,50,T1_N2,9
748,moderado,PREEMPCAO,50,T1_S0,7
748,moderado,PREEMPCAO,50,T1_S1,10
748,moderado,PREEMPCAO,50,T2_N1,11
748,moderado,PREEMPCAO,50,T2_N2,12
748,moderado,PREEMPCAO,50,T2_S0,9
748,moderado,PREEMPCAO,50,T2_S1,9
748,moderado,PREEMPCAO,50,T3_N1,11
748,moderado,PREEMPCAO,50,T3_N2,8
748,moderado,PREEMPCAO,50,T3_S0,10
748,moderado,PREEMPCAO,50,T3_S1,9
748,moderado,PREEMPCAO,50,T4_N1,8
748,moderado,PREEMPCAO,50,T4_N2,8
748,moderado,PREEMPCAO,50,T4_S0,11
748,moderado,PREEMPCAO,50,T4_S1,10
749,moderado,PREEMPCAO_COMPENSADA,50,A1_L0,17
749,moderado,PREEMPCAO_COMPENSADA,50,A1_L1,13
749,moderado,PREEMPCAO_COMPENSADA,50,A1_L2,17
749,moderado,PREEMPCAO_COMPENSADA,50,A1_L3,22
749,moderado,PREEMPCAO_COMPENSADA,50,A1_O1,18
749,moderado,PREEMPCAO_COMPENSADA,50,A1_O2,20
749,moderado,PREEMPCAO_COMPENSADA,50,A1_O3,19
749,moderado,PREEMPCAO_COMPENSADA,50,A1_O4,14
749,moderado,PREEMPCAO_COMPENSADA,50,A2_L0,15
749,moderado,PREEMPCAO_COMPENSADA,50,A2_L1,19
749,moderado,PREEMPCAO_COMPENSADA,50,A2_L2,17
749,moderado,PREEMPCAO_COMPENSADA,50,A2_L3,23
749,moderado,PREEMPCAO_COMPENSADA,50,A2_O1,18
749,moderado,PREEMPCAO_COMPENSADA,50,A2_O2,18
749,moderado,PREEMPCAO_COMPENSADA,50,A2_O3,22
749,moderado,PREEMPCAO_COMPENSADA,50,A2_O4,18
749,moderado,PREEMPCAO_COMPENSADA,50,T1_N1,10
749,moderado,PREEMPCAO_COMPENSADA,50,T1_N2,9
749,moderado,PREEMPCAO_COMPENSADA,50,T1_S0,8
749,moderado,PREEMPCAO_COMPENSADA,50,T1_S1,9
749,moderado,PREEMPCAO_COMPENSADA,50,T2_N1,10
749,moderado,PREEMPCAO_COMPENSADA,50,T2_N2,10
749,moderado,PREEMPCAO_COMPENSADA,50,T2_S0,9
749,moderado,PREEMPCAO_COMPENSADA,50,T2_S1,9
749,moderado,PREEMPCAO_COMPENSADA,50,T3_N1,9
749,moderado,PREEMPCAO_COMPENSADA,50,T3_N2,8
749,moderado,PREEMPCAO_COMPENSADA,50,T3_S0,8
749,moderado,PREEMPCAO_COMPENSADA,50,T3_S1,10
749,moderado,PREEMPCAO_COMPENSADA,50,T4_N1,11
749,moderado,PREEMPCAO_COMPENSADA,50,T4_N2,7
749,moderado,PREEMPCAO_COMPENSADA,50,T4_S0,10
749,moderado,PREEMPCAO_COMPENSADA,50,T4_S1,11
750,intenso,FIXO,50,A1_L0,24
750,intenso,FIXO,50,A1_L1,28
750,intenso,FIXO,50,A1_L2,27
750,intenso,FIXO,50,A1_L3,27
750,intenso,FIXO,50,A1_O1,27
750,intenso,FIXO,50,A1_O2,27
750,intenso,FIXO,50,A1_O3,27
750,intenso,FIXO,50,A1_O4,25
750,intenso,FIXO,50,A2_L0,27
750,intenso,FIXO,50,A2_L1,28
750,intenso,FIXO,50,A2_L2,28
750,intenso,FIXO,50,A2_L3,28
750,intenso,FIXO,50,A2_O1,28
750,intenso,FIXO,50,A2_O2,28
750,intenso,FIXO,50,A2_O3,28
750,intenso,FIXO,50,A2_O4,22
750,intenso,FIXO,50,T1_N1,9
750,intenso,FIXO,50,T1_N2,12
750,intenso,FIXO,50,T1_S0,15
750,intenso,FIXO,50,T1_S1,10
750,intenso,FIXO,50,T2_N1,9
750,intenso,FIXO,50,T2_N2,14
750,intenso,FIXO,50,T2_S0,15
750,intenso,FIXO,50,T2_S1,10
750,intenso,FIXO,50,T3_N1,9
750,intenso,FIXO,50,T3_N2,11
750,intenso,FIXO,50,T3_S0,13
750,intenso,FIXO,50,T3_S1,10
750,intenso,FIXO,50,T4_N1,11
750,intenso,FIXO,50,T4_N2,13
750,intenso,FIXO,50,T4_S0,15
750,intenso,FIXO,50,T4_S1,9
751,intenso,PREEMPCAO,50,A1_L0,20
751,intenso,PREEMPCAO,50,A1_L1,23
751,intenso,PREEMPCAO,50,A1_L2,23
751,intenso,PREEMPCAO,50,A1_L3,23
751,intenso,PREEMPCAO,50,A1_O1,24
751,intenso,PREEMPCAO,50,A1_O2,27
751,intenso,PREEMPCAO,50,A1_O3,26
751,intenso,PREEMPCAO,50,A1_O4,25
751,intenso,PREEMPCAO,50,A2_L0,27
751,intenso,PREEMPCAO,50,A2_L1,28
751,intenso,PREEMPCAO,50,A2_L2,26
751,intenso,PREEMPCAO,50,A2_L3,30
751,intenso,PREEMPCAO,50,A2_O1,27
751,intenso,PREEMPCAO,50,A2_O2,27
751,intenso,PREEMPCAO,50,A2_O3,28
751,intenso,PREEMPCAO,50,A2_O4,30
751,intenso,PREEMPCAO,50,T1_N1,15
751,intenso,PREEMPCAO,50,T1_N2,13
751,intenso,PREEMPCAO,50,T1_S0,14
751,intenso,PREEMPCAO,50,T1_S1,13
751,intenso,PREEMPCAO,50,T2_N1,15
751,intenso,PREEMPCAO,50,T2_N2,15
751,intenso,PREEMPCAO,50,T2_S0,15
751,intenso,PREEMPCAO,50,T2_S1,14
751,intenso,PREEMPCAO,50,T3_N1,14
751,intenso,PREEMPCAO,50,T3_N2,12
751,intenso,PREEMPCAO,50,T3_S0,14
751,intenso,PREEMPCAO,50,T3_S1,14
751,intenso,PREEMPCAO,50,T4_N1,15
751,intenso,PREEMPCAO,50,T4_N2,14
751,intenso,PREEMPCAO,50,T4_S0,15
751,intenso,PREEMPCAO,50,T4_S1,14
752,intenso,PREEMPCAO_COMPENSADA,50,A1_L0,22
752,intenso,PREEMPCAO_COMPENSADA,50,A1_L1,23
752,intenso,PREEMPCAO_COMPENSADA,50,A1_L2,23
752,intenso,PREEMPCAO_COMPENSADA,50,A1_L3,27
752,intenso,PREEMPCAO_COMPENSADA,50,A1_O1,24
752,intenso,PREEMPCAO_COMPENSADA,50,A1_O2,28
752,intenso,PREEMPCAO_COMPENSADA,50,A1_O3,26
752,intenso,PREEMPCAO_COMPENSADA,50,A1_O4,25
752,intenso,PREEMPCAO_COMPENSADA,50,A2_L0,30
752,intenso,PREEMPCAO_COMPENSADA,50,A2_L1,28
752,intenso,PREEMPCAO_COMPENSADA,50,A2_L2,28
752,intenso,PREEMPCAO_COMPENSADA,50,A2_L3,27
752,intenso,PREEMPCAO_COMPENSADA,50,A2_O1,27
752,intenso,PREEMPCAO_COMPENSADA,50,A2_O2,29
752,intenso,PREEMPCAO_COMPENSADA,50,A2_O3,29
752,intenso,PREEMPCAO_COMPENSADA,50,A2_O4,24
752,intenso,PREEMPCAO_COMPENSADA,50,T1_N1,15
752,intenso,PREEMPCAO_COMPENSADA,50,T1_N2,15
752,intenso,PREEMPCAO_COMPENSADA,50,T1_S0,11
752,intenso,PREEMPCAO_COMPENSADA,50,T1_S1,13
752,intenso,PREEMPCAO_COMPENSADA,50,T2_N1,14
752,intenso,PREEMPCAO_COMPENSADA,50,T2_N2,15
752,intenso,PREEMPCAO_COMPENSADA,50,T2_S0,14
752,intenso,PREEMPCAO_COMPENSADA,50,T2_S1,13
752,intenso,PREEMPCAO_COMPENSADA,50,T3_N1,14
752,intenso,PREEMPCAO_COMPENSADA,50,T3_N2,13
752,intenso,PREEMPCAO_COMPENSADA,50,T3_S0,14
752,intenso,PREEMPCAO_COMPENSADA,50,T3_S1,14
752,intenso,PREEMPCAO_COMPENSADA,50,T4_N1,13
752,intenso,PREEMPCAO_COMPENSADA,50,T4_N2,13
752,intenso,PREEMPCAO_COMPENSADA,50,T4_S0,15
752,intenso,PREEMPCAO_COMPENSADA,50,T4_S1,15
753,multiplas_emergencias,FIXO,50,A1_L0,14
753,multiplas_emergencias,FIXO,50,A1_L1,24
753,multiplas_emergencias,FIXO,50,A1_L2,23
753,multiplas_emergencias,FIXO,50,A1_L3,23
753,multiplas_emergencias,FIXO,50,A1_O1,23
753,multiplas_emergencias,FIXO,50,A1_O2,23
753,multiplas_emergencias,FIXO,50,A1_O3,23
753,multiplas_emergencias,FIXO,50,A1_O4,13
753,multiplas_emergencias,FIXO,50,A2_L0,15
753,multiplas_emergencias,FIXO,50,A2_L1,20
753,multiplas_emergencias,FIXO,50,A2_L2,20
753,multiplas_emergencias,FIXO,50,A2_L3,21
753,multiplas_emergencias,FIXO,50,A2_O1,26
753,multiplas_emergencias,FIXO,50,A2_O2,26
753,multiplas_emergencias,FIXO,50,A2_O3,25
753,multiplas_emergencias,FIXO,50,A2_O4,13
753,multiplas_emergencias,FIXO,50,T1_N1,9
753,multiplas_emergencias,FIXO,50,T1_N2,9
753,multiplas_emergencias,FIXO,50,T1_S0,9
753,multiplas_emergencias,FIXO,50,T1_S1,8
753,multiplas_emergencias,FIXO,50,T2_N1,8
753,multiplas_emergencias,FIXO,50,T2_N2,10
753,multiplas_emergencias,FIXO,50,T2_S0,9
753,multiplas_emergencias,FIXO,50,T2_S1,8
753,multiplas_emergencias,FIXO,50,T3_N1,8
753,multiplas_emergencias,FIXO,50,T3_N2,8
753,multiplas_emergencias,FIXO,50,T3_S0,9
753,multiplas_emergencias,FIXO,50,T3_S1,10
753,multiplas_emergencias,FIXO,50,T4_N1,8
753,multiplas_emergencias,FIXO,50,T4_N2,7
753,multiplas_emergencias,FIXO,50,T4_S0,10
753,multiplas_emergencias,FIXO,50,T4_S1,9
754,multiplas_emergencias,PREEMPCAO,50,A1_L0,15
754,multiplas_emergencias,PREEMPCAO,50,A1_L1,14
754,multiplas_emergencias,PREEMPCAO,50,A1_L2,12
754,multiplas_emergencias,PREEMPCAO,50,A1_L3,12
754,multiplas_emergencias,PREEMPCAO,50,A1_O1,11
754,multiplas_emergencias,PREEMPCAO,50,A1_O2,19
754,multiplas_emergencias,PREEMPCAO,50,A1_O3,19
754,multiplas_emergencias,PREEMPCAO,50,A1_O4,13
754,multiplas_emergencias,PREEMPCAO,50,A2_L0,15
754,multiplas_emergencias,PREEMPCAO,50,A2_L1,17
754,multiplas_emergencias,PREEMPCAO,50,A2_L2,17
754,multiplas_emergencias,PREEMPCAO,50,A2_L3,18
754,multiplas_emergencias,PREEMPCAO,50,A2_O1,20
754,multiplas_emergencias,PREEMPCAO,50,A2_O2,18
754,multiplas_emergencias,PREEMPCAO,50,A2_O3,22
754,multiplas_emergencias,PREEMPCAO,50,A2_O4,13
754,multiplas_emergencias,PREEMPCAO,50,T1_N1,6
754,multiplas_emergencias,PREEMPCAO,50,T1_N2,9
754,multiplas_emergencias,PREEMPCAO,50,T1_S0,7
754,multiplas_emergencias,PREEMPCAO,50,T1_S1,9
754,multiplas_emergencias,PREEMPCAO,50,T2_N1,10
754,multiplas_emergencias,PREEMPCAO,50,T2_N2,9
754,multiplas_emergencias,PREEMPCAO,50,T2_S0,10
754,multiplas_emergencias,PREEMPCAO,50,T2_S1,13
754,multiplas_emergencias,PREEMPCAO,50,T3_N1,8
754,multiplas_emergencias,PREEMPCAO,50,T3_N2,9
754,multiplas_emergencias,PREEMPCAO,50,T3_S0,9
754,multiplas_emergencias,PREEMPCAO,50,T3_S1,12
754,multiplas_emergencias,PREEMPCAO,50,T4_N1,11
754,multiplas_emergencias,PREEMPCAO,50,T4_N2,7
754,multiplas_emergencias,PREEMPCAO,50,T4_S0,10
754,multiplas_emergencias,PREEMPCAO,50,T4_S1,9
755,multiplas_emergencias,PREEMPCAO_COMPENSADA,50,A1_L0,17
755,multiplas_emergencias,PREEMPCAO_COMPENSADA,50,A1_L1,17
755,multiplas_emergencias,PREEMPCAO_COMPENSADA,50,A1_L2,24
755,multiplas_emergencias,PREEMPCAO_COMPENSADA,50,A1_L3,18
755,multiplas_emergencias,PREEMPCAO_COMPENSADA,50,A1_O1,21
755,multiplas_emergencias,PREEMPCAO_COMPENSADA,50,A1_O2,19
755,multiplas_emergencias,PREEMPCAO_COMPENSADA,50,A1_O3,19
755,multiplas_emergencias,PREEMPCAO_COMPENSADA,50,A1_O4,14
755,multiplas_emergencias,PREEMPCAO_COMPENSADA,50,A2_L0,16
755,multiplas_emergencias,PREEMPCAO_COMPENSADA,50,A2_L1,18
755,multiplas_emergencias,PREEMPCAO_COMPENSADA,50,A2_L2,25
755,multiplas_emergencias,PREEMPCAO_COMPENSADA,50,A2_L3,17
755,multiplas_emergencias,PREEMPCAO_COMPENSADA,50,A2_O1,21
755,multiplas_emergencias,PREEMPCAO_COMPENSADA,50,A2_O2,21
755,multiplas_emergencias,PREEMPCAO_COMPENSADA,50,A2_O3,25
755,multiplas_emergencias,PREEMPCAO_COMPENSADA,50,A2_O4,21
755,multiplas_emergencias,PREEMPCAO_COMPENSADA,50,T1_N1,10
755,multiplas_emergencias,PREEMPCAO_COMPENSADA,50,T1_N2,9
755,multiplas_emergencias,PREEMPCAO_COMPENSADA,50,T1_S0,8
755,multiplas_emergencias,PREEMPCAO_COMPENSADA,50,T1_S1,11
755,multiplas_emergencias,PREEMPCAO_COMPENSADA,50,T2_N1,10
755,multiplas_emergencias,PREEMPCAO_COMPENSADA,50,T2_N2,10
755,multiplas_emergencias,PREEMPCAO_COMPENSADA,50,T2_S0,8
755,multiplas_emergencias,PREEMPCAO_COMPENSADA,50,T2_S1,9
755,multiplas_emergencias,PREEMPCAO_COMPENSADA,50,T3_N1,9
755,multiplas_emergencias,PREEMPCAO_COMPENSADA,50,T3_N2,12
755,multiplas_emergencias,PREEMPCAO_COMPENSADA,50,T3_S0,7
755,multiplas_emergencias,PREEMPCAO_COMPENSADA,50,T3_S1,11
755,multiplas_emergencias,PREEMPCAO_COMPENSADA,50,T4_N1,10
755,multiplas_emergencias,PREEMPCAO_COMPENSADA,50,T4_N2,8
755,multiplas_emergencias,PREEMPCAO_COMPENSADA,50,T4_S0,10
755,multiplas_emergencias,PREEMPCAO_COMPENSADA,50,T4_S1,11
756,multiplas_emergencias,PREEMPCAO_ML,50,A1_L0,15
756,multiplas_emergencias,PREEMPCAO_ML,50,A1_L1,17
756,multiplas_emergencias,PREEMPCAO_ML,50,A1_L2,17
756,multiplas_emergencias,PREEMPCAO_ML,50,A1_L3,20
756,multiplas_emergencias,PREEMPCAO_ML,50,A1_O1,19
756,multiplas_emergencias,PREEMPCAO_ML,50,A1_O2,20
756,multiplas_emergencias,PREEMPCAO_ML,50,A1_O3,20
756,multiplas_emergencias,PREEMPCAO_ML,50,A1_O4,11
756,multiplas_emergencias,PREEMPCAO_ML,50,A2_L0,10
756,multiplas_emergencias,PREEMPCAO_ML,50,A2_L1,17
756,multiplas_emergencias,PREEMPCAO_ML,50,A2_L2,17
756,multiplas_emergencias,PREEMPCAO_ML,50,A2_L3,22
756,multiplas_emergencias,PREEMPCAO_ML,50,A2_O1,20
756,multiplas_emergencias,PREEMPCAO_ML,50,A2_O2,21
756,multiplas_emergencias,PREEMPCAO_ML,50,A2_O3,18
756,multiplas_emergencias,PREEMPCAO_ML,50,A2_O4,14
756,multiplas_emergencias,PREEMPCAO_ML,50,T1_N1,10
756,multiplas_emergencias,PREEMPCAO_ML,50,T1_N2,9
756,multiplas_emergencias,PREEMPCAO_ML,50,T1_S0,7
756,multiplas_emergencias,PREEMPCAO_ML,50,T1_S1,13
756,multiplas_emergencias,PREEMPCAO_ML,50,T2_N1,9
756,multiplas_emergencias,PREEMPCAO_ML,50,T2_N2,11
756,multiplas_emergencias,PREEMPCAO_ML,50,T2_S0,10
756,multiplas_emergencias,PREEMPCAO_ML,50,T2_S1,9
756,multiplas_emergencias,PREEMPCAO_ML,50,T3_N1,9
756,multiplas_emergencias,PREEMPCAO_ML,50,T3_N2,9
756,multiplas_emergencias,PREEMPCAO_ML,50,T3_S0,9
756,multiplas_emergencias,PREEMPCAO_ML,50,T3_S1,9
756,multiplas_emergencias,PREEMPCAO_ML,50,T4_N1,8
756,multiplas_emergencias,PREEMPCAO_ML,50,T4_N2,7
756,multiplas_emergencias,PREEMPCAO_ML,50,T4_S0,11
756,multiplas_emergencias,PREEMPCAO_ML,50,T4_S1,9
