id_execucao,cenario,modo,seed,id_veiculo,tipo,tempo_viagem_s,tempo_espera_s,paradas,velocidade_media_ms,atraso_s
112,leve,FIXO,1,VE_ROTA_VE_CORREDOR_00,ambulancia,513.10,123.70,6,8.73,294.11
112,leve,FIXO,1,VE_ROTA_VE_CORREDOR_01,bombeiro,468.10,117.90,5,9.56,249.12
112,leve,FIXO,1,VE_ROTA_VE_CORREDOR_02,policia,429.90,100.80,5,10.42,210.90
112,leve,FIXO,1,VE_ROTA_VE_CORREDOR_03,ambulancia,467.00,106.40,6,9.59,248.01
112,leve,FIXO,1,VE_ROTA_VE_CORREDOR_04,bombeiro,490.40,134.60,7,9.13,271.50
110,leve,PREEMPCAO,1,VE_ROTA_VE_CORREDOR_00,ambulancia,314.50,0.00,0,14.24,95.47
110,leve,PREEMPCAO,1,VE_ROTA_VE_CORREDOR_01,bombeiro,229.30,0.00,0,19.52,10.41
110,leve,PREEMPCAO,1,VE_ROTA_VE_CORREDOR_02,policia,252.90,0.00,0,17.71,33.88
110,leve,PREEMPCAO,1,VE_ROTA_VE_CORREDOR_03,ambulancia,259.60,0.00,0,17.25,40.59
110,leve,PREEMPCAO,1,VE_ROTA_VE_CORREDOR_04,bombeiro,254.80,0.00,0,17.56,35.93
110,leve,PREEMPCAO,1,VE_ROTA_VE_CORREDOR_05,policia,248.80,0.00,0,18.00,29.77
109,leve,PREEMPCAO_COMPENSADA,1,VE_ROTA_VE_CORREDOR_00,ambulancia,319.10,0.00,0,14.03,100.10
109,leve,PREEMPCAO_COMPENSADA,1,VE_ROTA_VE_CORREDOR_01,bombeiro,237.20,0.00,0,18.87,18.25
109,leve,PREEMPCAO_COMPENSADA,1,VE_ROTA_VE_CORREDOR_02,policia,254.50,0.00,0,17.59,35.42
109,leve,PREEMPCAO_COMPENSADA,1,VE_ROTA_VE_CORREDOR_03,ambulancia,252.60,0.00,0,17.72,33.64
109,leve,PREEMPCAO_COMPENSADA,1,VE_ROTA_VE_CORREDOR_04,bombeiro,275.40,3.50,1,16.25,56.47
109,leve,PREEMPCAO_COMPENSADA,1,VE_ROTA_VE_CORREDOR_05,policia,291.10,0.00,0,15.38,72.06
107,moderado,FIXO,1,VE_ROTA_VE_CORREDOR_00,ambulancia,526.00,113.10,6,8.51,306.95
107,moderado,FIXO,1,VE_ROTA_VE_CORREDOR_01,bombeiro,476.70,94.20,5,9.39,257.77
107,moderado,FIXO,1,VE_ROTA_VE_CORREDOR_02,policia,512.00,98.20,7,8.75,292.95
107,moderado,FIXO,1,VE_ROTA_VE_CORREDOR_03,ambulancia,474.70,68.50,5,9.43,255.70
107,moderado,FIXO,1,VE_ROTA_VE_CORREDOR_04,bombeiro,499.50,99.30,5,8.96,280.53
111,moderado,PREEMPCAO,1,VE_ROTA_VE_CORREDOR_00,ambulancia,374.70,0.00,0,11.95,155.66
111,moderado,PREEMPCAO,1,VE_ROTA_VE_CORREDOR_01,bombeiro,251.60,2.40,1,17.79,32.73
111,moderado,PREEMPCAO,1,VE_ROTA_VE_CORREDOR_02,policia,326.20,0.00,0,13.73,107.17
111,moderado,PREEMPCAO,1,VE_ROTA_VE_CORREDOR_03,ambulancia,351.80,0.00,0,12.73,132.83
111,moderado,PREEMPCAO,1,VE_ROTA_VE_CORREDOR_04,bombeiro,311.50,0.00,0,14.37,92.64
108,moderado,PREEMPCAO_COMPENSADA,1,VE_ROTA_VE_CORREDOR_00,ambulancia,376.00,0.00,0,11.91,156.94
108,moderado,PREEMPCAO_COMPENSADA,1,VE_ROTA_VE_CORREDOR_01,bombeiro,259.60,0.00,0,17.24,40.74
108,moderado,PREEMPCAO_COMPENSADA,1,VE_ROTA_VE_CORREDOR_02,policia,287.30,3.20,1,15.59,68.33
108,moderado,PREEMPCAO_COMPENSADA,1,VE_ROTA_VE_CORREDOR_03,ambulancia,325.70,0.00,0,13.75,106.64
108,moderado,PREEMPCAO_COMPENSADA,1,VE_ROTA_VE_CORREDOR_04,bombeiro,305.80,0.00,0,14.63,86.87
113,intenso,FIXO,1,VE_ROTA_VE_CORREDOR_00,ambulancia,519.10,137.90,6,8.63,300.10
113,intenso,FIXO,1,VE_ROTA_VE_CORREDOR_01,bombeiro,559.00,102.20,7,8.01,340.12
113,intenso,FIXO,1,VE_ROTA_VE_CORREDOR_02,policia,516.20,65.30,6,8.67,297.14
113,intenso,FIXO,1,VE_ROTA_VE_CORREDOR_03,ambulancia,483.50,26.00,5,9.26,264.53
113,intenso,FIXO,1,VE_ROTA_VE_CORREDOR_04,bombeiro,507.50,51.90,5,8.82,288.63
114,intenso,PREEMPCAO,1,VE_ROTA_VE_CORREDOR_00,ambulancia,393.30,0.00,0,11.38,174.25
114,intenso,PREEMPCAO,1,VE_ROTA_VE_CORREDOR_01,bombeiro,349.60,0.00,0,12.80,130.75
114,intenso,PREEMPCAO,1,VE_ROTA_VE_CORREDOR_02,policia,364.60,0.00,0,12.28,145.59
114,intenso,PREEMPCAO,1,VE_ROTA_VE_CORREDOR_03,ambulancia,337.40,0.00,0,13.27,118.38
114,intenso,PREEMPCAO,1,VE_ROTA_VE_CORREDOR_04,bombeiro,357.50,0.00,0,12.52,138.52
115,intenso,PREEMPCAO_COMPENSADA,1,VE_ROTA_VE_CORREDOR_00,ambulancia,393.20,0.00,0,11.39,174.22
115,intenso,PREEMPCAO_COMPENSADA,1,VE_ROTA_VE_CORREDOR_01,bombeiro,372.30,0.00,0,12.02,153.36
115,intenso,PREEMPCAO_COMPENSADA,1,VE_ROTA_VE_CORREDOR_02,policia,384.40,0.00,0,11.65,165.30
115,intenso,PREEMPCAO_COMPENSADA,1,VE_ROTA_VE_CORREDOR_03,ambulancia,398.10,0.00,0,11.25,179.02
115,intenso,PREEMPCAO_COMPENSADA,1,VE_ROTA_VE_CORREDOR_04,bombeiro,362.80,0.00,0,12.34,143.88
116,multiplas_emergencias,FIXO,1,VE_ROTA_VE_TRANSVERSAL_00,ambulancia,301.20,89.90,4,8.28,162.63
116,multiplas_emergencias,FIXO,1,VE_ROTA_VE_CORREDOR_00,ambulancia,526.00,113.20,6,8.51,307.01
116,multiplas_emergencias,FIXO,1,VE_ROTA_VE_TRANSVERSAL_01,bombeiro,258.60,12.90,1,9.64,120.22
116,multiplas_emergencias,FIXO,1,VE_ROTA_VE_CORREDOR_01,bombeiro,475.70,100.90,5,9.41,256.75
116,multiplas_emergencias,FIXO,1,VE_ROTA_VE_TRANSVERSAL_02,policia,288.60,34.80,4,8.64,150.03
116,multiplas_emergencias,FIXO,1,VE_ROTA_VE_CORREDOR_02,policia,513.90,99.50,7,8.71,294.89
116,multiplas_emergencias,FIXO,1,VE_ROTA_VE_TRANSVERSAL_03,ambulancia,261.60,8.70,2,9.53,123.02
116,multiplas_emergencias,FIXO,1,VE_ROTA_VE_CORREDOR_03,ambulancia,474.70,68.20,5,9.43,255.72
116,multiplas_emergencias,FIXO,1,VE_ROTA_VE_TRANSVERSAL_04,bombeiro,284.60,32.30,4,8.75,146.21
116,multiplas_emergencias,FIXO,1,VE_ROTA_VE_CORREDOR_04,bombeiro,499.50,101.20,5,8.96,280.63
116,multiplas_emergencias,FIXO,1,VE_ROTA_VE_TRANSVERSAL_05,policia,241.90,16.50,2,10.31,103.29
117,multiplas_emergencias,PREEMPCAO,1,VE_ROTA_VE_TRANSVERSAL_00,ambulancia,166.90,0.00,0,14.94,28.42
117,multiplas_emergencias,PREEMPCAO,1,VE_ROTA_VE_CORREDOR_00,ambulancia,365.60,0.00,0,12.25,146.53
117,multiplas_emergencias,PREEMPCAO,1,VE_ROTA_VE_TRANSVERSAL_01,bombeiro,206.20,5.40,2,12.08,67.78
117,multiplas_emergencias,PREEMPCAO,1,VE_ROTA_VE_CORREDOR_01,bombeiro,246.40,0.00,0,18.16,27.44
117,multiplas_emergencias,PREEMPCAO,1,VE_ROTA_VE_TRANSVERSAL_02,policia,208.00,7.70,1,11.99,69.46
117,multiplas_emergencias,PREEMPCAO,1,VE_ROTA_VE_CORREDOR_02,policia,351.10,11.10,1,12.75,132.10
117,multiplas_emergencias,PREEMPCAO,1,VE_ROTA_VE_TRANSVERSAL_03,ambulancia,220.50,9.30,1,11.31,81.94
117,multiplas_emergencias,PREEMPCAO,1,VE_ROTA_VE_CORREDOR_03,ambulancia,360.80,0.00,0,12.41,141.78
117,multiplas_emergencias,PREEMPCAO,1,VE_ROTA_VE_TRANSVERSAL_04,bombeiro,202.50,5.60,1,12.30,64.07
117,multiplas_emergencias,PREEMPCAO,1,VE_ROTA_VE_CORREDOR_04,bombeiro,334.80,5.10,1,13.37,115.94
117,multiplas_emergencias,PREEMPCAO,1,VE_ROTA_VE_TRANSVERSAL_05,policia,220.30,14.00,2,11.32,81.77
117,multiplas_emergencias,PREEMPCAO,1,VE_ROTA_VE_CORREDOR_05,policia,293.00,0.00,0,15.28,73.98
118,multiplas_emergencias,PREEMPCAO_COMPENSADA,1,VE_ROTA_VE_TRANSVERSAL_00,ambulancia,167.10,0.00,0,14.92,28.57
118,multiplas_emergencias,PREEMPCAO_COMPENSADA,1,VE_ROTA_VE_CORREDOR_00,ambulancia,344.90,0.00,0,12.98,125.99
118,multiplas_emergencias,PREEMPCAO_COMPENSADA,1,VE_ROTA_VE_TRANSVERSAL_01,bombeiro,167.80,0.00,0,14.85,29.43
118,multiplas_emergencias,PREEMPCAO_COMPENSADA,1,VE_ROTA_VE_CORREDOR_01,bombeiro,284.10,0.40,1,15.75,65.22
118,multiplas_emergencias,PREEMPCAO_COMPENSADA,1,VE_ROTA_VE_TRANSVERSAL_02,policia,222.60,11.90,1,11.20,84.03
118,multiplas_emergencias,PREEMPCAO_COMPENSADA,1,VE_ROTA_VE_CORREDOR_02,policia,297.80,0.00,0,15.04,78.82
118,multiplas_emergencias,PREEMPCAO_COMPENSADA,1,VE_ROTA_VE_TRANSVERSAL_03,ambulancia,205.50,1.50,1,12.13,66.97
118,multiplas_emergencias,PREEMPCAO_COMPENSADA,1,VE_ROTA_VE_CORREDOR_03,ambulancia,342.70,0.00,0,13.06,123.73
118,multiplas_emergencias,PREEMPCAO_COMPENSADA,1,VE_ROTA_VE_TRANSVERSAL_04,bombeiro,179.00,0.00,0,13.92,40.63
118,multiplas_emergencias,PREEMPCAO_COMPENSADA,1,VE_ROTA_VE_CORREDOR_04,bombeiro,312.40,0.00,0,14.33,93.58
118,multiplas_emergencias,PREEMPCAO_COMPENSADA,1,VE_ROTA_VE_TRANSVERSAL_05,policia,189.80,0.60,1,13.14,51.20
119,multiplas_emergencias,PREEMPCAO_ML,1,VE_ROTA_VE_TRANSVERSAL_00,ambulancia,173.60,13.80,1,14.36,35.07
119,multiplas_emergencias,PREEMPCAO_ML,1,VE_ROTA_VE_CORREDOR_00,ambulancia,325.80,0.00,0,13.74,106.78
119,multiplas_emergencias,PREEMPCAO_ML,1,VE_ROTA_VE_TRANSVERSAL_01,bombeiro,200.10,5.70,1,12.45,61.75
119,multiplas_emergencias,PREEMPCAO_ML,1,VE_ROTA_VE_CORREDOR_01,bombeiro,265.20,0.00,0,16.88,46.26
119,multiplas_emergencias,PREEMPCAO_ML,1,VE_ROTA_VE_TRANSVERSAL_02,policia,216.70,5.60,2,11.51,78.12
119,multiplas_emergencias,PREEMPCAO_ML,1,VE_ROTA_VE_CORREDOR_02,policia,297.30,0.00,0,15.06,78.26
119,multiplas_emergencias,PREEMPCAO_ML,1,VE_ROTA_VE_TRANSVERSAL_03,ambulancia,245.50,16.70,1,10.16,106.96
119,multiplas_emergencias,PREEMPCAO_ML,1,VE_ROTA_VE_CORREDOR_03,ambulancia,347.10,0.00,0,12.90,128.02
119,multiplas_emergencias,PREEMPCAO_ML,1,VE_ROTA_VE_TRANSVERSAL_04,bombeiro,228.70,7.10,2,10.89,90.29
119,multiplas_emergencias,PREEMPCAO_ML,1,VE_ROTA_VE_CORREDOR_04,bombeiro,328.50,0.00,0,13.62,109.65
119,multiplas_emergencias,PREEMPCAO_ML,1,VE_ROTA_VE_TRANSVERSAL_05,policia,194.60,1.00,1,12.82,56.05
119,multiplas_emergencias,PREEMPCAO_ML,1,VE_ROTA_VE_CORREDOR_05,policia,260.90,0.00,0,17.16,41.90
120,leve,FIXO,2,VE_ROTA_VE_CORREDOR_00,ambulancia,372.40,74.90,5,12.02,153.40
120,leve,FIXO,2,VE_ROTA_VE_CORREDOR_01,bombeiro,476.80,122.90,6,9.39,257.94
120,leve,FIXO,2,VE_ROTA_VE_CORREDOR_02,policia,497.80,150.00,6,9.00,278.84
120,leve,FIXO,2,VE_ROTA_VE_CORREDOR_03,ambulancia,466.70,101.40,6,9.59,247.66
120,leve,FIXO,2,VE_ROTA_VE_CORREDOR_04,bombeiro,490.00,135.80,6,9.13,271.10
121,leve,PREEMPCAO,2,VE_ROTA_VE_CORREDOR_00,ambulancia,286.80,2.30,1,15.61,67.82
121,leve,PREEMPCAO,2,VE_ROTA_VE_CORREDOR_01,bombeiro,237.60,0.00,0,18.84,18.71
121,leve,PREEMPCAO,2,VE_ROTA_VE_CORREDOR_02,policia,259.00,0.00,0,17.29,39.90
121,leve,PREEMPCAO,2,VE_ROTA_VE_CORREDOR_03,ambulancia,270.60,8.20,2,16.55,51.54
121,leve,PREEMPCAO,2,VE_ROTA_VE_CORREDOR_04,bombeiro,272.00,10.70,3,16.45,53.13
121,leve,PREEMPCAO,2,VE_ROTA_VE_CORREDOR_05,policia,234.80,0.00,0,19.07,15.76
122,leve,PREEMPCAO_COMPENSADA,2,VE_ROTA_VE_CORREDOR_00,ambulancia,286.80,2.30,1,15.61,67.80
122,leve,PREEMPCAO_COMPENSADA,2,VE_ROTA_VE_CORREDOR_01,bombeiro,278.80,4.90,1,16.05,59.94
122,leve,PREEMPCAO_COMPENSADA,2,VE_ROTA_VE_CORREDOR_02,policia,275.50,5.80,2,16.25,56.45
122,leve,PREEMPCAO_COMPENSADA,2,VE_ROTA_VE_CORREDOR_03,ambulancia,253.80,0.00,0,17.64,34.77
122,leve,PREEMPCAO_COMPENSADA,2,VE_ROTA_VE_CORREDOR_04,bombeiro,287.00,2.40,1,15.59,68.06
122,leve,PREEMPCAO_COMPENSADA,2,VE_ROTA_VE_CORREDOR_05,policia,259.80,0.00,0,17.24,40.78
123,moderado,FIXO,2,VE_ROTA_VE_CORREDOR_00,ambulancia,450.90,79.50,6,9.93,231.88
123,moderado,FIXO,2,VE_ROTA_VE_CORREDOR_01,bombeiro,479.60,59.10,5,9.33,260.66
123,moderado,FIXO,2,VE_ROTA_VE_CORREDOR_02,policia,512.40,113.10,8,8.74,293.36
123,moderado,FIXO,2,VE_ROTA_VE_CORREDOR_03,ambulancia,466.00,75.90,5,9.61,247.00
123,moderado,FIXO,2,VE_ROTA_VE_CORREDOR_04,bombeiro,493.70,69.60,5,9.06,274.77
124,moderado,PREEMPCAO,2,VE_ROTA_VE_CORREDOR_00,ambulancia,330.50,2.30,1,13.55,111.43
124,moderado,PREEMPCAO,2,VE_ROTA_VE_CORREDOR_01,bombeiro,331.30,0.00,0,13.51,112.41
124,moderado,PREEMPCAO,2,VE_ROTA_VE_CORREDOR_02,policia,325.50,0.00,0,13.76,106.44
124,moderado,PREEMPCAO,2,VE_ROTA_VE_CORREDOR_03,ambulancia,312.00,0.00,0,14.35,92.99
124,moderado,PREEMPCAO,2,VE_ROTA_VE_CORREDOR_04,bombeiro,340.50,0.00,0,13.14,121.51
125,moderado,PREEMPCAO_COMPENSADA,2,VE_ROTA_VE_CORREDOR_00,ambulancia,330.70,2.30,1,13.54,111.71
125,moderado,PREEMPCAO_COMPENSADA,2,VE_ROTA_VE_CORREDOR_01,bombeiro,304.20,0.00,0,14.71,85.32
125,moderado,PREEMPCAO_COMPENSADA,2,VE_ROTA_VE_CORREDOR_02,policia,277.50,0.00,0,16.14,58.46
125,moderado,PREEMPCAO_COMPENSADA,2,VE_ROTA_VE_CORREDOR_03,ambulancia,290.10,0.00,0,15.43,71.10
125,moderado,PREEMPCAO_COMPENSADA,2,VE_ROTA_VE_CORREDOR_04,bombeiro,304.40,0.00,0,14.70,85.53
125,moderado,PREEMPCAO_COMPENSADA,2,VE_ROTA_VE_CORREDOR_05,policia,270.80,0.00,0,16.54,51.76
126,intenso,FIXO,2,VE_ROTA_VE_CORREDOR_00,ambulancia,526.00,120.40,6,8.51,307.02
126,intenso,FIXO,2,VE_ROTA_VE_CORREDOR_01,bombeiro,563.50,78.50,7,7.94,344.56
126,intenso,FIXO,2,VE_ROTA_VE_CORREDOR_02,policia,518.00,86.50,6,8.64,299.02
126,intenso,FIXO,2,VE_ROTA_VE_CORREDOR_03,ambulancia,479.40,55.10,5,9.34,260.38
126,intenso,FIXO,2,VE_ROTA_VE_CORREDOR_04,bombeiro,511.70,52.00,5,8.75,292.78
127,intenso,PREEMPCAO,2,VE_ROTA_VE_CORREDOR_00,ambulancia,450.40,0.00,0,9.94,231.36
127,intenso,PREEMPCAO,2,VE_ROTA_VE_CORREDOR_01,bombeiro,371.20,10.50,1,12.06,152.27
127,intenso,PREEMPCAO,2,VE_ROTA_VE_CORREDOR_02,policia,364.20,0.00,0,12.29,145.22
127,intenso,PREEMPCAO,2,VE_ROTA_VE_CORREDOR_03,ambulancia,359.90,0.00,0,12.44,141.00
127,intenso,PREEMPCAO,2,VE_ROTA_VE_CORREDOR_04,bombeiro,327.80,0.00,0,13.65,108.88
128,intenso,PREEMPCAO_COMPENSADA,2,VE_ROTA_VE_CORREDOR_00,ambulancia,451.50,0.00,0,9.92,232.50
128,intenso,PREEMPCAO_COMPENSADA,2,VE_ROTA_VE_CORREDOR_01,bombeiro,417.10,8.90,1,10.73,198.25
128,intenso,PREEMPCAO_COMPENSADA,2,VE_ROTA_VE_CORREDOR_02,policia,356.10,0.00,0,12.57,137.14
128,intenso,PREEMPCAO_COMPENSADA,2,VE_ROTA_VE_CORREDOR_03,ambulancia,371.10,0.00,0,12.06,152.08
128,intenso,PREEMPCAO_COMPENSADA,2,VE_ROTA_VE_CORREDOR_04,bombeiro,389.50,0.00,0,11.49,170.65
129,multiplas_emergencias,FIXO,2,VE_ROTA_VE_TRANSVERSAL_00,ambulancia,229.10,14.30,2,10.88,90.62
129,multiplas_emergencias,FIXO,2,VE_ROTA_VE_CORREDOR_00,ambulancia,450.80,79.80,6,9.93,231.85
129,multiplas_emergencias,FIXO,2,VE_ROTA_VE_TRANSVERSAL_01,bombeiro,257.60,12.70,1,9.67,119.23
129,multiplas_emergencias,FIXO,2,VE_ROTA_VE_CORREDOR_01,bombeiro,479.80,58.70,5,9.33,260.90
129,multiplas_emergencias,FIXO,2,VE_ROTA_VE_TRANSVERSAL_02,policia,291.10,57.90,4,8.57,152.56
129,multiplas_emergencias,FIXO,2,VE_ROTA_VE_CORREDOR_02,policia,512.20,112.70,8,8.74,293.11
129,multiplas_emergencias,FIXO,2,VE_ROTA_VE_TRANSVERSAL_03,ambulancia,251.30,16.90,3,9.92,112.78
129,multiplas_emergencias,FIXO,2,VE_ROTA_VE_CORREDOR_03,ambulancia,462.60,77.30,5,9.68,243.58
129,multiplas_emergencias,FIXO,2,VE_ROTA_VE_TRANSVERSAL_04,bombeiro,281.00,42.80,4,8.87,142.64
129,multiplas_emergencias,FIXO,2,VE_ROTA_VE_CORREDOR_04,bombeiro,496.00,68.80,5,9.02,277.11
129,multiplas_emergencias,FIXO,2,VE_ROTA_VE_TRANSVERSAL_05,policia,237.40,25.60,3,10.51,98.83
130,multiplas_emergencias,PREEMPCAO,2,VE_ROTA_VE_TRANSVERSAL_00,ambulancia,181.70,0.00,0,13.72,43.18
130,multiplas_emergencias,PREEMPCAO,2,VE_ROTA_VE_CORREDOR_00,ambulancia,317.60,2.30,1,14.10,98.64
130,multiplas_emergencias,PREEMPCAO,2,VE_ROTA_VE_TRANSVERSAL_01,bombeiro,186.90,3.60,1,13.33,48.49
130,multiplas_emergencias,PREEMPCAO,2,VE_ROTA_VE_CORREDOR_01,bombeiro,328.10,7.50,1,13.64,109.24
130,multiplas_emergencias,PREEMPCAO,2,VE_ROTA_VE_TRANSVERSAL_02,policia,184.70,0.40,1,13.50,46.15
130,multiplas_emergencias,PREEMPCAO,2,VE_ROTA_VE_CORREDOR_02,policia,338.50,0.00,0,13.23,119.51
130,multiplas_emergencias,PREEMPCAO,2,VE_ROTA_VE_TRANSVERSAL_03,ambulancia,201.30,0.00,0,12.39,62.80
130,multiplas_emergencias,PREEMPCAO,2,VE_ROTA_VE_CORREDOR_03,ambulancia,353.60,0.00,0,12.66,134.65
130,multiplas_emergencias,PREEMPCAO,2,VE_ROTA_VE_TRANSVERSAL_04,bombeiro,205.60,17.60,1,12.12,67.19
130,multiplas_emergencias,PREEMPCAO,2,VE_ROTA_VE_CORREDOR_04,bombeiro,350.30,0.00,0,12.78,131.38
130,multiplas_emergencias,PREEMPCAO,2,VE_ROTA_VE_TRANSVERSAL_05,policia,175.10,11.40,1,14.24,36.56
131,multiplas_emergencias,PREEMPCAO_COMPENSADA,2,VE_ROTA_VE_TRANSVERSAL_00,ambulancia,181.90,0.00,0,13.71,43.37
131,multiplas_emergencias,PREEMPCAO_COMPENSADA,2,VE_ROTA_VE_CORREDOR_00,ambulancia,323.50,2.30,1,13.84,104.51
131,multiplas_emergencias,PREEMPCAO_COMPENSADA,2,VE_ROTA_VE_TRANSVERSAL_01,bombeiro,185.70,3.20,1,13.42,47.29
131,multiplas_emergencias,PREEMPCAO_COMPENSADA,2,VE_ROTA_VE_CORREDOR_01,bombeiro,306.80,0.00,0,14.59,87.91
131,multiplas_emergencias,PREEMPCAO_COMPENSADA,2,VE_ROTA_VE_TRANSVERSAL_02,policia,176.00,0.00,0,14.17,37.42
131,multiplas_emergencias,PREEMPCAO_COMPENSADA,2,VE_ROTA_VE_CORREDOR_02,policia,313.90,0.00,0,14.26,94.85
131,multiplas_emergencias,PREEMPCAO_COMPENSADA,2,VE_ROTA_VE_TRANSVERSAL_03,ambulancia,180.30,0.00,0,13.83,41.78
131,multiplas_emergencias,PREEMPCAO_COMPENSADA,2,VE_ROTA_VE_CORREDOR_03,ambulancia,352.10,0.00,0,12.72,133.08
131,multiplas_emergencias,PREEMPCAO_COMPENSADA,2,VE_ROTA_VE_TRANSVERSAL_04,bombeiro,181.50,0.00,0,13.73,43.13
131,multiplas_emergencias,PREEMPCAO_COMPENSADA,2,VE_ROTA_VE_CORREDOR_04,bombeiro,358.40,1.70,1,12.49,139.49
131,multiplas_emergencias,PREEMPCAO_COMPENSADA,2,VE_ROTA_VE_TRANSVERSAL_05,policia,177.00,11.50,1,14.09,38.41
132,multiplas_emergencias,PREEMPCAO_ML,2,VE_ROTA_VE_TRANSVERSAL_00,ambulancia,216.40,30.40,2,11.52,77.90
132,multiplas_emergencias,PREEMPCAO_ML,2,VE_ROTA_VE_CORREDOR_00,ambulancia,322.10,2.30,1,13.90,103.15
132,multiplas_emergencias,PREEMPCAO_ML,2,VE_ROTA_VE_TRANSVERSAL_01,bombeiro,219.40,17.20,3,11.36,80.99
132,multiplas_emergencias,PREEMPCAO_ML,2,VE_ROTA_VE_CORREDOR_01,bombeiro,304.10,0.00,0,14.72,85.18
132,multiplas_emergencias,PREEMPCAO_ML,2,VE_ROTA_VE_TRANSVERSAL_02,policia,180.90,0.00,0,13.79,42.35
132,multiplas_emergencias,PREEMPCAO_ML,2,VE_ROTA_VE_CORREDOR_02,policia,323.30,0.00,0,13.85,104.32
132,multiplas_emergencias,PREEMPCAO_ML,2,VE_ROTA_VE_TRANSVERSAL_03,ambulancia,191.20,8.10,1,13.04,52.69
132,multiplas_emergencias,PREEMPCAO_ML,2,VE_ROTA_VE_CORREDOR_03,ambulancia,290.40,1.50,1,15.42,71.33
132,multiplas_emergencias,PREEMPCAO_ML,2,VE_ROTA_VE_TRANSVERSAL_04,bombeiro,178.20,13.20,1,13.98,39.77
132,multiplas_emergencias,PREEMPCAO_ML,2,VE_ROTA_VE_CORREDOR_04,bombeiro,327.10,0.00,0,13.68,108.16
132,multiplas_emergencias,PREEMPCAO_ML,2,VE_ROTA_VE_TRANSVERSAL_05,policia,208.10,16.60,2,11.99,69.51
132,multiplas_emergencias,PREEMPCAO_ML,2,VE_ROTA_VE_CORREDOR_05,policia,267.20,0.00,0,16.76,48.20
133,leve,FIXO,3,VE_ROTA_VE_CORREDOR_00,ambulancia,442.00,101.70,7,10.13,222.95
133,leve,FIXO,3,VE_ROTA_VE_CORREDOR_01,bombeiro,340.20,80.70,3,13.15,121.34
133,leve,FIXO,3,VE_ROTA_VE_CORREDOR_02,policia,368.10,61.80,5,12.16,149.03
133,leve,FIXO,3,VE_ROTA_VE_CORREDOR_03,ambulancia,459.90,104.90,5,9.74,240.89
133,leve,FIXO,3,VE_ROTA_VE_CORREDOR_04,bombeiro,495.60,113.70,7,9.03,276.72
134,leve,PREEMPCAO,3,VE_ROTA_VE_CORREDOR_00,ambulancia,280.30,2.10,1,15.97,61.28
134,leve,PREEMPCAO,3,VE_ROTA_VE_CORREDOR_01,bombeiro,235.80,3.60,1,18.98,16.83
134,leve,PREEMPCAO,3,VE_ROTA_VE_CORREDOR_02,policia,253.20,4.20,1,17.68,34.12
134,leve,PREEMPCAO,3,VE_ROTA_VE_CORREDOR_03,ambulancia,294.30,0.00,0,15.21,75.34
134,leve,PREEMPCAO,3,VE_ROTA_VE_CORREDOR_04,bombeiro,250.90,0.00,0,17.84,31.97
134,leve,PREEMPCAO,3,VE_ROTA_VE_CORREDOR_05,policia,282.80,1.60,1,15.83,63.76
135,leve,PREEMPCAO_COMPENSADA,3,VE_ROTA_VE_CORREDOR_00,ambulancia,278.10,2.10,1,16.10,59.15
135,leve,PREEMPCAO_COMPENSADA,3,VE_ROTA_VE_CORREDOR_01,bombeiro,264.80,3.40,1,16.90,45.91
135,leve,PREEMPCAO_COMPENSADA,3,VE_ROTA_VE_CORREDOR_02,policia,249.50,5.60,1,17.95,30.43
135,leve,PREEMPCAO_COMPENSADA,3,VE_ROTA_VE_CORREDOR_03,ambulancia,238.50,2.20,1,18.77,19.55
135,leve,PREEMPCAO_COMPENSADA,3,VE_ROTA_VE_CORREDOR_04,bombeiro,278.20,3.00,1,16.09,59.32
135,leve,PREEMPCAO_COMPENSADA,3,VE_ROTA_VE_CORREDOR_05,policia,269.20,0.00,0,16.63,50.23
136,moderado,FIXO,3,VE_ROTA_VE_CORREDOR_00,ambulancia,449.10,73.10,5,9.97,230.02
136,moderado,FIXO,3,VE_ROTA_VE_CORREDOR_01,bombeiro,483.30,42.70,5,9.26,264.41
136,moderado,FIXO,3,VE_ROTA_VE_CORREDOR_02,policia,510.00,123.00,6,8.78,290.96
136,moderado,FIXO,3,VE_ROTA_VE_CORREDOR_03,ambulancia,468.80,82.00,6,9.55,249.82
136,moderado,FIXO,3,VE_ROTA_VE_CORREDOR_04,bombeiro,502.80,90.70,5,8.90,283.82
137,moderado,PREEMPCAO,3,VE_ROTA_VE_CORREDOR_00,ambulancia,316.00,0.00,0,14.17,96.93
137,moderado,PREEMPCAO,3,VE_ROTA_VE_CORREDOR_01,bombeiro,361.30,0.00,0,12.39,142.42
137,moderado,PREEMPCAO,3,VE_ROTA_VE_CORREDOR_02,policia,303.60,0.00,0,14.75,84.54
137,moderado,PREEMPCAO,3,VE_ROTA_VE_CORREDOR_03,ambulancia,335.80,0.00,0,13.33,116.78
137,moderado,PREEMPCAO,3,VE_ROTA_VE_CORREDOR_04,bombeiro,302.50,0.00,0,14.79,83.61
138,moderado,PREEMPCAO_COMPENSADA,3,VE_ROTA_VE_CORREDOR_00,ambulancia,317.10,0.00,0,14.12,98.07
138,moderado,PREEMPCAO_COMPENSADA,3,VE_ROTA_VE_CORREDOR_01,bombeiro,331.60,0.00,0,13.50,112.67
138,moderado,PREEMPCAO_COMPENSADA,3,VE_ROTA_VE_CORREDOR_02,policia,334.70,3.10,1,13.38,115.70
138,moderado,PREEMPCAO_COMPENSADA,3,VE_ROTA_VE_CORREDOR_03,ambulancia,311.20,0.00,0,14.39,92.17
138,moderado,PREEMPCAO_COMPENSADA,3,VE_ROTA_VE_CORREDOR_04,bombeiro,294.10,0.00,0,15.22,75.18
140,intenso,FIXO,3,VE_ROTA_VE_CORREDOR_00,ambulancia,590.70,152.80,8,7.58,371.68
140,intenso,FIXO,3,VE_ROTA_VE_CORREDOR_01,bombeiro,562.30,57.50,7,7.96,343.45
140,intenso,FIXO,3,VE_ROTA_VE_CORREDOR_02,policia,581.00,127.50,8,7.71,361.96
140,intenso,FIXO,3,VE_ROTA_VE_CORREDOR_03,ambulancia,613.20,206.40,8,7.30,394.25
140,intenso,FIXO,3,VE_ROTA_VE_CORREDOR_04,bombeiro,513.50,59.60,5,8.72,294.58
139,intenso,PREEMPCAO,3,VE_ROTA_VE_CORREDOR_00,ambulancia,407.90,13.60,1,10.98,188.95
139,intenso,PREEMPCAO,3,VE_ROTA_VE_CORREDOR_01,bombeiro,390.40,0.00,0,11.46,171.40
139,intenso,PREEMPCAO,3,VE_ROTA_VE_CORREDOR_02,policia,356.10,0.00,0,12.57,136.98
139,intenso,PREEMPCAO,3,VE_ROTA_VE_CORREDOR_03,ambulancia,397.00,0.00,0,11.28,178.06
139,intenso,PREEMPCAO,3,VE_ROTA_VE_CORREDOR_04,bombeiro,348.70,0.00,0,12.83,129.82
141,intenso,PREEMPCAO_COMPENSADA,3,VE_ROTA_VE_CORREDOR_00,ambulancia,408.10,13.60,1,10.97,189.10
141,intenso,PREEMPCAO_COMPENSADA,3,VE_ROTA_VE_CORREDOR_01,bombeiro,371.80,0.00,0,12.04,152.87
141,intenso,PREEMPCAO_COMPENSADA,3,VE_ROTA_VE_CORREDOR_02,policia,378.90,0.00,0,11.82,159.86
141,intenso,PREEMPCAO_COMPENSADA,3,VE_ROTA_VE_CORREDOR_03,ambulancia,465.60,1.60,1,9.62,246.61
141,intenso,PREEMPCAO_COMPENSADA,3,VE_ROTA_VE_CORREDOR_04,bombeiro,347.00,0.00,0,12.90,128.04
142,multiplas_emergencias,FIXO,3,VE_ROTA_VE_TRANSVERSAL_00,ambulancia,243.20,5.70,2,10.25,104.63
142,multiplas_emergencias,FIXO,3,VE_ROTA_VE_CORREDOR_00,ambulancia,446.50,76.30,5,10.03,227.51
142,multiplas_emergencias,FIXO,3,VE_ROTA_VE_TRANSVERSAL_01,bombeiro,269.60,6.90,2,9.24,131.18
142,multiplas_emergencias,FIXO,3,VE_ROTA_VE_CORREDOR_01,bombeiro,483.30,42.80,5,9.26,264.41
142,multiplas_emergencias,FIXO,3,VE_ROTA_VE_TRANSVERSAL_02,policia,293.50,53.70,4,8.50,154.89
142,multiplas_emergencias,FIXO,3,VE_ROTA_VE_CORREDOR_02,policia,509.40,126.10,6,8.79,290.41
142,multiplas_emergencias,FIXO,3,VE_ROTA_VE_TRANSVERSAL_03,ambulancia,248.20,19.20,3,10.05,109.65
142,multiplas_emergencias,FIXO,3,VE_ROTA_VE_CORREDOR_03,ambulancia,467.10,81.30,6,9.59,248.09
142,multiplas_emergencias,FIXO,3,VE_ROTA_VE_TRANSVERSAL_04,bombeiro,278.80,41.20,4,8.94,140.39
142,multiplas_emergencias,FIXO,3,VE_ROTA_VE_CORREDOR_04,bombeiro,503.60,88.40,5,8.89,284.72
142,multiplas_emergencias,FIXO,3,VE_ROTA_VE_TRANSVERSAL_05,policia,244.00,19.90,2,10.22,105.42
143,multiplas_emergencias,PREEMPCAO,3,VE_ROTA_VE_TRANSVERSAL_00,ambulancia,227.90,6.90,2,10.94,89.38
143,multiplas_emergencias,PREEMPCAO,3,VE_ROTA_VE_CORREDOR_00,ambulancia,311.20,0.00,0,14.39,92.24
143,multiplas_emergencias,PREEMPCAO,3,VE_ROTA_VE_TRANSVERSAL_01,bombeiro,204.00,4.50,1,12.21,65.58
143,multiplas_emergencias,PREEMPCAO,3,VE_ROTA_VE_CORREDOR_01,bombeiro,356.20,10.70,1,12.56,137.34
143,multiplas_emergencias,PREEMPCAO,3,VE_ROTA_VE_TRANSVERSAL_02,policia,213.80,6.10,2,11.67,75.22
143,multiplas_emergencias,PREEMPCAO,3,VE_ROTA_VE_CORREDOR_02,policia,341.30,11.80,1,13.12,122.21
143,multiplas_emergencias,PREEMPCAO,3,VE_ROTA_VE_TRANSVERSAL_03,ambulancia,170.90,0.00,0,14.59,32.39
143,multiplas_emergencias,PREEMPCAO,3,VE_ROTA_VE_CORREDOR_03,ambulancia,304.00,0.00,0,14.73,84.99
143,multiplas_emergencias,PREEMPCAO,3,VE_ROTA_VE_TRANSVERSAL_04,bombeiro,220.30,26.00,2,11.31,81.88
143,multiplas_emergencias,PREEMPCAO,3,VE_ROTA_VE_CORREDOR_04,bombeiro,333.30,4.00,2,13.43,114.40
143,multiplas_emergencias,PREEMPCAO,3,VE_ROTA_VE_TRANSVERSAL_05,policia,173.10,0.10,1,14.41,34.53
144,multiplas_emergencias,PREEMPCAO_COMPENSADA,3,VE_ROTA_VE_TRANSVERSAL_00,ambulancia,227.90,7.80,2,10.94,89.34
144,multiplas_emergencias,PREEMPCAO_COMPENSADA,3,VE_ROTA_VE_CORREDOR_00,ambulancia,321.80,0.00,0,13.91,102.85
144,multiplas_emergencias,PREEMPCAO_COMPENSADA,3,VE_ROTA_VE_TRANSVERSAL_01,bombeiro,209.30,2.20,1,11.90,70.90
144,multiplas_emergencias,PREEMPCAO_COMPENSADA,3,VE_ROTA_VE_CORREDOR_01,bombeiro,356.70,0.00,0,12.55,137.87
144,multiplas_emergencias,PREEMPCAO_COMPENSADA,3,VE_ROTA_VE_TRANSVERSAL_02,policia,185.70,0.00,0,13.43,47.13
144,multiplas_emergencias,PREEMPCAO_COMPENSADA,3,VE_ROTA_VE_CORREDOR_02,policia,309.90,0.00,0,14.45,90.83
144,multiplas_emergencias,PREEMPCAO_COMPENSADA,3,VE_ROTA_VE_TRANSVERSAL_03,ambulancia,180.30,0.00,0,13.83,41.75
144,multiplas_emergencias,PREEMPCAO_COMPENSADA,3,VE_ROTA_VE_CORREDOR_03,ambulancia,297.50,0.00,0,15.05,78.47
144,multiplas_emergencias,PREEMPCAO_COMPENSADA,3,VE_ROTA_VE_TRANSVERSAL_04,bombeiro,183.50,5.50,2,13.58,45.07
144,multiplas_emergencias,PREEMPCAO_COMPENSADA,3,VE_ROTA_VE_CORREDOR_04,bombeiro,334.40,0.00,0,13.38,115.45
144,multiplas_emergencias,PREEMPCAO_COMPENSADA,3,VE_ROTA_VE_TRANSVERSAL_05,policia,165.20,6.40,1,15.10,26.60
145,multiplas_emergencias,PREEMPCAO_ML,3,VE_ROTA_VE_TRANSVERSAL_00,ambulancia,239.80,17.80,1,10.40,101.24
145,multiplas_emergencias,PREEMPCAO_ML,3,VE_ROTA_VE_CORREDOR_00,ambulancia,318.40,0.00,0,14.06,99.41
145,multiplas_emergencias,PREEMPCAO_ML,3,VE_ROTA_VE_TRANSVERSAL_01,bombeiro,204.60,0.00,0,12.18,66.19
145,multiplas_emergencias,PREEMPCAO_ML,3,VE_ROTA_VE_CORREDOR_01,bombeiro,357.70,11.80,1,12.51,138.79
145,multiplas_emergencias,PREEMPCAO_ML,3,VE_ROTA_VE_TRANSVERSAL_02,policia,233.00,26.10,4,10.70,94.46
145,multiplas_emergencias,PREEMPCAO_ML,3,VE_ROTA_VE_CORREDOR_02,policia,293.50,0.00,0,15.26,74.53
145,multiplas_emergencias,PREEMPCAO_ML,3,VE_ROTA_VE_TRANSVERSAL_03,ambulancia,188.10,0.00,0,13.26,49.57
145,multiplas_emergencias,PREEMPCAO_ML,3,VE_ROTA_VE_CORREDOR_03,ambulancia,308.60,0.00,0,14.51,89.57
145,multiplas_emergencias,PREEMPCAO_ML,3,VE_ROTA_VE_TRANSVERSAL_04,bombeiro,221.50,27.40,3,11.25,83.10
145,multiplas_emergencias,PREEMPCAO_ML,3,VE_ROTA_VE_CORREDOR_04,bombeiro,293.10,2.10,1,15.27,74.15
145,multiplas_emergencias,PREEMPCAO_ML,3,VE_ROTA_VE_TRANSVERSAL_05,policia,178.20,0.00,0,14.00,39.59
146,leve,FIXO,4,VE_ROTA_VE_CORREDOR_00,ambulancia,435.80,115.90,6,10.27,216.81
146,leve,FIXO,4,VE_ROTA_VE_CORREDOR_01,bombeiro,469.10,126.00,5,9.54,250.12
146,leve,FIXO,4,VE_ROTA_VE_CORREDOR_02,policia,429.30,102.70,6,10.43,210.25
146,leve,FIXO,4,VE_ROTA_VE_CORREDOR_03,ambulancia,390.00,86.60,4,11.48,170.91
146,leve,FIXO,4,VE_ROTA_VE_CORREDOR_04,bombeiro,490.60,106.40,6,9.12,271.63
147,leve,PREEMPCAO,4,VE_ROTA_VE_CORREDOR_00,ambulancia,282.00,2.30,1,15.88,62.97
147,leve,PREEMPCAO,4,VE_ROTA_VE_CORREDOR_01,bombeiro,300.30,4.00,1,14.90,81.38
147,leve,PREEMPCAO,4,VE_ROTA_VE_CORREDOR_02,policia,245.80,3.10,1,18.22,26.72
147,leve,PREEMPCAO,4,VE_ROTA_VE_CORREDOR_03,ambulancia,274.00,0.00,0,16.34,55.06
147,leve,PREEMPCAO,4,VE_ROTA_VE_CORREDOR_04,bombeiro,280.60,5.70,1,15.95,61.68
147,leve,PREEMPCAO,4,VE_ROTA_VE_CORREDOR_05,policia,241.20,0.00,0,18.56,22.13
148,leve,PREEMPCAO_COMPENSADA,4,VE_ROTA_VE_CORREDOR_00,ambulancia,282.00,2.30,1,15.88,62.98
148,leve,PREEMPCAO_COMPENSADA,4,VE_ROTA_VE_CORREDOR_01,bombeiro,282.70,4.00,1,15.83,63.70
148,leve,PREEMPCAO_COMPENSADA,4,VE_ROTA_VE_CORREDOR_02,policia,244.70,0.00,0,18.30,25.65
148,leve,PREEMPCAO_COMPENSADA,4,VE_ROTA_VE_CORREDOR_03,ambulancia,279.00,0.00,0,16.05,59.93
148,leve,PREEMPCAO_COMPENSADA,4,VE_ROTA_VE_CORREDOR_04,bombeiro,260.50,0.00,0,17.18,41.64
148,leve,PREEMPCAO_COMPENSADA,4,VE_ROTA_VE_CORREDOR_05,policia,247.00,1.10,1,18.13,27.93
149,moderado,FIXO,4,VE_ROTA_VE_CORREDOR_00,ambulancia,521.70,103.50,6,8.58,302.70
149,moderado,FIXO,4,VE_ROTA_VE_CORREDOR_01,bombeiro,480.70,73.40,5,9.31,261.82
149,moderado,FIXO,4,VE_ROTA_VE_CORREDOR_02,policia,515.30,75.40,6,8.69,296.25
149,moderado,FIXO,4,VE_ROTA_VE_CORREDOR_03,ambulancia,468.70,64.30,5,9.55,249.68
149,moderado,FIXO,4,VE_ROTA_VE_CORREDOR_04,bombeiro,495.20,93.30,7,9.04,276.26
150,moderado,PREEMPCAO,4,VE_ROTA_VE_CORREDOR_00,ambulancia,325.00,0.00,0,13.78,105.97
150,moderado,PREEMPCAO,4,VE_ROTA_VE_CORREDOR_01,bombeiro,328.40,1.00,1,13.63,109.55
150,moderado,PREEMPCAO,4,VE_ROTA_VE_CORREDOR_02,policia,290.80,0.00,0,15.40,71.83
150,moderado,PREEMPCAO,4,VE_ROTA_VE_CORREDOR_03,ambulancia,287.10,0.00,0,15.59,68.08
150,moderado,PREEMPCAO,4,VE_ROTA_VE_CORREDOR_04,bombeiro,335.00,0.00,0,13.36,116.00
151,moderado,PREEMPCAO_COMPENSADA,4,VE_ROTA_VE_CORREDOR_00,ambulancia,324.90,0.00,0,13.78,105.88
151,moderado,PREEMPCAO_COMPENSADA,4,VE_ROTA_VE_CORREDOR_01,bombeiro,302.40,0.00,0,14.80,83.48
151,moderado,PREEMPCAO_COMPENSADA,4,VE_ROTA_VE_CORREDOR_02,policia,334.10,0.00,0,13.40,115.07
151,moderado,PREEMPCAO_COMPENSADA,4,VE_ROTA_VE_CORREDOR_03,ambulancia,346.20,0.00,0,12.93,127.12
151,moderado,PREEMPCAO_COMPENSADA,4,VE_ROTA_VE_CORREDOR_04,bombeiro,300.50,0.00,0,14.89,81.56
151,moderado,PREEMPCAO_COMPENSADA,4,VE_ROTA_VE_CORREDOR_05,policia,291.60,0.00,0,15.36,72.56
152,intenso,FIXO,4,VE_ROTA_VE_CORREDOR_00,ambulancia,598.60,124.00,8,7.48,379.59
152,intenso,FIXO,4,VE_ROTA_VE_CORREDOR_01,bombeiro,493.70,37.60,5,9.06,274.77
152,intenso,FIXO,4,VE_ROTA_VE_CORREDOR_02,policia,592.30,136.90,8,7.56,373.26
152,intenso,FIXO,4,VE_ROTA_VE_CORREDOR_03,ambulancia,482.90,17.10,5,9.27,263.88
152,intenso,FIXO,4,VE_ROTA_VE_CORREDOR_04,bombeiro,516.80,17.30,3,8.66,297.87
153,intenso,PREEMPCAO,4,VE_ROTA_VE_CORREDOR_00,ambulancia,403.80,0.00,0,11.09,184.80
153,intenso,PREEMPCAO,4,VE_ROTA_VE_CORREDOR_01,bombeiro,356.80,0.00,0,12.54,137.84
153,intenso,PREEMPCAO,4,VE_ROTA_VE_CORREDOR_02,policia,314.10,0.00,0,14.26,95.11
153,intenso,PREEMPCAO,4,VE_ROTA_VE_CORREDOR_03,ambulancia,401.70,0.00,0,11.15,182.75
153,intenso,PREEMPCAO,4,VE_ROTA_VE_CORREDOR_04,bombeiro,359.10,0.00,0,12.46,140.22
154,intenso,PREEMPCAO_COMPENSADA,4,VE_ROTA_VE_CORREDOR_00,ambulancia,403.80,0.00,0,11.09,184.74
154,intenso,PREEMPCAO_COMPENSADA,4,VE_ROTA_VE_CORREDOR_01,bombeiro,397.20,0.00,0,11.27,178.28
154,intenso,PREEMPCAO_COMPENSADA,4,VE_ROTA_VE_CORREDOR_02,policia,323.40,0.00,0,13.85,104.31
154,intenso,PREEMPCAO_COMPENSADA,4,VE_ROTA_VE_CORREDOR_03,ambulancia,433.30,6.70,1,10.33,214.31
154,intenso,PREEMPCAO_COMPENSADA,4,VE_ROTA_VE_CORREDOR_04,bombeiro,393.70,0.00,0,11.37,174.73
155,multiplas_emergencias,FIXO,4,VE_ROTA_VE_TRANSVERSAL_00,ambulancia,310.20,66.10,5,8.04,171.62
155,multiplas_emergencias,FIXO,4,VE_ROTA_VE_CORREDOR_00,ambulancia,521.70,103.40,6,8.58,302.68
155,multiplas_emergencias,FIXO,4,VE_ROTA_VE_TRANSVERSAL_01,bombeiro,252.00,49.50,5,9.89,113.58
155,multiplas_emergencias,FIXO,4,VE_ROTA_VE_CORREDOR_01,bombeiro,483.50,66.90,5,9.26,264.64
155,multiplas_emergencias,FIXO,4,VE_ROTA_VE_TRANSVERSAL_02,policia,290.50,40.20,4,8.59,151.91
155,multiplas_emergencias,FIXO,4,VE_ROTA_VE_CORREDOR_02,policia,515.10,78.60,6,8.69,296.17
155,multiplas_emergencias,FIXO,4,VE_ROTA_VE_TRANSVERSAL_03,ambulancia,242.90,17.90,1,10.27,104.34
155,multiplas_emergencias,FIXO,4,VE_ROTA_VE_CORREDOR_03,ambulancia,468.70,68.30,5,9.55,249.67
155,multiplas_emergencias,FIXO,4,VE_ROTA_VE_TRANSVERSAL_04,bombeiro,282.30,68.70,4,8.83,143.90
155,multiplas_emergencias,FIXO,4,VE_ROTA_VE_CORREDOR_04,bombeiro,494.70,93.10,7,9.05,275.84
155,multiplas_emergencias,FIXO,4,VE_ROTA_VE_TRANSVERSAL_05,policia,235.40,31.60,3,10.60,96.81
156,multiplas_emergencias,PREEMPCAO,4,VE_ROTA_VE_TRANSVERSAL_00,ambulancia,172.20,0.50,1,14.48,33.62
156,multiplas_emergencias,PREEMPCAO,4,VE_ROTA_VE_CORREDOR_00,ambulancia,371.10,0.00,0,12.06,152.15
156,multiplas_emergencias,PREEMPCAO,4,VE_ROTA_VE_TRANSVERSAL_01,bombeiro,180.80,8.20,1,13.78,42.39
156,multiplas_emergencias,PREEMPCAO,4,VE_ROTA_VE_CORREDOR_01,bombeiro,309.70,1.00,1,14.45,90.83
156,multiplas_emergencias,PREEMPCAO,4,VE_ROTA_VE_TRANSVERSAL_02,policia,214.30,4.80,2,11.64,75.77
156,multiplas_emergencias,PREEMPCAO,4,VE_ROTA_VE_CORREDOR_02,policia,349.20,15.80,1,12.82,130.17
156,multiplas_emergencias,PREEMPCAO,4,VE_ROTA_VE_TRANSVERSAL_03,ambulancia,191.60,4.30,1,13.01,53.06
156,multiplas_emergencias,PREEMPCAO,4,VE_ROTA_VE_CORREDOR_03,ambulancia,268.90,0.00,0,16.65,49.84
156,multiplas_emergencias,PREEMPCAO,4,VE_ROTA_VE_TRANSVERSAL_04,bombeiro,153.20,4.00,1,16.26,14.82
156,multiplas_emergencias,PREEMPCAO,4,VE_ROTA_VE_CORREDOR_04,bombeiro,301.00,0.00,0,14.87,82.11
156,multiplas_emergencias,PREEMPCAO,4,VE_ROTA_VE_TRANSVERSAL_05,policia,161.30,2.50,1,15.46,22.77
157,multiplas_emergencias,PREEMPCAO_COMPENSADA,4,VE_ROTA_VE_TRANSVERSAL_00,ambulancia,172.20,0.50,1,14.48,33.62
157,multiplas_emergencias,PREEMPCAO_COMPENSADA,4,VE_ROTA_VE_CORREDOR_00,ambulancia,360.40,0.00,0,12.42,141.42
157,multiplas_emergencias,PREEMPCAO_COMPENSADA,4,VE_ROTA_VE_TRANSVERSAL_01,bombeiro,175.80,6.40,1,14.17,37.43
157,multiplas_emergencias,PREEMPCAO_COMPENSADA,4,VE_ROTA_VE_CORREDOR_01,bombeiro,312.60,0.00,0,14.32,93.73
157,multiplas_emergencias,PREEMPCAO_COMPENSADA,4,VE_ROTA_VE_TRANSVERSAL_02,policia,186.50,9.40,1,13.37,47.92
157,multiplas_emergencias,PREEMPCAO_COMPENSADA,4,VE_ROTA_VE_CORREDOR_02,policia,304.60,0.00,0,14.70,85.58
157,multiplas_emergencias,PREEMPCAO_COMPENSADA,4,VE_ROTA_VE_TRANSVERSAL_03,ambulancia,221.30,6.50,2,11.27,82.76
157,multiplas_emergencias,PREEMPCAO_COMPENSADA,4,VE_ROTA_VE_CORREDOR_03,ambulancia,376.10,9.70,1,11.90,157.06
157,multiplas_emergencias,PREEMPCAO_COMPENSADA,4,VE_ROTA_VE_TRANSVERSAL_04,bombeiro,216.60,0.00,0,11.50,78.18
157,multiplas_emergencias,PREEMPCAO_COMPENSADA,4,VE_ROTA_VE_CORREDOR_04,bombeiro,290.30,0.00,0,15.42,71.44
157,multiplas_emergencias,PREEMPCAO_COMPENSADA,4,VE_ROTA_VE_TRANSVERSAL_05,policia,172.10,9.30,1,14.49,33.51
157,multiplas_emergencias,PREEMPCAO_COMPENSADA,4,VE_ROTA_VE_CORREDOR_05,policia,291.00,0.00,0,15.39,71.98
158,multiplas_emergencias,PREEMPCAO_ML,4,VE_ROTA_VE_TRANSVERSAL_00,ambulancia,197.20,22.40,1,12.65,58.66
158,multiplas_emergencias,PREEMPCAO_ML,4,VE_ROTA_VE_CORREDOR_00,ambulancia,328.90,0.00,0,13.61,109.86
158,multiplas_emergencias,PREEMPCAO_ML,4,VE_ROTA_VE_TRANSVERSAL_01,bombeiro,172.60,7.90,1,14.44,34.23
158,multiplas_emergencias,PREEMPCAO_ML,4,VE_ROTA_VE_CORREDOR_01,bombeiro,323.40,1.00,1,13.84,104.47
158,multiplas_emergencias,PREEMPCAO_ML,4,VE_ROTA_VE_TRANSVERSAL_02,policia,182.10,3.40,1,13.70,43.56
158,multiplas_emergencias,PREEMPCAO_ML,4,VE_ROTA_VE_CORREDOR_02,policia,290.30,0.00,0,15.42,71.26
158,multiplas_emergencias,PREEMPCAO_ML,4,VE_ROTA_VE_TRANSVERSAL_03,ambulancia,200.30,0.00,0,12.45,61.78
158,multiplas_emergencias,PREEMPCAO_ML,4,VE_ROTA_VE_CORREDOR_03,ambulancia,253.60,4.20,1,17.65,34.64
158,multiplas_emergencias,PREEMPCAO_ML,4,VE_ROTA_VE_TRANSVERSAL_04,bombeiro,164.00,3.70,1,15.19,25.60
158,multiplas_emergencias,PREEMPCAO_ML,4,VE_ROTA_VE_CORREDOR_04,bombeiro,292.60,0.00,0,15.29,73.71
158,multiplas_emergencias,PREEMPCAO_ML,4,VE_ROTA_VE_TRANSVERSAL_05,policia,160.70,2.50,1,15.52,22.12
159,leve,FIXO,5,VE_ROTA_VE_CORREDOR_00,ambulancia,440.80,98.20,5,10.16,221.85
159,leve,FIXO,5,VE_ROTA_VE_CORREDOR_01,bombeiro,471.00,105.30,5,9.50,252.03
159,leve,FIXO,5,VE_ROTA_VE_CORREDOR_02,policia,498.00,136.70,6,8.99,278.93
159,leve,FIXO,5,VE_ROTA_VE_CORREDOR_03,ambulancia,458.70,110.20,5,9.76,239.67
159,leve,FIXO,5,VE_ROTA_VE_CORREDOR_04,bombeiro,421.40,84.80,6,10.62,202.50
160,leve,PREEMPCAO,5,VE_ROTA_VE_CORREDOR_00,ambulancia,275.40,2.00,1,16.26,56.31
160,leve,PREEMPCAO,5,VE_ROTA_VE_CORREDOR_01,bombeiro,313.90,0.00,0,14.26,95.01
160,leve,PREEMPCAO,5,VE_ROTA_VE_CORREDOR_02,policia,249.40,0.00,0,17.95,30.41
160,leve,PREEMPCAO,5,VE_ROTA_VE_CORREDOR_03,ambulancia,262.80,0.00,0,17.04,43.82
160,leve,PREEMPCAO,5,VE_ROTA_VE_CORREDOR_04,bombeiro,281.60,0.00,0,15.89,62.62
160,leve,PREEMPCAO,5,VE_ROTA_VE_CORREDOR_05,policia,247.50,0.00,0,18.09,28.52
161,leve,PREEMPCAO_COMPENSADA,5,VE_ROTA_VE_CORREDOR_00,ambulancia,275.30,2.00,1,16.26,56.33
161,leve,PREEMPCAO_COMPENSADA,5,VE_ROTA_VE_CORREDOR_01,bombeiro,284.00,0.00,0,15.76,65.14
161,leve,PREEMPCAO_COMPENSADA,5,VE_ROTA_VE_CORREDOR_02,policia,255.10,0.00,0,17.55,36.11
161,leve,PREEMPCAO_COMPENSADA,5,VE_ROTA_VE_CORREDOR_03,ambulancia,233.60,0.00,0,19.17,14.61
161,leve,PREEMPCAO_COMPENSADA,5,VE_ROTA_VE_CORREDOR_04,bombeiro,291.60,0.00,0,15.35,72.67
161,leve,PREEMPCAO_COMPENSADA,5,VE_ROTA_VE_CORREDOR_05,policia,254.40,3.90,1,17.60,35.34
162,moderado,FIXO,5,VE_ROTA_VE_CORREDOR_00,ambulancia,515.00,78.60,6,8.69,296.01
162,moderado,FIXO,5,VE_ROTA_VE_CORREDOR_01,bombeiro,478.80,97.60,5,9.35,259.83
162,moderado,FIXO,5,VE_ROTA_VE_CORREDOR_02,policia,507.10,84.10,6,8.83,288.11
162,moderado,FIXO,5,VE_ROTA_VE_CORREDOR_03,ambulancia,467.60,64.50,5,9.57,248.64
162,moderado,FIXO,5,VE_ROTA_VE_CORREDOR_04,bombeiro,499.00,120.90,7,8.97,280.10
163,moderado,PREEMPCAO,5,VE_ROTA_VE_CORREDOR_00,ambulancia,369.40,0.00,0,12.12,150.38
163,moderado,PREEMPCAO,5,VE_ROTA_VE_CORREDOR_01,bombeiro,289.60,0.00,0,15.45,70.67
163,moderado,PREEMPCAO,5,VE_ROTA_VE_CORREDOR_02,policia,323.10,0.00,0,13.86,104.07
163,moderado,PREEMPCAO,5,VE_ROTA_VE_CORREDOR_03,ambulancia,324.20,0.00,0,13.81,105.19
163,moderado,PREEMPCAO,5,VE_ROTA_VE_CORREDOR_04,bombeiro,297.60,0.00,0,15.04,78.71
163,moderado,PREEMPCAO,5,VE_ROTA_VE_CORREDOR_05,policia,299.20,0.00,0,14.97,80.12
164,moderado,PREEMPCAO_COMPENSADA,5,VE_ROTA_VE_CORREDOR_00,ambulancia,369.40,0.00,0,12.12,150.37
164,moderado,PREEMPCAO_COMPENSADA,5,VE_ROTA_VE_CORREDOR_01,bombeiro,296.40,0.00,0,15.10,77.50
164,moderado,PREEMPCAO_COMPENSADA,5,VE_ROTA_VE_CORREDOR_02,policia,316.40,0.00,0,14.15,97.36
164,moderado,PREEMPCAO_COMPENSADA,5,VE_ROTA_VE_CORREDOR_03,ambulancia,302.20,0.00,0,14.82,83.25
164,moderado,PREEMPCAO_COMPENSADA,5,VE_ROTA_VE_CORREDOR_04,bombeiro,282.10,0.00,0,15.86,63.24
165,intenso,FIXO,5,VE_ROTA_VE_CORREDOR_00,ambulancia,592.30,146.30,8,7.56,373.32
165,intenso,FIXO,5,VE_ROTA_VE_CORREDOR_01,bombeiro,496.00,41.10,5,9.02,277.12
165,intenso,FIXO,5,VE_ROTA_VE_CORREDOR_02,policia,578.20,126.20,8,7.74,359.20
165,intenso,FIXO,5,VE_ROTA_VE_CORREDOR_03,ambulancia,550.40,72.20,7,8.13,331.43
165,intenso,FIXO,5,VE_ROTA_VE_CORREDOR_04,bombeiro,504.90,61.20,6,8.86,286.02
166,intenso,PREEMPCAO,5,VE_ROTA_VE_CORREDOR_00,ambulancia,410.80,0.00,0,10.90,191.75
166,intenso,PREEMPCAO,5,VE_ROTA_VE_CORREDOR_01,bombeiro,334.70,0.00,0,13.37,115.78
166,intenso,PREEMPCAO,5,VE_ROTA_VE_CORREDOR_02,policia,380.00,0.00,0,11.78,160.94
166,intenso,PREEMPCAO,5,VE_ROTA_VE_CORREDOR_03,ambulancia,337.30,0.00,0,13.27,118.37
166,intenso,PREEMPCAO,5,VE_ROTA_VE_CORREDOR_04,bombeiro,373.70,0.00,0,11.98,154.84
167,intenso,PREEMPCAO_COMPENSADA,5,VE_ROTA_VE_CORREDOR_00,ambulancia,397.60,0.00,0,11.26,178.59
167,intenso,PREEMPCAO_COMPENSADA,5,VE_ROTA_VE_CORREDOR_01,bombeiro,337.90,0.00,0,13.24,118.95
167,intenso,PREEMPCAO_COMPENSADA,5,VE_ROTA_VE_CORREDOR_02,policia,395.00,10.90,1,11.34,175.90
167,intenso,PREEMPCAO_COMPENSADA,5,VE_ROTA_VE_CORREDOR_03,ambulancia,408.20,0.00,0,10.97,189.20
167,intenso,PREEMPCAO_COMPENSADA,5,VE_ROTA_VE_CORREDOR_04,bombeiro,399.30,0.00,0,11.21,180.41
168,multiplas_emergencias,FIXO,5,VE_ROTA_VE_TRANSVERSAL_00,ambulancia,313.00,38.50,4,7.97,174.44
168,multiplas_emergencias,FIXO,5,VE_ROTA_VE_CORREDOR_00,ambulancia,515.00,79.20,6,8.69,295.99
168,multiplas_emergencias,FIXO,5,VE_ROTA_VE_TRANSVERSAL_01,bombeiro,260.90,13.70,2,9.55,122.50
168,multiplas_emergencias,FIXO,5,VE_ROTA_VE_CORREDOR_01,bombeiro,477.90,97.60,5,9.36,258.94
168,multiplas_emergencias,FIXO,5,VE_ROTA_VE_TRANSVERSAL_02,policia,290.10,60.00,4,8.60,151.54
168,multiplas_emergencias,FIXO,5,VE_ROTA_VE_CORREDOR_02,policia,507.10,84.50,6,8.83,288.18
168,multiplas_emergencias,FIXO,5,VE_ROTA_VE_TRANSVERSAL_03,ambulancia,254.00,25.90,3,9.82,115.46
168,multiplas_emergencias,FIXO,5,VE_ROTA_VE_CORREDOR_03,ambulancia,469.20,55.20,5,9.54,250.16
168,multiplas_emergencias,FIXO,5,VE_ROTA_VE_TRANSVERSAL_04,bombeiro,275.70,54.30,4,9.04,137.35
168,multiplas_emergencias,FIXO,5,VE_ROTA_VE_CORREDOR_04,bombeiro,498.80,120.60,7,8.97,279.99
168,multiplas_emergencias,FIXO,5,VE_ROTA_VE_TRANSVERSAL_05,policia,244.90,8.20,1,10.18,106.32
169,multiplas_emergencias,PREEMPCAO,5,VE_ROTA_VE_TRANSVERSAL_00,ambulancia,211.30,3.80,1,11.80,72.79
169,multiplas_emergencias,PREEMPCAO,5,VE_ROTA_VE_CORREDOR_00,ambulancia,346.20,0.00,0,12.93,127.25
169,multiplas_emergencias,PREEMPCAO,5,VE_ROTA_VE_TRANSVERSAL_01,bombeiro,192.90,0.00,0,12.92,54.52
169,multiplas_emergencias,PREEMPCAO,5,VE_ROTA_VE_CORREDOR_01,bombeiro,304.20,0.00,0,14.71,85.33
169,multiplas_emergencias,PREEMPCAO,5,VE_ROTA_VE_TRANSVERSAL_02,policia,172.50,0.00,0,14.46,33.91
169,multiplas_emergencias,PREEMPCAO,5,VE_ROTA_VE_CORREDOR_02,policia,330.50,0.00,0,13.55,111.50
169,multiplas_emergencias,PREEMPCAO,5,VE_ROTA_VE_TRANSVERSAL_03,ambulancia,170.90,0.40,1,14.59,32.33
169,multiplas_emergencias,PREEMPCAO,5,VE_ROTA_VE_CORREDOR_03,ambulancia,334.20,0.00,0,13.40,115.30
169,multiplas_emergencias,PREEMPCAO,5,VE_ROTA_VE_TRANSVERSAL_04,bombeiro,173.90,0.00,0,14.33,35.49
169,multiplas_emergencias,PREEMPCAO,5,VE_ROTA_VE_CORREDOR_04,bombeiro,303.70,0.00,0,14.74,84.81
169,multiplas_emergencias,PREEMPCAO,5,VE_ROTA_VE_TRANSVERSAL_05,policia,219.90,12.20,1,11.34,81.29
169,multiplas_emergencias,PREEMPCAO,5,VE_ROTA_VE_CORREDOR_05,policia,296.90,13.00,1,15.08,77.92
170,multiplas_emergencias,PREEMPCAO_COMPENSADA,5,VE_ROTA_VE_TRANSVERSAL_00,ambulancia,211.30,3.80,1,11.80,72.79
170,multiplas_emergencias,PREEMPCAO_COMPENSADA,5,VE_ROTA_VE_CORREDOR_00,ambulancia,342.70,0.00,0,13.06,123.69
170,multiplas_emergencias,PREEMPCAO_COMPENSADA,5,VE_ROTA_VE_TRANSVERSAL_01,bombeiro,230.90,2.60,1,10.79,92.50
170,multiplas_emergencias,PREEMPCAO_COMPENSADA,5,VE_ROTA_VE_CORREDOR_01,bombeiro,250.40,0.00,0,17.87,31.54
170,multiplas_emergencias,PREEMPCAO_COMPENSADA,5,VE_ROTA_VE_TRANSVERSAL_02,policia,232.00,2.50,1,10.75,93.40
170,multiplas_emergencias,PREEMPCAO_COMPENSADA,5,VE_ROTA_VE_CORREDOR_02,policia,351.30,0.00,0,12.75,132.22
170,multiplas_emergencias,PREEMPCAO_COMPENSADA,5,VE_ROTA_VE_TRANSVERSAL_03,ambulancia,181.70,0.60,1,13.72,43.17
170,multiplas_emergencias,PREEMPCAO_COMPENSADA,5,VE_ROTA_VE_CORREDOR_03,ambulancia,293.30,0.00,0,15.27,74.40
170,multiplas_emergencias,PREEMPCAO_COMPENSADA,5,VE_ROTA_VE_TRANSVERSAL_04,bombeiro,178.30,0.00,0,13.97,39.94
170,multiplas_emergencias,PREEMPCAO_COMPENSADA,5,VE_ROTA_VE_CORREDOR_04,bombeiro,327.90,0.00,0,13.65,109.01
170,multiplas_emergencias,PREEMPCAO_COMPENSADA,5,VE_ROTA_VE_TRANSVERSAL_05,policia,208.30,0.00,0,11.97,69.72
170,multiplas_emergencias,PREEMPCAO_COMPENSADA,5,VE_ROTA_VE_CORREDOR_05,policia,288.10,0.00,0,15.54,69.14
171,multiplas_emergencias,PREEMPCAO_ML,5,VE_ROTA_VE_TRANSVERSAL_00,ambulancia,211.40,0.00,0,11.80,72.88
171,multiplas_emergencias,PREEMPCAO_ML,5,VE_ROTA_VE_CORREDOR_00,ambulancia,353.40,0.00,0,12.67,134.39
171,multiplas_emergencias,PREEMPCAO_ML,5,VE_ROTA_VE_TRANSVERSAL_01,bombeiro,194.30,0.00,0,12.82,55.90
171,multiplas_emergencias,PREEMPCAO_ML,5,VE_ROTA_VE_CORREDOR_01,bombeiro,295.20,0.00,0,15.16,76.30
171,multiplas_emergencias,PREEMPCAO_ML,5,VE_ROTA_VE_TRANSVERSAL_02,policia,217.80,13.60,3,11.45,79.21
171,multiplas_emergencias,PREEMPCAO_ML,5,VE_ROTA_VE_CORREDOR_02,policia,314.80,1.40,1,14.22,95.83
171,multiplas_emergencias,PREEMPCAO_ML,5,VE_ROTA_VE_TRANSVERSAL_03,ambulancia,175.80,0.00,0,14.18,37.26
171,multiplas_emergencias,PREEMPCAO_ML,5,VE_ROTA_VE_CORREDOR_03,ambulancia,319.30,0.00,0,14.02,100.36
171,multiplas_emergencias,PREEMPCAO_ML,5,VE_ROTA_VE_TRANSVERSAL_04,bombeiro,205.30,0.10,1,12.14,66.87
171,multiplas_emergencias,PREEMPCAO_ML,5,VE_ROTA_VE_CORREDOR_04,bombeiro,292.60,0.00,0,15.29,73.66
171,multiplas_emergencias,PREEMPCAO_ML,5,VE_ROTA_VE_TRANSVERSAL_05,policia,216.50,2.90,2,11.52,77.95
171,multiplas_emergencias,PREEMPCAO_ML,5,VE_ROTA_VE_CORREDOR_05,policia,299.50,0.00,0,14.95,80.44
172,leve,FIXO,6,VE_ROTA_VE_CORREDOR_00,ambulancia,511.60,156.60,7,8.75,292.68
172,leve,FIXO,6,VE_ROTA_VE_CORREDOR_01,bombeiro,402.80,83.20,4,11.11,183.93
172,leve,FIXO,6,VE_ROTA_VE_CORREDOR_02,policia,434.90,79.10,6,10.30,215.91
172,leve,FIXO,6,VE_ROTA_VE_CORREDOR_03,ambulancia,455.90,128.50,5,9.82,236.94
172,leve,FIXO,6,VE_ROTA_VE_CORREDOR_04,bombeiro,419.60,90.80,7,10.67,200.75
173,leve,PREEMPCAO,6,VE_ROTA_VE_CORREDOR_00,ambulancia,316.00,0.00,0,14.17,96.97
173,leve,PREEMPCAO,6,VE_ROTA_VE_CORREDOR_01,bombeiro,244.20,0.00,0,18.33,25.31
173,leve,PREEMPCAO,6,VE_ROTA_VE_CORREDOR_02,policia,267.80,0.00,0,16.72,48.83
173,leve,PREEMPCAO,6,VE_ROTA_VE_CORREDOR_03,ambulancia,270.50,5.10,2,16.55,51.47
173,leve,PREEMPCAO,6,VE_ROTA_VE_CORREDOR_04,bombeiro,269.30,11.30,4,16.62,50.40
173,leve,PREEMPCAO,6,VE_ROTA_VE_CORREDOR_05,policia,276.30,5.30,2,16.21,57.29
174,leve,PREEMPCAO_COMPENSADA,6,VE_ROTA_VE_CORREDOR_00,ambulancia,315.50,0.00,0,14.19,96.54
174,leve,PREEMPCAO_COMPENSADA,6,VE_ROTA_VE_CORREDOR_01,bombeiro,265.70,0.00,0,16.84,46.85
174,leve,PREEMPCAO_COMPENSADA,6,VE_ROTA_VE_CORREDOR_02,policia,233.10,2.50,1,19.21,14.01
174,leve,PREEMPCAO_COMPENSADA,6,VE_ROTA_VE_CORREDOR_03,ambulancia,270.20,3.70,1,16.57,51.23
174,leve,PREEMPCAO_COMPENSADA,6,VE_ROTA_VE_CORREDOR_04,bombeiro,257.80,0.00,0,17.36,38.88
174,leve,PREEMPCAO_COMPENSADA,6,VE_ROTA_VE_CORREDOR_05,policia,249.00,0.00,0,17.98,29.95
175,moderado,FIXO,6,VE_ROTA_VE_CORREDOR_00,ambulancia,520.10,92.40,6,8.61,301.12
175,moderado,FIXO,6,VE_ROTA_VE_CORREDOR_01,bombeiro,481.20,90.60,5,9.30,262.22
175,moderado,FIXO,6,VE_ROTA_VE_CORREDOR_02,policia,507.60,128.50,6,8.82,288.62
175,moderado,FIXO,6,VE_ROTA_VE_CORREDOR_03,ambulancia,474.30,66.80,9,9.44,255.33
175,moderado,FIXO,6,VE_ROTA_VE_CORREDOR_04,bombeiro,502.00,74.70,5,8.91,283.09
176,moderado,PREEMPCAO,6,VE_ROTA_VE_CORREDOR_00,ambulancia,383.50,0.00,0,11.67,164.51
176,moderado,PREEMPCAO,6,VE_ROTA_VE_CORREDOR_01,bombeiro,304.40,0.00,0,14.70,85.51
176,moderado,PREEMPCAO,6,VE_ROTA_VE_CORREDOR_02,policia,313.30,0.00,0,14.29,94.28
176,moderado,PREEMPCAO,6,VE_ROTA_VE_CORREDOR_03,ambulancia,314.10,0.00,0,14.25,95.14
176,moderado,PREEMPCAO,6,VE_ROTA_VE_CORREDOR_04,bombeiro,324.50,0.00,0,13.79,105.60
176,moderado,PREEMPCAO,6,VE_ROTA_VE_CORREDOR_05,policia,299.50,0.00,0,14.95,80.52
177,moderado,PREEMPCAO_COMPENSADA,6,VE_ROTA_VE_CORREDOR_00,ambulancia,327.00,0.00,0,13.69,108.02
177,moderado,PREEMPCAO_COMPENSADA,6,VE_ROTA_VE_CORREDOR_01,bombeiro,293.50,0.00,0,15.25,74.55
177,moderado,PREEMPCAO_COMPENSADA,6,VE_ROTA_VE_CORREDOR_02,policia,278.00,5.40,1,16.11,58.98
177,moderado,PREEMPCAO_COMPENSADA,6,VE_ROTA_VE_CORREDOR_03,ambulancia,310.50,0.00,0,14.42,91.48
177,moderado,PREEMPCAO_COMPENSADA,6,VE_ROTA_VE_CORREDOR_04,bombeiro,312.10,0.00,0,14.34,93.15
177,moderado,PREEMPCAO_COMPENSADA,6,VE_ROTA_VE_CORREDOR_05,policia,295.30,0.00,0,15.16,76.30
178,intenso,FIXO,6,VE_ROTA_VE_CORREDOR_00,ambulancia,527.00,122.60,6,8.50,308.07
178,intenso,FIXO,6,VE_ROTA_VE_CORREDOR_01,bombeiro,559.00,76.30,7,8.01,340.08
178,intenso,FIXO,6,VE_ROTA_VE_CORREDOR_02,policia,592.00,115.50,8,7.56,373.02
178,intenso,FIXO,6,VE_ROTA_VE_CORREDOR_03,ambulancia,548.50,84.90,7,8.16,329.51
178,intenso,FIXO,6,VE_ROTA_VE_CORREDOR_04,bombeiro,501.90,64.10,5,8.92,283.00
179,intenso,PREEMPCAO,6,VE_ROTA_VE_CORREDOR_00,ambulancia,429.00,9.00,1,10.44,210.06
179,intenso,PREEMPCAO,6,VE_ROTA_VE_CORREDOR_01,bombeiro,400.70,10.80,1,11.17,181.88
179,intenso,PREEMPCAO,6,VE_ROTA_VE_CORREDOR_02,policia,361.60,0.00,0,12.38,142.63
179,intenso,PREEMPCAO,6,VE_ROTA_VE_CORREDOR_03,ambulancia,383.40,0.00,0,11.68,164.46
179,intenso,PREEMPCAO,6,VE_ROTA_VE_CORREDOR_04,bombeiro,381.00,1.20,1,11.75,162.05
180,intenso,PREEMPCAO_COMPENSADA,6,VE_ROTA_VE_CORREDOR_00,ambulancia,428.90,8.70,1,10.44,209.90
180,intenso,PREEMPCAO_COMPENSADA,6,VE_ROTA_VE_CORREDOR_01,bombeiro,424.90,0.00,0,10.53,205.98
180,intenso,PREEMPCAO_COMPENSADA,6,VE_ROTA_VE_CORREDOR_02,policia,375.50,13.90,1,11.92,156.44
180,intenso,PREEMPCAO_COMPENSADA,6,VE_ROTA_VE_CORREDOR_03,ambulancia,381.70,0.00,0,11.73,162.68
180,intenso,PREEMPCAO_COMPENSADA,6,VE_ROTA_VE_CORREDOR_04,bombeiro,366.00,0.00,0,12.23,147.13
181,multiplas_emergencias,FIXO,6,VE_ROTA_VE_TRANSVERSAL_00,ambulancia,298.90,50.60,4,8.34,160.35
181,multiplas_emergencias,FIXO,6,VE_ROTA_VE_CORREDOR_00,ambulancia,520.10,92.50,6,8.61,301.11
181,multiplas_emergencias,FIXO,6,VE_ROTA_VE_TRANSVERSAL_01,bombeiro,255.00,22.90,3,9.77,116.56
181,multiplas_emergencias,FIXO,6,VE_ROTA_VE_CORREDOR_01,bombeiro,481.10,90.60,5,9.30,262.19
181,multiplas_emergencias,FIXO,6,VE_ROTA_VE_TRANSVERSAL_02,policia,290.40,64.60,5,8.59,151.83
181,multiplas_emergencias,FIXO,6,VE_ROTA_VE_CORREDOR_02,policia,507.70,125.90,6,8.82,288.66
181,multiplas_emergencias,FIXO,6,VE_ROTA_VE_TRANSVERSAL_03,ambulancia,253.80,9.40,1,9.83,115.24
181,multiplas_emergencias,FIXO,6,VE_ROTA_VE_CORREDOR_03,ambulancia,467.40,70.80,7,9.58,248.38
181,multiplas_emergencias,FIXO,6,VE_ROTA_VE_TRANSVERSAL_04,bombeiro,288.60,16.80,3,8.63,150.17
181,multiplas_emergencias,FIXO,6,VE_ROTA_VE_CORREDOR_04,bombeiro,502.00,74.70,5,8.91,283.13
181,multiplas_emergencias,FIXO,6,VE_ROTA_VE_TRANSVERSAL_05,policia,246.40,8.20,1,10.12,107.77
182,multiplas_emergencias,PREEMPCAO,6,VE_ROTA_VE_TRANSVERSAL_00,ambulancia,203.50,0.00,0,12.25,64.94
182,multiplas_emergencias,PREEMPCAO,6,VE_ROTA_VE_CORREDOR_00,ambulancia,354.70,0.00,0,12.62,135.64
182,multiplas_emergencias,PREEMPCAO,6,VE_ROTA_VE_TRANSVERSAL_01,bombeiro,195.10,13.30,1,12.77,56.69
182,multiplas_emergencias,PREEMPCAO,6,VE_ROTA_VE_CORREDOR_01,bombeiro,289.50,0.00,0,15.46,70.61
182,multiplas_emergencias,PREEMPCAO,6,VE_ROTA_VE_TRANSVERSAL_02,policia,164.60,4.70,1,15.15,26.03
182,multiplas_emergencias,PREEMPCAO,6,VE_ROTA_VE_CORREDOR_02,policia,289.60,0.00,0,15.46,70.56
182,multiplas_emergencias,PREEMPCAO,6,VE_ROTA_VE_TRANSVERSAL_03,ambulancia,183.20,0.00,0,13.61,44.66
182,multiplas_emergencias,PREEMPCAO,6,VE_ROTA_VE_CORREDOR_03,ambulancia,326.00,0.00,0,13.73,107.03
182,multiplas_emergencias,PREEMPCAO,6,VE_ROTA_VE_TRANSVERSAL_04,bombeiro,220.90,12.90,1,11.28,82.51
182,multiplas_emergencias,PREEMPCAO,6,VE_ROTA_VE_CORREDOR_04,bombeiro,318.30,0.00,0,14.06,99.34
182,multiplas_emergencias,PREEMPCAO,6,VE_ROTA_VE_TRANSVERSAL_05,policia,190.60,1.00,1,13.09,51.97
182,multiplas_emergencias,PREEMPCAO,6,VE_ROTA_VE_CORREDOR_05,policia,285.40,6.80,1,15.69,66.43
183,multiplas_emergencias,PREEMPCAO_COMPENSADA,6,VE_ROTA_VE_TRANSVERSAL_00,ambulancia,203.50,0.00,0,12.25,64.97
183,multiplas_emergencias,PREEMPCAO_COMPENSADA,6,VE_ROTA_VE_CORREDOR_00,ambulancia,361.40,0.00,0,12.39,142.34
183,multiplas_emergencias,PREEMPCAO_COMPENSADA,6,VE_ROTA_VE_TRANSVERSAL_01,bombeiro,171.40,2.30,1,14.54,33.02
183,multiplas_emergencias,PREEMPCAO_COMPENSADA,6,VE_ROTA_VE_CORREDOR_01,bombeiro,331.90,0.00,0,13.48,112.99
183,multiplas_emergencias,PREEMPCAO_COMPENSADA,6,VE_ROTA_VE_TRANSVERSAL_02,policia,172.10,0.00,0,14.49,33.53
183,multiplas_emergencias,PREEMPCAO_COMPENSADA,6,VE_ROTA_VE_CORREDOR_02,policia,289.50,0.00,0,15.47,70.39
183,multiplas_emergencias,PREEMPCAO_COMPENSADA,6,VE_ROTA_VE_TRANSVERSAL_03,ambulancia,221.40,0.00,0,11.26,82.89
183,multiplas_emergencias,PREEMPCAO_COMPENSADA,6,VE_ROTA_VE_CORREDOR_03,ambulancia,295.40,3.40,2,15.16,76.32
183,multiplas_emergencias,PREEMPCAO_COMPENSADA,6,VE_ROTA_VE_TRANSVERSAL_04,bombeiro,194.60,18.50,2,12.80,56.20
183,multiplas_emergencias,PREEMPCAO_COMPENSADA,6,VE_ROTA_VE_CORREDOR_04,bombeiro,314.20,0.00,0,14.24,95.38
183,multiplas_emergencias,PREEMPCAO_COMPENSADA,6,VE_ROTA_VE_TRANSVERSAL_05,policia,183.90,0.00,0,13.56,45.35
184,multiplas_emergencias,PREEMPCAO_ML,6,VE_ROTA_VE_TRANSVERSAL_00,ambulancia,208.40,2.00,1,11.97,69.87
184,multiplas_emergencias,PREEMPCAO_ML,6,VE_ROTA_VE_CORREDOR_00,ambulancia,361.40,0.00,0,12.39,142.33
184,multiplas_emergencias,PREEMPCAO_ML,6,VE_ROTA_VE_TRANSVERSAL_01,bombeiro,209.30,9.40,2,11.90,70.92
184,multiplas_emergencias,PREEMPCAO_ML,6,VE_ROTA_VE_CORREDOR_01,bombeiro,289.20,0.00,0,15.47,70.30
184,multiplas_emergencias,PREEMPCAO_ML,6,VE_ROTA_VE_TRANSVERSAL_02,policia,168.40,0.00,0,14.81,29.80
184,multiplas_emergencias,PREEMPCAO_ML,6,VE_ROTA_VE_CORREDOR_02,policia,279.00,0.50,1,16.05,60.03
184,multiplas_emergencias,PREEMPCAO_ML,6,VE_ROTA_VE_TRANSVERSAL_03,ambulancia,220.20,12.40,2,11.32,81.61
184,multiplas_emergencias,PREEMPCAO_ML,6,VE_ROTA_VE_CORREDOR_03,ambulancia,307.40,0.00,0,14.56,88.36
184,multiplas_emergencias,PREEMPCAO_ML,6,VE_ROTA_VE_TRANSVERSAL_04,bombeiro,211.30,34.00,2,11.79,72.90
184,multiplas_emergencias,PREEMPCAO_ML,6,VE_ROTA_VE_CORREDOR_04,bombeiro,349.70,12.60,1,12.80,130.82
184,multiplas_emergencias,PREEMPCAO_ML,6,VE_ROTA_VE_TRANSVERSAL_05,policia,194.70,0.00,0,12.81,56.14
184,multiplas_emergencias,PREEMPCAO_ML,6,VE_ROTA_VE_CORREDOR_05,policia,292.30,0.00,0,15.32,73.21
185,leve,FIXO,7,VE_ROTA_VE_CORREDOR_00,ambulancia,440.70,104.50,5,10.16,221.74
185,leve,FIXO,7,VE_ROTA_VE_CORREDOR_01,bombeiro,467.90,115.80,5,9.56,248.97
185,leve,FIXO,7,VE_ROTA_VE_CORREDOR_02,policia,426.00,110.50,5,10.51,206.99
185,leve,FIXO,7,VE_ROTA_VE_CORREDOR_03,ambulancia,460.00,116.10,5,9.73,240.99
185,leve,FIXO,7,VE_ROTA_VE_CORREDOR_04,bombeiro,416.60,92.70,6,10.74,197.72
186,leve,PREEMPCAO,7,VE_ROTA_VE_CORREDOR_00,ambulancia,282.50,2.00,1,15.85,63.41
186,leve,PREEMPCAO,7,VE_ROTA_VE_CORREDOR_01,bombeiro,280.40,0.00,0,15.96,61.48
186,leve,PREEMPCAO,7,VE_ROTA_VE_CORREDOR_02,policia,279.30,5.40,2,16.03,60.32
186,leve,PREEMPCAO,7,VE_ROTA_VE_CORREDOR_03,ambulancia,244.80,0.00,0,18.29,25.83
186,leve,PREEMPCAO,7,VE_ROTA_VE_CORREDOR_04,bombeiro,268.40,2.80,1,16.67,49.41
186,leve,PREEMPCAO,7,VE_ROTA_VE_CORREDOR_05,policia,228.40,0.00,0,19.60,9.42
187,leve,PREEMPCAO_COMPENSADA,7,VE_ROTA_VE_CORREDOR_00,ambulancia,282.50,2.00,1,15.85,63.53
187,leve,PREEMPCAO_COMPENSADA,7,VE_ROTA_VE_CORREDOR_01,bombeiro,265.50,0.70,1,16.86,46.63
187,leve,PREEMPCAO_COMPENSADA,7,VE_ROTA_VE_CORREDOR_02,policia,290.10,3.30,1,15.44,70.99
187,leve,PREEMPCAO_COMPENSADA,7,VE_ROTA_VE_CORREDOR_03,ambulancia,272.00,0.00,0,16.46,52.98
187,leve,PREEMPCAO_COMPENSADA,7,VE_ROTA_VE_CORREDOR_04,bombeiro,252.40,0.00,0,17.73,33.46
187,leve,PREEMPCAO_COMPENSADA,7,VE_ROTA_VE_CORREDOR_05,policia,279.60,0.00,0,16.01,60.58
188,moderado,FIXO,7,VE_ROTA_VE_CORREDOR_00,ambulancia,510.10,150.40,7,8.78,291.03
188,moderado,FIXO,7,VE_ROTA_VE_CORREDOR_01,bombeiro,483.70,35.00,5,9.25,264.84
188,moderado,FIXO,7,VE_ROTA_VE_CORREDOR_02,policia,506.50,131.20,7,8.84,287.47
188,moderado,FIXO,7,VE_ROTA_VE_CORREDOR_03,ambulancia,462.10,63.60,5,9.69,243.13
188,moderado,FIXO,7,VE_ROTA_VE_CORREDOR_04,bombeiro,499.70,97.70,5,8.96,280.79
189,moderado,PREEMPCAO,7,VE_ROTA_VE_CORREDOR_00,ambulancia,350.10,0.00,0,12.79,131.06
189,moderado,PREEMPCAO,7,VE_ROTA_VE_CORREDOR_01,bombeiro,364.10,0.00,0,12.29,145.16
189,moderado,PREEMPCAO,7,VE_ROTA_VE_CORREDOR_02,policia,313.50,0.00,0,14.28,94.58
189,moderado,PREEMPCAO,7,VE_ROTA_VE_CORREDOR_03,ambulancia,347.90,0.00,0,12.87,128.92
189,moderado,PREEMPCAO,7,VE_ROTA_VE_CORREDOR_04,bombeiro,289.40,0.00,0,15.46,70.55
190,moderado,PREEMPCAO_COMPENSADA,7,VE_ROTA_VE_CORREDOR_00,ambulancia,334.60,0.00,0,13.38,115.57
190,moderado,PREEMPCAO_COMPENSADA,7,VE_ROTA_VE_CORREDOR_01,bombeiro,363.50,0.00,0,12.31,144.59
190,moderado,PREEMPCAO_COMPENSADA,7,VE_ROTA_VE_CORREDOR_02,policia,322.70,0.00,0,13.88,103.70
190,moderado,PREEMPCAO_COMPENSADA,7,VE_ROTA_VE_CORREDOR_03,ambulancia,334.30,0.00,0,13.39,115.28
190,moderado,PREEMPCAO_COMPENSADA,7,VE_ROTA_VE_CORREDOR_04,bombeiro,305.50,0.00,0,14.65,86.60
191,intenso,FIXO,7,VE_ROTA_VE_CORREDOR_00,ambulancia,531.20,71.80,6,8.43,312.20
191,intenso,FIXO,7,VE_ROTA_VE_CORREDOR_01,bombeiro,496.20,21.20,3,9.02,277.27
191,intenso,FIXO,7,VE_ROTA_VE_CORREDOR_02,policia,518.30,56.40,6,8.64,299.26
191,intenso,FIXO,7,VE_ROTA_VE_CORREDOR_03,ambulancia,477.80,27.30,5,9.37,258.81
191,intenso,FIXO,7,VE_ROTA_VE_CORREDOR_04,bombeiro,504.70,52.00,5,8.87,285.75
192,intenso,PREEMPCAO,7,VE_ROTA_VE_CORREDOR_00,ambulancia,441.50,0.00,0,10.14,222.45
192,intenso,PREEMPCAO,7,VE_ROTA_VE_CORREDOR_01,bombeiro,373.40,0.00,0,11.99,154.54
192,intenso,PREEMPCAO,7,VE_ROTA_VE_CORREDOR_02,policia,385.50,0.00,0,11.62,166.52
192,intenso,PREEMPCAO,7,VE_ROTA_VE_CORREDOR_03,ambulancia,351.30,0.00,0,12.74,132.28
192,intenso,PREEMPCAO,7,VE_ROTA_VE_CORREDOR_04,bombeiro,345.10,0.00,0,12.97,126.14
193,intenso,PREEMPCAO_COMPENSADA,7,VE_ROTA_VE_CORREDOR_00,ambulancia,441.50,0.00,0,10.14,222.49
193,intenso,PREEMPCAO_COMPENSADA,7,VE_ROTA_VE_CORREDOR_01,bombeiro,375.90,0.00,0,11.91,156.99
193,intenso,PREEMPCAO_COMPENSADA,7,VE_ROTA_VE_CORREDOR_02,policia,412.90,0.00,0,10.84,193.89
193,intenso,PREEMPCAO_COMPENSADA,7,VE_ROTA_VE_CORREDOR_03,ambulancia,358.90,0.00,0,12.47,139.92
193,intenso,PREEMPCAO_COMPENSADA,7,VE_ROTA_VE_CORREDOR_04,bombeiro,344.50,0.90,1,12.99,125.65
194,multiplas_emergencias,FIXO,7,VE_ROTA_VE_TRANSVERSAL_00,ambulancia,231.40,15.00,2,10.78,92.84
194,multiplas_emergencias,FIXO,7,VE_ROTA_VE_CORREDOR_00,ambulancia,510.20,150.20,7,8.78,291.17
194,multiplas_emergencias,FIXO,7,VE_ROTA_VE_TRANSVERSAL_01,bombeiro,256.20,18.50,2,9.73,117.81
194,multiplas_emergencias,FIXO,7,VE_ROTA_VE_CORREDOR_01,bombeiro,481.80,35.80,5,9.29,262.90
194,multiplas_emergencias,FIXO,7,VE_ROTA_VE_TRANSVERSAL_02,policia,289.80,47.80,4,8.61,151.18
194,multiplas_emergencias,FIXO,7,VE_ROTA_VE_CORREDOR_02,policia,507.80,129.30,7,8.82,288.76
194,multiplas_emergencias,FIXO,7,VE_ROTA_VE_TRANSVERSAL_03,ambulancia,253.60,23.10,3,9.83,115.10
194,multiplas_emergencias,FIXO,7,VE_ROTA_VE_CORREDOR_03,ambulancia,462.00,63.60,5,9.69,243.02
194,multiplas_emergencias,FIXO,7,VE_ROTA_VE_TRANSVERSAL_04,bombeiro,294.90,9.40,2,8.45,156.55
194,multiplas_emergencias,FIXO,7,VE_ROTA_VE_CORREDOR_04,bombeiro,499.80,96.70,5,8.95,280.87
194,multiplas_emergencias,FIXO,7,VE_ROTA_VE_TRANSVERSAL_05,policia,240.70,13.90,2,10.36,102.07
195,multiplas_emergencias,PREEMPCAO,7,VE_ROTA_VE_TRANSVERSAL_00,ambulancia,177.40,0.00,0,14.06,38.87
195,multiplas_emergencias,PREEMPCAO,7,VE_ROTA_VE_CORREDOR_00,ambulancia,324.40,0.00,0,13.80,105.31
195,multiplas_emergencias,PREEMPCAO,7,VE_ROTA_VE_TRANSVERSAL_01,bombeiro,187.20,1.50,1,13.31,48.76
195,multiplas_emergencias,PREEMPCAO,7,VE_ROTA_VE_CORREDOR_01,bombeiro,335.40,0.00,0,13.34,116.55
195,multiplas_emergencias,PREEMPCAO,7,VE_ROTA_VE_TRANSVERSAL_02,policia,216.50,0.00,0,11.52,77.92
195,multiplas_emergencias,PREEMPCAO,7,VE_ROTA_VE_CORREDOR_02,policia,307.00,0.00,0,14.59,87.93
195,multiplas_emergencias,PREEMPCAO,7,VE_ROTA_VE_TRANSVERSAL_03,ambulancia,187.90,0.00,0,13.27,49.34
195,multiplas_emergencias,PREEMPCAO,7,VE_ROTA_VE_CORREDOR_03,ambulancia,376.40,0.00,0,11.89,157.41
195,multiplas_emergencias,PREEMPCAO,7,VE_ROTA_VE_TRANSVERSAL_04,bombeiro,217.10,0.20,1,11.48,78.68
195,multiplas_emergencias,PREEMPCAO,7,VE_ROTA_VE_CORREDOR_04,bombeiro,277.60,0.00,0,16.12,58.68
195,multiplas_emergencias,PREEMPCAO,7,VE_ROTA_VE_TRANSVERSAL_05,policia,176.30,0.00,0,14.15,37.71
196,multiplas_emergencias,PREEMPCAO_COMPENSADA,7,VE_ROTA_VE_TRANSVERSAL_00,ambulancia,177.40,0.00,0,14.06,38.87
196,multiplas_emergencias,PREEMPCAO_COMPENSADA,7,VE_ROTA_VE_CORREDOR_00,ambulancia,329.10,0.00,0,13.60,110.07
196,multiplas_emergencias,PREEMPCAO_COMPENSADA,7,VE_ROTA_VE_TRANSVERSAL_01,bombeiro,213.00,1.00,1,11.70,74.58
196,multiplas_emergencias,PREEMPCAO_COMPENSADA,7,VE_ROTA_VE_CORREDOR_01,bombeiro,336.50,0.00,0,13.30,117.62
196,multiplas_emergencias,PREEMPCAO_COMPENSADA,7,VE_ROTA_VE_TRANSVERSAL_02,policia,211.90,0.00,0,11.77,73.31
196,multiplas_emergencias,PREEMPCAO_COMPENSADA,7,VE_ROTA_VE_CORREDOR_02,policia,340.90,0.00,0,13.14,121.91
196,multiplas_emergencias,PREEMPCAO_COMPENSADA,7,VE_ROTA_VE_TRANSVERSAL_03,ambulancia,188.80,3.80,1,13.21,50.26
196,multiplas_emergencias,PREEMPCAO_COMPENSADA,7,VE_ROTA_VE_CORREDOR_03,ambulancia,363.50,4.30,1,12.32,144.50
196,multiplas_emergencias,PREEMPCAO_COMPENSADA,7,VE_ROTA_VE_TRANSVERSAL_04,bombeiro,230.30,3.90,1,10.82,91.96
196,multiplas_emergencias,PREEMPCAO_COMPENSADA,7,VE_ROTA_VE_CORREDOR_04,bombeiro,277.30,0.00,0,16.14,58.41
196,multiplas_emergencias,PREEMPCAO_COMPENSADA,7,VE_ROTA_VE_TRANSVERSAL_05,policia,189.20,0.00,0,13.18,50.66
197,multiplas_emergencias,PREEMPCAO_ML,7,VE_ROTA_VE_TRANSVERSAL_00,ambulancia,215.30,36.20,2,11.58,76.79
197,multiplas_emergencias,PREEMPCAO_ML,7,VE_ROTA_VE_CORREDOR_00,ambulancia,373.40,0.20,1,11.99,154.45
197,multiplas_emergencias,PREEMPCAO_ML,7,VE_ROTA_VE_TRANSVERSAL_01,bombeiro,190.50,0.00,0,13.08,52.13
197,multiplas_emergencias,PREEMPCAO_ML,7,VE_ROTA_VE_CORREDOR_01,bombeiro,358.80,0.00,0,12.47,139.95
197,multiplas_emergencias,PREEMPCAO_ML,7,VE_ROTA_VE_TRANSVERSAL_02,policia,211.20,4.60,1,11.81,72.63
197,multiplas_emergencias,PREEMPCAO_ML,7,VE_ROTA_VE_CORREDOR_02,policia,304.20,0.60,1,14.72,85.19
197,multiplas_emergencias,PREEMPCAO_ML,7,VE_ROTA_VE_TRANSVERSAL_03,ambulancia,188.90,0.00,0,13.20,50.36
197,multiplas_emergencias,PREEMPCAO_ML,7,VE_ROTA_VE_CORREDOR_03,ambulancia,378.40,0.00,0,11.83,159.39
197,multiplas_emergencias,PREEMPCAO_ML,7,VE_ROTA_VE_TRANSVERSAL_04,bombeiro,235.10,11.70,2,10.60,96.69
197,multiplas_emergencias,PREEMPCAO_ML,7,VE_ROTA_VE_CORREDOR_04,bombeiro,321.30,3.00,1,13.93,102.35
197,multiplas_emergencias,PREEMPCAO_ML,7,VE_ROTA_VE_TRANSVERSAL_05,policia,192.00,0.00,0,12.99,53.41
198,leve,FIXO,8,VE_ROTA_VE_CORREDOR_00,ambulancia,439.80,97.00,5,10.18,220.80
198,leve,FIXO,8,VE_ROTA_VE_CORREDOR_01,bombeiro,472.10,109.90,5,9.48,253.24
198,leve,FIXO,8,VE_ROTA_VE_CORREDOR_02,policia,427.80,105.00,6,10.47,208.74
198,leve,FIXO,8,VE_ROTA_VE_CORREDOR_03,ambulancia,459.70,127.10,6,9.74,240.75
198,leve,FIXO,8,VE_ROTA_VE_CORREDOR_04,bombeiro,487.70,143.50,7,9.18,268.79
199,leve,PREEMPCAO,8,VE_ROTA_VE_CORREDOR_00,ambulancia,283.20,2.30,1,15.81,64.14
199,leve,PREEMPCAO,8,VE_ROTA_VE_CORREDOR_01,bombeiro,258.20,0.00,0,17.33,39.31
199,leve,PREEMPCAO,8,VE_ROTA_VE_CORREDOR_02,policia,291.80,0.00,0,15.35,72.76
199,leve,PREEMPCAO,8,VE_ROTA_VE_CORREDOR_03,ambulancia,244.50,0.00,0,18.31,25.55
199,leve,PREEMPCAO,8,VE_ROTA_VE_CORREDOR_04,bombeiro,267.80,4.90,1,16.71,48.87
200,leve,PREEMPCAO_COMPENSADA,8,VE_ROTA_VE_CORREDOR_00,ambulancia,286.60,2.30,1,15.62,67.56
200,leve,PREEMPCAO_COMPENSADA,8,VE_ROTA_VE_CORREDOR_01,bombeiro,255.80,0.00,0,17.50,36.94
200,leve,PREEMPCAO_COMPENSADA,8,VE_ROTA_VE_CORREDOR_02,policia,269.20,0.00,0,16.63,50.12
200,leve,PREEMPCAO_COMPENSADA,8,VE_ROTA_VE_CORREDOR_03,ambulancia,281.30,2.80,2,15.92,62.32
200,leve,PREEMPCAO_COMPENSADA,8,VE_ROTA_VE_CORREDOR_04,bombeiro,252.20,0.00,0,17.74,33.32
200,leve,PREEMPCAO_COMPENSADA,8,VE_ROTA_VE_CORREDOR_05,policia,278.80,0.00,0,16.06,59.77
201,moderado,FIXO,8,VE_ROTA_VE_CORREDOR_00,ambulancia,456.30,68.80,6,9.81,237.34
201,moderado,FIXO,8,VE_ROTA_VE_CORREDOR_01,bombeiro,483.30,92.40,5,9.26,264.33
201,moderado,FIXO,8,VE_ROTA_VE_CORREDOR_02,policia,512.10,111.10,8,8.74,293.01
201,moderado,FIXO,8,VE_ROTA_VE_CORREDOR_03,ambulancia,460.00,80.70,5,9.73,240.97
201,moderado,FIXO,8,VE_ROTA_VE_CORREDOR_04,bombeiro,495.00,99.60,6,9.04,276.10
202,moderado,PREEMPCAO,8,VE_ROTA_VE_CORREDOR_00,ambulancia,316.20,2.30,1,14.16,97.20
202,moderado,PREEMPCAO,8,VE_ROTA_VE_CORREDOR_01,bombeiro,267.80,0.00,0,16.71,48.86
202,moderado,PREEMPCAO,8,VE_ROTA_VE_CORREDOR_02,policia,312.40,0.00,0,14.33,93.42
202,moderado,PREEMPCAO,8,VE_ROTA_VE_CORREDOR_03,ambulancia,298.90,0.00,0,14.98,79.88
202,moderado,PREEMPCAO,8,VE_ROTA_VE_CORREDOR_04,bombeiro,343.00,0.00,0,13.05,124.15
202,moderado,PREEMPCAO,8,VE_ROTA_VE_CORREDOR_05,policia,274.90,0.00,0,16.29,55.88
203,moderado,PREEMPCAO_COMPENSADA,8,VE_ROTA_VE_CORREDOR_00,ambulancia,316.40,2.30,1,14.15,97.35
203,moderado,PREEMPCAO_COMPENSADA,8,VE_ROTA_VE_CORREDOR_01,bombeiro,293.40,0.00,0,15.25,74.51
203,moderado,PREEMPCAO_COMPENSADA,8,VE_ROTA_VE_CORREDOR_02,policia,349.80,0.00,0,12.80,130.87
203,moderado,PREEMPCAO_COMPENSADA,8,VE_ROTA_VE_CORREDOR_03,ambulancia,325.60,0.00,0,13.75,106.62
203,moderado,PREEMPCAO_COMPENSADA,8,VE_ROTA_VE_CORREDOR_04,bombeiro,302.10,0.00,0,14.81,83.16
204,intenso,FIXO,8,VE_ROTA_VE_CORREDOR_00,ambulancia,519.90,74.50,6,8.61,300.93
204,intenso,FIXO,8,VE_ROTA_VE_CORREDOR_01,bombeiro,561.80,65.90,7,7.97,342.94
204,intenso,FIXO,8,VE_ROTA_VE_CORREDOR_02,policia,524.30,62.80,5,8.54,305.30
204,intenso,FIXO,8,VE_ROTA_VE_CORREDOR_03,ambulancia,476.30,19.70,4,9.40,257.29
204,intenso,FIXO,8,VE_ROTA_VE_CORREDOR_04,bombeiro,520.10,28.70,5,8.60,301.20
205,intenso,PREEMPCAO,8,VE_ROTA_VE_CORREDOR_00,ambulancia,435.10,0.00,0,10.29,216.10
205,intenso,PREEMPCAO,8,VE_ROTA_VE_CORREDOR_01,bombeiro,393.80,0.00,0,11.36,174.91
205,intenso,PREEMPCAO,8,VE_ROTA_VE_CORREDOR_02,policia,391.10,0.00,0,11.45,172.08
205,intenso,PREEMPCAO,8,VE_ROTA_VE_CORREDOR_03,ambulancia,363.80,0.00,0,12.31,144.83
205,intenso,PREEMPCAO,8,VE_ROTA_VE_CORREDOR_04,bombeiro,372.70,0.00,0,12.01,153.76
206,intenso,PREEMPCAO_COMPENSADA,8,VE_ROTA_VE_CORREDOR_00,ambulancia,435.30,0.00,0,10.29,216.29
206,intenso,PREEMPCAO_COMPENSADA,8,VE_ROTA_VE_CORREDOR_01,bombeiro,402.90,9.10,1,11.11,183.92
206,intenso,PREEMPCAO_COMPENSADA,8,VE_ROTA_VE_CORREDOR_02,policia,378.70,0.00,0,11.82,159.68
206,intenso,PREEMPCAO_COMPENSADA,8,VE_ROTA_VE_CORREDOR_03,ambulancia,412.50,0.00,0,10.85,193.52
206,intenso,PREEMPCAO_COMPENSADA,8,VE_ROTA_VE_CORREDOR_04,bombeiro,396.70,0.00,0,11.28,177.71
207,multiplas_emergencias,FIXO,8,VE_ROTA_VE_TRANSVERSAL_00,ambulancia,301.10,57.10,4,8.28,162.56
207,multiplas_emergencias,FIXO,8,VE_ROTA_VE_CORREDOR_00,ambulancia,456.30,70.50,6,9.81,237.33
207,multiplas_emergencias,FIXO,8,VE_ROTA_VE_TRANSVERSAL_01,bombeiro,259.90,18.30,2,9.59,121.45
207,multiplas_emergencias,FIXO,8,VE_ROTA_VE_CORREDOR_01,bombeiro,483.10,92.10,5,9.26,264.20
207,multiplas_emergencias,FIXO,8,VE_ROTA_VE_TRANSVERSAL_02,policia,293.30,31.80,4,8.50,154.73
207,multiplas_emergencias,FIXO,8,VE_ROTA_VE_CORREDOR_02,policia,511.90,111.00,8,8.75,292.84
207,multiplas_emergencias,FIXO,8,VE_ROTA_VE_TRANSVERSAL_03,ambulancia,249.30,16.20,2,10.00,110.80
207,multiplas_emergencias,FIXO,8,VE_ROTA_VE_CORREDOR_03,ambulancia,460.00,80.80,5,9.73,240.98
207,multiplas_emergencias,FIXO,8,VE_ROTA_VE_TRANSVERSAL_04,bombeiro,292.90,22.90,3,8.51,154.51
207,multiplas_emergencias,FIXO,8,VE_ROTA_VE_CORREDOR_04,bombeiro,495.10,99.70,6,9.04,276.18
207,multiplas_emergencias,FIXO,8,VE_ROTA_VE_TRANSVERSAL_05,policia,233.90,18.20,1,10.66,95.33
208,multiplas_emergencias,PREEMPCAO,8,VE_ROTA_VE_TRANSVERSAL_00,ambulancia,206.70,3.60,1,12.06,68.19
208,multiplas_emergencias,PREEMPCAO,8,VE_ROTA_VE_CORREDOR_00,ambulancia,328.10,6.30,2,13.65,109.06
208,multiplas_emergencias,PREEMPCAO,8,VE_ROTA_VE_TRANSVERSAL_01,bombeiro,201.50,0.00,0,12.37,63.13
208,multiplas_emergencias,PREEMPCAO,8,VE_ROTA_VE_CORREDOR_01,bombeiro,271.90,0.00,0,16.46,52.96
208,multiplas_emergencias,PREEMPCAO,8,VE_ROTA_VE_TRANSVERSAL_02,policia,204.40,1.60,1,12.20,65.84
208,multiplas_emergencias,PREEMPCAO,8,VE_ROTA_VE_CORREDOR_02,policia,309.60,0.00,0,14.46,90.62
208,multiplas_emergencias,PREEMPCAO,8,VE_ROTA_VE_TRANSVERSAL_03,ambulancia,166.40,0.00,0,14.99,27.87
208,multiplas_emergencias,PREEMPCAO,8,VE_ROTA_VE_CORREDOR_03,ambulancia,311.60,0.00,0,14.37,92.65
208,multiplas_emergencias,PREEMPCAO,8,VE_ROTA_VE_TRANSVERSAL_04,bombeiro,189.30,0.00,0,13.16,50.94
208,multiplas_emergencias,PREEMPCAO,8,VE_ROTA_VE_CORREDOR_04,bombeiro,336.20,0.00,0,13.31,117.38
208,multiplas_emergencias,PREEMPCAO,8,VE_ROTA_VE_TRANSVERSAL_05,policia,201.50,0.00,0,12.38,62.99
208,multiplas_emergencias,PREEMPCAO,8,VE_ROTA_VE_CORREDOR_05,policia,282.40,0.00,0,15.86,63.42
209,multiplas_emergencias,PREEMPCAO_COMPENSADA,8,VE_ROTA_VE_TRANSVERSAL_00,ambulancia,206.60,3.60,1,12.07,68.08
209,multiplas_emergencias,PREEMPCAO_COMPENSADA,8,VE_ROTA_VE_CORREDOR_00,ambulancia,315.50,6.30,2,14.19,96.56
209,multiplas_emergencias,PREEMPCAO_COMPENSADA,8,VE_ROTA_VE_TRANSVERSAL_01,bombeiro,186.20,0.00,0,13.38,47.83
209,multiplas_emergencias,PREEMPCAO_COMPENSADA,8,VE_ROTA_VE_CORREDOR_01,bombeiro,271.30,0.00,0,16.50,52.41
209,multiplas_emergencias,PREEMPCAO_COMPENSADA,8,VE_ROTA_VE_TRANSVERSAL_02,policia,238.50,3.00,1,10.46,99.93
209,multiplas_emergencias,PREEMPCAO_COMPENSADA,8,VE_ROTA_VE_CORREDOR_02,policia,322.60,0.00,0,13.88,103.56
209,multiplas_emergencias,PREEMPCAO_COMPENSADA,8,VE_ROTA_VE_TRANSVERSAL_03,ambulancia,189.20,0.00,0,13.18,50.71
209,multiplas_emergencias,PREEMPCAO_COMPENSADA,8,VE_ROTA_VE_CORREDOR_03,ambulancia,309.90,0.60,1,14.45,90.85
209,multiplas_emergencias,PREEMPCAO_COMPENSADA,8,VE_ROTA_VE_TRANSVERSAL_04,bombeiro,190.10,14.10,2,13.11,51.72
209,multiplas_emergencias,PREEMPCAO_COMPENSADA,8,VE_ROTA_VE_CORREDOR_04,bombeiro,350.50,8.90,1,12.77,131.55
209,multiplas_emergencias,PREEMPCAO_COMPENSADA,8,VE_ROTA_VE_TRANSVERSAL_05,policia,174.10,0.00,0,14.33,35.51
210,multiplas_emergencias,PREEMPCAO_ML,8,VE_ROTA_VE_TRANSVERSAL_00,ambulancia,215.00,3.60,1,11.60,76.50
210,multiplas_emergencias,PREEMPCAO_ML,8,VE_ROTA_VE_CORREDOR_00,ambulancia,328.10,12.00,3,13.65,109.15
210,multiplas_emergencias,PREEMPCAO_ML,8,VE_ROTA_VE_TRANSVERSAL_01,bombeiro,201.40,0.00,0,12.37,63.05
210,multiplas_emergencias,PREEMPCAO_ML,8,VE_ROTA_VE_CORREDOR_01,bombeiro,271.20,0.00,0,16.50,52.29
210,multiplas_emergencias,PREEMPCAO_ML,8,VE_ROTA_VE_TRANSVERSAL_02,policia,204.30,1.50,1,12.21,65.77
210,multiplas_emergencias,PREEMPCAO_ML,8,VE_ROTA_VE_CORREDOR_02,policia,308.00,0.00,0,14.54,89.00
210,multiplas_emergencias,PREEMPCAO_ML,8,VE_ROTA_VE_TRANSVERSAL_03,ambulancia,163.90,0.00,0,15.21,25.36
210,multiplas_emergencias,PREEMPCAO_ML,8,VE_ROTA_VE_CORREDOR_03,ambulancia,306.20,0.00,0,14.62,87.18
210,multiplas_emergencias,PREEMPCAO_ML,8,VE_ROTA_VE_TRANSVERSAL_04,bombeiro,190.30,0.00,0,13.09,51.94
210,multiplas_emergencias,PREEMPCAO_ML,8,VE_ROTA_VE_CORREDOR_04,bombeiro,338.50,0.00,0,13.22,119.61
210,multiplas_emergencias,PREEMPCAO_ML,8,VE_ROTA_VE_TRANSVERSAL_05,policia,204.70,0.00,0,12.18,66.16
210,multiplas_emergencias,PREEMPCAO_ML,8,VE_ROTA_VE_CORREDOR_05,policia,283.50,0.00,0,15.79,64.47
211,leve,FIXO,9,VE_ROTA_VE_CORREDOR_00,ambulancia,440.00,103.70,5,10.18,220.97
211,leve,FIXO,9,VE_ROTA_VE_CORREDOR_01,bombeiro,471.60,105.90,5,9.49,252.64
211,leve,FIXO,9,VE_ROTA_VE_CORREDOR_02,policia,427.80,105.30,6,10.47,208.78
211,leve,FIXO,9,VE_ROTA_VE_CORREDOR_03,ambulancia,456.90,95.90,5,9.80,237.85
211,leve,FIXO,9,VE_ROTA_VE_CORREDOR_04,bombeiro,487.90,122.10,6,9.17,268.93
212,leve,PREEMPCAO,9,VE_ROTA_VE_CORREDOR_00,ambulancia,283.10,0.30,1,15.82,64.13
212,leve,PREEMPCAO,9,VE_ROTA_VE_CORREDOR_01,bombeiro,279.80,0.00,0,15.99,60.83
212,leve,PREEMPCAO,9,VE_ROTA_VE_CORREDOR_02,policia,237.80,0.00,0,18.83,18.77
212,leve,PREEMPCAO,9,VE_ROTA_VE_CORREDOR_03,ambulancia,277.60,0.00,0,16.13,58.65
212,leve,PREEMPCAO,9,VE_ROTA_VE_CORREDOR_04,bombeiro,279.70,0.00,0,16.00,60.73
212,leve,PREEMPCAO,9,VE_ROTA_VE_CORREDOR_05,policia,288.30,0.00,0,15.53,69.25
213,leve,PREEMPCAO_COMPENSADA,9,VE_ROTA_VE_CORREDOR_00,ambulancia,283.10,0.30,1,15.82,64.12
213,leve,PREEMPCAO_COMPENSADA,9,VE_ROTA_VE_CORREDOR_01,bombeiro,250.90,0.00,0,17.84,32.02
213,leve,PREEMPCAO_COMPENSADA,9,VE_ROTA_VE_CORREDOR_02,policia,254.70,3.50,1,17.58,35.70
213,leve,PREEMPCAO_COMPENSADA,9,VE_ROTA_VE_CORREDOR_03,ambulancia,278.10,0.00,0,16.10,59.12
213,leve,PREEMPCAO_COMPENSADA,9,VE_ROTA_VE_CORREDOR_04,bombeiro,248.30,0.00,0,18.02,29.39
213,leve,PREEMPCAO_COMPENSADA,9,VE_ROTA_VE_CORREDOR_05,policia,282.20,0.00,0,15.87,63.19
214,moderado,FIXO,9,VE_ROTA_VE_CORREDOR_00,ambulancia,518.30,138.40,6,8.64,299.27
214,moderado,FIXO,9,VE_ROTA_VE_CORREDOR_01,bombeiro,472.20,97.90,5,9.48,253.28
214,moderado,FIXO,9,VE_ROTA_VE_CORREDOR_02,policia,501.90,94.80,6,8.92,282.88
214,moderado,FIXO,9,VE_ROTA_VE_CORREDOR_03,ambulancia,461.90,69.90,5,9.69,242.90
214,moderado,FIXO,9,VE_ROTA_VE_CORREDOR_04,bombeiro,497.00,67.50,5,9.00,278.11
215,moderado,PREEMPCAO,9,VE_ROTA_VE_CORREDOR_00,ambulancia,323.70,0.00,0,13.83,104.72
215,moderado,PREEMPCAO,9,VE_ROTA_VE_CORREDOR_01,bombeiro,280.20,1.10,1,15.97,61.26
215,moderado,PREEMPCAO,9,VE_ROTA_VE_CORREDOR_02,policia,322.30,0.00,0,13.89,103.33
215,moderado,PREEMPCAO,9,VE_ROTA_VE_CORREDOR_03,ambulancia,333.80,0.00,0,13.41,114.79
215,moderado,PREEMPCAO,9,VE_ROTA_VE_CORREDOR_04,bombeiro,332.70,0.00,0,13.45,113.77
216,moderado,PREEMPCAO_COMPENSADA,9,VE_ROTA_VE_CORREDOR_00,ambulancia,323.70,0.00,0,13.83,104.69
216,moderado,PREEMPCAO_COMPENSADA,9,VE_ROTA_VE_CORREDOR_01,bombeiro,307.90,0.00,0,14.53,88.96
216,moderado,PREEMPCAO_COMPENSADA,9,VE_ROTA_VE_CORREDOR_02,policia,348.50,0.00,0,12.85,129.52
216,moderado,PREEMPCAO_COMPENSADA,9,VE_ROTA_VE_CORREDOR_03,ambulancia,332.20,0.00,0,13.48,113.21
216,moderado,PREEMPCAO_COMPENSADA,9,VE_ROTA_VE_CORREDOR_04,bombeiro,305.30,0.00,0,14.66,86.37
216,moderado,PREEMPCAO_COMPENSADA,9,VE_ROTA_VE_CORREDOR_05,policia,292.40,0.00,0,15.31,73.38
217,intenso,FIXO,9,VE_ROTA_VE_CORREDOR_00,ambulancia,532.50,64.70,7,8.41,313.54
217,intenso,FIXO,9,VE_ROTA_VE_CORREDOR_01,bombeiro,491.80,33.90,5,9.10,272.92
217,intenso,FIXO,9,VE_ROTA_VE_CORREDOR_02,policia,515.70,67.50,6,8.68,296.64
217,intenso,FIXO,9,VE_ROTA_VE_CORREDOR_03,ambulancia,549.00,99.50,8,8.16,329.98
217,intenso,FIXO,9,VE_ROTA_VE_CORREDOR_04,bombeiro,512.60,36.20,6,8.73,293.67
218,intenso,PREEMPCAO,9,VE_ROTA_VE_CORREDOR_00,ambulancia,428.80,14.90,1,10.44,209.72
218,intenso,PREEMPCAO,9,VE_ROTA_VE_CORREDOR_01,bombeiro,348.70,4.80,2,12.83,129.85
218,intenso,PREEMPCAO,9,VE_ROTA_VE_CORREDOR_02,policia,297.80,0.00,0,15.04,78.76
218,intenso,PREEMPCAO,9,VE_ROTA_VE_CORREDOR_03,ambulancia,332.60,0.00,0,13.46,113.56
218,intenso,PREEMPCAO,9,VE_ROTA_VE_CORREDOR_04,bombeiro,367.00,0.00,0,12.19,148.05
219,intenso,PREEMPCAO_COMPENSADA,9,VE_ROTA_VE_CORREDOR_00,ambulancia,428.80,15.00,1,10.44,209.85
219,intenso,PREEMPCAO_COMPENSADA,9,VE_ROTA_VE_CORREDOR_01,bombeiro,451.10,25.60,2,9.92,232.21
219,intenso,PREEMPCAO_COMPENSADA,9,VE_ROTA_VE_CORREDOR_02,policia,387.40,0.00,0,11.56,168.43
219,intenso,PREEMPCAO_COMPENSADA,9,VE_ROTA_VE_CORREDOR_03,ambulancia,394.20,5.10,1,11.36,175.20
219,intenso,PREEMPCAO_COMPENSADA,9,VE_ROTA_VE_CORREDOR_04,bombeiro,416.20,0.00,0,10.75,197.26
220,multiplas_emergencias,FIXO,9,VE_ROTA_VE_TRANSVERSAL_00,ambulancia,226.70,18.60,2,11.00,88.18
220,multiplas_emergencias,FIXO,9,VE_ROTA_VE_CORREDOR_00,ambulancia,518.50,138.60,6,8.64,299.52
220,multiplas_emergencias,FIXO,9,VE_ROTA_VE_TRANSVERSAL_01,bombeiro,261.00,60.70,4,9.55,122.63
220,multiplas_emergencias,FIXO,9,VE_ROTA_VE_CORREDOR_01,bombeiro,472.00,100.50,5,9.48,253.05
220,multiplas_emergencias,FIXO,9,VE_ROTA_VE_TRANSVERSAL_02,policia,289.30,36.60,3,8.62,150.73
220,multiplas_emergencias,FIXO,9,VE_ROTA_VE_CORREDOR_02,policia,502.00,95.00,6,8.92,282.89
220,multiplas_emergencias,FIXO,9,VE_ROTA_VE_TRANSVERSAL_03,ambulancia,255.90,8.10,1,9.74,117.37
220,multiplas_emergencias,FIXO,9,VE_ROTA_VE_CORREDOR_03,ambulancia,461.90,78.60,5,9.69,242.94
220,multiplas_emergencias,FIXO,9,VE_ROTA_VE_TRANSVERSAL_04,bombeiro,279.80,36.40,4,8.91,141.44
220,multiplas_emergencias,FIXO,9,VE_ROTA_VE_CORREDOR_04,bombeiro,499.20,62.60,5,8.96,280.29
220,multiplas_emergencias,FIXO,9,VE_ROTA_VE_TRANSVERSAL_05,policia,233.30,19.10,1,10.69,94.71
221,multiplas_emergencias,PREEMPCAO,9,VE_ROTA_VE_TRANSVERSAL_00,ambulancia,180.10,7.60,1,13.85,41.53
221,multiplas_emergencias,PREEMPCAO,9,VE_ROTA_VE_CORREDOR_00,ambulancia,324.00,0.00,0,13.82,104.92
221,multiplas_emergencias,PREEMPCAO,9,VE_ROTA_VE_TRANSVERSAL_01,bombeiro,175.90,2.70,1,14.17,37.48
221,multiplas_emergencias,PREEMPCAO,9,VE_ROTA_VE_CORREDOR_01,bombeiro,304.80,5.70,2,14.68,85.90
221,multiplas_emergencias,PREEMPCAO,9,VE_ROTA_VE_TRANSVERSAL_02,policia,187.90,0.00,0,13.27,49.32
221,multiplas_emergencias,PREEMPCAO,9,VE_ROTA_VE_CORREDOR_02,policia,340.50,0.00,0,13.15,121.53
221,multiplas_emergencias,PREEMPCAO,9,VE_ROTA_VE_TRANSVERSAL_03,ambulancia,176.40,0.00,0,14.14,37.89
221,multiplas_emergencias,PREEMPCAO,9,VE_ROTA_VE_CORREDOR_03,ambulancia,313.10,0.00,0,14.30,94.07
221,multiplas_emergencias,PREEMPCAO,9,VE_ROTA_VE_TRANSVERSAL_04,bombeiro,183.50,0.00,0,13.58,45.09
221,multiplas_emergencias,PREEMPCAO,9,VE_ROTA_VE_CORREDOR_04,bombeiro,336.20,0.00,0,13.31,117.31
221,multiplas_emergencias,PREEMPCAO,9,VE_ROTA_VE_TRANSVERSAL_05,policia,188.50,10.20,1,13.23,49.96
222,multiplas_emergencias,PREEMPCAO_COMPENSADA,9,VE_ROTA_VE_TRANSVERSAL_00,ambulancia,180.10,7.60,1,13.85,41.53
222,multiplas_emergencias,PREEMPCAO_COMPENSADA,9,VE_ROTA_VE_CORREDOR_00,ambulancia,313.70,0.00,0,14.27,94.69
222,multiplas_emergencias,PREEMPCAO_COMPENSADA,9,VE_ROTA_VE_TRANSVERSAL_01,bombeiro,174.00,12.50,1,14.32,35.63
222,multiplas_emergencias,PREEMPCAO_COMPENSADA,9,VE_ROTA_VE_CORREDOR_01,bombeiro,281.60,0.00,0,15.89,62.70
222,multiplas_emergencias,PREEMPCAO_COMPENSADA,9,VE_ROTA_VE_TRANSVERSAL_02,policia,196.50,4.40,1,12.69,57.96
222,multiplas_emergencias,PREEMPCAO_COMPENSADA,9,VE_ROTA_VE_CORREDOR_02,policia,335.70,0.00,0,13.34,116.69
222,multiplas_emergencias,PREEMPCAO_COMPENSADA,9,VE_ROTA_VE_TRANSVERSAL_03,ambulancia,178.30,0.00,0,13.99,39.75
222,multiplas_emergencias,PREEMPCAO_COMPENSADA,9,VE_ROTA_VE_CORREDOR_03,ambulancia,314.20,0.00,0,14.25,95.19
222,multiplas_emergencias,PREEMPCAO_COMPENSADA,9,VE_ROTA_VE_TRANSVERSAL_04,bombeiro,183.70,0.00,0,13.56,45.35
222,multiplas_emergencias,PREEMPCAO_COMPENSADA,9,VE_ROTA_VE_CORREDOR_04,bombeiro,319.30,9.90,1,14.02,100.38
222,multiplas_emergencias,PREEMPCAO_COMPENSADA,9,VE_ROTA_VE_TRANSVERSAL_05,policia,196.80,0.40,1,12.67,58.21
223,multiplas_emergencias,PREEMPCAO_ML,9,VE_ROTA_VE_TRANSVERSAL_00,ambulancia,220.40,22.40,1,11.31,81.92
223,multiplas_emergencias,PREEMPCAO_ML,9,VE_ROTA_VE_CORREDOR_00,ambulancia,350.50,7.80,1,12.77,131.51
223,multiplas_emergencias,PREEMPCAO_ML,9,VE_ROTA_VE_TRANSVERSAL_01,bombeiro,170.90,8.20,1,14.58,32.52
223,multiplas_emergencias,PREEMPCAO_ML,9,VE_ROTA_VE_CORREDOR_01,bombeiro,300.80,1.80,1,14.88,81.87
223,multiplas_emergencias,PREEMPCAO_ML,9,VE_ROTA_VE_TRANSVERSAL_02,policia,200.20,0.00,0,12.46,61.64
223,multiplas_emergencias,PREEMPCAO_ML,9,VE_ROTA_VE_CORREDOR_02,policia,341.60,0.00,0,13.11,122.54
223,multiplas_emergencias,PREEMPCAO_ML,9,VE_ROTA_VE_TRANSVERSAL_03,ambulancia,210.10,0.00,0,11.87,71.58
223,multiplas_emergencias,PREEMPCAO_ML,9,VE_ROTA_VE_CORREDOR_03,ambulancia,351.80,0.00,0,12.73,132.78
223,multiplas_emergencias,PREEMPCAO_ML,9,VE_ROTA_VE_TRANSVERSAL_04,bombeiro,213.30,0.90,1,11.68,74.85
223,multiplas_emergencias,PREEMPCAO_ML,9,VE_ROTA_VE_CORREDOR_04,bombeiro,350.40,0.00,0,12.77,131.48
223,multiplas_emergencias,PREEMPCAO_ML,9,VE_ROTA_VE_TRANSVERSAL_05,policia,164.10,6.10,1,15.20,25.49
223,multiplas_emergencias,PREEMPCAO_ML,9,VE_ROTA_VE_CORREDOR_05,policia,294.70,0.00,0,15.19,75.68
224,leve,FIXO,10,VE_ROTA_VE_CORREDOR_00,ambulancia,437.80,107.10,6,10.23,218.84
224,leve,FIXO,10,VE_ROTA_VE_CORREDOR_01,bombeiro,470.80,110.10,6,9.51,251.90
224,leve,FIXO,10,VE_ROTA_VE_CORREDOR_02,policia,431.10,96.00,5,10.39,212.12
224,leve,FIXO,10,VE_ROTA_VE_CORREDOR_03,ambulancia,457.80,118.10,5,9.78,238.73
224,leve,FIXO,10,VE_ROTA_VE_CORREDOR_04,bombeiro,486.80,149.00,6,9.19,267.84
225,leve,PREEMPCAO,10,VE_ROTA_VE_CORREDOR_00,ambulancia,287.40,2.30,1,15.58,68.40
225,leve,PREEMPCAO,10,VE_ROTA_VE_CORREDOR_01,bombeiro,290.70,1.30,1,15.39,71.85
225,leve,PREEMPCAO,10,VE_ROTA_VE_CORREDOR_02,policia,243.40,0.00,0,18.40,24.42
225,leve,PREEMPCAO,10,VE_ROTA_VE_CORREDOR_03,ambulancia,237.30,0.00,0,18.87,18.35
225,leve,PREEMPCAO,10,VE_ROTA_VE_CORREDOR_04,bombeiro,305.00,0.00,0,14.67,86.06
225,leve,PREEMPCAO,10,VE_ROTA_VE_CORREDOR_05,policia,233.20,4.80,1,19.20,14.14
226,leve,PREEMPCAO_COMPENSADA,10,VE_ROTA_VE_CORREDOR_00,ambulancia,287.50,2.30,1,15.57,68.47
226,leve,PREEMPCAO_COMPENSADA,10,VE_ROTA_VE_CORREDOR_01,bombeiro,279.20,0.00,0,16.03,60.27
226,leve,PREEMPCAO_COMPENSADA,10,VE_ROTA_VE_CORREDOR_02,policia,222.40,0.00,0,20.13,3.40
226,leve,PREEMPCAO_COMPENSADA,10,VE_ROTA_VE_CORREDOR_03,ambulancia,243.60,1.70,1,18.38,24.59
226,leve,PREEMPCAO_COMPENSADA,10,VE_ROTA_VE_CORREDOR_04,bombeiro,302.70,0.00,0,14.78,83.86
226,leve,PREEMPCAO_COMPENSADA,10,VE_ROTA_VE_CORREDOR_05,policia,263.80,3.90,1,16.97,44.79
227,moderado,FIXO,10,VE_ROTA_VE_CORREDOR_00,ambulancia,520.40,120.10,6,8.60,301.45
227,moderado,FIXO,10,VE_ROTA_VE_CORREDOR_01,bombeiro,473.30,81.40,5,9.46,254.38
227,moderado,FIXO,10,VE_ROTA_VE_CORREDOR_02,policia,502.50,112.00,6,8.91,283.40
227,moderado,FIXO,10,VE_ROTA_VE_CORREDOR_03,ambulancia,481.90,40.80,5,9.29,262.92
227,moderado,FIXO,10,VE_ROTA_VE_CORREDOR_04,bombeiro,497.10,106.60,6,9.00,278.29
228,moderado,PREEMPCAO,10,VE_ROTA_VE_CORREDOR_00,ambulancia,332.60,0.00,0,13.46,113.59
228,moderado,PREEMPCAO,10,VE_ROTA_VE_CORREDOR_01,bombeiro,282.50,1.50,1,15.84,63.64
228,moderado,PREEMPCAO,10,VE_ROTA_VE_CORREDOR_02,policia,310.80,0.00,0,14.41,91.77
228,moderado,PREEMPCAO,10,VE_ROTA_VE_CORREDOR_03,ambulancia,331.80,0.00,0,13.49,112.82
228,moderado,PREEMPCAO,10,VE_ROTA_VE_CORREDOR_04,bombeiro,294.00,0.50,1,15.22,75.13
229,moderado,PREEMPCAO_COMPENSADA,10,VE_ROTA_VE_CORREDOR_00,ambulancia,332.50,0.00,0,13.47,113.54
229,moderado,PREEMPCAO_COMPENSADA,10,VE_ROTA_VE_CORREDOR_01,bombeiro,302.60,0.00,0,14.79,83.70
229,moderado,PREEMPCAO_COMPENSADA,10,VE_ROTA_VE_CORREDOR_02,policia,288.00,0.00,0,15.55,69.01
229,moderado,PREEMPCAO_COMPENSADA,10,VE_ROTA_VE_CORREDOR_03,ambulancia,324.60,0.00,0,13.79,105.59
229,moderado,PREEMPCAO_COMPENSADA,10,VE_ROTA_VE_CORREDOR_04,bombeiro,315.00,0.00,0,14.21,96.03
230,intenso,FIXO,10,VE_ROTA_VE_CORREDOR_00,ambulancia,604.80,98.20,8,7.40,385.83
230,intenso,FIXO,10,VE_ROTA_VE_CORREDOR_01,bombeiro,560.90,70.60,8,7.98,342.04
230,intenso,FIXO,10,VE_ROTA_VE_CORREDOR_02,policia,451.20,53.40,5,9.92,232.15
230,intenso,FIXO,10,VE_ROTA_VE_CORREDOR_03,ambulancia,481.40,31.10,5,9.30,262.40
230,intenso,FIXO,10,VE_ROTA_VE_CORREDOR_04,bombeiro,501.40,52.70,5,8.93,282.47
231,intenso,PREEMPCAO,10,VE_ROTA_VE_CORREDOR_00,ambulancia,454.20,28.30,2,9.86,235.25
231,intenso,PREEMPCAO,10,VE_ROTA_VE_CORREDOR_01,bombeiro,375.20,0.00,0,11.93,156.32
231,intenso,PREEMPCAO,10,VE_ROTA_VE_CORREDOR_02,policia,335.20,0.00,0,13.36,116.23
231,intenso,PREEMPCAO,10,VE_ROTA_VE_CORREDOR_03,ambulancia,375.50,0.00,0,11.92,156.45
231,intenso,PREEMPCAO,10,VE_ROTA_VE_CORREDOR_04,bombeiro,333.30,0.00,0,13.43,114.44
232,intenso,PREEMPCAO_COMPENSADA,10,VE_ROTA_VE_CORREDOR_00,ambulancia,450.30,28.30,2,9.94,231.31
232,intenso,PREEMPCAO_COMPENSADA,10,VE_ROTA_VE_CORREDOR_01,bombeiro,372.80,0.00,0,12.00,153.89
232,intenso,PREEMPCAO_COMPENSADA,10,VE_ROTA_VE_CORREDOR_02,policia,329.00,0.00,0,13.61,109.99
232,intenso,PREEMPCAO_COMPENSADA,10,VE_ROTA_VE_CORREDOR_03,ambulancia,350.20,0.00,0,12.78,131.22
232,intenso,PREEMPCAO_COMPENSADA,10,VE_ROTA_VE_CORREDOR_04,bombeiro,336.70,1.10,1,13.29,117.82
233,multiplas_emergencias,FIXO,10,VE_ROTA_VE_TRANSVERSAL_00,ambulancia,294.50,67.00,4,8.47,155.96
233,multiplas_emergencias,FIXO,10,VE_ROTA_VE_CORREDOR_00,ambulancia,520.30,120.00,6,8.61,301.28
233,multiplas_emergencias,FIXO,10,VE_ROTA_VE_TRANSVERSAL_01,bombeiro,263.80,12.90,3,9.45,125.42
233,multiplas_emergencias,FIXO,10,VE_ROTA_VE_CORREDOR_01,bombeiro,473.20,81.30,5,9.46,254.25
233,multiplas_emergencias,FIXO,10,VE_ROTA_VE_TRANSVERSAL_02,policia,287.00,49.00,4,8.69,148.42
233,multiplas_emergencias,FIXO,10,VE_ROTA_VE_CORREDOR_02,policia,502.60,112.50,6,8.91,283.52
233,multiplas_emergencias,FIXO,10,VE_ROTA_VE_TRANSVERSAL_03,ambulancia,248.40,19.10,3,10.04,109.88
233,multiplas_emergencias,FIXO,10,VE_ROTA_VE_CORREDOR_03,ambulancia,481.90,40.50,5,9.29,262.87
233,multiplas_emergencias,FIXO,10,VE_ROTA_VE_TRANSVERSAL_04,bombeiro,282.10,49.90,4,8.83,143.73
233,multiplas_emergencias,FIXO,10,VE_ROTA_VE_CORREDOR_04,bombeiro,497.50,106.50,6,9.00,278.60
233,multiplas_emergencias,FIXO,10,VE_ROTA_VE_TRANSVERSAL_05,policia,244.90,27.70,3,10.18,106.35
234,multiplas_emergencias,PREEMPCAO,10,VE_ROTA_VE_TRANSVERSAL_00,ambulancia,200.70,0.00,0,12.42,62.16
234,multiplas_emergencias,PREEMPCAO,10,VE_ROTA_VE_CORREDOR_00,ambulancia,386.90,0.00,0,11.57,167.88
234,multiplas_emergencias,PREEMPCAO,10,VE_ROTA_VE_TRANSVERSAL_01,bombeiro,223.20,0.00,0,11.16,84.78
234,multiplas_emergencias,PREEMPCAO,10,VE_ROTA_VE_CORREDOR_01,bombeiro,337.60,1.50,1,13.26,118.75
234,multiplas_emergencias,PREEMPCAO,10,VE_ROTA_VE_TRANSVERSAL_02,policia,211.60,12.90,1,11.79,72.98
234,multiplas_emergencias,PREEMPCAO,10,VE_ROTA_VE_CORREDOR_02,policia,285.70,0.00,0,15.67,66.71
234,multiplas_emergencias,PREEMPCAO,10,VE_ROTA_VE_TRANSVERSAL_03,ambulancia,164.40,0.00,0,15.17,25.87
234,multiplas_emergencias,PREEMPCAO,10,VE_ROTA_VE_CORREDOR_03,ambulancia,308.80,0.00,0,14.50,89.83
234,multiplas_emergencias,PREEMPCAO,10,VE_ROTA_VE_TRANSVERSAL_04,bombeiro,192.70,14.00,1,12.93,54.35
234,multiplas_emergencias,PREEMPCAO,10,VE_ROTA_VE_CORREDOR_04,bombeiro,348.50,0.00,0,12.84,129.57
234,multiplas_emergencias,PREEMPCAO,10,VE_ROTA_VE_TRANSVERSAL_05,policia,160.50,0.00,0,15.54,21.97
235,multiplas_emergencias,PREEMPCAO_COMPENSADA,10,VE_ROTA_VE_TRANSVERSAL_00,ambulancia,200.60,0.00,0,12.43,62.12
235,multiplas_emergencias,PREEMPCAO_COMPENSADA,10,VE_ROTA_VE_CORREDOR_00,ambulancia,383.30,0.00,0,11.68,164.33
235,multiplas_emergencias,PREEMPCAO_COMPENSADA,10,VE_ROTA_VE_TRANSVERSAL_01,bombeiro,206.30,3.90,1,12.08,67.86
235,multiplas_emergencias,PREEMPCAO_COMPENSADA,10,VE_ROTA_VE_CORREDOR_01,bombeiro,318.20,0.00,0,14.06,99.27
235,multiplas_emergencias,PREEMPCAO_COMPENSADA,10,VE_ROTA_VE_TRANSVERSAL_02,policia,211.40,2.20,1,11.80,72.86
235,multiplas_emergencias,PREEMPCAO_COMPENSADA,10,VE_ROTA_VE_CORREDOR_02,policia,306.30,0.00,0,14.62,87.31
235,multiplas_emergencias,PREEMPCAO_COMPENSADA,10,VE_ROTA_VE_TRANSVERSAL_03,ambulancia,188.20,0.00,0,13.25,49.71
235,multiplas_emergencias,PREEMPCAO_COMPENSADA,10,VE_ROTA_VE_CORREDOR_03,ambulancia,338.60,3.90,1,13.22,119.68
235,multiplas_emergencias,PREEMPCAO_COMPENSADA,10,VE_ROTA_VE_TRANSVERSAL_04,bombeiro,203.00,19.80,2,12.27,64.61
235,multiplas_emergencias,PREEMPCAO_COMPENSADA,10,VE_ROTA_VE_CORREDOR_04,bombeiro,323.40,12.40,1,13.84,104.46
235,multiplas_emergencias,PREEMPCAO_COMPENSADA,10,VE_ROTA_VE_TRANSVERSAL_05,policia,174.20,0.00,0,14.32,35.65
235,multiplas_emergencias,PREEMPCAO_COMPENSADA,10,VE_ROTA_VE_CORREDOR_05,policia,291.50,1.80,1,15.36,72.53
236,multiplas_emergencias,PREEMPCAO_ML,10,VE_ROTA_VE_TRANSVERSAL_00,ambulancia,240.90,20.80,2,10.35,102.32
236,multiplas_emergencias,PREEMPCAO_ML,10,VE_ROTA_VE_CORREDOR_00,ambulancia,319.90,0.00,0,14.00,100.93
236,multiplas_emergencias,PREEMPCAO_ML,10,VE_ROTA_VE_TRANSVERSAL_01,bombeiro,196.00,6.80,1,12.71,57.57
236,multiplas_emergencias,PREEMPCAO_ML,10,VE_ROTA_VE_CORREDOR_01,bombeiro,336.00,1.50,1,13.32,117.09
236,multiplas_emergencias,PREEMPCAO_ML,10,VE_ROTA_VE_TRANSVERSAL_02,policia,196.50,0.60,1,12.69,57.90
236,multiplas_emergencias,PREEMPCAO_ML,10,VE_ROTA_VE_CORREDOR_02,policia,289.70,0.00,0,15.46,70.72
236,multiplas_emergencias,PREEMPCAO_ML,10,VE_ROTA_VE_TRANSVERSAL_03,ambulancia,225.60,16.10,2,11.05,87.06
236,multiplas_emergencias,PREEMPCAO_ML,10,VE_ROTA_VE_CORREDOR_03,ambulancia,322.10,0.00,0,13.90,103.06
236,multiplas_emergencias,PREEMPCAO_ML,10,VE_ROTA_VE_TRANSVERSAL_04,bombeiro,176.30,0.00,0,14.13,37.90
236,multiplas_emergencias,PREEMPCAO_ML,10,VE_ROTA_VE_CORREDOR_04,bombeiro,342.20,5.40,1,13.08,123.34
236,multiplas_emergencias,PREEMPCAO_ML,10,VE_ROTA_VE_TRANSVERSAL_05,policia,210.60,6.40,1,11.84,72.01
236,multiplas_emergencias,PREEMPCAO_ML,10,VE_ROTA_VE_CORREDOR_05,policia,299.20,0.00,0,14.97,80.20
237,leve,FIXO,11,VE_ROTA_VE_CORREDOR_00,ambulancia,451.40,93.30,5,9.92,232.38
237,leve,FIXO,11,VE_ROTA_VE_CORREDOR_01,bombeiro,469.90,117.00,5,9.52,250.97
237,leve,FIXO,11,VE_ROTA_VE_CORREDOR_02,policia,433.00,91.90,6,10.34,214.07
237,leve,FIXO,11,VE_ROTA_VE_CORREDOR_03,ambulancia,458.00,95.50,5,9.78,238.97
237,leve,FIXO,11,VE_ROTA_VE_CORREDOR_04,bombeiro,490.40,116.70,6,9.13,271.46
238,leve,PREEMPCAO,11,VE_ROTA_VE_CORREDOR_00,ambulancia,303.90,0.00,0,14.73,84.92
238,leve,PREEMPCAO,11,VE_ROTA_VE_CORREDOR_01,bombeiro,248.30,0.00,0,18.02,29.39
238,leve,PREEMPCAO,11,VE_ROTA_VE_CORREDOR_02,policia,257.90,0.00,0,17.36,38.85
238,leve,PREEMPCAO,11,VE_ROTA_VE_CORREDOR_03,ambulancia,268.50,5.20,2,16.68,49.49
238,leve,PREEMPCAO,11,VE_ROTA_VE_CORREDOR_04,bombeiro,281.30,1.10,1,15.91,62.37
238,leve,PREEMPCAO,11,VE_ROTA_VE_CORREDOR_05,policia,242.70,0.00,0,18.45,23.73
239,leve,PREEMPCAO_COMPENSADA,11,VE_ROTA_VE_CORREDOR_00,ambulancia,304.00,0.00,0,14.73,85.02
239,leve,PREEMPCAO_COMPENSADA,11,VE_ROTA_VE_CORREDOR_01,bombeiro,268.00,0.00,0,16.70,49.05
239,leve,PREEMPCAO_COMPENSADA,11,VE_ROTA_VE_CORREDOR_02,policia,245.40,0.00,0,18.25,26.32
239,leve,PREEMPCAO_COMPENSADA,11,VE_ROTA_VE_CORREDOR_03,ambulancia,264.00,2.60,1,16.96,45.00
239,leve,PREEMPCAO_COMPENSADA,11,VE_ROTA_VE_CORREDOR_04,bombeiro,290.50,0.00,0,15.41,71.56
239,leve,PREEMPCAO_COMPENSADA,11,VE_ROTA_VE_CORREDOR_05,policia,292.00,0.00,0,15.33,72.97
240,moderado,FIXO,11,VE_ROTA_VE_CORREDOR_00,ambulancia,446.40,82.10,5,10.03,227.37
240,moderado,FIXO,11,VE_ROTA_VE_CORREDOR_01,bombeiro,471.90,100.80,5,9.48,252.94
240,moderado,FIXO,11,VE_ROTA_VE_CORREDOR_02,policia,436.10,60.90,5,10.27,217.09
240,moderado,FIXO,11,VE_ROTA_VE_CORREDOR_03,ambulancia,466.50,79.20,6,9.60,247.50
240,moderado,FIXO,11,VE_ROTA_VE_CORREDOR_04,bombeiro,500.40,83.60,6,8.94,281.48
241,moderado,PREEMPCAO,11,VE_ROTA_VE_CORREDOR_00,ambulancia,318.80,2.30,1,14.04,99.80
241,moderado,PREEMPCAO,11,VE_ROTA_VE_CORREDOR_01,bombeiro,307.70,0.00,0,14.54,88.87
241,moderado,PREEMPCAO,11,VE_ROTA_VE_CORREDOR_02,policia,313.70,0.00,0,14.27,94.71
241,moderado,PREEMPCAO,11,VE_ROTA_VE_CORREDOR_03,ambulancia,320.90,0.00,0,13.95,101.84
241,moderado,PREEMPCAO,11,VE_ROTA_VE_CORREDOR_04,bombeiro,284.60,0.00,0,15.72,65.61
242,moderado,PREEMPCAO_COMPENSADA,11,VE_ROTA_VE_CORREDOR_00,ambulancia,318.90,2.30,1,14.04,99.93
242,moderado,PREEMPCAO_COMPENSADA,11,VE_ROTA_VE_CORREDOR_01,bombeiro,305.90,0.00,0,14.63,87.03
242,moderado,PREEMPCAO_COMPENSADA,11,VE_ROTA_VE_CORREDOR_02,policia,281.00,0.00,0,15.94,61.97
242,moderado,PREEMPCAO_COMPENSADA,11,VE_ROTA_VE_CORREDOR_03,ambulancia,307.20,0.00,0,14.57,88.23
242,moderado,PREEMPCAO_COMPENSADA,11,VE_ROTA_VE_CORREDOR_04,bombeiro,293.40,0.00,0,15.25,74.41
242,moderado,PREEMPCAO_COMPENSADA,11,VE_ROTA_VE_CORREDOR_05,policia,277.80,2.20,1,16.12,58.77
243,intenso,FIXO,11,VE_ROTA_VE_CORREDOR_00,ambulancia,536.20,103.10,6,8.35,317.26
243,intenso,FIXO,11,VE_ROTA_VE_CORREDOR_01,bombeiro,482.30,41.20,5,9.28,263.35
243,intenso,FIXO,11,VE_ROTA_VE_CORREDOR_02,policia,557.10,169.20,7,8.04,338.06
243,intenso,FIXO,11,VE_ROTA_VE_CORREDOR_03,ambulancia,482.00,49.90,4,9.29,263.08
243,intenso,FIXO,11,VE_ROTA_VE_CORREDOR_04,bombeiro,587.80,89.90,5,7.61,368.91
244,intenso,PREEMPCAO,11,VE_ROTA_VE_CORREDOR_00,ambulancia,424.30,9.70,1,10.55,205.21
244,intenso,PREEMPCAO,11,VE_ROTA_VE_CORREDOR_01,bombeiro,396.80,0.00,0,11.28,177.94
244,intenso,PREEMPCAO,11,VE_ROTA_VE_CORREDOR_02,policia,335.00,2.30,1,13.37,115.96
244,intenso,PREEMPCAO,11,VE_ROTA_VE_CORREDOR_03,ambulancia,356.60,0.00,0,12.56,137.57
244,intenso,PREEMPCAO,11,VE_ROTA_VE_CORREDOR_04,bombeiro,355.50,0.00,0,12.59,136.63
245,intenso,PREEMPCAO_COMPENSADA,11,VE_ROTA_VE_CORREDOR_00,ambulancia,424.50,9.80,1,10.55,205.50
245,intenso,PREEMPCAO_COMPENSADA,11,VE_ROTA_VE_CORREDOR_01,bombeiro,398.90,10.00,1,11.22,179.93
245,intenso,PREEMPCAO_COMPENSADA,11,VE_ROTA_VE_CORREDOR_02,policia,383.60,0.00,0,11.67,164.61
245,intenso,PREEMPCAO_COMPENSADA,11,VE_ROTA_VE_CORREDOR_03,ambulancia,375.30,0.00,0,11.93,156.28
245,intenso,PREEMPCAO_COMPENSADA,11,VE_ROTA_VE_CORREDOR_04,bombeiro,339.00,0.00,0,13.20,120.15
246,multiplas_emergencias,FIXO,11,VE_ROTA_VE_TRANSVERSAL_00,ambulancia,298.70,91.80,4,8.35,160.13
246,multiplas_emergencias,FIXO,11,VE_ROTA_VE_CORREDOR_00,ambulancia,446.60,79.90,5,10.03,227.57
246,multiplas_emergencias,FIXO,11,VE_ROTA_VE_TRANSVERSAL_01,bombeiro,261.50,24.90,3,9.53,123.08
246,multiplas_emergencias,FIXO,11,VE_ROTA_VE_CORREDOR_01,bombeiro,472.00,100.90,5,9.48,253.11
246,multiplas_emergencias,FIXO,11,VE_ROTA_VE_TRANSVERSAL_02,policia,283.80,46.10,3,8.79,145.19
246,multiplas_emergencias,FIXO,11,VE_ROTA_VE_CORREDOR_02,policia,436.10,61.40,5,10.27,217.10
246,multiplas_emergencias,FIXO,11,VE_ROTA_VE_TRANSVERSAL_03,ambulancia,248.40,29.80,3,10.04,109.82
246,multiplas_emergencias,FIXO,11,VE_ROTA_VE_CORREDOR_03,ambulancia,466.20,79.30,6,9.60,247.17
246,multiplas_emergencias,FIXO,11,VE_ROTA_VE_TRANSVERSAL_04,bombeiro,275.60,33.10,4,9.04,137.22
246,multiplas_emergencias,FIXO,11,VE_ROTA_VE_CORREDOR_04,bombeiro,500.30,80.20,6,8.95,281.43
246,multiplas_emergencias,FIXO,11,VE_ROTA_VE_TRANSVERSAL_05,policia,245.00,14.40,3,10.18,106.43
247,multiplas_emergencias,PREEMPCAO,11,VE_ROTA_VE_TRANSVERSAL_00,ambulancia,204.80,2.90,1,12.18,66.30
247,multiplas_emergencias,PREEMPCAO,11,VE_ROTA_VE_CORREDOR_00,ambulancia,324.70,2.30,1,13.79,105.68
247,multiplas_emergencias,PREEMPCAO,11,VE_ROTA_VE_TRANSVERSAL_01,bombeiro,185.50,0.00,0,13.43,47.15
247,multiplas_emergencias,PREEMPCAO,11,VE_ROTA_VE_CORREDOR_01,bombeiro,267.90,0.00,0,16.70,48.96
247,multiplas_emergencias,PREEMPCAO,11,VE_ROTA_VE_TRANSVERSAL_02,policia,180.20,0.00,0,13.84,41.63
247,multiplas_emergencias,PREEMPCAO,11,VE_ROTA_VE_CORREDOR_02,policia,296.60,3.00,1,15.10,77.57
247,multiplas_emergencias,PREEMPCAO,11,VE_ROTA_VE_TRANSVERSAL_03,ambulancia,192.60,10.20,1,12.95,54.10
247,multiplas_emergencias,PREEMPCAO,11,VE_ROTA_VE_CORREDOR_03,ambulancia,309.20,0.00,0,14.48,90.17
247,multiplas_emergencias,PREEMPCAO,11,VE_ROTA_VE_TRANSVERSAL_04,bombeiro,205.30,35.10,2,12.14,66.92
247,multiplas_emergencias,PREEMPCAO,11,VE_ROTA_VE_CORREDOR_04,bombeiro,286.90,3.30,1,15.60,67.99
247,multiplas_emergencias,PREEMPCAO,11,VE_ROTA_VE_TRANSVERSAL_05,policia,177.00,1.40,2,14.09,38.42
248,multiplas_emergencias,PREEMPCAO_COMPENSADA,11,VE_ROTA_VE_TRANSVERSAL_00,ambulancia,204.70,2.90,1,12.18,66.17
248,multiplas_emergencias,PREEMPCAO_COMPENSADA,11,VE_ROTA_VE_CORREDOR_00,ambulancia,314.70,2.30,1,14.23,95.72
248,multiplas_emergencias,PREEMPCAO_COMPENSADA,11,VE_ROTA_VE_TRANSVERSAL_01,bombeiro,212.80,17.80,2,11.71,74.35
248,multiplas_emergencias,PREEMPCAO_COMPENSADA,11,VE_ROTA_VE_CORREDOR_01,bombeiro,299.70,0.00,0,14.93,80.73
248,multiplas_emergencias,PREEMPCAO_COMPENSADA,11,VE_ROTA_VE_TRANSVERSAL_02,policia,177.30,1.40,1,14.07,38.71
248,multiplas_emergencias,PREEMPCAO_COMPENSADA,11,VE_ROTA_VE_CORREDOR_02,policia,309.50,6.00,1,14.47,90.53
248,multiplas_emergencias,PREEMPCAO_COMPENSADA,11,VE_ROTA_VE_TRANSVERSAL_03,ambulancia,200.50,6.30,1,12.44,61.94
248,multiplas_emergencias,PREEMPCAO_COMPENSADA,11,VE_ROTA_VE_CORREDOR_03,ambulancia,327.90,6.80,1,13.65,108.89
248,multiplas_emergencias,PREEMPCAO_COMPENSADA,11,VE_ROTA_VE_TRANSVERSAL_04,bombeiro,200.90,0.00,0,12.40,62.51
248,multiplas_emergencias,PREEMPCAO_COMPENSADA,11,VE_ROTA_VE_CORREDOR_04,bombeiro,258.90,0.00,0,17.29,39.98
248,multiplas_emergencias,PREEMPCAO_COMPENSADA,11,VE_ROTA_VE_TRANSVERSAL_05,policia,175.20,0.00,0,14.24,36.67
249,multiplas_emergencias,PREEMPCAO_ML,11,VE_ROTA_VE_TRANSVERSAL_00,ambulancia,204.80,2.90,1,12.18,66.30
249,multiplas_emergencias,PREEMPCAO_ML,11,VE_ROTA_VE_CORREDOR_00,ambulancia,324.70,2.30,1,13.79,105.68
249,multiplas_emergencias,PREEMPCAO_ML,11,VE_ROTA_VE_TRANSVERSAL_01,bombeiro,185.50,0.00,0,13.43,47.15
249,multiplas_emergencias,PREEMPCAO_ML,11,VE_ROTA_VE_CORREDOR_01,bombeiro,267.90,0.00,0,16.70,48.96
249,multiplas_emergencias,PREEMPCAO_ML,11,VE_ROTA_VE_TRANSVERSAL_02,policia,203.10,14.30,2,12.28,64.53
249,multiplas_emergencias,PREEMPCAO_ML,11,VE_ROTA_VE_CORREDOR_02,policia,283.30,0.00,0,15.81,64.39
249,multiplas_emergencias,PREEMPCAO_ML,11,VE_ROTA_VE_TRANSVERSAL_03,ambulancia,177.00,2.90,1,14.09,38.49
249,multiplas_emergencias,PREEMPCAO_ML,11,VE_ROTA_VE_CORREDOR_03,ambulancia,281.80,0.00,0,15.89,62.82
249,multiplas_emergencias,PREEMPCAO_ML,11,VE_ROTA_VE_TRANSVERSAL_04,bombeiro,218.90,18.00,2,11.38,80.48
249,multiplas_emergencias,PREEMPCAO_ML,11,VE_ROTA_VE_CORREDOR_04,bombeiro,294.30,10.50,2,15.21,75.42
249,multiplas_emergencias,PREEMPCAO_ML,11,VE_ROTA_VE_TRANSVERSAL_05,policia,194.80,9.90,2,12.80,56.27
249,multiplas_emergencias,PREEMPCAO_ML,11,VE_ROTA_VE_CORREDOR_05,policia,271.80,0.10,1,16.47,52.73
250,leve,FIXO,12,VE_ROTA_VE_CORREDOR_00,ambulancia,438.60,112.60,5,10.21,219.61
250,leve,FIXO,12,VE_ROTA_VE_CORREDOR_01,bombeiro,468.00,137.70,5,9.56,249.07
250,leve,FIXO,12,VE_ROTA_VE_CORREDOR_02,policia,501.40,125.60,6,8.93,282.43
250,leve,FIXO,12,VE_ROTA_VE_CORREDOR_03,ambulancia,457.90,119.50,5,9.78,238.86
250,leve,FIXO,12,VE_ROTA_VE_CORREDOR_04,bombeiro,497.20,90.30,5,9.00,278.32
251,leve,PREEMPCAO,12,VE_ROTA_VE_CORREDOR_00,ambulancia,285.30,2.30,1,15.69,66.28
251,leve,PREEMPCAO,12,VE_ROTA_VE_CORREDOR_01,bombeiro,274.60,0.00,0,16.30,55.76
251,leve,PREEMPCAO,12,VE_ROTA_VE_CORREDOR_02,policia,310.90,0.00,0,14.40,91.91
251,leve,PREEMPCAO,12,VE_ROTA_VE_CORREDOR_03,ambulancia,311.10,0.70,1,14.39,92.04
251,leve,PREEMPCAO,12,VE_ROTA_VE_CORREDOR_04,bombeiro,317.20,0.20,1,14.11,98.27
251,leve,PREEMPCAO,12,VE_ROTA_VE_CORREDOR_05,policia,266.40,0.00,0,16.81,47.41
252,leve,PREEMPCAO_COMPENSADA,12,VE_ROTA_VE_CORREDOR_00,ambulancia,284.90,2.30,1,15.72,65.95
252,leve,PREEMPCAO_COMPENSADA,12,VE_ROTA_VE_CORREDOR_01,bombeiro,266.90,0.00,0,16.77,47.99
252,leve,PREEMPCAO_COMPENSADA,12,VE_ROTA_VE_CORREDOR_02,policia,234.60,0.00,0,19.09,15.63
252,leve,PREEMPCAO_COMPENSADA,12,VE_ROTA_VE_CORREDOR_03,ambulancia,269.00,0.00,0,16.64,49.99
252,leve,PREEMPCAO_COMPENSADA,12,VE_ROTA_VE_CORREDOR_04,bombeiro,291.40,0.00,0,15.36,72.41
252,leve,PREEMPCAO_COMPENSADA,12,VE_ROTA_VE_CORREDOR_05,policia,244.50,0.00,0,18.31,25.45
253,moderado,FIXO,12,VE_ROTA_VE_CORREDOR_00,ambulancia,516.80,138.00,6,8.66,297.78
253,moderado,FIXO,12,VE_ROTA_VE_CORREDOR_01,bombeiro,483.30,67.40,5,9.26,264.36
253,moderado,FIXO,12,VE_ROTA_VE_CORREDOR_02,policia,518.20,86.10,7,8.64,299.22
253,moderado,FIXO,12,VE_ROTA_VE_CORREDOR_03,ambulancia,470.20,76.70,5,9.52,251.12
253,moderado,FIXO,12,VE_ROTA_VE_CORREDOR_04,bombeiro,495.00,111.80,6,9.04,276.08
254,moderado,PREEMPCAO,12,VE_ROTA_VE_CORREDOR_00,ambulancia,322.90,0.00,0,13.87,103.91
254,moderado,PREEMPCAO,12,VE_ROTA_VE_CORREDOR_01,bombeiro,326.20,0.00,0,13.72,107.28
254,moderado,PREEMPCAO,12,VE_ROTA_VE_CORREDOR_02,policia,279.10,0.00,0,16.04,60.12
254,moderado,PREEMPCAO,12,VE_ROTA_VE_CORREDOR_03,ambulancia,317.90,0.00,0,14.08,98.88
254,moderado,PREEMPCAO,12,VE_ROTA_VE_CORREDOR_04,bombeiro,315.50,0.20,1,14.18,96.65
254,moderado,PREEMPCAO,12,VE_ROTA_VE_CORREDOR_05,policia,288.30,0.00,0,15.53,69.30
255,moderado,PREEMPCAO_COMPENSADA,12,VE_ROTA_VE_CORREDOR_00,ambulancia,322.30,0.00,0,13.89,103.26
255,moderado,PREEMPCAO_COMPENSADA,12,VE_ROTA_VE_CORREDOR_01,bombeiro,334.80,0.00,0,13.37,115.98
255,moderado,PREEMPCAO_COMPENSADA,12,VE_ROTA_VE_CORREDOR_02,policia,315.70,0.00,0,14.18,96.73
255,moderado,PREEMPCAO_COMPENSADA,12,VE_ROTA_VE_CORREDOR_03,ambulancia,284.40,0.00,0,15.74,65.36
255,moderado,PREEMPCAO_COMPENSADA,12,VE_ROTA_VE_CORREDOR_04,bombeiro,259.70,0.00,0,17.23,40.78
256,intenso,FIXO,12,VE_ROTA_VE_CORREDOR_00,ambulancia,531.40,79.30,6,8.43,312.41
256,intenso,FIXO,12,VE_ROTA_VE_CORREDOR_01,bombeiro,491.00,38.40,5,9.11,272.03
256,intenso,FIXO,12,VE_ROTA_VE_CORREDOR_02,policia,588.70,109.80,8,7.61,369.67
256,intenso,FIXO,12,VE_ROTA_VE_CORREDOR_03,ambulancia,545.80,73.80,7,8.20,326.78
256,intenso,FIXO,12,VE_ROTA_VE_CORREDOR_04,bombeiro,503.40,44.90,5,8.89,284.55
257,intenso,PREEMPCAO,12,VE_ROTA_VE_CORREDOR_00,ambulancia,441.00,2.00,1,10.15,221.96
257,intenso,PREEMPCAO,12,VE_ROTA_VE_CORREDOR_01,bombeiro,409.70,1.30,1,10.92,190.79
257,intenso,PREEMPCAO,12,VE_ROTA_VE_CORREDOR_02,policia,345.90,0.00,0,12.95,126.81
257,intenso,PREEMPCAO,12,VE_ROTA_VE_CORREDOR_03,ambulancia,349.60,0.00,0,12.81,130.62
257,intenso,PREEMPCAO,12,VE_ROTA_VE_CORREDOR_04,bombeiro,384.80,0.00,0,11.63,165.97
258,intenso,PREEMPCAO_COMPENSADA,12,VE_ROTA_VE_CORREDOR_00,ambulancia,437.00,2.00,1,10.25,217.99
258,intenso,PREEMPCAO_COMPENSADA,12,VE_ROTA_VE_CORREDOR_01,bombeiro,413.00,0.00,0,10.84,194.11
258,intenso,PREEMPCAO_COMPENSADA,12,VE_ROTA_VE_CORREDOR_02,policia,334.90,0.00,0,13.37,115.91
258,intenso,PREEMPCAO_COMPENSADA,12,VE_ROTA_VE_CORREDOR_03,ambulancia,410.60,14.10,1,10.90,191.63
258,intenso,PREEMPCAO_COMPENSADA,12,VE_ROTA_VE_CORREDOR_04,bombeiro,407.50,0.00,0,10.98,188.57
259,multiplas_emergencias,FIXO,12,VE_ROTA_VE_TRANSVERSAL_00,ambulancia,234.60,20.70,3,10.63,96.09
259,multiplas_emergencias,FIXO,12,VE_ROTA_VE_CORREDOR_00,ambulancia,516.70,138.00,6,8.67,297.63
259,multiplas_emergencias,FIXO,12,VE_ROTA_VE_TRANSVERSAL_01,bombeiro,255.60,20.90,2,9.75,117.17
259,multiplas_emergencias,FIXO,12,VE_ROTA_VE_CORREDOR_01,bombeiro,482.50,77.30,5,9.28,263.62
259,multiplas_emergencias,FIXO,12,VE_ROTA_VE_TRANSVERSAL_02,policia,284.70,60.50,4,8.76,146.11
259,multiplas_emergencias,FIXO,12,VE_ROTA_VE_CORREDOR_02,policia,518.10,86.00,7,8.64,299.12
259,multiplas_emergencias,FIXO,12,VE_ROTA_VE_TRANSVERSAL_03,ambulancia,244.30,32.40,3,10.21,105.75
259,multiplas_emergencias,FIXO,12,VE_ROTA_VE_CORREDOR_03,ambulancia,470.10,76.70,5,9.52,251.15
259,multiplas_emergencias,FIXO,12,VE_ROTA_VE_TRANSVERSAL_04,bombeiro,274.80,28.70,4,9.07,136.40
259,multiplas_emergencias,FIXO,12,VE_ROTA_VE_CORREDOR_04,bombeiro,495.00,112.00,6,9.04,276.08
259,multiplas_emergencias,FIXO,12,VE_ROTA_VE_TRANSVERSAL_05,policia,245.10,10.90,3,10.18,106.48
260,multiplas_emergencias,PREEMPCAO,12,VE_ROTA_VE_TRANSVERSAL_00,ambulancia,180.10,6.40,1,13.85,41.51
260,multiplas_emergencias,PREEMPCAO,12,VE_ROTA_VE_CORREDOR_00,ambulancia,322.50,4.20,1,13.88,103.44
260,multiplas_emergencias,PREEMPCAO,12,VE_ROTA_VE_TRANSVERSAL_01,bombeiro,192.00,8.90,1,12.98,53.60
260,multiplas_emergencias,PREEMPCAO,12,VE_ROTA_VE_CORREDOR_01,bombeiro,316.70,2.10,1,14.13,97.81
260,multiplas_emergencias,PREEMPCAO,12,VE_ROTA_VE_TRANSVERSAL_02,policia,198.20,2.60,1,12.58,59.66
260,multiplas_emergencias,PREEMPCAO,12,VE_ROTA_VE_CORREDOR_02,policia,279.80,0.00,0,16.00,60.70
260,multiplas_emergencias,PREEMPCAO,12,VE_ROTA_VE_TRANSVERSAL_03,ambulancia,152.30,0.00,0,16.37,13.78
260,multiplas_emergencias,PREEMPCAO,12,VE_ROTA_VE_CORREDOR_03,ambulancia,283.80,0.00,0,15.78,64.77
260,multiplas_emergencias,PREEMPCAO,12,VE_ROTA_VE_TRANSVERSAL_04,bombeiro,220.40,0.00,0,11.31,81.94
260,multiplas_emergencias,PREEMPCAO,12,VE_ROTA_VE_CORREDOR_04,bombeiro,303.80,0.00,0,14.73,84.93
260,multiplas_emergencias,PREEMPCAO,12,VE_ROTA_VE_TRANSVERSAL_05,policia,171.00,0.00,0,14.59,32.45
261,multiplas_emergencias,PREEMPCAO_COMPENSADA,12,VE_ROTA_VE_TRANSVERSAL_00,ambulancia,180.10,6.40,1,13.85,41.52
261,multiplas_emergencias,PREEMPCAO_COMPENSADA,12,VE_ROTA_VE_CORREDOR_00,ambulancia,313.30,0.00,0,14.29,94.33
261,multiplas_emergencias,PREEMPCAO_COMPENSADA,12,VE_ROTA_VE_TRANSVERSAL_01,bombeiro,181.10,6.20,1,13.76,42.68
261,multiplas_emergencias,PREEMPCAO_COMPENSADA,12,VE_ROTA_VE_CORREDOR_01,bombeiro,315.60,0.00,0,14.18,96.69
261,multiplas_emergencias,PREEMPCAO_COMPENSADA,12,VE_ROTA_VE_TRANSVERSAL_02,policia,201.10,0.00,0,12.40,62.53
261,multiplas_emergencias,PREEMPCAO_COMPENSADA,12,VE_ROTA_VE_CORREDOR_02,policia,323.80,5.50,1,13.83,104.80
261,multiplas_emergencias,PREEMPCAO_COMPENSADA,12,VE_ROTA_VE_TRANSVERSAL_03,ambulancia,159.00,0.40,1,15.68,20.45
261,multiplas_emergencias,PREEMPCAO_COMPENSADA,12,VE_ROTA_VE_CORREDOR_03,ambulancia,287.10,0.00,0,15.59,68.08
261,multiplas_emergencias,PREEMPCAO_COMPENSADA,12,VE_ROTA_VE_TRANSVERSAL_04,bombeiro,227.80,0.00,0,10.94,89.40
261,multiplas_emergencias,PREEMPCAO_COMPENSADA,12,VE_ROTA_VE_CORREDOR_04,bombeiro,286.50,0.00,0,15.62,67.60
261,multiplas_emergencias,PREEMPCAO_COMPENSADA,12,VE_ROTA_VE_TRANSVERSAL_05,policia,179.30,0.00,0,13.91,40.72
262,multiplas_emergencias,PREEMPCAO_ML,12,VE_ROTA_VE_TRANSVERSAL_00,ambulancia,180.10,6.40,1,13.85,41.55
262,multiplas_emergencias,PREEMPCAO_ML,12,VE_ROTA_VE_CORREDOR_00,ambulancia,322.60,4.40,1,13.88,103.63
262,multiplas_emergencias,PREEMPCAO_ML,12,VE_ROTA_VE_TRANSVERSAL_01,bombeiro,192.30,0.00,0,12.96,53.90
262,multiplas_emergencias,PREEMPCAO_ML,12,VE_ROTA_VE_CORREDOR_01,bombeiro,321.40,2.30,1,13.92,102.54
262,multiplas_emergencias,PREEMPCAO_ML,12,VE_ROTA_VE_TRANSVERSAL_02,policia,201.90,1.10,1,12.35,63.31
262,multiplas_emergencias,PREEMPCAO_ML,12,VE_ROTA_VE_CORREDOR_02,policia,280.20,0.00,0,15.98,61.17
262,multiplas_emergencias,PREEMPCAO_ML,12,VE_ROTA_VE_TRANSVERSAL_03,ambulancia,154.80,0.00,0,16.11,16.27
262,multiplas_emergencias,PREEMPCAO_ML,12,VE_ROTA_VE_CORREDOR_03,ambulancia,280.80,0.00,0,15.94,61.85
262,multiplas_emergencias,PREEMPCAO_ML,12,VE_ROTA_VE_TRANSVERSAL_04,bombeiro,217.10,1.90,1,11.48,78.73
262,multiplas_emergencias,PREEMPCAO_ML,12,VE_ROTA_VE_CORREDOR_04,bombeiro,300.70,0.00,0,14.88,81.83
262,multiplas_emergencias,PREEMPCAO_ML,12,VE_ROTA_VE_TRANSVERSAL_05,policia,198.60,12.20,2,12.56,60.02
263,leve,FIXO,13,VE_ROTA_VE_CORREDOR_00,ambulancia,439.90,102.90,6,10.18,220.87
263,leve,FIXO,13,VE_ROTA_VE_CORREDOR_01,bombeiro,329.90,65.00,4,13.57,110.96
263,leve,FIXO,13,VE_ROTA_VE_CORREDOR_02,policia,440.20,135.90,5,10.17,221.17
263,leve,FIXO,13,VE_ROTA_VE_CORREDOR_03,ambulancia,464.70,104.80,6,9.63,245.63
263,leve,FIXO,13,VE_ROTA_VE_CORREDOR_04,bombeiro,423.60,79.40,5,10.56,204.70
264,leve,PREEMPCAO,13,VE_ROTA_VE_CORREDOR_00,ambulancia,276.80,2.30,1,16.18,57.80
264,leve,PREEMPCAO,13,VE_ROTA_VE_CORREDOR_01,bombeiro,232.90,0.00,0,19.22,13.96
264,leve,PREEMPCAO,13,VE_ROTA_VE_CORREDOR_02,policia,265.10,0.00,0,16.89,46.13
264,leve,PREEMPCAO,13,VE_ROTA_VE_CORREDOR_03,ambulancia,241.00,0.10,1,18.58,22.01
264,leve,PREEMPCAO,13,VE_ROTA_VE_CORREDOR_04,bombeiro,224.80,0.00,0,19.91,5.91
264,leve,PREEMPCAO,13,VE_ROTA_VE_CORREDOR_05,policia,260.20,0.00,0,17.21,41.19
265,leve,PREEMPCAO_COMPENSADA,13,VE_ROTA_VE_CORREDOR_00,ambulancia,276.80,2.30,1,16.18,57.82
265,leve,PREEMPCAO_COMPENSADA,13,VE_ROTA_VE_CORREDOR_01,bombeiro,238.80,0.00,0,18.74,19.88
265,leve,PREEMPCAO_COMPENSADA,13,VE_ROTA_VE_CORREDOR_02,policia,282.90,0.00,0,15.83,63.85
265,leve,PREEMPCAO_COMPENSADA,13,VE_ROTA_VE_CORREDOR_03,ambulancia,222.40,0.00,0,20.13,3.32
265,leve,PREEMPCAO_COMPENSADA,13,VE_ROTA_VE_CORREDOR_04,bombeiro,267.60,0.00,0,16.72,48.69
265,leve,PREEMPCAO_COMPENSADA,13,VE_ROTA_VE_CORREDOR_05,policia,254.10,0.00,0,17.62,35.13
266,moderado,FIXO,13,VE_ROTA_VE_CORREDOR_00,ambulancia,597.30,146.00,8,7.50,378.32
266,moderado,FIXO,13,VE_ROTA_VE_CORREDOR_01,bombeiro,486.20,95.90,5,9.20,267.29
266,moderado,FIXO,13,VE_ROTA_VE_CORREDOR_02,policia,509.70,99.80,6,8.79,290.63
266,moderado,FIXO,13,VE_ROTA_VE_CORREDOR_03,ambulancia,466.20,97.20,5,9.60,247.19
266,moderado,FIXO,13,VE_ROTA_VE_CORREDOR_04,bombeiro,500.90,95.80,6,8.93,281.92
267,moderado,PREEMPCAO,13,VE_ROTA_VE_CORREDOR_00,ambulancia,323.00,0.00,0,13.86,104.00
267,moderado,PREEMPCAO,13,VE_ROTA_VE_CORREDOR_01,bombeiro,273.20,0.00,0,16.38,54.33
267,moderado,PREEMPCAO,13,VE_ROTA_VE_CORREDOR_02,policia,297.40,0.00,0,15.06,78.40
267,moderado,PREEMPCAO,13,VE_ROTA_VE_CORREDOR_03,ambulancia,279.70,0.00,0,16.01,60.75
267,moderado,PREEMPCAO,13,VE_ROTA_VE_CORREDOR_04,bombeiro,283.30,0.00,0,15.80,64.39
267,moderado,PREEMPCAO,13,VE_ROTA_VE_CORREDOR_05,policia,285.70,0.00,0,15.67,66.59
268,moderado,PREEMPCAO_COMPENSADA,13,VE_ROTA_VE_CORREDOR_00,ambulancia,322.80,0.00,0,13.87,103.77
268,moderado,PREEMPCAO_COMPENSADA,13,VE_ROTA_VE_CORREDOR_01,bombeiro,289.30,0.00,0,15.47,70.33
268,moderado,PREEMPCAO_COMPENSADA,13,VE_ROTA_VE_CORREDOR_02,policia,322.70,1.70,1,13.88,103.68
268,moderado,PREEMPCAO_COMPENSADA,13,VE_ROTA_VE_CORREDOR_03,ambulancia,320.00,0.00,0,13.99,100.98
268,moderado,PREEMPCAO_COMPENSADA,13,VE_ROTA_VE_CORREDOR_04,bombeiro,273.30,0.00,0,16.37,54.38
268,moderado,PREEMPCAO_COMPENSADA,13,VE_ROTA_VE_CORREDOR_05,policia,257.40,0.00,0,17.40,38.42
269,intenso,FIXO,13,VE_ROTA_VE_CORREDOR_00,ambulancia,601.90,136.30,8,7.44,382.98
269,intenso,FIXO,13,VE_ROTA_VE_CORREDOR_01,bombeiro,557.00,79.50,7,8.03,338.15
269,intenso,FIXO,13,VE_ROTA_VE_CORREDOR_02,policia,586.40,92.20,8,7.64,367.38
269,intenso,FIXO,13,VE_ROTA_VE_CORREDOR_03,ambulancia,557.50,117.70,4,8.03,338.52
269,intenso,FIXO,13,VE_ROTA_VE_CORREDOR_04,bombeiro,509.60,54.00,5,8.78,290.74
270,intenso,PREEMPCAO,13,VE_ROTA_VE_CORREDOR_00,ambulancia,448.20,0.00,0,9.99,229.18
270,intenso,PREEMPCAO,13,VE_ROTA_VE_CORREDOR_01,bombeiro,368.30,0.00,0,12.15,149.44
270,intenso,PREEMPCAO,13,VE_ROTA_VE_CORREDOR_02,policia,386.40,0.00,0,11.59,167.41
270,intenso,PREEMPCAO,13,VE_ROTA_VE_CORREDOR_03,ambulancia,365.70,0.00,0,12.24,146.75
270,intenso,PREEMPCAO,13,VE_ROTA_VE_CORREDOR_04,bombeiro,381.50,0.00,0,11.73,162.53
271,intenso,PREEMPCAO_COMPENSADA,13,VE_ROTA_VE_CORREDOR_00,ambulancia,437.60,0.00,0,10.23,218.59
271,intenso,PREEMPCAO_COMPENSADA,13,VE_ROTA_VE_CORREDOR_01,bombeiro,377.30,0.00,0,11.86,158.48
271,intenso,PREEMPCAO_COMPENSADA,13,VE_ROTA_VE_CORREDOR_02,policia,380.50,0.00,0,11.77,161.47
271,intenso,PREEMPCAO_COMPENSADA,13,VE_ROTA_VE_CORREDOR_03,ambulancia,389.60,2.60,1,11.49,170.56
271,intenso,PREEMPCAO_COMPENSADA,13,VE_ROTA_VE_CORREDOR_04,bombeiro,387.40,2.30,1,11.55,168.45
272,multiplas_emergencias,FIXO,13,VE_ROTA_VE_TRANSVERSAL_00,ambulancia,294.50,82.50,4,8.47,155.98
272,multiplas_emergencias,FIXO,13,VE_ROTA_VE_CORREDOR_00,ambulancia,597.30,144.00,8,7.50,378.31
272,multiplas_emergencias,FIXO,13,VE_ROTA_VE_TRANSVERSAL_01,bombeiro,254.00,18.50,1,9.81,115.57
272,multiplas_emergencias,FIXO,13,VE_ROTA_VE_CORREDOR_01,bombeiro,486.70,96.20,5,9.20,267.75
272,multiplas_emergencias,FIXO,13,VE_ROTA_VE_TRANSVERSAL_02,policia,289.60,39.60,4,8.61,151.01
272,multiplas_emergencias,FIXO,13,VE_ROTA_VE_CORREDOR_02,policia,513.50,94.60,6,8.72,294.48
272,multiplas_emergencias,FIXO,13,VE_ROTA_VE_TRANSVERSAL_03,ambulancia,245.90,17.00,2,10.14,107.36
272,multiplas_emergencias,FIXO,13,VE_ROTA_VE_CORREDOR_03,ambulancia,465.30,99.50,5,9.62,246.29
272,multiplas_emergencias,FIXO,13,VE_ROTA_VE_TRANSVERSAL_04,bombeiro,276.70,77.30,4,9.00,138.35
272,multiplas_emergencias,FIXO,13,VE_ROTA_VE_CORREDOR_04,bombeiro,500.40,98.50,6,8.94,281.42
272,multiplas_emergencias,FIXO,13,VE_ROTA_VE_TRANSVERSAL_05,policia,248.60,5.70,1,10.03,110.00
273,multiplas_emergencias,PREEMPCAO,13,VE_ROTA_VE_TRANSVERSAL_00,ambulancia,205.20,0.00,0,12.15,66.65
273,multiplas_emergencias,PREEMPCAO,13,VE_ROTA_VE_CORREDOR_00,ambulancia,358.60,6.50,1,12.49,139.58
273,multiplas_emergencias,PREEMPCAO,13,VE_ROTA_VE_TRANSVERSAL_01,bombeiro,187.90,0.00,0,13.26,49.50
273,multiplas_emergencias,PREEMPCAO,13,VE_ROTA_VE_CORREDOR_01,bombeiro,285.30,0.00,0,15.69,66.40
273,multiplas_emergencias,PREEMPCAO,13,VE_ROTA_VE_TRANSVERSAL_02,policia,195.70,0.00,0,12.74,57.11
273,multiplas_emergencias,PREEMPCAO,13,VE_ROTA_VE_CORREDOR_02,policia,328.90,0.00,0,13.61,109.84
273,multiplas_emergencias,PREEMPCAO,13,VE_ROTA_VE_TRANSVERSAL_03,ambulancia,196.20,7.50,1,12.71,57.63
273,multiplas_emergencias,PREEMPCAO,13,VE_ROTA_VE_CORREDOR_03,ambulancia,336.00,0.00,0,13.33,117.03
273,multiplas_emergencias,PREEMPCAO,13,VE_ROTA_VE_TRANSVERSAL_04,bombeiro,166.40,0.00,0,14.97,28.04
273,multiplas_emergencias,PREEMPCAO,13,VE_ROTA_VE_CORREDOR_04,bombeiro,278.10,0.00,0,16.09,59.21
273,multiplas_emergencias,PREEMPCAO,13,VE_ROTA_VE_TRANSVERSAL_05,policia,184.00,0.00,0,13.56,45.42
273,multiplas_emergencias,PREEMPCAO,13,VE_ROTA_VE_CORREDOR_05,policia,298.50,0.00,0,15.00,79.41
274,multiplas_emergencias,PREEMPCAO_COMPENSADA,13,VE_ROTA_VE_TRANSVERSAL_00,ambulancia,205.20,0.00,0,12.15,66.65
274,multiplas_emergencias,PREEMPCAO_COMPENSADA,13,VE_ROTA_VE_CORREDOR_00,ambulancia,349.20,6.50,1,12.82,130.18
274,multiplas_emergencias,PREEMPCAO_COMPENSADA,13,VE_ROTA_VE_TRANSVERSAL_01,bombeiro,214.50,10.00,1,11.62,76.10
274,multiplas_emergencias,PREEMPCAO_COMPENSADA,13,VE_ROTA_VE_CORREDOR_01,bombeiro,288.50,0.00,0,15.51,69.57
274,multiplas_emergencias,PREEMPCAO_COMPENSADA,13,VE_ROTA_VE_TRANSVERSAL_02,policia,189.50,0.00,0,13.16,50.98
274,multiplas_emergencias,PREEMPCAO_COMPENSADA,13,VE_ROTA_VE_CORREDOR_02,policia,265.60,3.10,1,16.86,46.63
274,multiplas_emergencias,PREEMPCAO_COMPENSADA,13,VE_ROTA_VE_TRANSVERSAL_03,ambulancia,209.80,1.60,1,11.89,71.30
274,multiplas_emergencias,PREEMPCAO_COMPENSADA,13,VE_ROTA_VE_CORREDOR_03,ambulancia,269.80,0.00,0,16.59,50.79
274,multiplas_emergencias,PREEMPCAO_COMPENSADA,13,VE_ROTA_VE_TRANSVERSAL_04,bombeiro,181.30,0.00,0,13.74,42.95
274,multiplas_emergencias,PREEMPCAO_COMPENSADA,13,VE_ROTA_VE_CORREDOR_04,bombeiro,290.90,0.00,0,15.38,71.96
274,multiplas_emergencias,PREEMPCAO_COMPENSADA,13,VE_ROTA_VE_TRANSVERSAL_05,policia,174.80,0.00,0,14.27,36.28
275,multiplas_emergencias,PREEMPCAO_ML,13,VE_ROTA_VE_TRANSVERSAL_00,ambulancia,212.70,12.30,1,11.72,74.15
275,multiplas_emergencias,PREEMPCAO_ML,13,VE_ROTA_VE_CORREDOR_00,ambulancia,328.00,0.50,1,13.65,108.97
275,multiplas_emergencias,PREEMPCAO_ML,13,VE_ROTA_VE_TRANSVERSAL_01,bombeiro,197.40,0.60,1,12.62,59.02
275,multiplas_emergencias,PREEMPCAO_ML,13,VE_ROTA_VE_CORREDOR_01,bombeiro,274.30,0.00,0,16.32,55.45
275,multiplas_emergencias,PREEMPCAO_ML,13,VE_ROTA_VE_TRANSVERSAL_02,policia,213.10,0.60,1,11.70,74.58
275,multiplas_emergencias,PREEMPCAO_ML,13,VE_ROTA_VE_CORREDOR_02,policia,309.70,0.00,0,14.46,90.62
275,multiplas_emergencias,PREEMPCAO_ML,13,VE_ROTA_VE_TRANSVERSAL_03,ambulancia,169.60,0.00,0,14.70,31.10
275,multiplas_emergencias,PREEMPCAO_ML,13,VE_ROTA_VE_CORREDOR_03,ambulancia,341.70,5.40,1,13.10,122.69
275,multiplas_emergencias,PREEMPCAO_ML,13,VE_ROTA_VE_TRANSVERSAL_04,bombeiro,173.40,8.10,1,14.37,35.06
275,multiplas_emergencias,PREEMPCAO_ML,13,VE_ROTA_VE_CORREDOR_04,bombeiro,278.90,0.00,0,16.05,59.93
275,multiplas_emergencias,PREEMPCAO_ML,13,VE_ROTA_VE_TRANSVERSAL_05,policia,181.60,8.20,1,13.73,43.08
275,multiplas_emergencias,PREEMPCAO_ML,13,VE_ROTA_VE_CORREDOR_05,policia,252.00,0.00,0,17.77,33.00
276,leve,FIXO,14,VE_ROTA_VE_CORREDOR_00,ambulancia,441.90,91.80,5,10.13,222.87
276,leve,FIXO,14,VE_ROTA_VE_CORREDOR_01,bombeiro,467.90,138.70,5,9.56,248.95
276,leve,FIXO,14,VE_ROTA_VE_CORREDOR_02,policia,495.80,160.20,7,9.03,276.88
276,leve,FIXO,14,VE_ROTA_VE_CORREDOR_03,ambulancia,463.70,89.30,5,9.66,244.66
276,leve,FIXO,14,VE_ROTA_VE_CORREDOR_04,bombeiro,417.80,93.70,5,10.71,198.94
277,leve,PREEMPCAO,14,VE_ROTA_VE_CORREDOR_00,ambulancia,279.20,2.30,1,16.04,60.16
277,leve,PREEMPCAO,14,VE_ROTA_VE_CORREDOR_01,bombeiro,263.40,0.20,1,16.99,44.50
277,leve,PREEMPCAO,14,VE_ROTA_VE_CORREDOR_02,policia,273.40,0.00,0,16.38,54.36
277,leve,PREEMPCAO,14,VE_ROTA_VE_CORREDOR_03,ambulancia,239.40,0.00,0,18.70,20.38
277,leve,PREEMPCAO,14,VE_ROTA_VE_CORREDOR_04,bombeiro,268.60,3.90,1,16.66,49.71
277,leve,PREEMPCAO,14,VE_ROTA_VE_CORREDOR_05,policia,275.10,0.00,0,16.28,56.11
278,leve,PREEMPCAO_COMPENSADA,14,VE_ROTA_VE_CORREDOR_00,ambulancia,278.90,2.30,1,16.05,59.82
278,leve,PREEMPCAO_COMPENSADA,14,VE_ROTA_VE_CORREDOR_01,bombeiro,262.00,0.00,0,17.08,43.07
278,leve,PREEMPCAO_COMPENSADA,14,VE_ROTA_VE_CORREDOR_02,policia,277.70,1.50,1,16.12,58.70
278,leve,PREEMPCAO_COMPENSADA,14,VE_ROTA_VE_CORREDOR_03,ambulancia,250.90,1.80,1,17.84,31.90
278,leve,PREEMPCAO_COMPENSADA,14,VE_ROTA_VE_CORREDOR_04,bombeiro,258.50,4.50,1,17.31,39.59
278,leve,PREEMPCAO_COMPENSADA,14,VE_ROTA_VE_CORREDOR_05,policia,285.80,1.10,1,15.67,66.78
279,moderado,FIXO,14,VE_ROTA_VE_CORREDOR_00,ambulancia,514.20,101.30,6,8.71,295.22
279,moderado,FIXO,14,VE_ROTA_VE_CORREDOR_01,bombeiro,481.10,77.80,5,9.30,262.22
279,moderado,FIXO,14,VE_ROTA_VE_CORREDOR_02,policia,431.90,73.90,5,10.37,212.85
279,moderado,FIXO,14,VE_ROTA_VE_CORREDOR_03,ambulancia,476.40,66.00,7,9.40,257.42
279,moderado,FIXO,14,VE_ROTA_VE_CORREDOR_04,bombeiro,499.30,99.50,6,8.96,280.36
280,moderado,PREEMPCAO,14,VE_ROTA_VE_CORREDOR_00,ambulancia,392.60,0.00,0,11.40,173.56
280,moderado,PREEMPCAO,14,VE_ROTA_VE_CORREDOR_01,bombeiro,315.10,0.00,0,14.20,96.12
280,moderado,PREEMPCAO,14,VE_ROTA_VE_CORREDOR_02,policia,279.70,0.00,0,16.01,60.65
280,moderado,PREEMPCAO,14,VE_ROTA_VE_CORREDOR_03,ambulancia,303.80,0.00,0,14.74,84.85
280,moderado,PREEMPCAO,14,VE_ROTA_VE_CORREDOR_04,bombeiro,315.80,5.90,2,14.17,96.91
281,moderado,PREEMPCAO_COMPENSADA,14,VE_ROTA_VE_CORREDOR_00,ambulancia,392.50,0.00,0,11.41,173.55
281,moderado,PREEMPCAO_COMPENSADA,14,VE_ROTA_VE_CORREDOR_01,bombeiro,320.10,0.00,0,13.98,101.18
281,moderado,PREEMPCAO_COMPENSADA,14,VE_ROTA_VE_CORREDOR_02,policia,298.70,0.00,0,14.99,79.72
281,moderado,PREEMPCAO_COMPENSADA,14,VE_ROTA_VE_CORREDOR_03,ambulancia,280.60,0.00,0,15.96,61.58
281,moderado,PREEMPCAO_COMPENSADA,14,VE_ROTA_VE_CORREDOR_04,bombeiro,305.00,0.00,0,14.67,86.01
282,intenso,FIXO,14,VE_ROTA_VE_CORREDOR_00,ambulancia,607.60,144.00,5,7.37,388.66
282,intenso,FIXO,14,VE_ROTA_VE_CORREDOR_01,bombeiro,535.70,123.50,7,8.35,316.85
282,intenso,FIXO,14,VE_ROTA_VE_CORREDOR_02,policia,520.60,90.30,6,8.60,301.61
282,intenso,FIXO,14,VE_ROTA_VE_CORREDOR_03,ambulancia,479.10,17.90,4,9.35,260.03
282,intenso,FIXO,14,VE_ROTA_VE_CORREDOR_04,bombeiro,581.30,86.30,7,7.70,362.40
283,intenso,PREEMPCAO,14,VE_ROTA_VE_CORREDOR_00,ambulancia,433.80,0.00,0,10.32,214.90
283,intenso,PREEMPCAO,14,VE_ROTA_VE_CORREDOR_01,bombeiro,427.50,18.60,2,10.47,208.63
283,intenso,PREEMPCAO,14,VE_ROTA_VE_CORREDOR_02,policia,354.60,0.00,0,12.63,135.62
283,intenso,PREEMPCAO,14,VE_ROTA_VE_CORREDOR_03,ambulancia,366.00,0.00,0,12.23,147.02
283,intenso,PREEMPCAO,14,VE_ROTA_VE_CORREDOR_04,bombeiro,369.70,0.00,0,12.11,150.80
284,intenso,PREEMPCAO_COMPENSADA,14,VE_ROTA_VE_CORREDOR_00,ambulancia,433.90,0.00,0,10.32,214.89
284,intenso,PREEMPCAO_COMPENSADA,14,VE_ROTA_VE_CORREDOR_01,bombeiro,406.70,10.70,1,11.00,187.85
284,intenso,PREEMPCAO_COMPENSADA,14,VE_ROTA_VE_CORREDOR_02,policia,382.40,0.00,0,11.71,163.36
284,intenso,PREEMPCAO_COMPENSADA,14,VE_ROTA_VE_CORREDOR_03,ambulancia,426.60,0.00,0,10.50,207.61
284,intenso,PREEMPCAO_COMPENSADA,14,VE_ROTA_VE_CORREDOR_04,bombeiro,416.20,0.60,1,10.75,197.31
285,multiplas_emergencias,FIXO,14,VE_ROTA_VE_TRANSVERSAL_00,ambulancia,301.50,51.80,4,8.27,162.99
285,multiplas_emergencias,FIXO,14,VE_ROTA_VE_CORREDOR_00,ambulancia,514.20,101.30,6,8.71,295.11
285,multiplas_emergencias,FIXO,14,VE_ROTA_VE_TRANSVERSAL_01,bombeiro,257.40,13.30,1,9.68,118.95
285,multiplas_emergencias,FIXO,14,VE_ROTA_VE_CORREDOR_01,bombeiro,481.10,77.40,5,9.30,262.19
285,multiplas_emergencias,FIXO,14,VE_ROTA_VE_TRANSVERSAL_02,policia,289.30,60.40,4,8.62,150.71
285,multiplas_emergencias,FIXO,14,VE_ROTA_VE_CORREDOR_02,policia,431.90,74.10,5,10.37,212.89
285,multiplas_emergencias,FIXO,14,VE_ROTA_VE_TRANSVERSAL_03,ambulancia,249.00,21.90,3,10.01,110.42
285,multiplas_emergencias,FIXO,14,VE_ROTA_VE_CORREDOR_03,ambulancia,476.20,65.90,7,9.40,257.30
285,multiplas_emergencias,FIXO,14,VE_ROTA_VE_TRANSVERSAL_04,bombeiro,284.40,31.20,3,8.76,146.02
285,multiplas_emergencias,FIXO,14,VE_ROTA_VE_CORREDOR_04,bombeiro,499.30,99.40,6,8.96,280.35
285,multiplas_emergencias,FIXO,14,VE_ROTA_VE_TRANSVERSAL_05,policia,237.00,14.50,2,10.52,98.40
286,multiplas_emergencias,PREEMPCAO,14,VE_ROTA_VE_TRANSVERSAL_00,ambulancia,201.00,0.00,0,12.41,62.48
286,multiplas_emergencias,PREEMPCAO,14,VE_ROTA_VE_CORREDOR_00,ambulancia,387.70,0.00,0,11.55,168.73
286,multiplas_emergencias,PREEMPCAO,14,VE_ROTA_VE_TRANSVERSAL_01,bombeiro,225.00,11.00,1,11.07,86.64
286,multiplas_emergencias,PREEMPCAO,14,VE_ROTA_VE_CORREDOR_01,bombeiro,323.40,14.10,1,13.84,104.44
286,multiplas_emergencias,PREEMPCAO,14,VE_ROTA_VE_TRANSVERSAL_02,policia,190.90,6.20,3,13.07,52.29
286,multiplas_emergencias,PREEMPCAO,14,VE_ROTA_VE_CORREDOR_02,policia,319.30,14.70,2,14.02,100.37
286,multiplas_emergencias,PREEMPCAO,14,VE_ROTA_VE_TRANSVERSAL_03,ambulancia,173.90,9.60,2,14.34,35.32
286,multiplas_emergencias,PREEMPCAO,14,VE_ROTA_VE_CORREDOR_03,ambulancia,287.60,0.00,0,15.57,68.55
286,multiplas_emergencias,PREEMPCAO,14,VE_ROTA_VE_TRANSVERSAL_04,bombeiro,180.10,0.60,1,13.83,41.67
286,multiplas_emergencias,PREEMPCAO,14,VE_ROTA_VE_CORREDOR_04,bombeiro,309.20,2.20,2,14.47,90.30
286,multiplas_emergencias,PREEMPCAO,14,VE_ROTA_VE_TRANSVERSAL_05,policia,170.00,0.00,0,14.67,31.41
287,multiplas_emergencias,PREEMPCAO_COMPENSADA,14,VE_ROTA_VE_TRANSVERSAL_00,ambulancia,201.00,0.00,0,12.41,62.48
287,multiplas_emergencias,PREEMPCAO_COMPENSADA,14,VE_ROTA_VE_CORREDOR_00,ambulancia,374.00,0.00,0,11.97,155.01
287,multiplas_emergencias,PREEMPCAO_COMPENSADA,14,VE_ROTA_VE_TRANSVERSAL_01,bombeiro,187.00,0.00,0,13.32,48.64
287,multiplas_emergencias,PREEMPCAO_COMPENSADA,14,VE_ROTA_VE_CORREDOR_01,bombeiro,334.50,4.30,1,13.38,115.56
287,multiplas_emergencias,PREEMPCAO_COMPENSADA,14,VE_ROTA_VE_TRANSVERSAL_02,policia,236.00,12.20,2,10.57,97.46
287,multiplas_emergencias,PREEMPCAO_COMPENSADA,14,VE_ROTA_VE_CORREDOR_02,policia,312.90,2.80,1,14.31,93.83
287,multiplas_emergencias,PREEMPCAO_COMPENSADA,14,VE_ROTA_VE_TRANSVERSAL_03,ambulancia,203.80,6.30,1,12.24,65.28
287,multiplas_emergencias,PREEMPCAO_COMPENSADA,14,VE_ROTA_VE_CORREDOR_03,ambulancia,281.60,0.00,0,15.90,62.63
287,multiplas_emergencias,PREEMPCAO_COMPENSADA,14,VE_ROTA_VE_TRANSVERSAL_04,bombeiro,182.80,0.60,1,13.63,44.43
287,multiplas_emergencias,PREEMPCAO_COMPENSADA,14,VE_ROTA_VE_CORREDOR_04,bombeiro,319.90,0.00,0,13.99,100.91
287,multiplas_emergencias,PREEMPCAO_COMPENSADA,14,VE_ROTA_VE_TRANSVERSAL_05,policia,179.80,0.00,0,13.87,41.23
288,multiplas_emergencias,PREEMPCAO_ML,14,VE_ROTA_VE_TRANSVERSAL_00,ambulancia,265.50,23.70,2,9.39,126.94
288,multiplas_emergencias,PREEMPCAO_ML,14,VE_ROTA_VE_CORREDOR_00,ambulancia,390.10,0.00,0,11.48,171.09
288,multiplas_emergencias,PREEMPCAO_ML,14,VE_ROTA_VE_TRANSVERSAL_01,bombeiro,225.10,9.00,2,11.07,86.75
288,multiplas_emergencias,PREEMPCAO_ML,14,VE_ROTA_VE_CORREDOR_01,bombeiro,284.40,0.00,0,15.74,65.50
288,multiplas_emergencias,PREEMPCAO_ML,14,VE_ROTA_VE_TRANSVERSAL_02,policia,196.60,2.70,1,12.69,58.07
288,multiplas_emergencias,PREEMPCAO_ML,14,VE_ROTA_VE_CORREDOR_02,policia,284.50,0.00,0,15.74,65.51
288,multiplas_emergencias,PREEMPCAO_ML,14,VE_ROTA_VE_TRANSVERSAL_03,ambulancia,194.00,0.00,0,12.85,55.48
288,multiplas_emergencias,PREEMPCAO_ML,14,VE_ROTA_VE_CORREDOR_03,ambulancia,289.30,0.00,0,15.48,70.32
288,multiplas_emergencias,PREEMPCAO_ML,14,VE_ROTA_VE_TRANSVERSAL_04,bombeiro,203.70,6.10,1,12.23,65.29
288,multiplas_emergencias,PREEMPCAO_ML,14,VE_ROTA_VE_CORREDOR_04,bombeiro,309.80,2.40,2,14.45,90.92
288,multiplas_emergencias,PREEMPCAO_ML,14,VE_ROTA_VE_TRANSVERSAL_05,policia,162.70,0.00,0,15.33,24.16
289,leve,FIXO,15,VE_ROTA_VE_CORREDOR_00,ambulancia,516.70,136.10,7,8.67,297.73
289,leve,FIXO,15,VE_ROTA_VE_CORREDOR_01,bombeiro,471.90,104.80,5,9.48,252.99
289,leve,FIXO,15,VE_ROTA_VE_CORREDOR_02,policia,425.90,110.50,6,10.51,206.89
289,leve,FIXO,15,VE_ROTA_VE_CORREDOR_03,ambulancia,459.80,98.50,5,9.74,240.81
289,leve,FIXO,15,VE_ROTA_VE_CORREDOR_04,bombeiro,415.80,102.20,5,10.76,196.93
290,leve,PREEMPCAO,15,VE_ROTA_VE_CORREDOR_00,ambulancia,255.20,0.00,0,17.54,36.20
290,leve,PREEMPCAO,15,VE_ROTA_VE_CORREDOR_01,bombeiro,272.70,0.00,0,16.41,53.77
290,leve,PREEMPCAO,15,VE_ROTA_VE_CORREDOR_02,policia,228.70,0.10,1,19.58,9.59
290,leve,PREEMPCAO,15,VE_ROTA_VE_CORREDOR_03,ambulancia,272.70,0.00,0,16.42,53.70
290,leve,PREEMPCAO,15,VE_ROTA_VE_CORREDOR_04,bombeiro,245.20,0.00,0,18.25,26.32
290,leve,PREEMPCAO,15,VE_ROTA_VE_CORREDOR_05,policia,257.80,0.00,0,17.37,38.82
291,leve,PREEMPCAO_COMPENSADA,15,VE_ROTA_VE_CORREDOR_00,ambulancia,257.70,0.00,0,17.37,38.80
291,leve,PREEMPCAO_COMPENSADA,15,VE_ROTA_VE_CORREDOR_01,bombeiro,255.40,0.00,0,17.52,36.54
291,leve,PREEMPCAO_COMPENSADA,15,VE_ROTA_VE_CORREDOR_02,policia,240.40,8.70,2,18.63,21.43
291,leve,PREEMPCAO_COMPENSADA,15,VE_ROTA_VE_CORREDOR_03,ambulancia,280.50,0.00,0,15.96,61.47
291,leve,PREEMPCAO_COMPENSADA,15,VE_ROTA_VE_CORREDOR_04,bombeiro,266.80,0.00,0,16.77,47.91
291,leve,PREEMPCAO_COMPENSADA,15,VE_ROTA_VE_CORREDOR_05,policia,299.00,2.10,2,14.98,79.96
292,moderado,FIXO,15,VE_ROTA_VE_CORREDOR_00,ambulancia,529.80,107.00,6,8.45,310.79
292,moderado,FIXO,15,VE_ROTA_VE_CORREDOR_01,bombeiro,482.40,77.10,5,9.28,263.40
292,moderado,FIXO,15,VE_ROTA_VE_CORREDOR_02,policia,432.50,82.10,5,10.35,213.42
292,moderado,FIXO,15,VE_ROTA_VE_CORREDOR_03,ambulancia,466.90,87.40,5,9.59,247.92
292,moderado,FIXO,15,VE_ROTA_VE_CORREDOR_04,bombeiro,487.90,140.00,6,9.17,268.96
293,moderado,PREEMPCAO,15,VE_ROTA_VE_CORREDOR_00,ambulancia,319.30,0.00,0,14.02,100.25
293,moderado,PREEMPCAO,15,VE_ROTA_VE_CORREDOR_01,bombeiro,338.90,0.00,0,13.21,120.07
293,moderado,PREEMPCAO,15,VE_ROTA_VE_CORREDOR_02,policia,307.10,0.00,0,14.58,88.04
293,moderado,PREEMPCAO,15,VE_ROTA_VE_CORREDOR_03,ambulancia,307.10,0.00,0,14.58,88.18
293,moderado,PREEMPCAO,15,VE_ROTA_VE_CORREDOR_04,bombeiro,269.30,0.00,0,16.62,50.40
294,moderado,PREEMPCAO_COMPENSADA,15,VE_ROTA_VE_CORREDOR_00,ambulancia,319.30,0.00,0,14.02,100.25
294,moderado,PREEMPCAO_COMPENSADA,15,VE_ROTA_VE_CORREDOR_01,bombeiro,296.00,0.00,0,15.12,77.10
294,moderado,PREEMPCAO_COMPENSADA,15,VE_ROTA_VE_CORREDOR_02,policia,337.90,0.00,0,13.25,118.92
294,moderado,PREEMPCAO_COMPENSADA,15,VE_ROTA_VE_CORREDOR_03,ambulancia,279.70,0.00,0,16.01,60.67
294,moderado,PREEMPCAO_COMPENSADA,15,VE_ROTA_VE_CORREDOR_04,bombeiro,283.40,0.00,0,15.79,64.52
295,intenso,FIXO,15,VE_ROTA_VE_CORREDOR_00,ambulancia,596.70,136.70,8,7.50,377.72
295,intenso,FIXO,15,VE_ROTA_VE_CORREDOR_01,bombeiro,486.50,38.30,5,9.20,267.68
295,intenso,FIXO,15,VE_ROTA_VE_CORREDOR_02,policia,513.70,84.20,6,8.72,294.68
295,intenso,FIXO,15,VE_ROTA_VE_CORREDOR_03,ambulancia,474.80,32.20,5,9.43,255.80
295,intenso,FIXO,15,VE_ROTA_VE_CORREDOR_04,bombeiro,583.00,103.90,6,7.68,364.11
296,intenso,PREEMPCAO,15,VE_ROTA_VE_CORREDOR_00,ambulancia,400.30,0.00,0,11.18,181.27
296,intenso,PREEMPCAO,15,VE_ROTA_VE_CORREDOR_01,bombeiro,323.40,0.00,0,13.84,104.50
296,intenso,PREEMPCAO,15,VE_ROTA_VE_CORREDOR_02,policia,338.00,0.00,0,13.25,118.90
296,intenso,PREEMPCAO,15,VE_ROTA_VE_CORREDOR_03,ambulancia,358.60,0.00,0,12.49,139.70
296,intenso,PREEMPCAO,15,VE_ROTA_VE_CORREDOR_04,bombeiro,322.90,3.40,1,13.86,103.96
297,intenso,PREEMPCAO_COMPENSADA,15,VE_ROTA_VE_CORREDOR_00,ambulancia,400.40,0.00,0,11.18,181.44
297,intenso,PREEMPCAO_COMPENSADA,15,VE_ROTA_VE_CORREDOR_01,bombeiro,367.50,0.00,0,12.18,148.52
297,intenso,PREEMPCAO_COMPENSADA,15,VE_ROTA_VE_CORREDOR_02,policia,387.20,0.00,0,11.56,168.10
297,intenso,PREEMPCAO_COMPENSADA,15,VE_ROTA_VE_CORREDOR_03,ambulancia,364.70,0.00,0,12.28,145.64
297,intenso,PREEMPCAO_COMPENSADA,15,VE_ROTA_VE_CORREDOR_04,bombeiro,364.20,0.00,0,12.29,145.33
298,multiplas_emergencias,FIXO,15,VE_ROTA_VE_TRANSVERSAL_00,ambulancia,298.50,44.00,3,8.35,159.94
298,multiplas_emergencias,FIXO,15,VE_ROTA_VE_CORREDOR_00,ambulancia,529.60,106.60,6,8.45,310.60
298,multiplas_emergencias,FIXO,15,VE_ROTA_VE_TRANSVERSAL_01,bombeiro,260.60,29.10,2,9.56,122.19
298,multiplas_emergencias,FIXO,15,VE_ROTA_VE_CORREDOR_01,bombeiro,482.00,77.10,5,9.28,263.05
298,multiplas_emergencias,FIXO,15,VE_ROTA_VE_TRANSVERSAL_02,policia,291.50,37.70,3,8.56,152.94
298,multiplas_emergencias,FIXO,15,VE_ROTA_VE_CORREDOR_02,policia,432.50,82.50,5,10.35,213.57
298,multiplas_emergencias,FIXO,15,VE_ROTA_VE_TRANSVERSAL_03,ambulancia,248.50,13.60,1,10.03,109.91
298,multiplas_emergencias,FIXO,15,VE_ROTA_VE_CORREDOR_03,ambulancia,467.00,87.80,5,9.59,247.97
298,multiplas_emergencias,FIXO,15,VE_ROTA_VE_TRANSVERSAL_04,bombeiro,276.90,33.80,4,9.00,138.48
298,multiplas_emergencias,FIXO,15,VE_ROTA_VE_CORREDOR_04,bombeiro,487.90,140.00,6,9.17,269.00
299,multiplas_emergencias,PREEMPCAO,15,VE_ROTA_VE_TRANSVERSAL_00,ambulancia,229.30,9.40,1,10.88,90.79
299,multiplas_emergencias,PREEMPCAO,15,VE_ROTA_VE_CORREDOR_00,ambulancia,329.40,4.40,1,13.59,110.47
299,multiplas_emergencias,PREEMPCAO,15,VE_ROTA_VE_TRANSVERSAL_01,bombeiro,219.00,0.00,0,11.38,80.66
299,multiplas_emergencias,PREEMPCAO,15,VE_ROTA_VE_CORREDOR_01,bombeiro,298.90,0.00,0,14.97,80.05
299,multiplas_emergencias,PREEMPCAO,15,VE_ROTA_VE_TRANSVERSAL_02,policia,227.70,11.00,2,10.95,89.12
299,multiplas_emergencias,PREEMPCAO,15,VE_ROTA_VE_CORREDOR_02,policia,293.50,0.00,0,15.26,74.40
299,multiplas_emergencias,PREEMPCAO,15,VE_ROTA_VE_TRANSVERSAL_03,ambulancia,188.70,4.80,2,13.21,50.19
299,multiplas_emergencias,PREEMPCAO,15,VE_ROTA_VE_CORREDOR_03,ambulancia,309.30,9.90,1,14.48,90.37
299,multiplas_emergencias,PREEMPCAO,15,VE_ROTA_VE_TRANSVERSAL_04,bombeiro,199.90,3.40,1,12.46,61.50
299,multiplas_emergencias,PREEMPCAO,15,VE_ROTA_VE_CORREDOR_04,bombeiro,270.40,0.00,0,16.55,51.49
299,multiplas_emergencias,PREEMPCAO,15,VE_ROTA_VE_TRANSVERSAL_05,policia,218.70,2.50,1,11.40,80.15
299,multiplas_emergencias,PREEMPCAO,15,VE_ROTA_VE_CORREDOR_05,policia,283.50,0.00,0,15.79,64.41
300,multiplas_emergencias,PREEMPCAO_COMPENSADA,15,VE_ROTA_VE_TRANSVERSAL_00,ambulancia,232.10,21.20,2,10.74,93.62
300,multiplas_emergencias,PREEMPCAO_COMPENSADA,15,VE_ROTA_VE_CORREDOR_00,ambulancia,355.60,16.80,2,12.59,136.64
300,multiplas_emergencias,PREEMPCAO_COMPENSADA,15,VE_ROTA_VE_TRANSVERSAL_01,bombeiro,228.50,15.10,2,10.90,90.08
300,multiplas_emergencias,PREEMPCAO_COMPENSADA,15,VE_ROTA_VE_CORREDOR_01,bombeiro,298.20,0.00,0,15.01,79.32
300,multiplas_emergencias,PREEMPCAO_COMPENSADA,15,VE_ROTA_VE_TRANSVERSAL_02,policia,217.20,13.30,3,11.48,78.66
300,multiplas_emergencias,PREEMPCAO_COMPENSADA,15,VE_ROTA_VE_CORREDOR_02,policia,315.90,14.00,1,14.17,96.80
300,multiplas_emergencias,PREEMPCAO_COMPENSADA,15,VE_ROTA_VE_TRANSVERSAL_03,ambulancia,202.00,5.10,2,12.34,63.45
300,multiplas_emergencias,PREEMPCAO_COMPENSADA,15,VE_ROTA_VE_CORREDOR_03,ambulancia,261.80,0.00,0,17.10,42.80
300,multiplas_emergencias,PREEMPCAO_COMPENSADA,15,VE_ROTA_VE_TRANSVERSAL_04,bombeiro,212.80,0.00,0,11.71,74.37
300,multiplas_emergencias,PREEMPCAO_COMPENSADA,15,VE_ROTA_VE_CORREDOR_04,bombeiro,308.30,0.00,0,14.52,89.37
300,multiplas_emergencias,PREEMPCAO_COMPENSADA,15,VE_ROTA_VE_TRANSVERSAL_05,policia,212.50,16.70,1,11.74,73.95
300,multiplas_emergencias,PREEMPCAO_COMPENSADA,15,VE_ROTA_VE_CORREDOR_05,policia,292.00,0.00,0,15.33,72.94
301,multiplas_emergencias,PREEMPCAO_ML,15,VE_ROTA_VE_TRANSVERSAL_00,ambulancia,242.40,10.60,1,10.29,103.84
301,multiplas_emergencias,PREEMPCAO_ML,15,VE_ROTA_VE_CORREDOR_00,ambulancia,317.10,0.00,0,14.12,98.08
301,multiplas_emergencias,PREEMPCAO_ML,15,VE_ROTA_VE_TRANSVERSAL_01,bombeiro,229.00,9.20,1,10.88,90.62
301,multiplas_emergencias,PREEMPCAO_ML,15,VE_ROTA_VE_CORREDOR_01,bombeiro,313.40,0.00,0,14.28,94.41
301,multiplas_emergencias,PREEMPCAO_ML,15,VE_ROTA_VE_TRANSVERSAL_02,policia,194.10,0.00,0,12.85,55.58
301,multiplas_emergencias,PREEMPCAO_ML,15,VE_ROTA_VE_CORREDOR_02,policia,294.70,6.90,1,15.19,75.72
301,multiplas_emergencias,PREEMPCAO_ML,15,VE_ROTA_VE_TRANSVERSAL_03,ambulancia,214.20,6.50,1,11.64,75.72
301,multiplas_emergencias,PREEMPCAO_ML,15,VE_ROTA_VE_CORREDOR_03,ambulancia,273.20,0.00,0,16.39,54.17
301,multiplas_emergencias,PREEMPCAO_ML,15,VE_ROTA_VE_TRANSVERSAL_04,bombeiro,214.80,3.30,2,11.60,76.37
301,multiplas_emergencias,PREEMPCAO_ML,15,VE_ROTA_VE_CORREDOR_04,bombeiro,312.20,7.70,1,14.33,93.20
301,multiplas_emergencias,PREEMPCAO_ML,15,VE_ROTA_VE_TRANSVERSAL_05,policia,210.90,0.00,0,11.83,72.30
302,leve,FIXO,16,VE_ROTA_VE_CORREDOR_00,ambulancia,441.00,102.40,5,10.15,221.95
302,leve,FIXO,16,VE_ROTA_VE_CORREDOR_01,bombeiro,397.90,95.40,4,11.25,178.95
302,leve,FIXO,16,VE_ROTA_VE_CORREDOR_02,policia,427.90,124.00,5,10.46,208.78
302,leve,FIXO,16,VE_ROTA_VE_CORREDOR_03,ambulancia,387.50,93.20,4,11.55,168.50
302,leve,FIXO,16,VE_ROTA_VE_CORREDOR_04,bombeiro,485.80,150.90,7,9.21,266.90
303,leve,PREEMPCAO,16,VE_ROTA_VE_CORREDOR_00,ambulancia,285.80,2.30,1,15.67,66.81
303,leve,PREEMPCAO,16,VE_ROTA_VE_CORREDOR_01,bombeiro,234.40,0.00,0,19.09,15.51
303,leve,PREEMPCAO,16,VE_ROTA_VE_CORREDOR_02,policia,254.50,0.00,0,17.59,35.46
303,leve,PREEMPCAO,16,VE_ROTA_VE_CORREDOR_03,ambulancia,224.10,0.00,0,19.98,5.12
303,leve,PREEMPCAO,16,VE_ROTA_VE_CORREDOR_04,bombeiro,245.30,4.90,1,18.24,26.41
303,leve,PREEMPCAO,16,VE_ROTA_VE_CORREDOR_05,policia,282.30,0.00,0,15.86,63.31
304,leve,PREEMPCAO_COMPENSADA,16,VE_ROTA_VE_CORREDOR_00,ambulancia,285.50,2.30,1,15.68,66.48
304,leve,PREEMPCAO_COMPENSADA,16,VE_ROTA_VE_CORREDOR_01,bombeiro,253.90,0.00,0,17.63,34.99
304,leve,PREEMPCAO_COMPENSADA,16,VE_ROTA_VE_CORREDOR_02,policia,252.50,0.00,0,17.73,33.48
304,leve,PREEMPCAO_COMPENSADA,16,VE_ROTA_VE_CORREDOR_03,ambulancia,238.30,2.20,1,18.79,19.31
304,leve,PREEMPCAO_COMPENSADA,16,VE_ROTA_VE_CORREDOR_04,bombeiro,275.20,0.00,0,16.26,56.33
304,leve,PREEMPCAO_COMPENSADA,16,VE_ROTA_VE_CORREDOR_05,policia,240.40,0.00,0,18.63,21.37
305,moderado,FIXO,16,VE_ROTA_VE_CORREDOR_00,ambulancia,513.50,151.60,6,8.72,294.51
305,moderado,FIXO,16,VE_ROTA_VE_CORREDOR_01,bombeiro,482.10,111.60,6,9.28,263.19
305,moderado,FIXO,16,VE_ROTA_VE_CORREDOR_02,policia,506.40,123.50,6,8.84,287.31
305,moderado,FIXO,16,VE_ROTA_VE_CORREDOR_03,ambulancia,464.10,67.60,5,9.65,245.13
305,moderado,FIXO,16,VE_ROTA_VE_CORREDOR_04,bombeiro,505.30,92.90,6,8.86,286.45
306,moderado,PREEMPCAO,16,VE_ROTA_VE_CORREDOR_00,ambulancia,378.70,0.00,0,11.82,159.69
306,moderado,PREEMPCAO,16,VE_ROTA_VE_CORREDOR_01,bombeiro,279.30,4.20,1,16.02,60.41
306,moderado,PREEMPCAO,16,VE_ROTA_VE_CORREDOR_02,policia,310.50,2.90,1,14.42,91.54
306,moderado,PREEMPCAO,16,VE_ROTA_VE_CORREDOR_03,ambulancia,336.90,0.00,0,13.29,117.87
306,moderado,PREEMPCAO,16,VE_ROTA_VE_CORREDOR_04,bombeiro,298.30,2.80,1,15.00,79.39
307,moderado,PREEMPCAO_COMPENSADA,16,VE_ROTA_VE_CORREDOR_00,ambulancia,378.40,0.00,0,11.83,159.43
307,moderado,PREEMPCAO_COMPENSADA,16,VE_ROTA_VE_CORREDOR_01,bombeiro,270.60,0.00,0,16.54,51.67
307,moderado,PREEMPCAO_COMPENSADA,16,VE_ROTA_VE_CORREDOR_02,policia,300.40,0.00,0,14.91,81.39
307,moderado,PREEMPCAO_COMPENSADA,16,VE_ROTA_VE_CORREDOR_03,ambulancia,317.00,0.00,0,14.12,98.02
307,moderado,PREEMPCAO_COMPENSADA,16,VE_ROTA_VE_CORREDOR_04,bombeiro,279.20,0.00,0,16.03,60.30
308,intenso,FIXO,16,VE_ROTA_VE_CORREDOR_00,ambulancia,529.60,110.60,6,8.45,310.55
308,intenso,FIXO,16,VE_ROTA_VE_CORREDOR_01,bombeiro,488.00,61.60,5,9.17,269.08
308,intenso,FIXO,16,VE_ROTA_VE_CORREDOR_02,policia,519.20,55.80,6,8.62,300.12
308,intenso,FIXO,16,VE_ROTA_VE_CORREDOR_03,ambulancia,553.50,67.80,7,8.09,334.49
308,intenso,FIXO,16,VE_ROTA_VE_CORREDOR_04,bombeiro,509.00,62.60,5,8.79,290.08
309,intenso,PREEMPCAO,16,VE_ROTA_VE_CORREDOR_00,ambulancia,403.50,0.00,0,11.10,184.48
309,intenso,PREEMPCAO,16,VE_ROTA_VE_CORREDOR_01,bombeiro,324.30,1.40,1,13.80,105.37
309,intenso,PREEMPCAO,16,VE_ROTA_VE_CORREDOR_02,policia,362.70,0.00,0,12.35,143.61
309,intenso,PREEMPCAO,16,VE_ROTA_VE_CORREDOR_03,ambulancia,361.30,0.00,0,12.39,142.24
309,intenso,PREEMPCAO,16,VE_ROTA_VE_CORREDOR_04,bombeiro,347.90,0.00,0,12.86,129.04
310,intenso,PREEMPCAO_COMPENSADA,16,VE_ROTA_VE_CORREDOR_00,ambulancia,401.10,0.00,0,11.16,182.08
310,intenso,PREEMPCAO_COMPENSADA,16,VE_ROTA_VE_CORREDOR_01,bombeiro,317.30,0.00,0,14.10,98.41
310,intenso,PREEMPCAO_COMPENSADA,16,VE_ROTA_VE_CORREDOR_02,policia,353.10,0.00,0,12.68,134.05
310,intenso,PREEMPCAO_COMPENSADA,16,VE_ROTA_VE_CORREDOR_03,ambulancia,345.50,0.00,0,12.96,126.47
310,intenso,PREEMPCAO_COMPENSADA,16,VE_ROTA_VE_CORREDOR_04,bombeiro,331.80,0.00,0,13.49,112.93
311,multiplas_emergencias,FIXO,16,VE_ROTA_VE_TRANSVERSAL_00,ambulancia,229.00,21.40,2,10.89,90.46
311,multiplas_emergencias,FIXO,16,VE_ROTA_VE_CORREDOR_00,ambulancia,513.60,151.30,6,8.72,294.67
311,multiplas_emergencias,FIXO,16,VE_ROTA_VE_TRANSVERSAL_01,bombeiro,258.40,30.20,3,9.64,119.96
311,multiplas_emergencias,FIXO,16,VE_ROTA_VE_CORREDOR_01,bombeiro,484.20,110.60,6,9.24,265.21
311,multiplas_emergencias,FIXO,16,VE_ROTA_VE_TRANSVERSAL_02,policia,298.30,41.90,4,8.36,159.70
311,multiplas_emergencias,FIXO,16,VE_ROTA_VE_CORREDOR_02,policia,506.40,115.40,6,8.84,287.35
311,multiplas_emergencias,FIXO,16,VE_ROTA_VE_TRANSVERSAL_03,ambulancia,253.50,9.90,1,9.84,114.98
311,multiplas_emergencias,FIXO,16,VE_ROTA_VE_CORREDOR_03,ambulancia,463.90,67.00,5,9.65,244.87
311,multiplas_emergencias,FIXO,16,VE_ROTA_VE_TRANSVERSAL_04,bombeiro,271.20,26.20,3,9.19,132.86
311,multiplas_emergencias,FIXO,16,VE_ROTA_VE_CORREDOR_04,bombeiro,505.30,93.00,6,8.86,286.39
311,multiplas_emergencias,FIXO,16,VE_ROTA_VE_TRANSVERSAL_05,policia,231.20,35.30,2,10.79,92.65
312,multiplas_emergencias,PREEMPCAO,16,VE_ROTA_VE_TRANSVERSAL_00,ambulancia,179.00,4.30,1,13.93,40.51
312,multiplas_emergencias,PREEMPCAO,16,VE_ROTA_VE_CORREDOR_00,ambulancia,367.60,0.00,0,12.18,148.68
312,multiplas_emergencias,PREEMPCAO,16,VE_ROTA_VE_TRANSVERSAL_01,bombeiro,181.90,0.00,0,13.70,43.53
312,multiplas_emergencias,PREEMPCAO,16,VE_ROTA_VE_CORREDOR_01,bombeiro,315.90,3.30,2,14.17,97.01
312,multiplas_emergencias,PREEMPCAO,16,VE_ROTA_VE_TRANSVERSAL_02,policia,210.90,0.00,0,11.83,72.31
312,multiplas_emergencias,PREEMPCAO,16,VE_ROTA_VE_CORREDOR_02,policia,270.20,0.10,1,16.57,51.09
312,multiplas_emergencias,PREEMPCAO,16,VE_ROTA_VE_TRANSVERSAL_03,ambulancia,210.60,0.00,0,11.84,72.03
312,multiplas_emergencias,PREEMPCAO,16,VE_ROTA_VE_CORREDOR_03,ambulancia,373.20,0.00,0,12.00,154.17
312,multiplas_emergencias,PREEMPCAO,16,VE_ROTA_VE_TRANSVERSAL_04,bombeiro,206.30,15.50,1,12.08,67.90
312,multiplas_emergencias,PREEMPCAO,16,VE_ROTA_VE_CORREDOR_04,bombeiro,297.60,7.80,3,15.04,78.67
312,multiplas_emergencias,PREEMPCAO,16,VE_ROTA_VE_TRANSVERSAL_05,policia,161.10,2.30,1,15.48,22.57
313,multiplas_emergencias,PREEMPCAO_COMPENSADA,16,VE_ROTA_VE_TRANSVERSAL_00,ambulancia,179.50,4.30,1,13.89,40.94
313,multiplas_emergencias,PREEMPCAO_COMPENSADA,16,VE_ROTA_VE_CORREDOR_00,ambulancia,364.60,0.00,0,12.28,145.61
313,multiplas_emergencias,PREEMPCAO_COMPENSADA,16,VE_ROTA_VE_TRANSVERSAL_01,bombeiro,196.60,5.90,1,12.67,58.23
313,multiplas_emergencias,PREEMPCAO_COMPENSADA,16,VE_ROTA_VE_CORREDOR_01,bombeiro,289.70,0.00,0,15.45,70.76
313,multiplas_emergencias,PREEMPCAO_COMPENSADA,16,VE_ROTA_VE_TRANSVERSAL_02,policia,241.90,7.40,3,10.31,103.27
313,multiplas_emergencias,PREEMPCAO_COMPENSADA,16,VE_ROTA_VE_CORREDOR_02,policia,309.40,6.80,1,14.47,90.30
313,multiplas_emergencias,PREEMPCAO_COMPENSADA,16,VE_ROTA_VE_TRANSVERSAL_03,ambulancia,220.50,0.00,0,11.31,81.95
313,multiplas_emergencias,PREEMPCAO_COMPENSADA,16,VE_ROTA_VE_CORREDOR_03,ambulancia,354.30,0.00,0,12.64,135.25
313,multiplas_emergencias,PREEMPCAO_COMPENSADA,16,VE_ROTA_VE_TRANSVERSAL_04,bombeiro,225.30,26.60,2,11.06,86.96
313,multiplas_emergencias,PREEMPCAO_COMPENSADA,16,VE_ROTA_VE_CORREDOR_04,bombeiro,320.50,10.40,2,13.96,101.61
313,multiplas_emergencias,PREEMPCAO_COMPENSADA,16,VE_ROTA_VE_TRANSVERSAL_05,policia,173.00,3.70,1,14.42,34.46
313,multiplas_emergencias,PREEMPCAO_COMPENSADA,16,VE_ROTA_VE_CORREDOR_05,policia,299.40,0.00,0,14.96,80.36
314,multiplas_emergencias,PREEMPCAO_ML,16,VE_ROTA_VE_TRANSVERSAL_00,ambulancia,205.60,32.60,1,12.13,67.11
314,multiplas_emergencias,PREEMPCAO_ML,16,VE_ROTA_VE_CORREDOR_00,ambulancia,356.90,0.00,0,12.54,137.89
314,multiplas_emergencias,PREEMPCAO_ML,16,VE_ROTA_VE_TRANSVERSAL_01,bombeiro,196.90,0.00,0,12.65,58.57
314,multiplas_emergencias,PREEMPCAO_ML,16,VE_ROTA_VE_CORREDOR_01,bombeiro,292.20,1.90,1,15.32,73.32
314,multiplas_emergencias,PREEMPCAO_ML,16,VE_ROTA_VE_TRANSVERSAL_02,policia,214.70,1.10,1,11.62,76.17
314,multiplas_emergencias,PREEMPCAO_ML,16,VE_ROTA_VE_CORREDOR_02,policia,305.20,7.60,1,14.67,86.11
314,multiplas_emergencias,PREEMPCAO_ML,16,VE_ROTA_VE_TRANSVERSAL_03,ambulancia,221.50,14.50,2,11.26,82.91
314,multiplas_emergencias,PREEMPCAO_ML,16,VE_ROTA_VE_CORREDOR_03,ambulancia,328.90,0.00,0,13.61,109.86
314,multiplas_emergencias,PREEMPCAO_ML,16,VE_ROTA_VE_TRANSVERSAL_04,bombeiro,198.70,0.00,0,12.54,60.29
314,multiplas_emergencias,PREEMPCAO_ML,16,VE_ROTA_VE_CORREDOR_04,bombeiro,275.50,15.60,3,16.24,56.61
314,multiplas_emergencias,PREEMPCAO_ML,16,VE_ROTA_VE_TRANSVERSAL_05,policia,195.80,3.50,1,12.74,57.20
315,leve,FIXO,17,VE_ROTA_VE_CORREDOR_00,ambulancia,437.90,120.00,5,10.22,218.89
315,leve,FIXO,17,VE_ROTA_VE_CORREDOR_01,bombeiro,470.20,118.80,5,9.52,251.31
315,leve,FIXO,17,VE_ROTA_VE_CORREDOR_02,policia,427.80,105.80,5,10.47,208.74
315,leve,FIXO,17,VE_ROTA_VE_CORREDOR_03,ambulancia,388.90,87.00,4,11.51,169.90
315,leve,FIXO,17,VE_ROTA_VE_CORREDOR_04,bombeiro,487.90,108.10,5,9.17,268.98
316,leve,PREEMPCAO,17,VE_ROTA_VE_CORREDOR_00,ambulancia,288.40,2.30,1,15.52,69.45
316,leve,PREEMPCAO,17,VE_ROTA_VE_CORREDOR_01,bombeiro,237.00,0.00,0,18.88,18.11
316,leve,PREEMPCAO,17,VE_ROTA_VE_CORREDOR_02,policia,258.30,0.00,0,17.34,39.24
316,leve,PREEMPCAO,17,VE_ROTA_VE_CORREDOR_03,ambulancia,278.80,3.60,2,16.06,59.84
316,leve,PREEMPCAO,17,VE_ROTA_VE_CORREDOR_04,bombeiro,282.30,0.00,0,15.85,63.43
316,leve,PREEMPCAO,17,VE_ROTA_VE_CORREDOR_05,policia,246.80,0.00,0,18.14,27.81
317,leve,PREEMPCAO_COMPENSADA,17,VE_ROTA_VE_CORREDOR_00,ambulancia,288.70,2.30,1,15.51,69.65
317,leve,PREEMPCAO_COMPENSADA,17,VE_ROTA_VE_CORREDOR_01,bombeiro,262.90,0.00,0,17.02,44.01
317,leve,PREEMPCAO_COMPENSADA,17,VE_ROTA_VE_CORREDOR_02,policia,250.70,0.00,0,17.86,31.65
317,leve,PREEMPCAO_COMPENSADA,17,VE_ROTA_VE_CORREDOR_03,ambulancia,265.60,0.00,0,16.86,46.59
317,leve,PREEMPCAO_COMPENSADA,17,VE_ROTA_VE_CORREDOR_04,bombeiro,277.00,0.00,0,16.16,58.12
317,leve,PREEMPCAO_COMPENSADA,17,VE_ROTA_VE_CORREDOR_05,policia,273.60,1.20,1,16.37,54.57
318,moderado,FIXO,17,VE_ROTA_VE_CORREDOR_00,ambulancia,520.70,106.20,6,8.60,301.69
318,moderado,FIXO,17,VE_ROTA_VE_CORREDOR_01,bombeiro,472.60,83.50,5,9.47,253.68
318,moderado,FIXO,17,VE_ROTA_VE_CORREDOR_02,policia,511.70,131.20,7,8.75,292.71
318,moderado,FIXO,17,VE_ROTA_VE_CORREDOR_03,ambulancia,542.90,96.40,7,8.25,323.92
318,moderado,FIXO,17,VE_ROTA_VE_CORREDOR_04,bombeiro,498.80,97.50,6,8.97,279.87
319,moderado,PREEMPCAO,17,VE_ROTA_VE_CORREDOR_00,ambulancia,322.40,0.00,0,13.89,103.43
319,moderado,PREEMPCAO,17,VE_ROTA_VE_CORREDOR_01,bombeiro,334.30,0.00,0,13.39,115.42
319,moderado,PREEMPCAO,17,VE_ROTA_VE_CORREDOR_02,policia,297.20,0.00,0,15.07,78.15
319,moderado,PREEMPCAO,17,VE_ROTA_VE_CORREDOR_03,ambulancia,364.00,0.00,0,12.30,144.97
319,moderado,PREEMPCAO,17,VE_ROTA_VE_CORREDOR_04,bombeiro,335.80,0.10,1,13.33,116.82
320,moderado,PREEMPCAO_COMPENSADA,17,VE_ROTA_VE_CORREDOR_00,ambulancia,324.20,0.00,0,13.81,105.19
320,moderado,PREEMPCAO_COMPENSADA,17,VE_ROTA_VE_CORREDOR_01,bombeiro,343.00,5.30,1,13.05,124.10
320,moderado,PREEMPCAO_COMPENSADA,17,VE_ROTA_VE_CORREDOR_02,policia,306.60,0.00,0,14.60,87.61
320,moderado,PREEMPCAO_COMPENSADA,17,VE_ROTA_VE_CORREDOR_03,ambulancia,339.70,0.00,0,13.18,120.70
320,moderado,PREEMPCAO_COMPENSADA,17,VE_ROTA_VE_CORREDOR_04,bombeiro,320.10,0.00,0,13.98,101.19
321,intenso,FIXO,17,VE_ROTA_VE_CORREDOR_00,ambulancia,604.10,130.60,7,7.41,385.10
321,intenso,FIXO,17,VE_ROTA_VE_CORREDOR_01,bombeiro,489.90,33.20,5,9.14,270.96
321,intenso,FIXO,17,VE_ROTA_VE_CORREDOR_02,policia,503.60,131.40,6,8.89,284.57
321,intenso,FIXO,17,VE_ROTA_VE_CORREDOR_03,ambulancia,482.60,29.10,4,9.28,263.61
321,intenso,FIXO,17,VE_ROTA_VE_CORREDOR_04,bombeiro,515.80,38.30,5,8.68,296.85
322,intenso,PREEMPCAO,17,VE_ROTA_VE_CORREDOR_00,ambulancia,415.60,14.30,1,10.77,196.51
322,intenso,PREEMPCAO,17,VE_ROTA_VE_CORREDOR_01,bombeiro,372.80,0.00,0,12.00,153.87
322,intenso,PREEMPCAO,17,VE_ROTA_VE_CORREDOR_02,policia,376.70,0.00,0,11.89,157.64
322,intenso,PREEMPCAO,17,VE_ROTA_VE_CORREDOR_03,ambulancia,409.10,0.00,0,10.94,190.11
322,intenso,PREEMPCAO,17,VE_ROTA_VE_CORREDOR_04,bombeiro,372.00,0.00,0,12.03,153.14
323,intenso,PREEMPCAO_COMPENSADA,17,VE_ROTA_VE_CORREDOR_00,ambulancia,416.10,14.70,1,10.76,197.12
323,intenso,PREEMPCAO_COMPENSADA,17,VE_ROTA_VE_CORREDOR_01,bombeiro,423.40,0.00,0,10.57,204.49
323,intenso,PREEMPCAO_COMPENSADA,17,VE_ROTA_VE_CORREDOR_02,policia,391.60,0.60,1,11.43,172.60
323,intenso,PREEMPCAO_COMPENSADA,17,VE_ROTA_VE_CORREDOR_03,ambulancia,405.70,19.40,2,11.04,186.76
323,intenso,PREEMPCAO_COMPENSADA,17,VE_ROTA_VE_CORREDOR_04,bombeiro,408.90,4.80,1,10.94,189.99
324,multiplas_emergencias,FIXO,17,VE_ROTA_VE_TRANSVERSAL_00,ambulancia,242.10,12.10,3,10.30,103.54
324,multiplas_emergencias,FIXO,17,VE_ROTA_VE_CORREDOR_00,ambulancia,521.30,106.50,6,8.59,302.26
324,multiplas_emergencias,FIXO,17,VE_ROTA_VE_TRANSVERSAL_01,bombeiro,262.40,15.30,2,9.50,123.95
324,multiplas_emergencias,FIXO,17,VE_ROTA_VE_CORREDOR_01,bombeiro,476.30,78.50,5,9.40,257.37
324,multiplas_emergencias,FIXO,17,VE_ROTA_VE_TRANSVERSAL_02,policia,302.80,43.50,4,8.24,164.23
324,multiplas_emergencias,FIXO,17,VE_ROTA_VE_CORREDOR_02,policia,511.90,131.40,7,8.75,292.89
324,multiplas_emergencias,FIXO,17,VE_ROTA_VE_TRANSVERSAL_03,ambulancia,242.50,21.70,2,10.28,103.96
324,multiplas_emergencias,FIXO,17,VE_ROTA_VE_CORREDOR_03,ambulancia,542.50,96.30,7,8.25,323.48
324,multiplas_emergencias,FIXO,17,VE_ROTA_VE_TRANSVERSAL_04,bombeiro,270.30,89.70,4,9.22,131.92
324,multiplas_emergencias,FIXO,17,VE_ROTA_VE_CORREDOR_04,bombeiro,498.40,97.40,6,8.98,279.53
324,multiplas_emergencias,FIXO,17,VE_ROTA_VE_TRANSVERSAL_05,policia,240.90,16.20,1,10.35,102.30
325,multiplas_emergencias,PREEMPCAO,17,VE_ROTA_VE_TRANSVERSAL_00,ambulancia,181.90,0.00,0,13.71,43.33
325,multiplas_emergencias,PREEMPCAO,17,VE_ROTA_VE_CORREDOR_00,ambulancia,304.60,0.00,0,14.70,85.65
325,multiplas_emergencias,PREEMPCAO,17,VE_ROTA_VE_TRANSVERSAL_01,bombeiro,216.30,3.30,1,11.52,77.94
325,multiplas_emergencias,PREEMPCAO,17,VE_ROTA_VE_CORREDOR_01,bombeiro,314.50,0.00,0,14.23,95.63
325,multiplas_emergencias,PREEMPCAO,17,VE_ROTA_VE_TRANSVERSAL_02,policia,207.20,7.10,2,12.04,68.60
325,multiplas_emergencias,PREEMPCAO,17,VE_ROTA_VE_CORREDOR_02,policia,291.40,5.50,1,15.37,72.40
325,multiplas_emergencias,PREEMPCAO,17,VE_ROTA_VE_TRANSVERSAL_03,ambulancia,163.80,7.30,1,15.22,25.28
325,multiplas_emergencias,PREEMPCAO,17,VE_ROTA_VE_CORREDOR_03,ambulancia,307.00,0.00,0,14.58,87.92
325,multiplas_emergencias,PREEMPCAO,17,VE_ROTA_VE_TRANSVERSAL_04,bombeiro,163.10,0.00,0,15.28,24.72
325,multiplas_emergencias,PREEMPCAO,17,VE_ROTA_VE_CORREDOR_04,bombeiro,283.10,0.30,2,15.81,64.23
325,multiplas_emergencias,PREEMPCAO,17,VE_ROTA_VE_TRANSVERSAL_05,policia,171.80,0.00,0,14.52,33.22
326,multiplas_emergencias,PREEMPCAO_COMPENSADA,17,VE_ROTA_VE_TRANSVERSAL_00,ambulancia,181.90,0.00,0,13.71,43.34
326,multiplas_emergencias,PREEMPCAO_COMPENSADA,17,VE_ROTA_VE_CORREDOR_00,ambulancia,309.40,0.00,0,14.47,90.43
326,multiplas_emergencias,PREEMPCAO_COMPENSADA,17,VE_ROTA_VE_TRANSVERSAL_01,bombeiro,180.30,2.20,1,13.82,41.95
326,multiplas_emergencias,PREEMPCAO_COMPENSADA,17,VE_ROTA_VE_CORREDOR_01,bombeiro,342.30,0.00,0,13.07,123.38
326,multiplas_emergencias,PREEMPCAO_COMPENSADA,17,VE_ROTA_VE_TRANSVERSAL_02,policia,208.30,0.00,0,11.97,69.71
326,multiplas_emergencias,PREEMPCAO_COMPENSADA,17,VE_ROTA_VE_CORREDOR_02,policia,279.60,0.00,0,16.01,60.63
326,multiplas_emergencias,PREEMPCAO_COMPENSADA,17,VE_ROTA_VE_TRANSVERSAL_03,ambulancia,166.40,0.00,0,14.99,27.87
326,multiplas_emergencias,PREEMPCAO_COMPENSADA,17,VE_ROTA_VE_CORREDOR_03,ambulancia,294.80,4.20,1,15.19,75.83
326,multiplas_emergencias,PREEMPCAO_COMPENSADA,17,VE_ROTA_VE_TRANSVERSAL_04,bombeiro,165.80,0.00,0,15.03,27.39
326,multiplas_emergencias,PREEMPCAO_COMPENSADA,17,VE_ROTA_VE_CORREDOR_04,bombeiro,324.30,0.00,0,13.80,105.38
326,multiplas_emergencias,PREEMPCAO_COMPENSADA,17,VE_ROTA_VE_TRANSVERSAL_05,policia,165.00,0.00,0,15.12,26.46
327,multiplas_emergencias,PREEMPCAO_ML,17,VE_ROTA_VE_TRANSVERSAL_00,ambulancia,195.50,4.60,1,12.76,56.97
327,multiplas_emergencias,PREEMPCAO_ML,17,VE_ROTA_VE_CORREDOR_00,ambulancia,316.70,0.00,0,14.14,97.66
327,multiplas_emergencias,PREEMPCAO_ML,17,VE_ROTA_VE_TRANSVERSAL_01,bombeiro,224.10,8.20,2,11.12,85.69
327,multiplas_emergencias,PREEMPCAO_ML,17,VE_ROTA_VE_CORREDOR_01,bombeiro,313.40,0.00,0,14.28,94.59
327,multiplas_emergencias,PREEMPCAO_ML,17,VE_ROTA_VE_TRANSVERSAL_02,policia,206.30,3.30,1,12.09,67.79
327,multiplas_emergencias,PREEMPCAO_ML,17,VE_ROTA_VE_CORREDOR_02,policia,279.70,16.40,2,16.01,60.78
327,multiplas_emergencias,PREEMPCAO_ML,17,VE_ROTA_VE_TRANSVERSAL_03,ambulancia,173.40,10.10,2,14.38,34.88
327,multiplas_emergencias,PREEMPCAO_ML,17,VE_ROTA_VE_CORREDOR_03,ambulancia,317.00,0.00,0,14.12,97.95
327,multiplas_emergencias,PREEMPCAO_ML,17,VE_ROTA_VE_TRANSVERSAL_04,bombeiro,168.20,0.00,0,14.81,29.81
327,multiplas_emergencias,PREEMPCAO_ML,17,VE_ROTA_VE_CORREDOR_04,bombeiro,300.00,1.30,2,14.92,81.11
327,multiplas_emergencias,PREEMPCAO_ML,17,VE_ROTA_VE_TRANSVERSAL_05,policia,180.70,0.00,0,13.80,42.17
328,leve,FIXO,18,VE_ROTA_VE_CORREDOR_00,ambulancia,514.30,138.50,7,8.71,295.36
328,leve,FIXO,18,VE_ROTA_VE_CORREDOR_01,bombeiro,465.80,138.90,6,9.61,246.88
328,leve,FIXO,18,VE_ROTA_VE_CORREDOR_02,policia,431.50,96.30,6,10.38,212.42
328,leve,FIXO,18,VE_ROTA_VE_CORREDOR_03,ambulancia,457.60,135.50,6,9.78,238.66
328,leve,FIXO,18,VE_ROTA_VE_CORREDOR_04,bombeiro,494.20,131.70,7,9.06,275.30
329,leve,PREEMPCAO,18,VE_ROTA_VE_CORREDOR_00,ambulancia,284.80,0.00,0,15.72,65.82
329,leve,PREEMPCAO,18,VE_ROTA_VE_CORREDOR_01,bombeiro,250.20,0.00,0,17.89,31.30
329,leve,PREEMPCAO,18,VE_ROTA_VE_CORREDOR_02,policia,273.70,0.00,0,16.36,54.70
329,leve,PREEMPCAO,18,VE_ROTA_VE_CORREDOR_03,ambulancia,268.60,0.00,0,16.67,49.57
329,leve,PREEMPCAO,18,VE_ROTA_VE_CORREDOR_04,bombeiro,235.10,0.00,0,19.04,16.23
329,leve,PREEMPCAO,18,VE_ROTA_VE_CORREDOR_05,policia,265.60,0.00,0,16.86,46.55
330,leve,PREEMPCAO_COMPENSADA,18,VE_ROTA_VE_CORREDOR_00,ambulancia,288.90,0.00,0,15.50,69.92
330,leve,PREEMPCAO_COMPENSADA,18,VE_ROTA_VE_CORREDOR_01,bombeiro,252.90,0.00,0,17.70,33.98
330,leve,PREEMPCAO_COMPENSADA,18,VE_ROTA_VE_CORREDOR_02,policia,237.80,0.00,0,18.83,18.78
330,leve,PREEMPCAO_COMPENSADA,18,VE_ROTA_VE_CORREDOR_03,ambulancia,263.60,0.00,0,16.99,44.57
330,leve,PREEMPCAO_COMPENSADA,18,VE_ROTA_VE_CORREDOR_04,bombeiro,296.30,2.30,1,15.10,77.46
330,leve,PREEMPCAO_COMPENSADA,18,VE_ROTA_VE_CORREDOR_05,policia,278.90,0.00,0,16.06,59.86
331,moderado,FIXO,18,VE_ROTA_VE_CORREDOR_00,ambulancia,516.80,142.80,6,8.66,297.74
331,moderado,FIXO,18,VE_ROTA_VE_CORREDOR_01,bombeiro,476.90,78.40,5,9.38,258.01
331,moderado,FIXO,18,VE_ROTA_VE_CORREDOR_02,policia,522.20,84.20,6,8.57,303.12
331,moderado,FIXO,18,VE_ROTA_VE_CORREDOR_03,ambulancia,468.20,86.30,5,9.56,249.25
331,moderado,FIXO,18,VE_ROTA_VE_CORREDOR_04,bombeiro,491.70,114.60,6,9.10,272.79
332,moderado,PREEMPCAO,18,VE_ROTA_VE_CORREDOR_00,ambulancia,385.10,0.70,1,11.63,166.08
332,moderado,PREEMPCAO,18,VE_ROTA_VE_CORREDOR_01,bombeiro,314.00,0.00,0,14.25,95.13
332,moderado,PREEMPCAO,18,VE_ROTA_VE_CORREDOR_02,policia,342.80,0.00,0,13.06,123.74
332,moderado,PREEMPCAO,18,VE_ROTA_VE_CORREDOR_03,ambulancia,307.10,0.00,0,14.58,88.15
332,moderado,PREEMPCAO,18,VE_ROTA_VE_CORREDOR_04,bombeiro,271.40,0.00,0,16.49,52.52
332,moderado,PREEMPCAO,18,VE_ROTA_VE_CORREDOR_05,policia,290.80,0.00,0,15.40,71.77
333,moderado,PREEMPCAO_COMPENSADA,18,VE_ROTA_VE_CORREDOR_00,ambulancia,384.20,0.70,1,11.65,165.21
333,moderado,PREEMPCAO_COMPENSADA,18,VE_ROTA_VE_CORREDOR_01,bombeiro,313.20,0.00,0,14.29,94.28
333,moderado,PREEMPCAO_COMPENSADA,18,VE_ROTA_VE_CORREDOR_02,policia,325.40,0.00,0,13.76,106.36
333,moderado,PREEMPCAO_COMPENSADA,18,VE_ROTA_VE_CORREDOR_03,ambulancia,327.80,1.00,1,13.66,108.80
333,moderado,PREEMPCAO_COMPENSADA,18,VE_ROTA_VE_CORREDOR_04,bombeiro,315.10,1.40,1,14.20,96.17
333,moderado,PREEMPCAO_COMPENSADA,18,VE_ROTA_VE_CORREDOR_05,policia,295.70,0.00,0,15.14,76.62
334,intenso,FIXO,18,VE_ROTA_VE_CORREDOR_00,ambulancia,532.50,90.10,4,8.41,313.56
334,intenso,FIXO,18,VE_ROTA_VE_CORREDOR_01,bombeiro,488.60,39.00,5,9.16,269.72
334,intenso,FIXO,18,VE_ROTA_VE_CORREDOR_02,policia,595.50,82.40,5,7.52,376.46
334,intenso,FIXO,18,VE_ROTA_VE_CORREDOR_03,ambulancia,628.50,186.80,5,7.12,409.57
334,intenso,FIXO,18,VE_ROTA_VE_CORREDOR_04,bombeiro,575.80,100.40,7,7.77,356.97
335,intenso,PREEMPCAO,18,VE_ROTA_VE_CORREDOR_00,ambulancia,427.30,0.00,0,10.48,208.37
335,intenso,PREEMPCAO,18,VE_ROTA_VE_CORREDOR_01,bombeiro,367.40,0.00,0,12.18,148.50
335,intenso,PREEMPCAO,18,VE_ROTA_VE_CORREDOR_02,policia,339.30,0.00,0,13.20,120.28
335,intenso,PREEMPCAO,18,VE_ROTA_VE_CORREDOR_03,ambulancia,363.20,0.00,0,12.33,144.24
335,intenso,PREEMPCAO,18,VE_ROTA_VE_CORREDOR_04,bombeiro,370.70,0.00,0,12.07,151.82
336,intenso,PREEMPCAO_COMPENSADA,18,VE_ROTA_VE_CORREDOR_00,ambulancia,433.10,0.00,0,10.34,214.15
336,intenso,PREEMPCAO_COMPENSADA,18,VE_ROTA_VE_CORREDOR_01,bombeiro,381.50,0.00,0,11.73,162.58
336,intenso,PREEMPCAO_COMPENSADA,18,VE_ROTA_VE_CORREDOR_02,policia,368.80,0.00,0,12.14,149.82
336,intenso,PREEMPCAO_COMPENSADA,18,VE_ROTA_VE_CORREDOR_03,ambulancia,431.20,0.00,0,10.38,212.20
336,intenso,PREEMPCAO_COMPENSADA,18,VE_ROTA_VE_CORREDOR_04,bombeiro,425.20,0.00,0,10.53,206.33
337,multiplas_emergencias,FIXO,18,VE_ROTA_VE_TRANSVERSAL_00,ambulancia,233.20,11.30,1,10.69,94.65
337,multiplas_emergencias,FIXO,18,VE_ROTA_VE_CORREDOR_00,ambulancia,516.70,142.50,6,8.67,297.75
337,multiplas_emergencias,FIXO,18,VE_ROTA_VE_TRANSVERSAL_01,bombeiro,261.80,20.30,3,9.52,123.43
337,multiplas_emergencias,FIXO,18,VE_ROTA_VE_CORREDOR_01,bombeiro,474.60,78.10,5,9.43,255.69
337,multiplas_emergencias,FIXO,18,VE_ROTA_VE_TRANSVERSAL_02,policia,297.80,44.90,5,8.38,159.18
337,multiplas_emergencias,FIXO,18,VE_ROTA_VE_CORREDOR_02,policia,523.70,86.30,6,8.55,304.66
337,multiplas_emergencias,FIXO,18,VE_ROTA_VE_TRANSVERSAL_03,ambulancia,243.70,27.90,3,10.23,105.14
337,multiplas_emergencias,FIXO,18,VE_ROTA_VE_CORREDOR_03,ambulancia,468.20,86.30,5,9.56,249.22
337,multiplas_emergencias,FIXO,18,VE_ROTA_VE_TRANSVERSAL_04,bombeiro,274.30,35.00,4,9.08,135.93
337,multiplas_emergencias,FIXO,18,VE_ROTA_VE_CORREDOR_04,bombeiro,491.70,114.90,6,9.10,272.77
338,multiplas_emergencias,PREEMPCAO,18,VE_ROTA_VE_TRANSVERSAL_00,ambulancia,177.70,0.00,0,14.03,39.15
338,multiplas_emergencias,PREEMPCAO,18,VE_ROTA_VE_CORREDOR_00,ambulancia,367.30,0.00,0,12.19,148.31
338,multiplas_emergencias,PREEMPCAO,18,VE_ROTA_VE_TRANSVERSAL_01,bombeiro,195.50,7.00,2,12.75,57.09
338,multiplas_emergencias,PREEMPCAO,18,VE_ROTA_VE_CORREDOR_01,bombeiro,308.60,0.00,0,14.50,89.63
338,multiplas_emergencias,PREEMPCAO,18,VE_ROTA_VE_TRANSVERSAL_02,policia,215.50,31.30,3,11.57,76.97
338,multiplas_emergencias,PREEMPCAO,18,VE_ROTA_VE_CORREDOR_02,policia,341.00,20.10,3,13.13,121.99
338,multiplas_emergencias,PREEMPCAO,18,VE_ROTA_VE_TRANSVERSAL_03,ambulancia,157.40,4.40,2,15.84,18.87
338,multiplas_emergencias,PREEMPCAO,18,VE_ROTA_VE_CORREDOR_03,ambulancia,313.40,0.00,0,14.29,94.45
338,multiplas_emergencias,PREEMPCAO,18,VE_ROTA_VE_TRANSVERSAL_04,bombeiro,194.70,0.00,0,12.80,56.30
338,multiplas_emergencias,PREEMPCAO,18,VE_ROTA_VE_CORREDOR_04,bombeiro,275.30,0.00,0,16.26,56.39
338,multiplas_emergencias,PREEMPCAO,18,VE_ROTA_VE_TRANSVERSAL_05,policia,212.90,4.20,1,11.72,74.28
338,multiplas_emergencias,PREEMPCAO,18,VE_ROTA_VE_CORREDOR_05,policia,287.10,0.00,0,15.60,68.02
339,multiplas_emergencias,PREEMPCAO_COMPENSADA,18,VE_ROTA_VE_TRANSVERSAL_00,ambulancia,177.60,0.00,0,14.04,39.09
339,multiplas_emergencias,PREEMPCAO_COMPENSADA,18,VE_ROTA_VE_CORREDOR_00,ambulancia,372.50,0.00,0,12.02,153.54
339,multiplas_emergencias,PREEMPCAO_COMPENSADA,18,VE_ROTA_VE_TRANSVERSAL_01,bombeiro,198.80,0.00,0,12.53,60.38
339,multiplas_emergencias,PREEMPCAO_COMPENSADA,18,VE_ROTA_VE_CORREDOR_01,bombeiro,332.20,0.00,0,13.47,113.26
339,multiplas_emergencias,PREEMPCAO_COMPENSADA,18,VE_ROTA_VE_TRANSVERSAL_02,policia,193.80,9.00,1,12.87,55.21
339,multiplas_emergencias,PREEMPCAO_COMPENSADA,18,VE_ROTA_VE_CORREDOR_02,policia,321.00,0.00,0,13.95,101.99
339,multiplas_emergencias,PREEMPCAO_COMPENSADA,18,VE_ROTA_VE_TRANSVERSAL_03,ambulancia,173.40,13.90,1,14.38,34.83
339,multiplas_emergencias,PREEMPCAO_COMPENSADA,18,VE_ROTA_VE_CORREDOR_03,ambulancia,299.70,0.00,0,14.94,80.72
339,multiplas_emergencias,PREEMPCAO_COMPENSADA,18,VE_ROTA_VE_TRANSVERSAL_04,bombeiro,186.70,0.00,0,13.35,48.35
339,multiplas_emergencias,PREEMPCAO_COMPENSADA,18,VE_ROTA_VE_CORREDOR_04,bombeiro,298.40,1.40,1,15.00,79.51
339,multiplas_emergencias,PREEMPCAO_COMPENSADA,18,VE_ROTA_VE_TRANSVERSAL_05,policia,223.70,2.40,1,11.15,85.17
339,multiplas_emergencias,PREEMPCAO_COMPENSADA,18,VE_ROTA_VE_CORREDOR_05,policia,298.40,0.00,0,15.01,79.45
340,multiplas_emergencias,PREEMPCAO_ML,18,VE_ROTA_VE_TRANSVERSAL_00,ambulancia,210.20,25.50,1,11.86,71.70
340,multiplas_emergencias,PREEMPCAO_ML,18,VE_ROTA_VE_CORREDOR_00,ambulancia,364.50,0.80,1,12.28,145.48
340,multiplas_emergencias,PREEMPCAO_ML,18,VE_ROTA_VE_TRANSVERSAL_01,bombeiro,215.00,12.10,2,11.59,76.60
340,multiplas_emergencias,PREEMPCAO_ML,18,VE_ROTA_VE_CORREDOR_01,bombeiro,308.30,0.00,0,14.52,89.36
340,multiplas_emergencias,PREEMPCAO_ML,18,VE_ROTA_VE_TRANSVERSAL_02,policia,234.80,20.80,3,10.62,96.23
340,multiplas_emergencias,PREEMPCAO_ML,18,VE_ROTA_VE_CORREDOR_02,policia,325.70,0.00,0,13.75,106.64
340,multiplas_emergencias,PREEMPCAO_ML,18,VE_ROTA_VE_TRANSVERSAL_03,ambulancia,192.00,17.30,2,12.99,53.42
340,multiplas_emergencias,PREEMPCAO_ML,18,VE_ROTA_VE_CORREDOR_03,ambulancia,345.30,0.00,0,12.97,126.31
340,multiplas_emergencias,PREEMPCAO_ML,18,VE_ROTA_VE_TRANSVERSAL_04,bombeiro,201.60,2.50,1,12.36,63.16
340,multiplas_emergencias,PREEMPCAO_ML,18,VE_ROTA_VE_CORREDOR_04,bombeiro,275.60,0.00,0,16.24,56.68
340,multiplas_emergencias,PREEMPCAO_ML,18,VE_ROTA_VE_TRANSVERSAL_05,policia,208.80,6.40,1,11.95,70.20
340,multiplas_emergencias,PREEMPCAO_ML,18,VE_ROTA_VE_CORREDOR_05,policia,289.90,0.00,0,15.45,70.86
341,leve,FIXO,19,VE_ROTA_VE_CORREDOR_00,ambulancia,441.40,100.90,5,10.14,222.35
341,leve,FIXO,19,VE_ROTA_VE_CORREDOR_01,bombeiro,467.20,122.90,5,9.58,248.21
341,leve,FIXO,19,VE_ROTA_VE_CORREDOR_02,policia,495.90,161.10,7,9.03,276.91
341,leve,FIXO,19,VE_ROTA_VE_CORREDOR_03,ambulancia,458.80,112.30,5,9.76,239.72
341,leve,FIXO,19,VE_ROTA_VE_CORREDOR_04,bombeiro,489.50,122.80,6,9.14,270.53
342,leve,PREEMPCAO,19,VE_ROTA_VE_CORREDOR_00,ambulancia,280.30,2.00,1,15.97,61.30
342,leve,PREEMPCAO,19,VE_ROTA_VE_CORREDOR_01,bombeiro,284.00,2.70,1,15.76,65.11
342,leve,PREEMPCAO,19,VE_ROTA_VE_CORREDOR_02,policia,292.20,1.80,1,15.32,73.27
342,leve,PREEMPCAO,19,VE_ROTA_VE_CORREDOR_03,ambulancia,301.20,1.90,1,14.86,82.19
342,leve,PREEMPCAO,19,VE_ROTA_VE_CORREDOR_04,bombeiro,268.90,4.90,1,16.64,50.02
342,leve,PREEMPCAO,19,VE_ROTA_VE_CORREDOR_05,policia,283.20,0.00,0,15.81,64.21
343,leve,PREEMPCAO_COMPENSADA,19,VE_ROTA_VE_CORREDOR_00,ambulancia,280.00,2.00,1,15.99,61.00
343,leve,PREEMPCAO_COMPENSADA,19,VE_ROTA_VE_CORREDOR_01,bombeiro,259.60,0.00,0,17.24,40.73
343,leve,PREEMPCAO_COMPENSADA,19,VE_ROTA_VE_CORREDOR_02,policia,281.20,0.00,0,15.92,62.15
343,leve,PREEMPCAO_COMPENSADA,19,VE_ROTA_VE_CORREDOR_03,ambulancia,239.50,0.00,0,18.69,20.52
343,leve,PREEMPCAO_COMPENSADA,19,VE_ROTA_VE_CORREDOR_04,bombeiro,240.30,1.90,1,18.62,21.44
343,leve,PREEMPCAO_COMPENSADA,19,VE_ROTA_VE_CORREDOR_05,policia,251.20,0.00,0,17.83,32.21
344,moderado,FIXO,19,VE_ROTA_VE_CORREDOR_00,ambulancia,524.20,92.80,7,8.54,305.17
344,moderado,FIXO,19,VE_ROTA_VE_CORREDOR_01,bombeiro,487.20,53.70,5,9.19,268.26
344,moderado,FIXO,19,VE_ROTA_VE_CORREDOR_02,policia,442.00,78.50,5,10.13,223.03
344,moderado,FIXO,19,VE_ROTA_VE_CORREDOR_03,ambulancia,468.20,75.50,5,9.56,249.17
344,moderado,FIXO,19,VE_ROTA_VE_CORREDOR_04,bombeiro,507.10,57.10,5,8.83,288.16
345,moderado,PREEMPCAO,19,VE_ROTA_VE_CORREDOR_00,ambulancia,367.40,0.00,0,12.19,148.49
345,moderado,PREEMPCAO,19,VE_ROTA_VE_CORREDOR_01,bombeiro,308.20,0.00,0,14.52,89.26
345,moderado,PREEMPCAO,19,VE_ROTA_VE_CORREDOR_02,policia,308.00,0.00,0,14.54,88.90
345,moderado,PREEMPCAO,19,VE_ROTA_VE_CORREDOR_03,ambulancia,313.00,0.00,0,14.30,94.00
345,moderado,PREEMPCAO,19,VE_ROTA_VE_CORREDOR_04,bombeiro,323.60,0.00,0,13.83,104.71
345,moderado,PREEMPCAO,19,VE_ROTA_VE_CORREDOR_05,policia,289.80,0.00,0,15.45,70.79
346,moderado,PREEMPCAO_COMPENSADA,19,VE_ROTA_VE_CORREDOR_00,ambulancia,363.20,0.00,0,12.33,144.19
346,moderado,PREEMPCAO_COMPENSADA,19,VE_ROTA_VE_CORREDOR_01,bombeiro,328.10,0.00,0,13.64,109.23
346,moderado,PREEMPCAO_COMPENSADA,19,VE_ROTA_VE_CORREDOR_02,policia,304.60,0.00,0,14.70,85.56
346,moderado,PREEMPCAO_COMPENSADA,19,VE_ROTA_VE_CORREDOR_03,ambulancia,285.00,0.00,0,15.71,66.01
346,moderado,PREEMPCAO_COMPENSADA,19,VE_ROTA_VE_CORREDOR_04,bombeiro,329.80,0.00,0,13.57,111.00
346,moderado,PREEMPCAO_COMPENSADA,19,VE_ROTA_VE_CORREDOR_05,policia,299.30,0.00,0,14.96,80.30
347,intenso,FIXO,19,VE_ROTA_VE_CORREDOR_00,ambulancia,600.10,126.80,8,7.46,381.11
347,intenso,FIXO,19,VE_ROTA_VE_CORREDOR_01,bombeiro,481.50,54.90,5,9.29,262.56
347,intenso,FIXO,19,VE_ROTA_VE_CORREDOR_02,policia,519.00,69.50,6,8.63,299.89
347,intenso,FIXO,19,VE_ROTA_VE_CORREDOR_03,ambulancia,555.10,59.40,7,8.07,336.20
347,intenso,FIXO,19,VE_ROTA_VE_CORREDOR_04,bombeiro,518.40,51.70,5,8.63,299.48
348,intenso,PREEMPCAO,19,VE_ROTA_VE_CORREDOR_00,ambulancia,425.30,10.10,1,10.53,206.30
348,intenso,PREEMPCAO,19,VE_ROTA_VE_CORREDOR_01,bombeiro,351.50,0.00,0,12.73,132.62
348,intenso,PREEMPCAO,19,VE_ROTA_VE_CORREDOR_02,policia,371.40,0.00,0,12.06,152.41
348,intenso,PREEMPCAO,19,VE_ROTA_VE_CORREDOR_03,ambulancia,350.40,0.00,0,12.78,131.39
348,intenso,PREEMPCAO,19,VE_ROTA_VE_CORREDOR_04,bombeiro,414.00,1.70,1,10.81,195.05
349,intenso,PREEMPCAO_COMPENSADA,19,VE_ROTA_VE_CORREDOR_00,ambulancia,427.80,8.90,1,10.47,208.83
349,intenso,PREEMPCAO_COMPENSADA,19,VE_ROTA_VE_CORREDOR_01,bombeiro,360.90,0.00,0,12.40,141.92
349,intenso,PREEMPCAO_COMPENSADA,19,VE_ROTA_VE_CORREDOR_02,policia,366.50,0.00,0,12.22,147.47
349,intenso,PREEMPCAO_COMPENSADA,19,VE_ROTA_VE_CORREDOR_03,ambulancia,359.80,0.00,0,12.44,140.73
349,intenso,PREEMPCAO_COMPENSADA,19,VE_ROTA_VE_CORREDOR_04,bombeiro,398.90,2.70,1,11.22,179.96
350,multiplas_emergencias,FIXO,19,VE_ROTA_VE_TRANSVERSAL_00,ambulancia,294.20,44.10,4,8.48,155.70
350,multiplas_emergencias,FIXO,19,VE_ROTA_VE_CORREDOR_00,ambulancia,525.60,91.10,7,8.52,306.66
350,multiplas_emergencias,FIXO,19,VE_ROTA_VE_TRANSVERSAL_01,bombeiro,265.40,15.30,3,9.39,127.03
350,multiplas_emergencias,FIXO,19,VE_ROTA_VE_CORREDOR_01,bombeiro,487.20,54.00,5,9.19,268.26
350,multiplas_emergencias,FIXO,19,VE_ROTA_VE_TRANSVERSAL_02,policia,292.50,80.50,4,8.53,153.97
350,multiplas_emergencias,FIXO,19,VE_ROTA_VE_CORREDOR_02,policia,442.00,77.60,5,10.13,223.05
350,multiplas_emergencias,FIXO,19,VE_ROTA_VE_TRANSVERSAL_03,ambulancia,244.80,25.20,2,10.19,106.29
350,multiplas_emergencias,FIXO,19,VE_ROTA_VE_CORREDOR_03,ambulancia,468.20,74.30,5,9.56,249.11
350,multiplas_emergencias,FIXO,19,VE_ROTA_VE_TRANSVERSAL_04,bombeiro,275.10,79.60,4,9.06,136.74
350,multiplas_emergencias,FIXO,19,VE_ROTA_VE_CORREDOR_04,bombeiro,504.40,65.60,5,8.87,285.52
350,multiplas_emergencias,FIXO,19,VE_ROTA_VE_TRANSVERSAL_05,policia,234.90,17.60,1,10.62,96.39
351,multiplas_emergencias,PREEMPCAO,19,VE_ROTA_VE_TRANSVERSAL_00,ambulancia,210.70,0.00,0,11.84,72.19
351,multiplas_emergencias,PREEMPCAO,19,VE_ROTA_VE_CORREDOR_00,ambulancia,360.50,0.00,0,12.42,141.51
351,multiplas_emergencias,PREEMPCAO,19,VE_ROTA_VE_TRANSVERSAL_01,bombeiro,201.80,16.00,2,12.35,63.37
351,multiplas_emergencias,PREEMPCAO,19,VE_ROTA_VE_CORREDOR_01,bombeiro,336.60,2.00,1,13.30,117.67
351,multiplas_emergencias,PREEMPCAO,19,VE_ROTA_VE_TRANSVERSAL_02,policia,148.80,0.00,0,16.76,10.27
351,multiplas_emergencias,PREEMPCAO,19,VE_ROTA_VE_CORREDOR_02,policia,327.50,0.00,0,13.67,108.51
351,multiplas_emergencias,PREEMPCAO,19,VE_ROTA_VE_TRANSVERSAL_03,ambulancia,204.40,0.00,0,12.20,65.92
351,multiplas_emergencias,PREEMPCAO,19,VE_ROTA_VE_CORREDOR_03,ambulancia,284.70,1.60,1,15.73,65.67
351,multiplas_emergencias,PREEMPCAO,19,VE_ROTA_VE_TRANSVERSAL_04,bombeiro,156.80,1.50,1,15.89,18.43
351,multiplas_emergencias,PREEMPCAO,19,VE_ROTA_VE_CORREDOR_04,bombeiro,325.20,0.00,0,13.76,106.27
351,multiplas_emergencias,PREEMPCAO,19,VE_ROTA_VE_TRANSVERSAL_05,policia,189.90,9.20,1,13.13,51.35
351,multiplas_emergencias,PREEMPCAO,19,VE_ROTA_VE_CORREDOR_05,policia,287.10,0.00,0,15.60,68.17
352,multiplas_emergencias,PREEMPCAO_COMPENSADA,19,VE_ROTA_VE_TRANSVERSAL_00,ambulancia,210.70,0.00,0,11.84,72.19
352,multiplas_emergencias,PREEMPCAO_COMPENSADA,19,VE_ROTA_VE_CORREDOR_00,ambulancia,349.50,0.00,0,12.81,130.51
352,multiplas_emergencias,PREEMPCAO_COMPENSADA,19,VE_ROTA_VE_TRANSVERSAL_01,bombeiro,199.80,3.70,2,12.47,61.37
352,multiplas_emergencias,PREEMPCAO_COMPENSADA,19,VE_ROTA_VE_CORREDOR_01,bombeiro,339.70,0.00,0,13.17,120.81
352,multiplas_emergencias,PREEMPCAO_COMPENSADA,19,VE_ROTA_VE_TRANSVERSAL_02,policia,170.00,0.70,1,14.67,31.39
352,multiplas_emergencias,PREEMPCAO_COMPENSADA,19,VE_ROTA_VE_CORREDOR_02,policia,319.40,1.10,1,14.02,100.34
352,multiplas_emergencias,PREEMPCAO_COMPENSADA,19,VE_ROTA_VE_TRANSVERSAL_03,ambulancia,188.40,0.00,0,13.24,49.90
352,multiplas_emergencias,PREEMPCAO_COMPENSADA,19,VE_ROTA_VE_CORREDOR_03,ambulancia,330.30,5.10,1,13.56,111.30
352,multiplas_emergencias,PREEMPCAO_COMPENSADA,19,VE_ROTA_VE_TRANSVERSAL_04,bombeiro,159.60,2.80,1,15.61,21.18
352,multiplas_emergencias,PREEMPCAO_COMPENSADA,19,VE_ROTA_VE_CORREDOR_04,bombeiro,314.00,0.00,0,14.25,95.08
352,multiplas_emergencias,PREEMPCAO_COMPENSADA,19,VE_ROTA_VE_TRANSVERSAL_05,policia,183.20,0.00,0,13.61,44.59
353,multiplas_emergencias,PREEMPCAO_ML,19,VE_ROTA_VE_TRANSVERSAL_00,ambulancia,261.20,25.10,2,9.55,122.70
353,multiplas_emergencias,PREEMPCAO_ML,19,VE_ROTA_VE_CORREDOR_00,ambulancia,347.70,0.00,0,12.88,128.61
353,multiplas_emergencias,PREEMPCAO_ML,19,VE_ROTA_VE_TRANSVERSAL_01,bombeiro,219.70,15.20,1,11.34,81.32
353,multiplas_emergencias,PREEMPCAO_ML,19,VE_ROTA_VE_CORREDOR_01,bombeiro,360.00,8.00,2,12.43,141.07
353,multiplas_emergencias,PREEMPCAO_ML,19,VE_ROTA_VE_TRANSVERSAL_02,policia,166.70,3.70,1,14.96,28.12
353,multiplas_emergencias,PREEMPCAO_ML,19,VE_ROTA_VE_CORREDOR_02,policia,296.20,5.10,2,15.12,77.16
353,multiplas_emergencias,PREEMPCAO_ML,19,VE_ROTA_VE_TRANSVERSAL_03,ambulancia,180.30,6.80,1,13.83,41.77
353,multiplas_emergencias,PREEMPCAO_ML,19,VE_ROTA_VE_CORREDOR_03,ambulancia,285.90,0.00,0,15.66,66.91
353,multiplas_emergencias,PREEMPCAO_ML,19,VE_ROTA_VE_TRANSVERSAL_04,bombeiro,149.50,2.80,1,16.67,11.12
353,multiplas_emergencias,PREEMPCAO_ML,19,VE_ROTA_VE_CORREDOR_04,bombeiro,317.10,0.00,0,14.11,98.22
353,multiplas_emergencias,PREEMPCAO_ML,19,VE_ROTA_VE_TRANSVERSAL_05,policia,192.20,9.10,1,12.98,53.63
353,multiplas_emergencias,PREEMPCAO_ML,19,VE_ROTA_VE_CORREDOR_05,policia,282.00,0.00,0,15.88,63.03
354,leve,FIXO,20,VE_ROTA_VE_CORREDOR_00,ambulancia,442.40,108.00,6,10.12,223.45
354,leve,FIXO,20,VE_ROTA_VE_CORREDOR_01,bombeiro,470.90,118.80,5,9.50,252.01
354,leve,FIXO,20,VE_ROTA_VE_CORREDOR_02,policia,434.00,95.40,6,10.32,214.99
354,leve,FIXO,20,VE_ROTA_VE_CORREDOR_03,ambulancia,462.70,93.00,5,9.68,243.74
354,leve,FIXO,20,VE_ROTA_VE_CORREDOR_04,bombeiro,417.70,88.30,5,10.71,198.90
355,leve,PREEMPCAO,20,VE_ROTA_VE_CORREDOR_00,ambulancia,280.40,2.30,1,15.97,61.43
355,leve,PREEMPCAO,20,VE_ROTA_VE_CORREDOR_01,bombeiro,241.20,0.00,0,18.55,22.35
355,leve,PREEMPCAO,20,VE_ROTA_VE_CORREDOR_02,policia,240.80,0.00,0,18.60,21.74
355,leve,PREEMPCAO,20,VE_ROTA_VE_CORREDOR_03,ambulancia,281.80,0.00,0,15.89,62.83
355,leve,PREEMPCAO,20,VE_ROTA_VE_CORREDOR_04,bombeiro,242.90,0.00,0,18.42,23.98
355,leve,PREEMPCAO,20,VE_ROTA_VE_CORREDOR_05,policia,263.20,0.00,0,17.01,44.16
356,leve,PREEMPCAO_COMPENSADA,20,VE_ROTA_VE_CORREDOR_00,ambulancia,280.30,2.30,1,15.97,61.37
356,leve,PREEMPCAO_COMPENSADA,20,VE_ROTA_VE_CORREDOR_01,bombeiro,257.70,0.00,0,17.37,38.77
356,leve,PREEMPCAO_COMPENSADA,20,VE_ROTA_VE_CORREDOR_02,policia,226.70,0.00,0,19.75,7.66
356,leve,PREEMPCAO_COMPENSADA,20,VE_ROTA_VE_CORREDOR_03,ambulancia,280.60,0.00,0,15.96,61.58
356,leve,PREEMPCAO_COMPENSADA,20,VE_ROTA_VE_CORREDOR_04,bombeiro,239.30,0.00,0,18.70,20.36
356,leve,PREEMPCAO_COMPENSADA,20,VE_ROTA_VE_CORREDOR_05,policia,280.50,5.90,2,15.96,61.44
357,moderado,FIXO,20,VE_ROTA_VE_CORREDOR_00,ambulancia,453.10,62.20,5,9.88,234.10
357,moderado,FIXO,20,VE_ROTA_VE_CORREDOR_01,bombeiro,474.80,67.70,5,9.43,255.90
357,moderado,FIXO,20,VE_ROTA_VE_CORREDOR_02,policia,508.70,138.30,6,8.80,289.68
357,moderado,FIXO,20,VE_ROTA_VE_CORREDOR_03,ambulancia,480.90,42.90,5,9.31,261.94
357,moderado,FIXO,20,VE_ROTA_VE_CORREDOR_04,bombeiro,493.80,107.10,6,9.06,274.83
358,moderado,PREEMPCAO,20,VE_ROTA_VE_CORREDOR_00,ambulancia,332.30,2.30,1,13.47,113.28
358,moderado,PREEMPCAO,20,VE_ROTA_VE_CORREDOR_01,bombeiro,350.60,0.00,0,12.76,131.73
358,moderado,PREEMPCAO,20,VE_ROTA_VE_CORREDOR_02,policia,312.00,0.00,0,14.35,92.95
358,moderado,PREEMPCAO,20,VE_ROTA_VE_CORREDOR_03,ambulancia,319.10,0.00,0,14.03,100.10
358,moderado,PREEMPCAO,20,VE_ROTA_VE_CORREDOR_04,bombeiro,319.20,0.00,0,14.02,100.26
358,moderado,PREEMPCAO,20,VE_ROTA_VE_CORREDOR_05,policia,282.70,0.00,0,15.84,63.69
359,moderado,PREEMPCAO_COMPENSADA,20,VE_ROTA_VE_CORREDOR_00,ambulancia,332.20,2.30,1,13.48,113.18
359,moderado,PREEMPCAO_COMPENSADA,20,VE_ROTA_VE_CORREDOR_01,bombeiro,300.50,0.00,0,14.89,81.59
359,moderado,PREEMPCAO_COMPENSADA,20,VE_ROTA_VE_CORREDOR_02,policia,261.60,0.00,0,17.12,42.50
359,moderado,PREEMPCAO_COMPENSADA,20,VE_ROTA_VE_CORREDOR_03,ambulancia,311.20,0.00,0,14.39,92.25
359,moderado,PREEMPCAO_COMPENSADA,20,VE_ROTA_VE_CORREDOR_04,bombeiro,297.30,0.00,0,15.05,78.38
359,moderado,PREEMPCAO_COMPENSADA,20,VE_ROTA_VE_CORREDOR_05,policia,267.50,0.00,0,16.74,48.46
360,intenso,FIXO,20,VE_ROTA_VE_CORREDOR_00,ambulancia,525.10,51.80,6,8.53,306.10
360,intenso,FIXO,20,VE_ROTA_VE_CORREDOR_01,bombeiro,526.90,73.00,4,8.49,308.04
360,intenso,FIXO,20,VE_ROTA_VE_CORREDOR_02,policia,595.80,96.10,8,7.52,376.73
360,intenso,FIXO,20,VE_ROTA_VE_CORREDOR_03,ambulancia,551.30,63.00,6,8.12,332.33
360,intenso,FIXO,20,VE_ROTA_VE_CORREDOR_04,bombeiro,505.10,84.60,6,8.86,286.12
361,intenso,PREEMPCAO,20,VE_ROTA_VE_CORREDOR_00,ambulancia,490.20,9.20,1,9.13,271.25
361,intenso,PREEMPCAO,20,VE_ROTA_VE_CORREDOR_01,bombeiro,374.10,3.00,1,11.96,155.23
361,intenso,PREEMPCAO,20,VE_ROTA_VE_CORREDOR_02,policia,392.30,9.20,1,11.41,173.20
361,intenso,PREEMPCAO,20,VE_ROTA_VE_CORREDOR_03,ambulancia,359.00,0.00,0,12.47,139.99
361,intenso,PREEMPCAO,20,VE_ROTA_VE_CORREDOR_04,bombeiro,340.30,0.00,0,13.15,121.37
362,intenso,PREEMPCAO_COMPENSADA,20,VE_ROTA_VE_CORREDOR_00,ambulancia,490.10,9.10,1,9.14,271.20
362,intenso,PREEMPCAO_COMPENSADA,20,VE_ROTA_VE_CORREDOR_01,bombeiro,395.50,0.00,0,11.32,176.51
362,intenso,PREEMPCAO_COMPENSADA,20,VE_ROTA_VE_CORREDOR_02,policia,372.00,1.40,1,12.04,152.94
362,intenso,PREEMPCAO_COMPENSADA,20,VE_ROTA_VE_CORREDOR_03,ambulancia,377.80,0.00,0,11.85,158.78
362,intenso,PREEMPCAO_COMPENSADA,20,VE_ROTA_VE_CORREDOR_04,bombeiro,347.00,0.00,0,12.90,128.07
363,multiplas_emergencias,FIXO,20,VE_ROTA_VE_TRANSVERSAL_00,ambulancia,295.20,87.70,4,8.45,156.70
363,multiplas_emergencias,FIXO,20,VE_ROTA_VE_CORREDOR_00,ambulancia,453.10,63.90,5,9.88,234.13
363,multiplas_emergencias,FIXO,20,VE_ROTA_VE_TRANSVERSAL_01,bombeiro,264.40,9.80,1,9.42,125.97
363,multiplas_emergencias,FIXO,20,VE_ROTA_VE_CORREDOR_01,bombeiro,472.80,70.20,5,9.47,253.82
363,multiplas_emergencias,FIXO,20,VE_ROTA_VE_TRANSVERSAL_02,policia,280.80,41.20,4,8.88,142.23
363,multiplas_emergencias,FIXO,20,VE_ROTA_VE_CORREDOR_02,policia,508.80,138.40,6,8.80,289.71
363,multiplas_emergencias,FIXO,20,VE_ROTA_VE_TRANSVERSAL_03,ambulancia,246.00,33.10,3,10.14,107.50
363,multiplas_emergencias,FIXO,20,VE_ROTA_VE_CORREDOR_03,ambulancia,480.60,43.00,5,9.32,261.57
363,multiplas_emergencias,FIXO,20,VE_ROTA_VE_TRANSVERSAL_04,bombeiro,281.90,20.10,2,8.84,143.49
363,multiplas_emergencias,FIXO,20,VE_ROTA_VE_CORREDOR_04,bombeiro,493.90,107.50,6,9.06,274.99
364,multiplas_emergencias,PREEMPCAO,20,VE_ROTA_VE_TRANSVERSAL_00,ambulancia,203.30,0.00,0,12.27,64.80
364,multiplas_emergencias,PREEMPCAO,20,VE_ROTA_VE_CORREDOR_00,ambulancia,352.60,6.60,2,12.70,133.59
364,multiplas_emergencias,PREEMPCAO,20,VE_ROTA_VE_TRANSVERSAL_01,bombeiro,214.60,7.30,1,11.61,76.24
364,multiplas_emergencias,PREEMPCAO,20,VE_ROTA_VE_CORREDOR_01,bombeiro,366.70,0.00,0,12.20,147.78
364,multiplas_emergencias,PREEMPCAO,20,VE_ROTA_VE_TRANSVERSAL_02,policia,233.00,5.80,1,10.70,94.47
364,multiplas_emergencias,PREEMPCAO,20,VE_ROTA_VE_CORREDOR_02,policia,329.70,0.00,0,13.58,110.68
364,multiplas_emergencias,PREEMPCAO,20,VE_ROTA_VE_TRANSVERSAL_03,ambulancia,168.80,0.00,0,14.77,30.31
364,multiplas_emergencias,PREEMPCAO,20,VE_ROTA_VE_CORREDOR_03,ambulancia,312.00,0.00,0,14.35,92.97
364,multiplas_emergencias,PREEMPCAO,20,VE_ROTA_VE_TRANSVERSAL_04,bombeiro,215.00,0.00,0,11.59,76.59
364,multiplas_emergencias,PREEMPCAO,20,VE_ROTA_VE_CORREDOR_04,bombeiro,280.70,0.00,0,15.94,61.77
364,multiplas_emergencias,PREEMPCAO,20,VE_ROTA_VE_TRANSVERSAL_05,policia,209.30,0.00,0,11.92,70.77
365,multiplas_emergencias,PREEMPCAO_COMPENSADA,20,VE_ROTA_VE_TRANSVERSAL_00,ambulancia,203.20,0.00,0,12.27,64.70
365,multiplas_emergencias,PREEMPCAO_COMPENSADA,20,VE_ROTA_VE_CORREDOR_00,ambulancia,352.30,6.60,2,12.71,133.28
365,multiplas_emergencias,PREEMPCAO_COMPENSADA,20,VE_ROTA_VE_TRANSVERSAL_01,bombeiro,180.40,0.00,0,13.81,41.99
365,multiplas_emergencias,PREEMPCAO_COMPENSADA,20,VE_ROTA_VE_CORREDOR_01,bombeiro,345.50,0.00,0,12.95,126.58
365,multiplas_emergencias,PREEMPCAO_COMPENSADA,20,VE_ROTA_VE_TRANSVERSAL_02,policia,242.50,5.80,1,10.29,103.92
365,multiplas_emergencias,PREEMPCAO_COMPENSADA,20,VE_ROTA_VE_CORREDOR_02,policia,316.00,0.00,0,14.17,96.98
365,multiplas_emergencias,PREEMPCAO_COMPENSADA,20,VE_ROTA_VE_TRANSVERSAL_03,ambulancia,213.40,0.00,0,11.69,74.87
365,multiplas_emergencias,PREEMPCAO_COMPENSADA,20,VE_ROTA_VE_CORREDOR_03,ambulancia,289.20,0.00,0,15.48,70.23
365,multiplas_emergencias,PREEMPCAO_COMPENSADA,20,VE_ROTA_VE_TRANSVERSAL_04,bombeiro,229.80,7.00,1,10.84,91.46
365,multiplas_emergencias,PREEMPCAO_COMPENSADA,20,VE_ROTA_VE_CORREDOR_04,bombeiro,309.50,2.80,1,14.46,90.62
365,multiplas_emergencias,PREEMPCAO_COMPENSADA,20,VE_ROTA_VE_TRANSVERSAL_05,policia,215.00,0.00,0,11.60,76.44
365,multiplas_emergencias,PREEMPCAO_COMPENSADA,20,VE_ROTA_VE_CORREDOR_05,policia,293.80,0.00,0,15.24,74.78
366,multiplas_emergencias,PREEMPCAO_ML,20,VE_ROTA_VE_TRANSVERSAL_00,ambulancia,208.20,9.50,1,11.98,69.69
366,multiplas_emergencias,PREEMPCAO_ML,20,VE_ROTA_VE_CORREDOR_00,ambulancia,354.20,2.30,1,12.64,135.23
366,multiplas_emergencias,PREEMPCAO_ML,20,VE_ROTA_VE_TRANSVERSAL_01,bombeiro,229.90,28.20,2,10.84,91.48
366,multiplas_emergencias,PREEMPCAO_ML,20,VE_ROTA_VE_CORREDOR_01,bombeiro,327.30,0.00,0,13.67,108.38
366,multiplas_emergencias,PREEMPCAO_ML,20,VE_ROTA_VE_TRANSVERSAL_02,policia,212.20,3.50,1,11.75,73.68
366,multiplas_emergencias,PREEMPCAO_ML,20,VE_ROTA_VE_CORREDOR_02,policia,286.70,0.00,0,15.62,67.65
366,multiplas_emergencias,PREEMPCAO_ML,20,VE_ROTA_VE_TRANSVERSAL_03,ambulancia,222.30,31.60,3,11.22,83.73
366,multiplas_emergencias,PREEMPCAO_ML,20,VE_ROTA_VE_CORREDOR_03,ambulancia,295.50,0.00,0,15.15,76.55
366,multiplas_emergencias,PREEMPCAO_ML,20,VE_ROTA_VE_TRANSVERSAL_04,bombeiro,222.10,5.30,2,11.22,83.69
366,multiplas_emergencias,PREEMPCAO_ML,20,VE_ROTA_VE_CORREDOR_04,bombeiro,348.80,0.00,0,12.83,129.90
366,multiplas_emergencias,PREEMPCAO_ML,20,VE_ROTA_VE_TRANSVERSAL_05,policia,216.70,6.60,1,11.51,78.11
366,multiplas_emergencias,PREEMPCAO_ML,20,VE_ROTA_VE_CORREDOR_05,policia,289.40,0.00,0,15.47,70.39
367,leve,FIXO,21,VE_ROTA_VE_CORREDOR_00,ambulancia,510.40,155.70,6,8.77,291.44
367,leve,FIXO,21,VE_ROTA_VE_CORREDOR_01,bombeiro,396.90,105.70,4,11.28,177.92
367,leve,FIXO,21,VE_ROTA_VE_CORREDOR_02,policia,431.00,89.20,5,10.39,211.92
367,leve,FIXO,21,VE_ROTA_VE_CORREDOR_03,ambulancia,459.90,100.50,5,9.74,241.00
367,leve,FIXO,21,VE_ROTA_VE_CORREDOR_04,bombeiro,485.90,111.90,6,9.21,266.95
368,leve,PREEMPCAO,21,VE_ROTA_VE_CORREDOR_00,ambulancia,301.80,2.30,2,14.84,82.81
368,leve,PREEMPCAO,21,VE_ROTA_VE_CORREDOR_01,bombeiro,260.10,0.00,0,17.21,41.16
368,leve,PREEMPCAO,21,VE_ROTA_VE_CORREDOR_02,policia,265.70,0.00,0,16.85,46.69
368,leve,PREEMPCAO,21,VE_ROTA_VE_CORREDOR_03,ambulancia,271.00,0.00,0,16.52,52.07
368,leve,PREEMPCAO,21,VE_ROTA_VE_CORREDOR_04,bombeiro,295.60,0.00,0,15.14,76.68
368,leve,PREEMPCAO,21,VE_ROTA_VE_CORREDOR_05,policia,254.70,0.00,0,17.58,35.66
369,leve,PREEMPCAO_COMPENSADA,21,VE_ROTA_VE_CORREDOR_00,ambulancia,297.80,2.20,2,15.03,78.79
369,leve,PREEMPCAO_COMPENSADA,21,VE_ROTA_VE_CORREDOR_01,bombeiro,264.80,0.00,0,16.90,45.89
369,leve,PREEMPCAO_COMPENSADA,21,VE_ROTA_VE_CORREDOR_02,policia,243.30,1.80,1,18.40,24.28
369,leve,PREEMPCAO_COMPENSADA,21,VE_ROTA_VE_CORREDOR_03,ambulancia,274.70,0.00,0,16.30,55.69
369,leve,PREEMPCAO_COMPENSADA,21,VE_ROTA_VE_CORREDOR_04,bombeiro,250.00,0.00,0,17.90,31.11
369,leve,PREEMPCAO_COMPENSADA,21,VE_ROTA_VE_CORREDOR_05,policia,274.20,6.30,2,16.33,55.10
370,moderado,FIXO,21,VE_ROTA_VE_CORREDOR_00,ambulancia,454.40,80.50,5,9.85,235.40
370,moderado,FIXO,21,VE_ROTA_VE_CORREDOR_01,bombeiro,479.60,64.50,5,9.33,260.66
370,moderado,FIXO,21,VE_ROTA_VE_CORREDOR_02,policia,500.10,137.60,6,8.95,281.09
370,moderado,FIXO,21,VE_ROTA_VE_CORREDOR_03,ambulancia,467.90,78.20,5,9.57,248.85
370,moderado,FIXO,21,VE_ROTA_VE_CORREDOR_04,bombeiro,505.00,97.80,7,8.86,286.08
371,moderado,PREEMPCAO,21,VE_ROTA_VE_CORREDOR_00,ambulancia,326.10,2.30,1,13.73,107.15
371,moderado,PREEMPCAO,21,VE_ROTA_VE_CORREDOR_01,bombeiro,341.20,0.00,0,13.12,122.35
371,moderado,PREEMPCAO,21,VE_ROTA_VE_CORREDOR_02,policia,300.40,0.00,0,14.91,81.36
371,moderado,PREEMPCAO,21,VE_ROTA_VE_CORREDOR_03,ambulancia,310.40,0.00,0,14.42,91.34
371,moderado,PREEMPCAO,21,VE_ROTA_VE_CORREDOR_04,bombeiro,284.00,0.00,0,15.76,65.12
372,moderado,PREEMPCAO_COMPENSADA,21,VE_ROTA_VE_CORREDOR_00,ambulancia,326.10,2.30,1,13.73,107.18
372,moderado,PREEMPCAO_COMPENSADA,21,VE_ROTA_VE_CORREDOR_01,bombeiro,362.20,0.00,0,12.36,143.28
372,moderado,PREEMPCAO_COMPENSADA,21,VE_ROTA_VE_CORREDOR_02,policia,353.20,0.00,0,12.68,134.16
372,moderado,PREEMPCAO_COMPENSADA,21,VE_ROTA_VE_CORREDOR_03,ambulancia,310.20,0.00,0,14.43,91.13
372,moderado,PREEMPCAO_COMPENSADA,21,VE_ROTA_VE_CORREDOR_04,bombeiro,304.10,0.00,0,14.72,85.17
373,intenso,FIXO,21,VE_ROTA_VE_CORREDOR_00,ambulancia,535.80,144.30,6,8.36,316.77
373,intenso,FIXO,21,VE_ROTA_VE_CORREDOR_01,bombeiro,493.80,26.50,5,9.06,274.86
373,intenso,FIXO,21,VE_ROTA_VE_CORREDOR_02,policia,520.00,84.40,6,8.61,300.96
373,intenso,FIXO,21,VE_ROTA_VE_CORREDOR_03,ambulancia,480.20,11.80,4,9.32,261.16
373,intenso,FIXO,21,VE_ROTA_VE_CORREDOR_04,bombeiro,514.70,40.20,5,8.69,295.84
374,intenso,PREEMPCAO,21,VE_ROTA_VE_CORREDOR_00,ambulancia,438.80,0.00,0,10.20,219.71
374,intenso,PREEMPCAO,21,VE_ROTA_VE_CORREDOR_01,bombeiro,392.20,0.00,0,11.41,173.28
374,intenso,PREEMPCAO,21,VE_ROTA_VE_CORREDOR_02,policia,333.60,0.00,0,13.42,114.51
374,intenso,PREEMPCAO,21,VE_ROTA_VE_CORREDOR_03,ambulancia,382.60,0.00,0,11.70,163.63
374,intenso,PREEMPCAO,21,VE_ROTA_VE_CORREDOR_04,bombeiro,366.80,0.00,0,12.20,147.92
375,intenso,PREEMPCAO_COMPENSADA,21,VE_ROTA_VE_CORREDOR_00,ambulancia,437.10,0.00,0,10.24,218.07
375,intenso,PREEMPCAO_COMPENSADA,21,VE_ROTA_VE_CORREDOR_01,bombeiro,398.60,0.00,0,11.23,179.62
375,intenso,PREEMPCAO_COMPENSADA,21,VE_ROTA_VE_CORREDOR_02,policia,371.00,0.00,0,12.07,152.03
375,intenso,PREEMPCAO_COMPENSADA,21,VE_ROTA_VE_CORREDOR_03,ambulancia,390.20,0.00,0,11.47,171.15
375,intenso,PREEMPCAO_COMPENSADA,21,VE_ROTA_VE_CORREDOR_04,bombeiro,442.90,0.00,0,10.10,224.04
376,multiplas_emergencias,FIXO,21,VE_ROTA_VE_TRANSVERSAL_00,ambulancia,301.00,40.70,4,8.28,162.43
376,multiplas_emergencias,FIXO,21,VE_ROTA_VE_CORREDOR_00,ambulancia,454.60,80.50,5,9.85,235.53
376,multiplas_emergencias,FIXO,21,VE_ROTA_VE_TRANSVERSAL_01,bombeiro,261.40,22.10,2,9.53,122.99
376,multiplas_emergencias,FIXO,21,VE_ROTA_VE_CORREDOR_01,bombeiro,479.50,60.30,5,9.33,260.55
376,multiplas_emergencias,FIXO,21,VE_ROTA_VE_TRANSVERSAL_02,policia,291.50,40.60,3,8.56,152.94
376,multiplas_emergencias,FIXO,21,VE_ROTA_VE_CORREDOR_02,policia,500.30,137.30,6,8.95,281.36
376,multiplas_emergencias,FIXO,21,VE_ROTA_VE_TRANSVERSAL_03,ambulancia,247.50,17.40,2,10.08,108.97
376,multiplas_emergencias,FIXO,21,VE_ROTA_VE_CORREDOR_03,ambulancia,468.00,80.50,5,9.57,248.97
376,multiplas_emergencias,FIXO,21,VE_ROTA_VE_TRANSVERSAL_04,bombeiro,289.10,26.90,4,8.62,150.72
376,multiplas_emergencias,FIXO,21,VE_ROTA_VE_CORREDOR_04,bombeiro,505.10,97.90,7,8.86,286.20
376,multiplas_emergencias,FIXO,21,VE_ROTA_VE_TRANSVERSAL_05,policia,240.90,9.80,1,10.35,102.29
377,multiplas_emergencias,PREEMPCAO,21,VE_ROTA_VE_TRANSVERSAL_00,ambulancia,212.40,17.90,1,11.74,73.84
377,multiplas_emergencias,PREEMPCAO,21,VE_ROTA_VE_CORREDOR_00,ambulancia,292.60,2.30,1,15.30,73.58
377,multiplas_emergencias,PREEMPCAO,21,VE_ROTA_VE_TRANSVERSAL_01,bombeiro,170.90,0.00,0,14.58,32.52
377,multiplas_emergencias,PREEMPCAO,21,VE_ROTA_VE_CORREDOR_01,bombeiro,327.50,0.00,0,13.66,108.60
377,multiplas_emergencias,PREEMPCAO,21,VE_ROTA_VE_TRANSVERSAL_02,policia,203.50,6.30,2,12.26,64.92
377,multiplas_emergencias,PREEMPCAO,21,VE_ROTA_VE_CORREDOR_02,policia,341.40,13.30,2,13.12,122.33
377,multiplas_emergencias,PREEMPCAO,21,VE_ROTA_VE_TRANSVERSAL_03,ambulancia,237.80,12.80,2,10.49,99.26
377,multiplas_emergencias,PREEMPCAO,21,VE_ROTA_VE_CORREDOR_03,ambulancia,312.40,0.00,0,14.33,93.42
377,multiplas_emergencias,PREEMPCAO,21,VE_ROTA_VE_TRANSVERSAL_04,bombeiro,209.90,7.90,1,11.87,71.54
377,multiplas_emergencias,PREEMPCAO,21,VE_ROTA_VE_CORREDOR_04,bombeiro,299.70,0.00,0,14.93,80.80
377,multiplas_emergencias,PREEMPCAO,21,VE_ROTA_VE_TRANSVERSAL_05,policia,205.10,1.80,1,12.16,66.55
378,multiplas_emergencias,PREEMPCAO_COMPENSADA,21,VE_ROTA_VE_TRANSVERSAL_00,ambulancia,212.40,17.90,1,11.74,73.86
378,multiplas_emergencias,PREEMPCAO_COMPENSADA,21,VE_ROTA_VE_CORREDOR_00,ambulancia,283.40,2.30,1,15.80,64.38
378,multiplas_emergencias,PREEMPCAO_COMPENSADA,21,VE_ROTA_VE_TRANSVERSAL_01,bombeiro,184.90,0.00,0,13.48,46.52
378,multiplas_emergencias,PREEMPCAO_COMPENSADA,21,VE_ROTA_VE_CORREDOR_01,bombeiro,322.30,0.00,0,13.89,103.34
378,multiplas_emergencias,PREEMPCAO_COMPENSADA,21,VE_ROTA_VE_TRANSVERSAL_02,policia,202.40,0.00,0,12.32,63.87
378,multiplas_emergencias,PREEMPCAO_COMPENSADA,21,VE_ROTA_VE_CORREDOR_02,policia,349.30,0.00,0,12.82,130.32
378,multiplas_emergencias,PREEMPCAO_COMPENSADA,21,VE_ROTA_VE_TRANSVERSAL_03,ambulancia,215.40,6.20,1,11.58,76.90
378,multiplas_emergencias,PREEMPCAO_COMPENSADA,21,VE_ROTA_VE_CORREDOR_03,ambulancia,292.90,0.00,0,15.29,73.93
378,multiplas_emergencias,PREEMPCAO_COMPENSADA,21,VE_ROTA_VE_TRANSVERSAL_04,bombeiro,188.60,5.00,1,13.21,50.22
378,multiplas_emergencias,PREEMPCAO_COMPENSADA,21,VE_ROTA_VE_CORREDOR_04,bombeiro,317.00,0.00,0,14.12,98.14
378,multiplas_emergencias,PREEMPCAO_COMPENSADA,21,VE_ROTA_VE_TRANSVERSAL_05,policia,172.60,9.30,1,14.45,34.03
378,multiplas_emergencias,PREEMPCAO_COMPENSADA,21,VE_ROTA_VE_CORREDOR_05,policia,299.50,0.00,0,14.95,80.41
379,multiplas_emergencias,PREEMPCAO_ML,21,VE_ROTA_VE_TRANSVERSAL_00,ambulancia,212.40,17.90,1,11.74,73.84
379,multiplas_emergencias,PREEMPCAO_ML,21,VE_ROTA_VE_CORREDOR_00,ambulancia,292.60,2.30,1,15.30,73.58
379,multiplas_emergencias,PREEMPCAO_ML,21,VE_ROTA_VE_TRANSVERSAL_01,bombeiro,170.90,0.00,0,14.58,32.52
379,multiplas_emergencias,PREEMPCAO_ML,21,VE_ROTA_VE_CORREDOR_01,bombeiro,327.50,0.00,0,13.66,108.60
379,multiplas_emergencias,PREEMPCAO_ML,21,VE_ROTA_VE_TRANSVERSAL_02,policia,203.50,2.90,1,12.26,64.93
379,multiplas_emergencias,PREEMPCAO_ML,21,VE_ROTA_VE_CORREDOR_02,policia,339.90,11.00,1,13.17,120.89
379,multiplas_emergencias,PREEMPCAO_ML,21,VE_ROTA_VE_TRANSVERSAL_03,ambulancia,222.50,4.70,1,11.21,83.98
379,multiplas_emergencias,PREEMPCAO_ML,21,VE_ROTA_VE_CORREDOR_03,ambulancia,304.60,0.00,0,14.70,85.54
379,multiplas_emergencias,PREEMPCAO_ML,21,VE_ROTA_VE_TRANSVERSAL_04,bombeiro,205.80,16.00,2,12.11,67.43
379,multiplas_emergencias,PREEMPCAO_ML,21,VE_ROTA_VE_CORREDOR_04,bombeiro,342.90,0.00,0,13.05,123.99
379,multiplas_emergencias,PREEMPCAO_ML,21,VE_ROTA_VE_TRANSVERSAL_05,policia,180.90,16.70,2,13.79,42.36
380,leve,FIXO,22,VE_ROTA_VE_CORREDOR_00,ambulancia,439.40,109.90,5,10.19,220.44
380,leve,FIXO,22,VE_ROTA_VE_CORREDOR_01,bombeiro,467.80,126.40,5,9.57,248.92
380,leve,FIXO,22,VE_ROTA_VE_CORREDOR_02,policia,428.00,106.60,5,10.46,208.96
380,leve,FIXO,22,VE_ROTA_VE_CORREDOR_03,ambulancia,458.40,124.90,5,9.77,239.42
380,leve,FIXO,22,VE_ROTA_VE_CORREDOR_04,bombeiro,488.60,139.30,6,9.16,269.66
381,leve,PREEMPCAO,22,VE_ROTA_VE_CORREDOR_00,ambulancia,284.00,2.30,1,15.77,65.05
381,leve,PREEMPCAO,22,VE_ROTA_VE_CORREDOR_01,bombeiro,282.00,2.50,1,15.87,63.10
381,leve,PREEMPCAO,22,VE_ROTA_VE_CORREDOR_02,policia,241.10,3.20,1,18.57,22.12
381,leve,PREEMPCAO,22,VE_ROTA_VE_CORREDOR_03,ambulancia,265.50,0.00,0,16.86,46.44
381,leve,PREEMPCAO,22,VE_ROTA_VE_CORREDOR_04,bombeiro,246.80,0.00,0,18.13,27.93
381,leve,PREEMPCAO,22,VE_ROTA_VE_CORREDOR_05,policia,259.30,0.00,0,17.27,40.33
382,leve,PREEMPCAO_COMPENSADA,22,VE_ROTA_VE_CORREDOR_00,ambulancia,284.00,2.30,1,15.77,64.95
382,leve,PREEMPCAO_COMPENSADA,22,VE_ROTA_VE_CORREDOR_01,bombeiro,259.40,0.00,0,17.25,40.49
382,leve,PREEMPCAO_COMPENSADA,22,VE_ROTA_VE_CORREDOR_02,policia,233.30,0.00,0,19.19,14.26
382,leve,PREEMPCAO_COMPENSADA,22,VE_ROTA_VE_CORREDOR_03,ambulancia,263.60,0.00,0,16.99,44.58
382,leve,PREEMPCAO_COMPENSADA,22,VE_ROTA_VE_CORREDOR_04,bombeiro,276.70,0.80,1,16.17,57.81
382,leve,PREEMPCAO_COMPENSADA,22,VE_ROTA_VE_CORREDOR_05,policia,282.10,0.00,0,15.87,63.00
383,moderado,FIXO,22,VE_ROTA_VE_CORREDOR_00,ambulancia,518.50,138.70,6,8.64,299.51
383,moderado,FIXO,22,VE_ROTA_VE_CORREDOR_01,bombeiro,479.10,79.90,5,9.34,260.12
383,moderado,FIXO,22,VE_ROTA_VE_CORREDOR_02,policia,501.40,134.40,6,8.93,282.46
383,moderado,FIXO,22,VE_ROTA_VE_CORREDOR_03,ambulancia,468.80,50.70,5,9.55,249.86
383,moderado,FIXO,22,VE_ROTA_VE_CORREDOR_04,bombeiro,500.80,70.30,5,8.94,281.85
384,moderado,PREEMPCAO,22,VE_ROTA_VE_CORREDOR_00,ambulancia,324.80,0.00,0,13.78,105.77
384,moderado,PREEMPCAO,22,VE_ROTA_VE_CORREDOR_01,bombeiro,314.70,0.00,0,14.22,95.77
384,moderado,PREEMPCAO,22,VE_ROTA_VE_CORREDOR_02,policia,356.80,0.00,0,12.55,137.85
384,moderado,PREEMPCAO,22,VE_ROTA_VE_CORREDOR_03,ambulancia,356.90,0.00,0,12.54,138.00
384,moderado,PREEMPCAO,22,VE_ROTA_VE_CORREDOR_04,bombeiro,366.70,0.00,0,12.20,147.73
385,moderado,PREEMPCAO_COMPENSADA,22,VE_ROTA_VE_CORREDOR_00,ambulancia,327.00,0.00,0,13.69,108.02
385,moderado,PREEMPCAO_COMPENSADA,22,VE_ROTA_VE_CORREDOR_01,bombeiro,301.10,0.00,0,14.86,82.19
385,moderado,PREEMPCAO_COMPENSADA,22,VE_ROTA_VE_CORREDOR_02,policia,295.20,2.30,1,15.17,76.17
385,moderado,PREEMPCAO_COMPENSADA,22,VE_ROTA_VE_CORREDOR_03,ambulancia,338.20,0.00,0,13.24,119.23
385,moderado,PREEMPCAO_COMPENSADA,22,VE_ROTA_VE_CORREDOR_04,bombeiro,331.30,0.00,0,13.51,112.43
386,intenso,FIXO,22,VE_ROTA_VE_CORREDOR_00,ambulancia,532.80,58.30,6,8.40,313.78
386,intenso,FIXO,22,VE_ROTA_VE_CORREDOR_01,bombeiro,491.90,30.40,5,9.10,272.98
386,intenso,FIXO,22,VE_ROTA_VE_CORREDOR_02,policia,518.30,52.10,6,8.64,299.27
386,intenso,FIXO,22,VE_ROTA_VE_CORREDOR_03,ambulancia,480.40,12.80,3,9.32,261.42
386,intenso,FIXO,22,VE_ROTA_VE_CORREDOR_04,bombeiro,511.00,96.80,6,8.76,292.12
387,intenso,PREEMPCAO,22,VE_ROTA_VE_CORREDOR_00,ambulancia,427.00,0.00,0,10.49,208.01
387,intenso,PREEMPCAO,22,VE_ROTA_VE_CORREDOR_01,bombeiro,390.70,0.00,0,11.45,171.84
387,intenso,PREEMPCAO,22,VE_ROTA_VE_CORREDOR_02,policia,401.10,0.00,0,11.16,182.12
387,intenso,PREEMPCAO,22,VE_ROTA_VE_CORREDOR_03,ambulancia,360.80,0.00,0,12.41,141.76
387,intenso,PREEMPCAO,22,VE_ROTA_VE_CORREDOR_04,bombeiro,325.50,3.40,1,13.75,106.57
388,intenso,PREEMPCAO_COMPENSADA,22,VE_ROTA_VE_CORREDOR_00,ambulancia,430.00,0.00,0,10.41,210.97
388,intenso,PREEMPCAO_COMPENSADA,22,VE_ROTA_VE_CORREDOR_01,bombeiro,374.60,0.00,0,11.95,155.68
388,intenso,PREEMPCAO_COMPENSADA,22,VE_ROTA_VE_CORREDOR_02,policia,377.50,1.50,1,11.86,158.55
388,intenso,PREEMPCAO_COMPENSADA,22,VE_ROTA_VE_CORREDOR_03,ambulancia,395.60,0.00,0,11.32,176.60
388,intenso,PREEMPCAO_COMPENSADA,22,VE_ROTA_VE_CORREDOR_04,bombeiro,369.30,0.00,0,12.12,150.36
389,multiplas_emergencias,FIXO,22,VE_ROTA_VE_TRANSVERSAL_00,ambulancia,294.30,62.00,4,8.47,155.77
389,multiplas_emergencias,FIXO,22,VE_ROTA_VE_CORREDOR_00,ambulancia,518.50,138.50,6,8.64,299.53
389,multiplas_emergencias,FIXO,22,VE_ROTA_VE_TRANSVERSAL_01,bombeiro,255.50,29.20,3,9.75,117.14
389,multiplas_emergencias,FIXO,22,VE_ROTA_VE_CORREDOR_01,bombeiro,479.00,80.00,5,9.34,260.15
389,multiplas_emergencias,FIXO,22,VE_ROTA_VE_TRANSVERSAL_02,policia,287.70,59.50,5,8.67,149.14
389,multiplas_emergencias,FIXO,22,VE_ROTA_VE_CORREDOR_02,policia,501.20,133.90,6,8.93,282.20
389,multiplas_emergencias,FIXO,22,VE_ROTA_VE_TRANSVERSAL_03,ambulancia,255.50,11.70,2,9.76,117.00
389,multiplas_emergencias,FIXO,22,VE_ROTA_VE_CORREDOR_03,ambulancia,468.80,50.80,5,9.55,249.86
389,multiplas_emergencias,FIXO,22,VE_ROTA_VE_TRANSVERSAL_04,bombeiro,289.00,40.50,4,8.62,150.59
389,multiplas_emergencias,FIXO,22,VE_ROTA_VE_CORREDOR_04,bombeiro,500.70,69.80,5,8.94,281.79
389,multiplas_emergencias,FIXO,22,VE_ROTA_VE_TRANSVERSAL_05,policia,238.90,17.60,3,10.44,100.37
390,multiplas_emergencias,PREEMPCAO,22,VE_ROTA_VE_TRANSVERSAL_00,ambulancia,216.70,3.10,1,11.51,78.16
390,multiplas_emergencias,PREEMPCAO,22,VE_ROTA_VE_CORREDOR_00,ambulancia,358.40,2.70,1,12.49,139.43
390,multiplas_emergencias,PREEMPCAO,22,VE_ROTA_VE_TRANSVERSAL_01,bombeiro,201.10,0.20,1,12.39,62.74
390,multiplas_emergencias,PREEMPCAO,22,VE_ROTA_VE_CORREDOR_01,bombeiro,337.40,2.40,1,13.26,118.53
390,multiplas_emergencias,PREEMPCAO,22,VE_ROTA_VE_TRANSVERSAL_02,policia,183.30,3.60,1,13.61,44.76
390,multiplas_emergencias,PREEMPCAO,22,VE_ROTA_VE_CORREDOR_02,policia,325.10,0.00,0,13.77,106.00
390,multiplas_emergencias,PREEMPCAO,22,VE_ROTA_VE_TRANSVERSAL_03,ambulancia,198.40,0.00,0,12.57,59.91
390,multiplas_emergencias,PREEMPCAO,22,VE_ROTA_VE_CORREDOR_03,ambulancia,361.40,0.00,0,12.39,142.39
390,multiplas_emergencias,PREEMPCAO,22,VE_ROTA_VE_TRANSVERSAL_04,bombeiro,183.70,3.40,1,13.56,45.28
390,multiplas_emergencias,PREEMPCAO,22,VE_ROTA_VE_CORREDOR_04,bombeiro,328.80,0.00,0,13.61,109.92
390,multiplas_emergencias,PREEMPCAO,22,VE_ROTA_VE_TRANSVERSAL_05,policia,210.20,10.90,1,11.87,71.57
391,multiplas_emergencias,PREEMPCAO_COMPENSADA,22,VE_ROTA_VE_TRANSVERSAL_00,ambulancia,216.70,3.10,1,11.51,78.16
391,multiplas_emergencias,PREEMPCAO_COMPENSADA,22,VE_ROTA_VE_CORREDOR_00,ambulancia,359.70,2.70,1,12.45,140.72
391,multiplas_emergencias,PREEMPCAO_COMPENSADA,22,VE_ROTA_VE_TRANSVERSAL_01,bombeiro,179.00,0.00,0,13.92,40.64
391,multiplas_emergencias,PREEMPCAO_COMPENSADA,22,VE_ROTA_VE_CORREDOR_01,bombeiro,295.80,1.20,1,15.13,76.91
391,multiplas_emergencias,PREEMPCAO_COMPENSADA,22,VE_ROTA_VE_TRANSVERSAL_02,policia,201.80,0.00,0,12.36,63.25
391,multiplas_emergencias,PREEMPCAO_COMPENSADA,22,VE_ROTA_VE_CORREDOR_02,policia,332.40,3.10,1,13.47,113.35
391,multiplas_emergencias,PREEMPCAO_COMPENSADA,22,VE_ROTA_VE_TRANSVERSAL_03,ambulancia,191.90,0.00,0,12.99,53.34
391,multiplas_emergencias,PREEMPCAO_COMPENSADA,22,VE_ROTA_VE_CORREDOR_03,ambulancia,317.00,0.00,0,14.12,97.92
391,multiplas_emergencias,PREEMPCAO_COMPENSADA,22,VE_ROTA_VE_TRANSVERSAL_04,bombeiro,183.40,2.70,1,13.59,45.00
391,multiplas_emergencias,PREEMPCAO_COMPENSADA,22,VE_ROTA_VE_CORREDOR_04,bombeiro,312.90,0.50,1,14.30,93.99
391,multiplas_emergencias,PREEMPCAO_COMPENSADA,22,VE_ROTA_VE_TRANSVERSAL_05,policia,186.50,0.70,1,13.37,47.89
391,multiplas_emergencias,PREEMPCAO_COMPENSADA,22,VE_ROTA_VE_CORREDOR_05,policia,299.40,0.00,0,14.96,80.41
392,multiplas_emergencias,PREEMPCAO_ML,22,VE_ROTA_VE_TRANSVERSAL_00,ambulancia,249.50,22.20,3,9.99,110.98
392,multiplas_emergencias,PREEMPCAO_ML,22,VE_ROTA_VE_CORREDOR_00,ambulancia,308.50,0.00,0,14.51,89.43
392,multiplas_emergencias,PREEMPCAO_ML,22,VE_ROTA_VE_TRANSVERSAL_01,bombeiro,198.80,6.50,2,12.53,60.36
392,multiplas_emergencias,PREEMPCAO_ML,22,VE_ROTA_VE_CORREDOR_01,bombeiro,295.70,0.00,0,15.13,76.77
392,multiplas_emergencias,PREEMPCAO_ML,22,VE_ROTA_VE_TRANSVERSAL_02,policia,198.60,22.40,2,12.56,60.06
392,multiplas_emergencias,PREEMPCAO_ML,22,VE_ROTA_VE_CORREDOR_02,policia,311.50,0.00,0,14.37,92.47
392,multiplas_emergencias,PREEMPCAO_ML,22,VE_ROTA_VE_TRANSVERSAL_03,ambulancia,189.40,0.00,0,13.17,50.87
392,multiplas_emergencias,PREEMPCAO_ML,22,VE_ROTA_VE_CORREDOR_03,ambulancia,350.60,0.00,0,12.77,131.64
392,multiplas_emergencias,PREEMPCAO_ML,22,VE_ROTA_VE_TRANSVERSAL_04,bombeiro,239.50,22.10,1,10.40,101.05
392,multiplas_emergencias,PREEMPCAO_ML,22,VE_ROTA_VE_CORREDOR_04,bombeiro,310.90,0.00,0,14.39,91.99
392,multiplas_emergencias,PREEMPCAO_ML,22,VE_ROTA_VE_TRANSVERSAL_05,policia,184.80,9.20,2,13.50,46.26
393,leve,FIXO,23,VE_ROTA_VE_CORREDOR_00,ambulancia,440.70,110.90,5,10.16,221.71
393,leve,FIXO,23,VE_ROTA_VE_CORREDOR_01,bombeiro,477.20,114.20,6,9.38,258.28
393,leve,FIXO,23,VE_ROTA_VE_CORREDOR_02,policia,440.80,88.50,6,10.16,221.74
393,leve,FIXO,23,VE_ROTA_VE_CORREDOR_03,ambulancia,465.90,87.60,5,9.61,246.96
393,leve,FIXO,23,VE_ROTA_VE_CORREDOR_04,bombeiro,487.20,144.40,6,9.19,268.33
394,leve,PREEMPCAO,23,VE_ROTA_VE_CORREDOR_00,ambulancia,284.70,2.30,1,15.73,65.74
394,leve,PREEMPCAO,23,VE_ROTA_VE_CORREDOR_01,bombeiro,247.20,6.50,2,18.10,28.32
394,leve,PREEMPCAO,23,VE_ROTA_VE_CORREDOR_02,policia,278.70,0.00,0,16.07,59.67
394,leve,PREEMPCAO,23,VE_ROTA_VE_CORREDOR_03,ambulancia,295.60,2.00,1,15.15,76.65
394,leve,PREEMPCAO,23,VE_ROTA_VE_CORREDOR_04,bombeiro,253.40,4.60,1,17.66,34.46
394,leve,PREEMPCAO,23,VE_ROTA_VE_CORREDOR_05,policia,276.70,0.00,0,16.18,57.67
395,leve,PREEMPCAO_COMPENSADA,23,VE_ROTA_VE_CORREDOR_00,ambulancia,282.10,2.30,1,15.87,63.16
395,leve,PREEMPCAO_COMPENSADA,23,VE_ROTA_VE_CORREDOR_01,bombeiro,251.80,0.00,0,17.77,32.93
395,leve,PREEMPCAO_COMPENSADA,23,VE_ROTA_VE_CORREDOR_02,policia,245.90,0.00,0,18.21,26.91
395,leve,PREEMPCAO_COMPENSADA,23,VE_ROTA_VE_CORREDOR_03,ambulancia,268.50,0.00,0,16.68,49.47
395,leve,PREEMPCAO_COMPENSADA,23,VE_ROTA_VE_CORREDOR_04,bombeiro,262.00,4.90,1,17.08,43.13
396,moderado,FIXO,23,VE_ROTA_VE_CORREDOR_00,ambulancia,455.20,83.60,5,9.84,236.22
396,moderado,FIXO,23,VE_ROTA_VE_CORREDOR_01,bombeiro,475.90,60.60,5,9.40,256.96
396,moderado,FIXO,23,VE_ROTA_VE_CORREDOR_02,policia,514.50,69.20,6,8.70,295.47
396,moderado,FIXO,23,VE_ROTA_VE_CORREDOR_03,ambulancia,471.50,82.10,5,9.50,252.44
396,moderado,FIXO,23,VE_ROTA_VE_CORREDOR_04,bombeiro,508.70,103.10,6,8.80,289.78
397,moderado,PREEMPCAO,23,VE_ROTA_VE_CORREDOR_00,ambulancia,383.10,0.00,0,11.69,164.08
397,moderado,PREEMPCAO,23,VE_ROTA_VE_CORREDOR_01,bombeiro,313.80,0.00,0,14.26,94.87
397,moderado,PREEMPCAO,23,VE_ROTA_VE_CORREDOR_02,policia,344.10,0.00,0,13.01,125.08
397,moderado,PREEMPCAO,23,VE_ROTA_VE_CORREDOR_03,ambulancia,293.30,0.50,1,15.27,74.28
397,moderado,PREEMPCAO,23,VE_ROTA_VE_CORREDOR_04,bombeiro,320.10,0.00,0,13.98,101.21
398,moderado,PREEMPCAO_COMPENSADA,23,VE_ROTA_VE_CORREDOR_00,ambulancia,383.10,0.00,0,11.69,164.17
398,moderado,PREEMPCAO_COMPENSADA,23,VE_ROTA_VE_CORREDOR_01,bombeiro,319.40,4.50,1,14.01,100.54
398,moderado,PREEMPCAO_COMPENSADA,23,VE_ROTA_VE_CORREDOR_02,policia,319.70,0.00,0,14.01,100.71
398,moderado,PREEMPCAO_COMPENSADA,23,VE_ROTA_VE_CORREDOR_03,ambulancia,313.20,1.70,1,14.30,94.23
398,moderado,PREEMPCAO_COMPENSADA,23,VE_ROTA_VE_CORREDOR_04,bombeiro,295.50,0.00,0,15.14,76.57
399,intenso,FIXO,23,VE_ROTA_VE_CORREDOR_00,ambulancia,511.90,110.40,6,8.75,292.91
399,intenso,FIXO,23,VE_ROTA_VE_CORREDOR_01,bombeiro,486.40,43.80,5,9.20,267.50
399,intenso,FIXO,23,VE_ROTA_VE_CORREDOR_02,policia,527.80,91.00,5,8.48,308.70
399,intenso,FIXO,23,VE_ROTA_VE_CORREDOR_03,ambulancia,556.50,183.30,6,8.05,337.50
399,intenso,FIXO,23,VE_ROTA_VE_CORREDOR_04,bombeiro,585.10,84.60,8,7.65,366.18
400,intenso,PREEMPCAO,23,VE_ROTA_VE_CORREDOR_00,ambulancia,418.80,9.00,1,10.69,199.81
400,intenso,PREEMPCAO,23,VE_ROTA_VE_CORREDOR_01,bombeiro,386.00,0.00,0,11.59,167.08
400,intenso,PREEMPCAO,23,VE_ROTA_VE_CORREDOR_02,policia,384.20,0.00,0,11.65,165.13
400,intenso,PREEMPCAO,23,VE_ROTA_VE_CORREDOR_03,ambulancia,393.50,0.00,0,11.38,174.56
400,intenso,PREEMPCAO,23,VE_ROTA_VE_CORREDOR_04,bombeiro,360.20,0.00,0,12.42,141.29
401,intenso,PREEMPCAO_COMPENSADA,23,VE_ROTA_VE_CORREDOR_00,ambulancia,426.20,10.60,1,10.51,207.17
401,intenso,PREEMPCAO_COMPENSADA,23,VE_ROTA_VE_CORREDOR_01,bombeiro,395.60,9.90,1,11.31,176.75
401,intenso,PREEMPCAO_COMPENSADA,23,VE_ROTA_VE_CORREDOR_02,policia,380.30,2.40,1,11.77,161.28
401,intenso,PREEMPCAO_COMPENSADA,23,VE_ROTA_VE_CORREDOR_03,ambulancia,399.30,0.00,0,11.21,180.23
401,intenso,PREEMPCAO_COMPENSADA,23,VE_ROTA_VE_CORREDOR_04,bombeiro,401.70,0.00,0,11.14,182.83
402,multiplas_emergencias,FIXO,23,VE_ROTA_VE_TRANSVERSAL_00,ambulancia,307.10,58.80,5,8.12,168.59
402,multiplas_emergencias,FIXO,23,VE_ROTA_VE_CORREDOR_00,ambulancia,453.60,86.60,5,9.87,234.59
402,multiplas_emergencias,FIXO,23,VE_ROTA_VE_TRANSVERSAL_01,bombeiro,264.40,20.80,3,9.42,125.99
402,multiplas_emergencias,FIXO,23,VE_ROTA_VE_CORREDOR_01,bombeiro,476.10,61.90,5,9.40,257.15
402,multiplas_emergencias,FIXO,23,VE_ROTA_VE_TRANSVERSAL_02,policia,299.70,47.10,4,8.32,161.12
402,multiplas_emergencias,FIXO,23,VE_ROTA_VE_CORREDOR_02,policia,514.50,69.30,6,8.70,295.45
402,multiplas_emergencias,FIXO,23,VE_ROTA_VE_TRANSVERSAL_03,ambulancia,242.60,23.20,3,10.28,104.05
402,multiplas_emergencias,FIXO,23,VE_ROTA_VE_CORREDOR_03,ambulancia,473.10,82.90,5,9.46,254.10
402,multiplas_emergencias,FIXO,23,VE_ROTA_VE_TRANSVERSAL_04,bombeiro,283.60,20.00,5,8.79,145.23
402,multiplas_emergencias,FIXO,23,VE_ROTA_VE_CORREDOR_04,bombeiro,507.30,99.70,6,8.82,288.38
402,multiplas_emergencias,FIXO,23,VE_ROTA_VE_TRANSVERSAL_05,policia,242.50,11.30,1,10.29,103.91
403,multiplas_emergencias,PREEMPCAO,23,VE_ROTA_VE_TRANSVERSAL_00,ambulancia,211.20,3.00,1,11.81,72.69
403,multiplas_emergencias,PREEMPCAO,23,VE_ROTA_VE_CORREDOR_00,ambulancia,362.20,0.00,0,12.36,143.22
403,multiplas_emergencias,PREEMPCAO,23,VE_ROTA_VE_TRANSVERSAL_01,bombeiro,210.10,0.00,0,11.86,71.76
403,multiplas_emergencias,PREEMPCAO,23,VE_ROTA_VE_CORREDOR_01,bombeiro,310.00,0.00,0,14.44,91.17
403,multiplas_emergencias,PREEMPCAO,23,VE_ROTA_VE_TRANSVERSAL_02,policia,205.90,0.00,0,12.11,67.36
403,multiplas_emergencias,PREEMPCAO,23,VE_ROTA_VE_CORREDOR_02,policia,348.20,0.00,0,12.86,129.23
403,multiplas_emergencias,PREEMPCAO,23,VE_ROTA_VE_TRANSVERSAL_03,ambulancia,176.00,0.00,0,14.17,37.50
403,multiplas_emergencias,PREEMPCAO,23,VE_ROTA_VE_CORREDOR_03,ambulancia,291.90,5.50,2,15.34,72.89
403,multiplas_emergencias,PREEMPCAO,23,VE_ROTA_VE_TRANSVERSAL_04,bombeiro,196.00,0.00,0,12.71,57.59
403,multiplas_emergencias,PREEMPCAO,23,VE_ROTA_VE_CORREDOR_04,bombeiro,260.00,0.00,0,17.21,41.09
403,multiplas_emergencias,PREEMPCAO,23,VE_ROTA_VE_TRANSVERSAL_05,policia,200.90,0.00,0,12.41,62.37
404,multiplas_emergencias,PREEMPCAO_COMPENSADA,23,VE_ROTA_VE_TRANSVERSAL_00,ambulancia,211.30,3.00,1,11.80,72.74
404,multiplas_emergencias,PREEMPCAO_COMPENSADA,23,VE_ROTA_VE_CORREDOR_00,ambulancia,354.00,2.50,1,12.65,134.97
404,multiplas_emergencias,PREEMPCAO_COMPENSADA,23,VE_ROTA_VE_TRANSVERSAL_01,bombeiro,176.00,3.90,1,14.16,37.63
404,multiplas_emergencias,PREEMPCAO_COMPENSADA,23,VE_ROTA_VE_CORREDOR_01,bombeiro,300.80,2.00,1,14.88,81.86
404,multiplas_emergencias,PREEMPCAO_COMPENSADA,23,VE_ROTA_VE_TRANSVERSAL_02,policia,173.70,0.00,0,14.36,35.15
404,multiplas_emergencias,PREEMPCAO_COMPENSADA,23,VE_ROTA_VE_CORREDOR_02,policia,298.10,0.00,0,15.02,79.05
404,multiplas_emergencias,PREEMPCAO_COMPENSADA,23,VE_ROTA_VE_TRANSVERSAL_03,ambulancia,170.80,0.00,0,14.60,32.27
404,multiplas_emergencias,PREEMPCAO_COMPENSADA,23,VE_ROTA_VE_CORREDOR_03,ambulancia,299.90,0.00,0,14.93,80.90
404,multiplas_emergencias,PREEMPCAO_COMPENSADA,23,VE_ROTA_VE_TRANSVERSAL_04,bombeiro,209.40,0.00,0,11.90,71.06
404,multiplas_emergencias,PREEMPCAO_COMPENSADA,23,VE_ROTA_VE_CORREDOR_04,bombeiro,282.70,0.00,0,15.83,63.77
404,multiplas_emergencias,PREEMPCAO_COMPENSADA,23,VE_ROTA_VE_TRANSVERSAL_05,policia,185.00,2.10,1,13.48,46.41
404,multiplas_emergencias,PREEMPCAO_COMPENSADA,23,VE_ROTA_VE_CORREDOR_05,policia,280.70,3.30,1,15.95,61.73
405,multiplas_emergencias,PREEMPCAO_ML,23,VE_ROTA_VE_TRANSVERSAL_00,ambulancia,227.60,16.90,2,10.96,89.04
405,multiplas_emergencias,PREEMPCAO_ML,23,VE_ROTA_VE_CORREDOR_00,ambulancia,382.30,12.90,1,11.71,163.34
405,multiplas_emergencias,PREEMPCAO_ML,23,VE_ROTA_VE_TRANSVERSAL_01,bombeiro,200.80,17.80,1,12.41,62.41
405,multiplas_emergencias,PREEMPCAO_ML,23,VE_ROTA_VE_CORREDOR_01,bombeiro,322.00,0.00,0,13.90,103.12
405,multiplas_emergencias,PREEMPCAO_ML,23,VE_ROTA_VE_TRANSVERSAL_02,policia,223.40,9.20,1,11.16,84.84
405,multiplas_emergencias,PREEMPCAO_ML,23,VE_ROTA_VE_CORREDOR_02,policia,328.80,0.00,0,13.62,109.80
405,multiplas_emergencias,PREEMPCAO_ML,23,VE_ROTA_VE_TRANSVERSAL_03,ambulancia,193.00,2.30,1,12.92,54.47
405,multiplas_emergencias,PREEMPCAO_ML,23,VE_ROTA_VE_CORREDOR_03,ambulancia,267.50,5.70,2,16.74,48.49
405,multiplas_emergencias,PREEMPCAO_ML,23,VE_ROTA_VE_TRANSVERSAL_04,bombeiro,201.90,4.30,1,12.34,63.46
405,multiplas_emergencias,PREEMPCAO_ML,23,VE_ROTA_VE_CORREDOR_04,bombeiro,288.70,0.00,0,15.50,69.80
405,multiplas_emergencias,PREEMPCAO_ML,23,VE_ROTA_VE_TRANSVERSAL_05,policia,199.00,4.40,2,12.53,60.38
406,leve,FIXO,24,VE_ROTA_VE_CORREDOR_00,ambulancia,508.10,157.00,7,8.81,289.16
406,leve,FIXO,24,VE_ROTA_VE_CORREDOR_01,bombeiro,470.30,134.50,6,9.52,251.40
406,leve,FIXO,24,VE_ROTA_VE_CORREDOR_02,policia,428.30,116.70,5,10.45,209.33
406,leve,FIXO,24,VE_ROTA_VE_CORREDOR_03,ambulancia,460.10,110.30,5,9.73,241.17
406,leve,FIXO,24,VE_ROTA_VE_CORREDOR_04,bombeiro,415.90,96.20,6,10.76,197.00
407,leve,PREEMPCAO,24,VE_ROTA_VE_CORREDOR_00,ambulancia,281.10,0.00,0,15.93,62.04
407,leve,PREEMPCAO,24,VE_ROTA_VE_CORREDOR_01,bombeiro,237.90,0.00,0,18.81,19.04
407,leve,PREEMPCAO,24,VE_ROTA_VE_CORREDOR_02,policia,263.20,0.00,0,17.01,44.15
407,leve,PREEMPCAO,24,VE_ROTA_VE_CORREDOR_03,ambulancia,234.00,4.70,1,19.13,14.99
407,leve,PREEMPCAO,24,VE_ROTA_VE_CORREDOR_04,bombeiro,273.10,7.00,2,16.39,54.22
407,leve,PREEMPCAO,24,VE_ROTA_VE_CORREDOR_05,policia,291.00,0.00,0,15.39,71.97
408,leve,PREEMPCAO_COMPENSADA,24,VE_ROTA_VE_CORREDOR_00,ambulancia,281.10,0.00,0,15.93,62.08
408,leve,PREEMPCAO_COMPENSADA,24,VE_ROTA_VE_CORREDOR_01,bombeiro,238.10,0.00,0,18.80,19.17
408,leve,PREEMPCAO_COMPENSADA,24,VE_ROTA_VE_CORREDOR_02,policia,279.70,0.00,0,16.01,60.70
408,leve,PREEMPCAO_COMPENSADA,24,VE_ROTA_VE_CORREDOR_03,ambulancia,238.90,0.00,0,18.74,19.87
408,leve,PREEMPCAO_COMPENSADA,24,VE_ROTA_VE_CORREDOR_04,bombeiro,246.70,4.50,1,18.14,27.83
408,leve,PREEMPCAO_COMPENSADA,24,VE_ROTA_VE_CORREDOR_05,policia,292.50,0.00,0,15.31,73.48
409,moderado,FIXO,24,VE_ROTA_VE_CORREDOR_00,ambulancia,437.80,92.90,5,10.23,218.81
409,moderado,FIXO,24,VE_ROTA_VE_CORREDOR_01,bombeiro,480.00,64.80,5,9.32,261.10
409,moderado,FIXO,24,VE_ROTA_VE_CORREDOR_02,policia,507.50,103.90,6,8.82,288.47
409,moderado,FIXO,24,VE_ROTA_VE_CORREDOR_03,ambulancia,464.10,73.20,5,9.65,245.03
409,moderado,FIXO,24,VE_ROTA_VE_CORREDOR_04,bombeiro,495.70,121.30,6,9.03,276.77
410,moderado,PREEMPCAO,24,VE_ROTA_VE_CORREDOR_00,ambulancia,323.50,2.30,1,13.84,104.49
410,moderado,PREEMPCAO,24,VE_ROTA_VE_CORREDOR_01,bombeiro,318.90,2.00,1,14.03,100.09
410,moderado,PREEMPCAO,24,VE_ROTA_VE_CORREDOR_02,policia,290.70,0.00,0,15.40,71.75
410,moderado,PREEMPCAO,24,VE_ROTA_VE_CORREDOR_03,ambulancia,324.80,0.00,0,13.78,105.82
410,moderado,PREEMPCAO,24,VE_ROTA_VE_CORREDOR_04,bombeiro,277.80,3.50,2,16.11,58.90
411,moderado,PREEMPCAO_COMPENSADA,24,VE_ROTA_VE_CORREDOR_00,ambulancia,325.50,2.30,1,13.76,106.49
411,moderado,PREEMPCAO_COMPENSADA,24,VE_ROTA_VE_CORREDOR_01,bombeiro,275.90,0.00,0,16.22,56.98
411,moderado,PREEMPCAO_COMPENSADA,24,VE_ROTA_VE_CORREDOR_02,policia,296.40,0.00,0,15.11,77.40
411,moderado,PREEMPCAO_COMPENSADA,24,VE_ROTA_VE_CORREDOR_03,ambulancia,310.00,0.00,0,14.44,90.99
411,moderado,PREEMPCAO_COMPENSADA,24,VE_ROTA_VE_CORREDOR_04,bombeiro,267.60,0.00,0,16.72,48.66
411,moderado,PREEMPCAO_COMPENSADA,24,VE_ROTA_VE_CORREDOR_05,policia,292.40,2.30,1,15.31,73.42
412,intenso,FIXO,24,VE_ROTA_VE_CORREDOR_00,ambulancia,594.50,128.50,8,7.53,375.52
412,intenso,FIXO,24,VE_ROTA_VE_CORREDOR_01,bombeiro,562.60,61.70,6,7.95,343.74
412,intenso,FIXO,24,VE_ROTA_VE_CORREDOR_02,policia,584.30,92.00,8,7.66,365.35
412,intenso,FIXO,24,VE_ROTA_VE_CORREDOR_03,ambulancia,480.10,23.20,5,9.33,261.01
412,intenso,FIXO,24,VE_ROTA_VE_CORREDOR_04,bombeiro,506.70,67.20,5,8.83,287.75
413,intenso,PREEMPCAO,24,VE_ROTA_VE_CORREDOR_00,ambulancia,407.90,0.00,0,10.98,188.88
413,intenso,PREEMPCAO,24,VE_ROTA_VE_CORREDOR_01,bombeiro,357.30,0.00,0,12.53,138.42
413,intenso,PREEMPCAO,24,VE_ROTA_VE_CORREDOR_02,policia,393.80,0.00,0,11.37,174.68
413,intenso,PREEMPCAO,24,VE_ROTA_VE_CORREDOR_03,ambulancia,405.80,0.00,0,11.03,186.80
413,intenso,PREEMPCAO,24,VE_ROTA_VE_CORREDOR_04,bombeiro,374.00,0.00,0,11.97,155.08
414,intenso,PREEMPCAO_COMPENSADA,24,VE_ROTA_VE_CORREDOR_00,ambulancia,424.90,10.30,1,10.54,205.92
414,intenso,PREEMPCAO_COMPENSADA,24,VE_ROTA_VE_CORREDOR_01,bombeiro,378.60,0.00,0,11.82,159.77
414,intenso,PREEMPCAO_COMPENSADA,24,VE_ROTA_VE_CORREDOR_02,policia,384.10,0.00,0,11.66,164.98
414,intenso,PREEMPCAO_COMPENSADA,24,VE_ROTA_VE_CORREDOR_03,ambulancia,381.00,0.00,0,11.75,161.94
414,intenso,PREEMPCAO_COMPENSADA,24,VE_ROTA_VE_CORREDOR_04,bombeiro,370.50,0.00,0,12.08,151.58
415,multiplas_emergencias,FIXO,24,VE_ROTA_VE_TRANSVERSAL_00,ambulancia,301.20,38.80,4,8.28,162.69
415,multiplas_emergencias,FIXO,24,VE_ROTA_VE_CORREDOR_00,ambulancia,438.00,93.00,5,10.22,219.01
415,multiplas_emergencias,FIXO,24,VE_ROTA_VE_TRANSVERSAL_01,bombeiro,261.10,21.50,3,9.54,122.66
415,multiplas_emergencias,FIXO,24,VE_ROTA_VE_CORREDOR_01,bombeiro,477.40,64.80,5,9.37,258.47
415,multiplas_emergencias,FIXO,24,VE_ROTA_VE_TRANSVERSAL_02,policia,296.70,38.90,4,8.41,158.14
415,multiplas_emergencias,FIXO,24,VE_ROTA_VE_CORREDOR_02,policia,507.50,103.60,6,8.82,288.47
415,multiplas_emergencias,FIXO,24,VE_ROTA_VE_TRANSVERSAL_03,ambulancia,248.60,18.90,2,10.03,110.05
415,multiplas_emergencias,FIXO,24,VE_ROTA_VE_CORREDOR_03,ambulancia,466.20,71.70,5,9.60,247.12
415,multiplas_emergencias,FIXO,24,VE_ROTA_VE_TRANSVERSAL_04,bombeiro,278.70,40.20,4,8.94,140.30
415,multiplas_emergencias,FIXO,24,VE_ROTA_VE_CORREDOR_04,bombeiro,495.70,122.00,6,9.03,276.76
415,multiplas_emergencias,FIXO,24,VE_ROTA_VE_TRANSVERSAL_05,policia,234.90,17.50,1,10.62,96.29
416,multiplas_emergencias,PREEMPCAO,24,VE_ROTA_VE_TRANSVERSAL_00,ambulancia,241.60,2.60,1,10.32,103.03
416,multiplas_emergencias,PREEMPCAO,24,VE_ROTA_VE_CORREDOR_00,ambulancia,314.50,3.00,2,14.24,95.49
416,multiplas_emergencias,PREEMPCAO,24,VE_ROTA_VE_TRANSVERSAL_01,bombeiro,180.00,0.00,0,13.84,41.60
416,multiplas_emergencias,PREEMPCAO,24,VE_ROTA_VE_CORREDOR_01,bombeiro,337.10,2.00,1,13.28,118.17
416,multiplas_emergencias,PREEMPCAO,24,VE_ROTA_VE_TRANSVERSAL_02,policia,217.20,7.10,2,11.48,78.62
416,multiplas_emergencias,PREEMPCAO,24,VE_ROTA_VE_CORREDOR_02,policia,297.80,0.00,0,15.04,78.81
416,multiplas_emergencias,PREEMPCAO,24,VE_ROTA_VE_TRANSVERSAL_03,ambulancia,167.40,1.50,1,14.90,28.91
416,multiplas_emergencias,PREEMPCAO,24,VE_ROTA_VE_CORREDOR_03,ambulancia,329.00,0.00,0,13.61,109.96
416,multiplas_emergencias,PREEMPCAO,24,VE_ROTA_VE_TRANSVERSAL_04,bombeiro,208.50,11.60,2,11.95,70.13
416,multiplas_emergencias,PREEMPCAO,24,VE_ROTA_VE_CORREDOR_04,bombeiro,282.40,0.20,1,15.85,63.53
416,multiplas_emergencias,PREEMPCAO,24,VE_ROTA_VE_TRANSVERSAL_05,policia,210.80,12.10,1,11.83,72.25
417,multiplas_emergencias,PREEMPCAO_COMPENSADA,24,VE_ROTA_VE_TRANSVERSAL_00,ambulancia,241.50,2.70,2,10.33,102.99
417,multiplas_emergencias,PREEMPCAO_COMPENSADA,24,VE_ROTA_VE_CORREDOR_00,ambulancia,302.50,3.00,2,14.80,83.40
417,multiplas_emergencias,PREEMPCAO_COMPENSADA,24,VE_ROTA_VE_TRANSVERSAL_01,bombeiro,174.10,1.10,1,14.31,35.70
417,multiplas_emergencias,PREEMPCAO_COMPENSADA,24,VE_ROTA_VE_CORREDOR_01,bombeiro,311.90,0.00,0,14.35,93.01
417,multiplas_emergencias,PREEMPCAO_COMPENSADA,24,VE_ROTA_VE_TRANSVERSAL_02,policia,167.30,0.00,0,14.91,28.77
417,multiplas_emergencias,PREEMPCAO_COMPENSADA,24,VE_ROTA_VE_CORREDOR_02,policia,311.70,0.00,0,14.37,92.64
417,multiplas_emergencias,PREEMPCAO_COMPENSADA,24,VE_ROTA_VE_TRANSVERSAL_03,ambulancia,185.60,0.00,0,13.44,47.09
417,multiplas_emergencias,PREEMPCAO_COMPENSADA,24,VE_ROTA_VE_CORREDOR_03,ambulancia,348.40,0.00,0,12.85,129.38
417,multiplas_emergencias,PREEMPCAO_COMPENSADA,24,VE_ROTA_VE_TRANSVERSAL_04,bombeiro,194.80,0.00,0,12.79,56.36
417,multiplas_emergencias,PREEMPCAO_COMPENSADA,24,VE_ROTA_VE_CORREDOR_04,bombeiro,320.50,8.10,2,13.96,101.59
417,multiplas_emergencias,PREEMPCAO_COMPENSADA,24,VE_ROTA_VE_TRANSVERSAL_05,policia,190.70,0.00,0,13.08,52.15
418,multiplas_emergencias,PREEMPCAO_ML,24,VE_ROTA_VE_TRANSVERSAL_00,ambulancia,206.30,0.80,1,12.09,67.76
418,multiplas_emergencias,PREEMPCAO_ML,24,VE_ROTA_VE_CORREDOR_00,ambulancia,349.50,10.70,2,12.81,130.54
418,multiplas_emergencias,PREEMPCAO_ML,24,VE_ROTA_VE_TRANSVERSAL_01,bombeiro,177.00,4.60,1,14.08,38.63
418,multiplas_emergencias,PREEMPCAO_ML,24,VE_ROTA_VE_CORREDOR_01,bombeiro,309.50,2.00,1,14.46,90.57
418,multiplas_emergencias,PREEMPCAO_ML,24,VE_ROTA_VE_TRANSVERSAL_02,policia,214.10,5.70,2,11.65,75.55
418,multiplas_emergencias,PREEMPCAO_ML,24,VE_ROTA_VE_CORREDOR_02,policia,318.30,0.00,0,14.07,99.22
418,multiplas_emergencias,PREEMPCAO_ML,24,VE_ROTA_VE_TRANSVERSAL_03,ambulancia,169.40,0.00,0,14.72,30.84
418,multiplas_emergencias,PREEMPCAO_ML,24,VE_ROTA_VE_CORREDOR_03,ambulancia,328.90,0.00,0,13.61,109.94
418,multiplas_emergencias,PREEMPCAO_ML,24,VE_ROTA_VE_TRANSVERSAL_04,bombeiro,216.90,0.00,0,11.49,78.53
418,multiplas_emergencias,PREEMPCAO_ML,24,VE_ROTA_VE_CORREDOR_04,bombeiro,300.30,3.30,2,14.90,81.39
418,multiplas_emergencias,PREEMPCAO_ML,24,VE_ROTA_VE_TRANSVERSAL_05,policia,219.10,6.00,1,11.38,80.59
418,multiplas_emergencias,PREEMPCAO_ML,24,VE_ROTA_VE_CORREDOR_05,policia,290.80,0.00,0,15.40,71.84
419,leve,FIXO,25,VE_ROTA_VE_CORREDOR_00,ambulancia,511.10,157.60,7,8.76,292.08
419,leve,FIXO,25,VE_ROTA_VE_CORREDOR_01,bombeiro,473.00,126.20,5,9.46,254.09
419,leve,FIXO,25,VE_ROTA_VE_CORREDOR_02,policia,432.70,90.00,5,10.35,213.64
419,leve,FIXO,25,VE_ROTA_VE_CORREDOR_03,ambulancia,462.40,109.10,5,9.68,243.37
419,leve,FIXO,25,VE_ROTA_VE_CORREDOR_04,bombeiro,485.90,140.40,6,9.21,266.97
420,leve,PREEMPCAO,25,VE_ROTA_VE_CORREDOR_00,ambulancia,315.30,0.00,0,14.20,96.35
420,leve,PREEMPCAO,25,VE_ROTA_VE_CORREDOR_01,bombeiro,243.30,0.00,0,18.39,24.39
420,leve,PREEMPCAO,25,VE_ROTA_VE_CORREDOR_02,policia,287.90,0.00,0,15.55,68.88
420,leve,PREEMPCAO,25,VE_ROTA_VE_CORREDOR_03,ambulancia,287.10,0.00,0,15.59,68.10
420,leve,PREEMPCAO,25,VE_ROTA_VE_CORREDOR_04,bombeiro,289.20,9.70,4,15.47,70.25
420,leve,PREEMPCAO,25,VE_ROTA_VE_CORREDOR_05,policia,222.30,0.00,0,20.14,3.31
421,leve,PREEMPCAO_COMPENSADA,25,VE_ROTA_VE_CORREDOR_00,ambulancia,314.30,0.00,0,14.25,95.36
421,leve,PREEMPCAO_COMPENSADA,25,VE_ROTA_VE_CORREDOR_01,bombeiro,231.50,0.00,0,19.33,12.59
421,leve,PREEMPCAO_COMPENSADA,25,VE_ROTA_VE_CORREDOR_02,policia,250.70,0.70,1,17.86,31.71
421,leve,PREEMPCAO_COMPENSADA,25,VE_ROTA_VE_CORREDOR_03,ambulancia,234.60,0.00,0,19.08,15.61
421,leve,PREEMPCAO_COMPENSADA,25,VE_ROTA_VE_CORREDOR_04,bombeiro,276.70,0.00,0,16.17,57.77
421,leve,PREEMPCAO_COMPENSADA,25,VE_ROTA_VE_CORREDOR_05,policia,242.70,0.00,0,18.45,23.72
422,moderado,FIXO,25,VE_ROTA_VE_CORREDOR_00,ambulancia,525.80,126.90,6,8.52,306.80
422,moderado,FIXO,25,VE_ROTA_VE_CORREDOR_01,bombeiro,488.10,78.70,5,9.17,269.17
422,moderado,FIXO,25,VE_ROTA_VE_CORREDOR_02,policia,515.90,106.10,6,8.68,296.88
422,moderado,FIXO,25,VE_ROTA_VE_CORREDOR_03,ambulancia,469.90,81.90,5,9.53,250.94
422,moderado,FIXO,25,VE_ROTA_VE_CORREDOR_04,bombeiro,493.30,102.90,6,9.07,274.43
423,moderado,PREEMPCAO,25,VE_ROTA_VE_CORREDOR_00,ambulancia,403.50,13.90,1,11.10,184.46
423,moderado,PREEMPCAO,25,VE_ROTA_VE_CORREDOR_01,bombeiro,270.90,0.00,0,16.52,51.99
423,moderado,PREEMPCAO,25,VE_ROTA_VE_CORREDOR_02,policia,310.30,1.50,1,14.43,91.38
423,moderado,PREEMPCAO,25,VE_ROTA_VE_CORREDOR_03,ambulancia,299.50,0.00,0,14.95,80.56
423,moderado,PREEMPCAO,25,VE_ROTA_VE_CORREDOR_04,bombeiro,323.80,3.60,1,13.82,104.96
424,moderado,PREEMPCAO_COMPENSADA,25,VE_ROTA_VE_CORREDOR_00,ambulancia,401.30,13.90,1,11.16,182.26
424,moderado,PREEMPCAO_COMPENSADA,25,VE_ROTA_VE_CORREDOR_01,bombeiro,288.90,0.00,0,15.49,69.98
424,moderado,PREEMPCAO_COMPENSADA,25,VE_ROTA_VE_CORREDOR_02,policia,285.80,0.00,0,15.67,66.74
424,moderado,PREEMPCAO_COMPENSADA,25,VE_ROTA_VE_CORREDOR_03,ambulancia,263.60,0.00,0,16.99,44.61
424,moderado,PREEMPCAO_COMPENSADA,25,VE_ROTA_VE_CORREDOR_04,bombeiro,306.70,0.00,0,14.59,87.79
425,intenso,FIXO,25,VE_ROTA_VE_CORREDOR_00,ambulancia,531.20,76.10,6,8.43,312.18
425,intenso,FIXO,25,VE_ROTA_VE_CORREDOR_01,bombeiro,482.90,45.90,5,9.27,263.91
425,intenso,FIXO,25,VE_ROTA_VE_CORREDOR_02,policia,516.20,53.90,5,8.67,297.17
425,intenso,FIXO,25,VE_ROTA_VE_CORREDOR_03,ambulancia,547.00,84.70,7,8.19,328.09
425,intenso,FIXO,25,VE_ROTA_VE_CORREDOR_04,bombeiro,517.30,43.70,5,8.65,298.43
426,intenso,PREEMPCAO,25,VE_ROTA_VE_CORREDOR_00,ambulancia,423.00,0.00,0,10.58,203.98
426,intenso,PREEMPCAO,25,VE_ROTA_VE_CORREDOR_01,bombeiro,361.40,0.00,0,12.38,142.53
426,intenso,PREEMPCAO,25,VE_ROTA_VE_CORREDOR_02,policia,373.90,0.00,0,11.98,154.96
426,intenso,PREEMPCAO,25,VE_ROTA_VE_CORREDOR_03,ambulancia,341.70,0.00,0,13.10,122.68
426,intenso,PREEMPCAO,25,VE_ROTA_VE_CORREDOR_04,bombeiro,370.60,0.00,0,12.08,151.75
427,intenso,PREEMPCAO_COMPENSADA,25,VE_ROTA_VE_CORREDOR_00,ambulancia,421.10,0.00,0,10.63,202.15
427,intenso,PREEMPCAO_COMPENSADA,25,VE_ROTA_VE_CORREDOR_01,bombeiro,365.20,0.00,0,12.25,146.34
427,intenso,PREEMPCAO_COMPENSADA,25,VE_ROTA_VE_CORREDOR_02,policia,347.10,0.00,0,12.90,128.04
427,intenso,PREEMPCAO_COMPENSADA,25,VE_ROTA_VE_CORREDOR_03,ambulancia,343.40,0.00,0,13.04,124.46
427,intenso,PREEMPCAO_COMPENSADA,25,VE_ROTA_VE_CORREDOR_04,bombeiro,333.50,2.50,1,13.42,114.52
428,multiplas_emergencias,FIXO,25,VE_ROTA_VE_TRANSVERSAL_00,ambulancia,242.60,5.70,2,10.28,104.13
428,multiplas_emergencias,FIXO,25,VE_ROTA_VE_CORREDOR_00,ambulancia,526.00,127.10,6,8.51,306.96
428,multiplas_emergencias,FIXO,25,VE_ROTA_VE_TRANSVERSAL_01,bombeiro,265.00,8.90,1,9.40,126.60
428,multiplas_emergencias,FIXO,25,VE_ROTA_VE_CORREDOR_01,bombeiro,488.10,78.80,5,9.17,269.28
428,multiplas_emergencias,FIXO,25,VE_ROTA_VE_TRANSVERSAL_02,policia,298.70,80.60,4,8.35,160.14
428,multiplas_emergencias,FIXO,25,VE_ROTA_VE_CORREDOR_02,policia,515.90,105.60,6,8.68,296.86
428,multiplas_emergencias,FIXO,25,VE_ROTA_VE_TRANSVERSAL_03,ambulancia,249.20,18.80,3,10.01,110.69
428,multiplas_emergencias,FIXO,25,VE_ROTA_VE_CORREDOR_03,ambulancia,470.00,75.70,5,9.53,251.01
428,multiplas_emergencias,FIXO,25,VE_ROTA_VE_TRANSVERSAL_04,bombeiro,279.10,25.00,2,8.93,140.73
428,multiplas_emergencias,FIXO,25,VE_ROTA_VE_CORREDOR_04,bombeiro,502.50,94.90,6,8.91,283.60
428,multiplas_emergencias,FIXO,25,VE_ROTA_VE_TRANSVERSAL_05,policia,238.00,21.00,2,10.48,99.41
429,multiplas_emergencias,PREEMPCAO,25,VE_ROTA_VE_TRANSVERSAL_00,ambulancia,198.90,0.00,0,12.54,60.33
429,multiplas_emergencias,PREEMPCAO,25,VE_ROTA_VE_CORREDOR_00,ambulancia,350.70,0.00,0,12.77,131.70
429,multiplas_emergencias,PREEMPCAO,25,VE_ROTA_VE_TRANSVERSAL_01,bombeiro,197.30,6.00,1,12.63,58.96
429,multiplas_emergencias,PREEMPCAO,25,VE_ROTA_VE_CORREDOR_01,bombeiro,265.10,3.90,1,16.88,46.20
429,multiplas_emergencias,PREEMPCAO,25,VE_ROTA_VE_TRANSVERSAL_02,policia,176.60,0.00,0,14.12,38.03
429,multiplas_emergencias,PREEMPCAO,25,VE_ROTA_VE_CORREDOR_02,policia,282.40,0.00,0,15.86,63.37
429,multiplas_emergencias,PREEMPCAO,25,VE_ROTA_VE_TRANSVERSAL_03,ambulancia,187.60,4.10,1,13.29,49.04
429,multiplas_emergencias,PREEMPCAO,25,VE_ROTA_VE_CORREDOR_03,ambulancia,287.40,0.00,0,15.58,68.36
429,multiplas_emergencias,PREEMPCAO,25,VE_ROTA_VE_TRANSVERSAL_04,bombeiro,169.00,0.00,0,14.74,30.58
429,multiplas_emergencias,PREEMPCAO,25,VE_ROTA_VE_CORREDOR_04,bombeiro,342.60,4.30,2,13.06,123.74
429,multiplas_emergencias,PREEMPCAO,25,VE_ROTA_VE_TRANSVERSAL_05,policia,181.00,0.00,0,13.78,42.44
429,multiplas_emergencias,PREEMPCAO,25,VE_ROTA_VE_CORREDOR_05,policia,297.70,0.00,0,15.04,78.73
430,multiplas_emergencias,PREEMPCAO_COMPENSADA,25,VE_ROTA_VE_TRANSVERSAL_00,ambulancia,198.90,0.00,0,12.54,60.32
430,multiplas_emergencias,PREEMPCAO_COMPENSADA,25,VE_ROTA_VE_CORREDOR_00,ambulancia,334.30,0.00,0,13.39,115.22
430,multiplas_emergencias,PREEMPCAO_COMPENSADA,25,VE_ROTA_VE_TRANSVERSAL_01,bombeiro,199.50,0.00,0,12.49,61.14
430,multiplas_emergencias,PREEMPCAO_COMPENSADA,25,VE_ROTA_VE_CORREDOR_01,bombeiro,294.10,0.00,0,15.22,75.19
430,multiplas_emergencias,PREEMPCAO_COMPENSADA,25,VE_ROTA_VE_TRANSVERSAL_02,policia,215.30,8.40,1,11.58,76.72
430,multiplas_emergencias,PREEMPCAO_COMPENSADA,25,VE_ROTA_VE_CORREDOR_02,policia,324.00,1.70,1,13.82,105.03
430,multiplas_emergencias,PREEMPCAO_COMPENSADA,25,VE_ROTA_VE_TRANSVERSAL_03,ambulancia,190.10,7.20,1,13.12,51.51
430,multiplas_emergencias,PREEMPCAO_COMPENSADA,25,VE_ROTA_VE_CORREDOR_03,ambulancia,277.00,0.00,0,16.16,58.01
430,multiplas_emergencias,PREEMPCAO_COMPENSADA,25,VE_ROTA_VE_TRANSVERSAL_04,bombeiro,199.00,2.00,1,12.52,60.65
430,multiplas_emergencias,PREEMPCAO_COMPENSADA,25,VE_ROTA_VE_CORREDOR_04,bombeiro,267.60,3.10,1,16.72,48.71
430,multiplas_emergencias,PREEMPCAO_COMPENSADA,25,VE_ROTA_VE_TRANSVERSAL_05,policia,144.70,0.30,1,17.24,6.10
430,multiplas_emergencias,PREEMPCAO_COMPENSADA,25,VE_ROTA_VE_CORREDOR_05,policia,296.40,0.00,0,15.11,77.36
431,multiplas_emergencias,PREEMPCAO_ML,25,VE_ROTA_VE_TRANSVERSAL_00,ambulancia,225.40,26.90,2,11.06,86.90
431,multiplas_emergencias,PREEMPCAO_ML,25,VE_ROTA_VE_CORREDOR_00,ambulancia,377.50,14.00,1,11.86,158.57
431,multiplas_emergencias,PREEMPCAO_ML,25,VE_ROTA_VE_TRANSVERSAL_01,bombeiro,204.60,0.00,0,12.18,66.21
431,multiplas_emergencias,PREEMPCAO_ML,25,VE_ROTA_VE_CORREDOR_01,bombeiro,300.10,0.00,0,14.91,81.18
431,multiplas_emergencias,PREEMPCAO_ML,25,VE_ROTA_VE_TRANSVERSAL_02,policia,188.60,15.30,2,13.22,50.08
431,multiplas_emergencias,PREEMPCAO_ML,25,VE_ROTA_VE_CORREDOR_02,policia,263.40,0.00,0,17.00,44.36
431,multiplas_emergencias,PREEMPCAO_ML,25,VE_ROTA_VE_TRANSVERSAL_03,ambulancia,204.20,3.80,1,12.21,65.68
431,multiplas_emergencias,PREEMPCAO_ML,25,VE_ROTA_VE_CORREDOR_03,ambulancia,292.50,0.00,0,15.31,73.52
431,multiplas_emergencias,PREEMPCAO_ML,25,VE_ROTA_VE_TRANSVERSAL_04,bombeiro,233.90,8.80,1,10.65,95.45
431,multiplas_emergencias,PREEMPCAO_ML,25,VE_ROTA_VE_CORREDOR_04,bombeiro,335.80,3.60,1,13.33,116.93
431,multiplas_emergencias,PREEMPCAO_ML,25,VE_ROTA_VE_TRANSVERSAL_05,policia,173.70,0.00,0,14.36,35.15
432,leve,FIXO,26,VE_ROTA_VE_CORREDOR_00,ambulancia,437.80,116.80,6,10.23,218.77
432,leve,FIXO,26,VE_ROTA_VE_CORREDOR_01,bombeiro,404.50,84.60,4,11.06,185.59
432,leve,FIXO,26,VE_ROTA_VE_CORREDOR_02,policia,428.00,102.70,5,10.46,208.90
432,leve,FIXO,26,VE_ROTA_VE_CORREDOR_03,ambulancia,460.80,103.60,6,9.72,241.80
432,leve,FIXO,26,VE_ROTA_VE_CORREDOR_04,bombeiro,491.10,82.80,6,9.11,272.24
433,leve,PREEMPCAO,26,VE_ROTA_VE_CORREDOR_00,ambulancia,287.80,0.00,0,15.56,68.80
433,leve,PREEMPCAO,26,VE_ROTA_VE_CORREDOR_01,bombeiro,299.70,3.90,1,14.93,80.77
433,leve,PREEMPCAO,26,VE_ROTA_VE_CORREDOR_02,policia,248.70,0.00,0,18.00,29.65
433,leve,PREEMPCAO,26,VE_ROTA_VE_CORREDOR_03,ambulancia,265.80,0.00,0,16.84,46.82
433,leve,PREEMPCAO,26,VE_ROTA_VE_CORREDOR_04,bombeiro,229.40,0.00,0,19.51,10.46
433,leve,PREEMPCAO,26,VE_ROTA_VE_CORREDOR_05,policia,262.40,0.00,0,17.06,43.36
434,leve,PREEMPCAO_COMPENSADA,26,VE_ROTA_VE_CORREDOR_00,ambulancia,287.80,0.00,0,15.56,68.79
434,leve,PREEMPCAO_COMPENSADA,26,VE_ROTA_VE_CORREDOR_01,bombeiro,232.40,0.00,0,19.26,13.54
434,leve,PREEMPCAO_COMPENSADA,26,VE_ROTA_VE_CORREDOR_02,policia,279.10,3.80,2,16.04,60.15
434,leve,PREEMPCAO_COMPENSADA,26,VE_ROTA_VE_CORREDOR_03,ambulancia,266.80,0.00,0,16.78,47.79
434,leve,PREEMPCAO_COMPENSADA,26,VE_ROTA_VE_CORREDOR_04,bombeiro,259.80,0.00,0,17.23,40.87
434,leve,PREEMPCAO_COMPENSADA,26,VE_ROTA_VE_CORREDOR_05,policia,243.00,0.00,0,18.43,24.02
435,moderado,FIXO,26,VE_ROTA_VE_CORREDOR_00,ambulancia,509.90,108.20,6,8.78,290.88
435,moderado,FIXO,26,VE_ROTA_VE_CORREDOR_01,bombeiro,484.80,68.70,5,9.23,265.94
435,moderado,FIXO,26,VE_ROTA_VE_CORREDOR_02,policia,505.00,110.70,6,8.87,285.94
435,moderado,FIXO,26,VE_ROTA_VE_CORREDOR_03,ambulancia,472.80,87.30,5,9.47,253.76
435,moderado,FIXO,26,VE_ROTA_VE_CORREDOR_04,bombeiro,490.00,97.50,6,9.13,271.15
436,moderado,PREEMPCAO,26,VE_ROTA_VE_CORREDOR_00,ambulancia,373.40,0.00,0,11.99,154.45
436,moderado,PREEMPCAO,26,VE_ROTA_VE_CORREDOR_01,bombeiro,314.30,0.00,0,14.24,95.39
436,moderado,PREEMPCAO,26,VE_ROTA_VE_CORREDOR_02,policia,319.90,0.00,0,14.00,100.81
436,moderado,PREEMPCAO,26,VE_ROTA_VE_CORREDOR_03,ambulancia,279.90,0.00,0,16.00,60.83
436,moderado,PREEMPCAO,26,VE_ROTA_VE_CORREDOR_04,bombeiro,320.00,0.00,0,13.99,101.06
437,moderado,PREEMPCAO_COMPENSADA,26,VE_ROTA_VE_CORREDOR_00,ambulancia,373.50,0.00,0,11.99,154.54
437,moderado,PREEMPCAO_COMPENSADA,26,VE_ROTA_VE_CORREDOR_01,bombeiro,317.00,0.00,0,14.12,98.12
437,moderado,PREEMPCAO_COMPENSADA,26,VE_ROTA_VE_CORREDOR_02,policia,285.50,0.00,0,15.68,66.47
437,moderado,PREEMPCAO_COMPENSADA,26,VE_ROTA_VE_CORREDOR_03,ambulancia,262.60,0.00,0,17.05,43.60
437,moderado,PREEMPCAO_COMPENSADA,26,VE_ROTA_VE_CORREDOR_04,bombeiro,332.40,0.00,0,13.46,113.46
438,intenso,FIXO,26,VE_ROTA_VE_CORREDOR_00,ambulancia,605.20,154.70,7,7.40,386.17
438,intenso,FIXO,26,VE_ROTA_VE_CORREDOR_01,bombeiro,552.50,73.10,6,8.10,333.62
438,intenso,FIXO,26,VE_ROTA_VE_CORREDOR_02,policia,519.60,103.10,6,8.62,300.52
438,intenso,FIXO,26,VE_ROTA_VE_CORREDOR_03,ambulancia,517.10,124.10,6,8.66,298.09
438,intenso,FIXO,26,VE_ROTA_VE_CORREDOR_04,bombeiro,586.80,82.20,7,7.63,367.91
439,intenso,PREEMPCAO,26,VE_ROTA_VE_CORREDOR_00,ambulancia,418.10,9.90,1,10.71,199.04
439,intenso,PREEMPCAO,26,VE_ROTA_VE_CORREDOR_01,bombeiro,388.50,0.00,0,11.52,169.52
439,intenso,PREEMPCAO,26,VE_ROTA_VE_CORREDOR_02,policia,342.60,0.00,0,13.07,123.57
439,intenso,PREEMPCAO,26,VE_ROTA_VE_CORREDOR_03,ambulancia,385.00,0.00,0,11.63,165.97
439,intenso,PREEMPCAO,26,VE_ROTA_VE_CORREDOR_04,bombeiro,369.80,1.80,1,12.10,150.91
440,intenso,PREEMPCAO_COMPENSADA,26,VE_ROTA_VE_CORREDOR_00,ambulancia,423.80,24.10,2,10.56,204.74
440,intenso,PREEMPCAO_COMPENSADA,26,VE_ROTA_VE_CORREDOR_01,bombeiro,423.40,0.00,0,10.57,204.48
440,intenso,PREEMPCAO_COMPENSADA,26,VE_ROTA_VE_CORREDOR_02,policia,366.40,0.00,0,12.22,147.37
440,intenso,PREEMPCAO_COMPENSADA,26,VE_ROTA_VE_CORREDOR_03,ambulancia,389.30,0.80,1,11.50,170.29
440,intenso,PREEMPCAO_COMPENSADA,26,VE_ROTA_VE_CORREDOR_04,bombeiro,370.30,0.00,0,12.09,151.31
441,multiplas_emergencias,FIXO,26,VE_ROTA_VE_TRANSVERSAL_00,ambulancia,301.60,87.30,5,8.27,163.04
441,multiplas_emergencias,FIXO,26,VE_ROTA_VE_CORREDOR_00,ambulancia,508.00,110.30,6,8.81,289.05
441,multiplas_emergencias,FIXO,26,VE_ROTA_VE_TRANSVERSAL_01,bombeiro,265.80,32.90,3,9.37,127.37
441,multiplas_emergencias,FIXO,26,VE_ROTA_VE_CORREDOR_01,bombeiro,485.00,68.30,5,9.23,266.14
441,multiplas_emergencias,FIXO,26,VE_ROTA_VE_TRANSVERSAL_02,policia,289.70,37.60,4,8.61,151.09
441,multiplas_emergencias,FIXO,26,VE_ROTA_VE_CORREDOR_02,policia,505.10,110.60,6,8.87,286.04
441,multiplas_emergencias,FIXO,26,VE_ROTA_VE_TRANSVERSAL_03,ambulancia,255.00,9.90,2,9.78,116.50
441,multiplas_emergencias,FIXO,26,VE_ROTA_VE_CORREDOR_03,ambulancia,472.50,87.30,5,9.48,253.43
441,multiplas_emergencias,FIXO,26,VE_ROTA_VE_TRANSVERSAL_04,bombeiro,282.60,34.30,3,8.82,144.22
441,multiplas_emergencias,FIXO,26,VE_ROTA_VE_CORREDOR_04,bombeiro,489.90,97.10,6,9.14,270.97
441,multiplas_emergencias,FIXO,26,VE_ROTA_VE_TRANSVERSAL_05,policia,240.20,21.20,3,10.38,101.60
442,multiplas_emergencias,PREEMPCAO,26,VE_ROTA_VE_TRANSVERSAL_00,ambulancia,203.60,0.00,0,12.25,65.09
442,multiplas_emergencias,PREEMPCAO,26,VE_ROTA_VE_CORREDOR_00,ambulancia,359.60,0.00,0,12.45,140.51
442,multiplas_emergencias,PREEMPCAO,26,VE_ROTA_VE_TRANSVERSAL_01,bombeiro,177.40,0.00,0,14.05,39.00
442,multiplas_emergencias,PREEMPCAO,26,VE_ROTA_VE_CORREDOR_01,bombeiro,319.20,0.00,0,14.02,100.30
442,multiplas_emergencias,PREEMPCAO,26,VE_ROTA_VE_TRANSVERSAL_02,policia,180.10,1.00,1,13.85,41.52
442,multiplas_emergencias,PREEMPCAO,26,VE_ROTA_VE_CORREDOR_02,policia,330.50,0.00,0,13.55,111.45
442,multiplas_emergencias,PREEMPCAO,26,VE_ROTA_VE_TRANSVERSAL_03,ambulancia,215.10,15.70,3,11.59,76.54
442,multiplas_emergencias,PREEMPCAO,26,VE_ROTA_VE_CORREDOR_03,ambulancia,277.00,0.00,0,16.16,58.02
442,multiplas_emergencias,PREEMPCAO,26,VE_ROTA_VE_TRANSVERSAL_04,bombeiro,207.80,0.10,1,11.99,69.38
442,multiplas_emergencias,PREEMPCAO,26,VE_ROTA_VE_CORREDOR_04,bombeiro,359.40,0.70,1,12.45,140.46
442,multiplas_emergencias,PREEMPCAO,26,VE_ROTA_VE_TRANSVERSAL_05,policia,178.20,0.00,0,14.00,39.61
443,multiplas_emergencias,PREEMPCAO_COMPENSADA,26,VE_ROTA_VE_TRANSVERSAL_00,ambulancia,203.60,0.00,0,12.25,65.08
443,multiplas_emergencias,PREEMPCAO_COMPENSADA,26,VE_ROTA_VE_CORREDOR_00,ambulancia,345.70,0.00,0,12.95,126.75
443,multiplas_emergencias,PREEMPCAO_COMPENSADA,26,VE_ROTA_VE_TRANSVERSAL_01,bombeiro,181.00,3.60,1,13.77,42.67
443,multiplas_emergencias,PREEMPCAO_COMPENSADA,26,VE_ROTA_VE_CORREDOR_01,bombeiro,316.10,0.00,0,14.16,97.21
443,multiplas_emergencias,PREEMPCAO_COMPENSADA,26,VE_ROTA_VE_TRANSVERSAL_02,policia,180.60,1.00,1,13.81,42.04
443,multiplas_emergencias,PREEMPCAO_COMPENSADA,26,VE_ROTA_VE_CORREDOR_02,policia,302.50,0.00,0,14.80,83.50
443,multiplas_emergencias,PREEMPCAO_COMPENSADA,26,VE_ROTA_VE_TRANSVERSAL_03,ambulancia,204.10,7.80,1,12.22,65.63
443,multiplas_emergencias,PREEMPCAO_COMPENSADA,26,VE_ROTA_VE_CORREDOR_03,ambulancia,249.60,0.00,0,17.94,30.57
443,multiplas_emergencias,PREEMPCAO_COMPENSADA,26,VE_ROTA_VE_TRANSVERSAL_04,bombeiro,231.30,5.10,1,10.77,92.94
443,multiplas_emergencias,PREEMPCAO_COMPENSADA,26,VE_ROTA_VE_CORREDOR_04,bombeiro,312.20,0.00,0,14.33,93.30
443,multiplas_emergencias,PREEMPCAO_COMPENSADA,26,VE_ROTA_VE_TRANSVERSAL_05,policia,190.60,0.00,0,13.09,52.06
443,multiplas_emergencias,PREEMPCAO_COMPENSADA,26,VE_ROTA_VE_CORREDOR_05,policia,280.50,0.00,0,15.96,61.55
444,multiplas_emergencias,PREEMPCAO_ML,26,VE_ROTA_VE_TRANSVERSAL_00,ambulancia,207.00,32.80,1,12.05,68.51
444,multiplas_emergencias,PREEMPCAO_ML,26,VE_ROTA_VE_CORREDOR_00,ambulancia,356.40,0.00,0,12.56,137.42
444,multiplas_emergencias,PREEMPCAO_ML,26,VE_ROTA_VE_TRANSVERSAL_01,bombeiro,193.30,0.00,0,12.89,54.96
444,multiplas_emergencias,PREEMPCAO_ML,26,VE_ROTA_VE_CORREDOR_01,bombeiro,324.70,0.00,0,13.78,105.80
444,multiplas_emergencias,PREEMPCAO_ML,26,VE_ROTA_VE_TRANSVERSAL_02,policia,196.70,19.10,1,12.68,58.11
444,multiplas_emergencias,PREEMPCAO_ML,26,VE_ROTA_VE_CORREDOR_02,policia,325.50,0.00,0,13.76,106.50
444,multiplas_emergencias,PREEMPCAO_ML,26,VE_ROTA_VE_TRANSVERSAL_03,ambulancia,220.40,12.40,3,11.31,81.89
444,multiplas_emergencias,PREEMPCAO_ML,26,VE_ROTA_VE_CORREDOR_03,ambulancia,279.70,0.00,0,16.01,60.76
444,multiplas_emergencias,PREEMPCAO_ML,26,VE_ROTA_VE_TRANSVERSAL_04,bombeiro,245.20,26.00,2,10.16,106.77
444,multiplas_emergencias,PREEMPCAO_ML,26,VE_ROTA_VE_CORREDOR_04,bombeiro,318.40,0.00,0,14.06,99.53
444,multiplas_emergencias,PREEMPCAO_ML,26,VE_ROTA_VE_TRANSVERSAL_05,policia,194.50,0.00,0,12.82,55.92
445,leve,FIXO,27,VE_ROTA_VE_CORREDOR_00,ambulancia,380.20,104.50,5,11.78,161.24
445,leve,FIXO,27,VE_ROTA_VE_CORREDOR_01,bombeiro,410.20,93.90,4,10.91,191.33
445,leve,FIXO,27,VE_ROTA_VE_CORREDOR_02,policia,495.80,159.40,6,9.03,276.79
445,leve,FIXO,27,VE_ROTA_VE_CORREDOR_03,ambulancia,462.20,98.00,5,9.69,243.18
445,leve,FIXO,27,VE_ROTA_VE_CORREDOR_04,bombeiro,487.90,116.70,6,9.17,268.99
446,leve,PREEMPCAO,27,VE_ROTA_VE_CORREDOR_00,ambulancia,291.60,2.30,1,15.35,72.63
446,leve,PREEMPCAO,27,VE_ROTA_VE_CORREDOR_01,bombeiro,291.60,0.00,0,15.35,72.73
446,leve,PREEMPCAO,27,VE_ROTA_VE_CORREDOR_02,policia,258.60,1.50,1,17.32,39.63
446,leve,PREEMPCAO,27,VE_ROTA_VE_CORREDOR_03,ambulancia,295.00,0.00,0,15.18,75.96
446,leve,PREEMPCAO,27,VE_ROTA_VE_CORREDOR_04,bombeiro,245.40,0.00,0,18.24,26.48
446,leve,PREEMPCAO,27,VE_ROTA_VE_CORREDOR_05,policia,252.90,0.00,0,17.71,33.89
447,leve,PREEMPCAO_COMPENSADA,27,VE_ROTA_VE_CORREDOR_00,ambulancia,291.70,2.30,1,15.35,72.68
447,leve,PREEMPCAO_COMPENSADA,27,VE_ROTA_VE_CORREDOR_01,bombeiro,315.70,0.00,0,14.18,96.89
447,leve,PREEMPCAO_COMPENSADA,27,VE_ROTA_VE_CORREDOR_02,policia,269.50,0.00,0,16.62,50.44
447,leve,PREEMPCAO_COMPENSADA,27,VE_ROTA_VE_CORREDOR_03,ambulancia,251.70,0.00,0,17.79,32.67
447,leve,PREEMPCAO_COMPENSADA,27,VE_ROTA_VE_CORREDOR_04,bombeiro,328.80,2.20,1,13.61,109.94
447,leve,PREEMPCAO_COMPENSADA,27,VE_ROTA_VE_CORREDOR_05,policia,246.50,0.00,0,18.17,27.46
448,moderado,FIXO,27,VE_ROTA_VE_CORREDOR_00,ambulancia,517.40,133.00,6,8.65,298.37
448,moderado,FIXO,27,VE_ROTA_VE_CORREDOR_01,bombeiro,465.70,115.70,5,9.61,246.84
448,moderado,FIXO,27,VE_ROTA_VE_CORREDOR_02,policia,512.40,92.20,6,8.74,293.41
448,moderado,FIXO,27,VE_ROTA_VE_CORREDOR_03,ambulancia,467.40,45.80,5,9.58,248.32
448,moderado,FIXO,27,VE_ROTA_VE_CORREDOR_04,bombeiro,500.70,86.20,5,8.94,281.88
449,moderado,PREEMPCAO,27,VE_ROTA_VE_CORREDOR_00,ambulancia,355.70,0.00,0,12.59,136.71
449,moderado,PREEMPCAO,27,VE_ROTA_VE_CORREDOR_01,bombeiro,291.00,1.80,1,15.38,72.07
449,moderado,PREEMPCAO,27,VE_ROTA_VE_CORREDOR_02,policia,312.50,0.00,0,14.33,93.44
449,moderado,PREEMPCAO,27,VE_ROTA_VE_CORREDOR_03,ambulancia,334.00,0.00,0,13.40,114.91
449,moderado,PREEMPCAO,27,VE_ROTA_VE_CORREDOR_04,bombeiro,305.30,0.00,0,14.66,86.33
450,moderado,PREEMPCAO_COMPENSADA,27,VE_ROTA_VE_CORREDOR_00,ambulancia,355.70,0.00,0,12.59,136.68
450,moderado,PREEMPCAO_COMPENSADA,27,VE_ROTA_VE_CORREDOR_01,bombeiro,281.20,0.00,0,15.91,62.34
450,moderado,PREEMPCAO_COMPENSADA,27,VE_ROTA_VE_CORREDOR_02,policia,316.60,0.00,0,14.14,97.55
450,moderado,PREEMPCAO_COMPENSADA,27,VE_ROTA_VE_CORREDOR_03,ambulancia,330.80,0.00,0,13.53,111.78
450,moderado,PREEMPCAO_COMPENSADA,27,VE_ROTA_VE_CORREDOR_04,bombeiro,316.90,0.00,0,14.12,97.92
450,moderado,PREEMPCAO_COMPENSADA,27,VE_ROTA_VE_CORREDOR_05,policia,297.50,0.20,1,15.05,78.54
451,intenso,FIXO,27,VE_ROTA_VE_CORREDOR_00,ambulancia,599.30,153.40,8,7.47,380.32
451,intenso,FIXO,27,VE_ROTA_VE_CORREDOR_01,bombeiro,494.40,11.60,5,9.05,275.53
451,intenso,FIXO,27,VE_ROTA_VE_CORREDOR_02,policia,518.70,59.70,6,8.63,299.66
451,intenso,FIXO,27,VE_ROTA_VE_CORREDOR_03,ambulancia,485.20,2.60,2,9.23,266.19
451,intenso,FIXO,27,VE_ROTA_VE_CORREDOR_04,bombeiro,547.10,162.50,6,8.18,328.24
452,intenso,PREEMPCAO,27,VE_ROTA_VE_CORREDOR_00,ambulancia,438.80,0.00,0,10.20,219.78
452,intenso,PREEMPCAO,27,VE_ROTA_VE_CORREDOR_01,bombeiro,413.60,0.70,1,10.82,194.66
452,intenso,PREEMPCAO,27,VE_ROTA_VE_CORREDOR_02,policia,383.60,2.00,1,11.67,164.54
452,intenso,PREEMPCAO,27,VE_ROTA_VE_CORREDOR_03,ambulancia,379.80,0.00,0,11.79,160.80
452,intenso,PREEMPCAO,27,VE_ROTA_VE_CORREDOR_04,bombeiro,362.50,0.00,0,12.35,143.63
453,intenso,PREEMPCAO_COMPENSADA,27,VE_ROTA_VE_CORREDOR_00,ambulancia,438.80,0.00,0,10.20,219.75
453,intenso,PREEMPCAO_COMPENSADA,27,VE_ROTA_VE_CORREDOR_01,bombeiro,413.10,0.00,0,10.83,194.16
453,intenso,PREEMPCAO_COMPENSADA,27,VE_ROTA_VE_CORREDOR_02,policia,406.80,15.30,1,11.01,187.79
453,intenso,PREEMPCAO_COMPENSADA,27,VE_ROTA_VE_CORREDOR_03,ambulancia,408.50,0.00,0,10.96,189.43
453,intenso,PREEMPCAO_COMPENSADA,27,VE_ROTA_VE_CORREDOR_04,bombeiro,383.00,0.00,0,11.68,164.07
454,multiplas_emergencias,FIXO,27,VE_ROTA_VE_TRANSVERSAL_00,ambulancia,290.40,75.50,4,8.59,151.89
454,multiplas_emergencias,FIXO,27,VE_ROTA_VE_CORREDOR_00,ambulancia,517.40,132.90,6,8.65,298.42
454,multiplas_emergencias,FIXO,27,VE_ROTA_VE_TRANSVERSAL_01,bombeiro,250.90,32.20,2,9.93,112.55
454,multiplas_emergencias,FIXO,27,VE_ROTA_VE_CORREDOR_01,bombeiro,465.80,115.60,5,9.61,246.89
454,multiplas_emergencias,FIXO,27,VE_ROTA_VE_TRANSVERSAL_02,policia,291.10,27.70,4,8.57,152.53
454,multiplas_emergencias,FIXO,27,VE_ROTA_VE_CORREDOR_02,policia,512.40,94.70,6,8.74,293.35
454,multiplas_emergencias,FIXO,27,VE_ROTA_VE_TRANSVERSAL_03,ambulancia,250.20,12.30,1,9.97,111.67
454,multiplas_emergencias,FIXO,27,VE_ROTA_VE_CORREDOR_03,ambulancia,467.40,46.00,5,9.58,248.38
454,multiplas_emergencias,FIXO,27,VE_ROTA_VE_TRANSVERSAL_04,bombeiro,284.60,48.70,5,8.75,146.17
454,multiplas_emergencias,FIXO,27,VE_ROTA_VE_CORREDOR_04,bombeiro,500.60,85.90,5,8.94,281.68
454,multiplas_emergencias,FIXO,27,VE_ROTA_VE_TRANSVERSAL_05,policia,243.40,16.10,3,10.25,104.84
455,multiplas_emergencias,PREEMPCAO,27,VE_ROTA_VE_TRANSVERSAL_00,ambulancia,204.20,0.00,0,12.21,65.60
455,multiplas_emergencias,PREEMPCAO,27,VE_ROTA_VE_CORREDOR_00,ambulancia,369.70,0.00,0,12.11,150.64
455,multiplas_emergencias,PREEMPCAO,27,VE_ROTA_VE_TRANSVERSAL_01,bombeiro,199.50,0.00,0,12.49,61.07
455,multiplas_emergencias,PREEMPCAO,27,VE_ROTA_VE_CORREDOR_01,bombeiro,292.10,1.70,1,15.32,73.21
455,multiplas_emergencias,PREEMPCAO,27,VE_ROTA_VE_TRANSVERSAL_02,policia,198.60,0.00,0,12.56,60.08
455,multiplas_emergencias,PREEMPCAO,27,VE_ROTA_VE_CORREDOR_02,policia,340.60,5.50,1,13.15,121.55
455,multiplas_emergencias,PREEMPCAO,27,VE_ROTA_VE_TRANSVERSAL_03,ambulancia,192.10,0.00,0,12.98,53.58
455,multiplas_emergencias,PREEMPCAO,27,VE_ROTA_VE_CORREDOR_03,ambulancia,312.00,4.40,1,14.35,92.98
455,multiplas_emergencias,PREEMPCAO,27,VE_ROTA_VE_TRANSVERSAL_04,bombeiro,199.80,7.10,1,12.47,61.44
455,multiplas_emergencias,PREEMPCAO,27,VE_ROTA_VE_CORREDOR_04,bombeiro,288.20,0.00,0,15.53,69.32
455,multiplas_emergencias,PREEMPCAO,27,VE_ROTA_VE_TRANSVERSAL_05,policia,168.70,9.80,1,14.78,30.11
456,multiplas_emergencias,PREEMPCAO_COMPENSADA,27,VE_ROTA_VE_TRANSVERSAL_00,ambulancia,204.30,0.00,0,12.21,65.77
456,multiplas_emergencias,PREEMPCAO_COMPENSADA,27,VE_ROTA_VE_CORREDOR_00,ambulancia,369.00,0.00,0,12.13,149.96
456,multiplas_emergencias,PREEMPCAO_COMPENSADA,27,VE_ROTA_VE_TRANSVERSAL_01,bombeiro,194.10,3.00,2,12.84,55.69
456,multiplas_emergencias,PREEMPCAO_COMPENSADA,27,VE_ROTA_VE_CORREDOR_01,bombeiro,330.80,7.20,1,13.53,111.86
456,multiplas_emergencias,PREEMPCAO_COMPENSADA,27,VE_ROTA_VE_TRANSVERSAL_02,policia,229.40,3.90,1,10.87,90.78
456,multiplas_emergencias,PREEMPCAO_COMPENSADA,27,VE_ROTA_VE_CORREDOR_02,policia,305.30,0.00,0,14.67,86.33
456,multiplas_emergencias,PREEMPCAO_COMPENSADA,27,VE_ROTA_VE_TRANSVERSAL_03,ambulancia,189.60,5.00,1,13.15,51.05
456,multiplas_emergencias,PREEMPCAO_COMPENSADA,27,VE_ROTA_VE_CORREDOR_03,ambulancia,320.00,0.00,0,13.99,100.97
456,multiplas_emergencias,PREEMPCAO_COMPENSADA,27,VE_ROTA_VE_TRANSVERSAL_04,bombeiro,185.00,7.20,1,13.47,46.59
456,multiplas_emergencias,PREEMPCAO_COMPENSADA,27,VE_ROTA_VE_CORREDOR_04,bombeiro,334.40,0.00,0,13.38,115.47
456,multiplas_emergencias,PREEMPCAO_COMPENSADA,27,VE_ROTA_VE_TRANSVERSAL_05,policia,174.20,0.00,0,14.32,35.66
457,multiplas_emergencias,PREEMPCAO_ML,27,VE_ROTA_VE_TRANSVERSAL_00,ambulancia,213.30,10.30,1,11.69,74.79
457,multiplas_emergencias,PREEMPCAO_ML,27,VE_ROTA_VE_CORREDOR_00,ambulancia,374.80,7.70,1,11.95,155.82
457,multiplas_emergencias,PREEMPCAO_ML,27,VE_ROTA_VE_TRANSVERSAL_01,bombeiro,180.40,0.00,0,13.81,41.97
457,multiplas_emergencias,PREEMPCAO_ML,27,VE_ROTA_VE_CORREDOR_01,bombeiro,364.60,4.20,2,12.27,145.79
457,multiplas_emergencias,PREEMPCAO_ML,27,VE_ROTA_VE_TRANSVERSAL_02,policia,218.20,0.00,0,11.43,79.67
457,multiplas_emergencias,PREEMPCAO_ML,27,VE_ROTA_VE_CORREDOR_02,policia,321.30,0.00,0,13.94,102.27
457,multiplas_emergencias,PREEMPCAO_ML,27,VE_ROTA_VE_TRANSVERSAL_03,ambulancia,187.90,4.50,1,13.27,49.38
457,multiplas_emergencias,PREEMPCAO_ML,27,VE_ROTA_VE_CORREDOR_03,ambulancia,331.20,0.00,0,13.52,112.19
457,multiplas_emergencias,PREEMPCAO_ML,27,VE_ROTA_VE_TRANSVERSAL_04,bombeiro,193.10,0.30,1,12.90,54.69
457,multiplas_emergencias,PREEMPCAO_ML,27,VE_ROTA_VE_CORREDOR_04,bombeiro,341.20,0.00,0,13.12,122.28
457,multiplas_emergencias,PREEMPCAO_ML,27,VE_ROTA_VE_TRANSVERSAL_05,policia,186.70,4.00,2,13.36,48.16
458,leve,FIXO,28,VE_ROTA_VE_CORREDOR_00,ambulancia,509.80,156.00,6,8.78,290.80
458,leve,FIXO,28,VE_ROTA_VE_CORREDOR_01,bombeiro,474.80,116.40,5,9.43,255.86
458,leve,FIXO,28,VE_ROTA_VE_CORREDOR_02,policia,507.70,103.20,7,8.82,288.62
458,leve,FIXO,28,VE_ROTA_VE_CORREDOR_03,ambulancia,386.90,107.20,4,11.57,167.87
458,leve,FIXO,28,VE_ROTA_VE_CORREDOR_04,bombeiro,489.80,132.10,7,9.14,270.90
459,leve,PREEMPCAO,28,VE_ROTA_VE_CORREDOR_00,ambulancia,287.10,0.00,0,15.59,68.10
459,leve,PREEMPCAO,28,VE_ROTA_VE_CORREDOR_01,bombeiro,252.80,0.00,0,17.70,33.92
459,leve,PREEMPCAO,28,VE_ROTA_VE_CORREDOR_02,policia,275.20,0.00,0,16.27,56.19
459,leve,PREEMPCAO,28,VE_ROTA_VE_CORREDOR_03,ambulancia,290.80,4.90,1,15.40,71.86
459,leve,PREEMPCAO,28,VE_ROTA_VE_CORREDOR_04,bombeiro,259.10,0.00,0,17.27,40.17
459,leve,PREEMPCAO,28,VE_ROTA_VE_CORREDOR_05,policia,263.20,0.00,0,17.01,44.21
460,leve,PREEMPCAO_COMPENSADA,28,VE_ROTA_VE_CORREDOR_00,ambulancia,287.30,0.00,0,15.58,68.28
460,leve,PREEMPCAO_COMPENSADA,28,VE_ROTA_VE_CORREDOR_01,bombeiro,262.70,0.00,0,17.04,43.81
460,leve,PREEMPCAO_COMPENSADA,28,VE_ROTA_VE_CORREDOR_02,policia,278.30,0.80,1,16.09,59.28
460,leve,PREEMPCAO_COMPENSADA,28,VE_ROTA_VE_CORREDOR_03,ambulancia,261.30,0.00,0,17.13,42.33
460,leve,PREEMPCAO_COMPENSADA,28,VE_ROTA_VE_CORREDOR_04,bombeiro,279.00,0.00,0,16.04,60.16
460,leve,PREEMPCAO_COMPENSADA,28,VE_ROTA_VE_CORREDOR_05,policia,253.20,0.00,0,17.68,34.09
461,moderado,FIXO,28,VE_ROTA_VE_CORREDOR_00,ambulancia,521.20,128.50,6,8.59,302.22
461,moderado,FIXO,28,VE_ROTA_VE_CORREDOR_01,bombeiro,478.20,73.00,5,9.36,259.33
461,moderado,FIXO,28,VE_ROTA_VE_CORREDOR_02,policia,508.30,115.40,7,8.81,289.29
461,moderado,FIXO,28,VE_ROTA_VE_CORREDOR_03,ambulancia,470.90,55.50,5,9.51,251.95
461,moderado,FIXO,28,VE_ROTA_VE_CORREDOR_04,bombeiro,505.20,108.60,5,8.86,286.30
462,moderado,PREEMPCAO,28,VE_ROTA_VE_CORREDOR_00,ambulancia,318.20,0.00,0,14.07,99.25
462,moderado,PREEMPCAO,28,VE_ROTA_VE_CORREDOR_01,bombeiro,340.70,1.50,1,13.14,121.84
462,moderado,PREEMPCAO,28,VE_ROTA_VE_CORREDOR_02,policia,309.20,0.00,0,14.48,90.16
462,moderado,PREEMPCAO,28,VE_ROTA_VE_CORREDOR_03,ambulancia,332.50,0.00,0,13.47,113.49
462,moderado,PREEMPCAO,28,VE_ROTA_VE_CORREDOR_04,bombeiro,293.20,0.00,0,15.26,74.29
463,moderado,PREEMPCAO_COMPENSADA,28,VE_ROTA_VE_CORREDOR_00,ambulancia,318.20,0.00,0,14.07,99.19
463,moderado,PREEMPCAO_COMPENSADA,28,VE_ROTA_VE_CORREDOR_01,bombeiro,308.30,0.00,0,14.52,89.45
463,moderado,PREEMPCAO_COMPENSADA,28,VE_ROTA_VE_CORREDOR_02,policia,345.10,0.00,0,12.98,126.07
463,moderado,PREEMPCAO_COMPENSADA,28,VE_ROTA_VE_CORREDOR_03,ambulancia,318.40,0.00,0,14.06,99.33
463,moderado,PREEMPCAO_COMPENSADA,28,VE_ROTA_VE_CORREDOR_04,bombeiro,306.10,0.00,0,14.62,87.23
463,moderado,PREEMPCAO_COMPENSADA,28,VE_ROTA_VE_CORREDOR_05,policia,272.70,0.00,0,16.42,53.66
464,intenso,FIXO,28,VE_ROTA_VE_CORREDOR_00,ambulancia,526.10,89.10,6,8.51,307.09
464,intenso,FIXO,28,VE_ROTA_VE_CORREDOR_01,bombeiro,492.00,37.90,5,9.10,273.09
464,intenso,FIXO,28,VE_ROTA_VE_CORREDOR_02,policia,522.60,78.30,6,8.57,303.61
464,intenso,FIXO,28,VE_ROTA_VE_CORREDOR_03,ambulancia,487.30,1.70,5,9.19,268.35
464,intenso,FIXO,28,VE_ROTA_VE_CORREDOR_04,bombeiro,507.30,49.50,5,8.82,288.41
465,intenso,PREEMPCAO,28,VE_ROTA_VE_CORREDOR_00,ambulancia,443.40,0.00,0,10.10,224.38
465,intenso,PREEMPCAO,28,VE_ROTA_VE_CORREDOR_01,bombeiro,343.90,0.00,0,13.01,125.01
465,intenso,PREEMPCAO,28,VE_ROTA_VE_CORREDOR_02,policia,363.10,0.00,0,12.33,144.06
465,intenso,PREEMPCAO,28,VE_ROTA_VE_CORREDOR_03,ambulancia,367.00,0.00,0,12.20,148.00
465,intenso,PREEMPCAO,28,VE_ROTA_VE_CORREDOR_04,bombeiro,342.00,0.00,0,13.09,123.14
466,intenso,PREEMPCAO_COMPENSADA,28,VE_ROTA_VE_CORREDOR_00,ambulancia,430.30,5.40,1,10.40,211.34
466,intenso,PREEMPCAO_COMPENSADA,28,VE_ROTA_VE_CORREDOR_01,bombeiro,383.80,0.00,0,11.66,164.86
466,intenso,PREEMPCAO_COMPENSADA,28,VE_ROTA_VE_CORREDOR_02,policia,361.10,0.00,0,12.40,141.99
466,intenso,PREEMPCAO_COMPENSADA,28,VE_ROTA_VE_CORREDOR_03,ambulancia,356.10,0.00,0,12.57,137.04
466,intenso,PREEMPCAO_COMPENSADA,28,VE_ROTA_VE_CORREDOR_04,bombeiro,362.20,0.00,0,12.36,143.26
467,multiplas_emergencias,FIXO,28,VE_ROTA_VE_TRANSVERSAL_00,ambulancia,224.80,41.30,2,11.09,86.25
467,multiplas_emergencias,FIXO,28,VE_ROTA_VE_CORREDOR_00,ambulancia,521.30,128.10,6,8.59,302.23
467,multiplas_emergencias,FIXO,28,VE_ROTA_VE_TRANSVERSAL_01,bombeiro,258.50,18.00,2,9.64,120.13
467,multiplas_emergencias,FIXO,28,VE_ROTA_VE_CORREDOR_01,bombeiro,475.70,76.70,5,9.41,256.86
467,multiplas_emergencias,FIXO,28,VE_ROTA_VE_TRANSVERSAL_02,policia,289.50,37.80,4,8.62,150.93
467,multiplas_emergencias,FIXO,28,VE_ROTA_VE_CORREDOR_02,policia,509.50,115.50,7,8.79,290.52
467,multiplas_emergencias,FIXO,28,VE_ROTA_VE_TRANSVERSAL_03,ambulancia,253.80,11.00,1,9.83,115.29
467,multiplas_emergencias,FIXO,28,VE_ROTA_VE_CORREDOR_03,ambulancia,470.70,52.80,5,9.51,251.73
467,multiplas_emergencias,FIXO,28,VE_ROTA_VE_TRANSVERSAL_04,bombeiro,282.10,76.30,4,8.83,143.68
467,multiplas_emergencias,FIXO,28,VE_ROTA_VE_CORREDOR_04,bombeiro,505.30,108.40,5,8.86,286.43
468,multiplas_emergencias,PREEMPCAO,28,VE_ROTA_VE_TRANSVERSAL_00,ambulancia,201.90,31.10,1,12.35,63.35
468,multiplas_emergencias,PREEMPCAO,28,VE_ROTA_VE_CORREDOR_00,ambulancia,321.20,0.00,0,13.94,102.19
468,multiplas_emergencias,PREEMPCAO,28,VE_ROTA_VE_TRANSVERSAL_01,bombeiro,187.50,3.60,1,13.29,49.14
468,multiplas_emergencias,PREEMPCAO,28,VE_ROTA_VE_CORREDOR_01,bombeiro,335.70,1.50,1,13.33,116.80
468,multiplas_emergencias,PREEMPCAO,28,VE_ROTA_VE_TRANSVERSAL_02,policia,193.20,0.50,1,12.91,54.64
468,multiplas_emergencias,PREEMPCAO,28,VE_ROTA_VE_CORREDOR_02,policia,337.20,0.00,0,13.28,118.14
468,multiplas_emergencias,PREEMPCAO,28,VE_ROTA_VE_TRANSVERSAL_03,ambulancia,200.80,0.00,0,12.42,62.25
468,multiplas_emergencias,PREEMPCAO,28,VE_ROTA_VE_CORREDOR_03,ambulancia,340.50,0.00,0,13.15,121.54
468,multiplas_emergencias,PREEMPCAO,28,VE_ROTA_VE_TRANSVERSAL_04,bombeiro,156.10,5.10,1,15.96,17.73
468,multiplas_emergencias,PREEMPCAO,28,VE_ROTA_VE_CORREDOR_04,bombeiro,304.60,1.00,1,14.69,85.67
468,multiplas_emergencias,PREEMPCAO,28,VE_ROTA_VE_TRANSVERSAL_05,policia,200.00,6.20,1,12.47,61.44
468,multiplas_emergencias,PREEMPCAO,28,VE_ROTA_VE_CORREDOR_05,policia,284.40,4.00,2,15.74,65.37
469,multiplas_emergencias,PREEMPCAO_COMPENSADA,28,VE_ROTA_VE_TRANSVERSAL_00,ambulancia,201.90,31.10,1,12.35,63.39
469,multiplas_emergencias,PREEMPCAO_COMPENSADA,28,VE_ROTA_VE_CORREDOR_00,ambulancia,324.20,0.00,0,13.81,105.26
469,multiplas_emergencias,PREEMPCAO_COMPENSADA,28,VE_ROTA_VE_TRANSVERSAL_01,bombeiro,177.20,17.90,1,14.06,38.78
469,multiplas_emergencias,PREEMPCAO_COMPENSADA,28,VE_ROTA_VE_CORREDOR_01,bombeiro,291.50,0.00,0,15.35,72.61
469,multiplas_emergencias,PREEMPCAO_COMPENSADA,28,VE_ROTA_VE_TRANSVERSAL_02,policia,164.50,0.00,0,15.16,25.90
469,multiplas_emergencias,PREEMPCAO_COMPENSADA,28,VE_ROTA_VE_CORREDOR_02,policia,332.90,0.00,0,13.45,113.85
469,multiplas_emergencias,PREEMPCAO_COMPENSADA,28,VE_ROTA_VE_TRANSVERSAL_03,ambulancia,207.60,0.00,0,12.01,69.12
469,multiplas_emergencias,PREEMPCAO_COMPENSADA,28,VE_ROTA_VE_CORREDOR_03,ambulancia,320.00,4.80,1,13.99,100.95
469,multiplas_emergencias,PREEMPCAO_COMPENSADA,28,VE_ROTA_VE_TRANSVERSAL_04,bombeiro,192.00,15.00,3,12.98,53.59
469,multiplas_emergencias,PREEMPCAO_COMPENSADA,28,VE_ROTA_VE_CORREDOR_04,bombeiro,286.40,13.80,2,15.63,67.51
469,multiplas_emergencias,PREEMPCAO_COMPENSADA,28,VE_ROTA_VE_TRANSVERSAL_05,policia,212.80,4.60,2,11.72,74.24
469,multiplas_emergencias,PREEMPCAO_COMPENSADA,28,VE_ROTA_VE_CORREDOR_05,policia,278.50,3.20,1,16.08,59.44
470,multiplas_emergencias,PREEMPCAO_ML,28,VE_ROTA_VE_TRANSVERSAL_00,ambulancia,225.90,35.50,3,11.04,87.39
470,multiplas_emergencias,PREEMPCAO_ML,28,VE_ROTA_VE_CORREDOR_00,ambulancia,301.40,0.00,0,14.85,82.36
470,multiplas_emergencias,PREEMPCAO_ML,28,VE_ROTA_VE_TRANSVERSAL_01,bombeiro,185.70,15.50,2,13.42,47.31
470,multiplas_emergencias,PREEMPCAO_ML,28,VE_ROTA_VE_CORREDOR_01,bombeiro,333.40,1.50,1,13.42,114.51
470,multiplas_emergencias,PREEMPCAO_ML,28,VE_ROTA_VE_TRANSVERSAL_02,policia,201.60,16.60,2,12.37,63.00
470,multiplas_emergencias,PREEMPCAO_ML,28,VE_ROTA_VE_CORREDOR_02,policia,329.70,0.00,0,13.58,110.62
470,multiplas_emergencias,PREEMPCAO_ML,28,VE_ROTA_VE_TRANSVERSAL_03,ambulancia,233.00,14.10,2,10.70,94.46
470,multiplas_emergencias,PREEMPCAO_ML,28,VE_ROTA_VE_CORREDOR_03,ambulancia,295.50,0.00,0,15.15,76.51
470,multiplas_emergencias,PREEMPCAO_ML,28,VE_ROTA_VE_TRANSVERSAL_04,bombeiro,173.40,9.60,1,14.37,35.00
470,multiplas_emergencias,PREEMPCAO_ML,28,VE_ROTA_VE_CORREDOR_04,bombeiro,268.60,0.00,0,16.66,49.73
470,multiplas_emergencias,PREEMPCAO_ML,28,VE_ROTA_VE_TRANSVERSAL_05,policia,210.60,6.60,2,11.84,72.02
470,multiplas_emergencias,PREEMPCAO_ML,28,VE_ROTA_VE_CORREDOR_05,policia,276.30,3.20,1,16.21,57.33
471,leve,FIXO,29,VE_ROTA_VE_CORREDOR_00,ambulancia,443.60,102.60,5,10.09,224.65
471,leve,FIXO,29,VE_ROTA_VE_CORREDOR_01,bombeiro,465.90,140.40,5,9.61,246.96
471,leve,FIXO,29,VE_ROTA_VE_CORREDOR_02,policia,499.40,134.90,6,8.97,280.43
471,leve,FIXO,29,VE_ROTA_VE_CORREDOR_03,ambulancia,462.80,117.80,5,9.67,243.85
471,leve,FIXO,29,VE_ROTA_VE_CORREDOR_04,bombeiro,487.20,149.00,7,9.19,268.28
472,leve,PREEMPCAO,29,VE_ROTA_VE_CORREDOR_00,ambulancia,289.40,2.30,1,15.47,70.35
472,leve,PREEMPCAO,29,VE_ROTA_VE_CORREDOR_01,bombeiro,284.10,0.00,0,15.75,65.18
472,leve,PREEMPCAO,29,VE_ROTA_VE_CORREDOR_02,policia,281.30,4.90,2,15.92,62.32
472,leve,PREEMPCAO,29,VE_ROTA_VE_CORREDOR_03,ambulancia,255.90,0.00,0,17.50,36.92
472,leve,PREEMPCAO,29,VE_ROTA_VE_CORREDOR_04,bombeiro,284.20,4.90,1,15.75,65.26
472,leve,PREEMPCAO,29,VE_ROTA_VE_CORREDOR_05,policia,244.60,3.10,1,18.31,25.55
473,leve,PREEMPCAO_COMPENSADA,29,VE_ROTA_VE_CORREDOR_00,ambulancia,289.30,2.30,1,15.48,70.29
473,leve,PREEMPCAO_COMPENSADA,29,VE_ROTA_VE_CORREDOR_01,bombeiro,239.20,0.00,0,18.71,20.26
473,leve,PREEMPCAO_COMPENSADA,29,VE_ROTA_VE_CORREDOR_02,policia,258.00,0.00,0,17.36,38.97
473,leve,PREEMPCAO_COMPENSADA,29,VE_ROTA_VE_CORREDOR_03,ambulancia,273.50,0.00,0,16.37,54.47
473,leve,PREEMPCAO_COMPENSADA,29,VE_ROTA_VE_CORREDOR_04,bombeiro,248.70,1.70,1,17.99,29.77
473,leve,PREEMPCAO_COMPENSADA,29,VE_ROTA_VE_CORREDOR_05,policia,285.30,3.90,1,15.69,66.23
474,moderado,FIXO,29,VE_ROTA_VE_CORREDOR_00,ambulancia,452.40,69.10,5,9.90,233.38
474,moderado,FIXO,29,VE_ROTA_VE_CORREDOR_01,bombeiro,483.30,80.00,5,9.26,264.39
474,moderado,FIXO,29,VE_ROTA_VE_CORREDOR_02,policia,506.90,79.00,6,8.83,287.84
474,moderado,FIXO,29,VE_ROTA_VE_CORREDOR_03,ambulancia,472.90,54.90,5,9.47,253.88
474,moderado,FIXO,29,VE_ROTA_VE_CORREDOR_04,bombeiro,506.40,90.60,5,8.84,287.49
475,moderado,PREEMPCAO,29,VE_ROTA_VE_CORREDOR_00,ambulancia,332.80,2.00,1,13.45,113.83
475,moderado,PREEMPCAO,29,VE_ROTA_VE_CORREDOR_01,bombeiro,276.40,0.00,0,16.19,57.46
475,moderado,PREEMPCAO,29,VE_ROTA_VE_CORREDOR_02,policia,302.40,0.00,0,14.81,83.40
475,moderado,PREEMPCAO,29,VE_ROTA_VE_CORREDOR_03,ambulancia,338.30,0.00,0,13.23,119.29
475,moderado,PREEMPCAO,29,VE_ROTA_VE_CORREDOR_04,bombeiro,299.80,0.00,0,14.93,80.86
476,moderado,PREEMPCAO_COMPENSADA,29,VE_ROTA_VE_CORREDOR_00,ambulancia,332.60,2.00,1,13.46,113.58
476,moderado,PREEMPCAO_COMPENSADA,29,VE_ROTA_VE_CORREDOR_01,bombeiro,311.20,0.00,0,14.38,92.26
476,moderado,PREEMPCAO_COMPENSADA,29,VE_ROTA_VE_CORREDOR_02,policia,323.00,0.00,0,13.86,104.00
476,moderado,PREEMPCAO_COMPENSADA,29,VE_ROTA_VE_CORREDOR_03,ambulancia,304.10,2.20,1,14.72,85.14
476,moderado,PREEMPCAO_COMPENSADA,29,VE_ROTA_VE_CORREDOR_04,bombeiro,297.70,0.00,0,15.03,78.89
476,moderado,PREEMPCAO_COMPENSADA,29,VE_ROTA_VE_CORREDOR_05,policia,296.60,0.00,0,15.10,77.64
477,intenso,FIXO,29,VE_ROTA_VE_CORREDOR_00,ambulancia,522.00,82.30,6,8.58,303.02
477,intenso,FIXO,29,VE_ROTA_VE_CORREDOR_01,bombeiro,557.70,69.70,7,8.02,338.86
477,intenso,FIXO,29,VE_ROTA_VE_CORREDOR_02,policia,597.00,81.40,8,7.50,378.02
477,intenso,FIXO,29,VE_ROTA_VE_CORREDOR_03,ambulancia,488.90,35.90,3,9.16,269.89
477,intenso,FIXO,29,VE_ROTA_VE_CORREDOR_04,bombeiro,513.00,37.20,5,8.72,294.12
478,intenso,PREEMPCAO,29,VE_ROTA_VE_CORREDOR_00,ambulancia,398.50,0.00,0,11.24,179.53
478,intenso,PREEMPCAO,29,VE_ROTA_VE_CORREDOR_01,bombeiro,337.60,0.00,0,13.26,118.68
478,intenso,PREEMPCAO,29,VE_ROTA_VE_CORREDOR_02,policia,375.10,0.00,0,11.94,156.05
478,intenso,PREEMPCAO,29,VE_ROTA_VE_CORREDOR_03,ambulancia,340.50,0.00,0,13.15,121.51
478,intenso,PREEMPCAO,29,VE_ROTA_VE_CORREDOR_04,bombeiro,410.00,0.00,0,10.92,191.11
479,intenso,PREEMPCAO_COMPENSADA,29,VE_ROTA_VE_CORREDOR_00,ambulancia,398.40,0.00,0,11.24,179.37
479,intenso,PREEMPCAO_COMPENSADA,29,VE_ROTA_VE_CORREDOR_01,bombeiro,372.70,0.00,0,12.01,153.74
479,intenso,PREEMPCAO_COMPENSADA,29,VE_ROTA_VE_CORREDOR_02,policia,313.10,0.00,0,14.30,94.09
479,intenso,PREEMPCAO_COMPENSADA,29,VE_ROTA_VE_CORREDOR_03,ambulancia,389.30,0.00,0,11.50,170.32
479,intenso,PREEMPCAO_COMPENSADA,29,VE_ROTA_VE_CORREDOR_04,bombeiro,380.60,0.00,0,11.76,161.69
480,multiplas_emergencias,FIXO,29,VE_ROTA_VE_TRANSVERSAL_00,ambulancia,235.90,15.60,3,10.57,97.33
480,multiplas_emergencias,FIXO,29,VE_ROTA_VE_CORREDOR_00,ambulancia,452.40,69.20,5,9.90,233.45
480,multiplas_emergencias,FIXO,29,VE_ROTA_VE_TRANSVERSAL_01,bombeiro,268.20,13.50,2,9.29,129.77
480,multiplas_emergencias,FIXO,29,VE_ROTA_VE_CORREDOR_01,bombeiro,483.20,73.00,5,9.26,264.39
480,multiplas_emergencias,FIXO,29,VE_ROTA_VE_TRANSVERSAL_02,policia,285.00,53.30,4,8.75,146.40
480,multiplas_emergencias,FIXO,29,VE_ROTA_VE_CORREDOR_02,policia,506.70,79.00,6,8.84,287.70
480,multiplas_emergencias,FIXO,29,VE_ROTA_VE_TRANSVERSAL_03,ambulancia,263.70,14.40,3,9.46,125.17
480,multiplas_emergencias,FIXO,29,VE_ROTA_VE_CORREDOR_03,ambulancia,472.80,54.90,5,9.47,253.75
480,multiplas_emergencias,FIXO,29,VE_ROTA_VE_TRANSVERSAL_04,bombeiro,280.60,43.40,4,8.88,142.22
480,multiplas_emergencias,FIXO,29,VE_ROTA_VE_CORREDOR_04,bombeiro,506.40,90.90,5,8.84,287.51
480,multiplas_emergencias,FIXO,29,VE_ROTA_VE_TRANSVERSAL_05,policia,238.70,14.40,2,10.45,100.17
481,multiplas_emergencias,PREEMPCAO,29,VE_ROTA_VE_TRANSVERSAL_00,ambulancia,178.30,0.00,0,13.99,39.72
481,multiplas_emergencias,PREEMPCAO,29,VE_ROTA_VE_CORREDOR_00,ambulancia,320.60,2.00,1,13.97,101.60
481,multiplas_emergencias,PREEMPCAO,29,VE_ROTA_VE_TRANSVERSAL_01,bombeiro,205.50,4.10,1,12.12,67.06
481,multiplas_emergencias,PREEMPCAO,29,VE_ROTA_VE_CORREDOR_01,bombeiro,259.20,0.00,0,17.27,40.30
481,multiplas_emergencias,PREEMPCAO,29,VE_ROTA_VE_TRANSVERSAL_02,policia,180.60,0.00,0,13.81,42.08
481,multiplas_emergencias,PREEMPCAO,29,VE_ROTA_VE_CORREDOR_02,policia,303.30,0.00,0,14.76,84.29
481,multiplas_emergencias,PREEMPCAO,29,VE_ROTA_VE_TRANSVERSAL_03,ambulancia,231.00,0.90,1,10.80,92.45
481,multiplas_emergencias,PREEMPCAO,29,VE_ROTA_VE_CORREDOR_03,ambulancia,290.40,0.00,0,15.42,71.41
481,multiplas_emergencias,PREEMPCAO,29,VE_ROTA_VE_TRANSVERSAL_04,bombeiro,196.50,0.00,0,12.68,58.13
481,multiplas_emergencias,PREEMPCAO,29,VE_ROTA_VE_CORREDOR_04,bombeiro,310.90,1.70,1,14.39,92.05
481,multiplas_emergencias,PREEMPCAO,29,VE_ROTA_VE_TRANSVERSAL_05,policia,164.80,0.00,0,15.13,26.24
482,multiplas_emergencias,PREEMPCAO_COMPENSADA,29,VE_ROTA_VE_TRANSVERSAL_00,ambulancia,178.30,0.00,0,13.99,39.73
482,multiplas_emergencias,PREEMPCAO_COMPENSADA,29,VE_ROTA_VE_CORREDOR_00,ambulancia,319.90,6.60,2,14.00,100.94
482,multiplas_emergencias,PREEMPCAO_COMPENSADA,29,VE_ROTA_VE_TRANSVERSAL_01,bombeiro,215.40,6.30,1,11.57,77.01
482,multiplas_emergencias,PREEMPCAO_COMPENSADA,29,VE_ROTA_VE_CORREDOR_01,bombeiro,340.90,1.00,1,13.13,121.98
482,multiplas_emergencias,PREEMPCAO_COMPENSADA,29,VE_ROTA_VE_TRANSVERSAL_02,policia,200.30,0.00,0,12.45,61.71
482,multiplas_emergencias,PREEMPCAO_COMPENSADA,29,VE_ROTA_VE_CORREDOR_02,policia,338.90,0.00,0,13.21,119.88
482,multiplas_emergencias,PREEMPCAO_COMPENSADA,29,VE_ROTA_VE_TRANSVERSAL_03,ambulancia,200.00,18.30,2,12.47,61.48
482,multiplas_emergencias,PREEMPCAO_COMPENSADA,29,VE_ROTA_VE_CORREDOR_03,ambulancia,317.00,8.60,1,14.12,98.00
482,multiplas_emergencias,PREEMPCAO_COMPENSADA,29,VE_ROTA_VE_TRANSVERSAL_04,bombeiro,166.20,0.00,0,14.99,27.87
482,multiplas_emergencias,PREEMPCAO_COMPENSADA,29,VE_ROTA_VE_CORREDOR_04,bombeiro,331.20,0.00,0,13.51,112.31
482,multiplas_emergencias,PREEMPCAO_COMPENSADA,29,VE_ROTA_VE_TRANSVERSAL_05,policia,185.60,0.00,0,13.44,47.03
483,multiplas_emergencias,PREEMPCAO_ML,29,VE_ROTA_VE_TRANSVERSAL_00,ambulancia,224.50,26.90,2,11.11,85.98
483,multiplas_emergencias,PREEMPCAO_ML,29,VE_ROTA_VE_CORREDOR_00,ambulancia,328.50,2.00,1,13.63,109.48
483,multiplas_emergencias,PREEMPCAO_ML,29,VE_ROTA_VE_TRANSVERSAL_01,bombeiro,214.30,15.30,1,11.63,75.89
483,multiplas_emergencias,PREEMPCAO_ML,29,VE_ROTA_VE_CORREDOR_01,bombeiro,327.00,0.00,0,13.69,108.08
483,multiplas_emergencias,PREEMPCAO_ML,29,VE_ROTA_VE_TRANSVERSAL_02,policia,186.50,9.60,1,13.37,47.97
483,multiplas_emergencias,PREEMPCAO_ML,29,VE_ROTA_VE_CORREDOR_02,policia,333.80,0.00,0,13.41,114.73
483,multiplas_emergencias,PREEMPCAO_ML,29,VE_ROTA_VE_TRANSVERSAL_03,ambulancia,192.60,0.00,0,12.95,54.06
483,multiplas_emergencias,PREEMPCAO_ML,29,VE_ROTA_VE_CORREDOR_03,ambulancia,308.50,0.00,0,14.51,89.48
483,multiplas_emergencias,PREEMPCAO_ML,29,VE_ROTA_VE_TRANSVERSAL_04,bombeiro,177.90,5.70,2,14.01,39.53
483,multiplas_emergencias,PREEMPCAO_ML,29,VE_ROTA_VE_CORREDOR_04,bombeiro,305.20,0.70,1,14.66,86.26
483,multiplas_emergencias,PREEMPCAO_ML,29,VE_ROTA_VE_TRANSVERSAL_05,policia,169.60,0.00,0,14.71,31.07
484,leve,FIXO,30,VE_ROTA_VE_CORREDOR_00,ambulancia,437.90,107.00,6,10.22,218.91
484,leve,FIXO,30,VE_ROTA_VE_CORREDOR_01,bombeiro,470.20,117.30,5,9.52,251.26
484,leve,FIXO,30,VE_ROTA_VE_CORREDOR_02,policia,429.90,85.50,5,10.42,210.85
484,leve,FIXO,30,VE_ROTA_VE_CORREDOR_03,ambulancia,462.00,100.50,6,9.69,242.99
484,leve,FIXO,30,VE_ROTA_VE_CORREDOR_04,bombeiro,490.80,93.10,5,9.12,271.81
485,leve,PREEMPCAO,30,VE_ROTA_VE_CORREDOR_00,ambulancia,295.70,2.30,1,15.14,76.68
485,leve,PREEMPCAO,30,VE_ROTA_VE_CORREDOR_01,bombeiro,295.70,3.50,2,15.13,76.76
485,leve,PREEMPCAO,30,VE_ROTA_VE_CORREDOR_02,policia,251.20,0.00,0,17.83,32.17
485,leve,PREEMPCAO,30,VE_ROTA_VE_CORREDOR_03,ambulancia,287.60,0.00,0,15.57,68.65
485,leve,PREEMPCAO,30,VE_ROTA_VE_CORREDOR_04,bombeiro,310.10,0.00,0,14.43,91.23
485,leve,PREEMPCAO,30,VE_ROTA_VE_CORREDOR_05,policia,264.70,0.00,0,16.92,45.65
486,leve,PREEMPCAO_COMPENSADA,30,VE_ROTA_VE_CORREDOR_00,ambulancia,295.60,2.30,1,15.15,76.57
486,leve,PREEMPCAO_COMPENSADA,30,VE_ROTA_VE_CORREDOR_01,bombeiro,255.50,0.00,0,17.52,36.65
486,leve,PREEMPCAO_COMPENSADA,30,VE_ROTA_VE_CORREDOR_02,policia,250.20,0.00,0,17.90,31.13
486,leve,PREEMPCAO_COMPENSADA,30,VE_ROTA_VE_CORREDOR_03,ambulancia,273.40,0.00,0,16.38,54.42
486,leve,PREEMPCAO_COMPENSADA,30,VE_ROTA_VE_CORREDOR_04,bombeiro,292.40,0.00,0,15.31,73.45
486,leve,PREEMPCAO_COMPENSADA,30,VE_ROTA_VE_CORREDOR_05,policia,281.40,0.00,0,15.91,62.37
487,moderado,FIXO,30,VE_ROTA_VE_CORREDOR_00,ambulancia,522.90,112.60,6,8.56,303.84
487,moderado,FIXO,30,VE_ROTA_VE_CORREDOR_01,bombeiro,479.60,80.00,5,9.33,260.73
487,moderado,FIXO,30,VE_ROTA_VE_CORREDOR_02,policia,430.30,66.80,5,10.41,211.31
487,moderado,FIXO,30,VE_ROTA_VE_CORREDOR_03,ambulancia,466.00,71.40,5,9.61,247.04
487,moderado,FIXO,30,VE_ROTA_VE_CORREDOR_04,bombeiro,500.40,71.40,5,8.94,281.48
488,moderado,PREEMPCAO,30,VE_ROTA_VE_CORREDOR_00,ambulancia,314.00,0.00,0,14.26,94.99
488,moderado,PREEMPCAO,30,VE_ROTA_VE_CORREDOR_01,bombeiro,277.00,0.00,0,16.16,58.08
488,moderado,PREEMPCAO,30,VE_ROTA_VE_CORREDOR_02,policia,303.20,0.00,0,14.77,84.23
488,moderado,PREEMPCAO,30,VE_ROTA_VE_CORREDOR_03,ambulancia,323.10,0.00,0,13.86,104.10
488,moderado,PREEMPCAO,30,VE_ROTA_VE_CORREDOR_04,bombeiro,359.10,0.00,0,12.46,140.17
489,moderado,PREEMPCAO_COMPENSADA,30,VE_ROTA_VE_CORREDOR_00,ambulancia,314.30,0.00,0,14.25,95.33
489,moderado,PREEMPCAO_COMPENSADA,30,VE_ROTA_VE_CORREDOR_01,bombeiro,294.10,0.00,0,15.22,75.17
489,moderado,PREEMPCAO_COMPENSADA,30,VE_ROTA_VE_CORREDOR_02,policia,302.00,0.00,0,14.83,83.03
489,moderado,PREEMPCAO_COMPENSADA,30,VE_ROTA_VE_CORREDOR_03,ambulancia,297.90,0.00,0,15.03,78.93
489,moderado,PREEMPCAO_COMPENSADA,30,VE_ROTA_VE_CORREDOR_04,bombeiro,306.30,0.00,0,14.61,87.37
489,moderado,PREEMPCAO_COMPENSADA,30,VE_ROTA_VE_CORREDOR_05,policia,288.30,2.30,1,15.53,69.31
490,intenso,FIXO,30,VE_ROTA_VE_CORREDOR_00,ambulancia,531.10,64.60,6,8.43,312.04
490,intenso,FIXO,30,VE_ROTA_VE_CORREDOR_01,bombeiro,563.90,157.90,7,7.94,344.95
490,intenso,FIXO,30,VE_ROTA_VE_CORREDOR_02,policia,446.40,69.60,5,10.03,227.37
490,intenso,FIXO,30,VE_ROTA_VE_CORREDOR_03,ambulancia,487.40,50.80,4,9.19,268.39
490,intenso,FIXO,30,VE_ROTA_VE_CORREDOR_04,bombeiro,517.00,59.10,6,8.66,298.01
491,intenso,PREEMPCAO,30,VE_ROTA_VE_CORREDOR_00,ambulancia,448.80,0.00,0,9.98,229.73
491,intenso,PREEMPCAO,30,VE_ROTA_VE_CORREDOR_01,bombeiro,371.30,0.00,0,12.05,152.43
491,intenso,PREEMPCAO,30,VE_ROTA_VE_CORREDOR_02,policia,322.60,0.00,0,13.88,103.58
491,intenso,PREEMPCAO,30,VE_ROTA_VE_CORREDOR_03,ambulancia,359.20,0.00,0,12.46,140.12
491,intenso,PREEMPCAO,30,VE_ROTA_VE_CORREDOR_04,bombeiro,312.20,1.00,2,14.33,93.33
492,intenso,PREEMPCAO_COMPENSADA,30,VE_ROTA_VE_CORREDOR_00,ambulancia,453.80,0.00,0,9.87,234.81
492,intenso,PREEMPCAO_COMPENSADA,30,VE_ROTA_VE_CORREDOR_01,bombeiro,420.80,0.00,0,10.64,201.84
492,intenso,PREEMPCAO_COMPENSADA,30,VE_ROTA_VE_CORREDOR_02,policia,329.10,0.00,0,13.61,110.09
492,intenso,PREEMPCAO_COMPENSADA,30,VE_ROTA_VE_CORREDOR_03,ambulancia,315.90,0.00,0,14.17,96.95
492,intenso,PREEMPCAO_COMPENSADA,30,VE_ROTA_VE_CORREDOR_04,bombeiro,326.80,0.00,0,13.69,107.93
493,multiplas_emergencias,FIXO,30,VE_ROTA_VE_TRANSVERSAL_00,ambulancia,243.20,13.30,2,10.25,104.70
493,multiplas_emergencias,FIXO,30,VE_ROTA_VE_CORREDOR_00,ambulancia,522.60,112.50,6,8.57,303.63
493,multiplas_emergencias,FIXO,30,VE_ROTA_VE_TRANSVERSAL_01,bombeiro,254.00,27.20,3,9.81,115.64
493,multiplas_emergencias,FIXO,30,VE_ROTA_VE_CORREDOR_01,bombeiro,479.60,80.00,5,9.33,260.74
493,multiplas_emergencias,FIXO,30,VE_ROTA_VE_TRANSVERSAL_02,policia,286.30,32.60,3,8.71,147.69
493,multiplas_emergencias,FIXO,30,VE_ROTA_VE_CORREDOR_02,policia,430.40,65.90,5,10.40,211.33
493,multiplas_emergencias,FIXO,30,VE_ROTA_VE_TRANSVERSAL_03,ambulancia,245.40,20.40,2,10.16,106.89
493,multiplas_emergencias,FIXO,30,VE_ROTA_VE_CORREDOR_03,ambulancia,464.00,71.10,5,9.65,244.94
493,multiplas_emergencias,FIXO,30,VE_ROTA_VE_TRANSVERSAL_04,bombeiro,281.40,55.40,4,8.85,143.01
493,multiplas_emergencias,FIXO,30,VE_ROTA_VE_CORREDOR_04,bombeiro,498.50,71.20,5,8.98,279.54
493,multiplas_emergencias,FIXO,30,VE_ROTA_VE_TRANSVERSAL_05,policia,242.90,17.40,2,10.27,104.34
494,multiplas_emergencias,PREEMPCAO,30,VE_ROTA_VE_TRANSVERSAL_00,ambulancia,183.90,3.10,1,13.56,45.32
494,multiplas_emergencias,PREEMPCAO,30,VE_ROTA_VE_CORREDOR_00,ambulancia,348.80,0.00,0,12.84,129.76
494,multiplas_emergencias,PREEMPCAO,30,VE_ROTA_VE_TRANSVERSAL_01,bombeiro,173.80,2.90,1,14.34,35.38
494,multiplas_emergencias,PREEMPCAO,30,VE_ROTA_VE_CORREDOR_01,bombeiro,335.00,5.00,2,13.36,116.08
494,multiplas_emergencias,PREEMPCAO,30,VE_ROTA_VE_TRANSVERSAL_02,policia,191.60,1.50,1,13.02,52.98
494,multiplas_emergencias,PREEMPCAO,30,VE_ROTA_VE_CORREDOR_02,policia,327.00,0.00,0,13.69,107.99
494,multiplas_emergencias,PREEMPCAO,30,VE_ROTA_VE_TRANSVERSAL_03,ambulancia,160.20,0.20,1,15.57,21.64
494,multiplas_emergencias,PREEMPCAO,30,VE_ROTA_VE_CORREDOR_03,ambulancia,315.50,0.00,0,14.19,96.54
494,multiplas_emergencias,PREEMPCAO,30,VE_ROTA_VE_TRANSVERSAL_04,bombeiro,208.20,21.60,2,11.97,69.76
494,multiplas_emergencias,PREEMPCAO,30,VE_ROTA_VE_CORREDOR_04,bombeiro,339.30,0.00,0,13.19,120.38
494,multiplas_emergencias,PREEMPCAO,30,VE_ROTA_VE_TRANSVERSAL_05,policia,216.00,3.70,2,11.55,77.39
494,multiplas_emergencias,PREEMPCAO,30,VE_ROTA_VE_CORREDOR_05,policia,296.80,0.00,0,15.09,77.81
495,multiplas_emergencias,PREEMPCAO_COMPENSADA,30,VE_ROTA_VE_TRANSVERSAL_00,ambulancia,183.90,3.10,1,13.56,45.32
495,multiplas_emergencias,PREEMPCAO_COMPENSADA,30,VE_ROTA_VE_CORREDOR_00,ambulancia,348.90,0.00,0,12.83,129.90
495,multiplas_emergencias,PREEMPCAO_COMPENSADA,30,VE_ROTA_VE_TRANSVERSAL_01,bombeiro,163.60,0.00,0,15.23,25.25
495,multiplas_emergencias,PREEMPCAO_COMPENSADA,30,VE_ROTA_VE_CORREDOR_01,bombeiro,322.40,0.00,0,13.88,103.42
495,multiplas_emergencias,PREEMPCAO_COMPENSADA,30,VE_ROTA_VE_TRANSVERSAL_02,policia,224.50,13.60,3,11.11,85.92
495,multiplas_emergencias,PREEMPCAO_COMPENSADA,30,VE_ROTA_VE_CORREDOR_02,policia,309.60,6.50,1,14.46,90.57
495,multiplas_emergencias,PREEMPCAO_COMPENSADA,30,VE_ROTA_VE_TRANSVERSAL_03,ambulancia,209.60,2.70,2,11.90,71.06
495,multiplas_emergencias,PREEMPCAO_COMPENSADA,30,VE_ROTA_VE_CORREDOR_03,ambulancia,342.50,12.90,1,13.07,123.53
495,multiplas_emergencias,PREEMPCAO_COMPENSADA,30,VE_ROTA_VE_TRANSVERSAL_04,bombeiro,175.20,0.00,0,14.22,36.82
495,multiplas_emergencias,PREEMPCAO_COMPENSADA,30,VE_ROTA_VE_CORREDOR_04,bombeiro,337.30,0.00,0,13.27,118.37
495,multiplas_emergencias,PREEMPCAO_COMPENSADA,30,VE_ROTA_VE_TRANSVERSAL_05,policia,178.40,4.80,1,13.98,39.81
496,multiplas_emergencias,PREEMPCAO_ML,30,VE_ROTA_VE_TRANSVERSAL_00,ambulancia,253.40,43.30,2,9.84,114.93
496,multiplas_emergencias,PREEMPCAO_ML,30,VE_ROTA_VE_CORREDOR_00,ambulancia,314.00,0.00,0,14.26,94.99
496,multiplas_emergencias,PREEMPCAO_ML,30,VE_ROTA_VE_TRANSVERSAL_01,bombeiro,192.50,8.40,1,12.94,54.14
496,multiplas_emergencias,PREEMPCAO_ML,30,VE_ROTA_VE_CORREDOR_01,bombeiro,337.90,0.30,1,13.24,119.03
496,multiplas_emergencias,PREEMPCAO_ML,30,VE_ROTA_VE_TRANSVERSAL_02,policia,196.50,1.10,1,12.69,57.97
496,multiplas_emergencias,PREEMPCAO_ML,30,VE_ROTA_VE_CORREDOR_02,policia,284.30,0.00,0,15.75,65.30
496,multiplas_emergencias,PREEMPCAO_ML,30,VE_ROTA_VE_TRANSVERSAL_03,ambulancia,169.10,0.00,0,14.75,30.59
496,multiplas_emergencias,PREEMPCAO_ML,30,VE_ROTA_VE_CORREDOR_03,ambulancia,309.30,0.00,0,14.48,90.33
496,multiplas_emergencias,PREEMPCAO_ML,30,VE_ROTA_VE_TRANSVERSAL_04,bombeiro,173.10,0.00,0,14.39,34.69
496,multiplas_emergencias,PREEMPCAO_ML,30,VE_ROTA_VE_CORREDOR_04,bombeiro,342.90,3.50,1,13.05,123.91
496,multiplas_emergencias,PREEMPCAO_ML,30,VE_ROTA_VE_TRANSVERSAL_05,policia,208.20,7.70,2,11.98,69.63
496,multiplas_emergencias,PREEMPCAO_ML,30,VE_ROTA_VE_CORREDOR_05,policia,283.80,0.00,0,15.78,64.81
497,leve,FIXO,31,VE_ROTA_VE_CORREDOR_00,ambulancia,435.70,117.10,5,10.28,216.72
497,leve,FIXO,31,VE_ROTA_VE_CORREDOR_01,bombeiro,475.40,113.50,6,9.41,256.54
497,leve,FIXO,31,VE_ROTA_VE_CORREDOR_02,policia,495.80,138.50,6,9.03,276.78
497,leve,FIXO,31,VE_ROTA_VE_CORREDOR_03,ambulancia,458.60,109.50,5,9.76,239.58
497,leve,FIXO,31,VE_ROTA_VE_CORREDOR_04,bombeiro,420.90,81.40,6,10.63,202.05
498,leve,PREEMPCAO,31,VE_ROTA_VE_CORREDOR_00,ambulancia,287.30,2.30,1,15.58,68.35
498,leve,PREEMPCAO,31,VE_ROTA_VE_CORREDOR_01,bombeiro,269.00,0.00,0,16.64,50.02
498,leve,PREEMPCAO,31,VE_ROTA_VE_CORREDOR_02,policia,288.40,0.00,0,15.53,69.32
498,leve,PREEMPCAO,31,VE_ROTA_VE_CORREDOR_03,ambulancia,243.30,0.00,0,18.40,24.34
498,leve,PREEMPCAO,31,VE_ROTA_VE_CORREDOR_04,bombeiro,283.40,4.90,1,15.79,64.60
498,leve,PREEMPCAO,31,VE_ROTA_VE_CORREDOR_05,policia,284.30,6.90,2,15.75,65.25
499,leve,PREEMPCAO_COMPENSADA,31,VE_ROTA_VE_CORREDOR_00,ambulancia,287.20,2.30,1,15.59,68.21
499,leve,PREEMPCAO_COMPENSADA,31,VE_ROTA_VE_CORREDOR_01,bombeiro,276.20,0.00,0,16.20,57.32
499,leve,PREEMPCAO_COMPENSADA,31,VE_ROTA_VE_CORREDOR_02,policia,251.70,0.00,0,17.79,32.66
499,leve,PREEMPCAO_COMPENSADA,31,VE_ROTA_VE_CORREDOR_03,ambulancia,242.10,0.00,0,18.49,23.14
499,leve,PREEMPCAO_COMPENSADA,31,VE_ROTA_VE_CORREDOR_04,bombeiro,240.00,2.00,1,18.65,21.06
499,leve,PREEMPCAO_COMPENSADA,31,VE_ROTA_VE_CORREDOR_05,policia,279.00,0.00,0,16.05,60.00
500,moderado,FIXO,31,VE_ROTA_VE_CORREDOR_00,ambulancia,453.90,69.80,5,9.86,234.84
500,moderado,FIXO,31,VE_ROTA_VE_CORREDOR_01,bombeiro,473.40,78.40,5,9.45,254.44
500,moderado,FIXO,31,VE_ROTA_VE_CORREDOR_02,policia,502.00,115.00,6,8.92,283.01
500,moderado,FIXO,31,VE_ROTA_VE_CORREDOR_03,ambulancia,467.80,62.10,5,9.57,248.77
500,moderado,FIXO,31,VE_ROTA_VE_CORREDOR_04,bombeiro,495.00,89.30,5,9.04,276.06
501,moderado,PREEMPCAO,31,VE_ROTA_VE_CORREDOR_00,ambulancia,324.80,2.30,1,13.78,105.80
501,moderado,PREEMPCAO,31,VE_ROTA_VE_CORREDOR_01,bombeiro,340.80,0.00,0,13.13,121.91
501,moderado,PREEMPCAO,31,VE_ROTA_VE_CORREDOR_02,policia,318.50,0.00,0,14.06,99.43
501,moderado,PREEMPCAO,31,VE_ROTA_VE_CORREDOR_03,ambulancia,335.10,3.60,1,13.36,116.15
501,moderado,PREEMPCAO,31,VE_ROTA_VE_CORREDOR_04,bombeiro,337.60,0.00,0,13.26,118.66
502,moderado,PREEMPCAO_COMPENSADA,31,VE_ROTA_VE_CORREDOR_00,ambulancia,326.90,2.30,1,13.70,107.92
502,moderado,PREEMPCAO_COMPENSADA,31,VE_ROTA_VE_CORREDOR_01,bombeiro,307.30,4.80,1,14.56,88.43
502,moderado,PREEMPCAO_COMPENSADA,31,VE_ROTA_VE_CORREDOR_02,policia,295.40,1.40,1,15.16,76.34
502,moderado,PREEMPCAO_COMPENSADA,31,VE_ROTA_VE_CORREDOR_03,ambulancia,337.30,0.00,0,13.27,118.27
502,moderado,PREEMPCAO_COMPENSADA,31,VE_ROTA_VE_CORREDOR_04,bombeiro,315.50,0.00,0,14.18,96.61
502,moderado,PREEMPCAO_COMPENSADA,31,VE_ROTA_VE_CORREDOR_05,policia,291.40,3.10,1,15.37,72.38
503,intenso,FIXO,31,VE_ROTA_VE_CORREDOR_00,ambulancia,529.60,102.40,7,8.45,310.58
503,intenso,FIXO,31,VE_ROTA_VE_CORREDOR_01,bombeiro,552.20,133.10,5,8.10,333.27
503,intenso,FIXO,31,VE_ROTA_VE_CORREDOR_02,policia,576.00,93.80,7,7.77,356.97
503,intenso,FIXO,31,VE_ROTA_VE_CORREDOR_03,ambulancia,479.60,31.20,7,9.34,260.55
503,intenso,FIXO,31,VE_ROTA_VE_CORREDOR_04,bombeiro,507.30,94.80,6,8.82,288.36
504,intenso,PREEMPCAO,31,VE_ROTA_VE_CORREDOR_00,ambulancia,418.00,23.80,2,10.71,199.10
504,intenso,PREEMPCAO,31,VE_ROTA_VE_CORREDOR_01,bombeiro,393.90,0.00,0,11.36,175.04
504,intenso,PREEMPCAO,31,VE_ROTA_VE_CORREDOR_02,policia,417.60,0.00,0,10.72,198.63
504,intenso,PREEMPCAO,31,VE_ROTA_VE_CORREDOR_03,ambulancia,361.30,0.00,0,12.39,142.29
504,intenso,PREEMPCAO,31,VE_ROTA_VE_CORREDOR_04,bombeiro,333.60,0.00,0,13.42,114.68
505,intenso,PREEMPCAO_COMPENSADA,31,VE_ROTA_VE_CORREDOR_00,ambulancia,421.10,24.10,2,10.63,202.10
505,intenso,PREEMPCAO_COMPENSADA,31,VE_ROTA_VE_CORREDOR_01,bombeiro,422.60,0.00,0,10.59,203.61
505,intenso,PREEMPCAO_COMPENSADA,31,VE_ROTA_VE_CORREDOR_02,policia,414.00,0.00,0,10.82,194.97
505,intenso,PREEMPCAO_COMPENSADA,31,VE_ROTA_VE_CORREDOR_03,ambulancia,345.10,1.80,1,12.97,126.01
505,intenso,PREEMPCAO_COMPENSADA,31,VE_ROTA_VE_CORREDOR_04,bombeiro,348.60,0.00,0,12.84,129.74
506,multiplas_emergencias,FIXO,31,VE_ROTA_VE_TRANSVERSAL_00,ambulancia,302.00,44.20,4,8.26,163.48
506,multiplas_emergencias,FIXO,31,VE_ROTA_VE_CORREDOR_00,ambulancia,453.80,69.90,5,9.87,234.73
506,multiplas_emergencias,FIXO,31,VE_ROTA_VE_TRANSVERSAL_01,bombeiro,252.60,36.20,3,9.86,114.24
506,multiplas_emergencias,FIXO,31,VE_ROTA_VE_CORREDOR_01,bombeiro,473.70,75.20,5,9.45,254.81
506,multiplas_emergencias,FIXO,31,VE_ROTA_VE_TRANSVERSAL_02,policia,290.20,52.30,4,8.59,151.65
506,multiplas_emergencias,FIXO,31,VE_ROTA_VE_CORREDOR_02,policia,501.90,115.10,6,8.92,282.84
506,multiplas_emergencias,FIXO,31,VE_ROTA_VE_TRANSVERSAL_03,ambulancia,247.20,15.50,1,10.09,108.63
506,multiplas_emergencias,FIXO,31,VE_ROTA_VE_CORREDOR_03,ambulancia,467.60,61.70,5,9.57,248.61
506,multiplas_emergencias,FIXO,31,VE_ROTA_VE_TRANSVERSAL_04,bombeiro,286.00,20.80,3,8.71,147.62
506,multiplas_emergencias,FIXO,31,VE_ROTA_VE_CORREDOR_04,bombeiro,494.70,88.70,5,9.05,275.86
506,multiplas_emergencias,FIXO,31,VE_ROTA_VE_TRANSVERSAL_05,policia,244.60,19.80,2,10.20,106.03
507,multiplas_emergencias,PREEMPCAO,31,VE_ROTA_VE_TRANSVERSAL_00,ambulancia,204.40,0.00,0,12.20,65.92
507,multiplas_emergencias,PREEMPCAO,31,VE_ROTA_VE_CORREDOR_00,ambulancia,311.90,2.30,1,14.35,92.96
507,multiplas_emergencias,PREEMPCAO,31,VE_ROTA_VE_TRANSVERSAL_01,bombeiro,177.30,2.20,1,14.05,38.90
507,multiplas_emergencias,PREEMPCAO,31,VE_ROTA_VE_CORREDOR_01,bombeiro,342.00,1.80,1,13.09,123.08
507,multiplas_emergencias,PREEMPCAO,31,VE_ROTA_VE_TRANSVERSAL_02,policia,186.10,0.00,0,13.40,47.51
507,multiplas_emergencias,PREEMPCAO,31,VE_ROTA_VE_CORREDOR_02,policia,298.30,0.10,1,15.01,79.35
507,multiplas_emergencias,PREEMPCAO,31,VE_ROTA_VE_TRANSVERSAL_03,ambulancia,190.60,2.60,1,13.08,52.01
507,multiplas_emergencias,PREEMPCAO,31,VE_ROTA_VE_CORREDOR_03,ambulancia,319.90,0.00,0,14.00,100.94
507,multiplas_emergencias,PREEMPCAO,31,VE_ROTA_VE_TRANSVERSAL_04,bombeiro,207.50,0.00,0,12.01,69.11
507,multiplas_emergencias,PREEMPCAO,31,VE_ROTA_VE_CORREDOR_04,bombeiro,364.30,0.00,0,12.28,145.47
507,multiplas_emergencias,PREEMPCAO,31,VE_ROTA_VE_TRANSVERSAL_05,policia,195.00,0.10,1,12.79,56.36
508,multiplas_emergencias,PREEMPCAO_COMPENSADA,31,VE_ROTA_VE_TRANSVERSAL_00,ambulancia,208.00,0.00,0,11.99,69.43
508,multiplas_emergencias,PREEMPCAO_COMPENSADA,31,VE_ROTA_VE_CORREDOR_00,ambulancia,308.30,2.30,1,14.52,89.29
508,multiplas_emergencias,PREEMPCAO_COMPENSADA,31,VE_ROTA_VE_TRANSVERSAL_01,bombeiro,166.80,1.50,1,14.94,28.42
508,multiplas_emergencias,PREEMPCAO_COMPENSADA,31,VE_ROTA_VE_CORREDOR_01,bombeiro,342.50,0.00,0,13.07,123.61
508,multiplas_emergencias,PREEMPCAO_COMPENSADA,31,VE_ROTA_VE_TRANSVERSAL_02,policia,181.30,2.60,2,13.76,42.72
508,multiplas_emergencias,PREEMPCAO_COMPENSADA,31,VE_ROTA_VE_CORREDOR_02,policia,293.50,4.40,1,15.26,74.47
508,multiplas_emergencias,PREEMPCAO_COMPENSADA,31,VE_ROTA_VE_TRANSVERSAL_03,ambulancia,188.80,1.20,1,13.21,50.29
508,multiplas_emergencias,PREEMPCAO_COMPENSADA,31,VE_ROTA_VE_CORREDOR_03,ambulancia,313.10,3.90,1,14.30,94.06
508,multiplas_emergencias,PREEMPCAO_COMPENSADA,31,VE_ROTA_VE_TRANSVERSAL_04,bombeiro,223.00,0.00,0,11.17,84.61
508,multiplas_emergencias,PREEMPCAO_COMPENSADA,31,VE_ROTA_VE_CORREDOR_04,bombeiro,281.70,0.00,0,15.89,62.71
508,multiplas_emergencias,PREEMPCAO_COMPENSADA,31,VE_ROTA_VE_TRANSVERSAL_05,policia,197.10,8.50,2,12.65,58.53
509,multiplas_emergencias,PREEMPCAO_ML,31,VE_ROTA_VE_TRANSVERSAL_00,ambulancia,204.40,0.00,0,12.20,65.92
509,multiplas_emergencias,PREEMPCAO_ML,31,VE_ROTA_VE_CORREDOR_00,ambulancia,311.90,2.30,1,14.35,92.96
509,multiplas_emergencias,PREEMPCAO_ML,31,VE_ROTA_VE_TRANSVERSAL_01,bombeiro,177.30,2.20,1,14.05,38.90
509,multiplas_emergencias,PREEMPCAO_ML,31,VE_ROTA_VE_CORREDOR_01,bombeiro,345.50,1.80,1,12.95,126.56
509,multiplas_emergencias,PREEMPCAO_ML,31,VE_ROTA_VE_TRANSVERSAL_02,policia,185.00,0.00,0,13.48,46.45
509,multiplas_emergencias,PREEMPCAO_ML,31,VE_ROTA_VE_CORREDOR_02,policia,298.40,0.40,1,15.01,79.47
509,multiplas_emergencias,PREEMPCAO_ML,31,VE_ROTA_VE_TRANSVERSAL_03,ambulancia,216.70,28.40,2,11.51,78.20
509,multiplas_emergencias,PREEMPCAO_ML,31,VE_ROTA_VE_CORREDOR_03,ambulancia,337.00,0.00,0,13.29,117.93
509,multiplas_emergencias,PREEMPCAO_ML,31,VE_ROTA_VE_TRANSVERSAL_04,bombeiro,246.80,24.90,2,10.10,108.37
509,multiplas_emergencias,PREEMPCAO_ML,31,VE_ROTA_VE_CORREDOR_04,bombeiro,375.00,0.00,0,11.93,156.04
509,multiplas_emergencias,PREEMPCAO_ML,31,VE_ROTA_VE_TRANSVERSAL_05,policia,221.70,10.10,2,11.25,83.11
509,multiplas_emergencias,PREEMPCAO_ML,31,VE_ROTA_VE_CORREDOR_05,policia,295.00,0.00,0,15.18,75.90
510,leve,FIXO,32,VE_ROTA_VE_CORREDOR_00,ambulancia,437.90,113.20,5,10.22,218.85
510,leve,FIXO,32,VE_ROTA_VE_CORREDOR_01,bombeiro,472.50,104.90,5,9.47,253.62
510,leve,FIXO,32,VE_ROTA_VE_CORREDOR_02,policia,432.20,91.80,5,10.36,213.13
510,leve,FIXO,32,VE_ROTA_VE_CORREDOR_03,ambulancia,459.90,114.40,5,9.74,240.89
510,leve,FIXO,32,VE_ROTA_VE_CORREDOR_04,bombeiro,477.10,123.60,5,9.38,258.23
511,leve,PREEMPCAO,32,VE_ROTA_VE_CORREDOR_00,ambulancia,315.00,0.00,0,14.21,95.98
511,leve,PREEMPCAO,32,VE_ROTA_VE_CORREDOR_01,bombeiro,248.40,0.00,0,18.02,29.46
511,leve,PREEMPCAO,32,VE_ROTA_VE_CORREDOR_02,policia,266.00,0.00,0,16.83,46.98
511,leve,PREEMPCAO,32,VE_ROTA_VE_CORREDOR_03,ambulancia,224.80,0.00,0,19.92,5.81
511,leve,PREEMPCAO,32,VE_ROTA_VE_CORREDOR_04,bombeiro,249.40,0.00,0,17.94,30.47
511,leve,PREEMPCAO,32,VE_ROTA_VE_CORREDOR_05,policia,261.90,4.80,1,17.10,42.84
512,leve,PREEMPCAO_COMPENSADA,32,VE_ROTA_VE_CORREDOR_00,ambulancia,314.90,0.00,0,14.22,95.91
512,leve,PREEMPCAO_COMPENSADA,32,VE_ROTA_VE_CORREDOR_01,bombeiro,274.00,0.00,0,16.33,55.06
512,leve,PREEMPCAO_COMPENSADA,32,VE_ROTA_VE_CORREDOR_02,policia,291.80,0.00,0,15.35,72.83
512,leve,PREEMPCAO_COMPENSADA,32,VE_ROTA_VE_CORREDOR_03,ambulancia,251.10,0.00,0,17.83,32.12
512,leve,PREEMPCAO_COMPENSADA,32,VE_ROTA_VE_CORREDOR_04,bombeiro,277.00,0.00,0,16.16,58.11
512,leve,PREEMPCAO_COMPENSADA,32,VE_ROTA_VE_CORREDOR_05,policia,254.40,0.00,0,17.60,35.43
513,moderado,FIXO,32,VE_ROTA_VE_CORREDOR_00,ambulancia,517.10,131.40,6,8.66,298.15
513,moderado,FIXO,32,VE_ROTA_VE_CORREDOR_01,bombeiro,479.50,72.30,5,9.33,260.55
513,moderado,FIXO,32,VE_ROTA_VE_CORREDOR_02,policia,515.10,100.40,6,8.69,296.08
513,moderado,FIXO,32,VE_ROTA_VE_CORREDOR_03,ambulancia,467.70,37.30,5,9.57,248.72
513,moderado,FIXO,32,VE_ROTA_VE_CORREDOR_04,bombeiro,507.10,83.20,7,8.83,288.17
514,moderado,PREEMPCAO,32,VE_ROTA_VE_CORREDOR_00,ambulancia,373.50,0.00,0,11.99,154.48
514,moderado,PREEMPCAO,32,VE_ROTA_VE_CORREDOR_01,bombeiro,298.30,0.00,0,15.00,79.37
514,moderado,PREEMPCAO,32,VE_ROTA_VE_CORREDOR_02,policia,306.70,0.00,0,14.60,87.71
514,moderado,PREEMPCAO,32,VE_ROTA_VE_CORREDOR_03,ambulancia,342.30,0.00,0,13.08,123.28
514,moderado,PREEMPCAO,32,VE_ROTA_VE_CORREDOR_04,bombeiro,302.50,0.00,0,14.79,83.58
515,moderado,PREEMPCAO_COMPENSADA,32,VE_ROTA_VE_CORREDOR_00,ambulancia,373.40,0.00,0,11.99,154.45
515,moderado,PREEMPCAO_COMPENSADA,32,VE_ROTA_VE_CORREDOR_01,bombeiro,295.40,3.90,1,15.15,76.51
515,moderado,PREEMPCAO_COMPENSADA,32,VE_ROTA_VE_CORREDOR_02,policia,268.30,0.00,0,16.69,49.32
515,moderado,PREEMPCAO_COMPENSADA,32,VE_ROTA_VE_CORREDOR_03,ambulancia,329.70,0.00,0,13.58,110.67
515,moderado,PREEMPCAO_COMPENSADA,32,VE_ROTA_VE_CORREDOR_04,bombeiro,318.40,0.00,0,14.06,99.48
516,intenso,FIXO,32,VE_ROTA_VE_CORREDOR_00,ambulancia,528.50,84.40,6,8.47,309.50
516,intenso,FIXO,32,VE_ROTA_VE_CORREDOR_01,bombeiro,488.30,23.90,5,9.16,269.31
516,intenso,FIXO,32,VE_ROTA_VE_CORREDOR_02,policia,527.40,69.20,4,8.49,308.42
516,intenso,FIXO,32,VE_ROTA_VE_CORREDOR_03,ambulancia,479.50,18.90,5,9.34,260.49
516,intenso,FIXO,32,VE_ROTA_VE_CORREDOR_04,bombeiro,504.10,54.90,5,8.88,285.17
517,intenso,PREEMPCAO,32,VE_ROTA_VE_CORREDOR_00,ambulancia,425.20,9.50,1,10.53,206.22
517,intenso,PREEMPCAO,32,VE_ROTA_VE_CORREDOR_01,bombeiro,377.70,0.00,0,11.85,158.84
517,intenso,PREEMPCAO,32,VE_ROTA_VE_CORREDOR_02,policia,314.30,0.00,0,14.25,95.32
517,intenso,PREEMPCAO,32,VE_ROTA_VE_CORREDOR_03,ambulancia,344.90,0.00,0,12.98,125.89
517,intenso,PREEMPCAO,32,VE_ROTA_VE_CORREDOR_04,bombeiro,351.20,0.00,0,12.74,132.28
518,intenso,PREEMPCAO_COMPENSADA,32,VE_ROTA_VE_CORREDOR_00,ambulancia,427.80,6.70,1,10.47,208.81
518,intenso,PREEMPCAO_COMPENSADA,32,VE_ROTA_VE_CORREDOR_01,bombeiro,413.90,0.00,0,10.81,194.97
518,intenso,PREEMPCAO_COMPENSADA,32,VE_ROTA_VE_CORREDOR_02,policia,399.40,0.00,0,11.21,180.43
518,intenso,PREEMPCAO_COMPENSADA,32,VE_ROTA_VE_CORREDOR_03,ambulancia,401.50,4.90,1,11.15,182.52
518,intenso,PREEMPCAO_COMPENSADA,32,VE_ROTA_VE_CORREDOR_04,bombeiro,389.50,0.00,0,11.49,170.64
519,multiplas_emergencias,FIXO,32,VE_ROTA_VE_TRANSVERSAL_00,ambulancia,223.90,24.20,2,11.14,85.32
519,multiplas_emergencias,FIXO,32,VE_ROTA_VE_CORREDOR_00,ambulancia,517.20,131.20,6,8.66,298.20
519,multiplas_emergencias,FIXO,32,VE_ROTA_VE_TRANSVERSAL_01,bombeiro,255.20,40.80,3,9.76,116.85
519,multiplas_emergencias,FIXO,32,VE_ROTA_VE_CORREDOR_01,bombeiro,479.50,80.20,5,9.33,260.51
519,multiplas_emergencias,FIXO,32,VE_ROTA_VE_TRANSVERSAL_02,policia,285.60,79.50,4,8.73,147.07
519,multiplas_emergencias,FIXO,32,VE_ROTA_VE_CORREDOR_02,policia,515.20,100.30,6,8.69,296.17
519,multiplas_emergencias,FIXO,32,VE_ROTA_VE_TRANSVERSAL_03,ambulancia,248.10,18.00,2,10.05,109.60
519,multiplas_emergencias,FIXO,32,VE_ROTA_VE_CORREDOR_03,ambulancia,467.90,37.10,5,9.57,248.88
519,multiplas_emergencias,FIXO,32,VE_ROTA_VE_TRANSVERSAL_04,bombeiro,277.00,32.10,4,9.00,138.61
519,multiplas_emergencias,FIXO,32,VE_ROTA_VE_CORREDOR_04,bombeiro,507.10,94.80,7,8.83,288.20
519,multiplas_emergencias,FIXO,32,VE_ROTA_VE_TRANSVERSAL_05,policia,238.70,13.10,1,10.45,100.12
520,multiplas_emergencias,PREEMPCAO,32,VE_ROTA_VE_TRANSVERSAL_00,ambulancia,194.30,4.90,2,12.83,55.75
520,multiplas_emergencias,PREEMPCAO,32,VE_ROTA_VE_CORREDOR_00,ambulancia,333.50,0.00,0,13.43,114.49
520,multiplas_emergencias,PREEMPCAO,32,VE_ROTA_VE_TRANSVERSAL_01,bombeiro,189.50,0.00,0,13.15,51.14
520,multiplas_emergencias,PREEMPCAO,32,VE_ROTA_VE_CORREDOR_01,bombeiro,299.50,4.70,1,14.94,80.66
520,multiplas_emergencias,PREEMPCAO,32,VE_ROTA_VE_TRANSVERSAL_02,policia,192.60,2.40,2,12.95,54.00
520,multiplas_emergencias,PREEMPCAO,32,VE_ROTA_VE_CORREDOR_02,policia,312.80,1.60,1,14.32,93.79
520,multiplas_emergencias,PREEMPCAO,32,VE_ROTA_VE_TRANSVERSAL_03,ambulancia,183.80,0.00,0,13.57,45.32
520,multiplas_emergencias,PREEMPCAO,32,VE_ROTA_VE_CORREDOR_03,ambulancia,343.40,0.00,0,13.04,124.37
520,multiplas_emergencias,PREEMPCAO,32,VE_ROTA_VE_TRANSVERSAL_04,bombeiro,203.10,0.00,0,12.27,64.66
520,multiplas_emergencias,PREEMPCAO,32,VE_ROTA_VE_CORREDOR_04,bombeiro,350.50,0.90,1,12.77,131.62
520,multiplas_emergencias,PREEMPCAO,32,VE_ROTA_VE_TRANSVERSAL_05,policia,224.20,2.40,1,11.12,85.67
520,multiplas_emergencias,PREEMPCAO,32,VE_ROTA_VE_CORREDOR_05,policia,289.00,0.00,0,15.49,69.98
521,multiplas_emergencias,PREEMPCAO_COMPENSADA,32,VE_ROTA_VE_TRANSVERSAL_00,ambulancia,194.30,4.90,2,12.83,55.75
521,multiplas_emergencias,PREEMPCAO_COMPENSADA,32,VE_ROTA_VE_CORREDOR_00,ambulancia,351.00,0.00,0,12.76,131.98
521,multiplas_emergencias,PREEMPCAO_COMPENSADA,32,VE_ROTA_VE_TRANSVERSAL_01,bombeiro,201.70,7.40,1,12.35,63.34
521,multiplas_emergencias,PREEMPCAO_COMPENSADA,32,VE_ROTA_VE_CORREDOR_01,bombeiro,268.10,0.00,0,16.69,49.23
521,multiplas_emergencias,PREEMPCAO_COMPENSADA,32,VE_ROTA_VE_TRANSVERSAL_02,policia,191.80,1.00,1,13.00,53.19
521,multiplas_emergencias,PREEMPCAO_COMPENSADA,32,VE_ROTA_VE_CORREDOR_02,policia,323.70,7.40,1,13.83,104.74
521,multiplas_emergencias,PREEMPCAO_COMPENSADA,32,VE_ROTA_VE_TRANSVERSAL_03,ambulancia,191.90,5.10,1,12.99,53.38
521,multiplas_emergencias,PREEMPCAO_COMPENSADA,32,VE_ROTA_VE_CORREDOR_03,ambulancia,304.80,0.00,0,14.69,85.77
521,multiplas_emergencias,PREEMPCAO_COMPENSADA,32,VE_ROTA_VE_TRANSVERSAL_04,bombeiro,241.00,19.40,3,10.34,102.56
521,multiplas_emergencias,PREEMPCAO_COMPENSADA,32,VE_ROTA_VE_CORREDOR_04,bombeiro,342.30,8.30,1,13.07,123.37
521,multiplas_emergencias,PREEMPCAO_COMPENSADA,32,VE_ROTA_VE_TRANSVERSAL_05,policia,216.80,2.20,1,11.50,78.25
521,multiplas_emergencias,PREEMPCAO_COMPENSADA,32,VE_ROTA_VE_CORREDOR_05,policia,271.60,0.00,0,16.49,52.56
522,multiplas_emergencias,PREEMPCAO_ML,32,VE_ROTA_VE_TRANSVERSAL_00,ambulancia,204.60,37.10,2,12.19,66.02
522,multiplas_emergencias,PREEMPCAO_ML,32,VE_ROTA_VE_CORREDOR_00,ambulancia,331.30,0.00,0,13.51,112.30
522,multiplas_emergencias,PREEMPCAO_ML,32,VE_ROTA_VE_TRANSVERSAL_01,bombeiro,201.70,3.80,1,12.35,63.30
522,multiplas_emergencias,PREEMPCAO_ML,32,VE_ROTA_VE_CORREDOR_01,bombeiro,275.80,0.00,0,16.23,56.92
522,multiplas_emergencias,PREEMPCAO_ML,32,VE_ROTA_VE_TRANSVERSAL_02,policia,210.70,4.40,2,11.84,72.08
522,multiplas_emergencias,PREEMPCAO_ML,32,VE_ROTA_VE_CORREDOR_02,policia,303.30,0.00,0,14.76,84.26
522,multiplas_emergencias,PREEMPCAO_ML,32,VE_ROTA_VE_TRANSVERSAL_03,ambulancia,171.30,3.80,1,14.56,32.77
522,multiplas_emergencias,PREEMPCAO_ML,32,VE_ROTA_VE_CORREDOR_03,ambulancia,337.30,0.00,0,13.27,118.28
522,multiplas_emergencias,PREEMPCAO_ML,32,VE_ROTA_VE_TRANSVERSAL_04,bombeiro,225.00,23.30,2,11.07,86.56
522,multiplas_emergencias,PREEMPCAO_ML,32,VE_ROTA_VE_CORREDOR_04,bombeiro,320.90,0.00,0,13.95,101.97
522,multiplas_emergencias,PREEMPCAO_ML,32,VE_ROTA_VE_TRANSVERSAL_05,policia,227.90,2.60,1,10.94,89.32
522,multiplas_emergencias,PREEMPCAO_ML,32,VE_ROTA_VE_CORREDOR_05,policia,285.00,0.00,0,15.71,65.92
523,leve,FIXO,33,VE_ROTA_VE_CORREDOR_00,ambulancia,509.90,156.10,6,8.78,290.85
523,leve,FIXO,33,VE_ROTA_VE_CORREDOR_01,bombeiro,465.90,116.90,5,9.61,246.99
523,leve,FIXO,33,VE_ROTA_VE_CORREDOR_02,policia,431.70,88.70,5,10.37,212.65
523,leve,FIXO,33,VE_ROTA_VE_CORREDOR_03,ambulancia,460.40,109.80,5,9.72,241.37
523,leve,FIXO,33,VE_ROTA_VE_CORREDOR_04,bombeiro,491.40,134.30,6,9.11,272.48
524,leve,PREEMPCAO,33,VE_ROTA_VE_CORREDOR_00,ambulancia,296.80,0.00,0,15.09,77.86
524,leve,PREEMPCAO,33,VE_ROTA_VE_CORREDOR_01,bombeiro,242.70,0.00,0,18.44,23.77
524,leve,PREEMPCAO,33,VE_ROTA_VE_CORREDOR_02,policia,240.20,0.00,0,18.64,21.22
524,leve,PREEMPCAO,33,VE_ROTA_VE_CORREDOR_03,ambulancia,275.00,0.00,0,16.28,56.05
524,leve,PREEMPCAO,33,VE_ROTA_VE_CORREDOR_04,bombeiro,283.00,0.00,0,15.81,64.09
524,leve,PREEMPCAO,33,VE_ROTA_VE_CORREDOR_05,policia,245.20,0.00,0,18.26,26.16
525,leve,PREEMPCAO_COMPENSADA,33,VE_ROTA_VE_CORREDOR_00,ambulancia,297.30,0.00,0,15.06,78.27
525,leve,PREEMPCAO_COMPENSADA,33,VE_ROTA_VE_CORREDOR_01,bombeiro,255.20,0.00,0,17.54,36.28
525,leve,PREEMPCAO_COMPENSADA,33,VE_ROTA_VE_CORREDOR_02,policia,249.30,1.10,1,17.96,30.31
525,leve,PREEMPCAO_COMPENSADA,33,VE_ROTA_VE_CORREDOR_03,ambulancia,296.10,0.00,0,15.12,77.09
525,leve,PREEMPCAO_COMPENSADA,33,VE_ROTA_VE_CORREDOR_04,bombeiro,308.10,0.00,0,14.53,89.20
525,leve,PREEMPCAO_COMPENSADA,33,VE_ROTA_VE_CORREDOR_05,policia,279.90,0.00,0,16.00,60.86
526,moderado,FIXO,33,VE_ROTA_VE_CORREDOR_00,ambulancia,520.40,77.10,6,8.60,301.39
526,moderado,FIXO,33,VE_ROTA_VE_CORREDOR_01,bombeiro,476.20,65.90,5,9.40,257.28
526,moderado,FIXO,33,VE_ROTA_VE_CORREDOR_02,policia,509.50,103.90,6,8.79,290.53
526,moderado,FIXO,33,VE_ROTA_VE_CORREDOR_03,ambulancia,467.80,71.60,5,9.57,248.84
526,moderado,FIXO,33,VE_ROTA_VE_CORREDOR_04,bombeiro,496.00,112.60,5,9.02,277.12
527,moderado,PREEMPCAO,33,VE_ROTA_VE_CORREDOR_00,ambulancia,401.00,0.00,0,11.17,181.97
527,moderado,PREEMPCAO,33,VE_ROTA_VE_CORREDOR_01,bombeiro,330.20,0.00,0,13.55,111.21
527,moderado,PREEMPCAO,33,VE_ROTA_VE_CORREDOR_02,policia,296.70,0.00,0,15.09,77.65
527,moderado,PREEMPCAO,33,VE_ROTA_VE_CORREDOR_03,ambulancia,326.60,0.00,0,13.71,107.63
527,moderado,PREEMPCAO,33,VE_ROTA_VE_CORREDOR_04,bombeiro,299.90,0.00,0,14.92,81.00
527,moderado,PREEMPCAO,33,VE_ROTA_VE_CORREDOR_05,policia,285.40,0.00,0,15.69,66.43
528,moderado,PREEMPCAO_COMPENSADA,33,VE_ROTA_VE_CORREDOR_00,ambulancia,401.10,0.00,0,11.16,182.11
528,moderado,PREEMPCAO_COMPENSADA,33,VE_ROTA_VE_CORREDOR_01,bombeiro,374.20,0.00,0,11.96,155.33
528,moderado,PREEMPCAO_COMPENSADA,33,VE_ROTA_VE_CORREDOR_02,policia,343.60,0.00,0,13.03,124.56
528,moderado,PREEMPCAO_COMPENSADA,33,VE_ROTA_VE_CORREDOR_03,ambulancia,333.70,0.00,0,13.42,114.69
528,moderado,PREEMPCAO_COMPENSADA,33,VE_ROTA_VE_CORREDOR_04,bombeiro,291.40,0.00,0,15.36,72.46
529,intenso,FIXO,33,VE_ROTA_VE_CORREDOR_00,ambulancia,529.40,114.60,6,8.46,310.44
529,intenso,FIXO,33,VE_ROTA_VE_CORREDOR_01,bombeiro,491.10,43.70,2,9.11,272.19
529,intenso,FIXO,33,VE_ROTA_VE_CORREDOR_02,policia,515.90,81.10,6,8.68,296.93
529,intenso,FIXO,33,VE_ROTA_VE_CORREDOR_03,ambulancia,482.60,44.20,3,9.28,263.66
529,intenso,FIXO,33,VE_ROTA_VE_CORREDOR_04,bombeiro,577.20,90.40,8,7.75,358.30
530,intenso,PREEMPCAO,33,VE_ROTA_VE_CORREDOR_00,ambulancia,416.40,14.60,1,10.75,197.50
530,intenso,PREEMPCAO,33,VE_ROTA_VE_CORREDOR_01,bombeiro,388.10,0.00,0,11.53,169.22
530,intenso,PREEMPCAO,33,VE_ROTA_VE_CORREDOR_02,policia,350.90,0.00,0,12.76,131.83
530,intenso,PREEMPCAO,33,VE_ROTA_VE_CORREDOR_03,ambulancia,376.30,0.00,0,11.90,157.33
530,intenso,PREEMPCAO,33,VE_ROTA_VE_CORREDOR_04,bombeiro,373.30,0.00,0,11.99,154.35
531,intenso,PREEMPCAO_COMPENSADA,33,VE_ROTA_VE_CORREDOR_00,ambulancia,416.50,14.60,1,10.75,197.46
531,intenso,PREEMPCAO_COMPENSADA,33,VE_ROTA_VE_CORREDOR_01,bombeiro,414.90,0.00,0,10.79,195.97
531,intenso,PREEMPCAO_COMPENSADA,33,VE_ROTA_VE_CORREDOR_02,policia,346.30,0.00,0,12.93,127.20
531,intenso,PREEMPCAO_COMPENSADA,33,VE_ROTA_VE_CORREDOR_03,ambulancia,388.50,0.00,0,11.52,169.49
531,intenso,PREEMPCAO_COMPENSADA,33,VE_ROTA_VE_CORREDOR_04,bombeiro,397.30,0.00,0,11.26,178.36
532,multiplas_emergencias,FIXO,33,VE_ROTA_VE_TRANSVERSAL_00,ambulancia,296.20,52.40,4,8.42,157.65
532,multiplas_emergencias,FIXO,33,VE_ROTA_VE_CORREDOR_00,ambulancia,520.60,77.10,6,8.60,301.52
532,multiplas_emergencias,FIXO,33,VE_ROTA_VE_TRANSVERSAL_01,bombeiro,256.10,16.70,1,9.73,117.67
532,multiplas_emergencias,FIXO,33,VE_ROTA_VE_CORREDOR_01,bombeiro,476.00,64.90,5,9.40,257.11
532,multiplas_emergencias,FIXO,33,VE_ROTA_VE_TRANSVERSAL_02,policia,296.10,76.80,5,8.42,157.49
532,multiplas_emergencias,FIXO,33,VE_ROTA_VE_CORREDOR_02,policia,509.80,104.00,6,8.78,290.75
532,multiplas_emergencias,FIXO,33,VE_ROTA_VE_TRANSVERSAL_03,ambulancia,244.90,21.90,2,10.18,106.37
532,multiplas_emergencias,FIXO,33,VE_ROTA_VE_CORREDOR_03,ambulancia,468.00,71.50,5,9.57,248.94
532,multiplas_emergencias,FIXO,33,VE_ROTA_VE_TRANSVERSAL_04,bombeiro,287.00,23.80,3,8.68,148.63
532,multiplas_emergencias,FIXO,33,VE_ROTA_VE_CORREDOR_04,bombeiro,495.80,111.90,5,9.03,276.94
532,multiplas_emergencias,FIXO,33,VE_ROTA_VE_TRANSVERSAL_05,policia,231.10,31.80,2,10.79,92.49
533,multiplas_emergencias,PREEMPCAO,33,VE_ROTA_VE_TRANSVERSAL_00,ambulancia,207.30,1.60,1,12.03,68.79
533,multiplas_emergencias,PREEMPCAO,33,VE_ROTA_VE_CORREDOR_00,ambulancia,400.90,0.00,0,11.17,181.91
533,multiplas_emergencias,PREEMPCAO,33,VE_ROTA_VE_TRANSVERSAL_01,bombeiro,189.20,0.00,0,13.17,50.82
533,multiplas_emergencias,PREEMPCAO,33,VE_ROTA_VE_CORREDOR_01,bombeiro,337.60,0.00,0,13.26,118.73
533,multiplas_emergencias,PREEMPCAO,33,VE_ROTA_VE_TRANSVERSAL_02,policia,162.50,8.20,1,15.35,23.90
533,multiplas_emergencias,PREEMPCAO,33,VE_ROTA_VE_CORREDOR_02,policia,350.70,2.90,1,12.77,131.70
533,multiplas_emergencias,PREEMPCAO,33,VE_ROTA_VE_TRANSVERSAL_03,ambulancia,211.50,9.10,2,11.79,72.92
533,multiplas_emergencias,PREEMPCAO,33,VE_ROTA_VE_CORREDOR_03,ambulancia,299.80,0.00,0,14.93,80.75
533,multiplas_emergencias,PREEMPCAO,33,VE_ROTA_VE_TRANSVERSAL_04,bombeiro,170.50,5.50,1,14.61,32.07
533,multiplas_emergencias,PREEMPCAO,33,VE_ROTA_VE_CORREDOR_04,bombeiro,302.40,0.00,0,14.80,83.46
533,multiplas_emergencias,PREEMPCAO,33,VE_ROTA_VE_TRANSVERSAL_05,policia,194.30,13.90,1,12.84,55.73
533,multiplas_emergencias,PREEMPCAO,33,VE_ROTA_VE_CORREDOR_05,policia,285.80,0.00,0,15.67,66.82
534,multiplas_emergencias,PREEMPCAO_COMPENSADA,33,VE_ROTA_VE_TRANSVERSAL_00,ambulancia,207.30,1.60,1,12.03,68.77
534,multiplas_emergencias,PREEMPCAO_COMPENSADA,33,VE_ROTA_VE_CORREDOR_00,ambulancia,388.30,0.00,0,11.53,169.29
534,multiplas_emergencias,PREEMPCAO_COMPENSADA,33,VE_ROTA_VE_TRANSVERSAL_01,bombeiro,202.00,4.10,1,12.33,63.56
534,multiplas_emergencias,PREEMPCAO_COMPENSADA,33,VE_ROTA_VE_CORREDOR_01,bombeiro,341.10,1.00,1,13.12,122.19
534,multiplas_emergencias,PREEMPCAO_COMPENSADA,33,VE_ROTA_VE_TRANSVERSAL_02,policia,192.90,3.20,1,12.93,54.36
534,multiplas_emergencias,PREEMPCAO_COMPENSADA,33,VE_ROTA_VE_CORREDOR_02,policia,313.10,0.00,0,14.30,94.09
534,multiplas_emergencias,PREEMPCAO_COMPENSADA,33,VE_ROTA_VE_TRANSVERSAL_03,ambulancia,182.80,0.00,0,13.64,44.29
534,multiplas_emergencias,PREEMPCAO_COMPENSADA,33,VE_ROTA_VE_CORREDOR_03,ambulancia,310.60,0.00,0,14.41,91.63
534,multiplas_emergencias,PREEMPCAO_COMPENSADA,33,VE_ROTA_VE_TRANSVERSAL_04,bombeiro,198.40,10.80,3,12.56,60.02
534,multiplas_emergencias,PREEMPCAO_COMPENSADA,33,VE_ROTA_VE_CORREDOR_04,bombeiro,346.20,4.00,1,12.93,127.31
534,multiplas_emergencias,PREEMPCAO_COMPENSADA,33,VE_ROTA_VE_TRANSVERSAL_05,policia,210.30,13.70,1,11.86,71.74
535,multiplas_emergencias,PREEMPCAO_ML,33,VE_ROTA_VE_TRANSVERSAL_00,ambulancia,241.40,35.50,2,10.33,102.85
535,multiplas_emergencias,PREEMPCAO_ML,33,VE_ROTA_VE_CORREDOR_00,ambulancia,386.60,0.00,0,11.58,167.61
535,multiplas_emergencias,PREEMPCAO_ML,33,VE_ROTA_VE_TRANSVERSAL_01,bombeiro,224.30,11.60,3,11.11,85.89
535,multiplas_emergencias,PREEMPCAO_ML,33,VE_ROTA_VE_CORREDOR_01,bombeiro,316.30,0.00,0,14.15,97.38
535,multiplas_emergencias,PREEMPCAO_ML,33,VE_ROTA_VE_TRANSVERSAL_02,policia,204.20,13.50,1,12.21,65.62
535,multiplas_emergencias,PREEMPCAO_ML,33,VE_ROTA_VE_CORREDOR_02,policia,286.70,0.00,0,15.62,67.67
535,multiplas_emergencias,PREEMPCAO_ML,33,VE_ROTA_VE_TRANSVERSAL_03,ambulancia,215.40,0.90,1,11.58,76.82
535,multiplas_emergencias,PREEMPCAO_ML,33,VE_ROTA_VE_CORREDOR_03,ambulancia,309.90,11.30,1,14.45,90.88
535,multiplas_emergencias,PREEMPCAO_ML,33,VE_ROTA_VE_TRANSVERSAL_04,bombeiro,177.90,0.00,0,14.01,39.50
535,multiplas_emergencias,PREEMPCAO_ML,33,VE_ROTA_VE_CORREDOR_04,bombeiro,306.10,0.90,1,14.62,87.17
535,multiplas_emergencias,PREEMPCAO_ML,33,VE_ROTA_VE_TRANSVERSAL_05,policia,194.30,15.80,1,12.84,55.77
535,multiplas_emergencias,PREEMPCAO_ML,33,VE_ROTA_VE_CORREDOR_05,policia,291.80,0.00,0,15.35,72.88
536,leve,FIXO,34,VE_ROTA_VE_CORREDOR_00,ambulancia,441.10,106.90,5,10.15,222.14
536,leve,FIXO,34,VE_ROTA_VE_CORREDOR_01,bombeiro,467.90,126.10,5,9.56,248.95
536,leve,FIXO,34,VE_ROTA_VE_CORREDOR_02,policia,428.50,100.30,6,10.45,209.46
536,leve,FIXO,34,VE_ROTA_VE_CORREDOR_03,ambulancia,389.60,79.80,4,11.49,170.52
536,leve,FIXO,34,VE_ROTA_VE_CORREDOR_04,bombeiro,417.80,96.30,5,10.71,198.92
537,leve,PREEMPCAO,34,VE_ROTA_VE_CORREDOR_00,ambulancia,287.50,2.30,1,15.57,68.47
537,leve,PREEMPCAO,34,VE_ROTA_VE_CORREDOR_01,bombeiro,271.50,0.00,0,16.48,52.63
537,leve,PREEMPCAO,34,VE_ROTA_VE_CORREDOR_02,policia,285.20,0.00,0,15.70,66.18
537,leve,PREEMPCAO,34,VE_ROTA_VE_CORREDOR_03,ambulancia,266.80,0.00,0,16.78,47.84
537,leve,PREEMPCAO,34,VE_ROTA_VE_CORREDOR_04,bombeiro,300.40,4.90,1,14.90,81.46
537,leve,PREEMPCAO,34,VE_ROTA_VE_CORREDOR_05,policia,252.80,13.10,4,17.71,33.83
538,leve,PREEMPCAO_COMPENSADA,34,VE_ROTA_VE_CORREDOR_00,ambulancia,287.40,2.30,1,15.58,68.35
538,leve,PREEMPCAO_COMPENSADA,34,VE_ROTA_VE_CORREDOR_01,bombeiro,261.60,4.60,2,17.11,42.71
538,leve,PREEMPCAO_COMPENSADA,34,VE_ROTA_VE_CORREDOR_02,policia,232.80,0.00,0,19.23,13.76
538,leve,PREEMPCAO_COMPENSADA,34,VE_ROTA_VE_CORREDOR_03,ambulancia,281.40,0.00,0,15.91,62.44
538,leve,PREEMPCAO_COMPENSADA,34,VE_ROTA_VE_CORREDOR_04,bombeiro,270.80,3.40,1,16.53,51.87
538,leve,PREEMPCAO_COMPENSADA,34,VE_ROTA_VE_CORREDOR_05,policia,261.30,0.00,0,17.14,42.26
539,moderado,FIXO,34,VE_ROTA_VE_CORREDOR_00,ambulancia,521.30,72.20,6,8.59,302.22
539,moderado,FIXO,34,VE_ROTA_VE_CORREDOR_01,bombeiro,487.20,66.40,5,9.19,268.34
539,moderado,FIXO,34,VE_ROTA_VE_CORREDOR_02,policia,573.70,163.60,8,7.81,354.66
539,moderado,FIXO,34,VE_ROTA_VE_CORREDOR_03,ambulancia,472.00,63.00,5,9.49,252.92
539,moderado,FIXO,34,VE_ROTA_VE_CORREDOR_04,bombeiro,499.80,84.40,5,8.95,280.92
540,moderado,PREEMPCAO,34,VE_ROTA_VE_CORREDOR_00,ambulancia,392.00,0.00,0,11.42,173.09
540,moderado,PREEMPCAO,34,VE_ROTA_VE_CORREDOR_01,bombeiro,288.40,0.00,0,15.52,69.47
540,moderado,PREEMPCAO,34,VE_ROTA_VE_CORREDOR_02,policia,332.50,0.00,0,13.47,113.48
540,moderado,PREEMPCAO,34,VE_ROTA_VE_CORREDOR_03,ambulancia,273.80,0.00,0,16.35,54.76
540,moderado,PREEMPCAO,34,VE_ROTA_VE_CORREDOR_04,bombeiro,319.00,0.00,0,14.03,100.18
540,moderado,PREEMPCAO,34,VE_ROTA_VE_CORREDOR_05,policia,273.40,0.00,0,16.38,54.49
541,moderado,PREEMPCAO_COMPENSADA,34,VE_ROTA_VE_CORREDOR_00,ambulancia,391.70,0.00,0,11.43,172.69
541,moderado,PREEMPCAO_COMPENSADA,34,VE_ROTA_VE_CORREDOR_01,bombeiro,294.80,0.00,0,15.18,75.90
541,moderado,PREEMPCAO_COMPENSADA,34,VE_ROTA_VE_CORREDOR_02,policia,347.30,0.00,0,12.89,128.30
541,moderado,PREEMPCAO_COMPENSADA,34,VE_ROTA_VE_CORREDOR_03,ambulancia,333.30,0.00,0,13.43,114.36
541,moderado,PREEMPCAO_COMPENSADA,34,VE_ROTA_VE_CORREDOR_04,bombeiro,313.60,0.00,0,14.27,94.68
542,intenso,FIXO,34,VE_ROTA_VE_CORREDOR_00,ambulancia,536.80,184.00,6,8.34,317.85
542,intenso,FIXO,34,VE_ROTA_VE_CORREDOR_01,bombeiro,475.10,64.90,5,9.42,256.26
542,intenso,FIXO,34,VE_ROTA_VE_CORREDOR_02,policia,587.10,129.90,8,7.63,368.09
542,intenso,FIXO,34,VE_ROTA_VE_CORREDOR_03,ambulancia,555.10,73.00,6,8.07,336.11
542,intenso,FIXO,34,VE_ROTA_VE_CORREDOR_04,bombeiro,572.00,107.70,8,7.82,353.17
543,intenso,PREEMPCAO,34,VE_ROTA_VE_CORREDOR_00,ambulancia,451.20,0.00,0,9.92,232.18
543,intenso,PREEMPCAO,34,VE_ROTA_VE_CORREDOR_01,bombeiro,400.70,5.90,1,11.17,181.77
543,intenso,PREEMPCAO,34,VE_ROTA_VE_CORREDOR_02,policia,386.10,1.10,1,11.60,167.08
543,intenso,PREEMPCAO,34,VE_ROTA_VE_CORREDOR_03,ambulancia,344.90,0.00,0,12.98,125.94
543,intenso,PREEMPCAO,34,VE_ROTA_VE_CORREDOR_04,bombeiro,341.10,0.00,0,13.12,122.22
544,intenso,PREEMPCAO_COMPENSADA,34,VE_ROTA_VE_CORREDOR_00,ambulancia,446.70,0.00,0,10.02,227.69
544,intenso,PREEMPCAO_COMPENSADA,34,VE_ROTA_VE_CORREDOR_01,bombeiro,390.30,0.00,0,11.47,171.46
544,intenso,PREEMPCAO_COMPENSADA,34,VE_ROTA_VE_CORREDOR_02,policia,379.30,10.30,1,11.81,160.30
544,intenso,PREEMPCAO_COMPENSADA,34,VE_ROTA_VE_CORREDOR_03,ambulancia,361.60,0.00,0,12.38,142.70
544,intenso,PREEMPCAO_COMPENSADA,34,VE_ROTA_VE_CORREDOR_04,bombeiro,358.20,0.00,0,12.49,139.29
545,multiplas_emergencias,FIXO,34,VE_ROTA_VE_TRANSVERSAL_00,ambulancia,232.20,24.10,3,10.74,93.70
545,multiplas_emergencias,FIXO,34,VE_ROTA_VE_CORREDOR_00,ambulancia,521.30,73.90,6,8.59,302.21
545,multiplas_emergencias,FIXO,34,VE_ROTA_VE_TRANSVERSAL_01,bombeiro,264.60,13.20,3,9.42,126.16
545,multiplas_emergencias,FIXO,34,VE_ROTA_VE_CORREDOR_01,bombeiro,487.40,66.50,5,9.18,268.49
545,multiplas_emergencias,FIXO,34,VE_ROTA_VE_TRANSVERSAL_02,policia,297.60,53.50,4,8.38,159.05
545,multiplas_emergencias,FIXO,34,VE_ROTA_VE_CORREDOR_02,policia,573.70,163.50,8,7.81,354.66
545,multiplas_emergencias,FIXO,34,VE_ROTA_VE_TRANSVERSAL_03,ambulancia,256.40,12.20,2,9.73,117.84
545,multiplas_emergencias,FIXO,34,VE_ROTA_VE_CORREDOR_03,ambulancia,474.20,59.60,5,9.44,255.20
545,multiplas_emergencias,FIXO,34,VE_ROTA_VE_TRANSVERSAL_04,bombeiro,278.60,52.00,4,8.94,140.18
545,multiplas_emergencias,FIXO,34,VE_ROTA_VE_CORREDOR_04,bombeiro,499.80,84.00,5,8.95,280.88
545,multiplas_emergencias,FIXO,34,VE_ROTA_VE_TRANSVERSAL_05,policia,244.90,10.80,1,10.18,106.32
546,multiplas_emergencias,PREEMPCAO,34,VE_ROTA_VE_TRANSVERSAL_00,ambulancia,184.70,0.00,0,13.50,46.16
546,multiplas_emergencias,PREEMPCAO,34,VE_ROTA_VE_CORREDOR_00,ambulancia,385.40,0.00,0,11.62,166.44
546,multiplas_emergencias,PREEMPCAO,34,VE_ROTA_VE_TRANSVERSAL_01,bombeiro,173.80,0.00,0,14.34,35.41
546,multiplas_emergencias,PREEMPCAO,34,VE_ROTA_VE_CORREDOR_01,bombeiro,308.60,0.00,0,14.50,89.65
546,multiplas_emergencias,PREEMPCAO,34,VE_ROTA_VE_TRANSVERSAL_02,policia,199.30,4.20,1,12.51,60.73
546,multiplas_emergencias,PREEMPCAO,34,VE_ROTA_VE_CORREDOR_02,policia,334.80,0.00,0,13.37,115.71
546,multiplas_emergencias,PREEMPCAO,34,VE_ROTA_VE_TRANSVERSAL_03,ambulancia,213.40,12.50,2,11.69,74.85
546,multiplas_emergencias,PREEMPCAO,34,VE_ROTA_VE_CORREDOR_03,ambulancia,290.90,0.00,0,15.39,71.89
546,multiplas_emergencias,PREEMPCAO,34,VE_ROTA_VE_TRANSVERSAL_04,bombeiro,186.20,0.00,0,13.38,47.81
546,multiplas_emergencias,PREEMPCAO,34,VE_ROTA_VE_CORREDOR_04,bombeiro,327.50,0.00,0,13.66,108.65
546,multiplas_emergencias,PREEMPCAO,34,VE_ROTA_VE_TRANSVERSAL_05,policia,189.10,0.00,0,13.19,50.51
546,multiplas_emergencias,PREEMPCAO,34,VE_ROTA_VE_CORREDOR_05,policia,285.60,0.00,0,15.68,66.62
547,multiplas_emergencias,PREEMPCAO_COMPENSADA,34,VE_ROTA_VE_TRANSVERSAL_00,ambulancia,184.70,0.00,0,13.50,46.16
547,multiplas_emergencias,PREEMPCAO_COMPENSADA,34,VE_ROTA_VE_CORREDOR_00,ambulancia,362.60,0.00,0,12.35,143.67
547,multiplas_emergencias,PREEMPCAO_COMPENSADA,34,VE_ROTA_VE_TRANSVERSAL_01,bombeiro,180.60,0.00,0,13.80,42.21
547,multiplas_emergencias,PREEMPCAO_COMPENSADA,34,VE_ROTA_VE_CORREDOR_01,bombeiro,288.40,0.00,0,15.52,69.43
547,multiplas_emergencias,PREEMPCAO_COMPENSADA,34,VE_ROTA_VE_TRANSVERSAL_02,policia,214.00,19.20,1,11.65,75.46
547,multiplas_emergencias,PREEMPCAO_COMPENSADA,34,VE_ROTA_VE_CORREDOR_02,policia,324.90,9.80,2,13.78,105.83
547,multiplas_emergencias,PREEMPCAO_COMPENSADA,34,VE_ROTA_VE_TRANSVERSAL_03,ambulancia,209.40,0.00,0,11.91,70.81
547,multiplas_emergencias,PREEMPCAO_COMPENSADA,34,VE_ROTA_VE_CORREDOR_03,ambulancia,297.00,2.10,2,15.07,78.05
547,multiplas_emergencias,PREEMPCAO_COMPENSADA,34,VE_ROTA_VE_TRANSVERSAL_04,bombeiro,243.60,17.90,2,10.23,105.24
547,multiplas_emergencias,PREEMPCAO_COMPENSADA,34,VE_ROTA_VE_CORREDOR_04,bombeiro,350.80,4.30,1,12.76,131.85
547,multiplas_emergencias,PREEMPCAO_COMPENSADA,34,VE_ROTA_VE_TRANSVERSAL_05,policia,205.30,12.30,2,12.15,66.75
548,multiplas_emergencias,PREEMPCAO_ML,34,VE_ROTA_VE_TRANSVERSAL_00,ambulancia,184.70,0.00,0,13.50,46.16
548,multiplas_emergencias,PREEMPCAO_ML,34,VE_ROTA_VE_CORREDOR_00,ambulancia,385.40,0.00,0,11.62,166.44
548,multiplas_emergencias,PREEMPCAO_ML,34,VE_ROTA_VE_TRANSVERSAL_01,bombeiro,198.80,1.30,1,12.53,60.42
548,multiplas_emergencias,PREEMPCAO_ML,34,VE_ROTA_VE_CORREDOR_01,bombeiro,288.40,0.90,1,15.52,69.46
548,multiplas_emergencias,PREEMPCAO_ML,34,VE_ROTA_VE_TRANSVERSAL_02,policia,250.00,15.00,2,9.98,111.45
548,multiplas_emergencias,PREEMPCAO_ML,34,VE_ROTA_VE_CORREDOR_02,policia,313.30,0.00,0,14.29,94.30
548,multiplas_emergencias,PREEMPCAO_ML,34,VE_ROTA_VE_TRANSVERSAL_03,ambulancia,227.80,6.80,1,10.95,89.25
548,multiplas_emergencias,PREEMPCAO_ML,34,VE_ROTA_VE_CORREDOR_03,ambulancia,283.40,0.00,0,15.80,64.39
548,multiplas_emergencias,PREEMPCAO_ML,34,VE_ROTA_VE_TRANSVERSAL_04,bombeiro,242.40,35.30,2,10.28,103.98
548,multiplas_emergencias,PREEMPCAO_ML,34,VE_ROTA_VE_CORREDOR_04,bombeiro,316.00,0.00,0,14.16,97.16
548,multiplas_emergencias,PREEMPCAO_ML,34,VE_ROTA_VE_TRANSVERSAL_05,policia,196.30,2.60,1,12.71,57.76
548,multiplas_emergencias,PREEMPCAO_ML,34,VE_ROTA_VE_CORREDOR_05,policia,279.00,0.00,0,16.05,59.99
549,leve,FIXO,35,VE_ROTA_VE_CORREDOR_00,ambulancia,510.80,150.50,6,8.77,291.77
549,leve,FIXO,35,VE_ROTA_VE_CORREDOR_01,bombeiro,467.90,126.70,5,9.56,249.00
549,leve,FIXO,35,VE_ROTA_VE_CORREDOR_02,policia,495.70,149.70,6,9.03,276.72
549,leve,FIXO,35,VE_ROTA_VE_CORREDOR_03,ambulancia,461.10,102.80,5,9.71,242.05
549,leve,FIXO,35,VE_ROTA_VE_CORREDOR_04,bombeiro,488.10,141.80,6,9.17,269.15
550,leve,PREEMPCAO,35,VE_ROTA_VE_CORREDOR_00,ambulancia,272.90,0.00,0,16.41,53.90
550,leve,PREEMPCAO,35,VE_ROTA_VE_CORREDOR_01,bombeiro,248.50,0.00,0,18.01,29.57
550,leve,PREEMPCAO,35,VE_ROTA_VE_CORREDOR_02,policia,270.90,0.00,0,16.53,51.87
550,leve,PREEMPCAO,35,VE_ROTA_VE_CORREDOR_03,ambulancia,235.50,4.20,1,19.01,16.48
550,leve,PREEMPCAO,35,VE_ROTA_VE_CORREDOR_04,bombeiro,283.50,6.80,2,15.79,64.64
551,leve,PREEMPCAO_COMPENSADA,35,VE_ROTA_VE_CORREDOR_00,ambulancia,272.70,0.00,0,16.42,53.69
551,leve,PREEMPCAO_COMPENSADA,35,VE_ROTA_VE_CORREDOR_01,bombeiro,250.80,0.00,0,17.84,31.93
551,leve,PREEMPCAO_COMPENSADA,35,VE_ROTA_VE_CORREDOR_02,policia,275.30,5.20,2,16.27,56.31
551,leve,PREEMPCAO_COMPENSADA,35,VE_ROTA_VE_CORREDOR_03,ambulancia,311.10,0.00,0,14.39,92.01
551,leve,PREEMPCAO_COMPENSADA,35,VE_ROTA_VE_CORREDOR_04,bombeiro,240.20,5.90,2,18.63,21.27
551,leve,PREEMPCAO_COMPENSADA,35,VE_ROTA_VE_CORREDOR_05,policia,286.50,0.00,0,15.63,67.51
552,moderado,FIXO,35,VE_ROTA_VE_CORREDOR_00,ambulancia,514.00,131.40,6,8.71,294.93
552,moderado,FIXO,35,VE_ROTA_VE_CORREDOR_01,bombeiro,476.00,74.30,5,9.40,257.06
552,moderado,FIXO,35,VE_ROTA_VE_CORREDOR_02,policia,499.70,104.70,6,8.96,280.65
552,moderado,FIXO,35,VE_ROTA_VE_CORREDOR_03,ambulancia,473.40,63.60,5,9.46,254.37
552,moderado,FIXO,35,VE_ROTA_VE_CORREDOR_04,bombeiro,503.90,99.60,7,8.88,285.03
553,moderado,PREEMPCAO,35,VE_ROTA_VE_CORREDOR_00,ambulancia,321.30,0.00,0,13.93,102.34
553,moderado,PREEMPCAO,35,VE_ROTA_VE_CORREDOR_01,bombeiro,331.90,0.00,0,13.48,112.98
553,moderado,PREEMPCAO,35,VE_ROTA_VE_CORREDOR_02,policia,333.20,0.00,0,13.44,114.21
553,moderado,PREEMPCAO,35,VE_ROTA_VE_CORREDOR_03,ambulancia,296.00,0.00,0,15.13,76.99
553,moderado,PREEMPCAO,35,VE_ROTA_VE_CORREDOR_04,bombeiro,299.20,3.70,2,14.96,80.33
554,moderado,PREEMPCAO_COMPENSADA,35,VE_ROTA_VE_CORREDOR_00,ambulancia,321.30,0.00,0,13.93,102.31
554,moderado,PREEMPCAO_COMPENSADA,35,VE_ROTA_VE_CORREDOR_01,bombeiro,363.90,0.00,0,12.30,145.02
554,moderado,PREEMPCAO_COMPENSADA,35,VE_ROTA_VE_CORREDOR_02,policia,355.30,0.00,0,12.60,136.31
554,moderado,PREEMPCAO_COMPENSADA,35,VE_ROTA_VE_CORREDOR_03,ambulancia,277.00,0.00,0,16.16,58.09
554,moderado,PREEMPCAO_COMPENSADA,35,VE_ROTA_VE_CORREDOR_04,bombeiro,258.00,4.00,1,17.35,39.10
554,moderado,PREEMPCAO_COMPENSADA,35,VE_ROTA_VE_CORREDOR_05,policia,299.60,0.00,0,14.95,80.61
555,intenso,FIXO,35,VE_ROTA_VE_CORREDOR_00,ambulancia,600.60,124.50,8,7.45,381.61
555,intenso,FIXO,35,VE_ROTA_VE_CORREDOR_01,bombeiro,493.30,25.50,5,9.07,274.36
555,intenso,FIXO,35,VE_ROTA_VE_CORREDOR_02,policia,514.30,85.50,6,8.71,295.37
555,intenso,FIXO,35,VE_ROTA_VE_CORREDOR_03,ambulancia,479.80,19.70,4,9.33,260.83
555,intenso,FIXO,35,VE_ROTA_VE_CORREDOR_04,bombeiro,510.30,34.90,5,8.77,291.38
556,intenso,PREEMPCAO,35,VE_ROTA_VE_CORREDOR_00,ambulancia,438.50,14.70,1,10.21,219.55
556,intenso,PREEMPCAO,35,VE_ROTA_VE_CORREDOR_01,bombeiro,435.10,0.00,0,10.29,216.23
556,intenso,PREEMPCAO,35,VE_ROTA_VE_CORREDOR_02,policia,383.60,0.00,0,11.67,164.51
556,intenso,PREEMPCAO,35,VE_ROTA_VE_CORREDOR_03,ambulancia,328.80,0.00,0,13.62,109.84
556,intenso,PREEMPCAO,35,VE_ROTA_VE_CORREDOR_04,bombeiro,370.80,0.00,0,12.07,151.93
557,intenso,PREEMPCAO_COMPENSADA,35,VE_ROTA_VE_CORREDOR_00,ambulancia,442.90,14.70,1,10.11,223.90
557,intenso,PREEMPCAO_COMPENSADA,35,VE_ROTA_VE_CORREDOR_01,bombeiro,405.80,0.00,0,11.03,186.90
557,intenso,PREEMPCAO_COMPENSADA,35,VE_ROTA_VE_CORREDOR_02,policia,395.20,0.00,0,11.33,176.21
557,intenso,PREEMPCAO_COMPENSADA,35,VE_ROTA_VE_CORREDOR_03,ambulancia,385.20,0.00,0,11.62,166.19
557,intenso,PREEMPCAO_COMPENSADA,35,VE_ROTA_VE_CORREDOR_04,bombeiro,401.60,14.90,1,11.14,182.74
558,multiplas_emergencias,FIXO,35,VE_ROTA_VE_TRANSVERSAL_00,ambulancia,231.50,15.20,2,10.77,92.95
558,multiplas_emergencias,FIXO,35,VE_ROTA_VE_CORREDOR_00,ambulancia,513.90,130.80,6,8.71,294.91
558,multiplas_emergencias,FIXO,35,VE_ROTA_VE_TRANSVERSAL_01,bombeiro,257.90,20.00,2,9.66,119.47
558,multiplas_emergencias,FIXO,35,VE_ROTA_VE_CORREDOR_01,bombeiro,476.00,72.20,5,9.40,257.08
558,multiplas_emergencias,FIXO,35,VE_ROTA_VE_TRANSVERSAL_02,policia,296.30,39.30,4,8.42,157.69
558,multiplas_emergencias,FIXO,35,VE_ROTA_VE_CORREDOR_02,policia,500.00,102.30,6,8.96,280.97
558,multiplas_emergencias,FIXO,35,VE_ROTA_VE_TRANSVERSAL_03,ambulancia,247.50,18.80,3,10.08,108.98
558,multiplas_emergencias,FIXO,35,VE_ROTA_VE_CORREDOR_03,ambulancia,473.10,63.80,5,9.46,254.04
558,multiplas_emergencias,FIXO,35,VE_ROTA_VE_TRANSVERSAL_04,bombeiro,272.70,44.30,5,9.14,134.27
558,multiplas_emergencias,FIXO,35,VE_ROTA_VE_CORREDOR_04,bombeiro,503.80,99.10,7,8.88,284.88
558,multiplas_emergencias,FIXO,35,VE_ROTA_VE_TRANSVERSAL_05,policia,238.00,17.30,2,10.48,99.38
559,multiplas_emergencias,PREEMPCAO,35,VE_ROTA_VE_TRANSVERSAL_00,ambulancia,185.80,0.00,0,13.42,47.27
559,multiplas_emergencias,PREEMPCAO,35,VE_ROTA_VE_CORREDOR_00,ambulancia,311.10,0.00,0,14.39,92.09
559,multiplas_emergencias,PREEMPCAO,35,VE_ROTA_VE_TRANSVERSAL_01,bombeiro,182.90,0.00,0,13.62,44.48
559,multiplas_emergencias,PREEMPCAO,35,VE_ROTA_VE_CORREDOR_01,bombeiro,328.00,0.00,0,13.64,109.08
559,multiplas_emergencias,PREEMPCAO,35,VE_ROTA_VE_TRANSVERSAL_02,policia,216.00,2.20,1,11.55,77.44
559,multiplas_emergencias,PREEMPCAO,35,VE_ROTA_VE_CORREDOR_02,policia,301.50,0.00,0,14.85,82.46
559,multiplas_emergencias,PREEMPCAO,35,VE_ROTA_VE_TRANSVERSAL_03,ambulancia,182.50,0.00,0,13.66,43.95
559,multiplas_emergencias,PREEMPCAO,35,VE_ROTA_VE_CORREDOR_03,ambulancia,308.10,0.00,0,14.53,89.08
559,multiplas_emergencias,PREEMPCAO,35,VE_ROTA_VE_TRANSVERSAL_04,bombeiro,198.50,3.60,1,12.55,60.08
559,multiplas_emergencias,PREEMPCAO,35,VE_ROTA_VE_CORREDOR_04,bombeiro,264.80,10.70,3,16.90,45.86
559,multiplas_emergencias,PREEMPCAO,35,VE_ROTA_VE_TRANSVERSAL_05,policia,200.60,1.50,1,12.43,62.06
560,multiplas_emergencias,PREEMPCAO_COMPENSADA,35,VE_ROTA_VE_TRANSVERSAL_00,ambulancia,185.60,0.00,0,13.44,47.11
560,multiplas_emergencias,PREEMPCAO_COMPENSADA,35,VE_ROTA_VE_CORREDOR_00,ambulancia,310.80,0.00,0,14.41,91.79
560,multiplas_emergencias,PREEMPCAO_COMPENSADA,35,VE_ROTA_VE_TRANSVERSAL_01,bombeiro,172.90,0.00,0,14.41,34.51
560,multiplas_emergencias,PREEMPCAO_COMPENSADA,35,VE_ROTA_VE_CORREDOR_01,bombeiro,338.20,0.00,0,13.23,119.35
560,multiplas_emergencias,PREEMPCAO_COMPENSADA,35,VE_ROTA_VE_TRANSVERSAL_02,policia,182.20,0.00,0,13.69,43.62
560,multiplas_emergencias,PREEMPCAO_COMPENSADA,35,VE_ROTA_VE_CORREDOR_02,policia,343.30,0.00,0,13.04,124.32
560,multiplas_emergencias,PREEMPCAO_COMPENSADA,35,VE_ROTA_VE_TRANSVERSAL_03,ambulancia,211.00,0.60,1,11.82,72.42
560,multiplas_emergencias,PREEMPCAO_COMPENSADA,35,VE_ROTA_VE_CORREDOR_03,ambulancia,313.80,0.90,1,14.27,94.79
560,multiplas_emergencias,PREEMPCAO_COMPENSADA,35,VE_ROTA_VE_TRANSVERSAL_04,bombeiro,184.10,14.70,1,13.53,45.75
560,multiplas_emergencias,PREEMPCAO_COMPENSADA,35,VE_ROTA_VE_CORREDOR_04,bombeiro,289.50,0.80,1,15.46,70.58
560,multiplas_emergencias,PREEMPCAO_COMPENSADA,35,VE_ROTA_VE_TRANSVERSAL_05,policia,175.90,0.90,1,14.18,37.36
561,multiplas_emergencias,PREEMPCAO_ML,35,VE_ROTA_VE_TRANSVERSAL_00,ambulancia,185.80,0.00,0,13.42,47.24
561,multiplas_emergencias,PREEMPCAO_ML,35,VE_ROTA_VE_CORREDOR_00,ambulancia,311.00,0.00,0,14.40,92.01
561,multiplas_emergencias,PREEMPCAO_ML,35,VE_ROTA_VE_TRANSVERSAL_01,bombeiro,178.50,0.00,0,13.96,40.13
561,multiplas_emergencias,PREEMPCAO_ML,35,VE_ROTA_VE_CORREDOR_01,bombeiro,325.70,6.00,1,13.74,106.79
561,multiplas_emergencias,PREEMPCAO_ML,35,VE_ROTA_VE_TRANSVERSAL_02,policia,221.60,10.00,2,11.26,83.05
561,multiplas_emergencias,PREEMPCAO_ML,35,VE_ROTA_VE_CORREDOR_02,policia,303.40,0.00,0,14.76,84.41
561,multiplas_emergencias,PREEMPCAO_ML,35,VE_ROTA_VE_TRANSVERSAL_03,ambulancia,195.50,28.50,3,12.76,56.96
561,multiplas_emergencias,PREEMPCAO_ML,35,VE_ROTA_VE_CORREDOR_03,ambulancia,318.60,0.00,0,14.05,99.61
561,multiplas_emergencias,PREEMPCAO_ML,35,VE_ROTA_VE_TRANSVERSAL_04,bombeiro,194.80,6.20,2,12.79,56.40
561,multiplas_emergencias,PREEMPCAO_ML,35,VE_ROTA_VE_CORREDOR_04,bombeiro,274.90,10.00,3,16.28,56.01
561,multiplas_emergencias,PREEMPCAO_ML,35,VE_ROTA_VE_TRANSVERSAL_05,policia,209.40,0.70,2,11.91,70.80
562,leve,FIXO,36,VE_ROTA_VE_CORREDOR_00,ambulancia,443.80,107.00,5,10.09,224.87
562,leve,FIXO,36,VE_ROTA_VE_CORREDOR_01,bombeiro,399.80,88.00,5,11.19,180.92
562,leve,FIXO,36,VE_ROTA_VE_CORREDOR_02,policia,425.70,101.60,5,10.52,206.70
562,leve,FIXO,36,VE_ROTA_VE_CORREDOR_03,ambulancia,398.70,78.50,4,11.23,179.72
562,leve,FIXO,36,VE_ROTA_VE_CORREDOR_04,bombeiro,485.80,122.40,6,9.21,266.87
563,leve,PREEMPCAO,36,VE_ROTA_VE_CORREDOR_00,ambulancia,282.30,2.30,1,15.86,63.30
563,leve,PREEMPCAO,36,VE_ROTA_VE_CORREDOR_01,bombeiro,279.30,1.30,1,16.02,60.36
563,leve,PREEMPCAO,36,VE_ROTA_VE_CORREDOR_02,policia,288.90,0.00,0,15.50,69.88
563,leve,PREEMPCAO,36,VE_ROTA_VE_CORREDOR_03,ambulancia,263.00,0.00,0,17.02,44.04
563,leve,PREEMPCAO,36,VE_ROTA_VE_CORREDOR_04,bombeiro,281.30,4.90,1,15.91,62.38
563,leve,PREEMPCAO,36,VE_ROTA_VE_CORREDOR_05,policia,238.10,0.00,0,18.81,19.10
564,leve,PREEMPCAO_COMPENSADA,36,VE_ROTA_VE_CORREDOR_00,ambulancia,282.40,2.30,1,15.85,63.40
564,leve,PREEMPCAO_COMPENSADA,36,VE_ROTA_VE_CORREDOR_01,bombeiro,272.10,4.40,1,16.45,53.20
564,leve,PREEMPCAO_COMPENSADA,36,VE_ROTA_VE_CORREDOR_02,policia,235.90,0.00,0,18.98,16.89
564,leve,PREEMPCAO_COMPENSADA,36,VE_ROTA_VE_CORREDOR_03,ambulancia,261.50,2.10,1,17.12,42.56
564,leve,PREEMPCAO_COMPENSADA,36,VE_ROTA_VE_CORREDOR_04,bombeiro,250.30,4.90,1,17.88,31.33
564,leve,PREEMPCAO_COMPENSADA,36,VE_ROTA_VE_CORREDOR_05,policia,274.10,5.90,1,16.34,55.12
565,moderado,FIXO,36,VE_ROTA_VE_CORREDOR_00,ambulancia,524.00,122.00,7,8.54,305.01
565,moderado,FIXO,36,VE_ROTA_VE_CORREDOR_01,bombeiro,477.90,106.60,5,9.36,259.02
565,moderado,FIXO,36,VE_ROTA_VE_CORREDOR_02,policia,510.20,116.40,6,8.78,291.17
565,moderado,FIXO,36,VE_ROTA_VE_CORREDOR_03,ambulancia,463.50,86.60,5,9.66,244.48
565,moderado,FIXO,36,VE_ROTA_VE_CORREDOR_04,bombeiro,502.20,81.80,5,8.91,283.22
566,moderado,PREEMPCAO,36,VE_ROTA_VE_CORREDOR_00,ambulancia,321.20,2.30,1,13.94,102.18
566,moderado,PREEMPCAO,36,VE_ROTA_VE_CORREDOR_01,bombeiro,261.70,0.00,0,17.10,42.73
566,moderado,PREEMPCAO,36,VE_ROTA_VE_CORREDOR_02,policia,297.00,0.00,0,15.08,77.96
566,moderado,PREEMPCAO,36,VE_ROTA_VE_CORREDOR_03,ambulancia,326.50,1.90,1,13.71,107.49
566,moderado,PREEMPCAO,36,VE_ROTA_VE_CORREDOR_04,bombeiro,339.90,0.00,0,13.17,120.93
567,moderado,PREEMPCAO_COMPENSADA,36,VE_ROTA_VE_CORREDOR_00,ambulancia,321.30,2.30,1,13.93,102.21
567,moderado,PREEMPCAO_COMPENSADA,36,VE_ROTA_VE_CORREDOR_01,bombeiro,282.60,0.00,0,15.84,63.68
567,moderado,PREEMPCAO_COMPENSADA,36,VE_ROTA_VE_CORREDOR_02,policia,315.20,0.00,0,14.21,96.19
567,moderado,PREEMPCAO_COMPENSADA,36,VE_ROTA_VE_CORREDOR_03,ambulancia,306.20,0.00,0,14.62,87.23
567,moderado,PREEMPCAO_COMPENSADA,36,VE_ROTA_VE_CORREDOR_04,bombeiro,284.10,0.00,0,15.75,65.13
568,intenso,FIXO,36,VE_ROTA_VE_CORREDOR_00,ambulancia,526.80,88.10,6,8.50,307.74
568,intenso,FIXO,36,VE_ROTA_VE_CORREDOR_01,bombeiro,487.30,31.90,6,9.18,268.36
568,intenso,FIXO,36,VE_ROTA_VE_CORREDOR_02,policia,592.10,132.20,8,7.56,373.13
568,intenso,FIXO,36,VE_ROTA_VE_CORREDOR_03,ambulancia,553.70,89.30,6,8.09,334.78
568,intenso,FIXO,36,VE_ROTA_VE_CORREDOR_04,bombeiro,508.40,28.30,6,8.80,289.47
569,intenso,PREEMPCAO,36,VE_ROTA_VE_CORREDOR_00,ambulancia,433.90,0.00,0,10.32,215.01
569,intenso,PREEMPCAO,36,VE_ROTA_VE_CORREDOR_01,bombeiro,395.70,0.00,0,11.31,176.78
569,intenso,PREEMPCAO,36,VE_ROTA_VE_CORREDOR_02,policia,361.70,0.00,0,12.38,142.66
569,intenso,PREEMPCAO,36,VE_ROTA_VE_CORREDOR_03,ambulancia,373.10,0.00,0,12.00,154.11
569,intenso,PREEMPCAO,36,VE_ROTA_VE_CORREDOR_04,bombeiro,352.80,0.00,0,12.68,133.81
570,intenso,PREEMPCAO_COMPENSADA,36,VE_ROTA_VE_CORREDOR_00,ambulancia,432.00,0.00,0,10.36,212.93
570,intenso,PREEMPCAO_COMPENSADA,36,VE_ROTA_VE_CORREDOR_01,bombeiro,403.70,0.00,0,11.09,184.71
570,intenso,PREEMPCAO_COMPENSADA,36,VE_ROTA_VE_CORREDOR_02,policia,335.40,0.00,0,13.35,116.37
570,intenso,PREEMPCAO_COMPENSADA,36,VE_ROTA_VE_CORREDOR_03,ambulancia,347.40,0.00,0,12.89,128.45
570,intenso,PREEMPCAO_COMPENSADA,36,VE_ROTA_VE_CORREDOR_04,bombeiro,381.00,0.00,0,11.75,162.13
571,multiplas_emergencias,FIXO,36,VE_ROTA_VE_TRANSVERSAL_00,ambulancia,302.40,56.80,4,8.25,163.90
571,multiplas_emergencias,FIXO,36,VE_ROTA_VE_CORREDOR_00,ambulancia,524.20,122.20,7,8.54,305.18
571,multiplas_emergencias,FIXO,36,VE_ROTA_VE_TRANSVERSAL_01,bombeiro,263.30,11.30,2,9.46,124.86
571,multiplas_emergencias,FIXO,36,VE_ROTA_VE_CORREDOR_01,bombeiro,477.90,106.30,5,9.36,258.94
571,multiplas_emergencias,FIXO,36,VE_ROTA_VE_TRANSVERSAL_02,policia,282.20,72.50,4,8.84,143.60
571,multiplas_emergencias,FIXO,36,VE_ROTA_VE_CORREDOR_02,policia,503.60,118.60,6,8.89,284.56
571,multiplas_emergencias,FIXO,36,VE_ROTA_VE_TRANSVERSAL_03,ambulancia,254.20,16.20,3,9.81,115.61
571,multiplas_emergencias,FIXO,36,VE_ROTA_VE_CORREDOR_03,ambulancia,462.20,89.00,5,9.69,243.20
571,multiplas_emergencias,FIXO,36,VE_ROTA_VE_TRANSVERSAL_04,bombeiro,283.70,28.70,4,8.78,145.28
571,multiplas_emergencias,FIXO,36,VE_ROTA_VE_CORREDOR_04,bombeiro,502.00,81.70,5,8.91,283.03
571,multiplas_emergencias,FIXO,36,VE_ROTA_VE_TRANSVERSAL_05,policia,244.40,10.50,1,10.21,105.87
572,multiplas_emergencias,PREEMPCAO,36,VE_ROTA_VE_TRANSVERSAL_00,ambulancia,229.70,17.00,3,10.86,91.19
572,multiplas_emergencias,PREEMPCAO,36,VE_ROTA_VE_CORREDOR_00,ambulancia,308.40,2.30,1,14.52,89.43
572,multiplas_emergencias,PREEMPCAO,36,VE_ROTA_VE_TRANSVERSAL_01,bombeiro,217.30,6.80,2,11.47,78.91
572,multiplas_emergencias,PREEMPCAO,36,VE_ROTA_VE_CORREDOR_01,bombeiro,325.30,0.00,0,13.76,106.42
572,multiplas_emergencias,PREEMPCAO,36,VE_ROTA_VE_TRANSVERSAL_02,policia,179.90,3.70,1,13.86,41.35
572,multiplas_emergencias,PREEMPCAO,36,VE_ROTA_VE_CORREDOR_02,policia,279.30,0.00,0,16.03,60.32
572,multiplas_emergencias,PREEMPCAO,36,VE_ROTA_VE_TRANSVERSAL_03,ambulancia,199.60,6.50,2,12.49,61.09
572,multiplas_emergencias,PREEMPCAO,36,VE_ROTA_VE_CORREDOR_03,ambulancia,261.30,0.00,0,17.13,42.28
572,multiplas_emergencias,PREEMPCAO,36,VE_ROTA_VE_TRANSVERSAL_04,bombeiro,200.20,0.00,0,12.45,61.84
572,multiplas_emergencias,PREEMPCAO,36,VE_ROTA_VE_CORREDOR_04,bombeiro,339.50,3.90,1,13.18,120.57
572,multiplas_emergencias,PREEMPCAO,36,VE_ROTA_VE_TRANSVERSAL_05,policia,186.90,3.30,1,13.34,48.34
573,multiplas_emergencias,PREEMPCAO_COMPENSADA,36,VE_ROTA_VE_TRANSVERSAL_00,ambulancia,228.30,15.50,3,10.92,89.76
573,multiplas_emergencias,PREEMPCAO_COMPENSADA,36,VE_ROTA_VE_CORREDOR_00,ambulancia,308.70,2.30,1,14.50,89.71
573,multiplas_emergencias,PREEMPCAO_COMPENSADA,36,VE_ROTA_VE_TRANSVERSAL_01,bombeiro,219.20,4.50,1,11.37,80.84
573,multiplas_emergencias,PREEMPCAO_COMPENSADA,36,VE_ROTA_VE_CORREDOR_01,bombeiro,343.40,25.20,3,13.03,124.47
573,multiplas_emergencias,PREEMPCAO_COMPENSADA,36,VE_ROTA_VE_TRANSVERSAL_02,policia,178.80,3.60,1,13.95,40.25
573,multiplas_emergencias,PREEMPCAO_COMPENSADA,36,VE_ROTA_VE_CORREDOR_02,policia,297.80,0.00,0,15.04,78.87
573,multiplas_emergencias,PREEMPCAO_COMPENSADA,36,VE_ROTA_VE_TRANSVERSAL_03,ambulancia,202.50,13.50,1,12.31,63.93
573,multiplas_emergencias,PREEMPCAO_COMPENSADA,36,VE_ROTA_VE_CORREDOR_03,ambulancia,314.70,9.70,1,14.23,95.65
573,multiplas_emergencias,PREEMPCAO_COMPENSADA,36,VE_ROTA_VE_TRANSVERSAL_04,bombeiro,179.30,3.30,1,13.90,40.86
573,multiplas_emergencias,PREEMPCAO_COMPENSADA,36,VE_ROTA_VE_CORREDOR_04,bombeiro,315.40,4.70,1,14.19,96.48
573,multiplas_emergencias,PREEMPCAO_COMPENSADA,36,VE_ROTA_VE_TRANSVERSAL_05,policia,191.40,13.40,1,13.03,52.78
574,multiplas_emergencias,PREEMPCAO_ML,36,VE_ROTA_VE_TRANSVERSAL_00,ambulancia,230.00,18.90,3,10.84,91.47
574,multiplas_emergencias,PREEMPCAO_ML,36,VE_ROTA_VE_CORREDOR_00,ambulancia,306.20,2.30,1,14.62,87.20
574,multiplas_emergencias,PREEMPCAO_ML,36,VE_ROTA_VE_TRANSVERSAL_01,bombeiro,213.60,7.60,2,11.67,75.19
574,multiplas_emergencias,PREEMPCAO_ML,36,VE_ROTA_VE_CORREDOR_01,bombeiro,320.40,0.00,0,13.97,101.52
574,multiplas_emergencias,PREEMPCAO_ML,36,VE_ROTA_VE_TRANSVERSAL_02,policia,177.90,3.60,1,14.02,39.28
574,multiplas_emergencias,PREEMPCAO_ML,36,VE_ROTA_VE_CORREDOR_02,policia,282.30,0.00,0,15.86,63.36
574,multiplas_emergencias,PREEMPCAO_ML,36,VE_ROTA_VE_TRANSVERSAL_03,ambulancia,194.00,13.80,1,12.85,55.44
574,multiplas_emergencias,PREEMPCAO_ML,36,VE_ROTA_VE_CORREDOR_03,ambulancia,316.00,6.90,1,14.17,96.97
574,multiplas_emergencias,PREEMPCAO_ML,36,VE_ROTA_VE_TRANSVERSAL_04,bombeiro,203.10,20.80,2,12.27,64.66
574,multiplas_emergencias,PREEMPCAO_ML,36,VE_ROTA_VE_CORREDOR_04,bombeiro,325.10,0.00,0,13.77,106.13
574,multiplas_emergencias,PREEMPCAO_ML,36,VE_ROTA_VE_TRANSVERSAL_05,policia,191.60,0.00,0,13.02,53.00
575,leve,FIXO,37,VE_ROTA_VE_CORREDOR_00,ambulancia,442.50,111.60,5,10.12,223.57
575,leve,FIXO,37,VE_ROTA_VE_CORREDOR_01,bombeiro,469.90,112.50,5,9.52,250.98
575,leve,FIXO,37,VE_ROTA_VE_CORREDOR_02,policia,439.50,83.90,7,10.19,220.48
575,leve,FIXO,37,VE_ROTA_VE_CORREDOR_03,ambulancia,456.00,117.70,5,9.82,237.03
575,leve,FIXO,37,VE_ROTA_VE_CORREDOR_04,bombeiro,366.10,42.30,4,12.22,147.17
576,leve,PREEMPCAO,37,VE_ROTA_VE_CORREDOR_00,ambulancia,284.20,0.00,0,15.75,65.18
576,leve,PREEMPCAO,37,VE_ROTA_VE_CORREDOR_01,bombeiro,279.30,0.00,0,16.02,60.32
576,leve,PREEMPCAO,37,VE_ROTA_VE_CORREDOR_02,policia,278.20,4.20,1,16.10,59.15
576,leve,PREEMPCAO,37,VE_ROTA_VE_CORREDOR_03,ambulancia,247.20,3.60,1,18.11,28.19
576,leve,PREEMPCAO,37,VE_ROTA_VE_CORREDOR_04,bombeiro,302.50,0.00,0,14.79,83.58
576,leve,PREEMPCAO,37,VE_ROTA_VE_CORREDOR_05,policia,259.90,0.00,0,17.23,40.79
577,leve,PREEMPCAO_COMPENSADA,37,VE_ROTA_VE_CORREDOR_00,ambulancia,284.20,0.00,0,15.75,65.18
577,leve,PREEMPCAO_COMPENSADA,37,VE_ROTA_VE_CORREDOR_01,bombeiro,238.80,0.00,0,18.74,19.89
577,leve,PREEMPCAO_COMPENSADA,37,VE_ROTA_VE_CORREDOR_02,policia,268.00,0.00,0,16.71,49.03
577,leve,PREEMPCAO_COMPENSADA,37,VE_ROTA_VE_CORREDOR_03,ambulancia,254.10,6.60,2,17.62,35.08
577,leve,PREEMPCAO_COMPENSADA,37,VE_ROTA_VE_CORREDOR_04,bombeiro,296.60,0.00,0,15.09,77.67
577,leve,PREEMPCAO_COMPENSADA,37,VE_ROTA_VE_CORREDOR_05,policia,264.80,1.80,2,16.91,45.82
578,moderado,FIXO,37,VE_ROTA_VE_CORREDOR_00,ambulancia,443.20,84.60,5,10.10,224.29
578,moderado,FIXO,37,VE_ROTA_VE_CORREDOR_01,bombeiro,478.80,100.30,5,9.35,259.90
578,moderado,FIXO,37,VE_ROTA_VE_CORREDOR_02,policia,505.60,125.90,6,8.86,286.54
578,moderado,FIXO,37,VE_ROTA_VE_CORREDOR_03,ambulancia,468.30,83.10,5,9.56,249.36
578,moderado,FIXO,37,VE_ROTA_VE_CORREDOR_04,bombeiro,495.50,126.90,6,9.03,276.57
579,moderado,PREEMPCAO,37,VE_ROTA_VE_CORREDOR_00,ambulancia,364.70,4.70,1,12.28,145.69
579,moderado,PREEMPCAO,37,VE_ROTA_VE_CORREDOR_01,bombeiro,284.00,1.70,1,15.76,65.12
579,moderado,PREEMPCAO,37,VE_ROTA_VE_CORREDOR_02,policia,327.10,0.00,0,13.69,108.12
579,moderado,PREEMPCAO,37,VE_ROTA_VE_CORREDOR_03,ambulancia,280.50,0.00,0,15.96,61.54
579,moderado,PREEMPCAO,37,VE_ROTA_VE_CORREDOR_04,bombeiro,314.30,3.90,1,14.24,95.30
580,moderado,PREEMPCAO_COMPENSADA,37,VE_ROTA_VE_CORREDOR_00,ambulancia,364.80,4.90,1,12.27,145.87
580,moderado,PREEMPCAO_COMPENSADA,37,VE_ROTA_VE_CORREDOR_01,bombeiro,302.70,0.00,0,14.78,83.75
580,moderado,PREEMPCAO_COMPENSADA,37,VE_ROTA_VE_CORREDOR_02,policia,288.00,0.00,0,15.55,68.96
580,moderado,PREEMPCAO_COMPENSADA,37,VE_ROTA_VE_CORREDOR_03,ambulancia,262.70,0.00,0,17.04,43.69
580,moderado,PREEMPCAO_COMPENSADA,37,VE_ROTA_VE_CORREDOR_04,bombeiro,287.00,1.50,1,15.59,68.15
581,intenso,FIXO,37,VE_ROTA_VE_CORREDOR_00,ambulancia,605.30,130.70,7,7.40,386.40
581,intenso,FIXO,37,VE_ROTA_VE_CORREDOR_01,bombeiro,558.70,57.00,5,8.01,339.84
581,intenso,FIXO,37,VE_ROTA_VE_CORREDOR_02,policia,516.10,84.60,6,8.68,297.10
581,intenso,FIXO,37,VE_ROTA_VE_CORREDOR_03,ambulancia,625.80,192.50,6,7.15,406.82
581,intenso,FIXO,37,VE_ROTA_VE_CORREDOR_04,bombeiro,513.50,45.40,3,8.72,294.65
582,intenso,PREEMPCAO,37,VE_ROTA_VE_CORREDOR_00,ambulancia,407.80,0.00,0,10.98,188.83
582,intenso,PREEMPCAO,37,VE_ROTA_VE_CORREDOR_01,bombeiro,374.30,0.40,1,11.96,155.35
582,intenso,PREEMPCAO,37,VE_ROTA_VE_CORREDOR_02,policia,341.50,0.00,0,13.11,122.41
582,intenso,PREEMPCAO,37,VE_ROTA_VE_CORREDOR_03,ambulancia,398.20,0.00,0,11.24,179.25
582,intenso,PREEMPCAO,37,VE_ROTA_VE_CORREDOR_04,bombeiro,380.40,0.00,0,11.76,161.51
583,intenso,PREEMPCAO_COMPENSADA,37,VE_ROTA_VE_CORREDOR_00,ambulancia,407.70,0.00,0,10.98,188.72
583,intenso,PREEMPCAO_COMPENSADA,37,VE_ROTA_VE_CORREDOR_01,bombeiro,387.40,0.00,0,11.55,168.43
583,intenso,PREEMPCAO_COMPENSADA,37,VE_ROTA_VE_CORREDOR_02,policia,364.80,0.00,0,12.27,145.82
583,intenso,PREEMPCAO_COMPENSADA,37,VE_ROTA_VE_CORREDOR_03,ambulancia,432.60,3.10,1,10.35,213.59
583,intenso,PREEMPCAO_COMPENSADA,37,VE_ROTA_VE_CORREDOR_04,bombeiro,401.20,3.20,1,11.15,182.24
584,multiplas_emergencias,FIXO,37,VE_ROTA_VE_TRANSVERSAL_00,ambulancia,294.20,59.80,4,8.48,155.62
584,multiplas_emergencias,FIXO,37,VE_ROTA_VE_CORREDOR_00,ambulancia,443.30,87.80,5,10.10,224.33
584,multiplas_emergencias,FIXO,37,VE_ROTA_VE_TRANSVERSAL_01,bombeiro,257.70,25.60,3,9.67,119.35
584,multiplas_emergencias,FIXO,37,VE_ROTA_VE_CORREDOR_01,bombeiro,478.70,97.50,5,9.35,259.83
584,multiplas_emergencias,FIXO,37,VE_ROTA_VE_TRANSVERSAL_02,policia,278.10,46.70,3,8.97,139.53
584,multiplas_emergencias,FIXO,37,VE_ROTA_VE_CORREDOR_02,policia,505.60,126.10,6,8.86,286.54
584,multiplas_emergencias,FIXO,37,VE_ROTA_VE_TRANSVERSAL_03,ambulancia,257.50,16.00,2,9.68,118.95
584,multiplas_emergencias,FIXO,37,VE_ROTA_VE_CORREDOR_03,ambulancia,466.30,84.30,5,9.60,247.30
584,multiplas_emergencias,FIXO,37,VE_ROTA_VE_TRANSVERSAL_04,bombeiro,281.60,73.90,4,8.85,143.23
584,multiplas_emergencias,FIXO,37,VE_ROTA_VE_CORREDOR_04,bombeiro,495.40,126.80,6,9.03,276.53
584,multiplas_emergencias,FIXO,37,VE_ROTA_VE_TRANSVERSAL_05,policia,239.80,14.40,2,10.40,101.21
585,multiplas_emergencias,PREEMPCAO,37,VE_ROTA_VE_TRANSVERSAL_00,ambulancia,207.40,4.40,1,12.02,68.86
585,multiplas_emergencias,PREEMPCAO,37,VE_ROTA_VE_CORREDOR_00,ambulancia,363.70,9.00,1,12.31,144.67
585,multiplas_emergencias,PREEMPCAO,37,VE_ROTA_VE_TRANSVERSAL_01,bombeiro,190.50,5.30,1,13.08,52.12
585,multiplas_emergencias,PREEMPCAO,37,VE_ROTA_VE_CORREDOR_01,bombeiro,330.80,7.90,1,13.53,111.95
585,multiplas_emergencias,PREEMPCAO,37,VE_ROTA_VE_TRANSVERSAL_02,policia,228.80,2.90,2,10.90,90.26
585,multiplas_emergencias,PREEMPCAO,37,VE_ROTA_VE_CORREDOR_02,policia,292.20,0.00,0,15.32,73.21
585,multiplas_emergencias,PREEMPCAO,37,VE_ROTA_VE_TRANSVERSAL_03,ambulancia,188.70,0.00,0,13.21,50.21
585,multiplas_emergencias,PREEMPCAO,37,VE_ROTA_VE_CORREDOR_03,ambulancia,307.50,7.10,1,14.56,88.50
585,multiplas_emergencias,PREEMPCAO,37,VE_ROTA_VE_TRANSVERSAL_04,bombeiro,187.00,24.20,3,13.32,48.63
585,multiplas_emergencias,PREEMPCAO,37,VE_ROTA_VE_CORREDOR_04,bombeiro,281.00,4.40,2,15.93,62.16
585,multiplas_emergencias,PREEMPCAO,37,VE_ROTA_VE_TRANSVERSAL_05,policia,215.10,0.40,1,11.60,76.54
586,multiplas_emergencias,PREEMPCAO_COMPENSADA,37,VE_ROTA_VE_TRANSVERSAL_00,ambulancia,207.40,4.40,1,12.02,68.86
586,multiplas_emergencias,PREEMPCAO_COMPENSADA,37,VE_ROTA_VE_CORREDOR_00,ambulancia,349.80,9.70,2,12.80,130.78
586,multiplas_emergencias,PREEMPCAO_COMPENSADA,37,VE_ROTA_VE_TRANSVERSAL_01,bombeiro,166.10,0.00,0,15.00,27.74
586,multiplas_emergencias,PREEMPCAO_COMPENSADA,37,VE_ROTA_VE_CORREDOR_01,bombeiro,283.20,0.00,0,15.80,64.28
586,multiplas_emergencias,PREEMPCAO_COMPENSADA,37,VE_ROTA_VE_TRANSVERSAL_02,policia,205.40,17.40,2,12.14,66.80
586,multiplas_emergencias,PREEMPCAO_COMPENSADA,37,VE_ROTA_VE_CORREDOR_02,policia,344.00,14.20,1,13.02,124.97
586,multiplas_emergencias,PREEMPCAO_COMPENSADA,37,VE_ROTA_VE_TRANSVERSAL_03,ambulancia,224.90,9.10,2,11.09,86.39
586,multiplas_emergencias,PREEMPCAO_COMPENSADA,37,VE_ROTA_VE_CORREDOR_03,ambulancia,299.40,1.90,1,14.95,80.48
586,multiplas_emergencias,PREEMPCAO_COMPENSADA,37,VE_ROTA_VE_TRANSVERSAL_04,bombeiro,197.10,5.60,1,12.64,58.69
586,multiplas_emergencias,PREEMPCAO_COMPENSADA,37,VE_ROTA_VE_CORREDOR_04,bombeiro,278.80,1.50,1,16.05,59.86
586,multiplas_emergencias,PREEMPCAO_COMPENSADA,37,VE_ROTA_VE_TRANSVERSAL_05,policia,173.90,13.70,1,14.34,35.36
587,multiplas_emergencias,PREEMPCAO_ML,37,VE_ROTA_VE_TRANSVERSAL_00,ambulancia,246.80,4.90,1,10.10,108.26
587,multiplas_emergencias,PREEMPCAO_ML,37,VE_ROTA_VE_CORREDOR_00,ambulancia,318.90,0.00,0,14.04,99.95
587,multiplas_emergencias,PREEMPCAO_ML,37,VE_ROTA_VE_TRANSVERSAL_01,bombeiro,206.10,17.20,2,12.09,67.75
587,multiplas_emergencias,PREEMPCAO_ML,37,VE_ROTA_VE_CORREDOR_01,bombeiro,269.50,0.00,0,16.61,50.58
587,multiplas_emergencias,PREEMPCAO_ML,37,VE_ROTA_VE_TRANSVERSAL_02,policia,198.20,5.10,2,12.58,59.62
587,multiplas_emergencias,PREEMPCAO_ML,37,VE_ROTA_VE_CORREDOR_02,policia,315.00,0.00,0,14.22,96.08
587,multiplas_emergencias,PREEMPCAO_ML,37,VE_ROTA_VE_TRANSVERSAL_03,ambulancia,222.70,9.10,2,11.20,84.16
587,multiplas_emergencias,PREEMPCAO_ML,37,VE_ROTA_VE_CORREDOR_03,ambulancia,315.10,0.00,0,14.21,96.13
587,multiplas_emergencias,PREEMPCAO_ML,37,VE_ROTA_VE_TRANSVERSAL_04,bombeiro,192.50,7.50,1,12.94,54.14
587,multiplas_emergencias,PREEMPCAO_ML,37,VE_ROTA_VE_CORREDOR_04,bombeiro,277.60,3.90,1,16.12,58.66
587,multiplas_emergencias,PREEMPCAO_ML,37,VE_ROTA_VE_TRANSVERSAL_05,policia,225.20,10.20,2,11.08,86.61
588,leve,FIXO,38,VE_ROTA_VE_CORREDOR_00,ambulancia,510.40,159.40,7,8.77,291.45
588,leve,FIXO,38,VE_ROTA_VE_CORREDOR_01,bombeiro,469.70,118.80,5,9.53,250.85
588,leve,FIXO,38,VE_ROTA_VE_CORREDOR_02,policia,501.60,142.20,7,8.93,282.62
588,leve,FIXO,38,VE_ROTA_VE_CORREDOR_03,ambulancia,460.90,113.70,5,9.71,241.90
588,leve,FIXO,38,VE_ROTA_VE_CORREDOR_04,bombeiro,424.10,86.90,5,10.55,205.17
589,leve,PREEMPCAO,38,VE_ROTA_VE_CORREDOR_00,ambulancia,318.80,0.70,1,14.04,99.77
589,leve,PREEMPCAO,38,VE_ROTA_VE_CORREDOR_01,bombeiro,256.20,3.80,1,17.47,37.35
589,leve,PREEMPCAO,38,VE_ROTA_VE_CORREDOR_02,policia,263.90,0.00,0,16.97,44.86
589,leve,PREEMPCAO,38,VE_ROTA_VE_CORREDOR_03,ambulancia,286.80,0.00,0,15.61,67.89
589,leve,PREEMPCAO,38,VE_ROTA_VE_CORREDOR_04,bombeiro,227.30,0.00,0,19.69,8.38
589,leve,PREEMPCAO,38,VE_ROTA_VE_CORREDOR_05,policia,263.40,2.70,1,17.00,44.37
590,leve,PREEMPCAO_COMPENSADA,38,VE_ROTA_VE_CORREDOR_00,ambulancia,318.70,0.70,1,14.05,99.69
590,leve,PREEMPCAO_COMPENSADA,38,VE_ROTA_VE_CORREDOR_01,bombeiro,275.90,0.00,0,16.22,56.97
590,leve,PREEMPCAO_COMPENSADA,38,VE_ROTA_VE_CORREDOR_02,policia,230.70,2.20,1,19.41,11.66
590,leve,PREEMPCAO_COMPENSADA,38,VE_ROTA_VE_CORREDOR_03,ambulancia,284.70,0.00,0,15.73,65.78
590,leve,PREEMPCAO_COMPENSADA,38,VE_ROTA_VE_CORREDOR_04,bombeiro,240.60,0.00,0,18.60,21.63
590,leve,PREEMPCAO_COMPENSADA,38,VE_ROTA_VE_CORREDOR_05,policia,275.00,1.70,2,16.28,55.94
591,moderado,FIXO,38,VE_ROTA_VE_CORREDOR_00,ambulancia,458.60,65.30,5,9.76,239.58
591,moderado,FIXO,38,VE_ROTA_VE_CORREDOR_01,bombeiro,479.30,93.10,5,9.34,260.42
591,moderado,FIXO,38,VE_ROTA_VE_CORREDOR_02,policia,518.50,107.00,8,8.64,299.49
591,moderado,FIXO,38,VE_ROTA_VE_CORREDOR_03,ambulancia,474.30,43.50,5,9.44,255.24
591,moderado,FIXO,38,VE_ROTA_VE_CORREDOR_04,bombeiro,500.50,96.10,6,8.94,281.53
592,moderado,PREEMPCAO,38,VE_ROTA_VE_CORREDOR_00,ambulancia,327.10,0.00,0,13.69,108.12
592,moderado,PREEMPCAO,38,VE_ROTA_VE_CORREDOR_01,bombeiro,317.00,0.00,0,14.12,98.08
592,moderado,PREEMPCAO,38,VE_ROTA_VE_CORREDOR_02,policia,289.70,0.00,0,15.46,70.70
592,moderado,PREEMPCAO,38,VE_ROTA_VE_CORREDOR_03,ambulancia,309.60,0.00,0,14.46,90.65
592,moderado,PREEMPCAO,38,VE_ROTA_VE_CORREDOR_04,bombeiro,279.80,0.00,0,15.99,60.90
592,moderado,PREEMPCAO,38,VE_ROTA_VE_CORREDOR_05,policia,299.00,0.00,0,14.98,79.93
593,moderado,PREEMPCAO_COMPENSADA,38,VE_ROTA_VE_CORREDOR_00,ambulancia,327.00,0.00,0,13.69,108.06
593,moderado,PREEMPCAO_COMPENSADA,38,VE_ROTA_VE_CORREDOR_01,bombeiro,281.60,3.30,1,15.89,62.67
593,moderado,PREEMPCAO_COMPENSADA,38,VE_ROTA_VE_CORREDOR_02,policia,287.80,0.00,0,15.56,68.79
593,moderado,PREEMPCAO_COMPENSADA,38,VE_ROTA_VE_CORREDOR_03,ambulancia,317.00,0.00,0,14.12,98.05
593,moderado,PREEMPCAO_COMPENSADA,38,VE_ROTA_VE_CORREDOR_04,bombeiro,292.90,0.00,0,15.28,73.99
593,moderado,PREEMPCAO_COMPENSADA,38,VE_ROTA_VE_CORREDOR_05,policia,274.20,0.00,0,16.33,55.21
594,intenso,FIXO,38,VE_ROTA_VE_CORREDOR_00,ambulancia,607.90,66.60,5,7.37,388.92
594,intenso,FIXO,38,VE_ROTA_VE_CORREDOR_01,bombeiro,486.50,43.40,5,9.20,267.65
594,intenso,FIXO,38,VE_ROTA_VE_CORREDOR_02,policia,565.90,172.80,7,7.91,346.84
594,intenso,FIXO,38,VE_ROTA_VE_CORREDOR_03,ambulancia,482.40,59.60,5,9.28,263.45
594,intenso,FIXO,38,VE_ROTA_VE_CORREDOR_04,bombeiro,512.00,33.60,5,8.74,293.15
595,intenso,PREEMPCAO,38,VE_ROTA_VE_CORREDOR_00,ambulancia,500.70,10.30,1,8.94,281.71
595,intenso,PREEMPCAO,38,VE_ROTA_VE_CORREDOR_01,bombeiro,386.60,13.80,1,11.58,167.68
595,intenso,PREEMPCAO,38,VE_ROTA_VE_CORREDOR_02,policia,384.20,0.00,0,11.65,165.22
595,intenso,PREEMPCAO,38,VE_ROTA_VE_CORREDOR_03,ambulancia,352.80,0.50,1,12.69,133.84
595,intenso,PREEMPCAO,38,VE_ROTA_VE_CORREDOR_04,bombeiro,384.00,0.00,0,11.65,165.13
596,intenso,PREEMPCAO_COMPENSADA,38,VE_ROTA_VE_CORREDOR_00,ambulancia,506.20,0.00,0,8.84,287.18
596,intenso,PREEMPCAO_COMPENSADA,38,VE_ROTA_VE_CORREDOR_01,bombeiro,404.60,0.00,0,11.06,185.67
596,intenso,PREEMPCAO_COMPENSADA,38,VE_ROTA_VE_CORREDOR_02,policia,378.60,0.00,0,11.83,159.59
596,intenso,PREEMPCAO_COMPENSADA,38,VE_ROTA_VE_CORREDOR_03,ambulancia,347.30,0.00,0,12.89,128.23
596,intenso,PREEMPCAO_COMPENSADA,38,VE_ROTA_VE_CORREDOR_04,bombeiro,369.60,0.60,1,12.11,150.73
597,multiplas_emergencias,FIXO,38,VE_ROTA_VE_TRANSVERSAL_00,ambulancia,294.10,45.70,4,8.48,155.59
597,multiplas_emergencias,FIXO,38,VE_ROTA_VE_CORREDOR_00,ambulancia,460.80,64.80,5,9.72,241.85
597,multiplas_emergencias,FIXO,38,VE_ROTA_VE_TRANSVERSAL_01,bombeiro,264.10,32.80,3,9.43,125.71
597,multiplas_emergencias,FIXO,38,VE_ROTA_VE_CORREDOR_01,bombeiro,481.50,86.50,5,9.29,262.70
597,multiplas_emergencias,FIXO,38,VE_ROTA_VE_TRANSVERSAL_02,policia,291.20,83.10,4,8.57,152.64
597,multiplas_emergencias,FIXO,38,VE_ROTA_VE_CORREDOR_02,policia,518.60,107.10,8,8.63,299.68
597,multiplas_emergencias,FIXO,38,VE_ROTA_VE_TRANSVERSAL_03,ambulancia,249.20,11.40,1,10.01,110.62
597,multiplas_emergencias,FIXO,38,VE_ROTA_VE_CORREDOR_03,ambulancia,474.30,43.90,5,9.44,255.26
597,multiplas_emergencias,FIXO,38,VE_ROTA_VE_TRANSVERSAL_04,bombeiro,286.60,43.20,5,8.69,148.20
597,multiplas_emergencias,FIXO,38,VE_ROTA_VE_CORREDOR_04,bombeiro,500.60,95.90,6,8.94,281.70
597,multiplas_emergencias,FIXO,38,VE_ROTA_VE_TRANSVERSAL_05,policia,239.10,37.60,3,10.43,100.53
598,multiplas_emergencias,PREEMPCAO,38,VE_ROTA_VE_TRANSVERSAL_00,ambulancia,228.70,5.90,1,10.90,90.14
598,multiplas_emergencias,PREEMPCAO,38,VE_ROTA_VE_CORREDOR_00,ambulancia,350.50,1.50,1,12.77,131.60
598,multiplas_emergencias,PREEMPCAO,38,VE_ROTA_VE_TRANSVERSAL_01,bombeiro,182.50,1.60,1,13.65,44.06
598,multiplas_emergencias,PREEMPCAO,38,VE_ROTA_VE_CORREDOR_01,bombeiro,311.90,0.00,0,14.35,92.98
598,multiplas_emergencias,PREEMPCAO,38,VE_ROTA_VE_TRANSVERSAL_02,policia,188.20,0.00,0,13.25,49.62
598,multiplas_emergencias,PREEMPCAO,38,VE_ROTA_VE_CORREDOR_02,policia,290.00,0.00,0,15.44,70.97
598,multiplas_emergencias,PREEMPCAO,38,VE_ROTA_VE_TRANSVERSAL_03,ambulancia,203.90,0.00,0,12.23,65.38
598,multiplas_emergencias,PREEMPCAO,38,VE_ROTA_VE_CORREDOR_03,ambulancia,315.50,0.00,0,14.19,96.48
598,multiplas_emergencias,PREEMPCAO,38,VE_ROTA_VE_TRANSVERSAL_04,bombeiro,212.50,16.00,2,11.73,74.14
598,multiplas_emergencias,PREEMPCAO,38,VE_ROTA_VE_CORREDOR_04,bombeiro,306.50,6.70,1,14.60,87.64
598,multiplas_emergencias,PREEMPCAO,38,VE_ROTA_VE_TRANSVERSAL_05,policia,214.10,15.40,1,11.65,75.50
598,multiplas_emergencias,PREEMPCAO,38,VE_ROTA_VE_CORREDOR_05,policia,286.70,0.00,0,15.62,67.59
599,multiplas_emergencias,PREEMPCAO_COMPENSADA,38,VE_ROTA_VE_TRANSVERSAL_00,ambulancia,228.20,5.90,1,10.93,89.72
599,multiplas_emergencias,PREEMPCAO_COMPENSADA,38,VE_ROTA_VE_CORREDOR_00,ambulancia,358.80,1.50,1,12.48,139.84
599,multiplas_emergencias,PREEMPCAO_COMPENSADA,38,VE_ROTA_VE_TRANSVERSAL_01,bombeiro,185.10,0.00,0,13.46,46.77
599,multiplas_emergencias,PREEMPCAO_COMPENSADA,38,VE_ROTA_VE_CORREDOR_01,bombeiro,289.50,0.00,0,15.46,70.61
599,multiplas_emergencias,PREEMPCAO_COMPENSADA,38,VE_ROTA_VE_TRANSVERSAL_02,policia,186.80,3.70,1,13.35,48.20
599,multiplas_emergencias,PREEMPCAO_COMPENSADA,38,VE_ROTA_VE_CORREDOR_02,policia,308.50,0.00,0,14.51,89.46
599,multiplas_emergencias,PREEMPCAO_COMPENSADA,38,VE_ROTA_VE_TRANSVERSAL_03,ambulancia,168.10,0.00,0,14.83,29.61
599,multiplas_emergencias,PREEMPCAO_COMPENSADA,38,VE_ROTA_VE_CORREDOR_03,ambulancia,304.10,0.00,0,14.72,85.07
599,multiplas_emergencias,PREEMPCAO_COMPENSADA,38,VE_ROTA_VE_TRANSVERSAL_04,bombeiro,191.30,12.30,2,13.02,52.91
599,multiplas_emergencias,PREEMPCAO_COMPENSADA,38,VE_ROTA_VE_CORREDOR_04,bombeiro,309.40,0.00,0,14.46,90.54
599,multiplas_emergencias,PREEMPCAO_COMPENSADA,38,VE_ROTA_VE_TRANSVERSAL_05,policia,203.80,21.50,2,12.24,65.19
599,multiplas_emergencias,PREEMPCAO_COMPENSADA,38,VE_ROTA_VE_CORREDOR_05,policia,293.40,12.20,1,15.26,74.38
600,multiplas_emergencias,PREEMPCAO_ML,38,VE_ROTA_VE_TRANSVERSAL_00,ambulancia,221.50,0.00,0,11.26,82.95
600,multiplas_emergencias,PREEMPCAO_ML,38,VE_ROTA_VE_CORREDOR_00,ambulancia,378.10,23.10,2,11.84,159.04
600,multiplas_emergencias,PREEMPCAO_ML,38,VE_ROTA_VE_TRANSVERSAL_01,bombeiro,212.30,24.10,3,11.74,73.87
600,multiplas_emergencias,PREEMPCAO_ML,38,VE_ROTA_VE_CORREDOR_01,bombeiro,299.90,0.00,0,14.92,81.01
600,multiplas_emergencias,PREEMPCAO_ML,38,VE_ROTA_VE_TRANSVERSAL_02,policia,184.70,3.30,1,13.50,46.11
600,multiplas_emergencias,PREEMPCAO_ML,38,VE_ROTA_VE_CORREDOR_02,policia,313.80,8.10,1,14.27,94.86
600,multiplas_emergencias,PREEMPCAO_ML,38,VE_ROTA_VE_TRANSVERSAL_03,ambulancia,200.80,0.00,0,12.42,62.32
600,multiplas_emergencias,PREEMPCAO_ML,38,VE_ROTA_VE_CORREDOR_03,ambulancia,318.60,0.00,0,14.05,99.53
600,multiplas_emergencias,PREEMPCAO_ML,38,VE_ROTA_VE_TRANSVERSAL_04,bombeiro,196.30,13.70,2,12.69,57.89
600,multiplas_emergencias,PREEMPCAO_ML,38,VE_ROTA_VE_CORREDOR_04,bombeiro,275.70,0.00,0,16.23,56.81
600,multiplas_emergencias,PREEMPCAO_ML,38,VE_ROTA_VE_TRANSVERSAL_05,policia,199.20,32.20,3,12.52,60.59
600,multiplas_emergencias,PREEMPCAO_ML,38,VE_ROTA_VE_CORREDOR_05,policia,293.40,0.00,0,15.26,74.40
601,leve,FIXO,39,VE_ROTA_VE_CORREDOR_00,ambulancia,374.00,78.20,4,11.97,154.98
601,leve,FIXO,39,VE_ROTA_VE_CORREDOR_01,bombeiro,475.00,125.70,6,9.42,256.08
601,leve,FIXO,39,VE_ROTA_VE_CORREDOR_02,policia,438.00,85.70,6,10.22,219.00
601,leve,FIXO,39,VE_ROTA_VE_CORREDOR_03,ambulancia,400.20,69.70,4,11.19,181.22
601,leve,FIXO,39,VE_ROTA_VE_CORREDOR_04,bombeiro,493.70,126.50,6,9.06,274.83
602,leve,PREEMPCAO,39,VE_ROTA_VE_CORREDOR_00,ambulancia,284.70,2.30,1,15.73,65.74
602,leve,PREEMPCAO,39,VE_ROTA_VE_CORREDOR_01,bombeiro,280.70,0.80,1,15.94,61.84
602,leve,PREEMPCAO,39,VE_ROTA_VE_CORREDOR_02,policia,252.20,4.40,1,17.75,33.18
602,leve,PREEMPCAO,39,VE_ROTA_VE_CORREDOR_03,ambulancia,270.50,0.00,0,16.55,51.48
602,leve,PREEMPCAO,39,VE_ROTA_VE_CORREDOR_04,bombeiro,237.00,0.20,1,18.88,18.09
602,leve,PREEMPCAO,39,VE_ROTA_VE_CORREDOR_05,policia,257.80,0.00,0,17.37,38.77
603,leve,PREEMPCAO_COMPENSADA,39,VE_ROTA_VE_CORREDOR_00,ambulancia,287.00,2.30,1,15.60,68.03
603,leve,PREEMPCAO_COMPENSADA,39,VE_ROTA_VE_CORREDOR_01,bombeiro,267.30,4.80,1,16.74,48.36
603,leve,PREEMPCAO_COMPENSADA,39,VE_ROTA_VE_CORREDOR_02,policia,253.40,0.00,0,17.67,34.41
603,leve,PREEMPCAO_COMPENSADA,39,VE_ROTA_VE_CORREDOR_03,ambulancia,275.80,0.00,0,16.23,56.76
603,leve,PREEMPCAO_COMPENSADA,39,VE_ROTA_VE_CORREDOR_04,bombeiro,254.40,1.20,1,17.59,35.48
603,leve,PREEMPCAO_COMPENSADA,39,VE_ROTA_VE_CORREDOR_05,policia,273.70,0.00,0,16.36,54.69
604,moderado,FIXO,39,VE_ROTA_VE_CORREDOR_00,ambulancia,443.90,72.60,5,10.09,224.94
604,moderado,FIXO,39,VE_ROTA_VE_CORREDOR_01,bombeiro,479.10,64.40,5,9.34,260.16
604,moderado,FIXO,39,VE_ROTA_VE_CORREDOR_02,policia,502.00,134.90,6,8.92,282.95
604,moderado,FIXO,39,VE_ROTA_VE_CORREDOR_03,ambulancia,478.00,52.10,5,9.37,258.97
604,moderado,FIXO,39,VE_ROTA_VE_CORREDOR_04,bombeiro,496.30,99.80,6,9.02,277.39
605,moderado,PREEMPCAO,39,VE_ROTA_VE_CORREDOR_00,ambulancia,325.70,0.00,0,13.75,106.67
605,moderado,PREEMPCAO,39,VE_ROTA_VE_CORREDOR_01,bombeiro,331.60,0.00,0,13.50,112.68
605,moderado,PREEMPCAO,39,VE_ROTA_VE_CORREDOR_02,policia,331.10,0.80,1,13.52,112.04
605,moderado,PREEMPCAO,39,VE_ROTA_VE_CORREDOR_03,ambulancia,288.90,0.00,0,15.50,69.92
605,moderado,PREEMPCAO,39,VE_ROTA_VE_CORREDOR_04,bombeiro,331.70,0.40,1,13.49,112.84
606,moderado,PREEMPCAO_COMPENSADA,39,VE_ROTA_VE_CORREDOR_00,ambulancia,325.60,0.00,0,13.75,106.51
606,moderado,PREEMPCAO_COMPENSADA,39,VE_ROTA_VE_CORREDOR_01,bombeiro,305.90,0.00,0,14.63,87.02
606,moderado,PREEMPCAO_COMPENSADA,39,VE_ROTA_VE_CORREDOR_02,policia,287.50,2.10,1,15.57,68.42
606,moderado,PREEMPCAO_COMPENSADA,39,VE_ROTA_VE_CORREDOR_03,ambulancia,277.20,0.00,0,16.15,58.19
606,moderado,PREEMPCAO_COMPENSADA,39,VE_ROTA_VE_CORREDOR_04,bombeiro,322.90,0.00,0,13.86,104.02
606,moderado,PREEMPCAO_COMPENSADA,39,VE_ROTA_VE_CORREDOR_05,policia,299.50,0.00,0,14.95,80.56
607,intenso,FIXO,39,VE_ROTA_VE_CORREDOR_00,ambulancia,528.00,97.70,6,8.48,308.99
607,intenso,FIXO,39,VE_ROTA_VE_CORREDOR_01,bombeiro,483.50,49.90,5,9.26,264.57
607,intenso,FIXO,39,VE_ROTA_VE_CORREDOR_02,policia,591.50,103.70,7,7.57,372.46
607,intenso,FIXO,39,VE_ROTA_VE_CORREDOR_03,ambulancia,517.10,136.10,6,8.66,298.15
607,intenso,FIXO,39,VE_ROTA_VE_CORREDOR_04,bombeiro,510.20,36.00,5,8.77,291.32
608,intenso,PREEMPCAO,39,VE_ROTA_VE_CORREDOR_00,ambulancia,434.60,6.30,1,10.30,215.64
608,intenso,PREEMPCAO,39,VE_ROTA_VE_CORREDOR_01,bombeiro,378.60,0.00,0,11.82,159.64
608,intenso,PREEMPCAO,39,VE_ROTA_VE_CORREDOR_02,policia,388.30,0.00,0,11.53,169.31
608,intenso,PREEMPCAO,39,VE_ROTA_VE_CORREDOR_03,ambulancia,363.20,0.00,0,12.33,144.18
608,intenso,PREEMPCAO,39,VE_ROTA_VE_CORREDOR_04,bombeiro,395.00,0.00,0,11.33,176.12
609,intenso,PREEMPCAO_COMPENSADA,39,VE_ROTA_VE_CORREDOR_00,ambulancia,434.60,6.50,1,10.30,215.61
609,intenso,PREEMPCAO_COMPENSADA,39,VE_ROTA_VE_CORREDOR_01,bombeiro,354.20,0.00,0,12.63,135.30
609,intenso,PREEMPCAO_COMPENSADA,39,VE_ROTA_VE_CORREDOR_02,policia,356.90,0.00,0,12.55,137.92
609,intenso,PREEMPCAO_COMPENSADA,39,VE_ROTA_VE_CORREDOR_03,ambulancia,365.30,0.00,0,12.26,146.32
609,intenso,PREEMPCAO_COMPENSADA,39,VE_ROTA_VE_CORREDOR_04,bombeiro,338.60,0.00,0,13.22,119.69
610,multiplas_emergencias,FIXO,39,VE_ROTA_VE_TRANSVERSAL_00,ambulancia,301.60,59.80,4,8.27,163.03
610,multiplas_emergencias,FIXO,39,VE_ROTA_VE_CORREDOR_00,ambulancia,444.60,71.50,5,10.07,225.57
610,multiplas_emergencias,FIXO,39,VE_ROTA_VE_TRANSVERSAL_01,bombeiro,258.20,39.20,3,9.65,119.83
610,multiplas_emergencias,FIXO,39,VE_ROTA_VE_CORREDOR_01,bombeiro,482.30,60.80,5,9.28,263.38
610,multiplas_emergencias,FIXO,39,VE_ROTA_VE_TRANSVERSAL_02,policia,291.80,60.60,4,8.55,153.24
610,multiplas_emergencias,FIXO,39,VE_ROTA_VE_CORREDOR_02,policia,501.90,135.30,6,8.92,282.90
610,multiplas_emergencias,FIXO,39,VE_ROTA_VE_TRANSVERSAL_03,ambulancia,246.30,31.30,2,10.12,107.74
610,multiplas_emergencias,FIXO,39,VE_ROTA_VE_CORREDOR_03,ambulancia,470.50,63.40,5,9.52,251.48
610,multiplas_emergencias,FIXO,39,VE_ROTA_VE_TRANSVERSAL_04,bombeiro,272.90,55.40,4,9.13,134.53
610,multiplas_emergencias,FIXO,39,VE_ROTA_VE_CORREDOR_04,bombeiro,496.30,99.90,6,9.02,277.32
611,multiplas_emergencias,PREEMPCAO,39,VE_ROTA_VE_TRANSVERSAL_00,ambulancia,197.40,1.80,1,12.63,58.87
611,multiplas_emergencias,PREEMPCAO,39,VE_ROTA_VE_CORREDOR_00,ambulancia,330.90,5.40,1,13.53,111.99
611,multiplas_emergencias,PREEMPCAO,39,VE_ROTA_VE_TRANSVERSAL_01,bombeiro,198.20,20.90,1,12.57,59.78
611,multiplas_emergencias,PREEMPCAO,39,VE_ROTA_VE_CORREDOR_01,bombeiro,329.90,1.70,1,13.57,110.99
611,multiplas_emergencias,PREEMPCAO,39,VE_ROTA_VE_TRANSVERSAL_02,policia,190.90,0.00,0,13.07,52.40
611,multiplas_emergencias,PREEMPCAO,39,VE_ROTA_VE_CORREDOR_02,policia,304.30,0.00,0,14.71,85.30
611,multiplas_emergencias,PREEMPCAO,39,VE_ROTA_VE_TRANSVERSAL_03,ambulancia,202.70,5.10,1,12.30,64.13
611,multiplas_emergencias,PREEMPCAO,39,VE_ROTA_VE_CORREDOR_03,ambulancia,268.60,0.00,0,16.67,49.61
611,multiplas_emergencias,PREEMPCAO,39,VE_ROTA_VE_TRANSVERSAL_04,bombeiro,187.80,1.60,1,13.27,49.42
611,multiplas_emergencias,PREEMPCAO,39,VE_ROTA_VE_CORREDOR_04,bombeiro,348.10,0.50,1,12.86,129.24
611,multiplas_emergencias,PREEMPCAO,39,VE_ROTA_VE_TRANSVERSAL_05,policia,250.70,25.30,2,9.95,112.13
612,multiplas_emergencias,PREEMPCAO_COMPENSADA,39,VE_ROTA_VE_TRANSVERSAL_00,ambulancia,197.30,1.80,1,12.64,58.79
612,multiplas_emergencias,PREEMPCAO_COMPENSADA,39,VE_ROTA_VE_CORREDOR_00,ambulancia,331.30,5.40,1,13.51,112.34
612,multiplas_emergencias,PREEMPCAO_COMPENSADA,39,VE_ROTA_VE_TRANSVERSAL_01,bombeiro,181.50,0.00,0,13.73,43.10
612,multiplas_emergencias,PREEMPCAO_COMPENSADA,39,VE_ROTA_VE_CORREDOR_01,bombeiro,313.80,0.00,0,14.26,94.86
612,multiplas_emergencias,PREEMPCAO_COMPENSADA,39,VE_ROTA_VE_TRANSVERSAL_02,policia,175.80,0.00,0,14.19,37.21
612,multiplas_emergencias,PREEMPCAO_COMPENSADA,39,VE_ROTA_VE_CORREDOR_02,policia,287.10,1.80,1,15.60,68.09
612,multiplas_emergencias,PREEMPCAO_COMPENSADA,39,VE_ROTA_VE_TRANSVERSAL_03,ambulancia,196.80,9.70,2,12.67,58.30
612,multiplas_emergencias,PREEMPCAO_COMPENSADA,39,VE_ROTA_VE_CORREDOR_03,ambulancia,332.10,4.80,1,13.48,113.07
612,multiplas_emergencias,PREEMPCAO_COMPENSADA,39,VE_ROTA_VE_TRANSVERSAL_04,bombeiro,193.80,15.00,1,12.86,55.44
612,multiplas_emergencias,PREEMPCAO_COMPENSADA,39,VE_ROTA_VE_CORREDOR_04,bombeiro,308.30,0.00,0,14.52,89.42
612,multiplas_emergencias,PREEMPCAO_COMPENSADA,39,VE_ROTA_VE_TRANSVERSAL_05,policia,205.40,4.10,1,12.14,66.81
612,multiplas_emergencias,PREEMPCAO_COMPENSADA,39,VE_ROTA_VE_CORREDOR_05,policia,291.00,0.00,0,15.39,71.97
613,multiplas_emergencias,PREEMPCAO_ML,39,VE_ROTA_VE_TRANSVERSAL_00,ambulancia,197.40,7.00,1,12.63,58.82
613,multiplas_emergencias,PREEMPCAO_ML,39,VE_ROTA_VE_CORREDOR_00,ambulancia,333.00,10.50,1,13.45,114.04
613,multiplas_emergencias,PREEMPCAO_ML,39,VE_ROTA_VE_TRANSVERSAL_01,bombeiro,194.80,19.20,1,12.79,56.39
613,multiplas_emergencias,PREEMPCAO_ML,39,VE_ROTA_VE_CORREDOR_01,bombeiro,284.30,0.00,0,15.74,65.44
613,multiplas_emergencias,PREEMPCAO_ML,39,VE_ROTA_VE_TRANSVERSAL_02,policia,198.40,21.70,2,12.57,59.86
613,multiplas_emergencias,PREEMPCAO_ML,39,VE_ROTA_VE_CORREDOR_02,policia,283.00,0.00,0,15.82,63.91
613,multiplas_emergencias,PREEMPCAO_ML,39,VE_ROTA_VE_TRANSVERSAL_03,ambulancia,216.30,16.80,1,11.53,77.76
613,multiplas_emergencias,PREEMPCAO_ML,39,VE_ROTA_VE_CORREDOR_03,ambulancia,293.70,0.00,0,15.24,74.72
613,multiplas_emergencias,PREEMPCAO_ML,39,VE_ROTA_VE_TRANSVERSAL_04,bombeiro,166.10,0.00,0,15.00,27.72
613,multiplas_emergencias,PREEMPCAO_ML,39,VE_ROTA_VE_CORREDOR_04,bombeiro,324.50,0.40,1,13.79,105.61
613,multiplas_emergencias,PREEMPCAO_ML,39,VE_ROTA_VE_TRANSVERSAL_05,policia,190.60,0.00,0,13.09,52.08
614,leve,FIXO,40,VE_ROTA_VE_CORREDOR_00,ambulancia,446.30,103.00,6,10.03,227.36
614,leve,FIXO,40,VE_ROTA_VE_CORREDOR_01,bombeiro,474.00,111.00,5,9.44,255.03
614,leve,FIXO,40,VE_ROTA_VE_CORREDOR_02,policia,496.00,150.00,6,9.03,276.92
614,leve,FIXO,40,VE_ROTA_VE_CORREDOR_03,ambulancia,457.60,113.20,5,9.78,238.59
614,leve,FIXO,40,VE_ROTA_VE_CORREDOR_04,bombeiro,494.40,106.00,6,9.05,275.49
615,leve,PREEMPCAO,40,VE_ROTA_VE_CORREDOR_00,ambulancia,295.30,2.30,1,15.16,76.33
615,leve,PREEMPCAO,40,VE_ROTA_VE_CORREDOR_01,bombeiro,283.50,0.00,0,15.79,64.56
615,leve,PREEMPCAO,40,VE_ROTA_VE_CORREDOR_02,policia,285.80,0.00,0,15.67,66.77
615,leve,PREEMPCAO,40,VE_ROTA_VE_CORREDOR_03,ambulancia,256.00,0.00,0,17.49,37.00
615,leve,PREEMPCAO,40,VE_ROTA_VE_CORREDOR_04,bombeiro,278.60,0.40,1,16.06,59.69
615,leve,PREEMPCAO,40,VE_ROTA_VE_CORREDOR_05,policia,241.80,0.00,0,18.52,22.72
616,leve,PREEMPCAO_COMPENSADA,40,VE_ROTA_VE_CORREDOR_00,ambulancia,295.20,2.30,1,15.17,76.23
616,leve,PREEMPCAO_COMPENSADA,40,VE_ROTA_VE_CORREDOR_01,bombeiro,279.40,2.50,1,16.02,60.47
616,leve,PREEMPCAO_COMPENSADA,40,VE_ROTA_VE_CORREDOR_02,policia,288.60,0.00,0,15.52,69.62
616,leve,PREEMPCAO_COMPENSADA,40,VE_ROTA_VE_CORREDOR_03,ambulancia,240.60,0.00,0,18.61,21.59
616,leve,PREEMPCAO_COMPENSADA,40,VE_ROTA_VE_CORREDOR_04,bombeiro,272.00,0.00,0,16.45,53.08
616,leve,PREEMPCAO_COMPENSADA,40,VE_ROTA_VE_CORREDOR_05,policia,278.00,3.50,1,16.11,58.96
617,moderado,FIXO,40,VE_ROTA_VE_CORREDOR_00,ambulancia,450.30,74.00,5,9.94,231.30
617,moderado,FIXO,40,VE_ROTA_VE_CORREDOR_01,bombeiro,485.70,81.20,5,9.21,266.82
617,moderado,FIXO,40,VE_ROTA_VE_CORREDOR_02,policia,447.50,87.10,5,10.01,228.47
617,moderado,FIXO,40,VE_ROTA_VE_CORREDOR_03,ambulancia,480.10,40.70,5,9.33,261.02
617,moderado,FIXO,40,VE_ROTA_VE_CORREDOR_04,bombeiro,428.30,56.10,5,10.45,209.36
618,moderado,PREEMPCAO,40,VE_ROTA_VE_CORREDOR_00,ambulancia,338.00,2.30,1,13.25,118.93
618,moderado,PREEMPCAO,40,VE_ROTA_VE_CORREDOR_01,bombeiro,276.30,0.00,0,16.20,57.40
618,moderado,PREEMPCAO,40,VE_ROTA_VE_CORREDOR_02,policia,309.50,0.00,0,14.47,90.53
618,moderado,PREEMPCAO,40,VE_ROTA_VE_CORREDOR_03,ambulancia,304.80,0.00,0,14.69,85.85
618,moderado,PREEMPCAO,40,VE_ROTA_VE_CORREDOR_04,bombeiro,310.70,6.80,2,14.40,91.86
619,moderado,PREEMPCAO_COMPENSADA,40,VE_ROTA_VE_CORREDOR_00,ambulancia,338.10,2.30,1,13.24,119.14
619,moderado,PREEMPCAO_COMPENSADA,40,VE_ROTA_VE_CORREDOR_01,bombeiro,307.60,0.00,0,14.55,88.74
619,moderado,PREEMPCAO_COMPENSADA,40,VE_ROTA_VE_CORREDOR_02,policia,345.70,4.10,2,12.95,126.65
619,moderado,PREEMPCAO_COMPENSADA,40,VE_ROTA_VE_CORREDOR_03,ambulancia,315.90,0.00,0,14.17,96.92
619,moderado,PREEMPCAO_COMPENSADA,40,VE_ROTA_VE_CORREDOR_04,bombeiro,282.30,0.00,0,15.85,63.38
620,intenso,FIXO,40,VE_ROTA_VE_CORREDOR_00,ambulancia,450.60,83.80,5,9.94,231.62
620,intenso,FIXO,40,VE_ROTA_VE_CORREDOR_01,bombeiro,557.10,120.60,6,8.03,338.18
620,intenso,FIXO,40,VE_ROTA_VE_CORREDOR_02,policia,519.70,50.20,6,8.62,300.66
620,intenso,FIXO,40,VE_ROTA_VE_CORREDOR_03,ambulancia,478.20,38.90,5,9.36,259.15
620,intenso,FIXO,40,VE_ROTA_VE_CORREDOR_04,bombeiro,503.00,71.80,6,8.90,284.10
621,intenso,PREEMPCAO,40,VE_ROTA_VE_CORREDOR_00,ambulancia,423.40,9.50,1,10.57,204.46
621,intenso,PREEMPCAO,40,VE_ROTA_VE_CORREDOR_01,bombeiro,448.80,16.80,2,9.97,229.93
621,intenso,PREEMPCAO,40,VE_ROTA_VE_CORREDOR_02,policia,351.50,0.00,0,12.74,132.53
621,intenso,PREEMPCAO,40,VE_ROTA_VE_CORREDOR_03,ambulancia,424.50,0.00,0,10.55,205.52
621,intenso,PREEMPCAO,40,VE_ROTA_VE_CORREDOR_04,bombeiro,365.60,0.00,0,12.24,146.79
622,intenso,PREEMPCAO_COMPENSADA,40,VE_ROTA_VE_CORREDOR_00,ambulancia,423.50,9.40,1,10.57,204.52
622,intenso,PREEMPCAO_COMPENSADA,40,VE_ROTA_VE_CORREDOR_01,bombeiro,422.60,0.00,0,10.59,203.69
622,intenso,PREEMPCAO_COMPENSADA,40,VE_ROTA_VE_CORREDOR_02,policia,416.80,0.00,0,10.74,197.82
622,intenso,PREEMPCAO_COMPENSADA,40,VE_ROTA_VE_CORREDOR_03,ambulancia,409.80,0.00,0,10.93,190.84
622,intenso,PREEMPCAO_COMPENSADA,40,VE_ROTA_VE_CORREDOR_04,bombeiro,344.20,0.00,0,13.00,125.26
623,multiplas_emergencias,FIXO,40,VE_ROTA_VE_TRANSVERSAL_00,ambulancia,301.60,74.00,4,8.27,163.02
623,multiplas_emergencias,FIXO,40,VE_ROTA_VE_CORREDOR_00,ambulancia,450.20,73.90,5,9.95,231.18
623,multiplas_emergencias,FIXO,40,VE_ROTA_VE_TRANSVERSAL_01,bombeiro,262.30,16.00,2,9.50,123.93
623,multiplas_emergencias,FIXO,40,VE_ROTA_VE_CORREDOR_01,bombeiro,485.80,81.90,5,9.21,266.88
623,multiplas_emergencias,FIXO,40,VE_ROTA_VE_TRANSVERSAL_02,policia,291.80,41.50,4,8.55,153.24
623,multiplas_emergencias,FIXO,40,VE_ROTA_VE_CORREDOR_02,policia,448.30,87.00,5,9.99,229.26
623,multiplas_emergencias,FIXO,40,VE_ROTA_VE_TRANSVERSAL_03,ambulancia,242.00,29.60,3,10.30,103.48
623,multiplas_emergencias,FIXO,40,VE_ROTA_VE_CORREDOR_03,ambulancia,479.90,39.10,5,9.33,260.89
623,multiplas_emergencias,FIXO,40,VE_ROTA_VE_TRANSVERSAL_04,bombeiro,280.50,47.80,4,8.88,142.08
623,multiplas_emergencias,FIXO,40,VE_ROTA_VE_CORREDOR_04,bombeiro,434.50,51.70,7,10.30,215.64
623,multiplas_emergencias,FIXO,40,VE_ROTA_VE_TRANSVERSAL_05,policia,234.20,20.00,1,10.65,95.62
624,multiplas_emergencias,PREEMPCAO,40,VE_ROTA_VE_TRANSVERSAL_00,ambulancia,207.00,0.00,0,12.05,68.47
624,multiplas_emergencias,PREEMPCAO,40,VE_ROTA_VE_CORREDOR_00,ambulancia,360.30,6.40,2,12.43,141.34
624,multiplas_emergencias,PREEMPCAO,40,VE_ROTA_VE_TRANSVERSAL_01,bombeiro,208.60,0.20,1,11.94,70.20
624,multiplas_emergencias,PREEMPCAO,40,VE_ROTA_VE_CORREDOR_01,bombeiro,299.40,0.00,0,14.95,80.52
624,multiplas_emergencias,PREEMPCAO,40,VE_ROTA_VE_TRANSVERSAL_02,policia,216.50,11.20,1,11.52,77.96
624,multiplas_emergencias,PREEMPCAO,40,VE_ROTA_VE_CORREDOR_02,policia,305.80,0.00,0,14.64,86.75
624,multiplas_emergencias,PREEMPCAO,40,VE_ROTA_VE_TRANSVERSAL_03,ambulancia,165.30,0.00,0,15.09,26.81
624,multiplas_emergencias,PREEMPCAO,40,VE_ROTA_VE_CORREDOR_03,ambulancia,328.60,4.80,1,13.63,109.65
624,multiplas_emergencias,PREEMPCAO,40,VE_ROTA_VE_TRANSVERSAL_04,bombeiro,202.80,0.00,0,12.29,64.37
624,multiplas_emergencias,PREEMPCAO,40,VE_ROTA_VE_CORREDOR_04,bombeiro,288.30,4.60,1,15.52,69.37
624,multiplas_emergencias,PREEMPCAO,40,VE_ROTA_VE_TRANSVERSAL_05,policia,199.60,15.50,1,12.50,61.05
625,multiplas_emergencias,PREEMPCAO_COMPENSADA,40,VE_ROTA_VE_TRANSVERSAL_00,ambulancia,207.10,0.00,0,12.04,68.57
625,multiplas_emergencias,PREEMPCAO_COMPENSADA,40,VE_ROTA_VE_CORREDOR_00,ambulancia,361.70,6.40,2,12.38,142.65
625,multiplas_emergencias,PREEMPCAO_COMPENSADA,40,VE_ROTA_VE_TRANSVERSAL_01,bombeiro,227.70,9.10,1,10.94,89.30
625,multiplas_emergencias,PREEMPCAO_COMPENSADA,40,VE_ROTA_VE_CORREDOR_01,bombeiro,304.90,0.00,0,14.68,86.02
625,multiplas_emergencias,PREEMPCAO_COMPENSADA,40,VE_ROTA_VE_TRANSVERSAL_02,policia,219.20,7.00,1,11.38,80.59
625,multiplas_emergencias,PREEMPCAO_COMPENSADA,40,VE_ROTA_VE_CORREDOR_02,policia,298.30,1.40,1,15.01,79.20
625,multiplas_emergencias,PREEMPCAO_COMPENSADA,40,VE_ROTA_VE_TRANSVERSAL_03,ambulancia,171.60,2.60,1,14.53,33.06
625,multiplas_emergencias,PREEMPCAO_COMPENSADA,40,VE_ROTA_VE_CORREDOR_03,ambulancia,290.30,0.00,0,15.42,71.27
625,multiplas_emergencias,PREEMPCAO_COMPENSADA,40,VE_ROTA_VE_TRANSVERSAL_04,bombeiro,183.80,0.00,0,13.56,45.41
625,multiplas_emergencias,PREEMPCAO_COMPENSADA,40,VE_ROTA_VE_CORREDOR_04,bombeiro,306.60,0.00,0,14.60,87.74
625,multiplas_emergencias,PREEMPCAO_COMPENSADA,40,VE_ROTA_VE_TRANSVERSAL_05,policia,206.90,3.50,2,12.05,68.33
626,multiplas_emergencias,PREEMPCAO_ML,40,VE_ROTA_VE_TRANSVERSAL_00,ambulancia,233.00,17.80,3,10.70,94.50
626,multiplas_emergencias,PREEMPCAO_ML,40,VE_ROTA_VE_CORREDOR_00,ambulancia,357.10,2.30,1,12.54,138.10
626,multiplas_emergencias,PREEMPCAO_ML,40,VE_ROTA_VE_TRANSVERSAL_01,bombeiro,217.80,6.40,1,11.44,79.37
626,multiplas_emergencias,PREEMPCAO_ML,40,VE_ROTA_VE_CORREDOR_01,bombeiro,331.20,0.00,0,13.51,112.28
626,multiplas_emergencias,PREEMPCAO_ML,40,VE_ROTA_VE_TRANSVERSAL_02,policia,209.60,11.70,2,11.90,71.08
626,multiplas_emergencias,PREEMPCAO_ML,40,VE_ROTA_VE_CORREDOR_02,policia,319.90,0.00,0,14.00,100.84
626,multiplas_emergencias,PREEMPCAO_ML,40,VE_ROTA_VE_TRANSVERSAL_03,ambulancia,225.50,44.30,3,11.06,86.97
626,multiplas_emergencias,PREEMPCAO_ML,40,VE_ROTA_VE_CORREDOR_03,ambulancia,333.30,0.00,0,13.43,114.27
626,multiplas_emergencias,PREEMPCAO_ML,40,VE_ROTA_VE_TRANSVERSAL_04,bombeiro,200.30,1.50,1,12.44,61.95
626,multiplas_emergencias,PREEMPCAO_ML,40,VE_ROTA_VE_CORREDOR_04,bombeiro,333.80,7.70,2,13.41,114.90
626,multiplas_emergencias,PREEMPCAO_ML,40,VE_ROTA_VE_TRANSVERSAL_05,policia,197.00,7.60,1,12.66,58.44
626,multiplas_emergencias,PREEMPCAO_ML,40,VE_ROTA_VE_CORREDOR_05,policia,299.20,6.90,1,14.97,80.24
627,leve,FIXO,41,VE_ROTA_VE_CORREDOR_00,ambulancia,442.90,101.20,5,10.11,223.88
627,leve,FIXO,41,VE_ROTA_VE_CORREDOR_01,bombeiro,470.80,133.20,5,9.51,251.92
627,leve,FIXO,41,VE_ROTA_VE_CORREDOR_02,policia,425.80,109.60,6,10.52,206.79
627,leve,FIXO,41,VE_ROTA_VE_CORREDOR_03,ambulancia,400.20,102.10,4,11.19,181.26
627,leve,FIXO,41,VE_ROTA_VE_CORREDOR_04,bombeiro,487.90,125.00,6,9.17,268.99
628,leve,PREEMPCAO,41,VE_ROTA_VE_CORREDOR_00,ambulancia,275.90,2.30,1,16.23,56.94
628,leve,PREEMPCAO,41,VE_ROTA_VE_CORREDOR_01,bombeiro,243.60,1.50,1,18.37,24.69
628,leve,PREEMPCAO,41,VE_ROTA_VE_CORREDOR_02,policia,264.00,0.00,0,16.96,44.96
628,leve,PREEMPCAO,41,VE_ROTA_VE_CORREDOR_03,ambulancia,228.10,0.00,0,19.63,9.12
628,leve,PREEMPCAO,41,VE_ROTA_VE_CORREDOR_04,bombeiro,259.00,3.90,1,17.28,40.13
628,leve,PREEMPCAO,41,VE_ROTA_VE_CORREDOR_05,policia,266.10,2.10,1,16.83,47.14
629,leve,PREEMPCAO_COMPENSADA,41,VE_ROTA_VE_CORREDOR_00,ambulancia,275.80,2.30,1,16.23,56.83
629,leve,PREEMPCAO_COMPENSADA,41,VE_ROTA_VE_CORREDOR_01,bombeiro,244.70,1.50,1,18.29,25.81
629,leve,PREEMPCAO_COMPENSADA,41,VE_ROTA_VE_CORREDOR_02,policia,233.80,0.00,0,19.15,14.82
629,leve,PREEMPCAO_COMPENSADA,41,VE_ROTA_VE_CORREDOR_03,ambulancia,242.90,0.00,0,18.43,23.95
629,leve,PREEMPCAO_COMPENSADA,41,VE_ROTA_VE_CORREDOR_04,bombeiro,244.70,0.00,0,18.29,25.81
629,leve,PREEMPCAO_COMPENSADA,41,VE_ROTA_VE_CORREDOR_05,policia,261.10,0.00,0,17.15,42.04
630,moderado,FIXO,41,VE_ROTA_VE_CORREDOR_00,ambulancia,516.90,105.10,6,8.66,297.90
630,moderado,FIXO,41,VE_ROTA_VE_CORREDOR_01,bombeiro,472.40,79.90,5,9.47,253.49
630,moderado,FIXO,41,VE_ROTA_VE_CORREDOR_02,policia,587.90,102.80,8,7.62,368.96
630,moderado,FIXO,41,VE_ROTA_VE_CORREDOR_03,ambulancia,473.20,49.00,5,9.46,254.26
630,moderado,FIXO,41,VE_ROTA_VE_CORREDOR_04,bombeiro,493.30,93.30,6,9.07,274.34
631,moderado,PREEMPCAO,41,VE_ROTA_VE_CORREDOR_00,ambulancia,368.00,0.00,0,12.17,148.99
631,moderado,PREEMPCAO,41,VE_ROTA_VE_CORREDOR_01,bombeiro,318.00,0.00,0,14.07,99.07
631,moderado,PREEMPCAO,41,VE_ROTA_VE_CORREDOR_02,policia,316.00,0.00,0,14.17,96.95
631,moderado,PREEMPCAO,41,VE_ROTA_VE_CORREDOR_03,ambulancia,351.10,2.00,1,12.75,132.08
631,moderado,PREEMPCAO,41,VE_ROTA_VE_CORREDOR_04,bombeiro,304.90,0.00,0,14.68,86.00
632,moderado,PREEMPCAO_COMPENSADA,41,VE_ROTA_VE_CORREDOR_00,ambulancia,367.90,0.00,0,12.17,148.88
632,moderado,PREEMPCAO_COMPENSADA,41,VE_ROTA_VE_CORREDOR_01,bombeiro,350.00,0.00,0,12.79,131.01
632,moderado,PREEMPCAO_COMPENSADA,41,VE_ROTA_VE_CORREDOR_02,policia,378.30,0.50,1,11.84,159.31
632,moderado,PREEMPCAO_COMPENSADA,41,VE_ROTA_VE_CORREDOR_03,ambulancia,353.30,0.00,0,12.67,134.31
632,moderado,PREEMPCAO_COMPENSADA,41,VE_ROTA_VE_CORREDOR_04,bombeiro,332.50,0.00,0,13.46,113.58
632,moderado,PREEMPCAO_COMPENSADA,41,VE_ROTA_VE_CORREDOR_05,policia,292.10,0.00,0,15.33,73.10
633,intenso,FIXO,41,VE_ROTA_VE_CORREDOR_00,ambulancia,520.30,78.40,6,8.61,301.28
633,intenso,FIXO,41,VE_ROTA_VE_CORREDOR_01,bombeiro,479.70,62.00,5,9.33,260.79
633,intenso,FIXO,41,VE_ROTA_VE_CORREDOR_02,policia,594.00,99.00,6,7.54,375.06
633,intenso,FIXO,41,VE_ROTA_VE_CORREDOR_03,ambulancia,551.10,93.90,7,8.12,332.12
633,intenso,FIXO,41,VE_ROTA_VE_CORREDOR_04,bombeiro,502.70,72.30,5,8.90,283.77
634,intenso,PREEMPCAO,41,VE_ROTA_VE_CORREDOR_00,ambulancia,417.10,14.30,1,10.73,198.16
634,intenso,PREEMPCAO,41,VE_ROTA_VE_CORREDOR_01,bombeiro,355.40,0.00,0,12.59,136.51
634,intenso,PREEMPCAO,41,VE_ROTA_VE_CORREDOR_02,policia,359.70,0.00,0,12.45,140.64
634,intenso,PREEMPCAO,41,VE_ROTA_VE_CORREDOR_03,ambulancia,359.20,0.00,0,12.46,140.27
634,intenso,PREEMPCAO,41,VE_ROTA_VE_CORREDOR_04,bombeiro,340.60,0.00,0,13.14,121.72
635,intenso,PREEMPCAO_COMPENSADA,41,VE_ROTA_VE_CORREDOR_00,ambulancia,417.40,13.70,1,10.73,198.45
635,intenso,PREEMPCAO_COMPENSADA,41,VE_ROTA_VE_CORREDOR_01,bombeiro,337.90,0.00,0,13.24,119.02
635,intenso,PREEMPCAO_COMPENSADA,41,VE_ROTA_VE_CORREDOR_02,policia,349.60,0.00,0,12.81,130.62
635,intenso,PREEMPCAO_COMPENSADA,41,VE_ROTA_VE_CORREDOR_03,ambulancia,384.20,0.00,0,11.65,165.19
635,intenso,PREEMPCAO_COMPENSADA,41,VE_ROTA_VE_CORREDOR_04,bombeiro,378.60,0.00,0,11.82,159.74
636,multiplas_emergencias,FIXO,41,VE_ROTA_VE_TRANSVERSAL_00,ambulancia,307.50,42.70,4,8.11,168.99
636,multiplas_emergencias,FIXO,41,VE_ROTA_VE_CORREDOR_00,ambulancia,516.80,105.20,6,8.66,297.77
636,multiplas_emergencias,FIXO,41,VE_ROTA_VE_TRANSVERSAL_01,bombeiro,257.80,23.90,4,9.67,119.36
636,multiplas_emergencias,FIXO,41,VE_ROTA_VE_CORREDOR_01,bombeiro,471.90,80.80,5,9.48,253.00
636,multiplas_emergencias,FIXO,41,VE_ROTA_VE_TRANSVERSAL_02,policia,282.60,56.40,3,8.83,144.06
636,multiplas_emergencias,FIXO,41,VE_ROTA_VE_CORREDOR_02,policia,587.80,103.20,8,7.62,368.80
636,multiplas_emergencias,FIXO,41,VE_ROTA_VE_TRANSVERSAL_03,ambulancia,243.50,33.50,3,10.24,104.99
636,multiplas_emergencias,FIXO,41,VE_ROTA_VE_CORREDOR_03,ambulancia,473.20,49.50,5,9.46,254.19
636,multiplas_emergencias,FIXO,41,VE_ROTA_VE_TRANSVERSAL_04,bombeiro,281.10,34.80,4,8.86,142.71
636,multiplas_emergencias,FIXO,41,VE_ROTA_VE_CORREDOR_04,bombeiro,493.00,92.90,6,9.08,274.05
636,multiplas_emergencias,FIXO,41,VE_ROTA_VE_TRANSVERSAL_05,policia,240.20,13.20,1,10.38,101.58
637,multiplas_emergencias,PREEMPCAO,41,VE_ROTA_VE_TRANSVERSAL_00,ambulancia,209.50,0.00,0,11.90,71.00
637,multiplas_emergencias,PREEMPCAO,41,VE_ROTA_VE_CORREDOR_00,ambulancia,366.50,0.00,0,12.22,147.49
637,multiplas_emergencias,PREEMPCAO,41,VE_ROTA_VE_TRANSVERSAL_01,bombeiro,226.20,8.80,1,11.02,87.77
637,multiplas_emergencias,PREEMPCAO,41,VE_ROTA_VE_CORREDOR_01,bombeiro,377.40,16.40,2,11.86,158.48
637,multiplas_emergencias,PREEMPCAO,41,VE_ROTA_VE_TRANSVERSAL_02,policia,182.10,0.00,0,13.70,43.56
637,multiplas_emergencias,PREEMPCAO,41,VE_ROTA_VE_CORREDOR_02,policia,294.60,0.00,0,15.20,75.54
637,multiplas_emergencias,PREEMPCAO,41,VE_ROTA_VE_TRANSVERSAL_03,ambulancia,168.60,0.00,0,14.79,30.12
637,multiplas_emergencias,PREEMPCAO,41,VE_ROTA_VE_CORREDOR_03,ambulancia,325.50,2.00,1,13.76,106.55
637,multiplas_emergencias,PREEMPCAO,41,VE_ROTA_VE_TRANSVERSAL_04,bombeiro,186.50,0.00,0,13.36,48.14
637,multiplas_emergencias,PREEMPCAO,41,VE_ROTA_VE_CORREDOR_04,bombeiro,332.50,6.20,1,13.46,113.56
637,multiplas_emergencias,PREEMPCAO,41,VE_ROTA_VE_TRANSVERSAL_05,policia,181.10,2.40,2,13.77,42.55
638,multiplas_emergencias,PREEMPCAO_COMPENSADA,41,VE_ROTA_VE_TRANSVERSAL_00,ambulancia,209.50,0.00,0,11.90,70.99
638,multiplas_emergencias,PREEMPCAO_COMPENSADA,41,VE_ROTA_VE_CORREDOR_00,ambulancia,363.70,0.00,0,12.31,144.74
638,multiplas_emergencias,PREEMPCAO_COMPENSADA,41,VE_ROTA_VE_TRANSVERSAL_01,bombeiro,179.30,0.00,0,13.90,40.95
638,multiplas_emergencias,PREEMPCAO_COMPENSADA,41,VE_ROTA_VE_CORREDOR_01,bombeiro,353.80,0.00,0,12.65,134.87
638,multiplas_emergencias,PREEMPCAO_COMPENSADA,41,VE_ROTA_VE_TRANSVERSAL_02,policia,182.80,1.40,1,13.64,44.20
638,multiplas_emergencias,PREEMPCAO_COMPENSADA,41,VE_ROTA_VE_CORREDOR_02,policia,323.70,0.00,0,13.83,104.72
638,multiplas_emergencias,PREEMPCAO_COMPENSADA,41,VE_ROTA_VE_TRANSVERSAL_03,ambulancia,164.30,1.90,1,15.18,25.72
638,multiplas_emergencias,PREEMPCAO_COMPENSADA,41,VE_ROTA_VE_CORREDOR_03,ambulancia,321.10,0.00,0,13.94,102.11
638,multiplas_emergencias,PREEMPCAO_COMPENSADA,41,VE_ROTA_VE_TRANSVERSAL_04,bombeiro,219.90,5.30,1,11.33,81.50
638,multiplas_emergencias,PREEMPCAO_COMPENSADA,41,VE_ROTA_VE_CORREDOR_04,bombeiro,305.20,0.00,0,14.66,86.34
638,multiplas_emergencias,PREEMPCAO_COMPENSADA,41,VE_ROTA_VE_TRANSVERSAL_05,policia,180.30,0.00,0,13.83,41.74
639,multiplas_emergencias,PREEMPCAO_ML,41,VE_ROTA_VE_TRANSVERSAL_00,ambulancia,261.40,19.40,2,9.54,122.90
639,multiplas_emergencias,PREEMPCAO_ML,41,VE_ROTA_VE_CORREDOR_00,ambulancia,372.40,0.00,0,12.02,153.50
639,multiplas_emergencias,PREEMPCAO_ML,41,VE_ROTA_VE_TRANSVERSAL_01,bombeiro,201.80,2.90,1,12.35,63.41
639,multiplas_emergencias,PREEMPCAO_ML,41,VE_ROTA_VE_CORREDOR_01,bombeiro,331.50,0.00,0,13.50,112.58
639,multiplas_emergencias,PREEMPCAO_ML,41,VE_ROTA_VE_TRANSVERSAL_02,policia,176.90,0.80,1,14.10,38.32
639,multiplas_emergencias,PREEMPCAO_ML,41,VE_ROTA_VE_CORREDOR_02,policia,300.10,0.00,0,14.92,81.05
639,multiplas_emergencias,PREEMPCAO_ML,41,VE_ROTA_VE_TRANSVERSAL_03,ambulancia,184.20,0.00,0,13.54,45.69
639,multiplas_emergencias,PREEMPCAO_ML,41,VE_ROTA_VE_CORREDOR_03,ambulancia,324.90,2.00,1,13.78,105.95
639,multiplas_emergencias,PREEMPCAO_ML,41,VE_ROTA_VE_TRANSVERSAL_04,bombeiro,207.70,9.50,1,12.00,69.35
639,multiplas_emergencias,PREEMPCAO_ML,41,VE_ROTA_VE_CORREDOR_04,bombeiro,280.70,0.00,0,15.94,61.71
639,multiplas_emergencias,PREEMPCAO_ML,41,VE_ROTA_VE_TRANSVERSAL_05,policia,207.00,3.80,2,12.05,68.41
639,multiplas_emergencias,PREEMPCAO_ML,41,VE_ROTA_VE_CORREDOR_05,policia,294.70,0.00,0,15.19,75.66
640,leve,FIXO,42,VE_ROTA_VE_CORREDOR_00,ambulancia,435.70,107.40,6,10.28,216.70
640,leve,FIXO,42,VE_ROTA_VE_CORREDOR_01,bombeiro,398.50,96.60,4,11.23,179.60
640,leve,FIXO,42,VE_ROTA_VE_CORREDOR_02,policia,438.30,86.80,6,10.22,219.32
640,leve,FIXO,42,VE_ROTA_VE_CORREDOR_03,ambulancia,455.80,85.50,6,9.82,236.72
640,leve,FIXO,42,VE_ROTA_VE_CORREDOR_04,bombeiro,428.00,70.70,5,10.46,209.12
641,leve,PREEMPCAO,42,VE_ROTA_VE_CORREDOR_00,ambulancia,288.40,5.10,2,15.52,69.45
641,leve,PREEMPCAO,42,VE_ROTA_VE_CORREDOR_01,bombeiro,246.10,1.70,1,18.18,27.12
641,leve,PREEMPCAO,42,VE_ROTA_VE_CORREDOR_02,policia,278.10,0.00,0,16.10,59.08
641,leve,PREEMPCAO,42,VE_ROTA_VE_CORREDOR_03,ambulancia,240.00,0.00,0,18.66,21.04
641,leve,PREEMPCAO,42,VE_ROTA_VE_CORREDOR_04,bombeiro,267.50,4.90,1,16.73,48.57
641,leve,PREEMPCAO,42,VE_ROTA_VE_CORREDOR_05,policia,281.70,0.00,0,15.90,62.65
642,leve,PREEMPCAO_COMPENSADA,42,VE_ROTA_VE_CORREDOR_00,ambulancia,287.50,5.10,2,15.57,68.53
642,leve,PREEMPCAO_COMPENSADA,42,VE_ROTA_VE_CORREDOR_01,bombeiro,240.50,0.00,0,18.61,21.55
642,leve,PREEMPCAO_COMPENSADA,42,VE_ROTA_VE_CORREDOR_02,policia,249.60,1.80,1,17.94,30.63
642,leve,PREEMPCAO_COMPENSADA,42,VE_ROTA_VE_CORREDOR_03,ambulancia,280.10,5.30,1,15.98,61.12
642,leve,PREEMPCAO_COMPENSADA,42,VE_ROTA_VE_CORREDOR_04,bombeiro,259.30,0.00,0,17.26,40.30
642,leve,PREEMPCAO_COMPENSADA,42,VE_ROTA_VE_CORREDOR_05,policia,286.20,0.00,0,15.65,67.20
643,moderado,FIXO,42,VE_ROTA_VE_CORREDOR_00,ambulancia,448.20,65.40,6,9.99,229.25
643,moderado,FIXO,42,VE_ROTA_VE_CORREDOR_01,bombeiro,473.40,63.80,5,9.45,254.43
643,moderado,FIXO,42,VE_ROTA_VE_CORREDOR_02,policia,513.80,105.80,6,8.71,294.81
643,moderado,FIXO,42,VE_ROTA_VE_CORREDOR_03,ambulancia,475.30,85.40,5,9.42,256.33
643,moderado,FIXO,42,VE_ROTA_VE_CORREDOR_04,bombeiro,502.00,86.60,6,8.91,283.05
644,moderado,PREEMPCAO,42,VE_ROTA_VE_CORREDOR_00,ambulancia,330.30,2.10,1,13.56,111.31
644,moderado,PREEMPCAO,42,VE_ROTA_VE_CORREDOR_01,bombeiro,348.40,0.00,0,12.85,129.46
644,moderado,PREEMPCAO,42,VE_ROTA_VE_CORREDOR_02,policia,307.90,0.00,0,14.54,88.91
644,moderado,PREEMPCAO,42,VE_ROTA_VE_CORREDOR_03,ambulancia,262.30,0.00,0,17.07,43.35
644,moderado,PREEMPCAO,42,VE_ROTA_VE_CORREDOR_04,bombeiro,342.90,4.90,1,13.05,123.96
645,moderado,PREEMPCAO_COMPENSADA,42,VE_ROTA_VE_CORREDOR_00,ambulancia,330.00,2.10,1,13.57,110.98
645,moderado,PREEMPCAO_COMPENSADA,42,VE_ROTA_VE_CORREDOR_01,bombeiro,345.60,0.00,0,12.95,126.70
645,moderado,PREEMPCAO_COMPENSADA,42,VE_ROTA_VE_CORREDOR_02,policia,336.80,0.00,0,13.30,117.81
645,moderado,PREEMPCAO_COMPENSADA,42,VE_ROTA_VE_CORREDOR_03,ambulancia,278.90,0.00,0,16.05,59.94
645,moderado,PREEMPCAO_COMPENSADA,42,VE_ROTA_VE_CORREDOR_04,bombeiro,315.90,0.00,0,14.17,96.93
645,moderado,PREEMPCAO_COMPENSADA,42,VE_ROTA_VE_CORREDOR_05,policia,294.00,0.00,0,15.23,74.96
646,intenso,FIXO,42,VE_ROTA_VE_CORREDOR_00,ambulancia,534.80,84.50,7,8.37,315.82
646,intenso,FIXO,42,VE_ROTA_VE_CORREDOR_01,bombeiro,482.50,49.10,5,9.28,263.66
646,intenso,FIXO,42,VE_ROTA_VE_CORREDOR_02,policia,517.10,96.50,6,8.66,298.02
646,intenso,FIXO,42,VE_ROTA_VE_CORREDOR_03,ambulancia,556.50,46.70,4,8.05,337.51
646,intenso,FIXO,42,VE_ROTA_VE_CORREDOR_04,bombeiro,516.80,29.40,4,8.66,297.88
647,intenso,PREEMPCAO,42,VE_ROTA_VE_CORREDOR_00,ambulancia,402.20,2.30,1,11.13,183.20
647,intenso,PREEMPCAO,42,VE_ROTA_VE_CORREDOR_01,bombeiro,361.80,0.00,0,12.37,142.91
647,intenso,PREEMPCAO,42,VE_ROTA_VE_CORREDOR_02,policia,322.60,0.00,0,13.88,103.52
647,intenso,PREEMPCAO,42,VE_ROTA_VE_CORREDOR_03,ambulancia,350.30,0.00,0,12.78,131.24
647,intenso,PREEMPCAO,42,VE_ROTA_VE_CORREDOR_04,bombeiro,371.60,0.00,0,12.04,152.68
648,intenso,PREEMPCAO_COMPENSADA,42,VE_ROTA_VE_CORREDOR_00,ambulancia,397.60,2.30,1,11.26,178.67
648,intenso,PREEMPCAO_COMPENSADA,42,VE_ROTA_VE_CORREDOR_01,bombeiro,402.90,0.00,0,11.11,183.98
648,intenso,PREEMPCAO_COMPENSADA,42,VE_ROTA_VE_CORREDOR_02,policia,378.60,0.00,0,11.83,159.62
648,intenso,PREEMPCAO_COMPENSADA,42,VE_ROTA_VE_CORREDOR_03,ambulancia,383.80,0.00,0,11.67,164.78
648,intenso,PREEMPCAO_COMPENSADA,42,VE_ROTA_VE_CORREDOR_04,bombeiro,381.40,0.00,0,11.73,162.41
649,multiplas_emergencias,FIXO,42,VE_ROTA_VE_TRANSVERSAL_00,ambulancia,299.00,69.30,4,8.34,160.43
649,multiplas_emergencias,FIXO,42,VE_ROTA_VE_CORREDOR_00,ambulancia,447.00,65.50,6,10.02,227.97
649,multiplas_emergencias,FIXO,42,VE_ROTA_VE_TRANSVERSAL_01,bombeiro,257.50,22.50,3,9.68,119.09
649,multiplas_emergencias,FIXO,42,VE_ROTA_VE_CORREDOR_01,bombeiro,473.20,63.60,5,9.46,254.28
649,multiplas_emergencias,FIXO,42,VE_ROTA_VE_TRANSVERSAL_02,policia,291.70,46.60,4,8.55,153.14
649,multiplas_emergencias,FIXO,42,VE_ROTA_VE_CORREDOR_02,policia,514.10,104.90,6,8.71,295.06
649,multiplas_emergencias,FIXO,42,VE_ROTA_VE_TRANSVERSAL_03,ambulancia,251.70,26.80,3,9.91,113.17
649,multiplas_emergencias,FIXO,42,VE_ROTA_VE_CORREDOR_03,ambulancia,475.40,85.20,5,9.42,256.38
649,multiplas_emergencias,FIXO,42,VE_ROTA_VE_TRANSVERSAL_04,bombeiro,280.10,36.60,3,8.90,141.68
649,multiplas_emergencias,FIXO,42,VE_ROTA_VE_CORREDOR_04,bombeiro,502.10,86.80,6,8.91,283.13
649,multiplas_emergencias,FIXO,42,VE_ROTA_VE_TRANSVERSAL_05,policia,244.50,9.80,1,10.20,105.95
650,multiplas_emergencias,PREEMPCAO,42,VE_ROTA_VE_TRANSVERSAL_00,ambulancia,205.30,0.00,0,12.15,66.81
650,multiplas_emergencias,PREEMPCAO,42,VE_ROTA_VE_CORREDOR_00,ambulancia,359.10,8.30,2,12.47,140.15
650,multiplas_emergencias,PREEMPCAO,42,VE_ROTA_VE_TRANSVERSAL_01,bombeiro,195.70,0.10,1,12.73,57.28
650,multiplas_emergencias,PREEMPCAO,42,VE_ROTA_VE_CORREDOR_01,bombeiro,359.90,0.00,0,12.43,140.96
650,multiplas_emergencias,PREEMPCAO,42,VE_ROTA_VE_TRANSVERSAL_02,policia,226.40,4.60,1,11.02,87.84
650,multiplas_emergencias,PREEMPCAO,42,VE_ROTA_VE_CORREDOR_02,policia,331.20,0.00,0,13.52,112.22
650,multiplas_emergencias,PREEMPCAO,42,VE_ROTA_VE_TRANSVERSAL_03,ambulancia,177.80,0.00,0,14.03,39.24
650,multiplas_emergencias,PREEMPCAO,42,VE_ROTA_VE_CORREDOR_03,ambulancia,267.30,2.40,1,16.75,48.30
650,multiplas_emergencias,PREEMPCAO,42,VE_ROTA_VE_TRANSVERSAL_04,bombeiro,179.30,8.20,1,13.90,40.95
650,multiplas_emergencias,PREEMPCAO,42,VE_ROTA_VE_CORREDOR_04,bombeiro,306.00,4.90,1,14.63,87.09
650,multiplas_emergencias,PREEMPCAO,42,VE_ROTA_VE_TRANSVERSAL_05,policia,195.40,4.90,1,12.76,56.80
651,multiplas_emergencias,PREEMPCAO_COMPENSADA,42,VE_ROTA_VE_TRANSVERSAL_00,ambulancia,205.30,0.00,0,12.15,66.78
651,multiplas_emergencias,PREEMPCAO_COMPENSADA,42,VE_ROTA_VE_CORREDOR_00,ambulancia,356.90,8.30,2,12.54,137.91
651,multiplas_emergencias,PREEMPCAO_COMPENSADA,42,VE_ROTA_VE_TRANSVERSAL_01,bombeiro,185.60,0.00,0,13.42,47.20
651,multiplas_emergencias,PREEMPCAO_COMPENSADA,42,VE_ROTA_VE_CORREDOR_01,bombeiro,327.50,0.00,0,13.66,108.58
651,multiplas_emergencias,PREEMPCAO_COMPENSADA,42,VE_ROTA_VE_TRANSVERSAL_02,policia,231.10,3.60,2,10.79,92.50
651,multiplas_emergencias,PREEMPCAO_COMPENSADA,42,VE_ROTA_VE_CORREDOR_02,policia,301.80,1.30,1,14.84,82.86
651,multiplas_emergencias,PREEMPCAO_COMPENSADA,42,VE_ROTA_VE_TRANSVERSAL_03,ambulancia,166.80,8.90,1,14.95,28.29
651,multiplas_emergencias,PREEMPCAO_COMPENSADA,42,VE_ROTA_VE_CORREDOR_03,ambulancia,275.90,0.00,0,16.23,56.92
651,multiplas_emergencias,PREEMPCAO_COMPENSADA,42,VE_ROTA_VE_TRANSVERSAL_04,bombeiro,177.60,13.50,1,14.03,39.23
651,multiplas_emergencias,PREEMPCAO_COMPENSADA,42,VE_ROTA_VE_CORREDOR_04,bombeiro,304.90,0.00,0,14.68,85.96
651,multiplas_emergencias,PREEMPCAO_COMPENSADA,42,VE_ROTA_VE_TRANSVERSAL_05,policia,187.10,0.80,1,13.33,48.54
652,multiplas_emergencias,PREEMPCAO_ML,42,VE_ROTA_VE_TRANSVERSAL_00,ambulancia,246.30,5.10,1,10.12,107.79
652,multiplas_emergencias,PREEMPCAO_ML,42,VE_ROTA_VE_CORREDOR_00,ambulancia,323.30,2.10,1,13.85,104.33
652,multiplas_emergencias,PREEMPCAO_ML,42,VE_ROTA_VE_TRANSVERSAL_01,bombeiro,220.30,20.70,2,11.31,81.90
652,multiplas_emergencias,PREEMPCAO_ML,42,VE_ROTA_VE_CORREDOR_01,bombeiro,341.40,0.00,0,13.11,122.49
652,multiplas_emergencias,PREEMPCAO_ML,42,VE_ROTA_VE_TRANSVERSAL_02,policia,222.60,0.00,0,11.20,84.02
652,multiplas_emergencias,PREEMPCAO_ML,42,VE_ROTA_VE_CORREDOR_02,policia,294.10,0.40,1,15.23,75.06
652,multiplas_emergencias,PREEMPCAO_ML,42,VE_ROTA_VE_TRANSVERSAL_03,ambulancia,197.50,9.80,2,12.63,59.00
652,multiplas_emergencias,PREEMPCAO_ML,42,VE_ROTA_VE_CORREDOR_03,ambulancia,297.80,0.00,0,15.03,78.73
652,multiplas_emergencias,PREEMPCAO_ML,42,VE_ROTA_VE_TRANSVERSAL_04,bombeiro,207.10,53.80,3,12.03,68.72
652,multiplas_emergencias,PREEMPCAO_ML,42,VE_ROTA_VE_CORREDOR_04,bombeiro,344.30,10.30,2,13.00,125.43
652,multiplas_emergencias,PREEMPCAO_ML,42,VE_ROTA_VE_TRANSVERSAL_05,policia,228.60,35.10,3,10.91,90.01
653,leve,FIXO,43,VE_ROTA_VE_CORREDOR_00,ambulancia,441.00,99.40,5,10.15,222.02
653,leve,FIXO,43,VE_ROTA_VE_CORREDOR_01,bombeiro,465.90,119.10,5,9.61,247.07
653,leve,FIXO,43,VE_ROTA_VE_CORREDOR_02,policia,434.80,99.50,6,10.30,215.84
653,leve,FIXO,43,VE_ROTA_VE_CORREDOR_03,ambulancia,467.10,112.90,6,9.59,248.05
653,leve,FIXO,43,VE_ROTA_VE_CORREDOR_04,bombeiro,488.40,139.30,6,9.16,269.45
654,leve,PREEMPCAO,43,VE_ROTA_VE_CORREDOR_00,ambulancia,292.70,2.30,1,15.30,73.76
654,leve,PREEMPCAO,43,VE_ROTA_VE_CORREDOR_01,bombeiro,284.90,0.00,0,15.71,66.03
654,leve,PREEMPCAO,43,VE_ROTA_VE_CORREDOR_02,policia,297.50,2.70,2,15.05,78.44
654,leve,PREEMPCAO,43,VE_ROTA_VE_CORREDOR_03,ambulancia,246.40,0.00,0,18.17,27.37
654,leve,PREEMPCAO,43,VE_ROTA_VE_CORREDOR_04,bombeiro,271.90,1.50,1,16.46,52.99
654,leve,PREEMPCAO,43,VE_ROTA_VE_CORREDOR_05,policia,239.80,0.00,0,18.67,20.83
655,leve,PREEMPCAO_COMPENSADA,43,VE_ROTA_VE_CORREDOR_00,ambulancia,284.30,2.30,1,15.75,65.35
655,leve,PREEMPCAO_COMPENSADA,43,VE_ROTA_VE_CORREDOR_01,bombeiro,296.90,4.60,1,15.07,78.01
655,leve,PREEMPCAO_COMPENSADA,43,VE_ROTA_VE_CORREDOR_02,policia,263.80,0.00,0,16.97,44.75
655,leve,PREEMPCAO_COMPENSADA,43,VE_ROTA_VE_CORREDOR_03,ambulancia,294.90,0.00,0,15.18,75.90
655,leve,PREEMPCAO_COMPENSADA,43,VE_ROTA_VE_CORREDOR_04,bombeiro,294.00,3.20,2,15.22,75.05
655,leve,PREEMPCAO_COMPENSADA,43,VE_ROTA_VE_CORREDOR_05,policia,270.90,4.20,1,16.53,51.86
656,moderado,FIXO,43,VE_ROTA_VE_CORREDOR_00,ambulancia,451.80,63.30,6,9.91,232.71
656,moderado,FIXO,43,VE_ROTA_VE_CORREDOR_01,bombeiro,482.10,79.40,5,9.28,263.20
656,moderado,FIXO,43,VE_ROTA_VE_CORREDOR_02,policia,524.10,91.50,7,8.54,305.13
656,moderado,FIXO,43,VE_ROTA_VE_CORREDOR_03,ambulancia,473.00,50.10,6,9.47,254.01
656,moderado,FIXO,43,VE_ROTA_VE_CORREDOR_04,bombeiro,497.60,101.70,6,8.99,278.64
657,moderado,PREEMPCAO,43,VE_ROTA_VE_CORREDOR_00,ambulancia,319.20,2.30,1,14.03,100.17
657,moderado,PREEMPCAO,43,VE_ROTA_VE_CORREDOR_01,bombeiro,331.90,0.00,0,13.48,112.97
657,moderado,PREEMPCAO,43,VE_ROTA_VE_CORREDOR_02,policia,286.00,0.00,0,15.66,66.95
657,moderado,PREEMPCAO,43,VE_ROTA_VE_CORREDOR_03,ambulancia,306.20,0.00,0,14.62,87.24
657,moderado,PREEMPCAO,43,VE_ROTA_VE_CORREDOR_04,bombeiro,309.70,1.70,2,14.45,90.75
658,moderado,PREEMPCAO_COMPENSADA,43,VE_ROTA_VE_CORREDOR_00,ambulancia,316.20,2.30,1,14.16,97.16
658,moderado,PREEMPCAO_COMPENSADA,43,VE_ROTA_VE_CORREDOR_01,bombeiro,321.30,3.00,1,13.93,102.42
658,moderado,PREEMPCAO_COMPENSADA,43,VE_ROTA_VE_CORREDOR_02,policia,347.70,0.00,0,12.88,128.65
658,moderado,PREEMPCAO_COMPENSADA,43,VE_ROTA_VE_CORREDOR_03,ambulancia,305.30,0.00,0,14.67,86.32
658,moderado,PREEMPCAO_COMPENSADA,43,VE_ROTA_VE_CORREDOR_04,bombeiro,302.60,0.00,0,14.79,83.72
659,intenso,FIXO,43,VE_ROTA_VE_CORREDOR_00,ambulancia,526.70,114.90,6,8.50,307.73
659,intenso,FIXO,43,VE_ROTA_VE_CORREDOR_01,bombeiro,493.70,32.30,5,9.06,274.76
659,intenso,FIXO,43,VE_ROTA_VE_CORREDOR_02,policia,586.70,142.00,8,7.63,367.66
659,intenso,FIXO,43,VE_ROTA_VE_CORREDOR_03,ambulancia,481.60,32.00,5,9.30,262.59
659,intenso,FIXO,43,VE_ROTA_VE_CORREDOR_04,bombeiro,501.40,43.80,6,8.93,282.43
660,intenso,PREEMPCAO,43,VE_ROTA_VE_CORREDOR_00,ambulancia,421.00,23.30,2,10.63,201.95
660,intenso,PREEMPCAO,43,VE_ROTA_VE_CORREDOR_01,bombeiro,400.40,0.00,0,11.18,181.53
660,intenso,PREEMPCAO,43,VE_ROTA_VE_CORREDOR_02,policia,366.90,0.00,0,12.20,147.91
660,intenso,PREEMPCAO,43,VE_ROTA_VE_CORREDOR_03,ambulancia,365.00,0.00,0,12.27,145.97
660,intenso,PREEMPCAO,43,VE_ROTA_VE_CORREDOR_04,bombeiro,381.90,0.00,0,11.72,163.04
661,intenso,PREEMPCAO_COMPENSADA,43,VE_ROTA_VE_CORREDOR_00,ambulancia,425.10,20.00,2,10.53,206.11
661,intenso,PREEMPCAO_COMPENSADA,43,VE_ROTA_VE_CORREDOR_01,bombeiro,367.40,0.00,0,12.18,148.48
661,intenso,PREEMPCAO_COMPENSADA,43,VE_ROTA_VE_CORREDOR_02,policia,378.60,0.00,0,11.83,159.56
661,intenso,PREEMPCAO_COMPENSADA,43,VE_ROTA_VE_CORREDOR_03,ambulancia,353.60,0.00,0,12.66,134.63
661,intenso,PREEMPCAO_COMPENSADA,43,VE_ROTA_VE_CORREDOR_04,bombeiro,402.60,0.00,0,11.12,183.66
662,multiplas_emergencias,FIXO,43,VE_ROTA_VE_TRANSVERSAL_00,ambulancia,295.80,61.80,4,8.43,157.22
662,multiplas_emergencias,FIXO,43,VE_ROTA_VE_CORREDOR_00,ambulancia,449.60,63.30,6,9.96,230.61
662,multiplas_emergencias,FIXO,43,VE_ROTA_VE_TRANSVERSAL_01,bombeiro,265.60,8.80,2,9.38,127.24
662,multiplas_emergencias,FIXO,43,VE_ROTA_VE_CORREDOR_01,bombeiro,482.10,79.50,5,9.28,263.24
662,multiplas_emergencias,FIXO,43,VE_ROTA_VE_TRANSVERSAL_02,policia,284.70,44.50,4,8.76,146.08
662,multiplas_emergencias,FIXO,43,VE_ROTA_VE_CORREDOR_02,policia,524.20,93.50,7,8.54,305.22
662,multiplas_emergencias,FIXO,43,VE_ROTA_VE_TRANSVERSAL_03,ambulancia,244.00,24.90,2,10.22,105.41
662,multiplas_emergencias,FIXO,43,VE_ROTA_VE_CORREDOR_03,ambulancia,472.90,50.70,6,9.47,253.94
662,multiplas_emergencias,FIXO,43,VE_ROTA_VE_TRANSVERSAL_04,bombeiro,277.70,27.00,3,8.97,139.35
662,multiplas_emergencias,FIXO,43,VE_ROTA_VE_CORREDOR_04,bombeiro,497.70,101.70,6,8.99,278.76
662,multiplas_emergencias,FIXO,43,VE_ROTA_VE_TRANSVERSAL_05,policia,234.20,21.50,2,10.65,95.67
663,multiplas_emergencias,PREEMPCAO,43,VE_ROTA_VE_TRANSVERSAL_00,ambulancia,223.20,4.60,2,11.17,84.64
663,multiplas_emergencias,PREEMPCAO,43,VE_ROTA_VE_CORREDOR_00,ambulancia,307.50,2.30,1,14.56,88.55
663,multiplas_emergencias,PREEMPCAO,43,VE_ROTA_VE_TRANSVERSAL_01,bombeiro,214.50,0.00,0,11.62,76.10
663,multiplas_emergencias,PREEMPCAO,43,VE_ROTA_VE_CORREDOR_01,bombeiro,310.40,0.00,0,14.42,91.47
663,multiplas_emergencias,PREEMPCAO,43,VE_ROTA_VE_TRANSVERSAL_02,policia,172.80,5.70,1,14.43,34.22
663,multiplas_emergencias,PREEMPCAO,43,VE_ROTA_VE_CORREDOR_02,policia,333.70,0.00,0,13.42,114.71
663,multiplas_emergencias,PREEMPCAO,43,VE_ROTA_VE_TRANSVERSAL_03,ambulancia,223.20,7.60,1,11.17,84.67
663,multiplas_emergencias,PREEMPCAO,43,VE_ROTA_VE_CORREDOR_03,ambulancia,305.00,0.00,0,14.68,86.01
663,multiplas_emergencias,PREEMPCAO,43,VE_ROTA_VE_TRANSVERSAL_04,bombeiro,185.40,0.00,0,13.44,46.99
663,multiplas_emergencias,PREEMPCAO,43,VE_ROTA_VE_CORREDOR_04,bombeiro,293.10,1.00,1,15.27,74.23
663,multiplas_emergencias,PREEMPCAO,43,VE_ROTA_VE_TRANSVERSAL_05,policia,202.10,17.90,3,12.34,63.57
664,multiplas_emergencias,PREEMPCAO_COMPENSADA,43,VE_ROTA_VE_TRANSVERSAL_00,ambulancia,223.20,4.60,2,11.17,84.66
664,multiplas_emergencias,PREEMPCAO_COMPENSADA,43,VE_ROTA_VE_CORREDOR_00,ambulancia,302.60,2.30,1,14.80,83.65
664,multiplas_emergencias,PREEMPCAO_COMPENSADA,43,VE_ROTA_VE_TRANSVERSAL_01,bombeiro,222.90,0.00,0,11.18,84.51
664,multiplas_emergencias,PREEMPCAO_COMPENSADA,43,VE_ROTA_VE_CORREDOR_01,bombeiro,298.00,0.00,0,15.02,79.01
664,multiplas_emergencias,PREEMPCAO_COMPENSADA,43,VE_ROTA_VE_TRANSVERSAL_02,policia,182.10,0.00,0,13.70,43.53
664,multiplas_emergencias,PREEMPCAO_COMPENSADA,43,VE_ROTA_VE_CORREDOR_02,policia,303.50,0.80,1,14.75,84.46
664,multiplas_emergencias,PREEMPCAO_COMPENSADA,43,VE_ROTA_VE_TRANSVERSAL_03,ambulancia,243.50,12.10,2,10.24,104.94
664,multiplas_emergencias,PREEMPCAO_COMPENSADA,43,VE_ROTA_VE_CORREDOR_03,ambulancia,338.20,3.30,1,13.24,119.22
664,multiplas_emergencias,PREEMPCAO_COMPENSADA,43,VE_ROTA_VE_TRANSVERSAL_04,bombeiro,217.40,10.50,2,11.46,79.06
664,multiplas_emergencias,PREEMPCAO_COMPENSADA,43,VE_ROTA_VE_CORREDOR_04,bombeiro,335.40,16.90,2,13.34,116.49
664,multiplas_emergencias,PREEMPCAO_COMPENSADA,43,VE_ROTA_VE_TRANSVERSAL_05,policia,222.80,10.70,2,11.19,84.21
665,multiplas_emergencias,PREEMPCAO_ML,43,VE_ROTA_VE_TRANSVERSAL_00,ambulancia,225.20,7.80,3,11.07,86.67
665,multiplas_emergencias,PREEMPCAO_ML,43,VE_ROTA_VE_CORREDOR_00,ambulancia,308.20,2.30,1,14.53,89.22
665,multiplas_emergencias,PREEMPCAO_ML,43,VE_ROTA_VE_TRANSVERSAL_01,bombeiro,218.20,0.00,0,11.42,79.78
665,multiplas_emergencias,PREEMPCAO_ML,43,VE_ROTA_VE_CORREDOR_01,bombeiro,312.90,0.00,0,14.30,94.02
665,multiplas_emergencias,PREEMPCAO_ML,43,VE_ROTA_VE_TRANSVERSAL_02,policia,199.70,15.50,2,12.49,61.18
665,multiplas_emergencias,PREEMPCAO_ML,43,VE_ROTA_VE_CORREDOR_02,policia,322.00,0.00,0,13.91,102.96
665,multiplas_emergencias,PREEMPCAO_ML,43,VE_ROTA_VE_TRANSVERSAL_03,ambulancia,208.20,27.10,2,11.98,69.69
665,multiplas_emergencias,PREEMPCAO_ML,43,VE_ROTA_VE_CORREDOR_03,ambulancia,334.00,0.00,0,13.40,115.06
665,multiplas_emergencias,PREEMPCAO_ML,43,VE_ROTA_VE_TRANSVERSAL_04,bombeiro,192.30,1.60,1,12.96,53.92
665,multiplas_emergencias,PREEMPCAO_ML,43,VE_ROTA_VE_CORREDOR_04,bombeiro,301.30,1.00,1,14.85,82.34
665,multiplas_emergencias,PREEMPCAO_ML,43,VE_ROTA_VE_TRANSVERSAL_05,policia,189.00,4.90,1,13.20,50.47
666,leve,FIXO,44,VE_ROTA_VE_CORREDOR_00,ambulancia,436.00,109.60,6,10.27,216.94
666,leve,FIXO,44,VE_ROTA_VE_CORREDOR_01,bombeiro,479.20,94.10,5,9.34,260.27
666,leve,FIXO,44,VE_ROTA_VE_CORREDOR_02,policia,431.20,78.20,5,10.38,212.15
666,leve,FIXO,44,VE_ROTA_VE_CORREDOR_03,ambulancia,388.00,81.00,4,11.54,168.95
666,leve,FIXO,44,VE_ROTA_VE_CORREDOR_04,bombeiro,490.00,133.70,6,9.13,271.10
667,leve,PREEMPCAO,44,VE_ROTA_VE_CORREDOR_00,ambulancia,282.00,2.30,1,15.88,62.97
667,leve,PREEMPCAO,44,VE_ROTA_VE_CORREDOR_01,bombeiro,315.10,0.20,1,14.20,96.22
667,leve,PREEMPCAO,44,VE_ROTA_VE_CORREDOR_02,policia,238.40,0.00,0,18.78,19.43
667,leve,PREEMPCAO,44,VE_ROTA_VE_CORREDOR_03,ambulancia,286.50,0.00,0,15.63,67.55
667,leve,PREEMPCAO,44,VE_ROTA_VE_CORREDOR_04,bombeiro,254.40,0.00,0,17.59,35.48
667,leve,PREEMPCAO,44,VE_ROTA_VE_CORREDOR_05,policia,251.90,0.00,0,17.78,32.82
668,leve,PREEMPCAO_COMPENSADA,44,VE_ROTA_VE_CORREDOR_00,ambulancia,282.00,2.30,1,15.88,62.98
668,leve,PREEMPCAO_COMPENSADA,44,VE_ROTA_VE_CORREDOR_01,bombeiro,271.10,7.60,2,16.51,52.21
668,leve,PREEMPCAO_COMPENSADA,44,VE_ROTA_VE_CORREDOR_02,policia,245.20,0.00,0,18.26,26.16
668,leve,PREEMPCAO_COMPENSADA,44,VE_ROTA_VE_CORREDOR_03,ambulancia,292.80,0.00,0,15.29,73.75
668,leve,PREEMPCAO_COMPENSADA,44,VE_ROTA_VE_CORREDOR_04,bombeiro,275.00,0.00,0,16.27,56.14
668,leve,PREEMPCAO_COMPENSADA,44,VE_ROTA_VE_CORREDOR_05,policia,262.20,0.00,0,17.08,43.12
669,moderado,FIXO,44,VE_ROTA_VE_CORREDOR_00,ambulancia,448.00,80.00,5,9.99,229.02
669,moderado,FIXO,44,VE_ROTA_VE_CORREDOR_01,bombeiro,483.80,65.00,5,9.25,264.88
669,moderado,FIXO,44,VE_ROTA_VE_CORREDOR_02,policia,504.30,126.30,7,8.88,285.26
669,moderado,FIXO,44,VE_ROTA_VE_CORREDOR_03,ambulancia,469.00,49.60,5,9.55,249.99
669,moderado,FIXO,44,VE_ROTA_VE_CORREDOR_04,bombeiro,509.60,53.10,6,8.78,290.68
670,moderado,PREEMPCAO,44,VE_ROTA_VE_CORREDOR_00,ambulancia,315.80,2.30,1,14.18,96.82
670,moderado,PREEMPCAO,44,VE_ROTA_VE_CORREDOR_01,bombeiro,332.10,0.00,0,13.48,113.13
670,moderado,PREEMPCAO,44,VE_ROTA_VE_CORREDOR_02,policia,332.40,0.00,0,13.47,113.33
670,moderado,PREEMPCAO,44,VE_ROTA_VE_CORREDOR_03,ambulancia,346.40,0.00,0,12.93,127.35
670,moderado,PREEMPCAO,44,VE_ROTA_VE_CORREDOR_04,bombeiro,311.10,0.00,0,14.39,92.24
671,moderado,PREEMPCAO_COMPENSADA,44,VE_ROTA_VE_CORREDOR_00,ambulancia,315.70,2.30,1,14.18,96.71
671,moderado,PREEMPCAO_COMPENSADA,44,VE_ROTA_VE_CORREDOR_01,bombeiro,323.40,1.60,1,13.84,104.54
671,moderado,PREEMPCAO_COMPENSADA,44,VE_ROTA_VE_CORREDOR_02,policia,319.60,0.00,0,14.01,100.60
671,moderado,PREEMPCAO_COMPENSADA,44,VE_ROTA_VE_CORREDOR_03,ambulancia,353.20,0.00,0,12.68,134.25
671,moderado,PREEMPCAO_COMPENSADA,44,VE_ROTA_VE_CORREDOR_04,bombeiro,315.80,0.00,0,14.17,96.96
671,moderado,PREEMPCAO_COMPENSADA,44,VE_ROTA_VE_CORREDOR_05,policia,289.20,0.00,0,15.48,70.10
672,intenso,FIXO,44,VE_ROTA_VE_CORREDOR_00,ambulancia,609.20,142.30,5,7.35,390.26
672,intenso,FIXO,44,VE_ROTA_VE_CORREDOR_01,bombeiro,527.10,145.10,6,8.49,308.23
672,intenso,FIXO,44,VE_ROTA_VE_CORREDOR_02,policia,517.00,93.90,6,8.66,297.91
672,intenso,FIXO,44,VE_ROTA_VE_CORREDOR_03,ambulancia,477.40,26.30,5,9.38,258.39
672,intenso,FIXO,44,VE_ROTA_VE_CORREDOR_04,bombeiro,648.20,95.90,5,6.90,429.30
673,intenso,PREEMPCAO,44,VE_ROTA_VE_CORREDOR_00,ambulancia,390.40,0.00,0,11.47,171.40
673,intenso,PREEMPCAO,44,VE_ROTA_VE_CORREDOR_01,bombeiro,410.00,0.00,0,10.92,191.10
673,intenso,PREEMPCAO,44,VE_ROTA_VE_CORREDOR_02,policia,367.50,0.00,0,12.18,148.53
673,intenso,PREEMPCAO,44,VE_ROTA_VE_CORREDOR_03,ambulancia,370.60,0.00,0,12.08,151.59
673,intenso,PREEMPCAO,44,VE_ROTA_VE_CORREDOR_04,bombeiro,374.50,2.10,1,11.95,155.63
674,intenso,PREEMPCAO_COMPENSADA,44,VE_ROTA_VE_CORREDOR_00,ambulancia,391.40,0.00,0,11.44,172.38
674,intenso,PREEMPCAO_COMPENSADA,44,VE_ROTA_VE_CORREDOR_01,bombeiro,384.10,0.00,0,11.65,165.25
674,intenso,PREEMPCAO_COMPENSADA,44,VE_ROTA_VE_CORREDOR_02,policia,372.30,0.00,0,12.03,153.24
674,intenso,PREEMPCAO_COMPENSADA,44,VE_ROTA_VE_CORREDOR_03,ambulancia,351.40,4.90,1,12.74,132.42
674,intenso,PREEMPCAO_COMPENSADA,44,VE_ROTA_VE_CORREDOR_04,bombeiro,346.40,2.00,1,12.92,127.55
675,multiplas_emergencias,FIXO,44,VE_ROTA_VE_TRANSVERSAL_00,ambulancia,312.40,29.10,4,7.98,173.89
675,multiplas_emergencias,FIXO,44,VE_ROTA_VE_CORREDOR_00,ambulancia,447.90,80.30,5,10.00,228.95
675,multiplas_emergencias,FIXO,44,VE_ROTA_VE_TRANSVERSAL_01,bombeiro,254.90,17.10,1,9.78,116.53
675,multiplas_emergencias,FIXO,44,VE_ROTA_VE_CORREDOR_01,bombeiro,483.70,65.10,5,9.25,264.78
675,multiplas_emergencias,FIXO,44,VE_ROTA_VE_TRANSVERSAL_02,policia,285.10,92.60,4,8.75,146.52
675,multiplas_emergencias,FIXO,44,VE_ROTA_VE_CORREDOR_02,policia,504.30,126.40,7,8.88,285.23
675,multiplas_emergencias,FIXO,44,VE_ROTA_VE_TRANSVERSAL_03,ambulancia,247.70,14.90,1,10.07,109.16
675,multiplas_emergencias,FIXO,44,VE_ROTA_VE_CORREDOR_03,ambulancia,469.10,54.00,5,9.54,250.03
675,multiplas_emergencias,FIXO,44,VE_ROTA_VE_TRANSVERSAL_04,bombeiro,282.10,53.80,4,8.83,143.66
675,multiplas_emergencias,FIXO,44,VE_ROTA_VE_CORREDOR_04,bombeiro,509.60,53.10,6,8.78,290.66
675,multiplas_emergencias,FIXO,44,VE_ROTA_VE_TRANSVERSAL_05,policia,251.10,10.60,2,9.93,112.56
676,multiplas_emergencias,PREEMPCAO,44,VE_ROTA_VE_TRANSVERSAL_00,ambulancia,205.40,0.50,1,12.14,66.87
676,multiplas_emergencias,PREEMPCAO,44,VE_ROTA_VE_CORREDOR_00,ambulancia,307.80,2.30,1,14.55,88.83
676,multiplas_emergencias,PREEMPCAO,44,VE_ROTA_VE_TRANSVERSAL_01,bombeiro,181.30,0.00,0,13.74,42.86
676,multiplas_emergencias,PREEMPCAO,44,VE_ROTA_VE_CORREDOR_01,bombeiro,326.00,4.60,1,13.73,107.06
676,multiplas_emergencias,PREEMPCAO,44,VE_ROTA_VE_TRANSVERSAL_02,policia,151.30,0.00,0,16.48,12.73
676,multiplas_emergencias,PREEMPCAO,44,VE_ROTA_VE_CORREDOR_02,policia,356.30,0.00,0,12.57,137.27
676,multiplas_emergencias,PREEMPCAO,44,VE_ROTA_VE_TRANSVERSAL_03,ambulancia,187.70,0.00,0,13.29,49.17
676,multiplas_emergencias,PREEMPCAO,44,VE_ROTA_VE_CORREDOR_03,ambulancia,331.10,0.00,0,13.52,112.12
676,multiplas_emergencias,PREEMPCAO,44,VE_ROTA_VE_TRANSVERSAL_04,bombeiro,201.50,4.70,1,12.37,63.15
676,multiplas_emergencias,PREEMPCAO,44,VE_ROTA_VE_CORREDOR_04,bombeiro,281.10,0.00,0,15.92,62.21
676,multiplas_emergencias,PREEMPCAO,44,VE_ROTA_VE_TRANSVERSAL_05,policia,197.20,4.40,1,12.65,58.59
677,multiplas_emergencias,PREEMPCAO_COMPENSADA,44,VE_ROTA_VE_TRANSVERSAL_00,ambulancia,205.10,0.50,1,12.16,66.58
677,multiplas_emergencias,PREEMPCAO_COMPENSADA,44,VE_ROTA_VE_CORREDOR_00,ambulancia,322.70,2.30,1,13.87,103.72
677,multiplas_emergencias,PREEMPCAO_COMPENSADA,44,VE_ROTA_VE_TRANSVERSAL_01,bombeiro,192.60,0.80,1,12.94,54.20
677,multiplas_emergencias,PREEMPCAO_COMPENSADA,44,VE_ROTA_VE_CORREDOR_01,bombeiro,298.70,0.00,0,14.98,79.72
677,multiplas_emergencias,PREEMPCAO_COMPENSADA,44,VE_ROTA_VE_TRANSVERSAL_02,policia,168.00,0.00,0,14.85,29.44
677,multiplas_emergencias,PREEMPCAO_COMPENSADA,44,VE_ROTA_VE_CORREDOR_02,policia,308.50,0.00,0,14.51,89.45
677,multiplas_emergencias,PREEMPCAO_COMPENSADA,44,VE_ROTA_VE_TRANSVERSAL_03,ambulancia,173.70,7.20,1,14.36,35.13
677,multiplas_emergencias,PREEMPCAO_COMPENSADA,44,VE_ROTA_VE_CORREDOR_03,ambulancia,307.70,0.00,0,14.55,88.69
677,multiplas_emergencias,PREEMPCAO_COMPENSADA,44,VE_ROTA_VE_TRANSVERSAL_04,bombeiro,181.40,0.00,0,13.74,43.01
677,multiplas_emergencias,PREEMPCAO_COMPENSADA,44,VE_ROTA_VE_CORREDOR_04,bombeiro,310.80,0.00,0,14.40,91.89
677,multiplas_emergencias,PREEMPCAO_COMPENSADA,44,VE_ROTA_VE_TRANSVERSAL_05,policia,201.80,4.20,2,12.36,63.22
678,multiplas_emergencias,PREEMPCAO_ML,44,VE_ROTA_VE_TRANSVERSAL_00,ambulancia,229.80,14.90,2,10.85,91.30
678,multiplas_emergencias,PREEMPCAO_ML,44,VE_ROTA_VE_CORREDOR_00,ambulancia,305.80,2.30,1,14.64,86.85
678,multiplas_emergencias,PREEMPCAO_ML,44,VE_ROTA_VE_TRANSVERSAL_01,bombeiro,206.10,17.20,2,12.09,67.73
678,multiplas_emergencias,PREEMPCAO_ML,44,VE_ROTA_VE_CORREDOR_01,bombeiro,316.50,0.00,0,14.14,97.53
678,multiplas_emergencias,PREEMPCAO_ML,44,VE_ROTA_VE_TRANSVERSAL_02,policia,154.80,0.00,0,16.11,16.27
678,multiplas_emergencias,PREEMPCAO_ML,44,VE_ROTA_VE_CORREDOR_02,policia,277.60,0.00,0,16.13,58.56
678,multiplas_emergencias,PREEMPCAO_ML,44,VE_ROTA_VE_TRANSVERSAL_03,ambulancia,213.00,21.60,1,11.71,74.46
678,multiplas_emergencias,PREEMPCAO_ML,44,VE_ROTA_VE_CORREDOR_03,ambulancia,308.00,0.00,0,14.54,88.97
678,multiplas_emergencias,PREEMPCAO_ML,44,VE_ROTA_VE_TRANSVERSAL_04,bombeiro,166.10,0.00,0,15.00,27.72
678,multiplas_emergencias,PREEMPCAO_ML,44,VE_ROTA_VE_CORREDOR_04,bombeiro,311.40,1.30,1,14.37,92.52
678,multiplas_emergencias,PREEMPCAO_ML,44,VE_ROTA_VE_TRANSVERSAL_05,policia,214.40,2.70,1,11.63,75.82
678,multiplas_emergencias,PREEMPCAO_ML,44,VE_ROTA_VE_CORREDOR_05,policia,284.40,2.90,1,15.74,65.39
679,leve,FIXO,45,VE_ROTA_VE_CORREDOR_00,ambulancia,514.90,148.00,7,8.70,295.92
679,leve,FIXO,45,VE_ROTA_VE_CORREDOR_01,bombeiro,465.90,125.70,5,9.61,246.91
679,leve,FIXO,45,VE_ROTA_VE_CORREDOR_02,policia,500.70,118.60,6,8.94,281.71
679,leve,FIXO,45,VE_ROTA_VE_CORREDOR_03,ambulancia,455.80,136.50,6,9.82,236.84
679,leve,FIXO,45,VE_ROTA_VE_CORREDOR_04,bombeiro,417.80,88.60,5,10.71,198.95
680,leve,PREEMPCAO,45,VE_ROTA_VE_CORREDOR_00,ambulancia,283.50,0.00,0,15.79,64.48
680,leve,PREEMPCAO,45,VE_ROTA_VE_CORREDOR_01,bombeiro,252.00,0.00,0,17.76,33.07
680,leve,PREEMPCAO,45,VE_ROTA_VE_CORREDOR_02,policia,280.60,0.00,0,15.96,61.55
680,leve,PREEMPCAO,45,VE_ROTA_VE_CORREDOR_03,ambulancia,235.20,4.60,1,19.04,16.18
680,leve,PREEMPCAO,45,VE_ROTA_VE_CORREDOR_04,bombeiro,274.00,0.00,0,16.33,55.10
680,leve,PREEMPCAO,45,VE_ROTA_VE_CORREDOR_05,policia,228.20,0.00,0,19.62,9.16
681,leve,PREEMPCAO_COMPENSADA,45,VE_ROTA_VE_CORREDOR_00,ambulancia,283.70,0.00,0,15.78,64.69
681,leve,PREEMPCAO_COMPENSADA,45,VE_ROTA_VE_CORREDOR_01,bombeiro,270.10,0.00,0,16.57,51.19
681,leve,PREEMPCAO_COMPENSADA,45,VE_ROTA_VE_CORREDOR_02,policia,292.80,0.00,0,15.29,73.79
681,leve,PREEMPCAO_COMPENSADA,45,VE_ROTA_VE_CORREDOR_03,ambulancia,266.20,0.00,0,16.82,47.17
681,leve,PREEMPCAO_COMPENSADA,45,VE_ROTA_VE_CORREDOR_04,bombeiro,291.20,1.00,1,15.37,72.30
681,leve,PREEMPCAO_COMPENSADA,45,VE_ROTA_VE_CORREDOR_05,policia,255.20,4.80,1,17.55,36.23
682,moderado,FIXO,45,VE_ROTA_VE_CORREDOR_00,ambulancia,523.50,131.80,6,8.55,304.47
682,moderado,FIXO,45,VE_ROTA_VE_CORREDOR_01,bombeiro,475.60,106.00,6,9.41,256.75
682,moderado,FIXO,45,VE_ROTA_VE_CORREDOR_02,policia,507.20,130.60,6,8.83,288.11
682,moderado,FIXO,45,VE_ROTA_VE_CORREDOR_03,ambulancia,467.80,93.30,5,9.57,248.87
682,moderado,FIXO,45,VE_ROTA_VE_CORREDOR_04,bombeiro,491.60,108.50,6,9.10,272.65
683,moderado,PREEMPCAO,45,VE_ROTA_VE_CORREDOR_00,ambulancia,320.80,0.00,0,13.96,101.78
683,moderado,PREEMPCAO,45,VE_ROTA_VE_CORREDOR_01,bombeiro,282.90,4.00,1,15.82,63.99
683,moderado,PREEMPCAO,45,VE_ROTA_VE_CORREDOR_02,policia,293.10,0.00,0,15.28,74.12
683,moderado,PREEMPCAO,45,VE_ROTA_VE_CORREDOR_03,ambulancia,249.00,0.00,0,17.98,30.02
683,moderado,PREEMPCAO,45,VE_ROTA_VE_CORREDOR_04,bombeiro,297.40,0.10,1,15.05,78.47
684,moderado,PREEMPCAO_COMPENSADA,45,VE_ROTA_VE_CORREDOR_00,ambulancia,320.80,0.00,0,13.96,101.82
684,moderado,PREEMPCAO_COMPENSADA,45,VE_ROTA_VE_CORREDOR_01,bombeiro,290.80,0.00,0,15.39,71.89
684,moderado,PREEMPCAO_COMPENSADA,45,VE_ROTA_VE_CORREDOR_02,policia,274.20,0.00,0,16.33,55.16
684,moderado,PREEMPCAO_COMPENSADA,45,VE_ROTA_VE_CORREDOR_03,ambulancia,241.60,0.00,0,18.53,22.62
684,moderado,PREEMPCAO_COMPENSADA,45,VE_ROTA_VE_CORREDOR_04,bombeiro,308.30,2.60,1,14.52,89.35
685,intenso,FIXO,45,VE_ROTA_VE_CORREDOR_00,ambulancia,524.80,98.80,6,8.53,305.79
685,intenso,FIXO,45,VE_ROTA_VE_CORREDOR_01,bombeiro,497.20,98.30,5,9.00,278.26
685,intenso,FIXO,45,VE_ROTA_VE_CORREDOR_02,policia,585.10,113.50,8,7.65,366.05
685,intenso,FIXO,45,VE_ROTA_VE_CORREDOR_03,ambulancia,472.90,17.80,2,9.47,253.88
685,intenso,FIXO,45,VE_ROTA_VE_CORREDOR_04,bombeiro,502.80,57.40,6,8.90,283.89
686,intenso,PREEMPCAO,45,VE_ROTA_VE_CORREDOR_00,ambulancia,428.30,0.00,0,10.45,209.38
686,intenso,PREEMPCAO,45,VE_ROTA_VE_CORREDOR_01,bombeiro,371.20,0.00,0,12.06,152.26
686,intenso,PREEMPCAO,45,VE_ROTA_VE_CORREDOR_02,policia,406.30,0.00,0,11.02,187.34
686,intenso,PREEMPCAO,45,VE_ROTA_VE_CORREDOR_03,ambulancia,372.50,0.40,1,12.02,153.50
686,intenso,PREEMPCAO,45,VE_ROTA_VE_CORREDOR_04,bombeiro,394.40,0.00,0,11.35,175.43
687,intenso,PREEMPCAO_COMPENSADA,45,VE_ROTA_VE_CORREDOR_00,ambulancia,431.10,0.00,0,10.39,212.06
687,intenso,PREEMPCAO_COMPENSADA,45,VE_ROTA_VE_CORREDOR_01,bombeiro,393.60,14.40,1,11.37,174.74
687,intenso,PREEMPCAO_COMPENSADA,45,VE_ROTA_VE_CORREDOR_02,policia,395.10,5.20,1,11.33,176.09
687,intenso,PREEMPCAO_COMPENSADA,45,VE_ROTA_VE_CORREDOR_03,ambulancia,377.50,0.00,0,11.86,158.52
687,intenso,PREEMPCAO_COMPENSADA,45,VE_ROTA_VE_CORREDOR_04,bombeiro,351.40,0.00,0,12.74,132.46
688,multiplas_emergencias,FIXO,45,VE_ROTA_VE_TRANSVERSAL_00,ambulancia,229.80,9.50,1,10.85,91.26
688,multiplas_emergencias,FIXO,45,VE_ROTA_VE_CORREDOR_00,ambulancia,523.60,131.40,6,8.55,304.70
688,multiplas_emergencias,FIXO,45,VE_ROTA_VE_TRANSVERSAL_01,bombeiro,264.90,14.50,2,9.41,126.46
688,multiplas_emergencias,FIXO,45,VE_ROTA_VE_CORREDOR_01,bombeiro,470.00,107.10,6,9.52,251.09
688,multiplas_emergencias,FIXO,45,VE_ROTA_VE_TRANSVERSAL_02,policia,282.90,37.80,4,8.82,144.30
688,multiplas_emergencias,FIXO,45,VE_ROTA_VE_CORREDOR_02,policia,507.50,129.00,6,8.82,288.53
688,multiplas_emergencias,FIXO,45,VE_ROTA_VE_TRANSVERSAL_03,ambulancia,250.20,19.60,3,9.97,111.67
688,multiplas_emergencias,FIXO,45,VE_ROTA_VE_CORREDOR_03,ambulancia,467.70,93.30,5,9.57,248.70
688,multiplas_emergencias,FIXO,45,VE_ROTA_VE_TRANSVERSAL_04,bombeiro,277.00,71.90,5,9.00,138.62
688,multiplas_emergencias,FIXO,45,VE_ROTA_VE_CORREDOR_04,bombeiro,490.70,109.50,6,9.12,271.78
688,multiplas_emergencias,FIXO,45,VE_ROTA_VE_TRANSVERSAL_05,policia,245.30,12.40,2,10.17,106.68
689,multiplas_emergencias,PREEMPCAO,45,VE_ROTA_VE_TRANSVERSAL_00,ambulancia,182.20,0.00,0,13.69,43.70
689,multiplas_emergencias,PREEMPCAO,45,VE_ROTA_VE_CORREDOR_00,ambulancia,322.30,4.20,1,13.89,103.34
689,multiplas_emergencias,PREEMPCAO,45,VE_ROTA_VE_TRANSVERSAL_01,bombeiro,196.00,16.20,2,12.71,57.63
689,multiplas_emergencias,PREEMPCAO,45,VE_ROTA_VE_CORREDOR_01,bombeiro,271.40,0.00,0,16.49,52.41
689,multiplas_emergencias,PREEMPCAO,45,VE_ROTA_VE_TRANSVERSAL_02,policia,210.40,5.80,1,11.85,71.86
689,multiplas_emergencias,PREEMPCAO,45,VE_ROTA_VE_CORREDOR_02,policia,300.10,0.00,0,14.92,81.15
689,multiplas_emergencias,PREEMPCAO,45,VE_ROTA_VE_TRANSVERSAL_03,ambulancia,188.40,0.00,0,13.24,49.84
689,multiplas_emergencias,PREEMPCAO,45,VE_ROTA_VE_CORREDOR_03,ambulancia,243.70,0.00,0,18.37,24.67
689,multiplas_emergencias,PREEMPCAO,45,VE_ROTA_VE_TRANSVERSAL_04,bombeiro,157.60,0.00,0,15.81,19.25
689,multiplas_emergencias,PREEMPCAO,45,VE_ROTA_VE_CORREDOR_04,bombeiro,316.20,0.10,1,14.15,97.32
689,multiplas_emergencias,PREEMPCAO,45,VE_ROTA_VE_TRANSVERSAL_05,policia,177.40,15.40,1,14.06,38.85
690,multiplas_emergencias,PREEMPCAO_COMPENSADA,45,VE_ROTA_VE_TRANSVERSAL_00,ambulancia,182.20,0.00,0,13.69,43.70
690,multiplas_emergencias,PREEMPCAO_COMPENSADA,45,VE_ROTA_VE_CORREDOR_00,ambulancia,311.00,0.00,0,14.40,92.05
690,multiplas_emergencias,PREEMPCAO_COMPENSADA,45,VE_ROTA_VE_TRANSVERSAL_01,bombeiro,202.50,3.90,1,12.30,64.16
690,multiplas_emergencias,PREEMPCAO_COMPENSADA,45,VE_ROTA_VE_CORREDOR_01,bombeiro,285.50,0.00,0,15.68,66.61
690,multiplas_emergencias,PREEMPCAO_COMPENSADA,45,VE_ROTA_VE_TRANSVERSAL_02,policia,215.20,0.00,0,11.59,76.66
690,multiplas_emergencias,PREEMPCAO_COMPENSADA,45,VE_ROTA_VE_CORREDOR_02,policia,275.30,0.00,0,16.27,56.29
690,multiplas_emergencias,PREEMPCAO_COMPENSADA,45,VE_ROTA_VE_TRANSVERSAL_03,ambulancia,186.30,0.00,0,13.39,47.79
690,multiplas_emergencias,PREEMPCAO_COMPENSADA,45,VE_ROTA_VE_CORREDOR_03,ambulancia,308.00,0.00,0,14.54,89.00
690,multiplas_emergencias,PREEMPCAO_COMPENSADA,45,VE_ROTA_VE_TRANSVERSAL_04,bombeiro,171.10,0.40,1,14.56,32.72
690,multiplas_emergencias,PREEMPCAO_COMPENSADA,45,VE_ROTA_VE_CORREDOR_04,bombeiro,306.80,2.30,1,14.59,87.83
690,multiplas_emergencias,PREEMPCAO_COMPENSADA,45,VE_ROTA_VE_TRANSVERSAL_05,policia,165.60,1.50,1,15.06,27.05
691,multiplas_emergencias,PREEMPCAO_ML,45,VE_ROTA_VE_TRANSVERSAL_00,ambulancia,221.10,41.20,2,11.28,82.56
691,multiplas_emergencias,PREEMPCAO_ML,45,VE_ROTA_VE_CORREDOR_00,ambulancia,333.00,10.90,1,13.45,114.06
691,multiplas_emergencias,PREEMPCAO_ML,45,VE_ROTA_VE_TRANSVERSAL_01,bombeiro,195.40,9.90,2,12.75,56.97
691,multiplas_emergencias,PREEMPCAO_ML,45,VE_ROTA_VE_CORREDOR_01,bombeiro,266.10,0.00,0,16.82,47.13
691,multiplas_emergencias,PREEMPCAO_ML,45,VE_ROTA_VE_TRANSVERSAL_02,policia,206.90,5.20,1,12.05,68.29
691,multiplas_emergencias,PREEMPCAO_ML,45,VE_ROTA_VE_CORREDOR_02,policia,272.70,0.00,0,16.42,53.67
691,multiplas_emergencias,PREEMPCAO_ML,45,VE_ROTA_VE_TRANSVERSAL_03,ambulancia,212.60,15.80,2,11.73,74.11
691,multiplas_emergencias,PREEMPCAO_ML,45,VE_ROTA_VE_CORREDOR_03,ambulancia,323.20,0.00,0,13.85,104.22
691,multiplas_emergencias,PREEMPCAO_ML,45,VE_ROTA_VE_TRANSVERSAL_04,bombeiro,164.80,1.50,1,15.12,26.42
691,multiplas_emergencias,PREEMPCAO_ML,45,VE_ROTA_VE_CORREDOR_04,bombeiro,297.30,2.40,2,15.05,78.40
691,multiplas_emergencias,PREEMPCAO_ML,45,VE_ROTA_VE_TRANSVERSAL_05,policia,196.90,16.60,2,12.67,58.33
691,multiplas_emergencias,PREEMPCAO_ML,45,VE_ROTA_VE_CORREDOR_05,policia,253.40,0.00,0,17.67,34.37
692,leve,FIXO,46,VE_ROTA_VE_CORREDOR_00,ambulancia,437.90,113.40,6,10.22,218.83
692,leve,FIXO,46,VE_ROTA_VE_CORREDOR_01,bombeiro,470.50,102.60,5,9.51,251.55
692,leve,FIXO,46,VE_ROTA_VE_CORREDOR_02,policia,440.20,129.00,5,10.17,221.25
692,leve,FIXO,46,VE_ROTA_VE_CORREDOR_03,ambulancia,461.40,91.10,5,9.70,242.42
692,leve,FIXO,46,VE_ROTA_VE_CORREDOR_04,bombeiro,492.50,133.70,6,9.09,273.60
693,leve,PREEMPCAO,46,VE_ROTA_VE_CORREDOR_00,ambulancia,290.40,2.30,1,15.42,71.38
693,leve,PREEMPCAO,46,VE_ROTA_VE_CORREDOR_01,bombeiro,295.60,0.00,0,15.14,76.68
693,leve,PREEMPCAO,46,VE_ROTA_VE_CORREDOR_02,policia,266.30,2.80,1,16.81,47.22
693,leve,PREEMPCAO,46,VE_ROTA_VE_CORREDOR_03,ambulancia,272.20,0.00,0,16.45,53.23
693,leve,PREEMPCAO,46,VE_ROTA_VE_CORREDOR_04,bombeiro,246.40,7.20,2,18.16,27.48
693,leve,PREEMPCAO,46,VE_ROTA_VE_CORREDOR_05,policia,262.50,0.00,0,17.06,43.55
694,leve,PREEMPCAO_COMPENSADA,46,VE_ROTA_VE_CORREDOR_00,ambulancia,290.70,2.30,1,15.40,71.68
694,leve,PREEMPCAO_COMPENSADA,46,VE_ROTA_VE_CORREDOR_01,bombeiro,285.90,0.00,0,15.65,67.07
694,leve,PREEMPCAO_COMPENSADA,46,VE_ROTA_VE_CORREDOR_02,policia,243.30,0.00,0,18.40,24.33
694,leve,PREEMPCAO_COMPENSADA,46,VE_ROTA_VE_CORREDOR_03,ambulancia,253.10,0.00,0,17.69,34.08
694,leve,PREEMPCAO_COMPENSADA,46,VE_ROTA_VE_CORREDOR_04,bombeiro,245.20,2.20,1,18.25,26.35
694,leve,PREEMPCAO_COMPENSADA,46,VE_ROTA_VE_CORREDOR_05,policia,275.10,0.00,0,16.28,56.13
695,moderado,FIXO,46,VE_ROTA_VE_CORREDOR_00,ambulancia,526.40,129.90,7,8.51,307.48
695,moderado,FIXO,46,VE_ROTA_VE_CORREDOR_01,bombeiro,478.40,80.30,5,9.35,259.43
695,moderado,FIXO,46,VE_ROTA_VE_CORREDOR_02,policia,508.80,127.90,6,8.80,289.79
695,moderado,FIXO,46,VE_ROTA_VE_CORREDOR_03,ambulancia,478.10,51.30,7,9.36,259.10
695,moderado,FIXO,46,VE_ROTA_VE_CORREDOR_04,bombeiro,496.00,96.80,6,9.02,277.13
696,moderado,PREEMPCAO,46,VE_ROTA_VE_CORREDOR_00,ambulancia,382.20,0.00,0,11.71,163.28
696,moderado,PREEMPCAO,46,VE_ROTA_VE_CORREDOR_01,bombeiro,315.20,0.00,0,14.20,96.32
696,moderado,PREEMPCAO,46,VE_ROTA_VE_CORREDOR_02,policia,275.10,0.00,0,16.28,56.08
696,moderado,PREEMPCAO,46,VE_ROTA_VE_CORREDOR_03,ambulancia,311.20,0.00,0,14.39,92.19
696,moderado,PREEMPCAO,46,VE_ROTA_VE_CORREDOR_04,bombeiro,307.10,0.00,0,14.57,88.18
697,moderado,PREEMPCAO_COMPENSADA,46,VE_ROTA_VE_CORREDOR_00,ambulancia,382.10,0.00,0,11.72,163.08
697,moderado,PREEMPCAO_COMPENSADA,46,VE_ROTA_VE_CORREDOR_01,bombeiro,346.10,0.00,0,12.93,127.13
697,moderado,PREEMPCAO_COMPENSADA,46,VE_ROTA_VE_CORREDOR_02,policia,288.90,0.00,0,15.50,69.85
697,moderado,PREEMPCAO_COMPENSADA,46,VE_ROTA_VE_CORREDOR_03,ambulancia,302.90,0.00,0,14.78,83.88
697,moderado,PREEMPCAO_COMPENSADA,46,VE_ROTA_VE_CORREDOR_04,bombeiro,333.50,0.00,0,13.42,114.59
698,intenso,FIXO,46,VE_ROTA_VE_CORREDOR_00,ambulancia,526.30,94.90,6,8.51,307.30
698,intenso,FIXO,46,VE_ROTA_VE_CORREDOR_01,bombeiro,495.50,24.40,5,9.03,276.63
698,intenso,FIXO,46,VE_ROTA_VE_CORREDOR_02,policia,524.60,60.70,4,8.54,305.61
698,intenso,FIXO,46,VE_ROTA_VE_CORREDOR_03,ambulancia,480.50,12.50,3,9.32,261.47
698,intenso,FIXO,46,VE_ROTA_VE_CORREDOR_04,bombeiro,507.90,66.80,5,8.81,289.09
699,intenso,PREEMPCAO,46,VE_ROTA_VE_CORREDOR_00,ambulancia,418.20,0.00,0,10.71,199.17
699,intenso,PREEMPCAO,46,VE_ROTA_VE_CORREDOR_01,bombeiro,370.40,0.00,0,12.08,151.42
699,intenso,PREEMPCAO,46,VE_ROTA_VE_CORREDOR_02,policia,331.70,0.00,0,13.50,112.73
699,intenso,PREEMPCAO,46,VE_ROTA_VE_CORREDOR_03,ambulancia,371.70,0.00,0,12.05,152.74
699,intenso,PREEMPCAO,46,VE_ROTA_VE_CORREDOR_04,bombeiro,325.70,0.00,0,13.74,106.78
700,intenso,PREEMPCAO_COMPENSADA,46,VE_ROTA_VE_CORREDOR_00,ambulancia,420.10,0.00,0,10.66,201.09
700,intenso,PREEMPCAO_COMPENSADA,46,VE_ROTA_VE_CORREDOR_01,bombeiro,347.40,0.00,0,12.88,128.49
700,intenso,PREEMPCAO_COMPENSADA,46,VE_ROTA_VE_CORREDOR_02,policia,372.90,13.80,1,12.01,153.88
700,intenso,PREEMPCAO_COMPENSADA,46,VE_ROTA_VE_CORREDOR_03,ambulancia,361.60,0.00,0,12.38,142.65
700,intenso,PREEMPCAO_COMPENSADA,46,VE_ROTA_VE_CORREDOR_04,bombeiro,376.60,0.00,0,11.88,157.67
701,multiplas_emergencias,FIXO,46,VE_ROTA_VE_TRANSVERSAL_00,ambulancia,297.20,71.00,4,8.39,158.65
701,multiplas_emergencias,FIXO,46,VE_ROTA_VE_CORREDOR_00,ambulancia,526.20,130.40,7,8.51,307.18
701,multiplas_emergencias,FIXO,46,VE_ROTA_VE_TRANSVERSAL_01,bombeiro,264.90,24.40,3,9.41,126.47
701,multiplas_emergencias,FIXO,46,VE_ROTA_VE_CORREDOR_01,bombeiro,478.40,80.90,5,9.35,259.49
701,multiplas_emergencias,FIXO,46,VE_ROTA_VE_TRANSVERSAL_02,policia,287.30,88.10,4,8.68,148.76
701,multiplas_emergencias,FIXO,46,VE_ROTA_VE_CORREDOR_02,policia,508.30,126.30,6,8.81,289.37
701,multiplas_emergencias,FIXO,46,VE_ROTA_VE_TRANSVERSAL_03,ambulancia,244.10,26.50,2,10.22,105.55
701,multiplas_emergencias,FIXO,46,VE_ROTA_VE_CORREDOR_03,ambulancia,477.70,55.10,7,9.37,258.77
701,multiplas_emergencias,FIXO,46,VE_ROTA_VE_TRANSVERSAL_04,bombeiro,272.40,38.00,3,9.15,133.97
701,multiplas_emergencias,FIXO,46,VE_ROTA_VE_CORREDOR_04,bombeiro,498.20,91.90,6,8.98,279.34
701,multiplas_emergencias,FIXO,46,VE_ROTA_VE_TRANSVERSAL_05,policia,241.40,14.10,2,10.33,102.82
702,multiplas_emergencias,PREEMPCAO,46,VE_ROTA_VE_TRANSVERSAL_00,ambulancia,204.90,0.00,0,12.17,66.34
702,multiplas_emergencias,PREEMPCAO,46,VE_ROTA_VE_CORREDOR_00,ambulancia,372.50,5.70,1,12.02,153.60
702,multiplas_emergencias,PREEMPCAO,46,VE_ROTA_VE_TRANSVERSAL_01,bombeiro,187.00,10.80,1,13.32,48.65
702,multiplas_emergencias,PREEMPCAO,46,VE_ROTA_VE_CORREDOR_01,bombeiro,325.90,0.00,0,13.73,107.05
702,multiplas_emergencias,PREEMPCAO,46,VE_ROTA_VE_TRANSVERSAL_02,policia,178.90,1.80,1,13.94,40.28
702,multiplas_emergencias,PREEMPCAO,46,VE_ROTA_VE_CORREDOR_02,policia,283.70,0.20,1,15.78,64.61
702,multiplas_emergencias,PREEMPCAO,46,VE_ROTA_VE_TRANSVERSAL_03,ambulancia,211.20,16.60,2,11.81,72.63
702,multiplas_emergencias,PREEMPCAO,46,VE_ROTA_VE_CORREDOR_03,ambulancia,318.20,3.00,1,14.07,99.22
702,multiplas_emergencias,PREEMPCAO,46,VE_ROTA_VE_TRANSVERSAL_04,bombeiro,181.80,3.40,1,13.71,43.44
702,multiplas_emergencias,PREEMPCAO,46,VE_ROTA_VE_CORREDOR_04,bombeiro,321.20,0.00,0,13.93,102.23
702,multiplas_emergencias,PREEMPCAO,46,VE_ROTA_VE_TRANSVERSAL_05,policia,193.80,3.50,1,12.87,55.22
703,multiplas_emergencias,PREEMPCAO_COMPENSADA,46,VE_ROTA_VE_TRANSVERSAL_00,ambulancia,204.90,0.00,0,12.17,66.38
703,multiplas_emergencias,PREEMPCAO_COMPENSADA,46,VE_ROTA_VE_CORREDOR_00,ambulancia,360.60,5.70,1,12.42,141.64
703,multiplas_emergencias,PREEMPCAO_COMPENSADA,46,VE_ROTA_VE_TRANSVERSAL_01,bombeiro,173.50,14.90,1,14.36,35.10
703,multiplas_emergencias,PREEMPCAO_COMPENSADA,46,VE_ROTA_VE_CORREDOR_01,bombeiro,312.10,0.00,0,14.34,93.23
703,multiplas_emergencias,PREEMPCAO_COMPENSADA,46,VE_ROTA_VE_TRANSVERSAL_02,policia,221.60,10.60,2,11.26,83.01
703,multiplas_emergencias,PREEMPCAO_COMPENSADA,46,VE_ROTA_VE_CORREDOR_02,policia,311.00,0.00,0,14.40,92.03
703,multiplas_emergencias,PREEMPCAO_COMPENSADA,46,VE_ROTA_VE_TRANSVERSAL_03,ambulancia,181.90,0.00,0,13.71,43.42
703,multiplas_emergencias,PREEMPCAO_COMPENSADA,46,VE_ROTA_VE_CORREDOR_03,ambulancia,346.70,0.00,0,12.91,127.75
703,multiplas_emergencias,PREEMPCAO_COMPENSADA,46,VE_ROTA_VE_TRANSVERSAL_04,bombeiro,185.30,3.60,1,13.45,46.92
703,multiplas_emergencias,PREEMPCAO_COMPENSADA,46,VE_ROTA_VE_CORREDOR_04,bombeiro,317.30,0.00,0,14.10,98.38
703,multiplas_emergencias,PREEMPCAO_COMPENSADA,46,VE_ROTA_VE_TRANSVERSAL_05,policia,188.40,0.00,0,13.24,49.81
703,multiplas_emergencias,PREEMPCAO_COMPENSADA,46,VE_ROTA_VE_CORREDOR_05,policia,294.90,7.00,1,15.18,75.79
704,multiplas_emergencias,PREEMPCAO_ML,46,VE_ROTA_VE_TRANSVERSAL_00,ambulancia,232.10,24.80,2,10.74,93.56
704,multiplas_emergencias,PREEMPCAO_ML,46,VE_ROTA_VE_CORREDOR_00,ambulancia,368.70,0.00,0,12.14,149.64
704,multiplas_emergencias,PREEMPCAO_ML,46,VE_ROTA_VE_TRANSVERSAL_01,bombeiro,171.60,0.00,0,14.52,33.24
704,multiplas_emergencias,PREEMPCAO_ML,46,VE_ROTA_VE_CORREDOR_01,bombeiro,298.60,0.00,0,14.99,79.67
704,multiplas_emergencias,PREEMPCAO_ML,46,VE_ROTA_VE_TRANSVERSAL_02,policia,203.80,22.70,2,12.24,65.18
704,multiplas_emergencias,PREEMPCAO_ML,46,VE_ROTA_VE_CORREDOR_02,policia,285.90,0.00,0,15.66,66.93
704,multiplas_emergencias,PREEMPCAO_ML,46,VE_ROTA_VE_TRANSVERSAL_03,ambulancia,208.90,14.10,2,11.94,70.34
704,multiplas_emergencias,PREEMPCAO_ML,46,VE_ROTA_VE_CORREDOR_03,ambulancia,311.10,0.00,0,14.39,92.14
704,multiplas_emergencias,PREEMPCAO_ML,46,VE_ROTA_VE_TRANSVERSAL_04,bombeiro,212.70,16.60,1,11.71,74.28
704,multiplas_emergencias,PREEMPCAO_ML,46,VE_ROTA_VE_CORREDOR_04,bombeiro,333.60,2.70,1,13.42,114.78
704,multiplas_emergencias,PREEMPCAO_ML,46,VE_ROTA_VE_TRANSVERSAL_05,policia,255.90,17.10,1,9.75,117.34
705,leve,FIXO,47,VE_ROTA_VE_CORREDOR_00,ambulancia,443.00,99.70,5,10.11,224.04
705,leve,FIXO,47,VE_ROTA_VE_CORREDOR_01,bombeiro,466.30,145.20,5,9.60,247.47
705,leve,FIXO,47,VE_ROTA_VE_CORREDOR_02,policia,498.50,124.00,6,8.98,279.51
705,leve,FIXO,47,VE_ROTA_VE_CORREDOR_03,ambulancia,460.10,93.10,5,9.73,241.05
705,leve,FIXO,47,VE_ROTA_VE_CORREDOR_04,bombeiro,415.80,105.40,6,10.76,196.91
706,leve,PREEMPCAO,47,VE_ROTA_VE_CORREDOR_00,ambulancia,281.20,2.30,1,15.92,62.20
706,leve,PREEMPCAO,47,VE_ROTA_VE_CORREDOR_01,bombeiro,247.20,3.70,2,18.10,28.32
706,leve,PREEMPCAO,47,VE_ROTA_VE_CORREDOR_02,policia,290.90,0.00,0,15.39,71.91
706,leve,PREEMPCAO,47,VE_ROTA_VE_CORREDOR_03,ambulancia,302.70,0.00,0,14.79,83.64
706,leve,PREEMPCAO,47,VE_ROTA_VE_CORREDOR_04,bombeiro,276.30,0.00,0,16.20,57.38
706,leve,PREEMPCAO,47,VE_ROTA_VE_CORREDOR_05,policia,253.70,0.00,0,17.65,34.62
707,leve,PREEMPCAO_COMPENSADA,47,VE_ROTA_VE_CORREDOR_00,ambulancia,281.30,2.30,1,15.92,62.31
707,leve,PREEMPCAO_COMPENSADA,47,VE_ROTA_VE_CORREDOR_01,bombeiro,246.90,0.00,0,18.13,27.97
707,leve,PREEMPCAO_COMPENSADA,47,VE_ROTA_VE_CORREDOR_02,policia,286.70,0.00,0,15.62,67.60
707,leve,PREEMPCAO_COMPENSADA,47,VE_ROTA_VE_CORREDOR_03,ambulancia,263.30,0.00,0,17.00,44.27
707,leve,PREEMPCAO_COMPENSADA,47,VE_ROTA_VE_CORREDOR_04,bombeiro,253.30,0.00,0,17.67,34.33
707,leve,PREEMPCAO_COMPENSADA,47,VE_ROTA_VE_CORREDOR_05,policia,263.80,0.00,0,16.97,44.78
708,moderado,FIXO,47,VE_ROTA_VE_CORREDOR_00,ambulancia,452.60,80.50,5,9.89,233.62
708,moderado,FIXO,47,VE_ROTA_VE_CORREDOR_01,bombeiro,473.90,73.30,5,9.44,254.98
708,moderado,FIXO,47,VE_ROTA_VE_CORREDOR_02,policia,501.50,116.60,6,8.93,282.44
708,moderado,FIXO,47,VE_ROTA_VE_CORREDOR_03,ambulancia,469.60,61.60,5,9.53,250.57
708,moderado,FIXO,47,VE_ROTA_VE_CORREDOR_04,bombeiro,496.60,125.20,6,9.01,277.66
709,moderado,PREEMPCAO,47,VE_ROTA_VE_CORREDOR_00,ambulancia,318.30,0.00,0,14.07,99.32
709,moderado,PREEMPCAO,47,VE_ROTA_VE_CORREDOR_01,bombeiro,326.00,0.00,0,13.73,107.01
709,moderado,PREEMPCAO,47,VE_ROTA_VE_CORREDOR_02,policia,286.20,0.00,0,15.65,67.16
709,moderado,PREEMPCAO,47,VE_ROTA_VE_CORREDOR_03,ambulancia,309.90,0.00,0,14.45,90.89
709,moderado,PREEMPCAO,47,VE_ROTA_VE_CORREDOR_04,bombeiro,270.70,0.00,0,16.53,51.78
710,moderado,PREEMPCAO_COMPENSADA,47,VE_ROTA_VE_CORREDOR_00,ambulancia,318.40,0.00,0,14.06,99.41
710,moderado,PREEMPCAO_COMPENSADA,47,VE_ROTA_VE_CORREDOR_01,bombeiro,301.90,0.00,0,14.82,83.04
710,moderado,PREEMPCAO_COMPENSADA,47,VE_ROTA_VE_CORREDOR_02,policia,293.90,1.80,1,15.24,74.88
710,moderado,PREEMPCAO_COMPENSADA,47,VE_ROTA_VE_CORREDOR_03,ambulancia,313.90,5.40,1,14.26,94.92
710,moderado,PREEMPCAO_COMPENSADA,47,VE_ROTA_VE_CORREDOR_04,bombeiro,256.60,6.70,2,17.44,37.73
710,moderado,PREEMPCAO_COMPENSADA,47,VE_ROTA_VE_CORREDOR_05,policia,253.20,0.00,0,17.68,34.13
711,intenso,FIXO,47,VE_ROTA_VE_CORREDOR_00,ambulancia,455.90,49.90,5,9.82,236.93
711,intenso,FIXO,47,VE_ROTA_VE_CORREDOR_01,bombeiro,474.30,61.50,5,9.44,255.39
711,intenso,FIXO,47,VE_ROTA_VE_CORREDOR_02,policia,526.80,52.70,5,8.50,307.76
711,intenso,FIXO,47,VE_ROTA_VE_CORREDOR_03,ambulancia,475.40,40.40,5,9.42,256.33
711,intenso,FIXO,47,VE_ROTA_VE_CORREDOR_04,bombeiro,504.80,56.40,6,8.87,285.94
712,intenso,PREEMPCAO,47,VE_ROTA_VE_CORREDOR_00,ambulancia,425.90,22.20,3,10.51,206.85
712,intenso,PREEMPCAO,47,VE_ROTA_VE_CORREDOR_01,bombeiro,405.50,0.00,0,11.04,186.58
712,intenso,PREEMPCAO,47,VE_ROTA_VE_CORREDOR_02,policia,417.30,13.90,1,10.73,198.29
712,intenso,PREEMPCAO,47,VE_ROTA_VE_CORREDOR_03,ambulancia,373.50,0.00,0,11.99,154.51
712,intenso,PREEMPCAO,47,VE_ROTA_VE_CORREDOR_04,bombeiro,338.00,0.80,1,13.24,119.15
713,intenso,PREEMPCAO_COMPENSADA,47,VE_ROTA_VE_CORREDOR_00,ambulancia,425.80,22.50,3,10.51,206.84
713,intenso,PREEMPCAO_COMPENSADA,47,VE_ROTA_VE_CORREDOR_01,bombeiro,398.80,0.00,0,11.22,179.84
713,intenso,PREEMPCAO_COMPENSADA,47,VE_ROTA_VE_CORREDOR_02,policia,377.30,0.00,0,11.87,158.20
713,intenso,PREEMPCAO_COMPENSADA,47,VE_ROTA_VE_CORREDOR_03,ambulancia,359.80,0.00,0,12.44,140.79
713,intenso,PREEMPCAO_COMPENSADA,47,VE_ROTA_VE_CORREDOR_04,bombeiro,335.20,0.00,0,13.35,116.27
714,multiplas_emergencias,FIXO,47,VE_ROTA_VE_TRANSVERSAL_00,ambulancia,223.90,17.90,1,11.14,85.39
714,multiplas_emergencias,FIXO,47,VE_ROTA_VE_CORREDOR_00,ambulancia,452.60,78.20,5,9.89,233.52
714,multiplas_emergencias,FIXO,47,VE_ROTA_VE_TRANSVERSAL_01,bombeiro,267.20,25.90,3,9.33,128.79
714,multiplas_emergencias,FIXO,47,VE_ROTA_VE_CORREDOR_01,bombeiro,473.90,71.50,5,9.44,255.02
714,multiplas_emergencias,FIXO,47,VE_ROTA_VE_TRANSVERSAL_02,policia,281.60,69.20,4,8.86,142.98
714,multiplas_emergencias,FIXO,47,VE_ROTA_VE_CORREDOR_02,policia,499.30,117.40,6,8.97,280.25
714,multiplas_emergencias,FIXO,47,VE_ROTA_VE_TRANSVERSAL_03,ambulancia,255.20,26.00,3,9.77,116.67
714,multiplas_emergencias,FIXO,47,VE_ROTA_VE_CORREDOR_03,ambulancia,469.80,61.20,5,9.53,250.77
714,multiplas_emergencias,FIXO,47,VE_ROTA_VE_TRANSVERSAL_04,bombeiro,276.80,27.30,3,9.00,138.40
714,multiplas_emergencias,FIXO,47,VE_ROTA_VE_CORREDOR_04,bombeiro,496.70,124.90,6,9.01,277.75
714,multiplas_emergencias,FIXO,47,VE_ROTA_VE_TRANSVERSAL_05,policia,238.50,19.60,2,10.46,99.88
715,multiplas_emergencias,PREEMPCAO,47,VE_ROTA_VE_TRANSVERSAL_00,ambulancia,173.10,0.00,0,14.41,34.56
715,multiplas_emergencias,PREEMPCAO,47,VE_ROTA_VE_CORREDOR_00,ambulancia,353.20,0.00,0,12.68,134.18
715,multiplas_emergencias,PREEMPCAO,47,VE_ROTA_VE_TRANSVERSAL_01,bombeiro,215.70,15.70,1,11.55,77.28
715,multiplas_emergencias,PREEMPCAO,47,VE_ROTA_VE_CORREDOR_01,bombeiro,307.70,0.00,0,14.54,88.80
715,multiplas_emergencias,PREEMPCAO,47,VE_ROTA_VE_TRANSVERSAL_02,policia,176.20,2.00,1,14.16,37.69
715,multiplas_emergencias,PREEMPCAO,47,VE_ROTA_VE_CORREDOR_02,policia,299.30,1.80,1,14.96,80.23
715,multiplas_emergencias,PREEMPCAO,47,VE_ROTA_VE_TRANSVERSAL_03,ambulancia,174.70,4.50,2,14.27,36.20
715,multiplas_emergencias,PREEMPCAO,47,VE_ROTA_VE_CORREDOR_03,ambulancia,309.20,0.00,0,14.48,90.19
715,multiplas_emergencias,PREEMPCAO,47,VE_ROTA_VE_TRANSVERSAL_04,bombeiro,191.10,0.00,0,13.04,52.72
715,multiplas_emergencias,PREEMPCAO,47,VE_ROTA_VE_CORREDOR_04,bombeiro,273.20,0.00,0,16.38,54.33
715,multiplas_emergencias,PREEMPCAO,47,VE_ROTA_VE_TRANSVERSAL_05,policia,166.40,4.60,1,14.99,27.83
716,multiplas_emergencias,PREEMPCAO_COMPENSADA,47,VE_ROTA_VE_TRANSVERSAL_00,ambulancia,173.10,0.00,0,14.41,34.56
716,multiplas_emergencias,PREEMPCAO_COMPENSADA,47,VE_ROTA_VE_CORREDOR_00,ambulancia,347.70,0.00,0,12.88,128.62
716,multiplas_emergencias,PREEMPCAO_COMPENSADA,47,VE_ROTA_VE_TRANSVERSAL_01,bombeiro,206.20,6.70,1,12.08,67.81
716,multiplas_emergencias,PREEMPCAO_COMPENSADA,47,VE_ROTA_VE_CORREDOR_01,bombeiro,313.60,0.00,0,14.27,94.70
716,multiplas_emergencias,PREEMPCAO_COMPENSADA,47,VE_ROTA_VE_TRANSVERSAL_02,policia,191.20,17.20,1,13.04,52.67
716,multiplas_emergencias,PREEMPCAO_COMPENSADA,47,VE_ROTA_VE_CORREDOR_02,policia,309.30,0.00,0,14.48,90.33
716,multiplas_emergencias,PREEMPCAO_COMPENSADA,47,VE_ROTA_VE_TRANSVERSAL_03,ambulancia,172.00,0.00,0,14.50,33.48
716,multiplas_emergencias,PREEMPCAO_COMPENSADA,47,VE_ROTA_VE_CORREDOR_03,ambulancia,289.30,0.00,0,15.48,70.29
716,multiplas_emergencias,PREEMPCAO_COMPENSADA,47,VE_ROTA_VE_TRANSVERSAL_04,bombeiro,218.80,6.80,2,11.39,80.41
716,multiplas_emergencias,PREEMPCAO_COMPENSADA,47,VE_ROTA_VE_CORREDOR_04,bombeiro,296.90,3.70,2,15.07,77.98
716,multiplas_emergencias,PREEMPCAO_COMPENSADA,47,VE_ROTA_VE_TRANSVERSAL_05,policia,197.70,6.00,1,12.62,59.13
717,multiplas_emergencias,PREEMPCAO_ML,47,VE_ROTA_VE_TRANSVERSAL_00,ambulancia,201.40,29.70,1,12.38,62.85
717,multiplas_emergencias,PREEMPCAO_ML,47,VE_ROTA_VE_CORREDOR_00,ambulancia,321.00,0.00,0,13.95,102.08
717,multiplas_emergencias,PREEMPCAO_ML,47,VE_ROTA_VE_TRANSVERSAL_01,bombeiro,234.40,38.10,3,10.63,96.01
717,multiplas_emergencias,PREEMPCAO_ML,47,VE_ROTA_VE_CORREDOR_01,bombeiro,317.30,0.00,0,14.10,98.37
717,multiplas_emergencias,PREEMPCAO_ML,47,VE_ROTA_VE_TRANSVERSAL_02,policia,203.50,22.80,2,12.26,64.95
717,multiplas_emergencias,PREEMPCAO_ML,47,VE_ROTA_VE_CORREDOR_02,policia,287.10,0.00,0,15.60,68.07
717,multiplas_emergencias,PREEMPCAO_ML,47,VE_ROTA_VE_TRANSVERSAL_03,ambulancia,162.90,0.00,0,15.31,24.37
717,multiplas_emergencias,PREEMPCAO_ML,47,VE_ROTA_VE_CORREDOR_03,ambulancia,301.80,0.00,0,14.84,82.75
717,multiplas_emergencias,PREEMPCAO_ML,47,VE_ROTA_VE_TRANSVERSAL_04,bombeiro,200.20,0.00,0,12.45,61.76
717,multiplas_emergencias,PREEMPCAO_ML,47,VE_ROTA_VE_CORREDOR_04,bombeiro,260.30,0.00,0,17.19,41.38
717,multiplas_emergencias,PREEMPCAO_ML,47,VE_ROTA_VE_TRANSVERSAL_05,policia,198.20,9.20,1,12.58,59.63
718,leve,FIXO,48,VE_ROTA_VE_CORREDOR_00,ambulancia,513.90,148.10,6,8.71,294.91
718,leve,FIXO,48,VE_ROTA_VE_CORREDOR_01,bombeiro,340.50,83.10,3,13.14,121.60
718,leve,FIXO,48,VE_ROTA_VE_CORREDOR_02,policia,502.40,143.50,6,8.91,283.38
718,leve,FIXO,48,VE_ROTA_VE_CORREDOR_03,ambulancia,464.50,96.10,6,9.64,245.52
718,leve,FIXO,48,VE_ROTA_VE_CORREDOR_04,bombeiro,427.60,76.50,5,10.47,208.79
719,leve,PREEMPCAO,48,VE_ROTA_VE_CORREDOR_00,ambulancia,290.70,0.00,0,15.40,71.67
719,leve,PREEMPCAO,48,VE_ROTA_VE_CORREDOR_01,bombeiro,248.10,0.00,0,18.04,29.12
719,leve,PREEMPCAO,48,VE_ROTA_VE_CORREDOR_02,policia,241.10,0.00,0,18.57,22.09
719,leve,PREEMPCAO,48,VE_ROTA_VE_CORREDOR_03,ambulancia,284.20,0.00,0,15.75,65.17
719,leve,PREEMPCAO,48,VE_ROTA_VE_CORREDOR_04,bombeiro,243.80,4.90,1,18.36,24.89
719,leve,PREEMPCAO,48,VE_ROTA_VE_CORREDOR_05,policia,244.00,0.00,0,18.35,24.99
720,leve,PREEMPCAO_COMPENSADA,48,VE_ROTA_VE_CORREDOR_00,ambulancia,290.90,0.00,0,15.39,71.90
720,leve,PREEMPCAO_COMPENSADA,48,VE_ROTA_VE_CORREDOR_01,bombeiro,245.10,0.00,0,18.26,26.21
720,leve,PREEMPCAO_COMPENSADA,48,VE_ROTA_VE_CORREDOR_02,policia,255.70,0.00,0,17.51,36.65
720,leve,PREEMPCAO_COMPENSADA,48,VE_ROTA_VE_CORREDOR_03,ambulancia,259.60,0.00,0,17.25,40.54
720,leve,PREEMPCAO_COMPENSADA,48,VE_ROTA_VE_CORREDOR_04,bombeiro,239.50,3.70,1,18.69,20.59
720,leve,PREEMPCAO_COMPENSADA,48,VE_ROTA_VE_CORREDOR_05,policia,240.90,3.20,1,18.59,21.93
721,moderado,FIXO,48,VE_ROTA_VE_CORREDOR_00,ambulancia,514.20,136.90,6,8.71,295.25
721,moderado,FIXO,48,VE_ROTA_VE_CORREDOR_01,bombeiro,471.70,83.60,5,9.49,252.77
721,moderado,FIXO,48,VE_ROTA_VE_CORREDOR_02,policia,514.00,73.40,6,8.71,295.03
721,moderado,FIXO,48,VE_ROTA_VE_CORREDOR_03,ambulancia,470.00,66.20,5,9.53,250.99
721,moderado,FIXO,48,VE_ROTA_VE_CORREDOR_04,bombeiro,495.60,124.70,6,9.03,276.74
722,moderado,PREEMPCAO,48,VE_ROTA_VE_CORREDOR_00,ambulancia,329.50,0.00,0,13.59,110.50
722,moderado,PREEMPCAO,48,VE_ROTA_VE_CORREDOR_01,bombeiro,273.80,0.00,0,16.34,54.92
722,moderado,PREEMPCAO,48,VE_ROTA_VE_CORREDOR_02,policia,300.20,0.00,0,14.92,81.18
722,moderado,PREEMPCAO,48,VE_ROTA_VE_CORREDOR_03,ambulancia,264.50,0.00,0,16.93,45.48
722,moderado,PREEMPCAO,48,VE_ROTA_VE_CORREDOR_04,bombeiro,300.60,2.50,1,14.89,81.74
723,moderado,PREEMPCAO_COMPENSADA,48,VE_ROTA_VE_CORREDOR_00,ambulancia,328.60,0.00,0,13.63,109.60
723,moderado,PREEMPCAO_COMPENSADA,48,VE_ROTA_VE_CORREDOR_01,bombeiro,297.00,0.00,0,15.07,78.12
723,moderado,PREEMPCAO_COMPENSADA,48,VE_ROTA_VE_CORREDOR_02,policia,342.00,0.00,0,13.09,123.07
723,moderado,PREEMPCAO_COMPENSADA,48,VE_ROTA_VE_CORREDOR_03,ambulancia,329.60,0.00,0,13.58,110.70
723,moderado,PREEMPCAO_COMPENSADA,48,VE_ROTA_VE_CORREDOR_04,bombeiro,321.60,0.00,0,13.92,102.65
724,intenso,FIXO,48,VE_ROTA_VE_CORREDOR_00,ambulancia,519.30,115.30,6,8.62,300.28
724,intenso,FIXO,48,VE_ROTA_VE_CORREDOR_01,bombeiro,558.20,70.20,7,8.02,339.35
724,intenso,FIXO,48,VE_ROTA_VE_CORREDOR_02,policia,627.20,193.60,9,7.14,408.13
724,intenso,FIXO,48,VE_ROTA_VE_CORREDOR_03,ambulancia,484.90,31.70,3,9.23,265.90
724,intenso,FIXO,48,VE_ROTA_VE_CORREDOR_04,bombeiro,515.30,44.80,6,8.68,296.43
725,intenso,PREEMPCAO,48,VE_ROTA_VE_CORREDOR_00,ambulancia,413.20,14.50,1,10.84,194.24
725,intenso,PREEMPCAO,48,VE_ROTA_VE_CORREDOR_01,bombeiro,390.00,0.00,0,11.48,171.08
725,intenso,PREEMPCAO,48,VE_ROTA_VE_CORREDOR_02,policia,353.00,0.00,0,12.68,133.97
725,intenso,PREEMPCAO,48,VE_ROTA_VE_CORREDOR_03,ambulancia,339.90,0.00,0,13.17,120.95
725,intenso,PREEMPCAO,48,VE_ROTA_VE_CORREDOR_04,bombeiro,383.40,0.00,0,11.67,164.49
726,intenso,PREEMPCAO_COMPENSADA,48,VE_ROTA_VE_CORREDOR_00,ambulancia,413.20,14.50,1,10.84,194.31
726,intenso,PREEMPCAO_COMPENSADA,48,VE_ROTA_VE_CORREDOR_01,bombeiro,394.50,0.00,0,11.34,175.59
726,intenso,PREEMPCAO_COMPENSADA,48,VE_ROTA_VE_CORREDOR_02,policia,339.30,0.00,0,13.20,120.23
726,intenso,PREEMPCAO_COMPENSADA,48,VE_ROTA_VE_CORREDOR_03,ambulancia,343.00,0.00,0,13.05,124.04
726,intenso,PREEMPCAO_COMPENSADA,48,VE_ROTA_VE_CORREDOR_04,bombeiro,316.10,0.00,0,14.16,97.23
727,multiplas_emergencias,FIXO,48,VE_ROTA_VE_TRANSVERSAL_00,ambulancia,293.80,67.50,4,8.49,155.26
727,multiplas_emergencias,FIXO,48,VE_ROTA_VE_CORREDOR_00,ambulancia,514.10,136.40,6,8.71,295.16
727,multiplas_emergencias,FIXO,48,VE_ROTA_VE_TRANSVERSAL_01,bombeiro,251.40,20.90,2,9.91,112.96
727,multiplas_emergencias,FIXO,48,VE_ROTA_VE_CORREDOR_01,bombeiro,471.80,83.80,5,9.49,252.90
727,multiplas_emergencias,FIXO,48,VE_ROTA_VE_TRANSVERSAL_02,policia,287.10,43.50,4,8.69,148.48
727,multiplas_emergencias,FIXO,48,VE_ROTA_VE_CORREDOR_02,policia,513.90,74.60,6,8.71,294.90
727,multiplas_emergencias,FIXO,48,VE_ROTA_VE_TRANSVERSAL_03,ambulancia,248.00,12.90,2,10.06,109.47
727,multiplas_emergencias,FIXO,48,VE_ROTA_VE_CORREDOR_03,ambulancia,469.90,66.20,5,9.53,250.84
727,multiplas_emergencias,FIXO,48,VE_ROTA_VE_TRANSVERSAL_04,bombeiro,265.70,38.40,2,9.38,127.32
727,multiplas_emergencias,FIXO,48,VE_ROTA_VE_CORREDOR_04,bombeiro,495.50,124.20,6,9.03,276.59
727,multiplas_emergencias,FIXO,48,VE_ROTA_VE_TRANSVERSAL_05,policia,250.10,9.10,2,9.97,111.48
728,multiplas_emergencias,PREEMPCAO,48,VE_ROTA_VE_TRANSVERSAL_00,ambulancia,180.70,0.00,0,13.80,42.20
728,multiplas_emergencias,PREEMPCAO,48,VE_ROTA_VE_CORREDOR_00,ambulancia,328.70,5.10,1,13.62,109.71
728,multiplas_emergencias,PREEMPCAO,48,VE_ROTA_VE_TRANSVERSAL_01,bombeiro,180.60,4.60,1,13.80,42.19
728,multiplas_emergencias,PREEMPCAO,48,VE_ROTA_VE_CORREDOR_01,bombeiro,329.00,0.00,0,13.60,110.04
728,multiplas_emergencias,PREEMPCAO,48,VE_ROTA_VE_TRANSVERSAL_02,policia,200.10,0.00,0,12.46,61.54
728,multiplas_emergencias,PREEMPCAO,48,VE_ROTA_VE_CORREDOR_02,policia,337.00,0.00,0,13.29,118.03
728,multiplas_emergencias,PREEMPCAO,48,VE_ROTA_VE_TRANSVERSAL_03,ambulancia,215.40,1.10,1,11.58,76.88
728,multiplas_emergencias,PREEMPCAO,48,VE_ROTA_VE_CORREDOR_03,ambulancia,270.50,0.00,0,16.55,51.52
728,multiplas_emergencias,PREEMPCAO,48,VE_ROTA_VE_TRANSVERSAL_04,bombeiro,230.30,8.00,1,10.82,91.94
728,multiplas_emergencias,PREEMPCAO,48,VE_ROTA_VE_CORREDOR_04,bombeiro,312.10,2.50,1,14.34,93.22
728,multiplas_emergencias,PREEMPCAO,48,VE_ROTA_VE_TRANSVERSAL_05,policia,199.80,0.00,0,12.48,61.25
729,multiplas_emergencias,PREEMPCAO_COMPENSADA,48,VE_ROTA_VE_TRANSVERSAL_00,ambulancia,180.70,0.00,0,13.80,42.19
729,multiplas_emergencias,PREEMPCAO_COMPENSADA,48,VE_ROTA_VE_CORREDOR_00,ambulancia,319.90,5.10,1,14.00,100.96
729,multiplas_emergencias,PREEMPCAO_COMPENSADA,48,VE_ROTA_VE_TRANSVERSAL_01,bombeiro,172.50,4.60,1,14.44,34.13
729,multiplas_emergencias,PREEMPCAO_COMPENSADA,48,VE_ROTA_VE_CORREDOR_01,bombeiro,290.50,0.00,0,15.41,71.61
729,multiplas_emergencias,PREEMPCAO_COMPENSADA,48,VE_ROTA_VE_TRANSVERSAL_02,policia,178.60,0.60,1,13.97,40.02
729,multiplas_emergencias,PREEMPCAO_COMPENSADA,48,VE_ROTA_VE_CORREDOR_02,policia,329.90,1.50,1,13.57,110.91
729,multiplas_emergencias,PREEMPCAO_COMPENSADA,48,VE_ROTA_VE_TRANSVERSAL_03,ambulancia,238.00,3.00,1,10.48,99.45
729,multiplas_emergencias,PREEMPCAO_COMPENSADA,48,VE_ROTA_VE_CORREDOR_03,ambulancia,305.60,1.70,1,14.65,86.64
729,multiplas_emergencias,PREEMPCAO_COMPENSADA,48,VE_ROTA_VE_TRANSVERSAL_04,bombeiro,213.90,0.00,0,11.65,75.55
729,multiplas_emergencias,PREEMPCAO_COMPENSADA,48,VE_ROTA_VE_CORREDOR_04,bombeiro,297.20,0.00,0,15.06,78.25
729,multiplas_emergencias,PREEMPCAO_COMPENSADA,48,VE_ROTA_VE_TRANSVERSAL_05,policia,180.40,0.00,0,13.83,41.87
730,multiplas_emergencias,PREEMPCAO_ML,48,VE_ROTA_VE_TRANSVERSAL_00,ambulancia,180.70,0.00,0,13.80,42.20
730,multiplas_emergencias,PREEMPCAO_ML,48,VE_ROTA_VE_CORREDOR_00,ambulancia,328.70,5.10,1,13.62,109.71
730,multiplas_emergencias,PREEMPCAO_ML,48,VE_ROTA_VE_TRANSVERSAL_01,bombeiro,189.70,0.00,0,13.13,51.26
730,multiplas_emergencias,PREEMPCAO_ML,48,VE_ROTA_VE_CORREDOR_01,bombeiro,329.10,8.70,2,13.60,110.25
730,multiplas_emergencias,PREEMPCAO_ML,48,VE_ROTA_VE_TRANSVERSAL_02,policia,198.00,0.00,0,12.60,59.48
730,multiplas_emergencias,PREEMPCAO_ML,48,VE_ROTA_VE_CORREDOR_02,policia,336.60,0.00,0,13.30,117.63
730,multiplas_emergencias,PREEMPCAO_ML,48,VE_ROTA_VE_TRANSVERSAL_03,ambulancia,218.00,1.70,1,11.44,79.50
730,multiplas_emergencias,PREEMPCAO_ML,48,VE_ROTA_VE_CORREDOR_03,ambulancia,282.50,0.00,0,15.85,63.49
730,multiplas_emergencias,PREEMPCAO_ML,48,VE_ROTA_VE_TRANSVERSAL_04,bombeiro,229.20,7.20,1,10.87,90.79
730,multiplas_emergencias,PREEMPCAO_ML,48,VE_ROTA_VE_CORREDOR_04,bombeiro,321.50,2.50,1,13.92,102.58
730,multiplas_emergencias,PREEMPCAO_ML,48,VE_ROTA_VE_TRANSVERSAL_05,policia,198.50,0.00,0,12.56,59.91
731,leve,FIXO,49,VE_ROTA_VE_CORREDOR_00,ambulancia,447.80,87.20,6,10.00,228.86
731,leve,FIXO,49,VE_ROTA_VE_CORREDOR_01,bombeiro,472.20,122.30,5,9.48,253.29
731,leve,FIXO,49,VE_ROTA_VE_CORREDOR_02,policia,360.30,67.70,5,12.43,141.29
731,leve,FIXO,49,VE_ROTA_VE_CORREDOR_03,ambulancia,460.00,114.40,5,9.73,240.99
731,leve,FIXO,49,VE_ROTA_VE_CORREDOR_04,bombeiro,421.70,84.60,5,10.61,202.73
732,leve,PREEMPCAO,49,VE_ROTA_VE_CORREDOR_00,ambulancia,282.00,2.30,1,15.88,63.01
732,leve,PREEMPCAO,49,VE_ROTA_VE_CORREDOR_01,bombeiro,286.30,2.60,1,15.63,67.39
732,leve,PREEMPCAO,49,VE_ROTA_VE_CORREDOR_02,policia,241.20,2.30,1,18.56,22.21
732,leve,PREEMPCAO,49,VE_ROTA_VE_CORREDOR_03,ambulancia,273.10,0.00,0,16.39,54.12
732,leve,PREEMPCAO,49,VE_ROTA_VE_CORREDOR_04,bombeiro,235.60,0.00,0,19.00,16.71
732,leve,PREEMPCAO,49,VE_ROTA_VE_CORREDOR_05,policia,273.30,0.00,0,16.38,54.24
733,leve,PREEMPCAO_COMPENSADA,49,VE_ROTA_VE_CORREDOR_00,ambulancia,282.10,2.30,1,15.87,63.09
733,leve,PREEMPCAO_COMPENSADA,49,VE_ROTA_VE_CORREDOR_01,bombeiro,254.40,0.00,0,17.59,35.48
733,leve,PREEMPCAO_COMPENSADA,49,VE_ROTA_VE_CORREDOR_02,policia,229.80,0.00,0,19.49,10.70
733,leve,PREEMPCAO_COMPENSADA,49,VE_ROTA_VE_CORREDOR_03,ambulancia,237.60,0.00,0,18.84,18.61
733,leve,PREEMPCAO_COMPENSADA,49,VE_ROTA_VE_CORREDOR_04,bombeiro,252.00,0.10,1,17.76,33.11
733,leve,PREEMPCAO_COMPENSADA,49,VE_ROTA_VE_CORREDOR_05,policia,245.90,0.00,0,18.21,26.86
734,moderado,FIXO,49,VE_ROTA_VE_CORREDOR_00,ambulancia,520.20,127.40,6,8.61,301.17
734,moderado,FIXO,49,VE_ROTA_VE_CORREDOR_01,bombeiro,484.40,79.00,5,9.24,265.53
734,moderado,FIXO,49,VE_ROTA_VE_CORREDOR_02,policia,503.80,114.80,6,8.89,284.73
734,moderado,FIXO,49,VE_ROTA_VE_CORREDOR_03,ambulancia,473.30,61.90,5,9.46,254.28
734,moderado,FIXO,49,VE_ROTA_VE_CORREDOR_04,bombeiro,510.40,70.70,6,8.77,291.48
735,moderado,PREEMPCAO,49,VE_ROTA_VE_CORREDOR_00,ambulancia,373.50,1.50,1,11.99,154.50
735,moderado,PREEMPCAO,49,VE_ROTA_VE_CORREDOR_01,bombeiro,302.40,0.00,0,14.80,83.49
735,moderado,PREEMPCAO,49,VE_ROTA_VE_CORREDOR_02,policia,332.70,0.00,0,13.46,113.71
735,moderado,PREEMPCAO,49,VE_ROTA_VE_CORREDOR_03,ambulancia,321.80,4.20,2,13.91,102.81
735,moderado,PREEMPCAO,49,VE_ROTA_VE_CORREDOR_04,bombeiro,343.30,0.40,1,13.04,124.39
735,moderado,PREEMPCAO,49,VE_ROTA_VE_CORREDOR_05,policia,294.10,0.00,0,15.23,75.01
736,moderado,PREEMPCAO_COMPENSADA,49,VE_ROTA_VE_CORREDOR_00,ambulancia,375.80,1.50,1,11.91,156.74
736,moderado,PREEMPCAO_COMPENSADA,49,VE_ROTA_VE_CORREDOR_01,bombeiro,276.40,3.70,1,16.19,57.50
736,moderado,PREEMPCAO_COMPENSADA,49,VE_ROTA_VE_CORREDOR_02,policia,271.90,0.00,0,16.47,52.88
736,moderado,PREEMPCAO_COMPENSADA,49,VE_ROTA_VE_CORREDOR_03,ambulancia,291.10,0.00,0,15.38,72.15
736,moderado,PREEMPCAO_COMPENSADA,49,VE_ROTA_VE_CORREDOR_04,bombeiro,291.40,0.00,0,15.36,72.48
736,moderado,PREEMPCAO_COMPENSADA,49,VE_ROTA_VE_CORREDOR_05,policia,274.60,0.00,0,16.31,55.56
737,intenso,FIXO,49,VE_ROTA_VE_CORREDOR_00,ambulancia,609.10,186.40,7,7.35,390.11
737,intenso,FIXO,49,VE_ROTA_VE_CORREDOR_01,bombeiro,483.00,54.00,5,9.27,264.10
737,intenso,FIXO,49,VE_ROTA_VE_CORREDOR_02,policia,518.60,32.10,5,8.63,299.65
737,intenso,FIXO,49,VE_ROTA_VE_CORREDOR_03,ambulancia,479.00,56.30,5,9.35,260.08
737,intenso,FIXO,49,VE_ROTA_VE_CORREDOR_04,bombeiro,584.40,76.20,6,7.66,365.49
738,intenso,PREEMPCAO,49,VE_ROTA_VE_CORREDOR_00,ambulancia,417.10,14.10,1,10.73,198.14
738,intenso,PREEMPCAO,49,VE_ROTA_VE_CORREDOR_01,bombeiro,378.70,13.70,1,11.82,159.86
738,intenso,PREEMPCAO,49,VE_ROTA_VE_CORREDOR_02,policia,406.30,0.00,0,11.02,187.27
738,intenso,PREEMPCAO,49,VE_ROTA_VE_CORREDOR_03,ambulancia,347.80,0.00,0,12.87,128.75
738,intenso,PREEMPCAO,49,VE_ROTA_VE_CORREDOR_04,bombeiro,375.90,0.00,0,11.91,157.01
739,intenso,PREEMPCAO_COMPENSADA,49,VE_ROTA_VE_CORREDOR_00,ambulancia,417.10,14.20,1,10.73,198.14
739,intenso,PREEMPCAO_COMPENSADA,49,VE_ROTA_VE_CORREDOR_01,bombeiro,358.10,0.00,0,12.50,139.22
739,intenso,PREEMPCAO_COMPENSADA,49,VE_ROTA_VE_CORREDOR_02,policia,367.70,0.00,0,12.18,148.65
739,intenso,PREEMPCAO_COMPENSADA,49,VE_ROTA_VE_CORREDOR_03,ambulancia,339.70,4.90,1,13.18,120.74
739,intenso,PREEMPCAO_COMPENSADA,49,VE_ROTA_VE_CORREDOR_04,bombeiro,393.70,0.00,0,11.37,174.70
740,multiplas_emergencias,FIXO,49,VE_ROTA_VE_TRANSVERSAL_00,ambulancia,296.00,70.70,4,8.42,157.43
740,multiplas_emergencias,FIXO,49,VE_ROTA_VE_CORREDOR_00,ambulancia,520.20,127.10,6,8.61,301.21
740,multiplas_emergencias,FIXO,49,VE_ROTA_VE_TRANSVERSAL_01,bombeiro,267.20,13.10,3,9.33,128.80
740,multiplas_emergencias,FIXO,49,VE_ROTA_VE_CORREDOR_01,bombeiro,484.20,79.70,5,9.24,265.28
740,multiplas_emergencias,FIXO,49,VE_ROTA_VE_TRANSVERSAL_02,policia,287.90,69.90,4,8.66,149.32
740,multiplas_emergencias,FIXO,49,VE_ROTA_VE_CORREDOR_02,policia,503.70,114.60,6,8.89,284.68
740,multiplas_emergencias,FIXO,49,VE_ROTA_VE_TRANSVERSAL_03,ambulancia,249.00,13.50,1,10.01,110.45
740,multiplas_emergencias,FIXO,49,VE_ROTA_VE_CORREDOR_03,ambulancia,475.80,56.10,5,9.41,256.85
740,multiplas_emergencias,FIXO,49,VE_ROTA_VE_TRANSVERSAL_04,bombeiro,285.80,44.50,4,8.72,147.38
740,multiplas_emergencias,FIXO,49,VE_ROTA_VE_CORREDOR_04,bombeiro,510.40,71.20,6,8.77,291.55
740,multiplas_emergencias,FIXO,49,VE_ROTA_VE_TRANSVERSAL_05,policia,244.10,9.60,1,10.22,105.59
741,multiplas_emergencias,PREEMPCAO,49,VE_ROTA_VE_TRANSVERSAL_00,ambulancia,201.00,5.10,1,12.41,62.45
741,multiplas_emergencias,PREEMPCAO,49,VE_ROTA_VE_CORREDOR_00,ambulancia,360.30,0.00,0,12.43,141.29
741,multiplas_emergencias,PREEMPCAO,49,VE_ROTA_VE_TRANSVERSAL_01,bombeiro,204.20,6.70,1,12.20,65.82
741,multiplas_emergencias,PREEMPCAO,49,VE_ROTA_VE_CORREDOR_01,bombeiro,298.40,0.00,0,15.00,79.54
741,multiplas_emergencias,PREEMPCAO,49,VE_ROTA_VE_TRANSVERSAL_02,policia,203.30,5.90,1,12.27,64.70
741,multiplas_emergencias,PREEMPCAO,49,VE_ROTA_VE_CORREDOR_02,policia,335.80,7.60,1,13.33,116.81
741,multiplas_emergencias,PREEMPCAO,49,VE_ROTA_VE_TRANSVERSAL_03,ambulancia,193.30,0.00,0,12.90,54.73
741,multiplas_emergencias,PREEMPCAO,49,VE_ROTA_VE_CORREDOR_03,ambulancia,284.40,0.00,0,15.74,65.40
741,multiplas_emergencias,PREEMPCAO,49,VE_ROTA_VE_TRANSVERSAL_04,bombeiro,185.90,0.00,0,13.40,47.54
741,multiplas_emergencias,PREEMPCAO,49,VE_ROTA_VE_CORREDOR_04,bombeiro,318.60,0.00,0,14.05,99.64
741,multiplas_emergencias,PREEMPCAO,49,VE_ROTA_VE_TRANSVERSAL_05,policia,217.10,4.00,1,11.49,78.51
741,multiplas_emergencias,PREEMPCAO,49,VE_ROTA_VE_CORREDOR_05,policia,295.50,5.60,1,15.15,76.47
742,multiplas_emergencias,PREEMPCAO_COMPENSADA,49,VE_ROTA_VE_TRANSVERSAL_00,ambulancia,201.00,5.10,1,12.41,62.49
742,multiplas_emergencias,PREEMPCAO_COMPENSADA,49,VE_ROTA_VE_CORREDOR_00,ambulancia,347.40,0.00,0,12.89,128.45
742,multiplas_emergencias,PREEMPCAO_COMPENSADA,49,VE_ROTA_VE_TRANSVERSAL_01,bombeiro,168.50,0.00,0,14.79,30.17
742,multiplas_emergencias,PREEMPCAO_COMPENSADA,49,VE_ROTA_VE_CORREDOR_01,bombeiro,315.80,0.00,0,14.17,96.87
742,multiplas_emergencias,PREEMPCAO_COMPENSADA,49,VE_ROTA_VE_TRANSVERSAL_02,policia,186.70,5.40,1,13.36,48.11
742,multiplas_emergencias,PREEMPCAO_COMPENSADA,49,VE_ROTA_VE_CORREDOR_02,policia,306.40,0.20,1,14.61,87.42
742,multiplas_emergencias,PREEMPCAO_COMPENSADA,49,VE_ROTA_VE_TRANSVERSAL_03,ambulancia,187.50,0.00,0,13.30,49.03
742,multiplas_emergencias,PREEMPCAO_COMPENSADA,49,VE_ROTA_VE_CORREDOR_03,ambulancia,291.10,1.70,1,15.38,72.07
742,multiplas_emergencias,PREEMPCAO_COMPENSADA,49,VE_ROTA_VE_TRANSVERSAL_04,bombeiro,177.30,0.00,0,14.05,38.96
742,multiplas_emergencias,PREEMPCAO_COMPENSADA,49,VE_ROTA_VE_CORREDOR_04,bombeiro,286.00,0.00,0,15.65,67.09
742,multiplas_emergencias,PREEMPCAO_COMPENSADA,49,VE_ROTA_VE_TRANSVERSAL_05,policia,175.80,8.60,1,14.19,37.26
743,multiplas_emergencias,PREEMPCAO_ML,49,VE_ROTA_VE_TRANSVERSAL_00,ambulancia,245.30,37.90,3,10.17,106.76
743,multiplas_emergencias,PREEMPCAO_ML,49,VE_ROTA_VE_CORREDOR_00,ambulancia,346.80,1.70,2,12.91,127.84
743,multiplas_emergencias,PREEMPCAO_ML,49,VE_ROTA_VE_TRANSVERSAL_01,bombeiro,216.40,6.40,1,11.51,78.04
743,multiplas_emergencias,PREEMPCAO_ML,49,VE_ROTA_VE_CORREDOR_01,bombeiro,300.70,0.00,0,14.88,81.78
743,multiplas_emergencias,PREEMPCAO_ML,49,VE_ROTA_VE_TRANSVERSAL_02,policia,165.90,0.00,0,15.03,27.38
743,multiplas_emergencias,PREEMPCAO_ML,49,VE_ROTA_VE_CORREDOR_02,policia,311.40,0.00,0,14.38,92.35
743,multiplas_emergencias,PREEMPCAO_ML,49,VE_ROTA_VE_TRANSVERSAL_03,ambulancia,216.20,6.10,2,11.53,77.65
743,multiplas_emergencias,PREEMPCAO_ML,49,VE_ROTA_VE_CORREDOR_03,ambulancia,314.50,0.00,0,14.24,95.52
743,multiplas_emergencias,PREEMPCAO_ML,49,VE_ROTA_VE_TRANSVERSAL_04,bombeiro,184.00,0.00,0,13.54,45.63
743,multiplas_emergencias,PREEMPCAO_ML,49,VE_ROTA_VE_CORREDOR_04,bombeiro,326.80,0.00,0,13.69,107.94
743,multiplas_emergencias,PREEMPCAO_ML,49,VE_ROTA_VE_TRANSVERSAL_05,policia,204.00,12.10,1,12.23,65.50
743,multiplas_emergencias,PREEMPCAO_ML,49,VE_ROTA_VE_CORREDOR_05,policia,296.80,0.20,1,15.09,77.81
744,leve,FIXO,50,VE_ROTA_VE_CORREDOR_00,ambulancia,441.90,88.00,5,10.13,222.90
744,leve,FIXO,50,VE_ROTA_VE_CORREDOR_01,bombeiro,403.20,88.10,4,11.10,184.32
744,leve,FIXO,50,VE_ROTA_VE_CORREDOR_02,policia,497.80,119.50,6,9.00,278.79
744,leve,FIXO,50,VE_ROTA_VE_CORREDOR_03,ambulancia,457.80,127.80,5,9.78,238.79
744,leve,FIXO,50,VE_ROTA_VE_CORREDOR_04,bombeiro,492.40,93.20,5,9.09,273.49
745,leve,PREEMPCAO,50,VE_ROTA_VE_CORREDOR_00,ambulancia,279.10,2.30,1,16.04,60.07
745,leve,PREEMPCAO,50,VE_ROTA_VE_CORREDOR_01,bombeiro,247.20,1.60,1,18.10,28.26
745,leve,PREEMPCAO,50,VE_ROTA_VE_CORREDOR_02,policia,281.60,0.00,0,15.90,62.59
745,leve,PREEMPCAO,50,VE_ROTA_VE_CORREDOR_03,ambulancia,237.40,0.00,0,18.86,18.40
745,leve,PREEMPCAO,50,VE_ROTA_VE_CORREDOR_04,bombeiro,270.80,0.00,0,16.53,51.88
745,leve,PREEMPCAO,50,VE_ROTA_VE_CORREDOR_05,policia,229.70,0.00,0,19.49,10.68
746,leve,PREEMPCAO_COMPENSADA,50,VE_ROTA_VE_CORREDOR_00,ambulancia,279.00,2.30,1,16.05,60.04
746,leve,PREEMPCAO_COMPENSADA,50,VE_ROTA_VE_CORREDOR_01,bombeiro,246.00,1.60,1,18.19,27.09
746,leve,PREEMPCAO_COMPENSADA,50,VE_ROTA_VE_CORREDOR_02,policia,269.20,0.20,1,16.63,50.14
746,leve,PREEMPCAO_COMPENSADA,50,VE_ROTA_VE_CORREDOR_03,ambulancia,243.30,0.00,0,18.40,24.33
746,leve,PREEMPCAO_COMPENSADA,50,VE_ROTA_VE_CORREDOR_04,bombeiro,282.10,2.00,1,15.86,63.25
746,leve,PREEMPCAO_COMPENSADA,50,VE_ROTA_VE_CORREDOR_05,policia,260.30,0.00,0,17.20,41.33
747,moderado,FIXO,50,VE_ROTA_VE_CORREDOR_00,ambulancia,517.40,124.60,7,8.65,298.31
747,moderado,FIXO,50,VE_ROTA_VE_CORREDOR_01,bombeiro,472.30,97.40,5,9.48,253.40
747,moderado,FIXO,50,VE_ROTA_VE_CORREDOR_02,policia,507.30,96.10,6,8.83,288.29
747,moderado,FIXO,50,VE_ROTA_VE_CORREDOR_03,ambulancia,470.10,83.90,5,9.52,251.05
747,moderado,FIXO,50,VE_ROTA_VE_CORREDOR_04,bombeiro,508.90,101.70,6,8.79,290.03
748,moderado,PREEMPCAO,50,VE_ROTA_VE_CORREDOR_00,ambulancia,331.90,0.00,0,13.49,112.92
748,moderado,PREEMPCAO,50,VE_ROTA_VE_CORREDOR_01,bombeiro,328.70,0.00,0,13.62,109.79
748,moderado,PREEMPCAO,50,VE_ROTA_VE_CORREDOR_02,policia,299.90,0.00,0,14.93,80.87
748,moderado,PREEMPCAO,50,VE_ROTA_VE_CORREDOR_03,ambulancia,309.40,4.10,1,14.47,90.35
748,moderado,PREEMPCAO,50,VE_ROTA_VE_CORREDOR_04,bombeiro,345.90,0.00,0,12.94,127.03
749,moderado,PREEMPCAO_COMPENSADA,50,VE_ROTA_VE_CORREDOR_00,ambulancia,330.30,0.00,0,13.56,111.33
749,moderado,PREEMPCAO_COMPENSADA,50,VE_ROTA_VE_CORREDOR_01,bombeiro,293.50,0.00,0,15.25,74.63
749,moderado,PREEMPCAO_COMPENSADA,50,VE_ROTA_VE_CORREDOR_02,policia,281.90,0.00,0,15.88,62.84
749,moderado,PREEMPCAO_COMPENSADA,50,VE_ROTA_VE_CORREDOR_03,ambulancia,311.70,0.00,0,14.36,92.70
749,moderado,PREEMPCAO_COMPENSADA,50,VE_ROTA_VE_CORREDOR_04,bombeiro,294.40,0.00,0,15.20,75.52
749,moderado,PREEMPCAO_COMPENSADA,50,VE_ROTA_VE_CORREDOR_05,policia,277.40,0.00,0,16.14,58.39
750,intenso,FIXO,50,VE_ROTA_VE_CORREDOR_00,ambulancia,536.00,56.50,4,8.35,316.96
750,intenso,FIXO,50,VE_ROTA_VE_CORREDOR_01,bombeiro,482.40,29.40,4,9.28,263.51
750,intenso,FIXO,50,VE_ROTA_VE_CORREDOR_02,policia,518.10,54.20,6,8.64,299.03
750,intenso,FIXO,50,VE_ROTA_VE_CORREDOR_03,ambulancia,485.10,19.30,5,9.23,266.14
750,intenso,FIXO,50,VE_ROTA_VE_CORREDOR_04,bombeiro,503.10,50.40,5,8.90,284.23
751,intenso,PREEMPCAO,50,VE_ROTA_VE_CORREDOR_00,ambulancia,400.90,0.00,0,11.17,181.94
751,intenso,PREEMPCAO,50,VE_ROTA_VE_CORREDOR_01,bombeiro,362.40,0.00,0,12.35,143.48
751,intenso,PREEMPCAO,50,VE_ROTA_VE_CORREDOR_02,policia,372.30,0.00,0,12.03,153.32
751,intenso,PREEMPCAO,50,VE_ROTA_VE_CORREDOR_03,ambulancia,371.00,0.00,0,12.07,152.05
751,intenso,PREEMPCAO,50,VE_ROTA_VE_CORREDOR_04,bombeiro,358.30,0.00,0,12.49,139.36
752,intenso,PREEMPCAO_COMPENSADA,50,VE_ROTA_VE_CORREDOR_00,ambulancia,403.90,0.00,0,11.09,184.93
752,intenso,PREEMPCAO_COMPENSADA,50,VE_ROTA_VE_CORREDOR_01,bombeiro,346.60,0.00,0,12.91,127.69
752,intenso,PREEMPCAO_COMPENSADA,50,VE_ROTA_VE_CORREDOR_02,policia,334.50,0.00,0,13.39,115.49
752,intenso,PREEMPCAO_COMPENSADA,50,VE_ROTA_VE_CORREDOR_03,ambulancia,320.20,0.00,0,13.98,101.11
752,intenso,PREEMPCAO_COMPENSADA,50,VE_ROTA_VE_CORREDOR_04,bombeiro,360.70,0.00,0,12.41,141.82
753,multiplas_emergencias,FIXO,50,VE_ROTA_VE_TRANSVERSAL_00,ambulancia,296.00,70.80,4,8.42,157.45
753,multiplas_emergencias,FIXO,50,VE_ROTA_VE_CORREDOR_00,ambulancia,517.50,124.40,7,8.65,298.45
753,multiplas_emergencias,FIXO,50,VE_ROTA_VE_TRANSVERSAL_01,bombeiro,271.00,7.60,1,9.19,132.66
753,multiplas_emergencias,FIXO,50,VE_ROTA_VE_CORREDOR_01,bombeiro,472.30,97.10,5,9.48,253.40
753,multiplas_emergencias,FIXO,50,VE_ROTA_VE_TRANSVERSAL_02,policia,291.20,33.90,4,8.57,152.59
753,multiplas_emergencias,FIXO,50,VE_ROTA_VE_CORREDOR_02,policia,509.00,97.00,6,8.80,289.92
753,multiplas_emergencias,FIXO,50,VE_ROTA_VE_TRANSVERSAL_03,ambulancia,253.60,15.70,2,9.83,115.06
753,multiplas_emergencias,FIXO,50,VE_ROTA_VE_CORREDOR_03,ambulancia,469.90,84.70,5,9.53,250.88
753,multiplas_emergencias,FIXO,50,VE_ROTA_VE_TRANSVERSAL_04,bombeiro,279.20,45.90,4,8.92,140.83
753,multiplas_emergencias,FIXO,50,VE_ROTA_VE_CORREDOR_04,bombeiro,436.10,71.50,5,10.26,217.21
753,multiplas_emergencias,FIXO,50,VE_ROTA_VE_TRANSVERSAL_05,policia,247.80,18.10,2,10.07,109.26
754,multiplas_emergencias,PREEMPCAO,50,VE_ROTA_VE_TRANSVERSAL_00,ambulancia,180.30,0.00,0,13.83,41.73
754,multiplas_emergencias,PREEMPCAO,50,VE_ROTA_VE_CORREDOR_00,ambulancia,330.10,0.00,0,13.56,111.15
754,multiplas_emergencias,PREEMPCAO,50,VE_ROTA_VE_TRANSVERSAL_01,bombeiro,240.00,7.70,2,10.38,101.62
754,multiplas_emergencias,PREEMPCAO,50,VE_ROTA_VE_CORREDOR_01,bombeiro,281.40,0.00,0,15.90,62.46
754,multiplas_emergencias,PREEMPCAO,50,VE_ROTA_VE_TRANSVERSAL_02,policia,216.00,1.70,1,11.55,77.42
754,multiplas_emergencias,PREEMPCAO,50,VE_ROTA_VE_CORREDOR_02,policia,290.80,13.50,1,15.40,71.76
754,multiplas_emergencias,PREEMPCAO,50,VE_ROTA_VE_TRANSVERSAL_03,ambulancia,172.60,2.20,2,14.45,34.02
754,multiplas_emergencias,PREEMPCAO,50,VE_ROTA_VE_CORREDOR_03,ambulancia,320.80,5.50,2,13.96,101.80
754,multiplas_emergencias,PREEMPCAO,50,VE_ROTA_VE_TRANSVERSAL_04,bombeiro,203.40,15.90,1,12.25,64.97
754,multiplas_emergencias,PREEMPCAO,50,VE_ROTA_VE_CORREDOR_04,bombeiro,296.50,0.00,0,15.09,77.56
754,multiplas_emergencias,PREEMPCAO,50,VE_ROTA_VE_TRANSVERSAL_05,policia,195.70,4.90,2,12.74,57.13
755,multiplas_emergencias,PREEMPCAO_COMPENSADA,50,VE_ROTA_VE_TRANSVERSAL_00,ambulancia,180.50,0.00,0,13.82,41.97
755,multiplas_emergencias,PREEMPCAO_COMPENSADA,50,VE_ROTA_VE_CORREDOR_00,ambulancia,326.10,0.00,0,13.73,107.13
755,multiplas_emergencias,PREEMPCAO_COMPENSADA,50,VE_ROTA_VE_TRANSVERSAL_01,bombeiro,234.20,3.70,1,10.64,95.79
755,multiplas_emergencias,PREEMPCAO_COMPENSADA,50,VE_ROTA_VE_CORREDOR_01,bombeiro,297.30,0.00,0,15.05,78.36
755,multiplas_emergencias,PREEMPCAO_COMPENSADA,50,VE_ROTA_VE_TRANSVERSAL_02,policia,194.70,3.10,1,12.81,56.09
755,multiplas_emergencias,PREEMPCAO_COMPENSADA,50,VE_ROTA_VE_CORREDOR_02,policia,317.90,0.00,0,14.09,98.79
755,multiplas_emergencias,PREEMPCAO_COMPENSADA,50,VE_ROTA_VE_TRANSVERSAL_03,ambulancia,185.30,0.00,0,13.46,46.79
755,multiplas_emergencias,PREEMPCAO_COMPENSADA,50,VE_ROTA_VE_CORREDOR_03,ambulancia,311.00,0.00,0,14.40,92.00
755,multiplas_emergencias,PREEMPCAO_COMPENSADA,50,VE_ROTA_VE_TRANSVERSAL_04,bombeiro,200.60,0.40,1,12.42,62.15
755,multiplas_emergencias,PREEMPCAO_COMPENSADA,50,VE_ROTA_VE_CORREDOR_04,bombeiro,278.30,0.00,0,16.08,59.34
755,multiplas_emergencias,PREEMPCAO_COMPENSADA,50,VE_ROTA_VE_TRANSVERSAL_05,policia,175.30,8.30,1,14.23,36.74
756,multiplas_emergencias,PREEMPCAO_ML,50,VE_ROTA_VE_TRANSVERSAL_00,ambulancia,212.60,18.70,2,11.73,74.11
756,multiplas_emergencias,PREEMPCAO_ML,50,VE_ROTA_VE_CORREDOR_00,ambulancia,349.00,6.30,1,12.83,130.04
756,multiplas_emergencias,PREEMPCAO_ML,50,VE_ROTA_VE_TRANSVERSAL_01,bombeiro,220.10,3.40,1,11.32,81.70
756,multiplas_emergencias,PREEMPCAO_ML,50,VE_ROTA_VE_CORREDOR_01,bombeiro,293.40,2.20,1,15.25,74.57
756,multiplas_emergencias,PREEMPCAO_ML,50,VE_ROTA_VE_TRANSVERSAL_02,policia,221.20,9.50,2,11.28,82.66
756,multiplas_emergencias,PREEMPCAO_ML,50,VE_ROTA_VE_CORREDOR_02,policia,277.10,0.00,0,16.16,58.09
756,multiplas_emergencias,PREEMPCAO_ML,50,VE_ROTA_VE_TRANSVERSAL_03,ambulancia,159.10,0.00,0,15.67,20.55
756,multiplas_emergencias,PREEMPCAO_ML,50,VE_ROTA_VE_CORREDOR_03,ambulancia,317.20,4.00,1,14.11,98.14
756,multiplas_emergencias,PREEMPCAO_ML,50,VE_ROTA_VE_TRANSVERSAL_04,bombeiro,193.40,0.00,0,12.88,55.02
756,multiplas_emergencias,PREEMPCAO_ML,50,VE_ROTA_VE_CORREDOR_04,bombeiro,269.40,10.70,1,16.61,50.52
756,multiplas_emergencias,PREEMPCAO_ML,50,VE_ROTA_VE_TRANSVERSAL_05,policia,227.40,13.40,1,10.97,88.86
756,multiplas_emergencias,PREEMPCAO_ML,50,VE_ROTA_VE_CORREDOR_05,policia,283.00,0.00,0,15.82,63.98
