cenario,seed,modo,t_s,id_veiculo,distancia_m,velocidade_ms,via
intenso,1,FIXO,301.0,VE_ROTA_VE_CORREDOR_00,19.49,21.66,A1_L0
intenso,1,FIXO,302.0,VE_ROTA_VE_CORREDOR_00,41.14,21.65,A1_L0
intenso,1,FIXO,303.0,VE_ROTA_VE_CORREDOR_00,62.80,21.66,A1_L0
intenso,1,FIXO,304.0,VE_ROTA_VE_CORREDOR_00,84.45,21.66,A1_L0
intenso,1,FIXO,305.0,VE_ROTA_VE_CORREDOR_00,106.11,21.66,A1_L0
intenso,1,FIXO,306.0,VE_ROTA_VE_CORREDOR_00,127.77,21.66,A1_L0
intenso,1,FIXO,307.0,VE_ROTA_VE_CORREDOR_00,149.42,21.66,A1_L0
intenso,1,FIXO,308.0,VE_ROTA_VE_CORREDOR_00,171.08,21.66,A1_L0
intenso,1,FIXO,309.0,VE_ROTA_VE_CORREDOR_00,192.74,21.67,A1_L0
intenso,1,FIXO,310.0,VE_ROTA_VE_CORREDOR_00,214.40,21.67,A1_L0
intenso,1,FIXO,311.0,VE_ROTA_VE_CORREDOR_00,236.06,21.66,A1_L0
intenso,1,FIXO,312.0,VE_ROTA_VE_CORREDOR_00,257.71,21.67,A1_L0
intenso,1,FIXO,313.0,VE_ROTA_VE_CORREDOR_00,279.37,21.67,A1_L0
intenso,1,FIXO,314.0,VE_ROTA_VE_CORREDOR_00,301.02,21.66,A1_L0
intenso,1,FIXO,315.0,VE_ROTA_VE_CORREDOR_00,322.68,21.66,A1_L0
intenso,1,FIXO,316.0,VE_ROTA_VE_CORREDOR_00,344.34,21.66,A1_L0
intenso,1,FIXO,317.0,VE_ROTA_VE_CORREDOR_00,365.99,21.66,A1_L0
intenso,1,FIXO,318.0,VE_ROTA_VE_CORREDOR_00,387.58,21.14,A1_L0
intenso,1,FIXO,319.0,VE_ROTA_VE_CORREDOR_00,407.05,18.10,A1_L0
intenso,1,FIXO,320.0,VE_ROTA_VE_CORREDOR_00,423.56,15.21,A1_L0
intenso,1,FIXO,321.0,VE_ROTA_VE_CORREDOR_00,437.25,12.47,A1_L0
intenso,1,FIXO,322.0,VE_ROTA_VE_CORREDOR_00,448.25,9.83,A1_L0
intenso,1,FIXO,323.0,VE_ROTA_VE_CORREDOR_00,456.72,7.36,A1_L0
intenso,1,FIXO,324.0,VE_ROTA_VE_CORREDOR_00,462.86,5.18,A1_L0
intenso,1,FIXO,325.0,VE_ROTA_VE_CORREDOR_00,466.98,3.31,A1_L0
intenso,1,FIXO,326.0,VE_ROTA_VE_CORREDOR_00,469.50,1.92,A1_L0
intenso,1,FIXO,327.0,VE_ROTA_VE_CORREDOR_00,470.87,1.00,A1_L0
intenso,1,FIXO,328.0,VE_ROTA_VE_CORREDOR_00,471.56,0.49,A1_L0
intenso,1,FIXO,329.0,VE_ROTA_VE_CORREDOR_00,471.89,0.23,A1_L0
intenso,1,FIXO,330.0,VE_ROTA_VE_CORREDOR_00,472.04,0.11,A1_L0
intenso,1,FIXO,331.0,VE_ROTA_VE_CORREDOR_00,472.12,0.05,A1_L0
intenso,1,FIXO,332.0,VE_ROTA_VE_CORREDOR_00,472.16,0.03,A1_L0
intenso,1,FIXO,333.0,VE_ROTA_VE_CORREDOR_00,472.18,0.01,A1_L0
intenso,1,FIXO,334.0,VE_ROTA_VE_CORREDOR_00,472.19,0.01,A1_L0
intenso,1,FIXO,335.0,VE_ROTA_VE_CORREDOR_00,472.19,0.00,A1_L0
intenso,1,FIXO,336.0,VE_ROTA_VE_CORREDOR_00,472.19,0.00,A1_L0
intenso,1,FIXO,337.0,VE_ROTA_VE_CORREDOR_00,472.20,0.00,A1_L0
intenso,1,FIXO,338.0,VE_ROTA_VE_CORREDOR_00,472.20,0.00,A1_L0
intenso,1,FIXO,339.0,VE_ROTA_VE_CORREDOR_00,472.20,0.00,A1_L0
intenso,1,FIXO,340.0,VE_ROTA_VE_CORREDOR_00,472.20,0.00,A1_L0
intenso,1,FIXO,341.0,VE_ROTA_VE_CORREDOR_00,472.20,0.00,A1_L0
intenso,1,FIXO,342.0,VE_ROTA_VE_CORREDOR_00,472.20,0.00,A1_L0
intenso,1,FIXO,343.0,VE_ROTA_VE_CORREDOR_00,472.20,0.00,A1_L0
intenso,1,FIXO,344.0,VE_ROTA_VE_CORREDOR_00,472.20,0.00,A1_L0
intenso,1,FIXO,345.0,VE_ROTA_VE_CORREDOR_00,472.20,0.00,A1_L0
intenso,1,FIXO,346.0,VE_ROTA_VE_CORREDOR_00,472.20,0.00,A1_L0
intenso,1,FIXO,347.0,VE_ROTA_VE_CORREDOR_00,472.20,0.00,A1_L0
intenso,1,FIXO,348.0,VE_ROTA_VE_CORREDOR_00,472.20,0.00,A1_L0
intenso,1,FIXO,349.0,VE_ROTA_VE_CORREDOR_00,472.20,0.00,A1_L0
intenso,1,FIXO,350.0,VE_ROTA_VE_CORREDOR_00,472.20,0.00,A1_L0
intenso,1,FIXO,351.0,VE_ROTA_VE_CORREDOR_00,472.25,0.18,A1_L0
intenso,1,FIXO,352.0,VE_ROTA_VE_CORREDOR_00,472.93,1.20,A1_L0
intenso,1,FIXO,353.0,VE_ROTA_VE_CORREDOR_00,474.98,2.82,A1_L0
intenso,1,FIXO,354.0,VE_ROTA_VE_CORREDOR_00,478.82,4.64,A1_L0
intenso,1,FIXO,355.0,VE_ROTA_VE_CORREDOR_00,484.51,6.61,A1_L0
intenso,1,FIXO,356.0,VE_ROTA_VE_CORREDOR_00,492.17,8.50,:CRUZ_01_11
intenso,1,FIXO,357.0,VE_ROTA_VE_CORREDOR_00,501.66,10.30,A1_L1
intenso,1,FIXO,358.0,VE_ROTA_VE_CORREDOR_00,513.00,12.27,A1_L1
intenso,1,FIXO,359.0,VE_ROTA_VE_CORREDOR_00,526.31,14.15,A1_L1
intenso,1,FIXO,360.0,VE_ROTA_VE_CORREDOR_00,541.37,15.37,A1_L1
intenso,1,FIXO,361.0,VE_ROTA_VE_CORREDOR_00,556.91,15.60,A1_L1
intenso,1,FIXO,362.0,VE_ROTA_VE_CORREDOR_00,572.93,16.89,A1_L1
intenso,1,FIXO,363.0,VE_ROTA_VE_CORREDOR_00,591.38,19.75,A1_L1
intenso,1,FIXO,364.0,VE_ROTA_VE_CORREDOR_00,612.06,20.66,A1_L1
intenso,1,FIXO,365.0,VE_ROTA_VE_CORREDOR_00,632.27,19.94,A1_L1
intenso,1,FIXO,366.0,VE_ROTA_VE_CORREDOR_00,651.83,19.31,A1_L1
intenso,1,FIXO,367.0,VE_ROTA_VE_CORREDOR_00,670.83,18.79,A1_L1
intenso,1,FIXO,368.0,VE_ROTA_VE_CORREDOR_00,689.37,18.41,A1_L1
intenso,1,FIXO,369.0,VE_ROTA_VE_CORREDOR_00,707.55,18.06,A1_L1
intenso,1,FIXO,370.0,VE_ROTA_VE_CORREDOR_00,725.42,17.73,A1_L1
intenso,1,FIXO,371.0,VE_ROTA_VE_CORREDOR_00,743.04,17.51,A1_L1
intenso,1,FIXO,372.0,VE_ROTA_VE_CORREDOR_00,760.45,17.36,A1_L1
intenso,1,FIXO,373.0,VE_ROTA_VE_CORREDOR_00,777.71,17.15,A1_L1
intenso,1,FIXO,374.0,VE_ROTA_VE_CORREDOR_00,794.84,17.02,A1_L1
intenso,1,FIXO,375.0,VE_ROTA_VE_CORREDOR_00,811.88,16.99,A1_L1
intenso,1,FIXO,376.0,VE_ROTA_VE_CORREDOR_00,828.84,16.91,A1_L1
intenso,1,FIXO,377.0,VE_ROTA_VE_CORREDOR_00,845.72,16.83,A1_L1
intenso,1,FIXO,378.0,VE_ROTA_VE_CORREDOR_00,862.54,16.80,A1_L1
intenso,1,FIXO,379.0,VE_ROTA_VE_CORREDOR_00,879.31,16.83,A1_L1
intenso,1,FIXO,380.0,VE_ROTA_VE_CORREDOR_00,896.06,16.73,A1_L1
intenso,1,FIXO,381.0,VE_ROTA_VE_CORREDOR_00,912.79,16.68,A1_L1
intenso,1,FIXO,382.0,VE_ROTA_VE_CORREDOR_00,929.49,16.75,A1_L1
intenso,1,FIXO,383.0,VE_ROTA_VE_CORREDOR_00,945.10,14.14,A1_L1
intenso,1,FIXO,384.0,VE_ROTA_VE_CORREDOR_00,957.39,10.79,A1_L1
intenso,1,FIXO,385.0,VE_ROTA_VE_CORREDOR_00,966.46,7.68,A1_L1
intenso,1,FIXO,386.0,VE_ROTA_VE_CORREDOR_00,972.59,4.92,A1_L1
intenso,1,FIXO,387.0,VE_ROTA_VE_CORREDOR_00,976.20,2.67,A1_L1
intenso,1,FIXO,388.0,VE_ROTA_VE_CORREDOR_00,978.00,1.21,A1_L1
intenso,1,FIXO,389.0,VE_ROTA_VE_CORREDOR_00,978.76,0.48,A1_L1
intenso,1,FIXO,390.0,VE_ROTA_VE_CORREDOR_00,979.05,0.17,A1_L1
intenso,1,FIXO,391.0,VE_ROTA_VE_CORREDOR_00,979.14,0.06,A1_L1
intenso,1,FIXO,392.0,VE_ROTA_VE_CORREDOR_00,979.18,0.02,A1_L1
intenso,1,FIXO,393.0,VE_ROTA_VE_CORREDOR_00,979.19,0.01,A1_L1
intenso,1,FIXO,394.0,VE_ROTA_VE_CORREDOR_00,979.20,0.00,A1_L1
intenso,1,FIXO,395.0,VE_ROTA_VE_CORREDOR_00,979.20,0.00,A1_L1
intenso,1,FIXO,396.0,VE_ROTA_VE_CORREDOR_00,979.20,0.00,A1_L1
intenso,1,FIXO,397.0,VE_ROTA_VE_CORREDOR_00,979.20,0.00,A1_L1
intenso,1,FIXO,398.0,VE_ROTA_VE_CORREDOR_00,979.20,0.00,A1_L1
intenso,1,FIXO,399.0,VE_ROTA_VE_CORREDOR_00,979.20,0.00,A1_L1
intenso,1,FIXO,400.0,VE_ROTA_VE_CORREDOR_00,979.20,0.00,A1_L1
intenso,1,FIXO,401.0,VE_ROTA_VE_CORREDOR_00,979.20,0.00,A1_L1
intenso,1,FIXO,402.0,VE_ROTA_VE_CORREDOR_00,979.20,0.00,A1_L1
intenso,1,FIXO,403.0,VE_ROTA_VE_CORREDOR_00,979.20,0.00,A1_L1
intenso,1,FIXO,404.0,VE_ROTA_VE_CORREDOR_00,979.20,0.00,A1_L1
intenso,1,FIXO,405.0,VE_ROTA_VE_CORREDOR_00,979.20,0.00,A1_L1
intenso,1,FIXO,406.0,VE_ROTA_VE_CORREDOR_00,979.20,0.00,A1_L1
intenso,1,FIXO,407.0,VE_ROTA_VE_CORREDOR_00,979.20,0.00,A1_L1
intenso,1,FIXO,408.0,VE_ROTA_VE_CORREDOR_00,979.20,0.00,A1_L1
intenso,1,FIXO,409.0,VE_ROTA_VE_CORREDOR_00,979.20,0.00,A1_L1
intenso,1,FIXO,410.0,VE_ROTA_VE_CORREDOR_00,979.20,0.00,A1_L1
intenso,1,FIXO,411.0,VE_ROTA_VE_CORREDOR_00,979.20,0.00,A1_L1
intenso,1,FIXO,412.0,VE_ROTA_VE_CORREDOR_00,979.20,0.00,A1_L1
intenso,1,FIXO,413.0,VE_ROTA_VE_CORREDOR_00,979.20,0.00,A1_L1
intenso,1,FIXO,414.0,VE_ROTA_VE_CORREDOR_00,979.20,0.00,A1_L1
intenso,1,FIXO,415.0,VE_ROTA_VE_CORREDOR_00,979.20,0.00,A1_L1
intenso,1,FIXO,416.0,VE_ROTA_VE_CORREDOR_00,979.20,0.00,A1_L1
intenso,1,FIXO,417.0,VE_ROTA_VE_CORREDOR_00,979.20,0.00,A1_L1
intenso,1,FIXO,418.0,VE_ROTA_VE_CORREDOR_00,979.20,0.00,A1_L1
intenso,1,FIXO,419.0,VE_ROTA_VE_CORREDOR_00,979.20,0.00,A1_L1
intenso,1,FIXO,420.0,VE_ROTA_VE_CORREDOR_00,979.20,0.00,A1_L1
intenso,1,FIXO,421.0,VE_ROTA_VE_CORREDOR_00,979.60,1.04,A1_L1
intenso,1,FIXO,422.0,VE_ROTA_VE_CORREDOR_00,981.68,2.94,A1_L1
intenso,1,FIXO,423.0,VE_ROTA_VE_CORREDOR_00,985.60,4.74,A1_L1
intenso,1,FIXO,424.0,VE_ROTA_VE_CORREDOR_00,991.37,6.56,:CRUZ_02_11
intenso,1,FIXO,425.0,VE_ROTA_VE_CORREDOR_00,998.97,8.51,:CRUZ_02_11
intenso,1,FIXO,426.0,VE_ROTA_VE_CORREDOR_00,1008.60,10.53,A1_L2
intenso,1,FIXO,427.0,VE_ROTA_VE_CORREDOR_00,1020.29,12.62,A1_L2
intenso,1,FIXO,428.0,VE_ROTA_VE_CORREDOR_00,1034.04,14.63,A1_L2
intenso,1,FIXO,429.0,VE_ROTA_VE_CORREDOR_00,1049.38,15.57,A1_L2
intenso,1,FIXO,430.0,VE_ROTA_VE_CORREDOR_00,1065.04,15.77,A1_L2
intenso,1,FIXO,431.0,VE_ROTA_VE_CORREDOR_00,1080.91,15.93,A1_L2
intenso,1,FIXO,432.0,VE_ROTA_VE_CORREDOR_00,1096.95,16.13,A1_L2
intenso,1,FIXO,433.0,VE_ROTA_VE_CORREDOR_00,1113.14,16.26,A1_L2
intenso,1,FIXO,434.0,VE_ROTA_VE_CORREDOR_00,1129.41,16.33,A1_L2
intenso,1,FIXO,435.0,VE_ROTA_VE_CORREDOR_00,1145.76,16.35,A1_L2
intenso,1,FIXO,436.0,VE_ROTA_VE_CORREDOR_00,1162.17,16.46,A1_L2
intenso,1,FIXO,437.0,VE_ROTA_VE_CORREDOR_00,1178.61,16.42,A1_L2
intenso,1,FIXO,438.0,VE_ROTA_VE_CORREDOR_00,1195.09,16.49,A1_L2
intenso,1,FIXO,439.0,VE_ROTA_VE_CORREDOR_00,1211.62,16.48,A1_L2
intenso,1,FIXO,440.0,VE_ROTA_VE_CORREDOR_00,1228.18,16.59,A1_L2
intenso,1,FIXO,441.0,VE_ROTA_VE_CORREDOR_00,1244.75,16.54,A1_L2
intenso,1,FIXO,442.0,VE_ROTA_VE_CORREDOR_00,1261.34,16.62,A1_L2
intenso,1,FIXO,443.0,VE_ROTA_VE_CORREDOR_00,1277.93,16.63,A1_L2
intenso,1,FIXO,444.0,VE_ROTA_VE_CORREDOR_00,1294.54,16.65,A1_L2
intenso,1,FIXO,445.0,VE_ROTA_VE_CORREDOR_00,1311.15,16.56,A1_L2
intenso,1,FIXO,446.0,VE_ROTA_VE_CORREDOR_00,1327.77,16.58,A1_L2
intenso,1,FIXO,447.0,VE_ROTA_VE_CORREDOR_00,1344.40,16.62,A1_L2
intenso,1,FIXO,448.0,VE_ROTA_VE_CORREDOR_00,1361.03,16.66,A1_L2
intenso,1,FIXO,449.0,VE_ROTA_VE_CORREDOR_00,1377.65,16.60,A1_L2
intenso,1,FIXO,450.0,VE_ROTA_VE_CORREDOR_00,1394.26,16.61,A1_L2
intenso,1,FIXO,451.0,VE_ROTA_VE_CORREDOR_00,1410.88,16.62,A1_L2
intenso,1,FIXO,452.0,VE_ROTA_VE_CORREDOR_00,1427.50,16.58,A1_L2
intenso,1,FIXO,453.0,VE_ROTA_VE_CORREDOR_00,1443.40,14.55,A1_L2
intenso,1,FIXO,454.0,VE_ROTA_VE_CORREDOR_00,1456.09,11.19,A1_L2
intenso,1,FIXO,455.0,VE_ROTA_VE_CORREDOR_00,1465.54,8.05,A1_L2
intenso,1,FIXO,456.0,VE_ROTA_VE_CORREDOR_00,1472.01,5.22,A1_L2
intenso,1,FIXO,457.0,VE_ROTA_VE_CORREDOR_00,1475.88,2.90,A1_L2
intenso,1,FIXO,458.0,VE_ROTA_VE_CORREDOR_00,1477.86,1.35,A1_L2
intenso,1,FIXO,459.0,VE_ROTA_VE_CORREDOR_00,1478.71,0.53,A1_L2
intenso,1,FIXO,460.0,VE_ROTA_VE_CORREDOR_00,1479.03,0.19,A1_L2
intenso,1,FIXO,461.0,VE_ROTA_VE_CORREDOR_00,1479.14,0.07,A1_L2
intenso,1,FIXO,462.0,VE_ROTA_VE_CORREDOR_00,1479.18,0.02,A1_L2
intenso,1,FIXO,463.0,VE_ROTA_VE_CORREDOR_00,1479.19,0.01,A1_L2
intenso,1,FIXO,464.0,VE_ROTA_VE_CORREDOR_00,1479.20,0.00,A1_L2
intenso,1,FIXO,465.0,VE_ROTA_VE_CORREDOR_00,1479.20,0.00,A1_L2
intenso,1,FIXO,466.0,VE_ROTA_VE_CORREDOR_00,1479.20,0.00,A1_L2
intenso,1,FIXO,467.0,VE_ROTA_VE_CORREDOR_00,1479.20,0.00,A1_L2
intenso,1,FIXO,468.0,VE_ROTA_VE_CORREDOR_00,1479.20,0.00,A1_L2
intenso,1,FIXO,469.0,VE_ROTA_VE_CORREDOR_00,1479.20,0.00,A1_L2
intenso,1,FIXO,470.0,VE_ROTA_VE_CORREDOR_00,1479.20,0.00,A1_L2
intenso,1,FIXO,471.0,VE_ROTA_VE_CORREDOR_00,1479.20,0.00,A1_L2
intenso,1,FIXO,472.0,VE_ROTA_VE_CORREDOR_00,1479.20,0.00,A1_L2
intenso,1,FIXO,473.0,VE_ROTA_VE_CORREDOR_00,1479.20,0.00,A1_L2
intenso,1,FIXO,474.0,VE_ROTA_VE_CORREDOR_00,1479.20,0.00,A1_L2
intenso,1,FIXO,475.0,VE_ROTA_VE_CORREDOR_00,1479.20,0.00,A1_L2
intenso,1,FIXO,476.0,VE_ROTA_VE_CORREDOR_00,1479.20,0.00,A1_L2
intenso,1,FIXO,477.0,VE_ROTA_VE_CORREDOR_00,1479.20,0.00,A1_L2
intenso,1,FIXO,478.0,VE_ROTA_VE_CORREDOR_00,1479.20,0.00,A1_L2
intenso,1,FIXO,479.0,VE_ROTA_VE_CORREDOR_00,1479.20,0.00,A1_L2
intenso,1,FIXO,480.0,VE_ROTA_VE_CORREDOR_00,1479.20,0.00,A1_L2
intenso,1,FIXO,481.0,VE_ROTA_VE_CORREDOR_00,1479.20,0.00,A1_L2
intenso,1,FIXO,482.0,VE_ROTA_VE_CORREDOR_00,1479.20,0.00,A1_L2
intenso,1,FIXO,483.0,VE_ROTA_VE_CORREDOR_00,1479.20,0.00,A1_L2
intenso,1,FIXO,484.0,VE_ROTA_VE_CORREDOR_00,1479.20,0.00,A1_L2
intenso,1,FIXO,485.0,VE_ROTA_VE_CORREDOR_00,1479.20,0.00,A1_L2
intenso,1,FIXO,486.0,VE_ROTA_VE_CORREDOR_00,1479.20,0.00,A1_L2
intenso,1,FIXO,487.0,VE_ROTA_VE_CORREDOR_00,1479.20,0.00,A1_L2
intenso,1,FIXO,488.0,VE_ROTA_VE_CORREDOR_00,1479.20,0.00,A1_L2
intenso,1,FIXO,489.0,VE_ROTA_VE_CORREDOR_00,1479.20,0.00,A1_L2
intenso,1,FIXO,490.0,VE_ROTA_VE_CORREDOR_00,1479.20,0.00,A1_L2
intenso,1,FIXO,491.0,VE_ROTA_VE_CORREDOR_00,1479.60,1.00,A1_L2
intenso,1,FIXO,492.0,VE_ROTA_VE_CORREDOR_00,1481.45,2.60,A1_L2
intenso,1,FIXO,493.0,VE_ROTA_VE_CORREDOR_00,1485.06,4.48,A1_L2
intenso,1,FIXO,494.0,VE_ROTA_VE_CORREDOR_00,1490.60,6.40,:CRUZ_03_11
intenso,1,FIXO,495.0,VE_ROTA_VE_CORREDOR_00,1498.02,8.25,:CRUZ_03_11
intenso,1,FIXO,496.0,VE_ROTA_VE_CORREDOR_00,1507.41,10.34,A1_L3
intenso,1,FIXO,497.0,VE_ROTA_VE_CORREDOR_00,1518.90,12.52,A1_L3
intenso,1,FIXO,498.0,VE_ROTA_VE_CORREDOR_00,1532.53,14.51,A1_L3
intenso,1,FIXO,499.0,VE_ROTA_VE_CORREDOR_00,1547.78,15.56,A1_L3
intenso,1,FIXO,500.0,VE_ROTA_VE_CORREDOR_00,1563.44,15.78,A1_L3
intenso,1,FIXO,501.0,VE_ROTA_VE_CORREDOR_00,1579.29,15.98,A1_L3
intenso,1,FIXO,502.0,VE_ROTA_VE_CORREDOR_00,1595.32,16.08,A1_L3
intenso,1,FIXO,503.0,VE_ROTA_VE_CORREDOR_00,1611.48,16.21,A1_L3
intenso,1,FIXO,504.0,VE_ROTA_VE_CORREDOR_00,1627.74,16.35,A1_L3
intenso,1,FIXO,505.0,VE_ROTA_VE_CORREDOR_00,1644.10,16.39,A1_L3
intenso,1,FIXO,506.0,VE_ROTA_VE_CORREDOR_00,1660.52,16.48,A1_L3
intenso,1,FIXO,507.0,VE_ROTA_VE_CORREDOR_00,1676.97,16.48,A1_L3
intenso,1,FIXO,508.0,VE_ROTA_VE_CORREDOR_00,1693.46,16.52,A1_L3
intenso,1,FIXO,509.0,VE_ROTA_VE_CORREDOR_00,1709.98,16.55,A1_L3
intenso,1,FIXO,510.0,VE_ROTA_VE_CORREDOR_00,1726.53,16.59,A1_L3
intenso,1,FIXO,511.0,VE_ROTA_VE_CORREDOR_00,1743.11,16.58,A1_L3
intenso,1,FIXO,512.0,VE_ROTA_VE_CORREDOR_00,1759.69,16.56,A1_L3
intenso,1,FIXO,513.0,VE_ROTA_VE_CORREDOR_00,1776.29,16.64,A1_L3
intenso,1,FIXO,514.0,VE_ROTA_VE_CORREDOR_00,1792.87,16.59,A1_L3
intenso,1,FIXO,515.0,VE_ROTA_VE_CORREDOR_00,1809.48,16.58,A1_L3
intenso,1,FIXO,516.0,VE_ROTA_VE_CORREDOR_00,1826.10,16.57,A1_L3
intenso,1,FIXO,517.0,VE_ROTA_VE_CORREDOR_00,1842.71,16.66,A1_L3
intenso,1,FIXO,518.0,VE_ROTA_VE_CORREDOR_00,1859.32,16.61,A1_L3
intenso,1,FIXO,519.0,VE_ROTA_VE_CORREDOR_00,1875.93,16.62,A1_L3
intenso,1,FIXO,520.0,VE_ROTA_VE_CORREDOR_00,1892.56,16.67,A1_L3
intenso,1,FIXO,521.0,VE_ROTA_VE_CORREDOR_00,1909.19,16.62,A1_L3
intenso,1,FIXO,522.0,VE_ROTA_VE_CORREDOR_00,1925.81,16.59,A1_L3
intenso,1,FIXO,523.0,VE_ROTA_VE_CORREDOR_00,1941.93,14.91,A1_L3
intenso,1,FIXO,524.0,VE_ROTA_VE_CORREDOR_00,1954.96,11.51,A1_L3
intenso,1,FIXO,525.0,VE_ROTA_VE_CORREDOR_00,1964.72,8.36,A1_L3
intenso,1,FIXO,526.0,VE_ROTA_VE_CORREDOR_00,1971.48,5.48,A1_L3
intenso,1,FIXO,527.0,VE_ROTA_VE_CORREDOR_00,1975.59,3.08,A1_L3
intenso,1,FIXO,528.0,VE_ROTA_VE_CORREDOR_00,1977.72,1.47,A1_L3
intenso,1,FIXO,529.0,VE_ROTA_VE_CORREDOR_00,1978.65,0.59,A1_L3
intenso,1,FIXO,530.0,VE_ROTA_VE_CORREDOR_00,1979.01,0.21,A1_L3
intenso,1,FIXO,531.0,VE_ROTA_VE_CORREDOR_00,1979.13,0.07,A1_L3
intenso,1,FIXO,532.0,VE_ROTA_VE_CORREDOR_00,1979.17,0.03,A1_L3
intenso,1,FIXO,533.0,VE_ROTA_VE_CORREDOR_00,1979.19,0.01,A1_L3
intenso,1,FIXO,534.0,VE_ROTA_VE_CORREDOR_00,1979.20,0.00,A1_L3
intenso,1,FIXO,535.0,VE_ROTA_VE_CORREDOR_00,1979.20,0.00,A1_L3
intenso,1,FIXO,536.0,VE_ROTA_VE_CORREDOR_00,1979.20,0.00,A1_L3
intenso,1,FIXO,537.0,VE_ROTA_VE_CORREDOR_00,1979.20,0.00,A1_L3
intenso,1,FIXO,538.0,VE_ROTA_VE_CORREDOR_00,1979.20,0.00,A1_L3
intenso,1,FIXO,539.0,VE_ROTA_VE_CORREDOR_00,1979.20,0.00,A1_L3
intenso,1,FIXO,540.0,VE_ROTA_VE_CORREDOR_00,1979.20,0.00,A1_L3
intenso,1,FIXO,541.0,VE_ROTA_VE_CORREDOR_00,1979.20,0.00,A1_L3
intenso,1,FIXO,542.0,VE_ROTA_VE_CORREDOR_00,1979.20,0.00,A1_L3
intenso,1,FIXO,543.0,VE_ROTA_VE_CORREDOR_00,1979.20,0.00,A1_L3
intenso,1,FIXO,544.0,VE_ROTA_VE_CORREDOR_00,1979.20,0.00,A1_L3
intenso,1,FIXO,545.0,VE_ROTA_VE_CORREDOR_00,1979.20,0.00,A1_L3
intenso,1,FIXO,546.0,VE_ROTA_VE_CORREDOR_00,1979.20,0.00,A1_L3
intenso,1,FIXO,547.0,VE_ROTA_VE_CORREDOR_00,1979.20,0.00,A1_L3
intenso,1,FIXO,548.0,VE_ROTA_VE_CORREDOR_00,1979.20,0.00,A1_L3
intenso,1,FIXO,549.0,VE_ROTA_VE_CORREDOR_00,1979.20,0.00,A1_L3
intenso,1,FIXO,550.0,VE_ROTA_VE_CORREDOR_00,1979.20,0.00,A1_L3
intenso,1,FIXO,551.0,VE_ROTA_VE_CORREDOR_00,1979.20,0.00,A1_L3
intenso,1,FIXO,552.0,VE_ROTA_VE_CORREDOR_00,1979.20,0.00,A1_L3
intenso,1,FIXO,553.0,VE_ROTA_VE_CORREDOR_00,1979.20,0.00,A1_L3
intenso,1,FIXO,554.0,VE_ROTA_VE_CORREDOR_00,1979.20,0.00,A1_L3
intenso,1,FIXO,555.0,VE_ROTA_VE_CORREDOR_00,1979.20,0.00,A1_L3
intenso,1,FIXO,556.0,VE_ROTA_VE_CORREDOR_00,1979.20,0.00,A1_L3
intenso,1,FIXO,557.0,VE_ROTA_VE_CORREDOR_00,1979.20,0.00,A1_L3
intenso,1,FIXO,558.0,VE_ROTA_VE_CORREDOR_00,1979.20,0.00,A1_L3
intenso,1,FIXO,559.0,VE_ROTA_VE_CORREDOR_00,1979.20,0.00,A1_L3
intenso,1,FIXO,560.0,VE_ROTA_VE_CORREDOR_00,1979.20,0.00,A1_L3
intenso,1,FIXO,561.0,VE_ROTA_VE_CORREDOR_00,1979.59,0.98,A1_L3
intenso,1,FIXO,562.0,VE_ROTA_VE_CORREDOR_00,1981.52,2.75,A1_L3
intenso,1,FIXO,563.0,VE_ROTA_VE_CORREDOR_00,1985.45,4.69,A1_L3
intenso,1,FIXO,564.0,VE_ROTA_VE_CORREDOR_00,1991.44,7.25,:CRUZ_04_10
intenso,1,FIXO,565.0,VE_ROTA_VE_CORREDOR_00,1999.99,9.59,T4_S1
intenso,1,FIXO,566.0,VE_ROTA_VE_CORREDOR_00,2011.19,12.48,T4_S1
intenso,1,FIXO,567.0,VE_ROTA_VE_CORREDOR_00,2025.03,14.44,T4_S1
intenso,1,FIXO,568.0,VE_ROTA_VE_CORREDOR_00,2039.46,14.44,T4_S1
intenso,1,FIXO,569.0,VE_ROTA_VE_CORREDOR_00,2053.88,14.41,T4_S1
intenso,1,FIXO,570.0,VE_ROTA_VE_CORREDOR_00,2068.31,14.43,T4_S1
intenso,1,FIXO,571.0,VE_ROTA_VE_CORREDOR_00,2082.74,14.42,T4_S1
intenso,1,FIXO,572.0,VE_ROTA_VE_CORREDOR_00,2097.16,14.42,T4_S1
intenso,1,FIXO,573.0,VE_ROTA_VE_CORREDOR_00,2111.59,14.41,T4_S1
intenso,1,FIXO,574.0,VE_ROTA_VE_CORREDOR_00,2126.02,14.42,T4_S1
intenso,1,FIXO,575.0,VE_ROTA_VE_CORREDOR_00,2140.45,14.42,T4_S1
intenso,1,FIXO,576.0,VE_ROTA_VE_CORREDOR_00,2154.87,14.42,T4_S1
intenso,1,FIXO,577.0,VE_ROTA_VE_CORREDOR_00,2169.30,14.42,T4_S1
intenso,1,FIXO,578.0,VE_ROTA_VE_CORREDOR_00,2183.72,14.42,T4_S1
intenso,1,FIXO,579.0,VE_ROTA_VE_CORREDOR_00,2198.15,14.43,T4_S1
intenso,1,FIXO,580.0,VE_ROTA_VE_CORREDOR_00,2211.94,13.18,T4_S1
intenso,1,FIXO,581.0,VE_ROTA_VE_CORREDOR_00,2224.46,11.99,T4_S1
intenso,1,FIXO,582.0,VE_ROTA_VE_CORREDOR_00,2235.94,11.04,T4_S1
intenso,1,FIXO,583.0,VE_ROTA_VE_CORREDOR_00,2246.62,10.38,T4_S1
intenso,1,FIXO,584.0,VE_ROTA_VE_CORREDOR_00,2256.69,9.82,T4_S1
intenso,1,FIXO,585.0,VE_ROTA_VE_CORREDOR_00,2266.34,9.48,T4_S1
intenso,1,FIXO,586.0,VE_ROTA_VE_CORREDOR_00,2275.64,9.18,T4_S1
intenso,1,FIXO,587.0,VE_ROTA_VE_CORREDOR_00,2284.69,8.95,T4_S1
intenso,1,FIXO,588.0,VE_ROTA_VE_CORREDOR_00,2293.52,8.75,T4_S1
intenso,1,FIXO,589.0,VE_ROTA_VE_CORREDOR_00,2302.12,8.49,T4_S1
intenso,1,FIXO,590.0,VE_ROTA_VE_CORREDOR_00,2310.52,8.26,T4_S1
intenso,1,FIXO,591.0,VE_ROTA_VE_CORREDOR_00,2318.71,8.05,T4_S1
intenso,1,FIXO,592.0,VE_ROTA_VE_CORREDOR_00,2326.61,7.74,T4_S1
intenso,1,FIXO,593.0,VE_ROTA_VE_CORREDOR_00,2334.24,7.51,T4_S1
intenso,1,FIXO,594.0,VE_ROTA_VE_CORREDOR_00,2341.59,7.21,T4_S1
intenso,1,FIXO,595.0,VE_ROTA_VE_CORREDOR_00,2348.58,6.84,T4_S1
intenso,1,FIXO,596.0,VE_ROTA_VE_CORREDOR_00,2355.19,6.48,T4_S1
intenso,1,FIXO,597.0,VE_ROTA_VE_CORREDOR_00,2361.41,6.03,T4_S1
intenso,1,FIXO,598.0,VE_ROTA_VE_CORREDOR_00,2367.19,5.61,T4_S1
intenso,1,FIXO,599.0,VE_ROTA_VE_CORREDOR_00,2372.55,5.17,T4_S1
intenso,1,FIXO,600.0,VE_ROTA_VE_CORREDOR_00,2377.46,4.70,T4_S1
intenso,1,FIXO,601.0,VE_ROTA_VE_CORREDOR_00,2381.91,4.22,T4_S1
intenso,1,FIXO,602.0,VE_ROTA_VE_CORREDOR_00,2385.93,3.82,T4_S1
intenso,1,FIXO,603.0,VE_ROTA_VE_CORREDOR_00,2389.56,3.48,T4_S1
intenso,1,FIXO,604.0,VE_ROTA_VE_CORREDOR_00,2392.90,3.27,T4_S1
intenso,1,FIXO,605.0,VE_ROTA_VE_CORREDOR_00,2396.09,3.16,T4_S1
intenso,1,FIXO,606.0,VE_ROTA_VE_CORREDOR_00,2399.27,3.21,T4_S1
intenso,1,FIXO,607.0,VE_ROTA_VE_CORREDOR_00,2402.61,3.46,T4_S1
intenso,1,FIXO,608.0,VE_ROTA_VE_CORREDOR_00,2406.18,3.72,T4_S1
intenso,1,FIXO,609.0,VE_ROTA_VE_CORREDOR_00,2410.06,4.06,T4_S1
intenso,1,FIXO,610.0,VE_ROTA_VE_CORREDOR_00,2414.32,4.39,T4_S1
intenso,1,FIXO,611.0,VE_ROTA_VE_CORREDOR_00,2418.95,4.82,T4_S1
intenso,1,FIXO,612.0,VE_ROTA_VE_CORREDOR_00,2423.96,5.21,T4_S1
intenso,1,FIXO,613.0,VE_ROTA_VE_CORREDOR_00,2429.34,5.55,T4_S1
intenso,1,FIXO,614.0,VE_ROTA_VE_CORREDOR_00,2435.07,5.88,T4_S1
intenso,1,FIXO,615.0,VE_ROTA_VE_CORREDOR_00,2441.12,6.20,T4_S1
intenso,1,FIXO,616.0,VE_ROTA_VE_CORREDOR_00,2447.47,6.50,T4_S1
intenso,1,FIXO,617.0,VE_ROTA_VE_CORREDOR_00,2454.08,6.70,T4_S1
intenso,1,FIXO,618.0,VE_ROTA_VE_CORREDOR_00,2460.93,6.97,T4_S1
intenso,1,FIXO,619.0,VE_ROTA_VE_CORREDOR_00,2468.08,7.70,T4_S1
intenso,1,FIXO,620.0,VE_ROTA_VE_CORREDOR_00,2475.64,8.39,:CRUZ_08_0
intenso,1,FIXO,621.0,VE_ROTA_VE_CORREDOR_00,2484.09,8.46,:CRUZ_08_0
intenso,1,FIXO,622.0,VE_ROTA_VE_CORREDOR_00,2493.83,11.03,A2_O3
intenso,1,FIXO,623.0,VE_ROTA_VE_CORREDOR_00,2506.44,13.90,A2_O3
intenso,1,FIXO,624.0,VE_ROTA_VE_CORREDOR_00,2521.91,16.77,A2_O3
intenso,1,FIXO,625.0,VE_ROTA_VE_CORREDOR_00,2540.27,19.65,A2_O3
intenso,1,FIXO,626.0,VE_ROTA_VE_CORREDOR_00,2561.31,21.67,A2_O3
intenso,1,FIXO,627.0,VE_ROTA_VE_CORREDOR_00,2582.97,21.65,A2_O3
intenso,1,FIXO,628.0,VE_ROTA_VE_CORREDOR_00,2604.63,21.66,A2_O3
intenso,1,FIXO,629.0,VE_ROTA_VE_CORREDOR_00,2626.29,21.66,A2_O3
intenso,1,FIXO,630.0,VE_ROTA_VE_CORREDOR_00,2647.95,21.64,A2_O3
intenso,1,FIXO,631.0,VE_ROTA_VE_CORREDOR_00,2669.61,21.66,A2_O3
intenso,1,FIXO,632.0,VE_ROTA_VE_CORREDOR_00,2691.26,21.67,A2_O3
intenso,1,FIXO,633.0,VE_ROTA_VE_CORREDOR_00,2712.92,21.65,A2_O3
intenso,1,FIXO,634.0,VE_ROTA_VE_CORREDOR_00,2734.58,21.66,A2_O3
intenso,1,FIXO,635.0,VE_ROTA_VE_CORREDOR_00,2756.23,21.65,A2_O3
intenso,1,FIXO,636.0,VE_ROTA_VE_CORREDOR_00,2777.89,21.67,A2_O3
intenso,1,FIXO,637.0,VE_ROTA_VE_CORREDOR_00,2799.54,21.65,A2_O3
intenso,1,FIXO,638.0,VE_ROTA_VE_CORREDOR_00,2821.20,21.64,A2_O3
intenso,1,FIXO,639.0,VE_ROTA_VE_CORREDOR_00,2842.86,21.67,A2_O3
intenso,1,FIXO,640.0,VE_ROTA_VE_CORREDOR_00,2864.52,21.66,A2_O3
intenso,1,FIXO,641.0,VE_ROTA_VE_CORREDOR_00,2886.08,21.14,A2_O3
intenso,1,FIXO,642.0,VE_ROTA_VE_CORREDOR_00,2906.06,19.11,A2_O3
intenso,1,FIXO,643.0,VE_ROTA_VE_CORREDOR_00,2924.26,17.56,A2_O3
intenso,1,FIXO,644.0,VE_ROTA_VE_CORREDOR_00,2941.11,16.37,A2_O3
intenso,1,FIXO,645.0,VE_ROTA_VE_CORREDOR_00,2956.99,15.51,A2_O3
intenso,1,FIXO,646.0,VE_ROTA_VE_CORREDOR_00,2972.22,15.01,:CRUZ_07_4
intenso,1,FIXO,647.0,VE_ROTA_VE_CORREDOR_00,2987.01,14.65,A2_O2
intenso,1,FIXO,648.0,VE_ROTA_VE_CORREDOR_00,3001.47,14.38,A2_O2
intenso,1,FIXO,649.0,VE_ROTA_VE_CORREDOR_00,3015.70,14.14,A2_O2
intenso,1,FIXO,650.0,VE_ROTA_VE_CORREDOR_00,3029.77,14.06,A2_O2
intenso,1,FIXO,651.0,VE_ROTA_VE_CORREDOR_00,3043.76,13.94,A2_O2
intenso,1,FIXO,652.0,VE_ROTA_VE_CORREDOR_00,3057.68,13.83,A2_O2
intenso,1,FIXO,653.0,VE_ROTA_VE_CORREDOR_00,3071.59,13.96,A2_O2
intenso,1,FIXO,654.0,VE_ROTA_VE_CORREDOR_00,3085.50,13.84,A2_O2
intenso,1,FIXO,655.0,VE_ROTA_VE_CORREDOR_00,3099.42,13.93,A2_O2
intenso,1,FIXO,656.0,VE_ROTA_VE_CORREDOR_00,3114.00,15.24,A2_O2
intenso,1,FIXO,657.0,VE_ROTA_VE_CORREDOR_00,3129.24,15.23,A2_O2
intenso,1,FIXO,658.0,VE_ROTA_VE_CORREDOR_00,3144.48,15.24,A2_O2
intenso,1,FIXO,659.0,VE_ROTA_VE_CORREDOR_00,3159.71,15.23,A2_O2
intenso,1,FIXO,660.0,VE_ROTA_VE_CORREDOR_00,3174.94,15.23,A2_O2
intenso,1,FIXO,661.0,VE_ROTA_VE_CORREDOR_00,3190.17,15.28,A2_O2
intenso,1,FIXO,662.0,VE_ROTA_VE_CORREDOR_00,3205.42,15.23,A2_O2
intenso,1,FIXO,663.0,VE_ROTA_VE_CORREDOR_00,3220.69,15.27,A2_O2
intenso,1,FIXO,664.0,VE_ROTA_VE_CORREDOR_00,3235.93,15.23,A2_O2
intenso,1,FIXO,665.0,VE_ROTA_VE_CORREDOR_00,3251.20,15.32,A2_O2
intenso,1,FIXO,666.0,VE_ROTA_VE_CORREDOR_00,3266.43,15.04,A2_O2
intenso,1,FIXO,667.0,VE_ROTA_VE_CORREDOR_00,3281.16,14.50,A2_O2
intenso,1,FIXO,668.0,VE_ROTA_VE_CORREDOR_00,3295.32,13.94,A2_O2
intenso,1,FIXO,669.0,VE_ROTA_VE_CORREDOR_00,3308.85,13.18,A2_O2
intenso,1,FIXO,670.0,VE_ROTA_VE_CORREDOR_00,3321.68,12.51,A2_O2
intenso,1,FIXO,671.0,VE_ROTA_VE_CORREDOR_00,3333.78,11.74,A2_O2
intenso,1,FIXO,672.0,VE_ROTA_VE_CORREDOR_00,3345.12,10.97,A2_O2
intenso,1,FIXO,673.0,VE_ROTA_VE_CORREDOR_00,3355.65,10.16,A2_O2
intenso,1,FIXO,674.0,VE_ROTA_VE_CORREDOR_00,3365.35,9.29,A2_O2
intenso,1,FIXO,675.0,VE_ROTA_VE_CORREDOR_00,3374.17,8.48,A2_O2
intenso,1,FIXO,676.0,VE_ROTA_VE_CORREDOR_00,3382.13,7.58,A2_O2
intenso,1,FIXO,677.0,VE_ROTA_VE_CORREDOR_00,3389.21,6.66,A2_O2
intenso,1,FIXO,678.0,VE_ROTA_VE_CORREDOR_00,3395.41,5.84,A2_O2
intenso,1,FIXO,679.0,VE_ROTA_VE_CORREDOR_00,3400.75,4.96,A2_O2
intenso,1,FIXO,680.0,VE_ROTA_VE_CORREDOR_00,3405.26,4.16,A2_O2
intenso,1,FIXO,681.0,VE_ROTA_VE_CORREDOR_00,3408.98,3.34,A2_O2
intenso,1,FIXO,682.0,VE_ROTA_VE_CORREDOR_00,3411.97,2.66,A2_O2
intenso,1,FIXO,683.0,VE_ROTA_VE_CORREDOR_00,3414.30,2.06,A2_O2
intenso,1,FIXO,684.0,VE_ROTA_VE_CORREDOR_00,3416.07,1.54,A2_O2
intenso,1,FIXO,685.0,VE_ROTA_VE_CORREDOR_00,3417.37,1.10,A2_O2
intenso,1,FIXO,686.0,VE_ROTA_VE_CORREDOR_00,3418.27,0.76,A2_O2
intenso,1,FIXO,687.0,VE_ROTA_VE_CORREDOR_00,3418.90,0.52,A2_O2
intenso,1,FIXO,688.0,VE_ROTA_VE_CORREDOR_00,3419.31,0.34,A2_O2
intenso,1,FIXO,689.0,VE_ROTA_VE_CORREDOR_00,3419.58,0.22,A2_O2
intenso,1,FIXO,690.0,VE_ROTA_VE_CORREDOR_00,3419.75,0.14,A2_O2
intenso,1,FIXO,691.0,VE_ROTA_VE_CORREDOR_00,3419.86,0.09,A2_O2
intenso,1,FIXO,692.0,VE_ROTA_VE_CORREDOR_00,3419.93,0.06,A2_O2
intenso,1,FIXO,693.0,VE_ROTA_VE_CORREDOR_00,3419.98,0.04,A2_O2
intenso,1,FIXO,694.0,VE_ROTA_VE_CORREDOR_00,3420.01,0.02,A2_O2
intenso,1,FIXO,695.0,VE_ROTA_VE_CORREDOR_00,3420.02,0.01,A2_O2
intenso,1,FIXO,696.0,VE_ROTA_VE_CORREDOR_00,3420.03,0.01,A2_O2
intenso,1,FIXO,697.0,VE_ROTA_VE_CORREDOR_00,3420.04,0.01,A2_O2
intenso,1,FIXO,698.0,VE_ROTA_VE_CORREDOR_00,3420.05,0.00,A2_O2
intenso,1,FIXO,699.0,VE_ROTA_VE_CORREDOR_00,3420.05,0.00,A2_O2
intenso,1,FIXO,700.0,VE_ROTA_VE_CORREDOR_00,3420.05,0.00,A2_O2
intenso,1,FIXO,701.0,VE_ROTA_VE_CORREDOR_00,3420.05,0.00,A2_O2
intenso,1,FIXO,702.0,VE_ROTA_VE_CORREDOR_00,3420.05,0.00,A2_O2
intenso,1,FIXO,703.0,VE_ROTA_VE_CORREDOR_00,3420.05,0.00,A2_O2
intenso,1,FIXO,704.0,VE_ROTA_VE_CORREDOR_00,3420.07,0.03,A2_O2
intenso,1,FIXO,705.0,VE_ROTA_VE_CORREDOR_00,3420.16,0.17,A2_O2
intenso,1,FIXO,706.0,VE_ROTA_VE_CORREDOR_00,3420.54,0.60,A2_O2
intenso,1,FIXO,707.0,VE_ROTA_VE_CORREDOR_00,3421.56,1.41,A2_O2
intenso,1,FIXO,708.0,VE_ROTA_VE_CORREDOR_00,3423.58,2.62,A2_O2
intenso,1,FIXO,709.0,VE_ROTA_VE_CORREDOR_00,3426.97,4.10,A2_O2
intenso,1,FIXO,710.0,VE_ROTA_VE_CORREDOR_00,3431.88,5.50,A2_O2
intenso,1,FIXO,711.0,VE_ROTA_VE_CORREDOR_00,3438.12,6.81,A2_O2
intenso,1,FIXO,712.0,VE_ROTA_VE_CORREDOR_00,3445.54,7.90,A2_O2
intenso,1,FIXO,713.0,VE_ROTA_VE_CORREDOR_00,3454.02,8.97,A2_O2
intenso,1,FIXO,714.0,VE_ROTA_VE_CORREDOR_00,3463.45,9.80,A2_O2
intenso,1,FIXO,715.0,VE_ROTA_VE_CORREDOR_00,3473.72,10.59,:CRUZ_06_4
intenso,1,FIXO,716.0,VE_ROTA_VE_CORREDOR_00,3484.72,11.35,A2_O1
intenso,1,FIXO,717.0,VE_ROTA_VE_CORREDOR_00,3496.33,11.84,A2_O1
intenso,1,FIXO,718.0,VE_ROTA_VE_CORREDOR_00,3508.54,12.45,A2_O1
intenso,1,FIXO,719.0,VE_ROTA_VE_CORREDOR_00,3521.24,12.89,A2_O1
intenso,1,FIXO,720.0,VE_ROTA_VE_CORREDOR_00,3534.39,13.36,A2_O1
intenso,1,FIXO,721.0,VE_ROTA_VE_CORREDOR_00,3547.95,13.64,A2_O1
intenso,1,FIXO,722.0,VE_ROTA_VE_CORREDOR_00,3561.84,14.03,A2_O1
intenso,1,FIXO,723.0,VE_ROTA_VE_CORREDOR_00,3575.98,14.22,A2_O1
intenso,1,FIXO,724.0,VE_ROTA_VE_CORREDOR_00,3590.32,14.41,A2_O1
intenso,1,FIXO,725.0,VE_ROTA_VE_CORREDOR_00,3604.79,14.51,A2_O1
intenso,1,FIXO,726.0,VE_ROTA_VE_CORREDOR_00,3619.42,14.70,A2_O1
intenso,1,FIXO,727.0,VE_ROTA_VE_CORREDOR_00,3634.17,14.83,A2_O1
intenso,1,FIXO,728.0,VE_ROTA_VE_CORREDOR_00,3649.00,14.89,A2_O1
intenso,1,FIXO,729.0,VE_ROTA_VE_CORREDOR_00,3663.91,14.99,A2_O1
intenso,1,FIXO,730.0,VE_ROTA_VE_CORREDOR_00,3678.93,15.07,A2_O1
intenso,1,FIXO,731.0,VE_ROTA_VE_CORREDOR_00,3693.97,15.09,A2_O1
intenso,1,FIXO,732.0,VE_ROTA_VE_CORREDOR_00,3709.07,15.19,A2_O1
intenso,1,FIXO,733.0,VE_ROTA_VE_CORREDOR_00,3724.23,15.14,A2_O1
intenso,1,FIXO,734.0,VE_ROTA_VE_CORREDOR_00,3739.39,15.19,A2_O1
intenso,1,FIXO,735.0,VE_ROTA_VE_CORREDOR_00,3754.61,15.27,A2_O1
intenso,1,FIXO,736.0,VE_ROTA_VE_CORREDOR_00,3769.69,14.85,A2_O1
intenso,1,FIXO,737.0,VE_ROTA_VE_CORREDOR_00,3784.28,14.31,A2_O1
intenso,1,FIXO,738.0,VE_ROTA_VE_CORREDOR_00,3798.31,13.74,A2_O1
intenso,1,FIXO,739.0,VE_ROTA_VE_CORREDOR_00,3811.67,13.06,A2_O1
intenso,1,FIXO,740.0,VE_ROTA_VE_CORREDOR_00,3824.34,12.32,A2_O1
intenso,1,FIXO,741.0,VE_ROTA_VE_CORREDOR_00,3836.27,11.55,A2_O1
intenso,1,FIXO,742.0,VE_ROTA_VE_CORREDOR_00,3847.42,10.77,A2_O1
intenso,1,FIXO,743.0,VE_ROTA_VE_CORREDOR_00,3857.76,9.95,A2_O1
intenso,1,FIXO,744.0,VE_ROTA_VE_CORREDOR_00,3867.27,9.13,A2_O1
intenso,1,FIXO,745.0,VE_ROTA_VE_CORREDOR_00,3875.91,8.24,A2_O1
intenso,1,FIXO,746.0,VE_ROTA_VE_CORREDOR_00,3883.69,7.38,A2_O1
intenso,1,FIXO,747.0,VE_ROTA_VE_CORREDOR_00,3890.58,6.51,A2_O1
intenso,1,FIXO,748.0,VE_ROTA_VE_CORREDOR_00,3896.60,5.62,A2_O1
intenso,1,FIXO,749.0,VE_ROTA_VE_CORREDOR_00,3901.77,4.79,A2_O1
intenso,1,FIXO,750.0,VE_ROTA_VE_CORREDOR_00,3906.12,3.98,A2_O1
intenso,1,FIXO,751.0,VE_ROTA_VE_CORREDOR_00,3909.67,3.19,A2_O1
intenso,1,FIXO,752.0,VE_ROTA_VE_CORREDOR_00,3912.51,2.55,A2_O1
intenso,1,FIXO,753.0,VE_ROTA_VE_CORREDOR_00,3914.73,1.95,A2_O1
intenso,1,FIXO,754.0,VE_ROTA_VE_CORREDOR_00,3916.38,1.44,A2_O1
intenso,1,FIXO,755.0,VE_ROTA_VE_CORREDOR_00,3917.58,1.03,A2_O1
intenso,1,FIXO,756.0,VE_ROTA_VE_CORREDOR_00,3918.43,0.71,A2_O1
intenso,1,FIXO,757.0,VE_ROTA_VE_CORREDOR_00,3919.00,0.48,A2_O1
intenso,1,FIXO,758.0,VE_ROTA_VE_CORREDOR_00,3919.38,0.31,A2_O1
intenso,1,FIXO,759.0,VE_ROTA_VE_CORREDOR_00,3919.62,0.20,A2_O1
intenso,1,FIXO,760.0,VE_ROTA_VE_CORREDOR_00,3919.78,0.13,A2_O1
intenso,1,FIXO,761.0,VE_ROTA_VE_CORREDOR_00,3919.88,0.08,A2_O1
intenso,1,FIXO,762.0,VE_ROTA_VE_CORREDOR_00,3919.94,0.05,A2_O1
intenso,1,FIXO,763.0,VE_ROTA_VE_CORREDOR_00,3919.99,0.03,A2_O1
intenso,1,FIXO,764.0,VE_ROTA_VE_CORREDOR_00,3920.01,0.02,A2_O1
intenso,1,FIXO,765.0,VE_ROTA_VE_CORREDOR_00,3920.03,0.01,A2_O1
intenso,1,FIXO,766.0,VE_ROTA_VE_CORREDOR_00,3920.04,0.01,A2_O1
intenso,1,FIXO,767.0,VE_ROTA_VE_CORREDOR_00,3920.04,0.00,A2_O1
intenso,1,FIXO,768.0,VE_ROTA_VE_CORREDOR_00,3920.05,0.00,A2_O1
intenso,1,FIXO,769.0,VE_ROTA_VE_CORREDOR_00,3920.05,0.00,A2_O1
intenso,1,FIXO,770.0,VE_ROTA_VE_CORREDOR_00,3920.05,0.00,A2_O1
intenso,1,FIXO,771.0,VE_ROTA_VE_CORREDOR_00,3920.05,0.00,A2_O1
intenso,1,FIXO,772.0,VE_ROTA_VE_CORREDOR_00,3920.05,0.00,A2_O1
intenso,1,FIXO,773.0,VE_ROTA_VE_CORREDOR_00,3920.05,0.00,A2_O1
intenso,1,FIXO,774.0,VE_ROTA_VE_CORREDOR_00,3920.07,0.03,A2_O1
intenso,1,FIXO,775.0,VE_ROTA_VE_CORREDOR_00,3920.16,0.16,A2_O1
intenso,1,FIXO,776.0,VE_ROTA_VE_CORREDOR_00,3920.51,0.56,A2_O1
intenso,1,FIXO,777.0,VE_ROTA_VE_CORREDOR_00,3921.46,1.33,A2_O1
intenso,1,FIXO,778.0,VE_ROTA_VE_CORREDOR_00,3923.40,2.50,A2_O1
intenso,1,FIXO,779.0,VE_ROTA_VE_CORREDOR_00,3926.61,3.86,A2_O1
intenso,1,FIXO,780.0,VE_ROTA_VE_CORREDOR_00,3931.32,5.33,A2_O1
intenso,1,FIXO,781.0,VE_ROTA_VE_CORREDOR_00,3937.42,6.71,A2_O1
intenso,1,FIXO,782.0,VE_ROTA_VE_CORREDOR_00,3944.76,7.90,A2_O1
intenso,1,FIXO,783.0,VE_ROTA_VE_CORREDOR_00,3953.17,8.81,A2_O1
intenso,1,FIXO,784.0,VE_ROTA_VE_CORREDOR_00,3962.50,9.76,A2_O1
intenso,1,FIXO,785.0,VE_ROTA_VE_CORREDOR_00,3972.71,10.59,:CRUZ_05_4
intenso,1,FIXO,786.0,VE_ROTA_VE_CORREDOR_00,3983.67,11.30,:CRUZ_05_4
intenso,1,FIXO,787.0,VE_ROTA_VE_CORREDOR_00,3995.25,11.89,A2_O0
intenso,1,FIXO,788.0,VE_ROTA_VE_CORREDOR_00,4007.44,12.39,A2_O0
intenso,1,FIXO,789.0,VE_ROTA_VE_CORREDOR_00,4020.14,12.92,A2_O0
intenso,1,FIXO,790.0,VE_ROTA_VE_CORREDOR_00,4033.28,13.34,A2_O0
intenso,1,FIXO,791.0,VE_ROTA_VE_CORREDOR_00,4046.82,13.72,A2_O0
intenso,1,FIXO,792.0,VE_ROTA_VE_CORREDOR_00,4060.70,14.03,A2_O0
intenso,1,FIXO,793.0,VE_ROTA_VE_CORREDOR_00,4074.83,14.19,A2_O0
intenso,1,FIXO,794.0,VE_ROTA_VE_CORREDOR_00,4089.13,14.38,A2_O0
intenso,1,FIXO,795.0,VE_ROTA_VE_CORREDOR_00,4103.63,14.62,A2_O0
intenso,1,FIXO,796.0,VE_ROTA_VE_CORREDOR_00,4118.26,14.74,A2_O0
intenso,1,FIXO,797.0,VE_ROTA_VE_CORREDOR_00,4132.99,14.82,A2_O0
intenso,1,FIXO,798.0,VE_ROTA_VE_CORREDOR_00,4147.85,14.89,A2_O0
intenso,1,FIXO,799.0,VE_ROTA_VE_CORREDOR_00,4162.79,15.02,A2_O0
intenso,1,FIXO,800.0,VE_ROTA_VE_CORREDOR_00,4177.80,14.99,A2_O0
intenso,1,FIXO,801.0,VE_ROTA_VE_CORREDOR_00,4192.85,15.07,A2_O0
intenso,1,FIXO,802.0,VE_ROTA_VE_CORREDOR_00,4207.93,15.11,A2_O0
intenso,1,FIXO,803.0,VE_ROTA_VE_CORREDOR_00,4223.10,15.17,A2_O0
intenso,1,FIXO,804.0,VE_ROTA_VE_CORREDOR_00,4238.25,15.19,A2_O0
intenso,1,FIXO,805.0,VE_ROTA_VE_CORREDOR_00,4253.47,15.23,A2_O0
intenso,1,FIXO,806.0,VE_ROTA_VE_CORREDOR_00,4268.70,15.21,A2_O0
intenso,1,FIXO,807.0,VE_ROTA_VE_CORREDOR_00,4283.95,15.21,A2_O0
intenso,1,FIXO,808.0,VE_ROTA_VE_CORREDOR_00,4299.23,15.34,A2_O0
intenso,1,FIXO,809.0,VE_ROTA_VE_CORREDOR_00,4314.53,15.32,A2_O0
intenso,1,FIXO,810.0,VE_ROTA_VE_CORREDOR_00,4329.82,15.37,A2_O0
intenso,1,FIXO,811.0,VE_ROTA_VE_CORREDOR_00,4345.14,15.30,A2_O0
intenso,1,FIXO,812.0,VE_ROTA_VE_CORREDOR_00,4360.45,15.31,A2_O0
intenso,1,FIXO,813.0,VE_ROTA_VE_CORREDOR_00,4375.77,15.33,A2_O0
intenso,1,FIXO,814.0,VE_ROTA_VE_CORREDOR_00,4391.10,15.27,A2_O0
intenso,1,FIXO,815.0,VE_ROTA_VE_CORREDOR_00,4406.82,16.07,A2_O0
intenso,1,FIXO,816.0,VE_ROTA_VE_CORREDOR_00,4422.97,16.16,A2_O0
intenso,1,FIXO,817.0,VE_ROTA_VE_CORREDOR_00,4439.38,16.43,A2_O0
intenso,1,FIXO,818.0,VE_ROTA_VE_CORREDOR_00,4455.91,16.82,A2_O0
intenso,1,FIXO,819.0,VE_ROTA_VE_CORREDOR_00,4474.30,19.69,A2_O0
intenso,1,FIXO,901.0,VE_ROTA_VE_CORREDOR_01,19.49,21.66,A1_L0
intenso,1,FIXO,902.0,VE_ROTA_VE_CORREDOR_01,41.15,21.65,A1_L0
intenso,1,FIXO,903.0,VE_ROTA_VE_CORREDOR_01,62.80,21.66,A1_L0
intenso,1,FIXO,904.0,VE_ROTA_VE_CORREDOR_01,84.46,21.65,A1_L0
intenso,1,FIXO,905.0,VE_ROTA_VE_CORREDOR_01,106.11,21.66,A1_L0
intenso,1,FIXO,906.0,VE_ROTA_VE_CORREDOR_01,127.76,21.65,A1_L0
intenso,1,FIXO,907.0,VE_ROTA_VE_CORREDOR_01,149.42,21.65,A1_L0
intenso,1,FIXO,908.0,VE_ROTA_VE_CORREDOR_01,171.08,21.65,A1_L0
intenso,1,FIXO,909.0,VE_ROTA_VE_CORREDOR_01,192.73,21.67,A1_L0
intenso,1,FIXO,910.0,VE_ROTA_VE_CORREDOR_01,214.39,21.67,A1_L0
intenso,1,FIXO,911.0,VE_ROTA_VE_CORREDOR_01,236.05,21.66,A1_L0
intenso,1,FIXO,912.0,VE_ROTA_VE_CORREDOR_01,257.71,21.65,A1_L0
intenso,1,FIXO,913.0,VE_ROTA_VE_CORREDOR_01,279.18,21.10,A1_L0
intenso,1,FIXO,914.0,VE_ROTA_VE_CORREDOR_01,299.73,20.14,A1_L0
intenso,1,FIXO,915.0,VE_ROTA_VE_CORREDOR_01,319.44,19.33,A1_L0
intenso,1,FIXO,916.0,VE_ROTA_VE_CORREDOR_01,338.77,20.31,A1_L0
intenso,1,FIXO,917.0,VE_ROTA_VE_CORREDOR_01,360.18,21.64,A1_L0
intenso,1,FIXO,918.0,VE_ROTA_VE_CORREDOR_01,381.13,19.75,A1_L0
intenso,1,FIXO,919.0,VE_ROTA_VE_CORREDOR_01,399.44,17.21,A1_L0
intenso,1,FIXO,920.0,VE_ROTA_VE_CORREDOR_01,415.52,15.25,A1_L0
intenso,1,FIXO,921.0,VE_ROTA_VE_CORREDOR_01,429.96,13.89,A1_L0
intenso,1,FIXO,922.0,VE_ROTA_VE_CORREDOR_01,443.30,12.98,A1_L0
intenso,1,FIXO,923.0,VE_ROTA_VE_CORREDOR_01,456.01,12.45,A1_L0
intenso,1,FIXO,924.0,VE_ROTA_VE_CORREDOR_01,468.42,12.42,A1_L0
intenso,1,FIXO,925.0,VE_ROTA_VE_CORREDOR_01,480.80,12.41,A1_L0
intenso,1,FIXO,926.0,VE_ROTA_VE_CORREDOR_01,493.29,12.57,:CRUZ_01_11
intenso,1,FIXO,927.0,VE_ROTA_VE_CORREDOR_01,506.02,12.80,A1_L1
intenso,1,FIXO,928.0,VE_ROTA_VE_CORREDOR_01,518.99,13.07,A1_L1
intenso,1,FIXO,929.0,VE_ROTA_VE_CORREDOR_01,532.25,13.41,A1_L1
intenso,1,FIXO,930.0,VE_ROTA_VE_CORREDOR_01,545.84,13.73,A1_L1
intenso,1,FIXO,931.0,VE_ROTA_VE_CORREDOR_01,559.69,14.00,A1_L1
intenso,1,FIXO,932.0,VE_ROTA_VE_CORREDOR_01,573.81,14.17,A1_L1
intenso,1,FIXO,933.0,VE_ROTA_VE_CORREDOR_01,588.02,14.19,A1_L1
intenso,1,FIXO,934.0,VE_ROTA_VE_CORREDOR_01,602.28,14.28,A1_L1
intenso,1,FIXO,935.0,VE_ROTA_VE_CORREDOR_01,616.57,14.32,A1_L1
intenso,1,FIXO,936.0,VE_ROTA_VE_CORREDOR_01,630.86,14.30,A1_L1
intenso,1,FIXO,937.0,VE_ROTA_VE_CORREDOR_01,645.17,14.27,A1_L1
intenso,1,FIXO,938.0,VE_ROTA_VE_CORREDOR_01,659.49,14.38,A1_L1
intenso,1,FIXO,939.0,VE_ROTA_VE_CORREDOR_01,673.82,14.35,A1_L1
intenso,1,FIXO,940.0,VE_ROTA_VE_CORREDOR_01,688.15,14.31,A1_L1
intenso,1,FIXO,941.0,VE_ROTA_VE_CORREDOR_01,702.48,14.35,A1_L1
intenso,1,FIXO,942.0,VE_ROTA_VE_CORREDOR_01,716.81,14.38,A1_L1
intenso,1,FIXO,943.0,VE_ROTA_VE_CORREDOR_01,731.16,14.33,A1_L1
intenso,1,FIXO,944.0,VE_ROTA_VE_CORREDOR_01,745.50,14.32,A1_L1
intenso,1,FIXO,945.0,VE_ROTA_VE_CORREDOR_01,759.83,14.38,A1_L1
intenso,1,FIXO,946.0,VE_ROTA_VE_CORREDOR_01,774.19,14.34,A1_L1
intenso,1,FIXO,947.0,VE_ROTA_VE_CORREDOR_01,788.54,14.39,A1_L1
intenso,1,FIXO,948.0,VE_ROTA_VE_CORREDOR_01,802.87,14.35,A1_L1
intenso,1,FIXO,949.0,VE_ROTA_VE_CORREDOR_01,817.23,14.35,A1_L1
intenso,1,FIXO,950.0,VE_ROTA_VE_CORREDOR_01,831.60,14.39,A1_L1
intenso,1,FIXO,951.0,VE_ROTA_VE_CORREDOR_01,845.89,14.08,A1_L1
intenso,1,FIXO,952.0,VE_ROTA_VE_CORREDOR_01,859.36,13.05,A1_L1
intenso,1,FIXO,953.0,VE_ROTA_VE_CORREDOR_01,871.75,11.93,A1_L1
intenso,1,FIXO,954.0,VE_ROTA_VE_CORREDOR_01,883.03,10.79,A1_L1
intenso,1,FIXO,955.0,VE_ROTA_VE_CORREDOR_01,893.21,9.73,A1_L1
intenso,1,FIXO,956.0,VE_ROTA_VE_CORREDOR_01,902.29,8.56,A1_L1
intenso,1,FIXO,957.0,VE_ROTA_VE_CORREDOR_01,910.28,7.49,A1_L1
intenso,1,FIXO,958.0,VE_ROTA_VE_CORREDOR_01,917.19,6.44,A1_L1
intenso,1,FIXO,959.0,VE_ROTA_VE_CORREDOR_01,923.04,5.38,A1_L1
intenso,1,FIXO,960.0,VE_ROTA_VE_CORREDOR_01,927.88,4.39,A1_L1
intenso,1,FIXO,961.0,VE_ROTA_VE_CORREDOR_01,931.78,3.49,A1_L1
intenso,1,FIXO,962.0,VE_ROTA_VE_CORREDOR_01,934.83,2.69,A1_L1
intenso,1,FIXO,963.0,VE_ROTA_VE_CORREDOR_01,937.14,2.00,A1_L1
intenso,1,FIXO,964.0,VE_ROTA_VE_CORREDOR_01,938.82,1.44,A1_L1
intenso,1,FIXO,965.0,VE_ROTA_VE_CORREDOR_01,940.00,0.99,A1_L1
intenso,1,FIXO,966.0,VE_ROTA_VE_CORREDOR_01,940.79,0.66,A1_L1
intenso,1,FIXO,967.0,VE_ROTA_VE_CORREDOR_01,941.32,0.42,A1_L1
intenso,1,FIXO,968.0,VE_ROTA_VE_CORREDOR_01,941.65,0.27,A1_L1
intenso,1,FIXO,969.0,VE_ROTA_VE_CORREDOR_01,941.86,0.17,A1_L1
intenso,1,FIXO,970.0,VE_ROTA_VE_CORREDOR_01,941.98,0.10,A1_L1
intenso,1,FIXO,971.0,VE_ROTA_VE_CORREDOR_01,942.07,0.06,A1_L1
intenso,1,FIXO,972.0,VE_ROTA_VE_CORREDOR_01,942.11,0.04,A1_L1
intenso,1,FIXO,973.0,VE_ROTA_VE_CORREDOR_01,942.15,0.02,A1_L1
intenso,1,FIXO,974.0,VE_ROTA_VE_CORREDOR_01,942.16,0.01,A1_L1
intenso,1,FIXO,975.0,VE_ROTA_VE_CORREDOR_01,942.18,0.01,A1_L1
intenso,1,FIXO,976.0,VE_ROTA_VE_CORREDOR_01,942.18,0.01,A1_L1
intenso,1,FIXO,977.0,VE_ROTA_VE_CORREDOR_01,942.19,0.00,A1_L1
intenso,1,FIXO,978.0,VE_ROTA_VE_CORREDOR_01,942.19,0.00,A1_L1
intenso,1,FIXO,979.0,VE_ROTA_VE_CORREDOR_01,942.19,0.00,A1_L1
intenso,1,FIXO,980.0,VE_ROTA_VE_CORREDOR_01,942.19,0.00,A1_L1
intenso,1,FIXO,981.0,VE_ROTA_VE_CORREDOR_01,942.19,0.00,A1_L1
intenso,1,FIXO,982.0,VE_ROTA_VE_CORREDOR_01,942.19,0.00,A1_L1
intenso,1,FIXO,983.0,VE_ROTA_VE_CORREDOR_01,942.20,0.02,A1_L1
intenso,1,FIXO,984.0,VE_ROTA_VE_CORREDOR_01,942.27,0.13,A1_L1
intenso,1,FIXO,985.0,VE_ROTA_VE_CORREDOR_01,942.58,0.52,A1_L1
intenso,1,FIXO,986.0,VE_ROTA_VE_CORREDOR_01,943.47,1.28,A1_L1
intenso,1,FIXO,987.0,VE_ROTA_VE_CORREDOR_01,945.36,2.40,A1_L1
intenso,1,FIXO,988.0,VE_ROTA_VE_CORREDOR_01,948.56,3.85,A1_L1
intenso,1,FIXO,989.0,VE_ROTA_VE_CORREDOR_01,953.25,5.36,A1_L1
intenso,1,FIXO,990.0,VE_ROTA_VE_CORREDOR_01,959.54,7.03,A1_L1
intenso,1,FIXO,991.0,VE_ROTA_VE_CORREDOR_01,967.29,8.32,A1_L1
intenso,1,FIXO,992.0,VE_ROTA_VE_CORREDOR_01,976.15,9.33,A1_L1
intenso,1,FIXO,993.0,VE_ROTA_VE_CORREDOR_01,985.97,10.25,:CRUZ_02_11
intenso,1,FIXO,994.0,VE_ROTA_VE_CORREDOR_01,996.67,11.05,:CRUZ_02_11
intenso,1,FIXO,995.0,VE_ROTA_VE_CORREDOR_01,1008.10,11.71,A1_L2
intenso,1,FIXO,996.0,VE_ROTA_VE_CORREDOR_01,1020.16,12.30,A1_L2
intenso,1,FIXO,997.0,VE_ROTA_VE_CORREDOR_01,1032.77,12.84,A1_L2
intenso,1,FIXO,998.0,VE_ROTA_VE_CORREDOR_01,1045.87,13.29,A1_L2
intenso,1,FIXO,999.0,VE_ROTA_VE_CORREDOR_01,1059.42,13.77,A1_L2
intenso,1,FIXO,1000.0,VE_ROTA_VE_CORREDOR_01,1073.29,13.98,A1_L2
intenso,1,FIXO,1001.0,VE_ROTA_VE_CORREDOR_01,1087.33,14.11,A1_L2
intenso,1,FIXO,1002.0,VE_ROTA_VE_CORREDOR_01,1101.42,14.17,A1_L2
intenso,1,FIXO,1003.0,VE_ROTA_VE_CORREDOR_01,1115.59,14.20,A1_L2
intenso,1,FIXO,1004.0,VE_ROTA_VE_CORREDOR_01,1129.81,14.23,A1_L2
intenso,1,FIXO,1005.0,VE_ROTA_VE_CORREDOR_01,1144.05,14.28,A1_L2
intenso,1,FIXO,1006.0,VE_ROTA_VE_CORREDOR_01,1158.32,14.27,A1_L2
intenso,1,FIXO,1007.0,VE_ROTA_VE_CORREDOR_01,1172.62,14.35,A1_L2
intenso,1,FIXO,1008.0,VE_ROTA_VE_CORREDOR_01,1186.92,14.27,A1_L2
intenso,1,FIXO,1009.0,VE_ROTA_VE_CORREDOR_01,1201.22,14.28,A1_L2
intenso,1,FIXO,1010.0,VE_ROTA_VE_CORREDOR_01,1215.53,14.29,A1_L2
intenso,1,FIXO,1011.0,VE_ROTA_VE_CORREDOR_01,1229.81,14.11,A1_L2
intenso,1,FIXO,1012.0,VE_ROTA_VE_CORREDOR_01,1243.11,13.12,A1_L2
intenso,1,FIXO,1013.0,VE_ROTA_VE_CORREDOR_01,1256.45,13.55,A1_L2
intenso,1,FIXO,1014.0,VE_ROTA_VE_CORREDOR_01,1270.06,13.66,A1_L2
intenso,1,FIXO,1015.0,VE_ROTA_VE_CORREDOR_01,1283.86,13.84,A1_L2
intenso,1,FIXO,1016.0,VE_ROTA_VE_CORREDOR_01,1297.81,14.00,A1_L2
intenso,1,FIXO,1017.0,VE_ROTA_VE_CORREDOR_01,1311.91,14.08,A1_L2
intenso,1,FIXO,1018.0,VE_ROTA_VE_CORREDOR_01,1325.74,13.51,A1_L2
intenso,1,FIXO,1019.0,VE_ROTA_VE_CORREDOR_01,1338.96,12.91,A1_L2
intenso,1,FIXO,1020.0,VE_ROTA_VE_CORREDOR_01,1351.50,12.18,A1_L2
intenso,1,FIXO,1021.0,VE_ROTA_VE_CORREDOR_01,1363.36,11.53,A1_L2
intenso,1,FIXO,1022.0,VE_ROTA_VE_CORREDOR_01,1374.40,10.63,A1_L2
intenso,1,FIXO,1023.0,VE_ROTA_VE_CORREDOR_01,1384.61,9.78,A1_L2
intenso,1,FIXO,1024.0,VE_ROTA_VE_CORREDOR_01,1393.97,8.94,A1_L2
intenso,1,FIXO,1025.0,VE_ROTA_VE_CORREDOR_01,1402.41,8.02,A1_L2
intenso,1,FIXO,1026.0,VE_ROTA_VE_CORREDOR_01,1409.93,7.09,A1_L2
intenso,1,FIXO,1027.0,VE_ROTA_VE_CORREDOR_01,1416.56,6.21,A1_L2
intenso,1,FIXO,1028.0,VE_ROTA_VE_CORREDOR_01,1422.26,5.32,A1_L2
intenso,1,FIXO,1029.0,VE_ROTA_VE_CORREDOR_01,1427.06,4.43,A1_L2
intenso,1,FIXO,1030.0,VE_ROTA_VE_CORREDOR_01,1431.02,3.59,A1_L2
intenso,1,FIXO,1031.0,VE_ROTA_VE_CORREDOR_01,1434.17,2.82,A1_L2
intenso,1,FIXO,1032.0,VE_ROTA_VE_CORREDOR_01,1436.60,2.13,A1_L2
intenso,1,FIXO,1033.0,VE_ROTA_VE_CORREDOR_01,1438.41,1.55,A1_L2
intenso,1,FIXO,1034.0,VE_ROTA_VE_CORREDOR_01,1439.70,1.09,A1_L2
intenso,1,FIXO,1035.0,VE_ROTA_VE_CORREDOR_01,1440.59,0.74,A1_L2
intenso,1,FIXO,1036.0,VE_ROTA_VE_CORREDOR_01,1441.19,0.49,A1_L2
intenso,1,FIXO,1037.0,VE_ROTA_VE_CORREDOR_01,1441.57,0.31,A1_L2
intenso,1,FIXO,1038.0,VE_ROTA_VE_CORREDOR_01,1441.81,0.19,A1_L2
intenso,1,FIXO,1039.0,VE_ROTA_VE_CORREDOR_01,1441.96,0.12,A1_L2
intenso,1,FIXO,1040.0,VE_ROTA_VE_CORREDOR_01,1442.05,0.07,A1_L2
intenso,1,FIXO,1041.0,VE_ROTA_VE_CORREDOR_01,1442.10,0.05,A1_L2
intenso,1,FIXO,1042.0,VE_ROTA_VE_CORREDOR_01,1442.14,0.03,A1_L2
intenso,1,FIXO,1043.0,VE_ROTA_VE_CORREDOR_01,1442.16,0.02,A1_L2
intenso,1,FIXO,1044.0,VE_ROTA_VE_CORREDOR_01,1442.17,0.01,A1_L2
intenso,1,FIXO,1045.0,VE_ROTA_VE_CORREDOR_01,1442.18,0.01,A1_L2
intenso,1,FIXO,1046.0,VE_ROTA_VE_CORREDOR_01,1442.19,0.00,A1_L2
intenso,1,FIXO,1047.0,VE_ROTA_VE_CORREDOR_01,1442.19,0.00,A1_L2
intenso,1,FIXO,1048.0,VE_ROTA_VE_CORREDOR_01,1442.19,0.00,A1_L2
intenso,1,FIXO,1049.0,VE_ROTA_VE_CORREDOR_01,1442.19,0.00,A1_L2
intenso,1,FIXO,1050.0,VE_ROTA_VE_CORREDOR_01,1442.19,0.00,A1_L2
intenso,1,FIXO,1051.0,VE_ROTA_VE_CORREDOR_01,1442.19,0.00,A1_L2
intenso,1,FIXO,1052.0,VE_ROTA_VE_CORREDOR_01,1442.19,0.00,A1_L2
intenso,1,FIXO,1053.0,VE_ROTA_VE_CORREDOR_01,1442.20,0.02,A1_L2
intenso,1,FIXO,1054.0,VE_ROTA_VE_CORREDOR_01,1442.28,0.16,A1_L2
intenso,1,FIXO,1055.0,VE_ROTA_VE_CORREDOR_01,1442.65,0.59,A1_L2
intenso,1,FIXO,1056.0,VE_ROTA_VE_CORREDOR_01,1443.69,1.45,A1_L2
intenso,1,FIXO,1057.0,VE_ROTA_VE_CORREDOR_01,1445.85,2.78,A1_L2
intenso,1,FIXO,1058.0,VE_ROTA_VE_CORREDOR_01,1449.52,4.37,A1_L2
intenso,1,FIXO,1059.0,VE_ROTA_VE_CORREDOR_01,1454.75,5.97,A1_L2
intenso,1,FIXO,1060.0,VE_ROTA_VE_CORREDOR_01,1461.55,7.48,A1_L2
intenso,1,FIXO,1061.0,VE_ROTA_VE_CORREDOR_01,1469.64,8.58,A1_L2
intenso,1,FIXO,1062.0,VE_ROTA_VE_CORREDOR_01,1478.81,9.56,A1_L2
intenso,1,FIXO,1063.0,VE_ROTA_VE_CORREDOR_01,1488.87,10.44,:CRUZ_03_11
intenso,1,FIXO,1064.0,VE_ROTA_VE_CORREDOR_01,1499.61,11.04,A1_L3
intenso,1,FIXO,1065.0,VE_ROTA_VE_CORREDOR_01,1510.95,11.58,A1_L3
intenso,1,FIXO,1066.0,VE_ROTA_VE_CORREDOR_01,1522.74,12.01,A1_L3
intenso,1,FIXO,1067.0,VE_ROTA_VE_CORREDOR_01,1534.95,12.40,A1_L3
intenso,1,FIXO,1068.0,VE_ROTA_VE_CORREDOR_01,1547.52,12.65,A1_L3
intenso,1,FIXO,1069.0,VE_ROTA_VE_CORREDOR_01,1560.38,12.95,A1_L3
intenso,1,FIXO,1070.0,VE_ROTA_VE_CORREDOR_01,1573.51,13.22,A1_L3
intenso,1,FIXO,1071.0,VE_ROTA_VE_CORREDOR_01,1586.81,13.41,A1_L3
intenso,1,FIXO,1072.0,VE_ROTA_VE_CORREDOR_01,1600.27,13.54,A1_L3
intenso,1,FIXO,1073.0,VE_ROTA_VE_CORREDOR_01,1613.89,13.65,A1_L3
intenso,1,FIXO,1074.0,VE_ROTA_VE_CORREDOR_01,1627.67,13.78,A1_L3
intenso,1,FIXO,1075.0,VE_ROTA_VE_CORREDOR_01,1641.54,13.86,A1_L3
intenso,1,FIXO,1076.0,VE_ROTA_VE_CORREDOR_01,1655.50,14.00,A1_L3
intenso,1,FIXO,1077.0,VE_ROTA_VE_CORREDOR_01,1669.53,14.06,A1_L3
intenso,1,FIXO,1078.0,VE_ROTA_VE_CORREDOR_01,1683.63,14.08,A1_L3
intenso,1,FIXO,1079.0,VE_ROTA_VE_CORREDOR_01,1697.79,14.15,A1_L3
intenso,1,FIXO,1080.0,VE_ROTA_VE_CORREDOR_01,1711.99,14.22,A1_L3
intenso,1,FIXO,1081.0,VE_ROTA_VE_CORREDOR_01,1726.26,14.27,A1_L3
intenso,1,FIXO,1082.0,VE_ROTA_VE_CORREDOR_01,1740.53,14.32,A1_L3
intenso,1,FIXO,1083.0,VE_ROTA_VE_CORREDOR_01,1754.83,14.27,A1_L3
intenso,1,FIXO,1084.0,VE_ROTA_VE_CORREDOR_01,1769.15,14.27,A1_L3
intenso,1,FIXO,1085.0,VE_ROTA_VE_CORREDOR_01,1783.38,14.06,A1_L3
intenso,1,FIXO,1086.0,VE_ROTA_VE_CORREDOR_01,1797.19,13.60,A1_L3
intenso,1,FIXO,1087.0,VE_ROTA_VE_CORREDOR_01,1810.56,13.11,A1_L3
intenso,1,FIXO,1088.0,VE_ROTA_VE_CORREDOR_01,1823.41,12.54,A1_L3
intenso,1,FIXO,1089.0,VE_ROTA_VE_CORREDOR_01,1835.71,11.97,A1_L3
intenso,1,FIXO,1090.0,VE_ROTA_VE_CORREDOR_01,1847.35,11.40,A1_L3
intenso,1,FIXO,1091.0,VE_ROTA_VE_CORREDOR_01,1858.32,10.65,A1_L3
intenso,1,FIXO,1092.0,VE_ROTA_VE_CORREDOR_01,1868.57,9.92,A1_L3
intenso,1,FIXO,1093.0,VE_ROTA_VE_CORREDOR_01,1878.07,9.16,A1_L3
intenso,1,FIXO,1094.0,VE_ROTA_VE_CORREDOR_01,1886.81,8.43,A1_L3
intenso,1,FIXO,1095.0,VE_ROTA_VE_CORREDOR_01,1894.77,7.55,A1_L3
intenso,1,FIXO,1096.0,VE_ROTA_VE_CORREDOR_01,1901.91,6.81,A1_L3
intenso,1,FIXO,1097.0,VE_ROTA_VE_CORREDOR_01,1908.23,5.98,A1_L3
intenso,1,FIXO,1098.0,VE_ROTA_VE_CORREDOR_01,1913.75,5.20,A1_L3
intenso,1,FIXO,1099.0,VE_ROTA_VE_CORREDOR_01,1918.49,4.40,A1_L3
intenso,1,FIXO,1100.0,VE_ROTA_VE_CORREDOR_01,1922.45,3.65,A1_L3
intenso,1,FIXO,1101.0,VE_ROTA_VE_CORREDOR_01,1925.72,2.98,A1_L3
intenso,1,FIXO,1102.0,VE_ROTA_VE_CORREDOR_01,1928.32,2.31,A1_L3
intenso,1,FIXO,1103.0,VE_ROTA_VE_CORREDOR_01,1930.33,1.77,A1_L3
intenso,1,FIXO,1104.0,VE_ROTA_VE_CORREDOR_01,1931.84,1.31,A1_L3
intenso,1,FIXO,1105.0,VE_ROTA_VE_CORREDOR_01,1932.93,0.93,A1_L3
intenso,1,FIXO,1106.0,VE_ROTA_VE_CORREDOR_01,1933.70,0.65,A1_L3
intenso,1,FIXO,1107.0,VE_ROTA_VE_CORREDOR_01,1934.23,0.44,A1_L3
intenso,1,FIXO,1108.0,VE_ROTA_VE_CORREDOR_01,1934.57,0.28,A1_L3
intenso,1,FIXO,1109.0,VE_ROTA_VE_CORREDOR_01,1934.80,0.18,A1_L3
intenso,1,FIXO,1110.0,VE_ROTA_VE_CORREDOR_01,1934.94,0.12,A1_L3
intenso,1,FIXO,1111.0,VE_ROTA_VE_CORREDOR_01,1935.03,0.08,A1_L3
intenso,1,FIXO,1112.0,VE_ROTA_VE_CORREDOR_01,1935.09,0.05,A1_L3
intenso,1,FIXO,1113.0,VE_ROTA_VE_CORREDOR_01,1935.13,0.03,A1_L3
intenso,1,FIXO,1114.0,VE_ROTA_VE_CORREDOR_01,1935.15,0.02,A1_L3
intenso,1,FIXO,1115.0,VE_ROTA_VE_CORREDOR_01,1935.17,0.01,A1_L3
intenso,1,FIXO,1116.0,VE_ROTA_VE_CORREDOR_01,1935.18,0.01,A1_L3
intenso,1,FIXO,1117.0,VE_ROTA_VE_CORREDOR_01,1935.18,0.00,A1_L3
intenso,1,FIXO,1118.0,VE_ROTA_VE_CORREDOR_01,1935.19,0.00,A1_L3
intenso,1,FIXO,1119.0,VE_ROTA_VE_CORREDOR_01,1935.19,0.00,A1_L3
intenso,1,FIXO,1120.0,VE_ROTA_VE_CORREDOR_01,1935.19,0.00,A1_L3
intenso,1,FIXO,1121.0,VE_ROTA_VE_CORREDOR_01,1935.19,0.00,A1_L3
intenso,1,FIXO,1122.0,VE_ROTA_VE_CORREDOR_01,1935.19,0.00,A1_L3
intenso,1,FIXO,1123.0,VE_ROTA_VE_CORREDOR_01,1935.19,0.00,A1_L3
intenso,1,FIXO,1124.0,VE_ROTA_VE_CORREDOR_01,1935.21,0.03,A1_L3
intenso,1,FIXO,1125.0,VE_ROTA_VE_CORREDOR_01,1935.29,0.15,A1_L3
intenso,1,FIXO,1126.0,VE_ROTA_VE_CORREDOR_01,1935.62,0.52,A1_L3
intenso,1,FIXO,1127.0,VE_ROTA_VE_CORREDOR_01,1936.51,1.24,A1_L3
intenso,1,FIXO,1128.0,VE_ROTA_VE_CORREDOR_01,1938.34,2.38,A1_L3
intenso,1,FIXO,1129.0,VE_ROTA_VE_CORREDOR_01,1941.42,3.67,A1_L3
intenso,1,FIXO,1130.0,VE_ROTA_VE_CORREDOR_01,1945.96,5.22,A1_L3
intenso,1,FIXO,1131.0,VE_ROTA_VE_CORREDOR_01,1951.95,6.59,A1_L3
intenso,1,FIXO,1132.0,VE_ROTA_VE_CORREDOR_01,1959.19,7.79,A1_L3
intenso,1,FIXO,1133.0,VE_ROTA_VE_CORREDOR_01,1967.55,8.86,A1_L3
intenso,1,FIXO,1134.0,VE_ROTA_VE_CORREDOR_01,1976.84,9.68,A1_L3
intenso,1,FIXO,1135.0,VE_ROTA_VE_CORREDOR_01,1986.36,8.46,:CRUZ_04_10
intenso,1,FIXO,1136.0,VE_ROTA_VE_CORREDOR_01,1994.80,8.44,T4_S1
intenso,1,FIXO,1137.0,VE_ROTA_VE_CORREDOR_01,2004.81,11.25,T4_S1
intenso,1,FIXO,1138.0,VE_ROTA_VE_CORREDOR_01,2017.65,14.16,T4_S1
intenso,1,FIXO,1139.0,VE_ROTA_VE_CORREDOR_01,2032.08,14.44,T4_S1
intenso,1,FIXO,1140.0,VE_ROTA_VE_CORREDOR_01,2046.51,14.44,T4_S1
intenso,1,FIXO,1141.0,VE_ROTA_VE_CORREDOR_01,2060.95,14.43,T4_S1
intenso,1,FIXO,1142.0,VE_ROTA_VE_CORREDOR_01,2075.38,14.44,T4_S1
intenso,1,FIXO,1143.0,VE_ROTA_VE_CORREDOR_01,2089.81,14.43,T4_S1
intenso,1,FIXO,1144.0,VE_ROTA_VE_CORREDOR_01,2104.24,14.44,T4_S1
intenso,1,FIXO,1145.0,VE_ROTA_VE_CORREDOR_01,2118.67,14.42,T4_S1
intenso,1,FIXO,1146.0,VE_ROTA_VE_CORREDOR_01,2133.10,14.43,T4_S1
intenso,1,FIXO,1147.0,VE_ROTA_VE_CORREDOR_01,2147.53,14.42,T4_S1
intenso,1,FIXO,1148.0,VE_ROTA_VE_CORREDOR_01,2161.96,14.42,T4_S1
intenso,1,FIXO,1149.0,VE_ROTA_VE_CORREDOR_01,2176.39,14.43,T4_S1
intenso,1,FIXO,1150.0,VE_ROTA_VE_CORREDOR_01,2190.82,14.43,T4_S1
intenso,1,FIXO,1151.0,VE_ROTA_VE_CORREDOR_01,2205.25,14.44,T4_S1
intenso,1,FIXO,1152.0,VE_ROTA_VE_CORREDOR_01,2219.68,14.44,T4_S1
intenso,1,FIXO,1153.0,VE_ROTA_VE_CORREDOR_01,2234.11,14.44,T4_S1
intenso,1,FIXO,1154.0,VE_ROTA_VE_CORREDOR_01,2248.54,14.44,T4_S1
intenso,1,FIXO,1155.0,VE_ROTA_VE_CORREDOR_01,2262.97,14.44,T4_S1
intenso,1,FIXO,1156.0,VE_ROTA_VE_CORREDOR_01,2277.39,14.41,T4_S1
intenso,1,FIXO,1157.0,VE_ROTA_VE_CORREDOR_01,2291.83,14.44,T4_S1
intenso,1,FIXO,1158.0,VE_ROTA_VE_CORREDOR_01,2306.26,14.43,T4_S1
intenso,1,FIXO,1159.0,VE_ROTA_VE_CORREDOR_01,2320.61,13.93,T4_S1
intenso,1,FIXO,1160.0,VE_ROTA_VE_CORREDOR_01,2333.19,11.50,T4_S1
intenso,1,FIXO,1161.0,VE_ROTA_VE_CORREDOR_01,2343.46,9.34,T4_S1
intenso,1,FIXO,1162.0,VE_ROTA_VE_CORREDOR_01,2351.74,7.46,T4_S1
intenso,1,FIXO,1163.0,VE_ROTA_VE_CORREDOR_01,2358.27,5.85,T4_S1
intenso,1,FIXO,1164.0,VE_ROTA_VE_CORREDOR_01,2363.43,4.60,T4_S1
intenso,1,FIXO,1165.0,VE_ROTA_VE_CORREDOR_01,2367.49,3.67,T4_S1
intenso,1,FIXO,1166.0,VE_ROTA_VE_CORREDOR_01,2370.77,3.00,T4_S1
intenso,1,FIXO,1167.0,VE_ROTA_VE_CORREDOR_01,2373.53,2.61,T4_S1
intenso,1,FIXO,1168.0,VE_ROTA_VE_CORREDOR_01,2376.02,2.41,T4_S1
intenso,1,FIXO,1169.0,VE_ROTA_VE_CORREDOR_01,2378.44,2.46,T4_S1
intenso,1,FIXO,1170.0,VE_ROTA_VE_CORREDOR_01,2380.99,2.66,T4_S1
intenso,1,FIXO,1171.0,VE_ROTA_VE_CORREDOR_01,2383.80,2.97,T4_S1
intenso,1,FIXO,1172.0,VE_ROTA_VE_CORREDOR_01,2386.96,3.37,T4_S1
intenso,1,FIXO,1173.0,VE_ROTA_VE_CORREDOR_01,2390.55,3.79,T4_S1
intenso,1,FIXO,1174.0,VE_ROTA_VE_CORREDOR_01,2394.58,4.20,T4_S1
intenso,1,FIXO,1175.0,VE_ROTA_VE_CORREDOR_01,2399.05,4.64,T4_S1
intenso,1,FIXO,1176.0,VE_ROTA_VE_CORREDOR_01,2403.96,5.13,T4_S1
intenso,1,FIXO,1177.0,VE_ROTA_VE_CORREDOR_01,2409.30,5.50,T4_S1
intenso,1,FIXO,1178.0,VE_ROTA_VE_CORREDOR_01,2415.02,5.95,T4_S1
intenso,1,FIXO,1179.0,VE_ROTA_VE_CORREDOR_01,2421.13,6.26,T4_S1
intenso,1,FIXO,1180.0,VE_ROTA_VE_CORREDOR_01,2427.56,6.61,T4_S1
intenso,1,FIXO,1181.0,VE_ROTA_VE_CORREDOR_01,2434.32,6.90,T4_S1
intenso,1,FIXO,1182.0,VE_ROTA_VE_CORREDOR_01,2441.38,7.23,T4_S1
intenso,1,FIXO,1183.0,VE_ROTA_VE_CORREDOR_01,2448.71,7.47,T4_S1
intenso,1,FIXO,1184.0,VE_ROTA_VE_CORREDOR_01,2456.27,7.66,T4_S1
intenso,1,FIXO,1185.0,VE_ROTA_VE_CORREDOR_01,2464.06,7.88,T4_S1
intenso,1,FIXO,1186.0,VE_ROTA_VE_CORREDOR_01,2470.67,4.45,T4_S1
intenso,1,FIXO,1187.0,VE_ROTA_VE_CORREDOR_01,2472.43,0.00,T4_S1
intenso,1,FIXO,1188.0,VE_ROTA_VE_CORREDOR_01,2472.43,0.00,T4_S1
intenso,1,FIXO,1189.0,VE_ROTA_VE_CORREDOR_01,2472.43,0.00,T4_S1
intenso,1,FIXO,1190.0,VE_ROTA_VE_CORREDOR_01,2472.43,0.00,T4_S1
intenso,1,FIXO,1191.0,VE_ROTA_VE_CORREDOR_01,2472.43,0.00,T4_S1
intenso,1,FIXO,1192.0,VE_ROTA_VE_CORREDOR_01,2472.43,0.00,T4_S1
intenso,1,FIXO,1193.0,VE_ROTA_VE_CORREDOR_01,2472.43,0.00,T4_S1
intenso,1,FIXO,1194.0,VE_ROTA_VE_CORREDOR_01,2472.43,0.00,T4_S1
intenso,1,FIXO,1195.0,VE_ROTA_VE_CORREDOR_01,2472.43,0.00,T4_S1
intenso,1,FIXO,1196.0,VE_ROTA_VE_CORREDOR_01,2472.43,0.00,T4_S1
intenso,1,FIXO,1197.0,VE_ROTA_VE_CORREDOR_01,2472.43,0.00,T4_S1
intenso,1,FIXO,1198.0,VE_ROTA_VE_CORREDOR_01,2472.43,0.00,T4_S1
intenso,1,FIXO,1199.0,VE_ROTA_VE_CORREDOR_01,2472.43,0.00,T4_S1
intenso,1,FIXO,1200.0,VE_ROTA_VE_CORREDOR_01,2472.43,0.00,T4_S1
intenso,1,FIXO,1201.0,VE_ROTA_VE_CORREDOR_01,2472.43,0.00,T4_S1
intenso,1,FIXO,1202.0,VE_ROTA_VE_CORREDOR_01,2472.43,0.00,T4_S1
intenso,1,FIXO,1203.0,VE_ROTA_VE_CORREDOR_01,2472.43,0.00,T4_S1
intenso,1,FIXO,1204.0,VE_ROTA_VE_CORREDOR_01,2472.43,0.00,T4_S1
intenso,1,FIXO,1205.0,VE_ROTA_VE_CORREDOR_01,2472.43,0.00,T4_S1
intenso,1,FIXO,1206.0,VE_ROTA_VE_CORREDOR_01,2472.43,0.00,T4_S1
intenso,1,FIXO,1207.0,VE_ROTA_VE_CORREDOR_01,2472.43,0.00,T4_S1
intenso,1,FIXO,1208.0,VE_ROTA_VE_CORREDOR_01,2472.43,0.00,T4_S1
intenso,1,FIXO,1209.0,VE_ROTA_VE_CORREDOR_01,2472.43,0.00,T4_S1
intenso,1,FIXO,1210.0,VE_ROTA_VE_CORREDOR_01,2472.43,0.00,T4_S1
intenso,1,FIXO,1211.0,VE_ROTA_VE_CORREDOR_01,2472.43,0.00,T4_S1
intenso,1,FIXO,1212.0,VE_ROTA_VE_CORREDOR_01,2472.43,0.00,T4_S1
intenso,1,FIXO,1213.0,VE_ROTA_VE_CORREDOR_01,2472.43,0.00,T4_S1
intenso,1,FIXO,1214.0,VE_ROTA_VE_CORREDOR_01,2472.43,0.00,T4_S1
intenso,1,FIXO,1215.0,VE_ROTA_VE_CORREDOR_01,2472.43,0.00,T4_S1
intenso,1,FIXO,1216.0,VE_ROTA_VE_CORREDOR_01,2472.43,0.00,T4_S1
intenso,1,FIXO,1217.0,VE_ROTA_VE_CORREDOR_01,2472.43,0.00,T4_S1
intenso,1,FIXO,1218.0,VE_ROTA_VE_CORREDOR_01,2472.43,0.00,T4_S1
intenso,1,FIXO,1219.0,VE_ROTA_VE_CORREDOR_01,2472.43,0.00,T4_S1
intenso,1,FIXO,1220.0,VE_ROTA_VE_CORREDOR_01,2472.43,0.00,T4_S1
intenso,1,FIXO,1221.0,VE_ROTA_VE_CORREDOR_01,2472.43,0.00,T4_S1
intenso,1,FIXO,1222.0,VE_ROTA_VE_CORREDOR_01,2472.43,0.00,T4_S1
intenso,1,FIXO,1223.0,VE_ROTA_VE_CORREDOR_01,2472.43,0.00,T4_S1
intenso,1,FIXO,1224.0,VE_ROTA_VE_CORREDOR_01,2472.43,0.00,T4_S1
intenso,1,FIXO,1225.0,VE_ROTA_VE_CORREDOR_01,2472.43,0.00,T4_S1
intenso,1,FIXO,1226.0,VE_ROTA_VE_CORREDOR_01,2474.04,2.91,:CRUZ_08_0
intenso,1,FIXO,1227.0,VE_ROTA_VE_CORREDOR_01,2478.50,5.71,:CRUZ_08_0
intenso,1,FIXO,1228.0,VE_ROTA_VE_CORREDOR_01,2485.79,8.59,A2_O3
intenso,1,FIXO,1229.0,VE_ROTA_VE_CORREDOR_01,2495.99,11.52,A2_O3
intenso,1,FIXO,1230.0,VE_ROTA_VE_CORREDOR_01,2509.08,14.34,A2_O3
intenso,1,FIXO,1231.0,VE_ROTA_VE_CORREDOR_01,2525.01,17.21,A2_O3
intenso,1,FIXO,1232.0,VE_ROTA_VE_CORREDOR_01,2543.76,20.04,A2_O3
intenso,1,FIXO,1233.0,VE_ROTA_VE_CORREDOR_01,2565.04,21.66,A2_O3
intenso,1,FIXO,1234.0,VE_ROTA_VE_CORREDOR_01,2586.70,21.67,A2_O3
intenso,1,FIXO,1235.0,VE_ROTA_VE_CORREDOR_01,2608.36,21.67,A2_O3
intenso,1,FIXO,1236.0,VE_ROTA_VE_CORREDOR_01,2630.01,21.65,A2_O3
intenso,1,FIXO,1237.0,VE_ROTA_VE_CORREDOR_01,2651.67,21.67,A2_O3
intenso,1,FIXO,1238.0,VE_ROTA_VE_CORREDOR_01,2673.32,21.65,A2_O3
intenso,1,FIXO,1239.0,VE_ROTA_VE_CORREDOR_01,2694.98,21.65,A2_O3
intenso,1,FIXO,1240.0,VE_ROTA_VE_CORREDOR_01,2716.63,21.67,A2_O3
intenso,1,FIXO,1241.0,VE_ROTA_VE_CORREDOR_01,2738.29,21.66,A2_O3
intenso,1,FIXO,1242.0,VE_ROTA_VE_CORREDOR_01,2759.73,20.80,A2_O3
intenso,1,FIXO,1243.0,VE_ROTA_VE_CORREDOR_01,2779.39,18.72,A2_O3
intenso,1,FIXO,1244.0,VE_ROTA_VE_CORREDOR_01,2798.33,20.10,A2_O3
intenso,1,FIXO,1245.0,VE_ROTA_VE_CORREDOR_01,2818.50,19.09,A2_O3
intenso,1,FIXO,1246.0,VE_ROTA_VE_CORREDOR_01,2836.00,16.20,A2_O3
intenso,1,FIXO,1247.0,VE_ROTA_VE_CORREDOR_01,2850.69,13.49,A2_O3
intenso,1,FIXO,1248.0,VE_ROTA_VE_CORREDOR_01,2862.75,10.90,A2_O3
intenso,1,FIXO,1249.0,VE_ROTA_VE_CORREDOR_01,2872.36,8.58,A2_O3
intenso,1,FIXO,1250.0,VE_ROTA_VE_CORREDOR_01,2879.75,6.48,A2_O3
intenso,1,FIXO,1251.0,VE_ROTA_VE_CORREDOR_01,2885.22,4.70,A2_O3
intenso,1,FIXO,1252.0,VE_ROTA_VE_CORREDOR_01,2889.11,3.27,A2_O3
intenso,1,FIXO,1253.0,VE_ROTA_VE_CORREDOR_01,2891.79,2.21,A2_O3
intenso,1,FIXO,1254.0,VE_ROTA_VE_CORREDOR_01,2893.58,1.49,A2_O3
intenso,1,FIXO,1255.0,VE_ROTA_VE_CORREDOR_01,2894.76,0.98,A2_O3
intenso,1,FIXO,1256.0,VE_ROTA_VE_CORREDOR_01,2895.54,0.65,A2_O3
intenso,1,FIXO,1257.0,VE_ROTA_VE_CORREDOR_01,2896.06,0.43,A2_O3
intenso,1,FIXO,1258.0,VE_ROTA_VE_CORREDOR_01,2896.40,0.28,A2_O3
intenso,1,FIXO,1259.0,VE_ROTA_VE_CORREDOR_01,2896.62,0.18,A2_O3
intenso,1,FIXO,1260.0,VE_ROTA_VE_CORREDOR_01,2896.77,0.12,A2_O3
intenso,1,FIXO,1261.0,VE_ROTA_VE_CORREDOR_01,2896.87,0.08,A2_O3
intenso,1,FIXO,1262.0,VE_ROTA_VE_CORREDOR_01,2896.93,0.05,A2_O3
intenso,1,FIXO,1263.0,VE_ROTA_VE_CORREDOR_01,2896.97,0.03,A2_O3
intenso,1,FIXO,1264.0,VE_ROTA_VE_CORREDOR_01,2897.00,0.02,A2_O3
intenso,1,FIXO,1265.0,VE_ROTA_VE_CORREDOR_01,2897.02,0.02,A2_O3
intenso,1,FIXO,1266.0,VE_ROTA_VE_CORREDOR_01,2897.04,0.02,A2_O3
intenso,1,FIXO,1267.0,VE_ROTA_VE_CORREDOR_01,2897.08,0.06,A2_O3
intenso,1,FIXO,1268.0,VE_ROTA_VE_CORREDOR_01,2897.20,0.20,A2_O3
intenso,1,FIXO,1269.0,VE_ROTA_VE_CORREDOR_01,2897.58,0.55,A2_O3
intenso,1,FIXO,1270.0,VE_ROTA_VE_CORREDOR_01,2898.46,1.19,A2_O3
intenso,1,FIXO,1271.0,VE_ROTA_VE_CORREDOR_01,2900.15,2.15,A2_O3
intenso,1,FIXO,1272.0,VE_ROTA_VE_CORREDOR_01,2902.90,3.26,A2_O3
intenso,1,FIXO,1273.0,VE_ROTA_VE_CORREDOR_01,2906.76,4.33,A2_O3
intenso,1,FIXO,1274.0,VE_ROTA_VE_CORREDOR_01,2911.68,5.35,A2_O3
intenso,1,FIXO,1275.0,VE_ROTA_VE_CORREDOR_01,2917.59,6.40,A2_O3
intenso,1,FIXO,1276.0,VE_ROTA_VE_CORREDOR_01,2924.43,7.25,A2_O3
intenso,1,FIXO,1277.0,VE_ROTA_VE_CORREDOR_01,2932.11,8.04,A2_O3
intenso,1,FIXO,1278.0,VE_ROTA_VE_CORREDOR_01,2940.55,8.76,A2_O3
intenso,1,FIXO,1279.0,VE_ROTA_VE_CORREDOR_01,2949.62,9.27,A2_O3
intenso,1,FIXO,1280.0,VE_ROTA_VE_CORREDOR_01,2959.27,9.90,A2_O3
intenso,1,FIXO,1281.0,VE_ROTA_VE_CORREDOR_01,2969.41,10.32,:CRUZ_07_4
intenso,1,FIXO,1282.0,VE_ROTA_VE_CORREDOR_01,2979.96,10.75,:CRUZ_07_4
intenso,1,FIXO,1283.0,VE_ROTA_VE_CORREDOR_01,2990.90,11.07,A2_O2
intenso,1,FIXO,1284.0,VE_ROTA_VE_CORREDOR_01,3002.16,11.35,A2_O2
intenso,1,FIXO,1285.0,VE_ROTA_VE_CORREDOR_01,3013.70,11.60,A2_O2
intenso,1,FIXO,1286.0,VE_ROTA_VE_CORREDOR_01,3025.48,11.86,A2_O2
intenso,1,FIXO,1287.0,VE_ROTA_VE_CORREDOR_01,3037.50,12.09,A2_O2
intenso,1,FIXO,1288.0,VE_ROTA_VE_CORREDOR_01,3049.69,12.28,A2_O2
intenso,1,FIXO,1289.0,VE_ROTA_VE_CORREDOR_01,3062.08,12.44,A2_O2
intenso,1,FIXO,1290.0,VE_ROTA_VE_CORREDOR_01,3074.59,12.51,A2_O2
intenso,1,FIXO,1291.0,VE_ROTA_VE_CORREDOR_01,3087.22,12.72,A2_O2
intenso,1,FIXO,1292.0,VE_ROTA_VE_CORREDOR_01,3099.96,12.78,A2_O2
intenso,1,FIXO,1293.0,VE_ROTA_VE_CORREDOR_01,3112.81,12.89,A2_O2
intenso,1,FIXO,1294.0,VE_ROTA_VE_CORREDOR_01,3125.71,12.90,A2_O2
intenso,1,FIXO,1295.0,VE_ROTA_VE_CORREDOR_01,3138.71,12.99,A2_O2
intenso,1,FIXO,1296.0,VE_ROTA_VE_CORREDOR_01,3151.76,13.07,A2_O2
intenso,1,FIXO,1297.0,VE_ROTA_VE_CORREDOR_01,3164.87,13.12,A2_O2
intenso,1,FIXO,1298.0,VE_ROTA_VE_CORREDOR_01,3178.02,13.15,A2_O2
intenso,1,FIXO,1299.0,VE_ROTA_VE_CORREDOR_01,3191.21,13.22,A2_O2
intenso,1,FIXO,1300.0,VE_ROTA_VE_CORREDOR_01,3204.43,13.30,A2_O2
intenso,1,FIXO,1301.0,VE_ROTA_VE_CORREDOR_01,3217.67,13.25,A2_O2
intenso,1,FIXO,1302.0,VE_ROTA_VE_CORREDOR_01,3230.87,13.13,A2_O2
intenso,1,FIXO,1303.0,VE_ROTA_VE_CORREDOR_01,3243.89,12.95,A2_O2
intenso,1,FIXO,1304.0,VE_ROTA_VE_CORREDOR_01,3256.64,12.66,A2_O2
intenso,1,FIXO,1305.0,VE_ROTA_VE_CORREDOR_01,3269.07,12.26,A2_O2
intenso,1,FIXO,1306.0,VE_ROTA_VE_CORREDOR_01,3281.10,11.87,A2_O2
intenso,1,FIXO,1307.0,VE_ROTA_VE_CORREDOR_01,3292.68,11.34,A2_O2
intenso,1,FIXO,1308.0,VE_ROTA_VE_CORREDOR_01,3303.74,10.83,A2_O2
intenso,1,FIXO,1309.0,VE_ROTA_VE_CORREDOR_01,3314.29,10.28,A2_O2
intenso,1,FIXO,1310.0,VE_ROTA_VE_CORREDOR_01,3324.23,9.66,A2_O2
intenso,1,FIXO,1311.0,VE_ROTA_VE_CORREDOR_01,3333.57,9.08,A2_O2
intenso,1,FIXO,1312.0,VE_ROTA_VE_CORREDOR_01,3342.25,8.40,A2_O2
intenso,1,FIXO,1313.0,VE_ROTA_VE_CORREDOR_01,3350.25,7.68,A2_O2
intenso,1,FIXO,1314.0,VE_ROTA_VE_CORREDOR_01,3357.56,7.01,A2_O2
intenso,1,FIXO,1315.0,VE_ROTA_VE_CORREDOR_01,3364.17,6.26,A2_O2
intenso,1,FIXO,1316.0,VE_ROTA_VE_CORREDOR_01,3370.06,5.57,A2_O2
intenso,1,FIXO,1317.0,VE_ROTA_VE_CORREDOR_01,3375.26,4.86,A2_O2
intenso,1,FIXO,1318.0,VE_ROTA_VE_CORREDOR_01,3379.75,4.16,A2_O2
intenso,1,FIXO,1319.0,VE_ROTA_VE_CORREDOR_01,3383.58,3.50,A2_O2
intenso,1,FIXO,1320.0,VE_ROTA_VE_CORREDOR_01,3386.76,2.91,A2_O2
intenso,1,FIXO,1321.0,VE_ROTA_VE_CORREDOR_01,3389.37,2.37,A2_O2
intenso,1,FIXO,1322.0,VE_ROTA_VE_CORREDOR_01,3391.45,1.87,A2_O2
intenso,1,FIXO,1323.0,VE_ROTA_VE_CORREDOR_01,3393.05,1.41,A2_O2
intenso,1,FIXO,1324.0,VE_ROTA_VE_CORREDOR_01,3394.25,1.04,A2_O2
intenso,1,FIXO,1325.0,VE_ROTA_VE_CORREDOR_01,3395.13,0.75,A2_O2
intenso,1,FIXO,1326.0,VE_ROTA_VE_CORREDOR_01,3395.76,0.53,A2_O2
intenso,1,FIXO,1327.0,VE_ROTA_VE_CORREDOR_01,3396.19,0.36,A2_O2
intenso,1,FIXO,1328.0,VE_ROTA_VE_CORREDOR_01,3396.48,0.24,A2_O2
intenso,1,FIXO,1329.0,VE_ROTA_VE_CORREDOR_01,3396.68,0.16,A2_O2
intenso,1,FIXO,1330.0,VE_ROTA_VE_CORREDOR_01,3396.81,0.11,A2_O2
intenso,1,FIXO,1331.0,VE_ROTA_VE_CORREDOR_01,3396.89,0.07,A2_O2
intenso,1,FIXO,1332.0,VE_ROTA_VE_CORREDOR_01,3396.95,0.05,A2_O2
intenso,1,FIXO,1333.0,VE_ROTA_VE_CORREDOR_01,3396.98,0.03,A2_O2
intenso,1,FIXO,1334.0,VE_ROTA_VE_CORREDOR_01,3397.01,0.02,A2_O2
intenso,1,FIXO,1335.0,VE_ROTA_VE_CORREDOR_01,3397.02,0.01,A2_O2
intenso,1,FIXO,1336.0,VE_ROTA_VE_CORREDOR_01,3397.04,0.02,A2_O2
intenso,1,FIXO,1337.0,VE_ROTA_VE_CORREDOR_01,3397.08,0.06,A2_O2
intenso,1,FIXO,1338.0,VE_ROTA_VE_CORREDOR_01,3397.19,0.19,A2_O2
intenso,1,FIXO,1339.0,VE_ROTA_VE_CORREDOR_01,3397.55,0.53,A2_O2
intenso,1,FIXO,1340.0,VE_ROTA_VE_CORREDOR_01,3398.40,1.16,A2_O2
intenso,1,FIXO,1341.0,VE_ROTA_VE_CORREDOR_01,3400.06,2.10,A2_O2
intenso,1,FIXO,1342.0,VE_ROTA_VE_CORREDOR_01,3402.74,3.16,A2_O2
intenso,1,FIXO,1343.0,VE_ROTA_VE_CORREDOR_01,3406.56,4.35,A2_O2
intenso,1,FIXO,1344.0,VE_ROTA_VE_CORREDOR_01,3411.51,5.45,A2_O2
intenso,1,FIXO,1345.0,VE_ROTA_VE_CORREDOR_01,3417.50,6.43,A2_O2
intenso,1,FIXO,1346.0,VE_ROTA_VE_CORREDOR_01,3424.41,7.25,A2_O2
intenso,1,FIXO,1347.0,VE_ROTA_VE_CORREDOR_01,3432.20,8.08,A2_O2
intenso,1,FIXO,1348.0,VE_ROTA_VE_CORREDOR_01,3440.69,8.82,A2_O2
intenso,1,FIXO,1349.0,VE_ROTA_VE_CORREDOR_01,3449.84,9.46,A2_O2
intenso,1,FIXO,1350.0,VE_ROTA_VE_CORREDOR_01,3459.54,10.02,A2_O2
intenso,1,FIXO,1351.0,VE_ROTA_VE_CORREDOR_01,3469.72,10.39,:CRUZ_06_4
intenso,1,FIXO,1352.0,VE_ROTA_VE_CORREDOR_01,3480.32,10.70,:CRUZ_06_4
intenso,1,FIXO,1353.0,VE_ROTA_VE_CORREDOR_01,3491.29,11.10,A2_O1
intenso,1,FIXO,1354.0,VE_ROTA_VE_CORREDOR_01,3502.60,11.47,A2_O1
intenso,1,FIXO,1355.0,VE_ROTA_VE_CORREDOR_01,3514.19,11.66,A2_O1
intenso,1,FIXO,1356.0,VE_ROTA_VE_CORREDOR_01,3526.03,11.92,A2_O1
intenso,1,FIXO,1357.0,VE_ROTA_VE_CORREDOR_01,3538.08,12.05,A2_O1
intenso,1,FIXO,1358.0,VE_ROTA_VE_CORREDOR_01,3550.30,12.27,A2_O1
intenso,1,FIXO,1359.0,VE_ROTA_VE_CORREDOR_01,3562.70,12.47,A2_O1
intenso,1,FIXO,1360.0,VE_ROTA_VE_CORREDOR_01,3575.23,12.59,A2_O1
intenso,1,FIXO,1361.0,VE_ROTA_VE_CORREDOR_01,3587.89,12.69,A2_O1
intenso,1,FIXO,1362.0,VE_ROTA_VE_CORREDOR_01,3600.64,12.79,A2_O1
intenso,1,FIXO,1363.0,VE_ROTA_VE_CORREDOR_01,3613.49,12.90,A2_O1
intenso,1,FIXO,1364.0,VE_ROTA_VE_CORREDOR_01,3626.43,12.97,A2_O1
intenso,1,FIXO,1365.0,VE_ROTA_VE_CORREDOR_01,3639.42,13.02,A2_O1
intenso,1,FIXO,1366.0,VE_ROTA_VE_CORREDOR_01,3652.46,13.07,A2_O1
intenso,1,FIXO,1367.0,VE_ROTA_VE_CORREDOR_01,3665.56,13.13,A2_O1
intenso,1,FIXO,1368.0,VE_ROTA_VE_CORREDOR_01,3678.73,13.22,A2_O1
intenso,1,FIXO,1369.0,VE_ROTA_VE_CORREDOR_01,3691.94,13.22,A2_O1
intenso,1,FIXO,1370.0,VE_ROTA_VE_CORREDOR_01,3705.17,13.19,A2_O1
intenso,1,FIXO,1371.0,VE_ROTA_VE_CORREDOR_01,3718.43,13.25,A2_O1
intenso,1,FIXO,1372.0,VE_ROTA_VE_CORREDOR_01,3731.64,13.14,A2_O1
intenso,1,FIXO,1373.0,VE_ROTA_VE_CORREDOR_01,3744.67,12.93,A2_O1
intenso,1,FIXO,1374.0,VE_ROTA_VE_CORREDOR_01,3757.40,12.55,A2_O1
intenso,1,FIXO,1375.0,VE_ROTA_VE_CORREDOR_01,3769.78,12.20,A2_O1
intenso,1,FIXO,1376.0,VE_ROTA_VE_CORREDOR_01,3781.80,11.85,A2_O1
intenso,1,FIXO,1377.0,VE_ROTA_VE_CORREDOR_01,3793.36,11.36,A2_O1
intenso,1,FIXO,1378.0,VE_ROTA_VE_CORREDOR_01,3804.40,10.74,A2_O1
intenso,1,FIXO,1379.0,VE_ROTA_VE_CORREDOR_01,3814.88,10.21,A2_O1
intenso,1,FIXO,1380.0,VE_ROTA_VE_CORREDOR_01,3824.80,9.66,A2_O1
intenso,1,FIXO,1381.0,VE_ROTA_VE_CORREDOR_01,3834.09,8.99,A2_O1
intenso,1,FIXO,1382.0,VE_ROTA_VE_CORREDOR_01,3842.72,8.33,A2_O1
intenso,1,FIXO,1383.0,VE_ROTA_VE_CORREDOR_01,3850.68,7.65,A2_O1
intenso,1,FIXO,1384.0,VE_ROTA_VE_CORREDOR_01,3857.95,6.99,A2_O1
intenso,1,FIXO,1385.0,VE_ROTA_VE_CORREDOR_01,3864.51,6.22,A2_O1
intenso,1,FIXO,1386.0,VE_ROTA_VE_CORREDOR_01,3870.36,5.51,A2_O1
intenso,1,FIXO,1387.0,VE_ROTA_VE_CORREDOR_01,3875.51,4.82,A2_O1
intenso,1,FIXO,1388.0,VE_ROTA_VE_CORREDOR_01,3879.97,4.17,A2_O1
intenso,1,FIXO,1389.0,VE_ROTA_VE_CORREDOR_01,3883.75,3.48,A2_O1
intenso,1,FIXO,1390.0,VE_ROTA_VE_CORREDOR_01,3886.89,2.89,A2_O1
intenso,1,FIXO,1391.0,VE_ROTA_VE_CORREDOR_01,3889.47,2.33,A2_O1
intenso,1,FIXO,1392.0,VE_ROTA_VE_CORREDOR_01,3891.52,1.83,A2_O1
intenso,1,FIXO,1393.0,VE_ROTA_VE_CORREDOR_01,3893.10,1.38,A2_O1
intenso,1,FIXO,1394.0,VE_ROTA_VE_CORREDOR_01,3894.29,1.04,A2_O1
intenso,1,FIXO,1395.0,VE_ROTA_VE_CORREDOR_01,3895.15,0.74,A2_O1
intenso,1,FIXO,1396.0,VE_ROTA_VE_CORREDOR_01,3895.77,0.53,A2_O1
intenso,1,FIXO,1397.0,VE_ROTA_VE_CORREDOR_01,3896.20,0.36,A2_O1
intenso,1,FIXO,1398.0,VE_ROTA_VE_CORREDOR_01,3896.49,0.24,A2_O1
intenso,1,FIXO,1399.0,VE_ROTA_VE_CORREDOR_01,3896.68,0.16,A2_O1
intenso,1,FIXO,1400.0,VE_ROTA_VE_CORREDOR_01,3896.81,0.11,A2_O1
intenso,1,FIXO,1401.0,VE_ROTA_VE_CORREDOR_01,3896.89,0.07,A2_O1
intenso,1,FIXO,1402.0,VE_ROTA_VE_CORREDOR_01,3896.95,0.05,A2_O1
intenso,1,FIXO,1403.0,VE_ROTA_VE_CORREDOR_01,3896.98,0.03,A2_O1
intenso,1,FIXO,1404.0,VE_ROTA_VE_CORREDOR_01,3897.01,0.02,A2_O1
intenso,1,FIXO,1405.0,VE_ROTA_VE_CORREDOR_01,3897.02,0.01,A2_O1
intenso,1,FIXO,1406.0,VE_ROTA_VE_CORREDOR_01,3897.04,0.02,A2_O1
intenso,1,FIXO,1407.0,VE_ROTA_VE_CORREDOR_01,3897.08,0.06,A2_O1
intenso,1,FIXO,1408.0,VE_ROTA_VE_CORREDOR_01,3897.21,0.20,A2_O1
intenso,1,FIXO,1409.0,VE_ROTA_VE_CORREDOR_01,3897.58,0.56,A2_O1
intenso,1,FIXO,1410.0,VE_ROTA_VE_CORREDOR_01,3898.48,1.20,A2_O1
intenso,1,FIXO,1411.0,VE_ROTA_VE_CORREDOR_01,3900.20,2.15,A2_O1
intenso,1,FIXO,1412.0,VE_ROTA_VE_CORREDOR_01,3902.96,3.29,A2_O1
intenso,1,FIXO,1413.0,VE_ROTA_VE_CORREDOR_01,3906.83,4.37,A2_O1
intenso,1,FIXO,1414.0,VE_ROTA_VE_CORREDOR_01,3911.81,5.46,A2_O1
intenso,1,FIXO,1415.0,VE_ROTA_VE_CORREDOR_01,3917.83,6.50,A2_O1
intenso,1,FIXO,1416.0,VE_ROTA_VE_CORREDOR_01,3924.77,7.30,A2_O1
intenso,1,FIXO,1417.0,VE_ROTA_VE_CORREDOR_01,3932.56,8.13,A2_O1
intenso,1,FIXO,1418.0,VE_ROTA_VE_CORREDOR_01,3941.07,8.75,A2_O1
intenso,1,FIXO,1419.0,VE_ROTA_VE_CORREDOR_01,3950.21,9.44,A2_O1
intenso,1,FIXO,1420.0,VE_ROTA_VE_CORREDOR_01,3959.90,9.96,A2_O1
intenso,1,FIXO,1421.0,VE_ROTA_VE_CORREDOR_01,3970.10,10.41,:CRUZ_05_4
intenso,1,FIXO,1422.0,VE_ROTA_VE_CORREDOR_01,3980.74,10.77,:CRUZ_05_4
intenso,1,FIXO,1423.0,VE_ROTA_VE_CORREDOR_01,3991.74,11.23,A2_O0
intenso,1,FIXO,1424.0,VE_ROTA_VE_CORREDOR_01,4003.05,11.40,A2_O0
intenso,1,FIXO,1425.0,VE_ROTA_VE_CORREDOR_01,4014.65,11.70,A2_O0
intenso,1,FIXO,1426.0,VE_ROTA_VE_CORREDOR_01,4026.47,11.89,A2_O0
intenso,1,FIXO,1427.0,VE_ROTA_VE_CORREDOR_01,4038.53,12.15,A2_O0
intenso,1,FIXO,1428.0,VE_ROTA_VE_CORREDOR_01,4050.77,12.32,A2_O0
intenso,1,FIXO,1429.0,VE_ROTA_VE_CORREDOR_01,4063.14,12.44,A2_O0
intenso,1,FIXO,1430.0,VE_ROTA_VE_CORREDOR_01,4075.68,12.62,A2_O0
intenso,1,FIXO,1431.0,VE_ROTA_VE_CORREDOR_01,4088.32,12.73,A2_O0
intenso,1,FIXO,1432.0,VE_ROTA_VE_CORREDOR_01,4101.05,12.77,A2_O0
intenso,1,FIXO,1433.0,VE_ROTA_VE_CORREDOR_01,4113.93,12.87,A2_O0
intenso,1,FIXO,1434.0,VE_ROTA_VE_CORREDOR_01,4126.88,13.02,A2_O0
intenso,1,FIXO,1435.0,VE_ROTA_VE_CORREDOR_01,4139.91,13.04,A2_O0
intenso,1,FIXO,1436.0,VE_ROTA_VE_CORREDOR_01,4152.95,13.09,A2_O0
intenso,1,FIXO,1437.0,VE_ROTA_VE_CORREDOR_01,4166.06,13.09,A2_O0
intenso,1,FIXO,1438.0,VE_ROTA_VE_CORREDOR_01,4179.22,13.22,A2_O0
intenso,1,FIXO,1439.0,VE_ROTA_VE_CORREDOR_01,4192.44,13.19,A2_O0
intenso,1,FIXO,1440.0,VE_ROTA_VE_CORREDOR_01,4205.66,13.24,A2_O0
intenso,1,FIXO,1441.0,VE_ROTA_VE_CORREDOR_01,4218.91,13.28,A2_O0
intenso,1,FIXO,1442.0,VE_ROTA_VE_CORREDOR_01,4232.19,13.24,A2_O0
intenso,1,FIXO,1443.0,VE_ROTA_VE_CORREDOR_01,4245.49,13.24,A2_O0
intenso,1,FIXO,1444.0,VE_ROTA_VE_CORREDOR_01,4258.83,13.29,A2_O0
intenso,1,FIXO,1445.0,VE_ROTA_VE_CORREDOR_01,4272.19,13.37,A2_O0
intenso,1,FIXO,1446.0,VE_ROTA_VE_CORREDOR_01,4285.55,13.35,A2_O0
intenso,1,FIXO,1447.0,VE_ROTA_VE_CORREDOR_01,4298.91,13.42,A2_O0
intenso,1,FIXO,1448.0,VE_ROTA_VE_CORREDOR_01,4312.29,13.38,A2_O0
intenso,1,FIXO,1449.0,VE_ROTA_VE_CORREDOR_01,4325.74,13.59,A2_O0
intenso,1,FIXO,1450.0,VE_ROTA_VE_CORREDOR_01,4339.46,13.87,A2_O0
intenso,1,FIXO,1451.0,VE_ROTA_VE_CORREDOR_01,4353.34,13.97,A2_O0
intenso,1,FIXO,1452.0,VE_ROTA_VE_CORREDOR_01,4367.30,14.00,A2_O0
intenso,1,FIXO,1453.0,VE_ROTA_VE_CORREDOR_01,4381.62,14.60,A2_O0
intenso,1,FIXO,1454.0,VE_ROTA_VE_CORREDOR_01,4396.35,14.86,A2_O0
intenso,1,FIXO,1455.0,VE_ROTA_VE_CORREDOR_01,4411.33,14.99,A2_O0
intenso,1,FIXO,1456.0,VE_ROTA_VE_CORREDOR_01,4426.39,15.08,A2_O0
intenso,1,FIXO,1457.0,VE_ROTA_VE_CORREDOR_01,4441.48,15.12,A2_O0
intenso,1,FIXO,1458.0,VE_ROTA_VE_CORREDOR_01,4456.66,15.63,A2_O0
intenso,1,FIXO,1459.0,VE_ROTA_VE_CORREDOR_01,4473.86,18.46,A2_O0
intenso,1,FIXO,1501.0,VE_ROTA_VE_CORREDOR_02,19.49,21.64,A1_L0
intenso,1,FIXO,1502.0,VE_ROTA_VE_CORREDOR_02,41.14,21.65,A1_L0
intenso,1,FIXO,1503.0,VE_ROTA_VE_CORREDOR_02,62.80,21.66,A1_L0
intenso,1,FIXO,1504.0,VE_ROTA_VE_CORREDOR_02,84.45,21.65,A1_L0
intenso,1,FIXO,1505.0,VE_ROTA_VE_CORREDOR_02,106.12,21.67,A1_L0
intenso,1,FIXO,1506.0,VE_ROTA_VE_CORREDOR_02,127.77,21.65,A1_L0
intenso,1,FIXO,1507.0,VE_ROTA_VE_CORREDOR_02,149.43,21.67,A1_L0
intenso,1,FIXO,1508.0,VE_ROTA_VE_CORREDOR_02,171.09,21.64,A1_L0
intenso,1,FIXO,1509.0,VE_ROTA_VE_CORREDOR_02,192.74,21.67,A1_L0
intenso,1,FIXO,1510.0,VE_ROTA_VE_CORREDOR_02,214.40,21.67,A1_L0
intenso,1,FIXO,1511.0,VE_ROTA_VE_CORREDOR_02,236.06,21.67,A1_L0
intenso,1,FIXO,1512.0,VE_ROTA_VE_CORREDOR_02,257.72,21.65,A1_L0
intenso,1,FIXO,1513.0,VE_ROTA_VE_CORREDOR_02,279.38,21.65,A1_L0
intenso,1,FIXO,1514.0,VE_ROTA_VE_CORREDOR_02,301.03,21.64,A1_L0
intenso,1,FIXO,1515.0,VE_ROTA_VE_CORREDOR_02,322.68,21.66,A1_L0
intenso,1,FIXO,1516.0,VE_ROTA_VE_CORREDOR_02,343.65,20.00,A1_L0
intenso,1,FIXO,1517.0,VE_ROTA_VE_CORREDOR_02,362.35,17.67,A1_L0
intenso,1,FIXO,1518.0,VE_ROTA_VE_CORREDOR_02,378.78,15.41,A1_L0
intenso,1,FIXO,1519.0,VE_ROTA_VE_CORREDOR_02,393.02,13.31,A1_L0
intenso,1,FIXO,1520.0,VE_ROTA_VE_CORREDOR_02,405.17,11.20,A1_L0
intenso,1,FIXO,1521.0,VE_ROTA_VE_CORREDOR_02,415.31,9.27,A1_L0
intenso,1,FIXO,1522.0,VE_ROTA_VE_CORREDOR_02,423.54,7.41,A1_L0
intenso,1,FIXO,1523.0,VE_ROTA_VE_CORREDOR_02,430.02,5.74,A1_L0
intenso,1,FIXO,1524.0,VE_ROTA_VE_CORREDOR_02,434.91,4.24,A1_L0
intenso,1,FIXO,1525.0,VE_ROTA_VE_CORREDOR_02,438.44,2.97,A1_L0
intenso,1,FIXO,1526.0,VE_ROTA_VE_CORREDOR_02,440.85,1.99,A1_L0
intenso,1,FIXO,1527.0,VE_ROTA_VE_CORREDOR_02,442.41,1.25,A1_L0
intenso,1,FIXO,1528.0,VE_ROTA_VE_CORREDOR_02,443.37,0.75,A1_L0
intenso,1,FIXO,1529.0,VE_ROTA_VE_CORREDOR_02,443.94,0.44,A1_L0
intenso,1,FIXO,1530.0,VE_ROTA_VE_CORREDOR_02,444.26,0.25,A1_L0
intenso,1,FIXO,1531.0,VE_ROTA_VE_CORREDOR_02,444.44,0.14,A1_L0
intenso,1,FIXO,1532.0,VE_ROTA_VE_CORREDOR_02,444.55,0.08,A1_L0
intenso,1,FIXO,1533.0,VE_ROTA_VE_CORREDOR_02,444.61,0.05,A1_L0
intenso,1,FIXO,1534.0,VE_ROTA_VE_CORREDOR_02,444.65,0.03,A1_L0
intenso,1,FIXO,1535.0,VE_ROTA_VE_CORREDOR_02,444.67,0.02,A1_L0
intenso,1,FIXO,1536.0,VE_ROTA_VE_CORREDOR_02,444.68,0.01,A1_L0
intenso,1,FIXO,1537.0,VE_ROTA_VE_CORREDOR_02,444.68,0.01,A1_L0
intenso,1,FIXO,1538.0,VE_ROTA_VE_CORREDOR_02,444.69,0.00,A1_L0
intenso,1,FIXO,1539.0,VE_ROTA_VE_CORREDOR_02,444.69,0.00,A1_L0
intenso,1,FIXO,1540.0,VE_ROTA_VE_CORREDOR_02,444.69,0.00,A1_L0
intenso,1,FIXO,1541.0,VE_ROTA_VE_CORREDOR_02,444.69,0.00,A1_L0
intenso,1,FIXO,1542.0,VE_ROTA_VE_CORREDOR_02,444.69,0.00,A1_L0
intenso,1,FIXO,1543.0,VE_ROTA_VE_CORREDOR_02,444.70,0.02,A1_L0
intenso,1,FIXO,1544.0,VE_ROTA_VE_CORREDOR_02,444.77,0.14,A1_L0
intenso,1,FIXO,1545.0,VE_ROTA_VE_CORREDOR_02,445.11,0.55,A1_L0
intenso,1,FIXO,1546.0,VE_ROTA_VE_CORREDOR_02,446.08,1.36,A1_L0
intenso,1,FIXO,1547.0,VE_ROTA_VE_CORREDOR_02,448.11,2.63,A1_L0
intenso,1,FIXO,1548.0,VE_ROTA_VE_CORREDOR_02,451.52,4.12,A1_L0
intenso,1,FIXO,1549.0,VE_ROTA_VE_CORREDOR_02,456.43,5.53,A1_L0
intenso,1,FIXO,1550.0,VE_ROTA_VE_CORREDOR_02,462.65,6.73,A1_L0
intenso,1,FIXO,1551.0,VE_ROTA_VE_CORREDOR_02,470.02,7.77,A1_L0
intenso,1,FIXO,1552.0,VE_ROTA_VE_CORREDOR_02,478.37,8.74,A1_L0
intenso,1,FIXO,1553.0,VE_ROTA_VE_CORREDOR_02,487.58,9.51,A1_L0
intenso,1,FIXO,1554.0,VE_ROTA_VE_CORREDOR_02,497.50,10.20,:CRUZ_01_11
intenso,1,FIXO,1555.0,VE_ROTA_VE_CORREDOR_02,508.04,10.84,A1_L1
intenso,1,FIXO,1556.0,VE_ROTA_VE_CORREDOR_02,519.14,11.31,A1_L1
intenso,1,FIXO,1557.0,VE_ROTA_VE_CORREDOR_02,530.74,11.80,A1_L1
intenso,1,FIXO,1558.0,VE_ROTA_VE_CORREDOR_02,542.74,12.21,A1_L1
intenso,1,FIXO,1559.0,VE_ROTA_VE_CORREDOR_02,555.08,12.44,A1_L1
intenso,1,FIXO,1560.0,VE_ROTA_VE_CORREDOR_02,567.73,12.81,A1_L1
intenso,1,FIXO,1561.0,VE_ROTA_VE_CORREDOR_02,580.68,13.06,A1_L1
intenso,1,FIXO,1562.0,VE_ROTA_VE_CORREDOR_02,593.86,13.24,A1_L1
intenso,1,FIXO,1563.0,VE_ROTA_VE_CORREDOR_02,607.26,13.54,A1_L1
intenso,1,FIXO,1564.0,VE_ROTA_VE_CORREDOR_02,620.81,13.65,A1_L1
intenso,1,FIXO,1565.0,VE_ROTA_VE_CORREDOR_02,634.53,13.73,A1_L1
intenso,1,FIXO,1566.0,VE_ROTA_VE_CORREDOR_02,648.41,13.85,A1_L1
intenso,1,FIXO,1567.0,VE_ROTA_VE_CORREDOR_02,662.42,14.08,A1_L1
intenso,1,FIXO,1568.0,VE_ROTA_VE_CORREDOR_02,676.51,14.15,A1_L1
intenso,1,FIXO,1569.0,VE_ROTA_VE_CORREDOR_02,690.69,14.23,A1_L1
intenso,1,FIXO,1570.0,VE_ROTA_VE_CORREDOR_02,704.92,14.32,A1_L1
intenso,1,FIXO,1571.0,VE_ROTA_VE_CORREDOR_02,719.19,14.35,A1_L1
intenso,1,FIXO,1572.0,VE_ROTA_VE_CORREDOR_02,733.49,14.36,A1_L1
intenso,1,FIXO,1573.0,VE_ROTA_VE_CORREDOR_02,747.85,14.37,A1_L1
intenso,1,FIXO,1574.0,VE_ROTA_VE_CORREDOR_02,762.20,14.33,A1_L1
intenso,1,FIXO,1575.0,VE_ROTA_VE_CORREDOR_02,776.58,14.40,A1_L1
intenso,1,FIXO,1576.0,VE_ROTA_VE_CORREDOR_02,790.98,14.35,A1_L1
intenso,1,FIXO,1577.0,VE_ROTA_VE_CORREDOR_02,805.38,14.33,A1_L1
intenso,1,FIXO,1578.0,VE_ROTA_VE_CORREDOR_02,819.42,13.73,A1_L1
intenso,1,FIXO,1579.0,VE_ROTA_VE_CORREDOR_02,832.88,13.18,A1_L1
intenso,1,FIXO,1580.0,VE_ROTA_VE_CORREDOR_02,845.68,12.46,A1_L1
intenso,1,FIXO,1581.0,VE_ROTA_VE_CORREDOR_02,857.79,11.79,A1_L1
intenso,1,FIXO,1582.0,VE_ROTA_VE_CORREDOR_02,869.14,11.01,A1_L1
intenso,1,FIXO,1583.0,VE_ROTA_VE_CORREDOR_02,879.73,10.26,A1_L1
intenso,1,FIXO,1584.0,VE_ROTA_VE_CORREDOR_02,889.50,9.43,A1_L1
intenso,1,FIXO,1585.0,VE_ROTA_VE_CORREDOR_02,898.41,8.54,A1_L1
intenso,1,FIXO,1586.0,VE_ROTA_VE_CORREDOR_02,906.47,7.67,A1_L1
intenso,1,FIXO,1587.0,VE_ROTA_VE_CORREDOR_02,913.64,6.78,A1_L1
intenso,1,FIXO,1588.0,VE_ROTA_VE_CORREDOR_02,919.92,5.90,A1_L1
intenso,1,FIXO,1589.0,VE_ROTA_VE_CORREDOR_02,925.35,5.07,A1_L1
intenso,1,FIXO,1590.0,VE_ROTA_VE_CORREDOR_02,929.93,4.21,A1_L1
intenso,1,FIXO,1591.0,VE_ROTA_VE_CORREDOR_02,933.71,3.43,A1_L1
intenso,1,FIXO,1592.0,VE_ROTA_VE_CORREDOR_02,936.74,2.70,A1_L1
intenso,1,FIXO,1593.0,VE_ROTA_VE_CORREDOR_02,939.09,2.06,A1_L1
intenso,1,FIXO,1594.0,VE_ROTA_VE_CORREDOR_02,940.85,1.52,A1_L1
intenso,1,FIXO,1595.0,VE_ROTA_VE_CORREDOR_02,942.13,1.09,A1_L1
intenso,1,FIXO,1596.0,VE_ROTA_VE_CORREDOR_02,943.02,0.74,A1_L1
intenso,1,FIXO,1597.0,VE_ROTA_VE_CORREDOR_02,943.62,0.50,A1_L1
intenso,1,FIXO,1598.0,VE_ROTA_VE_CORREDOR_02,944.01,0.32,A1_L1
intenso,1,FIXO,1599.0,VE_ROTA_VE_CORREDOR_02,944.27,0.20,A1_L1
intenso,1,FIXO,1600.0,VE_ROTA_VE_CORREDOR_02,944.43,0.13,A1_L1
intenso,1,FIXO,1601.0,VE_ROTA_VE_CORREDOR_02,944.53,0.08,A1_L1
intenso,1,FIXO,1602.0,VE_ROTA_VE_CORREDOR_02,944.59,0.05,A1_L1
intenso,1,FIXO,1603.0,VE_ROTA_VE_CORREDOR_02,944.63,0.03,A1_L1
intenso,1,FIXO,1604.0,VE_ROTA_VE_CORREDOR_02,944.65,0.02,A1_L1
intenso,1,FIXO,1605.0,VE_ROTA_VE_CORREDOR_02,944.67,0.01,A1_L1
intenso,1,FIXO,1606.0,VE_ROTA_VE_CORREDOR_02,944.68,0.01,A1_L1
intenso,1,FIXO,1607.0,VE_ROTA_VE_CORREDOR_02,944.68,0.00,A1_L1
intenso,1,FIXO,1608.0,VE_ROTA_VE_CORREDOR_02,944.69,0.00,A1_L1
intenso,1,FIXO,1609.0,VE_ROTA_VE_CORREDOR_02,944.69,0.00,A1_L1
intenso,1,FIXO,1610.0,VE_ROTA_VE_CORREDOR_02,944.69,0.00,A1_L1
intenso,1,FIXO,1611.0,VE_ROTA_VE_CORREDOR_02,944.69,0.00,A1_L1
intenso,1,FIXO,1612.0,VE_ROTA_VE_CORREDOR_02,944.69,0.00,A1_L1
intenso,1,FIXO,1613.0,VE_ROTA_VE_CORREDOR_02,944.70,0.02,A1_L1
intenso,1,FIXO,1614.0,VE_ROTA_VE_CORREDOR_02,944.77,0.14,A1_L1
intenso,1,FIXO,1615.0,VE_ROTA_VE_CORREDOR_02,945.11,0.55,A1_L1
intenso,1,FIXO,1616.0,VE_ROTA_VE_CORREDOR_02,946.09,1.38,A1_L1
intenso,1,FIXO,1617.0,VE_ROTA_VE_CORREDOR_02,948.09,2.61,A1_L1
intenso,1,FIXO,1618.0,VE_ROTA_VE_CORREDOR_02,951.44,4.07,A1_L1
intenso,1,FIXO,1619.0,VE_ROTA_VE_CORREDOR_02,956.32,5.55,A1_L1
intenso,1,FIXO,1620.0,VE_ROTA_VE_CORREDOR_02,962.50,6.69,A1_L1
intenso,1,FIXO,1621.0,VE_ROTA_VE_CORREDOR_02,969.81,7.78,A1_L1
intenso,1,FIXO,1622.0,VE_ROTA_VE_CORREDOR_02,978.11,8.74,A1_L1
intenso,1,FIXO,1623.0,VE_ROTA_VE_CORREDOR_02,987.24,9.48,A1_L1
intenso,1,FIXO,1624.0,VE_ROTA_VE_CORREDOR_02,997.09,10.20,:CRUZ_02_11
intenso,1,FIXO,1625.0,VE_ROTA_VE_CORREDOR_02,1007.59,10.77,A1_L2
intenso,1,FIXO,1626.0,VE_ROTA_VE_CORREDOR_02,1018.64,11.30,A1_L2
intenso,1,FIXO,1627.0,VE_ROTA_VE_CORREDOR_02,1030.18,11.75,A1_L2
intenso,1,FIXO,1628.0,VE_ROTA_VE_CORREDOR_02,1042.14,12.11,A1_L2
intenso,1,FIXO,1629.0,VE_ROTA_VE_CORREDOR_02,1054.48,12.53,A1_L2
intenso,1,FIXO,1630.0,VE_ROTA_VE_CORREDOR_02,1067.13,12.81,A1_L2
intenso,1,FIXO,1631.0,VE_ROTA_VE_CORREDOR_02,1080.04,13.02,A1_L2
intenso,1,FIXO,1632.0,VE_ROTA_VE_CORREDOR_02,1093.18,13.28,A1_L2
intenso,1,FIXO,1633.0,VE_ROTA_VE_CORREDOR_02,1106.53,13.44,A1_L2
intenso,1,FIXO,1634.0,VE_ROTA_VE_CORREDOR_02,1120.10,13.62,A1_L2
intenso,1,FIXO,1635.0,VE_ROTA_VE_CORREDOR_02,1133.81,13.78,A1_L2
intenso,1,FIXO,1636.0,VE_ROTA_VE_CORREDOR_02,1147.68,13.92,A1_L2
intenso,1,FIXO,1637.0,VE_ROTA_VE_CORREDOR_02,1161.67,14.01,A1_L2
intenso,1,FIXO,1638.0,VE_ROTA_VE_CORREDOR_02,1175.77,14.13,A1_L2
intenso,1,FIXO,1639.0,VE_ROTA_VE_CORREDOR_02,1189.92,14.17,A1_L2
intenso,1,FIXO,1640.0,VE_ROTA_VE_CORREDOR_02,1204.14,14.28,A1_L2
intenso,1,FIXO,1641.0,VE_ROTA_VE_CORREDOR_02,1218.42,14.28,A1_L2
intenso,1,FIXO,1642.0,VE_ROTA_VE_CORREDOR_02,1232.75,14.41,A1_L2
intenso,1,FIXO,1643.0,VE_ROTA_VE_CORREDOR_02,1247.07,14.34,A1_L2
intenso,1,FIXO,1644.0,VE_ROTA_VE_CORREDOR_02,1261.43,14.37,A1_L2
intenso,1,FIXO,1645.0,VE_ROTA_VE_CORREDOR_02,1275.77,14.35,A1_L2
intenso,1,FIXO,1646.0,VE_ROTA_VE_CORREDOR_02,1290.17,14.34,A1_L2
intenso,1,FIXO,1647.0,VE_ROTA_VE_CORREDOR_02,1304.57,14.31,A1_L2
intenso,1,FIXO,1648.0,VE_ROTA_VE_CORREDOR_02,1318.61,13.83,A1_L2
intenso,1,FIXO,1649.0,VE_ROTA_VE_CORREDOR_02,1332.07,13.13,A1_L2
intenso,1,FIXO,1650.0,VE_ROTA_VE_CORREDOR_02,1344.86,12.22,A1_L2
intenso,1,FIXO,1651.0,VE_ROTA_VE_CORREDOR_02,1356.48,11.39,A1_L2
intenso,1,FIXO,1652.0,VE_ROTA_VE_CORREDOR_02,1367.50,10.76,A1_L2
intenso,1,FIXO,1653.0,VE_ROTA_VE_CORREDOR_02,1377.87,10.07,A1_L2
intenso,1,FIXO,1654.0,VE_ROTA_VE_CORREDOR_02,1387.53,9.31,A1_L2
intenso,1,FIXO,1655.0,VE_ROTA_VE_CORREDOR_02,1396.47,8.56,A1_L2
intenso,1,FIXO,1656.0,VE_ROTA_VE_CORREDOR_02,1404.58,7.75,A1_L2
intenso,1,FIXO,1657.0,VE_ROTA_VE_CORREDOR_02,1411.87,6.92,A1_L2
intenso,1,FIXO,1658.0,VE_ROTA_VE_CORREDOR_02,1418.32,6.10,A1_L2
intenso,1,FIXO,1659.0,VE_ROTA_VE_CORREDOR_02,1423.93,5.22,A1_L2
intenso,1,FIXO,1660.0,VE_ROTA_VE_CORREDOR_02,1428.70,4.39,A1_L2
intenso,1,FIXO,1661.0,VE_ROTA_VE_CORREDOR_02,1432.67,3.62,A1_L2
intenso,1,FIXO,1662.0,VE_ROTA_VE_CORREDOR_02,1435.89,2.91,A1_L2
intenso,1,FIXO,1663.0,VE_ROTA_VE_CORREDOR_02,1438.42,2.23,A1_L2
intenso,1,FIXO,1664.0,VE_ROTA_VE_CORREDOR_02,1440.35,1.67,A1_L2
intenso,1,FIXO,1665.0,VE_ROTA_VE_CORREDOR_02,1441.76,1.21,A1_L2
intenso,1,FIXO,1666.0,VE_ROTA_VE_CORREDOR_02,1442.77,0.84,A1_L2
intenso,1,FIXO,1667.0,VE_ROTA_VE_CORREDOR_02,1443.45,0.57,A1_L2
intenso,1,FIXO,1668.0,VE_ROTA_VE_CORREDOR_02,1443.91,0.37,A1_L2
intenso,1,FIXO,1669.0,VE_ROTA_VE_CORREDOR_02,1444.20,0.24,A1_L2
intenso,1,FIXO,1670.0,VE_ROTA_VE_CORREDOR_02,1444.38,0.15,A1_L2
intenso,1,FIXO,1671.0,VE_ROTA_VE_CORREDOR_02,1444.50,0.09,A1_L2
intenso,1,FIXO,1672.0,VE_ROTA_VE_CORREDOR_02,1444.57,0.06,A1_L2
intenso,1,FIXO,1673.0,VE_ROTA_VE_CORREDOR_02,1444.62,0.04,A1_L2
intenso,1,FIXO,1674.0,VE_ROTA_VE_CORREDOR_02,1444.65,0.02,A1_L2
intenso,1,FIXO,1675.0,VE_ROTA_VE_CORREDOR_02,1444.67,0.01,A1_L2
intenso,1,FIXO,1676.0,VE_ROTA_VE_CORREDOR_02,1444.68,0.01,A1_L2
intenso,1,FIXO,1677.0,VE_ROTA_VE_CORREDOR_02,1444.68,0.01,A1_L2
intenso,1,FIXO,1678.0,VE_ROTA_VE_CORREDOR_02,1444.69,0.00,A1_L2
intenso,1,FIXO,1679.0,VE_ROTA_VE_CORREDOR_02,1444.69,0.00,A1_L2
intenso,1,FIXO,1680.0,VE_ROTA_VE_CORREDOR_02,1444.69,0.00,A1_L2
intenso,1,FIXO,1681.0,VE_ROTA_VE_CORREDOR_02,1444.69,0.00,A1_L2
intenso,1,FIXO,1682.0,VE_ROTA_VE_CORREDOR_02,1444.69,0.00,A1_L2
intenso,1,FIXO,1683.0,VE_ROTA_VE_CORREDOR_02,1444.70,0.02,A1_L2
intenso,1,FIXO,1684.0,VE_ROTA_VE_CORREDOR_02,1444.77,0.14,A1_L2
intenso,1,FIXO,1685.0,VE_ROTA_VE_CORREDOR_02,1445.09,0.52,A1_L2
intenso,1,FIXO,1686.0,VE_ROTA_VE_CORREDOR_02,1446.01,1.36,A1_L2
intenso,1,FIXO,1687.0,VE_ROTA_VE_CORREDOR_02,1447.97,2.53,A1_L2
intenso,1,FIXO,1688.0,VE_ROTA_VE_CORREDOR_02,1451.24,3.96,A1_L2
intenso,1,FIXO,1689.0,VE_ROTA_VE_CORREDOR_02,1456.07,5.45,A1_L2
intenso,1,FIXO,1690.0,VE_ROTA_VE_CORREDOR_02,1462.22,6.72,A1_L2
intenso,1,FIXO,1691.0,VE_ROTA_VE_CORREDOR_02,1469.52,7.75,A1_L2
intenso,1,FIXO,1692.0,VE_ROTA_VE_CORREDOR_02,1477.77,8.64,A1_L2
intenso,1,FIXO,1693.0,VE_ROTA_VE_CORREDOR_02,1486.93,9.49,A1_L2
intenso,1,FIXO,1694.0,VE_ROTA_VE_CORREDOR_02,1496.79,10.24,:CRUZ_03_11
intenso,1,FIXO,1695.0,VE_ROTA_VE_CORREDOR_02,1507.27,10.76,A1_L3
intenso,1,FIXO,1696.0,VE_ROTA_VE_CORREDOR_02,1518.29,11.28,A1_L3
intenso,1,FIXO,1697.0,VE_ROTA_VE_CORREDOR_02,1529.81,11.78,A1_L3
intenso,1,FIXO,1698.0,VE_ROTA_VE_CORREDOR_02,1541.71,12.05,A1_L3
intenso,1,FIXO,1699.0,VE_ROTA_VE_CORREDOR_02,1553.98,12.44,A1_L3
intenso,1,FIXO,1700.0,VE_ROTA_VE_CORREDOR_02,1566.56,12.80,A1_L3
intenso,1,FIXO,1701.0,VE_ROTA_VE_CORREDOR_02,1579.44,12.99,A1_L3
intenso,1,FIXO,1702.0,VE_ROTA_VE_CORREDOR_02,1592.55,13.20,A1_L3
intenso,1,FIXO,1703.0,VE_ROTA_VE_CORREDOR_02,1605.86,13.40,A1_L3
intenso,1,FIXO,1704.0,VE_ROTA_VE_CORREDOR_02,1619.32,13.56,A1_L3
intenso,1,FIXO,1705.0,VE_ROTA_VE_CORREDOR_02,1632.96,13.73,A1_L3
intenso,1,FIXO,1706.0,VE_ROTA_VE_CORREDOR_02,1646.71,13.88,A1_L3
intenso,1,FIXO,1707.0,VE_ROTA_VE_CORREDOR_02,1660.61,13.96,A1_L3
intenso,1,FIXO,1708.0,VE_ROTA_VE_CORREDOR_02,1674.59,14.01,A1_L3
intenso,1,FIXO,1709.0,VE_ROTA_VE_CORREDOR_02,1688.66,14.14,A1_L3
intenso,1,FIXO,1710.0,VE_ROTA_VE_CORREDOR_02,1702.81,14.21,A1_L3
intenso,1,FIXO,1711.0,VE_ROTA_VE_CORREDOR_02,1717.01,14.16,A1_L3
intenso,1,FIXO,1712.0,VE_ROTA_VE_CORREDOR_02,1731.27,14.36,A1_L3
intenso,1,FIXO,1713.0,VE_ROTA_VE_CORREDOR_02,1745.60,14.40,A1_L3
intenso,1,FIXO,1714.0,VE_ROTA_VE_CORREDOR_02,1759.96,14.37,A1_L3
intenso,1,FIXO,1715.0,VE_ROTA_VE_CORREDOR_02,1774.39,14.51,A1_L3
intenso,1,FIXO,1716.0,VE_ROTA_VE_CORREDOR_02,1788.84,14.43,A1_L3
intenso,1,FIXO,1717.0,VE_ROTA_VE_CORREDOR_02,1803.28,14.35,A1_L3
intenso,1,FIXO,1718.0,VE_ROTA_VE_CORREDOR_02,1817.30,13.68,A1_L3
intenso,1,FIXO,1719.0,VE_ROTA_VE_CORREDOR_02,1830.77,13.19,A1_L3
intenso,1,FIXO,1720.0,VE_ROTA_VE_CORREDOR_02,1843.58,12.53,A1_L3
intenso,1,FIXO,1721.0,VE_ROTA_VE_CORREDOR_02,1855.74,11.76,A1_L3
intenso,1,FIXO,1722.0,VE_ROTA_VE_CORREDOR_02,1867.16,11.12,A1_L3
intenso,1,FIXO,1723.0,VE_ROTA_VE_CORREDOR_02,1877.82,10.29,A1_L3
intenso,1,FIXO,1724.0,VE_ROTA_VE_CORREDOR_02,1887.69,9.51,A1_L3
intenso,1,FIXO,1725.0,VE_ROTA_VE_CORREDOR_02,1896.74,8.68,A1_L3
intenso,1,FIXO,1726.0,VE_ROTA_VE_CORREDOR_02,1904.93,7.76,A1_L3
intenso,1,FIXO,1727.0,VE_ROTA_VE_CORREDOR_02,1912.25,6.92,A1_L3
intenso,1,FIXO,1728.0,VE_ROTA_VE_CORREDOR_02,1918.69,6.02,A1_L3
intenso,1,FIXO,1729.0,VE_ROTA_VE_CORREDOR_02,1924.27,5.21,A1_L3
intenso,1,FIXO,1730.0,VE_ROTA_VE_CORREDOR_02,1929.02,4.36,A1_L3
intenso,1,FIXO,1731.0,VE_ROTA_VE_CORREDOR_02,1932.96,3.60,A1_L3
intenso,1,FIXO,1732.0,VE_ROTA_VE_CORREDOR_02,1936.13,2.85,A1_L3
intenso,1,FIXO,1733.0,VE_ROTA_VE_CORREDOR_02,1938.61,2.19,A1_L3
intenso,1,FIXO,1734.0,VE_ROTA_VE_CORREDOR_02,1940.49,1.64,A1_L3
intenso,1,FIXO,1735.0,VE_ROTA_VE_CORREDOR_02,1941.87,1.18,A1_L3
intenso,1,FIXO,1736.0,VE_ROTA_VE_CORREDOR_02,1942.83,0.80,A1_L3
intenso,1,FIXO,1737.0,VE_ROTA_VE_CORREDOR_02,1943.49,0.55,A1_L3
intenso,1,FIXO,1738.0,VE_ROTA_VE_CORREDOR_02,1943.93,0.36,A1_L3
intenso,1,FIXO,1739.0,VE_ROTA_VE_CORREDOR_02,1944.21,0.23,A1_L3
intenso,1,FIXO,1740.0,VE_ROTA_VE_CORREDOR_02,1944.39,0.14,A1_L3
intenso,1,FIXO,1741.0,VE_ROTA_VE_CORREDOR_02,1944.51,0.09,A1_L3
intenso,1,FIXO,1742.0,VE_ROTA_VE_CORREDOR_02,1944.58,0.06,A1_L3
intenso,1,FIXO,1743.0,VE_ROTA_VE_CORREDOR_02,1944.62,0.04,A1_L3
intenso,1,FIXO,1744.0,VE_ROTA_VE_CORREDOR_02,1944.65,0.02,A1_L3
intenso,1,FIXO,1745.0,VE_ROTA_VE_CORREDOR_02,1944.67,0.01,A1_L3
intenso,1,FIXO,1746.0,VE_ROTA_VE_CORREDOR_02,1944.68,0.01,A1_L3
intenso,1,FIXO,1747.0,VE_ROTA_VE_CORREDOR_02,1944.68,0.01,A1_L3
intenso,1,FIXO,1748.0,VE_ROTA_VE_CORREDOR_02,1944.69,0.00,A1_L3
intenso,1,FIXO,1749.0,VE_ROTA_VE_CORREDOR_02,1944.69,0.00,A1_L3
intenso,1,FIXO,1750.0,VE_ROTA_VE_CORREDOR_02,1944.69,0.00,A1_L3
intenso,1,FIXO,1751.0,VE_ROTA_VE_CORREDOR_02,1944.69,0.00,A1_L3
intenso,1,FIXO,1752.0,VE_ROTA_VE_CORREDOR_02,1944.69,0.00,A1_L3
intenso,1,FIXO,1753.0,VE_ROTA_VE_CORREDOR_02,1944.70,0.02,A1_L3
intenso,1,FIXO,1754.0,VE_ROTA_VE_CORREDOR_02,1944.77,0.13,A1_L3
intenso,1,FIXO,1755.0,VE_ROTA_VE_CORREDOR_02,1945.08,0.51,A1_L3
intenso,1,FIXO,1756.0,VE_ROTA_VE_CORREDOR_02,1945.98,1.27,A1_L3
intenso,1,FIXO,1757.0,VE_ROTA_VE_CORREDOR_02,1947.88,2.43,A1_L3
intenso,1,FIXO,1758.0,VE_ROTA_VE_CORREDOR_02,1951.08,3.86,A1_L3
intenso,1,FIXO,1759.0,VE_ROTA_VE_CORREDOR_02,1955.75,5.30,A1_L3
intenso,1,FIXO,1760.0,VE_ROTA_VE_CORREDOR_02,1961.72,6.51,A1_L3
intenso,1,FIXO,1761.0,VE_ROTA_VE_CORREDOR_02,1968.84,7.59,A1_L3
intenso,1,FIXO,1762.0,VE_ROTA_VE_CORREDOR_02,1976.96,8.58,A1_L3
intenso,1,FIXO,1763.0,VE_ROTA_VE_CORREDOR_02,1986.00,9.44,A1_L3
intenso,1,FIXO,1764.0,VE_ROTA_VE_CORREDOR_02,1994.50,8.45,:CRUZ_04_10
intenso,1,FIXO,1765.0,VE_ROTA_VE_CORREDOR_02,2003.74,10.42,T4_S1
intenso,1,FIXO,1766.0,VE_ROTA_VE_CORREDOR_02,2015.69,13.21,T4_S1
intenso,1,FIXO,1767.0,VE_ROTA_VE_CORREDOR_02,2029.92,14.43,T4_S1
intenso,1,FIXO,1768.0,VE_ROTA_VE_CORREDOR_02,2044.35,14.43,T4_S1
intenso,1,FIXO,1769.0,VE_ROTA_VE_CORREDOR_02,2058.78,14.43,T4_S1
intenso,1,FIXO,1770.0,VE_ROTA_VE_CORREDOR_02,2073.21,14.43,T4_S1
intenso,1,FIXO,1771.0,VE_ROTA_VE_CORREDOR_02,2087.63,14.44,T4_S1
intenso,1,FIXO,1772.0,VE_ROTA_VE_CORREDOR_02,2102.06,14.44,T4_S1
intenso,1,FIXO,1773.0,VE_ROTA_VE_CORREDOR_02,2116.49,14.44,T4_S1
intenso,1,FIXO,1774.0,VE_ROTA_VE_CORREDOR_02,2130.92,14.42,T4_S1
intenso,1,FIXO,1775.0,VE_ROTA_VE_CORREDOR_02,2145.35,14.43,T4_S1
intenso,1,FIXO,1776.0,VE_ROTA_VE_CORREDOR_02,2159.78,14.43,T4_S1
intenso,1,FIXO,1777.0,VE_ROTA_VE_CORREDOR_02,2174.21,14.42,T4_S1
intenso,1,FIXO,1778.0,VE_ROTA_VE_CORREDOR_02,2188.63,14.42,T4_S1
intenso,1,FIXO,1779.0,VE_ROTA_VE_CORREDOR_02,2203.06,14.44,T4_S1
intenso,1,FIXO,1780.0,VE_ROTA_VE_CORREDOR_02,2217.49,14.42,T4_S1
intenso,1,FIXO,1781.0,VE_ROTA_VE_CORREDOR_02,2231.92,14.42,T4_S1
intenso,1,FIXO,1782.0,VE_ROTA_VE_CORREDOR_02,2246.35,14.43,T4_S1
intenso,1,FIXO,1783.0,VE_ROTA_VE_CORREDOR_02,2260.78,14.43,T4_S1
intenso,1,FIXO,1784.0,VE_ROTA_VE_CORREDOR_02,2275.20,14.42,T4_S1
intenso,1,FIXO,1785.0,VE_ROTA_VE_CORREDOR_02,2289.63,14.42,T4_S1
intenso,1,FIXO,1786.0,VE_ROTA_VE_CORREDOR_02,2304.06,14.42,T4_S1
intenso,1,FIXO,1787.0,VE_ROTA_VE_CORREDOR_02,2318.49,14.41,T4_S1
intenso,1,FIXO,1788.0,VE_ROTA_VE_CORREDOR_02,2332.70,13.52,T4_S1
intenso,1,FIXO,1789.0,VE_ROTA_VE_CORREDOR_02,2344.83,11.02,T4_S1
intenso,1,FIXO,1790.0,VE_ROTA_VE_CORREDOR_02,2354.60,8.79,T4_S1
intenso,1,FIXO,1791.0,VE_ROTA_VE_CORREDOR_02,2362.27,6.82,T4_S1
intenso,1,FIXO,1792.0,VE_ROTA_VE_CORREDOR_02,2368.12,5.15,T4_S1
intenso,1,FIXO,1793.0,VE_ROTA_VE_CORREDOR_02,2372.50,3.80,T4_S1
intenso,1,FIXO,1794.0,VE_ROTA_VE_CORREDOR_02,2375.72,2.78,T4_S1
intenso,1,FIXO,1795.0,VE_ROTA_VE_CORREDOR_02,2378.10,2.08,T4_S1
intenso,1,FIXO,1796.0,VE_ROTA_VE_CORREDOR_02,2379.92,1.66,T4_S1
intenso,1,FIXO,1797.0,VE_ROTA_VE_CORREDOR_02,2381.45,1.47,T4_S1
intenso,1,FIXO,1798.0,VE_ROTA_VE_CORREDOR_02,2382.94,1.54,T4_S1
intenso,1,FIXO,1799.0,VE_ROTA_VE_CORREDOR_02,2384.61,1.82,T4_S1
intenso,1,FIXO,1800.0,VE_ROTA_VE_CORREDOR_02,2386.67,2.27,T4_S1
intenso,1,FIXO,1801.0,VE_ROTA_VE_CORREDOR_02,2389.25,2.81,T4_S1
intenso,1,FIXO,1802.0,VE_ROTA_VE_CORREDOR_02,2392.43,3.48,T4_S1
intenso,1,FIXO,1803.0,VE_ROTA_VE_CORREDOR_02,2396.21,4.02,T4_S1
intenso,1,FIXO,1804.0,VE_ROTA_VE_CORREDOR_02,2400.58,4.59,T4_S1
intenso,1,FIXO,1805.0,VE_ROTA_VE_CORREDOR_02,2405.53,5.22,T4_S1
intenso,1,FIXO,1806.0,VE_ROTA_VE_CORREDOR_02,2411.00,5.72,T4_S1
intenso,1,FIXO,1807.0,VE_ROTA_VE_CORREDOR_02,2416.97,6.17,T4_S1
intenso,1,FIXO,1808.0,VE_ROTA_VE_CORREDOR_02,2423.38,6.60,T4_S1
intenso,1,FIXO,1809.0,VE_ROTA_VE_CORREDOR_02,2430.15,6.93,T4_S1
intenso,1,FIXO,1810.0,VE_ROTA_VE_CORREDOR_02,2437.28,7.24,T4_S1
intenso,1,FIXO,1811.0,VE_ROTA_VE_CORREDOR_02,2444.74,7.59,T4_S1
intenso,1,FIXO,1812.0,VE_ROTA_VE_CORREDOR_02,2452.46,7.86,T4_S1
intenso,1,FIXO,1813.0,VE_ROTA_VE_CORREDOR_02,2460.44,8.05,T4_S1
intenso,1,FIXO,1814.0,VE_ROTA_VE_CORREDOR_02,2468.69,8.25,T4_S1
intenso,1,FIXO,1815.0,VE_ROTA_VE_CORREDOR_02,2477.27,8.45,:CRUZ_08_0
intenso,1,FIXO,1816.0,VE_ROTA_VE_CORREDOR_02,2485.72,8.44,A2_O3
intenso,1,FIXO,1817.0,VE_ROTA_VE_CORREDOR_02,2495.72,11.30,A2_O3
intenso,1,FIXO,1818.0,VE_ROTA_VE_CORREDOR_02,2508.57,14.16,A2_O3
intenso,1,FIXO,1819.0,VE_ROTA_VE_CORREDOR_02,2524.28,16.97,A2_O3
intenso,1,FIXO,1820.0,VE_ROTA_VE_CORREDOR_02,2542.81,19.83,A2_O3
intenso,1,FIXO,1821.0,VE_ROTA_VE_CORREDOR_02,2563.97,21.66,A2_O3
intenso,1,FIXO,1822.0,VE_ROTA_VE_CORREDOR_02,2585.63,21.65,A2_O3
intenso,1,FIXO,1823.0,VE_ROTA_VE_CORREDOR_02,2607.28,21.66,A2_O3
intenso,1,FIXO,1824.0,VE_ROTA_VE_CORREDOR_02,2628.94,21.67,A2_O3
intenso,1,FIXO,1825.0,VE_ROTA_VE_CORREDOR_02,2650.60,21.66,A2_O3
intenso,1,FIXO,1826.0,VE_ROTA_VE_CORREDOR_02,2672.25,21.67,A2_O3
intenso,1,FIXO,1827.0,VE_ROTA_VE_CORREDOR_02,2693.91,21.65,A2_O3
intenso,1,FIXO,1828.0,VE_ROTA_VE_CORREDOR_02,2715.57,21.67,A2_O3
intenso,1,FIXO,1829.0,VE_ROTA_VE_CORREDOR_02,2737.23,21.66,A2_O3
intenso,1,FIXO,1830.0,VE_ROTA_VE_CORREDOR_02,2758.89,21.66,A2_O3
intenso,1,FIXO,1831.0,VE_ROTA_VE_CORREDOR_02,2780.54,21.66,A2_O3
intenso,1,FIXO,1832.0,VE_ROTA_VE_CORREDOR_02,2802.20,21.66,A2_O3
intenso,1,FIXO,1833.0,VE_ROTA_VE_CORREDOR_02,2823.85,21.65,A2_O3
intenso,1,FIXO,1834.0,VE_ROTA_VE_CORREDOR_02,2843.83,18.48,A2_O3
intenso,1,FIXO,1835.0,VE_ROTA_VE_CORREDOR_02,2860.72,15.66,A2_O3
intenso,1,FIXO,1836.0,VE_ROTA_VE_CORREDOR_02,2875.09,13.43,A2_O3
intenso,1,FIXO,1837.0,VE_ROTA_VE_CORREDOR_02,2887.57,11.81,A2_O3
intenso,1,FIXO,1838.0,VE_ROTA_VE_CORREDOR_02,2898.75,10.76,A2_O3
intenso,1,FIXO,1839.0,VE_ROTA_VE_CORREDOR_02,2909.15,10.23,A2_O3
intenso,1,FIXO,1840.0,VE_ROTA_VE_CORREDOR_02,2919.23,10.05,A2_O3
intenso,1,FIXO,1841.0,VE_ROTA_VE_CORREDOR_02,2929.26,10.13,A2_O3
intenso,1,FIXO,1842.0,VE_ROTA_VE_CORREDOR_02,2939.45,10.35,A2_O3
intenso,1,FIXO,1843.0,VE_ROTA_VE_CORREDOR_02,2949.89,10.61,A2_O3
intenso,1,FIXO,1844.0,VE_ROTA_VE_CORREDOR_02,2960.66,10.99,A2_O3
intenso,1,FIXO,1845.0,VE_ROTA_VE_CORREDOR_02,2971.80,11.32,:CRUZ_07_4
intenso,1,FIXO,1846.0,VE_ROTA_VE_CORREDOR_02,2983.25,11.65,:CRUZ_07_4
intenso,1,FIXO,1847.0,VE_ROTA_VE_CORREDOR_02,2995.04,11.96,A2_O2
intenso,1,FIXO,1848.0,VE_ROTA_VE_CORREDOR_02,3007.18,12.22,A2_O2
intenso,1,FIXO,1849.0,VE_ROTA_VE_CORREDOR_02,3019.62,12.55,A2_O2
intenso,1,FIXO,1850.0,VE_ROTA_VE_CORREDOR_02,3032.31,12.77,A2_O2
intenso,1,FIXO,1851.0,VE_ROTA_VE_CORREDOR_02,3045.24,13.08,A2_O2
intenso,1,FIXO,1852.0,VE_ROTA_VE_CORREDOR_02,3058.43,13.26,A2_O2
intenso,1,FIXO,1853.0,VE_ROTA_VE_CORREDOR_02,3071.81,13.49,A2_O2
intenso,1,FIXO,1854.0,VE_ROTA_VE_CORREDOR_02,3085.40,13.66,A2_O2
intenso,1,FIXO,1855.0,VE_ROTA_VE_CORREDOR_02,3099.15,13.85,A2_O2
intenso,1,FIXO,1856.0,VE_ROTA_VE_CORREDOR_02,3113.01,13.83,A2_O2
intenso,1,FIXO,1857.0,VE_ROTA_VE_CORREDOR_02,3127.03,14.08,A2_O2
intenso,1,FIXO,1858.0,VE_ROTA_VE_CORREDOR_02,3141.19,14.13,A2_O2
intenso,1,FIXO,1859.0,VE_ROTA_VE_CORREDOR_02,3155.44,14.20,A2_O2
intenso,1,FIXO,1860.0,VE_ROTA_VE_CORREDOR_02,3169.77,14.30,A2_O2
intenso,1,FIXO,1861.0,VE_ROTA_VE_CORREDOR_02,3184.14,14.35,A2_O2
intenso,1,FIXO,1862.0,VE_ROTA_VE_CORREDOR_02,3198.38,14.13,A2_O2
intenso,1,FIXO,1863.0,VE_ROTA_VE_CORREDOR_02,3212.41,13.91,A2_O2
intenso,1,FIXO,1864.0,VE_ROTA_VE_CORREDOR_02,3226.18,13.69,A2_O2
intenso,1,FIXO,1865.0,VE_ROTA_VE_CORREDOR_02,3239.64,13.27,A2_O2
intenso,1,FIXO,1866.0,VE_ROTA_VE_CORREDOR_02,3252.70,12.84,A2_O2
intenso,1,FIXO,1867.0,VE_ROTA_VE_CORREDOR_02,3265.34,12.39,A2_O2
intenso,1,FIXO,1868.0,VE_ROTA_VE_CORREDOR_02,3277.52,11.89,A2_O2
intenso,1,FIXO,1869.0,VE_ROTA_VE_CORREDOR_02,3289.17,11.45,A2_O2
intenso,1,FIXO,1870.0,VE_ROTA_VE_CORREDOR_02,3300.26,10.83,A2_O2
intenso,1,FIXO,1871.0,VE_ROTA_VE_CORREDOR_02,3310.77,10.19,A2_O2
intenso,1,FIXO,1872.0,VE_ROTA_VE_CORREDOR_02,3320.66,9.62,A2_O2
intenso,1,FIXO,1873.0,VE_ROTA_VE_CORREDOR_02,3329.92,8.95,A2_O2
intenso,1,FIXO,1874.0,VE_ROTA_VE_CORREDOR_02,3338.51,8.33,A2_O2
intenso,1,FIXO,1875.0,VE_ROTA_VE_CORREDOR_02,3346.41,7.54,A2_O2
intenso,1,FIXO,1876.0,VE_ROTA_VE_CORREDOR_02,3353.62,6.88,A2_O2
intenso,1,FIXO,1877.0,VE_ROTA_VE_CORREDOR_02,3360.10,6.16,A2_O2
intenso,1,FIXO,1878.0,VE_ROTA_VE_CORREDOR_02,3365.89,5.46,A2_O2
intenso,1,FIXO,1879.0,VE_ROTA_VE_CORREDOR_02,3370.96,4.78,A2_O2
intenso,1,FIXO,1880.0,VE_ROTA_VE_CORREDOR_02,3375.37,4.08,A2_O2
intenso,1,FIXO,1881.0,VE_ROTA_VE_CORREDOR_02,3379.11,3.47,A2_O2
intenso,1,FIXO,1882.0,VE_ROTA_VE_CORREDOR_02,3382.24,2.87,A2_O2
intenso,1,FIXO,1883.0,VE_ROTA_VE_CORREDOR_02,3384.80,2.33,A2_O2
intenso,1,FIXO,1884.0,VE_ROTA_VE_CORREDOR_02,3386.84,1.83,A2_O2
intenso,1,FIXO,1885.0,VE_ROTA_VE_CORREDOR_02,3388.43,1.40,A2_O2
intenso,1,FIXO,1886.0,VE_ROTA_VE_CORREDOR_02,3389.64,1.05,A2_O2
intenso,1,FIXO,1887.0,VE_ROTA_VE_CORREDOR_02,3390.53,0.76,A2_O2
intenso,1,FIXO,1888.0,VE_ROTA_VE_CORREDOR_02,3391.16,0.55,A2_O2
intenso,1,FIXO,1889.0,VE_ROTA_VE_CORREDOR_02,3391.62,0.38,A2_O2
intenso,1,FIXO,1890.0,VE_ROTA_VE_CORREDOR_02,3391.92,0.26,A2_O2
intenso,1,FIXO,1891.0,VE_ROTA_VE_CORREDOR_02,3392.13,0.17,A2_O2
intenso,1,FIXO,1892.0,VE_ROTA_VE_CORREDOR_02,3392.27,0.12,A2_O2
intenso,1,FIXO,1893.0,VE_ROTA_VE_CORREDOR_02,3392.37,0.08,A2_O2
intenso,1,FIXO,1894.0,VE_ROTA_VE_CORREDOR_02,3392.43,0.05,A2_O2
intenso,1,FIXO,1895.0,VE_ROTA_VE_CORREDOR_02,3392.47,0.03,A2_O2
intenso,1,FIXO,1896.0,VE_ROTA_VE_CORREDOR_02,3392.50,0.03,A2_O2
intenso,1,FIXO,1897.0,VE_ROTA_VE_CORREDOR_02,3392.53,0.03,A2_O2
intenso,1,FIXO,1898.0,VE_ROTA_VE_CORREDOR_02,3392.58,0.08,A2_O2
intenso,1,FIXO,1899.0,VE_ROTA_VE_CORREDOR_02,3392.72,0.22,A2_O2
intenso,1,FIXO,1900.0,VE_ROTA_VE_CORREDOR_02,3393.11,0.56,A2_O2
intenso,1,FIXO,1901.0,VE_ROTA_VE_CORREDOR_02,3393.99,1.19,A2_O2
intenso,1,FIXO,1902.0,VE_ROTA_VE_CORREDOR_02,3395.66,2.08,A2_O2
intenso,1,FIXO,1903.0,VE_ROTA_VE_CORREDOR_02,3398.31,3.08,A2_O2
intenso,1,FIXO,1904.0,VE_ROTA_VE_CORREDOR_02,3402.00,4.21,A2_O2
intenso,1,FIXO,1905.0,VE_ROTA_VE_CORREDOR_02,3406.73,5.20,A2_O2
intenso,1,FIXO,1906.0,VE_ROTA_VE_CORREDOR_02,3412.45,6.12,A2_O2
intenso,1,FIXO,1907.0,VE_ROTA_VE_CORREDOR_02,3419.08,7.01,A2_O2
intenso,1,FIXO,1908.0,VE_ROTA_VE_CORREDOR_02,3426.58,7.87,A2_O2
intenso,1,FIXO,1909.0,VE_ROTA_VE_CORREDOR_02,3434.85,8.61,A2_O2
intenso,1,FIXO,1910.0,VE_ROTA_VE_CORREDOR_02,3443.88,9.35,A2_O2
intenso,1,FIXO,1911.0,VE_ROTA_VE_CORREDOR_02,3453.53,9.93,A2_O2
intenso,1,FIXO,1912.0,VE_ROTA_VE_CORREDOR_02,3463.77,10.54,A2_O2
intenso,1,FIXO,1913.0,VE_ROTA_VE_CORREDOR_02,3474.54,11.01,:CRUZ_06_4
intenso,1,FIXO,1914.0,VE_ROTA_VE_CORREDOR_02,3485.78,11.39,A2_O1
intenso,1,FIXO,1915.0,VE_ROTA_VE_CORREDOR_02,3497.46,11.86,A2_O1
intenso,1,FIXO,1916.0,VE_ROTA_VE_CORREDOR_02,3509.52,12.19,A2_O1
intenso,1,FIXO,1917.0,VE_ROTA_VE_CORREDOR_02,3521.91,12.49,A2_O1
intenso,1,FIXO,1918.0,VE_ROTA_VE_CORREDOR_02,3534.63,12.88,A2_O1
intenso,1,FIXO,1919.0,VE_ROTA_VE_CORREDOR_02,3547.62,13.13,A2_O1
intenso,1,FIXO,1920.0,VE_ROTA_VE_CORREDOR_02,3560.83,13.24,A2_O1
intenso,1,FIXO,1921.0,VE_ROTA_VE_CORREDOR_02,3574.29,13.60,A2_O1
intenso,1,FIXO,1922.0,VE_ROTA_VE_CORREDOR_02,3587.90,13.67,A2_O1
intenso,1,FIXO,1923.0,VE_ROTA_VE_CORREDOR_02,3601.69,13.91,A2_O1
intenso,1,FIXO,1924.0,VE_ROTA_VE_CORREDOR_02,3615.62,13.97,A2_O1
intenso,1,FIXO,1925.0,VE_ROTA_VE_CORREDOR_02,3629.68,14.15,A2_O1
intenso,1,FIXO,1926.0,VE_ROTA_VE_CORREDOR_02,3643.97,14.52,A2_O1
intenso,1,FIXO,1927.0,VE_ROTA_VE_CORREDOR_02,3658.56,14.67,A2_O1
intenso,1,FIXO,1928.0,VE_ROTA_VE_CORREDOR_02,3673.24,14.73,A2_O1
intenso,1,FIXO,1929.0,VE_ROTA_VE_CORREDOR_02,3687.99,14.80,A2_O1
intenso,1,FIXO,1930.0,VE_ROTA_VE_CORREDOR_02,3702.81,14.79,A2_O1
intenso,1,FIXO,1931.0,VE_ROTA_VE_CORREDOR_02,3717.66,14.84,A2_O1
intenso,1,FIXO,1932.0,VE_ROTA_VE_CORREDOR_02,3732.32,14.57,A2_O1
intenso,1,FIXO,1933.0,VE_ROTA_VE_CORREDOR_02,3746.64,14.13,A2_O1
intenso,1,FIXO,1934.0,VE_ROTA_VE_CORREDOR_02,3760.49,13.69,A2_O1
intenso,1,FIXO,1935.0,VE_ROTA_VE_CORREDOR_02,3773.85,13.11,A2_O1
intenso,1,FIXO,1936.0,VE_ROTA_VE_CORREDOR_02,3786.65,12.49,A2_O1
intenso,1,FIXO,1937.0,VE_ROTA_VE_CORREDOR_02,3798.84,11.93,A2_O1
intenso,1,FIXO,1938.0,VE_ROTA_VE_CORREDOR_02,3810.39,11.24,A2_O1
intenso,1,FIXO,1939.0,VE_ROTA_VE_CORREDOR_02,3821.26,10.53,A2_O1
intenso,1,FIXO,1940.0,VE_ROTA_VE_CORREDOR_02,3831.40,9.83,A2_O1
intenso,1,FIXO,1941.0,VE_ROTA_VE_CORREDOR_02,3840.82,9.05,A2_O1
intenso,1,FIXO,1942.0,VE_ROTA_VE_CORREDOR_02,3849.46,8.32,A2_O1
intenso,1,FIXO,1943.0,VE_ROTA_VE_CORREDOR_02,3857.35,7.57,A2_O1
intenso,1,FIXO,1944.0,VE_ROTA_VE_CORREDOR_02,3864.46,6.74,A2_O1
intenso,1,FIXO,1945.0,VE_ROTA_VE_CORREDOR_02,3870.78,5.97,A2_O1
intenso,1,FIXO,1946.0,VE_ROTA_VE_CORREDOR_02,3876.34,5.25,A2_O1
intenso,1,FIXO,1947.0,VE_ROTA_VE_CORREDOR_02,3881.16,4.51,A2_O1
intenso,1,FIXO,1948.0,VE_ROTA_VE_CORREDOR_02,3885.24,3.76,A2_O1
intenso,1,FIXO,1949.0,VE_ROTA_VE_CORREDOR_02,3888.63,3.08,A2_O1
intenso,1,FIXO,1950.0,VE_ROTA_VE_CORREDOR_02,3891.39,2.48,A2_O1
intenso,1,FIXO,1951.0,VE_ROTA_VE_CORREDOR_02,3893.59,1.95,A2_O1
intenso,1,FIXO,1952.0,VE_ROTA_VE_CORREDOR_02,3895.28,1.50,A2_O1
intenso,1,FIXO,1953.0,VE_ROTA_VE_CORREDOR_02,3896.56,1.11,A2_O1
intenso,1,FIXO,1954.0,VE_ROTA_VE_CORREDOR_02,3897.50,0.80,A2_O1
intenso,1,FIXO,1955.0,VE_ROTA_VE_CORREDOR_02,3898.16,0.57,A2_O1
intenso,1,FIXO,1956.0,VE_ROTA_VE_CORREDOR_02,3898.63,0.39,A2_O1
intenso,1,FIXO,1957.0,VE_ROTA_VE_CORREDOR_02,3898.94,0.26,A2_O1
intenso,1,FIXO,1958.0,VE_ROTA_VE_CORREDOR_02,3899.15,0.17,A2_O1
intenso,1,FIXO,1959.0,VE_ROTA_VE_CORREDOR_02,3899.28,0.11,A2_O1
intenso,1,FIXO,1960.0,VE_ROTA_VE_CORREDOR_02,3899.38,0.08,A2_O1
intenso,1,FIXO,1961.0,VE_ROTA_VE_CORREDOR_02,3899.44,0.05,A2_O1
intenso,1,FIXO,1962.0,VE_ROTA_VE_CORREDOR_02,3899.48,0.03,A2_O1
intenso,1,FIXO,1963.0,VE_ROTA_VE_CORREDOR_02,3899.50,0.02,A2_O1
intenso,1,FIXO,1964.0,VE_ROTA_VE_CORREDOR_02,3899.52,0.01,A2_O1
intenso,1,FIXO,1965.0,VE_ROTA_VE_CORREDOR_02,3899.53,0.01,A2_O1
intenso,1,FIXO,1966.0,VE_ROTA_VE_CORREDOR_02,3899.54,0.02,A2_O1
intenso,1,FIXO,1967.0,VE_ROTA_VE_CORREDOR_02,3899.58,0.06,A2_O1
intenso,1,FIXO,1968.0,VE_ROTA_VE_CORREDOR_02,3899.71,0.21,A2_O1
intenso,1,FIXO,1969.0,VE_ROTA_VE_CORREDOR_02,3900.10,0.57,A2_O1
intenso,1,FIXO,1970.0,VE_ROTA_VE_CORREDOR_02,3901.00,1.24,A2_O1
intenso,1,FIXO,1971.0,VE_ROTA_VE_CORREDOR_02,3902.73,2.16,A2_O1
intenso,1,FIXO,1972.0,VE_ROTA_VE_CORREDOR_02,3905.53,3.29,A2_O1
intenso,1,FIXO,1973.0,VE_ROTA_VE_CORREDOR_02,3909.46,4.48,A2_O1
intenso,1,FIXO,1974.0,VE_ROTA_VE_CORREDOR_02,3914.52,5.53,A2_O1
intenso,1,FIXO,1975.0,VE_ROTA_VE_CORREDOR_02,3920.58,6.50,A2_O1
intenso,1,FIXO,1976.0,VE_ROTA_VE_CORREDOR_02,3927.60,7.41,A2_O1
intenso,1,FIXO,1977.0,VE_ROTA_VE_CORREDOR_02,3935.50,8.31,A2_O1
intenso,1,FIXO,1978.0,VE_ROTA_VE_CORREDOR_02,3944.19,8.97,A2_O1
intenso,1,FIXO,1979.0,VE_ROTA_VE_CORREDOR_02,3953.60,9.72,A2_O1
intenso,1,FIXO,1980.0,VE_ROTA_VE_CORREDOR_02,3963.64,10.33,A2_O1
intenso,1,FIXO,1981.0,VE_ROTA_VE_CORREDOR_02,3974.28,10.91,:CRUZ_05_4
intenso,1,FIXO,1982.0,VE_ROTA_VE_CORREDOR_02,3985.42,11.25,A2_O0
intenso,1,FIXO,1983.0,VE_ROTA_VE_CORREDOR_02,3997.04,11.87,A2_O0
intenso,1,FIXO,1984.0,VE_ROTA_VE_CORREDOR_02,4009.07,12.23,A2_O0
intenso,1,FIXO,1985.0,VE_ROTA_VE_CORREDOR_02,4021.45,12.52,A2_O0
intenso,1,FIXO,1986.0,VE_ROTA_VE_CORREDOR_02,4034.15,12.87,A2_O0
intenso,1,FIXO,1987.0,VE_ROTA_VE_CORREDOR_02,4047.15,13.14,A2_O0
intenso,1,FIXO,1988.0,VE_ROTA_VE_CORREDOR_02,4060.39,13.37,A2_O0
intenso,1,FIXO,1989.0,VE_ROTA_VE_CORREDOR_02,4073.84,13.52,A2_O0
intenso,1,FIXO,1990.0,VE_ROTA_VE_CORREDOR_02,4087.50,13.76,A2_O0
intenso,1,FIXO,1991.0,VE_ROTA_VE_CORREDOR_02,4101.33,13.88,A2_O0
intenso,1,FIXO,1992.0,VE_ROTA_VE_CORREDOR_02,4115.32,14.07,A2_O0
intenso,1,FIXO,1993.0,VE_ROTA_VE_CORREDOR_02,4129.44,14.16,A2_O0
intenso,1,FIXO,1994.0,VE_ROTA_VE_CORREDOR_02,4143.66,14.22,A2_O0
intenso,1,FIXO,1995.0,VE_ROTA_VE_CORREDOR_02,4157.98,14.37,A2_O0
intenso,1,FIXO,1996.0,VE_ROTA_VE_CORREDOR_02,4172.40,14.49,A2_O0
intenso,1,FIXO,1997.0,VE_ROTA_VE_CORREDOR_02,4186.91,14.60,A2_O0
intenso,1,FIXO,1998.0,VE_ROTA_VE_CORREDOR_02,4201.47,14.54,A2_O0
intenso,1,FIXO,1999.0,VE_ROTA_VE_CORREDOR_02,4216.11,14.66,A2_O0
intenso,1,FIXO,2000.0,VE_ROTA_VE_CORREDOR_02,4230.79,14.65,A2_O0
intenso,1,FIXO,2001.0,VE_ROTA_VE_CORREDOR_02,4245.58,14.86,A2_O0
intenso,1,FIXO,2002.0,VE_ROTA_VE_CORREDOR_02,4260.47,14.92,A2_O0
intenso,1,FIXO,2003.0,VE_ROTA_VE_CORREDOR_02,4275.40,14.94,A2_O0
intenso,1,FIXO,2004.0,VE_ROTA_VE_CORREDOR_02,4290.33,14.98,A2_O0
intenso,1,FIXO,2005.0,VE_ROTA_VE_CORREDOR_02,4305.30,14.98,A2_O0
intenso,1,FIXO,2006.0,VE_ROTA_VE_CORREDOR_02,4320.30,15.03,A2_O0
intenso,1,FIXO,2007.0,VE_ROTA_VE_CORREDOR_02,4335.30,14.95,A2_O0
intenso,1,FIXO,2008.0,VE_ROTA_VE_CORREDOR_02,4350.34,15.07,A2_O0
intenso,1,FIXO,2009.0,VE_ROTA_VE_CORREDOR_02,4365.39,15.03,A2_O0
intenso,1,FIXO,2010.0,VE_ROTA_VE_CORREDOR_02,4380.44,15.09,A2_O0
intenso,1,FIXO,2011.0,VE_ROTA_VE_CORREDOR_02,4395.48,15.07,A2_O0
intenso,1,FIXO,2012.0,VE_ROTA_VE_CORREDOR_02,4410.55,15.03,A2_O0
intenso,1,FIXO,2013.0,VE_ROTA_VE_CORREDOR_02,4425.62,15.01,A2_O0
intenso,1,FIXO,2014.0,VE_ROTA_VE_CORREDOR_02,4440.79,15.19,A2_O0
intenso,1,FIXO,2015.0,VE_ROTA_VE_CORREDOR_02,4456.00,15.18,A2_O0
intenso,1,FIXO,2016.0,VE_ROTA_VE_CORREDOR_02,4472.75,18.06,A2_O0
intenso,1,FIXO,2101.0,VE_ROTA_VE_CORREDOR_03,19.49,21.66,A1_L0
intenso,1,FIXO,2102.0,VE_ROTA_VE_CORREDOR_03,40.90,21.01,A1_L0
intenso,1,FIXO,2103.0,VE_ROTA_VE_CORREDOR_03,61.29,19.96,A1_L0
intenso,1,FIXO,2104.0,VE_ROTA_VE_CORREDOR_03,80.77,19.10,A1_L0
intenso,1,FIXO,2105.0,VE_ROTA_VE_CORREDOR_03,99.48,18.44,A1_L0
intenso,1,FIXO,2106.0,VE_ROTA_VE_CORREDOR_03,117.56,17.83,A1_L0
intenso,1,FIXO,2107.0,VE_ROTA_VE_CORREDOR_03,135.10,17.33,A1_L0
intenso,1,FIXO,2108.0,VE_ROTA_VE_CORREDOR_03,152.20,16.88,A1_L0
intenso,1,FIXO,2109.0,VE_ROTA_VE_CORREDOR_03,168.93,16.60,A1_L0
intenso,1,FIXO,2110.0,VE_ROTA_VE_CORREDOR_03,185.39,16.35,A1_L0
intenso,1,FIXO,2111.0,VE_ROTA_VE_CORREDOR_03,201.63,16.15,A1_L0
intenso,1,FIXO,2112.0,VE_ROTA_VE_CORREDOR_03,217.67,16.00,A1_L0
intenso,1,FIXO,2113.0,VE_ROTA_VE_CORREDOR_03,233.59,15.85,A1_L0
intenso,1,FIXO,2114.0,VE_ROTA_VE_CORREDOR_03,249.40,15.77,A1_L0
intenso,1,FIXO,2115.0,VE_ROTA_VE_CORREDOR_03,265.12,15.66,A1_L0
intenso,1,FIXO,2116.0,VE_ROTA_VE_CORREDOR_03,280.78,15.66,A1_L0
intenso,1,FIXO,2117.0,VE_ROTA_VE_CORREDOR_03,296.39,15.54,A1_L0
intenso,1,FIXO,2118.0,VE_ROTA_VE_CORREDOR_03,311.94,15.56,A1_L0
intenso,1,FIXO,2119.0,VE_ROTA_VE_CORREDOR_03,327.46,15.53,A1_L0
intenso,1,FIXO,2120.0,VE_ROTA_VE_CORREDOR_03,342.95,15.53,A1_L0
intenso,1,FIXO,2121.0,VE_ROTA_VE_CORREDOR_03,358.42,15.46,A1_L0
intenso,1,FIXO,2122.0,VE_ROTA_VE_CORREDOR_03,373.88,15.46,A1_L0
intenso,1,FIXO,2123.0,VE_ROTA_VE_CORREDOR_03,389.31,15.40,A1_L0
intenso,1,FIXO,2124.0,VE_ROTA_VE_CORREDOR_03,404.74,15.39,A1_L0
intenso,1,FIXO,2125.0,VE_ROTA_VE_CORREDOR_03,420.19,15.46,A1_L0
intenso,1,FIXO,2126.0,VE_ROTA_VE_CORREDOR_03,435.59,15.41,A1_L0
intenso,1,FIXO,2127.0,VE_ROTA_VE_CORREDOR_03,451.04,15.47,A1_L0
intenso,1,FIXO,2128.0,VE_ROTA_VE_CORREDOR_03,466.44,15.41,A1_L0
intenso,1,FIXO,2129.0,VE_ROTA_VE_CORREDOR_03,481.85,15.40,A1_L0
intenso,1,FIXO,2130.0,VE_ROTA_VE_CORREDOR_03,497.26,15.39,:CRUZ_01_11
intenso,1,FIXO,2131.0,VE_ROTA_VE_CORREDOR_03,512.65,15.43,A1_L1
intenso,1,FIXO,2132.0,VE_ROTA_VE_CORREDOR_03,528.06,15.39,A1_L1
intenso,1,FIXO,2133.0,VE_ROTA_VE_CORREDOR_03,543.46,15.36,A1_L1
intenso,1,FIXO,2134.0,VE_ROTA_VE_CORREDOR_03,558.88,15.45,A1_L1
intenso,1,FIXO,2135.0,VE_ROTA_VE_CORREDOR_03,574.28,15.34,A1_L1
intenso,1,FIXO,2136.0,VE_ROTA_VE_CORREDOR_03,589.68,15.46,A1_L1
intenso,1,FIXO,2137.0,VE_ROTA_VE_CORREDOR_03,605.08,15.36,A1_L1
intenso,1,FIXO,2138.0,VE_ROTA_VE_CORREDOR_03,620.49,15.42,A1_L1
intenso,1,FIXO,2139.0,VE_ROTA_VE_CORREDOR_03,635.88,15.37,A1_L1
intenso,1,FIXO,2140.0,VE_ROTA_VE_CORREDOR_03,651.29,15.38,A1_L1
intenso,1,FIXO,2141.0,VE_ROTA_VE_CORREDOR_03,666.70,15.39,A1_L1
intenso,1,FIXO,2142.0,VE_ROTA_VE_CORREDOR_03,682.11,15.46,A1_L1
intenso,1,FIXO,2143.0,VE_ROTA_VE_CORREDOR_03,697.50,15.39,A1_L1
intenso,1,FIXO,2144.0,VE_ROTA_VE_CORREDOR_03,712.90,15.38,A1_L1
intenso,1,FIXO,2145.0,VE_ROTA_VE_CORREDOR_03,728.32,15.44,A1_L1
intenso,1,FIXO,2146.0,VE_ROTA_VE_CORREDOR_03,743.72,15.39,A1_L1
intenso,1,FIXO,2147.0,VE_ROTA_VE_CORREDOR_03,759.14,15.40,A1_L1
intenso,1,FIXO,2148.0,VE_ROTA_VE_CORREDOR_03,774.54,15.37,A1_L1
intenso,1,FIXO,2149.0,VE_ROTA_VE_CORREDOR_03,789.95,15.38,A1_L1
intenso,1,FIXO,2150.0,VE_ROTA_VE_CORREDOR_03,805.37,15.37,A1_L1
intenso,1,FIXO,2151.0,VE_ROTA_VE_CORREDOR_03,820.21,14.23,A1_L1
intenso,1,FIXO,2152.0,VE_ROTA_VE_CORREDOR_03,833.66,12.84,A1_L1
intenso,1,FIXO,2153.0,VE_ROTA_VE_CORREDOR_03,845.73,11.46,A1_L1
intenso,1,FIXO,2154.0,VE_ROTA_VE_CORREDOR_03,856.48,10.13,A1_L1
intenso,1,FIXO,2155.0,VE_ROTA_VE_CORREDOR_03,865.98,8.94,A1_L1
intenso,1,FIXO,2156.0,VE_ROTA_VE_CORREDOR_03,874.25,7.74,A1_L1
intenso,1,FIXO,2157.0,VE_ROTA_VE_CORREDOR_03,881.35,6.60,A1_L1
intenso,1,FIXO,2158.0,VE_ROTA_VE_CORREDOR_03,887.35,5.52,A1_L1
intenso,1,FIXO,2159.0,VE_ROTA_VE_CORREDOR_03,892.35,4.56,A1_L1
intenso,1,FIXO,2160.0,VE_ROTA_VE_CORREDOR_03,896.44,3.66,A1_L1
intenso,1,FIXO,2161.0,VE_ROTA_VE_CORREDOR_03,899.70,2.94,A1_L1
intenso,1,FIXO,2162.0,VE_ROTA_VE_CORREDOR_03,902.26,2.27,A1_L1
intenso,1,FIXO,2163.0,VE_ROTA_VE_CORREDOR_03,904.21,1.71,A1_L1
intenso,1,FIXO,2164.0,VE_ROTA_VE_CORREDOR_03,905.68,1.27,A1_L1
intenso,1,FIXO,2165.0,VE_ROTA_VE_CORREDOR_03,906.75,0.91,A1_L1
intenso,1,FIXO,2166.0,VE_ROTA_VE_CORREDOR_03,907.51,0.65,A1_L1
intenso,1,FIXO,2167.0,VE_ROTA_VE_CORREDOR_03,908.05,0.46,A1_L1
intenso,1,FIXO,2168.0,VE_ROTA_VE_CORREDOR_03,908.42,0.31,A1_L1
intenso,1,FIXO,2169.0,VE_ROTA_VE_CORREDOR_03,908.67,0.21,A1_L1
intenso,1,FIXO,2170.0,VE_ROTA_VE_CORREDOR_03,908.84,0.14,A1_L1
intenso,1,FIXO,2171.0,VE_ROTA_VE_CORREDOR_03,908.96,0.10,A1_L1
intenso,1,FIXO,2172.0,VE_ROTA_VE_CORREDOR_03,909.03,0.06,A1_L1
intenso,1,FIXO,2173.0,VE_ROTA_VE_CORREDOR_03,909.09,0.04,A1_L1
intenso,1,FIXO,2174.0,VE_ROTA_VE_CORREDOR_03,909.12,0.03,A1_L1
intenso,1,FIXO,2175.0,VE_ROTA_VE_CORREDOR_03,909.14,0.02,A1_L1
intenso,1,FIXO,2176.0,VE_ROTA_VE_CORREDOR_03,909.16,0.02,A1_L1
intenso,1,FIXO,2177.0,VE_ROTA_VE_CORREDOR_03,909.18,0.02,A1_L1
intenso,1,FIXO,2178.0,VE_ROTA_VE_CORREDOR_03,909.22,0.07,A1_L1
intenso,1,FIXO,2179.0,VE_ROTA_VE_CORREDOR_03,909.35,0.20,A1_L1
intenso,1,FIXO,2180.0,VE_ROTA_VE_CORREDOR_03,909.70,0.52,A1_L1
intenso,1,FIXO,2181.0,VE_ROTA_VE_CORREDOR_03,910.52,1.09,A1_L1
intenso,1,FIXO,2182.0,VE_ROTA_VE_CORREDOR_03,912.09,1.96,A1_L1
intenso,1,FIXO,2183.0,VE_ROTA_VE_CORREDOR_03,914.59,2.93,A1_L1
intenso,1,FIXO,2184.0,VE_ROTA_VE_CORREDOR_03,918.11,3.99,A1_L1
intenso,1,FIXO,2185.0,VE_ROTA_VE_CORREDOR_03,922.65,4.94,A1_L1
intenso,1,FIXO,2186.0,VE_ROTA_VE_CORREDOR_03,928.16,5.91,A1_L1
intenso,1,FIXO,2187.0,VE_ROTA_VE_CORREDOR_03,934.84,7.38,A1_L1
intenso,1,FIXO,2188.0,VE_ROTA_VE_CORREDOR_03,942.57,8.08,A1_L1
intenso,1,FIXO,2189.0,VE_ROTA_VE_CORREDOR_03,950.99,8.76,A1_L1
intenso,1,FIXO,2190.0,VE_ROTA_VE_CORREDOR_03,960.00,9.35,A1_L1
intenso,1,FIXO,2191.0,VE_ROTA_VE_CORREDOR_03,969.58,9.86,A1_L1
intenso,1,FIXO,2192.0,VE_ROTA_VE_CORREDOR_03,979.68,10.27,A1_L1
intenso,1,FIXO,2193.0,VE_ROTA_VE_CORREDOR_03,990.27,10.77,:CRUZ_02_11
intenso,1,FIXO,2194.0,VE_ROTA_VE_CORREDOR_03,1001.25,11.20,:CRUZ_02_11
intenso,1,FIXO,2195.0,VE_ROTA_VE_CORREDOR_03,1012.61,11.56,A1_L2
intenso,1,FIXO,2196.0,VE_ROTA_VE_CORREDOR_03,1024.32,11.87,A1_L2
intenso,1,FIXO,2197.0,VE_ROTA_VE_CORREDOR_03,1036.34,12.18,A1_L2
intenso,1,FIXO,2198.0,VE_ROTA_VE_CORREDOR_03,1048.63,12.41,A1_L2
intenso,1,FIXO,2199.0,VE_ROTA_VE_CORREDOR_03,1061.16,12.63,A1_L2
intenso,1,FIXO,2200.0,VE_ROTA_VE_CORREDOR_03,1073.90,12.83,A1_L2
intenso,1,FIXO,2201.0,VE_ROTA_VE_CORREDOR_03,1086.82,13.05,A1_L2
intenso,1,FIXO,2202.0,VE_ROTA_VE_CORREDOR_03,1099.91,13.12,A1_L2
intenso,1,FIXO,2203.0,VE_ROTA_VE_CORREDOR_03,1113.18,13.32,A1_L2
intenso,1,FIXO,2204.0,VE_ROTA_VE_CORREDOR_03,1126.57,13.44,A1_L2
intenso,1,FIXO,2205.0,VE_ROTA_VE_CORREDOR_03,1140.05,13.46,A1_L2
intenso,1,FIXO,2206.0,VE_ROTA_VE_CORREDOR_03,1153.63,13.66,A1_L2
intenso,1,FIXO,2207.0,VE_ROTA_VE_CORREDOR_03,1167.29,13.68,A1_L2
intenso,1,FIXO,2208.0,VE_ROTA_VE_CORREDOR_03,1181.09,13.75,A1_L2
intenso,1,FIXO,2209.0,VE_ROTA_VE_CORREDOR_03,1194.91,13.77,A1_L2
intenso,1,FIXO,2210.0,VE_ROTA_VE_CORREDOR_03,1208.67,13.73,A1_L2
intenso,1,FIXO,2211.0,VE_ROTA_VE_CORREDOR_03,1222.28,13.56,A1_L2
intenso,1,FIXO,2212.0,VE_ROTA_VE_CORREDOR_03,1235.70,13.37,A1_L2
intenso,1,FIXO,2213.0,VE_ROTA_VE_CORREDOR_03,1248.88,13.05,A1_L2
intenso,1,FIXO,2214.0,VE_ROTA_VE_CORREDOR_03,1261.74,12.72,A1_L2
intenso,1,FIXO,2215.0,VE_ROTA_VE_CORREDOR_03,1274.23,12.21,A1_L2
intenso,1,FIXO,2216.0,VE_ROTA_VE_CORREDOR_03,1285.46,10.81,A1_L2
intenso,1,FIXO,2217.0,VE_ROTA_VE_CORREDOR_03,1296.18,10.58,A1_L2
intenso,1,FIXO,2218.0,VE_ROTA_VE_CORREDOR_03,1306.68,10.37,A1_L2
intenso,1,FIXO,2219.0,VE_ROTA_VE_CORREDOR_03,1316.86,9.99,A1_L2
intenso,1,FIXO,2220.0,VE_ROTA_VE_CORREDOR_03,1326.67,9.64,A1_L2
intenso,1,FIXO,2221.0,VE_ROTA_VE_CORREDOR_03,1335.98,9.13,A1_L2
intenso,1,FIXO,2222.0,VE_ROTA_VE_CORREDOR_03,1344.80,8.61,A1_L2
intenso,1,FIXO,2223.0,VE_ROTA_VE_CORREDOR_03,1353.08,8.04,A1_L2
intenso,1,FIXO,2224.0,VE_ROTA_VE_CORREDOR_03,1360.76,7.40,A1_L2
intenso,1,FIXO,2225.0,VE_ROTA_VE_CORREDOR_03,1367.86,6.82,A1_L2
intenso,1,FIXO,2226.0,VE_ROTA_VE_CORREDOR_03,1374.32,6.17,A1_L2
intenso,1,FIXO,2227.0,VE_ROTA_VE_CORREDOR_03,1380.14,5.54,A1_L2
intenso,1,FIXO,2228.0,VE_ROTA_VE_CORREDOR_03,1385.32,4.90,A1_L2
intenso,1,FIXO,2229.0,VE_ROTA_VE_CORREDOR_03,1389.87,4.27,A1_L2
intenso,1,FIXO,2230.0,VE_ROTA_VE_CORREDOR_03,1393.80,3.69,A1_L2
intenso,1,FIXO,2231.0,VE_ROTA_VE_CORREDOR_03,1397.15,3.11,A1_L2
intenso,1,FIXO,2232.0,VE_ROTA_VE_CORREDOR_03,1399.95,2.56,A1_L2
intenso,1,FIXO,2233.0,VE_ROTA_VE_CORREDOR_03,1402.22,2.05,A1_L2
intenso,1,FIXO,2234.0,VE_ROTA_VE_CORREDOR_03,1404.04,1.63,A1_L2
intenso,1,FIXO,2235.0,VE_ROTA_VE_CORREDOR_03,1405.45,1.26,A1_L2
intenso,1,FIXO,2236.0,VE_ROTA_VE_CORREDOR_03,1406.54,0.95,A1_L2
intenso,1,FIXO,2237.0,VE_ROTA_VE_CORREDOR_03,1407.33,0.69,A1_L2
intenso,1,FIXO,2238.0,VE_ROTA_VE_CORREDOR_03,1407.91,0.50,A1_L2
intenso,1,FIXO,2239.0,VE_ROTA_VE_CORREDOR_03,1408.32,0.34,A1_L2
intenso,1,FIXO,2240.0,VE_ROTA_VE_CORREDOR_03,1408.60,0.24,A1_L2
intenso,1,FIXO,2241.0,VE_ROTA_VE_CORREDOR_03,1408.79,0.16,A1_L2
intenso,1,FIXO,2242.0,VE_ROTA_VE_CORREDOR_03,1408.92,0.11,A1_L2
intenso,1,FIXO,2243.0,VE_ROTA_VE_CORREDOR_03,1409.01,0.07,A1_L2
intenso,1,FIXO,2244.0,VE_ROTA_VE_CORREDOR_03,1409.07,0.05,A1_L2
intenso,1,FIXO,2245.0,VE_ROTA_VE_CORREDOR_03,1409.11,0.03,A1_L2
intenso,1,FIXO,2246.0,VE_ROTA_VE_CORREDOR_03,1409.14,0.02,A1_L2
intenso,1,FIXO,2247.0,VE_ROTA_VE_CORREDOR_03,1409.17,0.03,A1_L2
intenso,1,FIXO,2248.0,VE_ROTA_VE_CORREDOR_03,1409.22,0.07,A1_L2
intenso,1,FIXO,2249.0,VE_ROTA_VE_CORREDOR_03,1409.35,0.21,A1_L2
intenso,1,FIXO,2250.0,VE_ROTA_VE_CORREDOR_03,1409.74,0.56,A1_L2
intenso,1,FIXO,2251.0,VE_ROTA_VE_CORREDOR_03,1410.63,1.19,A1_L2
intenso,1,FIXO,2252.0,VE_ROTA_VE_CORREDOR_03,1412.27,2.09,A1_L2
intenso,1,FIXO,2253.0,VE_ROTA_VE_CORREDOR_03,1414.89,3.08,A1_L2
intenso,1,FIXO,2254.0,VE_ROTA_VE_CORREDOR_03,1418.56,4.11,A1_L2
intenso,1,FIXO,2255.0,VE_ROTA_VE_CORREDOR_03,1423.25,5.14,A1_L2
intenso,1,FIXO,2256.0,VE_ROTA_VE_CORREDOR_03,1428.91,6.11,A1_L2
intenso,1,FIXO,2257.0,VE_ROTA_VE_CORREDOR_03,1435.46,6.93,A1_L2
intenso,1,FIXO,2258.0,VE_ROTA_VE_CORREDOR_03,1442.82,7.69,A1_L2
intenso,1,FIXO,2259.0,VE_ROTA_VE_CORREDOR_03,1450.93,8.36,A1_L2
intenso,1,FIXO,2260.0,VE_ROTA_VE_CORREDOR_03,1459.70,9.07,A1_L2
intenso,1,FIXO,2261.0,VE_ROTA_VE_CORREDOR_03,1469.07,9.61,A1_L2
intenso,1,FIXO,2262.0,VE_ROTA_VE_CORREDOR_03,1478.98,10.18,A1_L2
intenso,1,FIXO,2263.0,VE_ROTA_VE_CORREDOR_03,1489.40,10.70,:CRUZ_03_11
intenso,1,FIXO,2264.0,VE_ROTA_VE_CORREDOR_03,1500.22,11.05,:CRUZ_03_11
intenso,1,FIXO,2265.0,VE_ROTA_VE_CORREDOR_03,1511.46,11.40,A1_L3
intenso,1,FIXO,2266.0,VE_ROTA_VE_CORREDOR_03,1523.06,11.75,A1_L3
intenso,1,FIXO,2267.0,VE_ROTA_VE_CORREDOR_03,1534.95,12.05,A1_L3
intenso,1,FIXO,2268.0,VE_ROTA_VE_CORREDOR_03,1547.13,12.29,A1_L3
intenso,1,FIXO,2269.0,VE_ROTA_VE_CORREDOR_03,1559.54,12.52,A1_L3
intenso,1,FIXO,2270.0,VE_ROTA_VE_CORREDOR_03,1572.22,12.72,A1_L3
intenso,1,FIXO,2271.0,VE_ROTA_VE_CORREDOR_03,1585.10,12.91,A1_L3
intenso,1,FIXO,2272.0,VE_ROTA_VE_CORREDOR_03,1598.14,13.12,A1_L3
intenso,1,FIXO,2273.0,VE_ROTA_VE_CORREDOR_03,1611.36,13.31,A1_L3
intenso,1,FIXO,2274.0,VE_ROTA_VE_CORREDOR_03,1624.72,13.42,A1_L3
intenso,1,FIXO,2275.0,VE_ROTA_VE_CORREDOR_03,1638.21,13.48,A1_L3
intenso,1,FIXO,2276.0,VE_ROTA_VE_CORREDOR_03,1651.83,13.61,A1_L3
intenso,1,FIXO,2277.0,VE_ROTA_VE_CORREDOR_03,1665.54,13.78,A1_L3
intenso,1,FIXO,2278.0,VE_ROTA_VE_CORREDOR_03,1679.34,13.82,A1_L3
intenso,1,FIXO,2279.0,VE_ROTA_VE_CORREDOR_03,1693.09,13.72,A1_L3
intenso,1,FIXO,2280.0,VE_ROTA_VE_CORREDOR_03,1706.76,13.63,A1_L3
intenso,1,FIXO,2281.0,VE_ROTA_VE_CORREDOR_03,1720.30,13.43,A1_L3
intenso,1,FIXO,2282.0,VE_ROTA_VE_CORREDOR_03,1733.63,13.26,A1_L3
intenso,1,FIXO,2283.0,VE_ROTA_VE_CORREDOR_03,1746.72,13.00,A1_L3
intenso,1,FIXO,2284.0,VE_ROTA_VE_CORREDOR_03,1759.48,12.63,A1_L3
intenso,1,FIXO,2285.0,VE_ROTA_VE_CORREDOR_03,1771.92,12.23,A1_L3
intenso,1,FIXO,2286.0,VE_ROTA_VE_CORREDOR_03,1783.94,11.87,A1_L3
intenso,1,FIXO,2287.0,VE_ROTA_VE_CORREDOR_03,1795.54,11.37,A1_L3
intenso,1,FIXO,2288.0,VE_ROTA_VE_CORREDOR_03,1806.66,10.91,A1_L3
intenso,1,FIXO,2289.0,VE_ROTA_VE_CORREDOR_03,1817.28,10.34,A1_L3
intenso,1,FIXO,2290.0,VE_ROTA_VE_CORREDOR_03,1827.36,9.83,A1_L3
intenso,1,FIXO,2291.0,VE_ROTA_VE_CORREDOR_03,1836.88,9.28,A1_L3
intenso,1,FIXO,2292.0,VE_ROTA_VE_CORREDOR_03,1845.81,8.67,A1_L3
intenso,1,FIXO,2293.0,VE_ROTA_VE_CORREDOR_03,1854.10,8.03,A1_L3
intenso,1,FIXO,2294.0,VE_ROTA_VE_CORREDOR_03,1861.78,7.42,A1_L3
intenso,1,FIXO,2295.0,VE_ROTA_VE_CORREDOR_03,1868.84,6.80,A1_L3
intenso,1,FIXO,2296.0,VE_ROTA_VE_CORREDOR_03,1875.24,6.13,A1_L3
intenso,1,FIXO,2297.0,VE_ROTA_VE_CORREDOR_03,1880.97,5.47,A1_L3
intenso,1,FIXO,2298.0,VE_ROTA_VE_CORREDOR_03,1886.07,4.82,A1_L3
intenso,1,FIXO,2299.0,VE_ROTA_VE_CORREDOR_03,1890.53,4.18,A1_L3
intenso,1,FIXO,2300.0,VE_ROTA_VE_CORREDOR_03,1894.36,3.56,A1_L3
intenso,1,FIXO,2301.0,VE_ROTA_VE_CORREDOR_03,1897.62,2.99,A1_L3
intenso,1,FIXO,2302.0,VE_ROTA_VE_CORREDOR_03,1900.33,2.48,A1_L3
intenso,1,FIXO,2303.0,VE_ROTA_VE_CORREDOR_03,1902.53,1.99,A1_L3
intenso,1,FIXO,2304.0,VE_ROTA_VE_CORREDOR_03,1904.29,1.56,A1_L3
intenso,1,FIXO,2305.0,VE_ROTA_VE_CORREDOR_03,1905.65,1.19,A1_L3
intenso,1,FIXO,2306.0,VE_ROTA_VE_CORREDOR_03,1906.68,0.90,A1_L3
intenso,1,FIXO,2307.0,VE_ROTA_VE_CORREDOR_03,1907.43,0.66,A1_L3
intenso,1,FIXO,2308.0,VE_ROTA_VE_CORREDOR_03,1907.98,0.47,A1_L3
intenso,1,FIXO,2309.0,VE_ROTA_VE_CORREDOR_03,1908.37,0.33,A1_L3
intenso,1,FIXO,2310.0,VE_ROTA_VE_CORREDOR_03,1908.64,0.22,A1_L3
intenso,1,FIXO,2311.0,VE_ROTA_VE_CORREDOR_03,1908.82,0.15,A1_L3
intenso,1,FIXO,2312.0,VE_ROTA_VE_CORREDOR_03,1908.94,0.10,A1_L3
intenso,1,FIXO,2313.0,VE_ROTA_VE_CORREDOR_03,1909.02,0.07,A1_L3
intenso,1,FIXO,2314.0,VE_ROTA_VE_CORREDOR_03,1909.08,0.05,A1_L3
intenso,1,FIXO,2315.0,VE_ROTA_VE_CORREDOR_03,1909.12,0.03,A1_L3
intenso,1,FIXO,2316.0,VE_ROTA_VE_CORREDOR_03,1909.14,0.02,A1_L3
intenso,1,FIXO,2317.0,VE_ROTA_VE_CORREDOR_03,1909.17,0.03,A1_L3
intenso,1,FIXO,2318.0,VE_ROTA_VE_CORREDOR_03,1909.21,0.07,A1_L3
intenso,1,FIXO,2319.0,VE_ROTA_VE_CORREDOR_03,1909.33,0.19,A1_L3
intenso,1,FIXO,2320.0,VE_ROTA_VE_CORREDOR_03,1909.67,0.50,A1_L3
intenso,1,FIXO,2321.0,VE_ROTA_VE_CORREDOR_03,1910.45,1.08,A1_L3
intenso,1,FIXO,2322.0,VE_ROTA_VE_CORREDOR_03,1911.96,1.93,A1_L3
intenso,1,FIXO,2323.0,VE_ROTA_VE_CORREDOR_03,1914.41,2.94,A1_L3
intenso,1,FIXO,2324.0,VE_ROTA_VE_CORREDOR_03,1917.89,3.93,A1_L3
intenso,1,FIXO,2325.0,VE_ROTA_VE_CORREDOR_03,1922.39,5.01,A1_L3
intenso,1,FIXO,2326.0,VE_ROTA_VE_CORREDOR_03,1927.88,5.92,A1_L3
intenso,1,FIXO,2327.0,VE_ROTA_VE_CORREDOR_03,1934.25,6.74,A1_L3
intenso,1,FIXO,2328.0,VE_ROTA_VE_CORREDOR_03,1941.44,7.52,A1_L3
intenso,1,FIXO,2329.0,VE_ROTA_VE_CORREDOR_03,1949.37,8.19,A1_L3
intenso,1,FIXO,2330.0,VE_ROTA_VE_CORREDOR_03,1957.99,8.91,A1_L3
intenso,1,FIXO,2331.0,VE_ROTA_VE_CORREDOR_03,1967.23,9.49,A1_L3
intenso,1,FIXO,2332.0,VE_ROTA_VE_CORREDOR_03,1977.03,10.09,A1_L3
intenso,1,FIXO,2333.0,VE_ROTA_VE_CORREDOR_03,1987.04,8.96,A1_L3
intenso,1,FIXO,2334.0,VE_ROTA_VE_CORREDOR_03,1995.50,8.46,:CRUZ_04_10
intenso,1,FIXO,2335.0,VE_ROTA_VE_CORREDOR_03,2005.21,10.99,T4_S1
intenso,1,FIXO,2336.0,VE_ROTA_VE_CORREDOR_03,2017.77,13.84,T4_S1
intenso,1,FIXO,2337.0,VE_ROTA_VE_CORREDOR_03,2032.17,14.43,T4_S1
intenso,1,FIXO,2338.0,VE_ROTA_VE_CORREDOR_03,2046.60,14.42,T4_S1
intenso,1,FIXO,2339.0,VE_ROTA_VE_CORREDOR_03,2061.02,14.41,T4_S1
intenso,1,FIXO,2340.0,VE_ROTA_VE_CORREDOR_03,2075.45,14.44,T4_S1
intenso,1,FIXO,2341.0,VE_ROTA_VE_CORREDOR_03,2089.87,14.43,T4_S1
intenso,1,FIXO,2342.0,VE_ROTA_VE_CORREDOR_03,2104.30,14.42,T4_S1
intenso,1,FIXO,2343.0,VE_ROTA_VE_CORREDOR_03,2118.73,14.43,T4_S1
intenso,1,FIXO,2344.0,VE_ROTA_VE_CORREDOR_03,2133.15,14.43,T4_S1
intenso,1,FIXO,2345.0,VE_ROTA_VE_CORREDOR_03,2147.58,14.44,T4_S1
intenso,1,FIXO,2346.0,VE_ROTA_VE_CORREDOR_03,2162.00,14.42,T4_S1
intenso,1,FIXO,2347.0,VE_ROTA_VE_CORREDOR_03,2176.44,14.44,T4_S1
intenso,1,FIXO,2348.0,VE_ROTA_VE_CORREDOR_03,2190.87,14.43,T4_S1
intenso,1,FIXO,2349.0,VE_ROTA_VE_CORREDOR_03,2205.29,14.41,T4_S1
intenso,1,FIXO,2350.0,VE_ROTA_VE_CORREDOR_03,2219.72,14.41,T4_S1
intenso,1,FIXO,2351.0,VE_ROTA_VE_CORREDOR_03,2234.15,14.42,T4_S1
intenso,1,FIXO,2352.0,VE_ROTA_VE_CORREDOR_03,2248.57,14.44,T4_S1
intenso,1,FIXO,2353.0,VE_ROTA_VE_CORREDOR_03,2263.00,14.41,T4_S1
intenso,1,FIXO,2354.0,VE_ROTA_VE_CORREDOR_03,2277.42,14.42,T4_S1
intenso,1,FIXO,2355.0,VE_ROTA_VE_CORREDOR_03,2291.85,14.42,T4_S1
intenso,1,FIXO,2356.0,VE_ROTA_VE_CORREDOR_03,2306.27,14.43,T4_S1
intenso,1,FIXO,2357.0,VE_ROTA_VE_CORREDOR_03,2320.70,14.44,T4_S1
intenso,1,FIXO,2358.0,VE_ROTA_VE_CORREDOR_03,2335.12,14.42,T4_S1
intenso,1,FIXO,2359.0,VE_ROTA_VE_CORREDOR_03,2349.55,14.44,T4_S1
intenso,1,FIXO,2360.0,VE_ROTA_VE_CORREDOR_03,2362.96,12.13,T4_S1
intenso,1,FIXO,2361.0,VE_ROTA_VE_CORREDOR_03,2373.66,9.61,T4_S1
intenso,1,FIXO,2362.0,VE_ROTA_VE_CORREDOR_03,2382.23,7.81,T4_S1
intenso,1,FIXO,2363.0,VE_ROTA_VE_CORREDOR_03,2389.35,6.67,T4_S1
intenso,1,FIXO,2364.0,VE_ROTA_VE_CORREDOR_03,2395.67,6.11,T4_S1
intenso,1,FIXO,2365.0,VE_ROTA_VE_CORREDOR_03,2401.68,5.97,T4_S1
intenso,1,FIXO,2366.0,VE_ROTA_VE_CORREDOR_03,2407.67,6.05,T4_S1
intenso,1,FIXO,2367.0,VE_ROTA_VE_CORREDOR_03,2413.83,6.29,T4_S1
intenso,1,FIXO,2368.0,VE_ROTA_VE_CORREDOR_03,2420.28,6.63,T4_S1
intenso,1,FIXO,2369.0,VE_ROTA_VE_CORREDOR_03,2427.05,6.94,T4_S1
intenso,1,FIXO,2370.0,VE_ROTA_VE_CORREDOR_03,2434.15,7.29,T4_S1
intenso,1,FIXO,2371.0,VE_ROTA_VE_CORREDOR_03,2441.53,7.48,T4_S1
intenso,1,FIXO,2372.0,VE_ROTA_VE_CORREDOR_03,2449.21,7.84,T4_S1
intenso,1,FIXO,2373.0,VE_ROTA_VE_CORREDOR_03,2457.14,8.03,T4_S1
intenso,1,FIXO,2374.0,VE_ROTA_VE_CORREDOR_03,2465.33,8.34,T4_S1
intenso,1,FIXO,2375.0,VE_ROTA_VE_CORREDOR_03,2473.95,9.25,T4_S1
intenso,1,FIXO,2376.0,VE_ROTA_VE_CORREDOR_03,2482.45,8.45,:CRUZ_08_0
intenso,1,FIXO,2377.0,VE_ROTA_VE_CORREDOR_03,2491.69,10.43,A2_O3
intenso,1,FIXO,2378.0,VE_ROTA_VE_CORREDOR_03,2503.67,13.27,A2_O3
intenso,1,FIXO,2379.0,VE_ROTA_VE_CORREDOR_03,2518.53,16.15,A2_O3
intenso,1,FIXO,2380.0,VE_ROTA_VE_CORREDOR_03,2536.24,18.97,A2_O3
intenso,1,FIXO,2381.0,VE_ROTA_VE_CORREDOR_03,2556.74,21.67,A2_O3
intenso,1,FIXO,2382.0,VE_ROTA_VE_CORREDOR_03,2578.39,21.64,A2_O3
intenso,1,FIXO,2383.0,VE_ROTA_VE_CORREDOR_03,2600.04,21.64,A2_O3
intenso,1,FIXO,2384.0,VE_ROTA_VE_CORREDOR_03,2621.70,21.67,A2_O3
intenso,1,FIXO,2385.0,VE_ROTA_VE_CORREDOR_03,2643.36,21.66,A2_O3
intenso,1,FIXO,2386.0,VE_ROTA_VE_CORREDOR_03,2665.01,21.66,A2_O3
intenso,1,FIXO,2387.0,VE_ROTA_VE_CORREDOR_03,2686.67,21.67,A2_O3
intenso,1,FIXO,2388.0,VE_ROTA_VE_CORREDOR_03,2708.33,21.66,A2_O3
intenso,1,FIXO,2389.0,VE_ROTA_VE_CORREDOR_03,2729.98,21.66,A2_O3
intenso,1,FIXO,2390.0,VE_ROTA_VE_CORREDOR_03,2751.64,21.65,A2_O3
intenso,1,FIXO,2391.0,VE_ROTA_VE_CORREDOR_03,2773.29,21.64,A2_O3
intenso,1,FIXO,2392.0,VE_ROTA_VE_CORREDOR_03,2794.95,21.66,A2_O3
intenso,1,FIXO,2393.0,VE_ROTA_VE_CORREDOR_03,2816.05,19.75,A2_O3
intenso,1,FIXO,2394.0,VE_ROTA_VE_CORREDOR_03,2833.74,16.05,A2_O3
intenso,1,FIXO,2395.0,VE_ROTA_VE_CORREDOR_03,2848.56,15.19,A2_O3
intenso,1,FIXO,2396.0,VE_ROTA_VE_CORREDOR_03,2862.38,12.68,A2_O3
intenso,1,FIXO,2397.0,VE_ROTA_VE_CORREDOR_03,2873.93,10.72,A2_O3
intenso,1,FIXO,2398.0,VE_ROTA_VE_CORREDOR_03,2883.86,9.41,A2_O3
intenso,1,FIXO,2399.0,VE_ROTA_VE_CORREDOR_03,2892.85,8.76,A2_O3
intenso,1,FIXO,2400.0,VE_ROTA_VE_CORREDOR_03,2901.39,8.47,A2_O3
intenso,1,FIXO,2401.0,VE_ROTA_VE_CORREDOR_03,2909.92,8.58,A2_O3
intenso,1,FIXO,2402.0,VE_ROTA_VE_CORREDOR_03,2918.63,8.87,A2_O3
intenso,1,FIXO,2403.0,VE_ROTA_VE_CORREDOR_03,2927.65,9.17,A2_O3
intenso,1,FIXO,2404.0,VE_ROTA_VE_CORREDOR_03,2937.06,9.62,A2_O3
intenso,1,FIXO,2405.0,VE_ROTA_VE_CORREDOR_03,2946.90,9.99,A2_O3
intenso,1,FIXO,2406.0,VE_ROTA_VE_CORREDOR_03,2957.15,10.46,A2_O3
intenso,1,FIXO,2407.0,VE_ROTA_VE_CORREDOR_03,2967.80,10.77,A2_O3
intenso,1,FIXO,2408.0,VE_ROTA_VE_CORREDOR_03,2978.82,11.19,:CRUZ_07_4
intenso,1,FIXO,2409.0,VE_ROTA_VE_CORREDOR_03,2990.23,11.57,A2_O2
intenso,1,FIXO,2410.0,VE_ROTA_VE_CORREDOR_03,3001.94,11.92,A2_O2
intenso,1,FIXO,2411.0,VE_ROTA_VE_CORREDOR_03,3013.97,12.09,A2_O2
intenso,1,FIXO,2412.0,VE_ROTA_VE_CORREDOR_03,3026.29,12.47,A2_O2
intenso,1,FIXO,2413.0,VE_ROTA_VE_CORREDOR_03,3038.85,12.59,A2_O2
intenso,1,FIXO,2414.0,VE_ROTA_VE_CORREDOR_03,3051.61,12.87,A2_O2
intenso,1,FIXO,2415.0,VE_ROTA_VE_CORREDOR_03,3064.56,13.07,A2_O2
intenso,1,FIXO,2416.0,VE_ROTA_VE_CORREDOR_03,3077.67,13.20,A2_O2
intenso,1,FIXO,2417.0,VE_ROTA_VE_CORREDOR_03,3090.91,13.36,A2_O2
intenso,1,FIXO,2418.0,VE_ROTA_VE_CORREDOR_03,3104.26,13.38,A2_O2
intenso,1,FIXO,2419.0,VE_ROTA_VE_CORREDOR_03,3117.75,13.59,A2_O2
intenso,1,FIXO,2420.0,VE_ROTA_VE_CORREDOR_03,3131.28,13.52,A2_O2
intenso,1,FIXO,2421.0,VE_ROTA_VE_CORREDOR_03,3144.78,13.49,A2_O2
intenso,1,FIXO,2422.0,VE_ROTA_VE_CORREDOR_03,3158.22,13.42,A2_O2
intenso,1,FIXO,2423.0,VE_ROTA_VE_CORREDOR_03,3171.54,13.28,A2_O2
intenso,1,FIXO,2424.0,VE_ROTA_VE_CORREDOR_03,3184.69,13.11,A2_O2
intenso,1,FIXO,2425.0,VE_ROTA_VE_CORREDOR_03,3197.63,12.82,A2_O2
intenso,1,FIXO,2426.0,VE_ROTA_VE_CORREDOR_03,3210.33,12.60,A2_O2
intenso,1,FIXO,2427.0,VE_ROTA_VE_CORREDOR_03,3222.74,12.24,A2_O2
intenso,1,FIXO,2428.0,VE_ROTA_VE_CORREDOR_03,3234.83,11.91,A2_O2
intenso,1,FIXO,2429.0,VE_ROTA_VE_CORREDOR_03,3246.55,11.53,A2_O2
intenso,1,FIXO,2430.0,VE_ROTA_VE_CORREDOR_03,3257.89,11.13,A2_O2
intenso,1,FIXO,2431.0,VE_ROTA_VE_CORREDOR_03,3268.80,10.71,A2_O2
intenso,1,FIXO,2432.0,VE_ROTA_VE_CORREDOR_03,3279.23,10.20,A2_O2
intenso,1,FIXO,2433.0,VE_ROTA_VE_CORREDOR_03,3289.19,9.75,A2_O2
intenso,1,FIXO,2434.0,VE_ROTA_VE_CORREDOR_03,3298.65,9.21,A2_O2
intenso,1,FIXO,2435.0,VE_ROTA_VE_CORREDOR_03,3307.57,8.66,A2_O2
intenso,1,FIXO,2436.0,VE_ROTA_VE_CORREDOR_03,3315.96,8.10,A2_O2
intenso,1,FIXO,2437.0,VE_ROTA_VE_CORREDOR_03,3323.76,7.59,A2_O2
intenso,1,FIXO,2438.0,VE_ROTA_VE_CORREDOR_03,3331.00,6.97,A2_O2
intenso,1,FIXO,2439.0,VE_ROTA_VE_CORREDOR_03,3337.65,6.37,A2_O2
intenso,1,FIXO,2440.0,VE_ROTA_VE_CORREDOR_03,3343.71,5.81,A2_O2
intenso,1,FIXO,2441.0,VE_ROTA_VE_CORREDOR_03,3349.19,5.18,A2_O2
intenso,1,FIXO,2442.0,VE_ROTA_VE_CORREDOR_03,3354.07,4.64,A2_O2
intenso,1,FIXO,2443.0,VE_ROTA_VE_CORREDOR_03,3358.39,4.08,A2_O2
intenso,1,FIXO,2444.0,VE_ROTA_VE_CORREDOR_03,3362.15,3.49,A2_O2
intenso,1,FIXO,2445.0,VE_ROTA_VE_CORREDOR_03,3365.38,2.99,A2_O2
intenso,1,FIXO,2446.0,VE_ROTA_VE_CORREDOR_03,3368.11,2.51,A2_O2
intenso,1,FIXO,2447.0,VE_ROTA_VE_CORREDOR_03,3370.38,2.09,A2_O2
intenso,1,FIXO,2448.0,VE_ROTA_VE_CORREDOR_03,3372.23,1.68,A2_O2
intenso,1,FIXO,2449.0,VE_ROTA_VE_CORREDOR_03,3373.71,1.32,A2_O2
intenso,1,FIXO,2450.0,VE_ROTA_VE_CORREDOR_03,3374.86,1.03,A2_O2
intenso,1,FIXO,2451.0,VE_ROTA_VE_CORREDOR_03,3375.75,0.77,A2_O2
intenso,1,FIXO,2452.0,VE_ROTA_VE_CORREDOR_03,3376.41,0.58,A2_O2
intenso,1,FIXO,2453.0,VE_ROTA_VE_CORREDOR_03,3376.90,0.42,A2_O2
intenso,1,FIXO,2454.0,VE_ROTA_VE_CORREDOR_03,3377.25,0.29,A2_O2
intenso,1,FIXO,2455.0,VE_ROTA_VE_CORREDOR_03,3377.49,0.21,A2_O2
intenso,1,FIXO,2456.0,VE_ROTA_VE_CORREDOR_03,3377.66,0.15,A2_O2
intenso,1,FIXO,2457.0,VE_ROTA_VE_CORREDOR_03,3377.78,0.10,A2_O2
intenso,1,FIXO,2458.0,VE_ROTA_VE_CORREDOR_03,3377.87,0.07,A2_O2
intenso,1,FIXO,2459.0,VE_ROTA_VE_CORREDOR_03,3377.94,0.07,A2_O2
intenso,1,FIXO,2460.0,VE_ROTA_VE_CORREDOR_03,3378.02,0.10,A2_O2
intenso,1,FIXO,2461.0,VE_ROTA_VE_CORREDOR_03,3378.18,0.22,A2_O2
intenso,1,FIXO,2462.0,VE_ROTA_VE_CORREDOR_03,3378.55,0.52,A2_O2
intenso,1,FIXO,2463.0,VE_ROTA_VE_CORREDOR_03,3379.33,1.03,A2_O2
intenso,1,FIXO,2464.0,VE_ROTA_VE_CORREDOR_03,3380.72,1.73,A2_O2
intenso,1,FIXO,2465.0,VE_ROTA_VE_CORREDOR_03,3382.90,2.60,A2_O2
intenso,1,FIXO,2466.0,VE_ROTA_VE_CORREDOR_03,3385.97,3.49,A2_O2
intenso,1,FIXO,2467.0,VE_ROTA_VE_CORREDOR_03,3389.93,4.37,A2_O2
intenso,1,FIXO,2468.0,VE_ROTA_VE_CORREDOR_03,3394.77,5.24,A2_O2
intenso,1,FIXO,2469.0,VE_ROTA_VE_CORREDOR_03,3400.45,6.06,A2_O2
intenso,1,FIXO,2470.0,VE_ROTA_VE_CORREDOR_03,3406.93,6.79,A2_O2
intenso,1,FIXO,2471.0,VE_ROTA_VE_CORREDOR_03,3414.16,7.48,A2_O2
intenso,1,FIXO,2472.0,VE_ROTA_VE_CORREDOR_03,3422.09,8.26,A2_O2
intenso,1,FIXO,2473.0,VE_ROTA_VE_CORREDOR_03,3430.64,8.76,A2_O2
intenso,1,FIXO,2474.0,VE_ROTA_VE_CORREDOR_03,3439.76,9.38,A2_O2
intenso,1,FIXO,2475.0,VE_ROTA_VE_CORREDOR_03,3449.43,9.94,A2_O2
intenso,1,FIXO,2476.0,VE_ROTA_VE_CORREDOR_03,3459.58,10.36,A2_O2
intenso,1,FIXO,2477.0,VE_ROTA_VE_CORREDOR_03,3470.22,10.85,:CRUZ_06_4
intenso,1,FIXO,2478.0,VE_ROTA_VE_CORREDOR_03,3481.23,11.20,:CRUZ_06_4
intenso,1,FIXO,2479.0,VE_ROTA_VE_CORREDOR_03,3492.61,11.46,A2_O1
intenso,1,FIXO,2480.0,VE_ROTA_VE_CORREDOR_03,3504.34,11.91,A2_O1
intenso,1,FIXO,2481.0,VE_ROTA_VE_CORREDOR_03,3516.38,12.12,A2_O1
intenso,1,FIXO,2482.0,VE_ROTA_VE_CORREDOR_03,3528.73,12.38,A2_O1
intenso,1,FIXO,2483.0,VE_ROTA_VE_CORREDOR_03,3541.32,12.62,A2_O1
intenso,1,FIXO,2484.0,VE_ROTA_VE_CORREDOR_03,3554.13,12.91,A2_O1
intenso,1,FIXO,2485.0,VE_ROTA_VE_CORREDOR_03,3567.11,13.06,A2_O1
intenso,1,FIXO,2486.0,VE_ROTA_VE_CORREDOR_03,3580.25,13.14,A2_O1
intenso,1,FIXO,2487.0,VE_ROTA_VE_CORREDOR_03,3593.50,13.24,A2_O1
intenso,1,FIXO,2488.0,VE_ROTA_VE_CORREDOR_03,3606.89,13.47,A2_O1
intenso,1,FIXO,2489.0,VE_ROTA_VE_CORREDOR_03,3620.38,13.53,A2_O1
intenso,1,FIXO,2490.0,VE_ROTA_VE_CORREDOR_03,3633.89,13.52,A2_O1
intenso,1,FIXO,2491.0,VE_ROTA_VE_CORREDOR_03,3647.41,13.40,A2_O1
intenso,1,FIXO,2492.0,VE_ROTA_VE_CORREDOR_03,3660.83,13.42,A2_O1
intenso,1,FIXO,2493.0,VE_ROTA_VE_CORREDOR_03,3674.13,13.14,A2_O1
intenso,1,FIXO,2494.0,VE_ROTA_VE_CORREDOR_03,3687.27,12.97,A2_O1
intenso,1,FIXO,2495.0,VE_ROTA_VE_CORREDOR_03,3700.16,12.81,A2_O1
intenso,1,FIXO,2496.0,VE_ROTA_VE_CORREDOR_03,3712.82,12.53,A2_O1
intenso,1,FIXO,2497.0,VE_ROTA_VE_CORREDOR_03,3725.18,12.19,A2_O1
intenso,1,FIXO,2498.0,VE_ROTA_VE_CORREDOR_03,3737.17,11.92,A2_O1
intenso,1,FIXO,2499.0,VE_ROTA_VE_CORREDOR_03,3748.84,11.53,A2_O1
intenso,1,FIXO,2500.0,VE_ROTA_VE_CORREDOR_03,3760.10,11.05,A2_O1
intenso,1,FIXO,2501.0,VE_ROTA_VE_CORREDOR_03,3770.89,10.53,A2_O1
intenso,1,FIXO,2502.0,VE_ROTA_VE_CORREDOR_03,3781.23,10.11,A2_O1
intenso,1,FIXO,2503.0,VE_ROTA_VE_CORREDOR_03,3791.09,9.62,A2_O1
intenso,1,FIXO,2504.0,VE_ROTA_VE_CORREDOR_03,3800.46,9.14,A2_O1
intenso,1,FIXO,2505.0,VE_ROTA_VE_CORREDOR_03,3809.28,8.61,A2_O1
intenso,1,FIXO,2506.0,VE_ROTA_VE_CORREDOR_03,3817.56,8.06,A2_O1
intenso,1,FIXO,2507.0,VE_ROTA_VE_CORREDOR_03,3825.25,7.44,A2_O1
intenso,1,FIXO,2508.0,VE_ROTA_VE_CORREDOR_03,3832.36,6.90,A2_O1
intenso,1,FIXO,2509.0,VE_ROTA_VE_CORREDOR_03,3838.89,6.26,A2_O1
intenso,1,FIXO,2510.0,VE_ROTA_VE_CORREDOR_03,3844.83,5.65,A2_O1
intenso,1,FIXO,2511.0,VE_ROTA_VE_CORREDOR_03,3850.17,5.06,A2_O1
intenso,1,FIXO,2512.0,VE_ROTA_VE_CORREDOR_03,3854.95,4.50,A2_O1
intenso,1,FIXO,2513.0,VE_ROTA_VE_CORREDOR_03,3859.15,3.93,A2_O1
intenso,1,FIXO,2514.0,VE_ROTA_VE_CORREDOR_03,3862.80,3.43,A2_O1
intenso,1,FIXO,2515.0,VE_ROTA_VE_CORREDOR_03,3865.93,2.90,A2_O1
intenso,1,FIXO,2516.0,VE_ROTA_VE_CORREDOR_03,3868.56,2.42,A2_O1
intenso,1,FIXO,2517.0,VE_ROTA_VE_CORREDOR_03,3870.75,2.00,A2_O1
intenso,1,FIXO,2518.0,VE_ROTA_VE_CORREDOR_03,3872.53,1.61,A2_O1
intenso,1,FIXO,2519.0,VE_ROTA_VE_CORREDOR_03,3873.95,1.27,A2_O1
intenso,1,FIXO,2520.0,VE_ROTA_VE_CORREDOR_03,3875.05,0.98,A2_O1
intenso,1,FIXO,2521.0,VE_ROTA_VE_CORREDOR_03,3875.89,0.73,A2_O1
intenso,1,FIXO,2522.0,VE_ROTA_VE_CORREDOR_03,3876.51,0.55,A2_O1
intenso,1,FIXO,2523.0,VE_ROTA_VE_CORREDOR_03,3876.97,0.39,A2_O1
intenso,1,FIXO,2524.0,VE_ROTA_VE_CORREDOR_03,3877.30,0.28,A2_O1
intenso,1,FIXO,2525.0,VE_ROTA_VE_CORREDOR_03,3877.53,0.19,A2_O1
intenso,1,FIXO,2526.0,VE_ROTA_VE_CORREDOR_03,3877.69,0.14,A2_O1
intenso,1,FIXO,2527.0,VE_ROTA_VE_CORREDOR_03,3877.80,0.10,A2_O1
intenso,1,FIXO,2528.0,VE_ROTA_VE_CORREDOR_03,3877.88,0.07,A2_O1
intenso,1,FIXO,2529.0,VE_ROTA_VE_CORREDOR_03,3877.95,0.07,A2_O1
intenso,1,FIXO,2530.0,VE_ROTA_VE_CORREDOR_03,3878.03,0.10,A2_O1
intenso,1,FIXO,2531.0,VE_ROTA_VE_CORREDOR_03,3878.18,0.21,A2_O1
intenso,1,FIXO,2532.0,VE_ROTA_VE_CORREDOR_03,3878.53,0.50,A2_O1
intenso,1,FIXO,2533.0,VE_ROTA_VE_CORREDOR_03,3879.28,1.00,A2_O1
intenso,1,FIXO,2534.0,VE_ROTA_VE_CORREDOR_03,3880.64,1.69,A2_O1
intenso,1,FIXO,2535.0,VE_ROTA_VE_CORREDOR_03,3882.78,2.48,A2_O1
intenso,1,FIXO,2536.0,VE_ROTA_VE_CORREDOR_03,3885.78,3.38,A2_O1
intenso,1,FIXO,2537.0,VE_ROTA_VE_CORREDOR_03,3889.69,4.30,A2_O1
intenso,1,FIXO,2538.0,VE_ROTA_VE_CORREDOR_03,3894.46,5.15,A2_O1
intenso,1,FIXO,2539.0,VE_ROTA_VE_CORREDOR_03,3900.08,6.00,A2_O1
intenso,1,FIXO,2540.0,VE_ROTA_VE_CORREDOR_03,3906.49,6.80,A2_O1
intenso,1,FIXO,2541.0,VE_ROTA_VE_CORREDOR_03,3913.65,7.43,A2_O1
intenso,1,FIXO,2542.0,VE_ROTA_VE_CORREDOR_03,3921.49,8.07,A2_O1
intenso,1,FIXO,2543.0,VE_ROTA_VE_CORREDOR_03,3929.98,8.69,A2_O1
intenso,1,FIXO,2544.0,VE_ROTA_VE_CORREDOR_03,3939.09,9.31,A2_O1
intenso,1,FIXO,2545.0,VE_ROTA_VE_CORREDOR_03,3948.71,9.81,A2_O1
intenso,1,FIXO,2546.0,VE_ROTA_VE_CORREDOR_03,3958.83,10.26,A2_O1
intenso,1,FIXO,2547.0,VE_ROTA_VE_CORREDOR_03,3969.41,10.80,A2_O1
intenso,1,FIXO,2548.0,VE_ROTA_VE_CORREDOR_03,3980.38,11.17,:CRUZ_05_4
intenso,1,FIXO,2549.0,VE_ROTA_VE_CORREDOR_03,3991.75,11.53,A2_O0
intenso,1,FIXO,2550.0,VE_ROTA_VE_CORREDOR_03,4003.47,11.87,A2_O0
intenso,1,FIXO,2551.0,VE_ROTA_VE_CORREDOR_03,4015.52,12.16,A2_O0
intenso,1,FIXO,2552.0,VE_ROTA_VE_CORREDOR_03,4027.85,12.46,A2_O0
intenso,1,FIXO,2553.0,VE_ROTA_VE_CORREDOR_03,4040.42,12.72,A2_O0
intenso,1,FIXO,2554.0,VE_ROTA_VE_CORREDOR_03,4053.21,12.86,A2_O0
intenso,1,FIXO,2555.0,VE_ROTA_VE_CORREDOR_03,4066.16,12.96,A2_O0
intenso,1,FIXO,2556.0,VE_ROTA_VE_CORREDOR_03,4079.29,13.14,A2_O0
intenso,1,FIXO,2557.0,VE_ROTA_VE_CORREDOR_03,4092.53,13.34,A2_O0
intenso,1,FIXO,2558.0,VE_ROTA_VE_CORREDOR_03,4105.90,13.42,A2_O0
intenso,1,FIXO,2559.0,VE_ROTA_VE_CORREDOR_03,4119.38,13.56,A2_O0
intenso,1,FIXO,2560.0,VE_ROTA_VE_CORREDOR_03,4132.94,13.57,A2_O0
intenso,1,FIXO,2561.0,VE_ROTA_VE_CORREDOR_03,4146.61,13.66,A2_O0
intenso,1,FIXO,2562.0,VE_ROTA_VE_CORREDOR_03,4160.32,13.70,A2_O0
intenso,1,FIXO,2563.0,VE_ROTA_VE_CORREDOR_03,4174.10,13.77,A2_O0
intenso,1,FIXO,2564.0,VE_ROTA_VE_CORREDOR_03,4187.94,13.80,A2_O0
intenso,1,FIXO,2565.0,VE_ROTA_VE_CORREDOR_03,4201.84,13.90,A2_O0
intenso,1,FIXO,2566.0,VE_ROTA_VE_CORREDOR_03,4215.78,13.98,A2_O0
intenso,1,FIXO,2567.0,VE_ROTA_VE_CORREDOR_03,4229.73,13.98,A2_O0
intenso,1,FIXO,2568.0,VE_ROTA_VE_CORREDOR_03,4243.75,14.01,A2_O0
intenso,1,FIXO,2569.0,VE_ROTA_VE_CORREDOR_03,4257.76,13.98,A2_O0
intenso,1,FIXO,2570.0,VE_ROTA_VE_CORREDOR_03,4271.77,14.03,A2_O0
intenso,1,FIXO,2571.0,VE_ROTA_VE_CORREDOR_03,4285.81,14.12,A2_O0
intenso,1,FIXO,2572.0,VE_ROTA_VE_CORREDOR_03,4299.86,14.07,A2_O0
intenso,1,FIXO,2573.0,VE_ROTA_VE_CORREDOR_03,4313.94,14.06,A2_O0
intenso,1,FIXO,2574.0,VE_ROTA_VE_CORREDOR_03,4328.03,14.03,A2_O0
intenso,1,FIXO,2575.0,VE_ROTA_VE_CORREDOR_03,4342.13,14.16,A2_O0
intenso,1,FIXO,2576.0,VE_ROTA_VE_CORREDOR_03,4356.55,14.66,A2_O0
intenso,1,FIXO,2577.0,VE_ROTA_VE_CORREDOR_03,4371.31,14.86,A2_O0
intenso,1,FIXO,2578.0,VE_ROTA_VE_CORREDOR_03,4386.16,14.87,A2_O0
intenso,1,FIXO,2579.0,VE_ROTA_VE_CORREDOR_03,4401.13,15.19,A2_O0
intenso,1,FIXO,2580.0,VE_ROTA_VE_CORREDOR_03,4416.82,15.92,A2_O0
intenso,1,FIXO,2581.0,VE_ROTA_VE_CORREDOR_03,4432.92,16.36,A2_O0
intenso,1,FIXO,2582.0,VE_ROTA_VE_CORREDOR_03,4449.27,16.36,A2_O0
intenso,1,FIXO,2583.0,VE_ROTA_VE_CORREDOR_03,4466.29,18.16,A2_O0
intenso,1,FIXO,2701.0,VE_ROTA_VE_CORREDOR_04,19.49,21.66,A1_L0
intenso,1,FIXO,2702.0,VE_ROTA_VE_CORREDOR_04,41.15,21.66,A1_L0
intenso,1,FIXO,2703.0,VE_ROTA_VE_CORREDOR_04,62.52,20.92,A1_L0
intenso,1,FIXO,2704.0,VE_ROTA_VE_CORREDOR_04,82.84,19.84,A1_L0
intenso,1,FIXO,2705.0,VE_ROTA_VE_CORREDOR_04,102.20,18.96,A1_L0
intenso,1,FIXO,2706.0,VE_ROTA_VE_CORREDOR_04,120.75,18.24,A1_L0
intenso,1,FIXO,2707.0,VE_ROTA_VE_CORREDOR_04,138.63,17.64,A1_L0
intenso,1,FIXO,2708.0,VE_ROTA_VE_CORREDOR_04,155.96,17.10,A1_L0
intenso,1,FIXO,2709.0,VE_ROTA_VE_CORREDOR_04,172.82,16.73,A1_L0
intenso,1,FIXO,2710.0,VE_ROTA_VE_CORREDOR_04,189.31,16.33,A1_L0
intenso,1,FIXO,2711.0,VE_ROTA_VE_CORREDOR_04,205.52,16.10,A1_L0
intenso,1,FIXO,2712.0,VE_ROTA_VE_CORREDOR_04,221.50,15.88,A1_L0
intenso,1,FIXO,2713.0,VE_ROTA_VE_CORREDOR_04,237.30,15.76,A1_L0
intenso,1,FIXO,2714.0,VE_ROTA_VE_CORREDOR_04,252.95,15.55,A1_L0
intenso,1,FIXO,2715.0,VE_ROTA_VE_CORREDOR_04,268.49,15.51,A1_L0
intenso,1,FIXO,2716.0,VE_ROTA_VE_CORREDOR_04,283.97,15.43,A1_L0
intenso,1,FIXO,2717.0,VE_ROTA_VE_CORREDOR_04,299.35,15.36,A1_L0
intenso,1,FIXO,2718.0,VE_ROTA_VE_CORREDOR_04,314.65,15.25,A1_L0
intenso,1,FIXO,2719.0,VE_ROTA_VE_CORREDOR_04,329.94,15.25,A1_L0
intenso,1,FIXO,2720.0,VE_ROTA_VE_CORREDOR_04,345.18,15.20,A1_L0
intenso,1,FIXO,2721.0,VE_ROTA_VE_CORREDOR_04,360.40,15.20,A1_L0
intenso,1,FIXO,2722.0,VE_ROTA_VE_CORREDOR_04,375.58,15.16,A1_L0
intenso,1,FIXO,2723.0,VE_ROTA_VE_CORREDOR_04,390.12,13.61,A1_L0
intenso,1,FIXO,2724.0,VE_ROTA_VE_CORREDOR_04,402.49,11.37,A1_L0
intenso,1,FIXO,2725.0,VE_ROTA_VE_CORREDOR_04,412.78,9.38,A1_L0
intenso,1,FIXO,2726.0,VE_ROTA_VE_CORREDOR_04,421.16,7.53,A1_L0
intenso,1,FIXO,2727.0,VE_ROTA_VE_CORREDOR_04,427.79,5.89,A1_L0
intenso,1,FIXO,2728.0,VE_ROTA_VE_CORREDOR_04,432.81,4.36,A1_L0
intenso,1,FIXO,2729.0,VE_ROTA_VE_CORREDOR_04,436.43,3.04,A1_L0
intenso,1,FIXO,2730.0,VE_ROTA_VE_CORREDOR_04,438.85,1.96,A1_L0
intenso,1,FIXO,2731.0,VE_ROTA_VE_CORREDOR_04,440.35,1.17,A1_L0
intenso,1,FIXO,2732.0,VE_ROTA_VE_CORREDOR_04,441.21,0.65,A1_L0
intenso,1,FIXO,2733.0,VE_ROTA_VE_CORREDOR_04,441.69,0.36,A1_L0
intenso,1,FIXO,2734.0,VE_ROTA_VE_CORREDOR_04,442.00,0.30,A1_L0
intenso,1,FIXO,2735.0,VE_ROTA_VE_CORREDOR_04,442.42,0.59,A1_L0
intenso,1,FIXO,2736.0,VE_ROTA_VE_CORREDOR_04,443.37,1.33,A1_L0
intenso,1,FIXO,2737.0,VE_ROTA_VE_CORREDOR_04,445.30,2.52,A1_L0
intenso,1,FIXO,2738.0,VE_ROTA_VE_CORREDOR_04,448.57,3.96,A1_L0
intenso,1,FIXO,2739.0,VE_ROTA_VE_CORREDOR_04,453.42,5.57,A1_L0
intenso,1,FIXO,2740.0,VE_ROTA_VE_CORREDOR_04,459.88,7.14,A1_L0
intenso,1,FIXO,2741.0,VE_ROTA_VE_CORREDOR_04,467.65,8.25,A1_L0
intenso,1,FIXO,2742.0,VE_ROTA_VE_CORREDOR_04,476.47,9.24,A1_L0
intenso,1,FIXO,2743.0,VE_ROTA_VE_CORREDOR_04,486.10,9.91,:CRUZ_01_11
intenso,1,FIXO,2744.0,VE_ROTA_VE_CORREDOR_04,496.41,10.54,:CRUZ_01_11
intenso,1,FIXO,2745.0,VE_ROTA_VE_CORREDOR_04,507.28,11.03,A1_L1
intenso,1,FIXO,2746.0,VE_ROTA_VE_CORREDOR_04,518.62,11.51,A1_L1
intenso,1,FIXO,2747.0,VE_ROTA_VE_CORREDOR_04,530.33,11.86,A1_L1
intenso,1,FIXO,2748.0,VE_ROTA_VE_CORREDOR_04,542.40,12.23,A1_L1
intenso,1,FIXO,2749.0,VE_ROTA_VE_CORREDOR_04,554.75,12.46,A1_L1
intenso,1,FIXO,2750.0,VE_ROTA_VE_CORREDOR_04,567.32,12.67,A1_L1
intenso,1,FIXO,2751.0,VE_ROTA_VE_CORREDOR_04,580.12,12.89,A1_L1
intenso,1,FIXO,2752.0,VE_ROTA_VE_CORREDOR_04,593.06,13.04,A1_L1
intenso,1,FIXO,2753.0,VE_ROTA_VE_CORREDOR_04,606.12,13.10,A1_L1
intenso,1,FIXO,2754.0,VE_ROTA_VE_CORREDOR_04,619.35,13.27,A1_L1
intenso,1,FIXO,2755.0,VE_ROTA_VE_CORREDOR_04,632.66,13.34,A1_L1
intenso,1,FIXO,2756.0,VE_ROTA_VE_CORREDOR_04,646.06,13.39,A1_L1
intenso,1,FIXO,2757.0,VE_ROTA_VE_CORREDOR_04,659.56,13.51,A1_L1
intenso,1,FIXO,2758.0,VE_ROTA_VE_CORREDOR_04,673.10,13.63,A1_L1
intenso,1,FIXO,2759.0,VE_ROTA_VE_CORREDOR_04,686.69,13.61,A1_L1
intenso,1,FIXO,2760.0,VE_ROTA_VE_CORREDOR_04,700.34,13.60,A1_L1
intenso,1,FIXO,2761.0,VE_ROTA_VE_CORREDOR_04,714.03,13.66,A1_L1
intenso,1,FIXO,2762.0,VE_ROTA_VE_CORREDOR_04,727.74,13.70,A1_L1
intenso,1,FIXO,2763.0,VE_ROTA_VE_CORREDOR_04,741.50,13.73,A1_L1
intenso,1,FIXO,2764.0,VE_ROTA_VE_CORREDOR_04,755.26,13.77,A1_L1
intenso,1,FIXO,2765.0,VE_ROTA_VE_CORREDOR_04,769.02,13.82,A1_L1
intenso,1,FIXO,2766.0,VE_ROTA_VE_CORREDOR_04,782.81,13.79,A1_L1
intenso,1,FIXO,2767.0,VE_ROTA_VE_CORREDOR_04,796.64,13.89,A1_L1
intenso,1,FIXO,2768.0,VE_ROTA_VE_CORREDOR_04,810.46,13.78,A1_L1
intenso,1,FIXO,2769.0,VE_ROTA_VE_CORREDOR_04,824.09,13.45,A1_L1
intenso,1,FIXO,2770.0,VE_ROTA_VE_CORREDOR_04,837.17,12.80,A1_L1
intenso,1,FIXO,2771.0,VE_ROTA_VE_CORREDOR_04,849.61,12.16,A1_L1
intenso,1,FIXO,2772.0,VE_ROTA_VE_CORREDOR_04,861.37,11.46,A1_L1
intenso,1,FIXO,2773.0,VE_ROTA_VE_CORREDOR_04,872.36,10.66,A1_L1
intenso,1,FIXO,2774.0,VE_ROTA_VE_CORREDOR_04,882.57,9.82,A1_L1
intenso,1,FIXO,2775.0,VE_ROTA_VE_CORREDOR_04,891.95,8.95,A1_L1
intenso,1,FIXO,2776.0,VE_ROTA_VE_CORREDOR_04,900.48,8.12,A1_L1
intenso,1,FIXO,2777.0,VE_ROTA_VE_CORREDOR_04,908.12,7.24,A1_L1
intenso,1,FIXO,2778.0,VE_ROTA_VE_CORREDOR_04,914.86,6.36,A1_L1
intenso,1,FIXO,2779.0,VE_ROTA_VE_CORREDOR_04,920.71,5.47,A1_L1
intenso,1,FIXO,2780.0,VE_ROTA_VE_CORREDOR_04,925.71,4.57,A1_L1
intenso,1,FIXO,2781.0,VE_ROTA_VE_CORREDOR_04,929.85,3.80,A1_L1
intenso,1,FIXO,2782.0,VE_ROTA_VE_CORREDOR_04,933.19,3.01,A1_L1
intenso,1,FIXO,2783.0,VE_ROTA_VE_CORREDOR_04,935.82,2.33,A1_L1
intenso,1,FIXO,2784.0,VE_ROTA_VE_CORREDOR_04,937.81,1.73,A1_L1
intenso,1,FIXO,2785.0,VE_ROTA_VE_CORREDOR_04,939.26,1.24,A1_L1
intenso,1,FIXO,2786.0,VE_ROTA_VE_CORREDOR_04,940.28,0.85,A1_L1
intenso,1,FIXO,2787.0,VE_ROTA_VE_CORREDOR_04,940.97,0.57,A1_L1
intenso,1,FIXO,2788.0,VE_ROTA_VE_CORREDOR_04,941.43,0.37,A1_L1
intenso,1,FIXO,2789.0,VE_ROTA_VE_CORREDOR_04,941.72,0.23,A1_L1
intenso,1,FIXO,2790.0,VE_ROTA_VE_CORREDOR_04,941.90,0.14,A1_L1
intenso,1,FIXO,2791.0,VE_ROTA_VE_CORREDOR_04,942.01,0.09,A1_L1
intenso,1,FIXO,2792.0,VE_ROTA_VE_CORREDOR_04,942.08,0.06,A1_L1
intenso,1,FIXO,2793.0,VE_ROTA_VE_CORREDOR_04,942.12,0.03,A1_L1
intenso,1,FIXO,2794.0,VE_ROTA_VE_CORREDOR_04,942.15,0.02,A1_L1
intenso,1,FIXO,2795.0,VE_ROTA_VE_CORREDOR_04,942.17,0.01,A1_L1
intenso,1,FIXO,2796.0,VE_ROTA_VE_CORREDOR_04,942.18,0.01,A1_L1
intenso,1,FIXO,2797.0,VE_ROTA_VE_CORREDOR_04,942.18,0.00,A1_L1
intenso,1,FIXO,2798.0,VE_ROTA_VE_CORREDOR_04,942.19,0.00,A1_L1
intenso,1,FIXO,2799.0,VE_ROTA_VE_CORREDOR_04,942.19,0.00,A1_L1
intenso,1,FIXO,2800.0,VE_ROTA_VE_CORREDOR_04,942.19,0.00,A1_L1
intenso,1,FIXO,2801.0,VE_ROTA_VE_CORREDOR_04,942.19,0.00,A1_L1
intenso,1,FIXO,2802.0,VE_ROTA_VE_CORREDOR_04,942.19,0.00,A1_L1
intenso,1,FIXO,2803.0,VE_ROTA_VE_CORREDOR_04,942.20,0.02,A1_L1
intenso,1,FIXO,2804.0,VE_ROTA_VE_CORREDOR_04,942.27,0.13,A1_L1
intenso,1,FIXO,2805.0,VE_ROTA_VE_CORREDOR_04,942.57,0.49,A1_L1
intenso,1,FIXO,2806.0,VE_ROTA_VE_CORREDOR_04,943.44,1.23,A1_L1
intenso,1,FIXO,2807.0,VE_ROTA_VE_CORREDOR_04,945.26,2.32,A1_L1
intenso,1,FIXO,2808.0,VE_ROTA_VE_CORREDOR_04,948.39,3.78,A1_L1
intenso,1,FIXO,2809.0,VE_ROTA_VE_CORREDOR_04,953.05,5.39,A1_L1
intenso,1,FIXO,2810.0,VE_ROTA_VE_CORREDOR_04,959.22,6.76,A1_L1
intenso,1,FIXO,2811.0,VE_ROTA_VE_CORREDOR_04,966.56,7.88,A1_L1
intenso,1,FIXO,2812.0,VE_ROTA_VE_CORREDOR_04,974.90,8.80,A1_L1
intenso,1,FIXO,2813.0,VE_ROTA_VE_CORREDOR_04,984.06,9.48,A1_L1
intenso,1,FIXO,2814.0,VE_ROTA_VE_CORREDOR_04,993.95,10.18,:CRUZ_02_11
intenso,1,FIXO,2815.0,VE_ROTA_VE_CORREDOR_04,1004.45,10.75,A1_L2
intenso,1,FIXO,2816.0,VE_ROTA_VE_CORREDOR_04,1015.47,11.24,A1_L2
intenso,1,FIXO,2817.0,VE_ROTA_VE_CORREDOR_04,1026.93,11.62,A1_L2
intenso,1,FIXO,2818.0,VE_ROTA_VE_CORREDOR_04,1038.75,11.95,A1_L2
intenso,1,FIXO,2819.0,VE_ROTA_VE_CORREDOR_04,1050.91,12.25,A1_L2
intenso,1,FIXO,2820.0,VE_ROTA_VE_CORREDOR_04,1063.31,12.53,A1_L2
intenso,1,FIXO,2821.0,VE_ROTA_VE_CORREDOR_04,1075.94,12.72,A1_L2
intenso,1,FIXO,2822.0,VE_ROTA_VE_CORREDOR_04,1088.78,12.89,A1_L2
intenso,1,FIXO,2823.0,VE_ROTA_VE_CORREDOR_04,1101.78,13.07,A1_L2
intenso,1,FIXO,2824.0,VE_ROTA_VE_CORREDOR_04,1114.89,13.20,A1_L2
intenso,1,FIXO,2825.0,VE_ROTA_VE_CORREDOR_04,1128.13,13.27,A1_L2
intenso,1,FIXO,2826.0,VE_ROTA_VE_CORREDOR_04,1141.44,13.33,A1_L2
intenso,1,FIXO,2827.0,VE_ROTA_VE_CORREDOR_04,1154.84,13.45,A1_L2
intenso,1,FIXO,2828.0,VE_ROTA_VE_CORREDOR_04,1168.31,13.46,A1_L2
intenso,1,FIXO,2829.0,VE_ROTA_VE_CORREDOR_04,1181.85,13.49,A1_L2
intenso,1,FIXO,2830.0,VE_ROTA_VE_CORREDOR_04,1195.45,13.65,A1_L2
intenso,1,FIXO,2831.0,VE_ROTA_VE_CORREDOR_04,1209.11,13.65,A1_L2
intenso,1,FIXO,2832.0,VE_ROTA_VE_CORREDOR_04,1222.77,13.72,A1_L2
intenso,1,FIXO,2833.0,VE_ROTA_VE_CORREDOR_04,1236.49,13.69,A1_L2
intenso,1,FIXO,2834.0,VE_ROTA_VE_CORREDOR_04,1250.23,13.75,A1_L2
intenso,1,FIXO,2835.0,VE_ROTA_VE_CORREDOR_04,1263.98,13.80,A1_L2
intenso,1,FIXO,2836.0,VE_ROTA_VE_CORREDOR_04,1277.75,13.81,A1_L2
intenso,1,FIXO,2837.0,VE_ROTA_VE_CORREDOR_04,1291.56,13.80,A1_L2
intenso,1,FIXO,2838.0,VE_ROTA_VE_CORREDOR_04,1305.37,13.91,A1_L2
intenso,1,FIXO,2839.0,VE_ROTA_VE_CORREDOR_04,1318.97,13.38,A1_L2
intenso,1,FIXO,2840.0,VE_ROTA_VE_CORREDOR_04,1332.02,12.74,A1_L2
intenso,1,FIXO,2841.0,VE_ROTA_VE_CORREDOR_04,1344.48,12.21,A1_L2
intenso,1,FIXO,2842.0,VE_ROTA_VE_CORREDOR_04,1356.29,11.47,A1_L2
intenso,1,FIXO,2843.0,VE_ROTA_VE_CORREDOR_04,1367.39,10.78,A1_L2
intenso,1,FIXO,2844.0,VE_ROTA_VE_CORREDOR_04,1377.78,10.07,A1_L2
intenso,1,FIXO,2845.0,VE_ROTA_VE_CORREDOR_04,1387.39,9.25,A1_L2
intenso,1,FIXO,2846.0,VE_ROTA_VE_CORREDOR_04,1396.16,8.40,A1_L2
intenso,1,FIXO,2847.0,VE_ROTA_VE_CORREDOR_04,1404.11,7.59,A1_L2
intenso,1,FIXO,2848.0,VE_ROTA_VE_CORREDOR_04,1411.20,6.69,A1_L2
intenso,1,FIXO,2849.0,VE_ROTA_VE_CORREDOR_04,1417.45,5.85,A1_L2
intenso,1,FIXO,2850.0,VE_ROTA_VE_CORREDOR_04,1422.84,5.01,A1_L2
intenso,1,FIXO,2851.0,VE_ROTA_VE_CORREDOR_04,1427.39,4.17,A1_L2
intenso,1,FIXO,2852.0,VE_ROTA_VE_CORREDOR_04,1431.15,3.43,A1_L2
intenso,1,FIXO,2853.0,VE_ROTA_VE_CORREDOR_04,1434.16,2.69,A1_L2
intenso,1,FIXO,2854.0,VE_ROTA_VE_CORREDOR_04,1436.52,2.09,A1_L2
intenso,1,FIXO,2855.0,VE_ROTA_VE_CORREDOR_04,1438.30,1.53,A1_L2
intenso,1,FIXO,2856.0,VE_ROTA_VE_CORREDOR_04,1439.58,1.10,A1_L2
intenso,1,FIXO,2857.0,VE_ROTA_VE_CORREDOR_04,1440.49,0.75,A1_L2
intenso,1,FIXO,2858.0,VE_ROTA_VE_CORREDOR_04,1441.10,0.51,A1_L2
intenso,1,FIXO,2859.0,VE_ROTA_VE_CORREDOR_04,1441.50,0.33,A1_L2
intenso,1,FIXO,2860.0,VE_ROTA_VE_CORREDOR_04,1441.76,0.21,A1_L2
intenso,1,FIXO,2861.0,VE_ROTA_VE_CORREDOR_04,1441.92,0.13,A1_L2
intenso,1,FIXO,2862.0,VE_ROTA_VE_CORREDOR_04,1442.02,0.08,A1_L2
intenso,1,FIXO,2863.0,VE_ROTA_VE_CORREDOR_04,1442.09,0.05,A1_L2
intenso,1,FIXO,2864.0,VE_ROTA_VE_CORREDOR_04,1442.13,0.03,A1_L2
intenso,1,FIXO,2865.0,VE_ROTA_VE_CORREDOR_04,1442.15,0.02,A1_L2
intenso,1,FIXO,2866.0,VE_ROTA_VE_CORREDOR_04,1442.17,0.01,A1_L2
intenso,1,FIXO,2867.0,VE_ROTA_VE_CORREDOR_04,1442.18,0.01,A1_L2
intenso,1,FIXO,2868.0,VE_ROTA_VE_CORREDOR_04,1442.18,0.00,A1_L2
intenso,1,FIXO,2869.0,VE_ROTA_VE_CORREDOR_04,1442.19,0.00,A1_L2
intenso,1,FIXO,2870.0,VE_ROTA_VE_CORREDOR_04,1442.19,0.00,A1_L2
intenso,1,FIXO,2871.0,VE_ROTA_VE_CORREDOR_04,1442.19,0.00,A1_L2
intenso,1,FIXO,2872.0,VE_ROTA_VE_CORREDOR_04,1442.19,0.00,A1_L2
intenso,1,FIXO,2873.0,VE_ROTA_VE_CORREDOR_04,1442.20,0.02,A1_L2
intenso,1,FIXO,2874.0,VE_ROTA_VE_CORREDOR_04,1442.27,0.14,A1_L2
intenso,1,FIXO,2875.0,VE_ROTA_VE_CORREDOR_04,1442.60,0.52,A1_L2
intenso,1,FIXO,2876.0,VE_ROTA_VE_CORREDOR_04,1443.52,1.31,A1_L2
intenso,1,FIXO,2877.0,VE_ROTA_VE_CORREDOR_04,1445.46,2.50,A1_L2
intenso,1,FIXO,2878.0,VE_ROTA_VE_CORREDOR_04,1448.74,3.95,A1_L2
intenso,1,FIXO,2879.0,VE_ROTA_VE_CORREDOR_04,1453.59,5.58,A1_L2
intenso,1,FIXO,2880.0,VE_ROTA_VE_CORREDOR_04,1459.92,6.90,A1_L2
intenso,1,FIXO,2881.0,VE_ROTA_VE_CORREDOR_04,1467.40,7.96,A1_L2
intenso,1,FIXO,2882.0,VE_ROTA_VE_CORREDOR_04,1475.86,8.85,A1_L2
intenso,1,FIXO,2883.0,VE_ROTA_VE_CORREDOR_04,1485.14,9.56,A1_L2
intenso,1,FIXO,2884.0,VE_ROTA_VE_CORREDOR_04,1495.11,10.23,:CRUZ_03_11
intenso,1,FIXO,2885.0,VE_ROTA_VE_CORREDOR_04,1505.69,10.84,A1_L3
intenso,1,FIXO,2886.0,VE_ROTA_VE_CORREDOR_04,1516.77,11.27,A1_L3
intenso,1,FIXO,2887.0,VE_ROTA_VE_CORREDOR_04,1528.30,11.66,A1_L3
intenso,1,FIXO,2888.0,VE_ROTA_VE_CORREDOR_04,1540.18,11.99,A1_L3
intenso,1,FIXO,2889.0,VE_ROTA_VE_CORREDOR_04,1552.38,12.27,A1_L3
intenso,1,FIXO,2890.0,VE_ROTA_VE_CORREDOR_04,1564.82,12.54,A1_L3
intenso,1,FIXO,2891.0,VE_ROTA_VE_CORREDOR_04,1577.47,12.78,A1_L3
intenso,1,FIXO,2892.0,VE_ROTA_VE_CORREDOR_04,1590.32,12.87,A1_L3
intenso,1,FIXO,2893.0,VE_ROTA_VE_CORREDOR_04,1603.36,13.11,A1_L3
intenso,1,FIXO,2894.0,VE_ROTA_VE_CORREDOR_04,1616.47,13.14,A1_L3
intenso,1,FIXO,2895.0,VE_ROTA_VE_CORREDOR_04,1629.71,13.31,A1_L3
intenso,1,FIXO,2896.0,VE_ROTA_VE_CORREDOR_04,1643.08,13.45,A1_L3
intenso,1,FIXO,2897.0,VE_ROTA_VE_CORREDOR_04,1656.50,13.45,A1_L3
intenso,1,FIXO,2898.0,VE_ROTA_VE_CORREDOR_04,1670.01,13.43,A1_L3
intenso,1,FIXO,2899.0,VE_ROTA_VE_CORREDOR_04,1683.56,13.53,A1_L3
intenso,1,FIXO,2900.0,VE_ROTA_VE_CORREDOR_04,1697.16,13.64,A1_L3
intenso,1,FIXO,2901.0,VE_ROTA_VE_CORREDOR_04,1710.81,13.67,A1_L3
intenso,1,FIXO,2902.0,VE_ROTA_VE_CORREDOR_04,1724.52,13.66,A1_L3
intenso,1,FIXO,2903.0,VE_ROTA_VE_CORREDOR_04,1738.25,13.76,A1_L3
intenso,1,FIXO,2904.0,VE_ROTA_VE_CORREDOR_04,1751.99,13.82,A1_L3
intenso,1,FIXO,2905.0,VE_ROTA_VE_CORREDOR_04,1765.73,13.71,A1_L3
intenso,1,FIXO,2906.0,VE_ROTA_VE_CORREDOR_04,1779.54,13.86,A1_L3
intenso,1,FIXO,2907.0,VE_ROTA_VE_CORREDOR_04,1793.35,13.82,A1_L3
intenso,1,FIXO,2908.0,VE_ROTA_VE_CORREDOR_04,1807.16,13.83,A1_L3
intenso,1,FIXO,2909.0,VE_ROTA_VE_CORREDOR_04,1820.67,13.28,A1_L3
intenso,1,FIXO,2910.0,VE_ROTA_VE_CORREDOR_04,1833.67,12.65,A1_L3
intenso,1,FIXO,2911.0,VE_ROTA_VE_CORREDOR_04,1846.03,12.02,A1_L3
intenso,1,FIXO,2912.0,VE_ROTA_VE_CORREDOR_04,1857.77,11.48,A1_L3
intenso,1,FIXO,2913.0,VE_ROTA_VE_CORREDOR_04,1868.80,10.68,A1_L3
intenso,1,FIXO,2914.0,VE_ROTA_VE_CORREDOR_04,1879.08,9.87,A1_L3
intenso,1,FIXO,2915.0,VE_ROTA_VE_CORREDOR_04,1888.58,9.13,A1_L3
intenso,1,FIXO,2916.0,VE_ROTA_VE_CORREDOR_04,1897.27,8.29,A1_L3
intenso,1,FIXO,2917.0,VE_ROTA_VE_CORREDOR_04,1905.10,7.47,A1_L3
intenso,1,FIXO,2918.0,VE_ROTA_VE_CORREDOR_04,1912.07,6.57,A1_L3
intenso,1,FIXO,2919.0,VE_ROTA_VE_CORREDOR_04,1918.21,5.73,A1_L3
intenso,1,FIXO,2920.0,VE_ROTA_VE_CORREDOR_04,1923.48,4.89,A1_L3
intenso,1,FIXO,2921.0,VE_ROTA_VE_CORREDOR_04,1927.93,4.09,A1_L3
intenso,1,FIXO,2922.0,VE_ROTA_VE_CORREDOR_04,1931.58,3.30,A1_L3
intenso,1,FIXO,2923.0,VE_ROTA_VE_CORREDOR_04,1934.51,2.63,A1_L3
intenso,1,FIXO,2924.0,VE_ROTA_VE_CORREDOR_04,1936.79,2.01,A1_L3
intenso,1,FIXO,2925.0,VE_ROTA_VE_CORREDOR_04,1938.50,1.48,A1_L3
intenso,1,FIXO,2926.0,VE_ROTA_VE_CORREDOR_04,1939.73,1.05,A1_L3
intenso,1,FIXO,2927.0,VE_ROTA_VE_CORREDOR_04,1940.59,0.72,A1_L3
intenso,1,FIXO,2928.0,VE_ROTA_VE_CORREDOR_04,1941.17,0.48,A1_L3
intenso,1,FIXO,2929.0,VE_ROTA_VE_CORREDOR_04,1941.55,0.30,A1_L3
intenso,1,FIXO,2930.0,VE_ROTA_VE_CORREDOR_04,1941.79,0.19,A1_L3
intenso,1,FIXO,2931.0,VE_ROTA_VE_CORREDOR_04,1941.94,0.12,A1_L3
intenso,1,FIXO,2932.0,VE_ROTA_VE_CORREDOR_04,1942.04,0.08,A1_L3
intenso,1,FIXO,2933.0,VE_ROTA_VE_CORREDOR_04,1942.10,0.05,A1_L3
intenso,1,FIXO,2934.0,VE_ROTA_VE_CORREDOR_04,1942.13,0.03,A1_L3
intenso,1,FIXO,2935.0,VE_ROTA_VE_CORREDOR_04,1942.16,0.02,A1_L3
intenso,1,FIXO,2936.0,VE_ROTA_VE_CORREDOR_04,1942.17,0.01,A1_L3
intenso,1,FIXO,2937.0,VE_ROTA_VE_CORREDOR_04,1942.18,0.01,A1_L3
intenso,1,FIXO,2938.0,VE_ROTA_VE_CORREDOR_04,1942.18,0.00,A1_L3
intenso,1,FIXO,2939.0,VE_ROTA_VE_CORREDOR_04,1942.19,0.00,A1_L3
intenso,1,FIXO,2940.0,VE_ROTA_VE_CORREDOR_04,1942.19,0.00,A1_L3
intenso,1,FIXO,2941.0,VE_ROTA_VE_CORREDOR_04,1942.19,0.00,A1_L3
intenso,1,FIXO,2942.0,VE_ROTA_VE_CORREDOR_04,1942.19,0.00,A1_L3
intenso,1,FIXO,2943.0,VE_ROTA_VE_CORREDOR_04,1942.20,0.02,A1_L3
intenso,1,FIXO,2944.0,VE_ROTA_VE_CORREDOR_04,1942.28,0.15,A1_L3
intenso,1,FIXO,2945.0,VE_ROTA_VE_CORREDOR_04,1942.63,0.58,A1_L3
intenso,1,FIXO,2946.0,VE_ROTA_VE_CORREDOR_04,1943.62,1.43,A1_L3
intenso,1,FIXO,2947.0,VE_ROTA_VE_CORREDOR_04,1945.64,2.57,A1_L3
intenso,1,FIXO,2948.0,VE_ROTA_VE_CORREDOR_04,1949.03,4.10,A1_L3
intenso,1,FIXO,2949.0,VE_ROTA_VE_CORREDOR_04,1953.99,5.75,A1_L3
intenso,1,FIXO,2950.0,VE_ROTA_VE_CORREDOR_04,1960.45,7.06,A1_L3
intenso,1,FIXO,2951.0,VE_ROTA_VE_CORREDOR_04,1968.06,8.04,A1_L3
intenso,1,FIXO,2952.0,VE_ROTA_VE_CORREDOR_04,1976.64,8.94,A1_L3
intenso,1,FIXO,2953.0,VE_ROTA_VE_CORREDOR_04,1985.87,8.45,:CRUZ_04_10
intenso,1,FIXO,2954.0,VE_ROTA_VE_CORREDOR_04,1994.32,8.45,T4_S1
intenso,1,FIXO,2955.0,VE_ROTA_VE_CORREDOR_04,2004.32,11.28,T4_S1
intenso,1,FIXO,2956.0,VE_ROTA_VE_CORREDOR_04,2017.13,14.07,T4_S1
intenso,1,FIXO,2957.0,VE_ROTA_VE_CORREDOR_04,2031.54,14.42,T4_S1
intenso,1,FIXO,2958.0,VE_ROTA_VE_CORREDOR_04,2045.97,14.43,T4_S1
intenso,1,FIXO,2959.0,VE_ROTA_VE_CORREDOR_04,2060.40,14.44,T4_S1
intenso,1,FIXO,2960.0,VE_ROTA_VE_CORREDOR_04,2074.83,14.41,T4_S1
intenso,1,FIXO,2961.0,VE_ROTA_VE_CORREDOR_04,2089.26,14.44,T4_S1
intenso,1,FIXO,2962.0,VE_ROTA_VE_CORREDOR_04,2103.68,14.42,T4_S1
intenso,1,FIXO,2963.0,VE_ROTA_VE_CORREDOR_04,2118.11,14.42,T4_S1
intenso,1,FIXO,2964.0,VE_ROTA_VE_CORREDOR_04,2132.54,14.42,T4_S1
intenso,1,FIXO,2965.0,VE_ROTA_VE_CORREDOR_04,2146.96,14.43,T4_S1
intenso,1,FIXO,2966.0,VE_ROTA_VE_CORREDOR_04,2161.39,14.42,T4_S1
intenso,1,FIXO,2967.0,VE_ROTA_VE_CORREDOR_04,2175.82,14.44,T4_S1
intenso,1,FIXO,2968.0,VE_ROTA_VE_CORREDOR_04,2190.25,14.42,T4_S1
intenso,1,FIXO,2969.0,VE_ROTA_VE_CORREDOR_04,2204.68,14.44,T4_S1
intenso,1,FIXO,2970.0,VE_ROTA_VE_CORREDOR_04,2219.10,14.44,T4_S1
intenso,1,FIXO,2971.0,VE_ROTA_VE_CORREDOR_04,2233.53,14.44,T4_S1
intenso,1,FIXO,2972.0,VE_ROTA_VE_CORREDOR_04,2247.96,14.43,T4_S1
intenso,1,FIXO,2973.0,VE_ROTA_VE_CORREDOR_04,2262.39,14.44,T4_S1
intenso,1,FIXO,2974.0,VE_ROTA_VE_CORREDOR_04,2276.82,14.43,T4_S1
intenso,1,FIXO,2975.0,VE_ROTA_VE_CORREDOR_04,2291.24,14.41,T4_S1
intenso,1,FIXO,2976.0,VE_ROTA_VE_CORREDOR_04,2305.67,14.42,T4_S1
intenso,1,FIXO,2977.0,VE_ROTA_VE_CORREDOR_04,2320.10,14.42,T4_S1
intenso,1,FIXO,2978.0,VE_ROTA_VE_CORREDOR_04,2334.52,14.44,T4_S1
intenso,1,FIXO,2979.0,VE_ROTA_VE_CORREDOR_04,2348.71,13.53,T4_S1
intenso,1,FIXO,2980.0,VE_ROTA_VE_CORREDOR_04,2361.12,11.52,T4_S1
intenso,1,FIXO,2981.0,VE_ROTA_VE_CORREDOR_04,2371.63,9.70,T4_S1
intenso,1,FIXO,2982.0,VE_ROTA_VE_CORREDOR_04,2380.49,8.18,T4_S1
intenso,1,FIXO,2983.0,VE_ROTA_VE_CORREDOR_04,2387.96,6.95,T4_S1
intenso,1,FIXO,2984.0,VE_ROTA_VE_CORREDOR_04,2394.40,6.07,T4_S1
intenso,1,FIXO,2985.0,VE_ROTA_VE_CORREDOR_04,2400.13,5.58,T4_S1
intenso,1,FIXO,2986.0,VE_ROTA_VE_CORREDOR_04,2405.52,5.29,T4_S1
intenso,1,FIXO,2987.0,VE_ROTA_VE_CORREDOR_04,2410.84,5.33,T4_S1
intenso,1,FIXO,2988.0,VE_ROTA_VE_CORREDOR_04,2416.32,5.58,T4_S1
intenso,1,FIXO,2989.0,VE_ROTA_VE_CORREDOR_04,2422.06,5.88,T4_S1
intenso,1,FIXO,2990.0,VE_ROTA_VE_CORREDOR_04,2428.13,6.22,T4_S1
intenso,1,FIXO,2991.0,VE_ROTA_VE_CORREDOR_04,2434.58,6.60,T4_S1
intenso,1,FIXO,2992.0,VE_ROTA_VE_CORREDOR_04,2441.38,6.98,T4_S1
intenso,1,FIXO,2993.0,VE_ROTA_VE_CORREDOR_04,2448.54,7.26,T4_S1
intenso,1,FIXO,2994.0,VE_ROTA_VE_CORREDOR_04,2456.01,7.65,T4_S1
intenso,1,FIXO,2995.0,VE_ROTA_VE_CORREDOR_04,2463.75,7.84,T4_S1
intenso,1,FIXO,2996.0,VE_ROTA_VE_CORREDOR_04,2471.95,8.86,T4_S1
intenso,1,FIXO,2997.0,VE_ROTA_VE_CORREDOR_04,2480.44,8.46,:CRUZ_08_0
intenso,1,FIXO,2998.0,VE_ROTA_VE_CORREDOR_04,2489.69,10.45,A2_O3
intenso,1,FIXO,2999.0,VE_ROTA_VE_CORREDOR_04,2501.73,13.31,A2_O3
intenso,1,FIXO,3000.0,VE_ROTA_VE_CORREDOR_04,2516.62,16.17,A2_O3
intenso,1,FIXO,3001.0,VE_ROTA_VE_CORREDOR_04,2534.34,18.97,A2_O3
intenso,1,FIXO,3002.0,VE_ROTA_VE_CORREDOR_04,2554.88,21.66,A2_O3
intenso,1,FIXO,3003.0,VE_ROTA_VE_CORREDOR_04,2576.53,21.67,A2_O3
intenso,1,FIXO,3004.0,VE_ROTA_VE_CORREDOR_04,2598.19,21.64,A2_O3
intenso,1,FIXO,3005.0,VE_ROTA_VE_CORREDOR_04,2619.85,21.67,A2_O3
intenso,1,FIXO,3006.0,VE_ROTA_VE_CORREDOR_04,2641.51,21.66,A2_O3
intenso,1,FIXO,3007.0,VE_ROTA_VE_CORREDOR_04,2663.16,21.65,A2_O3
intenso,1,FIXO,3008.0,VE_ROTA_VE_CORREDOR_04,2684.82,21.66,A2_O3
intenso,1,FIXO,3009.0,VE_ROTA_VE_CORREDOR_04,2706.48,21.66,A2_O3
intenso,1,FIXO,3010.0,VE_ROTA_VE_CORREDOR_04,2728.14,21.66,A2_O3
intenso,1,FIXO,3011.0,VE_ROTA_VE_CORREDOR_04,2749.79,21.66,A2_O3
intenso,1,FIXO,3012.0,VE_ROTA_VE_CORREDOR_04,2771.45,21.67,A2_O3
intenso,1,FIXO,3013.0,VE_ROTA_VE_CORREDOR_04,2793.11,21.67,A2_O3
intenso,1,FIXO,3014.0,VE_ROTA_VE_CORREDOR_04,2814.77,21.64,A2_O3
intenso,1,FIXO,3015.0,VE_ROTA_VE_CORREDOR_04,2836.27,20.73,A2_O3
intenso,1,FIXO,3016.0,VE_ROTA_VE_CORREDOR_04,2854.79,16.73,A2_O3
intenso,1,FIXO,3017.0,VE_ROTA_VE_CORREDOR_04,2869.40,12.93,A2_O3
intenso,1,FIXO,3018.0,VE_ROTA_VE_CORREDOR_04,2880.37,9.45,A2_O3
intenso,1,FIXO,3019.0,VE_ROTA_VE_CORREDOR_04,2888.16,6.54,A2_O3
intenso,1,FIXO,3020.0,VE_ROTA_VE_CORREDOR_04,2893.55,4.59,A2_O3
intenso,1,FIXO,3021.0,VE_ROTA_VE_CORREDOR_04,2897.59,3.76,A2_O3
intenso,1,FIXO,3022.0,VE_ROTA_VE_CORREDOR_04,2901.35,3.84,A2_O3
intenso,1,FIXO,3023.0,VE_ROTA_VE_CORREDOR_04,2905.51,4.39,A2_O3
intenso,1,FIXO,3024.0,VE_ROTA_VE_CORREDOR_04,2910.34,5.15,A2_O3
intenso,1,FIXO,3025.0,VE_ROTA_VE_CORREDOR_04,2915.91,5.93,A2_O3
intenso,1,FIXO,3026.0,VE_ROTA_VE_CORREDOR_04,2922.72,7.56,A2_O3
intenso,1,FIXO,3027.0,VE_ROTA_VE_CORREDOR_04,2930.64,8.21,A2_O3
intenso,1,FIXO,3028.0,VE_ROTA_VE_CORREDOR_04,2939.15,8.74,A2_O3
intenso,1,FIXO,3029.0,VE_ROTA_VE_CORREDOR_04,2948.24,9.35,A2_O3
intenso,1,FIXO,3030.0,VE_ROTA_VE_CORREDOR_04,2957.86,9.83,A2_O3
intenso,1,FIXO,3031.0,VE_ROTA_VE_CORREDOR_04,2967.97,10.31,A2_O3
intenso,1,FIXO,3032.0,VE_ROTA_VE_CORREDOR_04,2978.53,10.77,:CRUZ_07_4
intenso,1,FIXO,3033.0,VE_ROTA_VE_CORREDOR_04,2989.50,11.13,A2_O2
intenso,1,FIXO,3034.0,VE_ROTA_VE_CORREDOR_04,3000.80,11.42,A2_O2
intenso,1,FIXO,3035.0,VE_ROTA_VE_CORREDOR_04,3012.45,11.79,A2_O2
intenso,1,FIXO,3036.0,VE_ROTA_VE_CORREDOR_04,3024.37,12.12,A2_O2
intenso,1,FIXO,3037.0,VE_ROTA_VE_CORREDOR_04,3036.56,12.25,A2_O2
intenso,1,FIXO,3038.0,VE_ROTA_VE_CORREDOR_04,3048.97,12.50,A2_O2
intenso,1,FIXO,3039.0,VE_ROTA_VE_CORREDOR_04,3061.59,12.71,A2_O2
intenso,1,FIXO,3040.0,VE_ROTA_VE_CORREDOR_04,3074.40,12.89,A2_O2
intenso,1,FIXO,3041.0,VE_ROTA_VE_CORREDOR_04,3087.36,13.04,A2_O2
intenso,1,FIXO,3042.0,VE_ROTA_VE_CORREDOR_04,3100.45,13.19,A2_O2
intenso,1,FIXO,3043.0,VE_ROTA_VE_CORREDOR_04,3113.67,13.26,A2_O2
intenso,1,FIXO,3044.0,VE_ROTA_VE_CORREDOR_04,3127.01,13.38,A2_O2
intenso,1,FIXO,3045.0,VE_ROTA_VE_CORREDOR_04,3140.44,13.54,A2_O2
intenso,1,FIXO,3046.0,VE_ROTA_VE_CORREDOR_04,3153.96,13.51,A2_O2
intenso,1,FIXO,3047.0,VE_ROTA_VE_CORREDOR_04,3167.57,13.63,A2_O2
intenso,1,FIXO,3048.0,VE_ROTA_VE_CORREDOR_04,3181.24,13.71,A2_O2
intenso,1,FIXO,3049.0,VE_ROTA_VE_CORREDOR_04,3194.97,13.71,A2_O2
intenso,1,FIXO,3050.0,VE_ROTA_VE_CORREDOR_04,3208.59,13.62,A2_O2
intenso,1,FIXO,3051.0,VE_ROTA_VE_CORREDOR_04,3222.05,13.36,A2_O2
intenso,1,FIXO,3052.0,VE_ROTA_VE_CORREDOR_04,3235.27,13.02,A2_O2
intenso,1,FIXO,3053.0,VE_ROTA_VE_CORREDOR_04,3248.21,12.83,A2_O2
intenso,1,FIXO,3054.0,VE_ROTA_VE_CORREDOR_04,3260.79,12.45,A2_O2
intenso,1,FIXO,3055.0,VE_ROTA_VE_CORREDOR_04,3272.97,12.00,A2_O2
intenso,1,FIXO,3056.0,VE_ROTA_VE_CORREDOR_04,3284.73,11.59,A2_O2
intenso,1,FIXO,3057.0,VE_ROTA_VE_CORREDOR_04,3296.01,11.11,A2_O2
intenso,1,FIXO,3058.0,VE_ROTA_VE_CORREDOR_04,3306.78,10.56,A2_O2
intenso,1,FIXO,3059.0,VE_ROTA_VE_CORREDOR_04,3316.99,10.01,A2_O2
intenso,1,FIXO,3060.0,VE_ROTA_VE_CORREDOR_04,3326.60,9.28,A2_O2
intenso,1,FIXO,3061.0,VE_ROTA_VE_CORREDOR_04,3335.60,8.70,A2_O2
intenso,1,FIXO,3062.0,VE_ROTA_VE_CORREDOR_04,3343.98,8.06,A2_O2
intenso,1,FIXO,3063.0,VE_ROTA_VE_CORREDOR_04,3351.67,7.35,A2_O2
intenso,1,FIXO,3064.0,VE_ROTA_VE_CORREDOR_04,3358.71,6.76,A2_O2
intenso,1,FIXO,3065.0,VE_ROTA_VE_CORREDOR_04,3365.06,6.03,A2_O2
intenso,1,FIXO,3066.0,VE_ROTA_VE_CORREDOR_04,3370.72,5.31,A2_O2
intenso,1,FIXO,3067.0,VE_ROTA_VE_CORREDOR_04,3375.70,4.72,A2_O2
intenso,1,FIXO,3068.0,VE_ROTA_VE_CORREDOR_04,3380.04,4.03,A2_O2
intenso,1,FIXO,3069.0,VE_ROTA_VE_CORREDOR_04,3383.72,3.41,A2_O2
intenso,1,FIXO,3070.0,VE_ROTA_VE_CORREDOR_04,3386.82,2.85,A2_O2
intenso,1,FIXO,3071.0,VE_ROTA_VE_CORREDOR_04,3389.35,2.29,A2_O2
intenso,1,FIXO,3072.0,VE_ROTA_VE_CORREDOR_04,3391.37,1.82,A2_O2
intenso,1,FIXO,3073.0,VE_ROTA_VE_CORREDOR_04,3392.95,1.39,A2_O2
intenso,1,FIXO,3074.0,VE_ROTA_VE_CORREDOR_04,3394.15,1.05,A2_O2
intenso,1,FIXO,3075.0,VE_ROTA_VE_CORREDOR_04,3395.04,0.76,A2_O2
intenso,1,FIXO,3076.0,VE_ROTA_VE_CORREDOR_04,3395.67,0.55,A2_O2
intenso,1,FIXO,3077.0,VE_ROTA_VE_CORREDOR_04,3396.13,0.38,A2_O2
intenso,1,FIXO,3078.0,VE_ROTA_VE_CORREDOR_04,3396.43,0.26,A2_O2
intenso,1,FIXO,3079.0,VE_ROTA_VE_CORREDOR_04,3396.64,0.17,A2_O2
intenso,1,FIXO,3080.0,VE_ROTA_VE_CORREDOR_04,3396.78,0.12,A2_O2
intenso,1,FIXO,3081.0,VE_ROTA_VE_CORREDOR_04,3396.87,0.08,A2_O2
intenso,1,FIXO,3082.0,VE_ROTA_VE_CORREDOR_04,3396.93,0.05,A2_O2
intenso,1,FIXO,3083.0,VE_ROTA_VE_CORREDOR_04,3396.97,0.03,A2_O2
intenso,1,FIXO,3084.0,VE_ROTA_VE_CORREDOR_04,3397.00,0.02,A2_O2
intenso,1,FIXO,3085.0,VE_ROTA_VE_CORREDOR_04,3397.02,0.02,A2_O2
intenso,1,FIXO,3086.0,VE_ROTA_VE_CORREDOR_04,3397.04,0.02,A2_O2
intenso,1,FIXO,3087.0,VE_ROTA_VE_CORREDOR_04,3397.08,0.06,A2_O2
intenso,1,FIXO,3088.0,VE_ROTA_VE_CORREDOR_04,3397.20,0.20,A2_O2
intenso,1,FIXO,3089.0,VE_ROTA_VE_CORREDOR_04,3397.57,0.55,A2_O2
intenso,1,FIXO,3090.0,VE_ROTA_VE_CORREDOR_04,3398.45,1.22,A2_O2
intenso,1,FIXO,3091.0,VE_ROTA_VE_CORREDOR_04,3400.16,2.18,A2_O2
intenso,1,FIXO,3092.0,VE_ROTA_VE_CORREDOR_04,3402.90,3.27,A2_O2
intenso,1,FIXO,3093.0,VE_ROTA_VE_CORREDOR_04,3406.75,4.34,A2_O2
intenso,1,FIXO,3094.0,VE_ROTA_VE_CORREDOR_04,3411.66,5.36,A2_O2
intenso,1,FIXO,3095.0,VE_ROTA_VE_CORREDOR_04,3417.56,6.33,A2_O2
intenso,1,FIXO,3096.0,VE_ROTA_VE_CORREDOR_04,3424.37,7.19,A2_O2
intenso,1,FIXO,3097.0,VE_ROTA_VE_CORREDOR_04,3431.99,8.02,A2_O2
intenso,1,FIXO,3098.0,VE_ROTA_VE_CORREDOR_04,3440.34,8.60,A2_O2
intenso,1,FIXO,3099.0,VE_ROTA_VE_CORREDOR_04,3449.34,9.27,A2_O2
intenso,1,FIXO,3100.0,VE_ROTA_VE_CORREDOR_04,3458.91,9.81,A2_O2
intenso,1,FIXO,3101.0,VE_ROTA_VE_CORREDOR_04,3469.00,10.25,:CRUZ_06_4
intenso,1,FIXO,3102.0,VE_ROTA_VE_CORREDOR_04,3479.55,10.77,:CRUZ_06_4
intenso,1,FIXO,3103.0,VE_ROTA_VE_CORREDOR_04,3490.52,11.24,A2_O1
intenso,1,FIXO,3104.0,VE_ROTA_VE_CORREDOR_04,3501.85,11.52,A2_O1
intenso,1,FIXO,3105.0,VE_ROTA_VE_CORREDOR_04,3513.49,11.76,A2_O1
intenso,1,FIXO,3106.0,VE_ROTA_VE_CORREDOR_04,3525.44,12.08,A2_O1
intenso,1,FIXO,3107.0,VE_ROTA_VE_CORREDOR_04,3537.64,12.38,A2_O1
intenso,1,FIXO,3108.0,VE_ROTA_VE_CORREDOR_04,3550.06,12.57,A2_O1
intenso,1,FIXO,3109.0,VE_ROTA_VE_CORREDOR_04,3562.70,12.67,A2_O1
intenso,1,FIXO,3110.0,VE_ROTA_VE_CORREDOR_04,3575.52,12.95,A2_O1
intenso,1,FIXO,3111.0,VE_ROTA_VE_CORREDOR_04,3588.51,13.09,A2_O1
intenso,1,FIXO,3112.0,VE_ROTA_VE_CORREDOR_04,3601.65,13.24,A2_O1
intenso,1,FIXO,3113.0,VE_ROTA_VE_CORREDOR_04,3614.89,13.31,A2_O1
intenso,1,FIXO,3114.0,VE_ROTA_VE_CORREDOR_04,3628.26,13.36,A2_O1
intenso,1,FIXO,3115.0,VE_ROTA_VE_CORREDOR_04,3641.72,13.53,A2_O1
intenso,1,FIXO,3116.0,VE_ROTA_VE_CORREDOR_04,3655.27,13.54,A2_O1
intenso,1,FIXO,3117.0,VE_ROTA_VE_CORREDOR_04,3668.89,13.66,A2_O1
intenso,1,FIXO,3118.0,VE_ROTA_VE_CORREDOR_04,3682.56,13.67,A2_O1
intenso,1,FIXO,3119.0,VE_ROTA_VE_CORREDOR_04,3696.27,13.71,A2_O1
intenso,1,FIXO,3120.0,VE_ROTA_VE_CORREDOR_04,3709.86,13.53,A2_O1
intenso,1,FIXO,3121.0,VE_ROTA_VE_CORREDOR_04,3723.26,13.30,A2_O1
intenso,1,FIXO,3122.0,VE_ROTA_VE_CORREDOR_04,3736.44,13.05,A2_O1
intenso,1,FIXO,3123.0,VE_ROTA_VE_CORREDOR_04,3749.33,12.74,A2_O1
intenso,1,FIXO,3124.0,VE_ROTA_VE_CORREDOR_04,3761.88,12.37,A2_O1
intenso,1,FIXO,3125.0,VE_ROTA_VE_CORREDOR_04,3774.03,11.95,A2_O1
intenso,1,FIXO,3126.0,VE_ROTA_VE_CORREDOR_04,3785.75,11.50,A2_O1
intenso,1,FIXO,3127.0,VE_ROTA_VE_CORREDOR_04,3796.98,11.00,A2_O1
intenso,1,FIXO,3128.0,VE_ROTA_VE_CORREDOR_04,3807.69,10.44,A2_O1
intenso,1,FIXO,3129.0,VE_ROTA_VE_CORREDOR_04,3817.86,9.94,A2_O1
intenso,1,FIXO,3130.0,VE_ROTA_VE_CORREDOR_04,3827.42,9.34,A2_O1
intenso,1,FIXO,3131.0,VE_ROTA_VE_CORREDOR_04,3836.36,8.66,A2_O1
intenso,1,FIXO,3132.0,VE_ROTA_VE_CORREDOR_04,3844.67,8.04,A2_O1
intenso,1,FIXO,3133.0,VE_ROTA_VE_CORREDOR_04,3852.31,7.34,A2_O1
intenso,1,FIXO,3134.0,VE_ROTA_VE_CORREDOR_04,3859.29,6.68,A2_O1
intenso,1,FIXO,3135.0,VE_ROTA_VE_CORREDOR_04,3865.58,6.00,A2_O1
intenso,1,FIXO,3136.0,VE_ROTA_VE_CORREDOR_04,3871.20,5.34,A2_O1
intenso,1,FIXO,3137.0,VE_ROTA_VE_CORREDOR_04,3876.14,4.60,A2_O1
intenso,1,FIXO,3138.0,VE_ROTA_VE_CORREDOR_04,3880.42,3.99,A2_O1
intenso,1,FIXO,3139.0,VE_ROTA_VE_CORREDOR_04,3884.06,3.36,A2_O1
intenso,1,FIXO,3140.0,VE_ROTA_VE_CORREDOR_04,3887.09,2.80,A2_O1
intenso,1,FIXO,3141.0,VE_ROTA_VE_CORREDOR_04,3889.58,2.23,A2_O1
intenso,1,FIXO,3142.0,VE_ROTA_VE_CORREDOR_04,3891.56,1.78,A2_O1
intenso,1,FIXO,3143.0,VE_ROTA_VE_CORREDOR_04,3893.10,1.35,A2_O1
intenso,1,FIXO,3144.0,VE_ROTA_VE_CORREDOR_04,3894.27,1.01,A2_O1
intenso,1,FIXO,3145.0,VE_ROTA_VE_CORREDOR_04,3895.12,0.73,A2_O1
intenso,1,FIXO,3146.0,VE_ROTA_VE_CORREDOR_04,3895.73,0.53,A2_O1
intenso,1,FIXO,3147.0,VE_ROTA_VE_CORREDOR_04,3896.17,0.36,A2_O1
intenso,1,FIXO,3148.0,VE_ROTA_VE_CORREDOR_04,3896.46,0.24,A2_O1
intenso,1,FIXO,3149.0,VE_ROTA_VE_CORREDOR_04,3896.66,0.17,A2_O1
intenso,1,FIXO,3150.0,VE_ROTA_VE_CORREDOR_04,3896.79,0.11,A2_O1
intenso,1,FIXO,3151.0,VE_ROTA_VE_CORREDOR_04,3896.88,0.07,A2_O1
intenso,1,FIXO,3152.0,VE_ROTA_VE_CORREDOR_04,3896.94,0.05,A2_O1
intenso,1,FIXO,3153.0,VE_ROTA_VE_CORREDOR_04,3896.98,0.03,A2_O1
intenso,1,FIXO,3154.0,VE_ROTA_VE_CORREDOR_04,3897.00,0.02,A2_O1
intenso,1,FIXO,3155.0,VE_ROTA_VE_CORREDOR_04,3897.02,0.02,A2_O1
intenso,1,FIXO,3156.0,VE_ROTA_VE_CORREDOR_04,3897.04,0.02,A2_O1
intenso,1,FIXO,3157.0,VE_ROTA_VE_CORREDOR_04,3897.08,0.06,A2_O1
intenso,1,FIXO,3158.0,VE_ROTA_VE_CORREDOR_04,3897.20,0.19,A2_O1
intenso,1,FIXO,3159.0,VE_ROTA_VE_CORREDOR_04,3897.56,0.54,A2_O1
intenso,1,FIXO,3160.0,VE_ROTA_VE_CORREDOR_04,3898.43,1.18,A2_O1
intenso,1,FIXO,3161.0,VE_ROTA_VE_CORREDOR_04,3900.10,2.09,A2_O1
intenso,1,FIXO,3162.0,VE_ROTA_VE_CORREDOR_04,3902.80,3.21,A2_O1
intenso,1,FIXO,3163.0,VE_ROTA_VE_CORREDOR_04,3906.60,4.32,A2_O1
intenso,1,FIXO,3164.0,VE_ROTA_VE_CORREDOR_04,3911.49,5.30,A2_O1
intenso,1,FIXO,3165.0,VE_ROTA_VE_CORREDOR_04,3917.36,6.26,A2_O1
intenso,1,FIXO,3166.0,VE_ROTA_VE_CORREDOR_04,3924.13,7.20,A2_O1
intenso,1,FIXO,3167.0,VE_ROTA_VE_CORREDOR_04,3931.72,7.88,A2_O1
intenso,1,FIXO,3168.0,VE_ROTA_VE_CORREDOR_04,3940.04,8.60,A2_O1
intenso,1,FIXO,3169.0,VE_ROTA_VE_CORREDOR_04,3949.04,9.26,A2_O1
intenso,1,FIXO,3170.0,VE_ROTA_VE_CORREDOR_04,3958.59,9.80,A2_O1
intenso,1,FIXO,3171.0,VE_ROTA_VE_CORREDOR_04,3968.68,10.32,:CRUZ_05_4
intenso,1,FIXO,3172.0,VE_ROTA_VE_CORREDOR_04,3979.19,10.71,:CRUZ_05_4
intenso,1,FIXO,3173.0,VE_ROTA_VE_CORREDOR_04,3990.14,11.11,A2_O0
intenso,1,FIXO,3174.0,VE_ROTA_VE_CORREDOR_04,4001.46,11.42,A2_O0
intenso,1,FIXO,3175.0,VE_ROTA_VE_CORREDOR_04,4013.12,11.85,A2_O0
intenso,1,FIXO,3176.0,VE_ROTA_VE_CORREDOR_04,4025.07,12.06,A2_O0
intenso,1,FIXO,3177.0,VE_ROTA_VE_CORREDOR_04,4037.28,12.37,A2_O0
intenso,1,FIXO,3178.0,VE_ROTA_VE_CORREDOR_04,4049.69,12.49,A2_O0
intenso,1,FIXO,3179.0,VE_ROTA_VE_CORREDOR_04,4062.32,12.72,A2_O0
intenso,1,FIXO,3180.0,VE_ROTA_VE_CORREDOR_04,4075.14,12.83,A2_O0
intenso,1,FIXO,3181.0,VE_ROTA_VE_CORREDOR_04,4088.11,13.00,A2_O0
intenso,1,FIXO,3182.0,VE_ROTA_VE_CORREDOR_04,4101.23,13.18,A2_O0
intenso,1,FIXO,3183.0,VE_ROTA_VE_CORREDOR_04,4114.48,13.27,A2_O0
intenso,1,FIXO,3184.0,VE_ROTA_VE_CORREDOR_04,4127.83,13.42,A2_O0
intenso,1,FIXO,3185.0,VE_ROTA_VE_CORREDOR_04,4141.27,13.55,A2_O0
intenso,1,FIXO,3186.0,VE_ROTA_VE_CORREDOR_04,4154.78,13.55,A2_O0
intenso,1,FIXO,3187.0,VE_ROTA_VE_CORREDOR_04,4168.38,13.69,A2_O0
intenso,1,FIXO,3188.0,VE_ROTA_VE_CORREDOR_04,4182.04,13.66,A2_O0
intenso,1,FIXO,3189.0,VE_ROTA_VE_CORREDOR_04,4195.78,13.70,A2_O0
intenso,1,FIXO,3190.0,VE_ROTA_VE_CORREDOR_04,4209.55,13.88,A2_O0
intenso,1,FIXO,3191.0,VE_ROTA_VE_CORREDOR_04,4223.40,13.88,A2_O0
intenso,1,FIXO,3192.0,VE_ROTA_VE_CORREDOR_04,4237.26,13.90,A2_O0
intenso,1,FIXO,3193.0,VE_ROTA_VE_CORREDOR_04,4251.18,13.95,A2_O0
intenso,1,FIXO,3194.0,VE_ROTA_VE_CORREDOR_04,4265.16,14.09,A2_O0
intenso,1,FIXO,3195.0,VE_ROTA_VE_CORREDOR_04,4279.25,14.04,A2_O0
intenso,1,FIXO,3196.0,VE_ROTA_VE_CORREDOR_04,4293.43,14.17,A2_O0
intenso,1,FIXO,3197.0,VE_ROTA_VE_CORREDOR_04,4307.66,14.29,A2_O0
intenso,1,FIXO,3198.0,VE_ROTA_VE_CORREDOR_04,4322.10,14.68,A2_O0
intenso,1,FIXO,3199.0,VE_ROTA_VE_CORREDOR_04,4336.88,14.93,A2_O0
intenso,1,FIXO,3200.0,VE_ROTA_VE_CORREDOR_04,4351.99,15.26,A2_O0
intenso,1,FIXO,3201.0,VE_ROTA_VE_CORREDOR_04,4367.27,15.40,A2_O0
intenso,1,FIXO,3202.0,VE_ROTA_VE_CORREDOR_04,4382.67,15.40,A2_O0
intenso,1,FIXO,3203.0,VE_ROTA_VE_CORREDOR_04,4398.27,15.93,A2_O0
intenso,1,FIXO,3204.0,VE_ROTA_VE_CORREDOR_04,4414.32,16.10,A2_O0
intenso,1,FIXO,3205.0,VE_ROTA_VE_CORREDOR_04,4430.56,16.42,A2_O0
intenso,1,FIXO,3206.0,VE_ROTA_VE_CORREDOR_04,4446.97,16.43,A2_O0
intenso,1,FIXO,3207.0,VE_ROTA_VE_CORREDOR_04,4464.00,18.15,A2_O0
intenso,1,FIXO,3301.0,VE_ROTA_VE_CORREDOR_05,19.49,21.67,A1_L0
intenso,1,FIXO,3302.0,VE_ROTA_VE_CORREDOR_05,41.14,21.65,A1_L0
intenso,1,FIXO,3303.0,VE_ROTA_VE_CORREDOR_05,62.80,21.64,A1_L0
intenso,1,FIXO,3304.0,VE_ROTA_VE_CORREDOR_05,84.46,21.67,A1_L0
intenso,1,FIXO,3305.0,VE_ROTA_VE_CORREDOR_05,106.12,21.66,A1_L0
intenso,1,FIXO,3306.0,VE_ROTA_VE_CORREDOR_05,127.77,21.66,A1_L0
intenso,1,FIXO,3307.0,VE_ROTA_VE_CORREDOR_05,149.44,21.66,A1_L0
intenso,1,FIXO,3308.0,VE_ROTA_VE_CORREDOR_05,171.10,21.67,A1_L0
intenso,1,FIXO,3309.0,VE_ROTA_VE_CORREDOR_05,192.75,21.64,A1_L0
intenso,1,FIXO,3310.0,VE_ROTA_VE_CORREDOR_05,214.40,21.66,A1_L0
intenso,1,FIXO,3311.0,VE_ROTA_VE_CORREDOR_05,236.06,21.65,A1_L0
intenso,1,FIXO,3312.0,VE_ROTA_VE_CORREDOR_05,257.71,21.66,A1_L0
intenso,1,FIXO,3313.0,VE_ROTA_VE_CORREDOR_05,279.37,21.66,A1_L0
intenso,1,FIXO,3314.0,VE_ROTA_VE_CORREDOR_05,301.00,21.49,A1_L0
intenso,1,FIXO,3315.0,VE_ROTA_VE_CORREDOR_05,321.96,20.57,A1_L0
intenso,1,FIXO,3316.0,VE_ROTA_VE_CORREDOR_05,342.16,19.86,A1_L0
intenso,1,FIXO,3317.0,VE_ROTA_VE_CORREDOR_05,361.69,19.30,A1_L0
intenso,1,FIXO,3318.0,VE_ROTA_VE_CORREDOR_05,380.67,18.76,A1_L0
intenso,1,FIXO,3319.0,VE_ROTA_VE_CORREDOR_05,399.21,18.39,A1_L0
intenso,1,FIXO,3320.0,VE_ROTA_VE_CORREDOR_05,417.37,18.03,A1_L0
intenso,1,FIXO,3321.0,VE_ROTA_VE_CORREDOR_05,434.99,16.68,A1_L0
intenso,1,FIXO,3322.0,VE_ROTA_VE_CORREDOR_05,449.73,13.18,A1_L0
intenso,1,FIXO,3323.0,VE_ROTA_VE_CORREDOR_05,461.07,9.86,A1_L0
intenso,1,FIXO,3324.0,VE_ROTA_VE_CORREDOR_05,469.23,6.79,A1_L0
intenso,1,FIXO,3325.0,VE_ROTA_VE_CORREDOR_05,474.50,4.09,A1_L0
intenso,1,FIXO,3326.0,VE_ROTA_VE_CORREDOR_05,477.44,2.12,A1_L0
intenso,1,FIXO,3327.0,VE_ROTA_VE_CORREDOR_05,478.83,0.91,A1_L0
intenso,1,FIXO,3328.0,VE_ROTA_VE_CORREDOR_05,479.39,0.34,A1_L0
intenso,1,FIXO,3329.0,VE_ROTA_VE_CORREDOR_05,479.59,0.12,A1_L0
intenso,1,FIXO,3330.0,VE_ROTA_VE_CORREDOR_05,479.66,0.04,A1_L0
intenso,1,FIXO,3331.0,VE_ROTA_VE_CORREDOR_05,479.68,0.01,A1_L0
intenso,1,FIXO,3332.0,VE_ROTA_VE_CORREDOR_05,479.69,0.01,A1_L0
intenso,1,FIXO,3333.0,VE_ROTA_VE_CORREDOR_05,479.70,0.00,A1_L0
intenso,1,FIXO,3334.0,VE_ROTA_VE_CORREDOR_05,479.70,0.00,A1_L0
intenso,1,FIXO,3335.0,VE_ROTA_VE_CORREDOR_05,479.70,0.00,A1_L0
intenso,1,FIXO,3336.0,VE_ROTA_VE_CORREDOR_05,479.70,0.00,A1_L0
intenso,1,FIXO,3337.0,VE_ROTA_VE_CORREDOR_05,479.70,0.00,A1_L0
intenso,1,FIXO,3338.0,VE_ROTA_VE_CORREDOR_05,479.70,0.00,A1_L0
intenso,1,FIXO,3339.0,VE_ROTA_VE_CORREDOR_05,479.70,0.00,A1_L0
intenso,1,FIXO,3340.0,VE_ROTA_VE_CORREDOR_05,479.70,0.00,A1_L0
intenso,1,FIXO,3341.0,VE_ROTA_VE_CORREDOR_05,479.70,0.00,A1_L0
intenso,1,FIXO,3342.0,VE_ROTA_VE_CORREDOR_05,479.70,0.00,A1_L0
intenso,1,FIXO,3343.0,VE_ROTA_VE_CORREDOR_05,479.70,0.00,A1_L0
intenso,1,FIXO,3344.0,VE_ROTA_VE_CORREDOR_05,479.70,0.00,A1_L0
intenso,1,FIXO,3345.0,VE_ROTA_VE_CORREDOR_05,479.70,0.00,A1_L0
intenso,1,FIXO,3346.0,VE_ROTA_VE_CORREDOR_05,479.70,0.00,A1_L0
intenso,1,FIXO,3347.0,VE_ROTA_VE_CORREDOR_05,479.70,0.00,A1_L0
intenso,1,FIXO,3348.0,VE_ROTA_VE_CORREDOR_05,479.70,0.00,A1_L0
intenso,1,FIXO,3349.0,VE_ROTA_VE_CORREDOR_05,479.70,0.00,A1_L0
intenso,1,FIXO,3350.0,VE_ROTA_VE_CORREDOR_05,479.70,0.00,A1_L0
intenso,1,FIXO,3351.0,VE_ROTA_VE_CORREDOR_05,479.70,0.00,A1_L0
intenso,1,FIXO,3352.0,VE_ROTA_VE_CORREDOR_05,479.70,0.00,A1_L0
intenso,1,FIXO,3353.0,VE_ROTA_VE_CORREDOR_05,479.70,0.00,A1_L0
intenso,1,FIXO,3354.0,VE_ROTA_VE_CORREDOR_05,479.70,0.00,A1_L0
intenso,1,FIXO,3355.0,VE_ROTA_VE_CORREDOR_05,479.70,0.00,A1_L0
intenso,1,FIXO,3356.0,VE_ROTA_VE_CORREDOR_05,479.70,0.00,A1_L0
intenso,1,FIXO,3357.0,VE_ROTA_VE_CORREDOR_05,479.70,0.00,A1_L0
intenso,1,FIXO,3358.0,VE_ROTA_VE_CORREDOR_05,479.70,0.00,A1_L0
intenso,1,FIXO,3359.0,VE_ROTA_VE_CORREDOR_05,479.70,0.00,A1_L0
intenso,1,FIXO,3360.0,VE_ROTA_VE_CORREDOR_05,479.70,0.00,A1_L0
intenso,1,FIXO,3361.0,VE_ROTA_VE_CORREDOR_05,480.09,0.99,A1_L0
intenso,1,FIXO,3362.0,VE_ROTA_VE_CORREDOR_05,482.12,2.88,A1_L0
intenso,1,FIXO,3363.0,VE_ROTA_VE_CORREDOR_05,486.04,4.75,A1_L0
intenso,1,FIXO,3364.0,VE_ROTA_VE_CORREDOR_05,491.88,6.72,:CRUZ_01_11
intenso,1,FIXO,3365.0,VE_ROTA_VE_CORREDOR_05,499.65,8.64,:CRUZ_01_11
intenso,1,FIXO,3366.0,VE_ROTA_VE_CORREDOR_05,509.33,10.51,A1_L1
intenso,1,FIXO,3367.0,VE_ROTA_VE_CORREDOR_05,521.01,12.61,A1_L1
intenso,1,FIXO,3368.0,VE_ROTA_VE_CORREDOR_05,534.78,14.68,A1_L1
intenso,1,FIXO,3369.0,VE_ROTA_VE_CORREDOR_05,550.13,15.53,A1_L1
intenso,1,FIXO,3370.0,VE_ROTA_VE_CORREDOR_05,565.82,15.75,A1_L1
intenso,1,FIXO,3371.0,VE_ROTA_VE_CORREDOR_05,581.70,15.94,A1_L1
intenso,1,FIXO,3372.0,VE_ROTA_VE_CORREDOR_05,597.73,16.12,A1_L1
intenso,1,FIXO,3373.0,VE_ROTA_VE_CORREDOR_05,613.91,16.23,A1_L1
intenso,1,FIXO,3374.0,VE_ROTA_VE_CORREDOR_05,630.17,16.36,A1_L1
intenso,1,FIXO,3375.0,VE_ROTA_VE_CORREDOR_05,646.52,16.39,A1_L1
intenso,1,FIXO,3376.0,VE_ROTA_VE_CORREDOR_05,662.93,16.44,A1_L1
intenso,1,FIXO,3377.0,VE_ROTA_VE_CORREDOR_05,679.39,16.51,A1_L1
intenso,1,FIXO,3378.0,VE_ROTA_VE_CORREDOR_05,695.88,16.47,A1_L1
intenso,1,FIXO,3379.0,VE_ROTA_VE_CORREDOR_05,712.41,16.57,A1_L1
intenso,1,FIXO,3380.0,VE_ROTA_VE_CORREDOR_05,728.96,16.58,A1_L1
intenso,1,FIXO,3381.0,VE_ROTA_VE_CORREDOR_05,745.53,16.52,A1_L1
intenso,1,FIXO,3382.0,VE_ROTA_VE_CORREDOR_05,762.11,16.63,A1_L1
intenso,1,FIXO,3383.0,VE_ROTA_VE_CORREDOR_05,778.72,16.61,A1_L1
intenso,1,FIXO,3384.0,VE_ROTA_VE_CORREDOR_05,795.31,16.58,A1_L1
intenso,1,FIXO,3385.0,VE_ROTA_VE_CORREDOR_05,811.90,16.56,A1_L1
intenso,1,FIXO,3386.0,VE_ROTA_VE_CORREDOR_05,828.51,16.64,A1_L1
intenso,1,FIXO,3387.0,VE_ROTA_VE_CORREDOR_05,845.14,16.65,A1_L1
intenso,1,FIXO,3388.0,VE_ROTA_VE_CORREDOR_05,861.75,16.57,A1_L1
intenso,1,FIXO,3389.0,VE_ROTA_VE_CORREDOR_05,878.37,16.62,A1_L1
intenso,1,FIXO,3390.0,VE_ROTA_VE_CORREDOR_05,894.99,16.63,A1_L1
intenso,1,FIXO,3391.0,VE_ROTA_VE_CORREDOR_05,911.61,16.58,A1_L1
intenso,1,FIXO,3392.0,VE_ROTA_VE_CORREDOR_05,928.25,16.60,A1_L1
intenso,1,FIXO,3393.0,VE_ROTA_VE_CORREDOR_05,944.11,14.51,A1_L1
intenso,1,FIXO,3394.0,VE_ROTA_VE_CORREDOR_05,956.74,11.15,A1_L1
intenso,1,FIXO,3395.0,VE_ROTA_VE_CORREDOR_05,966.15,8.02,A1_L1
intenso,1,FIXO,3396.0,VE_ROTA_VE_CORREDOR_05,972.57,5.18,A1_L1
intenso,1,FIXO,3397.0,VE_ROTA_VE_CORREDOR_05,976.42,2.86,A1_L1
intenso,1,FIXO,3398.0,VE_ROTA_VE_CORREDOR_05,978.37,1.33,A1_L1
intenso,1,FIXO,3399.0,VE_ROTA_VE_CORREDOR_05,979.21,0.53,A1_L1
intenso,1,FIXO,3400.0,VE_ROTA_VE_CORREDOR_05,979.53,0.19,A1_L1
intenso,1,FIXO,3401.0,VE_ROTA_VE_CORREDOR_05,979.64,0.07,A1_L1
intenso,1,FIXO,3402.0,VE_ROTA_VE_CORREDOR_05,979.68,0.02,A1_L1
intenso,1,FIXO,3403.0,VE_ROTA_VE_CORREDOR_05,979.69,0.01,A1_L1
intenso,1,FIXO,3404.0,VE_ROTA_VE_CORREDOR_05,979.70,0.00,A1_L1
intenso,1,FIXO,3405.0,VE_ROTA_VE_CORREDOR_05,979.70,0.00,A1_L1
intenso,1,FIXO,3406.0,VE_ROTA_VE_CORREDOR_05,979.70,0.00,A1_L1
intenso,1,FIXO,3407.0,VE_ROTA_VE_CORREDOR_05,979.70,0.00,A1_L1
intenso,1,FIXO,3408.0,VE_ROTA_VE_CORREDOR_05,979.70,0.00,A1_L1
intenso,1,FIXO,3409.0,VE_ROTA_VE_CORREDOR_05,979.70,0.00,A1_L1
intenso,1,FIXO,3410.0,VE_ROTA_VE_CORREDOR_05,979.70,0.00,A1_L1
intenso,1,FIXO,3411.0,VE_ROTA_VE_CORREDOR_05,979.70,0.00,A1_L1
intenso,1,FIXO,3412.0,VE_ROTA_VE_CORREDOR_05,979.70,0.00,A1_L1
intenso,1,FIXO,3413.0,VE_ROTA_VE_CORREDOR_05,979.70,0.00,A1_L1
intenso,1,FIXO,3414.0,VE_ROTA_VE_CORREDOR_05,979.70,0.00,A1_L1
intenso,1,FIXO,3415.0,VE_ROTA_VE_CORREDOR_05,979.70,0.00,A1_L1
intenso,1,FIXO,3416.0,VE_ROTA_VE_CORREDOR_05,979.70,0.00,A1_L1
intenso,1,FIXO,3417.0,VE_ROTA_VE_CORREDOR_05,979.70,0.00,A1_L1
intenso,1,FIXO,3418.0,VE_ROTA_VE_CORREDOR_05,979.70,0.00,A1_L1
intenso,1,FIXO,3419.0,VE_ROTA_VE_CORREDOR_05,979.70,0.00,A1_L1
intenso,1,FIXO,3420.0,VE_ROTA_VE_CORREDOR_05,979.70,0.00,A1_L1
intenso,1,FIXO,3421.0,VE_ROTA_VE_CORREDOR_05,979.70,0.00,A1_L1
intenso,1,FIXO,3422.0,VE_ROTA_VE_CORREDOR_05,979.70,0.00,A1_L1
intenso,1,FIXO,3423.0,VE_ROTA_VE_CORREDOR_05,979.70,0.00,A1_L1
intenso,1,FIXO,3424.0,VE_ROTA_VE_CORREDOR_05,979.70,0.00,A1_L1
intenso,1,FIXO,3425.0,VE_ROTA_VE_CORREDOR_05,979.70,0.00,A1_L1
intenso,1,FIXO,3426.0,VE_ROTA_VE_CORREDOR_05,979.70,0.00,A1_L1
intenso,1,FIXO,3427.0,VE_ROTA_VE_CORREDOR_05,979.70,0.00,A1_L1
intenso,1,FIXO,3428.0,VE_ROTA_VE_CORREDOR_05,979.70,0.00,A1_L1
intenso,1,FIXO,3429.0,VE_ROTA_VE_CORREDOR_05,979.70,0.00,A1_L1
intenso,1,FIXO,3430.0,VE_ROTA_VE_CORREDOR_05,979.70,0.00,A1_L1
intenso,1,FIXO,3431.0,VE_ROTA_VE_CORREDOR_05,980.11,1.07,A1_L1
intenso,1,FIXO,3432.0,VE_ROTA_VE_CORREDOR_05,982.19,2.98,A1_L1
intenso,1,FIXO,3433.0,VE_ROTA_VE_CORREDOR_05,986.22,4.94,A1_L1
intenso,1,FIXO,3434.0,VE_ROTA_VE_CORREDOR_05,992.22,6.83,:CRUZ_02_11
intenso,1,FIXO,3435.0,VE_ROTA_VE_CORREDOR_05,1000.17,8.82,:CRUZ_02_11
intenso,1,FIXO,3436.0,VE_ROTA_VE_CORREDOR_05,1010.10,10.82,A1_L2
intenso,1,FIXO,3437.0,VE_ROTA_VE_CORREDOR_05,1022.00,12.73,A1_L2
intenso,1,FIXO,3438.0,VE_ROTA_VE_CORREDOR_05,1035.76,14.69,A1_L2
intenso,1,FIXO,3439.0,VE_ROTA_VE_CORREDOR_05,1051.12,15.56,A1_L2
intenso,1,FIXO,3440.0,VE_ROTA_VE_CORREDOR_05,1066.81,15.84,A1_L2
intenso,1,FIXO,3441.0,VE_ROTA_VE_CORREDOR_05,1082.70,15.99,A1_L2
intenso,1,FIXO,3442.0,VE_ROTA_VE_CORREDOR_05,1098.77,16.12,A1_L2
intenso,1,FIXO,3443.0,VE_ROTA_VE_CORREDOR_05,1114.96,16.24,A1_L2
intenso,1,FIXO,3444.0,VE_ROTA_VE_CORREDOR_05,1131.25,16.37,A1_L2
intenso,1,FIXO,3445.0,VE_ROTA_VE_CORREDOR_05,1147.61,16.37,A1_L2
intenso,1,FIXO,3446.0,VE_ROTA_VE_CORREDOR_05,1164.04,16.43,A1_L2
intenso,1,FIXO,3447.0,VE_ROTA_VE_CORREDOR_05,1180.51,16.49,A1_L2
intenso,1,FIXO,3448.0,VE_ROTA_VE_CORREDOR_05,1197.01,16.55,A1_L2
intenso,1,FIXO,3449.0,VE_ROTA_VE_CORREDOR_05,1213.54,16.51,A1_L2
intenso,1,FIXO,3450.0,VE_ROTA_VE_CORREDOR_05,1230.10,16.53,A1_L2
intenso,1,FIXO,3451.0,VE_ROTA_VE_CORREDOR_05,1246.67,16.58,A1_L2
intenso,1,FIXO,3452.0,VE_ROTA_VE_CORREDOR_05,1263.26,16.59,A1_L2
intenso,1,FIXO,3453.0,VE_ROTA_VE_CORREDOR_05,1279.85,16.59,A1_L2
intenso,1,FIXO,3454.0,VE_ROTA_VE_CORREDOR_05,1296.45,16.62,A1_L2
intenso,1,FIXO,3455.0,VE_ROTA_VE_CORREDOR_05,1313.04,16.57,A1_L2
intenso,1,FIXO,3456.0,VE_ROTA_VE_CORREDOR_05,1329.63,16.63,A1_L2
intenso,1,FIXO,3457.0,VE_ROTA_VE_CORREDOR_05,1345.34,14.83,A1_L2
intenso,1,FIXO,3458.0,VE_ROTA_VE_CORREDOR_05,1359.10,12.89,A1_L2
intenso,1,FIXO,3459.0,VE_ROTA_VE_CORREDOR_05,1371.76,12.98,A1_L2
intenso,1,FIXO,3460.0,VE_ROTA_VE_CORREDOR_05,1385.13,13.62,A1_L2
intenso,1,FIXO,3461.0,VE_ROTA_VE_CORREDOR_05,1399.11,14.21,A1_L2
intenso,1,FIXO,3462.0,VE_ROTA_VE_CORREDOR_05,1413.50,14.54,A1_L2
intenso,1,FIXO,3463.0,VE_ROTA_VE_CORREDOR_05,1428.23,14.88,A1_L2
intenso,1,FIXO,3464.0,VE_ROTA_VE_CORREDOR_05,1443.13,14.59,A1_L2
intenso,1,FIXO,3465.0,VE_ROTA_VE_CORREDOR_05,1455.92,11.31,A1_L2
intenso,1,FIXO,3466.0,VE_ROTA_VE_CORREDOR_05,1465.51,8.21,A1_L2
intenso,1,FIXO,3467.0,VE_ROTA_VE_CORREDOR_05,1472.14,5.39,A1_L2
intenso,1,FIXO,3468.0,VE_ROTA_VE_CORREDOR_05,1476.17,3.02,A1_L2
intenso,1,FIXO,3469.0,VE_ROTA_VE_CORREDOR_05,1478.26,1.43,A1_L2
intenso,1,FIXO,3470.0,VE_ROTA_VE_CORREDOR_05,1479.17,0.58,A1_L2
intenso,1,FIXO,3471.0,VE_ROTA_VE_CORREDOR_05,1479.51,0.21,A1_L2
intenso,1,FIXO,3472.0,VE_ROTA_VE_CORREDOR_05,1479.63,0.07,A1_L2
intenso,1,FIXO,3473.0,VE_ROTA_VE_CORREDOR_05,1479.68,0.03,A1_L2
intenso,1,FIXO,3474.0,VE_ROTA_VE_CORREDOR_05,1479.69,0.01,A1_L2
intenso,1,FIXO,3475.0,VE_ROTA_VE_CORREDOR_05,1479.70,0.00,A1_L2
intenso,1,FIXO,3476.0,VE_ROTA_VE_CORREDOR_05,1479.70,0.00,A1_L2
intenso,1,FIXO,3477.0,VE_ROTA_VE_CORREDOR_05,1479.70,0.00,A1_L2
intenso,1,FIXO,3478.0,VE_ROTA_VE_CORREDOR_05,1479.70,0.00,A1_L2
intenso,1,FIXO,3479.0,VE_ROTA_VE_CORREDOR_05,1479.70,0.00,A1_L2
intenso,1,FIXO,3480.0,VE_ROTA_VE_CORREDOR_05,1479.70,0.00,A1_L2
intenso,1,FIXO,3481.0,VE_ROTA_VE_CORREDOR_05,1479.70,0.00,A1_L2
intenso,1,FIXO,3482.0,VE_ROTA_VE_CORREDOR_05,1479.70,0.00,A1_L2
intenso,1,FIXO,3483.0,VE_ROTA_VE_CORREDOR_05,1479.70,0.00,A1_L2
intenso,1,FIXO,3484.0,VE_ROTA_VE_CORREDOR_05,1479.70,0.00,A1_L2
intenso,1,FIXO,3485.0,VE_ROTA_VE_CORREDOR_05,1479.70,0.00,A1_L2
intenso,1,FIXO,3486.0,VE_ROTA_VE_CORREDOR_05,1479.70,0.00,A1_L2
intenso,1,FIXO,3487.0,VE_ROTA_VE_CORREDOR_05,1479.70,0.00,A1_L2
intenso,1,FIXO,3488.0,VE_ROTA_VE_CORREDOR_05,1479.70,0.00,A1_L2
intenso,1,FIXO,3489.0,VE_ROTA_VE_CORREDOR_05,1479.70,0.00,A1_L2
intenso,1,FIXO,3490.0,VE_ROTA_VE_CORREDOR_05,1479.70,0.00,A1_L2
intenso,1,FIXO,3491.0,VE_ROTA_VE_CORREDOR_05,1479.70,0.00,A1_L2
intenso,1,FIXO,3492.0,VE_ROTA_VE_CORREDOR_05,1479.70,0.00,A1_L2
intenso,1,FIXO,3493.0,VE_ROTA_VE_CORREDOR_05,1479.70,0.00,A1_L2
intenso,1,FIXO,3494.0,VE_ROTA_VE_CORREDOR_05,1479.70,0.00,A1_L2
intenso,1,FIXO,3495.0,VE_ROTA_VE_CORREDOR_05,1479.70,0.00,A1_L2
intenso,1,FIXO,3496.0,VE_ROTA_VE_CORREDOR_05,1479.70,0.00,A1_L2
intenso,1,FIXO,3497.0,VE_ROTA_VE_CORREDOR_05,1479.70,0.00,A1_L2
intenso,1,FIXO,3498.0,VE_ROTA_VE_CORREDOR_05,1479.70,0.00,A1_L2
intenso,1,FIXO,3499.0,VE_ROTA_VE_CORREDOR_05,1479.70,0.00,A1_L2
intenso,1,FIXO,3500.0,VE_ROTA_VE_CORREDOR_05,1479.70,0.00,A1_L2
intenso,1,FIXO,3501.0,VE_ROTA_VE_CORREDOR_05,1480.11,1.06,A1_L2
intenso,1,FIXO,3502.0,VE_ROTA_VE_CORREDOR_05,1482.14,2.89,A1_L2
intenso,1,FIXO,3503.0,VE_ROTA_VE_CORREDOR_05,1486.05,4.75,A1_L2
intenso,1,FIXO,3504.0,VE_ROTA_VE_CORREDOR_05,1491.84,6.64,:CRUZ_03_11
intenso,1,FIXO,3505.0,VE_ROTA_VE_CORREDOR_05,1499.57,8.62,:CRUZ_03_11
intenso,1,FIXO,3506.0,VE_ROTA_VE_CORREDOR_05,1509.12,10.41,A1_L3
intenso,1,FIXO,3507.0,VE_ROTA_VE_CORREDOR_05,1520.49,12.25,A1_L3
intenso,1,FIXO,3508.0,VE_ROTA_VE_CORREDOR_05,1533.85,14.24,A1_L3
intenso,1,FIXO,3509.0,VE_ROTA_VE_CORREDOR_05,1548.51,14.75,A1_L3
intenso,1,FIXO,3510.0,VE_ROTA_VE_CORREDOR_05,1563.45,15.03,A1_L3
intenso,1,FIXO,3511.0,VE_ROTA_VE_CORREDOR_05,1578.59,15.18,A1_L3
intenso,1,FIXO,3512.0,VE_ROTA_VE_CORREDOR_05,1593.87,15.29,A1_L3
intenso,1,FIXO,3513.0,VE_ROTA_VE_CORREDOR_05,1609.26,15.51,A1_L3
intenso,1,FIXO,3514.0,VE_ROTA_VE_CORREDOR_05,1624.74,15.49,A1_L3
intenso,1,FIXO,3515.0,VE_ROTA_VE_CORREDOR_05,1640.31,15.61,A1_L3
intenso,1,FIXO,3516.0,VE_ROTA_VE_CORREDOR_05,1655.94,15.68,A1_L3
intenso,1,FIXO,3517.0,VE_ROTA_VE_CORREDOR_05,1671.63,15.73,A1_L3
intenso,1,FIXO,3518.0,VE_ROTA_VE_CORREDOR_05,1687.31,15.68,A1_L3
intenso,1,FIXO,3519.0,VE_ROTA_VE_CORREDOR_05,1703.03,15.76,A1_L3
intenso,1,FIXO,3520.0,VE_ROTA_VE_CORREDOR_05,1718.78,15.79,A1_L3
intenso,1,FIXO,3521.0,VE_ROTA_VE_CORREDOR_05,1734.53,15.78,A1_L3
intenso,1,FIXO,3522.0,VE_ROTA_VE_CORREDOR_05,1750.29,15.76,A1_L3
intenso,1,FIXO,3523.0,VE_ROTA_VE_CORREDOR_05,1766.08,15.84,A1_L3
intenso,1,FIXO,3524.0,VE_ROTA_VE_CORREDOR_05,1781.87,15.80,A1_L3
intenso,1,FIXO,3525.0,VE_ROTA_VE_CORREDOR_05,1797.67,15.84,A1_L3
intenso,1,FIXO,3526.0,VE_ROTA_VE_CORREDOR_05,1813.47,15.85,A1_L3
intenso,1,FIXO,3527.0,VE_ROTA_VE_CORREDOR_05,1829.26,15.80,A1_L3
intenso,1,FIXO,3528.0,VE_ROTA_VE_CORREDOR_05,1845.07,15.80,A1_L3
intenso,1,FIXO,3529.0,VE_ROTA_VE_CORREDOR_05,1860.89,15.77,A1_L3
intenso,1,FIXO,3530.0,VE_ROTA_VE_CORREDOR_05,1876.69,15.80,A1_L3
intenso,1,FIXO,3531.0,VE_ROTA_VE_CORREDOR_05,1892.50,15.80,A1_L3
intenso,1,FIXO,3532.0,VE_ROTA_VE_CORREDOR_05,1908.30,15.76,A1_L3
intenso,1,FIXO,3533.0,VE_ROTA_VE_CORREDOR_05,1924.10,15.78,A1_L3
intenso,1,FIXO,3534.0,VE_ROTA_VE_CORREDOR_05,1939.87,15.43,A1_L3
intenso,1,FIXO,3535.0,VE_ROTA_VE_CORREDOR_05,1953.45,12.06,A1_L3
intenso,1,FIXO,3536.0,VE_ROTA_VE_CORREDOR_05,1963.75,8.89,A1_L3
intenso,1,FIXO,3537.0,VE_ROTA_VE_CORREDOR_05,1971.00,5.96,A1_L3
intenso,1,FIXO,3538.0,VE_ROTA_VE_CORREDOR_05,1975.53,3.45,A1_L3
intenso,1,FIXO,3539.0,VE_ROTA_VE_CORREDOR_05,1977.95,1.69,A1_L3
intenso,1,FIXO,3540.0,VE_ROTA_VE_CORREDOR_05,1979.04,0.70,A1_L3
intenso,1,FIXO,3541.0,VE_ROTA_VE_CORREDOR_05,1979.47,0.26,A1_L3
intenso,1,FIXO,3542.0,VE_ROTA_VE_CORREDOR_05,1979.62,0.09,A1_L3
intenso,1,FIXO,3543.0,VE_ROTA_VE_CORREDOR_05,1979.67,0.03,A1_L3
intenso,1,FIXO,3544.0,VE_ROTA_VE_CORREDOR_05,1979.69,0.01,A1_L3
intenso,1,FIXO,3545.0,VE_ROTA_VE_CORREDOR_05,1979.69,0.00,A1_L3
intenso,1,FIXO,3546.0,VE_ROTA_VE_CORREDOR_05,1979.70,0.00,A1_L3
intenso,1,FIXO,3547.0,VE_ROTA_VE_CORREDOR_05,1979.70,0.00,A1_L3
intenso,1,FIXO,3548.0,VE_ROTA_VE_CORREDOR_05,1979.70,0.00,A1_L3
intenso,1,FIXO,3549.0,VE_ROTA_VE_CORREDOR_05,1979.70,0.00,A1_L3
intenso,1,FIXO,3550.0,VE_ROTA_VE_CORREDOR_05,1979.70,0.00,A1_L3
intenso,1,FIXO,3551.0,VE_ROTA_VE_CORREDOR_05,1979.70,0.00,A1_L3
intenso,1,FIXO,3552.0,VE_ROTA_VE_CORREDOR_05,1979.70,0.00,A1_L3
intenso,1,FIXO,3553.0,VE_ROTA_VE_CORREDOR_05,1979.70,0.00,A1_L3
intenso,1,FIXO,3554.0,VE_ROTA_VE_CORREDOR_05,1979.70,0.00,A1_L3
intenso,1,FIXO,3555.0,VE_ROTA_VE_CORREDOR_05,1979.70,0.00,A1_L3
intenso,1,FIXO,3556.0,VE_ROTA_VE_CORREDOR_05,1979.70,0.00,A1_L3
intenso,1,FIXO,3557.0,VE_ROTA_VE_CORREDOR_05,1979.70,0.00,A1_L3
intenso,1,FIXO,3558.0,VE_ROTA_VE_CORREDOR_05,1979.70,0.00,A1_L3
intenso,1,FIXO,3559.0,VE_ROTA_VE_CORREDOR_05,1979.70,0.00,A1_L3
intenso,1,FIXO,3560.0,VE_ROTA_VE_CORREDOR_05,1979.70,0.00,A1_L3
intenso,1,FIXO,3561.0,VE_ROTA_VE_CORREDOR_05,1979.70,0.00,A1_L3
intenso,1,FIXO,3562.0,VE_ROTA_VE_CORREDOR_05,1979.70,0.00,A1_L3
intenso,1,FIXO,3563.0,VE_ROTA_VE_CORREDOR_05,1979.70,0.00,A1_L3
intenso,1,FIXO,3564.0,VE_ROTA_VE_CORREDOR_05,1979.70,0.00,A1_L3
intenso,1,FIXO,3565.0,VE_ROTA_VE_CORREDOR_05,1979.70,0.00,A1_L3
intenso,1,FIXO,3566.0,VE_ROTA_VE_CORREDOR_05,1979.70,0.00,A1_L3
intenso,1,FIXO,3567.0,VE_ROTA_VE_CORREDOR_05,1979.70,0.00,A1_L3
intenso,1,FIXO,3568.0,VE_ROTA_VE_CORREDOR_05,1979.70,0.00,A1_L3
intenso,1,FIXO,3569.0,VE_ROTA_VE_CORREDOR_05,1979.70,0.00,A1_L3
intenso,1,FIXO,3570.0,VE_ROTA_VE_CORREDOR_05,1979.70,0.00,A1_L3
intenso,1,FIXO,3571.0,VE_ROTA_VE_CORREDOR_05,1980.11,1.05,A1_L3
intenso,1,FIXO,3572.0,VE_ROTA_VE_CORREDOR_05,1982.04,2.65,A1_L3
intenso,1,FIXO,3573.0,VE_ROTA_VE_CORREDOR_05,1985.80,4.42,A1_L3
intenso,1,FIXO,3574.0,VE_ROTA_VE_CORREDOR_05,1991.52,6.98,:CRUZ_04_10
intenso,1,FIXO,3575.0,VE_ROTA_VE_CORREDOR_05,1999.84,9.30,T4_S1
intenso,1,FIXO,3576.0,VE_ROTA_VE_CORREDOR_05,2010.72,12.17,T4_S1
intenso,1,FIXO,3577.0,VE_ROTA_VE_CORREDOR_05,2024.36,14.43,T4_S1
intenso,1,FIXO,3578.0,VE_ROTA_VE_CORREDOR_05,2038.79,14.43,T4_S1
intenso,1,FIXO,3579.0,VE_ROTA_VE_CORREDOR_05,2053.22,14.44,T4_S1
intenso,1,FIXO,3580.0,VE_ROTA_VE_CORREDOR_05,2067.65,14.42,T4_S1
intenso,1,FIXO,3581.0,VE_ROTA_VE_CORREDOR_05,2082.08,14.41,T4_S1
intenso,1,FIXO,3582.0,VE_ROTA_VE_CORREDOR_05,2096.50,14.43,T4_S1
intenso,1,FIXO,3583.0,VE_ROTA_VE_CORREDOR_05,2110.76,13.83,T4_S1
intenso,1,FIXO,3584.0,VE_ROTA_VE_CORREDOR_05,2123.95,12.71,T4_S1
intenso,1,FIXO,3585.0,VE_ROTA_VE_CORREDOR_05,2136.14,11.79,T4_S1
intenso,1,FIXO,3586.0,VE_ROTA_VE_CORREDOR_05,2147.56,11.09,T4_S1
intenso,1,FIXO,3587.0,VE_ROTA_VE_CORREDOR_05,2158.37,10.61,T4_S1
intenso,1,FIXO,3588.0,VE_ROTA_VE_CORREDOR_05,2168.74,10.25,T4_S1
intenso,1,FIXO,3589.0,VE_ROTA_VE_CORREDOR_05,2178.77,9.92,T4_S1
intenso,1,FIXO,3590.0,VE_ROTA_VE_CORREDOR_05,2188.56,9.67,T4_S1
intenso,1,FIXO,3591.0,VE_ROTA_VE_CORREDOR_05,2198.18,9.60,T4_S1
intenso,1,FIXO,3592.0,VE_ROTA_VE_CORREDOR_05,2207.71,9.51,T4_S1
intenso,1,FIXO,3593.0,VE_ROTA_VE_CORREDOR_05,2217.16,9.44,T4_S1
intenso,1,FIXO,3594.0,VE_ROTA_VE_CORREDOR_05,2226.53,9.36,T4_S1
intenso,1,FIXO,3595.0,VE_ROTA_VE_CORREDOR_05,2235.84,9.29,T4_S1
intenso,1,FIXO,3596.0,VE_ROTA_VE_CORREDOR_05,2245.12,9.30,T4_S1
intenso,1,FIXO,3597.0,VE_ROTA_VE_CORREDOR_05,2254.39,9.24,T4_S1
intenso,1,FIXO,3598.0,VE_ROTA_VE_CORREDOR_05,2263.63,9.25,T4_S1
intenso,1,FIXO,3599.0,VE_ROTA_VE_CORREDOR_05,2272.86,9.20,T4_S1
intenso,1,FIXO,3600.0,VE_ROTA_VE_CORREDOR_05,2281.90,8.92,T4_S1
intenso,1,PREEMPCAO,301.0,VE_ROTA_VE_CORREDOR_00,19.49,21.66,A1_L0
intenso,1,PREEMPCAO,302.0,VE_ROTA_VE_CORREDOR_00,41.14,21.65,A1_L0
intenso,1,PREEMPCAO,303.0,VE_ROTA_VE_CORREDOR_00,62.80,21.66,A1_L0
intenso,1,PREEMPCAO,304.0,VE_ROTA_VE_CORREDOR_00,84.45,21.66,A1_L0
intenso,1,PREEMPCAO,305.0,VE_ROTA_VE_CORREDOR_00,106.11,21.66,A1_L0
intenso,1,PREEMPCAO,306.0,VE_ROTA_VE_CORREDOR_00,127.77,21.66,A1_L0
intenso,1,PREEMPCAO,307.0,VE_ROTA_VE_CORREDOR_00,149.42,21.66,A1_L0
intenso,1,PREEMPCAO,308.0,VE_ROTA_VE_CORREDOR_00,171.08,21.66,A1_L0
intenso,1,PREEMPCAO,309.0,VE_ROTA_VE_CORREDOR_00,192.74,21.67,A1_L0
intenso,1,PREEMPCAO,310.0,VE_ROTA_VE_CORREDOR_00,214.40,21.67,A1_L0
intenso,1,PREEMPCAO,311.0,VE_ROTA_VE_CORREDOR_00,236.06,21.66,A1_L0
intenso,1,PREEMPCAO,312.0,VE_ROTA_VE_CORREDOR_00,257.71,21.67,A1_L0
intenso,1,PREEMPCAO,313.0,VE_ROTA_VE_CORREDOR_00,279.37,21.67,A1_L0
intenso,1,PREEMPCAO,314.0,VE_ROTA_VE_CORREDOR_00,301.02,21.66,A1_L0
intenso,1,PREEMPCAO,315.0,VE_ROTA_VE_CORREDOR_00,322.68,21.66,A1_L0
intenso,1,PREEMPCAO,316.0,VE_ROTA_VE_CORREDOR_00,344.34,21.66,A1_L0
intenso,1,PREEMPCAO,317.0,VE_ROTA_VE_CORREDOR_00,365.99,21.66,A1_L0
intenso,1,PREEMPCAO,318.0,VE_ROTA_VE_CORREDOR_00,387.58,21.14,A1_L0
intenso,1,PREEMPCAO,319.0,VE_ROTA_VE_CORREDOR_00,407.05,18.10,A1_L0
intenso,1,PREEMPCAO,320.0,VE_ROTA_VE_CORREDOR_00,423.56,15.21,A1_L0
intenso,1,PREEMPCAO,321.0,VE_ROTA_VE_CORREDOR_00,437.25,12.47,A1_L0
intenso,1,PREEMPCAO,322.0,VE_ROTA_VE_CORREDOR_00,448.25,9.83,A1_L0
intenso,1,PREEMPCAO,323.0,VE_ROTA_VE_CORREDOR_00,456.72,7.36,A1_L0
intenso,1,PREEMPCAO,324.0,VE_ROTA_VE_CORREDOR_00,462.86,5.18,A1_L0
intenso,1,PREEMPCAO,325.0,VE_ROTA_VE_CORREDOR_00,466.98,3.31,A1_L0
intenso,1,PREEMPCAO,326.0,VE_ROTA_VE_CORREDOR_00,469.50,1.92,A1_L0
intenso,1,PREEMPCAO,327.0,VE_ROTA_VE_CORREDOR_00,470.87,1.00,A1_L0
intenso,1,PREEMPCAO,328.0,VE_ROTA_VE_CORREDOR_00,471.61,0.67,A1_L0
intenso,1,PREEMPCAO,329.0,VE_ROTA_VE_CORREDOR_00,472.62,1.46,A1_L0
intenso,1,PREEMPCAO,330.0,VE_ROTA_VE_CORREDOR_00,474.84,2.88,A1_L0
intenso,1,PREEMPCAO,331.0,VE_ROTA_VE_CORREDOR_00,478.66,4.65,A1_L0
intenso,1,PREEMPCAO,332.0,VE_ROTA_VE_CORREDOR_00,484.24,6.38,A1_L0
intenso,1,PREEMPCAO,333.0,VE_ROTA_VE_CORREDOR_00,491.64,8.27,:CRUZ_01_11
intenso,1,PREEMPCAO,334.0,VE_ROTA_VE_CORREDOR_00,501.03,10.25,:CRUZ_01_11
intenso,1,PREEMPCAO,335.0,VE_ROTA_VE_CORREDOR_00,512.42,12.30,A1_L1
intenso,1,PREEMPCAO,336.0,VE_ROTA_VE_CORREDOR_00,525.78,14.28,A1_L1
intenso,1,PREEMPCAO,337.0,VE_ROTA_VE_CORREDOR_00,540.82,15.33,A1_L1
intenso,1,PREEMPCAO,338.0,VE_ROTA_VE_CORREDOR_00,556.37,15.66,A1_L1
intenso,1,PREEMPCAO,339.0,VE_ROTA_VE_CORREDOR_00,572.12,15.84,A1_L1
intenso,1,PREEMPCAO,340.0,VE_ROTA_VE_CORREDOR_00,588.03,15.93,A1_L1
intenso,1,PREEMPCAO,341.0,VE_ROTA_VE_CORREDOR_00,604.07,16.14,A1_L1
intenso,1,PREEMPCAO,342.0,VE_ROTA_VE_CORREDOR_00,620.19,16.17,A1_L1
intenso,1,PREEMPCAO,343.0,VE_ROTA_VE_CORREDOR_00,636.40,16.22,A1_L1
intenso,1,PREEMPCAO,344.0,VE_ROTA_VE_CORREDOR_00,653.92,18.84,A1_L1
intenso,1,PREEMPCAO,345.0,VE_ROTA_VE_CORREDOR_00,674.33,21.33,A1_L1
intenso,1,PREEMPCAO,346.0,VE_ROTA_VE_CORREDOR_00,695.19,20.51,A1_L1
intenso,1,PREEMPCAO,347.0,VE_ROTA_VE_CORREDOR_00,715.29,19.83,A1_L1
intenso,1,PREEMPCAO,348.0,VE_ROTA_VE_CORREDOR_00,734.74,19.24,A1_L1
intenso,1,PREEMPCAO,349.0,VE_ROTA_VE_CORREDOR_00,753.65,18.70,A1_L1
intenso,1,PREEMPCAO,350.0,VE_ROTA_VE_CORREDOR_00,772.13,18.30,A1_L1
intenso,1,PREEMPCAO,351.0,VE_ROTA_VE_CORREDOR_00,790.24,18.01,A1_L1
intenso,1,PREEMPCAO,352.0,VE_ROTA_VE_CORREDOR_00,808.07,17.73,A1_L1
intenso,1,PREEMPCAO,353.0,VE_ROTA_VE_CORREDOR_00,825.65,17.50,A1_L1
intenso,1,PREEMPCAO,354.0,VE_ROTA_VE_CORREDOR_00,843.04,17.32,A1_L1
intenso,1,PREEMPCAO,355.0,VE_ROTA_VE_CORREDOR_00,859.80,16.01,A1_L1
intenso,1,PREEMPCAO,356.0,VE_ROTA_VE_CORREDOR_00,874.86,14.40,A1_L1
intenso,1,PREEMPCAO,357.0,VE_ROTA_VE_CORREDOR_00,888.50,13.07,A1_L1
intenso,1,PREEMPCAO,358.0,VE_ROTA_VE_CORREDOR_00,901.05,12.14,A1_L1
intenso,1,PREEMPCAO,359.0,VE_ROTA_VE_CORREDOR_00,912.78,11.48,A1_L1
intenso,1,PREEMPCAO,360.0,VE_ROTA_VE_CORREDOR_00,923.96,10.99,A1_L1
intenso,1,PREEMPCAO,361.0,VE_ROTA_VE_CORREDOR_00,934.82,10.71,A1_L1
intenso,1,PREEMPCAO,362.0,VE_ROTA_VE_CORREDOR_00,945.53,10.65,A1_L1
intenso,1,PREEMPCAO,363.0,VE_ROTA_VE_CORREDOR_00,956.25,10.72,A1_L1
intenso,1,PREEMPCAO,364.0,VE_ROTA_VE_CORREDOR_00,967.05,10.88,A1_L1
intenso,1,PREEMPCAO,365.0,VE_ROTA_VE_CORREDOR_00,978.00,11.07,A1_L1
intenso,1,PREEMPCAO,366.0,VE_ROTA_VE_CORREDOR_00,989.15,11.25,:CRUZ_02_11
intenso,1,PREEMPCAO,367.0,VE_ROTA_VE_CORREDOR_00,1000.54,11.53,:CRUZ_02_11
intenso,1,PREEMPCAO,368.0,VE_ROTA_VE_CORREDOR_00,1012.15,11.74,A1_L2
intenso,1,PREEMPCAO,369.0,VE_ROTA_VE_CORREDOR_00,1023.96,11.92,A1_L2
intenso,1,PREEMPCAO,370.0,VE_ROTA_VE_CORREDOR_00,1036.04,12.23,A1_L2
intenso,1,PREEMPCAO,371.0,VE_ROTA_VE_CORREDOR_00,1048.34,12.44,A1_L2
intenso,1,PREEMPCAO,372.0,VE_ROTA_VE_CORREDOR_00,1060.84,12.61,A1_L2
intenso,1,PREEMPCAO,373.0,VE_ROTA_VE_CORREDOR_00,1073.51,12.79,A1_L2
intenso,1,PREEMPCAO,374.0,VE_ROTA_VE_CORREDOR_00,1086.37,12.91,A1_L2
intenso,1,PREEMPCAO,375.0,VE_ROTA_VE_CORREDOR_00,1099.37,13.06,A1_L2
intenso,1,PREEMPCAO,376.0,VE_ROTA_VE_CORREDOR_00,1112.55,13.24,A1_L2
intenso,1,PREEMPCAO,377.0,VE_ROTA_VE_CORREDOR_00,1125.85,13.41,A1_L2
intenso,1,PREEMPCAO,378.0,VE_ROTA_VE_CORREDOR_00,1139.26,13.47,A1_L2
intenso,1,PREEMPCAO,379.0,VE_ROTA_VE_CORREDOR_00,1152.81,13.60,A1_L2
intenso,1,PREEMPCAO,380.0,VE_ROTA_VE_CORREDOR_00,1166.43,13.71,A1_L2
intenso,1,PREEMPCAO,381.0,VE_ROTA_VE_CORREDOR_00,1180.13,13.72,A1_L2
intenso,1,PREEMPCAO,382.0,VE_ROTA_VE_CORREDOR_00,1193.90,13.75,A1_L2
intenso,1,PREEMPCAO,383.0,VE_ROTA_VE_CORREDOR_00,1207.65,13.76,A1_L2
intenso,1,PREEMPCAO,384.0,VE_ROTA_VE_CORREDOR_00,1221.26,13.57,A1_L2
intenso,1,PREEMPCAO,385.0,VE_ROTA_VE_CORREDOR_00,1234.72,13.35,A1_L2
intenso,1,PREEMPCAO,386.0,VE_ROTA_VE_CORREDOR_00,1247.94,13.03,A1_L2
intenso,1,PREEMPCAO,387.0,VE_ROTA_VE_CORREDOR_00,1260.88,12.85,A1_L2
intenso,1,PREEMPCAO,388.0,VE_ROTA_VE_CORREDOR_00,1273.51,12.49,A1_L2
intenso,1,PREEMPCAO,389.0,VE_ROTA_VE_CORREDOR_00,1285.76,12.08,A1_L2
intenso,1,PREEMPCAO,390.0,VE_ROTA_VE_CORREDOR_00,1297.57,11.60,A1_L2
intenso,1,PREEMPCAO,391.0,VE_ROTA_VE_CORREDOR_00,1308.98,11.21,A1_L2
intenso,1,PREEMPCAO,392.0,VE_ROTA_VE_CORREDOR_00,1319.85,10.70,A1_L2
intenso,1,PREEMPCAO,393.0,VE_ROTA_VE_CORREDOR_00,1330.22,10.15,A1_L2
intenso,1,PREEMPCAO,394.0,VE_ROTA_VE_CORREDOR_00,1340.02,9.56,A1_L2
intenso,1,PREEMPCAO,395.0,VE_ROTA_VE_CORREDOR_00,1349.25,8.96,A1_L2
intenso,1,PREEMPCAO,396.0,VE_ROTA_VE_CORREDOR_00,1357.86,8.31,A1_L2
intenso,1,PREEMPCAO,397.0,VE_ROTA_VE_CORREDOR_00,1365.84,7.72,A1_L2
intenso,1,PREEMPCAO,398.0,VE_ROTA_VE_CORREDOR_00,1373.19,7.08,A1_L2
intenso,1,PREEMPCAO,399.0,VE_ROTA_VE_CORREDOR_00,1379.87,6.37,A1_L2
intenso,1,PREEMPCAO,400.0,VE_ROTA_VE_CORREDOR_00,1385.90,5.73,A1_L2
intenso,1,PREEMPCAO,401.0,VE_ROTA_VE_CORREDOR_00,1391.27,5.11,A1_L2
intenso,1,PREEMPCAO,402.0,VE_ROTA_VE_CORREDOR_00,1395.98,4.43,A1_L2
intenso,1,PREEMPCAO,403.0,VE_ROTA_VE_CORREDOR_00,1400.08,3.82,A1_L2
intenso,1,PREEMPCAO,404.0,VE_ROTA_VE_CORREDOR_00,1403.61,3.29,A1_L2
intenso,1,PREEMPCAO,405.0,VE_ROTA_VE_CORREDOR_00,1406.68,2.90,A1_L2
intenso,1,PREEMPCAO,406.0,VE_ROTA_VE_CORREDOR_00,1409.43,2.67,A1_L2
intenso,1,PREEMPCAO,407.0,VE_ROTA_VE_CORREDOR_00,1412.15,2.80,A1_L2
intenso,1,PREEMPCAO,408.0,VE_ROTA_VE_CORREDOR_00,1415.19,3.28,A1_L2
intenso,1,PREEMPCAO,409.0,VE_ROTA_VE_CORREDOR_00,1418.79,3.90,A1_L2
intenso,1,PREEMPCAO,410.0,VE_ROTA_VE_CORREDOR_00,1423.12,4.64,A1_L2
intenso,1,PREEMPCAO,411.0,VE_ROTA_VE_CORREDOR_00,1428.28,5.47,A1_L2
intenso,1,PREEMPCAO,412.0,VE_ROTA_VE_CORREDOR_00,1434.27,6.35,A1_L2
intenso,1,PREEMPCAO,413.0,VE_ROTA_VE_CORREDOR_00,1441.05,7.14,A1_L2
intenso,1,PREEMPCAO,414.0,VE_ROTA_VE_CORREDOR_00,1448.57,7.85,A1_L2
intenso,1,PREEMPCAO,415.0,VE_ROTA_VE_CORREDOR_00,1456.77,8.45,A1_L2
intenso,1,PREEMPCAO,416.0,VE_ROTA_VE_CORREDOR_00,1465.59,9.11,A1_L2
intenso,1,PREEMPCAO,417.0,VE_ROTA_VE_CORREDOR_00,1475.00,9.61,A1_L2
intenso,1,PREEMPCAO,418.0,VE_ROTA_VE_CORREDOR_00,1484.94,10.15,A1_L2
intenso,1,PREEMPCAO,419.0,VE_ROTA_VE_CORREDOR_00,1495.32,10.54,:CRUZ_03_11
intenso,1,PREEMPCAO,420.0,VE_ROTA_VE_CORREDOR_00,1506.13,10.95,A1_L3
intenso,1,PREEMPCAO,421.0,VE_ROTA_VE_CORREDOR_00,1517.33,11.39,A1_L3
intenso,1,PREEMPCAO,422.0,VE_ROTA_VE_CORREDOR_00,1528.89,11.67,A1_L3
intenso,1,PREEMPCAO,423.0,VE_ROTA_VE_CORREDOR_00,1540.72,12.08,A1_L3
intenso,1,PREEMPCAO,424.0,VE_ROTA_VE_CORREDOR_00,1552.83,12.23,A1_L3
intenso,1,PREEMPCAO,425.0,VE_ROTA_VE_CORREDOR_00,1565.20,12.40,A1_L3
intenso,1,PREEMPCAO,426.0,VE_ROTA_VE_CORREDOR_00,1577.81,12.67,A1_L3
intenso,1,PREEMPCAO,427.0,VE_ROTA_VE_CORREDOR_00,1590.55,12.78,A1_L3
intenso,1,PREEMPCAO,428.0,VE_ROTA_VE_CORREDOR_00,1603.35,12.76,A1_L3
intenso,1,PREEMPCAO,429.0,VE_ROTA_VE_CORREDOR_00,1616.16,12.76,A1_L3
intenso,1,PREEMPCAO,430.0,VE_ROTA_VE_CORREDOR_00,1628.89,12.66,A1_L3
intenso,1,PREEMPCAO,431.0,VE_ROTA_VE_CORREDOR_00,1641.50,12.49,A1_L3
intenso,1,PREEMPCAO,432.0,VE_ROTA_VE_CORREDOR_00,1653.94,12.37,A1_L3
intenso,1,PREEMPCAO,433.0,VE_ROTA_VE_CORREDOR_00,1666.14,12.11,A1_L3
intenso,1,PREEMPCAO,434.0,VE_ROTA_VE_CORREDOR_00,1678.07,11.79,A1_L3
intenso,1,PREEMPCAO,435.0,VE_ROTA_VE_CORREDOR_00,1689.66,11.44,A1_L3
intenso,1,PREEMPCAO,436.0,VE_ROTA_VE_CORREDOR_00,1700.89,11.05,A1_L3
intenso,1,PREEMPCAO,437.0,VE_ROTA_VE_CORREDOR_00,1711.74,10.61,A1_L3
intenso,1,PREEMPCAO,438.0,VE_ROTA_VE_CORREDOR_00,1722.13,10.17,A1_L3
intenso,1,PREEMPCAO,439.0,VE_ROTA_VE_CORREDOR_00,1732.09,9.80,A1_L3
intenso,1,PREEMPCAO,440.0,VE_ROTA_VE_CORREDOR_00,1741.55,9.23,A1_L3
intenso,1,PREEMPCAO,441.0,VE_ROTA_VE_CORREDOR_00,1750.53,8.79,A1_L3
intenso,1,PREEMPCAO,442.0,VE_ROTA_VE_CORREDOR_00,1759.01,8.27,A1_L3
intenso,1,PREEMPCAO,443.0,VE_ROTA_VE_CORREDOR_00,1767.02,7.78,A1_L3
intenso,1,PREEMPCAO,444.0,VE_ROTA_VE_CORREDOR_00,1774.56,7.33,A1_L3
intenso,1,PREEMPCAO,445.0,VE_ROTA_VE_CORREDOR_00,1781.66,6.90,A1_L3
intenso,1,PREEMPCAO,446.0,VE_ROTA_VE_CORREDOR_00,1788.37,6.56,A1_L3
intenso,1,PREEMPCAO,447.0,VE_ROTA_VE_CORREDOR_00,1794.78,6.24,A1_L3
intenso,1,PREEMPCAO,448.0,VE_ROTA_VE_CORREDOR_00,1800.93,6.06,A1_L3
intenso,1,PREEMPCAO,449.0,VE_ROTA_VE_CORREDOR_00,1806.92,5.96,A1_L3
intenso,1,PREEMPCAO,450.0,VE_ROTA_VE_CORREDOR_00,1812.84,5.88,A1_L3
intenso,1,PREEMPCAO,451.0,VE_ROTA_VE_CORREDOR_00,1818.80,6.00,A1_L3
intenso,1,PREEMPCAO,452.0,VE_ROTA_VE_CORREDOR_00,1824.87,6.16,A1_L3
intenso,1,PREEMPCAO,453.0,VE_ROTA_VE_CORREDOR_00,1831.06,6.23,A1_L3
intenso,1,PREEMPCAO,454.0,VE_ROTA_VE_CORREDOR_00,1837.36,6.30,A1_L3
intenso,1,PREEMPCAO,455.0,VE_ROTA_VE_CORREDOR_00,1843.73,6.33,A1_L3
intenso,1,PREEMPCAO,456.0,VE_ROTA_VE_CORREDOR_00,1850.13,6.38,A1_L3
intenso,1,PREEMPCAO,457.0,VE_ROTA_VE_CORREDOR_00,1856.49,6.34,A1_L3
intenso,1,PREEMPCAO,458.0,VE_ROTA_VE_CORREDOR_00,1862.78,6.23,A1_L3
intenso,1,PREEMPCAO,459.0,VE_ROTA_VE_CORREDOR_00,1868.92,6.04,A1_L3
intenso,1,PREEMPCAO,460.0,VE_ROTA_VE_CORREDOR_00,1874.87,5.86,A1_L3
intenso,1,PREEMPCAO,461.0,VE_ROTA_VE_CORREDOR_00,1880.56,5.58,A1_L3
intenso,1,PREEMPCAO,462.0,VE_ROTA_VE_CORREDOR_00,1885.98,5.29,A1_L3
intenso,1,PREEMPCAO,463.0,VE_ROTA_VE_CORREDOR_00,1891.06,4.91,A1_L3
intenso,1,PREEMPCAO,464.0,VE_ROTA_VE_CORREDOR_00,1895.78,4.56,A1_L3
intenso,1,PREEMPCAO,465.0,VE_ROTA_VE_CORREDOR_00,1900.11,4.16,A1_L3
intenso,1,PREEMPCAO,466.0,VE_ROTA_VE_CORREDOR_00,1904.02,3.73,A1_L3
intenso,1,PREEMPCAO,467.0,VE_ROTA_VE_CORREDOR_00,1907.51,3.31,A1_L3
intenso,1,PREEMPCAO,468.0,VE_ROTA_VE_CORREDOR_00,1910.56,2.87,A1_L3
intenso,1,PREEMPCAO,469.0,VE_ROTA_VE_CORREDOR_00,1913.19,2.45,A1_L3
intenso,1,PREEMPCAO,470.0,VE_ROTA_VE_CORREDOR_00,1915.43,2.06,A1_L3
intenso,1,PREEMPCAO,471.0,VE_ROTA_VE_CORREDOR_00,1917.28,1.70,A1_L3
intenso,1,PREEMPCAO,472.0,VE_ROTA_VE_CORREDOR_00,1918.78,1.36,A1_L3
intenso,1,PREEMPCAO,473.0,VE_ROTA_VE_CORREDOR_00,1920.00,1.10,A1_L3
intenso,1,PREEMPCAO,474.0,VE_ROTA_VE_CORREDOR_00,1921.03,0.99,A1_L3
intenso,1,PREEMPCAO,475.0,VE_ROTA_VE_CORREDOR_00,1922.08,1.14,A1_L3
intenso,1,PREEMPCAO,476.0,VE_ROTA_VE_CORREDOR_00,1923.47,1.66,A1_L3
intenso,1,PREEMPCAO,477.0,VE_ROTA_VE_CORREDOR_00,1925.56,2.52,A1_L3
intenso,1,PREEMPCAO,478.0,VE_ROTA_VE_CORREDOR_00,1928.56,3.46,A1_L3
intenso,1,PREEMPCAO,479.0,VE_ROTA_VE_CORREDOR_00,1932.56,4.48,A1_L3
intenso,1,PREEMPCAO,480.0,VE_ROTA_VE_CORREDOR_00,1937.55,5.44,A1_L3
intenso,1,PREEMPCAO,481.0,VE_ROTA_VE_CORREDOR_00,1943.45,6.35,A1_L3
intenso,1,PREEMPCAO,482.0,VE_ROTA_VE_CORREDOR_00,1950.23,7.14,A1_L3
intenso,1,PREEMPCAO,483.0,VE_ROTA_VE_CORREDOR_00,1957.81,7.91,A1_L3
intenso,1,PREEMPCAO,484.0,VE_ROTA_VE_CORREDOR_00,1966.08,8.51,A1_L3
intenso,1,PREEMPCAO,485.0,VE_ROTA_VE_CORREDOR_00,1974.98,9.15,A1_L3
intenso,1,PREEMPCAO,486.0,VE_ROTA_VE_CORREDOR_00,1984.55,9.96,A1_L3
intenso,1,PREEMPCAO,487.0,VE_ROTA_VE_CORREDOR_00,1993.15,8.44,:CRUZ_04_10
intenso,1,PREEMPCAO,488.0,VE_ROTA_VE_CORREDOR_00,2002.19,10.14,T4_S1
intenso,1,PREEMPCAO,489.0,VE_ROTA_VE_CORREDOR_00,2013.91,13.00,T4_S1
intenso,1,PREEMPCAO,490.0,VE_ROTA_VE_CORREDOR_00,2028.06,14.44,T4_S1
intenso,1,PREEMPCAO,491.0,VE_ROTA_VE_CORREDOR_00,2042.48,14.43,T4_S1
intenso,1,PREEMPCAO,492.0,VE_ROTA_VE_CORREDOR_00,2056.91,14.44,T4_S1
intenso,1,PREEMPCAO,493.0,VE_ROTA_VE_CORREDOR_00,2071.34,14.44,T4_S1
intenso,1,PREEMPCAO,494.0,VE_ROTA_VE_CORREDOR_00,2085.76,14.44,T4_S1
intenso,1,PREEMPCAO,495.0,VE_ROTA_VE_CORREDOR_00,2100.19,14.42,T4_S1
intenso,1,PREEMPCAO,496.0,VE_ROTA_VE_CORREDOR_00,2114.62,14.43,T4_S1
intenso,1,PREEMPCAO,497.0,VE_ROTA_VE_CORREDOR_00,2129.05,14.44,T4_S1
intenso,1,PREEMPCAO,498.0,VE_ROTA_VE_CORREDOR_00,2143.47,14.42,T4_S1
intenso,1,PREEMPCAO,499.0,VE_ROTA_VE_CORREDOR_00,2157.90,14.44,T4_S1
intenso,1,PREEMPCAO,500.0,VE_ROTA_VE_CORREDOR_00,2172.33,14.44,T4_S1
intenso,1,PREEMPCAO,501.0,VE_ROTA_VE_CORREDOR_00,2186.76,14.42,T4_S1
intenso,1,PREEMPCAO,502.0,VE_ROTA_VE_CORREDOR_00,2201.19,14.43,T4_S1
intenso,1,PREEMPCAO,503.0,VE_ROTA_VE_CORREDOR_00,2215.61,14.42,T4_S1
intenso,1,PREEMPCAO,504.0,VE_ROTA_VE_CORREDOR_00,2230.04,14.44,T4_S1
intenso,1,PREEMPCAO,505.0,VE_ROTA_VE_CORREDOR_00,2244.47,14.43,T4_S1
intenso,1,PREEMPCAO,506.0,VE_ROTA_VE_CORREDOR_00,2258.90,14.43,T4_S1
intenso,1,PREEMPCAO,507.0,VE_ROTA_VE_CORREDOR_00,2273.32,14.42,T4_S1
intenso,1,PREEMPCAO,508.0,VE_ROTA_VE_CORREDOR_00,2287.75,14.44,T4_S1
intenso,1,PREEMPCAO,509.0,VE_ROTA_VE_CORREDOR_00,2302.18,14.43,T4_S1
intenso,1,PREEMPCAO,510.0,VE_ROTA_VE_CORREDOR_00,2316.61,14.44,T4_S1
intenso,1,PREEMPCAO,511.0,VE_ROTA_VE_CORREDOR_00,2331.04,14.44,T4_S1
intenso,1,PREEMPCAO,512.0,VE_ROTA_VE_CORREDOR_00,2345.47,14.44,T4_S1
intenso,1,PREEMPCAO,513.0,VE_ROTA_VE_CORREDOR_00,2359.90,14.42,T4_S1
intenso,1,PREEMPCAO,514.0,VE_ROTA_VE_CORREDOR_00,2374.33,14.44,T4_S1
intenso,1,PREEMPCAO,515.0,VE_ROTA_VE_CORREDOR_00,2388.76,14.43,T4_S1
intenso,1,PREEMPCAO,516.0,VE_ROTA_VE_CORREDOR_00,2403.19,14.42,T4_S1
intenso,1,PREEMPCAO,517.0,VE_ROTA_VE_CORREDOR_00,2417.62,14.42,T4_S1
intenso,1,PREEMPCAO,518.0,VE_ROTA_VE_CORREDOR_00,2432.04,14.43,T4_S1
intenso,1,PREEMPCAO,519.0,VE_ROTA_VE_CORREDOR_00,2446.47,14.44,T4_S1
intenso,1,PREEMPCAO,520.0,VE_ROTA_VE_CORREDOR_00,2460.90,14.42,T4_S1
intenso,1,PREEMPCAO,521.0,VE_ROTA_VE_CORREDOR_00,2473.10,9.96,T4_S1
intenso,1,PREEMPCAO,522.0,VE_ROTA_VE_CORREDOR_00,2481.70,8.43,:CRUZ_08_0
intenso,1,PREEMPCAO,523.0,VE_ROTA_VE_CORREDOR_00,2490.74,10.15,A2_O3
intenso,1,PREEMPCAO,524.0,VE_ROTA_VE_CORREDOR_00,2502.46,12.99,A2_O3
intenso,1,PREEMPCAO,525.0,VE_ROTA_VE_CORREDOR_00,2517.00,15.81,A2_O3
intenso,1,PREEMPCAO,526.0,VE_ROTA_VE_CORREDOR_00,2534.38,18.65,A2_O3
intenso,1,PREEMPCAO,527.0,VE_ROTA_VE_CORREDOR_00,2554.59,21.50,A2_O3
intenso,1,PREEMPCAO,528.0,VE_ROTA_VE_CORREDOR_00,2576.25,21.64,A2_O3
intenso,1,PREEMPCAO,529.0,VE_ROTA_VE_CORREDOR_00,2597.90,21.65,A2_O3
intenso,1,PREEMPCAO,530.0,VE_ROTA_VE_CORREDOR_00,2619.55,21.64,A2_O3
intenso,1,PREEMPCAO,531.0,VE_ROTA_VE_CORREDOR_00,2641.21,21.66,A2_O3
intenso,1,PREEMPCAO,532.0,VE_ROTA_VE_CORREDOR_00,2662.86,21.66,A2_O3
intenso,1,PREEMPCAO,533.0,VE_ROTA_VE_CORREDOR_00,2684.52,21.67,A2_O3
intenso,1,PREEMPCAO,534.0,VE_ROTA_VE_CORREDOR_00,2706.18,21.67,A2_O3
intenso,1,PREEMPCAO,535.0,VE_ROTA_VE_CORREDOR_00,2727.83,21.65,A2_O3
intenso,1,PREEMPCAO,536.0,VE_ROTA_VE_CORREDOR_00,2749.48,21.67,A2_O3
intenso,1,PREEMPCAO,537.0,VE_ROTA_VE_CORREDOR_00,2771.14,21.66,A2_O3
intenso,1,PREEMPCAO,538.0,VE_ROTA_VE_CORREDOR_00,2792.80,21.65,A2_O3
intenso,1,PREEMPCAO,539.0,VE_ROTA_VE_CORREDOR_00,2814.21,20.61,A2_O3
intenso,1,PREEMPCAO,540.0,VE_ROTA_VE_CORREDOR_00,2833.22,17.69,A2_O3
intenso,1,PREEMPCAO,541.0,VE_ROTA_VE_CORREDOR_00,2849.39,14.92,A2_O3
intenso,1,PREEMPCAO,542.0,VE_ROTA_VE_CORREDOR_00,2862.87,12.33,A2_O3
intenso,1,PREEMPCAO,543.0,VE_ROTA_VE_CORREDOR_00,2873.86,9.94,A2_O3
intenso,1,PREEMPCAO,544.0,VE_ROTA_VE_CORREDOR_00,2882.60,7.80,A2_O3
intenso,1,PREEMPCAO,545.0,VE_ROTA_VE_CORREDOR_00,2889.40,6.06,A2_O3
intenso,1,PREEMPCAO,546.0,VE_ROTA_VE_CORREDOR_00,2894.72,4.81,A2_O3
intenso,1,PREEMPCAO,547.0,VE_ROTA_VE_CORREDOR_00,2900.61,6.65,A2_O3
intenso,1,PREEMPCAO,548.0,VE_ROTA_VE_CORREDOR_00,2907.28,6.72,A2_O3
intenso,1,PREEMPCAO,549.0,VE_ROTA_VE_CORREDOR_00,2914.24,7.17,A2_O3
intenso,1,PREEMPCAO,550.0,VE_ROTA_VE_CORREDOR_00,2921.72,7.78,A2_O3
intenso,1,PREEMPCAO,551.0,VE_ROTA_VE_CORREDOR_00,2929.83,8.47,A2_O3
intenso,1,PREEMPCAO,552.0,VE_ROTA_VE_CORREDOR_00,2938.63,9.08,A2_O3
intenso,1,PREEMPCAO,553.0,VE_ROTA_VE_CORREDOR_00,2948.11,9.73,A2_O3
intenso,1,PREEMPCAO,554.0,VE_ROTA_VE_CORREDOR_00,2958.18,10.33,A2_O3
intenso,1,PREEMPCAO,555.0,VE_ROTA_VE_CORREDOR_00,2968.83,10.92,A2_O3
intenso,1,PREEMPCAO,556.0,VE_ROTA_VE_CORREDOR_00,2980.02,11.40,:CRUZ_07_4
intenso,1,PREEMPCAO,557.0,VE_ROTA_VE_CORREDOR_00,2991.71,11.93,A2_O2
intenso,1,PREEMPCAO,558.0,VE_ROTA_VE_CORREDOR_00,3003.81,12.30,A2_O2
intenso,1,PREEMPCAO,559.0,VE_ROTA_VE_CORREDOR_00,3016.31,12.63,A2_O2
intenso,1,PREEMPCAO,560.0,VE_ROTA_VE_CORREDOR_00,3029.15,13.07,A2_O2
intenso,1,PREEMPCAO,561.0,VE_ROTA_VE_CORREDOR_00,3042.31,13.33,A2_O2
intenso,1,PREEMPCAO,562.0,VE_ROTA_VE_CORREDOR_00,3055.72,13.54,A2_O2
intenso,1,PREEMPCAO,563.0,VE_ROTA_VE_CORREDOR_00,3069.40,13.75,A2_O2
intenso,1,PREEMPCAO,564.0,VE_ROTA_VE_CORREDOR_00,3083.30,14.01,A2_O2
intenso,1,PREEMPCAO,565.0,VE_ROTA_VE_CORREDOR_00,3097.40,14.09,A2_O2
intenso,1,PREEMPCAO,566.0,VE_ROTA_VE_CORREDOR_00,3111.74,14.48,A2_O2
intenso,1,PREEMPCAO,567.0,VE_ROTA_VE_CORREDOR_00,3126.25,14.54,A2_O2
intenso,1,PREEMPCAO,568.0,VE_ROTA_VE_CORREDOR_00,3140.90,14.66,A2_O2
intenso,1,PREEMPCAO,569.0,VE_ROTA_VE_CORREDOR_00,3155.67,14.82,A2_O2
intenso,1,PREEMPCAO,570.0,VE_ROTA_VE_CORREDOR_00,3170.52,14.90,A2_O2
intenso,1,PREEMPCAO,571.0,VE_ROTA_VE_CORREDOR_00,3185.42,14.82,A2_O2
intenso,1,PREEMPCAO,572.0,VE_ROTA_VE_CORREDOR_00,3200.05,14.47,A2_O2
intenso,1,PREEMPCAO,573.0,VE_ROTA_VE_CORREDOR_00,3214.30,14.01,A2_O2
intenso,1,PREEMPCAO,574.0,VE_ROTA_VE_CORREDOR_00,3228.13,13.62,A2_O2
intenso,1,PREEMPCAO,575.0,VE_ROTA_VE_CORREDOR_00,3241.54,13.15,A2_O2
intenso,1,PREEMPCAO,576.0,VE_ROTA_VE_CORREDOR_00,3254.45,12.76,A2_O2
intenso,1,PREEMPCAO,577.0,VE_ROTA_VE_CORREDOR_00,3266.88,12.18,A2_O2
intenso,1,PREEMPCAO,578.0,VE_ROTA_VE_CORREDOR_00,3278.85,11.74,A2_O2
intenso,1,PREEMPCAO,579.0,VE_ROTA_VE_CORREDOR_00,3290.37,11.33,A2_O2
intenso,1,PREEMPCAO,580.0,VE_ROTA_VE_CORREDOR_00,3301.49,10.99,A2_O2
intenso,1,PREEMPCAO,581.0,VE_ROTA_VE_CORREDOR_00,3312.24,10.55,A2_O2
intenso,1,PREEMPCAO,582.0,VE_ROTA_VE_CORREDOR_00,3322.70,10.38,A2_O2
intenso,1,PREEMPCAO,583.0,VE_ROTA_VE_CORREDOR_00,3332.91,10.17,A2_O2
intenso,1,PREEMPCAO,584.0,VE_ROTA_VE_CORREDOR_00,3342.97,10.04,A2_O2
intenso,1,PREEMPCAO,585.0,VE_ROTA_VE_CORREDOR_00,3352.93,9.86,A2_O2
intenso,1,PREEMPCAO,586.0,VE_ROTA_VE_CORREDOR_00,3362.83,9.88,A2_O2
intenso,1,PREEMPCAO,587.0,VE_ROTA_VE_CORREDOR_00,3372.77,9.96,A2_O2
intenso,1,PREEMPCAO,588.0,VE_ROTA_VE_CORREDOR_00,3382.78,10.09,A2_O2
intenso,1,PREEMPCAO,589.0,VE_ROTA_VE_CORREDOR_00,3392.89,10.19,A2_O2
intenso,1,PREEMPCAO,590.0,VE_ROTA_VE_CORREDOR_00,3403.17,10.39,A2_O2
intenso,1,PREEMPCAO,591.0,VE_ROTA_VE_CORREDOR_00,3413.60,10.54,A2_O2
intenso,1,PREEMPCAO,592.0,VE_ROTA_VE_CORREDOR_00,3424.23,10.71,A2_O2
intenso,1,PREEMPCAO,593.0,VE_ROTA_VE_CORREDOR_00,3435.07,10.91,A2_O2
intenso,1,PREEMPCAO,594.0,VE_ROTA_VE_CORREDOR_00,3446.12,11.16,A2_O2
intenso,1,PREEMPCAO,595.0,VE_ROTA_VE_CORREDOR_00,3457.38,11.31,A2_O2
intenso,1,PREEMPCAO,596.0,VE_ROTA_VE_CORREDOR_00,3468.87,11.52,A2_O2
intenso,1,PREEMPCAO,597.0,VE_ROTA_VE_CORREDOR_00,3480.56,11.80,:CRUZ_06_4
intenso,1,PREEMPCAO,598.0,VE_ROTA_VE_CORREDOR_00,3492.44,11.99,A2_O1
intenso,1,PREEMPCAO,599.0,VE_ROTA_VE_CORREDOR_00,3504.54,12.20,A2_O1
intenso,1,PREEMPCAO,600.0,VE_ROTA_VE_CORREDOR_00,3516.79,12.31,A2_O1
intenso,1,PREEMPCAO,601.0,VE_ROTA_VE_CORREDOR_00,3529.19,12.50,A2_O1
intenso,1,PREEMPCAO,602.0,VE_ROTA_VE_CORREDOR_00,3541.70,12.60,A2_O1
intenso,1,PREEMPCAO,603.0,VE_ROTA_VE_CORREDOR_00,3554.30,12.66,A2_O1
intenso,1,PREEMPCAO,604.0,VE_ROTA_VE_CORREDOR_00,3566.95,12.70,A2_O1
intenso,1,PREEMPCAO,605.0,VE_ROTA_VE_CORREDOR_00,3579.66,12.74,A2_O1
intenso,1,PREEMPCAO,606.0,VE_ROTA_VE_CORREDOR_00,3592.37,12.70,A2_O1
intenso,1,PREEMPCAO,607.0,VE_ROTA_VE_CORREDOR_00,3605.03,12.64,A2_O1
intenso,1,PREEMPCAO,608.0,VE_ROTA_VE_CORREDOR_00,3617.65,12.59,A2_O1
intenso,1,PREEMPCAO,609.0,VE_ROTA_VE_CORREDOR_00,3630.19,12.48,A2_O1
intenso,1,PREEMPCAO,610.0,VE_ROTA_VE_CORREDOR_00,3642.56,12.33,A2_O1
intenso,1,PREEMPCAO,611.0,VE_ROTA_VE_CORREDOR_00,3654.77,12.08,A2_O1
intenso,1,PREEMPCAO,612.0,VE_ROTA_VE_CORREDOR_00,3666.79,11.86,A2_O1
intenso,1,PREEMPCAO,613.0,VE_ROTA_VE_CORREDOR_00,3678.60,11.74,A2_O1
intenso,1,PREEMPCAO,614.0,VE_ROTA_VE_CORREDOR_00,3690.16,11.50,A2_O1
intenso,1,PREEMPCAO,615.0,VE_ROTA_VE_CORREDOR_00,3701.46,11.19,A2_O1
intenso,1,PREEMPCAO,616.0,VE_ROTA_VE_CORREDOR_00,3712.45,10.86,A2_O1
intenso,1,PREEMPCAO,617.0,VE_ROTA_VE_CORREDOR_00,3723.10,10.49,A2_O1
intenso,1,PREEMPCAO,618.0,VE_ROTA_VE_CORREDOR_00,3733.40,10.16,A2_O1
intenso,1,PREEMPCAO,619.0,VE_ROTA_VE_CORREDOR_00,3743.34,9.78,A2_O1
intenso,1,PREEMPCAO,620.0,VE_ROTA_VE_CORREDOR_00,3752.86,9.34,A2_O1
intenso,1,PREEMPCAO,621.0,VE_ROTA_VE_CORREDOR_00,3761.99,8.94,A2_O1
intenso,1,PREEMPCAO,622.0,VE_ROTA_VE_CORREDOR_00,3770.67,8.51,A2_O1
intenso,1,PREEMPCAO,623.0,VE_ROTA_VE_CORREDOR_00,3778.91,8.05,A2_O1
intenso,1,PREEMPCAO,624.0,VE_ROTA_VE_CORREDOR_00,3786.68,7.57,A2_O1
intenso,1,PREEMPCAO,625.0,VE_ROTA_VE_CORREDOR_00,3793.98,7.13,A2_O1
intenso,1,PREEMPCAO,626.0,VE_ROTA_VE_CORREDOR_00,3800.79,6.54,A2_O1
intenso,1,PREEMPCAO,627.0,VE_ROTA_VE_CORREDOR_00,3807.10,6.09,A2_O1
intenso,1,PREEMPCAO,628.0,VE_ROTA_VE_CORREDOR_00,3812.92,5.63,A2_O1
intenso,1,PREEMPCAO,629.0,VE_ROTA_VE_CORREDOR_00,3818.22,5.07,A2_O1
intenso,1,PREEMPCAO,630.0,VE_ROTA_VE_CORREDOR_00,3823.02,4.57,A2_O1
intenso,1,PREEMPCAO,631.0,VE_ROTA_VE_CORREDOR_00,3827.34,4.09,A2_O1
intenso,1,PREEMPCAO,632.0,VE_ROTA_VE_CORREDOR_00,3831.18,3.66,A2_O1
intenso,1,PREEMPCAO,633.0,VE_ROTA_VE_CORREDOR_00,3834.55,3.18,A2_O1
intenso,1,PREEMPCAO,634.0,VE_ROTA_VE_CORREDOR_00,3837.52,2.80,A2_O1
intenso,1,PREEMPCAO,635.0,VE_ROTA_VE_CORREDOR_00,3840.09,2.43,A2_O1
intenso,1,PREEMPCAO,636.0,VE_ROTA_VE_CORREDOR_00,3842.36,2.17,A2_O1
intenso,1,PREEMPCAO,637.0,VE_ROTA_VE_CORREDOR_00,3844.43,2.03,A2_O1
intenso,1,PREEMPCAO,638.0,VE_ROTA_VE_CORREDOR_00,3846.45,2.03,A2_O1
intenso,1,PREEMPCAO,639.0,VE_ROTA_VE_CORREDOR_00,3848.59,2.24,A2_O1
intenso,1,PREEMPCAO,640.0,VE_ROTA_VE_CORREDOR_00,3851.01,2.60,A2_O1
intenso,1,PREEMPCAO,641.0,VE_ROTA_VE_CORREDOR_00,3853.85,3.06,A2_O1
intenso,1,PREEMPCAO,642.0,VE_ROTA_VE_CORREDOR_00,3857.23,3.60,A2_O1
intenso,1,PREEMPCAO,643.0,VE_ROTA_VE_CORREDOR_00,3861.20,4.19,A2_O1
intenso,1,PREEMPCAO,644.0,VE_ROTA_VE_CORREDOR_00,3865.78,4.86,A2_O1
intenso,1,PREEMPCAO,645.0,VE_ROTA_VE_CORREDOR_00,3871.00,5.51,A2_O1
intenso,1,PREEMPCAO,646.0,VE_ROTA_VE_CORREDOR_00,3876.84,6.11,A2_O1
intenso,1,PREEMPCAO,647.0,VE_ROTA_VE_CORREDOR_00,3883.27,6.62,A2_O1
intenso,1,PREEMPCAO,648.0,VE_ROTA_VE_CORREDOR_00,3890.30,7.27,A2_O1
intenso,1,PREEMPCAO,649.0,VE_ROTA_VE_CORREDOR_00,3897.88,7.87,A2_O1
intenso,1,PREEMPCAO,650.0,VE_ROTA_VE_CORREDOR_00,3905.99,8.32,A2_O1
intenso,1,PREEMPCAO,651.0,VE_ROTA_VE_CORREDOR_00,3914.58,8.83,A2_O1
intenso,1,PREEMPCAO,652.0,VE_ROTA_VE_CORREDOR_00,3923.61,9.24,A2_O1
intenso,1,PREEMPCAO,653.0,VE_ROTA_VE_CORREDOR_00,3933.11,9.72,A2_O1
intenso,1,PREEMPCAO,654.0,VE_ROTA_VE_CORREDOR_00,3943.01,10.08,A2_O1
intenso,1,PREEMPCAO,655.0,VE_ROTA_VE_CORREDOR_00,3953.27,10.39,A2_O1
intenso,1,PREEMPCAO,656.0,VE_ROTA_VE_CORREDOR_00,3963.88,10.79,A2_O1
intenso,1,PREEMPCAO,657.0,VE_ROTA_VE_CORREDOR_00,3974.83,11.03,:CRUZ_05_4
intenso,1,PREEMPCAO,658.0,VE_ROTA_VE_CORREDOR_00,3986.07,11.37,A2_O0
intenso,1,PREEMPCAO,659.0,VE_ROTA_VE_CORREDOR_00,3997.60,11.66,A2_O0
intenso,1,PREEMPCAO,660.0,VE_ROTA_VE_CORREDOR_00,4009.37,11.92,A2_O0
intenso,1,PREEMPCAO,661.0,VE_ROTA_VE_CORREDOR_00,4021.38,12.09,A2_O0
intenso,1,PREEMPCAO,662.0,VE_ROTA_VE_CORREDOR_00,4033.63,12.35,A2_O0
intenso,1,PREEMPCAO,663.0,VE_ROTA_VE_CORREDOR_00,4046.05,12.50,A2_O0
intenso,1,PREEMPCAO,664.0,VE_ROTA_VE_CORREDOR_00,4058.64,12.70,A2_O0
intenso,1,PREEMPCAO,665.0,VE_ROTA_VE_CORREDOR_00,4071.38,12.85,A2_O0
intenso,1,PREEMPCAO,666.0,VE_ROTA_VE_CORREDOR_00,4084.27,13.01,A2_O0
intenso,1,PREEMPCAO,667.0,VE_ROTA_VE_CORREDOR_00,4097.32,13.06,A2_O0
intenso,1,PREEMPCAO,668.0,VE_ROTA_VE_CORREDOR_00,4110.45,13.17,A2_O0
intenso,1,PREEMPCAO,669.0,VE_ROTA_VE_CORREDOR_00,4123.67,13.33,A2_O0
intenso,1,PREEMPCAO,670.0,VE_ROTA_VE_CORREDOR_00,4137.00,13.35,A2_O0
intenso,1,PREEMPCAO,671.0,VE_ROTA_VE_CORREDOR_00,4150.39,13.47,A2_O0
intenso,1,PREEMPCAO,672.0,VE_ROTA_VE_CORREDOR_00,4163.86,13.55,A2_O0
intenso,1,PREEMPCAO,673.0,VE_ROTA_VE_CORREDOR_00,4177.41,13.59,A2_O0
intenso,1,PREEMPCAO,674.0,VE_ROTA_VE_CORREDOR_00,4191.01,13.65,A2_O0
intenso,1,PREEMPCAO,675.0,VE_ROTA_VE_CORREDOR_00,4204.66,13.66,A2_O0
intenso,1,PREEMPCAO,676.0,VE_ROTA_VE_CORREDOR_00,4218.34,13.76,A2_O0
intenso,1,PREEMPCAO,677.0,VE_ROTA_VE_CORREDOR_00,4232.05,13.76,A2_O0
intenso,1,PREEMPCAO,678.0,VE_ROTA_VE_CORREDOR_00,4245.78,13.72,A2_O0
intenso,1,PREEMPCAO,679.0,VE_ROTA_VE_CORREDOR_00,4259.58,13.88,A2_O0
intenso,1,PREEMPCAO,680.0,VE_ROTA_VE_CORREDOR_00,4273.49,14.02,A2_O0
intenso,1,PREEMPCAO,681.0,VE_ROTA_VE_CORREDOR_00,4287.61,14.11,A2_O0
intenso,1,PREEMPCAO,682.0,VE_ROTA_VE_CORREDOR_00,4301.84,14.32,A2_O0
intenso,1,PREEMPCAO,683.0,VE_ROTA_VE_CORREDOR_00,4316.22,14.55,A2_O0
intenso,1,PREEMPCAO,684.0,VE_ROTA_VE_CORREDOR_00,4330.85,14.65,A2_O0
intenso,1,PREEMPCAO,685.0,VE_ROTA_VE_CORREDOR_00,4345.62,14.84,A2_O0
intenso,1,PREEMPCAO,686.0,VE_ROTA_VE_CORREDOR_00,4360.46,14.80,A2_O0
intenso,1,PREEMPCAO,687.0,VE_ROTA_VE_CORREDOR_00,4375.40,14.92,A2_O0
intenso,1,PREEMPCAO,688.0,VE_ROTA_VE_CORREDOR_00,4390.42,14.98,A2_O0
intenso,1,PREEMPCAO,689.0,VE_ROTA_VE_CORREDOR_00,4405.77,15.59,A2_O0
intenso,1,PREEMPCAO,690.0,VE_ROTA_VE_CORREDOR_00,4421.43,15.73,A2_O0
intenso,1,PREEMPCAO,691.0,VE_ROTA_VE_CORREDOR_00,4437.28,15.97,A2_O0
intenso,1,PREEMPCAO,692.0,VE_ROTA_VE_CORREDOR_00,4453.28,16.01,A2_O0
intenso,1,PREEMPCAO,693.0,VE_ROTA_VE_CORREDOR_00,4470.53,18.55,A2_O0
intenso,1,PREEMPCAO,901.0,VE_ROTA_VE_CORREDOR_01,19.49,21.65,A1_L0
intenso,1,PREEMPCAO,902.0,VE_ROTA_VE_CORREDOR_01,41.15,21.66,A1_L0
intenso,1,PREEMPCAO,903.0,VE_ROTA_VE_CORREDOR_01,62.80,21.65,A1_L0
intenso,1,PREEMPCAO,904.0,VE_ROTA_VE_CORREDOR_01,84.45,21.65,A1_L0
intenso,1,PREEMPCAO,905.0,VE_ROTA_VE_CORREDOR_01,106.11,21.65,A1_L0
intenso,1,PREEMPCAO,906.0,VE_ROTA_VE_CORREDOR_01,127.76,21.66,A1_L0
intenso,1,PREEMPCAO,907.0,VE_ROTA_VE_CORREDOR_01,149.42,21.67,A1_L0
intenso,1,PREEMPCAO,908.0,VE_ROTA_VE_CORREDOR_01,171.07,21.65,A1_L0
intenso,1,PREEMPCAO,909.0,VE_ROTA_VE_CORREDOR_01,192.73,21.65,A1_L0
intenso,1,PREEMPCAO,910.0,VE_ROTA_VE_CORREDOR_01,214.39,21.64,A1_L0
intenso,1,PREEMPCAO,911.0,VE_ROTA_VE_CORREDOR_01,236.04,21.66,A1_L0
intenso,1,PREEMPCAO,912.0,VE_ROTA_VE_CORREDOR_01,257.69,21.64,A1_L0
intenso,1,PREEMPCAO,913.0,VE_ROTA_VE_CORREDOR_01,279.16,21.07,A1_L0
intenso,1,PREEMPCAO,914.0,VE_ROTA_VE_CORREDOR_01,299.73,20.18,A1_L0
intenso,1,PREEMPCAO,915.0,VE_ROTA_VE_CORREDOR_01,319.46,19.39,A1_L0
intenso,1,PREEMPCAO,916.0,VE_ROTA_VE_CORREDOR_01,339.19,20.82,A1_L0
intenso,1,PREEMPCAO,917.0,VE_ROTA_VE_CORREDOR_01,360.77,21.66,A1_L0
intenso,1,PREEMPCAO,918.0,VE_ROTA_VE_CORREDOR_01,382.42,21.66,A1_L0
intenso,1,PREEMPCAO,919.0,VE_ROTA_VE_CORREDOR_01,404.09,21.67,A1_L0
intenso,1,PREEMPCAO,920.0,VE_ROTA_VE_CORREDOR_01,425.74,21.67,A1_L0
intenso,1,PREEMPCAO,921.0,VE_ROTA_VE_CORREDOR_01,447.40,21.67,A1_L0
intenso,1,PREEMPCAO,922.0,VE_ROTA_VE_CORREDOR_01,469.06,21.66,A1_L0
intenso,1,PREEMPCAO,923.0,VE_ROTA_VE_CORREDOR_01,490.71,21.67,:CRUZ_01_11
intenso,1,PREEMPCAO,924.0,VE_ROTA_VE_CORREDOR_01,512.34,21.48,A1_L1
intenso,1,PREEMPCAO,925.0,VE_ROTA_VE_CORREDOR_01,533.10,20.22,A1_L1
intenso,1,PREEMPCAO,926.0,VE_ROTA_VE_CORREDOR_01,552.69,19.11,A1_L1
intenso,1,PREEMPCAO,927.0,VE_ROTA_VE_CORREDOR_01,571.26,18.18,A1_L1
intenso,1,PREEMPCAO,928.0,VE_ROTA_VE_CORREDOR_01,588.99,17.38,A1_L1
intenso,1,PREEMPCAO,929.0,VE_ROTA_VE_CORREDOR_01,606.04,16.77,A1_L1
intenso,1,PREEMPCAO,930.0,VE_ROTA_VE_CORREDOR_01,622.52,16.31,A1_L1
intenso,1,PREEMPCAO,931.0,VE_ROTA_VE_CORREDOR_01,638.56,15.81,A1_L1
intenso,1,PREEMPCAO,932.0,VE_ROTA_VE_CORREDOR_01,654.23,15.56,A1_L1
intenso,1,PREEMPCAO,933.0,VE_ROTA_VE_CORREDOR_01,669.57,15.21,A1_L1
intenso,1,PREEMPCAO,934.0,VE_ROTA_VE_CORREDOR_01,684.72,15.09,A1_L1
intenso,1,PREEMPCAO,935.0,VE_ROTA_VE_CORREDOR_01,699.69,14.93,A1_L1
intenso,1,PREEMPCAO,936.0,VE_ROTA_VE_CORREDOR_01,714.52,14.78,A1_L1
intenso,1,PREEMPCAO,937.0,VE_ROTA_VE_CORREDOR_01,729.25,14.72,A1_L1
intenso,1,PREEMPCAO,938.0,VE_ROTA_VE_CORREDOR_01,743.88,14.63,A1_L1
intenso,1,PREEMPCAO,939.0,VE_ROTA_VE_CORREDOR_01,758.45,14.58,A1_L1
intenso,1,PREEMPCAO,940.0,VE_ROTA_VE_CORREDOR_01,772.96,14.48,A1_L1
intenso,1,PREEMPCAO,941.0,VE_ROTA_VE_CORREDOR_01,787.43,14.45,A1_L1
intenso,1,PREEMPCAO,942.0,VE_ROTA_VE_CORREDOR_01,801.88,14.41,A1_L1
intenso,1,PREEMPCAO,943.0,VE_ROTA_VE_CORREDOR_01,816.31,14.46,A1_L1
intenso,1,PREEMPCAO,944.0,VE_ROTA_VE_CORREDOR_01,830.60,13.96,A1_L1
intenso,1,PREEMPCAO,945.0,VE_ROTA_VE_CORREDOR_01,843.91,12.85,A1_L1
intenso,1,PREEMPCAO,946.0,VE_ROTA_VE_CORREDOR_01,856.08,11.64,A1_L1
intenso,1,PREEMPCAO,947.0,VE_ROTA_VE_CORREDOR_01,867.13,10.58,A1_L1
intenso,1,PREEMPCAO,948.0,VE_ROTA_VE_CORREDOR_01,877.08,9.46,A1_L1
intenso,1,PREEMPCAO,949.0,VE_ROTA_VE_CORREDOR_01,885.92,8.32,A1_L1
intenso,1,PREEMPCAO,950.0,VE_ROTA_VE_CORREDOR_01,893.71,7.31,A1_L1
intenso,1,PREEMPCAO,951.0,VE_ROTA_VE_CORREDOR_01,900.46,6.31,A1_L1
intenso,1,PREEMPCAO,952.0,VE_ROTA_VE_CORREDOR_01,906.24,5.37,A1_L1
intenso,1,PREEMPCAO,953.0,VE_ROTA_VE_CORREDOR_01,911.09,4.44,A1_L1
intenso,1,PREEMPCAO,954.0,VE_ROTA_VE_CORREDOR_01,915.07,3.61,A1_L1
intenso,1,PREEMPCAO,955.0,VE_ROTA_VE_CORREDOR_01,918.27,2.87,A1_L1
intenso,1,PREEMPCAO,956.0,VE_ROTA_VE_CORREDOR_01,920.81,2.27,A1_L1
intenso,1,PREEMPCAO,957.0,VE_ROTA_VE_CORREDOR_01,922.83,1.83,A1_L1
intenso,1,PREEMPCAO,958.0,VE_ROTA_VE_CORREDOR_01,924.53,1.64,A1_L1
intenso,1,PREEMPCAO,959.0,VE_ROTA_VE_CORREDOR_01,926.16,1.65,A1_L1
intenso,1,PREEMPCAO,960.0,VE_ROTA_VE_CORREDOR_01,927.97,1.96,A1_L1
intenso,1,PREEMPCAO,961.0,VE_ROTA_VE_CORREDOR_01,930.18,2.46,A1_L1
intenso,1,PREEMPCAO,962.0,VE_ROTA_VE_CORREDOR_01,932.96,3.06,A1_L1
intenso,1,PREEMPCAO,963.0,VE_ROTA_VE_CORREDOR_01,936.45,3.83,A1_L1
intenso,1,PREEMPCAO,964.0,VE_ROTA_VE_CORREDOR_01,940.71,4.63,A1_L1
intenso,1,PREEMPCAO,965.0,VE_ROTA_VE_CORREDOR_01,945.79,5.45,A1_L1
intenso,1,PREEMPCAO,966.0,VE_ROTA_VE_CORREDOR_01,951.70,6.28,A1_L1
intenso,1,PREEMPCAO,967.0,VE_ROTA_VE_CORREDOR_01,958.46,7.15,A1_L1
intenso,1,PREEMPCAO,968.0,VE_ROTA_VE_CORREDOR_01,966.08,7.99,A1_L1
intenso,1,PREEMPCAO,969.0,VE_ROTA_VE_CORREDOR_01,974.45,8.63,A1_L1
intenso,1,PREEMPCAO,970.0,VE_ROTA_VE_CORREDOR_01,983.52,9.35,A1_L1
intenso,1,PREEMPCAO,971.0,VE_ROTA_VE_CORREDOR_01,993.15,9.87,:CRUZ_02_11
intenso,1,PREEMPCAO,972.0,VE_ROTA_VE_CORREDOR_01,1003.31,10.35,A1_L2
intenso,1,PREEMPCAO,973.0,VE_ROTA_VE_CORREDOR_01,1013.94,10.83,A1_L2
intenso,1,PREEMPCAO,974.0,VE_ROTA_VE_CORREDOR_01,1025.00,11.24,A1_L2
intenso,1,PREEMPCAO,975.0,VE_ROTA_VE_CORREDOR_01,1036.43,11.55,A1_L2
intenso,1,PREEMPCAO,976.0,VE_ROTA_VE_CORREDOR_01,1048.14,11.81,A1_L2
intenso,1,PREEMPCAO,977.0,VE_ROTA_VE_CORREDOR_01,1060.13,12.06,A1_L2
intenso,1,PREEMPCAO,978.0,VE_ROTA_VE_CORREDOR_01,1072.34,12.28,A1_L2
intenso,1,PREEMPCAO,979.0,VE_ROTA_VE_CORREDOR_01,1084.76,12.47,A1_L2
intenso,1,PREEMPCAO,980.0,VE_ROTA_VE_CORREDOR_01,1097.39,12.70,A1_L2
intenso,1,PREEMPCAO,981.0,VE_ROTA_VE_CORREDOR_01,1110.15,12.79,A1_L2
intenso,1,PREEMPCAO,982.0,VE_ROTA_VE_CORREDOR_01,1123.11,12.99,A1_L2
intenso,1,PREEMPCAO,983.0,VE_ROTA_VE_CORREDOR_01,1136.16,13.08,A1_L2
intenso,1,PREEMPCAO,984.0,VE_ROTA_VE_CORREDOR_01,1149.33,13.23,A1_L2
intenso,1,PREEMPCAO,985.0,VE_ROTA_VE_CORREDOR_01,1162.60,13.34,A1_L2
intenso,1,PREEMPCAO,986.0,VE_ROTA_VE_CORREDOR_01,1175.93,13.38,A1_L2
intenso,1,PREEMPCAO,987.0,VE_ROTA_VE_CORREDOR_01,1189.34,13.44,A1_L2
intenso,1,PREEMPCAO,988.0,VE_ROTA_VE_CORREDOR_01,1202.83,13.56,A1_L2
intenso,1,PREEMPCAO,989.0,VE_ROTA_VE_CORREDOR_01,1216.37,13.53,A1_L2
intenso,1,PREEMPCAO,990.0,VE_ROTA_VE_CORREDOR_01,1229.94,13.59,A1_L2
intenso,1,PREEMPCAO,991.0,VE_ROTA_VE_CORREDOR_01,1243.56,13.63,A1_L2
intenso,1,PREEMPCAO,992.0,VE_ROTA_VE_CORREDOR_01,1257.22,13.69,A1_L2
intenso,1,PREEMPCAO,993.0,VE_ROTA_VE_CORREDOR_01,1270.93,13.72,A1_L2
intenso,1,PREEMPCAO,994.0,VE_ROTA_VE_CORREDOR_01,1284.66,13.72,A1_L2
intenso,1,PREEMPCAO,995.0,VE_ROTA_VE_CORREDOR_01,1298.38,13.59,A1_L2
intenso,1,PREEMPCAO,996.0,VE_ROTA_VE_CORREDOR_01,1311.74,13.14,A1_L2
intenso,1,PREEMPCAO,997.0,VE_ROTA_VE_CORREDOR_01,1324.64,12.69,A1_L2
intenso,1,PREEMPCAO,998.0,VE_ROTA_VE_CORREDOR_01,1336.53,11.05,A1_L2
intenso,1,PREEMPCAO,999.0,VE_ROTA_VE_CORREDOR_01,1346.81,10.06,A1_L2
intenso,1,PREEMPCAO,1000.0,VE_ROTA_VE_CORREDOR_01,1356.59,9.56,A1_L2
intenso,1,PREEMPCAO,1001.0,VE_ROTA_VE_CORREDOR_01,1365.93,9.14,A1_L2
intenso,1,PREEMPCAO,1002.0,VE_ROTA_VE_CORREDOR_01,1374.79,8.65,A1_L2
intenso,1,PREEMPCAO,1003.0,VE_ROTA_VE_CORREDOR_01,1383.08,7.99,A1_L2
intenso,1,PREEMPCAO,1004.0,VE_ROTA_VE_CORREDOR_01,1390.75,7.36,A1_L2
intenso,1,PREEMPCAO,1005.0,VE_ROTA_VE_CORREDOR_01,1397.78,6.72,A1_L2
intenso,1,PREEMPCAO,1006.0,VE_ROTA_VE_CORREDOR_01,1404.16,6.11,A1_L2
intenso,1,PREEMPCAO,1007.0,VE_ROTA_VE_CORREDOR_01,1409.85,5.41,A1_L2
intenso,1,PREEMPCAO,1008.0,VE_ROTA_VE_CORREDOR_01,1414.90,4.79,A1_L2
intenso,1,PREEMPCAO,1009.0,VE_ROTA_VE_CORREDOR_01,1419.38,4.23,A1_L2
intenso,1,PREEMPCAO,1010.0,VE_ROTA_VE_CORREDOR_01,1423.46,3.96,A1_L2
intenso,1,PREEMPCAO,1011.0,VE_ROTA_VE_CORREDOR_01,1427.43,3.99,A1_L2
intenso,1,PREEMPCAO,1012.0,VE_ROTA_VE_CORREDOR_01,1431.68,4.46,A1_L2
intenso,1,PREEMPCAO,1013.0,VE_ROTA_VE_CORREDOR_01,1436.47,5.09,A1_L2
intenso,1,PREEMPCAO,1014.0,VE_ROTA_VE_CORREDOR_01,1441.90,5.77,A1_L2
intenso,1,PREEMPCAO,1015.0,VE_ROTA_VE_CORREDOR_01,1448.00,6.44,A1_L2
intenso,1,PREEMPCAO,1016.0,VE_ROTA_VE_CORREDOR_01,1454.74,7.00,A1_L2
intenso,1,PREEMPCAO,1017.0,VE_ROTA_VE_CORREDOR_01,1462.03,7.53,A1_L2
intenso,1,PREEMPCAO,1018.0,VE_ROTA_VE_CORREDOR_01,1469.84,8.07,A1_L2
intenso,1,PREEMPCAO,1019.0,VE_ROTA_VE_CORREDOR_01,1478.13,8.48,A1_L2
intenso,1,PREEMPCAO,1020.0,VE_ROTA_VE_CORREDOR_01,1486.84,8.85,:CRUZ_03_11
intenso,1,PREEMPCAO,1021.0,VE_ROTA_VE_CORREDOR_01,1495.91,9.14,:CRUZ_03_11
intenso,1,PREEMPCAO,1022.0,VE_ROTA_VE_CORREDOR_01,1505.27,9.50,A1_L3
intenso,1,PREEMPCAO,1023.0,VE_ROTA_VE_CORREDOR_01,1514.93,9.78,A1_L3
intenso,1,PREEMPCAO,1024.0,VE_ROTA_VE_CORREDOR_01,1524.83,10.04,A1_L3
intenso,1,PREEMPCAO,1025.0,VE_ROTA_VE_CORREDOR_01,1534.93,10.17,A1_L3
intenso,1,PREEMPCAO,1026.0,VE_ROTA_VE_CORREDOR_01,1545.20,10.41,A1_L3
intenso,1,PREEMPCAO,1027.0,VE_ROTA_VE_CORREDOR_01,1555.62,10.43,A1_L3
intenso,1,PREEMPCAO,1028.0,VE_ROTA_VE_CORREDOR_01,1566.19,10.58,A1_L3
intenso,1,PREEMPCAO,1029.0,VE_ROTA_VE_CORREDOR_01,1576.86,10.76,A1_L3
intenso,1,PREEMPCAO,1030.0,VE_ROTA_VE_CORREDOR_01,1587.65,10.80,A1_L3
intenso,1,PREEMPCAO,1031.0,VE_ROTA_VE_CORREDOR_01,1598.50,10.92,A1_L3
intenso,1,PREEMPCAO,1032.0,VE_ROTA_VE_CORREDOR_01,1609.43,10.92,A1_L3
intenso,1,PREEMPCAO,1033.0,VE_ROTA_VE_CORREDOR_01,1620.40,11.04,A1_L3
intenso,1,PREEMPCAO,1034.0,VE_ROTA_VE_CORREDOR_01,1631.42,11.07,A1_L3
intenso,1,PREEMPCAO,1035.0,VE_ROTA_VE_CORREDOR_01,1642.50,11.11,A1_L3
intenso,1,PREEMPCAO,1036.0,VE_ROTA_VE_CORREDOR_01,1653.62,11.12,A1_L3
intenso,1,PREEMPCAO,1037.0,VE_ROTA_VE_CORREDOR_01,1664.78,11.15,A1_L3
intenso,1,PREEMPCAO,1038.0,VE_ROTA_VE_CORREDOR_01,1675.97,11.16,A1_L3
intenso,1,PREEMPCAO,1039.0,VE_ROTA_VE_CORREDOR_01,1687.19,11.14,A1_L3
intenso,1,PREEMPCAO,1040.0,VE_ROTA_VE_CORREDOR_01,1698.41,11.22,A1_L3
intenso,1,PREEMPCAO,1041.0,VE_ROTA_VE_CORREDOR_01,1709.66,11.22,A1_L3
intenso,1,PREEMPCAO,1042.0,VE_ROTA_VE_CORREDOR_01,1720.92,11.26,A1_L3
intenso,1,PREEMPCAO,1043.0,VE_ROTA_VE_CORREDOR_01,1732.18,11.23,A1_L3
intenso,1,PREEMPCAO,1044.0,VE_ROTA_VE_CORREDOR_01,1743.43,11.27,A1_L3
intenso,1,PREEMPCAO,1045.0,VE_ROTA_VE_CORREDOR_01,1754.73,11.35,A1_L3
intenso,1,PREEMPCAO,1046.0,VE_ROTA_VE_CORREDOR_01,1766.04,11.30,A1_L3
intenso,1,PREEMPCAO,1047.0,VE_ROTA_VE_CORREDOR_01,1777.35,11.34,A1_L3
intenso,1,PREEMPCAO,1048.0,VE_ROTA_VE_CORREDOR_01,1788.65,11.36,A1_L3
intenso,1,PREEMPCAO,1049.0,VE_ROTA_VE_CORREDOR_01,1799.95,11.24,A1_L3
intenso,1,PREEMPCAO,1050.0,VE_ROTA_VE_CORREDOR_01,1811.26,11.27,A1_L3
intenso,1,PREEMPCAO,1051.0,VE_ROTA_VE_CORREDOR_01,1822.58,11.32,A1_L3
intenso,1,PREEMPCAO,1052.0,VE_ROTA_VE_CORREDOR_01,1833.89,11.33,A1_L3
intenso,1,PREEMPCAO,1053.0,VE_ROTA_VE_CORREDOR_01,1845.22,11.32,A1_L3
intenso,1,PREEMPCAO,1054.0,VE_ROTA_VE_CORREDOR_01,1856.54,11.34,A1_L3
intenso,1,PREEMPCAO,1055.0,VE_ROTA_VE_CORREDOR_01,1867.86,11.31,A1_L3
intenso,1,PREEMPCAO,1056.0,VE_ROTA_VE_CORREDOR_01,1879.18,11.32,A1_L3
intenso,1,PREEMPCAO,1057.0,VE_ROTA_VE_CORREDOR_01,1890.50,11.36,A1_L3
intenso,1,PREEMPCAO,1058.0,VE_ROTA_VE_CORREDOR_01,1901.83,11.32,A1_L3
intenso,1,PREEMPCAO,1059.0,VE_ROTA_VE_CORREDOR_01,1913.14,11.24,A1_L3
intenso,1,PREEMPCAO,1060.0,VE_ROTA_VE_CORREDOR_01,1924.46,11.31,A1_L3
intenso,1,PREEMPCAO,1061.0,VE_ROTA_VE_CORREDOR_01,1935.77,11.29,A1_L3
intenso,1,PREEMPCAO,1062.0,VE_ROTA_VE_CORREDOR_01,1947.09,11.38,A1_L3
intenso,1,PREEMPCAO,1063.0,VE_ROTA_VE_CORREDOR_01,1958.41,11.29,A1_L3
intenso,1,PREEMPCAO,1064.0,VE_ROTA_VE_CORREDOR_01,1969.73,11.35,A1_L3
intenso,1,PREEMPCAO,1065.0,VE_ROTA_VE_CORREDOR_01,1981.06,10.96,A1_L3
intenso,1,PREEMPCAO,1066.0,VE_ROTA_VE_CORREDOR_01,1990.01,8.43,:CRUZ_04_10
intenso,1,PREEMPCAO,1067.0,VE_ROTA_VE_CORREDOR_01,1998.88,9.85,T4_S1
intenso,1,PREEMPCAO,1068.0,VE_ROTA_VE_CORREDOR_01,2010.32,12.73,T4_S1
intenso,1,PREEMPCAO,1069.0,VE_ROTA_VE_CORREDOR_01,2024.32,14.42,T4_S1
intenso,1,PREEMPCAO,1070.0,VE_ROTA_VE_CORREDOR_01,2038.75,14.42,T4_S1
intenso,1,PREEMPCAO,1071.0,VE_ROTA_VE_CORREDOR_01,2053.18,14.42,T4_S1
intenso,1,PREEMPCAO,1072.0,VE_ROTA_VE_CORREDOR_01,2067.60,14.42,T4_S1
intenso,1,PREEMPCAO,1073.0,VE_ROTA_VE_CORREDOR_01,2082.03,14.42,T4_S1
intenso,1,PREEMPCAO,1074.0,VE_ROTA_VE_CORREDOR_01,2096.45,14.42,T4_S1
intenso,1,PREEMPCAO,1075.0,VE_ROTA_VE_CORREDOR_01,2110.88,14.43,T4_S1
intenso,1,PREEMPCAO,1076.0,VE_ROTA_VE_CORREDOR_01,2125.31,14.42,T4_S1
intenso,1,PREEMPCAO,1077.0,VE_ROTA_VE_CORREDOR_01,2139.73,14.42,T4_S1
intenso,1,PREEMPCAO,1078.0,VE_ROTA_VE_CORREDOR_01,2154.17,14.44,T4_S1
intenso,1,PREEMPCAO,1079.0,VE_ROTA_VE_CORREDOR_01,2168.60,14.42,T4_S1
intenso,1,PREEMPCAO,1080.0,VE_ROTA_VE_CORREDOR_01,2183.02,14.42,T4_S1
intenso,1,PREEMPCAO,1081.0,VE_ROTA_VE_CORREDOR_01,2197.45,14.42,T4_S1
intenso,1,PREEMPCAO,1082.0,VE_ROTA_VE_CORREDOR_01,2211.87,14.42,T4_S1
intenso,1,PREEMPCAO,1083.0,VE_ROTA_VE_CORREDOR_01,2226.30,14.43,T4_S1
intenso,1,PREEMPCAO,1084.0,VE_ROTA_VE_CORREDOR_01,2240.73,14.44,T4_S1
intenso,1,PREEMPCAO,1085.0,VE_ROTA_VE_CORREDOR_01,2255.16,14.42,T4_S1
intenso,1,PREEMPCAO,1086.0,VE_ROTA_VE_CORREDOR_01,2269.58,14.43,T4_S1
intenso,1,PREEMPCAO,1087.0,VE_ROTA_VE_CORREDOR_01,2284.01,14.44,T4_S1
intenso,1,PREEMPCAO,1088.0,VE_ROTA_VE_CORREDOR_01,2298.44,14.43,T4_S1
intenso,1,PREEMPCAO,1089.0,VE_ROTA_VE_CORREDOR_01,2312.87,14.44,T4_S1
intenso,1,PREEMPCAO,1090.0,VE_ROTA_VE_CORREDOR_01,2327.30,14.44,T4_S1
intenso,1,PREEMPCAO,1091.0,VE_ROTA_VE_CORREDOR_01,2341.73,14.44,T4_S1
intenso,1,PREEMPCAO,1092.0,VE_ROTA_VE_CORREDOR_01,2356.16,14.42,T4_S1
intenso,1,PREEMPCAO,1093.0,VE_ROTA_VE_CORREDOR_01,2370.59,14.44,T4_S1
intenso,1,PREEMPCAO,1094.0,VE_ROTA_VE_CORREDOR_01,2384.95,13.99,T4_S1
intenso,1,PREEMPCAO,1095.0,VE_ROTA_VE_CORREDOR_01,2397.78,11.94,T4_S1
intenso,1,PREEMPCAO,1096.0,VE_ROTA_VE_CORREDOR_01,2408.83,10.35,T4_S1
intenso,1,PREEMPCAO,1097.0,VE_ROTA_VE_CORREDOR_01,2418.51,9.18,T4_S1
intenso,1,PREEMPCAO,1098.0,VE_ROTA_VE_CORREDOR_01,2427.22,8.33,T4_S1
intenso,1,PREEMPCAO,1099.0,VE_ROTA_VE_CORREDOR_01,2435.27,7.82,T4_S1
intenso,1,PREEMPCAO,1100.0,VE_ROTA_VE_CORREDOR_01,2442.91,7.49,T4_S1
intenso,1,PREEMPCAO,1101.0,VE_ROTA_VE_CORREDOR_01,2450.31,7.27,T4_S1
intenso,1,PREEMPCAO,1102.0,VE_ROTA_VE_CORREDOR_01,2457.60,7.25,T4_S1
intenso,1,PREEMPCAO,1103.0,VE_ROTA_VE_CORREDOR_01,2464.88,7.58,T4_S1
intenso,1,PREEMPCAO,1104.0,VE_ROTA_VE_CORREDOR_01,2472.41,8.07,T4_S1
intenso,1,PREEMPCAO,1105.0,VE_ROTA_VE_CORREDOR_01,2480.85,8.46,:CRUZ_08_0
intenso,1,PREEMPCAO,1106.0,VE_ROTA_VE_CORREDOR_01,2490.33,10.73,A2_O3
intenso,1,PREEMPCAO,1107.0,VE_ROTA_VE_CORREDOR_01,2502.63,13.59,A2_O3
intenso,1,PREEMPCAO,1108.0,VE_ROTA_VE_CORREDOR_01,2517.82,16.48,A2_O3
intenso,1,PREEMPCAO,1109.0,VE_ROTA_VE_CORREDOR_01,2535.86,19.34,A2_O3
intenso,1,PREEMPCAO,1110.0,VE_ROTA_VE_CORREDOR_01,2556.67,21.66,A2_O3
intenso,1,PREEMPCAO,1111.0,VE_ROTA_VE_CORREDOR_01,2578.33,21.65,A2_O3
intenso,1,PREEMPCAO,1112.0,VE_ROTA_VE_CORREDOR_01,2599.99,21.66,A2_O3
intenso,1,PREEMPCAO,1113.0,VE_ROTA_VE_CORREDOR_01,2621.64,21.66,A2_O3
intenso,1,PREEMPCAO,1114.0,VE_ROTA_VE_CORREDOR_01,2643.30,21.65,A2_O3
intenso,1,PREEMPCAO,1115.0,VE_ROTA_VE_CORREDOR_01,2664.96,21.67,A2_O3
intenso,1,PREEMPCAO,1116.0,VE_ROTA_VE_CORREDOR_01,2686.61,21.66,A2_O3
intenso,1,PREEMPCAO,1117.0,VE_ROTA_VE_CORREDOR_01,2708.27,21.66,A2_O3
intenso,1,PREEMPCAO,1118.0,VE_ROTA_VE_CORREDOR_01,2729.93,21.65,A2_O3
intenso,1,PREEMPCAO,1119.0,VE_ROTA_VE_CORREDOR_01,2751.59,21.67,A2_O3
intenso,1,PREEMPCAO,1120.0,VE_ROTA_VE_CORREDOR_01,2773.25,21.65,A2_O3
intenso,1,PREEMPCAO,1121.0,VE_ROTA_VE_CORREDOR_01,2794.90,21.65,A2_O3
intenso,1,PREEMPCAO,1122.0,VE_ROTA_VE_CORREDOR_01,2816.56,21.65,A2_O3
intenso,1,PREEMPCAO,1123.0,VE_ROTA_VE_CORREDOR_01,2838.21,21.65,A2_O3
intenso,1,PREEMPCAO,1124.0,VE_ROTA_VE_CORREDOR_01,2859.87,21.65,A2_O3
intenso,1,PREEMPCAO,1125.0,VE_ROTA_VE_CORREDOR_01,2881.53,21.64,A2_O3
intenso,1,PREEMPCAO,1126.0,VE_ROTA_VE_CORREDOR_01,2903.19,21.67,A2_O3
intenso,1,PREEMPCAO,1127.0,VE_ROTA_VE_CORREDOR_01,2924.84,21.66,A2_O3
intenso,1,PREEMPCAO,1128.0,VE_ROTA_VE_CORREDOR_01,2946.49,21.67,A2_O3
intenso,1,PREEMPCAO,1129.0,VE_ROTA_VE_CORREDOR_01,2968.15,21.66,:CRUZ_07_4
intenso,1,PREEMPCAO,1130.0,VE_ROTA_VE_CORREDOR_01,2989.81,21.65,A2_O2
intenso,1,PREEMPCAO,1131.0,VE_ROTA_VE_CORREDOR_01,3011.46,21.64,A2_O2
intenso,1,PREEMPCAO,1132.0,VE_ROTA_VE_CORREDOR_01,3032.56,20.38,A2_O2
intenso,1,PREEMPCAO,1133.0,VE_ROTA_VE_CORREDOR_01,3052.26,19.14,A2_O2
intenso,1,PREEMPCAO,1134.0,VE_ROTA_VE_CORREDOR_01,3070.74,17.98,A2_O2
intenso,1,PREEMPCAO,1135.0,VE_ROTA_VE_CORREDOR_01,3088.23,17.13,A2_O2
intenso,1,PREEMPCAO,1136.0,VE_ROTA_VE_CORREDOR_01,3104.89,16.35,A2_O2
intenso,1,PREEMPCAO,1137.0,VE_ROTA_VE_CORREDOR_01,3120.88,15.75,A2_O2
intenso,1,PREEMPCAO,1138.0,VE_ROTA_VE_CORREDOR_01,3136.35,15.30,A2_O2
intenso,1,PREEMPCAO,1139.0,VE_ROTA_VE_CORREDOR_01,3151.39,14.85,A2_O2
intenso,1,PREEMPCAO,1140.0,VE_ROTA_VE_CORREDOR_01,3166.13,14.60,A2_O2
intenso,1,PREEMPCAO,1141.0,VE_ROTA_VE_CORREDOR_01,3180.62,14.42,A2_O2
intenso,1,PREEMPCAO,1142.0,VE_ROTA_VE_CORREDOR_01,3194.92,14.26,A2_O2
intenso,1,PREEMPCAO,1143.0,VE_ROTA_VE_CORREDOR_01,3209.09,14.10,A2_O2
intenso,1,PREEMPCAO,1144.0,VE_ROTA_VE_CORREDOR_01,3223.17,14.01,A2_O2
intenso,1,PREEMPCAO,1145.0,VE_ROTA_VE_CORREDOR_01,3237.97,14.88,A2_O2
intenso,1,PREEMPCAO,1146.0,VE_ROTA_VE_CORREDOR_01,3252.72,14.74,A2_O2
intenso,1,PREEMPCAO,1147.0,VE_ROTA_VE_CORREDOR_01,3267.38,14.64,A2_O2
intenso,1,PREEMPCAO,1148.0,VE_ROTA_VE_CORREDOR_01,3281.99,14.61,A2_O2
intenso,1,PREEMPCAO,1149.0,VE_ROTA_VE_CORREDOR_01,3296.56,14.57,A2_O2
intenso,1,PREEMPCAO,1150.0,VE_ROTA_VE_CORREDOR_01,3311.11,14.63,A2_O2
intenso,1,PREEMPCAO,1151.0,VE_ROTA_VE_CORREDOR_01,3325.65,14.54,A2_O2
intenso,1,PREEMPCAO,1152.0,VE_ROTA_VE_CORREDOR_01,3340.20,14.53,A2_O2
intenso,1,PREEMPCAO,1153.0,VE_ROTA_VE_CORREDOR_01,3354.79,14.64,A2_O2
intenso,1,PREEMPCAO,1154.0,VE_ROTA_VE_CORREDOR_01,3369.40,14.61,A2_O2
intenso,1,PREEMPCAO,1155.0,VE_ROTA_VE_CORREDOR_01,3384.03,14.63,A2_O2
intenso,1,PREEMPCAO,1156.0,VE_ROTA_VE_CORREDOR_01,3398.71,14.68,A2_O2
intenso,1,PREEMPCAO,1157.0,VE_ROTA_VE_CORREDOR_01,3413.43,14.76,A2_O2
intenso,1,PREEMPCAO,1158.0,VE_ROTA_VE_CORREDOR_01,3428.18,14.79,A2_O2
intenso,1,PREEMPCAO,1159.0,VE_ROTA_VE_CORREDOR_01,3442.95,14.81,A2_O2
intenso,1,PREEMPCAO,1160.0,VE_ROTA_VE_CORREDOR_01,3457.81,14.93,A2_O2
intenso,1,PREEMPCAO,1161.0,VE_ROTA_VE_CORREDOR_01,3472.67,14.86,:CRUZ_06_4
intenso,1,PREEMPCAO,1162.0,VE_ROTA_VE_CORREDOR_01,3487.56,14.97,A2_O1
intenso,1,PREEMPCAO,1163.0,VE_ROTA_VE_CORREDOR_01,3502.48,14.88,A2_O1
intenso,1,PREEMPCAO,1164.0,VE_ROTA_VE_CORREDOR_01,3517.44,14.94,A2_O1
intenso,1,PREEMPCAO,1165.0,VE_ROTA_VE_CORREDOR_01,3532.40,14.93,A2_O1
intenso,1,PREEMPCAO,1166.0,VE_ROTA_VE_CORREDOR_01,3547.35,14.91,A2_O1
intenso,1,PREEMPCAO,1167.0,VE_ROTA_VE_CORREDOR_01,3562.26,14.83,A2_O1
intenso,1,PREEMPCAO,1168.0,VE_ROTA_VE_CORREDOR_01,3577.08,14.76,A2_O1
intenso,1,PREEMPCAO,1169.0,VE_ROTA_VE_CORREDOR_01,3591.76,14.58,A2_O1
intenso,1,PREEMPCAO,1170.0,VE_ROTA_VE_CORREDOR_01,3606.35,14.54,A2_O1
intenso,1,PREEMPCAO,1171.0,VE_ROTA_VE_CORREDOR_01,3620.72,14.32,A2_O1
intenso,1,PREEMPCAO,1172.0,VE_ROTA_VE_CORREDOR_01,3634.91,14.07,A2_O1
intenso,1,PREEMPCAO,1173.0,VE_ROTA_VE_CORREDOR_01,3648.86,13.84,A2_O1
intenso,1,PREEMPCAO,1174.0,VE_ROTA_VE_CORREDOR_01,3662.57,13.60,A2_O1
intenso,1,PREEMPCAO,1175.0,VE_ROTA_VE_CORREDOR_01,3675.96,13.24,A2_O1
intenso,1,PREEMPCAO,1176.0,VE_ROTA_VE_CORREDOR_01,3689.02,12.93,A2_O1
intenso,1,PREEMPCAO,1177.0,VE_ROTA_VE_CORREDOR_01,3701.75,12.62,A2_O1
intenso,1,PREEMPCAO,1178.0,VE_ROTA_VE_CORREDOR_01,3714.09,12.13,A2_O1
intenso,1,PREEMPCAO,1179.0,VE_ROTA_VE_CORREDOR_01,3726.03,11.76,A2_O1
intenso,1,PREEMPCAO,1180.0,VE_ROTA_VE_CORREDOR_01,3737.53,11.25,A2_O1
intenso,1,PREEMPCAO,1181.0,VE_ROTA_VE_CORREDOR_01,3748.58,10.84,A2_O1
intenso,1,PREEMPCAO,1182.0,VE_ROTA_VE_CORREDOR_01,3759.16,10.36,A2_O1
intenso,1,PREEMPCAO,1183.0,VE_ROTA_VE_CORREDOR_01,3769.24,9.81,A2_O1
intenso,1,PREEMPCAO,1184.0,VE_ROTA_VE_CORREDOR_01,3778.82,9.33,A2_O1
intenso,1,PREEMPCAO,1185.0,VE_ROTA_VE_CORREDOR_01,3787.86,8.79,A2_O1
intenso,1,PREEMPCAO,1186.0,VE_ROTA_VE_CORREDOR_01,3796.35,8.29,A2_O1
intenso,1,PREEMPCAO,1187.0,VE_ROTA_VE_CORREDOR_01,3804.30,7.66,A2_O1
intenso,1,PREEMPCAO,1188.0,VE_ROTA_VE_CORREDOR_01,3811.69,7.17,A2_O1
intenso,1,PREEMPCAO,1189.0,VE_ROTA_VE_CORREDOR_01,3818.49,6.52,A2_O1
intenso,1,PREEMPCAO,1190.0,VE_ROTA_VE_CORREDOR_01,3824.72,5.97,A2_O1
intenso,1,PREEMPCAO,1191.0,VE_ROTA_VE_CORREDOR_01,3830.38,5.38,A2_O1
intenso,1,PREEMPCAO,1192.0,VE_ROTA_VE_CORREDOR_01,3835.47,4.86,A2_O1
intenso,1,PREEMPCAO,1193.0,VE_ROTA_VE_CORREDOR_01,3839.99,4.24,A2_O1
intenso,1,PREEMPCAO,1194.0,VE_ROTA_VE_CORREDOR_01,3843.98,3.78,A2_O1
intenso,1,PREEMPCAO,1195.0,VE_ROTA_VE_CORREDOR_01,3847.47,3.31,A2_O1
intenso,1,PREEMPCAO,1196.0,VE_ROTA_VE_CORREDOR_01,3850.53,2.89,A2_O1
intenso,1,PREEMPCAO,1197.0,VE_ROTA_VE_CORREDOR_01,3853.25,2.59,A2_O1
intenso,1,PREEMPCAO,1198.0,VE_ROTA_VE_CORREDOR_01,3855.76,2.47,A2_O1
intenso,1,PREEMPCAO,1199.0,VE_ROTA_VE_CORREDOR_01,3858.24,2.52,A2_O1
intenso,1,PREEMPCAO,1200.0,VE_ROTA_VE_CORREDOR_01,3860.91,2.82,A2_O1
intenso,1,PREEMPCAO,1201.0,VE_ROTA_VE_CORREDOR_01,3864.00,3.33,A2_O1
intenso,1,PREEMPCAO,1202.0,VE_ROTA_VE_CORREDOR_01,3867.64,3.94,A2_O1
intenso,1,PREEMPCAO,1203.0,VE_ROTA_VE_CORREDOR_01,3871.92,4.57,A2_O1
intenso,1,PREEMPCAO,1204.0,VE_ROTA_VE_CORREDOR_01,3876.87,5.22,A2_O1
intenso,1,PREEMPCAO,1205.0,VE_ROTA_VE_CORREDOR_01,3882.54,5.97,A2_O1
intenso,1,PREEMPCAO,1206.0,VE_ROTA_VE_CORREDOR_01,3888.89,6.69,A2_O1
intenso,1,PREEMPCAO,1207.0,VE_ROTA_VE_CORREDOR_01,3895.94,7.36,A2_O1
intenso,1,PREEMPCAO,1208.0,VE_ROTA_VE_CORREDOR_01,3903.63,8.02,A2_O1
intenso,1,PREEMPCAO,1209.0,VE_ROTA_VE_CORREDOR_01,3911.95,8.63,A2_O1
intenso,1,PREEMPCAO,1210.0,VE_ROTA_VE_CORREDOR_01,3920.86,9.16,A2_O1
intenso,1,PREEMPCAO,1211.0,VE_ROTA_VE_CORREDOR_01,3930.30,9.66,A2_O1
intenso,1,PREEMPCAO,1212.0,VE_ROTA_VE_CORREDOR_01,3940.24,10.11,A2_O1
intenso,1,PREEMPCAO,1213.0,VE_ROTA_VE_CORREDOR_01,3950.68,10.67,A2_O1
intenso,1,PREEMPCAO,1214.0,VE_ROTA_VE_CORREDOR_01,3961.55,11.04,A2_O1
intenso,1,PREEMPCAO,1215.0,VE_ROTA_VE_CORREDOR_01,3972.80,11.42,:CRUZ_05_4
intenso,1,PREEMPCAO,1216.0,VE_ROTA_VE_CORREDOR_01,3984.44,11.82,A2_O0
intenso,1,PREEMPCAO,1217.0,VE_ROTA_VE_CORREDOR_01,3996.42,12.07,A2_O0
intenso,1,PREEMPCAO,1218.0,VE_ROTA_VE_CORREDOR_01,4008.70,12.44,A2_O0
intenso,1,PREEMPCAO,1219.0,VE_ROTA_VE_CORREDOR_01,4021.28,12.69,A2_O0
intenso,1,PREEMPCAO,1220.0,VE_ROTA_VE_CORREDOR_01,4034.13,12.98,A2_O0
intenso,1,PREEMPCAO,1221.0,VE_ROTA_VE_CORREDOR_01,4047.21,13.19,A2_O0
intenso,1,PREEMPCAO,1222.0,VE_ROTA_VE_CORREDOR_01,4060.52,13.46,A2_O0
intenso,1,PREEMPCAO,1223.0,VE_ROTA_VE_CORREDOR_01,4074.03,13.54,A2_O0
intenso,1,PREEMPCAO,1224.0,VE_ROTA_VE_CORREDOR_01,4087.72,13.73,A2_O0
intenso,1,PREEMPCAO,1225.0,VE_ROTA_VE_CORREDOR_01,4101.57,13.94,A2_O0
intenso,1,PREEMPCAO,1226.0,VE_ROTA_VE_CORREDOR_01,4115.57,14.09,A2_O0
intenso,1,PREEMPCAO,1227.0,VE_ROTA_VE_CORREDOR_01,4129.72,14.24,A2_O0
intenso,1,PREEMPCAO,1228.0,VE_ROTA_VE_CORREDOR_01,4143.98,14.32,A2_O0
intenso,1,PREEMPCAO,1229.0,VE_ROTA_VE_CORREDOR_01,4158.36,14.42,A2_O0
intenso,1,PREEMPCAO,1230.0,VE_ROTA_VE_CORREDOR_01,4172.85,14.55,A2_O0
intenso,1,PREEMPCAO,1231.0,VE_ROTA_VE_CORREDOR_01,4187.45,14.65,A2_O0
intenso,1,PREEMPCAO,1232.0,VE_ROTA_VE_CORREDOR_01,4202.13,14.75,A2_O0
intenso,1,PREEMPCAO,1233.0,VE_ROTA_VE_CORREDOR_01,4216.91,14.82,A2_O0
intenso,1,PREEMPCAO,1234.0,VE_ROTA_VE_CORREDOR_01,4231.79,14.94,A2_O0
intenso,1,PREEMPCAO,1235.0,VE_ROTA_VE_CORREDOR_01,4246.69,14.97,A2_O0
intenso,1,PREEMPCAO,1236.0,VE_ROTA_VE_CORREDOR_01,4261.69,15.07,A2_O0
intenso,1,PREEMPCAO,1237.0,VE_ROTA_VE_CORREDOR_01,4276.74,15.08,A2_O0
intenso,1,PREEMPCAO,1238.0,VE_ROTA_VE_CORREDOR_01,4291.82,15.10,A2_O0
intenso,1,PREEMPCAO,1239.0,VE_ROTA_VE_CORREDOR_01,4306.94,15.17,A2_O0
intenso,1,PREEMPCAO,1240.0,VE_ROTA_VE_CORREDOR_01,4322.07,15.15,A2_O0
intenso,1,PREEMPCAO,1241.0,VE_ROTA_VE_CORREDOR_01,4337.30,15.36,A2_O0
intenso,1,PREEMPCAO,1242.0,VE_ROTA_VE_CORREDOR_01,4352.86,15.56,A2_O0
intenso,1,PREEMPCAO,1243.0,VE_ROTA_VE_CORREDOR_01,4368.49,15.61,A2_O0
intenso,1,PREEMPCAO,1244.0,VE_ROTA_VE_CORREDOR_01,4384.14,15.64,A2_O0
intenso,1,PREEMPCAO,1245.0,VE_ROTA_VE_CORREDOR_01,4399.81,15.67,A2_O0
intenso,1,PREEMPCAO,1246.0,VE_ROTA_VE_CORREDOR_01,4415.48,15.70,A2_O0
intenso,1,PREEMPCAO,1247.0,VE_ROTA_VE_CORREDOR_01,4431.17,15.75,A2_O0
intenso,1,PREEMPCAO,1248.0,VE_ROTA_VE_CORREDOR_01,4446.87,15.67,A2_O0
intenso,1,PREEMPCAO,1249.0,VE_ROTA_VE_CORREDOR_01,4463.16,17.41,A2_O0
intenso,1,PREEMPCAO,1501.0,VE_ROTA_VE_CORREDOR_02,19.49,21.65,A1_L0
intenso,1,PREEMPCAO,1502.0,VE_ROTA_VE_CORREDOR_02,41.15,21.65,A1_L0
intenso,1,PREEMPCAO,1503.0,VE_ROTA_VE_CORREDOR_02,62.81,21.65,A1_L0
intenso,1,PREEMPCAO,1504.0,VE_ROTA_VE_CORREDOR_02,84.46,21.66,A1_L0
intenso,1,PREEMPCAO,1505.0,VE_ROTA_VE_CORREDOR_02,106.12,21.66,A1_L0
intenso,1,PREEMPCAO,1506.0,VE_ROTA_VE_CORREDOR_02,127.78,21.65,A1_L0
intenso,1,PREEMPCAO,1507.0,VE_ROTA_VE_CORREDOR_02,149.43,21.66,A1_L0
intenso,1,PREEMPCAO,1508.0,VE_ROTA_VE_CORREDOR_02,171.09,21.64,A1_L0
intenso,1,PREEMPCAO,1509.0,VE_ROTA_VE_CORREDOR_02,192.74,21.65,A1_L0
intenso,1,PREEMPCAO,1510.0,VE_ROTA_VE_CORREDOR_02,214.40,21.65,A1_L0
intenso,1,PREEMPCAO,1511.0,VE_ROTA_VE_CORREDOR_02,236.06,21.66,A1_L0
intenso,1,PREEMPCAO,1512.0,VE_ROTA_VE_CORREDOR_02,257.72,21.66,A1_L0
intenso,1,PREEMPCAO,1513.0,VE_ROTA_VE_CORREDOR_02,279.37,21.67,A1_L0
intenso,1,PREEMPCAO,1514.0,VE_ROTA_VE_CORREDOR_02,301.02,21.67,A1_L0
intenso,1,PREEMPCAO,1515.0,VE_ROTA_VE_CORREDOR_02,321.50,19.35,A1_L0
intenso,1,PREEMPCAO,1516.0,VE_ROTA_VE_CORREDOR_02,339.47,16.85,A1_L0
intenso,1,PREEMPCAO,1517.0,VE_ROTA_VE_CORREDOR_02,355.03,14.51,A1_L0
intenso,1,PREEMPCAO,1518.0,VE_ROTA_VE_CORREDOR_02,368.28,12.24,A1_L0
intenso,1,PREEMPCAO,1519.0,VE_ROTA_VE_CORREDOR_02,379.42,10.27,A1_L0
intenso,1,PREEMPCAO,1520.0,VE_ROTA_VE_CORREDOR_02,388.74,8.61,A1_L0
intenso,1,PREEMPCAO,1521.0,VE_ROTA_VE_CORREDOR_02,396.64,7.42,A1_L0
intenso,1,PREEMPCAO,1522.0,VE_ROTA_VE_CORREDOR_02,403.70,6.86,A1_L0
intenso,1,PREEMPCAO,1523.0,VE_ROTA_VE_CORREDOR_02,410.54,6.89,A1_L0
intenso,1,PREEMPCAO,1524.0,VE_ROTA_VE_CORREDOR_02,417.58,7.16,A1_L0
intenso,1,PREEMPCAO,1525.0,VE_ROTA_VE_CORREDOR_02,425.03,7.66,A1_L0
intenso,1,PREEMPCAO,1526.0,VE_ROTA_VE_CORREDOR_02,433.01,8.22,A1_L0
intenso,1,PREEMPCAO,1527.0,VE_ROTA_VE_CORREDOR_02,441.59,8.86,A1_L0
intenso,1,PREEMPCAO,1528.0,VE_ROTA_VE_CORREDOR_02,450.71,9.39,A1_L0
intenso,1,PREEMPCAO,1529.0,VE_ROTA_VE_CORREDOR_02,460.40,9.91,A1_L0
intenso,1,PREEMPCAO,1530.0,VE_ROTA_VE_CORREDOR_02,470.58,10.38,A1_L0
intenso,1,PREEMPCAO,1531.0,VE_ROTA_VE_CORREDOR_02,481.17,10.78,A1_L0
intenso,1,PREEMPCAO,1532.0,VE_ROTA_VE_CORREDOR_02,492.18,11.22,:CRUZ_01_11
intenso,1,PREEMPCAO,1533.0,VE_ROTA_VE_CORREDOR_02,503.54,11.53,A1_L1
intenso,1,PREEMPCAO,1534.0,VE_ROTA_VE_CORREDOR_02,515.19,11.82,A1_L1
intenso,1,PREEMPCAO,1535.0,VE_ROTA_VE_CORREDOR_02,527.12,12.06,A1_L1
intenso,1,PREEMPCAO,1536.0,VE_ROTA_VE_CORREDOR_02,539.30,12.33,A1_L1
intenso,1,PREEMPCAO,1537.0,VE_ROTA_VE_CORREDOR_02,551.68,12.45,A1_L1
intenso,1,PREEMPCAO,1538.0,VE_ROTA_VE_CORREDOR_02,564.26,12.70,A1_L1
intenso,1,PREEMPCAO,1539.0,VE_ROTA_VE_CORREDOR_02,577.02,12.79,A1_L1
intenso,1,PREEMPCAO,1540.0,VE_ROTA_VE_CORREDOR_02,589.88,12.97,A1_L1
intenso,1,PREEMPCAO,1541.0,VE_ROTA_VE_CORREDOR_02,602.87,13.07,A1_L1
intenso,1,PREEMPCAO,1542.0,VE_ROTA_VE_CORREDOR_02,615.97,13.18,A1_L1
intenso,1,PREEMPCAO,1543.0,VE_ROTA_VE_CORREDOR_02,629.14,13.24,A1_L1
intenso,1,PREEMPCAO,1544.0,VE_ROTA_VE_CORREDOR_02,642.41,13.29,A1_L1
intenso,1,PREEMPCAO,1545.0,VE_ROTA_VE_CORREDOR_02,655.74,13.39,A1_L1
intenso,1,PREEMPCAO,1546.0,VE_ROTA_VE_CORREDOR_02,669.12,13.38,A1_L1
intenso,1,PREEMPCAO,1547.0,VE_ROTA_VE_CORREDOR_02,682.56,13.47,A1_L1
intenso,1,PREEMPCAO,1548.0,VE_ROTA_VE_CORREDOR_02,696.03,13.51,A1_L1
intenso,1,PREEMPCAO,1549.0,VE_ROTA_VE_CORREDOR_02,709.48,13.42,A1_L1
intenso,1,PREEMPCAO,1550.0,VE_ROTA_VE_CORREDOR_02,722.85,13.30,A1_L1
intenso,1,PREEMPCAO,1551.0,VE_ROTA_VE_CORREDOR_02,736.04,13.14,A1_L1
intenso,1,PREEMPCAO,1552.0,VE_ROTA_VE_CORREDOR_02,749.03,12.86,A1_L1
intenso,1,PREEMPCAO,1553.0,VE_ROTA_VE_CORREDOR_02,761.76,12.59,A1_L1
intenso,1,PREEMPCAO,1554.0,VE_ROTA_VE_CORREDOR_02,774.19,12.30,A1_L1
intenso,1,PREEMPCAO,1555.0,VE_ROTA_VE_CORREDOR_02,786.27,11.93,A1_L1
intenso,1,PREEMPCAO,1556.0,VE_ROTA_VE_CORREDOR_02,797.95,11.51,A1_L1
intenso,1,PREEMPCAO,1557.0,VE_ROTA_VE_CORREDOR_02,809.20,11.05,A1_L1
intenso,1,PREEMPCAO,1558.0,VE_ROTA_VE_CORREDOR_02,819.98,10.58,A1_L1
intenso,1,PREEMPCAO,1559.0,VE_ROTA_VE_CORREDOR_02,830.23,10.07,A1_L1
intenso,1,PREEMPCAO,1560.0,VE_ROTA_VE_CORREDOR_02,839.97,9.47,A1_L1
intenso,1,PREEMPCAO,1561.0,VE_ROTA_VE_CORREDOR_02,849.14,8.92,A1_L1
intenso,1,PREEMPCAO,1562.0,VE_ROTA_VE_CORREDOR_02,857.69,8.27,A1_L1
intenso,1,PREEMPCAO,1563.0,VE_ROTA_VE_CORREDOR_02,865.66,7.72,A1_L1
intenso,1,PREEMPCAO,1564.0,VE_ROTA_VE_CORREDOR_02,872.99,7.07,A1_L1
intenso,1,PREEMPCAO,1565.0,VE_ROTA_VE_CORREDOR_02,879.69,6.42,A1_L1
intenso,1,PREEMPCAO,1566.0,VE_ROTA_VE_CORREDOR_02,885.74,5.75,A1_L1
intenso,1,PREEMPCAO,1567.0,VE_ROTA_VE_CORREDOR_02,891.15,5.11,A1_L1
intenso,1,PREEMPCAO,1568.0,VE_ROTA_VE_CORREDOR_02,895.95,4.56,A1_L1
intenso,1,PREEMPCAO,1569.0,VE_ROTA_VE_CORREDOR_02,900.18,4.02,A1_L1
intenso,1,PREEMPCAO,1570.0,VE_ROTA_VE_CORREDOR_02,903.97,3.64,A1_L1
intenso,1,PREEMPCAO,1571.0,VE_ROTA_VE_CORREDOR_02,907.50,3.52,A1_L1
intenso,1,PREEMPCAO,1572.0,VE_ROTA_VE_CORREDOR_02,911.04,3.65,A1_L1
intenso,1,PREEMPCAO,1573.0,VE_ROTA_VE_CORREDOR_02,914.88,4.07,A1_L1
intenso,1,PREEMPCAO,1574.0,VE_ROTA_VE_CORREDOR_02,919.24,4.59,A1_L1
intenso,1,PREEMPCAO,1575.0,VE_ROTA_VE_CORREDOR_02,924.24,5.31,A1_L1
intenso,1,PREEMPCAO,1576.0,VE_ROTA_VE_CORREDOR_02,929.94,5.99,A1_L1
intenso,1,PREEMPCAO,1577.0,VE_ROTA_VE_CORREDOR_02,936.33,6.67,A1_L1
intenso,1,PREEMPCAO,1578.0,VE_ROTA_VE_CORREDOR_02,943.40,7.45,A1_L1
intenso,1,PREEMPCAO,1579.0,VE_ROTA_VE_CORREDOR_02,951.13,7.98,A1_L1
intenso,1,PREEMPCAO,1580.0,VE_ROTA_VE_CORREDOR_02,959.44,8.61,A1_L1
intenso,1,PREEMPCAO,1581.0,VE_ROTA_VE_CORREDOR_02,968.31,9.10,A1_L1
intenso,1,PREEMPCAO,1582.0,VE_ROTA_VE_CORREDOR_02,977.70,9.62,A1_L1
intenso,1,PREEMPCAO,1583.0,VE_ROTA_VE_CORREDOR_02,987.54,10.00,A1_L1
intenso,1,PREEMPCAO,1584.0,VE_ROTA_VE_CORREDOR_02,997.80,10.47,:CRUZ_02_11
intenso,1,PREEMPCAO,1585.0,VE_ROTA_VE_CORREDOR_02,1008.42,10.86,A1_L2
intenso,1,PREEMPCAO,1586.0,VE_ROTA_VE_CORREDOR_02,1019.38,11.10,A1_L2
intenso,1,PREEMPCAO,1587.0,VE_ROTA_VE_CORREDOR_02,1030.64,11.32,A1_L2
intenso,1,PREEMPCAO,1588.0,VE_ROTA_VE_CORREDOR_02,1042.16,11.66,A1_L2
intenso,1,PREEMPCAO,1589.0,VE_ROTA_VE_CORREDOR_02,1053.91,11.83,A1_L2
intenso,1,PREEMPCAO,1590.0,VE_ROTA_VE_CORREDOR_02,1065.89,12.09,A1_L2
intenso,1,PREEMPCAO,1591.0,VE_ROTA_VE_CORREDOR_02,1078.05,12.24,A1_L2
intenso,1,PREEMPCAO,1592.0,VE_ROTA_VE_CORREDOR_02,1090.40,12.33,A1_L2
intenso,1,PREEMPCAO,1593.0,VE_ROTA_VE_CORREDOR_02,1102.88,12.50,A1_L2
intenso,1,PREEMPCAO,1594.0,VE_ROTA_VE_CORREDOR_02,1115.52,12.65,A1_L2
intenso,1,PREEMPCAO,1595.0,VE_ROTA_VE_CORREDOR_02,1128.26,12.77,A1_L2
intenso,1,PREEMPCAO,1596.0,VE_ROTA_VE_CORREDOR_02,1141.14,12.88,A1_L2
intenso,1,PREEMPCAO,1597.0,VE_ROTA_VE_CORREDOR_02,1154.08,12.99,A1_L2
intenso,1,PREEMPCAO,1598.0,VE_ROTA_VE_CORREDOR_02,1167.14,13.06,A1_L2
intenso,1,PREEMPCAO,1599.0,VE_ROTA_VE_CORREDOR_02,1180.26,13.17,A1_L2
intenso,1,PREEMPCAO,1600.0,VE_ROTA_VE_CORREDOR_02,1193.45,13.22,A1_L2
intenso,1,PREEMPCAO,1601.0,VE_ROTA_VE_CORREDOR_02,1206.66,13.23,A1_L2
intenso,1,PREEMPCAO,1602.0,VE_ROTA_VE_CORREDOR_02,1219.85,13.16,A1_L2
intenso,1,PREEMPCAO,1603.0,VE_ROTA_VE_CORREDOR_02,1232.91,13.02,A1_L2
intenso,1,PREEMPCAO,1604.0,VE_ROTA_VE_CORREDOR_02,1245.81,12.85,A1_L2
intenso,1,PREEMPCAO,1605.0,VE_ROTA_VE_CORREDOR_02,1258.48,12.61,A1_L2
intenso,1,PREEMPCAO,1606.0,VE_ROTA_VE_CORREDOR_02,1270.87,12.22,A1_L2
intenso,1,PREEMPCAO,1607.0,VE_ROTA_VE_CORREDOR_02,1282.95,11.93,A1_L2
intenso,1,PREEMPCAO,1608.0,VE_ROTA_VE_CORREDOR_02,1294.65,11.54,A1_L2
intenso,1,PREEMPCAO,1609.0,VE_ROTA_VE_CORREDOR_02,1305.95,11.07,A1_L2
intenso,1,PREEMPCAO,1610.0,VE_ROTA_VE_CORREDOR_02,1316.80,10.68,A1_L2
intenso,1,PREEMPCAO,1611.0,VE_ROTA_VE_CORREDOR_02,1327.16,10.13,A1_L2
intenso,1,PREEMPCAO,1612.0,VE_ROTA_VE_CORREDOR_02,1337.01,9.56,A1_L2
intenso,1,PREEMPCAO,1613.0,VE_ROTA_VE_CORREDOR_02,1346.34,9.05,A1_L2
intenso,1,PREEMPCAO,1614.0,VE_ROTA_VE_CORREDOR_02,1355.05,8.43,A1_L2
intenso,1,PREEMPCAO,1615.0,VE_ROTA_VE_CORREDOR_02,1363.17,7.85,A1_L2
intenso,1,PREEMPCAO,1616.0,VE_ROTA_VE_CORREDOR_02,1370.69,7.27,A1_L2
intenso,1,PREEMPCAO,1617.0,VE_ROTA_VE_CORREDOR_02,1377.58,6.61,A1_L2
intenso,1,PREEMPCAO,1618.0,VE_ROTA_VE_CORREDOR_02,1383.83,5.95,A1_L2
intenso,1,PREEMPCAO,1619.0,VE_ROTA_VE_CORREDOR_02,1389.44,5.32,A1_L2
intenso,1,PREEMPCAO,1620.0,VE_ROTA_VE_CORREDOR_02,1394.41,4.68,A1_L2
intenso,1,PREEMPCAO,1621.0,VE_ROTA_VE_CORREDOR_02,1398.82,4.14,A1_L2
intenso,1,PREEMPCAO,1622.0,VE_ROTA_VE_CORREDOR_02,1402.73,3.75,A1_L2
intenso,1,PREEMPCAO,1623.0,VE_ROTA_VE_CORREDOR_02,1406.32,3.51,A1_L2
intenso,1,PREEMPCAO,1624.0,VE_ROTA_VE_CORREDOR_02,1409.81,3.54,A1_L2
intenso,1,PREEMPCAO,1625.0,VE_ROTA_VE_CORREDOR_02,1413.50,3.89,A1_L2
intenso,1,PREEMPCAO,1626.0,VE_ROTA_VE_CORREDOR_02,1417.65,4.44,A1_L2
intenso,1,PREEMPCAO,1627.0,VE_ROTA_VE_CORREDOR_02,1422.47,5.19,A1_L2
intenso,1,PREEMPCAO,1628.0,VE_ROTA_VE_CORREDOR_02,1428.20,6.19,A1_L2
intenso,1,PREEMPCAO,1629.0,VE_ROTA_VE_CORREDOR_02,1434.99,7.27,A1_L2
intenso,1,PREEMPCAO,1630.0,VE_ROTA_VE_CORREDOR_02,1442.73,8.11,A1_L2
intenso,1,PREEMPCAO,1631.0,VE_ROTA_VE_CORREDOR_02,1451.29,8.94,A1_L2
intenso,1,PREEMPCAO,1632.0,VE_ROTA_VE_CORREDOR_02,1460.64,9.61,A1_L2
intenso,1,PREEMPCAO,1633.0,VE_ROTA_VE_CORREDOR_02,1470.66,10.29,A1_L2
intenso,1,PREEMPCAO,1634.0,VE_ROTA_VE_CORREDOR_02,1481.22,10.79,A1_L2
intenso,1,PREEMPCAO,1635.0,VE_ROTA_VE_CORREDOR_02,1491.97,10.17,:CRUZ_03_11
intenso,1,PREEMPCAO,1636.0,VE_ROTA_VE_CORREDOR_02,1501.07,8.23,:CRUZ_03_11
intenso,1,PREEMPCAO,1637.0,VE_ROTA_VE_CORREDOR_02,1509.27,8.01,A1_L3
intenso,1,PREEMPCAO,1638.0,VE_ROTA_VE_CORREDOR_02,1517.99,9.25,A1_L3
intenso,1,PREEMPCAO,1639.0,VE_ROTA_VE_CORREDOR_02,1527.81,10.27,A1_L3
intenso,1,PREEMPCAO,1640.0,VE_ROTA_VE_CORREDOR_02,1538.42,10.84,A1_L3
intenso,1,PREEMPCAO,1641.0,VE_ROTA_VE_CORREDOR_02,1549.63,11.42,A1_L3
intenso,1,PREEMPCAO,1642.0,VE_ROTA_VE_CORREDOR_02,1561.29,11.81,A1_L3
intenso,1,PREEMPCAO,1643.0,VE_ROTA_VE_CORREDOR_02,1573.33,12.14,A1_L3
intenso,1,PREEMPCAO,1644.0,VE_ROTA_VE_CORREDOR_02,1585.66,12.50,A1_L3
intenso,1,PREEMPCAO,1645.0,VE_ROTA_VE_CORREDOR_02,1598.22,12.65,A1_L3
intenso,1,PREEMPCAO,1646.0,VE_ROTA_VE_CORREDOR_02,1611.00,12.93,A1_L3
intenso,1,PREEMPCAO,1647.0,VE_ROTA_VE_CORREDOR_02,1623.94,13.01,A1_L3
intenso,1,PREEMPCAO,1648.0,VE_ROTA_VE_CORREDOR_02,1637.02,13.17,A1_L3
intenso,1,PREEMPCAO,1649.0,VE_ROTA_VE_CORREDOR_02,1650.22,13.22,A1_L3
intenso,1,PREEMPCAO,1650.0,VE_ROTA_VE_CORREDOR_02,1663.52,13.32,A1_L3
intenso,1,PREEMPCAO,1651.0,VE_ROTA_VE_CORREDOR_02,1676.91,13.40,A1_L3
intenso,1,PREEMPCAO,1652.0,VE_ROTA_VE_CORREDOR_02,1690.38,13.47,A1_L3
intenso,1,PREEMPCAO,1653.0,VE_ROTA_VE_CORREDOR_02,1703.89,13.45,A1_L3
intenso,1,PREEMPCAO,1654.0,VE_ROTA_VE_CORREDOR_02,1717.42,13.48,A1_L3
intenso,1,PREEMPCAO,1655.0,VE_ROTA_VE_CORREDOR_02,1730.85,13.36,A1_L3
intenso,1,PREEMPCAO,1656.0,VE_ROTA_VE_CORREDOR_02,1744.10,13.17,A1_L3
intenso,1,PREEMPCAO,1657.0,VE_ROTA_VE_CORREDOR_02,1757.12,12.89,A1_L3
intenso,1,PREEMPCAO,1658.0,VE_ROTA_VE_CORREDOR_02,1769.82,12.53,A1_L3
intenso,1,PREEMPCAO,1659.0,VE_ROTA_VE_CORREDOR_02,1782.15,12.12,A1_L3
intenso,1,PREEMPCAO,1660.0,VE_ROTA_VE_CORREDOR_02,1794.03,11.72,A1_L3
intenso,1,PREEMPCAO,1661.0,VE_ROTA_VE_CORREDOR_02,1805.44,11.19,A1_L3
intenso,1,PREEMPCAO,1662.0,VE_ROTA_VE_CORREDOR_02,1816.36,10.71,A1_L3
intenso,1,PREEMPCAO,1663.0,VE_ROTA_VE_CORREDOR_02,1826.72,10.11,A1_L3
intenso,1,PREEMPCAO,1664.0,VE_ROTA_VE_CORREDOR_02,1836.48,9.51,A1_L3
intenso,1,PREEMPCAO,1665.0,VE_ROTA_VE_CORREDOR_02,1845.66,8.91,A1_L3
intenso,1,PREEMPCAO,1666.0,VE_ROTA_VE_CORREDOR_02,1854.17,8.22,A1_L3
intenso,1,PREEMPCAO,1667.0,VE_ROTA_VE_CORREDOR_02,1862.02,7.59,A1_L3
intenso,1,PREEMPCAO,1668.0,VE_ROTA_VE_CORREDOR_02,1869.19,6.84,A1_L3
intenso,1,PREEMPCAO,1669.0,VE_ROTA_VE_CORREDOR_02,1875.67,6.16,A1_L3
intenso,1,PREEMPCAO,1670.0,VE_ROTA_VE_CORREDOR_02,1881.47,5.50,A1_L3
intenso,1,PREEMPCAO,1671.0,VE_ROTA_VE_CORREDOR_02,1886.59,4.84,A1_L3
intenso,1,PREEMPCAO,1672.0,VE_ROTA_VE_CORREDOR_02,1891.04,4.16,A1_L3
intenso,1,PREEMPCAO,1673.0,VE_ROTA_VE_CORREDOR_02,1894.88,3.57,A1_L3
intenso,1,PREEMPCAO,1674.0,VE_ROTA_VE_CORREDOR_02,1898.19,3.07,A1_L3
intenso,1,PREEMPCAO,1675.0,VE_ROTA_VE_CORREDOR_02,1901.06,2.71,A1_L3
intenso,1,PREEMPCAO,1676.0,VE_ROTA_VE_CORREDOR_02,1903.67,2.54,A1_L3
intenso,1,PREEMPCAO,1677.0,VE_ROTA_VE_CORREDOR_02,1906.22,2.58,A1_L3
intenso,1,PREEMPCAO,1678.0,VE_ROTA_VE_CORREDOR_02,1908.94,2.87,A1_L3
intenso,1,PREEMPCAO,1679.0,VE_ROTA_VE_CORREDOR_02,1912.03,3.34,A1_L3
intenso,1,PREEMPCAO,1680.0,VE_ROTA_VE_CORREDOR_02,1915.66,3.93,A1_L3
intenso,1,PREEMPCAO,1681.0,VE_ROTA_VE_CORREDOR_02,1919.94,4.62,A1_L3
intenso,1,PREEMPCAO,1682.0,VE_ROTA_VE_CORREDOR_02,1924.96,5.39,A1_L3
intenso,1,PREEMPCAO,1683.0,VE_ROTA_VE_CORREDOR_02,1930.76,6.12,A1_L3
intenso,1,PREEMPCAO,1684.0,VE_ROTA_VE_CORREDOR_02,1937.38,6.96,A1_L3
intenso,1,PREEMPCAO,1685.0,VE_ROTA_VE_CORREDOR_02,1944.84,7.78,A1_L3
intenso,1,PREEMPCAO,1686.0,VE_ROTA_VE_CORREDOR_02,1953.07,8.60,A1_L3
intenso,1,PREEMPCAO,1687.0,VE_ROTA_VE_CORREDOR_02,1961.99,9.16,A1_L3
intenso,1,PREEMPCAO,1688.0,VE_ROTA_VE_CORREDOR_02,1971.50,9.79,A1_L3
intenso,1,PREEMPCAO,1689.0,VE_ROTA_VE_CORREDOR_02,1981.56,10.32,A1_L3
intenso,1,PREEMPCAO,1690.0,VE_ROTA_VE_CORREDOR_02,1990.90,8.45,:CRUZ_04_10
intenso,1,PREEMPCAO,1691.0,VE_ROTA_VE_CORREDOR_02,1999.51,9.28,T4_S1
intenso,1,PREEMPCAO,1692.0,VE_ROTA_VE_CORREDOR_02,2010.35,12.11,T4_S1
intenso,1,PREEMPCAO,1693.0,VE_ROTA_VE_CORREDOR_02,2023.94,14.43,T4_S1
intenso,1,PREEMPCAO,1694.0,VE_ROTA_VE_CORREDOR_02,2038.36,14.43,T4_S1
intenso,1,PREEMPCAO,1695.0,VE_ROTA_VE_CORREDOR_02,2052.78,14.43,T4_S1
intenso,1,PREEMPCAO,1696.0,VE_ROTA_VE_CORREDOR_02,2067.21,14.44,T4_S1
intenso,1,PREEMPCAO,1697.0,VE_ROTA_VE_CORREDOR_02,2081.64,14.44,T4_S1
intenso,1,PREEMPCAO,1698.0,VE_ROTA_VE_CORREDOR_02,2096.07,14.42,T4_S1
intenso,1,PREEMPCAO,1699.0,VE_ROTA_VE_CORREDOR_02,2110.50,14.42,T4_S1
intenso,1,PREEMPCAO,1700.0,VE_ROTA_VE_CORREDOR_02,2124.92,14.44,T4_S1
intenso,1,PREEMPCAO,1701.0,VE_ROTA_VE_CORREDOR_02,2139.35,14.43,T4_S1
intenso,1,PREEMPCAO,1702.0,VE_ROTA_VE_CORREDOR_02,2153.78,14.43,T4_S1
intenso,1,PREEMPCAO,1703.0,VE_ROTA_VE_CORREDOR_02,2168.21,14.42,T4_S1
intenso,1,PREEMPCAO,1704.0,VE_ROTA_VE_CORREDOR_02,2182.64,14.44,T4_S1
intenso,1,PREEMPCAO,1705.0,VE_ROTA_VE_CORREDOR_02,2197.07,14.42,T4_S1
intenso,1,PREEMPCAO,1706.0,VE_ROTA_VE_CORREDOR_02,2211.49,14.41,T4_S1
intenso,1,PREEMPCAO,1707.0,VE_ROTA_VE_CORREDOR_02,2225.92,14.44,T4_S1
intenso,1,PREEMPCAO,1708.0,VE_ROTA_VE_CORREDOR_02,2240.35,14.43,T4_S1
intenso,1,PREEMPCAO,1709.0,VE_ROTA_VE_CORREDOR_02,2254.78,14.44,T4_S1
intenso,1,PREEMPCAO,1710.0,VE_ROTA_VE_CORREDOR_02,2269.21,14.43,T4_S1
intenso,1,PREEMPCAO,1711.0,VE_ROTA_VE_CORREDOR_02,2283.64,14.42,T4_S1
intenso,1,PREEMPCAO,1712.0,VE_ROTA_VE_CORREDOR_02,2298.07,14.44,T4_S1
intenso,1,PREEMPCAO,1713.0,VE_ROTA_VE_CORREDOR_02,2312.49,14.42,T4_S1
intenso,1,PREEMPCAO,1714.0,VE_ROTA_VE_CORREDOR_02,2326.92,14.43,T4_S1
intenso,1,PREEMPCAO,1715.0,VE_ROTA_VE_CORREDOR_02,2341.35,14.44,T4_S1
intenso,1,PREEMPCAO,1716.0,VE_ROTA_VE_CORREDOR_02,2355.31,12.79,T4_S1
intenso,1,PREEMPCAO,1717.0,VE_ROTA_VE_CORREDOR_02,2366.29,9.60,T4_S1
intenso,1,PREEMPCAO,1718.0,VE_ROTA_VE_CORREDOR_02,2374.42,7.02,T4_S1
intenso,1,PREEMPCAO,1719.0,VE_ROTA_VE_CORREDOR_02,2380.41,5.25,T4_S1
intenso,1,PREEMPCAO,1720.0,VE_ROTA_VE_CORREDOR_02,2385.09,4.37,T4_S1
intenso,1,PREEMPCAO,1721.0,VE_ROTA_VE_CORREDOR_02,2389.25,4.12,T4_S1
intenso,1,PREEMPCAO,1722.0,VE_ROTA_VE_CORREDOR_02,2393.40,4.22,T4_S1
intenso,1,PREEMPCAO,1723.0,VE_ROTA_VE_CORREDOR_02,2397.81,4.60,T4_S1
intenso,1,PREEMPCAO,1724.0,VE_ROTA_VE_CORREDOR_02,2402.64,5.02,T4_S1
intenso,1,PREEMPCAO,1725.0,VE_ROTA_VE_CORREDOR_02,2407.90,5.44,T4_S1
intenso,1,PREEMPCAO,1726.0,VE_ROTA_VE_CORREDOR_02,2413.60,5.93,T4_S1
intenso,1,PREEMPCAO,1727.0,VE_ROTA_VE_CORREDOR_02,2419.71,6.27,T4_S1
intenso,1,PREEMPCAO,1728.0,VE_ROTA_VE_CORREDOR_02,2426.19,6.64,T4_S1
intenso,1,PREEMPCAO,1729.0,VE_ROTA_VE_CORREDOR_02,2433.00,6.97,T4_S1
intenso,1,PREEMPCAO,1730.0,VE_ROTA_VE_CORREDOR_02,2440.13,7.27,T4_S1
intenso,1,PREEMPCAO,1731.0,VE_ROTA_VE_CORREDOR_02,2447.53,7.51,T4_S1
intenso,1,PREEMPCAO,1732.0,VE_ROTA_VE_CORREDOR_02,2455.16,7.76,T4_S1
intenso,1,PREEMPCAO,1733.0,VE_ROTA_VE_CORREDOR_02,2463.04,7.97,T4_S1
intenso,1,PREEMPCAO,1734.0,VE_ROTA_VE_CORREDOR_02,2471.17,8.13,T4_S1
intenso,1,PREEMPCAO,1735.0,VE_ROTA_VE_CORREDOR_02,2479.70,8.44,:CRUZ_08_0
intenso,1,PREEMPCAO,1736.0,VE_ROTA_VE_CORREDOR_02,2488.32,9.30,A2_O3
intenso,1,PREEMPCAO,1737.0,VE_ROTA_VE_CORREDOR_02,2499.20,12.16,A2_O3
intenso,1,PREEMPCAO,1738.0,VE_ROTA_VE_CORREDOR_02,2512.89,14.95,A2_O3
intenso,1,PREEMPCAO,1739.0,VE_ROTA_VE_CORREDOR_02,2529.39,17.78,A2_O3
intenso,1,PREEMPCAO,1740.0,VE_ROTA_VE_CORREDOR_02,2548.74,20.64,A2_O3
intenso,1,PREEMPCAO,1741.0,VE_ROTA_VE_CORREDOR_02,2570.26,21.64,A2_O3
intenso,1,PREEMPCAO,1742.0,VE_ROTA_VE_CORREDOR_02,2591.92,21.65,A2_O3
intenso,1,PREEMPCAO,1743.0,VE_ROTA_VE_CORREDOR_02,2613.58,21.67,A2_O3
intenso,1,PREEMPCAO,1744.0,VE_ROTA_VE_CORREDOR_02,2635.24,21.66,A2_O3
intenso,1,PREEMPCAO,1745.0,VE_ROTA_VE_CORREDOR_02,2656.89,21.65,A2_O3
intenso,1,PREEMPCAO,1746.0,VE_ROTA_VE_CORREDOR_02,2678.54,21.65,A2_O3
intenso,1,PREEMPCAO,1747.0,VE_ROTA_VE_CORREDOR_02,2700.20,21.64,A2_O3
intenso,1,PREEMPCAO,1748.0,VE_ROTA_VE_CORREDOR_02,2721.86,21.66,A2_O3
intenso,1,PREEMPCAO,1749.0,VE_ROTA_VE_CORREDOR_02,2743.52,21.67,A2_O3
intenso,1,PREEMPCAO,1750.0,VE_ROTA_VE_CORREDOR_02,2765.17,21.65,A2_O3
intenso,1,PREEMPCAO,1751.0,VE_ROTA_VE_CORREDOR_02,2786.83,21.67,A2_O3
intenso,1,PREEMPCAO,1752.0,VE_ROTA_VE_CORREDOR_02,2808.49,21.67,A2_O3
intenso,1,PREEMPCAO,1753.0,VE_ROTA_VE_CORREDOR_02,2830.15,21.67,A2_O3
intenso,1,PREEMPCAO,1754.0,VE_ROTA_VE_CORREDOR_02,2851.80,21.65,A2_O3
intenso,1,PREEMPCAO,1755.0,VE_ROTA_VE_CORREDOR_02,2873.46,21.66,A2_O3
intenso,1,PREEMPCAO,1756.0,VE_ROTA_VE_CORREDOR_02,2895.11,21.66,A2_O3
intenso,1,PREEMPCAO,1757.0,VE_ROTA_VE_CORREDOR_02,2916.77,21.65,A2_O3
intenso,1,PREEMPCAO,1758.0,VE_ROTA_VE_CORREDOR_02,2938.43,21.67,A2_O3
intenso,1,PREEMPCAO,1759.0,VE_ROTA_VE_CORREDOR_02,2960.08,21.67,A2_O3
intenso,1,PREEMPCAO,1760.0,VE_ROTA_VE_CORREDOR_02,2981.74,21.66,:CRUZ_07_4
intenso,1,PREEMPCAO,1761.0,VE_ROTA_VE_CORREDOR_02,3003.40,21.66,A2_O2
intenso,1,PREEMPCAO,1762.0,VE_ROTA_VE_CORREDOR_02,3025.06,21.67,A2_O2
intenso,1,PREEMPCAO,1763.0,VE_ROTA_VE_CORREDOR_02,3046.71,21.65,A2_O2
intenso,1,PREEMPCAO,1764.0,VE_ROTA_VE_CORREDOR_02,3068.37,21.65,A2_O2
intenso,1,PREEMPCAO,1765.0,VE_ROTA_VE_CORREDOR_02,3090.03,21.67,A2_O2
intenso,1,PREEMPCAO,1766.0,VE_ROTA_VE_CORREDOR_02,3111.68,21.65,A2_O2
intenso,1,PREEMPCAO,1767.0,VE_ROTA_VE_CORREDOR_02,3133.35,21.65,A2_O2
intenso,1,PREEMPCAO,1768.0,VE_ROTA_VE_CORREDOR_02,3155.01,21.67,A2_O2
intenso,1,PREEMPCAO,1769.0,VE_ROTA_VE_CORREDOR_02,3176.66,21.66,A2_O2
intenso,1,PREEMPCAO,1770.0,VE_ROTA_VE_CORREDOR_02,3198.32,21.66,A2_O2
intenso,1,PREEMPCAO,1771.0,VE_ROTA_VE_CORREDOR_02,3219.11,20.15,A2_O2
intenso,1,PREEMPCAO,1772.0,VE_ROTA_VE_CORREDOR_02,3238.45,18.82,A2_O2
intenso,1,PREEMPCAO,1773.0,VE_ROTA_VE_CORREDOR_02,3256.55,17.58,A2_O2
intenso,1,PREEMPCAO,1774.0,VE_ROTA_VE_CORREDOR_02,3273.60,16.65,A2_O2
intenso,1,PREEMPCAO,1775.0,VE_ROTA_VE_CORREDOR_02,3289.79,15.87,A2_O2
intenso,1,PREEMPCAO,1776.0,VE_ROTA_VE_CORREDOR_02,3305.26,15.21,A2_O2
intenso,1,PREEMPCAO,1777.0,VE_ROTA_VE_CORREDOR_02,3320.19,14.76,A2_O2
intenso,1,PREEMPCAO,1778.0,VE_ROTA_VE_CORREDOR_02,3334.65,14.28,A2_O2
intenso,1,PREEMPCAO,1779.0,VE_ROTA_VE_CORREDOR_02,3348.78,13.95,A2_O2
intenso,1,PREEMPCAO,1780.0,VE_ROTA_VE_CORREDOR_02,3362.62,13.73,A2_O2
intenso,1,PREEMPCAO,1781.0,VE_ROTA_VE_CORREDOR_02,3376.25,13.56,A2_O2
intenso,1,PREEMPCAO,1782.0,VE_ROTA_VE_CORREDOR_02,3389.74,13.47,A2_O2
intenso,1,PREEMPCAO,1783.0,VE_ROTA_VE_CORREDOR_02,3403.08,13.29,A2_O2
intenso,1,PREEMPCAO,1784.0,VE_ROTA_VE_CORREDOR_02,3416.33,13.20,A2_O2
intenso,1,PREEMPCAO,1785.0,VE_ROTA_VE_CORREDOR_02,3429.54,13.15,A2_O2
intenso,1,PREEMPCAO,1786.0,VE_ROTA_VE_CORREDOR_02,3442.69,13.39,A2_O2
intenso,1,PREEMPCAO,1787.0,VE_ROTA_VE_CORREDOR_02,3456.98,14.43,A2_O2
intenso,1,PREEMPCAO,1788.0,VE_ROTA_VE_CORREDOR_02,3471.33,14.33,:CRUZ_06_4
intenso,1,PREEMPCAO,1789.0,VE_ROTA_VE_CORREDOR_02,3485.62,14.29,A2_O1
intenso,1,PREEMPCAO,1790.0,VE_ROTA_VE_CORREDOR_02,3499.86,14.19,A2_O1
intenso,1,PREEMPCAO,1791.0,VE_ROTA_VE_CORREDOR_02,3514.05,14.19,A2_O1
intenso,1,PREEMPCAO,1792.0,VE_ROTA_VE_CORREDOR_02,3528.21,14.11,A2_O1
intenso,1,PREEMPCAO,1793.0,VE_ROTA_VE_CORREDOR_02,3542.36,14.16,A2_O1
intenso,1,PREEMPCAO,1794.0,VE_ROTA_VE_CORREDOR_02,3556.50,14.17,A2_O1
intenso,1,PREEMPCAO,1795.0,VE_ROTA_VE_CORREDOR_02,3570.62,14.06,A2_O1
intenso,1,PREEMPCAO,1796.0,VE_ROTA_VE_CORREDOR_02,3584.73,14.07,A2_O1
intenso,1,PREEMPCAO,1797.0,VE_ROTA_VE_CORREDOR_02,3598.84,14.13,A2_O1
intenso,1,PREEMPCAO,1798.0,VE_ROTA_VE_CORREDOR_02,3612.94,14.09,A2_O1
intenso,1,PREEMPCAO,1799.0,VE_ROTA_VE_CORREDOR_02,3627.05,14.10,A2_O1
intenso,1,PREEMPCAO,1800.0,VE_ROTA_VE_CORREDOR_02,3641.14,14.12,A2_O1
intenso,1,PREEMPCAO,1801.0,VE_ROTA_VE_CORREDOR_02,3655.22,14.05,A2_O1
intenso,1,PREEMPCAO,1802.0,VE_ROTA_VE_CORREDOR_02,3669.32,14.06,A2_O1
intenso,1,PREEMPCAO,1803.0,VE_ROTA_VE_CORREDOR_02,3683.41,14.13,A2_O1
intenso,1,PREEMPCAO,1804.0,VE_ROTA_VE_CORREDOR_02,3697.49,14.16,A2_O1
intenso,1,PREEMPCAO,1805.0,VE_ROTA_VE_CORREDOR_02,3711.59,14.13,A2_O1
intenso,1,PREEMPCAO,1806.0,VE_ROTA_VE_CORREDOR_02,3725.69,14.12,A2_O1
intenso,1,PREEMPCAO,1807.0,VE_ROTA_VE_CORREDOR_02,3739.77,14.06,A2_O1
intenso,1,PREEMPCAO,1808.0,VE_ROTA_VE_CORREDOR_02,3753.83,14.12,A2_O1
intenso,1,PREEMPCAO,1809.0,VE_ROTA_VE_CORREDOR_02,3767.90,14.04,A2_O1
intenso,1,PREEMPCAO,1810.0,VE_ROTA_VE_CORREDOR_02,3781.96,14.07,A2_O1
intenso,1,PREEMPCAO,1811.0,VE_ROTA_VE_CORREDOR_02,3796.04,14.09,A2_O1
intenso,1,PREEMPCAO,1812.0,VE_ROTA_VE_CORREDOR_02,3810.10,14.05,A2_O1
intenso,1,PREEMPCAO,1813.0,VE_ROTA_VE_CORREDOR_02,3824.16,14.08,A2_O1
intenso,1,PREEMPCAO,1814.0,VE_ROTA_VE_CORREDOR_02,3838.04,13.39,A2_O1
intenso,1,PREEMPCAO,1815.0,VE_ROTA_VE_CORREDOR_02,3850.73,12.07,A2_O1
intenso,1,PREEMPCAO,1816.0,VE_ROTA_VE_CORREDOR_02,3862.16,10.84,A2_O1
intenso,1,PREEMPCAO,1817.0,VE_ROTA_VE_CORREDOR_02,3872.38,9.69,A2_O1
intenso,1,PREEMPCAO,1818.0,VE_ROTA_VE_CORREDOR_02,3881.49,8.67,A2_O1
intenso,1,PREEMPCAO,1819.0,VE_ROTA_VE_CORREDOR_02,3889.70,7.88,A2_O1
intenso,1,PREEMPCAO,1820.0,VE_ROTA_VE_CORREDOR_02,3897.31,7.45,A2_O1
intenso,1,PREEMPCAO,1821.0,VE_ROTA_VE_CORREDOR_02,3904.66,7.41,A2_O1
intenso,1,PREEMPCAO,1822.0,VE_ROTA_VE_CORREDOR_02,3912.15,7.61,A2_O1
intenso,1,PREEMPCAO,1823.0,VE_ROTA_VE_CORREDOR_02,3920.03,8.08,A2_O1
intenso,1,PREEMPCAO,1824.0,VE_ROTA_VE_CORREDOR_02,3928.40,8.62,A2_O1
intenso,1,PREEMPCAO,1825.0,VE_ROTA_VE_CORREDOR_02,3937.39,9.27,A2_O1
intenso,1,PREEMPCAO,1826.0,VE_ROTA_VE_CORREDOR_02,3946.99,9.85,A2_O1
intenso,1,PREEMPCAO,1827.0,VE_ROTA_VE_CORREDOR_02,3957.21,10.46,A2_O1
intenso,1,PREEMPCAO,1828.0,VE_ROTA_VE_CORREDOR_02,3968.03,11.04,A2_O1
intenso,1,PREEMPCAO,1829.0,VE_ROTA_VE_CORREDOR_02,3979.40,11.62,:CRUZ_05_4
intenso,1,PREEMPCAO,1830.0,VE_ROTA_VE_CORREDOR_02,3991.26,12.08,A2_O0
intenso,1,PREEMPCAO,1831.0,VE_ROTA_VE_CORREDOR_02,4003.61,12.50,A2_O0
intenso,1,PREEMPCAO,1832.0,VE_ROTA_VE_CORREDOR_02,4016.29,12.81,A2_O0
intenso,1,PREEMPCAO,1833.0,VE_ROTA_VE_CORREDOR_02,4029.32,13.20,A2_O0
intenso,1,PREEMPCAO,1834.0,VE_ROTA_VE_CORREDOR_02,4042.61,13.39,A2_O0
intenso,1,PREEMPCAO,1835.0,VE_ROTA_VE_CORREDOR_02,4056.06,13.53,A2_O0
intenso,1,PREEMPCAO,1836.0,VE_ROTA_VE_CORREDOR_02,4069.62,13.64,A2_O0
intenso,1,PREEMPCAO,1837.0,VE_ROTA_VE_CORREDOR_02,4083.26,13.69,A2_O0
intenso,1,PREEMPCAO,1838.0,VE_ROTA_VE_CORREDOR_02,4097.02,13.75,A2_O0
intenso,1,PREEMPCAO,1839.0,VE_ROTA_VE_CORREDOR_02,4110.81,13.79,A2_O0
intenso,1,PREEMPCAO,1840.0,VE_ROTA_VE_CORREDOR_02,4124.68,13.87,A2_O0
intenso,1,PREEMPCAO,1841.0,VE_ROTA_VE_CORREDOR_02,4138.58,13.95,A2_O0
intenso,1,PREEMPCAO,1842.0,VE_ROTA_VE_CORREDOR_02,4152.50,13.96,A2_O0
intenso,1,PREEMPCAO,1843.0,VE_ROTA_VE_CORREDOR_02,4166.46,14.01,A2_O0
intenso,1,PREEMPCAO,1844.0,VE_ROTA_VE_CORREDOR_02,4180.45,14.04,A2_O0
intenso,1,PREEMPCAO,1845.0,VE_ROTA_VE_CORREDOR_02,4194.44,14.01,A2_O0
intenso,1,PREEMPCAO,1846.0,VE_ROTA_VE_CORREDOR_02,4208.46,14.03,A2_O0
intenso,1,PREEMPCAO,1847.0,VE_ROTA_VE_CORREDOR_02,4222.48,14.03,A2_O0
intenso,1,PREEMPCAO,1848.0,VE_ROTA_VE_CORREDOR_02,4236.52,14.03,A2_O0
intenso,1,PREEMPCAO,1849.0,VE_ROTA_VE_CORREDOR_02,4250.57,14.09,A2_O0
intenso,1,PREEMPCAO,1850.0,VE_ROTA_VE_CORREDOR_02,4264.63,14.04,A2_O0
intenso,1,PREEMPCAO,1851.0,VE_ROTA_VE_CORREDOR_02,4278.67,14.00,A2_O0
intenso,1,PREEMPCAO,1852.0,VE_ROTA_VE_CORREDOR_02,4292.74,14.12,A2_O0
intenso,1,PREEMPCAO,1853.0,VE_ROTA_VE_CORREDOR_02,4306.80,13.99,A2_O0
intenso,1,PREEMPCAO,1854.0,VE_ROTA_VE_CORREDOR_02,4320.88,14.12,A2_O0
intenso,1,PREEMPCAO,1855.0,VE_ROTA_VE_CORREDOR_02,4334.94,14.09,A2_O0
intenso,1,PREEMPCAO,1856.0,VE_ROTA_VE_CORREDOR_02,4349.00,14.03,A2_O0
intenso,1,PREEMPCAO,1857.0,VE_ROTA_VE_CORREDOR_02,4363.07,14.05,A2_O0
intenso,1,PREEMPCAO,1858.0,VE_ROTA_VE_CORREDOR_02,4377.14,14.10,A2_O0
intenso,1,PREEMPCAO,1859.0,VE_ROTA_VE_CORREDOR_02,4391.22,14.10,A2_O0
intenso,1,PREEMPCAO,1860.0,VE_ROTA_VE_CORREDOR_02,4405.31,14.08,A2_O0
intenso,1,PREEMPCAO,1861.0,VE_ROTA_VE_CORREDOR_02,4419.41,14.08,A2_O0
intenso,1,PREEMPCAO,1862.0,VE_ROTA_VE_CORREDOR_02,4433.55,14.48,A2_O0
intenso,1,PREEMPCAO,1863.0,VE_ROTA_VE_CORREDOR_02,4448.85,16.07,A2_O0
intenso,1,PREEMPCAO,1864.0,VE_ROTA_VE_CORREDOR_02,4465.48,17.62,A2_O0
intenso,1,PREEMPCAO,2101.0,VE_ROTA_VE_CORREDOR_03,19.49,21.66,A1_L0
intenso,1,PREEMPCAO,2102.0,VE_ROTA_VE_CORREDOR_03,40.92,20.99,A1_L0
intenso,1,PREEMPCAO,2103.0,VE_ROTA_VE_CORREDOR_03,61.33,19.97,A1_L0
intenso,1,PREEMPCAO,2104.0,VE_ROTA_VE_CORREDOR_03,80.82,19.15,A1_L0
intenso,1,PREEMPCAO,2105.0,VE_ROTA_VE_CORREDOR_03,99.52,18.41,A1_L0
intenso,1,PREEMPCAO,2106.0,VE_ROTA_VE_CORREDOR_03,117.59,17.83,A1_L0
intenso,1,PREEMPCAO,2107.0,VE_ROTA_VE_CORREDOR_03,135.11,17.28,A1_L0
intenso,1,PREEMPCAO,2108.0,VE_ROTA_VE_CORREDOR_03,152.21,16.94,A1_L0
intenso,1,PREEMPCAO,2109.0,VE_ROTA_VE_CORREDOR_03,168.95,16.61,A1_L0
intenso,1,PREEMPCAO,2110.0,VE_ROTA_VE_CORREDOR_03,185.41,16.39,A1_L0
intenso,1,PREEMPCAO,2111.0,VE_ROTA_VE_CORREDOR_03,201.64,16.10,A1_L0
intenso,1,PREEMPCAO,2112.0,VE_ROTA_VE_CORREDOR_03,217.69,15.96,A1_L0
intenso,1,PREEMPCAO,2113.0,VE_ROTA_VE_CORREDOR_03,233.60,15.83,A1_L0
intenso,1,PREEMPCAO,2114.0,VE_ROTA_VE_CORREDOR_03,249.41,15.79,A1_L0
intenso,1,PREEMPCAO,2115.0,VE_ROTA_VE_CORREDOR_03,265.13,15.72,A1_L0
intenso,1,PREEMPCAO,2116.0,VE_ROTA_VE_CORREDOR_03,280.78,15.61,A1_L0
intenso,1,PREEMPCAO,2117.0,VE_ROTA_VE_CORREDOR_03,296.38,15.56,A1_L0
intenso,1,PREEMPCAO,2118.0,VE_ROTA_VE_CORREDOR_03,311.94,15.57,A1_L0
intenso,1,PREEMPCAO,2119.0,VE_ROTA_VE_CORREDOR_03,327.48,15.52,A1_L0
intenso,1,PREEMPCAO,2120.0,VE_ROTA_VE_CORREDOR_03,342.97,15.49,A1_L0
intenso,1,PREEMPCAO,2121.0,VE_ROTA_VE_CORREDOR_03,358.45,15.49,A1_L0
intenso,1,PREEMPCAO,2122.0,VE_ROTA_VE_CORREDOR_03,373.92,15.49,A1_L0
intenso,1,PREEMPCAO,2123.0,VE_ROTA_VE_CORREDOR_03,389.39,15.43,A1_L0
intenso,1,PREEMPCAO,2124.0,VE_ROTA_VE_CORREDOR_03,404.78,15.14,A1_L0
intenso,1,PREEMPCAO,2125.0,VE_ROTA_VE_CORREDOR_03,418.91,13.35,A1_L0
intenso,1,PREEMPCAO,2126.0,VE_ROTA_VE_CORREDOR_03,431.56,12.15,A1_L0
intenso,1,PREEMPCAO,2127.0,VE_ROTA_VE_CORREDOR_03,443.33,11.55,A1_L0
intenso,1,PREEMPCAO,2128.0,VE_ROTA_VE_CORREDOR_03,454.78,11.44,A1_L0
intenso,1,PREEMPCAO,2129.0,VE_ROTA_VE_CORREDOR_03,466.32,11.70,A1_L0
intenso,1,PREEMPCAO,2130.0,VE_ROTA_VE_CORREDOR_03,478.43,12.46,A1_L0
intenso,1,PREEMPCAO,2131.0,VE_ROTA_VE_CORREDOR_03,491.54,13.67,:CRUZ_01_11
intenso,1,PREEMPCAO,2132.0,VE_ROTA_VE_CORREDOR_03,505.47,14.11,A1_L1
intenso,1,PREEMPCAO,2133.0,VE_ROTA_VE_CORREDOR_03,519.79,14.48,A1_L1
intenso,1,PREEMPCAO,2134.0,VE_ROTA_VE_CORREDOR_03,534.41,14.77,A1_L1
intenso,1,PREEMPCAO,2135.0,VE_ROTA_VE_CORREDOR_03,549.32,15.00,A1_L1
intenso,1,PREEMPCAO,2136.0,VE_ROTA_VE_CORREDOR_03,564.43,15.16,A1_L1
intenso,1,PREEMPCAO,2137.0,VE_ROTA_VE_CORREDOR_03,579.62,15.21,A1_L1
intenso,1,PREEMPCAO,2138.0,VE_ROTA_VE_CORREDOR_03,594.85,15.24,A1_L1
intenso,1,PREEMPCAO,2139.0,VE_ROTA_VE_CORREDOR_03,610.12,15.28,A1_L1
intenso,1,PREEMPCAO,2140.0,VE_ROTA_VE_CORREDOR_03,625.44,15.32,A1_L1
intenso,1,PREEMPCAO,2141.0,VE_ROTA_VE_CORREDOR_03,640.75,15.34,A1_L1
intenso,1,PREEMPCAO,2142.0,VE_ROTA_VE_CORREDOR_03,656.08,15.31,A1_L1
intenso,1,PREEMPCAO,2143.0,VE_ROTA_VE_CORREDOR_03,671.44,15.38,A1_L1
intenso,1,PREEMPCAO,2144.0,VE_ROTA_VE_CORREDOR_03,686.82,15.39,A1_L1
intenso,1,PREEMPCAO,2145.0,VE_ROTA_VE_CORREDOR_03,702.18,15.37,A1_L1
intenso,1,PREEMPCAO,2146.0,VE_ROTA_VE_CORREDOR_03,717.56,15.34,A1_L1
intenso,1,PREEMPCAO,2147.0,VE_ROTA_VE_CORREDOR_03,732.95,15.37,A1_L1
intenso,1,PREEMPCAO,2148.0,VE_ROTA_VE_CORREDOR_03,748.33,15.33,A1_L1
intenso,1,PREEMPCAO,2149.0,VE_ROTA_VE_CORREDOR_03,763.72,15.40,A1_L1
intenso,1,PREEMPCAO,2150.0,VE_ROTA_VE_CORREDOR_03,779.11,15.42,A1_L1
intenso,1,PREEMPCAO,2151.0,VE_ROTA_VE_CORREDOR_03,794.52,15.43,A1_L1
intenso,1,PREEMPCAO,2152.0,VE_ROTA_VE_CORREDOR_03,809.93,15.43,A1_L1
intenso,1,PREEMPCAO,2153.0,VE_ROTA_VE_CORREDOR_03,825.34,15.38,A1_L1
intenso,1,PREEMPCAO,2154.0,VE_ROTA_VE_CORREDOR_03,840.75,15.46,A1_L1
intenso,1,PREEMPCAO,2155.0,VE_ROTA_VE_CORREDOR_03,856.16,15.36,A1_L1
intenso,1,PREEMPCAO,2156.0,VE_ROTA_VE_CORREDOR_03,871.56,15.35,A1_L1
intenso,1,PREEMPCAO,2157.0,VE_ROTA_VE_CORREDOR_03,886.98,15.39,A1_L1
intenso,1,PREEMPCAO,2158.0,VE_ROTA_VE_CORREDOR_03,901.35,13.63,A1_L1
intenso,1,PREEMPCAO,2159.0,VE_ROTA_VE_CORREDOR_03,914.06,12.00,A1_L1
intenso,1,PREEMPCAO,2160.0,VE_ROTA_VE_CORREDOR_03,925.13,10.31,A1_L1
intenso,1,PREEMPCAO,2161.0,VE_ROTA_VE_CORREDOR_03,934.62,8.80,A1_L1
intenso,1,PREEMPCAO,2162.0,VE_ROTA_VE_CORREDOR_03,942.59,7.26,A1_L1
intenso,1,PREEMPCAO,2163.0,VE_ROTA_VE_CORREDOR_03,949.08,5.84,A1_L1
intenso,1,PREEMPCAO,2164.0,VE_ROTA_VE_CORREDOR_03,954.16,4.52,A1_L1
intenso,1,PREEMPCAO,2165.0,VE_ROTA_VE_CORREDOR_03,957.98,3.28,A1_L1
intenso,1,PREEMPCAO,2166.0,VE_ROTA_VE_CORREDOR_03,960.70,2.28,A1_L1
intenso,1,PREEMPCAO,2167.0,VE_ROTA_VE_CORREDOR_03,962.52,1.49,A1_L1
intenso,1,PREEMPCAO,2168.0,VE_ROTA_VE_CORREDOR_03,963.66,0.89,A1_L1
intenso,1,PREEMPCAO,2169.0,VE_ROTA_VE_CORREDOR_03,964.34,0.52,A1_L1
intenso,1,PREEMPCAO,2170.0,VE_ROTA_VE_CORREDOR_03,964.76,0.40,A1_L1
intenso,1,PREEMPCAO,2171.0,VE_ROTA_VE_CORREDOR_03,965.39,0.95,A1_L1
intenso,1,PREEMPCAO,2172.0,VE_ROTA_VE_CORREDOR_03,966.96,2.13,A1_L1
intenso,1,PREEMPCAO,2173.0,VE_ROTA_VE_CORREDOR_03,969.98,3.70,A1_L1
intenso,1,PREEMPCAO,2174.0,VE_ROTA_VE_CORREDOR_03,974.71,5.55,A1_L1
intenso,1,PREEMPCAO,2175.0,VE_ROTA_VE_CORREDOR_03,981.33,7.45,A1_L1
intenso,1,PREEMPCAO,2176.0,VE_ROTA_VE_CORREDOR_03,989.75,9.22,:CRUZ_02_11
intenso,1,PREEMPCAO,2177.0,VE_ROTA_VE_CORREDOR_03,1000.02,11.20,:CRUZ_02_11
intenso,1,PREEMPCAO,2178.0,VE_ROTA_VE_CORREDOR_03,1012.04,12.45,A1_L2
intenso,1,PREEMPCAO,2179.0,VE_ROTA_VE_CORREDOR_03,1024.89,13.16,A1_L2
intenso,1,PREEMPCAO,2180.0,VE_ROTA_VE_CORREDOR_03,1038.37,13.70,A1_L2
intenso,1,PREEMPCAO,2181.0,VE_ROTA_VE_CORREDOR_03,1052.38,14.22,A1_L2
intenso,1,PREEMPCAO,2182.0,VE_ROTA_VE_CORREDOR_03,1066.78,14.58,A1_L2
intenso,1,PREEMPCAO,2183.0,VE_ROTA_VE_CORREDOR_03,1081.55,14.89,A1_L2
intenso,1,PREEMPCAO,2184.0,VE_ROTA_VE_CORREDOR_03,1096.52,15.05,A1_L2
intenso,1,PREEMPCAO,2185.0,VE_ROTA_VE_CORREDOR_03,1111.60,15.08,A1_L2
intenso,1,PREEMPCAO,2186.0,VE_ROTA_VE_CORREDOR_03,1126.74,15.22,A1_L2
intenso,1,PREEMPCAO,2187.0,VE_ROTA_VE_CORREDOR_03,1141.96,15.29,A1_L2
intenso,1,PREEMPCAO,2188.0,VE_ROTA_VE_CORREDOR_03,1157.19,15.24,A1_L2
intenso,1,PREEMPCAO,2189.0,VE_ROTA_VE_CORREDOR_03,1172.49,15.34,A1_L2
intenso,1,PREEMPCAO,2190.0,VE_ROTA_VE_CORREDOR_03,1187.81,15.38,A1_L2
intenso,1,PREEMPCAO,2191.0,VE_ROTA_VE_CORREDOR_03,1203.15,15.29,A1_L2
intenso,1,PREEMPCAO,2192.0,VE_ROTA_VE_CORREDOR_03,1218.50,15.39,A1_L2
intenso,1,PREEMPCAO,2193.0,VE_ROTA_VE_CORREDOR_03,1233.88,15.41,A1_L2
intenso,1,PREEMPCAO,2194.0,VE_ROTA_VE_CORREDOR_03,1249.24,15.35,A1_L2
intenso,1,PREEMPCAO,2195.0,VE_ROTA_VE_CORREDOR_03,1264.61,15.35,A1_L2
intenso,1,PREEMPCAO,2196.0,VE_ROTA_VE_CORREDOR_03,1279.99,15.39,A1_L2
intenso,1,PREEMPCAO,2197.0,VE_ROTA_VE_CORREDOR_03,1295.39,15.43,A1_L2
intenso,1,PREEMPCAO,2198.0,VE_ROTA_VE_CORREDOR_03,1310.78,15.35,A1_L2
intenso,1,PREEMPCAO,2199.0,VE_ROTA_VE_CORREDOR_03,1326.16,15.37,A1_L2
intenso,1,PREEMPCAO,2200.0,VE_ROTA_VE_CORREDOR_03,1341.54,15.39,A1_L2
intenso,1,PREEMPCAO,2201.0,VE_ROTA_VE_CORREDOR_03,1356.95,15.37,A1_L2
intenso,1,PREEMPCAO,2202.0,VE_ROTA_VE_CORREDOR_03,1372.37,15.39,A1_L2
intenso,1,PREEMPCAO,2203.0,VE_ROTA_VE_CORREDOR_03,1387.76,15.39,A1_L2
intenso,1,PREEMPCAO,2204.0,VE_ROTA_VE_CORREDOR_03,1403.17,15.35,A1_L2
intenso,1,PREEMPCAO,2205.0,VE_ROTA_VE_CORREDOR_03,1418.57,15.36,A1_L2
intenso,1,PREEMPCAO,2206.0,VE_ROTA_VE_CORREDOR_03,1434.00,15.36,A1_L2
intenso,1,PREEMPCAO,2207.0,VE_ROTA_VE_CORREDOR_03,1449.42,15.44,A1_L2
intenso,1,PREEMPCAO,2208.0,VE_ROTA_VE_CORREDOR_03,1464.80,15.40,A1_L2
intenso,1,PREEMPCAO,2209.0,VE_ROTA_VE_CORREDOR_03,1480.21,15.38,A1_L2
intenso,1,PREEMPCAO,2210.0,VE_ROTA_VE_CORREDOR_03,1495.62,15.43,:CRUZ_03_11
intenso,1,PREEMPCAO,2211.0,VE_ROTA_VE_CORREDOR_03,1511.02,15.38,A1_L3
intenso,1,PREEMPCAO,2212.0,VE_ROTA_VE_CORREDOR_03,1526.42,15.43,A1_L3
intenso,1,PREEMPCAO,2213.0,VE_ROTA_VE_CORREDOR_03,1541.83,15.40,A1_L3
intenso,1,PREEMPCAO,2214.0,VE_ROTA_VE_CORREDOR_03,1557.22,15.40,A1_L3
intenso,1,PREEMPCAO,2215.0,VE_ROTA_VE_CORREDOR_03,1572.64,15.44,A1_L3
intenso,1,PREEMPCAO,2216.0,VE_ROTA_VE_CORREDOR_03,1588.04,15.39,A1_L3
intenso,1,PREEMPCAO,2217.0,VE_ROTA_VE_CORREDOR_03,1603.44,15.40,A1_L3
intenso,1,PREEMPCAO,2218.0,VE_ROTA_VE_CORREDOR_03,1618.85,15.40,A1_L3
intenso,1,PREEMPCAO,2219.0,VE_ROTA_VE_CORREDOR_03,1634.25,15.45,A1_L3
intenso,1,PREEMPCAO,2220.0,VE_ROTA_VE_CORREDOR_03,1649.66,15.44,A1_L3
intenso,1,PREEMPCAO,2221.0,VE_ROTA_VE_CORREDOR_03,1665.07,15.42,A1_L3
intenso,1,PREEMPCAO,2222.0,VE_ROTA_VE_CORREDOR_03,1680.47,15.37,A1_L3
intenso,1,PREEMPCAO,2223.0,VE_ROTA_VE_CORREDOR_03,1695.87,15.38,A1_L3
intenso,1,PREEMPCAO,2224.0,VE_ROTA_VE_CORREDOR_03,1710.98,14.81,A1_L3
intenso,1,PREEMPCAO,2225.0,VE_ROTA_VE_CORREDOR_03,1725.37,14.06,A1_L3
intenso,1,PREEMPCAO,2226.0,VE_ROTA_VE_CORREDOR_03,1739.02,13.38,A1_L3
intenso,1,PREEMPCAO,2227.0,VE_ROTA_VE_CORREDOR_03,1751.97,12.62,A1_L3
intenso,1,PREEMPCAO,2228.0,VE_ROTA_VE_CORREDOR_03,1764.22,11.93,A1_L3
intenso,1,PREEMPCAO,2229.0,VE_ROTA_VE_CORREDOR_03,1775.78,11.25,A1_L3
intenso,1,PREEMPCAO,2230.0,VE_ROTA_VE_CORREDOR_03,1786.65,10.51,A1_L3
intenso,1,PREEMPCAO,2231.0,VE_ROTA_VE_CORREDOR_03,1796.85,9.91,A1_L3
intenso,1,PREEMPCAO,2232.0,VE_ROTA_VE_CORREDOR_03,1806.38,9.23,A1_L3
intenso,1,PREEMPCAO,2233.0,VE_ROTA_VE_CORREDOR_03,1815.24,8.58,A1_L3
intenso,1,PREEMPCAO,2234.0,VE_ROTA_VE_CORREDOR_03,1823.43,7.90,A1_L3
intenso,1,PREEMPCAO,2235.0,VE_ROTA_VE_CORREDOR_03,1830.98,7.28,A1_L3
intenso,1,PREEMPCAO,2236.0,VE_ROTA_VE_CORREDOR_03,1837.92,6.64,A1_L3
intenso,1,PREEMPCAO,2237.0,VE_ROTA_VE_CORREDOR_03,1844.26,6.10,A1_L3
intenso,1,PREEMPCAO,2238.0,VE_ROTA_VE_CORREDOR_03,1850.04,5.55,A1_L3
intenso,1,PREEMPCAO,2239.0,VE_ROTA_VE_CORREDOR_03,1855.33,5.09,A1_L3
intenso,1,PREEMPCAO,2240.0,VE_ROTA_VE_CORREDOR_03,1860.23,4.78,A1_L3
intenso,1,PREEMPCAO,2241.0,VE_ROTA_VE_CORREDOR_03,1864.88,4.59,A1_L3
intenso,1,PREEMPCAO,2242.0,VE_ROTA_VE_CORREDOR_03,1869.42,4.54,A1_L3
intenso,1,PREEMPCAO,2243.0,VE_ROTA_VE_CORREDOR_03,1874.02,4.64,A1_L3
intenso,1,PREEMPCAO,2244.0,VE_ROTA_VE_CORREDOR_03,1878.83,4.91,A1_L3
intenso,1,PREEMPCAO,2245.0,VE_ROTA_VE_CORREDOR_03,1884.00,5.35,A1_L3
intenso,1,PREEMPCAO,2246.0,VE_ROTA_VE_CORREDOR_03,1889.61,5.83,A1_L3
intenso,1,PREEMPCAO,2247.0,VE_ROTA_VE_CORREDOR_03,1895.74,6.33,A1_L3
intenso,1,PREEMPCAO,2248.0,VE_ROTA_VE_CORREDOR_03,1902.41,6.96,A1_L3
intenso,1,PREEMPCAO,2249.0,VE_ROTA_VE_CORREDOR_03,1909.64,7.46,A1_L3
intenso,1,PREEMPCAO,2250.0,VE_ROTA_VE_CORREDOR_03,1917.40,7.96,A1_L3
intenso,1,PREEMPCAO,2251.0,VE_ROTA_VE_CORREDOR_03,1925.74,8.63,A1_L3
intenso,1,PREEMPCAO,2252.0,VE_ROTA_VE_CORREDOR_03,1934.55,9.00,A1_L3
intenso,1,PREEMPCAO,2253.0,VE_ROTA_VE_CORREDOR_03,1943.85,9.46,A1_L3
intenso,1,PREEMPCAO,2254.0,VE_ROTA_VE_CORREDOR_03,1953.62,10.02,A1_L3
intenso,1,PREEMPCAO,2255.0,VE_ROTA_VE_CORREDOR_03,1963.82,10.45,A1_L3
intenso,1,PREEMPCAO,2256.0,VE_ROTA_VE_CORREDOR_03,1974.41,10.77,A1_L3
intenso,1,PREEMPCAO,2257.0,VE_ROTA_VE_CORREDOR_03,1985.20,9.96,A1_L3
intenso,1,PREEMPCAO,2258.0,VE_ROTA_VE_CORREDOR_03,1993.80,8.44,:CRUZ_04_10
intenso,1,PREEMPCAO,2259.0,VE_ROTA_VE_CORREDOR_03,2003.04,10.44,T4_S1
intenso,1,PREEMPCAO,2260.0,VE_ROTA_VE_CORREDOR_03,2015.06,13.30,T4_S1
intenso,1,PREEMPCAO,2261.0,VE_ROTA_VE_CORREDOR_03,2029.31,14.42,T4_S1
intenso,1,PREEMPCAO,2262.0,VE_ROTA_VE_CORREDOR_03,2043.74,14.42,T4_S1
intenso,1,PREEMPCAO,2263.0,VE_ROTA_VE_CORREDOR_03,2058.17,14.42,T4_S1
intenso,1,PREEMPCAO,2264.0,VE_ROTA_VE_CORREDOR_03,2072.60,14.41,T4_S1
intenso,1,PREEMPCAO,2265.0,VE_ROTA_VE_CORREDOR_03,2087.03,14.42,T4_S1
intenso,1,PREEMPCAO,2266.0,VE_ROTA_VE_CORREDOR_03,2101.45,14.42,T4_S1
intenso,1,PREEMPCAO,2267.0,VE_ROTA_VE_CORREDOR_03,2115.88,14.42,T4_S1
intenso,1,PREEMPCAO,2268.0,VE_ROTA_VE_CORREDOR_03,2130.31,14.42,T4_S1
intenso,1,PREEMPCAO,2269.0,VE_ROTA_VE_CORREDOR_03,2144.74,14.44,T4_S1
intenso,1,PREEMPCAO,2270.0,VE_ROTA_VE_CORREDOR_03,2159.17,14.44,T4_S1
intenso,1,PREEMPCAO,2271.0,VE_ROTA_VE_CORREDOR_03,2173.60,14.43,T4_S1
intenso,1,PREEMPCAO,2272.0,VE_ROTA_VE_CORREDOR_03,2188.03,14.41,T4_S1
intenso,1,PREEMPCAO,2273.0,VE_ROTA_VE_CORREDOR_03,2202.45,14.42,T4_S1
intenso,1,PREEMPCAO,2274.0,VE_ROTA_VE_CORREDOR_03,2216.88,14.43,T4_S1
intenso,1,PREEMPCAO,2275.0,VE_ROTA_VE_CORREDOR_03,2231.31,14.42,T4_S1
intenso,1,PREEMPCAO,2276.0,VE_ROTA_VE_CORREDOR_03,2245.73,14.42,T4_S1
intenso,1,PREEMPCAO,2277.0,VE_ROTA_VE_CORREDOR_03,2260.16,14.42,T4_S1
intenso,1,PREEMPCAO,2278.0,VE_ROTA_VE_CORREDOR_03,2274.59,14.43,T4_S1
intenso,1,PREEMPCAO,2279.0,VE_ROTA_VE_CORREDOR_03,2289.01,14.43,T4_S1
intenso,1,PREEMPCAO,2280.0,VE_ROTA_VE_CORREDOR_03,2303.44,14.44,T4_S1
intenso,1,PREEMPCAO,2281.0,VE_ROTA_VE_CORREDOR_03,2317.87,14.42,T4_S1
intenso,1,PREEMPCAO,2282.0,VE_ROTA_VE_CORREDOR_03,2332.30,14.42,T4_S1
intenso,1,PREEMPCAO,2283.0,VE_ROTA_VE_CORREDOR_03,2346.73,14.43,T4_S1
intenso,1,PREEMPCAO,2284.0,VE_ROTA_VE_CORREDOR_03,2361.15,14.42,T4_S1
intenso,1,PREEMPCAO,2285.0,VE_ROTA_VE_CORREDOR_03,2375.22,13.23,T4_S1
intenso,1,PREEMPCAO,2286.0,VE_ROTA_VE_CORREDOR_03,2387.31,11.25,T4_S1
intenso,1,PREEMPCAO,2287.0,VE_ROTA_VE_CORREDOR_03,2397.66,9.72,T4_S1
intenso,1,PREEMPCAO,2288.0,VE_ROTA_VE_CORREDOR_03,2406.74,8.61,T4_S1
intenso,1,PREEMPCAO,2289.0,VE_ROTA_VE_CORREDOR_03,2414.96,7.96,T4_S1
intenso,1,PREEMPCAO,2290.0,VE_ROTA_VE_CORREDOR_03,2422.67,7.58,T4_S1
intenso,1,PREEMPCAO,2291.0,VE_ROTA_VE_CORREDOR_03,2430.10,7.38,T4_S1
intenso,1,PREEMPCAO,2292.0,VE_ROTA_VE_CORREDOR_03,2437.41,7.30,T4_S1
intenso,1,PREEMPCAO,2293.0,VE_ROTA_VE_CORREDOR_03,2444.68,7.30,T4_S1
intenso,1,PREEMPCAO,2294.0,VE_ROTA_VE_CORREDOR_03,2451.99,7.30,T4_S1
intenso,1,PREEMPCAO,2295.0,VE_ROTA_VE_CORREDOR_03,2459.37,7.42,T4_S1
intenso,1,PREEMPCAO,2296.0,VE_ROTA_VE_CORREDOR_03,2466.85,7.76,T4_S1
intenso,1,PREEMPCAO,2297.0,VE_ROTA_VE_CORREDOR_03,2474.73,8.62,T4_S1
intenso,1,PREEMPCAO,2298.0,VE_ROTA_VE_CORREDOR_03,2483.18,8.45,:CRUZ_08_0
intenso,1,PREEMPCAO,2299.0,VE_ROTA_VE_CORREDOR_03,2492.64,10.71,A2_O3
intenso,1,PREEMPCAO,2300.0,VE_ROTA_VE_CORREDOR_03,2504.92,13.58,A2_O3
intenso,1,PREEMPCAO,2301.0,VE_ROTA_VE_CORREDOR_03,2520.05,16.41,A2_O3
intenso,1,PREEMPCAO,2302.0,VE_ROTA_VE_CORREDOR_03,2538.00,19.20,A2_O3
intenso,1,PREEMPCAO,2303.0,VE_ROTA_VE_CORREDOR_03,2558.72,21.65,A2_O3
intenso,1,PREEMPCAO,2304.0,VE_ROTA_VE_CORREDOR_03,2580.37,21.65,A2_O3
intenso,1,PREEMPCAO,2305.0,VE_ROTA_VE_CORREDOR_03,2602.03,21.65,A2_O3
intenso,1,PREEMPCAO,2306.0,VE_ROTA_VE_CORREDOR_03,2623.69,21.66,A2_O3
intenso,1,PREEMPCAO,2307.0,VE_ROTA_VE_CORREDOR_03,2645.35,21.66,A2_O3
intenso,1,PREEMPCAO,2308.0,VE_ROTA_VE_CORREDOR_03,2667.00,21.66,A2_O3
intenso,1,PREEMPCAO,2309.0,VE_ROTA_VE_CORREDOR_03,2688.66,21.66,A2_O3
intenso,1,PREEMPCAO,2310.0,VE_ROTA_VE_CORREDOR_03,2710.32,21.65,A2_O3
intenso,1,PREEMPCAO,2311.0,VE_ROTA_VE_CORREDOR_03,2731.98,21.65,A2_O3
intenso,1,PREEMPCAO,2312.0,VE_ROTA_VE_CORREDOR_03,2753.63,21.67,A2_O3
intenso,1,PREEMPCAO,2313.0,VE_ROTA_VE_CORREDOR_03,2775.30,21.66,A2_O3
intenso,1,PREEMPCAO,2314.0,VE_ROTA_VE_CORREDOR_03,2796.96,21.66,A2_O3
intenso,1,PREEMPCAO,2315.0,VE_ROTA_VE_CORREDOR_03,2818.61,21.65,A2_O3
intenso,1,PREEMPCAO,2316.0,VE_ROTA_VE_CORREDOR_03,2840.27,21.66,A2_O3
intenso,1,PREEMPCAO,2317.0,VE_ROTA_VE_CORREDOR_03,2861.92,21.65,A2_O3
intenso,1,PREEMPCAO,2318.0,VE_ROTA_VE_CORREDOR_03,2883.57,21.65,A2_O3
intenso,1,PREEMPCAO,2319.0,VE_ROTA_VE_CORREDOR_03,2905.23,21.65,A2_O3
intenso,1,PREEMPCAO,2320.0,VE_ROTA_VE_CORREDOR_03,2926.89,21.66,A2_O3
intenso,1,PREEMPCAO,2321.0,VE_ROTA_VE_CORREDOR_03,2947.81,20.12,A2_O3
intenso,1,PREEMPCAO,2322.0,VE_ROTA_VE_CORREDOR_03,2967.05,18.54,A2_O3
intenso,1,PREEMPCAO,2323.0,VE_ROTA_VE_CORREDOR_03,2984.84,17.19,A2_O2
intenso,1,PREEMPCAO,2324.0,VE_ROTA_VE_CORREDOR_03,3001.47,16.17,A2_O2
intenso,1,PREEMPCAO,2325.0,VE_ROTA_VE_CORREDOR_03,3017.17,15.38,A2_O2
intenso,1,PREEMPCAO,2326.0,VE_ROTA_VE_CORREDOR_03,3032.15,14.76,A2_O2
intenso,1,PREEMPCAO,2327.0,VE_ROTA_VE_CORREDOR_03,3046.61,14.26,A2_O2
intenso,1,PREEMPCAO,2328.0,VE_ROTA_VE_CORREDOR_03,3060.68,13.93,A2_O2
intenso,1,PREEMPCAO,2329.0,VE_ROTA_VE_CORREDOR_03,3074.47,13.67,A2_O2
intenso,1,PREEMPCAO,2330.0,VE_ROTA_VE_CORREDOR_03,3088.09,13.58,A2_O2
intenso,1,PREEMPCAO,2331.0,VE_ROTA_VE_CORREDOR_03,3101.58,13.42,A2_O2
intenso,1,PREEMPCAO,2332.0,VE_ROTA_VE_CORREDOR_03,3114.97,13.45,A2_O2
intenso,1,PREEMPCAO,2333.0,VE_ROTA_VE_CORREDOR_03,3128.87,14.48,A2_O2
intenso,1,PREEMPCAO,2334.0,VE_ROTA_VE_CORREDOR_03,3143.32,14.42,A2_O2
intenso,1,PREEMPCAO,2335.0,VE_ROTA_VE_CORREDOR_03,3157.70,14.33,A2_O2
intenso,1,PREEMPCAO,2336.0,VE_ROTA_VE_CORREDOR_03,3171.95,14.30,A2_O2
intenso,1,PREEMPCAO,2337.0,VE_ROTA_VE_CORREDOR_03,3186.18,14.14,A2_O2
intenso,1,PREEMPCAO,2338.0,VE_ROTA_VE_CORREDOR_03,3200.37,14.21,A2_O2
intenso,1,PREEMPCAO,2339.0,VE_ROTA_VE_CORREDOR_03,3214.57,14.26,A2_O2
intenso,1,PREEMPCAO,2340.0,VE_ROTA_VE_CORREDOR_03,3228.76,14.20,A2_O2
intenso,1,PREEMPCAO,2341.0,VE_ROTA_VE_CORREDOR_03,3242.93,14.14,A2_O2
intenso,1,PREEMPCAO,2342.0,VE_ROTA_VE_CORREDOR_03,3257.12,14.19,A2_O2
intenso,1,PREEMPCAO,2343.0,VE_ROTA_VE_CORREDOR_03,3271.32,14.25,A2_O2
intenso,1,PREEMPCAO,2344.0,VE_ROTA_VE_CORREDOR_03,3285.53,14.20,A2_O2
intenso,1,PREEMPCAO,2345.0,VE_ROTA_VE_CORREDOR_03,3299.80,14.34,A2_O2
intenso,1,PREEMPCAO,2346.0,VE_ROTA_VE_CORREDOR_03,3314.11,14.31,A2_O2
intenso,1,PREEMPCAO,2347.0,VE_ROTA_VE_CORREDOR_03,3328.46,14.41,A2_O2
intenso,1,PREEMPCAO,2348.0,VE_ROTA_VE_CORREDOR_03,3342.84,14.37,A2_O2
intenso,1,PREEMPCAO,2349.0,VE_ROTA_VE_CORREDOR_03,3357.28,14.41,A2_O2
intenso,1,PREEMPCAO,2350.0,VE_ROTA_VE_CORREDOR_03,3371.77,14.41,A2_O2
intenso,1,PREEMPCAO,2351.0,VE_ROTA_VE_CORREDOR_03,3386.30,14.58,A2_O2
intenso,1,PREEMPCAO,2352.0,VE_ROTA_VE_CORREDOR_03,3400.87,14.54,A2_O2
intenso,1,PREEMPCAO,2353.0,VE_ROTA_VE_CORREDOR_03,3415.47,14.63,A2_O2
intenso,1,PREEMPCAO,2354.0,VE_ROTA_VE_CORREDOR_03,3430.08,14.63,A2_O2
intenso,1,PREEMPCAO,2355.0,VE_ROTA_VE_CORREDOR_03,3444.76,14.69,A2_O2
intenso,1,PREEMPCAO,2356.0,VE_ROTA_VE_CORREDOR_03,3459.46,14.66,A2_O2
intenso,1,PREEMPCAO,2357.0,VE_ROTA_VE_CORREDOR_03,3474.17,14.73,:CRUZ_06_4
intenso,1,PREEMPCAO,2358.0,VE_ROTA_VE_CORREDOR_03,3488.90,14.71,A2_O1
intenso,1,PREEMPCAO,2359.0,VE_ROTA_VE_CORREDOR_03,3503.65,14.77,A2_O1
intenso,1,PREEMPCAO,2360.0,VE_ROTA_VE_CORREDOR_03,3518.42,14.80,A2_O1
intenso,1,PREEMPCAO,2361.0,VE_ROTA_VE_CORREDOR_03,3533.18,14.80,A2_O1
intenso,1,PREEMPCAO,2362.0,VE_ROTA_VE_CORREDOR_03,3547.95,14.85,A2_O1
intenso,1,PREEMPCAO,2363.0,VE_ROTA_VE_CORREDOR_03,3562.73,14.78,A2_O1
intenso,1,PREEMPCAO,2364.0,VE_ROTA_VE_CORREDOR_03,3577.52,14.80,A2_O1
intenso,1,PREEMPCAO,2365.0,VE_ROTA_VE_CORREDOR_03,3592.31,14.71,A2_O1
intenso,1,PREEMPCAO,2366.0,VE_ROTA_VE_CORREDOR_03,3607.09,14.75,A2_O1
intenso,1,PREEMPCAO,2367.0,VE_ROTA_VE_CORREDOR_03,3621.82,14.74,A2_O1
intenso,1,PREEMPCAO,2368.0,VE_ROTA_VE_CORREDOR_03,3636.41,14.52,A2_O1
intenso,1,PREEMPCAO,2369.0,VE_ROTA_VE_CORREDOR_03,3650.78,14.25,A2_O1
intenso,1,PREEMPCAO,2370.0,VE_ROTA_VE_CORREDOR_03,3664.90,14.05,A2_O1
intenso,1,PREEMPCAO,2371.0,VE_ROTA_VE_CORREDOR_03,3678.71,13.65,A2_O1
intenso,1,PREEMPCAO,2372.0,VE_ROTA_VE_CORREDOR_03,3692.24,13.43,A2_O1
intenso,1,PREEMPCAO,2373.0,VE_ROTA_VE_CORREDOR_03,3705.40,13.02,A2_O1
intenso,1,PREEMPCAO,2374.0,VE_ROTA_VE_CORREDOR_03,3718.16,12.62,A2_O1
intenso,1,PREEMPCAO,2375.0,VE_ROTA_VE_CORREDOR_03,3730.49,12.09,A2_O1
intenso,1,PREEMPCAO,2376.0,VE_ROTA_VE_CORREDOR_03,3742.36,11.67,A2_O1
intenso,1,PREEMPCAO,2377.0,VE_ROTA_VE_CORREDOR_03,3753.75,11.18,A2_O1
intenso,1,PREEMPCAO,2378.0,VE_ROTA_VE_CORREDOR_03,3764.61,10.65,A2_O1
intenso,1,PREEMPCAO,2379.0,VE_ROTA_VE_CORREDOR_03,3774.93,10.07,A2_O1
intenso,1,PREEMPCAO,2380.0,VE_ROTA_VE_CORREDOR_03,3784.70,9.52,A2_O1
intenso,1,PREEMPCAO,2381.0,VE_ROTA_VE_CORREDOR_03,3793.91,8.97,A2_O1
intenso,1,PREEMPCAO,2382.0,VE_ROTA_VE_CORREDOR_03,3802.56,8.36,A2_O1
intenso,1,PREEMPCAO,2383.0,VE_ROTA_VE_CORREDOR_03,3810.67,7.85,A2_O1
intenso,1,PREEMPCAO,2384.0,VE_ROTA_VE_CORREDOR_03,3818.28,7.41,A2_O1
intenso,1,PREEMPCAO,2385.0,VE_ROTA_VE_CORREDOR_03,3825.45,7.03,A2_O1
intenso,1,PREEMPCAO,2386.0,VE_ROTA_VE_CORREDOR_03,3832.26,6.66,A2_O1
intenso,1,PREEMPCAO,2387.0,VE_ROTA_VE_CORREDOR_03,3838.81,6.49,A2_O1
intenso,1,PREEMPCAO,2388.0,VE_ROTA_VE_CORREDOR_03,3845.25,6.42,A2_O1
intenso,1,PREEMPCAO,2389.0,VE_ROTA_VE_CORREDOR_03,3851.69,6.51,A2_O1
intenso,1,PREEMPCAO,2390.0,VE_ROTA_VE_CORREDOR_03,3858.28,6.65,A2_O1
intenso,1,PREEMPCAO,2391.0,VE_ROTA_VE_CORREDOR_03,3865.12,6.98,A2_O1
intenso,1,PREEMPCAO,2392.0,VE_ROTA_VE_CORREDOR_03,3872.28,7.32,A2_O1
intenso,1,PREEMPCAO,2393.0,VE_ROTA_VE_CORREDOR_03,3879.84,7.75,A2_O1
intenso,1,PREEMPCAO,2394.0,VE_ROTA_VE_CORREDOR_03,3887.87,8.21,A2_O1
intenso,1,PREEMPCAO,2395.0,VE_ROTA_VE_CORREDOR_03,3896.36,8.70,A2_O1
intenso,1,PREEMPCAO,2396.0,VE_ROTA_VE_CORREDOR_03,3905.34,9.20,A2_O1
intenso,1,PREEMPCAO,2397.0,VE_ROTA_VE_CORREDOR_03,3914.77,9.65,A2_O1
intenso,1,PREEMPCAO,2398.0,VE_ROTA_VE_CORREDOR_03,3924.68,10.08,A2_O1
intenso,1,PREEMPCAO,2399.0,VE_ROTA_VE_CORREDOR_03,3935.02,10.45,A2_O1
intenso,1,PREEMPCAO,2400.0,VE_ROTA_VE_CORREDOR_03,3945.81,10.97,A2_O1
intenso,1,PREEMPCAO,2401.0,VE_ROTA_VE_CORREDOR_03,3956.95,11.36,A2_O1
intenso,1,PREEMPCAO,2402.0,VE_ROTA_VE_CORREDOR_03,3968.47,11.67,A2_O1
intenso,1,PREEMPCAO,2403.0,VE_ROTA_VE_CORREDOR_03,3980.33,12.00,:CRUZ_05_4
intenso,1,PREEMPCAO,2404.0,VE_ROTA_VE_CORREDOR_03,3992.49,12.28,A2_O0
intenso,1,PREEMPCAO,2405.0,VE_ROTA_VE_CORREDOR_03,4004.93,12.51,A2_O0
intenso,1,PREEMPCAO,2406.0,VE_ROTA_VE_CORREDOR_03,4017.64,12.84,A2_O0
intenso,1,PREEMPCAO,2407.0,VE_ROTA_VE_CORREDOR_03,4030.59,13.08,A2_O0
intenso,1,PREEMPCAO,2408.0,VE_ROTA_VE_CORREDOR_03,4043.77,13.27,A2_O0
intenso,1,PREEMPCAO,2409.0,VE_ROTA_VE_CORREDOR_03,4057.14,13.40,A2_O0
intenso,1,PREEMPCAO,2410.0,VE_ROTA_VE_CORREDOR_03,4070.69,13.64,A2_O0
intenso,1,PREEMPCAO,2411.0,VE_ROTA_VE_CORREDOR_03,4084.39,13.81,A2_O0
intenso,1,PREEMPCAO,2412.0,VE_ROTA_VE_CORREDOR_03,4098.22,13.95,A2_O0
intenso,1,PREEMPCAO,2413.0,VE_ROTA_VE_CORREDOR_03,4112.20,14.01,A2_O0
intenso,1,PREEMPCAO,2414.0,VE_ROTA_VE_CORREDOR_03,4126.30,14.12,A2_O0
intenso,1,PREEMPCAO,2415.0,VE_ROTA_VE_CORREDOR_03,4140.53,14.29,A2_O0
intenso,1,PREEMPCAO,2416.0,VE_ROTA_VE_CORREDOR_03,4154.83,14.31,A2_O0
intenso,1,PREEMPCAO,2417.0,VE_ROTA_VE_CORREDOR_03,4169.22,14.45,A2_O0
intenso,1,PREEMPCAO,2418.0,VE_ROTA_VE_CORREDOR_03,4183.68,14.47,A2_O0
intenso,1,PREEMPCAO,2419.0,VE_ROTA_VE_CORREDOR_03,4198.22,14.56,A2_O0
intenso,1,PREEMPCAO,2420.0,VE_ROTA_VE_CORREDOR_03,4212.80,14.61,A2_O0
intenso,1,PREEMPCAO,2421.0,VE_ROTA_VE_CORREDOR_03,4227.40,14.62,A2_O0
intenso,1,PREEMPCAO,2422.0,VE_ROTA_VE_CORREDOR_03,4242.05,14.71,A2_O0
intenso,1,PREEMPCAO,2423.0,VE_ROTA_VE_CORREDOR_03,4256.73,14.68,A2_O0
intenso,1,PREEMPCAO,2424.0,VE_ROTA_VE_CORREDOR_03,4271.41,14.74,A2_O0
intenso,1,PREEMPCAO,2425.0,VE_ROTA_VE_CORREDOR_03,4286.12,14.75,A2_O0
intenso,1,PREEMPCAO,2426.0,VE_ROTA_VE_CORREDOR_03,4300.89,14.75,A2_O0
intenso,1,PREEMPCAO,2427.0,VE_ROTA_VE_CORREDOR_03,4315.64,14.72,A2_O0
intenso,1,PREEMPCAO,2428.0,VE_ROTA_VE_CORREDOR_03,4330.41,14.75,A2_O0
intenso,1,PREEMPCAO,2429.0,VE_ROTA_VE_CORREDOR_03,4345.18,14.79,A2_O0
intenso,1,PREEMPCAO,2430.0,VE_ROTA_VE_CORREDOR_03,4359.94,14.72,A2_O0
intenso,1,PREEMPCAO,2431.0,VE_ROTA_VE_CORREDOR_03,4374.73,14.85,A2_O0
intenso,1,PREEMPCAO,2432.0,VE_ROTA_VE_CORREDOR_03,4389.51,14.72,A2_O0
intenso,1,PREEMPCAO,2433.0,VE_ROTA_VE_CORREDOR_03,4404.41,15.23,A2_O0
intenso,1,PREEMPCAO,2434.0,VE_ROTA_VE_CORREDOR_03,4419.65,15.25,A2_O0
intenso,1,PREEMPCAO,2435.0,VE_ROTA_VE_CORREDOR_03,4435.31,16.31,A2_O0
intenso,1,PREEMPCAO,2436.0,VE_ROTA_VE_CORREDOR_03,4451.66,16.38,A2_O0
intenso,1,PREEMPCAO,2437.0,VE_ROTA_VE_CORREDOR_03,4469.04,18.62,A2_O0
intenso,1,PREEMPCAO,2701.0,VE_ROTA_VE_CORREDOR_04,19.49,21.67,A1_L0
intenso,1,PREEMPCAO,2702.0,VE_ROTA_VE_CORREDOR_04,41.15,21.67,A1_L0
intenso,1,PREEMPCAO,2703.0,VE_ROTA_VE_CORREDOR_04,62.54,20.94,A1_L0
intenso,1,PREEMPCAO,2704.0,VE_ROTA_VE_CORREDOR_04,82.89,19.86,A1_L0
intenso,1,PREEMPCAO,2705.0,VE_ROTA_VE_CORREDOR_04,102.25,18.98,A1_L0
intenso,1,PREEMPCAO,2706.0,VE_ROTA_VE_CORREDOR_04,120.81,18.18,A1_L0
intenso,1,PREEMPCAO,2707.0,VE_ROTA_VE_CORREDOR_04,138.69,17.66,A1_L0
intenso,1,PREEMPCAO,2708.0,VE_ROTA_VE_CORREDOR_04,156.01,17.11,A1_L0
intenso,1,PREEMPCAO,2709.0,VE_ROTA_VE_CORREDOR_04,172.87,16.70,A1_L0
intenso,1,PREEMPCAO,2710.0,VE_ROTA_VE_CORREDOR_04,189.37,16.32,A1_L0
intenso,1,PREEMPCAO,2711.0,VE_ROTA_VE_CORREDOR_04,205.59,16.06,A1_L0
intenso,1,PREEMPCAO,2712.0,VE_ROTA_VE_CORREDOR_04,221.59,15.91,A1_L0
intenso,1,PREEMPCAO,2713.0,VE_ROTA_VE_CORREDOR_04,237.38,15.72,A1_L0
intenso,1,PREEMPCAO,2714.0,VE_ROTA_VE_CORREDOR_04,253.03,15.55,A1_L0
intenso,1,PREEMPCAO,2715.0,VE_ROTA_VE_CORREDOR_04,268.57,15.45,A1_L0
intenso,1,PREEMPCAO,2716.0,VE_ROTA_VE_CORREDOR_04,284.03,15.41,A1_L0
intenso,1,PREEMPCAO,2717.0,VE_ROTA_VE_CORREDOR_04,299.41,15.31,A1_L0
intenso,1,PREEMPCAO,2718.0,VE_ROTA_VE_CORREDOR_04,314.73,15.32,A1_L0
intenso,1,PREEMPCAO,2719.0,VE_ROTA_VE_CORREDOR_04,330.02,15.30,A1_L0
intenso,1,PREEMPCAO,2720.0,VE_ROTA_VE_CORREDOR_04,345.27,15.26,A1_L0
intenso,1,PREEMPCAO,2721.0,VE_ROTA_VE_CORREDOR_04,360.49,15.17,A1_L0
intenso,1,PREEMPCAO,2722.0,VE_ROTA_VE_CORREDOR_04,375.69,15.20,A1_L0
intenso,1,PREEMPCAO,2723.0,VE_ROTA_VE_CORREDOR_04,390.87,15.16,A1_L0
intenso,1,PREEMPCAO,2724.0,VE_ROTA_VE_CORREDOR_04,406.05,15.22,A1_L0
intenso,1,PREEMPCAO,2725.0,VE_ROTA_VE_CORREDOR_04,420.32,13.27,A1_L0
intenso,1,PREEMPCAO,2726.0,VE_ROTA_VE_CORREDOR_04,432.35,11.08,A1_L0
intenso,1,PREEMPCAO,2727.0,VE_ROTA_VE_CORREDOR_04,442.34,9.11,A1_L0
intenso,1,PREEMPCAO,2728.0,VE_ROTA_VE_CORREDOR_04,450.41,7.25,A1_L0
intenso,1,PREEMPCAO,2729.0,VE_ROTA_VE_CORREDOR_04,456.76,5.59,A1_L0
intenso,1,PREEMPCAO,2730.0,VE_ROTA_VE_CORREDOR_04,461.56,4.23,A1_L0
intenso,1,PREEMPCAO,2731.0,VE_ROTA_VE_CORREDOR_04,465.36,3.56,A1_L0
intenso,1,PREEMPCAO,2732.0,VE_ROTA_VE_CORREDOR_04,469.04,3.91,A1_L0
intenso,1,PREEMPCAO,2733.0,VE_ROTA_VE_CORREDOR_04,473.49,5.00,A1_L0
intenso,1,PREEMPCAO,2734.0,VE_ROTA_VE_CORREDOR_04,479.24,6.47,A1_L0
intenso,1,PREEMPCAO,2735.0,VE_ROTA_VE_CORREDOR_04,486.60,8.14,:CRUZ_01_11
intenso,1,PREEMPCAO,2736.0,VE_ROTA_VE_CORREDOR_04,495.65,9.78,:CRUZ_01_11
intenso,1,PREEMPCAO,2737.0,VE_ROTA_VE_CORREDOR_04,506.45,11.61,A1_L1
intenso,1,PREEMPCAO,2738.0,VE_ROTA_VE_CORREDOR_04,519.01,13.15,A1_L1
intenso,1,PREEMPCAO,2739.0,VE_ROTA_VE_CORREDOR_04,532.38,13.56,A1_L1
intenso,1,PREEMPCAO,2740.0,VE_ROTA_VE_CORREDOR_04,546.26,13.98,A1_L1
intenso,1,PREEMPCAO,2741.0,VE_ROTA_VE_CORREDOR_04,560.52,14.39,A1_L1
intenso,1,PREEMPCAO,2742.0,VE_ROTA_VE_CORREDOR_04,575.05,14.60,A1_L1
intenso,1,PREEMPCAO,2743.0,VE_ROTA_VE_CORREDOR_04,589.77,14.79,A1_L1
intenso,1,PREEMPCAO,2744.0,VE_ROTA_VE_CORREDOR_04,604.59,14.86,A1_L1
intenso,1,PREEMPCAO,2745.0,VE_ROTA_VE_CORREDOR_04,619.47,14.92,A1_L1
intenso,1,PREEMPCAO,2746.0,VE_ROTA_VE_CORREDOR_04,634.41,14.94,A1_L1
intenso,1,PREEMPCAO,2747.0,VE_ROTA_VE_CORREDOR_04,649.39,15.01,A1_L1
intenso,1,PREEMPCAO,2748.0,VE_ROTA_VE_CORREDOR_04,664.39,15.01,A1_L1
intenso,1,PREEMPCAO,2749.0,VE_ROTA_VE_CORREDOR_04,679.45,15.10,A1_L1
intenso,1,PREEMPCAO,2750.0,VE_ROTA_VE_CORREDOR_04,694.51,15.03,A1_L1
intenso,1,PREEMPCAO,2751.0,VE_ROTA_VE_CORREDOR_04,709.59,15.11,A1_L1
intenso,1,PREEMPCAO,2752.0,VE_ROTA_VE_CORREDOR_04,724.68,15.11,A1_L1
intenso,1,PREEMPCAO,2753.0,VE_ROTA_VE_CORREDOR_04,739.79,15.12,A1_L1
intenso,1,PREEMPCAO,2754.0,VE_ROTA_VE_CORREDOR_04,754.90,15.08,A1_L1
intenso,1,PREEMPCAO,2755.0,VE_ROTA_VE_CORREDOR_04,770.03,15.15,A1_L1
intenso,1,PREEMPCAO,2756.0,VE_ROTA_VE_CORREDOR_04,785.15,15.07,A1_L1
intenso,1,PREEMPCAO,2757.0,VE_ROTA_VE_CORREDOR_04,800.28,15.15,A1_L1
intenso,1,PREEMPCAO,2758.0,VE_ROTA_VE_CORREDOR_04,815.43,15.18,A1_L1
intenso,1,PREEMPCAO,2759.0,VE_ROTA_VE_CORREDOR_04,830.57,15.11,A1_L1
intenso,1,PREEMPCAO,2760.0,VE_ROTA_VE_CORREDOR_04,845.69,15.08,A1_L1
intenso,1,PREEMPCAO,2761.0,VE_ROTA_VE_CORREDOR_04,860.82,15.10,A1_L1
intenso,1,PREEMPCAO,2762.0,VE_ROTA_VE_CORREDOR_04,875.95,15.09,A1_L1
intenso,1,PREEMPCAO,2763.0,VE_ROTA_VE_CORREDOR_04,891.08,15.10,A1_L1
intenso,1,PREEMPCAO,2764.0,VE_ROTA_VE_CORREDOR_04,906.20,15.13,A1_L1
intenso,1,PREEMPCAO,2765.0,VE_ROTA_VE_CORREDOR_04,920.42,13.21,A1_L1
intenso,1,PREEMPCAO,2766.0,VE_ROTA_VE_CORREDOR_04,932.44,11.07,A1_L1
intenso,1,PREEMPCAO,2767.0,VE_ROTA_VE_CORREDOR_04,942.39,9.07,A1_L1
intenso,1,PREEMPCAO,2768.0,VE_ROTA_VE_CORREDOR_04,950.46,7.28,A1_L1
intenso,1,PREEMPCAO,2769.0,VE_ROTA_VE_CORREDOR_04,956.79,5.58,A1_L1
intenso,1,PREEMPCAO,2770.0,VE_ROTA_VE_CORREDOR_04,961.56,4.13,A1_L1
intenso,1,PREEMPCAO,2771.0,VE_ROTA_VE_CORREDOR_04,964.94,2.81,A1_L1
intenso,1,PREEMPCAO,2772.0,VE_ROTA_VE_CORREDOR_04,967.18,1.80,A1_L1
intenso,1,PREEMPCAO,2773.0,VE_ROTA_VE_CORREDOR_04,968.55,1.06,A1_L1
intenso,1,PREEMPCAO,2774.0,VE_ROTA_VE_CORREDOR_04,969.33,0.58,A1_L1
intenso,1,PREEMPCAO,2775.0,VE_ROTA_VE_CORREDOR_04,969.74,0.30,A1_L1
intenso,1,PREEMPCAO,2776.0,VE_ROTA_VE_CORREDOR_04,969.96,0.17,A1_L1
intenso,1,PREEMPCAO,2777.0,VE_ROTA_VE_CORREDOR_04,970.34,0.71,A1_L1
intenso,1,PREEMPCAO,2778.0,VE_ROTA_VE_CORREDOR_04,971.79,2.13,A1_L1
intenso,1,PREEMPCAO,2779.0,VE_ROTA_VE_CORREDOR_04,974.81,3.84,A1_L1
intenso,1,PREEMPCAO,2780.0,VE_ROTA_VE_CORREDOR_04,979.72,5.82,A1_L1
intenso,1,PREEMPCAO,2781.0,VE_ROTA_VE_CORREDOR_04,986.70,7.87,:CRUZ_02_11
intenso,1,PREEMPCAO,2782.0,VE_ROTA_VE_CORREDOR_04,995.64,9.87,:CRUZ_02_11
intenso,1,PREEMPCAO,2783.0,VE_ROTA_VE_CORREDOR_04,1006.50,11.72,A1_L2
intenso,1,PREEMPCAO,2784.0,VE_ROTA_VE_CORREDOR_04,1019.13,13.13,A1_L2
intenso,1,PREEMPCAO,2785.0,VE_ROTA_VE_CORREDOR_04,1032.55,13.61,A1_L2
intenso,1,PREEMPCAO,2786.0,VE_ROTA_VE_CORREDOR_04,1046.43,14.09,A1_L2
intenso,1,PREEMPCAO,2787.0,VE_ROTA_VE_CORREDOR_04,1060.69,14.47,A1_L2
intenso,1,PREEMPCAO,2788.0,VE_ROTA_VE_CORREDOR_04,1075.24,14.62,A1_L2
intenso,1,PREEMPCAO,2789.0,VE_ROTA_VE_CORREDOR_04,1089.95,14.74,A1_L2
intenso,1,PREEMPCAO,2790.0,VE_ROTA_VE_CORREDOR_04,1104.77,14.89,A1_L2
intenso,1,PREEMPCAO,2791.0,VE_ROTA_VE_CORREDOR_04,1119.66,14.95,A1_L2
intenso,1,PREEMPCAO,2792.0,VE_ROTA_VE_CORREDOR_04,1134.59,14.93,A1_L2
intenso,1,PREEMPCAO,2793.0,VE_ROTA_VE_CORREDOR_04,1149.61,15.03,A1_L2
intenso,1,PREEMPCAO,2794.0,VE_ROTA_VE_CORREDOR_04,1164.64,15.02,A1_L2
intenso,1,PREEMPCAO,2795.0,VE_ROTA_VE_CORREDOR_04,1179.69,15.04,A1_L2
intenso,1,PREEMPCAO,2796.0,VE_ROTA_VE_CORREDOR_04,1194.75,15.09,A1_L2
intenso,1,PREEMPCAO,2797.0,VE_ROTA_VE_CORREDOR_04,1209.85,15.09,A1_L2
intenso,1,PREEMPCAO,2798.0,VE_ROTA_VE_CORREDOR_04,1224.93,15.07,A1_L2
intenso,1,PREEMPCAO,2799.0,VE_ROTA_VE_CORREDOR_04,1240.02,15.07,A1_L2
intenso,1,PREEMPCAO,2800.0,VE_ROTA_VE_CORREDOR_04,1255.12,15.16,A1_L2
intenso,1,PREEMPCAO,2801.0,VE_ROTA_VE_CORREDOR_04,1270.23,15.16,A1_L2
intenso,1,PREEMPCAO,2802.0,VE_ROTA_VE_CORREDOR_04,1285.34,15.13,A1_L2
intenso,1,PREEMPCAO,2803.0,VE_ROTA_VE_CORREDOR_04,1300.46,15.13,A1_L2
intenso,1,PREEMPCAO,2804.0,VE_ROTA_VE_CORREDOR_04,1315.58,15.13,A1_L2
intenso,1,PREEMPCAO,2805.0,VE_ROTA_VE_CORREDOR_04,1330.70,14.99,A1_L2
intenso,1,PREEMPCAO,2806.0,VE_ROTA_VE_CORREDOR_04,1344.90,13.64,A1_L2
intenso,1,PREEMPCAO,2807.0,VE_ROTA_VE_CORREDOR_04,1357.85,12.44,A1_L2
intenso,1,PREEMPCAO,2808.0,VE_ROTA_VE_CORREDOR_04,1369.77,11.53,A1_L2
intenso,1,PREEMPCAO,2809.0,VE_ROTA_VE_CORREDOR_04,1380.83,10.75,A1_L2
intenso,1,PREEMPCAO,2810.0,VE_ROTA_VE_CORREDOR_04,1391.24,10.21,A1_L2
intenso,1,PREEMPCAO,2811.0,VE_ROTA_VE_CORREDOR_04,1401.21,9.83,A1_L2
intenso,1,PREEMPCAO,2812.0,VE_ROTA_VE_CORREDOR_04,1410.91,9.66,A1_L2
intenso,1,PREEMPCAO,2813.0,VE_ROTA_VE_CORREDOR_04,1420.50,9.57,A1_L2
intenso,1,PREEMPCAO,2814.0,VE_ROTA_VE_CORREDOR_04,1430.14,9.71,A1_L2
intenso,1,PREEMPCAO,2815.0,VE_ROTA_VE_CORREDOR_04,1439.93,9.86,A1_L2
intenso,1,PREEMPCAO,2816.0,VE_ROTA_VE_CORREDOR_04,1449.94,10.19,A1_L2
intenso,1,PREEMPCAO,2817.0,VE_ROTA_VE_CORREDOR_04,1460.25,10.40,A1_L2
intenso,1,PREEMPCAO,2818.0,VE_ROTA_VE_CORREDOR_04,1470.84,10.68,A1_L2
intenso,1,PREEMPCAO,2819.0,VE_ROTA_VE_CORREDOR_04,1481.75,11.04,A1_L2
intenso,1,PREEMPCAO,2820.0,VE_ROTA_VE_CORREDOR_04,1492.97,11.35,:CRUZ_03_11
intenso,1,PREEMPCAO,2821.0,VE_ROTA_VE_CORREDOR_04,1504.46,11.68,A1_L3
intenso,1,PREEMPCAO,2822.0,VE_ROTA_VE_CORREDOR_04,1516.24,11.87,A1_L3
intenso,1,PREEMPCAO,2823.0,VE_ROTA_VE_CORREDOR_04,1528.27,12.16,A1_L3
intenso,1,PREEMPCAO,2824.0,VE_ROTA_VE_CORREDOR_04,1540.49,12.27,A1_L3
intenso,1,PREEMPCAO,2825.0,VE_ROTA_VE_CORREDOR_04,1552.95,12.51,A1_L3
intenso,1,PREEMPCAO,2826.0,VE_ROTA_VE_CORREDOR_04,1565.59,12.69,A1_L3
intenso,1,PREEMPCAO,2827.0,VE_ROTA_VE_CORREDOR_04,1578.42,12.92,A1_L3
intenso,1,PREEMPCAO,2828.0,VE_ROTA_VE_CORREDOR_04,1591.41,13.03,A1_L3
intenso,1,PREEMPCAO,2829.0,VE_ROTA_VE_CORREDOR_04,1604.51,13.17,A1_L3
intenso,1,PREEMPCAO,2830.0,VE_ROTA_VE_CORREDOR_04,1617.71,13.18,A1_L3
intenso,1,PREEMPCAO,2831.0,VE_ROTA_VE_CORREDOR_04,1631.01,13.37,A1_L3
intenso,1,PREEMPCAO,2832.0,VE_ROTA_VE_CORREDOR_04,1644.41,13.47,A1_L3
intenso,1,PREEMPCAO,2833.0,VE_ROTA_VE_CORREDOR_04,1657.85,13.49,A1_L3
intenso,1,PREEMPCAO,2834.0,VE_ROTA_VE_CORREDOR_04,1671.39,13.52,A1_L3
intenso,1,PREEMPCAO,2835.0,VE_ROTA_VE_CORREDOR_04,1684.98,13.66,A1_L3
intenso,1,PREEMPCAO,2836.0,VE_ROTA_VE_CORREDOR_04,1698.57,13.55,A1_L3
intenso,1,PREEMPCAO,2837.0,VE_ROTA_VE_CORREDOR_04,1712.09,13.44,A1_L3
intenso,1,PREEMPCAO,2838.0,VE_ROTA_VE_CORREDOR_04,1725.45,13.26,A1_L3
intenso,1,PREEMPCAO,2839.0,VE_ROTA_VE_CORREDOR_04,1738.62,13.08,A1_L3
intenso,1,PREEMPCAO,2840.0,VE_ROTA_VE_CORREDOR_04,1751.51,12.72,A1_L3
intenso,1,PREEMPCAO,2841.0,VE_ROTA_VE_CORREDOR_04,1764.06,12.43,A1_L3
intenso,1,PREEMPCAO,2842.0,VE_ROTA_VE_CORREDOR_04,1776.23,11.98,A1_L3
intenso,1,PREEMPCAO,2843.0,VE_ROTA_VE_CORREDOR_04,1788.02,11.61,A1_L3
intenso,1,PREEMPCAO,2844.0,VE_ROTA_VE_CORREDOR_04,1799.36,11.15,A1_L3
intenso,1,PREEMPCAO,2845.0,VE_ROTA_VE_CORREDOR_04,1810.23,10.65,A1_L3
intenso,1,PREEMPCAO,2846.0,VE_ROTA_VE_CORREDOR_04,1820.57,10.11,A1_L3
intenso,1,PREEMPCAO,2847.0,VE_ROTA_VE_CORREDOR_04,1830.35,9.52,A1_L3
intenso,1,PREEMPCAO,2848.0,VE_ROTA_VE_CORREDOR_04,1839.57,8.97,A1_L3
intenso,1,PREEMPCAO,2849.0,VE_ROTA_VE_CORREDOR_04,1848.17,8.36,A1_L3
intenso,1,PREEMPCAO,2850.0,VE_ROTA_VE_CORREDOR_04,1856.15,7.69,A1_L3
intenso,1,PREEMPCAO,2851.0,VE_ROTA_VE_CORREDOR_04,1863.49,7.01,A1_L3
intenso,1,PREEMPCAO,2852.0,VE_ROTA_VE_CORREDOR_04,1870.17,6.38,A1_L3
intenso,1,PREEMPCAO,2853.0,VE_ROTA_VE_CORREDOR_04,1876.23,5.79,A1_L3
intenso,1,PREEMPCAO,2854.0,VE_ROTA_VE_CORREDOR_04,1881.63,5.10,A1_L3
intenso,1,PREEMPCAO,2855.0,VE_ROTA_VE_CORREDOR_04,1886.39,4.46,A1_L3
intenso,1,PREEMPCAO,2856.0,VE_ROTA_VE_CORREDOR_04,1890.57,3.92,A1_L3
intenso,1,PREEMPCAO,2857.0,VE_ROTA_VE_CORREDOR_04,1894.20,3.40,A1_L3
intenso,1,PREEMPCAO,2858.0,VE_ROTA_VE_CORREDOR_04,1897.41,3.07,A1_L3
intenso,1,PREEMPCAO,2859.0,VE_ROTA_VE_CORREDOR_04,1900.39,2.96,A1_L3
intenso,1,PREEMPCAO,2860.0,VE_ROTA_VE_CORREDOR_04,1903.42,3.14,A1_L3
intenso,1,PREEMPCAO,2861.0,VE_ROTA_VE_CORREDOR_04,1906.79,3.62,A1_L3
intenso,1,PREEMPCAO,2862.0,VE_ROTA_VE_CORREDOR_04,1910.70,4.16,A1_L3
intenso,1,PREEMPCAO,2863.0,VE_ROTA_VE_CORREDOR_04,1915.31,4.91,A1_L3
intenso,1,PREEMPCAO,2864.0,VE_ROTA_VE_CORREDOR_04,1920.64,5.62,A1_L3
intenso,1,PREEMPCAO,2865.0,VE_ROTA_VE_CORREDOR_04,1926.75,6.45,A1_L3
intenso,1,PREEMPCAO,2866.0,VE_ROTA_VE_CORREDOR_04,1933.60,7.17,A1_L3
intenso,1,PREEMPCAO,2867.0,VE_ROTA_VE_CORREDOR_04,1941.15,7.90,A1_L3
intenso,1,PREEMPCAO,2868.0,VE_ROTA_VE_CORREDOR_04,1949.39,8.56,A1_L3
intenso,1,PREEMPCAO,2869.0,VE_ROTA_VE_CORREDOR_04,1958.23,9.04,A1_L3
intenso,1,PREEMPCAO,2870.0,VE_ROTA_VE_CORREDOR_04,1967.65,9.68,A1_L3
intenso,1,PREEMPCAO,2871.0,VE_ROTA_VE_CORREDOR_04,1977.59,10.16,A1_L3
intenso,1,PREEMPCAO,2872.0,VE_ROTA_VE_CORREDOR_04,1987.10,8.45,:CRUZ_04_10
intenso,1,PREEMPCAO,2873.0,VE_ROTA_VE_CORREDOR_04,1995.58,8.75,T4_S1
intenso,1,PREEMPCAO,2874.0,VE_ROTA_VE_CORREDOR_04,2005.89,11.59,T4_S1
intenso,1,PREEMPCAO,2875.0,VE_ROTA_VE_CORREDOR_04,2019.04,14.44,T4_S1
intenso,1,PREEMPCAO,2876.0,VE_ROTA_VE_CORREDOR_04,2033.47,14.42,T4_S1
intenso,1,PREEMPCAO,2877.0,VE_ROTA_VE_CORREDOR_04,2047.90,14.43,T4_S1
intenso,1,PREEMPCAO,2878.0,VE_ROTA_VE_CORREDOR_04,2062.33,14.41,T4_S1
intenso,1,PREEMPCAO,2879.0,VE_ROTA_VE_CORREDOR_04,2076.75,14.44,T4_S1
intenso,1,PREEMPCAO,2880.0,VE_ROTA_VE_CORREDOR_04,2091.18,14.42,T4_S1
intenso,1,PREEMPCAO,2881.0,VE_ROTA_VE_CORREDOR_04,2105.62,14.43,T4_S1
intenso,1,PREEMPCAO,2882.0,VE_ROTA_VE_CORREDOR_04,2120.04,14.41,T4_S1
intenso,1,PREEMPCAO,2883.0,VE_ROTA_VE_CORREDOR_04,2134.47,14.42,T4_S1
intenso,1,PREEMPCAO,2884.0,VE_ROTA_VE_CORREDOR_04,2148.90,14.43,T4_S1
intenso,1,PREEMPCAO,2885.0,VE_ROTA_VE_CORREDOR_04,2163.33,14.42,T4_S1
intenso,1,PREEMPCAO,2886.0,VE_ROTA_VE_CORREDOR_04,2177.75,14.42,T4_S1
intenso,1,PREEMPCAO,2887.0,VE_ROTA_VE_CORREDOR_04,2192.19,14.44,T4_S1
intenso,1,PREEMPCAO,2888.0,VE_ROTA_VE_CORREDOR_04,2206.61,14.42,T4_S1
intenso,1,PREEMPCAO,2889.0,VE_ROTA_VE_CORREDOR_04,2221.04,14.44,T4_S1
intenso,1,PREEMPCAO,2890.0,VE_ROTA_VE_CORREDOR_04,2235.46,14.42,T4_S1
intenso,1,PREEMPCAO,2891.0,VE_ROTA_VE_CORREDOR_04,2249.88,14.41,T4_S1
intenso,1,PREEMPCAO,2892.0,VE_ROTA_VE_CORREDOR_04,2264.31,14.43,T4_S1
intenso,1,PREEMPCAO,2893.0,VE_ROTA_VE_CORREDOR_04,2278.74,14.43,T4_S1
intenso,1,PREEMPCAO,2894.0,VE_ROTA_VE_CORREDOR_04,2293.17,14.44,T4_S1
intenso,1,PREEMPCAO,2895.0,VE_ROTA_VE_CORREDOR_04,2307.60,14.44,T4_S1
intenso,1,PREEMPCAO,2896.0,VE_ROTA_VE_CORREDOR_04,2322.03,14.42,T4_S1
intenso,1,PREEMPCAO,2897.0,VE_ROTA_VE_CORREDOR_04,2336.46,14.42,T4_S1
intenso,1,PREEMPCAO,2898.0,VE_ROTA_VE_CORREDOR_04,2350.89,14.44,T4_S1
intenso,1,PREEMPCAO,2899.0,VE_ROTA_VE_CORREDOR_04,2365.31,14.41,T4_S1
intenso,1,PREEMPCAO,2900.0,VE_ROTA_VE_CORREDOR_04,2379.19,12.65,T4_S1
intenso,1,PREEMPCAO,2901.0,VE_ROTA_VE_CORREDOR_04,2390.07,9.50,T4_S1
intenso,1,PREEMPCAO,2902.0,VE_ROTA_VE_CORREDOR_04,2398.06,6.87,T4_S1
intenso,1,PREEMPCAO,2903.0,VE_ROTA_VE_CORREDOR_04,2403.87,5.07,T4_S1
intenso,1,PREEMPCAO,2904.0,VE_ROTA_VE_CORREDOR_04,2408.36,4.15,T4_S1
intenso,1,PREEMPCAO,2905.0,VE_ROTA_VE_CORREDOR_04,2412.34,3.93,T4_S1
intenso,1,PREEMPCAO,2906.0,VE_ROTA_VE_CORREDOR_04,2416.38,4.16,T4_S1
intenso,1,PREEMPCAO,2907.0,VE_ROTA_VE_CORREDOR_04,2420.74,4.52,T4_S1
intenso,1,PREEMPCAO,2908.0,VE_ROTA_VE_CORREDOR_04,2425.52,5.01,T4_S1
intenso,1,PREEMPCAO,2909.0,VE_ROTA_VE_CORREDOR_04,2430.77,5.49,T4_S1
intenso,1,PREEMPCAO,2910.0,VE_ROTA_VE_CORREDOR_04,2436.44,5.89,T4_S1
intenso,1,PREEMPCAO,2911.0,VE_ROTA_VE_CORREDOR_04,2442.53,6.27,T4_S1
intenso,1,PREEMPCAO,2912.0,VE_ROTA_VE_CORREDOR_04,2449.00,6.63,T4_S1
intenso,1,PREEMPCAO,2913.0,VE_ROTA_VE_CORREDOR_04,2455.81,6.95,T4_S1
intenso,1,PREEMPCAO,2914.0,VE_ROTA_VE_CORREDOR_04,2462.91,7.25,T4_S1
intenso,1,PREEMPCAO,2915.0,VE_ROTA_VE_CORREDOR_04,2470.37,7.40,T4_S1
intenso,1,PREEMPCAO,2916.0,VE_ROTA_VE_CORREDOR_04,2478.68,8.45,:CRUZ_08_0
intenso,1,PREEMPCAO,2917.0,VE_ROTA_VE_CORREDOR_04,2487.55,9.87,A2_O3
intenso,1,PREEMPCAO,2918.0,VE_ROTA_VE_CORREDOR_04,2499.00,12.72,A2_O3
intenso,1,PREEMPCAO,2919.0,VE_ROTA_VE_CORREDOR_04,2513.30,15.59,A2_O3
intenso,1,PREEMPCAO,2920.0,VE_ROTA_VE_CORREDOR_04,2530.50,18.50,A2_O3
intenso,1,PREEMPCAO,2921.0,VE_ROTA_VE_CORREDOR_04,2550.56,21.34,A2_O3
intenso,1,PREEMPCAO,2922.0,VE_ROTA_VE_CORREDOR_04,2572.21,21.65,A2_O3
intenso,1,PREEMPCAO,2923.0,VE_ROTA_VE_CORREDOR_04,2593.86,21.64,A2_O3
intenso,1,PREEMPCAO,2924.0,VE_ROTA_VE_CORREDOR_04,2615.52,21.64,A2_O3
intenso,1,PREEMPCAO,2925.0,VE_ROTA_VE_CORREDOR_04,2637.17,21.65,A2_O3
intenso,1,PREEMPCAO,2926.0,VE_ROTA_VE_CORREDOR_04,2658.83,21.64,A2_O3
intenso,1,PREEMPCAO,2927.0,VE_ROTA_VE_CORREDOR_04,2680.48,21.64,A2_O3
intenso,1,PREEMPCAO,2928.0,VE_ROTA_VE_CORREDOR_04,2702.14,21.66,A2_O3
intenso,1,PREEMPCAO,2929.0,VE_ROTA_VE_CORREDOR_04,2723.80,21.66,A2_O3
intenso,1,PREEMPCAO,2930.0,VE_ROTA_VE_CORREDOR_04,2745.45,21.64,A2_O3
intenso,1,PREEMPCAO,2931.0,VE_ROTA_VE_CORREDOR_04,2767.10,21.66,A2_O3
intenso,1,PREEMPCAO,2932.0,VE_ROTA_VE_CORREDOR_04,2788.76,21.65,A2_O3
intenso,1,PREEMPCAO,2933.0,VE_ROTA_VE_CORREDOR_04,2810.42,21.65,A2_O3
intenso,1,PREEMPCAO,2934.0,VE_ROTA_VE_CORREDOR_04,2832.07,21.65,A2_O3
intenso,1,PREEMPCAO,2935.0,VE_ROTA_VE_CORREDOR_04,2853.73,21.65,A2_O3
intenso,1,PREEMPCAO,2936.0,VE_ROTA_VE_CORREDOR_04,2874.12,19.24,A2_O3
intenso,1,PREEMPCAO,2937.0,VE_ROTA_VE_CORREDOR_04,2892.12,17.06,A2_O3
intenso,1,PREEMPCAO,2938.0,VE_ROTA_VE_CORREDOR_04,2908.23,15.41,A2_O3
intenso,1,PREEMPCAO,2939.0,VE_ROTA_VE_CORREDOR_04,2922.92,14.10,A2_O3
intenso,1,PREEMPCAO,2940.0,VE_ROTA_VE_CORREDOR_04,2936.58,13.32,A2_O3
intenso,1,PREEMPCAO,2941.0,VE_ROTA_VE_CORREDOR_04,2949.58,12.83,A2_O3
intenso,1,PREEMPCAO,2942.0,VE_ROTA_VE_CORREDOR_04,2962.18,12.43,A2_O3
intenso,1,PREEMPCAO,2943.0,VE_ROTA_VE_CORREDOR_04,2974.61,12.43,:CRUZ_07_4
intenso,1,PREEMPCAO,2944.0,VE_ROTA_VE_CORREDOR_04,2987.31,13.10,A2_O2
intenso,1,PREEMPCAO,2945.0,VE_ROTA_VE_CORREDOR_04,3000.42,13.19,A2_O2
intenso,1,PREEMPCAO,2946.0,VE_ROTA_VE_CORREDOR_04,3013.58,13.18,A2_O2
intenso,1,PREEMPCAO,2947.0,VE_ROTA_VE_CORREDOR_04,3026.85,13.30,A2_O2
intenso,1,PREEMPCAO,2948.0,VE_ROTA_VE_CORREDOR_04,3040.22,13.51,A2_O2
intenso,1,PREEMPCAO,2949.0,VE_ROTA_VE_CORREDOR_04,3053.74,13.64,A2_O2
intenso,1,PREEMPCAO,2950.0,VE_ROTA_VE_CORREDOR_04,3067.42,13.74,A2_O2
intenso,1,PREEMPCAO,2951.0,VE_ROTA_VE_CORREDOR_04,3081.27,13.91,A2_O2
intenso,1,PREEMPCAO,2952.0,VE_ROTA_VE_CORREDOR_04,3095.25,14.06,A2_O2
intenso,1,PREEMPCAO,2953.0,VE_ROTA_VE_CORREDOR_04,3109.36,14.17,A2_O2
intenso,1,PREEMPCAO,2954.0,VE_ROTA_VE_CORREDOR_04,3123.60,14.30,A2_O2
intenso,1,PREEMPCAO,2955.0,VE_ROTA_VE_CORREDOR_04,3137.96,14.41,A2_O2
intenso,1,PREEMPCAO,2956.0,VE_ROTA_VE_CORREDOR_04,3152.43,14.59,A2_O2
intenso,1,PREEMPCAO,2957.0,VE_ROTA_VE_CORREDOR_04,3166.98,14.58,A2_O2
intenso,1,PREEMPCAO,2958.0,VE_ROTA_VE_CORREDOR_04,3181.58,14.64,A2_O2
intenso,1,PREEMPCAO,2959.0,VE_ROTA_VE_CORREDOR_04,3196.19,14.55,A2_O2
intenso,1,PREEMPCAO,2960.0,VE_ROTA_VE_CORREDOR_04,3210.77,14.51,A2_O2
intenso,1,PREEMPCAO,2961.0,VE_ROTA_VE_CORREDOR_04,3225.27,14.49,A2_O2
intenso,1,PREEMPCAO,2962.0,VE_ROTA_VE_CORREDOR_04,3239.75,14.51,A2_O2
intenso,1,PREEMPCAO,2963.0,VE_ROTA_VE_CORREDOR_04,3254.21,14.44,A2_O2
intenso,1,PREEMPCAO,2964.0,VE_ROTA_VE_CORREDOR_04,3268.71,14.54,A2_O2
intenso,1,PREEMPCAO,2965.0,VE_ROTA_VE_CORREDOR_04,3283.29,14.61,A2_O2
intenso,1,PREEMPCAO,2966.0,VE_ROTA_VE_CORREDOR_04,3297.85,14.56,A2_O2
intenso,1,PREEMPCAO,2967.0,VE_ROTA_VE_CORREDOR_04,3312.46,14.72,A2_O2
intenso,1,PREEMPCAO,2968.0,VE_ROTA_VE_CORREDOR_04,3327.13,14.69,A2_O2
intenso,1,PREEMPCAO,2969.0,VE_ROTA_VE_CORREDOR_04,3341.84,14.77,A2_O2
intenso,1,PREEMPCAO,2970.0,VE_ROTA_VE_CORREDOR_04,3356.60,14.80,A2_O2
intenso,1,PREEMPCAO,2971.0,VE_ROTA_VE_CORREDOR_04,3371.38,14.76,A2_O2
intenso,1,PREEMPCAO,2972.0,VE_ROTA_VE_CORREDOR_04,3386.20,14.83,A2_O2
intenso,1,PREEMPCAO,2973.0,VE_ROTA_VE_CORREDOR_04,3401.06,14.91,A2_O2
intenso,1,PREEMPCAO,2974.0,VE_ROTA_VE_CORREDOR_04,3415.93,14.88,A2_O2
intenso,1,PREEMPCAO,2975.0,VE_ROTA_VE_CORREDOR_04,3430.84,14.90,A2_O2
intenso,1,PREEMPCAO,2976.0,VE_ROTA_VE_CORREDOR_04,3445.81,14.97,A2_O2
intenso,1,PREEMPCAO,2977.0,VE_ROTA_VE_CORREDOR_04,3460.82,15.01,A2_O2
intenso,1,PREEMPCAO,2978.0,VE_ROTA_VE_CORREDOR_04,3475.83,14.99,:CRUZ_06_4
intenso,1,PREEMPCAO,2979.0,VE_ROTA_VE_CORREDOR_04,3490.88,15.04,A2_O1
intenso,1,PREEMPCAO,2980.0,VE_ROTA_VE_CORREDOR_04,3505.95,15.09,A2_O1
intenso,1,PREEMPCAO,2981.0,VE_ROTA_VE_CORREDOR_04,3521.05,15.12,A2_O1
intenso,1,PREEMPCAO,2982.0,VE_ROTA_VE_CORREDOR_04,3536.17,15.11,A2_O1
intenso,1,PREEMPCAO,2983.0,VE_ROTA_VE_CORREDOR_04,3551.29,15.11,A2_O1
intenso,1,PREEMPCAO,2984.0,VE_ROTA_VE_CORREDOR_04,3566.47,15.17,A2_O1
intenso,1,PREEMPCAO,2985.0,VE_ROTA_VE_CORREDOR_04,3581.64,15.20,A2_O1
intenso,1,PREEMPCAO,2986.0,VE_ROTA_VE_CORREDOR_04,3596.83,15.21,A2_O1
intenso,1,PREEMPCAO,2987.0,VE_ROTA_VE_CORREDOR_04,3612.06,15.26,A2_O1
intenso,1,PREEMPCAO,2988.0,VE_ROTA_VE_CORREDOR_04,3627.26,15.18,A2_O1
intenso,1,PREEMPCAO,2989.0,VE_ROTA_VE_CORREDOR_04,3642.50,15.17,A2_O1
intenso,1,PREEMPCAO,2990.0,VE_ROTA_VE_CORREDOR_04,3657.73,15.30,A2_O1
intenso,1,PREEMPCAO,2991.0,VE_ROTA_VE_CORREDOR_04,3672.94,15.28,A2_O1
intenso,1,PREEMPCAO,2992.0,VE_ROTA_VE_CORREDOR_04,3688.16,15.19,A2_O1
intenso,1,PREEMPCAO,2993.0,VE_ROTA_VE_CORREDOR_04,3703.15,14.85,A2_O1
intenso,1,PREEMPCAO,2994.0,VE_ROTA_VE_CORREDOR_04,3717.87,14.56,A2_O1
intenso,1,PREEMPCAO,2995.0,VE_ROTA_VE_CORREDOR_04,3732.30,14.22,A2_O1
intenso,1,PREEMPCAO,2996.0,VE_ROTA_VE_CORREDOR_04,3746.32,13.78,A2_O1
intenso,1,PREEMPCAO,2997.0,VE_ROTA_VE_CORREDOR_04,3759.94,13.41,A2_O1
intenso,1,PREEMPCAO,2998.0,VE_ROTA_VE_CORREDOR_04,3773.07,12.91,A2_O1
intenso,1,PREEMPCAO,2999.0,VE_ROTA_VE_CORREDOR_04,3785.70,12.35,A2_O1
intenso,1,PREEMPCAO,3000.0,VE_ROTA_VE_CORREDOR_04,3797.78,11.84,A2_O1
intenso,1,PREEMPCAO,3001.0,VE_ROTA_VE_CORREDOR_04,3809.28,11.21,A2_O1
intenso,1,PREEMPCAO,3002.0,VE_ROTA_VE_CORREDOR_04,3820.15,10.61,A2_O1
intenso,1,PREEMPCAO,3003.0,VE_ROTA_VE_CORREDOR_04,3830.37,9.87,A2_O1
intenso,1,PREEMPCAO,3004.0,VE_ROTA_VE_CORREDOR_04,3839.93,9.26,A2_O1
intenso,1,PREEMPCAO,3005.0,VE_ROTA_VE_CORREDOR_04,3848.76,8.58,A2_O1
intenso,1,PREEMPCAO,3006.0,VE_ROTA_VE_CORREDOR_04,3856.90,7.81,A2_O1
intenso,1,PREEMPCAO,3007.0,VE_ROTA_VE_CORREDOR_04,3864.29,7.05,A2_O1
intenso,1,PREEMPCAO,3008.0,VE_ROTA_VE_CORREDOR_04,3870.97,6.36,A2_O1
intenso,1,PREEMPCAO,3009.0,VE_ROTA_VE_CORREDOR_04,3876.95,5.67,A2_O1
intenso,1,PREEMPCAO,3010.0,VE_ROTA_VE_CORREDOR_04,3882.29,5.06,A2_O1
intenso,1,PREEMPCAO,3011.0,VE_ROTA_VE_CORREDOR_04,3887.11,4.63,A2_O1
intenso,1,PREEMPCAO,3012.0,VE_ROTA_VE_CORREDOR_04,3891.60,4.42,A2_O1
intenso,1,PREEMPCAO,3013.0,VE_ROTA_VE_CORREDOR_04,3896.06,4.53,A2_O1
intenso,1,PREEMPCAO,3014.0,VE_ROTA_VE_CORREDOR_04,3900.83,5.03,A2_O1
intenso,1,PREEMPCAO,3015.0,VE_ROTA_VE_CORREDOR_04,3906.18,5.69,A2_O1
intenso,1,PREEMPCAO,3016.0,VE_ROTA_VE_CORREDOR_04,3912.24,6.43,A2_O1
intenso,1,PREEMPCAO,3017.0,VE_ROTA_VE_CORREDOR_04,3919.12,7.18,A2_O1
intenso,1,PREEMPCAO,3018.0,VE_ROTA_VE_CORREDOR_04,3926.75,7.95,A2_O1
intenso,1,PREEMPCAO,3019.0,VE_ROTA_VE_CORREDOR_04,3935.14,8.70,A2_O1
intenso,1,PREEMPCAO,3020.0,VE_ROTA_VE_CORREDOR_04,3944.24,9.34,A2_O1
intenso,1,PREEMPCAO,3021.0,VE_ROTA_VE_CORREDOR_04,3953.94,10.00,A2_O1
intenso,1,PREEMPCAO,3022.0,VE_ROTA_VE_CORREDOR_04,3964.22,10.50,A2_O1
intenso,1,PREEMPCAO,3023.0,VE_ROTA_VE_CORREDOR_04,3975.05,11.01,:CRUZ_05_4
intenso,1,PREEMPCAO,3024.0,VE_ROTA_VE_CORREDOR_04,3986.36,11.48,A2_O0
intenso,1,PREEMPCAO,3025.0,VE_ROTA_VE_CORREDOR_04,3998.10,11.93,A2_O0
intenso,1,PREEMPCAO,3026.0,VE_ROTA_VE_CORREDOR_04,4010.23,12.33,A2_O0
intenso,1,PREEMPCAO,3027.0,VE_ROTA_VE_CORREDOR_04,4022.68,12.61,A2_O0
intenso,1,PREEMPCAO,3028.0,VE_ROTA_VE_CORREDOR_04,4035.45,12.84,A2_O0
intenso,1,PREEMPCAO,3029.0,VE_ROTA_VE_CORREDOR_04,4048.53,13.18,A2_O0
intenso,1,PREEMPCAO,3030.0,VE_ROTA_VE_CORREDOR_04,4061.86,13.47,A2_O0
intenso,1,PREEMPCAO,3031.0,VE_ROTA_VE_CORREDOR_04,4075.38,13.67,A2_O0
intenso,1,PREEMPCAO,3032.0,VE_ROTA_VE_CORREDOR_04,4089.12,13.80,A2_O0
intenso,1,PREEMPCAO,3033.0,VE_ROTA_VE_CORREDOR_04,4103.01,14.00,A2_O0
intenso,1,PREEMPCAO,3034.0,VE_ROTA_VE_CORREDOR_04,4117.07,14.17,A2_O0
intenso,1,PREEMPCAO,3035.0,VE_ROTA_VE_CORREDOR_04,4131.29,14.32,A2_O0
intenso,1,PREEMPCAO,3036.0,VE_ROTA_VE_CORREDOR_04,4145.63,14.36,A2_O0
intenso,1,PREEMPCAO,3037.0,VE_ROTA_VE_CORREDOR_04,4160.11,14.49,A2_O0
intenso,1,PREEMPCAO,3038.0,VE_ROTA_VE_CORREDOR_04,4174.69,14.60,A2_O0
intenso,1,PREEMPCAO,3039.0,VE_ROTA_VE_CORREDOR_04,4189.35,14.69,A2_O0
intenso,1,PREEMPCAO,3040.0,VE_ROTA_VE_CORREDOR_04,4204.11,14.82,A2_O0
intenso,1,PREEMPCAO,3041.0,VE_ROTA_VE_CORREDOR_04,4218.92,14.83,A2_O0
intenso,1,PREEMPCAO,3042.0,VE_ROTA_VE_CORREDOR_04,4233.80,14.88,A2_O0
intenso,1,PREEMPCAO,3043.0,VE_ROTA_VE_CORREDOR_04,4248.71,14.90,A2_O0
intenso,1,PREEMPCAO,3044.0,VE_ROTA_VE_CORREDOR_04,4263.69,15.02,A2_O0
intenso,1,PREEMPCAO,3045.0,VE_ROTA_VE_CORREDOR_04,4278.75,15.12,A2_O0
intenso,1,PREEMPCAO,3046.0,VE_ROTA_VE_CORREDOR_04,4294.01,15.32,A2_O0
intenso,1,PREEMPCAO,3047.0,VE_ROTA_VE_CORREDOR_04,4309.42,15.45,A2_O0
intenso,1,PREEMPCAO,3048.0,VE_ROTA_VE_CORREDOR_04,4324.91,15.49,A2_O0
intenso,1,PREEMPCAO,3049.0,VE_ROTA_VE_CORREDOR_04,4340.43,15.54,A2_O0
intenso,1,PREEMPCAO,3050.0,VE_ROTA_VE_CORREDOR_04,4355.97,15.58,A2_O0
intenso,1,PREEMPCAO,3051.0,VE_ROTA_VE_CORREDOR_04,4371.50,15.54,A2_O0
intenso,1,PREEMPCAO,3052.0,VE_ROTA_VE_CORREDOR_04,4387.06,15.53,A2_O0
intenso,1,PREEMPCAO,3053.0,VE_ROTA_VE_CORREDOR_04,4402.64,15.54,A2_O0
intenso,1,PREEMPCAO,3054.0,VE_ROTA_VE_CORREDOR_04,4418.21,15.62,A2_O0
intenso,1,PREEMPCAO,3055.0,VE_ROTA_VE_CORREDOR_04,4433.79,15.55,A2_O0
intenso,1,PREEMPCAO,3056.0,VE_ROTA_VE_CORREDOR_04,4449.36,15.52,A2_O0
intenso,1,PREEMPCAO,3057.0,VE_ROTA_VE_CORREDOR_04,4465.75,17.60,A2_O0
intenso,1,PREEMPCAO,3301.0,VE_ROTA_VE_CORREDOR_05,19.49,21.67,A1_L0
intenso,1,PREEMPCAO,3302.0,VE_ROTA_VE_CORREDOR_05,41.15,21.66,A1_L0
intenso,1,PREEMPCAO,3303.0,VE_ROTA_VE_CORREDOR_05,62.80,21.65,A1_L0
intenso,1,PREEMPCAO,3304.0,VE_ROTA_VE_CORREDOR_05,84.46,21.65,A1_L0
intenso,1,PREEMPCAO,3305.0,VE_ROTA_VE_CORREDOR_05,106.11,21.64,A1_L0
intenso,1,PREEMPCAO,3306.0,VE_ROTA_VE_CORREDOR_05,127.77,21.67,A1_L0
intenso,1,PREEMPCAO,3307.0,VE_ROTA_VE_CORREDOR_05,149.43,21.66,A1_L0
intenso,1,PREEMPCAO,3308.0,VE_ROTA_VE_CORREDOR_05,171.08,21.67,A1_L0
intenso,1,PREEMPCAO,3309.0,VE_ROTA_VE_CORREDOR_05,192.74,21.66,A1_L0
intenso,1,PREEMPCAO,3310.0,VE_ROTA_VE_CORREDOR_05,214.40,21.66,A1_L0
intenso,1,PREEMPCAO,3311.0,VE_ROTA_VE_CORREDOR_05,236.05,21.66,A1_L0
intenso,1,PREEMPCAO,3312.0,VE_ROTA_VE_CORREDOR_05,257.71,21.66,A1_L0
intenso,1,PREEMPCAO,3313.0,VE_ROTA_VE_CORREDOR_05,279.37,21.65,A1_L0
intenso,1,PREEMPCAO,3314.0,VE_ROTA_VE_CORREDOR_05,300.99,21.42,A1_L0
intenso,1,PREEMPCAO,3315.0,VE_ROTA_VE_CORREDOR_05,321.94,20.63,A1_L0
intenso,1,PREEMPCAO,3316.0,VE_ROTA_VE_CORREDOR_05,342.10,19.89,A1_L0
intenso,1,PREEMPCAO,3317.0,VE_ROTA_VE_CORREDOR_05,361.61,19.20,A1_L0
intenso,1,PREEMPCAO,3318.0,VE_ROTA_VE_CORREDOR_05,380.58,18.76,A1_L0
intenso,1,PREEMPCAO,3319.0,VE_ROTA_VE_CORREDOR_05,399.08,18.30,A1_L0
intenso,1,PREEMPCAO,3320.0,VE_ROTA_VE_CORREDOR_05,417.23,18.02,A1_L0
intenso,1,PREEMPCAO,3321.0,VE_ROTA_VE_CORREDOR_05,435.09,17.73,A1_L0
intenso,1,PREEMPCAO,3322.0,VE_ROTA_VE_CORREDOR_05,452.70,17.55,A1_L0
intenso,1,PREEMPCAO,3323.0,VE_ROTA_VE_CORREDOR_05,470.11,17.34,A1_L0
intenso,1,PREEMPCAO,3324.0,VE_ROTA_VE_CORREDOR_05,487.35,17.18,A1_L0
intenso,1,PREEMPCAO,3325.0,VE_ROTA_VE_CORREDOR_05,504.47,17.10,A1_L1
intenso,1,PREEMPCAO,3326.0,VE_ROTA_VE_CORREDOR_05,521.50,17.03,A1_L1
intenso,1,PREEMPCAO,3327.0,VE_ROTA_VE_CORREDOR_05,538.45,16.91,A1_L1
intenso,1,PREEMPCAO,3328.0,VE_ROTA_VE_CORREDOR_05,555.34,16.88,A1_L1
intenso,1,PREEMPCAO,3329.0,VE_ROTA_VE_CORREDOR_05,572.16,16.82,A1_L1
intenso,1,PREEMPCAO,3330.0,VE_ROTA_VE_CORREDOR_05,588.94,16.75,A1_L1
intenso,1,PREEMPCAO,3331.0,VE_ROTA_VE_CORREDOR_05,605.68,16.75,A1_L1
intenso,1,PREEMPCAO,3332.0,VE_ROTA_VE_CORREDOR_05,622.41,16.75,A1_L1
intenso,1,PREEMPCAO,3333.0,VE_ROTA_VE_CORREDOR_05,639.12,16.70,A1_L1
intenso,1,PREEMPCAO,3334.0,VE_ROTA_VE_CORREDOR_05,655.83,16.69,A1_L1
intenso,1,PREEMPCAO,3335.0,VE_ROTA_VE_CORREDOR_05,672.51,16.64,A1_L1
intenso,1,PREEMPCAO,3336.0,VE_ROTA_VE_CORREDOR_05,689.18,16.66,A1_L1
intenso,1,PREEMPCAO,3337.0,VE_ROTA_VE_CORREDOR_05,705.85,16.62,A1_L1
intenso,1,PREEMPCAO,3338.0,VE_ROTA_VE_CORREDOR_05,722.49,16.69,A1_L1
intenso,1,PREEMPCAO,3339.0,VE_ROTA_VE_CORREDOR_05,739.16,16.69,A1_L1
intenso,1,PREEMPCAO,3340.0,VE_ROTA_VE_CORREDOR_05,755.81,16.68,A1_L1
intenso,1,PREEMPCAO,3341.0,VE_ROTA_VE_CORREDOR_05,772.37,16.34,A1_L1
intenso,1,PREEMPCAO,3342.0,VE_ROTA_VE_CORREDOR_05,788.05,15.18,A1_L1
intenso,1,PREEMPCAO,3343.0,VE_ROTA_VE_CORREDOR_05,802.63,14.06,A1_L1
intenso,1,PREEMPCAO,3344.0,VE_ROTA_VE_CORREDOR_05,816.16,13.11,A1_L1
intenso,1,PREEMPCAO,3345.0,VE_ROTA_VE_CORREDOR_05,828.71,12.13,A1_L1
intenso,1,PREEMPCAO,3346.0,VE_ROTA_VE_CORREDOR_05,840.35,11.26,A1_L1
intenso,1,PREEMPCAO,3347.0,VE_ROTA_VE_CORREDOR_05,851.13,10.42,A1_L1
intenso,1,PREEMPCAO,3348.0,VE_ROTA_VE_CORREDOR_05,861.15,9.72,A1_L1
intenso,1,PREEMPCAO,3349.0,VE_ROTA_VE_CORREDOR_05,870.52,9.15,A1_L1
intenso,1,PREEMPCAO,3350.0,VE_ROTA_VE_CORREDOR_05,879.38,8.66,A1_L1
intenso,1,PREEMPCAO,3351.0,VE_ROTA_VE_CORREDOR_05,887.84,8.32,A1_L1
intenso,1,PREEMPCAO,3352.0,VE_ROTA_VE_CORREDOR_05,896.04,8.15,A1_L1
intenso,1,PREEMPCAO,3353.0,VE_ROTA_VE_CORREDOR_05,904.16,8.13,A1_L1
intenso,1,PREEMPCAO,3354.0,VE_ROTA_VE_CORREDOR_05,912.29,8.13,A1_L1
intenso,1,PREEMPCAO,3355.0,VE_ROTA_VE_CORREDOR_05,920.53,8.32,A1_L1
intenso,1,PREEMPCAO,3356.0,VE_ROTA_VE_CORREDOR_05,928.98,8.55,A1_L1
intenso,1,PREEMPCAO,3357.0,VE_ROTA_VE_CORREDOR_05,937.65,8.83,A1_L1
intenso,1,PREEMPCAO,3358.0,VE_ROTA_VE_CORREDOR_05,946.62,9.11,A1_L1
intenso,1,PREEMPCAO,3359.0,VE_ROTA_VE_CORREDOR_05,955.87,9.39,A1_L1
intenso,1,PREEMPCAO,3360.0,VE_ROTA_VE_CORREDOR_05,965.42,9.74,A1_L1
intenso,1,PREEMPCAO,3361.0,VE_ROTA_VE_CORREDOR_05,975.31,10.03,A1_L1
intenso,1,PREEMPCAO,3362.0,VE_ROTA_VE_CORREDOR_05,985.47,10.26,A1_L1
intenso,1,PREEMPCAO,3363.0,VE_ROTA_VE_CORREDOR_05,995.92,10.54,:CRUZ_02_11
intenso,1,PREEMPCAO,3364.0,VE_ROTA_VE_CORREDOR_05,1006.65,10.90,A1_L2
intenso,1,PREEMPCAO,3365.0,VE_ROTA_VE_CORREDOR_05,1017.64,11.14,A1_L2
intenso,1,PREEMPCAO,3366.0,VE_ROTA_VE_CORREDOR_05,1028.86,11.32,A1_L2
intenso,1,PREEMPCAO,3367.0,VE_ROTA_VE_CORREDOR_05,1040.29,11.52,A1_L2
intenso,1,PREEMPCAO,3368.0,VE_ROTA_VE_CORREDOR_05,1051.93,11.76,A1_L2
intenso,1,PREEMPCAO,3369.0,VE_ROTA_VE_CORREDOR_05,1063.73,11.84,A1_L2
intenso,1,PREEMPCAO,3370.0,VE_ROTA_VE_CORREDOR_05,1075.71,12.07,A1_L2
intenso,1,PREEMPCAO,3371.0,VE_ROTA_VE_CORREDOR_05,1087.85,12.17,A1_L2
intenso,1,PREEMPCAO,3372.0,VE_ROTA_VE_CORREDOR_05,1100.18,12.38,A1_L2
intenso,1,PREEMPCAO,3373.0,VE_ROTA_VE_CORREDOR_05,1112.61,12.53,A1_L2
intenso,1,PREEMPCAO,3374.0,VE_ROTA_VE_CORREDOR_05,1125.16,12.52,A1_L2
intenso,1,PREEMPCAO,3375.0,VE_ROTA_VE_CORREDOR_05,1137.82,12.72,A1_L2
intenso,1,PREEMPCAO,3376.0,VE_ROTA_VE_CORREDOR_05,1150.56,12.82,A1_L2
intenso,1,PREEMPCAO,3377.0,VE_ROTA_VE_CORREDOR_05,1163.39,12.82,A1_L2
intenso,1,PREEMPCAO,3378.0,VE_ROTA_VE_CORREDOR_05,1176.31,13.02,A1_L2
intenso,1,PREEMPCAO,3379.0,VE_ROTA_VE_CORREDOR_05,1189.28,12.97,A1_L2
intenso,1,PREEMPCAO,3380.0,VE_ROTA_VE_CORREDOR_05,1202.31,13.12,A1_L2
intenso,1,PREEMPCAO,3381.0,VE_ROTA_VE_CORREDOR_05,1215.41,13.16,A1_L2
intenso,1,PREEMPCAO,3382.0,VE_ROTA_VE_CORREDOR_05,1228.54,13.12,A1_L2
intenso,1,PREEMPCAO,3383.0,VE_ROTA_VE_CORREDOR_05,1241.72,13.24,A1_L2
intenso,1,PREEMPCAO,3384.0,VE_ROTA_VE_CORREDOR_05,1254.96,13.29,A1_L2
intenso,1,PREEMPCAO,3385.0,VE_ROTA_VE_CORREDOR_05,1268.22,13.29,A1_L2
intenso,1,PREEMPCAO,3386.0,VE_ROTA_VE_CORREDOR_05,1281.53,13.35,A1_L2
intenso,1,PREEMPCAO,3387.0,VE_ROTA_VE_CORREDOR_05,1294.84,13.30,A1_L2
intenso,1,PREEMPCAO,3388.0,VE_ROTA_VE_CORREDOR_05,1308.19,13.41,A1_L2
intenso,1,PREEMPCAO,3389.0,VE_ROTA_VE_CORREDOR_05,1321.40,12.98,A1_L2
intenso,1,PREEMPCAO,3390.0,VE_ROTA_VE_CORREDOR_05,1333.64,11.39,A1_L2
intenso,1,PREEMPCAO,3391.0,VE_ROTA_VE_CORREDOR_05,1343.97,9.45,A1_L2
intenso,1,PREEMPCAO,3392.0,VE_ROTA_VE_CORREDOR_05,1352.85,8.86,A1_L2
intenso,1,PREEMPCAO,3393.0,VE_ROTA_VE_CORREDOR_05,1361.82,8.97,A1_L2
intenso,1,PREEMPCAO,3394.0,VE_ROTA_VE_CORREDOR_05,1370.75,8.84,A1_L2
intenso,1,PREEMPCAO,3395.0,VE_ROTA_VE_CORREDOR_05,1379.39,8.46,A1_L2
intenso,1,PREEMPCAO,3396.0,VE_ROTA_VE_CORREDOR_05,1387.59,8.01,A1_L2
intenso,1,PREEMPCAO,3397.0,VE_ROTA_VE_CORREDOR_05,1395.24,7.40,A1_L2
intenso,1,PREEMPCAO,3398.0,VE_ROTA_VE_CORREDOR_05,1402.27,6.77,A1_L2
intenso,1,PREEMPCAO,3399.0,VE_ROTA_VE_CORREDOR_05,1408.61,6.04,A1_L2
intenso,1,PREEMPCAO,3400.0,VE_ROTA_VE_CORREDOR_05,1414.22,5.28,A1_L2
intenso,1,PREEMPCAO,3401.0,VE_ROTA_VE_CORREDOR_05,1419.07,4.51,A1_L2
intenso,1,PREEMPCAO,3402.0,VE_ROTA_VE_CORREDOR_05,1423.21,3.81,A1_L2
intenso,1,PREEMPCAO,3403.0,VE_ROTA_VE_CORREDOR_05,1426.63,3.11,A1_L2
intenso,1,PREEMPCAO,3404.0,VE_ROTA_VE_CORREDOR_05,1429.38,2.46,A1_L2
intenso,1,PREEMPCAO,3405.0,VE_ROTA_VE_CORREDOR_05,1431.51,1.88,A1_L2
intenso,1,PREEMPCAO,3406.0,VE_ROTA_VE_CORREDOR_05,1433.13,1.42,A1_L2
intenso,1,PREEMPCAO,3407.0,VE_ROTA_VE_CORREDOR_05,1434.38,1.16,A1_L2
intenso,1,PREEMPCAO,3408.0,VE_ROTA_VE_CORREDOR_05,1435.56,1.24,A1_L2
intenso,1,PREEMPCAO,3409.0,VE_ROTA_VE_CORREDOR_05,1437.00,1.63,A1_L2
intenso,1,PREEMPCAO,3410.0,VE_ROTA_VE_CORREDOR_05,1438.94,2.22,A1_L2
intenso,1,PREEMPCAO,3411.0,VE_ROTA_VE_CORREDOR_05,1441.55,2.97,A1_L2
intenso,1,PREEMPCAO,3412.0,VE_ROTA_VE_CORREDOR_05,1444.92,3.71,A1_L2
intenso,1,PREEMPCAO,3413.0,VE_ROTA_VE_CORREDOR_05,1449.11,4.56,A1_L2
intenso,1,PREEMPCAO,3414.0,VE_ROTA_VE_CORREDOR_05,1454.13,5.38,A1_L2
intenso,1,PREEMPCAO,3415.0,VE_ROTA_VE_CORREDOR_05,1460.03,6.29,A1_L2
intenso,1,PREEMPCAO,3416.0,VE_ROTA_VE_CORREDOR_05,1466.79,7.16,A1_L2
intenso,1,PREEMPCAO,3417.0,VE_ROTA_VE_CORREDOR_05,1474.42,8.07,A1_L2
intenso,1,PREEMPCAO,3418.0,VE_ROTA_VE_CORREDOR_05,1482.96,8.90,A1_L2
intenso,1,PREEMPCAO,3419.0,VE_ROTA_VE_CORREDOR_05,1492.38,9.84,:CRUZ_03_11
intenso,1,PREEMPCAO,3420.0,VE_ROTA_VE_CORREDOR_05,1502.75,10.74,A1_L3
intenso,1,PREEMPCAO,3421.0,VE_ROTA_VE_CORREDOR_05,1514.05,11.74,A1_L3
intenso,1,PREEMPCAO,3422.0,VE_ROTA_VE_CORREDOR_05,1526.14,12.33,A1_L3
intenso,1,PREEMPCAO,3423.0,VE_ROTA_VE_CORREDOR_05,1538.58,12.53,A1_L3
intenso,1,PREEMPCAO,3424.0,VE_ROTA_VE_CORREDOR_05,1551.32,12.80,A1_L3
intenso,1,PREEMPCAO,3425.0,VE_ROTA_VE_CORREDOR_05,1564.28,13.08,A1_L3
intenso,1,PREEMPCAO,3426.0,VE_ROTA_VE_CORREDOR_05,1577.41,13.23,A1_L3
intenso,1,PREEMPCAO,3427.0,VE_ROTA_VE_CORREDOR_05,1590.69,13.38,A1_L3
intenso,1,PREEMPCAO,3428.0,VE_ROTA_VE_CORREDOR_05,1604.08,13.47,A1_L3
intenso,1,PREEMPCAO,3429.0,VE_ROTA_VE_CORREDOR_05,1617.54,13.48,A1_L3
intenso,1,PREEMPCAO,3430.0,VE_ROTA_VE_CORREDOR_05,1631.10,13.58,A1_L3
intenso,1,PREEMPCAO,3431.0,VE_ROTA_VE_CORREDOR_05,1644.70,13.60,A1_L3
intenso,1,PREEMPCAO,3432.0,VE_ROTA_VE_CORREDOR_05,1658.36,13.72,A1_L3
intenso,1,PREEMPCAO,3433.0,VE_ROTA_VE_CORREDOR_05,1672.04,13.69,A1_L3
intenso,1,PREEMPCAO,3434.0,VE_ROTA_VE_CORREDOR_05,1685.75,13.70,A1_L3
intenso,1,PREEMPCAO,3435.0,VE_ROTA_VE_CORREDOR_05,1699.53,13.75,A1_L3
intenso,1,PREEMPCAO,3436.0,VE_ROTA_VE_CORREDOR_05,1713.33,13.76,A1_L3
intenso,1,PREEMPCAO,3437.0,VE_ROTA_VE_CORREDOR_05,1727.12,13.83,A1_L3
intenso,1,PREEMPCAO,3438.0,VE_ROTA_VE_CORREDOR_05,1740.95,13.88,A1_L3
intenso,1,PREEMPCAO,3439.0,VE_ROTA_VE_CORREDOR_05,1754.79,13.83,A1_L3
intenso,1,PREEMPCAO,3440.0,VE_ROTA_VE_CORREDOR_05,1768.62,13.81,A1_L3
intenso,1,PREEMPCAO,3441.0,VE_ROTA_VE_CORREDOR_05,1782.46,13.83,A1_L3
intenso,1,PREEMPCAO,3442.0,VE_ROTA_VE_CORREDOR_05,1796.31,13.91,A1_L3
intenso,1,PREEMPCAO,3443.0,VE_ROTA_VE_CORREDOR_05,1810.16,13.89,A1_L3
intenso,1,PREEMPCAO,3444.0,VE_ROTA_VE_CORREDOR_05,1824.00,13.89,A1_L3
intenso,1,PREEMPCAO,3445.0,VE_ROTA_VE_CORREDOR_05,1837.86,13.83,A1_L3
intenso,1,PREEMPCAO,3446.0,VE_ROTA_VE_CORREDOR_05,1851.48,13.24,A1_L3
intenso,1,PREEMPCAO,3447.0,VE_ROTA_VE_CORREDOR_05,1864.25,12.31,A1_L3
intenso,1,PREEMPCAO,3448.0,VE_ROTA_VE_CORREDOR_05,1876.08,11.38,A1_L3
intenso,1,PREEMPCAO,3449.0,VE_ROTA_VE_CORREDOR_05,1886.96,10.42,A1_L3
intenso,1,PREEMPCAO,3450.0,VE_ROTA_VE_CORREDOR_05,1896.83,9.39,A1_L3
intenso,1,PREEMPCAO,3451.0,VE_ROTA_VE_CORREDOR_05,1905.68,8.37,A1_L3
intenso,1,PREEMPCAO,3452.0,VE_ROTA_VE_CORREDOR_05,1913.46,7.35,A1_L3
intenso,1,PREEMPCAO,3453.0,VE_ROTA_VE_CORREDOR_05,1920.21,6.26,A1_L3
intenso,1,PREEMPCAO,3454.0,VE_ROTA_VE_CORREDOR_05,1925.90,5.23,A1_L3
intenso,1,PREEMPCAO,3455.0,VE_ROTA_VE_CORREDOR_05,1930.59,4.26,A1_L3
intenso,1,PREEMPCAO,3456.0,VE_ROTA_VE_CORREDOR_05,1934.34,3.34,A1_L3
intenso,1,PREEMPCAO,3457.0,VE_ROTA_VE_CORREDOR_05,1937.23,2.54,A1_L3
intenso,1,PREEMPCAO,3458.0,VE_ROTA_VE_CORREDOR_05,1939.38,1.86,A1_L3
intenso,1,PREEMPCAO,3459.0,VE_ROTA_VE_CORREDOR_05,1941.01,1.49,A1_L3
intenso,1,PREEMPCAO,3460.0,VE_ROTA_VE_CORREDOR_05,1942.49,1.53,A1_L3
intenso,1,PREEMPCAO,3461.0,VE_ROTA_VE_CORREDOR_05,1944.21,1.94,A1_L3
intenso,1,PREEMPCAO,3462.0,VE_ROTA_VE_CORREDOR_05,1946.49,2.59,A1_L3
intenso,1,PREEMPCAO,3463.0,VE_ROTA_VE_CORREDOR_05,1949.48,3.37,A1_L3
intenso,1,PREEMPCAO,3464.0,VE_ROTA_VE_CORREDOR_05,1953.28,4.14,A1_L3
intenso,1,PREEMPCAO,3465.0,VE_ROTA_VE_CORREDOR_05,1957.95,5.06,A1_L3
intenso,1,PREEMPCAO,3466.0,VE_ROTA_VE_CORREDOR_05,1964.39,7.73,A1_L3
intenso,1,PREEMPCAO,3467.0,VE_ROTA_VE_CORREDOR_05,1973.69,10.57,A1_L3
intenso,1,PREEMPCAO,3468.0,VE_ROTA_VE_CORREDOR_05,1984.96,10.12,A1_L3
intenso,1,PREEMPCAO,3469.0,VE_ROTA_VE_CORREDOR_05,1993.61,8.46,:CRUZ_04_10
intenso,1,PREEMPCAO,3470.0,VE_ROTA_VE_CORREDOR_05,2002.66,10.17,T4_S1
intenso,1,PREEMPCAO,3471.0,VE_ROTA_VE_CORREDOR_05,2014.38,13.00,T4_S1
intenso,1,PREEMPCAO,3472.0,VE_ROTA_VE_CORREDOR_05,2028.52,14.43,T4_S1
intenso,1,PREEMPCAO,3473.0,VE_ROTA_VE_CORREDOR_05,2042.95,14.43,T4_S1
intenso,1,PREEMPCAO,3474.0,VE_ROTA_VE_CORREDOR_05,2057.37,14.43,T4_S1
intenso,1,PREEMPCAO,3475.0,VE_ROTA_VE_CORREDOR_05,2071.81,14.41,T4_S1
intenso,1,PREEMPCAO,3476.0,VE_ROTA_VE_CORREDOR_05,2086.23,14.44,T4_S1
intenso,1,PREEMPCAO,3477.0,VE_ROTA_VE_CORREDOR_05,2100.66,14.42,T4_S1
intenso,1,PREEMPCAO,3478.0,VE_ROTA_VE_CORREDOR_05,2115.08,14.42,T4_S1
intenso,1,PREEMPCAO,3479.0,VE_ROTA_VE_CORREDOR_05,2129.51,14.42,T4_S1
intenso,1,PREEMPCAO,3480.0,VE_ROTA_VE_CORREDOR_05,2143.94,14.43,T4_S1
intenso,1,PREEMPCAO,3481.0,VE_ROTA_VE_CORREDOR_05,2158.37,14.42,T4_S1
intenso,1,PREEMPCAO,3482.0,VE_ROTA_VE_CORREDOR_05,2172.80,14.42,T4_S1
intenso,1,PREEMPCAO,3483.0,VE_ROTA_VE_CORREDOR_05,2187.23,14.43,T4_S1
intenso,1,PREEMPCAO,3484.0,VE_ROTA_VE_CORREDOR_05,2201.66,14.44,T4_S1
intenso,1,PREEMPCAO,3485.0,VE_ROTA_VE_CORREDOR_05,2216.09,14.44,T4_S1
intenso,1,PREEMPCAO,3486.0,VE_ROTA_VE_CORREDOR_05,2230.52,14.43,T4_S1
intenso,1,PREEMPCAO,3487.0,VE_ROTA_VE_CORREDOR_05,2244.94,14.43,T4_S1
intenso,1,PREEMPCAO,3488.0,VE_ROTA_VE_CORREDOR_05,2259.37,14.43,T4_S1
intenso,1,PREEMPCAO,3489.0,VE_ROTA_VE_CORREDOR_05,2273.80,14.43,T4_S1
intenso,1,PREEMPCAO,3490.0,VE_ROTA_VE_CORREDOR_05,2288.23,14.42,T4_S1
intenso,1,PREEMPCAO,3491.0,VE_ROTA_VE_CORREDOR_05,2302.66,14.43,T4_S1
intenso,1,PREEMPCAO,3492.0,VE_ROTA_VE_CORREDOR_05,2317.08,14.42,T4_S1
intenso,1,PREEMPCAO,3493.0,VE_ROTA_VE_CORREDOR_05,2331.51,14.42,T4_S1
intenso,1,PREEMPCAO,3494.0,VE_ROTA_VE_CORREDOR_05,2345.94,14.43,T4_S1
intenso,1,PREEMPCAO,3495.0,VE_ROTA_VE_CORREDOR_05,2360.36,14.44,T4_S1
intenso,1,PREEMPCAO,3496.0,VE_ROTA_VE_CORREDOR_05,2374.79,14.43,T4_S1
intenso,1,PREEMPCAO,3497.0,VE_ROTA_VE_CORREDOR_05,2389.21,14.42,T4_S1
intenso,1,PREEMPCAO,3498.0,VE_ROTA_VE_CORREDOR_05,2403.64,14.43,T4_S1
intenso,1,PREEMPCAO,3499.0,VE_ROTA_VE_CORREDOR_05,2418.06,14.41,T4_S1
intenso,1,PREEMPCAO,3500.0,VE_ROTA_VE_CORREDOR_05,2430.65,11.05,T4_S1
intenso,1,PREEMPCAO,3501.0,VE_ROTA_VE_CORREDOR_05,2439.92,7.87,T4_S1
intenso,1,PREEMPCAO,3502.0,VE_ROTA_VE_CORREDOR_05,2446.20,5.08,T4_S1
intenso,1,PREEMPCAO,3503.0,VE_ROTA_VE_CORREDOR_05,2450.05,3.02,T4_S1
intenso,1,PREEMPCAO,3504.0,VE_ROTA_VE_CORREDOR_05,2452.44,2.04,T4_S1
intenso,1,PREEMPCAO,3505.0,VE_ROTA_VE_CORREDOR_05,2454.42,2.02,T4_S1
intenso,1,PREEMPCAO,3506.0,VE_ROTA_VE_CORREDOR_05,2456.69,2.49,T4_S1
intenso,1,PREEMPCAO,3507.0,VE_ROTA_VE_CORREDOR_05,2459.59,3.24,T4_S1
intenso,1,PREEMPCAO,3508.0,VE_ROTA_VE_CORREDOR_05,2463.31,4.09,T4_S1
intenso,1,PREEMPCAO,3509.0,VE_ROTA_VE_CORREDOR_05,2467.85,4.90,T4_S1
intenso,1,PREEMPCAO,3510.0,VE_ROTA_VE_CORREDOR_05,2473.38,5.72,T4_S1
intenso,1,PREEMPCAO,3511.0,VE_ROTA_VE_CORREDOR_05,2480.24,8.12,:CRUZ_08_0
intenso,1,PREEMPCAO,3512.0,VE_ROTA_VE_CORREDOR_05,2488.98,9.61,A2_O3
intenso,1,PREEMPCAO,3513.0,VE_ROTA_VE_CORREDOR_05,2500.17,12.49,A2_O3
intenso,1,PREEMPCAO,3514.0,VE_ROTA_VE_CORREDOR_05,2514.24,15.34,A2_O3
intenso,1,PREEMPCAO,3515.0,VE_ROTA_VE_CORREDOR_05,2531.14,18.20,A2_O3
intenso,1,PREEMPCAO,3516.0,VE_ROTA_VE_CORREDOR_05,2550.89,21.01,A2_O3
intenso,1,PREEMPCAO,3517.0,VE_ROTA_VE_CORREDOR_05,2572.50,21.64,A2_O3
intenso,1,PREEMPCAO,3518.0,VE_ROTA_VE_CORREDOR_05,2594.15,21.66,A2_O3
intenso,1,PREEMPCAO,3519.0,VE_ROTA_VE_CORREDOR_05,2615.81,21.67,A2_O3
intenso,1,PREEMPCAO,3520.0,VE_ROTA_VE_CORREDOR_05,2637.46,21.66,A2_O3
intenso,1,PREEMPCAO,3521.0,VE_ROTA_VE_CORREDOR_05,2659.12,21.65,A2_O3
intenso,1,PREEMPCAO,3522.0,VE_ROTA_VE_CORREDOR_05,2680.78,21.65,A2_O3
intenso,1,PREEMPCAO,3523.0,VE_ROTA_VE_CORREDOR_05,2702.43,21.64,A2_O3
intenso,1,PREEMPCAO,3524.0,VE_ROTA_VE_CORREDOR_05,2724.08,21.66,A2_O3
intenso,1,PREEMPCAO,3525.0,VE_ROTA_VE_CORREDOR_05,2745.74,21.67,A2_O3
intenso,1,PREEMPCAO,3526.0,VE_ROTA_VE_CORREDOR_05,2767.39,21.65,A2_O3
intenso,1,PREEMPCAO,3527.0,VE_ROTA_VE_CORREDOR_05,2789.05,21.65,A2_O3
intenso,1,PREEMPCAO,3528.0,VE_ROTA_VE_CORREDOR_05,2810.71,21.65,A2_O3
intenso,1,PREEMPCAO,3529.0,VE_ROTA_VE_CORREDOR_05,2832.37,21.65,A2_O3
intenso,1,PREEMPCAO,3530.0,VE_ROTA_VE_CORREDOR_05,2854.02,21.65,A2_O3
intenso,1,PREEMPCAO,3531.0,VE_ROTA_VE_CORREDOR_05,2874.79,19.41,A2_O3
intenso,1,PREEMPCAO,3532.0,VE_ROTA_VE_CORREDOR_05,2892.44,16.24,A2_O3
intenso,1,PREEMPCAO,3533.0,VE_ROTA_VE_CORREDOR_05,2907.81,15.59,A2_O3
intenso,1,PREEMPCAO,3534.0,VE_ROTA_VE_CORREDOR_05,2922.04,13.21,A2_O3
intenso,1,PREEMPCAO,3535.0,VE_ROTA_VE_CORREDOR_05,2934.33,11.69,A2_O3
intenso,1,PREEMPCAO,3536.0,VE_ROTA_VE_CORREDOR_05,2945.60,11.05,A2_O3
intenso,1,PREEMPCAO,3537.0,VE_ROTA_VE_CORREDOR_05,2956.69,11.26,A2_O3
intenso,1,PREEMPCAO,3538.0,VE_ROTA_VE_CORREDOR_05,2968.38,12.05,A2_O3
intenso,1,PREEMPCAO,3539.0,VE_ROTA_VE_CORREDOR_05,2980.61,12.34,:CRUZ_07_4
intenso,1,PREEMPCAO,3540.0,VE_ROTA_VE_CORREDOR_05,2993.13,12.67,A2_O2
intenso,1,PREEMPCAO,3541.0,VE_ROTA_VE_CORREDOR_05,3005.98,13.00,A2_O2
intenso,1,PREEMPCAO,3542.0,VE_ROTA_VE_CORREDOR_05,3019.11,13.24,A2_O2
intenso,1,PREEMPCAO,3543.0,VE_ROTA_VE_CORREDOR_05,3032.49,13.51,A2_O2
intenso,1,PREEMPCAO,3544.0,VE_ROTA_VE_CORREDOR_05,3046.06,13.63,A2_O2
intenso,1,PREEMPCAO,3545.0,VE_ROTA_VE_CORREDOR_05,3059.84,13.79,A2_O2
intenso,1,PREEMPCAO,3546.0,VE_ROTA_VE_CORREDOR_05,3073.77,14.05,A2_O2
intenso,1,PREEMPCAO,3547.0,VE_ROTA_VE_CORREDOR_05,3087.88,14.22,A2_O2
intenso,1,PREEMPCAO,3548.0,VE_ROTA_VE_CORREDOR_05,3102.11,14.29,A2_O2
intenso,1,PREEMPCAO,3549.0,VE_ROTA_VE_CORREDOR_05,3116.44,14.37,A2_O2
intenso,1,PREEMPCAO,3550.0,VE_ROTA_VE_CORREDOR_05,3130.86,14.43,A2_O2
intenso,1,PREEMPCAO,3551.0,VE_ROTA_VE_CORREDOR_05,3145.35,14.55,A2_O2
intenso,1,PREEMPCAO,3552.0,VE_ROTA_VE_CORREDOR_05,3159.92,14.63,A2_O2
intenso,1,PREEMPCAO,3553.0,VE_ROTA_VE_CORREDOR_05,3174.55,14.71,A2_O2
intenso,1,PREEMPCAO,3554.0,VE_ROTA_VE_CORREDOR_05,3189.24,14.76,A2_O2
intenso,1,PREEMPCAO,3555.0,VE_ROTA_VE_CORREDOR_05,3203.95,14.75,A2_O2
intenso,1,PREEMPCAO,3556.0,VE_ROTA_VE_CORREDOR_05,3218.70,14.70,A2_O2
intenso,1,PREEMPCAO,3557.0,VE_ROTA_VE_CORREDOR_05,3233.48,14.83,A2_O2
intenso,1,PREEMPCAO,3558.0,VE_ROTA_VE_CORREDOR_05,3248.29,14.80,A2_O2
intenso,1,PREEMPCAO,3559.0,VE_ROTA_VE_CORREDOR_05,3263.12,14.84,A2_O2
intenso,1,PREEMPCAO,3560.0,VE_ROTA_VE_CORREDOR_05,3277.97,14.89,A2_O2
intenso,1,PREEMPCAO,3561.0,VE_ROTA_VE_CORREDOR_05,3292.83,14.86,A2_O2
intenso,1,PREEMPCAO,3562.0,VE_ROTA_VE_CORREDOR_05,3307.70,14.92,A2_O2
intenso,1,PREEMPCAO,3563.0,VE_ROTA_VE_CORREDOR_05,3322.58,14.89,A2_O2
intenso,1,PREEMPCAO,3564.0,VE_ROTA_VE_CORREDOR_05,3337.48,14.85,A2_O2
intenso,1,PREEMPCAO,3565.0,VE_ROTA_VE_CORREDOR_05,3352.37,14.85,A2_O2
intenso,1,PREEMPCAO,3566.0,VE_ROTA_VE_CORREDOR_05,3367.24,14.72,A2_O2
intenso,1,PREEMPCAO,3567.0,VE_ROTA_VE_CORREDOR_05,3381.10,13.24,A2_O2
intenso,1,PREEMPCAO,3568.0,VE_ROTA_VE_CORREDOR_05,3393.44,11.67,A2_O2
intenso,1,PREEMPCAO,3569.0,VE_ROTA_VE_CORREDOR_05,3404.49,10.70,A2_O2
intenso,1,PREEMPCAO,3570.0,VE_ROTA_VE_CORREDOR_05,3414.95,10.27,A2_O2
intenso,1,PREEMPCAO,3571.0,VE_ROTA_VE_CORREDOR_05,3425.19,10.29,A2_O2
intenso,1,PREEMPCAO,3572.0,VE_ROTA_VE_CORREDOR_05,3435.72,10.91,A2_O2
intenso,1,PREEMPCAO,3573.0,VE_ROTA_VE_CORREDOR_05,3447.09,11.81,A2_O2
intenso,1,PREEMPCAO,3574.0,VE_ROTA_VE_CORREDOR_05,3459.68,13.17,A2_O2
intenso,1,PREEMPCAO,3575.0,VE_ROTA_VE_CORREDOR_05,3473.61,14.24,:CRUZ_06_4
intenso,1,PREEMPCAO,3576.0,VE_ROTA_VE_CORREDOR_05,3488.07,14.60,A2_O1
intenso,1,PREEMPCAO,3577.0,VE_ROTA_VE_CORREDOR_05,3502.83,14.88,A2_O1
intenso,1,PREEMPCAO,3578.0,VE_ROTA_VE_CORREDOR_05,3517.87,15.12,A2_O1
intenso,1,PREEMPCAO,3579.0,VE_ROTA_VE_CORREDOR_05,3533.08,15.33,A2_O1
intenso,1,PREEMPCAO,3580.0,VE_ROTA_VE_CORREDOR_05,3548.41,15.45,A2_O1
intenso,1,PREEMPCAO,3581.0,VE_ROTA_VE_CORREDOR_05,3563.89,15.60,A2_O1
intenso,1,PREEMPCAO,3582.0,VE_ROTA_VE_CORREDOR_05,3579.49,15.64,A2_O1
intenso,1,PREEMPCAO,3583.0,VE_ROTA_VE_CORREDOR_05,3595.18,15.80,A2_O1
intenso,1,PREEMPCAO,3584.0,VE_ROTA_VE_CORREDOR_05,3610.92,15.76,A2_O1
intenso,1,PREEMPCAO,3585.0,VE_ROTA_VE_CORREDOR_05,3626.75,15.83,A2_O1
intenso,1,PREEMPCAO,3586.0,VE_ROTA_VE_CORREDOR_05,3642.61,15.94,A2_O1
intenso,1,PREEMPCAO,3587.0,VE_ROTA_VE_CORREDOR_05,3658.53,15.93,A2_O1
intenso,1,PREEMPCAO,3588.0,VE_ROTA_VE_CORREDOR_05,3674.45,15.95,A2_O1
intenso,1,PREEMPCAO,3589.0,VE_ROTA_VE_CORREDOR_05,3690.44,16.01,A2_O1
intenso,1,PREEMPCAO,3590.0,VE_ROTA_VE_CORREDOR_05,3706.41,15.98,A2_O1
intenso,1,PREEMPCAO,3591.0,VE_ROTA_VE_CORREDOR_05,3722.43,16.01,A2_O1
intenso,1,PREEMPCAO,3592.0,VE_ROTA_VE_CORREDOR_05,3738.43,15.98,A2_O1
intenso,1,PREEMPCAO,3593.0,VE_ROTA_VE_CORREDOR_05,3754.47,16.09,A2_O1
intenso,1,PREEMPCAO,3594.0,VE_ROTA_VE_CORREDOR_05,3770.54,16.04,A2_O1
intenso,1,PREEMPCAO,3595.0,VE_ROTA_VE_CORREDOR_05,3786.63,16.09,A2_O1
intenso,1,PREEMPCAO,3596.0,VE_ROTA_VE_CORREDOR_05,3802.66,16.03,A2_O1
intenso,1,PREEMPCAO,3597.0,VE_ROTA_VE_CORREDOR_05,3818.74,16.05,A2_O1
intenso,1,PREEMPCAO,3598.0,VE_ROTA_VE_CORREDOR_05,3834.81,16.04,A2_O1
intenso,1,PREEMPCAO,3599.0,VE_ROTA_VE_CORREDOR_05,3850.89,16.02,A2_O1
intenso,1,PREEMPCAO,3600.0,VE_ROTA_VE_CORREDOR_05,3866.99,16.16,A2_O1
intenso,1,PREEMPCAO_COMPENSADA,301.0,VE_ROTA_VE_CORREDOR_00,19.49,21.66,A1_L0
intenso,1,PREEMPCAO_COMPENSADA,302.0,VE_ROTA_VE_CORREDOR_00,41.14,21.65,A1_L0
intenso,1,PREEMPCAO_COMPENSADA,303.0,VE_ROTA_VE_CORREDOR_00,62.80,21.66,A1_L0
intenso,1,PREEMPCAO_COMPENSADA,304.0,VE_ROTA_VE_CORREDOR_00,84.45,21.66,A1_L0
intenso,1,PREEMPCAO_COMPENSADA,305.0,VE_ROTA_VE_CORREDOR_00,106.11,21.66,A1_L0
intenso,1,PREEMPCAO_COMPENSADA,306.0,VE_ROTA_VE_CORREDOR_00,127.77,21.66,A1_L0
intenso,1,PREEMPCAO_COMPENSADA,307.0,VE_ROTA_VE_CORREDOR_00,149.42,21.66,A1_L0
intenso,1,PREEMPCAO_COMPENSADA,308.0,VE_ROTA_VE_CORREDOR_00,171.08,21.66,A1_L0
intenso,1,PREEMPCAO_COMPENSADA,309.0,VE_ROTA_VE_CORREDOR_00,192.74,21.67,A1_L0
intenso,1,PREEMPCAO_COMPENSADA,310.0,VE_ROTA_VE_CORREDOR_00,214.40,21.67,A1_L0
intenso,1,PREEMPCAO_COMPENSADA,311.0,VE_ROTA_VE_CORREDOR_00,236.06,21.66,A1_L0
intenso,1,PREEMPCAO_COMPENSADA,312.0,VE_ROTA_VE_CORREDOR_00,257.71,21.67,A1_L0
intenso,1,PREEMPCAO_COMPENSADA,313.0,VE_ROTA_VE_CORREDOR_00,279.37,21.67,A1_L0
intenso,1,PREEMPCAO_COMPENSADA,314.0,VE_ROTA_VE_CORREDOR_00,301.02,21.66,A1_L0
intenso,1,PREEMPCAO_COMPENSADA,315.0,VE_ROTA_VE_CORREDOR_00,322.68,21.66,A1_L0
intenso,1,PREEMPCAO_COMPENSADA,316.0,VE_ROTA_VE_CORREDOR_00,344.34,21.66,A1_L0
intenso,1,PREEMPCAO_COMPENSADA,317.0,VE_ROTA_VE_CORREDOR_00,365.99,21.66,A1_L0
intenso,1,PREEMPCAO_COMPENSADA,318.0,VE_ROTA_VE_CORREDOR_00,387.58,21.14,A1_L0
intenso,1,PREEMPCAO_COMPENSADA,319.0,VE_ROTA_VE_CORREDOR_00,407.05,18.10,A1_L0
intenso,1,PREEMPCAO_COMPENSADA,320.0,VE_ROTA_VE_CORREDOR_00,423.56,15.21,A1_L0
intenso,1,PREEMPCAO_COMPENSADA,321.0,VE_ROTA_VE_CORREDOR_00,437.25,12.47,A1_L0
intenso,1,PREEMPCAO_COMPENSADA,322.0,VE_ROTA_VE_CORREDOR_00,448.25,9.83,A1_L0
intenso,1,PREEMPCAO_COMPENSADA,323.0,VE_ROTA_VE_CORREDOR_00,456.72,7.36,A1_L0
intenso,1,PREEMPCAO_COMPENSADA,324.0,VE_ROTA_VE_CORREDOR_00,462.86,5.18,A1_L0
intenso,1,PREEMPCAO_COMPENSADA,325.0,VE_ROTA_VE_CORREDOR_00,466.98,3.31,A1_L0
intenso,1,PREEMPCAO_COMPENSADA,326.0,VE_ROTA_VE_CORREDOR_00,469.50,1.92,A1_L0
intenso,1,PREEMPCAO_COMPENSADA,327.0,VE_ROTA_VE_CORREDOR_00,470.87,1.00,A1_L0
intenso,1,PREEMPCAO_COMPENSADA,328.0,VE_ROTA_VE_CORREDOR_00,471.61,0.67,A1_L0
intenso,1,PREEMPCAO_COMPENSADA,329.0,VE_ROTA_VE_CORREDOR_00,472.62,1.46,A1_L0
intenso,1,PREEMPCAO_COMPENSADA,330.0,VE_ROTA_VE_CORREDOR_00,474.84,2.88,A1_L0
intenso,1,PREEMPCAO_COMPENSADA,331.0,VE_ROTA_VE_CORREDOR_00,478.66,4.65,A1_L0
intenso,1,PREEMPCAO_COMPENSADA,332.0,VE_ROTA_VE_CORREDOR_00,484.24,6.38,A1_L0
intenso,1,PREEMPCAO_COMPENSADA,333.0,VE_ROTA_VE_CORREDOR_00,491.64,8.27,:CRUZ_01_11
intenso,1,PREEMPCAO_COMPENSADA,334.0,VE_ROTA_VE_CORREDOR_00,501.03,10.25,:CRUZ_01_11
intenso,1,PREEMPCAO_COMPENSADA,335.0,VE_ROTA_VE_CORREDOR_00,512.42,12.30,A1_L1
intenso,1,PREEMPCAO_COMPENSADA,336.0,VE_ROTA_VE_CORREDOR_00,525.78,14.28,A1_L1
intenso,1,PREEMPCAO_COMPENSADA,337.0,VE_ROTA_VE_CORREDOR_00,540.82,15.33,A1_L1
intenso,1,PREEMPCAO_COMPENSADA,338.0,VE_ROTA_VE_CORREDOR_00,556.37,15.66,A1_L1
intenso,1,PREEMPCAO_COMPENSADA,339.0,VE_ROTA_VE_CORREDOR_00,572.12,15.84,A1_L1
intenso,1,PREEMPCAO_COMPENSADA,340.0,VE_ROTA_VE_CORREDOR_00,588.03,15.93,A1_L1
intenso,1,PREEMPCAO_COMPENSADA,341.0,VE_ROTA_VE_CORREDOR_00,604.07,16.14,A1_L1
intenso,1,PREEMPCAO_COMPENSADA,342.0,VE_ROTA_VE_CORREDOR_00,620.19,16.17,A1_L1
intenso,1,PREEMPCAO_COMPENSADA,343.0,VE_ROTA_VE_CORREDOR_00,636.40,16.22,A1_L1
intenso,1,PREEMPCAO_COMPENSADA,344.0,VE_ROTA_VE_CORREDOR_00,653.92,18.84,A1_L1
intenso,1,PREEMPCAO_COMPENSADA,345.0,VE_ROTA_VE_CORREDOR_00,674.33,21.33,A1_L1
intenso,1,PREEMPCAO_COMPENSADA,346.0,VE_ROTA_VE_CORREDOR_00,695.19,20.51,A1_L1
intenso,1,PREEMPCAO_COMPENSADA,347.0,VE_ROTA_VE_CORREDOR_00,715.29,19.83,A1_L1
intenso,1,PREEMPCAO_COMPENSADA,348.0,VE_ROTA_VE_CORREDOR_00,734.74,19.24,A1_L1
intenso,1,PREEMPCAO_COMPENSADA,349.0,VE_ROTA_VE_CORREDOR_00,753.65,18.70,A1_L1
intenso,1,PREEMPCAO_COMPENSADA,350.0,VE_ROTA_VE_CORREDOR_00,772.13,18.30,A1_L1
intenso,1,PREEMPCAO_COMPENSADA,351.0,VE_ROTA_VE_CORREDOR_00,790.24,18.01,A1_L1
intenso,1,PREEMPCAO_COMPENSADA,352.0,VE_ROTA_VE_CORREDOR_00,808.07,17.73,A1_L1
intenso,1,PREEMPCAO_COMPENSADA,353.0,VE_ROTA_VE_CORREDOR_00,825.65,17.50,A1_L1
intenso,1,PREEMPCAO_COMPENSADA,354.0,VE_ROTA_VE_CORREDOR_00,843.04,17.32,A1_L1
intenso,1,PREEMPCAO_COMPENSADA,355.0,VE_ROTA_VE_CORREDOR_00,859.80,16.01,A1_L1
intenso,1,PREEMPCAO_COMPENSADA,356.0,VE_ROTA_VE_CORREDOR_00,874.86,14.40,A1_L1
intenso,1,PREEMPCAO_COMPENSADA,357.0,VE_ROTA_VE_CORREDOR_00,888.50,13.07,A1_L1
intenso,1,PREEMPCAO_COMPENSADA,358.0,VE_ROTA_VE_CORREDOR_00,901.05,12.14,A1_L1
intenso,1,PREEMPCAO_COMPENSADA,359.0,VE_ROTA_VE_CORREDOR_00,912.78,11.48,A1_L1
intenso,1,PREEMPCAO_COMPENSADA,360.0,VE_ROTA_VE_CORREDOR_00,923.96,10.99,A1_L1
intenso,1,PREEMPCAO_COMPENSADA,361.0,VE_ROTA_VE_CORREDOR_00,934.82,10.71,A1_L1
intenso,1,PREEMPCAO_COMPENSADA,362.0,VE_ROTA_VE_CORREDOR_00,945.53,10.65,A1_L1
intenso,1,PREEMPCAO_COMPENSADA,363.0,VE_ROTA_VE_CORREDOR_00,956.25,10.72,A1_L1
intenso,1,PREEMPCAO_COMPENSADA,364.0,VE_ROTA_VE_CORREDOR_00,967.05,10.88,A1_L1
intenso,1,PREEMPCAO_COMPENSADA,365.0,VE_ROTA_VE_CORREDOR_00,978.00,11.07,A1_L1
intenso,1,PREEMPCAO_COMPENSADA,366.0,VE_ROTA_VE_CORREDOR_00,989.15,11.25,:CRUZ_02_11
intenso,1,PREEMPCAO_COMPENSADA,367.0,VE_ROTA_VE_CORREDOR_00,1000.54,11.53,:CRUZ_02_11
intenso,1,PREEMPCAO_COMPENSADA,368.0,VE_ROTA_VE_CORREDOR_00,1012.15,11.74,A1_L2
intenso,1,PREEMPCAO_COMPENSADA,369.0,VE_ROTA_VE_CORREDOR_00,1023.96,11.92,A1_L2
intenso,1,PREEMPCAO_COMPENSADA,370.0,VE_ROTA_VE_CORREDOR_00,1036.04,12.23,A1_L2
intenso,1,PREEMPCAO_COMPENSADA,371.0,VE_ROTA_VE_CORREDOR_00,1048.34,12.44,A1_L2
intenso,1,PREEMPCAO_COMPENSADA,372.0,VE_ROTA_VE_CORREDOR_00,1060.84,12.61,A1_L2
intenso,1,PREEMPCAO_COMPENSADA,373.0,VE_ROTA_VE_CORREDOR_00,1073.51,12.79,A1_L2
intenso,1,PREEMPCAO_COMPENSADA,374.0,VE_ROTA_VE_CORREDOR_00,1086.37,12.91,A1_L2
intenso,1,PREEMPCAO_COMPENSADA,375.0,VE_ROTA_VE_CORREDOR_00,1099.37,13.06,A1_L2
intenso,1,PREEMPCAO_COMPENSADA,376.0,VE_ROTA_VE_CORREDOR_00,1112.55,13.24,A1_L2
intenso,1,PREEMPCAO_COMPENSADA,377.0,VE_ROTA_VE_CORREDOR_00,1125.85,13.41,A1_L2
intenso,1,PREEMPCAO_COMPENSADA,378.0,VE_ROTA_VE_CORREDOR_00,1139.26,13.47,A1_L2
intenso,1,PREEMPCAO_COMPENSADA,379.0,VE_ROTA_VE_CORREDOR_00,1152.81,13.60,A1_L2
intenso,1,PREEMPCAO_COMPENSADA,380.0,VE_ROTA_VE_CORREDOR_00,1166.43,13.71,A1_L2
intenso,1,PREEMPCAO_COMPENSADA,381.0,VE_ROTA_VE_CORREDOR_00,1180.13,13.72,A1_L2
intenso,1,PREEMPCAO_COMPENSADA,382.0,VE_ROTA_VE_CORREDOR_00,1193.90,13.75,A1_L2
intenso,1,PREEMPCAO_COMPENSADA,383.0,VE_ROTA_VE_CORREDOR_00,1207.65,13.76,A1_L2
intenso,1,PREEMPCAO_COMPENSADA,384.0,VE_ROTA_VE_CORREDOR_00,1221.26,13.57,A1_L2
intenso,1,PREEMPCAO_COMPENSADA,385.0,VE_ROTA_VE_CORREDOR_00,1234.72,13.35,A1_L2
intenso,1,PREEMPCAO_COMPENSADA,386.0,VE_ROTA_VE_CORREDOR_00,1247.94,13.03,A1_L2
intenso,1,PREEMPCAO_COMPENSADA,387.0,VE_ROTA_VE_CORREDOR_00,1260.88,12.85,A1_L2
intenso,1,PREEMPCAO_COMPENSADA,388.0,VE_ROTA_VE_CORREDOR_00,1273.51,12.49,A1_L2
intenso,1,PREEMPCAO_COMPENSADA,389.0,VE_ROTA_VE_CORREDOR_00,1285.76,12.08,A1_L2
intenso,1,PREEMPCAO_COMPENSADA,390.0,VE_ROTA_VE_CORREDOR_00,1297.57,11.60,A1_L2
intenso,1,PREEMPCAO_COMPENSADA,391.0,VE_ROTA_VE_CORREDOR_00,1308.98,11.21,A1_L2
intenso,1,PREEMPCAO_COMPENSADA,392.0,VE_ROTA_VE_CORREDOR_00,1319.85,10.70,A1_L2
intenso,1,PREEMPCAO_COMPENSADA,393.0,VE_ROTA_VE_CORREDOR_00,1330.22,10.15,A1_L2
intenso,1,PREEMPCAO_COMPENSADA,394.0,VE_ROTA_VE_CORREDOR_00,1340.02,9.56,A1_L2
intenso,1,PREEMPCAO_COMPENSADA,395.0,VE_ROTA_VE_CORREDOR_00,1349.25,8.96,A1_L2
intenso,1,PREEMPCAO_COMPENSADA,396.0,VE_ROTA_VE_CORREDOR_00,1357.86,8.31,A1_L2
intenso,1,PREEMPCAO_COMPENSADA,397.0,VE_ROTA_VE_CORREDOR_00,1365.84,7.72,A1_L2
intenso,1,PREEMPCAO_COMPENSADA,398.0,VE_ROTA_VE_CORREDOR_00,1373.19,7.08,A1_L2
intenso,1,PREEMPCAO_COMPENSADA,399.0,VE_ROTA_VE_CORREDOR_00,1379.87,6.37,A1_L2
intenso,1,PREEMPCAO_COMPENSADA,400.0,VE_ROTA_VE_CORREDOR_00,1385.90,5.73,A1_L2
intenso,1,PREEMPCAO_COMPENSADA,401.0,VE_ROTA_VE_CORREDOR_00,1391.27,5.11,A1_L2
intenso,1,PREEMPCAO_COMPENSADA,402.0,VE_ROTA_VE_CORREDOR_00,1395.98,4.43,A1_L2
intenso,1,PREEMPCAO_COMPENSADA,403.0,VE_ROTA_VE_CORREDOR_00,1400.08,3.82,A1_L2
intenso,1,PREEMPCAO_COMPENSADA,404.0,VE_ROTA_VE_CORREDOR_00,1403.61,3.29,A1_L2
intenso,1,PREEMPCAO_COMPENSADA,405.0,VE_ROTA_VE_CORREDOR_00,1406.68,2.90,A1_L2
intenso,1,PREEMPCAO_COMPENSADA,406.0,VE_ROTA_VE_CORREDOR_00,1409.43,2.67,A1_L2
intenso,1,PREEMPCAO_COMPENSADA,407.0,VE_ROTA_VE_CORREDOR_00,1412.15,2.80,A1_L2
intenso,1,PREEMPCAO_COMPENSADA,408.0,VE_ROTA_VE_CORREDOR_00,1415.19,3.28,A1_L2
intenso,1,PREEMPCAO_COMPENSADA,409.0,VE_ROTA_VE_CORREDOR_00,1418.79,3.90,A1_L2
intenso,1,PREEMPCAO_COMPENSADA,410.0,VE_ROTA_VE_CORREDOR_00,1423.12,4.64,A1_L2
intenso,1,PREEMPCAO_COMPENSADA,411.0,VE_ROTA_VE_CORREDOR_00,1428.28,5.47,A1_L2
intenso,1,PREEMPCAO_COMPENSADA,412.0,VE_ROTA_VE_CORREDOR_00,1434.27,6.35,A1_L2
intenso,1,PREEMPCAO_COMPENSADA,413.0,VE_ROTA_VE_CORREDOR_00,1441.05,7.14,A1_L2
intenso,1,PREEMPCAO_COMPENSADA,414.0,VE_ROTA_VE_CORREDOR_00,1448.57,7.85,A1_L2
intenso,1,PREEMPCAO_COMPENSADA,415.0,VE_ROTA_VE_CORREDOR_00,1456.77,8.45,A1_L2
intenso,1,PREEMPCAO_COMPENSADA,416.0,VE_ROTA_VE_CORREDOR_00,1465.59,9.11,A1_L2
intenso,1,PREEMPCAO_COMPENSADA,417.0,VE_ROTA_VE_CORREDOR_00,1475.00,9.61,A1_L2
intenso,1,PREEMPCAO_COMPENSADA,418.0,VE_ROTA_VE_CORREDOR_00,1484.94,10.15,A1_L2
intenso,1,PREEMPCAO_COMPENSADA,419.0,VE_ROTA_VE_CORREDOR_00,1495.32,10.55,:CRUZ_03_11
intenso,1,PREEMPCAO_COMPENSADA,420.0,VE_ROTA_VE_CORREDOR_00,1506.13,10.95,A1_L3
intenso,1,PREEMPCAO_COMPENSADA,421.0,VE_ROTA_VE_CORREDOR_00,1517.33,11.39,A1_L3
intenso,1,PREEMPCAO_COMPENSADA,422.0,VE_ROTA_VE_CORREDOR_00,1528.89,11.67,A1_L3
intenso,1,PREEMPCAO_COMPENSADA,423.0,VE_ROTA_VE_CORREDOR_00,1540.72,12.08,A1_L3
intenso,1,PREEMPCAO_COMPENSADA,424.0,VE_ROTA_VE_CORREDOR_00,1552.82,12.19,A1_L3
intenso,1,PREEMPCAO_COMPENSADA,425.0,VE_ROTA_VE_CORREDOR_00,1565.21,12.47,A1_L3
intenso,1,PREEMPCAO_COMPENSADA,426.0,VE_ROTA_VE_CORREDOR_00,1577.82,12.67,A1_L3
intenso,1,PREEMPCAO_COMPENSADA,427.0,VE_ROTA_VE_CORREDOR_00,1590.56,12.79,A1_L3
intenso,1,PREEMPCAO_COMPENSADA,428.0,VE_ROTA_VE_CORREDOR_00,1603.36,12.84,A1_L3
intenso,1,PREEMPCAO_COMPENSADA,429.0,VE_ROTA_VE_CORREDOR_00,1616.16,12.82,A1_L3
intenso,1,PREEMPCAO_COMPENSADA,430.0,VE_ROTA_VE_CORREDOR_00,1628.90,12.68,A1_L3
intenso,1,PREEMPCAO_COMPENSADA,431.0,VE_ROTA_VE_CORREDOR_00,1641.51,12.54,A1_L3
intenso,1,PREEMPCAO_COMPENSADA,432.0,VE_ROTA_VE_CORREDOR_00,1653.91,12.31,A1_L3
intenso,1,PREEMPCAO_COMPENSADA,433.0,VE_ROTA_VE_CORREDOR_00,1666.12,12.07,A1_L3
intenso,1,PREEMPCAO_COMPENSADA,434.0,VE_ROTA_VE_CORREDOR_00,1678.05,11.79,A1_L3
intenso,1,PREEMPCAO_COMPENSADA,435.0,VE_ROTA_VE_CORREDOR_00,1689.65,11.44,A1_L3
intenso,1,PREEMPCAO_COMPENSADA,436.0,VE_ROTA_VE_CORREDOR_00,1700.88,11.10,A1_L3
intenso,1,PREEMPCAO_COMPENSADA,437.0,VE_ROTA_VE_CORREDOR_00,1711.72,10.65,A1_L3
intenso,1,PREEMPCAO_COMPENSADA,438.0,VE_ROTA_VE_CORREDOR_00,1722.11,10.20,A1_L3
intenso,1,PREEMPCAO_COMPENSADA,439.0,VE_ROTA_VE_CORREDOR_00,1732.09,9.76,A1_L3
intenso,1,PREEMPCAO_COMPENSADA,440.0,VE_ROTA_VE_CORREDOR_00,1741.56,9.21,A1_L3
intenso,1,PREEMPCAO_COMPENSADA,441.0,VE_ROTA_VE_CORREDOR_00,1750.53,8.75,A1_L3
intenso,1,PREEMPCAO_COMPENSADA,442.0,VE_ROTA_VE_CORREDOR_00,1759.01,8.24,A1_L3
intenso,1,PREEMPCAO_COMPENSADA,443.0,VE_ROTA_VE_CORREDOR_00,1766.98,7.81,A1_L3
intenso,1,PREEMPCAO_COMPENSADA,444.0,VE_ROTA_VE_CORREDOR_00,1774.50,7.32,A1_L3
intenso,1,PREEMPCAO_COMPENSADA,445.0,VE_ROTA_VE_CORREDOR_00,1781.57,6.87,A1_L3
intenso,1,PREEMPCAO_COMPENSADA,446.0,VE_ROTA_VE_CORREDOR_00,1788.27,6.50,A1_L3
intenso,1,PREEMPCAO_COMPENSADA,447.0,VE_ROTA_VE_CORREDOR_00,1794.66,6.31,A1_L3
intenso,1,PREEMPCAO_COMPENSADA,448.0,VE_ROTA_VE_CORREDOR_00,1800.79,6.05,A1_L3
intenso,1,PREEMPCAO_COMPENSADA,449.0,VE_ROTA_VE_CORREDOR_00,1806.77,5.95,A1_L3
intenso,1,PREEMPCAO_COMPENSADA,450.0,VE_ROTA_VE_CORREDOR_00,1812.68,5.88,A1_L3
intenso,1,PREEMPCAO_COMPENSADA,451.0,VE_ROTA_VE_CORREDOR_00,1818.60,5.96,A1_L3
intenso,1,PREEMPCAO_COMPENSADA,452.0,VE_ROTA_VE_CORREDOR_00,1824.64,6.09,A1_L3
intenso,1,PREEMPCAO_COMPENSADA,453.0,VE_ROTA_VE_CORREDOR_00,1830.81,6.17,A1_L3
intenso,1,PREEMPCAO_COMPENSADA,454.0,VE_ROTA_VE_CORREDOR_00,1837.09,6.28,A1_L3
intenso,1,PREEMPCAO_COMPENSADA,455.0,VE_ROTA_VE_CORREDOR_00,1843.43,6.34,A1_L3
intenso,1,PREEMPCAO_COMPENSADA,456.0,VE_ROTA_VE_CORREDOR_00,1849.82,6.39,A1_L3
intenso,1,PREEMPCAO_COMPENSADA,457.0,VE_ROTA_VE_CORREDOR_00,1856.16,6.35,A1_L3
intenso,1,PREEMPCAO_COMPENSADA,458.0,VE_ROTA_VE_CORREDOR_00,1862.44,6.27,A1_L3
intenso,1,PREEMPCAO_COMPENSADA,459.0,VE_ROTA_VE_CORREDOR_00,1868.59,6.10,A1_L3
intenso,1,PREEMPCAO_COMPENSADA,460.0,VE_ROTA_VE_CORREDOR_00,1874.53,5.86,A1_L3
intenso,1,PREEMPCAO_COMPENSADA,461.0,VE_ROTA_VE_CORREDOR_00,1880.25,5.59,A1_L3
intenso,1,PREEMPCAO_COMPENSADA,462.0,VE_ROTA_VE_CORREDOR_00,1885.67,5.28,A1_L3
intenso,1,PREEMPCAO_COMPENSADA,463.0,VE_ROTA_VE_CORREDOR_00,1890.78,4.94,A1_L3
intenso,1,PREEMPCAO_COMPENSADA,464.0,VE_ROTA_VE_CORREDOR_00,1895.51,4.58,A1_L3
intenso,1,PREEMPCAO_COMPENSADA,465.0,VE_ROTA_VE_CORREDOR_00,1899.86,4.17,A1_L3
intenso,1,PREEMPCAO_COMPENSADA,466.0,VE_ROTA_VE_CORREDOR_00,1903.79,3.72,A1_L3
intenso,1,PREEMPCAO_COMPENSADA,467.0,VE_ROTA_VE_CORREDOR_00,1907.30,3.29,A1_L3
intenso,1,PREEMPCAO_COMPENSADA,468.0,VE_ROTA_VE_CORREDOR_00,1910.39,2.91,A1_L3
intenso,1,PREEMPCAO_COMPENSADA,469.0,VE_ROTA_VE_CORREDOR_00,1913.06,2.48,A1_L3
intenso,1,PREEMPCAO_COMPENSADA,470.0,VE_ROTA_VE_CORREDOR_00,1915.30,2.07,A1_L3
intenso,1,PREEMPCAO_COMPENSADA,471.0,VE_ROTA_VE_CORREDOR_00,1917.17,1.70,A1_L3
intenso,1,PREEMPCAO_COMPENSADA,472.0,VE_ROTA_VE_CORREDOR_00,1918.70,1.38,A1_L3
intenso,1,PREEMPCAO_COMPENSADA,473.0,VE_ROTA_VE_CORREDOR_00,1919.93,1.12,A1_L3
intenso,1,PREEMPCAO_COMPENSADA,474.0,VE_ROTA_VE_CORREDOR_00,1920.96,1.00,A1_L3
intenso,1,PREEMPCAO_COMPENSADA,475.0,VE_ROTA_VE_CORREDOR_00,1922.00,1.13,A1_L3
intenso,1,PREEMPCAO_COMPENSADA,476.0,VE_ROTA_VE_CORREDOR_00,1923.35,1.62,A1_L3
intenso,1,PREEMPCAO_COMPENSADA,477.0,VE_ROTA_VE_CORREDOR_00,1925.35,2.37,A1_L3
intenso,1,PREEMPCAO_COMPENSADA,478.0,VE_ROTA_VE_CORREDOR_00,1928.22,3.29,A1_L3
intenso,1,PREEMPCAO_COMPENSADA,479.0,VE_ROTA_VE_CORREDOR_00,1932.10,4.28,A1_L3
intenso,1,PREEMPCAO_COMPENSADA,480.0,VE_ROTA_VE_CORREDOR_00,1936.95,5.26,A1_L3
intenso,1,PREEMPCAO_COMPENSADA,481.0,VE_ROTA_VE_CORREDOR_00,1942.75,6.15,A1_L3
intenso,1,PREEMPCAO_COMPENSADA,482.0,VE_ROTA_VE_CORREDOR_00,1949.39,7.03,A1_L3
intenso,1,PREEMPCAO_COMPENSADA,483.0,VE_ROTA_VE_CORREDOR_00,1956.84,7.73,A1_L3
intenso,1,PREEMPCAO_COMPENSADA,484.0,VE_ROTA_VE_CORREDOR_00,1965.04,8.45,A1_L3
intenso,1,PREEMPCAO_COMPENSADA,485.0,VE_ROTA_VE_CORREDOR_00,1973.86,9.09,A1_L3
intenso,1,PREEMPCAO_COMPENSADA,486.0,VE_ROTA_VE_CORREDOR_00,1983.34,9.93,A1_L3
intenso,1,PREEMPCAO_COMPENSADA,487.0,VE_ROTA_VE_CORREDOR_00,1992.27,8.46,:CRUZ_04_10
intenso,1,PREEMPCAO_COMPENSADA,488.0,VE_ROTA_VE_CORREDOR_00,2001.14,9.85,T4_S1
intenso,1,PREEMPCAO_COMPENSADA,489.0,VE_ROTA_VE_CORREDOR_00,2012.55,12.67,T4_S1
intenso,1,PREEMPCAO_COMPENSADA,490.0,VE_ROTA_VE_CORREDOR_00,2026.52,14.44,T4_S1
intenso,1,PREEMPCAO_COMPENSADA,491.0,VE_ROTA_VE_CORREDOR_00,2040.95,14.42,T4_S1
intenso,1,PREEMPCAO_COMPENSADA,492.0,VE_ROTA_VE_CORREDOR_00,2055.38,14.42,T4_S1
intenso,1,PREEMPCAO_COMPENSADA,493.0,VE_ROTA_VE_CORREDOR_00,2069.81,14.42,T4_S1
intenso,1,PREEMPCAO_COMPENSADA,494.0,VE_ROTA_VE_CORREDOR_00,2084.23,14.43,T4_S1
intenso,1,PREEMPCAO_COMPENSADA,495.0,VE_ROTA_VE_CORREDOR_00,2098.66,14.43,T4_S1
intenso,1,PREEMPCAO_COMPENSADA,496.0,VE_ROTA_VE_CORREDOR_00,2113.08,14.42,T4_S1
intenso,1,PREEMPCAO_COMPENSADA,497.0,VE_ROTA_VE_CORREDOR_00,2127.51,14.44,T4_S1
intenso,1,PREEMPCAO_COMPENSADA,498.0,VE_ROTA_VE_CORREDOR_00,2141.94,14.41,T4_S1
intenso,1,PREEMPCAO_COMPENSADA,499.0,VE_ROTA_VE_CORREDOR_00,2156.37,14.44,T4_S1
intenso,1,PREEMPCAO_COMPENSADA,500.0,VE_ROTA_VE_CORREDOR_00,2170.79,14.43,T4_S1
intenso,1,PREEMPCAO_COMPENSADA,501.0,VE_ROTA_VE_CORREDOR_00,2185.22,14.43,T4_S1
intenso,1,PREEMPCAO_COMPENSADA,502.0,VE_ROTA_VE_CORREDOR_00,2199.65,14.43,T4_S1
intenso,1,PREEMPCAO_COMPENSADA,503.0,VE_ROTA_VE_CORREDOR_00,2214.08,14.44,T4_S1
intenso,1,PREEMPCAO_COMPENSADA,504.0,VE_ROTA_VE_CORREDOR_00,2228.51,14.43,T4_S1
intenso,1,PREEMPCAO_COMPENSADA,505.0,VE_ROTA_VE_CORREDOR_00,2242.93,14.42,T4_S1
intenso,1,PREEMPCAO_COMPENSADA,506.0,VE_ROTA_VE_CORREDOR_00,2257.35,14.42,T4_S1
intenso,1,PREEMPCAO_COMPENSADA,507.0,VE_ROTA_VE_CORREDOR_00,2271.78,14.43,T4_S1
intenso,1,PREEMPCAO_COMPENSADA,508.0,VE_ROTA_VE_CORREDOR_00,2286.20,14.43,T4_S1
intenso,1,PREEMPCAO_COMPENSADA,509.0,VE_ROTA_VE_CORREDOR_00,2300.63,14.43,T4_S1
intenso,1,PREEMPCAO_COMPENSADA,510.0,VE_ROTA_VE_CORREDOR_00,2315.06,14.44,T4_S1
intenso,1,PREEMPCAO_COMPENSADA,511.0,VE_ROTA_VE_CORREDOR_00,2329.49,14.43,T4_S1
intenso,1,PREEMPCAO_COMPENSADA,512.0,VE_ROTA_VE_CORREDOR_00,2343.91,14.43,T4_S1
intenso,1,PREEMPCAO_COMPENSADA,513.0,VE_ROTA_VE_CORREDOR_00,2358.34,14.43,T4_S1
intenso,1,PREEMPCAO_COMPENSADA,514.0,VE_ROTA_VE_CORREDOR_00,2372.77,14.43,T4_S1
intenso,1,PREEMPCAO_COMPENSADA,515.0,VE_ROTA_VE_CORREDOR_00,2387.20,14.44,T4_S1
intenso,1,PREEMPCAO_COMPENSADA,516.0,VE_ROTA_VE_CORREDOR_00,2401.63,14.42,T4_S1
intenso,1,PREEMPCAO_COMPENSADA,517.0,VE_ROTA_VE_CORREDOR_00,2416.05,14.42,T4_S1
intenso,1,PREEMPCAO_COMPENSADA,518.0,VE_ROTA_VE_CORREDOR_00,2430.48,14.43,T4_S1
intenso,1,PREEMPCAO_COMPENSADA,519.0,VE_ROTA_VE_CORREDOR_00,2444.91,14.42,T4_S1
intenso,1,PREEMPCAO_COMPENSADA,520.0,VE_ROTA_VE_CORREDOR_00,2459.34,14.43,T4_S1
intenso,1,PREEMPCAO_COMPENSADA,521.0,VE_ROTA_VE_CORREDOR_00,2471.99,10.46,T4_S1
intenso,1,PREEMPCAO_COMPENSADA,522.0,VE_ROTA_VE_CORREDOR_00,2480.75,8.46,:CRUZ_08_0
intenso,1,PREEMPCAO_COMPENSADA,523.0,VE_ROTA_VE_CORREDOR_00,2489.61,9.84,A2_O3
intenso,1,PREEMPCAO_COMPENSADA,524.0,VE_ROTA_VE_CORREDOR_00,2501.02,12.71,A2_O3
intenso,1,PREEMPCAO_COMPENSADA,525.0,VE_ROTA_VE_CORREDOR_00,2515.30,15.59,A2_O3
intenso,1,PREEMPCAO_COMPENSADA,526.0,VE_ROTA_VE_CORREDOR_00,2532.46,18.43,A2_O3
intenso,1,PREEMPCAO_COMPENSADA,527.0,VE_ROTA_VE_CORREDOR_00,2552.47,21.32,A2_O3
intenso,1,PREEMPCAO_COMPENSADA,528.0,VE_ROTA_VE_CORREDOR_00,2574.12,21.65,A2_O3
intenso,1,PREEMPCAO_COMPENSADA,529.0,VE_ROTA_VE_CORREDOR_00,2595.78,21.64,A2_O3
intenso,1,PREEMPCAO_COMPENSADA,530.0,VE_ROTA_VE_CORREDOR_00,2617.43,21.66,A2_O3
intenso,1,PREEMPCAO_COMPENSADA,531.0,VE_ROTA_VE_CORREDOR_00,2639.09,21.65,A2_O3
intenso,1,PREEMPCAO_COMPENSADA,532.0,VE_ROTA_VE_CORREDOR_00,2660.74,21.65,A2_O3
intenso,1,PREEMPCAO_COMPENSADA,533.0,VE_ROTA_VE_CORREDOR_00,2682.39,21.66,A2_O3
intenso,1,PREEMPCAO_COMPENSADA,534.0,VE_ROTA_VE_CORREDOR_00,2704.05,21.65,A2_O3
intenso,1,PREEMPCAO_COMPENSADA,535.0,VE_ROTA_VE_CORREDOR_00,2725.71,21.67,A2_O3
intenso,1,PREEMPCAO_COMPENSADA,536.0,VE_ROTA_VE_CORREDOR_00,2747.36,21.65,A2_O3
intenso,1,PREEMPCAO_COMPENSADA,537.0,VE_ROTA_VE_CORREDOR_00,2769.02,21.65,A2_O3
intenso,1,PREEMPCAO_COMPENSADA,538.0,VE_ROTA_VE_CORREDOR_00,2790.57,21.05,A2_O3
intenso,1,PREEMPCAO_COMPENSADA,539.0,VE_ROTA_VE_CORREDOR_00,2810.19,18.51,A2_O3
intenso,1,PREEMPCAO_COMPENSADA,540.0,VE_ROTA_VE_CORREDOR_00,2828.10,18.67,A2_O3
intenso,1,PREEMPCAO_COMPENSADA,541.0,VE_ROTA_VE_CORREDOR_00,2846.48,17.20,A2_O3
intenso,1,PREEMPCAO_COMPENSADA,542.0,VE_ROTA_VE_CORREDOR_00,2862.15,14.41,A2_O3
intenso,1,PREEMPCAO_COMPENSADA,543.0,VE_ROTA_VE_CORREDOR_00,2875.14,11.84,A2_O3
intenso,1,PREEMPCAO_COMPENSADA,544.0,VE_ROTA_VE_CORREDOR_00,2885.71,9.56,A2_O3
intenso,1,PREEMPCAO_COMPENSADA,545.0,VE_ROTA_VE_CORREDOR_00,2894.24,7.78,A2_O3
intenso,1,PREEMPCAO_COMPENSADA,546.0,VE_ROTA_VE_CORREDOR_00,2901.28,6.56,A2_O3
intenso,1,PREEMPCAO_COMPENSADA,547.0,VE_ROTA_VE_CORREDOR_00,2907.55,6.19,A2_O3
intenso,1,PREEMPCAO_COMPENSADA,548.0,VE_ROTA_VE_CORREDOR_00,2913.82,6.42,A2_O3
intenso,1,PREEMPCAO_COMPENSADA,549.0,VE_ROTA_VE_CORREDOR_00,2920.51,6.97,A2_O3
intenso,1,PREEMPCAO_COMPENSADA,550.0,VE_ROTA_VE_CORREDOR_00,2927.88,7.70,A2_O3
intenso,1,PREEMPCAO_COMPENSADA,551.0,VE_ROTA_VE_CORREDOR_00,2935.99,8.44,A2_O3
intenso,1,PREEMPCAO_COMPENSADA,552.0,VE_ROTA_VE_CORREDOR_00,2944.86,9.20,A2_O3
intenso,1,PREEMPCAO_COMPENSADA,553.0,VE_ROTA_VE_CORREDOR_00,2954.47,9.91,A2_O3
intenso,1,PREEMPCAO_COMPENSADA,554.0,VE_ROTA_VE_CORREDOR_00,2964.76,10.61,A2_O3
intenso,1,PREEMPCAO_COMPENSADA,555.0,VE_ROTA_VE_CORREDOR_00,2975.67,11.17,:CRUZ_07_4
intenso,1,PREEMPCAO_COMPENSADA,556.0,VE_ROTA_VE_CORREDOR_00,2987.10,11.68,A2_O2
intenso,1,PREEMPCAO_COMPENSADA,557.0,VE_ROTA_VE_CORREDOR_00,2999.05,12.12,A2_O2
intenso,1,PREEMPCAO_COMPENSADA,558.0,VE_ROTA_VE_CORREDOR_00,3011.43,12.61,A2_O2
intenso,1,PREEMPCAO_COMPENSADA,559.0,VE_ROTA_VE_CORREDOR_00,3024.19,12.90,A2_O2
intenso,1,PREEMPCAO_COMPENSADA,560.0,VE_ROTA_VE_CORREDOR_00,3037.30,13.22,A2_O2
intenso,1,PREEMPCAO_COMPENSADA,561.0,VE_ROTA_VE_CORREDOR_00,3050.69,13.57,A2_O2
intenso,1,PREEMPCAO_COMPENSADA,562.0,VE_ROTA_VE_CORREDOR_00,3064.39,13.82,A2_O2
intenso,1,PREEMPCAO_COMPENSADA,563.0,VE_ROTA_VE_CORREDOR_00,3078.26,14.03,A2_O2
intenso,1,PREEMPCAO_COMPENSADA,564.0,VE_ROTA_VE_CORREDOR_00,3092.36,14.19,A2_O2
intenso,1,PREEMPCAO_COMPENSADA,565.0,VE_ROTA_VE_CORREDOR_00,3106.65,14.34,A2_O2
intenso,1,PREEMPCAO_COMPENSADA,566.0,VE_ROTA_VE_CORREDOR_00,3121.10,14.52,A2_O2
intenso,1,PREEMPCAO_COMPENSADA,567.0,VE_ROTA_VE_CORREDOR_00,3135.69,14.70,A2_O2
intenso,1,PREEMPCAO_COMPENSADA,568.0,VE_ROTA_VE_CORREDOR_00,3150.41,14.87,A2_O2
intenso,1,PREEMPCAO_COMPENSADA,569.0,VE_ROTA_VE_CORREDOR_00,3165.19,14.84,A2_O2
intenso,1,PREEMPCAO_COMPENSADA,570.0,VE_ROTA_VE_CORREDOR_00,3179.91,14.58,A2_O2
intenso,1,PREEMPCAO_COMPENSADA,571.0,VE_ROTA_VE_CORREDOR_00,3194.29,14.27,A2_O2
intenso,1,PREEMPCAO_COMPENSADA,572.0,VE_ROTA_VE_CORREDOR_00,3208.34,13.85,A2_O2
intenso,1,PREEMPCAO_COMPENSADA,573.0,VE_ROTA_VE_CORREDOR_00,3222.01,13.47,A2_O2
intenso,1,PREEMPCAO_COMPENSADA,574.0,VE_ROTA_VE_CORREDOR_00,3235.24,13.08,A2_O2
intenso,1,PREEMPCAO_COMPENSADA,575.0,VE_ROTA_VE_CORREDOR_00,3247.99,12.52,A2_O2
intenso,1,PREEMPCAO_COMPENSADA,576.0,VE_ROTA_VE_CORREDOR_00,3260.28,12.08,A2_O2
intenso,1,PREEMPCAO_COMPENSADA,577.0,VE_ROTA_VE_CORREDOR_00,3272.10,11.60,A2_O2
intenso,1,PREEMPCAO_COMPENSADA,578.0,VE_ROTA_VE_CORREDOR_00,3283.46,11.13,A2_O2
intenso,1,PREEMPCAO_COMPENSADA,579.0,VE_ROTA_VE_CORREDOR_00,3294.40,10.78,A2_O2
intenso,1,PREEMPCAO_COMPENSADA,580.0,VE_ROTA_VE_CORREDOR_00,3304.98,10.40,A2_O2
intenso,1,PREEMPCAO_COMPENSADA,581.0,VE_ROTA_VE_CORREDOR_00,3315.23,10.14,A2_O2
intenso,1,PREEMPCAO_COMPENSADA,582.0,VE_ROTA_VE_CORREDOR_00,3325.25,9.96,A2_O2
intenso,1,PREEMPCAO_COMPENSADA,583.0,VE_ROTA_VE_CORREDOR_00,3335.07,9.69,A2_O2
intenso,1,PREEMPCAO_COMPENSADA,584.0,VE_ROTA_VE_CORREDOR_00,3344.76,9.68,A2_O2
intenso,1,PREEMPCAO_COMPENSADA,585.0,VE_ROTA_VE_CORREDOR_00,3354.40,9.63,A2_O2
intenso,1,PREEMPCAO_COMPENSADA,586.0,VE_ROTA_VE_CORREDOR_00,3364.05,9.64,A2_O2
intenso,1,PREEMPCAO_COMPENSADA,587.0,VE_ROTA_VE_CORREDOR_00,3373.76,9.73,A2_O2
intenso,1,PREEMPCAO_COMPENSADA,588.0,VE_ROTA_VE_CORREDOR_00,3383.57,9.84,A2_O2
intenso,1,PREEMPCAO_COMPENSADA,589.0,VE_ROTA_VE_CORREDOR_00,3393.52,10.03,A2_O2
intenso,1,PREEMPCAO_COMPENSADA,590.0,VE_ROTA_VE_CORREDOR_00,3403.67,10.26,A2_O2
intenso,1,PREEMPCAO_COMPENSADA,591.0,VE_ROTA_VE_CORREDOR_00,3414.00,10.43,A2_O2
intenso,1,PREEMPCAO_COMPENSADA,592.0,VE_ROTA_VE_CORREDOR_00,3424.55,10.71,A2_O2
intenso,1,PREEMPCAO_COMPENSADA,593.0,VE_ROTA_VE_CORREDOR_00,3435.31,10.88,A2_O2
intenso,1,PREEMPCAO_COMPENSADA,594.0,VE_ROTA_VE_CORREDOR_00,3446.31,11.07,A2_O2
intenso,1,PREEMPCAO_COMPENSADA,595.0,VE_ROTA_VE_CORREDOR_00,3457.53,11.32,A2_O2
intenso,1,PREEMPCAO_COMPENSADA,596.0,VE_ROTA_VE_CORREDOR_00,3468.97,11.49,A2_O2
intenso,1,PREEMPCAO_COMPENSADA,597.0,VE_ROTA_VE_CORREDOR_00,3480.63,11.74,:CRUZ_06_4
intenso,1,PREEMPCAO_COMPENSADA,598.0,VE_ROTA_VE_CORREDOR_00,3492.48,11.88,A2_O1
intenso,1,PREEMPCAO_COMPENSADA,599.0,VE_ROTA_VE_CORREDOR_00,3504.53,12.19,A2_O1
intenso,1,PREEMPCAO_COMPENSADA,600.0,VE_ROTA_VE_CORREDOR_00,3516.76,12.26,A2_O1
intenso,1,PREEMPCAO_COMPENSADA,601.0,VE_ROTA_VE_CORREDOR_00,3529.14,12.43,A2_O1
intenso,1,PREEMPCAO_COMPENSADA,602.0,VE_ROTA_VE_CORREDOR_00,3541.65,12.55,A2_O1
intenso,1,PREEMPCAO_COMPENSADA,603.0,VE_ROTA_VE_CORREDOR_00,3554.27,12.63,A2_O1
intenso,1,PREEMPCAO_COMPENSADA,604.0,VE_ROTA_VE_CORREDOR_00,3566.95,12.70,A2_O1
intenso,1,PREEMPCAO_COMPENSADA,605.0,VE_ROTA_VE_CORREDOR_00,3579.66,12.74,A2_O1
intenso,1,PREEMPCAO_COMPENSADA,606.0,VE_ROTA_VE_CORREDOR_00,3592.37,12.63,A2_O1
intenso,1,PREEMPCAO_COMPENSADA,607.0,VE_ROTA_VE_CORREDOR_00,3605.03,12.58,A2_O1
intenso,1,PREEMPCAO_COMPENSADA,608.0,VE_ROTA_VE_CORREDOR_00,3617.64,12.55,A2_O1
intenso,1,PREEMPCAO_COMPENSADA,609.0,VE_ROTA_VE_CORREDOR_00,3630.14,12.44,A2_O1
intenso,1,PREEMPCAO_COMPENSADA,610.0,VE_ROTA_VE_CORREDOR_00,3642.50,12.27,A2_O1
intenso,1,PREEMPCAO_COMPENSADA,611.0,VE_ROTA_VE_CORREDOR_00,3654.72,12.15,A2_O1
intenso,1,PREEMPCAO_COMPENSADA,612.0,VE_ROTA_VE_CORREDOR_00,3666.74,11.93,A2_O1
intenso,1,PREEMPCAO_COMPENSADA,613.0,VE_ROTA_VE_CORREDOR_00,3678.54,11.69,A2_O1
intenso,1,PREEMPCAO_COMPENSADA,614.0,VE_ROTA_VE_CORREDOR_00,3690.11,11.44,A2_O1
intenso,1,PREEMPCAO_COMPENSADA,615.0,VE_ROTA_VE_CORREDOR_00,3701.39,11.16,A2_O1
intenso,1,PREEMPCAO_COMPENSADA,616.0,VE_ROTA_VE_CORREDOR_00,3712.38,10.86,A2_O1
intenso,1,PREEMPCAO_COMPENSADA,617.0,VE_ROTA_VE_CORREDOR_00,3723.02,10.52,A2_O1
intenso,1,PREEMPCAO_COMPENSADA,618.0,VE_ROTA_VE_CORREDOR_00,3733.32,10.18,A2_O1
intenso,1,PREEMPCAO_COMPENSADA,619.0,VE_ROTA_VE_CORREDOR_00,3743.24,9.75,A2_O1
intenso,1,PREEMPCAO_COMPENSADA,620.0,VE_ROTA_VE_CORREDOR_00,3752.78,9.39,A2_O1
intenso,1,PREEMPCAO_COMPENSADA,621.0,VE_ROTA_VE_CORREDOR_00,3761.90,8.96,A2_O1
intenso,1,PREEMPCAO_COMPENSADA,622.0,VE_ROTA_VE_CORREDOR_00,3770.59,8.53,A2_O1
intenso,1,PREEMPCAO_COMPENSADA,623.0,VE_ROTA_VE_CORREDOR_00,3778.83,8.05,A2_O1
intenso,1,PREEMPCAO_COMPENSADA,624.0,VE_ROTA_VE_CORREDOR_00,3786.61,7.58,A2_O1
intenso,1,PREEMPCAO_COMPENSADA,625.0,VE_ROTA_VE_CORREDOR_00,3793.91,7.11,A2_O1
intenso,1,PREEMPCAO_COMPENSADA,626.0,VE_ROTA_VE_CORREDOR_00,3800.72,6.60,A2_O1
intenso,1,PREEMPCAO_COMPENSADA,627.0,VE_ROTA_VE_CORREDOR_00,3807.04,6.08,A2_O1
intenso,1,PREEMPCAO_COMPENSADA,628.0,VE_ROTA_VE_CORREDOR_00,3812.85,5.61,A2_O1
intenso,1,PREEMPCAO_COMPENSADA,629.0,VE_ROTA_VE_CORREDOR_00,3818.17,5.09,A2_O1
intenso,1,PREEMPCAO_COMPENSADA,630.0,VE_ROTA_VE_CORREDOR_00,3822.98,4.60,A2_O1
intenso,1,PREEMPCAO_COMPENSADA,631.0,VE_ROTA_VE_CORREDOR_00,3827.29,4.11,A2_O1
intenso,1,PREEMPCAO_COMPENSADA,632.0,VE_ROTA_VE_CORREDOR_00,3831.12,3.60,A2_O1
intenso,1,PREEMPCAO_COMPENSADA,633.0,VE_ROTA_VE_CORREDOR_00,3834.51,3.17,A2_O1
intenso,1,PREEMPCAO_COMPENSADA,634.0,VE_ROTA_VE_CORREDOR_00,3837.46,2.76,A2_O1
intenso,1,PREEMPCAO_COMPENSADA,635.0,VE_ROTA_VE_CORREDOR_00,3840.06,2.47,A2_O1
intenso,1,PREEMPCAO_COMPENSADA,636.0,VE_ROTA_VE_CORREDOR_00,3842.36,2.19,A2_O1
intenso,1,PREEMPCAO_COMPENSADA,637.0,VE_ROTA_VE_CORREDOR_00,3844.48,2.07,A2_O1
intenso,1,PREEMPCAO_COMPENSADA,638.0,VE_ROTA_VE_CORREDOR_00,3846.55,2.08,A2_O1
intenso,1,PREEMPCAO_COMPENSADA,639.0,VE_ROTA_VE_CORREDOR_00,3848.74,2.32,A2_O1
intenso,1,PREEMPCAO_COMPENSADA,640.0,VE_ROTA_VE_CORREDOR_00,3851.22,2.63,A2_O1
intenso,1,PREEMPCAO_COMPENSADA,641.0,VE_ROTA_VE_CORREDOR_00,3854.16,3.17,A2_O1
intenso,1,PREEMPCAO_COMPENSADA,642.0,VE_ROTA_VE_CORREDOR_00,3857.63,3.70,A2_O1
intenso,1,PREEMPCAO_COMPENSADA,643.0,VE_ROTA_VE_CORREDOR_00,3861.68,4.33,A2_O1
intenso,1,PREEMPCAO_COMPENSADA,644.0,VE_ROTA_VE_CORREDOR_00,3866.36,4.99,A2_O1
intenso,1,PREEMPCAO_COMPENSADA,645.0,VE_ROTA_VE_CORREDOR_00,3871.65,5.53,A2_O1
intenso,1,PREEMPCAO_COMPENSADA,646.0,VE_ROTA_VE_CORREDOR_00,3877.57,6.21,A2_O1
intenso,1,PREEMPCAO_COMPENSADA,647.0,VE_ROTA_VE_CORREDOR_00,3884.10,6.78,A2_O1
intenso,1,PREEMPCAO_COMPENSADA,648.0,VE_ROTA_VE_CORREDOR_00,3891.20,7.31,A2_O1
intenso,1,PREEMPCAO_COMPENSADA,649.0,VE_ROTA_VE_CORREDOR_00,3898.84,7.90,A2_O1
intenso,1,PREEMPCAO_COMPENSADA,650.0,VE_ROTA_VE_CORREDOR_00,3906.99,8.36,A2_O1
intenso,1,PREEMPCAO_COMPENSADA,651.0,VE_ROTA_VE_CORREDOR_00,3915.65,8.91,A2_O1
intenso,1,PREEMPCAO_COMPENSADA,652.0,VE_ROTA_VE_CORREDOR_00,3924.72,9.27,A2_O1
intenso,1,PREEMPCAO_COMPENSADA,653.0,VE_ROTA_VE_CORREDOR_00,3934.24,9.69,A2_O1
intenso,1,PREEMPCAO_COMPENSADA,654.0,VE_ROTA_VE_CORREDOR_00,3944.16,10.03,A2_O1
intenso,1,PREEMPCAO_COMPENSADA,655.0,VE_ROTA_VE_CORREDOR_00,3954.46,10.45,A2_O1
intenso,1,PREEMPCAO_COMPENSADA,656.0,VE_ROTA_VE_CORREDOR_00,3965.09,10.76,A2_O1
intenso,1,PREEMPCAO_COMPENSADA,657.0,VE_ROTA_VE_CORREDOR_00,3976.06,11.12,:CRUZ_05_4
intenso,1,PREEMPCAO_COMPENSADA,658.0,VE_ROTA_VE_CORREDOR_00,3987.33,11.39,A2_O0
intenso,1,PREEMPCAO_COMPENSADA,659.0,VE_ROTA_VE_CORREDOR_00,3998.88,11.67,A2_O0
intenso,1,PREEMPCAO_COMPENSADA,660.0,VE_ROTA_VE_CORREDOR_00,4010.70,11.87,A2_O0
intenso,1,PREEMPCAO_COMPENSADA,661.0,VE_ROTA_VE_CORREDOR_00,4022.74,12.13,A2_O0
intenso,1,PREEMPCAO_COMPENSADA,662.0,VE_ROTA_VE_CORREDOR_00,4034.99,12.32,A2_O0
intenso,1,PREEMPCAO_COMPENSADA,663.0,VE_ROTA_VE_CORREDOR_00,4047.42,12.50,A2_O0
intenso,1,PREEMPCAO_COMPENSADA,664.0,VE_ROTA_VE_CORREDOR_00,4060.00,12.62,A2_O0
intenso,1,PREEMPCAO_COMPENSADA,665.0,VE_ROTA_VE_CORREDOR_00,4072.75,12.79,A2_O0
intenso,1,PREEMPCAO_COMPENSADA,666.0,VE_ROTA_VE_CORREDOR_00,4085.63,12.90,A2_O0
intenso,1,PREEMPCAO_COMPENSADA,667.0,VE_ROTA_VE_CORREDOR_00,4098.67,13.05,A2_O0
intenso,1,PREEMPCAO_COMPENSADA,668.0,VE_ROTA_VE_CORREDOR_00,4111.79,13.11,A2_O0
intenso,1,PREEMPCAO_COMPENSADA,669.0,VE_ROTA_VE_CORREDOR_00,4124.99,13.19,A2_O0
intenso,1,PREEMPCAO_COMPENSADA,670.0,VE_ROTA_VE_CORREDOR_00,4138.33,13.33,A2_O0
intenso,1,PREEMPCAO_COMPENSADA,671.0,VE_ROTA_VE_CORREDOR_00,4151.76,13.46,A2_O0
intenso,1,PREEMPCAO_COMPENSADA,672.0,VE_ROTA_VE_CORREDOR_00,4165.24,13.53,A2_O0
intenso,1,PREEMPCAO_COMPENSADA,673.0,VE_ROTA_VE_CORREDOR_00,4178.78,13.54,A2_O0
intenso,1,PREEMPCAO_COMPENSADA,674.0,VE_ROTA_VE_CORREDOR_00,4192.39,13.61,A2_O0
intenso,1,PREEMPCAO_COMPENSADA,675.0,VE_ROTA_VE_CORREDOR_00,4206.03,13.72,A2_O0
intenso,1,PREEMPCAO_COMPENSADA,676.0,VE_ROTA_VE_CORREDOR_00,4219.72,13.72,A2_O0
intenso,1,PREEMPCAO_COMPENSADA,677.0,VE_ROTA_VE_CORREDOR_00,4233.46,13.79,A2_O0
intenso,1,PREEMPCAO_COMPENSADA,678.0,VE_ROTA_VE_CORREDOR_00,4247.20,13.75,A2_O0
intenso,1,PREEMPCAO_COMPENSADA,679.0,VE_ROTA_VE_CORREDOR_00,4261.00,13.81,A2_O0
intenso,1,PREEMPCAO_COMPENSADA,680.0,VE_ROTA_VE_CORREDOR_00,4274.95,14.05,A2_O0
intenso,1,PREEMPCAO_COMPENSADA,681.0,VE_ROTA_VE_CORREDOR_00,4289.12,14.26,A2_O0
intenso,1,PREEMPCAO_COMPENSADA,682.0,VE_ROTA_VE_CORREDOR_00,4303.38,14.30,A2_O0
intenso,1,PREEMPCAO_COMPENSADA,683.0,VE_ROTA_VE_CORREDOR_00,4317.80,14.63,A2_O0
intenso,1,PREEMPCAO_COMPENSADA,684.0,VE_ROTA_VE_CORREDOR_00,4332.60,14.87,A2_O0
intenso,1,PREEMPCAO_COMPENSADA,685.0,VE_ROTA_VE_CORREDOR_00,4347.49,14.92,A2_O0
intenso,1,PREEMPCAO_COMPENSADA,686.0,VE_ROTA_VE_CORREDOR_00,4362.51,15.07,A2_O0
intenso,1,PREEMPCAO_COMPENSADA,687.0,VE_ROTA_VE_CORREDOR_00,4377.58,15.09,A2_O0
intenso,1,PREEMPCAO_COMPENSADA,688.0,VE_ROTA_VE_CORREDOR_00,4392.69,15.16,A2_O0
intenso,1,PREEMPCAO_COMPENSADA,689.0,VE_ROTA_VE_CORREDOR_00,4407.87,15.18,A2_O0
intenso,1,PREEMPCAO_COMPENSADA,690.0,VE_ROTA_VE_CORREDOR_00,4423.07,15.23,A2_O0
intenso,1,PREEMPCAO_COMPENSADA,691.0,VE_ROTA_VE_CORREDOR_00,4438.79,15.98,A2_O0
intenso,1,PREEMPCAO_COMPENSADA,692.0,VE_ROTA_VE_CORREDOR_00,4454.75,15.94,A2_O0
intenso,1,PREEMPCAO_COMPENSADA,693.0,VE_ROTA_VE_CORREDOR_00,4472.26,18.78,A2_O0
intenso,1,PREEMPCAO_COMPENSADA,901.0,VE_ROTA_VE_CORREDOR_01,19.49,21.66,A1_L0
intenso,1,PREEMPCAO_COMPENSADA,902.0,VE_ROTA_VE_CORREDOR_01,41.15,21.66,A1_L0
intenso,1,PREEMPCAO_COMPENSADA,903.0,VE_ROTA_VE_CORREDOR_01,62.81,21.67,A1_L0
intenso,1,PREEMPCAO_COMPENSADA,904.0,VE_ROTA_VE_CORREDOR_01,84.46,21.64,A1_L0
intenso,1,PREEMPCAO_COMPENSADA,905.0,VE_ROTA_VE_CORREDOR_01,106.12,21.64,A1_L0
intenso,1,PREEMPCAO_COMPENSADA,906.0,VE_ROTA_VE_CORREDOR_01,127.77,21.64,A1_L0
intenso,1,PREEMPCAO_COMPENSADA,907.0,VE_ROTA_VE_CORREDOR_01,149.43,21.66,A1_L0
intenso,1,PREEMPCAO_COMPENSADA,908.0,VE_ROTA_VE_CORREDOR_01,171.09,21.66,A1_L0
intenso,1,PREEMPCAO_COMPENSADA,909.0,VE_ROTA_VE_CORREDOR_01,192.74,21.66,A1_L0
intenso,1,PREEMPCAO_COMPENSADA,910.0,VE_ROTA_VE_CORREDOR_01,214.39,21.64,A1_L0
intenso,1,PREEMPCAO_COMPENSADA,911.0,VE_ROTA_VE_CORREDOR_01,236.04,21.64,A1_L0
intenso,1,PREEMPCAO_COMPENSADA,912.0,VE_ROTA_VE_CORREDOR_01,257.69,21.65,A1_L0
intenso,1,PREEMPCAO_COMPENSADA,913.0,VE_ROTA_VE_CORREDOR_01,279.16,21.08,A1_L0
intenso,1,PREEMPCAO_COMPENSADA,914.0,VE_ROTA_VE_CORREDOR_01,299.73,20.14,A1_L0
intenso,1,PREEMPCAO_COMPENSADA,915.0,VE_ROTA_VE_CORREDOR_01,319.44,19.37,A1_L0
intenso,1,PREEMPCAO_COMPENSADA,916.0,VE_ROTA_VE_CORREDOR_01,339.09,20.71,A1_L0
intenso,1,PREEMPCAO_COMPENSADA,917.0,VE_ROTA_VE_CORREDOR_01,360.64,21.67,A1_L0
intenso,1,PREEMPCAO_COMPENSADA,918.0,VE_ROTA_VE_CORREDOR_01,382.30,21.64,A1_L0
intenso,1,PREEMPCAO_COMPENSADA,919.0,VE_ROTA_VE_CORREDOR_01,403.06,19.88,A1_L0
intenso,1,PREEMPCAO_COMPENSADA,920.0,VE_ROTA_VE_CORREDOR_01,421.91,18.10,A1_L0
intenso,1,PREEMPCAO_COMPENSADA,921.0,VE_ROTA_VE_CORREDOR_01,439.24,16.69,A1_L0
intenso,1,PREEMPCAO_COMPENSADA,922.0,VE_ROTA_VE_CORREDOR_01,455.42,15.80,A1_L0
intenso,1,PREEMPCAO_COMPENSADA,923.0,VE_ROTA_VE_CORREDOR_01,470.81,15.13,A1_L0
intenso,1,PREEMPCAO_COMPENSADA,924.0,VE_ROTA_VE_CORREDOR_01,485.65,14.67,:CRUZ_01_11
intenso,1,PREEMPCAO_COMPENSADA,925.0,VE_ROTA_VE_CORREDOR_01,500.16,14.42,A1_L1
intenso,1,PREEMPCAO_COMPENSADA,926.0,VE_ROTA_VE_CORREDOR_01,514.53,14.35,A1_L1
intenso,1,PREEMPCAO_COMPENSADA,927.0,VE_ROTA_VE_CORREDOR_01,528.86,14.36,A1_L1
intenso,1,PREEMPCAO_COMPENSADA,928.0,VE_ROTA_VE_CORREDOR_01,543.27,14.43,A1_L1
intenso,1,PREEMPCAO_COMPENSADA,929.0,VE_ROTA_VE_CORREDOR_01,557.75,14.54,A1_L1
intenso,1,PREEMPCAO_COMPENSADA,930.0,VE_ROTA_VE_CORREDOR_01,572.32,14.55,A1_L1
intenso,1,PREEMPCAO_COMPENSADA,931.0,VE_ROTA_VE_CORREDOR_01,586.87,14.52,A1_L1
intenso,1,PREEMPCAO_COMPENSADA,932.0,VE_ROTA_VE_CORREDOR_01,601.39,14.51,A1_L1
intenso,1,PREEMPCAO_COMPENSADA,933.0,VE_ROTA_VE_CORREDOR_01,615.86,14.49,A1_L1
intenso,1,PREEMPCAO_COMPENSADA,934.0,VE_ROTA_VE_CORREDOR_01,630.29,14.42,A1_L1
intenso,1,PREEMPCAO_COMPENSADA,935.0,VE_ROTA_VE_CORREDOR_01,644.72,14.39,A1_L1
intenso,1,PREEMPCAO_COMPENSADA,936.0,VE_ROTA_VE_CORREDOR_01,659.14,14.46,A1_L1
intenso,1,PREEMPCAO_COMPENSADA,937.0,VE_ROTA_VE_CORREDOR_01,673.52,14.36,A1_L1
intenso,1,PREEMPCAO_COMPENSADA,938.0,VE_ROTA_VE_CORREDOR_01,687.89,14.36,A1_L1
intenso,1,PREEMPCAO_COMPENSADA,939.0,VE_ROTA_VE_CORREDOR_01,702.26,14.33,A1_L1
intenso,1,PREEMPCAO_COMPENSADA,940.0,VE_ROTA_VE_CORREDOR_01,716.64,14.41,A1_L1
intenso,1,PREEMPCAO_COMPENSADA,941.0,VE_ROTA_VE_CORREDOR_01,731.01,14.33,A1_L1
intenso,1,PREEMPCAO_COMPENSADA,942.0,VE_ROTA_VE_CORREDOR_01,745.35,14.39,A1_L1
intenso,1,PREEMPCAO_COMPENSADA,943.0,VE_ROTA_VE_CORREDOR_01,759.72,14.32,A1_L1
intenso,1,PREEMPCAO_COMPENSADA,944.0,VE_ROTA_VE_CORREDOR_01,774.07,14.33,A1_L1
intenso,1,PREEMPCAO_COMPENSADA,945.0,VE_ROTA_VE_CORREDOR_01,788.43,14.36,A1_L1
intenso,1,PREEMPCAO_COMPENSADA,946.0,VE_ROTA_VE_CORREDOR_01,802.76,14.39,A1_L1
intenso,1,PREEMPCAO_COMPENSADA,947.0,VE_ROTA_VE_CORREDOR_01,817.13,14.35,A1_L1
intenso,1,PREEMPCAO_COMPENSADA,948.0,VE_ROTA_VE_CORREDOR_01,831.37,14.05,A1_L1
intenso,1,PREEMPCAO_COMPENSADA,949.0,VE_ROTA_VE_CORREDOR_01,845.06,13.49,A1_L1
intenso,1,PREEMPCAO_COMPENSADA,950.0,VE_ROTA_VE_CORREDOR_01,858.26,13.01,A1_L1
intenso,1,PREEMPCAO_COMPENSADA,951.0,VE_ROTA_VE_CORREDOR_01,871.09,12.71,A1_L1
intenso,1,PREEMPCAO_COMPENSADA,952.0,VE_ROTA_VE_CORREDOR_01,883.69,12.51,A1_L1
intenso,1,PREEMPCAO_COMPENSADA,953.0,VE_ROTA_VE_CORREDOR_01,896.16,12.47,A1_L1
intenso,1,PREEMPCAO_COMPENSADA,954.0,VE_ROTA_VE_CORREDOR_01,908.72,12.64,A1_L1
intenso,1,PREEMPCAO_COMPENSADA,955.0,VE_ROTA_VE_CORREDOR_01,921.41,12.71,A1_L1
intenso,1,PREEMPCAO_COMPENSADA,956.0,VE_ROTA_VE_CORREDOR_01,934.28,12.94,A1_L1
intenso,1,PREEMPCAO_COMPENSADA,957.0,VE_ROTA_VE_CORREDOR_01,947.36,13.11,A1_L1
intenso,1,PREEMPCAO_COMPENSADA,958.0,VE_ROTA_VE_CORREDOR_01,960.62,13.35,A1_L1
intenso,1,PREEMPCAO_COMPENSADA,959.0,VE_ROTA_VE_CORREDOR_01,974.15,13.58,A1_L1
intenso,1,PREEMPCAO_COMPENSADA,960.0,VE_ROTA_VE_CORREDOR_01,987.91,13.81,:CRUZ_02_11
intenso,1,PREEMPCAO_COMPENSADA,961.0,VE_ROTA_VE_CORREDOR_01,1001.89,14.09,A1_L2
intenso,1,PREEMPCAO_COMPENSADA,962.0,VE_ROTA_VE_CORREDOR_01,1016.05,14.22,A1_L2
intenso,1,PREEMPCAO_COMPENSADA,963.0,VE_ROTA_VE_CORREDOR_01,1030.28,14.24,A1_L2
intenso,1,PREEMPCAO_COMPENSADA,964.0,VE_ROTA_VE_CORREDOR_01,1044.54,14.27,A1_L2
intenso,1,PREEMPCAO_COMPENSADA,965.0,VE_ROTA_VE_CORREDOR_01,1058.84,14.24,A1_L2
intenso,1,PREEMPCAO_COMPENSADA,966.0,VE_ROTA_VE_CORREDOR_01,1073.13,14.27,A1_L2
intenso,1,PREEMPCAO_COMPENSADA,967.0,VE_ROTA_VE_CORREDOR_01,1087.44,14.32,A1_L2
intenso,1,PREEMPCAO_COMPENSADA,968.0,VE_ROTA_VE_CORREDOR_01,1101.75,14.37,A1_L2
intenso,1,PREEMPCAO_COMPENSADA,969.0,VE_ROTA_VE_CORREDOR_01,1116.07,14.36,A1_L2
intenso,1,PREEMPCAO_COMPENSADA,970.0,VE_ROTA_VE_CORREDOR_01,1130.39,14.36,A1_L2
intenso,1,PREEMPCAO_COMPENSADA,971.0,VE_ROTA_VE_CORREDOR_01,1144.73,14.36,A1_L2
intenso,1,PREEMPCAO_COMPENSADA,972.0,VE_ROTA_VE_CORREDOR_01,1159.10,14.36,A1_L2
intenso,1,PREEMPCAO_COMPENSADA,973.0,VE_ROTA_VE_CORREDOR_01,1173.43,14.32,A1_L2
intenso,1,PREEMPCAO_COMPENSADA,974.0,VE_ROTA_VE_CORREDOR_01,1187.76,14.34,A1_L2
intenso,1,PREEMPCAO_COMPENSADA,975.0,VE_ROTA_VE_CORREDOR_01,1202.09,14.34,A1_L2
intenso,1,PREEMPCAO_COMPENSADA,976.0,VE_ROTA_VE_CORREDOR_01,1216.45,14.40,A1_L2
intenso,1,PREEMPCAO_COMPENSADA,977.0,VE_ROTA_VE_CORREDOR_01,1230.80,14.38,A1_L2
intenso,1,PREEMPCAO_COMPENSADA,978.0,VE_ROTA_VE_CORREDOR_01,1245.16,14.39,A1_L2
intenso,1,PREEMPCAO_COMPENSADA,979.0,VE_ROTA_VE_CORREDOR_01,1259.51,14.38,A1_L2
intenso,1,PREEMPCAO_COMPENSADA,980.0,VE_ROTA_VE_CORREDOR_01,1273.85,14.34,A1_L2
intenso,1,PREEMPCAO_COMPENSADA,981.0,VE_ROTA_VE_CORREDOR_01,1288.18,14.30,A1_L2
intenso,1,PREEMPCAO_COMPENSADA,982.0,VE_ROTA_VE_CORREDOR_01,1302.53,14.39,A1_L2
intenso,1,PREEMPCAO_COMPENSADA,983.0,VE_ROTA_VE_CORREDOR_01,1316.87,14.33,A1_L2
intenso,1,PREEMPCAO_COMPENSADA,984.0,VE_ROTA_VE_CORREDOR_01,1331.11,14.02,A1_L2
intenso,1,PREEMPCAO_COMPENSADA,985.0,VE_ROTA_VE_CORREDOR_01,1344.55,13.06,A1_L2
intenso,1,PREEMPCAO_COMPENSADA,986.0,VE_ROTA_VE_CORREDOR_01,1357.04,12.02,A1_L2
intenso,1,PREEMPCAO_COMPENSADA,987.0,VE_ROTA_VE_CORREDOR_01,1368.59,11.12,A1_L2
intenso,1,PREEMPCAO_COMPENSADA,988.0,VE_ROTA_VE_CORREDOR_01,1379.14,10.07,A1_L2
intenso,1,PREEMPCAO_COMPENSADA,989.0,VE_ROTA_VE_CORREDOR_01,1388.55,8.63,A1_L2
intenso,1,PREEMPCAO_COMPENSADA,990.0,VE_ROTA_VE_CORREDOR_01,1396.12,6.69,A1_L2
intenso,1,PREEMPCAO_COMPENSADA,991.0,VE_ROTA_VE_CORREDOR_01,1402.48,6.27,A1_L2
intenso,1,PREEMPCAO_COMPENSADA,992.0,VE_ROTA_VE_CORREDOR_01,1408.66,6.09,A1_L2
intenso,1,PREEMPCAO_COMPENSADA,993.0,VE_ROTA_VE_CORREDOR_01,1414.75,6.05,A1_L2
intenso,1,PREEMPCAO_COMPENSADA,994.0,VE_ROTA_VE_CORREDOR_01,1420.91,6.26,A1_L2
intenso,1,PREEMPCAO_COMPENSADA,995.0,VE_ROTA_VE_CORREDOR_01,1427.45,6.80,A1_L2
intenso,1,PREEMPCAO_COMPENSADA,996.0,VE_ROTA_VE_CORREDOR_01,1434.66,7.45,A1_L2
intenso,1,PREEMPCAO_COMPENSADA,997.0,VE_ROTA_VE_CORREDOR_01,1442.47,8.03,A1_L2
intenso,1,PREEMPCAO_COMPENSADA,998.0,VE_ROTA_VE_CORREDOR_01,1450.78,8.52,A1_L2
intenso,1,PREEMPCAO_COMPENSADA,999.0,VE_ROTA_VE_CORREDOR_01,1459.54,8.99,A1_L2
intenso,1,PREEMPCAO_COMPENSADA,1000.0,VE_ROTA_VE_CORREDOR_01,1468.70,9.34,A1_L2
intenso,1,PREEMPCAO_COMPENSADA,1001.0,VE_ROTA_VE_CORREDOR_01,1478.21,9.69,A1_L2
intenso,1,PREEMPCAO_COMPENSADA,1002.0,VE_ROTA_VE_CORREDOR_01,1488.00,9.86,:CRUZ_03_11
intenso,1,PREEMPCAO_COMPENSADA,1003.0,VE_ROTA_VE_CORREDOR_01,1498.03,10.17,:CRUZ_03_11
intenso,1,PREEMPCAO_COMPENSADA,1004.0,VE_ROTA_VE_CORREDOR_01,1508.27,10.27,A1_L3
intenso,1,PREEMPCAO_COMPENSADA,1005.0,VE_ROTA_VE_CORREDOR_01,1518.70,10.47,A1_L3
intenso,1,PREEMPCAO_COMPENSADA,1006.0,VE_ROTA_VE_CORREDOR_01,1529.25,10.56,A1_L3
intenso,1,PREEMPCAO_COMPENSADA,1007.0,VE_ROTA_VE_CORREDOR_01,1539.94,10.72,A1_L3
intenso,1,PREEMPCAO_COMPENSADA,1008.0,VE_ROTA_VE_CORREDOR_01,1550.74,10.85,A1_L3
intenso,1,PREEMPCAO_COMPENSADA,1009.0,VE_ROTA_VE_CORREDOR_01,1561.62,10.97,A1_L3
intenso,1,PREEMPCAO_COMPENSADA,1010.0,VE_ROTA_VE_CORREDOR_01,1572.58,11.05,A1_L3
intenso,1,PREEMPCAO_COMPENSADA,1011.0,VE_ROTA_VE_CORREDOR_01,1583.59,10.99,A1_L3
intenso,1,PREEMPCAO_COMPENSADA,1012.0,VE_ROTA_VE_CORREDOR_01,1594.67,11.14,A1_L3
intenso,1,PREEMPCAO_COMPENSADA,1013.0,VE_ROTA_VE_CORREDOR_01,1605.80,11.16,A1_L3
intenso,1,PREEMPCAO_COMPENSADA,1014.0,VE_ROTA_VE_CORREDOR_01,1616.97,11.13,A1_L3
intenso,1,PREEMPCAO_COMPENSADA,1015.0,VE_ROTA_VE_CORREDOR_01,1628.13,11.16,A1_L3
intenso,1,PREEMPCAO_COMPENSADA,1016.0,VE_ROTA_VE_CORREDOR_01,1639.35,11.24,A1_L3
intenso,1,PREEMPCAO_COMPENSADA,1017.0,VE_ROTA_VE_CORREDOR_01,1650.57,11.19,A1_L3
intenso,1,PREEMPCAO_COMPENSADA,1018.0,VE_ROTA_VE_CORREDOR_01,1661.83,11.26,A1_L3
intenso,1,PREEMPCAO_COMPENSADA,1019.0,VE_ROTA_VE_CORREDOR_01,1673.09,11.30,A1_L3
intenso,1,PREEMPCAO_COMPENSADA,1020.0,VE_ROTA_VE_CORREDOR_01,1684.37,11.28,A1_L3
intenso,1,PREEMPCAO_COMPENSADA,1021.0,VE_ROTA_VE_CORREDOR_01,1695.67,11.33,A1_L3
intenso,1,PREEMPCAO_COMPENSADA,1022.0,VE_ROTA_VE_CORREDOR_01,1706.97,11.30,A1_L3
intenso,1,PREEMPCAO_COMPENSADA,1023.0,VE_ROTA_VE_CORREDOR_01,1718.25,11.27,A1_L3
intenso,1,PREEMPCAO_COMPENSADA,1024.0,VE_ROTA_VE_CORREDOR_01,1729.54,11.25,A1_L3
intenso,1,PREEMPCAO_COMPENSADA,1025.0,VE_ROTA_VE_CORREDOR_01,1740.86,11.29,A1_L3
intenso,1,PREEMPCAO_COMPENSADA,1026.0,VE_ROTA_VE_CORREDOR_01,1752.20,11.31,A1_L3
intenso,1,PREEMPCAO_COMPENSADA,1027.0,VE_ROTA_VE_CORREDOR_01,1763.49,11.27,A1_L3
intenso,1,PREEMPCAO_COMPENSADA,1028.0,VE_ROTA_VE_CORREDOR_01,1774.81,11.27,A1_L3
intenso,1,PREEMPCAO_COMPENSADA,1029.0,VE_ROTA_VE_CORREDOR_01,1786.14,11.40,A1_L3
intenso,1,PREEMPCAO_COMPENSADA,1030.0,VE_ROTA_VE_CORREDOR_01,1797.45,11.30,A1_L3
intenso,1,PREEMPCAO_COMPENSADA,1031.0,VE_ROTA_VE_CORREDOR_01,1808.79,11.39,A1_L3
intenso,1,PREEMPCAO_COMPENSADA,1032.0,VE_ROTA_VE_CORREDOR_01,1820.12,11.26,A1_L3
intenso,1,PREEMPCAO_COMPENSADA,1033.0,VE_ROTA_VE_CORREDOR_01,1831.43,11.34,A1_L3
intenso,1,PREEMPCAO_COMPENSADA,1034.0,VE_ROTA_VE_CORREDOR_01,1842.75,11.32,A1_L3
intenso,1,PREEMPCAO_COMPENSADA,1035.0,VE_ROTA_VE_CORREDOR_01,1853.95,10.99,A1_L3
intenso,1,PREEMPCAO_COMPENSADA,1036.0,VE_ROTA_VE_CORREDOR_01,1864.69,10.50,A1_L3
intenso,1,PREEMPCAO_COMPENSADA,1037.0,VE_ROTA_VE_CORREDOR_01,1874.84,9.88,A1_L3
intenso,1,PREEMPCAO_COMPENSADA,1038.0,VE_ROTA_VE_CORREDOR_01,1884.36,9.24,A1_L3
intenso,1,PREEMPCAO_COMPENSADA,1039.0,VE_ROTA_VE_CORREDOR_01,1893.19,8.49,A1_L3
intenso,1,PREEMPCAO_COMPENSADA,1040.0,VE_ROTA_VE_CORREDOR_01,1901.28,7.78,A1_L3
intenso,1,PREEMPCAO_COMPENSADA,1041.0,VE_ROTA_VE_CORREDOR_01,1908.60,6.95,A1_L3
intenso,1,PREEMPCAO_COMPENSADA,1042.0,VE_ROTA_VE_CORREDOR_01,1915.11,6.19,A1_L3
intenso,1,PREEMPCAO_COMPENSADA,1043.0,VE_ROTA_VE_CORREDOR_01,1920.80,5.36,A1_L3
intenso,1,PREEMPCAO_COMPENSADA,1044.0,VE_ROTA_VE_CORREDOR_01,1925.68,4.49,A1_L3
intenso,1,PREEMPCAO_COMPENSADA,1045.0,VE_ROTA_VE_CORREDOR_01,1929.78,3.78,A1_L3
intenso,1,PREEMPCAO_COMPENSADA,1046.0,VE_ROTA_VE_CORREDOR_01,1933.23,3.19,A1_L3
intenso,1,PREEMPCAO_COMPENSADA,1047.0,VE_ROTA_VE_CORREDOR_01,1936.25,2.96,A1_L3
intenso,1,PREEMPCAO_COMPENSADA,1048.0,VE_ROTA_VE_CORREDOR_01,1939.29,3.22,A1_L3
intenso,1,PREEMPCAO_COMPENSADA,1049.0,VE_ROTA_VE_CORREDOR_01,1942.90,3.96,A1_L3
intenso,1,PREEMPCAO_COMPENSADA,1050.0,VE_ROTA_VE_CORREDOR_01,1947.53,5.20,A1_L3
intenso,1,PREEMPCAO_COMPENSADA,1051.0,VE_ROTA_VE_CORREDOR_01,1953.32,6.27,A1_L3
intenso,1,PREEMPCAO_COMPENSADA,1052.0,VE_ROTA_VE_CORREDOR_01,1960.03,7.03,A1_L3
intenso,1,PREEMPCAO_COMPENSADA,1053.0,VE_ROTA_VE_CORREDOR_01,1967.52,7.78,A1_L3
intenso,1,PREEMPCAO_COMPENSADA,1054.0,VE_ROTA_VE_CORREDOR_01,1975.65,8.41,A1_L3
intenso,1,PREEMPCAO_COMPENSADA,1055.0,VE_ROTA_VE_CORREDOR_01,1984.46,8.95,A1_L3
intenso,1,PREEMPCAO_COMPENSADA,1056.0,VE_ROTA_VE_CORREDOR_01,1992.91,8.44,:CRUZ_04_10
intenso,1,PREEMPCAO_COMPENSADA,1057.0,VE_ROTA_VE_CORREDOR_01,2002.38,10.71,T4_S1
intenso,1,PREEMPCAO_COMPENSADA,1058.0,VE_ROTA_VE_CORREDOR_01,2014.69,13.60,T4_S1
intenso,1,PREEMPCAO_COMPENSADA,1059.0,VE_ROTA_VE_CORREDOR_01,2029.04,14.44,T4_S1
intenso,1,PREEMPCAO_COMPENSADA,1060.0,VE_ROTA_VE_CORREDOR_01,2043.46,14.44,T4_S1
intenso,1,PREEMPCAO_COMPENSADA,1061.0,VE_ROTA_VE_CORREDOR_01,2057.89,14.42,T4_S1
intenso,1,PREEMPCAO_COMPENSADA,1062.0,VE_ROTA_VE_CORREDOR_01,2072.32,14.43,T4_S1
intenso,1,PREEMPCAO_COMPENSADA,1063.0,VE_ROTA_VE_CORREDOR_01,2086.74,14.41,T4_S1
intenso,1,PREEMPCAO_COMPENSADA,1064.0,VE_ROTA_VE_CORREDOR_01,2101.17,14.43,T4_S1
intenso,1,PREEMPCAO_COMPENSADA,1065.0,VE_ROTA_VE_CORREDOR_01,2115.60,14.42,T4_S1
intenso,1,PREEMPCAO_COMPENSADA,1066.0,VE_ROTA_VE_CORREDOR_01,2130.02,14.43,T4_S1
intenso,1,PREEMPCAO_COMPENSADA,1067.0,VE_ROTA_VE_CORREDOR_01,2144.45,14.44,T4_S1
intenso,1,PREEMPCAO_COMPENSADA,1068.0,VE_ROTA_VE_CORREDOR_01,2158.88,14.44,T4_S1
intenso,1,PREEMPCAO_COMPENSADA,1069.0,VE_ROTA_VE_CORREDOR_01,2173.31,14.43,T4_S1
intenso,1,PREEMPCAO_COMPENSADA,1070.0,VE_ROTA_VE_CORREDOR_01,2187.73,14.43,T4_S1
intenso,1,PREEMPCAO_COMPENSADA,1071.0,VE_ROTA_VE_CORREDOR_01,2202.16,14.42,T4_S1
intenso,1,PREEMPCAO_COMPENSADA,1072.0,VE_ROTA_VE_CORREDOR_01,2216.59,14.43,T4_S1
intenso,1,PREEMPCAO_COMPENSADA,1073.0,VE_ROTA_VE_CORREDOR_01,2231.02,14.42,T4_S1
intenso,1,PREEMPCAO_COMPENSADA,1074.0,VE_ROTA_VE_CORREDOR_01,2245.45,14.44,T4_S1
intenso,1,PREEMPCAO_COMPENSADA,1075.0,VE_ROTA_VE_CORREDOR_01,2259.87,14.42,T4_S1
intenso,1,PREEMPCAO_COMPENSADA,1076.0,VE_ROTA_VE_CORREDOR_01,2274.30,14.43,T4_S1
intenso,1,PREEMPCAO_COMPENSADA,1077.0,VE_ROTA_VE_CORREDOR_01,2288.73,14.41,T4_S1
intenso,1,PREEMPCAO_COMPENSADA,1078.0,VE_ROTA_VE_CORREDOR_01,2303.15,14.43,T4_S1
intenso,1,PREEMPCAO_COMPENSADA,1079.0,VE_ROTA_VE_CORREDOR_01,2317.58,14.43,T4_S1
intenso,1,PREEMPCAO_COMPENSADA,1080.0,VE_ROTA_VE_CORREDOR_01,2332.01,14.43,T4_S1
intenso,1,PREEMPCAO_COMPENSADA,1081.0,VE_ROTA_VE_CORREDOR_01,2346.44,14.42,T4_S1
intenso,1,PREEMPCAO_COMPENSADA,1082.0,VE_ROTA_VE_CORREDOR_01,2360.87,14.43,T4_S1
intenso,1,PREEMPCAO_COMPENSADA,1083.0,VE_ROTA_VE_CORREDOR_01,2375.29,14.43,T4_S1
intenso,1,PREEMPCAO_COMPENSADA,1084.0,VE_ROTA_VE_CORREDOR_01,2389.71,14.42,T4_S1
intenso,1,PREEMPCAO_COMPENSADA,1085.0,VE_ROTA_VE_CORREDOR_01,2404.00,13.67,T4_S1
intenso,1,PREEMPCAO_COMPENSADA,1086.0,VE_ROTA_VE_CORREDOR_01,2416.27,11.21,T4_S1
intenso,1,PREEMPCAO_COMPENSADA,1087.0,VE_ROTA_VE_CORREDOR_01,2426.36,9.31,T4_S1
intenso,1,PREEMPCAO_COMPENSADA,1088.0,VE_ROTA_VE_CORREDOR_01,2434.98,8.23,T4_S1
intenso,1,PREEMPCAO_COMPENSADA,1089.0,VE_ROTA_VE_CORREDOR_01,2443.02,8.03,T4_S1
intenso,1,PREEMPCAO_COMPENSADA,1090.0,VE_ROTA_VE_CORREDOR_01,2451.03,8.09,T4_S1
intenso,1,PREEMPCAO_COMPENSADA,1091.0,VE_ROTA_VE_CORREDOR_01,2459.21,8.33,T4_S1
intenso,1,PREEMPCAO_COMPENSADA,1092.0,VE_ROTA_VE_CORREDOR_01,2467.75,8.51,T4_S1
intenso,1,PREEMPCAO_COMPENSADA,1093.0,VE_ROTA_VE_CORREDOR_01,2476.53,8.45,:CRUZ_08_0
intenso,1,PREEMPCAO_COMPENSADA,1094.0,VE_ROTA_VE_CORREDOR_01,2485.07,9.03,A2_O3
intenso,1,PREEMPCAO_COMPENSADA,1095.0,VE_ROTA_VE_CORREDOR_01,2495.66,11.87,A2_O3
intenso,1,PREEMPCAO_COMPENSADA,1096.0,VE_ROTA_VE_CORREDOR_01,2509.07,14.69,A2_O3
intenso,1,PREEMPCAO_COMPENSADA,1097.0,VE_ROTA_VE_CORREDOR_01,2525.31,17.53,A2_O3
intenso,1,PREEMPCAO_COMPENSADA,1098.0,VE_ROTA_VE_CORREDOR_01,2544.40,20.36,A2_O3
intenso,1,PREEMPCAO_COMPENSADA,1099.0,VE_ROTA_VE_CORREDOR_01,2565.82,21.66,A2_O3
intenso,1,PREEMPCAO_COMPENSADA,1100.0,VE_ROTA_VE_CORREDOR_01,2587.48,21.66,A2_O3
intenso,1,PREEMPCAO_COMPENSADA,1101.0,VE_ROTA_VE_CORREDOR_01,2609.13,21.65,A2_O3
intenso,1,PREEMPCAO_COMPENSADA,1102.0,VE_ROTA_VE_CORREDOR_01,2630.79,21.67,A2_O3
intenso,1,PREEMPCAO_COMPENSADA,1103.0,VE_ROTA_VE_CORREDOR_01,2652.44,21.64,A2_O3
intenso,1,PREEMPCAO_COMPENSADA,1104.0,VE_ROTA_VE_CORREDOR_01,2674.09,21.65,A2_O3
intenso,1,PREEMPCAO_COMPENSADA,1105.0,VE_ROTA_VE_CORREDOR_01,2695.74,21.67,A2_O3
intenso,1,PREEMPCAO_COMPENSADA,1106.0,VE_ROTA_VE_CORREDOR_01,2717.40,21.65,A2_O3
intenso,1,PREEMPCAO_COMPENSADA,1107.0,VE_ROTA_VE_CORREDOR_01,2739.05,21.65,A2_O3
intenso,1,PREEMPCAO_COMPENSADA,1108.0,VE_ROTA_VE_CORREDOR_01,2760.71,21.65,A2_O3
intenso,1,PREEMPCAO_COMPENSADA,1109.0,VE_ROTA_VE_CORREDOR_01,2782.15,20.71,A2_O3
intenso,1,PREEMPCAO_COMPENSADA,1110.0,VE_ROTA_VE_CORREDOR_01,2801.40,18.04,A2_O3
intenso,1,PREEMPCAO_COMPENSADA,1111.0,VE_ROTA_VE_CORREDOR_01,2818.07,15.55,A2_O3
intenso,1,PREEMPCAO_COMPENSADA,1112.0,VE_ROTA_VE_CORREDOR_01,2832.31,13.18,A2_O3
intenso,1,PREEMPCAO_COMPENSADA,1113.0,VE_ROTA_VE_CORREDOR_01,2844.31,11.06,A2_O3
intenso,1,PREEMPCAO_COMPENSADA,1114.0,VE_ROTA_VE_CORREDOR_01,2854.26,9.09,A2_O3
intenso,1,PREEMPCAO_COMPENSADA,1115.0,VE_ROTA_VE_CORREDOR_01,2862.45,7.45,A2_O3
intenso,1,PREEMPCAO_COMPENSADA,1116.0,VE_ROTA_VE_CORREDOR_01,2869.32,6.23,A2_O3
intenso,1,PREEMPCAO_COMPENSADA,1117.0,VE_ROTA_VE_CORREDOR_01,2874.89,5.06,A2_O3
intenso,1,PREEMPCAO_COMPENSADA,1118.0,VE_ROTA_VE_CORREDOR_01,2879.55,4.37,A2_O3
intenso,1,PREEMPCAO_COMPENSADA,1119.0,VE_ROTA_VE_CORREDOR_01,2883.80,4.22,A2_O3
intenso,1,PREEMPCAO_COMPENSADA,1120.0,VE_ROTA_VE_CORREDOR_01,2888.09,4.42,A2_O3
intenso,1,PREEMPCAO_COMPENSADA,1121.0,VE_ROTA_VE_CORREDOR_01,2892.76,4.93,A2_O3
intenso,1,PREEMPCAO_COMPENSADA,1122.0,VE_ROTA_VE_CORREDOR_01,2898.04,5.61,A2_O3
intenso,1,PREEMPCAO_COMPENSADA,1123.0,VE_ROTA_VE_CORREDOR_01,2904.02,6.30,A2_O3
intenso,1,PREEMPCAO_COMPENSADA,1124.0,VE_ROTA_VE_CORREDOR_01,2910.74,7.01,A2_O3
intenso,1,PREEMPCAO_COMPENSADA,1125.0,VE_ROTA_VE_CORREDOR_01,2918.17,7.82,A2_O3
intenso,1,PREEMPCAO_COMPENSADA,1126.0,VE_ROTA_VE_CORREDOR_01,2926.30,8.47,A2_O3
intenso,1,PREEMPCAO_COMPENSADA,1127.0,VE_ROTA_VE_CORREDOR_01,2935.06,9.04,A2_O3
intenso,1,PREEMPCAO_COMPENSADA,1128.0,VE_ROTA_VE_CORREDOR_01,2944.46,9.62,A2_O3
intenso,1,PREEMPCAO_COMPENSADA,1129.0,VE_ROTA_VE_CORREDOR_01,2954.40,10.11,A2_O3
intenso,1,PREEMPCAO_COMPENSADA,1130.0,VE_ROTA_VE_CORREDOR_01,2964.86,10.75,A2_O3
intenso,1,PREEMPCAO_COMPENSADA,1131.0,VE_ROTA_VE_CORREDOR_01,2975.78,11.06,:CRUZ_07_4
intenso,1,PREEMPCAO_COMPENSADA,1132.0,VE_ROTA_VE_CORREDOR_01,2987.14,11.56,A2_O2
intenso,1,PREEMPCAO_COMPENSADA,1133.0,VE_ROTA_VE_CORREDOR_01,2999.43,13.29,A2_O2
intenso,1,PREEMPCAO_COMPENSADA,1134.0,VE_ROTA_VE_CORREDOR_01,3012.65,13.17,A2_O2
intenso,1,PREEMPCAO_COMPENSADA,1135.0,VE_ROTA_VE_CORREDOR_01,3025.75,13.07,A2_O2
intenso,1,PREEMPCAO_COMPENSADA,1136.0,VE_ROTA_VE_CORREDOR_01,3038.83,13.09,A2_O2
intenso,1,PREEMPCAO_COMPENSADA,1137.0,VE_ROTA_VE_CORREDOR_01,3051.93,13.07,A2_O2
intenso,1,PREEMPCAO_COMPENSADA,1138.0,VE_ROTA_VE_CORREDOR_01,3065.05,13.12,A2_O2
intenso,1,PREEMPCAO_COMPENSADA,1139.0,VE_ROTA_VE_CORREDOR_01,3078.20,13.22,A2_O2
intenso,1,PREEMPCAO_COMPENSADA,1140.0,VE_ROTA_VE_CORREDOR_01,3091.39,13.27,A2_O2
intenso,1,PREEMPCAO_COMPENSADA,1141.0,VE_ROTA_VE_CORREDOR_01,3104.64,13.24,A2_O2
intenso,1,PREEMPCAO_COMPENSADA,1142.0,VE_ROTA_VE_CORREDOR_01,3117.82,13.17,A2_O2
intenso,1,PREEMPCAO_COMPENSADA,1143.0,VE_ROTA_VE_CORREDOR_01,3130.88,12.99,A2_O2
intenso,1,PREEMPCAO_COMPENSADA,1144.0,VE_ROTA_VE_CORREDOR_01,3143.81,12.82,A2_O2
intenso,1,PREEMPCAO_COMPENSADA,1145.0,VE_ROTA_VE_CORREDOR_01,3156.57,12.63,A2_O2
intenso,1,PREEMPCAO_COMPENSADA,1146.0,VE_ROTA_VE_CORREDOR_01,3169.05,12.40,A2_O2
intenso,1,PREEMPCAO_COMPENSADA,1147.0,VE_ROTA_VE_CORREDOR_01,3181.24,12.06,A2_O2
intenso,1,PREEMPCAO_COMPENSADA,1148.0,VE_ROTA_VE_CORREDOR_01,3193.08,11.67,A2_O2
intenso,1,PREEMPCAO_COMPENSADA,1149.0,VE_ROTA_VE_CORREDOR_01,3204.52,11.30,A2_O2
intenso,1,PREEMPCAO_COMPENSADA,1150.0,VE_ROTA_VE_CORREDOR_01,3215.55,10.80,A2_O2
intenso,1,PREEMPCAO_COMPENSADA,1151.0,VE_ROTA_VE_CORREDOR_01,3226.12,10.37,A2_O2
intenso,1,PREEMPCAO_COMPENSADA,1152.0,VE_ROTA_VE_CORREDOR_01,3236.17,9.82,A2_O2
intenso,1,PREEMPCAO_COMPENSADA,1153.0,VE_ROTA_VE_CORREDOR_01,3245.70,9.33,A2_O2
intenso,1,PREEMPCAO_COMPENSADA,1154.0,VE_ROTA_VE_CORREDOR_01,3254.65,8.69,A2_O2
intenso,1,PREEMPCAO_COMPENSADA,1155.0,VE_ROTA_VE_CORREDOR_01,3263.04,8.15,A2_O2
intenso,1,PREEMPCAO_COMPENSADA,1156.0,VE_ROTA_VE_CORREDOR_01,3270.82,7.54,A2_O2
intenso,1,PREEMPCAO_COMPENSADA,1157.0,VE_ROTA_VE_CORREDOR_01,3278.01,6.90,A2_O2
intenso,1,PREEMPCAO_COMPENSADA,1158.0,VE_ROTA_VE_CORREDOR_01,3284.62,6.35,A2_O2
intenso,1,PREEMPCAO_COMPENSADA,1159.0,VE_ROTA_VE_CORREDOR_01,3290.64,5.77,A2_O2
intenso,1,PREEMPCAO_COMPENSADA,1160.0,VE_ROTA_VE_CORREDOR_01,3296.12,5.23,A2_O2
intenso,1,PREEMPCAO_COMPENSADA,1161.0,VE_ROTA_VE_CORREDOR_01,3301.13,4.86,A2_O2
intenso,1,PREEMPCAO_COMPENSADA,1162.0,VE_ROTA_VE_CORREDOR_01,3305.79,4.54,A2_O2
intenso,1,PREEMPCAO_COMPENSADA,1163.0,VE_ROTA_VE_CORREDOR_01,3310.19,4.33,A2_O2
intenso,1,PREEMPCAO_COMPENSADA,1164.0,VE_ROTA_VE_CORREDOR_01,3314.50,4.31,A2_O2
intenso,1,PREEMPCAO_COMPENSADA,1165.0,VE_ROTA_VE_CORREDOR_01,3318.87,4.43,A2_O2
intenso,1,PREEMPCAO_COMPENSADA,1166.0,VE_ROTA_VE_CORREDOR_01,3323.43,4.71,A2_O2
intenso,1,PREEMPCAO_COMPENSADA,1167.0,VE_ROTA_VE_CORREDOR_01,3328.28,4.97,A2_O2
intenso,1,PREEMPCAO_COMPENSADA,1168.0,VE_ROTA_VE_CORREDOR_01,3333.49,5.38,A2_O2
intenso,1,PREEMPCAO_COMPENSADA,1169.0,VE_ROTA_VE_CORREDOR_01,3339.13,5.80,A2_O2
intenso,1,PREEMPCAO_COMPENSADA,1170.0,VE_ROTA_VE_CORREDOR_01,3345.22,6.31,A2_O2
intenso,1,PREEMPCAO_COMPENSADA,1171.0,VE_ROTA_VE_CORREDOR_01,3351.77,6.78,A2_O2
intenso,1,PREEMPCAO_COMPENSADA,1172.0,VE_ROTA_VE_CORREDOR_01,3358.79,7.22,A2_O2
intenso,1,PREEMPCAO_COMPENSADA,1173.0,VE_ROTA_VE_CORREDOR_01,3366.29,7.68,A2_O2
intenso,1,PREEMPCAO_COMPENSADA,1174.0,VE_ROTA_VE_CORREDOR_01,3374.25,8.16,A2_O2
intenso,1,PREEMPCAO_COMPENSADA,1175.0,VE_ROTA_VE_CORREDOR_01,3382.65,8.61,A2_O2
intenso,1,PREEMPCAO_COMPENSADA,1176.0,VE_ROTA_VE_CORREDOR_01,3391.45,8.95,A2_O2
intenso,1,PREEMPCAO_COMPENSADA,1177.0,VE_ROTA_VE_CORREDOR_01,3400.66,9.37,A2_O2
intenso,1,PREEMPCAO_COMPENSADA,1178.0,VE_ROTA_VE_CORREDOR_01,3410.24,9.71,A2_O2
intenso,1,PREEMPCAO_COMPENSADA,1179.0,VE_ROTA_VE_CORREDOR_01,3420.18,10.10,A2_O2
intenso,1,PREEMPCAO_COMPENSADA,1180.0,VE_ROTA_VE_CORREDOR_01,3430.45,10.39,A2_O2
intenso,1,PREEMPCAO_COMPENSADA,1181.0,VE_ROTA_VE_CORREDOR_01,3441.02,10.72,A2_O2
intenso,1,PREEMPCAO_COMPENSADA,1182.0,VE_ROTA_VE_CORREDOR_01,3451.87,11.00,A2_O2
intenso,1,PREEMPCAO_COMPENSADA,1183.0,VE_ROTA_VE_CORREDOR_01,3463.01,11.22,A2_O2
intenso,1,PREEMPCAO_COMPENSADA,1184.0,VE_ROTA_VE_CORREDOR_01,3474.37,11.47,:CRUZ_06_4
intenso,1,PREEMPCAO_COMPENSADA,1185.0,VE_ROTA_VE_CORREDOR_01,3485.98,11.66,A2_O1
intenso,1,PREEMPCAO_COMPENSADA,1186.0,VE_ROTA_VE_CORREDOR_01,3497.80,11.89,A2_O1
intenso,1,PREEMPCAO_COMPENSADA,1187.0,VE_ROTA_VE_CORREDOR_01,3509.83,12.10,A2_O1
intenso,1,PREEMPCAO_COMPENSADA,1188.0,VE_ROTA_VE_CORREDOR_01,3522.05,12.31,A2_O1
intenso,1,PREEMPCAO_COMPENSADA,1189.0,VE_ROTA_VE_CORREDOR_01,3534.42,12.40,A2_O1
intenso,1,PREEMPCAO_COMPENSADA,1190.0,VE_ROTA_VE_CORREDOR_01,3546.97,12.67,A2_O1
intenso,1,PREEMPCAO_COMPENSADA,1191.0,VE_ROTA_VE_CORREDOR_01,3559.61,12.68,A2_O1
intenso,1,PREEMPCAO_COMPENSADA,1192.0,VE_ROTA_VE_CORREDOR_01,3572.41,12.85,A2_O1
intenso,1,PREEMPCAO_COMPENSADA,1193.0,VE_ROTA_VE_CORREDOR_01,3585.32,12.98,A2_O1
intenso,1,PREEMPCAO_COMPENSADA,1194.0,VE_ROTA_VE_CORREDOR_01,3598.33,13.02,A2_O1
intenso,1,PREEMPCAO_COMPENSADA,1195.0,VE_ROTA_VE_CORREDOR_01,3611.43,13.12,A2_O1
intenso,1,PREEMPCAO_COMPENSADA,1196.0,VE_ROTA_VE_CORREDOR_01,3624.63,13.26,A2_O1
intenso,1,PREEMPCAO_COMPENSADA,1197.0,VE_ROTA_VE_CORREDOR_01,3637.90,13.29,A2_O1
intenso,1,PREEMPCAO_COMPENSADA,1198.0,VE_ROTA_VE_CORREDOR_01,3651.23,13.35,A2_O1
intenso,1,PREEMPCAO_COMPENSADA,1199.0,VE_ROTA_VE_CORREDOR_01,3664.62,13.38,A2_O1
intenso,1,PREEMPCAO_COMPENSADA,1200.0,VE_ROTA_VE_CORREDOR_01,3678.08,13.54,A2_O1
intenso,1,PREEMPCAO_COMPENSADA,1201.0,VE_ROTA_VE_CORREDOR_01,3691.58,13.50,A2_O1
intenso,1,PREEMPCAO_COMPENSADA,1202.0,VE_ROTA_VE_CORREDOR_01,3705.10,13.55,A2_O1
intenso,1,PREEMPCAO_COMPENSADA,1203.0,VE_ROTA_VE_CORREDOR_01,3718.71,13.59,A2_O1
intenso,1,PREEMPCAO_COMPENSADA,1204.0,VE_ROTA_VE_CORREDOR_01,3732.21,13.44,A2_O1
intenso,1,PREEMPCAO_COMPENSADA,1205.0,VE_ROTA_VE_CORREDOR_01,3745.49,13.19,A2_O1
intenso,1,PREEMPCAO_COMPENSADA,1206.0,VE_ROTA_VE_CORREDOR_01,3758.49,12.81,A2_O1
intenso,1,PREEMPCAO_COMPENSADA,1207.0,VE_ROTA_VE_CORREDOR_01,3771.13,12.48,A2_O1
intenso,1,PREEMPCAO_COMPENSADA,1208.0,VE_ROTA_VE_CORREDOR_01,3783.39,12.11,A2_O1
intenso,1,PREEMPCAO_COMPENSADA,1209.0,VE_ROTA_VE_CORREDOR_01,3795.20,11.60,A2_O1
intenso,1,PREEMPCAO_COMPENSADA,1210.0,VE_ROTA_VE_CORREDOR_01,3806.50,11.06,A2_O1
intenso,1,PREEMPCAO_COMPENSADA,1211.0,VE_ROTA_VE_CORREDOR_01,3817.28,10.44,A2_O1
intenso,1,PREEMPCAO_COMPENSADA,1212.0,VE_ROTA_VE_CORREDOR_01,3827.47,9.92,A2_O1
intenso,1,PREEMPCAO_COMPENSADA,1213.0,VE_ROTA_VE_CORREDOR_01,3837.02,9.21,A2_O1
intenso,1,PREEMPCAO_COMPENSADA,1214.0,VE_ROTA_VE_CORREDOR_01,3845.95,8.57,A2_O1
intenso,1,PREEMPCAO_COMPENSADA,1215.0,VE_ROTA_VE_CORREDOR_01,3854.19,7.93,A2_O1
intenso,1,PREEMPCAO_COMPENSADA,1216.0,VE_ROTA_VE_CORREDOR_01,3861.73,7.19,A2_O1
intenso,1,PREEMPCAO_COMPENSADA,1217.0,VE_ROTA_VE_CORREDOR_01,3868.54,6.50,A2_O1
intenso,1,PREEMPCAO_COMPENSADA,1218.0,VE_ROTA_VE_CORREDOR_01,3874.64,5.79,A2_O1
intenso,1,PREEMPCAO_COMPENSADA,1219.0,VE_ROTA_VE_CORREDOR_01,3880.04,5.09,A2_O1
intenso,1,PREEMPCAO_COMPENSADA,1220.0,VE_ROTA_VE_CORREDOR_01,3884.73,4.40,A2_O1
intenso,1,PREEMPCAO_COMPENSADA,1221.0,VE_ROTA_VE_CORREDOR_01,3888.74,3.67,A2_O1
intenso,1,PREEMPCAO_COMPENSADA,1222.0,VE_ROTA_VE_CORREDOR_01,3892.08,3.05,A2_O1
intenso,1,PREEMPCAO_COMPENSADA,1223.0,VE_ROTA_VE_CORREDOR_01,3894.82,2.50,A2_O1
intenso,1,PREEMPCAO_COMPENSADA,1224.0,VE_ROTA_VE_CORREDOR_01,3897.04,2.00,A2_O1
intenso,1,PREEMPCAO_COMPENSADA,1225.0,VE_ROTA_VE_CORREDOR_01,3898.83,1.66,A2_O1
intenso,1,PREEMPCAO_COMPENSADA,1226.0,VE_ROTA_VE_CORREDOR_01,3900.38,1.51,A2_O1
intenso,1,PREEMPCAO_COMPENSADA,1227.0,VE_ROTA_VE_CORREDOR_01,3901.92,1.62,A2_O1
intenso,1,PREEMPCAO_COMPENSADA,1228.0,VE_ROTA_VE_CORREDOR_01,3903.71,1.96,A2_O1
intenso,1,PREEMPCAO_COMPENSADA,1229.0,VE_ROTA_VE_CORREDOR_01,3905.92,2.43,A2_O1
intenso,1,PREEMPCAO_COMPENSADA,1230.0,VE_ROTA_VE_CORREDOR_01,3908.73,3.13,A2_O1
intenso,1,PREEMPCAO_COMPENSADA,1231.0,VE_ROTA_VE_CORREDOR_01,3912.27,3.92,A2_O1
intenso,1,PREEMPCAO_COMPENSADA,1232.0,VE_ROTA_VE_CORREDOR_01,3917.02,5.93,A2_O1
intenso,1,PREEMPCAO_COMPENSADA,1233.0,VE_ROTA_VE_CORREDOR_01,3924.03,7.47,A2_O1
intenso,1,PREEMPCAO_COMPENSADA,1234.0,VE_ROTA_VE_CORREDOR_01,3931.88,8.21,A2_O1
intenso,1,PREEMPCAO_COMPENSADA,1235.0,VE_ROTA_VE_CORREDOR_01,3940.49,9.00,A2_O1
intenso,1,PREEMPCAO_COMPENSADA,1236.0,VE_ROTA_VE_CORREDOR_01,3949.81,9.58,A2_O1
intenso,1,PREEMPCAO_COMPENSADA,1237.0,VE_ROTA_VE_CORREDOR_01,3959.82,10.30,A2_O1
intenso,1,PREEMPCAO_COMPENSADA,1238.0,VE_ROTA_VE_CORREDOR_01,3970.41,10.80,:CRUZ_05_4
intenso,1,PREEMPCAO_COMPENSADA,1239.0,VE_ROTA_VE_CORREDOR_01,3981.56,11.33,:CRUZ_05_4
intenso,1,PREEMPCAO_COMPENSADA,1240.0,VE_ROTA_VE_CORREDOR_01,3993.21,11.91,A2_O0
intenso,1,PREEMPCAO_COMPENSADA,1241.0,VE_ROTA_VE_CORREDOR_01,4005.33,12.32,A2_O0
intenso,1,PREEMPCAO_COMPENSADA,1242.0,VE_ROTA_VE_CORREDOR_01,4017.87,12.64,A2_O0
intenso,1,PREEMPCAO_COMPENSADA,1243.0,VE_ROTA_VE_CORREDOR_01,4030.75,13.06,A2_O0
intenso,1,PREEMPCAO_COMPENSADA,1244.0,VE_ROTA_VE_CORREDOR_01,4043.96,13.34,A2_O0
intenso,1,PREEMPCAO_COMPENSADA,1245.0,VE_ROTA_VE_CORREDOR_01,4057.48,13.58,A2_O0
intenso,1,PREEMPCAO_COMPENSADA,1246.0,VE_ROTA_VE_CORREDOR_01,4071.23,13.95,A2_O0
intenso,1,PREEMPCAO_COMPENSADA,1247.0,VE_ROTA_VE_CORREDOR_01,4085.17,14.02,A2_O0
intenso,1,PREEMPCAO_COMPENSADA,1248.0,VE_ROTA_VE_CORREDOR_01,4099.31,14.26,A2_O0
intenso,1,PREEMPCAO_COMPENSADA,1249.0,VE_ROTA_VE_CORREDOR_01,4113.64,14.45,A2_O0
intenso,1,PREEMPCAO_COMPENSADA,1250.0,VE_ROTA_VE_CORREDOR_01,4128.07,14.47,A2_O0
intenso,1,PREEMPCAO_COMPENSADA,1251.0,VE_ROTA_VE_CORREDOR_01,4142.67,14.65,A2_O0
intenso,1,PREEMPCAO_COMPENSADA,1252.0,VE_ROTA_VE_CORREDOR_01,4157.37,14.74,A2_O0
intenso,1,PREEMPCAO_COMPENSADA,1253.0,VE_ROTA_VE_CORREDOR_01,4172.16,14.76,A2_O0
intenso,1,PREEMPCAO_COMPENSADA,1254.0,VE_ROTA_VE_CORREDOR_01,4187.02,14.88,A2_O0
intenso,1,PREEMPCAO_COMPENSADA,1255.0,VE_ROTA_VE_CORREDOR_01,4201.97,15.02,A2_O0
intenso,1,PREEMPCAO_COMPENSADA,1256.0,VE_ROTA_VE_CORREDOR_01,4216.96,15.00,A2_O0
intenso,1,PREEMPCAO_COMPENSADA,1257.0,VE_ROTA_VE_CORREDOR_01,4232.00,15.11,A2_O0
intenso,1,PREEMPCAO_COMPENSADA,1258.0,VE_ROTA_VE_CORREDOR_01,4247.09,15.13,A2_O0
intenso,1,PREEMPCAO_COMPENSADA,1259.0,VE_ROTA_VE_CORREDOR_01,4262.21,15.18,A2_O0
intenso,1,PREEMPCAO_COMPENSADA,1260.0,VE_ROTA_VE_CORREDOR_01,4277.39,15.19,A2_O0
intenso,1,PREEMPCAO_COMPENSADA,1261.0,VE_ROTA_VE_CORREDOR_01,4292.58,15.21,A2_O0
intenso,1,PREEMPCAO_COMPENSADA,1262.0,VE_ROTA_VE_CORREDOR_01,4307.81,15.25,A2_O0
intenso,1,PREEMPCAO_COMPENSADA,1263.0,VE_ROTA_VE_CORREDOR_01,4323.07,15.29,A2_O0
intenso,1,PREEMPCAO_COMPENSADA,1264.0,VE_ROTA_VE_CORREDOR_01,4338.37,15.52,A2_O0
intenso,1,PREEMPCAO_COMPENSADA,1265.0,VE_ROTA_VE_CORREDOR_01,4354.02,15.69,A2_O0
intenso,1,PREEMPCAO_COMPENSADA,1266.0,VE_ROTA_VE_CORREDOR_01,4369.86,15.92,A2_O0
intenso,1,PREEMPCAO_COMPENSADA,1267.0,VE_ROTA_VE_CORREDOR_01,4385.88,16.07,A2_O0
intenso,1,PREEMPCAO_COMPENSADA,1268.0,VE_ROTA_VE_CORREDOR_01,4402.03,16.17,A2_O0
intenso,1,PREEMPCAO_COMPENSADA,1269.0,VE_ROTA_VE_CORREDOR_01,4418.20,16.23,A2_O0
intenso,1,PREEMPCAO_COMPENSADA,1270.0,VE_ROTA_VE_CORREDOR_01,4434.39,16.20,A2_O0
intenso,1,PREEMPCAO_COMPENSADA,1271.0,VE_ROTA_VE_CORREDOR_01,4450.59,16.23,A2_O0
intenso,1,PREEMPCAO_COMPENSADA,1272.0,VE_ROTA_VE_CORREDOR_01,4468.04,18.75,A2_O0
intenso,1,PREEMPCAO_COMPENSADA,1501.0,VE_ROTA_VE_CORREDOR_02,19.49,21.64,A1_L0
intenso,1,PREEMPCAO_COMPENSADA,1502.0,VE_ROTA_VE_CORREDOR_02,41.14,21.65,A1_L0
intenso,1,PREEMPCAO_COMPENSADA,1503.0,VE_ROTA_VE_CORREDOR_02,62.80,21.64,A1_L0
intenso,1,PREEMPCAO_COMPENSADA,1504.0,VE_ROTA_VE_CORREDOR_02,84.46,21.65,A1_L0
intenso,1,PREEMPCAO_COMPENSADA,1505.0,VE_ROTA_VE_CORREDOR_02,106.11,21.65,A1_L0
intenso,1,PREEMPCAO_COMPENSADA,1506.0,VE_ROTA_VE_CORREDOR_02,127.77,21.65,A1_L0
intenso,1,PREEMPCAO_COMPENSADA,1507.0,VE_ROTA_VE_CORREDOR_02,149.42,21.66,A1_L0
intenso,1,PREEMPCAO_COMPENSADA,1508.0,VE_ROTA_VE_CORREDOR_02,171.08,21.66,A1_L0
intenso,1,PREEMPCAO_COMPENSADA,1509.0,VE_ROTA_VE_CORREDOR_02,192.74,21.66,A1_L0
intenso,1,PREEMPCAO_COMPENSADA,1510.0,VE_ROTA_VE_CORREDOR_02,214.40,21.66,A1_L0
intenso,1,PREEMPCAO_COMPENSADA,1511.0,VE_ROTA_VE_CORREDOR_02,236.05,21.66,A1_L0
intenso,1,PREEMPCAO_COMPENSADA,1512.0,VE_ROTA_VE_CORREDOR_02,257.71,21.65,A1_L0
intenso,1,PREEMPCAO_COMPENSADA,1513.0,VE_ROTA_VE_CORREDOR_02,279.14,20.69,A1_L0
intenso,1,PREEMPCAO_COMPENSADA,1514.0,VE_ROTA_VE_CORREDOR_02,298.38,18.09,A1_L0
intenso,1,PREEMPCAO_COMPENSADA,1515.0,VE_ROTA_VE_CORREDOR_02,315.06,15.58,A1_L0
intenso,1,PREEMPCAO_COMPENSADA,1516.0,VE_ROTA_VE_CORREDOR_02,329.35,13.28,A1_L0
intenso,1,PREEMPCAO_COMPENSADA,1517.0,VE_ROTA_VE_CORREDOR_02,341.47,11.21,A1_L0
intenso,1,PREEMPCAO_COMPENSADA,1518.0,VE_ROTA_VE_CORREDOR_02,351.73,9.51,A1_L0
intenso,1,PREEMPCAO_COMPENSADA,1519.0,VE_ROTA_VE_CORREDOR_02,360.70,8.85,A1_L0
intenso,1,PREEMPCAO_COMPENSADA,1520.0,VE_ROTA_VE_CORREDOR_02,369.74,9.14,A1_L0
intenso,1,PREEMPCAO_COMPENSADA,1521.0,VE_ROTA_VE_CORREDOR_02,378.93,9.28,A1_L0
intenso,1,PREEMPCAO_COMPENSADA,1522.0,VE_ROTA_VE_CORREDOR_02,388.25,9.38,A1_L0
intenso,1,PREEMPCAO_COMPENSADA,1523.0,VE_ROTA_VE_CORREDOR_02,397.68,9.51,A1_L0
intenso,1,PREEMPCAO_COMPENSADA,1524.0,VE_ROTA_VE_CORREDOR_02,407.23,9.61,A1_L0
intenso,1,PREEMPCAO_COMPENSADA,1525.0,VE_ROTA_VE_CORREDOR_02,416.96,9.82,A1_L0
intenso,1,PREEMPCAO_COMPENSADA,1526.0,VE_ROTA_VE_CORREDOR_02,426.86,10.00,A1_L0
intenso,1,PREEMPCAO_COMPENSADA,1527.0,VE_ROTA_VE_CORREDOR_02,436.94,10.20,A1_L0
intenso,1,PREEMPCAO_COMPENSADA,1528.0,VE_ROTA_VE_CORREDOR_02,447.22,10.39,A1_L0
intenso,1,PREEMPCAO_COMPENSADA,1529.0,VE_ROTA_VE_CORREDOR_02,457.70,10.59,A1_L0
intenso,1,PREEMPCAO_COMPENSADA,1530.0,VE_ROTA_VE_CORREDOR_02,468.40,10.83,A1_L0
intenso,1,PREEMPCAO_COMPENSADA,1531.0,VE_ROTA_VE_CORREDOR_02,479.28,11.01,A1_L0
intenso,1,PREEMPCAO_COMPENSADA,1532.0,VE_ROTA_VE_CORREDOR_02,490.36,11.20,:CRUZ_01_11
intenso,1,PREEMPCAO_COMPENSADA,1533.0,VE_ROTA_VE_CORREDOR_02,501.61,11.37,:CRUZ_01_11
intenso,1,PREEMPCAO_COMPENSADA,1534.0,VE_ROTA_VE_CORREDOR_02,513.05,11.56,A1_L1
intenso,1,PREEMPCAO_COMPENSADA,1535.0,VE_ROTA_VE_CORREDOR_02,524.63,11.62,A1_L1
intenso,1,PREEMPCAO_COMPENSADA,1536.0,VE_ROTA_VE_CORREDOR_02,536.34,11.77,A1_L1
intenso,1,PREEMPCAO_COMPENSADA,1537.0,VE_ROTA_VE_CORREDOR_02,548.23,12.00,A1_L1
intenso,1,PREEMPCAO_COMPENSADA,1538.0,VE_ROTA_VE_CORREDOR_02,560.22,12.02,A1_L1
intenso,1,PREEMPCAO_COMPENSADA,1539.0,VE_ROTA_VE_CORREDOR_02,572.33,12.15,A1_L1
intenso,1,PREEMPCAO_COMPENSADA,1540.0,VE_ROTA_VE_CORREDOR_02,584.52,12.25,A1_L1
intenso,1,PREEMPCAO_COMPENSADA,1541.0,VE_ROTA_VE_CORREDOR_02,596.82,12.27,A1_L1
intenso,1,PREEMPCAO_COMPENSADA,1542.0,VE_ROTA_VE_CORREDOR_02,609.20,12.39,A1_L1
intenso,1,PREEMPCAO_COMPENSADA,1543.0,VE_ROTA_VE_CORREDOR_02,621.65,12.53,A1_L1
intenso,1,PREEMPCAO_COMPENSADA,1544.0,VE_ROTA_VE_CORREDOR_02,634.16,12.55,A1_L1
intenso,1,PREEMPCAO_COMPENSADA,1545.0,VE_ROTA_VE_CORREDOR_02,646.74,12.55,A1_L1
intenso,1,PREEMPCAO_COMPENSADA,1546.0,VE_ROTA_VE_CORREDOR_02,659.36,12.65,A1_L1
intenso,1,PREEMPCAO_COMPENSADA,1547.0,VE_ROTA_VE_CORREDOR_02,672.04,12.74,A1_L1
intenso,1,PREEMPCAO_COMPENSADA,1548.0,VE_ROTA_VE_CORREDOR_02,684.73,12.72,A1_L1
intenso,1,PREEMPCAO_COMPENSADA,1549.0,VE_ROTA_VE_CORREDOR_02,697.34,12.61,A1_L1
intenso,1,PREEMPCAO_COMPENSADA,1550.0,VE_ROTA_VE_CORREDOR_02,709.90,12.58,A1_L1
intenso,1,PREEMPCAO_COMPENSADA,1551.0,VE_ROTA_VE_CORREDOR_02,722.32,12.36,A1_L1
intenso,1,PREEMPCAO_COMPENSADA,1552.0,VE_ROTA_VE_CORREDOR_02,734.58,12.17,A1_L1
intenso,1,PREEMPCAO_COMPENSADA,1553.0,VE_ROTA_VE_CORREDOR_02,746.60,11.90,A1_L1
intenso,1,PREEMPCAO_COMPENSADA,1554.0,VE_ROTA_VE_CORREDOR_02,758.36,11.57,A1_L1
intenso,1,PREEMPCAO_COMPENSADA,1555.0,VE_ROTA_VE_CORREDOR_02,769.80,11.34,A1_L1
intenso,1,PREEMPCAO_COMPENSADA,1556.0,VE_ROTA_VE_CORREDOR_02,780.92,10.91,A1_L1
intenso,1,PREEMPCAO_COMPENSADA,1557.0,VE_ROTA_VE_CORREDOR_02,791.68,10.61,A1_L1
intenso,1,PREEMPCAO_COMPENSADA,1558.0,VE_ROTA_VE_CORREDOR_02,802.04,10.17,A1_L1
intenso,1,PREEMPCAO_COMPENSADA,1559.0,VE_ROTA_VE_CORREDOR_02,811.92,9.67,A1_L1
intenso,1,PREEMPCAO_COMPENSADA,1560.0,VE_ROTA_VE_CORREDOR_02,821.36,9.22,A1_L1
intenso,1,PREEMPCAO_COMPENSADA,1561.0,VE_ROTA_VE_CORREDOR_02,830.31,8.74,A1_L1
intenso,1,PREEMPCAO_COMPENSADA,1562.0,VE_ROTA_VE_CORREDOR_02,838.73,8.15,A1_L1
intenso,1,PREEMPCAO_COMPENSADA,1563.0,VE_ROTA_VE_CORREDOR_02,846.60,7.60,A1_L1
intenso,1,PREEMPCAO_COMPENSADA,1564.0,VE_ROTA_VE_CORREDOR_02,853.92,7.08,A1_L1
intenso,1,PREEMPCAO_COMPENSADA,1565.0,VE_ROTA_VE_CORREDOR_02,860.66,6.51,A1_L1
intenso,1,PREEMPCAO_COMPENSADA,1566.0,VE_ROTA_VE_CORREDOR_02,866.83,5.91,A1_L1
intenso,1,PREEMPCAO_COMPENSADA,1567.0,VE_ROTA_VE_CORREDOR_02,872.41,5.32,A1_L1
intenso,1,PREEMPCAO_COMPENSADA,1568.0,VE_ROTA_VE_CORREDOR_02,877.40,4.73,A1_L1
intenso,1,PREEMPCAO_COMPENSADA,1569.0,VE_ROTA_VE_CORREDOR_02,881.81,4.16,A1_L1
intenso,1,PREEMPCAO_COMPENSADA,1570.0,VE_ROTA_VE_CORREDOR_02,885.65,3.64,A1_L1
intenso,1,PREEMPCAO_COMPENSADA,1571.0,VE_ROTA_VE_CORREDOR_02,888.98,3.08,A1_L1
intenso,1,PREEMPCAO_COMPENSADA,1572.0,VE_ROTA_VE_CORREDOR_02,891.81,2.66,A1_L1
intenso,1,PREEMPCAO_COMPENSADA,1573.0,VE_ROTA_VE_CORREDOR_02,894.25,2.28,A1_L1
intenso,1,PREEMPCAO_COMPENSADA,1574.0,VE_ROTA_VE_CORREDOR_02,896.39,2.05,A1_L1
intenso,1,PREEMPCAO_COMPENSADA,1575.0,VE_ROTA_VE_CORREDOR_02,898.38,1.97,A1_L1
intenso,1,PREEMPCAO_COMPENSADA,1576.0,VE_ROTA_VE_CORREDOR_02,900.38,2.08,A1_L1
intenso,1,PREEMPCAO_COMPENSADA,1577.0,VE_ROTA_VE_CORREDOR_02,902.60,2.33,A1_L1
intenso,1,PREEMPCAO_COMPENSADA,1578.0,VE_ROTA_VE_CORREDOR_02,905.19,2.81,A1_L1
intenso,1,PREEMPCAO_COMPENSADA,1579.0,VE_ROTA_VE_CORREDOR_02,908.33,3.44,A1_L1
intenso,1,PREEMPCAO_COMPENSADA,1580.0,VE_ROTA_VE_CORREDOR_02,912.09,4.07,A1_L1
intenso,1,PREEMPCAO_COMPENSADA,1581.0,VE_ROTA_VE_CORREDOR_02,916.56,4.80,A1_L1
intenso,1,PREEMPCAO_COMPENSADA,1582.0,VE_ROTA_VE_CORREDOR_02,921.78,5.55,A1_L1
intenso,1,PREEMPCAO_COMPENSADA,1583.0,VE_ROTA_VE_CORREDOR_02,927.71,6.31,A1_L1
intenso,1,PREEMPCAO_COMPENSADA,1584.0,VE_ROTA_VE_CORREDOR_02,934.36,7.02,A1_L1
intenso,1,PREEMPCAO_COMPENSADA,1585.0,VE_ROTA_VE_CORREDOR_02,941.70,7.64,A1_L1
intenso,1,PREEMPCAO_COMPENSADA,1586.0,VE_ROTA_VE_CORREDOR_02,949.66,8.30,A1_L1
intenso,1,PREEMPCAO_COMPENSADA,1587.0,VE_ROTA_VE_CORREDOR_02,958.21,8.73,A1_L1
intenso,1,PREEMPCAO_COMPENSADA,1588.0,VE_ROTA_VE_CORREDOR_02,967.29,9.33,A1_L1
intenso,1,PREEMPCAO_COMPENSADA,1589.0,VE_ROTA_VE_CORREDOR_02,977.45,11.03,A1_L1
intenso,1,PREEMPCAO_COMPENSADA,1590.0,VE_ROTA_VE_CORREDOR_02,988.67,11.38,:CRUZ_02_11
intenso,1,PREEMPCAO_COMPENSADA,1591.0,VE_ROTA_VE_CORREDOR_02,1000.23,11.68,:CRUZ_02_11
intenso,1,PREEMPCAO_COMPENSADA,1592.0,VE_ROTA_VE_CORREDOR_02,1012.09,11.97,A1_L2
intenso,1,PREEMPCAO_COMPENSADA,1593.0,VE_ROTA_VE_CORREDOR_02,1024.27,12.32,A1_L2
intenso,1,PREEMPCAO_COMPENSADA,1594.0,VE_ROTA_VE_CORREDOR_02,1036.71,12.56,A1_L2
intenso,1,PREEMPCAO_COMPENSADA,1595.0,VE_ROTA_VE_CORREDOR_02,1049.39,12.74,A1_L2
intenso,1,PREEMPCAO_COMPENSADA,1596.0,VE_ROTA_VE_CORREDOR_02,1062.29,12.96,A1_L2
intenso,1,PREEMPCAO_COMPENSADA,1597.0,VE_ROTA_VE_CORREDOR_02,1075.42,13.11,A1_L2
intenso,1,PREEMPCAO_COMPENSADA,1598.0,VE_ROTA_VE_CORREDOR_02,1088.70,13.35,A1_L2
intenso,1,PREEMPCAO_COMPENSADA,1599.0,VE_ROTA_VE_CORREDOR_02,1102.19,13.55,A1_L2
intenso,1,PREEMPCAO_COMPENSADA,1600.0,VE_ROTA_VE_CORREDOR_02,1115.80,13.66,A1_L2
intenso,1,PREEMPCAO_COMPENSADA,1601.0,VE_ROTA_VE_CORREDOR_02,1129.54,13.79,A1_L2
intenso,1,PREEMPCAO_COMPENSADA,1602.0,VE_ROTA_VE_CORREDOR_02,1143.41,13.98,A1_L2
intenso,1,PREEMPCAO_COMPENSADA,1603.0,VE_ROTA_VE_CORREDOR_02,1157.41,14.06,A1_L2
intenso,1,PREEMPCAO_COMPENSADA,1604.0,VE_ROTA_VE_CORREDOR_02,1171.45,14.06,A1_L2
intenso,1,PREEMPCAO_COMPENSADA,1605.0,VE_ROTA_VE_CORREDOR_02,1185.58,14.13,A1_L2
intenso,1,PREEMPCAO_COMPENSADA,1606.0,VE_ROTA_VE_CORREDOR_02,1199.76,14.25,A1_L2
intenso,1,PREEMPCAO_COMPENSADA,1607.0,VE_ROTA_VE_CORREDOR_02,1213.97,14.26,A1_L2
intenso,1,PREEMPCAO_COMPENSADA,1608.0,VE_ROTA_VE_CORREDOR_02,1228.18,14.11,A1_L2
intenso,1,PREEMPCAO_COMPENSADA,1609.0,VE_ROTA_VE_CORREDOR_02,1242.22,14.00,A1_L2
intenso,1,PREEMPCAO_COMPENSADA,1610.0,VE_ROTA_VE_CORREDOR_02,1256.02,13.69,A1_L2
intenso,1,PREEMPCAO_COMPENSADA,1611.0,VE_ROTA_VE_CORREDOR_02,1269.48,13.29,A1_L2
intenso,1,PREEMPCAO_COMPENSADA,1612.0,VE_ROTA_VE_CORREDOR_02,1282.60,12.86,A1_L2
intenso,1,PREEMPCAO_COMPENSADA,1613.0,VE_ROTA_VE_CORREDOR_02,1295.29,12.48,A1_L2
intenso,1,PREEMPCAO_COMPENSADA,1614.0,VE_ROTA_VE_CORREDOR_02,1307.53,12.05,A1_L2
intenso,1,PREEMPCAO_COMPENSADA,1615.0,VE_ROTA_VE_CORREDOR_02,1319.25,11.48,A1_L2
intenso,1,PREEMPCAO_COMPENSADA,1616.0,VE_ROTA_VE_CORREDOR_02,1330.43,10.96,A1_L2
intenso,1,PREEMPCAO_COMPENSADA,1617.0,VE_ROTA_VE_CORREDOR_02,1341.02,10.28,A1_L2
intenso,1,PREEMPCAO_COMPENSADA,1618.0,VE_ROTA_VE_CORREDOR_02,1350.99,9.68,A1_L2
intenso,1,PREEMPCAO_COMPENSADA,1619.0,VE_ROTA_VE_CORREDOR_02,1360.34,9.00,A1_L2
intenso,1,PREEMPCAO_COMPENSADA,1620.0,VE_ROTA_VE_CORREDOR_02,1369.01,8.37,A1_L2
intenso,1,PREEMPCAO_COMPENSADA,1621.0,VE_ROTA_VE_CORREDOR_02,1377.00,7.69,A1_L2
intenso,1,PREEMPCAO_COMPENSADA,1622.0,VE_ROTA_VE_CORREDOR_02,1384.28,6.93,A1_L2
intenso,1,PREEMPCAO_COMPENSADA,1623.0,VE_ROTA_VE_CORREDOR_02,1390.84,6.29,A1_L2
intenso,1,PREEMPCAO_COMPENSADA,1624.0,VE_ROTA_VE_CORREDOR_02,1396.70,5.54,A1_L2
intenso,1,PREEMPCAO_COMPENSADA,1625.0,VE_ROTA_VE_CORREDOR_02,1401.85,4.87,A1_L2
intenso,1,PREEMPCAO_COMPENSADA,1626.0,VE_ROTA_VE_CORREDOR_02,1406.32,4.18,A1_L2
intenso,1,PREEMPCAO_COMPENSADA,1627.0,VE_ROTA_VE_CORREDOR_02,1410.14,3.55,A1_L2
intenso,1,PREEMPCAO_COMPENSADA,1628.0,VE_ROTA_VE_CORREDOR_02,1413.36,2.98,A1_L2
intenso,1,PREEMPCAO_COMPENSADA,1629.0,VE_ROTA_VE_CORREDOR_02,1416.15,2.62,A1_L2
intenso,1,PREEMPCAO_COMPENSADA,1630.0,VE_ROTA_VE_CORREDOR_02,1418.72,2.56,A1_L2
intenso,1,PREEMPCAO_COMPENSADA,1631.0,VE_ROTA_VE_CORREDOR_02,1421.42,2.86,A1_L2
intenso,1,PREEMPCAO_COMPENSADA,1632.0,VE_ROTA_VE_CORREDOR_02,1424.68,3.59,A1_L2
intenso,1,PREEMPCAO_COMPENSADA,1633.0,VE_ROTA_VE_CORREDOR_02,1428.80,4.53,A1_L2
intenso,1,PREEMPCAO_COMPENSADA,1634.0,VE_ROTA_VE_CORREDOR_02,1433.92,5.59,A1_L2
intenso,1,PREEMPCAO_COMPENSADA,1635.0,VE_ROTA_VE_CORREDOR_02,1440.01,6.53,A1_L2
intenso,1,PREEMPCAO_COMPENSADA,1636.0,VE_ROTA_VE_CORREDOR_02,1447.07,7.46,A1_L2
intenso,1,PREEMPCAO_COMPENSADA,1637.0,VE_ROTA_VE_CORREDOR_02,1454.97,8.30,A1_L2
intenso,1,PREEMPCAO_COMPENSADA,1638.0,VE_ROTA_VE_CORREDOR_02,1463.53,8.72,A1_L2
intenso,1,PREEMPCAO_COMPENSADA,1639.0,VE_ROTA_VE_CORREDOR_02,1472.48,9.14,A1_L2
intenso,1,PREEMPCAO_COMPENSADA,1640.0,VE_ROTA_VE_CORREDOR_02,1481.82,9.54,A1_L2
intenso,1,PREEMPCAO_COMPENSADA,1641.0,VE_ROTA_VE_CORREDOR_02,1491.61,9.94,:CRUZ_03_11
intenso,1,PREEMPCAO_COMPENSADA,1642.0,VE_ROTA_VE_CORREDOR_02,1501.84,10.46,:CRUZ_03_11
intenso,1,PREEMPCAO_COMPENSADA,1643.0,VE_ROTA_VE_CORREDOR_02,1512.54,10.91,A1_L3
intenso,1,PREEMPCAO_COMPENSADA,1644.0,VE_ROTA_VE_CORREDOR_02,1523.61,11.20,A1_L3
intenso,1,PREEMPCAO_COMPENSADA,1645.0,VE_ROTA_VE_CORREDOR_02,1535.01,11.56,A1_L3
intenso,1,PREEMPCAO_COMPENSADA,1646.0,VE_ROTA_VE_CORREDOR_02,1546.69,11.76,A1_L3
intenso,1,PREEMPCAO_COMPENSADA,1647.0,VE_ROTA_VE_CORREDOR_02,1558.63,12.13,A1_L3
intenso,1,PREEMPCAO_COMPENSADA,1648.0,VE_ROTA_VE_CORREDOR_02,1570.82,12.28,A1_L3
intenso,1,PREEMPCAO_COMPENSADA,1649.0,VE_ROTA_VE_CORREDOR_02,1583.23,12.47,A1_L3
intenso,1,PREEMPCAO_COMPENSADA,1650.0,VE_ROTA_VE_CORREDOR_02,1595.83,12.67,A1_L3
intenso,1,PREEMPCAO_COMPENSADA,1651.0,VE_ROTA_VE_CORREDOR_02,1608.60,12.82,A1_L3
intenso,1,PREEMPCAO_COMPENSADA,1652.0,VE_ROTA_VE_CORREDOR_02,1621.54,12.98,A1_L3
intenso,1,PREEMPCAO_COMPENSADA,1653.0,VE_ROTA_VE_CORREDOR_02,1634.59,13.04,A1_L3
intenso,1,PREEMPCAO_COMPENSADA,1654.0,VE_ROTA_VE_CORREDOR_02,1647.75,13.20,A1_L3
intenso,1,PREEMPCAO_COMPENSADA,1655.0,VE_ROTA_VE_CORREDOR_02,1660.99,13.29,A1_L3
intenso,1,PREEMPCAO_COMPENSADA,1656.0,VE_ROTA_VE_CORREDOR_02,1674.33,13.37,A1_L3
intenso,1,PREEMPCAO_COMPENSADA,1657.0,VE_ROTA_VE_CORREDOR_02,1687.74,13.43,A1_L3
intenso,1,PREEMPCAO_COMPENSADA,1658.0,VE_ROTA_VE_CORREDOR_02,1701.22,13.44,A1_L3
intenso,1,PREEMPCAO_COMPENSADA,1659.0,VE_ROTA_VE_CORREDOR_02,1714.75,13.53,A1_L3
intenso,1,PREEMPCAO_COMPENSADA,1660.0,VE_ROTA_VE_CORREDOR_02,1728.30,13.60,A1_L3
intenso,1,PREEMPCAO_COMPENSADA,1661.0,VE_ROTA_VE_CORREDOR_02,1741.90,13.64,A1_L3
intenso,1,PREEMPCAO_COMPENSADA,1662.0,VE_ROTA_VE_CORREDOR_02,1755.54,13.66,A1_L3
intenso,1,PREEMPCAO_COMPENSADA,1663.0,VE_ROTA_VE_CORREDOR_02,1769.22,13.66,A1_L3
intenso,1,PREEMPCAO_COMPENSADA,1664.0,VE_ROTA_VE_CORREDOR_02,1782.92,13.71,A1_L3
intenso,1,PREEMPCAO_COMPENSADA,1665.0,VE_ROTA_VE_CORREDOR_02,1796.66,13.73,A1_L3
intenso,1,PREEMPCAO_COMPENSADA,1666.0,VE_ROTA_VE_CORREDOR_02,1810.41,13.82,A1_L3
intenso,1,PREEMPCAO_COMPENSADA,1667.0,VE_ROTA_VE_CORREDOR_02,1824.14,13.57,A1_L3
intenso,1,PREEMPCAO_COMPENSADA,1668.0,VE_ROTA_VE_CORREDOR_02,1837.67,13.58,A1_L3
intenso,1,PREEMPCAO_COMPENSADA,1669.0,VE_ROTA_VE_CORREDOR_02,1850.87,12.89,A1_L3
intenso,1,PREEMPCAO_COMPENSADA,1670.0,VE_ROTA_VE_CORREDOR_02,1863.34,12.14,A1_L3
intenso,1,PREEMPCAO_COMPENSADA,1671.0,VE_ROTA_VE_CORREDOR_02,1875.05,11.36,A1_L3
intenso,1,PREEMPCAO_COMPENSADA,1672.0,VE_ROTA_VE_CORREDOR_02,1885.96,10.62,A1_L3
intenso,1,PREEMPCAO_COMPENSADA,1673.0,VE_ROTA_VE_CORREDOR_02,1896.05,9.72,A1_L3
intenso,1,PREEMPCAO_COMPENSADA,1674.0,VE_ROTA_VE_CORREDOR_02,1905.26,8.83,A1_L3
intenso,1,PREEMPCAO_COMPENSADA,1675.0,VE_ROTA_VE_CORREDOR_02,1913.54,7.85,A1_L3
intenso,1,PREEMPCAO_COMPENSADA,1676.0,VE_ROTA_VE_CORREDOR_02,1920.93,6.97,A1_L3
intenso,1,PREEMPCAO_COMPENSADA,1677.0,VE_ROTA_VE_CORREDOR_02,1927.38,6.01,A1_L3
intenso,1,PREEMPCAO_COMPENSADA,1678.0,VE_ROTA_VE_CORREDOR_02,1932.91,5.17,A1_L3
intenso,1,PREEMPCAO_COMPENSADA,1679.0,VE_ROTA_VE_CORREDOR_02,1937.56,4.22,A1_L3
intenso,1,PREEMPCAO_COMPENSADA,1680.0,VE_ROTA_VE_CORREDOR_02,1941.35,3.44,A1_L3
intenso,1,PREEMPCAO_COMPENSADA,1681.0,VE_ROTA_VE_CORREDOR_02,1944.34,2.66,A1_L3
intenso,1,PREEMPCAO_COMPENSADA,1682.0,VE_ROTA_VE_CORREDOR_02,1946.63,2.00,A1_L3
intenso,1,PREEMPCAO_COMPENSADA,1683.0,VE_ROTA_VE_CORREDOR_02,1948.31,1.44,A1_L3
intenso,1,PREEMPCAO_COMPENSADA,1684.0,VE_ROTA_VE_CORREDOR_02,1949.50,0.99,A1_L3
intenso,1,PREEMPCAO_COMPENSADA,1685.0,VE_ROTA_VE_CORREDOR_02,1950.30,0.68,A1_L3
intenso,1,PREEMPCAO_COMPENSADA,1686.0,VE_ROTA_VE_CORREDOR_02,1950.90,0.58,A1_L3
intenso,1,PREEMPCAO_COMPENSADA,1687.0,VE_ROTA_VE_CORREDOR_02,1951.62,0.90,A1_L3
intenso,1,PREEMPCAO_COMPENSADA,1688.0,VE_ROTA_VE_CORREDOR_02,1952.92,1.74,A1_L3
intenso,1,PREEMPCAO_COMPENSADA,1689.0,VE_ROTA_VE_CORREDOR_02,1955.29,2.96,A1_L3
intenso,1,PREEMPCAO_COMPENSADA,1690.0,VE_ROTA_VE_CORREDOR_02,1959.08,4.49,A1_L3
intenso,1,PREEMPCAO_COMPENSADA,1691.0,VE_ROTA_VE_CORREDOR_02,1964.53,6.26,A1_L3
intenso,1,PREEMPCAO_COMPENSADA,1692.0,VE_ROTA_VE_CORREDOR_02,1971.64,7.86,A1_L3
intenso,1,PREEMPCAO_COMPENSADA,1693.0,VE_ROTA_VE_CORREDOR_02,1980.32,9.27,A1_L3
intenso,1,PREEMPCAO_COMPENSADA,1694.0,VE_ROTA_VE_CORREDOR_02,1989.48,8.45,:CRUZ_04_10
intenso,1,PREEMPCAO_COMPENSADA,1695.0,VE_ROTA_VE_CORREDOR_02,1997.95,8.72,T4_S1
intenso,1,PREEMPCAO_COMPENSADA,1696.0,VE_ROTA_VE_CORREDOR_02,2008.21,11.53,T4_S1
intenso,1,PREEMPCAO_COMPENSADA,1697.0,VE_ROTA_VE_CORREDOR_02,2021.29,14.37,T4_S1
intenso,1,PREEMPCAO_COMPENSADA,1698.0,VE_ROTA_VE_CORREDOR_02,2035.72,14.43,T4_S1
intenso,1,PREEMPCAO_COMPENSADA,1699.0,VE_ROTA_VE_CORREDOR_02,2050.15,14.44,T4_S1
intenso,1,PREEMPCAO_COMPENSADA,1700.0,VE_ROTA_VE_CORREDOR_02,2064.58,14.44,T4_S1
intenso,1,PREEMPCAO_COMPENSADA,1701.0,VE_ROTA_VE_CORREDOR_02,2079.01,14.43,T4_S1
intenso,1,PREEMPCAO_COMPENSADA,1702.0,VE_ROTA_VE_CORREDOR_02,2093.44,14.43,T4_S1
intenso,1,PREEMPCAO_COMPENSADA,1703.0,VE_ROTA_VE_CORREDOR_02,2107.87,14.43,T4_S1
intenso,1,PREEMPCAO_COMPENSADA,1704.0,VE_ROTA_VE_CORREDOR_02,2122.30,14.44,T4_S1
intenso,1,PREEMPCAO_COMPENSADA,1705.0,VE_ROTA_VE_CORREDOR_02,2136.73,14.44,T4_S1
intenso,1,PREEMPCAO_COMPENSADA,1706.0,VE_ROTA_VE_CORREDOR_02,2151.16,14.42,T4_S1
intenso,1,PREEMPCAO_COMPENSADA,1707.0,VE_ROTA_VE_CORREDOR_02,2165.59,14.41,T4_S1
intenso,1,PREEMPCAO_COMPENSADA,1708.0,VE_ROTA_VE_CORREDOR_02,2180.01,14.41,T4_S1
intenso,1,PREEMPCAO_COMPENSADA,1709.0,VE_ROTA_VE_CORREDOR_02,2194.43,14.43,T4_S1
intenso,1,PREEMPCAO_COMPENSADA,1710.0,VE_ROTA_VE_CORREDOR_02,2208.86,14.43,T4_S1
intenso,1,PREEMPCAO_COMPENSADA,1711.0,VE_ROTA_VE_CORREDOR_02,2223.29,14.43,T4_S1
intenso,1,PREEMPCAO_COMPENSADA,1712.0,VE_ROTA_VE_CORREDOR_02,2237.72,14.44,T4_S1
intenso,1,PREEMPCAO_COMPENSADA,1713.0,VE_ROTA_VE_CORREDOR_02,2252.14,14.42,T4_S1
intenso,1,PREEMPCAO_COMPENSADA,1714.0,VE_ROTA_VE_CORREDOR_02,2266.57,14.42,T4_S1
intenso,1,PREEMPCAO_COMPENSADA,1715.0,VE_ROTA_VE_CORREDOR_02,2280.99,14.42,T4_S1
intenso,1,PREEMPCAO_COMPENSADA,1716.0,VE_ROTA_VE_CORREDOR_02,2295.42,14.42,T4_S1
intenso,1,PREEMPCAO_COMPENSADA,1717.0,VE_ROTA_VE_CORREDOR_02,2309.76,13.99,T4_S1
intenso,1,PREEMPCAO_COMPENSADA,1718.0,VE_ROTA_VE_CORREDOR_02,2323.10,12.82,T4_S1
intenso,1,PREEMPCAO_COMPENSADA,1719.0,VE_ROTA_VE_CORREDOR_02,2335.45,11.95,T4_S1
intenso,1,PREEMPCAO_COMPENSADA,1720.0,VE_ROTA_VE_CORREDOR_02,2347.00,11.24,T4_S1
intenso,1,PREEMPCAO_COMPENSADA,1721.0,VE_ROTA_VE_CORREDOR_02,2357.95,10.73,T4_S1
intenso,1,PREEMPCAO_COMPENSADA,1722.0,VE_ROTA_VE_CORREDOR_02,2368.47,10.36,T4_S1
intenso,1,PREEMPCAO_COMPENSADA,1723.0,VE_ROTA_VE_CORREDOR_02,2378.62,10.07,T4_S1
intenso,1,PREEMPCAO_COMPENSADA,1724.0,VE_ROTA_VE_CORREDOR_02,2388.54,9.82,T4_S1
intenso,1,PREEMPCAO_COMPENSADA,1725.0,VE_ROTA_VE_CORREDOR_02,2398.27,9.67,T4_S1
intenso,1,PREEMPCAO_COMPENSADA,1726.0,VE_ROTA_VE_CORREDOR_02,2407.89,9.45,T4_S1
intenso,1,PREEMPCAO_COMPENSADA,1727.0,VE_ROTA_VE_CORREDOR_02,2416.78,8.39,T4_S1
intenso,1,PREEMPCAO_COMPENSADA,1728.0,VE_ROTA_VE_CORREDOR_02,2424.62,7.36,T4_S1
intenso,1,PREEMPCAO_COMPENSADA,1729.0,VE_ROTA_VE_CORREDOR_02,2431.52,6.55,T4_S1
intenso,1,PREEMPCAO_COMPENSADA,1730.0,VE_ROTA_VE_CORREDOR_02,2437.73,5.98,T4_S1
intenso,1,PREEMPCAO_COMPENSADA,1731.0,VE_ROTA_VE_CORREDOR_02,2443.64,5.93,T4_S1
intenso,1,PREEMPCAO_COMPENSADA,1732.0,VE_ROTA_VE_CORREDOR_02,2449.79,6.39,T4_S1
intenso,1,PREEMPCAO_COMPENSADA,1733.0,VE_ROTA_VE_CORREDOR_02,2456.55,7.01,T4_S1
intenso,1,PREEMPCAO_COMPENSADA,1734.0,VE_ROTA_VE_CORREDOR_02,2463.75,7.43,T4_S1
intenso,1,PREEMPCAO_COMPENSADA,1735.0,VE_ROTA_VE_CORREDOR_02,2471.42,7.70,T4_S1
intenso,1,PREEMPCAO_COMPENSADA,1736.0,VE_ROTA_VE_CORREDOR_02,2479.78,8.46,:CRUZ_08_0
intenso,1,PREEMPCAO_COMPENSADA,1737.0,VE_ROTA_VE_CORREDOR_02,2488.41,9.30,A2_O3
intenso,1,PREEMPCAO_COMPENSADA,1738.0,VE_ROTA_VE_CORREDOR_02,2499.27,12.16,A2_O3
intenso,1,PREEMPCAO_COMPENSADA,1739.0,VE_ROTA_VE_CORREDOR_02,2512.99,15.01,A2_O3
intenso,1,PREEMPCAO_COMPENSADA,1740.0,VE_ROTA_VE_CORREDOR_02,2529.58,17.86,A2_O3
intenso,1,PREEMPCAO_COMPENSADA,1741.0,VE_ROTA_VE_CORREDOR_02,2549.00,20.71,A2_O3
intenso,1,PREEMPCAO_COMPENSADA,1742.0,VE_ROTA_VE_CORREDOR_02,2570.55,21.65,A2_O3
intenso,1,PREEMPCAO_COMPENSADA,1743.0,VE_ROTA_VE_CORREDOR_02,2592.20,21.66,A2_O3
intenso,1,PREEMPCAO_COMPENSADA,1744.0,VE_ROTA_VE_CORREDOR_02,2613.86,21.65,A2_O3
intenso,1,PREEMPCAO_COMPENSADA,1745.0,VE_ROTA_VE_CORREDOR_02,2635.51,21.66,A2_O3
intenso,1,PREEMPCAO_COMPENSADA,1746.0,VE_ROTA_VE_CORREDOR_02,2657.16,21.65,A2_O3
intenso,1,PREEMPCAO_COMPENSADA,1747.0,VE_ROTA_VE_CORREDOR_02,2678.82,21.64,A2_O3
intenso,1,PREEMPCAO_COMPENSADA,1748.0,VE_ROTA_VE_CORREDOR_02,2700.47,21.66,A2_O3
intenso,1,PREEMPCAO_COMPENSADA,1749.0,VE_ROTA_VE_CORREDOR_02,2722.12,21.66,A2_O3
intenso,1,PREEMPCAO_COMPENSADA,1750.0,VE_ROTA_VE_CORREDOR_02,2743.78,21.66,A2_O3
intenso,1,PREEMPCAO_COMPENSADA,1751.0,VE_ROTA_VE_CORREDOR_02,2765.44,21.64,A2_O3
intenso,1,PREEMPCAO_COMPENSADA,1752.0,VE_ROTA_VE_CORREDOR_02,2787.09,21.64,A2_O3
intenso,1,PREEMPCAO_COMPENSADA,1753.0,VE_ROTA_VE_CORREDOR_02,2808.74,21.65,A2_O3
intenso,1,PREEMPCAO_COMPENSADA,1754.0,VE_ROTA_VE_CORREDOR_02,2830.40,21.67,A2_O3
intenso,1,PREEMPCAO_COMPENSADA,1755.0,VE_ROTA_VE_CORREDOR_02,2852.06,21.66,A2_O3
intenso,1,PREEMPCAO_COMPENSADA,1756.0,VE_ROTA_VE_CORREDOR_02,2873.72,21.66,A2_O3
intenso,1,PREEMPCAO_COMPENSADA,1757.0,VE_ROTA_VE_CORREDOR_02,2894.23,19.10,A2_O3
intenso,1,PREEMPCAO_COMPENSADA,1758.0,VE_ROTA_VE_CORREDOR_02,2911.80,16.46,A2_O3
intenso,1,PREEMPCAO_COMPENSADA,1759.0,VE_ROTA_VE_CORREDOR_02,2927.19,14.65,A2_O3
intenso,1,PREEMPCAO_COMPENSADA,1760.0,VE_ROTA_VE_CORREDOR_02,2941.26,13.76,A2_O3
intenso,1,PREEMPCAO_COMPENSADA,1761.0,VE_ROTA_VE_CORREDOR_02,2954.87,13.51,A2_O3
intenso,1,PREEMPCAO_COMPENSADA,1762.0,VE_ROTA_VE_CORREDOR_02,2968.20,13.19,A2_O3
intenso,1,PREEMPCAO_COMPENSADA,1763.0,VE_ROTA_VE_CORREDOR_02,2981.33,13.07,:CRUZ_07_4
intenso,1,PREEMPCAO_COMPENSADA,1764.0,VE_ROTA_VE_CORREDOR_02,2994.39,13.05,A2_O2
intenso,1,PREEMPCAO_COMPENSADA,1765.0,VE_ROTA_VE_CORREDOR_02,3007.48,13.12,A2_O2
intenso,1,PREEMPCAO_COMPENSADA,1766.0,VE_ROTA_VE_CORREDOR_02,3020.60,13.20,A2_O2
intenso,1,PREEMPCAO_COMPENSADA,1767.0,VE_ROTA_VE_CORREDOR_02,3033.81,13.21,A2_O2
intenso,1,PREEMPCAO_COMPENSADA,1768.0,VE_ROTA_VE_CORREDOR_02,3047.09,13.34,A2_O2
intenso,1,PREEMPCAO_COMPENSADA,1769.0,VE_ROTA_VE_CORREDOR_02,3060.47,13.38,A2_O2
intenso,1,PREEMPCAO_COMPENSADA,1770.0,VE_ROTA_VE_CORREDOR_02,3073.94,13.53,A2_O2
intenso,1,PREEMPCAO_COMPENSADA,1771.0,VE_ROTA_VE_CORREDOR_02,3087.49,13.63,A2_O2
intenso,1,PREEMPCAO_COMPENSADA,1772.0,VE_ROTA_VE_CORREDOR_02,3101.10,13.60,A2_O2
intenso,1,PREEMPCAO_COMPENSADA,1773.0,VE_ROTA_VE_CORREDOR_02,3114.80,13.76,A2_O2
intenso,1,PREEMPCAO_COMPENSADA,1774.0,VE_ROTA_VE_CORREDOR_02,3128.55,13.79,A2_O2
intenso,1,PREEMPCAO_COMPENSADA,1775.0,VE_ROTA_VE_CORREDOR_02,3142.36,13.80,A2_O2
intenso,1,PREEMPCAO_COMPENSADA,1776.0,VE_ROTA_VE_CORREDOR_02,3156.18,13.80,A2_O2
intenso,1,PREEMPCAO_COMPENSADA,1777.0,VE_ROTA_VE_CORREDOR_02,3170.06,13.86,A2_O2
intenso,1,PREEMPCAO_COMPENSADA,1778.0,VE_ROTA_VE_CORREDOR_02,3183.94,13.90,A2_O2
intenso,1,PREEMPCAO_COMPENSADA,1779.0,VE_ROTA_VE_CORREDOR_02,3197.86,13.96,A2_O2
intenso,1,PREEMPCAO_COMPENSADA,1780.0,VE_ROTA_VE_CORREDOR_02,3211.79,13.91,A2_O2
intenso,1,PREEMPCAO_COMPENSADA,1781.0,VE_ROTA_VE_CORREDOR_02,3225.75,14.00,A2_O2
intenso,1,PREEMPCAO_COMPENSADA,1782.0,VE_ROTA_VE_CORREDOR_02,3239.74,13.98,A2_O2
intenso,1,PREEMPCAO_COMPENSADA,1783.0,VE_ROTA_VE_CORREDOR_02,3253.74,13.99,A2_O2
intenso,1,PREEMPCAO_COMPENSADA,1784.0,VE_ROTA_VE_CORREDOR_02,3267.75,14.00,A2_O2
intenso,1,PREEMPCAO_COMPENSADA,1785.0,VE_ROTA_VE_CORREDOR_02,3281.60,13.56,A2_O2
intenso,1,PREEMPCAO_COMPENSADA,1786.0,VE_ROTA_VE_CORREDOR_02,3294.67,12.74,A2_O2
intenso,1,PREEMPCAO_COMPENSADA,1787.0,VE_ROTA_VE_CORREDOR_02,3306.92,11.85,A2_O2
intenso,1,PREEMPCAO_COMPENSADA,1788.0,VE_ROTA_VE_CORREDOR_02,3318.31,11.01,A2_O2
intenso,1,PREEMPCAO_COMPENSADA,1789.0,VE_ROTA_VE_CORREDOR_02,3328.88,10.22,A2_O2
intenso,1,PREEMPCAO_COMPENSADA,1790.0,VE_ROTA_VE_CORREDOR_02,3338.73,9.58,A2_O2
intenso,1,PREEMPCAO_COMPENSADA,1791.0,VE_ROTA_VE_CORREDOR_02,3347.94,8.97,A2_O2
intenso,1,PREEMPCAO_COMPENSADA,1792.0,VE_ROTA_VE_CORREDOR_02,3356.66,8.58,A2_O2
intenso,1,PREEMPCAO_COMPENSADA,1793.0,VE_ROTA_VE_CORREDOR_02,3365.07,8.32,A2_O2
intenso,1,PREEMPCAO_COMPENSADA,1794.0,VE_ROTA_VE_CORREDOR_02,3373.29,8.20,A2_O2
intenso,1,PREEMPCAO_COMPENSADA,1795.0,VE_ROTA_VE_CORREDOR_02,3381.48,8.22,A2_O2
intenso,1,PREEMPCAO_COMPENSADA,1796.0,VE_ROTA_VE_CORREDOR_02,3389.76,8.35,A2_O2
intenso,1,PREEMPCAO_COMPENSADA,1797.0,VE_ROTA_VE_CORREDOR_02,3398.23,8.60,A2_O2
intenso,1,PREEMPCAO_COMPENSADA,1798.0,VE_ROTA_VE_CORREDOR_02,3406.97,8.86,A2_O2
intenso,1,PREEMPCAO_COMPENSADA,1799.0,VE_ROTA_VE_CORREDOR_02,3415.97,9.10,A2_O2
intenso,1,PREEMPCAO_COMPENSADA,1800.0,VE_ROTA_VE_CORREDOR_02,3425.27,9.46,A2_O2
intenso,1,PREEMPCAO_COMPENSADA,1801.0,VE_ROTA_VE_CORREDOR_02,3434.88,9.75,A2_O2
intenso,1,PREEMPCAO_COMPENSADA,1802.0,VE_ROTA_VE_CORREDOR_02,3444.82,10.07,A2_O2
intenso,1,PREEMPCAO_COMPENSADA,1803.0,VE_ROTA_VE_CORREDOR_02,3455.03,10.37,A2_O2
intenso,1,PREEMPCAO_COMPENSADA,1804.0,VE_ROTA_VE_CORREDOR_02,3465.55,10.62,A2_O2
intenso,1,PREEMPCAO_COMPENSADA,1805.0,VE_ROTA_VE_CORREDOR_02,3476.27,10.90,:CRUZ_06_4
intenso,1,PREEMPCAO_COMPENSADA,1806.0,VE_ROTA_VE_CORREDOR_02,3487.24,11.11,A2_O1
intenso,1,PREEMPCAO_COMPENSADA,1807.0,VE_ROTA_VE_CORREDOR_02,3498.44,11.29,A2_O1
intenso,1,PREEMPCAO_COMPENSADA,1808.0,VE_ROTA_VE_CORREDOR_02,3509.84,11.49,A2_O1
intenso,1,PREEMPCAO_COMPENSADA,1809.0,VE_ROTA_VE_CORREDOR_02,3521.40,11.59,A2_O1
intenso,1,PREEMPCAO_COMPENSADA,1810.0,VE_ROTA_VE_CORREDOR_02,3533.14,11.84,A2_O1
intenso,1,PREEMPCAO_COMPENSADA,1811.0,VE_ROTA_VE_CORREDOR_02,3545.02,11.95,A2_O1
intenso,1,PREEMPCAO_COMPENSADA,1812.0,VE_ROTA_VE_CORREDOR_02,3557.03,12.10,A2_O1
intenso,1,PREEMPCAO_COMPENSADA,1813.0,VE_ROTA_VE_CORREDOR_02,3569.14,12.21,A2_O1
intenso,1,PREEMPCAO_COMPENSADA,1814.0,VE_ROTA_VE_CORREDOR_02,3581.36,12.26,A2_O1
intenso,1,PREEMPCAO_COMPENSADA,1815.0,VE_ROTA_VE_CORREDOR_02,3593.68,12.40,A2_O1
intenso,1,PREEMPCAO_COMPENSADA,1816.0,VE_ROTA_VE_CORREDOR_02,3606.05,12.39,A2_O1
intenso,1,PREEMPCAO_COMPENSADA,1817.0,VE_ROTA_VE_CORREDOR_02,3618.50,12.44,A2_O1
intenso,1,PREEMPCAO_COMPENSADA,1818.0,VE_ROTA_VE_CORREDOR_02,3630.98,12.48,A2_O1
intenso,1,PREEMPCAO_COMPENSADA,1819.0,VE_ROTA_VE_CORREDOR_02,3643.45,12.41,A2_O1
intenso,1,PREEMPCAO_COMPENSADA,1820.0,VE_ROTA_VE_CORREDOR_02,3655.91,12.43,A2_O1
intenso,1,PREEMPCAO_COMPENSADA,1821.0,VE_ROTA_VE_CORREDOR_02,3668.31,12.35,A2_O1
intenso,1,PREEMPCAO_COMPENSADA,1822.0,VE_ROTA_VE_CORREDOR_02,3680.62,12.24,A2_O1
intenso,1,PREEMPCAO_COMPENSADA,1823.0,VE_ROTA_VE_CORREDOR_02,3692.82,12.12,A2_O1
intenso,1,PREEMPCAO_COMPENSADA,1824.0,VE_ROTA_VE_CORREDOR_02,3704.83,11.92,A2_O1
intenso,1,PREEMPCAO_COMPENSADA,1825.0,VE_ROTA_VE_CORREDOR_02,3716.62,11.71,A2_O1
intenso,1,PREEMPCAO_COMPENSADA,1826.0,VE_ROTA_VE_CORREDOR_02,3728.21,11.52,A2_O1
intenso,1,PREEMPCAO_COMPENSADA,1827.0,VE_ROTA_VE_CORREDOR_02,3739.56,11.21,A2_O1
intenso,1,PREEMPCAO_COMPENSADA,1828.0,VE_ROTA_VE_CORREDOR_02,3750.65,11.00,A2_O1
intenso,1,PREEMPCAO_COMPENSADA,1829.0,VE_ROTA_VE_CORREDOR_02,3761.50,10.72,A2_O1
intenso,1,PREEMPCAO_COMPENSADA,1830.0,VE_ROTA_VE_CORREDOR_02,3772.11,10.52,A2_O1
intenso,1,PREEMPCAO_COMPENSADA,1831.0,VE_ROTA_VE_CORREDOR_02,3782.50,10.28,A2_O1
intenso,1,PREEMPCAO_COMPENSADA,1832.0,VE_ROTA_VE_CORREDOR_02,3792.71,10.10,A2_O1
intenso,1,PREEMPCAO_COMPENSADA,1833.0,VE_ROTA_VE_CORREDOR_02,3802.77,9.96,A2_O1
intenso,1,PREEMPCAO_COMPENSADA,1834.0,VE_ROTA_VE_CORREDOR_02,3812.70,9.93,A2_O1
intenso,1,PREEMPCAO_COMPENSADA,1835.0,VE_ROTA_VE_CORREDOR_02,3822.55,9.84,A2_O1
intenso,1,PREEMPCAO_COMPENSADA,1836.0,VE_ROTA_VE_CORREDOR_02,3832.37,9.85,A2_O1
intenso,1,PREEMPCAO_COMPENSADA,1837.0,VE_ROTA_VE_CORREDOR_02,3842.17,9.81,A2_O1
intenso,1,PREEMPCAO_COMPENSADA,1838.0,VE_ROTA_VE_CORREDOR_02,3852.02,9.86,A2_O1
intenso,1,PREEMPCAO_COMPENSADA,1839.0,VE_ROTA_VE_CORREDOR_02,3861.94,9.91,A2_O1
intenso,1,PREEMPCAO_COMPENSADA,1840.0,VE_ROTA_VE_CORREDOR_02,3871.94,10.08,A2_O1
intenso,1,PREEMPCAO_COMPENSADA,1841.0,VE_ROTA_VE_CORREDOR_02,3882.04,10.23,A2_O1
intenso,1,PREEMPCAO_COMPENSADA,1842.0,VE_ROTA_VE_CORREDOR_02,3892.24,10.25,A2_O1
intenso,1,PREEMPCAO_COMPENSADA,1843.0,VE_ROTA_VE_CORREDOR_02,3902.69,10.95,A2_O1
intenso,1,PREEMPCAO_COMPENSADA,1844.0,VE_ROTA_VE_CORREDOR_02,3914.51,11.97,A2_O1
intenso,1,PREEMPCAO_COMPENSADA,1845.0,VE_ROTA_VE_CORREDOR_02,3926.56,12.05,A2_O1
intenso,1,PREEMPCAO_COMPENSADA,1846.0,VE_ROTA_VE_CORREDOR_02,3938.71,12.16,A2_O1
intenso,1,PREEMPCAO_COMPENSADA,1847.0,VE_ROTA_VE_CORREDOR_02,3950.95,12.27,A2_O1
intenso,1,PREEMPCAO_COMPENSADA,1848.0,VE_ROTA_VE_CORREDOR_02,3963.31,12.41,A2_O1
intenso,1,PREEMPCAO_COMPENSADA,1849.0,VE_ROTA_VE_CORREDOR_02,3975.78,12.48,:CRUZ_05_4
intenso,1,PREEMPCAO_COMPENSADA,1850.0,VE_ROTA_VE_CORREDOR_02,3988.36,12.67,A2_O0
intenso,1,PREEMPCAO_COMPENSADA,1851.0,VE_ROTA_VE_CORREDOR_02,4001.05,12.70,A2_O0
intenso,1,PREEMPCAO_COMPENSADA,1852.0,VE_ROTA_VE_CORREDOR_02,4013.84,12.78,A2_O0
intenso,1,PREEMPCAO_COMPENSADA,1853.0,VE_ROTA_VE_CORREDOR_02,4026.72,12.87,A2_O0
intenso,1,PREEMPCAO_COMPENSADA,1854.0,VE_ROTA_VE_CORREDOR_02,4039.71,13.07,A2_O0
intenso,1,PREEMPCAO_COMPENSADA,1855.0,VE_ROTA_VE_CORREDOR_02,4052.76,13.08,A2_O0
intenso,1,PREEMPCAO_COMPENSADA,1856.0,VE_ROTA_VE_CORREDOR_02,4065.89,13.11,A2_O0
intenso,1,PREEMPCAO_COMPENSADA,1857.0,VE_ROTA_VE_CORREDOR_02,4079.10,13.27,A2_O0
intenso,1,PREEMPCAO_COMPENSADA,1858.0,VE_ROTA_VE_CORREDOR_02,4092.35,13.33,A2_O0
intenso,1,PREEMPCAO_COMPENSADA,1859.0,VE_ROTA_VE_CORREDOR_02,4105.66,13.36,A2_O0
intenso,1,PREEMPCAO_COMPENSADA,1860.0,VE_ROTA_VE_CORREDOR_02,4119.01,13.45,A2_O0
intenso,1,PREEMPCAO_COMPENSADA,1861.0,VE_ROTA_VE_CORREDOR_02,4132.41,13.43,A2_O0
intenso,1,PREEMPCAO_COMPENSADA,1862.0,VE_ROTA_VE_CORREDOR_02,4145.89,13.52,A2_O0
intenso,1,PREEMPCAO_COMPENSADA,1863.0,VE_ROTA_VE_CORREDOR_02,4159.39,13.48,A2_O0
intenso,1,PREEMPCAO_COMPENSADA,1864.0,VE_ROTA_VE_CORREDOR_02,4172.93,13.52,A2_O0
intenso,1,PREEMPCAO_COMPENSADA,1865.0,VE_ROTA_VE_CORREDOR_02,4186.58,13.66,A2_O0
intenso,1,PREEMPCAO_COMPENSADA,1866.0,VE_ROTA_VE_CORREDOR_02,4200.35,13.88,A2_O0
intenso,1,PREEMPCAO_COMPENSADA,1867.0,VE_ROTA_VE_CORREDOR_02,4214.23,13.90,A2_O0
intenso,1,PREEMPCAO_COMPENSADA,1868.0,VE_ROTA_VE_CORREDOR_02,4228.17,13.99,A2_O0
intenso,1,PREEMPCAO_COMPENSADA,1869.0,VE_ROTA_VE_CORREDOR_02,4242.23,14.08,A2_O0
intenso,1,PREEMPCAO_COMPENSADA,1870.0,VE_ROTA_VE_CORREDOR_02,4256.37,14.28,A2_O0
intenso,1,PREEMPCAO_COMPENSADA,1871.0,VE_ROTA_VE_CORREDOR_02,4270.59,14.27,A2_O0
intenso,1,PREEMPCAO_COMPENSADA,1872.0,VE_ROTA_VE_CORREDOR_02,4284.88,14.28,A2_O0
intenso,1,PREEMPCAO_COMPENSADA,1873.0,VE_ROTA_VE_CORREDOR_02,4299.31,14.55,A2_O0
intenso,1,PREEMPCAO_COMPENSADA,1874.0,VE_ROTA_VE_CORREDOR_02,4314.04,14.79,A2_O0
intenso,1,PREEMPCAO_COMPENSADA,1875.0,VE_ROTA_VE_CORREDOR_02,4328.91,15.00,A2_O0
intenso,1,PREEMPCAO_COMPENSADA,1876.0,VE_ROTA_VE_CORREDOR_02,4344.00,15.34,A2_O0
intenso,1,PREEMPCAO_COMPENSADA,1877.0,VE_ROTA_VE_CORREDOR_02,4359.41,15.47,A2_O0
intenso,1,PREEMPCAO_COMPENSADA,1878.0,VE_ROTA_VE_CORREDOR_02,4374.95,15.54,A2_O0
intenso,1,PREEMPCAO_COMPENSADA,1879.0,VE_ROTA_VE_CORREDOR_02,4390.53,15.58,A2_O0
intenso,1,PREEMPCAO_COMPENSADA,1880.0,VE_ROTA_VE_CORREDOR_02,4406.15,15.68,A2_O0
intenso,1,PREEMPCAO_COMPENSADA,1881.0,VE_ROTA_VE_CORREDOR_02,4421.80,15.64,A2_O0
intenso,1,PREEMPCAO_COMPENSADA,1882.0,VE_ROTA_VE_CORREDOR_02,4437.45,15.65,A2_O0
intenso,1,PREEMPCAO_COMPENSADA,1883.0,VE_ROTA_VE_CORREDOR_02,4453.10,15.63,A2_O0
intenso,1,PREEMPCAO_COMPENSADA,1884.0,VE_ROTA_VE_CORREDOR_02,4469.77,17.91,A2_O0
intenso,1,PREEMPCAO_COMPENSADA,2101.0,VE_ROTA_VE_CORREDOR_03,19.49,21.66,A1_L0
intenso,1,PREEMPCAO_COMPENSADA,2102.0,VE_ROTA_VE_CORREDOR_03,40.89,20.93,A1_L0
intenso,1,PREEMPCAO_COMPENSADA,2103.0,VE_ROTA_VE_CORREDOR_03,61.25,19.98,A1_L0
intenso,1,PREEMPCAO_COMPENSADA,2104.0,VE_ROTA_VE_CORREDOR_03,80.71,19.12,A1_L0
intenso,1,PREEMPCAO_COMPENSADA,2105.0,VE_ROTA_VE_CORREDOR_03,99.40,18.39,A1_L0
intenso,1,PREEMPCAO_COMPENSADA,2106.0,VE_ROTA_VE_CORREDOR_03,117.45,17.75,A1_L0
intenso,1,PREEMPCAO_COMPENSADA,2107.0,VE_ROTA_VE_CORREDOR_03,134.94,17.27,A1_L0
intenso,1,PREEMPCAO_COMPENSADA,2108.0,VE_ROTA_VE_CORREDOR_03,152.03,16.90,A1_L0
intenso,1,PREEMPCAO_COMPENSADA,2109.0,VE_ROTA_VE_CORREDOR_03,168.77,16.60,A1_L0
intenso,1,PREEMPCAO_COMPENSADA,2110.0,VE_ROTA_VE_CORREDOR_03,185.21,16.35,A1_L0
intenso,1,PREEMPCAO_COMPENSADA,2111.0,VE_ROTA_VE_CORREDOR_03,201.43,16.18,A1_L0
intenso,1,PREEMPCAO_COMPENSADA,2112.0,VE_ROTA_VE_CORREDOR_03,217.48,15.93,A1_L0
intenso,1,PREEMPCAO_COMPENSADA,2113.0,VE_ROTA_VE_CORREDOR_03,233.40,15.89,A1_L0
intenso,1,PREEMPCAO_COMPENSADA,2114.0,VE_ROTA_VE_CORREDOR_03,249.20,15.76,A1_L0
intenso,1,PREEMPCAO_COMPENSADA,2115.0,VE_ROTA_VE_CORREDOR_03,264.92,15.65,A1_L0
intenso,1,PREEMPCAO_COMPENSADA,2116.0,VE_ROTA_VE_CORREDOR_03,280.59,15.60,A1_L0
intenso,1,PREEMPCAO_COMPENSADA,2117.0,VE_ROTA_VE_CORREDOR_03,296.19,15.59,A1_L0
intenso,1,PREEMPCAO_COMPENSADA,2118.0,VE_ROTA_VE_CORREDOR_03,311.75,15.56,A1_L0
intenso,1,PREEMPCAO_COMPENSADA,2119.0,VE_ROTA_VE_CORREDOR_03,327.26,15.48,A1_L0
intenso,1,PREEMPCAO_COMPENSADA,2120.0,VE_ROTA_VE_CORREDOR_03,342.75,15.53,A1_L0
intenso,1,PREEMPCAO_COMPENSADA,2121.0,VE_ROTA_VE_CORREDOR_03,358.23,15.43,A1_L0
intenso,1,PREEMPCAO_COMPENSADA,2122.0,VE_ROTA_VE_CORREDOR_03,373.70,15.43,A1_L0
intenso,1,PREEMPCAO_COMPENSADA,2123.0,VE_ROTA_VE_CORREDOR_03,389.13,15.49,A1_L0
intenso,1,PREEMPCAO_COMPENSADA,2124.0,VE_ROTA_VE_CORREDOR_03,404.60,15.44,A1_L0
intenso,1,PREEMPCAO_COMPENSADA,2125.0,VE_ROTA_VE_CORREDOR_03,420.03,15.43,A1_L0
intenso,1,PREEMPCAO_COMPENSADA,2126.0,VE_ROTA_VE_CORREDOR_03,435.45,15.42,A1_L0
intenso,1,PREEMPCAO_COMPENSADA,2127.0,VE_ROTA_VE_CORREDOR_03,450.87,15.46,A1_L0
intenso,1,PREEMPCAO_COMPENSADA,2128.0,VE_ROTA_VE_CORREDOR_03,466.31,15.41,A1_L0
intenso,1,PREEMPCAO_COMPENSADA,2129.0,VE_ROTA_VE_CORREDOR_03,481.73,15.37,A1_L0
intenso,1,PREEMPCAO_COMPENSADA,2130.0,VE_ROTA_VE_CORREDOR_03,497.13,15.36,:CRUZ_01_11
intenso,1,PREEMPCAO_COMPENSADA,2131.0,VE_ROTA_VE_CORREDOR_03,512.54,15.42,A1_L1
intenso,1,PREEMPCAO_COMPENSADA,2132.0,VE_ROTA_VE_CORREDOR_03,527.95,15.40,A1_L1
intenso,1,PREEMPCAO_COMPENSADA,2133.0,VE_ROTA_VE_CORREDOR_03,543.37,15.41,A1_L1
intenso,1,PREEMPCAO_COMPENSADA,2134.0,VE_ROTA_VE_CORREDOR_03,558.77,15.40,A1_L1
intenso,1,PREEMPCAO_COMPENSADA,2135.0,VE_ROTA_VE_CORREDOR_03,574.18,15.43,A1_L1
intenso,1,PREEMPCAO_COMPENSADA,2136.0,VE_ROTA_VE_CORREDOR_03,589.60,15.37,A1_L1
intenso,1,PREEMPCAO_COMPENSADA,2137.0,VE_ROTA_VE_CORREDOR_03,605.02,15.41,A1_L1
intenso,1,PREEMPCAO_COMPENSADA,2138.0,VE_ROTA_VE_CORREDOR_03,620.43,15.46,A1_L1
intenso,1,PREEMPCAO_COMPENSADA,2139.0,VE_ROTA_VE_CORREDOR_03,635.84,15.38,A1_L1
intenso,1,PREEMPCAO_COMPENSADA,2140.0,VE_ROTA_VE_CORREDOR_03,651.25,15.38,A1_L1
intenso,1,PREEMPCAO_COMPENSADA,2141.0,VE_ROTA_VE_CORREDOR_03,666.66,15.41,A1_L1
intenso,1,PREEMPCAO_COMPENSADA,2142.0,VE_ROTA_VE_CORREDOR_03,682.09,15.41,A1_L1
intenso,1,PREEMPCAO_COMPENSADA,2143.0,VE_ROTA_VE_CORREDOR_03,697.48,15.43,A1_L1
intenso,1,PREEMPCAO_COMPENSADA,2144.0,VE_ROTA_VE_CORREDOR_03,712.88,15.41,A1_L1
intenso,1,PREEMPCAO_COMPENSADA,2145.0,VE_ROTA_VE_CORREDOR_03,728.29,15.43,A1_L1
intenso,1,PREEMPCAO_COMPENSADA,2146.0,VE_ROTA_VE_CORREDOR_03,743.70,15.44,A1_L1
intenso,1,PREEMPCAO_COMPENSADA,2147.0,VE_ROTA_VE_CORREDOR_03,759.11,15.38,A1_L1
intenso,1,PREEMPCAO_COMPENSADA,2148.0,VE_ROTA_VE_CORREDOR_03,774.52,15.41,A1_L1
intenso,1,PREEMPCAO_COMPENSADA,2149.0,VE_ROTA_VE_CORREDOR_03,789.94,15.40,A1_L1
intenso,1,PREEMPCAO_COMPENSADA,2150.0,VE_ROTA_VE_CORREDOR_03,805.34,15.39,A1_L1
intenso,1,PREEMPCAO_COMPENSADA,2151.0,VE_ROTA_VE_CORREDOR_03,819.88,13.81,A1_L1
intenso,1,PREEMPCAO_COMPENSADA,2152.0,VE_ROTA_VE_CORREDOR_03,832.86,12.30,A1_L1
intenso,1,PREEMPCAO_COMPENSADA,2153.0,VE_ROTA_VE_CORREDOR_03,844.36,10.80,A1_L1
intenso,1,PREEMPCAO_COMPENSADA,2154.0,VE_ROTA_VE_CORREDOR_03,854.39,9.39,A1_L1
intenso,1,PREEMPCAO_COMPENSADA,2155.0,VE_ROTA_VE_CORREDOR_03,863.02,8.01,A1_L1
intenso,1,PREEMPCAO_COMPENSADA,2156.0,VE_ROTA_VE_CORREDOR_03,870.33,6.72,A1_L1
intenso,1,PREEMPCAO_COMPENSADA,2157.0,VE_ROTA_VE_CORREDOR_03,876.40,5.52,A1_L1
intenso,1,PREEMPCAO_COMPENSADA,2158.0,VE_ROTA_VE_CORREDOR_03,881.39,4.52,A1_L1
intenso,1,PREEMPCAO_COMPENSADA,2159.0,VE_ROTA_VE_CORREDOR_03,885.46,3.72,A1_L1
intenso,1,PREEMPCAO_COMPENSADA,2160.0,VE_ROTA_VE_CORREDOR_03,888.87,3.24,A1_L1
intenso,1,PREEMPCAO_COMPENSADA,2161.0,VE_ROTA_VE_CORREDOR_03,892.01,3.12,A1_L1
intenso,1,PREEMPCAO_COMPENSADA,2162.0,VE_ROTA_VE_CORREDOR_03,895.17,3.24,A1_L1
intenso,1,PREEMPCAO_COMPENSADA,2163.0,VE_ROTA_VE_CORREDOR_03,898.65,3.67,A1_L1
intenso,1,PREEMPCAO_COMPENSADA,2164.0,VE_ROTA_VE_CORREDOR_03,902.62,4.23,A1_L1
intenso,1,PREEMPCAO_COMPENSADA,2165.0,VE_ROTA_VE_CORREDOR_03,907.19,4.90,A1_L1
intenso,1,PREEMPCAO_COMPENSADA,2166.0,VE_ROTA_VE_CORREDOR_03,912.41,5.52,A1_L1
intenso,1,PREEMPCAO_COMPENSADA,2167.0,VE_ROTA_VE_CORREDOR_03,919.19,7.61,A1_L1
intenso,1,PREEMPCAO_COMPENSADA,2168.0,VE_ROTA_VE_CORREDOR_03,927.13,8.16,A1_L1
intenso,1,PREEMPCAO_COMPENSADA,2169.0,VE_ROTA_VE_CORREDOR_03,935.68,8.83,A1_L1
intenso,1,PREEMPCAO_COMPENSADA,2170.0,VE_ROTA_VE_CORREDOR_03,944.82,9.38,A1_L1
intenso,1,PREEMPCAO_COMPENSADA,2171.0,VE_ROTA_VE_CORREDOR_03,954.55,9.99,A1_L1
intenso,1,PREEMPCAO_COMPENSADA,2172.0,VE_ROTA_VE_CORREDOR_03,964.82,10.57,A1_L1
intenso,1,PREEMPCAO_COMPENSADA,2173.0,VE_ROTA_VE_CORREDOR_03,975.57,10.97,A1_L1
intenso,1,PREEMPCAO_COMPENSADA,2174.0,VE_ROTA_VE_CORREDOR_03,986.74,11.35,A1_L1
intenso,1,PREEMPCAO_COMPENSADA,2175.0,VE_ROTA_VE_CORREDOR_03,998.29,11.71,:CRUZ_02_11
intenso,1,PREEMPCAO_COMPENSADA,2176.0,VE_ROTA_VE_CORREDOR_03,1010.19,12.03,A1_L2
intenso,1,PREEMPCAO_COMPENSADA,2177.0,VE_ROTA_VE_CORREDOR_03,1022.38,12.37,A1_L2
intenso,1,PREEMPCAO_COMPENSADA,2178.0,VE_ROTA_VE_CORREDOR_03,1034.87,12.60,A1_L2
intenso,1,PREEMPCAO_COMPENSADA,2179.0,VE_ROTA_VE_CORREDOR_03,1047.57,12.85,A1_L2
intenso,1,PREEMPCAO_COMPENSADA,2180.0,VE_ROTA_VE_CORREDOR_03,1060.49,12.98,A1_L2
intenso,1,PREEMPCAO_COMPENSADA,2181.0,VE_ROTA_VE_CORREDOR_03,1073.59,13.20,A1_L2
intenso,1,PREEMPCAO_COMPENSADA,2182.0,VE_ROTA_VE_CORREDOR_03,1086.86,13.29,A1_L2
intenso,1,PREEMPCAO_COMPENSADA,2183.0,VE_ROTA_VE_CORREDOR_03,1100.24,13.44,A1_L2
intenso,1,PREEMPCAO_COMPENSADA,2184.0,VE_ROTA_VE_CORREDOR_03,1113.79,13.57,A1_L2
intenso,1,PREEMPCAO_COMPENSADA,2185.0,VE_ROTA_VE_CORREDOR_03,1127.41,13.67,A1_L2
intenso,1,PREEMPCAO_COMPENSADA,2186.0,VE_ROTA_VE_CORREDOR_03,1141.13,13.70,A1_L2
intenso,1,PREEMPCAO_COMPENSADA,2187.0,VE_ROTA_VE_CORREDOR_03,1154.97,13.88,A1_L2
intenso,1,PREEMPCAO_COMPENSADA,2188.0,VE_ROTA_VE_CORREDOR_03,1168.85,13.94,A1_L2
intenso,1,PREEMPCAO_COMPENSADA,2189.0,VE_ROTA_VE_CORREDOR_03,1182.79,14.02,A1_L2
intenso,1,PREEMPCAO_COMPENSADA,2190.0,VE_ROTA_VE_CORREDOR_03,1196.78,14.01,A1_L2
intenso,1,PREEMPCAO_COMPENSADA,2191.0,VE_ROTA_VE_CORREDOR_03,1210.81,13.97,A1_L2
intenso,1,PREEMPCAO_COMPENSADA,2192.0,VE_ROTA_VE_CORREDOR_03,1224.74,13.92,A1_L2
intenso,1,PREEMPCAO_COMPENSADA,2193.0,VE_ROTA_VE_CORREDOR_03,1238.47,13.64,A1_L2
intenso,1,PREEMPCAO_COMPENSADA,2194.0,VE_ROTA_VE_CORREDOR_03,1251.95,13.37,A1_L2
intenso,1,PREEMPCAO_COMPENSADA,2195.0,VE_ROTA_VE_CORREDOR_03,1265.14,13.08,A1_L2
intenso,1,PREEMPCAO_COMPENSADA,2196.0,VE_ROTA_VE_CORREDOR_03,1277.95,12.63,A1_L2
intenso,1,PREEMPCAO_COMPENSADA,2197.0,VE_ROTA_VE_CORREDOR_03,1290.33,12.18,A1_L2
intenso,1,PREEMPCAO_COMPENSADA,2198.0,VE_ROTA_VE_CORREDOR_03,1302.26,11.67,A1_L2
intenso,1,PREEMPCAO_COMPENSADA,2199.0,VE_ROTA_VE_CORREDOR_03,1313.68,11.17,A1_L2
intenso,1,PREEMPCAO_COMPENSADA,2200.0,VE_ROTA_VE_CORREDOR_03,1324.57,10.60,A1_L2
intenso,1,PREEMPCAO_COMPENSADA,2201.0,VE_ROTA_VE_CORREDOR_03,1334.92,10.08,A1_L2
intenso,1,PREEMPCAO_COMPENSADA,2202.0,VE_ROTA_VE_CORREDOR_03,1344.64,9.44,A1_L2
intenso,1,PREEMPCAO_COMPENSADA,2203.0,VE_ROTA_VE_CORREDOR_03,1353.74,8.81,A1_L2
intenso,1,PREEMPCAO_COMPENSADA,2204.0,VE_ROTA_VE_CORREDOR_03,1362.18,8.13,A1_L2
intenso,1,PREEMPCAO_COMPENSADA,2205.0,VE_ROTA_VE_CORREDOR_03,1369.98,7.50,A1_L2
intenso,1,PREEMPCAO_COMPENSADA,2206.0,VE_ROTA_VE_CORREDOR_03,1377.07,6.77,A1_L2
intenso,1,PREEMPCAO_COMPENSADA,2207.0,VE_ROTA_VE_CORREDOR_03,1383.49,6.14,A1_L2
intenso,1,PREEMPCAO_COMPENSADA,2208.0,VE_ROTA_VE_CORREDOR_03,1389.27,5.51,A1_L2
intenso,1,PREEMPCAO_COMPENSADA,2209.0,VE_ROTA_VE_CORREDOR_03,1394.41,4.89,A1_L2
intenso,1,PREEMPCAO_COMPENSADA,2210.0,VE_ROTA_VE_CORREDOR_03,1399.02,4.41,A1_L2
intenso,1,PREEMPCAO_COMPENSADA,2211.0,VE_ROTA_VE_CORREDOR_03,1403.23,4.12,A1_L2
intenso,1,PREEMPCAO_COMPENSADA,2212.0,VE_ROTA_VE_CORREDOR_03,1407.34,4.16,A1_L2
intenso,1,PREEMPCAO_COMPENSADA,2213.0,VE_ROTA_VE_CORREDOR_03,1411.61,4.48,A1_L2
intenso,1,PREEMPCAO_COMPENSADA,2214.0,VE_ROTA_VE_CORREDOR_03,1416.36,4.98,A1_L2
intenso,1,PREEMPCAO_COMPENSADA,2215.0,VE_ROTA_VE_CORREDOR_03,1421.77,5.77,A1_L2
intenso,1,PREEMPCAO_COMPENSADA,2216.0,VE_ROTA_VE_CORREDOR_03,1427.77,6.16,A1_L2
intenso,1,PREEMPCAO_COMPENSADA,2217.0,VE_ROTA_VE_CORREDOR_03,1434.12,6.57,A1_L2
intenso,1,PREEMPCAO_COMPENSADA,2218.0,VE_ROTA_VE_CORREDOR_03,1440.92,7.07,A1_L2
intenso,1,PREEMPCAO_COMPENSADA,2219.0,VE_ROTA_VE_CORREDOR_03,1448.30,7.60,A1_L2
intenso,1,PREEMPCAO_COMPENSADA,2220.0,VE_ROTA_VE_CORREDOR_03,1456.17,8.08,A1_L2
intenso,1,PREEMPCAO_COMPENSADA,2221.0,VE_ROTA_VE_CORREDOR_03,1464.53,8.55,A1_L2
intenso,1,PREEMPCAO_COMPENSADA,2222.0,VE_ROTA_VE_CORREDOR_03,1473.39,9.08,A1_L2
intenso,1,PREEMPCAO_COMPENSADA,2223.0,VE_ROTA_VE_CORREDOR_03,1482.68,9.48,A1_L2
intenso,1,PREEMPCAO_COMPENSADA,2224.0,VE_ROTA_VE_CORREDOR_03,1492.39,9.90,:CRUZ_03_11
intenso,1,PREEMPCAO_COMPENSADA,2225.0,VE_ROTA_VE_CORREDOR_03,1502.47,10.26,A1_L3
intenso,1,PREEMPCAO_COMPENSADA,2226.0,VE_ROTA_VE_CORREDOR_03,1512.89,10.52,A1_L3
intenso,1,PREEMPCAO_COMPENSADA,2227.0,VE_ROTA_VE_CORREDOR_03,1523.61,10.87,A1_L3
intenso,1,PREEMPCAO_COMPENSADA,2228.0,VE_ROTA_VE_CORREDOR_03,1534.60,11.11,A1_L3
intenso,1,PREEMPCAO_COMPENSADA,2229.0,VE_ROTA_VE_CORREDOR_03,1545.85,11.34,A1_L3
intenso,1,PREEMPCAO_COMPENSADA,2230.0,VE_ROTA_VE_CORREDOR_03,1557.33,11.55,A1_L3
intenso,1,PREEMPCAO_COMPENSADA,2231.0,VE_ROTA_VE_CORREDOR_03,1569.02,11.79,A1_L3
intenso,1,PREEMPCAO_COMPENSADA,2232.0,VE_ROTA_VE_CORREDOR_03,1580.90,11.91,A1_L3
intenso,1,PREEMPCAO_COMPENSADA,2233.0,VE_ROTA_VE_CORREDOR_03,1592.92,12.12,A1_L3
intenso,1,PREEMPCAO_COMPENSADA,2234.0,VE_ROTA_VE_CORREDOR_03,1605.10,12.25,A1_L3
intenso,1,PREEMPCAO_COMPENSADA,2235.0,VE_ROTA_VE_CORREDOR_03,1617.43,12.43,A1_L3
intenso,1,PREEMPCAO_COMPENSADA,2236.0,VE_ROTA_VE_CORREDOR_03,1629.87,12.54,A1_L3
intenso,1,PREEMPCAO_COMPENSADA,2237.0,VE_ROTA_VE_CORREDOR_03,1642.43,12.63,A1_L3
intenso,1,PREEMPCAO_COMPENSADA,2238.0,VE_ROTA_VE_CORREDOR_03,1655.07,12.69,A1_L3
intenso,1,PREEMPCAO_COMPENSADA,2239.0,VE_ROTA_VE_CORREDOR_03,1667.79,12.76,A1_L3
intenso,1,PREEMPCAO_COMPENSADA,2240.0,VE_ROTA_VE_CORREDOR_03,1680.58,12.78,A1_L3
intenso,1,PREEMPCAO_COMPENSADA,2241.0,VE_ROTA_VE_CORREDOR_03,1693.42,12.85,A1_L3
intenso,1,PREEMPCAO_COMPENSADA,2242.0,VE_ROTA_VE_CORREDOR_03,1706.18,12.74,A1_L3
intenso,1,PREEMPCAO_COMPENSADA,2243.0,VE_ROTA_VE_CORREDOR_03,1718.85,12.66,A1_L3
intenso,1,PREEMPCAO_COMPENSADA,2244.0,VE_ROTA_VE_CORREDOR_03,1731.38,12.41,A1_L3
intenso,1,PREEMPCAO_COMPENSADA,2245.0,VE_ROTA_VE_CORREDOR_03,1743.74,12.29,A1_L3
intenso,1,PREEMPCAO_COMPENSADA,2246.0,VE_ROTA_VE_CORREDOR_03,1755.87,12.05,A1_L3
intenso,1,PREEMPCAO_COMPENSADA,2247.0,VE_ROTA_VE_CORREDOR_03,1767.73,11.70,A1_L3
intenso,1,PREEMPCAO_COMPENSADA,2248.0,VE_ROTA_VE_CORREDOR_03,1779.27,11.39,A1_L3
intenso,1,PREEMPCAO_COMPENSADA,2249.0,VE_ROTA_VE_CORREDOR_03,1790.46,11.01,A1_L3
intenso,1,PREEMPCAO_COMPENSADA,2250.0,VE_ROTA_VE_CORREDOR_03,1801.27,10.56,A1_L3
intenso,1,PREEMPCAO_COMPENSADA,2251.0,VE_ROTA_VE_CORREDOR_03,1811.64,10.20,A1_L3
intenso,1,PREEMPCAO_COMPENSADA,2252.0,VE_ROTA_VE_CORREDOR_03,1821.55,9.68,A1_L3
intenso,1,PREEMPCAO_COMPENSADA,2253.0,VE_ROTA_VE_CORREDOR_03,1830.99,9.18,A1_L3
intenso,1,PREEMPCAO_COMPENSADA,2254.0,VE_ROTA_VE_CORREDOR_03,1839.91,8.72,A1_L3
intenso,1,PREEMPCAO_COMPENSADA,2255.0,VE_ROTA_VE_CORREDOR_03,1848.29,8.10,A1_L3
intenso,1,PREEMPCAO_COMPENSADA,2256.0,VE_ROTA_VE_CORREDOR_03,1856.10,7.55,A1_L3
intenso,1,PREEMPCAO_COMPENSADA,2257.0,VE_ROTA_VE_CORREDOR_03,1863.35,7.01,A1_L3
intenso,1,PREEMPCAO_COMPENSADA,2258.0,VE_ROTA_VE_CORREDOR_03,1870.01,6.44,A1_L3
intenso,1,PREEMPCAO_COMPENSADA,2259.0,VE_ROTA_VE_CORREDOR_03,1876.07,5.79,A1_L3
intenso,1,PREEMPCAO_COMPENSADA,2260.0,VE_ROTA_VE_CORREDOR_03,1881.53,5.16,A1_L3
intenso,1,PREEMPCAO_COMPENSADA,2261.0,VE_ROTA_VE_CORREDOR_03,1886.40,4.61,A1_L3
intenso,1,PREEMPCAO_COMPENSADA,2262.0,VE_ROTA_VE_CORREDOR_03,1890.68,4.01,A1_L3
intenso,1,PREEMPCAO_COMPENSADA,2263.0,VE_ROTA_VE_CORREDOR_03,1894.42,3.51,A1_L3
intenso,1,PREEMPCAO_COMPENSADA,2264.0,VE_ROTA_VE_CORREDOR_03,1897.67,3.08,A1_L3
intenso,1,PREEMPCAO_COMPENSADA,2265.0,VE_ROTA_VE_CORREDOR_03,1900.55,2.76,A1_L3
intenso,1,PREEMPCAO_COMPENSADA,2266.0,VE_ROTA_VE_CORREDOR_03,1903.24,2.70,A1_L3
intenso,1,PREEMPCAO_COMPENSADA,2267.0,VE_ROTA_VE_CORREDOR_03,1906.04,2.89,A1_L3
intenso,1,PREEMPCAO_COMPENSADA,2268.0,VE_ROTA_VE_CORREDOR_03,1909.19,3.38,A1_L3
intenso,1,PREEMPCAO_COMPENSADA,2269.0,VE_ROTA_VE_CORREDOR_03,1912.91,4.03,A1_L3
intenso,1,PREEMPCAO_COMPENSADA,2270.0,VE_ROTA_VE_CORREDOR_03,1917.30,4.73,A1_L3
intenso,1,PREEMPCAO_COMPENSADA,2271.0,VE_ROTA_VE_CORREDOR_03,1922.39,5.39,A1_L3
intenso,1,PREEMPCAO_COMPENSADA,2272.0,VE_ROTA_VE_CORREDOR_03,1928.18,6.11,A1_L3
intenso,1,PREEMPCAO_COMPENSADA,2273.0,VE_ROTA_VE_CORREDOR_03,1934.68,6.84,A1_L3
intenso,1,PREEMPCAO_COMPENSADA,2274.0,VE_ROTA_VE_CORREDOR_03,1941.82,7.40,A1_L3
intenso,1,PREEMPCAO_COMPENSADA,2275.0,VE_ROTA_VE_CORREDOR_03,1949.54,7.97,A1_L3
intenso,1,PREEMPCAO_COMPENSADA,2276.0,VE_ROTA_VE_CORREDOR_03,1957.83,8.46,A1_L3
intenso,1,PREEMPCAO_COMPENSADA,2277.0,VE_ROTA_VE_CORREDOR_03,1966.62,8.99,A1_L3
intenso,1,PREEMPCAO_COMPENSADA,2278.0,VE_ROTA_VE_CORREDOR_03,1975.88,9.45,A1_L3
intenso,1,PREEMPCAO_COMPENSADA,2279.0,VE_ROTA_VE_CORREDOR_03,1985.62,9.46,A1_L3
intenso,1,PREEMPCAO_COMPENSADA,2280.0,VE_ROTA_VE_CORREDOR_03,1994.12,8.45,:CRUZ_04_10
intenso,1,PREEMPCAO_COMPENSADA,2281.0,VE_ROTA_VE_CORREDOR_03,2003.36,10.45,T4_S1
intenso,1,PREEMPCAO_COMPENSADA,2282.0,VE_ROTA_VE_CORREDOR_03,2015.35,13.26,T4_S1
intenso,1,PREEMPCAO_COMPENSADA,2283.0,VE_ROTA_VE_CORREDOR_03,2029.60,14.44,T4_S1
intenso,1,PREEMPCAO_COMPENSADA,2284.0,VE_ROTA_VE_CORREDOR_03,2044.03,14.43,T4_S1
intenso,1,PREEMPCAO_COMPENSADA,2285.0,VE_ROTA_VE_CORREDOR_03,2058.46,14.44,T4_S1
intenso,1,PREEMPCAO_COMPENSADA,2286.0,VE_ROTA_VE_CORREDOR_03,2072.89,14.43,T4_S1
intenso,1,PREEMPCAO_COMPENSADA,2287.0,VE_ROTA_VE_CORREDOR_03,2087.31,14.43,T4_S1
intenso,1,PREEMPCAO_COMPENSADA,2288.0,VE_ROTA_VE_CORREDOR_03,2101.74,14.43,T4_S1
intenso,1,PREEMPCAO_COMPENSADA,2289.0,VE_ROTA_VE_CORREDOR_03,2116.17,14.43,T4_S1
intenso,1,PREEMPCAO_COMPENSADA,2290.0,VE_ROTA_VE_CORREDOR_03,2130.60,14.42,T4_S1
intenso,1,PREEMPCAO_COMPENSADA,2291.0,VE_ROTA_VE_CORREDOR_03,2145.02,14.43,T4_S1
intenso,1,PREEMPCAO_COMPENSADA,2292.0,VE_ROTA_VE_CORREDOR_03,2159.45,14.43,T4_S1
intenso,1,PREEMPCAO_COMPENSADA,2293.0,VE_ROTA_VE_CORREDOR_03,2173.87,14.42,T4_S1
intenso,1,PREEMPCAO_COMPENSADA,2294.0,VE_ROTA_VE_CORREDOR_03,2188.31,14.44,T4_S1
intenso,1,PREEMPCAO_COMPENSADA,2295.0,VE_ROTA_VE_CORREDOR_03,2202.74,14.44,T4_S1
intenso,1,PREEMPCAO_COMPENSADA,2296.0,VE_ROTA_VE_CORREDOR_03,2217.17,14.43,T4_S1
intenso,1,PREEMPCAO_COMPENSADA,2297.0,VE_ROTA_VE_CORREDOR_03,2231.60,14.42,T4_S1
intenso,1,PREEMPCAO_COMPENSADA,2298.0,VE_ROTA_VE_CORREDOR_03,2246.02,14.43,T4_S1
intenso,1,PREEMPCAO_COMPENSADA,2299.0,VE_ROTA_VE_CORREDOR_03,2260.45,14.42,T4_S1
intenso,1,PREEMPCAO_COMPENSADA,2300.0,VE_ROTA_VE_CORREDOR_03,2274.88,14.43,T4_S1
intenso,1,PREEMPCAO_COMPENSADA,2301.0,VE_ROTA_VE_CORREDOR_03,2289.31,14.44,T4_S1
intenso,1,PREEMPCAO_COMPENSADA,2302.0,VE_ROTA_VE_CORREDOR_03,2303.74,14.44,T4_S1
intenso,1,PREEMPCAO_COMPENSADA,2303.0,VE_ROTA_VE_CORREDOR_03,2318.17,14.43,T4_S1
intenso,1,PREEMPCAO_COMPENSADA,2304.0,VE_ROTA_VE_CORREDOR_03,2332.60,14.42,T4_S1
intenso,1,PREEMPCAO_COMPENSADA,2305.0,VE_ROTA_VE_CORREDOR_03,2347.02,14.44,T4_S1
intenso,1,PREEMPCAO_COMPENSADA,2306.0,VE_ROTA_VE_CORREDOR_03,2361.45,14.42,T4_S1
intenso,1,PREEMPCAO_COMPENSADA,2307.0,VE_ROTA_VE_CORREDOR_03,2375.87,14.44,T4_S1
intenso,1,PREEMPCAO_COMPENSADA,2308.0,VE_ROTA_VE_CORREDOR_03,2390.30,14.42,T4_S1
intenso,1,PREEMPCAO_COMPENSADA,2309.0,VE_ROTA_VE_CORREDOR_03,2404.73,14.43,T4_S1
intenso,1,PREEMPCAO_COMPENSADA,2310.0,VE_ROTA_VE_CORREDOR_03,2419.03,13.79,T4_S1
intenso,1,PREEMPCAO_COMPENSADA,2311.0,VE_ROTA_VE_CORREDOR_03,2431.68,11.80,T4_S1
intenso,1,PREEMPCAO_COMPENSADA,2312.0,VE_ROTA_VE_CORREDOR_03,2442.68,10.47,T4_S1
intenso,1,PREEMPCAO_COMPENSADA,2313.0,VE_ROTA_VE_CORREDOR_03,2452.60,9.56,T4_S1
intenso,1,PREEMPCAO_COMPENSADA,2314.0,VE_ROTA_VE_CORREDOR_03,2461.87,9.05,T4_S1
intenso,1,PREEMPCAO_COMPENSADA,2315.0,VE_ROTA_VE_CORREDOR_03,2471.17,9.61,T4_S1
intenso,1,PREEMPCAO_COMPENSADA,2316.0,VE_ROTA_VE_CORREDOR_03,2480.06,8.45,:CRUZ_08_0
intenso,1,PREEMPCAO_COMPENSADA,2317.0,VE_ROTA_VE_CORREDOR_03,2488.80,9.59,A2_O3
intenso,1,PREEMPCAO_COMPENSADA,2318.0,VE_ROTA_VE_CORREDOR_03,2499.96,12.42,A2_O3
intenso,1,PREEMPCAO_COMPENSADA,2319.0,VE_ROTA_VE_CORREDOR_03,2513.96,15.29,A2_O3
intenso,1,PREEMPCAO_COMPENSADA,2320.0,VE_ROTA_VE_CORREDOR_03,2530.81,18.14,A2_O3
intenso,1,PREEMPCAO_COMPENSADA,2321.0,VE_ROTA_VE_CORREDOR_03,2550.53,21.01,A2_O3
intenso,1,PREEMPCAO_COMPENSADA,2322.0,VE_ROTA_VE_CORREDOR_03,2572.15,21.65,A2_O3
intenso,1,PREEMPCAO_COMPENSADA,2323.0,VE_ROTA_VE_CORREDOR_03,2593.80,21.67,A2_O3
intenso,1,PREEMPCAO_COMPENSADA,2324.0,VE_ROTA_VE_CORREDOR_03,2615.46,21.66,A2_O3
intenso,1,PREEMPCAO_COMPENSADA,2325.0,VE_ROTA_VE_CORREDOR_03,2637.11,21.67,A2_O3
intenso,1,PREEMPCAO_COMPENSADA,2326.0,VE_ROTA_VE_CORREDOR_03,2658.77,21.64,A2_O3
intenso,1,PREEMPCAO_COMPENSADA,2327.0,VE_ROTA_VE_CORREDOR_03,2680.42,21.65,A2_O3
intenso,1,PREEMPCAO_COMPENSADA,2328.0,VE_ROTA_VE_CORREDOR_03,2702.08,21.65,A2_O3
intenso,1,PREEMPCAO_COMPENSADA,2329.0,VE_ROTA_VE_CORREDOR_03,2723.73,21.67,A2_O3
intenso,1,PREEMPCAO_COMPENSADA,2330.0,VE_ROTA_VE_CORREDOR_03,2745.39,21.65,A2_O3
intenso,1,PREEMPCAO_COMPENSADA,2331.0,VE_ROTA_VE_CORREDOR_03,2767.05,21.65,A2_O3
intenso,1,PREEMPCAO_COMPENSADA,2332.0,VE_ROTA_VE_CORREDOR_03,2788.52,20.71,A2_O3
intenso,1,PREEMPCAO_COMPENSADA,2333.0,VE_ROTA_VE_CORREDOR_03,2807.45,17.49,A2_O3
intenso,1,PREEMPCAO_COMPENSADA,2334.0,VE_ROTA_VE_CORREDOR_03,2823.22,14.40,A2_O3
intenso,1,PREEMPCAO_COMPENSADA,2335.0,VE_ROTA_VE_CORREDOR_03,2836.01,11.52,A2_O3
intenso,1,PREEMPCAO_COMPENSADA,2336.0,VE_ROTA_VE_CORREDOR_03,2846.08,8.92,A2_O3
intenso,1,PREEMPCAO_COMPENSADA,2337.0,VE_ROTA_VE_CORREDOR_03,2853.75,6.72,A2_O3
intenso,1,PREEMPCAO_COMPENSADA,2338.0,VE_ROTA_VE_CORREDOR_03,2859.48,5.00,A2_O3
intenso,1,PREEMPCAO_COMPENSADA,2339.0,VE_ROTA_VE_CORREDOR_03,2863.85,3.92,A2_O3
intenso,1,PREEMPCAO_COMPENSADA,2340.0,VE_ROTA_VE_CORREDOR_03,2867.46,3.41,A2_O3
intenso,1,PREEMPCAO_COMPENSADA,2341.0,VE_ROTA_VE_CORREDOR_03,2870.87,3.47,A2_O3
intenso,1,PREEMPCAO_COMPENSADA,2342.0,VE_ROTA_VE_CORREDOR_03,2874.45,3.75,A2_O3
intenso,1,PREEMPCAO_COMPENSADA,2343.0,VE_ROTA_VE_CORREDOR_03,2878.48,4.26,A2_O3
intenso,1,PREEMPCAO_COMPENSADA,2344.0,VE_ROTA_VE_CORREDOR_03,2883.11,4.93,A2_O3
intenso,1,PREEMPCAO_COMPENSADA,2345.0,VE_ROTA_VE_CORREDOR_03,2888.44,5.63,A2_O3
intenso,1,PREEMPCAO_COMPENSADA,2346.0,VE_ROTA_VE_CORREDOR_03,2894.53,6.47,A2_O3
intenso,1,PREEMPCAO_COMPENSADA,2347.0,VE_ROTA_VE_CORREDOR_03,2901.42,7.27,A2_O3
intenso,1,PREEMPCAO_COMPENSADA,2348.0,VE_ROTA_VE_CORREDOR_03,2909.06,7.96,A2_O3
intenso,1,PREEMPCAO_COMPENSADA,2349.0,VE_ROTA_VE_CORREDOR_03,2917.39,8.59,A2_O3
intenso,1,PREEMPCAO_COMPENSADA,2350.0,VE_ROTA_VE_CORREDOR_03,2926.37,9.22,A2_O3
intenso,1,PREEMPCAO_COMPENSADA,2351.0,VE_ROTA_VE_CORREDOR_03,2935.88,9.75,A2_O3
intenso,1,PREEMPCAO_COMPENSADA,2352.0,VE_ROTA_VE_CORREDOR_03,2945.92,10.20,A2_O3
intenso,1,PREEMPCAO_COMPENSADA,2353.0,VE_ROTA_VE_CORREDOR_03,2956.38,10.67,A2_O3
intenso,1,PREEMPCAO_COMPENSADA,2354.0,VE_ROTA_VE_CORREDOR_03,2967.25,11.05,A2_O3
intenso,1,PREEMPCAO_COMPENSADA,2355.0,VE_ROTA_VE_CORREDOR_03,2978.48,11.34,:CRUZ_07_4
intenso,1,PREEMPCAO_COMPENSADA,2356.0,VE_ROTA_VE_CORREDOR_03,2990.01,11.70,A2_O2
intenso,1,PREEMPCAO_COMPENSADA,2357.0,VE_ROTA_VE_CORREDOR_03,3001.84,12.02,A2_O2
intenso,1,PREEMPCAO_COMPENSADA,2358.0,VE_ROTA_VE_CORREDOR_03,3013.92,12.17,A2_O2
intenso,1,PREEMPCAO_COMPENSADA,2359.0,VE_ROTA_VE_CORREDOR_03,3026.18,12.38,A2_O2
intenso,1,PREEMPCAO_COMPENSADA,2360.0,VE_ROTA_VE_CORREDOR_03,3038.67,12.62,A2_O2
intenso,1,PREEMPCAO_COMPENSADA,2361.0,VE_ROTA_VE_CORREDOR_03,3051.35,12.66,A2_O2
intenso,1,PREEMPCAO_COMPENSADA,2362.0,VE_ROTA_VE_CORREDOR_03,3064.18,12.91,A2_O2
intenso,1,PREEMPCAO_COMPENSADA,2363.0,VE_ROTA_VE_CORREDOR_03,3077.11,12.96,A2_O2
intenso,1,PREEMPCAO_COMPENSADA,2364.0,VE_ROTA_VE_CORREDOR_03,3090.18,13.12,A2_O2
intenso,1,PREEMPCAO_COMPENSADA,2365.0,VE_ROTA_VE_CORREDOR_03,3103.31,13.23,A2_O2
intenso,1,PREEMPCAO_COMPENSADA,2366.0,VE_ROTA_VE_CORREDOR_03,3116.56,13.29,A2_O2
intenso,1,PREEMPCAO_COMPENSADA,2367.0,VE_ROTA_VE_CORREDOR_03,3129.87,13.33,A2_O2
intenso,1,PREEMPCAO_COMPENSADA,2368.0,VE_ROTA_VE_CORREDOR_03,3143.26,13.32,A2_O2
intenso,1,PREEMPCAO_COMPENSADA,2369.0,VE_ROTA_VE_CORREDOR_03,3156.73,13.50,A2_O2
intenso,1,PREEMPCAO_COMPENSADA,2370.0,VE_ROTA_VE_CORREDOR_03,3170.15,13.28,A2_O2
intenso,1,PREEMPCAO_COMPENSADA,2371.0,VE_ROTA_VE_CORREDOR_03,3183.43,13.23,A2_O2
intenso,1,PREEMPCAO_COMPENSADA,2372.0,VE_ROTA_VE_CORREDOR_03,3196.56,13.02,A2_O2
intenso,1,PREEMPCAO_COMPENSADA,2373.0,VE_ROTA_VE_CORREDOR_03,3209.46,12.74,A2_O2
intenso,1,PREEMPCAO_COMPENSADA,2374.0,VE_ROTA_VE_CORREDOR_03,3222.06,12.50,A2_O2
intenso,1,PREEMPCAO_COMPENSADA,2375.0,VE_ROTA_VE_CORREDOR_03,3234.32,12.11,A2_O2
intenso,1,PREEMPCAO_COMPENSADA,2376.0,VE_ROTA_VE_CORREDOR_03,3246.21,11.72,A2_O2
intenso,1,PREEMPCAO_COMPENSADA,2377.0,VE_ROTA_VE_CORREDOR_03,3257.65,11.21,A2_O2
intenso,1,PREEMPCAO_COMPENSADA,2378.0,VE_ROTA_VE_CORREDOR_03,3268.97,11.00,A2_O2
intenso,1,PREEMPCAO_COMPENSADA,2379.0,VE_ROTA_VE_CORREDOR_03,3279.71,10.44,A2_O2
intenso,1,PREEMPCAO_COMPENSADA,2380.0,VE_ROTA_VE_CORREDOR_03,3289.84,9.84,A2_O2
intenso,1,PREEMPCAO_COMPENSADA,2381.0,VE_ROTA_VE_CORREDOR_03,3299.37,9.25,A2_O2
intenso,1,PREEMPCAO_COMPENSADA,2382.0,VE_ROTA_VE_CORREDOR_03,3308.25,8.56,A2_O2
intenso,1,PREEMPCAO_COMPENSADA,2383.0,VE_ROTA_VE_CORREDOR_03,3316.51,8.00,A2_O2
intenso,1,PREEMPCAO_COMPENSADA,2384.0,VE_ROTA_VE_CORREDOR_03,3324.09,7.27,A2_O2
intenso,1,PREEMPCAO_COMPENSADA,2385.0,VE_ROTA_VE_CORREDOR_03,3331.01,6.61,A2_O2
intenso,1,PREEMPCAO_COMPENSADA,2386.0,VE_ROTA_VE_CORREDOR_03,3337.28,6.01,A2_O2
intenso,1,PREEMPCAO_COMPENSADA,2387.0,VE_ROTA_VE_CORREDOR_03,3342.89,5.31,A2_O2
intenso,1,PREEMPCAO_COMPENSADA,2388.0,VE_ROTA_VE_CORREDOR_03,3347.84,4.65,A2_O2
intenso,1,PREEMPCAO_COMPENSADA,2389.0,VE_ROTA_VE_CORREDOR_03,3352.19,4.07,A2_O2
intenso,1,PREEMPCAO_COMPENSADA,2390.0,VE_ROTA_VE_CORREDOR_03,3355.96,3.55,A2_O2
intenso,1,PREEMPCAO_COMPENSADA,2391.0,VE_ROTA_VE_CORREDOR_03,3359.23,3.06,A2_O2
intenso,1,PREEMPCAO_COMPENSADA,2392.0,VE_ROTA_VE_CORREDOR_03,3362.14,2.79,A2_O2
intenso,1,PREEMPCAO_COMPENSADA,2393.0,VE_ROTA_VE_CORREDOR_03,3364.83,2.63,A2_O2
intenso,1,PREEMPCAO_COMPENSADA,2394.0,VE_ROTA_VE_CORREDOR_03,3367.51,2.73,A2_O2
intenso,1,PREEMPCAO_COMPENSADA,2395.0,VE_ROTA_VE_CORREDOR_03,3370.39,3.00,A2_O2
intenso,1,PREEMPCAO_COMPENSADA,2396.0,VE_ROTA_VE_CORREDOR_03,3373.66,3.50,A2_O2
intenso,1,PREEMPCAO_COMPENSADA,2397.0,VE_ROTA_VE_CORREDOR_03,3377.45,4.07,A2_O2
intenso,1,PREEMPCAO_COMPENSADA,2398.0,VE_ROTA_VE_CORREDOR_03,3381.89,4.70,A2_O2
intenso,1,PREEMPCAO_COMPENSADA,2399.0,VE_ROTA_VE_CORREDOR_03,3387.03,5.50,A2_O2
intenso,1,PREEMPCAO_COMPENSADA,2400.0,VE_ROTA_VE_CORREDOR_03,3392.96,6.32,A2_O2
intenso,1,PREEMPCAO_COMPENSADA,2401.0,VE_ROTA_VE_CORREDOR_03,3399.67,7.08,A2_O2
intenso,1,PREEMPCAO_COMPENSADA,2402.0,VE_ROTA_VE_CORREDOR_03,3407.19,7.94,A2_O2
intenso,1,PREEMPCAO_COMPENSADA,2403.0,VE_ROTA_VE_CORREDOR_03,3415.51,8.68,A2_O2
intenso,1,PREEMPCAO_COMPENSADA,2404.0,VE_ROTA_VE_CORREDOR_03,3424.49,9.24,A2_O2
intenso,1,PREEMPCAO_COMPENSADA,2405.0,VE_ROTA_VE_CORREDOR_03,3434.05,9.83,A2_O2
intenso,1,PREEMPCAO_COMPENSADA,2406.0,VE_ROTA_VE_CORREDOR_03,3444.16,10.36,A2_O2
intenso,1,PREEMPCAO_COMPENSADA,2407.0,VE_ROTA_VE_CORREDOR_03,3454.72,10.74,A2_O2
intenso,1,PREEMPCAO_COMPENSADA,2408.0,VE_ROTA_VE_CORREDOR_03,3465.72,11.13,A2_O2
intenso,1,PREEMPCAO_COMPENSADA,2409.0,VE_ROTA_VE_CORREDOR_03,3477.06,11.45,:CRUZ_06_4
intenso,1,PREEMPCAO_COMPENSADA,2410.0,VE_ROTA_VE_CORREDOR_03,3488.74,11.79,A2_O1
intenso,1,PREEMPCAO_COMPENSADA,2411.0,VE_ROTA_VE_CORREDOR_03,3500.68,12.07,A2_O1
intenso,1,PREEMPCAO_COMPENSADA,2412.0,VE_ROTA_VE_CORREDOR_03,3512.87,12.32,A2_O1
intenso,1,PREEMPCAO_COMPENSADA,2413.0,VE_ROTA_VE_CORREDOR_03,3525.25,12.45,A2_O1
intenso,1,PREEMPCAO_COMPENSADA,2414.0,VE_ROTA_VE_CORREDOR_03,3537.86,12.68,A2_O1
intenso,1,PREEMPCAO_COMPENSADA,2415.0,VE_ROTA_VE_CORREDOR_03,3550.80,13.63,A2_O1
intenso,1,PREEMPCAO_COMPENSADA,2416.0,VE_ROTA_VE_CORREDOR_03,3564.65,13.76,A2_O1
intenso,1,PREEMPCAO_COMPENSADA,2417.0,VE_ROTA_VE_CORREDOR_03,3578.39,13.78,A2_O1
intenso,1,PREEMPCAO_COMPENSADA,2418.0,VE_ROTA_VE_CORREDOR_03,3592.06,13.70,A2_O1
intenso,1,PREEMPCAO_COMPENSADA,2419.0,VE_ROTA_VE_CORREDOR_03,3605.72,13.61,A2_O1
intenso,1,PREEMPCAO_COMPENSADA,2420.0,VE_ROTA_VE_CORREDOR_03,3619.33,13.72,A2_O1
intenso,1,PREEMPCAO_COMPENSADA,2421.0,VE_ROTA_VE_CORREDOR_03,3632.90,13.62,A2_O1
intenso,1,PREEMPCAO_COMPENSADA,2422.0,VE_ROTA_VE_CORREDOR_03,3646.51,13.63,A2_O1
intenso,1,PREEMPCAO_COMPENSADA,2423.0,VE_ROTA_VE_CORREDOR_03,3660.12,13.64,A2_O1
intenso,1,PREEMPCAO_COMPENSADA,2424.0,VE_ROTA_VE_CORREDOR_03,3673.76,13.63,A2_O1
intenso,1,PREEMPCAO_COMPENSADA,2425.0,VE_ROTA_VE_CORREDOR_03,3687.38,13.67,A2_O1
intenso,1,PREEMPCAO_COMPENSADA,2426.0,VE_ROTA_VE_CORREDOR_03,3701.04,13.65,A2_O1
intenso,1,PREEMPCAO_COMPENSADA,2427.0,VE_ROTA_VE_CORREDOR_03,3714.73,13.54,A2_O1
intenso,1,PREEMPCAO_COMPENSADA,2428.0,VE_ROTA_VE_CORREDOR_03,3728.23,13.46,A2_O1
intenso,1,PREEMPCAO_COMPENSADA,2429.0,VE_ROTA_VE_CORREDOR_03,3741.48,13.11,A2_O1
intenso,1,PREEMPCAO_COMPENSADA,2430.0,VE_ROTA_VE_CORREDOR_03,3754.43,12.83,A2_O1
intenso,1,PREEMPCAO_COMPENSADA,2431.0,VE_ROTA_VE_CORREDOR_03,3767.00,12.36,A2_O1
intenso,1,PREEMPCAO_COMPENSADA,2432.0,VE_ROTA_VE_CORREDOR_03,3779.16,11.95,A2_O1
intenso,1,PREEMPCAO_COMPENSADA,2433.0,VE_ROTA_VE_CORREDOR_03,3790.83,11.45,A2_O1
intenso,1,PREEMPCAO_COMPENSADA,2434.0,VE_ROTA_VE_CORREDOR_03,3802.00,10.91,A2_O1
intenso,1,PREEMPCAO_COMPENSADA,2435.0,VE_ROTA_VE_CORREDOR_03,3812.62,10.36,A2_O1
intenso,1,PREEMPCAO_COMPENSADA,2436.0,VE_ROTA_VE_CORREDOR_03,3823.52,10.72,A2_O1
intenso,1,PREEMPCAO_COMPENSADA,2437.0,VE_ROTA_VE_CORREDOR_03,3833.84,10.01,A2_O1
intenso,1,PREEMPCAO_COMPENSADA,2438.0,VE_ROTA_VE_CORREDOR_03,3843.44,9.25,A2_O1
intenso,1,PREEMPCAO_COMPENSADA,2439.0,VE_ROTA_VE_CORREDOR_03,3852.29,8.55,A2_O1
intenso,1,PREEMPCAO_COMPENSADA,2440.0,VE_ROTA_VE_CORREDOR_03,3860.38,7.70,A2_O1
intenso,1,PREEMPCAO_COMPENSADA,2441.0,VE_ROTA_VE_CORREDOR_03,3867.71,6.96,A2_O1
intenso,1,PREEMPCAO_COMPENSADA,2442.0,VE_ROTA_VE_CORREDOR_03,3874.27,6.21,A2_O1
intenso,1,PREEMPCAO_COMPENSADA,2443.0,VE_ROTA_VE_CORREDOR_03,3880.07,5.43,A2_O1
intenso,1,PREEMPCAO_COMPENSADA,2444.0,VE_ROTA_VE_CORREDOR_03,3885.13,4.73,A2_O1
intenso,1,PREEMPCAO_COMPENSADA,2445.0,VE_ROTA_VE_CORREDOR_03,3889.48,4.05,A2_O1
intenso,1,PREEMPCAO_COMPENSADA,2446.0,VE_ROTA_VE_CORREDOR_03,3893.18,3.44,A2_O1
intenso,1,PREEMPCAO_COMPENSADA,2447.0,VE_ROTA_VE_CORREDOR_03,3896.35,2.96,A2_O1
intenso,1,PREEMPCAO_COMPENSADA,2448.0,VE_ROTA_VE_CORREDOR_03,3899.15,2.70,A2_O1
intenso,1,PREEMPCAO_COMPENSADA,2449.0,VE_ROTA_VE_CORREDOR_03,3901.77,2.61,A2_O1
intenso,1,PREEMPCAO_COMPENSADA,2450.0,VE_ROTA_VE_CORREDOR_03,3904.43,2.73,A2_O1
intenso,1,PREEMPCAO_COMPENSADA,2451.0,VE_ROTA_VE_CORREDOR_03,3907.36,3.11,A2_O1
intenso,1,PREEMPCAO_COMPENSADA,2452.0,VE_ROTA_VE_CORREDOR_03,3910.73,3.62,A2_O1
intenso,1,PREEMPCAO_COMPENSADA,2453.0,VE_ROTA_VE_CORREDOR_03,3914.69,4.25,A2_O1
intenso,1,PREEMPCAO_COMPENSADA,2454.0,VE_ROTA_VE_CORREDOR_03,3919.32,5.00,A2_O1
intenso,1,PREEMPCAO_COMPENSADA,2455.0,VE_ROTA_VE_CORREDOR_03,3924.71,5.71,A2_O1
intenso,1,PREEMPCAO_COMPENSADA,2456.0,VE_ROTA_VE_CORREDOR_03,3930.91,6.58,A2_O1
intenso,1,PREEMPCAO_COMPENSADA,2457.0,VE_ROTA_VE_CORREDOR_03,3937.97,7.41,A2_O1
intenso,1,PREEMPCAO_COMPENSADA,2458.0,VE_ROTA_VE_CORREDOR_03,3945.84,8.23,A2_O1
intenso,1,PREEMPCAO_COMPENSADA,2459.0,VE_ROTA_VE_CORREDOR_03,3954.44,8.95,A2_O1
intenso,1,PREEMPCAO_COMPENSADA,2460.0,VE_ROTA_VE_CORREDOR_03,3963.67,9.55,A2_O1
intenso,1,PREEMPCAO_COMPENSADA,2461.0,VE_ROTA_VE_CORREDOR_03,3973.50,10.08,:CRUZ_05_4
intenso,1,PREEMPCAO_COMPENSADA,2462.0,VE_ROTA_VE_CORREDOR_03,3983.79,10.55,:CRUZ_05_4
intenso,1,PREEMPCAO_COMPENSADA,2463.0,VE_ROTA_VE_CORREDOR_03,3994.54,10.96,A2_O0
intenso,1,PREEMPCAO_COMPENSADA,2464.0,VE_ROTA_VE_CORREDOR_03,4005.69,11.28,A2_O0
intenso,1,PREEMPCAO_COMPENSADA,2465.0,VE_ROTA_VE_CORREDOR_03,4017.19,11.68,A2_O0
intenso,1,PREEMPCAO_COMPENSADA,2466.0,VE_ROTA_VE_CORREDOR_03,4029.00,11.92,A2_O0
intenso,1,PREEMPCAO_COMPENSADA,2467.0,VE_ROTA_VE_CORREDOR_03,4041.06,12.17,A2_O0
intenso,1,PREEMPCAO_COMPENSADA,2468.0,VE_ROTA_VE_CORREDOR_03,4053.35,12.42,A2_O0
intenso,1,PREEMPCAO_COMPENSADA,2469.0,VE_ROTA_VE_CORREDOR_03,4065.88,12.62,A2_O0
intenso,1,PREEMPCAO_COMPENSADA,2470.0,VE_ROTA_VE_CORREDOR_03,4078.57,12.80,A2_O0
intenso,1,PREEMPCAO_COMPENSADA,2471.0,VE_ROTA_VE_CORREDOR_03,4091.41,12.90,A2_O0
intenso,1,PREEMPCAO_COMPENSADA,2472.0,VE_ROTA_VE_CORREDOR_03,4104.39,13.01,A2_O0
intenso,1,PREEMPCAO_COMPENSADA,2473.0,VE_ROTA_VE_CORREDOR_03,4117.48,13.20,A2_O0
intenso,1,PREEMPCAO_COMPENSADA,2474.0,VE_ROTA_VE_CORREDOR_03,4130.69,13.26,A2_O0
intenso,1,PREEMPCAO_COMPENSADA,2475.0,VE_ROTA_VE_CORREDOR_03,4143.99,13.32,A2_O0
intenso,1,PREEMPCAO_COMPENSADA,2476.0,VE_ROTA_VE_CORREDOR_03,4157.34,13.42,A2_O0
intenso,1,PREEMPCAO_COMPENSADA,2477.0,VE_ROTA_VE_CORREDOR_03,4170.78,13.44,A2_O0
intenso,1,PREEMPCAO_COMPENSADA,2478.0,VE_ROTA_VE_CORREDOR_03,4184.29,13.52,A2_O0
intenso,1,PREEMPCAO_COMPENSADA,2479.0,VE_ROTA_VE_CORREDOR_03,4197.85,13.63,A2_O0
intenso,1,PREEMPCAO_COMPENSADA,2480.0,VE_ROTA_VE_CORREDOR_03,4211.44,13.65,A2_O0
intenso,1,PREEMPCAO_COMPENSADA,2481.0,VE_ROTA_VE_CORREDOR_03,4225.09,13.63,A2_O0
intenso,1,PREEMPCAO_COMPENSADA,2482.0,VE_ROTA_VE_CORREDOR_03,4238.76,13.69,A2_O0
intenso,1,PREEMPCAO_COMPENSADA,2483.0,VE_ROTA_VE_CORREDOR_03,4252.47,13.70,A2_O0
intenso,1,PREEMPCAO_COMPENSADA,2484.0,VE_ROTA_VE_CORREDOR_03,4266.18,13.77,A2_O0
intenso,1,PREEMPCAO_COMPENSADA,2485.0,VE_ROTA_VE_CORREDOR_03,4279.91,13.74,A2_O0
intenso,1,PREEMPCAO_COMPENSADA,2486.0,VE_ROTA_VE_CORREDOR_03,4293.69,13.79,A2_O0
intenso,1,PREEMPCAO_COMPENSADA,2487.0,VE_ROTA_VE_CORREDOR_03,4307.47,13.89,A2_O0
intenso,1,PREEMPCAO_COMPENSADA,2488.0,VE_ROTA_VE_CORREDOR_03,4321.42,14.18,A2_O0
intenso,1,PREEMPCAO_COMPENSADA,2489.0,VE_ROTA_VE_CORREDOR_03,4335.80,14.51,A2_O0
intenso,1,PREEMPCAO_COMPENSADA,2490.0,VE_ROTA_VE_CORREDOR_03,4350.43,14.73,A2_O0
intenso,1,PREEMPCAO_COMPENSADA,2491.0,VE_ROTA_VE_CORREDOR_03,4365.15,14.75,A2_O0
intenso,1,PREEMPCAO_COMPENSADA,2492.0,VE_ROTA_VE_CORREDOR_03,4379.93,14.77,A2_O0
intenso,1,PREEMPCAO_COMPENSADA,2493.0,VE_ROTA_VE_CORREDOR_03,4394.76,14.81,A2_O0
intenso,1,PREEMPCAO_COMPENSADA,2494.0,VE_ROTA_VE_CORREDOR_03,4409.65,14.94,A2_O0
intenso,1,PREEMPCAO_COMPENSADA,2495.0,VE_ROTA_VE_CORREDOR_03,4424.58,14.99,A2_O0
intenso,1,PREEMPCAO_COMPENSADA,2496.0,VE_ROTA_VE_CORREDOR_03,4440.30,16.25,A2_O0
intenso,1,PREEMPCAO_COMPENSADA,2497.0,VE_ROTA_VE_CORREDOR_03,4456.65,16.63,A2_O0
intenso,1,PREEMPCAO_COMPENSADA,2498.0,VE_ROTA_VE_CORREDOR_03,4474.83,19.43,A2_O0
intenso,1,PREEMPCAO_COMPENSADA,2701.0,VE_ROTA_VE_CORREDOR_04,19.49,21.66,A1_L0
intenso,1,PREEMPCAO_COMPENSADA,2702.0,VE_ROTA_VE_CORREDOR_04,41.16,21.67,A1_L0
intenso,1,PREEMPCAO_COMPENSADA,2703.0,VE_ROTA_VE_CORREDOR_04,62.54,20.92,A1_L0
intenso,1,PREEMPCAO_COMPENSADA,2704.0,VE_ROTA_VE_CORREDOR_04,82.86,19.86,A1_L0
intenso,1,PREEMPCAO_COMPENSADA,2705.0,VE_ROTA_VE_CORREDOR_04,102.23,18.99,A1_L0
intenso,1,PREEMPCAO_COMPENSADA,2706.0,VE_ROTA_VE_CORREDOR_04,120.79,18.20,A1_L0
intenso,1,PREEMPCAO_COMPENSADA,2707.0,VE_ROTA_VE_CORREDOR_04,138.67,17.63,A1_L0
intenso,1,PREEMPCAO_COMPENSADA,2708.0,VE_ROTA_VE_CORREDOR_04,156.00,17.09,A1_L0
intenso,1,PREEMPCAO_COMPENSADA,2709.0,VE_ROTA_VE_CORREDOR_04,172.87,16.71,A1_L0
intenso,1,PREEMPCAO_COMPENSADA,2710.0,VE_ROTA_VE_CORREDOR_04,189.38,16.38,A1_L0
intenso,1,PREEMPCAO_COMPENSADA,2711.0,VE_ROTA_VE_CORREDOR_04,205.59,16.06,A1_L0
intenso,1,PREEMPCAO_COMPENSADA,2712.0,VE_ROTA_VE_CORREDOR_04,221.59,15.90,A1_L0
intenso,1,PREEMPCAO_COMPENSADA,2713.0,VE_ROTA_VE_CORREDOR_04,237.38,15.69,A1_L0
intenso,1,PREEMPCAO_COMPENSADA,2714.0,VE_ROTA_VE_CORREDOR_04,253.04,15.60,A1_L0
intenso,1,PREEMPCAO_COMPENSADA,2715.0,VE_ROTA_VE_CORREDOR_04,268.58,15.50,A1_L0
intenso,1,PREEMPCAO_COMPENSADA,2716.0,VE_ROTA_VE_CORREDOR_04,284.02,15.45,A1_L0
intenso,1,PREEMPCAO_COMPENSADA,2717.0,VE_ROTA_VE_CORREDOR_04,299.40,15.35,A1_L0
intenso,1,PREEMPCAO_COMPENSADA,2718.0,VE_ROTA_VE_CORREDOR_04,314.72,15.28,A1_L0
intenso,1,PREEMPCAO_COMPENSADA,2719.0,VE_ROTA_VE_CORREDOR_04,330.00,15.23,A1_L0
intenso,1,PREEMPCAO_COMPENSADA,2720.0,VE_ROTA_VE_CORREDOR_04,345.24,15.25,A1_L0
intenso,1,PREEMPCAO_COMPENSADA,2721.0,VE_ROTA_VE_CORREDOR_04,360.46,15.18,A1_L0
intenso,1,PREEMPCAO_COMPENSADA,2722.0,VE_ROTA_VE_CORREDOR_04,375.66,15.21,A1_L0
intenso,1,PREEMPCAO_COMPENSADA,2723.0,VE_ROTA_VE_CORREDOR_04,390.86,15.20,A1_L0
intenso,1,PREEMPCAO_COMPENSADA,2724.0,VE_ROTA_VE_CORREDOR_04,405.32,13.58,A1_L0
intenso,1,PREEMPCAO_COMPENSADA,2725.0,VE_ROTA_VE_CORREDOR_04,417.90,11.86,A1_L0
intenso,1,PREEMPCAO_COMPENSADA,2726.0,VE_ROTA_VE_CORREDOR_04,429.09,10.75,A1_L0
intenso,1,PREEMPCAO_COMPENSADA,2727.0,VE_ROTA_VE_CORREDOR_04,439.42,10.11,A1_L0
intenso,1,PREEMPCAO_COMPENSADA,2728.0,VE_ROTA_VE_CORREDOR_04,449.45,10.06,A1_L0
intenso,1,PREEMPCAO_COMPENSADA,2729.0,VE_ROTA_VE_CORREDOR_04,459.67,10.41,A1_L0
intenso,1,PREEMPCAO_COMPENSADA,2730.0,VE_ROTA_VE_CORREDOR_04,470.32,10.79,A1_L0
intenso,1,PREEMPCAO_COMPENSADA,2731.0,VE_ROTA_VE_CORREDOR_04,481.24,11.10,A1_L0
intenso,1,PREEMPCAO_COMPENSADA,2732.0,VE_ROTA_VE_CORREDOR_04,492.50,11.45,:CRUZ_01_11
intenso,1,PREEMPCAO_COMPENSADA,2733.0,VE_ROTA_VE_CORREDOR_04,504.05,11.71,A1_L1
intenso,1,PREEMPCAO_COMPENSADA,2734.0,VE_ROTA_VE_CORREDOR_04,515.90,12.00,A1_L1
intenso,1,PREEMPCAO_COMPENSADA,2735.0,VE_ROTA_VE_CORREDOR_04,527.99,12.24,A1_L1
intenso,1,PREEMPCAO_COMPENSADA,2736.0,VE_ROTA_VE_CORREDOR_04,540.31,12.43,A1_L1
intenso,1,PREEMPCAO_COMPENSADA,2737.0,VE_ROTA_VE_CORREDOR_04,552.82,12.60,A1_L1
intenso,1,PREEMPCAO_COMPENSADA,2738.0,VE_ROTA_VE_CORREDOR_04,565.53,12.78,A1_L1
intenso,1,PREEMPCAO_COMPENSADA,2739.0,VE_ROTA_VE_CORREDOR_04,578.40,12.86,A1_L1
intenso,1,PREEMPCAO_COMPENSADA,2740.0,VE_ROTA_VE_CORREDOR_04,591.41,13.06,A1_L1
intenso,1,PREEMPCAO_COMPENSADA,2741.0,VE_ROTA_VE_CORREDOR_04,604.54,13.21,A1_L1
intenso,1,PREEMPCAO_COMPENSADA,2742.0,VE_ROTA_VE_CORREDOR_04,617.79,13.38,A1_L1
intenso,1,PREEMPCAO_COMPENSADA,2743.0,VE_ROTA_VE_CORREDOR_04,631.13,13.37,A1_L1
intenso,1,PREEMPCAO_COMPENSADA,2744.0,VE_ROTA_VE_CORREDOR_04,644.56,13.45,A1_L1
intenso,1,PREEMPCAO_COMPENSADA,2745.0,VE_ROTA_VE_CORREDOR_04,658.06,13.55,A1_L1
intenso,1,PREEMPCAO_COMPENSADA,2746.0,VE_ROTA_VE_CORREDOR_04,671.60,13.55,A1_L1
intenso,1,PREEMPCAO_COMPENSADA,2747.0,VE_ROTA_VE_CORREDOR_04,685.19,13.55,A1_L1
intenso,1,PREEMPCAO_COMPENSADA,2748.0,VE_ROTA_VE_CORREDOR_04,698.83,13.67,A1_L1
intenso,1,PREEMPCAO_COMPENSADA,2749.0,VE_ROTA_VE_CORREDOR_04,712.48,13.69,A1_L1
intenso,1,PREEMPCAO_COMPENSADA,2750.0,VE_ROTA_VE_CORREDOR_04,726.20,13.74,A1_L1
intenso,1,PREEMPCAO_COMPENSADA,2751.0,VE_ROTA_VE_CORREDOR_04,739.93,13.81,A1_L1
intenso,1,PREEMPCAO_COMPENSADA,2752.0,VE_ROTA_VE_CORREDOR_04,753.61,13.50,A1_L1
intenso,1,PREEMPCAO_COMPENSADA,2753.0,VE_ROTA_VE_CORREDOR_04,766.66,12.70,A1_L1
intenso,1,PREEMPCAO_COMPENSADA,2754.0,VE_ROTA_VE_CORREDOR_04,779.01,12.02,A1_L1
intenso,1,PREEMPCAO_COMPENSADA,2755.0,VE_ROTA_VE_CORREDOR_04,790.57,11.18,A1_L1
intenso,1,PREEMPCAO_COMPENSADA,2756.0,VE_ROTA_VE_CORREDOR_04,801.36,10.34,A1_L1
intenso,1,PREEMPCAO_COMPENSADA,2757.0,VE_ROTA_VE_CORREDOR_04,811.28,9.55,A1_L1
intenso,1,PREEMPCAO_COMPENSADA,2758.0,VE_ROTA_VE_CORREDOR_04,820.34,8.68,A1_L1
intenso,1,PREEMPCAO_COMPENSADA,2759.0,VE_ROTA_VE_CORREDOR_04,828.52,7.77,A1_L1
intenso,1,PREEMPCAO_COMPENSADA,2760.0,VE_ROTA_VE_CORREDOR_04,835.86,6.94,A1_L1
intenso,1,PREEMPCAO_COMPENSADA,2761.0,VE_ROTA_VE_CORREDOR_04,842.40,6.22,A1_L1
intenso,1,PREEMPCAO_COMPENSADA,2762.0,VE_ROTA_VE_CORREDOR_04,848.24,5.59,A1_L1
intenso,1,PREEMPCAO_COMPENSADA,2763.0,VE_ROTA_VE_CORREDOR_04,853.55,5.15,A1_L1
intenso,1,PREEMPCAO_COMPENSADA,2764.0,VE_ROTA_VE_CORREDOR_04,858.52,4.83,A1_L1
intenso,1,PREEMPCAO_COMPENSADA,2765.0,VE_ROTA_VE_CORREDOR_04,863.38,4.86,A1_L1
intenso,1,PREEMPCAO_COMPENSADA,2766.0,VE_ROTA_VE_CORREDOR_04,868.38,5.11,A1_L1
intenso,1,PREEMPCAO_COMPENSADA,2767.0,VE_ROTA_VE_CORREDOR_04,873.67,5.43,A1_L1
intenso,1,PREEMPCAO_COMPENSADA,2768.0,VE_ROTA_VE_CORREDOR_04,879.40,5.96,A1_L1
intenso,1,PREEMPCAO_COMPENSADA,2769.0,VE_ROTA_VE_CORREDOR_04,885.65,6.44,A1_L1
intenso,1,PREEMPCAO_COMPENSADA,2770.0,VE_ROTA_VE_CORREDOR_04,892.44,7.05,A1_L1
intenso,1,PREEMPCAO_COMPENSADA,2771.0,VE_ROTA_VE_CORREDOR_04,899.80,7.59,A1_L1
intenso,1,PREEMPCAO_COMPENSADA,2772.0,VE_ROTA_VE_CORREDOR_04,907.72,8.14,A1_L1
intenso,1,PREEMPCAO_COMPENSADA,2773.0,VE_ROTA_VE_CORREDOR_04,916.20,8.79,A1_L1
intenso,1,PREEMPCAO_COMPENSADA,2774.0,VE_ROTA_VE_CORREDOR_04,925.18,9.21,A1_L1
intenso,1,PREEMPCAO_COMPENSADA,2775.0,VE_ROTA_VE_CORREDOR_04,934.65,9.65,A1_L1
intenso,1,PREEMPCAO_COMPENSADA,2776.0,VE_ROTA_VE_CORREDOR_04,944.56,10.06,A1_L1
intenso,1,PREEMPCAO_COMPENSADA,2777.0,VE_ROTA_VE_CORREDOR_04,954.89,10.56,A1_L1
intenso,1,PREEMPCAO_COMPENSADA,2778.0,VE_ROTA_VE_CORREDOR_04,965.59,10.88,A1_L1
intenso,1,PREEMPCAO_COMPENSADA,2779.0,VE_ROTA_VE_CORREDOR_04,976.66,11.20,A1_L1
intenso,1,PREEMPCAO_COMPENSADA,2780.0,VE_ROTA_VE_CORREDOR_04,988.05,11.58,:CRUZ_02_11
intenso,1,PREEMPCAO_COMPENSADA,2781.0,VE_ROTA_VE_CORREDOR_04,999.72,11.78,A1_L2
intenso,1,PREEMPCAO_COMPENSADA,2782.0,VE_ROTA_VE_CORREDOR_04,1011.64,12.06,A1_L2
intenso,1,PREEMPCAO_COMPENSADA,2783.0,VE_ROTA_VE_CORREDOR_04,1023.81,12.31,A1_L2
intenso,1,PREEMPCAO_COMPENSADA,2784.0,VE_ROTA_VE_CORREDOR_04,1036.16,12.38,A1_L2
intenso,1,PREEMPCAO_COMPENSADA,2785.0,VE_ROTA_VE_CORREDOR_04,1048.72,12.67,A1_L2
intenso,1,PREEMPCAO_COMPENSADA,2786.0,VE_ROTA_VE_CORREDOR_04,1061.46,12.75,A1_L2
intenso,1,PREEMPCAO_COMPENSADA,2787.0,VE_ROTA_VE_CORREDOR_04,1074.34,12.91,A1_L2
intenso,1,PREEMPCAO_COMPENSADA,2788.0,VE_ROTA_VE_CORREDOR_04,1087.39,13.08,A1_L2
intenso,1,PREEMPCAO_COMPENSADA,2789.0,VE_ROTA_VE_CORREDOR_04,1100.55,13.21,A1_L2
intenso,1,PREEMPCAO_COMPENSADA,2790.0,VE_ROTA_VE_CORREDOR_04,1113.79,13.28,A1_L2
intenso,1,PREEMPCAO_COMPENSADA,2791.0,VE_ROTA_VE_CORREDOR_04,1127.05,13.29,A1_L2
intenso,1,PREEMPCAO_COMPENSADA,2792.0,VE_ROTA_VE_CORREDOR_04,1140.28,13.17,A1_L2
intenso,1,PREEMPCAO_COMPENSADA,2793.0,VE_ROTA_VE_CORREDOR_04,1153.47,13.14,A1_L2
intenso,1,PREEMPCAO_COMPENSADA,2794.0,VE_ROTA_VE_CORREDOR_04,1166.54,13.00,A1_L2
intenso,1,PREEMPCAO_COMPENSADA,2795.0,VE_ROTA_VE_CORREDOR_04,1179.49,12.83,A1_L2
intenso,1,PREEMPCAO_COMPENSADA,2796.0,VE_ROTA_VE_CORREDOR_04,1192.28,12.72,A1_L2
intenso,1,PREEMPCAO_COMPENSADA,2797.0,VE_ROTA_VE_CORREDOR_04,1204.85,12.48,A1_L2
intenso,1,PREEMPCAO_COMPENSADA,2798.0,VE_ROTA_VE_CORREDOR_04,1217.16,12.18,A1_L2
intenso,1,PREEMPCAO_COMPENSADA,2799.0,VE_ROTA_VE_CORREDOR_04,1229.15,11.87,A1_L2
intenso,1,PREEMPCAO_COMPENSADA,2800.0,VE_ROTA_VE_CORREDOR_04,1240.83,11.47,A1_L2
intenso,1,PREEMPCAO_COMPENSADA,2801.0,VE_ROTA_VE_CORREDOR_04,1252.16,11.17,A1_L2
intenso,1,PREEMPCAO_COMPENSADA,2802.0,VE_ROTA_VE_CORREDOR_04,1263.09,10.71,A1_L2
intenso,1,PREEMPCAO_COMPENSADA,2803.0,VE_ROTA_VE_CORREDOR_04,1273.60,10.27,A1_L2
intenso,1,PREEMPCAO_COMPENSADA,2804.0,VE_ROTA_VE_CORREDOR_04,1283.67,9.87,A1_L2
intenso,1,PREEMPCAO_COMPENSADA,2805.0,VE_ROTA_VE_CORREDOR_04,1293.28,9.36,A1_L2
intenso,1,PREEMPCAO_COMPENSADA,2806.0,VE_ROTA_VE_CORREDOR_04,1302.40,8.90,A1_L2
intenso,1,PREEMPCAO_COMPENSADA,2807.0,VE_ROTA_VE_CORREDOR_04,1311.02,8.37,A1_L2
intenso,1,PREEMPCAO_COMPENSADA,2808.0,VE_ROTA_VE_CORREDOR_04,1319.12,7.83,A1_L2
intenso,1,PREEMPCAO_COMPENSADA,2809.0,VE_ROTA_VE_CORREDOR_04,1326.70,7.36,A1_L2
intenso,1,PREEMPCAO_COMPENSADA,2810.0,VE_ROTA_VE_CORREDOR_04,1333.78,6.84,A1_L2
intenso,1,PREEMPCAO_COMPENSADA,2811.0,VE_ROTA_VE_CORREDOR_04,1340.40,6.41,A1_L2
intenso,1,PREEMPCAO_COMPENSADA,2812.0,VE_ROTA_VE_CORREDOR_04,1346.62,6.05,A1_L2
intenso,1,PREEMPCAO_COMPENSADA,2813.0,VE_ROTA_VE_CORREDOR_04,1352.57,5.86,A1_L2
intenso,1,PREEMPCAO_COMPENSADA,2814.0,VE_ROTA_VE_CORREDOR_04,1358.40,5.82,A1_L2
intenso,1,PREEMPCAO_COMPENSADA,2815.0,VE_ROTA_VE_CORREDOR_04,1364.25,5.89,A1_L2
intenso,1,PREEMPCAO_COMPENSADA,2816.0,VE_ROTA_VE_CORREDOR_04,1370.29,6.18,A1_L2
intenso,1,PREEMPCAO_COMPENSADA,2817.0,VE_ROTA_VE_CORREDOR_04,1376.63,6.53,A1_L2
intenso,1,PREEMPCAO_COMPENSADA,2818.0,VE_ROTA_VE_CORREDOR_04,1383.42,7.02,A1_L2
intenso,1,PREEMPCAO_COMPENSADA,2819.0,VE_ROTA_VE_CORREDOR_04,1390.69,7.48,A1_L2
intenso,1,PREEMPCAO_COMPENSADA,2820.0,VE_ROTA_VE_CORREDOR_04,1398.48,8.03,A1_L2
intenso,1,PREEMPCAO_COMPENSADA,2821.0,VE_ROTA_VE_CORREDOR_04,1406.78,8.57,A1_L2
intenso,1,PREEMPCAO_COMPENSADA,2822.0,VE_ROTA_VE_CORREDOR_04,1415.59,8.99,A1_L2
intenso,1,PREEMPCAO_COMPENSADA,2823.0,VE_ROTA_VE_CORREDOR_04,1424.88,9.55,A1_L2
intenso,1,PREEMPCAO_COMPENSADA,2824.0,VE_ROTA_VE_CORREDOR_04,1434.63,9.89,A1_L2
intenso,1,PREEMPCAO_COMPENSADA,2825.0,VE_ROTA_VE_CORREDOR_04,1444.81,10.39,A1_L2
intenso,1,PREEMPCAO_COMPENSADA,2826.0,VE_ROTA_VE_CORREDOR_04,1455.38,10.77,A1_L2
intenso,1,PREEMPCAO_COMPENSADA,2827.0,VE_ROTA_VE_CORREDOR_04,1466.31,11.07,A1_L2
intenso,1,PREEMPCAO_COMPENSADA,2828.0,VE_ROTA_VE_CORREDOR_04,1477.53,11.39,A1_L2
intenso,1,PREEMPCAO_COMPENSADA,2829.0,VE_ROTA_VE_CORREDOR_04,1489.07,11.65,:CRUZ_03_11
intenso,1,PREEMPCAO_COMPENSADA,2830.0,VE_ROTA_VE_CORREDOR_04,1500.87,11.92,A1_L3
intenso,1,PREEMPCAO_COMPENSADA,2831.0,VE_ROTA_VE_CORREDOR_04,1512.97,12.24,A1_L3
intenso,1,PREEMPCAO_COMPENSADA,2832.0,VE_ROTA_VE_CORREDOR_04,1525.25,12.39,A1_L3
intenso,1,PREEMPCAO_COMPENSADA,2833.0,VE_ROTA_VE_CORREDOR_04,1537.71,12.51,A1_L3
intenso,1,PREEMPCAO_COMPENSADA,2834.0,VE_ROTA_VE_CORREDOR_04,1550.38,12.75,A1_L3
intenso,1,PREEMPCAO_COMPENSADA,2835.0,VE_ROTA_VE_CORREDOR_04,1563.25,12.98,A1_L3
intenso,1,PREEMPCAO_COMPENSADA,2836.0,VE_ROTA_VE_CORREDOR_04,1576.23,13.02,A1_L3
intenso,1,PREEMPCAO_COMPENSADA,2837.0,VE_ROTA_VE_CORREDOR_04,1589.35,13.16,A1_L3
intenso,1,PREEMPCAO_COMPENSADA,2838.0,VE_ROTA_VE_CORREDOR_04,1602.58,13.26,A1_L3
intenso,1,PREEMPCAO_COMPENSADA,2839.0,VE_ROTA_VE_CORREDOR_04,1615.92,13.43,A1_L3
intenso,1,PREEMPCAO_COMPENSADA,2840.0,VE_ROTA_VE_CORREDOR_04,1629.35,13.46,A1_L3
intenso,1,PREEMPCAO_COMPENSADA,2841.0,VE_ROTA_VE_CORREDOR_04,1642.78,13.43,A1_L3
intenso,1,PREEMPCAO_COMPENSADA,2842.0,VE_ROTA_VE_CORREDOR_04,1656.19,13.42,A1_L3
intenso,1,PREEMPCAO_COMPENSADA,2843.0,VE_ROTA_VE_CORREDOR_04,1669.54,13.31,A1_L3
intenso,1,PREEMPCAO_COMPENSADA,2844.0,VE_ROTA_VE_CORREDOR_04,1682.76,13.13,A1_L3
intenso,1,PREEMPCAO_COMPENSADA,2845.0,VE_ROTA_VE_CORREDOR_04,1695.84,13.00,A1_L3
intenso,1,PREEMPCAO_COMPENSADA,2846.0,VE_ROTA_VE_CORREDOR_04,1708.71,12.73,A1_L3
intenso,1,PREEMPCAO_COMPENSADA,2847.0,VE_ROTA_VE_CORREDOR_04,1721.30,12.46,A1_L3
intenso,1,PREEMPCAO_COMPENSADA,2848.0,VE_ROTA_VE_CORREDOR_04,1733.64,12.18,A1_L3
intenso,1,PREEMPCAO_COMPENSADA,2849.0,VE_ROTA_VE_CORREDOR_04,1745.65,11.90,A1_L3
intenso,1,PREEMPCAO_COMPENSADA,2850.0,VE_ROTA_VE_CORREDOR_04,1757.28,11.44,A1_L3
intenso,1,PREEMPCAO_COMPENSADA,2851.0,VE_ROTA_VE_CORREDOR_04,1768.53,11.07,A1_L3
intenso,1,PREEMPCAO_COMPENSADA,2852.0,VE_ROTA_VE_CORREDOR_04,1779.33,10.62,A1_L3
intenso,1,PREEMPCAO_COMPENSADA,2853.0,VE_ROTA_VE_CORREDOR_04,1789.68,10.09,A1_L3
intenso,1,PREEMPCAO_COMPENSADA,2854.0,VE_ROTA_VE_CORREDOR_04,1799.56,9.69,A1_L3
intenso,1,PREEMPCAO_COMPENSADA,2855.0,VE_ROTA_VE_CORREDOR_04,1808.90,9.11,A1_L3
intenso,1,PREEMPCAO_COMPENSADA,2856.0,VE_ROTA_VE_CORREDOR_04,1817.72,8.62,A1_L3
intenso,1,PREEMPCAO_COMPENSADA,2857.0,VE_ROTA_VE_CORREDOR_04,1825.98,7.98,A1_L3
intenso,1,PREEMPCAO_COMPENSADA,2858.0,VE_ROTA_VE_CORREDOR_04,1833.67,7.40,A1_L3
intenso,1,PREEMPCAO_COMPENSADA,2859.0,VE_ROTA_VE_CORREDOR_04,1840.80,6.85,A1_L3
intenso,1,PREEMPCAO_COMPENSADA,2860.0,VE_ROTA_VE_CORREDOR_04,1847.34,6.28,A1_L3
intenso,1,PREEMPCAO_COMPENSADA,2861.0,VE_ROTA_VE_CORREDOR_04,1853.29,5.72,A1_L3
intenso,1,PREEMPCAO_COMPENSADA,2862.0,VE_ROTA_VE_CORREDOR_04,1858.65,5.11,A1_L3
intenso,1,PREEMPCAO_COMPENSADA,2863.0,VE_ROTA_VE_CORREDOR_04,1863.45,4.56,A1_L3
intenso,1,PREEMPCAO_COMPENSADA,2864.0,VE_ROTA_VE_CORREDOR_04,1867.71,4.03,A1_L3
intenso,1,PREEMPCAO_COMPENSADA,2865.0,VE_ROTA_VE_CORREDOR_04,1871.49,3.57,A1_L3
intenso,1,PREEMPCAO_COMPENSADA,2866.0,VE_ROTA_VE_CORREDOR_04,1874.90,3.27,A1_L3
intenso,1,PREEMPCAO_COMPENSADA,2867.0,VE_ROTA_VE_CORREDOR_04,1878.11,3.19,A1_L3
intenso,1,PREEMPCAO_COMPENSADA,2868.0,VE_ROTA_VE_CORREDOR_04,1881.35,3.32,A1_L3
intenso,1,PREEMPCAO_COMPENSADA,2869.0,VE_ROTA_VE_CORREDOR_04,1884.86,3.69,A1_L3
intenso,1,PREEMPCAO_COMPENSADA,2870.0,VE_ROTA_VE_CORREDOR_04,1888.86,4.32,A1_L3
intenso,1,PREEMPCAO_COMPENSADA,2871.0,VE_ROTA_VE_CORREDOR_04,1893.50,4.92,A1_L3
intenso,1,PREEMPCAO_COMPENSADA,2872.0,VE_ROTA_VE_CORREDOR_04,1898.89,5.71,A1_L3
intenso,1,PREEMPCAO_COMPENSADA,2873.0,VE_ROTA_VE_CORREDOR_04,1905.02,6.47,A1_L3
intenso,1,PREEMPCAO_COMPENSADA,2874.0,VE_ROTA_VE_CORREDOR_04,1911.86,7.14,A1_L3
intenso,1,PREEMPCAO_COMPENSADA,2875.0,VE_ROTA_VE_CORREDOR_04,1919.39,7.81,A1_L3
intenso,1,PREEMPCAO_COMPENSADA,2876.0,VE_ROTA_VE_CORREDOR_04,1927.58,8.43,A1_L3
intenso,1,PREEMPCAO_COMPENSADA,2877.0,VE_ROTA_VE_CORREDOR_04,1936.37,9.00,A1_L3
intenso,1,PREEMPCAO_COMPENSADA,2878.0,VE_ROTA_VE_CORREDOR_04,1945.68,9.56,A1_L3
intenso,1,PREEMPCAO_COMPENSADA,2879.0,VE_ROTA_VE_CORREDOR_04,1955.49,10.01,A1_L3
intenso,1,PREEMPCAO_COMPENSADA,2880.0,VE_ROTA_VE_CORREDOR_04,1965.76,10.48,A1_L3
intenso,1,PREEMPCAO_COMPENSADA,2881.0,VE_ROTA_VE_CORREDOR_04,1976.44,10.88,A1_L3
intenso,1,PREEMPCAO_COMPENSADA,2882.0,VE_ROTA_VE_CORREDOR_04,1986.41,8.44,:CRUZ_04_10
intenso,1,PREEMPCAO_COMPENSADA,2883.0,VE_ROTA_VE_CORREDOR_04,1994.86,8.44,T4_S1
intenso,1,PREEMPCAO_COMPENSADA,2884.0,VE_ROTA_VE_CORREDOR_04,2004.86,11.29,T4_S1
intenso,1,PREEMPCAO_COMPENSADA,2885.0,VE_ROTA_VE_CORREDOR_04,2017.73,14.18,T4_S1
intenso,1,PREEMPCAO_COMPENSADA,2886.0,VE_ROTA_VE_CORREDOR_04,2032.16,14.44,T4_S1
intenso,1,PREEMPCAO_COMPENSADA,2887.0,VE_ROTA_VE_CORREDOR_04,2046.59,14.43,T4_S1
intenso,1,PREEMPCAO_COMPENSADA,2888.0,VE_ROTA_VE_CORREDOR_04,2061.01,14.43,T4_S1
intenso,1,PREEMPCAO_COMPENSADA,2889.0,VE_ROTA_VE_CORREDOR_04,2075.45,14.44,T4_S1
intenso,1,PREEMPCAO_COMPENSADA,2890.0,VE_ROTA_VE_CORREDOR_04,2089.88,14.44,T4_S1
intenso,1,PREEMPCAO_COMPENSADA,2891.0,VE_ROTA_VE_CORREDOR_04,2104.30,14.42,T4_S1
intenso,1,PREEMPCAO_COMPENSADA,2892.0,VE_ROTA_VE_CORREDOR_04,2118.73,14.43,T4_S1
intenso,1,PREEMPCAO_COMPENSADA,2893.0,VE_ROTA_VE_CORREDOR_04,2133.16,14.42,T4_S1
intenso,1,PREEMPCAO_COMPENSADA,2894.0,VE_ROTA_VE_CORREDOR_04,2147.59,14.43,T4_S1
intenso,1,PREEMPCAO_COMPENSADA,2895.0,VE_ROTA_VE_CORREDOR_04,2162.02,14.43,T4_S1
intenso,1,PREEMPCAO_COMPENSADA,2896.0,VE_ROTA_VE_CORREDOR_04,2176.45,14.43,T4_S1
intenso,1,PREEMPCAO_COMPENSADA,2897.0,VE_ROTA_VE_CORREDOR_04,2190.87,14.41,T4_S1
intenso,1,PREEMPCAO_COMPENSADA,2898.0,VE_ROTA_VE_CORREDOR_04,2205.30,14.42,T4_S1
intenso,1,PREEMPCAO_COMPENSADA,2899.0,VE_ROTA_VE_CORREDOR_04,2219.73,14.43,T4_S1
intenso,1,PREEMPCAO_COMPENSADA,2900.0,VE_ROTA_VE_CORREDOR_04,2234.16,14.44,T4_S1
intenso,1,PREEMPCAO_COMPENSADA,2901.0,VE_ROTA_VE_CORREDOR_04,2248.59,14.44,T4_S1
intenso,1,PREEMPCAO_COMPENSADA,2902.0,VE_ROTA_VE_CORREDOR_04,2263.01,14.43,T4_S1
intenso,1,PREEMPCAO_COMPENSADA,2903.0,VE_ROTA_VE_CORREDOR_04,2277.45,14.43,T4_S1
intenso,1,PREEMPCAO_COMPENSADA,2904.0,VE_ROTA_VE_CORREDOR_04,2291.87,14.41,T4_S1
intenso,1,PREEMPCAO_COMPENSADA,2905.0,VE_ROTA_VE_CORREDOR_04,2306.30,14.43,T4_S1
intenso,1,PREEMPCAO_COMPENSADA,2906.0,VE_ROTA_VE_CORREDOR_04,2320.72,14.44,T4_S1
intenso,1,PREEMPCAO_COMPENSADA,2907.0,VE_ROTA_VE_CORREDOR_04,2335.15,14.44,T4_S1
intenso,1,PREEMPCAO_COMPENSADA,2908.0,VE_ROTA_VE_CORREDOR_04,2349.59,14.44,T4_S1
intenso,1,PREEMPCAO_COMPENSADA,2909.0,VE_ROTA_VE_CORREDOR_04,2364.01,14.42,T4_S1
intenso,1,PREEMPCAO_COMPENSADA,2910.0,VE_ROTA_VE_CORREDOR_04,2378.44,14.43,T4_S1
intenso,1,PREEMPCAO_COMPENSADA,2911.0,VE_ROTA_VE_CORREDOR_04,2392.87,14.42,T4_S1
intenso,1,PREEMPCAO_COMPENSADA,2912.0,VE_ROTA_VE_CORREDOR_04,2407.30,14.43,T4_S1
intenso,1,PREEMPCAO_COMPENSADA,2913.0,VE_ROTA_VE_CORREDOR_04,2421.73,14.42,T4_S1
intenso,1,PREEMPCAO_COMPENSADA,2914.0,VE_ROTA_VE_CORREDOR_04,2436.16,14.43,T4_S1
intenso,1,PREEMPCAO_COMPENSADA,2915.0,VE_ROTA_VE_CORREDOR_04,2450.59,14.43,T4_S1
intenso,1,PREEMPCAO_COMPENSADA,2916.0,VE_ROTA_VE_CORREDOR_04,2464.73,12.95,T4_S1
intenso,1,PREEMPCAO_COMPENSADA,2917.0,VE_ROTA_VE_CORREDOR_04,2474.99,8.44,:CRUZ_08_0
intenso,1,PREEMPCAO_COMPENSADA,2918.0,VE_ROTA_VE_CORREDOR_04,2483.46,8.72,A2_O3
intenso,1,PREEMPCAO_COMPENSADA,2919.0,VE_ROTA_VE_CORREDOR_04,2493.75,11.58,A2_O3
intenso,1,PREEMPCAO_COMPENSADA,2920.0,VE_ROTA_VE_CORREDOR_04,2506.93,14.46,A2_O3
intenso,1,PREEMPCAO_COMPENSADA,2921.0,VE_ROTA_VE_CORREDOR_04,2522.96,17.31,A2_O3
intenso,1,PREEMPCAO_COMPENSADA,2922.0,VE_ROTA_VE_CORREDOR_04,2541.83,20.15,A2_O3
intenso,1,PREEMPCAO_COMPENSADA,2923.0,VE_ROTA_VE_CORREDOR_04,2563.15,21.65,A2_O3
intenso,1,PREEMPCAO_COMPENSADA,2924.0,VE_ROTA_VE_CORREDOR_04,2584.81,21.67,A2_O3
intenso,1,PREEMPCAO_COMPENSADA,2925.0,VE_ROTA_VE_CORREDOR_04,2606.46,21.65,A2_O3
intenso,1,PREEMPCAO_COMPENSADA,2926.0,VE_ROTA_VE_CORREDOR_04,2628.12,21.65,A2_O3
intenso,1,PREEMPCAO_COMPENSADA,2927.0,VE_ROTA_VE_CORREDOR_04,2649.77,21.64,A2_O3
intenso,1,PREEMPCAO_COMPENSADA,2928.0,VE_ROTA_VE_CORREDOR_04,2671.42,21.66,A2_O3
intenso,1,PREEMPCAO_COMPENSADA,2929.0,VE_ROTA_VE_CORREDOR_04,2693.08,21.66,A2_O3
intenso,1,PREEMPCAO_COMPENSADA,2930.0,VE_ROTA_VE_CORREDOR_04,2714.74,21.65,A2_O3
intenso,1,PREEMPCAO_COMPENSADA,2931.0,VE_ROTA_VE_CORREDOR_04,2736.39,21.66,A2_O3
intenso,1,PREEMPCAO_COMPENSADA,2932.0,VE_ROTA_VE_CORREDOR_04,2758.05,21.67,A2_O3
intenso,1,PREEMPCAO_COMPENSADA,2933.0,VE_ROTA_VE_CORREDOR_04,2779.70,21.67,A2_O3
intenso,1,PREEMPCAO_COMPENSADA,2934.0,VE_ROTA_VE_CORREDOR_04,2801.36,21.64,A2_O3
intenso,1,PREEMPCAO_COMPENSADA,2935.0,VE_ROTA_VE_CORREDOR_04,2823.02,21.67,A2_O3
intenso,1,PREEMPCAO_COMPENSADA,2936.0,VE_ROTA_VE_CORREDOR_04,2844.67,21.65,A2_O3
intenso,1,PREEMPCAO_COMPENSADA,2937.0,VE_ROTA_VE_CORREDOR_04,2866.32,21.66,A2_O3
intenso,1,PREEMPCAO_COMPENSADA,2938.0,VE_ROTA_VE_CORREDOR_04,2887.92,21.27,A2_O3
intenso,1,PREEMPCAO_COMPENSADA,2939.0,VE_ROTA_VE_CORREDOR_04,2908.07,19.33,A2_O3
intenso,1,PREEMPCAO_COMPENSADA,2940.0,VE_ROTA_VE_CORREDOR_04,2926.54,18.16,A2_O3
intenso,1,PREEMPCAO_COMPENSADA,2941.0,VE_ROTA_VE_CORREDOR_04,2946.28,21.02,A2_O3
intenso,1,PREEMPCAO_COMPENSADA,2942.0,VE_ROTA_VE_CORREDOR_04,2966.97,20.02,A2_O3
intenso,1,PREEMPCAO_COMPENSADA,2943.0,VE_ROTA_VE_CORREDOR_04,2986.39,18.95,A2_O2
intenso,1,PREEMPCAO_COMPENSADA,2944.0,VE_ROTA_VE_CORREDOR_04,3004.79,18.01,A2_O2
intenso,1,PREEMPCAO_COMPENSADA,2945.0,VE_ROTA_VE_CORREDOR_04,3022.37,17.23,A2_O2
intenso,1,PREEMPCAO_COMPENSADA,2946.0,VE_ROTA_VE_CORREDOR_04,3039.32,16.70,A2_O2
intenso,1,PREEMPCAO_COMPENSADA,2947.0,VE_ROTA_VE_CORREDOR_04,3055.78,16.33,A2_O2
intenso,1,PREEMPCAO_COMPENSADA,2948.0,VE_ROTA_VE_CORREDOR_04,3071.87,16.00,A2_O2
intenso,1,PREEMPCAO_COMPENSADA,2949.0,VE_ROTA_VE_CORREDOR_04,3087.68,15.73,A2_O2
intenso,1,PREEMPCAO_COMPENSADA,2950.0,VE_ROTA_VE_CORREDOR_04,3103.31,15.60,A2_O2
intenso,1,PREEMPCAO_COMPENSADA,2951.0,VE_ROTA_VE_CORREDOR_04,3118.77,15.43,A2_O2
intenso,1,PREEMPCAO_COMPENSADA,2952.0,VE_ROTA_VE_CORREDOR_04,3134.16,15.29,A2_O2
intenso,1,PREEMPCAO_COMPENSADA,2953.0,VE_ROTA_VE_CORREDOR_04,3149.49,15.30,A2_O2
intenso,1,PREEMPCAO_COMPENSADA,2954.0,VE_ROTA_VE_CORREDOR_04,3164.76,15.26,A2_O2
intenso,1,PREEMPCAO_COMPENSADA,2955.0,VE_ROTA_VE_CORREDOR_04,3179.98,15.22,A2_O2
intenso,1,PREEMPCAO_COMPENSADA,2956.0,VE_ROTA_VE_CORREDOR_04,3195.21,15.23,A2_O2
intenso,1,PREEMPCAO_COMPENSADA,2957.0,VE_ROTA_VE_CORREDOR_04,3210.44,15.25,A2_O2
intenso,1,PREEMPCAO_COMPENSADA,2958.0,VE_ROTA_VE_CORREDOR_04,3225.68,15.24,A2_O2
intenso,1,PREEMPCAO_COMPENSADA,2959.0,VE_ROTA_VE_CORREDOR_04,3240.89,15.20,A2_O2
intenso,1,PREEMPCAO_COMPENSADA,2960.0,VE_ROTA_VE_CORREDOR_04,3256.13,15.23,A2_O2
intenso,1,PREEMPCAO_COMPENSADA,2961.0,VE_ROTA_VE_CORREDOR_04,3271.37,15.34,A2_O2
intenso,1,PREEMPCAO_COMPENSADA,2962.0,VE_ROTA_VE_CORREDOR_04,3286.48,14.87,A2_O2
intenso,1,PREEMPCAO_COMPENSADA,2963.0,VE_ROTA_VE_CORREDOR_04,3301.01,14.22,A2_O2
intenso,1,PREEMPCAO_COMPENSADA,2964.0,VE_ROTA_VE_CORREDOR_04,3314.88,13.56,A2_O2
intenso,1,PREEMPCAO_COMPENSADA,2965.0,VE_ROTA_VE_CORREDOR_04,3328.04,12.75,A2_O2
intenso,1,PREEMPCAO_COMPENSADA,2966.0,VE_ROTA_VE_CORREDOR_04,3340.40,11.96,A2_O2
intenso,1,PREEMPCAO_COMPENSADA,2967.0,VE_ROTA_VE_CORREDOR_04,3351.95,11.18,A2_O2
intenso,1,PREEMPCAO_COMPENSADA,2968.0,VE_ROTA_VE_CORREDOR_04,3362.65,10.28,A2_O2
intenso,1,PREEMPCAO_COMPENSADA,2969.0,VE_ROTA_VE_CORREDOR_04,3372.46,9.37,A2_O2
intenso,1,PREEMPCAO_COMPENSADA,2970.0,VE_ROTA_VE_CORREDOR_04,3381.41,8.59,A2_O2
intenso,1,PREEMPCAO_COMPENSADA,2971.0,VE_ROTA_VE_CORREDOR_04,3389.53,7.81,A2_O2
intenso,1,PREEMPCAO_COMPENSADA,2972.0,VE_ROTA_VE_CORREDOR_04,3396.94,7.17,A2_O2
intenso,1,PREEMPCAO_COMPENSADA,2973.0,VE_ROTA_VE_CORREDOR_04,3403.87,6.76,A2_O2
intenso,1,PREEMPCAO_COMPENSADA,2974.0,VE_ROTA_VE_CORREDOR_04,3410.62,6.79,A2_O2
intenso,1,PREEMPCAO_COMPENSADA,2975.0,VE_ROTA_VE_CORREDOR_04,3417.57,7.11,A2_O2
intenso,1,PREEMPCAO_COMPENSADA,2976.0,VE_ROTA_VE_CORREDOR_04,3425.10,7.92,A2_O2
intenso,1,PREEMPCAO_COMPENSADA,2977.0,VE_ROTA_VE_CORREDOR_04,3433.54,8.82,A2_O2
intenso,1,PREEMPCAO_COMPENSADA,2978.0,VE_ROTA_VE_CORREDOR_04,3442.82,9.57,A2_O2
intenso,1,PREEMPCAO_COMPENSADA,2979.0,VE_ROTA_VE_CORREDOR_04,3452.85,10.38,A2_O2
intenso,1,PREEMPCAO_COMPENSADA,2980.0,VE_ROTA_VE_CORREDOR_04,3463.63,11.13,A2_O2
intenso,1,PREEMPCAO_COMPENSADA,2981.0,VE_ROTA_VE_CORREDOR_04,3475.05,11.73,:CRUZ_06_4
intenso,1,PREEMPCAO_COMPENSADA,2982.0,VE_ROTA_VE_CORREDOR_04,3487.03,12.21,A2_O1
intenso,1,PREEMPCAO_COMPENSADA,2983.0,VE_ROTA_VE_CORREDOR_04,3499.53,12.64,A2_O1
intenso,1,PREEMPCAO_COMPENSADA,2984.0,VE_ROTA_VE_CORREDOR_04,3512.43,13.11,A2_O1
intenso,1,PREEMPCAO_COMPENSADA,2985.0,VE_ROTA_VE_CORREDOR_04,3525.69,13.44,A2_O1
intenso,1,PREEMPCAO_COMPENSADA,2986.0,VE_ROTA_VE_CORREDOR_04,3539.22,13.62,A2_O1
intenso,1,PREEMPCAO_COMPENSADA,2987.0,VE_ROTA_VE_CORREDOR_04,3553.01,13.88,A2_O1
intenso,1,PREEMPCAO_COMPENSADA,2988.0,VE_ROTA_VE_CORREDOR_04,3567.01,14.15,A2_O1
intenso,1,PREEMPCAO_COMPENSADA,2989.0,VE_ROTA_VE_CORREDOR_04,3581.20,14.27,A2_O1
intenso,1,PREEMPCAO_COMPENSADA,2990.0,VE_ROTA_VE_CORREDOR_04,3595.52,14.39,A2_O1
intenso,1,PREEMPCAO_COMPENSADA,2991.0,VE_ROTA_VE_CORREDOR_04,3610.04,14.62,A2_O1
intenso,1,PREEMPCAO_COMPENSADA,2992.0,VE_ROTA_VE_CORREDOR_04,3624.68,14.64,A2_O1
intenso,1,PREEMPCAO_COMPENSADA,2993.0,VE_ROTA_VE_CORREDOR_04,3639.40,14.75,A2_O1
intenso,1,PREEMPCAO_COMPENSADA,2994.0,VE_ROTA_VE_CORREDOR_04,3654.23,14.83,A2_O1
intenso,1,PREEMPCAO_COMPENSADA,2995.0,VE_ROTA_VE_CORREDOR_04,3669.11,14.96,A2_O1
intenso,1,PREEMPCAO_COMPENSADA,2996.0,VE_ROTA_VE_CORREDOR_04,3684.05,14.93,A2_O1
intenso,1,PREEMPCAO_COMPENSADA,2997.0,VE_ROTA_VE_CORREDOR_04,3699.05,14.98,A2_O1
intenso,1,PREEMPCAO_COMPENSADA,2998.0,VE_ROTA_VE_CORREDOR_04,3714.11,15.02,A2_O1
intenso,1,PREEMPCAO_COMPENSADA,2999.0,VE_ROTA_VE_CORREDOR_04,3729.18,15.10,A2_O1
intenso,1,PREEMPCAO_COMPENSADA,3000.0,VE_ROTA_VE_CORREDOR_04,3744.30,15.19,A2_O1
intenso,1,PREEMPCAO_COMPENSADA,3001.0,VE_ROTA_VE_CORREDOR_04,3759.47,15.18,A2_O1
intenso,1,PREEMPCAO_COMPENSADA,3002.0,VE_ROTA_VE_CORREDOR_04,3774.67,15.27,A2_O1
intenso,1,PREEMPCAO_COMPENSADA,3003.0,VE_ROTA_VE_CORREDOR_04,3789.87,15.16,A2_O1
intenso,1,PREEMPCAO_COMPENSADA,3004.0,VE_ROTA_VE_CORREDOR_04,3805.08,15.28,A2_O1
intenso,1,PREEMPCAO_COMPENSADA,3005.0,VE_ROTA_VE_CORREDOR_04,3820.30,15.22,A2_O1
intenso,1,PREEMPCAO_COMPENSADA,3006.0,VE_ROTA_VE_CORREDOR_04,3835.60,15.53,A2_O1
intenso,1,PREEMPCAO_COMPENSADA,3007.0,VE_ROTA_VE_CORREDOR_04,3851.56,16.09,A2_O1
intenso,1,PREEMPCAO_COMPENSADA,3008.0,VE_ROTA_VE_CORREDOR_04,3866.89,14.60,A2_O1
intenso,1,PREEMPCAO_COMPENSADA,3009.0,VE_ROTA_VE_CORREDOR_04,3880.63,13.01,A2_O1
intenso,1,PREEMPCAO_COMPENSADA,3010.0,VE_ROTA_VE_CORREDOR_04,3892.84,11.57,A2_O1
intenso,1,PREEMPCAO_COMPENSADA,3011.0,VE_ROTA_VE_CORREDOR_04,3903.57,10.05,A2_O1
intenso,1,PREEMPCAO_COMPENSADA,3012.0,VE_ROTA_VE_CORREDOR_04,3912.90,8.69,A2_O1
intenso,1,PREEMPCAO_COMPENSADA,3013.0,VE_ROTA_VE_CORREDOR_04,3920.87,7.39,A2_O1
intenso,1,PREEMPCAO_COMPENSADA,3014.0,VE_ROTA_VE_CORREDOR_04,3927.52,6.04,A2_O1
intenso,1,PREEMPCAO_COMPENSADA,3015.0,VE_ROTA_VE_CORREDOR_04,3932.91,4.83,A2_O1
intenso,1,PREEMPCAO_COMPENSADA,3016.0,VE_ROTA_VE_CORREDOR_04,3937.09,3.68,A2_O1
intenso,1,PREEMPCAO_COMPENSADA,3017.0,VE_ROTA_VE_CORREDOR_04,3940.20,2.65,A2_O1
intenso,1,PREEMPCAO_COMPENSADA,3018.0,VE_ROTA_VE_CORREDOR_04,3942.39,1.83,A2_O1
intenso,1,PREEMPCAO_COMPENSADA,3019.0,VE_ROTA_VE_CORREDOR_04,3943.85,1.18,A2_O1
intenso,1,PREEMPCAO_COMPENSADA,3020.0,VE_ROTA_VE_CORREDOR_04,3944.77,0.73,A2_O1
intenso,1,PREEMPCAO_COMPENSADA,3021.0,VE_ROTA_VE_CORREDOR_04,3945.32,0.43,A2_O1
intenso,1,PREEMPCAO_COMPENSADA,3022.0,VE_ROTA_VE_CORREDOR_04,3945.65,0.27,A2_O1
intenso,1,PREEMPCAO_COMPENSADA,3023.0,VE_ROTA_VE_CORREDOR_04,3946.03,0.56,A2_O1
intenso,1,PREEMPCAO_COMPENSADA,3024.0,VE_ROTA_VE_CORREDOR_04,3947.09,1.58,A2_O1
intenso,1,PREEMPCAO_COMPENSADA,3025.0,VE_ROTA_VE_CORREDOR_04,3949.48,3.12,A2_O1
intenso,1,PREEMPCAO_COMPENSADA,3026.0,VE_ROTA_VE_CORREDOR_04,3953.55,4.83,A2_O1
intenso,1,PREEMPCAO_COMPENSADA,3027.0,VE_ROTA_VE_CORREDOR_04,3959.36,6.62,A2_O1
intenso,1,PREEMPCAO_COMPENSADA,3028.0,VE_ROTA_VE_CORREDOR_04,3966.94,8.46,A2_O1
intenso,1,PREEMPCAO_COMPENSADA,3029.0,VE_ROTA_VE_CORREDOR_04,3976.49,10.30,:CRUZ_05_4
intenso,1,PREEMPCAO_COMPENSADA,3030.0,VE_ROTA_VE_CORREDOR_04,3987.32,11.24,A2_O0
intenso,1,PREEMPCAO_COMPENSADA,3031.0,VE_ROTA_VE_CORREDOR_04,3998.93,11.91,A2_O0
intenso,1,PREEMPCAO_COMPENSADA,3032.0,VE_ROTA_VE_CORREDOR_04,4011.19,12.52,A2_O0
intenso,1,PREEMPCAO_COMPENSADA,3033.0,VE_ROTA_VE_CORREDOR_04,4023.95,12.97,A2_O0
intenso,1,PREEMPCAO_COMPENSADA,3034.0,VE_ROTA_VE_CORREDOR_04,4037.15,13.34,A2_O0
intenso,1,PREEMPCAO_COMPENSADA,3035.0,VE_ROTA_VE_CORREDOR_04,4050.70,13.64,A2_O0
intenso,1,PREEMPCAO_COMPENSADA,3036.0,VE_ROTA_VE_CORREDOR_04,4064.57,14.02,A2_O0
intenso,1,PREEMPCAO_COMPENSADA,3037.0,VE_ROTA_VE_CORREDOR_04,4078.63,14.22,A2_O0
intenso,1,PREEMPCAO_COMPENSADA,3038.0,VE_ROTA_VE_CORREDOR_04,4092.91,14.34,A2_O0
intenso,1,PREEMPCAO_COMPENSADA,3039.0,VE_ROTA_VE_CORREDOR_04,4107.37,14.58,A2_O0
intenso,1,PREEMPCAO_COMPENSADA,3040.0,VE_ROTA_VE_CORREDOR_04,4121.93,14.62,A2_O0
intenso,1,PREEMPCAO_COMPENSADA,3041.0,VE_ROTA_VE_CORREDOR_04,4136.64,14.72,A2_O0
intenso,1,PREEMPCAO_COMPENSADA,3042.0,VE_ROTA_VE_CORREDOR_04,4151.44,14.84,A2_O0
intenso,1,PREEMPCAO_COMPENSADA,3043.0,VE_ROTA_VE_CORREDOR_04,4166.34,14.87,A2_O0
intenso,1,PREEMPCAO_COMPENSADA,3044.0,VE_ROTA_VE_CORREDOR_04,4181.28,15.00,A2_O0
intenso,1,PREEMPCAO_COMPENSADA,3045.0,VE_ROTA_VE_CORREDOR_04,4196.30,15.01,A2_O0
intenso,1,PREEMPCAO_COMPENSADA,3046.0,VE_ROTA_VE_CORREDOR_04,4211.35,15.12,A2_O0
intenso,1,PREEMPCAO_COMPENSADA,3047.0,VE_ROTA_VE_CORREDOR_04,4226.44,15.09,A2_O0
intenso,1,PREEMPCAO_COMPENSADA,3048.0,VE_ROTA_VE_CORREDOR_04,4241.58,15.14,A2_O0
intenso,1,PREEMPCAO_COMPENSADA,3049.0,VE_ROTA_VE_CORREDOR_04,4256.76,15.19,A2_O0
intenso,1,PREEMPCAO_COMPENSADA,3050.0,VE_ROTA_VE_CORREDOR_04,4271.93,15.16,A2_O0
intenso,1,PREEMPCAO_COMPENSADA,3051.0,VE_ROTA_VE_CORREDOR_04,4287.14,15.19,A2_O0
intenso,1,PREEMPCAO_COMPENSADA,3052.0,VE_ROTA_VE_CORREDOR_04,4302.37,15.22,A2_O0
intenso,1,PREEMPCAO_COMPENSADA,3053.0,VE_ROTA_VE_CORREDOR_04,4317.61,15.18,A2_O0
intenso,1,PREEMPCAO_COMPENSADA,3054.0,VE_ROTA_VE_CORREDOR_04,4332.86,15.29,A2_O0
intenso,1,PREEMPCAO_COMPENSADA,3055.0,VE_ROTA_VE_CORREDOR_04,4348.15,15.22,A2_O0
intenso,1,PREEMPCAO_COMPENSADA,3056.0,VE_ROTA_VE_CORREDOR_04,4363.45,15.34,A2_O0
intenso,1,PREEMPCAO_COMPENSADA,3057.0,VE_ROTA_VE_CORREDOR_04,4378.74,15.24,A2_O0
intenso,1,PREEMPCAO_COMPENSADA,3058.0,VE_ROTA_VE_CORREDOR_04,4394.05,15.48,A2_O0
intenso,1,PREEMPCAO_COMPENSADA,3059.0,VE_ROTA_VE_CORREDOR_04,4410.00,16.07,A2_O0
intenso,1,PREEMPCAO_COMPENSADA,3060.0,VE_ROTA_VE_CORREDOR_04,4426.30,16.46,A2_O0
intenso,1,PREEMPCAO_COMPENSADA,3061.0,VE_ROTA_VE_CORREDOR_04,4442.74,16.44,A2_O0
intenso,1,PREEMPCAO_COMPENSADA,3062.0,VE_ROTA_VE_CORREDOR_04,4459.51,17.64,A2_O0
intenso,1,PREEMPCAO_COMPENSADA,3301.0,VE_ROTA_VE_CORREDOR_05,19.49,21.65,A1_L0
intenso,1,PREEMPCAO_COMPENSADA,3302.0,VE_ROTA_VE_CORREDOR_05,41.15,21.65,A1_L0
intenso,1,PREEMPCAO_COMPENSADA,3303.0,VE_ROTA_VE_CORREDOR_05,62.80,21.66,A1_L0
intenso,1,PREEMPCAO_COMPENSADA,3304.0,VE_ROTA_VE_CORREDOR_05,84.45,21.67,A1_L0
intenso,1,PREEMPCAO_COMPENSADA,3305.0,VE_ROTA_VE_CORREDOR_05,106.11,21.65,A1_L0
intenso,1,PREEMPCAO_COMPENSADA,3306.0,VE_ROTA_VE_CORREDOR_05,127.77,21.66,A1_L0
intenso,1,PREEMPCAO_COMPENSADA,3307.0,VE_ROTA_VE_CORREDOR_05,149.43,21.65,A1_L0
intenso,1,PREEMPCAO_COMPENSADA,3308.0,VE_ROTA_VE_CORREDOR_05,171.09,21.65,A1_L0
intenso,1,PREEMPCAO_COMPENSADA,3309.0,VE_ROTA_VE_CORREDOR_05,192.74,21.64,A1_L0
intenso,1,PREEMPCAO_COMPENSADA,3310.0,VE_ROTA_VE_CORREDOR_05,214.40,21.64,A1_L0
intenso,1,PREEMPCAO_COMPENSADA,3311.0,VE_ROTA_VE_CORREDOR_05,236.05,21.66,A1_L0
intenso,1,PREEMPCAO_COMPENSADA,3312.0,VE_ROTA_VE_CORREDOR_05,257.70,21.65,A1_L0
intenso,1,PREEMPCAO_COMPENSADA,3313.0,VE_ROTA_VE_CORREDOR_05,279.36,21.67,A1_L0
intenso,1,PREEMPCAO_COMPENSADA,3314.0,VE_ROTA_VE_CORREDOR_05,300.98,21.42,A1_L0
intenso,1,PREEMPCAO_COMPENSADA,3315.0,VE_ROTA_VE_CORREDOR_05,321.83,20.09,A1_L0
intenso,1,PREEMPCAO_COMPENSADA,3316.0,VE_ROTA_VE_CORREDOR_05,340.77,18.01,A1_L0
intenso,1,PREEMPCAO_COMPENSADA,3317.0,VE_ROTA_VE_CORREDOR_05,357.83,16.22,A1_L0
intenso,1,PREEMPCAO_COMPENSADA,3318.0,VE_ROTA_VE_CORREDOR_05,373.20,14.66,A1_L0
intenso,1,PREEMPCAO_COMPENSADA,3319.0,VE_ROTA_VE_CORREDOR_05,387.14,13.43,A1_L0
intenso,1,PREEMPCAO_COMPENSADA,3320.0,VE_ROTA_VE_CORREDOR_05,399.96,12.42,A1_L0
intenso,1,PREEMPCAO_COMPENSADA,3321.0,VE_ROTA_VE_CORREDOR_05,411.91,11.67,A1_L0
intenso,1,PREEMPCAO_COMPENSADA,3322.0,VE_ROTA_VE_CORREDOR_05,423.26,11.16,A1_L0
intenso,1,PREEMPCAO_COMPENSADA,3323.0,VE_ROTA_VE_CORREDOR_05,434.26,10.89,A1_L0
intenso,1,PREEMPCAO_COMPENSADA,3324.0,VE_ROTA_VE_CORREDOR_05,445.09,10.79,A1_L0
intenso,1,PREEMPCAO_COMPENSADA,3325.0,VE_ROTA_VE_CORREDOR_05,455.91,10.89,A1_L0
intenso,1,PREEMPCAO_COMPENSADA,3326.0,VE_ROTA_VE_CORREDOR_05,466.83,10.98,A1_L0
intenso,1,PREEMPCAO_COMPENSADA,3327.0,VE_ROTA_VE_CORREDOR_05,477.89,11.09,A1_L0
intenso,1,PREEMPCAO_COMPENSADA,3328.0,VE_ROTA_VE_CORREDOR_05,489.17,11.39,:CRUZ_01_11
intenso,1,PREEMPCAO_COMPENSADA,3329.0,VE_ROTA_VE_CORREDOR_05,500.70,11.68,:CRUZ_01_11
intenso,1,PREEMPCAO_COMPENSADA,3330.0,VE_ROTA_VE_CORREDOR_05,512.46,11.83,A1_L1
intenso,1,PREEMPCAO_COMPENSADA,3331.0,VE_ROTA_VE_CORREDOR_05,524.45,12.11,A1_L1
intenso,1,PREEMPCAO_COMPENSADA,3332.0,VE_ROTA_VE_CORREDOR_05,536.69,12.38,A1_L1
intenso,1,PREEMPCAO_COMPENSADA,3333.0,VE_ROTA_VE_CORREDOR_05,549.13,12.56,A1_L1
intenso,1,PREEMPCAO_COMPENSADA,3334.0,VE_ROTA_VE_CORREDOR_05,561.80,12.78,A1_L1
intenso,1,PREEMPCAO_COMPENSADA,3335.0,VE_ROTA_VE_CORREDOR_05,574.65,12.95,A1_L1
intenso,1,PREEMPCAO_COMPENSADA,3336.0,VE_ROTA_VE_CORREDOR_05,587.67,13.05,A1_L1
intenso,1,PREEMPCAO_COMPENSADA,3337.0,VE_ROTA_VE_CORREDOR_05,600.85,13.23,A1_L1
intenso,1,PREEMPCAO_COMPENSADA,3338.0,VE_ROTA_VE_CORREDOR_05,614.18,13.33,A1_L1
intenso,1,PREEMPCAO_COMPENSADA,3339.0,VE_ROTA_VE_CORREDOR_05,627.60,13.47,A1_L1
intenso,1,PREEMPCAO_COMPENSADA,3340.0,VE_ROTA_VE_CORREDOR_05,641.17,13.67,A1_L1
intenso,1,PREEMPCAO_COMPENSADA,3341.0,VE_ROTA_VE_CORREDOR_05,654.87,13.70,A1_L1
intenso,1,PREEMPCAO_COMPENSADA,3342.0,VE_ROTA_VE_CORREDOR_05,668.67,13.87,A1_L1
intenso,1,PREEMPCAO_COMPENSADA,3343.0,VE_ROTA_VE_CORREDOR_05,682.56,13.92,A1_L1
intenso,1,PREEMPCAO_COMPENSADA,3344.0,VE_ROTA_VE_CORREDOR_05,696.54,14.00,A1_L1
intenso,1,PREEMPCAO_COMPENSADA,3345.0,VE_ROTA_VE_CORREDOR_05,710.55,14.07,A1_L1
intenso,1,PREEMPCAO_COMPENSADA,3346.0,VE_ROTA_VE_CORREDOR_05,724.62,14.09,A1_L1
intenso,1,PREEMPCAO_COMPENSADA,3347.0,VE_ROTA_VE_CORREDOR_05,738.75,14.11,A1_L1
intenso,1,PREEMPCAO_COMPENSADA,3348.0,VE_ROTA_VE_CORREDOR_05,752.87,13.99,A1_L1
intenso,1,PREEMPCAO_COMPENSADA,3349.0,VE_ROTA_VE_CORREDOR_05,766.75,13.77,A1_L1
intenso,1,PREEMPCAO_COMPENSADA,3350.0,VE_ROTA_VE_CORREDOR_05,780.33,13.47,A1_L1
intenso,1,PREEMPCAO_COMPENSADA,3351.0,VE_ROTA_VE_CORREDOR_05,793.54,13.09,A1_L1
intenso,1,PREEMPCAO_COMPENSADA,3352.0,VE_ROTA_VE_CORREDOR_05,806.31,12.51,A1_L1
intenso,1,PREEMPCAO_COMPENSADA,3353.0,VE_ROTA_VE_CORREDOR_05,818.62,12.09,A1_L1
intenso,1,PREEMPCAO_COMPENSADA,3354.0,VE_ROTA_VE_CORREDOR_05,830.37,11.51,A1_L1
intenso,1,PREEMPCAO_COMPENSADA,3355.0,VE_ROTA_VE_CORREDOR_05,841.56,10.93,A1_L1
intenso,1,PREEMPCAO_COMPENSADA,3356.0,VE_ROTA_VE_CORREDOR_05,852.14,10.33,A1_L1
intenso,1,PREEMPCAO_COMPENSADA,3357.0,VE_ROTA_VE_CORREDOR_05,862.07,9.67,A1_L1
intenso,1,PREEMPCAO_COMPENSADA,3358.0,VE_ROTA_VE_CORREDOR_05,871.34,8.99,A1_L1
intenso,1,PREEMPCAO_COMPENSADA,3359.0,VE_ROTA_VE_CORREDOR_05,879.91,8.26,A1_L1
intenso,1,PREEMPCAO_COMPENSADA,3360.0,VE_ROTA_VE_CORREDOR_05,887.75,7.51,A1_L1
intenso,1,PREEMPCAO_COMPENSADA,3361.0,VE_ROTA_VE_CORREDOR_05,894.85,6.78,A1_L1
intenso,1,PREEMPCAO_COMPENSADA,3362.0,VE_ROTA_VE_CORREDOR_05,901.21,6.01,A1_L1
intenso,1,PREEMPCAO_COMPENSADA,3363.0,VE_ROTA_VE_CORREDOR_05,906.85,5.35,A1_L1
intenso,1,PREEMPCAO_COMPENSADA,3364.0,VE_ROTA_VE_CORREDOR_05,911.85,4.72,A1_L1
intenso,1,PREEMPCAO_COMPENSADA,3365.0,VE_ROTA_VE_CORREDOR_05,916.35,4.31,A1_L1
intenso,1,PREEMPCAO_COMPENSADA,3366.0,VE_ROTA_VE_CORREDOR_05,920.61,4.20,A1_L1
intenso,1,PREEMPCAO_COMPENSADA,3367.0,VE_ROTA_VE_CORREDOR_05,924.96,4.50,A1_L1
intenso,1,PREEMPCAO_COMPENSADA,3368.0,VE_ROTA_VE_CORREDOR_05,929.69,4.96,A1_L1
intenso,1,PREEMPCAO_COMPENSADA,3369.0,VE_ROTA_VE_CORREDOR_05,935.05,5.67,A1_L1
intenso,1,PREEMPCAO_COMPENSADA,3370.0,VE_ROTA_VE_CORREDOR_05,941.13,6.46,A1_L1
intenso,1,PREEMPCAO_COMPENSADA,3371.0,VE_ROTA_VE_CORREDOR_05,947.96,7.16,A1_L1
intenso,1,PREEMPCAO_COMPENSADA,3372.0,VE_ROTA_VE_CORREDOR_05,955.53,7.86,A1_L1
intenso,1,PREEMPCAO_COMPENSADA,3373.0,VE_ROTA_VE_CORREDOR_05,963.77,8.56,A1_L1
intenso,1,PREEMPCAO_COMPENSADA,3374.0,VE_ROTA_VE_CORREDOR_05,972.69,9.21,A1_L1
intenso,1,PREEMPCAO_COMPENSADA,3375.0,VE_ROTA_VE_CORREDOR_05,982.20,9.78,A1_L1
intenso,1,PREEMPCAO_COMPENSADA,3376.0,VE_ROTA_VE_CORREDOR_05,992.23,10.29,:CRUZ_02_11
intenso,1,PREEMPCAO_COMPENSADA,3377.0,VE_ROTA_VE_CORREDOR_05,1002.75,10.66,A1_L2
intenso,1,PREEMPCAO_COMPENSADA,3378.0,VE_ROTA_VE_CORREDOR_05,1013.71,11.13,A1_L2
intenso,1,PREEMPCAO_COMPENSADA,3379.0,VE_ROTA_VE_CORREDOR_05,1025.05,11.55,A1_L2
intenso,1,PREEMPCAO_COMPENSADA,3380.0,VE_ROTA_VE_CORREDOR_05,1036.73,11.81,A1_L2
intenso,1,PREEMPCAO_COMPENSADA,3381.0,VE_ROTA_VE_CORREDOR_05,1048.74,12.19,A1_L2
intenso,1,PREEMPCAO_COMPENSADA,3382.0,VE_ROTA_VE_CORREDOR_05,1061.05,12.44,A1_L2
intenso,1,PREEMPCAO_COMPENSADA,3383.0,VE_ROTA_VE_CORREDOR_05,1073.60,12.72,A1_L2
intenso,1,PREEMPCAO_COMPENSADA,3384.0,VE_ROTA_VE_CORREDOR_05,1086.36,12.86,A1_L2
intenso,1,PREEMPCAO_COMPENSADA,3385.0,VE_ROTA_VE_CORREDOR_05,1099.35,13.09,A1_L2
intenso,1,PREEMPCAO_COMPENSADA,3386.0,VE_ROTA_VE_CORREDOR_05,1112.51,13.30,A1_L2
intenso,1,PREEMPCAO_COMPENSADA,3387.0,VE_ROTA_VE_CORREDOR_05,1125.83,13.38,A1_L2
intenso,1,PREEMPCAO_COMPENSADA,3388.0,VE_ROTA_VE_CORREDOR_05,1139.31,13.59,A1_L2
intenso,1,PREEMPCAO_COMPENSADA,3389.0,VE_ROTA_VE_CORREDOR_05,1152.90,13.60,A1_L2
intenso,1,PREEMPCAO_COMPENSADA,3390.0,VE_ROTA_VE_CORREDOR_05,1166.60,13.73,A1_L2
intenso,1,PREEMPCAO_COMPENSADA,3391.0,VE_ROTA_VE_CORREDOR_05,1180.39,13.85,A1_L2
intenso,1,PREEMPCAO_COMPENSADA,3392.0,VE_ROTA_VE_CORREDOR_05,1194.29,13.97,A1_L2
intenso,1,PREEMPCAO_COMPENSADA,3393.0,VE_ROTA_VE_CORREDOR_05,1208.26,14.01,A1_L2
intenso,1,PREEMPCAO_COMPENSADA,3394.0,VE_ROTA_VE_CORREDOR_05,1222.29,14.12,A1_L2
intenso,1,PREEMPCAO_COMPENSADA,3395.0,VE_ROTA_VE_CORREDOR_05,1236.39,14.11,A1_L2
intenso,1,PREEMPCAO_COMPENSADA,3396.0,VE_ROTA_VE_CORREDOR_05,1250.51,14.10,A1_L2
intenso,1,PREEMPCAO_COMPENSADA,3397.0,VE_ROTA_VE_CORREDOR_05,1264.40,13.77,A1_L2
intenso,1,PREEMPCAO_COMPENSADA,3398.0,VE_ROTA_VE_CORREDOR_05,1278.04,13.51,A1_L2
intenso,1,PREEMPCAO_COMPENSADA,3399.0,VE_ROTA_VE_CORREDOR_05,1291.29,13.09,A1_L2
intenso,1,PREEMPCAO_COMPENSADA,3400.0,VE_ROTA_VE_CORREDOR_05,1304.13,12.70,A1_L2
intenso,1,PREEMPCAO_COMPENSADA,3401.0,VE_ROTA_VE_CORREDOR_05,1316.51,12.13,A1_L2
intenso,1,PREEMPCAO_COMPENSADA,3402.0,VE_ROTA_VE_CORREDOR_05,1328.35,11.61,A1_L2
intenso,1,PREEMPCAO_COMPENSADA,3403.0,VE_ROTA_VE_CORREDOR_05,1339.67,11.02,A1_L2
intenso,1,PREEMPCAO_COMPENSADA,3404.0,VE_ROTA_VE_CORREDOR_05,1350.41,10.44,A1_L2
intenso,1,PREEMPCAO_COMPENSADA,3405.0,VE_ROTA_VE_CORREDOR_05,1360.60,9.91,A1_L2
intenso,1,PREEMPCAO_COMPENSADA,3406.0,VE_ROTA_VE_CORREDOR_05,1370.29,9.48,A1_L2
intenso,1,PREEMPCAO_COMPENSADA,3407.0,VE_ROTA_VE_CORREDOR_05,1379.56,9.10,A1_L2
intenso,1,PREEMPCAO_COMPENSADA,3408.0,VE_ROTA_VE_CORREDOR_05,1388.55,8.90,A1_L2
intenso,1,PREEMPCAO_COMPENSADA,3409.0,VE_ROTA_VE_CORREDOR_05,1397.44,8.90,A1_L2
intenso,1,PREEMPCAO_COMPENSADA,3410.0,VE_ROTA_VE_CORREDOR_05,1406.34,8.97,A1_L2
intenso,1,PREEMPCAO_COMPENSADA,3411.0,VE_ROTA_VE_CORREDOR_05,1415.38,9.13,A1_L2
intenso,1,PREEMPCAO_COMPENSADA,3412.0,VE_ROTA_VE_CORREDOR_05,1424.64,9.33,A1_L2
intenso,1,PREEMPCAO_COMPENSADA,3413.0,VE_ROTA_VE_CORREDOR_05,1434.17,9.67,A1_L2
intenso,1,PREEMPCAO_COMPENSADA,3414.0,VE_ROTA_VE_CORREDOR_05,1444.03,10.05,A1_L2
intenso,1,PREEMPCAO_COMPENSADA,3415.0,VE_ROTA_VE_CORREDOR_05,1454.22,10.35,A1_L2
intenso,1,PREEMPCAO_COMPENSADA,3416.0,VE_ROTA_VE_CORREDOR_05,1464.77,10.61,A1_L2
intenso,1,PREEMPCAO_COMPENSADA,3417.0,VE_ROTA_VE_CORREDOR_05,1475.65,11.02,A1_L2
intenso,1,PREEMPCAO_COMPENSADA,3418.0,VE_ROTA_VE_CORREDOR_05,1486.85,11.32,A1_L2
intenso,1,PREEMPCAO_COMPENSADA,3419.0,VE_ROTA_VE_CORREDOR_05,1497.69,10.11,:CRUZ_03_11
intenso,1,PREEMPCAO_COMPENSADA,3420.0,VE_ROTA_VE_CORREDOR_05,1508.24,10.86,A1_L3
intenso,1,PREEMPCAO_COMPENSADA,3421.0,VE_ROTA_VE_CORREDOR_05,1519.53,11.58,A1_L3
intenso,1,PREEMPCAO_COMPENSADA,3422.0,VE_ROTA_VE_CORREDOR_05,1531.45,12.16,A1_L3
intenso,1,PREEMPCAO_COMPENSADA,3423.0,VE_ROTA_VE_CORREDOR_05,1543.83,12.57,A1_L3
intenso,1,PREEMPCAO_COMPENSADA,3424.0,VE_ROTA_VE_CORREDOR_05,1556.60,12.97,A1_L3
intenso,1,PREEMPCAO_COMPENSADA,3425.0,VE_ROTA_VE_CORREDOR_05,1569.61,13.12,A1_L3
intenso,1,PREEMPCAO_COMPENSADA,3426.0,VE_ROTA_VE_CORREDOR_05,1582.81,13.24,A1_L3
intenso,1,PREEMPCAO_COMPENSADA,3427.0,VE_ROTA_VE_CORREDOR_05,1596.14,13.41,A1_L3
intenso,1,PREEMPCAO_COMPENSADA,3428.0,VE_ROTA_VE_CORREDOR_05,1609.58,13.47,A1_L3
intenso,1,PREEMPCAO_COMPENSADA,3429.0,VE_ROTA_VE_CORREDOR_05,1623.11,13.54,A1_L3
intenso,1,PREEMPCAO_COMPENSADA,3430.0,VE_ROTA_VE_CORREDOR_05,1636.73,13.61,A1_L3
intenso,1,PREEMPCAO_COMPENSADA,3431.0,VE_ROTA_VE_CORREDOR_05,1650.38,13.70,A1_L3
intenso,1,PREEMPCAO_COMPENSADA,3432.0,VE_ROTA_VE_CORREDOR_05,1664.07,13.73,A1_L3
intenso,1,PREEMPCAO_COMPENSADA,3433.0,VE_ROTA_VE_CORREDOR_05,1677.81,13.78,A1_L3
intenso,1,PREEMPCAO_COMPENSADA,3434.0,VE_ROTA_VE_CORREDOR_05,1691.57,13.75,A1_L3
intenso,1,PREEMPCAO_COMPENSADA,3435.0,VE_ROTA_VE_CORREDOR_05,1705.35,13.77,A1_L3
intenso,1,PREEMPCAO_COMPENSADA,3436.0,VE_ROTA_VE_CORREDOR_05,1719.14,13.84,A1_L3
intenso,1,PREEMPCAO_COMPENSADA,3437.0,VE_ROTA_VE_CORREDOR_05,1732.96,13.80,A1_L3
intenso,1,PREEMPCAO_COMPENSADA,3438.0,VE_ROTA_VE_CORREDOR_05,1746.79,13.82,A1_L3
intenso,1,PREEMPCAO_COMPENSADA,3439.0,VE_ROTA_VE_CORREDOR_05,1760.62,13.83,A1_L3
intenso,1,PREEMPCAO_COMPENSADA,3440.0,VE_ROTA_VE_CORREDOR_05,1774.46,13.82,A1_L3
intenso,1,PREEMPCAO_COMPENSADA,3441.0,VE_ROTA_VE_CORREDOR_05,1788.27,13.70,A1_L3
intenso,1,PREEMPCAO_COMPENSADA,3442.0,VE_ROTA_VE_CORREDOR_05,1801.69,13.19,A1_L3
intenso,1,PREEMPCAO_COMPENSADA,3443.0,VE_ROTA_VE_CORREDOR_05,1814.56,12.61,A1_L3
intenso,1,PREEMPCAO_COMPENSADA,3444.0,VE_ROTA_VE_CORREDOR_05,1826.77,11.95,A1_L3
intenso,1,PREEMPCAO_COMPENSADA,3445.0,VE_ROTA_VE_CORREDOR_05,1838.31,11.22,A1_L3
intenso,1,PREEMPCAO_COMPENSADA,3446.0,VE_ROTA_VE_CORREDOR_05,1849.13,10.44,A1_L3
intenso,1,PREEMPCAO_COMPENSADA,3447.0,VE_ROTA_VE_CORREDOR_05,1859.20,9.67,A1_L3
intenso,1,PREEMPCAO_COMPENSADA,3448.0,VE_ROTA_VE_CORREDOR_05,1868.47,8.89,A1_L3
intenso,1,PREEMPCAO_COMPENSADA,3449.0,VE_ROTA_VE_CORREDOR_05,1876.95,8.11,A1_L3
intenso,1,PREEMPCAO_COMPENSADA,3450.0,VE_ROTA_VE_CORREDOR_05,1884.64,7.29,A1_L3
intenso,1,PREEMPCAO_COMPENSADA,3451.0,VE_ROTA_VE_CORREDOR_05,1891.50,6.48,A1_L3
intenso,1,PREEMPCAO_COMPENSADA,3452.0,VE_ROTA_VE_CORREDOR_05,1897.54,5.71,A1_L3
intenso,1,PREEMPCAO_COMPENSADA,3453.0,VE_ROTA_VE_CORREDOR_05,1902.80,4.90,A1_L3
intenso,1,PREEMPCAO_COMPENSADA,3454.0,VE_ROTA_VE_CORREDOR_05,1907.35,4.29,A1_L3
intenso,1,PREEMPCAO_COMPENSADA,3455.0,VE_ROTA_VE_CORREDOR_05,1911.36,3.83,A1_L3
intenso,1,PREEMPCAO_COMPENSADA,3456.0,VE_ROTA_VE_CORREDOR_05,1915.09,3.69,A1_L3
intenso,1,PREEMPCAO_COMPENSADA,3457.0,VE_ROTA_VE_CORREDOR_05,1918.89,3.92,A1_L3
intenso,1,PREEMPCAO_COMPENSADA,3458.0,VE_ROTA_VE_CORREDOR_05,1923.04,4.35,A1_L3
intenso,1,PREEMPCAO_COMPENSADA,3459.0,VE_ROTA_VE_CORREDOR_05,1927.72,5.00,A1_L3
intenso,1,PREEMPCAO_COMPENSADA,3460.0,VE_ROTA_VE_CORREDOR_05,1933.09,5.65,A1_L3
intenso,1,PREEMPCAO_COMPENSADA,3461.0,VE_ROTA_VE_CORREDOR_05,1939.25,6.54,A1_L3
intenso,1,PREEMPCAO_COMPENSADA,3462.0,VE_ROTA_VE_CORREDOR_05,1946.24,7.37,A1_L3
intenso,1,PREEMPCAO_COMPENSADA,3463.0,VE_ROTA_VE_CORREDOR_05,1954.03,8.12,A1_L3
intenso,1,PREEMPCAO_COMPENSADA,3464.0,VE_ROTA_VE_CORREDOR_05,1962.66,9.02,A1_L3
intenso,1,PREEMPCAO_COMPENSADA,3465.0,VE_ROTA_VE_CORREDOR_05,1972.20,9.95,A1_L3
intenso,1,PREEMPCAO_COMPENSADA,3466.0,VE_ROTA_VE_CORREDOR_05,1982.62,10.75,A1_L3
intenso,1,PREEMPCAO_COMPENSADA,3467.0,VE_ROTA_VE_CORREDOR_05,1991.82,8.46,:CRUZ_04_10
intenso,1,PREEMPCAO_COMPENSADA,3468.0,VE_ROTA_VE_CORREDOR_05,2000.56,9.58,T4_S1
intenso,1,PREEMPCAO_COMPENSADA,3469.0,VE_ROTA_VE_CORREDOR_05,2011.71,12.43,T4_S1
intenso,1,PREEMPCAO_COMPENSADA,3470.0,VE_ROTA_VE_CORREDOR_05,2025.54,14.42,T4_S1
intenso,1,PREEMPCAO_COMPENSADA,3471.0,VE_ROTA_VE_CORREDOR_05,2039.96,14.42,T4_S1
intenso,1,PREEMPCAO_COMPENSADA,3472.0,VE_ROTA_VE_CORREDOR_05,2054.39,14.41,T4_S1
intenso,1,PREEMPCAO_COMPENSADA,3473.0,VE_ROTA_VE_CORREDOR_05,2068.83,14.44,T4_S1
intenso,1,PREEMPCAO_COMPENSADA,3474.0,VE_ROTA_VE_CORREDOR_05,2083.26,14.43,T4_S1
intenso,1,PREEMPCAO_COMPENSADA,3475.0,VE_ROTA_VE_CORREDOR_05,2097.69,14.42,T4_S1
intenso,1,PREEMPCAO_COMPENSADA,3476.0,VE_ROTA_VE_CORREDOR_05,2112.12,14.43,T4_S1
intenso,1,PREEMPCAO_COMPENSADA,3477.0,VE_ROTA_VE_CORREDOR_05,2126.54,14.44,T4_S1
intenso,1,PREEMPCAO_COMPENSADA,3478.0,VE_ROTA_VE_CORREDOR_05,2140.97,14.42,T4_S1
intenso,1,PREEMPCAO_COMPENSADA,3479.0,VE_ROTA_VE_CORREDOR_05,2155.39,14.42,T4_S1
intenso,1,PREEMPCAO_COMPENSADA,3480.0,VE_ROTA_VE_CORREDOR_05,2169.82,14.43,T4_S1
intenso,1,PREEMPCAO_COMPENSADA,3481.0,VE_ROTA_VE_CORREDOR_05,2184.25,14.43,T4_S1
intenso,1,PREEMPCAO_COMPENSADA,3482.0,VE_ROTA_VE_CORREDOR_05,2198.69,14.44,T4_S1
intenso,1,PREEMPCAO_COMPENSADA,3483.0,VE_ROTA_VE_CORREDOR_05,2213.11,14.42,T4_S1
intenso,1,PREEMPCAO_COMPENSADA,3484.0,VE_ROTA_VE_CORREDOR_05,2227.54,14.42,T4_S1
intenso,1,PREEMPCAO_COMPENSADA,3485.0,VE_ROTA_VE_CORREDOR_05,2241.97,14.41,T4_S1
intenso,1,PREEMPCAO_COMPENSADA,3486.0,VE_ROTA_VE_CORREDOR_05,2256.40,14.41,T4_S1
intenso,1,PREEMPCAO_COMPENSADA,3487.0,VE_ROTA_VE_CORREDOR_05,2270.82,14.43,T4_S1
intenso,1,PREEMPCAO_COMPENSADA,3488.0,VE_ROTA_VE_CORREDOR_05,2285.25,14.44,T4_S1
intenso,1,PREEMPCAO_COMPENSADA,3489.0,VE_ROTA_VE_CORREDOR_05,2299.67,14.41,T4_S1
intenso,1,PREEMPCAO_COMPENSADA,3490.0,VE_ROTA_VE_CORREDOR_05,2314.10,14.42,T4_S1
intenso,1,PREEMPCAO_COMPENSADA,3491.0,VE_ROTA_VE_CORREDOR_05,2328.52,14.42,T4_S1
intenso,1,PREEMPCAO_COMPENSADA,3492.0,VE_ROTA_VE_CORREDOR_05,2342.95,14.42,T4_S1
intenso,1,PREEMPCAO_COMPENSADA,3493.0,VE_ROTA_VE_CORREDOR_05,2357.38,14.42,T4_S1
intenso,1,PREEMPCAO_COMPENSADA,3494.0,VE_ROTA_VE_CORREDOR_05,2371.81,14.44,T4_S1
intenso,1,PREEMPCAO_COMPENSADA,3495.0,VE_ROTA_VE_CORREDOR_05,2386.24,14.43,T4_S1
intenso,1,PREEMPCAO_COMPENSADA,3496.0,VE_ROTA_VE_CORREDOR_05,2400.66,14.39,T4_S1
intenso,1,PREEMPCAO_COMPENSADA,3497.0,VE_ROTA_VE_CORREDOR_05,2414.25,12.97,T4_S1
intenso,1,PREEMPCAO_COMPENSADA,3498.0,VE_ROTA_VE_CORREDOR_05,2426.62,11.89,T4_S1
intenso,1,PREEMPCAO_COMPENSADA,3499.0,VE_ROTA_VE_CORREDOR_05,2438.05,11.07,T4_S1
intenso,1,PREEMPCAO_COMPENSADA,3500.0,VE_ROTA_VE_CORREDOR_05,2448.81,10.50,T4_S1
intenso,1,PREEMPCAO_COMPENSADA,3501.0,VE_ROTA_VE_CORREDOR_05,2459.08,10.09,T4_S1
intenso,1,PREEMPCAO_COMPENSADA,3502.0,VE_ROTA_VE_CORREDOR_05,2469.14,10.09,T4_S1
intenso,1,PREEMPCAO_COMPENSADA,3503.0,VE_ROTA_VE_CORREDOR_05,2478.51,8.45,:CRUZ_08_0
intenso,1,PREEMPCAO_COMPENSADA,3504.0,VE_ROTA_VE_CORREDOR_05,2487.04,9.03,A2_O3
intenso,1,PREEMPCAO_COMPENSADA,3505.0,VE_ROTA_VE_CORREDOR_05,2497.63,11.88,A2_O3
intenso,1,PREEMPCAO_COMPENSADA,3506.0,VE_ROTA_VE_CORREDOR_05,2511.07,14.70,A2_O3
intenso,1,PREEMPCAO_COMPENSADA,3507.0,VE_ROTA_VE_CORREDOR_05,2527.34,17.54,A2_O3
intenso,1,PREEMPCAO_COMPENSADA,3508.0,VE_ROTA_VE_CORREDOR_05,2546.43,20.39,A2_O3
intenso,1,PREEMPCAO_COMPENSADA,3509.0,VE_ROTA_VE_CORREDOR_05,2567.86,21.65,A2_O3
intenso,1,PREEMPCAO_COMPENSADA,3510.0,VE_ROTA_VE_CORREDOR_05,2589.52,21.66,A2_O3
intenso,1,PREEMPCAO_COMPENSADA,3511.0,VE_ROTA_VE_CORREDOR_05,2611.18,21.67,A2_O3
intenso,1,PREEMPCAO_COMPENSADA,3512.0,VE_ROTA_VE_CORREDOR_05,2632.84,21.67,A2_O3
intenso,1,PREEMPCAO_COMPENSADA,3513.0,VE_ROTA_VE_CORREDOR_05,2654.49,21.66,A2_O3
intenso,1,PREEMPCAO_COMPENSADA,3514.0,VE_ROTA_VE_CORREDOR_05,2676.15,21.66,A2_O3
intenso,1,PREEMPCAO_COMPENSADA,3515.0,VE_ROTA_VE_CORREDOR_05,2697.81,21.66,A2_O3
intenso,1,PREEMPCAO_COMPENSADA,3516.0,VE_ROTA_VE_CORREDOR_05,2719.47,21.66,A2_O3
intenso,1,PREEMPCAO_COMPENSADA,3517.0,VE_ROTA_VE_CORREDOR_05,2741.12,21.65,A2_O3
intenso,1,PREEMPCAO_COMPENSADA,3518.0,VE_ROTA_VE_CORREDOR_05,2762.78,21.65,A2_O3
intenso,1,PREEMPCAO_COMPENSADA,3519.0,VE_ROTA_VE_CORREDOR_05,2784.44,21.67,A2_O3
intenso,1,PREEMPCAO_COMPENSADA,3520.0,VE_ROTA_VE_CORREDOR_05,2806.09,21.67,A2_O3
intenso,1,PREEMPCAO_COMPENSADA,3521.0,VE_ROTA_VE_CORREDOR_05,2827.75,21.66,A2_O3
intenso,1,PREEMPCAO_COMPENSADA,3522.0,VE_ROTA_VE_CORREDOR_05,2849.41,21.64,A2_O3
intenso,1,PREEMPCAO_COMPENSADA,3523.0,VE_ROTA_VE_CORREDOR_05,2871.06,21.66,A2_O3
intenso,1,PREEMPCAO_COMPENSADA,3524.0,VE_ROTA_VE_CORREDOR_05,2892.71,21.66,A2_O3
intenso,1,PREEMPCAO_COMPENSADA,3525.0,VE_ROTA_VE_CORREDOR_05,2914.37,21.67,A2_O3
intenso,1,PREEMPCAO_COMPENSADA,3526.0,VE_ROTA_VE_CORREDOR_05,2936.02,21.66,A2_O3
intenso,1,PREEMPCAO_COMPENSADA,3527.0,VE_ROTA_VE_CORREDOR_05,2957.68,21.65,A2_O3
intenso,1,PREEMPCAO_COMPENSADA,3528.0,VE_ROTA_VE_CORREDOR_05,2979.34,21.66,:CRUZ_07_4
intenso,1,PREEMPCAO_COMPENSADA,3529.0,VE_ROTA_VE_CORREDOR_05,3001.00,21.66,A2_O2
intenso,1,PREEMPCAO_COMPENSADA,3530.0,VE_ROTA_VE_CORREDOR_05,3022.65,21.64,A2_O2
intenso,1,PREEMPCAO_COMPENSADA,3531.0,VE_ROTA_VE_CORREDOR_05,3044.30,21.66,A2_O2
intenso,1,PREEMPCAO_COMPENSADA,3532.0,VE_ROTA_VE_CORREDOR_05,3065.21,20.27,A2_O2
intenso,1,PREEMPCAO_COMPENSADA,3533.0,VE_ROTA_VE_CORREDOR_05,3084.78,19.09,A2_O2
intenso,1,PREEMPCAO_COMPENSADA,3534.0,VE_ROTA_VE_CORREDOR_05,3103.23,18.02,A2_O2
intenso,1,PREEMPCAO_COMPENSADA,3535.0,VE_ROTA_VE_CORREDOR_05,3120.68,17.09,A2_O2
intenso,1,PREEMPCAO_COMPENSADA,3536.0,VE_ROTA_VE_CORREDOR_05,3137.38,16.42,A2_O2
intenso,1,PREEMPCAO_COMPENSADA,3537.0,VE_ROTA_VE_CORREDOR_05,3153.43,15.81,A2_O2
intenso,1,PREEMPCAO_COMPENSADA,3538.0,VE_ROTA_VE_CORREDOR_05,3168.97,15.36,A2_O2
intenso,1,PREEMPCAO_COMPENSADA,3539.0,VE_ROTA_VE_CORREDOR_05,3184.12,14.98,A2_O2
intenso,1,PREEMPCAO_COMPENSADA,3540.0,VE_ROTA_VE_CORREDOR_05,3198.94,14.69,A2_O2
intenso,1,PREEMPCAO_COMPENSADA,3541.0,VE_ROTA_VE_CORREDOR_05,3213.52,14.55,A2_O2
intenso,1,PREEMPCAO_COMPENSADA,3542.0,VE_ROTA_VE_CORREDOR_05,3227.96,14.71,A2_O2
intenso,1,PREEMPCAO_COMPENSADA,3543.0,VE_ROTA_VE_CORREDOR_05,3243.48,15.59,A2_O2
intenso,1,PREEMPCAO_COMPENSADA,3544.0,VE_ROTA_VE_CORREDOR_05,3258.96,15.39,A2_O2
intenso,1,PREEMPCAO_COMPENSADA,3545.0,VE_ROTA_VE_CORREDOR_05,3274.32,15.35,A2_O2
intenso,1,PREEMPCAO_COMPENSADA,3546.0,VE_ROTA_VE_CORREDOR_05,3289.59,15.23,A2_O2
intenso,1,PREEMPCAO_COMPENSADA,3547.0,VE_ROTA_VE_CORREDOR_05,3304.79,15.15,A2_O2
intenso,1,PREEMPCAO_COMPENSADA,3548.0,VE_ROTA_VE_CORREDOR_05,3319.93,15.15,A2_O2
intenso,1,PREEMPCAO_COMPENSADA,3549.0,VE_ROTA_VE_CORREDOR_05,3335.02,15.04,A2_O2
intenso,1,PREEMPCAO_COMPENSADA,3550.0,VE_ROTA_VE_CORREDOR_05,3350.07,15.08,A2_O2
intenso,1,PREEMPCAO_COMPENSADA,3551.0,VE_ROTA_VE_CORREDOR_05,3365.11,15.05,A2_O2
intenso,1,PREEMPCAO_COMPENSADA,3552.0,VE_ROTA_VE_CORREDOR_05,3379.88,14.13,A2_O2
intenso,1,PREEMPCAO_COMPENSADA,3553.0,VE_ROTA_VE_CORREDOR_05,3393.11,12.59,A2_O2
intenso,1,PREEMPCAO_COMPENSADA,3554.0,VE_ROTA_VE_CORREDOR_05,3404.97,11.30,A2_O2
intenso,1,PREEMPCAO_COMPENSADA,3555.0,VE_ROTA_VE_CORREDOR_05,3415.78,10.44,A2_O2
intenso,1,PREEMPCAO_COMPENSADA,3556.0,VE_ROTA_VE_CORREDOR_05,3425.93,9.99,A2_O2
intenso,1,PREEMPCAO_COMPENSADA,3557.0,VE_ROTA_VE_CORREDOR_05,3435.90,10.01,A2_O2
intenso,1,PREEMPCAO_COMPENSADA,3558.0,VE_ROTA_VE_CORREDOR_05,3446.17,10.57,A2_O2
intenso,1,PREEMPCAO_COMPENSADA,3559.0,VE_ROTA_VE_CORREDOR_05,3457.18,11.41,A2_O2
intenso,1,PREEMPCAO_COMPENSADA,3560.0,VE_ROTA_VE_CORREDOR_05,3469.26,12.68,A2_O2
intenso,1,PREEMPCAO_COMPENSADA,3561.0,VE_ROTA_VE_CORREDOR_05,3482.32,13.23,:CRUZ_06_4
intenso,1,PREEMPCAO_COMPENSADA,3562.0,VE_ROTA_VE_CORREDOR_05,3495.85,13.73,A2_O1
intenso,1,PREEMPCAO_COMPENSADA,3563.0,VE_ROTA_VE_CORREDOR_05,3509.80,14.18,A2_O1
intenso,1,PREEMPCAO_COMPENSADA,3564.0,VE_ROTA_VE_CORREDOR_05,3524.08,14.42,A2_O1
intenso,1,PREEMPCAO_COMPENSADA,3565.0,VE_ROTA_VE_CORREDOR_05,3538.65,14.66,A2_O1
intenso,1,PREEMPCAO_COMPENSADA,3566.0,VE_ROTA_VE_CORREDOR_05,3553.30,14.65,A2_O1
intenso,1,PREEMPCAO_COMPENSADA,3567.0,VE_ROTA_VE_CORREDOR_05,3568.05,14.79,A2_O1
intenso,1,PREEMPCAO_COMPENSADA,3568.0,VE_ROTA_VE_CORREDOR_05,3582.81,14.82,A2_O1
intenso,1,PREEMPCAO_COMPENSADA,3569.0,VE_ROTA_VE_CORREDOR_05,3597.63,14.82,A2_O1
intenso,1,PREEMPCAO_COMPENSADA,3570.0,VE_ROTA_VE_CORREDOR_05,3612.45,14.83,A2_O1
intenso,1,PREEMPCAO_COMPENSADA,3571.0,VE_ROTA_VE_CORREDOR_05,3627.30,14.83,A2_O1
intenso,1,PREEMPCAO_COMPENSADA,3572.0,VE_ROTA_VE_CORREDOR_05,3642.18,14.88,A2_O1
intenso,1,PREEMPCAO_COMPENSADA,3573.0,VE_ROTA_VE_CORREDOR_05,3657.07,14.95,A2_O1
intenso,1,PREEMPCAO_COMPENSADA,3574.0,VE_ROTA_VE_CORREDOR_05,3671.98,14.88,A2_O1
intenso,1,PREEMPCAO_COMPENSADA,3575.0,VE_ROTA_VE_CORREDOR_05,3686.90,14.92,A2_O1
intenso,1,PREEMPCAO_COMPENSADA,3576.0,VE_ROTA_VE_CORREDOR_05,3701.80,14.92,A2_O1
intenso,1,PREEMPCAO_COMPENSADA,3577.0,VE_ROTA_VE_CORREDOR_05,3716.71,14.91,A2_O1
intenso,1,PREEMPCAO_COMPENSADA,3578.0,VE_ROTA_VE_CORREDOR_05,3731.65,14.92,A2_O1
intenso,1,PREEMPCAO_COMPENSADA,3579.0,VE_ROTA_VE_CORREDOR_05,3746.57,14.93,A2_O1
intenso,1,PREEMPCAO_COMPENSADA,3580.0,VE_ROTA_VE_CORREDOR_05,3761.49,14.87,A2_O1
intenso,1,PREEMPCAO_COMPENSADA,3581.0,VE_ROTA_VE_CORREDOR_05,3776.43,14.92,A2_O1
intenso,1,PREEMPCAO_COMPENSADA,3582.0,VE_ROTA_VE_CORREDOR_05,3791.35,14.90,A2_O1
intenso,1,PREEMPCAO_COMPENSADA,3583.0,VE_ROTA_VE_CORREDOR_05,3806.28,14.96,A2_O1
intenso,1,PREEMPCAO_COMPENSADA,3584.0,VE_ROTA_VE_CORREDOR_05,3821.23,14.94,A2_O1
intenso,1,PREEMPCAO_COMPENSADA,3585.0,VE_ROTA_VE_CORREDOR_05,3836.17,14.89,A2_O1
intenso,1,PREEMPCAO_COMPENSADA,3586.0,VE_ROTA_VE_CORREDOR_05,3851.09,14.96,A2_O1
intenso,1,PREEMPCAO_COMPENSADA,3587.0,VE_ROTA_VE_CORREDOR_05,3866.03,14.97,A2_O1
intenso,1,PREEMPCAO_COMPENSADA,3588.0,VE_ROTA_VE_CORREDOR_05,3880.73,14.18,A2_O1
intenso,1,PREEMPCAO_COMPENSADA,3589.0,VE_ROTA_VE_CORREDOR_05,3893.92,12.42,A2_O1
intenso,1,PREEMPCAO_COMPENSADA,3590.0,VE_ROTA_VE_CORREDOR_05,3905.46,10.83,A2_O1
intenso,1,PREEMPCAO_COMPENSADA,3591.0,VE_ROTA_VE_CORREDOR_05,3915.44,9.32,A2_O1
intenso,1,PREEMPCAO_COMPENSADA,3592.0,VE_ROTA_VE_CORREDOR_05,3924.07,8.13,A2_O1
intenso,1,PREEMPCAO_COMPENSADA,3593.0,VE_ROTA_VE_CORREDOR_05,3931.72,7.36,A2_O1
intenso,1,PREEMPCAO_COMPENSADA,3594.0,VE_ROTA_VE_CORREDOR_05,3938.98,7.25,A2_O1
intenso,1,PREEMPCAO_COMPENSADA,3595.0,VE_ROTA_VE_CORREDOR_05,3946.44,7.74,A2_O1
intenso,1,PREEMPCAO_COMPENSADA,3596.0,VE_ROTA_VE_CORREDOR_05,3954.66,8.69,A2_O1
intenso,1,PREEMPCAO_COMPENSADA,3597.0,VE_ROTA_VE_CORREDOR_05,3964.06,10.06,A2_O1
intenso,1,PREEMPCAO_COMPENSADA,3598.0,VE_ROTA_VE_CORREDOR_05,3975.03,11.68,:CRUZ_05_4
intenso,1,PREEMPCAO_COMPENSADA,3599.0,VE_ROTA_VE_CORREDOR_05,3987.26,12.59,A2_O0
intenso,1,PREEMPCAO_COMPENSADA,3600.0,VE_ROTA_VE_CORREDOR_05,4000.13,13.15,A2_O0
