cenario,seed,modo,t_s,id_semaforo,fase,sinal,em_preempcao
intenso,1,FIXO,30.1,CRUZ_01,1,AMARELO,0
intenso,1,FIXO,30.1,CRUZ_02,1,AMARELO,0
intenso,1,FIXO,30.1,CRUZ_03,1,AMARELO,0
intenso,1,FIXO,30.1,CRUZ_04,1,AMARELO,0
intenso,1,FIXO,30.1,CRUZ_05,1,AMARELO,0
intenso,1,FIXO,30.1,CRUZ_06,1,AMARELO,0
intenso,1,FIXO,30.1,CRUZ_07,1,AMARELO,0
intenso,1,FIXO,30.1,CRUZ_08,1,AMARELO,0
intenso,1,FIXO,33.1,CRUZ_01,1,VERMELHO,0
intenso,1,FIXO,33.1,CRUZ_02,1,VERMELHO,0
intenso,1,FIXO,33.1,CRUZ_03,1,VERMELHO,0
intenso,1,FIXO,33.1,CRUZ_04,1,VERMELHO,0
intenso,1,FIXO,33.1,CRUZ_05,1,VERMELHO,0
intenso,1,FIXO,33.1,CRUZ_06,1,VERMELHO,0
intenso,1,FIXO,33.1,CRUZ_07,1,VERMELHO,0
intenso,1,FIXO,33.1,CRUZ_08,1,VERMELHO,0
intenso,1,FIXO,35.1,CRUZ_01,2,VERDE,0
intenso,1,FIXO,35.1,CRUZ_02,2,VERDE,0
intenso,1,FIXO,35.1,CRUZ_03,2,VERDE,0
intenso,1,FIXO,35.1,CRUZ_04,2,VERDE,0
intenso,1,FIXO,35.1,CRUZ_05,2,VERDE,0
intenso,1,FIXO,35.1,CRUZ_06,2,VERDE,0
intenso,1,FIXO,35.1,CRUZ_07,2,VERDE,0
intenso,1,FIXO,35.1,CRUZ_08,2,VERDE,0
intenso,1,FIXO,65.1,CRUZ_01,2,AMARELO,0
intenso,1,FIXO,65.1,CRUZ_02,2,AMARELO,0
intenso,1,FIXO,65.1,CRUZ_03,2,AMARELO,0
intenso,1,FIXO,65.1,CRUZ_04,2,AMARELO,0
intenso,1,FIXO,65.1,CRUZ_05,2,AMARELO,0
intenso,1,FIXO,65.1,CRUZ_06,2,AMARELO,0
intenso,1,FIXO,65.1,CRUZ_07,2,AMARELO,0
intenso,1,FIXO,65.1,CRUZ_08,2,AMARELO,0
intenso,1,FIXO,68.1,CRUZ_01,2,VERMELHO,0
intenso,1,FIXO,68.1,CRUZ_02,2,VERMELHO,0
intenso,1,FIXO,68.1,CRUZ_03,2,VERMELHO,0
intenso,1,FIXO,68.1,CRUZ_04,2,VERMELHO,0
intenso,1,FIXO,68.1,CRUZ_05,2,VERMELHO,0
intenso,1,FIXO,68.1,CRUZ_06,2,VERMELHO,0
intenso,1,FIXO,68.1,CRUZ_07,2,VERMELHO,0
intenso,1,FIXO,68.1,CRUZ_08,2,VERMELHO,0
intenso,1,FIXO,70.1,CRUZ_01,1,VERDE,0
intenso,1,FIXO,70.1,CRUZ_02,1,VERDE,0
intenso,1,FIXO,70.1,CRUZ_03,1,VERDE,0
intenso,1,FIXO,70.1,CRUZ_04,1,VERDE,0
intenso,1,FIXO,70.1,CRUZ_05,1,VERDE,0
intenso,1,FIXO,70.1,CRUZ_06,1,VERDE,0
intenso,1,FIXO,70.1,CRUZ_07,1,VERDE,0
intenso,1,FIXO,70.1,CRUZ_08,1,VERDE,0
intenso,1,FIXO,100.1,CRUZ_01,1,AMARELO,0
intenso,1,FIXO,100.1,CRUZ_02,1,AMARELO,0
intenso,1,FIXO,100.1,CRUZ_03,1,AMARELO,0
intenso,1,FIXO,100.1,CRUZ_04,1,AMARELO,0
intenso,1,FIXO,100.1,CRUZ_05,1,AMARELO,0
intenso,1,FIXO,100.1,CRUZ_06,1,AMARELO,0
intenso,1,FIXO,100.1,CRUZ_07,1,AMARELO,0
intenso,1,FIXO,100.1,CRUZ_08,1,AMARELO,0
intenso,1,FIXO,103.1,CRUZ_01,1,VERMELHO,0
intenso,1,FIXO,103.1,CRUZ_02,1,VERMELHO,0
intenso,1,FIXO,103.1,CRUZ_03,1,VERMELHO,0
intenso,1,FIXO,103.1,CRUZ_04,1,VERMELHO,0
intenso,1,FIXO,103.1,CRUZ_05,1,VERMELHO,0
intenso,1,FIXO,103.1,CRUZ_06,1,VERMELHO,0
intenso,1,FIXO,103.1,CRUZ_07,1,VERMELHO,0
intenso,1,FIXO,103.1,CRUZ_08,1,VERMELHO,0
intenso,1,FIXO,105.1,CRUZ_01,2,VERDE,0
intenso,1,FIXO,105.1,CRUZ_02,2,VERDE,0
intenso,1,FIXO,105.1,CRUZ_03,2,VERDE,0
intenso,1,FIXO,105.1,CRUZ_04,2,VERDE,0
intenso,1,FIXO,105.1,CRUZ_05,2,VERDE,0
intenso,1,FIXO,105.1,CRUZ_06,2,VERDE,0
intenso,1,FIXO,105.1,CRUZ_07,2,VERDE,0
intenso,1,FIXO,105.1,CRUZ_08,2,VERDE,0
intenso,1,FIXO,135.1,CRUZ_01,2,AMARELO,0
intenso,1,FIXO,135.1,CRUZ_02,2,AMARELO,0
intenso,1,FIXO,135.1,CRUZ_03,2,AMARELO,0
intenso,1,FIXO,135.1,CRUZ_04,2,AMARELO,0
intenso,1,FIXO,135.1,CRUZ_05,2,AMARELO,0
intenso,1,FIXO,135.1,CRUZ_06,2,AMARELO,0
intenso,1,FIXO,135.1,CRUZ_07,2,AMARELO,0
intenso,1,FIXO,135.1,CRUZ_08,2,AMARELO,0
intenso,1,FIXO,138.1,CRUZ_01,2,VERMELHO,0
intenso,1,FIXO,138.1,CRUZ_02,2,VERMELHO,0
intenso,1,FIXO,138.1,CRUZ_03,2,VERMELHO,0
intenso,1,FIXO,138.1,CRUZ_04,2,VERMELHO,0
intenso,1,FIXO,138.1,CRUZ_05,2,VERMELHO,0
intenso,1,FIXO,138.1,CRUZ_06,2,VERMELHO,0
intenso,1,FIXO,138.1,CRUZ_07,2,VERMELHO,0
intenso,1,FIXO,138.1,CRUZ_08,2,VERMELHO,0
intenso,1,FIXO,140.1,CRUZ_01,1,VERDE,0
intenso,1,FIXO,140.1,CRUZ_02,1,VERDE,0
intenso,1,FIXO,140.1,CRUZ_03,1,VERDE,0
intenso,1,FIXO,140.1,CRUZ_04,1,VERDE,0
intenso,1,FIXO,140.1,CRUZ_05,1,VERDE,0
intenso,1,FIXO,140.1,CRUZ_06,1,VERDE,0
intenso,1,FIXO,140.1,CRUZ_07,1,VERDE,0
intenso,1,FIXO,140.1,CRUZ_08,1,VERDE,0
intenso,1,FIXO,170.1,CRUZ_01,1,AMARELO,0
intenso,1,FIXO,170.1,CRUZ_02,1,AMARELO,0
intenso,1,FIXO,170.1,CRUZ_03,1,AMARELO,0
intenso,1,FIXO,170.1,CRUZ_04,1,AMARELO,0
intenso,1,FIXO,170.1,CRUZ_05,1,AMARELO,0
intenso,1,FIXO,170.1,CRUZ_06,1,AMARELO,0
intenso,1,FIXO,170.1,CRUZ_07,1,AMARELO,0
intenso,1,FIXO,170.1,CRUZ_08,1,AMARELO,0
intenso,1,FIXO,173.1,CRUZ_01,1,VERMELHO,0
intenso,1,FIXO,173.1,CRUZ_02,1,VERMELHO,0
intenso,1,FIXO,173.1,CRUZ_03,1,VERMELHO,0
intenso,1,FIXO,173.1,CRUZ_04,1,VERMELHO,0
intenso,1,FIXO,173.1,CRUZ_05,1,VERMELHO,0
intenso,1,FIXO,173.1,CRUZ_06,1,VERMELHO,0
intenso,1,FIXO,173.1,CRUZ_07,1,VERMELHO,0
intenso,1,FIXO,173.1,CRUZ_08,1,VERMELHO,0
intenso,1,FIXO,175.1,CRUZ_01,2,VERDE,0
intenso,1,FIXO,175.1,CRUZ_02,2,VERDE,0
intenso,1,FIXO,175.1,CRUZ_03,2,VERDE,0
intenso,1,FIXO,175.1,CRUZ_04,2,VERDE,0
intenso,1,FIXO,175.1,CRUZ_05,2,VERDE,0
intenso,1,FIXO,175.1,CRUZ_06,2,VERDE,0
intenso,1,FIXO,175.1,CRUZ_07,2,VERDE,0
intenso,1,FIXO,175.1,CRUZ_08,2,VERDE,0
intenso,1,FIXO,205.1,CRUZ_01,2,AMARELO,0
intenso,1,FIXO,205.1,CRUZ_02,2,AMARELO,0
intenso,1,FIXO,205.1,CRUZ_03,2,AMARELO,0
intenso,1,FIXO,205.1,CRUZ_04,2,AMARELO,0
intenso,1,FIXO,205.1,CRUZ_05,2,AMARELO,0
intenso,1,FIXO,205.1,CRUZ_06,2,AMARELO,0
intenso,1,FIXO,205.1,CRUZ_07,2,AMARELO,0
intenso,1,FIXO,205.1,CRUZ_08,2,AMARELO,0
intenso,1,FIXO,208.1,CRUZ_01,2,VERMELHO,0
intenso,1,FIXO,208.1,CRUZ_02,2,VERMELHO,0
intenso,1,FIXO,208.1,CRUZ_03,2,VERMELHO,0
intenso,1,FIXO,208.1,CRUZ_04,2,VERMELHO,0
intenso,1,FIXO,208.1,CRUZ_05,2,VERMELHO,0
intenso,1,FIXO,208.1,CRUZ_06,2,VERMELHO,0
intenso,1,FIXO,208.1,CRUZ_07,2,VERMELHO,0
intenso,1,FIXO,208.1,CRUZ_08,2,VERMELHO,0
intenso,1,FIXO,210.1,CRUZ_01,1,VERDE,0
intenso,1,FIXO,210.1,CRUZ_02,1,VERDE,0
intenso,1,FIXO,210.1,CRUZ_03,1,VERDE,0
intenso,1,FIXO,210.1,CRUZ_04,1,VERDE,0
intenso,1,FIXO,210.1,CRUZ_05,1,VERDE,0
intenso,1,FIXO,210.1,CRUZ_06,1,VERDE,0
intenso,1,FIXO,210.1,CRUZ_07,1,VERDE,0
intenso,1,FIXO,210.1,CRUZ_08,1,VERDE,0
intenso,1,FIXO,240.1,CRUZ_01,1,AMARELO,0
intenso,1,FIXO,240.1,CRUZ_02,1,AMARELO,0
intenso,1,FIXO,240.1,CRUZ_03,1,AMARELO,0
intenso,1,FIXO,240.1,CRUZ_04,1,AMARELO,0
intenso,1,FIXO,240.1,CRUZ_05,1,AMARELO,0
intenso,1,FIXO,240.1,CRUZ_06,1,AMARELO,0
intenso,1,FIXO,240.1,CRUZ_07,1,AMARELO,0
intenso,1,FIXO,240.1,CRUZ_08,1,AMARELO,0
intenso,1,FIXO,243.1,CRUZ_01,1,VERMELHO,0
intenso,1,FIXO,243.1,CRUZ_02,1,VERMELHO,0
intenso,1,FIXO,243.1,CRUZ_03,1,VERMELHO,0
intenso,1,FIXO,243.1,CRUZ_04,1,VERMELHO,0
intenso,1,FIXO,243.1,CRUZ_05,1,VERMELHO,0
intenso,1,FIXO,243.1,CRUZ_06,1,VERMELHO,0
intenso,1,FIXO,243.1,CRUZ_07,1,VERMELHO,0
intenso,1,FIXO,243.1,CRUZ_08,1,VERMELHO,0
intenso,1,FIXO,245.1,CRUZ_01,2,VERDE,0
intenso,1,FIXO,245.1,CRUZ_02,2,VERDE,0
intenso,1,FIXO,245.1,CRUZ_03,2,VERDE,0
intenso,1,FIXO,245.1,CRUZ_04,2,VERDE,0
intenso,1,FIXO,245.1,CRUZ_05,2,VERDE,0
intenso,1,FIXO,245.1,CRUZ_06,2,VERDE,0
intenso,1,FIXO,245.1,CRUZ_07,2,VERDE,0
intenso,1,FIXO,245.1,CRUZ_08,2,VERDE,0
intenso,1,FIXO,275.1,CRUZ_01,2,AMARELO,0
intenso,1,FIXO,275.1,CRUZ_02,2,AMARELO,0
intenso,1,FIXO,275.1,CRUZ_03,2,AMARELO,0
intenso,1,FIXO,275.1,CRUZ_04,2,AMARELO,0
intenso,1,FIXO,275.1,CRUZ_05,2,AMARELO,0
intenso,1,FIXO,275.1,CRUZ_06,2,AMARELO,0
intenso,1,FIXO,275.1,CRUZ_07,2,AMARELO,0
intenso,1,FIXO,275.1,CRUZ_08,2,AMARELO,0
intenso,1,FIXO,278.1,CRUZ_01,2,VERMELHO,0
intenso,1,FIXO,278.1,CRUZ_02,2,VERMELHO,0
intenso,1,FIXO,278.1,CRUZ_03,2,VERMELHO,0
intenso,1,FIXO,278.1,CRUZ_04,2,VERMELHO,0
intenso,1,FIXO,278.1,CRUZ_05,2,VERMELHO,0
intenso,1,FIXO,278.1,CRUZ_06,2,VERMELHO,0
intenso,1,FIXO,278.1,CRUZ_07,2,VERMELHO,0
intenso,1,FIXO,278.1,CRUZ_08,2,VERMELHO,0
intenso,1,FIXO,280.1,CRUZ_01,1,VERDE,0
intenso,1,FIXO,280.1,CRUZ_02,1,VERDE,0
intenso,1,FIXO,280.1,CRUZ_03,1,VERDE,0
intenso,1,FIXO,280.1,CRUZ_04,1,VERDE,0
intenso,1,FIXO,280.1,CRUZ_05,1,VERDE,0
intenso,1,FIXO,280.1,CRUZ_06,1,VERDE,0
intenso,1,FIXO,280.1,CRUZ_07,1,VERDE,0
intenso,1,FIXO,280.1,CRUZ_08,1,VERDE,0
intenso,1,FIXO,310.1,CRUZ_01,1,AMARELO,0
intenso,1,FIXO,310.1,CRUZ_02,1,AMARELO,0
intenso,1,FIXO,310.1,CRUZ_03,1,AMARELO,0
intenso,1,FIXO,310.1,CRUZ_04,1,AMARELO,0
intenso,1,FIXO,310.1,CRUZ_05,1,AMARELO,0
intenso,1,FIXO,310.1,CRUZ_06,1,AMARELO,0
intenso,1,FIXO,310.1,CRUZ_07,1,AMARELO,0
intenso,1,FIXO,310.1,CRUZ_08,1,AMARELO,0
intenso,1,FIXO,313.1,CRUZ_01,1,VERMELHO,0
intenso,1,FIXO,313.1,CRUZ_02,1,VERMELHO,0
intenso,1,FIXO,313.1,CRUZ_03,1,VERMELHO,0
intenso,1,FIXO,313.1,CRUZ_04,1,VERMELHO,0
intenso,1,FIXO,313.1,CRUZ_05,1,VERMELHO,0
intenso,1,FIXO,313.1,CRUZ_06,1,VERMELHO,0
intenso,1,FIXO,313.1,CRUZ_07,1,VERMELHO,0
intenso,1,FIXO,313.1,CRUZ_08,1,VERMELHO,0
intenso,1,FIXO,315.1,CRUZ_01,2,VERDE,0
intenso,1,FIXO,315.1,CRUZ_02,2,VERDE,0
intenso,1,FIXO,315.1,CRUZ_03,2,VERDE,0
intenso,1,FIXO,315.1,CRUZ_04,2,VERDE,0
intenso,1,FIXO,315.1,CRUZ_05,2,VERDE,0
intenso,1,FIXO,315.1,CRUZ_06,2,VERDE,0
intenso,1,FIXO,315.1,CRUZ_07,2,VERDE,0
intenso,1,FIXO,315.1,CRUZ_08,2,VERDE,0
intenso,1,FIXO,345.1,CRUZ_01,2,AMARELO,0
intenso,1,FIXO,345.1,CRUZ_02,2,AMARELO,0
intenso,1,FIXO,345.1,CRUZ_03,2,AMARELO,0
intenso,1,FIXO,345.1,CRUZ_04,2,AMARELO,0
intenso,1,FIXO,345.1,CRUZ_05,2,AMARELO,0
intenso,1,FIXO,345.1,CRUZ_06,2,AMARELO,0
intenso,1,FIXO,345.1,CRUZ_07,2,AMARELO,0
intenso,1,FIXO,345.1,CRUZ_08,2,AMARELO,0
intenso,1,FIXO,348.1,CRUZ_01,2,VERMELHO,0
intenso,1,FIXO,348.1,CRUZ_02,2,VERMELHO,0
intenso,1,FIXO,348.1,CRUZ_03,2,VERMELHO,0
intenso,1,FIXO,348.1,CRUZ_04,2,VERMELHO,0
intenso,1,FIXO,348.1,CRUZ_05,2,VERMELHO,0
intenso,1,FIXO,348.1,CRUZ_06,2,VERMELHO,0
intenso,1,FIXO,348.1,CRUZ_07,2,VERMELHO,0
intenso,1,FIXO,348.1,CRUZ_08,2,VERMELHO,0
intenso,1,FIXO,350.1,CRUZ_01,1,VERDE,0
intenso,1,FIXO,350.1,CRUZ_02,1,VERDE,0
intenso,1,FIXO,350.1,CRUZ_03,1,VERDE,0
intenso,1,FIXO,350.1,CRUZ_04,1,VERDE,0
intenso,1,FIXO,350.1,CRUZ_05,1,VERDE,0
intenso,1,FIXO,350.1,CRUZ_06,1,VERDE,0
intenso,1,FIXO,350.1,CRUZ_07,1,VERDE,0
intenso,1,FIXO,350.1,CRUZ_08,1,VERDE,0
intenso,1,FIXO,380.1,CRUZ_01,1,AMARELO,0
intenso,1,FIXO,380.1,CRUZ_02,1,AMARELO,0
intenso,1,FIXO,380.1,CRUZ_03,1,AMARELO,0
intenso,1,FIXO,380.1,CRUZ_04,1,AMARELO,0
intenso,1,FIXO,380.1,CRUZ_05,1,AMARELO,0
intenso,1,FIXO,380.1,CRUZ_06,1,AMARELO,0
intenso,1,FIXO,380.1,CRUZ_07,1,AMARELO,0
intenso,1,FIXO,380.1,CRUZ_08,1,AMARELO,0
intenso,1,FIXO,383.1,CRUZ_01,1,VERMELHO,0
intenso,1,FIXO,383.1,CRUZ_02,1,VERMELHO,0
intenso,1,FIXO,383.1,CRUZ_03,1,VERMELHO,0
intenso,1,FIXO,383.1,CRUZ_04,1,VERMELHO,0
intenso,1,FIXO,383.1,CRUZ_05,1,VERMELHO,0
intenso,1,FIXO,383.1,CRUZ_06,1,VERMELHO,0
intenso,1,FIXO,383.1,CRUZ_07,1,VERMELHO,0
intenso,1,FIXO,383.1,CRUZ_08,1,VERMELHO,0
intenso,1,FIXO,385.1,CRUZ_01,2,VERDE,0
intenso,1,FIXO,385.1,CRUZ_02,2,VERDE,0
intenso,1,FIXO,385.1,CRUZ_03,2,VERDE,0
intenso,1,FIXO,385.1,CRUZ_04,2,VERDE,0
intenso,1,FIXO,385.1,CRUZ_05,2,VERDE,0
intenso,1,FIXO,385.1,CRUZ_06,2,VERDE,0
intenso,1,FIXO,385.1,CRUZ_07,2,VERDE,0
intenso,1,FIXO,385.1,CRUZ_08,2,VERDE,0
intenso,1,FIXO,415.1,CRUZ_01,2,AMARELO,0
intenso,1,FIXO,415.1,CRUZ_02,2,AMARELO,0
intenso,1,FIXO,415.1,CRUZ_03,2,AMARELO,0
intenso,1,FIXO,415.1,CRUZ_04,2,AMARELO,0
intenso,1,FIXO,415.1,CRUZ_05,2,AMARELO,0
intenso,1,FIXO,415.1,CRUZ_06,2,AMARELO,0
intenso,1,FIXO,415.1,CRUZ_07,2,AMARELO,0
intenso,1,FIXO,415.1,CRUZ_08,2,AMARELO,0
intenso,1,FIXO,418.1,CRUZ_01,2,VERMELHO,0
intenso,1,FIXO,418.1,CRUZ_02,2,VERMELHO,0
intenso,1,FIXO,418.1,CRUZ_03,2,VERMELHO,0
intenso,1,FIXO,418.1,CRUZ_04,2,VERMELHO,0
intenso,1,FIXO,418.1,CRUZ_05,2,VERMELHO,0
intenso,1,FIXO,418.1,CRUZ_06,2,VERMELHO,0
intenso,1,FIXO,418.1,CRUZ_07,2,VERMELHO,0
intenso,1,FIXO,418.1,CRUZ_08,2,VERMELHO,0
intenso,1,FIXO,420.1,CRUZ_01,1,VERDE,0
intenso,1,FIXO,420.1,CRUZ_02,1,VERDE,0
intenso,1,FIXO,420.1,CRUZ_03,1,VERDE,0
intenso,1,FIXO,420.1,CRUZ_04,1,VERDE,0
intenso,1,FIXO,420.1,CRUZ_05,1,VERDE,0
intenso,1,FIXO,420.1,CRUZ_06,1,VERDE,0
intenso,1,FIXO,420.1,CRUZ_07,1,VERDE,0
intenso,1,FIXO,420.1,CRUZ_08,1,VERDE,0
intenso,1,FIXO,450.1,CRUZ_01,1,AMARELO,0
intenso,1,FIXO,450.1,CRUZ_02,1,AMARELO,0
intenso,1,FIXO,450.1,CRUZ_03,1,AMARELO,0
intenso,1,FIXO,450.1,CRUZ_04,1,AMARELO,0
intenso,1,FIXO,450.1,CRUZ_05,1,AMARELO,0
intenso,1,FIXO,450.1,CRUZ_06,1,AMARELO,0
intenso,1,FIXO,450.1,CRUZ_07,1,AMARELO,0
intenso,1,FIXO,450.1,CRUZ_08,1,AMARELO,0
intenso,1,FIXO,453.1,CRUZ_01,1,VERMELHO,0
intenso,1,FIXO,453.1,CRUZ_02,1,VERMELHO,0
intenso,1,FIXO,453.1,CRUZ_03,1,VERMELHO,0
intenso,1,FIXO,453.1,CRUZ_04,1,VERMELHO,0
intenso,1,FIXO,453.1,CRUZ_05,1,VERMELHO,0
intenso,1,FIXO,453.1,CRUZ_06,1,VERMELHO,0
intenso,1,FIXO,453.1,CRUZ_07,1,VERMELHO,0
intenso,1,FIXO,453.1,CRUZ_08,1,VERMELHO,0
intenso,1,FIXO,455.1,CRUZ_01,2,VERDE,0
intenso,1,FIXO,455.1,CRUZ_02,2,VERDE,0
intenso,1,FIXO,455.1,CRUZ_03,2,VERDE,0
intenso,1,FIXO,455.1,CRUZ_04,2,VERDE,0
intenso,1,FIXO,455.1,CRUZ_05,2,VERDE,0
intenso,1,FIXO,455.1,CRUZ_06,2,VERDE,0
intenso,1,FIXO,455.1,CRUZ_07,2,VERDE,0
intenso,1,FIXO,455.1,CRUZ_08,2,VERDE,0
intenso,1,FIXO,485.1,CRUZ_01,2,AMARELO,0
intenso,1,FIXO,485.1,CRUZ_02,2,AMARELO,0
intenso,1,FIXO,485.1,CRUZ_03,2,AMARELO,0
intenso,1,FIXO,485.1,CRUZ_04,2,AMARELO,0
intenso,1,FIXO,485.1,CRUZ_05,2,AMARELO,0
intenso,1,FIXO,485.1,CRUZ_06,2,AMARELO,0
intenso,1,FIXO,485.1,CRUZ_07,2,AMARELO,0
intenso,1,FIXO,485.1,CRUZ_08,2,AMARELO,0
intenso,1,FIXO,488.1,CRUZ_01,2,VERMELHO,0
intenso,1,FIXO,488.1,CRUZ_02,2,VERMELHO,0
intenso,1,FIXO,488.1,CRUZ_03,2,VERMELHO,0
intenso,1,FIXO,488.1,CRUZ_04,2,VERMELHO,0
intenso,1,FIXO,488.1,CRUZ_05,2,VERMELHO,0
intenso,1,FIXO,488.1,CRUZ_06,2,VERMELHO,0
intenso,1,FIXO,488.1,CRUZ_07,2,VERMELHO,0
intenso,1,FIXO,488.1,CRUZ_08,2,VERMELHO,0
intenso,1,FIXO,490.1,CRUZ_01,1,VERDE,0
intenso,1,FIXO,490.1,CRUZ_02,1,VERDE,0
intenso,1,FIXO,490.1,CRUZ_03,1,VERDE,0
intenso,1,FIXO,490.1,CRUZ_04,1,VERDE,0
intenso,1,FIXO,490.1,CRUZ_05,1,VERDE,0
intenso,1,FIXO,490.1,CRUZ_06,1,VERDE,0
intenso,1,FIXO,490.1,CRUZ_07,1,VERDE,0
intenso,1,FIXO,490.1,CRUZ_08,1,VERDE,0
intenso,1,FIXO,520.1,CRUZ_01,1,AMARELO,0
intenso,1,FIXO,520.1,CRUZ_02,1,AMARELO,0
intenso,1,FIXO,520.1,CRUZ_03,1,AMARELO,0
intenso,1,FIXO,520.1,CRUZ_04,1,AMARELO,0
intenso,1,FIXO,520.1,CRUZ_05,1,AMARELO,0
intenso,1,FIXO,520.1,CRUZ_06,1,AMARELO,0
intenso,1,FIXO,520.1,CRUZ_07,1,AMARELO,0
intenso,1,FIXO,520.1,CRUZ_08,1,AMARELO,0
intenso,1,FIXO,523.1,CRUZ_01,1,VERMELHO,0
intenso,1,FIXO,523.1,CRUZ_02,1,VERMELHO,0
intenso,1,FIXO,523.1,CRUZ_03,1,VERMELHO,0
intenso,1,FIXO,523.1,CRUZ_04,1,VERMELHO,0
intenso,1,FIXO,523.1,CRUZ_05,1,VERMELHO,0
intenso,1,FIXO,523.1,CRUZ_06,1,VERMELHO,0
intenso,1,FIXO,523.1,CRUZ_07,1,VERMELHO,0
intenso,1,FIXO,523.1,CRUZ_08,1,VERMELHO,0
intenso,1,FIXO,525.1,CRUZ_01,2,VERDE,0
intenso,1,FIXO,525.1,CRUZ_02,2,VERDE,0
intenso,1,FIXO,525.1,CRUZ_03,2,VERDE,0
intenso,1,FIXO,525.1,CRUZ_04,2,VERDE,0
intenso,1,FIXO,525.1,CRUZ_05,2,VERDE,0
intenso,1,FIXO,525.1,CRUZ_06,2,VERDE,0
intenso,1,FIXO,525.1,CRUZ_07,2,VERDE,0
intenso,1,FIXO,525.1,CRUZ_08,2,VERDE,0
intenso,1,FIXO,555.1,CRUZ_01,2,AMARELO,0
intenso,1,FIXO,555.1,CRUZ_02,2,AMARELO,0
intenso,1,FIXO,555.1,CRUZ_03,2,AMARELO,0
intenso,1,FIXO,555.1,CRUZ_04,2,AMARELO,0
intenso,1,FIXO,555.1,CRUZ_05,2,AMARELO,0
intenso,1,FIXO,555.1,CRUZ_06,2,AMARELO,0
intenso,1,FIXO,555.1,CRUZ_07,2,AMARELO,0
intenso,1,FIXO,555.1,CRUZ_08,2,AMARELO,0
intenso,1,FIXO,558.1,CRUZ_01,2,VERMELHO,0
intenso,1,FIXO,558.1,CRUZ_02,2,VERMELHO,0
intenso,1,FIXO,558.1,CRUZ_03,2,VERMELHO,0
intenso,1,FIXO,558.1,CRUZ_04,2,VERMELHO,0
intenso,1,FIXO,558.1,CRUZ_05,2,VERMELHO,0
intenso,1,FIXO,558.1,CRUZ_06,2,VERMELHO,0
intenso,1,FIXO,558.1,CRUZ_07,2,VERMELHO,0
intenso,1,FIXO,558.1,CRUZ_08,2,VERMELHO,0
intenso,1,FIXO,560.1,CRUZ_01,1,VERDE,0
intenso,1,FIXO,560.1,CRUZ_02,1,VERDE,0
intenso,1,FIXO,560.1,CRUZ_03,1,VERDE,0
intenso,1,FIXO,560.1,CRUZ_04,1,VERDE,0
intenso,1,FIXO,560.1,CRUZ_05,1,VERDE,0
intenso,1,FIXO,560.1,CRUZ_06,1,VERDE,0
intenso,1,FIXO,560.1,CRUZ_07,1,VERDE,0
intenso,1,FIXO,560.1,CRUZ_08,1,VERDE,0
intenso,1,FIXO,590.1,CRUZ_01,1,AMARELO,0
intenso,1,FIXO,590.1,CRUZ_02,1,AMARELO,0
intenso,1,FIXO,590.1,CRUZ_03,1,AMARELO,0
intenso,1,FIXO,590.1,CRUZ_04,1,AMARELO,0
intenso,1,FIXO,590.1,CRUZ_05,1,AMARELO,0
intenso,1,FIXO,590.1,CRUZ_06,1,AMARELO,0
intenso,1,FIXO,590.1,CRUZ_07,1,AMARELO,0
intenso,1,FIXO,590.1,CRUZ_08,1,AMARELO,0
intenso,1,FIXO,593.1,CRUZ_01,1,VERMELHO,0
intenso,1,FIXO,593.1,CRUZ_02,1,VERMELHO,0
intenso,1,FIXO,593.1,CRUZ_03,1,VERMELHO,0
intenso,1,FIXO,593.1,CRUZ_04,1,VERMELHO,0
intenso,1,FIXO,593.1,CRUZ_05,1,VERMELHO,0
intenso,1,FIXO,593.1,CRUZ_06,1,VERMELHO,0
intenso,1,FIXO,593.1,CRUZ_07,1,VERMELHO,0
intenso,1,FIXO,593.1,CRUZ_08,1,VERMELHO,0
intenso,1,FIXO,595.1,CRUZ_01,2,VERDE,0
intenso,1,FIXO,595.1,CRUZ_02,2,VERDE,0
intenso,1,FIXO,595.1,CRUZ_03,2,VERDE,0
intenso,1,FIXO,595.1,CRUZ_04,2,VERDE,0
intenso,1,FIXO,595.1,CRUZ_05,2,VERDE,0
intenso,1,FIXO,595.1,CRUZ_06,2,VERDE,0
intenso,1,FIXO,595.1,CRUZ_07,2,VERDE,0
intenso,1,FIXO,595.1,CRUZ_08,2,VERDE,0
intenso,1,FIXO,625.1,CRUZ_01,2,AMARELO,0
intenso,1,FIXO,625.1,CRUZ_02,2,AMARELO,0
intenso,1,FIXO,625.1,CRUZ_03,2,AMARELO,0
intenso,1,FIXO,625.1,CRUZ_04,2,AMARELO,0
intenso,1,FIXO,625.1,CRUZ_05,2,AMARELO,0
intenso,1,FIXO,625.1,CRUZ_06,2,AMARELO,0
intenso,1,FIXO,625.1,CRUZ_07,2,AMARELO,0
intenso,1,FIXO,625.1,CRUZ_08,2,AMARELO,0
intenso,1,FIXO,628.1,CRUZ_01,2,VERMELHO,0
intenso,1,FIXO,628.1,CRUZ_02,2,VERMELHO,0
intenso,1,FIXO,628.1,CRUZ_03,2,VERMELHO,0
intenso,1,FIXO,628.1,CRUZ_04,2,VERMELHO,0
intenso,1,FIXO,628.1,CRUZ_05,2,VERMELHO,0
intenso,1,FIXO,628.1,CRUZ_06,2,VERMELHO,0
intenso,1,FIXO,628.1,CRUZ_07,2,VERMELHO,0
intenso,1,FIXO,628.1,CRUZ_08,2,VERMELHO,0
intenso,1,FIXO,630.1,CRUZ_01,1,VERDE,0
intenso,1,FIXO,630.1,CRUZ_02,1,VERDE,0
intenso,1,FIXO,630.1,CRUZ_03,1,VERDE,0
intenso,1,FIXO,630.1,CRUZ_04,1,VERDE,0
intenso,1,FIXO,630.1,CRUZ_05,1,VERDE,0
intenso,1,FIXO,630.1,CRUZ_06,1,VERDE,0
intenso,1,FIXO,630.1,CRUZ_07,1,VERDE,0
intenso,1,FIXO,630.1,CRUZ_08,1,VERDE,0
intenso,1,FIXO,660.1,CRUZ_01,1,AMARELO,0
intenso,1,FIXO,660.1,CRUZ_02,1,AMARELO,0
intenso,1,FIXO,660.1,CRUZ_03,1,AMARELO,0
intenso,1,FIXO,660.1,CRUZ_04,1,AMARELO,0
intenso,1,FIXO,660.1,CRUZ_05,1,AMARELO,0
intenso,1,FIXO,660.1,CRUZ_06,1,AMARELO,0
intenso,1,FIXO,660.1,CRUZ_07,1,AMARELO,0
intenso,1,FIXO,660.1,CRUZ_08,1,AMARELO,0
intenso,1,FIXO,663.1,CRUZ_01,1,VERMELHO,0
intenso,1,FIXO,663.1,CRUZ_02,1,VERMELHO,0
intenso,1,FIXO,663.1,CRUZ_03,1,VERMELHO,0
intenso,1,FIXO,663.1,CRUZ_04,1,VERMELHO,0
intenso,1,FIXO,663.1,CRUZ_05,1,VERMELHO,0
intenso,1,FIXO,663.1,CRUZ_06,1,VERMELHO,0
intenso,1,FIXO,663.1,CRUZ_07,1,VERMELHO,0
intenso,1,FIXO,663.1,CRUZ_08,1,VERMELHO,0
intenso,1,FIXO,665.1,CRUZ_01,2,VERDE,0
intenso,1,FIXO,665.1,CRUZ_02,2,VERDE,0
intenso,1,FIXO,665.1,CRUZ_03,2,VERDE,0
intenso,1,FIXO,665.1,CRUZ_04,2,VERDE,0
intenso,1,FIXO,665.1,CRUZ_05,2,VERDE,0
intenso,1,FIXO,665.1,CRUZ_06,2,VERDE,0
intenso,1,FIXO,665.1,CRUZ_07,2,VERDE,0
intenso,1,FIXO,665.1,CRUZ_08,2,VERDE,0
intenso,1,FIXO,695.1,CRUZ_01,2,AMARELO,0
intenso,1,FIXO,695.1,CRUZ_02,2,AMARELO,0
intenso,1,FIXO,695.1,CRUZ_03,2,AMARELO,0
intenso,1,FIXO,695.1,CRUZ_04,2,AMARELO,0
intenso,1,FIXO,695.1,CRUZ_05,2,AMARELO,0
intenso,1,FIXO,695.1,CRUZ_06,2,AMARELO,0
intenso,1,FIXO,695.1,CRUZ_07,2,AMARELO,0
intenso,1,FIXO,695.1,CRUZ_08,2,AMARELO,0
intenso,1,FIXO,698.1,CRUZ_01,2,VERMELHO,0
intenso,1,FIXO,698.1,CRUZ_02,2,VERMELHO,0
intenso,1,FIXO,698.1,CRUZ_03,2,VERMELHO,0
intenso,1,FIXO,698.1,CRUZ_04,2,VERMELHO,0
intenso,1,FIXO,698.1,CRUZ_05,2,VERMELHO,0
intenso,1,FIXO,698.1,CRUZ_06,2,VERMELHO,0
intenso,1,FIXO,698.1,CRUZ_07,2,VERMELHO,0
intenso,1,FIXO,698.1,CRUZ_08,2,VERMELHO,0
intenso,1,FIXO,700.1,CRUZ_01,1,VERDE,0
intenso,1,FIXO,700.1,CRUZ_02,1,VERDE,0
intenso,1,FIXO,700.1,CRUZ_03,1,VERDE,0
intenso,1,FIXO,700.1,CRUZ_04,1,VERDE,0
intenso,1,FIXO,700.1,CRUZ_05,1,VERDE,0
intenso,1,FIXO,700.1,CRUZ_06,1,VERDE,0
intenso,1,FIXO,700.1,CRUZ_07,1,VERDE,0
intenso,1,FIXO,700.1,CRUZ_08,1,VERDE,0
intenso,1,FIXO,730.1,CRUZ_01,1,AMARELO,0
intenso,1,FIXO,730.1,CRUZ_02,1,AMARELO,0
intenso,1,FIXO,730.1,CRUZ_03,1,AMARELO,0
intenso,1,FIXO,730.1,CRUZ_04,1,AMARELO,0
intenso,1,FIXO,730.1,CRUZ_05,1,AMARELO,0
intenso,1,FIXO,730.1,CRUZ_06,1,AMARELO,0
intenso,1,FIXO,730.1,CRUZ_07,1,AMARELO,0
intenso,1,FIXO,730.1,CRUZ_08,1,AMARELO,0
intenso,1,FIXO,733.1,CRUZ_01,1,VERMELHO,0
intenso,1,FIXO,733.1,CRUZ_02,1,VERMELHO,0
intenso,1,FIXO,733.1,CRUZ_03,1,VERMELHO,0
intenso,1,FIXO,733.1,CRUZ_04,1,VERMELHO,0
intenso,1,FIXO,733.1,CRUZ_05,1,VERMELHO,0
intenso,1,FIXO,733.1,CRUZ_06,1,VERMELHO,0
intenso,1,FIXO,733.1,CRUZ_07,1,VERMELHO,0
intenso,1,FIXO,733.1,CRUZ_08,1,VERMELHO,0
intenso,1,FIXO,735.1,CRUZ_01,2,VERDE,0
intenso,1,FIXO,735.1,CRUZ_02,2,VERDE,0
intenso,1,FIXO,735.1,CRUZ_03,2,VERDE,0
intenso,1,FIXO,735.1,CRUZ_04,2,VERDE,0
intenso,1,FIXO,735.1,CRUZ_05,2,VERDE,0
intenso,1,FIXO,735.1,CRUZ_06,2,VERDE,0
intenso,1,FIXO,735.1,CRUZ_07,2,VERDE,0
intenso,1,FIXO,735.1,CRUZ_08,2,VERDE,0
intenso,1,FIXO,765.1,CRUZ_01,2,AMARELO,0
intenso,1,FIXO,765.1,CRUZ_02,2,AMARELO,0
intenso,1,FIXO,765.1,CRUZ_03,2,AMARELO,0
intenso,1,FIXO,765.1,CRUZ_04,2,AMARELO,0
intenso,1,FIXO,765.1,CRUZ_05,2,AMARELO,0
intenso,1,FIXO,765.1,CRUZ_06,2,AMARELO,0
intenso,1,FIXO,765.1,CRUZ_07,2,AMARELO,0
intenso,1,FIXO,765.1,CRUZ_08,2,AMARELO,0
intenso,1,FIXO,768.1,CRUZ_01,2,VERMELHO,0
intenso,1,FIXO,768.1,CRUZ_02,2,VERMELHO,0
intenso,1,FIXO,768.1,CRUZ_03,2,VERMELHO,0
intenso,1,FIXO,768.1,CRUZ_04,2,VERMELHO,0
intenso,1,FIXO,768.1,CRUZ_05,2,VERMELHO,0
intenso,1,FIXO,768.1,CRUZ_06,2,VERMELHO,0
intenso,1,FIXO,768.1,CRUZ_07,2,VERMELHO,0
intenso,1,FIXO,768.1,CRUZ_08,2,VERMELHO,0
intenso,1,FIXO,770.1,CRUZ_01,1,VERDE,0
intenso,1,FIXO,770.1,CRUZ_02,1,VERDE,0
intenso,1,FIXO,770.1,CRUZ_03,1,VERDE,0
intenso,1,FIXO,770.1,CRUZ_04,1,VERDE,0
intenso,1,FIXO,770.1,CRUZ_05,1,VERDE,0
intenso,1,FIXO,770.1,CRUZ_06,1,VERDE,0
intenso,1,FIXO,770.1,CRUZ_07,1,VERDE,0
intenso,1,FIXO,770.1,CRUZ_08,1,VERDE,0
intenso,1,FIXO,800.1,CRUZ_01,1,AMARELO,0
intenso,1,FIXO,800.1,CRUZ_02,1,AMARELO,0
intenso,1,FIXO,800.1,CRUZ_03,1,AMARELO,0
intenso,1,FIXO,800.1,CRUZ_04,1,AMARELO,0
intenso,1,FIXO,800.1,CRUZ_05,1,AMARELO,0
intenso,1,FIXO,800.1,CRUZ_06,1,AMARELO,0
intenso,1,FIXO,800.1,CRUZ_07,1,AMARELO,0
intenso,1,FIXO,800.1,CRUZ_08,1,AMARELO,0
intenso,1,FIXO,803.1,CRUZ_01,1,VERMELHO,0
intenso,1,FIXO,803.1,CRUZ_02,1,VERMELHO,0
intenso,1,FIXO,803.1,CRUZ_03,1,VERMELHO,0
intenso,1,FIXO,803.1,CRUZ_04,1,VERMELHO,0
intenso,1,FIXO,803.1,CRUZ_05,1,VERMELHO,0
intenso,1,FIXO,803.1,CRUZ_06,1,VERMELHO,0
intenso,1,FIXO,803.1,CRUZ_07,1,VERMELHO,0
intenso,1,FIXO,803.1,CRUZ_08,1,VERMELHO,0
intenso,1,FIXO,805.1,CRUZ_01,2,VERDE,0
intenso,1,FIXO,805.1,CRUZ_02,2,VERDE,0
intenso,1,FIXO,805.1,CRUZ_03,2,VERDE,0
intenso,1,FIXO,805.1,CRUZ_04,2,VERDE,0
intenso,1,FIXO,805.1,CRUZ_05,2,VERDE,0
intenso,1,FIXO,805.1,CRUZ_06,2,VERDE,0
intenso,1,FIXO,805.1,CRUZ_07,2,VERDE,0
intenso,1,FIXO,805.1,CRUZ_08,2,VERDE,0
intenso,1,FIXO,835.1,CRUZ_01,2,AMARELO,0
intenso,1,FIXO,835.1,CRUZ_02,2,AMARELO,0
intenso,1,FIXO,835.1,CRUZ_03,2,AMARELO,0
intenso,1,FIXO,835.1,CRUZ_04,2,AMARELO,0
intenso,1,FIXO,835.1,CRUZ_05,2,AMARELO,0
intenso,1,FIXO,835.1,CRUZ_06,2,AMARELO,0
intenso,1,FIXO,835.1,CRUZ_07,2,AMARELO,0
intenso,1,FIXO,835.1,CRUZ_08,2,AMARELO,0
intenso,1,FIXO,838.1,CRUZ_01,2,VERMELHO,0
intenso,1,FIXO,838.1,CRUZ_02,2,VERMELHO,0
intenso,1,FIXO,838.1,CRUZ_03,2,VERMELHO,0
intenso,1,FIXO,838.1,CRUZ_04,2,VERMELHO,0
intenso,1,FIXO,838.1,CRUZ_05,2,VERMELHO,0
intenso,1,FIXO,838.1,CRUZ_06,2,VERMELHO,0
intenso,1,FIXO,838.1,CRUZ_07,2,VERMELHO,0
intenso,1,FIXO,838.1,CRUZ_08,2,VERMELHO,0
intenso,1,FIXO,840.1,CRUZ_01,1,VERDE,0
intenso,1,FIXO,840.1,CRUZ_02,1,VERDE,0
intenso,1,FIXO,840.1,CRUZ_03,1,VERDE,0
intenso,1,FIXO,840.1,CRUZ_04,1,VERDE,0
intenso,1,FIXO,840.1,CRUZ_05,1,VERDE,0
intenso,1,FIXO,840.1,CRUZ_06,1,VERDE,0
intenso,1,FIXO,840.1,CRUZ_07,1,VERDE,0
intenso,1,FIXO,840.1,CRUZ_08,1,VERDE,0
intenso,1,FIXO,870.1,CRUZ_01,1,AMARELO,0
intenso,1,FIXO,870.1,CRUZ_02,1,AMARELO,0
intenso,1,FIXO,870.1,CRUZ_03,1,AMARELO,0
intenso,1,FIXO,870.1,CRUZ_04,1,AMARELO,0
intenso,1,FIXO,870.1,CRUZ_05,1,AMARELO,0
intenso,1,FIXO,870.1,CRUZ_06,1,AMARELO,0
intenso,1,FIXO,870.1,CRUZ_07,1,AMARELO,0
intenso,1,FIXO,870.1,CRUZ_08,1,AMARELO,0
intenso,1,FIXO,873.1,CRUZ_01,1,VERMELHO,0
intenso,1,FIXO,873.1,CRUZ_02,1,VERMELHO,0
intenso,1,FIXO,873.1,CRUZ_03,1,VERMELHO,0
intenso,1,FIXO,873.1,CRUZ_04,1,VERMELHO,0
intenso,1,FIXO,873.1,CRUZ_05,1,VERMELHO,0
intenso,1,FIXO,873.1,CRUZ_06,1,VERMELHO,0
intenso,1,FIXO,873.1,CRUZ_07,1,VERMELHO,0
intenso,1,FIXO,873.1,CRUZ_08,1,VERMELHO,0
intenso,1,FIXO,875.1,CRUZ_01,2,VERDE,0
intenso,1,FIXO,875.1,CRUZ_02,2,VERDE,0
intenso,1,FIXO,875.1,CRUZ_03,2,VERDE,0
intenso,1,FIXO,875.1,CRUZ_04,2,VERDE,0
intenso,1,FIXO,875.1,CRUZ_05,2,VERDE,0
intenso,1,FIXO,875.1,CRUZ_06,2,VERDE,0
intenso,1,FIXO,875.1,CRUZ_07,2,VERDE,0
intenso,1,FIXO,875.1,CRUZ_08,2,VERDE,0
intenso,1,FIXO,905.1,CRUZ_01,2,AMARELO,0
intenso,1,FIXO,905.1,CRUZ_02,2,AMARELO,0
intenso,1,FIXO,905.1,CRUZ_03,2,AMARELO,0
intenso,1,FIXO,905.1,CRUZ_04,2,AMARELO,0
intenso,1,FIXO,905.1,CRUZ_05,2,AMARELO,0
intenso,1,FIXO,905.1,CRUZ_06,2,AMARELO,0
intenso,1,FIXO,905.1,CRUZ_07,2,AMARELO,0
intenso,1,FIXO,905.1,CRUZ_08,2,AMARELO,0
intenso,1,FIXO,908.1,CRUZ_01,2,VERMELHO,0
intenso,1,FIXO,908.1,CRUZ_02,2,VERMELHO,0
intenso,1,FIXO,908.1,CRUZ_03,2,VERMELHO,0
intenso,1,FIXO,908.1,CRUZ_04,2,VERMELHO,0
intenso,1,FIXO,908.1,CRUZ_05,2,VERMELHO,0
intenso,1,FIXO,908.1,CRUZ_06,2,VERMELHO,0
intenso,1,FIXO,908.1,CRUZ_07,2,VERMELHO,0
intenso,1,FIXO,908.1,CRUZ_08,2,VERMELHO,0
intenso,1,FIXO,910.1,CRUZ_01,1,VERDE,0
intenso,1,FIXO,910.1,CRUZ_02,1,VERDE,0
intenso,1,FIXO,910.1,CRUZ_03,1,VERDE,0
intenso,1,FIXO,910.1,CRUZ_04,1,VERDE,0
intenso,1,FIXO,910.1,CRUZ_05,1,VERDE,0
intenso,1,FIXO,910.1,CRUZ_06,1,VERDE,0
intenso,1,FIXO,910.1,CRUZ_07,1,VERDE,0
intenso,1,FIXO,910.1,CRUZ_08,1,VERDE,0
intenso,1,FIXO,940.1,CRUZ_01,1,AMARELO,0
intenso,1,FIXO,940.1,CRUZ_02,1,AMARELO,0
intenso,1,FIXO,940.1,CRUZ_03,1,AMARELO,0
intenso,1,FIXO,940.1,CRUZ_04,1,AMARELO,0
intenso,1,FIXO,940.1,CRUZ_05,1,AMARELO,0
intenso,1,FIXO,940.1,CRUZ_06,1,AMARELO,0
intenso,1,FIXO,940.1,CRUZ_07,1,AMARELO,0
intenso,1,FIXO,940.1,CRUZ_08,1,AMARELO,0
intenso,1,FIXO,943.1,CRUZ_01,1,VERMELHO,0
intenso,1,FIXO,943.1,CRUZ_02,1,VERMELHO,0
intenso,1,FIXO,943.1,CRUZ_03,1,VERMELHO,0
intenso,1,FIXO,943.1,CRUZ_04,1,VERMELHO,0
intenso,1,FIXO,943.1,CRUZ_05,1,VERMELHO,0
intenso,1,FIXO,943.1,CRUZ_06,1,VERMELHO,0
intenso,1,FIXO,943.1,CRUZ_07,1,VERMELHO,0
intenso,1,FIXO,943.1,CRUZ_08,1,VERMELHO,0
intenso,1,FIXO,945.1,CRUZ_01,2,VERDE,0
intenso,1,FIXO,945.1,CRUZ_02,2,VERDE,0
intenso,1,FIXO,945.1,CRUZ_03,2,VERDE,0
intenso,1,FIXO,945.1,CRUZ_04,2,VERDE,0
intenso,1,FIXO,945.1,CRUZ_05,2,VERDE,0
intenso,1,FIXO,945.1,CRUZ_06,2,VERDE,0
intenso,1,FIXO,945.1,CRUZ_07,2,VERDE,0
intenso,1,FIXO,945.1,CRUZ_08,2,VERDE,0
intenso,1,FIXO,975.1,CRUZ_01,2,AMARELO,0
intenso,1,FIXO,975.1,CRUZ_02,2,AMARELO,0
intenso,1,FIXO,975.1,CRUZ_03,2,AMARELO,0
intenso,1,FIXO,975.1,CRUZ_04,2,AMARELO,0
intenso,1,FIXO,975.1,CRUZ_05,2,AMARELO,0
intenso,1,FIXO,975.1,CRUZ_06,2,AMARELO,0
intenso,1,FIXO,975.1,CRUZ_07,2,AMARELO,0
intenso,1,FIXO,975.1,CRUZ_08,2,AMARELO,0
intenso,1,FIXO,978.1,CRUZ_01,2,VERMELHO,0
intenso,1,FIXO,978.1,CRUZ_02,2,VERMELHO,0
intenso,1,FIXO,978.1,CRUZ_03,2,VERMELHO,0
intenso,1,FIXO,978.1,CRUZ_04,2,VERMELHO,0
intenso,1,FIXO,978.1,CRUZ_05,2,VERMELHO,0
intenso,1,FIXO,978.1,CRUZ_06,2,VERMELHO,0
intenso,1,FIXO,978.1,CRUZ_07,2,VERMELHO,0
intenso,1,FIXO,978.1,CRUZ_08,2,VERMELHO,0
intenso,1,FIXO,980.1,CRUZ_01,1,VERDE,0
intenso,1,FIXO,980.1,CRUZ_02,1,VERDE,0
intenso,1,FIXO,980.1,CRUZ_03,1,VERDE,0
intenso,1,FIXO,980.1,CRUZ_04,1,VERDE,0
intenso,1,FIXO,980.1,CRUZ_05,1,VERDE,0
intenso,1,FIXO,980.1,CRUZ_06,1,VERDE,0
intenso,1,FIXO,980.1,CRUZ_07,1,VERDE,0
intenso,1,FIXO,980.1,CRUZ_08,1,VERDE,0
intenso,1,FIXO,1010.1,CRUZ_01,1,AMARELO,0
intenso,1,FIXO,1010.1,CRUZ_02,1,AMARELO,0
intenso,1,FIXO,1010.1,CRUZ_03,1,AMARELO,0
intenso,1,FIXO,1010.1,CRUZ_04,1,AMARELO,0
intenso,1,FIXO,1010.1,CRUZ_05,1,AMARELO,0
intenso,1,FIXO,1010.1,CRUZ_06,1,AMARELO,0
intenso,1,FIXO,1010.1,CRUZ_07,1,AMARELO,0
intenso,1,FIXO,1010.1,CRUZ_08,1,AMARELO,0
intenso,1,FIXO,1013.1,CRUZ_01,1,VERMELHO,0
intenso,1,FIXO,1013.1,CRUZ_02,1,VERMELHO,0
intenso,1,FIXO,1013.1,CRUZ_03,1,VERMELHO,0
intenso,1,FIXO,1013.1,CRUZ_04,1,VERMELHO,0
intenso,1,FIXO,1013.1,CRUZ_05,1,VERMELHO,0
intenso,1,FIXO,1013.1,CRUZ_06,1,VERMELHO,0
intenso,1,FIXO,1013.1,CRUZ_07,1,VERMELHO,0
intenso,1,FIXO,1013.1,CRUZ_08,1,VERMELHO,0
intenso,1,FIXO,1015.1,CRUZ_01,2,VERDE,0
intenso,1,FIXO,1015.1,CRUZ_02,2,VERDE,0
intenso,1,FIXO,1015.1,CRUZ_03,2,VERDE,0
intenso,1,FIXO,1015.1,CRUZ_04,2,VERDE,0
intenso,1,FIXO,1015.1,CRUZ_05,2,VERDE,0
intenso,1,FIXO,1015.1,CRUZ_06,2,VERDE,0
intenso,1,FIXO,1015.1,CRUZ_07,2,VERDE,0
intenso,1,FIXO,1015.1,CRUZ_08,2,VERDE,0
intenso,1,FIXO,1045.1,CRUZ_01,2,AMARELO,0
intenso,1,FIXO,1045.1,CRUZ_02,2,AMARELO,0
intenso,1,FIXO,1045.1,CRUZ_03,2,AMARELO,0
intenso,1,FIXO,1045.1,CRUZ_04,2,AMARELO,0
intenso,1,FIXO,1045.1,CRUZ_05,2,AMARELO,0
intenso,1,FIXO,1045.1,CRUZ_06,2,AMARELO,0
intenso,1,FIXO,1045.1,CRUZ_07,2,AMARELO,0
intenso,1,FIXO,1045.1,CRUZ_08,2,AMARELO,0
intenso,1,FIXO,1048.1,CRUZ_01,2,VERMELHO,0
intenso,1,FIXO,1048.1,CRUZ_02,2,VERMELHO,0
intenso,1,FIXO,1048.1,CRUZ_03,2,VERMELHO,0
intenso,1,FIXO,1048.1,CRUZ_04,2,VERMELHO,0
intenso,1,FIXO,1048.1,CRUZ_05,2,VERMELHO,0
intenso,1,FIXO,1048.1,CRUZ_06,2,VERMELHO,0
intenso,1,FIXO,1048.1,CRUZ_07,2,VERMELHO,0
intenso,1,FIXO,1048.1,CRUZ_08,2,VERMELHO,0
intenso,1,FIXO,1050.1,CRUZ_01,1,VERDE,0
intenso,1,FIXO,1050.1,CRUZ_02,1,VERDE,0
intenso,1,FIXO,1050.1,CRUZ_03,1,VERDE,0
intenso,1,FIXO,1050.1,CRUZ_04,1,VERDE,0
intenso,1,FIXO,1050.1,CRUZ_05,1,VERDE,0
intenso,1,FIXO,1050.1,CRUZ_06,1,VERDE,0
intenso,1,FIXO,1050.1,CRUZ_07,1,VERDE,0
intenso,1,FIXO,1050.1,CRUZ_08,1,VERDE,0
intenso,1,FIXO,1080.1,CRUZ_01,1,AMARELO,0
intenso,1,FIXO,1080.1,CRUZ_02,1,AMARELO,0
intenso,1,FIXO,1080.1,CRUZ_03,1,AMARELO,0
intenso,1,FIXO,1080.1,CRUZ_04,1,AMARELO,0
intenso,1,FIXO,1080.1,CRUZ_05,1,AMARELO,0
intenso,1,FIXO,1080.1,CRUZ_06,1,AMARELO,0
intenso,1,FIXO,1080.1,CRUZ_07,1,AMARELO,0
intenso,1,FIXO,1080.1,CRUZ_08,1,AMARELO,0
intenso,1,FIXO,1083.1,CRUZ_01,1,VERMELHO,0
intenso,1,FIXO,1083.1,CRUZ_02,1,VERMELHO,0
intenso,1,FIXO,1083.1,CRUZ_03,1,VERMELHO,0
intenso,1,FIXO,1083.1,CRUZ_04,1,VERMELHO,0
intenso,1,FIXO,1083.1,CRUZ_05,1,VERMELHO,0
intenso,1,FIXO,1083.1,CRUZ_06,1,VERMELHO,0
intenso,1,FIXO,1083.1,CRUZ_07,1,VERMELHO,0
intenso,1,FIXO,1083.1,CRUZ_08,1,VERMELHO,0
intenso,1,FIXO,1085.1,CRUZ_01,2,VERDE,0
intenso,1,FIXO,1085.1,CRUZ_02,2,VERDE,0
intenso,1,FIXO,1085.1,CRUZ_03,2,VERDE,0
intenso,1,FIXO,1085.1,CRUZ_04,2,VERDE,0
intenso,1,FIXO,1085.1,CRUZ_05,2,VERDE,0
intenso,1,FIXO,1085.1,CRUZ_06,2,VERDE,0
intenso,1,FIXO,1085.1,CRUZ_07,2,VERDE,0
intenso,1,FIXO,1085.1,CRUZ_08,2,VERDE,0
intenso,1,FIXO,1115.1,CRUZ_01,2,AMARELO,0
intenso,1,FIXO,1115.1,CRUZ_02,2,AMARELO,0
intenso,1,FIXO,1115.1,CRUZ_03,2,AMARELO,0
intenso,1,FIXO,1115.1,CRUZ_04,2,AMARELO,0
intenso,1,FIXO,1115.1,CRUZ_05,2,AMARELO,0
intenso,1,FIXO,1115.1,CRUZ_06,2,AMARELO,0
intenso,1,FIXO,1115.1,CRUZ_07,2,AMARELO,0
intenso,1,FIXO,1115.1,CRUZ_08,2,AMARELO,0
intenso,1,FIXO,1118.1,CRUZ_01,2,VERMELHO,0
intenso,1,FIXO,1118.1,CRUZ_02,2,VERMELHO,0
intenso,1,FIXO,1118.1,CRUZ_03,2,VERMELHO,0
intenso,1,FIXO,1118.1,CRUZ_04,2,VERMELHO,0
intenso,1,FIXO,1118.1,CRUZ_05,2,VERMELHO,0
intenso,1,FIXO,1118.1,CRUZ_06,2,VERMELHO,0
intenso,1,FIXO,1118.1,CRUZ_07,2,VERMELHO,0
intenso,1,FIXO,1118.1,CRUZ_08,2,VERMELHO,0
intenso,1,FIXO,1120.1,CRUZ_01,1,VERDE,0
intenso,1,FIXO,1120.1,CRUZ_02,1,VERDE,0
intenso,1,FIXO,1120.1,CRUZ_03,1,VERDE,0
intenso,1,FIXO,1120.1,CRUZ_04,1,VERDE,0
intenso,1,FIXO,1120.1,CRUZ_05,1,VERDE,0
intenso,1,FIXO,1120.1,CRUZ_06,1,VERDE,0
intenso,1,FIXO,1120.1,CRUZ_07,1,VERDE,0
intenso,1,FIXO,1120.1,CRUZ_08,1,VERDE,0
intenso,1,FIXO,1150.1,CRUZ_01,1,AMARELO,0
intenso,1,FIXO,1150.1,CRUZ_02,1,AMARELO,0
intenso,1,FIXO,1150.1,CRUZ_03,1,AMARELO,0
intenso,1,FIXO,1150.1,CRUZ_04,1,AMARELO,0
intenso,1,FIXO,1150.1,CRUZ_05,1,AMARELO,0
intenso,1,FIXO,1150.1,CRUZ_06,1,AMARELO,0
intenso,1,FIXO,1150.1,CRUZ_07,1,AMARELO,0
intenso,1,FIXO,1150.1,CRUZ_08,1,AMARELO,0
intenso,1,FIXO,1153.1,CRUZ_01,1,VERMELHO,0
intenso,1,FIXO,1153.1,CRUZ_02,1,VERMELHO,0
intenso,1,FIXO,1153.1,CRUZ_03,1,VERMELHO,0
intenso,1,FIXO,1153.1,CRUZ_04,1,VERMELHO,0
intenso,1,FIXO,1153.1,CRUZ_05,1,VERMELHO,0
intenso,1,FIXO,1153.1,CRUZ_06,1,VERMELHO,0
intenso,1,FIXO,1153.1,CRUZ_07,1,VERMELHO,0
intenso,1,FIXO,1153.1,CRUZ_08,1,VERMELHO,0
intenso,1,FIXO,1155.1,CRUZ_01,2,VERDE,0
intenso,1,FIXO,1155.1,CRUZ_02,2,VERDE,0
intenso,1,FIXO,1155.1,CRUZ_03,2,VERDE,0
intenso,1,FIXO,1155.1,CRUZ_04,2,VERDE,0
intenso,1,FIXO,1155.1,CRUZ_05,2,VERDE,0
intenso,1,FIXO,1155.1,CRUZ_06,2,VERDE,0
intenso,1,FIXO,1155.1,CRUZ_07,2,VERDE,0
intenso,1,FIXO,1155.1,CRUZ_08,2,VERDE,0
intenso,1,FIXO,1185.1,CRUZ_01,2,AMARELO,0
intenso,1,FIXO,1185.1,CRUZ_02,2,AMARELO,0
intenso,1,FIXO,1185.1,CRUZ_03,2,AMARELO,0
intenso,1,FIXO,1185.1,CRUZ_04,2,AMARELO,0
intenso,1,FIXO,1185.1,CRUZ_05,2,AMARELO,0
intenso,1,FIXO,1185.1,CRUZ_06,2,AMARELO,0
intenso,1,FIXO,1185.1,CRUZ_07,2,AMARELO,0
intenso,1,FIXO,1185.1,CRUZ_08,2,AMARELO,0
intenso,1,FIXO,1188.1,CRUZ_01,2,VERMELHO,0
intenso,1,FIXO,1188.1,CRUZ_02,2,VERMELHO,0
intenso,1,FIXO,1188.1,CRUZ_03,2,VERMELHO,0
intenso,1,FIXO,1188.1,CRUZ_04,2,VERMELHO,0
intenso,1,FIXO,1188.1,CRUZ_05,2,VERMELHO,0
intenso,1,FIXO,1188.1,CRUZ_06,2,VERMELHO,0
intenso,1,FIXO,1188.1,CRUZ_07,2,VERMELHO,0
intenso,1,FIXO,1188.1,CRUZ_08,2,VERMELHO,0
intenso,1,FIXO,1190.1,CRUZ_01,1,VERDE,0
intenso,1,FIXO,1190.1,CRUZ_02,1,VERDE,0
intenso,1,FIXO,1190.1,CRUZ_03,1,VERDE,0
intenso,1,FIXO,1190.1,CRUZ_04,1,VERDE,0
intenso,1,FIXO,1190.1,CRUZ_05,1,VERDE,0
intenso,1,FIXO,1190.1,CRUZ_06,1,VERDE,0
intenso,1,FIXO,1190.1,CRUZ_07,1,VERDE,0
intenso,1,FIXO,1190.1,CRUZ_08,1,VERDE,0
intenso,1,FIXO,1220.1,CRUZ_01,1,AMARELO,0
intenso,1,FIXO,1220.1,CRUZ_02,1,AMARELO,0
intenso,1,FIXO,1220.1,CRUZ_03,1,AMARELO,0
intenso,1,FIXO,1220.1,CRUZ_04,1,AMARELO,0
intenso,1,FIXO,1220.1,CRUZ_05,1,AMARELO,0
intenso,1,FIXO,1220.1,CRUZ_06,1,AMARELO,0
intenso,1,FIXO,1220.1,CRUZ_07,1,AMARELO,0
intenso,1,FIXO,1220.1,CRUZ_08,1,AMARELO,0
intenso,1,FIXO,1223.1,CRUZ_01,1,VERMELHO,0
intenso,1,FIXO,1223.1,CRUZ_02,1,VERMELHO,0
intenso,1,FIXO,1223.1,CRUZ_03,1,VERMELHO,0
intenso,1,FIXO,1223.1,CRUZ_04,1,VERMELHO,0
intenso,1,FIXO,1223.1,CRUZ_05,1,VERMELHO,0
intenso,1,FIXO,1223.1,CRUZ_06,1,VERMELHO,0
intenso,1,FIXO,1223.1,CRUZ_07,1,VERMELHO,0
intenso,1,FIXO,1223.1,CRUZ_08,1,VERMELHO,0
intenso,1,FIXO,1225.1,CRUZ_01,2,VERDE,0
intenso,1,FIXO,1225.1,CRUZ_02,2,VERDE,0
intenso,1,FIXO,1225.1,CRUZ_03,2,VERDE,0
intenso,1,FIXO,1225.1,CRUZ_04,2,VERDE,0
intenso,1,FIXO,1225.1,CRUZ_05,2,VERDE,0
intenso,1,FIXO,1225.1,CRUZ_06,2,VERDE,0
intenso,1,FIXO,1225.1,CRUZ_07,2,VERDE,0
intenso,1,FIXO,1225.1,CRUZ_08,2,VERDE,0
intenso,1,FIXO,1255.1,CRUZ_01,2,AMARELO,0
intenso,1,FIXO,1255.1,CRUZ_02,2,AMARELO,0
intenso,1,FIXO,1255.1,CRUZ_03,2,AMARELO,0
intenso,1,FIXO,1255.1,CRUZ_04,2,AMARELO,0
intenso,1,FIXO,1255.1,CRUZ_05,2,AMARELO,0
intenso,1,FIXO,1255.1,CRUZ_06,2,AMARELO,0
intenso,1,FIXO,1255.1,CRUZ_07,2,AMARELO,0
intenso,1,FIXO,1255.1,CRUZ_08,2,AMARELO,0
intenso,1,FIXO,1258.1,CRUZ_01,2,VERMELHO,0
intenso,1,FIXO,1258.1,CRUZ_02,2,VERMELHO,0
intenso,1,FIXO,1258.1,CRUZ_03,2,VERMELHO,0
intenso,1,FIXO,1258.1,CRUZ_04,2,VERMELHO,0
intenso,1,FIXO,1258.1,CRUZ_05,2,VERMELHO,0
intenso,1,FIXO,1258.1,CRUZ_06,2,VERMELHO,0
intenso,1,FIXO,1258.1,CRUZ_07,2,VERMELHO,0
intenso,1,FIXO,1258.1,CRUZ_08,2,VERMELHO,0
intenso,1,FIXO,1260.1,CRUZ_01,1,VERDE,0
intenso,1,FIXO,1260.1,CRUZ_02,1,VERDE,0
intenso,1,FIXO,1260.1,CRUZ_03,1,VERDE,0
intenso,1,FIXO,1260.1,CRUZ_04,1,VERDE,0
intenso,1,FIXO,1260.1,CRUZ_05,1,VERDE,0
intenso,1,FIXO,1260.1,CRUZ_06,1,VERDE,0
intenso,1,FIXO,1260.1,CRUZ_07,1,VERDE,0
intenso,1,FIXO,1260.1,CRUZ_08,1,VERDE,0
intenso,1,FIXO,1290.1,CRUZ_01,1,AMARELO,0
intenso,1,FIXO,1290.1,CRUZ_02,1,AMARELO,0
intenso,1,FIXO,1290.1,CRUZ_03,1,AMARELO,0
intenso,1,FIXO,1290.1,CRUZ_04,1,AMARELO,0
intenso,1,FIXO,1290.1,CRUZ_05,1,AMARELO,0
intenso,1,FIXO,1290.1,CRUZ_06,1,AMARELO,0
intenso,1,FIXO,1290.1,CRUZ_07,1,AMARELO,0
intenso,1,FIXO,1290.1,CRUZ_08,1,AMARELO,0
intenso,1,FIXO,1293.1,CRUZ_01,1,VERMELHO,0
intenso,1,FIXO,1293.1,CRUZ_02,1,VERMELHO,0
intenso,1,FIXO,1293.1,CRUZ_03,1,VERMELHO,0
intenso,1,FIXO,1293.1,CRUZ_04,1,VERMELHO,0
intenso,1,FIXO,1293.1,CRUZ_05,1,VERMELHO,0
intenso,1,FIXO,1293.1,CRUZ_06,1,VERMELHO,0
intenso,1,FIXO,1293.1,CRUZ_07,1,VERMELHO,0
intenso,1,FIXO,1293.1,CRUZ_08,1,VERMELHO,0
intenso,1,FIXO,1295.1,CRUZ_01,2,VERDE,0
intenso,1,FIXO,1295.1,CRUZ_02,2,VERDE,0
intenso,1,FIXO,1295.1,CRUZ_03,2,VERDE,0
intenso,1,FIXO,1295.1,CRUZ_04,2,VERDE,0
intenso,1,FIXO,1295.1,CRUZ_05,2,VERDE,0
intenso,1,FIXO,1295.1,CRUZ_06,2,VERDE,0
intenso,1,FIXO,1295.1,CRUZ_07,2,VERDE,0
intenso,1,FIXO,1295.1,CRUZ_08,2,VERDE,0
intenso,1,FIXO,1325.1,CRUZ_01,2,AMARELO,0
intenso,1,FIXO,1325.1,CRUZ_02,2,AMARELO,0
intenso,1,FIXO,1325.1,CRUZ_03,2,AMARELO,0
intenso,1,FIXO,1325.1,CRUZ_04,2,AMARELO,0
intenso,1,FIXO,1325.1,CRUZ_05,2,AMARELO,0
intenso,1,FIXO,1325.1,CRUZ_06,2,AMARELO,0
intenso,1,FIXO,1325.1,CRUZ_07,2,AMARELO,0
intenso,1,FIXO,1325.1,CRUZ_08,2,AMARELO,0
intenso,1,FIXO,1328.1,CRUZ_01,2,VERMELHO,0
intenso,1,FIXO,1328.1,CRUZ_02,2,VERMELHO,0
intenso,1,FIXO,1328.1,CRUZ_03,2,VERMELHO,0
intenso,1,FIXO,1328.1,CRUZ_04,2,VERMELHO,0
intenso,1,FIXO,1328.1,CRUZ_05,2,VERMELHO,0
intenso,1,FIXO,1328.1,CRUZ_06,2,VERMELHO,0
intenso,1,FIXO,1328.1,CRUZ_07,2,VERMELHO,0
intenso,1,FIXO,1328.1,CRUZ_08,2,VERMELHO,0
intenso,1,FIXO,1330.1,CRUZ_01,1,VERDE,0
intenso,1,FIXO,1330.1,CRUZ_02,1,VERDE,0
intenso,1,FIXO,1330.1,CRUZ_03,1,VERDE,0
intenso,1,FIXO,1330.1,CRUZ_04,1,VERDE,0
intenso,1,FIXO,1330.1,CRUZ_05,1,VERDE,0
intenso,1,FIXO,1330.1,CRUZ_06,1,VERDE,0
intenso,1,FIXO,1330.1,CRUZ_07,1,VERDE,0
intenso,1,FIXO,1330.1,CRUZ_08,1,VERDE,0
intenso,1,FIXO,1360.1,CRUZ_01,1,AMARELO,0
intenso,1,FIXO,1360.1,CRUZ_02,1,AMARELO,0
intenso,1,FIXO,1360.1,CRUZ_03,1,AMARELO,0
intenso,1,FIXO,1360.1,CRUZ_04,1,AMARELO,0
intenso,1,FIXO,1360.1,CRUZ_05,1,AMARELO,0
intenso,1,FIXO,1360.1,CRUZ_06,1,AMARELO,0
intenso,1,FIXO,1360.1,CRUZ_07,1,AMARELO,0
intenso,1,FIXO,1360.1,CRUZ_08,1,AMARELO,0
intenso,1,FIXO,1363.1,CRUZ_01,1,VERMELHO,0
intenso,1,FIXO,1363.1,CRUZ_02,1,VERMELHO,0
intenso,1,FIXO,1363.1,CRUZ_03,1,VERMELHO,0
intenso,1,FIXO,1363.1,CRUZ_04,1,VERMELHO,0
intenso,1,FIXO,1363.1,CRUZ_05,1,VERMELHO,0
intenso,1,FIXO,1363.1,CRUZ_06,1,VERMELHO,0
intenso,1,FIXO,1363.1,CRUZ_07,1,VERMELHO,0
intenso,1,FIXO,1363.1,CRUZ_08,1,VERMELHO,0
intenso,1,FIXO,1365.1,CRUZ_01,2,VERDE,0
intenso,1,FIXO,1365.1,CRUZ_02,2,VERDE,0
intenso,1,FIXO,1365.1,CRUZ_03,2,VERDE,0
intenso,1,FIXO,1365.1,CRUZ_04,2,VERDE,0
intenso,1,FIXO,1365.1,CRUZ_05,2,VERDE,0
intenso,1,FIXO,1365.1,CRUZ_06,2,VERDE,0
intenso,1,FIXO,1365.1,CRUZ_07,2,VERDE,0
intenso,1,FIXO,1365.1,CRUZ_08,2,VERDE,0
intenso,1,FIXO,1395.1,CRUZ_01,2,AMARELO,0
intenso,1,FIXO,1395.1,CRUZ_02,2,AMARELO,0
intenso,1,FIXO,1395.1,CRUZ_03,2,AMARELO,0
intenso,1,FIXO,1395.1,CRUZ_04,2,AMARELO,0
intenso,1,FIXO,1395.1,CRUZ_05,2,AMARELO,0
intenso,1,FIXO,1395.1,CRUZ_06,2,AMARELO,0
intenso,1,FIXO,1395.1,CRUZ_07,2,AMARELO,0
intenso,1,FIXO,1395.1,CRUZ_08,2,AMARELO,0
intenso,1,FIXO,1398.1,CRUZ_01,2,VERMELHO,0
intenso,1,FIXO,1398.1,CRUZ_02,2,VERMELHO,0
intenso,1,FIXO,1398.1,CRUZ_03,2,VERMELHO,0
intenso,1,FIXO,1398.1,CRUZ_04,2,VERMELHO,0
intenso,1,FIXO,1398.1,CRUZ_05,2,VERMELHO,0
intenso,1,FIXO,1398.1,CRUZ_06,2,VERMELHO,0
intenso,1,FIXO,1398.1,CRUZ_07,2,VERMELHO,0
intenso,1,FIXO,1398.1,CRUZ_08,2,VERMELHO,0
intenso,1,FIXO,1400.1,CRUZ_01,1,VERDE,0
intenso,1,FIXO,1400.1,CRUZ_02,1,VERDE,0
intenso,1,FIXO,1400.1,CRUZ_03,1,VERDE,0
intenso,1,FIXO,1400.1,CRUZ_04,1,VERDE,0
intenso,1,FIXO,1400.1,CRUZ_05,1,VERDE,0
intenso,1,FIXO,1400.1,CRUZ_06,1,VERDE,0
intenso,1,FIXO,1400.1,CRUZ_07,1,VERDE,0
intenso,1,FIXO,1400.1,CRUZ_08,1,VERDE,0
intenso,1,FIXO,1430.1,CRUZ_01,1,AMARELO,0
intenso,1,FIXO,1430.1,CRUZ_02,1,AMARELO,0
intenso,1,FIXO,1430.1,CRUZ_03,1,AMARELO,0
intenso,1,FIXO,1430.1,CRUZ_04,1,AMARELO,0
intenso,1,FIXO,1430.1,CRUZ_05,1,AMARELO,0
intenso,1,FIXO,1430.1,CRUZ_06,1,AMARELO,0
intenso,1,FIXO,1430.1,CRUZ_07,1,AMARELO,0
intenso,1,FIXO,1430.1,CRUZ_08,1,AMARELO,0
intenso,1,FIXO,1433.1,CRUZ_01,1,VERMELHO,0
intenso,1,FIXO,1433.1,CRUZ_02,1,VERMELHO,0
intenso,1,FIXO,1433.1,CRUZ_03,1,VERMELHO,0
intenso,1,FIXO,1433.1,CRUZ_04,1,VERMELHO,0
intenso,1,FIXO,1433.1,CRUZ_05,1,VERMELHO,0
intenso,1,FIXO,1433.1,CRUZ_06,1,VERMELHO,0
intenso,1,FIXO,1433.1,CRUZ_07,1,VERMELHO,0
intenso,1,FIXO,1433.1,CRUZ_08,1,VERMELHO,0
intenso,1,FIXO,1435.1,CRUZ_01,2,VERDE,0
intenso,1,FIXO,1435.1,CRUZ_02,2,VERDE,0
intenso,1,FIXO,1435.1,CRUZ_03,2,VERDE,0
intenso,1,FIXO,1435.1,CRUZ_04,2,VERDE,0
intenso,1,FIXO,1435.1,CRUZ_05,2,VERDE,0
intenso,1,FIXO,1435.1,CRUZ_06,2,VERDE,0
intenso,1,FIXO,1435.1,CRUZ_07,2,VERDE,0
intenso,1,FIXO,1435.1,CRUZ_08,2,VERDE,0
intenso,1,FIXO,1465.1,CRUZ_01,2,AMARELO,0
intenso,1,FIXO,1465.1,CRUZ_02,2,AMARELO,0
intenso,1,FIXO,1465.1,CRUZ_03,2,AMARELO,0
intenso,1,FIXO,1465.1,CRUZ_04,2,AMARELO,0
intenso,1,FIXO,1465.1,CRUZ_05,2,AMARELO,0
intenso,1,FIXO,1465.1,CRUZ_06,2,AMARELO,0
intenso,1,FIXO,1465.1,CRUZ_07,2,AMARELO,0
intenso,1,FIXO,1465.1,CRUZ_08,2,AMARELO,0
intenso,1,FIXO,1468.1,CRUZ_01,2,VERMELHO,0
intenso,1,FIXO,1468.1,CRUZ_02,2,VERMELHO,0
intenso,1,FIXO,1468.1,CRUZ_03,2,VERMELHO,0
intenso,1,FIXO,1468.1,CRUZ_04,2,VERMELHO,0
intenso,1,FIXO,1468.1,CRUZ_05,2,VERMELHO,0
intenso,1,FIXO,1468.1,CRUZ_06,2,VERMELHO,0
intenso,1,FIXO,1468.1,CRUZ_07,2,VERMELHO,0
intenso,1,FIXO,1468.1,CRUZ_08,2,VERMELHO,0
intenso,1,FIXO,1470.1,CRUZ_01,1,VERDE,0
intenso,1,FIXO,1470.1,CRUZ_02,1,VERDE,0
intenso,1,FIXO,1470.1,CRUZ_03,1,VERDE,0
intenso,1,FIXO,1470.1,CRUZ_04,1,VERDE,0
intenso,1,FIXO,1470.1,CRUZ_05,1,VERDE,0
intenso,1,FIXO,1470.1,CRUZ_06,1,VERDE,0
intenso,1,FIXO,1470.1,CRUZ_07,1,VERDE,0
intenso,1,FIXO,1470.1,CRUZ_08,1,VERDE,0
intenso,1,FIXO,1500.1,CRUZ_01,1,AMARELO,0
intenso,1,FIXO,1500.1,CRUZ_02,1,AMARELO,0
intenso,1,FIXO,1500.1,CRUZ_03,1,AMARELO,0
intenso,1,FIXO,1500.1,CRUZ_04,1,AMARELO,0
intenso,1,FIXO,1500.1,CRUZ_05,1,AMARELO,0
intenso,1,FIXO,1500.1,CRUZ_06,1,AMARELO,0
intenso,1,FIXO,1500.1,CRUZ_07,1,AMARELO,0
intenso,1,FIXO,1500.1,CRUZ_08,1,AMARELO,0
intenso,1,FIXO,1503.1,CRUZ_01,1,VERMELHO,0
intenso,1,FIXO,1503.1,CRUZ_02,1,VERMELHO,0
intenso,1,FIXO,1503.1,CRUZ_03,1,VERMELHO,0
intenso,1,FIXO,1503.1,CRUZ_04,1,VERMELHO,0
intenso,1,FIXO,1503.1,CRUZ_05,1,VERMELHO,0
intenso,1,FIXO,1503.1,CRUZ_06,1,VERMELHO,0
intenso,1,FIXO,1503.1,CRUZ_07,1,VERMELHO,0
intenso,1,FIXO,1503.1,CRUZ_08,1,VERMELHO,0
intenso,1,FIXO,1505.1,CRUZ_01,2,VERDE,0
intenso,1,FIXO,1505.1,CRUZ_02,2,VERDE,0
intenso,1,FIXO,1505.1,CRUZ_03,2,VERDE,0
intenso,1,FIXO,1505.1,CRUZ_04,2,VERDE,0
intenso,1,FIXO,1505.1,CRUZ_05,2,VERDE,0
intenso,1,FIXO,1505.1,CRUZ_06,2,VERDE,0
intenso,1,FIXO,1505.1,CRUZ_07,2,VERDE,0
intenso,1,FIXO,1505.1,CRUZ_08,2,VERDE,0
intenso,1,FIXO,1535.1,CRUZ_01,2,AMARELO,0
intenso,1,FIXO,1535.1,CRUZ_02,2,AMARELO,0
intenso,1,FIXO,1535.1,CRUZ_03,2,AMARELO,0
intenso,1,FIXO,1535.1,CRUZ_04,2,AMARELO,0
intenso,1,FIXO,1535.1,CRUZ_05,2,AMARELO,0
intenso,1,FIXO,1535.1,CRUZ_06,2,AMARELO,0
intenso,1,FIXO,1535.1,CRUZ_07,2,AMARELO,0
intenso,1,FIXO,1535.1,CRUZ_08,2,AMARELO,0
intenso,1,FIXO,1538.1,CRUZ_01,2,VERMELHO,0
intenso,1,FIXO,1538.1,CRUZ_02,2,VERMELHO,0
intenso,1,FIXO,1538.1,CRUZ_03,2,VERMELHO,0
intenso,1,FIXO,1538.1,CRUZ_04,2,VERMELHO,0
intenso,1,FIXO,1538.1,CRUZ_05,2,VERMELHO,0
intenso,1,FIXO,1538.1,CRUZ_06,2,VERMELHO,0
intenso,1,FIXO,1538.1,CRUZ_07,2,VERMELHO,0
intenso,1,FIXO,1538.1,CRUZ_08,2,VERMELHO,0
intenso,1,FIXO,1540.1,CRUZ_01,1,VERDE,0
intenso,1,FIXO,1540.1,CRUZ_02,1,VERDE,0
intenso,1,FIXO,1540.1,CRUZ_03,1,VERDE,0
intenso,1,FIXO,1540.1,CRUZ_04,1,VERDE,0
intenso,1,FIXO,1540.1,CRUZ_05,1,VERDE,0
intenso,1,FIXO,1540.1,CRUZ_06,1,VERDE,0
intenso,1,FIXO,1540.1,CRUZ_07,1,VERDE,0
intenso,1,FIXO,1540.1,CRUZ_08,1,VERDE,0
intenso,1,FIXO,1570.1,CRUZ_01,1,AMARELO,0
intenso,1,FIXO,1570.1,CRUZ_02,1,AMARELO,0
intenso,1,FIXO,1570.1,CRUZ_03,1,AMARELO,0
intenso,1,FIXO,1570.1,CRUZ_04,1,AMARELO,0
intenso,1,FIXO,1570.1,CRUZ_05,1,AMARELO,0
intenso,1,FIXO,1570.1,CRUZ_06,1,AMARELO,0
intenso,1,FIXO,1570.1,CRUZ_07,1,AMARELO,0
intenso,1,FIXO,1570.1,CRUZ_08,1,AMARELO,0
intenso,1,FIXO,1573.1,CRUZ_01,1,VERMELHO,0
intenso,1,FIXO,1573.1,CRUZ_02,1,VERMELHO,0
intenso,1,FIXO,1573.1,CRUZ_03,1,VERMELHO,0
intenso,1,FIXO,1573.1,CRUZ_04,1,VERMELHO,0
intenso,1,FIXO,1573.1,CRUZ_05,1,VERMELHO,0
intenso,1,FIXO,1573.1,CRUZ_06,1,VERMELHO,0
intenso,1,FIXO,1573.1,CRUZ_07,1,VERMELHO,0
intenso,1,FIXO,1573.1,CRUZ_08,1,VERMELHO,0
intenso,1,FIXO,1575.1,CRUZ_01,2,VERDE,0
intenso,1,FIXO,1575.1,CRUZ_02,2,VERDE,0
intenso,1,FIXO,1575.1,CRUZ_03,2,VERDE,0
intenso,1,FIXO,1575.1,CRUZ_04,2,VERDE,0
intenso,1,FIXO,1575.1,CRUZ_05,2,VERDE,0
intenso,1,FIXO,1575.1,CRUZ_06,2,VERDE,0
intenso,1,FIXO,1575.1,CRUZ_07,2,VERDE,0
intenso,1,FIXO,1575.1,CRUZ_08,2,VERDE,0
intenso,1,FIXO,1605.1,CRUZ_01,2,AMARELO,0
intenso,1,FIXO,1605.1,CRUZ_02,2,AMARELO,0
intenso,1,FIXO,1605.1,CRUZ_03,2,AMARELO,0
intenso,1,FIXO,1605.1,CRUZ_04,2,AMARELO,0
intenso,1,FIXO,1605.1,CRUZ_05,2,AMARELO,0
intenso,1,FIXO,1605.1,CRUZ_06,2,AMARELO,0
intenso,1,FIXO,1605.1,CRUZ_07,2,AMARELO,0
intenso,1,FIXO,1605.1,CRUZ_08,2,AMARELO,0
intenso,1,FIXO,1608.1,CRUZ_01,2,VERMELHO,0
intenso,1,FIXO,1608.1,CRUZ_02,2,VERMELHO,0
intenso,1,FIXO,1608.1,CRUZ_03,2,VERMELHO,0
intenso,1,FIXO,1608.1,CRUZ_04,2,VERMELHO,0
intenso,1,FIXO,1608.1,CRUZ_05,2,VERMELHO,0
intenso,1,FIXO,1608.1,CRUZ_06,2,VERMELHO,0
intenso,1,FIXO,1608.1,CRUZ_07,2,VERMELHO,0
intenso,1,FIXO,1608.1,CRUZ_08,2,VERMELHO,0
intenso,1,FIXO,1610.1,CRUZ_01,1,VERDE,0
intenso,1,FIXO,1610.1,CRUZ_02,1,VERDE,0
intenso,1,FIXO,1610.1,CRUZ_03,1,VERDE,0
intenso,1,FIXO,1610.1,CRUZ_04,1,VERDE,0
intenso,1,FIXO,1610.1,CRUZ_05,1,VERDE,0
intenso,1,FIXO,1610.1,CRUZ_06,1,VERDE,0
intenso,1,FIXO,1610.1,CRUZ_07,1,VERDE,0
intenso,1,FIXO,1610.1,CRUZ_08,1,VERDE,0
intenso,1,FIXO,1640.1,CRUZ_01,1,AMARELO,0
intenso,1,FIXO,1640.1,CRUZ_02,1,AMARELO,0
intenso,1,FIXO,1640.1,CRUZ_03,1,AMARELO,0
intenso,1,FIXO,1640.1,CRUZ_04,1,AMARELO,0
intenso,1,FIXO,1640.1,CRUZ_05,1,AMARELO,0
intenso,1,FIXO,1640.1,CRUZ_06,1,AMARELO,0
intenso,1,FIXO,1640.1,CRUZ_07,1,AMARELO,0
intenso,1,FIXO,1640.1,CRUZ_08,1,AMARELO,0
intenso,1,FIXO,1643.1,CRUZ_01,1,VERMELHO,0
intenso,1,FIXO,1643.1,CRUZ_02,1,VERMELHO,0
intenso,1,FIXO,1643.1,CRUZ_03,1,VERMELHO,0
intenso,1,FIXO,1643.1,CRUZ_04,1,VERMELHO,0
intenso,1,FIXO,1643.1,CRUZ_05,1,VERMELHO,0
intenso,1,FIXO,1643.1,CRUZ_06,1,VERMELHO,0
intenso,1,FIXO,1643.1,CRUZ_07,1,VERMELHO,0
intenso,1,FIXO,1643.1,CRUZ_08,1,VERMELHO,0
intenso,1,FIXO,1645.1,CRUZ_01,2,VERDE,0
intenso,1,FIXO,1645.1,CRUZ_02,2,VERDE,0
intenso,1,FIXO,1645.1,CRUZ_03,2,VERDE,0
intenso,1,FIXO,1645.1,CRUZ_04,2,VERDE,0
intenso,1,FIXO,1645.1,CRUZ_05,2,VERDE,0
intenso,1,FIXO,1645.1,CRUZ_06,2,VERDE,0
intenso,1,FIXO,1645.1,CRUZ_07,2,VERDE,0
intenso,1,FIXO,1645.1,CRUZ_08,2,VERDE,0
intenso,1,FIXO,1675.1,CRUZ_01,2,AMARELO,0
intenso,1,FIXO,1675.1,CRUZ_02,2,AMARELO,0
intenso,1,FIXO,1675.1,CRUZ_03,2,AMARELO,0
intenso,1,FIXO,1675.1,CRUZ_04,2,AMARELO,0
intenso,1,FIXO,1675.1,CRUZ_05,2,AMARELO,0
intenso,1,FIXO,1675.1,CRUZ_06,2,AMARELO,0
intenso,1,FIXO,1675.1,CRUZ_07,2,AMARELO,0
intenso,1,FIXO,1675.1,CRUZ_08,2,AMARELO,0
intenso,1,FIXO,1678.1,CRUZ_01,2,VERMELHO,0
intenso,1,FIXO,1678.1,CRUZ_02,2,VERMELHO,0
intenso,1,FIXO,1678.1,CRUZ_03,2,VERMELHO,0
intenso,1,FIXO,1678.1,CRUZ_04,2,VERMELHO,0
intenso,1,FIXO,1678.1,CRUZ_05,2,VERMELHO,0
intenso,1,FIXO,1678.1,CRUZ_06,2,VERMELHO,0
intenso,1,FIXO,1678.1,CRUZ_07,2,VERMELHO,0
intenso,1,FIXO,1678.1,CRUZ_08,2,VERMELHO,0
intenso,1,FIXO,1680.1,CRUZ_01,1,VERDE,0
intenso,1,FIXO,1680.1,CRUZ_02,1,VERDE,0
intenso,1,FIXO,1680.1,CRUZ_03,1,VERDE,0
intenso,1,FIXO,1680.1,CRUZ_04,1,VERDE,0
intenso,1,FIXO,1680.1,CRUZ_05,1,VERDE,0
intenso,1,FIXO,1680.1,CRUZ_06,1,VERDE,0
intenso,1,FIXO,1680.1,CRUZ_07,1,VERDE,0
intenso,1,FIXO,1680.1,CRUZ_08,1,VERDE,0
intenso,1,FIXO,1710.1,CRUZ_01,1,AMARELO,0
intenso,1,FIXO,1710.1,CRUZ_02,1,AMARELO,0
intenso,1,FIXO,1710.1,CRUZ_03,1,AMARELO,0
intenso,1,FIXO,1710.1,CRUZ_04,1,AMARELO,0
intenso,1,FIXO,1710.1,CRUZ_05,1,AMARELO,0
intenso,1,FIXO,1710.1,CRUZ_06,1,AMARELO,0
intenso,1,FIXO,1710.1,CRUZ_07,1,AMARELO,0
intenso,1,FIXO,1710.1,CRUZ_08,1,AMARELO,0
intenso,1,FIXO,1713.1,CRUZ_01,1,VERMELHO,0
intenso,1,FIXO,1713.1,CRUZ_02,1,VERMELHO,0
intenso,1,FIXO,1713.1,CRUZ_03,1,VERMELHO,0
intenso,1,FIXO,1713.1,CRUZ_04,1,VERMELHO,0
intenso,1,FIXO,1713.1,CRUZ_05,1,VERMELHO,0
intenso,1,FIXO,1713.1,CRUZ_06,1,VERMELHO,0
intenso,1,FIXO,1713.1,CRUZ_07,1,VERMELHO,0
intenso,1,FIXO,1713.1,CRUZ_08,1,VERMELHO,0
intenso,1,FIXO,1715.1,CRUZ_01,2,VERDE,0
intenso,1,FIXO,1715.1,CRUZ_02,2,VERDE,0
intenso,1,FIXO,1715.1,CRUZ_03,2,VERDE,0
intenso,1,FIXO,1715.1,CRUZ_04,2,VERDE,0
intenso,1,FIXO,1715.1,CRUZ_05,2,VERDE,0
intenso,1,FIXO,1715.1,CRUZ_06,2,VERDE,0
intenso,1,FIXO,1715.1,CRUZ_07,2,VERDE,0
intenso,1,FIXO,1715.1,CRUZ_08,2,VERDE,0
intenso,1,FIXO,1745.1,CRUZ_01,2,AMARELO,0
intenso,1,FIXO,1745.1,CRUZ_02,2,AMARELO,0
intenso,1,FIXO,1745.1,CRUZ_03,2,AMARELO,0
intenso,1,FIXO,1745.1,CRUZ_04,2,AMARELO,0
intenso,1,FIXO,1745.1,CRUZ_05,2,AMARELO,0
intenso,1,FIXO,1745.1,CRUZ_06,2,AMARELO,0
intenso,1,FIXO,1745.1,CRUZ_07,2,AMARELO,0
intenso,1,FIXO,1745.1,CRUZ_08,2,AMARELO,0
intenso,1,FIXO,1748.1,CRUZ_01,2,VERMELHO,0
intenso,1,FIXO,1748.1,CRUZ_02,2,VERMELHO,0
intenso,1,FIXO,1748.1,CRUZ_03,2,VERMELHO,0
intenso,1,FIXO,1748.1,CRUZ_04,2,VERMELHO,0
intenso,1,FIXO,1748.1,CRUZ_05,2,VERMELHO,0
intenso,1,FIXO,1748.1,CRUZ_06,2,VERMELHO,0
intenso,1,FIXO,1748.1,CRUZ_07,2,VERMELHO,0
intenso,1,FIXO,1748.1,CRUZ_08,2,VERMELHO,0
intenso,1,FIXO,1750.1,CRUZ_01,1,VERDE,0
intenso,1,FIXO,1750.1,CRUZ_02,1,VERDE,0
intenso,1,FIXO,1750.1,CRUZ_03,1,VERDE,0
intenso,1,FIXO,1750.1,CRUZ_04,1,VERDE,0
intenso,1,FIXO,1750.1,CRUZ_05,1,VERDE,0
intenso,1,FIXO,1750.1,CRUZ_06,1,VERDE,0
intenso,1,FIXO,1750.1,CRUZ_07,1,VERDE,0
intenso,1,FIXO,1750.1,CRUZ_08,1,VERDE,0
intenso,1,FIXO,1780.1,CRUZ_01,1,AMARELO,0
intenso,1,FIXO,1780.1,CRUZ_02,1,AMARELO,0
intenso,1,FIXO,1780.1,CRUZ_03,1,AMARELO,0
intenso,1,FIXO,1780.1,CRUZ_04,1,AMARELO,0
intenso,1,FIXO,1780.1,CRUZ_05,1,AMARELO,0
intenso,1,FIXO,1780.1,CRUZ_06,1,AMARELO,0
intenso,1,FIXO,1780.1,CRUZ_07,1,AMARELO,0
intenso,1,FIXO,1780.1,CRUZ_08,1,AMARELO,0
intenso,1,FIXO,1783.1,CRUZ_01,1,VERMELHO,0
intenso,1,FIXO,1783.1,CRUZ_02,1,VERMELHO,0
intenso,1,FIXO,1783.1,CRUZ_03,1,VERMELHO,0
intenso,1,FIXO,1783.1,CRUZ_04,1,VERMELHO,0
intenso,1,FIXO,1783.1,CRUZ_05,1,VERMELHO,0
intenso,1,FIXO,1783.1,CRUZ_06,1,VERMELHO,0
intenso,1,FIXO,1783.1,CRUZ_07,1,VERMELHO,0
intenso,1,FIXO,1783.1,CRUZ_08,1,VERMELHO,0
intenso,1,FIXO,1785.1,CRUZ_01,2,VERDE,0
intenso,1,FIXO,1785.1,CRUZ_02,2,VERDE,0
intenso,1,FIXO,1785.1,CRUZ_03,2,VERDE,0
intenso,1,FIXO,1785.1,CRUZ_04,2,VERDE,0
intenso,1,FIXO,1785.1,CRUZ_05,2,VERDE,0
intenso,1,FIXO,1785.1,CRUZ_06,2,VERDE,0
intenso,1,FIXO,1785.1,CRUZ_07,2,VERDE,0
intenso,1,FIXO,1785.1,CRUZ_08,2,VERDE,0
intenso,1,FIXO,1815.1,CRUZ_01,2,AMARELO,0
intenso,1,FIXO,1815.1,CRUZ_02,2,AMARELO,0
intenso,1,FIXO,1815.1,CRUZ_03,2,AMARELO,0
intenso,1,FIXO,1815.1,CRUZ_04,2,AMARELO,0
intenso,1,FIXO,1815.1,CRUZ_05,2,AMARELO,0
intenso,1,FIXO,1815.1,CRUZ_06,2,AMARELO,0
intenso,1,FIXO,1815.1,CRUZ_07,2,AMARELO,0
intenso,1,FIXO,1815.1,CRUZ_08,2,AMARELO,0
intenso,1,FIXO,1818.1,CRUZ_01,2,VERMELHO,0
intenso,1,FIXO,1818.1,CRUZ_02,2,VERMELHO,0
intenso,1,FIXO,1818.1,CRUZ_03,2,VERMELHO,0
intenso,1,FIXO,1818.1,CRUZ_04,2,VERMELHO,0
intenso,1,FIXO,1818.1,CRUZ_05,2,VERMELHO,0
intenso,1,FIXO,1818.1,CRUZ_06,2,VERMELHO,0
intenso,1,FIXO,1818.1,CRUZ_07,2,VERMELHO,0
intenso,1,FIXO,1818.1,CRUZ_08,2,VERMELHO,0
intenso,1,FIXO,1820.1,CRUZ_01,1,VERDE,0
intenso,1,FIXO,1820.1,CRUZ_02,1,VERDE,0
intenso,1,FIXO,1820.1,CRUZ_03,1,VERDE,0
intenso,1,FIXO,1820.1,CRUZ_04,1,VERDE,0
intenso,1,FIXO,1820.1,CRUZ_05,1,VERDE,0
intenso,1,FIXO,1820.1,CRUZ_06,1,VERDE,0
intenso,1,FIXO,1820.1,CRUZ_07,1,VERDE,0
intenso,1,FIXO,1820.1,CRUZ_08,1,VERDE,0
intenso,1,FIXO,1850.1,CRUZ_01,1,AMARELO,0
intenso,1,FIXO,1850.1,CRUZ_02,1,AMARELO,0
intenso,1,FIXO,1850.1,CRUZ_03,1,AMARELO,0
intenso,1,FIXO,1850.1,CRUZ_04,1,AMARELO,0
intenso,1,FIXO,1850.1,CRUZ_05,1,AMARELO,0
intenso,1,FIXO,1850.1,CRUZ_06,1,AMARELO,0
intenso,1,FIXO,1850.1,CRUZ_07,1,AMARELO,0
intenso,1,FIXO,1850.1,CRUZ_08,1,AMARELO,0
intenso,1,FIXO,1853.1,CRUZ_01,1,VERMELHO,0
intenso,1,FIXO,1853.1,CRUZ_02,1,VERMELHO,0
intenso,1,FIXO,1853.1,CRUZ_03,1,VERMELHO,0
intenso,1,FIXO,1853.1,CRUZ_04,1,VERMELHO,0
intenso,1,FIXO,1853.1,CRUZ_05,1,VERMELHO,0
intenso,1,FIXO,1853.1,CRUZ_06,1,VERMELHO,0
intenso,1,FIXO,1853.1,CRUZ_07,1,VERMELHO,0
intenso,1,FIXO,1853.1,CRUZ_08,1,VERMELHO,0
intenso,1,FIXO,1855.1,CRUZ_01,2,VERDE,0
intenso,1,FIXO,1855.1,CRUZ_02,2,VERDE,0
intenso,1,FIXO,1855.1,CRUZ_03,2,VERDE,0
intenso,1,FIXO,1855.1,CRUZ_04,2,VERDE,0
intenso,1,FIXO,1855.1,CRUZ_05,2,VERDE,0
intenso,1,FIXO,1855.1,CRUZ_06,2,VERDE,0
intenso,1,FIXO,1855.1,CRUZ_07,2,VERDE,0
intenso,1,FIXO,1855.1,CRUZ_08,2,VERDE,0
intenso,1,FIXO,1885.1,CRUZ_01,2,AMARELO,0
intenso,1,FIXO,1885.1,CRUZ_02,2,AMARELO,0
intenso,1,FIXO,1885.1,CRUZ_03,2,AMARELO,0
intenso,1,FIXO,1885.1,CRUZ_04,2,AMARELO,0
intenso,1,FIXO,1885.1,CRUZ_05,2,AMARELO,0
intenso,1,FIXO,1885.1,CRUZ_06,2,AMARELO,0
intenso,1,FIXO,1885.1,CRUZ_07,2,AMARELO,0
intenso,1,FIXO,1885.1,CRUZ_08,2,AMARELO,0
intenso,1,FIXO,1888.1,CRUZ_01,2,VERMELHO,0
intenso,1,FIXO,1888.1,CRUZ_02,2,VERMELHO,0
intenso,1,FIXO,1888.1,CRUZ_03,2,VERMELHO,0
intenso,1,FIXO,1888.1,CRUZ_04,2,VERMELHO,0
intenso,1,FIXO,1888.1,CRUZ_05,2,VERMELHO,0
intenso,1,FIXO,1888.1,CRUZ_06,2,VERMELHO,0
intenso,1,FIXO,1888.1,CRUZ_07,2,VERMELHO,0
intenso,1,FIXO,1888.1,CRUZ_08,2,VERMELHO,0
intenso,1,FIXO,1890.1,CRUZ_01,1,VERDE,0
intenso,1,FIXO,1890.1,CRUZ_02,1,VERDE,0
intenso,1,FIXO,1890.1,CRUZ_03,1,VERDE,0
intenso,1,FIXO,1890.1,CRUZ_04,1,VERDE,0
intenso,1,FIXO,1890.1,CRUZ_05,1,VERDE,0
intenso,1,FIXO,1890.1,CRUZ_06,1,VERDE,0
intenso,1,FIXO,1890.1,CRUZ_07,1,VERDE,0
intenso,1,FIXO,1890.1,CRUZ_08,1,VERDE,0
intenso,1,FIXO,1920.1,CRUZ_01,1,AMARELO,0
intenso,1,FIXO,1920.1,CRUZ_02,1,AMARELO,0
intenso,1,FIXO,1920.1,CRUZ_03,1,AMARELO,0
intenso,1,FIXO,1920.1,CRUZ_04,1,AMARELO,0
intenso,1,FIXO,1920.1,CRUZ_05,1,AMARELO,0
intenso,1,FIXO,1920.1,CRUZ_06,1,AMARELO,0
intenso,1,FIXO,1920.1,CRUZ_07,1,AMARELO,0
intenso,1,FIXO,1920.1,CRUZ_08,1,AMARELO,0
intenso,1,FIXO,1923.1,CRUZ_01,1,VERMELHO,0
intenso,1,FIXO,1923.1,CRUZ_02,1,VERMELHO,0
intenso,1,FIXO,1923.1,CRUZ_03,1,VERMELHO,0
intenso,1,FIXO,1923.1,CRUZ_04,1,VERMELHO,0
intenso,1,FIXO,1923.1,CRUZ_05,1,VERMELHO,0
intenso,1,FIXO,1923.1,CRUZ_06,1,VERMELHO,0
intenso,1,FIXO,1923.1,CRUZ_07,1,VERMELHO,0
intenso,1,FIXO,1923.1,CRUZ_08,1,VERMELHO,0
intenso,1,FIXO,1925.1,CRUZ_01,2,VERDE,0
intenso,1,FIXO,1925.1,CRUZ_02,2,VERDE,0
intenso,1,FIXO,1925.1,CRUZ_03,2,VERDE,0
intenso,1,FIXO,1925.1,CRUZ_04,2,VERDE,0
intenso,1,FIXO,1925.1,CRUZ_05,2,VERDE,0
intenso,1,FIXO,1925.1,CRUZ_06,2,VERDE,0
intenso,1,FIXO,1925.1,CRUZ_07,2,VERDE,0
intenso,1,FIXO,1925.1,CRUZ_08,2,VERDE,0
intenso,1,FIXO,1955.1,CRUZ_01,2,AMARELO,0
intenso,1,FIXO,1955.1,CRUZ_02,2,AMARELO,0
intenso,1,FIXO,1955.1,CRUZ_03,2,AMARELO,0
intenso,1,FIXO,1955.1,CRUZ_04,2,AMARELO,0
intenso,1,FIXO,1955.1,CRUZ_05,2,AMARELO,0
intenso,1,FIXO,1955.1,CRUZ_06,2,AMARELO,0
intenso,1,FIXO,1955.1,CRUZ_07,2,AMARELO,0
intenso,1,FIXO,1955.1,CRUZ_08,2,AMARELO,0
intenso,1,FIXO,1958.1,CRUZ_01,2,VERMELHO,0
intenso,1,FIXO,1958.1,CRUZ_02,2,VERMELHO,0
intenso,1,FIXO,1958.1,CRUZ_03,2,VERMELHO,0
intenso,1,FIXO,1958.1,CRUZ_04,2,VERMELHO,0
intenso,1,FIXO,1958.1,CRUZ_05,2,VERMELHO,0
intenso,1,FIXO,1958.1,CRUZ_06,2,VERMELHO,0
intenso,1,FIXO,1958.1,CRUZ_07,2,VERMELHO,0
intenso,1,FIXO,1958.1,CRUZ_08,2,VERMELHO,0
intenso,1,FIXO,1960.1,CRUZ_01,1,VERDE,0
intenso,1,FIXO,1960.1,CRUZ_02,1,VERDE,0
intenso,1,FIXO,1960.1,CRUZ_03,1,VERDE,0
intenso,1,FIXO,1960.1,CRUZ_04,1,VERDE,0
intenso,1,FIXO,1960.1,CRUZ_05,1,VERDE,0
intenso,1,FIXO,1960.1,CRUZ_06,1,VERDE,0
intenso,1,FIXO,1960.1,CRUZ_07,1,VERDE,0
intenso,1,FIXO,1960.1,CRUZ_08,1,VERDE,0
intenso,1,FIXO,1990.1,CRUZ_01,1,AMARELO,0
intenso,1,FIXO,1990.1,CRUZ_02,1,AMARELO,0
intenso,1,FIXO,1990.1,CRUZ_03,1,AMARELO,0
intenso,1,FIXO,1990.1,CRUZ_04,1,AMARELO,0
intenso,1,FIXO,1990.1,CRUZ_05,1,AMARELO,0
intenso,1,FIXO,1990.1,CRUZ_06,1,AMARELO,0
intenso,1,FIXO,1990.1,CRUZ_07,1,AMARELO,0
intenso,1,FIXO,1990.1,CRUZ_08,1,AMARELO,0
intenso,1,FIXO,1993.1,CRUZ_01,1,VERMELHO,0
intenso,1,FIXO,1993.1,CRUZ_02,1,VERMELHO,0
intenso,1,FIXO,1993.1,CRUZ_03,1,VERMELHO,0
intenso,1,FIXO,1993.1,CRUZ_04,1,VERMELHO,0
intenso,1,FIXO,1993.1,CRUZ_05,1,VERMELHO,0
intenso,1,FIXO,1993.1,CRUZ_06,1,VERMELHO,0
intenso,1,FIXO,1993.1,CRUZ_07,1,VERMELHO,0
intenso,1,FIXO,1993.1,CRUZ_08,1,VERMELHO,0
intenso,1,FIXO,1995.1,CRUZ_01,2,VERDE,0
intenso,1,FIXO,1995.1,CRUZ_02,2,VERDE,0
intenso,1,FIXO,1995.1,CRUZ_03,2,VERDE,0
intenso,1,FIXO,1995.1,CRUZ_04,2,VERDE,0
intenso,1,FIXO,1995.1,CRUZ_05,2,VERDE,0
intenso,1,FIXO,1995.1,CRUZ_06,2,VERDE,0
intenso,1,FIXO,1995.1,CRUZ_07,2,VERDE,0
intenso,1,FIXO,1995.1,CRUZ_08,2,VERDE,0
intenso,1,FIXO,2025.1,CRUZ_01,2,AMARELO,0
intenso,1,FIXO,2025.1,CRUZ_02,2,AMARELO,0
intenso,1,FIXO,2025.1,CRUZ_03,2,AMARELO,0
intenso,1,FIXO,2025.1,CRUZ_04,2,AMARELO,0
intenso,1,FIXO,2025.1,CRUZ_05,2,AMARELO,0
intenso,1,FIXO,2025.1,CRUZ_06,2,AMARELO,0
intenso,1,FIXO,2025.1,CRUZ_07,2,AMARELO,0
intenso,1,FIXO,2025.1,CRUZ_08,2,AMARELO,0
intenso,1,FIXO,2028.1,CRUZ_01,2,VERMELHO,0
intenso,1,FIXO,2028.1,CRUZ_02,2,VERMELHO,0
intenso,1,FIXO,2028.1,CRUZ_03,2,VERMELHO,0
intenso,1,FIXO,2028.1,CRUZ_04,2,VERMELHO,0
intenso,1,FIXO,2028.1,CRUZ_05,2,VERMELHO,0
intenso,1,FIXO,2028.1,CRUZ_06,2,VERMELHO,0
intenso,1,FIXO,2028.1,CRUZ_07,2,VERMELHO,0
intenso,1,FIXO,2028.1,CRUZ_08,2,VERMELHO,0
intenso,1,FIXO,2030.1,CRUZ_01,1,VERDE,0
intenso,1,FIXO,2030.1,CRUZ_02,1,VERDE,0
intenso,1,FIXO,2030.1,CRUZ_03,1,VERDE,0
intenso,1,FIXO,2030.1,CRUZ_04,1,VERDE,0
intenso,1,FIXO,2030.1,CRUZ_05,1,VERDE,0
intenso,1,FIXO,2030.1,CRUZ_06,1,VERDE,0
intenso,1,FIXO,2030.1,CRUZ_07,1,VERDE,0
intenso,1,FIXO,2030.1,CRUZ_08,1,VERDE,0
intenso,1,FIXO,2060.1,CRUZ_01,1,AMARELO,0
intenso,1,FIXO,2060.1,CRUZ_02,1,AMARELO,0
intenso,1,FIXO,2060.1,CRUZ_03,1,AMARELO,0
intenso,1,FIXO,2060.1,CRUZ_04,1,AMARELO,0
intenso,1,FIXO,2060.1,CRUZ_05,1,AMARELO,0
intenso,1,FIXO,2060.1,CRUZ_06,1,AMARELO,0
intenso,1,FIXO,2060.1,CRUZ_07,1,AMARELO,0
intenso,1,FIXO,2060.1,CRUZ_08,1,AMARELO,0
intenso,1,FIXO,2063.1,CRUZ_01,1,VERMELHO,0
intenso,1,FIXO,2063.1,CRUZ_02,1,VERMELHO,0
intenso,1,FIXO,2063.1,CRUZ_03,1,VERMELHO,0
intenso,1,FIXO,2063.1,CRUZ_04,1,VERMELHO,0
intenso,1,FIXO,2063.1,CRUZ_05,1,VERMELHO,0
intenso,1,FIXO,2063.1,CRUZ_06,1,VERMELHO,0
intenso,1,FIXO,2063.1,CRUZ_07,1,VERMELHO,0
intenso,1,FIXO,2063.1,CRUZ_08,1,VERMELHO,0
intenso,1,FIXO,2065.1,CRUZ_01,2,VERDE,0
intenso,1,FIXO,2065.1,CRUZ_02,2,VERDE,0
intenso,1,FIXO,2065.1,CRUZ_03,2,VERDE,0
intenso,1,FIXO,2065.1,CRUZ_04,2,VERDE,0
intenso,1,FIXO,2065.1,CRUZ_05,2,VERDE,0
intenso,1,FIXO,2065.1,CRUZ_06,2,VERDE,0
intenso,1,FIXO,2065.1,CRUZ_07,2,VERDE,0
intenso,1,FIXO,2065.1,CRUZ_08,2,VERDE,0
intenso,1,FIXO,2095.1,CRUZ_01,2,AMARELO,0
intenso,1,FIXO,2095.1,CRUZ_02,2,AMARELO,0
intenso,1,FIXO,2095.1,CRUZ_03,2,AMARELO,0
intenso,1,FIXO,2095.1,CRUZ_04,2,AMARELO,0
intenso,1,FIXO,2095.1,CRUZ_05,2,AMARELO,0
intenso,1,FIXO,2095.1,CRUZ_06,2,AMARELO,0
intenso,1,FIXO,2095.1,CRUZ_07,2,AMARELO,0
intenso,1,FIXO,2095.1,CRUZ_08,2,AMARELO,0
intenso,1,FIXO,2098.1,CRUZ_01,2,VERMELHO,0
intenso,1,FIXO,2098.1,CRUZ_02,2,VERMELHO,0
intenso,1,FIXO,2098.1,CRUZ_03,2,VERMELHO,0
intenso,1,FIXO,2098.1,CRUZ_04,2,VERMELHO,0
intenso,1,FIXO,2098.1,CRUZ_05,2,VERMELHO,0
intenso,1,FIXO,2098.1,CRUZ_06,2,VERMELHO,0
intenso,1,FIXO,2098.1,CRUZ_07,2,VERMELHO,0
intenso,1,FIXO,2098.1,CRUZ_08,2,VERMELHO,0
intenso,1,FIXO,2100.1,CRUZ_01,1,VERDE,0
intenso,1,FIXO,2100.1,CRUZ_02,1,VERDE,0
intenso,1,FIXO,2100.1,CRUZ_03,1,VERDE,0
intenso,1,FIXO,2100.1,CRUZ_04,1,VERDE,0
intenso,1,FIXO,2100.1,CRUZ_05,1,VERDE,0
intenso,1,FIXO,2100.1,CRUZ_06,1,VERDE,0
intenso,1,FIXO,2100.1,CRUZ_07,1,VERDE,0
intenso,1,FIXO,2100.1,CRUZ_08,1,VERDE,0
intenso,1,FIXO,2130.1,CRUZ_01,1,AMARELO,0
intenso,1,FIXO,2130.1,CRUZ_02,1,AMARELO,0
intenso,1,FIXO,2130.1,CRUZ_03,1,AMARELO,0
intenso,1,FIXO,2130.1,CRUZ_04,1,AMARELO,0
intenso,1,FIXO,2130.1,CRUZ_05,1,AMARELO,0
intenso,1,FIXO,2130.1,CRUZ_06,1,AMARELO,0
intenso,1,FIXO,2130.1,CRUZ_07,1,AMARELO,0
intenso,1,FIXO,2130.1,CRUZ_08,1,AMARELO,0
intenso,1,FIXO,2133.1,CRUZ_01,1,VERMELHO,0
intenso,1,FIXO,2133.1,CRUZ_02,1,VERMELHO,0
intenso,1,FIXO,2133.1,CRUZ_03,1,VERMELHO,0
intenso,1,FIXO,2133.1,CRUZ_04,1,VERMELHO,0
intenso,1,FIXO,2133.1,CRUZ_05,1,VERMELHO,0
intenso,1,FIXO,2133.1,CRUZ_06,1,VERMELHO,0
intenso,1,FIXO,2133.1,CRUZ_07,1,VERMELHO,0
intenso,1,FIXO,2133.1,CRUZ_08,1,VERMELHO,0
intenso,1,FIXO,2135.1,CRUZ_01,2,VERDE,0
intenso,1,FIXO,2135.1,CRUZ_02,2,VERDE,0
intenso,1,FIXO,2135.1,CRUZ_03,2,VERDE,0
intenso,1,FIXO,2135.1,CRUZ_04,2,VERDE,0
intenso,1,FIXO,2135.1,CRUZ_05,2,VERDE,0
intenso,1,FIXO,2135.1,CRUZ_06,2,VERDE,0
intenso,1,FIXO,2135.1,CRUZ_07,2,VERDE,0
intenso,1,FIXO,2135.1,CRUZ_08,2,VERDE,0
intenso,1,FIXO,2165.1,CRUZ_01,2,AMARELO,0
intenso,1,FIXO,2165.1,CRUZ_02,2,AMARELO,0
intenso,1,FIXO,2165.1,CRUZ_03,2,AMARELO,0
intenso,1,FIXO,2165.1,CRUZ_04,2,AMARELO,0
intenso,1,FIXO,2165.1,CRUZ_05,2,AMARELO,0
intenso,1,FIXO,2165.1,CRUZ_06,2,AMARELO,0
intenso,1,FIXO,2165.1,CRUZ_07,2,AMARELO,0
intenso,1,FIXO,2165.1,CRUZ_08,2,AMARELO,0
intenso,1,FIXO,2168.1,CRUZ_01,2,VERMELHO,0
intenso,1,FIXO,2168.1,CRUZ_02,2,VERMELHO,0
intenso,1,FIXO,2168.1,CRUZ_03,2,VERMELHO,0
intenso,1,FIXO,2168.1,CRUZ_04,2,VERMELHO,0
intenso,1,FIXO,2168.1,CRUZ_05,2,VERMELHO,0
intenso,1,FIXO,2168.1,CRUZ_06,2,VERMELHO,0
intenso,1,FIXO,2168.1,CRUZ_07,2,VERMELHO,0
intenso,1,FIXO,2168.1,CRUZ_08,2,VERMELHO,0
intenso,1,FIXO,2170.1,CRUZ_01,1,VERDE,0
intenso,1,FIXO,2170.1,CRUZ_02,1,VERDE,0
intenso,1,FIXO,2170.1,CRUZ_03,1,VERDE,0
intenso,1,FIXO,2170.1,CRUZ_04,1,VERDE,0
intenso,1,FIXO,2170.1,CRUZ_05,1,VERDE,0
intenso,1,FIXO,2170.1,CRUZ_06,1,VERDE,0
intenso,1,FIXO,2170.1,CRUZ_07,1,VERDE,0
intenso,1,FIXO,2170.1,CRUZ_08,1,VERDE,0
intenso,1,FIXO,2200.1,CRUZ_01,1,AMARELO,0
intenso,1,FIXO,2200.1,CRUZ_02,1,AMARELO,0
intenso,1,FIXO,2200.1,CRUZ_03,1,AMARELO,0
intenso,1,FIXO,2200.1,CRUZ_04,1,AMARELO,0
intenso,1,FIXO,2200.1,CRUZ_05,1,AMARELO,0
intenso,1,FIXO,2200.1,CRUZ_06,1,AMARELO,0
intenso,1,FIXO,2200.1,CRUZ_07,1,AMARELO,0
intenso,1,FIXO,2200.1,CRUZ_08,1,AMARELO,0
intenso,1,FIXO,2203.1,CRUZ_01,1,VERMELHO,0
intenso,1,FIXO,2203.1,CRUZ_02,1,VERMELHO,0
intenso,1,FIXO,2203.1,CRUZ_03,1,VERMELHO,0
intenso,1,FIXO,2203.1,CRUZ_04,1,VERMELHO,0
intenso,1,FIXO,2203.1,CRUZ_05,1,VERMELHO,0
intenso,1,FIXO,2203.1,CRUZ_06,1,VERMELHO,0
intenso,1,FIXO,2203.1,CRUZ_07,1,VERMELHO,0
intenso,1,FIXO,2203.1,CRUZ_08,1,VERMELHO,0
intenso,1,FIXO,2205.1,CRUZ_01,2,VERDE,0
intenso,1,FIXO,2205.1,CRUZ_02,2,VERDE,0
intenso,1,FIXO,2205.1,CRUZ_03,2,VERDE,0
intenso,1,FIXO,2205.1,CRUZ_04,2,VERDE,0
intenso,1,FIXO,2205.1,CRUZ_05,2,VERDE,0
intenso,1,FIXO,2205.1,CRUZ_06,2,VERDE,0
intenso,1,FIXO,2205.1,CRUZ_07,2,VERDE,0
intenso,1,FIXO,2205.1,CRUZ_08,2,VERDE,0
intenso,1,FIXO,2235.1,CRUZ_01,2,AMARELO,0
intenso,1,FIXO,2235.1,CRUZ_02,2,AMARELO,0
intenso,1,FIXO,2235.1,CRUZ_03,2,AMARELO,0
intenso,1,FIXO,2235.1,CRUZ_04,2,AMARELO,0
intenso,1,FIXO,2235.1,CRUZ_05,2,AMARELO,0
intenso,1,FIXO,2235.1,CRUZ_06,2,AMARELO,0
intenso,1,FIXO,2235.1,CRUZ_07,2,AMARELO,0
intenso,1,FIXO,2235.1,CRUZ_08,2,AMARELO,0
intenso,1,FIXO,2238.1,CRUZ_01,2,VERMELHO,0
intenso,1,FIXO,2238.1,CRUZ_02,2,VERMELHO,0
intenso,1,FIXO,2238.1,CRUZ_03,2,VERMELHO,0
intenso,1,FIXO,2238.1,CRUZ_04,2,VERMELHO,0
intenso,1,FIXO,2238.1,CRUZ_05,2,VERMELHO,0
intenso,1,FIXO,2238.1,CRUZ_06,2,VERMELHO,0
intenso,1,FIXO,2238.1,CRUZ_07,2,VERMELHO,0
intenso,1,FIXO,2238.1,CRUZ_08,2,VERMELHO,0
intenso,1,FIXO,2240.1,CRUZ_01,1,VERDE,0
intenso,1,FIXO,2240.1,CRUZ_02,1,VERDE,0
intenso,1,FIXO,2240.1,CRUZ_03,1,VERDE,0
intenso,1,FIXO,2240.1,CRUZ_04,1,VERDE,0
intenso,1,FIXO,2240.1,CRUZ_05,1,VERDE,0
intenso,1,FIXO,2240.1,CRUZ_06,1,VERDE,0
intenso,1,FIXO,2240.1,CRUZ_07,1,VERDE,0
intenso,1,FIXO,2240.1,CRUZ_08,1,VERDE,0
intenso,1,FIXO,2270.1,CRUZ_01,1,AMARELO,0
intenso,1,FIXO,2270.1,CRUZ_02,1,AMARELO,0
intenso,1,FIXO,2270.1,CRUZ_03,1,AMARELO,0
intenso,1,FIXO,2270.1,CRUZ_04,1,AMARELO,0
intenso,1,FIXO,2270.1,CRUZ_05,1,AMARELO,0
intenso,1,FIXO,2270.1,CRUZ_06,1,AMARELO,0
intenso,1,FIXO,2270.1,CRUZ_07,1,AMARELO,0
intenso,1,FIXO,2270.1,CRUZ_08,1,AMARELO,0
intenso,1,FIXO,2273.1,CRUZ_01,1,VERMELHO,0
intenso,1,FIXO,2273.1,CRUZ_02,1,VERMELHO,0
intenso,1,FIXO,2273.1,CRUZ_03,1,VERMELHO,0
intenso,1,FIXO,2273.1,CRUZ_04,1,VERMELHO,0
intenso,1,FIXO,2273.1,CRUZ_05,1,VERMELHO,0
intenso,1,FIXO,2273.1,CRUZ_06,1,VERMELHO,0
intenso,1,FIXO,2273.1,CRUZ_07,1,VERMELHO,0
intenso,1,FIXO,2273.1,CRUZ_08,1,VERMELHO,0
intenso,1,FIXO,2275.1,CRUZ_01,2,VERDE,0
intenso,1,FIXO,2275.1,CRUZ_02,2,VERDE,0
intenso,1,FIXO,2275.1,CRUZ_03,2,VERDE,0
intenso,1,FIXO,2275.1,CRUZ_04,2,VERDE,0
intenso,1,FIXO,2275.1,CRUZ_05,2,VERDE,0
intenso,1,FIXO,2275.1,CRUZ_06,2,VERDE,0
intenso,1,FIXO,2275.1,CRUZ_07,2,VERDE,0
intenso,1,FIXO,2275.1,CRUZ_08,2,VERDE,0
intenso,1,FIXO,2305.1,CRUZ_01,2,AMARELO,0
intenso,1,FIXO,2305.1,CRUZ_02,2,AMARELO,0
intenso,1,FIXO,2305.1,CRUZ_03,2,AMARELO,0
intenso,1,FIXO,2305.1,CRUZ_04,2,AMARELO,0
intenso,1,FIXO,2305.1,CRUZ_05,2,AMARELO,0
intenso,1,FIXO,2305.1,CRUZ_06,2,AMARELO,0
intenso,1,FIXO,2305.1,CRUZ_07,2,AMARELO,0
intenso,1,FIXO,2305.1,CRUZ_08,2,AMARELO,0
intenso,1,FIXO,2308.1,CRUZ_01,2,VERMELHO,0
intenso,1,FIXO,2308.1,CRUZ_02,2,VERMELHO,0
intenso,1,FIXO,2308.1,CRUZ_03,2,VERMELHO,0
intenso,1,FIXO,2308.1,CRUZ_04,2,VERMELHO,0
intenso,1,FIXO,2308.1,CRUZ_05,2,VERMELHO,0
intenso,1,FIXO,2308.1,CRUZ_06,2,VERMELHO,0
intenso,1,FIXO,2308.1,CRUZ_07,2,VERMELHO,0
intenso,1,FIXO,2308.1,CRUZ_08,2,VERMELHO,0
intenso,1,FIXO,2310.1,CRUZ_01,1,VERDE,0
intenso,1,FIXO,2310.1,CRUZ_02,1,VERDE,0
intenso,1,FIXO,2310.1,CRUZ_03,1,VERDE,0
intenso,1,FIXO,2310.1,CRUZ_04,1,VERDE,0
intenso,1,FIXO,2310.1,CRUZ_05,1,VERDE,0
intenso,1,FIXO,2310.1,CRUZ_06,1,VERDE,0
intenso,1,FIXO,2310.1,CRUZ_07,1,VERDE,0
intenso,1,FIXO,2310.1,CRUZ_08,1,VERDE,0
intenso,1,FIXO,2340.1,CRUZ_01,1,AMARELO,0
intenso,1,FIXO,2340.1,CRUZ_02,1,AMARELO,0
intenso,1,FIXO,2340.1,CRUZ_03,1,AMARELO,0
intenso,1,FIXO,2340.1,CRUZ_04,1,AMARELO,0
intenso,1,FIXO,2340.1,CRUZ_05,1,AMARELO,0
intenso,1,FIXO,2340.1,CRUZ_06,1,AMARELO,0
intenso,1,FIXO,2340.1,CRUZ_07,1,AMARELO,0
intenso,1,FIXO,2340.1,CRUZ_08,1,AMARELO,0
intenso,1,FIXO,2343.1,CRUZ_01,1,VERMELHO,0
intenso,1,FIXO,2343.1,CRUZ_02,1,VERMELHO,0
intenso,1,FIXO,2343.1,CRUZ_03,1,VERMELHO,0
intenso,1,FIXO,2343.1,CRUZ_04,1,VERMELHO,0
intenso,1,FIXO,2343.1,CRUZ_05,1,VERMELHO,0
intenso,1,FIXO,2343.1,CRUZ_06,1,VERMELHO,0
intenso,1,FIXO,2343.1,CRUZ_07,1,VERMELHO,0
intenso,1,FIXO,2343.1,CRUZ_08,1,VERMELHO,0
intenso,1,FIXO,2345.1,CRUZ_01,2,VERDE,0
intenso,1,FIXO,2345.1,CRUZ_02,2,VERDE,0
intenso,1,FIXO,2345.1,CRUZ_03,2,VERDE,0
intenso,1,FIXO,2345.1,CRUZ_04,2,VERDE,0
intenso,1,FIXO,2345.1,CRUZ_05,2,VERDE,0
intenso,1,FIXO,2345.1,CRUZ_06,2,VERDE,0
intenso,1,FIXO,2345.1,CRUZ_07,2,VERDE,0
intenso,1,FIXO,2345.1,CRUZ_08,2,VERDE,0
intenso,1,FIXO,2375.1,CRUZ_01,2,AMARELO,0
intenso,1,FIXO,2375.1,CRUZ_02,2,AMARELO,0
intenso,1,FIXO,2375.1,CRUZ_03,2,AMARELO,0
intenso,1,FIXO,2375.1,CRUZ_04,2,AMARELO,0
intenso,1,FIXO,2375.1,CRUZ_05,2,AMARELO,0
intenso,1,FIXO,2375.1,CRUZ_06,2,AMARELO,0
intenso,1,FIXO,2375.1,CRUZ_07,2,AMARELO,0
intenso,1,FIXO,2375.1,CRUZ_08,2,AMARELO,0
intenso,1,FIXO,2378.1,CRUZ_01,2,VERMELHO,0
intenso,1,FIXO,2378.1,CRUZ_02,2,VERMELHO,0
intenso,1,FIXO,2378.1,CRUZ_03,2,VERMELHO,0
intenso,1,FIXO,2378.1,CRUZ_04,2,VERMELHO,0
intenso,1,FIXO,2378.1,CRUZ_05,2,VERMELHO,0
intenso,1,FIXO,2378.1,CRUZ_06,2,VERMELHO,0
intenso,1,FIXO,2378.1,CRUZ_07,2,VERMELHO,0
intenso,1,FIXO,2378.1,CRUZ_08,2,VERMELHO,0
intenso,1,FIXO,2380.1,CRUZ_01,1,VERDE,0
intenso,1,FIXO,2380.1,CRUZ_02,1,VERDE,0
intenso,1,FIXO,2380.1,CRUZ_03,1,VERDE,0
intenso,1,FIXO,2380.1,CRUZ_04,1,VERDE,0
intenso,1,FIXO,2380.1,CRUZ_05,1,VERDE,0
intenso,1,FIXO,2380.1,CRUZ_06,1,VERDE,0
intenso,1,FIXO,2380.1,CRUZ_07,1,VERDE,0
intenso,1,FIXO,2380.1,CRUZ_08,1,VERDE,0
intenso,1,FIXO,2410.1,CRUZ_01,1,AMARELO,0
intenso,1,FIXO,2410.1,CRUZ_02,1,AMARELO,0
intenso,1,FIXO,2410.1,CRUZ_03,1,AMARELO,0
intenso,1,FIXO,2410.1,CRUZ_04,1,AMARELO,0
intenso,1,FIXO,2410.1,CRUZ_05,1,AMARELO,0
intenso,1,FIXO,2410.1,CRUZ_06,1,AMARELO,0
intenso,1,FIXO,2410.1,CRUZ_07,1,AMARELO,0
intenso,1,FIXO,2410.1,CRUZ_08,1,AMARELO,0
intenso,1,FIXO,2413.1,CRUZ_01,1,VERMELHO,0
intenso,1,FIXO,2413.1,CRUZ_02,1,VERMELHO,0
intenso,1,FIXO,2413.1,CRUZ_03,1,VERMELHO,0
intenso,1,FIXO,2413.1,CRUZ_04,1,VERMELHO,0
intenso,1,FIXO,2413.1,CRUZ_05,1,VERMELHO,0
intenso,1,FIXO,2413.1,CRUZ_06,1,VERMELHO,0
intenso,1,FIXO,2413.1,CRUZ_07,1,VERMELHO,0
intenso,1,FIXO,2413.1,CRUZ_08,1,VERMELHO,0
intenso,1,FIXO,2415.1,CRUZ_01,2,VERDE,0
intenso,1,FIXO,2415.1,CRUZ_02,2,VERDE,0
intenso,1,FIXO,2415.1,CRUZ_03,2,VERDE,0
intenso,1,FIXO,2415.1,CRUZ_04,2,VERDE,0
intenso,1,FIXO,2415.1,CRUZ_05,2,VERDE,0
intenso,1,FIXO,2415.1,CRUZ_06,2,VERDE,0
intenso,1,FIXO,2415.1,CRUZ_07,2,VERDE,0
intenso,1,FIXO,2415.1,CRUZ_08,2,VERDE,0
intenso,1,FIXO,2445.1,CRUZ_01,2,AMARELO,0
intenso,1,FIXO,2445.1,CRUZ_02,2,AMARELO,0
intenso,1,FIXO,2445.1,CRUZ_03,2,AMARELO,0
intenso,1,FIXO,2445.1,CRUZ_04,2,AMARELO,0
intenso,1,FIXO,2445.1,CRUZ_05,2,AMARELO,0
intenso,1,FIXO,2445.1,CRUZ_06,2,AMARELO,0
intenso,1,FIXO,2445.1,CRUZ_07,2,AMARELO,0
intenso,1,FIXO,2445.1,CRUZ_08,2,AMARELO,0
intenso,1,FIXO,2448.1,CRUZ_01,2,VERMELHO,0
intenso,1,FIXO,2448.1,CRUZ_02,2,VERMELHO,0
intenso,1,FIXO,2448.1,CRUZ_03,2,VERMELHO,0
intenso,1,FIXO,2448.1,CRUZ_04,2,VERMELHO,0
intenso,1,FIXO,2448.1,CRUZ_05,2,VERMELHO,0
intenso,1,FIXO,2448.1,CRUZ_06,2,VERMELHO,0
intenso,1,FIXO,2448.1,CRUZ_07,2,VERMELHO,0
intenso,1,FIXO,2448.1,CRUZ_08,2,VERMELHO,0
intenso,1,FIXO,2450.1,CRUZ_01,1,VERDE,0
intenso,1,FIXO,2450.1,CRUZ_02,1,VERDE,0
intenso,1,FIXO,2450.1,CRUZ_03,1,VERDE,0
intenso,1,FIXO,2450.1,CRUZ_04,1,VERDE,0
intenso,1,FIXO,2450.1,CRUZ_05,1,VERDE,0
intenso,1,FIXO,2450.1,CRUZ_06,1,VERDE,0
intenso,1,FIXO,2450.1,CRUZ_07,1,VERDE,0
intenso,1,FIXO,2450.1,CRUZ_08,1,VERDE,0
intenso,1,FIXO,2480.1,CRUZ_01,1,AMARELO,0
intenso,1,FIXO,2480.1,CRUZ_02,1,AMARELO,0
intenso,1,FIXO,2480.1,CRUZ_03,1,AMARELO,0
intenso,1,FIXO,2480.1,CRUZ_04,1,AMARELO,0
intenso,1,FIXO,2480.1,CRUZ_05,1,AMARELO,0
intenso,1,FIXO,2480.1,CRUZ_06,1,AMARELO,0
intenso,1,FIXO,2480.1,CRUZ_07,1,AMARELO,0
intenso,1,FIXO,2480.1,CRUZ_08,1,AMARELO,0
intenso,1,FIXO,2483.1,CRUZ_01,1,VERMELHO,0
intenso,1,FIXO,2483.1,CRUZ_02,1,VERMELHO,0
intenso,1,FIXO,2483.1,CRUZ_03,1,VERMELHO,0
intenso,1,FIXO,2483.1,CRUZ_04,1,VERMELHO,0
intenso,1,FIXO,2483.1,CRUZ_05,1,VERMELHO,0
intenso,1,FIXO,2483.1,CRUZ_06,1,VERMELHO,0
intenso,1,FIXO,2483.1,CRUZ_07,1,VERMELHO,0
intenso,1,FIXO,2483.1,CRUZ_08,1,VERMELHO,0
intenso,1,FIXO,2485.1,CRUZ_01,2,VERDE,0
intenso,1,FIXO,2485.1,CRUZ_02,2,VERDE,0
intenso,1,FIXO,2485.1,CRUZ_03,2,VERDE,0
intenso,1,FIXO,2485.1,CRUZ_04,2,VERDE,0
intenso,1,FIXO,2485.1,CRUZ_05,2,VERDE,0
intenso,1,FIXO,2485.1,CRUZ_06,2,VERDE,0
intenso,1,FIXO,2485.1,CRUZ_07,2,VERDE,0
intenso,1,FIXO,2485.1,CRUZ_08,2,VERDE,0
intenso,1,FIXO,2515.1,CRUZ_01,2,AMARELO,0
intenso,1,FIXO,2515.1,CRUZ_02,2,AMARELO,0
intenso,1,FIXO,2515.1,CRUZ_03,2,AMARELO,0
intenso,1,FIXO,2515.1,CRUZ_04,2,AMARELO,0
intenso,1,FIXO,2515.1,CRUZ_05,2,AMARELO,0
intenso,1,FIXO,2515.1,CRUZ_06,2,AMARELO,0
intenso,1,FIXO,2515.1,CRUZ_07,2,AMARELO,0
intenso,1,FIXO,2515.1,CRUZ_08,2,AMARELO,0
intenso,1,FIXO,2518.1,CRUZ_01,2,VERMELHO,0
intenso,1,FIXO,2518.1,CRUZ_02,2,VERMELHO,0
intenso,1,FIXO,2518.1,CRUZ_03,2,VERMELHO,0
intenso,1,FIXO,2518.1,CRUZ_04,2,VERMELHO,0
intenso,1,FIXO,2518.1,CRUZ_05,2,VERMELHO,0
intenso,1,FIXO,2518.1,CRUZ_06,2,VERMELHO,0
intenso,1,FIXO,2518.1,CRUZ_07,2,VERMELHO,0
intenso,1,FIXO,2518.1,CRUZ_08,2,VERMELHO,0
intenso,1,FIXO,2520.1,CRUZ_01,1,VERDE,0
intenso,1,FIXO,2520.1,CRUZ_02,1,VERDE,0
intenso,1,FIXO,2520.1,CRUZ_03,1,VERDE,0
intenso,1,FIXO,2520.1,CRUZ_04,1,VERDE,0
intenso,1,FIXO,2520.1,CRUZ_05,1,VERDE,0
intenso,1,FIXO,2520.1,CRUZ_06,1,VERDE,0
intenso,1,FIXO,2520.1,CRUZ_07,1,VERDE,0
intenso,1,FIXO,2520.1,CRUZ_08,1,VERDE,0
intenso,1,FIXO,2550.1,CRUZ_01,1,AMARELO,0
intenso,1,FIXO,2550.1,CRUZ_02,1,AMARELO,0
intenso,1,FIXO,2550.1,CRUZ_03,1,AMARELO,0
intenso,1,FIXO,2550.1,CRUZ_04,1,AMARELO,0
intenso,1,FIXO,2550.1,CRUZ_05,1,AMARELO,0
intenso,1,FIXO,2550.1,CRUZ_06,1,AMARELO,0
intenso,1,FIXO,2550.1,CRUZ_07,1,AMARELO,0
intenso,1,FIXO,2550.1,CRUZ_08,1,AMARELO,0
intenso,1,FIXO,2553.1,CRUZ_01,1,VERMELHO,0
intenso,1,FIXO,2553.1,CRUZ_02,1,VERMELHO,0
intenso,1,FIXO,2553.1,CRUZ_03,1,VERMELHO,0
intenso,1,FIXO,2553.1,CRUZ_04,1,VERMELHO,0
intenso,1,FIXO,2553.1,CRUZ_05,1,VERMELHO,0
intenso,1,FIXO,2553.1,CRUZ_06,1,VERMELHO,0
intenso,1,FIXO,2553.1,CRUZ_07,1,VERMELHO,0
intenso,1,FIXO,2553.1,CRUZ_08,1,VERMELHO,0
intenso,1,FIXO,2555.1,CRUZ_01,2,VERDE,0
intenso,1,FIXO,2555.1,CRUZ_02,2,VERDE,0
intenso,1,FIXO,2555.1,CRUZ_03,2,VERDE,0
intenso,1,FIXO,2555.1,CRUZ_04,2,VERDE,0
intenso,1,FIXO,2555.1,CRUZ_05,2,VERDE,0
intenso,1,FIXO,2555.1,CRUZ_06,2,VERDE,0
intenso,1,FIXO,2555.1,CRUZ_07,2,VERDE,0
intenso,1,FIXO,2555.1,CRUZ_08,2,VERDE,0
intenso,1,FIXO,2585.1,CRUZ_01,2,AMARELO,0
intenso,1,FIXO,2585.1,CRUZ_02,2,AMARELO,0
intenso,1,FIXO,2585.1,CRUZ_03,2,AMARELO,0
intenso,1,FIXO,2585.1,CRUZ_04,2,AMARELO,0
intenso,1,FIXO,2585.1,CRUZ_05,2,AMARELO,0
intenso,1,FIXO,2585.1,CRUZ_06,2,AMARELO,0
intenso,1,FIXO,2585.1,CRUZ_07,2,AMARELO,0
intenso,1,FIXO,2585.1,CRUZ_08,2,AMARELO,0
intenso,1,FIXO,2588.1,CRUZ_01,2,VERMELHO,0
intenso,1,FIXO,2588.1,CRUZ_02,2,VERMELHO,0
intenso,1,FIXO,2588.1,CRUZ_03,2,VERMELHO,0
intenso,1,FIXO,2588.1,CRUZ_04,2,VERMELHO,0
intenso,1,FIXO,2588.1,CRUZ_05,2,VERMELHO,0
intenso,1,FIXO,2588.1,CRUZ_06,2,VERMELHO,0
intenso,1,FIXO,2588.1,CRUZ_07,2,VERMELHO,0
intenso,1,FIXO,2588.1,CRUZ_08,2,VERMELHO,0
intenso,1,FIXO,2590.1,CRUZ_01,1,VERDE,0
intenso,1,FIXO,2590.1,CRUZ_02,1,VERDE,0
intenso,1,FIXO,2590.1,CRUZ_03,1,VERDE,0
intenso,1,FIXO,2590.1,CRUZ_04,1,VERDE,0
intenso,1,FIXO,2590.1,CRUZ_05,1,VERDE,0
intenso,1,FIXO,2590.1,CRUZ_06,1,VERDE,0
intenso,1,FIXO,2590.1,CRUZ_07,1,VERDE,0
intenso,1,FIXO,2590.1,CRUZ_08,1,VERDE,0
intenso,1,FIXO,2620.1,CRUZ_01,1,AMARELO,0
intenso,1,FIXO,2620.1,CRUZ_02,1,AMARELO,0
intenso,1,FIXO,2620.1,CRUZ_03,1,AMARELO,0
intenso,1,FIXO,2620.1,CRUZ_04,1,AMARELO,0
intenso,1,FIXO,2620.1,CRUZ_05,1,AMARELO,0
intenso,1,FIXO,2620.1,CRUZ_06,1,AMARELO,0
intenso,1,FIXO,2620.1,CRUZ_07,1,AMARELO,0
intenso,1,FIXO,2620.1,CRUZ_08,1,AMARELO,0
intenso,1,FIXO,2623.1,CRUZ_01,1,VERMELHO,0
intenso,1,FIXO,2623.1,CRUZ_02,1,VERMELHO,0
intenso,1,FIXO,2623.1,CRUZ_03,1,VERMELHO,0
intenso,1,FIXO,2623.1,CRUZ_04,1,VERMELHO,0
intenso,1,FIXO,2623.1,CRUZ_05,1,VERMELHO,0
intenso,1,FIXO,2623.1,CRUZ_06,1,VERMELHO,0
intenso,1,FIXO,2623.1,CRUZ_07,1,VERMELHO,0
intenso,1,FIXO,2623.1,CRUZ_08,1,VERMELHO,0
intenso,1,FIXO,2625.1,CRUZ_01,2,VERDE,0
intenso,1,FIXO,2625.1,CRUZ_02,2,VERDE,0
intenso,1,FIXO,2625.1,CRUZ_03,2,VERDE,0
intenso,1,FIXO,2625.1,CRUZ_04,2,VERDE,0
intenso,1,FIXO,2625.1,CRUZ_05,2,VERDE,0
intenso,1,FIXO,2625.1,CRUZ_06,2,VERDE,0
intenso,1,FIXO,2625.1,CRUZ_07,2,VERDE,0
intenso,1,FIXO,2625.1,CRUZ_08,2,VERDE,0
intenso,1,FIXO,2655.1,CRUZ_01,2,AMARELO,0
intenso,1,FIXO,2655.1,CRUZ_02,2,AMARELO,0
intenso,1,FIXO,2655.1,CRUZ_03,2,AMARELO,0
intenso,1,FIXO,2655.1,CRUZ_04,2,AMARELO,0
intenso,1,FIXO,2655.1,CRUZ_05,2,AMARELO,0
intenso,1,FIXO,2655.1,CRUZ_06,2,AMARELO,0
intenso,1,FIXO,2655.1,CRUZ_07,2,AMARELO,0
intenso,1,FIXO,2655.1,CRUZ_08,2,AMARELO,0
intenso,1,FIXO,2658.1,CRUZ_01,2,VERMELHO,0
intenso,1,FIXO,2658.1,CRUZ_02,2,VERMELHO,0
intenso,1,FIXO,2658.1,CRUZ_03,2,VERMELHO,0
intenso,1,FIXO,2658.1,CRUZ_04,2,VERMELHO,0
intenso,1,FIXO,2658.1,CRUZ_05,2,VERMELHO,0
intenso,1,FIXO,2658.1,CRUZ_06,2,VERMELHO,0
intenso,1,FIXO,2658.1,CRUZ_07,2,VERMELHO,0
intenso,1,FIXO,2658.1,CRUZ_08,2,VERMELHO,0
intenso,1,FIXO,2660.1,CRUZ_01,1,VERDE,0
intenso,1,FIXO,2660.1,CRUZ_02,1,VERDE,0
intenso,1,FIXO,2660.1,CRUZ_03,1,VERDE,0
intenso,1,FIXO,2660.1,CRUZ_04,1,VERDE,0
intenso,1,FIXO,2660.1,CRUZ_05,1,VERDE,0
intenso,1,FIXO,2660.1,CRUZ_06,1,VERDE,0
intenso,1,FIXO,2660.1,CRUZ_07,1,VERDE,0
intenso,1,FIXO,2660.1,CRUZ_08,1,VERDE,0
intenso,1,FIXO,2690.1,CRUZ_01,1,AMARELO,0
intenso,1,FIXO,2690.1,CRUZ_02,1,AMARELO,0
intenso,1,FIXO,2690.1,CRUZ_03,1,AMARELO,0
intenso,1,FIXO,2690.1,CRUZ_04,1,AMARELO,0
intenso,1,FIXO,2690.1,CRUZ_05,1,AMARELO,0
intenso,1,FIXO,2690.1,CRUZ_06,1,AMARELO,0
intenso,1,FIXO,2690.1,CRUZ_07,1,AMARELO,0
intenso,1,FIXO,2690.1,CRUZ_08,1,AMARELO,0
intenso,1,FIXO,2693.1,CRUZ_01,1,VERMELHO,0
intenso,1,FIXO,2693.1,CRUZ_02,1,VERMELHO,0
intenso,1,FIXO,2693.1,CRUZ_03,1,VERMELHO,0
intenso,1,FIXO,2693.1,CRUZ_04,1,VERMELHO,0
intenso,1,FIXO,2693.1,CRUZ_05,1,VERMELHO,0
intenso,1,FIXO,2693.1,CRUZ_06,1,VERMELHO,0
intenso,1,FIXO,2693.1,CRUZ_07,1,VERMELHO,0
intenso,1,FIXO,2693.1,CRUZ_08,1,VERMELHO,0
intenso,1,FIXO,2695.1,CRUZ_01,2,VERDE,0
intenso,1,FIXO,2695.1,CRUZ_02,2,VERDE,0
intenso,1,FIXO,2695.1,CRUZ_03,2,VERDE,0
intenso,1,FIXO,2695.1,CRUZ_04,2,VERDE,0
intenso,1,FIXO,2695.1,CRUZ_05,2,VERDE,0
intenso,1,FIXO,2695.1,CRUZ_06,2,VERDE,0
intenso,1,FIXO,2695.1,CRUZ_07,2,VERDE,0
intenso,1,FIXO,2695.1,CRUZ_08,2,VERDE,0
intenso,1,FIXO,2725.1,CRUZ_01,2,AMARELO,0
intenso,1,FIXO,2725.1,CRUZ_02,2,AMARELO,0
intenso,1,FIXO,2725.1,CRUZ_03,2,AMARELO,0
intenso,1,FIXO,2725.1,CRUZ_04,2,AMARELO,0
intenso,1,FIXO,2725.1,CRUZ_05,2,AMARELO,0
intenso,1,FIXO,2725.1,CRUZ_06,2,AMARELO,0
intenso,1,FIXO,2725.1,CRUZ_07,2,AMARELO,0
intenso,1,FIXO,2725.1,CRUZ_08,2,AMARELO,0
intenso,1,FIXO,2728.1,CRUZ_01,2,VERMELHO,0
intenso,1,FIXO,2728.1,CRUZ_02,2,VERMELHO,0
intenso,1,FIXO,2728.1,CRUZ_03,2,VERMELHO,0
intenso,1,FIXO,2728.1,CRUZ_04,2,VERMELHO,0
intenso,1,FIXO,2728.1,CRUZ_05,2,VERMELHO,0
intenso,1,FIXO,2728.1,CRUZ_06,2,VERMELHO,0
intenso,1,FIXO,2728.1,CRUZ_07,2,VERMELHO,0
intenso,1,FIXO,2728.1,CRUZ_08,2,VERMELHO,0
intenso,1,FIXO,2730.1,CRUZ_01,1,VERDE,0
intenso,1,FIXO,2730.1,CRUZ_02,1,VERDE,0
intenso,1,FIXO,2730.1,CRUZ_03,1,VERDE,0
intenso,1,FIXO,2730.1,CRUZ_04,1,VERDE,0
intenso,1,FIXO,2730.1,CRUZ_05,1,VERDE,0
intenso,1,FIXO,2730.1,CRUZ_06,1,VERDE,0
intenso,1,FIXO,2730.1,CRUZ_07,1,VERDE,0
intenso,1,FIXO,2730.1,CRUZ_08,1,VERDE,0
intenso,1,FIXO,2760.1,CRUZ_01,1,AMARELO,0
intenso,1,FIXO,2760.1,CRUZ_02,1,AMARELO,0
intenso,1,FIXO,2760.1,CRUZ_03,1,AMARELO,0
intenso,1,FIXO,2760.1,CRUZ_04,1,AMARELO,0
intenso,1,FIXO,2760.1,CRUZ_05,1,AMARELO,0
intenso,1,FIXO,2760.1,CRUZ_06,1,AMARELO,0
intenso,1,FIXO,2760.1,CRUZ_07,1,AMARELO,0
intenso,1,FIXO,2760.1,CRUZ_08,1,AMARELO,0
intenso,1,FIXO,2763.1,CRUZ_01,1,VERMELHO,0
intenso,1,FIXO,2763.1,CRUZ_02,1,VERMELHO,0
intenso,1,FIXO,2763.1,CRUZ_03,1,VERMELHO,0
intenso,1,FIXO,2763.1,CRUZ_04,1,VERMELHO,0
intenso,1,FIXO,2763.1,CRUZ_05,1,VERMELHO,0
intenso,1,FIXO,2763.1,CRUZ_06,1,VERMELHO,0
intenso,1,FIXO,2763.1,CRUZ_07,1,VERMELHO,0
intenso,1,FIXO,2763.1,CRUZ_08,1,VERMELHO,0
intenso,1,FIXO,2765.1,CRUZ_01,2,VERDE,0
intenso,1,FIXO,2765.1,CRUZ_02,2,VERDE,0
intenso,1,FIXO,2765.1,CRUZ_03,2,VERDE,0
intenso,1,FIXO,2765.1,CRUZ_04,2,VERDE,0
intenso,1,FIXO,2765.1,CRUZ_05,2,VERDE,0
intenso,1,FIXO,2765.1,CRUZ_06,2,VERDE,0
intenso,1,FIXO,2765.1,CRUZ_07,2,VERDE,0
intenso,1,FIXO,2765.1,CRUZ_08,2,VERDE,0
intenso,1,FIXO,2795.1,CRUZ_01,2,AMARELO,0
intenso,1,FIXO,2795.1,CRUZ_02,2,AMARELO,0
intenso,1,FIXO,2795.1,CRUZ_03,2,AMARELO,0
intenso,1,FIXO,2795.1,CRUZ_04,2,AMARELO,0
intenso,1,FIXO,2795.1,CRUZ_05,2,AMARELO,0
intenso,1,FIXO,2795.1,CRUZ_06,2,AMARELO,0
intenso,1,FIXO,2795.1,CRUZ_07,2,AMARELO,0
intenso,1,FIXO,2795.1,CRUZ_08,2,AMARELO,0
intenso,1,FIXO,2798.1,CRUZ_01,2,VERMELHO,0
intenso,1,FIXO,2798.1,CRUZ_02,2,VERMELHO,0
intenso,1,FIXO,2798.1,CRUZ_03,2,VERMELHO,0
intenso,1,FIXO,2798.1,CRUZ_04,2,VERMELHO,0
intenso,1,FIXO,2798.1,CRUZ_05,2,VERMELHO,0
intenso,1,FIXO,2798.1,CRUZ_06,2,VERMELHO,0
intenso,1,FIXO,2798.1,CRUZ_07,2,VERMELHO,0
intenso,1,FIXO,2798.1,CRUZ_08,2,VERMELHO,0
intenso,1,FIXO,2800.1,CRUZ_01,1,VERDE,0
intenso,1,FIXO,2800.1,CRUZ_02,1,VERDE,0
intenso,1,FIXO,2800.1,CRUZ_03,1,VERDE,0
intenso,1,FIXO,2800.1,CRUZ_04,1,VERDE,0
intenso,1,FIXO,2800.1,CRUZ_05,1,VERDE,0
intenso,1,FIXO,2800.1,CRUZ_06,1,VERDE,0
intenso,1,FIXO,2800.1,CRUZ_07,1,VERDE,0
intenso,1,FIXO,2800.1,CRUZ_08,1,VERDE,0
intenso,1,FIXO,2830.1,CRUZ_01,1,AMARELO,0
intenso,1,FIXO,2830.1,CRUZ_02,1,AMARELO,0
intenso,1,FIXO,2830.1,CRUZ_03,1,AMARELO,0
intenso,1,FIXO,2830.1,CRUZ_04,1,AMARELO,0
intenso,1,FIXO,2830.1,CRUZ_05,1,AMARELO,0
intenso,1,FIXO,2830.1,CRUZ_06,1,AMARELO,0
intenso,1,FIXO,2830.1,CRUZ_07,1,AMARELO,0
intenso,1,FIXO,2830.1,CRUZ_08,1,AMARELO,0
intenso,1,FIXO,2833.1,CRUZ_01,1,VERMELHO,0
intenso,1,FIXO,2833.1,CRUZ_02,1,VERMELHO,0
intenso,1,FIXO,2833.1,CRUZ_03,1,VERMELHO,0
intenso,1,FIXO,2833.1,CRUZ_04,1,VERMELHO,0
intenso,1,FIXO,2833.1,CRUZ_05,1,VERMELHO,0
intenso,1,FIXO,2833.1,CRUZ_06,1,VERMELHO,0
intenso,1,FIXO,2833.1,CRUZ_07,1,VERMELHO,0
intenso,1,FIXO,2833.1,CRUZ_08,1,VERMELHO,0
intenso,1,FIXO,2835.1,CRUZ_01,2,VERDE,0
intenso,1,FIXO,2835.1,CRUZ_02,2,VERDE,0
intenso,1,FIXO,2835.1,CRUZ_03,2,VERDE,0
intenso,1,FIXO,2835.1,CRUZ_04,2,VERDE,0
intenso,1,FIXO,2835.1,CRUZ_05,2,VERDE,0
intenso,1,FIXO,2835.1,CRUZ_06,2,VERDE,0
intenso,1,FIXO,2835.1,CRUZ_07,2,VERDE,0
intenso,1,FIXO,2835.1,CRUZ_08,2,VERDE,0
intenso,1,FIXO,2865.1,CRUZ_01,2,AMARELO,0
intenso,1,FIXO,2865.1,CRUZ_02,2,AMARELO,0
intenso,1,FIXO,2865.1,CRUZ_03,2,AMARELO,0
intenso,1,FIXO,2865.1,CRUZ_04,2,AMARELO,0
intenso,1,FIXO,2865.1,CRUZ_05,2,AMARELO,0
intenso,1,FIXO,2865.1,CRUZ_06,2,AMARELO,0
intenso,1,FIXO,2865.1,CRUZ_07,2,AMARELO,0
intenso,1,FIXO,2865.1,CRUZ_08,2,AMARELO,0
intenso,1,FIXO,2868.1,CRUZ_01,2,VERMELHO,0
intenso,1,FIXO,2868.1,CRUZ_02,2,VERMELHO,0
intenso,1,FIXO,2868.1,CRUZ_03,2,VERMELHO,0
intenso,1,FIXO,2868.1,CRUZ_04,2,VERMELHO,0
intenso,1,FIXO,2868.1,CRUZ_05,2,VERMELHO,0
intenso,1,FIXO,2868.1,CRUZ_06,2,VERMELHO,0
intenso,1,FIXO,2868.1,CRUZ_07,2,VERMELHO,0
intenso,1,FIXO,2868.1,CRUZ_08,2,VERMELHO,0
intenso,1,FIXO,2870.1,CRUZ_01,1,VERDE,0
intenso,1,FIXO,2870.1,CRUZ_02,1,VERDE,0
intenso,1,FIXO,2870.1,CRUZ_03,1,VERDE,0
intenso,1,FIXO,2870.1,CRUZ_04,1,VERDE,0
intenso,1,FIXO,2870.1,CRUZ_05,1,VERDE,0
intenso,1,FIXO,2870.1,CRUZ_06,1,VERDE,0
intenso,1,FIXO,2870.1,CRUZ_07,1,VERDE,0
intenso,1,FIXO,2870.1,CRUZ_08,1,VERDE,0
intenso,1,FIXO,2900.1,CRUZ_01,1,AMARELO,0
intenso,1,FIXO,2900.1,CRUZ_02,1,AMARELO,0
intenso,1,FIXO,2900.1,CRUZ_03,1,AMARELO,0
intenso,1,FIXO,2900.1,CRUZ_04,1,AMARELO,0
intenso,1,FIXO,2900.1,CRUZ_05,1,AMARELO,0
intenso,1,FIXO,2900.1,CRUZ_06,1,AMARELO,0
intenso,1,FIXO,2900.1,CRUZ_07,1,AMARELO,0
intenso,1,FIXO,2900.1,CRUZ_08,1,AMARELO,0
intenso,1,FIXO,2903.1,CRUZ_01,1,VERMELHO,0
intenso,1,FIXO,2903.1,CRUZ_02,1,VERMELHO,0
intenso,1,FIXO,2903.1,CRUZ_03,1,VERMELHO,0
intenso,1,FIXO,2903.1,CRUZ_04,1,VERMELHO,0
intenso,1,FIXO,2903.1,CRUZ_05,1,VERMELHO,0
intenso,1,FIXO,2903.1,CRUZ_06,1,VERMELHO,0
intenso,1,FIXO,2903.1,CRUZ_07,1,VERMELHO,0
intenso,1,FIXO,2903.1,CRUZ_08,1,VERMELHO,0
intenso,1,FIXO,2905.1,CRUZ_01,2,VERDE,0
intenso,1,FIXO,2905.1,CRUZ_02,2,VERDE,0
intenso,1,FIXO,2905.1,CRUZ_03,2,VERDE,0
intenso,1,FIXO,2905.1,CRUZ_04,2,VERDE,0
intenso,1,FIXO,2905.1,CRUZ_05,2,VERDE,0
intenso,1,FIXO,2905.1,CRUZ_06,2,VERDE,0
intenso,1,FIXO,2905.1,CRUZ_07,2,VERDE,0
intenso,1,FIXO,2905.1,CRUZ_08,2,VERDE,0
intenso,1,FIXO,2935.1,CRUZ_01,2,AMARELO,0
intenso,1,FIXO,2935.1,CRUZ_02,2,AMARELO,0
intenso,1,FIXO,2935.1,CRUZ_03,2,AMARELO,0
intenso,1,FIXO,2935.1,CRUZ_04,2,AMARELO,0
intenso,1,FIXO,2935.1,CRUZ_05,2,AMARELO,0
intenso,1,FIXO,2935.1,CRUZ_06,2,AMARELO,0
intenso,1,FIXO,2935.1,CRUZ_07,2,AMARELO,0
intenso,1,FIXO,2935.1,CRUZ_08,2,AMARELO,0
intenso,1,FIXO,2938.1,CRUZ_01,2,VERMELHO,0
intenso,1,FIXO,2938.1,CRUZ_02,2,VERMELHO,0
intenso,1,FIXO,2938.1,CRUZ_03,2,VERMELHO,0
intenso,1,FIXO,2938.1,CRUZ_04,2,VERMELHO,0
intenso,1,FIXO,2938.1,CRUZ_05,2,VERMELHO,0
intenso,1,FIXO,2938.1,CRUZ_06,2,VERMELHO,0
intenso,1,FIXO,2938.1,CRUZ_07,2,VERMELHO,0
intenso,1,FIXO,2938.1,CRUZ_08,2,VERMELHO,0
intenso,1,FIXO,2940.1,CRUZ_01,1,VERDE,0
intenso,1,FIXO,2940.1,CRUZ_02,1,VERDE,0
intenso,1,FIXO,2940.1,CRUZ_03,1,VERDE,0
intenso,1,FIXO,2940.1,CRUZ_04,1,VERDE,0
intenso,1,FIXO,2940.1,CRUZ_05,1,VERDE,0
intenso,1,FIXO,2940.1,CRUZ_06,1,VERDE,0
intenso,1,FIXO,2940.1,CRUZ_07,1,VERDE,0
intenso,1,FIXO,2940.1,CRUZ_08,1,VERDE,0
intenso,1,FIXO,2970.1,CRUZ_01,1,AMARELO,0
intenso,1,FIXO,2970.1,CRUZ_02,1,AMARELO,0
intenso,1,FIXO,2970.1,CRUZ_03,1,AMARELO,0
intenso,1,FIXO,2970.1,CRUZ_04,1,AMARELO,0
intenso,1,FIXO,2970.1,CRUZ_05,1,AMARELO,0
intenso,1,FIXO,2970.1,CRUZ_06,1,AMARELO,0
intenso,1,FIXO,2970.1,CRUZ_07,1,AMARELO,0
intenso,1,FIXO,2970.1,CRUZ_08,1,AMARELO,0
intenso,1,FIXO,2973.1,CRUZ_01,1,VERMELHO,0
intenso,1,FIXO,2973.1,CRUZ_02,1,VERMELHO,0
intenso,1,FIXO,2973.1,CRUZ_03,1,VERMELHO,0
intenso,1,FIXO,2973.1,CRUZ_04,1,VERMELHO,0
intenso,1,FIXO,2973.1,CRUZ_05,1,VERMELHO,0
intenso,1,FIXO,2973.1,CRUZ_06,1,VERMELHO,0
intenso,1,FIXO,2973.1,CRUZ_07,1,VERMELHO,0
intenso,1,FIXO,2973.1,CRUZ_08,1,VERMELHO,0
intenso,1,FIXO,2975.1,CRUZ_01,2,VERDE,0
intenso,1,FIXO,2975.1,CRUZ_02,2,VERDE,0
intenso,1,FIXO,2975.1,CRUZ_03,2,VERDE,0
intenso,1,FIXO,2975.1,CRUZ_04,2,VERDE,0
intenso,1,FIXO,2975.1,CRUZ_05,2,VERDE,0
intenso,1,FIXO,2975.1,CRUZ_06,2,VERDE,0
intenso,1,FIXO,2975.1,CRUZ_07,2,VERDE,0
intenso,1,FIXO,2975.1,CRUZ_08,2,VERDE,0
intenso,1,FIXO,3005.1,CRUZ_01,2,AMARELO,0
intenso,1,FIXO,3005.1,CRUZ_02,2,AMARELO,0
intenso,1,FIXO,3005.1,CRUZ_03,2,AMARELO,0
intenso,1,FIXO,3005.1,CRUZ_04,2,AMARELO,0
intenso,1,FIXO,3005.1,CRUZ_05,2,AMARELO,0
intenso,1,FIXO,3005.1,CRUZ_06,2,AMARELO,0
intenso,1,FIXO,3005.1,CRUZ_07,2,AMARELO,0
intenso,1,FIXO,3005.1,CRUZ_08,2,AMARELO,0
intenso,1,FIXO,3008.1,CRUZ_01,2,VERMELHO,0
intenso,1,FIXO,3008.1,CRUZ_02,2,VERMELHO,0
intenso,1,FIXO,3008.1,CRUZ_03,2,VERMELHO,0
intenso,1,FIXO,3008.1,CRUZ_04,2,VERMELHO,0
intenso,1,FIXO,3008.1,CRUZ_05,2,VERMELHO,0
intenso,1,FIXO,3008.1,CRUZ_06,2,VERMELHO,0
intenso,1,FIXO,3008.1,CRUZ_07,2,VERMELHO,0
intenso,1,FIXO,3008.1,CRUZ_08,2,VERMELHO,0
intenso,1,FIXO,3010.1,CRUZ_01,1,VERDE,0
intenso,1,FIXO,3010.1,CRUZ_02,1,VERDE,0
intenso,1,FIXO,3010.1,CRUZ_03,1,VERDE,0
intenso,1,FIXO,3010.1,CRUZ_04,1,VERDE,0
intenso,1,FIXO,3010.1,CRUZ_05,1,VERDE,0
intenso,1,FIXO,3010.1,CRUZ_06,1,VERDE,0
intenso,1,FIXO,3010.1,CRUZ_07,1,VERDE,0
intenso,1,FIXO,3010.1,CRUZ_08,1,VERDE,0
intenso,1,FIXO,3040.1,CRUZ_01,1,AMARELO,0
intenso,1,FIXO,3040.1,CRUZ_02,1,AMARELO,0
intenso,1,FIXO,3040.1,CRUZ_03,1,AMARELO,0
intenso,1,FIXO,3040.1,CRUZ_04,1,AMARELO,0
intenso,1,FIXO,3040.1,CRUZ_05,1,AMARELO,0
intenso,1,FIXO,3040.1,CRUZ_06,1,AMARELO,0
intenso,1,FIXO,3040.1,CRUZ_07,1,AMARELO,0
intenso,1,FIXO,3040.1,CRUZ_08,1,AMARELO,0
intenso,1,FIXO,3043.1,CRUZ_01,1,VERMELHO,0
intenso,1,FIXO,3043.1,CRUZ_02,1,VERMELHO,0
intenso,1,FIXO,3043.1,CRUZ_03,1,VERMELHO,0
intenso,1,FIXO,3043.1,CRUZ_04,1,VERMELHO,0
intenso,1,FIXO,3043.1,CRUZ_05,1,VERMELHO,0
intenso,1,FIXO,3043.1,CRUZ_06,1,VERMELHO,0
intenso,1,FIXO,3043.1,CRUZ_07,1,VERMELHO,0
intenso,1,FIXO,3043.1,CRUZ_08,1,VERMELHO,0
intenso,1,FIXO,3045.1,CRUZ_01,2,VERDE,0
intenso,1,FIXO,3045.1,CRUZ_02,2,VERDE,0
intenso,1,FIXO,3045.1,CRUZ_03,2,VERDE,0
intenso,1,FIXO,3045.1,CRUZ_04,2,VERDE,0
intenso,1,FIXO,3045.1,CRUZ_05,2,VERDE,0
intenso,1,FIXO,3045.1,CRUZ_06,2,VERDE,0
intenso,1,FIXO,3045.1,CRUZ_07,2,VERDE,0
intenso,1,FIXO,3045.1,CRUZ_08,2,VERDE,0
intenso,1,FIXO,3075.1,CRUZ_01,2,AMARELO,0
intenso,1,FIXO,3075.1,CRUZ_02,2,AMARELO,0
intenso,1,FIXO,3075.1,CRUZ_03,2,AMARELO,0
intenso,1,FIXO,3075.1,CRUZ_04,2,AMARELO,0
intenso,1,FIXO,3075.1,CRUZ_05,2,AMARELO,0
intenso,1,FIXO,3075.1,CRUZ_06,2,AMARELO,0
intenso,1,FIXO,3075.1,CRUZ_07,2,AMARELO,0
intenso,1,FIXO,3075.1,CRUZ_08,2,AMARELO,0
intenso,1,FIXO,3078.1,CRUZ_01,2,VERMELHO,0
intenso,1,FIXO,3078.1,CRUZ_02,2,VERMELHO,0
intenso,1,FIXO,3078.1,CRUZ_03,2,VERMELHO,0
intenso,1,FIXO,3078.1,CRUZ_04,2,VERMELHO,0
intenso,1,FIXO,3078.1,CRUZ_05,2,VERMELHO,0
intenso,1,FIXO,3078.1,CRUZ_06,2,VERMELHO,0
intenso,1,FIXO,3078.1,CRUZ_07,2,VERMELHO,0
intenso,1,FIXO,3078.1,CRUZ_08,2,VERMELHO,0
intenso,1,FIXO,3080.1,CRUZ_01,1,VERDE,0
intenso,1,FIXO,3080.1,CRUZ_02,1,VERDE,0
intenso,1,FIXO,3080.1,CRUZ_03,1,VERDE,0
intenso,1,FIXO,3080.1,CRUZ_04,1,VERDE,0
intenso,1,FIXO,3080.1,CRUZ_05,1,VERDE,0
intenso,1,FIXO,3080.1,CRUZ_06,1,VERDE,0
intenso,1,FIXO,3080.1,CRUZ_07,1,VERDE,0
intenso,1,FIXO,3080.1,CRUZ_08,1,VERDE,0
intenso,1,FIXO,3110.1,CRUZ_01,1,AMARELO,0
intenso,1,FIXO,3110.1,CRUZ_02,1,AMARELO,0
intenso,1,FIXO,3110.1,CRUZ_03,1,AMARELO,0
intenso,1,FIXO,3110.1,CRUZ_04,1,AMARELO,0
intenso,1,FIXO,3110.1,CRUZ_05,1,AMARELO,0
intenso,1,FIXO,3110.1,CRUZ_06,1,AMARELO,0
intenso,1,FIXO,3110.1,CRUZ_07,1,AMARELO,0
intenso,1,FIXO,3110.1,CRUZ_08,1,AMARELO,0
intenso,1,FIXO,3113.1,CRUZ_01,1,VERMELHO,0
intenso,1,FIXO,3113.1,CRUZ_02,1,VERMELHO,0
intenso,1,FIXO,3113.1,CRUZ_03,1,VERMELHO,0
intenso,1,FIXO,3113.1,CRUZ_04,1,VERMELHO,0
intenso,1,FIXO,3113.1,CRUZ_05,1,VERMELHO,0
intenso,1,FIXO,3113.1,CRUZ_06,1,VERMELHO,0
intenso,1,FIXO,3113.1,CRUZ_07,1,VERMELHO,0
intenso,1,FIXO,3113.1,CRUZ_08,1,VERMELHO,0
intenso,1,FIXO,3115.1,CRUZ_01,2,VERDE,0
intenso,1,FIXO,3115.1,CRUZ_02,2,VERDE,0
intenso,1,FIXO,3115.1,CRUZ_03,2,VERDE,0
intenso,1,FIXO,3115.1,CRUZ_04,2,VERDE,0
intenso,1,FIXO,3115.1,CRUZ_05,2,VERDE,0
intenso,1,FIXO,3115.1,CRUZ_06,2,VERDE,0
intenso,1,FIXO,3115.1,CRUZ_07,2,VERDE,0
intenso,1,FIXO,3115.1,CRUZ_08,2,VERDE,0
intenso,1,FIXO,3145.1,CRUZ_01,2,AMARELO,0
intenso,1,FIXO,3145.1,CRUZ_02,2,AMARELO,0
intenso,1,FIXO,3145.1,CRUZ_03,2,AMARELO,0
intenso,1,FIXO,3145.1,CRUZ_04,2,AMARELO,0
intenso,1,FIXO,3145.1,CRUZ_05,2,AMARELO,0
intenso,1,FIXO,3145.1,CRUZ_06,2,AMARELO,0
intenso,1,FIXO,3145.1,CRUZ_07,2,AMARELO,0
intenso,1,FIXO,3145.1,CRUZ_08,2,AMARELO,0
intenso,1,FIXO,3148.1,CRUZ_01,2,VERMELHO,0
intenso,1,FIXO,3148.1,CRUZ_02,2,VERMELHO,0
intenso,1,FIXO,3148.1,CRUZ_03,2,VERMELHO,0
intenso,1,FIXO,3148.1,CRUZ_04,2,VERMELHO,0
intenso,1,FIXO,3148.1,CRUZ_05,2,VERMELHO,0
intenso,1,FIXO,3148.1,CRUZ_06,2,VERMELHO,0
intenso,1,FIXO,3148.1,CRUZ_07,2,VERMELHO,0
intenso,1,FIXO,3148.1,CRUZ_08,2,VERMELHO,0
intenso,1,FIXO,3150.1,CRUZ_01,1,VERDE,0
intenso,1,FIXO,3150.1,CRUZ_02,1,VERDE,0
intenso,1,FIXO,3150.1,CRUZ_03,1,VERDE,0
intenso,1,FIXO,3150.1,CRUZ_04,1,VERDE,0
intenso,1,FIXO,3150.1,CRUZ_05,1,VERDE,0
intenso,1,FIXO,3150.1,CRUZ_06,1,VERDE,0
intenso,1,FIXO,3150.1,CRUZ_07,1,VERDE,0
intenso,1,FIXO,3150.1,CRUZ_08,1,VERDE,0
intenso,1,FIXO,3180.1,CRUZ_01,1,AMARELO,0
intenso,1,FIXO,3180.1,CRUZ_02,1,AMARELO,0
intenso,1,FIXO,3180.1,CRUZ_03,1,AMARELO,0
intenso,1,FIXO,3180.1,CRUZ_04,1,AMARELO,0
intenso,1,FIXO,3180.1,CRUZ_05,1,AMARELO,0
intenso,1,FIXO,3180.1,CRUZ_06,1,AMARELO,0
intenso,1,FIXO,3180.1,CRUZ_07,1,AMARELO,0
intenso,1,FIXO,3180.1,CRUZ_08,1,AMARELO,0
intenso,1,FIXO,3183.1,CRUZ_01,1,VERMELHO,0
intenso,1,FIXO,3183.1,CRUZ_02,1,VERMELHO,0
intenso,1,FIXO,3183.1,CRUZ_03,1,VERMELHO,0
intenso,1,FIXO,3183.1,CRUZ_04,1,VERMELHO,0
intenso,1,FIXO,3183.1,CRUZ_05,1,VERMELHO,0
intenso,1,FIXO,3183.1,CRUZ_06,1,VERMELHO,0
intenso,1,FIXO,3183.1,CRUZ_07,1,VERMELHO,0
intenso,1,FIXO,3183.1,CRUZ_08,1,VERMELHO,0
intenso,1,FIXO,3185.1,CRUZ_01,2,VERDE,0
intenso,1,FIXO,3185.1,CRUZ_02,2,VERDE,0
intenso,1,FIXO,3185.1,CRUZ_03,2,VERDE,0
intenso,1,FIXO,3185.1,CRUZ_04,2,VERDE,0
intenso,1,FIXO,3185.1,CRUZ_05,2,VERDE,0
intenso,1,FIXO,3185.1,CRUZ_06,2,VERDE,0
intenso,1,FIXO,3185.1,CRUZ_07,2,VERDE,0
intenso,1,FIXO,3185.1,CRUZ_08,2,VERDE,0
intenso,1,FIXO,3215.1,CRUZ_01,2,AMARELO,0
intenso,1,FIXO,3215.1,CRUZ_02,2,AMARELO,0
intenso,1,FIXO,3215.1,CRUZ_03,2,AMARELO,0
intenso,1,FIXO,3215.1,CRUZ_04,2,AMARELO,0
intenso,1,FIXO,3215.1,CRUZ_05,2,AMARELO,0
intenso,1,FIXO,3215.1,CRUZ_06,2,AMARELO,0
intenso,1,FIXO,3215.1,CRUZ_07,2,AMARELO,0
intenso,1,FIXO,3215.1,CRUZ_08,2,AMARELO,0
intenso,1,FIXO,3218.1,CRUZ_01,2,VERMELHO,0
intenso,1,FIXO,3218.1,CRUZ_02,2,VERMELHO,0
intenso,1,FIXO,3218.1,CRUZ_03,2,VERMELHO,0
intenso,1,FIXO,3218.1,CRUZ_04,2,VERMELHO,0
intenso,1,FIXO,3218.1,CRUZ_05,2,VERMELHO,0
intenso,1,FIXO,3218.1,CRUZ_06,2,VERMELHO,0
intenso,1,FIXO,3218.1,CRUZ_07,2,VERMELHO,0
intenso,1,FIXO,3218.1,CRUZ_08,2,VERMELHO,0
intenso,1,FIXO,3220.1,CRUZ_01,1,VERDE,0
intenso,1,FIXO,3220.1,CRUZ_02,1,VERDE,0
intenso,1,FIXO,3220.1,CRUZ_03,1,VERDE,0
intenso,1,FIXO,3220.1,CRUZ_04,1,VERDE,0
intenso,1,FIXO,3220.1,CRUZ_05,1,VERDE,0
intenso,1,FIXO,3220.1,CRUZ_06,1,VERDE,0
intenso,1,FIXO,3220.1,CRUZ_07,1,VERDE,0
intenso,1,FIXO,3220.1,CRUZ_08,1,VERDE,0
intenso,1,FIXO,3250.1,CRUZ_01,1,AMARELO,0
intenso,1,FIXO,3250.1,CRUZ_02,1,AMARELO,0
intenso,1,FIXO,3250.1,CRUZ_03,1,AMARELO,0
intenso,1,FIXO,3250.1,CRUZ_04,1,AMARELO,0
intenso,1,FIXO,3250.1,CRUZ_05,1,AMARELO,0
intenso,1,FIXO,3250.1,CRUZ_06,1,AMARELO,0
intenso,1,FIXO,3250.1,CRUZ_07,1,AMARELO,0
intenso,1,FIXO,3250.1,CRUZ_08,1,AMARELO,0
intenso,1,FIXO,3253.1,CRUZ_01,1,VERMELHO,0
intenso,1,FIXO,3253.1,CRUZ_02,1,VERMELHO,0
intenso,1,FIXO,3253.1,CRUZ_03,1,VERMELHO,0
intenso,1,FIXO,3253.1,CRUZ_04,1,VERMELHO,0
intenso,1,FIXO,3253.1,CRUZ_05,1,VERMELHO,0
intenso,1,FIXO,3253.1,CRUZ_06,1,VERMELHO,0
intenso,1,FIXO,3253.1,CRUZ_07,1,VERMELHO,0
intenso,1,FIXO,3253.1,CRUZ_08,1,VERMELHO,0
intenso,1,FIXO,3255.1,CRUZ_01,2,VERDE,0
intenso,1,FIXO,3255.1,CRUZ_02,2,VERDE,0
intenso,1,FIXO,3255.1,CRUZ_03,2,VERDE,0
intenso,1,FIXO,3255.1,CRUZ_04,2,VERDE,0
intenso,1,FIXO,3255.1,CRUZ_05,2,VERDE,0
intenso,1,FIXO,3255.1,CRUZ_06,2,VERDE,0
intenso,1,FIXO,3255.1,CRUZ_07,2,VERDE,0
intenso,1,FIXO,3255.1,CRUZ_08,2,VERDE,0
intenso,1,FIXO,3285.1,CRUZ_01,2,AMARELO,0
intenso,1,FIXO,3285.1,CRUZ_02,2,AMARELO,0
intenso,1,FIXO,3285.1,CRUZ_03,2,AMARELO,0
intenso,1,FIXO,3285.1,CRUZ_04,2,AMARELO,0
intenso,1,FIXO,3285.1,CRUZ_05,2,AMARELO,0
intenso,1,FIXO,3285.1,CRUZ_06,2,AMARELO,0
intenso,1,FIXO,3285.1,CRUZ_07,2,AMARELO,0
intenso,1,FIXO,3285.1,CRUZ_08,2,AMARELO,0
intenso,1,FIXO,3288.1,CRUZ_01,2,VERMELHO,0
intenso,1,FIXO,3288.1,CRUZ_02,2,VERMELHO,0
intenso,1,FIXO,3288.1,CRUZ_03,2,VERMELHO,0
intenso,1,FIXO,3288.1,CRUZ_04,2,VERMELHO,0
intenso,1,FIXO,3288.1,CRUZ_05,2,VERMELHO,0
intenso,1,FIXO,3288.1,CRUZ_06,2,VERMELHO,0
intenso,1,FIXO,3288.1,CRUZ_07,2,VERMELHO,0
intenso,1,FIXO,3288.1,CRUZ_08,2,VERMELHO,0
intenso,1,FIXO,3290.1,CRUZ_01,1,VERDE,0
intenso,1,FIXO,3290.1,CRUZ_02,1,VERDE,0
intenso,1,FIXO,3290.1,CRUZ_03,1,VERDE,0
intenso,1,FIXO,3290.1,CRUZ_04,1,VERDE,0
intenso,1,FIXO,3290.1,CRUZ_05,1,VERDE,0
intenso,1,FIXO,3290.1,CRUZ_06,1,VERDE,0
intenso,1,FIXO,3290.1,CRUZ_07,1,VERDE,0
intenso,1,FIXO,3290.1,CRUZ_08,1,VERDE,0
intenso,1,FIXO,3320.1,CRUZ_01,1,AMARELO,0
intenso,1,FIXO,3320.1,CRUZ_02,1,AMARELO,0
intenso,1,FIXO,3320.1,CRUZ_03,1,AMARELO,0
intenso,1,FIXO,3320.1,CRUZ_04,1,AMARELO,0
intenso,1,FIXO,3320.1,CRUZ_05,1,AMARELO,0
intenso,1,FIXO,3320.1,CRUZ_06,1,AMARELO,0
intenso,1,FIXO,3320.1,CRUZ_07,1,AMARELO,0
intenso,1,FIXO,3320.1,CRUZ_08,1,AMARELO,0
intenso,1,FIXO,3323.1,CRUZ_01,1,VERMELHO,0
intenso,1,FIXO,3323.1,CRUZ_02,1,VERMELHO,0
intenso,1,FIXO,3323.1,CRUZ_03,1,VERMELHO,0
intenso,1,FIXO,3323.1,CRUZ_04,1,VERMELHO,0
intenso,1,FIXO,3323.1,CRUZ_05,1,VERMELHO,0
intenso,1,FIXO,3323.1,CRUZ_06,1,VERMELHO,0
intenso,1,FIXO,3323.1,CRUZ_07,1,VERMELHO,0
intenso,1,FIXO,3323.1,CRUZ_08,1,VERMELHO,0
intenso,1,FIXO,3325.1,CRUZ_01,2,VERDE,0
intenso,1,FIXO,3325.1,CRUZ_02,2,VERDE,0
intenso,1,FIXO,3325.1,CRUZ_03,2,VERDE,0
intenso,1,FIXO,3325.1,CRUZ_04,2,VERDE,0
intenso,1,FIXO,3325.1,CRUZ_05,2,VERDE,0
intenso,1,FIXO,3325.1,CRUZ_06,2,VERDE,0
intenso,1,FIXO,3325.1,CRUZ_07,2,VERDE,0
intenso,1,FIXO,3325.1,CRUZ_08,2,VERDE,0
intenso,1,FIXO,3355.1,CRUZ_01,2,AMARELO,0
intenso,1,FIXO,3355.1,CRUZ_02,2,AMARELO,0
intenso,1,FIXO,3355.1,CRUZ_03,2,AMARELO,0
intenso,1,FIXO,3355.1,CRUZ_04,2,AMARELO,0
intenso,1,FIXO,3355.1,CRUZ_05,2,AMARELO,0
intenso,1,FIXO,3355.1,CRUZ_06,2,AMARELO,0
intenso,1,FIXO,3355.1,CRUZ_07,2,AMARELO,0
intenso,1,FIXO,3355.1,CRUZ_08,2,AMARELO,0
intenso,1,FIXO,3358.1,CRUZ_01,2,VERMELHO,0
intenso,1,FIXO,3358.1,CRUZ_02,2,VERMELHO,0
intenso,1,FIXO,3358.1,CRUZ_03,2,VERMELHO,0
intenso,1,FIXO,3358.1,CRUZ_04,2,VERMELHO,0
intenso,1,FIXO,3358.1,CRUZ_05,2,VERMELHO,0
intenso,1,FIXO,3358.1,CRUZ_06,2,VERMELHO,0
intenso,1,FIXO,3358.1,CRUZ_07,2,VERMELHO,0
intenso,1,FIXO,3358.1,CRUZ_08,2,VERMELHO,0
intenso,1,FIXO,3360.1,CRUZ_01,1,VERDE,0
intenso,1,FIXO,3360.1,CRUZ_02,1,VERDE,0
intenso,1,FIXO,3360.1,CRUZ_03,1,VERDE,0
intenso,1,FIXO,3360.1,CRUZ_04,1,VERDE,0
intenso,1,FIXO,3360.1,CRUZ_05,1,VERDE,0
intenso,1,FIXO,3360.1,CRUZ_06,1,VERDE,0
intenso,1,FIXO,3360.1,CRUZ_07,1,VERDE,0
intenso,1,FIXO,3360.1,CRUZ_08,1,VERDE,0
intenso,1,FIXO,3390.1,CRUZ_01,1,AMARELO,0
intenso,1,FIXO,3390.1,CRUZ_02,1,AMARELO,0
intenso,1,FIXO,3390.1,CRUZ_03,1,AMARELO,0
intenso,1,FIXO,3390.1,CRUZ_04,1,AMARELO,0
intenso,1,FIXO,3390.1,CRUZ_05,1,AMARELO,0
intenso,1,FIXO,3390.1,CRUZ_06,1,AMARELO,0
intenso,1,FIXO,3390.1,CRUZ_07,1,AMARELO,0
intenso,1,FIXO,3390.1,CRUZ_08,1,AMARELO,0
intenso,1,FIXO,3393.1,CRUZ_01,1,VERMELHO,0
intenso,1,FIXO,3393.1,CRUZ_02,1,VERMELHO,0
intenso,1,FIXO,3393.1,CRUZ_03,1,VERMELHO,0
intenso,1,FIXO,3393.1,CRUZ_04,1,VERMELHO,0
intenso,1,FIXO,3393.1,CRUZ_05,1,VERMELHO,0
intenso,1,FIXO,3393.1,CRUZ_06,1,VERMELHO,0
intenso,1,FIXO,3393.1,CRUZ_07,1,VERMELHO,0
intenso,1,FIXO,3393.1,CRUZ_08,1,VERMELHO,0
intenso,1,FIXO,3395.1,CRUZ_01,2,VERDE,0
intenso,1,FIXO,3395.1,CRUZ_02,2,VERDE,0
intenso,1,FIXO,3395.1,CRUZ_03,2,VERDE,0
intenso,1,FIXO,3395.1,CRUZ_04,2,VERDE,0
intenso,1,FIXO,3395.1,CRUZ_05,2,VERDE,0
intenso,1,FIXO,3395.1,CRUZ_06,2,VERDE,0
intenso,1,FIXO,3395.1,CRUZ_07,2,VERDE,0
intenso,1,FIXO,3395.1,CRUZ_08,2,VERDE,0
intenso,1,FIXO,3425.1,CRUZ_01,2,AMARELO,0
intenso,1,FIXO,3425.1,CRUZ_02,2,AMARELO,0
intenso,1,FIXO,3425.1,CRUZ_03,2,AMARELO,0
intenso,1,FIXO,3425.1,CRUZ_04,2,AMARELO,0
intenso,1,FIXO,3425.1,CRUZ_05,2,AMARELO,0
intenso,1,FIXO,3425.1,CRUZ_06,2,AMARELO,0
intenso,1,FIXO,3425.1,CRUZ_07,2,AMARELO,0
intenso,1,FIXO,3425.1,CRUZ_08,2,AMARELO,0
intenso,1,FIXO,3428.1,CRUZ_01,2,VERMELHO,0
intenso,1,FIXO,3428.1,CRUZ_02,2,VERMELHO,0
intenso,1,FIXO,3428.1,CRUZ_03,2,VERMELHO,0
intenso,1,FIXO,3428.1,CRUZ_04,2,VERMELHO,0
intenso,1,FIXO,3428.1,CRUZ_05,2,VERMELHO,0
intenso,1,FIXO,3428.1,CRUZ_06,2,VERMELHO,0
intenso,1,FIXO,3428.1,CRUZ_07,2,VERMELHO,0
intenso,1,FIXO,3428.1,CRUZ_08,2,VERMELHO,0
intenso,1,FIXO,3430.1,CRUZ_01,1,VERDE,0
intenso,1,FIXO,3430.1,CRUZ_02,1,VERDE,0
intenso,1,FIXO,3430.1,CRUZ_03,1,VERDE,0
intenso,1,FIXO,3430.1,CRUZ_04,1,VERDE,0
intenso,1,FIXO,3430.1,CRUZ_05,1,VERDE,0
intenso,1,FIXO,3430.1,CRUZ_06,1,VERDE,0
intenso,1,FIXO,3430.1,CRUZ_07,1,VERDE,0
intenso,1,FIXO,3430.1,CRUZ_08,1,VERDE,0
intenso,1,FIXO,3460.1,CRUZ_01,1,AMARELO,0
intenso,1,FIXO,3460.1,CRUZ_02,1,AMARELO,0
intenso,1,FIXO,3460.1,CRUZ_03,1,AMARELO,0
intenso,1,FIXO,3460.1,CRUZ_04,1,AMARELO,0
intenso,1,FIXO,3460.1,CRUZ_05,1,AMARELO,0
intenso,1,FIXO,3460.1,CRUZ_06,1,AMARELO,0
intenso,1,FIXO,3460.1,CRUZ_07,1,AMARELO,0
intenso,1,FIXO,3460.1,CRUZ_08,1,AMARELO,0
intenso,1,FIXO,3463.1,CRUZ_01,1,VERMELHO,0
intenso,1,FIXO,3463.1,CRUZ_02,1,VERMELHO,0
intenso,1,FIXO,3463.1,CRUZ_03,1,VERMELHO,0
intenso,1,FIXO,3463.1,CRUZ_04,1,VERMELHO,0
intenso,1,FIXO,3463.1,CRUZ_05,1,VERMELHO,0
intenso,1,FIXO,3463.1,CRUZ_06,1,VERMELHO,0
intenso,1,FIXO,3463.1,CRUZ_07,1,VERMELHO,0
intenso,1,FIXO,3463.1,CRUZ_08,1,VERMELHO,0
intenso,1,FIXO,3465.1,CRUZ_01,2,VERDE,0
intenso,1,FIXO,3465.1,CRUZ_02,2,VERDE,0
intenso,1,FIXO,3465.1,CRUZ_03,2,VERDE,0
intenso,1,FIXO,3465.1,CRUZ_04,2,VERDE,0
intenso,1,FIXO,3465.1,CRUZ_05,2,VERDE,0
intenso,1,FIXO,3465.1,CRUZ_06,2,VERDE,0
intenso,1,FIXO,3465.1,CRUZ_07,2,VERDE,0
intenso,1,FIXO,3465.1,CRUZ_08,2,VERDE,0
intenso,1,FIXO,3495.1,CRUZ_01,2,AMARELO,0
intenso,1,FIXO,3495.1,CRUZ_02,2,AMARELO,0
intenso,1,FIXO,3495.1,CRUZ_03,2,AMARELO,0
intenso,1,FIXO,3495.1,CRUZ_04,2,AMARELO,0
intenso,1,FIXO,3495.1,CRUZ_05,2,AMARELO,0
intenso,1,FIXO,3495.1,CRUZ_06,2,AMARELO,0
intenso,1,FIXO,3495.1,CRUZ_07,2,AMARELO,0
intenso,1,FIXO,3495.1,CRUZ_08,2,AMARELO,0
intenso,1,FIXO,3498.1,CRUZ_01,2,VERMELHO,0
intenso,1,FIXO,3498.1,CRUZ_02,2,VERMELHO,0
intenso,1,FIXO,3498.1,CRUZ_03,2,VERMELHO,0
intenso,1,FIXO,3498.1,CRUZ_04,2,VERMELHO,0
intenso,1,FIXO,3498.1,CRUZ_05,2,VERMELHO,0
intenso,1,FIXO,3498.1,CRUZ_06,2,VERMELHO,0
intenso,1,FIXO,3498.1,CRUZ_07,2,VERMELHO,0
intenso,1,FIXO,3498.1,CRUZ_08,2,VERMELHO,0
intenso,1,FIXO,3500.1,CRUZ_01,1,VERDE,0
intenso,1,FIXO,3500.1,CRUZ_02,1,VERDE,0
intenso,1,FIXO,3500.1,CRUZ_03,1,VERDE,0
intenso,1,FIXO,3500.1,CRUZ_04,1,VERDE,0
intenso,1,FIXO,3500.1,CRUZ_05,1,VERDE,0
intenso,1,FIXO,3500.1,CRUZ_06,1,VERDE,0
intenso,1,FIXO,3500.1,CRUZ_07,1,VERDE,0
intenso,1,FIXO,3500.1,CRUZ_08,1,VERDE,0
intenso,1,FIXO,3530.1,CRUZ_01,1,AMARELO,0
intenso,1,FIXO,3530.1,CRUZ_02,1,AMARELO,0
intenso,1,FIXO,3530.1,CRUZ_03,1,AMARELO,0
intenso,1,FIXO,3530.1,CRUZ_04,1,AMARELO,0
intenso,1,FIXO,3530.1,CRUZ_05,1,AMARELO,0
intenso,1,FIXO,3530.1,CRUZ_06,1,AMARELO,0
intenso,1,FIXO,3530.1,CRUZ_07,1,AMARELO,0
intenso,1,FIXO,3530.1,CRUZ_08,1,AMARELO,0
intenso,1,FIXO,3533.1,CRUZ_01,1,VERMELHO,0
intenso,1,FIXO,3533.1,CRUZ_02,1,VERMELHO,0
intenso,1,FIXO,3533.1,CRUZ_03,1,VERMELHO,0
intenso,1,FIXO,3533.1,CRUZ_04,1,VERMELHO,0
intenso,1,FIXO,3533.1,CRUZ_05,1,VERMELHO,0
intenso,1,FIXO,3533.1,CRUZ_06,1,VERMELHO,0
intenso,1,FIXO,3533.1,CRUZ_07,1,VERMELHO,0
intenso,1,FIXO,3533.1,CRUZ_08,1,VERMELHO,0
intenso,1,FIXO,3535.1,CRUZ_01,2,VERDE,0
intenso,1,FIXO,3535.1,CRUZ_02,2,VERDE,0
intenso,1,FIXO,3535.1,CRUZ_03,2,VERDE,0
intenso,1,FIXO,3535.1,CRUZ_04,2,VERDE,0
intenso,1,FIXO,3535.1,CRUZ_05,2,VERDE,0
intenso,1,FIXO,3535.1,CRUZ_06,2,VERDE,0
intenso,1,FIXO,3535.1,CRUZ_07,2,VERDE,0
intenso,1,FIXO,3535.1,CRUZ_08,2,VERDE,0
intenso,1,FIXO,3565.1,CRUZ_01,2,AMARELO,0
intenso,1,FIXO,3565.1,CRUZ_02,2,AMARELO,0
intenso,1,FIXO,3565.1,CRUZ_03,2,AMARELO,0
intenso,1,FIXO,3565.1,CRUZ_04,2,AMARELO,0
intenso,1,FIXO,3565.1,CRUZ_05,2,AMARELO,0
intenso,1,FIXO,3565.1,CRUZ_06,2,AMARELO,0
intenso,1,FIXO,3565.1,CRUZ_07,2,AMARELO,0
intenso,1,FIXO,3565.1,CRUZ_08,2,AMARELO,0
intenso,1,FIXO,3568.1,CRUZ_01,2,VERMELHO,0
intenso,1,FIXO,3568.1,CRUZ_02,2,VERMELHO,0
intenso,1,FIXO,3568.1,CRUZ_03,2,VERMELHO,0
intenso,1,FIXO,3568.1,CRUZ_04,2,VERMELHO,0
intenso,1,FIXO,3568.1,CRUZ_05,2,VERMELHO,0
intenso,1,FIXO,3568.1,CRUZ_06,2,VERMELHO,0
intenso,1,FIXO,3568.1,CRUZ_07,2,VERMELHO,0
intenso,1,FIXO,3568.1,CRUZ_08,2,VERMELHO,0
intenso,1,FIXO,3570.1,CRUZ_01,1,VERDE,0
intenso,1,FIXO,3570.1,CRUZ_02,1,VERDE,0
intenso,1,FIXO,3570.1,CRUZ_03,1,VERDE,0
intenso,1,FIXO,3570.1,CRUZ_04,1,VERDE,0
intenso,1,FIXO,3570.1,CRUZ_05,1,VERDE,0
intenso,1,FIXO,3570.1,CRUZ_06,1,VERDE,0
intenso,1,FIXO,3570.1,CRUZ_07,1,VERDE,0
intenso,1,FIXO,3570.1,CRUZ_08,1,VERDE,0
intenso,1,PREEMPCAO,30.0,CRUZ_01,1,AMARELO,0
intenso,1,PREEMPCAO,30.0,CRUZ_02,1,AMARELO,0
intenso,1,PREEMPCAO,30.0,CRUZ_03,1,AMARELO,0
intenso,1,PREEMPCAO,30.0,CRUZ_04,1,AMARELO,0
intenso,1,PREEMPCAO,30.0,CRUZ_05,1,AMARELO,0
intenso,1,PREEMPCAO,30.0,CRUZ_06,1,AMARELO,0
intenso,1,PREEMPCAO,30.0,CRUZ_07,1,AMARELO,0
intenso,1,PREEMPCAO,30.0,CRUZ_08,1,AMARELO,0
intenso,1,PREEMPCAO,33.0,CRUZ_01,1,VERMELHO,0
intenso,1,PREEMPCAO,33.0,CRUZ_02,1,VERMELHO,0
intenso,1,PREEMPCAO,33.0,CRUZ_03,1,VERMELHO,0
intenso,1,PREEMPCAO,33.0,CRUZ_04,1,VERMELHO,0
intenso,1,PREEMPCAO,33.0,CRUZ_05,1,VERMELHO,0
intenso,1,PREEMPCAO,33.0,CRUZ_06,1,VERMELHO,0
intenso,1,PREEMPCAO,33.0,CRUZ_07,1,VERMELHO,0
intenso,1,PREEMPCAO,33.0,CRUZ_08,1,VERMELHO,0
intenso,1,PREEMPCAO,35.0,CRUZ_01,2,VERDE,0
intenso,1,PREEMPCAO,35.0,CRUZ_02,2,VERDE,0
intenso,1,PREEMPCAO,35.0,CRUZ_03,2,VERDE,0
intenso,1,PREEMPCAO,35.0,CRUZ_04,2,VERDE,0
intenso,1,PREEMPCAO,35.0,CRUZ_05,2,VERDE,0
intenso,1,PREEMPCAO,35.0,CRUZ_06,2,VERDE,0
intenso,1,PREEMPCAO,35.0,CRUZ_07,2,VERDE,0
intenso,1,PREEMPCAO,35.0,CRUZ_08,2,VERDE,0
intenso,1,PREEMPCAO,65.0,CRUZ_01,2,AMARELO,0
intenso,1,PREEMPCAO,65.0,CRUZ_02,2,AMARELO,0
intenso,1,PREEMPCAO,65.0,CRUZ_03,2,AMARELO,0
intenso,1,PREEMPCAO,65.0,CRUZ_04,2,AMARELO,0
intenso,1,PREEMPCAO,65.0,CRUZ_05,2,AMARELO,0
intenso,1,PREEMPCAO,65.0,CRUZ_06,2,AMARELO,0
intenso,1,PREEMPCAO,65.0,CRUZ_07,2,AMARELO,0
intenso,1,PREEMPCAO,65.0,CRUZ_08,2,AMARELO,0
intenso,1,PREEMPCAO,68.0,CRUZ_01,2,VERMELHO,0
intenso,1,PREEMPCAO,68.0,CRUZ_02,2,VERMELHO,0
intenso,1,PREEMPCAO,68.0,CRUZ_03,2,VERMELHO,0
intenso,1,PREEMPCAO,68.0,CRUZ_04,2,VERMELHO,0
intenso,1,PREEMPCAO,68.0,CRUZ_05,2,VERMELHO,0
intenso,1,PREEMPCAO,68.0,CRUZ_06,2,VERMELHO,0
intenso,1,PREEMPCAO,68.0,CRUZ_07,2,VERMELHO,0
intenso,1,PREEMPCAO,68.0,CRUZ_08,2,VERMELHO,0
intenso,1,PREEMPCAO,70.0,CRUZ_01,1,VERDE,0
intenso,1,PREEMPCAO,70.0,CRUZ_02,1,VERDE,0
intenso,1,PREEMPCAO,70.0,CRUZ_03,1,VERDE,0
intenso,1,PREEMPCAO,70.0,CRUZ_04,1,VERDE,0
intenso,1,PREEMPCAO,70.0,CRUZ_05,1,VERDE,0
intenso,1,PREEMPCAO,70.0,CRUZ_06,1,VERDE,0
intenso,1,PREEMPCAO,70.0,CRUZ_07,1,VERDE,0
intenso,1,PREEMPCAO,70.0,CRUZ_08,1,VERDE,0
intenso,1,PREEMPCAO,100.0,CRUZ_01,1,AMARELO,0
intenso,1,PREEMPCAO,100.0,CRUZ_02,1,AMARELO,0
intenso,1,PREEMPCAO,100.0,CRUZ_03,1,AMARELO,0
intenso,1,PREEMPCAO,100.0,CRUZ_04,1,AMARELO,0
intenso,1,PREEMPCAO,100.0,CRUZ_05,1,AMARELO,0
intenso,1,PREEMPCAO,100.0,CRUZ_06,1,AMARELO,0
intenso,1,PREEMPCAO,100.0,CRUZ_07,1,AMARELO,0
intenso,1,PREEMPCAO,100.0,CRUZ_08,1,AMARELO,0
intenso,1,PREEMPCAO,103.0,CRUZ_01,1,VERMELHO,0
intenso,1,PREEMPCAO,103.0,CRUZ_02,1,VERMELHO,0
intenso,1,PREEMPCAO,103.0,CRUZ_03,1,VERMELHO,0
intenso,1,PREEMPCAO,103.0,CRUZ_04,1,VERMELHO,0
intenso,1,PREEMPCAO,103.0,CRUZ_05,1,VERMELHO,0
intenso,1,PREEMPCAO,103.0,CRUZ_06,1,VERMELHO,0
intenso,1,PREEMPCAO,103.0,CRUZ_07,1,VERMELHO,0
intenso,1,PREEMPCAO,103.0,CRUZ_08,1,VERMELHO,0
intenso,1,PREEMPCAO,105.0,CRUZ_01,2,VERDE,0
intenso,1,PREEMPCAO,105.0,CRUZ_02,2,VERDE,0
intenso,1,PREEMPCAO,105.0,CRUZ_03,2,VERDE,0
intenso,1,PREEMPCAO,105.0,CRUZ_04,2,VERDE,0
intenso,1,PREEMPCAO,105.0,CRUZ_05,2,VERDE,0
intenso,1,PREEMPCAO,105.0,CRUZ_06,2,VERDE,0
intenso,1,PREEMPCAO,105.0,CRUZ_07,2,VERDE,0
intenso,1,PREEMPCAO,105.0,CRUZ_08,2,VERDE,0
intenso,1,PREEMPCAO,135.0,CRUZ_01,2,AMARELO,0
intenso,1,PREEMPCAO,135.0,CRUZ_02,2,AMARELO,0
intenso,1,PREEMPCAO,135.0,CRUZ_03,2,AMARELO,0
intenso,1,PREEMPCAO,135.0,CRUZ_04,2,AMARELO,0
intenso,1,PREEMPCAO,135.0,CRUZ_05,2,AMARELO,0
intenso,1,PREEMPCAO,135.0,CRUZ_06,2,AMARELO,0
intenso,1,PREEMPCAO,135.0,CRUZ_07,2,AMARELO,0
intenso,1,PREEMPCAO,135.0,CRUZ_08,2,AMARELO,0
intenso,1,PREEMPCAO,138.0,CRUZ_01,2,VERMELHO,0
intenso,1,PREEMPCAO,138.0,CRUZ_02,2,VERMELHO,0
intenso,1,PREEMPCAO,138.0,CRUZ_03,2,VERMELHO,0
intenso,1,PREEMPCAO,138.0,CRUZ_04,2,VERMELHO,0
intenso,1,PREEMPCAO,138.0,CRUZ_05,2,VERMELHO,0
intenso,1,PREEMPCAO,138.0,CRUZ_06,2,VERMELHO,0
intenso,1,PREEMPCAO,138.0,CRUZ_07,2,VERMELHO,0
intenso,1,PREEMPCAO,138.0,CRUZ_08,2,VERMELHO,0
intenso,1,PREEMPCAO,140.0,CRUZ_01,1,VERDE,0
intenso,1,PREEMPCAO,140.0,CRUZ_02,1,VERDE,0
intenso,1,PREEMPCAO,140.0,CRUZ_03,1,VERDE,0
intenso,1,PREEMPCAO,140.0,CRUZ_04,1,VERDE,0
intenso,1,PREEMPCAO,140.0,CRUZ_05,1,VERDE,0
intenso,1,PREEMPCAO,140.0,CRUZ_06,1,VERDE,0
intenso,1,PREEMPCAO,140.0,CRUZ_07,1,VERDE,0
intenso,1,PREEMPCAO,140.0,CRUZ_08,1,VERDE,0
intenso,1,PREEMPCAO,170.0,CRUZ_01,1,AMARELO,0
intenso,1,PREEMPCAO,170.0,CRUZ_02,1,AMARELO,0
intenso,1,PREEMPCAO,170.0,CRUZ_03,1,AMARELO,0
intenso,1,PREEMPCAO,170.0,CRUZ_04,1,AMARELO,0
intenso,1,PREEMPCAO,170.0,CRUZ_05,1,AMARELO,0
intenso,1,PREEMPCAO,170.0,CRUZ_06,1,AMARELO,0
intenso,1,PREEMPCAO,170.0,CRUZ_07,1,AMARELO,0
intenso,1,PREEMPCAO,170.0,CRUZ_08,1,AMARELO,0
intenso,1,PREEMPCAO,173.0,CRUZ_01,1,VERMELHO,0
intenso,1,PREEMPCAO,173.0,CRUZ_02,1,VERMELHO,0
intenso,1,PREEMPCAO,173.0,CRUZ_03,1,VERMELHO,0
intenso,1,PREEMPCAO,173.0,CRUZ_04,1,VERMELHO,0
intenso,1,PREEMPCAO,173.0,CRUZ_05,1,VERMELHO,0
intenso,1,PREEMPCAO,173.0,CRUZ_06,1,VERMELHO,0
intenso,1,PREEMPCAO,173.0,CRUZ_07,1,VERMELHO,0
intenso,1,PREEMPCAO,173.0,CRUZ_08,1,VERMELHO,0
intenso,1,PREEMPCAO,175.0,CRUZ_01,2,VERDE,0
intenso,1,PREEMPCAO,175.0,CRUZ_02,2,VERDE,0
intenso,1,PREEMPCAO,175.0,CRUZ_03,2,VERDE,0
intenso,1,PREEMPCAO,175.0,CRUZ_04,2,VERDE,0
intenso,1,PREEMPCAO,175.0,CRUZ_05,2,VERDE,0
intenso,1,PREEMPCAO,175.0,CRUZ_06,2,VERDE,0
intenso,1,PREEMPCAO,175.0,CRUZ_07,2,VERDE,0
intenso,1,PREEMPCAO,175.0,CRUZ_08,2,VERDE,0
intenso,1,PREEMPCAO,205.0,CRUZ_01,2,AMARELO,0
intenso,1,PREEMPCAO,205.0,CRUZ_02,2,AMARELO,0
intenso,1,PREEMPCAO,205.0,CRUZ_03,2,AMARELO,0
intenso,1,PREEMPCAO,205.0,CRUZ_04,2,AMARELO,0
intenso,1,PREEMPCAO,205.0,CRUZ_05,2,AMARELO,0
intenso,1,PREEMPCAO,205.0,CRUZ_06,2,AMARELO,0
intenso,1,PREEMPCAO,205.0,CRUZ_07,2,AMARELO,0
intenso,1,PREEMPCAO,205.0,CRUZ_08,2,AMARELO,0
intenso,1,PREEMPCAO,208.0,CRUZ_01,2,VERMELHO,0
intenso,1,PREEMPCAO,208.0,CRUZ_02,2,VERMELHO,0
intenso,1,PREEMPCAO,208.0,CRUZ_03,2,VERMELHO,0
intenso,1,PREEMPCAO,208.0,CRUZ_04,2,VERMELHO,0
intenso,1,PREEMPCAO,208.0,CRUZ_05,2,VERMELHO,0
intenso,1,PREEMPCAO,208.0,CRUZ_06,2,VERMELHO,0
intenso,1,PREEMPCAO,208.0,CRUZ_07,2,VERMELHO,0
intenso,1,PREEMPCAO,208.0,CRUZ_08,2,VERMELHO,0
intenso,1,PREEMPCAO,210.0,CRUZ_01,1,VERDE,0
intenso,1,PREEMPCAO,210.0,CRUZ_02,1,VERDE,0
intenso,1,PREEMPCAO,210.0,CRUZ_03,1,VERDE,0
intenso,1,PREEMPCAO,210.0,CRUZ_04,1,VERDE,0
intenso,1,PREEMPCAO,210.0,CRUZ_05,1,VERDE,0
intenso,1,PREEMPCAO,210.0,CRUZ_06,1,VERDE,0
intenso,1,PREEMPCAO,210.0,CRUZ_07,1,VERDE,0
intenso,1,PREEMPCAO,210.0,CRUZ_08,1,VERDE,0
intenso,1,PREEMPCAO,240.0,CRUZ_01,1,AMARELO,0
intenso,1,PREEMPCAO,240.0,CRUZ_02,1,AMARELO,0
intenso,1,PREEMPCAO,240.0,CRUZ_03,1,AMARELO,0
intenso,1,PREEMPCAO,240.0,CRUZ_04,1,AMARELO,0
intenso,1,PREEMPCAO,240.0,CRUZ_05,1,AMARELO,0
intenso,1,PREEMPCAO,240.0,CRUZ_06,1,AMARELO,0
intenso,1,PREEMPCAO,240.0,CRUZ_07,1,AMARELO,0
intenso,1,PREEMPCAO,240.0,CRUZ_08,1,AMARELO,0
intenso,1,PREEMPCAO,243.0,CRUZ_01,1,VERMELHO,0
intenso,1,PREEMPCAO,243.0,CRUZ_02,1,VERMELHO,0
intenso,1,PREEMPCAO,243.0,CRUZ_03,1,VERMELHO,0
intenso,1,PREEMPCAO,243.0,CRUZ_04,1,VERMELHO,0
intenso,1,PREEMPCAO,243.0,CRUZ_05,1,VERMELHO,0
intenso,1,PREEMPCAO,243.0,CRUZ_06,1,VERMELHO,0
intenso,1,PREEMPCAO,243.0,CRUZ_07,1,VERMELHO,0
intenso,1,PREEMPCAO,243.0,CRUZ_08,1,VERMELHO,0
intenso,1,PREEMPCAO,245.0,CRUZ_01,2,VERDE,0
intenso,1,PREEMPCAO,245.0,CRUZ_02,2,VERDE,0
intenso,1,PREEMPCAO,245.0,CRUZ_03,2,VERDE,0
intenso,1,PREEMPCAO,245.0,CRUZ_04,2,VERDE,0
intenso,1,PREEMPCAO,245.0,CRUZ_05,2,VERDE,0
intenso,1,PREEMPCAO,245.0,CRUZ_06,2,VERDE,0
intenso,1,PREEMPCAO,245.0,CRUZ_07,2,VERDE,0
intenso,1,PREEMPCAO,245.0,CRUZ_08,2,VERDE,0
intenso,1,PREEMPCAO,275.0,CRUZ_01,2,AMARELO,0
intenso,1,PREEMPCAO,275.0,CRUZ_02,2,AMARELO,0
intenso,1,PREEMPCAO,275.0,CRUZ_03,2,AMARELO,0
intenso,1,PREEMPCAO,275.0,CRUZ_04,2,AMARELO,0
intenso,1,PREEMPCAO,275.0,CRUZ_05,2,AMARELO,0
intenso,1,PREEMPCAO,275.0,CRUZ_06,2,AMARELO,0
intenso,1,PREEMPCAO,275.0,CRUZ_07,2,AMARELO,0
intenso,1,PREEMPCAO,275.0,CRUZ_08,2,AMARELO,0
intenso,1,PREEMPCAO,278.0,CRUZ_01,2,VERMELHO,0
intenso,1,PREEMPCAO,278.0,CRUZ_02,2,VERMELHO,0
intenso,1,PREEMPCAO,278.0,CRUZ_03,2,VERMELHO,0
intenso,1,PREEMPCAO,278.0,CRUZ_04,2,VERMELHO,0
intenso,1,PREEMPCAO,278.0,CRUZ_05,2,VERMELHO,0
intenso,1,PREEMPCAO,278.0,CRUZ_06,2,VERMELHO,0
intenso,1,PREEMPCAO,278.0,CRUZ_07,2,VERMELHO,0
intenso,1,PREEMPCAO,278.0,CRUZ_08,2,VERMELHO,0
intenso,1,PREEMPCAO,280.0,CRUZ_01,1,VERDE,0
intenso,1,PREEMPCAO,280.0,CRUZ_02,1,VERDE,0
intenso,1,PREEMPCAO,280.0,CRUZ_03,1,VERDE,0
intenso,1,PREEMPCAO,280.0,CRUZ_04,1,VERDE,0
intenso,1,PREEMPCAO,280.0,CRUZ_05,1,VERDE,0
intenso,1,PREEMPCAO,280.0,CRUZ_06,1,VERDE,0
intenso,1,PREEMPCAO,280.0,CRUZ_07,1,VERDE,0
intenso,1,PREEMPCAO,280.0,CRUZ_08,1,VERDE,0
intenso,1,PREEMPCAO,310.0,CRUZ_01,1,AMARELO,0
intenso,1,PREEMPCAO,310.0,CRUZ_02,1,AMARELO,0
intenso,1,PREEMPCAO,310.0,CRUZ_03,1,AMARELO,0
intenso,1,PREEMPCAO,310.0,CRUZ_04,1,AMARELO,0
intenso,1,PREEMPCAO,310.0,CRUZ_05,1,AMARELO,0
intenso,1,PREEMPCAO,310.0,CRUZ_06,1,AMARELO,0
intenso,1,PREEMPCAO,310.0,CRUZ_07,1,AMARELO,0
intenso,1,PREEMPCAO,310.0,CRUZ_08,1,AMARELO,0
intenso,1,PREEMPCAO,313.0,CRUZ_01,1,VERMELHO,0
intenso,1,PREEMPCAO,313.0,CRUZ_02,1,VERMELHO,0
intenso,1,PREEMPCAO,313.0,CRUZ_03,1,VERMELHO,0
intenso,1,PREEMPCAO,313.0,CRUZ_04,1,VERMELHO,0
intenso,1,PREEMPCAO,313.0,CRUZ_05,1,VERMELHO,0
intenso,1,PREEMPCAO,313.0,CRUZ_06,1,VERMELHO,0
intenso,1,PREEMPCAO,313.0,CRUZ_07,1,VERMELHO,0
intenso,1,PREEMPCAO,313.0,CRUZ_08,1,VERMELHO,0
intenso,1,PREEMPCAO,315.0,CRUZ_01,2,VERDE,0
intenso,1,PREEMPCAO,315.0,CRUZ_02,2,VERDE,0
intenso,1,PREEMPCAO,315.0,CRUZ_03,2,VERDE,0
intenso,1,PREEMPCAO,315.0,CRUZ_04,2,VERDE,0
intenso,1,PREEMPCAO,315.0,CRUZ_05,2,VERDE,0
intenso,1,PREEMPCAO,315.0,CRUZ_06,2,VERDE,0
intenso,1,PREEMPCAO,315.0,CRUZ_07,2,VERDE,0
intenso,1,PREEMPCAO,315.0,CRUZ_08,2,VERDE,0
intenso,1,PREEMPCAO,322.0,CRUZ_01,2,AMARELO,1
intenso,1,PREEMPCAO,325.0,CRUZ_01,2,VERMELHO,1
intenso,1,PREEMPCAO,327.0,CRUZ_01,1,VERDE,1
intenso,1,PREEMPCAO,339.3,CRUZ_02,2,AMARELO,1
intenso,1,PREEMPCAO,342.3,CRUZ_02,2,VERMELHO,1
intenso,1,PREEMPCAO,344.3,CRUZ_02,1,VERDE,1
intenso,1,PREEMPCAO,345.0,CRUZ_03,2,AMARELO,0
intenso,1,PREEMPCAO,345.0,CRUZ_04,2,AMARELO,0
intenso,1,PREEMPCAO,345.0,CRUZ_05,2,AMARELO,0
intenso,1,PREEMPCAO,345.0,CRUZ_06,2,AMARELO,0
intenso,1,PREEMPCAO,345.0,CRUZ_07,2,AMARELO,0
intenso,1,PREEMPCAO,345.0,CRUZ_08,2,AMARELO,0
intenso,1,PREEMPCAO,348.0,CRUZ_03,2,VERMELHO,0
intenso,1,PREEMPCAO,348.0,CRUZ_04,2,VERMELHO,0
intenso,1,PREEMPCAO,348.0,CRUZ_05,2,VERMELHO,0
intenso,1,PREEMPCAO,348.0,CRUZ_06,2,VERMELHO,0
intenso,1,PREEMPCAO,348.0,CRUZ_07,2,VERMELHO,0
intenso,1,PREEMPCAO,348.0,CRUZ_08,2,VERMELHO,0
intenso,1,PREEMPCAO,350.0,CRUZ_03,1,VERDE,0
intenso,1,PREEMPCAO,350.0,CRUZ_04,1,VERDE,0
intenso,1,PREEMPCAO,350.0,CRUZ_05,1,VERDE,0
intenso,1,PREEMPCAO,350.0,CRUZ_06,1,VERDE,0
intenso,1,PREEMPCAO,350.0,CRUZ_07,1,VERDE,0
intenso,1,PREEMPCAO,350.0,CRUZ_08,1,VERDE,0
intenso,1,PREEMPCAO,357.0,CRUZ_01,1,AMARELO,0
intenso,1,PREEMPCAO,360.0,CRUZ_01,1,VERMELHO,0
intenso,1,PREEMPCAO,362.0,CRUZ_01,2,VERDE,0
intenso,1,PREEMPCAO,374.3,CRUZ_02,1,AMARELO,0
intenso,1,PREEMPCAO,377.3,CRUZ_02,1,VERMELHO,0
intenso,1,PREEMPCAO,379.3,CRUZ_02,2,VERDE,0
intenso,1,PREEMPCAO,380.0,CRUZ_03,1,AMARELO,0
intenso,1,PREEMPCAO,380.0,CRUZ_04,1,AMARELO,0
intenso,1,PREEMPCAO,380.0,CRUZ_05,1,AMARELO,0
intenso,1,PREEMPCAO,380.0,CRUZ_06,1,AMARELO,0
intenso,1,PREEMPCAO,380.0,CRUZ_07,1,AMARELO,0
intenso,1,PREEMPCAO,380.0,CRUZ_08,1,AMARELO,0
intenso,1,PREEMPCAO,383.0,CRUZ_03,1,VERMELHO,0
intenso,1,PREEMPCAO,383.0,CRUZ_04,1,VERMELHO,0
intenso,1,PREEMPCAO,383.0,CRUZ_05,1,VERMELHO,0
intenso,1,PREEMPCAO,383.0,CRUZ_06,1,VERMELHO,0
intenso,1,PREEMPCAO,383.0,CRUZ_07,1,VERMELHO,0
intenso,1,PREEMPCAO,383.0,CRUZ_08,1,VERMELHO,0
intenso,1,PREEMPCAO,385.0,CRUZ_03,2,VERDE,0
intenso,1,PREEMPCAO,385.0,CRUZ_04,2,VERDE,0
intenso,1,PREEMPCAO,385.0,CRUZ_05,2,VERDE,0
intenso,1,PREEMPCAO,385.0,CRUZ_06,2,VERDE,0
intenso,1,PREEMPCAO,385.0,CRUZ_07,2,VERDE,0
intenso,1,PREEMPCAO,385.0,CRUZ_08,2,VERDE,0
intenso,1,PREEMPCAO,392.0,CRUZ_01,2,AMARELO,0
intenso,1,PREEMPCAO,392.0,CRUZ_03,2,AMARELO,1
intenso,1,PREEMPCAO,395.0,CRUZ_01,2,VERMELHO,0
intenso,1,PREEMPCAO,395.0,CRUZ_03,2,VERMELHO,1
intenso,1,PREEMPCAO,397.0,CRUZ_01,1,VERDE,0
intenso,1,PREEMPCAO,397.0,CRUZ_03,1,VERDE,1
intenso,1,PREEMPCAO,409.3,CRUZ_02,2,AMARELO,0
intenso,1,PREEMPCAO,412.3,CRUZ_02,2,VERMELHO,0
intenso,1,PREEMPCAO,414.3,CRUZ_02,1,VERDE,0
intenso,1,PREEMPCAO,415.0,CRUZ_04,2,AMARELO,0
intenso,1,PREEMPCAO,415.0,CRUZ_05,2,AMARELO,0
intenso,1,PREEMPCAO,415.0,CRUZ_06,2,AMARELO,0
intenso,1,PREEMPCAO,415.0,CRUZ_07,2,AMARELO,0
intenso,1,PREEMPCAO,415.0,CRUZ_08,2,AMARELO,0
intenso,1,PREEMPCAO,418.0,CRUZ_04,2,VERMELHO,0
intenso,1,PREEMPCAO,418.0,CRUZ_05,2,VERMELHO,0
intenso,1,PREEMPCAO,418.0,CRUZ_06,2,VERMELHO,0
intenso,1,PREEMPCAO,418.0,CRUZ_07,2,VERMELHO,0
intenso,1,PREEMPCAO,418.0,CRUZ_08,2,VERMELHO,0
intenso,1,PREEMPCAO,420.0,CRUZ_04,1,VERDE,0
intenso,1,PREEMPCAO,420.0,CRUZ_05,1,VERDE,0
intenso,1,PREEMPCAO,420.0,CRUZ_06,1,VERDE,0
intenso,1,PREEMPCAO,420.0,CRUZ_07,1,VERDE,0
intenso,1,PREEMPCAO,420.0,CRUZ_08,1,VERDE,0
intenso,1,PREEMPCAO,427.0,CRUZ_01,1,AMARELO,0
intenso,1,PREEMPCAO,427.0,CRUZ_03,1,AMARELO,0
intenso,1,PREEMPCAO,430.0,CRUZ_01,1,VERMELHO,0
intenso,1,PREEMPCAO,430.0,CRUZ_03,1,VERMELHO,0
intenso,1,PREEMPCAO,432.0,CRUZ_01,2,VERDE,0
intenso,1,PREEMPCAO,432.0,CRUZ_03,2,VERDE,0
intenso,1,PREEMPCAO,444.3,CRUZ_02,1,AMARELO,0
intenso,1,PREEMPCAO,447.3,CRUZ_02,1,VERMELHO,0
intenso,1,PREEMPCAO,449.3,CRUZ_02,2,VERDE,0
intenso,1,PREEMPCAO,450.0,CRUZ_04,1,AMARELO,0
intenso,1,PREEMPCAO,450.0,CRUZ_05,1,AMARELO,0
intenso,1,PREEMPCAO,450.0,CRUZ_06,1,AMARELO,0
intenso,1,PREEMPCAO,450.0,CRUZ_07,1,AMARELO,0
intenso,1,PREEMPCAO,450.0,CRUZ_08,1,AMARELO,0
intenso,1,PREEMPCAO,453.0,CRUZ_04,1,VERMELHO,0
intenso,1,PREEMPCAO,453.0,CRUZ_05,1,VERMELHO,0
intenso,1,PREEMPCAO,453.0,CRUZ_06,1,VERMELHO,0
intenso,1,PREEMPCAO,453.0,CRUZ_07,1,VERMELHO,0
intenso,1,PREEMPCAO,453.0,CRUZ_08,1,VERMELHO,0
intenso,1,PREEMPCAO,455.0,CRUZ_04,2,VERDE,0
intenso,1,PREEMPCAO,455.0,CRUZ_05,2,VERDE,0
intenso,1,PREEMPCAO,455.0,CRUZ_06,2,VERDE,0
intenso,1,PREEMPCAO,455.0,CRUZ_07,2,VERDE,0
intenso,1,PREEMPCAO,455.0,CRUZ_08,2,VERDE,0
intenso,1,PREEMPCAO,462.0,CRUZ_01,2,AMARELO,0
intenso,1,PREEMPCAO,462.0,CRUZ_03,2,AMARELO,0
intenso,1,PREEMPCAO,462.0,CRUZ_04,2,AMARELO,1
intenso,1,PREEMPCAO,465.0,CRUZ_01,2,VERMELHO,0
intenso,1,PREEMPCAO,465.0,CRUZ_03,2,VERMELHO,0
intenso,1,PREEMPCAO,465.0,CRUZ_04,2,VERMELHO,1
intenso,1,PREEMPCAO,467.0,CRUZ_01,1,VERDE,0
intenso,1,PREEMPCAO,467.0,CRUZ_03,1,VERDE,0
intenso,1,PREEMPCAO,467.0,CRUZ_04,1,VERDE,1
intenso,1,PREEMPCAO,479.3,CRUZ_02,2,AMARELO,0
intenso,1,PREEMPCAO,482.3,CRUZ_02,2,VERMELHO,0
intenso,1,PREEMPCAO,484.3,CRUZ_02,1,VERDE,0
intenso,1,PREEMPCAO,485.0,CRUZ_05,2,AMARELO,0
intenso,1,PREEMPCAO,485.0,CRUZ_06,2,AMARELO,0
intenso,1,PREEMPCAO,485.0,CRUZ_07,2,AMARELO,0
intenso,1,PREEMPCAO,485.0,CRUZ_08,2,AMARELO,0
intenso,1,PREEMPCAO,488.0,CRUZ_05,2,VERMELHO,0
intenso,1,PREEMPCAO,488.0,CRUZ_06,2,VERMELHO,0
intenso,1,PREEMPCAO,488.0,CRUZ_07,2,VERMELHO,0
intenso,1,PREEMPCAO,488.0,CRUZ_08,2,VERMELHO,0
intenso,1,PREEMPCAO,490.0,CRUZ_05,1,VERDE,0
intenso,1,PREEMPCAO,490.0,CRUZ_06,1,VERDE,0
intenso,1,PREEMPCAO,490.0,CRUZ_07,1,VERDE,0
intenso,1,PREEMPCAO,490.0,CRUZ_08,1,VERDE,0
intenso,1,PREEMPCAO,497.0,CRUZ_01,1,AMARELO,0
intenso,1,PREEMPCAO,497.0,CRUZ_03,1,AMARELO,0
intenso,1,PREEMPCAO,497.0,CRUZ_04,1,AMARELO,0
intenso,1,PREEMPCAO,500.0,CRUZ_01,1,VERMELHO,0
intenso,1,PREEMPCAO,500.0,CRUZ_03,1,VERMELHO,0
intenso,1,PREEMPCAO,500.0,CRUZ_04,1,VERMELHO,0
intenso,1,PREEMPCAO,502.0,CRUZ_01,2,VERDE,0
intenso,1,PREEMPCAO,502.0,CRUZ_03,2,VERDE,0
intenso,1,PREEMPCAO,502.0,CRUZ_04,2,VERDE,0
intenso,1,PREEMPCAO,506.8,CRUZ_08,1,AMARELO,1
intenso,1,PREEMPCAO,509.8,CRUZ_08,1,VERMELHO,1
intenso,1,PREEMPCAO,511.8,CRUZ_08,2,VERDE,1
intenso,1,PREEMPCAO,514.3,CRUZ_02,1,AMARELO,0
intenso,1,PREEMPCAO,517.3,CRUZ_02,1,VERMELHO,0
intenso,1,PREEMPCAO,519.3,CRUZ_02,2,VERDE,0
intenso,1,PREEMPCAO,520.0,CRUZ_05,1,AMARELO,0
intenso,1,PREEMPCAO,520.0,CRUZ_06,1,AMARELO,0
intenso,1,PREEMPCAO,520.0,CRUZ_07,1,AMARELO,0
intenso,1,PREEMPCAO,523.0,CRUZ_05,1,VERMELHO,0
intenso,1,PREEMPCAO,523.0,CRUZ_06,1,VERMELHO,0
intenso,1,PREEMPCAO,523.0,CRUZ_07,1,VERMELHO,0
intenso,1,PREEMPCAO,525.0,CRUZ_05,2,VERDE,0
intenso,1,PREEMPCAO,525.0,CRUZ_06,2,VERDE,0
intenso,1,PREEMPCAO,525.0,CRUZ_07,2,VERDE,0
intenso,1,PREEMPCAO,532.0,CRUZ_01,2,AMARELO,0
intenso,1,PREEMPCAO,532.0,CRUZ_03,2,AMARELO,0
intenso,1,PREEMPCAO,532.0,CRUZ_04,2,AMARELO,0
intenso,1,PREEMPCAO,533.0,CRUZ_07,2,AMARELO,1
intenso,1,PREEMPCAO,535.0,CRUZ_01,2,VERMELHO,0
intenso,1,PREEMPCAO,535.0,CRUZ_03,2,VERMELHO,0
intenso,1,PREEMPCAO,535.0,CRUZ_04,2,VERMELHO,0
intenso,1,PREEMPCAO,536.0,CRUZ_07,2,VERMELHO,1
intenso,1,PREEMPCAO,537.0,CRUZ_01,1,VERDE,0
intenso,1,PREEMPCAO,537.0,CRUZ_03,1,VERDE,0
intenso,1,PREEMPCAO,537.0,CRUZ_04,1,VERDE,0
intenso,1,PREEMPCAO,538.0,CRUZ_07,1,VERDE,1
intenso,1,PREEMPCAO,541.8,CRUZ_08,2,AMARELO,0
intenso,1,PREEMPCAO,544.8,CRUZ_08,2,VERMELHO,0
intenso,1,PREEMPCAO,546.8,CRUZ_08,1,VERDE,0
intenso,1,PREEMPCAO,549.3,CRUZ_02,2,AMARELO,0
intenso,1,PREEMPCAO,552.3,CRUZ_02,2,VERMELHO,0
intenso,1,PREEMPCAO,554.3,CRUZ_02,1,VERDE,0
intenso,1,PREEMPCAO,555.0,CRUZ_05,2,AMARELO,0
intenso,1,PREEMPCAO,555.0,CRUZ_06,2,AMARELO,0
intenso,1,PREEMPCAO,558.0,CRUZ_05,2,VERMELHO,0
intenso,1,PREEMPCAO,558.0,CRUZ_06,2,VERMELHO,0
intenso,1,PREEMPCAO,560.0,CRUZ_05,1,VERDE,0
intenso,1,PREEMPCAO,560.0,CRUZ_06,1,VERDE,0
intenso,1,PREEMPCAO,567.0,CRUZ_01,1,AMARELO,0
intenso,1,PREEMPCAO,567.0,CRUZ_03,1,AMARELO,0
intenso,1,PREEMPCAO,567.0,CRUZ_04,1,AMARELO,0
intenso,1,PREEMPCAO,568.0,CRUZ_07,1,AMARELO,0
intenso,1,PREEMPCAO,570.0,CRUZ_01,1,VERMELHO,0
intenso,1,PREEMPCAO,570.0,CRUZ_03,1,VERMELHO,0
intenso,1,PREEMPCAO,570.0,CRUZ_04,1,VERMELHO,0
intenso,1,PREEMPCAO,571.0,CRUZ_07,1,VERMELHO,0
intenso,1,PREEMPCAO,572.0,CRUZ_01,2,VERDE,0
intenso,1,PREEMPCAO,572.0,CRUZ_03,2,VERDE,0
intenso,1,PREEMPCAO,572.0,CRUZ_04,2,VERDE,0
intenso,1,PREEMPCAO,573.0,CRUZ_07,2,VERDE,0
intenso,1,PREEMPCAO,576.8,CRUZ_08,1,AMARELO,0
intenso,1,PREEMPCAO,579.8,CRUZ_08,1,VERMELHO,0
intenso,1,PREEMPCAO,581.8,CRUZ_08,2,VERDE,0
intenso,1,PREEMPCAO,584.3,CRUZ_02,1,AMARELO,0
intenso,1,PREEMPCAO,587.3,CRUZ_02,1,VERMELHO,0
intenso,1,PREEMPCAO,589.3,CRUZ_02,2,VERDE,0
intenso,1,PREEMPCAO,590.0,CRUZ_05,1,AMARELO,0
intenso,1,PREEMPCAO,593.0,CRUZ_05,1,VERMELHO,0
intenso,1,PREEMPCAO,595.0,CRUZ_05,2,VERDE,0
intenso,1,PREEMPCAO,597.4,CRUZ_06,1,AMARELO,0
intenso,1,PREEMPCAO,600.4,CRUZ_06,1,VERMELHO,0
intenso,1,PREEMPCAO,602.0,CRUZ_01,2,AMARELO,0
intenso,1,PREEMPCAO,602.0,CRUZ_03,2,AMARELO,0
intenso,1,PREEMPCAO,602.0,CRUZ_04,2,AMARELO,0
intenso,1,PREEMPCAO,602.4,CRUZ_06,2,VERDE,0
intenso,1,PREEMPCAO,603.0,CRUZ_07,2,AMARELO,0
intenso,1,PREEMPCAO,605.0,CRUZ_01,2,VERMELHO,0
intenso,1,PREEMPCAO,605.0,CRUZ_03,2,VERMELHO,0
intenso,1,PREEMPCAO,605.0,CRUZ_04,2,VERMELHO,0
intenso,1,PREEMPCAO,606.0,CRUZ_07,2,VERMELHO,0
intenso,1,PREEMPCAO,607.0,CRUZ_01,1,VERDE,0
intenso,1,PREEMPCAO,607.0,CRUZ_03,1,VERDE,0
intenso,1,PREEMPCAO,607.0,CRUZ_04,1,VERDE,0
intenso,1,PREEMPCAO,608.0,CRUZ_07,1,VERDE,0
intenso,1,PREEMPCAO,611.8,CRUZ_08,2,AMARELO,0
intenso,1,PREEMPCAO,614.8,CRUZ_08,2,VERMELHO,0
intenso,1,PREEMPCAO,615.7,CRUZ_05,2,AMARELO,1
intenso,1,PREEMPCAO,616.8,CRUZ_08,1,VERDE,0
intenso,1,PREEMPCAO,618.7,CRUZ_05,2,VERMELHO,1
intenso,1,PREEMPCAO,619.3,CRUZ_02,2,AMARELO,0
intenso,1,PREEMPCAO,620.7,CRUZ_05,1,VERDE,1
intenso,1,PREEMPCAO,622.3,CRUZ_02,2,VERMELHO,0
intenso,1,PREEMPCAO,624.3,CRUZ_02,1,VERDE,0
intenso,1,PREEMPCAO,632.4,CRUZ_06,2,AMARELO,0
intenso,1,PREEMPCAO,635.4,CRUZ_06,2,VERMELHO,0
intenso,1,PREEMPCAO,637.0,CRUZ_01,1,AMARELO,0
intenso,1,PREEMPCAO,637.0,CRUZ_03,1,AMARELO,0
intenso,1,PREEMPCAO,637.0,CRUZ_04,1,AMARELO,0
intenso,1,PREEMPCAO,637.4,CRUZ_06,1,VERDE,0
intenso,1,PREEMPCAO,638.0,CRUZ_07,1,AMARELO,0
intenso,1,PREEMPCAO,640.0,CRUZ_01,1,VERMELHO,0
intenso,1,PREEMPCAO,640.0,CRUZ_03,1,VERMELHO,0
intenso,1,PREEMPCAO,640.0,CRUZ_04,1,VERMELHO,0
intenso,1,PREEMPCAO,641.0,CRUZ_07,1,VERMELHO,0
intenso,1,PREEMPCAO,642.0,CRUZ_01,2,VERDE,0
intenso,1,PREEMPCAO,642.0,CRUZ_03,2,VERDE,0
intenso,1,PREEMPCAO,642.0,CRUZ_04,2,VERDE,0
intenso,1,PREEMPCAO,643.0,CRUZ_07,2,VERDE,0
intenso,1,PREEMPCAO,646.8,CRUZ_08,1,AMARELO,0
intenso,1,PREEMPCAO,649.8,CRUZ_08,1,VERMELHO,0
intenso,1,PREEMPCAO,651.8,CRUZ_08,2,VERDE,0
intenso,1,PREEMPCAO,654.3,CRUZ_02,1,AMARELO,0
intenso,1,PREEMPCAO,657.3,CRUZ_02,1,VERMELHO,0
intenso,1,PREEMPCAO,657.9,CRUZ_05,1,AMARELO,0
intenso,1,PREEMPCAO,659.3,CRUZ_02,2,VERDE,0
intenso,1,PREEMPCAO,660.9,CRUZ_05,1,VERMELHO,0
intenso,1,PREEMPCAO,662.9,CRUZ_05,2,VERDE,0
intenso,1,PREEMPCAO,667.4,CRUZ_06,1,AMARELO,0
intenso,1,PREEMPCAO,670.4,CRUZ_06,1,VERMELHO,0
intenso,1,PREEMPCAO,672.0,CRUZ_01,2,AMARELO,0
intenso,1,PREEMPCAO,672.0,CRUZ_03,2,AMARELO,0
intenso,1,PREEMPCAO,672.0,CRUZ_04,2,AMARELO,0
intenso,1,PREEMPCAO,672.4,CRUZ_06,2,VERDE,0
intenso,1,PREEMPCAO,673.0,CRUZ_07,2,AMARELO,0
intenso,1,PREEMPCAO,675.0,CRUZ_01,2,VERMELHO,0
intenso,1,PREEMPCAO,675.0,CRUZ_03,2,VERMELHO,0
intenso,1,PREEMPCAO,675.0,CRUZ_04,2,VERMELHO,0
intenso,1,PREEMPCAO,676.0,CRUZ_07,2,VERMELHO,0
intenso,1,PREEMPCAO,677.0,CRUZ_01,1,VERDE,0
intenso,1,PREEMPCAO,677.0,CRUZ_03,1,VERDE,0
intenso,1,PREEMPCAO,677.0,CRUZ_04,1,VERDE,0
intenso,1,PREEMPCAO,678.0,CRUZ_07,1,VERDE,0
intenso,1,PREEMPCAO,681.8,CRUZ_08,2,AMARELO,0
intenso,1,PREEMPCAO,684.8,CRUZ_08,2,VERMELHO,0
intenso,1,PREEMPCAO,686.8,CRUZ_08,1,VERDE,0
intenso,1,PREEMPCAO,689.3,CRUZ_02,2,AMARELO,0
intenso,1,PREEMPCAO,692.3,CRUZ_02,2,VERMELHO,0
intenso,1,PREEMPCAO,692.9,CRUZ_05,2,AMARELO,0
intenso,1,PREEMPCAO,694.3,CRUZ_02,1,VERDE,0
intenso,1,PREEMPCAO,695.9,CRUZ_05,2,VERMELHO,0
intenso,1,PREEMPCAO,697.9,CRUZ_05,1,VERDE,0
intenso,1,PREEMPCAO,702.4,CRUZ_06,2,AMARELO,0
intenso,1,PREEMPCAO,705.4,CRUZ_06,2,VERMELHO,0
intenso,1,PREEMPCAO,707.0,CRUZ_01,1,AMARELO,0
intenso,1,PREEMPCAO,707.0,CRUZ_03,1,AMARELO,0
intenso,1,PREEMPCAO,707.0,CRUZ_04,1,AMARELO,0
intenso,1,PREEMPCAO,707.4,CRUZ_06,1,VERDE,0
intenso,1,PREEMPCAO,708.0,CRUZ_07,1,AMARELO,0
intenso,1,PREEMPCAO,710.0,CRUZ_01,1,VERMELHO,0
intenso,1,PREEMPCAO,710.0,CRUZ_03,1,VERMELHO,0
intenso,1,PREEMPCAO,710.0,CRUZ_04,1,VERMELHO,0
intenso,1,PREEMPCAO,711.0,CRUZ_07,1,VERMELHO,0
intenso,1,PREEMPCAO,712.0,CRUZ_01,2,VERDE,0
intenso,1,PREEMPCAO,712.0,CRUZ_03,2,VERDE,0
intenso,1,PREEMPCAO,712.0,CRUZ_04,2,VERDE,0
intenso,1,PREEMPCAO,713.0,CRUZ_07,2,VERDE,0
intenso,1,PREEMPCAO,716.8,CRUZ_08,1,AMARELO,0
intenso,1,PREEMPCAO,719.8,CRUZ_08,1,VERMELHO,0
intenso,1,PREEMPCAO,721.8,CRUZ_08,2,VERDE,0
intenso,1,PREEMPCAO,724.3,CRUZ_02,1,AMARELO,0
intenso,1,PREEMPCAO,727.3,CRUZ_02,1,VERMELHO,0
intenso,1,PREEMPCAO,727.9,CRUZ_05,1,AMARELO,0
intenso,1,PREEMPCAO,729.3,CRUZ_02,2,VERDE,0
intenso,1,PREEMPCAO,730.9,CRUZ_05,1,VERMELHO,0
intenso,1,PREEMPCAO,732.9,CRUZ_05,2,VERDE,0
intenso,1,PREEMPCAO,737.4,CRUZ_06,1,AMARELO,0
intenso,1,PREEMPCAO,740.4,CRUZ_06,1,VERMELHO,0
intenso,1,PREEMPCAO,742.0,CRUZ_01,2,AMARELO,0
intenso,1,PREEMPCAO,742.0,CRUZ_03,2,AMARELO,0
intenso,1,PREEMPCAO,742.0,CRUZ_04,2,AMARELO,0
intenso,1,PREEMPCAO,742.4,CRUZ_06,2,VERDE,0
intenso,1,PREEMPCAO,743.0,CRUZ_07,2,AMARELO,0
intenso,1,PREEMPCAO,745.0,CRUZ_01,2,VERMELHO,0
intenso,1,PREEMPCAO,745.0,CRUZ_03,2,VERMELHO,0
intenso,1,PREEMPCAO,745.0,CRUZ_04,2,VERMELHO,0
intenso,1,PREEMPCAO,746.0,CRUZ_07,2,VERMELHO,0
intenso,1,PREEMPCAO,747.0,CRUZ_01,1,VERDE,0
intenso,1,PREEMPCAO,747.0,CRUZ_03,1,VERDE,0
intenso,1,PREEMPCAO,747.0,CRUZ_04,1,VERDE,0
intenso,1,PREEMPCAO,748.0,CRUZ_07,1,VERDE,0
intenso,1,PREEMPCAO,751.8,CRUZ_08,2,AMARELO,0
intenso,1,PREEMPCAO,754.8,CRUZ_08,2,VERMELHO,0
intenso,1,PREEMPCAO,756.8,CRUZ_08,1,VERDE,0
intenso,1,PREEMPCAO,759.3,CRUZ_02,2,AMARELO,0
intenso,1,PREEMPCAO,762.3,CRUZ_02,2,VERMELHO,0
intenso,1,PREEMPCAO,762.9,CRUZ_05,2,AMARELO,0
intenso,1,PREEMPCAO,764.3,CRUZ_02,1,VERDE,0
intenso,1,PREEMPCAO,765.9,CRUZ_05,2,VERMELHO,0
intenso,1,PREEMPCAO,767.9,CRUZ_05,1,VERDE,0
intenso,1,PREEMPCAO,772.4,CRUZ_06,2,AMARELO,0
intenso,1,PREEMPCAO,775.4,CRUZ_06,2,VERMELHO,0
intenso,1,PREEMPCAO,777.0,CRUZ_01,1,AMARELO,0
intenso,1,PREEMPCAO,777.0,CRUZ_03,1,AMARELO,0
intenso,1,PREEMPCAO,777.0,CRUZ_04,1,AMARELO,0
intenso,1,PREEMPCAO,777.4,CRUZ_06,1,VERDE,0
intenso,1,PREEMPCAO,778.0,CRUZ_07,1,AMARELO,0
intenso,1,PREEMPCAO,780.0,CRUZ_01,1,VERMELHO,0
intenso,1,PREEMPCAO,780.0,CRUZ_03,1,VERMELHO,0
intenso,1,PREEMPCAO,780.0,CRUZ_04,1,VERMELHO,0
intenso,1,PREEMPCAO,781.0,CRUZ_07,1,VERMELHO,0
intenso,1,PREEMPCAO,782.0,CRUZ_01,2,VERDE,0
intenso,1,PREEMPCAO,782.0,CRUZ_03,2,VERDE,0
intenso,1,PREEMPCAO,782.0,CRUZ_04,2,VERDE,0
intenso,1,PREEMPCAO,783.0,CRUZ_07,2,VERDE,0
intenso,1,PREEMPCAO,786.8,CRUZ_08,1,AMARELO,0
intenso,1,PREEMPCAO,789.8,CRUZ_08,1,VERMELHO,0
intenso,1,PREEMPCAO,791.8,CRUZ_08,2,VERDE,0
intenso,1,PREEMPCAO,794.3,CRUZ_02,1,AMARELO,0
intenso,1,PREEMPCAO,797.3,CRUZ_02,1,VERMELHO,0
intenso,1,PREEMPCAO,797.9,CRUZ_05,1,AMARELO,0
intenso,1,PREEMPCAO,799.3,CRUZ_02,2,VERDE,0
intenso,1,PREEMPCAO,800.9,CRUZ_05,1,VERMELHO,0
intenso,1,PREEMPCAO,802.9,CRUZ_05,2,VERDE,0
intenso,1,PREEMPCAO,807.4,CRUZ_06,1,AMARELO,0
intenso,1,PREEMPCAO,810.4,CRUZ_06,1,VERMELHO,0
intenso,1,PREEMPCAO,812.0,CRUZ_01,2,AMARELO,0
intenso,1,PREEMPCAO,812.0,CRUZ_03,2,AMARELO,0
intenso,1,PREEMPCAO,812.0,CRUZ_04,2,AMARELO,0
intenso,1,PREEMPCAO,812.4,CRUZ_06,2,VERDE,0
intenso,1,PREEMPCAO,813.0,CRUZ_07,2,AMARELO,0
intenso,1,PREEMPCAO,815.0,CRUZ_01,2,VERMELHO,0
intenso,1,PREEMPCAO,815.0,CRUZ_03,2,VERMELHO,0
intenso,1,PREEMPCAO,815.0,CRUZ_04,2,VERMELHO,0
intenso,1,PREEMPCAO,816.0,CRUZ_07,2,VERMELHO,0
intenso,1,PREEMPCAO,817.0,CRUZ_01,1,VERDE,0
intenso,1,PREEMPCAO,817.0,CRUZ_03,1,VERDE,0
intenso,1,PREEMPCAO,817.0,CRUZ_04,1,VERDE,0
intenso,1,PREEMPCAO,818.0,CRUZ_07,1,VERDE,0
intenso,1,PREEMPCAO,821.8,CRUZ_08,2,AMARELO,0
intenso,1,PREEMPCAO,824.8,CRUZ_08,2,VERMELHO,0
intenso,1,PREEMPCAO,826.8,CRUZ_08,1,VERDE,0
intenso,1,PREEMPCAO,829.3,CRUZ_02,2,AMARELO,0
intenso,1,PREEMPCAO,832.3,CRUZ_02,2,VERMELHO,0
intenso,1,PREEMPCAO,832.9,CRUZ_05,2,AMARELO,0
intenso,1,PREEMPCAO,834.3,CRUZ_02,1,VERDE,0
intenso,1,PREEMPCAO,835.9,CRUZ_05,2,VERMELHO,0
intenso,1,PREEMPCAO,837.9,CRUZ_05,1,VERDE,0
intenso,1,PREEMPCAO,842.4,CRUZ_06,2,AMARELO,0
intenso,1,PREEMPCAO,845.4,CRUZ_06,2,VERMELHO,0
intenso,1,PREEMPCAO,847.0,CRUZ_01,1,AMARELO,0
intenso,1,PREEMPCAO,847.0,CRUZ_03,1,AMARELO,0
intenso,1,PREEMPCAO,847.0,CRUZ_04,1,AMARELO,0
intenso,1,PREEMPCAO,847.4,CRUZ_06,1,VERDE,0
intenso,1,PREEMPCAO,848.0,CRUZ_07,1,AMARELO,0
intenso,1,PREEMPCAO,850.0,CRUZ_01,1,VERMELHO,0
intenso,1,PREEMPCAO,850.0,CRUZ_03,1,VERMELHO,0
intenso,1,PREEMPCAO,850.0,CRUZ_04,1,VERMELHO,0
intenso,1,PREEMPCAO,851.0,CRUZ_07,1,VERMELHO,0
intenso,1,PREEMPCAO,852.0,CRUZ_01,2,VERDE,0
intenso,1,PREEMPCAO,852.0,CRUZ_03,2,VERDE,0
intenso,1,PREEMPCAO,852.0,CRUZ_04,2,VERDE,0
intenso,1,PREEMPCAO,853.0,CRUZ_07,2,VERDE,0
intenso,1,PREEMPCAO,856.8,CRUZ_08,1,AMARELO,0
intenso,1,PREEMPCAO,859.8,CRUZ_08,1,VERMELHO,0
intenso,1,PREEMPCAO,861.8,CRUZ_08,2,VERDE,0
intenso,1,PREEMPCAO,864.3,CRUZ_02,1,AMARELO,0
intenso,1,PREEMPCAO,867.3,CRUZ_02,1,VERMELHO,0
intenso,1,PREEMPCAO,867.9,CRUZ_05,1,AMARELO,0
intenso,1,PREEMPCAO,869.3,CRUZ_02,2,VERDE,0
intenso,1,PREEMPCAO,870.9,CRUZ_05,1,VERMELHO,0
intenso,1,PREEMPCAO,872.9,CRUZ_05,2,VERDE,0
intenso,1,PREEMPCAO,877.4,CRUZ_06,1,AMARELO,0
intenso,1,PREEMPCAO,880.4,CRUZ_06,1,VERMELHO,0
intenso,1,PREEMPCAO,882.0,CRUZ_01,2,AMARELO,0
intenso,1,PREEMPCAO,882.0,CRUZ_03,2,AMARELO,0
intenso,1,PREEMPCAO,882.0,CRUZ_04,2,AMARELO,0
intenso,1,PREEMPCAO,882.4,CRUZ_06,2,VERDE,0
intenso,1,PREEMPCAO,883.0,CRUZ_07,2,AMARELO,0
intenso,1,PREEMPCAO,885.0,CRUZ_01,2,VERMELHO,0
intenso,1,PREEMPCAO,885.0,CRUZ_03,2,VERMELHO,0
intenso,1,PREEMPCAO,885.0,CRUZ_04,2,VERMELHO,0
intenso,1,PREEMPCAO,886.0,CRUZ_07,2,VERMELHO,0
intenso,1,PREEMPCAO,887.0,CRUZ_01,1,VERDE,0
intenso,1,PREEMPCAO,887.0,CRUZ_03,1,VERDE,0
intenso,1,PREEMPCAO,887.0,CRUZ_04,1,VERDE,0
intenso,1,PREEMPCAO,888.0,CRUZ_07,1,VERDE,0
intenso,1,PREEMPCAO,891.8,CRUZ_08,2,AMARELO,0
intenso,1,PREEMPCAO,894.8,CRUZ_08,2,VERMELHO,0
intenso,1,PREEMPCAO,896.8,CRUZ_08,1,VERDE,0
intenso,1,PREEMPCAO,899.3,CRUZ_02,2,AMARELO,0
intenso,1,PREEMPCAO,902.3,CRUZ_02,2,VERMELHO,0
intenso,1,PREEMPCAO,902.9,CRUZ_05,2,AMARELO,0
intenso,1,PREEMPCAO,904.3,CRUZ_02,1,VERDE,0
intenso,1,PREEMPCAO,905.9,CRUZ_05,2,VERMELHO,0
intenso,1,PREEMPCAO,907.9,CRUZ_05,1,VERDE,0
intenso,1,PREEMPCAO,912.4,CRUZ_06,2,AMARELO,0
intenso,1,PREEMPCAO,915.4,CRUZ_06,2,VERMELHO,0
intenso,1,PREEMPCAO,917.0,CRUZ_03,1,AMARELO,0
intenso,1,PREEMPCAO,917.0,CRUZ_04,1,AMARELO,0
intenso,1,PREEMPCAO,917.4,CRUZ_06,1,VERDE,0
intenso,1,PREEMPCAO,918.0,CRUZ_07,1,AMARELO,0
intenso,1,PREEMPCAO,920.0,CRUZ_03,1,VERMELHO,0
intenso,1,PREEMPCAO,920.0,CRUZ_04,1,VERMELHO,0
intenso,1,PREEMPCAO,921.0,CRUZ_07,1,VERMELHO,0
intenso,1,PREEMPCAO,922.0,CRUZ_03,2,VERDE,0
intenso,1,PREEMPCAO,922.0,CRUZ_04,2,VERDE,0
intenso,1,PREEMPCAO,923.0,CRUZ_07,2,VERDE,0
intenso,1,PREEMPCAO,923.5,CRUZ_01,1,AMARELO,0
intenso,1,PREEMPCAO,926.5,CRUZ_01,1,VERMELHO,0
intenso,1,PREEMPCAO,926.8,CRUZ_08,1,AMARELO,0
intenso,1,PREEMPCAO,928.5,CRUZ_01,2,VERDE,0
intenso,1,PREEMPCAO,929.8,CRUZ_08,1,VERMELHO,0
intenso,1,PREEMPCAO,931.8,CRUZ_08,2,VERDE,0
intenso,1,PREEMPCAO,934.3,CRUZ_02,1,AMARELO,0
intenso,1,PREEMPCAO,937.3,CRUZ_02,1,VERMELHO,0
intenso,1,PREEMPCAO,937.9,CRUZ_05,1,AMARELO,0
intenso,1,PREEMPCAO,939.3,CRUZ_02,2,VERDE,0
intenso,1,PREEMPCAO,940.9,CRUZ_05,1,VERMELHO,0
intenso,1,PREEMPCAO,942.9,CRUZ_05,2,VERDE,0
intenso,1,PREEMPCAO,946.3,CRUZ_02,2,AMARELO,1
intenso,1,PREEMPCAO,947.4,CRUZ_06,1,AMARELO,0
intenso,1,PREEMPCAO,949.3,CRUZ_02,2,VERMELHO,1
intenso,1,PREEMPCAO,950.4,CRUZ_06,1,VERMELHO,0
intenso,1,PREEMPCAO,951.3,CRUZ_02,1,VERDE,1
intenso,1,PREEMPCAO,952.0,CRUZ_03,2,AMARELO,0
intenso,1,PREEMPCAO,952.0,CRUZ_04,2,AMARELO,0
intenso,1,PREEMPCAO,952.4,CRUZ_06,2,VERDE,0
intenso,1,PREEMPCAO,953.0,CRUZ_07,2,AMARELO,0
intenso,1,PREEMPCAO,955.0,CRUZ_03,2,VERMELHO,0
intenso,1,PREEMPCAO,955.0,CRUZ_04,2,VERMELHO,0
intenso,1,PREEMPCAO,956.0,CRUZ_07,2,VERMELHO,0
intenso,1,PREEMPCAO,957.0,CRUZ_03,1,VERDE,0
intenso,1,PREEMPCAO,957.0,CRUZ_04,1,VERDE,0
intenso,1,PREEMPCAO,958.0,CRUZ_07,1,VERDE,0
intenso,1,PREEMPCAO,958.5,CRUZ_01,2,AMARELO,0
intenso,1,PREEMPCAO,961.5,CRUZ_01,2,VERMELHO,0
intenso,1,PREEMPCAO,961.8,CRUZ_08,2,AMARELO,0
intenso,1,PREEMPCAO,963.5,CRUZ_01,1,VERDE,0
intenso,1,PREEMPCAO,964.8,CRUZ_08,2,VERMELHO,0
intenso,1,PREEMPCAO,966.8,CRUZ_08,1,VERDE,0
intenso,1,PREEMPCAO,972.9,CRUZ_05,2,AMARELO,0
intenso,1,PREEMPCAO,975.9,CRUZ_05,2,VERMELHO,0
intenso,1,PREEMPCAO,977.9,CRUZ_05,1,VERDE,0
intenso,1,PREEMPCAO,981.3,CRUZ_02,1,AMARELO,0
intenso,1,PREEMPCAO,982.4,CRUZ_06,2,AMARELO,0
intenso,1,PREEMPCAO,984.3,CRUZ_02,1,VERMELHO,0
intenso,1,PREEMPCAO,985.4,CRUZ_06,2,VERMELHO,0
intenso,1,PREEMPCAO,986.3,CRUZ_02,2,VERDE,0
intenso,1,PREEMPCAO,987.0,CRUZ_03,1,AMARELO,0
intenso,1,PREEMPCAO,987.0,CRUZ_04,1,AMARELO,0
intenso,1,PREEMPCAO,987.4,CRUZ_06,1,VERDE,0
intenso,1,PREEMPCAO,988.0,CRUZ_07,1,AMARELO,0
intenso,1,PREEMPCAO,990.0,CRUZ_03,1,VERMELHO,0
intenso,1,PREEMPCAO,990.0,CRUZ_04,1,VERMELHO,0
intenso,1,PREEMPCAO,991.0,CRUZ_07,1,VERMELHO,0
intenso,1,PREEMPCAO,992.0,CRUZ_03,2,VERDE,0
intenso,1,PREEMPCAO,992.0,CRUZ_04,2,VERDE,0
intenso,1,PREEMPCAO,993.0,CRUZ_07,2,VERDE,0
intenso,1,PREEMPCAO,993.5,CRUZ_01,1,AMARELO,0
intenso,1,PREEMPCAO,996.5,CRUZ_01,1,VERMELHO,0
intenso,1,PREEMPCAO,996.8,CRUZ_08,1,AMARELO,0
intenso,1,PREEMPCAO,998.5,CRUZ_01,2,VERDE,0
intenso,1,PREEMPCAO,999.0,CRUZ_03,2,AMARELO,1
intenso,1,PREEMPCAO,999.8,CRUZ_08,1,VERMELHO,0
intenso,1,PREEMPCAO,1001.8,CRUZ_08,2,VERDE,0
intenso,1,PREEMPCAO,1002.0,CRUZ_03,2,VERMELHO,1
intenso,1,PREEMPCAO,1004.0,CRUZ_03,1,VERDE,1
intenso,1,PREEMPCAO,1007.9,CRUZ_05,1,AMARELO,0
intenso,1,PREEMPCAO,1010.9,CRUZ_05,1,VERMELHO,0
intenso,1,PREEMPCAO,1012.9,CRUZ_05,2,VERDE,0
intenso,1,PREEMPCAO,1016.3,CRUZ_02,2,AMARELO,0
intenso,1,PREEMPCAO,1017.4,CRUZ_06,1,AMARELO,0
intenso,1,PREEMPCAO,1019.3,CRUZ_02,2,VERMELHO,0
intenso,1,PREEMPCAO,1020.4,CRUZ_06,1,VERMELHO,0
intenso,1,PREEMPCAO,1021.3,CRUZ_02,1,VERDE,0
intenso,1,PREEMPCAO,1022.0,CRUZ_04,2,AMARELO,0
intenso,1,PREEMPCAO,1022.4,CRUZ_06,2,VERDE,0
intenso,1,PREEMPCAO,1023.0,CRUZ_07,2,AMARELO,0
intenso,1,PREEMPCAO,1025.0,CRUZ_04,2,VERMELHO,0
intenso,1,PREEMPCAO,1026.0,CRUZ_07,2,VERMELHO,0
intenso,1,PREEMPCAO,1027.0,CRUZ_04,1,VERDE,0
intenso,1,PREEMPCAO,1028.0,CRUZ_07,1,VERDE,0
intenso,1,PREEMPCAO,1028.5,CRUZ_01,2,AMARELO,0
intenso,1,PREEMPCAO,1031.5,CRUZ_01,2,VERMELHO,0
intenso,1,PREEMPCAO,1031.8,CRUZ_08,2,AMARELO,0
intenso,1,PREEMPCAO,1033.5,CRUZ_01,1,VERDE,0
intenso,1,PREEMPCAO,1034.0,CRUZ_03,1,AMARELO,0
intenso,1,PREEMPCAO,1034.8,CRUZ_08,2,VERMELHO,0
intenso,1,PREEMPCAO,1036.8,CRUZ_08,1,VERDE,0
intenso,1,PREEMPCAO,1037.0,CRUZ_03,1,VERMELHO,0
intenso,1,PREEMPCAO,1039.0,CRUZ_03,2,VERDE,0
intenso,1,PREEMPCAO,1042.9,CRUZ_05,2,AMARELO,0
intenso,1,PREEMPCAO,1045.9,CRUZ_05,2,VERMELHO,0
intenso,1,PREEMPCAO,1047.9,CRUZ_05,1,VERDE,0
intenso,1,PREEMPCAO,1051.3,CRUZ_02,1,AMARELO,0
intenso,1,PREEMPCAO,1052.4,CRUZ_06,2,AMARELO,0
intenso,1,PREEMPCAO,1054.3,CRUZ_02,1,VERMELHO,0
intenso,1,PREEMPCAO,1055.4,CRUZ_06,2,VERMELHO,0
intenso,1,PREEMPCAO,1056.3,CRUZ_02,2,VERDE,0
intenso,1,PREEMPCAO,1057.4,CRUZ_06,1,VERDE,0
intenso,1,PREEMPCAO,1058.0,CRUZ_07,1,AMARELO,0
intenso,1,PREEMPCAO,1061.0,CRUZ_07,1,VERMELHO,0
intenso,1,PREEMPCAO,1063.0,CRUZ_07,2,VERDE,0
intenso,1,PREEMPCAO,1063.5,CRUZ_01,1,AMARELO,0
intenso,1,PREEMPCAO,1066.5,CRUZ_01,1,VERMELHO,0
intenso,1,PREEMPCAO,1066.5,CRUZ_04,1,AMARELO,0
intenso,1,PREEMPCAO,1066.8,CRUZ_08,1,AMARELO,0
intenso,1,PREEMPCAO,1068.5,CRUZ_01,2,VERDE,0
intenso,1,PREEMPCAO,1069.0,CRUZ_03,2,AMARELO,0
intenso,1,PREEMPCAO,1069.5,CRUZ_04,1,VERMELHO,0
intenso,1,PREEMPCAO,1069.8,CRUZ_08,1,VERMELHO,0
intenso,1,PREEMPCAO,1071.5,CRUZ_04,2,VERDE,0
intenso,1,PREEMPCAO,1071.8,CRUZ_08,2,VERDE,0
intenso,1,PREEMPCAO,1072.0,CRUZ_03,2,VERMELHO,0
intenso,1,PREEMPCAO,1074.0,CRUZ_03,1,VERDE,0
intenso,1,PREEMPCAO,1077.9,CRUZ_05,1,AMARELO,0
intenso,1,PREEMPCAO,1080.9,CRUZ_05,1,VERMELHO,0
intenso,1,PREEMPCAO,1082.9,CRUZ_05,2,VERDE,0
intenso,1,PREEMPCAO,1086.3,CRUZ_02,2,AMARELO,0
intenso,1,PREEMPCAO,1087.4,CRUZ_06,1,AMARELO,0
intenso,1,PREEMPCAO,1089.3,CRUZ_02,2,VERMELHO,0
intenso,1,PREEMPCAO,1090.4,CRUZ_06,1,VERMELHO,0
intenso,1,PREEMPCAO,1091.3,CRUZ_02,1,VERDE,0
intenso,1,PREEMPCAO,1092.4,CRUZ_06,2,VERDE,0
intenso,1,PREEMPCAO,1093.0,CRUZ_07,2,AMARELO,0
intenso,1,PREEMPCAO,1096.0,CRUZ_07,2,VERMELHO,0
intenso,1,PREEMPCAO,1098.0,CRUZ_07,1,VERDE,0
intenso,1,PREEMPCAO,1098.5,CRUZ_01,2,AMARELO,0
intenso,1,PREEMPCAO,1101.5,CRUZ_01,2,VERMELHO,0
intenso,1,PREEMPCAO,1101.5,CRUZ_04,2,AMARELO,0
intenso,1,PREEMPCAO,1103.5,CRUZ_01,1,VERDE,0
intenso,1,PREEMPCAO,1104.0,CRUZ_03,1,AMARELO,0
intenso,1,PREEMPCAO,1104.5,CRUZ_04,2,VERMELHO,0
intenso,1,PREEMPCAO,1105.2,CRUZ_08,2,AMARELO,0
intenso,1,PREEMPCAO,1106.5,CRUZ_04,1,VERDE,0
intenso,1,PREEMPCAO,1107.0,CRUZ_03,1,VERMELHO,0
intenso,1,PREEMPCAO,1108.2,CRUZ_08,2,VERMELHO,0
intenso,1,PREEMPCAO,1109.0,CRUZ_03,2,VERDE,0
intenso,1,PREEMPCAO,1110.2,CRUZ_08,1,VERDE,0
intenso,1,PREEMPCAO,1112.9,CRUZ_05,2,AMARELO,0
intenso,1,PREEMPCAO,1115.9,CRUZ_05,2,VERMELHO,0
intenso,1,PREEMPCAO,1117.9,CRUZ_05,1,VERDE,0
intenso,1,PREEMPCAO,1121.3,CRUZ_02,1,AMARELO,0
intenso,1,PREEMPCAO,1122.4,CRUZ_06,2,AMARELO,0
intenso,1,PREEMPCAO,1124.3,CRUZ_02,1,VERMELHO,0
intenso,1,PREEMPCAO,1125.4,CRUZ_06,2,VERMELHO,0
intenso,1,PREEMPCAO,1126.3,CRUZ_02,2,VERDE,0
intenso,1,PREEMPCAO,1127.4,CRUZ_06,1,VERDE,0
intenso,1,PREEMPCAO,1129.7,CRUZ_07,1,AMARELO,0
intenso,1,PREEMPCAO,1132.7,CRUZ_07,1,VERMELHO,0
intenso,1,PREEMPCAO,1133.5,CRUZ_01,1,AMARELO,0
intenso,1,PREEMPCAO,1134.7,CRUZ_07,2,VERDE,0
intenso,1,PREEMPCAO,1136.5,CRUZ_01,1,VERMELHO,0
intenso,1,PREEMPCAO,1136.5,CRUZ_04,1,AMARELO,0
intenso,1,PREEMPCAO,1138.5,CRUZ_01,2,VERDE,0
intenso,1,PREEMPCAO,1139.0,CRUZ_03,2,AMARELO,0
intenso,1,PREEMPCAO,1139.5,CRUZ_04,1,VERMELHO,0
intenso,1,PREEMPCAO,1140.2,CRUZ_08,1,AMARELO,0
intenso,1,PREEMPCAO,1141.5,CRUZ_04,2,VERDE,0
intenso,1,PREEMPCAO,1142.0,CRUZ_03,2,VERMELHO,0
intenso,1,PREEMPCAO,1143.2,CRUZ_08,1,VERMELHO,0
intenso,1,PREEMPCAO,1144.0,CRUZ_03,1,VERDE,0
intenso,1,PREEMPCAO,1145.2,CRUZ_08,2,VERDE,0
intenso,1,PREEMPCAO,1147.9,CRUZ_05,1,AMARELO,0
intenso,1,PREEMPCAO,1150.9,CRUZ_05,1,VERMELHO,0
intenso,1,PREEMPCAO,1152.9,CRUZ_05,2,VERDE,0
intenso,1,PREEMPCAO,1156.3,CRUZ_02,2,AMARELO,0
intenso,1,PREEMPCAO,1159.3,CRUZ_02,2,VERMELHO,0
intenso,1,PREEMPCAO,1161.3,CRUZ_02,1,VERDE,0
intenso,1,PREEMPCAO,1161.7,CRUZ_06,1,AMARELO,0
intenso,1,PREEMPCAO,1164.7,CRUZ_06,1,VERMELHO,0
intenso,1,PREEMPCAO,1164.7,CRUZ_07,2,AMARELO,0
intenso,1,PREEMPCAO,1166.7,CRUZ_06,2,VERDE,0
intenso,1,PREEMPCAO,1167.7,CRUZ_07,2,VERMELHO,0
intenso,1,PREEMPCAO,1168.5,CRUZ_01,2,AMARELO,0
intenso,1,PREEMPCAO,1169.7,CRUZ_07,1,VERDE,0
intenso,1,PREEMPCAO,1171.5,CRUZ_01,2,VERMELHO,0
intenso,1,PREEMPCAO,1171.5,CRUZ_04,2,AMARELO,0
intenso,1,PREEMPCAO,1173.5,CRUZ_01,1,VERDE,0
intenso,1,PREEMPCAO,1174.0,CRUZ_03,1,AMARELO,0
intenso,1,PREEMPCAO,1174.5,CRUZ_04,2,VERMELHO,0
intenso,1,PREEMPCAO,1175.2,CRUZ_08,2,AMARELO,0
intenso,1,PREEMPCAO,1176.5,CRUZ_04,1,VERDE,0
intenso,1,PREEMPCAO,1177.0,CRUZ_03,1,VERMELHO,0
intenso,1,PREEMPCAO,1178.2,CRUZ_08,2,VERMELHO,0
intenso,1,PREEMPCAO,1178.5,CRUZ_05,2,AMARELO,1
intenso,1,PREEMPCAO,1179.0,CRUZ_03,2,VERDE,0
intenso,1,PREEMPCAO,1180.2,CRUZ_08,1,VERDE,0
intenso,1,PREEMPCAO,1181.5,CRUZ_05,2,VERMELHO,1
intenso,1,PREEMPCAO,1183.5,CRUZ_05,1,VERDE,1
intenso,1,PREEMPCAO,1191.3,CRUZ_02,1,AMARELO,0
intenso,1,PREEMPCAO,1194.3,CRUZ_02,1,VERMELHO,0
intenso,1,PREEMPCAO,1196.3,CRUZ_02,2,VERDE,0
intenso,1,PREEMPCAO,1196.7,CRUZ_06,2,AMARELO,0
intenso,1,PREEMPCAO,1199.7,CRUZ_06,2,VERMELHO,0
intenso,1,PREEMPCAO,1199.7,CRUZ_07,1,AMARELO,0
intenso,1,PREEMPCAO,1201.7,CRUZ_06,1,VERDE,0
intenso,1,PREEMPCAO,1202.7,CRUZ_07,1,VERMELHO,0
intenso,1,PREEMPCAO,1203.5,CRUZ_01,1,AMARELO,0
intenso,1,PREEMPCAO,1204.7,CRUZ_07,2,VERDE,0
intenso,1,PREEMPCAO,1206.5,CRUZ_01,1,VERMELHO,0
intenso,1,PREEMPCAO,1206.5,CRUZ_04,1,AMARELO,0
intenso,1,PREEMPCAO,1208.5,CRUZ_01,2,VERDE,0
intenso,1,PREEMPCAO,1209.0,CRUZ_03,2,AMARELO,0
intenso,1,PREEMPCAO,1209.5,CRUZ_04,1,VERMELHO,0
intenso,1,PREEMPCAO,1210.2,CRUZ_08,1,AMARELO,0
intenso,1,PREEMPCAO,1211.5,CRUZ_04,2,VERDE,0
intenso,1,PREEMPCAO,1212.0,CRUZ_03,2,VERMELHO,0
intenso,1,PREEMPCAO,1213.2,CRUZ_08,1,VERMELHO,0
intenso,1,PREEMPCAO,1214.0,CRUZ_03,1,VERDE,0
intenso,1,PREEMPCAO,1215.2,CRUZ_08,2,VERDE,0
intenso,1,PREEMPCAO,1215.9,CRUZ_05,1,AMARELO,0
intenso,1,PREEMPCAO,1218.9,CRUZ_05,1,VERMELHO,0
intenso,1,PREEMPCAO,1220.9,CRUZ_05,2,VERDE,0
intenso,1,PREEMPCAO,1226.3,CRUZ_02,2,AMARELO,0
intenso,1,PREEMPCAO,1229.3,CRUZ_02,2,VERMELHO,0
intenso,1,PREEMPCAO,1231.3,CRUZ_02,1,VERDE,0
intenso,1,PREEMPCAO,1231.7,CRUZ_06,1,AMARELO,0
intenso,1,PREEMPCAO,1234.7,CRUZ_06,1,VERMELHO,0
intenso,1,PREEMPCAO,1234.7,CRUZ_07,2,AMARELO,0
intenso,1,PREEMPCAO,1236.7,CRUZ_06,2,VERDE,0
intenso,1,PREEMPCAO,1237.7,CRUZ_07,2,VERMELHO,0
intenso,1,PREEMPCAO,1238.5,CRUZ_01,2,AMARELO,0
intenso,1,PREEMPCAO,1239.7,CRUZ_07,1,VERDE,0
intenso,1,PREEMPCAO,1241.5,CRUZ_01,2,VERMELHO,0
intenso,1,PREEMPCAO,1241.5,CRUZ_04,2,AMARELO,0
intenso,1,PREEMPCAO,1243.5,CRUZ_01,1,VERDE,0
intenso,1,PREEMPCAO,1244.0,CRUZ_03,1,AMARELO,0
intenso,1,PREEMPCAO,1244.5,CRUZ_04,2,VERMELHO,0
intenso,1,PREEMPCAO,1245.2,CRUZ_08,2,AMARELO,0
intenso,1,PREEMPCAO,1246.5,CRUZ_04,1,VERDE,0
intenso,1,PREEMPCAO,1247.0,CRUZ_03,1,VERMELHO,0
intenso,1,PREEMPCAO,1248.2,CRUZ_08,2,VERMELHO,0
intenso,1,PREEMPCAO,1249.0,CRUZ_03,2,VERDE,0
intenso,1,PREEMPCAO,1250.2,CRUZ_08,1,VERDE,0
intenso,1,PREEMPCAO,1250.9,CRUZ_05,2,AMARELO,0
intenso,1,PREEMPCAO,1253.9,CRUZ_05,2,VERMELHO,0
intenso,1,PREEMPCAO,1255.9,CRUZ_05,1,VERDE,0
intenso,1,PREEMPCAO,1261.3,CRUZ_02,1,AMARELO,0
intenso,1,PREEMPCAO,1264.3,CRUZ_02,1,VERMELHO,0
intenso,1,PREEMPCAO,1266.3,CRUZ_02,2,VERDE,0
intenso,1,PREEMPCAO,1266.7,CRUZ_06,2,AMARELO,0
intenso,1,PREEMPCAO,1269.7,CRUZ_06,2,VERMELHO,0
intenso,1,PREEMPCAO,1269.7,CRUZ_07,1,AMARELO,0
intenso,1,PREEMPCAO,1271.7,CRUZ_06,1,VERDE,0
intenso,1,PREEMPCAO,1272.7,CRUZ_07,1,VERMELHO,0
intenso,1,PREEMPCAO,1273.5,CRUZ_01,1,AMARELO,0
intenso,1,PREEMPCAO,1274.7,CRUZ_07,2,VERDE,0
intenso,1,PREEMPCAO,1276.5,CRUZ_01,1,VERMELHO,0
intenso,1,PREEMPCAO,1276.5,CRUZ_04,1,AMARELO,0
intenso,1,PREEMPCAO,1278.5,CRUZ_01,2,VERDE,0
intenso,1,PREEMPCAO,1279.0,CRUZ_03,2,AMARELO,0
intenso,1,PREEMPCAO,1279.5,CRUZ_04,1,VERMELHO,0
intenso,1,PREEMPCAO,1280.2,CRUZ_08,1,AMARELO,0
intenso,1,PREEMPCAO,1281.5,CRUZ_04,2,VERDE,0
intenso,1,PREEMPCAO,1282.0,CRUZ_03,2,VERMELHO,0
intenso,1,PREEMPCAO,1283.2,CRUZ_08,1,VERMELHO,0
intenso,1,PREEMPCAO,1284.0,CRUZ_03,1,VERDE,0
intenso,1,PREEMPCAO,1285.2,CRUZ_08,2,VERDE,0
intenso,1,PREEMPCAO,1285.9,CRUZ_05,1,AMARELO,0
intenso,1,PREEMPCAO,1288.9,CRUZ_05,1,VERMELHO,0
intenso,1,PREEMPCAO,1290.9,CRUZ_05,2,VERDE,0
intenso,1,PREEMPCAO,1296.3,CRUZ_02,2,AMARELO,0
intenso,1,PREEMPCAO,1299.3,CRUZ_02,2,VERMELHO,0
intenso,1,PREEMPCAO,1301.3,CRUZ_02,1,VERDE,0
intenso,1,PREEMPCAO,1301.7,CRUZ_06,1,AMARELO,0
intenso,1,PREEMPCAO,1304.7,CRUZ_06,1,VERMELHO,0
intenso,1,PREEMPCAO,1304.7,CRUZ_07,2,AMARELO,0
intenso,1,PREEMPCAO,1306.7,CRUZ_06,2,VERDE,0
intenso,1,PREEMPCAO,1307.7,CRUZ_07,2,VERMELHO,0
intenso,1,PREEMPCAO,1308.5,CRUZ_01,2,AMARELO,0
intenso,1,PREEMPCAO,1309.7,CRUZ_07,1,VERDE,0
intenso,1,PREEMPCAO,1311.5,CRUZ_01,2,VERMELHO,0
intenso,1,PREEMPCAO,1311.5,CRUZ_04,2,AMARELO,0
intenso,1,PREEMPCAO,1313.5,CRUZ_01,1,VERDE,0
intenso,1,PREEMPCAO,1314.0,CRUZ_03,1,AMARELO,0
intenso,1,PREEMPCAO,1314.5,CRUZ_04,2,VERMELHO,0
intenso,1,PREEMPCAO,1315.2,CRUZ_08,2,AMARELO,0
intenso,1,PREEMPCAO,1316.5,CRUZ_04,1,VERDE,0
intenso,1,PREEMPCAO,1317.0,CRUZ_03,1,VERMELHO,0
intenso,1,PREEMPCAO,1318.2,CRUZ_08,2,VERMELHO,0
intenso,1,PREEMPCAO,1319.0,CRUZ_03,2,VERDE,0
intenso,1,PREEMPCAO,1320.2,CRUZ_08,1,VERDE,0
intenso,1,PREEMPCAO,1320.9,CRUZ_05,2,AMARELO,0
intenso,1,PREEMPCAO,1323.9,CRUZ_05,2,VERMELHO,0
intenso,1,PREEMPCAO,1325.9,CRUZ_05,1,VERDE,0
intenso,1,PREEMPCAO,1331.3,CRUZ_02,1,AMARELO,0
intenso,1,PREEMPCAO,1334.3,CRUZ_02,1,VERMELHO,0
intenso,1,PREEMPCAO,1336.3,CRUZ_02,2,VERDE,0
intenso,1,PREEMPCAO,1336.7,CRUZ_06,2,AMARELO,0
intenso,1,PREEMPCAO,1339.7,CRUZ_06,2,VERMELHO,0
intenso,1,PREEMPCAO,1339.7,CRUZ_07,1,AMARELO,0
intenso,1,PREEMPCAO,1341.7,CRUZ_06,1,VERDE,0
intenso,1,PREEMPCAO,1342.7,CRUZ_07,1,VERMELHO,0
intenso,1,PREEMPCAO,1343.5,CRUZ_01,1,AMARELO,0
intenso,1,PREEMPCAO,1344.7,CRUZ_07,2,VERDE,0
intenso,1,PREEMPCAO,1346.5,CRUZ_01,1,VERMELHO,0
intenso,1,PREEMPCAO,1346.5,CRUZ_04,1,AMARELO,0
intenso,1,PREEMPCAO,1348.5,CRUZ_01,2,VERDE,0
intenso,1,PREEMPCAO,1349.0,CRUZ_03,2,AMARELO,0
intenso,1,PREEMPCAO,1349.5,CRUZ_04,1,VERMELHO,0
intenso,1,PREEMPCAO,1350.2,CRUZ_08,1,AMARELO,0
intenso,1,PREEMPCAO,1351.5,CRUZ_04,2,VERDE,0
intenso,1,PREEMPCAO,1352.0,CRUZ_03,2,VERMELHO,0
intenso,1,PREEMPCAO,1353.2,CRUZ_08,1,VERMELHO,0
intenso,1,PREEMPCAO,1354.0,CRUZ_03,1,VERDE,0
intenso,1,PREEMPCAO,1355.2,CRUZ_08,2,VERDE,0
intenso,1,PREEMPCAO,1355.9,CRUZ_05,1,AMARELO,0
intenso,1,PREEMPCAO,1358.9,CRUZ_05,1,VERMELHO,0
intenso,1,PREEMPCAO,1360.9,CRUZ_05,2,VERDE,0
intenso,1,PREEMPCAO,1366.3,CRUZ_02,2,AMARELO,0
intenso,1,PREEMPCAO,1369.3,CRUZ_02,2,VERMELHO,0
intenso,1,PREEMPCAO,1371.3,CRUZ_02,1,VERDE,0
intenso,1,PREEMPCAO,1371.7,CRUZ_06,1,AMARELO,0
intenso,1,PREEMPCAO,1374.7,CRUZ_06,1,VERMELHO,0
intenso,1,PREEMPCAO,1374.7,CRUZ_07,2,AMARELO,0
intenso,1,PREEMPCAO,1376.7,CRUZ_06,2,VERDE,0
intenso,1,PREEMPCAO,1377.7,CRUZ_07,2,VERMELHO,0
intenso,1,PREEMPCAO,1378.5,CRUZ_01,2,AMARELO,0
intenso,1,PREEMPCAO,1379.7,CRUZ_07,1,VERDE,0
intenso,1,PREEMPCAO,1381.5,CRUZ_01,2,VERMELHO,0
intenso,1,PREEMPCAO,1381.5,CRUZ_04,2,AMARELO,0
intenso,1,PREEMPCAO,1383.5,CRUZ_01,1,VERDE,0
intenso,1,PREEMPCAO,1384.0,CRUZ_03,1,AMARELO,0
intenso,1,PREEMPCAO,1384.5,CRUZ_04,2,VERMELHO,0
intenso,1,PREEMPCAO,1385.2,CRUZ_08,2,AMARELO,0
intenso,1,PREEMPCAO,1386.5,CRUZ_04,1,VERDE,0
intenso,1,PREEMPCAO,1387.0,CRUZ_03,1,VERMELHO,0
intenso,1,PREEMPCAO,1388.2,CRUZ_08,2,VERMELHO,0
intenso,1,PREEMPCAO,1389.0,CRUZ_03,2,VERDE,0
intenso,1,PREEMPCAO,1390.2,CRUZ_08,1,VERDE,0
intenso,1,PREEMPCAO,1390.9,CRUZ_05,2,AMARELO,0
intenso,1,PREEMPCAO,1393.9,CRUZ_05,2,VERMELHO,0
intenso,1,PREEMPCAO,1395.9,CRUZ_05,1,VERDE,0
intenso,1,PREEMPCAO,1401.3,CRUZ_02,1,AMARELO,0
intenso,1,PREEMPCAO,1404.3,CRUZ_02,1,VERMELHO,0
intenso,1,PREEMPCAO,1406.3,CRUZ_02,2,VERDE,0
intenso,1,PREEMPCAO,1406.7,CRUZ_06,2,AMARELO,0
intenso,1,PREEMPCAO,1409.7,CRUZ_06,2,VERMELHO,0
intenso,1,PREEMPCAO,1409.7,CRUZ_07,1,AMARELO,0
intenso,1,PREEMPCAO,1411.7,CRUZ_06,1,VERDE,0
intenso,1,PREEMPCAO,1412.7,CRUZ_07,1,VERMELHO,0
intenso,1,PREEMPCAO,1413.5,CRUZ_01,1,AMARELO,0
intenso,1,PREEMPCAO,1414.7,CRUZ_07,2,VERDE,0
intenso,1,PREEMPCAO,1416.5,CRUZ_01,1,VERMELHO,0
intenso,1,PREEMPCAO,1416.5,CRUZ_04,1,AMARELO,0
intenso,1,PREEMPCAO,1418.5,CRUZ_01,2,VERDE,0
intenso,1,PREEMPCAO,1419.0,CRUZ_03,2,AMARELO,0
intenso,1,PREEMPCAO,1419.5,CRUZ_04,1,VERMELHO,0
intenso,1,PREEMPCAO,1420.2,CRUZ_08,1,AMARELO,0
intenso,1,PREEMPCAO,1421.5,CRUZ_04,2,VERDE,0
intenso,1,PREEMPCAO,1422.0,CRUZ_03,2,VERMELHO,0
intenso,1,PREEMPCAO,1423.2,CRUZ_08,1,VERMELHO,0
intenso,1,PREEMPCAO,1424.0,CRUZ_03,1,VERDE,0
intenso,1,PREEMPCAO,1425.2,CRUZ_08,2,VERDE,0
intenso,1,PREEMPCAO,1425.9,CRUZ_05,1,AMARELO,0
intenso,1,PREEMPCAO,1428.9,CRUZ_05,1,VERMELHO,0
intenso,1,PREEMPCAO,1430.9,CRUZ_05,2,VERDE,0
intenso,1,PREEMPCAO,1436.3,CRUZ_02,2,AMARELO,0
intenso,1,PREEMPCAO,1439.3,CRUZ_02,2,VERMELHO,0
intenso,1,PREEMPCAO,1441.3,CRUZ_02,1,VERDE,0
intenso,1,PREEMPCAO,1441.7,CRUZ_06,1,AMARELO,0
intenso,1,PREEMPCAO,1444.7,CRUZ_06,1,VERMELHO,0
intenso,1,PREEMPCAO,1444.7,CRUZ_07,2,AMARELO,0
intenso,1,PREEMPCAO,1446.7,CRUZ_06,2,VERDE,0
intenso,1,PREEMPCAO,1447.7,CRUZ_07,2,VERMELHO,0
intenso,1,PREEMPCAO,1448.5,CRUZ_01,2,AMARELO,0
intenso,1,PREEMPCAO,1449.7,CRUZ_07,1,VERDE,0
intenso,1,PREEMPCAO,1451.5,CRUZ_01,2,VERMELHO,0
intenso,1,PREEMPCAO,1451.5,CRUZ_04,2,AMARELO,0
intenso,1,PREEMPCAO,1453.5,CRUZ_01,1,VERDE,0
intenso,1,PREEMPCAO,1454.0,CRUZ_03,1,AMARELO,0
intenso,1,PREEMPCAO,1454.5,CRUZ_04,2,VERMELHO,0
intenso,1,PREEMPCAO,1455.2,CRUZ_08,2,AMARELO,0
intenso,1,PREEMPCAO,1456.5,CRUZ_04,1,VERDE,0
intenso,1,PREEMPCAO,1457.0,CRUZ_03,1,VERMELHO,0
intenso,1,PREEMPCAO,1458.2,CRUZ_08,2,VERMELHO,0
intenso,1,PREEMPCAO,1459.0,CRUZ_03,2,VERDE,0
intenso,1,PREEMPCAO,1460.2,CRUZ_08,1,VERDE,0
intenso,1,PREEMPCAO,1460.9,CRUZ_05,2,AMARELO,0
intenso,1,PREEMPCAO,1463.9,CRUZ_05,2,VERMELHO,0
intenso,1,PREEMPCAO,1465.9,CRUZ_05,1,VERDE,0
intenso,1,PREEMPCAO,1471.3,CRUZ_02,1,AMARELO,0
intenso,1,PREEMPCAO,1474.3,CRUZ_02,1,VERMELHO,0
intenso,1,PREEMPCAO,1476.3,CRUZ_02,2,VERDE,0
intenso,1,PREEMPCAO,1476.7,CRUZ_06,2,AMARELO,0
intenso,1,PREEMPCAO,1479.7,CRUZ_06,2,VERMELHO,0
intenso,1,PREEMPCAO,1479.7,CRUZ_07,1,AMARELO,0
intenso,1,PREEMPCAO,1481.7,CRUZ_06,1,VERDE,0
intenso,1,PREEMPCAO,1482.7,CRUZ_07,1,VERMELHO,0
intenso,1,PREEMPCAO,1483.5,CRUZ_01,1,AMARELO,0
intenso,1,PREEMPCAO,1484.7,CRUZ_07,2,VERDE,0
intenso,1,PREEMPCAO,1486.5,CRUZ_01,1,VERMELHO,0
intenso,1,PREEMPCAO,1486.5,CRUZ_04,1,AMARELO,0
intenso,1,PREEMPCAO,1488.5,CRUZ_01,2,VERDE,0
intenso,1,PREEMPCAO,1489.0,CRUZ_03,2,AMARELO,0
intenso,1,PREEMPCAO,1489.5,CRUZ_04,1,VERMELHO,0
intenso,1,PREEMPCAO,1490.2,CRUZ_08,1,AMARELO,0
intenso,1,PREEMPCAO,1491.5,CRUZ_04,2,VERDE,0
intenso,1,PREEMPCAO,1492.0,CRUZ_03,2,VERMELHO,0
intenso,1,PREEMPCAO,1493.2,CRUZ_08,1,VERMELHO,0
intenso,1,PREEMPCAO,1494.0,CRUZ_03,1,VERDE,0
intenso,1,PREEMPCAO,1495.2,CRUZ_08,2,VERDE,0
intenso,1,PREEMPCAO,1495.9,CRUZ_05,1,AMARELO,0
intenso,1,PREEMPCAO,1498.9,CRUZ_05,1,VERMELHO,0
intenso,1,PREEMPCAO,1500.9,CRUZ_05,2,VERDE,0
intenso,1,PREEMPCAO,1504.2,CRUZ_01,2,AMARELO,1
intenso,1,PREEMPCAO,1506.3,CRUZ_02,2,AMARELO,0
intenso,1,PREEMPCAO,1507.2,CRUZ_01,2,VERMELHO,1
intenso,1,PREEMPCAO,1509.2,CRUZ_01,1,VERDE,1
intenso,1,PREEMPCAO,1509.3,CRUZ_02,2,VERMELHO,0
intenso,1,PREEMPCAO,1511.3,CRUZ_02,1,VERDE,0
intenso,1,PREEMPCAO,1511.7,CRUZ_06,1,AMARELO,0
intenso,1,PREEMPCAO,1514.7,CRUZ_06,1,VERMELHO,0
intenso,1,PREEMPCAO,1514.7,CRUZ_07,2,AMARELO,0
intenso,1,PREEMPCAO,1516.7,CRUZ_06,2,VERDE,0
intenso,1,PREEMPCAO,1517.7,CRUZ_07,2,VERMELHO,0
intenso,1,PREEMPCAO,1519.7,CRUZ_07,1,VERDE,0
intenso,1,PREEMPCAO,1521.5,CRUZ_04,2,AMARELO,0
intenso,1,PREEMPCAO,1524.0,CRUZ_03,1,AMARELO,0
intenso,1,PREEMPCAO,1524.5,CRUZ_04,2,VERMELHO,0
intenso,1,PREEMPCAO,1525.2,CRUZ_08,2,AMARELO,0
intenso,1,PREEMPCAO,1526.5,CRUZ_04,1,VERDE,0
intenso,1,PREEMPCAO,1527.0,CRUZ_03,1,VERMELHO,0
intenso,1,PREEMPCAO,1528.2,CRUZ_08,2,VERMELHO,0
intenso,1,PREEMPCAO,1529.0,CRUZ_03,2,VERDE,0
intenso,1,PREEMPCAO,1530.2,CRUZ_08,1,VERDE,0
intenso,1,PREEMPCAO,1530.9,CRUZ_05,2,AMARELO,0
intenso,1,PREEMPCAO,1533.9,CRUZ_05,2,VERMELHO,0
intenso,1,PREEMPCAO,1535.9,CRUZ_05,1,VERDE,0
intenso,1,PREEMPCAO,1539.2,CRUZ_01,1,AMARELO,0
intenso,1,PREEMPCAO,1541.3,CRUZ_02,1,AMARELO,0
intenso,1,PREEMPCAO,1542.2,CRUZ_01,1,VERMELHO,0
intenso,1,PREEMPCAO,1544.2,CRUZ_01,2,VERDE,0
intenso,1,PREEMPCAO,1544.3,CRUZ_02,1,VERMELHO,0
intenso,1,PREEMPCAO,1546.3,CRUZ_02,2,VERDE,0
intenso,1,PREEMPCAO,1546.7,CRUZ_06,2,AMARELO,0
intenso,1,PREEMPCAO,1549.7,CRUZ_06,2,VERMELHO,0
intenso,1,PREEMPCAO,1549.7,CRUZ_07,1,AMARELO,0
intenso,1,PREEMPCAO,1551.7,CRUZ_06,1,VERDE,0
intenso,1,PREEMPCAO,1552.7,CRUZ_07,1,VERMELHO,0
intenso,1,PREEMPCAO,1554.7,CRUZ_07,2,VERDE,0
intenso,1,PREEMPCAO,1556.5,CRUZ_02,2,AMARELO,1
intenso,1,PREEMPCAO,1556.5,CRUZ_04,1,AMARELO,0
intenso,1,PREEMPCAO,1559.0,CRUZ_03,2,AMARELO,0
intenso,1,PREEMPCAO,1559.5,CRUZ_02,2,VERMELHO,1
intenso,1,PREEMPCAO,1559.5,CRUZ_04,1,VERMELHO,0
intenso,1,PREEMPCAO,1560.2,CRUZ_08,1,AMARELO,0
intenso,1,PREEMPCAO,1561.5,CRUZ_02,1,VERDE,1
intenso,1,PREEMPCAO,1561.5,CRUZ_04,2,VERDE,0
intenso,1,PREEMPCAO,1562.0,CRUZ_03,2,VERMELHO,0
intenso,1,PREEMPCAO,1563.2,CRUZ_08,1,VERMELHO,0
intenso,1,PREEMPCAO,1564.0,CRUZ_03,1,VERDE,0
intenso,1,PREEMPCAO,1565.2,CRUZ_08,2,VERDE,0
intenso,1,PREEMPCAO,1565.9,CRUZ_05,1,AMARELO,0
intenso,1,PREEMPCAO,1568.9,CRUZ_05,1,VERMELHO,0
intenso,1,PREEMPCAO,1570.9,CRUZ_05,2,VERDE,0
intenso,1,PREEMPCAO,1574.2,CRUZ_01,2,AMARELO,0
intenso,1,PREEMPCAO,1577.2,CRUZ_01,2,VERMELHO,0
intenso,1,PREEMPCAO,1579.2,CRUZ_01,1,VERDE,0
intenso,1,PREEMPCAO,1581.7,CRUZ_06,1,AMARELO,0
intenso,1,PREEMPCAO,1584.7,CRUZ_06,1,VERMELHO,0
intenso,1,PREEMPCAO,1584.7,CRUZ_07,2,AMARELO,0
intenso,1,PREEMPCAO,1586.7,CRUZ_06,2,VERDE,0
intenso,1,PREEMPCAO,1587.7,CRUZ_07,2,VERMELHO,0
intenso,1,PREEMPCAO,1589.7,CRUZ_07,1,VERDE,0
intenso,1,PREEMPCAO,1591.5,CRUZ_02,1,AMARELO,0
intenso,1,PREEMPCAO,1591.5,CRUZ_04,2,AMARELO,0
intenso,1,PREEMPCAO,1594.0,CRUZ_03,1,AMARELO,0
intenso,1,PREEMPCAO,1594.5,CRUZ_02,1,VERMELHO,0
intenso,1,PREEMPCAO,1594.5,CRUZ_04,2,VERMELHO,0
intenso,1,PREEMPCAO,1595.2,CRUZ_08,2,AMARELO,0
intenso,1,PREEMPCAO,1596.5,CRUZ_02,2,VERDE,0
intenso,1,PREEMPCAO,1596.5,CRUZ_04,1,VERDE,0
intenso,1,PREEMPCAO,1597.0,CRUZ_03,1,VERMELHO,0
intenso,1,PREEMPCAO,1598.2,CRUZ_08,2,VERMELHO,0
intenso,1,PREEMPCAO,1599.0,CRUZ_03,2,VERDE,0
intenso,1,PREEMPCAO,1600.2,CRUZ_08,1,VERDE,0
intenso,1,PREEMPCAO,1600.9,CRUZ_05,2,AMARELO,0
intenso,1,PREEMPCAO,1603.9,CRUZ_05,2,VERMELHO,0
intenso,1,PREEMPCAO,1605.9,CRUZ_05,1,VERDE,0
intenso,1,PREEMPCAO,1608.9,CRUZ_03,2,AMARELO,1
intenso,1,PREEMPCAO,1609.2,CRUZ_01,1,AMARELO,0
intenso,1,PREEMPCAO,1611.9,CRUZ_03,2,VERMELHO,1
intenso,1,PREEMPCAO,1612.2,CRUZ_01,1,VERMELHO,0
intenso,1,PREEMPCAO,1613.9,CRUZ_03,1,VERDE,1
intenso,1,PREEMPCAO,1614.2,CRUZ_01,2,VERDE,0
intenso,1,PREEMPCAO,1616.7,CRUZ_06,2,AMARELO,0
intenso,1,PREEMPCAO,1619.7,CRUZ_06,2,VERMELHO,0
intenso,1,PREEMPCAO,1619.7,CRUZ_07,1,AMARELO,0
intenso,1,PREEMPCAO,1621.7,CRUZ_06,1,VERDE,0
intenso,1,PREEMPCAO,1622.7,CRUZ_07,1,VERMELHO,0
intenso,1,PREEMPCAO,1624.7,CRUZ_07,2,VERDE,0
intenso,1,PREEMPCAO,1626.5,CRUZ_02,2,AMARELO,0
intenso,1,PREEMPCAO,1626.5,CRUZ_04,1,AMARELO,0
intenso,1,PREEMPCAO,1629.5,CRUZ_02,2,VERMELHO,0
intenso,1,PREEMPCAO,1629.5,CRUZ_04,1,VERMELHO,0
intenso,1,PREEMPCAO,1630.2,CRUZ_08,1,AMARELO,0
intenso,1,PREEMPCAO,1631.5,CRUZ_02,1,VERDE,0
intenso,1,PREEMPCAO,1631.5,CRUZ_04,2,VERDE,0
intenso,1,PREEMPCAO,1633.2,CRUZ_08,1,VERMELHO,0
intenso,1,PREEMPCAO,1635.2,CRUZ_08,2,VERDE,0
intenso,1,PREEMPCAO,1635.9,CRUZ_05,1,AMARELO,0
intenso,1,PREEMPCAO,1638.9,CRUZ_05,1,VERMELHO,0
intenso,1,PREEMPCAO,1640.9,CRUZ_05,2,VERDE,0
intenso,1,PREEMPCAO,1643.9,CRUZ_03,1,AMARELO,0
intenso,1,PREEMPCAO,1644.2,CRUZ_01,2,AMARELO,0
intenso,1,PREEMPCAO,1646.9,CRUZ_03,1,VERMELHO,0
intenso,1,PREEMPCAO,1647.2,CRUZ_01,2,VERMELHO,0
intenso,1,PREEMPCAO,1648.9,CRUZ_03,2,VERDE,0
intenso,1,PREEMPCAO,1649.2,CRUZ_01,1,VERDE,0
intenso,1,PREEMPCAO,1651.7,CRUZ_06,1,AMARELO,0
intenso,1,PREEMPCAO,1654.7,CRUZ_06,1,VERMELHO,0
intenso,1,PREEMPCAO,1654.7,CRUZ_07,2,AMARELO,0
intenso,1,PREEMPCAO,1656.7,CRUZ_06,2,VERDE,0
intenso,1,PREEMPCAO,1657.7,CRUZ_07,2,VERMELHO,0
intenso,1,PREEMPCAO,1659.7,CRUZ_07,1,VERDE,0
intenso,1,PREEMPCAO,1661.0,CRUZ_04,2,AMARELO,1
intenso,1,PREEMPCAO,1661.5,CRUZ_02,1,AMARELO,0
intenso,1,PREEMPCAO,1664.0,CRUZ_04,2,VERMELHO,1
intenso,1,PREEMPCAO,1664.5,CRUZ_02,1,VERMELHO,0
intenso,1,PREEMPCAO,1665.2,CRUZ_08,2,AMARELO,0
intenso,1,PREEMPCAO,1666.0,CRUZ_04,1,VERDE,1
intenso,1,PREEMPCAO,1666.5,CRUZ_02,2,VERDE,0
intenso,1,PREEMPCAO,1668.2,CRUZ_08,2,VERMELHO,0
intenso,1,PREEMPCAO,1670.2,CRUZ_08,1,VERDE,0
intenso,1,PREEMPCAO,1670.9,CRUZ_05,2,AMARELO,0
intenso,1,PREEMPCAO,1673.9,CRUZ_05,2,VERMELHO,0
intenso,1,PREEMPCAO,1675.9,CRUZ_05,1,VERDE,0
intenso,1,PREEMPCAO,1678.9,CRUZ_03,2,AMARELO,0
intenso,1,PREEMPCAO,1679.2,CRUZ_01,1,AMARELO,0
intenso,1,PREEMPCAO,1681.9,CRUZ_03,2,VERMELHO,0
intenso,1,PREEMPCAO,1682.2,CRUZ_01,1,VERMELHO,0
intenso,1,PREEMPCAO,1683.9,CRUZ_03,1,VERDE,0
intenso,1,PREEMPCAO,1684.2,CRUZ_01,2,VERDE,0
intenso,1,PREEMPCAO,1686.7,CRUZ_06,2,AMARELO,0
intenso,1,PREEMPCAO,1689.7,CRUZ_06,2,VERMELHO,0
intenso,1,PREEMPCAO,1689.7,CRUZ_07,1,AMARELO,0
intenso,1,PREEMPCAO,1691.7,CRUZ_06,1,VERDE,0
intenso,1,PREEMPCAO,1692.7,CRUZ_07,1,VERMELHO,0
intenso,1,PREEMPCAO,1694.7,CRUZ_07,2,VERDE,0
intenso,1,PREEMPCAO,1696.0,CRUZ_04,1,AMARELO,0
intenso,1,PREEMPCAO,1696.5,CRUZ_02,2,AMARELO,0
intenso,1,PREEMPCAO,1699.0,CRUZ_04,1,VERMELHO,0
intenso,1,PREEMPCAO,1699.5,CRUZ_02,2,VERMELHO,0
intenso,1,PREEMPCAO,1700.2,CRUZ_08,1,AMARELO,0
intenso,1,PREEMPCAO,1701.0,CRUZ_04,2,VERDE,0
intenso,1,PREEMPCAO,1701.5,CRUZ_02,1,VERDE,0
intenso,1,PREEMPCAO,1703.2,CRUZ_08,1,VERMELHO,0
intenso,1,PREEMPCAO,1705.2,CRUZ_08,2,VERDE,0
intenso,1,PREEMPCAO,1705.9,CRUZ_05,1,AMARELO,0
intenso,1,PREEMPCAO,1708.9,CRUZ_05,1,VERMELHO,0
intenso,1,PREEMPCAO,1710.9,CRUZ_05,2,VERDE,0
intenso,1,PREEMPCAO,1713.9,CRUZ_03,1,AMARELO,0
intenso,1,PREEMPCAO,1714.2,CRUZ_01,2,AMARELO,0
intenso,1,PREEMPCAO,1716.9,CRUZ_03,1,VERMELHO,0
intenso,1,PREEMPCAO,1717.2,CRUZ_01,2,VERMELHO,0
intenso,1,PREEMPCAO,1718.9,CRUZ_03,2,VERDE,0
intenso,1,PREEMPCAO,1719.2,CRUZ_01,1,VERDE,0
intenso,1,PREEMPCAO,1721.7,CRUZ_06,1,AMARELO,0
intenso,1,PREEMPCAO,1724.7,CRUZ_06,1,VERMELHO,0
intenso,1,PREEMPCAO,1724.7,CRUZ_07,2,AMARELO,0
intenso,1,PREEMPCAO,1726.7,CRUZ_06,2,VERDE,0
intenso,1,PREEMPCAO,1727.7,CRUZ_07,2,VERMELHO,0
intenso,1,PREEMPCAO,1729.7,CRUZ_07,1,VERDE,0
intenso,1,PREEMPCAO,1731.0,CRUZ_04,2,AMARELO,0
intenso,1,PREEMPCAO,1731.5,CRUZ_02,1,AMARELO,0
intenso,1,PREEMPCAO,1734.0,CRUZ_04,2,VERMELHO,0
intenso,1,PREEMPCAO,1734.5,CRUZ_02,1,VERMELHO,0
intenso,1,PREEMPCAO,1735.7,CRUZ_08,2,AMARELO,0
intenso,1,PREEMPCAO,1736.0,CRUZ_04,1,VERDE,0
intenso,1,PREEMPCAO,1736.5,CRUZ_02,2,VERDE,0
intenso,1,PREEMPCAO,1738.7,CRUZ_08,2,VERMELHO,0
intenso,1,PREEMPCAO,1740.7,CRUZ_08,1,VERDE,0
intenso,1,PREEMPCAO,1740.9,CRUZ_05,2,AMARELO,0
intenso,1,PREEMPCAO,1743.9,CRUZ_05,2,VERMELHO,0
intenso,1,PREEMPCAO,1745.9,CRUZ_05,1,VERDE,0
intenso,1,PREEMPCAO,1748.9,CRUZ_03,2,AMARELO,0
intenso,1,PREEMPCAO,1749.2,CRUZ_01,1,AMARELO,0
intenso,1,PREEMPCAO,1751.9,CRUZ_03,2,VERMELHO,0
intenso,1,PREEMPCAO,1752.2,CRUZ_01,1,VERMELHO,0
intenso,1,PREEMPCAO,1753.9,CRUZ_03,1,VERDE,0
intenso,1,PREEMPCAO,1754.2,CRUZ_01,2,VERDE,0
intenso,1,PREEMPCAO,1756.7,CRUZ_06,2,AMARELO,0
intenso,1,PREEMPCAO,1759.7,CRUZ_06,2,VERMELHO,0
intenso,1,PREEMPCAO,1760.2,CRUZ_07,1,AMARELO,0
intenso,1,PREEMPCAO,1761.7,CRUZ_06,1,VERDE,0
intenso,1,PREEMPCAO,1763.2,CRUZ_07,1,VERMELHO,0
intenso,1,PREEMPCAO,1765.2,CRUZ_07,2,VERDE,0
intenso,1,PREEMPCAO,1766.0,CRUZ_04,1,AMARELO,0
intenso,1,PREEMPCAO,1766.5,CRUZ_02,2,AMARELO,0
intenso,1,PREEMPCAO,1769.0,CRUZ_04,1,VERMELHO,0
intenso,1,PREEMPCAO,1769.5,CRUZ_02,2,VERMELHO,0
intenso,1,PREEMPCAO,1770.7,CRUZ_08,1,AMARELO,0
intenso,1,PREEMPCAO,1771.0,CRUZ_04,2,VERDE,0
intenso,1,PREEMPCAO,1771.5,CRUZ_02,1,VERDE,0
intenso,1,PREEMPCAO,1773.7,CRUZ_08,1,VERMELHO,0
intenso,1,PREEMPCAO,1775.7,CRUZ_08,2,VERDE,0
intenso,1,PREEMPCAO,1775.9,CRUZ_05,1,AMARELO,0
intenso,1,PREEMPCAO,1778.9,CRUZ_05,1,VERMELHO,0
intenso,1,PREEMPCAO,1780.9,CRUZ_05,2,VERDE,0
intenso,1,PREEMPCAO,1783.9,CRUZ_03,1,AMARELO,0
intenso,1,PREEMPCAO,1784.2,CRUZ_01,2,AMARELO,0
intenso,1,PREEMPCAO,1786.9,CRUZ_03,1,VERMELHO,0
intenso,1,PREEMPCAO,1787.2,CRUZ_01,2,VERMELHO,0
intenso,1,PREEMPCAO,1788.9,CRUZ_03,2,VERDE,0
intenso,1,PREEMPCAO,1789.2,CRUZ_01,1,VERDE,0
intenso,1,PREEMPCAO,1791.7,CRUZ_06,1,AMARELO,0
intenso,1,PREEMPCAO,1794.7,CRUZ_06,1,VERMELHO,0
intenso,1,PREEMPCAO,1795.2,CRUZ_07,2,AMARELO,0
intenso,1,PREEMPCAO,1796.7,CRUZ_06,2,VERDE,0
intenso,1,PREEMPCAO,1798.2,CRUZ_07,2,VERMELHO,0
intenso,1,PREEMPCAO,1800.2,CRUZ_07,1,VERDE,0
intenso,1,PREEMPCAO,1801.0,CRUZ_04,2,AMARELO,0
intenso,1,PREEMPCAO,1801.5,CRUZ_02,1,AMARELO,0
intenso,1,PREEMPCAO,1804.0,CRUZ_04,2,VERMELHO,0
intenso,1,PREEMPCAO,1804.5,CRUZ_02,1,VERMELHO,0
intenso,1,PREEMPCAO,1805.7,CRUZ_08,2,AMARELO,0
intenso,1,PREEMPCAO,1806.0,CRUZ_04,1,VERDE,0
intenso,1,PREEMPCAO,1806.3,CRUZ_05,2,AMARELO,1
intenso,1,PREEMPCAO,1806.5,CRUZ_02,2,VERDE,0
intenso,1,PREEMPCAO,1808.7,CRUZ_08,2,VERMELHO,0
intenso,1,PREEMPCAO,1809.3,CRUZ_05,2,VERMELHO,1
intenso,1,PREEMPCAO,1810.7,CRUZ_08,1,VERDE,0
intenso,1,PREEMPCAO,1811.3,CRUZ_05,1,VERDE,1
intenso,1,PREEMPCAO,1818.9,CRUZ_03,2,AMARELO,0
intenso,1,PREEMPCAO,1819.2,CRUZ_01,1,AMARELO,0
intenso,1,PREEMPCAO,1821.9,CRUZ_03,2,VERMELHO,0
intenso,1,PREEMPCAO,1822.2,CRUZ_01,1,VERMELHO,0
intenso,1,PREEMPCAO,1823.9,CRUZ_03,1,VERDE,0
intenso,1,PREEMPCAO,1824.2,CRUZ_01,2,VERDE,0
intenso,1,PREEMPCAO,1826.7,CRUZ_06,2,AMARELO,0
intenso,1,PREEMPCAO,1829.7,CRUZ_06,2,VERMELHO,0
intenso,1,PREEMPCAO,1830.2,CRUZ_07,1,AMARELO,0
intenso,1,PREEMPCAO,1831.7,CRUZ_06,1,VERDE,0
intenso,1,PREEMPCAO,1833.2,CRUZ_07,1,VERMELHO,0
intenso,1,PREEMPCAO,1835.2,CRUZ_07,2,VERDE,0
intenso,1,PREEMPCAO,1836.0,CRUZ_04,1,AMARELO,0
intenso,1,PREEMPCAO,1836.5,CRUZ_02,2,AMARELO,0
intenso,1,PREEMPCAO,1839.0,CRUZ_04,1,VERMELHO,0
intenso,1,PREEMPCAO,1839.5,CRUZ_02,2,VERMELHO,0
intenso,1,PREEMPCAO,1840.7,CRUZ_08,1,AMARELO,0
intenso,1,PREEMPCAO,1841.0,CRUZ_04,2,VERDE,0
intenso,1,PREEMPCAO,1841.3,CRUZ_05,1,AMARELO,0
intenso,1,PREEMPCAO,1841.5,CRUZ_02,1,VERDE,0
intenso,1,PREEMPCAO,1843.7,CRUZ_08,1,VERMELHO,0
intenso,1,PREEMPCAO,1844.3,CRUZ_05,1,VERMELHO,0
intenso,1,PREEMPCAO,1845.7,CRUZ_08,2,VERDE,0
intenso,1,PREEMPCAO,1846.3,CRUZ_05,2,VERDE,0
intenso,1,PREEMPCAO,1853.9,CRUZ_03,1,AMARELO,0
intenso,1,PREEMPCAO,1854.2,CRUZ_01,2,AMARELO,0
intenso,1,PREEMPCAO,1856.9,CRUZ_03,1,VERMELHO,0
intenso,1,PREEMPCAO,1857.2,CRUZ_01,2,VERMELHO,0
intenso,1,PREEMPCAO,1858.9,CRUZ_03,2,VERDE,0
intenso,1,PREEMPCAO,1859.2,CRUZ_01,1,VERDE,0
intenso,1,PREEMPCAO,1861.7,CRUZ_06,1,AMARELO,0
intenso,1,PREEMPCAO,1864.7,CRUZ_06,1,VERMELHO,0
intenso,1,PREEMPCAO,1865.2,CRUZ_07,2,AMARELO,0
intenso,1,PREEMPCAO,1866.7,CRUZ_06,2,VERDE,0
intenso,1,PREEMPCAO,1868.2,CRUZ_07,2,VERMELHO,0
intenso,1,PREEMPCAO,1870.2,CRUZ_07,1,VERDE,0
intenso,1,PREEMPCAO,1871.0,CRUZ_04,2,AMARELO,0
intenso,1,PREEMPCAO,1871.5,CRUZ_02,1,AMARELO,0
intenso,1,PREEMPCAO,1874.0,CRUZ_04,2,VERMELHO,0
intenso,1,PREEMPCAO,1874.5,CRUZ_02,1,VERMELHO,0
intenso,1,PREEMPCAO,1875.7,CRUZ_08,2,AMARELO,0
intenso,1,PREEMPCAO,1876.0,CRUZ_04,1,VERDE,0
intenso,1,PREEMPCAO,1876.3,CRUZ_05,2,AMARELO,0
intenso,1,PREEMPCAO,1876.5,CRUZ_02,2,VERDE,0
intenso,1,PREEMPCAO,1878.7,CRUZ_08,2,VERMELHO,0
intenso,1,PREEMPCAO,1879.3,CRUZ_05,2,VERMELHO,0
intenso,1,PREEMPCAO,1880.7,CRUZ_08,1,VERDE,0
intenso,1,PREEMPCAO,1881.3,CRUZ_05,1,VERDE,0
intenso,1,PREEMPCAO,1888.9,CRUZ_03,2,AMARELO,0
intenso,1,PREEMPCAO,1889.2,CRUZ_01,1,AMARELO,0
intenso,1,PREEMPCAO,1891.9,CRUZ_03,2,VERMELHO,0
intenso,1,PREEMPCAO,1892.2,CRUZ_01,1,VERMELHO,0
intenso,1,PREEMPCAO,1893.9,CRUZ_03,1,VERDE,0
intenso,1,PREEMPCAO,1894.2,CRUZ_01,2,VERDE,0
intenso,1,PREEMPCAO,1896.7,CRUZ_06,2,AMARELO,0
intenso,1,PREEMPCAO,1899.7,CRUZ_06,2,VERMELHO,0
intenso,1,PREEMPCAO,1900.2,CRUZ_07,1,AMARELO,0
intenso,1,PREEMPCAO,1901.7,CRUZ_06,1,VERDE,0
intenso,1,PREEMPCAO,1903.2,CRUZ_07,1,VERMELHO,0
intenso,1,PREEMPCAO,1905.2,CRUZ_07,2,VERDE,0
intenso,1,PREEMPCAO,1906.0,CRUZ_04,1,AMARELO,0
intenso,1,PREEMPCAO,1906.5,CRUZ_02,2,AMARELO,0
intenso,1,PREEMPCAO,1909.0,CRUZ_04,1,VERMELHO,0
intenso,1,PREEMPCAO,1909.5,CRUZ_02,2,VERMELHO,0
intenso,1,PREEMPCAO,1910.7,CRUZ_08,1,AMARELO,0
intenso,1,PREEMPCAO,1911.0,CRUZ_04,2,VERDE,0
intenso,1,PREEMPCAO,1911.3,CRUZ_05,1,AMARELO,0
intenso,1,PREEMPCAO,1911.5,CRUZ_02,1,VERDE,0
intenso,1,PREEMPCAO,1913.7,CRUZ_08,1,VERMELHO,0
intenso,1,PREEMPCAO,1914.3,CRUZ_05,1,VERMELHO,0
intenso,1,PREEMPCAO,1915.7,CRUZ_08,2,VERDE,0
intenso,1,PREEMPCAO,1916.3,CRUZ_05,2,VERDE,0
intenso,1,PREEMPCAO,1923.9,CRUZ_03,1,AMARELO,0
intenso,1,PREEMPCAO,1924.2,CRUZ_01,2,AMARELO,0
intenso,1,PREEMPCAO,1926.9,CRUZ_03,1,VERMELHO,0
intenso,1,PREEMPCAO,1927.2,CRUZ_01,2,VERMELHO,0
intenso,1,PREEMPCAO,1928.9,CRUZ_03,2,VERDE,0
intenso,1,PREEMPCAO,1929.2,CRUZ_01,1,VERDE,0
intenso,1,PREEMPCAO,1931.7,CRUZ_06,1,AMARELO,0
intenso,1,PREEMPCAO,1934.7,CRUZ_06,1,VERMELHO,0
intenso,1,PREEMPCAO,1935.2,CRUZ_07,2,AMARELO,0
intenso,1,PREEMPCAO,1936.7,CRUZ_06,2,VERDE,0
intenso,1,PREEMPCAO,1938.2,CRUZ_07,2,VERMELHO,0
intenso,1,PREEMPCAO,1940.2,CRUZ_07,1,VERDE,0
intenso,1,PREEMPCAO,1941.0,CRUZ_04,2,AMARELO,0
intenso,1,PREEMPCAO,1941.5,CRUZ_02,1,AMARELO,0
intenso,1,PREEMPCAO,1944.0,CRUZ_04,2,VERMELHO,0
intenso,1,PREEMPCAO,1944.5,CRUZ_02,1,VERMELHO,0
intenso,1,PREEMPCAO,1945.7,CRUZ_08,2,AMARELO,0
intenso,1,PREEMPCAO,1946.0,CRUZ_04,1,VERDE,0
intenso,1,PREEMPCAO,1946.3,CRUZ_05,2,AMARELO,0
intenso,1,PREEMPCAO,1946.5,CRUZ_02,2,VERDE,0
intenso,1,PREEMPCAO,1948.7,CRUZ_08,2,VERMELHO,0
intenso,1,PREEMPCAO,1949.3,CRUZ_05,2,VERMELHO,0
intenso,1,PREEMPCAO,1950.7,CRUZ_08,1,VERDE,0
intenso,1,PREEMPCAO,1951.3,CRUZ_05,1,VERDE,0
intenso,1,PREEMPCAO,1958.9,CRUZ_03,2,AMARELO,0
intenso,1,PREEMPCAO,1959.2,CRUZ_01,1,AMARELO,0
intenso,1,PREEMPCAO,1961.9,CRUZ_03,2,VERMELHO,0
intenso,1,PREEMPCAO,1962.2,CRUZ_01,1,VERMELHO,0
intenso,1,PREEMPCAO,1963.9,CRUZ_03,1,VERDE,0
intenso,1,PREEMPCAO,1964.2,CRUZ_01,2,VERDE,0
intenso,1,PREEMPCAO,1966.7,CRUZ_06,2,AMARELO,0
intenso,1,PREEMPCAO,1969.7,CRUZ_06,2,VERMELHO,0
intenso,1,PREEMPCAO,1970.2,CRUZ_07,1,AMARELO,0
intenso,1,PREEMPCAO,1971.7,CRUZ_06,1,VERDE,0
intenso,1,PREEMPCAO,1973.2,CRUZ_07,1,VERMELHO,0
intenso,1,PREEMPCAO,1975.2,CRUZ_07,2,VERDE,0
intenso,1,PREEMPCAO,1976.0,CRUZ_04,1,AMARELO,0
intenso,1,PREEMPCAO,1976.5,CRUZ_02,2,AMARELO,0
intenso,1,PREEMPCAO,1979.0,CRUZ_04,1,VERMELHO,0
intenso,1,PREEMPCAO,1979.5,CRUZ_02,2,VERMELHO,0
intenso,1,PREEMPCAO,1980.7,CRUZ_08,1,AMARELO,0
intenso,1,PREEMPCAO,1981.0,CRUZ_04,2,VERDE,0
intenso,1,PREEMPCAO,1981.3,CRUZ_05,1,AMARELO,0
intenso,1,PREEMPCAO,1981.5,CRUZ_02,1,VERDE,0
intenso,1,PREEMPCAO,1983.7,CRUZ_08,1,VERMELHO,0
intenso,1,PREEMPCAO,1984.3,CRUZ_05,1,VERMELHO,0
intenso,1,PREEMPCAO,1985.7,CRUZ_08,2,VERDE,0
intenso,1,PREEMPCAO,1986.3,CRUZ_05,2,VERDE,0
intenso,1,PREEMPCAO,1993.9,CRUZ_03,1,AMARELO,0
intenso,1,PREEMPCAO,1994.2,CRUZ_01,2,AMARELO,0
intenso,1,PREEMPCAO,1996.9,CRUZ_03,1,VERMELHO,0
intenso,1,PREEMPCAO,1997.2,CRUZ_01,2,VERMELHO,0
intenso,1,PREEMPCAO,1998.9,CRUZ_03,2,VERDE,0
intenso,1,PREEMPCAO,1999.2,CRUZ_01,1,VERDE,0
intenso,1,PREEMPCAO,2001.7,CRUZ_06,1,AMARELO,0
intenso,1,PREEMPCAO,2004.7,CRUZ_06,1,VERMELHO,0
intenso,1,PREEMPCAO,2005.2,CRUZ_07,2,AMARELO,0
intenso,1,PREEMPCAO,2006.7,CRUZ_06,2,VERDE,0
intenso,1,PREEMPCAO,2008.2,CRUZ_07,2,VERMELHO,0
intenso,1,PREEMPCAO,2010.2,CRUZ_07,1,VERDE,0
intenso,1,PREEMPCAO,2011.0,CRUZ_04,2,AMARELO,0
intenso,1,PREEMPCAO,2011.5,CRUZ_02,1,AMARELO,0
intenso,1,PREEMPCAO,2014.0,CRUZ_04,2,VERMELHO,0
intenso,1,PREEMPCAO,2014.5,CRUZ_02,1,VERMELHO,0
intenso,1,PREEMPCAO,2015.7,CRUZ_08,2,AMARELO,0
intenso,1,PREEMPCAO,2016.0,CRUZ_04,1,VERDE,0
intenso,1,PREEMPCAO,2016.3,CRUZ_05,2,AMARELO,0
intenso,1,PREEMPCAO,2016.5,CRUZ_02,2,VERDE,0
intenso,1,PREEMPCAO,2018.7,CRUZ_08,2,VERMELHO,0
intenso,1,PREEMPCAO,2019.3,CRUZ_05,2,VERMELHO,0
intenso,1,PREEMPCAO,2020.7,CRUZ_08,1,VERDE,0
intenso,1,PREEMPCAO,2021.3,CRUZ_05,1,VERDE,0
intenso,1,PREEMPCAO,2028.9,CRUZ_03,2,AMARELO,0
intenso,1,PREEMPCAO,2029.2,CRUZ_01,1,AMARELO,0
intenso,1,PREEMPCAO,2031.9,CRUZ_03,2,VERMELHO,0
intenso,1,PREEMPCAO,2032.2,CRUZ_01,1,VERMELHO,0
intenso,1,PREEMPCAO,2033.9,CRUZ_03,1,VERDE,0
intenso,1,PREEMPCAO,2034.2,CRUZ_01,2,VERDE,0
intenso,1,PREEMPCAO,2036.7,CRUZ_06,2,AMARELO,0
intenso,1,PREEMPCAO,2039.7,CRUZ_06,2,VERMELHO,0
intenso,1,PREEMPCAO,2040.2,CRUZ_07,1,AMARELO,0
intenso,1,PREEMPCAO,2041.7,CRUZ_06,1,VERDE,0
intenso,1,PREEMPCAO,2043.2,CRUZ_07,1,VERMELHO,0
intenso,1,PREEMPCAO,2045.2,CRUZ_07,2,VERDE,0
intenso,1,PREEMPCAO,2046.0,CRUZ_04,1,AMARELO,0
intenso,1,PREEMPCAO,2046.5,CRUZ_02,2,AMARELO,0
intenso,1,PREEMPCAO,2049.0,CRUZ_04,1,VERMELHO,0
intenso,1,PREEMPCAO,2049.5,CRUZ_02,2,VERMELHO,0
intenso,1,PREEMPCAO,2050.7,CRUZ_08,1,AMARELO,0
intenso,1,PREEMPCAO,2051.0,CRUZ_04,2,VERDE,0
intenso,1,PREEMPCAO,2051.3,CRUZ_05,1,AMARELO,0
intenso,1,PREEMPCAO,2051.5,CRUZ_02,1,VERDE,0
intenso,1,PREEMPCAO,2053.7,CRUZ_08,1,VERMELHO,0
intenso,1,PREEMPCAO,2054.3,CRUZ_05,1,VERMELHO,0
intenso,1,PREEMPCAO,2055.7,CRUZ_08,2,VERDE,0
intenso,1,PREEMPCAO,2056.3,CRUZ_05,2,VERDE,0
intenso,1,PREEMPCAO,2063.9,CRUZ_03,1,AMARELO,0
intenso,1,PREEMPCAO,2064.2,CRUZ_01,2,AMARELO,0
intenso,1,PREEMPCAO,2066.9,CRUZ_03,1,VERMELHO,0
intenso,1,PREEMPCAO,2067.2,CRUZ_01,2,VERMELHO,0
intenso,1,PREEMPCAO,2068.9,CRUZ_03,2,VERDE,0
intenso,1,PREEMPCAO,2069.2,CRUZ_01,1,VERDE,0
intenso,1,PREEMPCAO,2071.7,CRUZ_06,1,AMARELO,0
intenso,1,PREEMPCAO,2074.7,CRUZ_06,1,VERMELHO,0
intenso,1,PREEMPCAO,2075.2,CRUZ_07,2,AMARELO,0
intenso,1,PREEMPCAO,2076.7,CRUZ_06,2,VERDE,0
intenso,1,PREEMPCAO,2078.2,CRUZ_07,2,VERMELHO,0
intenso,1,PREEMPCAO,2080.2,CRUZ_07,1,VERDE,0
intenso,1,PREEMPCAO,2081.0,CRUZ_04,2,AMARELO,0
intenso,1,PREEMPCAO,2081.5,CRUZ_02,1,AMARELO,0
intenso,1,PREEMPCAO,2084.0,CRUZ_04,2,VERMELHO,0
intenso,1,PREEMPCAO,2084.5,CRUZ_02,1,VERMELHO,0
intenso,1,PREEMPCAO,2085.7,CRUZ_08,2,AMARELO,0
intenso,1,PREEMPCAO,2086.0,CRUZ_04,1,VERDE,0
intenso,1,PREEMPCAO,2086.3,CRUZ_05,2,AMARELO,0
intenso,1,PREEMPCAO,2086.5,CRUZ_02,2,VERDE,0
intenso,1,PREEMPCAO,2088.7,CRUZ_08,2,VERMELHO,0
intenso,1,PREEMPCAO,2089.3,CRUZ_05,2,VERMELHO,0
intenso,1,PREEMPCAO,2090.7,CRUZ_08,1,VERDE,0
intenso,1,PREEMPCAO,2091.3,CRUZ_05,1,VERDE,0
intenso,1,PREEMPCAO,2098.9,CRUZ_03,2,AMARELO,0
intenso,1,PREEMPCAO,2099.2,CRUZ_01,1,AMARELO,0
intenso,1,PREEMPCAO,2101.9,CRUZ_03,2,VERMELHO,0
intenso,1,PREEMPCAO,2102.2,CRUZ_01,1,VERMELHO,0
intenso,1,PREEMPCAO,2103.9,CRUZ_03,1,VERDE,0
intenso,1,PREEMPCAO,2104.2,CRUZ_01,2,VERDE,0
intenso,1,PREEMPCAO,2106.7,CRUZ_06,2,AMARELO,0
intenso,1,PREEMPCAO,2109.7,CRUZ_06,2,VERMELHO,0
intenso,1,PREEMPCAO,2110.2,CRUZ_07,1,AMARELO,0
intenso,1,PREEMPCAO,2111.7,CRUZ_06,1,VERDE,0
intenso,1,PREEMPCAO,2113.2,CRUZ_07,1,VERMELHO,0
intenso,1,PREEMPCAO,2115.2,CRUZ_07,2,VERDE,0
intenso,1,PREEMPCAO,2116.0,CRUZ_04,1,AMARELO,0
intenso,1,PREEMPCAO,2116.5,CRUZ_02,2,AMARELO,0
intenso,1,PREEMPCAO,2117.2,CRUZ_01,2,AMARELO,1
intenso,1,PREEMPCAO,2119.0,CRUZ_04,1,VERMELHO,0
intenso,1,PREEMPCAO,2119.5,CRUZ_02,2,VERMELHO,0
intenso,1,PREEMPCAO,2120.2,CRUZ_01,2,VERMELHO,1
intenso,1,PREEMPCAO,2120.7,CRUZ_08,1,AMARELO,0
intenso,1,PREEMPCAO,2121.0,CRUZ_04,2,VERDE,0
intenso,1,PREEMPCAO,2121.3,CRUZ_05,1,AMARELO,0
intenso,1,PREEMPCAO,2121.5,CRUZ_02,1,VERDE,0
intenso,1,PREEMPCAO,2122.2,CRUZ_01,1,VERDE,1
intenso,1,PREEMPCAO,2123.7,CRUZ_08,1,VERMELHO,0
intenso,1,PREEMPCAO,2124.3,CRUZ_05,1,VERMELHO,0
intenso,1,PREEMPCAO,2125.7,CRUZ_08,2,VERDE,0
intenso,1,PREEMPCAO,2126.3,CRUZ_05,2,VERDE,0
intenso,1,PREEMPCAO,2133.9,CRUZ_03,1,AMARELO,0
intenso,1,PREEMPCAO,2136.9,CRUZ_03,1,VERMELHO,0
intenso,1,PREEMPCAO,2138.9,CRUZ_03,2,VERDE,0
intenso,1,PREEMPCAO,2141.7,CRUZ_06,1,AMARELO,0
intenso,1,PREEMPCAO,2144.7,CRUZ_06,1,VERMELHO,0
intenso,1,PREEMPCAO,2145.2,CRUZ_07,2,AMARELO,0
intenso,1,PREEMPCAO,2146.7,CRUZ_06,2,VERDE,0
intenso,1,PREEMPCAO,2148.2,CRUZ_07,2,VERMELHO,0
intenso,1,PREEMPCAO,2150.2,CRUZ_07,1,VERDE,0
intenso,1,PREEMPCAO,2151.0,CRUZ_04,2,AMARELO,0
intenso,1,PREEMPCAO,2151.5,CRUZ_02,1,AMARELO,0
intenso,1,PREEMPCAO,2152.2,CRUZ_01,1,AMARELO,0
intenso,1,PREEMPCAO,2154.0,CRUZ_04,2,VERMELHO,0
intenso,1,PREEMPCAO,2154.5,CRUZ_02,1,VERMELHO,0
intenso,1,PREEMPCAO,2155.2,CRUZ_01,1,VERMELHO,0
intenso,1,PREEMPCAO,2155.7,CRUZ_08,2,AMARELO,0
intenso,1,PREEMPCAO,2156.0,CRUZ_04,1,VERDE,0
intenso,1,PREEMPCAO,2156.3,CRUZ_05,2,AMARELO,0
intenso,1,PREEMPCAO,2156.5,CRUZ_02,2,VERDE,0
intenso,1,PREEMPCAO,2157.2,CRUZ_01,2,VERDE,0
intenso,1,PREEMPCAO,2158.7,CRUZ_08,2,VERMELHO,0
intenso,1,PREEMPCAO,2159.3,CRUZ_05,2,VERMELHO,0
intenso,1,PREEMPCAO,2160.7,CRUZ_08,1,VERDE,0
intenso,1,PREEMPCAO,2161.3,CRUZ_05,1,VERDE,0
intenso,1,PREEMPCAO,2163.5,CRUZ_02,2,AMARELO,1
intenso,1,PREEMPCAO,2166.5,CRUZ_02,2,VERMELHO,1
intenso,1,PREEMPCAO,2168.5,CRUZ_02,1,VERDE,1
intenso,1,PREEMPCAO,2168.9,CRUZ_03,2,AMARELO,0
intenso,1,PREEMPCAO,2171.9,CRUZ_03,2,VERMELHO,0
intenso,1,PREEMPCAO,2173.9,CRUZ_03,1,VERDE,0
intenso,1,PREEMPCAO,2176.7,CRUZ_06,2,AMARELO,0
intenso,1,PREEMPCAO,2179.7,CRUZ_06,2,VERMELHO,0
intenso,1,PREEMPCAO,2180.2,CRUZ_07,1,AMARELO,0
intenso,1,PREEMPCAO,2181.7,CRUZ_06,1,VERDE,0
intenso,1,PREEMPCAO,2183.2,CRUZ_07,1,VERMELHO,0
intenso,1,PREEMPCAO,2185.2,CRUZ_07,2,VERDE,0
intenso,1,PREEMPCAO,2186.0,CRUZ_04,1,AMARELO,0
intenso,1,PREEMPCAO,2187.2,CRUZ_01,2,AMARELO,0
intenso,1,PREEMPCAO,2189.0,CRUZ_04,1,VERMELHO,0
intenso,1,PREEMPCAO,2190.2,CRUZ_01,2,VERMELHO,0
intenso,1,PREEMPCAO,2190.7,CRUZ_08,1,AMARELO,0
intenso,1,PREEMPCAO,2191.0,CRUZ_04,2,VERDE,0
intenso,1,PREEMPCAO,2191.3,CRUZ_05,1,AMARELO,0
intenso,1,PREEMPCAO,2192.2,CRUZ_01,1,VERDE,0
intenso,1,PREEMPCAO,2193.7,CRUZ_08,1,VERMELHO,0
intenso,1,PREEMPCAO,2194.3,CRUZ_05,1,VERMELHO,0
intenso,1,PREEMPCAO,2195.7,CRUZ_08,2,VERDE,0
intenso,1,PREEMPCAO,2196.3,CRUZ_05,2,VERDE,0
intenso,1,PREEMPCAO,2198.5,CRUZ_02,1,AMARELO,0
intenso,1,PREEMPCAO,2201.5,CRUZ_02,1,VERMELHO,0
intenso,1,PREEMPCAO,2203.5,CRUZ_02,2,VERDE,0
intenso,1,PREEMPCAO,2210.4,CRUZ_03,1,AMARELO,0
intenso,1,PREEMPCAO,2211.7,CRUZ_06,1,AMARELO,0
intenso,1,PREEMPCAO,2213.4,CRUZ_03,1,VERMELHO,0
intenso,1,PREEMPCAO,2214.7,CRUZ_06,1,VERMELHO,0
intenso,1,PREEMPCAO,2215.2,CRUZ_07,2,AMARELO,0
intenso,1,PREEMPCAO,2215.4,CRUZ_03,2,VERDE,0
intenso,1,PREEMPCAO,2216.7,CRUZ_06,2,VERDE,0
intenso,1,PREEMPCAO,2218.2,CRUZ_07,2,VERMELHO,0
intenso,1,PREEMPCAO,2220.2,CRUZ_07,1,VERDE,0
intenso,1,PREEMPCAO,2221.0,CRUZ_04,2,AMARELO,0
intenso,1,PREEMPCAO,2222.2,CRUZ_01,1,AMARELO,0
intenso,1,PREEMPCAO,2224.0,CRUZ_04,2,VERMELHO,0
intenso,1,PREEMPCAO,2225.2,CRUZ_01,1,VERMELHO,0
intenso,1,PREEMPCAO,2225.7,CRUZ_08,2,AMARELO,0
intenso,1,PREEMPCAO,2226.0,CRUZ_04,1,VERDE,0
intenso,1,PREEMPCAO,2226.3,CRUZ_05,2,AMARELO,0
intenso,1,PREEMPCAO,2227.2,CRUZ_01,2,VERDE,0
intenso,1,PREEMPCAO,2228.7,CRUZ_08,2,VERMELHO,0
intenso,1,PREEMPCAO,2229.3,CRUZ_05,2,VERMELHO,0
intenso,1,PREEMPCAO,2230.7,CRUZ_08,1,VERDE,0
intenso,1,PREEMPCAO,2231.3,CRUZ_05,1,VERDE,0
intenso,1,PREEMPCAO,2233.5,CRUZ_02,2,AMARELO,0
intenso,1,PREEMPCAO,2236.5,CRUZ_02,2,VERMELHO,0
intenso,1,PREEMPCAO,2238.5,CRUZ_02,1,VERDE,0
intenso,1,PREEMPCAO,2245.4,CRUZ_03,2,AMARELO,0
intenso,1,PREEMPCAO,2246.7,CRUZ_06,2,AMARELO,0
intenso,1,PREEMPCAO,2248.4,CRUZ_03,2,VERMELHO,0
intenso,1,PREEMPCAO,2249.7,CRUZ_06,2,VERMELHO,0
intenso,1,PREEMPCAO,2250.2,CRUZ_07,1,AMARELO,0
intenso,1,PREEMPCAO,2250.4,CRUZ_03,1,VERDE,0
intenso,1,PREEMPCAO,2251.7,CRUZ_06,1,VERDE,0
intenso,1,PREEMPCAO,2253.2,CRUZ_07,1,VERMELHO,0
intenso,1,PREEMPCAO,2255.2,CRUZ_07,2,VERDE,0
intenso,1,PREEMPCAO,2257.2,CRUZ_01,2,AMARELO,0
intenso,1,PREEMPCAO,2258.3,CRUZ_04,1,AMARELO,0
intenso,1,PREEMPCAO,2260.2,CRUZ_01,2,VERMELHO,0
intenso,1,PREEMPCAO,2260.7,CRUZ_08,1,AMARELO,0
intenso,1,PREEMPCAO,2261.3,CRUZ_04,1,VERMELHO,0
intenso,1,PREEMPCAO,2261.3,CRUZ_05,1,AMARELO,0
intenso,1,PREEMPCAO,2262.2,CRUZ_01,1,VERDE,0
intenso,1,PREEMPCAO,2263.3,CRUZ_04,2,VERDE,0
intenso,1,PREEMPCAO,2263.7,CRUZ_08,1,VERMELHO,0
intenso,1,PREEMPCAO,2264.3,CRUZ_05,1,VERMELHO,0
intenso,1,PREEMPCAO,2265.7,CRUZ_08,2,VERDE,0
intenso,1,PREEMPCAO,2266.3,CRUZ_05,2,VERDE,0
intenso,1,PREEMPCAO,2268.5,CRUZ_02,1,AMARELO,0
intenso,1,PREEMPCAO,2271.5,CRUZ_02,1,VERMELHO,0
intenso,1,PREEMPCAO,2273.5,CRUZ_02,2,VERDE,0
intenso,1,PREEMPCAO,2280.4,CRUZ_03,1,AMARELO,0
intenso,1,PREEMPCAO,2281.7,CRUZ_06,1,AMARELO,0
intenso,1,PREEMPCAO,2283.4,CRUZ_03,1,VERMELHO,0
intenso,1,PREEMPCAO,2284.7,CRUZ_06,1,VERMELHO,0
intenso,1,PREEMPCAO,2285.2,CRUZ_07,2,AMARELO,0
intenso,1,PREEMPCAO,2285.4,CRUZ_03,2,VERDE,0
intenso,1,PREEMPCAO,2286.7,CRUZ_06,2,VERDE,0
intenso,1,PREEMPCAO,2288.2,CRUZ_07,2,VERMELHO,0
intenso,1,PREEMPCAO,2290.2,CRUZ_07,1,VERDE,0
intenso,1,PREEMPCAO,2292.2,CRUZ_01,1,AMARELO,0
intenso,1,PREEMPCAO,2293.3,CRUZ_04,2,AMARELO,0
intenso,1,PREEMPCAO,2295.2,CRUZ_01,1,VERMELHO,0
intenso,1,PREEMPCAO,2296.3,CRUZ_04,2,VERMELHO,0
intenso,1,PREEMPCAO,2296.3,CRUZ_05,2,AMARELO,0
intenso,1,PREEMPCAO,2297.2,CRUZ_01,2,VERDE,0
intenso,1,PREEMPCAO,2298.2,CRUZ_08,2,AMARELO,0
intenso,1,PREEMPCAO,2298.3,CRUZ_04,1,VERDE,0
intenso,1,PREEMPCAO,2299.3,CRUZ_05,2,VERMELHO,0
intenso,1,PREEMPCAO,2301.2,CRUZ_08,2,VERMELHO,0
intenso,1,PREEMPCAO,2301.3,CRUZ_05,1,VERDE,0
intenso,1,PREEMPCAO,2303.2,CRUZ_08,1,VERDE,0
intenso,1,PREEMPCAO,2303.5,CRUZ_02,2,AMARELO,0
intenso,1,PREEMPCAO,2306.5,CRUZ_02,2,VERMELHO,0
intenso,1,PREEMPCAO,2308.5,CRUZ_02,1,VERDE,0
intenso,1,PREEMPCAO,2315.4,CRUZ_03,2,AMARELO,0
intenso,1,PREEMPCAO,2316.7,CRUZ_06,2,AMARELO,0
intenso,1,PREEMPCAO,2318.4,CRUZ_03,2,VERMELHO,0
intenso,1,PREEMPCAO,2319.7,CRUZ_06,2,VERMELHO,0
intenso,1,PREEMPCAO,2320.4,CRUZ_03,1,VERDE,0
intenso,1,PREEMPCAO,2321.7,CRUZ_06,1,VERDE,0
intenso,1,PREEMPCAO,2323.0,CRUZ_07,1,AMARELO,0
intenso,1,PREEMPCAO,2326.0,CRUZ_07,1,VERMELHO,0
intenso,1,PREEMPCAO,2327.2,CRUZ_01,2,AMARELO,0
intenso,1,PREEMPCAO,2328.0,CRUZ_07,2,VERDE,0
intenso,1,PREEMPCAO,2328.3,CRUZ_04,1,AMARELO,0
intenso,1,PREEMPCAO,2330.2,CRUZ_01,2,VERMELHO,0
intenso,1,PREEMPCAO,2331.3,CRUZ_04,1,VERMELHO,0
intenso,1,PREEMPCAO,2331.3,CRUZ_05,1,AMARELO,0
intenso,1,PREEMPCAO,2332.2,CRUZ_01,1,VERDE,0
intenso,1,PREEMPCAO,2333.2,CRUZ_08,1,AMARELO,0
intenso,1,PREEMPCAO,2333.3,CRUZ_04,2,VERDE,0
intenso,1,PREEMPCAO,2334.3,CRUZ_05,1,VERMELHO,0
intenso,1,PREEMPCAO,2336.2,CRUZ_08,1,VERMELHO,0
intenso,1,PREEMPCAO,2336.3,CRUZ_05,2,VERDE,0
intenso,1,PREEMPCAO,2338.2,CRUZ_08,2,VERDE,0
intenso,1,PREEMPCAO,2338.5,CRUZ_02,1,AMARELO,0
intenso,1,PREEMPCAO,2341.5,CRUZ_02,1,VERMELHO,0
intenso,1,PREEMPCAO,2343.5,CRUZ_02,2,VERDE,0
intenso,1,PREEMPCAO,2350.4,CRUZ_03,1,AMARELO,0
intenso,1,PREEMPCAO,2353.4,CRUZ_03,1,VERMELHO,0
intenso,1,PREEMPCAO,2355.4,CRUZ_03,2,VERDE,0
intenso,1,PREEMPCAO,2357.7,CRUZ_06,1,AMARELO,0
intenso,1,PREEMPCAO,2358.0,CRUZ_07,2,AMARELO,0
intenso,1,PREEMPCAO,2360.7,CRUZ_06,1,VERMELHO,0
intenso,1,PREEMPCAO,2361.0,CRUZ_07,2,VERMELHO,0
intenso,1,PREEMPCAO,2362.2,CRUZ_01,1,AMARELO,0
intenso,1,PREEMPCAO,2362.7,CRUZ_06,2,VERDE,0
intenso,1,PREEMPCAO,2363.0,CRUZ_07,1,VERDE,0
intenso,1,PREEMPCAO,2363.3,CRUZ_04,2,AMARELO,0
intenso,1,PREEMPCAO,2365.2,CRUZ_01,1,VERMELHO,0
intenso,1,PREEMPCAO,2366.3,CRUZ_04,2,VERMELHO,0
intenso,1,PREEMPCAO,2366.3,CRUZ_05,2,AMARELO,0
intenso,1,PREEMPCAO,2367.2,CRUZ_01,2,VERDE,0
intenso,1,PREEMPCAO,2368.2,CRUZ_08,2,AMARELO,0
intenso,1,PREEMPCAO,2368.3,CRUZ_04,1,VERDE,0
intenso,1,PREEMPCAO,2369.3,CRUZ_05,2,VERMELHO,0
intenso,1,PREEMPCAO,2371.2,CRUZ_08,2,VERMELHO,0
intenso,1,PREEMPCAO,2371.3,CRUZ_05,1,VERDE,0
intenso,1,PREEMPCAO,2373.2,CRUZ_08,1,VERDE,0
intenso,1,PREEMPCAO,2373.5,CRUZ_02,2,AMARELO,0
intenso,1,PREEMPCAO,2376.5,CRUZ_02,2,VERMELHO,0
intenso,1,PREEMPCAO,2378.5,CRUZ_02,1,VERDE,0
intenso,1,PREEMPCAO,2385.4,CRUZ_03,2,AMARELO,0
intenso,1,PREEMPCAO,2388.4,CRUZ_03,2,VERMELHO,0
intenso,1,PREEMPCAO,2390.4,CRUZ_03,1,VERDE,0
intenso,1,PREEMPCAO,2392.7,CRUZ_06,2,AMARELO,0
intenso,1,PREEMPCAO,2393.0,CRUZ_07,1,AMARELO,0
intenso,1,PREEMPCAO,2395.7,CRUZ_06,2,VERMELHO,0
intenso,1,PREEMPCAO,2396.0,CRUZ_07,1,VERMELHO,0
intenso,1,PREEMPCAO,2397.2,CRUZ_01,2,AMARELO,0
intenso,1,PREEMPCAO,2397.7,CRUZ_06,1,VERDE,0
intenso,1,PREEMPCAO,2398.0,CRUZ_07,2,VERDE,0
intenso,1,PREEMPCAO,2398.3,CRUZ_04,1,AMARELO,0
intenso,1,PREEMPCAO,2400.2,CRUZ_01,2,VERMELHO,0
intenso,1,PREEMPCAO,2401.3,CRUZ_04,1,VERMELHO,0
intenso,1,PREEMPCAO,2402.2,CRUZ_01,1,VERDE,0
intenso,1,PREEMPCAO,2403.2,CRUZ_08,1,AMARELO,0
intenso,1,PREEMPCAO,2403.3,CRUZ_04,2,VERDE,0
intenso,1,PREEMPCAO,2403.4,CRUZ_05,1,AMARELO,0
intenso,1,PREEMPCAO,2406.2,CRUZ_08,1,VERMELHO,0
intenso,1,PREEMPCAO,2406.4,CRUZ_05,1,VERMELHO,0
intenso,1,PREEMPCAO,2408.2,CRUZ_08,2,VERDE,0
intenso,1,PREEMPCAO,2408.4,CRUZ_05,2,VERDE,0
intenso,1,PREEMPCAO,2408.5,CRUZ_02,1,AMARELO,0
intenso,1,PREEMPCAO,2411.5,CRUZ_02,1,VERMELHO,0
intenso,1,PREEMPCAO,2413.5,CRUZ_02,2,VERDE,0
intenso,1,PREEMPCAO,2420.4,CRUZ_03,1,AMARELO,0
intenso,1,PREEMPCAO,2423.4,CRUZ_03,1,VERMELHO,0
intenso,1,PREEMPCAO,2425.4,CRUZ_03,2,VERDE,0
intenso,1,PREEMPCAO,2427.7,CRUZ_06,1,AMARELO,0
intenso,1,PREEMPCAO,2428.0,CRUZ_07,2,AMARELO,0
intenso,1,PREEMPCAO,2430.7,CRUZ_06,1,VERMELHO,0
intenso,1,PREEMPCAO,2431.0,CRUZ_07,2,VERMELHO,0
intenso,1,PREEMPCAO,2432.2,CRUZ_01,1,AMARELO,0
intenso,1,PREEMPCAO,2432.7,CRUZ_06,2,VERDE,0
intenso,1,PREEMPCAO,2433.0,CRUZ_07,1,VERDE,0
intenso,1,PREEMPCAO,2433.3,CRUZ_04,2,AMARELO,0
intenso,1,PREEMPCAO,2435.2,CRUZ_01,1,VERMELHO,0
intenso,1,PREEMPCAO,2436.3,CRUZ_04,2,VERMELHO,0
intenso,1,PREEMPCAO,2437.2,CRUZ_01,2,VERDE,0
intenso,1,PREEMPCAO,2438.2,CRUZ_08,2,AMARELO,0
intenso,1,PREEMPCAO,2438.3,CRUZ_04,1,VERDE,0
intenso,1,PREEMPCAO,2438.4,CRUZ_05,2,AMARELO,0
intenso,1,PREEMPCAO,2441.2,CRUZ_08,2,VERMELHO,0
intenso,1,PREEMPCAO,2441.4,CRUZ_05,2,VERMELHO,0
intenso,1,PREEMPCAO,2443.2,CRUZ_08,1,VERDE,0
intenso,1,PREEMPCAO,2443.4,CRUZ_05,1,VERDE,0
intenso,1,PREEMPCAO,2443.5,CRUZ_02,2,AMARELO,0
intenso,1,PREEMPCAO,2446.5,CRUZ_02,2,VERMELHO,0
intenso,1,PREEMPCAO,2448.5,CRUZ_02,1,VERDE,0
intenso,1,PREEMPCAO,2455.4,CRUZ_03,2,AMARELO,0
intenso,1,PREEMPCAO,2458.4,CRUZ_03,2,VERMELHO,0
intenso,1,PREEMPCAO,2460.4,CRUZ_03,1,VERDE,0
intenso,1,PREEMPCAO,2462.7,CRUZ_06,2,AMARELO,0
intenso,1,PREEMPCAO,2463.0,CRUZ_07,1,AMARELO,0
intenso,1,PREEMPCAO,2465.7,CRUZ_06,2,VERMELHO,0
intenso,1,PREEMPCAO,2466.0,CRUZ_07,1,VERMELHO,0
intenso,1,PREEMPCAO,2467.2,CRUZ_01,2,AMARELO,0
intenso,1,PREEMPCAO,2467.7,CRUZ_06,1,VERDE,0
intenso,1,PREEMPCAO,2468.0,CRUZ_07,2,VERDE,0
intenso,1,PREEMPCAO,2468.3,CRUZ_04,1,AMARELO,0
intenso,1,PREEMPCAO,2470.2,CRUZ_01,2,VERMELHO,0
intenso,1,PREEMPCAO,2471.3,CRUZ_04,1,VERMELHO,0
intenso,1,PREEMPCAO,2472.2,CRUZ_01,1,VERDE,0
intenso,1,PREEMPCAO,2473.2,CRUZ_08,1,AMARELO,0
intenso,1,PREEMPCAO,2473.3,CRUZ_04,2,VERDE,0
intenso,1,PREEMPCAO,2473.4,CRUZ_05,1,AMARELO,0
intenso,1,PREEMPCAO,2476.2,CRUZ_08,1,VERMELHO,0
intenso,1,PREEMPCAO,2476.4,CRUZ_05,1,VERMELHO,0
intenso,1,PREEMPCAO,2478.2,CRUZ_08,2,VERDE,0
intenso,1,PREEMPCAO,2478.4,CRUZ_05,2,VERDE,0
intenso,1,PREEMPCAO,2478.5,CRUZ_02,1,AMARELO,0
intenso,1,PREEMPCAO,2481.5,CRUZ_02,1,VERMELHO,0
intenso,1,PREEMPCAO,2483.5,CRUZ_02,2,VERDE,0
intenso,1,PREEMPCAO,2490.4,CRUZ_03,1,AMARELO,0
intenso,1,PREEMPCAO,2493.4,CRUZ_03,1,VERMELHO,0
intenso,1,PREEMPCAO,2495.4,CRUZ_03,2,VERDE,0
intenso,1,PREEMPCAO,2497.7,CRUZ_06,1,AMARELO,0
intenso,1,PREEMPCAO,2498.0,CRUZ_07,2,AMARELO,0
intenso,1,PREEMPCAO,2500.7,CRUZ_06,1,VERMELHO,0
intenso,1,PREEMPCAO,2501.0,CRUZ_07,2,VERMELHO,0
intenso,1,PREEMPCAO,2502.2,CRUZ_01,1,AMARELO,0
intenso,1,PREEMPCAO,2502.7,CRUZ_06,2,VERDE,0
intenso,1,PREEMPCAO,2503.0,CRUZ_07,1,VERDE,0
intenso,1,PREEMPCAO,2503.3,CRUZ_04,2,AMARELO,0
intenso,1,PREEMPCAO,2505.2,CRUZ_01,1,VERMELHO,0
intenso,1,PREEMPCAO,2506.3,CRUZ_04,2,VERMELHO,0
intenso,1,PREEMPCAO,2507.2,CRUZ_01,2,VERDE,0
intenso,1,PREEMPCAO,2508.2,CRUZ_08,2,AMARELO,0
intenso,1,PREEMPCAO,2508.3,CRUZ_04,1,VERDE,0
intenso,1,PREEMPCAO,2508.4,CRUZ_05,2,AMARELO,0
intenso,1,PREEMPCAO,2511.2,CRUZ_08,2,VERMELHO,0
intenso,1,PREEMPCAO,2511.4,CRUZ_05,2,VERMELHO,0
intenso,1,PREEMPCAO,2513.2,CRUZ_08,1,VERDE,0
intenso,1,PREEMPCAO,2513.4,CRUZ_05,1,VERDE,0
intenso,1,PREEMPCAO,2513.5,CRUZ_02,2,AMARELO,0
intenso,1,PREEMPCAO,2516.5,CRUZ_02,2,VERMELHO,0
intenso,1,PREEMPCAO,2518.5,CRUZ_02,1,VERDE,0
intenso,1,PREEMPCAO,2525.4,CRUZ_03,2,AMARELO,0
intenso,1,PREEMPCAO,2528.4,CRUZ_03,2,VERMELHO,0
intenso,1,PREEMPCAO,2530.4,CRUZ_03,1,VERDE,0
intenso,1,PREEMPCAO,2532.7,CRUZ_06,2,AMARELO,0
intenso,1,PREEMPCAO,2533.0,CRUZ_07,1,AMARELO,0
intenso,1,PREEMPCAO,2535.7,CRUZ_06,2,VERMELHO,0
intenso,1,PREEMPCAO,2536.0,CRUZ_07,1,VERMELHO,0
intenso,1,PREEMPCAO,2537.2,CRUZ_01,2,AMARELO,0
intenso,1,PREEMPCAO,2537.7,CRUZ_06,1,VERDE,0
intenso,1,PREEMPCAO,2538.0,CRUZ_07,2,VERDE,0
intenso,1,PREEMPCAO,2538.3,CRUZ_04,1,AMARELO,0
intenso,1,PREEMPCAO,2540.2,CRUZ_01,2,VERMELHO,0
intenso,1,PREEMPCAO,2541.3,CRUZ_04,1,VERMELHO,0
intenso,1,PREEMPCAO,2542.2,CRUZ_01,1,VERDE,0
intenso,1,PREEMPCAO,2543.2,CRUZ_08,1,AMARELO,0
intenso,1,PREEMPCAO,2543.3,CRUZ_04,2,VERDE,0
intenso,1,PREEMPCAO,2543.4,CRUZ_05,1,AMARELO,0
intenso,1,PREEMPCAO,2546.2,CRUZ_08,1,VERMELHO,0
intenso,1,PREEMPCAO,2546.4,CRUZ_05,1,VERMELHO,0
intenso,1,PREEMPCAO,2548.2,CRUZ_08,2,VERDE,0
intenso,1,PREEMPCAO,2548.4,CRUZ_05,2,VERDE,0
intenso,1,PREEMPCAO,2548.5,CRUZ_02,1,AMARELO,0
intenso,1,PREEMPCAO,2551.5,CRUZ_02,1,VERMELHO,0
intenso,1,PREEMPCAO,2553.5,CRUZ_02,2,VERDE,0
intenso,1,PREEMPCAO,2560.4,CRUZ_03,1,AMARELO,0
intenso,1,PREEMPCAO,2563.4,CRUZ_03,1,VERMELHO,0
intenso,1,PREEMPCAO,2565.4,CRUZ_03,2,VERDE,0
intenso,1,PREEMPCAO,2567.7,CRUZ_06,1,AMARELO,0
intenso,1,PREEMPCAO,2568.0,CRUZ_07,2,AMARELO,0
intenso,1,PREEMPCAO,2570.7,CRUZ_06,1,VERMELHO,0
intenso,1,PREEMPCAO,2571.0,CRUZ_07,2,VERMELHO,0
intenso,1,PREEMPCAO,2572.2,CRUZ_01,1,AMARELO,0
intenso,1,PREEMPCAO,2572.7,CRUZ_06,2,VERDE,0
intenso,1,PREEMPCAO,2573.0,CRUZ_07,1,VERDE,0
intenso,1,PREEMPCAO,2573.3,CRUZ_04,2,AMARELO,0
intenso,1,PREEMPCAO,2575.2,CRUZ_01,1,VERMELHO,0
intenso,1,PREEMPCAO,2576.3,CRUZ_04,2,VERMELHO,0
intenso,1,PREEMPCAO,2577.2,CRUZ_01,2,VERDE,0
intenso,1,PREEMPCAO,2578.2,CRUZ_08,2,AMARELO,0
intenso,1,PREEMPCAO,2578.3,CRUZ_04,1,VERDE,0
intenso,1,PREEMPCAO,2578.4,CRUZ_05,2,AMARELO,0
intenso,1,PREEMPCAO,2581.2,CRUZ_08,2,VERMELHO,0
intenso,1,PREEMPCAO,2581.4,CRUZ_05,2,VERMELHO,0
intenso,1,PREEMPCAO,2583.2,CRUZ_08,1,VERDE,0
intenso,1,PREEMPCAO,2583.4,CRUZ_05,1,VERDE,0
intenso,1,PREEMPCAO,2583.5,CRUZ_02,2,AMARELO,0
intenso,1,PREEMPCAO,2586.5,CRUZ_02,2,VERMELHO,0
intenso,1,PREEMPCAO,2588.5,CRUZ_02,1,VERDE,0
intenso,1,PREEMPCAO,2595.4,CRUZ_03,2,AMARELO,0
intenso,1,PREEMPCAO,2598.4,CRUZ_03,2,VERMELHO,0
intenso,1,PREEMPCAO,2600.4,CRUZ_03,1,VERDE,0
intenso,1,PREEMPCAO,2602.7,CRUZ_06,2,AMARELO,0
intenso,1,PREEMPCAO,2603.0,CRUZ_07,1,AMARELO,0
intenso,1,PREEMPCAO,2605.7,CRUZ_06,2,VERMELHO,0
intenso,1,PREEMPCAO,2606.0,CRUZ_07,1,VERMELHO,0
intenso,1,PREEMPCAO,2607.2,CRUZ_01,2,AMARELO,0
intenso,1,PREEMPCAO,2607.7,CRUZ_06,1,VERDE,0
intenso,1,PREEMPCAO,2608.0,CRUZ_07,2,VERDE,0
intenso,1,PREEMPCAO,2608.3,CRUZ_04,1,AMARELO,0
intenso,1,PREEMPCAO,2610.2,CRUZ_01,2,VERMELHO,0
intenso,1,PREEMPCAO,2611.3,CRUZ_04,1,VERMELHO,0
intenso,1,PREEMPCAO,2612.2,CRUZ_01,1,VERDE,0
intenso,1,PREEMPCAO,2613.2,CRUZ_08,1,AMARELO,0
intenso,1,PREEMPCAO,2613.3,CRUZ_04,2,VERDE,0
intenso,1,PREEMPCAO,2613.4,CRUZ_05,1,AMARELO,0
intenso,1,PREEMPCAO,2616.2,CRUZ_08,1,VERMELHO,0
intenso,1,PREEMPCAO,2616.4,CRUZ_05,1,VERMELHO,0
intenso,1,PREEMPCAO,2618.2,CRUZ_08,2,VERDE,0
intenso,1,PREEMPCAO,2618.4,CRUZ_05,2,VERDE,0
intenso,1,PREEMPCAO,2618.5,CRUZ_02,1,AMARELO,0
intenso,1,PREEMPCAO,2621.5,CRUZ_02,1,VERMELHO,0
intenso,1,PREEMPCAO,2623.5,CRUZ_02,2,VERDE,0
intenso,1,PREEMPCAO,2630.4,CRUZ_03,1,AMARELO,0
intenso,1,PREEMPCAO,2633.4,CRUZ_03,1,VERMELHO,0
intenso,1,PREEMPCAO,2635.4,CRUZ_03,2,VERDE,0
intenso,1,PREEMPCAO,2637.7,CRUZ_06,1,AMARELO,0
intenso,1,PREEMPCAO,2638.0,CRUZ_07,2,AMARELO,0
intenso,1,PREEMPCAO,2640.7,CRUZ_06,1,VERMELHO,0
intenso,1,PREEMPCAO,2641.0,CRUZ_07,2,VERMELHO,0
intenso,1,PREEMPCAO,2642.2,CRUZ_01,1,AMARELO,0
intenso,1,PREEMPCAO,2642.7,CRUZ_06,2,VERDE,0
intenso,1,PREEMPCAO,2643.0,CRUZ_07,1,VERDE,0
intenso,1,PREEMPCAO,2643.3,CRUZ_04,2,AMARELO,0
intenso,1,PREEMPCAO,2645.2,CRUZ_01,1,VERMELHO,0
intenso,1,PREEMPCAO,2646.3,CRUZ_04,2,VERMELHO,0
intenso,1,PREEMPCAO,2647.2,CRUZ_01,2,VERDE,0
intenso,1,PREEMPCAO,2648.2,CRUZ_08,2,AMARELO,0
intenso,1,PREEMPCAO,2648.3,CRUZ_04,1,VERDE,0
intenso,1,PREEMPCAO,2648.4,CRUZ_05,2,AMARELO,0
intenso,1,PREEMPCAO,2651.2,CRUZ_08,2,VERMELHO,0
intenso,1,PREEMPCAO,2651.4,CRUZ_05,2,VERMELHO,0
intenso,1,PREEMPCAO,2653.2,CRUZ_08,1,VERDE,0
intenso,1,PREEMPCAO,2653.4,CRUZ_05,1,VERDE,0
intenso,1,PREEMPCAO,2653.5,CRUZ_02,2,AMARELO,0
intenso,1,PREEMPCAO,2656.5,CRUZ_02,2,VERMELHO,0
intenso,1,PREEMPCAO,2658.5,CRUZ_02,1,VERDE,0
intenso,1,PREEMPCAO,2665.4,CRUZ_03,2,AMARELO,0
intenso,1,PREEMPCAO,2668.4,CRUZ_03,2,VERMELHO,0
intenso,1,PREEMPCAO,2670.4,CRUZ_03,1,VERDE,0
intenso,1,PREEMPCAO,2672.7,CRUZ_06,2,AMARELO,0
intenso,1,PREEMPCAO,2673.0,CRUZ_07,1,AMARELO,0
intenso,1,PREEMPCAO,2675.7,CRUZ_06,2,VERMELHO,0
intenso,1,PREEMPCAO,2676.0,CRUZ_07,1,VERMELHO,0
intenso,1,PREEMPCAO,2677.2,CRUZ_01,2,AMARELO,0
intenso,1,PREEMPCAO,2677.7,CRUZ_06,1,VERDE,0
intenso,1,PREEMPCAO,2678.0,CRUZ_07,2,VERDE,0
intenso,1,PREEMPCAO,2678.3,CRUZ_04,1,AMARELO,0
intenso,1,PREEMPCAO,2680.2,CRUZ_01,2,VERMELHO,0
intenso,1,PREEMPCAO,2681.3,CRUZ_04,1,VERMELHO,0
intenso,1,PREEMPCAO,2682.2,CRUZ_01,1,VERDE,0
intenso,1,PREEMPCAO,2683.2,CRUZ_08,1,AMARELO,0
intenso,1,PREEMPCAO,2683.3,CRUZ_04,2,VERDE,0
intenso,1,PREEMPCAO,2683.4,CRUZ_05,1,AMARELO,0
intenso,1,PREEMPCAO,2686.2,CRUZ_08,1,VERMELHO,0
intenso,1,PREEMPCAO,2686.4,CRUZ_05,1,VERMELHO,0
intenso,1,PREEMPCAO,2688.2,CRUZ_08,2,VERDE,0
intenso,1,PREEMPCAO,2688.4,CRUZ_05,2,VERDE,0
intenso,1,PREEMPCAO,2688.5,CRUZ_02,1,AMARELO,0
intenso,1,PREEMPCAO,2691.5,CRUZ_02,1,VERMELHO,0
intenso,1,PREEMPCAO,2693.5,CRUZ_02,2,VERDE,0
intenso,1,PREEMPCAO,2700.4,CRUZ_03,1,AMARELO,0
intenso,1,PREEMPCAO,2703.4,CRUZ_03,1,VERMELHO,0
intenso,1,PREEMPCAO,2705.4,CRUZ_03,2,VERDE,0
intenso,1,PREEMPCAO,2707.7,CRUZ_06,1,AMARELO,0
intenso,1,PREEMPCAO,2708.0,CRUZ_07,2,AMARELO,0
intenso,1,PREEMPCAO,2710.7,CRUZ_06,1,VERMELHO,0
intenso,1,PREEMPCAO,2711.0,CRUZ_07,2,VERMELHO,0
intenso,1,PREEMPCAO,2712.2,CRUZ_01,1,AMARELO,0
intenso,1,PREEMPCAO,2712.7,CRUZ_06,2,VERDE,0
intenso,1,PREEMPCAO,2713.0,CRUZ_07,1,VERDE,0
intenso,1,PREEMPCAO,2713.3,CRUZ_04,2,AMARELO,0
intenso,1,PREEMPCAO,2715.2,CRUZ_01,1,VERMELHO,0
intenso,1,PREEMPCAO,2716.3,CRUZ_04,2,VERMELHO,0
intenso,1,PREEMPCAO,2717.2,CRUZ_01,2,VERDE,0
intenso,1,PREEMPCAO,2718.2,CRUZ_08,2,AMARELO,0
intenso,1,PREEMPCAO,2718.3,CRUZ_04,1,VERDE,0
intenso,1,PREEMPCAO,2718.4,CRUZ_05,2,AMARELO,0
intenso,1,PREEMPCAO,2721.2,CRUZ_08,2,VERMELHO,0
intenso,1,PREEMPCAO,2721.4,CRUZ_05,2,VERMELHO,0
intenso,1,PREEMPCAO,2723.2,CRUZ_08,1,VERDE,0
intenso,1,PREEMPCAO,2723.4,CRUZ_05,1,VERDE,0
intenso,1,PREEMPCAO,2723.5,CRUZ_02,2,AMARELO,0
intenso,1,PREEMPCAO,2724.2,CRUZ_01,2,AMARELO,1
intenso,1,PREEMPCAO,2726.5,CRUZ_02,2,VERMELHO,0
intenso,1,PREEMPCAO,2727.2,CRUZ_01,2,VERMELHO,1
intenso,1,PREEMPCAO,2728.5,CRUZ_02,1,VERDE,0
intenso,1,PREEMPCAO,2729.2,CRUZ_01,1,VERDE,1
intenso,1,PREEMPCAO,2735.4,CRUZ_03,2,AMARELO,0
intenso,1,PREEMPCAO,2738.4,CRUZ_03,2,VERMELHO,0
intenso,1,PREEMPCAO,2740.4,CRUZ_03,1,VERDE,0
intenso,1,PREEMPCAO,2742.7,CRUZ_06,2,AMARELO,0
intenso,1,PREEMPCAO,2743.0,CRUZ_07,1,AMARELO,0
intenso,1,PREEMPCAO,2745.7,CRUZ_06,2,VERMELHO,0
intenso,1,PREEMPCAO,2746.0,CRUZ_07,1,VERMELHO,0
intenso,1,PREEMPCAO,2747.7,CRUZ_06,1,VERDE,0
intenso,1,PREEMPCAO,2748.0,CRUZ_07,2,VERDE,0
intenso,1,PREEMPCAO,2748.3,CRUZ_04,1,AMARELO,0
intenso,1,PREEMPCAO,2751.3,CRUZ_04,1,VERMELHO,0
intenso,1,PREEMPCAO,2753.2,CRUZ_08,1,AMARELO,0
intenso,1,PREEMPCAO,2753.3,CRUZ_04,2,VERDE,0
intenso,1,PREEMPCAO,2753.4,CRUZ_05,1,AMARELO,0
intenso,1,PREEMPCAO,2756.2,CRUZ_08,1,VERMELHO,0
intenso,1,PREEMPCAO,2756.4,CRUZ_05,1,VERMELHO,0
intenso,1,PREEMPCAO,2758.2,CRUZ_08,2,VERDE,0
intenso,1,PREEMPCAO,2758.4,CRUZ_05,2,VERDE,0
intenso,1,PREEMPCAO,2758.5,CRUZ_02,1,AMARELO,0
intenso,1,PREEMPCAO,2759.2,CRUZ_01,1,AMARELO,0
intenso,1,PREEMPCAO,2761.5,CRUZ_02,1,VERMELHO,0
intenso,1,PREEMPCAO,2762.2,CRUZ_01,1,VERMELHO,0
intenso,1,PREEMPCAO,2763.5,CRUZ_02,2,VERDE,0
intenso,1,PREEMPCAO,2764.2,CRUZ_01,2,VERDE,0
intenso,1,PREEMPCAO,2770.4,CRUZ_03,1,AMARELO,0
intenso,1,PREEMPCAO,2770.5,CRUZ_02,2,AMARELO,1
intenso,1,PREEMPCAO,2773.4,CRUZ_03,1,VERMELHO,0
intenso,1,PREEMPCAO,2773.5,CRUZ_02,2,VERMELHO,1
intenso,1,PREEMPCAO,2775.4,CRUZ_03,2,VERDE,0
intenso,1,PREEMPCAO,2775.5,CRUZ_02,1,VERDE,1
intenso,1,PREEMPCAO,2777.7,CRUZ_06,1,AMARELO,0
intenso,1,PREEMPCAO,2778.0,CRUZ_07,2,AMARELO,0
intenso,1,PREEMPCAO,2780.7,CRUZ_06,1,VERMELHO,0
intenso,1,PREEMPCAO,2781.0,CRUZ_07,2,VERMELHO,0
intenso,1,PREEMPCAO,2782.7,CRUZ_06,2,VERDE,0
intenso,1,PREEMPCAO,2783.0,CRUZ_07,1,VERDE,0
intenso,1,PREEMPCAO,2783.3,CRUZ_04,2,AMARELO,0
intenso,1,PREEMPCAO,2786.3,CRUZ_04,2,VERMELHO,0
intenso,1,PREEMPCAO,2788.2,CRUZ_08,2,AMARELO,0
intenso,1,PREEMPCAO,2788.3,CRUZ_04,1,VERDE,0
intenso,1,PREEMPCAO,2788.4,CRUZ_05,2,AMARELO,0
intenso,1,PREEMPCAO,2790.8,CRUZ_03,2,AMARELO,1
intenso,1,PREEMPCAO,2791.2,CRUZ_08,2,VERMELHO,0
intenso,1,PREEMPCAO,2791.4,CRUZ_05,2,VERMELHO,0
intenso,1,PREEMPCAO,2793.2,CRUZ_08,1,VERDE,0
intenso,1,PREEMPCAO,2793.4,CRUZ_05,1,VERDE,0
intenso,1,PREEMPCAO,2793.8,CRUZ_03,2,VERMELHO,1
intenso,1,PREEMPCAO,2794.2,CRUZ_01,2,AMARELO,0
intenso,1,PREEMPCAO,2795.8,CRUZ_03,1,VERDE,1
intenso,1,PREEMPCAO,2797.2,CRUZ_01,2,VERMELHO,0
intenso,1,PREEMPCAO,2799.2,CRUZ_01,1,VERDE,0
intenso,1,PREEMPCAO,2805.5,CRUZ_02,1,AMARELO,0
intenso,1,PREEMPCAO,2808.5,CRUZ_02,1,VERMELHO,0
intenso,1,PREEMPCAO,2810.5,CRUZ_02,2,VERDE,0
intenso,1,PREEMPCAO,2812.7,CRUZ_06,2,AMARELO,0
intenso,1,PREEMPCAO,2813.0,CRUZ_07,1,AMARELO,0
intenso,1,PREEMPCAO,2815.7,CRUZ_06,2,VERMELHO,0
intenso,1,PREEMPCAO,2816.0,CRUZ_07,1,VERMELHO,0
intenso,1,PREEMPCAO,2817.7,CRUZ_06,1,VERDE,0
intenso,1,PREEMPCAO,2818.0,CRUZ_07,2,VERDE,0
intenso,1,PREEMPCAO,2818.3,CRUZ_04,1,AMARELO,0
intenso,1,PREEMPCAO,2821.3,CRUZ_04,1,VERMELHO,0
intenso,1,PREEMPCAO,2823.2,CRUZ_08,1,AMARELO,0
intenso,1,PREEMPCAO,2823.3,CRUZ_04,2,VERDE,0
intenso,1,PREEMPCAO,2823.4,CRUZ_05,1,AMARELO,0
intenso,1,PREEMPCAO,2825.8,CRUZ_03,1,AMARELO,0
intenso,1,PREEMPCAO,2826.2,CRUZ_08,1,VERMELHO,0
intenso,1,PREEMPCAO,2826.4,CRUZ_05,1,VERMELHO,0
intenso,1,PREEMPCAO,2828.2,CRUZ_08,2,VERDE,0
intenso,1,PREEMPCAO,2828.4,CRUZ_05,2,VERDE,0
intenso,1,PREEMPCAO,2828.8,CRUZ_03,1,VERMELHO,0
intenso,1,PREEMPCAO,2829.2,CRUZ_01,1,AMARELO,0
intenso,1,PREEMPCAO,2830.8,CRUZ_03,2,VERDE,0
intenso,1,PREEMPCAO,2832.2,CRUZ_01,1,VERMELHO,0
intenso,1,PREEMPCAO,2834.2,CRUZ_01,2,VERDE,0
intenso,1,PREEMPCAO,2840.5,CRUZ_02,2,AMARELO,0
intenso,1,PREEMPCAO,2843.5,CRUZ_02,2,VERMELHO,0
intenso,1,PREEMPCAO,2843.5,CRUZ_04,2,AMARELO,1
intenso,1,PREEMPCAO,2845.5,CRUZ_02,1,VERDE,0
intenso,1,PREEMPCAO,2846.5,CRUZ_04,2,VERMELHO,1
intenso,1,PREEMPCAO,2847.7,CRUZ_06,1,AMARELO,0
intenso,1,PREEMPCAO,2848.0,CRUZ_07,2,AMARELO,0
intenso,1,PREEMPCAO,2848.5,CRUZ_04,1,VERDE,1
intenso,1,PREEMPCAO,2850.7,CRUZ_06,1,VERMELHO,0
intenso,1,PREEMPCAO,2851.0,CRUZ_07,2,VERMELHO,0
intenso,1,PREEMPCAO,2852.7,CRUZ_06,2,VERDE,0
intenso,1,PREEMPCAO,2853.0,CRUZ_07,1,VERDE,0
intenso,1,PREEMPCAO,2858.2,CRUZ_08,2,AMARELO,0
intenso,1,PREEMPCAO,2858.4,CRUZ_05,2,AMARELO,0
intenso,1,PREEMPCAO,2860.8,CRUZ_03,2,AMARELO,0
intenso,1,PREEMPCAO,2861.2,CRUZ_08,2,VERMELHO,0
intenso,1,PREEMPCAO,2861.4,CRUZ_05,2,VERMELHO,0
intenso,1,PREEMPCAO,2863.2,CRUZ_08,1,VERDE,0
intenso,1,PREEMPCAO,2863.4,CRUZ_05,1,VERDE,0
intenso,1,PREEMPCAO,2863.8,CRUZ_03,2,VERMELHO,0
intenso,1,PREEMPCAO,2864.2,CRUZ_01,2,AMARELO,0
intenso,1,PREEMPCAO,2865.8,CRUZ_03,1,VERDE,0
intenso,1,PREEMPCAO,2867.2,CRUZ_01,2,VERMELHO,0
intenso,1,PREEMPCAO,2869.2,CRUZ_01,1,VERDE,0
intenso,1,PREEMPCAO,2875.5,CRUZ_02,1,AMARELO,0
intenso,1,PREEMPCAO,2878.5,CRUZ_02,1,VERMELHO,0
intenso,1,PREEMPCAO,2878.5,CRUZ_04,1,AMARELO,0
intenso,1,PREEMPCAO,2880.5,CRUZ_02,2,VERDE,0
intenso,1,PREEMPCAO,2881.5,CRUZ_04,1,VERMELHO,0
intenso,1,PREEMPCAO,2882.7,CRUZ_06,2,AMARELO,0
intenso,1,PREEMPCAO,2883.0,CRUZ_07,1,AMARELO,0
intenso,1,PREEMPCAO,2883.5,CRUZ_04,2,VERDE,0
intenso,1,PREEMPCAO,2885.7,CRUZ_06,2,VERMELHO,0
intenso,1,PREEMPCAO,2886.0,CRUZ_07,1,VERMELHO,0
intenso,1,PREEMPCAO,2887.7,CRUZ_06,1,VERDE,0
intenso,1,PREEMPCAO,2888.0,CRUZ_07,2,VERDE,0
intenso,1,PREEMPCAO,2889.5,CRUZ_08,1,AMARELO,1
intenso,1,PREEMPCAO,2892.5,CRUZ_08,1,VERMELHO,1
intenso,1,PREEMPCAO,2893.4,CRUZ_05,1,AMARELO,0
intenso,1,PREEMPCAO,2894.5,CRUZ_08,2,VERDE,1
intenso,1,PREEMPCAO,2895.8,CRUZ_03,1,AMARELO,0
intenso,1,PREEMPCAO,2896.4,CRUZ_05,1,VERMELHO,0
intenso,1,PREEMPCAO,2898.4,CRUZ_05,2,VERDE,0
intenso,1,PREEMPCAO,2898.8,CRUZ_03,1,VERMELHO,0
intenso,1,PREEMPCAO,2899.2,CRUZ_01,1,AMARELO,0
intenso,1,PREEMPCAO,2900.8,CRUZ_03,2,VERDE,0
intenso,1,PREEMPCAO,2902.2,CRUZ_01,1,VERMELHO,0
intenso,1,PREEMPCAO,2904.2,CRUZ_01,2,VERDE,0
intenso,1,PREEMPCAO,2910.5,CRUZ_02,2,AMARELO,0
intenso,1,PREEMPCAO,2913.5,CRUZ_02,2,VERMELHO,0
intenso,1,PREEMPCAO,2913.5,CRUZ_04,2,AMARELO,0
intenso,1,PREEMPCAO,2915.5,CRUZ_02,1,VERDE,0
intenso,1,PREEMPCAO,2916.5,CRUZ_04,2,VERMELHO,0
intenso,1,PREEMPCAO,2917.7,CRUZ_06,1,AMARELO,0
intenso,1,PREEMPCAO,2918.0,CRUZ_07,2,AMARELO,0
intenso,1,PREEMPCAO,2918.5,CRUZ_04,1,VERDE,0
intenso,1,PREEMPCAO,2920.7,CRUZ_06,1,VERMELHO,0
intenso,1,PREEMPCAO,2921.0,CRUZ_07,2,VERMELHO,0
intenso,1,PREEMPCAO,2922.7,CRUZ_06,2,VERDE,0
intenso,1,PREEMPCAO,2923.0,CRUZ_07,1,VERDE,0
intenso,1,PREEMPCAO,2924.5,CRUZ_08,2,AMARELO,0
intenso,1,PREEMPCAO,2927.5,CRUZ_08,2,VERMELHO,0
intenso,1,PREEMPCAO,2928.4,CRUZ_05,2,AMARELO,0
intenso,1,PREEMPCAO,2929.5,CRUZ_08,1,VERDE,0
intenso,1,PREEMPCAO,2930.8,CRUZ_03,2,AMARELO,0
intenso,1,PREEMPCAO,2931.4,CRUZ_05,2,VERMELHO,0
intenso,1,PREEMPCAO,2933.4,CRUZ_05,1,VERDE,0
intenso,1,PREEMPCAO,2933.8,CRUZ_03,2,VERMELHO,0
intenso,1,PREEMPCAO,2934.2,CRUZ_01,2,AMARELO,0
intenso,1,PREEMPCAO,2935.8,CRUZ_03,1,VERDE,0
intenso,1,PREEMPCAO,2937.2,CRUZ_01,2,VERMELHO,0
intenso,1,PREEMPCAO,2939.2,CRUZ_01,1,VERDE,0
intenso,1,PREEMPCAO,2945.5,CRUZ_02,1,AMARELO,0
intenso,1,PREEMPCAO,2948.5,CRUZ_02,1,VERMELHO,0
intenso,1,PREEMPCAO,2948.5,CRUZ_04,1,AMARELO,0
intenso,1,PREEMPCAO,2950.5,CRUZ_02,2,VERDE,0
intenso,1,PREEMPCAO,2951.5,CRUZ_04,1,VERMELHO,0
intenso,1,PREEMPCAO,2952.7,CRUZ_06,2,AMARELO,0
intenso,1,PREEMPCAO,2953.0,CRUZ_07,1,AMARELO,0
intenso,1,PREEMPCAO,2953.5,CRUZ_04,2,VERDE,0
intenso,1,PREEMPCAO,2955.7,CRUZ_06,2,VERMELHO,0
intenso,1,PREEMPCAO,2956.0,CRUZ_07,1,VERMELHO,0
intenso,1,PREEMPCAO,2957.7,CRUZ_06,1,VERDE,0
intenso,1,PREEMPCAO,2958.0,CRUZ_07,2,VERDE,0
intenso,1,PREEMPCAO,2959.5,CRUZ_08,1,AMARELO,0
intenso,1,PREEMPCAO,2962.5,CRUZ_08,1,VERMELHO,0
intenso,1,PREEMPCAO,2963.4,CRUZ_05,1,AMARELO,0
intenso,1,PREEMPCAO,2964.5,CRUZ_08,2,VERDE,0
intenso,1,PREEMPCAO,2965.8,CRUZ_03,1,AMARELO,0
intenso,1,PREEMPCAO,2966.4,CRUZ_05,1,VERMELHO,0
intenso,1,PREEMPCAO,2968.4,CRUZ_05,2,VERDE,0
intenso,1,PREEMPCAO,2968.8,CRUZ_03,1,VERMELHO,0
intenso,1,PREEMPCAO,2969.2,CRUZ_01,1,AMARELO,0
intenso,1,PREEMPCAO,2970.8,CRUZ_03,2,VERDE,0
intenso,1,PREEMPCAO,2972.2,CRUZ_01,1,VERMELHO,0
intenso,1,PREEMPCAO,2974.2,CRUZ_01,2,VERDE,0
intenso,1,PREEMPCAO,2980.5,CRUZ_02,2,AMARELO,0
intenso,1,PREEMPCAO,2983.5,CRUZ_02,2,VERMELHO,0
intenso,1,PREEMPCAO,2983.5,CRUZ_04,2,AMARELO,0
intenso,1,PREEMPCAO,2985.5,CRUZ_02,1,VERDE,0
intenso,1,PREEMPCAO,2986.5,CRUZ_04,2,VERMELHO,0
intenso,1,PREEMPCAO,2987.7,CRUZ_06,1,AMARELO,0
intenso,1,PREEMPCAO,2988.0,CRUZ_07,2,AMARELO,0
intenso,1,PREEMPCAO,2988.5,CRUZ_04,1,VERDE,0
intenso,1,PREEMPCAO,2990.7,CRUZ_06,1,VERMELHO,0
intenso,1,PREEMPCAO,2991.0,CRUZ_07,2,VERMELHO,0
intenso,1,PREEMPCAO,2992.7,CRUZ_06,2,VERDE,0
intenso,1,PREEMPCAO,2993.0,CRUZ_07,1,VERDE,0
intenso,1,PREEMPCAO,2994.5,CRUZ_08,2,AMARELO,0
intenso,1,PREEMPCAO,2997.5,CRUZ_08,2,VERMELHO,0
intenso,1,PREEMPCAO,2998.4,CRUZ_05,2,AMARELO,0
intenso,1,PREEMPCAO,2999.5,CRUZ_08,1,VERDE,0
intenso,1,PREEMPCAO,3000.8,CRUZ_03,2,AMARELO,0
intenso,1,PREEMPCAO,3001.4,CRUZ_05,2,VERMELHO,0
intenso,1,PREEMPCAO,3003.4,CRUZ_05,1,VERDE,0
intenso,1,PREEMPCAO,3003.8,CRUZ_03,2,VERMELHO,0
intenso,1,PREEMPCAO,3004.2,CRUZ_01,2,AMARELO,0
intenso,1,PREEMPCAO,3005.8,CRUZ_03,1,VERDE,0
intenso,1,PREEMPCAO,3007.2,CRUZ_01,2,VERMELHO,0
intenso,1,PREEMPCAO,3009.2,CRUZ_01,1,VERDE,0
intenso,1,PREEMPCAO,3015.5,CRUZ_02,1,AMARELO,0
intenso,1,PREEMPCAO,3018.5,CRUZ_02,1,VERMELHO,0
intenso,1,PREEMPCAO,3018.5,CRUZ_04,1,AMARELO,0
intenso,1,PREEMPCAO,3020.5,CRUZ_02,2,VERDE,0
intenso,1,PREEMPCAO,3021.5,CRUZ_04,1,VERMELHO,0
intenso,1,PREEMPCAO,3022.7,CRUZ_06,2,AMARELO,0
intenso,1,PREEMPCAO,3023.0,CRUZ_07,1,AMARELO,0
intenso,1,PREEMPCAO,3023.5,CRUZ_04,2,VERDE,0
intenso,1,PREEMPCAO,3025.7,CRUZ_06,2,VERMELHO,0
intenso,1,PREEMPCAO,3026.0,CRUZ_07,1,VERMELHO,0
intenso,1,PREEMPCAO,3027.7,CRUZ_06,1,VERDE,0
intenso,1,PREEMPCAO,3028.0,CRUZ_07,2,VERDE,0
intenso,1,PREEMPCAO,3029.5,CRUZ_08,1,AMARELO,0
intenso,1,PREEMPCAO,3032.5,CRUZ_08,1,VERMELHO,0
intenso,1,PREEMPCAO,3033.4,CRUZ_05,1,AMARELO,0
intenso,1,PREEMPCAO,3034.5,CRUZ_08,2,VERDE,0
intenso,1,PREEMPCAO,3035.8,CRUZ_03,1,AMARELO,0
intenso,1,PREEMPCAO,3036.4,CRUZ_05,1,VERMELHO,0
intenso,1,PREEMPCAO,3038.4,CRUZ_05,2,VERDE,0
intenso,1,PREEMPCAO,3038.8,CRUZ_03,1,VERMELHO,0
intenso,1,PREEMPCAO,3039.2,CRUZ_01,1,AMARELO,0
intenso,1,PREEMPCAO,3040.8,CRUZ_03,2,VERDE,0
intenso,1,PREEMPCAO,3042.2,CRUZ_01,1,VERMELHO,0
intenso,1,PREEMPCAO,3044.2,CRUZ_01,2,VERDE,0
intenso,1,PREEMPCAO,3050.5,CRUZ_02,2,AMARELO,0
intenso,1,PREEMPCAO,3053.5,CRUZ_02,2,VERMELHO,0
intenso,1,PREEMPCAO,3053.5,CRUZ_04,2,AMARELO,0
intenso,1,PREEMPCAO,3055.5,CRUZ_02,1,VERDE,0
intenso,1,PREEMPCAO,3056.5,CRUZ_04,2,VERMELHO,0
intenso,1,PREEMPCAO,3057.7,CRUZ_06,1,AMARELO,0
intenso,1,PREEMPCAO,3058.0,CRUZ_07,2,AMARELO,0
intenso,1,PREEMPCAO,3058.5,CRUZ_04,1,VERDE,0
intenso,1,PREEMPCAO,3060.7,CRUZ_06,1,VERMELHO,0
intenso,1,PREEMPCAO,3061.0,CRUZ_07,2,VERMELHO,0
intenso,1,PREEMPCAO,3062.7,CRUZ_06,2,VERDE,0
intenso,1,PREEMPCAO,3063.0,CRUZ_07,1,VERDE,0
intenso,1,PREEMPCAO,3064.5,CRUZ_08,2,AMARELO,0
intenso,1,PREEMPCAO,3067.5,CRUZ_08,2,VERMELHO,0
intenso,1,PREEMPCAO,3068.4,CRUZ_05,2,AMARELO,0
intenso,1,PREEMPCAO,3069.5,CRUZ_08,1,VERDE,0
intenso,1,PREEMPCAO,3070.8,CRUZ_03,2,AMARELO,0
intenso,1,PREEMPCAO,3071.4,CRUZ_05,2,VERMELHO,0
intenso,1,PREEMPCAO,3073.4,CRUZ_05,1,VERDE,0
intenso,1,PREEMPCAO,3073.8,CRUZ_03,2,VERMELHO,0
intenso,1,PREEMPCAO,3074.2,CRUZ_01,2,AMARELO,0
intenso,1,PREEMPCAO,3075.8,CRUZ_03,1,VERDE,0
intenso,1,PREEMPCAO,3077.2,CRUZ_01,2,VERMELHO,0
intenso,1,PREEMPCAO,3079.2,CRUZ_01,1,VERDE,0
intenso,1,PREEMPCAO,3085.5,CRUZ_02,1,AMARELO,0
intenso,1,PREEMPCAO,3088.5,CRUZ_02,1,VERMELHO,0
intenso,1,PREEMPCAO,3088.5,CRUZ_04,1,AMARELO,0
intenso,1,PREEMPCAO,3090.5,CRUZ_02,2,VERDE,0
intenso,1,PREEMPCAO,3091.5,CRUZ_04,1,VERMELHO,0
intenso,1,PREEMPCAO,3092.7,CRUZ_06,2,AMARELO,0
intenso,1,PREEMPCAO,3093.0,CRUZ_07,1,AMARELO,0
intenso,1,PREEMPCAO,3093.5,CRUZ_04,2,VERDE,0
intenso,1,PREEMPCAO,3095.7,CRUZ_06,2,VERMELHO,0
intenso,1,PREEMPCAO,3096.0,CRUZ_07,1,VERMELHO,0
intenso,1,PREEMPCAO,3097.7,CRUZ_06,1,VERDE,0
intenso,1,PREEMPCAO,3098.0,CRUZ_07,2,VERDE,0
intenso,1,PREEMPCAO,3099.5,CRUZ_08,1,AMARELO,0
intenso,1,PREEMPCAO,3102.5,CRUZ_08,1,VERMELHO,0
intenso,1,PREEMPCAO,3103.4,CRUZ_05,1,AMARELO,0
intenso,1,PREEMPCAO,3104.5,CRUZ_08,2,VERDE,0
intenso,1,PREEMPCAO,3105.8,CRUZ_03,1,AMARELO,0
intenso,1,PREEMPCAO,3106.4,CRUZ_05,1,VERMELHO,0
intenso,1,PREEMPCAO,3108.4,CRUZ_05,2,VERDE,0
intenso,1,PREEMPCAO,3108.8,CRUZ_03,1,VERMELHO,0
intenso,1,PREEMPCAO,3109.2,CRUZ_01,1,AMARELO,0
intenso,1,PREEMPCAO,3110.8,CRUZ_03,2,VERDE,0
intenso,1,PREEMPCAO,3112.2,CRUZ_01,1,VERMELHO,0
intenso,1,PREEMPCAO,3114.2,CRUZ_01,2,VERDE,0
intenso,1,PREEMPCAO,3120.5,CRUZ_02,2,AMARELO,0
intenso,1,PREEMPCAO,3123.5,CRUZ_02,2,VERMELHO,0
intenso,1,PREEMPCAO,3123.5,CRUZ_04,2,AMARELO,0
intenso,1,PREEMPCAO,3125.5,CRUZ_02,1,VERDE,0
intenso,1,PREEMPCAO,3126.5,CRUZ_04,2,VERMELHO,0
intenso,1,PREEMPCAO,3127.7,CRUZ_06,1,AMARELO,0
intenso,1,PREEMPCAO,3128.0,CRUZ_07,2,AMARELO,0
intenso,1,PREEMPCAO,3128.5,CRUZ_04,1,VERDE,0
intenso,1,PREEMPCAO,3130.7,CRUZ_06,1,VERMELHO,0
intenso,1,PREEMPCAO,3131.0,CRUZ_07,2,VERMELHO,0
intenso,1,PREEMPCAO,3132.7,CRUZ_06,2,VERDE,0
intenso,1,PREEMPCAO,3133.0,CRUZ_07,1,VERDE,0
intenso,1,PREEMPCAO,3134.5,CRUZ_08,2,AMARELO,0
intenso,1,PREEMPCAO,3137.5,CRUZ_08,2,VERMELHO,0
intenso,1,PREEMPCAO,3138.4,CRUZ_05,2,AMARELO,0
intenso,1,PREEMPCAO,3139.5,CRUZ_08,1,VERDE,0
intenso,1,PREEMPCAO,3140.8,CRUZ_03,2,AMARELO,0
intenso,1,PREEMPCAO,3141.4,CRUZ_05,2,VERMELHO,0
intenso,1,PREEMPCAO,3143.4,CRUZ_05,1,VERDE,0
intenso,1,PREEMPCAO,3143.8,CRUZ_03,2,VERMELHO,0
intenso,1,PREEMPCAO,3144.2,CRUZ_01,2,AMARELO,0
intenso,1,PREEMPCAO,3145.8,CRUZ_03,1,VERDE,0
intenso,1,PREEMPCAO,3147.2,CRUZ_01,2,VERMELHO,0
intenso,1,PREEMPCAO,3149.2,CRUZ_01,1,VERDE,0
intenso,1,PREEMPCAO,3155.5,CRUZ_02,1,AMARELO,0
intenso,1,PREEMPCAO,3158.5,CRUZ_02,1,VERMELHO,0
intenso,1,PREEMPCAO,3158.5,CRUZ_04,1,AMARELO,0
intenso,1,PREEMPCAO,3160.5,CRUZ_02,2,VERDE,0
intenso,1,PREEMPCAO,3161.5,CRUZ_04,1,VERMELHO,0
intenso,1,PREEMPCAO,3162.7,CRUZ_06,2,AMARELO,0
intenso,1,PREEMPCAO,3163.0,CRUZ_07,1,AMARELO,0
intenso,1,PREEMPCAO,3163.5,CRUZ_04,2,VERDE,0
intenso,1,PREEMPCAO,3165.7,CRUZ_06,2,VERMELHO,0
intenso,1,PREEMPCAO,3166.0,CRUZ_07,1,VERMELHO,0
intenso,1,PREEMPCAO,3167.7,CRUZ_06,1,VERDE,0
intenso,1,PREEMPCAO,3168.0,CRUZ_07,2,VERDE,0
intenso,1,PREEMPCAO,3169.5,CRUZ_08,1,AMARELO,0
intenso,1,PREEMPCAO,3172.5,CRUZ_08,1,VERMELHO,0
intenso,1,PREEMPCAO,3173.4,CRUZ_05,1,AMARELO,0
intenso,1,PREEMPCAO,3174.5,CRUZ_08,2,VERDE,0
intenso,1,PREEMPCAO,3175.8,CRUZ_03,1,AMARELO,0
intenso,1,PREEMPCAO,3176.4,CRUZ_05,1,VERMELHO,0
intenso,1,PREEMPCAO,3178.4,CRUZ_05,2,VERDE,0
intenso,1,PREEMPCAO,3178.8,CRUZ_03,1,VERMELHO,0
intenso,1,PREEMPCAO,3179.2,CRUZ_01,1,AMARELO,0
intenso,1,PREEMPCAO,3180.8,CRUZ_03,2,VERDE,0
intenso,1,PREEMPCAO,3182.2,CRUZ_01,1,VERMELHO,0
intenso,1,PREEMPCAO,3184.2,CRUZ_01,2,VERDE,0
intenso,1,PREEMPCAO,3190.5,CRUZ_02,2,AMARELO,0
intenso,1,PREEMPCAO,3193.5,CRUZ_02,2,VERMELHO,0
intenso,1,PREEMPCAO,3193.5,CRUZ_04,2,AMARELO,0
intenso,1,PREEMPCAO,3195.5,CRUZ_02,1,VERDE,0
intenso,1,PREEMPCAO,3196.5,CRUZ_04,2,VERMELHO,0
intenso,1,PREEMPCAO,3197.7,CRUZ_06,1,AMARELO,0
intenso,1,PREEMPCAO,3198.0,CRUZ_07,2,AMARELO,0
intenso,1,PREEMPCAO,3198.5,CRUZ_04,1,VERDE,0
intenso,1,PREEMPCAO,3200.7,CRUZ_06,1,VERMELHO,0
intenso,1,PREEMPCAO,3201.0,CRUZ_07,2,VERMELHO,0
intenso,1,PREEMPCAO,3202.7,CRUZ_06,2,VERDE,0
intenso,1,PREEMPCAO,3203.0,CRUZ_07,1,VERDE,0
intenso,1,PREEMPCAO,3204.5,CRUZ_08,2,AMARELO,0
intenso,1,PREEMPCAO,3207.5,CRUZ_08,2,VERMELHO,0
intenso,1,PREEMPCAO,3208.4,CRUZ_05,2,AMARELO,0
intenso,1,PREEMPCAO,3209.5,CRUZ_08,1,VERDE,0
intenso,1,PREEMPCAO,3210.8,CRUZ_03,2,AMARELO,0
intenso,1,PREEMPCAO,3211.4,CRUZ_05,2,VERMELHO,0
intenso,1,PREEMPCAO,3213.4,CRUZ_05,1,VERDE,0
intenso,1,PREEMPCAO,3213.8,CRUZ_03,2,VERMELHO,0
intenso,1,PREEMPCAO,3214.2,CRUZ_01,2,AMARELO,0
intenso,1,PREEMPCAO,3215.8,CRUZ_03,1,VERDE,0
intenso,1,PREEMPCAO,3217.2,CRUZ_01,2,VERMELHO,0
intenso,1,PREEMPCAO,3219.2,CRUZ_01,1,VERDE,0
intenso,1,PREEMPCAO,3225.5,CRUZ_02,1,AMARELO,0
intenso,1,PREEMPCAO,3228.5,CRUZ_02,1,VERMELHO,0
intenso,1,PREEMPCAO,3228.5,CRUZ_04,1,AMARELO,0
intenso,1,PREEMPCAO,3230.5,CRUZ_02,2,VERDE,0
intenso,1,PREEMPCAO,3231.5,CRUZ_04,1,VERMELHO,0
intenso,1,PREEMPCAO,3232.7,CRUZ_06,2,AMARELO,0
intenso,1,PREEMPCAO,3233.0,CRUZ_07,1,AMARELO,0
intenso,1,PREEMPCAO,3233.5,CRUZ_04,2,VERDE,0
intenso,1,PREEMPCAO,3235.7,CRUZ_06,2,VERMELHO,0
intenso,1,PREEMPCAO,3236.0,CRUZ_07,1,VERMELHO,0
intenso,1,PREEMPCAO,3237.7,CRUZ_06,1,VERDE,0
intenso,1,PREEMPCAO,3238.0,CRUZ_07,2,VERDE,0
intenso,1,PREEMPCAO,3239.5,CRUZ_08,1,AMARELO,0
intenso,1,PREEMPCAO,3242.5,CRUZ_08,1,VERMELHO,0
intenso,1,PREEMPCAO,3243.4,CRUZ_05,1,AMARELO,0
intenso,1,PREEMPCAO,3244.5,CRUZ_08,2,VERDE,0
intenso,1,PREEMPCAO,3245.8,CRUZ_03,1,AMARELO,0
intenso,1,PREEMPCAO,3246.4,CRUZ_05,1,VERMELHO,0
intenso,1,PREEMPCAO,3248.4,CRUZ_05,2,VERDE,0
intenso,1,PREEMPCAO,3248.8,CRUZ_03,1,VERMELHO,0
intenso,1,PREEMPCAO,3249.2,CRUZ_01,1,AMARELO,0
intenso,1,PREEMPCAO,3250.8,CRUZ_03,2,VERDE,0
intenso,1,PREEMPCAO,3252.2,CRUZ_01,1,VERMELHO,0
intenso,1,PREEMPCAO,3254.2,CRUZ_01,2,VERDE,0
intenso,1,PREEMPCAO,3260.5,CRUZ_02,2,AMARELO,0
intenso,1,PREEMPCAO,3263.5,CRUZ_02,2,VERMELHO,0
intenso,1,PREEMPCAO,3263.5,CRUZ_04,2,AMARELO,0
intenso,1,PREEMPCAO,3265.5,CRUZ_02,1,VERDE,0
intenso,1,PREEMPCAO,3266.5,CRUZ_04,2,VERMELHO,0
intenso,1,PREEMPCAO,3267.7,CRUZ_06,1,AMARELO,0
intenso,1,PREEMPCAO,3268.0,CRUZ_07,2,AMARELO,0
intenso,1,PREEMPCAO,3268.5,CRUZ_04,1,VERDE,0
intenso,1,PREEMPCAO,3270.7,CRUZ_06,1,VERMELHO,0
intenso,1,PREEMPCAO,3271.0,CRUZ_07,2,VERMELHO,0
intenso,1,PREEMPCAO,3272.7,CRUZ_06,2,VERDE,0
intenso,1,PREEMPCAO,3273.0,CRUZ_07,1,VERDE,0
intenso,1,PREEMPCAO,3274.5,CRUZ_08,2,AMARELO,0
intenso,1,PREEMPCAO,3277.5,CRUZ_08,2,VERMELHO,0
intenso,1,PREEMPCAO,3278.4,CRUZ_05,2,AMARELO,0
intenso,1,PREEMPCAO,3279.5,CRUZ_08,1,VERDE,0
intenso,1,PREEMPCAO,3280.8,CRUZ_03,2,AMARELO,0
intenso,1,PREEMPCAO,3281.4,CRUZ_05,2,VERMELHO,0
intenso,1,PREEMPCAO,3283.4,CRUZ_05,1,VERDE,0
intenso,1,PREEMPCAO,3283.8,CRUZ_03,2,VERMELHO,0
intenso,1,PREEMPCAO,3284.2,CRUZ_01,2,AMARELO,0
intenso,1,PREEMPCAO,3285.8,CRUZ_03,1,VERDE,0
intenso,1,PREEMPCAO,3287.2,CRUZ_01,2,VERMELHO,0
intenso,1,PREEMPCAO,3289.2,CRUZ_01,1,VERDE,0
intenso,1,PREEMPCAO,3295.5,CRUZ_02,1,AMARELO,0
intenso,1,PREEMPCAO,3298.5,CRUZ_02,1,VERMELHO,0
intenso,1,PREEMPCAO,3298.5,CRUZ_04,1,AMARELO,0
intenso,1,PREEMPCAO,3300.5,CRUZ_02,2,VERDE,0
intenso,1,PREEMPCAO,3301.5,CRUZ_04,1,VERMELHO,0
intenso,1,PREEMPCAO,3302.7,CRUZ_06,2,AMARELO,0
intenso,1,PREEMPCAO,3303.0,CRUZ_07,1,AMARELO,0
intenso,1,PREEMPCAO,3303.5,CRUZ_04,2,VERDE,0
intenso,1,PREEMPCAO,3305.7,CRUZ_06,2,VERMELHO,0
intenso,1,PREEMPCAO,3306.0,CRUZ_07,1,VERMELHO,0
intenso,1,PREEMPCAO,3307.7,CRUZ_06,1,VERDE,0
intenso,1,PREEMPCAO,3308.0,CRUZ_07,2,VERDE,0
intenso,1,PREEMPCAO,3309.5,CRUZ_08,1,AMARELO,0
intenso,1,PREEMPCAO,3312.5,CRUZ_08,1,VERMELHO,0
intenso,1,PREEMPCAO,3313.4,CRUZ_05,1,AMARELO,0
intenso,1,PREEMPCAO,3314.5,CRUZ_08,2,VERDE,0
intenso,1,PREEMPCAO,3315.8,CRUZ_03,1,AMARELO,0
intenso,1,PREEMPCAO,3316.4,CRUZ_05,1,VERMELHO,0
intenso,1,PREEMPCAO,3318.4,CRUZ_05,2,VERDE,0
intenso,1,PREEMPCAO,3318.8,CRUZ_03,1,VERMELHO,0
intenso,1,PREEMPCAO,3320.8,CRUZ_03,2,VERDE,0
intenso,1,PREEMPCAO,3324.9,CRUZ_01,1,AMARELO,0
intenso,1,PREEMPCAO,3327.9,CRUZ_01,1,VERMELHO,0
intenso,1,PREEMPCAO,3329.9,CRUZ_01,2,VERDE,0
intenso,1,PREEMPCAO,3330.5,CRUZ_02,2,AMARELO,0
intenso,1,PREEMPCAO,3333.5,CRUZ_02,2,VERMELHO,0
intenso,1,PREEMPCAO,3333.5,CRUZ_04,2,AMARELO,0
intenso,1,PREEMPCAO,3335.5,CRUZ_02,1,VERDE,0
intenso,1,PREEMPCAO,3336.5,CRUZ_04,2,VERMELHO,0
intenso,1,PREEMPCAO,3337.7,CRUZ_06,1,AMARELO,0
intenso,1,PREEMPCAO,3338.0,CRUZ_07,2,AMARELO,0
intenso,1,PREEMPCAO,3338.5,CRUZ_04,1,VERDE,0
intenso,1,PREEMPCAO,3340.7,CRUZ_06,1,VERMELHO,0
intenso,1,PREEMPCAO,3341.0,CRUZ_07,2,VERMELHO,0
intenso,1,PREEMPCAO,3342.7,CRUZ_06,2,VERDE,0
intenso,1,PREEMPCAO,3343.0,CRUZ_07,1,VERDE,0
intenso,1,PREEMPCAO,3344.5,CRUZ_08,2,AMARELO,0
intenso,1,PREEMPCAO,3347.5,CRUZ_08,2,VERMELHO,0
intenso,1,PREEMPCAO,3348.4,CRUZ_05,2,AMARELO,0
intenso,1,PREEMPCAO,3349.5,CRUZ_08,1,VERDE,0
intenso,1,PREEMPCAO,3350.8,CRUZ_03,2,AMARELO,0
intenso,1,PREEMPCAO,3351.4,CRUZ_05,2,VERMELHO,0
intenso,1,PREEMPCAO,3353.4,CRUZ_05,1,VERDE,0
intenso,1,PREEMPCAO,3353.8,CRUZ_03,2,VERMELHO,0
intenso,1,PREEMPCAO,3355.8,CRUZ_03,1,VERDE,0
intenso,1,PREEMPCAO,3359.9,CRUZ_01,2,AMARELO,0
intenso,1,PREEMPCAO,3362.9,CRUZ_01,2,VERMELHO,0
intenso,1,PREEMPCAO,3364.9,CRUZ_01,1,VERDE,0
intenso,1,PREEMPCAO,3365.5,CRUZ_02,1,AMARELO,0
intenso,1,PREEMPCAO,3368.5,CRUZ_02,1,VERMELHO,0
intenso,1,PREEMPCAO,3368.5,CRUZ_04,1,AMARELO,0
intenso,1,PREEMPCAO,3370.5,CRUZ_02,2,VERDE,0
intenso,1,PREEMPCAO,3371.5,CRUZ_04,1,VERMELHO,0
intenso,1,PREEMPCAO,3372.7,CRUZ_06,2,AMARELO,0
intenso,1,PREEMPCAO,3373.0,CRUZ_07,1,AMARELO,0
intenso,1,PREEMPCAO,3373.5,CRUZ_04,2,VERDE,0
intenso,1,PREEMPCAO,3375.7,CRUZ_06,2,VERMELHO,0
intenso,1,PREEMPCAO,3376.0,CRUZ_07,1,VERMELHO,0
intenso,1,PREEMPCAO,3377.7,CRUZ_06,1,VERDE,0
intenso,1,PREEMPCAO,3378.0,CRUZ_07,2,VERDE,0
intenso,1,PREEMPCAO,3379.5,CRUZ_08,1,AMARELO,0
intenso,1,PREEMPCAO,3382.5,CRUZ_08,1,VERMELHO,0
intenso,1,PREEMPCAO,3383.4,CRUZ_05,1,AMARELO,0
intenso,1,PREEMPCAO,3384.5,CRUZ_08,2,VERDE,0
intenso,1,PREEMPCAO,3385.8,CRUZ_03,1,AMARELO,0
intenso,1,PREEMPCAO,3386.4,CRUZ_05,1,VERMELHO,0
intenso,1,PREEMPCAO,3388.4,CRUZ_05,2,VERDE,0
intenso,1,PREEMPCAO,3388.8,CRUZ_03,1,VERMELHO,0
intenso,1,PREEMPCAO,3390.8,CRUZ_03,2,VERDE,0
intenso,1,PREEMPCAO,3394.9,CRUZ_01,1,AMARELO,0
intenso,1,PREEMPCAO,3397.8,CRUZ_03,2,AMARELO,1
intenso,1,PREEMPCAO,3397.9,CRUZ_01,1,VERMELHO,0
intenso,1,PREEMPCAO,3399.9,CRUZ_01,2,VERDE,0
intenso,1,PREEMPCAO,3400.5,CRUZ_02,2,AMARELO,0
intenso,1,PREEMPCAO,3400.8,CRUZ_03,2,VERMELHO,1
intenso,1,PREEMPCAO,3402.8,CRUZ_03,1,VERDE,1
intenso,1,PREEMPCAO,3403.5,CRUZ_02,2,VERMELHO,0
intenso,1,PREEMPCAO,3403.5,CRUZ_04,2,AMARELO,0
intenso,1,PREEMPCAO,3405.5,CRUZ_02,1,VERDE,0
intenso,1,PREEMPCAO,3406.5,CRUZ_04,2,VERMELHO,0
intenso,1,PREEMPCAO,3407.7,CRUZ_06,1,AMARELO,0
intenso,1,PREEMPCAO,3408.0,CRUZ_07,2,AMARELO,0
intenso,1,PREEMPCAO,3408.5,CRUZ_04,1,VERDE,0
intenso,1,PREEMPCAO,3410.7,CRUZ_06,1,VERMELHO,0
intenso,1,PREEMPCAO,3411.0,CRUZ_07,2,VERMELHO,0
intenso,1,PREEMPCAO,3412.7,CRUZ_06,2,VERDE,0
intenso,1,PREEMPCAO,3413.0,CRUZ_07,1,VERDE,0
intenso,1,PREEMPCAO,3414.5,CRUZ_08,2,AMARELO,0
intenso,1,PREEMPCAO,3417.5,CRUZ_08,2,VERMELHO,0
intenso,1,PREEMPCAO,3418.4,CRUZ_05,2,AMARELO,0
intenso,1,PREEMPCAO,3419.5,CRUZ_08,1,VERDE,0
intenso,1,PREEMPCAO,3421.4,CRUZ_05,2,VERMELHO,0
intenso,1,PREEMPCAO,3423.4,CRUZ_05,1,VERDE,0
intenso,1,PREEMPCAO,3429.9,CRUZ_01,2,AMARELO,0
intenso,1,PREEMPCAO,3432.8,CRUZ_03,1,AMARELO,0
intenso,1,PREEMPCAO,3432.9,CRUZ_01,2,VERMELHO,0
intenso,1,PREEMPCAO,3434.9,CRUZ_01,1,VERDE,0
intenso,1,PREEMPCAO,3435.5,CRUZ_02,1,AMARELO,0
intenso,1,PREEMPCAO,3435.8,CRUZ_03,1,VERMELHO,0
intenso,1,PREEMPCAO,3437.8,CRUZ_03,2,VERDE,0
intenso,1,PREEMPCAO,3438.5,CRUZ_02,1,VERMELHO,0
intenso,1,PREEMPCAO,3438.5,CRUZ_04,1,AMARELO,0
intenso,1,PREEMPCAO,3440.5,CRUZ_02,2,VERDE,0
intenso,1,PREEMPCAO,3441.5,CRUZ_04,1,VERMELHO,0
intenso,1,PREEMPCAO,3442.7,CRUZ_06,2,AMARELO,0
intenso,1,PREEMPCAO,3443.0,CRUZ_07,1,AMARELO,0
intenso,1,PREEMPCAO,3443.5,CRUZ_04,2,VERDE,0
intenso,1,PREEMPCAO,3445.7,CRUZ_06,2,VERMELHO,0
intenso,1,PREEMPCAO,3446.0,CRUZ_07,1,VERMELHO,0
intenso,1,PREEMPCAO,3447.7,CRUZ_06,1,VERDE,0
intenso,1,PREEMPCAO,3448.0,CRUZ_07,2,VERDE,0
intenso,1,PREEMPCAO,3449.5,CRUZ_08,1,AMARELO,0
intenso,1,PREEMPCAO,3450.5,CRUZ_04,2,AMARELO,1
intenso,1,PREEMPCAO,3452.5,CRUZ_08,1,VERMELHO,0
intenso,1,PREEMPCAO,3453.4,CRUZ_05,1,AMARELO,0
intenso,1,PREEMPCAO,3453.5,CRUZ_04,2,VERMELHO,1
intenso,1,PREEMPCAO,3454.5,CRUZ_08,2,VERDE,0
intenso,1,PREEMPCAO,3455.5,CRUZ_04,1,VERDE,1
intenso,1,PREEMPCAO,3456.4,CRUZ_05,1,VERMELHO,0
intenso,1,PREEMPCAO,3458.4,CRUZ_05,2,VERDE,0
intenso,1,PREEMPCAO,3464.9,CRUZ_01,1,AMARELO,0
intenso,1,PREEMPCAO,3467.8,CRUZ_03,2,AMARELO,0
intenso,1,PREEMPCAO,3467.9,CRUZ_01,1,VERMELHO,0
intenso,1,PREEMPCAO,3469.9,CRUZ_01,2,VERDE,0
intenso,1,PREEMPCAO,3470.5,CRUZ_02,2,AMARELO,0
intenso,1,PREEMPCAO,3470.8,CRUZ_03,2,VERMELHO,0
intenso,1,PREEMPCAO,3472.8,CRUZ_03,1,VERDE,0
intenso,1,PREEMPCAO,3473.5,CRUZ_02,2,VERMELHO,0
intenso,1,PREEMPCAO,3475.5,CRUZ_02,1,VERDE,0
intenso,1,PREEMPCAO,3477.7,CRUZ_06,1,AMARELO,0
intenso,1,PREEMPCAO,3478.0,CRUZ_07,2,AMARELO,0
intenso,1,PREEMPCAO,3480.7,CRUZ_06,1,VERMELHO,0
intenso,1,PREEMPCAO,3481.0,CRUZ_07,2,VERMELHO,0
intenso,1,PREEMPCAO,3482.7,CRUZ_06,2,VERDE,0
intenso,1,PREEMPCAO,3483.0,CRUZ_07,1,VERDE,0
intenso,1,PREEMPCAO,3484.5,CRUZ_08,2,AMARELO,0
intenso,1,PREEMPCAO,3485.5,CRUZ_04,1,AMARELO,0
intenso,1,PREEMPCAO,3487.5,CRUZ_08,2,VERMELHO,0
intenso,1,PREEMPCAO,3488.4,CRUZ_05,2,AMARELO,0
intenso,1,PREEMPCAO,3488.5,CRUZ_04,1,VERMELHO,0
intenso,1,PREEMPCAO,3489.5,CRUZ_08,1,VERDE,0
intenso,1,PREEMPCAO,3490.5,CRUZ_04,2,VERDE,0
intenso,1,PREEMPCAO,3491.4,CRUZ_05,2,VERMELHO,0
intenso,1,PREEMPCAO,3493.4,CRUZ_05,1,VERDE,0
intenso,1,PREEMPCAO,3496.5,CRUZ_08,1,AMARELO,1
intenso,1,PREEMPCAO,3499.5,CRUZ_08,1,VERMELHO,1
intenso,1,PREEMPCAO,3499.9,CRUZ_01,2,AMARELO,0
intenso,1,PREEMPCAO,3501.5,CRUZ_08,2,VERDE,1
intenso,1,PREEMPCAO,3502.8,CRUZ_03,1,AMARELO,0
intenso,1,PREEMPCAO,3502.9,CRUZ_01,2,VERMELHO,0
intenso,1,PREEMPCAO,3504.9,CRUZ_01,1,VERDE,0
intenso,1,PREEMPCAO,3505.5,CRUZ_02,1,AMARELO,0
intenso,1,PREEMPCAO,3505.8,CRUZ_03,1,VERMELHO,0
intenso,1,PREEMPCAO,3507.8,CRUZ_03,2,VERDE,0
intenso,1,PREEMPCAO,3508.5,CRUZ_02,1,VERMELHO,0
intenso,1,PREEMPCAO,3510.5,CRUZ_02,2,VERDE,0
intenso,1,PREEMPCAO,3512.7,CRUZ_06,2,AMARELO,0
intenso,1,PREEMPCAO,3513.0,CRUZ_07,1,AMARELO,0
intenso,1,PREEMPCAO,3515.7,CRUZ_06,2,VERMELHO,0
intenso,1,PREEMPCAO,3516.0,CRUZ_07,1,VERMELHO,0
intenso,1,PREEMPCAO,3517.7,CRUZ_06,1,VERDE,0
intenso,1,PREEMPCAO,3518.0,CRUZ_07,2,VERDE,0
intenso,1,PREEMPCAO,3520.5,CRUZ_04,2,AMARELO,0
intenso,1,PREEMPCAO,3523.4,CRUZ_05,1,AMARELO,0
intenso,1,PREEMPCAO,3523.5,CRUZ_04,2,VERMELHO,0
intenso,1,PREEMPCAO,3525.2,CRUZ_07,2,AMARELO,1
intenso,1,PREEMPCAO,3525.5,CRUZ_04,1,VERDE,0
intenso,1,PREEMPCAO,3526.4,CRUZ_05,1,VERMELHO,0
intenso,1,PREEMPCAO,3528.2,CRUZ_07,2,VERMELHO,1
intenso,1,PREEMPCAO,3528.4,CRUZ_05,2,VERDE,0
intenso,1,PREEMPCAO,3530.2,CRUZ_07,1,VERDE,1
intenso,1,PREEMPCAO,3531.5,CRUZ_08,2,AMARELO,0
intenso,1,PREEMPCAO,3534.5,CRUZ_08,2,VERMELHO,0
intenso,1,PREEMPCAO,3534.9,CRUZ_01,1,AMARELO,0
intenso,1,PREEMPCAO,3536.5,CRUZ_08,1,VERDE,0
intenso,1,PREEMPCAO,3537.8,CRUZ_03,2,AMARELO,0
intenso,1,PREEMPCAO,3537.9,CRUZ_01,1,VERMELHO,0
intenso,1,PREEMPCAO,3539.9,CRUZ_01,2,VERDE,0
intenso,1,PREEMPCAO,3540.5,CRUZ_02,2,AMARELO,0
intenso,1,PREEMPCAO,3540.8,CRUZ_03,2,VERMELHO,0
intenso,1,PREEMPCAO,3542.8,CRUZ_03,1,VERDE,0
intenso,1,PREEMPCAO,3543.5,CRUZ_02,2,VERMELHO,0
intenso,1,PREEMPCAO,3545.5,CRUZ_02,1,VERDE,0
intenso,1,PREEMPCAO,3547.7,CRUZ_06,1,AMARELO,0
intenso,1,PREEMPCAO,3550.7,CRUZ_06,1,VERMELHO,0
intenso,1,PREEMPCAO,3552.7,CRUZ_06,2,VERDE,0
intenso,1,PREEMPCAO,3555.5,CRUZ_04,1,AMARELO,0
intenso,1,PREEMPCAO,3558.4,CRUZ_05,2,AMARELO,0
intenso,1,PREEMPCAO,3558.5,CRUZ_04,1,VERMELHO,0
intenso,1,PREEMPCAO,3560.2,CRUZ_07,1,AMARELO,0
intenso,1,PREEMPCAO,3560.5,CRUZ_04,2,VERDE,0
intenso,1,PREEMPCAO,3561.4,CRUZ_05,2,VERMELHO,0
intenso,1,PREEMPCAO,3563.0,CRUZ_06,2,AMARELO,1
intenso,1,PREEMPCAO,3563.2,CRUZ_07,1,VERMELHO,0
intenso,1,PREEMPCAO,3563.4,CRUZ_05,1,VERDE,0
intenso,1,PREEMPCAO,3565.2,CRUZ_07,2,VERDE,0
intenso,1,PREEMPCAO,3566.0,CRUZ_06,2,VERMELHO,1
intenso,1,PREEMPCAO,3566.5,CRUZ_08,1,AMARELO,0
intenso,1,PREEMPCAO,3568.0,CRUZ_06,1,VERDE,1
intenso,1,PREEMPCAO,3569.5,CRUZ_08,1,VERMELHO,0
intenso,1,PREEMPCAO,3569.9,CRUZ_01,2,AMARELO,0
intenso,1,PREEMPCAO,3571.5,CRUZ_08,2,VERDE,0
intenso,1,PREEMPCAO,3572.8,CRUZ_03,1,AMARELO,0
intenso,1,PREEMPCAO,3572.9,CRUZ_01,2,VERMELHO,0
intenso,1,PREEMPCAO,3574.9,CRUZ_01,1,VERDE,0
intenso,1,PREEMPCAO,3575.5,CRUZ_02,1,AMARELO,0
intenso,1,PREEMPCAO,3575.8,CRUZ_03,1,VERMELHO,0
intenso,1,PREEMPCAO,3577.8,CRUZ_03,2,VERDE,0
intenso,1,PREEMPCAO,3578.5,CRUZ_02,1,VERMELHO,0
intenso,1,PREEMPCAO,3580.5,CRUZ_02,2,VERDE,0
intenso,1,PREEMPCAO,3590.5,CRUZ_04,2,AMARELO,0
intenso,1,PREEMPCAO,3593.4,CRUZ_05,1,AMARELO,0
intenso,1,PREEMPCAO,3593.5,CRUZ_04,2,VERMELHO,0
intenso,1,PREEMPCAO,3595.2,CRUZ_07,2,AMARELO,0
intenso,1,PREEMPCAO,3595.5,CRUZ_04,1,VERDE,0
intenso,1,PREEMPCAO,3596.4,CRUZ_05,1,VERMELHO,0
intenso,1,PREEMPCAO,3598.0,CRUZ_06,1,AMARELO,0
intenso,1,PREEMPCAO,3598.2,CRUZ_07,2,VERMELHO,0
intenso,1,PREEMPCAO,3598.4,CRUZ_05,2,VERDE,0
intenso,1,PREEMPCAO_COMPENSADA,30.0,CRUZ_01,1,AMARELO,0
intenso,1,PREEMPCAO_COMPENSADA,30.0,CRUZ_02,1,AMARELO,0
intenso,1,PREEMPCAO_COMPENSADA,30.0,CRUZ_03,1,AMARELO,0
intenso,1,PREEMPCAO_COMPENSADA,30.0,CRUZ_04,1,AMARELO,0
intenso,1,PREEMPCAO_COMPENSADA,30.0,CRUZ_05,1,AMARELO,0
intenso,1,PREEMPCAO_COMPENSADA,30.0,CRUZ_06,1,AMARELO,0
intenso,1,PREEMPCAO_COMPENSADA,30.0,CRUZ_07,1,AMARELO,0
intenso,1,PREEMPCAO_COMPENSADA,30.0,CRUZ_08,1,AMARELO,0
intenso,1,PREEMPCAO_COMPENSADA,33.0,CRUZ_01,1,VERMELHO,0
intenso,1,PREEMPCAO_COMPENSADA,33.0,CRUZ_02,1,VERMELHO,0
intenso,1,PREEMPCAO_COMPENSADA,33.0,CRUZ_03,1,VERMELHO,0
intenso,1,PREEMPCAO_COMPENSADA,33.0,CRUZ_04,1,VERMELHO,0
intenso,1,PREEMPCAO_COMPENSADA,33.0,CRUZ_05,1,VERMELHO,0
intenso,1,PREEMPCAO_COMPENSADA,33.0,CRUZ_06,1,VERMELHO,0
intenso,1,PREEMPCAO_COMPENSADA,33.0,CRUZ_07,1,VERMELHO,0
intenso,1,PREEMPCAO_COMPENSADA,33.0,CRUZ_08,1,VERMELHO,0
intenso,1,PREEMPCAO_COMPENSADA,35.0,CRUZ_01,2,VERDE,0
intenso,1,PREEMPCAO_COMPENSADA,35.0,CRUZ_02,2,VERDE,0
intenso,1,PREEMPCAO_COMPENSADA,35.0,CRUZ_03,2,VERDE,0
intenso,1,PREEMPCAO_COMPENSADA,35.0,CRUZ_04,2,VERDE,0
intenso,1,PREEMPCAO_COMPENSADA,35.0,CRUZ_05,2,VERDE,0
intenso,1,PREEMPCAO_COMPENSADA,35.0,CRUZ_06,2,VERDE,0
intenso,1,PREEMPCAO_COMPENSADA,35.0,CRUZ_07,2,VERDE,0
intenso,1,PREEMPCAO_COMPENSADA,35.0,CRUZ_08,2,VERDE,0
intenso,1,PREEMPCAO_COMPENSADA,65.0,CRUZ_01,2,AMARELO,0
intenso,1,PREEMPCAO_COMPENSADA,65.0,CRUZ_02,2,AMARELO,0
intenso,1,PREEMPCAO_COMPENSADA,65.0,CRUZ_03,2,AMARELO,0
intenso,1,PREEMPCAO_COMPENSADA,65.0,CRUZ_04,2,AMARELO,0
intenso,1,PREEMPCAO_COMPENSADA,65.0,CRUZ_05,2,AMARELO,0
intenso,1,PREEMPCAO_COMPENSADA,65.0,CRUZ_06,2,AMARELO,0
intenso,1,PREEMPCAO_COMPENSADA,65.0,CRUZ_07,2,AMARELO,0
intenso,1,PREEMPCAO_COMPENSADA,65.0,CRUZ_08,2,AMARELO,0
intenso,1,PREEMPCAO_COMPENSADA,68.0,CRUZ_01,2,VERMELHO,0
intenso,1,PREEMPCAO_COMPENSADA,68.0,CRUZ_02,2,VERMELHO,0
intenso,1,PREEMPCAO_COMPENSADA,68.0,CRUZ_03,2,VERMELHO,0
intenso,1,PREEMPCAO_COMPENSADA,68.0,CRUZ_04,2,VERMELHO,0
intenso,1,PREEMPCAO_COMPENSADA,68.0,CRUZ_05,2,VERMELHO,0
intenso,1,PREEMPCAO_COMPENSADA,68.0,CRUZ_06,2,VERMELHO,0
intenso,1,PREEMPCAO_COMPENSADA,68.0,CRUZ_07,2,VERMELHO,0
intenso,1,PREEMPCAO_COMPENSADA,68.0,CRUZ_08,2,VERMELHO,0
intenso,1,PREEMPCAO_COMPENSADA,70.0,CRUZ_01,1,VERDE,0
intenso,1,PREEMPCAO_COMPENSADA,70.0,CRUZ_02,1,VERDE,0
intenso,1,PREEMPCAO_COMPENSADA,70.0,CRUZ_03,1,VERDE,0
intenso,1,PREEMPCAO_COMPENSADA,70.0,CRUZ_04,1,VERDE,0
intenso,1,PREEMPCAO_COMPENSADA,70.0,CRUZ_05,1,VERDE,0
intenso,1,PREEMPCAO_COMPENSADA,70.0,CRUZ_06,1,VERDE,0
intenso,1,PREEMPCAO_COMPENSADA,70.0,CRUZ_07,1,VERDE,0
intenso,1,PREEMPCAO_COMPENSADA,70.0,CRUZ_08,1,VERDE,0
intenso,1,PREEMPCAO_COMPENSADA,100.0,CRUZ_01,1,AMARELO,0
intenso,1,PREEMPCAO_COMPENSADA,100.0,CRUZ_02,1,AMARELO,0
intenso,1,PREEMPCAO_COMPENSADA,100.0,CRUZ_03,1,AMARELO,0
intenso,1,PREEMPCAO_COMPENSADA,100.0,CRUZ_04,1,AMARELO,0
intenso,1,PREEMPCAO_COMPENSADA,100.0,CRUZ_05,1,AMARELO,0
intenso,1,PREEMPCAO_COMPENSADA,100.0,CRUZ_06,1,AMARELO,0
intenso,1,PREEMPCAO_COMPENSADA,100.0,CRUZ_07,1,AMARELO,0
intenso,1,PREEMPCAO_COMPENSADA,100.0,CRUZ_08,1,AMARELO,0
intenso,1,PREEMPCAO_COMPENSADA,103.0,CRUZ_01,1,VERMELHO,0
intenso,1,PREEMPCAO_COMPENSADA,103.0,CRUZ_02,1,VERMELHO,0
intenso,1,PREEMPCAO_COMPENSADA,103.0,CRUZ_03,1,VERMELHO,0
intenso,1,PREEMPCAO_COMPENSADA,103.0,CRUZ_04,1,VERMELHO,0
intenso,1,PREEMPCAO_COMPENSADA,103.0,CRUZ_05,1,VERMELHO,0
intenso,1,PREEMPCAO_COMPENSADA,103.0,CRUZ_06,1,VERMELHO,0
intenso,1,PREEMPCAO_COMPENSADA,103.0,CRUZ_07,1,VERMELHO,0
intenso,1,PREEMPCAO_COMPENSADA,103.0,CRUZ_08,1,VERMELHO,0
intenso,1,PREEMPCAO_COMPENSADA,105.0,CRUZ_01,2,VERDE,0
intenso,1,PREEMPCAO_COMPENSADA,105.0,CRUZ_02,2,VERDE,0
intenso,1,PREEMPCAO_COMPENSADA,105.0,CRUZ_03,2,VERDE,0
intenso,1,PREEMPCAO_COMPENSADA,105.0,CRUZ_04,2,VERDE,0
intenso,1,PREEMPCAO_COMPENSADA,105.0,CRUZ_05,2,VERDE,0
intenso,1,PREEMPCAO_COMPENSADA,105.0,CRUZ_06,2,VERDE,0
intenso,1,PREEMPCAO_COMPENSADA,105.0,CRUZ_07,2,VERDE,0
intenso,1,PREEMPCAO_COMPENSADA,105.0,CRUZ_08,2,VERDE,0
intenso,1,PREEMPCAO_COMPENSADA,135.0,CRUZ_01,2,AMARELO,0
intenso,1,PREEMPCAO_COMPENSADA,135.0,CRUZ_02,2,AMARELO,0
intenso,1,PREEMPCAO_COMPENSADA,135.0,CRUZ_03,2,AMARELO,0
intenso,1,PREEMPCAO_COMPENSADA,135.0,CRUZ_04,2,AMARELO,0
intenso,1,PREEMPCAO_COMPENSADA,135.0,CRUZ_05,2,AMARELO,0
intenso,1,PREEMPCAO_COMPENSADA,135.0,CRUZ_06,2,AMARELO,0
intenso,1,PREEMPCAO_COMPENSADA,135.0,CRUZ_07,2,AMARELO,0
intenso,1,PREEMPCAO_COMPENSADA,135.0,CRUZ_08,2,AMARELO,0
intenso,1,PREEMPCAO_COMPENSADA,138.0,CRUZ_01,2,VERMELHO,0
intenso,1,PREEMPCAO_COMPENSADA,138.0,CRUZ_02,2,VERMELHO,0
intenso,1,PREEMPCAO_COMPENSADA,138.0,CRUZ_03,2,VERMELHO,0
intenso,1,PREEMPCAO_COMPENSADA,138.0,CRUZ_04,2,VERMELHO,0
intenso,1,PREEMPCAO_COMPENSADA,138.0,CRUZ_05,2,VERMELHO,0
intenso,1,PREEMPCAO_COMPENSADA,138.0,CRUZ_06,2,VERMELHO,0
intenso,1,PREEMPCAO_COMPENSADA,138.0,CRUZ_07,2,VERMELHO,0
intenso,1,PREEMPCAO_COMPENSADA,138.0,CRUZ_08,2,VERMELHO,0
intenso,1,PREEMPCAO_COMPENSADA,140.0,CRUZ_01,1,VERDE,0
intenso,1,PREEMPCAO_COMPENSADA,140.0,CRUZ_02,1,VERDE,0
intenso,1,PREEMPCAO_COMPENSADA,140.0,CRUZ_03,1,VERDE,0
intenso,1,PREEMPCAO_COMPENSADA,140.0,CRUZ_04,1,VERDE,0
intenso,1,PREEMPCAO_COMPENSADA,140.0,CRUZ_05,1,VERDE,0
intenso,1,PREEMPCAO_COMPENSADA,140.0,CRUZ_06,1,VERDE,0
intenso,1,PREEMPCAO_COMPENSADA,140.0,CRUZ_07,1,VERDE,0
intenso,1,PREEMPCAO_COMPENSADA,140.0,CRUZ_08,1,VERDE,0
intenso,1,PREEMPCAO_COMPENSADA,170.0,CRUZ_01,1,AMARELO,0
intenso,1,PREEMPCAO_COMPENSADA,170.0,CRUZ_02,1,AMARELO,0
intenso,1,PREEMPCAO_COMPENSADA,170.0,CRUZ_03,1,AMARELO,0
intenso,1,PREEMPCAO_COMPENSADA,170.0,CRUZ_04,1,AMARELO,0
intenso,1,PREEMPCAO_COMPENSADA,170.0,CRUZ_05,1,AMARELO,0
intenso,1,PREEMPCAO_COMPENSADA,170.0,CRUZ_06,1,AMARELO,0
intenso,1,PREEMPCAO_COMPENSADA,170.0,CRUZ_07,1,AMARELO,0
intenso,1,PREEMPCAO_COMPENSADA,170.0,CRUZ_08,1,AMARELO,0
intenso,1,PREEMPCAO_COMPENSADA,173.0,CRUZ_01,1,VERMELHO,0
intenso,1,PREEMPCAO_COMPENSADA,173.0,CRUZ_02,1,VERMELHO,0
intenso,1,PREEMPCAO_COMPENSADA,173.0,CRUZ_03,1,VERMELHO,0
intenso,1,PREEMPCAO_COMPENSADA,173.0,CRUZ_04,1,VERMELHO,0
intenso,1,PREEMPCAO_COMPENSADA,173.0,CRUZ_05,1,VERMELHO,0
intenso,1,PREEMPCAO_COMPENSADA,173.0,CRUZ_06,1,VERMELHO,0
intenso,1,PREEMPCAO_COMPENSADA,173.0,CRUZ_07,1,VERMELHO,0
intenso,1,PREEMPCAO_COMPENSADA,173.0,CRUZ_08,1,VERMELHO,0
intenso,1,PREEMPCAO_COMPENSADA,175.0,CRUZ_01,2,VERDE,0
intenso,1,PREEMPCAO_COMPENSADA,175.0,CRUZ_02,2,VERDE,0
intenso,1,PREEMPCAO_COMPENSADA,175.0,CRUZ_03,2,VERDE,0
intenso,1,PREEMPCAO_COMPENSADA,175.0,CRUZ_04,2,VERDE,0
intenso,1,PREEMPCAO_COMPENSADA,175.0,CRUZ_05,2,VERDE,0
intenso,1,PREEMPCAO_COMPENSADA,175.0,CRUZ_06,2,VERDE,0
intenso,1,PREEMPCAO_COMPENSADA,175.0,CRUZ_07,2,VERDE,0
intenso,1,PREEMPCAO_COMPENSADA,175.0,CRUZ_08,2,VERDE,0
intenso,1,PREEMPCAO_COMPENSADA,205.0,CRUZ_01,2,AMARELO,0
intenso,1,PREEMPCAO_COMPENSADA,205.0,CRUZ_02,2,AMARELO,0
intenso,1,PREEMPCAO_COMPENSADA,205.0,CRUZ_03,2,AMARELO,0
intenso,1,PREEMPCAO_COMPENSADA,205.0,CRUZ_04,2,AMARELO,0
intenso,1,PREEMPCAO_COMPENSADA,205.0,CRUZ_05,2,AMARELO,0
intenso,1,PREEMPCAO_COMPENSADA,205.0,CRUZ_06,2,AMARELO,0
intenso,1,PREEMPCAO_COMPENSADA,205.0,CRUZ_07,2,AMARELO,0
intenso,1,PREEMPCAO_COMPENSADA,205.0,CRUZ_08,2,AMARELO,0
intenso,1,PREEMPCAO_COMPENSADA,208.0,CRUZ_01,2,VERMELHO,0
intenso,1,PREEMPCAO_COMPENSADA,208.0,CRUZ_02,2,VERMELHO,0
intenso,1,PREEMPCAO_COMPENSADA,208.0,CRUZ_03,2,VERMELHO,0
intenso,1,PREEMPCAO_COMPENSADA,208.0,CRUZ_04,2,VERMELHO,0
intenso,1,PREEMPCAO_COMPENSADA,208.0,CRUZ_05,2,VERMELHO,0
intenso,1,PREEMPCAO_COMPENSADA,208.0,CRUZ_06,2,VERMELHO,0
intenso,1,PREEMPCAO_COMPENSADA,208.0,CRUZ_07,2,VERMELHO,0
intenso,1,PREEMPCAO_COMPENSADA,208.0,CRUZ_08,2,VERMELHO,0
intenso,1,PREEMPCAO_COMPENSADA,210.0,CRUZ_01,1,VERDE,0
intenso,1,PREEMPCAO_COMPENSADA,210.0,CRUZ_02,1,VERDE,0
intenso,1,PREEMPCAO_COMPENSADA,210.0,CRUZ_03,1,VERDE,0
intenso,1,PREEMPCAO_COMPENSADA,210.0,CRUZ_04,1,VERDE,0
intenso,1,PREEMPCAO_COMPENSADA,210.0,CRUZ_05,1,VERDE,0
intenso,1,PREEMPCAO_COMPENSADA,210.0,CRUZ_06,1,VERDE,0
intenso,1,PREEMPCAO_COMPENSADA,210.0,CRUZ_07,1,VERDE,0
intenso,1,PREEMPCAO_COMPENSADA,210.0,CRUZ_08,1,VERDE,0
intenso,1,PREEMPCAO_COMPENSADA,240.0,CRUZ_01,1,AMARELO,0
intenso,1,PREEMPCAO_COMPENSADA,240.0,CRUZ_02,1,AMARELO,0
intenso,1,PREEMPCAO_COMPENSADA,240.0,CRUZ_03,1,AMARELO,0
intenso,1,PREEMPCAO_COMPENSADA,240.0,CRUZ_04,1,AMARELO,0
intenso,1,PREEMPCAO_COMPENSADA,240.0,CRUZ_05,1,AMARELO,0
intenso,1,PREEMPCAO_COMPENSADA,240.0,CRUZ_06,1,AMARELO,0
intenso,1,PREEMPCAO_COMPENSADA,240.0,CRUZ_07,1,AMARELO,0
intenso,1,PREEMPCAO_COMPENSADA,240.0,CRUZ_08,1,AMARELO,0
intenso,1,PREEMPCAO_COMPENSADA,243.0,CRUZ_01,1,VERMELHO,0
intenso,1,PREEMPCAO_COMPENSADA,243.0,CRUZ_02,1,VERMELHO,0
intenso,1,PREEMPCAO_COMPENSADA,243.0,CRUZ_03,1,VERMELHO,0
intenso,1,PREEMPCAO_COMPENSADA,243.0,CRUZ_04,1,VERMELHO,0
intenso,1,PREEMPCAO_COMPENSADA,243.0,CRUZ_05,1,VERMELHO,0
intenso,1,PREEMPCAO_COMPENSADA,243.0,CRUZ_06,1,VERMELHO,0
intenso,1,PREEMPCAO_COMPENSADA,243.0,CRUZ_07,1,VERMELHO,0
intenso,1,PREEMPCAO_COMPENSADA,243.0,CRUZ_08,1,VERMELHO,0
intenso,1,PREEMPCAO_COMPENSADA,245.0,CRUZ_01,2,VERDE,0
intenso,1,PREEMPCAO_COMPENSADA,245.0,CRUZ_02,2,VERDE,0
intenso,1,PREEMPCAO_COMPENSADA,245.0,CRUZ_03,2,VERDE,0
intenso,1,PREEMPCAO_COMPENSADA,245.0,CRUZ_04,2,VERDE,0
intenso,1,PREEMPCAO_COMPENSADA,245.0,CRUZ_05,2,VERDE,0
intenso,1,PREEMPCAO_COMPENSADA,245.0,CRUZ_06,2,VERDE,0
intenso,1,PREEMPCAO_COMPENSADA,245.0,CRUZ_07,2,VERDE,0
intenso,1,PREEMPCAO_COMPENSADA,245.0,CRUZ_08,2,VERDE,0
intenso,1,PREEMPCAO_COMPENSADA,275.0,CRUZ_01,2,AMARELO,0
intenso,1,PREEMPCAO_COMPENSADA,275.0,CRUZ_02,2,AMARELO,0
intenso,1,PREEMPCAO_COMPENSADA,275.0,CRUZ_03,2,AMARELO,0
intenso,1,PREEMPCAO_COMPENSADA,275.0,CRUZ_04,2,AMARELO,0
intenso,1,PREEMPCAO_COMPENSADA,275.0,CRUZ_05,2,AMARELO,0
intenso,1,PREEMPCAO_COMPENSADA,275.0,CRUZ_06,2,AMARELO,0
intenso,1,PREEMPCAO_COMPENSADA,275.0,CRUZ_07,2,AMARELO,0
intenso,1,PREEMPCAO_COMPENSADA,275.0,CRUZ_08,2,AMARELO,0
intenso,1,PREEMPCAO_COMPENSADA,278.0,CRUZ_01,2,VERMELHO,0
intenso,1,PREEMPCAO_COMPENSADA,278.0,CRUZ_02,2,VERMELHO,0
intenso,1,PREEMPCAO_COMPENSADA,278.0,CRUZ_03,2,VERMELHO,0
intenso,1,PREEMPCAO_COMPENSADA,278.0,CRUZ_04,2,VERMELHO,0
intenso,1,PREEMPCAO_COMPENSADA,278.0,CRUZ_05,2,VERMELHO,0
intenso,1,PREEMPCAO_COMPENSADA,278.0,CRUZ_06,2,VERMELHO,0
intenso,1,PREEMPCAO_COMPENSADA,278.0,CRUZ_07,2,VERMELHO,0
intenso,1,PREEMPCAO_COMPENSADA,278.0,CRUZ_08,2,VERMELHO,0
intenso,1,PREEMPCAO_COMPENSADA,280.0,CRUZ_01,1,VERDE,0
intenso,1,PREEMPCAO_COMPENSADA,280.0,CRUZ_02,1,VERDE,0
intenso,1,PREEMPCAO_COMPENSADA,280.0,CRUZ_03,1,VERDE,0
intenso,1,PREEMPCAO_COMPENSADA,280.0,CRUZ_04,1,VERDE,0
intenso,1,PREEMPCAO_COMPENSADA,280.0,CRUZ_05,1,VERDE,0
intenso,1,PREEMPCAO_COMPENSADA,280.0,CRUZ_06,1,VERDE,0
intenso,1,PREEMPCAO_COMPENSADA,280.0,CRUZ_07,1,VERDE,0
intenso,1,PREEMPCAO_COMPENSADA,280.0,CRUZ_08,1,VERDE,0
intenso,1,PREEMPCAO_COMPENSADA,310.0,CRUZ_01,1,AMARELO,0
intenso,1,PREEMPCAO_COMPENSADA,310.0,CRUZ_02,1,AMARELO,0
intenso,1,PREEMPCAO_COMPENSADA,310.0,CRUZ_03,1,AMARELO,0
intenso,1,PREEMPCAO_COMPENSADA,310.0,CRUZ_04,1,AMARELO,0
intenso,1,PREEMPCAO_COMPENSADA,310.0,CRUZ_05,1,AMARELO,0
intenso,1,PREEMPCAO_COMPENSADA,310.0,CRUZ_06,1,AMARELO,0
intenso,1,PREEMPCAO_COMPENSADA,310.0,CRUZ_07,1,AMARELO,0
intenso,1,PREEMPCAO_COMPENSADA,310.0,CRUZ_08,1,AMARELO,0
intenso,1,PREEMPCAO_COMPENSADA,313.0,CRUZ_01,1,VERMELHO,0
intenso,1,PREEMPCAO_COMPENSADA,313.0,CRUZ_02,1,VERMELHO,0
intenso,1,PREEMPCAO_COMPENSADA,313.0,CRUZ_03,1,VERMELHO,0
intenso,1,PREEMPCAO_COMPENSADA,313.0,CRUZ_04,1,VERMELHO,0
intenso,1,PREEMPCAO_COMPENSADA,313.0,CRUZ_05,1,VERMELHO,0
intenso,1,PREEMPCAO_COMPENSADA,313.0,CRUZ_06,1,VERMELHO,0
intenso,1,PREEMPCAO_COMPENSADA,313.0,CRUZ_07,1,VERMELHO,0
intenso,1,PREEMPCAO_COMPENSADA,313.0,CRUZ_08,1,VERMELHO,0
intenso,1,PREEMPCAO_COMPENSADA,315.0,CRUZ_01,2,VERDE,0
intenso,1,PREEMPCAO_COMPENSADA,315.0,CRUZ_02,2,VERDE,0
intenso,1,PREEMPCAO_COMPENSADA,315.0,CRUZ_03,2,VERDE,0
intenso,1,PREEMPCAO_COMPENSADA,315.0,CRUZ_04,2,VERDE,0
intenso,1,PREEMPCAO_COMPENSADA,315.0,CRUZ_05,2,VERDE,0
intenso,1,PREEMPCAO_COMPENSADA,315.0,CRUZ_06,2,VERDE,0
intenso,1,PREEMPCAO_COMPENSADA,315.0,CRUZ_07,2,VERDE,0
intenso,1,PREEMPCAO_COMPENSADA,315.0,CRUZ_08,2,VERDE,0
intenso,1,PREEMPCAO_COMPENSADA,322.0,CRUZ_01,2,AMARELO,1
intenso,1,PREEMPCAO_COMPENSADA,325.0,CRUZ_01,2,VERMELHO,1
intenso,1,PREEMPCAO_COMPENSADA,327.0,CRUZ_01,1,VERDE,1
intenso,1,PREEMPCAO_COMPENSADA,339.3,CRUZ_02,2,AMARELO,1
intenso,1,PREEMPCAO_COMPENSADA,342.3,CRUZ_02,2,VERMELHO,1
intenso,1,PREEMPCAO_COMPENSADA,344.3,CRUZ_02,1,VERDE,1
intenso,1,PREEMPCAO_COMPENSADA,345.0,CRUZ_03,2,AMARELO,0
intenso,1,PREEMPCAO_COMPENSADA,345.0,CRUZ_04,2,AMARELO,0
intenso,1,PREEMPCAO_COMPENSADA,345.0,CRUZ_05,2,AMARELO,0
intenso,1,PREEMPCAO_COMPENSADA,345.0,CRUZ_06,2,AMARELO,0
intenso,1,PREEMPCAO_COMPENSADA,345.0,CRUZ_07,2,AMARELO,0
intenso,1,PREEMPCAO_COMPENSADA,345.0,CRUZ_08,2,AMARELO,0
intenso,1,PREEMPCAO_COMPENSADA,348.0,CRUZ_03,2,VERMELHO,0
intenso,1,PREEMPCAO_COMPENSADA,348.0,CRUZ_04,2,VERMELHO,0
intenso,1,PREEMPCAO_COMPENSADA,348.0,CRUZ_05,2,VERMELHO,0
intenso,1,PREEMPCAO_COMPENSADA,348.0,CRUZ_06,2,VERMELHO,0
intenso,1,PREEMPCAO_COMPENSADA,348.0,CRUZ_07,2,VERMELHO,0
intenso,1,PREEMPCAO_COMPENSADA,348.0,CRUZ_08,2,VERMELHO,0
intenso,1,PREEMPCAO_COMPENSADA,350.0,CRUZ_03,1,VERDE,0
intenso,1,PREEMPCAO_COMPENSADA,350.0,CRUZ_04,1,VERDE,0
intenso,1,PREEMPCAO_COMPENSADA,350.0,CRUZ_05,1,VERDE,0
intenso,1,PREEMPCAO_COMPENSADA,350.0,CRUZ_06,1,VERDE,0
intenso,1,PREEMPCAO_COMPENSADA,350.0,CRUZ_07,1,VERDE,0
intenso,1,PREEMPCAO_COMPENSADA,350.0,CRUZ_08,1,VERDE,0
intenso,1,PREEMPCAO_COMPENSADA,357.0,CRUZ_01,1,AMARELO,0
intenso,1,PREEMPCAO_COMPENSADA,360.0,CRUZ_01,1,VERMELHO,0
intenso,1,PREEMPCAO_COMPENSADA,362.0,CRUZ_01,2,VERDE,0
intenso,1,PREEMPCAO_COMPENSADA,374.3,CRUZ_02,1,AMARELO,0
intenso,1,PREEMPCAO_COMPENSADA,377.3,CRUZ_02,1,VERMELHO,0
intenso,1,PREEMPCAO_COMPENSADA,379.3,CRUZ_02,2,VERDE,0
intenso,1,PREEMPCAO_COMPENSADA,380.0,CRUZ_03,1,AMARELO,0
intenso,1,PREEMPCAO_COMPENSADA,380.0,CRUZ_04,1,AMARELO,0
intenso,1,PREEMPCAO_COMPENSADA,380.0,CRUZ_05,1,AMARELO,0
intenso,1,PREEMPCAO_COMPENSADA,380.0,CRUZ_06,1,AMARELO,0
intenso,1,PREEMPCAO_COMPENSADA,380.0,CRUZ_07,1,AMARELO,0
intenso,1,PREEMPCAO_COMPENSADA,380.0,CRUZ_08,1,AMARELO,0
intenso,1,PREEMPCAO_COMPENSADA,383.0,CRUZ_03,1,VERMELHO,0
intenso,1,PREEMPCAO_COMPENSADA,383.0,CRUZ_04,1,VERMELHO,0
intenso,1,PREEMPCAO_COMPENSADA,383.0,CRUZ_05,1,VERMELHO,0
intenso,1,PREEMPCAO_COMPENSADA,383.0,CRUZ_06,1,VERMELHO,0
intenso,1,PREEMPCAO_COMPENSADA,383.0,CRUZ_07,1,VERMELHO,0
intenso,1,PREEMPCAO_COMPENSADA,383.0,CRUZ_08,1,VERMELHO,0
intenso,1,PREEMPCAO_COMPENSADA,385.0,CRUZ_03,2,VERDE,0
intenso,1,PREEMPCAO_COMPENSADA,385.0,CRUZ_04,2,VERDE,0
intenso,1,PREEMPCAO_COMPENSADA,385.0,CRUZ_05,2,VERDE,0
intenso,1,PREEMPCAO_COMPENSADA,385.0,CRUZ_06,2,VERDE,0
intenso,1,PREEMPCAO_COMPENSADA,385.0,CRUZ_07,2,VERDE,0
intenso,1,PREEMPCAO_COMPENSADA,385.0,CRUZ_08,2,VERDE,0
intenso,1,PREEMPCAO_COMPENSADA,392.0,CRUZ_03,2,AMARELO,1
intenso,1,PREEMPCAO_COMPENSADA,395.0,CRUZ_03,2,VERMELHO,1
intenso,1,PREEMPCAO_COMPENSADA,397.0,CRUZ_03,1,VERDE,1
intenso,1,PREEMPCAO_COMPENSADA,401.3,CRUZ_01,2,AMARELO,0
intenso,1,PREEMPCAO_COMPENSADA,404.3,CRUZ_01,2,VERMELHO,0
intenso,1,PREEMPCAO_COMPENSADA,406.3,CRUZ_01,1,VERDE,0
intenso,1,PREEMPCAO_COMPENSADA,415.0,CRUZ_04,2,AMARELO,0
intenso,1,PREEMPCAO_COMPENSADA,415.0,CRUZ_05,2,AMARELO,0
intenso,1,PREEMPCAO_COMPENSADA,415.0,CRUZ_06,2,AMARELO,0
intenso,1,PREEMPCAO_COMPENSADA,415.0,CRUZ_07,2,AMARELO,0
intenso,1,PREEMPCAO_COMPENSADA,415.0,CRUZ_08,2,AMARELO,0
intenso,1,PREEMPCAO_COMPENSADA,418.0,CRUZ_04,2,VERMELHO,0
intenso,1,PREEMPCAO_COMPENSADA,418.0,CRUZ_05,2,VERMELHO,0
intenso,1,PREEMPCAO_COMPENSADA,418.0,CRUZ_06,2,VERMELHO,0
intenso,1,PREEMPCAO_COMPENSADA,418.0,CRUZ_07,2,VERMELHO,0
intenso,1,PREEMPCAO_COMPENSADA,418.0,CRUZ_08,2,VERMELHO,0
intenso,1,PREEMPCAO_COMPENSADA,420.0,CRUZ_04,1,VERDE,0
intenso,1,PREEMPCAO_COMPENSADA,420.0,CRUZ_05,1,VERDE,0
intenso,1,PREEMPCAO_COMPENSADA,420.0,CRUZ_06,1,VERDE,0
intenso,1,PREEMPCAO_COMPENSADA,420.0,CRUZ_07,1,VERDE,0
intenso,1,PREEMPCAO_COMPENSADA,420.0,CRUZ_08,1,VERDE,0
intenso,1,PREEMPCAO_COMPENSADA,421.3,CRUZ_02,2,AMARELO,0
intenso,1,PREEMPCAO_COMPENSADA,424.3,CRUZ_02,2,VERMELHO,0
intenso,1,PREEMPCAO_COMPENSADA,426.3,CRUZ_02,1,VERDE,0
intenso,1,PREEMPCAO_COMPENSADA,427.0,CRUZ_03,1,AMARELO,0
intenso,1,PREEMPCAO_COMPENSADA,430.0,CRUZ_03,1,VERMELHO,0
intenso,1,PREEMPCAO_COMPENSADA,432.0,CRUZ_03,2,VERDE,0
intenso,1,PREEMPCAO_COMPENSADA,436.3,CRUZ_01,1,AMARELO,0
intenso,1,PREEMPCAO_COMPENSADA,439.3,CRUZ_01,1,VERMELHO,0
intenso,1,PREEMPCAO_COMPENSADA,441.3,CRUZ_01,2,VERDE,0
intenso,1,PREEMPCAO_COMPENSADA,450.0,CRUZ_04,1,AMARELO,0
intenso,1,PREEMPCAO_COMPENSADA,450.0,CRUZ_05,1,AMARELO,0
intenso,1,PREEMPCAO_COMPENSADA,450.0,CRUZ_06,1,AMARELO,0
intenso,1,PREEMPCAO_COMPENSADA,450.0,CRUZ_07,1,AMARELO,0
intenso,1,PREEMPCAO_COMPENSADA,450.0,CRUZ_08,1,AMARELO,0
intenso,1,PREEMPCAO_COMPENSADA,453.0,CRUZ_04,1,VERMELHO,0
intenso,1,PREEMPCAO_COMPENSADA,453.0,CRUZ_05,1,VERMELHO,0
intenso,1,PREEMPCAO_COMPENSADA,453.0,CRUZ_06,1,VERMELHO,0
intenso,1,PREEMPCAO_COMPENSADA,453.0,CRUZ_07,1,VERMELHO,0
intenso,1,PREEMPCAO_COMPENSADA,453.0,CRUZ_08,1,VERMELHO,0
intenso,1,PREEMPCAO_COMPENSADA,455.0,CRUZ_04,2,VERDE,0
intenso,1,PREEMPCAO_COMPENSADA,455.0,CRUZ_05,2,VERDE,0
intenso,1,PREEMPCAO_COMPENSADA,455.0,CRUZ_06,2,VERDE,0
intenso,1,PREEMPCAO_COMPENSADA,455.0,CRUZ_07,2,VERDE,0
intenso,1,PREEMPCAO_COMPENSADA,455.0,CRUZ_08,2,VERDE,0
intenso,1,PREEMPCAO_COMPENSADA,456.3,CRUZ_02,1,AMARELO,0
intenso,1,PREEMPCAO_COMPENSADA,459.3,CRUZ_02,1,VERMELHO,0
intenso,1,PREEMPCAO_COMPENSADA,461.3,CRUZ_02,2,VERDE,0
intenso,1,PREEMPCAO_COMPENSADA,462.0,CRUZ_04,2,AMARELO,1
intenso,1,PREEMPCAO_COMPENSADA,465.0,CRUZ_04,2,VERMELHO,1
intenso,1,PREEMPCAO_COMPENSADA,467.0,CRUZ_04,1,VERDE,1
intenso,1,PREEMPCAO_COMPENSADA,476.8,CRUZ_03,2,AMARELO,0
intenso,1,PREEMPCAO_COMPENSADA,479.8,CRUZ_03,2,VERMELHO,0
intenso,1,PREEMPCAO_COMPENSADA,480.6,CRUZ_01,2,AMARELO,0
intenso,1,PREEMPCAO_COMPENSADA,481.8,CRUZ_03,1,VERDE,0
intenso,1,PREEMPCAO_COMPENSADA,483.6,CRUZ_01,2,VERMELHO,0
intenso,1,PREEMPCAO_COMPENSADA,485.0,CRUZ_05,2,AMARELO,0
intenso,1,PREEMPCAO_COMPENSADA,485.0,CRUZ_06,2,AMARELO,0
intenso,1,PREEMPCAO_COMPENSADA,485.0,CRUZ_07,2,AMARELO,0
intenso,1,PREEMPCAO_COMPENSADA,485.0,CRUZ_08,2,AMARELO,0
intenso,1,PREEMPCAO_COMPENSADA,485.6,CRUZ_01,1,VERDE,0
intenso,1,PREEMPCAO_COMPENSADA,488.0,CRUZ_05,2,VERMELHO,0
intenso,1,PREEMPCAO_COMPENSADA,488.0,CRUZ_06,2,VERMELHO,0
intenso,1,PREEMPCAO_COMPENSADA,488.0,CRUZ_07,2,VERMELHO,0
intenso,1,PREEMPCAO_COMPENSADA,488.0,CRUZ_08,2,VERMELHO,0
intenso,1,PREEMPCAO_COMPENSADA,490.0,CRUZ_05,1,VERDE,0
intenso,1,PREEMPCAO_COMPENSADA,490.0,CRUZ_06,1,VERDE,0
intenso,1,PREEMPCAO_COMPENSADA,490.0,CRUZ_07,1,VERDE,0
intenso,1,PREEMPCAO_COMPENSADA,490.0,CRUZ_08,1,VERDE,0
intenso,1,PREEMPCAO_COMPENSADA,497.0,CRUZ_04,1,AMARELO,0
intenso,1,PREEMPCAO_COMPENSADA,500.0,CRUZ_04,1,VERMELHO,0
intenso,1,PREEMPCAO_COMPENSADA,502.0,CRUZ_04,2,VERDE,0
intenso,1,PREEMPCAO_COMPENSADA,503.3,CRUZ_02,2,AMARELO,0
intenso,1,PREEMPCAO_COMPENSADA,506.3,CRUZ_02,2,VERMELHO,0
intenso,1,PREEMPCAO_COMPENSADA,506.9,CRUZ_08,1,AMARELO,1
intenso,1,PREEMPCAO_COMPENSADA,508.3,CRUZ_02,1,VERDE,0
intenso,1,PREEMPCAO_COMPENSADA,509.9,CRUZ_08,1,VERMELHO,1
intenso,1,PREEMPCAO_COMPENSADA,511.8,CRUZ_03,1,AMARELO,0
intenso,1,PREEMPCAO_COMPENSADA,511.9,CRUZ_08,2,VERDE,1
intenso,1,PREEMPCAO_COMPENSADA,514.9,CRUZ_03,1,VERMELHO,0
intenso,1,PREEMPCAO_COMPENSADA,515.6,CRUZ_01,1,AMARELO,0
intenso,1,PREEMPCAO_COMPENSADA,516.9,CRUZ_03,2,VERDE,0
intenso,1,PREEMPCAO_COMPENSADA,518.6,CRUZ_01,1,VERMELHO,0
intenso,1,PREEMPCAO_COMPENSADA,520.0,CRUZ_05,1,AMARELO,0
intenso,1,PREEMPCAO_COMPENSADA,520.0,CRUZ_06,1,AMARELO,0
intenso,1,PREEMPCAO_COMPENSADA,520.0,CRUZ_07,1,AMARELO,0
intenso,1,PREEMPCAO_COMPENSADA,520.6,CRUZ_01,2,VERDE,0
intenso,1,PREEMPCAO_COMPENSADA,523.0,CRUZ_05,1,VERMELHO,0
intenso,1,PREEMPCAO_COMPENSADA,523.0,CRUZ_06,1,VERMELHO,0
intenso,1,PREEMPCAO_COMPENSADA,523.0,CRUZ_07,1,VERMELHO,0
intenso,1,PREEMPCAO_COMPENSADA,525.0,CRUZ_05,2,VERDE,0
intenso,1,PREEMPCAO_COMPENSADA,525.0,CRUZ_06,2,VERDE,0
intenso,1,PREEMPCAO_COMPENSADA,525.0,CRUZ_07,2,VERDE,0
intenso,1,PREEMPCAO_COMPENSADA,532.7,CRUZ_07,2,AMARELO,1
intenso,1,PREEMPCAO_COMPENSADA,535.7,CRUZ_07,2,VERMELHO,1
intenso,1,PREEMPCAO_COMPENSADA,537.7,CRUZ_07,1,VERDE,1
intenso,1,PREEMPCAO_COMPENSADA,538.3,CRUZ_02,1,AMARELO,0
intenso,1,PREEMPCAO_COMPENSADA,541.3,CRUZ_02,1,VERMELHO,0
intenso,1,PREEMPCAO_COMPENSADA,541.9,CRUZ_08,2,AMARELO,0
intenso,1,PREEMPCAO_COMPENSADA,543.3,CRUZ_02,2,VERDE,0
intenso,1,PREEMPCAO_COMPENSADA,544.6,CRUZ_04,2,AMARELO,0
intenso,1,PREEMPCAO_COMPENSADA,544.9,CRUZ_08,2,VERMELHO,0
intenso,1,PREEMPCAO_COMPENSADA,546.9,CRUZ_08,1,VERDE,0
intenso,1,PREEMPCAO_COMPENSADA,547.6,CRUZ_04,2,VERMELHO,0
intenso,1,PREEMPCAO_COMPENSADA,549.6,CRUZ_04,1,VERDE,0
intenso,1,PREEMPCAO_COMPENSADA,555.0,CRUZ_05,2,AMARELO,0
intenso,1,PREEMPCAO_COMPENSADA,555.0,CRUZ_06,2,AMARELO,0
intenso,1,PREEMPCAO_COMPENSADA,558.0,CRUZ_05,2,VERMELHO,0
intenso,1,PREEMPCAO_COMPENSADA,558.0,CRUZ_06,2,VERMELHO,0
intenso,1,PREEMPCAO_COMPENSADA,559.9,CRUZ_01,2,AMARELO,0
intenso,1,PREEMPCAO_COMPENSADA,560.0,CRUZ_05,1,VERDE,0
intenso,1,PREEMPCAO_COMPENSADA,560.0,CRUZ_06,1,VERDE,0
intenso,1,PREEMPCAO_COMPENSADA,561.7,CRUZ_03,2,AMARELO,0
intenso,1,PREEMPCAO_COMPENSADA,562.9,CRUZ_01,2,VERMELHO,0
intenso,1,PREEMPCAO_COMPENSADA,564.7,CRUZ_03,2,VERMELHO,0
intenso,1,PREEMPCAO_COMPENSADA,564.9,CRUZ_01,1,VERDE,0
intenso,1,PREEMPCAO_COMPENSADA,566.7,CRUZ_03,1,VERDE,0
intenso,1,PREEMPCAO_COMPENSADA,567.7,CRUZ_07,1,AMARELO,0
intenso,1,PREEMPCAO_COMPENSADA,570.7,CRUZ_07,1,VERMELHO,0
intenso,1,PREEMPCAO_COMPENSADA,572.7,CRUZ_07,2,VERDE,0
intenso,1,PREEMPCAO_COMPENSADA,579.6,CRUZ_04,1,AMARELO,0
intenso,1,PREEMPCAO_COMPENSADA,582.6,CRUZ_04,1,VERMELHO,0
intenso,1,PREEMPCAO_COMPENSADA,583.6,CRUZ_08,1,AMARELO,0
intenso,1,PREEMPCAO_COMPENSADA,584.6,CRUZ_04,2,VERDE,0
intenso,1,PREEMPCAO_COMPENSADA,585.3,CRUZ_02,2,AMARELO,0
intenso,1,PREEMPCAO_COMPENSADA,586.6,CRUZ_08,1,VERMELHO,0
intenso,1,PREEMPCAO_COMPENSADA,588.3,CRUZ_02,2,VERMELHO,0
intenso,1,PREEMPCAO_COMPENSADA,588.6,CRUZ_08,2,VERDE,0
intenso,1,PREEMPCAO_COMPENSADA,590.0,CRUZ_05,1,AMARELO,0
intenso,1,PREEMPCAO_COMPENSADA,590.3,CRUZ_02,1,VERDE,0
intenso,1,PREEMPCAO_COMPENSADA,593.0,CRUZ_05,1,VERMELHO,0
intenso,1,PREEMPCAO_COMPENSADA,594.9,CRUZ_01,1,AMARELO,0
intenso,1,PREEMPCAO_COMPENSADA,595.0,CRUZ_05,2,VERDE,0
intenso,1,PREEMPCAO_COMPENSADA,596.7,CRUZ_03,1,AMARELO,0
intenso,1,PREEMPCAO_COMPENSADA,597.4,CRUZ_06,1,AMARELO,0
intenso,1,PREEMPCAO_COMPENSADA,597.9,CRUZ_01,1,VERMELHO,0
intenso,1,PREEMPCAO_COMPENSADA,599.7,CRUZ_03,1,VERMELHO,0
intenso,1,PREEMPCAO_COMPENSADA,599.9,CRUZ_01,2,VERDE,0
intenso,1,PREEMPCAO_COMPENSADA,600.4,CRUZ_06,1,VERMELHO,0
intenso,1,PREEMPCAO_COMPENSADA,601.7,CRUZ_03,2,VERDE,0
intenso,1,PREEMPCAO_COMPENSADA,602.4,CRUZ_06,2,VERDE,0
intenso,1,PREEMPCAO_COMPENSADA,612.6,CRUZ_07,2,AMARELO,0
intenso,1,PREEMPCAO_COMPENSADA,615.6,CRUZ_05,2,AMARELO,1
intenso,1,PREEMPCAO_COMPENSADA,615.6,CRUZ_07,2,VERMELHO,0
intenso,1,PREEMPCAO_COMPENSADA,617.6,CRUZ_07,1,VERDE,0
intenso,1,PREEMPCAO_COMPENSADA,618.6,CRUZ_05,2,VERMELHO,1
intenso,1,PREEMPCAO_COMPENSADA,618.6,CRUZ_08,2,AMARELO,0
intenso,1,PREEMPCAO_COMPENSADA,620.3,CRUZ_02,1,AMARELO,0
intenso,1,PREEMPCAO_COMPENSADA,620.6,CRUZ_05,1,VERDE,1
intenso,1,PREEMPCAO_COMPENSADA,621.6,CRUZ_08,2,VERMELHO,0
intenso,1,PREEMPCAO_COMPENSADA,623.3,CRUZ_02,1,VERMELHO,0
intenso,1,PREEMPCAO_COMPENSADA,623.6,CRUZ_08,1,VERDE,0
intenso,1,PREEMPCAO_COMPENSADA,625.3,CRUZ_02,2,VERDE,0
intenso,1,PREEMPCAO_COMPENSADA,627.2,CRUZ_04,2,AMARELO,0
intenso,1,PREEMPCAO_COMPENSADA,629.9,CRUZ_01,2,AMARELO,0
intenso,1,PREEMPCAO_COMPENSADA,630.2,CRUZ_04,2,VERMELHO,0
intenso,1,PREEMPCAO_COMPENSADA,632.2,CRUZ_04,1,VERDE,0
intenso,1,PREEMPCAO_COMPENSADA,632.9,CRUZ_01,2,VERMELHO,0
intenso,1,PREEMPCAO_COMPENSADA,634.9,CRUZ_01,1,VERDE,0
intenso,1,PREEMPCAO_COMPENSADA,636.9,CRUZ_06,2,AMARELO,0
intenso,1,PREEMPCAO_COMPENSADA,639.9,CRUZ_06,2,VERMELHO,0
intenso,1,PREEMPCAO_COMPENSADA,641.9,CRUZ_06,1,VERDE,0
intenso,1,PREEMPCAO_COMPENSADA,646.5,CRUZ_03,2,AMARELO,0
intenso,1,PREEMPCAO_COMPENSADA,647.6,CRUZ_07,1,AMARELO,0
intenso,1,PREEMPCAO_COMPENSADA,649.5,CRUZ_03,2,VERMELHO,0
intenso,1,PREEMPCAO_COMPENSADA,650.6,CRUZ_07,1,VERMELHO,0
intenso,1,PREEMPCAO_COMPENSADA,651.5,CRUZ_03,1,VERDE,0
intenso,1,PREEMPCAO_COMPENSADA,652.6,CRUZ_07,2,VERDE,0
intenso,1,PREEMPCAO_COMPENSADA,655.3,CRUZ_02,2,AMARELO,0
intenso,1,PREEMPCAO_COMPENSADA,657.8,CRUZ_05,1,AMARELO,0
intenso,1,PREEMPCAO_COMPENSADA,658.3,CRUZ_02,2,VERMELHO,0
intenso,1,PREEMPCAO_COMPENSADA,660.3,CRUZ_02,1,VERDE,0
intenso,1,PREEMPCAO_COMPENSADA,660.3,CRUZ_08,1,AMARELO,0
intenso,1,PREEMPCAO_COMPENSADA,660.8,CRUZ_05,1,VERMELHO,0
intenso,1,PREEMPCAO_COMPENSADA,662.2,CRUZ_04,1,AMARELO,0
intenso,1,PREEMPCAO_COMPENSADA,662.8,CRUZ_05,2,VERDE,0
intenso,1,PREEMPCAO_COMPENSADA,663.3,CRUZ_08,1,VERMELHO,0
intenso,1,PREEMPCAO_COMPENSADA,664.9,CRUZ_01,1,AMARELO,0
intenso,1,PREEMPCAO_COMPENSADA,665.2,CRUZ_04,1,VERMELHO,0
intenso,1,PREEMPCAO_COMPENSADA,665.3,CRUZ_08,2,VERDE,0
intenso,1,PREEMPCAO_COMPENSADA,667.2,CRUZ_04,2,VERDE,0
intenso,1,PREEMPCAO_COMPENSADA,667.9,CRUZ_01,1,VERMELHO,0
intenso,1,PREEMPCAO_COMPENSADA,669.9,CRUZ_01,2,VERDE,0
intenso,1,PREEMPCAO_COMPENSADA,671.9,CRUZ_06,1,AMARELO,0
intenso,1,PREEMPCAO_COMPENSADA,674.9,CRUZ_06,1,VERMELHO,0
intenso,1,PREEMPCAO_COMPENSADA,676.9,CRUZ_06,2,VERDE,0
intenso,1,PREEMPCAO_COMPENSADA,681.5,CRUZ_03,1,AMARELO,0
intenso,1,PREEMPCAO_COMPENSADA,684.5,CRUZ_03,1,VERMELHO,0
intenso,1,PREEMPCAO_COMPENSADA,686.5,CRUZ_03,2,VERDE,0
intenso,1,PREEMPCAO_COMPENSADA,690.3,CRUZ_02,1,AMARELO,0
intenso,1,PREEMPCAO_COMPENSADA,692.5,CRUZ_07,2,AMARELO,0
intenso,1,PREEMPCAO_COMPENSADA,693.3,CRUZ_02,1,VERMELHO,0
intenso,1,PREEMPCAO_COMPENSADA,695.3,CRUZ_02,2,VERDE,0
intenso,1,PREEMPCAO_COMPENSADA,695.3,CRUZ_08,2,AMARELO,0
intenso,1,PREEMPCAO_COMPENSADA,695.5,CRUZ_07,2,VERMELHO,0
intenso,1,PREEMPCAO_COMPENSADA,697.5,CRUZ_07,1,VERDE,0
intenso,1,PREEMPCAO_COMPENSADA,698.3,CRUZ_08,2,VERMELHO,0
intenso,1,PREEMPCAO_COMPENSADA,699.9,CRUZ_01,2,AMARELO,0
intenso,1,PREEMPCAO_COMPENSADA,700.3,CRUZ_08,1,VERDE,0
intenso,1,PREEMPCAO_COMPENSADA,702.9,CRUZ_01,2,VERMELHO,0
intenso,1,PREEMPCAO_COMPENSADA,704.9,CRUZ_01,1,VERDE,0
intenso,1,PREEMPCAO_COMPENSADA,709.9,CRUZ_04,2,AMARELO,0
intenso,1,PREEMPCAO_COMPENSADA,710.9,CRUZ_05,2,AMARELO,0
intenso,1,PREEMPCAO_COMPENSADA,711.4,CRUZ_06,2,AMARELO,0
intenso,1,PREEMPCAO_COMPENSADA,712.9,CRUZ_04,2,VERMELHO,0
intenso,1,PREEMPCAO_COMPENSADA,713.9,CRUZ_05,2,VERMELHO,0
intenso,1,PREEMPCAO_COMPENSADA,714.4,CRUZ_06,2,VERMELHO,0
intenso,1,PREEMPCAO_COMPENSADA,714.9,CRUZ_04,1,VERDE,0
intenso,1,PREEMPCAO_COMPENSADA,715.9,CRUZ_05,1,VERDE,0
intenso,1,PREEMPCAO_COMPENSADA,716.4,CRUZ_06,1,VERDE,0
intenso,1,PREEMPCAO_COMPENSADA,716.5,CRUZ_03,2,AMARELO,0
intenso,1,PREEMPCAO_COMPENSADA,719.5,CRUZ_03,2,VERMELHO,0
intenso,1,PREEMPCAO_COMPENSADA,721.5,CRUZ_03,1,VERDE,0
intenso,1,PREEMPCAO_COMPENSADA,725.3,CRUZ_02,2,AMARELO,0
intenso,1,PREEMPCAO_COMPENSADA,727.5,CRUZ_07,1,AMARELO,0
intenso,1,PREEMPCAO_COMPENSADA,728.3,CRUZ_02,2,VERMELHO,0
intenso,1,PREEMPCAO_COMPENSADA,730.3,CRUZ_02,1,VERDE,0
intenso,1,PREEMPCAO_COMPENSADA,730.5,CRUZ_07,1,VERMELHO,0
intenso,1,PREEMPCAO_COMPENSADA,732.5,CRUZ_07,2,VERDE,0
intenso,1,PREEMPCAO_COMPENSADA,734.9,CRUZ_01,1,AMARELO,0
intenso,1,PREEMPCAO_COMPENSADA,737.0,CRUZ_08,1,AMARELO,0
intenso,1,PREEMPCAO_COMPENSADA,737.9,CRUZ_01,1,VERMELHO,0
intenso,1,PREEMPCAO_COMPENSADA,739.9,CRUZ_01,2,VERDE,0
intenso,1,PREEMPCAO_COMPENSADA,740.0,CRUZ_08,1,VERMELHO,0
intenso,1,PREEMPCAO_COMPENSADA,742.0,CRUZ_08,2,VERDE,0
intenso,1,PREEMPCAO_COMPENSADA,744.9,CRUZ_04,1,AMARELO,0
intenso,1,PREEMPCAO_COMPENSADA,745.9,CRUZ_05,1,AMARELO,0
intenso,1,PREEMPCAO_COMPENSADA,746.4,CRUZ_06,1,AMARELO,0
intenso,1,PREEMPCAO_COMPENSADA,747.9,CRUZ_04,1,VERMELHO,0
intenso,1,PREEMPCAO_COMPENSADA,748.9,CRUZ_05,1,VERMELHO,0
intenso,1,PREEMPCAO_COMPENSADA,749.4,CRUZ_06,1,VERMELHO,0
intenso,1,PREEMPCAO_COMPENSADA,749.9,CRUZ_04,2,VERDE,0
intenso,1,PREEMPCAO_COMPENSADA,750.9,CRUZ_05,2,VERDE,0
intenso,1,PREEMPCAO_COMPENSADA,751.4,CRUZ_06,2,VERDE,0
intenso,1,PREEMPCAO_COMPENSADA,751.5,CRUZ_03,1,AMARELO,0
intenso,1,PREEMPCAO_COMPENSADA,754.5,CRUZ_03,1,VERMELHO,0
intenso,1,PREEMPCAO_COMPENSADA,756.5,CRUZ_03,2,VERDE,0
intenso,1,PREEMPCAO_COMPENSADA,760.3,CRUZ_02,1,AMARELO,0
intenso,1,PREEMPCAO_COMPENSADA,763.3,CRUZ_02,1,VERMELHO,0
intenso,1,PREEMPCAO_COMPENSADA,765.3,CRUZ_02,2,VERDE,0
intenso,1,PREEMPCAO_COMPENSADA,769.9,CRUZ_01,2,AMARELO,0
intenso,1,PREEMPCAO_COMPENSADA,772.0,CRUZ_08,2,AMARELO,0
intenso,1,PREEMPCAO_COMPENSADA,772.4,CRUZ_07,2,AMARELO,0
intenso,1,PREEMPCAO_COMPENSADA,772.9,CRUZ_01,2,VERMELHO,0
intenso,1,PREEMPCAO_COMPENSADA,774.9,CRUZ_01,1,VERDE,0
intenso,1,PREEMPCAO_COMPENSADA,775.0,CRUZ_08,2,VERMELHO,0
intenso,1,PREEMPCAO_COMPENSADA,775.4,CRUZ_07,2,VERMELHO,0
intenso,1,PREEMPCAO_COMPENSADA,777.0,CRUZ_08,1,VERDE,0
intenso,1,PREEMPCAO_COMPENSADA,777.4,CRUZ_07,1,VERDE,0
intenso,1,PREEMPCAO_COMPENSADA,779.9,CRUZ_04,2,AMARELO,0
intenso,1,PREEMPCAO_COMPENSADA,782.9,CRUZ_04,2,VERMELHO,0
intenso,1,PREEMPCAO_COMPENSADA,784.9,CRUZ_04,1,VERDE,0
intenso,1,PREEMPCAO_COMPENSADA,785.9,CRUZ_06,2,AMARELO,0
intenso,1,PREEMPCAO_COMPENSADA,786.5,CRUZ_03,2,AMARELO,0
intenso,1,PREEMPCAO_COMPENSADA,788.9,CRUZ_06,2,VERMELHO,0
intenso,1,PREEMPCAO_COMPENSADA,789.5,CRUZ_03,2,VERMELHO,0
intenso,1,PREEMPCAO_COMPENSADA,790.9,CRUZ_06,1,VERDE,0
intenso,1,PREEMPCAO_COMPENSADA,791.5,CRUZ_03,1,VERDE,0
intenso,1,PREEMPCAO_COMPENSADA,795.3,CRUZ_02,2,AMARELO,0
intenso,1,PREEMPCAO_COMPENSADA,798.3,CRUZ_02,2,VERMELHO,0
intenso,1,PREEMPCAO_COMPENSADA,799.0,CRUZ_05,2,AMARELO,0
intenso,1,PREEMPCAO_COMPENSADA,800.3,CRUZ_02,1,VERDE,0
intenso,1,PREEMPCAO_COMPENSADA,802.0,CRUZ_05,2,VERMELHO,0
intenso,1,PREEMPCAO_COMPENSADA,804.0,CRUZ_05,1,VERDE,0
intenso,1,PREEMPCAO_COMPENSADA,804.9,CRUZ_01,1,AMARELO,0
intenso,1,PREEMPCAO_COMPENSADA,807.0,CRUZ_08,1,AMARELO,0
intenso,1,PREEMPCAO_COMPENSADA,807.4,CRUZ_07,1,AMARELO,0
intenso,1,PREEMPCAO_COMPENSADA,807.9,CRUZ_01,1,VERMELHO,0
intenso,1,PREEMPCAO_COMPENSADA,809.9,CRUZ_01,2,VERDE,0
intenso,1,PREEMPCAO_COMPENSADA,810.0,CRUZ_08,1,VERMELHO,0
intenso,1,PREEMPCAO_COMPENSADA,810.4,CRUZ_07,1,VERMELHO,0
intenso,1,PREEMPCAO_COMPENSADA,812.0,CRUZ_08,2,VERDE,0
intenso,1,PREEMPCAO_COMPENSADA,812.4,CRUZ_07,2,VERDE,0
intenso,1,PREEMPCAO_COMPENSADA,814.9,CRUZ_04,1,AMARELO,0
intenso,1,PREEMPCAO_COMPENSADA,817.9,CRUZ_04,1,VERMELHO,0
intenso,1,PREEMPCAO_COMPENSADA,819.9,CRUZ_04,2,VERDE,0
intenso,1,PREEMPCAO_COMPENSADA,820.9,CRUZ_06,1,AMARELO,0
intenso,1,PREEMPCAO_COMPENSADA,821.5,CRUZ_03,1,AMARELO,0
intenso,1,PREEMPCAO_COMPENSADA,823.9,CRUZ_06,1,VERMELHO,0
intenso,1,PREEMPCAO_COMPENSADA,824.5,CRUZ_03,1,VERMELHO,0
intenso,1,PREEMPCAO_COMPENSADA,825.9,CRUZ_06,2,VERDE,0
intenso,1,PREEMPCAO_COMPENSADA,826.5,CRUZ_03,2,VERDE,0
intenso,1,PREEMPCAO_COMPENSADA,830.3,CRUZ_02,1,AMARELO,0
intenso,1,PREEMPCAO_COMPENSADA,833.3,CRUZ_02,1,VERMELHO,0
intenso,1,PREEMPCAO_COMPENSADA,834.0,CRUZ_05,1,AMARELO,0
intenso,1,PREEMPCAO_COMPENSADA,835.3,CRUZ_02,2,VERDE,0
intenso,1,PREEMPCAO_COMPENSADA,837.0,CRUZ_05,1,VERMELHO,0
intenso,1,PREEMPCAO_COMPENSADA,839.0,CRUZ_05,2,VERDE,0
intenso,1,PREEMPCAO_COMPENSADA,839.9,CRUZ_01,2,AMARELO,0
intenso,1,PREEMPCAO_COMPENSADA,842.0,CRUZ_08,2,AMARELO,0
intenso,1,PREEMPCAO_COMPENSADA,842.4,CRUZ_07,2,AMARELO,0
intenso,1,PREEMPCAO_COMPENSADA,842.9,CRUZ_01,2,VERMELHO,0
intenso,1,PREEMPCAO_COMPENSADA,844.9,CRUZ_01,1,VERDE,0
intenso,1,PREEMPCAO_COMPENSADA,845.0,CRUZ_08,2,VERMELHO,0
intenso,1,PREEMPCAO_COMPENSADA,845.4,CRUZ_07,2,VERMELHO,0
intenso,1,PREEMPCAO_COMPENSADA,847.0,CRUZ_08,1,VERDE,0
intenso,1,PREEMPCAO_COMPENSADA,847.4,CRUZ_07,1,VERDE,0
intenso,1,PREEMPCAO_COMPENSADA,849.9,CRUZ_04,2,AMARELO,0
intenso,1,PREEMPCAO_COMPENSADA,852.9,CRUZ_04,2,VERMELHO,0
intenso,1,PREEMPCAO_COMPENSADA,854.9,CRUZ_04,1,VERDE,0
intenso,1,PREEMPCAO_COMPENSADA,855.9,CRUZ_06,2,AMARELO,0
intenso,1,PREEMPCAO_COMPENSADA,856.5,CRUZ_03,2,AMARELO,0
intenso,1,PREEMPCAO_COMPENSADA,858.9,CRUZ_06,2,VERMELHO,0
intenso,1,PREEMPCAO_COMPENSADA,859.5,CRUZ_03,2,VERMELHO,0
intenso,1,PREEMPCAO_COMPENSADA,860.9,CRUZ_06,1,VERDE,0
intenso,1,PREEMPCAO_COMPENSADA,861.5,CRUZ_03,1,VERDE,0
intenso,1,PREEMPCAO_COMPENSADA,865.3,CRUZ_02,2,AMARELO,0
intenso,1,PREEMPCAO_COMPENSADA,868.3,CRUZ_02,2,VERMELHO,0
intenso,1,PREEMPCAO_COMPENSADA,870.3,CRUZ_02,1,VERDE,0
intenso,1,PREEMPCAO_COMPENSADA,874.9,CRUZ_01,1,AMARELO,0
intenso,1,PREEMPCAO_COMPENSADA,877.0,CRUZ_08,1,AMARELO,0
intenso,1,PREEMPCAO_COMPENSADA,877.4,CRUZ_07,1,AMARELO,0
intenso,1,PREEMPCAO_COMPENSADA,877.9,CRUZ_01,1,VERMELHO,0
intenso,1,PREEMPCAO_COMPENSADA,879.9,CRUZ_01,2,VERDE,0
intenso,1,PREEMPCAO_COMPENSADA,880.0,CRUZ_08,1,VERMELHO,0
intenso,1,PREEMPCAO_COMPENSADA,880.4,CRUZ_07,1,VERMELHO,0
intenso,1,PREEMPCAO_COMPENSADA,882.0,CRUZ_08,2,VERDE,0
intenso,1,PREEMPCAO_COMPENSADA,882.4,CRUZ_07,2,VERDE,0
intenso,1,PREEMPCAO_COMPENSADA,884.9,CRUZ_04,1,AMARELO,0
intenso,1,PREEMPCAO_COMPENSADA,887.1,CRUZ_05,2,AMARELO,0
intenso,1,PREEMPCAO_COMPENSADA,887.9,CRUZ_04,1,VERMELHO,0
intenso,1,PREEMPCAO_COMPENSADA,889.9,CRUZ_04,2,VERDE,0
intenso,1,PREEMPCAO_COMPENSADA,890.1,CRUZ_05,2,VERMELHO,0
intenso,1,PREEMPCAO_COMPENSADA,890.9,CRUZ_06,1,AMARELO,0
intenso,1,PREEMPCAO_COMPENSADA,891.5,CRUZ_03,1,AMARELO,0
intenso,1,PREEMPCAO_COMPENSADA,892.1,CRUZ_05,1,VERDE,0
intenso,1,PREEMPCAO_COMPENSADA,893.9,CRUZ_06,1,VERMELHO,0
intenso,1,PREEMPCAO_COMPENSADA,894.5,CRUZ_03,1,VERMELHO,0
intenso,1,PREEMPCAO_COMPENSADA,895.9,CRUZ_06,2,VERDE,0
intenso,1,PREEMPCAO_COMPENSADA,896.5,CRUZ_03,2,VERDE,0
intenso,1,PREEMPCAO_COMPENSADA,900.3,CRUZ_02,1,AMARELO,0
intenso,1,PREEMPCAO_COMPENSADA,903.0,CRUZ_01,2,AMARELO,1
intenso,1,PREEMPCAO_COMPENSADA,903.3,CRUZ_02,1,VERMELHO,0
intenso,1,PREEMPCAO_COMPENSADA,905.3,CRUZ_02,2,VERDE,0
intenso,1,PREEMPCAO_COMPENSADA,906.0,CRUZ_01,2,VERMELHO,1
intenso,1,PREEMPCAO_COMPENSADA,908.0,CRUZ_01,1,VERDE,1
intenso,1,PREEMPCAO_COMPENSADA,912.0,CRUZ_08,2,AMARELO,0
intenso,1,PREEMPCAO_COMPENSADA,912.4,CRUZ_07,2,AMARELO,0
intenso,1,PREEMPCAO_COMPENSADA,915.0,CRUZ_08,2,VERMELHO,0
intenso,1,PREEMPCAO_COMPENSADA,915.4,CRUZ_07,2,VERMELHO,0
intenso,1,PREEMPCAO_COMPENSADA,917.0,CRUZ_08,1,VERDE,0
intenso,1,PREEMPCAO_COMPENSADA,917.4,CRUZ_07,1,VERDE,0
intenso,1,PREEMPCAO_COMPENSADA,919.9,CRUZ_04,2,AMARELO,0
intenso,1,PREEMPCAO_COMPENSADA,922.1,CRUZ_05,1,AMARELO,0
intenso,1,PREEMPCAO_COMPENSADA,922.9,CRUZ_04,2,VERMELHO,0
intenso,1,PREEMPCAO_COMPENSADA,924.9,CRUZ_04,1,VERDE,0
intenso,1,PREEMPCAO_COMPENSADA,925.1,CRUZ_05,1,VERMELHO,0
intenso,1,PREEMPCAO_COMPENSADA,925.9,CRUZ_06,2,AMARELO,0
intenso,1,PREEMPCAO_COMPENSADA,926.5,CRUZ_03,2,AMARELO,0
intenso,1,PREEMPCAO_COMPENSADA,927.1,CRUZ_05,2,VERDE,0
intenso,1,PREEMPCAO_COMPENSADA,928.9,CRUZ_06,2,VERMELHO,0
intenso,1,PREEMPCAO_COMPENSADA,929.5,CRUZ_03,2,VERMELHO,0
intenso,1,PREEMPCAO_COMPENSADA,930.9,CRUZ_06,1,VERDE,0
intenso,1,PREEMPCAO_COMPENSADA,931.5,CRUZ_03,1,VERDE,0
intenso,1,PREEMPCAO_COMPENSADA,935.3,CRUZ_02,2,AMARELO,0
intenso,1,PREEMPCAO_COMPENSADA,938.0,CRUZ_01,1,AMARELO,0
intenso,1,PREEMPCAO_COMPENSADA,938.3,CRUZ_02,2,VERMELHO,0
intenso,1,PREEMPCAO_COMPENSADA,940.3,CRUZ_02,1,VERDE,0
intenso,1,PREEMPCAO_COMPENSADA,941.0,CRUZ_01,1,VERMELHO,0
intenso,1,PREEMPCAO_COMPENSADA,943.0,CRUZ_01,2,VERDE,0
intenso,1,PREEMPCAO_COMPENSADA,947.0,CRUZ_08,1,AMARELO,0
intenso,1,PREEMPCAO_COMPENSADA,947.4,CRUZ_07,1,AMARELO,0
intenso,1,PREEMPCAO_COMPENSADA,950.0,CRUZ_08,1,VERMELHO,0
intenso,1,PREEMPCAO_COMPENSADA,950.4,CRUZ_07,1,VERMELHO,0
intenso,1,PREEMPCAO_COMPENSADA,952.0,CRUZ_08,2,VERDE,0
intenso,1,PREEMPCAO_COMPENSADA,952.4,CRUZ_07,2,VERDE,0
intenso,1,PREEMPCAO_COMPENSADA,954.9,CRUZ_04,1,AMARELO,0
intenso,1,PREEMPCAO_COMPENSADA,957.1,CRUZ_05,2,AMARELO,0
intenso,1,PREEMPCAO_COMPENSADA,957.9,CRUZ_04,1,VERMELHO,0
intenso,1,PREEMPCAO_COMPENSADA,959.9,CRUZ_04,2,VERDE,0
intenso,1,PREEMPCAO_COMPENSADA,960.1,CRUZ_05,2,VERMELHO,0
intenso,1,PREEMPCAO_COMPENSADA,960.9,CRUZ_06,1,AMARELO,0
intenso,1,PREEMPCAO_COMPENSADA,961.5,CRUZ_03,1,AMARELO,0
intenso,1,PREEMPCAO_COMPENSADA,962.1,CRUZ_05,1,VERDE,0
intenso,1,PREEMPCAO_COMPENSADA,963.9,CRUZ_06,1,VERMELHO,0
intenso,1,PREEMPCAO_COMPENSADA,964.5,CRUZ_03,1,VERMELHO,0
intenso,1,PREEMPCAO_COMPENSADA,965.9,CRUZ_06,2,VERDE,0
intenso,1,PREEMPCAO_COMPENSADA,966.5,CRUZ_03,2,VERDE,0
intenso,1,PREEMPCAO_COMPENSADA,970.3,CRUZ_02,1,AMARELO,0
intenso,1,PREEMPCAO_COMPENSADA,973.3,CRUZ_02,1,VERMELHO,0
intenso,1,PREEMPCAO_COMPENSADA,975.3,CRUZ_02,2,VERDE,0
intenso,1,PREEMPCAO_COMPENSADA,981.2,CRUZ_03,2,AMARELO,1
intenso,1,PREEMPCAO_COMPENSADA,982.0,CRUZ_08,2,AMARELO,0
intenso,1,PREEMPCAO_COMPENSADA,982.4,CRUZ_07,2,AMARELO,0
intenso,1,PREEMPCAO_COMPENSADA,982.5,CRUZ_01,2,AMARELO,0
intenso,1,PREEMPCAO_COMPENSADA,984.2,CRUZ_03,2,VERMELHO,1
intenso,1,PREEMPCAO_COMPENSADA,985.0,CRUZ_08,2,VERMELHO,0
intenso,1,PREEMPCAO_COMPENSADA,985.4,CRUZ_07,2,VERMELHO,0
intenso,1,PREEMPCAO_COMPENSADA,985.5,CRUZ_01,2,VERMELHO,0
intenso,1,PREEMPCAO_COMPENSADA,986.2,CRUZ_03,1,VERDE,1
intenso,1,PREEMPCAO_COMPENSADA,987.0,CRUZ_08,1,VERDE,0
intenso,1,PREEMPCAO_COMPENSADA,987.4,CRUZ_07,1,VERDE,0
intenso,1,PREEMPCAO_COMPENSADA,987.5,CRUZ_01,1,VERDE,0
intenso,1,PREEMPCAO_COMPENSADA,989.9,CRUZ_04,2,AMARELO,0
intenso,1,PREEMPCAO_COMPENSADA,992.1,CRUZ_05,1,AMARELO,0
intenso,1,PREEMPCAO_COMPENSADA,992.9,CRUZ_04,2,VERMELHO,0
intenso,1,PREEMPCAO_COMPENSADA,994.9,CRUZ_04,1,VERDE,0
intenso,1,PREEMPCAO_COMPENSADA,995.1,CRUZ_05,1,VERMELHO,0
intenso,1,PREEMPCAO_COMPENSADA,995.9,CRUZ_06,2,AMARELO,0
intenso,1,PREEMPCAO_COMPENSADA,997.1,CRUZ_05,2,VERDE,0
intenso,1,PREEMPCAO_COMPENSADA,998.9,CRUZ_06,2,VERMELHO,0
intenso,1,PREEMPCAO_COMPENSADA,1000.9,CRUZ_06,1,VERDE,0
intenso,1,PREEMPCAO_COMPENSADA,1010.1,CRUZ_02,2,AMARELO,0
intenso,1,PREEMPCAO_COMPENSADA,1013.1,CRUZ_02,2,VERMELHO,0
intenso,1,PREEMPCAO_COMPENSADA,1015.1,CRUZ_02,1,VERDE,0
intenso,1,PREEMPCAO_COMPENSADA,1016.2,CRUZ_03,1,AMARELO,0
intenso,1,PREEMPCAO_COMPENSADA,1017.0,CRUZ_08,1,AMARELO,0
intenso,1,PREEMPCAO_COMPENSADA,1017.4,CRUZ_07,1,AMARELO,0
intenso,1,PREEMPCAO_COMPENSADA,1017.5,CRUZ_01,1,AMARELO,0
intenso,1,PREEMPCAO_COMPENSADA,1019.2,CRUZ_03,1,VERMELHO,0
intenso,1,PREEMPCAO_COMPENSADA,1020.0,CRUZ_08,1,VERMELHO,0
intenso,1,PREEMPCAO_COMPENSADA,1020.4,CRUZ_07,1,VERMELHO,0
intenso,1,PREEMPCAO_COMPENSADA,1020.5,CRUZ_01,1,VERMELHO,0
intenso,1,PREEMPCAO_COMPENSADA,1021.2,CRUZ_03,2,VERDE,0
intenso,1,PREEMPCAO_COMPENSADA,1022.0,CRUZ_08,2,VERDE,0
intenso,1,PREEMPCAO_COMPENSADA,1022.4,CRUZ_07,2,VERDE,0
intenso,1,PREEMPCAO_COMPENSADA,1022.5,CRUZ_01,2,VERDE,0
intenso,1,PREEMPCAO_COMPENSADA,1024.9,CRUZ_04,1,AMARELO,0
intenso,1,PREEMPCAO_COMPENSADA,1027.1,CRUZ_05,2,AMARELO,0
intenso,1,PREEMPCAO_COMPENSADA,1027.9,CRUZ_04,1,VERMELHO,0
intenso,1,PREEMPCAO_COMPENSADA,1029.9,CRUZ_04,2,VERDE,0
intenso,1,PREEMPCAO_COMPENSADA,1030.1,CRUZ_05,2,VERMELHO,0
intenso,1,PREEMPCAO_COMPENSADA,1030.9,CRUZ_06,1,AMARELO,0
intenso,1,PREEMPCAO_COMPENSADA,1032.1,CRUZ_05,1,VERDE,0
intenso,1,PREEMPCAO_COMPENSADA,1033.9,CRUZ_06,1,VERMELHO,0
intenso,1,PREEMPCAO_COMPENSADA,1035.9,CRUZ_06,2,VERDE,0
intenso,1,PREEMPCAO_COMPENSADA,1036.9,CRUZ_04,2,AMARELO,1
intenso,1,PREEMPCAO_COMPENSADA,1039.9,CRUZ_04,2,VERMELHO,1
intenso,1,PREEMPCAO_COMPENSADA,1041.9,CRUZ_04,1,VERDE,1
intenso,1,PREEMPCAO_COMPENSADA,1045.1,CRUZ_02,1,AMARELO,0
intenso,1,PREEMPCAO_COMPENSADA,1048.1,CRUZ_02,1,VERMELHO,0
intenso,1,PREEMPCAO_COMPENSADA,1050.1,CRUZ_02,2,VERDE,0
intenso,1,PREEMPCAO_COMPENSADA,1052.0,CRUZ_08,2,AMARELO,0
intenso,1,PREEMPCAO_COMPENSADA,1052.4,CRUZ_07,2,AMARELO,0
intenso,1,PREEMPCAO_COMPENSADA,1055.0,CRUZ_08,2,VERMELHO,0
intenso,1,PREEMPCAO_COMPENSADA,1055.4,CRUZ_07,2,VERMELHO,0
intenso,1,PREEMPCAO_COMPENSADA,1057.0,CRUZ_08,1,VERDE,0
intenso,1,PREEMPCAO_COMPENSADA,1057.4,CRUZ_07,1,VERDE,0
intenso,1,PREEMPCAO_COMPENSADA,1060.7,CRUZ_03,2,AMARELO,0
intenso,1,PREEMPCAO_COMPENSADA,1062.0,CRUZ_01,2,AMARELO,0
intenso,1,PREEMPCAO_COMPENSADA,1062.1,CRUZ_05,1,AMARELO,0
intenso,1,PREEMPCAO_COMPENSADA,1063.7,CRUZ_03,2,VERMELHO,0
intenso,1,PREEMPCAO_COMPENSADA,1065.0,CRUZ_01,2,VERMELHO,0
intenso,1,PREEMPCAO_COMPENSADA,1065.1,CRUZ_05,1,VERMELHO,0
intenso,1,PREEMPCAO_COMPENSADA,1065.7,CRUZ_03,1,VERDE,0
intenso,1,PREEMPCAO_COMPENSADA,1065.9,CRUZ_06,2,AMARELO,0
intenso,1,PREEMPCAO_COMPENSADA,1067.0,CRUZ_01,1,VERDE,0
intenso,1,PREEMPCAO_COMPENSADA,1067.1,CRUZ_05,2,VERDE,0
intenso,1,PREEMPCAO_COMPENSADA,1068.9,CRUZ_06,2,VERMELHO,0
intenso,1,PREEMPCAO_COMPENSADA,1070.9,CRUZ_06,1,VERDE,0
intenso,1,PREEMPCAO_COMPENSADA,1071.9,CRUZ_04,1,AMARELO,0
intenso,1,PREEMPCAO_COMPENSADA,1074.9,CRUZ_04,1,VERMELHO,0
intenso,1,PREEMPCAO_COMPENSADA,1076.9,CRUZ_04,2,VERDE,0
intenso,1,PREEMPCAO_COMPENSADA,1077.7,CRUZ_08,1,AMARELO,1
intenso,1,PREEMPCAO_COMPENSADA,1080.7,CRUZ_08,1,VERMELHO,1
intenso,1,PREEMPCAO_COMPENSADA,1082.7,CRUZ_08,2,VERDE,1
intenso,1,PREEMPCAO_COMPENSADA,1084.9,CRUZ_02,2,AMARELO,0
intenso,1,PREEMPCAO_COMPENSADA,1087.4,CRUZ_07,1,AMARELO,0
intenso,1,PREEMPCAO_COMPENSADA,1087.9,CRUZ_02,2,VERMELHO,0
intenso,1,PREEMPCAO_COMPENSADA,1089.9,CRUZ_02,1,VERDE,0
intenso,1,PREEMPCAO_COMPENSADA,1090.4,CRUZ_07,1,VERMELHO,0
intenso,1,PREEMPCAO_COMPENSADA,1092.4,CRUZ_07,2,VERDE,0
intenso,1,PREEMPCAO_COMPENSADA,1095.7,CRUZ_03,1,AMARELO,0
intenso,1,PREEMPCAO_COMPENSADA,1097.0,CRUZ_01,1,AMARELO,0
intenso,1,PREEMPCAO_COMPENSADA,1097.1,CRUZ_05,2,AMARELO,0
intenso,1,PREEMPCAO_COMPENSADA,1098.7,CRUZ_03,1,VERMELHO,0
intenso,1,PREEMPCAO_COMPENSADA,1100.0,CRUZ_01,1,VERMELHO,0
intenso,1,PREEMPCAO_COMPENSADA,1100.1,CRUZ_05,2,VERMELHO,0
intenso,1,PREEMPCAO_COMPENSADA,1100.7,CRUZ_03,2,VERDE,0
intenso,1,PREEMPCAO_COMPENSADA,1100.9,CRUZ_06,1,AMARELO,0
intenso,1,PREEMPCAO_COMPENSADA,1102.0,CRUZ_01,2,VERDE,0
intenso,1,PREEMPCAO_COMPENSADA,1102.1,CRUZ_05,1,VERDE,0
intenso,1,PREEMPCAO_COMPENSADA,1102.3,CRUZ_07,2,AMARELO,1
intenso,1,PREEMPCAO_COMPENSADA,1103.9,CRUZ_06,1,VERMELHO,0
intenso,1,PREEMPCAO_COMPENSADA,1105.3,CRUZ_07,2,VERMELHO,1
intenso,1,PREEMPCAO_COMPENSADA,1105.9,CRUZ_06,2,VERDE,0
intenso,1,PREEMPCAO_COMPENSADA,1107.3,CRUZ_07,1,VERDE,1
intenso,1,PREEMPCAO_COMPENSADA,1112.7,CRUZ_08,2,AMARELO,0
intenso,1,PREEMPCAO_COMPENSADA,1115.7,CRUZ_08,2,VERMELHO,0
intenso,1,PREEMPCAO_COMPENSADA,1117.7,CRUZ_08,1,VERDE,0
intenso,1,PREEMPCAO_COMPENSADA,1118.2,CRUZ_04,2,AMARELO,0
intenso,1,PREEMPCAO_COMPENSADA,1119.9,CRUZ_02,1,AMARELO,0
intenso,1,PREEMPCAO_COMPENSADA,1121.2,CRUZ_04,2,VERMELHO,0
intenso,1,PREEMPCAO_COMPENSADA,1122.9,CRUZ_02,1,VERMELHO,0
intenso,1,PREEMPCAO_COMPENSADA,1123.2,CRUZ_04,1,VERDE,0
intenso,1,PREEMPCAO_COMPENSADA,1124.9,CRUZ_02,2,VERDE,0
intenso,1,PREEMPCAO_COMPENSADA,1132.1,CRUZ_05,1,AMARELO,0
intenso,1,PREEMPCAO_COMPENSADA,1135.1,CRUZ_05,1,VERMELHO,0
intenso,1,PREEMPCAO_COMPENSADA,1135.9,CRUZ_06,2,AMARELO,0
intenso,1,PREEMPCAO_COMPENSADA,1137.1,CRUZ_05,2,VERDE,0
intenso,1,PREEMPCAO_COMPENSADA,1137.3,CRUZ_07,1,AMARELO,0
intenso,1,PREEMPCAO_COMPENSADA,1138.9,CRUZ_06,2,VERMELHO,0
intenso,1,PREEMPCAO_COMPENSADA,1140.2,CRUZ_03,2,AMARELO,0
intenso,1,PREEMPCAO_COMPENSADA,1140.3,CRUZ_07,1,VERMELHO,0
intenso,1,PREEMPCAO_COMPENSADA,1140.9,CRUZ_06,1,VERDE,0
intenso,1,PREEMPCAO_COMPENSADA,1141.5,CRUZ_01,2,AMARELO,0
intenso,1,PREEMPCAO_COMPENSADA,1142.3,CRUZ_07,2,VERDE,0
intenso,1,PREEMPCAO_COMPENSADA,1143.2,CRUZ_03,2,VERMELHO,0
intenso,1,PREEMPCAO_COMPENSADA,1144.5,CRUZ_01,2,VERMELHO,0
intenso,1,PREEMPCAO_COMPENSADA,1145.2,CRUZ_03,1,VERDE,0
intenso,1,PREEMPCAO_COMPENSADA,1146.5,CRUZ_01,1,VERDE,0
intenso,1,PREEMPCAO_COMPENSADA,1153.2,CRUZ_04,1,AMARELO,0
intenso,1,PREEMPCAO_COMPENSADA,1154.6,CRUZ_08,1,AMARELO,0
intenso,1,PREEMPCAO_COMPENSADA,1156.2,CRUZ_04,1,VERMELHO,0
intenso,1,PREEMPCAO_COMPENSADA,1157.6,CRUZ_08,1,VERMELHO,0
intenso,1,PREEMPCAO_COMPENSADA,1158.2,CRUZ_04,2,VERDE,0
intenso,1,PREEMPCAO_COMPENSADA,1159.6,CRUZ_08,2,VERDE,0
intenso,1,PREEMPCAO_COMPENSADA,1159.7,CRUZ_02,2,AMARELO,0
intenso,1,PREEMPCAO_COMPENSADA,1162.7,CRUZ_02,2,VERMELHO,0
intenso,1,PREEMPCAO_COMPENSADA,1164.7,CRUZ_02,1,VERDE,0
intenso,1,PREEMPCAO_COMPENSADA,1167.1,CRUZ_05,2,AMARELO,0
intenso,1,PREEMPCAO_COMPENSADA,1170.1,CRUZ_05,2,VERMELHO,0
intenso,1,PREEMPCAO_COMPENSADA,1172.1,CRUZ_05,1,VERDE,0
intenso,1,PREEMPCAO_COMPENSADA,1175.2,CRUZ_03,1,AMARELO,0
intenso,1,PREEMPCAO_COMPENSADA,1176.5,CRUZ_01,1,AMARELO,0
intenso,1,PREEMPCAO_COMPENSADA,1178.2,CRUZ_03,1,VERMELHO,0
intenso,1,PREEMPCAO_COMPENSADA,1179.5,CRUZ_01,1,VERMELHO,0
intenso,1,PREEMPCAO_COMPENSADA,1180.2,CRUZ_03,2,VERDE,0
intenso,1,PREEMPCAO_COMPENSADA,1181.5,CRUZ_01,2,VERDE,0
intenso,1,PREEMPCAO_COMPENSADA,1182.6,CRUZ_06,1,AMARELO,0
intenso,1,PREEMPCAO_COMPENSADA,1184.9,CRUZ_07,2,AMARELO,0
intenso,1,PREEMPCAO_COMPENSADA,1185.6,CRUZ_06,1,VERMELHO,0
intenso,1,PREEMPCAO_COMPENSADA,1187.6,CRUZ_06,2,VERDE,0
intenso,1,PREEMPCAO_COMPENSADA,1187.9,CRUZ_07,2,VERMELHO,0
intenso,1,PREEMPCAO_COMPENSADA,1189.6,CRUZ_08,2,AMARELO,0
intenso,1,PREEMPCAO_COMPENSADA,1189.9,CRUZ_07,1,VERDE,0
intenso,1,PREEMPCAO_COMPENSADA,1192.6,CRUZ_08,2,VERMELHO,0
intenso,1,PREEMPCAO_COMPENSADA,1194.6,CRUZ_08,1,VERDE,0
intenso,1,PREEMPCAO_COMPENSADA,1194.7,CRUZ_02,1,AMARELO,0
intenso,1,PREEMPCAO_COMPENSADA,1197.7,CRUZ_02,1,VERMELHO,0
intenso,1,PREEMPCAO_COMPENSADA,1199.5,CRUZ_04,2,AMARELO,0
intenso,1,PREEMPCAO_COMPENSADA,1199.7,CRUZ_02,2,VERDE,0
intenso,1,PREEMPCAO_COMPENSADA,1202.1,CRUZ_05,1,AMARELO,0
intenso,1,PREEMPCAO_COMPENSADA,1202.5,CRUZ_04,2,VERMELHO,0
intenso,1,PREEMPCAO_COMPENSADA,1204.5,CRUZ_04,1,VERDE,0
intenso,1,PREEMPCAO_COMPENSADA,1205.1,CRUZ_05,1,VERMELHO,0
intenso,1,PREEMPCAO_COMPENSADA,1207.1,CRUZ_05,2,VERDE,0
intenso,1,PREEMPCAO_COMPENSADA,1211.5,CRUZ_01,2,AMARELO,0
intenso,1,PREEMPCAO_COMPENSADA,1214.1,CRUZ_05,2,AMARELO,1
intenso,1,PREEMPCAO_COMPENSADA,1214.5,CRUZ_01,2,VERMELHO,0
intenso,1,PREEMPCAO_COMPENSADA,1216.5,CRUZ_01,1,VERDE,0
intenso,1,PREEMPCAO_COMPENSADA,1217.1,CRUZ_05,2,VERMELHO,1
intenso,1,PREEMPCAO_COMPENSADA,1218.5,CRUZ_06,2,AMARELO,0
intenso,1,PREEMPCAO_COMPENSADA,1219.1,CRUZ_05,1,VERDE,1
intenso,1,PREEMPCAO_COMPENSADA,1219.7,CRUZ_03,2,AMARELO,0
intenso,1,PREEMPCAO_COMPENSADA,1219.9,CRUZ_07,1,AMARELO,0
intenso,1,PREEMPCAO_COMPENSADA,1221.5,CRUZ_06,2,VERMELHO,0
intenso,1,PREEMPCAO_COMPENSADA,1222.7,CRUZ_03,2,VERMELHO,0
intenso,1,PREEMPCAO_COMPENSADA,1222.9,CRUZ_07,1,VERMELHO,0
intenso,1,PREEMPCAO_COMPENSADA,1223.5,CRUZ_06,1,VERDE,0
intenso,1,PREEMPCAO_COMPENSADA,1224.7,CRUZ_03,1,VERDE,0
intenso,1,PREEMPCAO_COMPENSADA,1224.9,CRUZ_07,2,VERDE,0
intenso,1,PREEMPCAO_COMPENSADA,1229.7,CRUZ_02,2,AMARELO,0
intenso,1,PREEMPCAO_COMPENSADA,1231.5,CRUZ_08,1,AMARELO,0
intenso,1,PREEMPCAO_COMPENSADA,1232.7,CRUZ_02,2,VERMELHO,0
intenso,1,PREEMPCAO_COMPENSADA,1234.5,CRUZ_04,1,AMARELO,0
intenso,1,PREEMPCAO_COMPENSADA,1234.5,CRUZ_08,1,VERMELHO,0
intenso,1,PREEMPCAO_COMPENSADA,1234.7,CRUZ_02,1,VERDE,0
intenso,1,PREEMPCAO_COMPENSADA,1236.5,CRUZ_08,2,VERDE,0
intenso,1,PREEMPCAO_COMPENSADA,1237.5,CRUZ_04,1,VERMELHO,0
intenso,1,PREEMPCAO_COMPENSADA,1239.5,CRUZ_04,2,VERDE,0
intenso,1,PREEMPCAO_COMPENSADA,1246.5,CRUZ_01,1,AMARELO,0
intenso,1,PREEMPCAO_COMPENSADA,1249.1,CRUZ_05,1,AMARELO,0
intenso,1,PREEMPCAO_COMPENSADA,1249.5,CRUZ_01,1,VERMELHO,0
intenso,1,PREEMPCAO_COMPENSADA,1251.5,CRUZ_01,2,VERDE,0
intenso,1,PREEMPCAO_COMPENSADA,1252.1,CRUZ_05,1,VERMELHO,0
intenso,1,PREEMPCAO_COMPENSADA,1253.5,CRUZ_06,1,AMARELO,0
intenso,1,PREEMPCAO_COMPENSADA,1254.1,CRUZ_05,2,VERDE,0
intenso,1,PREEMPCAO_COMPENSADA,1254.7,CRUZ_03,1,AMARELO,0
intenso,1,PREEMPCAO_COMPENSADA,1256.5,CRUZ_06,1,VERMELHO,0
intenso,1,PREEMPCAO_COMPENSADA,1257.7,CRUZ_03,1,VERMELHO,0
intenso,1,PREEMPCAO_COMPENSADA,1258.5,CRUZ_06,2,VERDE,0
intenso,1,PREEMPCAO_COMPENSADA,1259.7,CRUZ_03,2,VERDE,0
intenso,1,PREEMPCAO_COMPENSADA,1264.7,CRUZ_02,1,AMARELO,0
intenso,1,PREEMPCAO_COMPENSADA,1266.5,CRUZ_08,2,AMARELO,0
intenso,1,PREEMPCAO_COMPENSADA,1267.5,CRUZ_07,2,AMARELO,0
intenso,1,PREEMPCAO_COMPENSADA,1267.7,CRUZ_02,1,VERMELHO,0
intenso,1,PREEMPCAO_COMPENSADA,1269.5,CRUZ_08,2,VERMELHO,0
intenso,1,PREEMPCAO_COMPENSADA,1269.7,CRUZ_02,2,VERDE,0
intenso,1,PREEMPCAO_COMPENSADA,1270.5,CRUZ_07,2,VERMELHO,0
intenso,1,PREEMPCAO_COMPENSADA,1271.5,CRUZ_08,1,VERDE,0
intenso,1,PREEMPCAO_COMPENSADA,1272.5,CRUZ_07,1,VERDE,0
intenso,1,PREEMPCAO_COMPENSADA,1280.8,CRUZ_04,2,AMARELO,0
intenso,1,PREEMPCAO_COMPENSADA,1281.5,CRUZ_01,2,AMARELO,0
intenso,1,PREEMPCAO_COMPENSADA,1283.8,CRUZ_04,2,VERMELHO,0
intenso,1,PREEMPCAO_COMPENSADA,1284.5,CRUZ_01,2,VERMELHO,0
intenso,1,PREEMPCAO_COMPENSADA,1285.8,CRUZ_04,1,VERDE,0
intenso,1,PREEMPCAO_COMPENSADA,1286.5,CRUZ_01,1,VERDE,0
intenso,1,PREEMPCAO_COMPENSADA,1289.4,CRUZ_06,2,AMARELO,0
intenso,1,PREEMPCAO_COMPENSADA,1289.7,CRUZ_03,2,AMARELO,0
intenso,1,PREEMPCAO_COMPENSADA,1292.4,CRUZ_06,2,VERMELHO,0
intenso,1,PREEMPCAO_COMPENSADA,1292.7,CRUZ_03,2,VERMELHO,0
intenso,1,PREEMPCAO_COMPENSADA,1294.4,CRUZ_06,1,VERDE,0
intenso,1,PREEMPCAO_COMPENSADA,1294.7,CRUZ_03,1,VERDE,0
intenso,1,PREEMPCAO_COMPENSADA,1297.8,CRUZ_05,2,AMARELO,0
intenso,1,PREEMPCAO_COMPENSADA,1299.7,CRUZ_02,2,AMARELO,0
intenso,1,PREEMPCAO_COMPENSADA,1300.8,CRUZ_05,2,VERMELHO,0
intenso,1,PREEMPCAO_COMPENSADA,1302.5,CRUZ_07,1,AMARELO,0
intenso,1,PREEMPCAO_COMPENSADA,1302.7,CRUZ_02,2,VERMELHO,0
intenso,1,PREEMPCAO_COMPENSADA,1302.8,CRUZ_05,1,VERDE,0
intenso,1,PREEMPCAO_COMPENSADA,1304.7,CRUZ_02,1,VERDE,0
intenso,1,PREEMPCAO_COMPENSADA,1305.5,CRUZ_07,1,VERMELHO,0
intenso,1,PREEMPCAO_COMPENSADA,1307.5,CRUZ_07,2,VERDE,0
intenso,1,PREEMPCAO_COMPENSADA,1308.4,CRUZ_08,1,AMARELO,0
intenso,1,PREEMPCAO_COMPENSADA,1311.4,CRUZ_08,1,VERMELHO,0
intenso,1,PREEMPCAO_COMPENSADA,1313.4,CRUZ_08,2,VERDE,0
intenso,1,PREEMPCAO_COMPENSADA,1315.8,CRUZ_04,1,AMARELO,0
intenso,1,PREEMPCAO_COMPENSADA,1316.5,CRUZ_01,1,AMARELO,0
intenso,1,PREEMPCAO_COMPENSADA,1318.8,CRUZ_04,1,VERMELHO,0
intenso,1,PREEMPCAO_COMPENSADA,1319.5,CRUZ_01,1,VERMELHO,0
intenso,1,PREEMPCAO_COMPENSADA,1320.8,CRUZ_04,2,VERDE,0
intenso,1,PREEMPCAO_COMPENSADA,1321.5,CRUZ_01,2,VERDE,0
intenso,1,PREEMPCAO_COMPENSADA,1324.4,CRUZ_06,1,AMARELO,0
intenso,1,PREEMPCAO_COMPENSADA,1324.7,CRUZ_03,1,AMARELO,0
intenso,1,PREEMPCAO_COMPENSADA,1327.4,CRUZ_06,1,VERMELHO,0
intenso,1,PREEMPCAO_COMPENSADA,1327.7,CRUZ_03,1,VERMELHO,0
intenso,1,PREEMPCAO_COMPENSADA,1329.4,CRUZ_06,2,VERDE,0
intenso,1,PREEMPCAO_COMPENSADA,1329.7,CRUZ_03,2,VERDE,0
intenso,1,PREEMPCAO_COMPENSADA,1332.8,CRUZ_05,1,AMARELO,0
intenso,1,PREEMPCAO_COMPENSADA,1334.7,CRUZ_02,1,AMARELO,0
intenso,1,PREEMPCAO_COMPENSADA,1335.8,CRUZ_05,1,VERMELHO,0
intenso,1,PREEMPCAO_COMPENSADA,1337.7,CRUZ_02,1,VERMELHO,0
intenso,1,PREEMPCAO_COMPENSADA,1337.8,CRUZ_05,2,VERDE,0
intenso,1,PREEMPCAO_COMPENSADA,1339.7,CRUZ_02,2,VERDE,0
intenso,1,PREEMPCAO_COMPENSADA,1343.4,CRUZ_08,2,AMARELO,0
intenso,1,PREEMPCAO_COMPENSADA,1346.4,CRUZ_08,2,VERMELHO,0
intenso,1,PREEMPCAO_COMPENSADA,1348.4,CRUZ_08,1,VERDE,0
intenso,1,PREEMPCAO_COMPENSADA,1350.1,CRUZ_07,2,AMARELO,0
intenso,1,PREEMPCAO_COMPENSADA,1350.8,CRUZ_04,2,AMARELO,0
intenso,1,PREEMPCAO_COMPENSADA,1351.5,CRUZ_01,2,AMARELO,0
intenso,1,PREEMPCAO_COMPENSADA,1353.1,CRUZ_07,2,VERMELHO,0
intenso,1,PREEMPCAO_COMPENSADA,1353.8,CRUZ_04,2,VERMELHO,0
intenso,1,PREEMPCAO_COMPENSADA,1354.5,CRUZ_01,2,VERMELHO,0
intenso,1,PREEMPCAO_COMPENSADA,1355.1,CRUZ_07,1,VERDE,0
intenso,1,PREEMPCAO_COMPENSADA,1355.8,CRUZ_04,1,VERDE,0
intenso,1,PREEMPCAO_COMPENSADA,1356.5,CRUZ_01,1,VERDE,0
intenso,1,PREEMPCAO_COMPENSADA,1359.7,CRUZ_03,2,AMARELO,0
intenso,1,PREEMPCAO_COMPENSADA,1360.3,CRUZ_06,2,AMARELO,0
intenso,1,PREEMPCAO_COMPENSADA,1362.7,CRUZ_03,2,VERMELHO,0
intenso,1,PREEMPCAO_COMPENSADA,1363.3,CRUZ_06,2,VERMELHO,0
intenso,1,PREEMPCAO_COMPENSADA,1364.7,CRUZ_03,1,VERDE,0
intenso,1,PREEMPCAO_COMPENSADA,1365.3,CRUZ_06,1,VERDE,0
intenso,1,PREEMPCAO_COMPENSADA,1369.7,CRUZ_02,2,AMARELO,0
intenso,1,PREEMPCAO_COMPENSADA,1372.7,CRUZ_02,2,VERMELHO,0
intenso,1,PREEMPCAO_COMPENSADA,1374.7,CRUZ_02,1,VERDE,0
intenso,1,PREEMPCAO_COMPENSADA,1378.4,CRUZ_08,1,AMARELO,0
intenso,1,PREEMPCAO_COMPENSADA,1381.4,CRUZ_08,1,VERMELHO,0
intenso,1,PREEMPCAO_COMPENSADA,1381.5,CRUZ_05,2,AMARELO,0
intenso,1,PREEMPCAO_COMPENSADA,1383.4,CRUZ_08,2,VERDE,0
intenso,1,PREEMPCAO_COMPENSADA,1384.5,CRUZ_05,2,VERMELHO,0
intenso,1,PREEMPCAO_COMPENSADA,1385.1,CRUZ_07,1,AMARELO,0
intenso,1,PREEMPCAO_COMPENSADA,1385.8,CRUZ_04,1,AMARELO,0
intenso,1,PREEMPCAO_COMPENSADA,1386.5,CRUZ_01,1,AMARELO,0
intenso,1,PREEMPCAO_COMPENSADA,1386.5,CRUZ_05,1,VERDE,0
intenso,1,PREEMPCAO_COMPENSADA,1388.1,CRUZ_07,1,VERMELHO,0
intenso,1,PREEMPCAO_COMPENSADA,1388.8,CRUZ_04,1,VERMELHO,0
intenso,1,PREEMPCAO_COMPENSADA,1389.5,CRUZ_01,1,VERMELHO,0
intenso,1,PREEMPCAO_COMPENSADA,1390.1,CRUZ_07,2,VERDE,0
intenso,1,PREEMPCAO_COMPENSADA,1390.8,CRUZ_04,2,VERDE,0
intenso,1,PREEMPCAO_COMPENSADA,1391.5,CRUZ_01,2,VERDE,0
intenso,1,PREEMPCAO_COMPENSADA,1394.7,CRUZ_03,1,AMARELO,0
intenso,1,PREEMPCAO_COMPENSADA,1395.3,CRUZ_06,1,AMARELO,0
intenso,1,PREEMPCAO_COMPENSADA,1397.7,CRUZ_03,1,VERMELHO,0
intenso,1,PREEMPCAO_COMPENSADA,1398.3,CRUZ_06,1,VERMELHO,0
intenso,1,PREEMPCAO_COMPENSADA,1399.7,CRUZ_03,2,VERDE,0
intenso,1,PREEMPCAO_COMPENSADA,1400.3,CRUZ_06,2,VERDE,0
intenso,1,PREEMPCAO_COMPENSADA,1404.7,CRUZ_02,1,AMARELO,0
intenso,1,PREEMPCAO_COMPENSADA,1407.7,CRUZ_02,1,VERMELHO,0
intenso,1,PREEMPCAO_COMPENSADA,1409.7,CRUZ_02,2,VERDE,0
intenso,1,PREEMPCAO_COMPENSADA,1413.4,CRUZ_08,2,AMARELO,0
intenso,1,PREEMPCAO_COMPENSADA,1416.4,CRUZ_08,2,VERMELHO,0
intenso,1,PREEMPCAO_COMPENSADA,1416.5,CRUZ_05,1,AMARELO,0
intenso,1,PREEMPCAO_COMPENSADA,1418.4,CRUZ_08,1,VERDE,0
intenso,1,PREEMPCAO_COMPENSADA,1419.5,CRUZ_05,1,VERMELHO,0
intenso,1,PREEMPCAO_COMPENSADA,1420.1,CRUZ_07,2,AMARELO,0
intenso,1,PREEMPCAO_COMPENSADA,1420.8,CRUZ_04,2,AMARELO,0
intenso,1,PREEMPCAO_COMPENSADA,1421.5,CRUZ_01,2,AMARELO,0
intenso,1,PREEMPCAO_COMPENSADA,1421.5,CRUZ_05,2,VERDE,0
intenso,1,PREEMPCAO_COMPENSADA,1423.1,CRUZ_07,2,VERMELHO,0
intenso,1,PREEMPCAO_COMPENSADA,1423.8,CRUZ_04,2,VERMELHO,0
intenso,1,PREEMPCAO_COMPENSADA,1424.5,CRUZ_01,2,VERMELHO,0
intenso,1,PREEMPCAO_COMPENSADA,1425.1,CRUZ_07,1,VERDE,0
intenso,1,PREEMPCAO_COMPENSADA,1425.8,CRUZ_04,1,VERDE,0
intenso,1,PREEMPCAO_COMPENSADA,1426.5,CRUZ_01,1,VERDE,0
intenso,1,PREEMPCAO_COMPENSADA,1429.7,CRUZ_03,2,AMARELO,0
intenso,1,PREEMPCAO_COMPENSADA,1430.3,CRUZ_06,2,AMARELO,0
intenso,1,PREEMPCAO_COMPENSADA,1432.7,CRUZ_03,2,VERMELHO,0
intenso,1,PREEMPCAO_COMPENSADA,1433.3,CRUZ_06,2,VERMELHO,0
intenso,1,PREEMPCAO_COMPENSADA,1434.7,CRUZ_03,1,VERDE,0
intenso,1,PREEMPCAO_COMPENSADA,1435.3,CRUZ_06,1,VERDE,0
intenso,1,PREEMPCAO_COMPENSADA,1439.7,CRUZ_02,2,AMARELO,0
intenso,1,PREEMPCAO_COMPENSADA,1442.7,CRUZ_02,2,VERMELHO,0
intenso,1,PREEMPCAO_COMPENSADA,1444.7,CRUZ_02,1,VERDE,0
intenso,1,PREEMPCAO_COMPENSADA,1448.4,CRUZ_08,1,AMARELO,0
intenso,1,PREEMPCAO_COMPENSADA,1451.4,CRUZ_08,1,VERMELHO,0
intenso,1,PREEMPCAO_COMPENSADA,1453.4,CRUZ_08,2,VERDE,0
intenso,1,PREEMPCAO_COMPENSADA,1455.1,CRUZ_07,1,AMARELO,0
intenso,1,PREEMPCAO_COMPENSADA,1455.8,CRUZ_04,1,AMARELO,0
intenso,1,PREEMPCAO_COMPENSADA,1456.5,CRUZ_01,1,AMARELO,0
intenso,1,PREEMPCAO_COMPENSADA,1458.1,CRUZ_07,1,VERMELHO,0
intenso,1,PREEMPCAO_COMPENSADA,1458.8,CRUZ_04,1,VERMELHO,0
intenso,1,PREEMPCAO_COMPENSADA,1459.5,CRUZ_01,1,VERMELHO,0
intenso,1,PREEMPCAO_COMPENSADA,1460.1,CRUZ_07,2,VERDE,0
intenso,1,PREEMPCAO_COMPENSADA,1460.8,CRUZ_04,2,VERDE,0
intenso,1,PREEMPCAO_COMPENSADA,1461.5,CRUZ_01,2,VERDE,0
intenso,1,PREEMPCAO_COMPENSADA,1464.7,CRUZ_03,1,AMARELO,0
intenso,1,PREEMPCAO_COMPENSADA,1465.2,CRUZ_05,2,AMARELO,0
intenso,1,PREEMPCAO_COMPENSADA,1465.3,CRUZ_06,1,AMARELO,0
intenso,1,PREEMPCAO_COMPENSADA,1467.7,CRUZ_03,1,VERMELHO,0
intenso,1,PREEMPCAO_COMPENSADA,1468.2,CRUZ_05,2,VERMELHO,0
intenso,1,PREEMPCAO_COMPENSADA,1468.3,CRUZ_06,1,VERMELHO,0
intenso,1,PREEMPCAO_COMPENSADA,1469.7,CRUZ_03,2,VERDE,0
intenso,1,PREEMPCAO_COMPENSADA,1470.2,CRUZ_05,1,VERDE,0
intenso,1,PREEMPCAO_COMPENSADA,1470.3,CRUZ_06,2,VERDE,0
intenso,1,PREEMPCAO_COMPENSADA,1474.7,CRUZ_02,1,AMARELO,0
intenso,1,PREEMPCAO_COMPENSADA,1477.7,CRUZ_02,1,VERMELHO,0
intenso,1,PREEMPCAO_COMPENSADA,1479.7,CRUZ_02,2,VERDE,0
intenso,1,PREEMPCAO_COMPENSADA,1483.4,CRUZ_08,2,AMARELO,0
intenso,1,PREEMPCAO_COMPENSADA,1486.4,CRUZ_08,2,VERMELHO,0
intenso,1,PREEMPCAO_COMPENSADA,1488.4,CRUZ_08,1,VERDE,0
intenso,1,PREEMPCAO_COMPENSADA,1490.1,CRUZ_07,2,AMARELO,0
intenso,1,PREEMPCAO_COMPENSADA,1490.8,CRUZ_04,2,AMARELO,0
intenso,1,PREEMPCAO_COMPENSADA,1491.5,CRUZ_01,2,AMARELO,0
intenso,1,PREEMPCAO_COMPENSADA,1493.1,CRUZ_07,2,VERMELHO,0
intenso,1,PREEMPCAO_COMPENSADA,1493.8,CRUZ_04,2,VERMELHO,0
intenso,1,PREEMPCAO_COMPENSADA,1494.5,CRUZ_01,2,VERMELHO,0
intenso,1,PREEMPCAO_COMPENSADA,1495.1,CRUZ_07,1,VERDE,0
intenso,1,PREEMPCAO_COMPENSADA,1495.8,CRUZ_04,1,VERDE,0
intenso,1,PREEMPCAO_COMPENSADA,1496.5,CRUZ_01,1,VERDE,0
intenso,1,PREEMPCAO_COMPENSADA,1499.7,CRUZ_03,2,AMARELO,0
intenso,1,PREEMPCAO_COMPENSADA,1500.2,CRUZ_05,1,AMARELO,0
intenso,1,PREEMPCAO_COMPENSADA,1500.3,CRUZ_06,2,AMARELO,0
intenso,1,PREEMPCAO_COMPENSADA,1502.7,CRUZ_03,2,VERMELHO,0
intenso,1,PREEMPCAO_COMPENSADA,1503.2,CRUZ_05,1,VERMELHO,0
intenso,1,PREEMPCAO_COMPENSADA,1503.3,CRUZ_06,2,VERMELHO,0
intenso,1,PREEMPCAO_COMPENSADA,1504.7,CRUZ_03,1,VERDE,0
intenso,1,PREEMPCAO_COMPENSADA,1505.2,CRUZ_05,2,VERDE,0
intenso,1,PREEMPCAO_COMPENSADA,1505.3,CRUZ_06,1,VERDE,0
intenso,1,PREEMPCAO_COMPENSADA,1509.7,CRUZ_02,2,AMARELO,0
intenso,1,PREEMPCAO_COMPENSADA,1512.7,CRUZ_02,2,VERMELHO,0
intenso,1,PREEMPCAO_COMPENSADA,1514.7,CRUZ_02,1,VERDE,0
intenso,1,PREEMPCAO_COMPENSADA,1518.4,CRUZ_08,1,AMARELO,0
intenso,1,PREEMPCAO_COMPENSADA,1521.4,CRUZ_08,1,VERMELHO,0
intenso,1,PREEMPCAO_COMPENSADA,1523.4,CRUZ_08,2,VERDE,0
intenso,1,PREEMPCAO_COMPENSADA,1525.1,CRUZ_07,1,AMARELO,0
intenso,1,PREEMPCAO_COMPENSADA,1525.8,CRUZ_04,1,AMARELO,0
intenso,1,PREEMPCAO_COMPENSADA,1528.1,CRUZ_07,1,VERMELHO,0
intenso,1,PREEMPCAO_COMPENSADA,1528.8,CRUZ_04,1,VERMELHO,0
intenso,1,PREEMPCAO_COMPENSADA,1530.1,CRUZ_07,2,VERDE,0
intenso,1,PREEMPCAO_COMPENSADA,1530.8,CRUZ_04,2,VERDE,0
intenso,1,PREEMPCAO_COMPENSADA,1533.1,CRUZ_01,1,AMARELO,0
intenso,1,PREEMPCAO_COMPENSADA,1534.7,CRUZ_03,1,AMARELO,0
intenso,1,PREEMPCAO_COMPENSADA,1535.2,CRUZ_05,2,AMARELO,0
intenso,1,PREEMPCAO_COMPENSADA,1535.3,CRUZ_06,1,AMARELO,0
intenso,1,PREEMPCAO_COMPENSADA,1536.1,CRUZ_01,1,VERMELHO,0
intenso,1,PREEMPCAO_COMPENSADA,1537.7,CRUZ_03,1,VERMELHO,0
intenso,1,PREEMPCAO_COMPENSADA,1538.1,CRUZ_01,2,VERDE,0
intenso,1,PREEMPCAO_COMPENSADA,1538.2,CRUZ_05,2,VERMELHO,0
intenso,1,PREEMPCAO_COMPENSADA,1538.3,CRUZ_06,1,VERMELHO,0
intenso,1,PREEMPCAO_COMPENSADA,1539.7,CRUZ_03,2,VERDE,0
intenso,1,PREEMPCAO_COMPENSADA,1540.2,CRUZ_05,1,VERDE,0
intenso,1,PREEMPCAO_COMPENSADA,1540.3,CRUZ_06,2,VERDE,0
intenso,1,PREEMPCAO_COMPENSADA,1544.7,CRUZ_02,1,AMARELO,0
intenso,1,PREEMPCAO_COMPENSADA,1547.7,CRUZ_02,1,VERMELHO,0
intenso,1,PREEMPCAO_COMPENSADA,1549.7,CRUZ_02,2,VERDE,0
intenso,1,PREEMPCAO_COMPENSADA,1553.4,CRUZ_08,2,AMARELO,0
intenso,1,PREEMPCAO_COMPENSADA,1556.4,CRUZ_08,2,VERMELHO,0
intenso,1,PREEMPCAO_COMPENSADA,1558.4,CRUZ_02,2,AMARELO,1
intenso,1,PREEMPCAO_COMPENSADA,1558.4,CRUZ_08,1,VERDE,0
intenso,1,PREEMPCAO_COMPENSADA,1560.1,CRUZ_07,2,AMARELO,0
intenso,1,PREEMPCAO_COMPENSADA,1560.8,CRUZ_04,2,AMARELO,0
intenso,1,PREEMPCAO_COMPENSADA,1561.4,CRUZ_02,2,VERMELHO,1
intenso,1,PREEMPCAO_COMPENSADA,1563.1,CRUZ_07,2,VERMELHO,0
intenso,1,PREEMPCAO_COMPENSADA,1563.4,CRUZ_02,1,VERDE,1
intenso,1,PREEMPCAO_COMPENSADA,1563.8,CRUZ_04,2,VERMELHO,0
intenso,1,PREEMPCAO_COMPENSADA,1565.1,CRUZ_07,1,VERDE,0
intenso,1,PREEMPCAO_COMPENSADA,1565.8,CRUZ_04,1,VERDE,0
intenso,1,PREEMPCAO_COMPENSADA,1569.7,CRUZ_03,2,AMARELO,0
intenso,1,PREEMPCAO_COMPENSADA,1570.2,CRUZ_05,1,AMARELO,0
intenso,1,PREEMPCAO_COMPENSADA,1570.3,CRUZ_06,2,AMARELO,0
intenso,1,PREEMPCAO_COMPENSADA,1572.7,CRUZ_03,2,VERMELHO,0
intenso,1,PREEMPCAO_COMPENSADA,1573.2,CRUZ_05,1,VERMELHO,0
intenso,1,PREEMPCAO_COMPENSADA,1573.3,CRUZ_06,2,VERMELHO,0
intenso,1,PREEMPCAO_COMPENSADA,1574.7,CRUZ_03,1,VERDE,0
intenso,1,PREEMPCAO_COMPENSADA,1575.2,CRUZ_05,2,VERDE,0
intenso,1,PREEMPCAO_COMPENSADA,1575.3,CRUZ_06,1,VERDE,0
intenso,1,PREEMPCAO_COMPENSADA,1576.9,CRUZ_01,2,AMARELO,0
intenso,1,PREEMPCAO_COMPENSADA,1579.9,CRUZ_01,2,VERMELHO,0
intenso,1,PREEMPCAO_COMPENSADA,1581.9,CRUZ_01,1,VERDE,0
intenso,1,PREEMPCAO_COMPENSADA,1588.4,CRUZ_08,1,AMARELO,0
intenso,1,PREEMPCAO_COMPENSADA,1591.4,CRUZ_08,1,VERMELHO,0
intenso,1,PREEMPCAO_COMPENSADA,1593.4,CRUZ_02,1,AMARELO,0
intenso,1,PREEMPCAO_COMPENSADA,1593.4,CRUZ_08,2,VERDE,0
intenso,1,PREEMPCAO_COMPENSADA,1595.1,CRUZ_07,1,AMARELO,0
intenso,1,PREEMPCAO_COMPENSADA,1595.8,CRUZ_04,1,AMARELO,0
intenso,1,PREEMPCAO_COMPENSADA,1596.4,CRUZ_02,1,VERMELHO,0
intenso,1,PREEMPCAO_COMPENSADA,1598.1,CRUZ_07,1,VERMELHO,0
intenso,1,PREEMPCAO_COMPENSADA,1598.4,CRUZ_02,2,VERDE,0
intenso,1,PREEMPCAO_COMPENSADA,1598.8,CRUZ_04,1,VERMELHO,0
intenso,1,PREEMPCAO_COMPENSADA,1600.1,CRUZ_07,2,VERDE,0
intenso,1,PREEMPCAO_COMPENSADA,1600.8,CRUZ_04,2,VERDE,0
intenso,1,PREEMPCAO_COMPENSADA,1604.7,CRUZ_03,1,AMARELO,0
intenso,1,PREEMPCAO_COMPENSADA,1605.2,CRUZ_05,2,AMARELO,0
intenso,1,PREEMPCAO_COMPENSADA,1605.3,CRUZ_06,1,AMARELO,0
intenso,1,PREEMPCAO_COMPENSADA,1607.7,CRUZ_03,1,VERMELHO,0
intenso,1,PREEMPCAO_COMPENSADA,1608.2,CRUZ_05,2,VERMELHO,0
intenso,1,PREEMPCAO_COMPENSADA,1608.3,CRUZ_06,1,VERMELHO,0
intenso,1,PREEMPCAO_COMPENSADA,1609.7,CRUZ_03,2,VERDE,0
intenso,1,PREEMPCAO_COMPENSADA,1610.2,CRUZ_05,1,VERDE,0
intenso,1,PREEMPCAO_COMPENSADA,1610.3,CRUZ_06,2,VERDE,0
intenso,1,PREEMPCAO_COMPENSADA,1611.9,CRUZ_01,1,AMARELO,0
intenso,1,PREEMPCAO_COMPENSADA,1614.9,CRUZ_01,1,VERMELHO,0
intenso,1,PREEMPCAO_COMPENSADA,1616.7,CRUZ_03,2,AMARELO,1
intenso,1,PREEMPCAO_COMPENSADA,1616.9,CRUZ_01,2,VERDE,0
intenso,1,PREEMPCAO_COMPENSADA,1619.7,CRUZ_03,2,VERMELHO,1
intenso,1,PREEMPCAO_COMPENSADA,1621.7,CRUZ_03,1,VERDE,1
intenso,1,PREEMPCAO_COMPENSADA,1623.4,CRUZ_08,2,AMARELO,0
intenso,1,PREEMPCAO_COMPENSADA,1626.4,CRUZ_08,2,VERMELHO,0
intenso,1,PREEMPCAO_COMPENSADA,1628.4,CRUZ_08,1,VERDE,0
intenso,1,PREEMPCAO_COMPENSADA,1630.1,CRUZ_07,2,AMARELO,0
intenso,1,PREEMPCAO_COMPENSADA,1630.8,CRUZ_04,2,AMARELO,0
intenso,1,PREEMPCAO_COMPENSADA,1633.1,CRUZ_07,2,VERMELHO,0
intenso,1,PREEMPCAO_COMPENSADA,1633.8,CRUZ_04,2,VERMELHO,0
intenso,1,PREEMPCAO_COMPENSADA,1635.1,CRUZ_07,1,VERDE,0
intenso,1,PREEMPCAO_COMPENSADA,1635.8,CRUZ_04,1,VERDE,0
intenso,1,PREEMPCAO_COMPENSADA,1640.2,CRUZ_05,1,AMARELO,0
intenso,1,PREEMPCAO_COMPENSADA,1640.3,CRUZ_06,2,AMARELO,0
intenso,1,PREEMPCAO_COMPENSADA,1642.5,CRUZ_02,2,AMARELO,0
intenso,1,PREEMPCAO_COMPENSADA,1643.2,CRUZ_05,1,VERMELHO,0
intenso,1,PREEMPCAO_COMPENSADA,1643.3,CRUZ_06,2,VERMELHO,0
intenso,1,PREEMPCAO_COMPENSADA,1645.2,CRUZ_05,2,VERDE,0
intenso,1,PREEMPCAO_COMPENSADA,1645.3,CRUZ_06,1,VERDE,0
intenso,1,PREEMPCAO_COMPENSADA,1645.5,CRUZ_02,2,VERMELHO,0
intenso,1,PREEMPCAO_COMPENSADA,1647.5,CRUZ_02,1,VERDE,0
intenso,1,PREEMPCAO_COMPENSADA,1651.7,CRUZ_03,1,AMARELO,0
intenso,1,PREEMPCAO_COMPENSADA,1654.7,CRUZ_03,1,VERMELHO,0
intenso,1,PREEMPCAO_COMPENSADA,1655.7,CRUZ_01,2,AMARELO,0
intenso,1,PREEMPCAO_COMPENSADA,1656.7,CRUZ_03,2,VERDE,0
intenso,1,PREEMPCAO_COMPENSADA,1658.4,CRUZ_08,1,AMARELO,0
intenso,1,PREEMPCAO_COMPENSADA,1658.7,CRUZ_01,2,VERMELHO,0
intenso,1,PREEMPCAO_COMPENSADA,1660.7,CRUZ_01,1,VERDE,0
intenso,1,PREEMPCAO_COMPENSADA,1661.4,CRUZ_08,1,VERMELHO,0
intenso,1,PREEMPCAO_COMPENSADA,1663.4,CRUZ_08,2,VERDE,0
intenso,1,PREEMPCAO_COMPENSADA,1665.1,CRUZ_07,1,AMARELO,0
intenso,1,PREEMPCAO_COMPENSADA,1665.8,CRUZ_04,1,AMARELO,0
intenso,1,PREEMPCAO_COMPENSADA,1668.1,CRUZ_07,1,VERMELHO,0
intenso,1,PREEMPCAO_COMPENSADA,1668.8,CRUZ_04,1,VERMELHO,0
intenso,1,PREEMPCAO_COMPENSADA,1670.1,CRUZ_07,2,VERDE,0
intenso,1,PREEMPCAO_COMPENSADA,1670.8,CRUZ_04,2,VERDE,0
intenso,1,PREEMPCAO_COMPENSADA,1675.2,CRUZ_05,2,AMARELO,0
intenso,1,PREEMPCAO_COMPENSADA,1675.3,CRUZ_06,1,AMARELO,0
intenso,1,PREEMPCAO_COMPENSADA,1677.5,CRUZ_02,1,AMARELO,0
intenso,1,PREEMPCAO_COMPENSADA,1677.8,CRUZ_04,2,AMARELO,1
intenso,1,PREEMPCAO_COMPENSADA,1678.2,CRUZ_05,2,VERMELHO,0
intenso,1,PREEMPCAO_COMPENSADA,1678.3,CRUZ_06,1,VERMELHO,0
intenso,1,PREEMPCAO_COMPENSADA,1680.2,CRUZ_05,1,VERDE,0
intenso,1,PREEMPCAO_COMPENSADA,1680.3,CRUZ_06,2,VERDE,0
intenso,1,PREEMPCAO_COMPENSADA,1680.5,CRUZ_02,1,VERMELHO,0
intenso,1,PREEMPCAO_COMPENSADA,1680.8,CRUZ_04,2,VERMELHO,1
intenso,1,PREEMPCAO_COMPENSADA,1682.5,CRUZ_02,2,VERDE,0
intenso,1,PREEMPCAO_COMPENSADA,1682.8,CRUZ_04,1,VERDE,1
intenso,1,PREEMPCAO_COMPENSADA,1690.7,CRUZ_01,1,AMARELO,0
intenso,1,PREEMPCAO_COMPENSADA,1693.4,CRUZ_08,2,AMARELO,0
intenso,1,PREEMPCAO_COMPENSADA,1693.7,CRUZ_01,1,VERMELHO,0
intenso,1,PREEMPCAO_COMPENSADA,1695.7,CRUZ_01,2,VERDE,0
intenso,1,PREEMPCAO_COMPENSADA,1696.4,CRUZ_08,2,VERMELHO,0
intenso,1,PREEMPCAO_COMPENSADA,1698.4,CRUZ_08,1,VERDE,0
intenso,1,PREEMPCAO_COMPENSADA,1700.1,CRUZ_07,2,AMARELO,0
intenso,1,PREEMPCAO_COMPENSADA,1700.6,CRUZ_03,2,AMARELO,0
intenso,1,PREEMPCAO_COMPENSADA,1703.1,CRUZ_07,2,VERMELHO,0
intenso,1,PREEMPCAO_COMPENSADA,1703.6,CRUZ_03,2,VERMELHO,0
intenso,1,PREEMPCAO_COMPENSADA,1705.1,CRUZ_07,1,VERDE,0
intenso,1,PREEMPCAO_COMPENSADA,1705.6,CRUZ_03,1,VERDE,0
intenso,1,PREEMPCAO_COMPENSADA,1710.2,CRUZ_05,1,AMARELO,0
intenso,1,PREEMPCAO_COMPENSADA,1710.3,CRUZ_06,2,AMARELO,0
intenso,1,PREEMPCAO_COMPENSADA,1712.8,CRUZ_04,1,AMARELO,0
intenso,1,PREEMPCAO_COMPENSADA,1713.2,CRUZ_05,1,VERMELHO,0
intenso,1,PREEMPCAO_COMPENSADA,1713.3,CRUZ_06,2,VERMELHO,0
intenso,1,PREEMPCAO_COMPENSADA,1715.2,CRUZ_05,2,VERDE,0
intenso,1,PREEMPCAO_COMPENSADA,1715.3,CRUZ_06,1,VERDE,0
intenso,1,PREEMPCAO_COMPENSADA,1715.8,CRUZ_04,1,VERMELHO,0
intenso,1,PREEMPCAO_COMPENSADA,1717.8,CRUZ_04,2,VERDE,0
intenso,1,PREEMPCAO_COMPENSADA,1722.6,CRUZ_08,1,AMARELO,1
intenso,1,PREEMPCAO_COMPENSADA,1725.6,CRUZ_08,1,VERMELHO,1
intenso,1,PREEMPCAO_COMPENSADA,1726.6,CRUZ_02,2,AMARELO,0
intenso,1,PREEMPCAO_COMPENSADA,1727.6,CRUZ_08,2,VERDE,1
intenso,1,PREEMPCAO_COMPENSADA,1729.6,CRUZ_02,2,VERMELHO,0
intenso,1,PREEMPCAO_COMPENSADA,1731.6,CRUZ_02,1,VERDE,0
intenso,1,PREEMPCAO_COMPENSADA,1734.5,CRUZ_01,2,AMARELO,0
intenso,1,PREEMPCAO_COMPENSADA,1735.1,CRUZ_07,1,AMARELO,0
intenso,1,PREEMPCAO_COMPENSADA,1735.6,CRUZ_03,1,AMARELO,0
intenso,1,PREEMPCAO_COMPENSADA,1737.5,CRUZ_01,2,VERMELHO,0
intenso,1,PREEMPCAO_COMPENSADA,1738.1,CRUZ_07,1,VERMELHO,0
intenso,1,PREEMPCAO_COMPENSADA,1738.6,CRUZ_03,1,VERMELHO,0
intenso,1,PREEMPCAO_COMPENSADA,1739.5,CRUZ_01,1,VERDE,0
intenso,1,PREEMPCAO_COMPENSADA,1740.1,CRUZ_07,2,VERDE,0
intenso,1,PREEMPCAO_COMPENSADA,1740.6,CRUZ_03,2,VERDE,0
intenso,1,PREEMPCAO_COMPENSADA,1745.2,CRUZ_05,2,AMARELO,0
intenso,1,PREEMPCAO_COMPENSADA,1745.3,CRUZ_06,1,AMARELO,0
intenso,1,PREEMPCAO_COMPENSADA,1747.1,CRUZ_07,2,AMARELO,1
intenso,1,PREEMPCAO_COMPENSADA,1748.2,CRUZ_05,2,VERMELHO,0
intenso,1,PREEMPCAO_COMPENSADA,1748.3,CRUZ_06,1,VERMELHO,0
intenso,1,PREEMPCAO_COMPENSADA,1750.1,CRUZ_07,2,VERMELHO,1
intenso,1,PREEMPCAO_COMPENSADA,1750.2,CRUZ_05,1,VERDE,0
intenso,1,PREEMPCAO_COMPENSADA,1750.3,CRUZ_06,2,VERDE,0
intenso,1,PREEMPCAO_COMPENSADA,1752.1,CRUZ_07,1,VERDE,1
intenso,1,PREEMPCAO_COMPENSADA,1757.6,CRUZ_08,2,AMARELO,0
intenso,1,PREEMPCAO_COMPENSADA,1758.4,CRUZ_04,2,AMARELO,0
intenso,1,PREEMPCAO_COMPENSADA,1760.6,CRUZ_08,2,VERMELHO,0
intenso,1,PREEMPCAO_COMPENSADA,1761.4,CRUZ_04,2,VERMELHO,0
intenso,1,PREEMPCAO_COMPENSADA,1761.6,CRUZ_02,1,AMARELO,0
intenso,1,PREEMPCAO_COMPENSADA,1762.6,CRUZ_08,1,VERDE,0
intenso,1,PREEMPCAO_COMPENSADA,1763.4,CRUZ_04,1,VERDE,0
intenso,1,PREEMPCAO_COMPENSADA,1764.6,CRUZ_02,1,VERMELHO,0
intenso,1,PREEMPCAO_COMPENSADA,1766.6,CRUZ_02,2,VERDE,0
intenso,1,PREEMPCAO_COMPENSADA,1769.5,CRUZ_01,1,AMARELO,0
intenso,1,PREEMPCAO_COMPENSADA,1772.1,CRUZ_06,2,AMARELO,1
intenso,1,PREEMPCAO_COMPENSADA,1772.5,CRUZ_01,1,VERMELHO,0
intenso,1,PREEMPCAO_COMPENSADA,1774.5,CRUZ_01,2,VERDE,0
intenso,1,PREEMPCAO_COMPENSADA,1775.1,CRUZ_06,2,VERMELHO,1
intenso,1,PREEMPCAO_COMPENSADA,1777.1,CRUZ_06,1,VERDE,1
intenso,1,PREEMPCAO_COMPENSADA,1780.2,CRUZ_05,1,AMARELO,0
intenso,1,PREEMPCAO_COMPENSADA,1782.1,CRUZ_07,1,AMARELO,0
intenso,1,PREEMPCAO_COMPENSADA,1783.2,CRUZ_05,1,VERMELHO,0
intenso,1,PREEMPCAO_COMPENSADA,1784.5,CRUZ_03,2,AMARELO,0
intenso,1,PREEMPCAO_COMPENSADA,1785.1,CRUZ_07,1,VERMELHO,0
intenso,1,PREEMPCAO_COMPENSADA,1785.2,CRUZ_05,2,VERDE,0
intenso,1,PREEMPCAO_COMPENSADA,1787.1,CRUZ_07,2,VERDE,0
intenso,1,PREEMPCAO_COMPENSADA,1787.5,CRUZ_03,2,VERMELHO,0
intenso,1,PREEMPCAO_COMPENSADA,1789.5,CRUZ_03,1,VERDE,0
intenso,1,PREEMPCAO_COMPENSADA,1793.4,CRUZ_04,1,AMARELO,0
intenso,1,PREEMPCAO_COMPENSADA,1796.4,CRUZ_04,1,VERMELHO,0
intenso,1,PREEMPCAO_COMPENSADA,1798.4,CRUZ_04,2,VERDE,0
intenso,1,PREEMPCAO_COMPENSADA,1798.7,CRUZ_08,1,AMARELO,0
intenso,1,PREEMPCAO_COMPENSADA,1801.7,CRUZ_08,1,VERMELHO,0
intenso,1,PREEMPCAO_COMPENSADA,1803.7,CRUZ_08,2,VERDE,0
intenso,1,PREEMPCAO_COMPENSADA,1804.5,CRUZ_01,2,AMARELO,0
intenso,1,PREEMPCAO_COMPENSADA,1807.1,CRUZ_06,1,AMARELO,0
intenso,1,PREEMPCAO_COMPENSADA,1807.5,CRUZ_01,2,VERMELHO,0
intenso,1,PREEMPCAO_COMPENSADA,1809.5,CRUZ_01,1,VERDE,0
intenso,1,PREEMPCAO_COMPENSADA,1810.1,CRUZ_06,1,VERMELHO,0
intenso,1,PREEMPCAO_COMPENSADA,1810.7,CRUZ_02,2,AMARELO,0
intenso,1,PREEMPCAO_COMPENSADA,1812.1,CRUZ_06,2,VERDE,0
intenso,1,PREEMPCAO_COMPENSADA,1813.7,CRUZ_02,2,VERMELHO,0
intenso,1,PREEMPCAO_COMPENSADA,1815.2,CRUZ_05,2,AMARELO,0
intenso,1,PREEMPCAO_COMPENSADA,1815.7,CRUZ_02,1,VERDE,0
intenso,1,PREEMPCAO_COMPENSADA,1818.2,CRUZ_05,2,VERMELHO,0
intenso,1,PREEMPCAO_COMPENSADA,1819.5,CRUZ_03,1,AMARELO,0
intenso,1,PREEMPCAO_COMPENSADA,1820.2,CRUZ_05,1,VERDE,0
intenso,1,PREEMPCAO_COMPENSADA,1822.5,CRUZ_03,1,VERMELHO,0
intenso,1,PREEMPCAO_COMPENSADA,1824.5,CRUZ_03,2,VERDE,0
intenso,1,PREEMPCAO_COMPENSADA,1824.9,CRUZ_07,2,AMARELO,0
intenso,1,PREEMPCAO_COMPENSADA,1827.9,CRUZ_07,2,VERMELHO,0
intenso,1,PREEMPCAO_COMPENSADA,1829.9,CRUZ_07,1,VERDE,0
intenso,1,PREEMPCAO_COMPENSADA,1833.7,CRUZ_08,2,AMARELO,0
intenso,1,PREEMPCAO_COMPENSADA,1836.7,CRUZ_08,2,VERMELHO,0
intenso,1,PREEMPCAO_COMPENSADA,1838.7,CRUZ_08,1,VERDE,0
intenso,1,PREEMPCAO_COMPENSADA,1839.0,CRUZ_04,2,AMARELO,0
intenso,1,PREEMPCAO_COMPENSADA,1839.5,CRUZ_01,1,AMARELO,0
intenso,1,PREEMPCAO_COMPENSADA,1842.0,CRUZ_04,2,VERMELHO,0
intenso,1,PREEMPCAO_COMPENSADA,1842.5,CRUZ_01,1,VERMELHO,0
intenso,1,PREEMPCAO_COMPENSADA,1844.0,CRUZ_04,1,VERDE,0
intenso,1,PREEMPCAO_COMPENSADA,1844.5,CRUZ_01,2,VERDE,0
intenso,1,PREEMPCAO_COMPENSADA,1845.7,CRUZ_02,1,AMARELO,0
intenso,1,PREEMPCAO_COMPENSADA,1848.7,CRUZ_02,1,VERMELHO,0
intenso,1,PREEMPCAO_COMPENSADA,1850.2,CRUZ_05,1,AMARELO,0
intenso,1,PREEMPCAO_COMPENSADA,1850.7,CRUZ_02,2,VERDE,0
intenso,1,PREEMPCAO_COMPENSADA,1853.2,CRUZ_05,1,VERMELHO,0
intenso,1,PREEMPCAO_COMPENSADA,1855.2,CRUZ_05,2,VERDE,0
intenso,1,PREEMPCAO_COMPENSADA,1856.6,CRUZ_06,2,AMARELO,0
intenso,1,PREEMPCAO_COMPENSADA,1859.6,CRUZ_06,2,VERMELHO,0
intenso,1,PREEMPCAO_COMPENSADA,1859.9,CRUZ_07,1,AMARELO,0
intenso,1,PREEMPCAO_COMPENSADA,1861.6,CRUZ_06,1,VERDE,0
intenso,1,PREEMPCAO_COMPENSADA,1862.9,CRUZ_07,1,VERMELHO,0
intenso,1,PREEMPCAO_COMPENSADA,1864.9,CRUZ_07,2,VERDE,0
intenso,1,PREEMPCAO_COMPENSADA,1868.4,CRUZ_03,2,AMARELO,0
intenso,1,PREEMPCAO_COMPENSADA,1871.4,CRUZ_03,2,VERMELHO,0
intenso,1,PREEMPCAO_COMPENSADA,1873.4,CRUZ_03,1,VERDE,0
intenso,1,PREEMPCAO_COMPENSADA,1874.0,CRUZ_04,1,AMARELO,0
intenso,1,PREEMPCAO_COMPENSADA,1874.5,CRUZ_01,2,AMARELO,0
intenso,1,PREEMPCAO_COMPENSADA,1874.8,CRUZ_08,1,AMARELO,0
intenso,1,PREEMPCAO_COMPENSADA,1877.0,CRUZ_04,1,VERMELHO,0
intenso,1,PREEMPCAO_COMPENSADA,1877.5,CRUZ_01,2,VERMELHO,0
intenso,1,PREEMPCAO_COMPENSADA,1877.8,CRUZ_08,1,VERMELHO,0
intenso,1,PREEMPCAO_COMPENSADA,1879.0,CRUZ_04,2,VERDE,0
intenso,1,PREEMPCAO_COMPENSADA,1879.5,CRUZ_01,1,VERDE,0
intenso,1,PREEMPCAO_COMPENSADA,1879.8,CRUZ_08,2,VERDE,0
intenso,1,PREEMPCAO_COMPENSADA,1880.7,CRUZ_02,2,AMARELO,0
intenso,1,PREEMPCAO_COMPENSADA,1883.7,CRUZ_02,2,VERMELHO,0
intenso,1,PREEMPCAO_COMPENSADA,1885.7,CRUZ_02,1,VERDE,0
intenso,1,PREEMPCAO_COMPENSADA,1889.5,CRUZ_05,2,AMARELO,0
intenso,1,PREEMPCAO_COMPENSADA,1891.6,CRUZ_06,1,AMARELO,0
intenso,1,PREEMPCAO_COMPENSADA,1892.5,CRUZ_05,2,VERMELHO,0
intenso,1,PREEMPCAO_COMPENSADA,1894.5,CRUZ_05,1,VERDE,0
intenso,1,PREEMPCAO_COMPENSADA,1894.6,CRUZ_06,1,VERMELHO,0
intenso,1,PREEMPCAO_COMPENSADA,1896.6,CRUZ_06,2,VERDE,0
intenso,1,PREEMPCAO_COMPENSADA,1902.7,CRUZ_07,2,AMARELO,0
intenso,1,PREEMPCAO_COMPENSADA,1903.4,CRUZ_03,1,AMARELO,0
intenso,1,PREEMPCAO_COMPENSADA,1905.7,CRUZ_07,2,VERMELHO,0
intenso,1,PREEMPCAO_COMPENSADA,1906.4,CRUZ_03,1,VERMELHO,0
intenso,1,PREEMPCAO_COMPENSADA,1907.7,CRUZ_07,1,VERDE,0
intenso,1,PREEMPCAO_COMPENSADA,1908.4,CRUZ_03,2,VERDE,0
intenso,1,PREEMPCAO_COMPENSADA,1909.5,CRUZ_01,1,AMARELO,0
intenso,1,PREEMPCAO_COMPENSADA,1909.8,CRUZ_08,2,AMARELO,0
intenso,1,PREEMPCAO_COMPENSADA,1912.5,CRUZ_01,1,VERMELHO,0
intenso,1,PREEMPCAO_COMPENSADA,1912.8,CRUZ_08,2,VERMELHO,0
intenso,1,PREEMPCAO_COMPENSADA,1914.5,CRUZ_01,2,VERDE,0
intenso,1,PREEMPCAO_COMPENSADA,1914.8,CRUZ_08,1,VERDE,0
intenso,1,PREEMPCAO_COMPENSADA,1915.7,CRUZ_02,1,AMARELO,0
intenso,1,PREEMPCAO_COMPENSADA,1918.7,CRUZ_02,1,VERMELHO,0
intenso,1,PREEMPCAO_COMPENSADA,1919.6,CRUZ_04,2,AMARELO,0
intenso,1,PREEMPCAO_COMPENSADA,1920.7,CRUZ_02,2,VERDE,0
intenso,1,PREEMPCAO_COMPENSADA,1922.6,CRUZ_04,2,VERMELHO,0
intenso,1,PREEMPCAO_COMPENSADA,1924.5,CRUZ_05,1,AMARELO,0
intenso,1,PREEMPCAO_COMPENSADA,1924.6,CRUZ_04,1,VERDE,0
intenso,1,PREEMPCAO_COMPENSADA,1927.5,CRUZ_05,1,VERMELHO,0
intenso,1,PREEMPCAO_COMPENSADA,1929.5,CRUZ_05,2,VERDE,0
intenso,1,PREEMPCAO_COMPENSADA,1937.7,CRUZ_07,1,AMARELO,0
intenso,1,PREEMPCAO_COMPENSADA,1938.4,CRUZ_03,2,AMARELO,0
intenso,1,PREEMPCAO_COMPENSADA,1940.7,CRUZ_07,1,VERMELHO,0
intenso,1,PREEMPCAO_COMPENSADA,1941.1,CRUZ_06,2,AMARELO,0
intenso,1,PREEMPCAO_COMPENSADA,1941.4,CRUZ_03,2,VERMELHO,0
intenso,1,PREEMPCAO_COMPENSADA,1942.7,CRUZ_07,2,VERDE,0
intenso,1,PREEMPCAO_COMPENSADA,1943.4,CRUZ_03,1,VERDE,0
intenso,1,PREEMPCAO_COMPENSADA,1944.1,CRUZ_06,2,VERMELHO,0
intenso,1,PREEMPCAO_COMPENSADA,1944.5,CRUZ_01,2,AMARELO,0
intenso,1,PREEMPCAO_COMPENSADA,1946.1,CRUZ_06,1,VERDE,0
intenso,1,PREEMPCAO_COMPENSADA,1947.5,CRUZ_01,2,VERMELHO,0
intenso,1,PREEMPCAO_COMPENSADA,1949.5,CRUZ_01,1,VERDE,0
intenso,1,PREEMPCAO_COMPENSADA,1950.7,CRUZ_02,2,AMARELO,0
intenso,1,PREEMPCAO_COMPENSADA,1950.9,CRUZ_08,1,AMARELO,0
intenso,1,PREEMPCAO_COMPENSADA,1953.7,CRUZ_02,2,VERMELHO,0
intenso,1,PREEMPCAO_COMPENSADA,1953.9,CRUZ_08,1,VERMELHO,0
intenso,1,PREEMPCAO_COMPENSADA,1954.6,CRUZ_04,1,AMARELO,0
intenso,1,PREEMPCAO_COMPENSADA,1955.7,CRUZ_02,1,VERDE,0
intenso,1,PREEMPCAO_COMPENSADA,1955.9,CRUZ_08,2,VERDE,0
intenso,1,PREEMPCAO_COMPENSADA,1957.6,CRUZ_04,1,VERMELHO,0
intenso,1,PREEMPCAO_COMPENSADA,1959.6,CRUZ_04,2,VERDE,0
intenso,1,PREEMPCAO_COMPENSADA,1963.8,CRUZ_05,2,AMARELO,0
intenso,1,PREEMPCAO_COMPENSADA,1966.8,CRUZ_05,2,VERMELHO,0
intenso,1,PREEMPCAO_COMPENSADA,1968.8,CRUZ_05,1,VERDE,0
intenso,1,PREEMPCAO_COMPENSADA,1973.4,CRUZ_03,1,AMARELO,0
intenso,1,PREEMPCAO_COMPENSADA,1976.1,CRUZ_06,1,AMARELO,0
intenso,1,PREEMPCAO_COMPENSADA,1976.4,CRUZ_03,1,VERMELHO,0
intenso,1,PREEMPCAO_COMPENSADA,1978.4,CRUZ_03,2,VERDE,0
intenso,1,PREEMPCAO_COMPENSADA,1979.1,CRUZ_06,1,VERMELHO,0
intenso,1,PREEMPCAO_COMPENSADA,1979.5,CRUZ_01,1,AMARELO,0
intenso,1,PREEMPCAO_COMPENSADA,1980.5,CRUZ_07,2,AMARELO,0
intenso,1,PREEMPCAO_COMPENSADA,1981.1,CRUZ_06,2,VERDE,0
intenso,1,PREEMPCAO_COMPENSADA,1982.5,CRUZ_01,1,VERMELHO,0
intenso,1,PREEMPCAO_COMPENSADA,1983.5,CRUZ_07,2,VERMELHO,0
intenso,1,PREEMPCAO_COMPENSADA,1984.5,CRUZ_01,2,VERDE,0
intenso,1,PREEMPCAO_COMPENSADA,1985.5,CRUZ_07,1,VERDE,0
intenso,1,PREEMPCAO_COMPENSADA,1985.7,CRUZ_02,1,AMARELO,0
intenso,1,PREEMPCAO_COMPENSADA,1985.9,CRUZ_08,2,AMARELO,0
intenso,1,PREEMPCAO_COMPENSADA,1988.7,CRUZ_02,1,VERMELHO,0
intenso,1,PREEMPCAO_COMPENSADA,1988.9,CRUZ_08,2,VERMELHO,0
intenso,1,PREEMPCAO_COMPENSADA,1989.6,CRUZ_04,2,AMARELO,0
intenso,1,PREEMPCAO_COMPENSADA,1990.7,CRUZ_02,2,VERDE,0
intenso,1,PREEMPCAO_COMPENSADA,1990.9,CRUZ_08,1,VERDE,0
intenso,1,PREEMPCAO_COMPENSADA,1992.6,CRUZ_04,2,VERMELHO,0
intenso,1,PREEMPCAO_COMPENSADA,1994.6,CRUZ_04,1,VERDE,0
intenso,1,PREEMPCAO_COMPENSADA,1998.8,CRUZ_05,1,AMARELO,0
intenso,1,PREEMPCAO_COMPENSADA,2001.8,CRUZ_05,1,VERMELHO,0
intenso,1,PREEMPCAO_COMPENSADA,2003.8,CRUZ_05,2,VERDE,0
intenso,1,PREEMPCAO_COMPENSADA,2008.4,CRUZ_03,2,AMARELO,0
intenso,1,PREEMPCAO_COMPENSADA,2011.4,CRUZ_03,2,VERMELHO,0
intenso,1,PREEMPCAO_COMPENSADA,2013.4,CRUZ_03,1,VERDE,0
intenso,1,PREEMPCAO_COMPENSADA,2014.5,CRUZ_01,2,AMARELO,0
intenso,1,PREEMPCAO_COMPENSADA,2015.5,CRUZ_07,1,AMARELO,0
intenso,1,PREEMPCAO_COMPENSADA,2017.5,CRUZ_01,2,VERMELHO,0
intenso,1,PREEMPCAO_COMPENSADA,2018.5,CRUZ_07,1,VERMELHO,0
intenso,1,PREEMPCAO_COMPENSADA,2019.5,CRUZ_01,1,VERDE,0
intenso,1,PREEMPCAO_COMPENSADA,2020.5,CRUZ_07,2,VERDE,0
intenso,1,PREEMPCAO_COMPENSADA,2020.7,CRUZ_02,2,AMARELO,0
intenso,1,PREEMPCAO_COMPENSADA,2020.9,CRUZ_08,1,AMARELO,0
intenso,1,PREEMPCAO_COMPENSADA,2023.7,CRUZ_02,2,VERMELHO,0
intenso,1,PREEMPCAO_COMPENSADA,2023.9,CRUZ_08,1,VERMELHO,0
intenso,1,PREEMPCAO_COMPENSADA,2024.6,CRUZ_04,1,AMARELO,0
intenso,1,PREEMPCAO_COMPENSADA,2025.6,CRUZ_06,2,AMARELO,0
intenso,1,PREEMPCAO_COMPENSADA,2025.7,CRUZ_02,1,VERDE,0
intenso,1,PREEMPCAO_COMPENSADA,2025.9,CRUZ_08,2,VERDE,0
intenso,1,PREEMPCAO_COMPENSADA,2027.6,CRUZ_04,1,VERMELHO,0
intenso,1,PREEMPCAO_COMPENSADA,2028.6,CRUZ_06,2,VERMELHO,0
intenso,1,PREEMPCAO_COMPENSADA,2029.6,CRUZ_04,2,VERDE,0
intenso,1,PREEMPCAO_COMPENSADA,2030.6,CRUZ_06,1,VERDE,0
intenso,1,PREEMPCAO_COMPENSADA,2038.1,CRUZ_05,2,AMARELO,0
intenso,1,PREEMPCAO_COMPENSADA,2041.1,CRUZ_05,2,VERMELHO,0
intenso,1,PREEMPCAO_COMPENSADA,2043.1,CRUZ_05,1,VERDE,0
intenso,1,PREEMPCAO_COMPENSADA,2043.4,CRUZ_03,1,AMARELO,0
intenso,1,PREEMPCAO_COMPENSADA,2046.4,CRUZ_03,1,VERMELHO,0
intenso,1,PREEMPCAO_COMPENSADA,2048.4,CRUZ_03,2,VERDE,0
intenso,1,PREEMPCAO_COMPENSADA,2049.5,CRUZ_01,1,AMARELO,0
intenso,1,PREEMPCAO_COMPENSADA,2050.5,CRUZ_07,2,AMARELO,0
intenso,1,PREEMPCAO_COMPENSADA,2052.5,CRUZ_01,1,VERMELHO,0
intenso,1,PREEMPCAO_COMPENSADA,2053.5,CRUZ_07,2,VERMELHO,0
intenso,1,PREEMPCAO_COMPENSADA,2054.5,CRUZ_01,2,VERDE,0
intenso,1,PREEMPCAO_COMPENSADA,2055.5,CRUZ_07,1,VERDE,0
intenso,1,PREEMPCAO_COMPENSADA,2055.7,CRUZ_02,1,AMARELO,0
intenso,1,PREEMPCAO_COMPENSADA,2055.9,CRUZ_08,2,AMARELO,0
intenso,1,PREEMPCAO_COMPENSADA,2058.7,CRUZ_02,1,VERMELHO,0
intenso,1,PREEMPCAO_COMPENSADA,2058.9,CRUZ_08,2,VERMELHO,0
intenso,1,PREEMPCAO_COMPENSADA,2059.6,CRUZ_04,2,AMARELO,0
intenso,1,PREEMPCAO_COMPENSADA,2060.6,CRUZ_06,1,AMARELO,0
intenso,1,PREEMPCAO_COMPENSADA,2060.7,CRUZ_02,2,VERDE,0
intenso,1,PREEMPCAO_COMPENSADA,2060.9,CRUZ_08,1,VERDE,0
intenso,1,PREEMPCAO_COMPENSADA,2062.6,CRUZ_04,2,VERMELHO,0
intenso,1,PREEMPCAO_COMPENSADA,2063.6,CRUZ_06,1,VERMELHO,0
intenso,1,PREEMPCAO_COMPENSADA,2064.6,CRUZ_04,1,VERDE,0
intenso,1,PREEMPCAO_COMPENSADA,2065.6,CRUZ_06,2,VERDE,0
intenso,1,PREEMPCAO_COMPENSADA,2073.1,CRUZ_05,1,AMARELO,0
intenso,1,PREEMPCAO_COMPENSADA,2076.1,CRUZ_05,1,VERMELHO,0
intenso,1,PREEMPCAO_COMPENSADA,2078.1,CRUZ_05,2,VERDE,0
intenso,1,PREEMPCAO_COMPENSADA,2078.4,CRUZ_03,2,AMARELO,0
intenso,1,PREEMPCAO_COMPENSADA,2081.4,CRUZ_03,2,VERMELHO,0
intenso,1,PREEMPCAO_COMPENSADA,2083.4,CRUZ_03,1,VERDE,0
intenso,1,PREEMPCAO_COMPENSADA,2084.5,CRUZ_01,2,AMARELO,0
intenso,1,PREEMPCAO_COMPENSADA,2085.5,CRUZ_07,1,AMARELO,0
intenso,1,PREEMPCAO_COMPENSADA,2087.5,CRUZ_01,2,VERMELHO,0
intenso,1,PREEMPCAO_COMPENSADA,2088.5,CRUZ_07,1,VERMELHO,0
intenso,1,PREEMPCAO_COMPENSADA,2089.5,CRUZ_01,1,VERDE,0
intenso,1,PREEMPCAO_COMPENSADA,2090.5,CRUZ_07,2,VERDE,0
intenso,1,PREEMPCAO_COMPENSADA,2090.7,CRUZ_02,2,AMARELO,0
intenso,1,PREEMPCAO_COMPENSADA,2090.9,CRUZ_08,1,AMARELO,0
intenso,1,PREEMPCAO_COMPENSADA,2093.7,CRUZ_02,2,VERMELHO,0
intenso,1,PREEMPCAO_COMPENSADA,2093.9,CRUZ_08,1,VERMELHO,0
intenso,1,PREEMPCAO_COMPENSADA,2094.6,CRUZ_04,1,AMARELO,0
intenso,1,PREEMPCAO_COMPENSADA,2095.6,CRUZ_06,2,AMARELO,0
intenso,1,PREEMPCAO_COMPENSADA,2095.7,CRUZ_02,1,VERDE,0
intenso,1,PREEMPCAO_COMPENSADA,2095.9,CRUZ_08,2,VERDE,0
intenso,1,PREEMPCAO_COMPENSADA,2097.6,CRUZ_04,1,VERMELHO,0
intenso,1,PREEMPCAO_COMPENSADA,2098.6,CRUZ_06,2,VERMELHO,0
intenso,1,PREEMPCAO_COMPENSADA,2099.6,CRUZ_04,2,VERDE,0
intenso,1,PREEMPCAO_COMPENSADA,2100.6,CRUZ_06,1,VERDE,0
intenso,1,PREEMPCAO_COMPENSADA,2108.1,CRUZ_05,2,AMARELO,0
intenso,1,PREEMPCAO_COMPENSADA,2111.1,CRUZ_05,2,VERMELHO,0
intenso,1,PREEMPCAO_COMPENSADA,2113.1,CRUZ_05,1,VERDE,0
intenso,1,PREEMPCAO_COMPENSADA,2113.4,CRUZ_03,1,AMARELO,0
intenso,1,PREEMPCAO_COMPENSADA,2116.4,CRUZ_03,1,VERMELHO,0
intenso,1,PREEMPCAO_COMPENSADA,2118.4,CRUZ_03,2,VERDE,0
intenso,1,PREEMPCAO_COMPENSADA,2120.5,CRUZ_07,2,AMARELO,0
intenso,1,PREEMPCAO_COMPENSADA,2123.5,CRUZ_07,2,VERMELHO,0
intenso,1,PREEMPCAO_COMPENSADA,2125.5,CRUZ_07,1,VERDE,0
intenso,1,PREEMPCAO_COMPENSADA,2125.7,CRUZ_02,1,AMARELO,0
intenso,1,PREEMPCAO_COMPENSADA,2125.9,CRUZ_08,2,AMARELO,0
intenso,1,PREEMPCAO_COMPENSADA,2128.7,CRUZ_02,1,VERMELHO,0
intenso,1,PREEMPCAO_COMPENSADA,2128.9,CRUZ_08,2,VERMELHO,0
intenso,1,PREEMPCAO_COMPENSADA,2129.6,CRUZ_04,2,AMARELO,0
intenso,1,PREEMPCAO_COMPENSADA,2130.3,CRUZ_01,1,AMARELO,0
intenso,1,PREEMPCAO_COMPENSADA,2130.6,CRUZ_06,1,AMARELO,0
intenso,1,PREEMPCAO_COMPENSADA,2130.7,CRUZ_02,2,VERDE,0
intenso,1,PREEMPCAO_COMPENSADA,2130.9,CRUZ_08,1,VERDE,0
intenso,1,PREEMPCAO_COMPENSADA,2132.6,CRUZ_04,2,VERMELHO,0
intenso,1,PREEMPCAO_COMPENSADA,2133.3,CRUZ_01,1,VERMELHO,0
intenso,1,PREEMPCAO_COMPENSADA,2133.6,CRUZ_06,1,VERMELHO,0
intenso,1,PREEMPCAO_COMPENSADA,2134.6,CRUZ_04,1,VERDE,0
intenso,1,PREEMPCAO_COMPENSADA,2135.3,CRUZ_01,2,VERDE,0
intenso,1,PREEMPCAO_COMPENSADA,2135.6,CRUZ_06,2,VERDE,0
intenso,1,PREEMPCAO_COMPENSADA,2142.3,CRUZ_02,2,AMARELO,1
intenso,1,PREEMPCAO_COMPENSADA,2143.1,CRUZ_05,1,AMARELO,0
intenso,1,PREEMPCAO_COMPENSADA,2145.3,CRUZ_02,2,VERMELHO,1
intenso,1,PREEMPCAO_COMPENSADA,2146.1,CRUZ_05,1,VERMELHO,0
intenso,1,PREEMPCAO_COMPENSADA,2147.3,CRUZ_02,1,VERDE,1
intenso,1,PREEMPCAO_COMPENSADA,2148.1,CRUZ_05,2,VERDE,0
intenso,1,PREEMPCAO_COMPENSADA,2148.4,CRUZ_03,2,AMARELO,0
intenso,1,PREEMPCAO_COMPENSADA,2151.4,CRUZ_03,2,VERMELHO,0
intenso,1,PREEMPCAO_COMPENSADA,2153.4,CRUZ_03,1,VERDE,0
intenso,1,PREEMPCAO_COMPENSADA,2155.5,CRUZ_07,1,AMARELO,0
intenso,1,PREEMPCAO_COMPENSADA,2158.5,CRUZ_07,1,VERMELHO,0
intenso,1,PREEMPCAO_COMPENSADA,2160.5,CRUZ_07,2,VERDE,0
intenso,1,PREEMPCAO_COMPENSADA,2160.9,CRUZ_08,1,AMARELO,0
intenso,1,PREEMPCAO_COMPENSADA,2163.9,CRUZ_08,1,VERMELHO,0
intenso,1,PREEMPCAO_COMPENSADA,2164.6,CRUZ_04,1,AMARELO,0
intenso,1,PREEMPCAO_COMPENSADA,2165.6,CRUZ_06,2,AMARELO,0
intenso,1,PREEMPCAO_COMPENSADA,2165.9,CRUZ_08,2,VERDE,0
intenso,1,PREEMPCAO_COMPENSADA,2167.6,CRUZ_04,1,VERMELHO,0
intenso,1,PREEMPCAO_COMPENSADA,2168.6,CRUZ_06,2,VERMELHO,0
intenso,1,PREEMPCAO_COMPENSADA,2169.6,CRUZ_04,2,VERDE,0
intenso,1,PREEMPCAO_COMPENSADA,2170.0,CRUZ_01,2,AMARELO,0
intenso,1,PREEMPCAO_COMPENSADA,2170.6,CRUZ_06,1,VERDE,0
intenso,1,PREEMPCAO_COMPENSADA,2173.0,CRUZ_01,2,VERMELHO,0
intenso,1,PREEMPCAO_COMPENSADA,2175.0,CRUZ_01,1,VERDE,0
intenso,1,PREEMPCAO_COMPENSADA,2177.3,CRUZ_02,1,AMARELO,0
intenso,1,PREEMPCAO_COMPENSADA,2178.1,CRUZ_05,2,AMARELO,0
intenso,1,PREEMPCAO_COMPENSADA,2180.3,CRUZ_02,1,VERMELHO,0
intenso,1,PREEMPCAO_COMPENSADA,2181.1,CRUZ_05,2,VERMELHO,0
intenso,1,PREEMPCAO_COMPENSADA,2182.3,CRUZ_02,2,VERDE,0
intenso,1,PREEMPCAO_COMPENSADA,2183.1,CRUZ_05,1,VERDE,0
intenso,1,PREEMPCAO_COMPENSADA,2183.4,CRUZ_03,1,AMARELO,0
intenso,1,PREEMPCAO_COMPENSADA,2186.4,CRUZ_03,1,VERMELHO,0
intenso,1,PREEMPCAO_COMPENSADA,2188.4,CRUZ_03,2,VERDE,0
intenso,1,PREEMPCAO_COMPENSADA,2190.5,CRUZ_07,2,AMARELO,0
intenso,1,PREEMPCAO_COMPENSADA,2193.5,CRUZ_07,2,VERMELHO,0
intenso,1,PREEMPCAO_COMPENSADA,2195.5,CRUZ_07,1,VERDE,0
intenso,1,PREEMPCAO_COMPENSADA,2195.9,CRUZ_08,2,AMARELO,0
intenso,1,PREEMPCAO_COMPENSADA,2196.7,CRUZ_03,2,AMARELO,1
intenso,1,PREEMPCAO_COMPENSADA,2198.9,CRUZ_08,2,VERMELHO,0
intenso,1,PREEMPCAO_COMPENSADA,2199.6,CRUZ_04,2,AMARELO,0
intenso,1,PREEMPCAO_COMPENSADA,2199.7,CRUZ_03,2,VERMELHO,1
intenso,1,PREEMPCAO_COMPENSADA,2200.6,CRUZ_06,1,AMARELO,0
intenso,1,PREEMPCAO_COMPENSADA,2200.9,CRUZ_08,1,VERDE,0
intenso,1,PREEMPCAO_COMPENSADA,2201.7,CRUZ_03,1,VERDE,1
intenso,1,PREEMPCAO_COMPENSADA,2202.6,CRUZ_04,2,VERMELHO,0
intenso,1,PREEMPCAO_COMPENSADA,2203.6,CRUZ_06,1,VERMELHO,0
intenso,1,PREEMPCAO_COMPENSADA,2204.6,CRUZ_04,1,VERDE,0
intenso,1,PREEMPCAO_COMPENSADA,2205.0,CRUZ_01,1,AMARELO,0
intenso,1,PREEMPCAO_COMPENSADA,2205.6,CRUZ_06,2,VERDE,0
intenso,1,PREEMPCAO_COMPENSADA,2208.0,CRUZ_01,1,VERMELHO,0
intenso,1,PREEMPCAO_COMPENSADA,2210.0,CRUZ_01,2,VERDE,0
intenso,1,PREEMPCAO_COMPENSADA,2213.1,CRUZ_05,1,AMARELO,0
intenso,1,PREEMPCAO_COMPENSADA,2216.1,CRUZ_05,1,VERMELHO,0
intenso,1,PREEMPCAO_COMPENSADA,2218.1,CRUZ_05,2,VERDE,0
intenso,1,PREEMPCAO_COMPENSADA,2225.5,CRUZ_07,1,AMARELO,0
intenso,1,PREEMPCAO_COMPENSADA,2226.5,CRUZ_02,2,AMARELO,0
intenso,1,PREEMPCAO_COMPENSADA,2228.5,CRUZ_07,1,VERMELHO,0
intenso,1,PREEMPCAO_COMPENSADA,2229.5,CRUZ_02,2,VERMELHO,0
intenso,1,PREEMPCAO_COMPENSADA,2230.5,CRUZ_07,2,VERDE,0
intenso,1,PREEMPCAO_COMPENSADA,2230.9,CRUZ_08,1,AMARELO,0
intenso,1,PREEMPCAO_COMPENSADA,2231.5,CRUZ_02,1,VERDE,0
intenso,1,PREEMPCAO_COMPENSADA,2231.7,CRUZ_03,1,AMARELO,0
intenso,1,PREEMPCAO_COMPENSADA,2233.9,CRUZ_08,1,VERMELHO,0
intenso,1,PREEMPCAO_COMPENSADA,2234.6,CRUZ_04,1,AMARELO,0
intenso,1,PREEMPCAO_COMPENSADA,2234.7,CRUZ_03,1,VERMELHO,0
intenso,1,PREEMPCAO_COMPENSADA,2235.6,CRUZ_06,2,AMARELO,0
intenso,1,PREEMPCAO_COMPENSADA,2235.9,CRUZ_08,2,VERDE,0
intenso,1,PREEMPCAO_COMPENSADA,2236.7,CRUZ_03,2,VERDE,0
intenso,1,PREEMPCAO_COMPENSADA,2237.6,CRUZ_04,1,VERMELHO,0
intenso,1,PREEMPCAO_COMPENSADA,2238.6,CRUZ_06,2,VERMELHO,0
intenso,1,PREEMPCAO_COMPENSADA,2239.6,CRUZ_04,2,VERDE,0
intenso,1,PREEMPCAO_COMPENSADA,2240.6,CRUZ_06,1,VERDE,0
intenso,1,PREEMPCAO_COMPENSADA,2244.7,CRUZ_01,2,AMARELO,0
intenso,1,PREEMPCAO_COMPENSADA,2247.7,CRUZ_01,2,VERMELHO,0
intenso,1,PREEMPCAO_COMPENSADA,2248.1,CRUZ_05,2,AMARELO,0
intenso,1,PREEMPCAO_COMPENSADA,2249.7,CRUZ_01,1,VERDE,0
intenso,1,PREEMPCAO_COMPENSADA,2250.5,CRUZ_04,2,AMARELO,1
intenso,1,PREEMPCAO_COMPENSADA,2251.1,CRUZ_05,2,VERMELHO,0
intenso,1,PREEMPCAO_COMPENSADA,2253.1,CRUZ_05,1,VERDE,0
intenso,1,PREEMPCAO_COMPENSADA,2253.5,CRUZ_04,2,VERMELHO,1
intenso,1,PREEMPCAO_COMPENSADA,2255.5,CRUZ_04,1,VERDE,1
intenso,1,PREEMPCAO_COMPENSADA,2260.5,CRUZ_07,2,AMARELO,0
intenso,1,PREEMPCAO_COMPENSADA,2261.5,CRUZ_02,1,AMARELO,0
intenso,1,PREEMPCAO_COMPENSADA,2263.5,CRUZ_07,2,VERMELHO,0
intenso,1,PREEMPCAO_COMPENSADA,2264.5,CRUZ_02,1,VERMELHO,0
intenso,1,PREEMPCAO_COMPENSADA,2265.5,CRUZ_07,1,VERDE,0
intenso,1,PREEMPCAO_COMPENSADA,2265.9,CRUZ_08,2,AMARELO,0
intenso,1,PREEMPCAO_COMPENSADA,2266.5,CRUZ_02,2,VERDE,0
intenso,1,PREEMPCAO_COMPENSADA,2268.9,CRUZ_08,2,VERMELHO,0
intenso,1,PREEMPCAO_COMPENSADA,2270.6,CRUZ_06,1,AMARELO,0
intenso,1,PREEMPCAO_COMPENSADA,2270.9,CRUZ_08,1,VERDE,0
intenso,1,PREEMPCAO_COMPENSADA,2273.6,CRUZ_06,1,VERMELHO,0
intenso,1,PREEMPCAO_COMPENSADA,2275.6,CRUZ_06,2,VERDE,0
intenso,1,PREEMPCAO_COMPENSADA,2278.9,CRUZ_03,2,AMARELO,0
intenso,1,PREEMPCAO_COMPENSADA,2279.7,CRUZ_01,1,AMARELO,0
intenso,1,PREEMPCAO_COMPENSADA,2281.9,CRUZ_03,2,VERMELHO,0
intenso,1,PREEMPCAO_COMPENSADA,2282.7,CRUZ_01,1,VERMELHO,0
intenso,1,PREEMPCAO_COMPENSADA,2283.1,CRUZ_05,1,AMARELO,0
intenso,1,PREEMPCAO_COMPENSADA,2283.9,CRUZ_03,1,VERDE,0
intenso,1,PREEMPCAO_COMPENSADA,2284.7,CRUZ_01,2,VERDE,0
intenso,1,PREEMPCAO_COMPENSADA,2285.5,CRUZ_04,1,AMARELO,0
intenso,1,PREEMPCAO_COMPENSADA,2286.1,CRUZ_05,1,VERMELHO,0
intenso,1,PREEMPCAO_COMPENSADA,2288.1,CRUZ_05,2,VERDE,0
intenso,1,PREEMPCAO_COMPENSADA,2288.5,CRUZ_04,1,VERMELHO,0
intenso,1,PREEMPCAO_COMPENSADA,2290.5,CRUZ_04,2,VERDE,0
intenso,1,PREEMPCAO_COMPENSADA,2295.5,CRUZ_07,1,AMARELO,0
intenso,1,PREEMPCAO_COMPENSADA,2298.1,CRUZ_08,1,AMARELO,1
intenso,1,PREEMPCAO_COMPENSADA,2298.5,CRUZ_07,1,VERMELHO,0
intenso,1,PREEMPCAO_COMPENSADA,2300.5,CRUZ_07,2,VERDE,0
intenso,1,PREEMPCAO_COMPENSADA,2301.1,CRUZ_08,1,VERMELHO,1
intenso,1,PREEMPCAO_COMPENSADA,2303.1,CRUZ_08,2,VERDE,1
intenso,1,PREEMPCAO_COMPENSADA,2305.6,CRUZ_06,2,AMARELO,0
intenso,1,PREEMPCAO_COMPENSADA,2308.6,CRUZ_06,2,VERMELHO,0
intenso,1,PREEMPCAO_COMPENSADA,2310.6,CRUZ_06,1,VERDE,0
intenso,1,PREEMPCAO_COMPENSADA,2310.7,CRUZ_02,2,AMARELO,0
intenso,1,PREEMPCAO_COMPENSADA,2313.7,CRUZ_02,2,VERMELHO,0
intenso,1,PREEMPCAO_COMPENSADA,2313.9,CRUZ_03,1,AMARELO,0
intenso,1,PREEMPCAO_COMPENSADA,2315.7,CRUZ_02,1,VERDE,0
intenso,1,PREEMPCAO_COMPENSADA,2316.9,CRUZ_03,1,VERMELHO,0
intenso,1,PREEMPCAO_COMPENSADA,2318.1,CRUZ_05,2,AMARELO,0
intenso,1,PREEMPCAO_COMPENSADA,2318.9,CRUZ_03,2,VERDE,0
intenso,1,PREEMPCAO_COMPENSADA,2319.4,CRUZ_01,2,AMARELO,0
intenso,1,PREEMPCAO_COMPENSADA,2320.9,CRUZ_07,2,AMARELO,1
intenso,1,PREEMPCAO_COMPENSADA,2321.1,CRUZ_05,2,VERMELHO,0
intenso,1,PREEMPCAO_COMPENSADA,2322.4,CRUZ_01,2,VERMELHO,0
intenso,1,PREEMPCAO_COMPENSADA,2323.1,CRUZ_05,1,VERDE,0
intenso,1,PREEMPCAO_COMPENSADA,2323.9,CRUZ_07,2,VERMELHO,1
intenso,1,PREEMPCAO_COMPENSADA,2324.4,CRUZ_01,1,VERDE,0
intenso,1,PREEMPCAO_COMPENSADA,2325.9,CRUZ_07,1,VERDE,1
intenso,1,PREEMPCAO_COMPENSADA,2333.1,CRUZ_08,2,AMARELO,0
intenso,1,PREEMPCAO_COMPENSADA,2333.3,CRUZ_04,2,AMARELO,0
intenso,1,PREEMPCAO_COMPENSADA,2336.1,CRUZ_08,2,VERMELHO,0
intenso,1,PREEMPCAO_COMPENSADA,2336.3,CRUZ_04,2,VERMELHO,0
intenso,1,PREEMPCAO_COMPENSADA,2338.1,CRUZ_08,1,VERDE,0
intenso,1,PREEMPCAO_COMPENSADA,2338.3,CRUZ_04,1,VERDE,0
intenso,1,PREEMPCAO_COMPENSADA,2340.6,CRUZ_06,1,AMARELO,0
intenso,1,PREEMPCAO_COMPENSADA,2343.6,CRUZ_06,1,VERMELHO,0
intenso,1,PREEMPCAO_COMPENSADA,2345.6,CRUZ_06,2,VERDE,0
intenso,1,PREEMPCAO_COMPENSADA,2345.7,CRUZ_02,1,AMARELO,0
intenso,1,PREEMPCAO_COMPENSADA,2348.7,CRUZ_02,1,VERMELHO,0
intenso,1,PREEMPCAO_COMPENSADA,2350.7,CRUZ_02,2,VERDE,0
intenso,1,PREEMPCAO_COMPENSADA,2353.1,CRUZ_05,1,AMARELO,0
intenso,1,PREEMPCAO_COMPENSADA,2354.4,CRUZ_01,1,AMARELO,0
intenso,1,PREEMPCAO_COMPENSADA,2355.9,CRUZ_07,1,AMARELO,0
intenso,1,PREEMPCAO_COMPENSADA,2356.1,CRUZ_05,1,VERMELHO,0
intenso,1,PREEMPCAO_COMPENSADA,2357.4,CRUZ_01,1,VERMELHO,0
intenso,1,PREEMPCAO_COMPENSADA,2358.1,CRUZ_05,2,VERDE,0
intenso,1,PREEMPCAO_COMPENSADA,2358.9,CRUZ_07,1,VERMELHO,0
intenso,1,PREEMPCAO_COMPENSADA,2359.4,CRUZ_01,2,VERDE,0
intenso,1,PREEMPCAO_COMPENSADA,2360.9,CRUZ_07,2,VERDE,0
intenso,1,PREEMPCAO_COMPENSADA,2361.1,CRUZ_03,2,AMARELO,0
intenso,1,PREEMPCAO_COMPENSADA,2364.1,CRUZ_03,2,VERMELHO,0
intenso,1,PREEMPCAO_COMPENSADA,2366.1,CRUZ_03,1,VERDE,0
intenso,1,PREEMPCAO_COMPENSADA,2368.3,CRUZ_04,1,AMARELO,0
intenso,1,PREEMPCAO_COMPENSADA,2371.3,CRUZ_04,1,VERMELHO,0
intenso,1,PREEMPCAO_COMPENSADA,2373.3,CRUZ_04,2,VERDE,0
intenso,1,PREEMPCAO_COMPENSADA,2374.8,CRUZ_06,2,AMARELO,1
intenso,1,PREEMPCAO_COMPENSADA,2376.1,CRUZ_08,1,AMARELO,0
intenso,1,PREEMPCAO_COMPENSADA,2377.8,CRUZ_06,2,VERMELHO,1
intenso,1,PREEMPCAO_COMPENSADA,2379.1,CRUZ_08,1,VERMELHO,0
intenso,1,PREEMPCAO_COMPENSADA,2379.8,CRUZ_06,1,VERDE,1
intenso,1,PREEMPCAO_COMPENSADA,2381.1,CRUZ_08,2,VERDE,0
intenso,1,PREEMPCAO_COMPENSADA,2388.1,CRUZ_05,2,AMARELO,0
intenso,1,PREEMPCAO_COMPENSADA,2389.4,CRUZ_01,2,AMARELO,0
intenso,1,PREEMPCAO_COMPENSADA,2391.1,CRUZ_05,2,VERMELHO,0
intenso,1,PREEMPCAO_COMPENSADA,2392.4,CRUZ_01,2,VERMELHO,0
intenso,1,PREEMPCAO_COMPENSADA,2393.1,CRUZ_05,1,VERDE,0
intenso,1,PREEMPCAO_COMPENSADA,2394.4,CRUZ_01,1,VERDE,0
intenso,1,PREEMPCAO_COMPENSADA,2394.9,CRUZ_02,2,AMARELO,0
intenso,1,PREEMPCAO_COMPENSADA,2396.1,CRUZ_03,1,AMARELO,0
intenso,1,PREEMPCAO_COMPENSADA,2397.9,CRUZ_02,2,VERMELHO,0
intenso,1,PREEMPCAO_COMPENSADA,2399.1,CRUZ_03,1,VERMELHO,0
intenso,1,PREEMPCAO_COMPENSADA,2399.9,CRUZ_02,1,VERDE,0
intenso,1,PREEMPCAO_COMPENSADA,2401.1,CRUZ_03,2,VERDE,0
intenso,1,PREEMPCAO_COMPENSADA,2405.8,CRUZ_07,2,AMARELO,0
intenso,1,PREEMPCAO_COMPENSADA,2408.8,CRUZ_07,2,VERMELHO,0
intenso,1,PREEMPCAO_COMPENSADA,2409.8,CRUZ_06,1,AMARELO,0
intenso,1,PREEMPCAO_COMPENSADA,2410.8,CRUZ_07,1,VERDE,0
intenso,1,PREEMPCAO_COMPENSADA,2411.1,CRUZ_08,2,AMARELO,0
intenso,1,PREEMPCAO_COMPENSADA,2412.8,CRUZ_06,1,VERMELHO,0
intenso,1,PREEMPCAO_COMPENSADA,2414.1,CRUZ_08,2,VERMELHO,0
intenso,1,PREEMPCAO_COMPENSADA,2414.8,CRUZ_06,2,VERDE,0
intenso,1,PREEMPCAO_COMPENSADA,2416.1,CRUZ_04,2,AMARELO,0
intenso,1,PREEMPCAO_COMPENSADA,2416.1,CRUZ_08,1,VERDE,0
intenso,1,PREEMPCAO_COMPENSADA,2419.1,CRUZ_04,2,VERMELHO,0
intenso,1,PREEMPCAO_COMPENSADA,2421.1,CRUZ_04,1,VERDE,0
intenso,1,PREEMPCAO_COMPENSADA,2423.1,CRUZ_05,1,AMARELO,0
intenso,1,PREEMPCAO_COMPENSADA,2424.4,CRUZ_01,1,AMARELO,0
intenso,1,PREEMPCAO_COMPENSADA,2426.1,CRUZ_05,1,VERMELHO,0
intenso,1,PREEMPCAO_COMPENSADA,2427.4,CRUZ_01,1,VERMELHO,0
intenso,1,PREEMPCAO_COMPENSADA,2428.1,CRUZ_05,2,VERDE,0
intenso,1,PREEMPCAO_COMPENSADA,2429.4,CRUZ_01,2,VERDE,0
intenso,1,PREEMPCAO_COMPENSADA,2429.9,CRUZ_02,1,AMARELO,0
intenso,1,PREEMPCAO_COMPENSADA,2432.9,CRUZ_02,1,VERMELHO,0
intenso,1,PREEMPCAO_COMPENSADA,2434.9,CRUZ_02,2,VERDE,0
intenso,1,PREEMPCAO_COMPENSADA,2435.1,CRUZ_05,2,AMARELO,1
intenso,1,PREEMPCAO_COMPENSADA,2438.1,CRUZ_05,2,VERMELHO,1
intenso,1,PREEMPCAO_COMPENSADA,2440.1,CRUZ_05,1,VERDE,1
intenso,1,PREEMPCAO_COMPENSADA,2440.8,CRUZ_07,1,AMARELO,0
intenso,1,PREEMPCAO_COMPENSADA,2443.3,CRUZ_03,2,AMARELO,0
intenso,1,PREEMPCAO_COMPENSADA,2443.8,CRUZ_07,1,VERMELHO,0
intenso,1,PREEMPCAO_COMPENSADA,2445.8,CRUZ_07,2,VERDE,0
intenso,1,PREEMPCAO_COMPENSADA,2446.3,CRUZ_03,2,VERMELHO,0
intenso,1,PREEMPCAO_COMPENSADA,2448.3,CRUZ_03,1,VERDE,0
intenso,1,PREEMPCAO_COMPENSADA,2451.1,CRUZ_04,1,AMARELO,0
intenso,1,PREEMPCAO_COMPENSADA,2454.1,CRUZ_04,1,VERMELHO,0
intenso,1,PREEMPCAO_COMPENSADA,2454.1,CRUZ_08,1,AMARELO,0
intenso,1,PREEMPCAO_COMPENSADA,2456.1,CRUZ_04,2,VERDE,0
intenso,1,PREEMPCAO_COMPENSADA,2457.1,CRUZ_08,1,VERMELHO,0
intenso,1,PREEMPCAO_COMPENSADA,2459.1,CRUZ_08,2,VERDE,0
intenso,1,PREEMPCAO_COMPENSADA,2459.4,CRUZ_01,2,AMARELO,0
intenso,1,PREEMPCAO_COMPENSADA,2459.8,CRUZ_06,2,AMARELO,0
intenso,1,PREEMPCAO_COMPENSADA,2462.4,CRUZ_01,2,VERMELHO,0
intenso,1,PREEMPCAO_COMPENSADA,2462.8,CRUZ_06,2,VERMELHO,0
intenso,1,PREEMPCAO_COMPENSADA,2464.4,CRUZ_01,1,VERDE,0
intenso,1,PREEMPCAO_COMPENSADA,2464.8,CRUZ_06,1,VERDE,0
intenso,1,PREEMPCAO_COMPENSADA,2464.9,CRUZ_02,2,AMARELO,0
intenso,1,PREEMPCAO_COMPENSADA,2467.9,CRUZ_02,2,VERMELHO,0
intenso,1,PREEMPCAO_COMPENSADA,2469.9,CRUZ_02,1,VERDE,0
intenso,1,PREEMPCAO_COMPENSADA,2470.1,CRUZ_05,1,AMARELO,0
intenso,1,PREEMPCAO_COMPENSADA,2473.1,CRUZ_05,1,VERMELHO,0
intenso,1,PREEMPCAO_COMPENSADA,2475.1,CRUZ_05,2,VERDE,0
intenso,1,PREEMPCAO_COMPENSADA,2478.3,CRUZ_03,1,AMARELO,0
intenso,1,PREEMPCAO_COMPENSADA,2481.3,CRUZ_03,1,VERMELHO,0
intenso,1,PREEMPCAO_COMPENSADA,2483.3,CRUZ_03,2,VERDE,0
intenso,1,PREEMPCAO_COMPENSADA,2489.1,CRUZ_08,2,AMARELO,0
intenso,1,PREEMPCAO_COMPENSADA,2490.7,CRUZ_07,2,AMARELO,0
intenso,1,PREEMPCAO_COMPENSADA,2492.1,CRUZ_08,2,VERMELHO,0
intenso,1,PREEMPCAO_COMPENSADA,2493.7,CRUZ_07,2,VERMELHO,0
intenso,1,PREEMPCAO_COMPENSADA,2494.1,CRUZ_08,1,VERDE,0
intenso,1,PREEMPCAO_COMPENSADA,2494.4,CRUZ_01,1,AMARELO,0
intenso,1,PREEMPCAO_COMPENSADA,2494.8,CRUZ_06,1,AMARELO,0
intenso,1,PREEMPCAO_COMPENSADA,2495.7,CRUZ_07,1,VERDE,0
intenso,1,PREEMPCAO_COMPENSADA,2497.4,CRUZ_01,1,VERMELHO,0
intenso,1,PREEMPCAO_COMPENSADA,2497.8,CRUZ_06,1,VERMELHO,0
intenso,1,PREEMPCAO_COMPENSADA,2498.9,CRUZ_04,2,AMARELO,0
intenso,1,PREEMPCAO_COMPENSADA,2499.4,CRUZ_01,2,VERDE,0
intenso,1,PREEMPCAO_COMPENSADA,2499.8,CRUZ_06,2,VERDE,0
intenso,1,PREEMPCAO_COMPENSADA,2499.9,CRUZ_02,1,AMARELO,0
intenso,1,PREEMPCAO_COMPENSADA,2501.9,CRUZ_04,2,VERMELHO,0
intenso,1,PREEMPCAO_COMPENSADA,2502.9,CRUZ_02,1,VERMELHO,0
intenso,1,PREEMPCAO_COMPENSADA,2503.9,CRUZ_04,1,VERDE,0
intenso,1,PREEMPCAO_COMPENSADA,2504.9,CRUZ_02,2,VERDE,0
intenso,1,PREEMPCAO_COMPENSADA,2513.3,CRUZ_03,2,AMARELO,0
intenso,1,PREEMPCAO_COMPENSADA,2516.3,CRUZ_03,2,VERMELHO,0
intenso,1,PREEMPCAO_COMPENSADA,2518.3,CRUZ_03,1,VERDE,0
intenso,1,PREEMPCAO_COMPENSADA,2519.7,CRUZ_05,2,AMARELO,0
intenso,1,PREEMPCAO_COMPENSADA,2522.7,CRUZ_05,2,VERMELHO,0
intenso,1,PREEMPCAO_COMPENSADA,2524.7,CRUZ_05,1,VERDE,0
intenso,1,PREEMPCAO_COMPENSADA,2525.7,CRUZ_07,1,AMARELO,0
intenso,1,PREEMPCAO_COMPENSADA,2528.7,CRUZ_07,1,VERMELHO,0
intenso,1,PREEMPCAO_COMPENSADA,2529.4,CRUZ_01,2,AMARELO,0
intenso,1,PREEMPCAO_COMPENSADA,2530.7,CRUZ_07,2,VERDE,0
intenso,1,PREEMPCAO_COMPENSADA,2532.1,CRUZ_08,1,AMARELO,0
intenso,1,PREEMPCAO_COMPENSADA,2532.4,CRUZ_01,2,VERMELHO,0
intenso,1,PREEMPCAO_COMPENSADA,2533.9,CRUZ_04,1,AMARELO,0
intenso,1,PREEMPCAO_COMPENSADA,2534.4,CRUZ_01,1,VERDE,0
intenso,1,PREEMPCAO_COMPENSADA,2534.9,CRUZ_02,2,AMARELO,0
intenso,1,PREEMPCAO_COMPENSADA,2535.1,CRUZ_08,1,VERMELHO,0
intenso,1,PREEMPCAO_COMPENSADA,2536.9,CRUZ_04,1,VERMELHO,0
intenso,1,PREEMPCAO_COMPENSADA,2537.1,CRUZ_08,2,VERDE,0
intenso,1,PREEMPCAO_COMPENSADA,2537.9,CRUZ_02,2,VERMELHO,0
intenso,1,PREEMPCAO_COMPENSADA,2538.9,CRUZ_04,2,VERDE,0
intenso,1,PREEMPCAO_COMPENSADA,2539.9,CRUZ_02,1,VERDE,0
intenso,1,PREEMPCAO_COMPENSADA,2544.8,CRUZ_06,2,AMARELO,0
intenso,1,PREEMPCAO_COMPENSADA,2547.8,CRUZ_06,2,VERMELHO,0
intenso,1,PREEMPCAO_COMPENSADA,2548.3,CRUZ_03,1,AMARELO,0
intenso,1,PREEMPCAO_COMPENSADA,2549.8,CRUZ_06,1,VERDE,0
intenso,1,PREEMPCAO_COMPENSADA,2551.3,CRUZ_03,1,VERMELHO,0
intenso,1,PREEMPCAO_COMPENSADA,2553.3,CRUZ_03,2,VERDE,0
intenso,1,PREEMPCAO_COMPENSADA,2554.7,CRUZ_05,1,AMARELO,0
intenso,1,PREEMPCAO_COMPENSADA,2557.7,CRUZ_05,1,VERMELHO,0
intenso,1,PREEMPCAO_COMPENSADA,2559.7,CRUZ_05,2,VERDE,0
intenso,1,PREEMPCAO_COMPENSADA,2564.4,CRUZ_01,1,AMARELO,0
intenso,1,PREEMPCAO_COMPENSADA,2567.1,CRUZ_08,2,AMARELO,0
intenso,1,PREEMPCAO_COMPENSADA,2567.4,CRUZ_01,1,VERMELHO,0
intenso,1,PREEMPCAO_COMPENSADA,2568.9,CRUZ_04,2,AMARELO,0
intenso,1,PREEMPCAO_COMPENSADA,2569.4,CRUZ_01,2,VERDE,0
intenso,1,PREEMPCAO_COMPENSADA,2569.9,CRUZ_02,1,AMARELO,0
intenso,1,PREEMPCAO_COMPENSADA,2570.1,CRUZ_08,2,VERMELHO,0
intenso,1,PREEMPCAO_COMPENSADA,2571.9,CRUZ_04,2,VERMELHO,0
intenso,1,PREEMPCAO_COMPENSADA,2572.1,CRUZ_08,1,VERDE,0
intenso,1,PREEMPCAO_COMPENSADA,2572.9,CRUZ_02,1,VERMELHO,0
intenso,1,PREEMPCAO_COMPENSADA,2573.9,CRUZ_04,1,VERDE,0
intenso,1,PREEMPCAO_COMPENSADA,2574.9,CRUZ_02,2,VERDE,0
intenso,1,PREEMPCAO_COMPENSADA,2575.6,CRUZ_07,2,AMARELO,0
intenso,1,PREEMPCAO_COMPENSADA,2578.6,CRUZ_07,2,VERMELHO,0
intenso,1,PREEMPCAO_COMPENSADA,2579.8,CRUZ_06,1,AMARELO,0
intenso,1,PREEMPCAO_COMPENSADA,2580.6,CRUZ_07,1,VERDE,0
intenso,1,PREEMPCAO_COMPENSADA,2582.8,CRUZ_06,1,VERMELHO,0
intenso,1,PREEMPCAO_COMPENSADA,2583.3,CRUZ_03,2,AMARELO,0
intenso,1,PREEMPCAO_COMPENSADA,2584.8,CRUZ_06,2,VERDE,0
intenso,1,PREEMPCAO_COMPENSADA,2586.3,CRUZ_03,2,VERMELHO,0
intenso,1,PREEMPCAO_COMPENSADA,2588.3,CRUZ_03,1,VERDE,0
intenso,1,PREEMPCAO_COMPENSADA,2599.4,CRUZ_01,2,AMARELO,0
intenso,1,PREEMPCAO_COMPENSADA,2602.1,CRUZ_08,1,AMARELO,0
intenso,1,PREEMPCAO_COMPENSADA,2602.4,CRUZ_01,2,VERMELHO,0
intenso,1,PREEMPCAO_COMPENSADA,2603.9,CRUZ_04,1,AMARELO,0
intenso,1,PREEMPCAO_COMPENSADA,2604.3,CRUZ_05,2,AMARELO,0
intenso,1,PREEMPCAO_COMPENSADA,2604.4,CRUZ_01,1,VERDE,0
intenso,1,PREEMPCAO_COMPENSADA,2604.9,CRUZ_02,2,AMARELO,0
intenso,1,PREEMPCAO_COMPENSADA,2605.1,CRUZ_08,1,VERMELHO,0
intenso,1,PREEMPCAO_COMPENSADA,2606.9,CRUZ_04,1,VERMELHO,0
intenso,1,PREEMPCAO_COMPENSADA,2607.1,CRUZ_08,2,VERDE,0
intenso,1,PREEMPCAO_COMPENSADA,2607.3,CRUZ_05,2,VERMELHO,0
intenso,1,PREEMPCAO_COMPENSADA,2607.9,CRUZ_02,2,VERMELHO,0
intenso,1,PREEMPCAO_COMPENSADA,2608.9,CRUZ_04,2,VERDE,0
intenso,1,PREEMPCAO_COMPENSADA,2609.3,CRUZ_05,1,VERDE,0
intenso,1,PREEMPCAO_COMPENSADA,2609.9,CRUZ_02,1,VERDE,0
intenso,1,PREEMPCAO_COMPENSADA,2610.6,CRUZ_07,1,AMARELO,0
intenso,1,PREEMPCAO_COMPENSADA,2613.6,CRUZ_07,1,VERMELHO,0
intenso,1,PREEMPCAO_COMPENSADA,2615.6,CRUZ_07,2,VERDE,0
intenso,1,PREEMPCAO_COMPENSADA,2618.3,CRUZ_03,1,AMARELO,0
intenso,1,PREEMPCAO_COMPENSADA,2621.3,CRUZ_03,1,VERMELHO,0
intenso,1,PREEMPCAO_COMPENSADA,2623.3,CRUZ_03,2,VERDE,0
intenso,1,PREEMPCAO_COMPENSADA,2629.8,CRUZ_06,2,AMARELO,0
intenso,1,PREEMPCAO_COMPENSADA,2632.8,CRUZ_06,2,VERMELHO,0
intenso,1,PREEMPCAO_COMPENSADA,2634.4,CRUZ_01,1,AMARELO,0
intenso,1,PREEMPCAO_COMPENSADA,2634.8,CRUZ_06,1,VERDE,0
intenso,1,PREEMPCAO_COMPENSADA,2637.1,CRUZ_08,2,AMARELO,0
intenso,1,PREEMPCAO_COMPENSADA,2637.4,CRUZ_01,1,VERMELHO,0
intenso,1,PREEMPCAO_COMPENSADA,2638.9,CRUZ_04,2,AMARELO,0
intenso,1,PREEMPCAO_COMPENSADA,2639.3,CRUZ_05,1,AMARELO,0
intenso,1,PREEMPCAO_COMPENSADA,2639.4,CRUZ_01,2,VERDE,0
intenso,1,PREEMPCAO_COMPENSADA,2639.9,CRUZ_02,1,AMARELO,0
intenso,1,PREEMPCAO_COMPENSADA,2640.1,CRUZ_08,2,VERMELHO,0
intenso,1,PREEMPCAO_COMPENSADA,2641.9,CRUZ_04,2,VERMELHO,0
intenso,1,PREEMPCAO_COMPENSADA,2642.1,CRUZ_08,1,VERDE,0
intenso,1,PREEMPCAO_COMPENSADA,2642.3,CRUZ_05,1,VERMELHO,0
intenso,1,PREEMPCAO_COMPENSADA,2642.9,CRUZ_02,1,VERMELHO,0
intenso,1,PREEMPCAO_COMPENSADA,2643.9,CRUZ_04,1,VERDE,0
intenso,1,PREEMPCAO_COMPENSADA,2644.3,CRUZ_05,2,VERDE,0
intenso,1,PREEMPCAO_COMPENSADA,2644.9,CRUZ_02,2,VERDE,0
intenso,1,PREEMPCAO_COMPENSADA,2645.6,CRUZ_07,2,AMARELO,0
intenso,1,PREEMPCAO_COMPENSADA,2648.6,CRUZ_07,2,VERMELHO,0
intenso,1,PREEMPCAO_COMPENSADA,2650.6,CRUZ_07,1,VERDE,0
intenso,1,PREEMPCAO_COMPENSADA,2653.3,CRUZ_03,2,AMARELO,0
intenso,1,PREEMPCAO_COMPENSADA,2656.3,CRUZ_03,2,VERMELHO,0
intenso,1,PREEMPCAO_COMPENSADA,2658.3,CRUZ_03,1,VERDE,0
intenso,1,PREEMPCAO_COMPENSADA,2664.8,CRUZ_06,1,AMARELO,0
intenso,1,PREEMPCAO_COMPENSADA,2667.8,CRUZ_06,1,VERMELHO,0
intenso,1,PREEMPCAO_COMPENSADA,2669.4,CRUZ_01,2,AMARELO,0
intenso,1,PREEMPCAO_COMPENSADA,2669.8,CRUZ_06,2,VERDE,0
intenso,1,PREEMPCAO_COMPENSADA,2672.1,CRUZ_08,1,AMARELO,0
intenso,1,PREEMPCAO_COMPENSADA,2672.4,CRUZ_01,2,VERMELHO,0
intenso,1,PREEMPCAO_COMPENSADA,2673.9,CRUZ_04,1,AMARELO,0
intenso,1,PREEMPCAO_COMPENSADA,2674.4,CRUZ_01,1,VERDE,0
intenso,1,PREEMPCAO_COMPENSADA,2674.9,CRUZ_02,2,AMARELO,0
intenso,1,PREEMPCAO_COMPENSADA,2675.1,CRUZ_08,1,VERMELHO,0
intenso,1,PREEMPCAO_COMPENSADA,2676.9,CRUZ_04,1,VERMELHO,0
intenso,1,PREEMPCAO_COMPENSADA,2677.1,CRUZ_08,2,VERDE,0
intenso,1,PREEMPCAO_COMPENSADA,2677.9,CRUZ_02,2,VERMELHO,0
intenso,1,PREEMPCAO_COMPENSADA,2678.9,CRUZ_04,2,VERDE,0
intenso,1,PREEMPCAO_COMPENSADA,2679.9,CRUZ_02,1,VERDE,0
intenso,1,PREEMPCAO_COMPENSADA,2680.6,CRUZ_07,1,AMARELO,0
intenso,1,PREEMPCAO_COMPENSADA,2683.6,CRUZ_07,1,VERMELHO,0
intenso,1,PREEMPCAO_COMPENSADA,2685.6,CRUZ_07,2,VERDE,0
intenso,1,PREEMPCAO_COMPENSADA,2688.3,CRUZ_03,1,AMARELO,0
intenso,1,PREEMPCAO_COMPENSADA,2688.9,CRUZ_05,2,AMARELO,0
intenso,1,PREEMPCAO_COMPENSADA,2691.3,CRUZ_03,1,VERMELHO,0
intenso,1,PREEMPCAO_COMPENSADA,2691.9,CRUZ_05,2,VERMELHO,0
intenso,1,PREEMPCAO_COMPENSADA,2693.3,CRUZ_03,2,VERDE,0
intenso,1,PREEMPCAO_COMPENSADA,2693.9,CRUZ_05,1,VERDE,0
intenso,1,PREEMPCAO_COMPENSADA,2699.8,CRUZ_06,2,AMARELO,0
intenso,1,PREEMPCAO_COMPENSADA,2702.8,CRUZ_06,2,VERMELHO,0
intenso,1,PREEMPCAO_COMPENSADA,2704.4,CRUZ_01,1,AMARELO,0
intenso,1,PREEMPCAO_COMPENSADA,2704.8,CRUZ_06,1,VERDE,0
intenso,1,PREEMPCAO_COMPENSADA,2707.1,CRUZ_08,2,AMARELO,0
intenso,1,PREEMPCAO_COMPENSADA,2707.4,CRUZ_01,1,VERMELHO,0
intenso,1,PREEMPCAO_COMPENSADA,2708.9,CRUZ_04,2,AMARELO,0
intenso,1,PREEMPCAO_COMPENSADA,2709.4,CRUZ_01,2,VERDE,0
intenso,1,PREEMPCAO_COMPENSADA,2709.9,CRUZ_02,1,AMARELO,0
intenso,1,PREEMPCAO_COMPENSADA,2710.1,CRUZ_08,2,VERMELHO,0
intenso,1,PREEMPCAO_COMPENSADA,2711.9,CRUZ_04,2,VERMELHO,0
intenso,1,PREEMPCAO_COMPENSADA,2712.1,CRUZ_08,1,VERDE,0
intenso,1,PREEMPCAO_COMPENSADA,2712.9,CRUZ_02,1,VERMELHO,0
intenso,1,PREEMPCAO_COMPENSADA,2713.9,CRUZ_04,1,VERDE,0
intenso,1,PREEMPCAO_COMPENSADA,2714.9,CRUZ_02,2,VERDE,0
intenso,1,PREEMPCAO_COMPENSADA,2715.6,CRUZ_07,2,AMARELO,0
intenso,1,PREEMPCAO_COMPENSADA,2716.4,CRUZ_01,2,AMARELO,1
intenso,1,PREEMPCAO_COMPENSADA,2718.6,CRUZ_07,2,VERMELHO,0
intenso,1,PREEMPCAO_COMPENSADA,2719.4,CRUZ_01,2,VERMELHO,1
intenso,1,PREEMPCAO_COMPENSADA,2720.6,CRUZ_07,1,VERDE,0
intenso,1,PREEMPCAO_COMPENSADA,2721.4,CRUZ_01,1,VERDE,1
intenso,1,PREEMPCAO_COMPENSADA,2723.3,CRUZ_03,2,AMARELO,0
intenso,1,PREEMPCAO_COMPENSADA,2723.9,CRUZ_05,1,AMARELO,0
intenso,1,PREEMPCAO_COMPENSADA,2726.3,CRUZ_03,2,VERMELHO,0
intenso,1,PREEMPCAO_COMPENSADA,2726.9,CRUZ_05,1,VERMELHO,0
intenso,1,PREEMPCAO_COMPENSADA,2728.3,CRUZ_03,1,VERDE,0
intenso,1,PREEMPCAO_COMPENSADA,2728.9,CRUZ_05,2,VERDE,0
intenso,1,PREEMPCAO_COMPENSADA,2734.8,CRUZ_06,1,AMARELO,0
intenso,1,PREEMPCAO_COMPENSADA,2737.8,CRUZ_06,1,VERMELHO,0
intenso,1,PREEMPCAO_COMPENSADA,2739.8,CRUZ_06,2,VERDE,0
intenso,1,PREEMPCAO_COMPENSADA,2740.1,CRUZ_02,2,AMARELO,1
intenso,1,PREEMPCAO_COMPENSADA,2742.1,CRUZ_08,1,AMARELO,0
intenso,1,PREEMPCAO_COMPENSADA,2743.1,CRUZ_02,2,VERMELHO,1
intenso,1,PREEMPCAO_COMPENSADA,2743.9,CRUZ_04,1,AMARELO,0
intenso,1,PREEMPCAO_COMPENSADA,2745.1,CRUZ_02,1,VERDE,1
intenso,1,PREEMPCAO_COMPENSADA,2745.1,CRUZ_08,1,VERMELHO,0
intenso,1,PREEMPCAO_COMPENSADA,2746.9,CRUZ_04,1,VERMELHO,0
intenso,1,PREEMPCAO_COMPENSADA,2747.1,CRUZ_08,2,VERDE,0
intenso,1,PREEMPCAO_COMPENSADA,2748.9,CRUZ_04,2,VERDE,0
intenso,1,PREEMPCAO_COMPENSADA,2750.6,CRUZ_07,1,AMARELO,0
intenso,1,PREEMPCAO_COMPENSADA,2751.4,CRUZ_01,1,AMARELO,0
intenso,1,PREEMPCAO_COMPENSADA,2753.6,CRUZ_07,1,VERMELHO,0
intenso,1,PREEMPCAO_COMPENSADA,2754.4,CRUZ_01,1,VERMELHO,0
intenso,1,PREEMPCAO_COMPENSADA,2755.6,CRUZ_07,2,VERDE,0
intenso,1,PREEMPCAO_COMPENSADA,2756.4,CRUZ_01,2,VERDE,0
intenso,1,PREEMPCAO_COMPENSADA,2758.3,CRUZ_03,1,AMARELO,0
intenso,1,PREEMPCAO_COMPENSADA,2758.9,CRUZ_05,2,AMARELO,0
intenso,1,PREEMPCAO_COMPENSADA,2761.3,CRUZ_03,1,VERMELHO,0
intenso,1,PREEMPCAO_COMPENSADA,2761.9,CRUZ_05,2,VERMELHO,0
intenso,1,PREEMPCAO_COMPENSADA,2763.3,CRUZ_03,2,VERDE,0
intenso,1,PREEMPCAO_COMPENSADA,2763.9,CRUZ_05,1,VERDE,0
intenso,1,PREEMPCAO_COMPENSADA,2769.8,CRUZ_06,2,AMARELO,0
intenso,1,PREEMPCAO_COMPENSADA,2772.8,CRUZ_06,2,VERMELHO,0
intenso,1,PREEMPCAO_COMPENSADA,2774.8,CRUZ_06,1,VERDE,0
intenso,1,PREEMPCAO_COMPENSADA,2777.1,CRUZ_08,2,AMARELO,0
intenso,1,PREEMPCAO_COMPENSADA,2778.9,CRUZ_04,2,AMARELO,0
intenso,1,PREEMPCAO_COMPENSADA,2780.1,CRUZ_08,2,VERMELHO,0
intenso,1,PREEMPCAO_COMPENSADA,2781.0,CRUZ_02,1,AMARELO,0
intenso,1,PREEMPCAO_COMPENSADA,2781.9,CRUZ_04,2,VERMELHO,0
intenso,1,PREEMPCAO_COMPENSADA,2782.1,CRUZ_08,1,VERDE,0
intenso,1,PREEMPCAO_COMPENSADA,2783.9,CRUZ_04,1,VERDE,0
intenso,1,PREEMPCAO_COMPENSADA,2784.0,CRUZ_02,1,VERMELHO,0
intenso,1,PREEMPCAO_COMPENSADA,2785.6,CRUZ_07,2,AMARELO,0
intenso,1,PREEMPCAO_COMPENSADA,2786.0,CRUZ_02,2,VERDE,0
intenso,1,PREEMPCAO_COMPENSADA,2788.6,CRUZ_07,2,VERMELHO,0
intenso,1,PREEMPCAO_COMPENSADA,2790.6,CRUZ_07,1,VERDE,0
intenso,1,PREEMPCAO_COMPENSADA,2793.3,CRUZ_03,2,AMARELO,0
intenso,1,PREEMPCAO_COMPENSADA,2793.9,CRUZ_05,1,AMARELO,0
intenso,1,PREEMPCAO_COMPENSADA,2796.3,CRUZ_03,2,VERMELHO,0
intenso,1,PREEMPCAO_COMPENSADA,2796.4,CRUZ_01,2,AMARELO,0
intenso,1,PREEMPCAO_COMPENSADA,2796.9,CRUZ_05,1,VERMELHO,0
intenso,1,PREEMPCAO_COMPENSADA,2798.3,CRUZ_03,1,VERDE,0
intenso,1,PREEMPCAO_COMPENSADA,2798.9,CRUZ_05,2,VERDE,0
intenso,1,PREEMPCAO_COMPENSADA,2799.4,CRUZ_01,2,VERMELHO,0
intenso,1,PREEMPCAO_COMPENSADA,2801.4,CRUZ_01,1,VERDE,0
intenso,1,PREEMPCAO_COMPENSADA,2804.8,CRUZ_06,1,AMARELO,0
intenso,1,PREEMPCAO_COMPENSADA,2807.8,CRUZ_06,1,VERMELHO,0
intenso,1,PREEMPCAO_COMPENSADA,2809.8,CRUZ_06,2,VERDE,0
intenso,1,PREEMPCAO_COMPENSADA,2812.1,CRUZ_08,1,AMARELO,0
intenso,1,PREEMPCAO_COMPENSADA,2813.9,CRUZ_04,1,AMARELO,0
intenso,1,PREEMPCAO_COMPENSADA,2815.1,CRUZ_08,1,VERMELHO,0
intenso,1,PREEMPCAO_COMPENSADA,2816.9,CRUZ_04,1,VERMELHO,0
intenso,1,PREEMPCAO_COMPENSADA,2817.1,CRUZ_08,2,VERDE,0
intenso,1,PREEMPCAO_COMPENSADA,2818.9,CRUZ_04,2,VERDE,0
intenso,1,PREEMPCAO_COMPENSADA,2820.6,CRUZ_07,1,AMARELO,0
intenso,1,PREEMPCAO_COMPENSADA,2823.6,CRUZ_07,1,VERMELHO,0
intenso,1,PREEMPCAO_COMPENSADA,2825.6,CRUZ_07,2,VERDE,0
intenso,1,PREEMPCAO_COMPENSADA,2828.9,CRUZ_05,2,AMARELO,0
intenso,1,PREEMPCAO_COMPENSADA,2829.9,CRUZ_03,1,AMARELO,0
intenso,1,PREEMPCAO_COMPENSADA,2831.4,CRUZ_01,1,AMARELO,0
intenso,1,PREEMPCAO_COMPENSADA,2831.9,CRUZ_05,2,VERMELHO,0
intenso,1,PREEMPCAO_COMPENSADA,2832.9,CRUZ_03,1,VERMELHO,0
intenso,1,PREEMPCAO_COMPENSADA,2833.6,CRUZ_02,2,AMARELO,0
intenso,1,PREEMPCAO_COMPENSADA,2833.9,CRUZ_05,1,VERDE,0
intenso,1,PREEMPCAO_COMPENSADA,2834.4,CRUZ_01,1,VERMELHO,0
intenso,1,PREEMPCAO_COMPENSADA,2834.9,CRUZ_03,2,VERDE,0
intenso,1,PREEMPCAO_COMPENSADA,2836.4,CRUZ_01,2,VERDE,0
intenso,1,PREEMPCAO_COMPENSADA,2836.6,CRUZ_02,2,VERMELHO,0
intenso,1,PREEMPCAO_COMPENSADA,2838.6,CRUZ_02,1,VERDE,0
intenso,1,PREEMPCAO_COMPENSADA,2839.8,CRUZ_06,2,AMARELO,0
intenso,1,PREEMPCAO_COMPENSADA,2842.8,CRUZ_06,2,VERMELHO,0
intenso,1,PREEMPCAO_COMPENSADA,2844.8,CRUZ_06,1,VERDE,0
intenso,1,PREEMPCAO_COMPENSADA,2847.1,CRUZ_08,2,AMARELO,0
intenso,1,PREEMPCAO_COMPENSADA,2848.1,CRUZ_04,2,AMARELO,1
intenso,1,PREEMPCAO_COMPENSADA,2850.1,CRUZ_08,2,VERMELHO,0
intenso,1,PREEMPCAO_COMPENSADA,2851.1,CRUZ_04,2,VERMELHO,1
intenso,1,PREEMPCAO_COMPENSADA,2852.1,CRUZ_08,1,VERDE,0
intenso,1,PREEMPCAO_COMPENSADA,2853.1,CRUZ_04,1,VERDE,1
intenso,1,PREEMPCAO_COMPENSADA,2855.6,CRUZ_07,2,AMARELO,0
intenso,1,PREEMPCAO_COMPENSADA,2858.6,CRUZ_07,2,VERMELHO,0
intenso,1,PREEMPCAO_COMPENSADA,2860.6,CRUZ_07,1,VERDE,0
intenso,1,PREEMPCAO_COMPENSADA,2863.9,CRUZ_05,1,AMARELO,0
intenso,1,PREEMPCAO_COMPENSADA,2866.9,CRUZ_05,1,VERMELHO,0
intenso,1,PREEMPCAO_COMPENSADA,2868.6,CRUZ_02,1,AMARELO,0
intenso,1,PREEMPCAO_COMPENSADA,2868.9,CRUZ_05,2,VERDE,0
intenso,1,PREEMPCAO_COMPENSADA,2871.6,CRUZ_02,1,VERMELHO,0
intenso,1,PREEMPCAO_COMPENSADA,2873.6,CRUZ_02,2,VERDE,0
intenso,1,PREEMPCAO_COMPENSADA,2874.8,CRUZ_06,1,AMARELO,0
intenso,1,PREEMPCAO_COMPENSADA,2876.4,CRUZ_01,2,AMARELO,0
intenso,1,PREEMPCAO_COMPENSADA,2877.8,CRUZ_06,1,VERMELHO,0
intenso,1,PREEMPCAO_COMPENSADA,2878.3,CRUZ_03,2,AMARELO,0
intenso,1,PREEMPCAO_COMPENSADA,2879.4,CRUZ_01,2,VERMELHO,0
intenso,1,PREEMPCAO_COMPENSADA,2879.8,CRUZ_06,2,VERDE,0
intenso,1,PREEMPCAO_COMPENSADA,2881.3,CRUZ_03,2,VERMELHO,0
intenso,1,PREEMPCAO_COMPENSADA,2881.4,CRUZ_01,1,VERDE,0
intenso,1,PREEMPCAO_COMPENSADA,2882.1,CRUZ_08,1,AMARELO,0
intenso,1,PREEMPCAO_COMPENSADA,2883.1,CRUZ_04,1,AMARELO,0
intenso,1,PREEMPCAO_COMPENSADA,2883.3,CRUZ_03,1,VERDE,0
intenso,1,PREEMPCAO_COMPENSADA,2885.1,CRUZ_08,1,VERMELHO,0
intenso,1,PREEMPCAO_COMPENSADA,2886.1,CRUZ_04,1,VERMELHO,0
intenso,1,PREEMPCAO_COMPENSADA,2887.1,CRUZ_08,2,VERDE,0
intenso,1,PREEMPCAO_COMPENSADA,2888.1,CRUZ_04,2,VERDE,0
intenso,1,PREEMPCAO_COMPENSADA,2890.6,CRUZ_07,1,AMARELO,0
intenso,1,PREEMPCAO_COMPENSADA,2893.6,CRUZ_07,1,VERMELHO,0
intenso,1,PREEMPCAO_COMPENSADA,2895.6,CRUZ_07,2,VERDE,0
intenso,1,PREEMPCAO_COMPENSADA,2898.9,CRUZ_05,2,AMARELO,0
intenso,1,PREEMPCAO_COMPENSADA,2901.9,CRUZ_05,2,VERMELHO,0
intenso,1,PREEMPCAO_COMPENSADA,2903.9,CRUZ_05,1,VERDE,0
intenso,1,PREEMPCAO_COMPENSADA,2909.8,CRUZ_06,2,AMARELO,0
intenso,1,PREEMPCAO_COMPENSADA,2911.4,CRUZ_01,1,AMARELO,0
intenso,1,PREEMPCAO_COMPENSADA,2912.8,CRUZ_06,2,VERMELHO,0
intenso,1,PREEMPCAO_COMPENSADA,2913.3,CRUZ_03,1,AMARELO,0
intenso,1,PREEMPCAO_COMPENSADA,2914.4,CRUZ_01,1,VERMELHO,0
intenso,1,PREEMPCAO_COMPENSADA,2914.8,CRUZ_06,1,VERDE,0
intenso,1,PREEMPCAO_COMPENSADA,2916.3,CRUZ_03,1,VERMELHO,0
intenso,1,PREEMPCAO_COMPENSADA,2916.4,CRUZ_01,2,VERDE,0
intenso,1,PREEMPCAO_COMPENSADA,2917.9,CRUZ_08,2,AMARELO,0
intenso,1,PREEMPCAO_COMPENSADA,2918.3,CRUZ_03,2,VERDE,0
intenso,1,PREEMPCAO_COMPENSADA,2920.9,CRUZ_08,2,VERMELHO,0
intenso,1,PREEMPCAO_COMPENSADA,2921.2,CRUZ_02,2,AMARELO,0
intenso,1,PREEMPCAO_COMPENSADA,2921.4,CRUZ_07,2,AMARELO,1
intenso,1,PREEMPCAO_COMPENSADA,2922.9,CRUZ_08,1,VERDE,0
intenso,1,PREEMPCAO_COMPENSADA,2924.2,CRUZ_02,2,VERMELHO,0
intenso,1,PREEMPCAO_COMPENSADA,2924.4,CRUZ_07,2,VERMELHO,1
intenso,1,PREEMPCAO_COMPENSADA,2926.2,CRUZ_02,1,VERDE,0
intenso,1,PREEMPCAO_COMPENSADA,2926.4,CRUZ_07,1,VERDE,1
intenso,1,PREEMPCAO_COMPENSADA,2933.1,CRUZ_04,2,AMARELO,0
intenso,1,PREEMPCAO_COMPENSADA,2933.9,CRUZ_05,1,AMARELO,0
intenso,1,PREEMPCAO_COMPENSADA,2936.1,CRUZ_04,2,VERMELHO,0
intenso,1,PREEMPCAO_COMPENSADA,2936.9,CRUZ_05,1,VERMELHO,0
intenso,1,PREEMPCAO_COMPENSADA,2938.1,CRUZ_04,1,VERDE,0
intenso,1,PREEMPCAO_COMPENSADA,2938.9,CRUZ_05,2,VERDE,0
intenso,1,PREEMPCAO_COMPENSADA,2944.8,CRUZ_06,1,AMARELO,0
intenso,1,PREEMPCAO_COMPENSADA,2947.8,CRUZ_06,1,VERMELHO,0
intenso,1,PREEMPCAO_COMPENSADA,2949.8,CRUZ_06,2,VERDE,0
intenso,1,PREEMPCAO_COMPENSADA,2956.2,CRUZ_02,1,AMARELO,0
intenso,1,PREEMPCAO_COMPENSADA,2956.4,CRUZ_01,2,AMARELO,0
intenso,1,PREEMPCAO_COMPENSADA,2956.4,CRUZ_07,1,AMARELO,0
intenso,1,PREEMPCAO_COMPENSADA,2957.8,CRUZ_08,1,AMARELO,0
intenso,1,PREEMPCAO_COMPENSADA,2959.2,CRUZ_02,1,VERMELHO,0
intenso,1,PREEMPCAO_COMPENSADA,2959.4,CRUZ_01,2,VERMELHO,0
intenso,1,PREEMPCAO_COMPENSADA,2959.4,CRUZ_07,1,VERMELHO,0
intenso,1,PREEMPCAO_COMPENSADA,2960.8,CRUZ_08,1,VERMELHO,0
intenso,1,PREEMPCAO_COMPENSADA,2961.2,CRUZ_02,2,VERDE,0
intenso,1,PREEMPCAO_COMPENSADA,2961.4,CRUZ_01,1,VERDE,0
intenso,1,PREEMPCAO_COMPENSADA,2961.4,CRUZ_07,2,VERDE,0
intenso,1,PREEMPCAO_COMPENSADA,2961.7,CRUZ_03,2,AMARELO,0
intenso,1,PREEMPCAO_COMPENSADA,2962.2,CRUZ_06,2,AMARELO,1
intenso,1,PREEMPCAO_COMPENSADA,2962.8,CRUZ_08,2,VERDE,0
intenso,1,PREEMPCAO_COMPENSADA,2964.7,CRUZ_03,2,VERMELHO,0
intenso,1,PREEMPCAO_COMPENSADA,2965.2,CRUZ_06,2,VERMELHO,1
intenso,1,PREEMPCAO_COMPENSADA,2966.7,CRUZ_03,1,VERDE,0
intenso,1,PREEMPCAO_COMPENSADA,2967.2,CRUZ_06,1,VERDE,1
intenso,1,PREEMPCAO_COMPENSADA,2968.1,CRUZ_04,1,AMARELO,0
intenso,1,PREEMPCAO_COMPENSADA,2968.9,CRUZ_05,2,AMARELO,0
intenso,1,PREEMPCAO_COMPENSADA,2971.1,CRUZ_04,1,VERMELHO,0
intenso,1,PREEMPCAO_COMPENSADA,2971.9,CRUZ_05,2,VERMELHO,0
intenso,1,PREEMPCAO_COMPENSADA,2973.1,CRUZ_04,2,VERDE,0
intenso,1,PREEMPCAO_COMPENSADA,2973.9,CRUZ_05,1,VERDE,0
intenso,1,PREEMPCAO_COMPENSADA,2991.4,CRUZ_01,1,AMARELO,0
intenso,1,PREEMPCAO_COMPENSADA,2992.8,CRUZ_08,2,AMARELO,0
intenso,1,PREEMPCAO_COMPENSADA,2994.4,CRUZ_01,1,VERMELHO,0
intenso,1,PREEMPCAO_COMPENSADA,2995.8,CRUZ_08,2,VERMELHO,0
intenso,1,PREEMPCAO_COMPENSADA,2996.4,CRUZ_01,2,VERDE,0
intenso,1,PREEMPCAO_COMPENSADA,2996.7,CRUZ_03,1,AMARELO,0
intenso,1,PREEMPCAO_COMPENSADA,2997.2,CRUZ_06,1,AMARELO,0
intenso,1,PREEMPCAO_COMPENSADA,2997.8,CRUZ_08,1,VERDE,0
intenso,1,PREEMPCAO_COMPENSADA,2999.7,CRUZ_03,1,VERMELHO,0
intenso,1,PREEMPCAO_COMPENSADA,3000.2,CRUZ_06,1,VERMELHO,0
intenso,1,PREEMPCAO_COMPENSADA,3000.6,CRUZ_07,2,AMARELO,0
intenso,1,PREEMPCAO_COMPENSADA,3001.7,CRUZ_03,2,VERDE,0
intenso,1,PREEMPCAO_COMPENSADA,3002.2,CRUZ_06,2,VERDE,0
intenso,1,PREEMPCAO_COMPENSADA,3003.6,CRUZ_07,2,VERMELHO,0
intenso,1,PREEMPCAO_COMPENSADA,3003.9,CRUZ_05,1,AMARELO,0
intenso,1,PREEMPCAO_COMPENSADA,3005.6,CRUZ_07,1,VERDE,0
intenso,1,PREEMPCAO_COMPENSADA,3006.9,CRUZ_05,1,VERMELHO,0
intenso,1,PREEMPCAO_COMPENSADA,3008.8,CRUZ_02,2,AMARELO,0
intenso,1,PREEMPCAO_COMPENSADA,3008.9,CRUZ_05,2,VERDE,0
intenso,1,PREEMPCAO_COMPENSADA,3011.8,CRUZ_02,2,VERMELHO,0
intenso,1,PREEMPCAO_COMPENSADA,3013.8,CRUZ_02,1,VERDE,0
intenso,1,PREEMPCAO_COMPENSADA,3015.9,CRUZ_05,2,AMARELO,1
intenso,1,PREEMPCAO_COMPENSADA,3018.1,CRUZ_04,2,AMARELO,0
intenso,1,PREEMPCAO_COMPENSADA,3018.9,CRUZ_05,2,VERMELHO,1
intenso,1,PREEMPCAO_COMPENSADA,3020.9,CRUZ_05,1,VERDE,1
intenso,1,PREEMPCAO_COMPENSADA,3021.1,CRUZ_04,2,VERMELHO,0
intenso,1,PREEMPCAO_COMPENSADA,3023.1,CRUZ_04,1,VERDE,0
intenso,1,PREEMPCAO_COMPENSADA,3026.4,CRUZ_01,2,AMARELO,0
intenso,1,PREEMPCAO_COMPENSADA,3029.4,CRUZ_01,2,VERMELHO,0
intenso,1,PREEMPCAO_COMPENSADA,3031.4,CRUZ_01,1,VERDE,0
intenso,1,PREEMPCAO_COMPENSADA,3032.7,CRUZ_08,1,AMARELO,0
intenso,1,PREEMPCAO_COMPENSADA,3035.6,CRUZ_07,1,AMARELO,0
intenso,1,PREEMPCAO_COMPENSADA,3035.7,CRUZ_08,1,VERMELHO,0
intenso,1,PREEMPCAO_COMPENSADA,3037.7,CRUZ_08,2,VERDE,0
intenso,1,PREEMPCAO_COMPENSADA,3038.6,CRUZ_07,1,VERMELHO,0
intenso,1,PREEMPCAO_COMPENSADA,3040.6,CRUZ_06,2,AMARELO,0
intenso,1,PREEMPCAO_COMPENSADA,3040.6,CRUZ_07,2,VERDE,0
intenso,1,PREEMPCAO_COMPENSADA,3043.6,CRUZ_06,2,VERMELHO,0
intenso,1,PREEMPCAO_COMPENSADA,3043.8,CRUZ_02,1,AMARELO,0
intenso,1,PREEMPCAO_COMPENSADA,3045.1,CRUZ_03,2,AMARELO,0
intenso,1,PREEMPCAO_COMPENSADA,3045.6,CRUZ_06,1,VERDE,0
intenso,1,PREEMPCAO_COMPENSADA,3046.8,CRUZ_02,1,VERMELHO,0
intenso,1,PREEMPCAO_COMPENSADA,3048.1,CRUZ_03,2,VERMELHO,0
intenso,1,PREEMPCAO_COMPENSADA,3048.8,CRUZ_02,2,VERDE,0
intenso,1,PREEMPCAO_COMPENSADA,3050.1,CRUZ_03,1,VERDE,0
intenso,1,PREEMPCAO_COMPENSADA,3050.9,CRUZ_05,1,AMARELO,0
intenso,1,PREEMPCAO_COMPENSADA,3053.1,CRUZ_04,1,AMARELO,0
intenso,1,PREEMPCAO_COMPENSADA,3053.9,CRUZ_05,1,VERMELHO,0
intenso,1,PREEMPCAO_COMPENSADA,3055.9,CRUZ_05,2,VERDE,0
intenso,1,PREEMPCAO_COMPENSADA,3056.1,CRUZ_04,1,VERMELHO,0
intenso,1,PREEMPCAO_COMPENSADA,3058.1,CRUZ_04,2,VERDE,0
intenso,1,PREEMPCAO_COMPENSADA,3061.4,CRUZ_01,1,AMARELO,0
intenso,1,PREEMPCAO_COMPENSADA,3064.4,CRUZ_01,1,VERMELHO,0
intenso,1,PREEMPCAO_COMPENSADA,3066.4,CRUZ_01,2,VERDE,0
intenso,1,PREEMPCAO_COMPENSADA,3067.7,CRUZ_08,2,AMARELO,0
intenso,1,PREEMPCAO_COMPENSADA,3070.7,CRUZ_08,2,VERMELHO,0
intenso,1,PREEMPCAO_COMPENSADA,3072.7,CRUZ_08,1,VERDE,0
intenso,1,PREEMPCAO_COMPENSADA,3075.6,CRUZ_06,1,AMARELO,0
intenso,1,PREEMPCAO_COMPENSADA,3078.6,CRUZ_06,1,VERMELHO,0
intenso,1,PREEMPCAO_COMPENSADA,3078.8,CRUZ_02,2,AMARELO,0
intenso,1,PREEMPCAO_COMPENSADA,3079.8,CRUZ_07,2,AMARELO,0
intenso,1,PREEMPCAO_COMPENSADA,3080.1,CRUZ_03,1,AMARELO,0
intenso,1,PREEMPCAO_COMPENSADA,3080.6,CRUZ_06,2,VERDE,0
intenso,1,PREEMPCAO_COMPENSADA,3081.8,CRUZ_02,2,VERMELHO,0
intenso,1,PREEMPCAO_COMPENSADA,3082.8,CRUZ_07,2,VERMELHO,0
intenso,1,PREEMPCAO_COMPENSADA,3083.1,CRUZ_03,1,VERMELHO,0
intenso,1,PREEMPCAO_COMPENSADA,3083.8,CRUZ_02,1,VERDE,0
intenso,1,PREEMPCAO_COMPENSADA,3084.8,CRUZ_07,1,VERDE,0
intenso,1,PREEMPCAO_COMPENSADA,3085.1,CRUZ_03,2,VERDE,0
intenso,1,PREEMPCAO_COMPENSADA,3096.4,CRUZ_01,2,AMARELO,0
intenso,1,PREEMPCAO_COMPENSADA,3096.6,CRUZ_05,2,AMARELO,0
intenso,1,PREEMPCAO_COMPENSADA,3099.4,CRUZ_01,2,VERMELHO,0
intenso,1,PREEMPCAO_COMPENSADA,3099.6,CRUZ_05,2,VERMELHO,0
intenso,1,PREEMPCAO_COMPENSADA,3101.4,CRUZ_01,1,VERDE,0
intenso,1,PREEMPCAO_COMPENSADA,3101.6,CRUZ_05,1,VERDE,0
intenso,1,PREEMPCAO_COMPENSADA,3103.1,CRUZ_04,2,AMARELO,0
intenso,1,PREEMPCAO_COMPENSADA,3106.1,CRUZ_04,2,VERMELHO,0
intenso,1,PREEMPCAO_COMPENSADA,3107.6,CRUZ_08,1,AMARELO,0
intenso,1,PREEMPCAO_COMPENSADA,3108.1,CRUZ_04,1,VERDE,0
intenso,1,PREEMPCAO_COMPENSADA,3110.6,CRUZ_08,1,VERMELHO,0
intenso,1,PREEMPCAO_COMPENSADA,3112.6,CRUZ_08,2,VERDE,0
intenso,1,PREEMPCAO_COMPENSADA,3113.8,CRUZ_02,1,AMARELO,0
intenso,1,PREEMPCAO_COMPENSADA,3114.8,CRUZ_07,1,AMARELO,0
intenso,1,PREEMPCAO_COMPENSADA,3115.1,CRUZ_03,2,AMARELO,0
intenso,1,PREEMPCAO_COMPENSADA,3116.8,CRUZ_02,1,VERMELHO,0
intenso,1,PREEMPCAO_COMPENSADA,3117.8,CRUZ_07,1,VERMELHO,0
intenso,1,PREEMPCAO_COMPENSADA,3118.1,CRUZ_03,2,VERMELHO,0
intenso,1,PREEMPCAO_COMPENSADA,3118.8,CRUZ_02,2,VERDE,0
intenso,1,PREEMPCAO_COMPENSADA,3119.0,CRUZ_06,2,AMARELO,0
intenso,1,PREEMPCAO_COMPENSADA,3119.8,CRUZ_07,2,VERDE,0
intenso,1,PREEMPCAO_COMPENSADA,3120.1,CRUZ_03,1,VERDE,0
intenso,1,PREEMPCAO_COMPENSADA,3122.0,CRUZ_06,2,VERMELHO,0
intenso,1,PREEMPCAO_COMPENSADA,3124.0,CRUZ_06,1,VERDE,0
intenso,1,PREEMPCAO_COMPENSADA,3131.4,CRUZ_01,1,AMARELO,0
intenso,1,PREEMPCAO_COMPENSADA,3131.6,CRUZ_05,1,AMARELO,0
intenso,1,PREEMPCAO_COMPENSADA,3134.4,CRUZ_01,1,VERMELHO,0
intenso,1,PREEMPCAO_COMPENSADA,3134.6,CRUZ_05,1,VERMELHO,0
intenso,1,PREEMPCAO_COMPENSADA,3136.4,CRUZ_01,2,VERDE,0
intenso,1,PREEMPCAO_COMPENSADA,3136.6,CRUZ_05,2,VERDE,0
intenso,1,PREEMPCAO_COMPENSADA,3138.1,CRUZ_04,1,AMARELO,0
intenso,1,PREEMPCAO_COMPENSADA,3141.1,CRUZ_04,1,VERMELHO,0
intenso,1,PREEMPCAO_COMPENSADA,3142.6,CRUZ_08,2,AMARELO,0
intenso,1,PREEMPCAO_COMPENSADA,3143.1,CRUZ_04,2,VERDE,0
intenso,1,PREEMPCAO_COMPENSADA,3145.6,CRUZ_08,2,VERMELHO,0
intenso,1,PREEMPCAO_COMPENSADA,3147.6,CRUZ_08,1,VERDE,0
intenso,1,PREEMPCAO_COMPENSADA,3148.8,CRUZ_02,2,AMARELO,0
intenso,1,PREEMPCAO_COMPENSADA,3150.1,CRUZ_03,1,AMARELO,0
intenso,1,PREEMPCAO_COMPENSADA,3151.8,CRUZ_02,2,VERMELHO,0
intenso,1,PREEMPCAO_COMPENSADA,3153.1,CRUZ_03,1,VERMELHO,0
intenso,1,PREEMPCAO_COMPENSADA,3153.8,CRUZ_02,1,VERDE,0
intenso,1,PREEMPCAO_COMPENSADA,3154.0,CRUZ_06,1,AMARELO,0
intenso,1,PREEMPCAO_COMPENSADA,3155.1,CRUZ_03,2,VERDE,0
intenso,1,PREEMPCAO_COMPENSADA,3157.0,CRUZ_06,1,VERMELHO,0
intenso,1,PREEMPCAO_COMPENSADA,3159.0,CRUZ_06,2,VERDE,0
intenso,1,PREEMPCAO_COMPENSADA,3159.0,CRUZ_07,2,AMARELO,0
intenso,1,PREEMPCAO_COMPENSADA,3162.0,CRUZ_07,2,VERMELHO,0
intenso,1,PREEMPCAO_COMPENSADA,3164.0,CRUZ_07,1,VERDE,0
intenso,1,PREEMPCAO_COMPENSADA,3166.4,CRUZ_01,2,AMARELO,0
intenso,1,PREEMPCAO_COMPENSADA,3169.4,CRUZ_01,2,VERMELHO,0
intenso,1,PREEMPCAO_COMPENSADA,3171.4,CRUZ_01,1,VERDE,0
intenso,1,PREEMPCAO_COMPENSADA,3173.1,CRUZ_04,2,AMARELO,0
intenso,1,PREEMPCAO_COMPENSADA,3176.1,CRUZ_04,2,VERMELHO,0
intenso,1,PREEMPCAO_COMPENSADA,3177.3,CRUZ_05,2,AMARELO,0
intenso,1,PREEMPCAO_COMPENSADA,3177.6,CRUZ_08,1,AMARELO,0
intenso,1,PREEMPCAO_COMPENSADA,3178.1,CRUZ_04,1,VERDE,0
intenso,1,PREEMPCAO_COMPENSADA,3180.3,CRUZ_05,2,VERMELHO,0
intenso,1,PREEMPCAO_COMPENSADA,3180.6,CRUZ_08,1,VERMELHO,0
intenso,1,PREEMPCAO_COMPENSADA,3182.3,CRUZ_05,1,VERDE,0
intenso,1,PREEMPCAO_COMPENSADA,3182.6,CRUZ_08,2,VERDE,0
intenso,1,PREEMPCAO_COMPENSADA,3183.8,CRUZ_02,1,AMARELO,0
intenso,1,PREEMPCAO_COMPENSADA,3185.1,CRUZ_03,2,AMARELO,0
intenso,1,PREEMPCAO_COMPENSADA,3186.8,CRUZ_02,1,VERMELHO,0
intenso,1,PREEMPCAO_COMPENSADA,3188.1,CRUZ_03,2,VERMELHO,0
intenso,1,PREEMPCAO_COMPENSADA,3188.8,CRUZ_02,2,VERDE,0
intenso,1,PREEMPCAO_COMPENSADA,3190.1,CRUZ_03,1,VERDE,0
intenso,1,PREEMPCAO_COMPENSADA,3194.0,CRUZ_07,1,AMARELO,0
intenso,1,PREEMPCAO_COMPENSADA,3197.0,CRUZ_07,1,VERMELHO,0
intenso,1,PREEMPCAO_COMPENSADA,3197.4,CRUZ_06,2,AMARELO,0
intenso,1,PREEMPCAO_COMPENSADA,3199.0,CRUZ_07,2,VERDE,0
intenso,1,PREEMPCAO_COMPENSADA,3200.4,CRUZ_06,2,VERMELHO,0
intenso,1,PREEMPCAO_COMPENSADA,3201.4,CRUZ_01,1,AMARELO,0
intenso,1,PREEMPCAO_COMPENSADA,3202.4,CRUZ_06,1,VERDE,0
intenso,1,PREEMPCAO_COMPENSADA,3204.4,CRUZ_01,1,VERMELHO,0
intenso,1,PREEMPCAO_COMPENSADA,3206.4,CRUZ_01,2,VERDE,0
intenso,1,PREEMPCAO_COMPENSADA,3208.1,CRUZ_04,1,AMARELO,0
intenso,1,PREEMPCAO_COMPENSADA,3211.1,CRUZ_04,1,VERMELHO,0
intenso,1,PREEMPCAO_COMPENSADA,3212.3,CRUZ_05,1,AMARELO,0
intenso,1,PREEMPCAO_COMPENSADA,3212.6,CRUZ_08,2,AMARELO,0
intenso,1,PREEMPCAO_COMPENSADA,3213.1,CRUZ_04,2,VERDE,0
intenso,1,PREEMPCAO_COMPENSADA,3215.3,CRUZ_05,1,VERMELHO,0
intenso,1,PREEMPCAO_COMPENSADA,3215.6,CRUZ_08,2,VERMELHO,0
intenso,1,PREEMPCAO_COMPENSADA,3217.3,CRUZ_05,2,VERDE,0
intenso,1,PREEMPCAO_COMPENSADA,3217.6,CRUZ_08,1,VERDE,0
intenso,1,PREEMPCAO_COMPENSADA,3218.8,CRUZ_02,2,AMARELO,0
intenso,1,PREEMPCAO_COMPENSADA,3220.1,CRUZ_03,1,AMARELO,0
intenso,1,PREEMPCAO_COMPENSADA,3221.8,CRUZ_02,2,VERMELHO,0
intenso,1,PREEMPCAO_COMPENSADA,3223.1,CRUZ_03,1,VERMELHO,0
intenso,1,PREEMPCAO_COMPENSADA,3223.8,CRUZ_02,1,VERDE,0
intenso,1,PREEMPCAO_COMPENSADA,3225.1,CRUZ_03,2,VERDE,0
intenso,1,PREEMPCAO_COMPENSADA,3229.0,CRUZ_07,2,AMARELO,0
intenso,1,PREEMPCAO_COMPENSADA,3232.0,CRUZ_07,2,VERMELHO,0
intenso,1,PREEMPCAO_COMPENSADA,3232.4,CRUZ_06,1,AMARELO,0
intenso,1,PREEMPCAO_COMPENSADA,3234.0,CRUZ_07,1,VERDE,0
intenso,1,PREEMPCAO_COMPENSADA,3235.4,CRUZ_06,1,VERMELHO,0
intenso,1,PREEMPCAO_COMPENSADA,3236.4,CRUZ_01,2,AMARELO,0
intenso,1,PREEMPCAO_COMPENSADA,3237.4,CRUZ_06,2,VERDE,0
intenso,1,PREEMPCAO_COMPENSADA,3239.4,CRUZ_01,2,VERMELHO,0
intenso,1,PREEMPCAO_COMPENSADA,3241.4,CRUZ_01,1,VERDE,0
intenso,1,PREEMPCAO_COMPENSADA,3243.1,CRUZ_04,2,AMARELO,0
intenso,1,PREEMPCAO_COMPENSADA,3246.1,CRUZ_04,2,VERMELHO,0
intenso,1,PREEMPCAO_COMPENSADA,3247.6,CRUZ_08,1,AMARELO,0
intenso,1,PREEMPCAO_COMPENSADA,3248.1,CRUZ_04,1,VERDE,0
intenso,1,PREEMPCAO_COMPENSADA,3250.6,CRUZ_08,1,VERMELHO,0
intenso,1,PREEMPCAO_COMPENSADA,3252.6,CRUZ_08,2,VERDE,0
intenso,1,PREEMPCAO_COMPENSADA,3253.8,CRUZ_02,1,AMARELO,0
intenso,1,PREEMPCAO_COMPENSADA,3255.1,CRUZ_03,2,AMARELO,0
intenso,1,PREEMPCAO_COMPENSADA,3256.8,CRUZ_02,1,VERMELHO,0
intenso,1,PREEMPCAO_COMPENSADA,3258.0,CRUZ_05,2,AMARELO,0
intenso,1,PREEMPCAO_COMPENSADA,3258.1,CRUZ_03,2,VERMELHO,0
intenso,1,PREEMPCAO_COMPENSADA,3258.8,CRUZ_02,2,VERDE,0
intenso,1,PREEMPCAO_COMPENSADA,3260.1,CRUZ_03,1,VERDE,0
intenso,1,PREEMPCAO_COMPENSADA,3261.0,CRUZ_05,2,VERMELHO,0
intenso,1,PREEMPCAO_COMPENSADA,3263.0,CRUZ_05,1,VERDE,0
intenso,1,PREEMPCAO_COMPENSADA,3264.0,CRUZ_07,1,AMARELO,0
intenso,1,PREEMPCAO_COMPENSADA,3267.0,CRUZ_07,1,VERMELHO,0
intenso,1,PREEMPCAO_COMPENSADA,3267.4,CRUZ_06,2,AMARELO,0
intenso,1,PREEMPCAO_COMPENSADA,3269.0,CRUZ_07,2,VERDE,0
intenso,1,PREEMPCAO_COMPENSADA,3270.4,CRUZ_06,2,VERMELHO,0
intenso,1,PREEMPCAO_COMPENSADA,3271.4,CRUZ_01,1,AMARELO,0
intenso,1,PREEMPCAO_COMPENSADA,3272.4,CRUZ_06,1,VERDE,0
intenso,1,PREEMPCAO_COMPENSADA,3274.4,CRUZ_01,1,VERMELHO,0
intenso,1,PREEMPCAO_COMPENSADA,3276.4,CRUZ_01,2,VERDE,0
intenso,1,PREEMPCAO_COMPENSADA,3278.1,CRUZ_04,1,AMARELO,0
intenso,1,PREEMPCAO_COMPENSADA,3281.1,CRUZ_04,1,VERMELHO,0
intenso,1,PREEMPCAO_COMPENSADA,3282.6,CRUZ_08,2,AMARELO,0
intenso,1,PREEMPCAO_COMPENSADA,3283.1,CRUZ_04,2,VERDE,0
intenso,1,PREEMPCAO_COMPENSADA,3285.6,CRUZ_08,2,VERMELHO,0
intenso,1,PREEMPCAO_COMPENSADA,3287.6,CRUZ_08,1,VERDE,0
intenso,1,PREEMPCAO_COMPENSADA,3288.8,CRUZ_02,2,AMARELO,0
intenso,1,PREEMPCAO_COMPENSADA,3290.1,CRUZ_03,1,AMARELO,0
intenso,1,PREEMPCAO_COMPENSADA,3291.8,CRUZ_02,2,VERMELHO,0
intenso,1,PREEMPCAO_COMPENSADA,3293.0,CRUZ_05,1,AMARELO,0
intenso,1,PREEMPCAO_COMPENSADA,3293.1,CRUZ_03,1,VERMELHO,0
intenso,1,PREEMPCAO_COMPENSADA,3293.8,CRUZ_02,1,VERDE,0
intenso,1,PREEMPCAO_COMPENSADA,3295.1,CRUZ_03,2,VERDE,0
intenso,1,PREEMPCAO_COMPENSADA,3296.0,CRUZ_05,1,VERMELHO,0
intenso,1,PREEMPCAO_COMPENSADA,3298.0,CRUZ_05,2,VERDE,0
intenso,1,PREEMPCAO_COMPENSADA,3299.0,CRUZ_07,2,AMARELO,0
intenso,1,PREEMPCAO_COMPENSADA,3302.0,CRUZ_07,2,VERMELHO,0
intenso,1,PREEMPCAO_COMPENSADA,3302.4,CRUZ_06,1,AMARELO,0
intenso,1,PREEMPCAO_COMPENSADA,3304.0,CRUZ_07,1,VERDE,0
intenso,1,PREEMPCAO_COMPENSADA,3305.2,CRUZ_01,2,AMARELO,1
intenso,1,PREEMPCAO_COMPENSADA,3305.4,CRUZ_06,1,VERMELHO,0
intenso,1,PREEMPCAO_COMPENSADA,3307.4,CRUZ_06,2,VERDE,0
intenso,1,PREEMPCAO_COMPENSADA,3308.2,CRUZ_01,2,VERMELHO,1
intenso,1,PREEMPCAO_COMPENSADA,3310.2,CRUZ_01,1,VERDE,1
intenso,1,PREEMPCAO_COMPENSADA,3313.1,CRUZ_04,2,AMARELO,0
intenso,1,PREEMPCAO_COMPENSADA,3316.1,CRUZ_04,2,VERMELHO,0
intenso,1,PREEMPCAO_COMPENSADA,3317.6,CRUZ_08,1,AMARELO,0
intenso,1,PREEMPCAO_COMPENSADA,3318.1,CRUZ_04,1,VERDE,0
intenso,1,PREEMPCAO_COMPENSADA,3320.6,CRUZ_08,1,VERMELHO,0
intenso,1,PREEMPCAO_COMPENSADA,3322.6,CRUZ_08,2,VERDE,0
intenso,1,PREEMPCAO_COMPENSADA,3323.8,CRUZ_02,1,AMARELO,0
intenso,1,PREEMPCAO_COMPENSADA,3325.1,CRUZ_03,2,AMARELO,0
intenso,1,PREEMPCAO_COMPENSADA,3326.8,CRUZ_02,1,VERMELHO,0
intenso,1,PREEMPCAO_COMPENSADA,3328.0,CRUZ_05,2,AMARELO,0
intenso,1,PREEMPCAO_COMPENSADA,3328.1,CRUZ_03,2,VERMELHO,0
intenso,1,PREEMPCAO_COMPENSADA,3328.8,CRUZ_02,2,VERDE,0
intenso,1,PREEMPCAO_COMPENSADA,3330.1,CRUZ_03,1,VERDE,0
intenso,1,PREEMPCAO_COMPENSADA,3331.0,CRUZ_05,2,VERMELHO,0
intenso,1,PREEMPCAO_COMPENSADA,3333.0,CRUZ_05,1,VERDE,0
intenso,1,PREEMPCAO_COMPENSADA,3334.0,CRUZ_07,1,AMARELO,0
intenso,1,PREEMPCAO_COMPENSADA,3337.0,CRUZ_07,1,VERMELHO,0
intenso,1,PREEMPCAO_COMPENSADA,3337.4,CRUZ_06,2,AMARELO,0
intenso,1,PREEMPCAO_COMPENSADA,3339.0,CRUZ_07,2,VERDE,0
intenso,1,PREEMPCAO_COMPENSADA,3340.2,CRUZ_01,1,AMARELO,0
intenso,1,PREEMPCAO_COMPENSADA,3340.4,CRUZ_06,2,VERMELHO,0
intenso,1,PREEMPCAO_COMPENSADA,3342.4,CRUZ_06,1,VERDE,0
intenso,1,PREEMPCAO_COMPENSADA,3343.2,CRUZ_01,1,VERMELHO,0
intenso,1,PREEMPCAO_COMPENSADA,3345.2,CRUZ_01,2,VERDE,0
intenso,1,PREEMPCAO_COMPENSADA,3348.1,CRUZ_04,1,AMARELO,0
intenso,1,PREEMPCAO_COMPENSADA,3351.1,CRUZ_04,1,VERMELHO,0
intenso,1,PREEMPCAO_COMPENSADA,3352.6,CRUZ_08,2,AMARELO,0
intenso,1,PREEMPCAO_COMPENSADA,3353.1,CRUZ_04,2,VERDE,0
intenso,1,PREEMPCAO_COMPENSADA,3353.2,CRUZ_02,2,AMARELO,1
intenso,1,PREEMPCAO_COMPENSADA,3355.6,CRUZ_08,2,VERMELHO,0
intenso,1,PREEMPCAO_COMPENSADA,3356.2,CRUZ_02,2,VERMELHO,1
intenso,1,PREEMPCAO_COMPENSADA,3357.6,CRUZ_08,1,VERDE,0
intenso,1,PREEMPCAO_COMPENSADA,3358.2,CRUZ_02,1,VERDE,1
intenso,1,PREEMPCAO_COMPENSADA,3360.1,CRUZ_03,1,AMARELO,0
intenso,1,PREEMPCAO_COMPENSADA,3363.0,CRUZ_05,1,AMARELO,0
intenso,1,PREEMPCAO_COMPENSADA,3363.1,CRUZ_03,1,VERMELHO,0
intenso,1,PREEMPCAO_COMPENSADA,3365.1,CRUZ_03,2,VERDE,0
intenso,1,PREEMPCAO_COMPENSADA,3366.0,CRUZ_05,1,VERMELHO,0
intenso,1,PREEMPCAO_COMPENSADA,3368.0,CRUZ_05,2,VERDE,0
intenso,1,PREEMPCAO_COMPENSADA,3369.0,CRUZ_07,2,AMARELO,0
intenso,1,PREEMPCAO_COMPENSADA,3372.0,CRUZ_07,2,VERMELHO,0
intenso,1,PREEMPCAO_COMPENSADA,3372.4,CRUZ_06,1,AMARELO,0
intenso,1,PREEMPCAO_COMPENSADA,3374.0,CRUZ_07,1,VERDE,0
intenso,1,PREEMPCAO_COMPENSADA,3375.4,CRUZ_06,1,VERMELHO,0
intenso,1,PREEMPCAO_COMPENSADA,3377.4,CRUZ_06,2,VERDE,0
intenso,1,PREEMPCAO_COMPENSADA,3383.1,CRUZ_04,2,AMARELO,0
intenso,1,PREEMPCAO_COMPENSADA,3385.5,CRUZ_01,2,AMARELO,0
intenso,1,PREEMPCAO_COMPENSADA,3386.1,CRUZ_04,2,VERMELHO,0
intenso,1,PREEMPCAO_COMPENSADA,3387.6,CRUZ_08,1,AMARELO,0
intenso,1,PREEMPCAO_COMPENSADA,3388.1,CRUZ_04,1,VERDE,0
intenso,1,PREEMPCAO_COMPENSADA,3388.2,CRUZ_02,1,AMARELO,0
intenso,1,PREEMPCAO_COMPENSADA,3388.5,CRUZ_01,2,VERMELHO,0
intenso,1,PREEMPCAO_COMPENSADA,3390.5,CRUZ_01,1,VERDE,0
intenso,1,PREEMPCAO_COMPENSADA,3390.6,CRUZ_08,1,VERMELHO,0
intenso,1,PREEMPCAO_COMPENSADA,3391.2,CRUZ_02,1,VERMELHO,0
intenso,1,PREEMPCAO_COMPENSADA,3392.6,CRUZ_08,2,VERDE,0
intenso,1,PREEMPCAO_COMPENSADA,3393.2,CRUZ_02,2,VERDE,0
intenso,1,PREEMPCAO_COMPENSADA,3395.1,CRUZ_03,2,AMARELO,0
intenso,1,PREEMPCAO_COMPENSADA,3398.0,CRUZ_05,2,AMARELO,0
intenso,1,PREEMPCAO_COMPENSADA,3398.1,CRUZ_03,2,VERMELHO,0
intenso,1,PREEMPCAO_COMPENSADA,3400.1,CRUZ_03,1,VERDE,0
intenso,1,PREEMPCAO_COMPENSADA,3401.0,CRUZ_05,2,VERMELHO,0
intenso,1,PREEMPCAO_COMPENSADA,3403.0,CRUZ_05,1,VERDE,0
intenso,1,PREEMPCAO_COMPENSADA,3404.0,CRUZ_07,1,AMARELO,0
intenso,1,PREEMPCAO_COMPENSADA,3407.0,CRUZ_07,1,VERMELHO,0
intenso,1,PREEMPCAO_COMPENSADA,3407.4,CRUZ_06,2,AMARELO,0
intenso,1,PREEMPCAO_COMPENSADA,3409.0,CRUZ_07,2,VERDE,0
intenso,1,PREEMPCAO_COMPENSADA,3410.4,CRUZ_06,2,VERMELHO,0
intenso,1,PREEMPCAO_COMPENSADA,3412.4,CRUZ_06,1,VERDE,0
intenso,1,PREEMPCAO_COMPENSADA,3418.1,CRUZ_04,1,AMARELO,0
intenso,1,PREEMPCAO_COMPENSADA,3420.5,CRUZ_01,1,AMARELO,0
intenso,1,PREEMPCAO_COMPENSADA,3421.1,CRUZ_04,1,VERMELHO,0
intenso,1,PREEMPCAO_COMPENSADA,3422.6,CRUZ_08,2,AMARELO,0
intenso,1,PREEMPCAO_COMPENSADA,3423.1,CRUZ_04,2,VERDE,0
intenso,1,PREEMPCAO_COMPENSADA,3423.5,CRUZ_01,1,VERMELHO,0
intenso,1,PREEMPCAO_COMPENSADA,3425.5,CRUZ_01,2,VERDE,0
intenso,1,PREEMPCAO_COMPENSADA,3425.6,CRUZ_08,2,VERMELHO,0
intenso,1,PREEMPCAO_COMPENSADA,3427.6,CRUZ_08,1,VERDE,0
intenso,1,PREEMPCAO_COMPENSADA,3430.1,CRUZ_03,1,AMARELO,0
intenso,1,PREEMPCAO_COMPENSADA,3433.0,CRUZ_05,1,AMARELO,0
intenso,1,PREEMPCAO_COMPENSADA,3433.1,CRUZ_03,1,VERMELHO,0
intenso,1,PREEMPCAO_COMPENSADA,3433.4,CRUZ_02,2,AMARELO,0
intenso,1,PREEMPCAO_COMPENSADA,3435.1,CRUZ_03,2,VERDE,0
intenso,1,PREEMPCAO_COMPENSADA,3436.0,CRUZ_05,1,VERMELHO,0
intenso,1,PREEMPCAO_COMPENSADA,3436.4,CRUZ_02,2,VERMELHO,0
intenso,1,PREEMPCAO_COMPENSADA,3438.0,CRUZ_05,2,VERDE,0
intenso,1,PREEMPCAO_COMPENSADA,3438.4,CRUZ_02,1,VERDE,0
intenso,1,PREEMPCAO_COMPENSADA,3439.0,CRUZ_07,2,AMARELO,0
intenso,1,PREEMPCAO_COMPENSADA,3442.0,CRUZ_07,2,VERMELHO,0
intenso,1,PREEMPCAO_COMPENSADA,3442.4,CRUZ_06,1,AMARELO,0
intenso,1,PREEMPCAO_COMPENSADA,3443.2,CRUZ_04,2,AMARELO,1
intenso,1,PREEMPCAO_COMPENSADA,3444.0,CRUZ_07,1,VERDE,0
intenso,1,PREEMPCAO_COMPENSADA,3445.4,CRUZ_06,1,VERMELHO,0
intenso,1,PREEMPCAO_COMPENSADA,3446.2,CRUZ_04,2,VERMELHO,1
intenso,1,PREEMPCAO_COMPENSADA,3447.4,CRUZ_06,2,VERDE,0
intenso,1,PREEMPCAO_COMPENSADA,3448.2,CRUZ_04,1,VERDE,1
intenso,1,PREEMPCAO_COMPENSADA,3457.6,CRUZ_08,1,AMARELO,0
intenso,1,PREEMPCAO_COMPENSADA,3460.6,CRUZ_08,1,VERMELHO,0
intenso,1,PREEMPCAO_COMPENSADA,3462.6,CRUZ_08,2,VERDE,0
intenso,1,PREEMPCAO_COMPENSADA,3465.8,CRUZ_01,2,AMARELO,0
intenso,1,PREEMPCAO_COMPENSADA,3468.0,CRUZ_05,2,AMARELO,0
intenso,1,PREEMPCAO_COMPENSADA,3468.4,CRUZ_02,1,AMARELO,0
intenso,1,PREEMPCAO_COMPENSADA,3468.8,CRUZ_01,2,VERMELHO,0
intenso,1,PREEMPCAO_COMPENSADA,3469.6,CRUZ_03,2,AMARELO,0
intenso,1,PREEMPCAO_COMPENSADA,3470.8,CRUZ_01,1,VERDE,0
intenso,1,PREEMPCAO_COMPENSADA,3471.0,CRUZ_05,2,VERMELHO,0
intenso,1,PREEMPCAO_COMPENSADA,3471.4,CRUZ_02,1,VERMELHO,0
intenso,1,PREEMPCAO_COMPENSADA,3472.6,CRUZ_03,2,VERMELHO,0
intenso,1,PREEMPCAO_COMPENSADA,3473.0,CRUZ_05,1,VERDE,0
intenso,1,PREEMPCAO_COMPENSADA,3473.4,CRUZ_02,2,VERDE,0
intenso,1,PREEMPCAO_COMPENSADA,3474.0,CRUZ_07,1,AMARELO,0
intenso,1,PREEMPCAO_COMPENSADA,3474.6,CRUZ_03,1,VERDE,0
intenso,1,PREEMPCAO_COMPENSADA,3477.0,CRUZ_07,1,VERMELHO,0
intenso,1,PREEMPCAO_COMPENSADA,3477.4,CRUZ_06,2,AMARELO,0
intenso,1,PREEMPCAO_COMPENSADA,3478.2,CRUZ_04,1,AMARELO,0
intenso,1,PREEMPCAO_COMPENSADA,3479.0,CRUZ_07,2,VERDE,0
intenso,1,PREEMPCAO_COMPENSADA,3480.4,CRUZ_06,2,VERMELHO,0
intenso,1,PREEMPCAO_COMPENSADA,3481.2,CRUZ_04,1,VERMELHO,0
intenso,1,PREEMPCAO_COMPENSADA,3482.4,CRUZ_06,1,VERDE,0
intenso,1,PREEMPCAO_COMPENSADA,3483.2,CRUZ_04,2,VERDE,0
intenso,1,PREEMPCAO_COMPENSADA,3500.8,CRUZ_01,1,AMARELO,0
intenso,1,PREEMPCAO_COMPENSADA,3503.0,CRUZ_05,1,AMARELO,0
intenso,1,PREEMPCAO_COMPENSADA,3503.8,CRUZ_01,1,VERMELHO,0
intenso,1,PREEMPCAO_COMPENSADA,3503.8,CRUZ_08,2,AMARELO,0
intenso,1,PREEMPCAO_COMPENSADA,3504.6,CRUZ_03,1,AMARELO,0
intenso,1,PREEMPCAO_COMPENSADA,3505.8,CRUZ_01,2,VERDE,0
intenso,1,PREEMPCAO_COMPENSADA,3506.0,CRUZ_05,1,VERMELHO,0
intenso,1,PREEMPCAO_COMPENSADA,3506.8,CRUZ_08,2,VERMELHO,0
intenso,1,PREEMPCAO_COMPENSADA,3507.6,CRUZ_03,1,VERMELHO,0
intenso,1,PREEMPCAO_COMPENSADA,3508.0,CRUZ_05,2,VERDE,0
intenso,1,PREEMPCAO_COMPENSADA,3508.8,CRUZ_08,1,VERDE,0
intenso,1,PREEMPCAO_COMPENSADA,3509.0,CRUZ_07,2,AMARELO,0
intenso,1,PREEMPCAO_COMPENSADA,3509.6,CRUZ_03,2,VERDE,0
intenso,1,PREEMPCAO_COMPENSADA,3512.0,CRUZ_07,2,VERMELHO,0
intenso,1,PREEMPCAO_COMPENSADA,3512.4,CRUZ_06,1,AMARELO,0
intenso,1,PREEMPCAO_COMPENSADA,3513.7,CRUZ_02,2,AMARELO,0
intenso,1,PREEMPCAO_COMPENSADA,3514.0,CRUZ_07,1,VERDE,0
intenso,1,PREEMPCAO_COMPENSADA,3515.4,CRUZ_06,1,VERMELHO,0
intenso,1,PREEMPCAO_COMPENSADA,3516.7,CRUZ_02,2,VERMELHO,0
intenso,1,PREEMPCAO_COMPENSADA,3517.4,CRUZ_06,2,VERDE,0
intenso,1,PREEMPCAO_COMPENSADA,3518.7,CRUZ_02,1,VERDE,0
intenso,1,PREEMPCAO_COMPENSADA,3523.7,CRUZ_04,2,AMARELO,0
intenso,1,PREEMPCAO_COMPENSADA,3526.7,CRUZ_04,2,VERMELHO,0
intenso,1,PREEMPCAO_COMPENSADA,3528.7,CRUZ_04,1,VERDE,0
intenso,1,PREEMPCAO_COMPENSADA,3538.0,CRUZ_05,2,AMARELO,0
intenso,1,PREEMPCAO_COMPENSADA,3541.0,CRUZ_05,2,VERMELHO,0
intenso,1,PREEMPCAO_COMPENSADA,3543.0,CRUZ_05,1,VERDE,0
intenso,1,PREEMPCAO_COMPENSADA,3544.0,CRUZ_07,1,AMARELO,0
intenso,1,PREEMPCAO_COMPENSADA,3544.1,CRUZ_03,2,AMARELO,0
intenso,1,PREEMPCAO_COMPENSADA,3544.2,CRUZ_08,1,AMARELO,0
intenso,1,PREEMPCAO_COMPENSADA,3546.1,CRUZ_01,2,AMARELO,0
intenso,1,PREEMPCAO_COMPENSADA,3547.0,CRUZ_07,1,VERMELHO,0
intenso,1,PREEMPCAO_COMPENSADA,3547.1,CRUZ_03,2,VERMELHO,0
intenso,1,PREEMPCAO_COMPENSADA,3547.2,CRUZ_08,1,VERMELHO,0
intenso,1,PREEMPCAO_COMPENSADA,3547.4,CRUZ_06,2,AMARELO,0
intenso,1,PREEMPCAO_COMPENSADA,3548.7,CRUZ_02,1,AMARELO,0
intenso,1,PREEMPCAO_COMPENSADA,3549.0,CRUZ_07,2,VERDE,0
intenso,1,PREEMPCAO_COMPENSADA,3549.1,CRUZ_01,2,VERMELHO,0
intenso,1,PREEMPCAO_COMPENSADA,3549.1,CRUZ_03,1,VERDE,0
intenso,1,PREEMPCAO_COMPENSADA,3549.2,CRUZ_08,2,VERDE,0
intenso,1,PREEMPCAO_COMPENSADA,3550.4,CRUZ_06,2,VERMELHO,0
intenso,1,PREEMPCAO_COMPENSADA,3551.1,CRUZ_01,1,VERDE,0
intenso,1,PREEMPCAO_COMPENSADA,3551.7,CRUZ_02,1,VERMELHO,0
intenso,1,PREEMPCAO_COMPENSADA,3552.4,CRUZ_06,1,VERDE,0
intenso,1,PREEMPCAO_COMPENSADA,3553.7,CRUZ_02,2,VERDE,0
intenso,1,PREEMPCAO_COMPENSADA,3558.7,CRUZ_04,1,AMARELO,0
intenso,1,PREEMPCAO_COMPENSADA,3561.7,CRUZ_04,1,VERMELHO,0
intenso,1,PREEMPCAO_COMPENSADA,3563.7,CRUZ_04,2,VERDE,0
intenso,1,PREEMPCAO_COMPENSADA,3573.0,CRUZ_05,1,AMARELO,0
intenso,1,PREEMPCAO_COMPENSADA,3576.0,CRUZ_05,1,VERMELHO,0
intenso,1,PREEMPCAO_COMPENSADA,3578.0,CRUZ_05,2,VERDE,0
intenso,1,PREEMPCAO_COMPENSADA,3579.1,CRUZ_03,1,AMARELO,0
intenso,1,PREEMPCAO_COMPENSADA,3579.2,CRUZ_08,2,AMARELO,0
intenso,1,PREEMPCAO_COMPENSADA,3581.1,CRUZ_01,1,AMARELO,0
intenso,1,PREEMPCAO_COMPENSADA,3582.1,CRUZ_03,1,VERMELHO,0
intenso,1,PREEMPCAO_COMPENSADA,3582.2,CRUZ_08,2,VERMELHO,0
intenso,1,PREEMPCAO_COMPENSADA,3582.4,CRUZ_06,1,AMARELO,0
intenso,1,PREEMPCAO_COMPENSADA,3584.1,CRUZ_01,1,VERMELHO,0
intenso,1,PREEMPCAO_COMPENSADA,3584.1,CRUZ_03,2,VERDE,0
intenso,1,PREEMPCAO_COMPENSADA,3584.2,CRUZ_08,1,VERDE,0
intenso,1,PREEMPCAO_COMPENSADA,3585.0,CRUZ_05,2,AMARELO,1
intenso,1,PREEMPCAO_COMPENSADA,3585.4,CRUZ_06,1,VERMELHO,0
intenso,1,PREEMPCAO_COMPENSADA,3586.1,CRUZ_01,2,VERDE,0
intenso,1,PREEMPCAO_COMPENSADA,3586.8,CRUZ_07,2,AMARELO,0
intenso,1,PREEMPCAO_COMPENSADA,3587.4,CRUZ_06,2,VERDE,0
intenso,1,PREEMPCAO_COMPENSADA,3588.0,CRUZ_05,2,VERMELHO,1
intenso,1,PREEMPCAO_COMPENSADA,3589.8,CRUZ_07,2,VERMELHO,0
intenso,1,PREEMPCAO_COMPENSADA,3590.0,CRUZ_05,1,VERDE,1
intenso,1,PREEMPCAO_COMPENSADA,3591.8,CRUZ_07,1,VERDE,0
intenso,1,PREEMPCAO_COMPENSADA,3593.9,CRUZ_02,2,AMARELO,0
intenso,1,PREEMPCAO_COMPENSADA,3596.9,CRUZ_02,2,VERMELHO,0
intenso,1,PREEMPCAO_COMPENSADA,3598.9,CRUZ_02,1,VERDE,0
